anio_acci,nro_acci,fecha,desc_dia,fecha_aprox,hora_aprox,desc_ruta,km,cant_participantes,desc_participante,calle_avenida_km,total,heridos_leves,heridos_graves,heridos_gravisimos,ilesos,fallecidos,sin_datos,posicion_XY,desc_tipo_via,desc_ruta_ori,desc_loc,desc_dpto,desc_tipo_calzada,desc_tipo_banquina,desc_unidad_regional,desc_lugar_calzada,desc_zona,desc_prioridad,desc_estado_semaforo,desc_lugar_via,desc_estado_via,desc_estado_visibilidad,desc_luminosidad,desc_estado_clima,desc_tipo_colision,desc_tipo_atropello,desc_tipo_hecho,desc_pres_calzada,desc_senializacion,desc_separacion_via,desc_restriccion,forma_geocod,calle_lista,numero_calles,calles_osm,lat,lon,index_right,gid,fna,gna,nam,in1,fdc,sag
2018,5581,2018-07-05,Jueves,0.0,19:30:00,,0.0,3,"Automóvil,Moto/Ciclomotor,Automóvil",Laprida 1527,4,2,0,0,2,0,0,"-32.956055555556,-60.636444444444",Calle,,ROSARIO,Rosario,Asfalto,No existe,II,Dentro,Urbana,S/D,No existe,Recta,S/D,S/D,Nocturna,S/D,Múltiple,S/D,Colisión,S/D,Faltante,Ninguna,S/D,"-32.956055555556,-60.636444444444",['Laprida 1527'],1,,-32.956055555556,-60.636444444444,55.0,538.0,Municipio Rosario,Municipio,Rosario,820210,Servicio de Catastro e Información Territorial,IGN
2018,5582,2018-07-17,Martes,0.0,13:00:00,,0.0,2,"Automóvil,Bicicleta",Sarmiento Y GÁLVEZ,2,1,0,0,1,0,0,"-32.968777777778,-60.643777777778",Calle,,ROSARIO,Rosario,Asfalto,No existe,II,Dentro,Urbana,Ninguna,No existe,Intersección,Bueno,Buena,Diurna,S/D,S/D,Ciclista,Atropello,Ninguna,Faltante,S/D,S/D,"-32.968777777778,-60.643777777778","['Sarmiento', 'Glave']",2,,-32.968777777778,-60.643777777778,55.0,538.0,Municipio Rosario,Municipio,Rosario,820210,Servicio de Catastro e Información Territorial,IGN
2018,5585,2018-07-06,Viernes,0.0,16:30:00,,0.0,2,"Taxi/Remis,Moto/Ciclomotor",Salta Y Pte.Roca,2,1,0,0,1,0,0,"-32.938194444444,-60.643361111111",Calle,,ROSARIO,Rosario,Asfalto,No existe,II,Dentro,Urbana,Paso Peatonal,No existe,Intersección,S/D,S/D,Diurna,S/D,Lateral,S/D,Colisión,S/D,Horizontal,Ninguna,Sin restricción,"-32.938194444444,-60.643361111111","['Salta', 'Roca']",2,,-32.938194444444,-60.643361111111,55.0,538.0,Municipio Rosario,Municipio,Rosario,820210,Servicio de Catastro e Información Territorial,IGN
2018,5586,2018-07-07,Sabado,0.0,19:02:00,,0.0,2,"Automóvil,Automóvil",Av. Pellegrini Y Colon,6,2,0,0,4,0,0,"-32.959444444444,-60.62825",Avenida,,ROSARIO,Rosario,Asfalto,No existe,II,Dentro,Urbana,Semáforo,Funciona,Intersección,S/D,S/D,"Nocturna,Con luz artificial",S/D,Lateral,S/D,Colisión,S/D,"Horizontal,Vertical",Cordón divisorio,Sin restricción,"-32.959444444444,-60.62825","['Pellegrini', 'Colon']",2,,-32.959444444444,-60.62825,55.0,538.0,Municipio Rosario,Municipio,Rosario,820210,Servicio de Catastro e Información Territorial,IGN
2018,5588,2018-07-14,Sabado,0.0,15:30:00,,0.0,2,"Automóvil,Moto/Ciclomotor",Av. Pellegrini Y Pte.Roca,2,1,0,0,1,0,0,"-32.956027777778,-60.647861111111",Avenida,,ROSARIO,Rosario,Asfalto,No existe,II,Dentro,Urbana,Semáforo,Funciona,Intersección,Bueno,Buena,Diurna,Buen Tiempo,S/D,S/D,Colisión,Ninguna,Vertical,Cordón divisorio,Sin restricción,"-32.956027777778,-60.647861111111","['Pellegrini', 'Roca']",2,,-32.956027777778,-60.647861111111,55.0,538.0,Municipio Rosario,Municipio,Rosario,820210,Servicio de Catastro e Información Territorial,IGN
2018,5591,2018-07-07,Sabado,0.0,19:05:00,,0.0,2,"Automóvil,Moto/Ciclomotor",Av. Belgrano Y San Juan,4,0,1,0,3,0,0,"-32.952259653833, -60.628048180270",Avenida,,ROSARIO,Rosario,Asfalto,No existe,II,Dentro,Urbana,Semáforo,Funciona,Intersección,S/D,S/D,Atardecer,S/D,Lateral,S/D,Colisión,S/D,"Horizontal,Vertical",Cordón divisorio,Sin restricción,"-32.952259653833, -60.628048180270","['Belgrano', 'San Juan']",2,,-32.952259653833,-60.62804818027,55.0,538.0,Municipio Rosario,Municipio,Rosario,820210,Servicio de Catastro e Información Territorial,IGN
2018,5592,2018-07-14,Sabado,0.0,16:10:00,,0.0,2,"Automóvil,Peatón",Bv. Oro?o Y Urquiza,2,1,0,0,1,0,0,"-32.94025,-60.652305555556",Avenida,,ROSARIO,Rosario,Asfalto,No existe,II,Dentro,Urbana,Ninguna,No existe,Intersección,Bueno,Buena,Diurna,Buen Tiempo,S/D,Peatón,Atropello,Ninguna,Faltante,Cordón divisorio,Sin restricción,"-32.94025,-60.652305555556","['Bulevar Nicasio Oroño', 'Urquiza']",2,,-32.94025,-60.652305555556,55.0,538.0,Municipio Rosario,Municipio,Rosario,820210,Servicio de Catastro e Información Territorial,IGN
2018,5594,2018-07-08,Domingo,0.0,23:05:00,,0.0,2,"Moto/Ciclomotor,Pickup/Utilitario",Colon Y Riobamba,2,1,0,0,0,0,1,"-32.96525,-60.629722222222",Calle,,ROSARIO,Rosario,Asfalto,No existe,II,Dentro,Urbana,Señal Pare,No existe,Intersección,S/D,S/D,Nocturna,S/D,Lateral,S/D,Colisión,S/D,Vertical,Ninguna,Sin restricción,"-32.96525,-60.629722222222","['Colon', 'Riobamba']",2,,-32.96525,-60.629722222222,55.0,538.0,Municipio Rosario,Municipio,Rosario,820210,Servicio de Catastro e Información Territorial,IGN
2018,5596,2018-07-14,Sabado,0.0,04:40:00,,0.0,1,Automóvil,AVENIDA INTENDENTE MORCILLO ,1,1,0,0,0,0,0,"-32.954819353085, -60.661462392524",Avenida,,ROSARIO,Rosario,Asfalto,No existe,II,Dentro,Urbana,Ninguna,No existe,Curva,Bueno,Buena,"Nocturna,Con luz artificial",Buen Tiempo,S/D,S/D,Despiste,Ninguna,Faltante,Ninguna,Sin restricción,"-32.954819353085, -60.661462392524",['Avenida Intendente Morcillo'],1,,-32.954819353085,-60.661462392524,55.0,538.0,Municipio Rosario,Municipio,Rosario,820210,Servicio de Catastro e Información Territorial,IGN
2018,5597,2018-07-09,Lunes,0.0,03:40:00,,0.0,2,"Automóvil,Automóvil",Paraguay Y Amenabar,2,1,0,0,1,0,0,"-32.971194444444,-60.650222222222",Calle,,ROSARIO,Rosario,Asfalto,No existe,II,Dentro,Urbana,Ninguna,No existe,Intersección,S/D,Buena,"Nocturna,Con luz artificial",S/D,Lateral,S/D,Colisión,Ninguna,Faltante,Ninguna,Sin restricción,"-32.971194444444,-60.650222222222","['Paraguay', 'Amenabar']",2,,-32.971194444444,-60.650222222222,55.0,538.0,Municipio Rosario,Municipio,Rosario,820210,Servicio de Catastro e Información Territorial,IGN
2018,5599,2018-07-16,Lunes,0.0,23:50:00,,0.0,2,"Moto/Ciclomotor,Automóvil",Salta Y Pte.Roca,2,1,0,0,1,0,0,"-32.938194444444,-60.643361111111",Calle,,ROSARIO,Rosario,Asfalto,No existe,II,Dentro,Urbana,Ninguna,Funciona,Intersección,Bueno,Buena,Nocturna,Buen Tiempo,Lateral,S/D,Colisión,Ninguna,"Horizontal,Vertical",Ninguna,Sin restricción,"-32.938194444444,-60.643361111111","['Salta', 'Roca']",2,,-32.938194444444,-60.643361111111,55.0,538.0,Municipio Rosario,Municipio,Rosario,820210,Servicio de Catastro e Información Territorial,IGN
2018,5600,2018-07-16,Lunes,0.0,19:30:00,,0.0,2,"Automóvil,Peatón",L.N.Alem Y Bv. 27 De Febrero,2,1,0,0,1,0,0,"-32.969277777778,-60.633611111111",Avenida,,ROSARIO,Rosario,Asfalto,No existe,II,Dentro,Urbana,Semáforo,Funciona,Intersección,Bueno,Buena,Atardecer,Buen Tiempo,S/D,Peatón,Atropello,Ninguna,Vertical,Cordón divisorio,Sin restricción,"-32.969277777778,-60.633611111111","['Alem', '27 de Febrero']",2,,-32.969277777778,-60.633611111111,55.0,538.0,Municipio Rosario,Municipio,Rosario,820210,Servicio de Catastro e Información Territorial,IGN
2018,5601,2018-07-17,Martes,0.0,04:45:00,,0.0,2,"Taxi/Remis,Moto/Ciclomotor",Sarmiento Y San Juan,3,1,0,0,2,0,0,"-32.950138888889,-60.639138888889",Calle,,ROSARIO,Rosario,Asfalto,No existe,II,Dentro,Urbana,Ninguna,No existe,Intersección,Bueno,Buena,Nocturna,Buen Tiempo,Lateral,S/D,Colisión,Ninguna,Faltante,Ninguna,Sin restricción,"-32.950138888889,-60.639138888889","['Sarmiento', 'San Juan']",2,,-32.950138888889,-60.639138888889,55.0,538.0,Municipio Rosario,Municipio,Rosario,820210,Servicio de Catastro e Información Territorial,IGN
2018,5602,2018-08-23,Jueves,0.0,15:00:00,,0.0,2,"Automóvil,Moto/Ciclomotor",Montevideo Y Rodriguez,3,1,1,0,1,0,0,"-32.952444444444,-60.661194444444",Calle,,ROSARIO,Rosario,S/D,S/D,II,S/D,Urbana,S/D,S/D,Intersección,S/D,S/D,Diurna,S/D,S/D,S/D,Colisión,S/D,S/D,S/D,S/D,"-32.952444444444,-60.661194444444","['Montevideo', 'Rodríguez']",2,,-32.952444444444,-60.661194444444,55.0,538.0,Municipio Rosario,Municipio,Rosario,820210,Servicio de Catastro e Información Territorial,IGN
2018,5603,2018-08-23,Jueves,0.0,13:30:00,,0.0,2,"Moto/Ciclomotor,Pickup/Utilitario",Mariano Moreno Y Mendoza,2,1,0,0,1,0,0,"-32.949305555556,-60.651888888889",Calle,,ROSARIO,Rosario,S/D,S/D,II,S/D,Urbana,S/D,S/D,Intersección,S/D,S/D,Diurna,S/D,S/D,S/D,Colisión,S/D,S/D,S/D,S/D,"-32.949305555556,-60.651888888889","['Mariano Moreno', 'Mendoza']",2,,-32.949305555556,-60.651888888889,55.0,538.0,Municipio Rosario,Municipio,Rosario,820210,Servicio de Catastro e Información Territorial,IGN
2018,5604,2018-08-23,Jueves,0.0,05:50:00,,0.0,2,"Automóvil,Moto/Ciclomotor",E.Zeballos Y L.N.Alem,2,1,0,0,1,0,0,"-32.956944444444,-60.630527777778",Calle,,ROSARIO,Rosario,S/D,S/D,II,S/D,Urbana,S/D,S/D,Intersección,S/D,S/D,Amanecer,S/D,S/D,S/D,Colisión,S/D,S/D,S/D,S/D,"-32.956944444444,-60.630527777778","['Zeballos', 'Alem']",2,,-32.956944444444,-60.630527777778,55.0,538.0,Municipio Rosario,Municipio,Rosario,820210,Servicio de Catastro e Información Territorial,IGN
2018,5605,2018-08-25,Sabado,0.0,03:00:00,,0.0,2,"Moto/Ciclomotor,Taxi/Remis",San Juan 1900,2,1,0,0,1,0,0,"-32.948166666667,-60.650166666667",Calle,,ROSARIO,Rosario,S/D,S/D,II,S/D,Urbana,S/D,S/D,Recta,S/D,S/D,Nocturna,S/D,S/D,S/D,Colisión,S/D,S/D,S/D,S/D,"-32.948166666667,-60.650166666667",['San Juan 1900'],1,,-32.948166666667,-60.650166666667,55.0,538.0,Municipio Rosario,Municipio,Rosario,820210,Servicio de Catastro e Información Territorial,IGN
2018,5606,2018-08-22,Miercoles,0.0,17:30:00,,0.0,2,"Moto/Ciclomotor,Automóvil",J.M.de Rosas Y Viamonte,2,1,0,0,0,0,1,"-32.966527777778,-60.636027777778",Calle,,ROSARIO,Rosario,S/D,S/D,II,S/D,Urbana,S/D,No existe,Intersección,Bueno,S/D,Diurna,S/D,S/D,S/D,Colisión,S/D,Faltante,S/D,S/D,"-32.966527777778,-60.636027777778","['De Rosas', 'Viamonte']",2,,-32.966527777778,-60.636027777778,55.0,538.0,Municipio Rosario,Municipio,Rosario,820210,Servicio de Catastro e Información Territorial,IGN
2018,5608,2018-08-22,Miercoles,0.0,10:50:00,,0.0,2,"Peatón,Automóvil",Laprida Y Rioja,2,0,1,0,1,0,0,"-32.948527777778,-60.63425",Calle,,ROSARIO,Rosario,S/D,S/D,II,S/D,Urbana,S/D,S/D,Intersección,S/D,S/D,Diurna,S/D,S/D,Peatón,Atropello,S/D,S/D,S/D,S/D,"-32.948527777778,-60.63425","['Laprida', 'Rioja']",2,,-32.948527777778,-60.63425,55.0,538.0,Municipio Rosario,Municipio,Rosario,820210,Servicio de Catastro e Información Territorial,IGN
2018,5609,2018-08-17,Viernes,0.0,17:15:00,,0.0,2,"Automóvil,Moto/Ciclomotor",Av. Pte.Peron Y Cullen,3,0,1,0,2,0,0,"-32.966361111111,-60.708083333333",Avenida,,ROSARIO,Rosario,Asfalto,Pavimento,II,Dentro,Urbana,Ninguna,No existe,Recta,Bueno,Buena,Diurna,Buen Tiempo,Frontal,S/D,Colisión,Ninguna,Faltante,Cordón divisorio,Sin restricción,"-32.966361111111,-60.708083333333","['Avenida Presidente Perón', 'Cullen']",2,,-32.966361111111,-60.708083333333,55.0,538.0,Municipio Rosario,Municipio,Rosario,820210,Servicio de Catastro e Información Territorial,IGN
2018,5610,2018-08-16,Jueves,0.0,10:15:00,,0.0,2,"Moto/Ciclomotor,Pickup/Utilitario",Av. Wheelwright Y Cortazar,2,0,1,0,1,0,0,"-32.937389355726, -60.640315258641",Calle,,ROSARIO,Rosario,S/D,S/D,II,S/D,Urbana,S/D,S/D,Intersección,S/D,S/D,Diurna,S/D,S/D,S/D,Colisión,S/D,S/D,S/D,S/D,"-32.937389355726, -60.640315258641","['Avenida Guillermo Wheelwright', 'Julio Cortazar']",2,,-32.937389355726,-60.640315258641,55.0,538.0,Municipio Rosario,Municipio,Rosario,820210,Servicio de Catastro e Información Territorial,IGN
2018,5611,2018-08-10,Viernes,0.0,16:40:00,,0.0,2,"Moto/Ciclomotor,Pickup/Utilitario",Mendoza Y Buenos Aires,2,1,0,0,1,0,0,"-32.952472222222,-60.634",Calle,,ROSARIO,Rosario,S/D,S/D,II,S/D,Urbana,S/D,S/D,Intersección,S/D,S/D,Diurna,S/D,S/D,S/D,S/D,S/D,S/D,S/D,S/D,"-32.952472222222,-60.634","['Mendoza', 'Buenos Aires']",2,,-32.952472222222,-60.634,55.0,538.0,Municipio Rosario,Municipio,Rosario,820210,Servicio de Catastro e Información Territorial,IGN
2018,5612,2018-08-20,Lunes,0.0,21:00:00,,0.0,2,"Moto/Ciclomotor,Automóvil",Salta Y Santiago,2,1,0,0,0,0,1,"-32.936222222222,-60.654277777778",Calle,,ROSARIO,Rosario,S/D,S/D,II,S/D,Urbana,Semáforo,Funciona,Intersección,S/D,S/D,Nocturna,S/D,S/D,S/D,Colisión,S/D,S/D,S/D,S/D,"-32.936222222222,-60.654277777778","['Salta', 'Santiago']",2,,-32.936222222222,-60.654277777778,55.0,538.0,Municipio Rosario,Municipio,Rosario,820210,Servicio de Catastro e Información Territorial,IGN
2018,5613,2018-08-25,Sabado,0.0,02:20:00,,0.0,2,"Taxi/Remis,Automóvil",Santa Fe Y Mariano Moreno,4,2,0,0,2,0,0,"-32.942833333333,-60.65025",Calle,,ROSARIO,Rosario,S/D,S/D,II,S/D,Urbana,S/D,Funciona,Intersección,S/D,S/D,"Nocturna,Con luz artificial",S/D,S/D,S/D,Colisión,S/D,S/D,S/D,S/D,"-32.942833333333,-60.65025","['Santa Fe', 'Mariano Moreno']",2,,-32.942833333333,-60.65025,55.0,538.0,Municipio Rosario,Municipio,Rosario,820210,Servicio de Catastro e Información Territorial,IGN
2018,5614,2018-08-17,Viernes,0.0,08:35:00,,0.0,2,"Automóvil,Moto/Ciclomotor",Roullon 3000,2,1,0,0,1,0,0,"-32.963666666667,-60.701333333333",Avenida,,ROSARIO,Rosario,Asfalto,Pavimento,II,Dentro,Urbana,Ninguna,No existe,Recta,Bueno,Buena,Diurna,Lluvia,Frontal,S/D,Colisión,Ninguna,Faltante,Barrera de hormigón,Sin restricción,"-32.963666666667,-60.701333333333",['Alfredo Rouillón 3000'],1,,-32.963666666667,-60.701333333333,55.0,538.0,Municipio Rosario,Municipio,Rosario,820210,Servicio de Catastro e Información Territorial,IGN
2018,5615,2018-08-10,Viernes,0.0,12:45:00,,0.0,2,"Pickup/Utilitario,Moto/Ciclomotor",Bv. Oro?o Y GÁLVEZ,2,1,0,0,1,0,0,"-32.966,-60.659083333333",Calle,,ROSARIO,Rosario,Asfalto,S/D,II,S/D,Urbana,S/D,S/D,Intersección,S/D,S/D,Diurna,S/D,S/D,S/D,Colisión,S/D,S/D,S/D,S/D,"-32.966,-60.659083333333","['Bulevar Nicasio Oroño', 'Glave']",2,,-32.966,-60.659083333333,55.0,538.0,Municipio Rosario,Municipio,Rosario,820210,Servicio de Catastro e Información Territorial,IGN
2018,5616,2018-08-20,Lunes,0.0,16:50:00,,0.0,2,"Moto/Ciclomotor,Automóvil",Barra 3751,2,1,0,0,1,0,0,"-32.972416666667,-60.705694444444",Calle,,ROSARIO,Rosario,Asfalto,S/D,II,Fuera,Urbana,S/D,S/D,Intersección,S/D,S/D,Diurna,S/D,S/D,S/D,Colisión,S/D,S/D,S/D,S/D,"-32.972416666667,-60.705694444444",['Barra 3751'],1,,-32.972416666667,-60.705694444444,55.0,538.0,Municipio Rosario,Municipio,Rosario,820210,Servicio de Catastro e Información Territorial,IGN
2018,5617,2018-08-05,Domingo,0.0,06:15:00,,0.0,2,"Pickup/Utilitario,Automóvil",Castellanos Y Santa Fe,2,1,0,0,1,0,0,"-32.938472222222,-60.674722222222",Calle,,ROSARIO,Rosario,Asfalto,No existe,II,Dentro,Urbana,Ninguna,No existe,Intersección,Bueno,Buena,Diurna,Buen Tiempo,Lateral,S/D,Colisión,Ninguna,Faltante,Ninguna,Sin restricción,"-32.938472222222,-60.674722222222","['Aaron Castellanos', 'Santa Fe']",2,,-32.938472222222,-60.674722222222,55.0,538.0,Municipio Rosario,Municipio,Rosario,820210,Servicio de Catastro e Información Territorial,IGN
2018,5618,2018-08-12,Domingo,0.0,17:45:00,,0.0,2,"Automóvil,Taxi/Remis",Riobamba Y Mitre,2,1,0,0,1,0,0,"-32.96275,-60.643722222222",S/D,,ROSARIO,Rosario,S/D,S/D,II,S/D,S/D,S/D,S/D,Intersección,S/D,S/D,Diurna,S/D,S/D,S/D,Colisión,S/D,S/D,S/D,S/D,"-32.96275,-60.643722222222","['Riobamba', 'Mitre']",2,,-32.96275,-60.643722222222,55.0,538.0,Municipio Rosario,Municipio,Rosario,820210,Servicio de Catastro e Información Territorial,IGN
2018,5619,2018-08-06,Lunes,0.0,06:30:00,,0.0,2,"Moto/Ciclomotor,Automóvil",Brown Y Suipacha,2,1,0,0,0,0,1,"-32.932444444444,-60.661833333333",Calle,,ROSARIO,Rosario,Asfalto,No existe,II,S/D,Urbana,Ninguna,No existe,Recta,Bueno,Buena,Diurna,Buen Tiempo,Lateral,S/D,Colisión,Ninguna,Faltante,Ninguna,Sin restricción,"-32.932444444444,-60.661833333333","['Brown', 'Suipacha']",2,,-32.932444444444,-60.661833333333,55.0,538.0,Municipio Rosario,Municipio,Rosario,820210,Servicio de Catastro e Información Territorial,IGN
2018,5620,2018-08-06,Lunes,0.0,15:30:00,,0.0,2,"Bicicleta,Taxi/Remis",Santa Fe Y Vera Mujica,2,1,0,0,1,0,0,"-32.939888888889,-60.666555555556",Calle,,ROSARIO,Rosario,Asfalto,No existe,II,Dentro,Urbana,Semáforo,Funciona,Intersección,Bueno,Buena,Diurna,Buen Tiempo,Lateral,Ciclista,Atropello,Ninguna,Faltante,Ninguna,Sin restricción,"-32.939888888889,-60.666555555556","['Santa Fe', 'Vera Mujíca']",2,,-32.939888888889,-60.666555555556,55.0,538.0,Municipio Rosario,Municipio,Rosario,820210,Servicio de Catastro e Información Territorial,IGN
2018,5622,2018-08-12,Domingo,0.0,22:45:00,,0.0,2,"Automóvil,Automóvil",Riobamba Y Dorrego,3,2,0,0,1,0,0,"-32.961027777778,-60.653416666667",Calle,,ROSARIO,Rosario,S/D,S/D,II,S/D,Urbana,S/D,S/D,Intersección,S/D,S/D,Nocturna,S/D,S/D,S/D,Colisión,S/D,S/D,S/D,S/D,"-32.961027777778,-60.653416666667","['Riobamba', 'Dorrego']",2,,-32.961027777778,-60.653416666667,55.0,538.0,Municipio Rosario,Municipio,Rosario,820210,Servicio de Catastro e Información Territorial,IGN
2018,5623,2018-08-08,Miercoles,0.0,,,0.0,2,"Moto/Ciclomotor,Automóvil",Rodriguez Y Catamarca,2,1,0,0,1,0,0,"-32.936916666667,-60.657277777778",Calle,,ROSARIO,Rosario,Asfalto,No existe,II,Dentro,Urbana,Ninguna,No existe,Intersección,Bueno,Buena,Diurna,Buen Tiempo,Lateral,S/D,Colisión,Ninguna,Faltante,Ninguna,Sin restricción,"-32.936916666667,-60.657277777778","['Rodríguez', 'Catamarca']",2,,-32.936916666667,-60.657277777778,55.0,538.0,Municipio Rosario,Municipio,Rosario,820210,Servicio de Catastro e Información Territorial,IGN
2018,5624,2018-08-12,Domingo,0.0,16:35:00,,0.0,2,"Automóvil,Automóvil",Urquiza Y Pte.Roca,5,1,0,0,4,0,0,"-32.941722222222,-60.64425",S/D,,ROSARIO,Rosario,S/D,S/D,II,S/D,S/D,S/D,S/D,Intersección,S/D,S/D,Diurna,S/D,S/D,S/D,Colisión,S/D,S/D,S/D,S/D,"-32.941722222222,-60.64425","['Urquiza', 'Roca']",2,,-32.941722222222,-60.64425,55.0,538.0,Municipio Rosario,Municipio,Rosario,820210,Servicio de Catastro e Información Territorial,IGN
2018,5625,2018-08-10,Viernes,0.0,16:35:00,,0.0,2,"Automóvil,Automóvil",Santiago Y Salta,2,1,0,0,1,0,0,"-32.936222222222,-60.654277777778",Calle,,ROSARIO,Rosario,Asfalto,No existe,II,Dentro,Urbana,Ninguna,No existe,Intersección,Bueno,Buena,Diurna,Buen Tiempo,Lateral,S/D,Colisión,Ninguna,Faltante,Ninguna,Sin restricción,"-32.936222222222,-60.654277777778","['Santiago', 'Salta']",2,,-32.936222222222,-60.654277777778,55.0,538.0,Municipio Rosario,Municipio,Rosario,820210,Servicio de Catastro e Información Territorial,IGN
2018,5627,2018-08-14,Martes,0.0,18:50:00,,0.0,2,"Moto/Ciclomotor,Automóvil",Iriondo Y Urquiza,2,1,0,0,1,0,0,"-32.937305555556,-60.66875",Calle,,ROSARIO,Rosario,Asfalto,No existe,II,Dentro,Urbana,Ninguna,No existe,Intersección,Bueno,Buena,Atardecer,Buen Tiempo,Lateral,S/D,Colisión,Ninguna,Faltante,Ninguna,Sin restricción,"-32.937305555556,-60.66875","['Iriondo', 'Urquiza']",2,,-32.937305555556,-60.66875,55.0,538.0,Municipio Rosario,Municipio,Rosario,820210,Servicio de Catastro e Información Territorial,IGN
2018,5628,2018-08-09,Jueves,0.0,10:35:00,,0.0,2,"Automóvil,Moto/Ciclomotor",3 De Febrero Y Lavalle,3,2,0,0,1,0,0,"-32.945666666667,-60.679388888889",Calle,,ROSARIO,Rosario,S/D,S/D,II,S/D,Urbana,S/D,S/D,Intersección,S/D,Buena,S/D,S/D,S/D,S/D,Colisión,S/D,S/D,S/D,S/D,"-32.945666666667,-60.679388888889","['3 de Febrero', 'Lavalle']",2,,-32.945666666667,-60.679388888889,55.0,538.0,Municipio Rosario,Municipio,Rosario,820210,Servicio de Catastro e Información Territorial,IGN
2018,5629,2018-08-08,Miercoles,0.0,16:40:00,,0.0,2,"Moto/Ciclomotor,Automóvil",L.N.Alem Y La Paz,2,1,0,0,1,0,0,"-32.965916666667,-60.632777777778",Calle,,ROSARIO,Rosario,S/D,S/D,II,S/D,Urbana,S/D,S/D,Intersección,Bueno,Buena,Diurna,S/D,S/D,S/D,Colisión,S/D,S/D,S/D,S/D,"-32.965916666667,-60.632777777778","['Alem', 'La Paz']",2,,-32.965916666667,-60.632777777778,55.0,538.0,Municipio Rosario,Municipio,Rosario,820210,Servicio de Catastro e Información Territorial,IGN
2018,5630,2018-08-17,Viernes,0.0,10:40:00,,0.0,2,"Moto/Ciclomotor,Automóvil",Pueyrredon Y Catamarca,3,1,0,0,2,0,0,"-32.937166666667,-60.655916666667",Calle,,ROSARIO,Rosario,Asfalto,No existe,II,Dentro,Urbana,Ninguna,No existe,Intersección,Bueno,Buena,Diurna,Buen Tiempo,De alcance,S/D,Colisión,Ninguna,Faltante,Ninguna,Sin restricción,"-32.937166666667,-60.655916666667","['Pueyrredón', 'Catamarca']",2,,-32.937166666667,-60.655916666667,55.0,538.0,Municipio Rosario,Municipio,Rosario,820210,Servicio de Catastro e Información Territorial,IGN
2018,5632,2018-07-10,Martes,0.0,00:30:00,,0.0,1,Moto/Ciclomotor,Tucuman Y Alvear,2,1,1,0,0,0,0,"-32.938833333333,-60.6535",Calle,,ROSARIO,Rosario,Asfalto,No existe,II,Dentro,Urbana,S/D,No existe,S/D,Bueno,Buena,"Nocturna,Con luz artificial",S/D,S/D,S/D,Caída ocupante,Ninguna,S/D,S/D,S/D,"-32.938833333333,-60.6535","['Tucumán', 'Alvear']",2,,-32.938833333333,-60.6535,55.0,538.0,Municipio Rosario,Municipio,Rosario,820210,Servicio de Catastro e Información Territorial,IGN
2018,5637,2018-07-10,Martes,0.0,20:40:00,,0.0,2,"Bicicleta,Automóvil",Riobamba Y San Martin,2,1,0,0,1,0,0,"-32.963277777778,-60.640833333333",Calle,,ROSARIO,Rosario,Asfalto,No existe,II,Dentro,Urbana,Ninguna,No existe,Intersección,Bueno,Buena,"Nocturna,Con luz artificial",Buen Tiempo,S/D,Ciclista,Atropello,Ninguna,Horizontal,Ninguna,Sin restricción,"-32.963277777778,-60.640833333333","['Riobamba', 'San Martin']",2,,-32.963277777778,-60.640833333333,55.0,538.0,Municipio Rosario,Municipio,Rosario,820210,Servicio de Catastro e Información Territorial,IGN
2018,5640,2018-07-11,Miercoles,0.0,18:45:00,,0.0,2,"Taxi/Remis,Automóvil",San Luis Y Mariano Moreno,2,1,0,0,1,0,0,"-32.946805555556,-60.651222222222",Calle,,ROSARIO,Rosario,Asfalto,No existe,II,Dentro,Urbana,Señal Pare,No existe,Intersección,S/D,S/D,Atardecer,S/D,Lateral,S/D,Colisión,S/D,"Horizontal,Vertical",Ninguna,Sin restricción,"-32.946805555556,-60.651222222222","['San Luis', 'Mariano Moreno']",2,,-32.946805555556,-60.651222222222,55.0,538.0,Municipio Rosario,Municipio,Rosario,820210,Servicio de Catastro e Información Territorial,IGN
2018,5641,2018-03-20,Martes,0.0,11:20:00,,0.0,2,"Otros,Peatón",Bv. 27 De Febrero Y Av. Francia,2,1,0,0,1,0,0,"-32.962888888889,-60.670777777778",Calle,,ROSARIO,Rosario,Asfalto,No existe,II,Dentro,Urbana,Semáforo,Funciona,Intersección,Bueno,S/D,Diurna,S/D,S/D,Peatón,Atropello,Ninguna,"Horizontal,Vertical",Cordón divisorio,Sin restricción,"-32.962888888889,-60.670777777778","['27 de Febrero', 'Avenida Francia']",2,,-32.962888888889,-60.670777777778,55.0,538.0,Municipio Rosario,Municipio,Rosario,820210,Servicio de Catastro e Información Territorial,IGN