anio_acci,nro_acci,fecha,desc_dia,fecha_aprox,hora_aprox,desc_ruta,km,cant_participantes,desc_participante,calle_avenida_km,total,heridos_leves,heridos_graves,heridos_gravisimos,ilesos,fallecidos,sin_datos,posicion_XY,desc_tipo_via,desc_ruta_ori,desc_loc,desc_dpto,desc_tipo_calzada,desc_tipo_banquina,desc_unidad_regional,desc_lugar_calzada,desc_zona,desc_prioridad,desc_estado_semaforo,desc_lugar_via,desc_estado_via,desc_estado_visibilidad,desc_luminosidad,desc_estado_clima,desc_tipo_colision,desc_tipo_atropello,desc_tipo_hecho,desc_pres_calzada,desc_senializacion,desc_separacion_via,desc_restriccion,forma_geocod,calle_lista,numero_calles,calles_osm,lat,lon,index_right,gid,fna,gna,nam,in1,fdc,sag
2018,5642,2018-07-11,Miercoles,0.0,12:35:00,,0.0,2,"Taxi/Remis,Pickup/Utilitario",Urquiza Y Pte.Roca,3,1,0,0,2,0,0,"-32.941722222222,-60.64425",Calle,,ROSARIO,Rosario,Asfalto,S/D,II,Dentro,Urbana,Ninguna,No existe,Intersección,Bueno,Buena,Diurna,Buen Tiempo,Lateral,S/D,Colisión,Ninguna,Faltante,Ninguna,Sin restricción,"-32.941722222222,-60.64425","['Urquiza', 'Roca']",2,,-32.941722222222,-60.64425,55.0,538.0,Municipio Rosario,Municipio,Rosario,820210,Servicio de Catastro e Información Territorial,IGN
2018,5644,2018-07-14,Sabado,0.0,13:40:00,,0.0,2,"Moto/Ciclomotor,Automóvil",Av. Ovidio Lagos Y Rueda,3,2,0,0,1,0,0,"-32.966916666667,-60.6675",Avenida,,ROSARIO,Rosario,Asfalto,No existe,II,Dentro,Urbana,Semáforo,Funciona,Intersección,S/D,S/D,Diurna,S/D,Lateral,S/D,Colisión,S/D,"Horizontal,Vertical",Cordón divisorio,Sin restricción,"-32.966916666667,-60.6675","['Avenida Ovidio Lagos', 'Rueda']",2,,-32.966916666667,-60.6675,55.0,538.0,Municipio Rosario,Municipio,Rosario,820210,Servicio de Catastro e Información Territorial,IGN
2018,5646,2018-03-20,Martes,0.0,15:00:00,,0.0,2,"Automóvil,Moto/Ciclomotor",Av. Pellegrini 4850,2,1,0,0,1,0,0,"-32.948166666667,-60.691944444444",Calle,,ROSARIO,Rosario,Asfalto,No existe,II,Dentro,Urbana,Ninguna,No existe,Intersección,Bueno,S/D,Diurna,S/D,S/D,S/D,Colisión,S/D,Faltante,Cordón divisorio,Sin restricción,"-32.948166666667,-60.691944444444",['Pellegrini 4850'],1,,-32.948166666667,-60.691944444444,55.0,538.0,Municipio Rosario,Municipio,Rosario,820210,Servicio de Catastro e Información Territorial,IGN
2018,5647,2018-07-13,Viernes,0.0,21:30:00,,0.0,2,"Moto/Ciclomotor,Automóvil",La Paz Y Av. Ovidio Lagos,3,1,0,0,2,0,0,"-32.96,-60.665833333333",Avenida,,ROSARIO,Rosario,Asfalto,No existe,II,Dentro,Urbana,S/D,No existe,Intersección,Bueno,Buena,"Nocturna,Con luz artificial",Buen Tiempo,Lateral,S/D,Colisión,Ninguna,Faltante,Ninguna,S/D,"-32.96,-60.665833333333","['La Paz', 'Avenida Ovidio Lagos']",2,,-32.96,-60.665833333333,55.0,538.0,Municipio Rosario,Municipio,Rosario,820210,Servicio de Catastro e Información Territorial,IGN
2018,5654,2018-08-21,Martes,0.0,17:45:00,,0.0,2,"Moto/Ciclomotor,Automóvil",Iriondo Y Catamarca,3,1,0,0,2,0,0,"-32.934972222222,-60.668138888889",Calle,,ROSARIO,Rosario,Asfalto,No existe,II,Dentro,Urbana,Semáforo,Funciona,Recta,Bueno,Buena,Diurna,S/D,Lateral,S/D,Colisión,Ninguna,S/D,Ninguna,Sin restricción,"-32.934972222222,-60.668138888889","['Iriondo', 'Catamarca']",2,,-32.934972222222,-60.668138888889,55.0,538.0,Municipio Rosario,Municipio,Rosario,820210,Servicio de Catastro e Información Territorial,IGN
2018,5656,2018-08-01,Miercoles,0.0,14:40:00,,0.0,2,"Automóvil,Moto/Ciclomotor",Av. Pellegrini Y Av. Belgrano,2,1,0,0,1,0,0,"-32.960944444444,-60.621194444444",Avenida,,ROSARIO,Rosario,S/D,S/D,II,S/D,Urbana,S/D,S/D,Rotonda,S/D,S/D,Diurna,S/D,S/D,S/D,Colisión,S/D,S/D,S/D,S/D,"-32.960944444444,-60.621194444444","['Pellegrini', 'Belgrano']",2,,-32.960944444444,-60.621194444444,55.0,538.0,Municipio Rosario,Municipio,Rosario,820210,Servicio de Catastro e Información Territorial,IGN
2018,5657,2018-08-22,Miercoles,0.0,18:40:00,,0.0,2,"Moto/Ciclomotor,Automóvil",Av. Ovidio Lagos Y Salta,2,1,0,0,1,0,0,"-32.93525,-60.659694444444",Avenida,,ROSARIO,Rosario,Asfalto,No existe,II,Dentro,Urbana,Semáforo,Funciona,Intersección,Bueno,Buena,Diurna,Buen Tiempo,Lateral,S/D,Colisión,Ninguna,S/D,Ninguna,Sin restricción,"-32.93525,-60.659694444444","['Avenida Ovidio Lagos', 'Salta']",2,,-32.93525,-60.659694444444,55.0,538.0,Municipio Rosario,Municipio,Rosario,820210,Servicio de Catastro e Información Territorial,IGN
2018,5660,2018-08-01,Miercoles,0.0,14:15:00,,0.0,2,"Moto/Ciclomotor,Automóvil",Av. Ovidio Lagos Y Av. Pellegrini,2,1,0,0,1,0,0,"-32.953,-60.664166666667",Avenida,,ROSARIO,Rosario,S/D,S/D,II,S/D,Urbana,Semáforo,S/D,Intersección,Con baches,Buena,Diurna,Buen Tiempo,S/D,S/D,Colisión,S/D,S/D,S/D,S/D,"-32.953,-60.664166666667","['Avenida Ovidio Lagos', 'Pellegrini']",2,,-32.953,-60.664166666667,55.0,538.0,Municipio Rosario,Municipio,Rosario,820210,Servicio de Catastro e Información Territorial,IGN
2018,5663,2018-08-01,Miercoles,0.0,00:30:00,,0.0,2,"Automóvil,Moto/Ciclomotor",Bv. Avellaneda Y Junin,2,1,0,0,1,0,0,"-32.926645430193, -60.675867239986",Avenida,,ROSARIO,Rosario,Asfalto,No existe,II,Dentro,Urbana,Ninguna,Funciona,Recta,Bueno,Buena,Nocturna,Buen Tiempo,Otro,S/D,Colisión,Ninguna,Vertical,Ninguna,Sin restricción,"-32.926645430193, -60.675867239986","['Avellaneda', 'Junín']",2,,-32.926645430193,-60.675867239986,55.0,538.0,Municipio Rosario,Municipio,Rosario,820210,Servicio de Catastro e Información Territorial,IGN
2018,5665,2018-08-01,Miercoles,0.0,17:40:00,,0.0,2,"Moto/Ciclomotor,Automóvil",Cochabamba Y Beruti,3,1,1,0,0,0,1,"-32.961638888889,-60.623111111111",Calle,,ROSARIO,Rosario,S/D,S/D,II,S/D,Urbana,S/D,S/D,Intersección,S/D,S/D,S/D,S/D,S/D,S/D,Colisión,S/D,S/D,S/D,S/D,"-32.961638888889,-60.623111111111","['Cochabamba', 'Luis Beruti']",2,,-32.961638888889,-60.623111111111,55.0,538.0,Municipio Rosario,Municipio,Rosario,820210,Servicio de Catastro e Información Territorial,IGN
2018,5667,2018-08-05,Domingo,0.0,18:20:00,,0.0,2,"Automóvil,Automóvil",Rotonda Venesia  Y Tunel Escalada,3,1,0,0,2,0,0,"-32.929558918117, -60.661674730080",Calle,,ROSARIO,Rosario,Asfalto,No existe,II,Dentro,Urbana,Ninguna,No existe,Cruce,Bueno,Buena,Atardecer,Buen Tiempo,Otro,S/D,Colisión,Ninguna,Faltante,Ninguna,Sin restricción,"-32.929558918117, -60.661674730080","['Venesia', 'Tunel Escalada']",2,,-32.929558918117,-60.66167473008,55.0,538.0,Municipio Rosario,Municipio,Rosario,820210,Servicio de Catastro e Información Territorial,IGN
2018,5668,2018-08-01,Miercoles,0.0,13:30:00,,0.0,2,"Peatón,Moto/Ciclomotor",E.Zeballos Y Av. Corrientes,2,1,0,0,1,0,0,"-32.95425,-60.644527777778",S/D,,ROSARIO,Rosario,S/D,S/D,II,S/D,Urbana,S/D,S/D,Intersección,S/D,S/D,Diurna,S/D,S/D,Peatón,Atropello,S/D,S/D,S/D,S/D,"-32.95425,-60.644527777778","['Zeballos', 'Corrientes']",2,,-32.95425,-60.644527777778,55.0,538.0,Municipio Rosario,Municipio,Rosario,820210,Servicio de Catastro e Información Territorial,IGN
2018,5670,2018-08-21,Martes,0.0,22:10:00,,0.0,2,"Moto/Ciclomotor,Pickup/Utilitario",E.Zeballos Y San Nicolas,4,0,1,0,3,0,0,"-32.948861111111,-60.674527777778",Calle,,ROSARIO,Rosario,S/D,S/D,II,S/D,Urbana,S/D,S/D,Intersección,S/D,S/D,Nocturna,S/D,S/D,S/D,Colisión,S/D,S/D,S/D,S/D,"-32.948861111111,-60.674527777778","['Zeballos', 'San Nicolás']",2,,-32.948861111111,-60.674527777778,55.0,538.0,Municipio Rosario,Municipio,Rosario,820210,Servicio de Catastro e Información Territorial,IGN
2018,5673,2018-08-10,Viernes,0.0,13:00:00,,0.0,2,"Automóvil,Transporte de Pasajeros Urbano (> 8 asientos)",Velez Sarsfield Y Bv. Avellaneda,2,1,0,0,1,0,0,"-32.924917215737, -60.675481749542",Calle,,ROSARIO,Rosario,Asfalto,No existe,II,Dentro,Urbana,Semáforo,Funciona,Recta,Bueno,Buena,Diurna,Buen Tiempo,De alcance,S/D,Colisión,Ninguna,Vertical,Ninguna,Sin restricción,"-32.924917215737, -60.675481749542","['Vélez Sarsfield', 'Avellaneda']",2,,-32.924917215737,-60.675481749542,55.0,538.0,Municipio Rosario,Municipio,Rosario,820210,Servicio de Catastro e Información Territorial,IGN
2018,5674,2018-08-04,Sabado,0.0,23:15:00,,0.0,2,"Automóvil,Automóvil",San Juan Y Gutenberg,3,1,0,0,2,0,0,"-32.941333333333,-60.688222222222",Calle,,ROSARIO,Rosario,S/D,S/D,II,S/D,Urbana,Señal Pare,S/D,Intersección,S/D,S/D,"Nocturna,Con luz artificial",Buen Tiempo,S/D,S/D,Colisión,Ninguna,S/D,S/D,S/D,"-32.941333333333,-60.688222222222","['San Juan', 'Gutenberg']",2,,-32.941333333333,-60.688222222222,55.0,538.0,Municipio Rosario,Municipio,Rosario,820210,Servicio de Catastro e Información Territorial,IGN
2018,5677,2018-08-03,Viernes,0.0,15:40:00,,0.0,1,Moto/Ciclomotor,9 De Julio Y Alsina,1,1,0,0,0,0,0,"-32.946972222222,-60.678305555556",Calle,,ROSARIO,Rosario,S/D,S/D,II,S/D,Urbana,S/D,S/D,Intersección,S/D,S/D,Diurna,S/D,S/D,S/D,S/D,S/D,S/D,S/D,S/D,"-32.946972222222,-60.678305555556","['9 de Julio', 'Alsina']",2,,-32.946972222222,-60.678305555556,55.0,538.0,Municipio Rosario,Municipio,Rosario,820210,Servicio de Catastro e Información Territorial,IGN
2018,5678,2018-08-05,Domingo,0.0,16:00:00,,0.0,2,"Moto/Ciclomotor,Pickup/Utilitario",Rioja Y Gutenberg,2,1,0,0,1,0,0,"-32.93875,-60.687583333333",Calle,,ROSARIO,Rosario,S/D,S/D,II,S/D,Urbana,S/D,S/D,Recta,S/D,S/D,S/D,S/D,S/D,S/D,Colisión,S/D,S/D,S/D,S/D,"-32.93875,-60.687583333333","['Rioja', 'Gutenberg']",2,,-32.93875,-60.687583333333,55.0,538.0,Municipio Rosario,Municipio,Rosario,820210,Servicio de Catastro e Información Territorial,IGN
2018,5683,2018-08-03,Viernes,0.0,12:00:00,,0.0,2,"Moto/Ciclomotor,Peatón",Paraguay Y 3 De Febrero,2,1,0,0,1,0,0,"-32.95175,-60.645333333333",Calle,,ROSARIO,Rosario,S/D,S/D,II,S/D,Urbana,Ninguna,S/D,Intersección,S/D,S/D,Diurna,Buen Tiempo,S/D,Peatón,Atropello,S/D,S/D,S/D,S/D,"-32.95175,-60.645333333333","['Paraguay', '3 de Febrero']",2,,-32.95175,-60.645333333333,55.0,538.0,Municipio Rosario,Municipio,Rosario,820210,Servicio de Catastro e Información Territorial,IGN
2018,5686,2018-08-22,Miercoles,0.0,08:00:00,,0.0,2,"Automóvil,Moto/Ciclomotor",Junin Y Don Bosco Bis,3,1,0,0,2,0,0,"-32.926787087331, -60.680481612255",Calle,,ROSARIO,Rosario,Asfalto,No existe,II,Dentro,Urbana,Ninguna,No existe,Recta,Bueno,Buena,Diurna,Buen Tiempo,Otro,S/D,Colisión,Ninguna,Faltante,Ninguna,Sin restricción,"-32.926787087331, -60.680481612255","['Junín', 'Don Bosco']",2,,-32.926787087331,-60.680481612255,55.0,538.0,Municipio Rosario,Municipio,Rosario,820210,Servicio de Catastro e Información Territorial,IGN
2018,5687,2018-08-04,Sabado,0.0,09:20:00,,0.0,2,"Automóvil,Moto/Ciclomotor",Av. Pellegrini Y Bv. Oro?o,3,1,0,0,2,0,0,"-32.954694444444,-60.655944444444",Avenida,,ROSARIO,Rosario,S/D,S/D,II,S/D,Urbana,S/D,S/D,Intersección,S/D,S/D,Diurna,S/D,S/D,S/D,Colisión,S/D,S/D,S/D,S/D,"-32.954694444444,-60.655944444444","['Pellegrini', 'Bulevar Nicasio Oroño']",2,,-32.954694444444,-60.655944444444,55.0,538.0,Municipio Rosario,Municipio,Rosario,820210,Servicio de Catastro e Información Territorial,IGN
2018,5689,2018-08-27,Lunes,0.0,14:30:00,,0.0,2,"Moto/Ciclomotor,Automóvil",Av. Luis Carballo Y Rawson Bis,2,1,0,0,0,0,1,"-32.922057952712, -60.669499757185",Avenida,,ROSARIO,Rosario,Asfalto,No existe,II,Dentro,Urbana,Ninguna,Funciona,Recta,Bueno,Buena,Diurna,Buen Tiempo,Lateral,S/D,Colisión,Ninguna,Vertical,Ninguna,Sin restricción,"-32.922057952712, -60.669499757185","['Avenida Doctor Luis Cándido Carballo', 'Rawson']",2,,-32.922057952712,-60.669499757185,55.0,538.0,Municipio Rosario,Municipio,Rosario,820210,Servicio de Catastro e Información Territorial,IGN
2018,5690,2018-08-03,Viernes,0.0,16:45:00,,0.0,2,"Moto/Ciclomotor,Automóvil",Bv. Oro?o Y Av. Dante Alighieri,2,0,1,0,1,0,0,"-32.961638888889,-60.657805555556",Avenida,,ROSARIO,Rosario,S/D,S/D,II,S/D,Urbana,S/D,S/D,Intersección,S/D,S/D,Diurna,S/D,S/D,S/D,Colisión,S/D,S/D,S/D,S/D,"-32.961638888889,-60.657805555556","['Bulevar Nicasio Oroño', 'Dante Alighieri']",2,,-32.961638888889,-60.657805555556,55.0,538.0,Municipio Rosario,Municipio,Rosario,820210,Servicio de Catastro e Información Territorial,IGN
2018,5693,2018-08-03,Viernes,0.0,03:55:00,,0.0,2,"Automóvil,Taxi/Remis",Av. Pellegrini Y Av. Corrientes,2,0,1,0,1,0,0,"-32.956527777778,-60.645083333333",Avenida,,ROSARIO,Rosario,S/D,S/D,II,S/D,Urbana,Semáforo,No funciona,Intersección,S/D,S/D,"Nocturna,Con luz artificial",S/D,S/D,S/D,Colisión,S/D,S/D,S/D,S/D,"-32.956527777778,-60.645083333333","['Pellegrini', 'Corrientes']",2,,-32.956527777778,-60.645083333333,55.0,538.0,Municipio Rosario,Municipio,Rosario,820210,Servicio de Catastro e Información Territorial,IGN
2018,5694,2018-08-21,Martes,0.0,16:00:00,,0.0,2,"Taxi/Remis,Moto/Ciclomotor",Tucuman Y Balcarce,2,1,0,0,1,0,0,"-32.939305555556,-60.650777777778",Calle,,ROSARIO,Rosario,S/D,S/D,II,S/D,Urbana,S/D,S/D,Intersección,S/D,Buena,Diurna,S/D,S/D,S/D,Colisión,Ninguna,S/D,S/D,S/D,"-32.939305555556,-60.650777777778","['Tucumán', 'Balcarce']",2,,-32.939305555556,-60.650777777778,55.0,538.0,Municipio Rosario,Municipio,Rosario,820210,Servicio de Catastro e Información Territorial,IGN
2018,5696,2018-08-05,Domingo,0.0,19:17:00,,0.0,1,Transporte de Pasajeros Urbano (> 8 asientos),Urquiza Y Espa?a,2,0,1,0,1,0,0,"-32.941472222222,-60.645638888889",Calle,,ROSARIO,Rosario,S/D,S/D,II,S/D,Urbana,Semáforo,S/D,Intersección,S/D,S/D,Atardecer,S/D,S/D,S/D,Caída ocupante,S/D,S/D,S/D,S/D,"-32.941472222222,-60.645638888889","['Urquiza', 'España']",2,,-32.941472222222,-60.645638888889,55.0,538.0,Municipio Rosario,Municipio,Rosario,820210,Servicio de Catastro e Información Territorial,IGN
2018,5698,2018-08-21,Martes,0.0,16:00:00,,0.0,2,"Moto/Ciclomotor,Pickup/Utilitario",Suipacha Y San Juan,2,1,0,0,1,0,0,"-32.9455,-60.665111111111",Calle,,ROSARIO,Rosario,S/D,S/D,II,S/D,Urbana,S/D,S/D,Intersección,S/D,S/D,Diurna,S/D,S/D,S/D,Colisión,S/D,S/D,S/D,S/D,"-32.9455,-60.665111111111","['Suipacha', 'San Juan']",2,,-32.9455,-60.665111111111,55.0,538.0,Municipio Rosario,Municipio,Rosario,820210,Servicio de Catastro e Información Territorial,IGN
2018,5699,2018-08-09,Jueves,0.0,12:20:00,,0.0,2,"Moto/Ciclomotor,Automóvil",San Juan Y Lavalle,2,1,0,0,1,0,0,"-32.943055555556,-60.67875",Calle,,ROSARIO,Rosario,S/D,S/D,II,S/D,Urbana,S/D,S/D,Recta,S/D,S/D,S/D,S/D,S/D,S/D,Colisión,S/D,S/D,S/D,S/D,"-32.943055555556,-60.67875","['San Juan', 'Lavalle']",2,,-32.943055555556,-60.67875,55.0,538.0,Municipio Rosario,Municipio,Rosario,820210,Servicio de Catastro e Información Territorial,IGN
2018,5700,2018-08-20,Lunes,0.0,21:15:00,,0.0,2,"Automóvil,Automóvil",Necochea Y Pasco,3,1,0,0,2,0,0,"-32.962083333333,-60.6275",Calle,,ROSARIO,Rosario,S/D,S/D,II,S/D,Urbana,S/D,S/D,Intersección,S/D,S/D,Nocturna,S/D,S/D,S/D,Colisión,S/D,S/D,S/D,S/D,"-32.962083333333,-60.6275","['Necochea', 'Pasco']",2,,-32.962083333333,-60.6275,55.0,538.0,Municipio Rosario,Municipio,Rosario,820210,Servicio de Catastro e Información Territorial,IGN
2018,5701,2018-08-07,Martes,0.0,20:05:00,,0.0,2,"Automóvil,Moto/Ciclomotor",Montevideo Y Castellanos,3,2,0,0,1,0,0,"-32.949527777778,-60.6775",Calle,,ROSARIO,Rosario,S/D,S/D,II,S/D,Urbana,S/D,S/D,Intersección,S/D,S/D,Nocturna,S/D,S/D,S/D,Colisión,S/D,S/D,S/D,S/D,"-32.949527777778,-60.6775","['Montevideo', 'Aaron Castellanos']",2,,-32.949527777778,-60.6775,55.0,538.0,Municipio Rosario,Municipio,Rosario,820210,Servicio de Catastro e Información Territorial,IGN
2018,5702,2018-08-06,Lunes,0.0,13:15:00,,0.0,2,"Automóvil,Automóvil",Bv. 27 De Febrero Y Bv. Oro?o,2,1,0,0,1,0,0,"-32.965027777778,-60.658666666667",Avenida,,ROSARIO,Rosario,S/D,S/D,II,S/D,Urbana,S/D,S/D,Intersección,S/D,S/D,Diurna,S/D,S/D,S/D,Colisión,S/D,S/D,S/D,S/D,"-32.965027777778,-60.658666666667","['27 de Febrero', 'Bulevar Nicasio Oroño']",2,,-32.965027777778,-60.658666666667,55.0,538.0,Municipio Rosario,Municipio,Rosario,820210,Servicio de Catastro e Información Territorial,IGN
2018,5703,2018-08-06,Lunes,0.0,22:00:00,,0.0,2,"Automóvil,Vehículo Oficial",AV. DIARIO LA CAPITAL Y CHACABUCO,2,1,0,0,1,0,0,"-32.95495, -60.62406",Avenida,,ROSARIO,Rosario,S/D,S/D,II,S/D,Urbana,Señal Pare,S/D,Intersección,Bueno,Buena,S/D,S/D,S/D,S/D,Colisión,S/D,S/D,S/D,S/D,"-32.95495, -60.62406","['Diario La Capital', 'Chacabuco']",2,,-32.95495,-60.62406,55.0,538.0,Municipio Rosario,Municipio,Rosario,820210,Servicio de Catastro e Información Territorial,IGN
2018,5704,2018-08-19,Domingo,0.0,08:40:00,,0.0,4,"Automóvil,Automóvil,Automóvil,Automóvil",Rodriguez Y 3 De Febrero,5,1,0,0,2,0,2,"-32.949083333333,-60.660361111111",Calle,,ROSARIO,Rosario,S/D,S/D,II,S/D,Urbana,Señal Pare,No existe,Intersección,S/D,Buena,S/D,S/D,S/D,S/D,Colisión,Ninguna,S/D,S/D,S/D,"-32.949083333333,-60.660361111111","['Rodríguez', '3 de Febrero']",2,,-32.949083333333,-60.660361111111,55.0,538.0,Municipio Rosario,Municipio,Rosario,820210,Servicio de Catastro e Información Territorial,IGN
2018,5705,2018-08-07,Martes,0.0,16:35:00,,0.0,2,"Moto/Ciclomotor,Pickup/Utilitario",Av. De La Libertad Y San Juan,2,1,0,0,1,0,0,"-32.952388888889,-60.627972222222",Avenida,,ROSARIO,Rosario,S/D,S/D,II,S/D,Urbana,S/D,S/D,Intersección,S/D,S/D,Nocturna,S/D,S/D,S/D,Caída ocupante,S/D,S/D,S/D,S/D,"-32.952388888889,-60.627972222222","['De La Libertad', 'San Juan']",2,,-32.952388888889,-60.627972222222,55.0,538.0,Municipio Rosario,Municipio,Rosario,820210,Servicio de Catastro e Información Territorial,IGN
2018,5706,2018-08-07,Martes,0.0,11:40:00,,0.0,2,"Pickup/Utilitario,Automóvil",Urquiza Y Pueyrredon,3,1,0,0,2,0,0,"-32.9395,-60.6565",S/D,,ROSARIO,Rosario,S/D,S/D,II,S/D,S/D,S/D,S/D,Intersección,S/D,S/D,Diurna,S/D,S/D,S/D,Colisión,S/D,S/D,S/D,S/D,"-32.9395,-60.6565","['Urquiza', 'Pueyrredón']",2,,-32.9395,-60.6565,55.0,538.0,Municipio Rosario,Municipio,Rosario,820210,Servicio de Catastro e Información Territorial,IGN
2018,5707,2018-08-23,Jueves,0.0,01:30:00,,0.0,2,"Vehículo Oficial,Taxi/Remis",Av. Pellegrini Y Dorrego,5,3,0,0,2,0,0,"-32.955416666667,-60.651972222222",Avenida,,ROSARIO,Rosario,S/D,S/D,II,S/D,Urbana,S/D,S/D,Intersección,S/D,S/D,Nocturna,S/D,S/D,S/D,Colisión,S/D,S/D,Ninguna,S/D,"-32.955416666667,-60.651972222222","['Pellegrini', 'Dorrego']",2,,-32.955416666667,-60.651972222222,55.0,538.0,Municipio Rosario,Municipio,Rosario,820210,Servicio de Catastro e Información Territorial,IGN
2018,5708,2018-08-09,Jueves,0.0,16:40:00,,0.0,2,"Automóvil,Moto/Ciclomotor",3 De Febrero Y Suipacha,2,0,1,0,1,0,0,"-32.948111111111,-60.665777777778",Calle,,ROSARIO,Rosario,S/D,S/D,II,S/D,Urbana,S/D,S/D,Intersección,S/D,S/D,Diurna,S/D,S/D,S/D,Colisión,S/D,S/D,S/D,S/D,"-32.948111111111,-60.665777777778","['3 de Febrero', 'Suipacha']",2,,-32.948111111111,-60.665777777778,55.0,538.0,Municipio Rosario,Municipio,Rosario,820210,Servicio de Catastro e Información Territorial,IGN
2018,5709,2018-08-18,Sabado,0.0,00:40:00,,0.0,2,"Automóvil,Peatón",Sgto Cabral Y Av. Belgrano,4,1,0,0,3,0,0,"-32.943083333333,-60.634305555556",Calle,,ROSARIO,Rosario,S/D,S/D,II,S/D,Urbana,S/D,S/D,Intersección,S/D,S/D,Nocturna,S/D,S/D,Peatón,Atropello,S/D,S/D,S/D,S/D,"-32.943083333333,-60.634305555556","['Sargento Cabral', 'Belgrano']",2,,-32.943083333333,-60.634305555556,55.0,538.0,Municipio Rosario,Municipio,Rosario,820210,Servicio de Catastro e Información Territorial,IGN
2018,5710,2018-08-20,Lunes,0.0,18:25:00,,0.0,2,"Pickup/Utilitario,Automóvil",Balcarce Y E.Zeballos,4,1,0,0,3,0,0,"-32.952527777778,-60.654111111111",Calle,,ROSARIO,Rosario,S/D,S/D,II,S/D,Urbana,S/D,S/D,Intersección,S/D,S/D,Diurna,S/D,S/D,S/D,Colisión,S/D,S/D,Ninguna,Sin restricción,"-32.952527777778,-60.654111111111","['Balcarce', 'Zeballos']",2,,-32.952527777778,-60.654111111111,55.0,538.0,Municipio Rosario,Municipio,Rosario,820210,Servicio de Catastro e Información Territorial,IGN
2018,5715,2018-08-20,Lunes,0.0,06:40:00,,0.0,2,"Moto/Ciclomotor,Automóvil",Av. Corrientes Y Riobamba,3,1,0,0,2,0,0,"-32.96225,-60.646527777778",Calle,,ROSARIO,Rosario,S/D,S/D,II,S/D,Urbana,Señal Pare,S/D,Intersección,S/D,S/D,Amanecer,S/D,S/D,S/D,Colisión,S/D,S/D,S/D,S/D,"-32.96225,-60.646527777778","['Corrientes', 'Riobamba']",2,,-32.96225,-60.646527777778,55.0,538.0,Municipio Rosario,Municipio,Rosario,820210,Servicio de Catastro e Información Territorial,IGN
2018,5726,2018-08-18,Sabado,0.0,18:25:00,,0.0,2,"Peatón,Moto/Ciclomotor",Av. Pellegrini Y 1 de Mayo,3,2,0,0,1,0,0,"-32.958694444444,-60.632416666667",Avenida,,ROSARIO,Rosario,S/D,S/D,II,S/D,Urbana,Ninguna,S/D,Intersección,S/D,S/D,Atardecer,S/D,S/D,Peatón,Atropello,S/D,S/D,S/D,S/D,"-32.958694444444,-60.632416666667","['Pellegrini', 'Primero de Mayo']",2,,-32.958694444444,-60.632416666667,55.0,538.0,Municipio Rosario,Municipio,Rosario,820210,Servicio de Catastro e Información Territorial,IGN
2018,5728,2018-07-09,Lunes,1.0,19:30:00,,0.0,2,"Moto/Ciclomotor,Automóvil",Solis Y French,2,0,1,0,1,0,0,"-32.921527777778,-60.704138888889",Calle,,ROSARIO,Rosario,Asfalto,No existe,II,Dentro,Urbana,Ninguna,No existe,Intersección,Bueno,Buena,Nocturna,Buen Tiempo,Otro,S/D,Colisión,Ninguna,Faltante,Ninguna,Sin restricción,"-32.921527777778,-60.704138888889","['Solis', 'French']",2,,-32.921527777778,-60.704138888889,55.0,538.0,Municipio Rosario,Municipio,Rosario,820210,Servicio de Catastro e Información Territorial,IGN
2018,5729,2018-08-18,Sabado,0.0,22:45:00,,0.0,2,"Moto/Ciclomotor,Taxi/Remis",Alvear Y 3 De Febrero,2,1,0,0,1,0,0,"-32.949805555556,-60.656277777778",Calle,,ROSARIO,Rosario,S/D,S/D,II,S/D,Urbana,S/D,S/D,Intersección,S/D,S/D,Nocturna,S/D,S/D,S/D,Colisión,S/D,S/D,S/D,S/D,"-32.949805555556,-60.656277777778","['Alvear', '3 de Febrero']",2,,-32.949805555556,-60.656277777778,55.0,538.0,Municipio Rosario,Municipio,Rosario,820210,Servicio de Catastro e Información Territorial,IGN
2018,5730,2018-08-08,Miercoles,0.0,11:20:00,,0.0,2,"Peatón,Automóvil",J.J.Paso Y Camilo Aldao,2,0,1,0,1,0,0,"-32.91975,-60.69675",Calle,,ROSARIO,Rosario,Asfalto,No existe,II,Dentro,Urbana,Ninguna,No existe,Intersección,Bueno,Buena,Diurna,Buen Tiempo,Lateral,Peatón,"Aplastamiento,Atropello",Ninguna,Faltante,Ninguna,S/D,"-32.91975,-60.69675","['Paso', 'Camilo Aldao']",2,,-32.91975,-60.69675,55.0,538.0,Municipio Rosario,Municipio,Rosario,820210,Servicio de Catastro e Información Territorial,IGN
2018,5732,2018-08-16,Jueves,0.0,23:45:00,,0.0,2,"Moto/Ciclomotor,Automóvil",Pte.Roca Y Rueda,2,1,0,0,1,0,0,"-32.969805555556,-60.651333333333",Calle,,ROSARIO,Rosario,S/D,S/D,II,S/D,Urbana,S/D,S/D,Intersección,S/D,S/D,S/D,S/D,S/D,S/D,S/D,S/D,S/D,S/D,S/D,"-32.969805555556,-60.651333333333","['Roca', 'Rueda']",2,,-32.969805555556,-60.651333333333,55.0,538.0,Municipio Rosario,Municipio,Rosario,820210,Servicio de Catastro e Información Territorial,IGN
2018,5733,2018-08-12,Domingo,0.0,,,0.0,2,"Automóvil,Moto/Ciclomotor",Av. Sorrento Y Av. Provincias Unidas,2,1,0,0,1,0,0,"-32.907833333333,-60.714027777778",Avenida,,ROSARIO,Rosario,Asfalto,No existe,II,Dentro,Urbana,Ninguna,No existe,Recta,Bueno,Buena,Diurna,Buen Tiempo,Otro,S/D,Colisión,Ninguna,Faltante,Ninguna,S/D,"-32.907833333333,-60.714027777778","['Sorrento', 'Avenida Provincias Unidas']",2,,-32.907833333333,-60.714027777778,55.0,538.0,Municipio Rosario,Municipio,Rosario,820210,Servicio de Catastro e Información Territorial,IGN