anio_acci,nro_acci,fecha,desc_dia,fecha_aprox,hora_aprox,desc_ruta,km,cant_participantes,desc_participante,calle_avenida_km,total,heridos_leves,heridos_graves,heridos_gravisimos,ilesos,fallecidos,sin_datos,posicion_XY,desc_tipo_via,desc_ruta_ori,desc_loc,desc_dpto,desc_tipo_calzada,desc_tipo_banquina,desc_unidad_regional,desc_lugar_calzada,desc_zona,desc_prioridad,desc_estado_semaforo,desc_lugar_via,desc_estado_via,desc_estado_visibilidad,desc_luminosidad,desc_estado_clima,desc_tipo_colision,desc_tipo_atropello,desc_tipo_hecho,desc_pres_calzada,desc_senializacion,desc_separacion_via,desc_restriccion,forma_geocod,calle_lista,numero_calles,calles_osm,lat,lon,index_right,gid,fna,gna,nam,in1,fdc,sag
2018,5736,2018-08-15,Miercoles,0.0,18:20:00,,0.0,2,"Peatón,Moto/Ciclomotor",Entre Rios 2800,3,3,0,0,0,0,0,"-32.969416666667,-60.646861111111",Calle,,ROSARIO,Rosario,S/D,S/D,II,S/D,Urbana,S/D,S/D,Recta,S/D,S/D,S/D,S/D,S/D,Peatón,Atropello,S/D,S/D,S/D,S/D,"-32.969416666667,-60.646861111111",['Entre Rios 2800'],1,,-32.969416666667,-60.646861111111,55.0,538.0,Municipio Rosario,Municipio,Rosario,820210,Servicio de Catastro e Información Territorial,IGN
2018,5738,2018-08-11,Sabado,0.0,18:30:00,,0.0,2,"Automóvil,Moto/Ciclomotor",De Angelis Bis Y Pje. Franklin,2,0,1,0,1,0,0,"-32.917416666667,-60.698972222222",S/D,,ROSARIO,Rosario,Asfalto,No existe,II,Dentro,Urbana,Ninguna,No existe,Intersección,Bueno,Buena,Atardecer,Buen Tiempo,S/D,S/D,S/D,Ninguna,Faltante,Ninguna,S/D,"-32.917416666667,-60.698972222222","['De Ángelis', 'Franklin']",2,,-32.917416666667,-60.698972222222,55.0,538.0,Municipio Rosario,Municipio,Rosario,820210,Servicio de Catastro e Información Territorial,IGN
2018,5739,2018-08-18,Sabado,0.0,05:50:00,,0.0,1,Automóvil,Bv. Oro?o Y Catamarca,2,1,0,0,1,0,0,"-32.937916666667,-60.651694444444",Calle,,ROSARIO,Rosario,S/D,S/D,II,S/D,Urbana,S/D,S/D,Intersección,S/D,S/D,Amanecer,S/D,Contra objeto fijo,S/D,Colisión,S/D,S/D,S/D,S/D,"-32.937916666667,-60.651694444444","['Bulevar Nicasio Oroño', 'Catamarca']",2,,-32.937916666667,-60.651694444444,55.0,538.0,Municipio Rosario,Municipio,Rosario,820210,Servicio de Catastro e Información Territorial,IGN
2018,5741,2018-08-03,Viernes,0.0,10:00:00,,0.0,2,"Moto/Ciclomotor,Bicicleta",Av. Genova 2300,2,1,0,0,1,0,0,"-32.915361111111,-60.691916666667",Avenida,,ROSARIO,Rosario,Asfalto,Pavimento,II,Dentro,Urbana,Ninguna,No existe,Intersección,Bueno,Buena,Diurna,Buen Tiempo,Lateral,Ciclista,Atropello,Ninguna,Faltante,Ninguna,Sin restricción,"-32.915361111111,-60.691916666667",['Genova 2300'],1,,-32.915361111111,-60.691916666667,55.0,538.0,Municipio Rosario,Municipio,Rosario,820210,Servicio de Catastro e Información Territorial,IGN
2018,5742,2018-08-15,Miercoles,0.0,22:10:00,,0.0,2,"Automóvil,Moto/Ciclomotor",Bv. Oro?o Y Cochabamba,2,1,0,0,1,0,0,"-32.955722222222,-60.656444444444",Calle,,ROSARIO,Rosario,S/D,S/D,II,S/D,Urbana,S/D,S/D,Intersección,S/D,S/D,Nocturna,S/D,S/D,S/D,Colisión,S/D,S/D,S/D,S/D,"-32.955722222222,-60.656444444444","['Bulevar Nicasio Oroño', 'Cochabamba']",2,,-32.955722222222,-60.656444444444,55.0,538.0,Municipio Rosario,Municipio,Rosario,820210,Servicio de Catastro e Información Territorial,IGN
2018,5744,2018-08-17,Viernes,0.0,11:00:00,,0.0,2,"Pickup/Utilitario,Moto/Ciclomotor",Entre Rios 2500,2,1,0,0,1,0,0,"-32.965944444444,-60.646",Calle,,ROSARIO,Rosario,S/D,S/D,II,S/D,Urbana,S/D,S/D,Recta,S/D,S/D,S/D,S/D,S/D,S/D,Colisión,S/D,S/D,S/D,S/D,"-32.965944444444,-60.646",['Entre Rios 2500'],1,,-32.965944444444,-60.646,55.0,538.0,Municipio Rosario,Municipio,Rosario,820210,Servicio de Catastro e Información Territorial,IGN
2018,5745,2018-08-04,Sabado,0.0,16:50:00,,0.0,2,"Moto/Ciclomotor,Automóvil",Jose Ingenieros Y Olavarria Bis,2,1,0,0,1,0,0,"-32.916833333333,-60.7045",Calle,,ROSARIO,Rosario,Asfalto,No existe,II,Dentro,Urbana,Ninguna,No existe,Recta,Bueno,Reducida p/ objetos,Diurna,Buen Tiempo,Lateral,S/D,Atropello,Ninguna,Faltante,Ninguna,Sin restricción,"-32.916833333333,-60.7045","['José Ingenieros', 'Olavarría']",2,,-32.916833333333,-60.7045,55.0,538.0,Municipio Rosario,Municipio,Rosario,820210,Servicio de Catastro e Información Territorial,IGN
2018,5747,2018-08-04,Sabado,0.0,16:50:00,,0.0,2,"Automóvil,Moto/Ciclomotor",Pje. Pelayo Y Mariano Cabal Bis,3,2,0,0,1,0,0,"-32.919333333333,-60.702638888889",S/D,,ROSARIO,Rosario,Asfalto,Pavimento,II,S/D,S/D,Ninguna,No existe,Intersección,Bueno,Buena,Diurna,Buen Tiempo,Lateral,S/D,Atropello,Ninguna,Faltante,Ninguna,Sin restricción,"-32.919333333333,-60.702638888889","['Pelayo', 'Mariano Cabal']",2,,-32.919333333333,-60.702638888889,55.0,538.0,Municipio Rosario,Municipio,Rosario,820210,Servicio de Catastro e Información Territorial,IGN
2018,5748,2018-08-17,Viernes,0.0,12:10:00,,0.0,2,"Moto/Ciclomotor,Pickup/Utilitario",Paraguay Y Rueda,3,1,0,0,2,0,0,"-32.970027777778,-60.649944444444",Calle,,ROSARIO,Rosario,S/D,S/D,II,S/D,Urbana,S/D,S/D,Intersección,S/D,S/D,Diurna,S/D,S/D,S/D,Colisión,S/D,S/D,S/D,S/D,"-32.970027777778,-60.649944444444","['Paraguay', 'Rueda']",2,,-32.970027777778,-60.649944444444,55.0,538.0,Municipio Rosario,Municipio,Rosario,820210,Servicio de Catastro e Información Territorial,IGN
2018,5750,2018-08-17,Viernes,0.0,08:45:00,,0.0,2,"Moto/Ciclomotor,Pickup/Utilitario",Bv. Oro?o Y Av. Lugones,2,1,0,0,1,0,0,"-32.958166666667,-60.656944444444",Calle,,ROSARIO,Rosario,S/D,S/D,II,S/D,Urbana,S/D,S/D,Intersección,Bueno,S/D,Diurna,S/D,S/D,S/D,Colisión,S/D,S/D,S/D,S/D,"-32.958166666667,-60.656944444444","['Bulevar Nicasio Oroño', 'Lugones']",2,,-32.958166666667,-60.656944444444,55.0,538.0,Municipio Rosario,Municipio,Rosario,820210,Servicio de Catastro e Información Territorial,IGN
2018,5751,2018-08-15,Miercoles,0.0,08:15:00,,0.0,2,"Moto/Ciclomotor,Moto/Ciclomotor",Av. Pellegrini Y Av. Ovidio Lagos,2,2,0,0,0,0,0,"-32.953,-60.664166666667",Avenida,,ROSARIO,Rosario,S/D,S/D,II,S/D,Urbana,S/D,S/D,Intersección,S/D,S/D,Diurna,S/D,S/D,S/D,Colisión,S/D,S/D,S/D,S/D,"-32.953,-60.664166666667","['Pellegrini', 'Avenida Ovidio Lagos']",2,,-32.953,-60.664166666667,55.0,538.0,Municipio Rosario,Municipio,Rosario,820210,Servicio de Catastro e Información Territorial,IGN
2018,5752,2018-08-13,Lunes,0.0,12:35:00,,0.0,1,Transporte de Pasajeros Urbano (> 8 asientos),J.M.de Rosas Y Pasco,1,1,0,0,0,0,0,"-32.960805555556,-60.634583333333",Calle,,ROSARIO,Rosario,S/D,S/D,II,S/D,Urbana,S/D,S/D,Intersección,S/D,S/D,Diurna,S/D,S/D,S/D,Caída ocupante,S/D,S/D,S/D,S/D,"-32.960805555556,-60.634583333333","['De Rosas', 'Pasco']",2,,-32.960805555556,-60.634583333333,55.0,538.0,Municipio Rosario,Municipio,Rosario,820210,Servicio de Catastro e Información Territorial,IGN
2018,5753,2018-08-10,Viernes,0.0,18:30:00,,0.0,2,"Taxi/Remis,Moto/Ciclomotor",La Republica Y Barra,2,0,1,0,1,0,0,"-32.918388888889,-60.708027777778",Calle,,ROSARIO,Rosario,Asfalto,Pavimento,II,Dentro,Urbana,Ninguna,No existe,Intersección,Bueno,Buena,Atardecer,Buen Tiempo,Otro,S/D,Atropello,Ninguna,Faltante,Ninguna,Sin restricción,"-32.918388888889,-60.708027777778","['La República', 'Barra']",2,,-32.918388888889,-60.708027777778,55.0,538.0,Municipio Rosario,Municipio,Rosario,820210,Servicio de Catastro e Información Territorial,IGN
2018,5755,2018-08-13,Lunes,0.0,16:15:00,,0.0,2,"Moto/Ciclomotor,Automóvil",L.N.Alem Y Montevideo,3,2,0,0,1,0,0,"-32.957888888889,-60.63075",Calle,,ROSARIO,Rosario,S/D,S/D,II,S/D,Urbana,Ninguna,No existe,Intersección,S/D,S/D,Diurna,S/D,S/D,S/D,S/D,S/D,Faltante,S/D,S/D,"-32.957888888889,-60.63075","['Alem', 'Montevideo']",2,,-32.957888888889,-60.63075,55.0,538.0,Municipio Rosario,Municipio,Rosario,820210,Servicio de Catastro e Información Territorial,IGN
2018,5756,2018-08-10,Viernes,0.0,20:30:00,,0.0,3,"Bicicleta,Automóvil,Automóvil",J.J.Paso Y Garzon,3,1,0,0,2,0,0,"-32.92,-60.706166666667",Calle,,ROSARIO,Rosario,Asfalto,No existe,II,Dentro,Urbana,S/D,No existe,Intersección,Bueno,Buena,Nocturna,Buen Tiempo,Múltiple,Ciclista,Atropello,Ninguna,Faltante,Ninguna,Sin restricción,"-32.92,-60.706166666667","['Paso', 'Garzón']",2,,-32.92,-60.706166666667,55.0,538.0,Municipio Rosario,Municipio,Rosario,820210,Servicio de Catastro e Información Territorial,IGN
2018,5758,2018-08-12,Domingo,0.0,02:30:00,,0.0,2,"Automóvil,Moto/Ciclomotor",Espa?a Y Mendoza,2,0,1,0,1,0,0,"-32.950027777778,-60.647805555556",Calle,,ROSARIO,Rosario,S/D,S/D,II,S/D,Urbana,S/D,S/D,Intersección,S/D,S/D,Nocturna,S/D,S/D,S/D,Colisión,S/D,S/D,S/D,S/D,"-32.950027777778,-60.647805555556","['España', 'Mendoza']",2,,-32.950027777778,-60.647805555556,55.0,538.0,Municipio Rosario,Municipio,Rosario,820210,Servicio de Catastro e Información Territorial,IGN
2018,5759,2018-08-25,Sabado,0.0,12:30:00,,0.0,2,"Automóvil,Moto/Ciclomotor",J.J.Paso Y Av. Provincias Unidas,3,2,0,0,1,0,0,"-32.920138888889,-60.714027777778",Avenida,,ROSARIO,Rosario,Asfalto,No existe,II,Dentro,Urbana,Ninguna,No existe,Rotonda,Bueno,Buena,Diurna,Buen Tiempo,De alcance,S/D,Colisión,Ninguna,Faltante,Ninguna,Sin restricción,"-32.920138888889,-60.714027777778","['Paso', 'Avenida Provincias Unidas']",2,,-32.920138888889,-60.714027777778,55.0,538.0,Municipio Rosario,Municipio,Rosario,820210,Servicio de Catastro e Información Territorial,IGN
2018,5760,2018-08-16,Jueves,0.0,17:00:00,,0.0,2,"Automóvil,Moto/Ciclomotor",Dr.Victor Cue Bis Y Jose Ingenieros,3,1,0,0,2,0,0,"-32.916611111111,-60.697194444444",Calle,,ROSARIO,Rosario,Asfalto,No existe,II,Dentro,Urbana,Ninguna,No existe,Intersección,Bueno,Buena,Diurna,Buen Tiempo,Lateral,S/D,Colisión,Ninguna,Faltante,Ninguna,Sin restricción,"-32.916611111111,-60.697194444444","['Victor Cue', 'José Ingenieros']",2,,-32.916611111111,-60.697194444444,55.0,538.0,Municipio Rosario,Municipio,Rosario,820210,Servicio de Catastro e Información Territorial,IGN
2018,5761,2018-08-23,Jueves,0.0,19:00:00,,0.0,2,"Peatón,Moto/Ciclomotor",J.B.Justo Y Ottone Bis,2,1,0,0,1,0,0,"-32.914555555556,-60.701055555556",Calle,,ROSARIO,Rosario,Asfalto,No existe,II,Dentro,Urbana,Ninguna,No existe,Intersección,Bueno,Buena,Atardecer,Buen Tiempo,Frontal,Peatón,Atropello,Ninguna,Faltante,Ninguna,Sin restricción,"-32.914555555556,-60.701055555556","['Justo', 'Ottone']",2,,-32.914555555556,-60.701055555556,55.0,538.0,Municipio Rosario,Municipio,Rosario,820210,Servicio de Catastro e Información Territorial,IGN
2018,5763,2018-08-16,Jueves,0.0,21:20:00,,0.0,2,"Peatón,Transporte de Pasajeros Urbano (> 8 asientos)",J.J.Paso Y Solis Bis,3,1,0,0,2,0,0,"-32.919944444444,-60.704194444444",Calle,,ROSARIO,Rosario,Asfalto,No existe,II,Dentro,Urbana,Semáforo,Funciona,Intersección,Bueno,Buena,Con luz artificial,Buen Tiempo,Frontal,Peatón,Atropello,Ninguna,Faltante,Ninguna,Sin restricción,"-32.919944444444,-60.704194444444","['Paso', 'Solis']",2,,-32.919944444444,-60.704194444444,55.0,538.0,Municipio Rosario,Municipio,Rosario,820210,Servicio de Catastro e Información Territorial,IGN
2018,5764,2018-08-22,Miercoles,0.0,16:55:00,,0.0,2,"Peatón,Moto/Ciclomotor",J.J.Paso Y P.L.Funes,2,1,0,0,1,0,0,"-32.919888888889,-60.702",S/D,,ROSARIO,Rosario,Asfalto,No existe,II,Dentro,Urbana,Ninguna,No existe,Intersección,Bueno,Buena,Diurna,Buen Tiempo,Frontal,Peatón,Atropello,Ninguna,Faltante,Ninguna,Sin restricción,"-32.919888888889,-60.702","['Paso', 'Funes']",2,,-32.919888888889,-60.702,55.0,538.0,Municipio Rosario,Municipio,Rosario,820210,Servicio de Catastro e Información Territorial,IGN
2018,5766,2018-08-13,Lunes,0.0,23:45:00,,0.0,2,"Automóvil,Moto/Ciclomotor",Garzon Bis 1200,2,1,0,0,1,0,0,"-32.914722222222,-60.706361111111",Calle,,ROSARIO,Rosario,Hormigón,No existe,II,S/D,Urbana,S/D,No existe,Recta,Bueno,Buena,Nocturna,Buen Tiempo,Lateral,S/D,Colisión,Ninguna,Faltante,Ninguna,S/D,"-32.914722222222,-60.706361111111",['Garzon Bis 1200'],1,,-32.914722222222,-60.706361111111,55.0,538.0,Municipio Rosario,Municipio,Rosario,820210,Servicio de Catastro e Información Territorial,IGN
2018,5767,2018-08-30,Jueves,0.0,13:25:00,,0.0,2,"Moto/Ciclomotor,Moto/Ciclomotor",J.J.Paso Y Colombia,2,1,0,0,1,0,0,"-32.920444444444,-60.717027777778",Avenida,,ROSARIO,Rosario,Asfalto,No existe,II,Dentro,Urbana,Ninguna,No existe,Intersección,Bueno,Buena,Diurna,Buen Tiempo,Otro,S/D,Colisión,Ninguna,Faltante,Ninguna,Sin restricción,"-32.920444444444,-60.717027777778","['Paso', 'Colombia']",2,,-32.920444444444,-60.717027777778,55.0,538.0,Municipio Rosario,Municipio,Rosario,820210,Servicio de Catastro e Información Territorial,IGN
2018,5769,2018-08-28,Martes,0.0,,,0.0,2,"Peatón,Moto/Ciclomotor",Av. Genova 6458,2,1,0,0,1,0,0,"-32.915944444444,-60.710888888889",Avenida,,ROSARIO,Rosario,Asfalto,No existe,II,Dentro,Urbana,Ninguna,No existe,Recta,Bueno,Buena,Diurna,Buen Tiempo,S/D,Peatón,Atropello,Ninguna,Faltante,Ninguna,Sin restricción,"-32.915944444444,-60.710888888889",['Genova 6458'],1,,-32.915944444444,-60.710888888889,55.0,538.0,Municipio Rosario,Municipio,Rosario,820210,Servicio de Catastro e Información Territorial,IGN
2018,5770,2018-08-27,Lunes,0.0,15:30:00,,0.0,2,"Moto/Ciclomotor,Automóvil",Pte.Roca Y Bv. Segui,2,1,0,0,1,0,0,"-32.977777777778,-60.653305555556",Calle,,ROSARIO,Rosario,Asfalto,No existe,II,Dentro,Urbana,Ninguna,No existe,Intersección,Bueno,Buena,Diurna,Buen Tiempo,Lateral,S/D,Colisión,Ninguna,Faltante,Ninguna,Sin restricción,"-32.977777777778,-60.653305555556","['Roca', 'Bulevar Juan Francisco Seguí']",2,,-32.977777777778,-60.653305555556,55.0,538.0,Municipio Rosario,Municipio,Rosario,820210,Servicio de Catastro e Información Territorial,IGN
2018,5772,2018-08-28,Martes,0.0,09:50:00,,0.0,1,Moto/Ciclomotor,Olavarria Bis Y Pje. Pelayo,2,1,0,0,1,0,0,"-32.919388888889,-60.704388888889",Calle,,ROSARIO,Rosario,Asfalto,No existe,II,Dentro,Urbana,S/D,No existe,Intersección,Bueno,Buena,Diurna,Buen Tiempo,De alcance,S/D,Colisión,Ninguna,Faltante,Ninguna,Sin restricción,"-32.919388888889,-60.704388888889","['Olavarría', 'Pelayo']",2,,-32.919388888889,-60.704388888889,55.0,538.0,Municipio Rosario,Municipio,Rosario,820210,Servicio de Catastro e Información Territorial,IGN
2018,5773,2018-08-26,Domingo,0.0,20:00:00,,0.0,2,"Moto/Ciclomotor,Automóvil",San Martin Y Platon,2,0,1,0,1,0,0,"-33.020027777778,-60.653111111111",Calle,,ROSARIO,Rosario,Asfalto,No existe,II,Dentro,Urbana,Ninguna,Funciona,Intersección,Bueno,Buena,Nocturna,Buen Tiempo,Lateral,S/D,Colisión,Ninguna,Vertical,Ninguna,Sin restricción,"-33.020027777778,-60.653111111111","['San Martin', 'Platón']",2,,-33.020027777778,-60.653111111111,55.0,538.0,Municipio Rosario,Municipio,Rosario,820210,Servicio de Catastro e Información Territorial,IGN
2018,5775,2018-08-14,Martes,0.0,12:45:00,,0.0,2,"Automóvil,Peatón",Bv. Rondeau Y Matheu,2,0,1,0,1,0,0,"-32.888444444444,-60.694444444444",Calle,,ROSARIO,Rosario,Asfalto,No existe,II,Dentro,Urbana,Semáforo,Funciona,Intersección,Bueno,Buena,Diurna,Buen Tiempo,Lateral,Peatón,Atropello,S/D,Horizontal,Ninguna,Sin restricción,"-32.888444444444,-60.694444444444","['Rondeau', 'Matheu']",2,,-32.888444444444,-60.694444444444,55.0,538.0,Municipio Rosario,Municipio,Rosario,820210,Servicio de Catastro e Información Territorial,IGN
2018,5776,2018-08-15,Miercoles,0.0,,,0.0,2,"Automóvil,Moto/Ciclomotor",Martin Fierro Y Bv. Rondeau,3,2,0,0,1,0,0,"-32.87775,-60.697722222222",Calle,,ROSARIO,Rosario,Asfalto,No existe,II,Dentro,Urbana,Semáforo,Funciona,Intersección,Bueno,Buena,Diurna,Buen Tiempo,Frontal,S/D,Colisión,Ninguna,Vertical,Ninguna,Sin restricción,"-32.87775,-60.697722222222","['Martin Fierro', 'Rondeau']",2,,-32.87775,-60.697722222222,55.0,538.0,Municipio Rosario,Municipio,Rosario,820210,Servicio de Catastro e Información Territorial,IGN
2018,5777,2018-08-27,Lunes,0.0,17:20:00,,0.0,2,"Bicicleta,Peatón",El Mangrullo Y Plutarco Bis,2,0,1,0,0,0,1,"-32.998527777778,-60.614944444444",Calle,,ROSARIO,Rosario,Tierra,Natural,II,S/D,Urbana,Ninguna,No existe,Intersección,Bueno,Buena,Diurna,Buen Tiempo,De alcance,"Ciclista,Peatón",Atropello,Ninguna,Faltante,Ninguna,Sin restricción,"-32.998527777778,-60.614944444444","['El Mangrullo', 'Plutarco']",2,,-32.998527777778,-60.614944444444,55.0,538.0,Municipio Rosario,Municipio,Rosario,820210,Servicio de Catastro e Información Territorial,IGN
2018,5778,2018-08-26,Domingo,0.0,14:35:00,,0.0,2,"Automóvil,Moto/Ciclomotor",Yapeyu Y Tierra del Fuego,3,2,0,0,1,0,0,"-32.879111111111,-60.6995",Calle,,ROSARIO,Rosario,Asfalto,No existe,II,Dentro,Urbana,Ninguna,No existe,Intersección,Bueno,Buena,Diurna,Buen Tiempo,Frontal,S/D,Colisión,Ninguna,Faltante,Ninguna,Sin restricción,"-32.879111111111,-60.6995","['Yapeyu', 'Tierra del Fuego']",2,,-32.879111111111,-60.6995,55.0,538.0,Municipio Rosario,Municipio,Rosario,820210,Servicio de Catastro e Información Territorial,IGN
2018,5781,2018-08-22,Miercoles,0.0,21:20:00,,0.0,2,"Moto/Ciclomotor,Automóvil",Bv. Oro?o Y Ameghino,2,1,0,0,1,0,0,"-32.984416666667,-60.663444444444",Calle,,ROSARIO,Rosario,Asfalto,No existe,II,S/D,Urbana,Semáforo,Funciona,Intersección,Bueno,Buena,Nocturna,Buen Tiempo,De alcance,S/D,Atropello,Ninguna,"Horizontal,Vertical",Ninguna,Sin restricción,"-32.984416666667,-60.663444444444","['Bulevar Nicasio Oroño', 'Ameghino']",2,,-32.984416666667,-60.663444444444,55.0,538.0,Municipio Rosario,Municipio,Rosario,820210,Servicio de Catastro e Información Territorial,IGN
2018,5782,2018-08-22,Miercoles,0.0,17:00:00,,0.0,2,"Automóvil,Moto/Ciclomotor",Paraguay Y Amenabar,3,0,0,0,2,0,1,"-32.971194444444,-60.650222222222",Calle,,ROSARIO,Rosario,S/D,S/D,II,S/D,Urbana,S/D,S/D,S/D,S/D,S/D,S/D,S/D,S/D,S/D,S/D,S/D,S/D,S/D,S/D,"-32.971194444444,-60.650222222222","['Paraguay', 'Amenabar']",2,,-32.971194444444,-60.650222222222,55.0,538.0,Municipio Rosario,Municipio,Rosario,820210,Servicio de Catastro e Información Territorial,IGN
2018,5786,2018-03-21,Miercoles,0.0,,,0.0,2,"Moto/Ciclomotor,Automóvil",Santa Fe Y Fraga,4,2,0,0,2,0,0,"-32.935638888889,-60.710444444444",Calle,,ROSARIO,Rosario,Asfalto,No existe,II,Dentro,Urbana,Ninguna,No existe,Intersección,Bueno,S/D,S/D,Buen Tiempo,Lateral,S/D,Colisión,Ninguna,Faltante,Ninguna,Sin restricción,"-32.935638888889,-60.710444444444","['Santa Fe', 'Fraga']",2,,-32.935638888889,-60.710444444444,55.0,538.0,Municipio Rosario,Municipio,Rosario,820210,Servicio de Catastro e Información Territorial,IGN
2018,5787,2018-03-21,Miercoles,0.0,,,0.0,2,"Automóvil,Moto/Ciclomotor",Anchorena Y Sarmiento,2,1,0,0,1,0,0,"-32.997777777778,-60.649138888889",Calle,,ROSARIO,Rosario,Asfalto,No existe,II,Dentro,Urbana,Ninguna,No existe,Intersección,Bueno,Buena,S/D,Buen Tiempo,Lateral,S/D,Colisión,Ninguna,Faltante,Ninguna,Sin restricción,"-32.997777777778,-60.649138888889","['Anchorena', 'Sarmiento']",2,,-32.997777777778,-60.649138888889,55.0,538.0,Municipio Rosario,Municipio,Rosario,820210,Servicio de Catastro e Información Territorial,IGN
2018,5797,2018-04-20,Viernes,0.0,,,0.0,2,"Automóvil,Automóvil",Benito Juarez Y Italia,3,1,0,0,2,0,0,"-32.993249, -60.659461",Calle,,ROSARIO,Rosario,Asfalto,No existe,II,Dentro,Urbana,Ninguna,No existe,Intersección,Con baches,Buena,S/D,Buen Tiempo,Lateral,S/D,Colisión,S/D,Faltante,Ninguna,Sin restricción,"-32.993249, -60.659461","['Benito Juárez', 'Italia']",2,,-32.993249,-60.659461,55.0,538.0,Municipio Rosario,Municipio,Rosario,820210,Servicio de Catastro e Información Territorial,IGN
2018,5800,2018-04-01,Domingo,0.0,10:50:00,,0.0,2,"Automóvil,Automóvil",Av. Arijon Y Av. Bermudez,4,1,0,0,3,0,0,"-33.002833333333,-60.642555555556",Avenida,,ROSARIO,Rosario,Asfalto,No existe,II,Dentro,Urbana,Ninguna,No existe,Intersección,S/D,S/D,Diurna,S/D,Lateral,S/D,Colisión,S/D,Faltante,Ninguna,Sin restricción,"-33.002833333333,-60.642555555556","['Avenida Manuel Arijón', 'Bermudez']",2,,-33.002833333333,-60.642555555556,55.0,538.0,Municipio Rosario,Municipio,Rosario,820210,Servicio de Catastro e Información Territorial,IGN
2018,5803,2018-04-06,Viernes,0.0,21:45:00,,0.0,2,"Moto/Ciclomotor,Bicicleta",Bv. 27 De Febrero Y Italia,2,1,0,0,0,0,1,"-32.966,-60.65325",Calle,,ROSARIO,Rosario,Asfalto,No existe,II,S/D,Urbana,S/D,S/D,Intersección,S/D,S/D,Nocturna,S/D,S/D,Ciclista,Atropello,S/D,S/D,S/D,S/D,"-32.966,-60.65325","['27 de Febrero', 'Italia']",2,,-32.966,-60.65325,55.0,538.0,Municipio Rosario,Municipio,Rosario,820210,Servicio de Catastro e Información Territorial,IGN
2018,5811,2018-04-07,Sabado,0.0,,,0.0,2,"Camión,Moto/Ciclomotor",Av. Francia Y Hilarion de la Quintana,3,2,0,0,1,0,0,"-33.00175,-60.677638888889",Calle,,ROSARIO,Rosario,S/D,No existe,II,S/D,Urbana,S/D,S/D,Intersección,S/D,S/D,S/D,S/D,S/D,S/D,Colisión,S/D,S/D,S/D,S/D,"-33.00175,-60.677638888889","['Avenida Francia', 'Hilarión de la Quintana']",2,,-33.00175,-60.677638888889,55.0,538.0,Municipio Rosario,Municipio,Rosario,820210,Servicio de Catastro e Información Territorial,IGN
2018,5814,2018-04-08,Domingo,0.0,08:15:00,,0.0,2,"Pickup/Utilitario,Vehículo Oficial",Alberdi Y Junin,5,5,0,0,0,0,0,"-32.926611111111,-60.676722222222",Calle,,ROSARIO,Rosario,S/D,No existe,II,S/D,Urbana,S/D,S/D,Intersección,S/D,S/D,Diurna,S/D,S/D,S/D,Colisión,S/D,S/D,S/D,S/D,"-32.926611111111,-60.676722222222","['Alberdi', 'Junín']",2,,-32.926611111111,-60.676722222222,55.0,538.0,Municipio Rosario,Municipio,Rosario,820210,Servicio de Catastro e Información Territorial,IGN
2018,5815,2018-04-08,Domingo,0.0,19:35:00,,0.0,1,Moto/Ciclomotor,Cochabamba Y Bv. Avellaneda,1,1,0,0,0,0,0,"-32.951055555556,-60.682305555556",Calle,,ROSARIO,Rosario,Asfalto,No existe,II,S/D,Urbana,S/D,S/D,Intersección,S/D,S/D,Atardecer,S/D,S/D,S/D,Caída ocupante,S/D,S/D,S/D,S/D,"-32.951055555556,-60.682305555556","['Cochabamba', 'Avellaneda']",2,,-32.951055555556,-60.682305555556,55.0,538.0,Municipio Rosario,Municipio,Rosario,820210,Servicio de Catastro e Información Territorial,IGN
2018,5821,2018-08-19,Domingo,0.0,17:15:00,,0.0,2,"Automóvil,Moto/Ciclomotor",Paraguay Y Av. Uriburu,3,1,0,0,2,0,0,"-32.991055555556,-60.655222222222",Calle,,ROSARIO,Rosario,S/D,S/D,II,Dentro,Urbana,S/D,S/D,S/D,S/D,S/D,S/D,S/D,S/D,S/D,S/D,S/D,S/D,S/D,S/D,"-32.991055555556,-60.655222222222","['Paraguay', 'Uriburu']",2,,-32.991055555556,-60.655222222222,55.0,538.0,Municipio Rosario,Municipio,Rosario,820210,Servicio de Catastro e Información Territorial,IGN
2018,5825,2018-08-09,Jueves,0.0,15:20:00,,0.0,2,"Transporte de Pasajeros Urbano (> 8 asientos),Automóvil",Sanchez de Bustamante Y Buenos Aires,4,2,0,0,2,0,0,"-33.001833333333,-60.644972222222",Calle,,ROSARIO,Rosario,Asfalto,No existe,II,Dentro,Urbana,Ninguna,No existe,Intersección,Bueno,Buena,Diurna,Buen Tiempo,Lateral,S/D,Colisión,Ninguna,Faltante,Ninguna,Sin restricción,"-33.001833333333,-60.644972222222","['Sánchez de Bustamante', 'Buenos Aires']",2,,-33.001833333333,-60.644972222222,55.0,538.0,Municipio Rosario,Municipio,Rosario,820210,Servicio de Catastro e Información Territorial,IGN