anio_acci,nro_acci,fecha,desc_dia,fecha_aprox,hora_aprox,desc_ruta,km,cant_participantes,desc_participante,calle_avenida_km,total,heridos_leves,heridos_graves,heridos_gravisimos,ilesos,fallecidos,sin_datos,posicion_XY,desc_tipo_via,desc_ruta_ori,desc_loc,desc_dpto,desc_tipo_calzada,desc_tipo_banquina,desc_unidad_regional,desc_lugar_calzada,desc_zona,desc_prioridad,desc_estado_semaforo,desc_lugar_via,desc_estado_via,desc_estado_visibilidad,desc_luminosidad,desc_estado_clima,desc_tipo_colision,desc_tipo_atropello,desc_tipo_hecho,desc_pres_calzada,desc_senializacion,desc_separacion_via,desc_restriccion,forma_geocod,calle_lista,numero_calles,calles_osm,lat,lon,index_right,gid,fna,gna,nam,in1,fdc,sag
2018,5831,2018-08-14,Martes,0.0,18:40:00,,0.0,2,"Bicicleta,Pickup/Utilitario",Av. Arijon Y Mitre,2,1,0,0,1,0,0,"-33.003055555556,-60.650333333333",Avenida,,ROSARIO,Rosario,Asfalto,No existe,II,S/D,Urbana,Ninguna,No existe,Intersección,Bueno,Buena,Atardecer,Buen Tiempo,S/D,Ciclista,Atropello,Ninguna,Horizontal,Ninguna,S/D,"-33.003055555556,-60.650333333333","['Avenida Manuel Arijón', 'Mitre']",2,,-33.003055555556,-60.650333333333,55.0,538.0,Municipio Rosario,Municipio,Rosario,820210,Servicio de Catastro e Información Territorial,IGN
2018,5832,2018-08-17,Viernes,0.0,19:00:00,,0.0,2,"Pickup/Utilitario,Moto/Ciclomotor",Av. Jorge Cura Y Rodriguez,2,1,0,0,1,0,0,"-32.970083333333,-60.665638888889",Avenida,,ROSARIO,Rosario,Asfalto,No existe,II,S/D,Urbana,Ninguna,No existe,Intersección,Bueno,Buena,Nocturna,Buen Tiempo,Lateral,S/D,Colisión,Ninguna,Faltante,S/D,Sin restricción,"-32.970083333333,-60.665638888889","['Avenida Jorge Cura', 'Rodríguez']",2,,-32.970083333333,-60.665638888889,55.0,538.0,Municipio Rosario,Municipio,Rosario,820210,Servicio de Catastro e Información Territorial,IGN
2018,5834,2018-08-28,Martes,0.0,15:00:00,,0.0,2,"Moto/Ciclomotor,Automóvil",24 De Setiembre Y Necochea,2,0,0,1,1,0,0,"-32.982722222222,-60.632666666667",Calle,,ROSARIO,Rosario,Asfalto,No existe,II,Dentro,Urbana,Marca Vial,No existe,Intersección,Bueno,Buena,Diurna,Buen Tiempo,Lateral,S/D,Colisión,Ninguna,Vertical,Línea divisoria pintada,Sin restricción,"-32.982722222222,-60.632666666667","['24 de Septiembre', 'Necochea']",2,,-32.982722222222,-60.632666666667,55.0,538.0,Municipio Rosario,Municipio,Rosario,820210,Servicio de Catastro e Información Territorial,IGN
2018,5835,2018-08-09,Jueves,0.0,19:15:00,,0.0,2,"Moto/Ciclomotor,Automóvil",Ameghino 1200,2,1,0,0,1,0,0,"-32.986833333333,-60.649777777778",Calle,,ROSARIO,Rosario,S/D,No existe,II,S/D,Urbana,Ninguna,No existe,Recta,S/D,Buena,Atardecer,Buen Tiempo,De alcance,S/D,Colisión,Ninguna,Faltante,Ninguna,Sin restricción,"-32.986833333333,-60.649777777778",['Ameghino 1200'],1,,-32.986833333333,-60.649777777778,55.0,538.0,Municipio Rosario,Municipio,Rosario,820210,Servicio de Catastro e Información Territorial,IGN
2018,5837,2018-08-27,Lunes,0.0,20:00:00,,0.0,2,"Peatón,Automóvil",Guiraldes Bis Y Schmild,2,1,0,0,1,0,0,"-32.985527777778,-60.623416666667",Calle,,ROSARIO,Rosario,Asfalto,S/D,II,S/D,Urbana,Marca Vial,S/D,Intersección,Bueno,Buena,Con luz artificial,Buen Tiempo,S/D,Peatón,Atropello,Ninguna,Vertical,Línea divisoria pintada,Sin restricción,"-32.985527777778,-60.623416666667","['Güiraldes', 'Schmidl Ulrico']",2,,-32.985527777778,-60.623416666667,55.0,538.0,Municipio Rosario,Municipio,Rosario,820210,Servicio de Catastro e Información Territorial,IGN
2018,5839,2018-08-14,Martes,0.0,07:55:00,,0.0,2,"Bicicleta,Automóvil",Alvear Y Bv. Segui,3,2,0,0,1,0,0,"-32.976083333333,-60.662861111111",Calle,,ROSARIO,Rosario,Asfalto,No existe,II,Dentro,Urbana,Ninguna,No existe,Recta,Bueno,Buena,Amanecer,Buen Tiempo,S/D,Ciclista,Atropello,S/D,Horizontal,Ninguna,Sin restricción,"-32.976083333333,-60.662861111111","['Alvear', 'Bulevar Juan Francisco Seguí']",2,,-32.976083333333,-60.662861111111,55.0,538.0,Municipio Rosario,Municipio,Rosario,820210,Servicio de Catastro e Información Territorial,IGN
2018,5840,2018-08-10,Viernes,0.0,22:45:00,,0.0,2,"Taxi/Remis,Moto/Ciclomotor",Bv. Segui Y J.M.de Rosas,2,1,0,0,1,0,0,"-32.980416666667,-60.639527777778",Calle,,ROSARIO,Rosario,Asfalto,No existe,II,S/D,Urbana,Señal Pare,No existe,Intersección,Bueno,Buena,Nocturna,Buen Tiempo,Lateral,S/D,Colisión,Ninguna,Horizontal,Cordón divisorio,Sin restricción,"-32.980416666667,-60.639527777778","['Bulevar Juan Francisco Seguí', 'De Rosas']",2,,-32.980416666667,-60.639527777778,55.0,538.0,Municipio Rosario,Municipio,Rosario,820210,Servicio de Catastro e Información Territorial,IGN
2018,5841,2018-08-17,Viernes,0.0,08:00:00,,0.0,2,"Pickup/Utilitario,Moto/Ciclomotor",Amenabar Y Italia,2,1,0,0,1,0,0,"-32.970444444444,-60.654333333333",Calle,,ROSARIO,Rosario,Asfalto,No existe,II,S/D,Urbana,Ninguna,No existe,Intersección,Bueno,Buena,Amanecer,Buen Tiempo,De alcance,S/D,Colisión,Ninguna,Horizontal,Ninguna,Sin restricción,"-32.970444444444,-60.654333333333","['Amenabar', 'Italia']",2,,-32.970444444444,-60.654333333333,55.0,538.0,Municipio Rosario,Municipio,Rosario,820210,Servicio de Catastro e Información Territorial,IGN
2018,5843,2018-08-16,Jueves,0.0,16:30:00,,0.0,2,"Moto/Ciclomotor,Automóvil",Ayacucho Y Anchorena,2,1,0,0,1,0,0,"-32.997388888889,-60.6365",Calle,,ROSARIO,Rosario,Asfalto,No existe,II,Dentro,Urbana,Ninguna,No existe,Intersección,Bueno,Buena,Atardecer,Buen Tiempo,De alcance,S/D,Colisión,Ninguna,Horizontal,Ninguna,Sin restricción,"-32.997388888889,-60.6365","['Ayacucho', 'Anchorena']",2,,-32.997388888889,-60.6365,55.0,538.0,Municipio Rosario,Municipio,Rosario,820210,Servicio de Catastro e Información Territorial,IGN
2018,5844,2018-08-16,Jueves,0.0,12:40:00,,0.0,2,"Automóvil,Peatón",San Martin Y Av. Uriburu,2,1,0,0,1,0,0,"-32.990666666667,-60.646805555556",Avenida,,ROSARIO,Rosario,Asfalto,No existe,II,Dentro,Urbana,Semáforo,S/D,Recta,Bueno,Buena,S/D,Buen Tiempo,S/D,Peatón,Atropello,S/D,"Horizontal,Vertical",Ninguna,Sin restricción,"-32.990666666667,-60.646805555556","['San Martin', 'Uriburu']",2,,-32.990666666667,-60.646805555556,55.0,538.0,Municipio Rosario,Municipio,Rosario,820210,Servicio de Catastro e Información Territorial,IGN
2018,5845,2018-08-15,Miercoles,0.0,21:10:00,,0.0,2,"Moto/Ciclomotor,Automóvil",San Martin Y Centeno,4,1,0,0,3,0,0,"-32.985194444444,-60.645638888889",Calle,,ROSARIO,Rosario,Asfalto,No existe,II,S/D,Urbana,Semáforo,Funciona,Intersección,Bueno,Buena,Nocturna,Buen Tiempo,De alcance,S/D,Colisión,Ninguna,"Horizontal,Vertical",Cordón divisorio,Sin restricción,"-32.985194444444,-60.645638888889","['San Martin', 'Centeno']",2,,-32.985194444444,-60.645638888889,55.0,538.0,Municipio Rosario,Municipio,Rosario,820210,Servicio de Catastro e Información Territorial,IGN
2018,5852,2018-04-01,Domingo,0.0,12:40:00,,0.0,2,"Automóvil,Moto/Ciclomotor",Necochea Y Cerrito,2,1,0,0,1,0,0,"-32.964361111111,-60.628083333333",Calle,,ROSARIO,Rosario,Asfalto,No existe,II,Dentro,Urbana,Señal Pare,No existe,Intersección,S/D,S/D,Diurna,S/D,Lateral,S/D,Colisión,S/D,"Horizontal,Vertical",Ninguna,Sin restricción,"-32.964361111111,-60.628083333333","['Necochea', 'Cerrito']",2,,-32.964361111111,-60.628083333333,55.0,538.0,Municipio Rosario,Municipio,Rosario,820210,Servicio de Catastro e Información Territorial,IGN
2018,5853,2018-04-22,Domingo,0.0,,,0.0,2,"Moto/Ciclomotor,Taxi/Remis",Paraguay 3500,2,1,0,0,1,0,0,"-32.976924, -60.651678",Calle,,ROSARIO,Rosario,Asfalto,No existe,II,Dentro,Urbana,Ninguna,No existe,Intersección,Deteriorada,Buena,Diurna,Buen Tiempo,S/D,S/D,Colisión,Ninguna,Faltante,Ninguna,Sin restricción,"-32.976924, -60.651678",['Paraguay 3500'],1,,-32.976924,-60.651678,55.0,538.0,Municipio Rosario,Municipio,Rosario,820210,Servicio de Catastro e Información Territorial,IGN
2018,5859,2018-04-02,Lunes,0.0,,,0.0,2,"Moto/Ciclomotor,Moto/Ciclomotor",Zuviria Y Brasil,2,1,0,0,1,0,0,"-32.937138888889,-60.719722222222",Calle,,ROSARIO,Rosario,Hormigón,No existe,II,Dentro,Urbana,Ninguna,No existe,Intersección,S/D,S/D,S/D,S/D,Lateral,S/D,Colisión,S/D,Faltante,Ninguna,Sin restricción,"-32.937138888889,-60.719722222222","['Zuviría', 'Brasil']",2,,-32.937138888889,-60.719722222222,55.0,538.0,Municipio Rosario,Municipio,Rosario,820210,Servicio de Catastro e Información Territorial,IGN
2018,5860,2018-04-02,Lunes,0.0,09:30:00,,0.0,2,"Taxi/Remis,Moto/Ciclomotor",Av. Pellegrini Y Laprida,2,1,0,0,1,0,0,"-32.958083333333,-60.637",Avenida,,ROSARIO,Rosario,Asfalto,No existe,II,Dentro,Urbana,Semáforo,Funciona,Intersección,S/D,S/D,Diurna,S/D,S/D,S/D,Colisión,S/D,"Horizontal,Vertical",Cordón divisorio,Sin restricción,"-32.958083333333,-60.637","['Pellegrini', 'Laprida']",2,,-32.958083333333,-60.637,55.0,538.0,Municipio Rosario,Municipio,Rosario,820210,Servicio de Catastro e Información Territorial,IGN
2018,5868,2018-08-06,Lunes,0.0,14:25:00,,0.0,2,"Automóvil,Moto/Ciclomotor",Buenos Aires Y Amenabar,3,2,0,0,1,0,0,"-32.973166666667,-60.639166666667",S/D,,ROSARIO,Rosario,Asfalto,No existe,II,S/D,Urbana,Señal Pare,No existe,Intersección,Bueno,S/D,Diurna,Buen Tiempo,Lateral,S/D,Atropello,S/D,Horizontal,Ninguna,Sin restricción,"-32.973166666667,-60.639166666667","['Buenos Aires', 'Amenabar']",2,,-32.973166666667,-60.639166666667,55.0,538.0,Municipio Rosario,Municipio,Rosario,820210,Servicio de Catastro e Información Territorial,IGN
2018,5869,2018-08-15,Miercoles,0.0,18:55:00,,0.0,2,"Automóvil,Moto/Ciclomotor",Bv. Segui Y Av. Corrientes,4,3,0,0,1,0,0,"-32.97825,-60.650583333333",Calle,,ROSARIO,Rosario,Asfalto,Ripio,II,S/D,Urbana,Ninguna,S/D,Intersección,Bueno,Buena,S/D,Buen Tiempo,De alcance,S/D,Colisión,Ninguna,"Horizontal,Vertical",S/D,S/D,"-32.97825,-60.650583333333","['Bulevar Juan Francisco Seguí', 'Corrientes']",2,,-32.97825,-60.650583333333,55.0,538.0,Municipio Rosario,Municipio,Rosario,820210,Servicio de Catastro e Información Territorial,IGN
2018,5872,2018-08-14,Martes,0.0,20:00:00,,0.0,2,"Moto/Ciclomotor,Automóvil",San Martin Y Pte.Quintana,2,1,0,0,1,0,0,"-32.982916666667,-60.645",Calle,,ROSARIO,Rosario,Asfalto,No existe,II,Dentro,Urbana,Ninguna,Funciona,Intersección,Bueno,Buena,Nocturna,Buen Tiempo,De alcance,S/D,Colisión,Ninguna,"Horizontal,Vertical",Ninguna,Sin restricción,"-32.982916666667,-60.645","['San Martin', 'Quintana']",2,,-32.982916666667,-60.645,55.0,538.0,Municipio Rosario,Municipio,Rosario,820210,Servicio de Catastro e Información Territorial,IGN
2018,5874,2018-08-06,Lunes,0.0,07:30:00,,0.0,2,"Automóvil,Bicicleta",L.N.Alem Y Bv. Segui,2,1,0,0,1,0,0,"-32.98075,-60.6365",Calle,,ROSARIO,Rosario,Asfalto,S/D,II,S/D,Urbana,Ninguna,No existe,Intersección,Bueno,Buena,Diurna,Buen Tiempo,Lateral,Ciclista,Atropello,Ninguna,Horizontal,Cordón divisorio,Sin restricción,"-32.98075,-60.6365","['Alem', 'Bulevar Juan Francisco Seguí']",2,,-32.98075,-60.6365,55.0,538.0,Municipio Rosario,Municipio,Rosario,820210,Servicio de Catastro e Información Territorial,IGN
2018,5875,2018-08-11,Sabado,0.0,19:40:00,,0.0,2,"Automóvil,Moto/Ciclomotor",San Martin Y Cabildo,2,1,0,0,1,0,0,"-33.007388888889,-60.650222222222",Calle,,ROSARIO,Rosario,S/D,S/D,II,S/D,Urbana,S/D,S/D,S/D,S/D,S/D,S/D,S/D,S/D,S/D,S/D,S/D,S/D,S/D,S/D,"-33.007388888889,-60.650222222222","['San Martin', 'Cabildo']",2,,-33.007388888889,-60.650222222222,55.0,538.0,Municipio Rosario,Municipio,Rosario,820210,Servicio de Catastro e Información Territorial,IGN
2018,5877,2018-08-01,Miercoles,0.0,02:00:00,,0.0,1,Moto/Ciclomotor,Pasco ,2,0,0,2,0,0,0,"-32.96012, -60.63873",Calle,,ROSARIO,Rosario,Asfalto,No existe,II,Fuera,Urbana,Ninguna,No existe,Otro,S/D,S/D,Nocturna,S/D,S/D,S/D,Despiste,S/D,S/D,Ninguna,Sin restricción,"-32.96012, -60.63873",['Pasco'],1,,-32.96012,-60.63873,55.0,538.0,Municipio Rosario,Municipio,Rosario,820210,Servicio de Catastro e Información Territorial,IGN
2018,5878,2018-08-12,Domingo,0.0,12:10:00,,0.0,2,"Moto/Ciclomotor,Automóvil",Av. Corrientes Y Garibaldi,2,1,0,0,1,0,0,"-32.985194444444,-60.652333333333",Avenida,,ROSARIO,Rosario,Asfalto,No existe,II,S/D,Urbana,Ninguna,No existe,Intersección,Bueno,Buena,Diurna,Buen Tiempo,Lateral,S/D,Colisión,Ninguna,Faltante,Ninguna,Sin restricción,"-32.985194444444,-60.652333333333","['Corrientes', 'José Garibaldi']",2,,-32.985194444444,-60.652333333333,55.0,538.0,Municipio Rosario,Municipio,Rosario,820210,Servicio de Catastro e Información Territorial,IGN
2018,5879,2018-08-06,Lunes,0.0,14:55:00,,0.0,2,"Moto/Ciclomotor,Automóvil",Av. Carlos Colombres Y White,2,1,0,0,1,0,0,"-32.94215, -60.72927",Calle,,ROSARIO,Rosario,Asfalto,No existe,II,Dentro,Urbana,Ninguna,S/D,Recta,Bueno,Buena,Diurna,S/D,Lateral,S/D,Colisión,S/D,S/D,Ninguna,Sin restricción,"-32.94215, -60.72927","['José Colombres', 'White']",2,,-32.94215,-60.72927,55.0,538.0,Municipio Rosario,Municipio,Rosario,820210,Servicio de Catastro e Información Territorial,IGN
2018,5880,2018-08-11,Sabado,0.0,20:30:00,,0.0,2,"Automóvil,Moto/Ciclomotor",San Martin Y Caupolican,3,2,0,0,1,0,0,"-33.009972222222,-60.650777777778",Calle,,ROSARIO,Rosario,Asfalto,No existe,II,S/D,Urbana,Ninguna,Funciona,Intersección,Bueno,Buena,Nocturna,Buen Tiempo,Lateral,S/D,Colisión,Ninguna,Vertical,Ninguna,Sin restricción,"-33.009972222222,-60.650777777778","['San Martin', 'Caupolicán']",2,,-33.009972222222,-60.650777777778,55.0,538.0,Municipio Rosario,Municipio,Rosario,820210,Servicio de Catastro e Información Territorial,IGN
2018,5881,2018-08-11,Sabado,0.0,20:50:00,,0.0,2,"Automóvil,Moto/Ciclomotor",J.M.de Rosas Y Gustavo Cochet,2,1,0,0,1,0,0,"-32.93988, -60.7232",Calle,,ROSARIO,Rosario,Asfalto,Natural,II,Dentro,Urbana,Ninguna,No existe,Recta,Bueno,S/D,"Nocturna,Con luz artificial",S/D,Otro,S/D,Colisión,S/D,S/D,Ninguna,Sin restricción,"-32.93988, -60.7232","['De Rosas', 'Gustavo Cochet']",2,,-32.93988,-60.7232,55.0,538.0,Municipio Rosario,Municipio,Rosario,820210,Servicio de Catastro e Información Territorial,IGN
2018,5882,2018-08-18,Sabado,0.0,17:45:00,,0.0,2,"Moto/Ciclomotor,Automóvil",Bv. 27 De Febrero Y Rodriguez,2,1,0,0,1,0,0,"-32.964055555556,-60.664111111111",Calle,,ROSARIO,Rosario,Asfalto,No existe,II,S/D,Urbana,Ninguna,No existe,Intersección,Bueno,Buena,Diurna,Buen Tiempo,Lateral,S/D,Colisión,S/D,S/D,Ninguna,Sin restricción,"-32.964055555556,-60.664111111111","['27 de Febrero', 'Rodríguez']",2,,-32.964055555556,-60.664111111111,55.0,538.0,Municipio Rosario,Municipio,Rosario,820210,Servicio de Catastro e Información Territorial,IGN
2018,5883,2018-08-16,Jueves,0.0,19:30:00,,0.0,2,"Automóvil,Moto/Ciclomotor",Mendoza Y Donado,2,1,0,0,1,0,0,"-32.940694444444,-60.726972222222",Calle,,ROSARIO,Rosario,Asfalto,Pavimento,II,Dentro,Urbana,Semáforo,Funciona,Recta,Bueno,Buena,"Atardecer,Con luz artificial",S/D,Otro,S/D,Colisión,S/D,Vertical,Cordón divisorio,Sin restricción,"-32.940694444444,-60.726972222222","['Mendoza', 'Donado']",2,,-32.940694444444,-60.726972222222,55.0,538.0,Municipio Rosario,Municipio,Rosario,820210,Servicio de Catastro e Información Territorial,IGN
2018,5884,2018-08-11,Sabado,0.0,15:10:00,,0.0,2,"Moto/Ciclomotor,Automóvil",Buenos Aires Y Hilarion de la Quintana,2,1,0,0,1,0,0,"-33.000805555556,-60.645027777778",Calle,,ROSARIO,Rosario,Asfalto,No existe,II,S/D,Rural,Ninguna,No existe,Intersección,Bueno,Buena,Diurna,Buen Tiempo,Lateral,S/D,Colisión,Ninguna,Faltante,Ninguna,Sin restricción,"-33.000805555556,-60.645027777778","['Buenos Aires', 'Hilarión de la Quintana']",2,,-33.000805555556,-60.645027777778,55.0,538.0,Municipio Rosario,Municipio,Rosario,820210,Servicio de Catastro e Información Territorial,IGN
2018,5885,2018-08-21,Martes,0.0,20:50:00,,0.0,2,"Moto/Ciclomotor,Bicicleta",Calle 1331 ,3,3,0,0,0,0,0,"-32.940333333333,-60.745194444444",Calle,,ROSARIO,Rosario,Asfalto,Natural,II,Dentro,Urbana,Ninguna,No existe,Recta,Bueno,S/D,"Nocturna,Con luz artificial",S/D,S/D,Ciclista,Atropello,S/D,S/D,Ninguna,Sin restricción,"-32.940333333333,-60.745194444444",['Calle 1331'],1,,-32.940333333333,-60.745194444444,55.0,538.0,Municipio Rosario,Municipio,Rosario,820210,Servicio de Catastro e Información Territorial,IGN
2018,5886,2018-08-11,Sabado,0.0,09:20:00,,0.0,2,"Automóvil,Automóvil",Rodriguez Y Fragata Sarmiento,3,2,0,0,1,0,0,"-32.989134493586, -60.670467579697",Calle,,ROSARIO,Rosario,Asfalto,No existe,II,S/D,Urbana,Ninguna,No existe,Intersección,Bueno,Buena,Diurna,Buen Tiempo,Lateral,S/D,Colisión,Ninguna,Faltante,Ninguna,Sin restricción,"-32.989134493586, -60.670467579697","['Rodríguez', 'Fragata Sarmiento']",2,,-32.989134493586,-60.670467579697,55.0,538.0,Municipio Rosario,Municipio,Rosario,820210,Servicio de Catastro e Información Territorial,IGN
2018,5887,2018-08-16,Jueves,0.0,12:15:00,,0.0,2,"Moto/Ciclomotor,Automóvil",Bv. 27 De Febrero 1100,2,1,0,0,1,0,0,"-32.967527777778,-60.6435",Calle,,ROSARIO,Rosario,Asfalto,No existe,II,S/D,Urbana,Ninguna,No existe,Recta,Bueno,Buena,Diurna,Buen Tiempo,De alcance,S/D,Colisión,Ninguna,S/D,Ninguna,Sin restricción,"-32.967527777778,-60.6435",['27 De Febrero 1100'],1,,-32.967527777778,-60.6435,55.0,538.0,Municipio Rosario,Municipio,Rosario,820210,Servicio de Catastro e Información Territorial,IGN
2018,5888,2018-08-10,Viernes,0.0,21:15:00,,0.0,2,"Taxi/Remis,Automóvil",Dorrego Y Bv. Segui,4,2,0,0,2,0,0,"-32.977055555556,-60.657444444444",Calle,,ROSARIO,Rosario,Asfalto,No existe,II,S/D,Urbana,Ninguna,No existe,Intersección,Bueno,Buena,Nocturna,Buen Tiempo,Lateral,S/D,Colisión,Ninguna,Faltante,Ninguna,Sin restricción,"-32.977055555556,-60.657444444444","['Dorrego', 'Bulevar Juan Francisco Seguí']",2,,-32.977055555556,-60.657444444444,55.0,538.0,Municipio Rosario,Municipio,Rosario,820210,Servicio de Catastro e Información Territorial,IGN
2018,5889,2018-08-23,Jueves,0.0,19:05:00,,0.0,2,"Peatón,Moto/Ciclomotor",Mendoza Y Donado,2,0,1,0,1,0,0,"-32.940694444444,-60.726972222222",Calle,,ROSARIO,Rosario,Asfalto,Pavimento,II,Dentro,Urbana,Semáforo,Funciona,Recta,Bueno,S/D,"Diurna,Con luz artificial",S/D,S/D,Peatón,Atropello,S/D,Vertical,Cordón divisorio,Sin restricción,"-32.940694444444,-60.726972222222","['Mendoza', 'Donado']",2,,-32.940694444444,-60.726972222222,55.0,538.0,Municipio Rosario,Municipio,Rosario,820210,Servicio de Catastro e Información Territorial,IGN
2018,5890,2018-08-12,Domingo,0.0,03:40:00,,0.0,2,"Automóvil,Moto/Ciclomotor",San Martin Y Av. Battle y Ordo?ez,3,2,0,0,1,0,0,"-33.008888888889,-60.650666666667",Avenida,,ROSARIO,Rosario,Asfalto,No existe,II,S/D,Urbana,Ninguna,No existe,Intersección,Bueno,Buena,Nocturna,Buen Tiempo,Lateral,S/D,Colisión,Ninguna,Faltante,Ninguna,Sin restricción,"-33.008888888889,-60.650666666667","['San Martin', 'Avenida Battle y Ordoñez']",2,,-33.008888888889,-60.650666666667,55.0,538.0,Municipio Rosario,Municipio,Rosario,820210,Servicio de Catastro e Información Territorial,IGN
2018,5891,2018-08-01,Miercoles,0.0,18:00:00,,0.0,2,"Moto/Ciclomotor,Moto/Ciclomotor",Bv. Avellaneda Y Rueda,2,0,1,0,0,0,1,"-32.963722222222,-60.68525",Calle,,ROSARIO,Rosario,Asfalto,No existe,II,S/D,Urbana,Ninguna,No existe,Otro,Bueno,Buena,Con luz artificial,Buen Tiempo,Otro,S/D,Colisión,Ninguna,Faltante,Ninguna,Sin restricción,"-32.963722222222,-60.68525","['Avellaneda', 'Rueda']",2,,-32.963722222222,-60.68525,55.0,538.0,Municipio Rosario,Municipio,Rosario,820210,Servicio de Catastro e Información Territorial,IGN
2018,5893,2018-08-16,Jueves,0.0,,,0.0,2,"Moto/Ciclomotor,Automóvil",Caicobe ,2,1,0,0,1,0,0,"-32.91288, -60.72959",Calle,,ROSARIO,Rosario,Asfalto,No existe,II,S/D,Urbana,Ninguna,No existe,Intersección,Bueno,Buena,Diurna,Buen Tiempo,Lateral,S/D,Colisión,Ninguna,Faltante,Ninguna,Sin restricción,"-32.91288, -60.72959",['Caicobé'],1,,-32.91288,-60.72959,55.0,538.0,Municipio Rosario,Municipio,Rosario,820210,Servicio de Catastro e Información Territorial,IGN
2018,5895,2018-08-21,Martes,0.0,09:15:00,,0.0,2,"Moto/Ciclomotor,Automóvil",San Nicolas Y Pasco,2,0,1,0,0,0,1,"-32.953444444444,-60.675638888889",Calle,,ROSARIO,Rosario,Asfalto,No existe,II,S/D,Urbana,Ninguna,No existe,Otro,Bueno,Buena,Diurna,Buen Tiempo,Frontal,S/D,Colisión,Ninguna,Faltante,Ninguna,Sin restricción,"-32.953444444444,-60.675638888889","['San Nicolás', 'Pasco']",2,,-32.953444444444,-60.675638888889,55.0,538.0,Municipio Rosario,Municipio,Rosario,820210,Servicio de Catastro e Información Territorial,IGN
2018,5896,2018-08-15,Miercoles,0.0,08:25:00,,0.0,2,"Automóvil,Moto/Ciclomotor",Martinez Estrada Y Tarragona,2,2,0,0,0,0,0,"-32.93632, -60.73427",Calle,,ROSARIO,Rosario,Asfalto,No existe,II,S/D,Urbana,Ninguna,No existe,Intersección,Bueno,Buena,Diurna,Buen Tiempo,Lateral,S/D,Colisión,Ninguna,Faltante,Ninguna,Sin restricción,"-32.93632, -60.73427","['Martinez Estrada', 'Tarragona']",2,,-32.93632,-60.73427,55.0,538.0,Municipio Rosario,Municipio,Rosario,820210,Servicio de Catastro e Información Territorial,IGN
2018,5897,2018-08-10,Viernes,0.0,17:30:00,,0.0,2,"Moto/Ciclomotor,Pickup/Utilitario",Reg.11 de Infanteria Y Ayacucho,2,1,0,0,1,0,0,"-32.998416666667,-60.636444444444",Calle,,ROSARIO,Rosario,Asfalto,No existe,II,Dentro,Urbana,Ninguna,No existe,Intersección,Bueno,Buena,Diurna,Buen Tiempo,Lateral,S/D,Colisión,Ninguna,Faltante,Ninguna,Sin restricción,"-32.998416666667,-60.636444444444","['Regimiento 11', 'Ayacucho']",2,,-32.998416666667,-60.636444444444,55.0,538.0,Municipio Rosario,Municipio,Rosario,820210,Servicio de Catastro e Información Territorial,IGN
2018,5898,2018-08-14,Martes,0.0,11:40:00,,0.0,2,"Automóvil,Moto/Ciclomotor",Servando Bayo Y Ituzaingo,2,1,0,0,0,0,1,"-32.952416666667,-60.688222222222",S/D,,ROSARIO,Rosario,Asfalto,No existe,II,S/D,Urbana,Ninguna,No existe,Otro,Con baches,Buena,Diurna,Buen Tiempo,Frontal,S/D,Colisión,Ninguna,Faltante,Ninguna,Sin restricción,"-32.952416666667,-60.688222222222","['Servando Bayo', 'Ituzaingó']",2,,-32.952416666667,-60.688222222222,55.0,538.0,Municipio Rosario,Municipio,Rosario,820210,Servicio de Catastro e Información Territorial,IGN
2018,5899,2018-08-01,Miercoles,0.0,17:10:00,,0.0,2,"Moto/Ciclomotor,Automóvil",Paraguay Y Juan Canals,2,0,1,0,1,0,0,"-32.988388888889,-60.654555555556",Calle,,ROSARIO,Rosario,Asfalto,S/D,II,S/D,Urbana,Ninguna,No existe,Recta,Bueno,Buena,Atardecer,Buen Tiempo,De alcance,S/D,Colisión,Ninguna,Faltante,Ninguna,Sin restricción,"-32.988388888889,-60.654555555556","['Paraguay', 'Juan Canals']",2,,-32.988388888889,-60.654555555556,55.0,538.0,Municipio Rosario,Municipio,Rosario,820210,Servicio de Catastro e Información Territorial,IGN