anio_acci,nro_acci,fecha,desc_dia,fecha_aprox,hora_aprox,desc_ruta,km,cant_participantes,desc_participante,calle_avenida_km,total,heridos_leves,heridos_graves,heridos_gravisimos,ilesos,fallecidos,sin_datos,posicion_XY,desc_tipo_via,desc_ruta_ori,desc_loc,desc_dpto,desc_tipo_calzada,desc_tipo_banquina,desc_unidad_regional,desc_lugar_calzada,desc_zona,desc_prioridad,desc_estado_semaforo,desc_lugar_via,desc_estado_via,desc_estado_visibilidad,desc_luminosidad,desc_estado_clima,desc_tipo_colision,desc_tipo_atropello,desc_tipo_hecho,desc_pres_calzada,desc_senializacion,desc_separacion_via,desc_restriccion,forma_geocod,calle_lista,numero_calles,calles_osm,lat,lon,index_right,gid,fna,gna,nam,in1,fdc,sag
2018,5900,2018-08-06,Lunes,0.0,17:00:00,,0.0,2,"Automóvil,Moto/Ciclomotor",Bv. Segui Y Callao,2,1,0,0,1,0,0,"-32.97525,-60.668361111111",Calle,,ROSARIO,Rosario,Asfalto,No existe,II,S/D,Urbana,Ninguna,No existe,Intersección,Bueno,Buena,Diurna,Buen Tiempo,Lateral,S/D,Colisión,Ninguna,Faltante,Ninguna,Sin restricción,"-32.97525,-60.668361111111","['Bulevar Juan Francisco Seguí', 'Callao']",2,,-32.97525,-60.668361111111,55.0,538.0,Municipio Rosario,Municipio,Rosario,820210,Servicio de Catastro e Información Territorial,IGN
2018,5901,2018-08-31,Viernes,0.0,16:50:00,,0.0,3,"Automóvil,Automóvil,Moto/Ciclomotor",Donado Y Av. Jorge Newbery,4,1,1,0,2,0,0,"-32.908277777778,-60.728388888889",Avenida,,ROSARIO,Rosario,Asfalto,No existe,II,S/D,Urbana,Ninguna,No existe,Intersección,Bueno,Buena,Diurna,Buen Tiempo,Lateral,S/D,Colisión,Ninguna,S/D,Ninguna,Sin restricción,"-32.908277777778,-60.728388888889","['Donado', 'Jorge Newbery']",2,,-32.908277777778,-60.728388888889,55.0,538.0,Municipio Rosario,Municipio,Rosario,820210,Servicio de Catastro e Información Territorial,IGN
2018,5902,2018-08-01,Miercoles,0.0,19:00:00,,0.0,2,"Moto/Ciclomotor,Automóvil",Anchorena Y San Martin,2,1,0,0,1,0,0,"-32.99775,-60.648166666667",Calle,,ROSARIO,Rosario,Asfalto,No existe,II,S/D,Urbana,Semáforo,Funciona,Intersección,Bueno,Buena,Atardecer,Buen Tiempo,Lateral,S/D,Colisión,Ninguna,Horizontal,Cordón divisorio,Sin restricción,"-32.99775,-60.648166666667","['Anchorena', 'San Martin']",2,,-32.99775,-60.648166666667,55.0,538.0,Municipio Rosario,Municipio,Rosario,820210,Servicio de Catastro e Información Territorial,IGN
2018,5903,2018-08-05,Domingo,0.0,19:30:00,,0.0,2,"Moto/Ciclomotor,Automóvil",Abanderado Grandoli Y Isola Bis,2,1,0,0,1,0,0,"-32.991367914512, -60.628659648873",Calle,,ROSARIO,Rosario,Asfalto,No existe,II,S/D,Urbana,Semáforo,Funciona,Recta,Bueno,Buena,Nocturna,Buen Tiempo,De alcance,S/D,Colisión,Ninguna,"Horizontal,Vertical",Ninguna,Sin restricción,"-32.991367914512, -60.628659648873","['Avenida Abanderado Grandoli', 'Isola']",2,,-32.991367914512,-60.628659648873,55.0,538.0,Municipio Rosario,Municipio,Rosario,820210,Servicio de Catastro e Información Territorial,IGN
2018,5906,2018-04-24,Martes,0.0,22:30:00,,0.0,2,"Automóvil,Automóvil",Pascual Rosas Y Av. Pte.Peron,3,1,0,0,2,0,0,"-32.958409, -60.691145",Avenida,,ROSARIO,Rosario,Asfalto,No existe,II,Dentro,Urbana,Semáforo,Funciona,Intersección,Bueno,Buena,"Nocturna,Con luz artificial",Buen Tiempo,S/D,S/D,Colisión,Ninguna,"Horizontal,Vertical","Cordón divisorio,Línea divisoria pintada",Sin restricción,"-32.958409, -60.691145","['Pascual Rosas', 'Avenida Presidente Perón']",2,,-32.958409,-60.691145,55.0,538.0,Municipio Rosario,Municipio,Rosario,820210,Servicio de Catastro e Información Territorial,IGN
2018,5907,2018-04-24,Martes,0.0,,,0.0,2,"Moto/Ciclomotor,Automóvil",Bv. 27 De Febrero 930,2,1,0,0,1,0,0,"-32.967980, -60.641129",Avenida,,ROSARIO,Rosario,Asfalto,No existe,II,Dentro,Urbana,Semáforo,Funciona,Recta,Bueno,Buena,S/D,Buen Tiempo,S/D,S/D,Colisión,Ninguna,"Horizontal,Vertical","Cordón divisorio,Línea divisoria pintada",Sin restricción,"-32.967980, -60.641129",['27 De Febrero 930'],1,,-32.96798,-60.641129,55.0,538.0,Municipio Rosario,Municipio,Rosario,820210,Servicio de Catastro e Información Territorial,IGN
2018,5917,2018-08-17,Viernes,0.0,17:20:00,,0.0,3,"Automóvil,Automóvil,Bicicleta",Ugarteche Y Cam De Las Carretas,3,3,0,0,0,0,0,"-32.934583333333,-60.759277777778",Calle,,ROSARIO,Rosario,Asfalto,No existe,II,Dentro,Urbana,Ninguna,S/D,Intersección,Bueno,Buena,Diurna,Buen Tiempo,Lateral,Ciclista,Atropello,Ninguna,S/D,Ninguna,Sin restricción,"-32.934583333333,-60.759277777778","['Ugarteche', 'Camino de las Carretas']",2,,-32.934583333333,-60.759277777778,55.0,538.0,Municipio Rosario,Municipio,Rosario,820210,Servicio de Catastro e Información Territorial,IGN
2018,5918,2018-08-06,Lunes,0.0,11:00:00,,0.0,2,"Moto/Ciclomotor,Automóvil",Mitre Y Pte.Quintana,2,1,0,0,1,0,0,"-32.982277777778,-60.648638888889",Calle,,ROSARIO,Rosario,Asfalto,No existe,II,S/D,Urbana,Ninguna,No existe,Curva,Bueno,Buena,Diurna,Buen Tiempo,Lateral,S/D,Colisión,Ninguna,Faltante,Ninguna,Sin restricción,"-32.982277777778,-60.648638888889","['Mitre', 'Quintana']",2,,-32.982277777778,-60.648638888889,55.0,538.0,Municipio Rosario,Municipio,Rosario,820210,Servicio de Catastro e Información Territorial,IGN
2018,5919,2018-08-21,Martes,0.0,21:30:00,,0.0,1,Moto/Ciclomotor,Av. Genova Y Tarragona Bis,1,1,0,0,0,0,0,"-32.916583333333,-60.735138888889",Calle,,ROSARIO,Rosario,Asfalto,No existe,II,Dentro,Urbana,Ninguna,S/D,Intersección,Bueno,Buena,Nocturna,Buen Tiempo,Atropello animal,S/D,Caída ocupante,Ninguna,S/D,Ninguna,Sin restricción,"-32.916583333333,-60.735138888889","['Genova', 'Tarragona']",2,,-32.916583333333,-60.735138888889,55.0,538.0,Municipio Rosario,Municipio,Rosario,820210,Servicio de Catastro e Información Territorial,IGN
2018,5920,2018-08-03,Viernes,0.0,12:55:00,,0.0,2,"Bicicleta,Automóvil",San Martin Y F.Frias,2,1,0,0,0,0,1,"-33.012027777778,-60.651222222222",Calle,,ROSARIO,Rosario,Asfalto,No existe,II,S/D,Urbana,Semáforo,Funciona,Intersección,Bueno,Buena,S/D,Buen Tiempo,S/D,Ciclista,Atropello,Agua,"Horizontal,Vertical",Línea divisoria pintada,Sin restricción,"-33.012027777778,-60.651222222222","['San Martin', 'Frias']",2,,-33.012027777778,-60.651222222222,55.0,538.0,Municipio Rosario,Municipio,Rosario,820210,Servicio de Catastro e Información Territorial,IGN
2018,5922,2018-08-13,Lunes,0.0,17:30:00,,0.0,1,Peatón,Av. Eva Peron Y Tarragona,1,1,0,0,0,0,0,"-32.929194444444,-60.734472222222",Avenida,,ROSARIO,Rosario,Asfalto,No existe,II,Dentro,Urbana,Ninguna,S/D,Otro,Bueno,Buena,Diurna,Buen Tiempo,S/D,Peatón,Atropello,Ninguna,S/D,Cordón divisorio,Sin restricción,"-32.929194444444,-60.734472222222","['Avenida Eva Perón', 'Tarragona']",2,,-32.929194444444,-60.734472222222,55.0,538.0,Municipio Rosario,Municipio,Rosario,820210,Servicio de Catastro e Información Territorial,IGN
2018,5924,2018-08-04,Sabado,0.0,22:30:00,,0.0,2,"Moto/Ciclomotor,Automóvil",Av. Provincias Unidas Y French,4,1,0,0,3,0,0,"-32.921777777778,-60.713388888889",Avenida,,ROSARIO,Rosario,Asfalto,No existe,II,Dentro,Urbana,Ninguna,No existe,Intersección,Bueno,Buena,Nocturna,Buen Tiempo,S/D,S/D,Colisión,Ninguna,S/D,Cordón divisorio,Sin restricción,"-32.921777777778,-60.713388888889","['Avenida Provincias Unidas', 'French']",2,,-32.921777777778,-60.713388888889,55.0,538.0,Municipio Rosario,Municipio,Rosario,820210,Servicio de Catastro e Información Territorial,IGN
2018,5925,2018-08-06,Lunes,0.0,13:35:00,,0.0,3,"Automóvil,Pickup/Utilitario,Pickup/Utilitario",Bv. Segui 1400,4,2,0,0,2,0,0,"-32.97825,-60.650583333333",Calle,,ROSARIO,Rosario,Asfalto,No existe,II,S/D,Urbana,S/D,No existe,Recta,Bueno,Buena,Diurna,Buen Tiempo,Múltiple,S/D,Colisión,Ninguna,"Horizontal,Vertical",S/D,Sin restricción,"-32.97825,-60.650583333333",['Bulevar Juan Francisco Seguí 1400'],1,,-32.97825,-60.650583333333,55.0,538.0,Municipio Rosario,Municipio,Rosario,820210,Servicio de Catastro e Información Territorial,IGN
2018,5927,2018-08-01,Miercoles,0.0,21:20:00,,0.0,2,"Pickup/Utilitario,Automóvil",Av. Eva Peron Y Ambrosetti,5,3,0,0,2,0,0,"-32.92861, -60.73783",Avenida,,ROSARIO,Rosario,Asfalto,No existe,II,Dentro,Urbana,Ninguna,S/D,Recta,Bueno,Buena,Nocturna,Buen Tiempo,De alcance,S/D,Colisión,Ninguna,S/D,S/D,Sin restricción,"-32.92861, -60.73783","['Avenida Eva Perón', 'Ambrosetti']",2,,-32.92861,-60.73783,55.0,538.0,Municipio Rosario,Municipio,Rosario,820210,Servicio de Catastro e Información Territorial,IGN
2018,5928,2018-08-08,Miercoles,0.0,08:00:00,,0.0,2,"Automóvil,Bicicleta",Bv. Oro?o Y Saavedra,2,0,0,0,1,0,1,"-32.975194444444,-60.661416666667",Calle,,ROSARIO,Rosario,Asfalto,No existe,II,S/D,Urbana,Ninguna,S/D,Intersección,Bueno,Buena,Diurna,Buen Tiempo,Lateral,S/D,Colisión,S/D,Faltante,Ninguna,Sin restricción,"-32.975194444444,-60.661416666667","['Bulevar Nicasio Oroño', 'Saavedra']",2,,-32.975194444444,-60.661416666667,55.0,538.0,Municipio Rosario,Municipio,Rosario,820210,Servicio de Catastro e Información Territorial,IGN
2018,5930,2018-08-24,Viernes,0.0,07:30:00,,0.0,2,"Moto/Ciclomotor,Automóvil",Av. Eva Peron ,3,1,0,0,2,0,0,"-32.93143, -60.72181",Calle,,ROSARIO,Rosario,Asfalto,No existe,II,Dentro,Urbana,Ninguna,Funciona,Intersección,Bueno,Buena,Diurna,Buen Tiempo,S/D,S/D,Colisión,Ninguna,S/D,Ninguna,Sin restricción,"-32.93143, -60.72181",['Eva Peron'],1,,-32.93143,-60.72181,55.0,538.0,Municipio Rosario,Municipio,Rosario,820210,Servicio de Catastro e Información Territorial,IGN
2018,5931,2018-08-02,Jueves,0.0,08:40:00,,0.0,2,"Automóvil,Peatón",San Martin Y Ayolas,2,1,0,0,1,0,0,"-32.977027777778,-60.644388888889",Avenida,,ROSARIO,Rosario,S/D,S/D,II,S/D,Urbana,S/D,S/D,S/D,S/D,S/D,S/D,S/D,S/D,Peatón,Atropello,S/D,S/D,S/D,S/D,"-32.977027777778,-60.644388888889","['San Martin', 'Ayolas']",2,,-32.977027777778,-60.644388888889,55.0,538.0,Municipio Rosario,Municipio,Rosario,820210,Servicio de Catastro e Información Territorial,IGN
2018,5933,2018-08-19,Domingo,0.0,18:15:00,,0.0,2,"Moto/Ciclomotor,Automóvil",Bv. Argentino Y Tarragona,5,3,1,0,1,0,0,"-32.924361111111,-60.734666666667",Calle,,ROSARIO,Rosario,Asfalto,No existe,II,Dentro,Urbana,Ninguna,S/D,Intersección,Bueno,Buena,Diurna,Buen Tiempo,S/D,S/D,Colisión,Ninguna,S/D,Ninguna,Sin restricción,"-32.924361111111,-60.734666666667","['Argentino', 'Tarragona']",2,,-32.924361111111,-60.734666666667,55.0,538.0,Municipio Rosario,Municipio,Rosario,820210,Servicio de Catastro e Información Territorial,IGN
2018,5934,2018-08-08,Miercoles,0.0,07:30:00,,0.0,2,"Automóvil,Pickup/Utilitario",Sarmiento Y Pje. Gral.Savio,2,0,1,0,1,0,0,"-32.996504347912, -60.649167922375",Calle,,ROSARIO,Rosario,Asfalto,No existe,II,S/D,Urbana,Ninguna,No existe,Intersección,Bueno,Buena,Diurna,Buen Tiempo,De alcance,S/D,Colisión,Ninguna,Faltante,Ninguna,Sin restricción,"-32.996504347912, -60.649167922375","['Sarmiento', 'Savio']",2,,-32.996504347912,-60.649167922375,55.0,538.0,Municipio Rosario,Municipio,Rosario,820210,Servicio de Catastro e Información Territorial,IGN
2018,5935,2018-08-14,Martes,0.0,17:05:00,,0.0,2,"Bicicleta,Automóvil",Tarragona Y Av. Eva Peron,2,1,0,0,0,0,1,"-32.92917, -60.73452",Avenida,,ROSARIO,Rosario,Asfalto,No existe,II,Dentro,Urbana,Ninguna,S/D,Intersección,Bueno,Buena,Diurna,Buen Tiempo,De alcance,Ciclista,"Caída ocupante,Atropello",Ninguna,S/D,Cordón divisorio,Sin restricción,"-32.92917, -60.73452","['Tarragona', 'Avenida Eva Perón']",2,,-32.92917,-60.73452,55.0,538.0,Municipio Rosario,Municipio,Rosario,820210,Servicio de Catastro e Información Territorial,IGN
2018,5937,2018-08-02,Jueves,0.0,18:10:00,,0.0,2,"Moto/Ciclomotor,Automóvil",Av. Battle y Ordo?ez Y Paraguay,2,0,0,0,0,0,2,"-33.009,-60.654472222222",Avenida,,ROSARIO,Rosario,Asfalto,No existe,II,S/D,Urbana,Ninguna,Funciona,Intersección,Bueno,Buena,Atardecer,Buen Tiempo,Lateral,S/D,Colisión,S/D,Faltante,Ninguna,Sin restricción,"-33.009,-60.654472222222","['Avenida Battle y Ordoñez', 'Paraguay']",2,,-33.009,-60.654472222222,55.0,538.0,Municipio Rosario,Municipio,Rosario,820210,Servicio de Catastro e Información Territorial,IGN
2018,5938,2018-08-22,Miercoles,0.0,20:15:00,,0.0,3,"Moto/Ciclomotor,Moto/Ciclomotor,Otros",Juan B.De La Salle Y Ecuador Bis,3,3,0,0,0,0,0,"-32.922555555556,-60.715777777778",Calle,,ROSARIO,Rosario,Asfalto,No existe,II,Dentro,Urbana,Ninguna,No existe,Recta,Bueno,Buena,Nocturna,Buen Tiempo,De alcance,S/D,Colisión,Ninguna,Faltante,Ninguna,Sin restricción,"-32.922555555556,-60.715777777778","['De La Salle', 'Ecuador']",2,,-32.922555555556,-60.715777777778,55.0,538.0,Municipio Rosario,Municipio,Rosario,820210,Servicio de Catastro e Información Territorial,IGN
2018,5939,2018-08-08,Miercoles,0.0,00:15:00,,0.0,2,"Automóvil,Automóvil",Av. Arijon ,2,1,0,0,1,0,0,"-33.003022588327, -60.649866381978",Avenida,,ROSARIO,Rosario,S/D,S/D,II,Dentro,Urbana,S/D,S/D,S/D,S/D,S/D,Nocturna,S/D,S/D,S/D,S/D,S/D,S/D,S/D,S/D,"-33.003022588327, -60.649866381978",['Arijon'],1,,-33.003022588327,-60.649866381978,55.0,538.0,Municipio Rosario,Municipio,Rosario,820210,Servicio de Catastro e Información Territorial,IGN
2018,5942,2018-08-01,Miercoles,0.0,21:30:00,,0.0,2,"Moto/Ciclomotor,Automóvil",San Martin Y Av. Arijon,2,1,0,0,0,0,1,"-33.003027777778,-60.649277777778",Calle,,ROSARIO,Rosario,Asfalto,No existe,II,S/D,Urbana,Ninguna,Funciona,Recta,Bueno,Buena,Nocturna,Buen Tiempo,Lateral,S/D,Colisión,Ninguna,Faltante,Ninguna,Sin restricción,"-33.003027777778,-60.649277777778","['San Martin', 'Avenida Manuel Arijón']",2,,-33.003027777778,-60.649277777778,55.0,538.0,Municipio Rosario,Municipio,Rosario,820210,Servicio de Catastro e Información Territorial,IGN
2018,5943,2018-08-02,Jueves,0.0,12:50:00,,0.0,2,"Automóvil,Vehículo Oficial",Dorrego Y Dean Funes,2,2,0,0,0,0,0,"-32.973638888889,-60.656583333333",Calle,,ROSARIO,Rosario,Asfalto,No existe,II,S/D,Urbana,Ninguna,No existe,Intersección,Bueno,Buena,Diurna,Buen Tiempo,Lateral,S/D,Colisión,Ninguna,Faltante,Ninguna,Sin restricción,"-32.973638888889,-60.656583333333","['Dorrego', 'Deán Gregorio Funes']",2,,-32.973638888889,-60.656583333333,55.0,538.0,Municipio Rosario,Municipio,Rosario,820210,Servicio de Catastro e Información Territorial,IGN
2018,5947,2018-08-01,Miercoles,0.0,16:30:00,,0.0,2,"Moto/Ciclomotor,Automóvil",Anchorena Y Serrano,3,1,0,0,2,0,0,"-32.99725,-60.632",Calle,,ROSARIO,Rosario,Asfalto,No existe,II,Dentro,Urbana,Ninguna,S/D,Intersección,Bueno,Buena,Diurna,Buen Tiempo,Lateral,S/D,Colisión,Ninguna,Faltante,Ninguna,Sin restricción,"-32.99725,-60.632","['Anchorena', 'Serrano']",2,,-32.99725,-60.632,55.0,538.0,Municipio Rosario,Municipio,Rosario,820210,Servicio de Catastro e Información Territorial,IGN
2018,5969,2018-04-27,Viernes,0.0,,,0.0,2,"Pickup/Utilitario,Moto/Ciclomotor",Santiago Y Dr.Rivas,4,2,0,0,2,0,0,"-32.980466, -60.665395",Calle,,ROSARIO,Rosario,Asfalto,No existe,II,Dentro,Urbana,Ninguna,No existe,Intersección,Bueno,Buena,S/D,Buen Tiempo,S/D,S/D,Colisión,Ninguna,Faltante,Ninguna,Sin restricción,"-32.980466, -60.665395","['Santiago', 'Doctor Francisco Riva']",2,,-32.980466,-60.665395,55.0,538.0,Municipio Rosario,Municipio,Rosario,820210,Servicio de Catastro e Información Territorial,IGN
2018,5973,2018-04-27,Viernes,0.0,,,0.0,2,"Moto/Ciclomotor,Automóvil",Rodriguez Y Brown,2,1,0,0,1,0,0,"-32.933448, -60.656395",Calle,,ROSARIO,Rosario,Asfalto,No existe,II,Dentro,Urbana,Señal Pare,No existe,Intersección,Bueno,Buena,S/D,Buen Tiempo,S/D,S/D,Colisión,Ninguna,Vertical,Ninguna,Sin restricción,"-32.933448, -60.656395","['Rodríguez', 'Brown']",2,,-32.933448,-60.656395,55.0,538.0,Municipio Rosario,Municipio,Rosario,820210,Servicio de Catastro e Información Territorial,IGN
2018,5976,2018-04-05,Jueves,0.0,,,0.0,2,"Moto/Ciclomotor,Moto/Ciclomotor",Pje. 514 Y Pje. 509,2,1,0,0,1,0,0,"-33.012888888889,-60.659777777778",Calle,,ROSARIO,Rosario,Asfalto,No existe,II,Dentro,Urbana,Ninguna,No existe,Intersección,S/D,S/D,S/D,S/D,Lateral,S/D,Colisión,S/D,Faltante,Ninguna,Sin restricción,"-33.012888888889,-60.659777777778","['Pasaje 514', 'Pasaje 509']",2,,-33.012888888889,-60.659777777778,55.0,538.0,Municipio Rosario,Municipio,Rosario,820210,Servicio de Catastro e Información Territorial,IGN
2018,5977,2018-04-24,Martes,0.0,,,0.0,1,Moto/Ciclomotor, ,1,0,1,0,0,0,0,"-32.940861, -60.634987",Calle,,ROSARIO,Rosario,Asfalto,No existe,II,Dentro,Urbana,Semáforo,Funciona,Intersección,Bueno,Buena,"Nocturna,Con luz artificial",Buen Tiempo,S/D,S/D,Despiste,Ninguna,"Horizontal,Vertical","Cordón divisorio,Vegetación,Línea divisoria pintada",Sin restricción,"-32.940861, -60.634987",[''],0,,-32.940861,-60.634987,55.0,538.0,Municipio Rosario,Municipio,Rosario,820210,Servicio de Catastro e Información Territorial,IGN
2018,5979,2018-04-05,Jueves,0.0,22:45:00,,0.0,2,"Automóvil,Moto/Ciclomotor",Bv. 27 De Febrero Y Lima,3,2,0,0,1,0,0,"-32.959666666667,-60.688638888889",Avenida,,ROSARIO,Rosario,Asfalto,No existe,II,Dentro,Urbana,Ninguna,No existe,Intersección,S/D,S/D,Nocturna,S/D,Lateral,S/D,Colisión,S/D,Faltante,Cordón divisorio,Sin restricción,"-32.959666666667,-60.688638888889","['27 de Febrero', 'Lima']",2,,-32.959666666667,-60.688638888889,55.0,538.0,Municipio Rosario,Municipio,Rosario,820210,Servicio de Catastro e Información Territorial,IGN
2018,5984,2018-04-28,Sabado,0.0,00:50:00,,0.0,2,"Moto/Ciclomotor,Moto/Ciclomotor",Peru Bis Y French,3,3,0,0,0,0,0,"-32.921793, -60.712190",Calle,,ROSARIO,Rosario,Asfalto,No existe,II,Dentro,Urbana,Ninguna,No existe,Intersección,Bueno,Buena,Nocturna,Buen Tiempo,S/D,S/D,Colisión,Ninguna,Faltante,Ninguna,Sin restricción,"-32.921793, -60.712190","['Peru', 'French']",2,,-32.921793,-60.71219,55.0,538.0,Municipio Rosario,Municipio,Rosario,820210,Servicio de Catastro e Información Territorial,IGN
2018,5985,2018-04-10,Martes,0.0,11:05:00,,0.0,1,Moto/Ciclomotor,Av. Francia Y Guemes,1,1,0,0,0,0,0,"-32.931214703303, -60.662372324887",Calle,,ROSARIO,Rosario,Asfalto,No existe,II,Dentro,Urbana,S/D,S/D,Paso a Nivel FFCC,S/D,S/D,Diurna,S/D,Contra objeto fijo,S/D,Colisión,S/D,S/D,S/D,S/D,"-32.931214703303, -60.662372324887","['Avenida Francia', 'Güemes']",2,,-32.931214703303,-60.662372324887,55.0,538.0,Municipio Rosario,Municipio,Rosario,820210,Servicio de Catastro e Información Territorial,IGN
2018,6020,2018-05-01,Martes,0.0,,,0.0,1,Moto/Ciclomotor, ,1,1,0,0,0,0,0,"-32.95997, -60.69301",S/D,,ROSARIO,Rosario,S/D,S/D,II,S/D,S/D,S/D,S/D,S/D,S/D,S/D,S/D,S/D,S/D,S/D,S/D,S/D,S/D,S/D,S/D,"-32.95997, -60.69301",[''],0,,-32.95997,-60.69301,55.0,538.0,Municipio Rosario,Municipio,Rosario,820210,Servicio de Catastro e Información Territorial,IGN
2018,6023,2018-08-18,Sabado,0.0,20:30:00,,0.0,2,"Automóvil,Moto/Ciclomotor",SOMOZA Y SUAREZ,2,0,1,0,1,0,0,"-32.89130,-60.72529",Calle,,ROSARIO,Rosario,Asfalto,Natural,II,S/D,Urbana,Ninguna,No existe,Intersección,Deteriorada,Reducida,Nocturna,Buen Tiempo,Frontal,S/D,Colisión,Otro,Faltante,Ninguna,Sin restricción,"-32.89130,-60.72529","['Somoza', 'Suarez']",2,,-32.8913,-60.72529,55.0,538.0,Municipio Rosario,Municipio,Rosario,820210,Servicio de Catastro e Información Territorial,IGN
2018,6036,2018-04-29,Domingo,0.0,20:10:00,,0.0,2,"Automóvil,Moto/Ciclomotor",San Nicolas Y Bv. Segui,2,1,0,0,1,0,0,"-32.972844925498, -60.680525833152",Calle,,ROSARIO,Rosario,Asfalto,No existe,II,S/D,Urbana,S/D,S/D,Intersección,S/D,S/D,Nocturna,S/D,S/D,S/D,Colisión,S/D,S/D,S/D,S/D,"-32.972844925498, -60.680525833152","['San Nicolás', 'Bulevar Juan Francisco Seguí']",2,,-32.972844925498,-60.680525833152,55.0,538.0,Municipio Rosario,Municipio,Rosario,820210,Servicio de Catastro e Información Territorial,IGN
2018,6056,2018-08-31,Viernes,0.0,21:20:00,,0.0,2,"Moto/Ciclomotor,Moto/Ciclomotor",Bv. Avellaneda Y Rueda,4,3,0,0,1,0,0,"-32.963722222222,-60.68525",Avenida,,ROSARIO,Rosario,Asfalto,No existe,II,S/D,Urbana,Ninguna,S/D,Intersección,Bueno,Buena,Nocturna,Buen Tiempo,S/D,S/D,Colisión,Ninguna,S/D,Cordón divisorio,Sin restricción,"-32.963722222222,-60.68525","['Avellaneda', 'Rueda']",2,,-32.963722222222,-60.68525,55.0,538.0,Municipio Rosario,Municipio,Rosario,820210,Servicio de Catastro e Información Territorial,IGN
2018,6057,2018-08-18,Sabado,0.0,18:00:00,,0.0,2,"Automóvil,Moto/Ciclomotor",Av. Tte Gral Sanchez 2900,2,0,1,0,1,0,0,"-32.974722222222,-60.624111111111",Avenida,,ROSARIO,Rosario,Asfalto,S/D,II,S/D,Urbana,Ninguna,S/D,Intersección,Bueno,Buena,S/D,Buen Tiempo,Frontal,S/D,Colisión,Otro,Faltante,Ninguna,S/D,"-32.974722222222,-60.624111111111",['Teniente General Sanchez 2900'],1,,-32.974722222222,-60.624111111111,55.0,538.0,Municipio Rosario,Municipio,Rosario,820210,Servicio de Catastro e Información Territorial,IGN
2018,6058,2018-08-24,Viernes,0.0,16:10:00,,0.0,2,"Automóvil,Moto/Ciclomotor",Gorriti Y Av. Luis Carballo,2,1,0,0,1,0,0,"-32.92296, -60.6659",Calle,,ROSARIO,Rosario,Asfalto,No existe,II,S/D,Urbana,Ninguna,No existe,Intersección,Bueno,Buena,Diurna,Buen Tiempo,Otro,S/D,Colisión,Ninguna,Faltante,Ninguna,Sin restricción,"-32.92296, -60.6659","['Gorriti', 'Avenida Doctor Luis Cándido Carballo']",2,,-32.92296,-60.6659,55.0,538.0,Municipio Rosario,Municipio,Rosario,820210,Servicio de Catastro e Información Territorial,IGN
2018,6059,2018-08-21,Martes,0.0,13:00:00,,0.0,2,"Peatón,Moto/Ciclomotor",Santa Fe Y Mitre,2,1,0,0,1,0,0,"-32.944833333333,-60.639222222222",Calle,,ROSARIO,Rosario,Asfalto,No existe,II,S/D,Urbana,Señal Pare,No existe,Intersección,Bueno,Buena,Diurna,Buen Tiempo,S/D,Peatón,Atropello,Ninguna,Vertical,Ninguna,Sin restricción,"-32.944833333333,-60.639222222222","['Santa Fe', 'Mitre']",2,,-32.944833333333,-60.639222222222,55.0,538.0,Municipio Rosario,Municipio,Rosario,820210,Servicio de Catastro e Información Territorial,IGN
2018,6061,2018-08-10,Viernes,0.0,13:00:00,,0.0,2,"Automóvil,Moto/Ciclomotor",Bv. Oro?o Y San Juan,2,1,0,0,1,0,0,"-32.947416666667,-60.654361111111",Calle,,ROSARIO,Rosario,S/D,S/D,II,S/D,Urbana,S/D,S/D,Intersección,S/D,S/D,Diurna,S/D,S/D,S/D,Colisión,S/D,S/D,S/D,S/D,"-32.947416666667,-60.654361111111","['Bulevar Nicasio Oroño', 'San Juan']",2,,-32.947416666667,-60.654361111111,55.0,538.0,Municipio Rosario,Municipio,Rosario,820210,Servicio de Catastro e Información Territorial,IGN
2018,6063,2018-08-08,Miercoles,0.0,21:15:00,,0.0,2,"Bicicleta,Pickup/Utilitario",3 De Febrero Y Entre Rios,2,1,0,0,1,0,0,"-32.95237, -60.64264",Calle,,ROSARIO,Rosario,S/D,S/D,II,S/D,Urbana,S/D,S/D,Recta,S/D,S/D,Nocturna,S/D,S/D,Ciclista,Atropello,S/D,S/D,S/D,S/D,"-32.95237, -60.64264","['3 de Febrero', 'Entre Ríos']",2,,-32.95237,-60.64264,55.0,538.0,Municipio Rosario,Municipio,Rosario,820210,Servicio de Catastro e Información Territorial,IGN