anio_acci,nro_acci,fecha,desc_dia,fecha_aprox,hora_aprox,desc_ruta,km,cant_participantes,desc_participante,calle_avenida_km,total,heridos_leves,heridos_graves,heridos_gravisimos,ilesos,fallecidos,sin_datos,posicion_XY,desc_tipo_via,desc_ruta_ori,desc_loc,desc_dpto,desc_tipo_calzada,desc_tipo_banquina,desc_unidad_regional,desc_lugar_calzada,desc_zona,desc_prioridad,desc_estado_semaforo,desc_lugar_via,desc_estado_via,desc_estado_visibilidad,desc_luminosidad,desc_estado_clima,desc_tipo_colision,desc_tipo_atropello,desc_tipo_hecho,desc_pres_calzada,desc_senializacion,desc_separacion_via,desc_restriccion,forma_geocod,calle_lista,numero_calles,calles_osm,lat,lon,index_right,gid,fna,gna,nam,in1,fdc,sag
2018,6064,2018-08-17,Viernes,0.0,16:00:00,,0.0,2,"Moto/Ciclomotor,Automóvil",Av. Ovidio Lagos Y Cno. Imperiale,3,2,0,0,0,0,1,"-33.016694444444,-60.678944444444",Avenida,,ROSARIO,Rosario,Asfalto,No existe,II,S/D,Urbana,Ninguna,No existe,Recta,Bueno,Buena,Diurna,Buen Tiempo,De alcance,S/D,Colisión,Ninguna,Vertical,Cordón divisorio,Sin restricción,"-33.016694444444,-60.678944444444","['Avenida Ovidio Lagos', 'Cno Imperiale']",2,,-33.016694444444,-60.678944444444,55.0,538.0,Municipio Rosario,Municipio,Rosario,820210,Servicio de Catastro e Información Territorial,IGN
2018,6065,2018-08-07,Martes,0.0,09:50:00,,0.0,2,"Moto/Ciclomotor,Automóvil",Av. Francia Y La Vincha,2,1,0,0,1,0,0,"-32.986055555556,-60.676722222222",Avenida,,ROSARIO,Rosario,Asfalto,No existe,II,Dentro,Urbana,Ninguna,No existe,Intersección,Bueno,Buena,Diurna,Buen Tiempo,Lateral,S/D,Colisión,Ninguna,Faltante,Ninguna,Sin restricción,"-32.986055555556,-60.676722222222","['Avenida Francia', 'La Vincha']",2,,-32.986055555556,-60.676722222222,55.0,538.0,Municipio Rosario,Municipio,Rosario,820210,Servicio de Catastro e Información Territorial,IGN
2018,6067,2018-08-04,Sabado,0.0,07:00:00,,0.0,2,"Moto/Ciclomotor,Automóvil",Crespo Y Biedma,3,1,1,0,1,0,0,"-32.975972222222,-60.677055555556",Calle,,ROSARIO,Rosario,Hormigón,No existe,II,Dentro,Urbana,Ninguna,No existe,Intersección,Bueno,Buena,Con luz artificial,Buen Tiempo,Lateral,S/D,Colisión,Ninguna,Faltante,Ninguna,Sin restricción,"-32.975972222222,-60.677055555556","['Crespo', 'Coronel Biedma']",2,,-32.975972222222,-60.677055555556,55.0,538.0,Municipio Rosario,Municipio,Rosario,820210,Servicio de Catastro e Información Territorial,IGN
2018,6069,2018-08-04,Sabado,0.0,13:00:00,,0.0,2,"Moto/Ciclomotor,Transporte de Pasajeros Urbano (> 8 asientos)",Bv. Segui Y Av. Francia,2,1,0,0,1,0,0,"-32.974138888889,-60.673888888889",Avenida,,ROSARIO,Rosario,Asfalto,No existe,II,S/D,Urbana,Ninguna,Funciona,Recta,Bueno,Buena,Diurna,Buen Tiempo,De alcance,S/D,Colisión,Ninguna,"Horizontal,Vertical",Cordón divisorio,Sin restricción,"-32.974138888889,-60.673888888889","['Bulevar Juan Francisco Seguí', 'Avenida Francia']",2,,-32.974138888889,-60.673888888889,55.0,538.0,Municipio Rosario,Municipio,Rosario,820210,Servicio de Catastro e Información Territorial,IGN
2018,6071,2018-08-05,Domingo,0.0,22:00:00,,0.0,2,"Moto/Ciclomotor,Automóvil",Av. Battle y Ordo?ez 2100,3,2,0,0,1,0,0,"-33.00976, -60.67629",Calle,,ROSARIO,Rosario,Asfalto,No existe,II,Dentro,Urbana,Ninguna,No existe,Intersección,Bueno,Buena,Con luz artificial,Buen Tiempo,Lateral,S/D,Colisión,Ninguna,Faltante,Ninguna,Sin restricción,"-33.00976, -60.67629",['Avenida Battle y Ordoñez 2100'],1,,-33.00976,-60.67629,55.0,538.0,Municipio Rosario,Municipio,Rosario,820210,Servicio de Catastro e Información Territorial,IGN
2018,6074,2018-08-07,Martes,0.0,19:00:00,,0.0,2,"Moto/Ciclomotor,Automóvil",Punta Del Indio 7900,2,1,0,0,1,0,0,"-33.029083333333,-60.68725",Calle,,ROSARIO,Rosario,Asfalto,No existe,II,Dentro,Urbana,Ninguna,No existe,Recta,Bueno,Buena,Atardecer,Buen Tiempo,De alcance,S/D,Colisión,Ninguna,Faltante,Ninguna,Sin restricción,"-33.029083333333,-60.68725",['Punta Del Indio 7900'],1,,-33.029083333333,-60.68725,55.0,538.0,Municipio Rosario,Municipio,Rosario,820210,Servicio de Catastro e Información Territorial,IGN
2018,6078,2018-08-08,Miercoles,0.0,18:50:00,,0.0,2,"Moto/Ciclomotor,Automóvil",Cazadores Y Italia,2,1,0,0,1,0,0,"-33.00435, -60.65904",Calle,,ROSARIO,Rosario,Asfalto,No existe,II,S/D,Urbana,Ninguna,No existe,Intersección,Bueno,Buena,Atardecer,Buen Tiempo,Lateral,S/D,Colisión,Ninguna,Faltante,Ninguna,Sin restricción,"-33.00435, -60.65904","['Cazadores', 'Italia']",2,,-33.00435,-60.65904,55.0,538.0,Municipio Rosario,Municipio,Rosario,820210,Servicio de Catastro e Información Territorial,IGN
2018,6079,2018-08-09,Jueves,0.0,16:30:00,,0.0,2,"Moto/Ciclomotor,Transporte de Pasajeros Larga Distancia (> 8 asientos)",Bv. Oro?o Y Av. Ntra.Sra.del Rosario,2,0,1,0,1,0,0,"-33.000555555556,-60.664916666667",Avenida,,ROSARIO,Rosario,Hormigón,No existe,II,Dentro,Urbana,Ninguna,Funciona,Intersección,Bueno,Buena,Con luz artificial,Buen Tiempo,De alcance,S/D,Colisión,Ninguna,"Horizontal,Vertical",Cordón divisorio,Sin restricción,"-33.000555555556,-60.664916666667","['Bulevar Nicasio Oroño', 'Nuestra Señora del Rosario']",2,,-33.000555555556,-60.664916666667,55.0,538.0,Municipio Rosario,Municipio,Rosario,820210,Servicio de Catastro e Información Territorial,IGN
2018,6082,2018-08-09,Jueves,0.0,20:40:00,,0.0,2,"Moto/Ciclomotor,Automóvil",Flor De Nacar Y Pje. Violeta,2,1,0,0,1,0,0,"-33.019833333333,-60.660472222222",Calle,,ROSARIO,Rosario,Asfalto,No existe,II,S/D,Urbana,Ninguna,No existe,Intersección,Bueno,Buena,Con luz artificial,Buen Tiempo,Lateral,S/D,Colisión,Ninguna,Faltante,Ninguna,Sin restricción,"-33.019833333333,-60.660472222222","['Flor de Nacar', 'Violeta']",2,,-33.019833333333,-60.660472222222,55.0,538.0,Municipio Rosario,Municipio,Rosario,820210,Servicio de Catastro e Información Territorial,IGN
2018,6084,2018-08-15,Miercoles,0.0,12:30:00,,0.0,2,"Peatón,Automóvil",Cazadores 2700,2,1,0,0,1,0,0,"-33.004694444444,-60.67125",Calle,,ROSARIO,Rosario,Asfalto,No existe,II,S/D,Urbana,Ninguna,No existe,Recta,Bueno,Buena,Diurna,Buen Tiempo,S/D,Peatón,Atropello,Ninguna,Faltante,Ninguna,Sin restricción,"-33.004694444444,-60.67125",['Cazadores 2700'],1,,-33.004694444444,-60.67125,55.0,538.0,Municipio Rosario,Municipio,Rosario,820210,Servicio de Catastro e Información Territorial,IGN
2018,6085,2018-08-15,Miercoles,0.0,15:10:00,,0.0,2,"Moto/Ciclomotor,Automóvil",Santiago Y Olegario V.Andrade,4,2,0,0,2,0,0,"-32.996472222222,-60.667944444444",Calle,,ROSARIO,Rosario,Asfalto,No existe,II,Dentro,Urbana,Ninguna,No existe,Intersección,Bueno,Buena,Diurna,Buen Tiempo,Lateral,S/D,Colisión,Ninguna,Faltante,Ninguna,Sin restricción,"-32.996472222222,-60.667944444444","['Santiago', 'Olegario V Andrade']",2,,-32.996472222222,-60.667944444444,55.0,538.0,Municipio Rosario,Municipio,Rosario,820210,Servicio de Catastro e Información Territorial,IGN
2018,6090,2018-08-22,Miercoles,0.0,11:20:00,,0.0,2,"Moto/Ciclomotor,Automóvil",Av. Ovidio Lagos Y Av. Battle y Ordo?ez,2,1,0,0,1,0,0,"-33.009694444444,-60.677361111111",Avenida,,ROSARIO,Rosario,Hormigón,No existe,II,Dentro,Urbana,Ninguna,Funciona,Recta,Bueno,Buena,Diurna,Buen Tiempo,De alcance,S/D,Colisión,Ninguna,"Horizontal,Vertical",S/D,Sin restricción,"-33.009694444444,-60.677361111111","['Avenida Ovidio Lagos', 'Avenida Battle y Ordoñez']",2,,-33.009694444444,-60.677361111111,55.0,538.0,Municipio Rosario,Municipio,Rosario,820210,Servicio de Catastro e Información Territorial,IGN
2018,6095,2018-04-13,Viernes,0.0,07:50:00,,0.0,2,"Automóvil,Moto/Ciclomotor",Castellanos Y Uruguay,2,1,0,0,0,0,1,"-32.970166666667,-60.682722222222",Calle,,ROSARIO,Rosario,Asfalto,No existe,II,Dentro,Urbana,Ninguna,No existe,Intersección,S/D,S/D,Diurna,S/D,Lateral,S/D,Colisión,S/D,Faltante,Ninguna,Sin restricción,"-32.970166666667,-60.682722222222","['Aaron Castellanos', 'Uruguay']",2,,-32.970166666667,-60.682722222222,55.0,538.0,Municipio Rosario,Municipio,Rosario,820210,Servicio de Catastro e Información Territorial,IGN
2018,6103,2018-08-15,Miercoles,0.0,16:00:00,,0.0,2,"Moto/Ciclomotor,Automóvil",Av. Battle y Ordo?ez Y Bv. Oro?o,6,1,0,0,5,0,0,"-33.009361111111,-60.664527777778",Calle,,ROSARIO,Rosario,Hormigón,No existe,II,Dentro,Urbana,Ninguna,Funciona,Intersección,Bueno,Buena,Diurna,Buen Tiempo,Lateral,S/D,Colisión,Ninguna,"Horizontal,Vertical",Cordón divisorio,Sin restricción,"-33.009361111111,-60.664527777778","['Avenida Battle y Ordoñez', 'Bulevar Nicasio Oroño']",2,,-33.009361111111,-60.664527777778,55.0,538.0,Municipio Rosario,Municipio,Rosario,820210,Servicio de Catastro e Información Territorial,IGN
2018,6104,2018-08-16,Jueves,0.0,05:45:00,,0.0,2,"Moto/Ciclomotor,Automóvil",Av. Ovidio Lagos Y Amenabar,2,1,0,0,1,0,0,"-32.968083333333,-60.667555555556",Calle,,ROSARIO,Rosario,Asfalto,No existe,II,S/D,Urbana,Ninguna,S/D,Intersección,Bueno,Buena,Con luz artificial,Buen Tiempo,Lateral,S/D,Colisión,Ninguna,S/D,Cordón divisorio,Reparación de Vía,"-32.968083333333,-60.667555555556","['Avenida Ovidio Lagos', 'Amenabar']",2,,-32.968083333333,-60.667555555556,55.0,538.0,Municipio Rosario,Municipio,Rosario,820210,Servicio de Catastro e Información Territorial,IGN
2018,6105,2018-08-17,Viernes,0.0,14:00:00,,0.0,2,"Moto/Ciclomotor,Automóvil",Amenabar Y San Nicolas,4,1,1,0,2,0,0,"-32.966055555556,-60.678833333333",Calle,,ROSARIO,Rosario,Asfalto,No existe,II,Dentro,Urbana,Ninguna,S/D,Intersección,Bueno,Buena,Diurna,Buen Tiempo,Lateral,S/D,Colisión,Ninguna,Faltante,Ninguna,Sin restricción,"-32.966055555556,-60.678833333333","['Amenabar', 'San Nicolás']",2,,-32.966055555556,-60.678833333333,55.0,538.0,Municipio Rosario,Municipio,Rosario,820210,Servicio de Catastro e Información Territorial,IGN
2018,6106,2018-08-17,Viernes,0.0,17:50:00,,0.0,2,"Moto/Ciclomotor,Automóvil",Av. Ovidio Lagos 5500,2,1,0,0,1,0,0,"-33.001777777778,-60.675777777778",Avenida,,ROSARIO,Rosario,Hormigón,No existe,II,Dentro,Urbana,Ninguna,No existe,Recta,Bueno,Buena,Diurna,Buen Tiempo,De alcance,S/D,Colisión,Ninguna,Faltante,Cordón divisorio,Sin restricción,"-33.001777777778,-60.675777777778",['Ovidio Lagos 5500'],1,,-33.001777777778,-60.675777777778,55.0,538.0,Municipio Rosario,Municipio,Rosario,820210,Servicio de Catastro e Información Territorial,IGN
2018,6107,2018-08-17,Viernes,0.0,18:10:00,,0.0,2,"Moto/Ciclomotor,Automóvil",Mariano Moreno Y Cazadores,2,1,0,0,1,0,0,"-33.004416666667,-60.661888888889",Calle,,ROSARIO,Rosario,Asfalto,No existe,II,Dentro,Urbana,Ninguna,No existe,Intersección,Bueno,Buena,Diurna,Buen Tiempo,Lateral,S/D,Colisión,Ninguna,Faltante,Ninguna,Sin restricción,"-33.004416666667,-60.661888888889","['Mariano Moreno', 'Cazadores']",2,,-33.004416666667,-60.661888888889,55.0,538.0,Municipio Rosario,Municipio,Rosario,820210,Servicio de Catastro e Información Territorial,IGN
2018,6108,2018-08-21,Martes,0.0,19:45:00,,0.0,2,"Moto/Ciclomotor,Automóvil",Coulin Y Av. Francia,2,1,0,0,1,0,0,"-32.986805555556,-60.676972222222",Avenida,,ROSARIO,Rosario,Asfalto,No existe,II,Dentro,Urbana,Ninguna,No existe,Intersección,Bueno,Buena,Con luz artificial,Buen Tiempo,Lateral,S/D,Colisión,Ninguna,Faltante,Cordón divisorio,Sin restricción,"-32.986805555556,-60.676972222222","['Coulin', 'Avenida Francia']",2,,-32.986805555556,-60.676972222222,55.0,538.0,Municipio Rosario,Municipio,Rosario,820210,Servicio de Catastro e Información Territorial,IGN
2018,6109,2018-08-22,Miercoles,0.0,17:00:00,,0.0,2,"Automóvil,Automóvil",Av. Ntra.Sra.del Rosario Y Dorrego,4,2,0,0,2,0,0,"-33.000444444444,-60.660666666667",Calle,,ROSARIO,Rosario,Asfalto,No existe,II,Dentro,Urbana,Ninguna,No existe,Intersección,Bueno,Buena,Diurna,Buen Tiempo,Lateral,S/D,Colisión,Ninguna,Faltante,Ninguna,Sin restricción,"-33.000444444444,-60.660666666667","['Nuestra Señora del Rosario', 'Dorrego']",2,,-33.000444444444,-60.660666666667,55.0,538.0,Municipio Rosario,Municipio,Rosario,820210,Servicio de Catastro e Información Territorial,IGN
2018,6110,2018-08-21,Martes,0.0,21:00:00,,0.0,2,"Moto/Ciclomotor,Automóvil",Bv. Avellaneda Y Av. Uriburu,5,3,0,0,2,0,0,"-32.991888888889,-60.689333333333",Avenida,,ROSARIO,Rosario,Hormigón,No existe,II,Dentro,Urbana,Ninguna,Funciona,Intersección,Bueno,Buena,Con luz artificial,Buen Tiempo,Lateral,S/D,Colisión,Ninguna,"Horizontal,Vertical",Cordón divisorio,Sin restricción,"-32.991888888889,-60.689333333333","['Avellaneda', 'Uriburu']",2,,-32.991888888889,-60.689333333333,55.0,538.0,Municipio Rosario,Municipio,Rosario,820210,Servicio de Catastro e Información Territorial,IGN
2018,6111,2018-08-22,Miercoles,0.0,19:00:00,,0.0,2,"Moto/Ciclomotor,Automóvil",Av. Ovidio Lagos Y Camino Viejo Soldini,2,0,1,0,1,0,0,"-33.025916666667,-60.681138888889",Avenida,,ROSARIO,Rosario,Hormigón,No existe,II,Dentro,Urbana,Ninguna,No existe,Intersección,Bueno,Buena,Atardecer,Buen Tiempo,Lateral,S/D,Colisión,Ninguna,Faltante,Cordón divisorio,Sin restricción,"-33.025916666667,-60.681138888889","['Avenida Ovidio Lagos', 'Camino viejo a Soldini']",2,,-33.025916666667,-60.681138888889,55.0,538.0,Municipio Rosario,Municipio,Rosario,820210,Servicio de Catastro e Información Territorial,IGN
2018,6112,2018-08-25,Sabado,0.0,14:55:00,,0.0,2,"Bicicleta,Otros",Av. Arijon Y Pueyrredon,2,1,0,0,0,0,1,"-33.003611111111,-60.669083333333",Avenida,,ROSARIO,Rosario,Hormigón,No existe,II,Dentro,Urbana,Ninguna,Funciona,Intersección,Bueno,Buena,Diurna,Buen Tiempo,S/D,Ciclista,Atropello,Ninguna,"Horizontal,Vertical",Ninguna,Sin restricción,"-33.003611111111,-60.669083333333","['Avenida Manuel Arijón', 'Pueyrredón']",2,,-33.003611111111,-60.669083333333,55.0,538.0,Municipio Rosario,Municipio,Rosario,820210,Servicio de Catastro e Información Territorial,IGN
2018,6113,2018-08-27,Lunes,0.0,16:40:00,,0.0,2,"Moto/Ciclomotor,Pickup/Utilitario",Bv. Segui Y Rio De Janeiro,3,1,0,0,1,0,1,"-32.97151, -60.68877",Avenida,,ROSARIO,Rosario,Hormigón,No existe,II,Dentro,Urbana,Ninguna,No existe,Intersección,Bueno,Buena,Diurna,Buen Tiempo,Lateral,S/D,Colisión,Ninguna,Faltante,Cordón divisorio,Sin restricción,"-32.97151, -60.68877","['Bulevar Juan Francisco Seguí', 'Río de Janeiro']",2,,-32.97151,-60.68877,55.0,538.0,Municipio Rosario,Municipio,Rosario,820210,Servicio de Catastro e Información Territorial,IGN
2018,6114,2018-08-22,Miercoles,0.0,20:00:00,,0.0,2,"Moto/Ciclomotor,Automóvil",Lavalle Y Uruguay,2,1,0,0,1,0,0,"-32.969666666667,-60.685444444444",Calle,,ROSARIO,Rosario,Asfalto,No existe,II,Dentro,Urbana,Ninguna,No existe,Intersección,Bueno,Buena,Con luz artificial,Buen Tiempo,Lateral,S/D,Colisión,Ninguna,Faltante,Ninguna,Sin restricción,"-32.969666666667,-60.685444444444","['Lavalle', 'Uruguay']",2,,-32.969666666667,-60.685444444444,55.0,538.0,Municipio Rosario,Municipio,Rosario,820210,Servicio de Catastro e Información Territorial,IGN
2018,6115,2018-08-28,Martes,0.0,15:20:00,,0.0,2,"Moto/Ciclomotor,Automóvil",Saavedra Y Alsina,4,2,1,0,1,0,0,"-32.971055555556,-60.684361111111",Calle,,ROSARIO,Rosario,Asfalto,No existe,II,Dentro,Urbana,Ninguna,No existe,Intersección,Bueno,Buena,Diurna,Buen Tiempo,De alcance,S/D,Colisión,Ninguna,Faltante,Ninguna,Sin restricción,"-32.971055555556,-60.684361111111","['Saavedra', 'Alsina']",2,,-32.971055555556,-60.684361111111,55.0,538.0,Municipio Rosario,Municipio,Rosario,820210,Servicio de Catastro e Información Territorial,IGN
2018,6116,2018-08-22,Miercoles,0.0,07:50:00,,0.0,2,"Automóvil,Automóvil",Anchorena Y Balcarce,2,1,0,0,1,0,0,"-32.998194444444,-60.663555555556",Calle,,ROSARIO,Rosario,Asfalto,No existe,II,Dentro,Urbana,Ninguna,No existe,Intersección,Bueno,Buena,Diurna,Buen Tiempo,De alcance,S/D,Colisión,Ninguna,Faltante,Ninguna,Sin restricción,"-32.998194444444,-60.663555555556","['Anchorena', 'Balcarce']",2,,-32.998194444444,-60.663555555556,55.0,538.0,Municipio Rosario,Municipio,Rosario,820210,Servicio de Catastro e Información Territorial,IGN
2018,6117,2018-08-24,Viernes,0.0,07:40:00,,0.0,2,"Bicicleta,Automóvil",Saavedra Y Pje. Ancaste,2,1,0,0,1,0,0,"-32.970444444444,-60.687833333333",Calle,,ROSARIO,Rosario,Asfalto,No existe,II,Dentro,Urbana,Ninguna,No existe,Intersección,Bueno,Buena,Amanecer,Buen Tiempo,S/D,Ciclista,Atropello,Ninguna,Faltante,Ninguna,Sin restricción,"-32.970444444444,-60.687833333333","['Saavedra', 'Ancaste']",2,,-32.970444444444,-60.687833333333,55.0,538.0,Municipio Rosario,Municipio,Rosario,820210,Servicio de Catastro e Información Territorial,IGN
2018,6118,2018-08-31,Viernes,0.0,22:40:00,,0.0,2,"Moto/Ciclomotor,Automóvil",Suipacha Y Centeno,4,1,0,0,3,0,0,"-32.980166666667,-60.673861111111",Calle,,ROSARIO,Rosario,Asfalto,No existe,II,Dentro,Urbana,Ninguna,No existe,Intersección,Deteriorada,Buena,Con luz artificial,Buen Tiempo,Lateral,S/D,Colisión,Ninguna,Faltante,Ninguna,Sin restricción,"-32.980166666667,-60.673861111111","['Suipacha', 'Centeno']",2,,-32.980166666667,-60.673861111111,55.0,538.0,Municipio Rosario,Municipio,Rosario,820210,Servicio de Catastro e Información Territorial,IGN
2018,6119,2018-08-24,Viernes,0.0,11:45:00,,0.0,2,"Moto/Ciclomotor,Automóvil",FRANCIA Y Dr. Sabattini,3,2,0,0,1,0,0,"-32.98612, -60.67663",Avenida,,ROSARIO,Rosario,Asfalto,No existe,II,Dentro,Urbana,Ninguna,No existe,Intersección,Bueno,Buena,Diurna,Buen Tiempo,Lateral,S/D,Colisión,Ninguna,S/D,Cordón divisorio,Sin restricción,"-32.98612, -60.67663","['Avenida Francia', 'Avenida Amadeo Sabattini']",2,,-32.98612,-60.67663,55.0,538.0,Municipio Rosario,Municipio,Rosario,820210,Servicio de Catastro e Información Territorial,IGN
2018,6120,2018-08-25,Sabado,0.0,02:00:00,,0.0,2,"Moto/Ciclomotor,Automóvil",Alsina Y Garay,2,1,0,0,1,0,0,"-32.967638888889,-60.6835",Calle,,ROSARIO,Rosario,Asfalto,No existe,II,Dentro,Urbana,Ninguna,No existe,Intersección,Deteriorada,Buena,Con luz artificial,Buen Tiempo,Lateral,S/D,Colisión,Ninguna,Faltante,Ninguna,Sin restricción,"-32.967638888889,-60.6835","['Alsina', 'Garay']",2,,-32.967638888889,-60.6835,55.0,538.0,Municipio Rosario,Municipio,Rosario,820210,Servicio de Catastro e Información Territorial,IGN
2018,6121,2018-08-25,Sabado,0.0,12:45:00,,0.0,2,"Taxi/Remis,Peatón",Av. Arijon Y Alvear,2,0,1,0,0,0,1,"-33.003527777778,-60.666222222222",Avenida,,ROSARIO,Rosario,Hormigón,No existe,II,Dentro,Urbana,Ninguna,No existe,Intersección,Bueno,S/D,Diurna,Buen Tiempo,S/D,Peatón,Atropello,Ninguna,Faltante,Ninguna,Sin restricción,"-33.003527777778,-60.666222222222","['Avenida Manuel Arijón', 'Alvear']",2,,-33.003527777778,-60.666222222222,55.0,538.0,Municipio Rosario,Municipio,Rosario,820210,Servicio de Catastro e Información Territorial,IGN
2018,6122,2018-08-07,Martes,0.0,19:00:00,,0.0,2,"Automóvil,Moto/Ciclomotor",Av. Battle y Ordo?ez Y Buenos Aires,2,1,0,0,1,0,0,"-33.008805555556,-60.644666666667",Avenida,,ROSARIO,Rosario,Asfalto,No existe,II,Dentro,Urbana,Ninguna,No existe,Recta,Bueno,Buena,Nocturna,S/D,Lateral,S/D,Colisión,Agua,Faltante,Ninguna,Sin restricción,"-33.008805555556,-60.644666666667","['Avenida Battle y Ordoñez', 'Buenos Aires']",2,,-33.008805555556,-60.644666666667,55.0,538.0,Municipio Rosario,Municipio,Rosario,820210,Servicio de Catastro e Información Territorial,IGN
2018,6123,2018-08-13,Lunes,0.0,20:30:00,,0.0,2,"Moto/Ciclomotor,Pickup/Utilitario",Av. Battle y Ordo?ez Y Entre Rios,2,1,0,0,1,0,0,"-33.008888888889,-60.651555555556",Avenida,,ROSARIO,Rosario,Asfalto,No existe,II,Dentro,Urbana,Ninguna,No existe,Recta,Bueno,Buena,Nocturna,Buen Tiempo,Lateral,S/D,Colisión,Ninguna,Horizontal,Cordón divisorio,Sin restricción,"-33.008888888889,-60.651555555556","['Avenida Battle y Ordoñez', 'Entre Ríos']",2,,-33.008888888889,-60.651555555556,55.0,538.0,Municipio Rosario,Municipio,Rosario,820210,Servicio de Catastro e Información Territorial,IGN
2018,6124,2018-08-05,Domingo,0.0,17:20:00,,0.0,1,Bicicleta,Khantuta Y San Martin,1,1,0,0,0,0,0,"-33.01207, -60.65131",Avenida,,ROSARIO,Rosario,Asfalto,Pavimento,II,Dentro,Urbana,Semáforo,Funciona,Recta,Bueno,Buena,Diurna,Buen Tiempo,Otro,Ciclista,"Atropello,Otro",Ninguna,Horizontal,Línea divisoria pintada,Sin restricción,"-33.01207, -60.65131","['Khantuta', 'San Martin']",2,,-33.01207,-60.65131,55.0,538.0,Municipio Rosario,Municipio,Rosario,820210,Servicio de Catastro e Información Territorial,IGN
2018,6130,2018-04-17,Martes,0.0,10:45:00,,0.0,2,"Automóvil,Peatón",Pasco Y Pje. Alfonsina Storni,2,1,0,0,1,0,0,"-32.960222222222,-60.635916666667",Calle,,ROSARIO,Rosario,Asfalto,No existe,II,Dentro,Urbana,Ninguna,No existe,Recta,Bueno,Buena,Diurna,Buen Tiempo,S/D,Peatón,Atropello,Ninguna,Faltante,Ninguna,Sin restricción,"-32.960222222222,-60.635916666667","['Pasco', 'Alfonsina Storni']",2,,-32.960222222222,-60.635916666667,55.0,538.0,Municipio Rosario,Municipio,Rosario,820210,Servicio de Catastro e Información Territorial,IGN
2018,6131,2018-04-18,Miercoles,0.0,15:05:00,,0.0,1,Moto/Ciclomotor,Av. Provincias Unidas Y French,2,0,1,0,0,1,0,"-32.921817, -60.713451",Avenida,,ROSARIO,Rosario,Hormigón,No existe,II,Dentro,Urbana,Paso Peatonal,Funciona,Intersección,Bueno,Buena,S/D,Buen Tiempo,S/D,S/D,Caída ocupante,Ninguna,Horizontal,Cordón divisorio,Sin restricción,"-32.921817, -60.713451","['Avenida Provincias Unidas', 'French']",2,,-32.921817,-60.713451,55.0,538.0,Municipio Rosario,Municipio,Rosario,820210,Servicio de Catastro e Información Territorial,IGN
2018,6142,2018-04-19,Jueves,0.0,,,0.0,2,"Moto/Ciclomotor,Automóvil",Lamadrid Y Sarmiento,2,1,0,0,1,0,0,"-32.997119, -60.649114",Calle,,ROSARIO,Rosario,Hormigón,No existe,II,Dentro,Urbana,Ninguna,No existe,Intersección,Bueno,Buena,S/D,Buen Tiempo,S/D,S/D,Colisión,S/D,Faltante,Ninguna,Sin restricción,"-32.997119, -60.649114","['Lamadrid', 'Sarmiento']",2,,-32.997119,-60.649114,55.0,538.0,Municipio Rosario,Municipio,Rosario,820210,Servicio de Catastro e Información Territorial,IGN
2018,6172,2018-04-15,Domingo,0.0,,,0.0,2,"Taxi/Remis,Moto/Ciclomotor",Donado Y J.J.Paso,3,2,0,0,1,0,0,"-32.920657, -60.727763",Calle,,ROSARIO,Rosario,Asfalto,No existe,II,Dentro,Urbana,Semáforo,Funciona,Intersección,Bueno,Buena,S/D,Buen Tiempo,Lateral,S/D,Colisión,Ninguna,Vertical,Ninguna,Sin restricción,"-32.920657, -60.727763","['Donado', 'Paso']",2,,-32.920657,-60.727763,55.0,538.0,Municipio Rosario,Municipio,Rosario,820210,Servicio de Catastro e Información Territorial,IGN
2018,6182,2018-03-24,Sabado,0.0,11:25:00,,0.0,2,"Pickup/Utilitario,Moto/Ciclomotor",Campbell Y Gaboto,4,3,0,0,1,0,0,"-32.964972222222,-60.707",Calle,,ROSARIO,Rosario,Asfalto,No existe,II,Dentro,Urbana,Ninguna,No existe,Intersección,Bueno,S/D,Diurna,S/D,S/D,S/D,Colisión,Ninguna,Faltante,Ninguna,Sin restricción,"-32.964972222222,-60.707","['Campbell', 'Gaboto']",2,,-32.964972222222,-60.707,55.0,538.0,Municipio Rosario,Municipio,Rosario,820210,Servicio de Catastro e Información Territorial,IGN
2018,6183,2018-03-24,Sabado,0.0,01:20:00,,0.0,2,"Moto/Ciclomotor,Automóvil",Roullon ,2,1,0,0,1,0,0,"-32.953066,-60.701724",S/D,,ROSARIO,Rosario,S/D,S/D,II,S/D,S/D,S/D,S/D,Intersección,S/D,S/D,Nocturna,S/D,S/D,S/D,Colisión,S/D,S/D,S/D,S/D,"-32.953066,-60.701724",['Alfredo Rouillón'],1,,-32.953066,-60.701724,55.0,538.0,Municipio Rosario,Municipio,Rosario,820210,Servicio de Catastro e Información Territorial,IGN