anio_acci,nro_acci,fecha,desc_dia,fecha_aprox,hora_aprox,desc_ruta,km,cant_participantes,desc_participante,calle_avenida_km,total,heridos_leves,heridos_graves,heridos_gravisimos,ilesos,fallecidos,sin_datos,posicion_XY,desc_tipo_via,desc_ruta_ori,desc_loc,desc_dpto,desc_tipo_calzada,desc_tipo_banquina,desc_unidad_regional,desc_lugar_calzada,desc_zona,desc_prioridad,desc_estado_semaforo,desc_lugar_via,desc_estado_via,desc_estado_visibilidad,desc_luminosidad,desc_estado_clima,desc_tipo_colision,desc_tipo_atropello,desc_tipo_hecho,desc_pres_calzada,desc_senializacion,desc_separacion_via,desc_restriccion,forma_geocod,calle_lista,numero_calles,calles_osm,lat,lon,index_right,gid,fna,gna,nam,in1,fdc,sag
2018,6189,2018-03-25,Domingo,0.0,14:00:00,,0.0,2,"Automóvil,Moto/Ciclomotor",Virasoro Y Mitre,2,1,0,0,1,0,0,"-32.969666666667,-60.645416666667",Calle,,ROSARIO,Rosario,Asfalto,S/D,II,Dentro,Urbana,Ninguna,S/D,Intersección,Bueno,S/D,S/D,S/D,S/D,S/D,Colisión,Ninguna,Horizontal,Ninguna,Sin restricción,"-32.969666666667,-60.645416666667","['Virasoro', 'Mitre']",2,,-32.969666666667,-60.645416666667,55.0,538.0,Municipio Rosario,Municipio,Rosario,820210,Servicio de Catastro e Información Territorial,IGN
2018,6196,2018-06-01,Viernes,0.0,14:20:00,,0.0,2,"Moto/Ciclomotor,Pickup/Utilitario",Marco Polo Y Ayacucho,2,1,0,0,1,0,0,"-33.010568186024, -60.635743263366",Calle,,ROSARIO,Rosario,S/D,S/D,II,S/D,Urbana,S/D,S/D,Intersección,S/D,S/D,Diurna,S/D,De alcance,S/D,Colisión,S/D,S/D,S/D,S/D,"-33.010568186024, -60.635743263366","['Marco Polo', 'Ayacucho']",2,,-33.010568186024,-60.635743263366,55.0,538.0,Municipio Rosario,Municipio,Rosario,820210,Servicio de Catastro e Información Territorial,IGN
2018,6222,2018-06-02,Sabado,0.0,19:27:00,,0.0,2,"Automóvil,Moto/Ciclomotor",Ayacucho Y Amenabar,3,1,0,0,2,0,0,"-32.974194444444,-60.633333333333",Calle,,ROSARIO,Rosario,S/D,S/D,II,S/D,Urbana,S/D,S/D,S/D,S/D,S/D,Atardecer,S/D,S/D,S/D,Colisión,S/D,S/D,S/D,S/D,"-32.974194444444,-60.633333333333","['Ayacucho', 'Amenabar']",2,,-32.974194444444,-60.633333333333,55.0,538.0,Municipio Rosario,Municipio,Rosario,820210,Servicio de Catastro e Información Territorial,IGN
2018,6223,2018-06-02,Sabado,0.0,23:10:00,,0.0,2,"Bicicleta,Moto/Ciclomotor",Dr.Rivas Y Bv. Oro?o,2,1,0,0,1,0,0,"-32.980944444444,-60.662583333333",Calle,,ROSARIO,Rosario,S/D,S/D,II,S/D,Urbana,S/D,S/D,S/D,S/D,S/D,Nocturna,S/D,S/D,Ciclista,Atropello,S/D,S/D,S/D,S/D,"-32.980944444444,-60.662583333333","['Doctor Francisco Riva', 'Bulevar Nicasio Oroño']",2,,-32.980944444444,-60.662583333333,55.0,538.0,Municipio Rosario,Municipio,Rosario,820210,Servicio de Catastro e Información Territorial,IGN
2018,6232,2018-03-26,Lunes,0.0,,,0.0,2,"Moto/Ciclomotor,Automóvil",Camilo Aldao Y Av. Pellegrini,2,1,0,0,1,0,0,"-32.948,-60.695666666667",Calle,,ROSARIO,Rosario,Asfalto,No existe,II,Dentro,Urbana,Semáforo,Funciona,Intersección,Bueno,S/D,S/D,S/D,S/D,S/D,Colisión,Ninguna,"Horizontal,Vertical",Ninguna,Sin restricción,"-32.948,-60.695666666667","['Camilo Aldao', 'Pellegrini']",2,,-32.948,-60.695666666667,55.0,538.0,Municipio Rosario,Municipio,Rosario,820210,Servicio de Catastro e Información Territorial,IGN
2018,6240,2018-03-28,Miercoles,0.0,,,0.0,2,"Peatón,Moto/Ciclomotor",Ituzaingo ,2,1,0,0,1,0,0,"-32.961424,-60.637826",Calle,,ROSARIO,Rosario,S/D,S/D,II,S/D,Urbana,S/D,S/D,S/D,S/D,S/D,S/D,S/D,S/D,Peatón,Atropello,S/D,S/D,S/D,S/D,"-32.961424,-60.637826",['Ituzaingó'],1,,-32.961424,-60.637826,55.0,538.0,Municipio Rosario,Municipio,Rosario,820210,Servicio de Catastro e Información Territorial,IGN
2018,6241,2018-04-18,Miercoles,0.0,,,0.0,2,"Automóvil,Transporte Escolar",Guatemala Y Neuquen,3,3,0,0,0,0,0,"-32.944691, -60.717109",Calle,,ROSARIO,Rosario,Hormigón,No existe,II,Dentro,Urbana,Ninguna,No existe,Intersección,Bueno,Buena,Diurna,Buen Tiempo,S/D,S/D,Colisión,Ninguna,Faltante,Ninguna,Sin restricción,"-32.944691, -60.717109","['Guatemala', 'Neuquen']",2,,-32.944691,-60.717109,55.0,538.0,Municipio Rosario,Municipio,Rosario,820210,Servicio de Catastro e Información Territorial,IGN
2018,6256,2018-04-23,Lunes,0.0,08:50:00,,0.0,1,Automóvil,Mitre Y 9 De Julio,1,1,0,0,0,0,0,"-32.953555555556,-60.641416666667",Calle,,ROSARIO,Rosario,Asfalto,No existe,II,Dentro,Urbana,Ninguna,No existe,Recta,Bueno,Buena,Diurna,Buen Tiempo,S/D,S/D,Despiste,Ninguna,"Horizontal,Vertical",Ninguna,Sin restricción,"-32.953555555556,-60.641416666667","['Mitre', '9 de Julio']",2,,-32.953555555556,-60.641416666667,55.0,538.0,Municipio Rosario,Municipio,Rosario,820210,Servicio de Catastro e Información Territorial,IGN
2018,6260,2018-05-01,Martes,0.0,14:35:00,,0.0,2,"Taxi/Remis,Automóvil",Ricchieri Y E.Zeballos,2,1,0,0,1,0,0,"-32.950611111111,-60.665",Calle,,ROSARIO,Rosario,S/D,S/D,II,S/D,Urbana,S/D,S/D,S/D,S/D,S/D,S/D,S/D,S/D,S/D,Colisión,S/D,S/D,S/D,S/D,"-32.950611111111,-60.665","['Ricchieri', 'Zeballos']",2,,-32.950611111111,-60.665,55.0,538.0,Municipio Rosario,Municipio,Rosario,820210,Servicio de Catastro e Información Territorial,IGN
2018,6268,2018-05-02,Miercoles,0.0,10:00:00,,0.0,2,"Moto/Ciclomotor,Moto/Ciclomotor",Amenabar Y Camilo Aldao,2,1,0,0,0,0,1,"-32.9635,-60.695111111111",Calle,,ROSARIO,Rosario,S/D,S/D,II,S/D,Urbana,S/D,S/D,S/D,S/D,S/D,S/D,S/D,S/D,S/D,Colisión,S/D,S/D,S/D,S/D,"-32.9635,-60.695111111111","['Amenabar', 'Camilo Aldao']",2,,-32.9635,-60.695111111111,55.0,538.0,Municipio Rosario,Municipio,Rosario,820210,Servicio de Catastro e Información Territorial,IGN
2018,6269,2018-05-02,Miercoles,0.0,,,0.0,2,"Pickup/Utilitario,Moto/Ciclomotor",Pte.Roca 1800,2,1,0,0,1,0,0,"-32.957194444444,-60.648138888889",Calle,,ROSARIO,Rosario,S/D,S/D,II,S/D,Urbana,S/D,S/D,S/D,S/D,S/D,S/D,S/D,S/D,S/D,Colisión,S/D,S/D,S/D,S/D,"-32.957194444444,-60.648138888889",['Presidenteroca 1800'],1,,-32.957194444444,-60.648138888889,55.0,538.0,Municipio Rosario,Municipio,Rosario,820210,Servicio de Catastro e Información Territorial,IGN
2018,6272,2018-05-02,Miercoles,0.0,15:30:00,,0.0,2,"Taxi/Remis,Automóvil",Av. Uriburu 5600,5,3,0,0,2,0,0,"-32.991888888889,-60.695944444444",Calle,,ROSARIO,Rosario,S/D,S/D,II,S/D,Urbana,S/D,S/D,S/D,S/D,S/D,S/D,S/D,S/D,S/D,Colisión,S/D,S/D,S/D,S/D,"-32.991888888889,-60.695944444444",['Uriburu 5600'],1,,-32.991888888889,-60.695944444444,55.0,538.0,Municipio Rosario,Municipio,Rosario,820210,Servicio de Catastro e Información Territorial,IGN
2018,6274,2018-06-16,Sabado,1.0,,,0.0,2,"Pickup/Utilitario,Moto/Ciclomotor",Humberto I 1600,2,1,0,0,1,0,0,"-32.92975,-60.685722222222",S/D,,ROSARIO,Rosario,S/D,S/D,II,S/D,Urbana,S/D,S/D,S/D,S/D,S/D,S/D,S/D,S/D,S/D,S/D,S/D,S/D,S/D,S/D,"-32.92975,-60.685722222222",['Humberto I 1600'],1,,-32.92975,-60.685722222222,55.0,538.0,Municipio Rosario,Municipio,Rosario,820210,Servicio de Catastro e Información Territorial,IGN
2018,6275,2018-06-16,Sabado,0.0,,,0.0,2,"Automóvil,Moto/Ciclomotor",Bv. Segui Y Bv. Oro?o,2,1,0,0,1,0,0,"-32.976444444444,-60.661722222222",S/D,,ROSARIO,Rosario,S/D,S/D,II,S/D,S/D,S/D,S/D,S/D,S/D,S/D,S/D,S/D,S/D,S/D,S/D,S/D,S/D,S/D,S/D,"-32.976444444444,-60.661722222222","['Bulevar Juan Francisco Seguí', 'Bulevar Nicasio Oroño']",2,,-32.976444444444,-60.661722222222,55.0,538.0,Municipio Rosario,Municipio,Rosario,820210,Servicio de Catastro e Información Territorial,IGN
2018,6278,2018-04-01,Domingo,0.0,00:00:00,,0.0,2,"Moto/Ciclomotor,Otros",Alberdi 800,2,1,0,0,0,0,1,"-32.918083333333,-60.683138888889",Avenida,,ROSARIO,Rosario,Asfalto,No existe,II,Dentro,Urbana,Semáforo,Funciona,S/D,S/D,S/D,Nocturna,S/D,S/D,S/D,Colisión,S/D,"Horizontal,Vertical",Cordón divisorio,Sin restricción,"-32.918083333333,-60.683138888889",['Alberdi 800'],1,,-32.918083333333,-60.683138888889,55.0,538.0,Municipio Rosario,Municipio,Rosario,820210,Servicio de Catastro e Información Territorial,IGN
2018,6284,2018-05-03,Jueves,0.0,18:00:00,,0.0,1,Taxi/Remis,Matienzo Y Casilda,1,1,0,0,0,0,0,"-32.928638888889,-60.695138888889",Calle,,ROSARIO,Rosario,S/D,S/D,II,S/D,Urbana,S/D,S/D,S/D,S/D,S/D,S/D,S/D,Contra objeto fijo,S/D,Colisión,S/D,S/D,S/D,S/D,"-32.928638888889,-60.695138888889","['Matienzo', 'Casilda']",2,,-32.928638888889,-60.695138888889,55.0,538.0,Municipio Rosario,Municipio,Rosario,820210,Servicio de Catastro e Información Territorial,IGN
2018,6286,2018-05-04,Viernes,0.0,,,0.0,2,"Moto/Ciclomotor,Pickup/Utilitario",Av. Eva Peron Y Bv. Wilde,2,1,0,0,0,0,1,"-32.928416666667,-60.738972222222",Avenida,,ROSARIO,Rosario,S/D,S/D,II,S/D,Urbana,S/D,S/D,S/D,S/D,S/D,S/D,S/D,S/D,S/D,Colisión,S/D,S/D,S/D,S/D,"-32.928416666667,-60.738972222222","['Avenida Eva Perón', 'Bulevar Wilde']",2,,-32.928416666667,-60.738972222222,55.0,538.0,Municipio Rosario,Municipio,Rosario,820210,Servicio de Catastro e Información Territorial,IGN
2018,6288,2018-06-16,Sabado,0.0,21:10:00,,0.0,2,"Automóvil,Moto/Ciclomotor",GUILLERMO TELL Y SALVAT,3,0,2,0,1,0,0,"-32.8841, -60.74094",S/D,,ROSARIO,Rosario,S/D,S/D,II,S/D,S/D,S/D,S/D,S/D,S/D,S/D,S/D,S/D,S/D,S/D,S/D,S/D,S/D,S/D,S/D,"-32.8841, -60.74094","['Calle 529', 'Salvat']",2,,-32.8841,-60.74094,55.0,538.0,Municipio Rosario,Municipio,Rosario,820210,Servicio de Catastro e Información Territorial,IGN
2018,6292,2018-05-06,Domingo,0.0,,,0.0,2,"Bicicleta,Peatón",Av. Pte.Peron Y Bv. Avellaneda,2,1,0,0,1,0,0,"-32.957694444444,-60.683722222222",Avenida,,ROSARIO,Rosario,S/D,S/D,II,S/D,Urbana,S/D,S/D,S/D,S/D,S/D,S/D,S/D,S/D,Ciclista,Atropello,S/D,S/D,S/D,S/D,"-32.957694444444,-60.683722222222","['Avenida Presidente Perón', 'Avellaneda']",2,,-32.957694444444,-60.683722222222,55.0,538.0,Municipio Rosario,Municipio,Rosario,820210,Servicio de Catastro e Información Territorial,IGN
2018,6305,2018-06-17,Domingo,0.0,,,0.0,1,Transporte de Pasajeros Urbano (> 8 asientos),Mendoza Y Sucre,2,0,1,0,1,0,0,"-32.94225,-60.691333333333",S/D,,ROSARIO,Rosario,S/D,S/D,II,S/D,S/D,S/D,S/D,S/D,S/D,S/D,S/D,S/D,S/D,S/D,Caída ocupante,S/D,S/D,S/D,S/D,"-32.94225,-60.691333333333","['Mendoza', 'Sucre']",2,,-32.94225,-60.691333333333,55.0,538.0,Municipio Rosario,Municipio,Rosario,820210,Servicio de Catastro e Información Territorial,IGN
2018,6310,2018-06-17,Domingo,0.0,17:30:00,,0.0,2,"Automóvil,Bicicleta",Dean Funes Y Bv. Avellaneda,3,1,0,0,1,0,1,"-32.968277777778,-60.6865",S/D,,ROSARIO,Rosario,S/D,S/D,II,S/D,S/D,S/D,S/D,S/D,S/D,S/D,S/D,S/D,S/D,Ciclista,Atropello,S/D,S/D,S/D,S/D,"-32.968277777778,-60.6865","['Deán Gregorio Funes', 'Avellaneda']",2,,-32.968277777778,-60.6865,55.0,538.0,Municipio Rosario,Municipio,Rosario,820210,Servicio de Catastro e Información Territorial,IGN
2018,6315,2018-03-30,Viernes,0.0,,,0.0,2,"Automóvil,Moto/Ciclomotor",Montevideo Y Iriondo,2,1,0,0,1,0,0,"-32.9505,-60.672083333333",Calle,,ROSARIO,Rosario,Asfalto,No existe,II,Dentro,Urbana,Ninguna,No existe,Intersección,Bueno,S/D,S/D,S/D,S/D,S/D,Colisión,Ninguna,Faltante,Ninguna,Sin restricción,"-32.9505,-60.672083333333","['Montevideo', 'Iriondo']",2,,-32.9505,-60.672083333333,55.0,538.0,Municipio Rosario,Municipio,Rosario,820210,Servicio de Catastro e Información Territorial,IGN
2018,6320,2018-04-14,Sabado,0.0,02:00:00,,0.0,2,"Moto/Ciclomotor,Otros",Bv. Oro?o Y Av. Arijon,2,1,0,0,0,0,1,"-33.0035,-60.664777777778",Avenida,,ROSARIO,Rosario,Asfalto,No existe,II,Dentro,Urbana,Semáforo,Funciona,S/D,S/D,S/D,Nocturna,S/D,S/D,S/D,Colisión,S/D,"Horizontal,Vertical",Cordón divisorio,Sin restricción,"-33.0035,-60.664777777778","['Bulevar Nicasio Oroño', 'Avenida Manuel Arijón']",2,,-33.0035,-60.664777777778,55.0,538.0,Municipio Rosario,Municipio,Rosario,820210,Servicio de Catastro e Información Territorial,IGN
2018,6321,2018-04-19,Jueves,0.0,15:05:00,,0.0,2,"Moto/Ciclomotor,Otros",Av. Francia Y Uruguay,2,1,0,0,0,0,1,"-32.971861111111,-60.673305555556",Avenida,,ROSARIO,Rosario,Asfalto,No existe,II,Dentro,Urbana,Ninguna,No existe,Intersección,S/D,S/D,Diurna,S/D,Lateral,S/D,Colisión,S/D,Faltante,Cordón divisorio,Sin restricción,"-32.971861111111,-60.673305555556","['Avenida Francia', 'Uruguay']",2,,-32.971861111111,-60.673305555556,55.0,538.0,Municipio Rosario,Municipio,Rosario,820210,Servicio de Catastro e Información Territorial,IGN
2018,6326,2018-04-26,Jueves,0.0,00:30:00,,0.0,2,"Moto/Ciclomotor,Otros",Mendoza Y Mejico,2,1,0,0,0,0,1,"-32.940333333333,-60.718416666667",Calle,,ROSARIO,Rosario,Asfalto,No existe,II,Dentro,Urbana,Paso Peatonal,No existe,Intersección,S/D,S/D,Nocturna,S/D,Lateral,S/D,Colisión,S/D,Horizontal,Cordón divisorio,Sin restricción,"-32.940333333333,-60.718416666667","['Mendoza', 'Mejico']",2,,-32.940333333333,-60.718416666667,55.0,538.0,Municipio Rosario,Municipio,Rosario,820210,Servicio de Catastro e Información Territorial,IGN
2018,6327,2018-04-06,Viernes,0.0,01:15:00,,0.0,2,"Peatón,Otros",Crespo Y Cordoba,2,1,0,0,0,0,1,"-32.941027777778,-60.66825",Calle,,ROSARIO,Rosario,Asfalto,No existe,II,Dentro,Urbana,Paso Peatonal,No existe,Intersección,S/D,S/D,Nocturna,S/D,S/D,Peatón,Atropello,S/D,Horizontal,Ninguna,Sin restricción,"-32.941027777778,-60.66825","['Crespo', 'Córdoba']",2,,-32.941027777778,-60.66825,55.0,538.0,Municipio Rosario,Municipio,Rosario,820210,Servicio de Catastro e Información Territorial,IGN
2018,6328,2018-04-21,Sabado,0.0,05:45:00,,0.0,2,"Automóvil,Otros",Echeverria Bis Y Velez Sarsfield,2,1,0,0,0,0,1,"-32.924805555556,-60.672138888889",Calle,,ROSARIO,Rosario,Asfalto,No existe,II,Dentro,Urbana,Semáforo,Funciona,Intersección,S/D,S/D,Nocturna,S/D,S/D,S/D,Colisión,S/D,"Horizontal,Vertical",Ninguna,Sin restricción,"-32.924805555556,-60.672138888889","['Echeverría', 'Vélez Sarsfield']",2,,-32.924805555556,-60.672138888889,55.0,538.0,Municipio Rosario,Municipio,Rosario,820210,Servicio de Catastro e Información Territorial,IGN
2018,6331,2018-03-31,Sabado,0.0,22:05:00,,0.0,2,"Bicicleta,Automóvil",Av. Uriburu Y Ayacucho,2,1,0,0,1,0,0,"-32.990361111111,-60.636916666667",Calle,,ROSARIO,Rosario,Asfalto,No existe,II,Dentro,Urbana,Ninguna,Funciona,Intersección,Bueno,S/D,Nocturna,S/D,S/D,Ciclista,Atropello,Ninguna,"Horizontal,Vertical","Cordón divisorio,Línea divisoria pintada",Sin restricción,"-32.990361111111,-60.636916666667","['Uriburu', 'Ayacucho']",2,,-32.990361111111,-60.636916666667,55.0,538.0,Municipio Rosario,Municipio,Rosario,820210,Servicio de Catastro e Información Territorial,IGN
2018,6340,2018-06-04,Lunes,0.0,06:10:00,,0.0,1,Moto/Ciclomotor,5 de Agosto Y Espa?a,2,1,0,0,1,0,0,"-33.01696, -60.65676",Calle,,ROSARIO,Rosario,S/D,S/D,II,S/D,Urbana,S/D,S/D,Intersección,S/D,S/D,Amanecer,S/D,Otro,S/D,Caída ocupante,S/D,S/D,S/D,S/D,"-33.01696, -60.65676","['5 de Agosto', 'España']",2,,-33.01696,-60.65676,55.0,538.0,Municipio Rosario,Municipio,Rosario,820210,Servicio de Catastro e Información Territorial,IGN
2018,6344,2018-06-04,Lunes,0.0,12:15:00,,0.0,2,"Moto/Ciclomotor,Automóvil",Campbell Y Garay,3,1,0,0,2,0,0,"-32.966138888889,-60.706944444444",Calle,,ROSARIO,Rosario,S/D,S/D,II,S/D,Urbana,S/D,S/D,S/D,S/D,S/D,Diurna,S/D,Otro,S/D,Colisión,S/D,S/D,S/D,S/D,"-32.966138888889,-60.706944444444","['Campbell', 'Garay']",2,,-32.966138888889,-60.706944444444,55.0,538.0,Municipio Rosario,Municipio,Rosario,820210,Servicio de Catastro e Información Territorial,IGN
2018,6348,2018-05-17,Jueves,0.0,,,0.0,2,"Moto/Ciclomotor,Taxi/Remis",Italia Y Pasco,2,1,0,0,1,0,0,"-32.957833333333,-60.651194444444",Calle,,ROSARIO,Rosario,Asfalto,S/D,II,Dentro,Urbana,S/D,S/D,Intersección,S/D,S/D,S/D,S/D,Lateral,S/D,Colisión,S/D,S/D,S/D,S/D,"-32.957833333333,-60.651194444444","['Italia', 'Pasco']",2,,-32.957833333333,-60.651194444444,55.0,538.0,Municipio Rosario,Municipio,Rosario,820210,Servicio de Catastro e Información Territorial,IGN
2018,6358,2018-05-11,Viernes,0.0,07:30:00,,0.0,2,"Automóvil,Peatón",Santiago 5700,2,1,0,0,1,0,0,"-33.003583333333,-60.667638888889",Calle,,ROSARIO,Rosario,S/D,S/D,II,S/D,Urbana,S/D,S/D,S/D,S/D,S/D,S/D,S/D,S/D,Peatón,Atropello,S/D,S/D,S/D,S/D,"-33.003583333333,-60.667638888889",['Santiago 5700'],1,,-33.003583333333,-60.667638888889,55.0,538.0,Municipio Rosario,Municipio,Rosario,820210,Servicio de Catastro e Información Territorial,IGN
2018,6362,2018-06-05,Martes,0.0,13:05:00,,0.0,2,"Moto/Ciclomotor,Automóvil",Peru Y Riobamba,3,2,0,0,1,0,0,"-32.954444444444,-60.710861111111",Calle,,ROSARIO,Rosario,S/D,S/D,II,S/D,Urbana,S/D,S/D,Intersección,S/D,S/D,Diurna,S/D,S/D,S/D,S/D,S/D,S/D,S/D,S/D,"-32.954444444444,-60.710861111111","['Peru', 'Riobamba']",2,,-32.954444444444,-60.710861111111,55.0,538.0,Municipio Rosario,Municipio,Rosario,820210,Servicio de Catastro e Información Territorial,IGN
2018,6364,2018-04-20,Viernes,0.0,18:00:00,,0.0,2,"Moto/Ciclomotor,Otros",Virasoro Y Mitre,2,1,0,0,0,0,1,"-32.969666666667,-60.645416666667",Calle,,ROSARIO,Rosario,Asfalto,No existe,II,Dentro,Urbana,Marca Vial,No existe,Intersección,S/D,S/D,Diurna,S/D,Lateral,S/D,Colisión,S/D,Horizontal,Ninguna,Sin restricción,"-32.969666666667,-60.645416666667","['Virasoro', 'Mitre']",2,,-32.969666666667,-60.645416666667,55.0,538.0,Municipio Rosario,Municipio,Rosario,820210,Servicio de Catastro e Información Territorial,IGN
2018,6382,2018-05-12,Sabado,0.0,,,0.0,2,"Moto/Ciclomotor,Automóvil",Mendoza Y Guatemala,3,2,0,0,1,0,0,"-32.940305555556,-60.717277777778",Calle,,ROSARIO,Rosario,S/D,S/D,II,S/D,Urbana,S/D,S/D,S/D,S/D,S/D,S/D,S/D,S/D,S/D,Colisión,S/D,S/D,S/D,S/D,"-32.940305555556,-60.717277777778","['Mendoza', 'Guatemala']",2,,-32.940305555556,-60.717277777778,55.0,538.0,Municipio Rosario,Municipio,Rosario,820210,Servicio de Catastro e Información Territorial,IGN
2018,6387,2018-06-19,Martes,0.0,08:00:00,,0.0,2,"Bicicleta,Automóvil",GÁLVEZ Y Mitre,2,0,1,0,1,0,0,"-32.96854, -60.64525",S/D,,ROSARIO,Rosario,S/D,S/D,II,S/D,S/D,S/D,S/D,S/D,S/D,S/D,S/D,S/D,S/D,Ciclista,Atropello,S/D,S/D,S/D,S/D,"-32.96854, -60.64525","['Glave', 'Mitre']",2,,-32.96854,-60.64525,55.0,538.0,Municipio Rosario,Municipio,Rosario,820210,Servicio de Catastro e Información Territorial,IGN
2018,6390,2018-06-19,Martes,0.0,07:50:00,,0.0,2,"Moto/Ciclomotor,Automóvil",Av. Arijon Y Centeno,2,1,0,0,1,0,0,"-33.00324, -60.65468",S/D,,ROSARIO,Rosario,S/D,S/D,II,S/D,S/D,S/D,S/D,S/D,S/D,S/D,S/D,S/D,S/D,S/D,S/D,S/D,S/D,S/D,S/D,"-33.00324, -60.65468","['Avenida Manuel Arijón', 'Centeno']",2,,-33.00324,-60.65468,55.0,538.0,Municipio Rosario,Municipio,Rosario,820210,Servicio de Catastro e Información Territorial,IGN
2018,6394,2018-05-14,Lunes,0.0,02:00:00,,0.0,2,"Moto/Ciclomotor,Automóvil",Av. Belgrano Y Laprida,2,0,1,0,1,0,0,"-32.944944444444,-60.632861111111",Avenida,,ROSARIO,Rosario,S/D,S/D,II,S/D,Urbana,S/D,S/D,S/D,S/D,S/D,S/D,S/D,S/D,S/D,Colisión,S/D,S/D,S/D,S/D,"-32.944944444444,-60.632861111111","['Belgrano', 'Laprida']",2,,-32.944944444444,-60.632861111111,55.0,538.0,Municipio Rosario,Municipio,Rosario,820210,Servicio de Catastro e Información Territorial,IGN
2018,6396,2018-06-19,Martes,1.0,13:10:00,,0.0,2,"Automóvil,Moto/Ciclomotor",Alberdi Y Luis Vila,2,1,0,0,1,0,0,"-32.89765, -60.6888",S/D,,ROSARIO,Rosario,S/D,S/D,II,S/D,S/D,S/D,S/D,S/D,S/D,S/D,S/D,S/D,S/D,S/D,S/D,S/D,S/D,S/D,S/D,"-32.89765, -60.6888","['Alberdi', 'Doctor Vila']",2,,-32.89765,-60.6888,55.0,538.0,Municipio Rosario,Municipio,Rosario,820210,Servicio de Catastro e Información Territorial,IGN
2018,6400,2018-06-06,Miercoles,0.0,,,0.0,2,"Transporte de Pasajeros,Moto/Ciclomotor",Pueyrredon Y 3 De Febrero,2,0,0,0,0,0,2,"-32.949333333333,-60.658972222222",Calle,,ROSARIO,Rosario,S/D,S/D,II,S/D,Urbana,S/D,S/D,S/D,S/D,S/D,S/D,S/D,S/D,S/D,Colisión,S/D,S/D,S/D,S/D,"-32.949333333333,-60.658972222222","['Pueyrredón', '3 de Febrero']",2,,-32.949333333333,-60.658972222222,55.0,538.0,Municipio Rosario,Municipio,Rosario,820210,Servicio de Catastro e Información Territorial,IGN
2018,6419,2018-05-15,Martes,0.0,17:00:00,,0.0,2,"Automóvil,Moto/Ciclomotor",Leiva Y Av. Battle y Ordo?ez,2,1,0,0,1,0,0,"-33.008611111111,-60.637666666667",Calle,,ROSARIO,Rosario,S/D,S/D,II,S/D,Urbana,S/D,S/D,S/D,S/D,S/D,S/D,S/D,S/D,S/D,Colisión,S/D,S/D,S/D,S/D,"-33.008611111111,-60.637666666667","['Leiva', 'Avenida Battle y Ordoñez']",2,,-33.008611111111,-60.637666666667,55.0,538.0,Municipio Rosario,Municipio,Rosario,820210,Servicio de Catastro e Información Territorial,IGN
2018,6420,2018-05-15,Martes,0.0,18:00:00,,0.0,2,"Automóvil,Automóvil",Santa Fe Y Valparaiso,4,2,0,0,2,0,0,"-32.93725,-60.681527777778",Calle,,ROSARIO,Rosario,S/D,S/D,II,S/D,Urbana,S/D,S/D,S/D,S/D,S/D,S/D,S/D,S/D,S/D,Colisión,S/D,S/D,S/D,S/D,"-32.93725,-60.681527777778","['Santa Fe', 'Valparaíso']",2,,-32.93725,-60.681527777778,55.0,538.0,Municipio Rosario,Municipio,Rosario,820210,Servicio de Catastro e Información Territorial,IGN
2018,6431,2018-06-19,Martes,0.0,,,0.0,2,"Moto/Ciclomotor,Automóvil",Matienzo Y Montevideo,3,0,1,0,2,0,0,"-32.96804, -60.69347",S/D,,ROSARIO,Rosario,S/D,S/D,II,S/D,S/D,S/D,S/D,S/D,S/D,S/D,S/D,S/D,S/D,S/D,S/D,S/D,S/D,S/D,S/D,"-32.96804, -60.69347","['Matienzo', 'Montevideo']",2,,-32.96804,-60.69347,55.0,538.0,Municipio Rosario,Municipio,Rosario,820210,Servicio de Catastro e Información Territorial,IGN
2018,6475,2018-05-20,Domingo,0.0,10:00:00,,0.0,2,"Moto/Ciclomotor,Pickup/Utilitario",Roullon Y Uruguay,2,0,1,0,1,0,0,"-32.968333333333,-60.701166666667",Calle,,ROSARIO,Rosario,Asfalto,S/D,II,Dentro,Urbana,S/D,S/D,Intersección,S/D,S/D,Diurna,S/D,Lateral,S/D,Colisión,S/D,S/D,S/D,S/D,"-32.968333333333,-60.701166666667","['Alfredo Rouillón', 'Uruguay']",2,,-32.968333333333,-60.701166666667,55.0,538.0,Municipio Rosario,Municipio,Rosario,820210,Servicio de Catastro e Información Territorial,IGN
2018,6477,2018-05-20,Domingo,1.0,15:40:00,,0.0,2,"Moto/Ciclomotor,Automóvil",Av. Uriburu Y Av. Corrientes,3,1,0,0,2,0,0,"-32.990888888889,-60.653722222222",Avenida,,ROSARIO,Rosario,Asfalto,S/D,II,Dentro,Urbana,Ninguna,S/D,Intersección,S/D,S/D,Diurna,S/D,Lateral,S/D,Colisión,S/D,S/D,S/D,Sin restricción,"-32.990888888889,-60.653722222222","['Uriburu', 'Corrientes']",2,,-32.990888888889,-60.653722222222,55.0,538.0,Municipio Rosario,Municipio,Rosario,820210,Servicio de Catastro e Información Territorial,IGN
2018,6510,2018-03-09,Viernes,0.0,11:00:00,,0.0,1,Otros, ,1,1,0,0,0,0,0,"-32.962142,-60.640616",S/D,,ROSARIO,Rosario,S/D,S/D,II,S/D,S/D,S/D,S/D,S/D,S/D,S/D,S/D,S/D,S/D,S/D,S/D,S/D,S/D,S/D,S/D,"-32.962142,-60.640616",[''],0,,-32.962142,-60.640616,55.0,538.0,Municipio Rosario,Municipio,Rosario,820210,Servicio de Catastro e Información Territorial,IGN