anio_acci,nro_acci,fecha,desc_dia,fecha_aprox,hora_aprox,desc_ruta,km,cant_participantes,desc_participante,calle_avenida_km,total,heridos_leves,heridos_graves,heridos_gravisimos,ilesos,fallecidos,sin_datos,posicion_XY,desc_tipo_via,desc_ruta_ori,desc_loc,desc_dpto,desc_tipo_calzada,desc_tipo_banquina,desc_unidad_regional,desc_lugar_calzada,desc_zona,desc_prioridad,desc_estado_semaforo,desc_lugar_via,desc_estado_via,desc_estado_visibilidad,desc_luminosidad,desc_estado_clima,desc_tipo_colision,desc_tipo_atropello,desc_tipo_hecho,desc_pres_calzada,desc_senializacion,desc_separacion_via,desc_restriccion,forma_geocod,calle_lista,numero_calles,calles_osm,lat,lon,index_right,gid,fna,gna,nam,in1,fdc,sag
2018,6511,2018-03-10,Sabado,0.0,21:00:00,,0.0,2,"Otros,Moto/Ciclomotor",Bv. Oro?o Y Av. Ntra.Sra.del Rosario,2,1,0,0,0,0,1,"-33.000555555556,-60.664916666667",Calle,,ROSARIO,Rosario,Asfalto,No existe,II,Dentro,Urbana,Semáforo,Funciona,Intersección,Bueno,S/D,Nocturna,S/D,S/D,S/D,Colisión,Ninguna,"Horizontal,Vertical",Cordón divisorio,Sin restricción,"-33.000555555556,-60.664916666667","['Bulevar Nicasio Oroño', 'Nuestra Señora del Rosario']",2,,-33.000555555556,-60.664916666667,55.0,538.0,Municipio Rosario,Municipio,Rosario,820210,Servicio de Catastro e Información Territorial,IGN
2018,6512,2018-03-19,Lunes,0.0,15:00:00,,0.0,2,"Otros,Moto/Ciclomotor",Bv. Segui Y Crespo,2,1,0,0,0,0,1,"-32.973694444444,-60.676472222222",Calle,,ROSARIO,Rosario,Asfalto,No existe,II,Dentro,Urbana,Ninguna,No existe,Intersección,Bueno,S/D,Diurna,S/D,S/D,S/D,Colisión,Ninguna,Horizontal,Cordón divisorio,Sin restricción,"-32.973694444444,-60.676472222222","['Bulevar Juan Francisco Seguí', 'Crespo']",2,,-32.973694444444,-60.676472222222,55.0,538.0,Municipio Rosario,Municipio,Rosario,820210,Servicio de Catastro e Información Territorial,IGN
2018,6522,2018-06-21,Jueves,0.0,15:35:00,,0.0,2,"Automóvil,Automóvil",Bv. Oro?o Y Jujuy,2,1,0,0,1,0,0,"-32.935527777778,-60.651361111111",S/D,,ROSARIO,Rosario,S/D,S/D,II,S/D,S/D,S/D,S/D,S/D,S/D,S/D,S/D,S/D,S/D,S/D,Otro,S/D,S/D,S/D,S/D,"-32.935527777778,-60.651361111111","['Bulevar Nicasio Oroño', 'Jujuy']",2,,-32.935527777778,-60.651361111111,55.0,538.0,Municipio Rosario,Municipio,Rosario,820210,Servicio de Catastro e Información Territorial,IGN
2018,6527,2018-01-17,Miercoles,0.0,08:00:00,,0.0,3,"Moto/Ciclomotor,Pickup/Utilitario,Automóvil",Av. Pellegrini Y Av. Belgrano,3,2,0,0,1,0,0,"-32.960944444444,-60.621194444444",Avenida,,ROSARIO,Rosario,Asfalto,No existe,II,Dentro,Urbana,Ninguna,S/D,Recta,S/D,Buena,Diurna,S/D,Múltiple,S/D,Colisión,Ninguna,S/D,S/D,Sin restricción,"-32.960944444444,-60.621194444444","['Pellegrini', 'Belgrano']",2,,-32.960944444444,-60.621194444444,55.0,538.0,Municipio Rosario,Municipio,Rosario,820210,Servicio de Catastro e Información Territorial,IGN
2018,6529,2018-06-21,Jueves,0.0,04:45:00,,0.0,2,"Automóvil,Peatón",Italia Y Mendoza,2,0,1,0,1,0,0,"-32.949777777778,-60.649166666667",S/D,,ROSARIO,Rosario,S/D,S/D,II,S/D,S/D,S/D,S/D,S/D,S/D,S/D,S/D,S/D,S/D,Peatón,Atropello,S/D,S/D,S/D,S/D,"-32.949777777778,-60.649166666667","['Italia', 'Mendoza']",2,,-32.949777777778,-60.649166666667,55.0,538.0,Municipio Rosario,Municipio,Rosario,820210,Servicio de Catastro e Información Territorial,IGN
2018,6537,2018-06-21,Jueves,0.0,,,0.0,2,"Moto/Ciclomotor,Moto/Ciclomotor",Rodriguez Y Pte.Quintana,2,1,1,0,0,0,0,"-32.978833333333,-60.667861111111",S/D,,ROSARIO,Rosario,S/D,S/D,II,S/D,S/D,S/D,S/D,S/D,S/D,S/D,S/D,S/D,S/D,S/D,S/D,S/D,S/D,S/D,S/D,"-32.978833333333,-60.667861111111","['Rodríguez', 'Quintana']",2,,-32.978833333333,-60.667861111111,55.0,538.0,Municipio Rosario,Municipio,Rosario,820210,Servicio de Catastro e Información Territorial,IGN
2018,6543,2018-06-21,Jueves,0.0,14:30:00,,0.0,2,"Transporte de Pasajeros Urbano (> 8 asientos),Peatón",Suipacha Y Santa Fe,2,0,1,0,1,0,0,"-32.940416666667,-60.663833333333",S/D,,ROSARIO,Rosario,S/D,S/D,II,S/D,S/D,S/D,S/D,S/D,S/D,S/D,S/D,S/D,S/D,Peatón,Atropello,S/D,S/D,S/D,S/D,"-32.940416666667,-60.663833333333","['Suipacha', 'Santa Fe']",2,,-32.940416666667,-60.663833333333,55.0,538.0,Municipio Rosario,Municipio,Rosario,820210,Servicio de Catastro e Información Territorial,IGN
2018,6547,2018-06-09,Sabado,0.0,,,0.0,2,"Moto/Ciclomotor,Automóvil",Servando Bayo Y Marcos Paz,3,1,0,0,2,0,0,"-32.942527777778,-60.685694444444",Calle,,ROSARIO,Rosario,S/D,S/D,II,S/D,Urbana,S/D,S/D,Intersección,S/D,S/D,S/D,S/D,S/D,S/D,Colisión,S/D,S/D,S/D,S/D,"-32.942527777778,-60.685694444444","['Servando Bayo', 'Marcos Paz']",2,,-32.942527777778,-60.685694444444,55.0,538.0,Municipio Rosario,Municipio,Rosario,820210,Servicio de Catastro e Información Territorial,IGN
2018,6550,2018-05-21,Lunes,0.0,06:00:00,,0.0,2,"Automóvil,Peatón",Jujuy Y Suipacha,2,1,0,0,1,0,0,"-32.933583333333,-60.662111111111",Calle,,ROSARIO,Rosario,Asfalto,No existe,II,Dentro,Urbana,Ninguna,S/D,Intersección,S/D,S/D,Amanecer,S/D,S/D,Peatón,Atropello,S/D,S/D,S/D,Sin restricción,"-32.933583333333,-60.662111111111","['Jujuy', 'Suipacha']",2,,-32.933583333333,-60.662111111111,55.0,538.0,Municipio Rosario,Municipio,Rosario,820210,Servicio de Catastro e Información Territorial,IGN
2018,6551,2018-06-09,Sabado,0.0,,,0.0,1,Moto/Ciclomotor,San Martin Y Pje. San Francisco,2,1,0,0,1,0,0,"-33.006916666667,-60.65025",Calle,,ROSARIO,Rosario,S/D,S/D,II,S/D,Urbana,S/D,S/D,Intersección,S/D,S/D,S/D,S/D,De alcance,S/D,Colisión,S/D,S/D,S/D,S/D,"-33.006916666667,-60.65025","['San Martin', 'San Francisco']",2,,-33.006916666667,-60.65025,55.0,538.0,Municipio Rosario,Municipio,Rosario,820210,Servicio de Catastro e Información Territorial,IGN
2018,6555,2018-05-09,Miercoles,0.0,08:00:00,,0.0,2,"Moto/Ciclomotor,Otros",Iriondo Y Pte.Quintana,2,0,1,0,0,0,1,"-32.976888888889,-60.678722222222",Calle,,ROSARIO,Rosario,S/D,S/D,II,S/D,Urbana,S/D,S/D,S/D,S/D,S/D,S/D,S/D,S/D,S/D,Colisión,S/D,S/D,S/D,S/D,"-32.976888888889,-60.678722222222","['Iriondo', 'Quintana']",2,,-32.976888888889,-60.678722222222,55.0,538.0,Municipio Rosario,Municipio,Rosario,820210,Servicio de Catastro e Información Territorial,IGN
2018,6571,2018-03-21,Miercoles,0.0,15:33:00,,0.0,2,"Moto/Ciclomotor,Otros",Av. Francia Y Dr.Rivas,2,1,0,0,0,0,1,"-32.978777777778,-60.674777777778",Calle,,ROSARIO,Rosario,Asfalto,No existe,II,Dentro,Urbana,Ninguna,No existe,Intersección,Bueno,S/D,Diurna,S/D,S/D,S/D,Colisión,Ninguna,Faltante,Cordón divisorio,Sin restricción,"-32.978777777778,-60.674777777778","['Avenida Francia', 'Doctor Francisco Riva']",2,,-32.978777777778,-60.674777777778,55.0,538.0,Municipio Rosario,Municipio,Rosario,820210,Servicio de Catastro e Información Territorial,IGN
2018,6572,2018-03-25,Domingo,0.0,15:30:00,,0.0,2,"Automóvil,Otros",Bv. Segui Y Roullon,2,1,0,0,0,0,1,"-32.970833333333,-60.701055555556",Calle,,ROSARIO,Rosario,Asfalto,No existe,II,Dentro,Urbana,Semáforo,Funciona,Intersección,Bueno,S/D,Diurna,S/D,S/D,S/D,Colisión,Ninguna,"Horizontal,Vertical",Cordón divisorio,Sin restricción,"-32.970833333333,-60.701055555556","['Bulevar Juan Francisco Seguí', 'Alfredo Rouillón']",2,,-32.970833333333,-60.701055555556,55.0,538.0,Municipio Rosario,Municipio,Rosario,820210,Servicio de Catastro e Información Territorial,IGN
2018,6576,2018-03-31,Sabado,0.0,22:30:00,,0.0,2,"Moto/Ciclomotor,Otros",Molina Y Gianneo,2,1,0,0,0,0,1,"-32.892918,-60.704793",Calle,,ROSARIO,Rosario,S/D,S/D,II,S/D,Urbana,S/D,S/D,S/D,S/D,S/D,Nocturna,S/D,S/D,S/D,Colisión,S/D,S/D,S/D,S/D,"-32.892918,-60.704793","['Molina', 'Gianneo (Sur)']",2,,-32.892918,-60.704793,55.0,538.0,Municipio Rosario,Municipio,Rosario,820210,Servicio de Catastro e Información Territorial,IGN
2018,6581,2018-03-05,Lunes,0.0,22:15:00,,0.0,2,"Pickup/Utilitario,Moto/Ciclomotor",Warnes Y Herrera,4,1,0,0,2,1,0,"-32.89576,-60.69361",Calle,,ROSARIO,Rosario,Asfalto,No existe,II,Dentro,Urbana,Ninguna,No existe,Intersección,Bueno,S/D,Nocturna,S/D,Lateral,S/D,Colisión,Ninguna,Horizontal,Ninguna,Sin restricción,"-32.89576,-60.69361","['Warnes', 'Herrera']",2,,-32.89576,-60.69361,55.0,538.0,Municipio Rosario,Municipio,Rosario,820210,Servicio de Catastro e Información Territorial,IGN
2018,6629,2018-06-25,Lunes,0.0,,,0.0,2,"Automóvil,Moto/Ciclomotor",Pj. 3 ,2,1,0,0,1,0,0,"-32.9587, -60.69303",S/D,,ROSARIO,Rosario,S/D,S/D,II,S/D,S/D,S/D,S/D,S/D,S/D,S/D,S/D,S/D,S/D,S/D,S/D,S/D,S/D,S/D,S/D,"-32.9587, -60.69303",['Pj 3'],1,,-32.9587,-60.69303,55.0,538.0,Municipio Rosario,Municipio,Rosario,820210,Servicio de Catastro e Información Territorial,IGN
2018,6655,2018-03-31,Sabado,0.0,23:00:00,,0.0,1,Moto/Ciclomotor,Junin Y Mar del Plata,1,0,0,0,0,1,0,"-32.92677,-60.68193",Calle,,ROSARIO,Rosario,Asfalto,No existe,II,Dentro,Urbana,Ninguna,No existe,Intersección,Bueno,Buena,Nocturna,S/D,Atropello animal,S/D,Colisión,Ninguna,Faltante,Ninguna,Sin restricción,"-32.92677,-60.68193","['Junín', 'Mar del Plata']",2,,-32.92677,-60.68193,55.0,538.0,Municipio Rosario,Municipio,Rosario,820210,Servicio de Catastro e Información Territorial,IGN
2018,6679,2018-06-25,Lunes,0.0,17:35:00,,0.0,2,"Moto/Ciclomotor,Automóvil",F.M.Esquiu Y Solis,2,1,0,0,1,0,0,"-32.922888888889,-60.704083333333",S/D,,ROSARIO,Rosario,S/D,S/D,II,S/D,S/D,S/D,S/D,S/D,S/D,S/D,S/D,S/D,S/D,S/D,S/D,S/D,S/D,S/D,S/D,"-32.922888888889,-60.704083333333","['Esquiú', 'Solis']",2,,-32.922888888889,-60.704083333333,55.0,538.0,Municipio Rosario,Municipio,Rosario,820210,Servicio de Catastro e Información Territorial,IGN
2018,6685,2018-06-10,Domingo,0.0,,,0.0,1,Transporte de Pasajeros (H/ 8 asientos),Bv. Segui Y P.L.Funes,2,0,1,0,1,0,0,"-32.970722222222,-60.700055555556",Calle,,ROSARIO,Rosario,S/D,S/D,II,S/D,Urbana,S/D,S/D,Intersección,S/D,S/D,S/D,S/D,Lateral,S/D,Colisión,S/D,S/D,S/D,S/D,"-32.970722222222,-60.700055555556","['Bulevar Juan Francisco Seguí', 'Funes']",2,,-32.970722222222,-60.700055555556,55.0,538.0,Municipio Rosario,Municipio,Rosario,820210,Servicio de Catastro e Información Territorial,IGN
2018,6686,2018-06-26,Martes,0.0,20:05:00,,0.0,2,"Automóvil,Moto/Ciclomotor",Pavon Y Ricardo Gutierrez,2,1,0,0,1,0,0,"-32.993555555556,-60.634472222222",S/D,,ROSARIO,Rosario,S/D,S/D,II,S/D,S/D,S/D,S/D,S/D,S/D,S/D,S/D,S/D,S/D,S/D,S/D,S/D,S/D,S/D,S/D,"-32.993555555556,-60.634472222222","['Pavón', 'Ricardo Gutierrez']",2,,-32.993555555556,-60.634472222222,55.0,538.0,Municipio Rosario,Municipio,Rosario,820210,Servicio de Catastro e Información Territorial,IGN
2018,6687,2018-06-10,Domingo,0.0,04:10:00,,0.0,1,Moto/Ciclomotor,Pje. Bogado 1500,1,1,0,0,0,0,0,"-32.925638888889,-60.683277777778",Calle,,ROSARIO,Rosario,S/D,S/D,II,S/D,Urbana,S/D,S/D,S/D,S/D,S/D,Nocturna,S/D,S/D,S/D,Caída ocupante,S/D,S/D,S/D,S/D,"-32.925638888889,-60.683277777778",['Pasaje Bogado 1500'],1,,-32.925638888889,-60.683277777778,55.0,538.0,Municipio Rosario,Municipio,Rosario,820210,Servicio de Catastro e Información Territorial,IGN
2018,6688,2018-06-26,Martes,0.0,10:55:00,,0.0,2,"Peatón,Moto/Ciclomotor",Ayacucho Y Anchorena,2,0,1,0,1,0,0,"-32.997388888889,-60.6365",S/D,,ROSARIO,Rosario,S/D,S/D,II,S/D,S/D,S/D,S/D,S/D,S/D,S/D,S/D,S/D,S/D,S/D,S/D,S/D,S/D,S/D,S/D,"-32.997388888889,-60.6365","['Ayacucho', 'Anchorena']",2,,-32.997388888889,-60.6365,55.0,538.0,Municipio Rosario,Municipio,Rosario,820210,Servicio de Catastro e Información Territorial,IGN
2018,6733,2018-06-26,Martes,0.0,15:00:00,,0.0,2,"Moto/Ciclomotor,Automóvil",Pte.Roca Y Ameghino,2,0,0,0,1,1,0,"-32.985861111111,-60.655361111111",Calle,,ROSARIO,Rosario,Asfalto,No existe,II,Dentro,Urbana,Ninguna,No existe,Intersección,Bueno,S/D,S/D,S/D,S/D,S/D,Colisión,Ninguna,Faltante,"Ninguna,S/D",Sin restricción,"-32.985861111111,-60.655361111111","['Roca', 'Ameghino']",2,,-32.985861111111,-60.655361111111,55.0,538.0,Municipio Rosario,Municipio,Rosario,820210,Servicio de Catastro e Información Territorial,IGN
2018,6779,2018-03-21,Miercoles,0.0,18:20:00,,0.0,2,"Peatón,Moto/Ciclomotor",Solis Y J.J.Paso,2,0,0,0,1,1,0,"-32.919944444444,-60.704194444444",Calle,,ROSARIO,Rosario,Asfalto,No existe,II,Dentro,Urbana,Semáforo,Funciona,Intersección,Bueno,Buena,Diurna,S/D,S/D,Peatón,Atropello,Ninguna,"Horizontal,Vertical",Ninguna,Sin restricción,"-32.919944444444,-60.704194444444","['Solis', 'Paso']",2,,-32.919944444444,-60.704194444444,55.0,538.0,Municipio Rosario,Municipio,Rosario,820210,Servicio de Catastro e Información Territorial,IGN
2018,6789,2018-06-28,Jueves,0.0,18:50:00,,0.0,1,Moto/Ciclomotor,Pje. Atacalco Y Garzon,1,1,0,0,0,0,0,"-32.913611111111,-60.706444444444",S/D,,ROSARIO,Rosario,S/D,S/D,II,S/D,S/D,S/D,S/D,S/D,S/D,S/D,S/D,S/D,Contra objeto fijo,S/D,S/D,S/D,S/D,S/D,S/D,"-32.913611111111,-60.706444444444","['Atalco', 'Garzón']",2,,-32.913611111111,-60.706444444444,55.0,538.0,Municipio Rosario,Municipio,Rosario,820210,Servicio de Catastro e Información Territorial,IGN
2018,6812,2018-04-14,Sabado,0.0,05:55:00,,0.0,1,Moto/Ciclomotor,J.M.de Rosas Y Pujato,1,0,0,0,0,1,0,"-32.90605,-60.72581",Calle,,ROSARIO,Rosario,S/D,S/D,II,S/D,Urbana,S/D,S/D,Recta,S/D,S/D,Diurna,S/D,Contra objeto fijo,S/D,Colisión,S/D,S/D,S/D,S/D,"-32.90605,-60.72581","['De Rosas', 'Pujato']",2,,-32.90605,-60.72581,55.0,538.0,Municipio Rosario,Municipio,Rosario,820210,Servicio de Catastro e Información Territorial,IGN
2018,6845,2018-04-15,Domingo,0.0,19:06:00,,0.0,2,"Automóvil,Moto/Ciclomotor",Av. Jorge Newbery Y Gonzalez del Solar,2,0,0,0,1,1,0,"-32.908585, -60.737810",Avenida,,ROSARIO,Rosario,S/D,S/D,II,S/D,Urbana,S/D,S/D,Intersección,S/D,S/D,Nocturna,S/D,S/D,S/D,Colisión,S/D,S/D,S/D,S/D,"-32.908585, -60.737810","['Jorge Newbery', 'González del Solar']",2,,-32.908585,-60.73781,55.0,538.0,Municipio Rosario,Municipio,Rosario,820210,Servicio de Catastro e Información Territorial,IGN
2018,6857,2018-06-28,Jueves,0.0,,,0.0,3,"Automóvil,Automóvil,Taxi/Remis",Av. Pellegrini 8000,7,1,0,0,6,0,0,"-32.949111111111,-60.733027777778",S/D,,ROSARIO,Rosario,S/D,S/D,II,S/D,S/D,S/D,S/D,S/D,S/D,S/D,S/D,S/D,S/D,S/D,S/D,S/D,S/D,S/D,S/D,"-32.949111111111,-60.733027777778",['Pellegrini 8000'],1,,-32.949111111111,-60.733027777778,55.0,538.0,Municipio Rosario,Municipio,Rosario,820210,Servicio de Catastro e Información Territorial,IGN
2018,6859,2018-08-02,Jueves,0.0,17:00:00,,0.0,2,"Automóvil,Moto/Ciclomotor",Baigorria Y Bv. Rondeau,2,1,0,0,1,0,0,"-32.8915,-60.693166666667",Calle,,ROSARIO,Rosario,S/D,S/D,II,S/D,Urbana,S/D,S/D,Intersección,S/D,S/D,S/D,S/D,S/D,S/D,Colisión,S/D,S/D,S/D,S/D,"-32.8915,-60.693166666667","['Baigorria', 'Rondeau']",2,,-32.8915,-60.693166666667,55.0,538.0,Municipio Rosario,Municipio,Rosario,820210,Servicio de Catastro e Información Territorial,IGN
2018,6864,2018-06-29,Viernes,0.0,,,0.0,2,"Automóvil,Camión",Mendoza Y Donado,3,1,0,0,2,0,0,"-32.940694444444,-60.726972222222",S/D,,ROSARIO,Rosario,S/D,S/D,II,S/D,S/D,S/D,S/D,S/D,S/D,S/D,S/D,S/D,S/D,S/D,S/D,S/D,S/D,S/D,S/D,"-32.940694444444,-60.726972222222","['Mendoza', 'Donado']",2,,-32.940694444444,-60.726972222222,55.0,538.0,Municipio Rosario,Municipio,Rosario,820210,Servicio de Catastro e Información Territorial,IGN
2018,6868,2018-06-30,Sabado,0.0,,,0.0,2,"Moto/Ciclomotor,Pickup/Utilitario",Pje. Casaccia Y Av. Ovidio Lagos,2,1,0,0,1,0,0,"-32.99955, -60.67301",S/D,,ROSARIO,Rosario,S/D,S/D,II,S/D,S/D,S/D,S/D,S/D,S/D,S/D,S/D,S/D,S/D,S/D,S/D,S/D,S/D,S/D,S/D,"-32.99955, -60.67301","['Casaccia', 'Avenida Ovidio Lagos']",2,,-32.99955,-60.67301,55.0,538.0,Municipio Rosario,Municipio,Rosario,820210,Servicio de Catastro e Información Territorial,IGN
2018,6871,2018-06-30,Sabado,0.0,07:50:00,,0.0,2,"Moto/Ciclomotor,Peatón",Bv. Avellaneda 4300,2,0,2,0,0,0,0,"-32.98275,-60.688472222222",S/D,,ROSARIO,Rosario,S/D,S/D,II,S/D,S/D,S/D,S/D,S/D,S/D,S/D,S/D,S/D,S/D,Peatón,Atropello,S/D,S/D,S/D,S/D,"-32.98275,-60.688472222222",['Avellaneda 4300'],1,,-32.98275,-60.688472222222,55.0,538.0,Municipio Rosario,Municipio,Rosario,820210,Servicio de Catastro e Información Territorial,IGN
2018,6875,2018-06-13,Miercoles,0.0,08:10:00,,0.0,2,"Automóvil,Automóvil",Av. Jorge Newbery Y Tarragona Bis,2,2,0,0,0,0,0,"-32.908666666667,-60.735444444444",Calle,,ROSARIO,Rosario,S/D,S/D,II,S/D,Urbana,S/D,S/D,Intersección,S/D,S/D,Diurna,S/D,S/D,S/D,Colisión,S/D,S/D,S/D,S/D,"-32.908666666667,-60.735444444444","['Jorge Newbery', 'Tarragona']",2,,-32.908666666667,-60.735444444444,55.0,538.0,Municipio Rosario,Municipio,Rosario,820210,Servicio de Catastro e Información Territorial,IGN
2018,6886,2018-04-03,Martes,0.0,16:00:00,,0.0,2,"Camión,Peatón",Alsina 2000,2,0,0,0,1,1,0,"-32.95384,-60.68003",Calle,,ROSARIO,Rosario,Asfalto,No existe,II,S/D,Urbana,Ninguna,No existe,S/D,Bueno,S/D,Diurna,S/D,S/D,Peatón,Atropello,Ninguna,Faltante,"Ninguna,S/D",Sin restricción,"-32.95384,-60.68003",['Alsina 2000'],1,,-32.95384,-60.68003,55.0,538.0,Municipio Rosario,Municipio,Rosario,820210,Servicio de Catastro e Información Territorial,IGN
2018,6918,2018-04-19,Jueves,0.0,19:00:00,,0.0,2,"Moto/Ciclomotor,Peatón",Bv. J.Granel 2800,2,0,0,0,1,1,0,"-32.88831,-60.72706",Avenida,,ROSARIO,Rosario,S/D,S/D,II,S/D,Urbana,S/D,S/D,S/D,S/D,S/D,Atardecer,S/D,S/D,Peatón,Atropello,S/D,S/D,S/D,S/D,"-32.88831,-60.72706",['J Granel 2800'],1,,-32.88831,-60.72706,55.0,538.0,Municipio Rosario,Municipio,Rosario,820210,Servicio de Catastro e Información Territorial,IGN
2018,6922,2018-04-29,Domingo,0.0,03:40:00,,0.0,2,"Automóvil,Moto/Ciclomotor",Bv. Segui Y Campbell,2,0,0,0,0,1,1,"-32.97086,-60.70677",Calle,,ROSARIO,Rosario,Asfalto,No existe,II,S/D,Urbana,Ninguna,No existe,Intersección,Bueno,S/D,Nocturna,S/D,Lateral,S/D,Colisión,Ninguna,Faltante,"Cordón divisorio,S/D",Sin restricción,"-32.97086,-60.70677","['Bulevar Juan Francisco Seguí', 'Campbell']",2,,-32.97086,-60.70677,55.0,538.0,Municipio Rosario,Municipio,Rosario,820210,Servicio de Catastro e Información Territorial,IGN
2018,6936,2018-05-23,Miercoles,0.0,,,0.0,2,"Moto/Ciclomotor,Automóvil",Ayacucho Y Amenabar,3,2,0,0,1,0,0,"-32.974194444444,-60.633333333333",Calle,,ROSARIO,Rosario,Asfalto,No existe,II,Dentro,Urbana,Ninguna,S/D,Intersección,S/D,S/D,S/D,S/D,S/D,S/D,Colisión,S/D,S/D,S/D,S/D,"-32.974194444444,-60.633333333333","['Ayacucho', 'Amenabar']",2,,-32.974194444444,-60.633333333333,55.0,538.0,Municipio Rosario,Municipio,Rosario,820210,Servicio de Catastro e Información Territorial,IGN
2018,6937,2018-05-23,Miercoles,0.0,12:05:00,,0.0,2,"Automóvil,Moto/Ciclomotor",Amenabar Y Entre Rios,2,1,0,0,1,0,0,"-32.971694444444,-60.647444444444",Calle,,ROSARIO,Rosario,Asfalto,No existe,II,Dentro,Urbana,Ninguna,S/D,Intersección,S/D,S/D,Diurna,S/D,S/D,S/D,Colisión,S/D,S/D,S/D,Sin restricción,"-32.971694444444,-60.647444444444","['Amenabar', 'Entre Ríos']",2,,-32.971694444444,-60.647444444444,55.0,538.0,Municipio Rosario,Municipio,Rosario,820210,Servicio de Catastro e Información Territorial,IGN
2018,6938,2018-05-23,Miercoles,0.0,17:25:00,,0.0,2,"Taxi/Remis,Automóvil",Zelaya Y Washington,2,1,0,0,1,0,0,"-32.901972222222,-60.693972222222",Calle,,ROSARIO,Rosario,Asfalto,No existe,II,Dentro,Urbana,S/D,S/D,Intersección,Bueno,S/D,Diurna,S/D,S/D,S/D,Colisión,S/D,S/D,S/D,S/D,"-32.901972222222,-60.693972222222","['Zelaya', 'Washington']",2,,-32.901972222222,-60.693972222222,55.0,538.0,Municipio Rosario,Municipio,Rosario,820210,Servicio de Catastro e Información Territorial,IGN
2018,6939,2018-06-14,Jueves,0.0,07:40:00,,0.0,2,"Automóvil,Automóvil",Bv. Avellaneda Y San Juan,2,1,1,0,0,0,0,"-32.942777777778,-60.680222222222",Calle,,ROSARIO,Rosario,S/D,S/D,II,S/D,Urbana,S/D,S/D,Intersección,S/D,S/D,Amanecer,S/D,S/D,S/D,Colisión,S/D,S/D,S/D,S/D,"-32.942777777778,-60.680222222222","['Avellaneda', 'San Juan']",2,,-32.942777777778,-60.680222222222,55.0,538.0,Municipio Rosario,Municipio,Rosario,820210,Servicio de Catastro e Información Territorial,IGN
2018,6940,2018-05-23,Miercoles,0.0,01:00:00,,0.0,1,Moto/Ciclomotor,Bv. Segui Y Pje. Espinillo,1,1,0,0,0,0,0,"-32.970722222222,-60.699111111111",Avenida,,ROSARIO,Rosario,Asfalto,No existe,II,Dentro,Urbana,Ninguna,S/D,Recta,S/D,S/D,Nocturna,S/D,S/D,S/D,"Caída ocupante,Despiste",S/D,S/D,S/D,Sin restricción,"-32.970722222222,-60.699111111111","['Bulevar Juan Francisco Seguí', 'Espinillo']",2,,-32.970722222222,-60.699111111111,55.0,538.0,Municipio Rosario,Municipio,Rosario,820210,Servicio de Catastro e Información Territorial,IGN
2018,6946,2018-06-13,Miercoles,0.0,14:30:00,,0.0,1,Camión,Av. Ntra.Sra.del Rosario Bis 900,2,2,0,0,0,0,0,"-32.999333333333,-60.616277777778",Avenida,,ROSARIO,Rosario,S/D,S/D,II,S/D,Urbana,S/D,S/D,S/D,S/D,S/D,Diurna,S/D,S/D,S/D,Inmersión,S/D,S/D,S/D,S/D,"-32.999333333333,-60.616277777778",['Ntra Sra Del Rosario Bis 900'],1,,-32.999333333333,-60.616277777778,55.0,538.0,Municipio Rosario,Municipio,Rosario,820210,Servicio de Catastro e Información Territorial,IGN
2018,6960,2018-05-24,Jueves,0.0,16:00:00,,0.0,2,"Cuatriciclo,Automóvil",P.L.Funes Y Amenabar,2,1,0,0,1,0,0,"-32.963638888889,-60.700277777778",Calle,,ROSARIO,Rosario,Asfalto,No existe,II,Dentro,Urbana,Ninguna,S/D,Intersección,S/D,Buena,Diurna,S/D,S/D,S/D,Colisión,Ninguna,S/D,Ninguna,Sin restricción,"-32.963638888889,-60.700277777778","['Funes', 'Amenabar']",2,,-32.963638888889,-60.700277777778,55.0,538.0,Municipio Rosario,Municipio,Rosario,820210,Servicio de Catastro e Información Territorial,IGN
2018,6993,2018-06-15,Viernes,0.0,19:50:00,,0.0,3,"Automóvil,Automóvil,Pickup/Utilitario",Entre Rios Y Bv. Segui,6,3,0,0,3,0,0,"-32.978666666667,-60.649194444444",Calle,,ROSARIO,Rosario,S/D,S/D,II,S/D,Urbana,S/D,S/D,Intersección,S/D,S/D,Nocturna,S/D,S/D,S/D,Colisión,S/D,S/D,S/D,S/D,"-32.978666666667,-60.649194444444","['Entre Ríos', 'Bulevar Juan Francisco Seguí']",2,,-32.978666666667,-60.649194444444,55.0,538.0,Municipio Rosario,Municipio,Rosario,820210,Servicio de Catastro e Información Territorial,IGN
2018,6994,2018-05-25,Viernes,0.0,,,0.0,2,"Moto/Ciclomotor,Automóvil",Bv. Segui Y San Martin,2,1,0,0,1,0,0,"-32.979388888889,-60.644222222222",Calle,,ROSARIO,Rosario,Asfalto,No existe,II,Dentro,Urbana,Ninguna,S/D,Recta,Bueno,S/D,S/D,S/D,De alcance,S/D,Colisión,S/D,S/D,S/D,Sin restricción,"-32.979388888889,-60.644222222222","['Bulevar Juan Francisco Seguí', 'San Martin']",2,,-32.979388888889,-60.644222222222,55.0,538.0,Municipio Rosario,Municipio,Rosario,820210,Servicio de Catastro e Información Territorial,IGN
2018,6997,2018-06-15,Viernes,0.0,18:46:00,,0.0,1,Moto/Ciclomotor,Buenos Aires 4600,1,0,1,0,0,0,0,"-32.991555555556,-60.643805555556",Calle,,ROSARIO,Rosario,S/D,S/D,II,S/D,Urbana,S/D,S/D,S/D,S/D,S/D,Atardecer,S/D,S/D,S/D,Caída ocupante,S/D,S/D,S/D,S/D,"-32.991555555556,-60.643805555556",['Buenos Aires 4600'],1,,-32.991555555556,-60.643805555556,55.0,538.0,Municipio Rosario,Municipio,Rosario,820210,Servicio de Catastro e Información Territorial,IGN