anio_acci,nro_acci,fecha,desc_dia,fecha_aprox,hora_aprox,desc_ruta,km,cant_participantes,desc_participante,calle_avenida_km,total,heridos_leves,heridos_graves,heridos_gravisimos,ilesos,fallecidos,sin_datos,posicion_XY,desc_tipo_via,desc_ruta_ori,desc_loc,desc_dpto,desc_tipo_calzada,desc_tipo_banquina,desc_unidad_regional,desc_lugar_calzada,desc_zona,desc_prioridad,desc_estado_semaforo,desc_lugar_via,desc_estado_via,desc_estado_visibilidad,desc_luminosidad,desc_estado_clima,desc_tipo_colision,desc_tipo_atropello,desc_tipo_hecho,desc_pres_calzada,desc_senializacion,desc_separacion_via,desc_restriccion,forma_geocod,calle_lista,numero_calles,calles_osm,lat,lon,index_right,gid,fna,gna,nam,in1,fdc,sag
2018,6999,2018-06-15,Viernes,0.0,17:50:00,,0.0,2,"Peatón,Moto/Ciclomotor",Av. Ovidio Lagos Y Bv. 27 De Febrero,2,1,0,0,1,0,0,"-32.963388888889,-60.666638888889",Calle,,ROSARIO,Rosario,S/D,S/D,II,S/D,Urbana,S/D,S/D,Intersección,S/D,S/D,Atardecer,S/D,S/D,Peatón,Atropello,S/D,S/D,S/D,S/D,"-32.963388888889,-60.666638888889","['Avenida Ovidio Lagos', '27 de Febrero']",2,,-32.963388888889,-60.666638888889,55.0,538.0,Municipio Rosario,Municipio,Rosario,820210,Servicio de Catastro e Información Territorial,IGN
2018,7001,2018-06-15,Viernes,0.0,12:30:00,,0.0,2,"Moto/Ciclomotor,Pickup/Utilitario",Av. Provincias Unidas 628,2,1,0,0,1,0,0,"-32.934861111111,-60.712833333333",Calle,,ROSARIO,Rosario,S/D,S/D,II,S/D,Urbana,S/D,S/D,S/D,S/D,S/D,Diurna,S/D,De alcance,S/D,Colisión,S/D,S/D,S/D,S/D,"-32.934861111111,-60.712833333333",['Provincias Unidas 628'],1,,-32.934861111111,-60.712833333333,55.0,538.0,Municipio Rosario,Municipio,Rosario,820210,Servicio de Catastro e Información Territorial,IGN
2018,7002,2018-06-16,Sabado,0.0,01:00:00,,0.0,2,"Moto/Ciclomotor,Otros",Rodriguez Y Dr.Rivas,2,0,1,0,0,0,1,"-32.979972222222,-60.668138888889",S/D,,ROSARIO,Rosario,S/D,S/D,II,S/D,S/D,S/D,S/D,S/D,S/D,S/D,S/D,S/D,S/D,S/D,S/D,S/D,S/D,S/D,S/D,"-32.979972222222,-60.668138888889","['Rodríguez', 'Doctor Francisco Riva']",2,,-32.979972222222,-60.668138888889,55.0,538.0,Municipio Rosario,Municipio,Rosario,820210,Servicio de Catastro e Información Territorial,IGN
2018,7004,2018-08-03,Viernes,0.0,,,0.0,2,"Moto/Ciclomotor,Automóvil",Bv. Oro?o Y Cochabamba,2,1,0,0,1,0,0,"-32.955722222222,-60.656444444444",Calle,,ROSARIO,Rosario,S/D,S/D,II,S/D,Urbana,S/D,S/D,Intersección,S/D,S/D,S/D,S/D,S/D,S/D,Colisión,S/D,S/D,S/D,S/D,"-32.955722222222,-60.656444444444","['Bulevar Nicasio Oroño', 'Cochabamba']",2,,-32.955722222222,-60.656444444444,55.0,538.0,Municipio Rosario,Municipio,Rosario,820210,Servicio de Catastro e Información Territorial,IGN
2018,7005,2018-06-15,Viernes,0.0,,,0.0,2,"Moto/Ciclomotor,Camión c / Acoplado",Ocampo Y Barra,2,1,0,0,1,0,0,"-32.957861111111,-60.706111111111",Calle,,ROSARIO,Rosario,S/D,S/D,II,S/D,Urbana,S/D,S/D,Intersección,S/D,S/D,S/D,S/D,De alcance,S/D,Colisión,S/D,S/D,S/D,S/D,"-32.957861111111,-60.706111111111","['Ocampo', 'Barra']",2,,-32.957861111111,-60.706111111111,55.0,538.0,Municipio Rosario,Municipio,Rosario,820210,Servicio de Catastro e Información Territorial,IGN
2018,7006,2018-05-27,Domingo,0.0,01:20:00,,0.0,2,"Moto/Ciclomotor,Moto/Ciclomotor",Perez Bulnes Y Av. Provincias Unidas,3,0,2,1,0,0,0,"-32.942444444444,-60.712638888889",Avenida,,ROSARIO,Rosario,Asfalto,No existe,II,Dentro,Urbana,Ninguna,S/D,Intersección,S/D,S/D,Nocturna,S/D,S/D,S/D,Colisión,S/D,S/D,S/D,Sin restricción,"-32.942444444444,-60.712638888889","['Pérez Bulnes', 'Avenida Provincias Unidas']",2,,-32.942444444444,-60.712638888889,55.0,538.0,Municipio Rosario,Municipio,Rosario,820210,Servicio de Catastro e Información Territorial,IGN
2018,7007,2018-06-20,Miercoles,0.0,04:00:00,,0.0,2,"Moto/Ciclomotor,Otros",Av. Battle y Ordo?ez Y San Martin,2,0,1,0,0,0,1,"-33.008888888889,-60.650666666667",S/D,,ROSARIO,Rosario,S/D,S/D,II,S/D,S/D,S/D,S/D,S/D,S/D,S/D,S/D,S/D,S/D,S/D,S/D,S/D,S/D,S/D,S/D,"-33.008888888889,-60.650666666667","['Avenida Battle y Ordoñez', 'San Martin']",2,,-33.008888888889,-60.650666666667,55.0,538.0,Municipio Rosario,Municipio,Rosario,820210,Servicio de Catastro e Información Territorial,IGN
2018,7009,2018-06-22,Viernes,0.0,10:15:00,,0.0,2,"Moto/Ciclomotor,Otros",Juan B.De La Salle Y Magallanes,2,0,1,0,0,0,1,"-32.922277777778,-60.705277777778",S/D,,ROSARIO,Rosario,S/D,S/D,II,S/D,S/D,S/D,S/D,S/D,S/D,S/D,S/D,S/D,S/D,S/D,S/D,S/D,S/D,S/D,S/D,"-32.922277777778,-60.705277777778","['De La Salle', 'Magallanes']",2,,-32.922277777778,-60.705277777778,55.0,538.0,Municipio Rosario,Municipio,Rosario,820210,Servicio de Catastro e Información Territorial,IGN
2018,7012,2018-06-23,Sabado,0.0,02:00:00,,0.0,2,"Moto/Ciclomotor,Otros",LAGUNA DEL DESIERTO ,2,0,1,0,0,0,1,"-32.98229, -60.67753",S/D,,ROSARIO,Rosario,S/D,S/D,II,S/D,S/D,S/D,S/D,S/D,S/D,S/D,S/D,S/D,S/D,S/D,S/D,S/D,S/D,S/D,S/D,"-32.98229, -60.67753",['Lago del Desierto'],1,,-32.98229,-60.67753,55.0,538.0,Municipio Rosario,Municipio,Rosario,820210,Servicio de Catastro e Información Territorial,IGN
2018,7014,2018-06-25,Lunes,0.0,20:30:00,,0.0,2,"Moto/Ciclomotor,Otros",Bv. Avellaneda Y Lamadrid,2,0,1,0,0,0,1,"-32.998194444444,-60.689416666667",S/D,,ROSARIO,Rosario,S/D,S/D,II,S/D,S/D,S/D,S/D,S/D,S/D,S/D,S/D,S/D,S/D,S/D,S/D,S/D,S/D,S/D,S/D,"-32.998194444444,-60.689416666667","['Avellaneda', 'Lamadrid']",2,,-32.998194444444,-60.689416666667,55.0,538.0,Municipio Rosario,Municipio,Rosario,820210,Servicio de Catastro e Información Territorial,IGN
2018,7016,2018-06-30,Sabado,0.0,09:30:00,,0.0,2,"Moto/Ciclomotor,Otros",Av. Provincias Unidas ,2,0,1,0,0,0,1,"-32.939111111111,-60.712777777778",S/D,,ROSARIO,Rosario,S/D,S/D,II,S/D,S/D,S/D,S/D,S/D,S/D,S/D,S/D,S/D,S/D,S/D,S/D,S/D,S/D,S/D,S/D,"-32.939111111111,-60.712777777778",['Avenida Provincias Unidas'],1,,-32.939111111111,-60.712777777778,55.0,538.0,Municipio Rosario,Municipio,Rosario,820210,Servicio de Catastro e Información Territorial,IGN
2018,7045,2018-05-30,Miercoles,0.0,19:10:00,,0.0,2,"Automóvil,Moto/Ciclomotor",San Martin Y Platon,2,1,0,0,1,0,0,"-33.020027777778,-60.653111111111",Calle,,ROSARIO,Rosario,Asfalto,No existe,II,Dentro,Urbana,Ninguna,No existe,Intersección,Bueno,Buena,Atardecer,S/D,Lateral,S/D,Colisión,S/D,S/D,Ninguna,Sin restricción,"-33.020027777778,-60.653111111111","['San Martin', 'Platón']",2,,-33.020027777778,-60.653111111111,55.0,538.0,Municipio Rosario,Municipio,Rosario,820210,Servicio de Catastro e Información Territorial,IGN
2018,7047,2018-05-30,Miercoles,0.0,00:05:00,,0.0,2,"Moto/Ciclomotor,Automóvil",Bv. Segui Y Entre Rios,2,1,0,0,1,0,0,"-32.978666666667,-60.649194444444",Calle,,ROSARIO,Rosario,Asfalto,S/D,II,Dentro,Urbana,Ninguna,S/D,Intersección,S/D,Buena,"Nocturna,Con luz artificial",S/D,S/D,S/D,Colisión,S/D,S/D,Ninguna,Sin restricción,"-32.978666666667,-60.649194444444","['Bulevar Juan Francisco Seguí', 'Entre Ríos']",2,,-32.978666666667,-60.649194444444,55.0,538.0,Municipio Rosario,Municipio,Rosario,820210,Servicio de Catastro e Información Territorial,IGN
2018,7052,2018-05-27,Domingo,0.0,22:45:00,,0.0,1,Moto/Ciclomotor,Santiago ,1,0,1,0,0,0,0,"-32.943695, -60.656096",Calle,,ROSARIO,Rosario,Asfalto,No existe,II,Dentro,Urbana,Ninguna,No existe,Recta,S/D,S/D,Nocturna,S/D,S/D,S/D,Caída ocupante,S/D,S/D,S/D,Sin restricción,"-32.943695, -60.656096",['Santiago'],1,,-32.943695,-60.656096,55.0,538.0,Municipio Rosario,Municipio,Rosario,820210,Servicio de Catastro e Información Territorial,IGN
2018,7055,2018-05-27,Domingo,0.0,13:00:00,,0.0,1,Moto/Ciclomotor,Av. Belgrano Y Cordoba,1,1,0,0,0,0,0,"-32.948194444444,-60.629055555556",Avenida,,ROSARIO,Rosario,Asfalto,No existe,II,Dentro,Urbana,S/D,S/D,Intersección,S/D,S/D,Diurna,S/D,S/D,S/D,Caída ocupante,S/D,S/D,S/D,S/D,"-32.948194444444,-60.629055555556","['Belgrano', 'Córdoba']",2,,-32.948194444444,-60.629055555556,55.0,538.0,Municipio Rosario,Municipio,Rosario,820210,Servicio de Catastro e Información Territorial,IGN
2018,7057,2018-05-28,Lunes,0.0,17:00:00,,0.0,1,Moto/Ciclomotor,Hilarion de la Quintana Y Suipacha,1,1,0,0,0,0,0,"-32.977885, -60.673243",Calle,,ROSARIO,Rosario,Asfalto,No existe,II,Dentro,Urbana,Ninguna,S/D,Intersección,S/D,S/D,Atardecer,S/D,S/D,S/D,Caída ocupante,S/D,S/D,Ninguna,S/D,"-32.977885, -60.673243","['Hilarión de la Quintana', 'Suipacha']",2,,-32.977885,-60.673243,55.0,538.0,Municipio Rosario,Municipio,Rosario,820210,Servicio de Catastro e Información Territorial,IGN
2018,7108,2018-06-10,Domingo,0.0,13:30:00,,0.0,2,"Automóvil,Automóvil",Bv. Oro?o Y Av. Illia,2,2,0,0,0,0,0,"-32.931472222222,-60.650111111111",Calle,,ROSARIO,Rosario,S/D,S/D,II,S/D,Urbana,S/D,S/D,S/D,S/D,S/D,Diurna,S/D,S/D,S/D,Colisión,S/D,S/D,S/D,S/D,"-32.931472222222,-60.650111111111","['Bulevar Nicasio Oroño', 'Illia']",2,,-32.931472222222,-60.650111111111,55.0,538.0,Municipio Rosario,Municipio,Rosario,820210,Servicio de Catastro e Información Territorial,IGN
2018,7162,2018-08-05,Domingo,0.0,,,0.0,2,"Moto/Ciclomotor,Automóvil",Matienzo Y Mendoza,3,2,0,0,1,0,0,"-32.941666666667,-60.694638888889",Calle,,ROSARIO,Rosario,S/D,S/D,II,S/D,Urbana,S/D,S/D,Intersección,S/D,S/D,S/D,S/D,S/D,S/D,Colisión,S/D,S/D,S/D,S/D,"-32.941666666667,-60.694638888889","['Matienzo', 'Mendoza']",2,,-32.941666666667,-60.694638888889,55.0,538.0,Municipio Rosario,Municipio,Rosario,820210,Servicio de Catastro e Información Territorial,IGN
2018,7164,2018-08-05,Domingo,0.0,,,0.0,1,Moto/Ciclomotor,Quesada ,1,0,1,0,0,0,0,"-32.87221, -60.70855",Calle,,ROSARIO,Rosario,S/D,S/D,II,S/D,Urbana,S/D,S/D,S/D,S/D,S/D,S/D,S/D,Atropello animal,S/D,Atropello,S/D,S/D,S/D,S/D,"-32.87221, -60.70855",['Quesada'],1,,-32.87221,-60.70855,55.0,538.0,Municipio Rosario,Municipio,Rosario,820210,Servicio de Catastro e Información Territorial,IGN
2018,7170,2018-06-01,Viernes,0.0,14:00:00,,0.0,1,Peatón,Pte.Quintana Y Bv. Oro?o,1,1,0,0,0,0,0,"-32.979805555556,-60.662305555556",Calle,,ROSARIO,Rosario,S/D,S/D,II,S/D,Urbana,S/D,S/D,Intersección,S/D,S/D,Diurna,S/D,S/D,Peatón,Atropello,S/D,S/D,S/D,S/D,"-32.979805555556,-60.662305555556","['Quintana', 'Bulevar Nicasio Oroño']",2,,-32.979805555556,-60.662305555556,55.0,538.0,Municipio Rosario,Municipio,Rosario,820210,Servicio de Catastro e Información Territorial,IGN
2018,7173,2018-06-05,Martes,0.0,23:30:00,,0.0,1,Moto/Ciclomotor, ,1,0,1,0,0,0,0,"-32.94329, -60.65043",S/D,,ROSARIO,Rosario,S/D,S/D,II,S/D,S/D,S/D,S/D,S/D,S/D,S/D,Nocturna,S/D,S/D,S/D,Colisión,S/D,S/D,S/D,S/D,"-32.94329, -60.65043",[''],0,,-32.94329,-60.65043,55.0,538.0,Municipio Rosario,Municipio,Rosario,820210,Servicio de Catastro e Información Territorial,IGN
2018,7176,2018-06-05,Martes,0.0,14:30:00,,0.0,2,"Bicicleta,Otros",Pavlov Y Washington,2,0,1,0,0,0,1,"-32.904,-60.703277777778",Calle,,ROSARIO,Rosario,S/D,S/D,II,S/D,Urbana,S/D,S/D,Intersección,S/D,S/D,Diurna,S/D,S/D,Ciclista,Atropello,S/D,S/D,S/D,S/D,"-32.904,-60.703277777778","['Pavlov', 'Washington']",2,,-32.904,-60.703277777778,55.0,538.0,Municipio Rosario,Municipio,Rosario,820210,Servicio de Catastro e Información Territorial,IGN
2018,7179,2018-06-08,Viernes,0.0,22:00:00,,0.0,2,"Moto/Ciclomotor,Otros",Vera Mujica Y Uruguay,2,0,1,0,0,0,1,"-32.971638888889,-60.674555555556",Calle,,ROSARIO,Rosario,S/D,S/D,II,S/D,Urbana,S/D,S/D,S/D,S/D,S/D,Nocturna,S/D,S/D,S/D,Colisión,S/D,S/D,S/D,S/D,"-32.971638888889,-60.674555555556","['Vera Mujíca', 'Uruguay']",2,,-32.971638888889,-60.674555555556,55.0,538.0,Municipio Rosario,Municipio,Rosario,820210,Servicio de Catastro e Información Territorial,IGN
2018,7181,2018-06-13,Miercoles,0.0,00:00:00,,0.0,2,"Moto/Ciclomotor,Otros",Corazzi Bis Y J.B.Justo,2,0,1,0,0,0,1,"-32.914277777778,-60.691305555556",Calle,,ROSARIO,Rosario,S/D,S/D,II,S/D,Urbana,S/D,S/D,Intersección,S/D,S/D,Nocturna,S/D,S/D,S/D,Colisión,S/D,S/D,S/D,S/D,"-32.914277777778,-60.691305555556","['Corazzi', 'Justo']",2,,-32.914277777778,-60.691305555556,55.0,538.0,Municipio Rosario,Municipio,Rosario,820210,Servicio de Catastro e Información Territorial,IGN
2018,7182,2018-06-13,Miercoles,0.0,20:30:00,,0.0,2,"Moto/Ciclomotor,Otros",Bv. Avellaneda Bis Y Av. Genova,2,0,1,0,0,0,1,"-32.914861111111,-60.672944444444",Calle,,ROSARIO,Rosario,S/D,S/D,II,S/D,Urbana,S/D,S/D,Intersección,S/D,S/D,Nocturna,S/D,S/D,S/D,Colisión,S/D,S/D,S/D,S/D,"-32.914861111111,-60.672944444444","['Avellaneda', 'Genova']",2,,-32.914861111111,-60.672944444444,55.0,538.0,Municipio Rosario,Municipio,Rosario,820210,Servicio de Catastro e Información Territorial,IGN
2018,7184,2018-08-06,Lunes,0.0,08:00:00,,0.0,1,Automóvil,1 de Mayo 1500,1,1,0,0,0,0,0,"-32.956638888889,-60.631916666667",Calle,,ROSARIO,Rosario,S/D,S/D,II,S/D,Urbana,S/D,S/D,Recta,S/D,S/D,S/D,S/D,S/D,S/D,Vuelco,S/D,S/D,S/D,S/D,"-32.956638888889,-60.631916666667",['Primero De Mayo 1500'],1,,-32.956638888889,-60.631916666667,55.0,538.0,Municipio Rosario,Municipio,Rosario,820210,Servicio de Catastro e Información Territorial,IGN
2018,7196,2018-08-17,Viernes,0.0,,,0.0,3,"Automóvil,Pickup/Utilitario,Pickup/Utilitario",Bv. Rondeau Y Gurruchaga,3,1,0,0,2,0,0,"-32.905111111111,-60.689361111111",Avenida,,ROSARIO,Rosario,Asfalto,No existe,II,Dentro,Urbana,Ninguna,S/D,Intersección,S/D,S/D,S/D,S/D,Múltiple,S/D,Colisión,S/D,S/D,S/D,Sin restricción,"-32.905111111111,-60.689361111111","['Rondeau', 'Gurruchaga']",2,,-32.905111111111,-60.689361111111,55.0,538.0,Municipio Rosario,Municipio,Rosario,820210,Servicio de Catastro e Información Territorial,IGN
2018,7199,2018-08-17,Viernes,0.0,,,0.0,2,"Moto/Ciclomotor,Automóvil",Cnel.Arnold Y Suipacha,3,2,0,0,1,0,0,"-32.99047, -60.67649",Calle,,ROSARIO,Rosario,Asfalto,No existe,II,Dentro,Urbana,Ninguna,S/D,Intersección,S/D,S/D,S/D,S/D,Lateral,S/D,Colisión,S/D,S/D,Ninguna,S/D,"-32.99047, -60.67649","['Arnold', 'Suipacha']",2,,-32.99047,-60.67649,55.0,538.0,Municipio Rosario,Municipio,Rosario,820210,Servicio de Catastro e Información Territorial,IGN
2018,7208,2018-05-27,Domingo,0.0,04:25:00,,0.0,2,"Automóvil,Moto/Ciclomotor",Av. Arijon Y Pavon,3,1,0,0,1,1,0,"-33.00257,-60.63404",Calle,,ROSARIO,Rosario,Asfalto,No existe,II,Dentro,Urbana,Ninguna,No existe,Recta,Bueno,Buena,Amanecer,Buen Tiempo,De alcance,S/D,Colisión,Ninguna,Faltante,Ninguna,Sin restricción,"-33.00257,-60.63404","['Avenida Manuel Arijón', 'Pavón']",2,,-33.00257,-60.63404,55.0,538.0,Municipio Rosario,Municipio,Rosario,820210,Servicio de Catastro e Información Territorial,IGN
2018,7229,2018-10-16,Martes,0.0,01:00:00,,0.0,2,"Taxi/Remis,Automóvil",Callao Y Salta,5,3,0,0,2,0,0,"-32.9355,-60.658333333333",Calle,,ROSARIO,Rosario,Asfalto,No existe,II,Dentro,Urbana,Ninguna,S/D,Intersección,Bueno,Buena,Nocturna,Buen Tiempo,Lateral,S/D,Colisión,Ninguna,S/D,Ninguna,Sin restricción,"-32.9355,-60.658333333333","['Callao', 'Salta']",2,,-32.9355,-60.658333333333,55.0,538.0,Municipio Rosario,Municipio,Rosario,820210,Servicio de Catastro e Información Territorial,IGN
2018,7236,2018-10-16,Martes,0.0,12:20:00,,0.0,2,"Automóvil,Automóvil",Av. Corrientes Y Virasoro,2,1,0,0,1,0,0,"-32.969138888889,-60.648277777778",Calle,,ROSARIO,Rosario,S/D,S/D,II,S/D,Urbana,S/D,S/D,Intersección,Bueno,Buena,S/D,S/D,S/D,S/D,S/D,S/D,S/D,S/D,S/D,"-32.969138888889,-60.648277777778","['Corrientes', 'Virasoro']",2,,-32.969138888889,-60.648277777778,55.0,538.0,Municipio Rosario,Municipio,Rosario,820210,Servicio de Catastro e Información Territorial,IGN
2018,7238,2018-08-09,Jueves,0.0,09:00:00,,0.0,2,"Pickup/Utilitario,Tren",P.Araoz Y Valentin Gomez,3,2,0,0,1,0,0,"-32.89019, -60.70003",Calle,,ROSARIO,Rosario,S/D,S/D,II,S/D,Urbana,S/D,S/D,S/D,S/D,S/D,S/D,S/D,S/D,S/D,Colisión,S/D,S/D,S/D,S/D,"-32.89019, -60.70003","['Aráoz', 'Valentín Gómez']",2,,-32.89019,-60.70003,55.0,538.0,Municipio Rosario,Municipio,Rosario,820210,Servicio de Catastro e Información Territorial,IGN
2018,7239,2018-08-19,Domingo,0.0,,,0.0,2,"Moto/Ciclomotor,Moto/Ciclomotor",Rivarola Y C.Larralde,2,0,2,0,0,0,0,"-32.96625,-60.726027777778",Calle,,ROSARIO,Rosario,Asfalto,No existe,II,Dentro,Urbana,Ninguna,S/D,Intersección,S/D,S/D,S/D,S/D,Lateral,S/D,Colisión,S/D,S/D,Ninguna,Sin restricción,"-32.96625,-60.726027777778","['Rivarola', 'Larralde']",2,,-32.96625,-60.726027777778,55.0,538.0,Municipio Rosario,Municipio,Rosario,820210,Servicio de Catastro e Información Territorial,IGN
2018,7240,2018-08-09,Jueves,0.0,12:15:00,,0.0,2,"Pickup/Utilitario,Moto/Ciclomotor",Rivarola Y M.Gonzalez,3,2,0,0,1,0,0,"-32.966388888889,-60.730916666667",Calle,,ROSARIO,Rosario,S/D,S/D,II,S/D,Urbana,S/D,S/D,S/D,S/D,S/D,S/D,S/D,S/D,S/D,Colisión,S/D,S/D,S/D,S/D,"-32.966388888889,-60.730916666667","['Rivarola', 'Gonzalez']",2,,-32.966388888889,-60.730916666667,55.0,538.0,Municipio Rosario,Municipio,Rosario,820210,Servicio de Catastro e Información Territorial,IGN
2018,7241,2018-08-19,Domingo,0.0,04:00:00,,0.0,1,Automóvil,Ayacucho Y 9 De Julio,1,1,0,0,0,0,0,"-32.955861111111,-60.628805555556",Calle,,ROSARIO,Rosario,Asfalto,No existe,II,Dentro,Urbana,Ninguna,No existe,Recta,Bueno,S/D,Nocturna,S/D,Contra objeto fijo,S/D,Colisión,S/D,S/D,Ninguna,Sin restricción,"-32.955861111111,-60.628805555556","['Ayacucho', '9 de Julio']",2,,-32.955861111111,-60.628805555556,55.0,538.0,Municipio Rosario,Municipio,Rosario,820210,Servicio de Catastro e Información Territorial,IGN
2018,7243,2018-10-16,Martes,0.0,17:55:00,,0.0,2,"Moto/Ciclomotor,Peatón",Rioja Y Alsina,3,3,0,0,0,0,0,"-32.940722222222,-60.676722222222",Calle,,ROSARIO,Rosario,S/D,S/D,II,S/D,Urbana,S/D,S/D,Recta,Bueno,Buena,S/D,S/D,S/D,Peatón,Atropello,Ninguna,S/D,S/D,S/D,"-32.940722222222,-60.676722222222","['Rioja', 'Alsina']",2,,-32.940722222222,-60.676722222222,55.0,538.0,Municipio Rosario,Municipio,Rosario,820210,Servicio de Catastro e Información Territorial,IGN
2018,7245,2018-10-16,Martes,0.0,12:20:00,,0.0,2,"Automóvil,Moto/Ciclomotor",Montevideo 2500,2,1,0,0,1,0,0,"-32.952694444444,-60.659833333333",Calle,,ROSARIO,Rosario,S/D,S/D,II,S/D,Urbana,S/D,S/D,Recta,Bueno,Buena,Diurna,S/D,S/D,S/D,Colisión,S/D,S/D,S/D,S/D,"-32.952694444444,-60.659833333333",['Montevideo 2500'],1,,-32.952694444444,-60.659833333333,55.0,538.0,Municipio Rosario,Municipio,Rosario,820210,Servicio de Catastro e Información Territorial,IGN
2018,7250,2018-08-09,Jueves,0.0,18:20:00,,0.0,2,"Moto/Ciclomotor,Moto/Ciclomotor",Ayacucho Y F.Frias,3,1,0,0,2,0,0,"-33.011229129656, -60.635784298310",Calle,,ROSARIO,Rosario,S/D,S/D,II,S/D,Urbana,S/D,S/D,S/D,S/D,S/D,S/D,S/D,S/D,S/D,Colisión,S/D,S/D,S/D,S/D,"-33.011229129656, -60.635784298310","['Ayacucho', 'Frias']",2,,-33.011229129656,-60.63578429831,55.0,538.0,Municipio Rosario,Municipio,Rosario,820210,Servicio de Catastro e Información Territorial,IGN
2018,7253,2018-10-16,Martes,0.0,17:50:00,,0.0,2,"Bicicleta,Moto/Ciclomotor",Av. Illia Y Bv. Oro?o,2,2,0,0,0,0,0,"-32.931472222222,-60.650111111111",Avenida,,ROSARIO,Rosario,Asfalto,S/D,II,S/D,Urbana,S/D,Funciona,Intersección,S/D,S/D,Diurna,S/D,S/D,Ciclista,Atropello,S/D,S/D,S/D,S/D,"-32.931472222222,-60.650111111111","['Illia', 'Bulevar Nicasio Oroño']",2,,-32.931472222222,-60.650111111111,55.0,538.0,Municipio Rosario,Municipio,Rosario,820210,Servicio de Catastro e Información Territorial,IGN
2018,7256,2018-10-16,Martes,0.0,09:40:00,,0.0,2,"Moto/Ciclomotor,Taxi/Remis",Tucuman 900,2,1,0,0,1,0,0,"-32.942361111111,-60.634583333333",S/D,,ROSARIO,Rosario,S/D,S/D,II,S/D,Urbana,S/D,S/D,Recta,S/D,S/D,Diurna,S/D,S/D,S/D,Colisión,S/D,S/D,S/D,S/D,"-32.942361111111,-60.634583333333",['Tucuman 900'],1,,-32.942361111111,-60.634583333333,55.0,538.0,Municipio Rosario,Municipio,Rosario,820210,Servicio de Catastro e Información Territorial,IGN
2018,7258,2018-10-16,Martes,0.0,20:40:00,,0.0,2,"Moto/Ciclomotor,Automóvil",Colon Y Cochabamba,2,1,0,0,1,0,0,"-32.960666666667,-60.628555555556",S/D,,ROSARIO,Rosario,S/D,S/D,II,S/D,Urbana,S/D,S/D,Intersección,S/D,S/D,Nocturna,S/D,S/D,S/D,Colisión,S/D,S/D,S/D,S/D,"-32.960666666667,-60.628555555556","['Colon', 'Cochabamba']",2,,-32.960666666667,-60.628555555556,55.0,538.0,Municipio Rosario,Municipio,Rosario,820210,Servicio de Catastro e Información Territorial,IGN
2018,7261,2018-10-16,Martes,0.0,15:30:00,,0.0,1,Taxi/Remis,Paraguay Y San Luis,2,1,0,0,0,0,1,"-32.948027777778,-60.644388888889",S/D,,ROSARIO,Rosario,S/D,S/D,II,S/D,Urbana,S/D,S/D,Intersección,S/D,S/D,Diurna,S/D,Contra objeto fijo,S/D,Colisión,S/D,S/D,S/D,S/D,"-32.948027777778,-60.644388888889","['Paraguay', 'San Luis']",2,,-32.948027777778,-60.644388888889,55.0,538.0,Municipio Rosario,Municipio,Rosario,820210,Servicio de Catastro e Información Territorial,IGN
2018,7262,2018-10-01,Lunes,0.0,15:50:00,,0.0,2,"Taxi/Remis,Bicicleta",Cochabamba Y Bv. Oro?o,2,1,0,0,1,0,0,"-32.955722222222,-60.656444444444",Calle,,ROSARIO,Rosario,S/D,S/D,II,S/D,Urbana,S/D,S/D,Intersección,S/D,S/D,Diurna,S/D,S/D,Ciclista,Atropello,S/D,S/D,S/D,S/D,"-32.955722222222,-60.656444444444","['Cochabamba', 'Bulevar Nicasio Oroño']",2,,-32.955722222222,-60.656444444444,55.0,538.0,Municipio Rosario,Municipio,Rosario,820210,Servicio de Catastro e Información Territorial,IGN
2018,7263,2018-08-09,Jueves,0.0,,,0.0,2,"Moto/Ciclomotor,Taxi/Remis",Fraga Y White,2,1,0,0,1,0,0,"-32.941277777778,-60.710194444444",Calle,,ROSARIO,Rosario,S/D,S/D,II,S/D,Urbana,S/D,S/D,Intersección,S/D,S/D,S/D,S/D,S/D,S/D,Colisión,S/D,S/D,S/D,S/D,"-32.941277777778,-60.710194444444","['Fraga', 'White']",2,,-32.941277777778,-60.710194444444,55.0,538.0,Municipio Rosario,Municipio,Rosario,820210,Servicio de Catastro e Información Territorial,IGN
2018,7264,2018-10-16,Martes,0.0,13:20:00,,0.0,2,"Automóvil,Peatón",Av. de los Trabajadores Y Ferreyra,2,0,1,0,1,0,0,"-32.912111111111,-60.6805",Avenida,,ROSARIO,Rosario,Asfalto,No existe,II,S/D,Urbana,Ninguna,No existe,Intersección,Bueno,Buena,Nocturna,Buen Tiempo,Otro,Peatón,Atropello,Ninguna,Faltante,Ninguna,Sin restricción,"-32.912111111111,-60.6805","['De Los Trabajadores', 'Ferreyra']",2,,-32.912111111111,-60.6805,55.0,538.0,Municipio Rosario,Municipio,Rosario,820210,Servicio de Catastro e Información Territorial,IGN
2018,7265,2018-08-22,Miercoles,0.0,14:15:00,,0.0,2,"Automóvil,Taxi/Remis",Pte.Roca Y Saavedra,3,2,0,0,1,0,0,"-32.976694444444,-60.653055555556",Calle,,ROSARIO,Rosario,Asfalto,No existe,II,Dentro,Urbana,Ninguna,S/D,Intersección,S/D,S/D,Diurna,S/D,S/D,S/D,Colisión,S/D,S/D,Ninguna,Sin restricción,"-32.976694444444,-60.653055555556","['Roca', 'Saavedra']",2,,-32.976694444444,-60.653055555556,55.0,538.0,Municipio Rosario,Municipio,Rosario,820210,Servicio de Catastro e Información Territorial,IGN
2018,7266,2018-10-01,Lunes,0.0,12:00:00,,0.0,2,"Moto/Ciclomotor,Automóvil",Lavalle Y Marcos Paz,2,1,0,0,1,0,0,"-32.94375,-60.678916666667",Calle,,ROSARIO,Rosario,S/D,S/D,II,S/D,Urbana,S/D,S/D,Intersección,S/D,S/D,S/D,S/D,S/D,S/D,Colisión,S/D,S/D,S/D,S/D,"-32.94375,-60.678916666667","['Lavalle', 'Marcos Paz']",2,,-32.94375,-60.678916666667,55.0,538.0,Municipio Rosario,Municipio,Rosario,820210,Servicio de Catastro e Información Territorial,IGN