anio_acci,nro_acci,fecha,desc_dia,fecha_aprox,hora_aprox,desc_ruta,km,cant_participantes,desc_participante,calle_avenida_km,total,heridos_leves,heridos_graves,heridos_gravisimos,ilesos,fallecidos,sin_datos,posicion_XY,desc_tipo_via,desc_ruta_ori,desc_loc,desc_dpto,desc_tipo_calzada,desc_tipo_banquina,desc_unidad_regional,desc_lugar_calzada,desc_zona,desc_prioridad,desc_estado_semaforo,desc_lugar_via,desc_estado_via,desc_estado_visibilidad,desc_luminosidad,desc_estado_clima,desc_tipo_colision,desc_tipo_atropello,desc_tipo_hecho,desc_pres_calzada,desc_senializacion,desc_separacion_via,desc_restriccion,forma_geocod,calle_lista,numero_calles,calles_osm,lat,lon,index_right,gid,fna,gna,nam,in1,fdc,sag
2018,7268,2018-10-16,Martes,0.0,17:10:00,,0.0,2,"Automóvil,Automóvil",LUIS CARBALLO Y MADRES PLAZA 25 DE MAYO,2,1,0,0,1,0,0,"-32.92547, -60.6614",Avenida,,ROSARIO,Rosario,Asfalto,No existe,II,Dentro,Urbana,Semáforo,Funciona,Recta,Bueno,Buena,Diurna,Buen Tiempo,Frontal,S/D,Colisión,Ninguna,Vertical,Ninguna,Sin restricción,"-32.92547, -60.6614","['Avenida Doctor Luis Cándido Carballo', 'Madres Plaza 25 de Mayo']",2,,-32.92547,-60.6614,55.0,538.0,Municipio Rosario,Municipio,Rosario,820210,Servicio de Catastro e Información Territorial,IGN
2018,7269,2018-08-11,Sabado,0.0,17:30:00,,0.0,2,"Automóvil,Moto/Ciclomotor",Av. Arijon Y Serrano,3,2,0,0,1,0,0,"-33.0025,-60.631777777778",Calle,,ROSARIO,Rosario,S/D,S/D,II,S/D,Urbana,S/D,S/D,Intersección,S/D,S/D,S/D,S/D,S/D,S/D,Colisión,S/D,S/D,S/D,S/D,"-33.0025,-60.631777777778","['Avenida Manuel Arijón', 'Serrano']",2,,-33.0025,-60.631777777778,55.0,538.0,Municipio Rosario,Municipio,Rosario,820210,Servicio de Catastro e Información Territorial,IGN
2018,7270,2018-10-01,Lunes,0.0,09:30:00,,0.0,2,"Taxi/Remis,Pickup/Utilitario",Callao Y Mendoza,2,1,0,0,1,0,0,"-32.947611111111,-60.661416666667",Calle,,ROSARIO,Rosario,S/D,S/D,II,S/D,Urbana,S/D,S/D,Intersección,S/D,S/D,Diurna,S/D,S/D,S/D,Colisión,S/D,S/D,S/D,S/D,"-32.947611111111,-60.661416666667","['Callao', 'Mendoza']",2,,-32.947611111111,-60.661416666667,55.0,538.0,Municipio Rosario,Municipio,Rosario,820210,Servicio de Catastro e Información Territorial,IGN
2018,7271,2018-08-22,Miercoles,0.0,21:00:00,,0.0,2,"Moto/Ciclomotor,Automóvil",Av. Uriburu Y Bv. Avellaneda,5,3,0,0,2,0,0,"-32.99198, -60.68871",Avenida,,ROSARIO,Rosario,Asfalto,No existe,II,Dentro,Urbana,Ninguna,S/D,Intersección,S/D,S/D,Nocturna,S/D,Lateral,S/D,Colisión,S/D,S/D,S/D,S/D,"-32.99198, -60.68871","['Uriburu', 'Avellaneda']",2,,-32.99198,-60.68871,55.0,538.0,Municipio Rosario,Municipio,Rosario,820210,Servicio de Catastro e Información Territorial,IGN
2018,7273,2018-08-11,Sabado,0.0,20:10:00,,0.0,2,"Pickup/Utilitario,Moto/Ciclomotor",Av. Provincias Unidas Y La Paz,2,1,0,0,1,0,0,"-32.955722222222,-60.712083333333",Calle,,ROSARIO,Rosario,S/D,S/D,II,S/D,Urbana,S/D,S/D,Intersección,S/D,S/D,S/D,S/D,S/D,S/D,Colisión,S/D,S/D,S/D,S/D,"-32.955722222222,-60.712083333333","['Avenida Provincias Unidas', 'La Paz']",2,,-32.955722222222,-60.712083333333,55.0,538.0,Municipio Rosario,Municipio,Rosario,820210,Servicio de Catastro e Información Territorial,IGN
2018,7274,2018-10-01,Lunes,0.0,15:30:00,,0.0,2,"Peatón,Automóvil",Sarmiento Y E.Zeballos,3,1,0,0,2,0,0,"-32.955,-60.640333333333",Calle,,ROSARIO,Rosario,S/D,S/D,II,S/D,Urbana,S/D,No existe,Intersección,S/D,S/D,Diurna,S/D,S/D,Peatón,Atropello,S/D,S/D,S/D,S/D,"-32.955,-60.640333333333","['Sarmiento', 'Zeballos']",2,,-32.955,-60.640333333333,55.0,538.0,Municipio Rosario,Municipio,Rosario,820210,Servicio de Catastro e Información Territorial,IGN
2018,7275,2018-10-01,Lunes,0.0,22:50:00,,0.0,2,"Moto/Ciclomotor,Automóvil",Av. Pellegrini Bis Y Av. Belgrano,2,1,0,0,1,0,0,"-32.960944444444,-60.621194444444",Avenida,,ROSARIO,Rosario,Asfalto,S/D,II,S/D,Urbana,S/D,S/D,Intersección,Bueno,Buena,"Nocturna,Con luz artificial",S/D,S/D,S/D,Colisión,S/D,Horizontal,Ninguna,S/D,"-32.960944444444,-60.621194444444","['Pellegrini', 'Belgrano']",2,,-32.960944444444,-60.621194444444,55.0,538.0,Municipio Rosario,Municipio,Rosario,820210,Servicio de Catastro e Información Territorial,IGN
2018,7276,2018-10-16,Martes,0.0,18:30:00,,0.0,2,"Peatón,Automóvil",Bv. Segui Y Espa?a,2,1,0,0,1,0,0,"-32.977527777778,-60.654722222222",S/D,,ROSARIO,Rosario,S/D,S/D,II,S/D,Urbana,S/D,S/D,S/D,S/D,S/D,S/D,S/D,S/D,Peatón,Atropello,S/D,S/D,S/D,S/D,"-32.977527777778,-60.654722222222","['Bulevar Juan Francisco Seguí', 'España']",2,,-32.977527777778,-60.654722222222,55.0,538.0,Municipio Rosario,Municipio,Rosario,820210,Servicio de Catastro e Información Territorial,IGN
2018,7277,2018-10-01,Lunes,0.0,17:45:00,,0.0,2,"Moto/Ciclomotor,Automóvil",E.Zeballos Y Laprida,2,1,0,0,1,0,0,"-32.95575,-60.636388888889",Calle,,ROSARIO,Rosario,S/D,S/D,II,S/D,Urbana,S/D,S/D,Recta,S/D,S/D,S/D,S/D,S/D,S/D,S/D,S/D,S/D,Ninguna,S/D,"-32.95575,-60.636388888889","['Zeballos', 'Laprida']",2,,-32.95575,-60.636388888889,55.0,538.0,Municipio Rosario,Municipio,Rosario,820210,Servicio de Catastro e Información Territorial,IGN
2018,7278,2018-10-01,Lunes,0.0,21:30:00,,0.0,2,"Automóvil,Automóvil",Cafferata Y Mendoza,2,1,0,0,1,0,0,"-32.945666666667,-60.672277777778",Calle,,ROSARIO,Rosario,S/D,S/D,II,S/D,Urbana,S/D,Funciona,Intersección,S/D,S/D,Nocturna,S/D,S/D,S/D,Colisión,S/D,S/D,S/D,S/D,"-32.945666666667,-60.672277777778","['Cafferata', 'Mendoza']",2,,-32.945666666667,-60.672277777778,55.0,538.0,Municipio Rosario,Municipio,Rosario,820210,Servicio de Catastro e Información Territorial,IGN
2018,7279,2018-10-01,Lunes,0.0,19:50:00,,0.0,2,"Automóvil,Automóvil",Bv. Oro?o Y H. Brandoni,3,1,0,0,2,0,0,"-33.006444444444,-60.664638888889",Calle,,ROSARIO,Rosario,Asfalto,No existe,II,Dentro,Urbana,S/D,S/D,Intersección,S/D,S/D,Atardecer,S/D,S/D,S/D,Colisión,S/D,S/D,S/D,S/D,"-33.006444444444,-60.664638888889","['Bulevar Nicasio Oroño', 'Brandoni']",2,,-33.006444444444,-60.664638888889,55.0,538.0,Municipio Rosario,Municipio,Rosario,820210,Servicio de Catastro e Información Territorial,IGN
2018,7280,2018-10-01,Lunes,0.0,17:15:00,,0.0,2,"Moto/Ciclomotor,Automóvil",Pascual Rosas Y Viamonte,3,1,0,0,2,0,0,"-32.95675,-60.69075",Calle,,ROSARIO,Rosario,Asfalto,No existe,II,S/D,Urbana,Ninguna,No existe,Intersección,Bueno,Buena,Diurna,Buen Tiempo,Lateral,S/D,Colisión,Ninguna,Faltante,Ninguna,Sin restricción,"-32.95675,-60.69075","['Pascual Rosas', 'Viamonte']",2,,-32.95675,-60.69075,55.0,538.0,Municipio Rosario,Municipio,Rosario,820210,Servicio de Catastro e Información Territorial,IGN
2018,7282,2018-10-16,Martes,0.0,07:30:00,,0.0,2,"Peatón,Automóvil",Benito Juarez 2770,2,1,0,0,0,0,1,"-32.993638888889,-60.672972222222",Calle,,ROSARIO,Rosario,Asfalto,No existe,II,S/D,Urbana,S/D,No existe,Recta,S/D,Buena,Diurna,S/D,S/D,Peatón,Atropello,S/D,S/D,S/D,S/D,"-32.993638888889,-60.672972222222",['Benito Juarez 2770'],1,,-32.993638888889,-60.672972222222,55.0,538.0,Municipio Rosario,Municipio,Rosario,820210,Servicio de Catastro e Información Territorial,IGN
2018,7283,2018-10-16,Martes,0.0,16:30:00,,0.0,1,Otros,Gaboto Y Crespo,1,1,0,0,0,0,0,"-32.967972222222,-60.675027777778",Calle,,ROSARIO,Rosario,S/D,S/D,II,Dentro,Urbana,S/D,S/D,Intersección,S/D,Buena,Diurna,S/D,S/D,S/D,Colisión,S/D,S/D,S/D,S/D,"-32.967972222222,-60.675027777778","['Gaboto', 'Crespo']",2,,-32.967972222222,-60.675027777778,55.0,538.0,Municipio Rosario,Municipio,Rosario,820210,Servicio de Catastro e Información Territorial,IGN
2018,7286,2018-10-16,Martes,0.0,14:00:00,,0.0,3,"Moto/Ciclomotor,Automóvil,Taxi/Remis",Bv. Oro?o Y Ricardo Gutierrez,3,1,0,0,2,0,0,"-32.9945,-60.665277777778",Avenida,,ROSARIO,Rosario,Asfalto,No existe,II,Dentro,Urbana,Semáforo,Funciona,Intersección,S/D,Buena,Diurna,S/D,S/D,S/D,Colisión,S/D,S/D,S/D,Sin restricción,"-32.9945,-60.665277777778","['Bulevar Nicasio Oroño', 'Ricardo Gutierrez']",2,,-32.9945,-60.665277777778,55.0,538.0,Municipio Rosario,Municipio,Rosario,820210,Servicio de Catastro e Información Territorial,IGN
2018,7287,2018-10-01,Lunes,0.0,10:30:00,,0.0,2,"Automóvil,Moto/Ciclomotor",Av. Eva Peron Y Rodo,2,1,0,0,1,0,0,"-32.930611111111,-60.726194444444",Avenida,,ROSARIO,Rosario,Asfalto,No existe,II,Dentro,Urbana,Ninguna,No existe,Intersección,Bueno,Buena,Diurna,Buen Tiempo,S/D,S/D,Colisión,Ninguna,S/D,Ninguna,Sin restricción,"-32.930611111111,-60.726194444444","['Avenida Eva Perón', 'Rodó']",2,,-32.930611111111,-60.726194444444,55.0,538.0,Municipio Rosario,Municipio,Rosario,820210,Servicio de Catastro e Información Territorial,IGN
2018,7289,2018-10-04,Jueves,0.0,16:57:00,,0.0,2,"Moto/Ciclomotor,Pickup/Utilitario",Av. Provincias Unidas Y Gorriti,3,2,0,0,1,0,0,"-32.924416666667,-60.713416666667",Calle,,ROSARIO,Rosario,Asfalto,S/D,II,Dentro,Urbana,Ninguna,S/D,Intersección,Bueno,Buena,Diurna,Buen Tiempo,S/D,S/D,Colisión,Ninguna,S/D,Ninguna,Sin restricción,"-32.924416666667,-60.713416666667","['Avenida Provincias Unidas', 'Gorriti']",2,,-32.924416666667,-60.713416666667,55.0,538.0,Municipio Rosario,Municipio,Rosario,820210,Servicio de Catastro e Información Territorial,IGN
2018,7291,2018-10-16,Martes,0.0,06:00:00,,0.0,2,"Automóvil,Moto/Ciclomotor",Bv. Avellaneda 4337,2,1,0,0,1,0,0,"-32.982888888889,-60.688444444444",Avenida,,ROSARIO,Rosario,Asfalto,S/D,II,S/D,Urbana,S/D,S/D,Recta,Bueno,Buena,Diurna,S/D,S/D,S/D,Colisión,S/D,S/D,Cordón divisorio,S/D,"-32.982888888889,-60.688444444444",['Avellaneda 4337'],1,,-32.982888888889,-60.688444444444,55.0,538.0,Municipio Rosario,Municipio,Rosario,820210,Servicio de Catastro e Información Territorial,IGN
2018,7292,2018-10-01,Lunes,0.0,19:55:00,,0.0,2,"Automóvil,Peatón",Jose Ingenieros 7900,2,0,1,0,1,0,0,"-32.917638888889,-60.732722222222",Calle,,ROSARIO,Rosario,Asfalto,No existe,II,Dentro,Urbana,Ninguna,No existe,Intersección,Bueno,Buena,Diurna,Buen Tiempo,S/D,Peatón,Atropello,Ninguna,S/D,Ninguna,Sin restricción,"-32.917638888889,-60.732722222222",['Jose Ingenieros 7900'],1,,-32.917638888889,-60.732722222222,55.0,538.0,Municipio Rosario,Municipio,Rosario,820210,Servicio de Catastro e Información Territorial,IGN
2018,7294,2018-10-16,Martes,0.0,20:25:00,,0.0,2,"Bicicleta,Automóvil",Bv. Avellaneda Y Uruguay,2,1,0,0,0,0,1,"-32.969444444444,-60.68675",Avenida,,ROSARIO,Rosario,Asfalto,S/D,II,Dentro,Urbana,S/D,S/D,Intersección,S/D,S/D,"Nocturna,Con luz artificial",S/D,S/D,Ciclista,Atropello,S/D,S/D,Cordón divisorio,S/D,"-32.969444444444,-60.68675","['Avellaneda', 'Uruguay']",2,,-32.969444444444,-60.68675,55.0,538.0,Municipio Rosario,Municipio,Rosario,820210,Servicio de Catastro e Información Territorial,IGN
2018,7309,2018-05-27,Domingo,0.0,23:10:00,,0.0,2,"Moto/Ciclomotor,Automóvil",Biedma Y Alvear,2,1,0,0,0,1,0,"-32.97841,-60.66345",Calle,,ROSARIO,Rosario,Asfalto,No existe,II,Dentro,Urbana,Ninguna,No existe,Intersección,Bueno,Buena,Nocturna,Buen Tiempo,Lateral,S/D,Colisión,Ninguna,Faltante,Ninguna,Sin restricción,"-32.97841,-60.66345","['Coronel Biedma', 'Alvear']",2,,-32.97841,-60.66345,55.0,538.0,Municipio Rosario,Municipio,Rosario,820210,Servicio de Catastro e Información Territorial,IGN
2018,7310,2018-05-26,Sabado,0.0,19:20:00,,0.0,2,"Peatón,Automóvil",Buenos Aires 1600,2,0,0,0,1,1,0,"-32.95714,-60.63513",Calle,,ROSARIO,Rosario,Asfalto,S/D,II,Dentro,Urbana,Semáforo,Funciona,Recta,S/D,Buena,Diurna,S/D,S/D,Peatón,Atropello,S/D,Vertical,Ninguna,Sin restricción,"-32.95714,-60.63513",['Buenos Aires 1600'],1,,-32.95714,-60.63513,55.0,538.0,Municipio Rosario,Municipio,Rosario,820210,Servicio de Catastro e Información Territorial,IGN
2018,7311,2018-05-27,Domingo,0.0,00:45:00,,0.0,2,"Moto/Ciclomotor,Moto/Ciclomotor",Av. Provincias Unidas Y Perez Bulnes,3,0,2,0,0,1,0,"-32.94248,-60.71243",Calle,,ROSARIO,Rosario,Asfalto,No existe,II,Dentro,Urbana,Semáforo,Funciona,Intersección,Bueno,Buena,Nocturna,Buen Tiempo,Lateral,S/D,Colisión,Ninguna,Vertical,Ninguna,Sin restricción,"-32.94248,-60.71243","['Avenida Provincias Unidas', 'Pérez Bulnes']",2,,-32.94248,-60.71243,55.0,538.0,Municipio Rosario,Municipio,Rosario,820210,Servicio de Catastro e Información Territorial,IGN
2018,7313,2018-05-01,Martes,0.0,01:35:00,,0.0,1,Moto/Ciclomotor,Mendoza 8600,2,1,0,0,0,1,0,"-32.94022,-60.73834",Calle,,ROSARIO,Rosario,Asfalto,No existe,II,Dentro,Urbana,Semáforo,Funciona,Intersección,Bueno,S/D,Nocturna,S/D,Contra objeto fijo,S/D,Colisión,Ninguna,"Horizontal,Vertical",Cordón divisorio,Sin restricción,"-32.94022,-60.73834",['Mendoza 8600'],1,,-32.94022,-60.73834,55.0,538.0,Municipio Rosario,Municipio,Rosario,820210,Servicio de Catastro e Información Territorial,IGN
2018,7319,2018-05-18,Viernes,0.0,14:00:00,,0.0,2,"Moto/Ciclomotor,Peatón",Bv. Segui Y Santiago,2,0,0,0,1,1,0,"-32.97595,-60.66422",Calle,,ROSARIO,Rosario,Asfalto,No existe,II,Dentro,Urbana,Ninguna,No existe,Intersección,Bueno,S/D,Diurna,S/D,S/D,Peatón,Atropello,Ninguna,Faltante,Cordón divisorio,Sin restricción,"-32.97595,-60.66422","['Bulevar Juan Francisco Seguí', 'Santiago']",2,,-32.97595,-60.66422,55.0,538.0,Municipio Rosario,Municipio,Rosario,820210,Servicio de Catastro e Información Territorial,IGN
2018,7338,2018-08-26,Domingo,0.0,,,0.0,2,"Moto/Ciclomotor,Automóvil",Salvat Y Pje. 1349,2,1,0,0,1,0,0,"-32.88329, -60.72308",Calle,,ROSARIO,Rosario,Asfalto,No existe,II,Dentro,Urbana,Ninguna,No existe,Intersección,S/D,S/D,S/D,S/D,Lateral,S/D,Colisión,Ninguna,S/D,S/D,Sin restricción,"-32.88329, -60.72308","['Salvat', 'Calle 1359']",2,,-32.88329,-60.72308,55.0,538.0,Municipio Rosario,Municipio,Rosario,820210,Servicio de Catastro e Información Territorial,IGN
2018,7356,2018-07-01,Domingo,0.0,13:10:00,,0.0,2,"Automóvil,Moto/Ciclomotor",Camilo Aldao Bis Y Pje. Minetti,5,3,0,0,2,0,0,"-32.927918, -60.696423",Calle,,ROSARIO,Rosario,Hormigón,No existe,II,Dentro,Urbana,Ninguna,No existe,Intersección,Bueno,Buena,Diurna,Buen Tiempo,Lateral,S/D,Colisión,Ninguna,Faltante,Ninguna,Sin restricción,"-32.927918, -60.696423","['Camilo Aldao', 'Minetti']",2,,-32.927918,-60.696423,55.0,538.0,Municipio Rosario,Municipio,Rosario,820210,Servicio de Catastro e Información Territorial,IGN
2018,7379,2018-06-30,Sabado,0.0,06:00:00,,0.0,2,"Automóvil,Moto/Ciclomotor",Av. Sorrento Y Bv. Rondeau,2,0,0,0,1,1,0,"-32.907104, -60.688621",Avenida,,ROSARIO,Rosario,Hormigón,No existe,II,Dentro,Urbana,Semáforo,Funciona,Intersección,Bueno,Buena,Amanecer,Buen Tiempo,S/D,S/D,Colisión,Ninguna,"Horizontal,Vertical","Cordón divisorio,Vegetación",Sin restricción,"-32.907104, -60.688621","['Sorrento', 'Rondeau']",2,,-32.907104,-60.688621,55.0,538.0,Municipio Rosario,Municipio,Rosario,820210,Servicio de Catastro e Información Territorial,IGN
2018,7380,2018-07-01,Domingo,0.0,,,0.0,3,"Automóvil,Transporte de Pasajeros Urbano (> 8 asientos),Moto/Ciclomotor",Av. Provincias Unidas Bis Y French,4,2,0,0,2,0,0,"-32.921812, -60.713342",Avenida,,ROSARIO,Rosario,Hormigón,No existe,II,Dentro,Urbana,Paso Peatonal,No existe,Intersección,Bueno,Buena,S/D,Buen Tiempo,Múltiple,S/D,Colisión,Ninguna,Horizontal,Cordón divisorio,Sin restricción,"-32.921812, -60.713342","['Avenida Provincias Unidas', 'French']",2,,-32.921812,-60.713342,55.0,538.0,Municipio Rosario,Municipio,Rosario,820210,Servicio de Catastro e Información Territorial,IGN
2018,7381,2018-07-01,Domingo,0.0,,,0.0,2,"Automóvil,Moto/Ciclomotor",Roullon Y Bv. Segui,2,1,0,0,1,0,0,"-32.970709, -60.700988",Avenida,,ROSARIO,Rosario,Hormigón,No existe,II,Dentro,Urbana,Semáforo,Funciona,Intersección,Bueno,Buena,S/D,Buen Tiempo,S/D,S/D,Colisión,Ninguna,"Horizontal,Vertical",Cordón divisorio,Sin restricción,"-32.970709, -60.700988","['Alfredo Rouillón', 'Bulevar Juan Francisco Seguí']",2,,-32.970709,-60.700988,55.0,538.0,Municipio Rosario,Municipio,Rosario,820210,Servicio de Catastro e Información Territorial,IGN
2018,7386,2018-08-15,Miercoles,0.0,,,0.0,2,"Automóvil,Moto/Ciclomotor",Av. Arijon Y Melian,3,1,0,0,2,0,0,"-33.003333333333,-60.659805555556",Calle,,ROSARIO,Rosario,S/D,S/D,II,S/D,Urbana,S/D,S/D,Intersección,S/D,S/D,S/D,S/D,S/D,S/D,Colisión,S/D,S/D,S/D,S/D,"-33.003333333333,-60.659805555556","['Avenida Manuel Arijón', 'José Melian']",2,,-33.003333333333,-60.659805555556,55.0,538.0,Municipio Rosario,Municipio,Rosario,820210,Servicio de Catastro e Información Territorial,IGN
2018,7391,2018-08-28,Martes,0.0,09:15:00,,0.0,2,"Automóvil,Peatón",Marcos Paz Y Bolivia,2,1,0,0,1,0,0,"-32.939111111111,-60.713888888889",Calle,,ROSARIO,Rosario,Asfalto,No existe,II,Dentro,Urbana,S/D,S/D,Intersección,S/D,S/D,Diurna,S/D,S/D,S/D,Colisión,S/D,S/D,S/D,Sin restricción,"-32.939111111111,-60.713888888889","['Marcos Paz', 'Bolivia']",2,,-32.939111111111,-60.713888888889,55.0,538.0,Municipio Rosario,Municipio,Rosario,820210,Servicio de Catastro e Información Territorial,IGN
2018,7392,2018-10-16,Martes,0.0,,,0.0,2,"Vehículo Oficial,Automóvil",San Juan Y Pueyrredon,4,1,0,0,3,0,0,"-32.946722222222,-60.658333333333",S/D,,ROSARIO,Rosario,S/D,S/D,II,S/D,S/D,S/D,S/D,S/D,S/D,S/D,S/D,S/D,S/D,S/D,S/D,S/D,S/D,S/D,S/D,"-32.946722222222,-60.658333333333","['San Juan', 'Pueyrredón']",2,,-32.946722222222,-60.658333333333,55.0,538.0,Municipio Rosario,Municipio,Rosario,820210,Servicio de Catastro e Información Territorial,IGN
2018,7394,2018-10-20,Sabado,0.0,22:00:00,,0.0,2,"Vehículo Oficial,Automóvil",Espa?a Y 9 De Julio,2,1,0,0,1,0,0,"-32.952333333333,-60.648361111111",Calle,,ROSARIO,Rosario,S/D,S/D,II,S/D,Urbana,S/D,Funciona,Intersección,S/D,S/D,Con luz artificial,S/D,S/D,S/D,Colisión,S/D,S/D,S/D,S/D,"-32.952333333333,-60.648361111111","['España', '9 de Julio']",2,,-32.952333333333,-60.648361111111,55.0,538.0,Municipio Rosario,Municipio,Rosario,820210,Servicio de Catastro e Información Territorial,IGN
2018,7396,2018-10-27,Sabado,0.0,11:15:00,,0.0,2,"Moto/Ciclomotor,Taxi/Remis",Mendoza Y Solis,2,1,1,0,0,0,0,"-32.939944444444,-60.703361111111",Avenida,,ROSARIO,Rosario,Asfalto,No existe,II,Dentro,Urbana,Semáforo,Funciona,Intersección,Bueno,Buena,Diurna,Buen Tiempo,Lateral,S/D,Colisión,Ninguna,S/D,Cordón divisorio,Sin restricción,"-32.939944444444,-60.703361111111","['Mendoza', 'Solis']",2,,-32.939944444444,-60.703361111111,55.0,538.0,Municipio Rosario,Municipio,Rosario,820210,Servicio de Catastro e Información Territorial,IGN
2018,7401,2018-10-02,Martes,0.0,15:00:00,,0.0,2,"Moto/Ciclomotor,Bicicleta",Tucuman Y Balcarce,2,1,0,0,1,0,0,"-32.939305555556,-60.650777777778",Calle,,ROSARIO,Rosario,Asfalto,S/D,II,S/D,Urbana,S/D,S/D,Intersección,S/D,S/D,Diurna,S/D,S/D,Ciclista,Atropello,S/D,S/D,S/D,S/D,"-32.939305555556,-60.650777777778","['Tucumán', 'Balcarce']",2,,-32.939305555556,-60.650777777778,55.0,538.0,Municipio Rosario,Municipio,Rosario,820210,Servicio de Catastro e Información Territorial,IGN
2018,7403,2018-10-02,Martes,0.0,10:45:00,,0.0,2,"Bicicleta,Transporte de Pasajeros Urbano (> 8 asientos)",Virasoro Y Espa?a,2,0,1,0,1,0,0,"-32.968416666667,-60.652416666667",Calle,,ROSARIO,Rosario,S/D,S/D,II,S/D,Urbana,S/D,S/D,Intersección,S/D,S/D,Diurna,S/D,S/D,Ciclista,Atropello,S/D,S/D,S/D,S/D,"-32.968416666667,-60.652416666667","['Virasoro', 'España']",2,,-32.968416666667,-60.652416666667,55.0,538.0,Municipio Rosario,Municipio,Rosario,820210,Servicio de Catastro e Información Territorial,IGN
2018,7404,2018-10-02,Martes,0.0,17:15:00,,0.0,2,"Automóvil,Transporte de Pasajeros Urbano (> 8 asientos)",Mitre Y E.Zeballos,4,3,0,0,1,0,0,"-32.95475,-60.641722222222",Calle,,ROSARIO,Rosario,S/D,S/D,II,S/D,Urbana,S/D,S/D,Intersección,S/D,S/D,Diurna,S/D,S/D,S/D,Colisión,S/D,S/D,S/D,S/D,"-32.95475,-60.641722222222","['Mitre', 'Zeballos']",2,,-32.95475,-60.641722222222,55.0,538.0,Municipio Rosario,Municipio,Rosario,820210,Servicio de Catastro e Información Territorial,IGN
2018,7412,2018-07-03,Martes,0.0,15:35:00,,0.0,1,Moto/Ciclomotor,Mitre 4600,2,2,0,0,0,0,0,"-32.991882, -60.650743",Calle,,ROSARIO,Rosario,Asfalto,No existe,II,Dentro,Urbana,Ninguna,No existe,Recta,Bueno,Buena,Diurna,Buen Tiempo,Contra objeto fijo,S/D,Colisión,Ninguna,Faltante,Ninguna,Sin restricción,"-32.991882, -60.650743",['Mitre 4600'],1,,-32.991882,-60.650743,55.0,538.0,Municipio Rosario,Municipio,Rosario,820210,Servicio de Catastro e Información Territorial,IGN
2018,7431,2018-08-30,Jueves,0.0,08:30:00,,0.0,2,"Moto/Ciclomotor,Automóvil",Bv. Segui Y Callao,2,1,0,0,1,0,0,"-32.97522, -60.66831",Avenida,,ROSARIO,Rosario,Asfalto,No existe,II,S/D,Urbana,Ninguna,S/D,Intersección,S/D,S/D,Diurna,S/D,S/D,S/D,Colisión,S/D,S/D,S/D,Sin restricción,"-32.97522, -60.66831","['Bulevar Juan Francisco Seguí', 'Callao']",2,,-32.97522,-60.66831,55.0,538.0,Municipio Rosario,Municipio,Rosario,820210,Servicio de Catastro e Información Territorial,IGN
2018,7434,2018-10-02,Martes,0.0,19:30:00,,0.0,2,"Automóvil,Bicicleta",Goyena Y Mont Cenis,2,2,0,0,0,0,0,"-32.876583333333,-60.699166666667",Calle,,ROSARIO,Rosario,Asfalto,No existe,II,Dentro,Urbana,Ninguna,No existe,Intersección,Bueno,Buena,Atardecer,Buen Tiempo,S/D,Ciclista,Atropello,Ninguna,Faltante,Ninguna,Sin restricción,"-32.876583333333,-60.699166666667","['Goyena', 'Mont Cenis']",2,,-32.876583333333,-60.699166666667,55.0,538.0,Municipio Rosario,Municipio,Rosario,820210,Servicio de Catastro e Información Territorial,IGN
2018,7436,2018-10-02,Martes,0.0,12:30:00,,0.0,2,"Moto/Ciclomotor,Automóvil",San Martin Y Cabildo,2,1,0,0,1,0,0,"-33.007388888889,-60.650222222222",Avenida,,ROSARIO,Rosario,Asfalto,No existe,II,Dentro,Urbana,Ninguna,No existe,Intersección,Bueno,Buena,Diurna,Buen Tiempo,Lateral,S/D,Colisión,Ninguna,Faltante,Ninguna,Sin restricción,"-33.007388888889,-60.650222222222","['San Martin', 'Cabildo']",2,,-33.007388888889,-60.650222222222,55.0,538.0,Municipio Rosario,Municipio,Rosario,820210,Servicio de Catastro e Información Territorial,IGN
2018,7439,2018-10-02,Martes,0.0,16:15:00,,0.0,2,"Moto/Ciclomotor,Bicicleta",Av. Ovidio Lagos A 5800,2,1,1,0,0,0,0,"-33.004805555556,-60.676388888889",Calle,,ROSARIO,Rosario,Asfalto,S/D,II,S/D,Urbana,S/D,S/D,Recta,S/D,Buena,Diurna,Buen Tiempo,S/D,Ciclista,Atropello,S/D,S/D,S/D,S/D,"-33.004805555556,-60.676388888889",['Ovidio Lagos A 5800'],1,,-33.004805555556,-60.676388888889,55.0,538.0,Municipio Rosario,Municipio,Rosario,820210,Servicio de Catastro e Información Territorial,IGN
2018,7440,2018-10-02,Martes,0.0,17:30:00,,0.0,2,"Moto/Ciclomotor,Automóvil",Fragata Sarmiento Y Crespo C,2,1,0,0,1,0,0,"-32.987444444444,-60.679972222222",Calle,,ROSARIO,Rosario,Asfalto,No existe,II,Dentro,Urbana,S/D,S/D,Intersección,S/D,Buena,Diurna,Buen Tiempo,S/D,S/D,Colisión,S/D,S/D,S/D,S/D,"-32.987444444444,-60.679972222222","['Fragata Sarmiento', 'Crespo']",2,,-32.987444444444,-60.679972222222,55.0,538.0,Municipio Rosario,Municipio,Rosario,820210,Servicio de Catastro e Información Territorial,IGN