anio_acci,nro_acci,fecha,desc_dia,fecha_aprox,hora_aprox,desc_ruta,km,cant_participantes,desc_participante,calle_avenida_km,total,heridos_leves,heridos_graves,heridos_gravisimos,ilesos,fallecidos,sin_datos,posicion_XY,desc_tipo_via,desc_ruta_ori,desc_loc,desc_dpto,desc_tipo_calzada,desc_tipo_banquina,desc_unidad_regional,desc_lugar_calzada,desc_zona,desc_prioridad,desc_estado_semaforo,desc_lugar_via,desc_estado_via,desc_estado_visibilidad,desc_luminosidad,desc_estado_clima,desc_tipo_colision,desc_tipo_atropello,desc_tipo_hecho,desc_pres_calzada,desc_senializacion,desc_separacion_via,desc_restriccion,forma_geocod,calle_lista,numero_calles,calles_osm,lat,lon,index_right,gid,fna,gna,nam,in1,fdc,sag
2018,7468,2018-07-05,Jueves,0.0,14:30:00,,0.0,2,"Peatón,Automóvil",Bv. Rondeau Y Gallo,2,1,0,0,1,0,0,"-32.890611111111,-60.693444444444",Avenida,,ROSARIO,Rosario,Asfalto,No existe,II,Dentro,Urbana,Ninguna,No existe,Intersección,S/D,S/D,Diurna,S/D,S/D,Peatón,Atropello,S/D,Faltante,Cordón divisorio,Sin restricción,"-32.890611111111,-60.693444444444","['Rondeau', 'Gallo']",2,,-32.890611111111,-60.693444444444,55.0,538.0,Municipio Rosario,Municipio,Rosario,820210,Servicio de Catastro e Información Territorial,IGN
2018,7469,2018-07-30,Lunes,0.0,11:20:00,,0.0,2,"Automóvil,Moto/Ciclomotor",24 De Setiembre Y Bv. Avellaneda,2,1,0,0,1,0,0,"-32.972909, -60.687573",Avenida,,ROSARIO,Rosario,Asfalto,No existe,II,Dentro,Urbana,Ninguna,No existe,Intersección,Bueno,Buena,Diurna,Buen Tiempo,S/D,S/D,Colisión,Ninguna,Faltante,Cordón divisorio,Sin restricción,"-32.972909, -60.687573","['24 de Septiembre', 'Avellaneda']",2,,-32.972909,-60.687573,55.0,538.0,Municipio Rosario,Municipio,Rosario,820210,Servicio de Catastro e Información Territorial,IGN
2018,7470,2018-07-30,Lunes,0.0,10:30:00,,0.0,1,Moto/Ciclomotor,Ayacucho Y Pje. 525,2,2,0,0,0,0,0,"-33.011232, -60.635685",Calle,,ROSARIO,Rosario,Asfalto,No existe,II,Dentro,Urbana,Ninguna,No existe,Intersección,Bueno,Buena,Diurna,Buen Tiempo,Contra objeto fijo,S/D,Colisión,Ninguna,Faltante,Ninguna,Sin restricción,"-33.011232, -60.635685","['Ayacucho', 'Pasaje 525']",2,,-33.011232,-60.635685,55.0,538.0,Municipio Rosario,Municipio,Rosario,820210,Servicio de Catastro e Información Territorial,IGN
2018,7471,2018-07-05,Jueves,0.0,20:00:00,,0.0,2,"Moto/Ciclomotor,Automóvil",Matienzo Y Dr.Maradona,3,2,0,0,1,0,0,"-32.979336753809, -60.693216494950",Calle,,ROSARIO,Rosario,S/D,No existe,II,Dentro,Urbana,S/D,S/D,Intersección,S/D,S/D,Nocturna,S/D,Lateral,S/D,Colisión,S/D,S/D,Ninguna,Sin restricción,"-32.979336753809, -60.693216494950","['Matienzo', 'Doctor Maradona']",2,,-32.979336753809,-60.69321649495,55.0,538.0,Municipio Rosario,Municipio,Rosario,820210,Servicio de Catastro e Información Territorial,IGN
2018,7540,2018-07-07,Sabado,0.0,,,0.0,2,"Camión,Automóvil",Bv. 27 De Febrero Y Campbell,2,1,0,0,1,0,0,"-32.959288, -60.707200",Avenida,,ROSARIO,Rosario,Asfalto,No existe,II,Dentro,Urbana,Ninguna,No existe,Intersección,Bueno,Buena,S/D,Buen Tiempo,S/D,S/D,Colisión,Ninguna,Faltante,Ninguna,Sin restricción,"-32.959288, -60.707200","['27 de Febrero', 'Campbell']",2,,-32.959288,-60.7072,55.0,538.0,Municipio Rosario,Municipio,Rosario,820210,Servicio de Catastro e Información Territorial,IGN
2018,7561,2018-08-12,Domingo,0.0,,,0.0,2,"Automóvil,Tren",Humberto I 2000,4,0,3,0,1,0,0,"-32.929888888889,-60.691166666667",Calle,,ROSARIO,Rosario,S/D,S/D,II,S/D,Urbana,S/D,S/D,S/D,S/D,S/D,S/D,S/D,S/D,S/D,Colisión,S/D,S/D,S/D,S/D,"-32.929888888889,-60.691166666667",['Humberto I 2000'],1,,-32.929888888889,-60.691166666667,55.0,538.0,Municipio Rosario,Municipio,Rosario,820210,Servicio de Catastro e Información Territorial,IGN
2018,7568,2018-10-17,Miercoles,0.0,18:45:00,,0.0,2,"Pickup/Utilitario,Moto/Ciclomotor",C.Larralde 3000,2,1,0,0,1,0,0,"-32.96414, -60.72603",Calle,,ROSARIO,Rosario,Asfalto,No existe,II,S/D,Urbana,Ninguna,No existe,Intersección,Bueno,Buena,"Atardecer,Con luz artificial",Buen Tiempo,Lateral,S/D,Colisión,Ninguna,Faltante,Ninguna,Sin restricción,"-32.96414, -60.72603",['C Larralde 3000'],1,,-32.96414,-60.72603,55.0,538.0,Municipio Rosario,Municipio,Rosario,820210,Servicio de Catastro e Información Territorial,IGN
2018,7569,2018-10-17,Miercoles,0.0,17:40:00,,0.0,2,"Moto/Ciclomotor,Automóvil",Dorrego Y Madre Cabrini,4,3,0,0,1,0,0,"-33.00537, -60.66041",Calle,,ROSARIO,Rosario,Asfalto,S/D,II,S/D,Urbana,S/D,No existe,Intersección,S/D,Buena,Diurna,S/D,S/D,S/D,Colisión,S/D,S/D,S/D,S/D,"-33.00537, -60.66041","['Dorrego', 'Madre Cabrini']",2,,-33.00537,-60.66041,55.0,538.0,Municipio Rosario,Municipio,Rosario,820210,Servicio de Catastro e Información Territorial,IGN
2018,7576,2018-06-03,Domingo,0.0,21:00:00,,0.0,2,"Transporte de Pasajeros Urbano (> 8 asientos),Moto/Ciclomotor",Av. Battle y Ordo?ez Y Av. Ovidio Lagos,2,0,0,0,1,1,0,"-33.00973,-60.67741",Calle,,ROSARIO,Rosario,Asfalto,No existe,II,Dentro,Urbana,Ninguna,Funciona,Intersección,Bueno,S/D,Nocturna,S/D,S/D,S/D,Colisión,Ninguna,Vertical,Ninguna,Sin restricción,"-33.00973,-60.67741","['Avenida Battle y Ordoñez', 'Avenida Ovidio Lagos']",2,,-33.00973,-60.67741,55.0,538.0,Municipio Rosario,Municipio,Rosario,820210,Servicio de Catastro e Información Territorial,IGN
2018,7577,2018-07-08,Domingo,0.0,,,0.0,2,"Automóvil,Moto/Ciclomotor",Casilda Y Matienzo Bis,2,1,0,0,1,0,0,"-32.928617853064, -60.695168488864",Calle,,ROSARIO,Rosario,Asfalto,No existe,II,Dentro,Urbana,Otra Señal,No existe,Intersección,S/D,S/D,S/D,S/D,Lateral,S/D,Colisión,S/D,Vertical,Ninguna,Sin restricción,"-32.928617853064, -60.695168488864","['Casilda', 'Matienzo']",2,,-32.928617853064,-60.695168488864,55.0,538.0,Municipio Rosario,Municipio,Rosario,820210,Servicio de Catastro e Información Territorial,IGN
2018,7578,2018-06-05,Martes,0.0,,,0.0,2,"Automóvil,Moto/Ciclomotor",F.Flynn Bis Y J.J.Paso,2,0,0,0,1,1,0,"-32.9144,-60.69535",Calle,,ROSARIO,Rosario,Asfalto,No existe,II,Dentro,Urbana,Ninguna,No existe,Intersección,Bueno,S/D,S/D,S/D,S/D,S/D,Colisión,Ninguna,Faltante,Ninguna,Sin restricción,"-32.9144,-60.69535","['Flynn', 'Paso']",2,,-32.9144,-60.69535,55.0,538.0,Municipio Rosario,Municipio,Rosario,820210,Servicio de Catastro e Información Territorial,IGN
2018,7581,2018-07-11,Miercoles,0.0,11:10:00,,0.0,1,Moto/Ciclomotor,Peru 2369,2,2,0,0,0,0,0,"-32.957340013696, -60.710729001970",Calle,,ROSARIO,Rosario,Asfalto,No existe,II,Dentro,Urbana,S/D,No existe,Recta,S/D,S/D,Diurna,S/D,S/D,S/D,Caída ocupante,S/D,Faltante,Ninguna,Sin restricción,"-32.957340013696, -60.710729001970",['Peru 2369'],1,,-32.957340013696,-60.71072900197,55.0,538.0,Municipio Rosario,Municipio,Rosario,820210,Servicio de Catastro e Información Territorial,IGN
2018,7586,2018-07-29,Domingo,0.0,,,0.0,2,"Moto/Ciclomotor,Automóvil",San Martin 4970,3,1,0,0,2,0,0,"-32.994611111111,-60.647638888889",Avenida,,ROSARIO,Rosario,Asfalto,No existe,II,Dentro,Urbana,Ninguna,No existe,Recta,Bueno,Buena,Diurna,Buen Tiempo,Lateral,S/D,Colisión,Agua,Faltante,Barrera de hormigón,Sin restricción,"-32.994611111111,-60.647638888889",['San Martin 4970'],1,,-32.994611111111,-60.647638888889,55.0,538.0,Municipio Rosario,Municipio,Rosario,820210,Servicio de Catastro e Información Territorial,IGN
2018,7592,2018-10-17,Miercoles,0.0,15:00:00,,0.0,2,"Moto/Ciclomotor,Pickup/Utilitario",Pavon Y Sanchez de Bustamante,2,1,0,0,1,0,0,"-33.0015,-60.634111111111",Calle,,ROSARIO,Rosario,Asfalto,No existe,II,Dentro,Urbana,Ninguna,No existe,Intersección,Bueno,Buena,Diurna,Buen Tiempo,Lateral,S/D,Colisión,Ninguna,Faltante,Ninguna,Sin restricción,"-33.0015,-60.634111111111","['Pavón', 'Sánchez de Bustamante']",2,,-33.0015,-60.634111111111,55.0,538.0,Municipio Rosario,Municipio,Rosario,820210,Servicio de Catastro e Información Territorial,IGN
2018,7598,2018-10-17,Miercoles,0.0,21:00:00,,0.0,2,"Automóvil,Automóvil",J.J.Paso Y Pje. Sotomayor Bis,2,1,0,0,1,0,0,"-32.919694444444,-60.695222222222",Calle,,ROSARIO,Rosario,Asfalto,S/D,II,S/D,S/D,S/D,S/D,Recta,Bueno,S/D,S/D,Buen Tiempo,S/D,S/D,Colisión,S/D,S/D,Ninguna,S/D,"-32.919694444444,-60.695222222222","['Paso', 'Sotomayor']",2,,-32.919694444444,-60.695222222222,55.0,538.0,Municipio Rosario,Municipio,Rosario,820210,Servicio de Catastro e Información Territorial,IGN
2018,7610,2018-10-17,Miercoles,0.0,18:00:00,,0.0,2,"Moto/Ciclomotor,Pickup/Utilitario",AV. ESTANISLAO LOPEZ Y AV. MADRES PLAZA DE MAYO,2,1,0,0,1,0,0,"-32.92759, -60.65717",S/D,,ROSARIO,Rosario,Asfalto,No existe,II,S/D,S/D,Ninguna,No existe,Recta,Bueno,Buena,Diurna,Buen Tiempo,Otro,S/D,Colisión,Ninguna,Faltante,Ninguna,Sin restricción,"-32.92759, -60.65717","['Estanislao López', 'Madres Plaza 25 de Mayo']",2,,-32.92759,-60.65717,55.0,538.0,Municipio Rosario,Municipio,Rosario,820210,Servicio de Catastro e Información Territorial,IGN
2018,7611,2018-10-17,Miercoles,0.0,17:00:00,,0.0,3,"Automóvil,Taxi/Remis,Moto/Ciclomotor",Italia Y Cordoba,6,6,0,0,0,0,0,"-32.944694444444,-60.647861111111",S/D,,ROSARIO,Rosario,S/D,S/D,II,S/D,Urbana,S/D,S/D,Intersección,S/D,S/D,Diurna,S/D,Múltiple,S/D,Colisión,S/D,S/D,S/D,S/D,"-32.944694444444,-60.647861111111","['Italia', 'Córdoba']",2,,-32.944694444444,-60.647861111111,55.0,538.0,Municipio Rosario,Municipio,Rosario,820210,Servicio de Catastro e Información Territorial,IGN
2018,7612,2018-10-17,Miercoles,0.0,14:10:00,,0.0,2,"Automóvil,Vehículo Oficial",Pueyrredon Y San Juan,4,3,0,0,1,0,0,"-32.946722222222,-60.658333333333",Calle,,ROSARIO,Rosario,S/D,S/D,II,S/D,Urbana,S/D,S/D,Intersección,S/D,S/D,Diurna,S/D,S/D,S/D,Colisión,S/D,S/D,S/D,S/D,"-32.946722222222,-60.658333333333","['Pueyrredón', 'San Juan']",2,,-32.946722222222,-60.658333333333,55.0,538.0,Municipio Rosario,Municipio,Rosario,820210,Servicio de Catastro e Información Territorial,IGN
2018,7623,2018-07-13,Viernes,1.0,11:25:00,,0.0,2,"Moto/Ciclomotor,Automóvil",Mendoza 5400,2,1,0,0,1,0,0,"-32.941150805308, -60.697404796937",Calle,,ROSARIO,Rosario,Asfalto,No existe,II,Dentro,Urbana,Semáforo,Funciona,Recta,S/D,S/D,Diurna,S/D,Lateral,S/D,Colisión,S/D,"Horizontal,Vertical",Ninguna,Sin restricción,"-32.941150805308, -60.697404796937",['Mendoza 5400'],1,,-32.941150805308,-60.697404796937,55.0,538.0,Municipio Rosario,Municipio,Rosario,820210,Servicio de Catastro e Información Territorial,IGN
2018,7633,2018-06-30,Sabado,0.0,06:45:00,,0.0,2,"Automóvil,Moto/Ciclomotor",Av. Pte.Peron Y P.L.Funes,2,0,0,0,0,1,1,"-32.96236,-60.70033",Calle,,ROSARIO,Rosario,Asfalto,No existe,II,Dentro,Urbana,Ninguna,No existe,Intersección,Bueno,S/D,Diurna,S/D,S/D,S/D,Colisión,Ninguna,Horizontal,Cordón divisorio,Sin restricción,"-32.96236,-60.70033","['Avenida Presidente Perón', 'Funes']",2,,-32.96236,-60.70033,55.0,538.0,Municipio Rosario,Municipio,Rosario,820210,Servicio de Catastro e Información Territorial,IGN
2018,7648,2018-08-25,Sabado,0.0,10:00:00,,0.0,1,Moto/Ciclomotor,Mendoza 3300,1,0,1,0,0,0,0,"-32.946166666667,-60.669555555556",Calle,,ROSARIO,Rosario,Asfalto,No existe,II,Dentro,Urbana,Ninguna,S/D,Recta,Con baches,S/D,Diurna,S/D,S/D,S/D,Caída ocupante,Otro,Faltante,Ninguna,Reparación de Vía,"-32.946166666667,-60.669555555556",['Mendoza 3300'],1,,-32.946166666667,-60.669555555556,55.0,538.0,Municipio Rosario,Municipio,Rosario,820210,Servicio de Catastro e Información Territorial,IGN
2018,7659,2018-10-18,Jueves,0.0,13:10:00,,0.0,2,"Automóvil,Pickup/Utilitario",Superi Y Anchoris,4,2,0,0,2,0,0,"-32.895916666667,-60.700277777778",S/D,,ROSARIO,Rosario,Asfalto,No existe,II,S/D,Urbana,Señal Pare,No existe,Intersección,Bueno,Buena,Diurna,Buen Tiempo,S/D,S/D,Colisión,Ninguna,Horizontal,Ninguna,Sin restricción,"-32.895916666667,-60.700277777778","['Superi', 'Anchoris']",2,,-32.895916666667,-60.700277777778,55.0,538.0,Municipio Rosario,Municipio,Rosario,820210,Servicio de Catastro e Información Territorial,IGN
2018,7666,2018-08-28,Martes,0.0,07:00:00,,0.0,2,"Automóvil,Automóvil",Av. Uriburu Y Sarmiento,2,0,1,0,1,0,0,"-32.99075,-60.649444444444",Calle,,ROSARIO,Rosario,Asfalto,No existe,II,Dentro,Urbana,Ninguna,S/D,Intersección,Bueno,S/D,Diurna,S/D,Lateral,S/D,Colisión,S/D,S/D,S/D,Sin restricción,"-32.99075,-60.649444444444","['Uriburu', 'Sarmiento']",2,,-32.99075,-60.649444444444,55.0,538.0,Municipio Rosario,Municipio,Rosario,820210,Servicio de Catastro e Información Territorial,IGN
2018,7667,2018-07-15,Domingo,0.0,04:40:00,,0.0,1,Automóvil,AV. INT. MORCILLO 3135,1,1,0,0,0,0,0,"-32.954740763830, -60.662302232349",Avenida,,ROSARIO,Rosario,Asfalto,No existe,II,Dentro,Urbana,Ninguna,No existe,Recta,S/D,S/D,Nocturna,S/D,S/D,S/D,Despiste,S/D,Faltante,Ninguna,Sin restricción,"-32.954740763830, -60.662302232349",['Int Morcillo 3135'],1,,-32.95474076383,-60.662302232349,55.0,538.0,Municipio Rosario,Municipio,Rosario,820210,Servicio de Catastro e Información Territorial,IGN
2018,7676,2018-01-07,Domingo,0.0,13:00:00,,0.0,1,Moto/Ciclomotor,Av. De Las Palmeras ,1,0,0,0,0,1,0,"-32.977753,-60.735576",Calle,,ROSARIO,Rosario,S/D,S/D,II,Dentro,Urbana,S/D,S/D,S/D,S/D,S/D,Diurna,S/D,S/D,S/D,Caída ocupante,S/D,S/D,S/D,S/D,"-32.977753,-60.735576",['Las Palmas'],1,,-32.977753,-60.735576,55.0,538.0,Municipio Rosario,Municipio,Rosario,820210,Servicio de Catastro e Información Territorial,IGN
2018,7696,2018-10-18,Jueves,0.0,22:00:00,,0.0,2,"Moto/Ciclomotor,Taxi/Remis",Espa?a Y Urquiza,3,1,0,0,2,0,0,"-32.941472222222,-60.645638888889",Calle,,ROSARIO,Rosario,S/D,S/D,II,S/D,Urbana,S/D,S/D,Intersección,S/D,S/D,Nocturna,S/D,S/D,S/D,Colisión,S/D,S/D,S/D,S/D,"-32.941472222222,-60.645638888889","['España', 'Urquiza']",2,,-32.941472222222,-60.645638888889,55.0,538.0,Municipio Rosario,Municipio,Rosario,820210,Servicio de Catastro e Información Territorial,IGN
2018,7697,2018-10-03,Miercoles,0.0,09:15:00,,0.0,2,"Automóvil,Moto/Ciclomotor",3 De Febrero Y Paraguay,2,1,0,0,1,0,0,"-32.95175,-60.645333333333",Calle,,ROSARIO,Rosario,S/D,S/D,II,S/D,Urbana,S/D,S/D,Intersección,S/D,S/D,Diurna,S/D,S/D,S/D,Colisión,S/D,S/D,S/D,S/D,"-32.95175,-60.645333333333","['3 de Febrero', 'Paraguay']",2,,-32.95175,-60.645333333333,55.0,538.0,Municipio Rosario,Municipio,Rosario,820210,Servicio de Catastro e Información Territorial,IGN
2018,7698,2018-10-03,Miercoles,0.0,06:00:00,,0.0,2,"Automóvil,Moto/Ciclomotor",Bv. Avellaneda Y 3 De Febrero,2,1,0,0,1,0,0,"-32.945444444444,-60.680638888889",Calle,,ROSARIO,Rosario,S/D,S/D,II,S/D,Urbana,S/D,S/D,Intersección,S/D,S/D,Diurna,S/D,S/D,S/D,Colisión,S/D,S/D,S/D,S/D,"-32.945444444444,-60.680638888889","['Avellaneda', '3 de Febrero']",2,,-32.945444444444,-60.680638888889,55.0,538.0,Municipio Rosario,Municipio,Rosario,820210,Servicio de Catastro e Información Territorial,IGN
2018,7699,2018-10-03,Miercoles,0.0,17:50:00,,0.0,2,"Automóvil,Pickup/Utilitario",Jujuy Y Italia,3,2,0,0,1,0,0,"-32.9365,-60.645833333333",Calle,,ROSARIO,Rosario,S/D,S/D,II,S/D,Urbana,S/D,S/D,Intersección,S/D,S/D,Diurna,S/D,S/D,S/D,Colisión,S/D,S/D,S/D,S/D,"-32.9365,-60.645833333333","['Jujuy', 'Italia']",2,,-32.9365,-60.645833333333,55.0,538.0,Municipio Rosario,Municipio,Rosario,820210,Servicio de Catastro e Información Territorial,IGN
2018,7702,2018-10-18,Jueves,0.0,13:15:00,,0.0,2,"Moto/Ciclomotor,Transporte de Pasajeros Urbano (> 8 asientos)",Av. Eva Peron Y Donado,2,1,0,0,1,0,0,"-32.930527777778,-60.727361111111",Avenida,,ROSARIO,Rosario,Asfalto,No existe,II,Dentro,Urbana,Ninguna,Funciona,Intersección,Bueno,Buena,Diurna,Buen Tiempo,S/D,S/D,Colisión,Ninguna,S/D,Barrera de hormigón,Sin restricción,"-32.930527777778,-60.727361111111","['Avenida Eva Perón', 'Donado']",2,,-32.930527777778,-60.727361111111,55.0,538.0,Municipio Rosario,Municipio,Rosario,820210,Servicio de Catastro e Información Territorial,IGN
2018,7703,2018-10-03,Miercoles,0.0,19:00:00,,0.0,2,"Moto/Ciclomotor,Automóvil",J.M.de Rosas Y Amenabar,2,1,0,0,1,0,0,"-32.973388888889,-60.637777777778",Calle,,ROSARIO,Rosario,Asfalto,No existe,II,Dentro,Urbana,Ninguna,No existe,Intersección,Bueno,Buena,Atardecer,Buen Tiempo,Lateral,S/D,Colisión,Ninguna,Faltante,Ninguna,Sin restricción,"-32.973388888889,-60.637777777778","['De Rosas', 'Amenabar']",2,,-32.973388888889,-60.637777777778,55.0,538.0,Municipio Rosario,Municipio,Rosario,820210,Servicio de Catastro e Información Territorial,IGN
2018,7707,2018-10-03,Miercoles,0.0,16:20:00,,0.0,1,Moto/Ciclomotor,Bv. Segui Y Av. Francia,2,2,0,0,0,0,0,"-32.974138888889,-60.673888888889",Avenida,,ROSARIO,Rosario,Asfalto,No existe,II,Dentro,Urbana,S/D,S/D,Intersección,S/D,Buena,Diurna,S/D,S/D,S/D,Colisión,S/D,S/D,Cordón divisorio,S/D,"-32.974138888889,-60.673888888889","['Bulevar Juan Francisco Seguí', 'Avenida Francia']",2,,-32.974138888889,-60.673888888889,55.0,538.0,Municipio Rosario,Municipio,Rosario,820210,Servicio de Catastro e Información Territorial,IGN
2018,7708,2018-10-03,Miercoles,0.0,12:55:00,,0.0,2,"Moto/Ciclomotor,Bicicleta",Av. Pte.Peron Y Servando Bayo,2,1,0,0,1,0,0,"-32.958194444444,-60.689638888889",Calle,,ROSARIO,Rosario,Asfalto,No existe,II,S/D,Urbana,S/D,No existe,Intersección,Bueno,S/D,Diurna,Buen Tiempo,S/D,Ciclista,Atropello,Ninguna,Faltante,Ninguna,Sin restricción,"-32.958194444444,-60.689638888889","['Avenida Presidente Perón', 'Servando Bayo']",2,,-32.958194444444,-60.689638888889,55.0,538.0,Municipio Rosario,Municipio,Rosario,820210,Servicio de Catastro e Información Territorial,IGN
2018,7724,2018-07-21,Sabado,0.0,,,0.0,2,"Peatón,Automóvil", ,2,1,0,0,1,0,0,"-32.948371, -60.657277",Calle,,ROSARIO,Rosario,Hormigón,No existe,II,Dentro,Urbana,Semáforo,Funciona,Intersección,Bueno,Buena,S/D,Buen Tiempo,S/D,Peatón,Atropello,Ninguna,"Horizontal,Vertical",Línea divisoria pintada,Sin restricción,"-32.948371, -60.657277",[''],0,,-32.948371,-60.657277,55.0,538.0,Municipio Rosario,Municipio,Rosario,820210,Servicio de Catastro e Información Territorial,IGN
2018,7725,2018-07-21,Sabado,0.0,18:55:00,,0.0,2,"Moto/Ciclomotor,Automóvil",Montevideo Y Liniers,2,1,0,0,1,0,0,"-32.947080, -60.698456",Calle,,ROSARIO,Rosario,Asfalto,No existe,II,Dentro,Urbana,Ninguna,No existe,Intersección,Bueno,Buena,Atardecer,Buen Tiempo,S/D,S/D,Colisión,Ninguna,Faltante,Ninguna,Sin restricción,"-32.947080, -60.698456","['Montevideo', 'Liniers']",2,,-32.94708,-60.698456,55.0,538.0,Municipio Rosario,Municipio,Rosario,820210,Servicio de Catastro e Información Territorial,IGN
2018,7726,2018-07-21,Sabado,0.0,17:00:00,,0.0,2,"Moto/Ciclomotor,Automóvil",Bv. 27 De Febrero Y Ayacucho,2,1,0,0,1,0,0,"-32.969669, -60.632210",Avenida,,ROSARIO,Rosario,Asfalto,No existe,II,Dentro,Urbana,Otra Señal,No existe,Intersección,Bueno,Buena,Diurna,Buen Tiempo,S/D,S/D,Colisión,Ninguna,"Horizontal,Vertical","Cordón divisorio,Línea divisoria pintada",Sin restricción,"-32.969669, -60.632210","['27 de Febrero', 'Ayacucho']",2,,-32.969669,-60.63221,55.0,538.0,Municipio Rosario,Municipio,Rosario,820210,Servicio de Catastro e Información Territorial,IGN
2018,7728,2018-10-03,Miercoles,0.0,09:20:00,,0.0,2,"Moto/Ciclomotor,Automóvil",Nicaragua Y Perez Bulnes,2,1,0,0,1,0,0,"-32.942666666667,-60.720583333333",Calle,,ROSARIO,Rosario,Asfalto,Pavimento,II,Dentro,Urbana,Ninguna,No existe,Intersección,Bueno,S/D,Diurna,S/D,De alcance,S/D,Colisión,S/D,Faltante,Ninguna,Sin restricción,"-32.942666666667,-60.720583333333","['Nicaragua', 'Pérez Bulnes']",2,,-32.942666666667,-60.720583333333,55.0,538.0,Municipio Rosario,Municipio,Rosario,820210,Servicio de Catastro e Información Territorial,IGN
2018,7729,2018-10-03,Miercoles,0.0,18:45:00,,0.0,2,"Moto/Ciclomotor,Automóvil",Santa Fe 4800,2,1,0,0,1,0,0,"-32.936027777778,-60.688333333333",Calle,,ROSARIO,Rosario,Asfalto,S/D,II,S/D,Urbana,S/D,S/D,Intersección,S/D,S/D,S/D,S/D,Lateral,S/D,Colisión,S/D,S/D,S/D,S/D,"-32.936027777778,-60.688333333333",['Santa Fe 4800'],1,,-32.936027777778,-60.688333333333,55.0,538.0,Municipio Rosario,Municipio,Rosario,820210,Servicio de Catastro e Información Territorial,IGN
2018,7731,2018-10-03,Miercoles,0.0,22:00:00,,0.0,2,"Moto/Ciclomotor,Automóvil",J.J.Paso Y Ottone Bis,3,1,1,0,1,0,0,"-32.919861111111,-60.700833333333",Calle,,ROSARIO,Rosario,Asfalto,No existe,II,Dentro,Urbana,Ninguna,No existe,Intersección,Bueno,Buena,"Nocturna,Con luz artificial",Buen Tiempo,Otro,S/D,Colisión,Ninguna,Faltante,Ninguna,Sin restricción,"-32.919861111111,-60.700833333333","['Paso', 'Ottone']",2,,-32.919861111111,-60.700833333333,55.0,538.0,Municipio Rosario,Municipio,Rosario,820210,Servicio de Catastro e Información Territorial,IGN
2018,7747,2018-07-22,Domingo,0.0,,,0.0,2,"Moto/Ciclomotor,Automóvil",Rueda Y Mariano Moreno,2,1,0,0,1,0,0,"-32.968809949953, -60.656756881966",Calle,,ROSARIO,Rosario,Asfalto,No existe,II,Dentro,Urbana,Ninguna,No existe,Intersección,S/D,S/D,S/D,S/D,Lateral,S/D,Colisión,S/D,Faltante,Ninguna,Sin restricción,"-32.968809949953, -60.656756881966","['Rueda', 'Mariano Moreno']",2,,-32.968809949953,-60.656756881966,55.0,538.0,Municipio Rosario,Municipio,Rosario,820210,Servicio de Catastro e Información Territorial,IGN
2018,7751,2018-07-25,Miercoles,0.0,,,0.0,1,Moto/Ciclomotor,Alberdi Y Albert Sabin,1,1,0,0,0,0,0,"-32.929971, -60.673959",Avenida,,ROSARIO,Rosario,Asfalto,No existe,II,Dentro,Urbana,Semáforo,Funciona,Recta,Bueno,Buena,S/D,Buen Tiempo,S/D,S/D,Caída ocupante,Ninguna,"Horizontal,Vertical",Ninguna,Sin restricción,"-32.929971, -60.673959","['Alberdi', 'Avenida Travesía Albert Sabin']",2,,-32.929971,-60.673959,55.0,538.0,Municipio Rosario,Municipio,Rosario,820210,Servicio de Catastro e Información Territorial,IGN
2018,7757,2018-07-24,Martes,0.0,,,0.0,2,"Automóvil,Moto/Ciclomotor",Roullon Bis Y Junin,3,2,0,0,1,0,0,"-32.927241458616, -60.702774111932",Calle,,ROSARIO,Rosario,Asfalto,No existe,II,Dentro,Urbana,Ninguna,No existe,Intersección,S/D,S/D,S/D,S/D,Lateral,S/D,Colisión,S/D,Faltante,Ninguna,Sin restricción,"-32.927241458616, -60.702774111932","['Alfredo Rouillón', 'Junín']",2,,-32.927241458616,-60.702774111932,55.0,538.0,Municipio Rosario,Municipio,Rosario,820210,Servicio de Catastro e Información Territorial,IGN
2018,7783,2018-10-18,Jueves,0.0,14:00:00,,0.0,2,"Automóvil,Moto/Ciclomotor",J.B.Justo Y Colombia,5,1,1,0,3,0,0,"-32.915027777778,-60.717638888889",Calle,,ROSARIO,Rosario,Asfalto,No existe,II,Dentro,Urbana,Ninguna,No existe,Intersección,Bueno,Buena,Diurna,Buen Tiempo,Otro,S/D,Colisión,Ninguna,Faltante,Ninguna,Sin restricción,"-32.915027777778,-60.717638888889","['Justo', 'Colombia']",2,,-32.915027777778,-60.717638888889,55.0,538.0,Municipio Rosario,Municipio,Rosario,820210,Servicio de Catastro e Información Territorial,IGN
2018,7786,2018-10-18,Jueves,0.0,16:00:00,,0.0,2,"Automóvil,Moto/Ciclomotor",J.J.Paso Y Liniers,3,2,0,0,1,0,0,"-32.919805555556,-60.699333333333",Calle,,ROSARIO,Rosario,Asfalto,No existe,II,Dentro,Urbana,Ninguna,No existe,Intersección,Bueno,Buena,Diurna,Buen Tiempo,Otro,S/D,Colisión,Ninguna,Faltante,Ninguna,Sin restricción,"-32.919805555556,-60.699333333333","['Paso', 'Liniers']",2,,-32.919805555556,-60.699333333333,55.0,538.0,Municipio Rosario,Municipio,Rosario,820210,Servicio de Catastro e Información Territorial,IGN