anio_acci,nro_acci,fecha,desc_dia,fecha_aprox,hora_aprox,desc_ruta,km,cant_participantes,desc_participante,calle_avenida_km,total,heridos_leves,heridos_graves,heridos_gravisimos,ilesos,fallecidos,sin_datos,posicion_XY,desc_tipo_via,desc_ruta_ori,desc_loc,desc_dpto,desc_tipo_calzada,desc_tipo_banquina,desc_unidad_regional,desc_lugar_calzada,desc_zona,desc_prioridad,desc_estado_semaforo,desc_lugar_via,desc_estado_via,desc_estado_visibilidad,desc_luminosidad,desc_estado_clima,desc_tipo_colision,desc_tipo_atropello,desc_tipo_hecho,desc_pres_calzada,desc_senializacion,desc_separacion_via,desc_restriccion,forma_geocod,calle_lista,numero_calles,calles_osm,lat,lon,index_right,gid,fna,gna,nam,in1,fdc,sag
2018,7793,2018-10-24,Miercoles,0.0,07:20:00,,0.0,2,"Moto/Ciclomotor,Moto/Ciclomotor",San Nicolas Y Bv. Segui,2,1,0,0,1,0,0,"-32.972944444444,-60.680583333333",Avenida,,ROSARIO,Rosario,Asfalto,S/D,II,S/D,Urbana,S/D,S/D,Intersección,S/D,Buena,Amanecer,S/D,S/D,S/D,Colisión,S/D,S/D,S/D,S/D,"-32.972944444444,-60.680583333333","['San Nicolás', 'Bulevar Juan Francisco Seguí']",2,,-32.972944444444,-60.680583333333,55.0,538.0,Municipio Rosario,Municipio,Rosario,820210,Servicio de Catastro e Información Territorial,IGN
2018,7794,2018-10-24,Miercoles,0.0,17:35:00,,0.0,2,"Automóvil,Moto/Ciclomotor",J.B.Justo Y Victor Mercante,3,2,0,0,1,0,0,"-32.914055555556,-60.684194444444",Calle,,ROSARIO,Rosario,Asfalto,No existe,II,S/D,Urbana,Ninguna,No existe,Intersección,Bueno,Buena,Nocturna,Buen Tiempo,Lateral,S/D,Colisión,Ninguna,Faltante,Ninguna,Sin restricción,"-32.914055555556,-60.684194444444","['Justo', 'Víctor Mercante']",2,,-32.914055555556,-60.684194444444,55.0,538.0,Municipio Rosario,Municipio,Rosario,820210,Servicio de Catastro e Información Territorial,IGN
2018,7795,2018-10-18,Jueves,0.0,21:15:00,,0.0,2,"Moto/Ciclomotor,Automóvil",Av. Provincias Unidas Y French,3,1,0,0,2,0,0,"-32.921777777778,-60.713388888889",Avenida,,ROSARIO,Rosario,Asfalto,No existe,II,Dentro,Urbana,Ninguna,No existe,Recta,Bueno,Buena,Diurna,Buen Tiempo,S/D,S/D,Colisión,Ninguna,S/D,Ninguna,Sin restricción,"-32.921777777778,-60.713388888889","['Avenida Provincias Unidas', 'French']",2,,-32.921777777778,-60.713388888889,55.0,538.0,Municipio Rosario,Municipio,Rosario,820210,Servicio de Catastro e Información Territorial,IGN
2018,7796,2018-10-24,Miercoles,0.0,11:40:00,,0.0,1,Transporte de Pasajeros Urbano (> 8 asientos),Santa Fe Y Mariano Moreno,2,1,0,0,1,0,0,"-32.942833333333,-60.65025",Calle,,ROSARIO,Rosario,S/D,S/D,II,S/D,Urbana,S/D,S/D,Intersección,S/D,S/D,S/D,S/D,S/D,S/D,Caída ocupante,S/D,S/D,S/D,S/D,"-32.942833333333,-60.65025","['Santa Fe', 'Mariano Moreno']",2,,-32.942833333333,-60.65025,55.0,538.0,Municipio Rosario,Municipio,Rosario,820210,Servicio de Catastro e Información Territorial,IGN
2018,7797,2018-10-25,Jueves,0.0,16:45:00,,0.0,2,"Automóvil,Moto/Ciclomotor",3 De Febrero Y Bv. Avellaneda,2,1,0,0,1,0,0,"-32.945444444444,-60.680638888889",Calle,,ROSARIO,Rosario,S/D,S/D,II,S/D,Urbana,S/D,S/D,Intersección,S/D,S/D,Diurna,S/D,S/D,S/D,Colisión,S/D,S/D,S/D,S/D,"-32.945444444444,-60.680638888889","['3 de Febrero', 'Avellaneda']",2,,-32.945444444444,-60.680638888889,55.0,538.0,Municipio Rosario,Municipio,Rosario,820210,Servicio de Catastro e Información Territorial,IGN
2018,7799,2018-10-18,Jueves,0.0,11:42:00,,0.0,2,"Moto/Ciclomotor,Automóvil",San Nicolas Y La Paz,2,1,0,0,1,0,0,"-32.958027777778,-60.676805555556",Calle,,ROSARIO,Rosario,Asfalto,No existe,II,Dentro,Urbana,Ninguna,No existe,Intersección,Bueno,Buena,Diurna,Buen Tiempo,Lateral,S/D,Colisión,Ninguna,Faltante,Ninguna,Sin restricción,"-32.958027777778,-60.676805555556","['San Nicolás', 'La Paz']",2,,-32.958027777778,-60.676805555556,55.0,538.0,Municipio Rosario,Municipio,Rosario,820210,Servicio de Catastro e Información Territorial,IGN
2018,7801,2018-10-18,Jueves,0.0,18:15:00,,0.0,1,Transporte de Pasajeros Urbano (> 8 asientos),Ayacucho Y Av. Arijon,2,1,0,0,1,0,0,"-33.002611111111,-60.636027777778",Calle,,ROSARIO,Rosario,Asfalto,Pavimento,II,Dentro,Urbana,Ninguna,Funciona,Recta,Bueno,Buena,Diurna,Buen Tiempo,Otro,S/D,Otro,Ninguna,Vertical,Cordón divisorio,Sin restricción,"-33.002611111111,-60.636027777778","['Ayacucho', 'Avenida Manuel Arijón']",2,,-33.002611111111,-60.636027777778,55.0,538.0,Municipio Rosario,Municipio,Rosario,820210,Servicio de Catastro e Información Territorial,IGN
2018,7804,2018-10-18,Jueves,0.0,06:30:00,,0.0,2,"Moto/Ciclomotor,Otros",Av. Ovidio Lagos Y Alice,2,1,0,0,1,0,0,"-32.98075, -60.67068",Calle,,ROSARIO,Rosario,Asfalto,No existe,II,Dentro,Urbana,Ninguna,No existe,Intersección,Bueno,Buena,Diurna,Buen Tiempo,Lateral,S/D,Colisión,Ninguna,Faltante,Ninguna,Sin restricción,"-32.98075, -60.67068","['Avenida Ovidio Lagos', 'Alice']",2,,-32.98075,-60.67068,55.0,538.0,Municipio Rosario,Municipio,Rosario,820210,Servicio de Catastro e Información Territorial,IGN
2018,7806,2018-10-18,Jueves,0.0,15:00:00,,0.0,2,"Moto/Ciclomotor,Automóvil",San Martin Y Pje. R.Platini,2,1,0,0,1,0,0,"-33.014916666667,-60.651944444444",Calle,,ROSARIO,Rosario,Asfalto,No existe,II,Dentro,Urbana,Ninguna,No existe,Intersección,Bueno,Buena,Diurna,Buen Tiempo,Lateral,S/D,Colisión,Ninguna,Faltante,Ninguna,Sin restricción,"-33.014916666667,-60.651944444444","['San Martin', 'Platini']",2,,-33.014916666667,-60.651944444444,55.0,538.0,Municipio Rosario,Municipio,Rosario,820210,Servicio de Catastro e Información Territorial,IGN
2018,7808,2018-10-18,Jueves,0.0,13:15:00,,0.0,2,"Automóvil,Moto/Ciclomotor",Av. Pellegrini 2700,3,1,0,0,2,0,0,"-32.95325,-60.662805555556",Avenida,,ROSARIO,Rosario,S/D,S/D,II,S/D,Urbana,S/D,S/D,Recta,Bueno,Buena,Diurna,S/D,S/D,S/D,Colisión,Ninguna,S/D,S/D,S/D,"-32.95325,-60.662805555556",['Pellegrini 2700'],1,,-32.95325,-60.662805555556,55.0,538.0,Municipio Rosario,Municipio,Rosario,820210,Servicio de Catastro e Información Territorial,IGN
2018,7809,2018-10-18,Jueves,0.0,17:05:00,,0.0,2,"Bicicleta,Automóvil",Av. Corrientes Y San Luis,2,1,0,0,0,0,1,"-32.948277777778,-60.643",S/D,,ROSARIO,Rosario,S/D,S/D,II,S/D,Urbana,S/D,Funciona,Intersección,S/D,Buena,S/D,S/D,S/D,Ciclista,Atropello,S/D,S/D,S/D,S/D,"-32.948277777778,-60.643","['Corrientes', 'San Luis']",2,,-32.948277777778,-60.643,55.0,538.0,Municipio Rosario,Municipio,Rosario,820210,Servicio de Catastro e Información Territorial,IGN
2018,7810,2018-10-18,Jueves,0.0,10:55:00,,0.0,2,"Moto/Ciclomotor,Automóvil",Tucuman Y Bv. Oro?o,2,1,0,0,1,0,0,"-32.939083333333,-60.652",Calle,,ROSARIO,Rosario,S/D,S/D,II,S/D,Urbana,S/D,S/D,S/D,S/D,S/D,Diurna,S/D,S/D,S/D,Colisión,S/D,S/D,S/D,S/D,"-32.939083333333,-60.652","['Tucumán', 'Bulevar Nicasio Oroño']",2,,-32.939083333333,-60.652,55.0,538.0,Municipio Rosario,Municipio,Rosario,820210,Servicio de Catastro e Información Territorial,IGN
2018,7832,2018-08-28,Martes,0.0,,,0.0,2,"Bicicleta,Taxi/Remis",Entre Rios Y Tucuman,2,1,0,0,1,0,0,"-32.941305555556,-60.639805555556",Calle,,ROSARIO,Rosario,Asfalto,No existe,II,Dentro,Urbana,Ninguna,S/D,Intersección,S/D,S/D,S/D,S/D,S/D,Ciclista,Atropello,Ninguna,S/D,S/D,Sin restricción,"-32.941305555556,-60.639805555556","['Entre Ríos', 'Tucumán']",2,,-32.941305555556,-60.639805555556,55.0,538.0,Municipio Rosario,Municipio,Rosario,820210,Servicio de Catastro e Información Territorial,IGN
2018,7838,2018-10-19,Viernes,0.0,12:50:00,,0.0,2,"Pickup/Utilitario,Peatón",Lima Y Montevideo,2,1,0,0,1,0,0,"-32.948055555556,-60.685666666667",S/D,,ROSARIO,Rosario,S/D,S/D,II,S/D,S/D,S/D,S/D,Intersección,S/D,S/D,S/D,S/D,S/D,Peatón,Atropello,S/D,S/D,S/D,S/D,"-32.948055555556,-60.685666666667","['Lima', 'Montevideo']",2,,-32.948055555556,-60.685666666667,55.0,538.0,Municipio Rosario,Municipio,Rosario,820210,Servicio de Catastro e Información Territorial,IGN
2018,7842,2018-10-19,Viernes,0.0,20:00:00,,0.0,2,"Bicicleta,Automóvil",Balcarce Y San Juan,2,1,0,0,1,0,0,"-32.947694444444,-60.652888888889",Calle,,ROSARIO,Rosario,S/D,S/D,II,S/D,Urbana,S/D,S/D,Intersección,S/D,S/D,Nocturna,S/D,S/D,Ciclista,Atropello,S/D,S/D,S/D,S/D,"-32.947694444444,-60.652888888889","['Balcarce', 'San Juan']",2,,-32.947694444444,-60.652888888889,55.0,538.0,Municipio Rosario,Municipio,Rosario,820210,Servicio de Catastro e Información Territorial,IGN
2018,7845,2018-10-25,Jueves,0.0,18:15:00,,0.0,2,"Automóvil,Automóvil",Av. Jorge Newbery Y Tarragona,5,3,0,0,2,0,0,"-32.908666666667,-60.735444444444",Calle,,ROSARIO,Rosario,Asfalto,S/D,II,S/D,Urbana,S/D,Intermitente,Intersección,Bueno,Buena,Atardecer,S/D,S/D,S/D,Colisión,Agua,S/D,S/D,S/D,"-32.908666666667,-60.735444444444","['Jorge Newbery', 'Tarragona']",2,,-32.908666666667,-60.735444444444,55.0,538.0,Municipio Rosario,Municipio,Rosario,820210,Servicio de Catastro e Información Territorial,IGN
2018,7846,2018-10-25,Jueves,0.0,20:30:00,,0.0,2,"Moto/Ciclomotor,Pickup/Utilitario",J.J.Paso 5300,2,0,1,0,1,0,0,"-32.91975,-60.697083333333",Avenida,,ROSARIO,Rosario,Asfalto,No existe,II,Dentro,Urbana,Ninguna,No existe,Intersección,Resbaladiza,Buena,Con luz artificial,Lluvia,Otro,S/D,Colisión,Agua,Faltante,Ninguna,Sin restricción,"-32.91975,-60.697083333333",['Juan José Paso 5300'],1,,-32.91975,-60.697083333333,55.0,538.0,Municipio Rosario,Municipio,Rosario,820210,Servicio de Catastro e Información Territorial,IGN
2018,7849,2018-10-25,Jueves,0.0,22:00:00,,0.0,2,"Peatón,Automóvil",Jacobacci Y Ugarte,2,1,0,0,1,0,0,"-32.93850,-60.75526",Calle,,ROSARIO,Rosario,Asfalto,No existe,II,Dentro,Urbana,Ninguna,No existe,Recta,S/D,S/D,"Nocturna,Con luz artificial",S/D,S/D,Peatón,Atropello,S/D,S/D,Ninguna,Sin restricción,"-32.93850,-60.75526","['Jacobacci', 'Ugarte']",2,,-32.9385,-60.75526,55.0,538.0,Municipio Rosario,Municipio,Rosario,820210,Servicio de Catastro e Información Territorial,IGN
2018,7850,2018-10-19,Viernes,0.0,13:30:00,,0.0,2,"Automóvil,Moto/Ciclomotor",Bv. Rondeau Y Vucetich,2,1,0,0,1,0,0,"-32.885722222222,-60.694944444444",Calle,,ROSARIO,Rosario,Asfalto,No existe,II,Dentro,Urbana,Ninguna,No existe,Intersección,Bueno,Buena,Diurna,Buen Tiempo,Frontal,S/D,Colisión,Ninguna,Faltante,Ninguna,Sin restricción,"-32.885722222222,-60.694944444444","['Rondeau', 'Vucetich']",2,,-32.885722222222,-60.694944444444,55.0,538.0,Municipio Rosario,Municipio,Rosario,820210,Servicio de Catastro e Información Territorial,IGN
2018,7851,2018-10-26,Viernes,0.0,17:00:00,,0.0,2,"Taxi/Remis,Camión Chasis",Av. Pte.Peron 6800,2,1,0,0,1,0,0,"-32.96849,-60.71274",Avenida,,ROSARIO,Rosario,Asfalto,No existe,II,S/D,Urbana,Semáforo,Funciona,Intersección,Bueno,Buena,Diurna,Buen Tiempo,Lateral,S/D,Colisión,Ninguna,"Horizontal,Vertical","Guardarrail,Cordón divisorio",Sin restricción,"-32.96849,-60.71274",['Presidenteperon 6800'],1,,-32.96849,-60.71274,55.0,538.0,Municipio Rosario,Municipio,Rosario,820210,Servicio de Catastro e Información Territorial,IGN
2018,7853,2018-10-26,Viernes,0.0,13:50:00,,0.0,2,"Peatón,Moto/Ciclomotor",Av. Pellegrini Y Valparaiso,2,2,0,0,0,0,0,"-32.949472222222,-60.684611111111",Calle,,ROSARIO,Rosario,S/D,S/D,II,S/D,Urbana,S/D,S/D,Intersección,S/D,S/D,Diurna,S/D,S/D,Peatón,Atropello,S/D,S/D,S/D,S/D,"-32.949472222222,-60.684611111111","['Pellegrini', 'Valparaíso']",2,,-32.949472222222,-60.684611111111,55.0,538.0,Municipio Rosario,Municipio,Rosario,820210,Servicio de Catastro e Información Territorial,IGN
2018,7855,2018-10-26,Viernes,0.0,23:45:00,,0.0,2,"Moto/Ciclomotor,Transporte de Pasajeros Urbano (> 8 asientos)",Necochea Y Ituzaingo,4,0,1,0,3,0,0,"-32.963222222222,-60.627805555556",Calle,,ROSARIO,Rosario,S/D,S/D,II,S/D,Urbana,S/D,S/D,Intersección,S/D,S/D,S/D,S/D,S/D,S/D,Colisión,S/D,S/D,S/D,S/D,"-32.963222222222,-60.627805555556","['Necochea', 'Ituzaingó']",2,,-32.963222222222,-60.627805555556,55.0,538.0,Municipio Rosario,Municipio,Rosario,820210,Servicio de Catastro e Información Territorial,IGN
2018,7858,2018-10-26,Viernes,0.0,03:50:00,,0.0,2,"Automóvil,Automóvil",Mendoza Y Av. Ovidio Lagos,3,1,0,0,2,0,0,"-32.947388888889,-60.662722222222",Calle,,ROSARIO,Rosario,S/D,S/D,II,S/D,Urbana,S/D,S/D,Intersección,S/D,S/D,S/D,S/D,"Contra objeto fijo,Frontal",S/D,Colisión,Agua,S/D,S/D,S/D,"-32.947388888889,-60.662722222222","['Mendoza', 'Avenida Ovidio Lagos']",2,,-32.947388888889,-60.662722222222,55.0,538.0,Municipio Rosario,Municipio,Rosario,820210,Servicio de Catastro e Información Territorial,IGN
2018,7859,2018-10-19,Viernes,0.0,14:40:00,,0.0,2,"Moto/Ciclomotor,Automóvil",Callao Y Acevedo Bis,2,1,0,0,1,0,0,"-32.98076, -60.66972",Calle,,ROSARIO,Rosario,Asfalto,No existe,II,Dentro,Urbana,Ninguna,No existe,Intersección,Bueno,Buena,Diurna,Buen Tiempo,Lateral,S/D,Colisión,Ninguna,Faltante,Ninguna,Sin restricción,"-32.98076, -60.66972","['Callao', 'Acevedo']",2,,-32.98076,-60.66972,55.0,538.0,Municipio Rosario,Municipio,Rosario,820210,Servicio de Catastro e Información Territorial,IGN
2018,7862,2018-10-19,Viernes,0.0,10:15:00,,0.0,2,"Moto/Ciclomotor,Automóvil",24 De Setiembre Y Laprida,2,1,0,0,1,0,0,"-32.980916666667,-60.64275",Calle,,ROSARIO,Rosario,Asfalto,No existe,II,Dentro,Urbana,Ninguna,Funciona,Intersección,Bueno,Buena,Diurna,Buen Tiempo,Lateral,S/D,Colisión,Ninguna,Vertical,Línea divisoria pintada,Sin restricción,"-32.980916666667,-60.64275","['24 de Septiembre', 'Laprida']",2,,-32.980916666667,-60.64275,55.0,538.0,Municipio Rosario,Municipio,Rosario,820210,Servicio de Catastro e Información Territorial,IGN
2018,7874,2018-07-12,Jueves,0.0,13:00:00,,0.0,2,"Peatón,Automóvil",Bv. Rondeau Y Baigorria,2,1,0,0,1,0,0,"-32.891487217837, -60.693503949072",Calle,,ROSARIO,Rosario,Asfalto,No existe,II,Dentro,Urbana,Semáforo,Funciona,Intersección,S/D,S/D,Diurna,S/D,S/D,Peatón,Atropello,S/D,"Horizontal,Vertical",Cordón divisorio,Sin restricción,"-32.891487217837, -60.693503949072","['Rondeau', 'Baigorria']",2,,-32.891487217837,-60.693503949072,55.0,538.0,Municipio Rosario,Municipio,Rosario,820210,Servicio de Catastro e Información Territorial,IGN
2018,7880,2018-10-26,Viernes,0.0,14:35:00,,0.0,2,"Moto/Ciclomotor,Automóvil",Av. Pellegrini Y Necochea,2,1,0,0,1,0,0,"-32.959694444444,-60.626888888889",Calle,,ROSARIO,Rosario,S/D,S/D,II,S/D,Urbana,S/D,S/D,Recta,S/D,S/D,Atardecer,S/D,S/D,S/D,"Caída ocupante,Colisión",S/D,S/D,S/D,S/D,"-32.959694444444,-60.626888888889","['Pellegrini', 'Necochea']",2,,-32.959694444444,-60.626888888889,55.0,538.0,Municipio Rosario,Municipio,Rosario,820210,Servicio de Catastro e Información Territorial,IGN
2018,7892,2018-10-19,Viernes,0.0,09:45:00,,0.0,2,"Camión c / Acoplado,Moto/Ciclomotor",Junin Y Mar del Plata,2,1,0,0,1,0,0,"-32.92675,-60.681944444444",Calle,,ROSARIO,Rosario,Asfalto,No existe,II,Dentro,Urbana,Ninguna,No existe,Intersección,Bueno,Buena,Diurna,Buen Tiempo,Contra objeto fijo,S/D,Atropello,Ninguna,Faltante,Ninguna,Sin restricción,"-32.92675,-60.681944444444","['Junín', 'Mar del Plata']",2,,-32.92675,-60.681944444444,55.0,538.0,Municipio Rosario,Municipio,Rosario,820210,Servicio de Catastro e Información Territorial,IGN
2018,7894,2018-10-04,Jueves,0.0,11:30:00,,0.0,2,"Automóvil,Peatón",Av. Genova Y Onesimo Leguizamon Bis,2,0,1,0,1,0,0,"-32.914972222222,-60.677833333333",Avenida,,ROSARIO,Rosario,Asfalto,No existe,II,S/D,Urbana,Ninguna,No existe,Recta,Bueno,Buena,Nocturna,Buen Tiempo,S/D,Peatón,Atropello,Ninguna,S/D,Cordón divisorio,Sin restricción,"-32.914972222222,-60.677833333333","['Genova', 'Leguizamón']",2,,-32.914972222222,-60.677833333333,55.0,538.0,Municipio Rosario,Municipio,Rosario,820210,Servicio de Catastro e Información Territorial,IGN
2018,7898,2018-10-04,Jueves,0.0,21:10:00,,0.0,2,"Moto/Ciclomotor,Peatón",French 2005,2,1,0,0,1,0,0,"-32.921166666667,-60.691694444444",Calle,,ROSARIO,Rosario,Asfalto,S/D,II,Dentro,Urbana,Ninguna,S/D,Intersección,Bueno,S/D,S/D,Buen Tiempo,S/D,Peatón,Atropello,S/D,S/D,S/D,Sin restricción,"-32.921166666667,-60.691694444444",['French 2005'],1,,-32.921166666667,-60.691694444444,55.0,538.0,Municipio Rosario,Municipio,Rosario,820210,Servicio de Catastro e Información Territorial,IGN
2018,7921,2018-07-25,Miercoles,0.0,,,0.0,2,"Automóvil,Moto/Ciclomotor",Bv. 27 De Febrero Y Liniers,2,1,0,0,1,0,0,"-32.958722222222,-60.697833333333",Avenida,,ROSARIO,Rosario,"Asfalto,Tierra",No existe,II,Dentro,Urbana,S/D,No existe,Intersección,Bueno,Buena,S/D,Buen Tiempo,Lateral,S/D,Colisión,Ninguna,Faltante,S/D,Sin restricción,"-32.958722222222,-60.697833333333","['27 de Febrero', 'Liniers']",2,,-32.958722222222,-60.697833333333,55.0,538.0,Municipio Rosario,Municipio,Rosario,820210,Servicio de Catastro e Información Territorial,IGN
2018,7927,2018-07-24,Martes,0.0,,,0.0,1,Automóvil,Bv. Avellaneda Y Bv. Segui,2,2,0,0,0,0,0,"-32.971716, -60.687357",Avenida,,ROSARIO,Rosario,Asfalto,No existe,II,Dentro,Urbana,Semáforo,Funciona,Intersección,Bueno,Buena,Nocturna,Buen Tiempo,Contra objeto fijo,S/D,Colisión,Ninguna,"Horizontal,Vertical",Ninguna,Sin restricción,"-32.971716, -60.687357","['Avellaneda', 'Bulevar Juan Francisco Seguí']",2,,-32.971716,-60.687357,55.0,538.0,Municipio Rosario,Municipio,Rosario,820210,Servicio de Catastro e Información Territorial,IGN
2018,7946,2018-10-27,Sabado,0.0,10:00:00,,0.0,2,"Bicicleta,Automóvil",Paraguay Y San Luis,2,1,0,0,1,0,0,"-32.948027777778,-60.644388888889",Calle,,ROSARIO,Rosario,S/D,S/D,II,S/D,Urbana,S/D,S/D,Recta,S/D,S/D,Diurna,S/D,S/D,Ciclista,Atropello,S/D,S/D,S/D,S/D,"-32.948027777778,-60.644388888889","['Paraguay', 'San Luis']",2,,-32.948027777778,-60.644388888889,55.0,538.0,Municipio Rosario,Municipio,Rosario,820210,Servicio de Catastro e Información Territorial,IGN
2018,7947,2018-10-04,Jueves,0.0,12:00:00,,0.0,2,"Peatón,Taxi/Remis",San Lorenzo Y Pueyrredon,2,1,0,0,1,0,0,"-32.940694444444,-60.656833333333",Calle,,ROSARIO,Rosario,Asfalto,No existe,II,Dentro,Urbana,S/D,S/D,Intersección,Bueno,Buena,Diurna,Buen Tiempo,S/D,Peatón,Atropello,Ninguna,S/D,Ninguna,Sin restricción,"-32.940694444444,-60.656833333333","['San Lorenzo', 'Pueyrredón']",2,,-32.940694444444,-60.656833333333,55.0,538.0,Municipio Rosario,Municipio,Rosario,820210,Servicio de Catastro e Información Territorial,IGN
2018,7949,2018-10-04,Jueves,0.0,16:20:00,,0.0,2,"Moto/Ciclomotor,Pickup/Utilitario",Pte.Roca Y Cordoba,2,0,1,0,1,0,0,"-32.945166666667,-60.645138888889",Calle,,ROSARIO,Rosario,S/D,S/D,II,S/D,Urbana,Semáforo,S/D,Intersección,S/D,S/D,Diurna,S/D,S/D,S/D,Colisión,S/D,S/D,S/D,S/D,"-32.945166666667,-60.645138888889","['Roca', 'Córdoba']",2,,-32.945166666667,-60.645138888889,55.0,538.0,Municipio Rosario,Municipio,Rosario,820210,Servicio de Catastro e Información Territorial,IGN
2018,7958,2018-10-04,Jueves,0.0,14:00:00,,0.0,2,"Moto/Ciclomotor,Automóvil",Sanchez de Bustamante Y Av. Bermudez,3,1,0,0,2,0,0,"-33.00175,-60.642611111111",Calle,,ROSARIO,Rosario,Asfalto,No existe,II,Dentro,Urbana,Ninguna,No existe,Intersección,Bueno,Buena,Diurna,Buen Tiempo,Lateral,S/D,Colisión,Ninguna,Faltante,Ninguna,Sin restricción,"-33.00175,-60.642611111111","['Sánchez de Bustamante', 'Bermudez']",2,,-33.00175,-60.642611111111,55.0,538.0,Municipio Rosario,Municipio,Rosario,820210,Servicio de Catastro e Información Territorial,IGN
2018,7959,2018-10-04,Jueves,0.0,16:30:00,,0.0,2,"Moto/Ciclomotor,Automóvil",Centeno Y L.N.Alem,3,2,0,0,1,0,0,"-32.986583333333,-60.637972222222",Calle,,ROSARIO,Rosario,Asfalto,No existe,II,S/D,Urbana,Ninguna,No existe,Intersección,Deteriorada,Buena,Diurna,Buen Tiempo,Lateral,S/D,Colisión,Ninguna,Faltante,S/D,Sin restricción,"-32.986583333333,-60.637972222222","['Centeno', 'Alem']",2,,-32.986583333333,-60.637972222222,55.0,538.0,Municipio Rosario,Municipio,Rosario,820210,Servicio de Catastro e Información Territorial,IGN
2018,7963,2018-10-04,Jueves,0.0,15:00:00,,0.0,2,"Automóvil,Moto/Ciclomotor",Rodriguez A Y Olegario V.Andrade,3,2,0,0,1,0,0,"-32.996555555556,-60.670638888889",Calle,,ROSARIO,Rosario,Asfalto,No existe,II,Dentro,Urbana,S/D,S/D,Intersección,S/D,Buena,Diurna,S/D,S/D,S/D,Colisión,S/D,S/D,Ninguna,S/D,"-32.996555555556,-60.670638888889","['Rodríguez', 'Olegario V Andrade']",2,,-32.996555555556,-60.670638888889,55.0,538.0,Municipio Rosario,Municipio,Rosario,820210,Servicio de Catastro e Información Territorial,IGN
2018,7968,2018-10-04,Jueves,0.0,17:00:00,,0.0,2,"Peatón,Moto/Ciclomotor",J.B.Justo 6813,2,1,0,0,1,0,0,"-32.914972222222,-60.714666666667",Calle,,ROSARIO,Rosario,Asfalto,No existe,II,Dentro,Urbana,Ninguna,No existe,Recta,Bueno,Buena,Diurna,Buen Tiempo,Frontal,Peatón,Atropello,Ninguna,Faltante,Ninguna,Sin restricción,"-32.914972222222,-60.714666666667",['J B Justo 6813'],1,,-32.914972222222,-60.714666666667,55.0,538.0,Municipio Rosario,Municipio,Rosario,820210,Servicio de Catastro e Información Territorial,IGN
2018,7969,2018-10-04,Jueves,0.0,16:05:00,,0.0,2,"Moto/Ciclomotor,Pickup/Utilitario",J.B.Justo Y Donado Bis,4,2,0,0,2,0,0,"-32.915305555556,-60.728111111111",Calle,,ROSARIO,Rosario,Asfalto,S/D,II,S/D,Urbana,S/D,S/D,Intersección,S/D,S/D,Diurna,S/D,S/D,S/D,Colisión,S/D,S/D,S/D,S/D,"-32.915305555556,-60.728111111111","['Justo', 'Donado']",2,,-32.915305555556,-60.728111111111,55.0,538.0,Municipio Rosario,Municipio,Rosario,820210,Servicio de Catastro e Información Territorial,IGN
2018,7975,2018-07-22,Domingo,0.0,16:30:00,,0.0,2,"Moto/Ciclomotor,Otros",Mendoza Y Av. De La Libertad,2,1,0,0,0,0,1,"-32.954024, -60.624923",Avenida,,ROSARIO,Rosario,Asfalto,No existe,II,Dentro,Urbana,Ninguna,No existe,Intersección,Bueno,Buena,Diurna,Buen Tiempo,S/D,S/D,Colisión,Ninguna,Faltante,Ninguna,Sin restricción,"-32.954024, -60.624923","['Mendoza', 'De La Libertad']",2,,-32.954024,-60.624923,55.0,538.0,Municipio Rosario,Municipio,Rosario,820210,Servicio de Catastro e Información Territorial,IGN
2018,7976,2018-07-01,Domingo,0.0,01:00:00,,0.0,2,"Moto/Ciclomotor,Automóvil",Bv. Segui Y Roullon,2,0,1,0,1,0,0,"-32.970648878841, -60.701111553837",Avenida,,ROSARIO,Rosario,Asfalto,No existe,II,Dentro,Urbana,Semáforo,Funciona,Intersección,S/D,S/D,Nocturna,S/D,S/D,S/D,Colisión,S/D,Vertical,Cordón divisorio,Sin restricción,"-32.970648878841, -60.701111553837","['Bulevar Juan Francisco Seguí', 'Alfredo Rouillón']",2,,-32.970648878841,-60.701111553837,55.0,538.0,Municipio Rosario,Municipio,Rosario,820210,Servicio de Catastro e Información Territorial,IGN
2018,7977,2018-07-22,Domingo,0.0,01:00:00,,0.0,2,"Moto/Ciclomotor,Otros",Montevideo Y Roullon,2,1,0,0,0,0,1,"-32.947187, -60.701976",Calle,,ROSARIO,Rosario,Hormigón,No existe,II,Dentro,Urbana,Ninguna,No existe,Intersección,Bueno,Buena,Nocturna,Buen Tiempo,S/D,S/D,Colisión,Ninguna,Faltante,Ninguna,Sin restricción,"-32.947187, -60.701976","['Montevideo', 'Alfredo Rouillón']",2,,-32.947187,-60.701976,55.0,538.0,Municipio Rosario,Municipio,Rosario,820210,Servicio de Catastro e Información Territorial,IGN