anio_acci,nro_acci,fecha,desc_dia,fecha_aprox,hora_aprox,desc_ruta,km,cant_participantes,desc_participante,calle_avenida_km,total,heridos_leves,heridos_graves,heridos_gravisimos,ilesos,fallecidos,sin_datos,posicion_XY,desc_tipo_via,desc_ruta_ori,desc_loc,desc_dpto,desc_tipo_calzada,desc_tipo_banquina,desc_unidad_regional,desc_lugar_calzada,desc_zona,desc_prioridad,desc_estado_semaforo,desc_lugar_via,desc_estado_via,desc_estado_visibilidad,desc_luminosidad,desc_estado_clima,desc_tipo_colision,desc_tipo_atropello,desc_tipo_hecho,desc_pres_calzada,desc_senializacion,desc_separacion_via,desc_restriccion,forma_geocod,calle_lista,numero_calles,calles_osm,lat,lon,index_right,gid,fna,gna,nam,in1,fdc,sag
2018,7979,2018-07-22,Domingo,0.0,19:30:00,,0.0,2,"Otros,Moto/Ciclomotor",Av. Pellegrini Y Gutenberg,2,1,0,0,0,0,1,"-32.948446, -60.690015",Avenida,,ROSARIO,Rosario,Asfalto,No existe,II,Dentro,Urbana,Semáforo,Funciona,Intersección,Bueno,Buena,Diurna,Buen Tiempo,S/D,S/D,Colisión,Ninguna,"Horizontal,Vertical","Cordón divisorio,Vegetación",Sin restricción,"-32.948446, -60.690015","['Pellegrini', 'Gutenberg']",2,,-32.948446,-60.690015,55.0,538.0,Municipio Rosario,Municipio,Rosario,820210,Servicio de Catastro e Información Territorial,IGN
2018,7981,2018-07-18,Miercoles,0.0,10:00:00,,0.0,2,"Otros,Moto/Ciclomotor",Av. Francia Y Cordoba,2,1,0,0,0,0,1,"-32.941533, -60.665477",Avenida,,ROSARIO,Rosario,Asfalto,No existe,II,Dentro,Urbana,Semáforo,Funciona,Intersección,Bueno,Buena,Diurna,Buen Tiempo,S/D,S/D,Colisión,Ninguna,"Horizontal,Vertical","Cordón divisorio,Vegetación,Línea divisoria pintada",Sin restricción,"-32.941533, -60.665477","['Avenida Francia', 'Córdoba']",2,,-32.941533,-60.665477,55.0,538.0,Municipio Rosario,Municipio,Rosario,820210,Servicio de Catastro e Información Territorial,IGN
2018,7982,2018-07-14,Sabado,0.0,21:30:00,,0.0,2,"Taxi/Remis,Otros",Av. Uriburu 3300,3,1,0,0,0,0,2,"-32.991686, -60.681328",Avenida,,ROSARIO,Rosario,Asfalto,No existe,II,Dentro,Urbana,Ninguna,No existe,Recta,Bueno,Buena,Nocturna,Buen Tiempo,S/D,S/D,Colisión,Ninguna,Faltante,"Cordón divisorio,Vegetación",Sin restricción,"-32.991686, -60.681328",['Uriburu 3300'],1,,-32.991686,-60.681328,55.0,538.0,Municipio Rosario,Municipio,Rosario,820210,Servicio de Catastro e Información Territorial,IGN
2018,7992,2018-08-03,Viernes,0.0,20:00:00,,0.0,2,"Bicicleta,Otros",Maipu Y Cerrito,2,0,1,0,0,0,1,"-32.962333333333,-60.639305555556",Calle,,ROSARIO,Rosario,S/D,S/D,II,S/D,Urbana,S/D,S/D,Intersección,S/D,S/D,S/D,S/D,S/D,Ciclista,Atropello,S/D,S/D,S/D,S/D,"-32.962333333333,-60.639305555556","['Maipú', 'Cerrito']",2,,-32.962333333333,-60.639305555556,55.0,538.0,Municipio Rosario,Municipio,Rosario,820210,Servicio de Catastro e Información Territorial,IGN
2018,7994,2018-08-07,Martes,0.0,13:00:00,,0.0,2,"Peatón,Otros", ,2,0,1,0,0,0,1,"-32.95846, -60.69045",S/D,,ROSARIO,Rosario,S/D,S/D,II,S/D,S/D,S/D,S/D,S/D,S/D,S/D,S/D,S/D,S/D,Peatón,Atropello,S/D,S/D,S/D,S/D,"-32.95846, -60.69045",[''],0,,-32.95846,-60.69045,55.0,538.0,Municipio Rosario,Municipio,Rosario,820210,Servicio de Catastro e Información Territorial,IGN
2018,7996,2018-01-29,Lunes,0.0,15:25:00,,0.0,2,"Bicicleta,Otros", ,2,1,0,0,1,0,0,"-32.95887, -60.69314",S/D,,ROSARIO,Rosario,S/D,S/D,II,S/D,S/D,Ninguna,S/D,S/D,S/D,S/D,Diurna,S/D,S/D,Ciclista,Atropello,S/D,S/D,S/D,Sin restricción,"-32.95887, -60.69314",[''],0,,-32.95887,-60.69314,55.0,538.0,Municipio Rosario,Municipio,Rosario,820210,Servicio de Catastro e Información Territorial,IGN
2018,7999,2018-02-22,Jueves,0.0,01:30:00,,0.0,1,Moto/Ciclomotor,Necochea Y Dean Funes,1,0,1,0,0,0,0,"-32.978111111111,-60.631527777778",Calle,,ROSARIO,Rosario,Asfalto,S/D,II,Dentro,Urbana,Ninguna,S/D,Intersección,S/D,S/D,Nocturna,S/D,Contra objeto fijo,S/D,Colisión,S/D,S/D,S/D,Sin restricción,"-32.978111111111,-60.631527777778","['Necochea', 'Deán Gregorio Funes']",2,,-32.978111111111,-60.631527777778,55.0,538.0,Municipio Rosario,Municipio,Rosario,820210,Servicio de Catastro e Información Territorial,IGN
2018,8001,2018-10-27,Sabado,0.0,17:00:00,,0.0,2,"Moto/Ciclomotor,Automóvil",AV. JORGE NEWBERY Y LOS ALERCES,2,1,0,0,1,0,0,"-32.90794,-60.72994",Avenida,,ROSARIO,Rosario,Asfalto,Ripio,II,S/D,Urbana,S/D,No existe,Intersección,S/D,Buena,Diurna,S/D,S/D,S/D,Colisión,S/D,S/D,S/D,S/D,"-32.90794,-60.72994","['Jorge Newbery', 'Los Alerces']",2,,-32.90794,-60.72994,55.0,538.0,Municipio Rosario,Municipio,Rosario,820210,Servicio de Catastro e Información Territorial,IGN
2018,8002,2018-02-28,Miercoles,0.0,05:00:00,,0.0,1,Moto/Ciclomotor,Gorriti Y Peru,1,1,0,0,0,0,0,"-32.924305555556,-60.712083333333",Calle,,ROSARIO,Rosario,Asfalto,No existe,II,Dentro,Urbana,Ninguna,S/D,Intersección,S/D,S/D,Amanecer,S/D,Contra objeto fijo,S/D,Colisión,S/D,S/D,S/D,Sin restricción,"-32.924305555556,-60.712083333333","['Gorriti', 'Peru']",2,,-32.924305555556,-60.712083333333,55.0,538.0,Municipio Rosario,Municipio,Rosario,820210,Servicio de Catastro e Información Territorial,IGN
2018,8003,2018-02-28,Miercoles,0.0,02:30:00,,0.0,1,Moto/Ciclomotor,Amenabar ,1,1,0,0,0,0,0,"-32.96724, -60.67183",Calle,,ROSARIO,Rosario,Asfalto,S/D,II,Dentro,Urbana,Ninguna,S/D,Intersección,S/D,S/D,Nocturna,S/D,Contra objeto fijo,S/D,Colisión,S/D,S/D,S/D,Sin restricción,"-32.96724, -60.67183",['Amenabar'],1,,-32.96724,-60.67183,55.0,538.0,Municipio Rosario,Municipio,Rosario,820210,Servicio de Catastro e Información Territorial,IGN
2018,8005,2018-10-27,Sabado,0.0,06:20:00,,0.0,2,"Automóvil,Automóvil",Bv. Segui Y Av. Ovidio Lagos,3,1,0,0,2,0,0,"-32.974972222222,-60.669222222222",Avenida,,ROSARIO,Rosario,Asfalto,No existe,II,Dentro,Urbana,S/D,Funciona,Intersección,S/D,Buena,Amanecer,S/D,S/D,S/D,Colisión,S/D,Horizontal,Cordón divisorio,S/D,"-32.974972222222,-60.669222222222","['Bulevar Juan Francisco Seguí', 'Avenida Ovidio Lagos']",2,,-32.974972222222,-60.669222222222,55.0,538.0,Municipio Rosario,Municipio,Rosario,820210,Servicio de Catastro e Información Territorial,IGN
2018,8007,2018-10-27,Sabado,0.0,18:40:00,,0.0,2,"Automóvil,Peatón",Balcarce Y Urquiza,2,1,0,0,1,0,0,"-32.940472222222,-60.651055555556",Calle,,ROSARIO,Rosario,S/D,S/D,II,S/D,Urbana,S/D,S/D,Intersección,S/D,S/D,Atardecer,S/D,S/D,Peatón,Atropello,S/D,S/D,S/D,S/D,"-32.940472222222,-60.651055555556","['Balcarce', 'Urquiza']",2,,-32.940472222222,-60.651055555556,55.0,538.0,Municipio Rosario,Municipio,Rosario,820210,Servicio de Catastro e Información Territorial,IGN
2018,8010,2018-08-21,Martes,0.0,18:30:00,,0.0,1,Moto/Ciclomotor,Amenabar Y Crespo,1,1,0,0,0,0,0,"-32.966805555556,-60.67475",Calle,,ROSARIO,Rosario,Asfalto,No existe,II,Dentro,Urbana,Ninguna,S/D,Intersección,S/D,S/D,Atardecer,S/D,Contra objeto fijo,S/D,Colisión,Ninguna,S/D,S/D,S/D,"-32.966805555556,-60.67475","['Amenabar', 'Crespo']",2,,-32.966805555556,-60.67475,55.0,538.0,Municipio Rosario,Municipio,Rosario,820210,Servicio de Catastro e Información Territorial,IGN
2018,8011,2018-08-24,Viernes,0.0,14:00:00,,0.0,1,Moto/Ciclomotor,Roullon Y Av. Pte.Peron,1,1,0,0,0,0,0,"-32.962972222222,-60.701361111111",Avenida,,ROSARIO,Rosario,Asfalto,S/D,II,Dentro,Urbana,Ninguna,S/D,Intersección,S/D,S/D,Diurna,S/D,S/D,S/D,Caída ocupante,S/D,S/D,Ninguna,S/D,"-32.962972222222,-60.701361111111","['Alfredo Rouillón', 'Avenida Presidente Perón']",2,,-32.962972222222,-60.701361111111,55.0,538.0,Municipio Rosario,Municipio,Rosario,820210,Servicio de Catastro e Información Territorial,IGN
2018,8014,2018-10-20,Sabado,0.0,19:40:00,,0.0,2,"Taxi/Remis,Automóvil",Av. Sorrento Y Darragueira,2,1,0,0,0,0,1,"-32.907166666667,-60.69125",Calle,,ROSARIO,Rosario,Asfalto,S/D,II,Dentro,Urbana,Semáforo,Funciona,Intersección,Bueno,S/D,S/D,S/D,S/D,S/D,Colisión,S/D,S/D,S/D,S/D,"-32.907166666667,-60.69125","['Sorrento', 'José Darragueira']",2,,-32.907166666667,-60.69125,55.0,538.0,Municipio Rosario,Municipio,Rosario,820210,Servicio de Catastro e Información Territorial,IGN
2018,8015,2018-08-26,Domingo,0.0,00:00:00,,0.0,1,Moto/Ciclomotor,Junin Y Solis,1,1,0,0,0,0,0,"-32.927333333333,-60.703916666667",Calle,,ROSARIO,Rosario,Asfalto,No existe,II,Dentro,Urbana,Ninguna,S/D,Intersección,S/D,S/D,Nocturna,S/D,Contra objeto fijo,S/D,Colisión,S/D,S/D,S/D,Sin restricción,"-32.927333333333,-60.703916666667","['Junín', 'Solis']",2,,-32.927333333333,-60.703916666667,55.0,538.0,Municipio Rosario,Municipio,Rosario,820210,Servicio de Catastro e Información Territorial,IGN
2018,8017,2018-10-27,Sabado,0.0,03:30:00,,0.0,2,"Pickup/Utilitario,Automóvil",Urquiza Y Pte.Roca,2,1,0,0,1,0,0,"-32.941722222222,-60.64425",Calle,,ROSARIO,Rosario,S/D,S/D,II,S/D,Urbana,S/D,S/D,Intersección,S/D,S/D,Nocturna,S/D,S/D,S/D,Colisión,S/D,S/D,S/D,S/D,"-32.941722222222,-60.64425","['Urquiza', 'Roca']",2,,-32.941722222222,-60.64425,55.0,538.0,Municipio Rosario,Municipio,Rosario,820210,Servicio de Catastro e Información Territorial,IGN
2018,8018,2018-10-28,Domingo,0.0,00:10:00,,0.0,1,Moto/Ciclomotor,PASAJE 1847 ,1,1,0,0,0,0,0,"-32.97416, -60.70705",Calle,,ROSARIO,Rosario,Asfalto,No existe,II,S/D,Urbana,Ninguna,No existe,Recta,Bueno,Buena,"Nocturna,Con luz artificial",Buen Tiempo,Contra objeto fijo,S/D,Colisión,Ninguna,Faltante,Ninguna,Sin restricción,"-32.97416, -60.70705",['Pasaje 1847'],1,,-32.97416,-60.70705,55.0,538.0,Municipio Rosario,Municipio,Rosario,820210,Servicio de Catastro e Información Territorial,IGN
2018,8020,2018-10-28,Domingo,0.0,22:15:00,,0.0,2,"Automóvil,Moto/Ciclomotor",Av. Eva Peron Y Donado,2,1,0,0,1,0,0,"-32.930527777778,-60.727361111111",Avenida,,ROSARIO,Rosario,Asfalto,No existe,II,Dentro,Urbana,Ninguna,Funciona,Recta,Bueno,Buena,Nocturna,Buen Tiempo,Lateral,S/D,Colisión,Ninguna,S/D,Barrera de hormigón,Sin restricción,"-32.930527777778,-60.727361111111","['Avenida Eva Perón', 'Donado']",2,,-32.930527777778,-60.727361111111,55.0,538.0,Municipio Rosario,Municipio,Rosario,820210,Servicio de Catastro e Información Territorial,IGN
2018,8027,2018-10-28,Domingo,0.0,17:30:00,,0.0,2,"Bicicleta,Automóvil",Ing.Laporte Y H. Brandoni,2,1,0,0,1,0,0,"-32.881119598109, -60.693342156449",Calle,,ROSARIO,Rosario,Asfalto,No existe,II,Dentro,Urbana,Ninguna,No existe,Intersección,Bueno,Buena,Diurna,Buen Tiempo,Frontal,Ciclista,Atropello,Ninguna,Faltante,Ninguna,Sin restricción,"-32.881119598109, -60.693342156449","['Ingeniero Laporte', 'Brandoni']",2,,-32.881119598109,-60.693342156449,55.0,538.0,Municipio Rosario,Municipio,Rosario,820210,Servicio de Catastro e Información Territorial,IGN
2018,8029,2018-10-28,Domingo,0.0,19:00:00,,0.0,2,"Bicicleta,Automóvil",Santa Fe Y Constitucion,2,1,0,0,1,0,0,"-32.938694444444,-60.673361111111",Calle,,ROSARIO,Rosario,S/D,S/D,II,S/D,Urbana,S/D,S/D,Recta,S/D,S/D,Atardecer,S/D,Lateral,Ciclista,Atropello,S/D,S/D,S/D,S/D,"-32.938694444444,-60.673361111111","['Santa Fe', 'Constitución']",2,,-32.938694444444,-60.673361111111,55.0,538.0,Municipio Rosario,Municipio,Rosario,820210,Servicio de Catastro e Información Territorial,IGN
2018,8031,2018-10-28,Domingo,0.0,12:30:00,,0.0,2,"Moto/Ciclomotor,Automóvil",J.J.Paso Y Pje. Cafayate Bis,4,1,0,0,3,0,0,"-32.920138888889,-60.710555555556",Avenida,,ROSARIO,Rosario,Asfalto,No existe,II,Dentro,Urbana,Ninguna,No existe,Intersección,Bueno,Buena,Diurna,Buen Tiempo,Otro,S/D,Colisión,Ninguna,Faltante,Ninguna,Sin restricción,"-32.920138888889,-60.710555555556","['Paso', 'Cafayate']",2,,-32.920138888889,-60.710555555556,55.0,538.0,Municipio Rosario,Municipio,Rosario,820210,Servicio de Catastro e Información Territorial,IGN
2018,8035,2018-10-09,Martes,0.0,19:45:00,,0.0,2,"Moto/Ciclomotor,Automóvil",Av. Provincias Unidas Y Av. Sorrento,2,1,0,0,1,0,0,"-32.907833333333,-60.714027777778",Calle,,ROSARIO,Rosario,Asfalto,No existe,II,Dentro,Urbana,Ninguna,No existe,Rotonda,Bueno,Buena,Atardecer,Buen Tiempo,Otro,S/D,Colisión,Ninguna,Faltante,Ninguna,Sin restricción,"-32.907833333333,-60.714027777778","['Avenida Provincias Unidas', 'Sorrento']",2,,-32.907833333333,-60.714027777778,55.0,538.0,Municipio Rosario,Municipio,Rosario,820210,Servicio de Catastro e Información Territorial,IGN
2018,8036,2018-10-09,Martes,0.0,15:10:00,,0.0,2,"Peatón,Automóvil",Bv. Segui Y Pje. Zola,2,1,0,0,1,0,0,"-32.970638888889,-60.695444444444",Calle,,ROSARIO,Rosario,Asfalto,No existe,II,Dentro,Urbana,Ninguna,No existe,Intersección,Bueno,Buena,Diurna,Buen Tiempo,S/D,Peatón,Atropello,Ninguna,Faltante,Cordón divisorio,Sin restricción,"-32.970638888889,-60.695444444444","['Bulevar Juan Francisco Seguí', 'Zola']",2,,-32.970638888889,-60.695444444444,55.0,538.0,Municipio Rosario,Municipio,Rosario,820210,Servicio de Catastro e Información Territorial,IGN
2018,8038,2018-10-29,Lunes,0.0,07:40:00,,0.0,2,"Bicicleta,Automóvil",Tarragona Bis Y Bv. Argentino,2,1,0,0,1,0,0,"-32.924361111111,-60.734666666667",Calle,,ROSARIO,Rosario,Asfalto,No existe,II,Dentro,Urbana,Ninguna,S/D,Intersección,Bueno,Buena,Diurna,Buen Tiempo,Lateral,Ciclista,Atropello,Ninguna,S/D,Ninguna,Sin restricción,"-32.924361111111,-60.734666666667","['Tarragona', 'Argentino']",2,,-32.924361111111,-60.734666666667,55.0,538.0,Municipio Rosario,Municipio,Rosario,820210,Servicio de Catastro e Información Territorial,IGN
2018,8039,2018-10-20,Sabado,0.0,21:00:00,,0.0,2,"Moto/Ciclomotor,Pickup/Utilitario",Brasil Y San Lorenzo,2,1,0,0,1,0,0,"-32.934722222222,-60.719861111111",S/D,,ROSARIO,Rosario,Asfalto,Pavimento,II,S/D,S/D,S/D,S/D,Recta,Bueno,S/D,"Nocturna,Con luz artificial",S/D,S/D,S/D,Colisión,S/D,S/D,Ninguna,S/D,"-32.934722222222,-60.719861111111","['Brasil', 'San Lorenzo']",2,,-32.934722222222,-60.719861111111,55.0,538.0,Municipio Rosario,Municipio,Rosario,820210,Servicio de Catastro e Información Territorial,IGN
2018,8041,2018-10-29,Lunes,0.0,17:10:00,,0.0,2,"Bicicleta,Automóvil",Martinez Estrada Y Tarragona,2,1,0,0,1,0,0,"-32.911277777778,-60.735305555556",Calle,,ROSARIO,Rosario,Asfalto,S/D,II,S/D,Urbana,Ninguna,No existe,Intersección,Con baches,Buena,Diurna,Lluvia,S/D,Ciclista,Atropello,Agua,S/D,Ninguna,S/D,"-32.911277777778,-60.735305555556","['Martinez Estrada', 'Tarragona']",2,,-32.911277777778,-60.735305555556,55.0,538.0,Municipio Rosario,Municipio,Rosario,820210,Servicio de Catastro e Información Territorial,IGN
2018,8042,2018-10-20,Sabado,0.0,20:10:00,,0.0,2,"Automóvil,Moto/Ciclomotor",Bv. 27 De Febrero Y Servando Bayo,2,1,0,0,1,0,0,"-32.95925,-60.689916666667",Calle,,ROSARIO,Rosario,Asfalto,No existe,II,Dentro,Urbana,Ninguna,No existe,Intersección,Bueno,Buena,Con luz artificial,Buen Tiempo,Otro,S/D,Colisión,Ninguna,Faltante,Ninguna,Sin restricción,"-32.95925,-60.689916666667","['27 de Febrero', 'Servando Bayo']",2,,-32.95925,-60.689916666667,55.0,538.0,Municipio Rosario,Municipio,Rosario,820210,Servicio de Catastro e Información Territorial,IGN
2018,8043,2018-10-09,Martes,0.0,14:30:00,,0.0,2,"Moto/Ciclomotor,Automóvil",Av. Francia Y Biedma,3,2,0,0,1,0,0,"-32.976416666667,-60.674472222222",Calle,,ROSARIO,Rosario,Asfalto,No existe,II,Dentro,Urbana,S/D,S/D,Intersección,S/D,Buena,Diurna,Buen Tiempo,S/D,S/D,Colisión,S/D,S/D,Cordón divisorio,S/D,"-32.976416666667,-60.674472222222","['Avenida Francia', 'Coronel Biedma']",2,,-32.976416666667,-60.674472222222,55.0,538.0,Municipio Rosario,Municipio,Rosario,820210,Servicio de Catastro e Información Territorial,IGN
2018,8044,2018-10-20,Sabado,0.0,00:25:00,,0.0,2,"Moto/Ciclomotor,Automóvil",Pte.Quintana Y Alvear,4,1,1,0,2,0,0,"-32.979555555556,-60.663722222222",Calle,,ROSARIO,Rosario,Asfalto,No existe,II,Dentro,Urbana,Ninguna,No existe,Intersección,Bueno,Buena,Nocturna,Buen Tiempo,Lateral,S/D,Colisión,Ninguna,Faltante,Ninguna,Sin restricción,"-32.979555555556,-60.663722222222","['Quintana', 'Alvear']",2,,-32.979555555556,-60.663722222222,55.0,538.0,Municipio Rosario,Municipio,Rosario,820210,Servicio de Catastro e Información Territorial,IGN
2018,8045,2018-10-20,Sabado,0.0,22:15:00,,0.0,2,"Moto/Ciclomotor,Automóvil",Av. Pellegrini Y Rodriguez,2,1,0,0,1,0,0,"-32.9535,-60.661444444444",Avenida,,ROSARIO,Rosario,S/D,S/D,II,S/D,Urbana,S/D,S/D,S/D,S/D,S/D,S/D,S/D,S/D,S/D,S/D,S/D,S/D,S/D,S/D,"-32.9535,-60.661444444444","['Pellegrini', 'Rodríguez']",2,,-32.9535,-60.661444444444,55.0,538.0,Municipio Rosario,Municipio,Rosario,820210,Servicio de Catastro e Información Territorial,IGN
2018,8051,2018-10-09,Martes,0.0,20:00:00,,0.0,2,"Automóvil,Moto/Ciclomotor",Bv. Segui Y Rodriguez,2,2,0,0,0,0,0,"-32.975361111111,-60.666972222222",Avenida,,ROSARIO,Rosario,Asfalto,No existe,II,Dentro,Urbana,Ninguna,No existe,Recta,Bueno,Buena,Nocturna,Buen Tiempo,Lateral,S/D,Colisión,Ninguna,Faltante,Ninguna,Sin restricción,"-32.975361111111,-60.666972222222","['Bulevar Juan Francisco Seguí', 'Rodríguez']",2,,-32.975361111111,-60.666972222222,55.0,538.0,Municipio Rosario,Municipio,Rosario,820210,Servicio de Catastro e Información Territorial,IGN
2018,8053,2018-10-10,Miercoles,0.0,08:00:00,,0.0,2,"Automóvil,Moto/Ciclomotor",Bv. Oro?o Y Cochabamba,3,2,0,0,1,0,0,"-32.955722222222,-60.656444444444",Calle,,ROSARIO,Rosario,Asfalto,No existe,II,S/D,Urbana,Ninguna,S/D,Intersección,S/D,S/D,Diurna,S/D,Lateral,S/D,Colisión,S/D,S/D,S/D,Sin restricción,"-32.955722222222,-60.656444444444","['Bulevar Nicasio Oroño', 'Cochabamba']",2,,-32.955722222222,-60.656444444444,55.0,538.0,Municipio Rosario,Municipio,Rosario,820210,Servicio de Catastro e Información Territorial,IGN
2018,8056,2018-10-21,Domingo,0.0,22:20:00,,0.0,2,"Automóvil,Automóvil",Maipu Y San Juan,2,2,0,0,0,0,0,"-32.950694444444,-60.636222222222",S/D,,ROSARIO,Rosario,S/D,S/D,II,S/D,Urbana,S/D,No funciona,Intersección,S/D,S/D,Nocturna,S/D,S/D,S/D,Colisión,S/D,S/D,S/D,S/D,"-32.950694444444,-60.636222222222","['Maipú', 'San Juan']",2,,-32.950694444444,-60.636222222222,55.0,538.0,Municipio Rosario,Municipio,Rosario,820210,Servicio de Catastro e Información Territorial,IGN
2018,8058,2018-10-10,Miercoles,0.0,16:20:00,,0.0,2,"Peatón,Vehículo Oficial",Entre Rios 1300,2,1,0,0,0,1,0,"-32.95225,-60.642555555556",Calle,,ROSARIO,Rosario,Asfalto,No existe,II,S/D,Urbana,Ninguna,No existe,Recta,S/D,S/D,Diurna,S/D,S/D,Peatón,Atropello,Ninguna,S/D,Ninguna,Sin restricción,"-32.95225,-60.642555555556",['Entre Rios 1300'],1,,-32.95225,-60.642555555556,55.0,538.0,Municipio Rosario,Municipio,Rosario,820210,Servicio de Catastro e Información Territorial,IGN
2018,8060,2018-10-05,Viernes,0.0,16:50:00,,0.0,2,"Moto/Ciclomotor,Moto/Ciclomotor",Av. Ovidio Lagos Y Santa Fe,2,1,1,0,0,0,0,"-32.940888888889,-60.661111111111",Avenida,,ROSARIO,Rosario,Asfalto,No existe,II,Dentro,Urbana,S/D,S/D,Intersección,Bueno,Buena,Diurna,Buen Tiempo,Lateral,S/D,Colisión,S/D,S/D,Ninguna,Sin restricción,"-32.940888888889,-60.661111111111","['Avenida Ovidio Lagos', 'Santa Fe']",2,,-32.940888888889,-60.661111111111,55.0,538.0,Municipio Rosario,Municipio,Rosario,820210,Servicio de Catastro e Información Territorial,IGN
2018,8061,2018-10-09,Martes,0.0,09:45:00,,0.0,2,"Automóvil,Automóvil",Italia Y Ituzaingo,3,1,0,0,2,0,0,"-32.958972222222,-60.651472222222",Calle,,ROSARIO,Rosario,Asfalto,No existe,II,S/D,Urbana,S/D,S/D,Intersección,S/D,S/D,Diurna,S/D,S/D,S/D,Colisión,S/D,S/D,S/D,Sin restricción,"-32.958972222222,-60.651472222222","['Italia', 'Ituzaingó']",2,,-32.958972222222,-60.651472222222,55.0,538.0,Municipio Rosario,Municipio,Rosario,820210,Servicio de Catastro e Información Territorial,IGN
2018,8063,2018-10-05,Viernes,0.0,18:30:00,,0.0,2,"Moto/Ciclomotor,Automóvil",San Nicolas Y Tucuman,2,1,0,0,1,0,0,"-32.935638888889,-60.671166666667",Calle,,ROSARIO,Rosario,Asfalto,No existe,II,Dentro,Urbana,Señal Pare,No existe,Intersección,Bueno,Buena,Diurna,Buen Tiempo,De alcance,S/D,Colisión,Ninguna,S/D,Ninguna,Sin restricción,"-32.935638888889,-60.671166666667","['San Nicolás', 'Tucumán']",2,,-32.935638888889,-60.671166666667,55.0,538.0,Municipio Rosario,Municipio,Rosario,820210,Servicio de Catastro e Información Territorial,IGN
2018,8064,2018-10-09,Martes,0.0,12:30:00,,0.0,2,"Moto/Ciclomotor,Automóvil",Bv. Oro?o 100,2,1,0,0,1,0,0,"-32.935527777778,-60.651361111111",Avenida,,ROSARIO,Rosario,Asfalto,No existe,II,Dentro,Urbana,Ninguna,No existe,Recta,Bueno,Buena,Diurna,Buen Tiempo,Lateral,S/D,Colisión,Ninguna,Faltante,Cordón divisorio,Sin restricción,"-32.935527777778,-60.651361111111",['Nicasio Oroño?o 100'],1,,-32.935527777778,-60.651361111111,55.0,538.0,Municipio Rosario,Municipio,Rosario,820210,Servicio de Catastro e Información Territorial,IGN
2018,8065,2018-10-05,Viernes,0.0,14:50:00,,0.0,2,"Pickup/Utilitario,Transporte de Pasajeros Urbano (> 8 asientos)",Suipacha Y Urquiza,8,6,0,0,2,0,0,"-32.938305555556,-60.663305555556",Calle,,ROSARIO,Rosario,Asfalto,No existe,II,Dentro,Urbana,S/D,S/D,Intersección,Bueno,Buena,Diurna,Buen Tiempo,De alcance,S/D,Colisión,Ninguna,S/D,Ninguna,Sin restricción,"-32.938305555556,-60.663305555556","['Suipacha', 'Urquiza']",2,,-32.938305555556,-60.663305555556,55.0,538.0,Municipio Rosario,Municipio,Rosario,820210,Servicio de Catastro e Información Territorial,IGN
2018,8067,2018-10-11,Jueves,0.0,09:00:00,,0.0,2,"Moto/Ciclomotor,Taxi/Remis",Dorrego Y San Lorenzo,2,1,0,0,1,0,0,"-32.942138888889,-60.648666666667",Calle,,ROSARIO,Rosario,Asfalto,No existe,II,Dentro,Urbana,Señal Pare,No existe,Intersección,Bueno,Buena,Diurna,Lluvia,De alcance,S/D,Colisión,Ninguna,Vertical,Ninguna,Sin restricción,"-32.942138888889,-60.648666666667","['Dorrego', 'San Lorenzo']",2,,-32.942138888889,-60.648666666667,55.0,538.0,Municipio Rosario,Municipio,Rosario,820210,Servicio de Catastro e Información Territorial,IGN
2018,8070,2018-10-05,Viernes,0.0,16:20:00,,0.0,2,"Pickup/Utilitario,Moto/Ciclomotor",San Luis Y Laprida,3,2,0,0,1,0,0,"-32.949777777778,-60.634611111111",Calle,,ROSARIO,Rosario,S/D,S/D,II,S/D,Urbana,S/D,S/D,Intersección,S/D,S/D,Diurna,S/D,S/D,S/D,Colisión,S/D,S/D,Ninguna,S/D,"-32.949777777778,-60.634611111111","['San Luis', 'Laprida']",2,,-32.949777777778,-60.634611111111,55.0,538.0,Municipio Rosario,Municipio,Rosario,820210,Servicio de Catastro e Información Territorial,IGN
2018,8072,2018-10-09,Martes,0.0,16:15:00,,0.0,2,"Moto/Ciclomotor,Vehículo Oficial",Junin Y Iguazu,3,1,0,0,2,0,0,"-32.9268, -60.68584",Calle,,ROSARIO,Rosario,Asfalto,No existe,II,Dentro,Urbana,Semáforo,Funciona,Recta,Bueno,Buena,Diurna,Buen Tiempo,Lateral,S/D,Colisión,Ninguna,Vertical,Ninguna,Sin restricción,"-32.9268, -60.68584","['Junín', 'Iguazu']",2,,-32.9268,-60.68584,55.0,538.0,Municipio Rosario,Municipio,Rosario,820210,Servicio de Catastro e Información Territorial,IGN