anio_acci,nro_acci,fecha,desc_dia,fecha_aprox,hora_aprox,desc_ruta,km,cant_participantes,desc_participante,calle_avenida_km,total,heridos_leves,heridos_graves,heridos_gravisimos,ilesos,fallecidos,sin_datos,posicion_XY,desc_tipo_via,desc_ruta_ori,desc_loc,desc_dpto,desc_tipo_calzada,desc_tipo_banquina,desc_unidad_regional,desc_lugar_calzada,desc_zona,desc_prioridad,desc_estado_semaforo,desc_lugar_via,desc_estado_via,desc_estado_visibilidad,desc_luminosidad,desc_estado_clima,desc_tipo_colision,desc_tipo_atropello,desc_tipo_hecho,desc_pres_calzada,desc_senializacion,desc_separacion_via,desc_restriccion,forma_geocod,calle_lista,numero_calles,calles_osm,lat,lon,index_right,gid,fna,gna,nam,in1,fdc,sag
2018,8073,2018-10-05,Viernes,0.0,22:30:00,,0.0,2,"Pickup/Utilitario,Peatón",Cazadores 2300,2,0,2,0,0,0,0,"-33.004527777778,-60.666194444444",Calle,,ROSARIO,Rosario,Asfalto,No existe,II,Dentro,Urbana,Ninguna,No existe,Recta,S/D,Reducida,"Nocturna,Con luz artificial",S/D,S/D,Peatón,Atropello,S/D,Faltante,S/D,S/D,"-33.004527777778,-60.666194444444",['Cazadores 2300'],1,,-33.004527777778,-60.666194444444,55.0,538.0,Municipio Rosario,Municipio,Rosario,820210,Servicio de Catastro e Información Territorial,IGN
2018,8075,2018-10-05,Viernes,0.0,19:50:00,,0.0,2,"Moto/Ciclomotor,Automóvil",Bv. Segui Y Castellanos,4,1,1,0,2,0,0,"-32.972472222222,-60.683277777778",Calle,,ROSARIO,Rosario,Asfalto,No existe,II,Dentro,Urbana,S/D,S/D,Intersección,Bueno,S/D,"Nocturna,Con luz artificial",S/D,Lateral,S/D,Colisión,S/D,S/D,Cordón divisorio,S/D,"-32.972472222222,-60.683277777778","['Bulevar Juan Francisco Seguí', 'Aaron Castellanos']",2,,-32.972472222222,-60.683277777778,55.0,538.0,Municipio Rosario,Municipio,Rosario,820210,Servicio de Catastro e Información Territorial,IGN
2018,8076,2018-10-10,Miercoles,0.0,14:50:00,,0.0,2,"Moto/Ciclomotor,Moto/Ciclomotor", ,2,0,2,0,0,0,0,"-32.92917, -60.66182",Avenida,,ROSARIO,Rosario,Asfalto,No existe,II,Dentro,Urbana,Ninguna,No existe,Curva,Bueno,Buena,Diurna,Buen Tiempo,De alcance,Peatón,Atropello,Ninguna,Faltante,Ninguna,Sin restricción,"-32.92917, -60.66182",[''],0,,-32.92917,-60.66182,55.0,538.0,Municipio Rosario,Municipio,Rosario,820210,Servicio de Catastro e Información Territorial,IGN
2018,8077,2018-10-21,Domingo,0.0,20:10:00,,0.0,2,"Automóvil,Automóvil",San Nicolas Y Av. Pte.Peron,3,1,0,0,2,0,0,"-32.956916666667,-60.676583333333",Avenida,,ROSARIO,Rosario,Asfalto,No existe,II,Dentro,Urbana,S/D,S/D,Intersección,Bueno,Buena,"Nocturna,Con luz artificial",Buen Tiempo,Lateral,S/D,Colisión,Ninguna,S/D,Ninguna,Sin restricción,"-32.956916666667,-60.676583333333","['San Nicolás', 'Avenida Presidente Perón']",2,,-32.956916666667,-60.676583333333,55.0,538.0,Municipio Rosario,Municipio,Rosario,820210,Servicio de Catastro e Información Territorial,IGN
2018,8078,2018-10-05,Viernes,0.0,14:15:00,,0.0,2,"Moto/Ciclomotor,Automóvil",Rio De Janeiro Y Garay,2,0,1,0,1,0,0,"-32.966888888889,-60.687583333333",Calle,,ROSARIO,Rosario,Asfalto,No existe,II,S/D,Urbana,S/D,S/D,Intersección,S/D,Buena,Diurna,S/D,S/D,S/D,Colisión,S/D,S/D,S/D,S/D,"-32.966888888889,-60.687583333333","['Río de Janeiro', 'Garay']",2,,-32.966888888889,-60.687583333333,55.0,538.0,Municipio Rosario,Municipio,Rosario,820210,Servicio de Catastro e Información Territorial,IGN
2018,8083,2018-10-10,Miercoles,0.0,10:50:00,,0.0,1,Bicicleta,3 De Febrero Y Paraguay,1,1,0,0,0,0,0,"-32.95175,-60.645333333333",Calle,,ROSARIO,Rosario,Asfalto,No existe,II,Dentro,Urbana,Ninguna,No existe,Recta,S/D,Buena,Diurna,S/D,Contra objeto fijo,S/D,"Caída ocupante,Colisión",Ninguna,S/D,Ninguna,Sin restricción,"-32.95175,-60.645333333333","['3 de Febrero', 'Paraguay']",2,,-32.95175,-60.645333333333,55.0,538.0,Municipio Rosario,Municipio,Rosario,820210,Servicio de Catastro e Información Territorial,IGN
2018,8087,2018-10-13,Sabado,0.0,23:30:00,,0.0,2,"Moto/Ciclomotor,Automóvil",Bv. Oro?o Y Lugones,2,1,0,0,1,0,0,"-32.958166666667,-60.656944444444",Avenida,,ROSARIO,Rosario,Asfalto,No existe,II,Dentro,Urbana,Ninguna,No existe,Intersección,Bueno,Buena,"Nocturna,Con luz artificial",Buen Tiempo,Lateral,S/D,Colisión,Ninguna,Faltante,Ninguna,Sin restricción,"-32.958166666667,-60.656944444444","['Bulevar Nicasio Oroño', 'Lugones']",2,,-32.958166666667,-60.656944444444,55.0,538.0,Municipio Rosario,Municipio,Rosario,820210,Servicio de Catastro e Información Territorial,IGN
2018,8089,2018-10-13,Sabado,0.0,,,0.0,2,"Moto/Ciclomotor,Camión",Saavedra ,2,1,0,0,1,0,0,"-32.940888888889,-60.661111111111",Calle,,ROSARIO,Rosario,Asfalto,No existe,II,Dentro,Urbana,S/D,S/D,Intersección,Bueno,Buena,Amanecer,Buen Tiempo,Lateral,S/D,Colisión,Ninguna,S/D,Ninguna,Sin restricción,"-32.940888888889,-60.661111111111",['Saavedra'],1,,-32.940888888889,-60.661111111111,55.0,538.0,Municipio Rosario,Municipio,Rosario,820210,Servicio de Catastro e Información Territorial,IGN
2018,8093,2018-10-12,Viernes,0.0,10:55:00,,0.0,2,"Moto/Ciclomotor,Automóvil",Tucuman Y Av. Francia,2,1,0,0,1,0,0,"-32.936916666667,-60.664222222222",Avenida,,ROSARIO,Rosario,Asfalto,No existe,II,Dentro,Urbana,Ninguna,S/D,Intersección,Bueno,Buena,Diurna,Buen Tiempo,De alcance,S/D,Colisión,Ninguna,S/D,Ninguna,Sin restricción,"-32.936916666667,-60.664222222222","['Tucumán', 'Avenida Francia']",2,,-32.936916666667,-60.664222222222,55.0,538.0,Municipio Rosario,Municipio,Rosario,820210,Servicio de Catastro e Información Territorial,IGN
2018,8095,2018-10-07,Domingo,0.0,05:10:00,,0.0,2,"Peatón,Automóvil",Cafferata ,2,1,0,0,0,0,1,"-32.939166666667,-60.670638888889",Calle,,ROSARIO,Rosario,Asfalto,No existe,II,Dentro,Urbana,S/D,S/D,Intersección,Bueno,Buena,Amanecer,Buen Tiempo,S/D,Peatón,Atropello,Ninguna,S/D,Ninguna,Sin restricción,"-32.939166666667,-60.670638888889",['Cafferata'],1,,-32.939166666667,-60.670638888889,55.0,538.0,Municipio Rosario,Municipio,Rosario,820210,Servicio de Catastro e Información Territorial,IGN
2018,8098,2018-10-13,Sabado,0.0,05:50:00,,0.0,2,"Taxi/Remis,Automóvil",Bv. Oro?o Y Salta,2,1,0,0,1,0,0,"-32.936722222222,-60.651666666667",Avenida,,ROSARIO,Rosario,Asfalto,No existe,II,Dentro,Urbana,Ninguna,No existe,Recta,Bueno,Buena,"Amanecer,Con luz artificial",Buen Tiempo,De alcance,S/D,Colisión,Ninguna,Faltante,Cordón divisorio,Sin restricción,"-32.936722222222,-60.651666666667","['Bulevar Nicasio Oroño', 'Salta']",2,,-32.936722222222,-60.651666666667,55.0,538.0,Municipio Rosario,Municipio,Rosario,820210,Servicio de Catastro e Información Territorial,IGN
2018,8099,2018-10-21,Domingo,0.0,11:50:00,,0.0,2,"Moto/Ciclomotor,Automóvil",ROULLON Y CISNEROS,4,2,0,0,2,0,0,"-32.97854, -60.70058",Calle,,ROSARIO,Rosario,Asfalto,No existe,II,S/D,Urbana,Ninguna,No existe,Intersección,Bueno,Buena,Diurna,Buen Tiempo,Otro,S/D,Colisión,Ninguna,Faltante,Ninguna,Sin restricción,"-32.97854, -60.70058","['Alfredo Rouillón', 'Cisnero']",2,,-32.97854,-60.70058,55.0,538.0,Municipio Rosario,Municipio,Rosario,820210,Servicio de Catastro e Información Territorial,IGN
2018,8101,2018-10-21,Domingo,0.0,13:10:00,,0.0,2,"Automóvil,Moto/Ciclomotor",Juan B.De La Salle Y Nicaragua,2,1,0,0,1,0,0,"-32.922722222222,-60.7215",Calle,,ROSARIO,Rosario,Asfalto,No existe,II,Dentro,Urbana,Ninguna,No existe,Intersección,Bueno,S/D,Diurna,Buen Tiempo,S/D,S/D,Colisión,Ninguna,S/D,Ninguna,Sin restricción,"-32.922722222222,-60.7215","['De La Salle', 'Nicaragua']",2,,-32.922722222222,-60.7215,55.0,538.0,Municipio Rosario,Municipio,Rosario,820210,Servicio de Catastro e Información Territorial,IGN
2018,8103,2018-10-21,Domingo,0.0,08:30:00,,0.0,2,"Moto/Ciclomotor,Pickup/Utilitario",Mitre Y Amenabar,2,1,0,0,0,0,1,"-32.971944444444,-60.646027777778",Calle,,ROSARIO,Rosario,S/D,S/D,II,Dentro,Urbana,S/D,S/D,Intersección,S/D,S/D,Amanecer,S/D,S/D,S/D,S/D,S/D,S/D,S/D,S/D,"-32.971944444444,-60.646027777778","['Mitre', 'Amenabar']",2,,-32.971944444444,-60.646027777778,55.0,538.0,Municipio Rosario,Municipio,Rosario,820210,Servicio de Catastro e Información Territorial,IGN
2018,8105,2018-10-21,Domingo,0.0,17:20:00,,0.0,2,"Peatón,Moto/Ciclomotor",Bv. Avellaneda Y Amenabar,2,1,0,0,1,0,0,"-32.964833333333,-60.68575",Avenida,,ROSARIO,Rosario,Asfalto,No existe,II,Dentro,Urbana,S/D,No existe,Intersección,S/D,Buena,Diurna,S/D,S/D,Peatón,Atropello,S/D,S/D,Cordón divisorio,S/D,"-32.964833333333,-60.68575","['Avellaneda', 'Amenabar']",2,,-32.964833333333,-60.68575,55.0,538.0,Municipio Rosario,Municipio,Rosario,820210,Servicio de Catastro e Información Territorial,IGN
2018,8106,2018-10-21,Domingo,0.0,06:05:00,,0.0,2,"Automóvil,Automóvil",Bv. Oro?o Y Bv. Segui,4,1,1,0,2,0,0,"-32.976444444444,-60.661722222222",Calle,,ROSARIO,Rosario,Asfalto,No existe,II,Dentro,Urbana,Ninguna,Funciona,Recta,Bueno,Buena,Amanecer,Buen Tiempo,De alcance,S/D,Colisión,Ninguna,Vertical,Ninguna,Sin restricción,"-32.976444444444,-60.661722222222","['Bulevar Nicasio Oroño', 'Bulevar Juan Francisco Seguí']",2,,-32.976444444444,-60.661722222222,55.0,538.0,Municipio Rosario,Municipio,Rosario,820210,Servicio de Catastro e Información Territorial,IGN
2018,8107,2018-10-11,Jueves,0.0,17:00:00,,0.0,2,"Automóvil,Moto/Ciclomotor",Mariano Moreno Y Montevideo,2,1,0,0,1,0,0,"-32.953916666667,-60.653027777778",Calle,,ROSARIO,Rosario,S/D,S/D,II,Dentro,Urbana,S/D,No existe,Intersección,S/D,S/D,Diurna,Lluvia,S/D,S/D,Colisión,Agua,S/D,S/D,S/D,"-32.953916666667,-60.653027777778","['Mariano Moreno', 'Montevideo']",2,,-32.953916666667,-60.653027777778,55.0,538.0,Municipio Rosario,Municipio,Rosario,820210,Servicio de Catastro e Información Territorial,IGN
2018,8109,2018-10-21,Domingo,0.0,07:20:00,,0.0,2,"Pickup/Utilitario,Automóvil",San Nicolas Y Cordoba,2,1,0,0,1,0,0,"-32.940333333333,-60.672361111111",Calle,,ROSARIO,Rosario,S/D,S/D,II,Dentro,Urbana,S/D,S/D,Intersección,S/D,S/D,Diurna,S/D,S/D,S/D,Colisión,S/D,S/D,S/D,S/D,"-32.940333333333,-60.672361111111","['San Nicolás', 'Córdoba']",2,,-32.940333333333,-60.672361111111,55.0,538.0,Municipio Rosario,Municipio,Rosario,820210,Servicio de Catastro e Información Territorial,IGN
2018,8111,2018-10-10,Miercoles,0.0,19:10:00,,0.0,2,"Peatón,Automóvil",Pte.Roca 676,2,1,0,0,1,0,0,"-32.943611111111,-60.644722222222",Calle,,ROSARIO,Rosario,S/D,S/D,II,Dentro,Urbana,S/D,S/D,Recta,S/D,S/D,S/D,S/D,S/D,Peatón,Atropello,S/D,S/D,S/D,S/D,"-32.943611111111,-60.644722222222",['Presidenteroca 676'],1,,-32.943611111111,-60.644722222222,55.0,538.0,Municipio Rosario,Municipio,Rosario,820210,Servicio de Catastro e Información Territorial,IGN
2018,8118,2018-10-29,Lunes,0.0,12:45:00,,0.0,2,"Moto/Ciclomotor,Automóvil",Santiago Y Rioja,3,1,0,0,2,0,0,"-32.944361111111,-60.656305555556",Calle,,ROSARIO,Rosario,S/D,S/D,II,S/D,Urbana,S/D,S/D,Intersección,S/D,S/D,Diurna,S/D,S/D,S/D,Colisión,S/D,S/D,S/D,S/D,"-32.944361111111,-60.656305555556","['Santiago', 'Rioja']",2,,-32.944361111111,-60.656305555556,55.0,538.0,Municipio Rosario,Municipio,Rosario,820210,Servicio de Catastro e Información Territorial,IGN
2018,8121,2018-10-29,Lunes,0.0,12:05:00,,0.0,2,"Taxi/Remis,Moto/Ciclomotor",9 De Julio Y Alsina,3,1,0,0,2,0,0,"-32.946972222222,-60.678305555556",Calle,,ROSARIO,Rosario,Asfalto,S/D,II,S/D,Urbana,Señal Pare,No existe,Intersección,Con baches,S/D,Diurna,S/D,S/D,S/D,Colisión,S/D,S/D,S/D,S/D,"-32.946972222222,-60.678305555556","['9 de Julio', 'Alsina']",2,,-32.946972222222,-60.678305555556,55.0,538.0,Municipio Rosario,Municipio,Rosario,820210,Servicio de Catastro e Información Territorial,IGN
2018,8122,2018-10-12,Viernes,0.0,15:00:00,,0.0,2,"Automóvil,Transporte de Pasajeros Urbano (> 8 asientos)",Maipu Y Bv. 27 De Febrero,2,1,0,0,1,0,0,"-32.968,-60.640722222222",Avenida,,ROSARIO,Rosario,S/D,S/D,II,Dentro,Urbana,S/D,Funciona,Intersección,Bueno,Buena,Diurna,S/D,S/D,S/D,Colisión,Ninguna,S/D,S/D,Sin restricción,"-32.968,-60.640722222222","['Maipú', '27 de Febrero']",2,,-32.968,-60.640722222222,55.0,538.0,Municipio Rosario,Municipio,Rosario,820210,Servicio de Catastro e Información Territorial,IGN
2018,8123,2018-10-15,Lunes,0.0,22:10:00,,0.0,2,"Automóvil,Moto/Ciclomotor",Bv. 27 De Febrero Y Rodriguez,3,2,0,0,1,0,0,"-32.964055555556,-60.664111111111",Calle,,ROSARIO,Rosario,S/D,S/D,II,S/D,Urbana,Ninguna,S/D,Intersección,S/D,S/D,Nocturna,S/D,S/D,S/D,Colisión,S/D,S/D,S/D,S/D,"-32.964055555556,-60.664111111111","['27 de Febrero', 'Rodríguez']",2,,-32.964055555556,-60.664111111111,55.0,538.0,Municipio Rosario,Municipio,Rosario,820210,Servicio de Catastro e Información Territorial,IGN
2018,8125,2018-10-14,Domingo,0.0,16:55:00,,0.0,2,"Moto/Ciclomotor,Vehículo Oficial",Balcarce Y 3 De Febrero,3,2,0,0,1,0,0,"-32.950305555556,-60.653555555556",Calle,,ROSARIO,Rosario,Asfalto,S/D,II,Dentro,Urbana,Ninguna,S/D,Intersección,S/D,S/D,Diurna,S/D,S/D,S/D,Colisión,S/D,S/D,S/D,Sin restricción,"-32.950305555556,-60.653555555556","['Balcarce', '3 de Febrero']",2,,-32.950305555556,-60.653555555556,55.0,538.0,Municipio Rosario,Municipio,Rosario,820210,Servicio de Catastro e Información Territorial,IGN
2018,8128,2018-10-05,Viernes,0.0,,,0.0,2,"Automóvil,Moto/Ciclomotor",Gorriti Y Roullon Bis,3,2,0,0,1,0,0,"-32.924055555556,-60.702916666667",Calle,,ROSARIO,Rosario,S/D,S/D,II,S/D,Urbana,S/D,S/D,Intersección,S/D,S/D,S/D,S/D,Lateral,S/D,Colisión,S/D,S/D,S/D,S/D,"-32.924055555556,-60.702916666667","['Gorriti', 'Alfredo Rouillón']",2,,-32.924055555556,-60.702916666667,55.0,538.0,Municipio Rosario,Municipio,Rosario,820210,Servicio de Catastro e Información Territorial,IGN
2018,8129,2018-10-29,Lunes,0.0,15:15:00,,0.0,2,"Moto/Ciclomotor,Automóvil",Mariano Moreno 6400,2,0,1,0,1,0,0,"-33.012194444444,-60.6615",Calle,,ROSARIO,Rosario,Asfalto,S/D,II,S/D,Urbana,S/D,No existe,Recta,S/D,Buena,Diurna,S/D,S/D,S/D,Colisión,S/D,S/D,S/D,S/D,"-33.012194444444,-60.6615",['Mariano Moreno 6400'],1,,-33.012194444444,-60.6615,55.0,538.0,Municipio Rosario,Municipio,Rosario,820210,Servicio de Catastro e Información Territorial,IGN
2018,8130,2018-10-29,Lunes,0.0,12:15:00,,0.0,2,"Automóvil,Automóvil",Gaboto Y Laprida,2,1,0,0,1,0,0,"-32.974027777778,-60.641027777778",Calle,,ROSARIO,Rosario,Asfalto,No existe,II,Dentro,Urbana,Marca Vial,No existe,Intersección,Bueno,Buena,Diurna,Buen Tiempo,Lateral,S/D,Colisión,Ninguna,Horizontal,Ninguna,Sin restricción,"-32.974027777778,-60.641027777778","['Gaboto', 'Laprida']",2,,-32.974027777778,-60.641027777778,55.0,538.0,Municipio Rosario,Municipio,Rosario,820210,Servicio de Catastro e Información Territorial,IGN
2018,8132,2018-10-05,Viernes,0.0,08:30:00,,0.0,2,"Automóvil,Moto/Ciclomotor",Bv. Segui Y Bv. Oro?o,3,1,0,0,2,0,0,"-32.976444444444,-60.661722222222",Calle,,ROSARIO,Rosario,Asfalto,S/D,II,S/D,Urbana,Ninguna,S/D,Intersección,Bueno,S/D,S/D,Buen Tiempo,Lateral,S/D,Colisión,Ninguna,Faltante,Ninguna,Sin restricción,"-32.976444444444,-60.661722222222","['Bulevar Juan Francisco Seguí', 'Bulevar Nicasio Oroño']",2,,-32.976444444444,-60.661722222222,55.0,538.0,Municipio Rosario,Municipio,Rosario,820210,Servicio de Catastro e Información Territorial,IGN
2018,8133,2018-10-28,Domingo,0.0,06:10:00,,0.0,2,"Moto/Ciclomotor,Moto/Ciclomotor",Nicaragua Y Perez Bulnes,3,3,0,0,0,0,0,"-32.942666666667,-60.720583333333",Calle,,ROSARIO,Rosario,Asfalto,Pavimento,II,S/D,Urbana,Ninguna,S/D,Recta,S/D,S/D,"Diurna,Con luz artificial",S/D,S/D,S/D,Colisión,S/D,S/D,Ninguna,Sin restricción,"-32.942666666667,-60.720583333333","['Nicaragua', 'Pérez Bulnes']",2,,-32.942666666667,-60.720583333333,55.0,538.0,Municipio Rosario,Municipio,Rosario,820210,Servicio de Catastro e Información Territorial,IGN
2018,8134,2018-10-15,Lunes,0.0,03:00:00,,0.0,2,"Automóvil,Automóvil",Mitre Y Rioja,3,2,0,0,1,0,0,"-32.947388888889,-60.639861111111",Calle,,ROSARIO,Rosario,Asfalto,No existe,II,Dentro,Urbana,Ninguna,S/D,Intersección,S/D,S/D,Nocturna,S/D,S/D,S/D,Colisión,S/D,S/D,S/D,Sin restricción,"-32.947388888889,-60.639861111111","['Mitre', 'Rioja']",2,,-32.947388888889,-60.639861111111,55.0,538.0,Municipio Rosario,Municipio,Rosario,820210,Servicio de Catastro e Información Territorial,IGN
2018,8135,2018-10-29,Lunes,0.0,18:50:00,,0.0,2,"Automóvil,Moto/Ciclomotor",Bv. 27 De Febrero 2700,2,1,0,0,1,0,0,"-32.96359,-60.66542",Avenida,,ROSARIO,Rosario,S/D,S/D,II,S/D,Urbana,S/D,S/D,Recta,S/D,S/D,Diurna,S/D,S/D,S/D,Colisión,S/D,S/D,S/D,S/D,"-32.96359,-60.66542",['27 De Febrero 2700'],1,,-32.96359,-60.66542,55.0,538.0,Municipio Rosario,Municipio,Rosario,820210,Servicio de Catastro e Información Territorial,IGN
2018,8136,2018-10-05,Viernes,0.0,10:20:00,,0.0,2,"Automóvil,Moto/Ciclomotor",San Nicolas Y 3 De Febrero,4,3,0,0,1,0,0,"-32.946666666667,-60.673944444444",Calle,,ROSARIO,Rosario,Asfalto,S/D,II,S/D,Urbana,S/D,S/D,Intersección,S/D,Buena,Diurna,S/D,S/D,S/D,Colisión,S/D,S/D,S/D,S/D,"-32.946666666667,-60.673944444444","['San Nicolás', '3 de Febrero']",2,,-32.946666666667,-60.673944444444,55.0,538.0,Municipio Rosario,Municipio,Rosario,820210,Servicio de Catastro e Información Territorial,IGN
2018,8138,2018-10-22,Lunes,0.0,11:45:00,,0.0,2,"Moto/Ciclomotor,Pickup/Utilitario",Rueda Y Colon,2,1,0,0,1,0,0,"-32.973305555556,-60.631722222222",Calle,,ROSARIO,Rosario,Asfalto,Pavimento,II,Dentro,Urbana,Ninguna,No existe,Intersección,Bueno,Buena,Diurna,Buen Tiempo,Lateral,S/D,Colisión,Ninguna,Faltante,S/D,Sin restricción,"-32.973305555556,-60.631722222222","['Rueda', 'Colon']",2,,-32.973305555556,-60.631722222222,55.0,538.0,Municipio Rosario,Municipio,Rosario,820210,Servicio de Catastro e Información Territorial,IGN
2018,8139,2018-10-30,Martes,0.0,14:15:00,,0.0,2,"Peatón,Pickup/Utilitario",San Juan Y Buenos Aires,2,0,1,0,1,0,0,"-32.951222222222,-60.633666666667",Calle,,ROSARIO,Rosario,S/D,S/D,II,S/D,Urbana,S/D,S/D,Intersección,S/D,S/D,S/D,S/D,S/D,Peatón,Atropello,S/D,S/D,S/D,S/D,"-32.951222222222,-60.633666666667","['San Juan', 'Buenos Aires']",2,,-32.951222222222,-60.633666666667,55.0,538.0,Municipio Rosario,Municipio,Rosario,820210,Servicio de Catastro e Información Territorial,IGN
2018,8140,2018-10-12,Viernes,0.0,22:30:00,,0.0,2,"Automóvil,Moto/Ciclomotor",Mendoza 4700,2,1,0,0,1,0,0,"-32.94275,-60.688583333333",Calle,,ROSARIO,Rosario,Asfalto,S/D,II,S/D,Urbana,S/D,S/D,Recta,S/D,S/D,Nocturna,S/D,S/D,S/D,Colisión,S/D,S/D,S/D,Sin restricción,"-32.94275,-60.688583333333",['Mendoza 4700'],1,,-32.94275,-60.688583333333,55.0,538.0,Municipio Rosario,Municipio,Rosario,820210,Servicio de Catastro e Información Territorial,IGN
2018,8141,2018-10-05,Viernes,0.0,17:30:00,,0.0,1,Transporte de Pasajeros Urbano (> 8 asientos),San Juan Y San Martin,3,1,0,0,2,0,0,"-32.950416666667,-60.637583333333",Calle,,ROSARIO,Rosario,S/D,S/D,II,S/D,Urbana,S/D,S/D,Intersección,S/D,S/D,Diurna,S/D,S/D,S/D,Caída ocupante,S/D,S/D,S/D,S/D,"-32.950416666667,-60.637583333333","['San Juan', 'San Martin']",2,,-32.950416666667,-60.637583333333,55.0,538.0,Municipio Rosario,Municipio,Rosario,820210,Servicio de Catastro e Información Territorial,IGN
2018,8142,2018-10-22,Lunes,0.0,08:00:00,,0.0,2,"Automóvil,Automóvil",Bv. 27 de Febrero Bis Y Bv. Segui,3,1,0,0,2,0,0,"-32.980166666667,-60.640944444444",Calle,,ROSARIO,Rosario,Asfalto,S/D,II,Dentro,Urbana,Ninguna,Funciona,Intersección,S/D,Reducida,S/D,Lluvia,Lateral,S/D,Colisión,S/D,Vertical,Cordón divisorio,Sin restricción,"-32.980166666667,-60.640944444444","['27 de Febrero', 'Bulevar Juan Francisco Seguí']",2,,-32.980166666667,-60.640944444444,55.0,538.0,Municipio Rosario,Municipio,Rosario,820210,Servicio de Catastro e Información Territorial,IGN
2018,8143,2018-10-29,Lunes,0.0,09:15:00,,0.0,2,"Automóvil,Peatón",Cerrito Y Av. Corrientes,2,1,0,0,1,0,0,"-32.961111111111,-60.64625",Calle,,ROSARIO,Rosario,Asfalto,S/D,II,S/D,Urbana,Señal Pare,S/D,Intersección,Bueno,S/D,S/D,S/D,S/D,Peatón,Atropello,S/D,S/D,S/D,S/D,"-32.961111111111,-60.64625","['Cerrito', 'Corrientes']",2,,-32.961111111111,-60.64625,55.0,538.0,Municipio Rosario,Municipio,Rosario,820210,Servicio de Catastro e Información Territorial,IGN
2018,8146,2018-10-12,Viernes,0.0,16:20:00,,0.0,2,"Peatón,Pickup/Utilitario",Jujuy Y Pte.Roca,2,1,0,0,1,0,0,"-32.937,-60.643055555556",Calle,,ROSARIO,Rosario,S/D,S/D,II,Dentro,Urbana,S/D,S/D,S/D,S/D,S/D,Diurna,S/D,S/D,Peatón,Atropello,S/D,S/D,S/D,S/D,"-32.937,-60.643055555556","['Jujuy', 'Roca']",2,,-32.937,-60.643055555556,55.0,538.0,Municipio Rosario,Municipio,Rosario,820210,Servicio de Catastro e Información Territorial,IGN
2018,8149,2018-10-22,Lunes,0.0,08:05:00,,0.0,3,"Peatón,Moto/Ciclomotor,Transporte de Pasajeros Urbano (> 8 asientos)",Juan Canals Y San Martin,3,2,0,0,1,0,0,"-32.989833333333,-60.646611111111",Calle,,ROSARIO,Rosario,Asfalto,No existe,II,Dentro,Urbana,Ninguna,No existe,Intersección,Bueno,Buena,Diurna,Buen Tiempo,Lateral,Peatón,Atropello,Ninguna,Faltante,Cordón divisorio,Sin restricción,"-32.989833333333,-60.646611111111","['Juan Canals', 'San Martin']",2,,-32.989833333333,-60.646611111111,55.0,538.0,Municipio Rosario,Municipio,Rosario,820210,Servicio de Catastro e Información Territorial,IGN
2018,8150,2018-10-30,Martes,0.0,22:15:00,,0.0,2,"Automóvil,Bicicleta",Av. Pellegrini Y Bv. Avellaneda,2,1,0,0,1,0,0,"-32.949944444444,-60.682027777778",Avenida,,ROSARIO,Rosario,S/D,S/D,II,S/D,Urbana,S/D,S/D,Intersección,S/D,S/D,S/D,S/D,S/D,Ciclista,Atropello,S/D,S/D,S/D,S/D,"-32.949944444444,-60.682027777778","['Pellegrini', 'Avellaneda']",2,,-32.949944444444,-60.682027777778,55.0,538.0,Municipio Rosario,Municipio,Rosario,820210,Servicio de Catastro e Información Territorial,IGN
2018,8154,2018-10-12,Viernes,0.0,13:20:00,,0.0,3,"Automóvil,Automóvil,Moto/Ciclomotor",E.Zeballos 2000,3,1,0,0,2,0,0,"-32.952777777778,-60.65275",Calle,,ROSARIO,Rosario,S/D,No existe,II,S/D,Urbana,Ninguna,S/D,Recta,S/D,S/D,Diurna,S/D,S/D,S/D,Colisión,S/D,S/D,S/D,Sin restricción,"-32.952777777778,-60.65275",['E Zeballos 2000'],1,,-32.952777777778,-60.65275,55.0,538.0,Municipio Rosario,Municipio,Rosario,820210,Servicio de Catastro e Información Territorial,IGN
2018,8156,2018-10-22,Lunes,0.0,19:20:00,,0.0,2,"Automóvil,Automóvil",Bv. Wilde Y Tucuman,3,1,0,0,2,0,0,"-32.933277777778,-60.73875",Calle,,ROSARIO,Rosario,Asfalto,Pavimento,II,Dentro,Urbana,Ninguna,S/D,Recta,Bueno,Reducida,"Diurna,Con luz artificial",Lluvia,Otro,S/D,Colisión,Agua,S/D,Ninguna,Sin restricción,"-32.933277777778,-60.73875","['Bulevar Wilde', 'Tucumán']",2,,-32.933277777778,-60.73875,55.0,538.0,Municipio Rosario,Municipio,Rosario,820210,Servicio de Catastro e Información Territorial,IGN
2018,8157,2018-10-11,Jueves,0.0,22:45:00,,0.0,2,"Bicicleta,Automóvil",Balcarce Y Catamarca,2,1,0,0,1,0,0,"-32.938138888889,-60.650472222222",Calle,,ROSARIO,Rosario,Asfalto,No existe,II,S/D,Urbana,S/D,S/D,Recta,S/D,S/D,Nocturna,S/D,S/D,Ciclista,Atropello,S/D,S/D,S/D,Sin restricción,"-32.938138888889,-60.650472222222","['Balcarce', 'Catamarca']",2,,-32.938138888889,-60.650472222222,55.0,538.0,Municipio Rosario,Municipio,Rosario,820210,Servicio de Catastro e Información Territorial,IGN