anio_acci,nro_acci,fecha,desc_dia,fecha_aprox,hora_aprox,desc_ruta,km,cant_participantes,desc_participante,calle_avenida_km,total,heridos_leves,heridos_graves,heridos_gravisimos,ilesos,fallecidos,sin_datos,posicion_XY,desc_tipo_via,desc_ruta_ori,desc_loc,desc_dpto,desc_tipo_calzada,desc_tipo_banquina,desc_unidad_regional,desc_lugar_calzada,desc_zona,desc_prioridad,desc_estado_semaforo,desc_lugar_via,desc_estado_via,desc_estado_visibilidad,desc_luminosidad,desc_estado_clima,desc_tipo_colision,desc_tipo_atropello,desc_tipo_hecho,desc_pres_calzada,desc_senializacion,desc_separacion_via,desc_restriccion,forma_geocod,calle_lista,numero_calles,calles_osm,lat,lon,index_right,gid,fna,gna,nam,in1,fdc,sag
2018,8158,2018-10-31,Miercoles,0.0,,,0.0,2,"Automóvil,Moto/Ciclomotor",Laprida 2400,2,1,0,0,1,0,0,"-32.966,-60.639",Calle,,ROSARIO,Rosario,S/D,S/D,II,S/D,Urbana,S/D,S/D,Recta,S/D,S/D,Diurna,S/D,S/D,S/D,Colisión,S/D,S/D,S/D,S/D,"-32.966,-60.639",['Laprida 2400'],1,,-32.966,-60.639,55.0,538.0,Municipio Rosario,Municipio,Rosario,820210,Servicio de Catastro e Información Territorial,IGN
2018,8159,2018-10-22,Lunes,0.0,14:32:00,,0.0,2,"Pickup/Utilitario,Moto/Ciclomotor",Jose Ingenieros Y Donado,3,2,0,0,1,0,0,"-32.917527777778,-60.728027777778",Calle,,ROSARIO,Rosario,Asfalto,No existe,II,Dentro,Urbana,Ninguna,No existe,Intersección,Bueno,Buena,Diurna,Buen Tiempo,Lateral,S/D,Colisión,Ninguna,S/D,Ninguna,Sin restricción,"-32.917527777778,-60.728027777778","['José Ingenieros', 'Donado']",2,,-32.917527777778,-60.728027777778,55.0,538.0,Municipio Rosario,Municipio,Rosario,820210,Servicio de Catastro e Información Territorial,IGN
2018,8160,2018-10-12,Viernes,0.0,17:10:00,,0.0,2,"Automóvil,Bicicleta",Mitre 1300,2,1,0,0,1,0,0,"-32.952527777778,-60.641138888889",Calle,,ROSARIO,Rosario,S/D,No existe,II,S/D,Urbana,S/D,S/D,Recta,S/D,S/D,Diurna,S/D,S/D,Ciclista,Atropello,S/D,S/D,S/D,Sin restricción,"-32.952527777778,-60.641138888889",['Mitre 1300'],1,,-32.952527777778,-60.641138888889,55.0,538.0,Municipio Rosario,Municipio,Rosario,820210,Servicio de Catastro e Información Territorial,IGN
2018,8162,2018-10-13,Sabado,0.0,17:00:00,,0.0,2,"Peatón,Automóvil",Pueyrredon Y Mendoza,2,1,0,0,1,0,0,"-32.948111111111,-60.658694444444",Calle,,ROSARIO,Rosario,S/D,S/D,II,S/D,Urbana,Semáforo,Funciona,Intersección,Bueno,Buena,Diurna,S/D,S/D,Peatón,Atropello,S/D,S/D,S/D,S/D,"-32.948111111111,-60.658694444444","['Pueyrredón', 'Mendoza']",2,,-32.948111111111,-60.658694444444,55.0,538.0,Municipio Rosario,Municipio,Rosario,820210,Servicio de Catastro e Información Territorial,IGN
2018,8163,2018-10-22,Lunes,0.0,16:20:00,,0.0,2,"Moto/Ciclomotor,Pickup/Utilitario",Uruguay Y Av. Corrientes,2,1,0,0,1,0,0,"-32.976027777778,-60.65",S/D,,ROSARIO,Rosario,Asfalto,No existe,II,S/D,S/D,Ninguna,No existe,Intersección,Resbaladiza,Buena,Diurna,Lluvia,Lateral,S/D,Colisión,Agua,Vertical,Ninguna,Sin restricción,"-32.976027777778,-60.65","['Uruguay', 'Corrientes']",2,,-32.976027777778,-60.65,55.0,538.0,Municipio Rosario,Municipio,Rosario,820210,Servicio de Catastro e Información Territorial,IGN
2018,8164,2018-10-22,Lunes,0.0,10:30:00,,0.0,2,"Bicicleta,Automóvil",Ayacucho Y Av. Arijon,2,1,0,0,1,0,0,"-33.002611111111,-60.636027777778",Avenida,,ROSARIO,Rosario,Asfalto,No existe,II,Dentro,Urbana,Ninguna,Funciona,Intersección,Bueno,Buena,Diurna,Buen Tiempo,De alcance,Ciclista,Atropello,Ninguna,Vertical,Cordón divisorio,Sin restricción,"-33.002611111111,-60.636027777778","['Ayacucho', 'Avenida Manuel Arijón']",2,,-33.002611111111,-60.636027777778,55.0,538.0,Municipio Rosario,Municipio,Rosario,820210,Servicio de Catastro e Información Territorial,IGN
2018,8165,2018-10-22,Lunes,0.0,22:15:00,,0.0,2,"Bicicleta,Automóvil",San Lorenzo Y Balcarce,2,1,0,0,1,0,0,"-32.941666666667,-60.651333333333",Calle,,ROSARIO,Rosario,Asfalto,No existe,II,Dentro,Urbana,Señal Pare,No existe,Intersección,Bueno,Buena,"Nocturna,Con luz artificial",Buen Tiempo,S/D,Ciclista,Atropello,Ninguna,Vertical,Ninguna,Sin restricción,"-32.941666666667,-60.651333333333","['San Lorenzo', 'Balcarce']",2,,-32.941666666667,-60.651333333333,55.0,538.0,Municipio Rosario,Municipio,Rosario,820210,Servicio de Catastro e Información Territorial,IGN
2018,8166,2018-10-22,Lunes,0.0,21:50:00,,0.0,2,"Automóvil,Taxi/Remis",San Martin Y Ocampo,3,1,0,0,2,0,0,"-32.966722222222,-60.641722222222",S/D,,ROSARIO,Rosario,S/D,S/D,II,S/D,Urbana,S/D,S/D,Intersección,S/D,S/D,Nocturna,S/D,S/D,S/D,Colisión,S/D,S/D,S/D,S/D,"-32.966722222222,-60.641722222222","['San Martin', 'Ocampo']",2,,-32.966722222222,-60.641722222222,55.0,538.0,Municipio Rosario,Municipio,Rosario,820210,Servicio de Catastro e Información Territorial,IGN
2018,8169,2018-10-31,Miercoles,0.0,19:10:00,,0.0,2,"Automóvil,Moto/Ciclomotor",San Lorenzo Y Matienzo,2,1,0,0,1,0,0,"-32.934027777778,-60.694916666667",Calle,,ROSARIO,Rosario,Asfalto,S/D,II,S/D,Urbana,S/D,S/D,Intersección,S/D,S/D,S/D,S/D,Lateral,S/D,Colisión,S/D,S/D,S/D,S/D,"-32.934027777778,-60.694916666667","['San Lorenzo', 'Matienzo']",2,,-32.934027777778,-60.694916666667,55.0,538.0,Municipio Rosario,Municipio,Rosario,820210,Servicio de Catastro e Información Territorial,IGN
2018,8171,2018-10-12,Viernes,0.0,16:40:00,,0.0,2,"Pickup/Utilitario,Moto/Ciclomotor",Colon Y E.Zeballos,2,1,0,0,1,0,0,"-32.957361111111,-60.627722222222",Calle,,ROSARIO,Rosario,Asfalto,S/D,II,S/D,Urbana,Señal Pare,S/D,Intersección,S/D,S/D,Diurna,S/D,S/D,S/D,Colisión,S/D,S/D,S/D,S/D,"-32.957361111111,-60.627722222222","['Colon', 'Zeballos']",2,,-32.957361111111,-60.627722222222,55.0,538.0,Municipio Rosario,Municipio,Rosario,820210,Servicio de Catastro e Información Territorial,IGN
2018,8174,2018-10-14,Domingo,0.0,01:26:00,,0.0,2,"Automóvil,Moto/Ciclomotor",E.Zeballos Y Bv. Avellaneda,4,1,0,0,2,0,1,"-32.947638888889,-60.681444444444",Calle,,ROSARIO,Rosario,S/D,S/D,II,S/D,Urbana,Semáforo,Funciona,Intersección,S/D,Buena,Nocturna,S/D,S/D,S/D,Colisión,S/D,S/D,S/D,Sin restricción,"-32.947638888889,-60.681444444444","['Zeballos', 'Avellaneda']",2,,-32.947638888889,-60.681444444444,55.0,538.0,Municipio Rosario,Municipio,Rosario,820210,Servicio de Catastro e Información Territorial,IGN
2018,8179,2018-10-12,Viernes,0.0,12:30:00,,0.0,2,"Peatón,Automóvil",Crespo 1063,2,1,0,0,1,0,0,"-32.944361111111,-60.669111111111",Calle,,ROSARIO,Rosario,Asfalto,No existe,II,S/D,Urbana,Ninguna,S/D,Otro,S/D,Buena,Diurna,S/D,S/D,Peatón,Atropello,S/D,Faltante,S/D,S/D,"-32.944361111111,-60.669111111111",['Crespo 1063'],1,,-32.944361111111,-60.669111111111,55.0,538.0,Municipio Rosario,Municipio,Rosario,820210,Servicio de Catastro e Información Territorial,IGN
2018,8180,2018-10-23,Martes,0.0,11:45:00,,0.0,2,"Bicicleta,Automóvil",Rueda Y L.N.Alem,2,1,0,0,1,0,0,"-32.972805555556,-60.6345",Calle,,ROSARIO,Rosario,Asfalto,No existe,II,Dentro,Urbana,Marca Vial,No existe,Intersección,Bueno,Buena,Diurna,Buen Tiempo,Contra objeto fijo,Ciclista,"Colisión,Atropello",Ninguna,Vertical,Línea divisoria pintada,Sin restricción,"-32.972805555556,-60.6345","['Rueda', 'Alem']",2,,-32.972805555556,-60.6345,55.0,538.0,Municipio Rosario,Municipio,Rosario,820210,Servicio de Catastro e Información Territorial,IGN
2018,8182,2018-10-11,Jueves,0.0,07:30:00,,0.0,2,"Bicicleta,Automóvil",Pte.Roca Y Av. Pellegrini,2,1,0,0,0,0,1,"-32.956027777778,-60.647861111111",Avenida,,ROSARIO,Rosario,Asfalto,No existe,II,S/D,Urbana,Semáforo,S/D,Intersección,Bueno,S/D,Diurna,S/D,S/D,Ciclista,Atropello,S/D,S/D,S/D,S/D,"-32.956027777778,-60.647861111111","['Roca', 'Pellegrini']",2,,-32.956027777778,-60.647861111111,55.0,538.0,Municipio Rosario,Municipio,Rosario,820210,Servicio de Catastro e Información Territorial,IGN
2018,8184,2018-10-23,Martes,0.0,12:00:00,,0.0,2,"Automóvil,Moto/Ciclomotor",Maipu Y Bv. 27 De Febrero,2,1,0,0,0,0,1,"-32.968,-60.640722222222",Calle,,ROSARIO,Rosario,S/D,S/D,II,Dentro,Urbana,S/D,S/D,Intersección,S/D,S/D,Diurna,S/D,S/D,S/D,Colisión,S/D,S/D,S/D,S/D,"-32.968,-60.640722222222","['Maipú', '27 de Febrero']",2,,-32.968,-60.640722222222,55.0,538.0,Municipio Rosario,Municipio,Rosario,820210,Servicio de Catastro e Información Territorial,IGN
2018,8185,2018-10-10,Miercoles,0.0,12:30:00,,0.0,2,"Moto/Ciclomotor,Automóvil",Cordoba Y San Nicolas,2,1,0,0,1,0,0,"-32.940333333333,-60.672361111111",Calle,,ROSARIO,Rosario,Asfalto,No existe,II,S/D,Urbana,S/D,S/D,Intersección,S/D,S/D,Diurna,S/D,S/D,S/D,Colisión,S/D,S/D,S/D,S/D,"-32.940333333333,-60.672361111111","['Córdoba', 'San Nicolás']",2,,-32.940333333333,-60.672361111111,55.0,538.0,Municipio Rosario,Municipio,Rosario,820210,Servicio de Catastro e Información Territorial,IGN
2018,8190,2018-10-13,Sabado,0.0,06:30:00,,0.0,2,"Automóvil,Automóvil",San Luis Y Vera Mujica,2,2,0,0,0,0,0,"-32.943888888889,-60.667555555556",Calle,,ROSARIO,Rosario,Asfalto,S/D,II,Dentro,Urbana,S/D,S/D,Intersección,S/D,S/D,Amanecer,S/D,S/D,S/D,Colisión,S/D,Faltante,S/D,S/D,"-32.943888888889,-60.667555555556","['San Luis', 'Vera Mujíca']",2,,-32.943888888889,-60.667555555556,55.0,538.0,Municipio Rosario,Municipio,Rosario,820210,Servicio de Catastro e Información Territorial,IGN
2018,8198,2018-10-13,Sabado,0.0,15:30:00,,0.0,2,"Moto/Ciclomotor,Automóvil",San Patricio Y Mont Cenis,2,1,0,0,1,0,0,"-32.877277777778,-60.698972222222",Calle,,ROSARIO,Rosario,Asfalto,No existe,II,Dentro,Urbana,Ninguna,No existe,Intersección,Bueno,Buena,Diurna,Buen Tiempo,Frontal,S/D,Colisión,Ninguna,Faltante,Ninguna,Sin restricción,"-32.877277777778,-60.698972222222","['San Patricio', 'Mont Cenis']",2,,-32.877277777778,-60.698972222222,55.0,538.0,Municipio Rosario,Municipio,Rosario,820210,Servicio de Catastro e Información Territorial,IGN
2018,8199,2018-10-23,Martes,0.0,11:00:00,,0.0,2,"Pickup/Utilitario,Moto/Ciclomotor",JUAN PABLO II 1970,3,1,0,0,2,0,0,"-32.92181, -60.72404",Calle,,ROSARIO,Rosario,Asfalto,Natural,II,Dentro,Urbana,Ninguna,No existe,Recta,Bueno,Buena,Diurna,Buen Tiempo,Otro,S/D,Colisión,Ninguna,Faltante,Ninguna,Sin restricción,"-32.92181, -60.72404",['Juan Pablo Ii 1970'],1,,-32.92181,-60.72404,55.0,538.0,Municipio Rosario,Municipio,Rosario,820210,Servicio de Catastro e Información Territorial,IGN
2018,8202,2018-10-13,Sabado,0.0,16:24:00,,0.0,2,"Automóvil,Moto/Ciclomotor",Polledo ,3,1,0,0,2,0,0,"-32.88612, -60.72061",Calle,,ROSARIO,Rosario,Asfalto,No existe,II,S/D,Urbana,Ninguna,No existe,Intersección,Bueno,Buena,Diurna,Buen Tiempo,S/D,S/D,Colisión,Ninguna,Faltante,Ninguna,Sin restricción,"-32.88612, -60.72061",['Polledo'],1,,-32.88612,-60.72061,55.0,538.0,Municipio Rosario,Municipio,Rosario,820210,Servicio de Catastro e Información Territorial,IGN
2018,8205,2018-10-23,Martes,0.0,15:10:00,,0.0,2,"Automóvil,Automóvil",Av. Sorrento Y Av. Provincias Unidas,5,4,0,0,1,0,0,"-32.907833333333,-60.714027777778",Avenida,,ROSARIO,Rosario,Asfalto,No existe,II,Dentro,Urbana,Ninguna,No existe,Rotonda,Bueno,Buena,Diurna,Buen Tiempo,Otro,S/D,Colisión,Ninguna,Vertical,Vegetación,Sin restricción,"-32.907833333333,-60.714027777778","['Sorrento', 'Avenida Provincias Unidas']",2,,-32.907833333333,-60.714027777778,55.0,538.0,Municipio Rosario,Municipio,Rosario,820210,Servicio de Catastro e Información Territorial,IGN
2018,8206,2018-10-23,Martes,0.0,07:20:00,,0.0,2,"Moto/Ciclomotor,Automóvil",Sarmiento Y Av. Pellegrini,2,1,0,0,1,0,0,"-32.957277777778,-60.640888888889",Calle,,ROSARIO,Rosario,Asfalto,No existe,II,Dentro,Urbana,Semáforo,Funciona,Intersección,Bueno,Buena,Diurna,Buen Tiempo,Lateral,S/D,Colisión,Ninguna,Vertical,S/D,Sin restricción,"-32.957277777778,-60.640888888889","['Sarmiento', 'Pellegrini']",2,,-32.957277777778,-60.640888888889,55.0,538.0,Municipio Rosario,Municipio,Rosario,820210,Servicio de Catastro e Información Territorial,IGN
2018,8211,2018-07-10,Martes,0.0,20:40:00,,0.0,2,"Moto/Ciclomotor,Automóvil",Republica de Irak Y Medrano,3,1,0,0,0,1,1,"-32.88676,-60.70352",Calle,,ROSARIO,Rosario,Asfalto,No existe,II,Dentro,Urbana,Ninguna,No existe,Intersección,Bueno,Buena,Nocturna,Buen Tiempo,Lateral,S/D,Colisión,Ninguna,Faltante,Cordón divisorio,Sin restricción,"-32.88676,-60.70352","['República de Irak', 'Medrano']",2,,-32.88676,-60.70352,55.0,538.0,Municipio Rosario,Municipio,Rosario,820210,Servicio de Catastro e Información Territorial,IGN
2018,8219,2018-07-01,Domingo,0.0,14:30:00,,0.0,2,"Moto/Ciclomotor,Automóvil",Virasoro Y Buenos Aires,7,1,0,0,5,1,0,"-32.97083,-60.63869",Calle,,ROSARIO,Rosario,Asfalto,No existe,II,Dentro,Urbana,Ninguna,No existe,Intersección,Bueno,S/D,Diurna,S/D,Lateral,S/D,Colisión,Ninguna,Horizontal,Ninguna,Sin restricción,"-32.97083,-60.63869","['Virasoro', 'Buenos Aires']",2,,-32.97083,-60.63869,55.0,538.0,Municipio Rosario,Municipio,Rosario,820210,Servicio de Catastro e Información Territorial,IGN
2018,8226,2018-08-05,Domingo,0.0,15:35:00,,0.0,2,"Moto/Ciclomotor,Bicicleta",Av. Pellegrini Y L.N.Alem,2,0,1,0,0,1,0,"-32.95901,-60.63102",Avenida,,ROSARIO,Rosario,Asfalto,No existe,II,S/D,Urbana,Semáforo,Funciona,Intersección,Bueno,S/D,Diurna,S/D,S/D,Ciclista,Atropello,Ninguna,"Horizontal,Vertical","Ninguna,S/D",Sin restricción,"-32.95901,-60.63102","['Pellegrini', 'Alem']",2,,-32.95901,-60.63102,55.0,538.0,Municipio Rosario,Municipio,Rosario,820210,Servicio de Catastro e Información Territorial,IGN
2018,8228,2018-10-10,Miercoles,0.0,21:30:00,,0.0,2,"Moto/Ciclomotor,Otros",Mr.Ross Y Pte.Roca,2,0,1,0,1,0,0,"-32.987,-60.655666666667",Calle,,ROSARIO,Rosario,Asfalto,No existe,II,Dentro,Urbana,Ninguna,No existe,Intersección,Bueno,Buena,Nocturna,Buen Tiempo,Lateral,S/D,Colisión,Ninguna,Faltante,Ninguna,Sin restricción,"-32.987,-60.655666666667","['Rodrigo M. Ross', 'Roca']",2,,-32.987,-60.655666666667,55.0,538.0,Municipio Rosario,Municipio,Rosario,820210,Servicio de Catastro e Información Territorial,IGN
2018,8229,2018-10-11,Jueves,0.0,17:25:00,,0.0,2,"Automóvil,Moto/Ciclomotor",San Martin Y Gaboto,2,1,0,0,1,0,0,"-32.973611111111,-60.643472222222",Calle,,ROSARIO,Rosario,Asfalto,No existe,II,Dentro,Urbana,Ninguna,Funciona,Intersección,Bueno,Buena,Diurna,Buen Tiempo,Lateral,S/D,Colisión,Ninguna,Faltante,Línea divisoria pintada,Sin restricción,"-32.973611111111,-60.643472222222","['San Martin', 'Gaboto']",2,,-32.973611111111,-60.643472222222,55.0,538.0,Municipio Rosario,Municipio,Rosario,820210,Servicio de Catastro e Información Territorial,IGN
2018,8230,2018-10-10,Miercoles,0.0,12:05:00,,0.0,2,"Taxi/Remis,Bicicleta",Mitre Y Pte.Quintana,2,1,0,0,1,0,0,"-32.982277777778,-60.648638888889",Calle,,ROSARIO,Rosario,Asfalto,No existe,II,Dentro,Urbana,Ninguna,No existe,Intersección,Bueno,Buena,Diurna,Buen Tiempo,S/D,Ciclista,Atropello,Ninguna,Faltante,Ninguna,Sin restricción,"-32.982277777778,-60.648638888889","['Mitre', 'Quintana']",2,,-32.982277777778,-60.648638888889,55.0,538.0,Municipio Rosario,Municipio,Rosario,820210,Servicio de Catastro e Información Territorial,IGN
2018,8231,2018-10-23,Martes,0.0,12:40:00,,0.0,2,"Peatón,Automóvil",San Juan 900,2,1,0,0,1,0,0,"-32.950694444444,-60.636222222222",S/D,,ROSARIO,Rosario,S/D,S/D,II,S/D,Urbana,S/D,S/D,Recta,S/D,S/D,Diurna,S/D,S/D,Peatón,Atropello,S/D,S/D,S/D,S/D,"-32.950694444444,-60.636222222222",['San Juan 900'],1,,-32.950694444444,-60.636222222222,55.0,538.0,Municipio Rosario,Municipio,Rosario,820210,Servicio de Catastro e Información Territorial,IGN
2018,8232,2018-10-10,Miercoles,0.0,10:00:00,,0.0,2,"Moto/Ciclomotor,Automóvil",Garibaldi Y Entre Rios,3,1,0,0,2,0,0,"-32.98547, -60.65086",Calle,,ROSARIO,Rosario,Asfalto,No existe,II,Dentro,Urbana,Ninguna,No existe,Intersección,Bueno,Buena,Diurna,Buen Tiempo,S/D,S/D,Colisión,Ninguna,Faltante,Ninguna,Sin restricción,"-32.98547, -60.65086","['José Garibaldi', 'Entre Ríos']",2,,-32.98547,-60.65086,55.0,538.0,Municipio Rosario,Municipio,Rosario,820210,Servicio de Catastro e Información Territorial,IGN
2018,8237,2018-10-10,Miercoles,1.0,09:00:00,,0.0,2,"Moto/Ciclomotor,Pickup/Utilitario",Ayacucho Y Pje. Ferran,3,2,0,0,1,0,0,"-33.006444444444,-60.635916666667",Calle,,ROSARIO,Rosario,Asfalto,No existe,II,Dentro,Urbana,Ninguna,No existe,Intersección,Bueno,Buena,Diurna,Buen Tiempo,Lateral,S/D,Colisión,Ninguna,Faltante,Ninguna,Sin restricción,"-33.006444444444,-60.635916666667","['Ayacucho', 'Ferrán']",2,,-33.006444444444,-60.635916666667,55.0,538.0,Municipio Rosario,Municipio,Rosario,820210,Servicio de Catastro e Información Territorial,IGN
2018,8238,2018-10-23,Martes,0.0,17:00:00,,0.0,2,"Moto/Ciclomotor,Bicicleta",Gorriti 1460,2,1,0,0,1,0,0,"-32.9235,-60.682888888889",S/D,,ROSARIO,Rosario,S/D,No existe,II,S/D,S/D,Ninguna,No existe,Recta,Bueno,Buena,Diurna,Buen Tiempo,Otro,Ciclista,Atropello,Ninguna,Faltante,Ninguna,Sin restricción,"-32.9235,-60.682888888889",['Gorriti 1460'],1,,-32.9235,-60.682888888889,55.0,538.0,Municipio Rosario,Municipio,Rosario,820210,Servicio de Catastro e Información Territorial,IGN
2018,8240,2018-10-23,Martes,0.0,10:35:00,,0.0,2,"Moto/Ciclomotor,Moto/Ciclomotor",Pasco Y Entre Rios,2,1,0,0,1,0,0,"-32.959055555556,-60.64425",S/D,,ROSARIO,Rosario,S/D,S/D,II,S/D,Urbana,S/D,S/D,Intersección,S/D,S/D,Diurna,S/D,S/D,S/D,Colisión,S/D,S/D,S/D,S/D,"-32.959055555556,-60.64425","['Pasco', 'Entre Ríos']",2,,-32.959055555556,-60.64425,55.0,538.0,Municipio Rosario,Municipio,Rosario,820210,Servicio de Catastro e Información Territorial,IGN
2018,8241,2018-10-11,Jueves,0.0,19:00:00,,0.0,2,"Automóvil,Automóvil",San Martin Y Av. Uriburu,3,1,0,0,2,0,0,"-32.990666666667,-60.646638888889",Avenida,,ROSARIO,Rosario,Asfalto,No existe,II,Dentro,Urbana,Ninguna,Funciona,Intersección,Bueno,Buena,Nocturna,Buen Tiempo,De alcance,S/D,Colisión,Ninguna,Faltante,Ninguna,Sin restricción,"-32.990666666667,-60.646638888889","['San Martin', 'Uriburu']",2,,-32.990666666667,-60.646638888889,55.0,538.0,Municipio Rosario,Municipio,Rosario,820210,Servicio de Catastro e Información Territorial,IGN
2018,8243,2018-10-23,Martes,0.0,19:20:00,,0.0,2,"Automóvil,Automóvil",Ombu Y Cereseto,4,3,0,0,1,0,0,"-33.006722222222,-60.673694444444",Calle,,ROSARIO,Rosario,Asfalto,No existe,II,Dentro,Urbana,S/D,S/D,Intersección,S/D,S/D,Atardecer,S/D,S/D,S/D,Colisión,S/D,S/D,S/D,S/D,"-33.006722222222,-60.673694444444","['Ombú', 'Cereseto']",2,,-33.006722222222,-60.673694444444,55.0,538.0,Municipio Rosario,Municipio,Rosario,820210,Servicio de Catastro e Información Territorial,IGN
2018,8244,2018-10-10,Miercoles,0.0,08:30:00,,0.0,2,"Moto/Ciclomotor,Transporte de Pasajeros Urbano (> 8 asientos)",Anchorena Y Pavon,2,1,0,0,1,0,0,"-32.997305555556,-60.634305555556",Calle,,ROSARIO,Rosario,Asfalto,No existe,II,Dentro,Urbana,Ninguna,No existe,Intersección,Bueno,Buena,Diurna,Buen Tiempo,Lateral,S/D,Colisión,Ninguna,Faltante,Ninguna,Sin restricción,"-32.997305555556,-60.634305555556","['Anchorena', 'Pavón']",2,,-32.997305555556,-60.634305555556,55.0,538.0,Municipio Rosario,Municipio,Rosario,820210,Servicio de Catastro e Información Territorial,IGN
2018,8245,2018-10-23,Martes,0.0,21:20:00,,0.0,2,"Moto/Ciclomotor,Moto/Ciclomotor",Cafferata Y Dean Funes,4,2,0,0,0,0,2,"-32.96975,-60.678361111111",Calle,,ROSARIO,Rosario,Asfalto,S/D,II,Dentro,Urbana,S/D,S/D,Intersección,S/D,Buena,"Nocturna,Con luz artificial",S/D,S/D,S/D,Colisión,S/D,S/D,S/D,S/D,"-32.96975,-60.678361111111","['Cafferata', 'Deán Gregorio Funes']",2,,-32.96975,-60.678361111111,55.0,538.0,Municipio Rosario,Municipio,Rosario,820210,Servicio de Catastro e Información Territorial,IGN
2018,8271,2018-10-10,Miercoles,0.0,07:50:00,,0.0,2,"Moto/Ciclomotor,Automóvil",Saavedra Y Callao,2,1,0,0,1,0,0,"-32.974,-60.668027777778",Calle,,ROSARIO,Rosario,Asfalto,No existe,II,Dentro,Urbana,Ninguna,No existe,Intersección,Bueno,Buena,Diurna,Buen Tiempo,Lateral,S/D,Colisión,Ninguna,Faltante,Ninguna,Sin restricción,"-32.974,-60.668027777778","['Saavedra', 'Callao']",2,,-32.974,-60.668027777778,55.0,538.0,Municipio Rosario,Municipio,Rosario,820210,Servicio de Catastro e Información Territorial,IGN
2018,8273,2018-10-12,Viernes,0.0,21:00:00,,0.0,2,"Moto/Ciclomotor,Automóvil",Entre Rios Y Milan,2,1,0,0,1,0,0,"-32.990055555556,-60.652083333333",Calle,,ROSARIO,Rosario,Asfalto,No existe,II,Dentro,Urbana,Ninguna,No existe,Intersección,Bueno,Buena,Nocturna,Buen Tiempo,Lateral,S/D,Colisión,Ninguna,Faltante,Ninguna,Sin restricción,"-32.990055555556,-60.652083333333","['Entre Ríos', 'Milán']",2,,-32.990055555556,-60.652083333333,55.0,538.0,Municipio Rosario,Municipio,Rosario,820210,Servicio de Catastro e Información Territorial,IGN
2018,8275,2018-10-15,Lunes,0.0,15:20:00,,0.0,2,"Moto/Ciclomotor,Automóvil",Piedras Y Balcarce,2,1,0,0,1,0,0,"-33.007333333333,-60.663194444444",Calle,,ROSARIO,Rosario,Asfalto,No existe,II,Dentro,Urbana,Ninguna,S/D,Intersección,S/D,Buena,Diurna,S/D,S/D,S/D,Colisión,S/D,Faltante,S/D,Sin restricción,"-33.007333333333,-60.663194444444","['Piedras', 'Balcarce']",2,,-33.007333333333,-60.663194444444,55.0,538.0,Municipio Rosario,Municipio,Rosario,820210,Servicio de Catastro e Información Territorial,IGN
2018,8279,2018-10-12,Viernes,0.0,09:00:00,,0.0,2,"Automóvil,Moto/Ciclomotor",Av. Francia ,2,1,0,0,1,0,0,"-32.96711, -60.6719",Calle,,ROSARIO,Rosario,Asfalto,No existe,II,S/D,Urbana,S/D,S/D,Intersección,S/D,Buena,Diurna,S/D,S/D,S/D,Colisión,Ninguna,S/D,Cordón divisorio,Sin restricción,"-32.96711, -60.6719",['Francia'],1,,-32.96711,-60.6719,55.0,538.0,Municipio Rosario,Municipio,Rosario,820210,Servicio de Catastro e Información Territorial,IGN
2018,8281,2018-10-27,Sabado,0.0,19:30:00,,0.0,2,"Pickup/Utilitario,Moto/Ciclomotor",Saavedra Y Mariano Moreno,2,1,0,0,1,0,0,"-32.975694444444,-60.6585",Calle,,ROSARIO,Rosario,S/D,S/D,II,S/D,Urbana,S/D,S/D,Intersección,S/D,S/D,S/D,S/D,S/D,S/D,Colisión,S/D,S/D,S/D,S/D,"-32.975694444444,-60.6585","['Saavedra', 'Mariano Moreno']",2,,-32.975694444444,-60.6585,55.0,538.0,Municipio Rosario,Municipio,Rosario,820210,Servicio de Catastro e Información Territorial,IGN
2018,8286,2018-10-14,Domingo,0.0,14:40:00,,0.0,2,"Vehículo Oficial,Moto/Ciclomotor",Cazadores Y Melian,3,2,0,0,1,0,0,"-33.004333333333,-60.659777777778",Calle,,ROSARIO,Rosario,Asfalto,S/D,II,Dentro,Urbana,S/D,S/D,Intersección,S/D,Buena,Diurna,S/D,S/D,S/D,Colisión,S/D,S/D,S/D,Sin restricción,"-33.004333333333,-60.659777777778","['Cazadores', 'José Melian']",2,,-33.004333333333,-60.659777777778,55.0,538.0,Municipio Rosario,Municipio,Rosario,820210,Servicio de Catastro e Información Territorial,IGN
2018,8289,2018-10-28,Domingo,0.0,,,0.0,2,"Moto/Ciclomotor,Automóvil",San Martin Y Garibaldi,2,1,0,0,0,0,1,"-32.986333333333,-60.645888888889",Calle,,ROSARIO,Rosario,S/D,S/D,II,S/D,Urbana,S/D,S/D,Intersección,S/D,S/D,S/D,S/D,S/D,S/D,Colisión,S/D,S/D,S/D,S/D,"-32.986333333333,-60.645888888889","['San Martin', 'José Garibaldi']",2,,-32.986333333333,-60.645888888889,55.0,538.0,Municipio Rosario,Municipio,Rosario,820210,Servicio de Catastro e Información Territorial,IGN