anio_acci,nro_acci,fecha,desc_dia,fecha_aprox,hora_aprox,desc_ruta,km,cant_participantes,desc_participante,calle_avenida_km,total,heridos_leves,heridos_graves,heridos_gravisimos,ilesos,fallecidos,sin_datos,posicion_XY,desc_tipo_via,desc_ruta_ori,desc_loc,desc_dpto,desc_tipo_calzada,desc_tipo_banquina,desc_unidad_regional,desc_lugar_calzada,desc_zona,desc_prioridad,desc_estado_semaforo,desc_lugar_via,desc_estado_via,desc_estado_visibilidad,desc_luminosidad,desc_estado_clima,desc_tipo_colision,desc_tipo_atropello,desc_tipo_hecho,desc_pres_calzada,desc_senializacion,desc_separacion_via,desc_restriccion,forma_geocod,calle_lista,numero_calles,calles_osm,lat,lon,index_right,gid,fna,gna,nam,in1,fdc,sag
2018,8291,2018-10-13,Sabado,0.0,13:45:00,,0.0,2,"Moto/Ciclomotor,Pickup/Utilitario",Rivadavia Y Av. Francia,2,1,0,0,1,0,0,"-32.98908, -60.67763",Avenida,,ROSARIO,Rosario,Asfalto,No existe,II,Dentro,Urbana,Ninguna,S/D,Intersección,Bueno,Buena,Diurna,S/D,S/D,S/D,Colisión,S/D,S/D,Cordón divisorio,Sin restricción,"-32.98908, -60.67763","['Rivadavia', 'Avenida Francia']",2,,-32.98908,-60.67763,55.0,538.0,Municipio Rosario,Municipio,Rosario,820210,Servicio de Catastro e Información Territorial,IGN
2018,8293,2018-10-13,Sabado,0.0,15:00:00,,0.0,2,"Moto/Ciclomotor,Automóvil",Pje. Cagancha Y Av. Francia,2,1,0,0,1,0,0,"-32.981944444444,-60.675888888889",Avenida,,ROSARIO,Rosario,Asfalto,No existe,II,S/D,Urbana,Ninguna,No existe,Intersección,S/D,Buena,Diurna,S/D,S/D,S/D,Colisión,S/D,S/D,S/D,Sin restricción,"-32.981944444444,-60.675888888889","['Cagancha', 'Avenida Francia']",2,,-32.981944444444,-60.675888888889,55.0,538.0,Municipio Rosario,Municipio,Rosario,820210,Servicio de Catastro e Información Territorial,IGN
2018,8295,2018-10-13,Sabado,0.0,12:20:00,,0.0,2,"Automóvil,Moto/Ciclomotor",Sanchez de Bustamante 2700,2,1,0,0,1,0,0,"-33.001555555556,-60.635555555556",Calle,,ROSARIO,Rosario,Asfalto,No existe,II,Dentro,Urbana,S/D,S/D,Intersección,S/D,Buena,Diurna,S/D,S/D,S/D,Colisión,S/D,S/D,S/D,Sin restricción,"-33.001555555556,-60.635555555556",['Sanchez De Bustamante 2700'],1,,-33.001555555556,-60.635555555556,55.0,538.0,Municipio Rosario,Municipio,Rosario,820210,Servicio de Catastro e Información Territorial,IGN
2018,8304,2018-10-12,Viernes,0.0,12:40:00,,0.0,2,"Automóvil,Bicicleta",Callao Y Rivadavia,3,1,0,0,2,0,0,"-32.99008, -60.67208",Calle,,ROSARIO,Rosario,Asfalto,No existe,II,Dentro,Urbana,Ninguna,S/D,Intersección,Bueno,Buena,Diurna,S/D,S/D,Ciclista,Atropello,S/D,S/D,S/D,Sin restricción,"-32.99008, -60.67208","['Callao', 'Rivadavia']",2,,-32.99008,-60.67208,55.0,538.0,Municipio Rosario,Municipio,Rosario,820210,Servicio de Catastro e Información Territorial,IGN
2018,8306,2018-10-12,Viernes,0.0,21:10:00,,0.0,2,"Moto/Ciclomotor,Automóvil",Bv. Avellaneda Y Uruguay,2,1,0,0,1,0,0,"-32.969444444444,-60.68675",Avenida,,ROSARIO,Rosario,Asfalto,S/D,II,Dentro,Urbana,Ninguna,S/D,Intersección,Bueno,S/D,Nocturna,Buen Tiempo,S/D,S/D,Colisión,S/D,S/D,Cordón divisorio,S/D,"-32.969444444444,-60.68675","['Avellaneda', 'Uruguay']",2,,-32.969444444444,-60.68675,55.0,538.0,Municipio Rosario,Municipio,Rosario,820210,Servicio de Catastro e Información Territorial,IGN
2018,8308,2018-10-11,Jueves,0.0,,,0.0,2,"Automóvil,Transporte de Pasajeros Urbano (> 8 asientos)",Av. Pte.Peron 6800,2,1,0,0,1,0,0,"-32.96856, -60.71272",Avenida,,ROSARIO,Rosario,Asfalto,No existe,II,Dentro,Urbana,Semáforo,Funciona,Intersección,Bueno,Buena,"Nocturna,Con luz artificial",Buen Tiempo,Lateral,S/D,Colisión,Ninguna,"Horizontal,Vertical",Cordón divisorio,Sin restricción,"-32.96856, -60.71272",['Presidenteperon 6800'],1,,-32.96856,-60.71272,55.0,538.0,Municipio Rosario,Municipio,Rosario,820210,Servicio de Catastro e Información Territorial,IGN
2018,8309,2018-10-18,Jueves,0.0,23:00:00,,0.0,2,"Pickup/Utilitario,Moto/Ciclomotor",Danieri 3000,5,1,1,0,3,0,0,"-32.964861111111,-60.723611111111",Calle,,ROSARIO,Rosario,Asfalto,No existe,II,Dentro,Urbana,Ninguna,No existe,Intersección,Con baches,Buena,Nocturna,Buen Tiempo,De alcance,S/D,Colisión,Ninguna,Faltante,Ninguna,Sin restricción,"-32.964861111111,-60.723611111111",['Danieri 3000'],1,,-32.964861111111,-60.723611111111,55.0,538.0,Municipio Rosario,Municipio,Rosario,820210,Servicio de Catastro e Información Territorial,IGN
2018,8313,2018-10-13,Sabado,0.0,05:40:00,,0.0,1,Moto/Ciclomotor,Riobamba ,1,0,1,0,0,0,0,"-32.96558, -60.62789",Calle,,ROSARIO,Rosario,Asfalto,No existe,II,Dentro,Urbana,Ninguna,No existe,Intersección,Con baches,Buena,Nocturna,Buen Tiempo,Otro,S/D,Despiste,Ninguna,Faltante,Ninguna,Sin restricción,"-32.96558, -60.62789",['Riobamba'],1,,-32.96558,-60.62789,55.0,538.0,Municipio Rosario,Municipio,Rosario,820210,Servicio de Catastro e Información Territorial,IGN
2018,8314,2018-10-29,Lunes,0.0,03:00:00,,0.0,2,"Bicicleta,Moto/Ciclomotor",Biedma Y Rodriguez,2,0,1,0,1,0,0,"-32.977666666667,-60.667555555556",Calle,,ROSARIO,Rosario,S/D,S/D,II,S/D,Urbana,S/D,S/D,Intersección,S/D,S/D,S/D,S/D,S/D,Ciclista,Atropello,S/D,S/D,S/D,S/D,"-32.977666666667,-60.667555555556","['Coronel Biedma', 'Rodríguez']",2,,-32.977666666667,-60.667555555556,55.0,538.0,Municipio Rosario,Municipio,Rosario,820210,Servicio de Catastro e Información Territorial,IGN
2018,8317,2018-10-29,Lunes,0.0,08:00:00,,0.0,1,Automóvil,Mitre 1600,1,1,0,0,0,0,0,"-32.955888888889,-60.642",Calle,,ROSARIO,Rosario,S/D,S/D,II,S/D,Urbana,S/D,S/D,Intersección,S/D,S/D,S/D,S/D,Contra objeto fijo,S/D,Colisión,S/D,S/D,S/D,S/D,"-32.955888888889,-60.642",['Mitre 1600'],1,,-32.955888888889,-60.642,55.0,538.0,Municipio Rosario,Municipio,Rosario,820210,Servicio de Catastro e Información Territorial,IGN
2018,8324,2018-10-06,Sabado,0.0,08:55:00,,0.0,2,"Moto/Ciclomotor,Taxi/Remis",Av. Eva Peron Y Sanchez de Loria,2,1,0,0,1,0,0,"-32.929611111111,-60.732138888889",Calle,,ROSARIO,Rosario,Asfalto,No existe,II,Dentro,Urbana,Ninguna,S/D,Intersección,Bueno,Buena,Diurna,Buen Tiempo,S/D,S/D,Colisión,Ninguna,S/D,Ninguna,Sin restricción,"-32.929611111111,-60.732138888889","['Avenida Eva Perón', 'Sánchez de Loria']",2,,-32.929611111111,-60.732138888889,55.0,538.0,Municipio Rosario,Municipio,Rosario,820210,Servicio de Catastro e Información Territorial,IGN
2018,8325,2018-10-12,Viernes,0.0,22:45:00,,0.0,2,"Moto/Ciclomotor,Automóvil",Av. De Las Palmeras 3600,3,0,0,2,1,0,0,"-32.97167, -60.73403",Avenida,,ROSARIO,Rosario,Asfalto,No existe,II,Dentro,Urbana,S/D,No existe,Intersección,Bueno,Buena,"Nocturna,Con luz artificial",S/D,S/D,S/D,Colisión,S/D,Faltante,S/D,S/D,"-32.97167, -60.73403",['De Las Palmeras 3600'],1,,-32.97167,-60.73403,55.0,538.0,Municipio Rosario,Municipio,Rosario,820210,Servicio de Catastro e Información Territorial,IGN
2018,8326,2018-10-06,Sabado,0.0,18:30:00,,0.0,2,"Taxi/Remis,Automóvil",Solis Bis 300,4,2,0,0,2,0,0,"-32.92575,-60.703972222222",Calle,,ROSARIO,Rosario,S/D,S/D,II,S/D,Urbana,S/D,S/D,Intersección,S/D,Buena,S/D,S/D,Lateral,S/D,Colisión,S/D,S/D,S/D,S/D,"-32.92575,-60.703972222222",['Solis Bis 300'],1,,-32.92575,-60.703972222222,55.0,538.0,Municipio Rosario,Municipio,Rosario,820210,Servicio de Catastro e Información Territorial,IGN
2018,8327,2018-10-06,Sabado,0.0,12:00:00,,0.0,2,"Bicicleta,Automóvil",Velez Sarsfield Y Campbell Bis,2,1,0,0,1,0,0,"-32.925861111111,-60.708583333333",Calle,,ROSARIO,Rosario,Asfalto,S/D,II,S/D,Urbana,S/D,S/D,Intersección,Bueno,Buena,S/D,Buen Tiempo,Lateral,Ciclista,Atropello,S/D,S/D,S/D,S/D,"-32.925861111111,-60.708583333333","['Vélez Sarsfield', 'Campbell']",2,,-32.925861111111,-60.708583333333,55.0,538.0,Municipio Rosario,Municipio,Rosario,820210,Servicio de Catastro e Información Territorial,IGN
2018,8328,2018-10-06,Sabado,0.0,10:25:00,,0.0,2,"Automóvil,Moto/Ciclomotor",Av. Eva Peron Y Dr.Maradona Bis,2,1,0,0,1,0,0,"-32.926416666667,-60.752194444444",Avenida,,ROSARIO,Rosario,Asfalto,No existe,II,Dentro,Urbana,Ninguna,S/D,Intersección,Bueno,Buena,Diurna,Buen Tiempo,S/D,S/D,Colisión,Ninguna,S/D,Ninguna,Sin restricción,"-32.926416666667,-60.752194444444","['Avenida Eva Perón', 'Doctor Maradona']",2,,-32.926416666667,-60.752194444444,55.0,538.0,Municipio Rosario,Municipio,Rosario,820210,Servicio de Catastro e Información Territorial,IGN
2018,8333,2018-10-10,Miercoles,0.0,20:30:00,,0.0,3,"Bicicleta,Bicicleta,Automóvil",Nicaragua 1200,3,2,0,0,1,0,0,"-32.942666666667,-60.720583333333",Calle,,ROSARIO,Rosario,Asfalto,Pavimento,II,Dentro,Urbana,Ninguna,S/D,Recta,Bueno,S/D,"Nocturna,Con luz artificial",S/D,Contra objeto fijo,S/D,Colisión,S/D,S/D,Ninguna,Sin restricción,"-32.942666666667,-60.720583333333",['Nicaragua 1200'],1,,-32.942666666667,-60.720583333333,55.0,538.0,Municipio Rosario,Municipio,Rosario,820210,Servicio de Catastro e Información Territorial,IGN
2018,8335,2018-10-12,Viernes,0.0,17:45:00,,0.0,2,"Peatón,Taxi/Remis",Av. Eudoro Carrasco ,2,1,0,0,1,0,0,"-32.884972222222,-60.687861111111",Calle,,ROSARIO,Rosario,Asfalto,No existe,II,Dentro,Urbana,Ninguna,No existe,Recta,Bueno,Buena,Diurna,Buen Tiempo,Otro,Peatón,Atropello,Ninguna,Faltante,Ninguna,Sin restricción,"-32.884972222222,-60.687861111111",['Eudnicasio Oroño Carrasco'],1,,-32.884972222222,-60.687861111111,55.0,538.0,Municipio Rosario,Municipio,Rosario,820210,Servicio de Catastro e Información Territorial,IGN
2018,8337,2018-10-06,Sabado,0.0,00:20:00,,0.0,2,"Moto/Ciclomotor,Moto/Ciclomotor",Bv. Segui Y Av. Ovidio Lagos,4,3,1,0,0,0,0,"-32.974972222222,-60.669222222222",Avenida,,ROSARIO,Rosario,Asfalto,S/D,II,Dentro,Urbana,S/D,Funciona,Intersección,S/D,S/D,"Nocturna,Con luz artificial",S/D,S/D,S/D,Colisión,S/D,S/D,Cordón divisorio,S/D,"-32.974972222222,-60.669222222222","['Bulevar Juan Francisco Seguí', 'Avenida Ovidio Lagos']",2,,-32.974972222222,-60.669222222222,55.0,538.0,Municipio Rosario,Municipio,Rosario,820210,Servicio de Catastro e Información Territorial,IGN
2018,8338,2018-10-17,Miercoles,0.0,01:10:00,,0.0,3,"Camión,Automóvil,Automóvil",Bv. Oro?o Y Av. Ovidio Lagos,4,1,0,0,3,0,0,"-32.98205, -60.67134",S/D,,ROSARIO,Rosario,S/D,S/D,II,S/D,S/D,S/D,S/D,S/D,S/D,S/D,S/D,S/D,S/D,S/D,S/D,S/D,S/D,S/D,S/D,"-32.98205, -60.67134","['Bulevar Nicasio Oroño', 'Avenida Ovidio Lagos']",2,,-32.98205,-60.67134,55.0,538.0,Municipio Rosario,Municipio,Rosario,820210,Servicio de Catastro e Información Territorial,IGN
2018,8339,2018-10-06,Sabado,0.0,14:30:00,,0.0,2,"Moto/Ciclomotor,Automóvil",Av. Uriburu Y Suipacha,2,0,1,0,1,0,0,"-32.991611111111,-60.676666666667",Avenida,,ROSARIO,Rosario,Asfalto,S/D,II,S/D,Urbana,S/D,S/D,Intersección,S/D,S/D,Diurna,S/D,S/D,S/D,Colisión,S/D,S/D,Cordón divisorio,S/D,"-32.991611111111,-60.676666666667","['Uriburu', 'Suipacha']",2,,-32.991611111111,-60.676666666667,55.0,538.0,Municipio Rosario,Municipio,Rosario,820210,Servicio de Catastro e Información Territorial,IGN
2018,8341,2018-10-17,Miercoles,0.0,02:50:00,,0.0,2,"Automóvil,Bicicleta",JUAN PABLO II Y AV. OVIDIO LAGOS,2,1,0,0,1,0,0,"-33.00691, -60.67672",S/D,,ROSARIO,Rosario,S/D,S/D,II,S/D,S/D,S/D,S/D,S/D,S/D,S/D,S/D,S/D,S/D,Ciclista,Atropello,S/D,S/D,S/D,S/D,"-33.00691, -60.67672","['Juan Pablo II', 'Avenida Ovidio Lagos']",2,,-33.00691,-60.67672,55.0,538.0,Municipio Rosario,Municipio,Rosario,820210,Servicio de Catastro e Información Territorial,IGN
2018,8343,2018-10-06,Sabado,0.0,15:00:00,,0.0,2,"Automóvil,Moto/Ciclomotor",Bv. Avellaneda Y Gaboto,3,1,1,0,1,0,0,"-32.966,-60.685805555556",Calle,,ROSARIO,Rosario,Asfalto,S/D,II,Dentro,Urbana,S/D,S/D,Intersección,S/D,S/D,Diurna,S/D,S/D,S/D,Colisión,S/D,S/D,Cordón divisorio,S/D,"-32.966,-60.685805555556","['Avellaneda', 'Gaboto']",2,,-32.966,-60.685805555556,55.0,538.0,Municipio Rosario,Municipio,Rosario,820210,Servicio de Catastro e Información Territorial,IGN
2018,8350,2018-10-15,Lunes,0.0,18:30:00,,0.0,2,"Automóvil,Automóvil",Av. Provincias Unidas Y Av. Sorrento,2,1,0,0,1,0,0,"-32.907833333333,-60.714027777778",Avenida,,ROSARIO,Rosario,Asfalto,Natural,II,Dentro,Urbana,Ninguna,No existe,Rotonda,Bueno,Buena,Atardecer,Buen Tiempo,Otro,S/D,Vuelco,Ninguna,Faltante,Vegetación,Sin restricción,"-32.907833333333,-60.714027777778","['Avenida Provincias Unidas', 'Sorrento']",2,,-32.907833333333,-60.714027777778,55.0,538.0,Municipio Rosario,Municipio,Rosario,820210,Servicio de Catastro e Información Territorial,IGN
2018,8351,2018-10-06,Sabado,0.0,17:00:00,,0.0,2,"Automóvil,Automóvil",Lima Y Riobamba,3,2,0,0,1,0,0,"-32.954944444444,-60.687416666667",Calle,,ROSARIO,Rosario,Asfalto,No existe,II,S/D,Urbana,Ninguna,No existe,Intersección,Bueno,Buena,Diurna,Buen Tiempo,Lateral,S/D,Colisión,Ninguna,S/D,Ninguna,Sin restricción,"-32.954944444444,-60.687416666667","['Lima', 'Riobamba']",2,,-32.954944444444,-60.687416666667,55.0,538.0,Municipio Rosario,Municipio,Rosario,820210,Servicio de Catastro e Información Territorial,IGN
2018,8352,2018-10-06,Sabado,0.0,09:20:00,,0.0,2,"Automóvil,Moto/Ciclomotor",Entre Rios Y Garay,2,1,0,0,1,0,0,"-32.973972222222,-60.648027777778",Calle,,ROSARIO,Rosario,S/D,S/D,II,S/D,Urbana,S/D,S/D,Intersección,S/D,S/D,Diurna,S/D,S/D,S/D,Colisión,S/D,S/D,S/D,S/D,"-32.973972222222,-60.648027777778","['Entre Ríos', 'Garay']",2,,-32.973972222222,-60.648027777778,55.0,538.0,Municipio Rosario,Municipio,Rosario,820210,Servicio de Catastro e Información Territorial,IGN
2018,8356,2018-10-06,Sabado,0.0,17:25:00,,0.0,2,"Taxi/Remis,Moto/Ciclomotor",Buenos Aires Y Esteban de Luca,2,1,0,0,1,0,0,"-32.994777777778,-60.644638888889",Calle,,ROSARIO,Rosario,Asfalto,No existe,II,S/D,Urbana,Ninguna,Funciona,Intersección,Bueno,Buena,Diurna,Buen Tiempo,Lateral,S/D,Colisión,Ninguna,Vertical,Ninguna,Sin restricción,"-32.994777777778,-60.644638888889","['Buenos Aires', 'Esteban de Luca']",2,,-32.994777777778,-60.644638888889,55.0,538.0,Municipio Rosario,Municipio,Rosario,820210,Servicio de Catastro e Información Territorial,IGN
2018,8360,2018-10-06,Sabado,0.0,20:45:00,,0.0,3,"Moto/Ciclomotor,Moto/Ciclomotor,Moto/Ciclomotor",Alvear Bis 126,3,2,0,0,1,0,0,"-32.932694444444,-60.651944444444",Calle,,ROSARIO,Rosario,S/D,S/D,II,S/D,Urbana,S/D,S/D,Otro,S/D,S/D,Nocturna,S/D,S/D,S/D,Colisión,S/D,S/D,S/D,S/D,"-32.932694444444,-60.651944444444",['Alvear Bis 126'],1,,-32.932694444444,-60.651944444444,55.0,538.0,Municipio Rosario,Municipio,Rosario,820210,Servicio de Catastro e Información Territorial,IGN
2018,8361,2018-10-06,Sabado,0.0,16:40:00,,0.0,2,"Automóvil,Moto/Ciclomotor",Av. Pellegrini Y Mariano Moreno,3,2,0,0,1,0,0,"-32.955166666667,-60.653333333333",Avenida,,ROSARIO,Rosario,S/D,S/D,II,S/D,Urbana,S/D,S/D,Intersección,S/D,S/D,Diurna,S/D,S/D,S/D,Colisión,S/D,S/D,S/D,S/D,"-32.955166666667,-60.653333333333","['Pellegrini', 'Mariano Moreno']",2,,-32.955166666667,-60.653333333333,55.0,538.0,Municipio Rosario,Municipio,Rosario,820210,Servicio de Catastro e Información Territorial,IGN
2018,8363,2018-10-06,Sabado,0.0,15:30:00,,0.0,2,"Automóvil,Automóvil",Montevideo Y Mitre,2,1,0,0,1,0,0,"-32.955888888889,-60.642",Calle,,ROSARIO,Rosario,S/D,S/D,II,S/D,Urbana,S/D,No existe,Intersección,Bueno,S/D,Diurna,Buen Tiempo,S/D,S/D,Colisión,S/D,S/D,S/D,S/D,"-32.955888888889,-60.642","['Montevideo', 'Mitre']",2,,-32.955888888889,-60.642,55.0,538.0,Municipio Rosario,Municipio,Rosario,820210,Servicio de Catastro e Información Territorial,IGN
2018,8372,2018-09-21,Viernes,0.0,16:45:00,,0.0,2,"Automóvil,Moto/Ciclomotor",Chaco Bis Y Av. Genova,5,2,1,0,2,0,0,"-32.915527777778,-60.6965",Avenida,,ROSARIO,Rosario,Asfalto,Pavimento,II,Dentro,Urbana,Señal Pare,No existe,Intersección,Bueno,Buena,Diurna,Buen Tiempo,Frontal,S/D,Colisión,Ninguna,Vertical,Ninguna,Sin restricción,"-32.915527777778,-60.6965","['Chaco', 'Genova']",2,,-32.915527777778,-60.6965,55.0,538.0,Municipio Rosario,Municipio,Rosario,820210,Servicio de Catastro e Información Territorial,IGN
2018,8381,2018-08-26,Domingo,0.0,11:25:00,,0.0,1,Automóvil,Mendoza Y Sanchez de Loria,2,0,1,0,0,1,0,"-32.9402,-60.73171",Calle,,ROSARIO,Rosario,Asfalto,Pavimento,II,Fuera,Urbana,Semáforo,Funciona,Recta,Bueno,Buena,"Diurna,Con luz artificial",S/D,Contra objeto fijo,S/D,Colisión,S/D,Vertical,Cordón divisorio,Sin restricción,"-32.9402,-60.73171","['Mendoza', 'Sánchez de Loria']",2,,-32.9402,-60.73171,55.0,538.0,Municipio Rosario,Municipio,Rosario,820210,Servicio de Catastro e Información Territorial,IGN
2018,8384,2018-10-12,Viernes,0.0,13:45:00,,0.0,2,"Automóvil,Moto/Ciclomotor",San Martin ,3,1,0,0,2,0,0,"-32.98163, -60.64486",Calle,,ROSARIO,Rosario,Asfalto,No existe,II,Dentro,Urbana,Ninguna,No existe,Intersección,S/D,Buena,Diurna,Buen Tiempo,Lateral,S/D,Colisión,Ninguna,Faltante,Ninguna,Sin restricción,"-32.98163, -60.64486",['San Martin'],1,,-32.98163,-60.64486,55.0,538.0,Municipio Rosario,Municipio,Rosario,820210,Servicio de Catastro e Información Territorial,IGN
2018,8387,2018-10-20,Sabado,0.0,08:25:00,,0.0,2,"Pickup/Utilitario,Moto/Ciclomotor",Av. Ovidio Lagos Y Cazadores,2,0,1,0,1,0,0,"-33.00482, -60.6763",Avenida,,ROSARIO,Rosario,S/D,S/D,II,S/D,S/D,S/D,S/D,S/D,S/D,S/D,S/D,S/D,S/D,S/D,S/D,S/D,S/D,S/D,S/D,"-33.00482, -60.6763","['Avenida Ovidio Lagos', 'Cazadores']",2,,-33.00482,-60.6763,55.0,538.0,Municipio Rosario,Municipio,Rosario,820210,Servicio de Catastro e Información Territorial,IGN
2018,8483,2018-10-19,Viernes,0.0,,,0.0,1,Pickup/Utilitario,Alvear 700,1,0,1,0,0,0,0,"-32.942111111111,-60.654333333333",S/D,,ROSARIO,Rosario,S/D,S/D,II,S/D,S/D,S/D,S/D,S/D,S/D,S/D,S/D,S/D,Contra objeto fijo,S/D,S/D,S/D,S/D,S/D,S/D,"-32.942111111111,-60.654333333333",['Alvear 700'],1,,-32.942111111111,-60.654333333333,55.0,538.0,Municipio Rosario,Municipio,Rosario,820210,Servicio de Catastro e Información Territorial,IGN
2018,8488,2018-10-28,Domingo,0.0,19:15:00,,0.0,2,"Automóvil,Camión",Santa Fe Y Carriego,2,1,0,0,1,0,0,"-32.936027777778,-60.688333333333",Calle,,ROSARIO,Rosario,S/D,S/D,II,S/D,Urbana,S/D,S/D,Intersección,S/D,S/D,S/D,S/D,S/D,S/D,Colisión,S/D,S/D,S/D,S/D,"-32.936027777778,-60.688333333333","['Santa Fe', 'Carriego']",2,,-32.936027777778,-60.688333333333,55.0,538.0,Municipio Rosario,Municipio,Rosario,820210,Servicio de Catastro e Información Territorial,IGN
2018,8500,2018-10-30,Martes,0.0,,,0.0,2,"Moto/Ciclomotor,Automóvil",Chaco Bis Y Av. Genova,5,2,0,0,0,0,3,"-32.915527777778,-60.6965",Avenida,,ROSARIO,Rosario,S/D,S/D,II,S/D,Urbana,S/D,S/D,Intersección,S/D,S/D,S/D,S/D,S/D,S/D,Colisión,S/D,S/D,S/D,S/D,"-32.915527777778,-60.6965","['Chaco', 'Genova']",2,,-32.915527777778,-60.6965,55.0,538.0,Municipio Rosario,Municipio,Rosario,820210,Servicio de Catastro e Información Territorial,IGN
2018,8503,2018-10-07,Domingo,0.0,07:30:00,,0.0,2,"Moto/Ciclomotor,Transporte de Pasajeros Urbano (> 8 asientos)",J.Colombres Y Av. Eva Peron,2,1,0,0,1,0,0,"-32.930111111111,-60.72975",Avenida,,ROSARIO,Rosario,Asfalto,No existe,II,Dentro,Urbana,Ninguna,S/D,Recta,Bueno,Buena,Diurna,Buen Tiempo,S/D,S/D,Colisión,Ninguna,S/D,Barrera de hormigón,Sin restricción,"-32.930111111111,-60.72975","['José Colombres', 'Avenida Eva Perón']",2,,-32.930111111111,-60.72975,55.0,538.0,Municipio Rosario,Municipio,Rosario,820210,Servicio de Catastro e Información Territorial,IGN
2018,8507,2018-10-07,Domingo,0.0,21:05:00,,0.0,1,Peatón,Garzon 3800,1,1,0,0,0,0,0,"-32.97314, -60.70438",Calle,,ROSARIO,Rosario,Asfalto,No existe,II,S/D,Urbana,Ninguna,No existe,Intersección,Bueno,Buena,"Nocturna,Con luz artificial",Buen Tiempo,S/D,Peatón,Atropello,Ninguna,Faltante,Ninguna,Sin restricción,"-32.97314, -60.70438",['Garzon 3800'],1,,-32.97314,-60.70438,55.0,538.0,Municipio Rosario,Municipio,Rosario,820210,Servicio de Catastro e Información Territorial,IGN
2018,8509,2018-10-07,Domingo,0.0,06:15:00,,0.0,2,"Automóvil,Automóvil",Entre Rios Y Dean Funes,3,1,0,0,0,0,2,"-32.975138888889,-60.648333333333",Calle,,ROSARIO,Rosario,Asfalto,S/D,II,S/D,Urbana,Ninguna,S/D,Intersección,Bueno,S/D,S/D,Buen Tiempo,Lateral,S/D,Colisión,Ninguna,Faltante,Ninguna,Sin restricción,"-32.975138888889,-60.648333333333","['Entre Ríos', 'Deán Gregorio Funes']",2,,-32.975138888889,-60.648333333333,55.0,538.0,Municipio Rosario,Municipio,Rosario,820210,Servicio de Catastro e Información Territorial,IGN
2018,8511,2018-10-07,Domingo,0.0,04:30:00,,0.0,2,"Pickup/Utilitario,Moto/Ciclomotor",Mariano Moreno Y GÁLVEZ,4,1,0,0,3,0,0,"-32.966527777778,-60.656194444444",Calle,,ROSARIO,Rosario,S/D,S/D,II,S/D,Urbana,S/D,S/D,Intersección,S/D,S/D,Nocturna,S/D,S/D,S/D,Colisión,S/D,S/D,S/D,S/D,"-32.966527777778,-60.656194444444","['Mariano Moreno', 'Glave']",2,,-32.966527777778,-60.656194444444,55.0,538.0,Municipio Rosario,Municipio,Rosario,820210,Servicio de Catastro e Información Territorial,IGN
2018,8512,2018-10-07,Domingo,0.0,17:40:00,,0.0,2,"Moto/Ciclomotor,Automóvil",L.N.Alem 1900,4,2,0,0,2,0,0,"-32.961333333333,-60.631611111111",Calle,,ROSARIO,Rosario,S/D,S/D,II,S/D,Urbana,S/D,S/D,Intersección,S/D,S/D,Diurna,S/D,S/D,S/D,Colisión,S/D,S/D,S/D,S/D,"-32.961333333333,-60.631611111111",['L N Alem 1900'],1,,-32.961333333333,-60.631611111111,55.0,538.0,Municipio Rosario,Municipio,Rosario,820210,Servicio de Catastro e Información Territorial,IGN
2018,8513,2018-10-07,Domingo,0.0,00:30:00,,0.0,2,"Automóvil,Moto/Ciclomotor",9 De Julio Y Rodriguez,3,1,0,0,2,0,0,"-32.950138888889,-60.660611111111",Calle,,ROSARIO,Rosario,S/D,S/D,II,S/D,Urbana,S/D,S/D,Intersección,S/D,S/D,"Nocturna,Con luz artificial",S/D,S/D,S/D,Colisión,S/D,S/D,S/D,S/D,"-32.950138888889,-60.660611111111","['9 de Julio', 'Rodríguez']",2,,-32.950138888889,-60.660611111111,55.0,538.0,Municipio Rosario,Municipio,Rosario,820210,Servicio de Catastro e Información Territorial,IGN
2018,8521,2018-09-01,Sabado,0.0,13:45:00,,0.0,2,"Automóvil,Peatón",Pte.Roca Y San Luis,2,1,0,0,1,0,0,"-32.947803, -60.645772",Calle,,ROSARIO,Rosario,Asfalto,No existe,II,Dentro,Urbana,Paso Peatonal,No existe,Intersección,Bueno,Buena,Diurna,Buen Tiempo,S/D,Peatón,Atropello,Ninguna,Horizontal,Ninguna,Sin restricción,"-32.947803, -60.645772","['Roca', 'San Luis']",2,,-32.947803,-60.645772,55.0,538.0,Municipio Rosario,Municipio,Rosario,820210,Servicio de Catastro e Información Territorial,IGN
2018,8524,2018-09-02,Domingo,0.0,20:45:00,,0.0,2,"Automóvil,Moto/Ciclomotor",Santiago Y Montevideo,2,1,0,0,1,0,0,"-32.952958, -60.658462",Calle,,ROSARIO,Rosario,Asfalto,No existe,II,Dentro,Urbana,Ninguna,No existe,Intersección,Bueno,Buena,"Nocturna,Con luz artificial",Buen Tiempo,Lateral,S/D,Colisión,Ninguna,Faltante,Ninguna,Sin restricción,"-32.952958, -60.658462","['Santiago', 'Montevideo']",2,,-32.952958,-60.658462,55.0,538.0,Municipio Rosario,Municipio,Rosario,820210,Servicio de Catastro e Información Territorial,IGN