anio_acci,nro_acci,fecha,desc_dia,fecha_aprox,hora_aprox,desc_ruta,km,cant_participantes,desc_participante,calle_avenida_km,total,heridos_leves,heridos_graves,heridos_gravisimos,ilesos,fallecidos,sin_datos,posicion_XY,desc_tipo_via,desc_ruta_ori,desc_loc,desc_dpto,desc_tipo_calzada,desc_tipo_banquina,desc_unidad_regional,desc_lugar_calzada,desc_zona,desc_prioridad,desc_estado_semaforo,desc_lugar_via,desc_estado_via,desc_estado_visibilidad,desc_luminosidad,desc_estado_clima,desc_tipo_colision,desc_tipo_atropello,desc_tipo_hecho,desc_pres_calzada,desc_senializacion,desc_separacion_via,desc_restriccion,forma_geocod,calle_lista,numero_calles,calles_osm,lat,lon,index_right,gid,fna,gna,nam,in1,fdc,sag
2018,8525,2018-09-05,Miercoles,0.0,09:30:00,,0.0,2,"Peatón,Automóvil",Bv. Oro?o 900,2,1,0,0,1,0,0,"-32.946259, -60.654068",Avenida,,ROSARIO,Rosario,Asfalto,No existe,II,Dentro,Urbana,Semáforo,Funciona,Recta,Bueno,Buena,Diurna,Buen Tiempo,S/D,Peatón,Atropello,Ninguna,"Horizontal,Vertical",Ninguna,Sin restricción,"-32.946259, -60.654068",['Nicasio Oroño?o 900'],1,,-32.946259,-60.654068,55.0,538.0,Municipio Rosario,Municipio,Rosario,820210,Servicio de Catastro e Información Territorial,IGN
2018,8527,2018-09-03,Lunes,0.0,22:30:00,,0.0,2,"Automóvil,Moto/Ciclomotor",GÁLVEZ Y Italia,3,0,1,0,2,0,0,"-32.967009, -60.653572",Calle,,ROSARIO,Rosario,Asfalto,No existe,II,Dentro,Urbana,Ninguna,No existe,Intersección,Bueno,Buena,"Nocturna,Con luz artificial",Buen Tiempo,S/D,S/D,Colisión,Ninguna,Faltante,Ninguna,Sin restricción,"-32.967009, -60.653572","['Glave', 'Italia']",2,,-32.967009,-60.653572,55.0,538.0,Municipio Rosario,Municipio,Rosario,820210,Servicio de Catastro e Información Territorial,IGN
2018,8529,2018-09-02,Domingo,0.0,05:40:00,,0.0,2,"Peatón,Automóvil",Av de los inmigrantes 400,2,1,0,0,1,0,0,"-32.948878, -60.627222",Avenida,,ROSARIO,Rosario,Asfalto,No existe,II,Dentro,Urbana,Ninguna,No existe,Recta,Bueno,Buena,"Nocturna,Con luz artificial",Buen Tiempo,S/D,Peatón,Atropello,Ninguna,Horizontal,Ninguna,Sin restricción,"-32.948878, -60.627222",['De Los Inmigrantes 400'],1,,-32.948878,-60.627222,55.0,538.0,Municipio Rosario,Municipio,Rosario,820210,Servicio de Catastro e Información Territorial,IGN
2018,8530,2018-09-12,Miercoles,0.0,08:00:00,,0.0,2,"Moto/Ciclomotor,Automóvil",Sarmiento 1700,3,2,0,0,1,0,0,"-32.957277777778,-60.640888888889",Calle,,ROSARIO,Rosario,Asfalto,No existe,II,Dentro,Urbana,Semáforo,Funciona,Recta,Bueno,Buena,Diurna,Buen Tiempo,S/D,S/D,Colisión,Ninguna,Vertical,Ninguna,Sin restricción,"-32.957277777778,-60.640888888889",['Sarmiento 1700'],1,,-32.957277777778,-60.640888888889,55.0,538.0,Municipio Rosario,Municipio,Rosario,820210,Servicio de Catastro e Información Territorial,IGN
2018,8531,2018-09-05,Miercoles,0.0,16:00:00,,0.0,2,"Transporte de Pasajeros Urbano (> 8 asientos),Automóvil",Cerrito Y Beruti,2,1,0,0,1,0,0,"-32.965112, -60.623962",Calle,,ROSARIO,Rosario,Hormigón,No existe,II,Dentro,Urbana,Ninguna,No existe,Intersección,Bueno,Buena,Diurna,Buen Tiempo,S/D,S/D,Colisión,Ninguna,Faltante,Ninguna,Sin restricción,"-32.965112, -60.623962","['Cerrito', 'Luis Beruti']",2,,-32.965112,-60.623962,55.0,538.0,Municipio Rosario,Municipio,Rosario,820210,Servicio de Catastro e Información Territorial,IGN
2018,8533,2018-09-03,Lunes,0.0,05:40:00,,0.0,2,"Automóvil,Moto/Ciclomotor",Bv. 27 De Febrero Y Colon,2,1,0,0,1,0,0,"-32.969827, -60.630809",Avenida,,ROSARIO,Rosario,Asfalto,No existe,II,Dentro,Urbana,Semáforo,Funciona,Intersección,Bueno,Buena,"Nocturna,Con luz artificial",Buen Tiempo,S/D,S/D,Colisión,Ninguna,"Horizontal,Vertical","Cordón divisorio,Línea divisoria pintada",Sin restricción,"-32.969827, -60.630809","['27 de Febrero', 'Colon']",2,,-32.969827,-60.630809,55.0,538.0,Municipio Rosario,Municipio,Rosario,820210,Servicio de Catastro e Información Territorial,IGN
2018,8535,2018-02-04,Domingo,0.0,15:05:00,,0.0,2,"Pickup/Utilitario,Moto/Ciclomotor",9 De Julio Y Rodriguez,2,1,0,0,1,0,0,"-32.950171, -60.660606",Calle,,ROSARIO,Rosario,Asfalto,No existe,II,Dentro,Urbana,Señal Pare,No existe,Intersección,Con baches,Buena,Diurna,Buen Tiempo,S/D,S/D,Colisión,Ninguna,Vertical,Ninguna,Sin restricción,"-32.950171, -60.660606","['9 de Julio', 'Rodríguez']",2,,-32.950171,-60.660606,55.0,538.0,Municipio Rosario,Municipio,Rosario,820210,Servicio de Catastro e Información Territorial,IGN
2018,8565,2018-09-03,Lunes,0.0,07:45:00,,0.0,2,"Automóvil,Automóvil",Bv. Oro?o Y Av. Dante Alighieri,5,1,0,0,4,0,0,"-32.961873, -60.657936",Avenida,,ROSARIO,Rosario,Asfalto,No existe,II,Dentro,Urbana,Paso Peatonal,No existe,Intersección,Bueno,Buena,Diurna,Buen Tiempo,S/D,S/D,Colisión,Ninguna,Horizontal,Línea divisoria pintada,Sin restricción,"-32.961873, -60.657936","['Bulevar Nicasio Oroño', 'Dante Alighieri']",2,,-32.961873,-60.657936,55.0,538.0,Municipio Rosario,Municipio,Rosario,820210,Servicio de Catastro e Información Territorial,IGN
2018,8567,2018-09-04,Martes,0.0,16:20:00,,0.0,2,"Pickup/Utilitario,Moto/Ciclomotor",Bv. 27 De Febrero Y Bv. Oro?o,2,1,0,0,1,0,0,"-32.964826, -60.658712",Avenida,,ROSARIO,Rosario,Asfalto,No existe,II,Dentro,Urbana,Semáforo,Funciona,Intersección,Bueno,Buena,Diurna,Buen Tiempo,S/D,S/D,Colisión,Ninguna,"Horizontal,Vertical","Cordón divisorio,Línea divisoria pintada",Sin restricción,"-32.964826, -60.658712","['27 de Febrero', 'Bulevar Nicasio Oroño']",2,,-32.964826,-60.658712,55.0,538.0,Municipio Rosario,Municipio,Rosario,820210,Servicio de Catastro e Información Territorial,IGN
2018,8569,2018-09-03,Lunes,0.0,13:30:00,,0.0,2,"Moto/Ciclomotor,Taxi/Remis",Bv. Oro?o Y San Lorenzo,2,1,0,0,1,0,0,"-32.941373, -60.652823",Calle,,ROSARIO,Rosario,Asfalto,No existe,II,Dentro,Urbana,Señal Pare,No existe,Intersección,Bueno,Buena,Diurna,Buen Tiempo,S/D,S/D,Colisión,Ninguna,"Horizontal,Vertical","Cordón divisorio,Vegetación",Sin restricción,"-32.941373, -60.652823","['Bulevar Nicasio Oroño', 'San Lorenzo']",2,,-32.941373,-60.652823,55.0,538.0,Municipio Rosario,Municipio,Rosario,820210,Servicio de Catastro e Información Territorial,IGN
2018,8570,2018-09-03,Lunes,0.0,11:40:00,,0.0,2,"Moto/Ciclomotor,Peatón",Rioja 1200,2,1,0,0,1,0,0,"-32.947376, -60.639975",Calle,,ROSARIO,Rosario,Asfalto,No existe,II,Dentro,Urbana,Paso Peatonal,No existe,Recta,"Bueno,Con baches",Buena,Diurna,Buen Tiempo,S/D,Peatón,Atropello,Ninguna,Horizontal,Línea divisoria pintada,Obra en Construcción,"-32.947376, -60.639975",['Rioja 1200'],1,,-32.947376,-60.639975,55.0,538.0,Municipio Rosario,Municipio,Rosario,820210,Servicio de Catastro e Información Territorial,IGN
2018,8571,2018-09-24,Lunes,0.0,15:50:00,,0.0,2,"Moto/Ciclomotor,Bicicleta",Martin Fierro Y Bv. Rondeau,2,2,0,0,0,0,0,"-32.87775,-60.697722222222",Avenida,,ROSARIO,Rosario,Asfalto,No existe,II,Dentro,Urbana,Semáforo,Funciona,Intersección,Bueno,Buena,Diurna,Buen Tiempo,S/D,Ciclista,Atropello,Ninguna,"Horizontal,Vertical",Cordón divisorio,Sin restricción,"-32.87775,-60.697722222222","['Martin Fierro', 'Rondeau']",2,,-32.87775,-60.697722222222,55.0,538.0,Municipio Rosario,Municipio,Rosario,820210,Servicio de Catastro e Información Territorial,IGN
2018,8572,2018-09-04,Martes,0.0,07:45:00,,0.0,2,"Peatón,Automóvil",E.Zeballos Y 1 de Mayo,2,1,0,0,1,0,0,"-32.956682, -60.631952",Calle,,ROSARIO,Rosario,Asfalto,No existe,II,Dentro,Urbana,Ninguna,No existe,Recta,Bueno,Buena,Diurna,Buen Tiempo,S/D,Peatón,Atropello,Ninguna,Faltante,Ninguna,Sin restricción,"-32.956682, -60.631952","['Zeballos', 'Primero de Mayo']",2,,-32.956682,-60.631952,55.0,538.0,Municipio Rosario,Municipio,Rosario,820210,Servicio de Catastro e Información Territorial,IGN
2018,8574,2018-09-04,Martes,0.0,13:00:00,,0.0,2,"Automóvil,Moto/Ciclomotor",Av. Pellegrini Y Av. Belgrano,2,1,0,0,1,0,0,"-32.960700, -60.621239",Avenida,,ROSARIO,Rosario,Asfalto,No existe,II,Dentro,Urbana,Paso Peatonal,No existe,Rotonda,Bueno,Buena,Diurna,Buen Tiempo,S/D,S/D,Colisión,Ninguna,Horizontal,"Cordón divisorio,Línea divisoria pintada",Sin restricción,"-32.960700, -60.621239","['Pellegrini', 'Belgrano']",2,,-32.9607,-60.621239,55.0,538.0,Municipio Rosario,Municipio,Rosario,820210,Servicio de Catastro e Información Territorial,IGN
2018,8575,2018-09-04,Martes,0.0,12:00:00,,0.0,2,"Automóvil,Pickup/Utilitario",J.M.de Rosas Y Ocampo,2,2,0,0,0,0,0,"-32.967673, -60.636300",Calle,,ROSARIO,Rosario,Asfalto,No existe,II,Dentro,Urbana,Ninguna,No existe,Intersección,Bueno,Buena,Diurna,Buen Tiempo,S/D,S/D,Colisión,Ninguna,Faltante,Ninguna,Sin restricción,"-32.967673, -60.636300","['De Rosas', 'Ocampo']",2,,-32.967673,-60.6363,55.0,538.0,Municipio Rosario,Municipio,Rosario,820210,Servicio de Catastro e Información Territorial,IGN
2018,8576,2018-09-06,Jueves,0.0,12:00:00,,0.0,2,"Peatón,Automóvil",Mendoza 1500,2,1,0,0,1,0,0,"-32.950554, -60.645073",Calle,,ROSARIO,Rosario,Asfalto,No existe,II,Dentro,Urbana,Semáforo,Funciona,Recta,Bueno,Buena,Diurna,Buen Tiempo,S/D,Peatón,Atropello,Ninguna,"Horizontal,Vertical",Ninguna,Sin restricción,"-32.950554, -60.645073",['Mendoza 1500'],1,,-32.950554,-60.645073,55.0,538.0,Municipio Rosario,Municipio,Rosario,820210,Servicio de Catastro e Información Territorial,IGN
2018,8577,2018-09-28,Viernes,0.0,15:55:00,,0.0,2,"Moto/Ciclomotor,Automóvil",Gonzalez del Solar Y Av. Jorge Newbery,2,1,0,0,1,0,0,"-32.908527777778,-60.73775",Avenida,,ROSARIO,Rosario,Asfalto,Pavimento,II,Dentro,Urbana,Ninguna,No existe,Intersección,Bueno,Buena,Diurna,Buen Tiempo,Lateral,S/D,Colisión,S/D,Faltante,S/D,Sin restricción,"-32.908527777778,-60.73775","['González del Solar', 'Jorge Newbery']",2,,-32.908527777778,-60.73775,55.0,538.0,Municipio Rosario,Municipio,Rosario,820210,Servicio de Catastro e Información Territorial,IGN
2018,8578,2018-09-05,Miercoles,0.0,07:45:00,,0.0,2,"Bicicleta,Automóvil",Rioja Y Sarmiento,2,1,0,0,1,0,0,"-32.947666, -60.638494",Calle,,ROSARIO,Rosario,Asfalto,No existe,II,Dentro,Urbana,Paso Peatonal,No existe,Intersección,Bueno,Buena,Diurna,Buen Tiempo,S/D,Ciclista,Atropello,Ninguna,Horizontal,Línea divisoria pintada,Sin restricción,"-32.947666, -60.638494","['Rioja', 'Sarmiento']",2,,-32.947666,-60.638494,55.0,538.0,Municipio Rosario,Municipio,Rosario,820210,Servicio de Catastro e Información Territorial,IGN
2018,8580,2018-09-05,Miercoles,0.0,12:50:00,,0.0,2,"Automóvil,Taxi/Remis",Urquiza Y Espa?a,2,1,0,0,1,0,0,"-32.941475, -60.645606",Calle,,ROSARIO,Rosario,Asfalto,No existe,II,Dentro,Urbana,Semáforo,Funciona,Intersección,Bueno,Buena,Diurna,Buen Tiempo,S/D,S/D,Colisión,Ninguna,"Horizontal,Vertical",Ninguna,Sin restricción,"-32.941475, -60.645606","['Urquiza', 'España']",2,,-32.941475,-60.645606,55.0,538.0,Municipio Rosario,Municipio,Rosario,820210,Servicio de Catastro e Información Territorial,IGN
2018,8581,2018-09-11,Martes,0.0,16:00:00,,0.0,2,"Bicicleta,Pickup/Utilitario",Dorrego Y Montevideo,2,1,0,0,1,0,0,"-32.954153, -60.651665",Calle,,ROSARIO,Rosario,Asfalto,No existe,II,Dentro,Urbana,Señal Pare,No existe,Recta,Bueno,Buena,Diurna,Buen Tiempo,S/D,Ciclista,Atropello,Ninguna,"Horizontal,Vertical",Ninguna,Sin restricción,"-32.954153, -60.651665","['Dorrego', 'Montevideo']",2,,-32.954153,-60.651665,55.0,538.0,Municipio Rosario,Municipio,Rosario,820210,Servicio de Catastro e Información Territorial,IGN
2018,8582,2018-09-06,Jueves,0.0,02:15:00,,0.0,2,"Taxi/Remis,Vehículo Oficial",Av. Ovidio Lagos Y Av. Pellegrini,5,2,0,0,3,0,0,"-32.953074, -60.664177",Avenida,,ROSARIO,Rosario,Asfalto,No existe,II,Dentro,Urbana,Semáforo,Funciona,Intersección,Bueno,Buena,Diurna,Buen Tiempo,S/D,S/D,Colisión,Ninguna,"Horizontal,Vertical","Cordón divisorio,Línea divisoria pintada",Sin restricción,"-32.953074, -60.664177","['Avenida Ovidio Lagos', 'Pellegrini']",2,,-32.953074,-60.664177,55.0,538.0,Municipio Rosario,Municipio,Rosario,820210,Servicio de Catastro e Información Territorial,IGN
2018,8584,2018-08-06,Lunes,0.0,15:35:00,,0.0,2,"Automóvil,Automóvil",Urquiza Y Italia,2,1,0,0,1,0,0,"-32.941231, -60.646962",Calle,,ROSARIO,Rosario,Asfalto,No existe,II,Dentro,Urbana,Paso Peatonal,No existe,Intersección,Bueno,Buena,Diurna,Buen Tiempo,S/D,S/D,Colisión,Ninguna,Horizontal,Ninguna,Sin restricción,"-32.941231, -60.646962","['Urquiza', 'Italia']",2,,-32.941231,-60.646962,55.0,538.0,Municipio Rosario,Municipio,Rosario,820210,Servicio de Catastro e Información Territorial,IGN
2018,8585,2018-09-07,Viernes,0.0,16:50:00,,0.0,2,"Automóvil,Automóvil",Mariano Moreno Y Cochabamba,4,3,0,0,1,0,0,"-32.956221, -60.653593",Calle,,ROSARIO,Rosario,Asfalto,No existe,II,Dentro,Urbana,Señal Pare,No existe,Intersección,Bueno,Buena,Diurna,Buen Tiempo,S/D,S/D,Colisión,Ninguna,"Horizontal,Vertical",Ninguna,Sin restricción,"-32.956221, -60.653593","['Mariano Moreno', 'Cochabamba']",2,,-32.956221,-60.653593,55.0,538.0,Municipio Rosario,Municipio,Rosario,820210,Servicio de Catastro e Información Territorial,IGN
2018,8586,2018-09-07,Viernes,0.0,17:20:00,,0.0,2,"Automóvil,Moto/Ciclomotor",Rioja Y Suipacha,2,1,0,0,1,0,0,"-32.942906, -60.664544",Calle,,ROSARIO,Rosario,Asfalto,No existe,II,Dentro,Urbana,Otra Señal,No existe,Intersección,Bueno,Buena,Diurna,Buen Tiempo,S/D,S/D,Colisión,Ninguna,"Horizontal,Vertical",Línea divisoria pintada,Sin restricción,"-32.942906, -60.664544","['Rioja', 'Suipacha']",2,,-32.942906,-60.664544,55.0,538.0,Municipio Rosario,Municipio,Rosario,820210,Servicio de Catastro e Información Territorial,IGN
2018,8587,2018-09-09,Domingo,0.0,13:30:00,,0.0,2,"Pickup/Utilitario,Peatón",E.Zeballos Y San Martin,2,1,0,0,1,0,0,"-32.955271, -60.638819",Calle,,ROSARIO,Rosario,Asfalto,No existe,II,Dentro,Urbana,Paso Peatonal,No existe,Intersección,Bueno,Buena,Diurna,Buen Tiempo,S/D,Peatón,Atropello,Ninguna,Horizontal,Ninguna,Sin restricción,"-32.955271, -60.638819","['Zeballos', 'San Martin']",2,,-32.955271,-60.638819,55.0,538.0,Municipio Rosario,Municipio,Rosario,820210,Servicio de Catastro e Información Territorial,IGN
2018,8588,2018-09-07,Viernes,0.0,10:40:00,,0.0,2,"Pickup/Utilitario,Moto/Ciclomotor",Av. Corrientes Y GÁLVEZ,3,1,1,0,1,0,0,"-32.967999, -60.647975",Avenida,,ROSARIO,Rosario,Asfalto,No existe,II,Dentro,Urbana,Señal Pare,No existe,Intersección,Bueno,Buena,Diurna,Buen Tiempo,S/D,S/D,Colisión,Ninguna,Vertical,Ninguna,Sin restricción,"-32.967999, -60.647975","['Corrientes', 'Glave']",2,,-32.967999,-60.647975,55.0,538.0,Municipio Rosario,Municipio,Rosario,820210,Servicio de Catastro e Información Territorial,IGN
2018,8590,2018-09-08,Sabado,0.0,15:50:00,,0.0,2,"Automóvil,Moto/Ciclomotor",Bv. Oro?o Y Bv. 27 De Febrero,2,1,0,0,1,0,0,"-32.964863, -60.658507",Avenida,,ROSARIO,Rosario,Asfalto,No existe,II,Dentro,Urbana,Semáforo,Funciona,Intersección,Con baches,Buena,Diurna,Buen Tiempo,S/D,S/D,Colisión,Ninguna,"Horizontal,Vertical","Cordón divisorio,Vegetación",Sin restricción,"-32.964863, -60.658507","['Bulevar Nicasio Oroño', '27 de Febrero']",2,,-32.964863,-60.658507,55.0,538.0,Municipio Rosario,Municipio,Rosario,820210,Servicio de Catastro e Información Territorial,IGN
2018,8591,2018-09-12,Miercoles,0.0,13:25:00,,0.0,2,"Automóvil,Moto/Ciclomotor",San Nicolas Y Montevideo,4,1,0,0,3,0,0,"-32.950007, -60.674790",Calle,,ROSARIO,Rosario,Asfalto,No existe,II,Dentro,Urbana,Semáforo,Funciona,Intersección,Bueno,Buena,Diurna,Buen Tiempo,S/D,S/D,Colisión,Ninguna,Vertical,Ninguna,Sin restricción,"-32.950007, -60.674790","['San Nicolás', 'Montevideo']",2,,-32.950007,-60.67479,55.0,538.0,Municipio Rosario,Municipio,Rosario,820210,Servicio de Catastro e Información Territorial,IGN
2018,8602,2018-09-10,Lunes,0.0,12:20:00,,0.0,2,"Pickup/Utilitario,Automóvil",Av. Pellegrini 2700,4,1,0,0,3,0,0,"-32.953318, -60.662869",Avenida,,ROSARIO,Rosario,Asfalto,No existe,II,Dentro,Urbana,Semáforo,Funciona,Intersección,Bueno,Buena,Diurna,Buen Tiempo,S/D,S/D,Colisión,Ninguna,"Horizontal,Vertical","Cordón divisorio,Línea divisoria pintada",Sin restricción,"-32.953318, -60.662869",['Pellegrini 2700'],1,,-32.953318,-60.662869,55.0,538.0,Municipio Rosario,Municipio,Rosario,820210,Servicio de Catastro e Información Territorial,IGN
2018,8604,2018-09-10,Lunes,0.0,08:15:00,,0.0,2,"Automóvil,Moto/Ciclomotor",Salta Y Italia,2,1,0,0,1,0,0,"-32.937723, -60.646108",Calle,,ROSARIO,Rosario,Asfalto,No existe,II,Dentro,Urbana,Señal Pare,No existe,Intersección,Bueno,Buena,Amanecer,Buen Tiempo,S/D,S/D,Colisión,Ninguna,"Horizontal,Vertical",Línea divisoria pintada,Sin restricción,"-32.937723, -60.646108","['Salta', 'Italia']",2,,-32.937723,-60.646108,55.0,538.0,Municipio Rosario,Municipio,Rosario,820210,Servicio de Catastro e Información Territorial,IGN
2018,8605,2018-09-11,Martes,0.0,22:57:00,,0.0,2,"Vehículo Oficial,Moto/Ciclomotor",Av. Pellegrini Y Crespo,3,1,0,0,2,0,0,"-32.951859, -60.670976",Avenida,,ROSARIO,Rosario,Asfalto,No existe,II,Dentro,Urbana,Semáforo,No existe,Intersección,Bueno,Buena,"Nocturna,Con luz artificial",Buen Tiempo,S/D,S/D,Colisión,Ninguna,"Horizontal,Vertical","Cordón divisorio,Vegetación,Línea divisoria pintada",Sin restricción,"-32.951859, -60.670976","['Pellegrini', 'Crespo']",2,,-32.951859,-60.670976,55.0,538.0,Municipio Rosario,Municipio,Rosario,820210,Servicio de Catastro e Información Territorial,IGN
2018,8608,2018-09-10,Lunes,0.0,10:55:00,,0.0,2,"Moto/Ciclomotor,Automóvil",9 De Julio Y Pueyrredon,2,1,0,0,1,0,0,"-32.950394, -60.659284",Calle,,ROSARIO,Rosario,Asfalto,No existe,II,S/D,Urbana,Ninguna,No existe,Intersección,Bueno,Buena,Diurna,Buen Tiempo,S/D,S/D,Colisión,Ninguna,Faltante,Ninguna,Sin restricción,"-32.950394, -60.659284","['9 de Julio', 'Pueyrredón']",2,,-32.950394,-60.659284,55.0,538.0,Municipio Rosario,Municipio,Rosario,820210,Servicio de Catastro e Información Territorial,IGN
2018,8610,2018-09-09,Domingo,0.0,21:45:00,,0.0,2,"Camión Chasis,Bicicleta",Sarmiento Y Virasoro,2,1,0,0,1,0,0,"-32.969918, -60.644047",Calle,,ROSARIO,Rosario,Asfalto,No existe,II,Dentro,Urbana,Paso Peatonal,No existe,Intersección,Bueno,Buena,Nocturna,Buen Tiempo,S/D,Ciclista,Atropello,Ninguna,Horizontal,Ninguna,Sin restricción,"-32.969918, -60.644047","['Sarmiento', 'Virasoro']",2,,-32.969918,-60.644047,55.0,538.0,Municipio Rosario,Municipio,Rosario,820210,Servicio de Catastro e Información Territorial,IGN
2018,8613,2018-09-11,Martes,0.0,10:30:00,,0.0,2,"Moto/Ciclomotor,Automóvil",E.Zeballos Y Necochea,2,1,0,0,1,0,0,"-32.957533, -60.626362",Calle,,ROSARIO,Rosario,Asfalto,No existe,II,Dentro,Urbana,Paso Peatonal,No existe,Intersección,Bueno,Buena,Diurna,Buen Tiempo,S/D,S/D,Colisión,Ninguna,Horizontal,Ninguna,Sin restricción,"-32.957533, -60.626362","['Zeballos', 'Necochea']",2,,-32.957533,-60.626362,55.0,538.0,Municipio Rosario,Municipio,Rosario,820210,Servicio de Catastro e Información Territorial,IGN
2018,8615,2018-09-07,Viernes,0.0,14:45:00,,0.0,2,"Automóvil,Automóvil",Av. Pellegrini Y Av. Ovidio Lagos,2,1,0,0,1,0,0,"-32.953073, -60.664173",Avenida,,ROSARIO,Rosario,Asfalto,No existe,II,Dentro,Urbana,Semáforo,Funciona,Intersección,Bueno,Buena,Diurna,Buen Tiempo,S/D,S/D,Colisión,Ninguna,"Horizontal,Vertical","Cordón divisorio,Línea divisoria pintada",Sin restricción,"-32.953073, -60.664173","['Pellegrini', 'Avenida Ovidio Lagos']",2,,-32.953073,-60.664173,55.0,538.0,Municipio Rosario,Municipio,Rosario,820210,Servicio de Catastro e Información Territorial,IGN
2018,8617,2018-09-16,Domingo,0.0,23:15:00,,0.0,1,Moto/Ciclomotor,Cordoba Y Rodriguez,2,1,0,0,1,0,0,"-32.942765, -60.658732",Calle,,ROSARIO,Rosario,Asfalto,No existe,II,Dentro,Urbana,Semáforo,Funciona,Intersección,Bueno,Buena,"Nocturna,Con luz artificial",Buen Tiempo,S/D,S/D,Colisión,Ninguna,"Horizontal,Vertical",Línea divisoria pintada,Sin restricción,"-32.942765, -60.658732","['Córdoba', 'Rodríguez']",2,,-32.942765,-60.658732,55.0,538.0,Municipio Rosario,Municipio,Rosario,820210,Servicio de Catastro e Información Territorial,IGN
2018,8619,2018-09-13,Jueves,0.0,01:20:00,,0.0,2,"Moto/Ciclomotor,Automóvil",Av. Francia Y E.Zeballos,2,1,0,0,1,0,0,"-32.950112, -60.667622",Avenida,,ROSARIO,Rosario,Asfalto,No existe,II,Dentro,Urbana,Semáforo,Funciona,Intersección,Bueno,Buena,"Nocturna,Con luz artificial",Buen Tiempo,S/D,S/D,Colisión,Ninguna,"Horizontal,Vertical","Cordón divisorio,Vegetación,Línea divisoria pintada",Sin restricción,"-32.950112, -60.667622","['Avenida Francia', 'Zeballos']",2,,-32.950112,-60.667622,55.0,538.0,Municipio Rosario,Municipio,Rosario,820210,Servicio de Catastro e Información Territorial,IGN
2018,8621,2018-09-13,Jueves,0.0,17:50:00,,0.0,2,"Moto/Ciclomotor,Automóvil",Bv. Oro?o Y Tucuman,2,1,0,0,1,0,0,"-32.939097, -60.652009",Avenida,,ROSARIO,Rosario,Asfalto,No existe,II,Dentro,Urbana,Señal Pare,No existe,Intersección,Bueno,Buena,Diurna,Buen Tiempo,S/D,S/D,Colisión,Ninguna,"Horizontal,Vertical","Cordón divisorio,Vegetación",Sin restricción,"-32.939097, -60.652009","['Bulevar Nicasio Oroño', 'Tucumán']",2,,-32.939097,-60.652009,55.0,538.0,Municipio Rosario,Municipio,Rosario,820210,Servicio de Catastro e Información Territorial,IGN
2018,8625,2018-09-13,Jueves,0.0,15:15:00,,0.0,2,"Automóvil,Pickup/Utilitario",Rioja Y Av. Belgrano,2,1,0,0,1,0,0,"-32.949624, -60.628655",Avenida,,ROSARIO,Rosario,Asfalto,No existe,II,Dentro,Urbana,Semáforo,Funciona,Rotonda,Bueno,Buena,Diurna,Buen Tiempo,S/D,S/D,Colisión,Ninguna,"Horizontal,Vertical","Cordón divisorio,Vegetación",Sin restricción,"-32.949624, -60.628655","['Rioja', 'Belgrano']",2,,-32.949624,-60.628655,55.0,538.0,Municipio Rosario,Municipio,Rosario,820210,Servicio de Catastro e Información Territorial,IGN
2018,8647,2018-09-15,Sabado,0.0,14:30:00,,0.0,2,"Moto/Ciclomotor,Moto/Ciclomotor",Av. Dante Alighieri Y Bv. Oro?o,3,1,0,0,2,0,0,"-32.961548, -60.657691",Avenida,,ROSARIO,Rosario,Asfalto,No existe,II,Dentro,Urbana,Paso Peatonal,No existe,Intersección,Bueno,Buena,Diurna,Buen Tiempo,Lateral,S/D,Colisión,Ninguna,Horizontal,Línea divisoria pintada,Sin restricción,"-32.961548, -60.657691","['Dante Alighieri', 'Bulevar Nicasio Oroño']",2,,-32.961548,-60.657691,55.0,538.0,Municipio Rosario,Municipio,Rosario,820210,Servicio de Catastro e Información Territorial,IGN
2018,8648,2018-09-14,Viernes,0.0,11:20:00,,0.0,2,"Moto/Ciclomotor,Automóvil",Suipacha Y San Luis,2,1,0,0,1,0,0,"-32.944354, -60.664860",Calle,,ROSARIO,Rosario,Asfalto,No existe,II,Dentro,Urbana,Paso Peatonal,No existe,Intersección,Bueno,Buena,Diurna,Buen Tiempo,De alcance,S/D,Colisión,Ninguna,"Horizontal,Vertical",Línea divisoria pintada,Sin restricción,"-32.944354, -60.664860","['Suipacha', 'San Luis']",2,,-32.944354,-60.66486,55.0,538.0,Municipio Rosario,Municipio,Rosario,820210,Servicio de Catastro e Información Territorial,IGN