anio_acci,nro_acci,fecha,desc_dia,fecha_aprox,hora_aprox,desc_ruta,km,cant_participantes,desc_participante,calle_avenida_km,total,heridos_leves,heridos_graves,heridos_gravisimos,ilesos,fallecidos,sin_datos,posicion_XY,desc_tipo_via,desc_ruta_ori,desc_loc,desc_dpto,desc_tipo_calzada,desc_tipo_banquina,desc_unidad_regional,desc_lugar_calzada,desc_zona,desc_prioridad,desc_estado_semaforo,desc_lugar_via,desc_estado_via,desc_estado_visibilidad,desc_luminosidad,desc_estado_clima,desc_tipo_colision,desc_tipo_atropello,desc_tipo_hecho,desc_pres_calzada,desc_senializacion,desc_separacion_via,desc_restriccion,forma_geocod,calle_lista,numero_calles,calles_osm,lat,lon,index_right,gid,fna,gna,nam,in1,fdc,sag
2018,8649,2018-09-14,Viernes,0.0,14:15:00,,0.0,2,"Moto/Ciclomotor,Automóvil",Pasco Y J.M.de Rosas,3,2,0,0,1,0,0,"-32.960819, -60.634554",Calle,,ROSARIO,Rosario,Asfalto,No existe,II,Dentro,Urbana,Ninguna,No existe,Recta,Bueno,Buena,Diurna,Buen Tiempo,S/D,S/D,Colisión,Ninguna,Faltante,Ninguna,Sin restricción,"-32.960819, -60.634554","['Pasco', 'De Rosas']",2,,-32.960819,-60.634554,55.0,538.0,Municipio Rosario,Municipio,Rosario,820210,Servicio de Catastro e Información Territorial,IGN
2018,8650,2018-09-18,Martes,0.0,15:35:00,,0.0,2,"Moto/Ciclomotor,Automóvil",San Luis Y Bv. Oro?o,2,1,0,0,1,0,0,"-32.946376, -60.653840",Calle,,ROSARIO,Rosario,Asfalto,No existe,II,Dentro,Urbana,Semáforo,Funciona,Intersección,Bueno,Buena,"Nocturna,Con luz artificial",Buen Tiempo,S/D,S/D,Colisión,Ninguna,"Horizontal,Vertical","Cordón divisorio,Vegetación",Sin restricción,"-32.946376, -60.653840","['San Luis', 'Bulevar Nicasio Oroño']",2,,-32.946376,-60.65384,55.0,538.0,Municipio Rosario,Municipio,Rosario,820210,Servicio de Catastro e Información Territorial,IGN
2018,8651,2018-09-19,Miercoles,0.0,21:55:00,,0.0,2,"Taxi/Remis,Taxi/Remis",Pje. Independencia Y Ricchieri,2,1,0,0,1,0,0,"-32.963860, -60.668311",Calle,,ROSARIO,Rosario,Asfalto,No existe,II,Dentro,Urbana,Ninguna,No existe,Intersección,Bueno,Buena,Diurna,Buen Tiempo,S/D,S/D,Colisión,Ninguna,Faltante,Ninguna,Sin restricción,"-32.963860, -60.668311","['Independencia', 'Ricchieri']",2,,-32.96386,-60.668311,55.0,538.0,Municipio Rosario,Municipio,Rosario,820210,Servicio de Catastro e Información Territorial,IGN
2018,8653,2018-09-18,Martes,0.0,10:47:00,,0.0,2,"Pickup/Utilitario,Taxi/Remis",Mendoza 1500,3,1,0,0,2,0,0,"-32.950556, -60.645074",Calle,,ROSARIO,Rosario,Asfalto,No existe,II,Dentro,Urbana,Semáforo,No existe,Recta,Bueno,Buena,Diurna,Buen Tiempo,De alcance,S/D,Colisión,Ninguna,"Horizontal,Vertical",Ninguna,Sin restricción,"-32.950556, -60.645074",['Mendoza 1500'],1,,-32.950556,-60.645074,55.0,538.0,Municipio Rosario,Municipio,Rosario,820210,Servicio de Catastro e Información Territorial,IGN
2018,8654,2018-09-17,Lunes,0.0,12:30:00,,0.0,2,"Automóvil,Moto/Ciclomotor",Av. Pellegrini Y Sarmiento,3,1,0,0,2,0,0,"-32.957332, -60.640874",Avenida,,ROSARIO,Rosario,Asfalto,No existe,II,Dentro,Urbana,Semáforo,Funciona,Intersección,Bueno,Buena,Diurna,Buen Tiempo,S/D,S/D,Colisión,Ninguna,"Horizontal,Vertical","Cordón divisorio,Vegetación,Línea divisoria pintada",Sin restricción,"-32.957332, -60.640874","['Pellegrini', 'Sarmiento']",2,,-32.957332,-60.640874,55.0,538.0,Municipio Rosario,Municipio,Rosario,820210,Servicio de Catastro e Información Territorial,IGN
2018,8655,2018-09-20,Jueves,0.0,08:20:00,,0.0,2,"Automóvil,Ambulancia",Callao Y Rioja,2,1,0,0,1,0,0,"-32.943638, -60.660361",Calle,,ROSARIO,Rosario,Asfalto,No existe,II,Dentro,Urbana,Semáforo,Funciona,Intersección,Bueno,Buena,Amanecer,Buen Tiempo,S/D,S/D,Colisión,Ninguna,"Horizontal,Vertical",Línea divisoria pintada,Sin restricción,"-32.943638, -60.660361","['Callao', 'Rioja']",2,,-32.943638,-60.660361,55.0,538.0,Municipio Rosario,Municipio,Rosario,820210,Servicio de Catastro e Información Territorial,IGN
2018,8658,2018-09-20,Jueves,0.0,11:00:00,,0.0,2,"Moto/Ciclomotor,Pickup/Utilitario",3 De Febrero Y Paraguay,2,1,0,0,1,0,0,"-32.951766, -60.645300",Calle,,ROSARIO,Rosario,Asfalto,No existe,II,Dentro,Urbana,Paso Peatonal,No existe,Intersección,Bueno,Buena,Diurna,Buen Tiempo,S/D,S/D,Colisión,Ninguna,Horizontal,Ninguna,Sin restricción,"-32.951766, -60.645300","['3 de Febrero', 'Paraguay']",2,,-32.951766,-60.6453,55.0,538.0,Municipio Rosario,Municipio,Rosario,820210,Servicio de Catastro e Información Territorial,IGN
2018,8660,2018-09-21,Viernes,0.0,15:30:00,,0.0,2,"Bicicleta,Automóvil",Montevideo Y Entre Rios,2,1,0,0,1,0,0,"-32.955647, -60.643390",Calle,,ROSARIO,Rosario,Asfalto,No existe,II,Dentro,Urbana,Semáforo,Funciona,Recta,Bueno,Buena,Diurna,Buen Tiempo,S/D,Ciclista,Atropello,Ninguna,"Horizontal,Vertical",Línea divisoria pintada,Sin restricción,"-32.955647, -60.643390","['Montevideo', 'Entre Ríos']",2,,-32.955647,-60.64339,55.0,538.0,Municipio Rosario,Municipio,Rosario,820210,Servicio de Catastro e Información Territorial,IGN
2018,8662,2018-09-24,Lunes,0.0,09:00:00,,0.0,2,"Moto/Ciclomotor,Automóvil",Laprida Y Mendoza,2,1,0,0,1,0,0,"-32.952234, -60.635322",Calle,,ROSARIO,Rosario,Asfalto,No existe,II,Dentro,Urbana,Ninguna,No existe,Intersección,Bueno,Buena,Diurna,Buen Tiempo,Lateral,S/D,Colisión,Ninguna,Faltante,Ninguna,Sin restricción,"-32.952234, -60.635322","['Laprida', 'Mendoza']",2,,-32.952234,-60.635322,55.0,538.0,Municipio Rosario,Municipio,Rosario,820210,Servicio de Catastro e Información Territorial,IGN
2018,8666,2018-09-22,Sabado,0.0,21:45:00,,0.0,2,"Taxi/Remis,Peatón",Tucuman Y Entre Rios,2,1,0,0,1,0,0,"-32.941300, -60.639767",Calle,,ROSARIO,Rosario,Asfalto,No existe,II,Dentro,Urbana,Paso Peatonal,No existe,Intersección,Bueno,Buena,"Nocturna,Con luz artificial",Buen Tiempo,S/D,Peatón,Atropello,Ninguna,Horizontal,Línea divisoria pintada,Sin restricción,"-32.941300, -60.639767","['Tucumán', 'Entre Ríos']",2,,-32.9413,-60.639767,55.0,538.0,Municipio Rosario,Municipio,Rosario,820210,Servicio de Catastro e Información Territorial,IGN
2018,8668,2018-09-22,Sabado,0.0,05:40:00,,0.0,2,"Moto/Ciclomotor,Automóvil",Parana Y Av. Eva Peron,4,1,1,0,2,0,0,"-32.936906, -60.691404",Avenida,,ROSARIO,Rosario,Asfalto,No existe,II,Dentro,Urbana,Semáforo,Funciona,Intersección,Bueno,Buena,"Nocturna,Con luz artificial",Buen Tiempo,S/D,S/D,Colisión,Ninguna,"Horizontal,Vertical",Ninguna,Sin restricción,"-32.936906, -60.691404","['Paraná', 'Avenida Eva Perón']",2,,-32.936906,-60.691404,55.0,538.0,Municipio Rosario,Municipio,Rosario,820210,Servicio de Catastro e Información Territorial,IGN
2018,8673,2018-11-16,Viernes,0.0,18:00:00,,0.0,2,"Bicicleta,Automóvil",Bv. 27 De Febrero Y Bv. Oro?o,2,1,0,0,0,0,1,"-32.965027777778,-60.658666666667",Calle,,ROSARIO,Rosario,Asfalto,No existe,II,S/D,Urbana,Semáforo,Funciona,Intersección,Bueno,Buena,Atardecer,Buen Tiempo,S/D,Ciclista,Atropello,Ninguna,Vertical,Línea divisoria pintada,Sin restricción,"-32.965027777778,-60.658666666667","['27 de Febrero', 'Bulevar Nicasio Oroño']",2,,-32.965027777778,-60.658666666667,55.0,538.0,Municipio Rosario,Municipio,Rosario,820210,Servicio de Catastro e Información Territorial,IGN
2018,8675,2018-11-10,Sabado,0.0,14:00:00,,0.0,2,"Automóvil,Automóvil",Ocampo Y Pte.Roca,5,1,0,0,3,0,1,"-32.965194444444,-60.650166666667",Calle,,ROSARIO,Rosario,Asfalto,S/D,II,S/D,Urbana,S/D,S/D,Recta,Bueno,Buena,Diurna,Buen Tiempo,De alcance,S/D,Colisión,S/D,S/D,S/D,Sin restricción,"-32.965194444444,-60.650166666667","['Ocampo', 'Roca']",2,,-32.965194444444,-60.650166666667,55.0,538.0,Municipio Rosario,Municipio,Rosario,820210,Servicio de Catastro e Información Territorial,IGN
2018,8679,2018-11-16,Viernes,0.0,08:20:00,,0.0,2,"Moto/Ciclomotor,Automóvil",Espa?a Y Cerrito,4,1,0,0,3,0,0,"-32.960361111111,-60.650416666667",Calle,,ROSARIO,Rosario,Asfalto,No existe,II,S/D,Urbana,Ninguna,No existe,Intersección,Bueno,Buena,Diurna,Buen Tiempo,Lateral,S/D,Colisión,Ninguna,Faltante,Ninguna,Sin restricción,"-32.960361111111,-60.650416666667","['España', 'Cerrito']",2,,-32.960361111111,-60.650416666667,55.0,538.0,Municipio Rosario,Municipio,Rosario,820210,Servicio de Catastro e Información Territorial,IGN
2018,8681,2018-11-12,Lunes,0.0,07:45:00,,0.0,2,"Automóvil,Automóvil",Entre Rios Y La Paz,2,1,0,0,1,0,0,"-32.963638888889,-60.645444444444",Calle,,ROSARIO,Rosario,Asfalto,No existe,II,S/D,Urbana,Semáforo,Funciona,Intersección,Bueno,Buena,Diurna,Buen Tiempo,De alcance,S/D,Colisión,Ninguna,Vertical,S/D,Sin restricción,"-32.963638888889,-60.645444444444","['Entre Ríos', 'La Paz']",2,,-32.963638888889,-60.645444444444,55.0,538.0,Municipio Rosario,Municipio,Rosario,820210,Servicio de Catastro e Información Territorial,IGN
2018,8683,2018-11-12,Lunes,0.0,14:35:00,,0.0,2,"Taxi/Remis,Automóvil",Pte.Roca Y Rioja,2,1,0,0,1,0,0,"-32.946333333333,-60.645416666667",Calle,,ROSARIO,Rosario,S/D,S/D,II,S/D,Urbana,S/D,S/D,Intersección,S/D,S/D,Diurna,S/D,S/D,S/D,Colisión,S/D,S/D,S/D,S/D,"-32.946333333333,-60.645416666667","['Roca', 'Rioja']",2,,-32.946333333333,-60.645416666667,55.0,538.0,Municipio Rosario,Municipio,Rosario,820210,Servicio de Catastro e Información Territorial,IGN
2018,8684,2018-11-10,Sabado,0.0,09:55:00,,0.0,2,"Pickup/Utilitario,Moto/Ciclomotor",Lavalle Y Bordabehere,2,1,0,0,1,0,0,"-32.933583333333,-60.676388888889",Calle,,ROSARIO,Rosario,S/D,S/D,II,S/D,Urbana,S/D,S/D,Intersección,S/D,S/D,Diurna,S/D,S/D,S/D,Colisión,S/D,S/D,S/D,S/D,"-32.933583333333,-60.676388888889","['Lavalle', 'Bordabhere']",2,,-32.933583333333,-60.676388888889,55.0,538.0,Municipio Rosario,Municipio,Rosario,820210,Servicio de Catastro e Información Territorial,IGN
2018,8692,2018-11-09,Viernes,0.0,05:00:00,,0.0,2,"Moto/Ciclomotor,Automóvil",Dorrego 2200,3,0,2,0,1,0,0,"-32.961027777778,-60.653416666667",Calle,,ROSARIO,Rosario,S/D,S/D,II,S/D,Urbana,S/D,S/D,Recta,S/D,S/D,Amanecer,S/D,S/D,S/D,Colisión,S/D,Vertical,S/D,S/D,"-32.961027777778,-60.653416666667",['Dorrego 2200'],1,,-32.961027777778,-60.653416666667,55.0,538.0,Municipio Rosario,Municipio,Rosario,820210,Servicio de Catastro e Información Territorial,IGN
2018,8702,2018-09-24,Lunes,0.0,09:50:00,,0.0,2,"Automóvil,Moto/Ciclomotor",GÁLVEZ Y Mariano Moreno,2,1,0,0,1,0,0,"-32.966508, -60.656312",Calle,,ROSARIO,Rosario,Asfalto,No existe,II,Dentro,Urbana,Ninguna,No existe,Intersección,Bueno,Buena,Diurna,Buen Tiempo,S/D,S/D,Colisión,Ninguna,Faltante,Ninguna,Sin restricción,"-32.966508, -60.656312","['Glave', 'Mariano Moreno']",2,,-32.966508,-60.656312,55.0,538.0,Municipio Rosario,Municipio,Rosario,820210,Servicio de Catastro e Información Territorial,IGN
2018,8703,2018-09-23,Domingo,0.0,00:40:00,,0.0,2,"Automóvil,Moto/Ciclomotor",Mariano Moreno Y San Luis,3,2,0,0,1,0,0,"-32.946823, -60.651227",Calle,,ROSARIO,Rosario,Asfalto,No existe,II,Dentro,Urbana,Señal Pare,No existe,Intersección,Bueno,Buena,"Nocturna,Con luz artificial",Buen Tiempo,S/D,S/D,Colisión,Ninguna,"Horizontal,Vertical",Ninguna,Sin restricción,"-32.946823, -60.651227","['Mariano Moreno', 'San Luis']",2,,-32.946823,-60.651227,55.0,538.0,Municipio Rosario,Municipio,Rosario,820210,Servicio de Catastro e Información Territorial,IGN
2018,8706,2018-09-21,Viernes,0.0,15:45:00,,0.0,2,"Pickup/Utilitario,Moto/Ciclomotor",Balcarce Y Rueda,2,1,0,0,1,0,0,"-32.968572, -60.658229",Calle,,ROSARIO,Rosario,Asfalto,No existe,II,Dentro,Urbana,Ninguna,No existe,Recta,Bueno,Buena,Diurna,Buen Tiempo,S/D,S/D,Colisión,Ninguna,Faltante,Ninguna,Sin restricción,"-32.968572, -60.658229","['Balcarce', 'Rueda']",2,,-32.968572,-60.658229,55.0,538.0,Municipio Rosario,Municipio,Rosario,820210,Servicio de Catastro e Información Territorial,IGN
2018,8708,2018-09-27,Jueves,0.0,18:30:00,,0.0,2,"Automóvil,Moto/Ciclomotor",Santa Fe Y Alvear,2,1,0,0,1,0,0,"-32.944606, -60.654930",Calle,,ROSARIO,Rosario,Asfalto,No existe,II,Dentro,Urbana,Semáforo,Funciona,Recta,Bueno,Buena,Atardecer,Buen Tiempo,Lateral,S/D,Colisión,Ninguna,"Horizontal,Vertical",Línea divisoria pintada,Sin restricción,"-32.944606, -60.654930","['Santa Fe', 'Alvear']",2,,-32.944606,-60.65493,55.0,538.0,Municipio Rosario,Municipio,Rosario,820210,Servicio de Catastro e Información Territorial,IGN
2018,8710,2018-09-26,Miercoles,0.0,14:00:00,,0.0,2,"Moto/Ciclomotor,Taxi/Remis",Virasoro Y Av. Corrientes,2,1,0,0,1,0,0,"-32.969162, -60.648260",Avenida,,ROSARIO,Rosario,Asfalto,No existe,II,Dentro,Urbana,Ninguna,No existe,Intersección,Bueno,Buena,Diurna,Buen Tiempo,Lateral,S/D,Colisión,Ninguna,Faltante,Ninguna,Sin restricción,"-32.969162, -60.648260","['Virasoro', 'Corrientes']",2,,-32.969162,-60.64826,55.0,538.0,Municipio Rosario,Municipio,Rosario,820210,Servicio de Catastro e Información Territorial,IGN
2018,8711,2018-09-26,Miercoles,0.0,14:40:00,,0.0,2,"Vehículo Oficial,Peatón",Sarmiento Y Rioja,2,1,0,0,1,0,0,"-32.947667, -60.638495",Calle,,ROSARIO,Rosario,Asfalto,No existe,II,Dentro,Urbana,Paso Peatonal,No existe,Intersección,Bueno,Buena,Diurna,Buen Tiempo,S/D,Peatón,Atropello,Ninguna,Horizontal,Línea divisoria pintada,Sin restricción,"-32.947667, -60.638495","['Sarmiento', 'Rioja']",2,,-32.947667,-60.638495,55.0,538.0,Municipio Rosario,Municipio,Rosario,820210,Servicio de Catastro e Información Territorial,IGN
2018,8713,2018-09-26,Miercoles,0.0,14:00:00,,0.0,2,"Taxi/Remis,Automóvil",Ocampo Y Necochea,2,1,0,0,1,0,0,"-32.968956, -60.629195",Calle,,ROSARIO,Rosario,Asfalto,No existe,II,Dentro,Urbana,Señal Pare,No existe,Intersección,Bueno,Buena,Diurna,Buen Tiempo,S/D,S/D,Colisión,Ninguna,"Horizontal,Vertical",Línea divisoria pintada,Sin restricción,"-32.968956, -60.629195","['Ocampo', 'Necochea']",2,,-32.968956,-60.629195,55.0,538.0,Municipio Rosario,Municipio,Rosario,820210,Servicio de Catastro e Información Territorial,IGN
2018,8715,2018-09-27,Jueves,0.0,22:55:00,,0.0,2,"Taxi/Remis,Automóvil",Sarmiento Y Montevideo,3,1,0,0,2,0,0,"-32.956161, -60.640586",Calle,,ROSARIO,Rosario,Asfalto,No existe,II,Dentro,Urbana,Paso Peatonal,No existe,Intersección,Bueno,Buena,Nocturna,Buen Tiempo,S/D,S/D,Colisión,Ninguna,Horizontal,Ninguna,Sin restricción,"-32.956161, -60.640586","['Sarmiento', 'Montevideo']",2,,-32.956161,-60.640586,55.0,538.0,Municipio Rosario,Municipio,Rosario,820210,Servicio de Catastro e Información Territorial,IGN
2018,8716,2018-09-27,Jueves,0.0,09:10:00,,0.0,2,"Moto/Ciclomotor,Automóvil",L.N.Alem Y La Paz,3,2,0,0,1,0,0,"-32.965940, -60.632730",Calle,,ROSARIO,Rosario,Asfalto,No existe,II,Dentro,Urbana,Señal Pare,No existe,Intersección,Bueno,S/D,Diurna,Buen Tiempo,S/D,S/D,Colisión,Ninguna,"Horizontal,Vertical",Línea divisoria pintada,Sin restricción,"-32.965940, -60.632730","['Alem', 'La Paz']",2,,-32.96594,-60.63273,55.0,538.0,Municipio Rosario,Municipio,Rosario,820210,Servicio de Catastro e Información Territorial,IGN
2018,8718,2018-09-27,Jueves,0.0,11:00:00,,0.0,2,"Automóvil,Moto/Ciclomotor",Ricchieri 700,2,1,0,0,1,0,0,"-32.940906512095, -60.662562522720",Calle,,ROSARIO,Rosario,Asfalto,No existe,II,Dentro,Urbana,Semáforo,Funciona,Recta,Bueno,Buena,Diurna,Buen Tiempo,S/D,S/D,Colisión,Ninguna,"Horizontal,Vertical",Línea divisoria pintada,Sin restricción,"-32.940906512095, -60.662562522720",['Ricchieri 700'],1,,-32.940906512095,-60.66256252272,55.0,538.0,Municipio Rosario,Municipio,Rosario,820210,Servicio de Catastro e Información Territorial,IGN
2018,8719,2018-09-27,Jueves,0.0,17:45:00,,0.0,2,"Moto/Ciclomotor,Automóvil",Av. Pellegrini Y Callao,2,1,0,0,1,0,0,"-32.953325, -60.662816",Avenida,,ROSARIO,Rosario,Asfalto,No existe,II,Dentro,Urbana,Semáforo,Funciona,Intersección,Bueno,Buena,Diurna,Buen Tiempo,Lateral,S/D,Colisión,Ninguna,"Horizontal,Vertical","Cordón divisorio,Línea divisoria pintada",Sin restricción,"-32.953325, -60.662816","['Pellegrini', 'Callao']",2,,-32.953325,-60.662816,55.0,538.0,Municipio Rosario,Municipio,Rosario,820210,Servicio de Catastro e Información Territorial,IGN
2018,8720,2018-09-28,Viernes,0.0,17:35:00,,0.0,2,"Moto/Ciclomotor,Automóvil",Italia Y Ocampo,4,1,0,0,3,0,0,"-32.964703, -60.652973",Calle,,ROSARIO,Rosario,Asfalto,No existe,II,Dentro,Urbana,Señal Pare,No existe,Intersección,Bueno,Buena,Diurna,Buen Tiempo,S/D,S/D,Colisión,Ninguna,Vertical,Ninguna,Sin restricción,"-32.964703, -60.652973","['Italia', 'Ocampo']",2,,-32.964703,-60.652973,55.0,538.0,Municipio Rosario,Municipio,Rosario,820210,Servicio de Catastro e Información Territorial,IGN
2018,8730,2018-11-12,Lunes,0.0,15:20:00,,0.0,2,"Pickup/Utilitario,Automóvil",Espa?a Y GÁLVEZ,3,2,0,0,1,0,0,"-32.96725,-60.652138888889",Calle,,ROSARIO,Rosario,S/D,S/D,II,S/D,Urbana,S/D,S/D,Intersección,S/D,S/D,Diurna,S/D,S/D,S/D,Colisión,S/D,S/D,S/D,S/D,"-32.96725,-60.652138888889","['España', 'Glave']",2,,-32.96725,-60.652138888889,55.0,538.0,Municipio Rosario,Municipio,Rosario,820210,Servicio de Catastro e Información Territorial,IGN
2018,8731,2018-11-12,Lunes,0.0,13:20:00,,0.0,2,"Bicicleta,Automóvil",Bv. Oro?o Y 3 De Febrero,4,1,0,0,3,0,0,"-32.950083333333,-60.654777777778",Calle,,ROSARIO,Rosario,S/D,S/D,II,S/D,Urbana,S/D,S/D,Recta,S/D,S/D,Diurna,S/D,S/D,Ciclista,Atropello,S/D,S/D,S/D,S/D,"-32.950083333333,-60.654777777778","['Bulevar Nicasio Oroño', '3 de Febrero']",2,,-32.950083333333,-60.654777777778,55.0,538.0,Municipio Rosario,Municipio,Rosario,820210,Servicio de Catastro e Información Territorial,IGN
2018,8759,2018-09-27,Jueves,0.0,11:15:00,,0.0,2,"Automóvil,Peatón",9 De Julio Y Dorrego,2,1,0,0,1,0,0,"-32.951885, -60.651087",Calle,,ROSARIO,Rosario,Asfalto,No existe,II,Dentro,Urbana,Paso Peatonal,No existe,Intersección,Bueno,Buena,Diurna,Buen Tiempo,S/D,Peatón,Atropello,Agua,Horizontal,Ninguna,Sin restricción,"-32.951885, -60.651087","['9 de Julio', 'Dorrego']",2,,-32.951885,-60.651087,55.0,538.0,Municipio Rosario,Municipio,Rosario,820210,Servicio de Catastro e Información Territorial,IGN
2018,8763,2018-09-30,Domingo,0.0,03:00:00,,0.0,1,Automóvil,San Martin Y Av. Belgrano,2,2,0,0,0,0,0,"-32.940941, -60.635111",Avenida,,ROSARIO,Rosario,Asfalto,No existe,II,Dentro,Urbana,Semáforo,Funciona,Intersección,Bueno,Buena,"Nocturna,Con luz artificial",Buen Tiempo,Contra objeto fijo,S/D,Colisión,Ninguna,"Horizontal,Vertical",Línea divisoria pintada,Sin restricción,"-32.940941, -60.635111","['San Martin', 'Belgrano']",2,,-32.940941,-60.635111,55.0,538.0,Municipio Rosario,Municipio,Rosario,820210,Servicio de Catastro e Información Territorial,IGN
2018,8764,2018-09-29,Sabado,0.0,02:30:00,,0.0,2,"Automóvil,Moto/Ciclomotor",San Juan Y Bv. Avellaneda,2,1,0,0,1,0,0,"-32.942817, -60.680141",Calle,,ROSARIO,Rosario,Asfalto,No existe,II,Dentro,Urbana,Semáforo,No existe,Intersección,Bueno,Buena,"Nocturna,Con luz artificial",Buen Tiempo,S/D,S/D,Colisión,Ninguna,"Horizontal,Vertical","Cordón divisorio,Vegetación,Línea divisoria pintada",Sin restricción,"-32.942817, -60.680141","['San Juan', 'Avellaneda']",2,,-32.942817,-60.680141,55.0,538.0,Municipio Rosario,Municipio,Rosario,820210,Servicio de Catastro e Información Territorial,IGN
2018,8766,2018-09-03,Lunes,0.0,17:00:00,,0.0,2,"Peatón,Automóvil",San Luis Y Italia,2,1,0,0,1,0,0,"-32.947313, -60.648525",Calle,,ROSARIO,Rosario,Asfalto,No existe,II,Dentro,Urbana,Paso Peatonal,No existe,Intersección,Bueno,Buena,Diurna,Buen Tiempo,S/D,Peatón,Atropello,Ninguna,Horizontal,Ninguna,Sin restricción,"-32.947313, -60.648525","['San Luis', 'Italia']",2,,-32.947313,-60.648525,55.0,538.0,Municipio Rosario,Municipio,Rosario,820210,Servicio de Catastro e Información Territorial,IGN
2018,8768,2018-09-14,Viernes,0.0,20:00:00,,0.0,2,"Bicicleta,Pickup/Utilitario",Santa Fe Y Balcarce,2,1,0,0,1,0,0,"-32.942657, -60.651536",Calle,,ROSARIO,Rosario,Asfalto,No existe,II,Dentro,Urbana,Semáforo,Funciona,Intersección,Bueno,Buena,"Nocturna,Con luz artificial",Buen Tiempo,S/D,Ciclista,Atropello,Ninguna,Vertical,Línea divisoria pintada,Sin restricción,"-32.942657, -60.651536","['Santa Fe', 'Balcarce']",2,,-32.942657,-60.651536,55.0,538.0,Municipio Rosario,Municipio,Rosario,820210,Servicio de Catastro e Información Territorial,IGN
2018,8771,2018-09-19,Miercoles,0.0,18:45:00,,0.0,2,"Peatón,Automóvil",Mitre Y Tucuman,2,1,0,0,1,0,0,"-32.941587, -60.638387",Calle,,ROSARIO,Rosario,Asfalto,No existe,II,Dentro,Urbana,Paso Peatonal,No existe,Recta,Bueno,Buena,Diurna,Buen Tiempo,S/D,Peatón,Atropello,Ninguna,Horizontal,Ninguna,Sin restricción,"-32.941587, -60.638387","['Mitre', 'Tucumán']",2,,-32.941587,-60.638387,55.0,538.0,Municipio Rosario,Municipio,Rosario,820210,Servicio de Catastro e Información Territorial,IGN
2018,8773,2018-09-03,Lunes,0.0,19:25:00,,0.0,2,"Moto/Ciclomotor,Peatón",Luis Vila Y Bv. Rondeau,3,3,0,0,0,0,0,"-32.898188, -60.691412",Calle,,ROSARIO,Rosario,Asfalto,No existe,II,Dentro,Urbana,Semáforo,Funciona,Intersección,Bueno,Buena,Diurna,Buen Tiempo,S/D,Peatón,Atropello,Ninguna,"Horizontal,Vertical","Cordón divisorio,Vegetación",Sin restricción,"-32.898188, -60.691412","['Doctor Vila', 'Rondeau']",2,,-32.898188,-60.691412,55.0,538.0,Municipio Rosario,Municipio,Rosario,820210,Servicio de Catastro e Información Territorial,IGN
2018,8774,2018-09-15,Sabado,0.0,15:30:00,,0.0,2,"Automóvil,Automóvil",Gurruchaga Y Bv. Rondeau,3,1,0,0,2,0,0,"-32.905102, -60.689118",Avenida,,ROSARIO,Rosario,Asfalto,No existe,II,Dentro,Urbana,Semáforo,Funciona,Intersección,Bueno,Buena,Diurna,Buen Tiempo,De alcance,S/D,Colisión,Ninguna,"Horizontal,Vertical","Cordón divisorio,Vegetación",Sin restricción,"-32.905102, -60.689118","['Gurruchaga', 'Rondeau']",2,,-32.905102,-60.689118,55.0,538.0,Municipio Rosario,Municipio,Rosario,820210,Servicio de Catastro e Información Territorial,IGN
2018,8775,2018-11-14,Miercoles,0.0,14:20:00,,0.0,2,"Automóvil,Moto/Ciclomotor",Rio De Janeiro Y Urquiza,3,1,0,0,2,0,0,"-32.935361111111,-60.679638888889",Calle,,ROSARIO,Rosario,S/D,S/D,II,S/D,Urbana,S/D,S/D,Intersección,S/D,S/D,Diurna,S/D,S/D,S/D,Colisión,S/D,S/D,S/D,S/D,"-32.935361111111,-60.679638888889","['Río de Janeiro', 'Urquiza']",2,,-32.935361111111,-60.679638888889,55.0,538.0,Municipio Rosario,Municipio,Rosario,820210,Servicio de Catastro e Información Territorial,IGN
2018,8776,2018-11-15,Jueves,0.0,17:30:00,,0.0,2,"Peatón,Automóvil",San Juan Y J.M.de Rosas,2,1,0,0,1,0,0,"-32.9515,-60.632166666667",Calle,,ROSARIO,Rosario,S/D,S/D,II,S/D,Urbana,S/D,S/D,Intersección,S/D,S/D,Atardecer,S/D,S/D,Peatón,Atropello,S/D,S/D,S/D,S/D,"-32.9515,-60.632166666667","['San Juan', 'De Rosas']",2,,-32.9515,-60.632166666667,55.0,538.0,Municipio Rosario,Municipio,Rosario,820210,Servicio de Catastro e Información Territorial,IGN
2018,8780,2018-11-14,Miercoles,0.0,20:00:00,,0.0,2,"Bicicleta,Pickup/Utilitario",San Juan Y Gutenberg,2,1,0,0,0,0,1,"-32.941333333333,-60.688222222222",Calle,,ROSARIO,Rosario,S/D,S/D,II,S/D,Urbana,S/D,S/D,Intersección,S/D,S/D,Nocturna,S/D,S/D,Ciclista,Atropello,S/D,S/D,S/D,S/D,"-32.941333333333,-60.688222222222","['San Juan', 'Gutenberg']",2,,-32.941333333333,-60.688222222222,55.0,538.0,Municipio Rosario,Municipio,Rosario,820210,Servicio de Catastro e Información Territorial,IGN