anio_acci,nro_acci,fecha,desc_dia,fecha_aprox,hora_aprox,desc_ruta,km,cant_participantes,desc_participante,calle_avenida_km,total,heridos_leves,heridos_graves,heridos_gravisimos,ilesos,fallecidos,sin_datos,posicion_XY,desc_tipo_via,desc_ruta_ori,desc_loc,desc_dpto,desc_tipo_calzada,desc_tipo_banquina,desc_unidad_regional,desc_lugar_calzada,desc_zona,desc_prioridad,desc_estado_semaforo,desc_lugar_via,desc_estado_via,desc_estado_visibilidad,desc_luminosidad,desc_estado_clima,desc_tipo_colision,desc_tipo_atropello,desc_tipo_hecho,desc_pres_calzada,desc_senializacion,desc_separacion_via,desc_restriccion,forma_geocod,calle_lista,numero_calles,calles_osm,lat,lon,index_right,gid,fna,gna,nam,in1,fdc,sag
2018,8783,2018-11-15,Jueves,0.0,16:50:00,,0.0,2,"Moto/Ciclomotor,Automóvil",J.M.de Rosas Y Mendoza,2,1,0,0,1,0,0,"-32.952722222222,-60.6325",Calle,,ROSARIO,Rosario,S/D,S/D,II,S/D,Urbana,S/D,S/D,Intersección,S/D,S/D,Diurna,S/D,S/D,S/D,Colisión,S/D,S/D,S/D,S/D,"-32.952722222222,-60.6325","['De Rosas', 'Mendoza']",2,,-32.952722222222,-60.6325,55.0,538.0,Municipio Rosario,Municipio,Rosario,820210,Servicio de Catastro e Información Territorial,IGN
2018,8784,2018-01-01,Lunes,0.0,03:30:00,,0.0,2,"Moto/Ciclomotor,Otros",Magallanes Y La Paz,2,1,0,0,1,0,0,"-32.9555,-60.703888888889",Calle,,ROSARIO,Rosario,S/D,S/D,II,S/D,Urbana,S/D,S/D,Intersección,S/D,S/D,S/D,S/D,S/D,S/D,Colisión,S/D,S/D,S/D,S/D,"-32.9555,-60.703888888889","['Magallanes', 'La Paz']",2,,-32.9555,-60.703888888889,55.0,538.0,Municipio Rosario,Municipio,Rosario,820210,Servicio de Catastro e Información Territorial,IGN
2018,8787,2018-01-09,Martes,0.0,,,0.0,2,"Moto/Ciclomotor,Otros", ,2,0,1,0,0,0,1,"-32.94981, -60.68319",S/D,,ROSARIO,Rosario,S/D,S/D,II,S/D,S/D,S/D,S/D,S/D,S/D,S/D,S/D,S/D,S/D,S/D,Colisión,S/D,S/D,S/D,S/D,"-32.94981, -60.68319",[''],0,,-32.94981,-60.68319,55.0,538.0,Municipio Rosario,Municipio,Rosario,820210,Servicio de Catastro e Información Territorial,IGN
2018,8789,2018-01-10,Miercoles,0.0,,,0.0,2,"Peatón,Otros", ,2,1,0,0,0,0,1,"-32.95723, -60.6931",S/D,,ROSARIO,Rosario,S/D,S/D,II,S/D,S/D,S/D,S/D,S/D,S/D,S/D,S/D,S/D,S/D,Peatón,Atropello,S/D,S/D,S/D,S/D,"-32.95723, -60.6931",[''],0,,-32.95723,-60.6931,55.0,538.0,Municipio Rosario,Municipio,Rosario,820210,Servicio de Catastro e Información Territorial,IGN
2018,8790,2018-01-10,Miercoles,0.0,,,0.0,2,"Moto/Ciclomotor,Otros", ,2,0,1,0,0,0,1,"-32.94466, -60.68055",S/D,,ROSARIO,Rosario,S/D,S/D,II,S/D,S/D,S/D,S/D,S/D,S/D,S/D,S/D,S/D,S/D,S/D,Colisión,S/D,S/D,S/D,S/D,"-32.94466, -60.68055",[''],0,,-32.94466,-60.68055,55.0,538.0,Municipio Rosario,Municipio,Rosario,820210,Servicio de Catastro e Información Territorial,IGN
2018,8791,2018-10-17,Miercoles,0.0,17:33:00,,0.0,2,"Moto/Ciclomotor,Otros",Av. Francia Y Lamadrid,2,0,1,0,0,0,1,"-32.998,-60.678055555556",S/D,,ROSARIO,Rosario,S/D,S/D,II,S/D,S/D,S/D,S/D,S/D,S/D,S/D,S/D,S/D,S/D,S/D,S/D,S/D,S/D,S/D,S/D,"-32.998,-60.678055555556","['Avenida Francia', 'Lamadrid']",2,,-32.998,-60.678055555556,55.0,538.0,Municipio Rosario,Municipio,Rosario,820210,Servicio de Catastro e Información Territorial,IGN
2018,8793,2018-10-19,Viernes,0.0,20:41:00,,0.0,2,"Moto/Ciclomotor,Otros",Roullon Y Cerrito,2,0,1,0,0,0,1,"-32.953027777778,-60.701722222222",S/D,,ROSARIO,Rosario,S/D,S/D,II,S/D,S/D,S/D,S/D,S/D,S/D,S/D,S/D,S/D,S/D,S/D,S/D,S/D,S/D,S/D,S/D,"-32.953027777778,-60.701722222222","['Alfredo Rouillón', 'Cerrito']",2,,-32.953027777778,-60.701722222222,55.0,538.0,Municipio Rosario,Municipio,Rosario,820210,Servicio de Catastro e Información Territorial,IGN
2018,8794,2018-11-11,Domingo,0.0,,,0.0,2,"Moto/Ciclomotor,Otros", ,2,1,0,0,0,0,1,"-32.95846, -60.69045",S/D,,ROSARIO,Rosario,S/D,S/D,II,S/D,S/D,S/D,S/D,S/D,S/D,S/D,S/D,S/D,S/D,S/D,Colisión,S/D,S/D,S/D,S/D,"-32.95846, -60.69045",[''],0,,-32.95846,-60.69045,55.0,538.0,Municipio Rosario,Municipio,Rosario,820210,Servicio de Catastro e Información Territorial,IGN
2018,8796,2018-10-08,Lunes,0.0,10:45:00,,0.0,2,"Moto/Ciclomotor,Automóvil",J.J.Paso Y Bolivia Bis,2,1,0,0,1,0,0,"-32.920325120733, -60.715514326583",Avenida,,ROSARIO,Rosario,Asfalto,No existe,II,Dentro,Urbana,Ninguna,No existe,Intersección,Bueno,Buena,Diurna,Buen Tiempo,De alcance,S/D,Colisión,Ninguna,Faltante,Ninguna,Sin restricción,"-32.920325120733, -60.715514326583","['Paso', 'Bolivia']",2,,-32.920325120733,-60.715514326583,55.0,538.0,Municipio Rosario,Municipio,Rosario,820210,Servicio de Catastro e Información Territorial,IGN
2018,8803,2018-09-17,Lunes,0.0,09:40:00,,0.0,2,"Moto/Ciclomotor,Automóvil",Av. Casiano Casas Y Av. Sorrento,2,1,0,0,1,0,0,"-32.907294, -60.695672",Avenida,,ROSARIO,Rosario,Asfalto,No existe,II,Dentro,Urbana,Semáforo,Funciona,Intersección,Bueno,Buena,Diurna,Buen Tiempo,De alcance,S/D,Colisión,Ninguna,"Horizontal,Vertical",Cordón divisorio,Sin restricción,"-32.907294, -60.695672","['Avenida Casiano Casas', 'Sorrento']",2,,-32.907294,-60.695672,55.0,538.0,Municipio Rosario,Municipio,Rosario,820210,Servicio de Catastro e Información Territorial,IGN
2018,8804,2018-09-24,Lunes,0.0,07:00:00,,0.0,2,"Moto/Ciclomotor,Automóvil",Av. Sorrento Y Darragueira,2,1,0,0,1,0,0,"-32.907195, -60.691264",Avenida,,ROSARIO,Rosario,Asfalto,No existe,II,Dentro,Urbana,Semáforo,Funciona,Intersección,Bueno,Buena,Amanecer,Buen Tiempo,De alcance,S/D,Colisión,Ninguna,Vertical,Ninguna,Sin restricción,"-32.907195, -60.691264","['Sorrento', 'José Darragueira']",2,,-32.907195,-60.691264,55.0,538.0,Municipio Rosario,Municipio,Rosario,820210,Servicio de Catastro e Información Territorial,IGN
2018,8806,2018-09-25,Martes,0.0,10:20:00,,0.0,2,"Peatón,Otros",Av. Casiano Casas Y Washington,2,1,0,0,1,0,0,"-32.903508, -60.700865",Calle,,ROSARIO,Rosario,Asfalto,No existe,II,Dentro,Urbana,Paso Peatonal,No existe,Intersección,Bueno,Buena,Diurna,Buen Tiempo,S/D,Peatón,Atropello,Ninguna,"Horizontal,Vertical",Cordón divisorio,Sin restricción,"-32.903508, -60.700865","['Avenida Casiano Casas', 'Washington']",2,,-32.903508,-60.700865,55.0,538.0,Municipio Rosario,Municipio,Rosario,820210,Servicio de Catastro e Información Territorial,IGN
2018,8807,2018-09-27,Jueves,0.0,17:00:00,,0.0,1,Moto/Ciclomotor,Uriarte Y Calvo,2,1,0,0,1,0,0,"-32.902510, -60.707138",Calle,,ROSARIO,Rosario,Asfalto,No existe,II,Dentro,Urbana,Ninguna,No existe,Intersección,Bueno,Buena,Diurna,Buen Tiempo,S/D,S/D,Caída ocupante,Ninguna,Faltante,Ninguna,Sin restricción,"-32.902510, -60.707138","['Uriarte', 'Calvo']",2,,-32.90251,-60.707138,55.0,538.0,Municipio Rosario,Municipio,Rosario,820210,Servicio de Catastro e Información Territorial,IGN
2018,8809,2018-09-27,Jueves,0.0,16:45:00,,0.0,2,"Automóvil,Moto/Ciclomotor",Albert Sabin Y J.B.Justo,2,1,0,0,1,0,0,"-32.914296, -60.692124",Avenida,,ROSARIO,Rosario,Asfalto,No existe,II,Dentro,Urbana,Semáforo,Funciona,Intersección,Bueno,Buena,Diurna,Buen Tiempo,De alcance,S/D,Colisión,Ninguna,"Horizontal,Vertical","Cordón divisorio,Vegetación,Línea divisoria pintada",Sin restricción,"-32.914296, -60.692124","['Avenida Travesía Albert Sabin', 'Justo']",2,,-32.914296,-60.692124,55.0,538.0,Municipio Rosario,Municipio,Rosario,820210,Servicio de Catastro e Información Territorial,IGN
2018,8811,2018-09-03,Lunes,0.0,14:00:00,,0.0,2,"Moto/Ciclomotor,Automóvil",Jujuy Y Vera Mujica,4,1,0,0,3,0,0,"-32.933133, -60.664848",Calle,,ROSARIO,Rosario,Asfalto,No existe,II,Dentro,Urbana,Ninguna,No existe,Intersección,Bueno,Buena,Diurna,Buen Tiempo,Lateral,S/D,Colisión,Ninguna,Faltante,Ninguna,Sin restricción,"-32.933133, -60.664848","['Jujuy', 'Vera Mujíca']",2,,-32.933133,-60.664848,55.0,538.0,Municipio Rosario,Municipio,Rosario,820210,Servicio de Catastro e Información Territorial,IGN
2018,8812,2018-09-07,Viernes,0.0,17:30:00,,0.0,2,"Peatón,Automóvil",Catamarca Y Cafferata,2,1,0,0,1,0,0,"-32.934705, -60.669582",Calle,,ROSARIO,Rosario,Asfalto,No existe,II,Dentro,Urbana,Semáforo,Funciona,Intersección,Bueno,Buena,Diurna,Buen Tiempo,S/D,Peatón,Atropello,Ninguna,"Horizontal,Vertical",Ninguna,Sin restricción,"-32.934705, -60.669582","['Catamarca', 'Cafferata']",2,,-32.934705,-60.669582,55.0,538.0,Municipio Rosario,Municipio,Rosario,820210,Servicio de Catastro e Información Territorial,IGN
2018,8814,2018-09-11,Martes,0.0,07:00:00,,0.0,2,"Taxi/Remis,Automóvil",Vera Mujica Y Tucuman,5,4,0,0,1,0,0,"-32.936634, -60.665757",Calle,,ROSARIO,Rosario,Asfalto,No existe,II,Dentro,Urbana,Ninguna,No existe,Intersección,Bueno,Buena,Diurna,Buen Tiempo,Lateral,S/D,Colisión,Ninguna,Faltante,Ninguna,Sin restricción,"-32.936634, -60.665757","['Vera Mujíca', 'Tucumán']",2,,-32.936634,-60.665757,55.0,538.0,Municipio Rosario,Municipio,Rosario,820210,Servicio de Catastro e Información Territorial,IGN
2018,8815,2018-09-14,Viernes,0.0,13:00:00,,0.0,2,"Moto/Ciclomotor,Automóvil",Crespo Y San Lorenzo,4,2,0,0,2,0,0,"-32.938774, -60.667676",Calle,,ROSARIO,Rosario,Asfalto,No existe,II,Dentro,Urbana,S/D,No existe,Intersección,Bueno,Buena,Diurna,Buen Tiempo,Lateral,S/D,Colisión,Ninguna,Faltante,Ninguna,Sin restricción,"-32.938774, -60.667676","['Crespo', 'San Lorenzo']",2,,-32.938774,-60.667676,55.0,538.0,Municipio Rosario,Municipio,Rosario,820210,Servicio de Catastro e Información Territorial,IGN
2018,8817,2018-09-15,Sabado,0.0,05:30:00,,0.0,2,"Taxi/Remis,Automóvil",Rivadavia Y Pueyrredon Bis,2,1,0,0,1,0,0,"-32.931411, -60.654488",Calle,,ROSARIO,Rosario,Asfalto,No existe,II,Dentro,Urbana,Ninguna,Funciona,Intersección,Bueno,Reducida,Amanecer,Buen Tiempo,Frontal,S/D,Colisión,Ninguna,Vertical,Ninguna,Sin restricción,"-32.931411, -60.654488","['Rivadavia', 'Pueyrredón']",2,,-32.931411,-60.654488,55.0,538.0,Municipio Rosario,Municipio,Rosario,820210,Servicio de Catastro e Información Territorial,IGN
2018,8819,2018-09-15,Sabado,0.0,17:00:00,,0.0,2,"Automóvil,Automóvil",Av. Francia Y Jujuy,5,4,0,0,1,0,0,"-32.933357, -60.663569",Avenida,,ROSARIO,Rosario,Asfalto,No existe,II,Dentro,Urbana,Ninguna,No existe,Intersección,Bueno,Buena,Diurna,Buen Tiempo,Lateral,S/D,Colisión,Ninguna,Faltante,Ninguna,Sin restricción,"-32.933357, -60.663569","['Avenida Francia', 'Jujuy']",2,,-32.933357,-60.663569,55.0,538.0,Municipio Rosario,Municipio,Rosario,820210,Servicio de Catastro e Información Territorial,IGN
2018,8821,2018-09-17,Lunes,0.0,15:20:00,,0.0,2,"Moto/Ciclomotor,Automóvil",Rodriguez Y San Lorenzo,2,0,1,0,1,0,0,"-32.940444, -60.658145",Calle,,ROSARIO,Rosario,Asfalto,No existe,II,Dentro,Urbana,Ninguna,No existe,Intersección,Bueno,Buena,Diurna,Buen Tiempo,De alcance,S/D,Colisión,Ninguna,Faltante,Ninguna,Sin restricción,"-32.940444, -60.658145","['Rodríguez', 'San Lorenzo']",2,,-32.940444,-60.658145,55.0,538.0,Municipio Rosario,Municipio,Rosario,820210,Servicio de Catastro e Información Territorial,IGN
2018,8822,2018-09-19,Miercoles,0.0,00:15:00,,0.0,2,"Automóvil,Taxi/Remis",Urquiza Y Castellanos,2,1,0,0,1,0,0,"-32.936326, -60.674183",Calle,,ROSARIO,Rosario,Asfalto,No existe,II,Dentro,Urbana,Señal Pare,No existe,Intersección,Bueno,Reducida,"Nocturna,Con luz artificial",Lluvia,De alcance,S/D,Colisión,Ninguna,Vertical,Ninguna,Sin restricción,"-32.936326, -60.674183","['Urquiza', 'Aaron Castellanos']",2,,-32.936326,-60.674183,55.0,538.0,Municipio Rosario,Municipio,Rosario,820210,Servicio de Catastro e Información Territorial,IGN
2018,8823,2018-09-20,Jueves,0.0,23:30:00,,0.0,2,"Moto/Ciclomotor,Automóvil",Jujuy Y Rodriguez,3,1,0,0,2,0,0,"-32.934600, -60.656671",Calle,,ROSARIO,Rosario,Asfalto,No existe,II,Dentro,Urbana,Ninguna,No existe,Intersección,Bueno,Reducida,"Nocturna,Con luz artificial",Buen Tiempo,De alcance,S/D,Colisión,Ninguna,Faltante,Ninguna,Sin restricción,"-32.934600, -60.656671","['Jujuy', 'Rodríguez']",2,,-32.9346,-60.656671,55.0,538.0,Municipio Rosario,Municipio,Rosario,820210,Servicio de Catastro e Información Territorial,IGN
2018,8824,2018-09-22,Sabado,0.0,09:35:00,,0.0,2,"Taxi/Remis,Automóvil",Catamarca Y San Nicolas,2,2,0,0,0,0,0,"-32.934475, -60.670886",Calle,,ROSARIO,Rosario,Asfalto,No existe,II,Dentro,Urbana,Semáforo,Funciona,Intersección,Bueno,Buena,Diurna,Buen Tiempo,De alcance,S/D,Colisión,Ninguna,"Horizontal,Vertical",Ninguna,Sin restricción,"-32.934475, -60.670886","['Catamarca', 'San Nicolás']",2,,-32.934475,-60.670886,55.0,538.0,Municipio Rosario,Municipio,Rosario,820210,Servicio de Catastro e Información Territorial,IGN
2018,8825,2018-09-23,Domingo,0.0,05:30:00,,0.0,2,"Automóvil,Automóvil",Av. Del Valle Y Av. Ovidio Lagos Bis,3,1,0,0,2,0,0,"-32.931024, -60.658681",Avenida,,ROSARIO,Rosario,Asfalto,No existe,II,Dentro,Urbana,Semáforo,Funciona,Recta,Bueno,Buena,Amanecer,Buen Tiempo,De alcance,S/D,Colisión,Ninguna,"Horizontal,Vertical",Línea divisoria pintada,Sin restricción,"-32.931024, -60.658681","['Del Valle', 'Avenida Ovidio Lagos']",2,,-32.931024,-60.658681,55.0,538.0,Municipio Rosario,Municipio,Rosario,820210,Servicio de Catastro e Información Territorial,IGN
2018,8826,2018-09-24,Lunes,0.0,18:00:00,,0.0,2,"Moto/Ciclomotor,Automóvil",Av. Francia Y Jujuy,3,1,0,1,1,0,0,"-32.933357, -60.663573",Avenida,,ROSARIO,Rosario,Asfalto,No existe,II,Dentro,Urbana,Ninguna,No existe,Intersección,Bueno,Buena,Diurna,Buen Tiempo,Otro,S/D,Colisión,Ninguna,Faltante,"Cordón divisorio,Vegetación",Sin restricción,"-32.933357, -60.663573","['Avenida Francia', 'Jujuy']",2,,-32.933357,-60.663573,55.0,538.0,Municipio Rosario,Municipio,Rosario,820210,Servicio de Catastro e Información Territorial,IGN
2018,8828,2018-01-12,Viernes,0.0,,,0.0,2,"Moto/Ciclomotor,Otros", ,2,0,0,1,0,0,1,"-32.95963, -60.68786",S/D,,ROSARIO,Rosario,S/D,S/D,II,S/D,S/D,S/D,S/D,S/D,S/D,S/D,S/D,S/D,S/D,S/D,Colisión,S/D,S/D,S/D,S/D,"-32.95963, -60.68786",[''],0,,-32.95963,-60.68786,55.0,538.0,Municipio Rosario,Municipio,Rosario,820210,Servicio de Catastro e Información Territorial,IGN
2018,8829,2018-01-12,Viernes,0.0,,,0.0,2,"Moto/Ciclomotor,Otros", ,2,0,1,0,0,0,1,"-32.95977, -60.69505",S/D,,ROSARIO,Rosario,S/D,S/D,II,S/D,S/D,S/D,S/D,S/D,S/D,S/D,S/D,S/D,S/D,S/D,Colisión,S/D,S/D,S/D,S/D,"-32.95977, -60.69505",[''],0,,-32.95977,-60.69505,55.0,538.0,Municipio Rosario,Municipio,Rosario,820210,Servicio de Catastro e Información Territorial,IGN
2018,8830,2018-01-13,Sabado,0.0,,,0.0,2,"Moto/Ciclomotor,Otros", ,3,1,0,0,0,0,2,"-32.95921, -60.69425",S/D,,ROSARIO,Rosario,S/D,S/D,II,S/D,S/D,S/D,S/D,S/D,S/D,S/D,S/D,S/D,S/D,S/D,Colisión,S/D,S/D,S/D,S/D,"-32.95921, -60.69425",[''],0,,-32.95921,-60.69425,55.0,538.0,Municipio Rosario,Municipio,Rosario,820210,Servicio de Catastro e Información Territorial,IGN
2018,8831,2018-01-13,Sabado,0.0,,,0.0,2,"Moto/Ciclomotor,Otros", ,2,1,0,0,0,0,1,"-32.95868, -60.69215",S/D,,ROSARIO,Rosario,S/D,S/D,II,S/D,S/D,S/D,S/D,S/D,S/D,S/D,S/D,S/D,S/D,S/D,Colisión,S/D,S/D,S/D,S/D,"-32.95868, -60.69215",[''],0,,-32.95868,-60.69215,55.0,538.0,Municipio Rosario,Municipio,Rosario,820210,Servicio de Catastro e Información Territorial,IGN
2018,8832,2018-01-13,Sabado,0.0,,,0.0,2,"Moto/Ciclomotor,Otros", ,2,0,1,0,0,0,1,"-32.95673, -60.67608",S/D,,ROSARIO,Rosario,S/D,S/D,II,S/D,S/D,S/D,S/D,S/D,S/D,S/D,S/D,S/D,S/D,S/D,Colisión,S/D,S/D,S/D,S/D,"-32.95673, -60.67608",[''],0,,-32.95673,-60.67608,55.0,538.0,Municipio Rosario,Municipio,Rosario,820210,Servicio de Catastro e Información Territorial,IGN
2018,8833,2018-01-15,Lunes,0.0,,,0.0,2,"Bicicleta,Otros", ,2,0,0,1,0,0,1,"-32.95721, -60.67983",S/D,,ROSARIO,Rosario,S/D,S/D,II,S/D,S/D,S/D,S/D,S/D,S/D,S/D,S/D,S/D,S/D,Ciclista,Atropello,S/D,S/D,S/D,S/D,"-32.95721, -60.67983",[''],0,,-32.95721,-60.67983,55.0,538.0,Municipio Rosario,Municipio,Rosario,820210,Servicio de Catastro e Información Territorial,IGN
2018,8834,2018-10-08,Lunes,0.0,04:00:00,,0.0,1,Moto/Ciclomotor,Mendoza Y Ecuador,2,0,2,0,0,0,0,"-32.940222222222,-60.715",Avenida,,ROSARIO,Rosario,Asfalto,No existe,II,Dentro,Urbana,Ninguna,No existe,Intersección,Bueno,S/D,Nocturna,Buen Tiempo,Contra objeto fijo,S/D,Colisión,Ninguna,S/D,Cordón divisorio,Sin restricción,"-32.940222222222,-60.715","['Mendoza', 'Ecuador']",2,,-32.940222222222,-60.715,55.0,538.0,Municipio Rosario,Municipio,Rosario,820210,Servicio de Catastro e Información Territorial,IGN
2018,8835,2018-10-08,Lunes,0.0,16:00:00,,0.0,2,"Peatón,Moto/Ciclomotor",Av. Pte.Peron Y Lavalle,2,1,0,0,1,0,0,"-32.957527777778,-60.682388888889",Avenida,,ROSARIO,Rosario,Asfalto,No existe,II,S/D,Urbana,Semáforo,Funciona,Intersección,Bueno,Buena,Diurna,Buen Tiempo,S/D,Peatón,Atropello,Ninguna,"Horizontal,Vertical",Cordón divisorio,Sin restricción,"-32.957527777778,-60.682388888889","['Avenida Presidente Perón', 'Lavalle']",2,,-32.957527777778,-60.682388888889,55.0,538.0,Municipio Rosario,Municipio,Rosario,820210,Servicio de Catastro e Información Territorial,IGN
2018,8836,2018-02-02,Viernes,0.0,19:00:00,,0.0,2,"Moto/Ciclomotor,Otros",Av. Battle y Ordo?ez ,2,0,1,0,0,0,1,"-33.00925,-60.661666666667",Calle,,ROSARIO,Rosario,S/D,S/D,II,S/D,Urbana,S/D,S/D,Recta,S/D,S/D,S/D,S/D,S/D,S/D,Colisión,S/D,S/D,S/D,S/D,"-33.00925,-60.661666666667",['Avenida Battle y Ordoñez'],1,,-33.00925,-60.661666666667,55.0,538.0,Municipio Rosario,Municipio,Rosario,820210,Servicio de Catastro e Información Territorial,IGN
2018,8837,2018-10-08,Lunes,0.0,13:10:00,,0.0,2,"Peatón,Moto/Ciclomotor",Lavalle 3700,2,1,0,0,1,0,0,"-32.973138888889,-60.686305555556",Calle,,ROSARIO,Rosario,Asfalto,S/D,II,Dentro,Urbana,S/D,S/D,Recta,S/D,Buena,Diurna,Buen Tiempo,S/D,Peatón,Atropello,S/D,S/D,S/D,S/D,"-32.973138888889,-60.686305555556",['Lavalle 3700'],1,,-32.973138888889,-60.686305555556,55.0,538.0,Municipio Rosario,Municipio,Rosario,820210,Servicio de Catastro e Información Territorial,IGN
2018,8838,2018-02-06,Martes,0.0,,,0.0,1,Otros, ,1,1,0,0,0,0,0,"-32.95643, -60.69418",S/D,,ROSARIO,Rosario,S/D,S/D,II,S/D,S/D,S/D,S/D,S/D,S/D,S/D,S/D,S/D,S/D,S/D,S/D,S/D,S/D,S/D,S/D,"-32.95643, -60.69418",[''],0,,-32.95643,-60.69418,55.0,538.0,Municipio Rosario,Municipio,Rosario,820210,Servicio de Catastro e Información Territorial,IGN
2018,8842,2018-10-08,Lunes,0.0,17:50:00,,0.0,2,"Peatón,Moto/Ciclomotor",Dr.G.Colombres 3000,2,1,0,0,1,0,0,"-32.964888888889,-60.724861111111",Calle,,ROSARIO,Rosario,Asfalto,No existe,II,S/D,Urbana,Ninguna,No existe,Intersección,Bueno,Buena,Diurna,Buen Tiempo,S/D,Peatón,Atropello,Ninguna,Faltante,Ninguna,Sin restricción,"-32.964888888889,-60.724861111111",['Dr G Colombres 3000'],1,,-32.964888888889,-60.724861111111,55.0,538.0,Municipio Rosario,Municipio,Rosario,820210,Servicio de Catastro e Información Territorial,IGN
2018,8844,2018-10-08,Lunes,0.0,20:45:00,,0.0,2,"Automóvil,Bicicleta",Montevideo Y Maipu,2,1,0,0,1,0,0,"-32.956611111111,-60.637833333333",Calle,,ROSARIO,Rosario,S/D,S/D,II,S/D,Urbana,S/D,S/D,Intersección,S/D,S/D,"Nocturna,Con luz artificial",S/D,S/D,Ciclista,Atropello,S/D,S/D,S/D,S/D,"-32.956611111111,-60.637833333333","['Montevideo', 'Maipú']",2,,-32.956611111111,-60.637833333333,55.0,538.0,Municipio Rosario,Municipio,Rosario,820210,Servicio de Catastro e Información Territorial,IGN
2018,8846,2018-10-08,Lunes,0.0,16:45:00,,0.0,2,"Peatón,Moto/Ciclomotor",3 De Febrero Y Maipu,2,1,0,0,0,0,1,"-32.953277777778,-60.636916666667",Calle,,ROSARIO,Rosario,S/D,S/D,II,S/D,Urbana,Paso Peatonal,Funciona,Intersección,S/D,S/D,Diurna,S/D,S/D,Peatón,Atropello,S/D,S/D,S/D,S/D,"-32.953277777778,-60.636916666667","['3 de Febrero', 'Maipú']",2,,-32.953277777778,-60.636916666667,55.0,538.0,Municipio Rosario,Municipio,Rosario,820210,Servicio de Catastro e Información Territorial,IGN
2018,8847,2018-02-13,Martes,0.0,19:00:00,,0.0,2,"Automóvil,Otros",Bv. Segui Y Garzon,2,1,0,0,0,0,1,"-32.970805555556,-60.7045",Calle,,ROSARIO,Rosario,S/D,S/D,II,S/D,Urbana,S/D,S/D,Intersección,S/D,S/D,S/D,S/D,S/D,S/D,Colisión,S/D,S/D,S/D,S/D,"-32.970805555556,-60.7045","['Bulevar Juan Francisco Seguí', 'Garzón']",2,,-32.970805555556,-60.7045,55.0,538.0,Municipio Rosario,Municipio,Rosario,820210,Servicio de Catastro e Información Territorial,IGN
2018,8848,2018-10-08,Lunes,0.0,14:00:00,,0.0,2,"Moto/Ciclomotor,Automóvil",Av. Kennedy Y Gianneo,2,1,0,0,1,0,0,"-32.889638888889,-60.711861111111",Calle,,ROSARIO,Rosario,Asfalto,No existe,II,Dentro,Urbana,Ninguna,No existe,Intersección,Bueno,Buena,Diurna,Buen Tiempo,S/D,S/D,Colisión,Ninguna,Faltante,Ninguna,Sin restricción,"-32.889638888889,-60.711861111111","['Kennedy', 'Gianneo (Sur)']",2,,-32.889638888889,-60.711861111111,55.0,538.0,Municipio Rosario,Municipio,Rosario,820210,Servicio de Catastro e Información Territorial,IGN
2018,8849,2018-06-06,Miercoles,0.0,06:15:00,,0.0,2,"Bicicleta,Otros",Godoy Cruz 8000,2,0,0,1,0,0,1,"-32.89052, -60.69718",Calle,,ROSARIO,Rosario,S/D,S/D,II,S/D,Urbana,S/D,S/D,Recta,S/D,S/D,S/D,S/D,S/D,Ciclista,Atropello,S/D,S/D,S/D,S/D,"-32.89052, -60.69718",['Godoy Cruz 8000'],1,,-32.89052,-60.69718,55.0,538.0,Municipio Rosario,Municipio,Rosario,820210,Servicio de Catastro e Información Territorial,IGN
2018,8850,2018-10-08,Lunes,0.0,15:15:00,,0.0,2,"Bicicleta,Automóvil",J.M.de Rosas Y Cochabamba,2,1,0,0,1,0,0,"-32.959666666667,-60.634277777778",Calle,,ROSARIO,Rosario,Asfalto,S/D,II,Dentro,Urbana,Ninguna,S/D,Intersección,Bueno,Buena,Diurna,Buen Tiempo,Lateral,Ciclista,Atropello,Ninguna,S/D,Ninguna,Sin restricción,"-32.959666666667,-60.634277777778","['De Rosas', 'Cochabamba']",2,,-32.959666666667,-60.634277777778,55.0,538.0,Municipio Rosario,Municipio,Rosario,820210,Servicio de Catastro e Información Territorial,IGN
2018,8852,2018-10-09,Martes,0.0,20:45:00,,0.0,2,"Bicicleta,Automóvil",Montevideo Y Maipu,2,1,0,0,1,0,0,"-32.956611111111,-60.637833333333",Calle,,ROSARIO,Rosario,Asfalto,No existe,II,Dentro,Urbana,S/D,S/D,Intersección,Bueno,S/D,Nocturna,S/D,S/D,Ciclista,Atropello,S/D,S/D,S/D,S/D,"-32.956611111111,-60.637833333333","['Montevideo', 'Maipú']",2,,-32.956611111111,-60.637833333333,55.0,538.0,Municipio Rosario,Municipio,Rosario,820210,Servicio de Catastro e Información Territorial,IGN
2018,8854,2018-02-22,Jueves,0.0,17:00:00,,0.0,2,"Vehículo Oficial,Moto/Ciclomotor",GÁLVEZ Y Rio De Janeiro,2,0,0,0,1,1,0,"-32.961166666667,-60.686111111111",Calle,,ROSARIO,Rosario,Asfalto,No existe,II,Dentro,Urbana,Ninguna,No existe,Intersección,Bueno,S/D,Diurna,S/D,S/D,S/D,Colisión,Ninguna,Faltante,Ninguna,Sin restricción,"-32.961166666667,-60.686111111111","['Glave', 'Río de Janeiro']",2,,-32.961166666667,-60.686111111111,55.0,538.0,Municipio Rosario,Municipio,Rosario,820210,Servicio de Catastro e Información Territorial,IGN