anio_acci,nro_acci,fecha,desc_dia,fecha_aprox,hora_aprox,desc_ruta,km,cant_participantes,desc_participante,calle_avenida_km,total,heridos_leves,heridos_graves,heridos_gravisimos,ilesos,fallecidos,sin_datos,posicion_XY,desc_tipo_via,desc_ruta_ori,desc_loc,desc_dpto,desc_tipo_calzada,desc_tipo_banquina,desc_unidad_regional,desc_lugar_calzada,desc_zona,desc_prioridad,desc_estado_semaforo,desc_lugar_via,desc_estado_via,desc_estado_visibilidad,desc_luminosidad,desc_estado_clima,desc_tipo_colision,desc_tipo_atropello,desc_tipo_hecho,desc_pres_calzada,desc_senializacion,desc_separacion_via,desc_restriccion,forma_geocod,calle_lista,numero_calles,calles_osm,lat,lon,index_right,gid,fna,gna,nam,in1,fdc,sag
2018,8855,2018-09-27,Jueves,0.0,11:05:00,,0.0,2,"Moto/Ciclomotor,Automóvil",Urquiza Y Castellanos,4,3,0,0,1,0,0,"-32.936328, -60.674185",Calle,,ROSARIO,Rosario,Asfalto,No existe,II,Dentro,Urbana,Ninguna,No existe,Intersección,Bueno,Buena,Diurna,Buen Tiempo,S/D,S/D,Colisión,Ninguna,Faltante,Ninguna,Sin restricción,"-32.936328, -60.674185","['Urquiza', 'Aaron Castellanos']",2,,-32.936328,-60.674185,55.0,538.0,Municipio Rosario,Municipio,Rosario,820210,Servicio de Catastro e Información Territorial,IGN
2018,8858,2018-09-25,Martes,0.0,13:25:00,,0.0,2,"Moto/Ciclomotor,Automóvil",Catamarca Y Rodriguez,2,1,0,0,1,0,0,"-32.936919, -60.657263",Calle,,ROSARIO,Rosario,Asfalto,No existe,II,Dentro,Urbana,Ninguna,No existe,Intersección,Bueno,Buena,Diurna,Buen Tiempo,De alcance,S/D,Colisión,Ninguna,Faltante,Ninguna,Sin restricción,"-32.936919, -60.657263","['Catamarca', 'Rodríguez']",2,,-32.936919,-60.657263,55.0,538.0,Municipio Rosario,Municipio,Rosario,820210,Servicio de Catastro e Información Territorial,IGN
2018,8860,2018-09-24,Lunes,0.0,10:30:00,,0.0,2,"Automóvil,Automóvil",Diaz Velez Bis Y Velez Sarsfield,3,1,0,0,2,0,0,"-32.925102, -60.684697",Calle,,ROSARIO,Rosario,Asfalto,No existe,II,Dentro,Urbana,Ninguna,No existe,Recta,Bueno,Buena,Diurna,Buen Tiempo,Lateral,S/D,Colisión,Ninguna,Faltante,Ninguna,Sin restricción,"-32.925102, -60.684697","['Díaz Vélez', 'Vélez Sarsfield']",2,,-32.925102,-60.684697,55.0,538.0,Municipio Rosario,Municipio,Rosario,820210,Servicio de Catastro e Información Territorial,IGN
2018,8862,2018-09-01,Sabado,0.0,14:50:00,,0.0,2,"Moto/Ciclomotor,Automóvil",Casilda Y Florida,3,1,0,0,2,0,0,"-32.928302, -60.683225",Calle,,ROSARIO,Rosario,Asfalto,No existe,II,Dentro,Urbana,Ninguna,No existe,Recta,Bueno,Buena,Diurna,Buen Tiempo,S/D,S/D,Colisión,Ninguna,Faltante,Ninguna,Sin restricción,"-32.928302, -60.683225","['Casilda', 'Florida']",2,,-32.928302,-60.683225,55.0,538.0,Municipio Rosario,Municipio,Rosario,820210,Servicio de Catastro e Información Territorial,IGN
2018,8864,2018-09-04,Martes,0.0,09:00:00,,0.0,2,"Pickup/Utilitario,Automóvil",Albert Sabin Y Av. Alberdi Bis,2,1,0,0,1,0,0,"-32.929999, -60.673905",Calle,,ROSARIO,Rosario,Asfalto,No existe,II,Dentro,Urbana,Semáforo,Funciona,Recta,Bueno,Buena,Diurna,Buen Tiempo,S/D,S/D,Colisión,Ninguna,"Horizontal,Vertical","Cordón divisorio,Vegetación,Línea divisoria pintada",Sin restricción,"-32.929999, -60.673905","['Avenida Travesía Albert Sabin', 'Alberdi']",2,,-32.929999,-60.673905,55.0,538.0,Municipio Rosario,Municipio,Rosario,820210,Servicio de Catastro e Información Territorial,IGN
2018,8866,2018-09-07,Viernes,0.0,23:55:00,,0.0,2,"Automóvil,Bicicleta",Mar del Plata Y Humberto I,2,1,0,0,1,0,0,"-32.929631, -60.681830",Calle,,ROSARIO,Rosario,Asfalto,No existe,II,Dentro,Urbana,Ninguna,No existe,Intersección,Bueno,Buena,Nocturna,Buen Tiempo,S/D,Ciclista,Atropello,Ninguna,Faltante,Ninguna,Sin restricción,"-32.929631, -60.681830","['Mar del Plata', 'Humberto']",2,,-32.929631,-60.68183,55.0,538.0,Municipio Rosario,Municipio,Rosario,820210,Servicio de Catastro e Información Territorial,IGN
2018,8867,2018-09-20,Jueves,0.0,13:00:00,,0.0,2,"Automóvil,Moto/Ciclomotor",Av. Luis Carballo Y Rawson Bis,2,1,0,0,1,0,0,"-32.921931, -60.669417",Avenida,,ROSARIO,Rosario,Asfalto,No existe,II,Dentro,Urbana,Semáforo,Funciona,Intersección,Bueno,Buena,Diurna,Buen Tiempo,De alcance,S/D,Colisión,Ninguna,"Horizontal,Vertical","Cordón divisorio,Vegetación,Línea divisoria pintada",Sin restricción,"-32.921931, -60.669417","['Avenida Doctor Luis Cándido Carballo', 'Rawson']",2,,-32.921931,-60.669417,55.0,538.0,Municipio Rosario,Municipio,Rosario,820210,Servicio de Catastro e Información Territorial,IGN
2018,8869,2018-09-21,Viernes,0.0,01:00:00,,0.0,2,"Automóvil,Moto/Ciclomotor",Albert Sabin Y Velez Sarsfield,4,1,0,0,3,0,0,"-32.925051, -60.682126",Avenida,,ROSARIO,Rosario,Asfalto,No existe,II,Dentro,Urbana,Semáforo,Funciona,Intersección,Bueno,Buena,"Nocturna,Con luz artificial",Buen Tiempo,Lateral,S/D,Colisión,Ninguna,"Horizontal,Vertical","Cordón divisorio,Línea divisoria pintada",Sin restricción,"-32.925051, -60.682126","['Avenida Travesía Albert Sabin', 'Vélez Sarsfield']",2,,-32.925051,-60.682126,55.0,538.0,Municipio Rosario,Municipio,Rosario,820210,Servicio de Catastro e Información Territorial,IGN
2018,8872,2018-09-22,Sabado,0.0,20:15:00,,0.0,2,"Automóvil,Moto/Ciclomotor",Pje. Franchini Bis Y Av. Luis Carballo,2,1,0,0,1,0,0,"-32.921885, -60.670244",Avenida,,ROSARIO,Rosario,Asfalto,No existe,II,Dentro,Urbana,Señal Pare,No existe,Intersección,Bueno,Buena,Diurna,Buen Tiempo,De alcance,S/D,Colisión,Ninguna,"Horizontal,Vertical","Cordón divisorio,Vegetación,Línea divisoria pintada",Sin restricción,"-32.921885, -60.670244","['Pasaje Franchini', 'Avenida Doctor Luis Cándido Carballo']",2,,-32.921885,-60.670244,55.0,538.0,Municipio Rosario,Municipio,Rosario,820210,Servicio de Catastro e Información Territorial,IGN
2018,8873,2018-09-23,Domingo,0.0,04:30:00,,0.0,2,"Automóvil,Automóvil",Av. Francia Y Albert Sabin,3,1,0,0,2,0,0,"-32.929729, -60.662717",Avenida,,ROSARIO,Rosario,Asfalto,No existe,II,Dentro,Urbana,Ninguna,No existe,Intersección,Bueno,Buena,Amanecer,S/D,De alcance,S/D,Colisión,Ninguna,Faltante,Cordón divisorio,Sin restricción,"-32.929729, -60.662717","['Avenida Francia', 'Avenida Travesía Albert Sabin']",2,,-32.929729,-60.662717,55.0,538.0,Municipio Rosario,Municipio,Rosario,820210,Servicio de Catastro e Información Territorial,IGN
2018,8877,2018-09-01,Sabado,0.0,17:45:00,,0.0,2,"Moto/Ciclomotor,Automóvil",Jose Ingenieros Y Ferreyra,3,1,0,0,2,0,0,"-32.916141, -60.680321",Calle,,ROSARIO,Rosario,Asfalto,No existe,II,Dentro,Urbana,Ninguna,No existe,Intersección,Bueno,Buena,Diurna,Buen Tiempo,S/D,S/D,Colisión,Ninguna,Faltante,Ninguna,Sin restricción,"-32.916141, -60.680321","['José Ingenieros', 'Ferreyra']",2,,-32.916141,-60.680321,55.0,538.0,Municipio Rosario,Municipio,Rosario,820210,Servicio de Catastro e Información Territorial,IGN
2018,8879,2018-09-18,Martes,0.0,21:00:00,,0.0,2,"Camión Chasis,Peatón",J.J.Paso Y Florida,2,1,0,0,1,0,0,"-32.919364, -60.683612",Calle,,ROSARIO,Rosario,Asfalto,No existe,II,Dentro,Urbana,Ninguna,No existe,Intersección,Bueno,Buena,"Nocturna,Con luz artificial",Buen Tiempo,S/D,Peatón,Atropello,Ninguna,Faltante,Ninguna,Sin restricción,"-32.919364, -60.683612","['Paso', 'Florida']",2,,-32.919364,-60.683612,55.0,538.0,Municipio Rosario,Municipio,Rosario,820210,Servicio de Catastro e Información Territorial,IGN
2018,8880,2018-09-24,Lunes,0.0,16:10:00,,0.0,2,"Automóvil,Moto/Ciclomotor",Av. Luis Carballo Y Gorriti,2,1,0,0,1,0,0,"-32.923029, -60.666114",Avenida,,ROSARIO,Rosario,Hormigón,No existe,II,Dentro,Urbana,Ninguna,No existe,Intersección,Bueno,Buena,Diurna,Buen Tiempo,S/D,S/D,Colisión,Ninguna,Horizontal,"Cordón divisorio,Vegetación,Línea divisoria pintada",Sin restricción,"-32.923029, -60.666114","['Avenida Doctor Luis Cándido Carballo', 'Gorriti']",2,,-32.923029,-60.666114,55.0,538.0,Municipio Rosario,Municipio,Rosario,820210,Servicio de Catastro e Información Territorial,IGN
2018,8882,2018-09-14,Viernes,0.0,11:00:00,,0.0,2,"Bicicleta,Automóvil",J.B.Justo 1700,2,1,0,0,1,0,0,"-32.914162, -60.687016",Calle,,ROSARIO,Rosario,Asfalto,No existe,II,Dentro,Urbana,Ninguna,No existe,Recta,Bueno,Buena,Nocturna,Buen Tiempo,S/D,Ciclista,Atropello,Ninguna,Faltante,Ninguna,Sin restricción,"-32.914162, -60.687016",['J B Justo 1700'],1,,-32.914162,-60.687016,55.0,538.0,Municipio Rosario,Municipio,Rosario,820210,Servicio de Catastro e Información Territorial,IGN
2018,8884,2018-09-02,Domingo,0.0,16:30:00,,0.0,2,"Automóvil,Moto/Ciclomotor",Mariano Cabal Bis 969,2,1,0,0,1,0,0,"-32.917119, -60.702733",Calle,,ROSARIO,Rosario,Asfalto,No existe,II,Dentro,Urbana,Ninguna,No existe,Recta,Bueno,Buena,Diurna,Buen Tiempo,De alcance,S/D,Colisión,Ninguna,Faltante,Ninguna,Sin restricción,"-32.917119, -60.702733",['Mariano Cabal Bis 969'],1,,-32.917119,-60.702733,55.0,538.0,Municipio Rosario,Municipio,Rosario,820210,Servicio de Catastro e Información Territorial,IGN
2018,8885,2018-09-20,Jueves,0.0,20:10:00,,0.0,2,"Moto/Ciclomotor,Pickup/Utilitario",Pje. Cafayate Bis Y J.B.Justo,3,2,0,0,1,0,0,"-32.914889, -60.711066",Calle,,ROSARIO,Rosario,Asfalto,No existe,II,Dentro,Urbana,Ninguna,No existe,Intersección,Bueno,Buena,"Nocturna,Con luz artificial",Buen Tiempo,S/D,S/D,Colisión,Ninguna,Faltante,Ninguna,Sin restricción,"-32.914889, -60.711066","['Cafayate', 'Justo']",2,,-32.914889,-60.711066,55.0,538.0,Municipio Rosario,Municipio,Rosario,820210,Servicio de Catastro e Información Territorial,IGN
2018,8886,2018-11-16,Viernes,0.0,15:25:00,,0.0,2,"Taxi/Remis,Bicicleta",Cordoba Y Pueyrredon,2,1,0,0,1,0,0,"-32.942972222222,-60.657388888889",Calle,,ROSARIO,Rosario,S/D,S/D,II,S/D,Urbana,Semáforo,Funciona,Intersección,Bueno,S/D,Diurna,S/D,S/D,Ciclista,Atropello,Ninguna,S/D,S/D,S/D,"-32.942972222222,-60.657388888889","['Córdoba', 'Pueyrredón']",2,,-32.942972222222,-60.657388888889,55.0,538.0,Municipio Rosario,Municipio,Rosario,820210,Servicio de Catastro e Información Territorial,IGN
2018,8888,2018-11-16,Viernes,0.0,20:30:00,,0.0,1,Transporte de Pasajeros Urbano (> 8 asientos), ,2,1,0,0,0,0,1,"-32.95846, -60.69045",S/D,,ROSARIO,Rosario,S/D,S/D,II,S/D,Urbana,S/D,S/D,S/D,S/D,S/D,S/D,S/D,S/D,S/D,Caída ocupante,S/D,S/D,S/D,S/D,"-32.95846, -60.69045",[''],0,,-32.95846,-60.69045,55.0,538.0,Municipio Rosario,Municipio,Rosario,820210,Servicio de Catastro e Información Territorial,IGN
2018,8890,2018-11-15,Jueves,0.0,20:05:00,,0.0,2,"Moto/Ciclomotor,Moto/Ciclomotor",Montevideo Y Balcarce,2,1,0,0,1,0,0,"-32.953666666667,-60.654388888889",Calle,,ROSARIO,Rosario,S/D,S/D,II,S/D,Urbana,S/D,S/D,Intersección,S/D,S/D,"Nocturna,Con luz artificial",S/D,S/D,S/D,Colisión,S/D,S/D,S/D,S/D,"-32.953666666667,-60.654388888889","['Montevideo', 'Balcarce']",2,,-32.953666666667,-60.654388888889,55.0,538.0,Municipio Rosario,Municipio,Rosario,820210,Servicio de Catastro e Información Territorial,IGN
2018,8896,2018-11-14,Miercoles,0.0,23:10:00,,0.0,2,"Moto/Ciclomotor,Moto/Ciclomotor",Florida Y Velez Sarsfield,2,1,0,0,1,0,0,"-32.925055555556,-60.683305555556",Calle,,ROSARIO,Rosario,S/D,No existe,II,S/D,Urbana,Ninguna,No existe,Recta,Otro,Buena,Nocturna,Buen Tiempo,Otro,S/D,Colisión,Ninguna,Faltante,Ninguna,Sin restricción,"-32.925055555556,-60.683305555556","['Florida', 'Vélez Sarsfield']",2,,-32.925055555556,-60.683305555556,55.0,538.0,Municipio Rosario,Municipio,Rosario,820210,Servicio de Catastro e Información Territorial,IGN
2018,8900,2018-11-09,Viernes,0.0,17:00:00,,0.0,3,"Automóvil,Automóvil,Moto/Ciclomotor",Av. Luis Carballo Y Bv. Avellaneda,4,2,0,0,2,0,0,"-32.921972222222,-60.674722222222",Calle,,ROSARIO,Rosario,Hormigón,S/D,II,S/D,Urbana,Semáforo,Funciona,Intersección,Bueno,Reducida,Diurna,Buen Tiempo,Múltiple,S/D,Colisión,Agua,"Horizontal,Vertical",Ninguna,S/D,"-32.921972222222,-60.674722222222","['Avenida Doctor Luis Cándido Carballo', 'Avellaneda']",2,,-32.921972222222,-60.674722222222,55.0,538.0,Municipio Rosario,Municipio,Rosario,820210,Servicio de Catastro e Información Territorial,IGN
2018,8901,2018-10-11,Jueves,0.0,16:30:00,,0.0,2,"Vehículo Oficial,Moto/Ciclomotor",Junin Y Mar del Plata,2,1,0,0,1,0,0,"-32.92678, -60.6819",Calle,,ROSARIO,Rosario,Asfalto,No existe,II,Dentro,Urbana,S/D,No existe,Intersección,Bueno,S/D,Diurna,S/D,Lateral,S/D,Colisión,S/D,S/D,S/D,Sin restricción,"-32.92678, -60.6819","['Junín', 'Mar del Plata']",2,,-32.92678,-60.6819,55.0,538.0,Municipio Rosario,Municipio,Rosario,820210,Servicio de Catastro e Información Territorial,IGN
2018,8903,2018-11-10,Sabado,0.0,10:00:00,,0.0,2,"Vehículo Oficial,Pickup/Utilitario",GÁLVEZ Y Paraguay,3,1,0,0,2,0,0,"-32.96775,-60.649361111111",Calle,,ROSARIO,Rosario,S/D,S/D,II,S/D,Urbana,S/D,S/D,Intersección,S/D,S/D,S/D,S/D,S/D,S/D,Colisión,S/D,S/D,S/D,S/D,"-32.96775,-60.649361111111","['Glave', 'Paraguay']",2,,-32.96775,-60.649361111111,55.0,538.0,Municipio Rosario,Municipio,Rosario,820210,Servicio de Catastro e Información Territorial,IGN
2018,8904,2018-11-09,Viernes,0.0,14:40:00,,0.0,2,"Automóvil,Moto/Ciclomotor",Alvear Y Jujuy,3,1,0,0,2,0,0,"-32.935305555556,-60.652611111111",Calle,,ROSARIO,Rosario,S/D,S/D,II,S/D,Urbana,S/D,No existe,Intersección,S/D,Buena,Diurna,S/D,S/D,S/D,Colisión,Ninguna,S/D,S/D,S/D,"-32.935305555556,-60.652611111111","['Alvear', 'Jujuy']",2,,-32.935305555556,-60.652611111111,55.0,538.0,Municipio Rosario,Municipio,Rosario,820210,Servicio de Catastro e Información Territorial,IGN
2018,8906,2018-10-09,Martes,0.0,17:45:00,,0.0,1,Moto/Ciclomotor,Av. Pellegrini ,2,1,1,0,0,0,0,"-32.95216, -60.66992",Calle,,ROSARIO,Rosario,Asfalto,No existe,II,Dentro,Urbana,S/D,S/D,Intersección,S/D,S/D,Diurna,S/D,S/D,S/D,"Caída ocupante,Despiste",S/D,S/D,Línea divisoria pintada,Sin restricción,"-32.95216, -60.66992",['Pellegrini'],1,,-32.95216,-60.66992,55.0,538.0,Municipio Rosario,Municipio,Rosario,820210,Servicio de Catastro e Información Territorial,IGN
2018,8908,2018-11-09,Viernes,0.0,20:00:00,,0.0,2,"Moto/Ciclomotor,Automóvil",Av. Battle y Ordo?ez Y Melincue,3,1,0,1,1,0,0,"-33.008916666667,-60.647611111111",Calle,,ROSARIO,Rosario,Asfalto,No existe,II,S/D,Urbana,Ninguna,No existe,Intersección,Bueno,Buena,Nocturna,Buen Tiempo,Lateral,S/D,Colisión,Ninguna,Faltante,Ninguna,Sin restricción,"-33.008916666667,-60.647611111111","['Avenida Battle y Ordoñez', 'Melincué']",2,,-33.008916666667,-60.647611111111,55.0,538.0,Municipio Rosario,Municipio,Rosario,820210,Servicio de Catastro e Información Territorial,IGN
2018,8922,2018-09-15,Sabado,0.0,11:55:00,,0.0,2,"Moto/Ciclomotor,Automóvil",Av. Provincias Unidas Y Jose Ingenieros,2,1,0,0,1,0,0,"-32.917123, -60.713750",Avenida,,ROSARIO,Rosario,Asfalto,No existe,II,Dentro,Urbana,Ninguna,No existe,Intersección,Bueno,Buena,Diurna,Buen Tiempo,Otro,S/D,Colisión,Ninguna,Faltante,Cordón divisorio,Sin restricción,"-32.917123, -60.713750","['Avenida Provincias Unidas', 'José Ingenieros']",2,,-32.917123,-60.71375,55.0,538.0,Municipio Rosario,Municipio,Rosario,820210,Servicio de Catastro e Información Territorial,IGN
2018,8924,2018-09-23,Domingo,0.0,18:20:00,,0.0,2,"Moto/Ciclomotor,Moto/Ciclomotor",J.J.Paso Y Olavarria Bis,5,3,0,0,2,0,0,"-32.919967, -60.704413",Avenida,,ROSARIO,Rosario,Asfalto,No existe,II,Dentro,Urbana,Ninguna,Funciona,Intersección,Bueno,Buena,Atardecer,Buen Tiempo,Lateral,S/D,Colisión,Ninguna,"Horizontal,Vertical",Línea divisoria pintada,Sin restricción,"-32.919967, -60.704413","['Paso', 'Olavarría']",2,,-32.919967,-60.704413,55.0,538.0,Municipio Rosario,Municipio,Rosario,820210,Servicio de Catastro e Información Territorial,IGN
2018,8927,2018-09-28,Viernes,0.0,19:05:00,,0.0,2,"Moto/Ciclomotor,Automóvil",Pje. Franklin Y Pje. Jacques Bis,2,1,0,0,1,0,0,"-32.917637, -60.703666",Calle,,ROSARIO,Rosario,Asfalto,No existe,II,Dentro,Urbana,Ninguna,No existe,Recta,Bueno,Buena,Diurna,Buen Tiempo,De alcance,S/D,Colisión,Ninguna,Faltante,Ninguna,Sin restricción,"-32.917637, -60.703666","['Franklin', 'Jaques']",2,,-32.917637,-60.703666,55.0,538.0,Municipio Rosario,Municipio,Rosario,820210,Servicio de Catastro e Información Territorial,IGN
2018,8929,2018-09-29,Sabado,0.0,07:00:00,,0.0,2,"Automóvil,Moto/Ciclomotor",Av. Provincias Unidas Y Jose Ingenieros,2,1,0,0,1,0,0,"-32.917125, -60.713754",Avenida,,ROSARIO,Rosario,Asfalto,No existe,II,Dentro,Urbana,Ninguna,No existe,Recta,Bueno,Buena,Amanecer,Buen Tiempo,S/D,S/D,Colisión,Ninguna,Faltante,Cordón divisorio,Sin restricción,"-32.917125, -60.713754","['Avenida Provincias Unidas', 'José Ingenieros']",2,,-32.917125,-60.713754,55.0,538.0,Municipio Rosario,Municipio,Rosario,820210,Servicio de Catastro e Información Territorial,IGN
2018,8930,2018-09-05,Miercoles,0.0,08:30:00,,0.0,2,"Moto/Ciclomotor,Automóvil",Av. Genova Y Calle 710 Bis,2,0,1,0,1,0,0,"-32.915459, -60.694090",Avenida,,ROSARIO,Rosario,Asfalto,No existe,II,Dentro,Urbana,Ninguna,No existe,Intersección,Bueno,Buena,Diurna,Buen Tiempo,Lateral,S/D,Colisión,Ninguna,Faltante,Ninguna,Sin restricción,"-32.915459, -60.694090","['Genova', 'Calle 710']",2,,-32.915459,-60.69409,55.0,538.0,Municipio Rosario,Municipio,Rosario,820210,Servicio de Catastro e Información Territorial,IGN
2018,8931,2018-09-10,Lunes,0.0,17:30:00,,0.0,2,"Pickup/Utilitario,Peatón",J.J.Paso Y Rep.Dominicana,2,1,0,0,1,0,0,"-32.919602, -60.690272",Calle,,ROSARIO,Rosario,Asfalto,No existe,II,Dentro,Urbana,Semáforo,No existe,Recta,Bueno,Buena,Atardecer,Buen Tiempo,S/D,Peatón,Atropello,Ninguna,"Horizontal,Vertical",Ninguna,Sin restricción,"-32.919602, -60.690272","['Paso', 'República Dominicana']",2,,-32.919602,-60.690272,55.0,538.0,Municipio Rosario,Municipio,Rosario,820210,Servicio de Catastro e Información Territorial,IGN
2018,8932,2018-09-09,Domingo,0.0,15:55:00,,0.0,2,"Automóvil,Automóvil",Pje. Williams Y Aldrey,4,2,0,0,2,0,0,"-32.881309, -60.694224",Calle,,ROSARIO,Rosario,Asfalto,No existe,II,Dentro,Urbana,Ninguna,No existe,Intersección,Bueno,Buena,Diurna,Buen Tiempo,Frontal,S/D,Colisión,Ninguna,Faltante,Ninguna,Sin restricción,"-32.881309, -60.694224","['Williams', 'Buchanan']",2,,-32.881309,-60.694224,55.0,538.0,Municipio Rosario,Municipio,Rosario,820210,Servicio de Catastro e Información Territorial,IGN
2018,8933,2018-09-17,Lunes,0.0,15:40:00,,0.0,2,"Pickup/Utilitario,Moto/Ciclomotor",Bv. Rondeau 2400,2,1,0,0,1,0,0,"-32.890538, -60.693535",Avenida,,ROSARIO,Rosario,Asfalto,No existe,II,Dentro,Urbana,Semáforo,Funciona,Recta,Bueno,Buena,Diurna,Buen Tiempo,De alcance,S/D,Colisión,Ninguna,Vertical,"Cordón divisorio,Vegetación",Sin restricción,"-32.890538, -60.693535",['Rondeau 2400'],1,,-32.890538,-60.693535,55.0,538.0,Municipio Rosario,Municipio,Rosario,820210,Servicio de Catastro e Información Territorial,IGN
2018,8934,2018-09-18,Martes,0.0,17:25:00,,0.0,2,"Peatón,Automóvil",Martin Fierro Y Bv. Rondeau,2,1,0,0,1,0,0,"-32.878020, -60.697360",Avenida,,ROSARIO,Rosario,Asfalto,No existe,II,Dentro,Urbana,Semáforo,Funciona,Intersección,Bueno,Buena,Diurna,Buen Tiempo,S/D,Peatón,Atropello,Ninguna,"Horizontal,Vertical","Cordón divisorio,Vegetación",Sin restricción,"-32.878020, -60.697360","['Martin Fierro', 'Rondeau']",2,,-32.87802,-60.69736,55.0,538.0,Municipio Rosario,Municipio,Rosario,820210,Servicio de Catastro e Información Territorial,IGN
2018,8935,2018-11-12,Lunes,0.0,22:20:00,,0.0,2,"Peatón,Automóvil",San Martin Y Av. Uriburu,2,1,0,0,1,0,0,"-32.990666666667,-60.646805555556",Calle,,ROSARIO,Rosario,Asfalto,No existe,II,S/D,Urbana,Ninguna,Funciona,Recta,Bueno,Buena,Nocturna,Buen Tiempo,S/D,Peatón,Atropello,Ninguna,Vertical,Ninguna,Sin restricción,"-32.990666666667,-60.646805555556","['San Martin', 'Uriburu']",2,,-32.990666666667,-60.646805555556,55.0,538.0,Municipio Rosario,Municipio,Rosario,820210,Servicio de Catastro e Información Territorial,IGN
2018,8936,2018-11-12,Lunes,0.0,08:00:00,,0.0,2,"Moto/Ciclomotor,Automóvil",Bv. Segui Y Entre Rios,3,2,0,0,1,0,0,"-32.978666666667,-60.649194444444",Calle,,ROSARIO,Rosario,Asfalto,S/D,II,S/D,Urbana,Ninguna,S/D,Intersección,Bueno,S/D,S/D,Buen Tiempo,Lateral,S/D,Colisión,Ninguna,Faltante,Ninguna,Sin restricción,"-32.978666666667,-60.649194444444","['Bulevar Juan Francisco Seguí', 'Entre Ríos']",2,,-32.978666666667,-60.649194444444,55.0,538.0,Municipio Rosario,Municipio,Rosario,820210,Servicio de Catastro e Información Territorial,IGN
2018,8938,2018-10-12,Viernes,0.0,18:00:00,,0.0,2,"Pickup/Utilitario,Bicicleta",La Republica Y Malabia Bis,2,1,0,0,1,0,0,"-32.91945, -60.75977",Calle,,ROSARIO,Rosario,Asfalto,No existe,II,Dentro,Urbana,S/D,S/D,Curva,S/D,S/D,Atardecer,S/D,S/D,Ciclista,Atropello,S/D,S/D,S/D,Sin restricción,"-32.91945, -60.75977","['La República', 'Malabia']",2,,-32.91945,-60.75977,55.0,538.0,Municipio Rosario,Municipio,Rosario,820210,Servicio de Catastro e Información Territorial,IGN
2018,8939,2018-11-12,Lunes,0.0,18:00:00,,0.0,2,"Peatón,Automóvil",Garay Y San Martin,2,1,0,0,1,0,0,"-32.97475,-60.64375",Calle,,ROSARIO,Rosario,Asfalto,No existe,II,Dentro,Urbana,Ninguna,No existe,Intersección,Bueno,Buena,Diurna,Buen Tiempo,S/D,Peatón,Atropello,Ninguna,Faltante,Ninguna,Sin restricción,"-32.97475,-60.64375","['Garay', 'San Martin']",2,,-32.97475,-60.64375,55.0,538.0,Municipio Rosario,Municipio,Rosario,820210,Servicio de Catastro e Información Territorial,IGN
2018,8961,2018-11-04,Domingo,0.0,00:15:00,,0.0,2,"Automóvil,Moto/Ciclomotor",Bv. Segui Y Bv. Avellaneda,2,1,0,0,1,0,0,"-32.971694444444,-60.687305555556",Avenida,,ROSARIO,Rosario,Asfalto,S/D,II,Dentro,Urbana,S/D,No funciona,Intersección,S/D,S/D,"Nocturna,Con luz artificial",S/D,S/D,S/D,Colisión,S/D,S/D,Cordón divisorio,S/D,"-32.971694444444,-60.687305555556","['Bulevar Juan Francisco Seguí', 'Avellaneda']",2,,-32.971694444444,-60.687305555556,55.0,538.0,Municipio Rosario,Municipio,Rosario,820210,Servicio de Catastro e Información Territorial,IGN
2018,8970,2018-09-21,Viernes,0.0,16:15:00,,0.0,2,"Bicicleta,Transporte de Pasajeros Urbano (> 8 asientos)",Bv. Rondeau 3060,2,1,0,0,1,0,0,"-32.885948, -60.694957",Avenida,,ROSARIO,Rosario,Asfalto,No existe,II,Dentro,Urbana,Semáforo,Funciona,Recta,Bueno,Buena,Diurna,Buen Tiempo,S/D,Ciclista,Atropello,Ninguna,Vertical,"Cordón divisorio,Vegetación",Sin restricción,"-32.885948, -60.694957",['Rondeau 3060'],1,,-32.885948,-60.694957,55.0,538.0,Municipio Rosario,Municipio,Rosario,820210,Servicio de Catastro e Información Territorial,IGN
2018,8972,2018-09-22,Sabado,0.0,23:30:00,,0.0,1,Moto/Ciclomotor,Av. Eudoro Carrasco 2300,2,1,0,0,1,0,0,"-32.888791, -60.686968",Avenida,,ROSARIO,Rosario,Asfalto,No existe,II,Dentro,Urbana,Semáforo,Funciona,Recta,Bueno,Buena,Nocturna,Buen Tiempo,S/D,S/D,Caída ocupante,Ninguna,"Horizontal,Vertical","Cordón divisorio,Vegetación,Línea divisoria pintada",Sin restricción,"-32.888791, -60.686968",['Eudnicasio Oroño Carrasco 2300'],1,,-32.888791,-60.686968,55.0,538.0,Municipio Rosario,Municipio,Rosario,820210,Servicio de Catastro e Información Territorial,IGN