anio_acci,nro_acci,fecha,desc_dia,fecha_aprox,hora_aprox,desc_ruta,km,cant_participantes,desc_participante,calle_avenida_km,total,heridos_leves,heridos_graves,heridos_gravisimos,ilesos,fallecidos,sin_datos,posicion_XY,desc_tipo_via,desc_ruta_ori,desc_loc,desc_dpto,desc_tipo_calzada,desc_tipo_banquina,desc_unidad_regional,desc_lugar_calzada,desc_zona,desc_prioridad,desc_estado_semaforo,desc_lugar_via,desc_estado_via,desc_estado_visibilidad,desc_luminosidad,desc_estado_clima,desc_tipo_colision,desc_tipo_atropello,desc_tipo_hecho,desc_pres_calzada,desc_senializacion,desc_separacion_via,desc_restriccion,forma_geocod,calle_lista,numero_calles,calles_osm,lat,lon,index_right,gid,fna,gna,nam,in1,fdc,sag
2018,8974,2018-09-23,Domingo,0.0,19:00:00,,0.0,2,"Automóvil,Automóvil",Bv. Rondeau 3600,3,1,0,0,2,0,0,"-32.881617, -60.696139",Avenida,,ROSARIO,Rosario,Asfalto,No existe,II,Dentro,Urbana,Semáforo,Funciona,Recta,Bueno,Buena,Atardecer,Buen Tiempo,Frontal,S/D,Colisión,Ninguna,"Horizontal,Vertical","Cordón divisorio,Vegetación",Sin restricción,"-32.881617, -60.696139",['Rondeau 3600'],1,,-32.881617,-60.696139,55.0,538.0,Municipio Rosario,Municipio,Rosario,820210,Servicio de Catastro e Información Territorial,IGN
2018,8975,2018-09-27,Jueves,0.0,15:30:00,,0.0,2,"Moto/Ciclomotor,Automóvil",Bv. Rondeau Y Tierra del Fuego,2,1,0,0,1,0,0,"-32.878655, -60.697271",Avenida,,ROSARIO,Rosario,Asfalto,No existe,II,Dentro,Urbana,Ninguna,No existe,Intersección,Bueno,Buena,Diurna,Buen Tiempo,Frontal,S/D,Colisión,Ninguna,Faltante,"Cordón divisorio,Vegetación",Sin restricción,"-32.878655, -60.697271","['Rondeau', 'Tierra del Fuego']",2,,-32.878655,-60.697271,55.0,538.0,Municipio Rosario,Municipio,Rosario,820210,Servicio de Catastro e Información Territorial,IGN
2018,8977,2018-09-28,Viernes,0.0,17:20:00,,0.0,3,"Automóvil,Moto/Ciclomotor,Automóvil",Ricardo Gutierrez Y Aguero,4,1,0,0,3,0,0,"-32.881088, -60.694741",Calle,,ROSARIO,Rosario,Asfalto,No existe,II,Dentro,Urbana,Ninguna,No existe,Intersección,Bueno,Buena,Diurna,Buen Tiempo,"Lateral,Múltiple",S/D,Colisión,Ninguna,Faltante,Ninguna,Sin restricción,"-32.881088, -60.694741","['Ricardo Gutierrez', 'Aguero']",2,,-32.881088,-60.694741,55.0,538.0,Municipio Rosario,Municipio,Rosario,820210,Servicio de Catastro e Información Territorial,IGN
2018,8980,2018-09-29,Sabado,0.0,14:30:00,,0.0,2,"Moto/Ciclomotor,Automóvil",Agrelo Y A.Piaggio,2,1,0,0,1,0,0,"-32.885098, -60.692844",Calle,,ROSARIO,Rosario,Asfalto,No existe,II,Dentro,Urbana,Ninguna,No existe,Intersección,Bueno,Buena,Diurna,Buen Tiempo,Frontal,S/D,Colisión,Ninguna,Faltante,Ninguna,Sin restricción,"-32.885098, -60.692844","['Agrela', 'Piaggio']",2,,-32.885098,-60.692844,55.0,538.0,Municipio Rosario,Municipio,Rosario,820210,Servicio de Catastro e Información Territorial,IGN
2018,8982,2018-09-10,Lunes,0.0,14:20:00,,0.0,2,"Moto/Ciclomotor,Automóvil",Necochea Y Ocampo,2,1,0,0,1,0,0,"-32.968957, -60.629196",Calle,,ROSARIO,Rosario,Asfalto,No existe,II,Dentro,Urbana,Señal Pare,No existe,Intersección,Bueno,Buena,Diurna,Buen Tiempo,Lateral,S/D,Colisión,Ninguna,"Horizontal,Vertical",Línea divisoria pintada,Sin restricción,"-32.968957, -60.629196","['Necochea', 'Ocampo']",2,,-32.968957,-60.629196,55.0,538.0,Municipio Rosario,Municipio,Rosario,820210,Servicio de Catastro e Información Territorial,IGN
2018,8983,2018-09-12,Miercoles,0.0,15:30:00,,0.0,2,"Moto/Ciclomotor,Automóvil",Bv. Oro?o Y Av. Lugones,2,1,0,0,1,0,0,"-32.958038, -60.656985",Avenida,,ROSARIO,Rosario,Asfalto,No existe,II,Dentro,Urbana,Paso Peatonal,No existe,Rotonda,Bueno,Buena,Diurna,Buen Tiempo,Lateral,S/D,Colisión,Ninguna,Horizontal,Línea divisoria pintada,Sin restricción,"-32.958038, -60.656985","['Bulevar Nicasio Oroño', 'Lugones']",2,,-32.958038,-60.656985,55.0,538.0,Municipio Rosario,Municipio,Rosario,820210,Servicio de Catastro e Información Territorial,IGN
2018,8988,2018-08-01,Miercoles,0.0,01:00:00,,0.0,1,Moto/Ciclomotor,Brasil Y Av. Pellegrini,1,1,0,0,0,0,0,"-32.94875,-60.719194444444",Avenida,,ROSARIO,Rosario,Asfalto,S/D,II,S/D,Urbana,S/D,S/D,S/D,S/D,S/D,Nocturna,S/D,S/D,S/D,Colisión,S/D,S/D,S/D,S/D,"-32.94875,-60.719194444444","['Brasil', 'Pellegrini']",2,,-32.94875,-60.719194444444,55.0,538.0,Municipio Rosario,Municipio,Rosario,820210,Servicio de Catastro e Información Territorial,IGN
2018,8990,2018-08-05,Domingo,0.0,00:00:00,,0.0,1,Moto/Ciclomotor,Pueyrredon Y Av. Uriburu,1,0,1,0,0,0,0,"-32.991388888889,-60.669611111111",Calle,,ROSARIO,Rosario,S/D,S/D,II,S/D,Urbana,S/D,S/D,Intersección,S/D,S/D,Nocturna,S/D,S/D,S/D,Colisión,S/D,S/D,S/D,S/D,"-32.991388888889,-60.669611111111","['Pueyrredón', 'Uriburu']",2,,-32.991388888889,-60.669611111111,55.0,538.0,Municipio Rosario,Municipio,Rosario,820210,Servicio de Catastro e Información Territorial,IGN
2018,8994,2018-08-08,Miercoles,0.0,14:00:00,,0.0,1,Bicicleta, ,1,1,0,0,0,0,0,"-32.94337, -60.6506",S/D,,ROSARIO,Rosario,S/D,S/D,II,S/D,S/D,S/D,S/D,S/D,S/D,S/D,Diurna,S/D,S/D,Ciclista,Atropello,S/D,S/D,S/D,S/D,"-32.94337, -60.6506",[''],0,,-32.94337,-60.6506,55.0,538.0,Municipio Rosario,Municipio,Rosario,820210,Servicio de Catastro e Información Territorial,IGN
2018,8996,2018-08-13,Lunes,0.0,17:30:00,,0.0,1,Moto/Ciclomotor,1 de Mayo Y Biedma,1,1,0,0,0,0,0,"-32.982888888889,-60.638472222222",Calle,,ROSARIO,Rosario,S/D,S/D,II,S/D,Urbana,S/D,S/D,Intersección,S/D,S/D,Atardecer,S/D,S/D,S/D,Colisión,S/D,S/D,S/D,S/D,"-32.982888888889,-60.638472222222","['Primero de Mayo', 'Coronel Biedma']",2,,-32.982888888889,-60.638472222222,55.0,538.0,Municipio Rosario,Municipio,Rosario,820210,Servicio de Catastro e Información Territorial,IGN
2018,8998,2018-08-15,Miercoles,0.0,10:00:00,,0.0,1,Moto/Ciclomotor,Av. Pellegrini Y Lima,1,1,0,0,0,0,0,"-32.949222222222,-60.685972222222",Calle,,ROSARIO,Rosario,S/D,S/D,II,S/D,Urbana,S/D,S/D,Intersección,S/D,S/D,Diurna,S/D,S/D,S/D,Colisión,S/D,S/D,S/D,S/D,"-32.949222222222,-60.685972222222","['Pellegrini', 'Lima']",2,,-32.949222222222,-60.685972222222,55.0,538.0,Municipio Rosario,Municipio,Rosario,820210,Servicio de Catastro e Información Territorial,IGN
2018,8999,2018-10-03,Miercoles,0.0,14:00:00,,0.0,1,Moto/Ciclomotor,Peru Y Derqui,1,1,0,0,0,0,0,"-32.937972222222,-60.7115",Calle,,ROSARIO,Rosario,S/D,S/D,II,S/D,Urbana,S/D,S/D,Intersección,S/D,S/D,Diurna,S/D,S/D,S/D,Colisión,S/D,S/D,S/D,S/D,"-32.937972222222,-60.7115","['Peru', 'Derqui']",2,,-32.937972222222,-60.7115,55.0,538.0,Municipio Rosario,Municipio,Rosario,820210,Servicio de Catastro e Información Territorial,IGN
2018,9027,2018-09-13,Jueves,0.0,,,0.0,2,"Moto/Ciclomotor,Automóvil",Av. Dante Alighieri Y Bv. Oro?o,2,1,0,0,1,0,0,"-32.961871, -60.657941",Avenida,,ROSARIO,Rosario,Asfalto,No existe,II,Dentro,Urbana,Paso Peatonal,No existe,Recta,Bueno,Buena,S/D,Buen Tiempo,Lateral,S/D,Colisión,Ninguna,Horizontal,Línea divisoria pintada,Sin restricción,"-32.961871, -60.657941","['Dante Alighieri', 'Bulevar Nicasio Oroño']",2,,-32.961871,-60.657941,55.0,538.0,Municipio Rosario,Municipio,Rosario,820210,Servicio de Catastro e Información Territorial,IGN
2018,9029,2018-09-18,Martes,0.0,16:45:00,,0.0,2,"Moto/Ciclomotor,Automóvil",Cochabamba Y Av. Corrientes,2,1,0,0,1,0,0,"-32.957689, -60.645358",Avenida,,ROSARIO,Rosario,Asfalto,No existe,II,Dentro,Urbana,Paso Peatonal,No existe,Recta,Bueno,Buena,Diurna,Buen Tiempo,De alcance,S/D,Colisión,Ninguna,Horizontal,Línea divisoria pintada,Sin restricción,"-32.957689, -60.645358","['Cochabamba', 'Corrientes']",2,,-32.957689,-60.645358,55.0,538.0,Municipio Rosario,Municipio,Rosario,820210,Servicio de Catastro e Información Territorial,IGN
2018,9030,2018-09-19,Miercoles,0.0,13:30:00,,0.0,2,"Automóvil,Pickup/Utilitario",Bv. Oro?o Y GÁLVEZ,3,2,0,0,1,0,0,"-32.966078, -60.658841",Avenida,,ROSARIO,Rosario,Asfalto,No existe,II,Dentro,Urbana,Semáforo,Funciona,Recta,Bueno,Buena,Diurna,Buen Tiempo,De alcance,S/D,Colisión,Ninguna,"Horizontal,Vertical","Cordón divisorio,Vegetación,Línea divisoria pintada",Sin restricción,"-32.966078, -60.658841","['Bulevar Nicasio Oroño', 'Glave']",2,,-32.966078,-60.658841,55.0,538.0,Municipio Rosario,Municipio,Rosario,820210,Servicio de Catastro e Información Territorial,IGN
2018,9032,2018-09-20,Jueves,0.0,06:50:00,,0.0,2,"Peatón,Automóvil",La Paz Y Chacabuco,2,1,0,0,1,0,0,"-32.966921, -60.627239",Calle,,ROSARIO,Rosario,Asfalto,No existe,II,Dentro,Urbana,Ninguna,No existe,Recta,Bueno,Buena,Amanecer,Buen Tiempo,S/D,Peatón,Atropello,Ninguna,Faltante,Ninguna,Sin restricción,"-32.966921, -60.627239","['La Paz', 'Chacabuco']",2,,-32.966921,-60.627239,55.0,538.0,Municipio Rosario,Municipio,Rosario,820210,Servicio de Catastro e Información Territorial,IGN
2018,9033,2018-09-06,Jueves,0.0,08:20:00,,0.0,2,"Bicicleta,Automóvil",Riobamba Y Ayacucho,2,1,0,0,1,0,0,"-32.965030, -60.631073",Calle,,ROSARIO,Rosario,Asfalto,No existe,II,Dentro,Urbana,Otra Señal,No existe,Intersección,Bueno,Buena,Diurna,Buen Tiempo,S/D,Ciclista,Atropello,Ninguna,"Horizontal,Vertical",Línea divisoria pintada,Sin restricción,"-32.965030, -60.631073","['Riobamba', 'Ayacucho']",2,,-32.96503,-60.631073,55.0,538.0,Municipio Rosario,Municipio,Rosario,820210,Servicio de Catastro e Información Territorial,IGN
2018,9034,2018-09-16,Domingo,0.0,16:10:00,,0.0,2,"Automóvil,Moto/Ciclomotor",Esmeralda 4000,2,1,0,0,1,0,0,"-32.986708, -60.630813",Calle,,ROSARIO,Rosario,Asfalto,No existe,II,Dentro,Urbana,Ninguna,No existe,Recta,Con baches,Buena,Diurna,Buen Tiempo,De alcance,S/D,Colisión,Ninguna,Faltante,Ninguna,Sin restricción,"-32.986708, -60.630813",['Esmeralda 4000'],1,,-32.986708,-60.630813,55.0,538.0,Municipio Rosario,Municipio,Rosario,820210,Servicio de Catastro e Información Territorial,IGN
2018,9036,2018-09-15,Sabado,0.0,20:00:00,,0.0,2,"Moto/Ciclomotor,Pickup/Utilitario",Laprida Y Bv. Segui,2,1,0,0,1,0,0,"-32.979710, -60.642430",Avenida,,ROSARIO,Rosario,Asfalto,No existe,II,Dentro,Urbana,Señal Pare,No existe,Intersección,Bueno,Buena,"Nocturna,Con luz artificial",Buen Tiempo,Lateral,S/D,Colisión,Ninguna,"Horizontal,Vertical","Cordón divisorio,Vegetación",Sin restricción,"-32.979710, -60.642430","['Laprida', 'Bulevar Juan Francisco Seguí']",2,,-32.97971,-60.64243,55.0,538.0,Municipio Rosario,Municipio,Rosario,820210,Servicio de Catastro e Información Territorial,IGN
2018,9038,2018-09-15,Sabado,0.0,15:40:00,,0.0,2,"Automóvil,Peatón",Abanderado Grandoli Y Bv. Segui,2,1,0,0,1,0,0,"-32.982425, -60.627977",Avenida,,ROSARIO,Rosario,Asfalto,No existe,II,Dentro,Urbana,Ninguna,No existe,Intersección,Con baches,Buena,Diurna,Buen Tiempo,S/D,Peatón,Atropello,Ninguna,Faltante,Ninguna,Sin restricción,"-32.982425, -60.627977","['Avenida Abanderado Grandoli', 'Bulevar Juan Francisco Seguí']",2,,-32.982425,-60.627977,55.0,538.0,Municipio Rosario,Municipio,Rosario,820210,Servicio de Catastro e Información Territorial,IGN
2018,9040,2018-09-14,Viernes,0.0,17:50:00,,0.0,2,"Moto/Ciclomotor,Moto/Ciclomotor",Ayacucho Y Biedma,2,2,0,0,0,0,0,"-32.983353, -60.635848",Calle,,ROSARIO,Rosario,Asfalto,No existe,II,Dentro,Urbana,Ninguna,No existe,Intersección,Con baches,Buena,Diurna,Buen Tiempo,Lateral,S/D,Colisión,Ninguna,Faltante,Ninguna,Sin restricción,"-32.983353, -60.635848","['Ayacucho', 'Coronel Biedma']",2,,-32.983353,-60.635848,55.0,538.0,Municipio Rosario,Municipio,Rosario,820210,Servicio de Catastro e Información Territorial,IGN
2018,9042,2018-09-14,Viernes,0.0,00:50:00,,0.0,1,Automóvil,Centeno Y Ayacucho,1,1,0,0,0,0,0,"-32.986878, -60.636360",Calle,,ROSARIO,Rosario,Asfalto,No existe,II,Dentro,Urbana,Paso Peatonal,No existe,Intersección,Con baches,Buena,Nocturna,Buen Tiempo,Contra objeto fijo,S/D,Colisión,Ninguna,Horizontal,Ninguna,Sin restricción,"-32.986878, -60.636360","['Centeno', 'Ayacucho']",2,,-32.986878,-60.63636,55.0,538.0,Municipio Rosario,Municipio,Rosario,820210,Servicio de Catastro e Información Territorial,IGN
2018,9043,2018-09-11,Martes,0.0,14:10:00,,0.0,2,"Moto/Ciclomotor,Automóvil",Amenabar Y L.N.Alem,3,1,0,0,2,0,0,"-32.973980, -60.634753",Calle,,ROSARIO,Rosario,Asfalto,No existe,II,Dentro,Urbana,Otra Señal,No existe,Intersección,Bueno,Buena,Diurna,Buen Tiempo,Lateral,S/D,Colisión,Ninguna,"Horizontal,Vertical",Línea divisoria pintada,Sin restricción,"-32.973980, -60.634753","['Amenabar', 'Alem']",2,,-32.97398,-60.634753,55.0,538.0,Municipio Rosario,Municipio,Rosario,820210,Servicio de Catastro e Información Territorial,IGN
2018,9045,2018-09-10,Lunes,0.0,17:10:00,,0.0,2,"Moto/Ciclomotor,Automóvil",Buenos Aires Y Bv. Segui,2,1,0,0,1,0,0,"-32.979957, -60.640902",Avenida,,ROSARIO,Rosario,Asfalto,No existe,II,Dentro,Urbana,Paso Peatonal,No existe,Intersección,Bueno,Buena,Diurna,Buen Tiempo,Lateral,S/D,Colisión,Ninguna,Horizontal,"Cordón divisorio,Vegetación",Sin restricción,"-32.979957, -60.640902","['Buenos Aires', 'Bulevar Juan Francisco Seguí']",2,,-32.979957,-60.640902,55.0,538.0,Municipio Rosario,Municipio,Rosario,820210,Servicio de Catastro e Información Territorial,IGN
2018,9047,2018-09-09,Domingo,0.0,07:30:00,,0.0,1,Automóvil,Maipu Y Virasoro,1,1,0,0,0,0,0,"-32.970375, -60.641413",Calle,,ROSARIO,Rosario,Asfalto,No existe,II,Dentro,Urbana,Ninguna,No existe,Intersección,Bueno,Buena,Diurna,Buen Tiempo,Contra objeto fijo,S/D,Colisión,Ninguna,Faltante,Ninguna,Sin restricción,"-32.970375, -60.641413","['Maipú', 'Virasoro']",2,,-32.970375,-60.641413,55.0,538.0,Municipio Rosario,Municipio,Rosario,820210,Servicio de Catastro e Información Territorial,IGN
2018,9049,2018-09-07,Viernes,0.0,20:30:00,,0.0,2,"Moto/Ciclomotor,Automóvil",L.N.Alem Y Bv. Segui,2,1,0,0,1,0,0,"-32.980755, -60.636516",Calle,,ROSARIO,Rosario,Asfalto,No existe,II,Dentro,Urbana,Señal Ceda el Paso,No existe,Intersección,Bueno,Buena,"Nocturna,Con luz artificial",Buen Tiempo,De alcance,S/D,Colisión,Ninguna,Vertical,"Cordón divisorio,Vegetación",Sin restricción,"-32.980755, -60.636516","['Alem', 'Bulevar Juan Francisco Seguí']",2,,-32.980755,-60.636516,55.0,538.0,Municipio Rosario,Municipio,Rosario,820210,Servicio de Catastro e Información Territorial,IGN
2018,9052,2018-09-06,Jueves,0.0,10:30:00,,0.0,2,"Automóvil,Automóvil",Dean Funes 800,2,1,0,0,1,0,0,"-32.976349, -60.641579",Calle,,ROSARIO,Rosario,Asfalto,No existe,II,Dentro,Urbana,Ninguna,No existe,Intersección,Bueno,Buena,Diurna,Buen Tiempo,Lateral,S/D,Colisión,Ninguna,Faltante,Ninguna,Sin restricción,"-32.976349, -60.641579",['Dean Funes 800'],1,,-32.976349,-60.641579,55.0,538.0,Municipio Rosario,Municipio,Rosario,820210,Servicio de Catastro e Información Territorial,IGN
2018,9053,2018-09-25,Martes,0.0,00:35:00,,0.0,2,"Moto/Ciclomotor,Automóvil",Gaboto Y Bv. Oro?o,3,2,0,0,1,0,0,"-32.970587, -60.660204",Avenida,,ROSARIO,Rosario,Asfalto,No existe,II,Dentro,Urbana,Semáforo,Intermitente,Intersección,Bueno,Buena,"Nocturna,Con luz artificial",Buen Tiempo,Lateral,S/D,Colisión,Ninguna,"Horizontal,Vertical","Cordón divisorio,Vegetación",Sin restricción,"-32.970587, -60.660204","['Gaboto', 'Bulevar Nicasio Oroño']",2,,-32.970587,-60.660204,55.0,538.0,Municipio Rosario,Municipio,Rosario,820210,Servicio de Catastro e Información Territorial,IGN
2018,9054,2018-09-25,Martes,0.0,10:00:00,,0.0,3,"Automóvil,Moto/Ciclomotor,Automóvil",Lamadrid Y San Martin,5,4,0,0,1,0,0,"-32.997082, -60.648001",Calle,,ROSARIO,Rosario,Asfalto,No existe,II,Dentro,Urbana,Semáforo,Funciona,Intersección,Bueno,Buena,Diurna,Buen Tiempo,Múltiple,S/D,Colisión,Ninguna,Vertical,Cordón divisorio,Sin restricción,"-32.997082, -60.648001","['Lamadrid', 'San Martin']",2,,-32.997082,-60.648001,55.0,538.0,Municipio Rosario,Municipio,Rosario,820210,Servicio de Catastro e Información Territorial,IGN
2018,9055,2018-09-15,Sabado,0.0,18:45:00,,0.0,2,"Peatón,Automóvil",Av. Arijon Y Espa?a,2,1,0,0,1,0,0,"-33.003293, -60.657608",Avenida,,ROSARIO,Rosario,Asfalto,No existe,II,Dentro,Urbana,Semáforo,Funciona,Intersección,Bueno,Buena,Atardecer,Buen Tiempo,S/D,Peatón,Atropello,Ninguna,"Horizontal,Vertical",Línea divisoria pintada,Sin restricción,"-33.003293, -60.657608","['Avenida Manuel Arijón', 'España']",2,,-33.003293,-60.657608,55.0,538.0,Municipio Rosario,Municipio,Rosario,820210,Servicio de Catastro e Información Territorial,IGN
2018,9057,2018-01-17,Miercoles,0.0,03:30:00,,0.0,1,Automóvil, ,1,1,0,0,0,0,0,"-32.95826, -60.68911",S/D,,ROSARIO,Rosario,S/D,S/D,II,S/D,S/D,S/D,S/D,S/D,S/D,S/D,Nocturna,S/D,S/D,S/D,Colisión,S/D,S/D,S/D,S/D,"-32.95826, -60.68911",[''],0,,-32.95826,-60.68911,55.0,538.0,Municipio Rosario,Municipio,Rosario,820210,Servicio de Catastro e Información Territorial,IGN
2018,9058,2018-11-11,Domingo,0.0,00:30:00,,0.0,2,"Automóvil,Moto/Ciclomotor",Av. Ovidio Lagos Y Av. Battle y Ordo?ez,2,1,0,0,1,0,0,"-33.009694444444,-60.677361111111",Avenida,,ROSARIO,Rosario,Asfalto,No existe,II,S/D,Urbana,Semáforo,Intermitente,Intersección,S/D,S/D,"Nocturna,Con luz artificial",Lluvia,S/D,S/D,Colisión,S/D,"Horizontal,Vertical",Cordón divisorio,Obra en Construcción,"-33.009694444444,-60.677361111111","['Avenida Ovidio Lagos', 'Avenida Battle y Ordoñez']",2,,-33.009694444444,-60.677361111111,55.0,538.0,Municipio Rosario,Municipio,Rosario,820210,Servicio de Catastro e Información Territorial,IGN
2018,9059,2018-01-17,Miercoles,0.0,02:00:00,,0.0,1,Automóvil,Espa?a Y Av. Uriburu,2,1,0,0,0,0,1,"-32.991166666667,-60.658111111111",Calle,,ROSARIO,Rosario,Asfalto,No existe,II,Dentro,Urbana,S/D,S/D,Intersección,S/D,S/D,Nocturna,S/D,S/D,S/D,Colisión,S/D,S/D,S/D,Sin restricción,"-32.991166666667,-60.658111111111","['España', 'Uriburu']",2,,-32.991166666667,-60.658111111111,55.0,538.0,Municipio Rosario,Municipio,Rosario,820210,Servicio de Catastro e Información Territorial,IGN
2018,9060,2018-11-21,Miercoles,0.0,15:40:00,,0.0,2,"Automóvil,Moto/Ciclomotor",Bv. Avellaneda 4800,2,1,0,0,1,0,0,"-32.994083333333,-60.689388888889",Avenida,,ROSARIO,Rosario,Asfalto,No existe,II,Dentro,Urbana,S/D,No existe,Recta,S/D,Buena,Diurna,S/D,S/D,S/D,Colisión,S/D,S/D,Cordón divisorio,S/D,"-32.994083333333,-60.689388888889",['Avellaneda 4800'],1,,-32.994083333333,-60.689388888889,55.0,538.0,Municipio Rosario,Municipio,Rosario,820210,Servicio de Catastro e Información Territorial,IGN
2018,9062,2018-11-09,Viernes,0.0,15:35:00,,0.0,2,"Camión Chasis,Moto/Ciclomotor",Lamadrid Y Av. Francia,4,2,0,0,2,0,0,"-32.998,-60.678055555556",Avenida,,ROSARIO,Rosario,Asfalto,S/D,II,S/D,Urbana,S/D,Funciona,Intersección,S/D,Buena,Diurna,S/D,S/D,S/D,Colisión,S/D,S/D,Cordón divisorio,S/D,"-32.998,-60.678055555556","['Lamadrid', 'Avenida Francia']",2,,-32.998,-60.678055555556,55.0,538.0,Municipio Rosario,Municipio,Rosario,820210,Servicio de Catastro e Información Territorial,IGN
2018,9065,2018-11-10,Sabado,0.0,23:10:00,,0.0,2,"Moto/Ciclomotor,Moto/Ciclomotor",Av. Avellaneda B Y Cnel.Winter,3,2,0,0,1,0,0,"-32.985055555556,-60.688527777778",Avenida,,ROSARIO,Rosario,Asfalto,S/D,II,Dentro,Urbana,S/D,S/D,Intersección,S/D,S/D,"Nocturna,Con luz artificial",S/D,S/D,S/D,Colisión,S/D,S/D,Cordón divisorio,S/D,"-32.985055555556,-60.688527777778","['Avellaneda', 'Coronel Winter']",2,,-32.985055555556,-60.688527777778,55.0,538.0,Municipio Rosario,Municipio,Rosario,820210,Servicio de Catastro e Información Territorial,IGN
2018,9068,2018-01-24,Miercoles,0.0,17:10:00,,0.0,1,Moto/Ciclomotor, ,1,1,0,0,0,0,0,"-32.95883, -60.693",S/D,,ROSARIO,Rosario,S/D,S/D,II,S/D,S/D,S/D,S/D,S/D,S/D,S/D,Diurna,S/D,S/D,S/D,Colisión,S/D,S/D,S/D,S/D,"-32.95883, -60.693",[''],0,,-32.95883,-60.693,55.0,538.0,Municipio Rosario,Municipio,Rosario,820210,Servicio de Catastro e Información Territorial,IGN
2018,9069,2018-11-14,Miercoles,0.0,19:40:00,,0.0,2,"Automóvil,Peatón",Av. Arijon Y Pueyrredon,2,1,0,0,1,0,0,"-33.003611111111,-60.669083333333",Avenida,,ROSARIO,Rosario,Asfalto,S/D,II,S/D,Urbana,Semáforo,Funciona,Intersección,Bueno,Buena,Atardecer,S/D,S/D,Peatón,Atropello,S/D,S/D,Ninguna,S/D,"-33.003611111111,-60.669083333333","['Avenida Manuel Arijón', 'Pueyrredón']",2,,-33.003611111111,-60.669083333333,55.0,538.0,Municipio Rosario,Municipio,Rosario,820210,Servicio de Catastro e Información Territorial,IGN
2018,9072,2018-11-13,Martes,0.0,13:20:00,,0.0,2,"Automóvil,Automóvil",Sanchez de Bustamante Y Pueyrredon,2,1,0,0,1,0,0,"-33.002611111111,-60.669138888889",Calle,,ROSARIO,Rosario,Asfalto,No existe,II,S/D,Urbana,S/D,No existe,Intersección,"Con baches,Resbaladiza",Buena,Diurna,Lluvia,S/D,S/D,Colisión,Agua,Faltante,S/D,S/D,"-33.002611111111,-60.669138888889","['Sánchez de Bustamante', 'Pueyrredón']",2,,-33.002611111111,-60.669138888889,55.0,538.0,Municipio Rosario,Municipio,Rosario,820210,Servicio de Catastro e Información Territorial,IGN
2018,9078,2018-11-08,Jueves,0.0,09:10:00,,0.0,2,"Automóvil,Moto/Ciclomotor",Montevideo Y Balcarce,2,1,0,0,1,0,0,"-32.953666666667,-60.654388888889",Calle,,ROSARIO,Rosario,S/D,S/D,II,S/D,Urbana,S/D,S/D,Intersección,S/D,S/D,Diurna,S/D,S/D,S/D,Colisión,S/D,S/D,S/D,S/D,"-32.953666666667,-60.654388888889","['Montevideo', 'Balcarce']",2,,-32.953666666667,-60.654388888889,55.0,538.0,Municipio Rosario,Municipio,Rosario,820210,Servicio de Catastro e Información Territorial,IGN
2018,9080,2018-02-17,Sabado,0.0,20:00:00,,0.0,1,Moto/Ciclomotor,Av. De Las Palmeras ,1,1,0,0,0,0,0,"-32.97917, -60.73598",Avenida,,ROSARIO,Rosario,Asfalto,S/D,II,S/D,Urbana,S/D,S/D,Recta,S/D,S/D,Nocturna,S/D,S/D,S/D,Colisión,S/D,S/D,S/D,S/D,"-32.97917, -60.73598",['Las Palmas'],1,,-32.97917,-60.73598,55.0,538.0,Municipio Rosario,Municipio,Rosario,820210,Servicio de Catastro e Información Territorial,IGN
2018,9081,2018-11-08,Jueves,0.0,10:15:00,,0.0,2,"Peatón,Bicicleta",Dorrego Y Av. Pellegrini,2,2,0,0,0,0,0,"-32.955416666667,-60.651972222222",Avenida,,ROSARIO,Rosario,S/D,S/D,II,S/D,Urbana,S/D,S/D,Intersección,S/D,S/D,Diurna,S/D,S/D,Peatón,Atropello,S/D,S/D,S/D,S/D,"-32.955416666667,-60.651972222222","['Dorrego', 'Pellegrini']",2,,-32.955416666667,-60.651972222222,55.0,538.0,Municipio Rosario,Municipio,Rosario,820210,Servicio de Catastro e Información Territorial,IGN
2018,9084,2018-02-18,Domingo,0.0,15:10:00,,0.0,2,"Moto/Ciclomotor,Otros",Rodriguez Y E.Zeballos,2,0,1,0,0,0,1,"-32.951333333333,-60.660916666667",Calle,,ROSARIO,Rosario,S/D,S/D,II,Dentro,Urbana,S/D,S/D,Intersección,S/D,S/D,Diurna,S/D,S/D,S/D,Colisión,S/D,S/D,S/D,S/D,"-32.951333333333,-60.660916666667","['Rodríguez', 'Zeballos']",2,,-32.951333333333,-60.660916666667,55.0,538.0,Municipio Rosario,Municipio,Rosario,820210,Servicio de Catastro e Información Territorial,IGN
2018,9085,2018-11-03,Sabado,0.0,01:50:00,,0.0,2,"Automóvil,Pickup/Utilitario",Av. Ovidio Lagos Y Rioja,4,2,0,0,2,0,0,"-32.943388888889,-60.661722222222",Avenida,,ROSARIO,Rosario,S/D,S/D,II,S/D,Urbana,Semáforo,Funciona,Intersección,S/D,S/D,Nocturna,S/D,S/D,S/D,Colisión,S/D,S/D,S/D,S/D,"-32.943388888889,-60.661722222222","['Avenida Ovidio Lagos', 'Rioja']",2,,-32.943388888889,-60.661722222222,55.0,538.0,Municipio Rosario,Municipio,Rosario,820210,Servicio de Catastro e Información Territorial,IGN