anio_acci,nro_acci,fecha,desc_dia,fecha_aprox,hora_aprox,desc_ruta,km,cant_participantes,desc_participante,calle_avenida_km,total,heridos_leves,heridos_graves,heridos_gravisimos,ilesos,fallecidos,sin_datos,posicion_XY,desc_tipo_via,desc_ruta_ori,desc_loc,desc_dpto,desc_tipo_calzada,desc_tipo_banquina,desc_unidad_regional,desc_lugar_calzada,desc_zona,desc_prioridad,desc_estado_semaforo,desc_lugar_via,desc_estado_via,desc_estado_visibilidad,desc_luminosidad,desc_estado_clima,desc_tipo_colision,desc_tipo_atropello,desc_tipo_hecho,desc_pres_calzada,desc_senializacion,desc_separacion_via,desc_restriccion,forma_geocod,calle_lista,numero_calles,calles_osm,lat,lon,index_right,gid,fna,gna,nam,in1,fdc,sag
2018,9086,2018-02-17,Sabado,0.0,16:00:00,,0.0,2,"Bicicleta,Otros",Roullon 4200,2,0,1,0,0,0,1,"-32.978611111111,-60.700777777778",Calle,,ROSARIO,Rosario,Asfalto,S/D,II,Dentro,Urbana,S/D,S/D,Recta,S/D,S/D,Diurna,S/D,S/D,Ciclista,Atropello,S/D,S/D,S/D,S/D,"-32.978611111111,-60.700777777778",['Alfredo Rouillón 4200'],1,,-32.978611111111,-60.700777777778,55.0,538.0,Municipio Rosario,Municipio,Rosario,820210,Servicio de Catastro e Información Territorial,IGN
2018,9088,2018-02-20,Martes,0.0,09:15:00,,0.0,2,"Moto/Ciclomotor,Otros", ,2,1,0,0,0,0,1,"-32.9587, -60.69303",S/D,,ROSARIO,Rosario,S/D,S/D,II,S/D,S/D,S/D,S/D,S/D,S/D,S/D,Diurna,S/D,S/D,S/D,Colisión,S/D,S/D,S/D,Sin restricción,"-32.9587, -60.69303",[''],0,,-32.9587,-60.69303,55.0,538.0,Municipio Rosario,Municipio,Rosario,820210,Servicio de Catastro e Información Territorial,IGN
2018,9090,2018-11-09,Viernes,0.0,16:10:00,,0.0,2,"Automóvil,Bicicleta",Dorrego Y Pasco,2,1,0,0,1,0,0,"-32.957583333333,-60.652527777778",Calle,,ROSARIO,Rosario,S/D,S/D,II,S/D,Urbana,S/D,S/D,Intersección,S/D,S/D,Diurna,S/D,S/D,Ciclista,Atropello,S/D,S/D,S/D,S/D,"-32.957583333333,-60.652527777778","['Dorrego', 'Pasco']",2,,-32.957583333333,-60.652527777778,55.0,538.0,Municipio Rosario,Municipio,Rosario,820210,Servicio de Catastro e Información Territorial,IGN
2018,9093,2018-11-10,Sabado,0.0,12:05:00,,0.0,2,"Moto/Ciclomotor,Automóvil",Av. Pte.Peron Y Av. Ovidio Lagos,2,1,0,0,1,0,0,"-32.955527777778,-60.66475",Calle,,ROSARIO,Rosario,S/D,S/D,II,S/D,Urbana,S/D,S/D,Intersección,S/D,S/D,Diurna,S/D,S/D,S/D,Colisión,S/D,S/D,S/D,S/D,"-32.955527777778,-60.66475","['Avenida Presidente Perón', 'Avenida Ovidio Lagos']",2,,-32.955527777778,-60.66475,55.0,538.0,Municipio Rosario,Municipio,Rosario,820210,Servicio de Catastro e Información Territorial,IGN
2018,9095,2018-02-20,Martes,0.0,21:00:00,,0.0,1,Moto/Ciclomotor,Santa Fe Y Pueyrredon,1,1,0,0,0,0,0,"-32.941638888889,-60.657055555556",Calle,,ROSARIO,Rosario,Asfalto,S/D,II,Dentro,Urbana,S/D,S/D,Intersección,S/D,S/D,Nocturna,S/D,S/D,S/D,Colisión,S/D,S/D,S/D,S/D,"-32.941638888889,-60.657055555556","['Santa Fe', 'Pueyrredón']",2,,-32.941638888889,-60.657055555556,55.0,538.0,Municipio Rosario,Municipio,Rosario,820210,Servicio de Catastro e Información Territorial,IGN
2018,9110,2018-09-17,Lunes,0.0,01:00:00,,0.0,2,"Moto/Ciclomotor,Automóvil",Uruguay Y Entre Rios,2,1,0,0,1,0,0,"-32.976275, -60.648576",Calle,,ROSARIO,Rosario,Asfalto,No existe,II,Dentro,Urbana,Semáforo,Intermitente,Intersección,Bueno,Buena,"Nocturna,Con luz artificial",Buen Tiempo,Lateral,S/D,Colisión,Ninguna,"Horizontal,Vertical",Línea divisoria pintada,Sin restricción,"-32.976275, -60.648576","['Uruguay', 'Entre Ríos']",2,,-32.976275,-60.648576,55.0,538.0,Municipio Rosario,Municipio,Rosario,820210,Servicio de Catastro e Información Territorial,IGN
2018,9111,2018-09-19,Miercoles,0.0,20:15:00,,0.0,2,"Pickup/Utilitario,Automóvil",24 De Setiembre Y Callao,4,1,0,0,3,0,0,"-32.976296, -60.668598",Calle,,ROSARIO,Rosario,Asfalto,No existe,II,Dentro,Urbana,Ninguna,No existe,Intersección,Bueno,Buena,Nocturna,Buen Tiempo,Lateral,S/D,Colisión,Ninguna,Faltante,Ninguna,Sin restricción,"-32.976296, -60.668598","['24 de Septiembre', 'Callao']",2,,-32.976296,-60.668598,55.0,538.0,Municipio Rosario,Municipio,Rosario,820210,Servicio de Catastro e Información Territorial,IGN
2018,9114,2018-09-19,Miercoles,0.0,12:45:00,,0.0,2,"Moto/Ciclomotor,Automóvil",Av. Corrientes A Y Esteban de Luca,2,1,0,0,1,0,0,"-32.995088, -60.653538",Calle,,ROSARIO,Rosario,Asfalto,No existe,II,Dentro,Urbana,Ninguna,No existe,Intersección,Bueno,Buena,Diurna,Buen Tiempo,Lateral,S/D,Colisión,Ninguna,Faltante,Ninguna,Sin restricción,"-32.995088, -60.653538","['Corrientes', 'Esteban de Luca']",2,,-32.995088,-60.653538,55.0,538.0,Municipio Rosario,Municipio,Rosario,820210,Servicio de Catastro e Información Territorial,IGN
2018,9115,2018-09-10,Lunes,0.0,10:30:00,,0.0,2,"Moto/Ciclomotor,Automóvil",Av. Corrientes A Y Mr.Ross,3,2,0,0,1,0,0,"-32.987508, -60.652863",Calle,,ROSARIO,Rosario,Asfalto,No existe,II,Dentro,Urbana,Ninguna,No existe,Intersección,Bueno,Buena,Diurna,Buen Tiempo,Lateral,S/D,Colisión,Ninguna,Faltante,Ninguna,Sin restricción,"-32.987508, -60.652863","['Corrientes', 'Rodrigo M. Ross']",2,,-32.987508,-60.652863,55.0,538.0,Municipio Rosario,Municipio,Rosario,820210,Servicio de Catastro e Información Territorial,IGN
2018,9116,2018-09-16,Domingo,0.0,23:05:00,,0.0,2,"Moto/Ciclomotor,Automóvil",Bv. Oro?o Y Bv. Segui,2,1,0,0,1,0,0,"-32.976397, -60.661684",Avenida,,ROSARIO,Rosario,Asfalto,No existe,II,Dentro,Urbana,Semáforo,Funciona,Intersección,Bueno,Buena,"Nocturna,Con luz artificial",Buen Tiempo,Lateral,S/D,Colisión,Ninguna,"Horizontal,Vertical","Cordón divisorio,Vegetación,Línea divisoria pintada",Sin restricción,"-32.976397, -60.661684","['Bulevar Nicasio Oroño', 'Bulevar Juan Francisco Seguí']",2,,-32.976397,-60.661684,55.0,538.0,Municipio Rosario,Municipio,Rosario,820210,Servicio de Catastro e Información Territorial,IGN
2018,9117,2018-09-06,Jueves,0.0,19:00:00,,0.0,2,"Moto/Ciclomotor,Automóvil",Patricios 700,3,2,0,0,1,0,0,"-33.010855, -60.645943",Calle,,ROSARIO,Rosario,Asfalto,No existe,II,Dentro,Urbana,Ninguna,No existe,Intersección,Bueno,Buena,Nocturna,Buen Tiempo,Lateral,S/D,Colisión,Ninguna,Faltante,Ninguna,Sin restricción,"-33.010855, -60.645943",['Patricios 700'],1,,-33.010855,-60.645943,55.0,538.0,Municipio Rosario,Municipio,Rosario,820210,Servicio de Catastro e Información Territorial,IGN
2018,9119,2018-09-10,Lunes,0.0,14:30:00,,0.0,2,"Bicicleta,Automóvil",Entre Rios 4400,2,1,0,0,1,0,0,"-32.987765, -60.651487",Calle,,ROSARIO,Rosario,Asfalto,No existe,II,Dentro,Urbana,Ninguna,No existe,Intersección,Bueno,Buena,Diurna,Buen Tiempo,S/D,Ciclista,Atropello,Ninguna,Faltante,Ninguna,Sin restricción,"-32.987765, -60.651487",['Entre Rios 4400'],1,,-32.987765,-60.651487,55.0,538.0,Municipio Rosario,Municipio,Rosario,820210,Servicio de Catastro e Información Territorial,IGN
2018,9120,2018-09-07,Viernes,0.0,12:45:00,,0.0,2,"Moto/Ciclomotor,Peatón",Rodriguez Y Av. Uriburu,4,3,1,0,0,0,0,"-32.991370, -60.670983",Avenida,,ROSARIO,Rosario,Asfalto,No existe,II,Dentro,Urbana,Semáforo,No existe,Intersección,Bueno,Buena,Diurna,Buen Tiempo,S/D,Peatón,Atropello,Ninguna,"Horizontal,Vertical","Cordón divisorio,Vegetación",Sin restricción,"-32.991370, -60.670983","['Rodríguez', 'Uriburu']",2,,-32.99137,-60.670983,55.0,538.0,Municipio Rosario,Municipio,Rosario,820210,Servicio de Catastro e Información Territorial,IGN
2018,9122,2018-09-11,Martes,0.0,13:40:00,,0.0,2,"Moto/Ciclomotor,Pickup/Utilitario",Bv. Segui Y Entre Rios,3,2,0,0,1,0,0,"-32.978482, -60.649135",Avenida,,ROSARIO,Rosario,Asfalto,No existe,II,Dentro,Urbana,Señal Pare,No existe,Intersección,Bueno,Buena,Diurna,Buen Tiempo,Lateral,S/D,Colisión,Ninguna,Vertical,Ninguna,Sin restricción,"-32.978482, -60.649135","['Bulevar Juan Francisco Seguí', 'Entre Ríos']",2,,-32.978482,-60.649135,55.0,538.0,Municipio Rosario,Municipio,Rosario,820210,Servicio de Catastro e Información Territorial,IGN
2018,9126,2018-09-06,Jueves,0.0,18:00:00,,0.0,2,"Automóvil,Moto/Ciclomotor",San Martin Y Olegario V.Andrade,2,1,0,0,1,0,0,"-32.995837, -60.647745",Avenida,,ROSARIO,Rosario,Asfalto,No existe,II,Dentro,Urbana,Semáforo,Funciona,Intersección,Bueno,Buena,Diurna,Buen Tiempo,Lateral,S/D,Colisión,Ninguna,Vertical,Cordón divisorio,Sin restricción,"-32.995837, -60.647745","['San Martin', 'Olegario V Andrade']",2,,-32.995837,-60.647745,55.0,538.0,Municipio Rosario,Municipio,Rosario,820210,Servicio de Catastro e Información Territorial,IGN
2018,9128,2018-09-10,Lunes,0.0,13:00:00,,0.0,2,"Moto/Ciclomotor,Moto/Ciclomotor",San Martin Y Av. Battle y Ordo?ez,2,1,0,0,1,0,0,"-33.009280, -60.650624",Avenida,,ROSARIO,Rosario,Asfalto,No existe,II,Dentro,Urbana,Semáforo,Funciona,Recta,Bueno,Buena,Diurna,Buen Tiempo,Lateral,S/D,Colisión,Ninguna,"Horizontal,Vertical",Línea divisoria pintada,Sin restricción,"-33.009280, -60.650624","['San Martin', 'Avenida Battle y Ordoñez']",2,,-33.00928,-60.650624,55.0,538.0,Municipio Rosario,Municipio,Rosario,820210,Servicio de Catastro e Información Territorial,IGN
2018,9129,2018-09-06,Jueves,0.0,19:50:00,,0.0,2,"Bicicleta,Moto/Ciclomotor",San Martin Y Bv. Segui,2,2,0,0,0,0,0,"-32.979535, -60.644293",Avenida,,ROSARIO,Rosario,Asfalto,No existe,II,Dentro,Urbana,Semáforo,No existe,Intersección,Bueno,Buena,"Nocturna,Con luz artificial",Buen Tiempo,S/D,Ciclista,Atropello,Ninguna,"Horizontal,Vertical","Cordón divisorio,Vegetación",Sin restricción,"-32.979535, -60.644293","['San Martin', 'Bulevar Juan Francisco Seguí']",2,,-32.979535,-60.644293,55.0,538.0,Municipio Rosario,Municipio,Rosario,820210,Servicio de Catastro e Información Territorial,IGN
2018,9131,2018-09-13,Jueves,0.0,13:25:00,,0.0,2,"Automóvil,Moto/Ciclomotor",Av. Uriburu Y Laprida,3,2,0,0,1,0,0,"-32.990572, -60.645168",Calle,,ROSARIO,Rosario,Asfalto,No existe,II,Dentro,Urbana,Semáforo,Funciona,Intersección,Bueno,Buena,Diurna,Buen Tiempo,Lateral,S/D,Colisión,Ninguna,"Horizontal,Vertical","Cordón divisorio,Línea divisoria pintada",Sin restricción,"-32.990572, -60.645168","['Uriburu', 'Laprida']",2,,-32.990572,-60.645168,55.0,538.0,Municipio Rosario,Municipio,Rosario,820210,Servicio de Catastro e Información Territorial,IGN
2018,9132,2018-09-13,Jueves,0.0,13:15:00,,0.0,2,"Automóvil,Moto/Ciclomotor",Bv. Segui 1300,2,1,0,0,1,0,0,"-32.978426, -60.649454",Avenida,,ROSARIO,Rosario,Asfalto,No existe,II,Dentro,Urbana,Señal Pare,No existe,Recta,Bueno,Buena,Diurna,Buen Tiempo,Lateral,S/D,Colisión,Ninguna,"Horizontal,Vertical",Ninguna,Sin restricción,"-32.978426, -60.649454",['Bulevar Juan Francisco Seguí 1300'],1,,-32.978426,-60.649454,55.0,538.0,Municipio Rosario,Municipio,Rosario,820210,Servicio de Catastro e Información Territorial,IGN
2018,9134,2018-11-14,Miercoles,0.0,20:30:00,,0.0,2,"Moto/Ciclomotor,Moto/Ciclomotor",Forest Y Donado,4,4,0,0,0,0,0,"-32.943916666667,-60.726833333333",Calle,,ROSARIO,Rosario,Asfalto,Pavimento,II,Dentro,Urbana,Ninguna,No existe,Intersección,Bueno,S/D,"Nocturna,Con luz artificial",S/D,Otro,S/D,Colisión,S/D,S/D,Ninguna,Sin restricción,"-32.943916666667,-60.726833333333","['Carlos Forest', 'Donado']",2,,-32.943916666667,-60.726833333333,55.0,538.0,Municipio Rosario,Municipio,Rosario,820210,Servicio de Catastro e Información Territorial,IGN
2018,9135,2018-02-17,Sabado,0.0,17:10:00,,0.0,1,Moto/Ciclomotor,Rivarola ,1,0,1,0,0,0,0,"-32.96617, -60.72201",Calle,,ROSARIO,Rosario,S/D,No existe,II,Dentro,Urbana,S/D,S/D,S/D,S/D,S/D,Diurna,S/D,S/D,S/D,Colisión,S/D,S/D,S/D,S/D,"-32.96617, -60.72201",['Rivarola'],1,,-32.96617,-60.72201,55.0,538.0,Municipio Rosario,Municipio,Rosario,820210,Servicio de Catastro e Información Territorial,IGN
2018,9137,2018-11-09,Viernes,0.0,12:20:00,,0.0,2,"Pickup/Utilitario,Moto/Ciclomotor",Bv. Segui Y Av. Provincias Unidas,2,0,1,0,1,0,0,"-32.971111111111,-60.711388888889",Avenida,,ROSARIO,Rosario,Asfalto,Pavimento,II,Dentro,Urbana,Semáforo,Funciona,Intersección,Bueno,Buena,Diurna,Buen Tiempo,De alcance,S/D,Colisión,Ninguna,Faltante,Barrera de hormigón,Sin restricción,"-32.971111111111,-60.711388888889","['Bulevar Juan Francisco Seguí', 'Avenida Provincias Unidas']",2,,-32.971111111111,-60.711388888889,55.0,538.0,Municipio Rosario,Municipio,Rosario,820210,Servicio de Catastro e Información Territorial,IGN
2018,9138,2018-02-26,Lunes,0.0,22:10:00,,0.0,1,Moto/Ciclomotor,Garay Y Dorrego,1,1,0,0,0,0,0,"-32.9725,-60.656277777778",Calle,,ROSARIO,Rosario,Asfalto,No existe,II,Dentro,Urbana,S/D,S/D,Intersección,S/D,S/D,Nocturna,S/D,S/D,S/D,Colisión,S/D,S/D,S/D,S/D,"-32.9725,-60.656277777778","['Garay', 'Dorrego']",2,,-32.9725,-60.656277777778,55.0,538.0,Municipio Rosario,Municipio,Rosario,820210,Servicio de Catastro e Información Territorial,IGN
2018,9139,2018-11-12,Lunes,0.0,07:30:00,,0.0,2,"Taxi/Remis,Moto/Ciclomotor",Rivarola Y C.Larralde,2,1,0,0,1,0,0,"-32.96625,-60.726027777778",Avenida,,ROSARIO,Rosario,Asfalto,Pavimento,II,Dentro,Urbana,Ninguna,No existe,Intersección,Bueno,Buena,Diurna,Buen Tiempo,Frontal,S/D,Colisión,Ninguna,Faltante,Barrera de hormigón,Sin restricción,"-32.96625,-60.726027777778","['Rivarola', 'Larralde']",2,,-32.96625,-60.726027777778,55.0,538.0,Municipio Rosario,Municipio,Rosario,820210,Servicio de Catastro e Información Territorial,IGN
2018,9140,2018-11-14,Miercoles,0.0,12:20:00,,0.0,2,"Peatón,Moto/Ciclomotor",Ocampo Y Garzon,2,1,0,0,0,0,1,"-32.957833333333,-60.704972222222",Calle,,ROSARIO,Rosario,Asfalto,Pavimento,II,S/D,Urbana,Ninguna,No existe,Intersección,Bueno,Buena,Diurna,Buen Tiempo,S/D,Peatón,Atropello,Ninguna,Faltante,Barrera de hormigón,Sin restricción,"-32.957833333333,-60.704972222222","['Ocampo', 'Garzón']",2,,-32.957833333333,-60.704972222222,55.0,538.0,Municipio Rosario,Municipio,Rosario,820210,Servicio de Catastro e Información Territorial,IGN
2018,9142,2018-11-12,Lunes,0.0,15:40:00,,0.0,2,"Vehículo Oficial,Automóvil",Bv. Avellaneda Y Rueda,4,2,0,0,2,0,0,"-32.963722222222,-60.68525",Avenida,,ROSARIO,Rosario,Asfalto,No existe,II,S/D,Urbana,Ninguna,No existe,Intersección,Bueno,Buena,Diurna,Buen Tiempo,Lateral,S/D,Colisión,Ninguna,Faltante,Ninguna,Sin restricción,"-32.963722222222,-60.68525","['Avellaneda', 'Rueda']",2,,-32.963722222222,-60.68525,55.0,538.0,Municipio Rosario,Municipio,Rosario,820210,Servicio de Catastro e Información Territorial,IGN
2018,9147,2018-11-03,Sabado,0.0,05:45:00,,0.0,2,"Automóvil,Automóvil",Buenos Aires Y Bv. 27 De Febrero,5,1,0,0,3,0,1,"-32.968722222222,-60.638027777778",Calle,,ROSARIO,Rosario,Asfalto,No existe,II,Dentro,Urbana,Semáforo,Funciona,Recta,Bueno,Buena,Amanecer,Buen Tiempo,De alcance,S/D,Colisión,Ninguna,Vertical,Ninguna,Sin restricción,"-32.968722222222,-60.638027777778","['Buenos Aires', '27 de Febrero']",2,,-32.968722222222,-60.638027777778,55.0,538.0,Municipio Rosario,Municipio,Rosario,820210,Servicio de Catastro e Información Territorial,IGN
2018,9150,2018-10-12,Viernes,0.0,00:00:00,,0.0,1,Moto/Ciclomotor,Piedras 2000,2,0,1,0,0,0,1,"-33.007305555556,-60.661777777778",Calle,,ROSARIO,Rosario,Asfalto,No existe,II,Dentro,Urbana,S/D,S/D,Recta,S/D,S/D,Nocturna,S/D,S/D,S/D,Colisión,S/D,S/D,S/D,S/D,"-33.007305555556,-60.661777777778",['Piedras 2000'],1,,-33.007305555556,-60.661777777778,55.0,538.0,Municipio Rosario,Municipio,Rosario,820210,Servicio de Catastro e Información Territorial,IGN
2018,9156,2018-10-13,Sabado,0.0,09:00:00,,0.0,1,Moto/Ciclomotor,Av. Pellegrini 4100,1,0,1,0,0,0,0,"-32.949805555556,-60.682",Calle,,ROSARIO,Rosario,Asfalto,No existe,II,Dentro,Urbana,S/D,S/D,Recta,S/D,S/D,Diurna,S/D,S/D,S/D,Colisión,Ninguna,S/D,S/D,S/D,"-32.949805555556,-60.682",['Pellegrini 4100'],1,,-32.949805555556,-60.682,55.0,538.0,Municipio Rosario,Municipio,Rosario,820210,Servicio de Catastro e Información Territorial,IGN
2018,9165,2018-11-02,Viernes,0.0,07:30:00,,0.0,2,"Moto/Ciclomotor,Automóvil",Chacabuco Y Viamonte,3,2,0,0,1,0,0,"-32.968055555556,-60.627555555556",Calle,,ROSARIO,Rosario,Asfalto,S/D,II,Dentro,Urbana,S/D,S/D,Recta,Con baches,Buena,Diurna,Buen Tiempo,De alcance,S/D,Colisión,S/D,S/D,S/D,Sin restricción,"-32.968055555556,-60.627555555556","['Chacabuco', 'Viamonte']",2,,-32.968055555556,-60.627555555556,55.0,538.0,Municipio Rosario,Municipio,Rosario,820210,Servicio de Catastro e Información Territorial,IGN
2018,9166,2018-11-01,Jueves,0.0,12:10:00,,0.0,2,"Peatón,Automóvil",Av. Corrientes Y San Lorenzo,2,1,0,0,1,0,0,"-32.943361111111,-60.641777777778",Calle,,ROSARIO,Rosario,Asfalto,No existe,II,Dentro,Urbana,Semáforo,No existe,Intersección,Bueno,Buena,Diurna,Buen Tiempo,S/D,Peatón,Atropello,Ninguna,Vertical,Ninguna,Sin restricción,"-32.943361111111,-60.641777777778","['Corrientes', 'San Lorenzo']",2,,-32.943361111111,-60.641777777778,55.0,538.0,Municipio Rosario,Municipio,Rosario,820210,Servicio de Catastro e Información Territorial,IGN
2018,9168,2018-11-02,Viernes,0.0,13:20:00,,0.0,2,"Peatón,Moto/Ciclomotor",Salta Y Espa?a,2,1,0,0,1,0,0,"-32.937944444444,-60.64475",Calle,,ROSARIO,Rosario,Asfalto,No existe,II,Dentro,Urbana,Otra Señal,No existe,Recta,Bueno,Buena,Diurna,Buen Tiempo,S/D,Peatón,Atropello,Ninguna,Faltante,Cordón divisorio,Sin restricción,"-32.937944444444,-60.64475","['Salta', 'España']",2,,-32.937944444444,-60.64475,55.0,538.0,Municipio Rosario,Municipio,Rosario,820210,Servicio de Catastro e Información Territorial,IGN
2018,9170,2018-11-05,Lunes,0.0,14:00:00,,0.0,2,"Peatón,Pickup/Utilitario",Dorrego Y Catamarca,2,1,0,0,1,0,0,"-32.938611111111,-60.647777777778",Calle,,ROSARIO,Rosario,Asfalto,No existe,II,Dentro,Urbana,Señal Pare,No existe,Intersección,Bueno,Buena,Diurna,Buen Tiempo,S/D,Peatón,Atropello,Ninguna,Vertical,Ninguna,Sin restricción,"-32.938611111111,-60.647777777778","['Dorrego', 'Catamarca']",2,,-32.938611111111,-60.647777777778,55.0,538.0,Municipio Rosario,Municipio,Rosario,820210,Servicio de Catastro e Información Territorial,IGN
2018,9181,2018-09-12,Miercoles,0.0,19:50:00,,0.0,2,"Moto/Ciclomotor,Automóvil",Av. Arijon Y Av. Corrientes,3,0,2,0,1,0,0,"-33.003154, -60.653257",Avenida,,ROSARIO,Rosario,Asfalto,No existe,II,Dentro,Urbana,Señal Pare,No existe,Intersección,Bueno,Buena,"Nocturna,Con luz artificial",Buen Tiempo,Lateral,S/D,Colisión,Ninguna,"Horizontal,Vertical",Ninguna,Sin restricción,"-33.003154, -60.653257","['Avenida Manuel Arijón', 'Corrientes']",2,,-33.003154,-60.653257,55.0,538.0,Municipio Rosario,Municipio,Rosario,820210,Servicio de Catastro e Información Territorial,IGN
2018,9182,2018-09-01,Sabado,0.0,16:10:00,,0.0,2,"Automóvil,Moto/Ciclomotor",Italia Y Dr.Rivas,2,1,0,0,1,0,0,"-32.981922, -60.657243",Calle,,ROSARIO,Rosario,Asfalto,No existe,II,Dentro,Urbana,Ninguna,No existe,Intersección,Bueno,Buena,Nocturna,Buen Tiempo,Lateral,S/D,Colisión,Ninguna,Faltante,Ninguna,Sin restricción,"-32.981922, -60.657243","['Italia', 'Doctor Francisco Riva']",2,,-32.981922,-60.657243,55.0,538.0,Municipio Rosario,Municipio,Rosario,820210,Servicio de Catastro e Información Territorial,IGN
2018,9183,2018-09-01,Sabado,0.0,21:25:00,,0.0,2,"Moto/Ciclomotor,Automóvil",Callao Y Biedma,3,2,0,0,1,0,0,"-32.977431, -60.668916",Calle,,ROSARIO,Rosario,Asfalto,No existe,II,Dentro,Urbana,Ninguna,No existe,Intersección,Bueno,Buena,Diurna,Buen Tiempo,Lateral,S/D,Colisión,Ninguna,Faltante,Ninguna,Sin restricción,"-32.977431, -60.668916","['Callao', 'Coronel Biedma']",2,,-32.977431,-60.668916,55.0,538.0,Municipio Rosario,Municipio,Rosario,820210,Servicio de Catastro e Información Territorial,IGN
2018,9185,2018-09-01,Sabado,0.0,21:00:00,,0.0,3,"Peatón,Peatón,Automóvil",Callao Y Biedma,3,2,0,0,1,0,0,"-32.977431, -60.668916",Calle,,ROSARIO,Rosario,Asfalto,No existe,II,Dentro,Urbana,Ninguna,No existe,Intersección,Bueno,Buena,Diurna,Buen Tiempo,Lateral,S/D,Colisión,Ninguna,Faltante,Ninguna,Sin restricción,"-32.977431, -60.668916","['Callao', 'Coronel Biedma']",2,,-32.977431,-60.668916,55.0,538.0,Municipio Rosario,Municipio,Rosario,820210,Servicio de Catastro e Información Territorial,IGN
2018,9187,2018-09-01,Sabado,0.0,13:00:00,,0.0,2,"Automóvil,Moto/Ciclomotor",Gaboto Y Dorrego,2,0,1,0,1,0,0,"-32.971352, -60.655993",Calle,,ROSARIO,Rosario,Asfalto,No existe,II,Dentro,Urbana,Paso Peatonal,No existe,Intersección,Bueno,Buena,Diurna,Buen Tiempo,Lateral,S/D,Colisión,Ninguna,Vertical,Ninguna,Sin restricción,"-32.971352, -60.655993","['Gaboto', 'Dorrego']",2,,-32.971352,-60.655993,55.0,538.0,Municipio Rosario,Municipio,Rosario,820210,Servicio de Catastro e Información Territorial,IGN
2018,9189,2018-09-16,Domingo,0.0,18:30:00,,0.0,2,"Automóvil,Peatón",Espa?a 3200,2,1,0,0,1,0,0,"-32.973157, -60.653603",Calle,,ROSARIO,Rosario,Asfalto,No existe,II,Dentro,Urbana,Ninguna,No existe,Recta,Bueno,Buena,Nocturna,Buen Tiempo,S/D,Peatón,Atropello,Ninguna,Faltante,Ninguna,Sin restricción,"-32.973157, -60.653603",['Espa?a 3200'],1,,-32.973157,-60.653603,55.0,538.0,Municipio Rosario,Municipio,Rosario,820210,Servicio de Catastro e Información Territorial,IGN
2018,9192,2018-09-08,Sabado,0.0,17:40:00,,0.0,2,"Automóvil,Automóvil",Lamadrid Y Sarmiento,4,3,0,0,1,0,0,"-32.997122, -60.649116",Calle,,ROSARIO,Rosario,Asfalto,No existe,II,Dentro,Urbana,Ninguna,No existe,Intersección,Otro,Buena,Diurna,Buen Tiempo,Lateral,S/D,Colisión,Ninguna,Faltante,Ninguna,Sin restricción,"-32.997122, -60.649116","['Lamadrid', 'Sarmiento']",2,,-32.997122,-60.649116,55.0,538.0,Municipio Rosario,Municipio,Rosario,820210,Servicio de Catastro e Información Territorial,IGN
2018,9194,2018-09-09,Domingo,0.0,03:35:00,,0.0,2,"Automóvil,Automóvil",Bv. Oro?o Y Av. Uriburu,4,2,0,0,2,0,0,"-32.991302, -60.665180",Calle,,ROSARIO,Rosario,Asfalto,No existe,II,Dentro,Urbana,Semáforo,Funciona,Rotonda,Bueno,Buena,"Nocturna,Con luz artificial",Buen Tiempo,Lateral,S/D,Colisión,Ninguna,Faltante,"Cordón divisorio,Vegetación,Línea divisoria pintada",Sin restricción,"-32.991302, -60.665180","['Bulevar Nicasio Oroño', 'Uriburu']",2,,-32.991302,-60.66518,55.0,538.0,Municipio Rosario,Municipio,Rosario,820210,Servicio de Catastro e Información Territorial,IGN
2018,9195,2018-09-09,Domingo,0.0,13:45:00,,0.0,2,"Bicicleta,Automóvil",Gaboto Y Sarmiento,3,2,0,0,1,0,0,"-32.973342, -60.644911",Calle,,ROSARIO,Rosario,Asfalto,No existe,II,Dentro,Urbana,Ninguna,No existe,Recta,Bueno,Buena,Diurna,Buen Tiempo,S/D,Ciclista,Atropello,Ninguna,Faltante,Ninguna,Sin restricción,"-32.973342, -60.644911","['Gaboto', 'Sarmiento']",2,,-32.973342,-60.644911,55.0,538.0,Municipio Rosario,Municipio,Rosario,820210,Servicio de Catastro e Información Territorial,IGN
2018,9197,2018-09-04,Martes,0.0,07:45:00,,0.0,2,"Moto/Ciclomotor,Automóvil",Sarmiento Y Gaboto,2,1,0,0,1,0,0,"-32.973336, -60.644919",Calle,,ROSARIO,Rosario,Asfalto,No existe,II,Dentro,Urbana,Señal Pare,No existe,Intersección,Bueno,Buena,Diurna,Buen Tiempo,Lateral,S/D,Colisión,Ninguna,Vertical,Ninguna,Sin restricción,"-32.973336, -60.644919","['Sarmiento', 'Gaboto']",2,,-32.973336,-60.644919,55.0,538.0,Municipio Rosario,Municipio,Rosario,820210,Servicio de Catastro e Información Territorial,IGN