anio_acci,nro_acci,fecha,desc_dia,fecha_aprox,hora_aprox,desc_ruta,km,cant_participantes,desc_participante,calle_avenida_km,total,heridos_leves,heridos_graves,heridos_gravisimos,ilesos,fallecidos,sin_datos,posicion_XY,desc_tipo_via,desc_ruta_ori,desc_loc,desc_dpto,desc_tipo_calzada,desc_tipo_banquina,desc_unidad_regional,desc_lugar_calzada,desc_zona,desc_prioridad,desc_estado_semaforo,desc_lugar_via,desc_estado_via,desc_estado_visibilidad,desc_luminosidad,desc_estado_clima,desc_tipo_colision,desc_tipo_atropello,desc_tipo_hecho,desc_pres_calzada,desc_senializacion,desc_separacion_via,desc_restriccion,forma_geocod,calle_lista,numero_calles,calles_osm,lat,lon,index_right,gid,fna,gna,nam,in1,fdc,sag
2018,9199,2018-09-03,Lunes,0.0,20:00:00,,0.0,2,"Automóvil,Bicicleta",Paraguay Y Garay,2,1,0,0,1,0,0,"-32.973449, -60.650876",Calle,,ROSARIO,Rosario,Asfalto,No existe,II,Dentro,Urbana,Ninguna,No existe,Recta,Bueno,Buena,"Nocturna,Con luz artificial",Buen Tiempo,S/D,S/D,Colisión,Ninguna,Faltante,Ninguna,Sin restricción,"-32.973449, -60.650876","['Paraguay', 'Garay']",2,,-32.973449,-60.650876,55.0,538.0,Municipio Rosario,Municipio,Rosario,820210,Servicio de Catastro e Información Territorial,IGN
2018,9201,2018-09-02,Domingo,0.0,17:55:00,,0.0,2,"Automóvil,Vehículo Oficial",Buenos Aires Y Mr.Ross,4,2,0,0,2,0,0,"-32.989236, -60.643224",Calle,,ROSARIO,Rosario,Asfalto,No existe,II,Dentro,Urbana,Ninguna,No existe,Recta,Bueno,Buena,Atardecer,Buen Tiempo,Lateral,S/D,Colisión,Ninguna,Faltante,Ninguna,Sin restricción,"-32.989236, -60.643224","['Buenos Aires', 'Rodrigo M. Ross']",2,,-32.989236,-60.643224,55.0,538.0,Municipio Rosario,Municipio,Rosario,820210,Servicio de Catastro e Información Territorial,IGN
2018,9204,2018-09-02,Domingo,0.0,17:40:00,,0.0,2,"Taxi/Remis,Automóvil",Sadi Carnot Y Cabildo,2,1,0,0,1,0,0,"-33.007350, -60.648551",Calle,,ROSARIO,Rosario,Asfalto,No existe,II,Dentro,Urbana,Ninguna,No existe,Intersección,Bueno,Buena,Diurna,Buen Tiempo,Lateral,S/D,Colisión,Ninguna,Faltante,Ninguna,Sin restricción,"-33.007350, -60.648551","['Sadi Carnot', 'Cabildo']",2,,-33.00735,-60.648551,55.0,538.0,Municipio Rosario,Municipio,Rosario,820210,Servicio de Catastro e Información Territorial,IGN
2018,9209,2018-09-12,Miercoles,0.0,07:30:00,,0.0,2,"Moto/Ciclomotor,Automóvil",Biedma Y Cafferata,3,2,0,0,1,0,0,"-32.975496, -60.679773",Calle,,ROSARIO,Rosario,Asfalto,No existe,II,Dentro,Urbana,Señal Pare,No existe,Recta,Bueno,Buena,Diurna,Buen Tiempo,De alcance,S/D,Colisión,Ninguna,Vertical,Ninguna,Sin restricción,"-32.975496, -60.679773","['Coronel Biedma', 'Cafferata']",2,,-32.975496,-60.679773,55.0,538.0,Municipio Rosario,Municipio,Rosario,820210,Servicio de Catastro e Información Territorial,IGN
2018,9212,2018-09-05,Miercoles,0.0,18:30:00,,0.0,2,"Moto/Ciclomotor,Pickup/Utilitario",Montecarlo Y Biarritz,2,1,0,0,1,0,0,"-33.027433, -60.684597",Calle,,ROSARIO,Rosario,Asfalto,No existe,II,Dentro,Urbana,Ninguna,No existe,Intersección,Bueno,Buena,Atardecer,Buen Tiempo,Lateral,S/D,Colisión,Ninguna,Faltante,Ninguna,Sin restricción,"-33.027433, -60.684597","['Montecarlo', 'Biarritz']",2,,-33.027433,-60.684597,55.0,538.0,Municipio Rosario,Municipio,Rosario,820210,Servicio de Catastro e Información Territorial,IGN
2018,9230,2018-11-10,Sabado,0.0,20:10:00,,0.0,1,Moto/Ciclomotor,Av. Arijon Y Av. Francia,2,2,0,0,0,0,0,"-33.003861111111,-60.677555555556",Avenida,,ROSARIO,Rosario,Asfalto,No existe,II,Dentro,Urbana,S/D,No existe,Intersección,S/D,S/D,Diurna,Viento Fuerte,S/D,S/D,Caída ocupante,S/D,S/D,Cordón divisorio,S/D,"-33.003861111111,-60.677555555556","['Avenida Manuel Arijón', 'Avenida Francia']",2,,-33.003861111111,-60.677555555556,55.0,538.0,Municipio Rosario,Municipio,Rosario,820210,Servicio de Catastro e Información Territorial,IGN
2018,9231,2018-11-02,Viernes,0.0,09:30:00,,0.0,2,"Peatón,Moto/Ciclomotor",Cordoba Y Av. Francia,3,2,0,0,1,0,0,"-32.941527777778,-60.665388888889",Calle,,ROSARIO,Rosario,S/D,S/D,II,S/D,Urbana,S/D,S/D,Intersección,S/D,S/D,Diurna,S/D,S/D,Peatón,Atropello,S/D,S/D,S/D,S/D,"-32.941527777778,-60.665388888889","['Córdoba', 'Avenida Francia']",2,,-32.941527777778,-60.665388888889,55.0,538.0,Municipio Rosario,Municipio,Rosario,820210,Servicio de Catastro e Información Territorial,IGN
2018,9232,2018-11-11,Domingo,0.0,20:10:00,,0.0,2,"Automóvil,Moto/Ciclomotor",Garibaldi Y Crespo,4,3,0,0,1,0,0,"-32.980555555556,-60.678222222222",Calle,,ROSARIO,Rosario,Asfalto,No existe,II,S/D,Urbana,S/D,S/D,Intersección,S/D,S/D,Nocturna,S/D,S/D,S/D,Colisión,S/D,S/D,S/D,S/D,"-32.980555555556,-60.678222222222","['José Garibaldi', 'Crespo']",2,,-32.980555555556,-60.678222222222,55.0,538.0,Municipio Rosario,Municipio,Rosario,820210,Servicio de Catastro e Información Territorial,IGN
2018,9236,2018-11-14,Miercoles,0.0,07:45:00,,0.0,2,"Bicicleta,Automóvil",Pte.Roca 1600,2,1,0,0,1,0,0,"-32.954888888889,-60.647555555556",Calle,,ROSARIO,Rosario,S/D,S/D,II,S/D,Urbana,S/D,S/D,Recta,S/D,S/D,Diurna,S/D,S/D,Ciclista,Atropello,S/D,S/D,S/D,S/D,"-32.954888888889,-60.647555555556",['Presidenteroca 1600'],1,,-32.954888888889,-60.647555555556,55.0,538.0,Municipio Rosario,Municipio,Rosario,820210,Servicio de Catastro e Información Territorial,IGN
2018,9237,2018-11-02,Viernes,0.0,17:55:00,,0.0,2,"Peatón,Automóvil",Bv. 27 De Febrero Y L.N.Alem,2,1,0,0,1,0,0,"-32.969277777778,-60.633611111111",Avenida,,ROSARIO,Rosario,S/D,S/D,II,S/D,Urbana,S/D,S/D,Intersección,S/D,S/D,Diurna,S/D,S/D,Peatón,Atropello,S/D,S/D,S/D,S/D,"-32.969277777778,-60.633611111111","['27 de Febrero', 'Alem']",2,,-32.969277777778,-60.633611111111,55.0,538.0,Municipio Rosario,Municipio,Rosario,820210,Servicio de Catastro e Información Territorial,IGN
2018,9238,2018-11-01,Jueves,0.0,08:10:00,,0.0,2,"Peatón,Pickup/Utilitario",Balcarce 900,2,1,0,0,1,0,0,"-32.945083333333,-60.652222222222",S/D,,ROSARIO,Rosario,S/D,S/D,II,S/D,Urbana,S/D,S/D,Recta,S/D,S/D,Diurna,S/D,S/D,Peatón,Atropello,S/D,S/D,S/D,S/D,"-32.945083333333,-60.652222222222",['Balcarce 900'],1,,-32.945083333333,-60.652222222222,55.0,538.0,Municipio Rosario,Municipio,Rosario,820210,Servicio de Catastro e Información Territorial,IGN
2018,9242,2018-11-05,Lunes,0.0,16:56:00,,0.0,2,"Peatón,Taxi/Remis",Cafferata Y Santa Fe,3,1,0,0,2,0,0,"-32.939166666667,-60.670638888889",S/D,,ROSARIO,Rosario,S/D,S/D,II,S/D,Urbana,S/D,S/D,Intersección,S/D,S/D,Diurna,S/D,S/D,Peatón,Atropello,S/D,S/D,S/D,S/D,"-32.939166666667,-60.670638888889","['Cafferata', 'Santa Fe']",2,,-32.939166666667,-60.670638888889,55.0,538.0,Municipio Rosario,Municipio,Rosario,820210,Servicio de Catastro e Información Territorial,IGN
2018,9243,2018-11-02,Viernes,0.0,14:45:00,,0.0,2,"Automóvil,Moto/Ciclomotor",Av. Pellegrini Y San Nicolas,2,1,0,0,1,0,0,"-32.951222222222,-60.675083333333",S/D,,ROSARIO,Rosario,S/D,S/D,II,S/D,S/D,S/D,S/D,Intersección,S/D,S/D,Diurna,S/D,S/D,S/D,Colisión,S/D,S/D,S/D,S/D,"-32.951222222222,-60.675083333333","['Pellegrini', 'San Nicolás']",2,,-32.951222222222,-60.675083333333,55.0,538.0,Municipio Rosario,Municipio,Rosario,820210,Servicio de Catastro e Información Territorial,IGN
2018,9244,2018-11-06,Martes,0.0,19:20:00,,0.0,2,"Automóvil,Peatón",Av. Corrientes Y Pasco,2,1,0,0,1,0,0,"-32.958833333333,-60.645666666667",S/D,,ROSARIO,Rosario,S/D,S/D,II,S/D,Urbana,Señal Pare,S/D,Intersección,S/D,S/D,"Atardecer,Con luz artificial",S/D,S/D,Peatón,Atropello,S/D,S/D,S/D,S/D,"-32.958833333333,-60.645666666667","['Corrientes', 'Pasco']",2,,-32.958833333333,-60.645666666667,55.0,538.0,Municipio Rosario,Municipio,Rosario,820210,Servicio de Catastro e Información Territorial,IGN
2018,9246,2018-11-03,Sabado,0.0,17:30:00,,0.0,2,"Moto/Ciclomotor,Automóvil",Ayacucho Y Ituzaingo,2,1,0,0,1,0,0,"-32.962722222222,-60.6305",S/D,,ROSARIO,Rosario,S/D,S/D,II,S/D,S/D,S/D,S/D,Intersección,S/D,S/D,Diurna,S/D,S/D,S/D,Colisión,S/D,S/D,S/D,S/D,"-32.962722222222,-60.6305","['Ayacucho', 'Ituzaingó']",2,,-32.962722222222,-60.6305,55.0,538.0,Municipio Rosario,Municipio,Rosario,820210,Servicio de Catastro e Información Territorial,IGN
2018,9247,2018-11-04,Domingo,0.0,00:35:00,,0.0,1,Automóvil,Av. Wheelwright Y Italia,2,1,0,0,1,0,0,"-32.934361111111,-60.645277777778",Calle,,ROSARIO,Rosario,S/D,S/D,II,S/D,Urbana,Semáforo,Funciona,Intersección,S/D,S/D,Nocturna,S/D,Contra objeto fijo,S/D,Colisión,S/D,S/D,S/D,S/D,"-32.934361111111,-60.645277777778","['Avenida Guillermo Wheelwright', 'Italia']",2,,-32.934361111111,-60.645277777778,55.0,538.0,Municipio Rosario,Municipio,Rosario,820210,Servicio de Catastro e Información Territorial,IGN
2018,9249,2018-11-04,Domingo,0.0,01:00:00,,0.0,2,"Bicicleta,Automóvil",9 De Julio Y Espa?a,3,2,0,0,1,0,0,"-32.952333333333,-60.648361111111",Calle,,ROSARIO,Rosario,S/D,S/D,II,S/D,Urbana,S/D,S/D,Intersección,S/D,S/D,Nocturna,S/D,S/D,Ciclista,Atropello,S/D,S/D,S/D,S/D,"-32.952333333333,-60.648361111111","['9 de Julio', 'España']",2,,-32.952333333333,-60.648361111111,55.0,538.0,Municipio Rosario,Municipio,Rosario,820210,Servicio de Catastro e Información Territorial,IGN
2018,9250,2018-11-01,Jueves,0.0,12:15:00,,0.0,2,"Peatón,Automóvil",San Lorenzo Y Av. Corrientes,2,1,0,0,1,0,0,"-32.943361111111,-60.641777777778",Calle,,ROSARIO,Rosario,S/D,S/D,II,S/D,Urbana,S/D,S/D,Intersección,S/D,S/D,Diurna,S/D,S/D,Peatón,Atropello,S/D,S/D,S/D,S/D,"-32.943361111111,-60.641777777778","['San Lorenzo', 'Corrientes']",2,,-32.943361111111,-60.641777777778,55.0,538.0,Municipio Rosario,Municipio,Rosario,820210,Servicio de Catastro e Información Territorial,IGN
2018,9252,2018-11-04,Domingo,0.0,21:05:00,,0.0,2,"Peatón,Otros",Entre Rios Y Cochabamba,2,1,0,0,0,0,1,"-32.957916666667,-60.643972222222",Calle,,ROSARIO,Rosario,S/D,S/D,II,S/D,Urbana,S/D,S/D,Intersección,S/D,S/D,S/D,S/D,S/D,S/D,S/D,S/D,S/D,S/D,S/D,"-32.957916666667,-60.643972222222","['Entre Ríos', 'Cochabamba']",2,,-32.957916666667,-60.643972222222,55.0,538.0,Municipio Rosario,Municipio,Rosario,820210,Servicio de Catastro e Información Territorial,IGN
2018,9253,2018-11-08,Jueves,0.0,16:00:00,,0.0,2,"Automóvil,Moto/Ciclomotor",Av. Ovidio Lagos Y GÁLVEZ,2,1,0,0,1,0,0,"-32.964611111111,-60.666944444444",S/D,,ROSARIO,Rosario,S/D,S/D,II,S/D,Urbana,S/D,S/D,Intersección,S/D,S/D,Diurna,S/D,S/D,S/D,Colisión,S/D,S/D,S/D,S/D,"-32.964611111111,-60.666944444444","['Avenida Ovidio Lagos', 'Glave']",2,,-32.964611111111,-60.666944444444,55.0,538.0,Municipio Rosario,Municipio,Rosario,820210,Servicio de Catastro e Información Territorial,IGN
2018,9259,2018-09-05,Miercoles,0.0,00:30:00,,0.0,2,"Peatón,Moto/Ciclomotor",Hollywood Y Punta Del Indio,3,3,0,0,0,0,0,"-33.030678, -60.687606",Calle,,ROSARIO,Rosario,Asfalto,No existe,II,Dentro,Urbana,Ninguna,No existe,Intersección,Bueno,Buena,Nocturna,Buen Tiempo,S/D,Peatón,Atropello,Ninguna,Faltante,Ninguna,Sin restricción,"-33.030678, -60.687606","['Hollywood', 'Punta del Indio']",2,,-33.030678,-60.687606,55.0,538.0,Municipio Rosario,Municipio,Rosario,820210,Servicio de Catastro e Información Territorial,IGN
2018,9262,2018-09-06,Jueves,0.0,12:00:00,,0.0,2,"Moto/Ciclomotor,Pickup/Utilitario",Av. Battle y Ordo?ez Y Espa?a,2,1,0,0,1,0,0,"-33.009076, -60.657293",Avenida,,ROSARIO,Rosario,Asfalto,No existe,II,Dentro,Urbana,Semáforo,Funciona,Recta,Bueno,Buena,Diurna,Buen Tiempo,Lateral,S/D,Colisión,Ninguna,"Horizontal,Vertical","Cordón divisorio,Línea divisoria pintada",Sin restricción,"-33.009076, -60.657293","['Avenida Battle y Ordoñez', 'España']",2,,-33.009076,-60.657293,55.0,538.0,Municipio Rosario,Municipio,Rosario,820210,Servicio de Catastro e Información Territorial,IGN
2018,9264,2018-09-15,Sabado,0.0,14:30:00,,0.0,2,"Pickup/Utilitario,Otros",R.de Pineda Y Patricios,2,0,1,0,1,0,0,"-33.010955, -60.649423",Calle,,ROSARIO,Rosario,Asfalto,No existe,II,Dentro,Urbana,Ninguna,No existe,Recta,Bueno,Buena,Diurna,Buen Tiempo,De alcance,S/D,Colisión,Ninguna,Faltante,Ninguna,Sin restricción,"-33.010955, -60.649423","['De Pineda', 'Patricios']",2,,-33.010955,-60.649423,55.0,538.0,Municipio Rosario,Municipio,Rosario,820210,Servicio de Catastro e Información Territorial,IGN
2018,9265,2018-09-15,Sabado,0.0,17:40:00,,0.0,4,"Peatón,Peatón,Peatón,Moto/Ciclomotor",Av. Battle y Ordo?ez Y Espa?a,4,1,0,0,3,0,0,"-33.009154, -60.657284",Avenida,,ROSARIO,Rosario,Asfalto,No existe,II,Dentro,Urbana,Semáforo,Funciona,Recta,Bueno,Buena,Atardecer,Buen Tiempo,S/D,Peatón,Atropello,Ninguna,"Horizontal,Vertical","Cordón divisorio,Línea divisoria pintada",Sin restricción,"-33.009154, -60.657284","['Avenida Battle y Ordoñez', 'España']",2,,-33.009154,-60.657284,55.0,538.0,Municipio Rosario,Municipio,Rosario,820210,Servicio de Catastro e Información Territorial,IGN
2018,9267,2018-09-05,Miercoles,0.0,13:00:00,,0.0,1,Moto/Ciclomotor,Bv. Avellaneda 4460,2,1,0,0,1,0,0,"-32.982850, -60.688605",Avenida,,ROSARIO,Rosario,Asfalto,No existe,II,Dentro,Urbana,Marca Vial,No existe,Recta,Bueno,Buena,Diurna,Buen Tiempo,Contra objeto fijo,S/D,Colisión,Ninguna,"Horizontal,Vertical",Cordón divisorio,Sin restricción,"-32.982850, -60.688605",['Avellaneda 4460'],1,,-32.98285,-60.688605,55.0,538.0,Municipio Rosario,Municipio,Rosario,820210,Servicio de Catastro e Información Territorial,IGN
2018,9268,2018-09-27,Jueves,0.0,12:10:00,,0.0,2,"Automóvil,Moto/Ciclomotor",Bv. Avellaneda Y Av. Uriburu,2,1,0,0,1,0,0,"-32.991979, -60.688886",Avenida,,ROSARIO,Rosario,Asfalto,No existe,II,Dentro,Urbana,Semáforo,Funciona,Intersección,Bueno,Buena,Diurna,Buen Tiempo,De alcance,S/D,Colisión,Ninguna,"Horizontal,Vertical",Cordón divisorio,Sin restricción,"-32.991979, -60.688886","['Avellaneda', 'Uriburu']",2,,-32.991979,-60.688886,55.0,538.0,Municipio Rosario,Municipio,Rosario,820210,Servicio de Catastro e Información Territorial,IGN
2018,9271,2018-09-26,Miercoles,0.0,18:25:00,,0.0,2,"Moto/Ciclomotor,Automóvil",Av. Uriburu 2900,2,1,0,0,1,0,0,"-32.991624, -60.675596",Avenida,,ROSARIO,Rosario,Asfalto,No existe,II,Dentro,Urbana,Ninguna,No existe,Recta,Bueno,Buena,Diurna,Buen Tiempo,S/D,S/D,Colisión,Ninguna,Faltante,Cordón divisorio,Sin restricción,"-32.991624, -60.675596",['Uriburu 2900'],1,,-32.991624,-60.675596,55.0,538.0,Municipio Rosario,Municipio,Rosario,820210,Servicio de Catastro e Información Territorial,IGN
2018,9273,2018-09-26,Miercoles,0.0,10:20:00,,0.0,2,"Automóvil,Moto/Ciclomotor",Bv. Oro?o Y Ombu,2,1,0,0,1,0,0,"-33.006459, -60.664749",Avenida,,ROSARIO,Rosario,Asfalto,No existe,II,Dentro,Urbana,Semáforo,Funciona,Recta,Bueno,Buena,Diurna,Buen Tiempo,S/D,S/D,Colisión,Ninguna,"Horizontal,Vertical","Cordón divisorio,Vegetación,Línea divisoria pintada",Sin restricción,"-33.006459, -60.664749","['Bulevar Nicasio Oroño', 'Ombú']",2,,-33.006459,-60.664749,55.0,538.0,Municipio Rosario,Municipio,Rosario,820210,Servicio de Catastro e Información Territorial,IGN
2018,9275,2018-09-23,Domingo,0.0,12:50:00,,0.0,2,"Automóvil,Moto/Ciclomotor",Arengreen Y Ombu,3,1,0,0,2,0,0,"-33.006747, -60.674704",Calle,,ROSARIO,Rosario,Asfalto,No existe,II,Dentro,Urbana,Ninguna,No existe,Intersección,Bueno,Buena,Diurna,Buen Tiempo,Lateral,S/D,Colisión,Ninguna,Faltante,Ninguna,Sin restricción,"-33.006747, -60.674704","['Arengreen', 'Ombú']",2,,-33.006747,-60.674704,55.0,538.0,Municipio Rosario,Municipio,Rosario,820210,Servicio de Catastro e Información Territorial,IGN
2018,9277,2018-09-23,Domingo,0.0,14:10:00,,0.0,2,"Moto/Ciclomotor,Automóvil",Av. Battle y Ordo?ez Y Bv. Oro?o,3,2,0,0,1,0,0,"-33.009308, -60.664898",Avenida,,ROSARIO,Rosario,Asfalto,No existe,II,Dentro,Urbana,Semáforo,No existe,Rotonda,Bueno,Buena,Diurna,Buen Tiempo,Lateral,S/D,Colisión,Ninguna,"Horizontal,Vertical","Cordón divisorio,Vegetación,Línea divisoria pintada",Sin restricción,"-33.009308, -60.664898","['Avenida Battle y Ordoñez', 'Bulevar Nicasio Oroño']",2,,-33.009308,-60.664898,55.0,538.0,Municipio Rosario,Municipio,Rosario,820210,Servicio de Catastro e Información Territorial,IGN
2018,9281,2018-09-22,Sabado,0.0,17:20:00,,0.0,2,"Peatón,Moto/Ciclomotor",Iriondo Y Biedma,2,0,1,0,1,0,0,"-32.975745, -60.678405",Calle,,ROSARIO,Rosario,Asfalto,No existe,II,Dentro,Urbana,Ninguna,No existe,Intersección,Bueno,Buena,Diurna,Buen Tiempo,S/D,Peatón,Atropello,Ninguna,Faltante,Ninguna,Sin restricción,"-32.975745, -60.678405","['Iriondo', 'Coronel Biedma']",2,,-32.975745,-60.678405,55.0,538.0,Municipio Rosario,Municipio,Rosario,820210,Servicio de Catastro e Información Territorial,IGN
2018,9284,2018-09-21,Viernes,0.0,08:00:00,,0.0,2,"Moto/Ciclomotor,Automóvil",Av. Uriburu Y Ricchieri,2,1,0,0,1,0,0,"-32.991518, -60.675278",Avenida,,ROSARIO,Rosario,Asfalto,No existe,II,Dentro,Urbana,Ninguna,No existe,Intersección,S/D,Buena,Diurna,Buen Tiempo,S/D,S/D,Colisión,Ninguna,Faltante,Cordón divisorio,Sin restricción,"-32.991518, -60.675278","['Uriburu', 'Ricchieri']",2,,-32.991518,-60.675278,55.0,538.0,Municipio Rosario,Municipio,Rosario,820210,Servicio de Catastro e Información Territorial,IGN
2018,9287,2018-09-17,Lunes,0.0,11:15:00,,0.0,2,"Moto/Ciclomotor,Peatón",Av. Francia Y Bv. Segui,2,2,0,0,0,0,0,"-32.974130, -60.673685",Avenida,,ROSARIO,Rosario,Asfalto,No existe,II,Dentro,Urbana,Semáforo,Funciona,Recta,Bueno,Buena,Diurna,Buen Tiempo,S/D,Peatón,Atropello,Ninguna,"Horizontal,Vertical","Cordón divisorio,Vegetación,Línea divisoria pintada",Sin restricción,"-32.974130, -60.673685","['Avenida Francia', 'Bulevar Juan Francisco Seguí']",2,,-32.97413,-60.673685,55.0,538.0,Municipio Rosario,Municipio,Rosario,820210,Servicio de Catastro e Información Territorial,IGN
2018,9289,2018-09-18,Martes,0.0,17:10:00,,0.0,2,"Moto/Ciclomotor,Peatón",Flor De Nacar Y Pje. Violeta,2,1,0,0,1,0,0,"-33.019846, -60.659880",Calle,,ROSARIO,Rosario,Asfalto,No existe,II,Dentro,Urbana,Ninguna,No existe,Recta,Bueno,Buena,Diurna,Buen Tiempo,S/D,Peatón,Atropello,Ninguna,Faltante,Ninguna,Sin restricción,"-33.019846, -60.659880","['Flor de Nacar', 'Violeta']",2,,-33.019846,-60.65988,55.0,538.0,Municipio Rosario,Municipio,Rosario,820210,Servicio de Catastro e Información Territorial,IGN
2018,9290,2018-09-19,Miercoles,0.0,09:20:00,,0.0,2,"Automóvil,Moto/Ciclomotor",24 De Setiembre Y Ricchieri,3,0,2,0,1,0,0,"-32.975807, -60.671305",Calle,,ROSARIO,Rosario,Asfalto,No existe,II,Dentro,Urbana,Ninguna,No existe,Intersección,Bueno,Buena,Diurna,Buen Tiempo,S/D,S/D,Colisión,Ninguna,Faltante,Ninguna,Sin restricción,"-32.975807, -60.671305","['24 de Septiembre', 'Ricchieri']",2,,-32.975807,-60.671305,55.0,538.0,Municipio Rosario,Municipio,Rosario,820210,Servicio de Catastro e Información Territorial,IGN
2018,9292,2018-09-11,Martes,0.0,09:20:00,,0.0,2,"Moto/Ciclomotor,Automóvil",Uruguay Y Av. Ovidio Lagos,2,1,1,0,0,0,0,"-32.972621, -60.668875",Avenida,,ROSARIO,Rosario,Asfalto,No existe,II,Dentro,Urbana,Paso Peatonal,No existe,Intersección,Bueno,Buena,Diurna,Buen Tiempo,S/D,S/D,Colisión,Ninguna,"Horizontal,Vertical","Cordón divisorio,Línea divisoria pintada",Sin restricción,"-32.972621, -60.668875","['Uruguay', 'Avenida Ovidio Lagos']",2,,-32.972621,-60.668875,55.0,538.0,Municipio Rosario,Municipio,Rosario,820210,Servicio de Catastro e Información Territorial,IGN
2018,9300,2018-11-07,Miercoles,0.0,19:00:00,,0.0,2,"Moto/Ciclomotor,Automóvil",Montevideo Y Laprida,2,1,0,0,0,0,1,"-32.956833333333,-60.636666666667",S/D,,ROSARIO,Rosario,S/D,S/D,II,S/D,Urbana,S/D,S/D,Intersección,S/D,S/D,Atardecer,S/D,S/D,S/D,Colisión,S/D,S/D,S/D,S/D,"-32.956833333333,-60.636666666667","['Montevideo', 'Laprida']",2,,-32.956833333333,-60.636666666667,55.0,538.0,Municipio Rosario,Municipio,Rosario,820210,Servicio de Catastro e Información Territorial,IGN
2018,9301,2018-11-14,Miercoles,0.0,16:45:00,,0.0,2,"Automóvil,Moto/Ciclomotor",Av. Genova 9400,2,1,0,0,1,0,0,"-32.91757,-60.77160",Calle,,ROSARIO,Rosario,Asfalto,S/D,II,S/D,Urbana,S/D,S/D,Intersección,S/D,S/D,S/D,S/D,S/D,S/D,Colisión,S/D,S/D,S/D,S/D,"-32.91757,-60.77160",['Genova 9400'],1,,-32.91757,-60.7716,55.0,538.0,Municipio Rosario,Municipio,Rosario,820210,Servicio de Catastro e Información Territorial,IGN
2018,9303,2018-11-13,Martes,0.0,18:30:00,,0.0,2,"Moto/Ciclomotor,Automóvil",Bolivia Y J.B.Justo,2,1,0,0,1,0,0,"-32.914972222222,-60.71575",Calle,,ROSARIO,Rosario,Asfalto,No existe,II,Dentro,Urbana,Ninguna,No existe,Intersección,Bueno,Buena,Atardecer,Buen Tiempo,Otro,S/D,Colisión,Ninguna,Faltante,Ninguna,Sin restricción,"-32.914972222222,-60.71575","['Bolivia', 'Justo']",2,,-32.914972222222,-60.71575,55.0,538.0,Municipio Rosario,Municipio,Rosario,820210,Servicio de Catastro e Información Territorial,IGN
2018,9306,2018-11-15,Jueves,0.0,14:00:00,,0.0,2,"Moto/Ciclomotor,Automóvil",French Y Bolivia Bis,2,1,0,0,1,0,0,"-32.921833333333,-60.714638888889",Calle,,ROSARIO,Rosario,Asfalto,No existe,II,S/D,Urbana,Ninguna,No existe,Intersección,Bueno,Buena,Diurna,Buen Tiempo,Lateral,S/D,Colisión,Ninguna,Faltante,Ninguna,Sin restricción,"-32.921833333333,-60.714638888889","['French', 'Bolivia']",2,,-32.921833333333,-60.714638888889,55.0,538.0,Municipio Rosario,Municipio,Rosario,820210,Servicio de Catastro e Información Territorial,IGN
2018,9307,2018-11-03,Sabado,0.0,23:05:00,,0.0,2,"Pickup/Utilitario,Moto/Ciclomotor",Bv. 27 De Febrero Y Ayacucho,3,3,0,0,0,0,0,"-32.969527777778,-60.632194444444",S/D,,ROSARIO,Rosario,S/D,S/D,II,S/D,Urbana,S/D,S/D,Intersección,S/D,S/D,Nocturna,S/D,S/D,S/D,Colisión,S/D,S/D,S/D,S/D,"-32.969527777778,-60.632194444444","['27 de Febrero', 'Ayacucho']",2,,-32.969527777778,-60.632194444444,55.0,538.0,Municipio Rosario,Municipio,Rosario,820210,Servicio de Catastro e Información Territorial,IGN
2018,9309,2018-11-10,Sabado,0.0,02:00:00,,0.0,2,"Moto/Ciclomotor,Automóvil",J.B.Justo Y Olavarria Bis,2,0,1,0,1,0,0,"-32.914666666667,-60.704611111111",Calle,,ROSARIO,Rosario,Asfalto,No existe,II,S/D,Urbana,Ninguna,No existe,Intersección,Bueno,Buena,Con luz artificial,Buen Tiempo,Otro,S/D,Colisión,Ninguna,Faltante,Ninguna,Sin restricción,"-32.914666666667,-60.704611111111","['Justo', 'Olavarría']",2,,-32.914666666667,-60.704611111111,55.0,538.0,Municipio Rosario,Municipio,Rosario,820210,Servicio de Catastro e Información Territorial,IGN
2018,9312,2018-11-07,Miercoles,0.0,12:00:00,,0.0,2,"Peatón,Automóvil",Alvear Y San Luis,2,1,0,0,1,0,0,"-32.946083333333,-60.655305555556",S/D,,ROSARIO,Rosario,S/D,S/D,II,S/D,Urbana,S/D,S/D,Intersección,S/D,S/D,Diurna,S/D,S/D,Peatón,Atropello,S/D,S/D,S/D,S/D,"-32.946083333333,-60.655305555556","['Alvear', 'San Luis']",2,,-32.946083333333,-60.655305555556,55.0,538.0,Municipio Rosario,Municipio,Rosario,820210,Servicio de Catastro e Información Territorial,IGN