anio_acci,nro_acci,fecha,desc_dia,fecha_aprox,hora_aprox,desc_ruta,km,cant_participantes,desc_participante,calle_avenida_km,total,heridos_leves,heridos_graves,heridos_gravisimos,ilesos,fallecidos,sin_datos,posicion_XY,desc_tipo_via,desc_ruta_ori,desc_loc,desc_dpto,desc_tipo_calzada,desc_tipo_banquina,desc_unidad_regional,desc_lugar_calzada,desc_zona,desc_prioridad,desc_estado_semaforo,desc_lugar_via,desc_estado_via,desc_estado_visibilidad,desc_luminosidad,desc_estado_clima,desc_tipo_colision,desc_tipo_atropello,desc_tipo_hecho,desc_pres_calzada,desc_senializacion,desc_separacion_via,desc_restriccion,forma_geocod,calle_lista,numero_calles,calles_osm,lat,lon,index_right,gid,fna,gna,nam,in1,fdc,sag
2018,9313,2018-11-12,Lunes,0.0,13:15:00,,0.0,2,"Automóvil,Moto/Ciclomotor",Benegas Y Sanchez de Loria,2,1,0,0,1,0,0,"-32.930916666667,-60.732055555556",Calle,,ROSARIO,Rosario,Asfalto,No existe,II,Dentro,Urbana,Ninguna,S/D,Intersección,Bueno,Buena,Diurna,Buen Tiempo,Lateral,S/D,Colisión,Ninguna,S/D,Ninguna,Sin restricción,"-32.930916666667,-60.732055555556","['Benegas', 'Sánchez de Loria']",2,,-32.930916666667,-60.732055555556,55.0,538.0,Municipio Rosario,Municipio,Rosario,820210,Servicio de Catastro e Información Territorial,IGN
2018,9314,2018-11-07,Miercoles,0.0,14:40:00,,0.0,2,"Pickup/Utilitario,Moto/Ciclomotor",Sgto Cabral Y Av. Belgrano,2,1,0,0,1,0,0,"-32.943083333333,-60.634305555556",S/D,,ROSARIO,Rosario,S/D,S/D,II,S/D,Urbana,S/D,S/D,S/D,S/D,S/D,S/D,S/D,S/D,S/D,S/D,S/D,S/D,S/D,S/D,"-32.943083333333,-60.634305555556","['Sargento Cabral', 'Belgrano']",2,,-32.943083333333,-60.634305555556,55.0,538.0,Municipio Rosario,Municipio,Rosario,820210,Servicio de Catastro e Información Territorial,IGN
2018,9319,2018-11-09,Viernes,0.0,23:55:00,,0.0,2,"Bicicleta,Automóvil",La Republica Y Bv. Wilde,2,1,0,0,1,0,0,"-32.919305555556,-60.739277777778",Calle,,ROSARIO,Rosario,Asfalto,No existe,II,S/D,Urbana,Ninguna,S/D,Intersección,Bueno,Buena,Nocturna,Buen Tiempo,S/D,Ciclista,Atropello,Ninguna,S/D,Ninguna,Sin restricción,"-32.919305555556,-60.739277777778","['La República', 'Bulevar Wilde']",2,,-32.919305555556,-60.739277777778,55.0,538.0,Municipio Rosario,Municipio,Rosario,820210,Servicio de Catastro e Información Territorial,IGN
2018,9320,2018-10-04,Jueves,0.0,,,0.0,3,"Automóvil,Automóvil,Automóvil",Av. Provincias Unidas Y Viamonte,3,1,0,0,2,0,0,"-32.956861111111,-60.711888888889",Calle,,ROSARIO,Rosario,S/D,S/D,II,S/D,Urbana,S/D,S/D,Intersección,S/D,S/D,S/D,S/D,Múltiple,S/D,Colisión,S/D,S/D,S/D,S/D,"-32.956861111111,-60.711888888889","['Avenida Provincias Unidas', 'Viamonte']",2,,-32.956861111111,-60.711888888889,55.0,538.0,Municipio Rosario,Municipio,Rosario,820210,Servicio de Catastro e Información Territorial,IGN
2018,9321,2018-11-07,Miercoles,0.0,20:00:00,,0.0,2,"Automóvil,Moto/Ciclomotor",Valparaiso Y Montevideo,3,1,0,0,2,0,0,"-32.948305555556,-60.684333333333",S/D,,ROSARIO,Rosario,S/D,S/D,II,S/D,Urbana,S/D,S/D,Intersección,S/D,S/D,Nocturna,S/D,S/D,S/D,Colisión,S/D,S/D,S/D,S/D,"-32.948305555556,-60.684333333333","['Valparaíso', 'Montevideo']",2,,-32.948305555556,-60.684333333333,55.0,538.0,Municipio Rosario,Municipio,Rosario,820210,Servicio de Catastro e Información Territorial,IGN
2018,9325,2018-10-04,Jueves,0.0,13:00:00,,0.0,2,"Automóvil,Pickup/Utilitario",Ituzaingo Y San Nicolas,3,1,0,0,2,0,0,"-32.954583333333,-60.675944444444",Calle,,ROSARIO,Rosario,S/D,S/D,II,S/D,Urbana,S/D,S/D,Intersección,S/D,S/D,Diurna,S/D,S/D,S/D,Colisión,S/D,S/D,S/D,S/D,"-32.954583333333,-60.675944444444","['Ituzaingó', 'San Nicolás']",2,,-32.954583333333,-60.675944444444,55.0,538.0,Municipio Rosario,Municipio,Rosario,820210,Servicio de Catastro e Información Territorial,IGN
2018,9326,2018-11-06,Martes,0.0,07:05:00,,0.0,2,"Moto/Ciclomotor,Automóvil",Pasco Y Mitre,2,1,0,0,0,0,1,"-32.959305555556,-60.642861111111",S/D,,ROSARIO,Rosario,S/D,S/D,II,S/D,Urbana,S/D,S/D,Intersección,S/D,S/D,S/D,S/D,S/D,S/D,S/D,S/D,S/D,S/D,S/D,"-32.959305555556,-60.642861111111","['Pasco', 'Mitre']",2,,-32.959305555556,-60.642861111111,55.0,538.0,Municipio Rosario,Municipio,Rosario,820210,Servicio de Catastro e Información Territorial,IGN
2018,9328,2018-11-06,Martes,0.0,14:50:00,,0.0,2,"Ambulancia,Pickup/Utilitario",Montevideo Y Santiago,4,4,0,0,0,0,0,"-32.952944444444,-60.658472222222",S/D,,ROSARIO,Rosario,S/D,S/D,II,S/D,Urbana,S/D,S/D,Intersección,S/D,S/D,Diurna,S/D,S/D,S/D,Colisión,S/D,S/D,S/D,S/D,"-32.952944444444,-60.658472222222","['Montevideo', 'Santiago']",2,,-32.952944444444,-60.658472222222,55.0,538.0,Municipio Rosario,Municipio,Rosario,820210,Servicio de Catastro e Información Territorial,IGN
2018,9335,2018-10-05,Viernes,0.0,05:00:00,,0.0,2,"Moto/Ciclomotor,Automóvil",Av. Ntra.Sra.del Rosario ,2,1,0,0,1,0,0,"-32.99978, -60.65079",Calle,,ROSARIO,Rosario,S/D,S/D,II,S/D,Urbana,S/D,S/D,Intersección,S/D,S/D,Amanecer,S/D,S/D,S/D,Colisión,S/D,S/D,S/D,S/D,"-32.99978, -60.65079",['Nuestra Señora del Rosario'],1,,-32.99978,-60.65079,55.0,538.0,Municipio Rosario,Municipio,Rosario,820210,Servicio de Catastro e Información Territorial,IGN
2018,9346,2018-09-19,Miercoles,0.0,12:40:00,,0.0,2,"Automóvil,Moto/Ciclomotor",Santiago Y Av. Arijon,3,0,2,0,1,0,0,"-33.003608, -60.667669",Calle,,ROSARIO,Rosario,Asfalto,No existe,II,Dentro,Urbana,Ninguna,No existe,Intersección,Bueno,Buena,Diurna,Buen Tiempo,S/D,S/D,Colisión,Ninguna,Faltante,Ninguna,Sin restricción,"-33.003608, -60.667669","['Santiago', 'Avenida Manuel Arijón']",2,,-33.003608,-60.667669,55.0,538.0,Municipio Rosario,Municipio,Rosario,820210,Servicio de Catastro e Información Territorial,IGN
2018,9347,2018-09-14,Viernes,0.0,20:40:00,,0.0,2,"Moto/Ciclomotor,Automóvil",Av. Francia Y Pte.Quintana,3,2,0,0,0,0,1,"-32.977630, -60.674576",Avenida,,ROSARIO,Rosario,Asfalto,No existe,II,Dentro,Urbana,Ninguna,No existe,Intersección,Bueno,Buena,Nocturna,Buen Tiempo,S/D,S/D,Colisión,Ninguna,Faltante,"Cordón divisorio,Vegetación",Sin restricción,"-32.977630, -60.674576","['Avenida Francia', 'Quintana']",2,,-32.97763,-60.674576,55.0,538.0,Municipio Rosario,Municipio,Rosario,820210,Servicio de Catastro e Información Territorial,IGN
2018,9348,2018-09-16,Domingo,0.0,12:00:00,,0.0,2,"Automóvil,Automóvil",Callao Y Ombu,3,1,0,0,2,0,0,"-33.006646, -60.671167",Calle,,ROSARIO,Rosario,Asfalto,No existe,II,Dentro,Urbana,Ninguna,No existe,Intersección,Bueno,Buena,Diurna,Buen Tiempo,S/D,S/D,Colisión,Ninguna,Horizontal,Ninguna,Sin restricción,"-33.006646, -60.671167","['Callao', 'Ombú']",2,,-33.006646,-60.671167,55.0,538.0,Municipio Rosario,Municipio,Rosario,820210,Servicio de Catastro e Información Territorial,IGN
2018,9349,2018-09-10,Lunes,0.0,21:10:00,,0.0,2,"Peatón,Automóvil",Bv. Avellaneda 4460,2,0,1,0,1,0,0,"-32.982706, -60.688603",Avenida,,ROSARIO,Rosario,Asfalto,No existe,II,Dentro,Urbana,Otra Señal,No existe,Recta,Bueno,Buena,"Nocturna,Con luz artificial",Buen Tiempo,S/D,Peatón,Atropello,Ninguna,"Horizontal,Vertical",Cordón divisorio,Sin restricción,"-32.982706, -60.688603",['Avellaneda 4460'],1,,-32.982706,-60.688603,55.0,538.0,Municipio Rosario,Municipio,Rosario,820210,Servicio de Catastro e Información Territorial,IGN
2018,9352,2018-09-09,Domingo,0.0,08:10:00,,0.0,2,"Vehículo Oficial,Automóvil",Lamadrid Y Alvear,7,2,0,0,5,0,0,"-32.997663, -60.666475",Calle,,ROSARIO,Rosario,Asfalto,No existe,II,Dentro,Urbana,Ninguna,No existe,Intersección,Bueno,Buena,Diurna,Buen Tiempo,S/D,S/D,Colisión,Ninguna,Faltante,Ninguna,Sin restricción,"-32.997663, -60.666475","['Lamadrid', 'Alvear']",2,,-32.997663,-60.666475,55.0,538.0,Municipio Rosario,Municipio,Rosario,820210,Servicio de Catastro e Información Territorial,IGN
2018,9355,2018-09-07,Viernes,0.0,08:00:00,,0.0,2,"Taxi/Remis,Moto/Ciclomotor",Crespo Y Av. Ntra.Sra.del Rosario,2,1,0,0,1,0,0,"-33.001043, -60.680627",Avenida,,ROSARIO,Rosario,Asfalto,No existe,II,Dentro,Urbana,Ninguna,No existe,Intersección,Bueno,Buena,Diurna,Buen Tiempo,S/D,S/D,Colisión,Ninguna,Faltante,Ninguna,Sin restricción,"-33.001043, -60.680627","['Crespo', 'Nuestra Señora del Rosario']",2,,-33.001043,-60.680627,55.0,538.0,Municipio Rosario,Municipio,Rosario,820210,Servicio de Catastro e Información Territorial,IGN
2018,9356,2018-09-07,Viernes,0.0,16:55:00,,0.0,2,"Peatón,Automóvil",Centeno Y San Nicolas,3,1,0,0,2,0,0,"-32.978703, -60.682005",Calle,,ROSARIO,Rosario,Asfalto,No existe,II,Dentro,Urbana,Ninguna,No existe,Intersección,Bueno,Buena,Diurna,Buen Tiempo,S/D,Peatón,Atropello,Ninguna,Faltante,Ninguna,Sin restricción,"-32.978703, -60.682005","['Centeno', 'San Nicolás']",2,,-32.978703,-60.682005,55.0,538.0,Municipio Rosario,Municipio,Rosario,820210,Servicio de Catastro e Información Territorial,IGN
2018,9357,2018-09-08,Sabado,0.0,00:25:00,,0.0,2,"Moto/Ciclomotor,Automóvil",Av. Francia Y Biedma,2,1,0,0,0,0,1,"-32.976485, -60.674281",Avenida,,ROSARIO,Rosario,Asfalto,No existe,II,Dentro,Urbana,Ninguna,No existe,Intersección,Bueno,Buena,"Nocturna,Con luz artificial",Buen Tiempo,S/D,S/D,Colisión,Ninguna,Faltante,Ninguna,Sin restricción,"-32.976485, -60.674281","['Avenida Francia', 'Coronel Biedma']",2,,-32.976485,-60.674281,55.0,538.0,Municipio Rosario,Municipio,Rosario,820210,Servicio de Catastro e Información Territorial,IGN
2018,9359,2018-09-05,Miercoles,0.0,19:35:00,,0.0,2,"Automóvil,Moto/Ciclomotor",Santiago Y Olegario V.Andrade,2,1,0,0,1,0,0,"-32.996483, -60.667961",Calle,,ROSARIO,Rosario,Asfalto,No existe,II,Dentro,Urbana,Ninguna,No existe,Intersección,Bueno,Buena,"Nocturna,Con luz artificial",Buen Tiempo,Lateral,S/D,Colisión,Ninguna,Faltante,Ninguna,Sin restricción,"-32.996483, -60.667961","['Santiago', 'Olegario V Andrade']",2,,-32.996483,-60.667961,55.0,538.0,Municipio Rosario,Municipio,Rosario,820210,Servicio de Catastro e Información Territorial,IGN
2018,9361,2018-09-05,Miercoles,0.0,14:45:00,,0.0,1,Moto/Ciclomotor,Espa?a Y Prevision y Hogar,1,1,0,0,0,0,0,"-33.016955, -60.656765",Calle,,ROSARIO,Rosario,Asfalto,No existe,II,Dentro,Urbana,Ninguna,No existe,Intersección,Deteriorada,Buena,Diurna,Buen Tiempo,S/D,S/D,Caída ocupante,Ninguna,Faltante,Ninguna,Sin restricción,"-33.016955, -60.656765","['España', '5 de Agosto']",2,,-33.016955,-60.656765,55.0,538.0,Municipio Rosario,Municipio,Rosario,820210,Servicio de Catastro e Información Territorial,IGN
2018,9367,2018-11-16,Viernes,0.0,15:35:00,,0.0,2,"Automóvil,Automóvil",Mitre Y Mr.Ross,3,1,0,0,2,0,0,"-32.988,-60.650083333333",Calle,,ROSARIO,Rosario,Asfalto,No existe,II,S/D,Urbana,Ninguna,No existe,Intersección,Bueno,Buena,S/D,Buen Tiempo,Lateral,S/D,Colisión,Ninguna,Faltante,Ninguna,Sin restricción,"-32.988,-60.650083333333","['Mitre', 'Rodrigo M. Ross']",2,,-32.988,-60.650083333333,55.0,538.0,Municipio Rosario,Municipio,Rosario,820210,Servicio de Catastro e Información Territorial,IGN
2018,9373,2018-11-14,Miercoles,0.0,18:50:00,,0.0,2,"Automóvil,Moto/Ciclomotor",Salva Y Rui Barbosa,3,2,0,0,1,0,0,"-33.006055555556,-60.640055555556",Calle,,ROSARIO,Rosario,Asfalto,No existe,II,Dentro,Urbana,Ninguna,No existe,Intersección,Bueno,Buena,Diurna,Buen Tiempo,Lateral,S/D,Colisión,Ninguna,Faltante,Ninguna,Sin restricción,"-33.006055555556,-60.640055555556","['Salva', 'Rui Barbosa']",2,,-33.006055555556,-60.640055555556,55.0,538.0,Municipio Rosario,Municipio,Rosario,820210,Servicio de Catastro e Información Territorial,IGN
2018,9376,2018-11-14,Miercoles,0.0,16:55:00,,0.0,2,"Moto/Ciclomotor,Automóvil",Ameghino Y Laprida,2,1,0,0,1,0,0,"-32.987805555556,-60.6445",Calle,,ROSARIO,Rosario,Asfalto,No existe,II,Dentro,Urbana,Ninguna,No existe,Intersección,Bueno,Buena,Diurna,Buen Tiempo,Lateral,S/D,Colisión,Ninguna,Faltante,Ninguna,Sin restricción,"-32.987805555556,-60.6445","['Ameghino', 'Laprida']",2,,-32.987805555556,-60.6445,55.0,538.0,Municipio Rosario,Municipio,Rosario,820210,Servicio de Catastro e Información Territorial,IGN
2018,9377,2018-11-02,Viernes,0.0,19:10:00,,0.0,2,"Moto/Ciclomotor,Automóvil",Av. Illia Y Sarmiento,2,1,0,0,1,0,0,"-32.93986, -60.63652",S/D,,ROSARIO,Rosario,S/D,S/D,II,S/D,Urbana,S/D,S/D,Intersección,S/D,S/D,Atardecer,S/D,S/D,S/D,Colisión,S/D,S/D,S/D,S/D,"-32.93986, -60.63652","['Illia', 'Sarmiento']",2,,-32.93986,-60.63652,55.0,538.0,Municipio Rosario,Municipio,Rosario,820210,Servicio de Catastro e Información Territorial,IGN
2018,9378,2018-11-28,Miercoles,0.0,22:00:00,,0.0,2,"Moto/Ciclomotor,Automóvil",Ayacucho Y Av. Battle y Ordo?ez,3,2,0,0,1,0,0,"-33.008472222222,-60.635777777778",Calle,,ROSARIO,Rosario,Asfalto,No existe,II,S/D,Urbana,Ninguna,Funciona,Recta,Bueno,Buena,Diurna,Buen Tiempo,Lateral,S/D,Colisión,Ninguna,Vertical,Ninguna,Sin restricción,"-33.008472222222,-60.635777777778","['Ayacucho', 'Avenida Battle y Ordoñez']",2,,-33.008472222222,-60.635777777778,55.0,538.0,Municipio Rosario,Municipio,Rosario,820210,Servicio de Catastro e Información Territorial,IGN
2018,9380,2018-11-10,Sabado,0.0,02:30:00,,0.0,2,"Automóvil,Bicicleta",Centenario ,3,2,0,0,1,0,0,"-33.00411, -60.64247",Calle,,ROSARIO,Rosario,Asfalto,No existe,II,S/D,Urbana,Ninguna,No existe,Intersección,Bueno,Buena,Nocturna,Buen Tiempo,S/D,Ciclista,Atropello,Ninguna,Faltante,Ninguna,Sin restricción,"-33.00411, -60.64247",['Centenario'],1,,-33.00411,-60.64247,55.0,538.0,Municipio Rosario,Municipio,Rosario,820210,Servicio de Catastro e Información Territorial,IGN
2018,9384,2018-11-10,Sabado,0.0,08:15:00,,0.0,2,"Bicicleta,Automóvil",San Martin ,2,1,0,0,1,0,0,"-32.9929, -60.64711",Calle,,ROSARIO,Rosario,Asfalto,No existe,II,S/D,Urbana,Ninguna,No existe,Intersección,Bueno,Buena,Diurna,Buen Tiempo,S/D,Ciclista,Atropello,Ninguna,Faltante,Ninguna,Sin restricción,"-32.9929, -60.64711",['San Martin'],1,,-32.9929,-60.64711,55.0,538.0,Municipio Rosario,Municipio,Rosario,820210,Servicio de Catastro e Información Territorial,IGN
2018,9385,2018-11-12,Lunes,0.0,01:40:00,,0.0,2,"Bicicleta,Automóvil",Mu?oz Y Pje. Conscripto Bernardi,2,1,0,0,1,0,0,"-33.00825,-60.64575",Calle,,ROSARIO,Rosario,Asfalto,No existe,II,Dentro,Urbana,Ninguna,No existe,Intersección,Resbaladiza,Buena,Nocturna,Lluvia,S/D,Ciclista,Atropello,Agua,Faltante,Ninguna,Sin restricción,"-33.00825,-60.64575","['Muñoz', 'Conscripto Bernardi']",2,,-33.00825,-60.64575,55.0,538.0,Municipio Rosario,Municipio,Rosario,820210,Servicio de Catastro e Información Territorial,IGN
2018,9386,2018-10-06,Sabado,0.0,,,0.0,2,"Automóvil,Pickup/Utilitario",San Juan Y Vera Mujica,5,2,0,0,3,0,0,"-32.945,-60.667833333333",Calle,,ROSARIO,Rosario,S/D,S/D,II,S/D,Urbana,S/D,S/D,Intersección,S/D,S/D,S/D,S/D,Contra objeto fijo,S/D,Colisión,S/D,S/D,S/D,S/D,"-32.945,-60.667833333333","['San Juan', 'Vera Mujíca']",2,,-32.945,-60.667833333333,55.0,538.0,Municipio Rosario,Municipio,Rosario,820210,Servicio de Catastro e Información Territorial,IGN
2018,9393,2018-11-01,Jueves,0.0,01:15:00,,0.0,2,"Automóvil,Automóvil",Av. Pellegrini Y Colon,4,2,0,0,2,0,0,"-32.959444444444,-60.62825",Avenida,,ROSARIO,Rosario,S/D,S/D,II,S/D,Urbana,S/D,S/D,Recta,S/D,S/D,Nocturna,S/D,S/D,S/D,Colisión,S/D,S/D,S/D,S/D,"-32.959444444444,-60.62825","['Pellegrini', 'Colon']",2,,-32.959444444444,-60.62825,55.0,538.0,Municipio Rosario,Municipio,Rosario,820210,Servicio de Catastro e Información Territorial,IGN
2018,9397,2018-11-03,Sabado,0.0,15:55:00,,0.0,2,"Moto/Ciclomotor,Automóvil",Av. Genova Y Ferreyra,2,0,1,0,1,0,0,"-32.915055555556,-60.680361111111",Calle,,ROSARIO,Rosario,Asfalto,Pavimento,II,Dentro,Urbana,S/D,S/D,Intersección,Bueno,S/D,S/D,S/D,S/D,S/D,S/D,S/D,S/D,Ninguna,S/D,"-32.915055555556,-60.680361111111","['Genova', 'Ferreyra']",2,,-32.915055555556,-60.680361111111,55.0,538.0,Municipio Rosario,Municipio,Rosario,820210,Servicio de Catastro e Información Territorial,IGN
2018,9401,2018-11-07,Miercoles,0.0,21:10:00,,0.0,2,"Automóvil,Moto/Ciclomotor",Albert Sabin Y Bv. Avellaneda,2,1,0,0,1,0,0,"-32.928833333333,-60.676694444444",Calle,,ROSARIO,Rosario,Asfalto,No existe,II,S/D,Urbana,Semáforo,Funciona,Recta,Otro,Buena,Nocturna,Buen Tiempo,Otro,S/D,Colisión,Ninguna,Horizontal,Ninguna,Sin restricción,"-32.928833333333,-60.676694444444","['Avenida Travesía Albert Sabin', 'Avellaneda']",2,,-32.928833333333,-60.676694444444,55.0,538.0,Municipio Rosario,Municipio,Rosario,820210,Servicio de Catastro e Información Territorial,IGN
2018,9402,2018-10-07,Domingo,0.0,14:00:00,,0.0,2,"Moto/Ciclomotor,Automóvil",Peru Y Zuviria,3,0,1,0,2,0,0,"-32.936888888889,-60.711555555556",Calle,,ROSARIO,Rosario,S/D,S/D,II,S/D,Urbana,S/D,S/D,Intersección,S/D,S/D,Diurna,S/D,S/D,S/D,Colisión,S/D,S/D,S/D,S/D,"-32.936888888889,-60.711555555556","['Peru', 'Zuviría']",2,,-32.936888888889,-60.711555555556,55.0,538.0,Municipio Rosario,Municipio,Rosario,820210,Servicio de Catastro e Información Territorial,IGN
2018,9403,2018-11-06,Martes,0.0,08:00:00,,0.0,2,"Automóvil,Moto/Ciclomotor",Colon Y Viamonte,2,1,0,0,1,0,0,"-32.967555555556,-60.630277777778",Calle,,ROSARIO,Rosario,S/D,S/D,II,S/D,Urbana,S/D,S/D,Intersección,Bueno,S/D,Diurna,S/D,S/D,S/D,Colisión,S/D,S/D,S/D,S/D,"-32.967555555556,-60.630277777778","['Colon', 'Viamonte']",2,,-32.967555555556,-60.630277777778,55.0,538.0,Municipio Rosario,Municipio,Rosario,820210,Servicio de Catastro e Información Territorial,IGN
2018,9405,2018-11-07,Miercoles,0.0,13:00:00,,0.0,2,"Automóvil,Automóvil",Bv. Oro?o Y Tucuman,3,1,0,0,2,0,0,"-32.939083333333,-60.652",Calle,,ROSARIO,Rosario,S/D,S/D,II,S/D,Urbana,S/D,No existe,Intersección,Bueno,Buena,S/D,S/D,S/D,S/D,Colisión,S/D,S/D,S/D,S/D,"-32.939083333333,-60.652","['Bulevar Nicasio Oroño', 'Tucumán']",2,,-32.939083333333,-60.652,55.0,538.0,Municipio Rosario,Municipio,Rosario,820210,Servicio de Catastro e Información Territorial,IGN
2018,9407,2018-11-06,Martes,0.0,22:00:00,,0.0,2,"Moto/Ciclomotor,Pickup/Utilitario",3 De Febrero 400,2,1,0,0,1,0,0,"-32.954444444444,-60.629888888889",Calle,,ROSARIO,Rosario,S/D,S/D,II,Dentro,Urbana,S/D,S/D,Recta,S/D,S/D,S/D,S/D,S/D,S/D,Colisión,S/D,S/D,S/D,S/D,"-32.954444444444,-60.629888888889",['3 De Febrero 400'],1,,-32.954444444444,-60.629888888889,55.0,538.0,Municipio Rosario,Municipio,Rosario,820210,Servicio de Catastro e Información Territorial,IGN
2018,9408,2018-10-08,Lunes,0.0,11:05:00,,0.0,2,"Moto/Ciclomotor,Automóvil",J.M.de Rosas Y Bv. Segui,2,1,0,0,1,0,0,"-32.980416666667,-60.639527777778",Calle,,ROSARIO,Rosario,S/D,S/D,II,S/D,Urbana,S/D,S/D,Intersección,S/D,S/D,Diurna,S/D,S/D,S/D,Colisión,S/D,S/D,S/D,S/D,"-32.980416666667,-60.639527777778","['De Rosas', 'Bulevar Juan Francisco Seguí']",2,,-32.980416666667,-60.639527777778,55.0,538.0,Municipio Rosario,Municipio,Rosario,820210,Servicio de Catastro e Información Territorial,IGN
2018,9410,2018-10-03,Miercoles,0.0,,,0.0,2,"Peatón,Automóvil",Bv. 27 De Febrero Y Magallanes,2,0,1,0,1,0,0,"-32.95925,-60.70375",Calle,,ROSARIO,Rosario,S/D,S/D,II,S/D,Urbana,S/D,S/D,Intersección,S/D,S/D,S/D,S/D,S/D,Peatón,Atropello,S/D,S/D,S/D,S/D,"-32.95925,-60.70375","['27 de Febrero', 'Magallanes']",2,,-32.95925,-60.70375,55.0,538.0,Municipio Rosario,Municipio,Rosario,820210,Servicio de Catastro e Información Territorial,IGN
2018,9436,2018-10-04,Jueves,0.0,02:45:00,,0.0,2,"Transporte de Pasajeros Urbano (> 8 asientos),Moto/Ciclomotor",San Juan Y Laprida,2,0,0,0,1,1,0,"-32.95099,-60.63495",Calle,,ROSARIO,Rosario,Asfalto,No existe,II,Dentro,Urbana,Ninguna,No existe,Intersección,Bueno,Buena,"Nocturna,Con luz artificial",Buen Tiempo,Lateral,S/D,Colisión,Ninguna,Horizontal,Ninguna,Sin restricción,"-32.95099,-60.63495","['San Juan', 'Laprida']",2,,-32.95099,-60.63495,55.0,538.0,Municipio Rosario,Municipio,Rosario,820210,Servicio de Catastro e Información Territorial,IGN
2018,9453,2018-10-20,Sabado,0.0,02:50:00,,0.0,1,Moto/Ciclomotor,Av. Uriburu Y Buenos Aires,1,0,0,0,0,1,0,"-32.99063,-60.64358",Calle,,ROSARIO,Rosario,Asfalto,No existe,II,Dentro,Urbana,Ninguna,Funciona,Intersección,Bueno,S/D,Nocturna,Buen Tiempo,S/D,S/D,Caída ocupante,Ninguna,"Horizontal,Vertical",Ninguna,Sin restricción,"-32.99063,-60.64358","['Uriburu', 'Buenos Aires']",2,,-32.99063,-60.64358,55.0,538.0,Municipio Rosario,Municipio,Rosario,820210,Servicio de Catastro e Información Territorial,IGN
2018,9461,2018-11-16,Viernes,0.0,12:20:00,,0.0,2,"Moto/Ciclomotor,Bicicleta",Lamadrid Y Vera Mujica,3,3,0,0,0,0,0,"-32.998027777778,-60.679277777778",Calle,,ROSARIO,Rosario,Asfalto,S/D,II,S/D,Urbana,S/D,S/D,Intersección,S/D,Buena,Diurna,S/D,S/D,Ciclista,Atropello,S/D,S/D,S/D,S/D,"-32.998027777778,-60.679277777778","['Lamadrid', 'Vera Mujíca']",2,,-32.998027777778,-60.679277777778,55.0,538.0,Municipio Rosario,Municipio,Rosario,820210,Servicio de Catastro e Información Territorial,IGN
2018,9463,2018-11-15,Jueves,0.0,07:20:00,,0.0,1,Automóvil,Av. Ovidio Lagos Y Av. Uriburu,1,1,0,0,0,0,0,"-32.9915,-60.673388888889",Avenida,,ROSARIO,Rosario,Asfalto,S/D,II,S/D,Urbana,Semáforo,Funciona,Intersección,S/D,Buena,Diurna,S/D,S/D,S/D,Caída ocupante,S/D,S/D,Cordón divisorio,S/D,"-32.9915,-60.673388888889","['Avenida Ovidio Lagos', 'Uriburu']",2,,-32.9915,-60.673388888889,55.0,538.0,Municipio Rosario,Municipio,Rosario,820210,Servicio de Catastro e Información Territorial,IGN
2018,9470,2018-11-08,Jueves,0.0,12:00:00,,0.0,2,"Automóvil,Peatón",San Luis Y Mitre,2,0,1,0,1,0,0,"-32.948777777778,-60.640222222222",S/D,,ROSARIO,Rosario,S/D,S/D,II,S/D,Urbana,S/D,S/D,Intersección,S/D,S/D,Diurna,S/D,S/D,Peatón,Atropello,S/D,S/D,S/D,S/D,"-32.948777777778,-60.640222222222","['San Luis', 'Mitre']",2,,-32.948777777778,-60.640222222222,55.0,538.0,Municipio Rosario,Municipio,Rosario,820210,Servicio de Catastro e Información Territorial,IGN
2018,9474,2018-11-06,Martes,0.0,13:00:00,,0.0,2,"Automóvil,Pickup/Utilitario",Rueda Y Pueyrredon,4,3,0,0,0,0,1,"-32.967638888889,-60.663611111111",S/D,,ROSARIO,Rosario,S/D,S/D,II,S/D,S/D,S/D,S/D,Intersección,Bueno,S/D,Diurna,S/D,S/D,S/D,Colisión,S/D,S/D,S/D,S/D,"-32.967638888889,-60.663611111111","['Rueda', 'Pueyrredón']",2,,-32.967638888889,-60.663611111111,55.0,538.0,Municipio Rosario,Municipio,Rosario,820210,Servicio de Catastro e Información Territorial,IGN
2018,9477,2018-11-07,Miercoles,0.0,14:40:00,,0.0,2,"Bicicleta,Taxi/Remis",Entre Rios Y Cordoba,2,1,0,0,1,0,0,"-32.945916666667,-60.640972222222",Calle,,ROSARIO,Rosario,S/D,S/D,II,S/D,Urbana,S/D,S/D,Intersección,S/D,S/D,Diurna,S/D,S/D,Ciclista,Atropello,S/D,S/D,S/D,S/D,"-32.945916666667,-60.640972222222","['Entre Ríos', 'Córdoba']",2,,-32.945916666667,-60.640972222222,55.0,538.0,Municipio Rosario,Municipio,Rosario,820210,Servicio de Catastro e Información Territorial,IGN
2018,9479,2018-11-10,Sabado,0.0,14:30:00,,0.0,2,"Moto/Ciclomotor,Taxi/Remis",Gaboto Y Bv. Avellaneda,2,0,0,0,1,1,0,"-32.966,-60.685805555556",Calle,,ROSARIO,Rosario,Asfalto,No existe,II,S/D,Urbana,S/D,S/D,Intersección,S/D,Buena,Diurna,S/D,S/D,S/D,Colisión,S/D,S/D,Cordón divisorio,S/D,"-32.966,-60.685805555556","['Gaboto', 'Avellaneda']",2,,-32.966,-60.685805555556,55.0,538.0,Municipio Rosario,Municipio,Rosario,820210,Servicio de Catastro e Información Territorial,IGN