anio_acci,nro_acci,fecha,desc_dia,fecha_aprox,hora_aprox,desc_ruta,km,cant_participantes,desc_participante,calle_avenida_km,total,heridos_leves,heridos_graves,heridos_gravisimos,ilesos,fallecidos,sin_datos,posicion_XY,desc_tipo_via,desc_ruta_ori,desc_loc,desc_dpto,desc_tipo_calzada,desc_tipo_banquina,desc_unidad_regional,desc_lugar_calzada,desc_zona,desc_prioridad,desc_estado_semaforo,desc_lugar_via,desc_estado_via,desc_estado_visibilidad,desc_luminosidad,desc_estado_clima,desc_tipo_colision,desc_tipo_atropello,desc_tipo_hecho,desc_pres_calzada,desc_senializacion,desc_separacion_via,desc_restriccion,forma_geocod,calle_lista,numero_calles,calles_osm,lat,lon,index_right,gid,fna,gna,nam,in1,fdc,sag
2018,9480,2018-11-06,Martes,0.0,10:30:00,,0.0,2,"Pickup/Utilitario,Moto/Ciclomotor",Lavalle Y San Lorenzo,2,1,0,0,1,0,0,"-32.937055555556,-60.677222222222",Calle,,ROSARIO,Rosario,S/D,S/D,II,S/D,Urbana,S/D,S/D,Intersección,S/D,S/D,Diurna,S/D,S/D,S/D,Colisión,S/D,S/D,S/D,S/D,"-32.937055555556,-60.677222222222","['Lavalle', 'San Lorenzo']",2,,-32.937055555556,-60.677222222222,55.0,538.0,Municipio Rosario,Municipio,Rosario,820210,Servicio de Catastro e Información Territorial,IGN
2018,9482,2018-11-07,Miercoles,0.0,15:30:00,,0.0,2,"Moto/Ciclomotor,Automóvil",Av. Corrientes Y Viamonte,3,2,0,0,1,0,0,"-32.964555555556,-60.647111111111",S/D,,ROSARIO,Rosario,S/D,S/D,II,S/D,S/D,Señal Pare,No existe,Intersección,Bueno,S/D,Diurna,S/D,S/D,S/D,Colisión,S/D,S/D,S/D,S/D,"-32.964555555556,-60.647111111111","['Corrientes', 'Viamonte']",2,,-32.964555555556,-60.647111111111,55.0,538.0,Municipio Rosario,Municipio,Rosario,820210,Servicio de Catastro e Información Territorial,IGN
2018,9485,2018-11-05,Lunes,0.0,22:00:00,,0.0,2,"Vehículo Oficial,Automóvil",Av. Corrientes Y 9 De Julio,2,1,0,0,0,0,1,"-32.953083333333,-60.644222222222",S/D,,ROSARIO,Rosario,S/D,S/D,II,S/D,Urbana,S/D,S/D,Intersección,S/D,S/D,Nocturna,S/D,S/D,S/D,Colisión,S/D,S/D,S/D,S/D,"-32.953083333333,-60.644222222222","['Corrientes', '9 de Julio']",2,,-32.953083333333,-60.644222222222,55.0,538.0,Municipio Rosario,Municipio,Rosario,820210,Servicio de Catastro e Información Territorial,IGN
2018,9489,2018-11-06,Martes,0.0,11:10:00,,0.0,2,"Vehículo Oficial,Pickup/Utilitario",Montevideo Y Francia F,3,2,0,0,1,0,0,"-32.951277777778,-60.667833333333",S/D,,ROSARIO,Rosario,S/D,S/D,II,S/D,Urbana,S/D,Funciona,Intersección,S/D,S/D,Diurna,S/D,S/D,S/D,Colisión,S/D,S/D,S/D,S/D,"-32.951277777778,-60.667833333333","['Montevideo', 'Avenida Francia']",2,,-32.951277777778,-60.667833333333,55.0,538.0,Municipio Rosario,Municipio,Rosario,820210,Servicio de Catastro e Información Territorial,IGN
2018,9491,2018-11-02,Viernes,0.0,17:30:00,,0.0,2,"Peatón,Automóvil",Cordoba 2100,2,1,0,0,1,0,0,"-32.943916666667,-60.651916666667",Calle,,ROSARIO,Rosario,S/D,S/D,II,S/D,Urbana,S/D,S/D,Recta,S/D,S/D,Diurna,S/D,S/D,Peatón,Atropello,S/D,S/D,S/D,Obra en Construcción,"-32.943916666667,-60.651916666667",['Cordoba 2100'],1,,-32.943916666667,-60.651916666667,55.0,538.0,Municipio Rosario,Municipio,Rosario,820210,Servicio de Catastro e Información Territorial,IGN
2018,9493,2018-11-02,Viernes,0.0,05:50:00,,0.0,2,"Automóvil,Automóvil",3 De Febrero Y Valparaiso,4,4,0,0,0,0,0,"-32.944944444444,-60.683472222222",Calle,,ROSARIO,Rosario,S/D,S/D,II,S/D,Urbana,S/D,S/D,Intersección,S/D,S/D,Amanecer,S/D,S/D,S/D,Colisión,S/D,S/D,S/D,S/D,"-32.944944444444,-60.683472222222","['3 de Febrero', 'Valparaíso']",2,,-32.944944444444,-60.683472222222,55.0,538.0,Municipio Rosario,Municipio,Rosario,820210,Servicio de Catastro e Información Territorial,IGN
2018,9495,2018-11-05,Lunes,0.0,20:30:00,,0.0,2,"Moto/Ciclomotor,Automóvil",San Martin Y Dragones de Rosario,2,1,0,0,1,0,0,"-32.91617, -60.67653",Avenida,,ROSARIO,Rosario,Asfalto,S/D,II,Dentro,Urbana,S/D,Funciona,Intersección,Bueno,Buena,Nocturna,S/D,S/D,S/D,S/D,Ninguna,Vertical,Línea divisoria pintada,S/D,"-32.91617, -60.67653","['San Martin', 'Dragones de Rosario']",2,,-32.91617,-60.67653,55.0,538.0,Municipio Rosario,Municipio,Rosario,820210,Servicio de Catastro e Información Territorial,IGN
2018,9498,2018-11-02,Viernes,0.0,12:35:00,,0.0,2,"Moto/Ciclomotor,Automóvil",Callao Y Comodoro Rivadavia,3,2,0,0,1,0,0,"-32.9901, -60.67212",S/D,,ROSARIO,Rosario,Asfalto,No existe,II,S/D,S/D,Ninguna,No existe,Intersección,Bueno,Buena,Diurna,Buen Tiempo,Lateral,S/D,Colisión,Ninguna,Faltante,Ninguna,Sin restricción,"-32.9901, -60.67212","['Callao', 'Comodoro Rivadavia']",2,,-32.9901,-60.67212,55.0,538.0,Municipio Rosario,Municipio,Rosario,820210,Servicio de Catastro e Información Territorial,IGN
2018,9499,2018-11-30,Viernes,0.0,17:20:00,,0.0,2,"Automóvil,Moto/Ciclomotor",Correo Argentino Y Alberdi,2,1,0,0,1,0,0,"-32.929375577682, -60.674523331111",Calle,,ROSARIO,Rosario,Asfalto,No existe,II,S/D,Urbana,Semáforo,Funciona,Recta,Otro,S/D,Diurna,Buen Tiempo,Otro,S/D,Colisión,Ninguna,Vertical,Ninguna,Sin restricción,"-32.929375577682, -60.674523331111","['Central Argentino', 'Alberdi']",2,,-32.929375577682,-60.674523331111,55.0,538.0,Municipio Rosario,Municipio,Rosario,820210,Servicio de Catastro e Información Territorial,IGN
2018,9501,2018-11-07,Miercoles,0.0,18:00:00,,0.0,2,"Moto/Ciclomotor,Moto/Ciclomotor",Bv. Oro?o Y Biedma,2,2,0,0,0,0,0,"-32.978666666667,-60.662027777778",S/D,,ROSARIO,Rosario,Asfalto,No existe,II,S/D,S/D,Ninguna,Funciona,Intersección,Bueno,Buena,Diurna,Buen Tiempo,Lateral,S/D,Colisión,Ninguna,Vertical,Ninguna,Sin restricción,"-32.978666666667,-60.662027777778","['Bulevar Nicasio Oroño', 'Coronel Biedma']",2,,-32.978666666667,-60.662027777778,55.0,538.0,Municipio Rosario,Municipio,Rosario,820210,Servicio de Catastro e Información Territorial,IGN
2018,9502,2018-11-08,Jueves,0.0,09:10:00,,0.0,2,"Bicicleta,Automóvil",Balcarce Y Gaboto,2,1,0,0,1,0,0,"-32.970861111111,-60.658694444444",S/D,,ROSARIO,Rosario,Asfalto,No existe,II,S/D,S/D,S/D,No existe,Intersección,Bueno,Buena,Diurna,Buen Tiempo,Lateral,Ciclista,Atropello,Ninguna,Faltante,Ninguna,Sin restricción,"-32.970861111111,-60.658694444444","['Balcarce', 'Gaboto']",2,,-32.970861111111,-60.658694444444,55.0,538.0,Municipio Rosario,Municipio,Rosario,820210,Servicio de Catastro e Información Territorial,IGN
2018,9503,2018-11-08,Jueves,0.0,17:30:00,,0.0,2,"Bicicleta,Automóvil",Garay Y Gaboto,2,1,0,0,1,0,0,"-32.9739, -60.64792",S/D,,ROSARIO,Rosario,Asfalto,No existe,II,S/D,Urbana,Ninguna,No existe,Intersección,Bueno,Buena,Diurna,Buen Tiempo,Lateral,Ciclista,Atropello,Ninguna,Faltante,S/D,Sin restricción,"-32.9739, -60.64792","['Garay', 'Gaboto']",2,,-32.9739,-60.64792,55.0,538.0,Municipio Rosario,Municipio,Rosario,820210,Servicio de Catastro e Información Territorial,IGN
2018,9504,2018-11-06,Martes,0.0,17:45:00,,0.0,2,"Peatón,Automóvil",Biedma Y San Martin,2,0,1,0,1,0,0,"-32.981722222222,-60.644916666667",Calle,,ROSARIO,Rosario,Asfalto,No existe,II,Dentro,Urbana,Ninguna,No existe,Intersección,Bueno,Buena,Diurna,Buen Tiempo,S/D,Peatón,Atropello,Ninguna,Faltante,Ninguna,Sin restricción,"-32.981722222222,-60.644916666667","['Coronel Biedma', 'San Martin']",2,,-32.981722222222,-60.644916666667,55.0,538.0,Municipio Rosario,Municipio,Rosario,820210,Servicio de Catastro e Información Territorial,IGN
2018,9507,2018-11-08,Jueves,0.0,07:30:00,,0.0,2,"Automóvil,Camión Chasis",Santiago Y San Luis,2,0,0,0,0,0,2,"-32.945833333333,-60.656666666667",S/D,,ROSARIO,Rosario,S/D,S/D,II,S/D,Urbana,S/D,S/D,Intersección,S/D,S/D,Diurna,S/D,S/D,S/D,Colisión,S/D,S/D,S/D,S/D,"-32.945833333333,-60.656666666667","['Santiago', 'San Luis']",2,,-32.945833333333,-60.656666666667,55.0,538.0,Municipio Rosario,Municipio,Rosario,820210,Servicio de Catastro e Información Territorial,IGN
2018,9555,2018-10-19,Viernes,0.0,15:45:00,,0.0,2,"Tren,Peatón",Av. Francia 4300,2,0,0,0,1,1,0,"-32.98215,-60.67578",Calle,,ROSARIO,Rosario,Asfalto,No existe,II,Dentro,Urbana,Marca Vial,No existe,Paso a Nivel FFCC,Bueno,S/D,Diurna,S/D,S/D,Peatón,Atropello,Ninguna,Faltante,Ninguna,Sin restricción,"-32.98215,-60.67578",['Francia 4300'],1,,-32.98215,-60.67578,55.0,538.0,Municipio Rosario,Municipio,Rosario,820210,Servicio de Catastro e Información Territorial,IGN
2018,9565,2018-11-02,Viernes,0.0,16:00:00,,0.0,2,"Automóvil,Automóvil",Italia Y Coulin,2,1,0,0,1,0,0,"-32.98999, -60.6593",Calle,,ROSARIO,Rosario,Asfalto,S/D,II,Dentro,Urbana,Ninguna,S/D,Intersección,Bueno,Buena,Diurna,Buen Tiempo,Otro,S/D,Colisión,Ninguna,Faltante,Ninguna,Sin restricción,"-32.98999, -60.6593","['Italia', 'Coulin']",2,,-32.98999,-60.6593,55.0,538.0,Municipio Rosario,Municipio,Rosario,820210,Servicio de Catastro e Información Territorial,IGN
2018,9569,2018-11-05,Lunes,0.0,20:15:00,,0.0,2,"Moto/Ciclomotor,Automóvil",Av. Bermudez Y Av. Battle y Ordo?ez,3,2,0,0,1,0,0,"-33.00875,-60.642305555556",Calle,,ROSARIO,Rosario,Asfalto,No existe,II,Dentro,Urbana,Ninguna,No existe,Intersección,Bueno,Buena,Nocturna,Buen Tiempo,Lateral,S/D,Colisión,Ninguna,Faltante,Ninguna,Sin restricción,"-33.00875,-60.642305555556","['Bermudez', 'Avenida Battle y Ordoñez']",2,,-33.00875,-60.642305555556,55.0,538.0,Municipio Rosario,Municipio,Rosario,820210,Servicio de Catastro e Información Territorial,IGN
2018,9574,2018-11-03,Sabado,0.0,12:50:00,,0.0,2,"Moto/Ciclomotor,Moto/Ciclomotor",Ayacucho Y Caupolican,2,1,0,0,1,0,0,"-33.009527777778,-60.63575",Calle,,ROSARIO,Rosario,Asfalto,No existe,II,Dentro,Urbana,Ninguna,No existe,Intersección,Bueno,Buena,Diurna,Buen Tiempo,Lateral,S/D,Colisión,Ninguna,Faltante,Ninguna,Sin restricción,"-33.009527777778,-60.63575","['Ayacucho', 'Caupolicán']",2,,-33.009527777778,-60.63575,55.0,538.0,Municipio Rosario,Municipio,Rosario,820210,Servicio de Catastro e Información Territorial,IGN
2018,9575,2018-11-01,Jueves,0.0,10:00:00,,0.0,2,"Moto/Ciclomotor,Pickup/Utilitario",Ayacucho Y Riobamba,3,1,0,0,2,0,0,"-32.965027777778,-60.631055555556",Calle,,ROSARIO,Rosario,Asfalto,No existe,II,Dentro,Urbana,Ninguna,No existe,Intersección,Bueno,Buena,Diurna,Buen Tiempo,Lateral,S/D,Colisión,Ninguna,Faltante,Ninguna,Sin restricción,"-32.965027777778,-60.631055555556","['Ayacucho', 'Riobamba']",2,,-32.965027777778,-60.631055555556,55.0,538.0,Municipio Rosario,Municipio,Rosario,820210,Servicio de Catastro e Información Territorial,IGN
2018,9577,2018-11-20,Martes,0.0,19:00:00,,0.0,2,"Automóvil,Moto/Ciclomotor",Av. Belgrano ,2,1,0,0,1,0,0,"-32.9526, -60.62656",Calle,,ROSARIO,Rosario,Asfalto,S/D,II,Dentro,Urbana,Semáforo,No existe,S/D,S/D,S/D,Atardecer,S/D,S/D,S/D,Colisión,S/D,S/D,S/D,S/D,"-32.9526, -60.62656",['Belgrano'],1,,-32.9526,-60.62656,55.0,538.0,Municipio Rosario,Municipio,Rosario,820210,Servicio de Catastro e Información Territorial,IGN
2018,9578,2018-11-24,Sabado,0.0,02:50:00,,0.0,2,"Moto/Ciclomotor,Automóvil",Av. Pellegrini Y J.M.de Rosas,2,1,0,0,0,0,1,"-32.958638888889,-60.634027777778",Avenida,,ROSARIO,Rosario,S/D,S/D,II,S/D,Urbana,S/D,Funciona,Intersección,S/D,S/D,"Nocturna,Con luz artificial",S/D,S/D,S/D,Colisión,S/D,S/D,S/D,S/D,"-32.958638888889,-60.634027777778","['Pellegrini', 'De Rosas']",2,,-32.958638888889,-60.634027777778,55.0,538.0,Municipio Rosario,Municipio,Rosario,820210,Servicio de Catastro e Información Territorial,IGN
2018,9580,2018-11-04,Domingo,0.0,16:00:00,,0.0,2,"Moto/Ciclomotor,Automóvil",Bv. Segui Y Espa?a,3,1,1,0,1,0,0,"-32.977527777778,-60.654722222222",Calle,,ROSARIO,Rosario,Asfalto,Pavimento,II,S/D,Urbana,S/D,Funciona,Intersección,Bueno,Buena,Diurna,Buen Tiempo,Lateral,S/D,Colisión,Ninguna,Vertical,Ninguna,Sin restricción,"-32.977527777778,-60.654722222222","['Bulevar Juan Francisco Seguí', 'España']",2,,-32.977527777778,-60.654722222222,55.0,538.0,Municipio Rosario,Municipio,Rosario,820210,Servicio de Catastro e Información Territorial,IGN
2018,9582,2018-11-03,Sabado,0.0,16:54:00,,0.0,2,"Moto/Ciclomotor,Automóvil",Laprida Y Garibaldi,2,2,0,0,0,0,0,"-32.986666666667,-60.644194444444",S/D,,ROSARIO,Rosario,Asfalto,No existe,II,S/D,S/D,Ninguna,No existe,Intersección,Bueno,Buena,Diurna,Buen Tiempo,Lateral,S/D,Colisión,Ninguna,Faltante,Ninguna,Sin restricción,"-32.986666666667,-60.644194444444","['Laprida', 'José Garibaldi']",2,,-32.986666666667,-60.644194444444,55.0,538.0,Municipio Rosario,Municipio,Rosario,820210,Servicio de Catastro e Información Territorial,IGN
2018,9584,2018-11-05,Lunes,0.0,12:20:00,,0.0,2,"Automóvil,Moto/Ciclomotor",Callao Y Sarmiento,2,1,0,0,1,0,0,"-32.94983, -60.6391",S/D,,ROSARIO,Rosario,Asfalto,No existe,II,S/D,S/D,Ninguna,No existe,Intersección,Bueno,Buena,Diurna,Buen Tiempo,Lateral,S/D,Colisión,Ninguna,Faltante,Ninguna,Sin restricción,"-32.94983, -60.6391","['Callao', 'Sarmiento']",2,,-32.94983,-60.6391,55.0,538.0,Municipio Rosario,Municipio,Rosario,820210,Servicio de Catastro e Información Territorial,IGN
2018,9588,2018-11-06,Martes,0.0,09:20:00,,0.0,2,"Automóvil,Moto/Ciclomotor",Bv. Segui Y Av. Corrientes,2,1,0,0,1,0,0,"-32.97825,-60.650583333333",S/D,,ROSARIO,Rosario,Asfalto,No existe,II,S/D,S/D,Ninguna,No existe,Intersección,Bueno,Buena,Diurna,Buen Tiempo,Lateral,S/D,Colisión,Ninguna,Faltante,Ninguna,Sin restricción,"-32.97825,-60.650583333333","['Bulevar Juan Francisco Seguí', 'Corrientes']",2,,-32.97825,-60.650583333333,55.0,538.0,Municipio Rosario,Municipio,Rosario,820210,Servicio de Catastro e Información Territorial,IGN
2018,9591,2018-11-23,Viernes,0.0,14:30:00,,0.0,2,"Automóvil,Pickup/Utilitario",San Juan Y Carriego,12,3,4,0,5,0,0,"-32.941111111111,-60.689611111111",Calle,,ROSARIO,Rosario,S/D,S/D,II,Dentro,Urbana,Semáforo,Funciona,Intersección,Bueno,S/D,Diurna,S/D,S/D,S/D,Colisión,S/D,S/D,S/D,S/D,"-32.941111111111,-60.689611111111","['San Juan', 'Carriego']",2,,-32.941111111111,-60.689611111111,55.0,538.0,Municipio Rosario,Municipio,Rosario,820210,Servicio de Catastro e Información Territorial,IGN
2018,9601,2018-11-05,Lunes,0.0,18:10:00,,0.0,2,"Automóvil,Moto/Ciclomotor",Av. Eudoro Carrasco Y Ricardo Nu?ez,2,1,0,0,1,0,0,"-32.884361111111,-60.688083333333",Avenida,,ROSARIO,Rosario,Asfalto,No existe,II,Dentro,Urbana,Ninguna,No existe,Recta,Bueno,Buena,Diurna,Buen Tiempo,Lateral,S/D,Colisión,Ninguna,S/D,S/D,Sin restricción,"-32.884361111111,-60.688083333333","['Avenida Eudoro Carrasco', 'Ricardo Nuñez']",2,,-32.884361111111,-60.688083333333,55.0,538.0,Municipio Rosario,Municipio,Rosario,820210,Servicio de Catastro e Información Territorial,IGN
2018,9602,2018-11-24,Sabado,0.0,13:10:00,,0.0,2,"Moto/Ciclomotor,Automóvil",Av. Ovidio Lagos Y Cordoba,2,1,0,0,0,0,1,"-32.94225,-60.661444444444",Calle,,ROSARIO,Rosario,S/D,S/D,II,S/D,Urbana,S/D,S/D,Intersección,S/D,S/D,Diurna,S/D,S/D,S/D,Colisión,S/D,S/D,S/D,S/D,"-32.94225,-60.661444444444","['Avenida Ovidio Lagos', 'Córdoba']",2,,-32.94225,-60.661444444444,55.0,538.0,Municipio Rosario,Municipio,Rosario,820210,Servicio de Catastro e Información Territorial,IGN
2018,9603,2018-11-05,Lunes,0.0,11:05:00,,0.0,2,"Peatón,Taxi/Remis",Av. Irigoyen Y Darragueira,2,1,0,0,1,0,0,"-32.884527777778,-60.697027777778",Calle,,ROSARIO,Rosario,Asfalto,No existe,II,Dentro,Urbana,Señal Pare,No existe,Intersección,Bueno,Buena,Diurna,Buen Tiempo,S/D,Peatón,Atropello,Ninguna,Vertical,Ninguna,Sin restricción,"-32.884527777778,-60.697027777778","['Avenida Hipólito Irigoyen', 'José Darragueira']",2,,-32.884527777778,-60.697027777778,55.0,538.0,Municipio Rosario,Municipio,Rosario,820210,Servicio de Catastro e Información Territorial,IGN
2018,9604,2018-11-22,Jueves,0.0,16:00:00,,0.0,2,"Automóvil,Peatón",Av. Pellegrini Y Necochea,3,1,0,0,2,0,0,"-32.959694444444,-60.626888888889",Calle,,ROSARIO,Rosario,S/D,S/D,II,S/D,Urbana,S/D,S/D,Intersección,S/D,S/D,Diurna,S/D,S/D,Peatón,Atropello,S/D,S/D,S/D,S/D,"-32.959694444444,-60.626888888889","['Pellegrini', 'Necochea']",2,,-32.959694444444,-60.626888888889,55.0,538.0,Municipio Rosario,Municipio,Rosario,820210,Servicio de Catastro e Información Territorial,IGN
2018,9605,2018-11-01,Jueves,0.0,07:50:00,,0.0,2,"Automóvil,Moto/Ciclomotor",Av. Irigoyen Y Varela,2,1,0,0,1,0,0,"-32.884611111111,-60.700416666667",Calle,,ROSARIO,Rosario,Asfalto,No existe,II,Dentro,Urbana,Ninguna,No existe,Intersección,Bueno,Buena,Diurna,Buen Tiempo,Lateral,S/D,Colisión,Ninguna,Faltante,Ninguna,Sin restricción,"-32.884611111111,-60.700416666667","['Avenida Hipólito Irigoyen', 'Varela']",2,,-32.884611111111,-60.700416666667,55.0,538.0,Municipio Rosario,Municipio,Rosario,820210,Servicio de Catastro e Información Territorial,IGN
2018,9607,2018-11-24,Sabado,0.0,05:30:00,,0.0,2,"Moto/Ciclomotor,Pickup/Utilitario",Av. Luis Carballo Y Bv. Avellaneda Bis,5,1,0,0,4,0,0,"-32.921972222222,-60.674722222222",Calle,,ROSARIO,Rosario,Asfalto,No existe,II,S/D,Urbana,Semáforo,Funciona,Recta,Bueno,Buena,Amanecer,Buen Tiempo,Otro,S/D,Colisión,Ninguna,Horizontal,Ninguna,Sin restricción,"-32.921972222222,-60.674722222222","['Avenida Doctor Luis Cándido Carballo', 'Avellaneda']",2,,-32.921972222222,-60.674722222222,55.0,538.0,Municipio Rosario,Municipio,Rosario,820210,Servicio de Catastro e Información Territorial,IGN
2018,9627,2018-09-07,Viernes,0.0,11:05:00,,0.0,2,"Automóvil,Moto/Ciclomotor",Bv. Wilde Y Mendoza,2,1,0,0,1,0,0,"-32.939094, -60.738523",Calle,,ROSARIO,Rosario,Asfalto,No existe,II,Dentro,Urbana,Semáforo,Funciona,Recta,Bueno,Buena,Diurna,Buen Tiempo,Frontal,S/D,Colisión,Ninguna,"Horizontal,Vertical",Cordón divisorio,Sin restricción,"-32.939094, -60.738523","['Bulevar Wilde', 'Mendoza']",2,,-32.939094,-60.738523,55.0,538.0,Municipio Rosario,Municipio,Rosario,820210,Servicio de Catastro e Información Territorial,IGN
2018,9632,2018-09-10,Lunes,0.0,20:55:00,,0.0,2,"Bicicleta,Automóvil",Brasil Y Mendoza,2,1,0,0,1,0,0,"-32.940381, -60.719582",Avenida,,ROSARIO,Rosario,Asfalto,No existe,II,Dentro,Urbana,Semáforo,Funciona,Recta,Bueno,Buena,"Nocturna,Con luz artificial",Buen Tiempo,S/D,Ciclista,Atropello,Ninguna,"Horizontal,Vertical","Cordón divisorio,Línea divisoria pintada",Sin restricción,"-32.940381, -60.719582","['Brasil', 'Mendoza']",2,,-32.940381,-60.719582,55.0,538.0,Municipio Rosario,Municipio,Rosario,820210,Servicio de Catastro e Información Territorial,IGN
2018,9634,2018-09-17,Lunes,0.0,14:00:00,,0.0,2,"Bicicleta,Automóvil",Av. San Jose De Calasanz 8900,2,1,0,0,1,0,0,"-32.940641, -60.752101",Avenida,,ROSARIO,Rosario,Asfalto,No existe,II,Dentro,Urbana,Ninguna,No existe,Recta,Bueno,Buena,Diurna,Buen Tiempo,S/D,Ciclista,Atropello,Ninguna,Faltante,Ninguna,Sin restricción,"-32.940641, -60.752101",['San Jose De Calasanz 8900'],1,,-32.940641,-60.752101,55.0,538.0,Municipio Rosario,Municipio,Rosario,820210,Servicio de Catastro e Información Territorial,IGN
2018,9636,2018-09-24,Lunes,0.0,15:00:00,,0.0,2,"Peatón,Moto/Ciclomotor",Ituzaingo Y Brasil,2,1,0,0,1,0,0,"-32.952395, -60.719061",Calle,,ROSARIO,Rosario,Asfalto,No existe,II,Dentro,Urbana,Ninguna,No existe,Recta,Bueno,Buena,Diurna,Buen Tiempo,S/D,Peatón,Atropello,Ninguna,Faltante,Ninguna,Sin restricción,"-32.952395, -60.719061","['Ituzaingó', 'Brasil']",2,,-32.952395,-60.719061,55.0,538.0,Municipio Rosario,Municipio,Rosario,820210,Servicio de Catastro e Información Territorial,IGN
2018,9638,2018-09-22,Sabado,0.0,13:20:00,,0.0,2,"Bicicleta,Automóvil",Donado Y Forest,2,1,0,0,1,0,0,"-32.943917, -60.726844",Calle,,ROSARIO,Rosario,Asfalto,No existe,II,Dentro,Urbana,Ninguna,No existe,Recta,Bueno,Buena,Diurna,Buen Tiempo,S/D,Ciclista,Atropello,Ninguna,Faltante,Ninguna,Sin restricción,"-32.943917, -60.726844","['Donado', 'Carlos Forest']",2,,-32.943917,-60.726844,55.0,538.0,Municipio Rosario,Municipio,Rosario,820210,Servicio de Catastro e Información Territorial,IGN
2018,9639,2018-09-20,Jueves,0.0,21:00:00,,0.0,2,"Moto/Ciclomotor,Pickup/Utilitario",Brasil Y Av. Pellegrini,2,1,0,0,1,0,0,"-32.948723, -60.719217",Avenida,,ROSARIO,Rosario,Asfalto,No existe,II,Dentro,Urbana,Ninguna,No existe,Recta,Bueno,Buena,"Nocturna,Con luz artificial",Buen Tiempo,De alcance,S/D,Colisión,Ninguna,Horizontal,Línea divisoria pintada,Sin restricción,"-32.948723, -60.719217","['Brasil', 'Pellegrini']",2,,-32.948723,-60.719217,55.0,538.0,Municipio Rosario,Municipio,Rosario,820210,Servicio de Catastro e Información Territorial,IGN
2018,9640,2018-09-19,Miercoles,0.0,20:15:00,,0.0,1,Moto/Ciclomotor,Donado 1200,3,1,0,0,2,0,0,"-32.938615, -60.727076",Calle,,ROSARIO,Rosario,Asfalto,No existe,II,Dentro,Urbana,Ninguna,No existe,Recta,Bueno,Buena,"Nocturna,Con luz artificial",Buen Tiempo,S/D,S/D,Caída ocupante,Ninguna,Faltante,Ninguna,Sin restricción,"-32.938615, -60.727076",['Donado 1200'],1,,-32.938615,-60.727076,55.0,538.0,Municipio Rosario,Municipio,Rosario,820210,Servicio de Catastro e Información Territorial,IGN
2018,9641,2018-09-21,Viernes,0.0,22:30:00,,0.0,1,Otros,Sarratea Bis Y J.J.Paso,1,1,0,0,0,0,0,"-32.921025, -60.741335",Calle,,ROSARIO,Rosario,Asfalto,No existe,II,Dentro,Urbana,Semáforo,Funciona,Intersección,Bueno,Buena,"Nocturna,Con luz artificial",Buen Tiempo,S/D,S/D,Colisión,Ninguna,Vertical,Ninguna,Sin restricción,"-32.921025, -60.741335","['Sarratea', 'Paso']",2,,-32.921025,-60.741335,55.0,538.0,Municipio Rosario,Municipio,Rosario,820210,Servicio de Catastro e Información Territorial,IGN
2018,9642,2018-11-17,Sabado,0.0,14:50:00,,0.0,2,"Moto/Ciclomotor,Automóvil",Virasoro Y Entre Rios,2,2,0,0,0,0,0,"-32.969416666667,-60.646861111111",Calle,,ROSARIO,Rosario,Asfalto,S/D,II,S/D,Urbana,Semáforo,No funciona,Intersección,Bueno,Buena,Diurna,S/D,S/D,S/D,Colisión,S/D,S/D,S/D,S/D,"-32.969416666667,-60.646861111111","['Virasoro', 'Entre Ríos']",2,,-32.969416666667,-60.646861111111,55.0,538.0,Municipio Rosario,Municipio,Rosario,820210,Servicio de Catastro e Información Territorial,IGN
2018,9644,2018-11-02,Viernes,0.0,18:50:00,,0.0,2,"Automóvil,Moto/Ciclomotor",B. FERNANDEZ MORENO Y COLECTORA DE CIRCUNVALACION,2,1,0,0,1,0,0,"-32.88998, -60.71749",Calle,,ROSARIO,Rosario,Asfalto,No existe,II,Dentro,Urbana,Señal Pare,No existe,Intersección,Bueno,Buena,Diurna,Buen Tiempo,S/D,S/D,Colisión,Ninguna,Vertical,Ninguna,Sin restricción,"-32.88998, -60.71749","['Baldomero Fernández Moreno', 'Colectora de Circunvalación']",2,,-32.88998,-60.71749,55.0,538.0,Municipio Rosario,Municipio,Rosario,820210,Servicio de Catastro e Información Territorial,IGN
2018,9645,2018-11-09,Viernes,0.0,07:30:00,,0.0,2,"Automóvil,Peatón",9 De Julio Y Mitre,2,1,0,0,1,0,0,"-32.953555555556,-60.641416666667",Calle,,ROSARIO,Rosario,S/D,S/D,II,S/D,Urbana,S/D,S/D,Intersección,S/D,S/D,Diurna,S/D,S/D,Peatón,Atropello,S/D,S/D,S/D,S/D,"-32.953555555556,-60.641416666667","['9 de Julio', 'Mitre']",2,,-32.953555555556,-60.641416666667,55.0,538.0,Municipio Rosario,Municipio,Rosario,820210,Servicio de Catastro e Información Territorial,IGN