anio_acci,nro_acci,fecha,desc_dia,fecha_aprox,hora_aprox,desc_ruta,km,cant_participantes,desc_participante,calle_avenida_km,total,heridos_leves,heridos_graves,heridos_gravisimos,ilesos,fallecidos,sin_datos,posicion_XY,desc_tipo_via,desc_ruta_ori,desc_loc,desc_dpto,desc_tipo_calzada,desc_tipo_banquina,desc_unidad_regional,desc_lugar_calzada,desc_zona,desc_prioridad,desc_estado_semaforo,desc_lugar_via,desc_estado_via,desc_estado_visibilidad,desc_luminosidad,desc_estado_clima,desc_tipo_colision,desc_tipo_atropello,desc_tipo_hecho,desc_pres_calzada,desc_senializacion,desc_separacion_via,desc_restriccion,forma_geocod,calle_lista,numero_calles,calles_osm,lat,lon,index_right,gid,fna,gna,nam,in1,fdc,sag
2018,9648,2018-11-21,Miercoles,0.0,19:00:00,,0.0,2,"Automóvil,Moto/Ciclomotor",Pueyrredon Y Rioja,3,2,0,0,1,0,0,"-32.944111111111,-60.657666666667",Calle,,ROSARIO,Rosario,S/D,S/D,II,S/D,Urbana,S/D,S/D,Intersección,S/D,S/D,Atardecer,S/D,S/D,S/D,Colisión,S/D,S/D,S/D,S/D,"-32.944111111111,-60.657666666667","['Pueyrredón', 'Rioja']",2,,-32.944111111111,-60.657666666667,55.0,538.0,Municipio Rosario,Municipio,Rosario,820210,Servicio de Catastro e Información Territorial,IGN
2018,9649,2018-11-05,Lunes,0.0,,,0.0,1,Moto/Ciclomotor,Bv. Oro?o Y Padre R. Giaccone,1,0,1,0,0,0,0,"-33.00836, -60.66449",Avenida,,ROSARIO,Rosario,Asfalto,S/D,II,Dentro,Urbana,S/D,S/D,Intersección,S/D,S/D,S/D,S/D,S/D,S/D,Caída ocupante,S/D,S/D,Cordón divisorio,S/D,"-33.00836, -60.66449","['Bulevar Nicasio Oroño', 'Padre R. Giaccone']",2,,-33.00836,-60.66449,55.0,538.0,Municipio Rosario,Municipio,Rosario,820210,Servicio de Catastro e Información Territorial,IGN
2018,9650,2018-11-01,Jueves,0.0,21:45:00,,0.0,1,Moto/Ciclomotor,Av. Battle y Ordo?ez Y Mariano Moreno,1,1,0,0,0,0,0,"-33.00942, -60.66164",Calle,,ROSARIO,Rosario,Asfalto,S/D,II,Dentro,Urbana,S/D,S/D,Intersección,S/D,S/D,"Nocturna,Con luz artificial",S/D,S/D,S/D,Caída ocupante,S/D,S/D,S/D,S/D,"-33.00942, -60.66164","['Avenida Battle y Ordoñez', 'Mariano Moreno']",2,,-33.00942,-60.66164,55.0,538.0,Municipio Rosario,Municipio,Rosario,820210,Servicio de Catastro e Información Territorial,IGN
2018,9651,2018-11-20,Martes,0.0,08:00:00,,0.0,2,"Taxi/Remis,Automóvil",Av. Francia Y Tucuman,2,1,0,0,1,0,0,"-32.93687, -60.66428",Avenida,,ROSARIO,Rosario,Asfalto,No existe,II,Dentro,Urbana,Ninguna,No existe,Intersección,Bueno,Buena,Diurna,Buen Tiempo,Lateral,S/D,Colisión,Ninguna,Faltante,Ninguna,Sin restricción,"-32.93687, -60.66428","['Avenida Francia', 'Tucumán']",2,,-32.93687,-60.66428,55.0,538.0,Municipio Rosario,Municipio,Rosario,820210,Servicio de Catastro e Información Territorial,IGN
2018,9655,2018-11-05,Lunes,0.0,18:00:00,,0.0,2,"Bicicleta,Automóvil",Bv. Segui Y Castellanos,2,1,0,0,1,0,0,"-32.97258, -60.68337",Avenida,,ROSARIO,Rosario,Asfalto,No existe,II,Dentro,Urbana,Ninguna,No existe,Intersección,Bueno,Buena,Atardecer,Buen Tiempo,S/D,Ciclista,Atropello,Ninguna,S/D,Cordón divisorio,Sin restricción,"-32.97258, -60.68337","['Bulevar Juan Francisco Seguí', 'Aaron Castellanos']",2,,-32.97258,-60.68337,55.0,538.0,Municipio Rosario,Municipio,Rosario,820210,Servicio de Catastro e Información Territorial,IGN
2018,9657,2018-11-21,Miercoles,0.0,18:30:00,,0.0,2,"Moto/Ciclomotor,Pickup/Utilitario",Virasoro Y San Martin,2,1,0,0,1,0,0,"-32.970138888889,-60.642638888889",Calle,,ROSARIO,Rosario,Asfalto,S/D,II,Dentro,Urbana,S/D,S/D,Recta,Bueno,Buena,Atardecer,Buen Tiempo,Lateral,S/D,Colisión,Ninguna,S/D,S/D,Sin restricción,"-32.970138888889,-60.642638888889","['Virasoro', 'San Martin']",2,,-32.970138888889,-60.642638888889,55.0,538.0,Municipio Rosario,Municipio,Rosario,820210,Servicio de Catastro e Información Territorial,IGN
2018,9659,2018-11-24,Sabado,0.0,08:45:00,,0.0,2,"Moto/Ciclomotor,Automóvil",Av. Provincias Unidas 1000,2,1,0,0,1,0,0,"-32.939111111111,-60.712777777778",Avenida,,ROSARIO,Rosario,Asfalto,No existe,II,Dentro,Urbana,Semáforo,Funciona,Intersección,Bueno,Buena,Diurna,Buen Tiempo,Lateral,S/D,Colisión,Ninguna,S/D,Cordón divisorio,Sin restricción,"-32.939111111111,-60.712777777778",['Provincias Unidas 1000'],1,,-32.939111111111,-60.712777777778,55.0,538.0,Municipio Rosario,Municipio,Rosario,820210,Servicio de Catastro e Información Territorial,IGN
2018,9660,2018-11-02,Viernes,0.0,14:00:00,,0.0,2,"Moto/Ciclomotor,Automóvil",Av. Eva Peron Y Av. Provincias Unidas,2,0,1,0,0,0,1,"-32.932944444444,-60.713055555556",Avenida,,ROSARIO,Rosario,Asfalto,No existe,II,Dentro,Urbana,Semáforo,Funciona,Intersección,Bueno,Buena,Diurna,Buen Tiempo,Lateral,S/D,Colisión,Ninguna,S/D,Cordón divisorio,Sin restricción,"-32.932944444444,-60.713055555556","['Avenida Eva Perón', 'Avenida Provincias Unidas']",2,,-32.932944444444,-60.713055555556,55.0,538.0,Municipio Rosario,Municipio,Rosario,820210,Servicio de Catastro e Información Territorial,IGN
2018,9678,2018-09-15,Sabado,0.0,10:15:00,,0.0,2,"Automóvil,Moto/Ciclomotor",Av. Provincias Unidas Y Casilda,3,1,0,0,2,0,0,"-32.929515, -60.713167",Calle,,ROSARIO,Rosario,Asfalto,No existe,II,Dentro,Urbana,Ninguna,No existe,Recta,Bueno,Buena,Diurna,Buen Tiempo,Lateral,S/D,Colisión,Ninguna,Faltante,Cordón divisorio,Sin restricción,"-32.929515, -60.713167","['Avenida Provincias Unidas', 'Casilda']",2,,-32.929515,-60.713167,55.0,538.0,Municipio Rosario,Municipio,Rosario,820210,Servicio de Catastro e Información Territorial,IGN
2018,9680,2018-09-26,Miercoles,0.0,19:20:00,,0.0,2,"Automóvil,Automóvil",Colombia Bis Y Velez Sarsfield,2,1,0,0,1,0,0,"-32.926147, -60.716762",Calle,,ROSARIO,Rosario,Asfalto,No existe,II,Dentro,Urbana,Ninguna,No existe,Intersección,Bueno,Buena,Diurna,Buen Tiempo,S/D,S/D,Colisión,Ninguna,Faltante,Ninguna,Sin restricción,"-32.926147, -60.716762","['Colombia', 'Vélez Sarsfield']",2,,-32.926147,-60.716762,55.0,538.0,Municipio Rosario,Municipio,Rosario,820210,Servicio de Catastro e Información Territorial,IGN
2018,9686,2018-09-23,Domingo,0.0,16:15:00,,0.0,3,"Taxi/Remis,Moto/Ciclomotor,Pickup/Utilitario",Bv. Wilde Bis Y Av. Genova,3,0,1,0,1,0,1,"-32.916720, -60.739420",Avenida,,ROSARIO,Rosario,Asfalto,No existe,II,Dentro,Urbana,Ninguna,No existe,Intersección,Bueno,Buena,Diurna,Buen Tiempo,Múltiple,S/D,Colisión,Ninguna,Faltante,Ninguna,Sin restricción,"-32.916720, -60.739420","['Bulevar Wilde', 'Genova']",2,,-32.91672,-60.73942,55.0,538.0,Municipio Rosario,Municipio,Rosario,820210,Servicio de Catastro e Información Territorial,IGN
2018,9689,2018-09-05,Miercoles,0.0,22:50:00,,0.0,2,"Automóvil,Transporte de Pasajeros Urbano (> 8 asientos)",Donado Bis Y Bv. Argentino,8,4,0,0,4,0,0,"-32.924181, -60.727637",Avenida,,ROSARIO,Rosario,Asfalto,No existe,II,Dentro,Urbana,Ninguna,No existe,Intersección,Bueno,Buena,Nocturna,Buen Tiempo,S/D,S/D,Colisión,Ninguna,Faltante,Ninguna,Sin restricción,"-32.924181, -60.727637","['Donado', 'Argentino']",2,,-32.924181,-60.727637,55.0,538.0,Municipio Rosario,Municipio,Rosario,820210,Servicio de Catastro e Información Territorial,IGN
2018,9691,2018-09-11,Martes,0.0,09:00:00,,0.0,2,"Automóvil,Bicicleta",Donado Y Bv. Argentino,3,1,0,0,2,0,0,"-32.924181, -60.727637",Calle,,ROSARIO,Rosario,Asfalto,No existe,II,Dentro,Urbana,Ninguna,No existe,Intersección,Bueno,Buena,Diurna,Buen Tiempo,S/D,Ciclista,Atropello,Ninguna,Faltante,Ninguna,Sin restricción,"-32.924181, -60.727637","['Donado', 'Argentino']",2,,-32.924181,-60.727637,55.0,538.0,Municipio Rosario,Municipio,Rosario,820210,Servicio de Catastro e Información Territorial,IGN
2018,9693,2018-09-02,Domingo,0.0,11:35:00,,0.0,2,"Automóvil,Peatón",Bv. Wilde 436,2,1,0,0,1,0,0,"-32.925543, -60.739045",Avenida,,ROSARIO,Rosario,Asfalto,No existe,II,Dentro,Urbana,Ninguna,No existe,Recta,Bueno,Buena,Diurna,Buen Tiempo,S/D,Peatón,Atropello,Ninguna,Faltante,Ninguna,Sin restricción,"-32.925543, -60.739045",['Wilde 436'],1,,-32.925543,-60.739045,55.0,538.0,Municipio Rosario,Municipio,Rosario,820210,Servicio de Catastro e Información Territorial,IGN
2018,9694,2018-08-18,Sabado,0.0,02:30:00,,0.0,2,"Tren,Peatón",Solis ,2,0,0,0,1,1,0,"-32.937919,-60.703477",Calle,,ROSARIO,Rosario,Asfalto,No existe,II,S/D,Urbana,Ninguna,No existe,Paso a Nivel FFCC,Bueno,S/D,Nocturna,S/D,S/D,Peatón,Atropello,Ninguna,S/D,"Ninguna,S/D",Sin restricción,"-32.937919,-60.703477",['Solis'],1,,-32.937919,-60.703477,55.0,538.0,Municipio Rosario,Municipio,Rosario,820210,Servicio de Catastro e Información Territorial,IGN
2018,9696,2018-09-03,Lunes,0.0,05:00:00,,0.0,1,Moto/Ciclomotor,Casilda Y Av. Provincias Unidas,2,1,0,0,1,0,0,"-32.929516, -60.713171",Avenida,,ROSARIO,Rosario,Asfalto,No existe,II,Dentro,Urbana,Paso Peatonal,No existe,Recta,Bueno,Buena,"Nocturna,Con luz artificial",Buen Tiempo,S/D,S/D,Caída ocupante,Ninguna,Horizontal,Ninguna,Sin restricción,"-32.929516, -60.713171","['Casilda', 'Avenida Provincias Unidas']",2,,-32.929516,-60.713171,55.0,538.0,Municipio Rosario,Municipio,Rosario,820210,Servicio de Catastro e Información Territorial,IGN
2018,9697,2018-09-03,Lunes,0.0,17:00:00,,0.0,2,"Automóvil,Moto/Ciclomotor",Bv. Wilde Bis Y La Republica,3,2,0,0,1,0,0,"-32.919350, -60.739287",Calle,,ROSARIO,Rosario,Asfalto,No existe,II,Dentro,Urbana,Ninguna,No existe,Intersección,Bueno,Buena,Diurna,Buen Tiempo,S/D,S/D,Colisión,Ninguna,Faltante,Ninguna,Sin restricción,"-32.919350, -60.739287","['Bulevar Wilde', 'La República']",2,,-32.91935,-60.739287,55.0,538.0,Municipio Rosario,Municipio,Rosario,820210,Servicio de Catastro e Información Territorial,IGN
2018,9698,2018-09-16,Domingo,0.0,21:10:00,,0.0,2,"Moto/Ciclomotor,Taxi/Remis",Tte.Agneta Bis Y Junin,6,4,0,0,2,0,0,"-32.927248, -60.700324",Calle,,ROSARIO,Rosario,Asfalto,No existe,II,Dentro,Urbana,Semáforo,Intermitente,Intersección,Bueno,Buena,"Nocturna,Con luz artificial",Buen Tiempo,Lateral,S/D,Colisión,Ninguna,Vertical,Ninguna,Sin restricción,"-32.927248, -60.700324","['Teniente Agneta', 'Junín']",2,,-32.927248,-60.700324,55.0,538.0,Municipio Rosario,Municipio,Rosario,820210,Servicio de Catastro e Información Territorial,IGN
2018,9702,2018-11-23,Viernes,0.0,19:30:00,,0.0,2,"Taxi/Remis,Automóvil",Salta Y Dorrego,2,1,0,0,1,0,0,"-32.937444444444,-60.647472222222",Calle,,ROSARIO,Rosario,Asfalto,No existe,II,Dentro,Urbana,Señal Pare,No existe,Intersección,Bueno,Buena,Atardecer,Buen Tiempo,De alcance,S/D,Colisión,Ninguna,Vertical,Línea divisoria pintada,Sin restricción,"-32.937444444444,-60.647472222222","['Salta', 'Dorrego']",2,,-32.937444444444,-60.647472222222,55.0,538.0,Municipio Rosario,Municipio,Rosario,820210,Servicio de Catastro e Información Territorial,IGN
2018,9704,2018-11-20,Martes,0.0,18:25:00,,0.0,2,"Bicicleta,Moto/Ciclomotor",Riobamba Y Ayacucho,2,1,0,0,1,0,0,"-32.965027777778,-60.631055555556",Calle,,ROSARIO,Rosario,S/D,S/D,II,S/D,Urbana,S/D,S/D,Intersección,S/D,S/D,Atardecer,S/D,S/D,Ciclista,Atropello,S/D,S/D,S/D,S/D,"-32.965027777778,-60.631055555556","['Riobamba', 'Ayacucho']",2,,-32.965027777778,-60.631055555556,55.0,538.0,Municipio Rosario,Municipio,Rosario,820210,Servicio de Catastro e Información Territorial,IGN
2018,9705,2018-11-06,Martes,0.0,18:20:00,,0.0,2,"Automóvil,Moto/Ciclomotor",JUAN PABLO II Y MENDOZA,3,1,1,0,1,0,0,"-32.94059, -60.72181",Avenida,,ROSARIO,Rosario,Asfalto,No existe,II,Dentro,Urbana,Ninguna,No existe,Recta,Bueno,S/D,Diurna,S/D,Otro,S/D,Colisión,S/D,S/D,Ninguna,Sin restricción,"-32.94059, -60.72181","['Juan Pablo II', 'Mendoza']",2,,-32.94059,-60.72181,55.0,538.0,Municipio Rosario,Municipio,Rosario,820210,Servicio de Catastro e Información Territorial,IGN
2018,9706,2018-11-21,Miercoles,0.0,18:00:00,,0.0,2,"Automóvil,Moto/Ciclomotor",Mendoza Y San Juan,2,1,0,0,1,0,0,"-32.940722222222,-60.699833333333",Calle,,ROSARIO,Rosario,S/D,S/D,II,S/D,Urbana,Ninguna,S/D,Intersección,S/D,S/D,Diurna,S/D,S/D,S/D,Colisión,S/D,S/D,S/D,S/D,"-32.940722222222,-60.699833333333","['Mendoza', 'San Juan']",2,,-32.940722222222,-60.699833333333,55.0,538.0,Municipio Rosario,Municipio,Rosario,820210,Servicio de Catastro e Información Territorial,IGN
2018,9707,2018-11-07,Miercoles,0.0,19:00:00,,0.0,2,"Peatón,Automóvil",Chubut Y Ricardo Rojas,2,1,0,0,1,0,0,"-32.945916666667,-60.725222222222",Calle,,ROSARIO,Rosario,Tierra,No existe,II,Dentro,Urbana,Ninguna,No existe,Otro,Otro,S/D,"Nocturna,Con luz artificial",Otro,S/D,Peatón,Atropello,S/D,S/D,Ninguna,Sin restricción,"-32.945916666667,-60.725222222222","['Chubut', 'Ricardo Rojas']",2,,-32.945916666667,-60.725222222222,55.0,538.0,Municipio Rosario,Municipio,Rosario,820210,Servicio de Catastro e Información Territorial,IGN
2018,9708,2018-11-17,Sabado,0.0,05:35:00,,0.0,2,"Moto/Ciclomotor,Pickup/Utilitario",Rueda Y Av. Corrientes,3,2,0,0,1,0,0,"-32.970277777778,-60.648555555556",Avenida,,ROSARIO,Rosario,Asfalto,No existe,II,Dentro,Urbana,Ninguna,S/D,Intersección,S/D,S/D,Amanecer,S/D,S/D,S/D,Colisión,S/D,S/D,S/D,Sin restricción,"-32.970277777778,-60.648555555556","['Rueda', 'Corrientes']",2,,-32.970277777778,-60.648555555556,55.0,538.0,Municipio Rosario,Municipio,Rosario,820210,Servicio de Catastro e Información Territorial,IGN
2018,9709,2018-11-08,Jueves,0.0,17:00:00,,0.0,2,"Automóvil,Taxi/Remis",Mendoza Y Brasil,2,1,0,0,1,0,0,"-32.940361111111,-60.719555555556",S/D,,ROSARIO,Rosario,Asfalto,Pavimento,II,S/D,S/D,Semáforo,Funciona,Recta,Bueno,S/D,"Diurna,Con luz artificial",S/D,Contra objeto fijo,S/D,Colisión,S/D,Vertical,Cordón divisorio,Sin restricción,"-32.940361111111,-60.719555555556","['Mendoza', 'Brasil']",2,,-32.940361111111,-60.719555555556,55.0,538.0,Municipio Rosario,Municipio,Rosario,820210,Servicio de Catastro e Información Territorial,IGN
2018,9712,2018-11-22,Jueves,0.0,11:35:00,,0.0,2,"Bicicleta,Automóvil",PJE MORCILLO 2200,2,1,0,0,1,0,0,"-32.95569, -60.65681",Calle,,ROSARIO,Rosario,Asfalto,S/D,II,Dentro,Urbana,Ninguna,No existe,Recta,S/D,Reducida,Diurna,Lluvia,S/D,Ciclista,Atropello,S/D,S/D,S/D,S/D,"-32.95569, -60.65681",['Pasaje Morcillo 2200'],1,,-32.95569,-60.65681,55.0,538.0,Municipio Rosario,Municipio,Rosario,820210,Servicio de Catastro e Información Territorial,IGN
2018,9721,2018-11-04,Domingo,0.0,23:00:00,,0.0,2,"Bicicleta,Automóvil",Fernandez Diaz 3100,2,1,0,0,1,0,0,"-32.9655,-60.728527777778",Calle,,ROSARIO,Rosario,Hormigón,Pavimento,II,Dentro,Urbana,Ninguna,No existe,Recta,Bueno,Buena,Nocturna,Buen Tiempo,De alcance,S/D,Colisión,Ninguna,Faltante,Ninguna,Sin restricción,"-32.9655,-60.728527777778",['Fernandez Diaz 3100'],1,,-32.9655,-60.728527777778,55.0,538.0,Municipio Rosario,Municipio,Rosario,820210,Servicio de Catastro e Información Territorial,IGN
2018,9727,2018-11-06,Martes,0.0,06:55:00,,0.0,2,"Pickup/Utilitario,Moto/Ciclomotor",P.L.Funes Y Virasoro,2,0,1,0,1,0,0,"-32.961277777778,-60.700361111111",Calle,,ROSARIO,Rosario,Asfalto,No existe,II,S/D,Urbana,Ninguna,No existe,Intersección,Bueno,Buena,Diurna,Buen Tiempo,Lateral,S/D,Colisión,Ninguna,Faltante,Ninguna,Sin restricción,"-32.961277777778,-60.700361111111","['Funes', 'Virasoro']",2,,-32.961277777778,-60.700361111111,55.0,538.0,Municipio Rosario,Municipio,Rosario,820210,Servicio de Catastro e Información Territorial,IGN
2018,9733,2018-09-24,Lunes,0.0,17:30:00,,0.0,2,"Moto/Ciclomotor,Automóvil",Pje. Ghandi Y Solis Bis,2,1,0,0,1,0,0,"-32.925218, -60.704008",Calle,,ROSARIO,Rosario,Asfalto,No existe,II,Dentro,Urbana,Ninguna,No existe,Intersección,Deteriorada,Buena,Atardecer,Buen Tiempo,Lateral,S/D,Colisión,Ninguna,Faltante,Ninguna,Sin restricción,"-32.925218, -60.704008","['Ghandi', 'Solis']",2,,-32.925218,-60.704008,55.0,538.0,Municipio Rosario,Municipio,Rosario,820210,Servicio de Catastro e Información Territorial,IGN
2018,9735,2018-09-02,Domingo,0.0,18:40:00,,0.0,2,"Automóvil,Moto/Ciclomotor",Pje. Alemania Y Rep.Dominicana,4,1,0,0,3,0,0,"-32.927741, -60.689924",Calle,,ROSARIO,Rosario,Asfalto,Pavimento,II,Dentro,Urbana,Ninguna,No existe,Intersección,Bueno,Buena,Atardecer,Buen Tiempo,Lateral,S/D,Colisión,Ninguna,Faltante,Ninguna,Sin restricción,"-32.927741, -60.689924","['Alemania', 'República Dominicana']",2,,-32.927741,-60.689924,55.0,538.0,Municipio Rosario,Municipio,Rosario,820210,Servicio de Catastro e Información Territorial,IGN
2018,9738,2018-09-14,Viernes,0.0,18:45:00,,0.0,2,"Moto/Ciclomotor,Automóvil",Juan B.De La Salle Y Solis Bis,3,2,0,0,1,0,0,"-32.922250, -60.704108",Calle,,ROSARIO,Rosario,Asfalto,No existe,II,Dentro,Urbana,Ninguna,No existe,Intersección,Bueno,Buena,Nocturna,Buen Tiempo,Lateral,S/D,Colisión,Ninguna,Faltante,Ninguna,Sin restricción,"-32.922250, -60.704108","['De La Salle', 'Solis']",2,,-32.92225,-60.704108,55.0,538.0,Municipio Rosario,Municipio,Rosario,820210,Servicio de Catastro e Información Territorial,IGN
2018,9740,2018-09-04,Martes,0.0,16:15:00,,0.0,2,"Automóvil,Moto/Ciclomotor",Urquiza Y Lima,2,1,0,0,1,0,0,"-32.934878, -60.682345",Calle,,ROSARIO,Rosario,Asfalto,No existe,II,Dentro,Urbana,Ninguna,No existe,Intersección,Bueno,Buena,Atardecer,Buen Tiempo,Lateral,S/D,Colisión,Ninguna,Faltante,Ninguna,Sin restricción,"-32.934878, -60.682345","['Urquiza', 'Lima']",2,,-32.934878,-60.682345,55.0,538.0,Municipio Rosario,Municipio,Rosario,820210,Servicio de Catastro e Información Territorial,IGN
2018,9742,2018-09-06,Jueves,0.0,12:30:00,,0.0,2,"Pickup/Utilitario,Moto/Ciclomotor",Velez Sarsfield Y Cullen Bis,3,2,0,0,1,0,0,"-32.927500, -60.709666",Calle,,ROSARIO,Rosario,Asfalto,No existe,II,Dentro,Urbana,Ninguna,No existe,Intersección,Deteriorada,Buena,Diurna,Buen Tiempo,Lateral,S/D,Colisión,Ninguna,Faltante,Ninguna,Sin restricción,"-32.927500, -60.709666","['Vélez Sarsfield', 'Cullen']",2,,-32.9275,-60.709666,55.0,538.0,Municipio Rosario,Municipio,Rosario,820210,Servicio de Catastro e Información Territorial,IGN
2018,9744,2018-09-01,Sabado,0.0,14:40:00,,0.0,2,"Automóvil,Moto/Ciclomotor",BERNINI Y JUAN PABLO II,2,1,0,0,1,0,0,"-32.889035, -60.715373",Calle,,ROSARIO,Rosario,Asfalto,No existe,II,Dentro,Urbana,Ninguna,No existe,Intersección,Bueno,Buena,Diurna,Buen Tiempo,Lateral,S/D,Colisión,Ninguna,Faltante,Ninguna,Sin restricción,"-32.889035, -60.715373","['Berrini', 'Juan Pablo II']",2,,-32.889035,-60.715373,55.0,538.0,Municipio Rosario,Municipio,Rosario,820210,Servicio de Catastro e Información Territorial,IGN
2018,9746,2018-09-21,Viernes,0.0,11:20:00,,0.0,2,"Transporte de Pasajeros Urbano (> 8 asientos),Moto/Ciclomotor",Casiano Casas Y Baigorria,2,1,0,0,1,0,0,"-32.893913, -60.716343",Calle,,ROSARIO,Rosario,Asfalto,No existe,II,Dentro,Urbana,Ninguna,Funciona,Intersección,Bueno,Buena,Diurna,Buen Tiempo,S/D,S/D,Colisión,Ninguna,"Horizontal,Vertical",Ninguna,Sin restricción,"-32.893913, -60.716343","['Avenida Casiano Casas', 'Baigorria']",2,,-32.893913,-60.716343,55.0,538.0,Municipio Rosario,Municipio,Rosario,820210,Servicio de Catastro e Información Territorial,IGN
2018,9748,2018-09-22,Sabado,0.0,21:00:00,,0.0,2,"Peatón,Pickup/Utilitario",Irala Y Berna,3,1,0,0,2,0,0,"-32.874546, -60.730205",Calle,,ROSARIO,Rosario,Asfalto,No existe,II,Dentro,Urbana,Ninguna,No existe,Intersección,Deteriorada,Buena,Atardecer,Buen Tiempo,S/D,Peatón,Atropello,Ninguna,Faltante,Ninguna,Sin restricción,"-32.874546, -60.730205","['Irala', 'Berna']",2,,-32.874546,-60.730205,55.0,538.0,Municipio Rosario,Municipio,Rosario,820210,Servicio de Catastro e Información Territorial,IGN
2018,9750,2018-09-12,Miercoles,0.0,10:00:00,,0.0,2,"Camión,Moto/Ciclomotor",Bv. Bouchard 3800,2,1,0,0,1,0,0,"-32.890583, -60.739474",Avenida,,ROSARIO,Rosario,Asfalto,No existe,II,Dentro,Urbana,Ninguna,No existe,Intersección,Deteriorada,Buena,Diurna,Buen Tiempo,S/D,S/D,Colisión,Ninguna,Faltante,Ninguna,Sin restricción,"-32.890583, -60.739474",['Bouchard 3800'],1,,-32.890583,-60.739474,55.0,538.0,Municipio Rosario,Municipio,Rosario,820210,Servicio de Catastro e Información Territorial,IGN
2018,9752,2018-09-20,Jueves,0.0,20:00:00,,0.0,2,"Pickup/Utilitario,Moto/Ciclomotor",Schweitzer Y Calle 1426 Bis,2,1,0,0,1,0,0,"-32.914824, -60.771719",Calle,,ROSARIO,Rosario,Asfalto,No existe,II,Dentro,Urbana,Señal Pare,No existe,Intersección,Bueno,Buena,Atardecer,Buen Tiempo,S/D,S/D,Colisión,Ninguna,Vertical,Ninguna,Sin restricción,"-32.914824, -60.771719","['Albert Schweitzer', 'Aduana']",2,,-32.914824,-60.771719,55.0,538.0,Municipio Rosario,Municipio,Rosario,820210,Servicio de Catastro e Información Territorial,IGN
2018,9753,2018-09-12,Miercoles,0.0,13:00:00,,0.0,2,"Transporte de Pasajeros,Moto/Ciclomotor",Vieytes Y Av. J.Suarez,2,1,0,0,1,0,0,"-32.888005, -60.730679",Calle,,ROSARIO,Rosario,Asfalto,No existe,II,Dentro,Urbana,Ninguna,No existe,Intersección,Deteriorada,Buena,Diurna,Buen Tiempo,De alcance,S/D,Colisión,Ninguna,Faltante,Ninguna,Sin restricción,"-32.888005, -60.730679","['Vieytes', 'Suarez']",2,,-32.888005,-60.730679,55.0,538.0,Municipio Rosario,Municipio,Rosario,820210,Servicio de Catastro e Información Territorial,IGN
2018,9758,2018-11-06,Martes,0.0,13:00:00,,0.0,2,"Bicicleta,Automóvil",Bv. 27 De Febrero Y Magallanes,2,1,0,0,1,0,0,"-32.95925,-60.70375",Avenida,,ROSARIO,Rosario,Asfalto,Pavimento,II,Dentro,Urbana,Ninguna,No existe,Recta,Bueno,Buena,Diurna,Buen Tiempo,"Frontal,Lateral",Ciclista,Atropello,Ninguna,Faltante,Barrera de hormigón,Sin restricción,"-32.95925,-60.70375","['27 de Febrero', 'Magallanes']",2,,-32.95925,-60.70375,55.0,538.0,Municipio Rosario,Municipio,Rosario,820210,Servicio de Catastro e Información Territorial,IGN
2018,9761,2018-11-05,Lunes,0.0,22:50:00,,0.0,2,"Moto/Ciclomotor,Automóvil",Av de los inmigrantes Y Bv. 27 De Febrero,4,3,0,0,1,0,0,"-32.95925,-60.711944444444",Avenida,,ROSARIO,Rosario,Asfalto,Pavimento,II,Dentro,Urbana,S/D,Funciona,Intersección,Bueno,Buena,Nocturna,Buen Tiempo,Frontal,S/D,Colisión,Ninguna,Faltante,Barrera de hormigón,Sin restricción,"-32.95925,-60.711944444444","['Los Inmigrantes', '27 de Febrero']",2,,-32.95925,-60.711944444444,55.0,538.0,Municipio Rosario,Municipio,Rosario,820210,Servicio de Catastro e Información Territorial,IGN
2018,9764,2018-11-05,Lunes,0.0,18:00:00,,0.0,3,"Moto/Ciclomotor,Automóvil,Peatón",BV. FEBRERO Y JUAN PABLO II,4,2,0,0,2,0,0,"-32.95964, -60.72033",Avenida,,ROSARIO,Rosario,Asfalto,Pavimento,II,Dentro,Urbana,Semáforo,Funciona,Intersección,Bueno,Buena,Amanecer,Buen Tiempo,Frontal,Peatón,Atropello,Ninguna,S/D,Barrera de hormigón,Sin restricción,"-32.95964, -60.72033","['3 de Febrero', 'Juan Pablo II']",2,,-32.95964,-60.72033,55.0,538.0,Municipio Rosario,Municipio,Rosario,820210,Servicio de Catastro e Información Territorial,IGN