anio_acci,nro_acci,fecha,desc_dia,fecha_aprox,hora_aprox,desc_ruta,km,cant_participantes,desc_participante,calle_avenida_km,total,heridos_leves,heridos_graves,heridos_gravisimos,ilesos,fallecidos,sin_datos,posicion_XY,desc_tipo_via,desc_ruta_ori,desc_loc,desc_dpto,desc_tipo_calzada,desc_tipo_banquina,desc_unidad_regional,desc_lugar_calzada,desc_zona,desc_prioridad,desc_estado_semaforo,desc_lugar_via,desc_estado_via,desc_estado_visibilidad,desc_luminosidad,desc_estado_clima,desc_tipo_colision,desc_tipo_atropello,desc_tipo_hecho,desc_pres_calzada,desc_senializacion,desc_separacion_via,desc_restriccion,forma_geocod,calle_lista,numero_calles,calles_osm,lat,lon,index_right,gid,fna,gna,nam,in1,fdc,sag
2018,9767,2018-11-05,Lunes,0.0,14:35:00,,0.0,2,"Moto/Ciclomotor,Taxi/Remis",Garibaldi Y Pje. Patagones,3,2,0,0,1,0,0,"-32.98059, -60.67819",Calle,,ROSARIO,Rosario,Hormigón,No existe,II,Dentro,Urbana,Ninguna,No existe,Intersección,Bueno,Buena,Diurna,Buen Tiempo,De alcance,S/D,Colisión,Ninguna,Faltante,Ninguna,Sin restricción,"-32.98059, -60.67819","['José Garibaldi', 'Patagones']",2,,-32.98059,-60.67819,55.0,538.0,Municipio Rosario,Municipio,Rosario,820210,Servicio de Catastro e Información Territorial,IGN
2018,9768,2018-11-02,Viernes,0.0,01:00:00,,0.0,1,Automóvil,Av. Pte.Peron 7700,2,2,0,0,0,0,0,"-32.973805555556,-60.723194444444",Avenida,,ROSARIO,Rosario,Asfalto,Pavimento,II,S/D,Urbana,Semáforo,Funciona,Recta,Bueno,Buena,Nocturna,Buen Tiempo,Contra objeto fijo,S/D,Despiste,Ninguna,Faltante,Barrera de hormigón,Sin restricción,"-32.973805555556,-60.723194444444",['Presidenteperon 7700'],1,,-32.973805555556,-60.723194444444,55.0,538.0,Municipio Rosario,Municipio,Rosario,820210,Servicio de Catastro e Información Territorial,IGN
2018,9769,2018-11-04,Domingo,0.0,02:00:00,,0.0,2,"Moto/Ciclomotor,Transporte de Pasajeros Larga Distancia (> 8 asientos)",Bv. 27 De Febrero Y Av. Provincias Unidas,2,1,0,0,1,0,0,"-32.95925,-60.711944444444",Avenida,,ROSARIO,Rosario,Asfalto,Pavimento,II,Dentro,Urbana,Semáforo,Funciona,Intersección,Bueno,Buena,Nocturna,Buen Tiempo,Frontal,S/D,Colisión,Ninguna,Faltante,Barrera de hormigón,Sin restricción,"-32.95925,-60.711944444444","['27 de Febrero', 'Avenida Provincias Unidas']",2,,-32.95925,-60.711944444444,55.0,538.0,Municipio Rosario,Municipio,Rosario,820210,Servicio de Catastro e Información Territorial,IGN
2018,9770,2018-11-04,Domingo,0.0,18:50:00,,0.0,1,Moto/Ciclomotor,Ecuador 2400,2,2,0,0,0,0,0,"-32.956944444444,-60.714305555556",Calle,,ROSARIO,Rosario,Asfalto,Pavimento,II,Dentro,Urbana,Ninguna,No existe,Recta,Bueno,Buena,Diurna,Buen Tiempo,Atropello animal,S/D,Colisión,Ninguna,Faltante,Ninguna,Sin restricción,"-32.956944444444,-60.714305555556",['Ecuador 2400'],1,,-32.956944444444,-60.714305555556,55.0,538.0,Municipio Rosario,Municipio,Rosario,820210,Servicio de Catastro e Información Territorial,IGN
2018,9773,2018-11-04,Domingo,0.0,19:45:00,,0.0,2,"Moto/Ciclomotor,Automóvil",Bv. Avellaneda Y Av. Uriburu,5,2,0,0,3,0,0,"-32.991888888889,-60.689333333333",Avenida,,ROSARIO,Rosario,Asfalto,Pavimento,II,Dentro,Urbana,Ninguna,Funciona,Recta,Bueno,Buena,Nocturna,Buen Tiempo,Frontal,S/D,Colisión,Ninguna,Faltante,Barrera de hormigón,Sin restricción,"-32.991888888889,-60.689333333333","['Avellaneda', 'Uriburu']",2,,-32.991888888889,-60.689333333333,55.0,538.0,Municipio Rosario,Municipio,Rosario,820210,Servicio de Catastro e Información Territorial,IGN
2018,9781,2018-11-25,Domingo,0.0,20:45:00,,0.0,1,Moto/Ciclomotor,L.del Desierto 3500,1,0,1,0,0,0,0,"-32.9825,-60.681444444444",Calle,,ROSARIO,Rosario,Asfalto,No existe,II,S/D,Urbana,S/D,S/D,Recta,S/D,S/D,Nocturna,S/D,Contra objeto fijo,S/D,Colisión,S/D,S/D,Ninguna,S/D,"-32.9825,-60.681444444444",['L Del Desierto 3500'],1,,-32.9825,-60.681444444444,55.0,538.0,Municipio Rosario,Municipio,Rosario,820210,Servicio de Catastro e Información Territorial,IGN
2018,9803,2018-09-07,Viernes,0.0,18:45:00,,0.0,2,"Automóvil,Bicicleta",Montevideo Y Constitucion,2,1,0,0,1,0,0,"-32.949766, -60.676141",Calle,,ROSARIO,Rosario,Asfalto,No existe,II,Dentro,Urbana,Ninguna,No existe,Intersección,Con baches,Buena,Atardecer,Buen Tiempo,S/D,Ciclista,Atropello,Ninguna,Faltante,Ninguna,Sin restricción,"-32.949766, -60.676141","['Montevideo', 'Constitución']",2,,-32.949766,-60.676141,55.0,538.0,Municipio Rosario,Municipio,Rosario,820210,Servicio de Catastro e Información Territorial,IGN
2018,9805,2018-09-15,Sabado,0.0,15:45:00,,0.0,2,"Moto/Ciclomotor,Automóvil",Constitucion Y Av. Pte.Peron,2,0,1,0,1,0,0,"-32.956971, -60.677941",Avenida,,ROSARIO,Rosario,Asfalto,No existe,II,Dentro,Urbana,Semáforo,Funciona,Intersección,Bueno,Buena,Diurna,Buen Tiempo,Lateral,S/D,Colisión,Ninguna,"Horizontal,Vertical","Cordón divisorio,Línea divisoria pintada",Sin restricción,"-32.956971, -60.677941","['Constitución', 'Avenida Presidente Perón']",2,,-32.956971,-60.677941,55.0,538.0,Municipio Rosario,Municipio,Rosario,820210,Servicio de Catastro e Información Territorial,IGN
2018,9806,2018-09-27,Jueves,0.0,21:45:00,,0.0,2,"Moto/Ciclomotor,Automóvil",Av. Pellegrini Y P.L.Funes,3,2,0,0,1,0,0,"-32.948196002116,-60.700868528971",Avenida,,ROSARIO,Rosario,Asfalto,No existe,II,Dentro,Urbana,Semáforo,Funciona,Intersección,Bueno,Buena,Nocturna,Buen Tiempo,Lateral,S/D,Colisión,Ninguna,Vertical,"Cordón divisorio,Línea divisoria pintada",Sin restricción,"-32.948196002116,-60.700868528971","['Pellegrini', 'Funes']",2,,-32.948196002116,-60.700868528971,55.0,538.0,Municipio Rosario,Municipio,Rosario,820210,Servicio de Catastro e Información Territorial,IGN
2018,9807,2018-09-21,Viernes,0.0,01:50:00,,0.0,2,"Automóvil,Automóvil",Garzon Y Av. Eva Peron,2,1,0,0,1,0,0,"-32.934288, -60.705948",Avenida,,ROSARIO,Rosario,Asfalto,No existe,II,Dentro,Urbana,Semáforo,Funciona,Intersección,Bueno,Buena,"Nocturna,Con luz artificial",Buen Tiempo,Lateral,S/D,Colisión,Ninguna,"Horizontal,Vertical","Cordón divisorio,Vegetación,Línea divisoria pintada",Sin restricción,"-32.934288, -60.705948","['Garzón', 'Avenida Eva Perón']",2,,-32.934288,-60.705948,55.0,538.0,Municipio Rosario,Municipio,Rosario,820210,Servicio de Catastro e Información Territorial,IGN
2018,9808,2018-09-19,Miercoles,0.0,,,0.0,2,"Moto/Ciclomotor,Pickup/Utilitario",Tte.Agneta Y Av. Eva Peron,3,2,0,0,1,0,0,"-32.935360, -60.700033",Avenida,,ROSARIO,Rosario,Asfalto,No existe,II,Dentro,Urbana,Paso Peatonal,No existe,Intersección,Bueno,Buena,S/D,Buen Tiempo,Lateral,S/D,Colisión,Ninguna,Horizontal,Cordón divisorio,Sin restricción,"-32.935360, -60.700033","['Teniente Agneta', 'Avenida Eva Perón']",2,,-32.93536,-60.700033,55.0,538.0,Municipio Rosario,Municipio,Rosario,820210,Servicio de Catastro e Información Territorial,IGN
2018,9811,2018-11-23,Viernes,0.0,15:50:00,,0.0,2,"Automóvil,Moto/Ciclomotor",Necochea Y E.Zeballos,2,1,0,0,1,0,0,"-32.957527777778,-60.626361111111",Calle,,ROSARIO,Rosario,S/D,S/D,II,S/D,Urbana,Ninguna,No existe,Intersección,S/D,S/D,Diurna,S/D,S/D,S/D,Colisión,S/D,S/D,S/D,Sin restricción,"-32.957527777778,-60.626361111111","['Necochea', 'Zeballos']",2,,-32.957527777778,-60.626361111111,55.0,538.0,Municipio Rosario,Municipio,Rosario,820210,Servicio de Catastro e Información Territorial,IGN
2018,9812,2018-11-25,Domingo,0.0,07:15:00,,0.0,2,"Moto/Ciclomotor,Automóvil",San Nicolas Y Catamarca,2,1,0,0,1,0,0,"-32.934472222222,-60.670861111111",Calle,,ROSARIO,Rosario,S/D,S/D,II,S/D,Urbana,S/D,S/D,Intersección,S/D,S/D,Diurna,S/D,S/D,S/D,Colisión,S/D,S/D,S/D,S/D,"-32.934472222222,-60.670861111111","['San Nicolás', 'Catamarca']",2,,-32.934472222222,-60.670861111111,55.0,538.0,Municipio Rosario,Municipio,Rosario,820210,Servicio de Catastro e Información Territorial,IGN
2018,9814,2018-11-23,Viernes,0.0,17:50:00,,0.0,2,"Automóvil,Moto/Ciclomotor",Necochea Y La Paz,3,2,0,0,1,0,0,"-32.966666666667,-60.628611111111",Calle,,ROSARIO,Rosario,Asfalto,S/D,II,S/D,Urbana,Ninguna,S/D,Intersección,S/D,S/D,Diurna,S/D,S/D,S/D,Colisión,S/D,S/D,S/D,Sin restricción,"-32.966666666667,-60.628611111111","['Necochea', 'La Paz']",2,,-32.966666666667,-60.628611111111,55.0,538.0,Municipio Rosario,Municipio,Rosario,820210,Servicio de Catastro e Información Territorial,IGN
2018,9818,2018-11-23,Viernes,0.0,15:45:00,,0.0,2,"Moto/Ciclomotor,Automóvil",Pte.Roca Y GÁLVEZ,3,2,0,0,1,0,0,"-32.9675,-60.65075",Calle,,ROSARIO,Rosario,Asfalto,No existe,II,S/D,Urbana,S/D,S/D,Intersección,S/D,Buena,Diurna,S/D,S/D,S/D,Colisión,S/D,S/D,S/D,Sin restricción,"-32.9675,-60.65075","['Roca', 'Glave']",2,,-32.9675,-60.65075,55.0,538.0,Municipio Rosario,Municipio,Rosario,820210,Servicio de Catastro e Información Territorial,IGN
2018,9819,2018-11-25,Domingo,0.0,22:55:00,,0.0,2,"Moto/Ciclomotor,Automóvil",Cordoba Y Av. Ovidio Lagos,2,1,0,0,1,0,0,"-32.94225,-60.661444444444",Calle,,ROSARIO,Rosario,S/D,S/D,II,S/D,Urbana,S/D,S/D,Intersección,S/D,S/D,Nocturna,S/D,S/D,S/D,Colisión,S/D,S/D,S/D,S/D,"-32.94225,-60.661444444444","['Córdoba', 'Avenida Ovidio Lagos']",2,,-32.94225,-60.661444444444,55.0,538.0,Municipio Rosario,Municipio,Rosario,820210,Servicio de Catastro e Información Territorial,IGN
2018,9831,2018-09-04,Martes,0.0,20:00:00,,0.0,2,"Moto/Ciclomotor,Automóvil",Cerrito Y Liniers,2,1,0,0,1,0,0,"-32.952965, -60.698063",Calle,,ROSARIO,Rosario,Asfalto,No existe,II,Dentro,Urbana,Ninguna,No existe,Intersección,Bueno,Buena,Nocturna,Buen Tiempo,Lateral,S/D,Colisión,Ninguna,Faltante,Ninguna,Sin restricción,"-32.952965, -60.698063","['Cerrito', 'Liniers']",2,,-32.952965,-60.698063,55.0,538.0,Municipio Rosario,Municipio,Rosario,820210,Servicio de Catastro e Información Territorial,IGN
2018,9833,2018-09-03,Lunes,0.0,12:56:00,,0.0,2,"Moto/Ciclomotor,Automóvil",Mendoza Y Colombia,3,1,0,0,2,0,0,"-32.940280, -60.716148",Calle,,ROSARIO,Rosario,Asfalto,No existe,II,Dentro,Urbana,Paso Peatonal,No existe,Intersección,Bueno,Buena,Diurna,Buen Tiempo,Lateral,S/D,Colisión,Ninguna,Horizontal,"Cordón divisorio,Línea divisoria pintada",Sin restricción,"-32.940280, -60.716148","['Mendoza', 'Colombia']",2,,-32.94028,-60.716148,55.0,538.0,Municipio Rosario,Municipio,Rosario,820210,Servicio de Catastro e Información Territorial,IGN
2018,9835,2018-09-05,Miercoles,0.0,07:45:00,,0.0,2,"Moto/Ciclomotor,Automóvil",Mendoza Y Magallanes,2,1,0,0,1,0,0,"-32.940040, -60.704520",Avenida,,ROSARIO,Rosario,Asfalto,No existe,II,Dentro,Urbana,Semáforo,Funciona,Intersección,Bueno,Buena,Amanecer,Buen Tiempo,Lateral,S/D,Colisión,Ninguna,"Horizontal,Vertical",Cordón divisorio,Sin restricción,"-32.940040, -60.704520","['Mendoza', 'Magallanes']",2,,-32.94004,-60.70452,55.0,538.0,Municipio Rosario,Municipio,Rosario,820210,Servicio de Catastro e Información Territorial,IGN
2018,9837,2018-09-01,Sabado,0.0,22:40:00,,0.0,2,"Moto/Ciclomotor,Otros",Cullen Y Cerrito,2,1,0,0,0,0,1,"-32.953253, -60.708576",Calle,,ROSARIO,Rosario,Asfalto,No existe,II,Dentro,Urbana,Ninguna,No existe,Intersección,Bueno,Buena,Nocturna,Buen Tiempo,Lateral,S/D,Colisión,Ninguna,Faltante,Ninguna,Sin restricción,"-32.953253, -60.708576","['Cullen', 'Cerrito']",2,,-32.953253,-60.708576,55.0,538.0,Municipio Rosario,Municipio,Rosario,820210,Servicio de Catastro e Información Territorial,IGN
2018,9840,2018-09-29,Sabado,0.0,20:15:00,,0.0,2,"Automóvil,Moto/Ciclomotor",Riobamba Y Pascual Rosas,2,0,1,0,1,0,0,"-32.953887, -60.689998",Calle,,ROSARIO,Rosario,Asfalto,No existe,II,Dentro,Urbana,Ninguna,No existe,Intersección,Bueno,Buena,Nocturna,Buen Tiempo,S/D,S/D,Colisión,Ninguna,Faltante,Ninguna,Sin restricción,"-32.953887, -60.689998","['Riobamba', 'Pascual Rosas']",2,,-32.953887,-60.689998,55.0,538.0,Municipio Rosario,Municipio,Rosario,820210,Servicio de Catastro e Información Territorial,IGN
2018,9842,2018-09-25,Martes,0.0,17:10:00,,0.0,2,"Moto/Ciclomotor,Automóvil",Viamonte Y Av. Francia,4,1,1,0,2,0,0,"-32.960431, -60.670215",Avenida,,ROSARIO,Rosario,Asfalto,No existe,II,Dentro,Urbana,Otra Señal,No existe,Intersección,Bueno,Buena,Diurna,Buen Tiempo,S/D,S/D,Colisión,Ninguna,"Horizontal,Vertical","Cordón divisorio,Vegetación,Línea divisoria pintada",Sin restricción,"-32.960431, -60.670215","['Viamonte', 'Avenida Francia']",2,,-32.960431,-60.670215,55.0,538.0,Municipio Rosario,Municipio,Rosario,820210,Servicio de Catastro e Información Territorial,IGN
2018,9844,2018-09-26,Miercoles,0.0,14:15:00,,0.0,2,"Automóvil,Moto/Ciclomotor",Ocampo Y Fraga,5,2,0,0,3,0,0,"-32.957965, -60.709563",Calle,,ROSARIO,Rosario,Asfalto,No existe,II,Dentro,Urbana,Ninguna,No existe,Recta,Bueno,Buena,Diurna,Buen Tiempo,S/D,S/D,Colisión,Ninguna,Faltante,Ninguna,Sin restricción,"-32.957965, -60.709563","['Ocampo', 'Fraga']",2,,-32.957965,-60.709563,55.0,538.0,Municipio Rosario,Municipio,Rosario,820210,Servicio de Catastro e Información Territorial,IGN
2018,9846,2018-09-24,Lunes,0.0,12:10:00,,0.0,2,"Moto/Ciclomotor,Automóvil",Valparaiso Y La Paz,2,2,0,0,0,0,0,"-32.956329, -60.686372",Calle,,ROSARIO,Rosario,Asfalto,No existe,II,Dentro,Urbana,Ninguna,No existe,Intersección,Bueno,Buena,Diurna,Buen Tiempo,Lateral,S/D,Colisión,Ninguna,Faltante,Ninguna,Sin restricción,"-32.956329, -60.686372","['Valparaíso', 'La Paz']",2,,-32.956329,-60.686372,55.0,538.0,Municipio Rosario,Municipio,Rosario,820210,Servicio de Catastro e Información Territorial,IGN
2018,9848,2018-09-23,Domingo,0.0,19:15:00,,0.0,2,"Moto/Ciclomotor,Automóvil",Rivarola 6900,3,3,0,0,0,0,0,"-32.965814, -60.714317",Avenida,,ROSARIO,Rosario,Asfalto,No existe,II,Dentro,Urbana,Ninguna,No existe,Recta,Bueno,Buena,Nocturna,Buen Tiempo,S/D,S/D,Colisión,Ninguna,Faltante,Ninguna,Sin restricción,"-32.965814, -60.714317",['Rivarola 6900'],1,,-32.965814,-60.714317,55.0,538.0,Municipio Rosario,Municipio,Rosario,820210,Servicio de Catastro e Información Territorial,IGN
2018,9851,2018-09-23,Domingo,0.0,06:50:00,,0.0,1,Moto/Ciclomotor,Saavedra Y Calle 1825,1,1,0,0,0,0,0,"-32.969674, -60.711374",Calle,,ROSARIO,Rosario,Asfalto,No existe,II,Dentro,Urbana,Paso Peatonal,No existe,Intersección,Bueno,Buena,Amanecer,Buen Tiempo,Atropello animal,S/D,Colisión,Ninguna,"Horizontal,Vertical",Cordón divisorio,Sin restricción,"-32.969674, -60.711374","['Saavedra', 'Calle 1825']",2,,-32.969674,-60.711374,55.0,538.0,Municipio Rosario,Municipio,Rosario,820210,Servicio de Catastro e Información Territorial,IGN
2018,9852,2018-09-21,Viernes,0.0,20:35:00,,0.0,2,"Automóvil,Moto/Ciclomotor",Gutenberg Y Pje. De Nito,3,1,0,0,2,0,0,"-32.950188, -60.690479",Calle,,ROSARIO,Rosario,Asfalto,No existe,II,Dentro,Urbana,Ninguna,No existe,Recta,Bueno,Buena,Nocturna,Buen Tiempo,S/D,S/D,Colisión,Ninguna,Faltante,Ninguna,Sin restricción,"-32.950188, -60.690479","['Gutenberg', 'Pasaje De Nito']",2,,-32.950188,-60.690479,55.0,538.0,Municipio Rosario,Municipio,Rosario,820210,Servicio de Catastro e Información Territorial,IGN
2018,9858,2018-09-17,Lunes,0.0,09:30:00,,0.0,2,"Moto/Ciclomotor,Automóvil",Viamonte Y Gutenberg,2,1,0,0,1,0,0,"-32.956497, -60.692047",Calle,,ROSARIO,Rosario,Asfalto,No existe,II,Dentro,Urbana,Ninguna,No existe,Recta,Bueno,Buena,Diurna,Buen Tiempo,S/D,S/D,Colisión,Ninguna,Faltante,Ninguna,Sin restricción,"-32.956497, -60.692047","['Viamonte', 'Gutenberg']",2,,-32.956497,-60.692047,55.0,538.0,Municipio Rosario,Municipio,Rosario,820210,Servicio de Catastro e Información Territorial,IGN
2018,9861,2018-09-21,Viernes,0.0,11:30:00,,0.0,2,"Moto/Ciclomotor,Camión c / Acoplado",Amenabar Y Av. Provincias Unidas,3,1,0,0,2,0,0,"-32.963967, -60.711579",Avenida,,ROSARIO,Rosario,Asfalto,No existe,II,Dentro,Urbana,Ninguna,No existe,Intersección,Bueno,Buena,Diurna,Buen Tiempo,Lateral,S/D,Colisión,Ninguna,Faltante,Ninguna,Sin restricción,"-32.963967, -60.711579","['Amenabar', 'Avenida Provincias Unidas']",2,,-32.963967,-60.711579,55.0,538.0,Municipio Rosario,Municipio,Rosario,820210,Servicio de Catastro e Información Territorial,IGN
2018,9862,2018-09-18,Martes,0.0,13:00:00,,0.0,2,"Moto/Ciclomotor,Taxi/Remis",Iriondo Y GÁLVEZ,2,1,0,0,1,0,0,"-32.963134, -60.675249",Calle,,ROSARIO,Rosario,Asfalto,No existe,II,Dentro,Urbana,Ninguna,No existe,Intersección,Bueno,Buena,Diurna,Buen Tiempo,S/D,S/D,Colisión,Ninguna,Faltante,Ninguna,Sin restricción,"-32.963134, -60.675249","['Iriondo', 'Glave']",2,,-32.963134,-60.675249,55.0,538.0,Municipio Rosario,Municipio,Rosario,820210,Servicio de Catastro e Información Territorial,IGN
2018,9863,2018-09-15,Sabado,0.0,14:50:00,,0.0,2,"Moto/Ciclomotor,Automóvil",Pje. Volta Y Colombia,2,2,0,0,0,0,0,"-32.958724, -60.715158",Calle,,ROSARIO,Rosario,Asfalto,No existe,II,Dentro,Urbana,Ninguna,No existe,Recta,Bueno,Buena,Diurna,Buen Tiempo,Lateral,S/D,Colisión,Ninguna,Faltante,Ninguna,Sin restricción,"-32.958724, -60.715158","['Volta', 'Colombia']",2,,-32.958724,-60.715158,55.0,538.0,Municipio Rosario,Municipio,Rosario,820210,Servicio de Catastro e Información Territorial,IGN
2018,9864,2018-09-15,Sabado,0.0,21:00:00,,0.0,2,"Automóvil,Bicicleta",Av. Provincias Unidas 2800,2,0,1,0,1,0,0,"-32.960356, -60.711731",Avenida,,ROSARIO,Rosario,Asfalto,No existe,II,Dentro,Urbana,Ninguna,No existe,Recta,Bueno,Buena,Nocturna,Buen Tiempo,S/D,Ciclista,Atropello,Ninguna,Faltante,Ninguna,Sin restricción,"-32.960356, -60.711731",['Provincias Unidas 2800'],1,,-32.960356,-60.711731,55.0,538.0,Municipio Rosario,Municipio,Rosario,820210,Servicio de Catastro e Información Territorial,IGN
2018,9865,2018-11-09,Viernes,0.0,,,0.0,2,"Automóvil,Bicicleta",Junin 1900,3,1,0,0,2,0,0,"-32.926916666667,-60.688583333333",Calle,,ROSARIO,Rosario,S/D,S/D,II,S/D,Urbana,S/D,S/D,Recta,S/D,S/D,S/D,S/D,S/D,Ciclista,Atropello,S/D,S/D,S/D,S/D,"-32.926916666667,-60.688583333333",['Junin 1900'],1,,-32.926916666667,-60.688583333333,55.0,538.0,Municipio Rosario,Municipio,Rosario,820210,Servicio de Catastro e Información Territorial,IGN
2018,9866,2018-11-23,Viernes,0.0,16:50:00,,0.0,2,"Pickup/Utilitario,Moto/Ciclomotor",3 De Febrero Y Iriondo,2,1,0,0,1,0,0,"-32.947166666667,-60.671222222222",Calle,,ROSARIO,Rosario,Asfalto,S/D,II,S/D,Urbana,Ninguna,S/D,Intersección,S/D,S/D,Diurna,S/D,S/D,S/D,Colisión,S/D,S/D,Ninguna,Sin restricción,"-32.947166666667,-60.671222222222","['3 de Febrero', 'Iriondo']",2,,-32.947166666667,-60.671222222222,55.0,538.0,Municipio Rosario,Municipio,Rosario,820210,Servicio de Catastro e Información Territorial,IGN
2018,9867,2018-11-22,Jueves,0.0,17:30:00,,0.0,3,"Automóvil,Automóvil,Bicicleta",Cordoba 3200,3,1,0,0,2,0,0,"-32.941277777778,-60.666888888889",Calle,,ROSARIO,Rosario,S/D,S/D,II,S/D,Urbana,S/D,S/D,Recta,S/D,S/D,Diurna,S/D,S/D,Ciclista,Atropello,S/D,S/D,S/D,S/D,"-32.941277777778,-60.666888888889",['Cordoba 3200'],1,,-32.941277777778,-60.666888888889,55.0,538.0,Municipio Rosario,Municipio,Rosario,820210,Servicio de Catastro e Información Territorial,IGN
2018,9869,2018-11-09,Viernes,0.0,,,0.0,2,"Automóvil,Moto/Ciclomotor",Bv. Segui Y Callao,2,1,0,0,1,0,0,"-32.97525,-60.668361111111",Calle,,ROSARIO,Rosario,S/D,S/D,II,S/D,Urbana,S/D,S/D,Intersección,S/D,S/D,S/D,S/D,S/D,S/D,Colisión,S/D,S/D,S/D,S/D,"-32.97525,-60.668361111111","['Bulevar Juan Francisco Seguí', 'Callao']",2,,-32.97525,-60.668361111111,55.0,538.0,Municipio Rosario,Municipio,Rosario,820210,Servicio de Catastro e Información Territorial,IGN
2018,9870,2018-11-19,Lunes,0.0,22:45:00,,0.0,1,Transporte de Pasajeros Urbano (> 8 asientos),Cafferata 700,2,1,0,0,1,0,0,"-32.939166666667,-60.670638888889",Calle,,ROSARIO,Rosario,S/D,S/D,II,S/D,Urbana,S/D,S/D,Intersección,S/D,S/D,"Nocturna,Con luz artificial",S/D,S/D,S/D,Caída ocupante,S/D,S/D,S/D,S/D,"-32.939166666667,-60.670638888889",['Cafferata 700'],1,,-32.939166666667,-60.670638888889,55.0,538.0,Municipio Rosario,Municipio,Rosario,820210,Servicio de Catastro e Información Territorial,IGN
2018,9871,2018-11-09,Viernes,0.0,,,0.0,2,"Moto/Ciclomotor,Moto/Ciclomotor",Bolivia Y Bv. 27 De Febrero,2,1,0,0,1,0,0,"-32.959305555556,-60.713083333333",Calle,,ROSARIO,Rosario,S/D,S/D,II,S/D,Urbana,S/D,S/D,Intersección,S/D,S/D,S/D,S/D,S/D,S/D,Colisión,S/D,S/D,S/D,S/D,"-32.959305555556,-60.713083333333","['Bolivia', '27 de Febrero']",2,,-32.959305555556,-60.713083333333,55.0,538.0,Municipio Rosario,Municipio,Rosario,820210,Servicio de Catastro e Información Territorial,IGN
2018,9874,2018-11-19,Lunes,0.0,19:30:00,,0.0,2,"Automóvil,Moto/Ciclomotor",Bv. Oro?o Y Mariano Moreno A,2,1,0,0,1,0,0,"-32.97526, -60.66113",Calle,,ROSARIO,Rosario,Asfalto,S/D,II,S/D,Urbana,S/D,S/D,Intersección,S/D,S/D,Atardecer,S/D,S/D,S/D,Colisión,S/D,S/D,S/D,S/D,"-32.97526, -60.66113","['Bulevar Nicasio Oroño', 'Mariano Moreno']",2,,-32.97526,-60.66113,55.0,538.0,Municipio Rosario,Municipio,Rosario,820210,Servicio de Catastro e Información Territorial,IGN
2018,9878,2018-11-10,Sabado,0.0,,,0.0,2,"Moto/Ciclomotor,Automóvil",Calvo Y Av. Sorrento,2,1,0,0,1,0,0,"-32.907416666667,-60.702722222222",Calle,,ROSARIO,Rosario,S/D,S/D,II,S/D,Urbana,S/D,S/D,Intersección,S/D,S/D,S/D,S/D,S/D,S/D,Colisión,S/D,S/D,S/D,S/D,"-32.907416666667,-60.702722222222","['Calvo', 'Sorrento']",2,,-32.907416666667,-60.702722222222,55.0,538.0,Municipio Rosario,Municipio,Rosario,820210,Servicio de Catastro e Información Territorial,IGN
2018,9885,2018-11-20,Martes,0.0,07:40:00,,0.0,2,"Bicicleta,Automóvil",Ayacucho Y Ocampo,2,1,0,0,1,0,0,"-32.968472222222,-60.631944444444",Calle,,ROSARIO,Rosario,Asfalto,No existe,II,Dentro,Urbana,Ninguna,S/D,Intersección,S/D,S/D,Diurna,S/D,S/D,Ciclista,Atropello,S/D,S/D,S/D,Sin restricción,"-32.968472222222,-60.631944444444","['Ayacucho', 'Ocampo']",2,,-32.968472222222,-60.631944444444,55.0,538.0,Municipio Rosario,Municipio,Rosario,820210,Servicio de Catastro e Información Territorial,IGN
2018,9888,2018-11-22,Jueves,0.0,12:10:00,,0.0,2,"Pickup/Utilitario,Moto/Ciclomotor",Sarmiento Y Cochabamba,3,2,0,0,1,0,0,"-32.958416666667,-60.641194444444",Calle,,ROSARIO,Rosario,Asfalto,S/D,II,Dentro,Urbana,S/D,S/D,Intersección,S/D,S/D,Diurna,S/D,S/D,S/D,Colisión,S/D,S/D,S/D,S/D,"-32.958416666667,-60.641194444444","['Sarmiento', 'Cochabamba']",2,,-32.958416666667,-60.641194444444,55.0,538.0,Municipio Rosario,Municipio,Rosario,820210,Servicio de Catastro e Información Territorial,IGN
2018,9893,2018-11-11,Domingo,0.0,,,0.0,1,Otros,Ciudadela Y Pje. Pozos,1,1,0,0,0,0,0,"-32.892444444444,-60.728555555556",Calle,,ROSARIO,Rosario,S/D,S/D,II,S/D,Urbana,S/D,S/D,Intersección,S/D,S/D,S/D,S/D,S/D,S/D,Caída ocupante,S/D,S/D,S/D,S/D,"-32.892444444444,-60.728555555556","['Ciudadela', 'Pozos']",2,,-32.892444444444,-60.728555555556,55.0,538.0,Municipio Rosario,Municipio,Rosario,820210,Servicio de Catastro e Información Territorial,IGN
2018,9897,2018-11-22,Jueves,0.0,08:05:00,,0.0,3,"Automóvil,Automóvil,Automóvil",Crespo Y Av. Pellegrini,3,1,0,0,2,0,0,"-32.951805555556,-60.670944444444",Avenida,,ROSARIO,Rosario,S/D,No existe,II,S/D,Urbana,Ninguna,S/D,Intersección,S/D,S/D,Diurna,S/D,S/D,S/D,Colisión,S/D,S/D,Ninguna,Sin restricción,"-32.951805555556,-60.670944444444","['Crespo', 'Pellegrini']",2,,-32.951805555556,-60.670944444444,55.0,538.0,Municipio Rosario,Municipio,Rosario,820210,Servicio de Catastro e Información Territorial,IGN