anio_acci,nro_acci,fecha,desc_dia,fecha_aprox,hora_aprox,desc_ruta,km,cant_participantes,desc_participante,calle_avenida_km,total,heridos_leves,heridos_graves,heridos_gravisimos,ilesos,fallecidos,sin_datos,posicion_XY,desc_tipo_via,desc_ruta_ori,desc_loc,desc_dpto,desc_tipo_calzada,desc_tipo_banquina,desc_unidad_regional,desc_lugar_calzada,desc_zona,desc_prioridad,desc_estado_semaforo,desc_lugar_via,desc_estado_via,desc_estado_visibilidad,desc_luminosidad,desc_estado_clima,desc_tipo_colision,desc_tipo_atropello,desc_tipo_hecho,desc_pres_calzada,desc_senializacion,desc_separacion_via,desc_restriccion,forma_geocod,calle_lista,numero_calles,calles_osm,lat,lon,index_right,gid,fna,gna,nam,in1,fdc,sag
2018,9902,2018-11-26,Lunes,0.0,22:55:00,,0.0,2,"Moto/Ciclomotor,Pickup/Utilitario",Av. Pellegrini Y Ricchieri,2,1,0,0,1,0,0,"-32.952777777778,-60.665555555556",Avenida,,ROSARIO,Rosario,S/D,S/D,II,S/D,Urbana,Semáforo,Funciona,Intersección,S/D,S/D,Nocturna,S/D,S/D,S/D,Colisión,S/D,S/D,S/D,S/D,"-32.952777777778,-60.665555555556","['Pellegrini', 'Ricchieri']",2,,-32.952777777778,-60.665555555556,55.0,538.0,Municipio Rosario,Municipio,Rosario,820210,Servicio de Catastro e Información Territorial,IGN
2018,9903,2018-11-26,Lunes,0.0,15:30:00,,0.0,2,"Bicicleta,Automóvil",Cochabamba 1700,2,1,0,0,1,0,0,"-32.956916666667,-60.649527777778",Calle,,ROSARIO,Rosario,Asfalto,S/D,II,Dentro,Urbana,S/D,No existe,Recta,Bueno,Buena,Diurna,Buen Tiempo,S/D,Ciclista,Atropello,S/D,S/D,S/D,Sin restricción,"-32.956916666667,-60.649527777778",['Cochabamba 1700'],1,,-32.956916666667,-60.649527777778,55.0,538.0,Municipio Rosario,Municipio,Rosario,820210,Servicio de Catastro e Información Territorial,IGN
2018,9904,2018-09-16,Domingo,0.0,19:45:00,,0.0,2,"Moto/Ciclomotor,Pickup/Utilitario",Bv. 27 De Febrero Y Bv. Avellaneda,2,0,1,0,1,0,0,"-32.960230, -60.684435",Avenida,,ROSARIO,Rosario,Asfalto,Pavimento,II,Dentro,Urbana,Semáforo,Funciona,Recta,Bueno,Buena,Nocturna,Buen Tiempo,S/D,S/D,Colisión,Ninguna,Vertical,Cordón divisorio,Sin restricción,"-32.960230, -60.684435","['27 de Febrero', 'Avellaneda']",2,,-32.96023,-60.684435,55.0,538.0,Municipio Rosario,Municipio,Rosario,820210,Servicio de Catastro e Información Territorial,IGN
2018,9905,2018-09-14,Viernes,0.0,21:30:00,,0.0,1,Moto/Ciclomotor,BV 27 DE FEBRERO Y JUAN PABLO II,2,1,0,0,1,0,0,"-32.959621, -60.720340",Avenida,,ROSARIO,Rosario,Asfalto,Pavimento,II,Dentro,Urbana,Ninguna,No existe,Recta,Bueno,Buena,Nocturna,Buen Tiempo,S/D,S/D,"Caída ocupante,Despiste",Ninguna,Faltante,Guardarrail,Sin restricción,"-32.959621, -60.720340","['27 de Febrero', 'Juan Pablo II']",2,,-32.959621,-60.72034,55.0,538.0,Municipio Rosario,Municipio,Rosario,820210,Servicio de Catastro e Información Territorial,IGN
2018,9910,2018-09-23,Domingo,0.0,08:15:00,,0.0,2,"Moto/Ciclomotor,Pickup/Utilitario",Larrea Y Dean Funes,2,1,0,0,1,0,0,"-32.967060, -60.696261",Calle,,ROSARIO,Rosario,Asfalto,No existe,II,Dentro,Urbana,Ninguna,No existe,Intersección,Bueno,Buena,Diurna,Buen Tiempo,S/D,S/D,Colisión,Ninguna,Faltante,Ninguna,Sin restricción,"-32.967060, -60.696261","['Larrea', 'Deán Gregorio Funes']",2,,-32.96706,-60.696261,55.0,538.0,Municipio Rosario,Municipio,Rosario,820210,Servicio de Catastro e Información Territorial,IGN
2018,9911,2018-09-11,Martes,0.0,01:30:00,,0.0,2,"Automóvil,Automóvil",Bv. Segui Y Roullon,6,4,0,0,2,0,0,"-32.970795, -60.701126",Avenida,,ROSARIO,Rosario,Asfalto,No existe,II,Dentro,Urbana,Ninguna,Intermitente,Recta,Deteriorada,Buena,Nocturna,Buen Tiempo,Lateral,S/D,Colisión,Ninguna,Faltante,Línea divisoria pintada,Sin restricción,"-32.970795, -60.701126","['Bulevar Juan Francisco Seguí', 'Alfredo Rouillón']",2,,-32.970795,-60.701126,55.0,538.0,Municipio Rosario,Municipio,Rosario,820210,Servicio de Catastro e Información Territorial,IGN
2018,9912,2018-09-15,Sabado,0.0,20:15:00,,0.0,2,"Moto/Ciclomotor,Automóvil",Rivarola Y Danieri,3,1,0,0,2,0,0,"-32.966132, -60.723581",Avenida,,ROSARIO,Rosario,Hormigón,No existe,II,Dentro,Urbana,Paso Peatonal,No existe,Intersección,Bueno,Buena,Nocturna,Buen Tiempo,S/D,S/D,Colisión,Ninguna,Horizontal,Cordón divisorio,Sin restricción,"-32.966132, -60.723581","['Rivarola', 'Danieri']",2,,-32.966132,-60.723581,55.0,538.0,Municipio Rosario,Municipio,Rosario,820210,Servicio de Catastro e Información Territorial,IGN
2018,9913,2018-09-14,Viernes,0.0,13:25:00,,0.0,2,"Moto/Ciclomotor,Automóvil",Bv. Segui Y Garzon,2,0,1,0,1,0,0,"-32.970776, -60.704482",Avenida,,ROSARIO,Rosario,Hormigón,No existe,II,Dentro,Urbana,Semáforo,Funciona,Intersección,Bueno,Buena,Diurna,Buen Tiempo,S/D,S/D,Colisión,Ninguna,"Horizontal,Vertical","Cordón divisorio,Línea divisoria pintada",Sin restricción,"-32.970776, -60.704482","['Bulevar Juan Francisco Seguí', 'Garzón']",2,,-32.970776,-60.704482,55.0,538.0,Municipio Rosario,Municipio,Rosario,820210,Servicio de Catastro e Información Territorial,IGN
2018,9914,2018-09-13,Jueves,0.0,16:00:00,,0.0,2,"Moto/Ciclomotor,Pickup/Utilitario",Roullon Y Gaboto,2,1,0,0,1,0,0,"-32.964848, -60.701234",Calle,,ROSARIO,Rosario,Asfalto,No existe,II,Dentro,Urbana,Ninguna,No existe,Recta,Bueno,Buena,Diurna,Buen Tiempo,Lateral,S/D,Colisión,Ninguna,Faltante,Ninguna,Sin restricción,"-32.964848, -60.701234","['Alfredo Rouillón', 'Gaboto']",2,,-32.964848,-60.701234,55.0,538.0,Municipio Rosario,Municipio,Rosario,820210,Servicio de Catastro e Información Territorial,IGN
2018,9915,2018-09-11,Martes,0.0,21:20:00,,0.0,2,"Automóvil,Bicicleta",Pje. J.Velez Y Bv. Avellaneda,2,1,0,0,1,0,0,"-32.952826, -60.682554",Avenida,,ROSARIO,Rosario,Asfalto,No existe,II,Dentro,Urbana,Ninguna,No existe,Recta,S/D,Buena,Nocturna,Buen Tiempo,S/D,Ciclista,Atropello,S/D,Faltante,Cordón divisorio,Sin restricción,"-32.952826, -60.682554","['Velez', 'Avellaneda']",2,,-32.952826,-60.682554,55.0,538.0,Municipio Rosario,Municipio,Rosario,820210,Servicio de Catastro e Información Territorial,IGN
2018,9916,2018-09-11,Martes,0.0,08:00:00,,0.0,1,Moto/Ciclomotor,Bv. 27 De Febrero Y Brasil,2,1,0,0,1,0,0,"-32.959596, -60.718780",Avenida,,ROSARIO,Rosario,Asfalto,No existe,II,Dentro,Urbana,Ninguna,No existe,Recta,Bueno,Buena,Diurna,Buen Tiempo,S/D,S/D,Despiste,Ninguna,Faltante,Ninguna,Sin restricción,"-32.959596, -60.718780","['27 de Febrero', 'Brasil']",2,,-32.959596,-60.71878,55.0,538.0,Municipio Rosario,Municipio,Rosario,820210,Servicio de Catastro e Información Territorial,IGN
2018,9917,2018-09-01,Sabado,0.0,22:30:00,,0.0,2,"Pickup/Utilitario,Moto/Ciclomotor",Amenabar Y Garzon,4,3,0,0,1,0,0,"-32.963792, -60.704731",Calle,,ROSARIO,Rosario,Asfalto,No existe,II,Dentro,Urbana,Ninguna,No existe,Intersección,Bueno,Buena,Diurna,Buen Tiempo,S/D,S/D,Colisión,Ninguna,Faltante,Ninguna,Sin restricción,"-32.963792, -60.704731","['Amenabar', 'Garzón']",2,,-32.963792,-60.704731,55.0,538.0,Municipio Rosario,Municipio,Rosario,820210,Servicio de Catastro e Información Territorial,IGN
2018,9920,2018-09-08,Sabado,0.0,04:10:00,,0.0,2,"Peatón,Automóvil",Bv. Avellaneda 3200,2,1,0,0,1,0,0,"-32.967183, -60.686312",Avenida,,ROSARIO,Rosario,Asfalto,No existe,II,Dentro,Urbana,Ninguna,No existe,Recta,Bueno,Buena,"Nocturna,Con luz artificial",Buen Tiempo,S/D,Peatón,Atropello,Ninguna,Faltante,Cordón divisorio,Sin restricción,"-32.967183, -60.686312",['Avellaneda 3200'],1,,-32.967183,-60.686312,55.0,538.0,Municipio Rosario,Municipio,Rosario,820210,Servicio de Catastro e Información Territorial,IGN
2018,9921,2018-09-10,Lunes,0.0,22:00:00,,0.0,2,"Automóvil,Bicicleta",BV 27 DE FEBRERO Y JUAN PABLO II,3,1,0,0,2,0,0,"-32.959626, -60.720341",Avenida,,ROSARIO,Rosario,Asfalto,No existe,II,Dentro,Urbana,Ninguna,No existe,Recta,Bueno,Buena,Nocturna,Buen Tiempo,S/D,Ciclista,Atropello,Ninguna,Faltante,Ninguna,Sin restricción,"-32.959626, -60.720341","['27 de Febrero', 'Juan Pablo II']",2,,-32.959626,-60.720341,55.0,538.0,Municipio Rosario,Municipio,Rosario,820210,Servicio de Catastro e Información Territorial,IGN
2018,9922,2018-09-08,Sabado,0.0,00:10:00,,0.0,1,Otros,F.More Y GÁLVEZ,1,1,0,0,0,0,0,"-32.959904, -60.692998",Calle,,ROSARIO,Rosario,Asfalto,No existe,II,Dentro,Urbana,Ninguna,No existe,Intersección,Bueno,Buena,Nocturna,Buen Tiempo,S/D,S/D,S/D,Ninguna,Faltante,Ninguna,Sin restricción,"-32.959904, -60.692998","['Felipe Moré', 'Glave']",2,,-32.959904,-60.692998,55.0,538.0,Municipio Rosario,Municipio,Rosario,820210,Servicio de Catastro e Información Territorial,IGN
2018,9923,2018-09-10,Lunes,0.0,12:50:00,,0.0,2,"Moto/Ciclomotor,Pickup/Utilitario",Av. Provincias Unidas Y Ocampo,3,1,1,0,1,0,0,"-32.958029, -60.711948",Avenida,,ROSARIO,Rosario,Asfalto,No existe,II,Dentro,Urbana,Ninguna,No existe,Recta,Bueno,Buena,Diurna,Buen Tiempo,S/D,Ciclista,Atropello,Ninguna,Faltante,Ninguna,Sin restricción,"-32.958029, -60.711948","['Avenida Provincias Unidas', 'Ocampo']",2,,-32.958029,-60.711948,55.0,538.0,Municipio Rosario,Municipio,Rosario,820210,Servicio de Catastro e Información Territorial,IGN
2018,9924,2018-09-04,Martes,0.0,17:30:00,,0.0,2,"Bicicleta,Pickup/Utilitario",Rivarola Y Calle 1724,2,1,0,0,1,0,0,"-32.966345, -60.729716",Avenida,,ROSARIO,Rosario,Hormigón,No existe,II,Dentro,Urbana,Ninguna,No existe,Recta,Bueno,Buena,Diurna,Buen Tiempo,S/D,Ciclista,Atropello,Ninguna,Faltante,Ninguna,Sin restricción,"-32.966345, -60.729716","['Rivarola', 'Hermana Paula Márquez']",2,,-32.966345,-60.729716,55.0,538.0,Municipio Rosario,Municipio,Rosario,820210,Servicio de Catastro e Información Territorial,IGN
2018,9925,2018-09-10,Lunes,0.0,15:45:00,,0.0,2,"Moto/Ciclomotor,Pickup/Utilitario",Castellanos Y Ocampo,2,1,0,0,1,0,0,"-32.959838, -60.680126",Calle,,ROSARIO,Rosario,Asfalto,No existe,II,Dentro,Urbana,Ninguna,No existe,Recta,Bueno,Buena,Diurna,Buen Tiempo,S/D,S/D,Colisión,Ninguna,Faltante,Ninguna,Sin restricción,"-32.959838, -60.680126","['Aaron Castellanos', 'Ocampo']",2,,-32.959838,-60.680126,55.0,538.0,Municipio Rosario,Municipio,Rosario,820210,Servicio de Catastro e Información Territorial,IGN
2018,9927,2018-09-08,Sabado,0.0,04:15:00,,0.0,1,Moto/Ciclomotor,Av. Pte.Peron Y Liniers,2,1,1,0,0,0,0,"-32.961063, -60.697751",Avenida,,ROSARIO,Rosario,Asfalto,No existe,II,Dentro,Urbana,Semáforo,Funciona,Recta,Bueno,Buena,Nocturna,Buen Tiempo,Contra objeto fijo,S/D,Colisión,Ninguna,Vertical,Barrera de hormigón,Sin restricción,"-32.961063, -60.697751","['Avenida Presidente Perón', 'Liniers']",2,,-32.961063,-60.697751,55.0,538.0,Municipio Rosario,Municipio,Rosario,820210,Servicio de Catastro e Información Territorial,IGN
2018,9928,2018-09-09,Domingo,0.0,11:30:00,,0.0,2,"Moto/Ciclomotor,Automóvil",Av. Provincias Unidas Y Av. Pte.Peron,2,1,0,0,1,0,0,"-32.967907, -60.711431",Avenida,,ROSARIO,Rosario,Asfalto,No existe,II,Dentro,Urbana,Semáforo,Funciona,Intersección,Bueno,Buena,Diurna,Buen Tiempo,S/D,S/D,Colisión,Ninguna,"Horizontal,Vertical","Cordón divisorio,Línea divisoria pintada",Sin restricción,"-32.967907, -60.711431","['Avenida Provincias Unidas', 'Avenida Presidente Perón']",2,,-32.967907,-60.711431,55.0,538.0,Municipio Rosario,Municipio,Rosario,820210,Servicio de Catastro e Información Territorial,IGN
2018,9932,2018-11-21,Miercoles,0.0,19:45:00,,0.0,2,"Automóvil,Moto/Ciclomotor",9 De Julio Y Alsina,2,1,0,0,1,0,0,"-32.946972222222,-60.678305555556",Calle,,ROSARIO,Rosario,Asfalto,No existe,II,S/D,Urbana,Ninguna,S/D,Intersección,S/D,S/D,Atardecer,S/D,S/D,S/D,Colisión,S/D,S/D,S/D,S/D,"-32.946972222222,-60.678305555556","['9 de Julio', 'Alsina']",2,,-32.946972222222,-60.678305555556,55.0,538.0,Municipio Rosario,Municipio,Rosario,820210,Servicio de Catastro e Información Territorial,IGN
2018,9933,2018-11-26,Lunes,0.0,11:00:00,,0.0,2,"Pickup/Utilitario,Moto/Ciclomotor",San Nicolas Y San Lorenzo,3,1,0,0,2,0,0,"-32.938,-60.67175",Calle,,ROSARIO,Rosario,S/D,S/D,II,S/D,Urbana,S/D,S/D,Intersección,S/D,S/D,Diurna,S/D,S/D,S/D,Colisión,S/D,S/D,S/D,S/D,"-32.938,-60.67175","['San Nicolás', 'San Lorenzo']",2,,-32.938,-60.67175,55.0,538.0,Municipio Rosario,Municipio,Rosario,820210,Servicio de Catastro e Información Territorial,IGN
2018,9934,2018-11-21,Miercoles,0.0,12:25:00,,0.0,2,"Pickup/Utilitario,Moto/Ciclomotor",Av. Pellegrini Y Lima,2,1,0,0,1,0,0,"-32.949222222222,-60.685972222222",Avenida,,ROSARIO,Rosario,Asfalto,S/D,II,S/D,Urbana,Ninguna,S/D,Intersección,S/D,S/D,Diurna,S/D,S/D,S/D,Colisión,S/D,Faltante,S/D,Sin restricción,"-32.949222222222,-60.685972222222","['Pellegrini', 'Lima']",2,,-32.949222222222,-60.685972222222,55.0,538.0,Municipio Rosario,Municipio,Rosario,820210,Servicio de Catastro e Información Territorial,IGN
2018,9936,2018-11-26,Lunes,0.0,10:40:00,,0.0,2,"Peatón,Pickup/Utilitario",Av. Corrientes Y Av. Battle y Ordo?ez,2,1,0,0,0,0,1,"-33.008972222222,-60.653027777778",Calle,,ROSARIO,Rosario,Asfalto,No existe,II,Dentro,Urbana,S/D,S/D,Intersección,S/D,Buena,Diurna,S/D,S/D,Peatón,Atropello,S/D,S/D,Ninguna,S/D,"-33.008972222222,-60.653027777778","['Corrientes', 'Avenida Battle y Ordoñez']",2,,-33.008972222222,-60.653027777778,55.0,538.0,Municipio Rosario,Municipio,Rosario,820210,Servicio de Catastro e Información Territorial,IGN
2018,9938,2018-11-26,Lunes,0.0,,,0.0,2,"Pickup/Utilitario,Automóvil",Benito Juarez Y Rodriguez,2,1,0,0,1,0,0,"-32.993583333333,-60.670861111111",Calle,,ROSARIO,Rosario,Asfalto,No existe,II,S/D,Urbana,S/D,S/D,Intersección,S/D,S/D,S/D,S/D,S/D,S/D,Colisión,S/D,S/D,S/D,S/D,"-32.993583333333,-60.670861111111","['Benito Juárez', 'Rodríguez']",2,,-32.993583333333,-60.670861111111,55.0,538.0,Municipio Rosario,Municipio,Rosario,820210,Servicio de Catastro e Información Territorial,IGN
2018,9946,2018-11-01,Jueves,0.0,03:15:00,,0.0,2,"Automóvil,Moto/Ciclomotor",Martinez Estrada Y J.Colombres,2,0,0,0,0,0,2,"-32.911166666667,-60.730638888889",S/D,,ROSARIO,Rosario,S/D,S/D,II,S/D,Urbana,S/D,S/D,Intersección,S/D,S/D,S/D,S/D,S/D,S/D,S/D,S/D,S/D,S/D,S/D,"-32.911166666667,-60.730638888889","['Martinez Estrada', 'José Colombres']",2,,-32.911166666667,-60.730638888889,55.0,538.0,Municipio Rosario,Municipio,Rosario,820210,Servicio de Catastro e Información Territorial,IGN
2018,9949,2018-09-02,Domingo,0.0,05:40:00,,0.0,2,"Automóvil,Moto/Ciclomotor",Santiago Y Olegario V.Andrade,3,0,2,0,1,0,0,"-32.996465, -60.667961",Calle,,ROSARIO,Rosario,Asfalto,No existe,II,Dentro,Urbana,Ninguna,No existe,Intersección,S/D,S/D,Nocturna,S/D,S/D,S/D,Colisión,S/D,Faltante,Ninguna,Sin restricción,"-32.996465, -60.667961","['Santiago', 'Olegario V Andrade']",2,,-32.996465,-60.667961,55.0,538.0,Municipio Rosario,Municipio,Rosario,820210,Servicio de Catastro e Información Territorial,IGN
2018,9950,2018-11-17,Sabado,0.0,05:35:00,,0.0,2,"Moto/Ciclomotor,Pickup/Utilitario",Av. Corrientes Y Rueda,3,2,0,0,1,0,0,"-32.970277777778,-60.648555555556",Avenida,,ROSARIO,Rosario,S/D,S/D,II,Dentro,Urbana,S/D,S/D,Intersección,S/D,S/D,"Nocturna,Con luz artificial",S/D,S/D,S/D,Colisión,S/D,S/D,S/D,S/D,"-32.970277777778,-60.648555555556","['Corrientes', 'Rueda']",2,,-32.970277777778,-60.648555555556,55.0,538.0,Municipio Rosario,Municipio,Rosario,820210,Servicio de Catastro e Información Territorial,IGN
2018,9951,2018-11-06,Martes,0.0,14:15:00,,0.0,2,"Automóvil,Moto/Ciclomotor",Av. Jorge Newbery Y Donado,2,1,0,0,1,0,0,"-32.908277777778,-60.728388888889",Calle,,ROSARIO,Rosario,Asfalto,S/D,II,S/D,Urbana,S/D,S/D,Intersección,S/D,S/D,S/D,S/D,S/D,S/D,S/D,S/D,S/D,S/D,S/D,"-32.908277777778,-60.728388888889","['Jorge Newbery', 'Donado']",2,,-32.908277777778,-60.728388888889,55.0,538.0,Municipio Rosario,Municipio,Rosario,820210,Servicio de Catastro e Información Territorial,IGN
2018,9954,2018-11-06,Martes,0.0,17:30:00,,0.0,1,Moto/Ciclomotor,Av. Provincias Unidas Y Junin,1,1,0,0,0,0,0,"-32.927583333333,-60.713138888889",S/D,,ROSARIO,Rosario,Asfalto,No existe,II,S/D,Urbana,Ninguna,S/D,Recta,Bueno,Buena,Diurna,Buen Tiempo,S/D,S/D,Colisión,Ninguna,S/D,Cordón divisorio,Sin restricción,"-32.927583333333,-60.713138888889","['Avenida Provincias Unidas', 'Junín']",2,,-32.927583333333,-60.713138888889,55.0,538.0,Municipio Rosario,Municipio,Rosario,820210,Servicio de Catastro e Información Territorial,IGN
2018,9956,2018-11-01,Jueves,0.0,19:20:00,,0.0,2,"Moto/Ciclomotor,Automóvil",Av. Provincias Unidas Y Av. Genova,3,2,0,0,1,0,0,"-32.916027777778,-60.713694444444",Avenida,,ROSARIO,Rosario,Asfalto,No existe,II,Dentro,Urbana,Ninguna,Funciona,Intersección,Bueno,Buena,Atardecer,Buen Tiempo,Otro,S/D,Colisión,Ninguna,Faltante,Ninguna,Sin restricción,"-32.916027777778,-60.713694444444","['Avenida Provincias Unidas', 'Genova']",2,,-32.916027777778,-60.713694444444,55.0,538.0,Municipio Rosario,Municipio,Rosario,820210,Servicio de Catastro e Información Territorial,IGN
2018,9957,2018-11-22,Jueves,0.0,16:45:00,,0.0,2,"Pickup/Utilitario,Pickup/Utilitario",Valentin Gomez ,2,1,0,0,1,0,0,"-32.88921, -60.69898",Calle,,ROSARIO,Rosario,Asfalto,S/D,II,S/D,Urbana,S/D,S/D,S/D,S/D,S/D,Diurna,S/D,S/D,S/D,Colisión,S/D,S/D,S/D,S/D,"-32.88921, -60.69898",['Valentín Gómez'],1,,-32.88921,-60.69898,55.0,538.0,Municipio Rosario,Municipio,Rosario,820210,Servicio de Catastro e Información Territorial,IGN
2018,9958,2018-11-06,Martes,0.0,10:15:00,,0.0,2,"Pickup/Utilitario,Automóvil",Av. Sorrento Y Av. Provincias Unidas,3,1,0,0,2,0,0,"-32.907833333333,-60.714027777778",S/D,,ROSARIO,Rosario,Asfalto,Natural,II,S/D,S/D,S/D,No existe,Rotonda,Bueno,Buena,Diurna,Buen Tiempo,Otro,S/D,Colisión,Ninguna,Faltante,Ninguna,Sin restricción,"-32.907833333333,-60.714027777778","['Sorrento', 'Avenida Provincias Unidas']",2,,-32.907833333333,-60.714027777778,55.0,538.0,Municipio Rosario,Municipio,Rosario,820210,Servicio de Catastro e Información Territorial,IGN
2018,9962,2018-11-11,Domingo,0.0,,,0.0,1,Automóvil,Av. Eva Peron ,1,1,0,0,0,0,0,"-32.93163, -60.72074",Calle,,ROSARIO,Rosario,S/D,S/D,II,S/D,Urbana,S/D,S/D,Recta,S/D,S/D,S/D,S/D,S/D,S/D,"Vuelco,Despiste",S/D,S/D,S/D,S/D,"-32.93163, -60.72074",['Eva Peron'],1,,-32.93163,-60.72074,55.0,538.0,Municipio Rosario,Municipio,Rosario,820210,Servicio de Catastro e Información Territorial,IGN
2018,9966,2018-11-26,Lunes,0.0,16:40:00,,0.0,2,"Automóvil,Moto/Ciclomotor",Av. Jorge Newbery Y Bv. Wilde Bis,2,1,0,0,0,0,1,"-32.908555555556,-60.739833333333",Avenida,,ROSARIO,Rosario,S/D,S/D,II,S/D,S/D,S/D,S/D,S/D,S/D,S/D,S/D,S/D,Lateral,S/D,Colisión,S/D,S/D,S/D,S/D,"-32.908555555556,-60.739833333333","['Jorge Newbery', 'Bulevar Wilde']",2,,-32.908555555556,-60.739833333333,55.0,538.0,Municipio Rosario,Municipio,Rosario,820210,Servicio de Catastro e Información Territorial,IGN
2018,9978,2018-09-06,Jueves,0.0,17:55:00,,0.0,2,"Automóvil,Moto/Ciclomotor",Bv. 27 De Febrero Y Paraguay,2,0,1,0,1,0,0,"-32.966653, -60.649113",Avenida,,ROSARIO,Rosario,Asfalto,No existe,II,Dentro,Urbana,Semáforo,Funciona,Intersección,S/D,S/D,Diurna,S/D,S/D,S/D,Colisión,S/D,"Horizontal,Vertical",Cordón divisorio,S/D,"-32.966653, -60.649113","['27 de Febrero', 'Paraguay']",2,,-32.966653,-60.649113,55.0,538.0,Municipio Rosario,Municipio,Rosario,820210,Servicio de Catastro e Información Territorial,IGN
2018,9982,2018-09-07,Viernes,0.0,11:50:00,,0.0,2,"Pickup/Utilitario,Bicicleta",Vera Mujica 486,2,1,0,0,1,0,0,"-32.937617, -60.665970",Calle,,ROSARIO,Rosario,Asfalto,No existe,II,Dentro,Urbana,Ninguna,No existe,Recta,S/D,S/D,Diurna,S/D,S/D,Ciclista,Atropello,S/D,Faltante,Ninguna,S/D,"-32.937617, -60.665970",['Vera Mujica 486'],1,,-32.937617,-60.66597,55.0,538.0,Municipio Rosario,Municipio,Rosario,820210,Servicio de Catastro e Información Territorial,IGN
2018,9984,2018-09-07,Viernes,0.0,,,0.0,2,"Automóvil,Moto/Ciclomotor",JUAN PABLO II Y PJE ESTUDIANTE AGUILAR,2,1,0,0,1,0,0,"-32.956347, -60.721071",Calle,,ROSARIO,Rosario,Asfalto,No existe,II,Dentro,Urbana,Ninguna,No existe,Intersección,S/D,S/D,S/D,S/D,S/D,S/D,Colisión,S/D,Faltante,Ninguna,S/D,"-32.956347, -60.721071","['Juan Pablo II', 'Estudiante Aguilar']",2,,-32.956347,-60.721071,55.0,538.0,Municipio Rosario,Municipio,Rosario,820210,Servicio de Catastro e Información Territorial,IGN
2018,9991,2018-11-20,Martes,0.0,11:05:00,,0.0,2,"Peatón,Automóvil",Rioja Y Santiago,2,1,0,0,1,0,0,"-32.944361111111,-60.656305555556",Calle,,ROSARIO,Rosario,Asfalto,S/D,II,S/D,Urbana,Ninguna,S/D,Intersección,S/D,S/D,Diurna,S/D,S/D,Peatón,Atropello,S/D,S/D,S/D,Sin restricción,"-32.944361111111,-60.656305555556","['Rioja', 'Santiago']",2,,-32.944361111111,-60.656305555556,55.0,538.0,Municipio Rosario,Municipio,Rosario,820210,Servicio de Catastro e Información Territorial,IGN
2018,9994,2018-11-05,Lunes,0.0,15:15:00,,0.0,2,"Automóvil,Moto/Ciclomotor",J.Colombres Y Av. Eva Peron,2,1,0,0,1,0,0,"-32.930111111111,-60.72975",Calle,,ROSARIO,Rosario,Asfalto,No existe,II,S/D,Urbana,Ninguna,S/D,Intersección,Bueno,S/D,Diurna,Buen Tiempo,S/D,S/D,Colisión,Ninguna,S/D,Ninguna,Sin restricción,"-32.930111111111,-60.72975","['José Colombres', 'Avenida Eva Perón']",2,,-32.930111111111,-60.72975,55.0,538.0,Municipio Rosario,Municipio,Rosario,820210,Servicio de Catastro e Información Territorial,IGN
2018,9996,2018-11-01,Jueves,0.0,05:10:00,,0.0,1,Moto/Ciclomotor,Av. Eva Peron Y Bv. Wilde,1,1,0,0,0,0,0,"-32.928416666667,-60.738972222222",Calle,,ROSARIO,Rosario,Asfalto,No existe,II,S/D,Urbana,Ninguna,Funciona,Intersección,Bueno,Buena,Nocturna,Buen Tiempo,S/D,S/D,S/D,Ninguna,S/D,Ninguna,Sin restricción,"-32.928416666667,-60.738972222222","['Avenida Eva Perón', 'Bulevar Wilde']",2,,-32.928416666667,-60.738972222222,55.0,538.0,Municipio Rosario,Municipio,Rosario,820210,Servicio de Catastro e Información Territorial,IGN
2018,9998,2018-11-03,Sabado,0.0,15:35:00,,0.0,2,"Moto/Ciclomotor,Automóvil",Tucuman Y Roullon,2,1,0,0,1,0,0,"-32.93225,-60.702611111111",S/D,,ROSARIO,Rosario,Asfalto,No existe,II,S/D,S/D,Ninguna,No existe,Intersección,S/D,Buena,Diurna,S/D,Lateral,S/D,Colisión,S/D,Faltante,Ninguna,Sin restricción,"-32.93225,-60.702611111111","['Tucumán', 'Alfredo Rouillón']",2,,-32.93225,-60.702611111111,55.0,538.0,Municipio Rosario,Municipio,Rosario,820210,Servicio de Catastro e Información Territorial,IGN
2018,9999,2018-11-13,Martes,0.0,,,0.0,2,"Moto/Ciclomotor,Pickup/Utilitario",Chaco Bis Y Av. Genova,2,1,0,0,1,0,0,"-32.915527777778,-60.6965",Calle,,ROSARIO,Rosario,S/D,S/D,II,S/D,Urbana,S/D,S/D,Intersección,S/D,S/D,S/D,S/D,S/D,S/D,Colisión,S/D,S/D,S/D,S/D,"-32.915527777778,-60.6965","['Chaco', 'Genova']",2,,-32.915527777778,-60.6965,55.0,538.0,Municipio Rosario,Municipio,Rosario,820210,Servicio de Catastro e Información Territorial,IGN