anio_acci,nro_acci,fecha,desc_dia,fecha_aprox,hora_aprox,desc_ruta,km,cant_participantes,desc_participante,calle_avenida_km,total,heridos_leves,heridos_graves,heridos_gravisimos,ilesos,fallecidos,sin_datos,posicion_XY,desc_tipo_via,desc_ruta_ori,desc_loc,desc_dpto,desc_tipo_calzada,desc_tipo_banquina,desc_unidad_regional,desc_lugar_calzada,desc_zona,desc_prioridad,desc_estado_semaforo,desc_lugar_via,desc_estado_via,desc_estado_visibilidad,desc_luminosidad,desc_estado_clima,desc_tipo_colision,desc_tipo_atropello,desc_tipo_hecho,desc_pres_calzada,desc_senializacion,desc_separacion_via,desc_restriccion,forma_geocod,calle_lista,numero_calles,calles_osm,lat,lon,index_right,gid,fna,gna,nam,in1,fdc,sag
2018,10002,2018-11-13,Martes,0.0,,,0.0,2,"Automóvil,Bicicleta",Brasil Y Marcos Paz,2,1,0,0,1,0,0,"-32.939277777778,-60.719611111111",Calle,,ROSARIO,Rosario,S/D,S/D,II,S/D,Urbana,S/D,S/D,Intersección,S/D,S/D,S/D,S/D,S/D,Ciclista,Atropello,S/D,S/D,S/D,S/D,"-32.939277777778,-60.719611111111","['Brasil', 'Marcos Paz']",2,,-32.939277777778,-60.719611111111,55.0,538.0,Municipio Rosario,Municipio,Rosario,820210,Servicio de Catastro e Información Territorial,IGN
2018,10003,2018-11-05,Lunes,0.0,19:00:00,,0.0,1,Moto/Ciclomotor,Casilda Y Campbell,1,1,0,0,0,0,0,"-32.929,-60.7085",Calle,,ROSARIO,Rosario,Asfalto,No existe,II,S/D,Urbana,Ninguna,No existe,Curva,S/D,S/D,Atardecer,S/D,Atropello animal,S/D,Atropello,S/D,Faltante,Ninguna,Sin restricción,"-32.929,-60.7085","['Casilda', 'Campbell']",2,,-32.929,-60.7085,55.0,538.0,Municipio Rosario,Municipio,Rosario,820210,Servicio de Catastro e Información Territorial,IGN
2018,10009,2018-09-26,Miercoles,0.0,08:10:00,,0.0,2,"Automóvil,Moto/Ciclomotor",Paraguay Y Santa Fe,2,1,0,0,1,0,0,"-32.944089, -60.643356",Calle,,ROSARIO,Rosario,Asfalto,No existe,II,Dentro,Urbana,Semáforo,Funciona,Intersección,Bueno,Buena,Diurna,S/D,Lateral,S/D,Colisión,Ninguna,Vertical,Ninguna,Sin restricción,"-32.944089, -60.643356","['Paraguay', 'Santa Fe']",2,,-32.944089,-60.643356,55.0,538.0,Municipio Rosario,Municipio,Rosario,820210,Servicio de Catastro e Información Territorial,IGN
2018,10015,2018-11-15,Jueves,0.0,,,0.0,2,"Automóvil,Moto/Ciclomotor",Esmeralda Y Viamonte,2,1,0,0,1,0,0,"-32.968277777778,-60.626194444444",Calle,,ROSARIO,Rosario,S/D,S/D,II,S/D,Urbana,S/D,S/D,Intersección,S/D,S/D,S/D,S/D,S/D,S/D,Colisión,S/D,S/D,S/D,S/D,"-32.968277777778,-60.626194444444","['Esmeralda', 'Viamonte']",2,,-32.968277777778,-60.626194444444,55.0,538.0,Municipio Rosario,Municipio,Rosario,820210,Servicio de Catastro e Información Territorial,IGN
2018,10016,2018-11-15,Jueves,0.0,,,0.0,2,"Pickup/Utilitario,Moto/Ciclomotor",Camilo Aldao Y Sanguinetti,3,2,0,0,1,0,0,"-32.971805555556,-60.694777777778",Calle,,ROSARIO,Rosario,S/D,S/D,II,S/D,Urbana,S/D,S/D,Intersección,S/D,S/D,S/D,S/D,S/D,S/D,Colisión,S/D,S/D,S/D,S/D,"-32.971805555556,-60.694777777778","['Camilo Aldao', 'Sanguinetti']",2,,-32.971805555556,-60.694777777778,55.0,538.0,Municipio Rosario,Municipio,Rosario,820210,Servicio de Catastro e Información Territorial,IGN
2018,10017,2018-11-19,Lunes,0.0,19:05:00,,0.0,2,"Moto/Ciclomotor,Taxi/Remis",Av. Avellaneda B Y Pje. Granaderos,3,1,0,0,2,0,0,"-32.97012, -60.68702",Calle,,ROSARIO,Rosario,Asfalto,No existe,II,Dentro,Urbana,Semáforo,Funciona,Recta,Bueno,Buena,Diurna,Buen Tiempo,De alcance,S/D,Colisión,Ninguna,"Horizontal,Vertical",Cordón divisorio,Sin restricción,"-32.97012, -60.68702","['Avellaneda', 'Granaderos']",2,,-32.97012,-60.68702,55.0,538.0,Municipio Rosario,Municipio,Rosario,820210,Servicio de Catastro e Información Territorial,IGN
2018,10020,2018-11-16,Viernes,0.0,,,0.0,2,"Taxi/Remis,Moto/Ciclomotor",Alsina Y Uruguay,3,2,0,0,1,0,0,"-32.969916666667,-60.684083333333",Calle,,ROSARIO,Rosario,S/D,S/D,II,S/D,Urbana,S/D,S/D,Intersección,S/D,S/D,S/D,S/D,S/D,S/D,Colisión,S/D,S/D,S/D,S/D,"-32.969916666667,-60.684083333333","['Alsina', 'Uruguay']",2,,-32.969916666667,-60.684083333333,55.0,538.0,Municipio Rosario,Municipio,Rosario,820210,Servicio de Catastro e Información Territorial,IGN
2018,10022,2018-11-19,Lunes,0.0,16:00:00,,0.0,1,Moto/Ciclomotor,Antelo Bis Y Jose Ingenieros,1,1,0,0,0,0,0,"-32.916305555556,-60.686666666667",Calle,,ROSARIO,Rosario,Asfalto,No existe,II,Dentro,Urbana,Ninguna,No existe,Intersección,Bueno,Buena,Diurna,Buen Tiempo,Lateral,S/D,Colisión,Ninguna,Faltante,S/D,Sin restricción,"-32.916305555556,-60.686666666667","['Antelo', 'José Ingenieros']",2,,-32.916305555556,-60.686666666667,55.0,538.0,Municipio Rosario,Municipio,Rosario,820210,Servicio de Catastro e Información Territorial,IGN
2018,10025,2018-11-22,Jueves,0.0,11:00:00,,0.0,2,"Automóvil,Moto/Ciclomotor",Santa Maria De Oro Bis Y Velez Sarsfield,2,1,0,0,1,0,0,"-32.924833333333,-60.673583333333",Calle,,ROSARIO,Rosario,Asfalto,No existe,II,S/D,Urbana,Semáforo,Funciona,Recta,Otro,Buena,Diurna,Buen Tiempo,Otro,S/D,Colisión,Ninguna,Vertical,Ninguna,Sin restricción,"-32.924833333333,-60.673583333333","['Santa María de Oro', 'Vélez Sarsfield']",2,,-32.924833333333,-60.673583333333,55.0,538.0,Municipio Rosario,Municipio,Rosario,820210,Servicio de Catastro e Información Territorial,IGN
2018,10029,2018-07-03,Martes,0.0,12:44:00,,0.0,2,"Otros,Moto/Ciclomotor",Av. Francia ,2,1,0,0,0,0,1,"-32.979408, -60.675024",Avenida,,ROSARIO,Rosario,Asfalto,No existe,II,Dentro,Urbana,S/D,S/D,Recta,Bueno,Buena,Diurna,Buen Tiempo,S/D,S/D,Colisión,Ninguna,S/D,"Cordón divisorio,Vegetación",Sin restricción,"-32.979408, -60.675024",['Francia'],1,,-32.979408,-60.675024,55.0,538.0,Municipio Rosario,Municipio,Rosario,820210,Servicio de Catastro e Información Territorial,IGN
2018,10031,2018-03-06,Martes,0.0,,,0.0,1,Otros, ,1,1,0,0,0,0,0,"-32.945247, -60.687789",Calle,,ROSARIO,Rosario,S/D,S/D,II,Dentro,Urbana,S/D,S/D,S/D,S/D,S/D,S/D,S/D,S/D,S/D,S/D,S/D,S/D,S/D,S/D,"-32.945247, -60.687789",[''],0,,-32.945247,-60.687789,55.0,538.0,Municipio Rosario,Municipio,Rosario,820210,Servicio de Catastro e Información Territorial,IGN
2018,10033,2018-03-07,Miercoles,0.0,07:45:00,,0.0,2,"Moto/Ciclomotor,Otros",Ocampo Y Suipacha,2,1,0,0,0,0,1,"-32.961794, -60.669218",Calle,,ROSARIO,Rosario,Asfalto,No existe,II,Dentro,Urbana,Ninguna,No existe,Intersección,S/D,S/D,Diurna,S/D,S/D,S/D,Colisión,S/D,Faltante,Ninguna,S/D,"-32.961794, -60.669218","['Ocampo', 'Suipacha']",2,,-32.961794,-60.669218,55.0,538.0,Municipio Rosario,Municipio,Rosario,820210,Servicio de Catastro e Información Territorial,IGN
2018,10034,2018-03-07,Miercoles,0.0,21:30:00,,0.0,2,"Moto/Ciclomotor,Otros",Av. Francia Y Acevedo Bis,2,1,0,0,0,0,1,"-32.984200, -60.676939",Avenida,,ROSARIO,Rosario,Asfalto,No existe,II,Dentro,Urbana,Semáforo,Funciona,Intersección,S/D,S/D,Nocturna,S/D,S/D,S/D,Colisión,S/D,Vertical,Cordón divisorio,S/D,"-32.984200, -60.676939","['Avenida Francia', 'Acevedo']",2,,-32.9842,-60.676939,55.0,538.0,Municipio Rosario,Municipio,Rosario,820210,Servicio de Catastro e Información Territorial,IGN
2018,10035,2018-03-29,Jueves,0.0,13:10:00,,0.0,2,"Otros,Moto/Ciclomotor",Roullon Y Calle 1807,2,0,1,0,0,0,1,"-32.973130, -60.700902",Avenida,,ROSARIO,Rosario,Hormigón,No existe,II,Dentro,Urbana,S/D,No existe,Intersección,Deteriorada,Buena,Diurna,Buen Tiempo,S/D,S/D,Colisión,Ninguna,Faltante,Cordón divisorio,Sin restricción,"-32.973130, -60.700902","['Alfredo Rouillón', 'Juan Pablo XXIII']",2,,-32.97313,-60.700902,55.0,538.0,Municipio Rosario,Municipio,Rosario,820210,Servicio de Catastro e Información Territorial,IGN
2018,10036,2018-03-10,Sabado,0.0,13:00:00,,0.0,2,"Bicicleta,Otros",La Paz Y Valparaiso,2,1,0,0,0,0,1,"-32.956317, -60.686356",Calle,,ROSARIO,Rosario,Asfalto,No existe,II,Dentro,Urbana,S/D,S/D,Intersección,S/D,S/D,Diurna,S/D,S/D,Ciclista,Atropello,S/D,S/D,Ninguna,S/D,"-32.956317, -60.686356","['La Paz', 'Valparaíso']",2,,-32.956317,-60.686356,55.0,538.0,Municipio Rosario,Municipio,Rosario,820210,Servicio de Catastro e Información Territorial,IGN
2018,10037,2018-03-29,Jueves,0.0,10:00:00,,0.0,2,"Otros,Moto/Ciclomotor",Cordoba Y Castellanos,2,0,1,0,0,0,1,"-32.939803, -60.675050",Calle,,ROSARIO,Rosario,Hormigón,No existe,II,Dentro,Urbana,Semáforo,Funciona,Intersección,Bueno,Buena,Diurna,Buen Tiempo,S/D,S/D,Colisión,Ninguna,"Horizontal,Vertical",Ninguna,Sin restricción,"-32.939803, -60.675050","['Córdoba', 'Aaron Castellanos']",2,,-32.939803,-60.67505,55.0,538.0,Municipio Rosario,Municipio,Rosario,820210,Servicio de Catastro e Información Territorial,IGN
2018,10040,2018-03-24,Sabado,0.0,16:12:00,,0.0,1,Otros,Bv. Segui Y Iriondo,2,0,1,0,0,0,1,"-32.973385, -60.677804",Avenida,,ROSARIO,Rosario,Hormigón,No existe,II,Dentro,Urbana,Paso Peatonal,No existe,Intersección,Bueno,Buena,Diurna,Buen Tiempo,S/D,S/D,Colisión,Ninguna,Horizontal,"Cordón divisorio,Línea divisoria pintada",Sin restricción,"-32.973385, -60.677804","['Bulevar Juan Francisco Seguí', 'Iriondo']",2,,-32.973385,-60.677804,55.0,538.0,Municipio Rosario,Municipio,Rosario,820210,Servicio de Catastro e Información Territorial,IGN
2018,10042,2018-04-03,Martes,0.0,01:30:00,,0.0,2,"Moto/Ciclomotor,Otros",Av. Uriburu Y Bv. Avellaneda,2,2,0,0,0,0,0,"-32.991970, -60.688878",Avenida,,ROSARIO,Rosario,Asfalto,No existe,II,Dentro,Urbana,Semáforo,Funciona,Intersección,S/D,S/D,Nocturna,S/D,S/D,S/D,Colisión,S/D,Vertical,Cordón divisorio,S/D,"-32.991970, -60.688878","['Uriburu', 'Avellaneda']",2,,-32.99197,-60.688878,55.0,538.0,Municipio Rosario,Municipio,Rosario,820210,Servicio de Catastro e Información Territorial,IGN
2018,10046,2018-09-08,Sabado,0.0,07:20:00,,0.0,1,Moto/Ciclomotor,Colon Y Viamonte,2,1,0,0,1,0,0,"-32.967572, -60.630252",Calle,,ROSARIO,Rosario,Asfalto,No existe,II,Dentro,Urbana,Ninguna,No existe,Intersección,S/D,S/D,Diurna,S/D,S/D,S/D,Caída ocupante,Ninguna,Faltante,Ninguna,Sin restricción,"-32.967572, -60.630252","['Colon', 'Viamonte']",2,,-32.967572,-60.630252,55.0,538.0,Municipio Rosario,Municipio,Rosario,820210,Servicio de Catastro e Información Territorial,IGN
2018,10051,2018-11-21,Miercoles,0.0,12:20:00,,0.0,2,"Moto/Ciclomotor,Automóvil",Virasoro Y Av. Corrientes,2,1,0,0,1,0,0,"-32.969138888889,-60.648277777778",Calle,,ROSARIO,Rosario,Asfalto,No existe,II,S/D,Urbana,S/D,S/D,Intersección,S/D,S/D,Diurna,S/D,S/D,S/D,Colisión,S/D,S/D,S/D,Sin restricción,"-32.969138888889,-60.648277777778","['Virasoro', 'Corrientes']",2,,-32.969138888889,-60.648277777778,55.0,538.0,Municipio Rosario,Municipio,Rosario,820210,Servicio de Catastro e Información Territorial,IGN
2018,10055,2018-11-23,Viernes,0.0,16:50:00,,0.0,2,"Moto/Ciclomotor,Peatón",Av. Pellegrini Y Vera Mujica,2,1,0,0,1,0,0,"-32.952027777778,-60.669611111111",Calle,,ROSARIO,Rosario,Asfalto,S/D,II,S/D,Urbana,S/D,S/D,Intersección,S/D,S/D,Diurna,S/D,S/D,Peatón,Atropello,S/D,S/D,S/D,S/D,"-32.952027777778,-60.669611111111","['Pellegrini', 'Vera Mujíca']",2,,-32.952027777778,-60.669611111111,55.0,538.0,Municipio Rosario,Municipio,Rosario,820210,Servicio de Catastro e Información Territorial,IGN
2018,10073,2018-11-24,Sabado,0.0,05:45:00,,0.0,2,"Moto/Ciclomotor,Camión c / Acoplado",AYOLAS Y COLECTORA OESTE,2,0,1,0,1,0,0,"-32.9803, -60.62595",Calle,,ROSARIO,Rosario,Asfalto,No existe,II,S/D,S/D,Ninguna,No existe,Intersección,Bueno,S/D,Amanecer,Buen Tiempo,De alcance,S/D,Colisión,S/D,S/D,Ninguna,Sin restricción,"-32.9803, -60.62595","['Ayolas', 'Colectora de Autopista (Oeste)']",2,,-32.9803,-60.62595,55.0,538.0,Municipio Rosario,Municipio,Rosario,820210,Servicio de Catastro e Información Territorial,IGN
2018,10082,2018-11-24,Sabado,0.0,16:40:00,,0.0,2,"Moto/Ciclomotor,Automóvil",Gaboto Y Mariano Moreno,2,1,0,0,1,0,0,"-32.97112, -60.65734",Calle,,ROSARIO,Rosario,Asfalto,No existe,II,S/D,Urbana,Ninguna,No existe,Intersección,Bueno,Buena,Diurna,Buen Tiempo,Lateral,S/D,Colisión,Ninguna,Faltante,Ninguna,Sin restricción,"-32.97112, -60.65734","['Gaboto', 'Mariano Moreno']",2,,-32.97112,-60.65734,55.0,538.0,Municipio Rosario,Municipio,Rosario,820210,Servicio de Catastro e Información Territorial,IGN
2018,10083,2018-11-17,Sabado,0.0,13:40:00,,0.0,2,"Moto/Ciclomotor,Automóvil",Av. Arijon Y Pte.Roca,2,1,0,0,1,0,0,"-33.00322, -60.65616",Avenida,,ROSARIO,Rosario,Asfalto,No existe,II,Dentro,Urbana,Ninguna,Funciona,Intersección,Bueno,Buena,Diurna,Buen Tiempo,Lateral,S/D,Colisión,Ninguna,Vertical,Ninguna,Sin restricción,"-33.00322, -60.65616","['Avenida Manuel Arijón', 'Roca']",2,,-33.00322,-60.65616,55.0,538.0,Municipio Rosario,Municipio,Rosario,820210,Servicio de Catastro e Información Territorial,IGN
2018,10088,2018-11-27,Martes,0.0,08:05:00,,0.0,3,"Automóvil,Automóvil,Taxi/Remis",Rioja Y 1 de Mayo,3,1,0,0,2,0,0,"-32.94933, -60.63016",Calle,,ROSARIO,Rosario,S/D,S/D,II,S/D,Urbana,S/D,S/D,Intersección,S/D,S/D,Diurna,S/D,S/D,S/D,Colisión,S/D,S/D,S/D,S/D,"-32.94933, -60.63016","['Rioja', 'Primero de Mayo']",2,,-32.94933,-60.63016,55.0,538.0,Municipio Rosario,Municipio,Rosario,820210,Servicio de Catastro e Información Territorial,IGN
2018,10089,2018-11-27,Martes,0.0,01:15:00,,0.0,2,"Automóvil,Moto/Ciclomotor",L.N.Alem Y Cerrito,2,1,0,0,1,0,0,"-32.963653839182, -60.632250480344",Calle,,ROSARIO,Rosario,S/D,S/D,II,S/D,Urbana,S/D,S/D,Intersección,S/D,S/D,Nocturna,S/D,S/D,S/D,Colisión,S/D,S/D,S/D,S/D,"-32.963653839182, -60.632250480344","['Alem', 'Cerrito']",2,,-32.963653839182,-60.632250480344,55.0,538.0,Municipio Rosario,Municipio,Rosario,820210,Servicio de Catastro e Información Territorial,IGN
2018,10090,2018-11-27,Martes,0.0,12:00:00,,0.0,2,"Moto/Ciclomotor,Taxi/Remis",Italia Y Ituzaingo,3,1,0,0,2,0,0,"-32.959018982004, -60.651519469907",Calle,,ROSARIO,Rosario,S/D,S/D,II,S/D,Urbana,S/D,S/D,Intersección,S/D,S/D,Diurna,S/D,S/D,S/D,Colisión,S/D,S/D,S/D,S/D,"-32.959018982004, -60.651519469907","['Italia', 'Ituzaingó']",2,,-32.959018982004,-60.651519469907,55.0,538.0,Municipio Rosario,Municipio,Rosario,820210,Servicio de Catastro e Información Territorial,IGN
2018,10111,2018-09-25,Martes,0.0,12:00:00,,0.0,2,"Bicicleta,Automóvil",Bv. Wilde Y Urquiza,2,1,0,0,1,0,0,"-32.934112, -60.738686",Avenida,,ROSARIO,Rosario,Asfalto,No existe,II,Dentro,Urbana,Paso Peatonal,No existe,Intersección,Bueno,Buena,Diurna,Buen Tiempo,S/D,Ciclista,Atropello,Ninguna,"Horizontal,Vertical",Cordón divisorio,Sin restricción,"-32.934112, -60.738686","['Bulevar Wilde', 'Urquiza']",2,,-32.934112,-60.738686,55.0,538.0,Municipio Rosario,Municipio,Rosario,820210,Servicio de Catastro e Información Territorial,IGN
2018,10119,2018-11-18,Domingo,0.0,14:15:00,,0.0,2,"Tren,Peatón",Martin Fierro ,3,1,0,0,2,0,0,"-32.879, -60.70368",Calle,,ROSARIO,Rosario,Asfalto,No existe,II,Dentro,Urbana,Ninguna,No existe,Paso a Nivel FFCC,Bueno,Buena,Diurna,Buen Tiempo,S/D,Peatón,Atropello,Ninguna,Faltante,Ninguna,Sin restricción,"-32.879, -60.70368",['Martin Fierro'],1,,-32.879,-60.70368,55.0,538.0,Municipio Rosario,Municipio,Rosario,820210,Servicio de Catastro e Información Territorial,IGN
2018,10122,2018-11-27,Martes,0.0,11:00:00,,0.0,2,"Automóvil,Automóvil",Olavarria Bis Y J.B.Justo,2,1,0,0,0,0,1,"-32.914733246431, -60.704627973313",Calle,,ROSARIO,Rosario,Asfalto,No existe,II,Dentro,Urbana,Ninguna,No existe,Intersección,Bueno,Buena,Diurna,Buen Tiempo,S/D,S/D,Colisión,Ninguna,Faltante,Ninguna,Sin restricción,"-32.914733246431, -60.704627973313","['Olavarría', 'Justo']",2,,-32.914733246431,-60.704627973313,55.0,538.0,Municipio Rosario,Municipio,Rosario,820210,Servicio de Catastro e Información Territorial,IGN
2018,10123,2018-11-17,Sabado,0.0,17:55:00,,0.0,2,"Automóvil,Automóvil",Salvat Y Pje. 1349,3,1,0,0,2,0,0,"-32.88337, -60.72309",Calle,,ROSARIO,Rosario,Asfalto,Natural,II,Dentro,Urbana,Ninguna,No existe,Intersección,Bueno,Buena,Atardecer,Buen Tiempo,S/D,S/D,Colisión,S/D,S/D,Ninguna,S/D,"-32.88337, -60.72309","['Salvat', 'Calle 1359']",2,,-32.88337,-60.72309,55.0,538.0,Municipio Rosario,Municipio,Rosario,820210,Servicio de Catastro e Información Territorial,IGN
2018,10129,2018-11-10,Sabado,0.0,05:00:00,,0.0,2,"Moto/Ciclomotor,Automóvil",Servando Bayo ,2,0,1,0,0,0,1,"-32.94798, -60.68706",Calle,,ROSARIO,Rosario,S/D,S/D,II,S/D,Urbana,S/D,S/D,Recta,S/D,S/D,S/D,S/D,S/D,S/D,Colisión,S/D,S/D,S/D,S/D,"-32.94798, -60.68706",['Servando Bayo'],1,,-32.94798,-60.68706,55.0,538.0,Municipio Rosario,Municipio,Rosario,820210,Servicio de Catastro e Información Territorial,IGN
2018,10135,2018-11-09,Viernes,0.0,16:30:00,,0.0,2,"Moto/Ciclomotor,Automóvil",Espa?a Y Khantuta,2,0,1,0,0,0,1,"-33.01218, -60.65699",Calle,,ROSARIO,Rosario,S/D,S/D,II,S/D,Urbana,S/D,S/D,Intersección,S/D,S/D,S/D,S/D,S/D,S/D,Colisión,S/D,S/D,S/D,S/D,"-33.01218, -60.65699","['España', 'Khantuta']",2,,-33.01218,-60.65699,55.0,538.0,Municipio Rosario,Municipio,Rosario,820210,Servicio de Catastro e Información Territorial,IGN
2018,10150,2018-11-28,Miercoles,0.0,15:30:00,,0.0,2,"Moto/Ciclomotor,Pickup/Utilitario",Cochabamba Y Espa?a,2,1,0,0,1,0,0,"-32.956941211572, -60.649572158878",Calle,,ROSARIO,Rosario,S/D,S/D,II,S/D,Urbana,S/D,S/D,Intersección,S/D,S/D,Diurna,S/D,S/D,S/D,Colisión,S/D,S/D,S/D,S/D,"-32.956941211572, -60.649572158878","['Cochabamba', 'España']",2,,-32.956941211572,-60.649572158878,55.0,538.0,Municipio Rosario,Municipio,Rosario,820210,Servicio de Catastro e Información Territorial,IGN
2018,10151,2018-11-19,Lunes,0.0,04:45:00,,0.0,1,Moto/Ciclomotor,Av. Ovidio Lagos Y Lamadrid,1,1,0,0,0,0,0,"-32.99793, -60.6748",Avenida,,ROSARIO,Rosario,Asfalto,S/D,II,Dentro,Urbana,Ninguna,S/D,Intersección,S/D,Buena,"Nocturna,Con luz artificial",Buen Tiempo,S/D,S/D,Caída ocupante,Ninguna,S/D,Cordón divisorio,S/D,"-32.99793, -60.6748","['Avenida Ovidio Lagos', 'Lamadrid']",2,,-32.99793,-60.6748,55.0,538.0,Municipio Rosario,Municipio,Rosario,820210,Servicio de Catastro e Información Territorial,IGN
2018,10152,2018-11-28,Miercoles,0.0,13:00:00,,0.0,2,"Moto/Ciclomotor,Moto/Ciclomotor",Cordoba Y Callao,2,1,0,0,1,0,0,"-32.942478740563, -60.660107875888",Calle,,ROSARIO,Rosario,S/D,S/D,II,S/D,Urbana,S/D,S/D,Recta,S/D,S/D,Diurna,S/D,S/D,S/D,Colisión,S/D,S/D,S/D,S/D,"-32.942478740563, -60.660107875888","['Córdoba', 'Callao']",2,,-32.942478740563,-60.660107875888,55.0,538.0,Municipio Rosario,Municipio,Rosario,820210,Servicio de Catastro e Información Territorial,IGN
2018,10153,2018-11-17,Sabado,0.0,12:30:00,,0.0,2,"Automóvil,Moto/Ciclomotor",Bv. Oro?o Y Av. Battle y Ordo?ez,2,1,0,0,1,0,0,"-33.00976, -60.67629",Avenida,,ROSARIO,Rosario,Asfalto,S/D,II,Dentro,Urbana,S/D,Funciona,Intersección,S/D,Buena,Diurna,S/D,S/D,S/D,Colisión,S/D,S/D,Cordón divisorio,Sin restricción,"-33.00976, -60.67629","['Bulevar Nicasio Oroño', 'Avenida Battle y Ordoñez']",2,,-33.00976,-60.67629,55.0,538.0,Municipio Rosario,Municipio,Rosario,820210,Servicio de Catastro e Información Territorial,IGN
2018,10154,2018-09-24,Lunes,0.0,,,0.0,2,"Moto/Ciclomotor,Automóvil",GÁLVEZ Y Entre Rios,2,1,0,0,1,0,0,"-32.968312, -60.646405",Calle,,ROSARIO,Rosario,Asfalto,No existe,II,Dentro,Urbana,S/D,No existe,Intersección,Bueno,S/D,S/D,S/D,Lateral,S/D,Colisión,Ninguna,Faltante,Ninguna,Sin restricción,"-32.968312, -60.646405","['Glave', 'Entre Ríos']",2,,-32.968312,-60.646405,55.0,538.0,Municipio Rosario,Municipio,Rosario,820210,Servicio de Catastro e Información Territorial,IGN
2018,10157,2018-11-28,Miercoles,0.0,12:00:00,,0.0,2,"Moto/Ciclomotor,Automóvil",Av. Battle y Ordo?ez Y San Martin,2,1,0,0,0,0,1,"-33.008961300309, -60.650718669242",Avenida,,ROSARIO,Rosario,Asfalto,No existe,II,Dentro,Urbana,Ninguna,Funciona,Recta,Bueno,Buena,Diurna,Otro,De alcance,S/D,Colisión,Ninguna,Vertical,Cordón divisorio,Sin restricción,"-33.008961300309, -60.650718669242","['Avenida Battle y Ordoñez', 'San Martin']",2,,-33.008961300309,-60.650718669242,55.0,538.0,Municipio Rosario,Municipio,Rosario,820210,Servicio de Catastro e Información Territorial,IGN
2018,10158,2018-11-28,Miercoles,0.0,20:45:00,,0.0,2,"Pickup/Utilitario,Moto/Ciclomotor",Cafferata Y Bv. Segui,2,0,1,0,1,0,0,"-32.973305737921, -60.679251611385",Avenida,,ROSARIO,Rosario,Asfalto,S/D,II,S/D,Urbana,Semáforo,Funciona,Intersección,S/D,S/D,"Nocturna,Con luz artificial",S/D,S/D,S/D,Colisión,S/D,S/D,Cordón divisorio,S/D,"-32.973305737921, -60.679251611385","['Cafferata', 'Bulevar Juan Francisco Seguí']",2,,-32.973305737921,-60.679251611385,55.0,538.0,Municipio Rosario,Municipio,Rosario,820210,Servicio de Catastro e Información Territorial,IGN
2018,10162,2018-09-22,Sabado,0.0,01:30:00,,0.0,2,"Automóvil,Moto/Ciclomotor",Amenabar Y Camilo Aldao,3,0,1,0,1,1,0,"-32.96349, -60.69506",Calle,,ROSARIO,Rosario,Asfalto,No existe,II,Dentro,Urbana,Ninguna,S/D,Recta,Bueno,Buena,Nocturna,Buen Tiempo,De alcance,S/D,Colisión,Ninguna,S/D,Ninguna,Sin restricción,"-32.96349, -60.69506","['Amenabar', 'Camilo Aldao']",2,,-32.96349,-60.69506,55.0,538.0,Municipio Rosario,Municipio,Rosario,820210,Servicio de Catastro e Información Territorial,IGN
2018,10174,2018-09-24,Lunes,0.0,11:10:00,,0.0,2,"Pickup/Utilitario,Moto/Ciclomotor",Av. Casiano Casas Y Baigorria,2,1,0,0,1,0,0,"-32.893914, -60.716341",Avenida,,ROSARIO,Rosario,Asfalto,No existe,II,Dentro,Urbana,Semáforo,No existe,Intersección,Deteriorada,Buena,Diurna,Buen Tiempo,S/D,S/D,Colisión,Ninguna,"Horizontal,Vertical",Ninguna,Sin restricción,"-32.893914, -60.716341","['Avenida Casiano Casas', 'Baigorria']",2,,-32.893914,-60.716341,55.0,538.0,Municipio Rosario,Municipio,Rosario,820210,Servicio de Catastro e Información Territorial,IGN
2018,10178,2018-09-24,Lunes,0.0,09:50:00,,0.0,2,"Moto/Ciclomotor,Automóvil",Milan Y Av. Corrientes,2,1,0,0,1,0,0,"-32.989800, -60.653482",Calle,,ROSARIO,Rosario,Asfalto,No existe,II,Dentro,Urbana,Ninguna,No existe,Intersección,Bueno,Buena,Diurna,Buen Tiempo,S/D,S/D,Colisión,Ninguna,Faltante,Ninguna,Sin restricción,"-32.989800, -60.653482","['Milán', 'Corrientes']",2,,-32.9898,-60.653482,55.0,538.0,Municipio Rosario,Municipio,Rosario,820210,Servicio de Catastro e Información Territorial,IGN
2018,10184,2018-11-16,Viernes,0.0,11:30:00,,0.0,2,"Camión Chasis,Moto/Ciclomotor",Francia F Y Acevedo Bis,2,0,1,0,1,0,0,"-32.98421, -60.67691",Avenida,,ROSARIO,Rosario,Asfalto,No existe,II,S/D,Urbana,S/D,S/D,Intersección,S/D,Buena,Diurna,S/D,S/D,S/D,Colisión,S/D,S/D,Cordón divisorio,S/D,"-32.98421, -60.67691","['Avenida Francia', 'Acevedo']",2,,-32.98421,-60.67691,55.0,538.0,Municipio Rosario,Municipio,Rosario,820210,Servicio de Catastro e Información Territorial,IGN
2018,10190,2018-11-01,Jueves,0.0,14:10:00,,0.0,2,"Peatón,Automóvil",Pje. Mamboreta Bis 928,2,1,0,0,1,0,0,"-32.91831, -60.71682",S/D,,ROSARIO,Rosario,S/D,S/D,II,S/D,S/D,S/D,S/D,S/D,S/D,S/D,S/D,S/D,S/D,Peatón,Atropello,S/D,S/D,S/D,S/D,"-32.91831, -60.71682",['Pasaje Mamboreta Bis 928'],1,,-32.91831,-60.71682,55.0,538.0,Municipio Rosario,Municipio,Rosario,820210,Servicio de Catastro e Información Territorial,IGN