anio_acci,nro_acci,fecha,desc_dia,fecha_aprox,hora_aprox,desc_ruta,km,cant_participantes,desc_participante,calle_avenida_km,total,heridos_leves,heridos_graves,heridos_gravisimos,ilesos,fallecidos,sin_datos,posicion_XY,desc_tipo_via,desc_ruta_ori,desc_loc,desc_dpto,desc_tipo_calzada,desc_tipo_banquina,desc_unidad_regional,desc_lugar_calzada,desc_zona,desc_prioridad,desc_estado_semaforo,desc_lugar_via,desc_estado_via,desc_estado_visibilidad,desc_luminosidad,desc_estado_clima,desc_tipo_colision,desc_tipo_atropello,desc_tipo_hecho,desc_pres_calzada,desc_senializacion,desc_separacion_via,desc_restriccion,forma_geocod,calle_lista,numero_calles,calles_osm,lat,lon,index_right,gid,fna,gna,nam,in1,fdc,sag
2018,10205,2018-11-18,Domingo,0.0,22:30:00,,0.0,2,"Moto/Ciclomotor,Automóvil",Av. Eva Peron Y Campbell,2,1,0,0,1,0,0,"-32.93396, -60.70822",Calle,,ROSARIO,Rosario,Asfalto,No existe,II,Dentro,Urbana,Semáforo,Funciona,Intersección,Bueno,Buena,Nocturna,Buen Tiempo,Lateral,S/D,Colisión,Ninguna,S/D,Cordón divisorio,Sin restricción,"-32.93396, -60.70822","['Avenida Eva Perón', 'Campbell']",2,,-32.93396,-60.70822,55.0,538.0,Municipio Rosario,Municipio,Rosario,820210,Servicio de Catastro e Información Territorial,IGN
2018,10206,2018-11-02,Viernes,0.0,,,0.0,3,"Peatón,Moto/Ciclomotor,Automóvil",Albert Sabin Y J.J.Paso,3,2,0,0,1,0,0,"-32.91951, -60.68874",S/D,,ROSARIO,Rosario,S/D,S/D,II,S/D,S/D,S/D,S/D,S/D,S/D,S/D,S/D,S/D,S/D,Peatón,Atropello,S/D,S/D,S/D,S/D,"-32.91951, -60.68874","['Avenida Travesía Albert Sabin', 'Paso']",2,,-32.91951,-60.68874,55.0,538.0,Municipio Rosario,Municipio,Rosario,820210,Servicio de Catastro e Información Territorial,IGN
2018,10214,2018-11-29,Jueves,0.0,17:45:00,,0.0,2,"Peatón,Moto/Ciclomotor",San Lorenzo Y Bv. Avellaneda,2,1,0,0,0,0,1,"-32.936727523615, -60.678792892872",Calle,,ROSARIO,Rosario,S/D,S/D,II,S/D,Urbana,S/D,S/D,Intersección,S/D,S/D,Diurna,S/D,S/D,Peatón,Atropello,S/D,S/D,Ninguna,S/D,"-32.936727523615, -60.678792892872","['San Lorenzo', 'Avellaneda']",2,,-32.936727523615,-60.678792892872,55.0,538.0,Municipio Rosario,Municipio,Rosario,820210,Servicio de Catastro e Información Territorial,IGN
2018,10218,2018-09-14,Viernes,0.0,06:15:00,,0.0,2,"Transporte de Pasajeros Urbano (> 8 asientos),Moto/Ciclomotor",Albert Sabin Y Av. Genova,2,1,0,0,1,0,0,"-32.915321, -60.691103",Avenida,,ROSARIO,Rosario,Asfalto,No existe,II,Dentro,Urbana,Semáforo,Funciona,Intersección,S/D,S/D,Amanecer,S/D,S/D,S/D,Colisión,S/D,"Horizontal,Vertical",Cordón divisorio,Sin restricción,"-32.915321, -60.691103","['Avenida Travesía Albert Sabin', 'Genova']",2,,-32.915321,-60.691103,55.0,538.0,Municipio Rosario,Municipio,Rosario,820210,Servicio de Catastro e Información Territorial,IGN
2018,10230,2018-09-23,Domingo,0.0,13:40:00,,0.0,2,"Automóvil,Moto/Ciclomotor",Laprida Y Lamadrid,3,2,0,0,1,0,0,"-32.997046, -60.646812",Calle,,ROSARIO,Rosario,Asfalto,No existe,II,Dentro,Urbana,Ninguna,No existe,Intersección,Bueno,Buena,Diurna,Buen Tiempo,S/D,S/D,Colisión,Ninguna,Faltante,Ninguna,Sin restricción,"-32.997046, -60.646812","['Laprida', 'Lamadrid']",2,,-32.997046,-60.646812,55.0,538.0,Municipio Rosario,Municipio,Rosario,820210,Servicio de Catastro e Información Territorial,IGN
2018,10235,2018-11-29,Jueves,0.0,08:00:00,,0.0,2,"Moto/Ciclomotor,Pickup/Utilitario",9 De Julio 3800,2,1,0,0,1,0,0,"-32.947255157955, -60.676875870598",Calle,,ROSARIO,Rosario,S/D,S/D,II,S/D,Urbana,S/D,S/D,Intersección,S/D,S/D,Diurna,S/D,S/D,S/D,Colisión,S/D,S/D,S/D,S/D,"-32.947255157955, -60.676875870598",['9 De Julio 3800'],1,,-32.947255157955,-60.676875870598,55.0,538.0,Municipio Rosario,Municipio,Rosario,820210,Servicio de Catastro e Información Territorial,IGN
2018,10237,2018-11-29,Jueves,0.0,02:35:00,,0.0,2,"Moto/Ciclomotor,Taxi/Remis",9 De Julio Y Callao,3,1,1,0,1,0,0,"-32.949894451626, -60.662005703820",Calle,,ROSARIO,Rosario,S/D,S/D,II,S/D,Urbana,S/D,S/D,Intersección,Bueno,S/D,Nocturna,S/D,S/D,S/D,Colisión,S/D,S/D,S/D,S/D,"-32.949894451626, -60.662005703820","['9 de Julio', 'Callao']",2,,-32.949894451626,-60.66200570382,55.0,538.0,Municipio Rosario,Municipio,Rosario,820210,Servicio de Catastro e Información Territorial,IGN
2018,10245,2018-11-03,Sabado,0.0,,,0.0,2,"Moto/Ciclomotor,Automóvil", ,2,0,1,0,1,0,0,"-32.93657, -60.68561",S/D,,ROSARIO,Rosario,S/D,S/D,II,S/D,S/D,S/D,S/D,S/D,S/D,S/D,S/D,S/D,S/D,S/D,S/D,S/D,S/D,S/D,S/D,"-32.93657, -60.68561",[''],0,,-32.93657,-60.68561,55.0,538.0,Municipio Rosario,Municipio,Rosario,820210,Servicio de Catastro e Información Territorial,IGN
2018,10257,2018-11-29,Jueves,0.0,08:00:00,,0.0,2,"Moto/Ciclomotor,Moto/Ciclomotor",Garibaldi 5900,3,3,0,0,0,0,0,"-32.97888, -60.68755",Calle,,ROSARIO,Rosario,Hormigón,Pavimento,II,Dentro,Urbana,Ninguna,No existe,Recta,Bueno,Buena,Diurna,Buen Tiempo,Frontal,S/D,Colisión,Ninguna,Faltante,Ninguna,Sin restricción,"-32.97888, -60.68755",['Garibaldi 5900'],1,,-32.97888,-60.68755,55.0,538.0,Municipio Rosario,Municipio,Rosario,820210,Servicio de Catastro e Información Territorial,IGN
2018,10263,2018-11-29,Jueves,0.0,21:40:00,,0.0,2,"Moto/Ciclomotor,Automóvil",Biedma Y Pje. J.Casals,3,0,1,0,2,0,0,"-32.97301, -60.69748",Calle,,ROSARIO,Rosario,Asfalto,Pavimento,II,Dentro,Urbana,Ninguna,No existe,Intersección,Bueno,Buena,Nocturna,Buen Tiempo,S/D,S/D,Colisión,Ninguna,Faltante,Ninguna,Sin restricción,"-32.97301, -60.69748","['Coronel Biedma', 'Casals']",2,,-32.97301,-60.69748,55.0,538.0,Municipio Rosario,Municipio,Rosario,820210,Servicio de Catastro e Información Territorial,IGN
2018,10280,2018-09-20,Jueves,0.0,18:00:00,,0.0,1,Bicicleta,Mendoza 7700,1,1,0,0,0,0,0,"-32.940579, -60.725945",Avenida,,ROSARIO,Rosario,Asfalto,No existe,II,Dentro,Urbana,Ninguna,No existe,Recta,Bueno,Buena,Diurna,Buen Tiempo,S/D,S/D,Caída ocupante,Ninguna,Faltante,Cordón divisorio,Sin restricción,"-32.940579, -60.725945",['Mendoza 7700'],1,,-32.940579,-60.725945,55.0,538.0,Municipio Rosario,Municipio,Rosario,820210,Servicio de Catastro e Información Territorial,IGN
2018,10285,2018-09-22,Sabado,0.0,,,0.0,2,"Moto/Ciclomotor,Automóvil",Calle 2106 Y Pje. 2105,2,1,0,0,1,0,0,"-33.019911, -60.687330",Calle,,ROSARIO,Rosario,Asfalto,No existe,II,Dentro,Urbana,S/D,S/D,Intersección,Bueno,Buena,S/D,Buen Tiempo,Lateral,S/D,Colisión,Ninguna,S/D,Ninguna,Sin restricción,"-33.019911, -60.687330","['Calle 2106', 'La Cumparsita']",2,,-33.019911,-60.68733,55.0,538.0,Municipio Rosario,Municipio,Rosario,820210,Servicio de Catastro e Información Territorial,IGN
2018,10295,2018-11-05,Lunes,0.0,17:10:00,,0.0,2,"Automóvil,Moto/Ciclomotor",Pte.Quintana Y Av. Francia,3,2,0,0,1,0,0,"-32.97767, -60.67455",S/D,,ROSARIO,Rosario,S/D,S/D,II,S/D,S/D,S/D,S/D,S/D,S/D,S/D,S/D,S/D,S/D,S/D,S/D,S/D,S/D,S/D,S/D,"-32.97767, -60.67455","['Quintana', 'Avenida Francia']",2,,-32.97767,-60.67455,55.0,538.0,Municipio Rosario,Municipio,Rosario,820210,Servicio de Catastro e Información Territorial,IGN
2018,10300,2018-11-05,Lunes,0.0,,,0.0,2,"Moto/Ciclomotor,Moto/Ciclomotor",Av. Pellegrini Y Camilo Aldao,3,3,0,0,0,0,0,"-32.94821, -60.6957",S/D,,ROSARIO,Rosario,S/D,S/D,II,S/D,S/D,S/D,S/D,S/D,S/D,S/D,S/D,S/D,S/D,S/D,S/D,S/D,S/D,S/D,S/D,"-32.94821, -60.6957","['Pellegrini', 'Camilo Aldao']",2,,-32.94821,-60.6957,55.0,538.0,Municipio Rosario,Municipio,Rosario,820210,Servicio de Catastro e Información Territorial,IGN
2018,10302,2018-11-30,Viernes,0.0,17:00:00,,0.0,2,"Automóvil,Pickup/Utilitario",Espa?a 1500,2,1,0,0,1,0,0,"-32.953522694576, -60.648685758974",Calle,,ROSARIO,Rosario,Asfalto,S/D,II,Dentro,Urbana,S/D,S/D,Recta,Bueno,S/D,S/D,Buen Tiempo,De alcance,S/D,Colisión,Ninguna,Vertical,Ninguna,Sin restricción,"-32.953522694576, -60.648685758974",['Espa?a 1500'],1,,-32.953522694576,-60.648685758974,55.0,538.0,Municipio Rosario,Municipio,Rosario,820210,Servicio de Catastro e Información Territorial,IGN
2018,10306,2018-11-05,Lunes,0.0,,,0.0,2,"Moto/Ciclomotor,Automóvil",Derqui Y Av. Provincias Unidas,2,1,0,0,1,0,0,"-32.93803, -60.71269",S/D,,ROSARIO,Rosario,S/D,S/D,II,S/D,S/D,S/D,S/D,S/D,S/D,S/D,S/D,S/D,S/D,S/D,S/D,S/D,S/D,S/D,S/D,"-32.93803, -60.71269","['Derqui', 'Avenida Provincias Unidas']",2,,-32.93803,-60.71269,55.0,538.0,Municipio Rosario,Municipio,Rosario,820210,Servicio de Catastro e Información Territorial,IGN
2018,10318,2018-11-08,Jueves,0.0,16:40:00,,0.0,2,"Automóvil,Moto/Ciclomotor",Av. Ntra.Sra.del Rosario Y Bv. Avellaneda,2,0,1,0,1,0,0,"-33.00063, -60.64955",S/D,,ROSARIO,Rosario,S/D,S/D,II,S/D,S/D,S/D,S/D,S/D,S/D,S/D,S/D,S/D,S/D,S/D,S/D,S/D,S/D,S/D,S/D,"-33.00063, -60.64955","['Nuestra Señora del Rosario', 'Avellaneda']",2,,-33.00063,-60.64955,55.0,538.0,Municipio Rosario,Municipio,Rosario,820210,Servicio de Catastro e Información Territorial,IGN
2018,10324,2018-11-08,Jueves,0.0,18:45:00,,0.0,2,"Automóvil,Automóvil",Matienzo Y Av. Pellegrini,3,1,0,0,2,0,0,"-32.94794, -60.69372",S/D,,ROSARIO,Rosario,S/D,S/D,II,S/D,S/D,S/D,S/D,S/D,S/D,S/D,S/D,S/D,S/D,S/D,S/D,S/D,S/D,S/D,S/D,"-32.94794, -60.69372","['Matienzo', 'Pellegrini']",2,,-32.94794,-60.69372,55.0,538.0,Municipio Rosario,Municipio,Rosario,820210,Servicio de Catastro e Información Territorial,IGN
2018,10339,2018-09-06,Jueves,0.0,,,0.0,2,"Moto/Ciclomotor,Moto/Ciclomotor",J.M.Gutierrez Bis 500,2,2,0,0,0,0,0,"-32.993369, -60.620248",Calle,,ROSARIO,Rosario,Hormigón,No existe,II,Dentro,Urbana,Ninguna,No existe,Recta,Bueno,Buena,S/D,Buen Tiempo,Lateral,S/D,Colisión,Ninguna,Faltante,Ninguna,Sin restricción,"-32.993369, -60.620248",['J M Gutierrez Bis 500'],1,,-32.993369,-60.620248,55.0,538.0,Municipio Rosario,Municipio,Rosario,820210,Servicio de Catastro e Información Territorial,IGN
2018,10367,2018-11-17,Sabado,0.0,20:30:00,,0.0,2,"Pickup/Utilitario,Moto/Ciclomotor",Donado Y Martinez Estrada,2,1,0,0,1,0,0,"-32.91112, -60.72822",Calle,,ROSARIO,Rosario,Asfalto,No existe,II,S/D,Urbana,Ninguna,S/D,Intersección,S/D,S/D,Nocturna,S/D,S/D,S/D,Colisión,S/D,S/D,S/D,Sin restricción,"-32.91112, -60.72822","['Donado', 'Martinez Estrada']",2,,-32.91112,-60.72822,55.0,538.0,Municipio Rosario,Municipio,Rosario,820210,Servicio de Catastro e Información Territorial,IGN
2018,10374,2018-09-20,Jueves,0.0,,,0.0,2,"Peatón,Automóvil", ,2,1,0,0,1,0,0,"-32.985603, -60.656744",Calle,,ROSARIO,Rosario,Asfalto,No existe,II,Dentro,Urbana,S/D,S/D,Recta,S/D,S/D,S/D,S/D,S/D,Peatón,Atropello,S/D,S/D,S/D,S/D,"-32.985603, -60.656744",[''],0,,-32.985603,-60.656744,55.0,538.0,Municipio Rosario,Municipio,Rosario,820210,Servicio de Catastro e Información Territorial,IGN
2018,10388,2018-11-21,Miercoles,0.0,19:30:00,,0.0,2,"Pickup/Utilitario,Moto/Ciclomotor",Jose Ingenieros Y Barra,4,3,0,0,1,0,0,"-32.91697, -60.70808",Calle,,ROSARIO,Rosario,Asfalto,No existe,II,Dentro,Urbana,Ninguna,No existe,Intersección,Bueno,Buena,Atardecer,Buen Tiempo,Lateral,S/D,Colisión,Ninguna,Faltante,Ninguna,Sin restricción,"-32.91697, -60.70808","['José Ingenieros', 'Barra']",2,,-32.91697,-60.70808,55.0,538.0,Municipio Rosario,Municipio,Rosario,820210,Servicio de Catastro e Información Territorial,IGN
2018,10392,2018-11-19,Lunes,0.0,19:15:00,,0.0,2,"Bicicleta,Pickup/Utilitario",Jose Ingenieros Y Sanchez de Loria,2,1,0,0,1,0,0,"-32.91768, -60.73278",Calle,,ROSARIO,Rosario,Asfalto,No existe,II,Dentro,Urbana,Ninguna,S/D,Intersección,Bueno,Buena,Atardecer,Buen Tiempo,S/D,Ciclista,Atropello,Ninguna,S/D,Ninguna,Sin restricción,"-32.91768, -60.73278","['José Ingenieros', 'Sánchez de Loria']",2,,-32.91768,-60.73278,55.0,538.0,Municipio Rosario,Municipio,Rosario,820210,Servicio de Catastro e Información Territorial,IGN
2018,10393,2018-11-02,Viernes,0.0,07:50:00,,0.0,2,"Moto/Ciclomotor,Automóvil",Av. Ovidio Lagos Y Av. Pte.Peron,2,1,0,0,1,0,0,"-32.95553, -60.66479",S/D,,ROSARIO,Rosario,S/D,S/D,II,S/D,S/D,S/D,S/D,S/D,S/D,S/D,S/D,S/D,S/D,S/D,S/D,S/D,S/D,S/D,S/D,"-32.95553, -60.66479","['Avenida Ovidio Lagos', 'Avenida Presidente Perón']",2,,-32.95553,-60.66479,55.0,538.0,Municipio Rosario,Municipio,Rosario,820210,Servicio de Catastro e Información Territorial,IGN
2018,10394,2018-11-20,Martes,0.0,00:25:00,,0.0,2,"Automóvil,Automóvil",Santa Fe Y F.More,4,2,0,0,2,0,0,"-32.93518, -60.69363",Calle,,ROSARIO,Rosario,Asfalto,No existe,II,Dentro,Urbana,Semáforo,Funciona,Intersección,S/D,S/D,Nocturna,S/D,Frontal,S/D,Colisión,S/D,Vertical,Ninguna,Sin restricción,"-32.93518, -60.69363","['Santa Fe', 'Felipe Moré']",2,,-32.93518,-60.69363,55.0,538.0,Municipio Rosario,Municipio,Rosario,820210,Servicio de Catastro e Información Territorial,IGN
2018,10412,2018-09-06,Jueves,0.0,05:15:00,,0.0,2,"Peatón,Otros",Bv. Oro?o Y Av. Pellegrini,2,0,1,0,0,0,1,"-32.954367, -60.656094",Avenida,,ROSARIO,Rosario,Asfalto,No existe,II,Dentro,Urbana,Semáforo,Funciona,Intersección,S/D,S/D,Nocturna,S/D,S/D,Peatón,Atropello,S/D,"Horizontal,Vertical",Cordón divisorio,Sin restricción,"-32.954367, -60.656094","['Bulevar Nicasio Oroño', 'Pellegrini']",2,,-32.954367,-60.656094,55.0,538.0,Municipio Rosario,Municipio,Rosario,820210,Servicio de Catastro e Información Territorial,IGN
2018,10413,2018-09-08,Sabado,0.0,17:15:00,,0.0,2,"Otros,Automóvil",Bv. Segui Y Ayacucho,2,1,0,0,0,0,1,"-32.981090, -60.635510",Avenida,,ROSARIO,Rosario,Asfalto,No existe,II,Dentro,Urbana,Ninguna,No existe,Intersección,S/D,S/D,Diurna,S/D,S/D,S/D,Colisión,S/D,Faltante,Cordón divisorio,Sin restricción,"-32.981090, -60.635510","['Bulevar Juan Francisco Seguí', 'Ayacucho']",2,,-32.98109,-60.63551,55.0,538.0,Municipio Rosario,Municipio,Rosario,820210,Servicio de Catastro e Información Territorial,IGN
2018,10414,2018-09-10,Lunes,0.0,13:00:00,,0.0,1,Moto/Ciclomotor,Av. Provincias Unidas Y Ocampo,1,0,1,0,0,0,0,"-32.958027, -60.711965",Avenida,,ROSARIO,Rosario,Asfalto,No existe,II,Dentro,Urbana,Ninguna,No existe,Intersección,S/D,S/D,Diurna,S/D,S/D,S/D,Colisión,S/D,Faltante,Cordón divisorio,Sin restricción,"-32.958027, -60.711965","['Avenida Provincias Unidas', 'Ocampo']",2,,-32.958027,-60.711965,55.0,538.0,Municipio Rosario,Municipio,Rosario,820210,Servicio de Catastro e Información Territorial,IGN
2018,10418,2018-12-28,Viernes,0.0,20:00:00,,0.0,2,"Automóvil,Moto/Ciclomotor",Varela Y Av. Irigoyen,2,1,0,0,1,0,0,"-32.884593, -60.700415",Calle,,ROSARIO,Rosario,Asfalto,No existe,II,Dentro,Urbana,Otra Señal,No existe,Intersección,Bueno,Buena,"Nocturna,Con luz artificial",Buen Tiempo,Lateral,S/D,Colisión,Ninguna,Vertical,Ninguna,Sin restricción,"-32.884593, -60.700415","['Varela', 'Avenida Hipólito Irigoyen']",2,,-32.884593,-60.700415,55.0,538.0,Municipio Rosario,Municipio,Rosario,820210,Servicio de Catastro e Información Territorial,IGN
2018,10419,2018-12-26,Miercoles,0.0,03:20:00,,0.0,1,Moto/Ciclomotor,Av. Eudoro Carrasco 2400,1,1,0,0,0,0,0,"-32.889150, -60.686864",Avenida,,ROSARIO,Rosario,Asfalto,No existe,II,Dentro,Urbana,Semáforo,Intermitente,Recta,Bueno,Buena,"Nocturna,Con luz artificial",Buen Tiempo,Contra objeto fijo,S/D,Colisión,Ninguna,Vertical,Cordón divisorio,Sin restricción,"-32.889150, -60.686864",['Eudnicasio Oroño Carrasco 2400'],1,,-32.88915,-60.686864,55.0,538.0,Municipio Rosario,Municipio,Rosario,820210,Servicio de Catastro e Información Territorial,IGN
2018,10420,2018-11-08,Jueves,0.0,07:30:00,,0.0,2,"Automóvil,Camión",San Luis Y Santiago,3,2,0,0,1,0,0,"-32.9459, -60.65667",S/D,,ROSARIO,Rosario,S/D,S/D,II,S/D,S/D,S/D,S/D,S/D,S/D,S/D,S/D,S/D,S/D,S/D,S/D,S/D,S/D,S/D,S/D,"-32.9459, -60.65667","['San Luis', 'Santiago']",2,,-32.9459,-60.65667,55.0,538.0,Municipio Rosario,Municipio,Rosario,820210,Servicio de Catastro e Información Territorial,IGN
2018,10421,2018-12-04,Martes,0.0,23:15:00,,0.0,1,Moto/Ciclomotor,Bv. Rondeau Y Salvat,2,1,0,0,0,0,1,"-32.882253, -60.696320",Avenida,,ROSARIO,Rosario,Asfalto,No existe,II,Dentro,Urbana,Semáforo,Intermitente,Intersección,Bueno,Buena,Nocturna,Buen Tiempo,Atropello animal,S/D,Colisión,Ninguna,Vertical,Cordón divisorio,Sin restricción,"-32.882253, -60.696320","['Rondeau', 'Salvat']",2,,-32.882253,-60.69632,55.0,538.0,Municipio Rosario,Municipio,Rosario,820210,Servicio de Catastro e Información Territorial,IGN
2018,10439,2018-12-21,Viernes,0.0,12:50:00,,0.0,2,"Automóvil,Moto/Ciclomotor",Av. Alberdi Bis Y French,5,0,1,0,1,0,3,"-32.920838, -60.681182",Calle,,ROSARIO,Rosario,Asfalto,No existe,II,Dentro,Urbana,Semáforo,Funciona,Intersección,Bueno,Buena,Diurna,Buen Tiempo,Lateral,S/D,Colisión,Ninguna,"Horizontal,Vertical",Línea divisoria pintada,Sin restricción,"-32.920838, -60.681182","['Alberdi', 'French']",2,,-32.920838,-60.681182,55.0,538.0,Municipio Rosario,Municipio,Rosario,820210,Servicio de Catastro e Información Territorial,IGN
2018,10440,2018-12-20,Jueves,0.0,22:00:00,,0.0,2,"Moto/Ciclomotor,Peatón",Av. Alberdi Bis Y Del Valle Iberlucea,2,0,1,0,1,0,0,"-32.918740, -60.682807",Avenida,,ROSARIO,Rosario,Asfalto,No existe,II,Dentro,Urbana,Ninguna,No existe,Intersección,Bueno,Buena,Nocturna,Buen Tiempo,S/D,Peatón,Atropello,Ninguna,Faltante,Línea divisoria pintada,Sin restricción,"-32.918740, -60.682807","['Alberdi', 'Del Valle Iberlucea']",2,,-32.91874,-60.682807,55.0,538.0,Municipio Rosario,Municipio,Rosario,820210,Servicio de Catastro e Información Territorial,IGN
2018,10442,2018-12-02,Domingo,0.0,13:25:00,,0.0,3,"Automóvil,Automóvil,Otros",Av. Avellaneda B Y French,4,2,0,0,1,0,1,"-32.920667, -60.674520",Avenida,,ROSARIO,Rosario,Asfalto,No existe,II,Dentro,Urbana,Señal Pare,Funciona,Intersección,Bueno,Buena,Diurna,Buen Tiempo,Múltiple,S/D,Colisión,Ninguna,Vertical,Cordón divisorio,Sin restricción,"-32.920667, -60.674520","['Avellaneda', 'French']",2,,-32.920667,-60.67452,55.0,538.0,Municipio Rosario,Municipio,Rosario,820210,Servicio de Catastro e Información Territorial,IGN
2018,10443,2018-12-03,Lunes,0.0,01:45:00,,0.0,2,"Vehículo Oficial,Moto/Ciclomotor",Av. Avellaneda B Y Av. Genova,4,1,1,0,2,0,0,"-32.914948, -60.672974",Avenida,,ROSARIO,Rosario,Hormigón,No existe,II,Dentro,Urbana,Semáforo,Intermitente,Intersección,Bueno,Buena,Nocturna,Buen Tiempo,Frontal,S/D,Colisión,Ninguna,"Horizontal,Vertical",Cordón divisorio,Sin restricción,"-32.914948, -60.672974","['Avellaneda', 'Genova']",2,,-32.914948,-60.672974,55.0,538.0,Municipio Rosario,Municipio,Rosario,820210,Servicio de Catastro e Información Territorial,IGN
2018,10444,2018-12-01,Sabado,0.0,15:45:00,,0.0,2,"Automóvil,Moto/Ciclomotor",Echeverria Bis Y Pje. Corvalan,3,1,1,0,1,0,0,"-32.924052, -60.672179",Calle,,ROSARIO,Rosario,Asfalto,No existe,II,Dentro,Urbana,Ninguna,No existe,Recta,Bueno,Buena,Diurna,Buen Tiempo,Lateral,S/D,Colisión,Ninguna,Faltante,Ninguna,Sin restricción,"-32.924052, -60.672179","['Echeverría', 'Corvalan']",2,,-32.924052,-60.672179,55.0,538.0,Municipio Rosario,Municipio,Rosario,820210,Servicio de Catastro e Información Territorial,IGN
2018,10447,2018-12-04,Martes,0.0,14:30:00,,0.0,2,"Automóvil,Moto/Ciclomotor",J.C.Paz 800,2,1,0,0,1,0,0,"-32.906921, -60.685976",Calle,,ROSARIO,Rosario,Hormigón,No existe,II,Dentro,Urbana,Ninguna,No existe,Recta,Bueno,Buena,Diurna,Buen Tiempo,S/D,S/D,Colisión,Ninguna,Faltante,Ninguna,Sin restricción,"-32.906921, -60.685976",['J C Paz 800'],1,,-32.906921,-60.685976,55.0,538.0,Municipio Rosario,Municipio,Rosario,820210,Servicio de Catastro e Información Territorial,IGN
2018,10448,2018-12-28,Viernes,0.0,14:30:00,,0.0,2,"Automóvil,Automóvil",Bv. Avellaneda Y Av. Uriburu,2,1,0,0,1,0,0,"-32.991980, -60.688714",Avenida,,ROSARIO,Rosario,Asfalto,No existe,II,Dentro,Urbana,Semáforo,Funciona,Intersección,Bueno,Buena,Diurna,Buen Tiempo,De alcance,S/D,Colisión,Ninguna,"Horizontal,Vertical",Cordón divisorio,Sin restricción,"-32.991980, -60.688714","['Avellaneda', 'Uriburu']",2,,-32.99198,-60.688714,55.0,538.0,Municipio Rosario,Municipio,Rosario,820210,Servicio de Catastro e Información Territorial,IGN
2018,10449,2018-12-20,Jueves,0.0,19:10:00,,0.0,2,"Automóvil,Moto/Ciclomotor",J.M.de Rosas 7400,7,1,1,0,5,0,0,"-32.990417, -60.642004",Calle,,ROSARIO,Rosario,Asfalto,No existe,II,Dentro,Urbana,Paso Peatonal,No existe,Recta,Bueno,Buena,Atardecer,Buen Tiempo,Frontal,S/D,Colisión,Ninguna,"Horizontal,Vertical","Cordón divisorio,Línea divisoria pintada",Sin restricción,"-32.990417, -60.642004",['J M De Rosas 7400'],1,,-32.990417,-60.642004,55.0,538.0,Municipio Rosario,Municipio,Rosario,820210,Servicio de Catastro e Información Territorial,IGN
2018,10450,2018-12-21,Viernes,0.0,15:50:00,,0.0,1,Moto/Ciclomotor,Bv. Segui Y Barra,1,1,0,0,0,0,0,"-32.970836, -60.705620",Avenida,,ROSARIO,Rosario,Asfalto,No existe,II,Dentro,Urbana,Paso Peatonal,No existe,Recta,Bueno,Buena,Diurna,Buen Tiempo,S/D,S/D,Caída ocupante,Ninguna,Horizontal,"Cordón divisorio,Línea divisoria pintada",Sin restricción,"-32.970836, -60.705620","['Bulevar Juan Francisco Seguí', 'Barra']",2,,-32.970836,-60.70562,55.0,538.0,Municipio Rosario,Municipio,Rosario,820210,Servicio de Catastro e Información Territorial,IGN
2018,10451,2018-12-18,Martes,0.0,21:30:00,,0.0,2,"Pickup/Utilitario,Moto/Ciclomotor",Av. Pte.Peron Y Liniers,3,0,1,0,2,0,0,"-32.961152, -60.697751",Avenida,,ROSARIO,Rosario,Asfalto,No existe,II,Dentro,Urbana,Semáforo,Funciona,Recta,Bueno,Buena,"Nocturna,Con luz artificial",Buen Tiempo,S/D,S/D,Colisión,Ninguna,"Horizontal,Vertical",Cordón divisorio,Sin restricción,"-32.961152, -60.697751","['Avenida Presidente Perón', 'Liniers']",2,,-32.961152,-60.697751,55.0,538.0,Municipio Rosario,Municipio,Rosario,820210,Servicio de Catastro e Información Territorial,IGN
2018,10452,2018-12-12,Miercoles,0.0,07:10:00,,0.0,2,"Pickup/Utilitario,Moto/Ciclomotor",J.M.de Rosas Y Av. Uriburu,2,1,0,0,1,0,0,"-32.990460, -60.642012",Avenida,,ROSARIO,Rosario,Asfalto,No existe,II,Dentro,Urbana,Paso Peatonal,No existe,Recta,Bueno,Buena,Diurna,Buen Tiempo,S/D,S/D,Colisión,Ninguna,"Horizontal,Vertical","Cordón divisorio,Línea divisoria pintada",Sin restricción,"-32.990460, -60.642012","['De Rosas', 'Uriburu']",2,,-32.99046,-60.642012,55.0,538.0,Municipio Rosario,Municipio,Rosario,820210,Servicio de Catastro e Información Territorial,IGN
2018,10456,2018-12-02,Domingo,0.0,10:00:00,,0.0,2,"Moto/Ciclomotor,Pickup/Utilitario",ALBERT SABIN  Y DON ORIONE ,2,0,1,0,1,0,0,"-32.923114, -60.684627",Avenida,,ROSARIO,Rosario,Asfalto,No existe,II,Dentro,Urbana,Semáforo,Funciona,Intersección,Bueno,Buena,Diurna,Buen Tiempo,De alcance,S/D,Colisión,Ninguna,"Horizontal,Vertical",Cordón divisorio,Sin restricción,"-32.923114, -60.684627","['Avenida Travesía Albert Sabin', 'Pasaje Don Orione']",2,,-32.923114,-60.684627,55.0,538.0,Municipio Rosario,Municipio,Rosario,820210,Servicio de Catastro e Información Territorial,IGN
2018,10458,2018-12-06,Jueves,0.0,13:25:00,,0.0,2,"Moto/Ciclomotor,Automóvil",Pje. Polonia Y Florida,2,1,0,0,1,0,0,"-32.926229, -60.683296",Calle,,ROSARIO,Rosario,Asfalto,No existe,II,Dentro,Urbana,Ninguna,No existe,Recta,Bueno,Buena,Diurna,Buen Tiempo,Lateral,S/D,Colisión,Ninguna,Faltante,Ninguna,Sin restricción,"-32.926229, -60.683296","['Polonia', 'Florida']",2,,-32.926229,-60.683296,55.0,538.0,Municipio Rosario,Municipio,Rosario,820210,Servicio de Catastro e Información Territorial,IGN