anio_acci,nro_acci,fecha,desc_dia,fecha_aprox,hora_aprox,desc_ruta,km,cant_participantes,desc_participante,calle_avenida_km,total,heridos_leves,heridos_graves,heridos_gravisimos,ilesos,fallecidos,sin_datos,posicion_XY,desc_tipo_via,desc_ruta_ori,desc_loc,desc_dpto,desc_tipo_calzada,desc_tipo_banquina,desc_unidad_regional,desc_lugar_calzada,desc_zona,desc_prioridad,desc_estado_semaforo,desc_lugar_via,desc_estado_via,desc_estado_visibilidad,desc_luminosidad,desc_estado_clima,desc_tipo_colision,desc_tipo_atropello,desc_tipo_hecho,desc_pres_calzada,desc_senializacion,desc_separacion_via,desc_restriccion,forma_geocod,calle_lista,numero_calles,calles_osm,lat,lon,index_right,gid,fna,gna,nam,in1,fdc,sag
2018,10460,2018-12-12,Miercoles,0.0,16:40:00,,0.0,2,"Moto/Ciclomotor,Automóvil",Albert Sabin Y Casilda,2,1,0,0,1,0,0,"-32.928196, -60.678036",Avenida,,ROSARIO,Rosario,Asfalto,No existe,II,Dentro,Urbana,Semáforo,Funciona,Recta,Bueno,Buena,Diurna,Buen Tiempo,De alcance,S/D,Colisión,Ninguna,Vertical,Ninguna,Sin restricción,"-32.928196, -60.678036","['Avenida Travesía Albert Sabin', 'Casilda']",2,,-32.928196,-60.678036,55.0,538.0,Municipio Rosario,Municipio,Rosario,820210,Servicio de Catastro e Información Territorial,IGN
2018,10484,2018-11-25,Domingo,0.0,17:45:00,,0.0,2,"Peatón,Moto/Ciclomotor",F.More 3800,2,0,1,0,1,0,0,"-32.9729, -60.69253",Calle,,ROSARIO,Rosario,S/D,S/D,II,S/D,Urbana,S/D,S/D,S/D,S/D,S/D,Atardecer,S/D,S/D,Peatón,Atropello,S/D,S/D,S/D,S/D,"-32.9729, -60.69253",['F More 3800'],1,,-32.9729,-60.69253,55.0,538.0,Municipio Rosario,Municipio,Rosario,820210,Servicio de Catastro e Información Territorial,IGN
2018,10486,2018-11-25,Domingo,0.0,19:10:00,,0.0,1,Moto/Ciclomotor,Liniers Y Ituzaingo,2,0,1,0,1,0,0,"-32.95178, -60.69811",Calle,,ROSARIO,Rosario,S/D,S/D,II,S/D,Urbana,S/D,S/D,Intersección,S/D,S/D,Nocturna,S/D,S/D,S/D,Caída ocupante,S/D,S/D,S/D,S/D,"-32.95178, -60.69811","['Liniers', 'Ituzaingó']",2,,-32.95178,-60.69811,55.0,538.0,Municipio Rosario,Municipio,Rosario,820210,Servicio de Catastro e Información Territorial,IGN
2018,10487,2018-11-25,Domingo,0.0,19:10:00,,0.0,2,"Automóvil,Moto/Ciclomotor",Barra Y Pje. Asuncion,2,0,1,0,1,0,0,"-32.95477, -60.70625",Calle,,ROSARIO,Rosario,S/D,S/D,II,S/D,Urbana,S/D,S/D,Intersección,S/D,S/D,Nocturna,S/D,S/D,S/D,Colisión,S/D,S/D,S/D,S/D,"-32.95477, -60.70625","['Barra', 'Asunción']",2,,-32.95477,-60.70625,55.0,538.0,Municipio Rosario,Municipio,Rosario,820210,Servicio de Catastro e Información Territorial,IGN
2018,10488,2018-11-25,Domingo,0.0,11:15:00,,0.0,2,"Moto/Ciclomotor,Automóvil",Av. Arijon Y Serrano,2,1,0,0,1,0,0,"-33.00247, -60.63176",Calle,,ROSARIO,Rosario,S/D,S/D,II,S/D,Urbana,S/D,S/D,Intersección,S/D,S/D,Diurna,S/D,S/D,S/D,Colisión,S/D,S/D,S/D,S/D,"-33.00247, -60.63176","['Avenida Manuel Arijón', 'Serrano']",2,,-33.00247,-60.63176,55.0,538.0,Municipio Rosario,Municipio,Rosario,820210,Servicio de Catastro e Información Territorial,IGN
2018,10497,2018-11-27,Martes,0.0,00:15:00,,0.0,2,"Moto/Ciclomotor,Automóvil",J.J.Paso Y Chaco Bis,2,1,0,0,1,0,0,"-32.91966, -60.69382",Calle,,ROSARIO,Rosario,S/D,S/D,II,S/D,Urbana,S/D,S/D,Intersección,S/D,S/D,Nocturna,S/D,S/D,S/D,Colisión,S/D,S/D,S/D,S/D,"-32.91966, -60.69382","['Paso', 'Chaco']",2,,-32.91966,-60.69382,55.0,538.0,Municipio Rosario,Municipio,Rosario,820210,Servicio de Catastro e Información Territorial,IGN
2018,10499,2018-11-28,Miercoles,0.0,05:15:00,,0.0,1,Moto/Ciclomotor,Av. Pte.Peron Y Lima,1,1,0,0,0,0,0,"-32.95813, -60.68822",Calle,,ROSARIO,Rosario,S/D,S/D,II,S/D,Urbana,S/D,S/D,Intersección,S/D,S/D,Nocturna,S/D,S/D,S/D,Caída ocupante,S/D,S/D,S/D,S/D,"-32.95813, -60.68822","['Avenida Presidente Perón', 'Lima']",2,,-32.95813,-60.68822,55.0,538.0,Municipio Rosario,Municipio,Rosario,820210,Servicio de Catastro e Información Territorial,IGN
2018,10500,2018-11-28,Miercoles,0.0,20:00:00,,0.0,2,"Automóvil,Peatón",Tarragona Y Av. Jorge Newbery,2,1,0,0,1,0,0,"-32.908527936307,-60.735431928476",Calle,,ROSARIO,Rosario,S/D,S/D,II,S/D,Urbana,S/D,S/D,Intersección,S/D,S/D,Nocturna,S/D,S/D,Peatón,Atropello,S/D,S/D,S/D,S/D,"-32.908527936307,-60.735431928476","['Tarragona', 'Jorge Newbery']",2,,-32.908527936307,-60.735431928476,55.0,538.0,Municipio Rosario,Municipio,Rosario,820210,Servicio de Catastro e Información Territorial,IGN
2018,10536,2018-11-27,Martes,0.0,,,0.0,2,"Moto/Ciclomotor,Automóvil",Bv. Rondeau Y Baigorria,2,1,0,0,1,0,0,"-32.8915, -60.69335",Calle,,ROSARIO,Rosario,S/D,S/D,II,S/D,Urbana,S/D,S/D,Intersección,S/D,S/D,Nocturna,S/D,Lateral,S/D,Colisión,S/D,S/D,S/D,S/D,"-32.8915, -60.69335","['Rondeau', 'Baigorria']",2,,-32.8915,-60.69335,55.0,538.0,Municipio Rosario,Municipio,Rosario,820210,Servicio de Catastro e Información Territorial,IGN
2018,10551,2018-11-30,Viernes,0.0,,,0.0,2,"Automóvil,Camión",Av. Sorrento Y Jose Hernandez,2,1,0,0,1,0,0,"-32.9067, -60.6816",Avenida,,ROSARIO,Rosario,S/D,S/D,II,S/D,Urbana,S/D,S/D,S/D,S/D,S/D,Diurna,S/D,Frontal,S/D,Colisión,S/D,S/D,S/D,S/D,"-32.9067, -60.6816","['Sorrento', 'José Hernández']",2,,-32.9067,-60.6816,55.0,538.0,Municipio Rosario,Municipio,Rosario,820210,Servicio de Catastro e Información Territorial,IGN
2018,10598,2018-11-18,Domingo,0.0,20:45:00,,0.0,2,"Pickup/Utilitario,Automóvil",Roullon Y Godoy Cruz,3,1,0,0,2,0,0,"-32.952, -60.70179",Calle,,ROSARIO,Rosario,Asfalto,No existe,II,Dentro,Urbana,Ninguna,S/D,Intersección,S/D,Buena,Nocturna,S/D,S/D,S/D,Colisión,S/D,S/D,S/D,Sin restricción,"-32.952, -60.70179","['Alfredo Rouillón', 'Avenida Presidente Perón']",2,,-32.952,-60.70179,55.0,538.0,Municipio Rosario,Municipio,Rosario,820210,Servicio de Catastro e Información Territorial,IGN
2018,10601,2018-11-18,Domingo,0.0,17:00:00,,0.0,1,Moto/Ciclomotor,Bv. Rondeau 2700,1,1,0,0,0,0,0,"-32.88839, -60.69411",Avenida,,ROSARIO,Rosario,Asfalto,No existe,II,Dentro,Urbana,S/D,S/D,Recta,S/D,S/D,Diurna,S/D,S/D,S/D,Caída ocupante,S/D,S/D,S/D,Sin restricción,"-32.88839, -60.69411",['Rondeau 2700'],1,,-32.88839,-60.69411,55.0,538.0,Municipio Rosario,Municipio,Rosario,820210,Servicio de Catastro e Información Territorial,IGN
2018,10606,2018-12-16,Domingo,0.0,14:15:00,,0.0,2,"Pickup/Utilitario,Moto/Ciclomotor",Pje. Sugasti Y Iriondo,3,2,0,0,1,0,0,"-32.964807, -60.675716",Calle,,ROSARIO,Rosario,Asfalto,Pavimento,II,Dentro,Urbana,Ninguna,No existe,Recta,Bueno,Buena,Diurna,Buen Tiempo,S/D,S/D,Colisión,Ninguna,Faltante,Ninguna,Sin restricción,"-32.964807, -60.675716","['Sugasti', 'Iriondo']",2,,-32.964807,-60.675716,55.0,538.0,Municipio Rosario,Municipio,Rosario,820210,Servicio de Catastro e Información Territorial,IGN
2018,10610,2018-04-03,Martes,0.0,22:00:00,,0.0,2,"Bicicleta,Otros",Bv. Avellaneda 3000,2,1,0,0,0,0,1,"-32.96499788761141,-60.685633420944",Avenida,,ROSARIO,Rosario,Asfalto,No existe,II,Dentro,Urbana,Ninguna,No existe,Recta,Bueno,Buena,Atardecer,Buen Tiempo,S/D,Ciclista,Atropello,Ninguna,Faltante,Cordón divisorio,Sin restricción,"-32.96499788761141,-60.685633420944",['Avellaneda 3000'],1,,-32.96499788761141,-60.685633420944,55.0,538.0,Municipio Rosario,Municipio,Rosario,820210,Servicio de Catastro e Información Territorial,IGN
2018,10611,2018-04-03,Martes,0.0,21:20:00,,0.0,2,"Bicicleta,Otros",Velez Sarsfield Y Iguazu,2,1,0,0,0,0,1,"-32.92515233159065,-60.686470940709",Calle,,ROSARIO,Rosario,Asfalto,No existe,II,Dentro,Urbana,Semáforo,Funciona,Intersección,Bueno,Buena,"Nocturna,Con luz artificial",Buen Tiempo,S/D,Ciclista,Atropello,Ninguna,Vertical,Ninguna,Sin restricción,"-32.92515233159065,-60.686470940709","['Vélez Sarsfield', 'Iguazu']",2,,-32.92515233159065,-60.686470940709,55.0,538.0,Municipio Rosario,Municipio,Rosario,820210,Servicio de Catastro e Información Territorial,IGN
2018,10613,2018-04-02,Lunes,0.0,23:00:00,,0.0,1,Moto/Ciclomotor,Pje. Newbery Y Mendoza,1,1,0,0,0,0,0,"-32.94239, -60.69062",Calle,,ROSARIO,Rosario,Asfalto,No existe,II,Dentro,Urbana,Paso Peatonal,No existe,Intersección,Bueno,Buena,"Nocturna,Con luz artificial",Buen Tiempo,S/D,S/D,Colisión,Ninguna,Horizontal,Línea divisoria pintada,Sin restricción,"-32.94239, -60.69062","['Newbery', 'Mendoza']",2,,-32.94239,-60.69062,55.0,538.0,Municipio Rosario,Municipio,Rosario,820210,Servicio de Catastro e Información Territorial,IGN
2018,10615,2018-04-06,Viernes,0.0,09:20:00,,0.0,1,Automóvil,Rueda Y Peru,1,1,0,0,0,0,0,"-32.962740283422,-60.710502205436",Calle,,ROSARIO,Rosario,Asfalto,No existe,II,Dentro,Urbana,Ninguna,No existe,Intersección,Bueno,Buena,Diurna,Buen Tiempo,S/D,S/D,Colisión,Ninguna,Faltante,Ninguna,Sin restricción,"-32.962740283422,-60.710502205436","['Rueda', 'Peru']",2,,-32.962740283422,-60.710502205436,55.0,538.0,Municipio Rosario,Municipio,Rosario,820210,Servicio de Catastro e Información Territorial,IGN
2018,10625,2018-04-13,Viernes,0.0,23:20:00,,0.0,1,Moto/Ciclomotor,Av. Provincias Unidas Y White,1,1,0,0,0,0,0,"-32.941357899973,-60.7124790807",Avenida,,ROSARIO,Rosario,Asfalto,No existe,II,Dentro,Urbana,Semáforo,Funciona,Intersección,Bueno,Buena,"Nocturna,Con luz artificial",Buen Tiempo,S/D,S/D,Colisión,Ninguna,"Horizontal,Vertical","Cordón divisorio,Vegetación",Sin restricción,"-32.941357899973,-60.7124790807","['Avenida Provincias Unidas', 'White']",2,,-32.941357899973,-60.7124790807,55.0,538.0,Municipio Rosario,Municipio,Rosario,820210,Servicio de Catastro e Información Territorial,IGN
2018,10626,2018-04-13,Viernes,0.0,01:45:00,,0.0,1,Moto/Ciclomotor,Urquiza Y San Nicolas,1,1,0,0,0,0,0,"-32.936837751586,-60.671438929649",Calle,,ROSARIO,Rosario,Asfalto,No existe,II,Dentro,Urbana,Señal Pare,No existe,Intersección,Bueno,Buena,"Nocturna,Con luz artificial",Buen Tiempo,S/D,S/D,Colisión,Ninguna,"Horizontal,Vertical",Ninguna,Sin restricción,"-32.936837751586,-60.671438929649","['Urquiza', 'San Nicolás']",2,,-32.936837751586,-60.671438929649,55.0,538.0,Municipio Rosario,Municipio,Rosario,820210,Servicio de Catastro e Información Territorial,IGN
2018,10628,2018-04-18,Miercoles,0.0,17:00:00,,0.0,1,Moto/Ciclomotor,Dr.Rivas Y Castellanos,1,1,0,0,0,0,0,"-32.97708, -60.68445",Calle,,ROSARIO,Rosario,Asfalto,No existe,II,Dentro,Urbana,Ninguna,No existe,Intersección,Bueno,Buena,Diurna,Buen Tiempo,S/D,S/D,Colisión,Ninguna,Faltante,Ninguna,Sin restricción,"-32.97708, -60.68445","['Doctor Francisco Riva', 'Aaron Castellanos']",2,,-32.97708,-60.68445,55.0,538.0,Municipio Rosario,Municipio,Rosario,820210,Servicio de Catastro e Información Territorial,IGN
2018,10630,2018-04-21,Sabado,0.0,17:30:00,,0.0,1,Moto/Ciclomotor,J.J.Paso Y Av. Alberdi Bis,1,1,0,0,0,0,0,"-32.919323556125164,-60.68240974098",Avenida,,ROSARIO,Rosario,Asfalto,No existe,II,Dentro,Urbana,Ninguna,Funciona,Intersección,Bueno,Buena,Diurna,Buen Tiempo,S/D,S/D,Colisión,Ninguna,"Horizontal,Vertical",Línea divisoria pintada,Sin restricción,"-32.919323556125164,-60.68240974098","['Paso', 'Alberdi']",2,,-32.919323556125164,-60.68240974098,55.0,538.0,Municipio Rosario,Municipio,Rosario,820210,Servicio de Catastro e Información Territorial,IGN
2018,10634,2018-01-06,Sabado,0.0,,,0.0,2,"Moto/Ciclomotor,Otros",Machain Y Baigorria,2,0,1,0,0,0,1,"-32.89305, -60.70009",Calle,,ROSARIO,Rosario,S/D,S/D,II,S/D,Urbana,S/D,S/D,Intersección,S/D,S/D,S/D,S/D,S/D,S/D,Colisión,S/D,S/D,S/D,S/D,"-32.89305, -60.70009","['Machain', 'Baigorria']",2,,-32.89305,-60.70009,55.0,538.0,Municipio Rosario,Municipio,Rosario,820210,Servicio de Catastro e Información Territorial,IGN
2018,10635,2018-05-12,Sabado,0.0,14:00:00,,0.0,2,"Moto/Ciclomotor,Otros",Anchorena ,2,1,0,0,0,0,1,"-32.99732, -60.63409",Calle,,ROSARIO,Rosario,S/D,S/D,II,S/D,Urbana,S/D,S/D,Intersección,S/D,S/D,S/D,S/D,S/D,S/D,Colisión,S/D,S/D,S/D,S/D,"-32.99732, -60.63409",['Anchorena'],1,,-32.99732,-60.63409,55.0,538.0,Municipio Rosario,Municipio,Rosario,820210,Servicio de Catastro e Información Territorial,IGN
2018,10636,2018-05-09,Miercoles,0.0,17:00:00,,0.0,2,"Moto/Ciclomotor,Otros",Casilda ,2,1,0,0,0,0,1,"-32.9288, -60.70164",Calle,,ROSARIO,Rosario,S/D,S/D,II,S/D,Urbana,S/D,S/D,Intersección,S/D,S/D,S/D,S/D,S/D,S/D,Colisión,S/D,S/D,S/D,S/D,"-32.9288, -60.70164",['Casilda'],1,,-32.9288,-60.70164,55.0,538.0,Municipio Rosario,Municipio,Rosario,820210,Servicio de Catastro e Información Territorial,IGN
2018,10637,2018-05-12,Sabado,0.0,03:45:00,,0.0,2,"Moto/Ciclomotor,Otros",Rio De Janeiro ,2,0,1,0,0,0,1,"-32.94291,-60.68150",Calle,,ROSARIO,Rosario,S/D,S/D,II,S/D,Urbana,S/D,S/D,Recta,S/D,S/D,S/D,S/D,S/D,S/D,Colisión,S/D,S/D,S/D,S/D,"-32.94291,-60.68150",['Río de Janeiro'],1,,-32.94291,-60.6815,55.0,538.0,Municipio Rosario,Municipio,Rosario,820210,Servicio de Catastro e Información Territorial,IGN
2018,10639,2018-05-13,Domingo,0.0,10:00:00,,0.0,2,"Moto/Ciclomotor,Otros",Peru ,2,0,1,0,0,0,1,"-32.95829,-60.71067",Calle,,ROSARIO,Rosario,S/D,S/D,II,S/D,Urbana,S/D,S/D,Recta,S/D,S/D,S/D,S/D,S/D,S/D,Colisión,S/D,S/D,S/D,S/D,"-32.95829,-60.71067",['Peru'],1,,-32.95829,-60.71067,55.0,538.0,Municipio Rosario,Municipio,Rosario,820210,Servicio de Catastro e Información Territorial,IGN
2018,10640,2018-06-23,Sabado,0.0,04:30:00,,0.0,1,Moto/Ciclomotor, ,1,0,1,0,0,0,0,"-32.95891, -60.69653",S/D,,ROSARIO,Rosario,S/D,S/D,II,S/D,S/D,S/D,S/D,S/D,S/D,S/D,S/D,S/D,S/D,S/D,Caída ocupante,S/D,S/D,S/D,S/D,"-32.95891, -60.69653",[''],0,,-32.95891,-60.69653,55.0,538.0,Municipio Rosario,Municipio,Rosario,820210,Servicio de Catastro e Información Territorial,IGN
2018,10641,2018-05-15,Martes,0.0,21:00:00,,0.0,2,"Automóvil,Otros", ,2,1,0,0,0,0,1,"-32.9587, -60.69303",S/D,,ROSARIO,Rosario,S/D,S/D,II,S/D,S/D,S/D,S/D,S/D,S/D,S/D,S/D,S/D,S/D,S/D,Colisión,S/D,S/D,S/D,S/D,"-32.9587, -60.69303",[''],0,,-32.9587,-60.69303,55.0,538.0,Municipio Rosario,Municipio,Rosario,820210,Servicio de Catastro e Información Territorial,IGN
2018,10642,2018-06-05,Martes,0.0,02:30:00,,0.0,2,"Peatón,Otros",Bv. 27 De Febrero Y Rodriguez,2,0,1,0,0,0,1,"-32.96402, -60.66407",Avenida,,ROSARIO,Rosario,S/D,S/D,II,S/D,Urbana,S/D,S/D,Intersección,S/D,S/D,S/D,S/D,S/D,Peatón,Atropello,S/D,S/D,S/D,S/D,"-32.96402, -60.66407","['27 de Febrero', 'Rodríguez']",2,,-32.96402,-60.66407,55.0,538.0,Municipio Rosario,Municipio,Rosario,820210,Servicio de Catastro e Información Territorial,IGN
2018,10643,2018-06-15,Viernes,0.0,22:00:00,,0.0,1,Otros, ,1,0,1,0,0,0,0,"-32.9587, -60.69303",S/D,,ROSARIO,Rosario,S/D,S/D,II,S/D,S/D,S/D,S/D,S/D,S/D,S/D,Nocturna,S/D,S/D,S/D,S/D,S/D,S/D,S/D,S/D,"-32.9587, -60.69303",[''],0,,-32.9587,-60.69303,55.0,538.0,Municipio Rosario,Municipio,Rosario,820210,Servicio de Catastro e Información Territorial,IGN
2018,10644,2018-10-26,Viernes,0.0,16:00:00,,0.0,2,"Moto/Ciclomotor,Otros",Tucuman Y F.More,2,0,1,0,0,0,1,"-32.93202,-60.69375",Calle,,ROSARIO,Rosario,S/D,S/D,II,S/D,Urbana,S/D,S/D,Intersección,S/D,S/D,S/D,S/D,S/D,S/D,Colisión,S/D,S/D,S/D,S/D,"-32.93202,-60.69375","['Tucumán', 'Felipe Moré']",2,,-32.93202,-60.69375,55.0,538.0,Municipio Rosario,Municipio,Rosario,820210,Servicio de Catastro e Información Territorial,IGN
2018,10645,2018-10-27,Sabado,0.0,20:30:00,,0.0,2,"Moto/Ciclomotor,Otros",Calle 1821 ,2,0,1,0,0,0,1,"-32.9827, -60.70733",Calle,,ROSARIO,Rosario,S/D,S/D,II,S/D,Urbana,S/D,S/D,Recta,S/D,S/D,S/D,S/D,S/D,S/D,Colisión,S/D,S/D,S/D,S/D,"-32.9827, -60.70733",['Calle 1821'],1,,-32.9827,-60.70733,55.0,538.0,Municipio Rosario,Municipio,Rosario,820210,Servicio de Catastro e Información Territorial,IGN
2018,10646,2018-10-21,Domingo,0.0,21:30:00,,0.0,1,Moto/Ciclomotor,Copacabana Y Punta Del Indio,1,1,0,0,0,0,0,"-33.02836, -60.68727",S/D,,ROSARIO,Rosario,S/D,S/D,II,S/D,S/D,S/D,S/D,S/D,S/D,S/D,S/D,S/D,S/D,S/D,Despiste,S/D,S/D,S/D,S/D,"-33.02836, -60.68727","['Copacabana', 'Punta del Indio']",2,,-33.02836,-60.68727,55.0,538.0,Municipio Rosario,Municipio,Rosario,820210,Servicio de Catastro e Información Territorial,IGN
2018,10647,2018-09-30,Domingo,0.0,23:45:00,,0.0,1,Moto/Ciclomotor,Av. Provincias Unidas Y Av. Sorrento,1,0,1,0,0,0,0,"-32.90803, -60.71426",Calle,,ROSARIO,Rosario,S/D,S/D,II,S/D,Urbana,S/D,S/D,Intersección,S/D,S/D,Nocturna,S/D,S/D,S/D,Colisión,S/D,S/D,S/D,S/D,"-32.90803, -60.71426","['Avenida Provincias Unidas', 'Sorrento']",2,,-32.90803,-60.71426,55.0,538.0,Municipio Rosario,Municipio,Rosario,820210,Servicio de Catastro e Información Territorial,IGN
2018,10649,2018-11-03,Sabado,0.0,10:00:00,,0.0,2,"Moto/Ciclomotor,Otros",Francia F Y La Paz,2,0,1,0,1,0,0,"-32.95925, -60.66997",S/D,,ROSARIO,Rosario,S/D,S/D,II,S/D,S/D,S/D,S/D,S/D,S/D,S/D,S/D,S/D,S/D,S/D,S/D,S/D,S/D,S/D,S/D,"-32.95925, -60.66997","['Avenida Francia', 'La Paz']",2,,-32.95925,-60.66997,55.0,538.0,Municipio Rosario,Municipio,Rosario,820210,Servicio de Catastro e Información Territorial,IGN
2018,10650,2018-10-02,Martes,0.0,00:00:00,,0.0,1,Moto/Ciclomotor, ,1,0,1,0,0,0,0,"-32.9587, -60.69303",Calle,,ROSARIO,Rosario,S/D,S/D,II,S/D,S/D,S/D,S/D,S/D,S/D,S/D,Nocturna,S/D,S/D,S/D,S/D,S/D,S/D,S/D,S/D,"-32.9587, -60.69303",[''],0,,-32.9587,-60.69303,55.0,538.0,Municipio Rosario,Municipio,Rosario,820210,Servicio de Catastro e Información Territorial,IGN
2018,10651,2018-10-03,Miercoles,0.0,16:00:00,,0.0,1,Moto/Ciclomotor,Valparaiso Y Rueda,1,0,1,0,0,0,0,"-32.96318, -60.68807",Calle,,ROSARIO,Rosario,S/D,S/D,II,S/D,Urbana,S/D,S/D,Intersección,S/D,S/D,Atardecer,S/D,S/D,S/D,Colisión,S/D,S/D,S/D,S/D,"-32.96318, -60.68807","['Valparaíso', 'Rueda']",2,,-32.96318,-60.68807,55.0,538.0,Municipio Rosario,Municipio,Rosario,820210,Servicio de Catastro e Información Territorial,IGN
2018,10652,2018-10-05,Viernes,0.0,18:00:00,,0.0,1,Peatón, ,1,0,1,0,0,0,0,"-32.96577, -60.72487",Calle,,ROSARIO,Rosario,S/D,S/D,II,S/D,Urbana,S/D,S/D,S/D,S/D,S/D,Atardecer,S/D,S/D,Peatón,Atropello,S/D,S/D,S/D,S/D,"-32.96577, -60.72487",[''],0,,-32.96577,-60.72487,55.0,538.0,Municipio Rosario,Municipio,Rosario,820210,Servicio de Catastro e Información Territorial,IGN
2018,10653,2018-11-26,Lunes,0.0,00:00:00,,0.0,1,Peatón,Av. Battle y Ordo?ez ,1,1,0,0,0,0,0,"-33.0097, -60.67634",Calle,,ROSARIO,Rosario,S/D,S/D,II,S/D,Urbana,S/D,S/D,S/D,S/D,S/D,Nocturna,S/D,S/D,Peatón,Atropello,S/D,S/D,S/D,S/D,"-33.0097, -60.67634",['Avenida Battle y Ordoñez'],1,,-33.0097,-60.67634,55.0,538.0,Municipio Rosario,Municipio,Rosario,820210,Servicio de Catastro e Información Territorial,IGN
2018,10656,2018-11-29,Jueves,0.0,12:15:00,,0.0,1,Bicicleta, ,1,1,0,0,0,0,0,"-32.9587, -60.69303",S/D,,ROSARIO,Rosario,S/D,S/D,II,S/D,S/D,S/D,S/D,S/D,S/D,S/D,Diurna,S/D,S/D,Ciclista,Atropello,S/D,S/D,S/D,S/D,"-32.9587, -60.69303",[''],0,,-32.9587,-60.69303,55.0,538.0,Municipio Rosario,Municipio,Rosario,820210,Servicio de Catastro e Información Territorial,IGN
2018,10657,2018-12-05,Miercoles,0.0,17:30:00,,0.0,2,"Peatón,Automóvil",Salta 1700,2,0,1,0,1,0,0,"-32.9379363,-60.6470854",Calle,,ROSARIO,Rosario,Asfalto,No existe,II,Dentro,Urbana,Ninguna,No existe,Recta,Bueno,Buena,Diurna,Buen Tiempo,S/D,Peatón,Atropello,Ninguna,Faltante,Ninguna,Sin restricción,"-32.9379363,-60.6470854",['Salta 1700'],1,,-32.9379363,-60.6470854,55.0,538.0,Municipio Rosario,Municipio,Rosario,820210,Servicio de Catastro e Información Territorial,IGN
2018,10659,2018-12-04,Martes,0.0,12:45:00,,0.0,2,"Peatón,Automóvil",Av. Belgrano 600,2,1,0,0,1,0,0,"-32.944106,-60.6339657",Avenida,,ROSARIO,Rosario,Asfalto,No existe,II,Dentro,Urbana,Ninguna,No existe,Recta,Bueno,Buena,Diurna,Buen Tiempo,S/D,Peatón,Atropello,Ninguna,Faltante,Cordón divisorio,Sin restricción,"-32.944106,-60.6339657",['Belgrano 600'],1,,-32.944106,-60.6339657,55.0,538.0,Municipio Rosario,Municipio,Rosario,820210,Servicio de Catastro e Información Territorial,IGN
2018,10661,2018-12-03,Lunes,0.0,16:30:00,,0.0,2,"Taxi/Remis,Taxi/Remis",Pte.Roca Y Jujuy,2,1,0,0,1,0,0,"-32.9372478,-60.643624",S/D,,ROSARIO,Rosario,Asfalto,No existe,II,Dentro,Urbana,Otra Señal,No existe,Intersección,Bueno,Buena,Diurna,Buen Tiempo,De alcance,S/D,Colisión,Ninguna,Faltante,Ninguna,Sin restricción,"-32.9372478,-60.643624","['Roca', 'Jujuy']",2,,-32.9372478,-60.643624,55.0,538.0,Municipio Rosario,Municipio,Rosario,820210,Servicio de Catastro e Información Territorial,IGN
2018,10663,2018-12-14,Viernes,0.0,19:00:00,,0.0,2,"Bicicleta,Automóvil",Balcarce 238,2,1,0,0,1,0,0,"-32.937459,-60.6509467",Calle,,ROSARIO,Rosario,Asfalto,No existe,II,Dentro,Urbana,Ninguna,No existe,Recta,Bueno,Buena,"Atardecer,Con luz artificial",Buen Tiempo,S/D,Ciclista,Atropello,Ninguna,Faltante,Ninguna,Sin restricción,"-32.937459,-60.6509467",['Balcarce 238'],1,,-32.937459,-60.6509467,55.0,538.0,Municipio Rosario,Municipio,Rosario,820210,Servicio de Catastro e Información Territorial,IGN
2018,10665,2018-12-21,Viernes,0.0,09:30:00,,0.0,2,"Moto/Ciclomotor,Automóvil",Salta Y Alvear,2,0,1,0,1,0,0,"-32.9365853,-60.6528489",Calle,,ROSARIO,Rosario,Asfalto,No existe,II,Dentro,Urbana,Semáforo,Funciona,Intersección,Bueno,Buena,Diurna,Buen Tiempo,Lateral,S/D,Colisión,Ninguna,Vertical,Ninguna,Sin restricción,"-32.9365853,-60.6528489","['Salta', 'Alvear']",2,,-32.9365853,-60.6528489,55.0,538.0,Municipio Rosario,Municipio,Rosario,820210,Servicio de Catastro e Información Territorial,IGN
2018,10668,2018-12-03,Lunes,0.0,17:30:00,,0.0,2,"Moto/Ciclomotor,Automóvil",Bv. Oro?o Y Cochabamba,2,1,0,0,1,0,0,"-32.955585,-60.6569672",Avenida,,ROSARIO,Rosario,Asfalto,No existe,II,Dentro,Urbana,Señal Ceda el Paso,No existe,Rotonda,Bueno,Buena,Diurna,Buen Tiempo,Lateral,S/D,Colisión,Ninguna,Vertical,Cordón divisorio,Sin restricción,"-32.955585,-60.6569672","['Bulevar Nicasio Oroño', 'Cochabamba']",2,,-32.955585,-60.6569672,55.0,538.0,Municipio Rosario,Municipio,Rosario,820210,Servicio de Catastro e Información Territorial,IGN
2018,10670,2018-12-04,Martes,0.0,07:50:00,,0.0,2,"Moto/Ciclomotor,Automóvil",Av. Pellegrini Y Av. Ovidio Lagos,2,1,0,0,1,0,0,"-32.953066,-60.6647282",Avenida,,ROSARIO,Rosario,Asfalto,S/D,V,Dentro,Urbana,Semáforo,S/D,Recta,Bueno,Buena,Diurna,Buen Tiempo,De alcance,S/D,Colisión,S/D,Vertical,Cordón divisorio,Sin restricción,"-32.953066,-60.6647282","['Pellegrini', 'Avenida Ovidio Lagos']",2,,-32.953066,-60.6647282,55.0,538.0,Municipio Rosario,Municipio,Rosario,820210,Servicio de Catastro e Información Territorial,IGN
2018,10671,2018-12-12,Miercoles,0.0,15:30:00,,0.0,2,"Moto/Ciclomotor,Pickup/Utilitario",Ituzaingo Y Mitre,2,1,0,0,1,0,0,"-32.960471819529,-60.643137685641",Calle,,ROSARIO,Rosario,Asfalto,No existe,II,Dentro,Urbana,Ninguna,No existe,Recta,Bueno,Buena,Diurna,Buen Tiempo,Lateral,S/D,Colisión,Ninguna,Faltante,Ninguna,Sin restricción,"-32.960471819529,-60.643137685641","['Ituzaingó', 'Mitre']",2,,-32.960471819529,-60.643137685641,55.0,538.0,Municipio Rosario,Municipio,Rosario,820210,Servicio de Catastro e Información Territorial,IGN