anio_acci,nro_acci,fecha,desc_dia,fecha_aprox,hora_aprox,desc_ruta,km,cant_participantes,desc_participante,calle_avenida_km,total,heridos_leves,heridos_graves,heridos_gravisimos,ilesos,fallecidos,sin_datos,posicion_XY,desc_tipo_via,desc_ruta_ori,desc_loc,desc_dpto,desc_tipo_calzada,desc_tipo_banquina,desc_unidad_regional,desc_lugar_calzada,desc_zona,desc_prioridad,desc_estado_semaforo,desc_lugar_via,desc_estado_via,desc_estado_visibilidad,desc_luminosidad,desc_estado_clima,desc_tipo_colision,desc_tipo_atropello,desc_tipo_hecho,desc_pres_calzada,desc_senializacion,desc_separacion_via,desc_restriccion,forma_geocod,calle_lista,numero_calles,calles_osm,lat,lon,index_right,gid,fna,gna,nam,in1,fdc,sag
2018,10672,2018-12-13,Jueves,0.0,08:50:00,,0.0,2,"Peatón,Bicicleta",Salta 3508,2,1,0,0,1,0,0,"-32.933549041402,-60.669299444673",S/D,,ROSARIO,Rosario,Asfalto,No existe,II,S/D,S/D,Ninguna,No existe,Intersección,Bueno,Buena,Diurna,Buen Tiempo,De alcance,Peatón,Atropello,Ninguna,Faltante,Ninguna,Sin restricción,"-32.933549041402,-60.669299444673",['Salta 3508'],1,,-32.933549041402,-60.669299444673,55.0,538.0,Municipio Rosario,Municipio,Rosario,820210,Servicio de Catastro e Información Territorial,IGN
2018,10673,2018-12-14,Viernes,0.0,08:45:00,,0.0,2,"Moto/Ciclomotor,Automóvil",Bv. Oro?o Y Virasoro,2,0,1,0,0,0,1,"-32.967226,-60.659103",Calle,,ROSARIO,Rosario,Asfalto,No existe,II,Dentro,Urbana,Semáforo,No existe,Intersección,Bueno,Buena,Diurna,Buen Tiempo,S/D,S/D,Colisión,Ninguna,"Horizontal,Vertical","Cordón divisorio,Vegetación,Línea divisoria pintada,S/D",Sin restricción,"-32.967226,-60.659103","['Bulevar Nicasio Oroño', 'Virasoro']",2,,-32.967226,-60.659103,55.0,538.0,Municipio Rosario,Municipio,Rosario,820210,Servicio de Catastro e Información Territorial,IGN
2018,10675,2018-04-26,Jueves,0.0,15:00:00,,0.0,1,Moto/Ciclomotor,Nahuel Huapi ,1,1,0,0,0,0,0,"-32.982788206909,-60.685853766286",Calle,,ROSARIO,Rosario,Ripio,No existe,II,Dentro,Urbana,Ninguna,No existe,Recta,Bueno,Buena,Diurna,Buen Tiempo,S/D,S/D,Colisión,Ninguna,Faltante,Ninguna,Sin restricción,"-32.982788206909,-60.685853766286",['Nahuel Huapi'],1,,-32.982788206909,-60.685853766286,55.0,538.0,Municipio Rosario,Municipio,Rosario,820210,Servicio de Catastro e Información Territorial,IGN
2018,10676,2018-04-27,Viernes,0.0,20:50:00,,0.0,1,Moto/Ciclomotor,Mendoza Y Santiago,1,0,1,0,0,0,0,"-32.948359508472,-60.657299870086",Calle,,ROSARIO,Rosario,Asfalto,No existe,II,Dentro,Urbana,Semáforo,Funciona,Intersección,Bueno,Buena,"Nocturna,Con luz artificial",Buen Tiempo,S/D,S/D,Colisión,Ninguna,"Horizontal,Vertical",Línea divisoria pintada,Sin restricción,"-32.948359508472,-60.657299870086","['Mendoza', 'Santiago']",2,,-32.948359508472,-60.657299870086,55.0,538.0,Municipio Rosario,Municipio,Rosario,820210,Servicio de Catastro e Información Territorial,IGN
2018,10678,2018-12-14,Viernes,0.0,03:05:00,,0.0,2,"Automóvil,Automóvil",Av. Illia 1100,2,1,0,0,1,0,0,"-32.939764,-60.6372578",Calle,,ROSARIO,Rosario,Asfalto,No existe,II,Dentro,Urbana,Semáforo,Funciona,Recta,Bueno,Buena,"Nocturna,Con luz artificial",Buen Tiempo,S/D,S/D,Colisión,Ninguna,"Horizontal,Vertical","Ninguna,S/D",Sin restricción,"-32.939764,-60.6372578",['Illia 1100'],1,,-32.939764,-60.6372578,55.0,538.0,Municipio Rosario,Municipio,Rosario,820210,Servicio de Catastro e Información Territorial,IGN
2018,10679,2018-04-29,Domingo,0.0,14:15:00,,0.0,1,Moto/Ciclomotor,Gral.Mosconi Y Bv. Avellaneda,1,1,0,0,0,0,0,"-32.98355609178543,-60.688457116484",Avenida,,ROSARIO,Rosario,Asfalto,No existe,II,Dentro,Urbana,Paso Peatonal,No existe,Intersección,Bueno,Buena,Diurna,Buen Tiempo,S/D,S/D,Colisión,Ninguna,Horizontal,"Cordón divisorio,Vegetación",Sin restricción,"-32.98355609178543,-60.688457116484","['Mosconi', 'Avellaneda']",2,,-32.98355609178543,-60.688457116484,55.0,538.0,Municipio Rosario,Municipio,Rosario,820210,Servicio de Catastro e Información Territorial,IGN
2018,10681,2018-04-30,Lunes,0.0,12:30:00,,0.0,2,"Otros,Bicicleta",Bv. J.Granel Y Bv. Bouchard,2,1,0,0,0,0,1,"-32.890146, -60.724103",Avenida,,ROSARIO,Rosario,Asfalto,No existe,II,Dentro,Urbana,Semáforo,Funciona,Intersección,Bueno,Buena,Diurna,Buen Tiempo,S/D,Ciclista,Atropello,Ninguna,"Horizontal,Vertical","Cordón divisorio,Vegetación",Sin restricción,"-32.890146, -60.724103","['Granel', 'Bouchard']",2,,-32.890146,-60.724103,55.0,538.0,Municipio Rosario,Municipio,Rosario,820210,Servicio de Catastro e Información Territorial,IGN
2018,10683,2018-12-14,Viernes,0.0,09:10:00,,0.0,2,"Bicicleta,Transporte de Pasajeros Urbano (> 8 asientos)",San Lorenzo Y Mitre,2,1,0,0,1,0,0,"-32.94386583427,-60.638975077389",S/D,,ROSARIO,Rosario,Asfalto,No existe,II,S/D,S/D,Ninguna,Funciona,Recta,Bueno,Buena,Diurna,Buen Tiempo,Otro,Ciclista,Atropello,Ninguna,Vertical,Ninguna,Sin restricción,"-32.94386583427,-60.638975077389","['San Lorenzo', 'Mitre']",2,,-32.94386583427,-60.638975077389,55.0,538.0,Municipio Rosario,Municipio,Rosario,820210,Servicio de Catastro e Información Territorial,IGN
2018,10685,2018-05-16,Miercoles,0.0,22:40:00,,0.0,1,Moto/Ciclomotor,Bv. Avellaneda Y Cordoba,1,1,0,0,0,0,0,"-32.93907, -60.67903",Calle,,ROSARIO,Rosario,Asfalto,Natural,II,Dentro,Urbana,Ninguna,No existe,Recta,Bueno,Reducida,Nocturna,Otro,Atropello animal,S/D,Atropello,Ninguna,Faltante,Línea divisoria pintada,Sin restricción,"-32.93907, -60.67903","['Avellaneda', 'Córdoba']",2,,-32.93907,-60.67903,55.0,538.0,Municipio Rosario,Municipio,Rosario,820210,Servicio de Catastro e Información Territorial,IGN
2018,10686,2018-05-19,Sabado,0.0,07:20:00,,0.0,1,Peatón,Suipacha Y Jujuy,1,0,1,0,0,0,0,"-32.9336, -60.66213",Calle,,ROSARIO,Rosario,Asfalto,S/D,II,Dentro,Urbana,S/D,S/D,Intersección,S/D,S/D,Diurna,S/D,S/D,Peatón,Atropello,S/D,S/D,S/D,Sin restricción,"-32.9336, -60.66213","['Suipacha', 'Jujuy']",2,,-32.9336,-60.66213,55.0,538.0,Municipio Rosario,Municipio,Rosario,820210,Servicio de Catastro e Información Territorial,IGN
2018,10687,2018-05-26,Sabado,0.0,00:00:00,,0.0,1,Moto/Ciclomotor,Sol de Mayo ,1,0,1,0,0,0,0,"-32.928965, -60.685110",Calle,,ROSARIO,Rosario,Asfalto,No existe,II,S/D,Urbana,Ninguna,S/D,Recta,S/D,S/D,Nocturna,S/D,Contra objeto fijo,S/D,Colisión,S/D,S/D,S/D,Sin restricción,"-32.928965, -60.685110",['Sol De Mayo'],1,,-32.928965,-60.68511,55.0,538.0,Municipio Rosario,Municipio,Rosario,820210,Servicio de Catastro e Información Territorial,IGN
2018,10690,2018-12-22,Sabado,0.0,21:50:00,,0.0,2,"Automóvil,Moto/Ciclomotor",Albert Sabin Y Don Bosco,2,1,0,0,1,0,0,"-32.92642, -60.68047",Avenida,,ROSARIO,Rosario,Asfalto,No existe,II,Dentro,Urbana,Ninguna,No existe,Intersección,Bueno,Buena,Nocturna,Buen Tiempo,Lateral,S/D,Colisión,Ninguna,Faltante,Ninguna,Sin restricción,"-32.92642, -60.68047","['Avenida Travesía Albert Sabin', 'Don Bosco']",2,,-32.92642,-60.68047,55.0,538.0,Municipio Rosario,Municipio,Rosario,820210,Servicio de Catastro e Información Territorial,IGN
2018,10691,2018-12-14,Viernes,0.0,15:30:00,,0.0,2,"Automóvil,Moto/Ciclomotor",Nicolas Laguna Y Grandoli,2,1,0,0,1,0,0,"-32.886917, -60.724143",Calle,,ROSARIO,Rosario,Asfalto,No existe,II,Dentro,Urbana,Ninguna,No existe,Recta,Bueno,Buena,Diurna,Buen Tiempo,Frontal,S/D,Colisión,Ninguna,Faltante,Ninguna,Sin restricción,"-32.886917, -60.724143","['Laguna', 'Avenida Abanderado Grandoli']",2,,-32.886917,-60.724143,55.0,538.0,Municipio Rosario,Municipio,Rosario,820210,Servicio de Catastro e Información Territorial,IGN
2018,10693,2018-12-02,Domingo,0.0,15:00:00,,0.0,2,"Moto/Ciclomotor,Pickup/Utilitario",Villa del Parque 4200,2,1,0,0,1,0,0,"-32.880817, -60.728402",Calle,,ROSARIO,Rosario,Asfalto,No existe,II,Dentro,Urbana,Ninguna,No existe,Recta,Bueno,Buena,Diurna,Buen Tiempo,Lateral,S/D,Colisión,Ninguna,Faltante,Ninguna,Sin restricción,"-32.880817, -60.728402",['Villa Del Parque 4200'],1,,-32.880817,-60.728402,55.0,538.0,Municipio Rosario,Municipio,Rosario,820210,Servicio de Catastro e Información Territorial,IGN
2018,10694,2018-12-19,Miercoles,0.0,06:25:00,,0.0,2,"Pickup/Utilitario,Moto/Ciclomotor",F.Netri Y Pavlov,2,1,0,0,1,0,0,"-32.906070, -60.700644",Calle,,ROSARIO,Rosario,Asfalto,No existe,II,Dentro,Urbana,Ninguna,No existe,Intersección,Bueno,Buena,Diurna,Buen Tiempo,Lateral,S/D,Colisión,Ninguna,Faltante,Ninguna,Sin restricción,"-32.906070, -60.700644","['Netri', 'Pavlov']",2,,-32.90607,-60.700644,55.0,538.0,Municipio Rosario,Municipio,Rosario,820210,Servicio de Catastro e Información Territorial,IGN
2018,10707,2018-07-31,Martes,0.0,00:01:00,,0.0,1,Moto/Ciclomotor,Cerrito Y Av. Corrientes,1,0,1,0,0,0,0,"-32.961117746746,-60.646234134679",Calle,,ROSARIO,Rosario,Asfalto,No existe,II,Dentro,Urbana,Paso Peatonal,No existe,Intersección,Bueno,Buena,"Nocturna,Con luz artificial",Buen Tiempo,S/D,S/D,Colisión,Ninguna,Horizontal,Línea divisoria pintada,Sin restricción,"-32.961117746746,-60.646234134679","['Cerrito', 'Corrientes']",2,,-32.961117746746,-60.646234134679,55.0,538.0,Municipio Rosario,Municipio,Rosario,820210,Servicio de Catastro e Información Territorial,IGN
2018,10710,2018-12-08,Sabado,0.0,23:15:00,,0.0,2,"Ambulancia,Automóvil",Bv. 27 De Febrero Y Av. Provincias Unidas,2,2,0,0,0,0,0,"-32.9593712836504,-60.7118050754070",Avenida,,ROSARIO,Rosario,Asfalto,No existe,II,Dentro,Urbana,Semáforo,Funciona,Intersección,Bueno,Buena,Atardecer,Buen Tiempo,Lateral,S/D,Colisión,Ninguna,"Horizontal,Vertical","Cordón divisorio,Línea divisoria pintada",Sin restricción,"-32.9593712836504,-60.7118050754070","['27 de Febrero', 'Avenida Provincias Unidas']",2,,-32.9593712836504,-60.711805075407,55.0,538.0,Municipio Rosario,Municipio,Rosario,820210,Servicio de Catastro e Información Territorial,IGN
2018,10713,2018-12-10,Lunes,0.0,19:15:00,,0.0,2,"Automóvil,Moto/Ciclomotor",Bv. 27 De Febrero Y Barra,4,2,0,0,2,0,0,"-32.959109089808,-60.706058776348",Avenida,,ROSARIO,Rosario,Asfalto,No existe,II,Dentro,Urbana,Ninguna,No existe,Recta,Bueno,Buena,Atardecer,Buen Tiempo,S/D,S/D,Colisión,Ninguna,Horizontal,"Cordón divisorio,Línea divisoria pintada",Sin restricción,"-32.959109089808,-60.706058776348","['27 de Febrero', 'Barra']",2,,-32.959109089808,-60.706058776348,55.0,538.0,Municipio Rosario,Municipio,Rosario,820210,Servicio de Catastro e Información Territorial,IGN
2018,10715,2018-12-23,Domingo,0.0,13:55:00,,0.0,2,"Automóvil,Moto/Ciclomotor",F.Netri Y Esquivel,3,1,0,0,2,0,0,"-32.906651, -60.701202",Calle,,ROSARIO,Rosario,Asfalto,No existe,II,Dentro,Urbana,Ninguna,No existe,Intersección,Bueno,Buena,Diurna,Buen Tiempo,Lateral,S/D,Colisión,Ninguna,Faltante,Ninguna,Sin restricción,"-32.906651, -60.701202","['Netri', 'Esquivel']",2,,-32.906651,-60.701202,55.0,538.0,Municipio Rosario,Municipio,Rosario,820210,Servicio de Catastro e Información Territorial,IGN
2018,10716,2018-12-23,Domingo,0.0,19:05:00,,0.0,2,"Bicicleta,Moto/Ciclomotor",Av. Eudoro Carrasco 2200,3,3,0,0,0,0,0,"-32.890086, -60.686395",Avenida,,ROSARIO,Rosario,Asfalto,No existe,II,Dentro,Urbana,Ninguna,No existe,Recta,Bueno,Buena,Diurna,Buen Tiempo,S/D,Ciclista,Atropello,Ninguna,Faltante,Ninguna,Sin restricción,"-32.890086, -60.686395",['Eudnicasio Oroño Carrasco 2200'],1,,-32.890086,-60.686395,55.0,538.0,Municipio Rosario,Municipio,Rosario,820210,Servicio de Catastro e Información Territorial,IGN
2018,10732,2018-12-19,Miercoles,0.0,07:25:00,,0.0,2,"Automóvil,Bicicleta",Av. Provincias Unidas Y Rivarola,2,1,0,0,1,0,0,"-32.965748199166,-60.711500266972",Avenida,,ROSARIO,Rosario,Asfalto,No existe,II,Dentro,Urbana,Semáforo,Funciona,Intersección,Bueno,Buena,Diurna,Buen Tiempo,S/D,Ciclista,Atropello,Ninguna,"Horizontal,Vertical",Cordón divisorio,Sin restricción,"-32.965748199166,-60.711500266972","['Avenida Provincias Unidas', 'Rivarola']",2,,-32.965748199166,-60.711500266972,55.0,538.0,Municipio Rosario,Municipio,Rosario,820210,Servicio de Catastro e Información Territorial,IGN
2018,10734,2018-12-11,Martes,0.0,15:40:00,,0.0,2,"Pickup/Utilitario,Moto/Ciclomotor",Camilo Aldao Y Amenabar,3,2,0,0,1,0,0,"-32.963528, -60.695078",Calle,,ROSARIO,Rosario,Asfalto,No existe,II,Dentro,Urbana,Ninguna,No existe,Recta,Bueno,Buena,Diurna,Buen Tiempo,S/D,S/D,Colisión,Ninguna,Faltante,Ninguna,Sin restricción,"-32.963528, -60.695078","['Camilo Aldao', 'Amenabar']",2,,-32.963528,-60.695078,55.0,538.0,Municipio Rosario,Municipio,Rosario,820210,Servicio de Catastro e Información Territorial,IGN
2018,10735,2018-12-07,Viernes,0.0,15:40:00,,0.0,2,"Pickup/Utilitario,Moto/Ciclomotor",Av. Pte.Peron Y Castellanos,2,1,0,0,1,0,0,"-32.957152296197,-60.679413388315",Avenida,,ROSARIO,Rosario,Asfalto,No existe,II,Dentro,Urbana,Semáforo,Funciona,Intersección,Bueno,Buena,Diurna,Buen Tiempo,S/D,S/D,Colisión,Ninguna,"Horizontal,Vertical","Cordón divisorio,Vegetación,Línea divisoria pintada",Sin restricción,"-32.957152296197,-60.679413388315","['Avenida Presidente Perón', 'Aaron Castellanos']",2,,-32.957152296197,-60.679413388315,55.0,538.0,Municipio Rosario,Municipio,Rosario,820210,Servicio de Catastro e Información Territorial,IGN
2018,10736,2018-12-07,Viernes,0.0,12:40:00,,0.0,2,"Automóvil,Moto/Ciclomotor",Bv. 27 De Febrero Y Vera Mujica,3,2,0,0,1,0,0,"-32.96253113938,-60.672245640321",Avenida,,ROSARIO,Rosario,Asfalto,Pavimento,II,Dentro,Urbana,Semáforo,Funciona,Recta,Bueno,Buena,Diurna,Buen Tiempo,S/D,S/D,Colisión,Ninguna,"Horizontal,Vertical","Cordón divisorio,Línea divisoria pintada",Sin restricción,"-32.96253113938,-60.672245640321","['27 de Febrero', 'Vera Mujíca']",2,,-32.96253113938,-60.672245640321,55.0,538.0,Municipio Rosario,Municipio,Rosario,820210,Servicio de Catastro e Información Territorial,IGN
2018,10744,2018-12-07,Viernes,0.0,18:10:00,,0.0,2,"Automóvil,Moto/Ciclomotor",Rivarola Y Campodonico,2,1,0,0,1,0,0,"-32.96625993895,-60.72720949026",Calle,,ROSARIO,Rosario,Asfalto,No existe,II,Dentro,Urbana,Ninguna,No existe,Recta,Bueno,Buena,Diurna,Buen Tiempo,S/D,S/D,Colisión,Ninguna,Faltante,Ninguna,Sin restricción,"-32.96625993895,-60.72720949026","['Rivarola', 'Campodonico']",2,,-32.96625993895,-60.72720949026,55.0,538.0,Municipio Rosario,Municipio,Rosario,820210,Servicio de Catastro e Información Territorial,IGN
2018,10746,2018-12-03,Lunes,0.0,21:10:00,,0.0,2,"Moto/Ciclomotor,Moto/Ciclomotor",Av. Pte.Peron Y Alsina,3,3,0,0,0,0,0,"-32.957206835181,-60.680856249925",Avenida,,ROSARIO,Rosario,Asfalto,No existe,II,Dentro,Urbana,Semáforo,Funciona,Recta,Bueno,Buena,Nocturna,Buen Tiempo,S/D,S/D,Colisión,Ninguna,"Horizontal,Vertical","Cordón divisorio,Vegetación,Línea divisoria pintada",Sin restricción,"-32.957206835181,-60.680856249925","['Avenida Presidente Perón', 'Alsina']",2,,-32.957206835181,-60.680856249925,55.0,538.0,Municipio Rosario,Municipio,Rosario,820210,Servicio de Catastro e Información Territorial,IGN
2018,10749,2018-12-25,Martes,0.0,15:35:00,,0.0,2,"Moto/Ciclomotor,Moto/Ciclomotor",Santa Fe 7500,5,4,0,0,1,0,0,"-32.935994583361,-60.723618164391",Calle,,ROSARIO,Rosario,Asfalto,No existe,II,Dentro,Urbana,Señal Pare,No existe,Intersección,Bueno,Buena,Diurna,Buen Tiempo,S/D,S/D,Colisión,Ninguna,"Horizontal,Vertical",Línea divisoria pintada,Sin restricción,"-32.935994583361,-60.723618164391",['Santa Fe 7500'],1,,-32.935994583361,-60.723618164391,55.0,538.0,Municipio Rosario,Municipio,Rosario,820210,Servicio de Catastro e Información Territorial,IGN
2018,10752,2018-12-21,Viernes,0.0,06:50:00,,0.0,1,Automóvil,Lavalle Y Bv. 27 De Febrero,2,2,0,0,0,0,0,"-32.960427680364,-60.68309555209",Calle,,ROSARIO,Rosario,Asfalto,No existe,II,Dentro,Urbana,Semáforo,Funciona,Intersección,Bueno,Buena,Amanecer,Buen Tiempo,S/D,S/D,Colisión,Ninguna,Vertical,Cordón divisorio,Sin restricción,"-32.960427680364,-60.68309555209","['Lavalle', '27 de Febrero']",2,,-32.960427680364,-60.68309555209,55.0,538.0,Municipio Rosario,Municipio,Rosario,820210,Servicio de Catastro e Información Territorial,IGN
2018,10754,2018-12-04,Martes,0.0,16:00:00,,0.0,2,"Automóvil,Moto/Ciclomotor",Bv. 27 De Febrero Y Roullon,3,2,0,0,1,0,0,"-32.959032, -60.701523",Avenida,,ROSARIO,Rosario,Asfalto,No existe,II,Dentro,Urbana,Semáforo,Funciona,Recta,Bueno,Buena,Diurna,Buen Tiempo,S/D,S/D,Colisión,Ninguna,Vertical,Barrera de hormigón,Sin restricción,"-32.959032, -60.701523","['27 de Febrero', 'Alfredo Rouillón']",2,,-32.959032,-60.701523,55.0,538.0,Municipio Rosario,Municipio,Rosario,820210,Servicio de Catastro e Información Territorial,IGN
2018,10757,2018-12-25,Martes,0.0,01:50:00,,0.0,2,"Automóvil,Moto/Ciclomotor",Av. Pte.Peron Y Cafferata,2,0,1,0,1,0,0,"-32.956525407357,-60.674982896756",Avenida,,ROSARIO,Rosario,Asfalto,No existe,II,Dentro,Urbana,Semáforo,Funciona,Intersección,Bueno,Buena,"Nocturna,Con luz artificial",Buen Tiempo,S/D,S/D,Colisión,Ninguna,"Horizontal,Vertical",Ninguna,Sin restricción,"-32.956525407357,-60.674982896756","['Avenida Presidente Perón', 'Cafferata']",2,,-32.956525407357,-60.674982896756,55.0,538.0,Municipio Rosario,Municipio,Rosario,820210,Servicio de Catastro e Información Territorial,IGN
2018,10759,2018-12-12,Miercoles,0.0,20:45:00,,0.0,2,"Bicicleta,Automóvil",Urquiza 3500,2,1,0,0,1,0,0,"-32.937082198669,-60.670077035394",Calle,,ROSARIO,Rosario,Asfalto,No existe,II,Dentro,Urbana,Ninguna,Funciona,Recta,Bueno,Buena,Nocturna,Buen Tiempo,S/D,Ciclista,Atropello,Ninguna,"Horizontal,Vertical",Línea divisoria pintada,Sin restricción,"-32.937082198669,-60.670077035394",['Urquiza 3500'],1,,-32.937082198669,-60.670077035394,55.0,538.0,Municipio Rosario,Municipio,Rosario,820210,Servicio de Catastro e Información Territorial,IGN
2018,10761,2018-12-12,Miercoles,0.0,15:50:00,,0.0,2,"Automóvil,Moto/Ciclomotor",Rodriguez Y Urquiza,2,1,0,0,1,0,0,"-32.93927717825,-60.65784665917",Calle,,ROSARIO,Rosario,Asfalto,No existe,II,Dentro,Urbana,Semáforo,Funciona,Recta,Bueno,Buena,Diurna,Buen Tiempo,S/D,S/D,Colisión,Ninguna,Vertical,Ninguna,Sin restricción,"-32.93927717825,-60.65784665917","['Rodríguez', 'Urquiza']",2,,-32.93927717825,-60.65784665917,55.0,538.0,Municipio Rosario,Municipio,Rosario,820210,Servicio de Catastro e Información Territorial,IGN
2018,10762,2018-12-12,Miercoles,0.0,06:30:00,,0.0,2,"Automóvil,Moto/Ciclomotor",Av. Corrientes Y Viamonte,2,1,0,0,1,0,0,"-32.964552149398,-60.647107971038",Avenida,,ROSARIO,Rosario,Asfalto,No existe,II,Dentro,Urbana,Señal Pare,No existe,Intersección,Bueno,Buena,Diurna,Buen Tiempo,Lateral,S/D,Colisión,Ninguna,"Horizontal,Vertical",Línea divisoria pintada,Sin restricción,"-32.964552149398,-60.647107971038","['Corrientes', 'Viamonte']",2,,-32.964552149398,-60.647107971038,55.0,538.0,Municipio Rosario,Municipio,Rosario,820210,Servicio de Catastro e Información Territorial,IGN
2018,10763,2018-12-11,Martes,0.0,21:00:00,,0.0,2,"Peatón,Taxi/Remis",Bv. Oro?o Y San Lorenzo,2,1,0,0,1,0,0,"-32.941445092436,-60.652609893138",Avenida,,ROSARIO,Rosario,Asfalto,No existe,II,Dentro,Urbana,Señal Pare,No existe,Intersección,Bueno,Buena,"Nocturna,Con luz artificial",Buen Tiempo,S/D,Peatón,Atropello,Ninguna,"Horizontal,Vertical","Cordón divisorio,Vegetación",Sin restricción,"-32.941445092436,-60.652609893138","['Bulevar Nicasio Oroño', 'San Lorenzo']",2,,-32.941445092436,-60.652609893138,55.0,538.0,Municipio Rosario,Municipio,Rosario,820210,Servicio de Catastro e Información Territorial,IGN
2018,10764,2018-12-07,Viernes,0.0,01:15:00,,0.0,2,"Moto/Ciclomotor,Automóvil",9 De Julio Y Bv. Oro?o,2,1,0,0,1,0,0,"-32.951151697535,-60.655047341368",Calle,,ROSARIO,Rosario,Asfalto,No existe,II,Dentro,Urbana,Semáforo,Funciona,Intersección,Bueno,Buena,"Nocturna,Con luz artificial",Buen Tiempo,Lateral,S/D,Colisión,Ninguna,"Horizontal,Vertical","Cordón divisorio,Vegetación",Sin restricción,"-32.951151697535,-60.655047341368","['9 de Julio', 'Bulevar Nicasio Oroño']",2,,-32.951151697535,-60.655047341368,55.0,538.0,Municipio Rosario,Municipio,Rosario,820210,Servicio de Catastro e Información Territorial,IGN
2018,10765,2018-12-13,Jueves,0.0,15:20:00,,0.0,2,"Automóvil,Moto/Ciclomotor",Ocampo Y Necochea,2,1,0,0,1,0,0,"-32.968949392001,-60.629206775418",Calle,,ROSARIO,Rosario,Asfalto,No existe,II,Dentro,Urbana,Semáforo,Funciona,Recta,Bueno,Buena,Diurna,Buen Tiempo,Lateral,S/D,Colisión,Ninguna,"Horizontal,Vertical",Línea divisoria pintada,Sin restricción,"-32.968949392001,-60.629206775418","['Ocampo', 'Necochea']",2,,-32.968949392001,-60.629206775418,55.0,538.0,Municipio Rosario,Municipio,Rosario,820210,Servicio de Catastro e Información Territorial,IGN
2018,10766,2018-12-17,Lunes,0.0,15:30:00,,0.0,2,"Moto/Ciclomotor,Moto/Ciclomotor",Mitre Y Montevideo,2,2,0,0,0,0,0,"-32.95588549548,-60.641986949184",Calle,,ROSARIO,Rosario,Asfalto,No existe,II,Dentro,Urbana,Paso Peatonal,No existe,Intersección,Bueno,Buena,Diurna,Buen Tiempo,S/D,S/D,Colisión,Ninguna,Horizontal,Ninguna,Sin restricción,"-32.95588549548,-60.641986949184","['Mitre', 'Montevideo']",2,,-32.95588549548,-60.641986949184,55.0,538.0,Municipio Rosario,Municipio,Rosario,820210,Servicio de Catastro e Información Territorial,IGN
2018,10773,2018-12-17,Lunes,0.0,11:30:00,,0.0,2,"Transporte de Pasajeros Larga Distancia (Doble Piso),Moto/Ciclomotor",9 De Julio Y Castellanos,3,2,0,0,1,0,0,"-32.947229207716,-60.676901945036",Calle,,ROSARIO,Rosario,Asfalto,No existe,II,Dentro,Urbana,Semáforo,Funciona,Intersección,Bueno,Buena,Diurna,Buen Tiempo,S/D,S/D,Colisión,Ninguna,Vertical,Ninguna,Sin restricción,"-32.947229207716,-60.676901945036","['9 de Julio', 'Aaron Castellanos']",2,,-32.947229207716,-60.676901945036,55.0,538.0,Municipio Rosario,Municipio,Rosario,820210,Servicio de Catastro e Información Territorial,IGN
2018,10775,2018-12-18,Martes,0.0,09:05:00,,0.0,2,"Automóvil,Moto/Ciclomotor",Amenabar Y Mitre,2,1,0,0,1,0,0,"-32.971939734376,-60.646022193477",Calle,,ROSARIO,Rosario,Asfalto,No existe,II,Dentro,Urbana,Señal Pare,No existe,Intersección,Bueno,Buena,Diurna,Buen Tiempo,Lateral,S/D,Colisión,Ninguna,Vertical,Ninguna,Sin restricción,"-32.971939734376,-60.646022193477","['Amenabar', 'Mitre']",2,,-32.971939734376,-60.646022193477,55.0,538.0,Municipio Rosario,Municipio,Rosario,820210,Servicio de Catastro e Información Territorial,IGN
2018,10776,2018-12-18,Martes,0.0,10:30:00,,0.0,3,"Automóvil,Automóvil,Moto/Ciclomotor",Santiago Y 9 De Julio,4,4,0,0,0,0,0,"-32.950644342283,-60.657877054503",Calle,,ROSARIO,Rosario,Asfalto,No existe,II,Dentro,Urbana,Señal Pare,No existe,Intersección,Bueno,Buena,Diurna,Buen Tiempo,Múltiple,S/D,Colisión,Ninguna,Vertical,Ninguna,Sin restricción,"-32.950644342283,-60.657877054503","['Santiago', '9 de Julio']",2,,-32.950644342283,-60.657877054503,55.0,538.0,Municipio Rosario,Municipio,Rosario,820210,Servicio de Catastro e Información Territorial,IGN