anio_acci,nro_acci,fecha,desc_dia,fecha_aprox,hora_aprox,desc_ruta,km,cant_participantes,desc_participante,calle_avenida_km,total,heridos_leves,heridos_graves,heridos_gravisimos,ilesos,fallecidos,sin_datos,posicion_XY,desc_tipo_via,desc_ruta_ori,desc_loc,desc_dpto,desc_tipo_calzada,desc_tipo_banquina,desc_unidad_regional,desc_lugar_calzada,desc_zona,desc_prioridad,desc_estado_semaforo,desc_lugar_via,desc_estado_via,desc_estado_visibilidad,desc_luminosidad,desc_estado_clima,desc_tipo_colision,desc_tipo_atropello,desc_tipo_hecho,desc_pres_calzada,desc_senializacion,desc_separacion_via,desc_restriccion,forma_geocod,calle_lista,numero_calles,calles_osm,lat,lon,index_right,gid,fna,gna,nam,in1,fdc,sag
2018,10845,2018-12-06,Jueves,0.0,14:30:00,,0.0,2,"Transporte de Pasajeros Urbano (> 8 asientos),Transporte de Pasajeros Urbano (> 8 asientos)",Santa Fe 1070,5,2,0,0,3,0,0,"-32.945263736806,-60.637459053216",Calle,,ROSARIO,Rosario,Asfalto,No existe,II,Dentro,Urbana,Semáforo,Funciona,Recta,Bueno,Buena,Diurna,Buen Tiempo,De alcance,S/D,Colisión,Ninguna,Vertical,Ninguna,Sin restricción,"-32.945263736806,-60.637459053216",['Santa Fe 1070'],1,,-32.945263736806,-60.637459053216,55.0,538.0,Municipio Rosario,Municipio,Rosario,820210,Servicio de Catastro e Información Territorial,IGN
2018,10847,2018-12-06,Jueves,0.0,13:30:00,,0.0,2,"Automóvil,Bicicleta",Av. Dante Alighieri Y Bv. Oro?o,2,1,0,0,1,0,0,"-32.961988769427,-60.658043363926",Avenida,,ROSARIO,Rosario,Asfalto,No existe,II,Dentro,Urbana,Paso Peatonal,No existe,Intersección,Bueno,Buena,Diurna,Buen Tiempo,S/D,S/D,Atropello,Ninguna,Horizontal,Línea divisoria pintada,Sin restricción,"-32.961988769427,-60.658043363926","['Dante Alighieri', 'Bulevar Nicasio Oroño']",2,,-32.961988769427,-60.658043363926,55.0,538.0,Municipio Rosario,Municipio,Rosario,820210,Servicio de Catastro e Información Territorial,IGN
2018,10849,2018-12-13,Jueves,0.0,14:10:00,,0.0,2,"Automóvil,Moto/Ciclomotor",Esmeralda Y Viamonte,3,1,0,0,2,0,0,"-32.968289199736,-60.626192113042",Calle,,ROSARIO,Rosario,Asfalto,No existe,II,Dentro,Urbana,Señal Pare,No existe,Recta,Bueno,Buena,Diurna,Buen Tiempo,S/D,Ciclista,Atropello,Ninguna,Vertical,Ninguna,Sin restricción,"-32.968289199736,-60.626192113042","['Esmeralda', 'Viamonte']",2,,-32.968289199736,-60.626192113042,55.0,538.0,Municipio Rosario,Municipio,Rosario,820210,Servicio de Catastro e Información Territorial,IGN
2018,10852,2018-12-03,Lunes,0.0,12:20:00,,0.0,2,"Bicicleta,Automóvil",Rioja Y Vera Mujica,2,1,0,0,1,0,0,"-32.942428119002,-60.667166431584",Calle,,ROSARIO,Rosario,Asfalto,No existe,II,Dentro,Urbana,Señal Pare,No existe,Intersección,Bueno,Buena,Diurna,Buen Tiempo,S/D,Ciclista,Atropello,Ninguna,"Horizontal,Vertical",Línea divisoria pintada,Sin restricción,"-32.942428119002,-60.667166431584","['Rioja', 'Vera Mujíca']",2,,-32.942428119002,-60.667166431584,55.0,538.0,Municipio Rosario,Municipio,Rosario,820210,Servicio de Catastro e Información Territorial,IGN
2018,10853,2018-12-04,Martes,0.0,10:45:00,,0.0,2,"Peatón,Automóvil",Salta Y Mariano Moreno,2,1,0,0,1,0,0,"-32.937217035008,-60.648832439986",Calle,,ROSARIO,Rosario,Asfalto,No existe,II,Dentro,Urbana,Paso Peatonal,No existe,Recta,Bueno,Buena,Diurna,Buen Tiempo,S/D,Peatón,Atropello,Ninguna,Faltante,Línea divisoria pintada,Sin restricción,"-32.937217035008,-60.648832439986","['Salta', 'Mariano Moreno']",2,,-32.937217035008,-60.648832439986,55.0,538.0,Municipio Rosario,Municipio,Rosario,820210,Servicio de Catastro e Información Territorial,IGN
2018,10854,2018-12-02,Domingo,0.0,12:15:00,,0.0,2,"Automóvil,Automóvil",Bv. 27 De Febrero Y Bv. Oro?o,3,1,0,0,2,0,0,"-32.964828473776,-60.658500919693",Avenida,,ROSARIO,Rosario,Asfalto,No existe,II,Dentro,Urbana,Semáforo,Funciona,Recta,Bueno,Buena,Diurna,Buen Tiempo,S/D,Ciclista,Atropello,Ninguna,"Horizontal,Vertical","Cordón divisorio,Vegetación,Línea divisoria pintada",Sin restricción,"-32.964828473776,-60.658500919693","['27 de Febrero', 'Bulevar Nicasio Oroño']",2,,-32.964828473776,-60.658500919693,55.0,538.0,Municipio Rosario,Municipio,Rosario,820210,Servicio de Catastro e Información Territorial,IGN
2018,10856,2018-12-04,Martes,0.0,07:30:00,,0.0,2,"Automóvil,Automóvil",Av. Pellegrini Y Constitucion,2,1,0,0,1,0,0,"-32.950995906208,-60.676432084009",Calle,,ROSARIO,Rosario,Asfalto,No existe,II,Dentro,Urbana,Semáforo,Funciona,Recta,Bueno,Buena,Diurna,Buen Tiempo,S/D,Ciclista,Atropello,Ninguna,"Horizontal,Vertical",Línea divisoria pintada,Sin restricción,"-32.950995906208,-60.676432084009","['Pellegrini', 'Constitución']",2,,-32.950995906208,-60.676432084009,55.0,538.0,Municipio Rosario,Municipio,Rosario,820210,Servicio de Catastro e Información Territorial,IGN
2018,10859,2018-12-01,Sabado,0.0,13:00:00,,0.0,2,"Automóvil,Moto/Ciclomotor",Rioja Y Castellanos,3,2,0,0,1,0,0,"-32.940962656847,-60.675322513118",Calle,,ROSARIO,Rosario,Asfalto,No existe,II,Dentro,Urbana,Ninguna,No existe,Intersección,Bueno,Buena,Diurna,Buen Tiempo,S/D,S/D,Colisión,Ninguna,Faltante,Ninguna,Sin restricción,"-32.940962656847,-60.675322513118","['Rioja', 'Aaron Castellanos']",2,,-32.940962656847,-60.675322513118,55.0,538.0,Municipio Rosario,Municipio,Rosario,820210,Servicio de Catastro e Información Territorial,IGN
2018,10861,2018-12-03,Lunes,0.0,07:45:00,,0.0,2,"Peatón,Automóvil",Buenos Aires Y Montevideo,2,1,0,0,1,0,0,"-32.957106986683,-60.635140545392",Calle,,ROSARIO,Rosario,Asfalto,No existe,II,Dentro,Urbana,Paso Peatonal,No existe,Recta,Bueno,Buena,Diurna,Buen Tiempo,S/D,Peatón,Atropello,Ninguna,Horizontal,Ninguna,Sin restricción,"-32.957106986683,-60.635140545392","['Buenos Aires', 'Montevideo']",2,,-32.957106986683,-60.635140545392,55.0,538.0,Municipio Rosario,Municipio,Rosario,820210,Servicio de Catastro e Información Territorial,IGN
2018,10863,2018-12-03,Lunes,0.0,18:25:00,,0.0,2,"Automóvil,Moto/Ciclomotor",San Juan Y Ayacucho,2,1,0,0,1,0,0,"-32.952296528653,-60.627953962343",Calle,,ROSARIO,Rosario,Asfalto,No existe,II,Dentro,Urbana,Paso Peatonal,No existe,Intersección,Bueno,Buena,Diurna,Buen Tiempo,S/D,S/D,Colisión,Ninguna,Horizontal,Línea divisoria pintada,Sin restricción,"-32.952296528653,-60.627953962343","['San Juan', 'Ayacucho']",2,,-32.952296528653,-60.627953962343,55.0,538.0,Municipio Rosario,Municipio,Rosario,820210,Servicio de Catastro e Información Territorial,IGN
2018,10865,2018-12-04,Martes,0.0,02:40:00,,0.0,2,"Moto/Ciclomotor,Automóvil",Mendoza Y Bv. Avellaneda,4,2,0,0,2,0,0,"-32.944223291523,-60.680315504898",Avenida,,ROSARIO,Rosario,Asfalto,No existe,II,Dentro,Urbana,Semáforo,Funciona,Recta,Bueno,Buena,Diurna,Buen Tiempo,S/D,Ciclista,Atropello,Ninguna,"Horizontal,Vertical","Cordón divisorio,Línea divisoria pintada",Sin restricción,"-32.944223291523,-60.680315504898","['Mendoza', 'Avellaneda']",2,,-32.944223291523,-60.680315504898,55.0,538.0,Municipio Rosario,Municipio,Rosario,820210,Servicio de Catastro e Información Territorial,IGN
2018,10866,2018-12-02,Domingo,0.0,19:00:00,,0.0,2,"Bicicleta,Pickup/Utilitario",San Juan Y Iriondo,2,1,0,0,1,0,0,"-32.944523565496,-60.670537271639",Calle,,ROSARIO,Rosario,Asfalto,No existe,II,Dentro,Urbana,Señal Pare,No existe,Recta,Bueno,Buena,Atardecer,Buen Tiempo,S/D,Ciclista,Atropello,Ninguna,"Horizontal,Vertical",Ninguna,Sin restricción,"-32.944523565496,-60.670537271639","['San Juan', 'Iriondo']",2,,-32.944523565496,-60.670537271639,55.0,538.0,Municipio Rosario,Municipio,Rosario,820210,Servicio de Catastro e Información Territorial,IGN
2018,10867,2018-12-06,Jueves,0.0,08:30:00,,0.0,2,"Pickup/Utilitario,Bicicleta",Mitre Y Mendoza,2,1,0,0,1,0,0,"-32.951252156343,-60.640823270042",Calle,,ROSARIO,Rosario,Asfalto,No existe,II,Dentro,Urbana,Paso Peatonal,No existe,Recta,Bueno,Buena,Diurna,Buen Tiempo,S/D,Ciclista,Atropello,Ninguna,Horizontal,Ninguna,Sin restricción,"-32.951252156343,-60.640823270042","['Mitre', 'Mendoza']",2,,-32.951252156343,-60.640823270042,55.0,538.0,Municipio Rosario,Municipio,Rosario,820210,Servicio de Catastro e Información Territorial,IGN
2018,10868,2018-12-07,Viernes,0.0,12:00:00,,0.0,2,"Moto/Ciclomotor,Automóvil",San Luis Y Italia,3,2,0,0,1,0,0,"-32.947291065777,-60.648530129045",Calle,,ROSARIO,Rosario,Asfalto,No existe,II,Dentro,Urbana,Paso Peatonal,No existe,Recta,Bueno,Buena,Diurna,Buen Tiempo,S/D,Ciclista,Atropello,Ninguna,Horizontal,Ninguna,Sin restricción,"-32.947291065777,-60.648530129045","['San Luis', 'Italia']",2,,-32.947291065777,-60.648530129045,55.0,538.0,Municipio Rosario,Municipio,Rosario,820210,Servicio de Catastro e Información Territorial,IGN
2018,10869,2018-12-06,Jueves,0.0,21:05:00,,0.0,2,"Automóvil,Moto/Ciclomotor",Sgto Cabral Y Av. Belgrano,4,1,0,0,3,0,0,"-32.942946609593,-60.634015072323",Calle,,ROSARIO,Rosario,Asfalto,No existe,II,Dentro,Urbana,Semáforo,Funciona,Intersección,Bueno,Buena,"Nocturna,Con luz artificial",Buen Tiempo,Lateral,S/D,Colisión,Ninguna,"Horizontal,Vertical","Cordón divisorio,Vegetación,Línea divisoria pintada",Sin restricción,"-32.942946609593,-60.634015072323","['Sargento Cabral', 'Belgrano']",2,,-32.942946609593,-60.634015072323,55.0,538.0,Municipio Rosario,Municipio,Rosario,820210,Servicio de Catastro e Información Territorial,IGN
2018,10870,2018-12-18,Martes,0.0,15:30:00,,0.0,2,"Automóvil,Automóvil",Maipu Y Mendoza,3,1,0,0,2,0,0,"-32.951999927889,-60.636550338909",Calle,,ROSARIO,Rosario,Asfalto,No existe,II,Dentro,Urbana,Semáforo,Funciona,Intersección,Bueno,Buena,Diurna,Buen Tiempo,S/D,S/D,Colisión,Ninguna,"Horizontal,Vertical",Línea divisoria pintada,Sin restricción,"-32.951999927889,-60.636550338909","['Maipú', 'Mendoza']",2,,-32.951999927889,-60.636550338909,55.0,538.0,Municipio Rosario,Municipio,Rosario,820210,Servicio de Catastro e Información Territorial,IGN
2018,10871,2018-12-05,Miercoles,0.0,09:10:00,,0.0,2,"Automóvil,Moto/Ciclomotor",Salta Y Callao,2,1,0,0,1,0,0,"-32.935521002407,-60.658315409325",Calle,,ROSARIO,Rosario,Asfalto,No existe,II,Dentro,Urbana,Semáforo,Funciona,Recta,Bueno,Buena,Diurna,Buen Tiempo,S/D,S/D,Colisión,Ninguna,"Horizontal,Vertical",Línea divisoria pintada,Sin restricción,"-32.935521002407,-60.658315409325","['Salta', 'Callao']",2,,-32.935521002407,-60.658315409325,55.0,538.0,Municipio Rosario,Municipio,Rosario,820210,Servicio de Catastro e Información Territorial,IGN
2018,10887,2018-12-06,Jueves,0.0,12:20:00,,0.0,2,"Automóvil,Bicicleta",Mendoza Y Mariano Moreno,2,1,0,0,1,0,0,"-32.949315332297,-60.651866619123",Calle,,ROSARIO,Rosario,Asfalto,No existe,II,Dentro,Urbana,Paso Peatonal,No existe,Intersección,Bueno,Buena,Diurna,Buen Tiempo,S/D,Ciclista,Atropello,Ninguna,Horizontal,Ninguna,Sin restricción,"-32.949315332297,-60.651866619123","['Mendoza', 'Mariano Moreno']",2,,-32.949315332297,-60.651866619123,55.0,538.0,Municipio Rosario,Municipio,Rosario,820210,Servicio de Catastro e Información Territorial,IGN
2018,10888,2018-12-05,Miercoles,0.0,23:30:00,,0.0,2,"Automóvil,Automóvil",Bv. Oro?o 800,4,2,0,0,2,0,0,"-32.943459749221766,-60.65325379371",Avenida,,ROSARIO,Rosario,Asfalto,No existe,II,Dentro,Urbana,Semáforo,Funciona,Recta,Bueno,Buena,"Nocturna,Con luz artificial",Buen Tiempo,S/D,S/D,Colisión,Ninguna,"Horizontal,Vertical","Cordón divisorio,Vegetación,Línea divisoria pintada",Sin restricción,"-32.943459749221766,-60.65325379371",['Nicasio Oroño?o 800'],1,,-32.943459749221766,-60.65325379371,55.0,538.0,Municipio Rosario,Municipio,Rosario,820210,Servicio de Catastro e Información Territorial,IGN
2018,10889,2018-12-04,Martes,0.0,18:40:00,,0.0,2,"Bicicleta,Automóvil",Cordoba Y Bv. Avellaneda,2,1,0,0,1,0,0,"-32.93909101176,-60.679028985658",Avenida,,ROSARIO,Rosario,Asfalto,No existe,II,Dentro,Urbana,S/D,Funciona,Recta,Bueno,Buena,Diurna,Buen Tiempo,S/D,Ciclista,Atropello,Ninguna,"Horizontal,Vertical","Cordón divisorio,Línea divisoria pintada",Sin restricción,"-32.93909101176,-60.679028985658","['Córdoba', 'Avellaneda']",2,,-32.93909101176,-60.679028985658,55.0,538.0,Municipio Rosario,Municipio,Rosario,820210,Servicio de Catastro e Información Territorial,IGN
2018,10890,2018-12-05,Miercoles,0.0,08:30:00,,0.0,4,"Moto/Ciclomotor,Taxi/Remis,Pickup/Utilitario,Moto/Ciclomotor",Av. Pellegrini Y Rodriguez,4,1,0,0,3,0,0,"-32.953523422712,-60.661447508599",Avenida,,ROSARIO,Rosario,Asfalto,No existe,II,Dentro,Urbana,Semáforo,Funciona,Recta,Bueno,Buena,Diurna,Buen Tiempo,Múltiple,S/D,Colisión,Ninguna,"Horizontal,Vertical","Cordón divisorio,Vegetación,Línea divisoria pintada",Sin restricción,"-32.953523422712,-60.661447508599","['Pellegrini', 'Rodríguez']",2,,-32.953523422712,-60.661447508599,55.0,538.0,Municipio Rosario,Municipio,Rosario,820210,Servicio de Catastro e Información Territorial,IGN
2018,10893,2018-12-05,Miercoles,0.0,06:55:00,,0.0,2,"Taxi/Remis,Bicicleta",Laprida Y 3 De Febrero,2,1,0,0,1,0,0,"-32.953482792396,-60.635701759234",Calle,,ROSARIO,Rosario,Asfalto,No existe,II,Dentro,Urbana,Señal Pare,Funciona,Intersección,Bueno,Buena,Diurna,Buen Tiempo,S/D,Ciclista,Atropello,Ninguna,"Horizontal,Vertical",Línea divisoria pintada,Sin restricción,"-32.953482792396,-60.635701759234","['Laprida', '3 de Febrero']",2,,-32.953482792396,-60.635701759234,55.0,538.0,Municipio Rosario,Municipio,Rosario,820210,Servicio de Catastro e Información Territorial,IGN
2018,10894,2018-09-13,Jueves,0.0,09:00:00,,0.0,2,"Bicicleta,Pickup/Utilitario",Irurtia Y Benitez,3,1,0,0,0,1,1,"-32.96688,-60.72018",Calle,,ROSARIO,Rosario,Asfalto,No existe,II,Dentro,Urbana,Ninguna,S/D,Recta,Con baches,S/D,Diurna,Buen Tiempo,S/D,Ciclista,Atropello,Ninguna,S/D,Ninguna,Sin restricción,"-32.96688,-60.72018","['Irurtia', 'Benitez']",2,,-32.96688,-60.72018,55.0,538.0,Municipio Rosario,Municipio,Rosario,820210,Servicio de Catastro e Información Territorial,IGN
2018,10895,2018-12-06,Jueves,0.0,08:25:00,,0.0,2,"Taxi/Remis,Automóvil",Tucuman Y Pueyrredon,3,1,0,0,2,0,0,"-32.938355285041,-60.656189824152",Calle,,ROSARIO,Rosario,Asfalto,No existe,II,Dentro,Urbana,Ninguna,No existe,Recta,Bueno,Buena,Diurna,Buen Tiempo,S/D,S/D,Colisión,Ninguna,Faltante,Ninguna,Sin restricción,"-32.938355285041,-60.656189824152","['Tucumán', 'Pueyrredón']",2,,-32.938355285041,-60.656189824152,55.0,538.0,Municipio Rosario,Municipio,Rosario,820210,Servicio de Catastro e Información Territorial,IGN
2018,10896,2018-09-14,Viernes,0.0,16:00:00,,0.0,2,"Transporte de Pasajeros Urbano (> 8 asientos),Bicicleta",Urquiza Y Mariano Moreno,2,0,0,0,1,1,0,"-32.940609,-60.650377",Calle,,ROSARIO,Rosario,Asfalto,No existe,II,S/D,Urbana,Ninguna,No existe,Recta,Bueno,S/D,Diurna,S/D,S/D,Ciclista,Atropello,S/D,Faltante,"Ninguna,S/D",Sin restricción,"-32.940609,-60.650377","['Urquiza', 'Mariano Moreno']",2,,-32.940609,-60.650377,55.0,538.0,Municipio Rosario,Municipio,Rosario,820210,Servicio de Catastro e Información Territorial,IGN
2018,10897,2018-12-09,Domingo,0.0,12:10:00,,0.0,2,"Automóvil,Automóvil",Bv. Avellaneda Y Montevideo,5,2,0,0,3,0,0,"-32.94877844437,-60.681676778126",Calle,,ROSARIO,Rosario,Asfalto,No existe,II,Dentro,Urbana,Semáforo,Funciona,Intersección,Bueno,Buena,Diurna,Buen Tiempo,Lateral,S/D,Colisión,Ninguna,"Horizontal,Vertical","Cordón divisorio,Línea divisoria pintada",Sin restricción,"-32.94877844437,-60.681676778126","['Avellaneda', 'Montevideo']",2,,-32.94877844437,-60.681676778126,55.0,538.0,Municipio Rosario,Municipio,Rosario,820210,Servicio de Catastro e Información Territorial,IGN
2018,10899,2018-12-10,Lunes,0.0,19:30:00,,0.0,2,"Automóvil,Moto/Ciclomotor",San Juan Y Balcarce,2,1,0,0,1,0,0,"-32.94768443126,-60.652881161563",Calle,,ROSARIO,Rosario,Asfalto,No existe,II,Dentro,Urbana,Ninguna,No existe,Intersección,Bueno,Buena,Diurna,Buen Tiempo,S/D,Ciclista,Atropello,Ninguna,Horizontal,Ninguna,Sin restricción,"-32.94768443126,-60.652881161563","['San Juan', 'Balcarce']",2,,-32.94768443126,-60.652881161563,55.0,538.0,Municipio Rosario,Municipio,Rosario,820210,Servicio de Catastro e Información Territorial,IGN
2018,10901,2018-12-07,Viernes,0.0,11:10:00,,0.0,2,"Automóvil,Automóvil",9 De Julio 2400,4,2,0,0,2,0,0,"-32.950644342283,-60.657877054503",Calle,,ROSARIO,Rosario,Asfalto,No existe,II,Dentro,Urbana,Señal Pare,No existe,Recta,Bueno,Buena,Diurna,Buen Tiempo,S/D,S/D,Colisión,Ninguna,"Horizontal,Vertical",Ninguna,Sin restricción,"-32.950644342283,-60.657877054503",['9 De Julio 2400'],1,,-32.950644342283,-60.657877054503,55.0,538.0,Municipio Rosario,Municipio,Rosario,820210,Servicio de Catastro e Información Territorial,IGN
2018,10903,2018-12-10,Lunes,0.0,10:10:00,,0.0,1,Transporte de Pasajeros Urbano (> 8 asientos),Av. Corrientes Y Cordoba,3,2,0,0,1,0,0,"-32.945675708464,-60.642357472848",Calle,,ROSARIO,Rosario,Asfalto,No existe,II,Dentro,Urbana,Semáforo,Funciona,Intersección,Bueno,Buena,Diurna,Buen Tiempo,S/D,S/D,Caída ocupante,Ninguna,"Horizontal,Vertical",Línea divisoria pintada,Sin restricción,"-32.945675708464,-60.642357472848","['Corrientes', 'Córdoba']",2,,-32.945675708464,-60.642357472848,55.0,538.0,Municipio Rosario,Municipio,Rosario,820210,Servicio de Catastro e Información Territorial,IGN
2018,10906,2018-12-09,Domingo,0.0,09:00:00,,0.0,2,"Automóvil,Automóvil",Av. Pellegrini 4300,3,1,0,0,2,0,0,"-32.949373819461,-60.684560740972",Avenida,,ROSARIO,Rosario,Asfalto,No existe,II,Dentro,Urbana,Paso Peatonal,No existe,Recta,Bueno,Buena,Diurna,Buen Tiempo,De alcance,S/D,Colisión,Ninguna,"Horizontal,Vertical","Cordón divisorio,Línea divisoria pintada",Sin restricción,"-32.949373819461,-60.684560740972",['Pellegrini 4300'],1,,-32.949373819461,-60.684560740972,55.0,538.0,Municipio Rosario,Municipio,Rosario,820210,Servicio de Catastro e Información Territorial,IGN
2018,10908,2018-12-08,Sabado,0.0,03:00:00,,0.0,2,"Bicicleta,Automóvil",Ituzaingo Y Av. Corrientes,2,0,0,1,1,0,0,"-32.959969804256,-60.645945558074",Calle,,ROSARIO,Rosario,Asfalto,No existe,II,Dentro,Urbana,Semáforo,Funciona,Intersección,Bueno,Buena,"Nocturna,Con luz artificial",Buen Tiempo,S/D,Ciclista,Atropello,Ninguna,"Horizontal,Vertical",Línea divisoria pintada,Sin restricción,"-32.959969804256,-60.645945558074","['Ituzaingó', 'Corrientes']",2,,-32.959969804256,-60.645945558074,55.0,538.0,Municipio Rosario,Municipio,Rosario,820210,Servicio de Catastro e Información Territorial,IGN
2018,10909,2018-12-11,Martes,0.0,09:10:00,,0.0,2,"Peatón,Automóvil",Dorrego Y 3 De Febrero,2,1,0,0,1,0,0,"-32.950788364481,-60.650830884511",Calle,,ROSARIO,Rosario,Asfalto,No existe,II,Dentro,Urbana,Señal Pare,No existe,Recta,Bueno,Buena,Diurna,Buen Tiempo,S/D,Peatón,Atropello,Ninguna,"Horizontal,Vertical",Ninguna,Sin restricción,"-32.950788364481,-60.650830884511","['Dorrego', '3 de Febrero']",2,,-32.950788364481,-60.650830884511,55.0,538.0,Municipio Rosario,Municipio,Rosario,820210,Servicio de Catastro e Información Territorial,IGN
2018,10911,2018-12-10,Lunes,0.0,22:50:00,,0.0,2,"Moto/Ciclomotor,Moto/Ciclomotor",3 De Febrero Y Cafferata,3,2,0,0,0,0,1,"-32.94690483846,-60.672552108146",Calle,,ROSARIO,Rosario,Asfalto,No existe,II,Dentro,Urbana,Semáforo,Funciona,Recta,Bueno,Buena,"Nocturna,Con luz artificial",Buen Tiempo,S/D,S/D,Colisión,Ninguna,"Horizontal,Vertical",Ninguna,Sin restricción,"-32.94690483846,-60.672552108146","['3 de Febrero', 'Cafferata']",2,,-32.94690483846,-60.672552108146,55.0,538.0,Municipio Rosario,Municipio,Rosario,820210,Servicio de Catastro e Información Territorial,IGN
2018,10914,2018-12-09,Domingo,0.0,23:00:00,,0.0,2,"Peatón,Moto/Ciclomotor",Montevideo Y Mariano Moreno,2,1,1,0,0,0,0,"-32.95392175454,-60.653019205069",Calle,,ROSARIO,Rosario,Asfalto,No existe,II,Dentro,Urbana,Señal Pare,No existe,Intersección,Bueno,Buena,"Nocturna,Con luz artificial",Buen Tiempo,S/D,Peatón,Atropello,Ninguna,"Horizontal,Vertical",Ninguna,Sin restricción,"-32.95392175454,-60.653019205069","['Montevideo', 'Mariano Moreno']",2,,-32.95392175454,-60.653019205069,55.0,538.0,Municipio Rosario,Municipio,Rosario,820210,Servicio de Catastro e Información Territorial,IGN
2018,10915,2018-12-11,Martes,0.0,11:20:00,,0.0,2,"Moto/Ciclomotor,Peatón",Av. Corrientes 1100,2,1,0,0,1,0,0,"-32.949403761022,-60.643295256947",Avenida,,ROSARIO,Rosario,Asfalto,No existe,II,Dentro,Urbana,Semáforo,Funciona,Recta,Bueno,Buena,Diurna,Buen Tiempo,S/D,Peatón,Atropello,Ninguna,"Horizontal,Vertical",Línea divisoria pintada,Sin restricción,"-32.949403761022,-60.643295256947",['Corrientes 1100'],1,,-32.949403761022,-60.643295256947,55.0,538.0,Municipio Rosario,Municipio,Rosario,820210,Servicio de Catastro e Información Territorial,IGN
2018,10916,2018-12-10,Lunes,0.0,00:10:00,,0.0,2,"Pickup/Utilitario,Automóvil",Santa Fe Y Av. Ovidio Lagos,4,3,0,0,1,0,0,"-32.940905191235,-60.66109766176",Avenida,,ROSARIO,Rosario,Asfalto,No existe,II,Dentro,Urbana,Semáforo,Funciona,Recta,Bueno,Buena,"Nocturna,Con luz artificial",Buen Tiempo,S/D,S/D,Colisión,Ninguna,"Horizontal,Vertical",Línea divisoria pintada,Sin restricción,"-32.940905191235,-60.66109766176","['Santa Fe', 'Avenida Ovidio Lagos']",2,,-32.940905191235,-60.66109766176,55.0,538.0,Municipio Rosario,Municipio,Rosario,820210,Servicio de Catastro e Información Territorial,IGN
2018,10917,2018-12-31,Lunes,0.0,13:00:00,,0.0,1,Moto/Ciclomotor,J.J.Paso Y Argerich Bis,1,0,1,0,0,0,0,"-32.919496823816,-60.688246244613",Calle,,ROSARIO,Rosario,Asfalto,No existe,II,Dentro,Urbana,Ninguna,No existe,Intersección,Bueno,Buena,Diurna,Buen Tiempo,S/D,S/D,Despiste,Ninguna,Faltante,Ninguna,Sin restricción,"-32.919496823816,-60.688246244613","['Paso', 'Argerich']",2,,-32.919496823816,-60.688246244613,55.0,538.0,Municipio Rosario,Municipio,Rosario,820210,Servicio de Catastro e Información Territorial,IGN
2018,10918,2018-12-18,Martes,0.0,11:40:00,,0.0,2,"Camión Chasis,Moto/Ciclomotor",Pje. Boedo Y Superi,2,1,0,0,1,0,0,"-32.896635502364,-60.706244153495",Calle,,ROSARIO,Rosario,Asfalto,No existe,II,Dentro,Urbana,Semáforo,Funciona,Intersección,Bueno,Buena,Diurna,Buen Tiempo,Lateral,S/D,Colisión,Ninguna,Vertical,Ninguna,Sin restricción,"-32.896635502364,-60.706244153495","['Boedo', 'Superi']",2,,-32.896635502364,-60.706244153495,55.0,538.0,Municipio Rosario,Municipio,Rosario,820210,Servicio de Catastro e Información Territorial,IGN
2018,10920,2018-12-31,Lunes,0.0,19:00:00,,0.0,2,"Moto/Ciclomotor,Automóvil",Homero Manzi Y Bufano,2,1,0,0,1,0,0,"-32.88702607154846,-60.718218237161",Calle,,ROSARIO,Rosario,Asfalto,No existe,II,Dentro,Urbana,Ninguna,No existe,Intersección,Bueno,Buena,Diurna,Buen Tiempo,Lateral,S/D,Colisión,Ninguna,Faltante,Ninguna,Sin restricción,"-32.88702607154846,-60.718218237161","['Homero Manzi', 'Bufano']",2,,-32.88702607154846,-60.718218237161,55.0,538.0,Municipio Rosario,Municipio,Rosario,820210,Servicio de Catastro e Información Territorial,IGN