anio_acci,nro_acci,fecha,desc_dia,fecha_aprox,hora_aprox,desc_ruta,km,cant_participantes,desc_participante,calle_avenida_km,total,heridos_leves,heridos_graves,heridos_gravisimos,ilesos,fallecidos,sin_datos,posicion_XY,desc_tipo_via,desc_ruta_ori,desc_loc,desc_dpto,desc_tipo_calzada,desc_tipo_banquina,desc_unidad_regional,desc_lugar_calzada,desc_zona,desc_prioridad,desc_estado_semaforo,desc_lugar_via,desc_estado_via,desc_estado_visibilidad,desc_luminosidad,desc_estado_clima,desc_tipo_colision,desc_tipo_atropello,desc_tipo_hecho,desc_pres_calzada,desc_senializacion,desc_separacion_via,desc_restriccion,forma_geocod,calle_lista,numero_calles,calles_osm,lat,lon,index_right,gid,fna,gna,nam,in1,fdc,sag
2018,10921,2018-12-13,Jueves,0.0,15:45:00,,0.0,2,"Automóvil,Moto/Ciclomotor",Baigorria Y Darragueira,2,1,0,0,1,0,0,"-32.892081029713154,-60.69582883268",Calle,,ROSARIO,Rosario,Asfalto,No existe,II,Dentro,Urbana,Ninguna,No existe,Intersección,Deteriorada,Buena,Diurna,Buen Tiempo,S/D,S/D,Colisión,Ninguna,Faltante,Ninguna,Sin restricción,"-32.892081029713154,-60.69582883268","['Baigorria', 'José Darragueira']",2,,-32.892081029713154,-60.69582883268,55.0,538.0,Municipio Rosario,Municipio,Rosario,820210,Servicio de Catastro e Información Territorial,IGN
2018,10922,2018-10-14,Domingo,0.0,15:20:00,,0.0,2,"Moto/Ciclomotor,Pickup/Utilitario",Zelaya Y Washington,3,1,0,0,2,0,0,"-32.90199464187026,-60.693960171192",Calle,,ROSARIO,Rosario,Asfalto,No existe,II,Dentro,Urbana,Ninguna,No existe,Intersección,Bueno,Buena,Diurna,Buen Tiempo,S/D,S/D,Colisión,Ninguna,Faltante,Ninguna,Sin restricción,"-32.90199464187026,-60.693960171192","['Zelaya', 'Washington']",2,,-32.90199464187026,-60.693960171192,55.0,538.0,Municipio Rosario,Municipio,Rosario,820210,Servicio de Catastro e Información Territorial,IGN
2018,10923,2018-10-14,Domingo,0.0,19:20:00,,0.0,2,"Pickup/Utilitario,Pickup/Utilitario",Casiano Casas Y Washington,4,1,0,0,3,0,0,"-32.903481271483,-60.700895837684",Avenida,,ROSARIO,Rosario,Asfalto,No existe,II,Dentro,Urbana,Semáforo,Funciona,Intersección,Deteriorada,Buena,Diurna,Buen Tiempo,De alcance,S/D,Colisión,Ninguna,"Horizontal,Vertical","Cordón divisorio,Línea divisoria pintada",Sin restricción,"-32.903481271483,-60.700895837684","['Avenida Casiano Casas', 'Washington']",2,,-32.903481271483,-60.700895837684,55.0,538.0,Municipio Rosario,Municipio,Rosario,820210,Servicio de Catastro e Información Territorial,IGN
2018,10927,2018-12-11,Martes,0.0,18:00:00,,0.0,2,"Bicicleta,Moto/Ciclomotor",Dr.Rivas Y Chacabuco,2,1,0,0,1,0,0,"-32.98640803433955,-60.632159225642",Calle,,ROSARIO,Rosario,Asfalto,No existe,II,Dentro,Urbana,Ninguna,No existe,Recta,Con baches,Buena,Diurna,Lluvia,S/D,Ciclista,Atropello,Agua,Faltante,Ninguna,Sin restricción,"-32.98640803433955,-60.632159225642","['Doctor Francisco Riva', 'Chacabuco']",2,,-32.98640803433955,-60.632159225642,55.0,538.0,Municipio Rosario,Municipio,Rosario,820210,Servicio de Catastro e Información Territorial,IGN
2018,10928,2018-12-03,Lunes,0.0,10:50:00,,0.0,2,"Moto/Ciclomotor,Pickup/Utilitario",Virasoro Y Laprida,3,1,0,0,2,0,0,"-32.970591508134,-60.640151540198",Calle,,ROSARIO,Rosario,Asfalto,No existe,II,Dentro,Urbana,Señal Ceda el Paso,No existe,Intersección,Bueno,Buena,Diurna,Buen Tiempo,Lateral,S/D,Colisión,Ninguna,Vertical,Ninguna,Sin restricción,"-32.970591508134,-60.640151540198","['Virasoro', 'Laprida']",2,,-32.970591508134,-60.640151540198,55.0,538.0,Municipio Rosario,Municipio,Rosario,820210,Servicio de Catastro e Información Territorial,IGN
2018,10931,2018-12-14,Viernes,0.0,10:30:00,,0.0,2,"Automóvil,Peatón",Mitre 1690,3,1,1,0,1,0,0,"-32.956862852769,-60.642234363103",Calle,,ROSARIO,Rosario,Asfalto,No existe,II,Dentro,Urbana,Semáforo,Funciona,Recta,Bueno,Buena,Diurna,Buen Tiempo,S/D,Peatón,Atropello,Ninguna,Vertical,Ninguna,Sin restricción,"-32.956862852769,-60.642234363103",['Mitre 1690'],1,,-32.956862852769,-60.642234363103,55.0,538.0,Municipio Rosario,Municipio,Rosario,820210,Servicio de Catastro e Información Territorial,IGN
2018,10932,2018-12-11,Martes,0.0,18:20:00,,0.0,2,"Moto/Ciclomotor,Transporte de Pasajeros Urbano (> 8 asientos)",Lima Y Montevideo,2,1,0,0,1,0,0,"-32.94806079454,-60.685651564469",Calle,,ROSARIO,Rosario,Asfalto,No existe,II,Dentro,Urbana,Ninguna,No existe,Recta,Bueno,Buena,Diurna,Buen Tiempo,S/D,S/D,Colisión,Ninguna,Faltante,Ninguna,Sin restricción,"-32.94806079454,-60.685651564469","['Lima', 'Montevideo']",2,,-32.94806079454,-60.685651564469,55.0,538.0,Municipio Rosario,Municipio,Rosario,820210,Servicio de Catastro e Información Territorial,IGN
2018,10933,2018-12-15,Sabado,0.0,02:00:00,,0.0,2,"Automóvil,Taxi/Remis",Buenos Aires Y Pasco,4,1,0,0,3,0,0,"-32.960544862617,-60.636003775271",Calle,,ROSARIO,Rosario,Asfalto,No existe,II,Dentro,Urbana,Paso Peatonal,No existe,Intersección,Bueno,Buena,"Nocturna,Con luz artificial",Buen Tiempo,S/D,S/D,Colisión,Ninguna,Horizontal,Línea divisoria pintada,Sin restricción,"-32.960544862617,-60.636003775271","['Buenos Aires', 'Pasco']",2,,-32.960544862617,-60.636003775271,55.0,538.0,Municipio Rosario,Municipio,Rosario,820210,Servicio de Catastro e Información Territorial,IGN
2018,10934,2018-12-18,Martes,0.0,14:30:00,,0.0,2,"Taxi/Remis,Automóvil",Av. Corrientes 3300,4,1,0,0,3,0,0,"-32.974878710355,-60.649702364765",Avenida,,ROSARIO,Rosario,Asfalto,No existe,II,Dentro,Urbana,Señal Pare,No existe,Intersección,Bueno,Buena,Diurna,Buen Tiempo,Lateral,S/D,Colisión,Ninguna,Vertical,Ninguna,Sin restricción,"-32.974878710355,-60.649702364765",['Corrientes 3300'],1,,-32.974878710355,-60.649702364765,55.0,538.0,Municipio Rosario,Municipio,Rosario,820210,Servicio de Catastro e Información Territorial,IGN
2018,10935,2018-12-17,Lunes,0.0,22:45:00,,0.0,3,"Taxi/Remis,Peatón,Peatón",Bv. Segui Y Ayacucho,3,2,0,0,1,0,0,"-32.981117209799,-60.63548645965",Avenida,,ROSARIO,Rosario,Asfalto,No existe,II,Dentro,Urbana,Otra Señal,No existe,Recta,Bueno,Buena,"Nocturna,Con luz artificial",Buen Tiempo,S/D,Peatón,Atropello,Ninguna,Vertical,"Cordón divisorio,Vegetación",Sin restricción,"-32.981117209799,-60.63548645965","['Bulevar Juan Francisco Seguí', 'Ayacucho']",2,,-32.981117209799,-60.63548645965,55.0,538.0,Municipio Rosario,Municipio,Rosario,820210,Servicio de Catastro e Información Territorial,IGN
2018,10936,2018-12-18,Martes,0.0,06:35:00,,0.0,2,"Automóvil,Moto/Ciclomotor",Bv. Segui Y Entre Rios,2,1,0,0,1,0,0,"-32.978461451284,-60.649145899938",Calle,,ROSARIO,Rosario,Asfalto,No existe,II,Dentro,Urbana,Señal Pare,No existe,Intersección,Bueno,Buena,Diurna,Buen Tiempo,Lateral,S/D,Colisión,Ninguna,"Horizontal,Vertical","Cordón divisorio,Vegetación,Línea divisoria pintada",Sin restricción,"-32.978461451284,-60.649145899938","['Bulevar Juan Francisco Seguí', 'Entre Ríos']",2,,-32.978461451284,-60.649145899938,55.0,538.0,Municipio Rosario,Municipio,Rosario,820210,Servicio de Catastro e Información Territorial,IGN
2018,10937,2018-12-11,Martes,0.0,12:30:00,,0.0,2,"Pickup/Utilitario,Moto/Ciclomotor",Ameghino Y Laprida,2,1,0,0,1,0,0,"-32.987800885297,-60.644482286443",Calle,,ROSARIO,Rosario,Asfalto,No existe,II,Dentro,Urbana,Ninguna,No existe,Intersección,Bueno,Buena,Diurna,Buen Tiempo,Lateral,S/D,Colisión,Ninguna,Faltante,Ninguna,Sin restricción,"-32.987800885297,-60.644482286443","['Ameghino', 'Laprida']",2,,-32.987800885297,-60.644482286443,55.0,538.0,Municipio Rosario,Municipio,Rosario,820210,Servicio de Catastro e Información Territorial,IGN
2018,10938,2018-12-18,Martes,0.0,15:50:00,,0.0,2,"Pickup/Utilitario,Moto/Ciclomotor",Bv. Segui Y Sarmiento,4,2,0,0,2,0,0,"-32.978962429421,-60.646343767061",Avenida,,ROSARIO,Rosario,Asfalto,No existe,II,Dentro,Urbana,Señal Pare,No existe,Intersección,Bueno,Buena,Diurna,Buen Tiempo,Lateral,S/D,Colisión,Ninguna,Vertical,"Cordón divisorio,Vegetación",Sin restricción,"-32.978962429421,-60.646343767061","['Bulevar Juan Francisco Seguí', 'Sarmiento']",2,,-32.978962429421,-60.646343767061,55.0,538.0,Municipio Rosario,Municipio,Rosario,820210,Servicio de Catastro e Información Territorial,IGN
2018,10940,2018-12-08,Sabado,0.0,10:50:00,,0.0,2,"Automóvil,Peatón",Italia Y Saavedra,2,1,0,0,1,0,0,"-32.976183147372,-60.655807071628",Avenida,,ROSARIO,Rosario,Asfalto,No existe,II,Dentro,Urbana,Paso Peatonal,No existe,Intersección,Bueno,Buena,Diurna,Buen Tiempo,S/D,Peatón,Atropello,Ninguna,Horizontal,Ninguna,Sin restricción,"-32.976183147372,-60.655807071628","['Italia', 'Saavedra']",2,,-32.976183147372,-60.655807071628,55.0,538.0,Municipio Rosario,Municipio,Rosario,820210,Servicio de Catastro e Información Territorial,IGN
2018,10941,2018-12-12,Miercoles,0.0,08:00:00,,0.0,2,"Automóvil,Camión Chasis",Av. Uriburu Y Grandoli,2,1,0,0,1,0,0,"-32.990006389483,-60.628410024844",Avenida,,ROSARIO,Rosario,Asfalto,No existe,II,Dentro,Urbana,Semáforo,Funciona,Recta,Bueno,Buena,Diurna,Buen Tiempo,De alcance,S/D,Colisión,Ninguna,"Horizontal,Vertical",Cordón divisorio,Sin restricción,"-32.990006389483,-60.628410024844","['Uriburu', 'Avenida Abanderado Grandoli']",2,,-32.990006389483,-60.628410024844,55.0,538.0,Municipio Rosario,Municipio,Rosario,820210,Servicio de Catastro e Información Territorial,IGN
2018,10943,2018-12-08,Sabado,0.0,15:05:00,,0.0,2,"Moto/Ciclomotor,Automóvil",Av. Arijon Y Ayacucho,2,1,0,0,1,0,0,"-33.0026229637,-60.635980351083",Avenida,,ROSARIO,Rosario,Asfalto,No existe,II,Dentro,Urbana,Semáforo,Funciona,Intersección,Bueno,Buena,Diurna,Buen Tiempo,Lateral,S/D,Colisión,Ninguna,"Horizontal,Vertical",Línea divisoria pintada,Sin restricción,"-33.0026229637,-60.635980351083","['Avenida Manuel Arijón', 'Ayacucho']",2,,-33.0026229637,-60.635980351083,55.0,538.0,Municipio Rosario,Municipio,Rosario,820210,Servicio de Catastro e Información Territorial,IGN
2018,10944,2018-12-08,Sabado,0.0,20:00:00,,0.0,2,"Moto/Ciclomotor,Automóvil",Laprida Y Amenabar,2,1,0,0,1,0,0,"-32.972886248306,-60.64072776133",Calle,,ROSARIO,Rosario,Asfalto,No existe,II,Dentro,Urbana,Ninguna,No existe,Intersección,Bueno,Buena,"Nocturna,Con luz artificial",Buen Tiempo,Lateral,S/D,Colisión,Ninguna,Faltante,Ninguna,Sin restricción,"-32.972886248306,-60.64072776133","['Laprida', 'Amenabar']",2,,-32.972886248306,-60.64072776133,55.0,538.0,Municipio Rosario,Municipio,Rosario,820210,Servicio de Catastro e Información Territorial,IGN
2018,10946,2018-12-08,Sabado,0.0,10:43:00,,0.0,2,"Automóvil,Peatón",Balcarce Y Milan,2,0,0,0,1,1,0,"-32.988080331332,-60.663058747726",Calle,,ROSARIO,Rosario,Asfalto,No existe,II,Dentro,Urbana,Ninguna,No existe,Recta,Bueno,Buena,Diurna,Buen Tiempo,S/D,Peatón,Atropello,Ninguna,Faltante,Ninguna,Sin restricción,"-32.988080331332,-60.663058747726","['Balcarce', 'Milán']",2,,-32.988080331332,-60.663058747726,55.0,538.0,Municipio Rosario,Municipio,Rosario,820210,Servicio de Catastro e Información Territorial,IGN
2018,10947,2018-12-11,Martes,0.0,12:20:00,,0.0,2,"Automóvil,Automóvil",Pueyrredon Y Garay,3,1,0,0,2,0,0,"-32.971049009301,-60.664441950876",Calle,,ROSARIO,Rosario,Asfalto,No existe,II,Dentro,Urbana,Ninguna,No existe,Intersección,Bueno,Buena,Diurna,Buen Tiempo,Lateral,S/D,Colisión,Ninguna,Faltante,Ninguna,Sin restricción,"-32.971049009301,-60.664441950876","['Pueyrredón', 'Garay']",2,,-32.971049009301,-60.664441950876,55.0,538.0,Municipio Rosario,Municipio,Rosario,820210,Servicio de Catastro e Información Territorial,IGN
2018,10950,2018-12-07,Viernes,0.0,22:30:00,,0.0,2,"Moto/Ciclomotor,Pickup/Utilitario",Bv. Segui Y Mariano Moreno,2,1,0,0,1,0,0,"-32.976948473758,-60.658821927415",Avenida,,ROSARIO,Rosario,Asfalto,No existe,II,Dentro,Urbana,Paso Peatonal,No existe,Intersección,Deteriorada,Buena,"Nocturna,Con luz artificial",Buen Tiempo,Lateral,S/D,Colisión,Ninguna,Horizontal,"Cordón divisorio,Vegetación",Sin restricción,"-32.976948473758,-60.658821927415","['Bulevar Juan Francisco Seguí', 'Mariano Moreno']",2,,-32.976948473758,-60.658821927415,55.0,538.0,Municipio Rosario,Municipio,Rosario,820210,Servicio de Catastro e Información Territorial,IGN
2018,10951,2018-12-01,Sabado,0.0,14:50:00,,0.0,2,"Vehículo Oficial,Automóvil",Pje. Humboldt Y Estado de Israel,3,2,0,0,1,0,0,"-32.99179349094629,-60.647736825048",Calle,,ROSARIO,Rosario,Asfalto,No existe,II,Dentro,Urbana,Ninguna,No existe,Intersección,Bueno,Buena,Diurna,Buen Tiempo,Lateral,S/D,Colisión,Ninguna,Faltante,Ninguna,Sin restricción,"-32.99179349094629,-60.647736825048","['Humboldt', 'Estado de Israel']",2,,-32.99179349094629,-60.647736825048,55.0,538.0,Municipio Rosario,Municipio,Rosario,820210,Servicio de Catastro e Información Territorial,IGN
2018,10953,2018-12-10,Lunes,0.0,06:50:00,,0.0,2,"Bicicleta,Automóvil",San Martin Y Lamadrid,2,1,0,0,1,0,0,"-32.997072393776,-60.648162290107",Avenida,,ROSARIO,Rosario,Asfalto,No existe,II,Dentro,Urbana,Semáforo,Funciona,Intersección,Bueno,Buena,Amanecer,Buen Tiempo,S/D,Ciclista,Atropello,Ninguna,"Horizontal,Vertical","Cordón divisorio,Línea divisoria pintada",Sin restricción,"-32.997072393776,-60.648162290107","['San Martin', 'Lamadrid']",2,,-32.997072393776,-60.648162290107,55.0,538.0,Municipio Rosario,Municipio,Rosario,820210,Servicio de Catastro e Información Territorial,IGN
2018,10955,2018-12-03,Lunes,0.0,02:05:00,,0.0,2,"Bicicleta,Moto/Ciclomotor",Leiva Y F.Frias,2,1,0,0,1,0,0,"-33.011628288906,-60.637540862443",Calle,,ROSARIO,Rosario,Asfalto,No existe,II,Dentro,Urbana,Ninguna,No existe,Intersección,Bueno,Buena,Nocturna,Buen Tiempo,S/D,Ciclista,Atropello,Ninguna,Faltante,Ninguna,Sin restricción,"-33.011628288906,-60.637540862443","['Leiva', 'Frias']",2,,-33.011628288906,-60.637540862443,55.0,538.0,Municipio Rosario,Municipio,Rosario,820210,Servicio de Catastro e Información Territorial,IGN
2018,10956,2018-12-08,Sabado,0.0,20:11:00,,0.0,2,"Automóvil,Moto/Ciclomotor",Anchorena Y Cepeda,5,2,0,0,3,0,0,"-32.997034920897,-60.625044319828",Calle,,ROSARIO,Rosario,Asfalto,No existe,II,Dentro,Urbana,Ninguna,No existe,Intersección,Bueno,Buena,Nocturna,Buen Tiempo,Lateral,S/D,Colisión,Ninguna,Faltante,Ninguna,Sin restricción,"-32.997034920897,-60.625044319828","['Anchorena', 'Cepeda']",2,,-32.997034920897,-60.625044319828,55.0,538.0,Municipio Rosario,Municipio,Rosario,820210,Servicio de Catastro e Información Territorial,IGN
2018,10958,2018-12-07,Viernes,0.0,06:25:00,,0.0,2,"Moto/Ciclomotor,Taxi/Remis",Av. Uriburu Y San Martin,2,0,1,0,1,0,0,"-32.990590194545,-60.646584929451",Avenida,,ROSARIO,Rosario,Asfalto,No existe,II,Dentro,Urbana,Semáforo,Funciona,Intersección,Bueno,Buena,Diurna,Buen Tiempo,Lateral,S/D,Colisión,Ninguna,"Horizontal,Vertical","Cordón divisorio,Vegetación,Línea divisoria pintada",Sin restricción,"-32.990590194545,-60.646584929451","['Uriburu', 'San Martin']",2,,-32.990590194545,-60.646584929451,55.0,538.0,Municipio Rosario,Municipio,Rosario,820210,Servicio de Catastro e Información Territorial,IGN
2018,10959,2018-12-04,Martes,0.0,19:20:00,,0.0,2,"Automóvil,Automóvil",Laprida Y Bv. Segui,2,2,0,0,0,0,0,"-32.979867334251,-60.642481809167",Calle,,ROSARIO,Rosario,Asfalto,No existe,II,Dentro,Urbana,Señal Pare,No existe,Intersección,Bueno,Buena,Diurna,Buen Tiempo,Lateral,S/D,Colisión,Ninguna,Vertical,"Cordón divisorio,Vegetación",Sin restricción,"-32.979867334251,-60.642481809167","['Laprida', 'Bulevar Juan Francisco Seguí']",2,,-32.979867334251,-60.642481809167,55.0,538.0,Municipio Rosario,Municipio,Rosario,820210,Servicio de Catastro e Información Territorial,IGN
2018,10960,2018-12-01,Sabado,0.0,21:10:00,,0.0,1,Moto/Ciclomotor,Av. Bermudez Y Cabildo,1,1,0,0,0,0,0,"-33.007138747611,-60.642365911408",Avenida,,ROSARIO,Rosario,Asfalto,No existe,II,Dentro,Urbana,Ninguna,No existe,Intersección,Bueno,Buena,Nocturna,Buen Tiempo,S/D,S/D,Caída ocupante,Ninguna,Faltante,Ninguna,Sin restricción,"-33.007138747611,-60.642365911408","['Bermudez', 'Cabildo']",2,,-33.007138747611,-60.642365911408,55.0,538.0,Municipio Rosario,Municipio,Rosario,820210,Servicio de Catastro e Información Territorial,IGN
2018,10961,2018-12-01,Sabado,0.0,22:00:00,,0.0,1,Moto/Ciclomotor,Biedma 100,1,1,0,0,0,0,0,"-32.983805537223816,-60.63323378562",Calle,,ROSARIO,Rosario,Asfalto,No existe,II,Dentro,Urbana,Señal Pare,No existe,Recta,Bueno,Buena,Nocturna,Buen Tiempo,S/D,S/D,Caída ocupante,Ninguna,Vertical,Ninguna,Sin restricción,"-32.983805537223816,-60.63323378562",['Biedma 100'],1,,-32.983805537223816,-60.63323378562,55.0,538.0,Municipio Rosario,Municipio,Rosario,820210,Servicio de Catastro e Información Territorial,IGN
2018,10965,2018-12-04,Martes,0.0,15:10:00,,0.0,2,"Moto/Ciclomotor,Automóvil",Mitre Y Garibaldi,5,3,0,0,2,0,0,"-32.985706578132,-60.649482755457",Calle,,ROSARIO,Rosario,Asfalto,No existe,II,Dentro,Urbana,Señal Pare,No existe,Intersección,Bueno,Buena,Diurna,Buen Tiempo,Lateral,S/D,Colisión,Ninguna,Vertical,Ninguna,Sin restricción,"-32.985706578132,-60.649482755457","['Mitre', 'José Garibaldi']",2,,-32.985706578132,-60.649482755457,55.0,538.0,Municipio Rosario,Municipio,Rosario,820210,Servicio de Catastro e Información Territorial,IGN
2018,10966,2018-12-04,Martes,0.0,15:15:00,,0.0,2,"Moto/Ciclomotor,Automóvil",Laprida Y Amenabar,2,1,0,0,1,0,0,"-32.972886248306,-60.64072776133",Calle,,ROSARIO,Rosario,Asfalto,No existe,II,Dentro,Urbana,Ninguna,No existe,Intersección,Bueno,Buena,Diurna,Buen Tiempo,Lateral,S/D,Colisión,Ninguna,Faltante,Ninguna,Sin restricción,"-32.972886248306,-60.64072776133","['Laprida', 'Amenabar']",2,,-32.972886248306,-60.64072776133,55.0,538.0,Municipio Rosario,Municipio,Rosario,820210,Servicio de Catastro e Información Territorial,IGN
2018,10967,2018-12-12,Miercoles,0.0,18:40:00,,0.0,2,"Moto/Ciclomotor,Moto/Ciclomotor",Cullen 500,2,2,0,0,0,0,0,"-32.92971879243851,-60.709582865238",Calle,,ROSARIO,Rosario,Asfalto,No existe,II,Dentro,Urbana,Ninguna,No existe,Recta,Deteriorada,Buena,Diurna,Buen Tiempo,Lateral,S/D,Colisión,Ninguna,Faltante,Ninguna,Sin restricción,"-32.92971879243851,-60.709582865238",['Cullen 500'],1,,-32.92971879243851,-60.709582865238,55.0,538.0,Municipio Rosario,Municipio,Rosario,820210,Servicio de Catastro e Información Territorial,IGN
2018,10970,2018-12-15,Sabado,0.0,22:50:00,,0.0,2,"Moto/Ciclomotor,Taxi/Remis",Junin Y Solis,2,0,1,0,1,0,0,"-32.92733250866,-60.703921037058",Calle,,ROSARIO,Rosario,Asfalto,No existe,II,Dentro,Urbana,Semáforo,Funciona,Intersección,Deteriorada,Buena,Nocturna,Buen Tiempo,S/D,S/D,Colisión,Ninguna,Vertical,Ninguna,Sin restricción,"-32.92733250866,-60.703921037058","['Junín', 'Solis']",2,,-32.92733250866,-60.703921037058,55.0,538.0,Municipio Rosario,Municipio,Rosario,820210,Servicio de Catastro e Información Territorial,IGN
2018,10971,2018-12-15,Sabado,0.0,22:00:00,,0.0,2,"Automóvil,Moto/Ciclomotor",Barra Y Bielsa,2,0,1,0,1,0,0,"-32.923617513053,-60.707494061048",Calle,,ROSARIO,Rosario,Asfalto,No existe,II,Dentro,Urbana,Ninguna,No existe,Intersección,Deteriorada,Buena,Nocturna,Buen Tiempo,Lateral,S/D,Colisión,Ninguna,Faltante,Ninguna,Sin restricción,"-32.923617513053,-60.707494061048","['Barra', 'Bielsa']",2,,-32.923617513053,-60.707494061048,55.0,538.0,Municipio Rosario,Municipio,Rosario,820210,Servicio de Catastro e Información Territorial,IGN
2018,10973,2018-12-15,Sabado,0.0,21:15:00,,0.0,2,"Automóvil,Moto/Ciclomotor",Matienzo Y San Lorenzo,3,0,2,0,1,0,0,"-32.934027198211,-60.694922420211",Calle,,ROSARIO,Rosario,Asfalto,No existe,II,Dentro,Urbana,Ninguna,No existe,Intersección,Bueno,Buena,Nocturna,Buen Tiempo,Lateral,S/D,Colisión,Ninguna,Faltante,Ninguna,Sin restricción,"-32.934027198211,-60.694922420211","['Matienzo', 'San Lorenzo']",2,,-32.934027198211,-60.694922420211,55.0,538.0,Municipio Rosario,Municipio,Rosario,820210,Servicio de Catastro e Información Territorial,IGN
2018,10974,2018-12-19,Miercoles,0.0,21:30:00,,0.0,2,"Bicicleta,Automóvil",Santa Fe 4400,2,1,0,0,1,0,0,"-32.936998865759,-60.682855717227",Calle,,ROSARIO,Rosario,Asfalto,No existe,II,Dentro,Urbana,Semáforo,Funciona,Recta,Bueno,Buena,Nocturna,Buen Tiempo,S/D,Ciclista,Atropello,Ninguna,"Horizontal,Vertical",Ninguna,Sin restricción,"-32.936998865759,-60.682855717227",['Santa Fe 4400'],1,,-32.936998865759,-60.682855717227,55.0,538.0,Municipio Rosario,Municipio,Rosario,820210,Servicio de Catastro e Información Territorial,IGN
2018,10975,2018-12-07,Viernes,0.0,21:00:00,,0.0,2,"Moto/Ciclomotor,Moto/Ciclomotor",Av. Provincias Unidas Y Santa Fe,3,3,0,0,0,0,0,"-32.935693856647,-60.712781809218",Avenida,,ROSARIO,Rosario,Asfalto,No existe,II,Dentro,Urbana,Paso Peatonal,No existe,Recta,Bueno,Buena,Nocturna,Buen Tiempo,Lateral,S/D,Colisión,Ninguna,Horizontal,Cordón divisorio,Sin restricción,"-32.935693856647,-60.712781809218","['Avenida Provincias Unidas', 'Santa Fe']",2,,-32.935693856647,-60.712781809218,55.0,538.0,Municipio Rosario,Municipio,Rosario,820210,Servicio de Catastro e Información Territorial,IGN
2018,10978,2018-12-10,Lunes,0.0,18:00:00,,0.0,2,"Peatón,Pickup/Utilitario",Tte.Agneta Y Marcos Paz,2,1,0,0,1,0,0,"-32.938723816817,-60.699887904384",Calle,,ROSARIO,Rosario,Asfalto,No existe,II,Dentro,Urbana,Ninguna,No existe,Recta,Deteriorada,Buena,Diurna,Buen Tiempo,S/D,Peatón,Atropello,Ninguna,Faltante,Ninguna,Sin restricción,"-32.938723816817,-60.699887904384","['Teniente Agneta', 'Marcos Paz']",2,,-32.938723816817,-60.699887904384,55.0,538.0,Municipio Rosario,Municipio,Rosario,820210,Servicio de Catastro e Información Territorial,IGN
2018,10980,2018-12-22,Sabado,0.0,11:25:00,,0.0,2,"Bicicleta,Automóvil",Av. Pellegrini Y Roullon,2,1,0,0,1,0,0,"-32.948224653304,-60.70193237729",Avenida,,ROSARIO,Rosario,Asfalto,No existe,II,Dentro,Urbana,Semáforo,Funciona,Intersección,Bueno,Buena,Diurna,Buen Tiempo,S/D,Ciclista,Atropello,Ninguna,"Horizontal,Vertical","Cordón divisorio,Línea divisoria pintada",Sin restricción,"-32.948224653304,-60.70193237729","['Pellegrini', 'Alfredo Rouillón']",2,,-32.948224653304,-60.70193237729,55.0,538.0,Municipio Rosario,Municipio,Rosario,820210,Servicio de Catastro e Información Territorial,IGN
2018,10981,2018-12-29,Sabado,0.0,06:10:00,,0.0,2,"Moto/Ciclomotor,Moto/Ciclomotor",Pje. Cuba Y Av. Eva Peron,2,2,0,0,0,0,0,"-32.935160774892,-60.701215422325",Avenida,,ROSARIO,Rosario,Asfalto,No existe,II,Dentro,Urbana,Semáforo,Funciona,Intersección,Bueno,Buena,Diurna,Buen Tiempo,Lateral,S/D,Colisión,Ninguna,"Horizontal,Vertical","Cordón divisorio,Línea divisoria pintada",Sin restricción,"-32.935160774892,-60.701215422325","['Cuba', 'Avenida Eva Perón']",2,,-32.935160774892,-60.701215422325,55.0,538.0,Municipio Rosario,Municipio,Rosario,820210,Servicio de Catastro e Información Territorial,IGN