anio_acci,nro_acci,fecha,desc_dia,fecha_aprox,hora_aprox,desc_ruta,km,cant_participantes,desc_participante,calle_avenida_km,total,heridos_leves,heridos_graves,heridos_gravisimos,ilesos,fallecidos,sin_datos,posicion_XY,desc_tipo_via,desc_ruta_ori,desc_loc,desc_dpto,desc_tipo_calzada,desc_tipo_banquina,desc_unidad_regional,desc_lugar_calzada,desc_zona,desc_prioridad,desc_estado_semaforo,desc_lugar_via,desc_estado_via,desc_estado_visibilidad,desc_luminosidad,desc_estado_clima,desc_tipo_colision,desc_tipo_atropello,desc_tipo_hecho,desc_pres_calzada,desc_senializacion,desc_separacion_via,desc_restriccion,forma_geocod,calle_lista,numero_calles,calles_osm,lat,lon,index_right,gid,fna,gna,nam,in1,fdc,sag
2018,10984,2018-12-12,Miercoles,0.0,14:00:00,,0.0,2,"Moto/Ciclomotor,Moto/Ciclomotor",Pje. J.Kay Y San Lorenzo,3,2,0,0,1,0,0,"-32.93501338921487,-60.730739124119",Calle,,ROSARIO,Rosario,Asfalto,No existe,II,Dentro,Urbana,Ninguna,No existe,Recta,Deteriorada,Buena,"Nocturna,Con luz artificial",Buen Tiempo,S/D,S/D,Colisión,Ninguna,Faltante,Ninguna,Sin restricción,"-32.93501338921487,-60.730739124119","['Kay', 'San Lorenzo']",2,,-32.93501338921487,-60.730739124119,55.0,538.0,Municipio Rosario,Municipio,Rosario,820210,Servicio de Catastro e Información Territorial,IGN
2018,10986,2018-12-12,Miercoles,0.0,08:30:00,,0.0,2,"Moto/Ciclomotor,Automóvil",Bv. Wilde Y San Lorenzo,2,1,0,0,1,0,0,"-32.935264348659,-60.738747603763",Calle,,ROSARIO,Rosario,Asfalto,No existe,II,Dentro,Urbana,Señal Pare,Funciona,Intersección,Bueno,Buena,Diurna,Buen Tiempo,Lateral,S/D,Colisión,Ninguna,Horizontal,"Cordón divisorio,Línea divisoria pintada",Sin restricción,"-32.935264348659,-60.738747603763","['Bulevar Wilde', 'San Lorenzo']",2,,-32.935264348659,-60.738747603763,55.0,538.0,Municipio Rosario,Municipio,Rosario,820210,Servicio de Catastro e Información Territorial,IGN
2018,10987,2018-12-17,Lunes,0.0,00:15:00,,0.0,2,"Automóvil,Taxi/Remis",Brasil Y Mendoza,4,2,0,0,2,0,0,"-32.940354706822,-60.719561462437",Calle,,ROSARIO,Rosario,Asfalto,No existe,II,Dentro,Urbana,Semáforo,Funciona,Recta,Bueno,Buena,"Nocturna,Con luz artificial",Buen Tiempo,De alcance,S/D,Colisión,Ninguna,"Horizontal,Vertical","Cordón divisorio,Línea divisoria pintada",Sin restricción,"-32.940354706822,-60.719561462437","['Brasil', 'Mendoza']",2,,-32.940354706822,-60.719561462437,55.0,538.0,Municipio Rosario,Municipio,Rosario,820210,Servicio de Catastro e Información Territorial,IGN
2018,10990,2018-09-27,Jueves,0.0,04:50:00,,0.0,1,Moto/Ciclomotor,Av. Provincias Unidas Y Pasco,1,0,0,0,0,1,0,"-32.951,-60.71208",Avenida,,ROSARIO,Rosario,Asfalto,S/D,II,S/D,Urbana,S/D,S/D,S/D,S/D,S/D,Nocturna,S/D,S/D,S/D,Caída ocupante,S/D,S/D,S/D,S/D,"-32.951,-60.71208","['Avenida Provincias Unidas', 'Pasco']",2,,-32.951,-60.71208,55.0,538.0,Municipio Rosario,Municipio,Rosario,820210,Servicio de Catastro e Información Territorial,IGN
2018,10993,2018-12-18,Martes,0.0,01:05:00,,0.0,2,"Automóvil,Moto/Ciclomotor",Derqui Y Nicaragua,2,1,0,0,1,0,0,"-32.938227954031,-60.720815713178",Calle,,ROSARIO,Rosario,Asfalto,No existe,II,Dentro,Urbana,Señal Pare,No existe,Recta,Bueno,Buena,"Nocturna,Con luz artificial",Buen Tiempo,S/D,S/D,Colisión,Ninguna,Vertical,Ninguna,Sin restricción,"-32.938227954031,-60.720815713178","['Derqui', 'Nicaragua']",2,,-32.938227954031,-60.720815713178,55.0,538.0,Municipio Rosario,Municipio,Rosario,820210,Servicio de Catastro e Información Territorial,IGN
2018,10995,2018-12-28,Viernes,0.0,21:40:00,,0.0,2,"Automóvil,Automóvil",Urquiza Y Muniagurria,2,2,0,0,0,0,0,"-32.933980553381,-60.733131747899",Calle,,ROSARIO,Rosario,Asfalto,No existe,II,Dentro,Urbana,Ninguna,No existe,Recta,Bueno,Buena,"Nocturna,Con luz artificial",Buen Tiempo,De alcance,S/D,Colisión,Ninguna,Faltante,Ninguna,Sin restricción,"-32.933980553381,-60.733131747899","['Urquiza', 'Muniagurría']",2,,-32.933980553381,-60.733131747899,55.0,538.0,Municipio Rosario,Municipio,Rosario,820210,Servicio de Catastro e Información Territorial,IGN
2018,10999,2018-11-23,Viernes,0.0,12:05:00,,0.0,3,"Vehículo Oficial,Vehículo Oficial,Camión Chasis",Av. Provincias Unidas Y Arevalo,4,1,0,0,2,1,0,"-32.93071,-60.71313",Calle,,ROSARIO,Rosario,Asfalto,No existe,II,Dentro,Urbana,Semáforo,Funciona,Recta,Bueno,Buena,Diurna,S/D,De alcance,S/D,"Caída ocupante,Colisión",Ninguna,Vertical,Ninguna,Sin restricción,"-32.93071,-60.71313","['Avenida Provincias Unidas', 'Arévalo']",2,,-32.93071,-60.71313,55.0,538.0,Municipio Rosario,Municipio,Rosario,820210,Servicio de Catastro e Información Territorial,IGN
2018,11000,2018-12-26,Miercoles,0.0,13:00:00,,0.0,2,"Moto/Ciclomotor,Automóvil",Comenius Y Bv. Wilde,2,1,0,0,1,0,0,"-32.926907520179,-60.738993218345",Avenida,,ROSARIO,Rosario,Asfalto,No existe,II,Dentro,Urbana,Señal Pare,No existe,Intersección,Bueno,Buena,Diurna,Buen Tiempo,Lateral,S/D,Colisión,Ninguna,"Horizontal,Vertical",Línea divisoria pintada,Sin restricción,"-32.926907520179,-60.738993218345","['Comenius', 'Bulevar Wilde']",2,,-32.926907520179,-60.738993218345,55.0,538.0,Municipio Rosario,Municipio,Rosario,820210,Servicio de Catastro e Información Territorial,IGN
2018,11001,2018-12-22,Sabado,0.0,12:10:00,,0.0,2,"Automóvil,Peatón",La Republica Y Donado,2,1,0,0,1,0,0,"-32.918993269608,-60.727968470793",Calle,,ROSARIO,Rosario,Asfalto,No existe,II,Dentro,Urbana,Ninguna,No existe,Recta,Bueno,Buena,Diurna,Buen Tiempo,S/D,Peatón,Atropello,Ninguna,Faltante,Ninguna,Sin restricción,"-32.918993269608,-60.727968470793","['La República', 'Donado']",2,,-32.918993269608,-60.727968470793,55.0,538.0,Municipio Rosario,Municipio,Rosario,820210,Servicio de Catastro e Información Territorial,IGN
2018,11002,2018-12-22,Sabado,0.0,10:55:00,,0.0,2,"Pickup/Utilitario,Moto/Ciclomotor",Av. Provincias Unidas Bis 300,2,1,0,0,1,0,0,"-32.92845815420151,-60.713168978691",Avenida,,ROSARIO,Rosario,Asfalto,No existe,II,Dentro,Urbana,Paso Peatonal,No existe,Recta,Bueno,Buena,Diurna,Buen Tiempo,S/D,S/D,Colisión,Ninguna,"Horizontal,Vertical",Cordón divisorio,Sin restricción,"-32.92845815420151,-60.713168978691",['Provincias Unidas Bis 300'],1,,-32.92845815420151,-60.713168978691,55.0,538.0,Municipio Rosario,Municipio,Rosario,820210,Servicio de Catastro e Información Territorial,IGN
2018,11003,2018-12-27,Jueves,0.0,12:40:00,,0.0,2,"Automóvil,Camión Chasis",Av. Provincias Unidas Y French,4,2,0,0,2,0,0,"-32.921775630043,-60.713327045529",Avenida,,ROSARIO,Rosario,Asfalto,No existe,II,Dentro,Urbana,Paso Peatonal,No existe,Recta,Bueno,Buena,Diurna,Buen Tiempo,S/D,S/D,Colisión,Ninguna,Horizontal,Cordón divisorio,Sin restricción,"-32.921775630043,-60.713327045529","['Avenida Provincias Unidas', 'French']",2,,-32.921775630043,-60.713327045529,55.0,538.0,Municipio Rosario,Municipio,Rosario,820210,Servicio de Catastro e Información Territorial,IGN
2018,11007,2018-12-07,Viernes,0.0,18:40:00,,0.0,2,"Automóvil,Moto/Ciclomotor",J.Colombres Y Jose Ingenieros,3,2,0,0,1,0,0,"-32.91753829383,-60.730374373199",Calle,,ROSARIO,Rosario,Asfalto,No existe,II,Dentro,Urbana,Ninguna,No existe,Intersección,Bueno,Buena,Diurna,Buen Tiempo,Frontal,S/D,Colisión,Ninguna,Faltante,Ninguna,Sin restricción,"-32.91753829383,-60.730374373199","['José Colombres', 'José Ingenieros']",2,,-32.91753829383,-60.730374373199,55.0,538.0,Municipio Rosario,Municipio,Rosario,820210,Servicio de Catastro e Información Territorial,IGN
2018,11009,2018-12-10,Lunes,0.0,17:00:00,,0.0,2,"Moto/Ciclomotor,Moto/Ciclomotor",Velez Sarsfield Y Nicaragua,2,2,0,0,0,0,0,"-32.92624734342098,-60.721354242414",Calle,,ROSARIO,Rosario,Asfalto,No existe,II,Dentro,Urbana,Ninguna,No existe,Intersección,Deteriorada,Buena,Diurna,Buen Tiempo,S/D,S/D,Colisión,Ninguna,Faltante,Ninguna,Sin restricción,"-32.92624734342098,-60.721354242414","['Vélez Sarsfield', 'Nicaragua']",2,,-32.92624734342098,-60.721354242414,55.0,538.0,Municipio Rosario,Municipio,Rosario,820210,Servicio de Catastro e Información Territorial,IGN
2018,11010,2018-12-12,Miercoles,0.0,09:45:00,,0.0,2,"Pickup/Utilitario,Moto/Ciclomotor",French 7400,4,3,0,0,1,0,0,"-32.921996063193,-60.721515185771",Calle,,ROSARIO,Rosario,Asfalto,No existe,II,Dentro,Urbana,Ninguna,No existe,Intersección,Bueno,Buena,Diurna,Buen Tiempo,S/D,S/D,Colisión,Ninguna,Faltante,Ninguna,Sin restricción,"-32.921996063193,-60.721515185771",['French 7400'],1,,-32.921996063193,-60.721515185771,55.0,538.0,Municipio Rosario,Municipio,Rosario,820210,Servicio de Catastro e Información Territorial,IGN
2018,11012,2018-12-04,Martes,0.0,13:50:00,,0.0,2,"Moto/Ciclomotor,Moto/Ciclomotor",Av. Genova 6100,3,2,0,0,1,0,0,"-32.915804409506,-60.706320769752",Avenida,,ROSARIO,Rosario,Asfalto,No existe,II,Dentro,Urbana,Ninguna,No existe,Intersección,Bueno,Buena,Diurna,Buen Tiempo,S/D,S/D,Colisión,Ninguna,Faltante,Ninguna,Sin restricción,"-32.915804409506,-60.706320769752",['Genova 6100'],1,,-32.915804409506,-60.706320769752,55.0,538.0,Municipio Rosario,Municipio,Rosario,820210,Servicio de Catastro e Información Territorial,IGN
2018,11013,2018-12-13,Jueves,0.0,18:50:00,,0.0,2,"Moto/Ciclomotor,Automóvil",Av. Sorrento Y Av. Provincias Unidas,2,1,0,0,1,0,0,"-32.907949730894,-60.713804056287",Avenida,,ROSARIO,Rosario,Asfalto,No existe,II,Dentro,Urbana,Ninguna,No existe,Rotonda,Bueno,Buena,Diurna,Buen Tiempo,De alcance,S/D,Colisión,Ninguna,Faltante,Ninguna,Sin restricción,"-32.907949730894,-60.713804056287","['Sorrento', 'Avenida Provincias Unidas']",2,,-32.907949730894,-60.713804056287,55.0,538.0,Municipio Rosario,Municipio,Rosario,820210,Servicio de Catastro e Información Territorial,IGN
2018,11014,2018-12-13,Jueves,0.0,03:00:00,,0.0,1,Otros,Av. Provincias Unidas Y Av. Genova,1,1,0,0,0,0,0,"-32.916009521782,-60.713752328791",Calle,,ROSARIO,Rosario,Asfalto,No existe,II,Dentro,Urbana,Ninguna,Intermitente,Recta,Bueno,Buena,Nocturna,Buen Tiempo,S/D,S/D,Colisión,Ninguna,Vertical,"Cordón divisorio,Vegetación",Sin restricción,"-32.916009521782,-60.713752328791","['Avenida Provincias Unidas', 'Genova']",2,,-32.916009521782,-60.713752328791,55.0,538.0,Municipio Rosario,Municipio,Rosario,820210,Servicio de Catastro e Información Territorial,IGN
2018,11015,2018-12-19,Miercoles,0.0,19:23:00,,0.0,2,"Automóvil,Moto/Ciclomotor",Colombia 1300,4,1,0,0,3,0,0,"-32.913217932263,-60.717682136558",Calle,,ROSARIO,Rosario,Asfalto,No existe,II,Dentro,Urbana,Ninguna,No existe,Recta,Bueno,Buena,Atardecer,Buen Tiempo,Lateral,S/D,Colisión,Ninguna,Faltante,Ninguna,Sin restricción,"-32.913217932263,-60.717682136558",['Colombia 1300'],1,,-32.913217932263,-60.717682136558,55.0,538.0,Municipio Rosario,Municipio,Rosario,820210,Servicio de Catastro e Información Territorial,IGN
2018,11016,2018-12-26,Miercoles,0.0,18:20:00,,0.0,2,"Peatón,Automóvil",J.J.Paso 2320,2,1,0,0,1,0,0,"-32.91960820555688,-60.692608505487",Calle,,ROSARIO,Rosario,Asfalto,No existe,II,Dentro,Urbana,Ninguna,No existe,Recta,Bueno,Buena,Diurna,Buen Tiempo,S/D,Peatón,Atropello,Ninguna,Faltante,Línea divisoria pintada,Sin restricción,"-32.91960820555688,-60.692608505487",['Juan José Paso 2320'],1,,-32.91960820555688,-60.692608505487,55.0,538.0,Municipio Rosario,Municipio,Rosario,820210,Servicio de Catastro e Información Territorial,IGN
2018,11017,2018-12-03,Lunes,0.0,12:30:00,,0.0,2,"Camión Chasis,Moto/Ciclomotor",Tarragona Bis 1400,2,1,0,0,1,0,0,"-32.912519956642,-60.735276264369",Calle,,ROSARIO,Rosario,Asfalto,No existe,II,Dentro,Urbana,Otra Señal,No existe,Recta,Bueno,Buena,Diurna,Buen Tiempo,S/D,S/D,Colisión,Ninguna,Vertical,Ninguna,Sin restricción,"-32.912519956642,-60.735276264369",['Tarragona Bis 1400'],1,,-32.912519956642,-60.735276264369,55.0,538.0,Municipio Rosario,Municipio,Rosario,820210,Servicio de Catastro e Información Territorial,IGN
2018,11018,2018-12-21,Viernes,0.0,16:30:00,,0.0,2,"Automóvil,Moto/Ciclomotor",J.B.Justo Y Bv. Wilde,2,1,0,0,1,0,0,"-32.915610125906,-60.739433181785",Calle,,ROSARIO,Rosario,Asfalto,No existe,II,Dentro,Urbana,Ninguna,No existe,Intersección,Bueno,Buena,Diurna,Buen Tiempo,Lateral,S/D,Colisión,Ninguna,Faltante,Ninguna,Sin restricción,"-32.915610125906,-60.739433181785","['Justo', 'Bulevar Wilde']",2,,-32.915610125906,-60.739433181785,55.0,538.0,Municipio Rosario,Municipio,Rosario,820210,Servicio de Catastro e Información Territorial,IGN
2018,11019,2018-12-30,Domingo,0.0,20:00:00,,0.0,1,Moto/Ciclomotor,Ayala Gauna 7762,3,2,0,0,1,0,0,"-32.912363152136,-60.729515875775",Calle,,ROSARIO,Rosario,Asfalto,No existe,II,Dentro,Urbana,Ninguna,No existe,Recta,Bueno,Buena,"Amanecer,Con luz artificial",Buen Tiempo,S/D,S/D,Colisión,Ninguna,Faltante,Ninguna,Sin restricción,"-32.912363152136,-60.729515875775",['Ayala Gauna 7762'],1,,-32.912363152136,-60.729515875775,55.0,538.0,Municipio Rosario,Municipio,Rosario,820210,Servicio de Catastro e Información Territorial,IGN
2018,11039,2018-01-18,Jueves,0.0,,,0.0,2,"Automóvil,Otros",Montevideo Y Rodriguez,2,0,1,0,0,0,1,"-32.95247, -60.6612",Calle,,ROSARIO,Rosario,S/D,S/D,II,S/D,Urbana,S/D,S/D,Intersección,S/D,S/D,S/D,S/D,S/D,S/D,Colisión,S/D,S/D,S/D,S/D,"-32.95247, -60.6612","['Montevideo', 'Rodríguez']",2,,-32.95247,-60.6612,55.0,538.0,Municipio Rosario,Municipio,Rosario,820210,Servicio de Catastro e Información Territorial,IGN
2018,11040,2018-01-20,Sabado,0.0,,,0.0,2,"Moto/Ciclomotor,Otros",Av. Battle y Ordo?ez Y Av. Bermudez,2,0,1,0,0,0,1,"-33.00873, -60.64228",Avenida,,ROSARIO,Rosario,S/D,S/D,II,S/D,Urbana,S/D,S/D,Intersección,S/D,S/D,S/D,S/D,S/D,S/D,Colisión,S/D,S/D,S/D,S/D,"-33.00873, -60.64228","['Avenida Battle y Ordoñez', 'Bermudez']",2,,-33.00873,-60.64228,55.0,538.0,Municipio Rosario,Municipio,Rosario,820210,Servicio de Catastro e Información Territorial,IGN
2018,11041,2018-02-20,Martes,0.0,,,0.0,2,"Moto/Ciclomotor,Otros",Av. Ntra.Sra.del Rosario 600,2,0,1,0,0,0,1,"-32.99856, -60.61914",Avenida,,ROSARIO,Rosario,S/D,S/D,II,S/D,Urbana,S/D,S/D,Recta,S/D,S/D,S/D,S/D,S/D,S/D,Colisión,S/D,S/D,S/D,S/D,"-32.99856, -60.61914",['Ntra Sra Del Rosario 600'],1,,-32.99856,-60.61914,55.0,538.0,Municipio Rosario,Municipio,Rosario,820210,Servicio de Catastro e Información Territorial,IGN
2018,11146,2018-02-20,Martes,0.0,,,0.0,2,"Bicicleta,Otros",Bv. Segui Y Espa?a,2,0,0,1,0,0,1,"-32.97752, -60.65468",Calle,,ROSARIO,Rosario,S/D,S/D,II,S/D,Urbana,S/D,S/D,Intersección,S/D,S/D,S/D,S/D,S/D,Ciclista,Atropello,S/D,S/D,S/D,S/D,"-32.97752, -60.65468","['Bulevar Juan Francisco Seguí', 'España']",2,,-32.97752,-60.65468,55.0,538.0,Municipio Rosario,Municipio,Rosario,820210,Servicio de Catastro e Información Territorial,IGN
2018,11147,2018-02-21,Miercoles,0.0,,,0.0,2,"Moto/Ciclomotor,Otros",Bv. 27 De Febrero Y Campbell,2,0,1,0,0,0,1,"-32.95932, -60.70719",Calle,,ROSARIO,Rosario,S/D,S/D,II,S/D,Urbana,S/D,S/D,Intersección,S/D,S/D,S/D,S/D,S/D,S/D,Colisión,S/D,S/D,S/D,S/D,"-32.95932, -60.70719","['27 de Febrero', 'Campbell']",2,,-32.95932,-60.70719,55.0,538.0,Municipio Rosario,Municipio,Rosario,820210,Servicio de Catastro e Información Territorial,IGN
2018,11148,2018-02-23,Viernes,0.0,,,0.0,2,"Moto/Ciclomotor,Otros",Santa Fe Y Rio De Janeiro,2,0,1,0,0,0,1,"-32.9375, -60.68016",Calle,,ROSARIO,Rosario,S/D,S/D,II,S/D,Urbana,S/D,S/D,Intersección,S/D,S/D,S/D,S/D,S/D,S/D,Colisión,S/D,S/D,S/D,S/D,"-32.9375, -60.68016","['Santa Fe', 'Río de Janeiro']",2,,-32.9375,-60.68016,55.0,538.0,Municipio Rosario,Municipio,Rosario,820210,Servicio de Catastro e Información Territorial,IGN
2018,11149,2018-02-23,Viernes,0.0,,,0.0,2,"Bicicleta,Otros",Av. Pellegrini Y Av. Corrientes,2,0,1,0,0,0,1,"-32.95659, -60.64507",Calle,,ROSARIO,Rosario,S/D,S/D,II,S/D,Urbana,S/D,S/D,Intersección,S/D,S/D,S/D,S/D,S/D,Ciclista,Atropello,S/D,S/D,S/D,S/D,"-32.95659, -60.64507","['Pellegrini', 'Corrientes']",2,,-32.95659,-60.64507,55.0,538.0,Municipio Rosario,Municipio,Rosario,820210,Servicio de Catastro e Información Territorial,IGN
2018,11150,2018-02-25,Domingo,0.0,,,0.0,2,"Moto/Ciclomotor,Otros", ,2,0,0,1,0,0,1,"-32.9587, -60.69303",S/D,,ROSARIO,Rosario,S/D,S/D,II,S/D,Urbana,S/D,S/D,S/D,S/D,S/D,S/D,S/D,S/D,S/D,Colisión,S/D,S/D,S/D,S/D,"-32.9587, -60.69303",[''],0,,-32.9587,-60.69303,55.0,538.0,Municipio Rosario,Municipio,Rosario,820210,Servicio de Catastro e Información Territorial,IGN
2018,11152,2018-02-21,Miercoles,0.0,,,0.0,1,Otros, ,1,0,1,0,0,0,0,"-32.9587, -60.69303",Calle,,ROSARIO,Rosario,S/D,S/D,II,S/D,Urbana,S/D,S/D,S/D,S/D,S/D,S/D,S/D,S/D,S/D,S/D,S/D,S/D,S/D,S/D,"-32.9587, -60.69303",[''],0,,-32.9587,-60.69303,55.0,538.0,Municipio Rosario,Municipio,Rosario,820210,Servicio de Catastro e Información Territorial,IGN
2018,11216,2018-05-02,Miercoles,0.0,00:00:00,,0.0,2,"Moto/Ciclomotor,Automóvil",Italia Y Bv. Segui,2,1,0,0,1,0,0,"-32.97747, -60.65613",S/D,,ROSARIO,Rosario,S/D,S/D,II,S/D,S/D,S/D,S/D,S/D,S/D,S/D,S/D,S/D,S/D,S/D,S/D,S/D,S/D,S/D,S/D,"-32.97747, -60.65613","['Italia', 'Bulevar Juan Francisco Seguí']",2,,-32.97747,-60.65613,55.0,538.0,Municipio Rosario,Municipio,Rosario,820210,Servicio de Catastro e Información Territorial,IGN
2018,11370,2018-12-31,Lunes,0.0,18:45:00,,0.0,2,"Otros,Moto/Ciclomotor",J.M.Gutierrez 268,3,3,0,0,0,0,0,"-32.8798753861338,-60.6891259085387",Calle,,ROSARIO,Rosario,Asfalto,No existe,II,Dentro,Urbana,Ninguna,No existe,Recta,Bueno,Buena,Diurna,Buen Tiempo,S/D,S/D,Colisión,Ninguna,Faltante,Ninguna,Sin restricción,"-32.8798753861338,-60.6891259085387",['J M Gutierrez 268'],1,,-32.8798753861338,-60.6891259085387,55.0,538.0,Municipio Rosario,Municipio,Rosario,820210,Servicio de Catastro e Información Territorial,IGN
2018,11381,2018-12-04,Martes,0.0,12:45:00,,0.0,2,"Bicicleta,Moto/Ciclomotor",Av. Francia Y Amenabar,2,2,0,0,0,0,0,"-32.967260028427,-60.671899170774",Avenida,,ROSARIO,Rosario,Asfalto,No existe,II,Dentro,Urbana,Ninguna,No existe,Intersección,S/D,S/D,Diurna,S/D,S/D,Ciclista,Atropello,S/D,Faltante,Cordón divisorio,S/D,"-32.967260028427,-60.671899170774","['Avenida Francia', 'Amenabar']",2,,-32.967260028427,-60.671899170774,55.0,538.0,Municipio Rosario,Municipio,Rosario,820210,Servicio de Catastro e Información Territorial,IGN
2018,11388,2018-12-05,Miercoles,0.0,,,0.0,2,"Automóvil,Automóvil",Bv. Oro?o Y Av. Arijon,2,1,0,0,1,0,0,"-33.003533657294,-60.66479024171",Avenida,,ROSARIO,Rosario,Asfalto,No existe,II,Dentro,Urbana,Semáforo,Funciona,Intersección,S/D,S/D,S/D,S/D,S/D,S/D,Colisión,S/D,"Horizontal,Vertical",Cordón divisorio,S/D,"-33.003533657294,-60.66479024171","['Bulevar Nicasio Oroño', 'Avenida Manuel Arijón']",2,,-33.003533657294,-60.66479024171,55.0,538.0,Municipio Rosario,Municipio,Rosario,820210,Servicio de Catastro e Información Territorial,IGN
2018,11391,2018-12-05,Miercoles,0.0,,,0.0,2,"Automóvil,Moto/Ciclomotor",BV 27 DE FEBRERO Y JUAN PABLO II,2,0,1,0,1,0,0,"-32.95963, -60.72035",Avenida,,ROSARIO,Rosario,Asfalto,No existe,II,Dentro,Urbana,Semáforo,Funciona,Intersección,S/D,S/D,S/D,S/D,S/D,S/D,Colisión,S/D,Vertical,Ninguna,S/D,"-32.95963, -60.72035","['27 de Febrero', 'Juan Pablo II']",2,,-32.95963,-60.72035,55.0,538.0,Municipio Rosario,Municipio,Rosario,820210,Servicio de Catastro e Información Territorial,IGN
2018,11392,2018-12-29,Sabado,0.0,,,0.0,2,"Automóvil,Camión",Servando Bayo Y Montevideo,3,2,0,0,1,0,0,"-32.947817081629,-60.687012945881",Calle,,ROSARIO,Rosario,Asfalto,No existe,II,Dentro,Urbana,Ninguna,No existe,Intersección,Bueno,Buena,S/D,Buen Tiempo,S/D,S/D,Colisión,Ninguna,Faltante,Ninguna,Sin restricción,"-32.947817081629,-60.687012945881","['Servando Bayo', 'Montevideo']",2,,-32.947817081629,-60.687012945881,55.0,538.0,Municipio Rosario,Municipio,Rosario,820210,Servicio de Catastro e Información Territorial,IGN
2018,11394,2018-12-05,Miercoles,0.0,,,0.0,2,"Transporte de Pasajeros Urbano (> 8 asientos),Bicicleta",San Luis Y Entre Rios,2,1,0,0,1,0,0,"-32.94870096594,-60.641654934785",Calle,,ROSARIO,Rosario,Asfalto,No existe,II,Dentro,Urbana,Semáforo,Funciona,Intersección,S/D,S/D,S/D,S/D,S/D,Ciclista,Atropello,S/D,"Horizontal,Vertical",Ninguna,S/D,"-32.94870096594,-60.641654934785","['San Luis', 'Entre Ríos']",2,,-32.94870096594,-60.641654934785,55.0,538.0,Municipio Rosario,Municipio,Rosario,820210,Servicio de Catastro e Información Territorial,IGN
2018,11395,2018-12-29,Sabado,0.0,21:45:00,,0.0,3,"Moto/Ciclomotor,Peatón,Peatón",Carriego Y Av. Pellegrini,5,2,0,0,3,0,0,"-32.948305644033,-60.691418050749",Avenida,,ROSARIO,Rosario,Asfalto,No existe,II,Dentro,Urbana,Paso Peatonal,No existe,Intersección,Bueno,Buena,Diurna,Buen Tiempo,S/D,Peatón,Atropello,Ninguna,Horizontal,"Cordón divisorio,Línea divisoria pintada",Sin restricción,"-32.948305644033,-60.691418050749","['Carriego', 'Pellegrini']",2,,-32.948305644033,-60.691418050749,55.0,538.0,Municipio Rosario,Municipio,Rosario,820210,Servicio de Catastro e Información Territorial,IGN
2018,11397,2018-12-29,Sabado,0.0,,,0.0,2,"Moto/Ciclomotor,Automóvil",Amenabar Y Av. Francia,4,2,0,0,2,0,0,"-32.967260028427,-60.671899170774",Avenida,,ROSARIO,Rosario,Asfalto,No existe,II,Dentro,Urbana,Ninguna,No existe,Intersección,Bueno,Buena,S/D,Buen Tiempo,S/D,S/D,Colisión,Ninguna,Faltante,"Cordón divisorio,Vegetación",Sin restricción,"-32.967260028427,-60.671899170774","['Amenabar', 'Avenida Francia']",2,,-32.967260028427,-60.671899170774,55.0,538.0,Municipio Rosario,Municipio,Rosario,820210,Servicio de Catastro e Información Territorial,IGN
2018,11404,2018-12-28,Viernes,0.0,14:00:00,,0.0,2,"Moto/Ciclomotor,Automóvil",Bv. Avellaneda Y Montevideo,2,1,0,0,1,0,0,"-32.94877844437,-60.681676778126",Avenida,,ROSARIO,Rosario,Asfalto,No existe,II,Dentro,Urbana,Semáforo,Funciona,Intersección,Bueno,Buena,Diurna,Buen Tiempo,Lateral,S/D,Colisión,Ninguna,"Horizontal,Vertical","Cordón divisorio,Línea divisoria pintada",Sin restricción,"-32.94877844437,-60.681676778126","['Avellaneda', 'Montevideo']",2,,-32.94877844437,-60.681676778126,55.0,538.0,Municipio Rosario,Municipio,Rosario,820210,Servicio de Catastro e Información Territorial,IGN
2018,11406,2018-12-28,Viernes,0.0,08:50:00,,0.0,2,"Automóvil,Moto/Ciclomotor",Bv. Oro?o Y Cochabamba,2,1,0,0,1,0,0,"-32.955598481272,-60.656168029535",Avenida,,ROSARIO,Rosario,Asfalto,No existe,II,Dentro,Urbana,Señal Ceda el Paso,No existe,Intersección,Bueno,Buena,Diurna,Buen Tiempo,Lateral,S/D,Colisión,Ninguna,"Horizontal,Vertical","Cordón divisorio,Vegetación,Línea divisoria pintada",Sin restricción,"-32.955598481272,-60.656168029535","['Bulevar Nicasio Oroño', 'Cochabamba']",2,,-32.955598481272,-60.656168029535,55.0,538.0,Municipio Rosario,Municipio,Rosario,820210,Servicio de Catastro e Información Territorial,IGN
2018,11408,2018-12-08,Sabado,0.0,17:00:00,,0.0,2,"Pickup/Utilitario,Moto/Ciclomotor",Baigorria Y Zelaya,2,1,0,0,1,0,0,"-32.892308839134,-60.696895886867",Calle,,ROSARIO,Rosario,Asfalto,No existe,II,Dentro,Urbana,Semáforo,Intermitente,Intersección,S/D,S/D,Diurna,S/D,S/D,S/D,Colisión,S/D,Vertical,Ninguna,S/D,"-32.892308839134,-60.696895886867","['Baigorria', 'Zelaya']",2,,-32.892308839134,-60.696895886867,55.0,538.0,Municipio Rosario,Municipio,Rosario,820210,Servicio de Catastro e Información Territorial,IGN