anio_acci,nro_acci,fecha,desc_dia,fecha_aprox,hora_aprox,desc_ruta,km,cant_participantes,desc_participante,calle_avenida_km,total,heridos_leves,heridos_graves,heridos_gravisimos,ilesos,fallecidos,sin_datos,posicion_XY,desc_tipo_via,desc_ruta_ori,desc_loc,desc_dpto,desc_tipo_calzada,desc_tipo_banquina,desc_unidad_regional,desc_lugar_calzada,desc_zona,desc_prioridad,desc_estado_semaforo,desc_lugar_via,desc_estado_via,desc_estado_visibilidad,desc_luminosidad,desc_estado_clima,desc_tipo_colision,desc_tipo_atropello,desc_tipo_hecho,desc_pres_calzada,desc_senializacion,desc_separacion_via,desc_restriccion,forma_geocod,calle_lista,numero_calles,calles_osm,lat,lon,index_right,gid,fna,gna,nam,in1,fdc,sag
2018,11412,2018-12-28,Viernes,0.0,11:00:00,,0.0,2,"Pickup/Utilitario,Automóvil",L.N.Alem Y Bv. Segui,2,1,0,0,1,0,0,"-32.980929003529,-60.636536935752",Avenida,,ROSARIO,Rosario,Asfalto,No existe,II,Dentro,Urbana,Señal Ceda el Paso,No existe,Intersección,Deteriorada,Buena,Diurna,Buen Tiempo,S/D,S/D,Colisión,Ninguna,Vertical,"Cordón divisorio,Vegetación",Sin restricción,"-32.980929003529,-60.636536935752","['Alem', 'Bulevar Juan Francisco Seguí']",2,,-32.980929003529,-60.636536935752,55.0,538.0,Municipio Rosario,Municipio,Rosario,820210,Servicio de Catastro e Información Territorial,IGN
2018,11415,2018-12-09,Domingo,0.0,03:35:00,,0.0,1,Moto/Ciclomotor,Av. Provincias Unidas Y Amenabar,5,3,0,0,2,0,0,"-32.96396, -60.71158",Avenida,,ROSARIO,Rosario,Asfalto,No existe,II,Dentro,Urbana,Ninguna,No existe,Intersección,S/D,S/D,Nocturna,S/D,Contra objeto fijo,S/D,Colisión,S/D,Faltante,Cordón divisorio,S/D,"-32.96396, -60.71158","['Avenida Provincias Unidas', 'Amenabar']",2,,-32.96396,-60.71158,55.0,538.0,Municipio Rosario,Municipio,Rosario,820210,Servicio de Catastro e Información Territorial,IGN
2018,11423,2018-12-08,Sabado,0.0,18:30:00,,0.0,2,"Transporte de Pasajeros Urbano (> 8 asientos),Peatón",San Martin Y Olegario V.Andrade,3,1,0,0,2,0,0,"-32.995824104568,-60.64789198271",Calle,,ROSARIO,Rosario,Asfalto,No existe,II,Dentro,Urbana,Semáforo,Funciona,Intersección,S/D,S/D,Diurna,S/D,S/D,Peatón,Atropello,S/D,"Horizontal,Vertical",Cordón divisorio,S/D,"-32.995824104568,-60.64789198271","['San Martin', 'Olegario V Andrade']",2,,-32.995824104568,-60.64789198271,55.0,538.0,Municipio Rosario,Municipio,Rosario,820210,Servicio de Catastro e Información Territorial,IGN
2018,11426,2018-12-10,Lunes,0.0,15:20:00,,0.0,2,"Automóvil,Pickup/Utilitario",Cereseto Y Hilarion de la Quintana,3,2,0,0,1,0,0,"-33.001781593378,-60.673916467973",Calle,,ROSARIO,Rosario,Asfalto,No existe,II,Dentro,Urbana,Ninguna,No existe,Intersección,S/D,S/D,Diurna,S/D,S/D,S/D,Colisión,S/D,Faltante,Ninguna,S/D,"-33.001781593378,-60.673916467973","['Cereseto', 'Hilarión de la Quintana']",2,,-33.001781593378,-60.673916467973,55.0,538.0,Municipio Rosario,Municipio,Rosario,820210,Servicio de Catastro e Información Territorial,IGN
2018,11432,2018-12-11,Martes,0.0,21:20:00,,0.0,2,"Moto/Ciclomotor,Automóvil",Salta Y Paraguay,3,1,0,0,2,0,0,"-32.938446989112,-60.641954802778",Calle,,ROSARIO,Rosario,Asfalto,No existe,II,Dentro,Urbana,Paso Peatonal,No existe,Intersección,S/D,S/D,Nocturna,S/D,S/D,S/D,Colisión,S/D,Horizontal,Ninguna,S/D,"-32.938446989112,-60.641954802778","['Salta', 'Paraguay']",2,,-32.938446989112,-60.641954802778,55.0,538.0,Municipio Rosario,Municipio,Rosario,820210,Servicio de Catastro e Información Territorial,IGN
2018,11433,2018-12-24,Lunes,0.0,23:15:00,,0.0,2,"Automóvil,Automóvil",Gral.Mosconi 3300,3,1,0,0,2,0,0,"-32.98468842827,-60.679340842106",Calle,,ROSARIO,Rosario,Hormigón,No existe,II,Dentro,Urbana,S/D,S/D,Intersección,Bueno,Buena,"Nocturna,Con luz artificial",Buen Tiempo,S/D,S/D,Colisión,Ninguna,S/D,Ninguna,Sin restricción,"-32.98468842827,-60.679340842106",['Generalmosconi 3300'],1,,-32.98468842827,-60.679340842106,55.0,538.0,Municipio Rosario,Municipio,Rosario,820210,Servicio de Catastro e Información Territorial,IGN
2018,11435,2018-12-24,Lunes,0.0,21:25:00,,0.0,2,"Moto/Ciclomotor,Automóvil",Crespo Y Garibaldi,2,1,0,0,1,0,0,"-32.980561541884,-60.678216232693",Calle,,ROSARIO,Rosario,Asfalto,No existe,II,Dentro,Urbana,Ninguna,No existe,Intersección,Bueno,Buena,Nocturna,Buen Tiempo,S/D,S/D,Colisión,Ninguna,Faltante,Ninguna,Sin restricción,"-32.980561541884,-60.678216232693","['Crespo', 'José Garibaldi']",2,,-32.980561541884,-60.678216232693,55.0,538.0,Municipio Rosario,Municipio,Rosario,820210,Servicio de Catastro e Información Territorial,IGN
2018,11442,2018-12-15,Sabado,0.0,,,0.0,2,"Pickup/Utilitario,Moto/Ciclomotor",Paraguay Y Lamadrid,3,2,0,0,1,0,0,"-32.997264960076,-60.654957082045",Calle,,ROSARIO,Rosario,Asfalto,No existe,II,Dentro,Urbana,Ninguna,No existe,Intersección,S/D,S/D,S/D,Lluvia,S/D,S/D,Colisión,Agua,Faltante,Ninguna,S/D,"-32.997264960076,-60.654957082045","['Paraguay', 'Lamadrid']",2,,-32.997264960076,-60.654957082045,55.0,538.0,Municipio Rosario,Municipio,Rosario,820210,Servicio de Catastro e Información Territorial,IGN
2018,11446,2018-12-23,Domingo,0.0,,,0.0,1,Moto/Ciclomotor,Bv. 27 De Febrero Y Necochea,1,1,0,0,0,0,0,"-32.970159943586,-60.629514116451",Avenida,,ROSARIO,Rosario,Asfalto,No existe,II,Dentro,Urbana,Semáforo,Funciona,Intersección,Bueno,Buena,S/D,Buen Tiempo,S/D,S/D,Caída ocupante,Ninguna,"Horizontal,Vertical","Cordón divisorio,Línea divisoria pintada",Sin restricción,"-32.970159943586,-60.629514116451","['27 de Febrero', 'Necochea']",2,,-32.970159943586,-60.629514116451,55.0,538.0,Municipio Rosario,Municipio,Rosario,820210,Servicio de Catastro e Información Territorial,IGN
2018,11451,2018-12-22,Sabado,0.0,19:50:00,,0.0,2,"Moto/Ciclomotor,Peatón",Calle 1818 3861,2,1,0,0,1,0,0,"-32.973724144053,-60.709500624086",Calle,,ROSARIO,Rosario,Asfalto,No existe,II,Dentro,Urbana,Ninguna,No existe,Recta,Bueno,Buena,Diurna,Buen Tiempo,S/D,Peatón,Atropello,Ninguna,Faltante,Ninguna,Sin restricción,"-32.973724144053,-60.709500624086",['Calle 1818 3861'],1,,-32.973724144053,-60.709500624086,55.0,538.0,Municipio Rosario,Municipio,Rosario,820210,Servicio de Catastro e Información Territorial,IGN
2018,11453,2018-12-22,Sabado,0.0,13:00:00,,0.0,2,"Automóvil,Moto/Ciclomotor",Gral.Mosconi Y Bv. Avellaneda,2,1,0,0,1,0,0,"-32.983566034537,-60.688611261775",Avenida,,ROSARIO,Rosario,Asfalto,No existe,II,Dentro,Urbana,Paso Peatonal,No existe,Intersección,Bueno,Buena,Diurna,Buen Tiempo,S/D,S/D,Colisión,Ninguna,Horizontal,Cordón divisorio,Sin restricción,"-32.983566034537,-60.688611261775","['Mosconi', 'Avellaneda']",2,,-32.983566034537,-60.688611261775,55.0,538.0,Municipio Rosario,Municipio,Rosario,820210,Servicio de Catastro e Información Territorial,IGN
2018,11454,2018-12-16,Domingo,0.0,19:30:00,,0.0,2,"Moto/Ciclomotor,Pickup/Utilitario",Av. Ntra.Sra.del Rosario Y Dinamarca Bis,2,1,0,0,1,0,0,"-32.998832, -60.618493",Avenida,,ROSARIO,Rosario,Asfalto,No existe,II,Dentro,Urbana,Paso Peatonal,No existe,Otro,Bueno,Buena,Atardecer,Buen Tiempo,Lateral,S/D,Colisión,Ninguna,Horizontal,Cordón divisorio,Sin restricción,"-32.998832, -60.618493","['Nuestra Señora del Rosario', 'Dinamarca']",2,,-32.998832,-60.618493,55.0,538.0,Municipio Rosario,Municipio,Rosario,820210,Servicio de Catastro e Información Territorial,IGN
2018,11460,2018-12-17,Lunes,0.0,,,0.0,2,"Moto/Ciclomotor,Moto/Ciclomotor",Av. Pellegrini Y Liniers,3,3,0,0,0,0,0,"-32.948315, -60.698277",Avenida,,ROSARIO,Rosario,Asfalto,No existe,II,Dentro,Urbana,Semáforo,Funciona,Intersección,Bueno,Buena,Diurna,Buen Tiempo,Lateral,S/D,Colisión,Ninguna,"Horizontal,Vertical",Ninguna,Sin restricción,"-32.948315, -60.698277","['Pellegrini', 'Liniers']",2,,-32.948315,-60.698277,55.0,538.0,Municipio Rosario,Municipio,Rosario,820210,Servicio de Catastro e Información Territorial,IGN
2018,11464,2018-08-19,Domingo,0.0,04:00:00,,0.0,2,"Peatón,Automóvil", ,2,0,0,0,0,1,1,"-33.003590,-60.666874",S/D,,ROSARIO,Rosario,S/D,S/D,II,S/D,S/D,S/D,S/D,S/D,S/D,S/D,S/D,S/D,S/D,Peatón,"Atropello,Otro",S/D,S/D,S/D,S/D,"-33.003590,-60.666874",[''],0,,-33.00359,-60.666874,55.0,538.0,Municipio Rosario,Municipio,Rosario,820210,Servicio de Catastro e Información Territorial,IGN
2018,11467,2018-12-18,Martes,0.0,21:45:00,,0.0,1,Bicicleta,Buenos Aires 2300,1,1,0,0,0,0,0,"-32.965139173001,-60.63715485983",Calle,,ROSARIO,Rosario,Asfalto,No existe,II,Dentro,Urbana,Señal Pare,No existe,Recta,S/D,S/D,Nocturna,S/D,S/D,S/D,Caída ocupante,S/D,Vertical,Ninguna,S/D,"-32.965139173001,-60.63715485983",['Buenos Aires 2300'],1,,-32.965139173001,-60.63715485983,55.0,538.0,Municipio Rosario,Municipio,Rosario,820210,Servicio de Catastro e Información Territorial,IGN
2018,11473,2018-12-20,Jueves,0.0,14:00:00,,0.0,2,"Automóvil,Peatón",J.J.Paso Y Rep.Dominicana Bis,2,0,1,0,1,0,0,"-32.91957467794418,-60.690260231494",Calle,,ROSARIO,Rosario,Asfalto,No existe,II,Dentro,Urbana,Ninguna,No existe,Intersección,S/D,S/D,Diurna,S/D,S/D,Peatón,Atropello,S/D,Faltante,Ninguna,Sin restricción,"-32.91957467794418,-60.690260231494","['Paso', 'República Dominicana']",2,,-32.91957467794418,-60.690260231494,55.0,538.0,Municipio Rosario,Municipio,Rosario,820210,Servicio de Catastro e Información Territorial,IGN
2018,11477,2018-12-22,Sabado,0.0,,,0.0,2,"Automóvil,Moto/Ciclomotor",L.N.Alem Y Dean Funes,2,1,0,0,1,0,0,"-32.977391009686,-60.635648151647",Calle,,ROSARIO,Rosario,Asfalto,No existe,II,Dentro,Urbana,Ninguna,No existe,Intersección,S/D,S/D,S/D,S/D,S/D,S/D,Colisión,S/D,Faltante,Ninguna,Sin restricción,"-32.977391009686,-60.635648151647","['Alem', 'Deán Gregorio Funes']",2,,-32.977391009686,-60.635648151647,55.0,538.0,Municipio Rosario,Municipio,Rosario,820210,Servicio de Catastro e Información Territorial,IGN
2018,11482,2018-06-16,Sabado,0.0,04:15:00,,0.0,2,"Peatón,Automóvil",Av. Pellegrini Y Espa?a,2,1,0,0,1,0,0,"-32.95594, -60.64926",S/D,,ROSARIO,Rosario,S/D,S/D,II,S/D,S/D,S/D,S/D,S/D,S/D,S/D,S/D,S/D,S/D,S/D,Atropello,S/D,S/D,S/D,S/D,"-32.95594, -60.64926","['Pellegrini', 'España']",2,,-32.95594,-60.64926,55.0,538.0,Municipio Rosario,Municipio,Rosario,820210,Servicio de Catastro e Información Territorial,IGN
2018,11483,2018-06-16,Sabado,0.0,10:00:00,,0.0,2,"Moto/Ciclomotor,Automóvil",Godoy Cruz 7900,2,1,0,0,1,0,0,"-32.89059, -60.69749",S/D,,ROSARIO,Rosario,S/D,S/D,II,Dentro,Urbana,S/D,S/D,S/D,S/D,S/D,S/D,S/D,S/D,S/D,Colisión,S/D,S/D,S/D,S/D,"-32.89059, -60.69749",['Godoy Cruz 7900'],1,,-32.89059,-60.69749,55.0,538.0,Municipio Rosario,Municipio,Rosario,820210,Servicio de Catastro e Información Territorial,IGN
2018,11484,2018-06-17,Domingo,0.0,,,0.0,2,"Moto/Ciclomotor,Automóvil",Av. Arijon Y Av. Ovidio Lagos,2,0,1,0,1,0,0,"-33.00393, -60.67621",S/D,,ROSARIO,Rosario,S/D,S/D,II,S/D,S/D,S/D,S/D,S/D,S/D,S/D,S/D,S/D,S/D,S/D,S/D,S/D,S/D,S/D,S/D,"-33.00393, -60.67621","['Avenida Manuel Arijón', 'Avenida Ovidio Lagos']",2,,-33.00393,-60.67621,55.0,538.0,Municipio Rosario,Municipio,Rosario,820210,Servicio de Catastro e Información Territorial,IGN
2018,11485,2018-06-18,Lunes,0.0,11:15:00,,0.0,2,"Moto/Ciclomotor,Automóvil", ,2,1,0,0,1,0,0,"-32.95643, -60.69418",S/D,,ROSARIO,Rosario,S/D,S/D,II,S/D,S/D,S/D,S/D,S/D,S/D,S/D,S/D,S/D,S/D,S/D,S/D,S/D,S/D,S/D,S/D,"-32.95643, -60.69418",[''],0,,-32.95643,-60.69418,55.0,538.0,Municipio Rosario,Municipio,Rosario,820210,Servicio de Catastro e Información Territorial,IGN
2018,11486,2018-06-20,Miercoles,0.0,21:00:00,,0.0,2,"Bicicleta,Automóvil",Cambay Y Garay,2,1,0,0,1,0,0,"-32.97026, -60.66873",Calle,,ROSARIO,Rosario,S/D,S/D,II,Dentro,Urbana,S/D,S/D,S/D,S/D,S/D,S/D,S/D,S/D,Ciclista,Atropello,S/D,S/D,S/D,S/D,"-32.97026, -60.66873","['Cambay', 'Garay']",2,,-32.97026,-60.66873,55.0,538.0,Municipio Rosario,Municipio,Rosario,820210,Servicio de Catastro e Información Territorial,IGN
2018,11488,2018-06-30,Sabado,0.0,11:30:00,,0.0,2,"Peatón,Otros",Garcia del Cossio Bis ,2,1,0,0,1,0,0,"-32.89701, -60.71273",S/D,,ROSARIO,Rosario,S/D,S/D,II,S/D,S/D,S/D,S/D,S/D,S/D,S/D,S/D,S/D,S/D,"Ciclista,Peatón",Atropello,S/D,S/D,S/D,S/D,"-32.89701, -60.71273",['Garcia Del Cossio Bis'],1,,-32.89701,-60.71273,55.0,538.0,Municipio Rosario,Municipio,Rosario,820210,Servicio de Catastro e Información Territorial,IGN
2018,11489,2018-11-04,Domingo,0.0,06:00:00,,0.0,2,"Moto/Ciclomotor,Otros",Chaco Bis Y Av. Genova,2,0,1,0,1,0,0,"-32.91558, -60.69636",S/D,,ROSARIO,Rosario,S/D,S/D,II,S/D,S/D,S/D,S/D,S/D,S/D,S/D,S/D,S/D,S/D,S/D,S/D,S/D,S/D,S/D,S/D,"-32.91558, -60.69636","['Chaco', 'Genova']",2,,-32.91558,-60.69636,55.0,538.0,Municipio Rosario,Municipio,Rosario,820210,Servicio de Catastro e Información Territorial,IGN
2018,11490,2018-11-07,Miercoles,0.0,17:00:00,,0.0,2,"Moto/Ciclomotor,Otros",Cerrito 6800,2,1,0,0,1,0,0,"-32.9534, -60.71335",S/D,,ROSARIO,Rosario,S/D,S/D,II,S/D,S/D,S/D,S/D,S/D,S/D,S/D,S/D,S/D,S/D,S/D,S/D,S/D,S/D,S/D,S/D,"-32.9534, -60.71335",['Cerrito 6800'],1,,-32.9534,-60.71335,55.0,538.0,Municipio Rosario,Municipio,Rosario,820210,Servicio de Catastro e Información Territorial,IGN
2018,11491,2018-05-19,Sabado,0.0,11:30:00,,0.0,1,Moto/Ciclomotor,Cordoba Y Donado,1,1,0,0,0,0,0,"-32.93044, -60.72738",Calle,,ROSARIO,Rosario,S/D,No existe,II,Dentro,Urbana,S/D,S/D,Intersección,S/D,S/D,Diurna,S/D,S/D,S/D,S/D,S/D,S/D,S/D,S/D,"-32.93044, -60.72738","['Córdoba', 'Donado']",2,,-32.93044,-60.72738,55.0,538.0,Municipio Rosario,Municipio,Rosario,820210,Servicio de Catastro e Información Territorial,IGN
2018,11492,2018-05-28,Lunes,0.0,23:00:00,,0.0,2,"Otros,Peatón",Colon Y Riobamba,2,0,1,0,1,0,0,"-32.96525, -60.62967",Calle,,ROSARIO,Rosario,Asfalto,No existe,II,S/D,Urbana,S/D,S/D,Intersección,S/D,S/D,Nocturna,S/D,S/D,Peatón,Atropello,S/D,S/D,S/D,Sin restricción,"-32.96525, -60.62967","['Colon', 'Riobamba']",2,,-32.96525,-60.62967,55.0,538.0,Municipio Rosario,Municipio,Rosario,820210,Servicio de Catastro e Información Territorial,IGN
2018,11493,2018-08-28,Martes,0.0,14:30:00,,0.0,1,Moto/Ciclomotor,Dorrego Y Montevideo,1,0,1,0,0,0,0,"-32.95411, -60.65165",Calle,,ROSARIO,Rosario,S/D,S/D,II,Dentro,Urbana,S/D,S/D,Intersección,S/D,S/D,Diurna,S/D,S/D,S/D,Caída ocupante,S/D,S/D,S/D,S/D,"-32.95411, -60.65165","['Dorrego', 'Montevideo']",2,,-32.95411,-60.65165,55.0,538.0,Municipio Rosario,Municipio,Rosario,820210,Servicio de Catastro e Información Territorial,IGN
2018,11505,2018-11-18,Domingo,0.0,00:00:00,,0.0,1,Moto/Ciclomotor,Guatemala Y Pasco,1,0,1,0,0,0,0,"-32.95107, -60.71683",Calle,,ROSARIO,Rosario,Asfalto,No existe,II,Dentro,Urbana,S/D,S/D,Intersección,S/D,S/D,Nocturna,S/D,S/D,S/D,Colisión,S/D,S/D,S/D,S/D,"-32.95107, -60.71683","['Guatemala', 'Pasco']",2,,-32.95107,-60.71683,55.0,538.0,Municipio Rosario,Municipio,Rosario,820210,Servicio de Catastro e Información Territorial,IGN
2018,11506,2018-11-24,Sabado,0.0,11:15:00,,0.0,1,Moto/Ciclomotor,Forest Y Bolivia,1,0,1,0,0,0,0,"-32.94352, -60.71366",Calle,,ROSARIO,Rosario,Asfalto,No existe,II,Dentro,Urbana,S/D,No existe,Intersección,S/D,S/D,Diurna,S/D,S/D,S/D,Caída ocupante,S/D,S/D,S/D,S/D,"-32.94352, -60.71366","['Carlos Forest', 'Bolivia']",2,,-32.94352,-60.71366,55.0,538.0,Municipio Rosario,Municipio,Rosario,820210,Servicio de Catastro e Información Territorial,IGN
2018,11507,2018-11-28,Miercoles,0.0,18:00:00,,0.0,2,"Bicicleta,Otros",Tte.Agneta ,2,0,1,0,0,0,1,"-32.98003, -60.69828",Calle,,ROSARIO,Rosario,S/D,No existe,II,S/D,Urbana,S/D,S/D,Intersección,S/D,S/D,Atardecer,S/D,S/D,Ciclista,Atropello,S/D,S/D,S/D,S/D,"-32.98003, -60.69828",['Tenienteagneta'],1,,-32.98003,-60.69828,55.0,538.0,Municipio Rosario,Municipio,Rosario,820210,Servicio de Catastro e Información Territorial,IGN
2018,11508,2018-11-28,Miercoles,0.0,11:20:00,,0.0,1,Moto/Ciclomotor,Av. Corrientes Y San Juan,1,0,1,0,0,0,0,"-32.94939, -60.64327",Calle,,ROSARIO,Rosario,Asfalto,No existe,II,S/D,Urbana,Ninguna,S/D,Intersección,S/D,S/D,Diurna,S/D,S/D,S/D,Colisión,S/D,S/D,S/D,S/D,"-32.94939, -60.64327","['Corrientes', 'San Juan']",2,,-32.94939,-60.64327,55.0,538.0,Municipio Rosario,Municipio,Rosario,820210,Servicio de Catastro e Información Territorial,IGN
2018,11519,2018-12-31,Lunes,0.0,00:01:00,,0.0,1,Moto/Ciclomotor,San Martin Y Lamadrid,1,0,1,0,0,0,0,"-32.997072393776,-60.648162290107",Calle,,ROSARIO,Rosario,Asfalto,No existe,II,Dentro,Urbana,Semáforo,Funciona,Intersección,Bueno,Buena,"Nocturna,Con luz artificial",Buen Tiempo,S/D,S/D,Colisión,Ninguna,"Horizontal,Vertical","Cordón divisorio,Línea divisoria pintada",Sin restricción,"-32.997072393776,-60.648162290107","['San Martin', 'Lamadrid']",2,,-32.997072393776,-60.648162290107,55.0,538.0,Municipio Rosario,Municipio,Rosario,820210,Servicio de Catastro e Información Territorial,IGN
2018,11624,2018-12-05,Miercoles,0.0,10:00:00,,0.0,1,Moto/Ciclomotor,BLANCA BIS 200,1,0,1,0,0,0,0,"-32.915011095959,-60.731073317495",Calle,,ROSARIO,Rosario,S/D,S/D,II,Dentro,Urbana,S/D,S/D,S/D,S/D,S/D,S/D,S/D,S/D,S/D,Colisión,S/D,S/D,S/D,S/D,"-32.915011095959,-60.731073317495",['Blanca Bis 200'],1,,-32.915011095959,-60.731073317495,55.0,538.0,Municipio Rosario,Municipio,Rosario,820210,Servicio de Catastro e Información Territorial,IGN
2018,11626,2018-12-06,Jueves,0.0,16:00:00,,0.0,2,"Moto/Ciclomotor,Moto/Ciclomotor",Pje. Cagancha Y Bv. Avellaneda,2,0,2,0,0,0,0,"-32.98165440559389,-60.688642859458",Avenida,,ROSARIO,Rosario,Asfalto,No existe,II,Dentro,Urbana,Ninguna,No existe,Intersección,Bueno,Buena,Diurna,Buen Tiempo,S/D,S/D,Colisión,Material Suelto,Faltante,Cordón divisorio,Sin restricción,"-32.98165440559389,-60.688642859458","['Cagancha', 'Avellaneda']",2,,-32.98165440559389,-60.688642859458,55.0,538.0,Municipio Rosario,Municipio,Rosario,820210,Servicio de Catastro e Información Territorial,IGN
2018,11627,2018-12-06,Jueves,0.0,19:00:00,,0.0,1,Moto/Ciclomotor,Aurora Y Av. Francia,1,1,0,0,0,0,0,"-32.999478281669,-60.677954429046",Avenida,,ROSARIO,Rosario,Hormigón,No existe,II,Dentro,Urbana,Ninguna,No existe,Intersección,Bueno,Buena,Diurna,Buen Tiempo,S/D,S/D,Colisión,Ninguna,Faltante,"Cordón divisorio,Vegetación",Sin restricción,"-32.999478281669,-60.677954429046","['Aurora', 'Avenida Francia']",2,,-32.999478281669,-60.677954429046,55.0,538.0,Municipio Rosario,Municipio,Rosario,820210,Servicio de Catastro e Información Territorial,IGN
2018,11628,2018-12-07,Viernes,0.0,00:30:00,,0.0,1,Otros,Av. Francia Y Av. Ing.Acevedo,1,0,1,0,0,0,0,"-32.98421524465084,-60.677057728171",Avenida,,ROSARIO,Rosario,Asfalto,No existe,II,Dentro,Urbana,Semáforo,Funciona,Intersección,Bueno,Buena,"Nocturna,Con luz artificial",Buen Tiempo,S/D,S/D,S/D,Ninguna,"Horizontal,Vertical","Cordón divisorio,Vegetación,Línea divisoria pintada",Sin restricción,"-32.98421524465084,-60.677057728171","['Avenida Francia', 'Acevedo']",2,,-32.98421524465084,-60.677057728171,55.0,538.0,Municipio Rosario,Municipio,Rosario,820210,Servicio de Catastro e Información Territorial,IGN
2018,11629,2018-12-08,Sabado,0.0,03:30:00,,0.0,1,Moto/Ciclomotor,Bv. Avellaneda 4200,1,1,0,0,0,0,0,"-32.978698611259475,-60.68887889385",Avenida,,ROSARIO,Rosario,Asfalto,No existe,I,Dentro,Urbana,Ninguna,S/D,Recta,Bueno,Buena,Nocturna,Buen Tiempo,S/D,S/D,Colisión,Ninguna,Faltante,Cordón divisorio,Sin restricción,"-32.978698611259475,-60.68887889385",['Avellaneda 4200'],1,,-32.978698611259475,-60.68887889385,55.0,538.0,Municipio Rosario,Municipio,Rosario,820210,Servicio de Catastro e Información Territorial,IGN
2018,11630,2018-12-11,Martes,0.0,13:00:00,,0.0,1,Moto/Ciclomotor,Pte.Quintana Y Pueyrredon,1,0,1,0,0,0,0,"-32.979065492108,-60.666481385088",Calle,,ROSARIO,Rosario,Asfalto,No existe,II,Dentro,Urbana,Ninguna,No existe,Intersección,Bueno,Buena,Diurna,Buen Tiempo,S/D,S/D,Colisión,Ninguna,Faltante,Ninguna,S/D,"-32.979065492108,-60.666481385088","['Quintana', 'Pueyrredón']",2,,-32.979065492108,-60.666481385088,55.0,538.0,Municipio Rosario,Municipio,Rosario,820210,Servicio de Catastro e Información Territorial,IGN
2018,11631,2018-12-30,Domingo,0.0,19:00:00,,0.0,1,Moto/Ciclomotor,Av. Ntra.Sra.del Rosario ,1,0,1,0,0,0,0,"-32.999941706657424,-60.65187513828",Avenida,,ROSARIO,Rosario,S/D,S/D,II,Dentro,Urbana,S/D,S/D,S/D,S/D,Buena,Atardecer,Buen Tiempo,S/D,S/D,Colisión,S/D,Faltante,S/D,Sin restricción,"-32.999941706657424,-60.65187513828",['Nuestra Señora del Rosario'],1,,-32.999941706657424,-60.65187513828,55.0,538.0,Municipio Rosario,Municipio,Rosario,820210,Servicio de Catastro e Información Territorial,IGN
2018,11632,2018-12-26,Miercoles,0.0,10:00:00,,0.0,1,Moto/Ciclomotor,Campbell 3400,1,1,0,0,0,0,0,"-32.968482920844,-60.70686208856",Calle,,ROSARIO,Rosario,Asfalto,No existe,II,Dentro,Urbana,Ninguna,No existe,Intersección,Deteriorada,Buena,Diurna,Buen Tiempo,S/D,S/D,Colisión,Material Suelto,Faltante,Ninguna,Sin restricción,"-32.968482920844,-60.70686208856",['Campbell 3400'],1,,-32.968482920844,-60.70686208856,55.0,538.0,Municipio Rosario,Municipio,Rosario,820210,Servicio de Catastro e Información Territorial,IGN
2018,11633,2018-12-25,Martes,0.0,09:00:00,,0.0,2,"Otros,Peatón",Nicaragua Y San Lorenzo,2,1,0,0,0,0,1,"-32.934740731292,-60.720998919441",Calle,,ROSARIO,Rosario,Asfalto,No existe,II,Dentro,Urbana,Ninguna,No existe,Intersección,Bueno,Buena,Diurna,Buen Tiempo,S/D,Peatón,Atropello,Ninguna,Faltante,Ninguna,Sin restricción,"-32.934740731292,-60.720998919441","['Nicaragua', 'San Lorenzo']",2,,-32.934740731292,-60.720998919441,55.0,538.0,Municipio Rosario,Municipio,Rosario,820210,Servicio de Catastro e Información Territorial,IGN
2018,11634,2018-12-21,Viernes,0.0,11:30:00,,0.0,2,"Otros,Bicicleta",San Juan Y Pueyrredon,2,0,1,0,0,0,1,"-32.946719716122,-60.658299478306",Calle,,ROSARIO,Rosario,Asfalto,No existe,II,Dentro,Urbana,Paso Peatonal,No existe,Intersección,Bueno,Buena,"Nocturna,Con luz artificial",Buen Tiempo,S/D,Ciclista,Atropello,Ninguna,Horizontal,Ninguna,Sin restricción,"-32.946719716122,-60.658299478306","['San Juan', 'Pueyrredón']",2,,-32.946719716122,-60.658299478306,55.0,538.0,Municipio Rosario,Municipio,Rosario,820210,Servicio de Catastro e Información Territorial,IGN
2018,11635,2018-12-16,Domingo,0.0,02:00:00,,0.0,1,Moto/Ciclomotor,Av. Luis Carballo Y Florida Bis,1,0,1,0,0,0,0,"-32.92225420475007,-60.683447420597",Avenida,,ROSARIO,Rosario,Asfalto,No existe,II,Dentro,Urbana,Paso Peatonal,No existe,Intersección,Bueno,Buena,"Nocturna,Con luz artificial",Buen Tiempo,S/D,S/D,Colisión,Ninguna,Horizontal,Cordón divisorio,Sin restricción,"-32.92225420475007,-60.683447420597","['Avenida Doctor Luis Cándido Carballo', 'Florida']",2,,-32.92225420475007,-60.683447420597,55.0,538.0,Municipio Rosario,Municipio,Rosario,820210,Servicio de Catastro e Información Territorial,IGN