anio_acci,nro_acci,fecha,desc_dia,fecha_aprox,hora_aprox,desc_ruta,km,cant_participantes,desc_participante,calle_avenida_km,total,heridos_leves,heridos_graves,heridos_gravisimos,ilesos,fallecidos,sin_datos,posicion_XY,desc_tipo_via,desc_ruta_ori,desc_loc,desc_dpto,desc_tipo_calzada,desc_tipo_banquina,desc_unidad_regional,desc_lugar_calzada,desc_zona,desc_prioridad,desc_estado_semaforo,desc_lugar_via,desc_estado_via,desc_estado_visibilidad,desc_luminosidad,desc_estado_clima,desc_tipo_colision,desc_tipo_atropello,desc_tipo_hecho,desc_pres_calzada,desc_senializacion,desc_separacion_via,desc_restriccion,forma_geocod,calle_lista,numero_calles,calles_osm,lat,lon,index_right,gid,fna,gna,nam,in1,fdc,sag
2018,11636,2018-12-15,Sabado,0.0,02:50:00,,0.0,1,Otros,Av. Provincias Unidas Y Neuquen,1,0,1,0,0,0,0,"-32.944576404085,-60.712503504111",Avenida,,ROSARIO,Rosario,Asfalto,No existe,II,Dentro,Urbana,Semáforo,Funciona,Intersección,Bueno,Buena,"Nocturna,Con luz artificial",Buen Tiempo,S/D,S/D,S/D,Ninguna,"Horizontal,Vertical",Cordón divisorio,Sin restricción,"-32.944576404085,-60.712503504111","['Avenida Provincias Unidas', 'Neuquen']",2,,-32.944576404085,-60.712503504111,55.0,538.0,Municipio Rosario,Municipio,Rosario,820210,Servicio de Catastro e Información Territorial,IGN
2018,11638,2018-12-14,Viernes,0.0,22:00:00,,0.0,1,Moto/Ciclomotor,Bolivia Y Riobamba,1,0,1,0,0,0,0,"-32.954554398859,-60.71324556053",Calle,,ROSARIO,Rosario,Asfalto,No existe,II,Dentro,Urbana,Ninguna,No existe,Intersección,Deteriorada,Buena,Diurna,Buen Tiempo,S/D,S/D,Colisión,Ninguna,Faltante,Ninguna,Sin restricción,"-32.954554398859,-60.71324556053","['Bolivia', 'Riobamba']",2,,-32.954554398859,-60.71324556053,55.0,538.0,Municipio Rosario,Municipio,Rosario,820210,Servicio de Catastro e Información Territorial,IGN
2018,11640,2018-12-14,Viernes,0.0,20:30:00,,0.0,1,Moto/Ciclomotor,Pueyrredon Y Garibaldi,1,0,1,0,0,0,0,"-32.982514795754,-60.667338011257",Calle,,ROSARIO,Rosario,Asfalto,No existe,II,Dentro,Urbana,Ninguna,No existe,Intersección,Bueno,Buena,Nocturna,Buen Tiempo,S/D,S/D,Colisión,Ninguna,Faltante,Ninguna,Sin restricción,"-32.982514795754,-60.667338011257","['Pueyrredón', 'José Garibaldi']",2,,-32.982514795754,-60.667338011257,55.0,538.0,Municipio Rosario,Municipio,Rosario,820210,Servicio de Catastro e Información Territorial,IGN
2018,11641,2018-12-13,Jueves,0.0,18:30:00,,0.0,1,Moto/Ciclomotor,Junin Y Av. Provincias Unidas,1,0,1,0,0,0,0,"-32.927589637852,-60.713260369799",Avenida,,ROSARIO,Rosario,Asfalto,No existe,II,Dentro,Urbana,Semáforo,Funciona,Intersección,Bueno,Buena,Diurna,Buen Tiempo,S/D,S/D,Colisión,Ninguna,"Horizontal,Vertical","Cordón divisorio,Vegetación,Línea divisoria pintada",Sin restricción,"-32.927589637852,-60.713260369799","['Junín', 'Avenida Provincias Unidas']",2,,-32.927589637852,-60.713260369799,55.0,538.0,Municipio Rosario,Municipio,Rosario,820210,Servicio de Catastro e Información Territorial,IGN
2018,11642,2018-09-14,Viernes,0.0,11:30:00,,0.0,2,"Otros,Peatón",Av. Uriburu ,2,0,1,0,1,0,0,"-32.991997733477,-60.695591022524",Avenida,,ROSARIO,Rosario,Asfalto,No existe,II,Dentro,Urbana,S/D,S/D,S/D,S/D,S/D,Diurna,S/D,S/D,Peatón,Atropello,S/D,S/D,S/D,S/D,"-32.991997733477,-60.695591022524",['Uriburu'],1,,-32.991997733477,-60.695591022524,55.0,538.0,Municipio Rosario,Municipio,Rosario,820210,Servicio de Catastro e Información Territorial,IGN
2018,11644,2018-12-01,Sabado,0.0,01:15:00,,0.0,2,"Automóvil,Peatón",San Martin Y Anchorena,2,0,0,0,0,1,1,"-32.99775,-60.64825",Calle,,ROSARIO,Rosario,Asfalto,No existe,II,Dentro,Urbana,Semáforo,Intermitente,Intersección,Bueno,Buena,Nocturna,Buen Tiempo,S/D,Peatón,Atropello,Ninguna,"Horizontal,Vertical",Cordón divisorio,Sin restricción,"-32.99775,-60.64825","['San Martin', 'Anchorena']",2,,-32.99775,-60.64825,55.0,538.0,Municipio Rosario,Municipio,Rosario,820210,Servicio de Catastro e Información Territorial,IGN
2018,11649,2018-09-25,Martes,0.0,19:30:00,,0.0,2,"Moto/Ciclomotor,Otros",Velez Sarsfield ,2,0,1,0,0,0,1,"-32.92478084564209,-60.672898292541",Calle,,ROSARIO,Rosario,Asfalto,No existe,II,Dentro,Urbana,S/D,S/D,S/D,S/D,S/D,Nocturna,S/D,S/D,S/D,Colisión,S/D,S/D,Ninguna,S/D,"-32.92478084564209,-60.672898292541",['Vélez Sarsfield'],1,,-32.92478084564209,-60.672898292541,55.0,538.0,Municipio Rosario,Municipio,Rosario,820210,Servicio de Catastro e Información Territorial,IGN
2018,11650,2018-09-28,Viernes,0.0,13:47:00,,0.0,2,"Moto/Ciclomotor,Otros",Ituzaingo Y Buenos Aires,2,0,1,0,0,0,1,"-32.961694243248,-60.636297904533",Calle,,ROSARIO,Rosario,Asfalto,No existe,II,Dentro,Urbana,Señal Pare,No existe,Intersección,S/D,S/D,Diurna,S/D,S/D,S/D,Colisión,S/D,Vertical,Ninguna,Sin restricción,"-32.961694243248,-60.636297904533","['Ituzaingó', 'Buenos Aires']",2,,-32.961694243248,-60.636297904533,55.0,538.0,Municipio Rosario,Municipio,Rosario,820210,Servicio de Catastro e Información Territorial,IGN
2018,11651,2018-09-29,Sabado,0.0,13:00:00,,0.0,2,"Moto/Ciclomotor,Otros",Av. Belgrano ,2,0,1,0,0,0,1,"-32.943642139434836,-60.63375413417",Avenida,,ROSARIO,Rosario,Asfalto,No existe,II,Dentro,Urbana,S/D,S/D,S/D,S/D,S/D,Diurna,S/D,S/D,S/D,Colisión,S/D,S/D,S/D,S/D,"-32.943642139434836,-60.63375413417",['Belgrano'],1,,-32.94364213943484,-60.63375413417,55.0,538.0,Municipio Rosario,Municipio,Rosario,820210,Servicio de Catastro e Información Territorial,IGN
2018,11652,2018-09-30,Domingo,0.0,06:30:00,,0.0,2,"Moto/Ciclomotor,Otros",Saavedra ,2,1,0,0,0,0,1,"-32.979401350021384,-60.63785254955",Calle,,ROSARIO,Rosario,S/D,No existe,II,Dentro,Urbana,S/D,S/D,S/D,S/D,S/D,S/D,S/D,S/D,S/D,Colisión,S/D,S/D,S/D,S/D,"-32.979401350021384,-60.63785254955",['Saavedra'],1,,-32.979401350021384,-60.63785254955,55.0,538.0,Municipio Rosario,Municipio,Rosario,820210,Servicio de Catastro e Información Territorial,IGN
2018,11653,2018-12-03,Lunes,0.0,15:40:00,,0.0,2,"Automóvil,Moto/Ciclomotor",Av. Jorge Newbery Y Alvarez Condarco Bis,2,0,0,0,1,1,0,"-32.909070,-60.755905",Calle,,ROSARIO,Rosario,Asfalto,No existe,II,Dentro,Urbana,Señal Pare,No existe,Intersección,Bueno,S/D,Diurna,S/D,S/D,S/D,Colisión,Ninguna,Vertical,Ninguna,Sin restricción,"-32.909070,-60.755905","['Jorge Newbery', 'Álvarez Condarco']",2,,-32.90907,-60.755905,55.0,538.0,Municipio Rosario,Municipio,Rosario,820210,Servicio de Catastro e Información Territorial,IGN
2018,11654,2018-12-05,Miercoles,0.0,06:40:00,,0.0,2,"Moto/Ciclomotor,Automóvil",Peru Y Velez Sarsfield,2,0,0,0,1,1,0,"-32.92598, -60.712",Calle,,ROSARIO,Rosario,Asfalto,No existe,II,Dentro,Urbana,Ninguna,No existe,Intersección,S/D,S/D,Diurna,S/D,Lateral,S/D,Colisión,Ninguna,Faltante,Ninguna,Sin restricción,"-32.92598, -60.712","['Peru', 'Vélez Sarsfield']",2,,-32.92598,-60.712,55.0,538.0,Municipio Rosario,Municipio,Rosario,820210,Servicio de Catastro e Información Territorial,IGN
2018,11663,2018-12-11,Martes,0.0,05:00:00,,0.0,2,"Moto/Ciclomotor,Transporte de Pasajeros Urbano (> 8 asientos)",Polledo Y Grandoli,2,0,0,0,1,1,0,"-32.88679,-60.72055",Calle,,ROSARIO,Rosario,Asfalto,No existe,II,Dentro,Urbana,Señal Pare,No existe,Intersección,Bueno,Buena,Amanecer,S/D,Frontal,S/D,Colisión,Ninguna,Vertical,Ninguna,Sin restricción,"-32.88679,-60.72055","['Polledo', 'Avenida Abanderado Grandoli']",2,,-32.88679,-60.72055,55.0,538.0,Municipio Rosario,Municipio,Rosario,820210,Servicio de Catastro e Información Territorial,IGN
2018,11677,2018-12-27,Jueves,0.0,10:10:00,,0.0,2,"Automóvil,Peatón",J.J.Paso Y P.L.Funes,4,0,0,0,3,1,0,"-32.91988,-60.702",Calle,,ROSARIO,Rosario,Asfalto,No existe,II,Dentro,Urbana,Ninguna,No existe,Recta,Bueno,Buena,Diurna,Buen Tiempo,S/D,Peatón,Atropello,Ninguna,Faltante,Línea divisoria pintada,Sin restricción,"-32.91988,-60.702","['Paso', 'Funes']",2,,-32.91988,-60.702,55.0,538.0,Municipio Rosario,Municipio,Rosario,820210,Servicio de Catastro e Información Territorial,IGN
2018,11715,2018-12-16,Domingo,0.0,19:00:00,,0.0,1,Moto/Ciclomotor,Junin Y F.More,1,0,0,0,0,1,0,"-32.948912,-60.661645",Calle,,ROSARIO,Rosario,Asfalto,S/D,II,Dentro,Urbana,S/D,S/D,Intersección,S/D,S/D,Atardecer,S/D,S/D,S/D,Colisión,S/D,S/D,S/D,S/D,"-32.948912,-60.661645","['Junín', 'Felipe Moré']",2,,-32.948912,-60.661645,55.0,538.0,Municipio Rosario,Municipio,Rosario,820210,Servicio de Catastro e Información Territorial,IGN
2019,43,2019-01-11,Viernes,,10:00:00,,0.0,2,"Moto/Ciclomotor,Automóvil",Viamonte Y Pte.Roca,2,1,0,0,1,0,0,"-32.96406, -60.64987",Calle,,ROSARIO,Rosario,Asfalto,No existe,II,S/D,Urbana,Ninguna,No existe,Intersección,Bueno,Buena,Diurna,Buen Tiempo,Lateral,S/D,Colisión,Ninguna,Faltante,Ninguna,Sin restricción,"-32.96406, -60.64987","['Viamonte', 'Roca']",2,,-32.96406,-60.64987,55.0,538.0,Municipio Rosario,Municipio,Rosario,820210,Servicio de Catastro e Información Territorial,IGN
2019,44,2019-01-11,Viernes,,04:20:00,,0.0,2,"Pickup/Utilitario,Automóvil",Bv. 27 De Febrero Y Entre Rios,4,4,0,0,0,0,0,"-32.96718, -60.6463",Calle,,ROSARIO,Rosario,Asfalto,No existe,II,S/D,Urbana,Ninguna,Funciona,Recta,Bueno,Buena,Nocturna,Buen Tiempo,S/D,S/D,Colisión,S/D,Vertical,Ninguna,Sin restricción,"-32.96718, -60.6463","['27 de Febrero', 'Entre Ríos']",2,,-32.96718,-60.6463,55.0,538.0,Municipio Rosario,Municipio,Rosario,820210,Servicio de Catastro e Información Territorial,IGN
2019,45,2019-01-12,Sabado,,13:00:00,,0.0,1,Moto/Ciclomotor,Cochabamba Y J.M.de Rosas,1,1,0,0,0,0,0,"-32.95966, -60.63427",Calle,,ROSARIO,Rosario,Asfalto,No existe,II,S/D,Urbana,Ninguna,Funciona,Recta,Bueno,Buena,Diurna,Buen Tiempo,S/D,S/D,Caída ocupante,S/D,Vertical,Ninguna,Sin restricción,"-32.95966, -60.63427","['Cochabamba', 'De Rosas']",2,,-32.95966,-60.63427,55.0,538.0,Municipio Rosario,Municipio,Rosario,820210,Servicio de Catastro e Información Territorial,IGN
2019,46,2019-01-14,Lunes,,19:35:00,,0.0,2,"Automóvil,Bicicleta",Balcarce 72,2,1,0,0,1,0,0,"-32.93391, -60.64939",Calle,,ROSARIO,Rosario,Asfalto,No existe,II,S/D,Urbana,Señal Pare,No existe,Recta,Bueno,Buena,Diurna,Buen Tiempo,S/D,Ciclista,Atropello,Ninguna,Faltante,S/D,Sin restricción,"-32.93391, -60.64939",['Balcarce 72'],1,,-32.93391,-60.64939,55.0,538.0,Municipio Rosario,Municipio,Rosario,820210,Servicio de Catastro e Información Territorial,IGN
2019,47,2019-01-08,Martes,,06:30:00,,0.0,2,"Moto/Ciclomotor,Automóvil",Brown Y Alvear,2,1,0,0,1,0,0,"-32.93416, -60.65227",Calle,,ROSARIO,Rosario,Asfalto,No existe,II,S/D,Urbana,Señal Pare,No existe,Intersección,Bueno,Buena,"Amanecer,Con luz artificial",Buen Tiempo,Lateral,S/D,Colisión,Ninguna,Vertical,Ninguna,Sin restricción,"-32.93416, -60.65227","['Brown', 'Alvear']",2,,-32.93416,-60.65227,55.0,538.0,Municipio Rosario,Municipio,Rosario,820210,Servicio de Catastro e Información Territorial,IGN
2019,48,2019-01-10,Jueves,,19:00:00,,0.0,2,"Moto/Ciclomotor,Peatón",San Lorenzo Y Bv. Avellaneda,2,1,0,0,1,0,0,"-32.93682,-60.67845",Calle,,ROSARIO,Rosario,Asfalto,No existe,II,S/D,Urbana,Ninguna,Funciona,Recta,Bueno,Buena,Atardecer,Buen Tiempo,S/D,Peatón,Atropello,S/D,Vertical,Ninguna,Sin restricción,"-32.93682,-60.67845","['San Lorenzo', 'Avellaneda']",2,,-32.93682,-60.67845,55.0,538.0,Municipio Rosario,Municipio,Rosario,820210,Servicio de Catastro e Información Territorial,IGN
2019,49,2019-01-12,Sabado,,17:10:00,,0.0,2,"Moto/Ciclomotor,Automóvil",Suipacha Y Galvez,2,0,1,0,1,0,0,"-32.96410,-60.66979",Calle,,ROSARIO,Rosario,Asfalto,No existe,II,S/D,Urbana,Ninguna,Funciona,Recta,Bueno,Buena,Diurna,Buen Tiempo,S/D,S/D,Colisión,S/D,Vertical,Ninguna,Sin restricción,"-32.96410,-60.66979","['Suipacha', 'Galvez']",2,,-32.9641,-60.66979,55.0,538.0,Municipio Rosario,Municipio,Rosario,820210,Servicio de Catastro e Información Territorial,IGN
2019,50,2019-01-12,Sabado,,12:30:00,,0.0,2,"Automóvil,Moto/Ciclomotor",Galvez Y Italia,3,2,0,0,1,0,0,"-32.96701,-60.65349",Calle,,ROSARIO,Rosario,Asfalto,No existe,II,S/D,Urbana,Ninguna,Funciona,Recta,Bueno,Buena,Diurna,Buen Tiempo,Otro,S/D,Colisión,Ninguna,Vertical,Ninguna,Sin restricción,"-32.96701,-60.65349","['Galvez', 'Italia']",2,,-32.96701,-60.65349,55.0,538.0,Municipio Rosario,Municipio,Rosario,820210,Servicio de Catastro e Información Territorial,IGN
2019,51,2019-01-14,Lunes,,17:20:00,,0.0,2,"Automóvil,Pickup/Utilitario",Montevideo Y San Martin,2,1,0,0,1,0,0,"-32.95640,-60.63911",Calle,,ROSARIO,Rosario,Asfalto,No existe,II,Dentro,Urbana,Ninguna,Funciona,Recta,Bueno,Buena,Atardecer,Lluvia,Otro,S/D,Colisión,Ninguna,Vertical,Ninguna,Sin restricción,"-32.95640,-60.63911","['Montevideo', 'San Martin']",2,,-32.9564,-60.63911,55.0,538.0,Municipio Rosario,Municipio,Rosario,820210,Servicio de Catastro e Información Territorial,IGN
2019,52,2019-01-12,Sabado,,12:10:00,,0.0,2,"Pickup/Utilitario,Moto/Ciclomotor",Av. Corrientes Y Ituzaingo,2,1,0,0,1,0,0,"-32.95997,-60.64595",Calle,,ROSARIO,Rosario,Asfalto,No existe,II,Dentro,Urbana,Ninguna,Funciona,Recta,Bueno,Buena,Diurna,Buen Tiempo,Otro,S/D,Colisión,Ninguna,Vertical,Ninguna,Sin restricción,"-32.95997,-60.64595","['Corrientes', 'Ituzaingó']",2,,-32.95997,-60.64595,55.0,538.0,Municipio Rosario,Municipio,Rosario,820210,Servicio de Catastro e Información Territorial,IGN
2019,53,2019-01-08,Martes,,09:35:00,,0.0,2,"Camión Chasis,Moto/Ciclomotor",Av. Del Valle Y Ricchieri,3,1,0,0,2,0,0,"-32.93111, -60.66003",Calle,,ROSARIO,Rosario,Asfalto,No existe,II,Dentro,Urbana,Ninguna,Funciona,Recta,Bueno,Buena,Diurna,Buen Tiempo,Otro,S/D,Colisión,Ninguna,Vertical,Ninguna,Sin restricción,"-32.93111, -60.66003","['Del Valle', 'Ricchieri']",2,,-32.93111,-60.66003,55.0,538.0,Municipio Rosario,Municipio,Rosario,820210,Servicio de Catastro e Información Territorial,IGN
2019,54,2019-01-09,Miercoles,,11:15:00,,0.0,2,"Automóvil,Taxi/Remis",Sarmiento Y Ocampo,5,2,0,0,3,0,0,"-32.96645,-60.64320",Calle,,ROSARIO,Rosario,Asfalto,No existe,II,S/D,Urbana,Ninguna,Funciona,Recta,Bueno,Buena,Diurna,Buen Tiempo,Otro,S/D,Colisión,S/D,Vertical,Ninguna,Sin restricción,"-32.96645,-60.64320","['Sarmiento', 'Ocampo']",2,,-32.96645,-60.6432,55.0,538.0,Municipio Rosario,Municipio,Rosario,820210,Servicio de Catastro e Información Territorial,IGN
2019,56,2019-01-10,Jueves,,14:10:00,,0.0,2,"Automóvil,Peatón",Rioja Y Sarmiento,2,1,0,0,1,0,0,"-32.94765,-60.63851",Calle,,ROSARIO,Rosario,Asfalto,No existe,II,S/D,Urbana,Ninguna,No existe,Recta,Bueno,Buena,Diurna,Buen Tiempo,S/D,Peatón,Atropello,S/D,Vertical,Ninguna,Sin restricción,"-32.94765,-60.63851","['Rioja', 'Sarmiento']",2,,-32.94765,-60.63851,55.0,538.0,Municipio Rosario,Municipio,Rosario,820210,Servicio de Catastro e Información Territorial,IGN
2019,57,2019-01-10,Jueves,,03:15:00,,0.0,2,"Automóvil,Taxi/Remis",Bv. Oroño Y Tucuman,2,1,0,0,1,0,0,"-32.93910,-60.65202",Calle,,ROSARIO,Rosario,Asfalto,No existe,II,Dentro,Urbana,Ninguna,Funciona,Recta,Bueno,Buena,Nocturna,Buen Tiempo,Otro,S/D,Colisión,Ninguna,Vertical,Ninguna,Sin restricción,"-32.93910,-60.65202","['Bulevar Nicasio Oroño', 'Tucumán']",2,,-32.9391,-60.65202,55.0,538.0,Municipio Rosario,Municipio,Rosario,820210,Servicio de Catastro e Información Territorial,IGN
2019,61,2019-01-10,Jueves,,08:25:00,,0.0,2,"Automóvil,Automóvil",Entre Rios Y Ocampo,2,1,0,0,1,0,0,"-32.96597, -60.64599",Calle,,ROSARIO,Rosario,Asfalto,No existe,II,S/D,Urbana,Ninguna,Funciona,Recta,Bueno,Buena,Diurna,Buen Tiempo,S/D,S/D,Colisión,Ninguna,Vertical,Ninguna,Sin restricción,"-32.96597, -60.64599","['Entre Ríos', 'Ocampo']",2,,-32.96597,-60.64599,55.0,538.0,Municipio Rosario,Municipio,Rosario,820210,Servicio de Catastro e Información Territorial,IGN
2019,62,2019-01-15,Martes,,12:10:00,,0.0,2,"Moto/Ciclomotor,Pickup/Utilitario",Paraguay Y Cochabamba,2,1,0,0,1,0,0,"-32.95743,-60.64675",Calle,,ROSARIO,Rosario,Asfalto,No existe,II,S/D,Urbana,Señal Pare,Funciona,Recta,Bueno,Buena,Diurna,Buen Tiempo,S/D,S/D,Colisión,S/D,Vertical,Ninguna,Sin restricción,"-32.95743,-60.64675","['Paraguay', 'Cochabamba']",2,,-32.95743,-60.64675,55.0,538.0,Municipio Rosario,Municipio,Rosario,820210,Servicio de Catastro e Información Territorial,IGN
2019,63,2019-01-14,Lunes,,11:15:00,,0.0,2,"Transporte de Pasajeros Urbano (> 8 asientos),Taxi/Remis",Santa Fe Y Mariano Moreno,7,5,0,0,2,0,0,"-32.94284,-60.65024",Calle,,ROSARIO,Rosario,Asfalto,No existe,II,S/D,Urbana,Ninguna,Funciona,Recta,S/D,Buena,Diurna,Buen Tiempo,S/D,S/D,Colisión,S/D,Vertical,Ninguna,Sin restricción,"-32.94284,-60.65024","['Santa Fe', 'Mariano Moreno']",2,,-32.94284,-60.65024,55.0,538.0,Municipio Rosario,Municipio,Rosario,820210,Servicio de Catastro e Información Territorial,IGN
2019,64,2019-01-12,Sabado,,14:15:00,,0.0,2,"Moto/Ciclomotor,Pickup/Utilitario",Bv. Oroño Y Av. Pellegrini,4,2,0,0,2,0,0,"-32.95444,-60.65574",Calle,,ROSARIO,Rosario,Asfalto,No existe,II,S/D,Urbana,Ninguna,Funciona,Recta,Bueno,Buena,Diurna,Buen Tiempo,S/D,S/D,Colisión,S/D,Vertical,Ninguna,Sin restricción,"-32.95444,-60.65574","['Bulevar Nicasio Oroño', 'Pellegrini']",2,,-32.95444,-60.65574,55.0,538.0,Municipio Rosario,Municipio,Rosario,820210,Servicio de Catastro e Información Territorial,IGN
2019,65,2019-01-10,Jueves,,,,0.0,2,"Bicicleta,Automóvil", ,2,1,0,0,1,0,0,"-32.96303, -60.66941",Calle,,ROSARIO,Rosario,S/D,S/D,II,S/D,Urbana,S/D,S/D,S/D,S/D,S/D,Nocturna,S/D,S/D,Ciclista,Atropello,S/D,S/D,S/D,S/D,"-32.96303, -60.66941",[''],0,,-32.96303,-60.66941,55.0,538.0,Municipio Rosario,Municipio,Rosario,820210,Servicio de Catastro e Información Territorial,IGN
2019,68,2019-01-13,Domingo,,07:00:00,,0.0,2,"Automóvil,Taxi/Remis",Paraguay Y Rioja,4,1,0,0,3,0,0,"-32.94657,-60.64401",Calle,,ROSARIO,Rosario,Asfalto,No existe,II,Dentro,Urbana,Ninguna,Funciona,Recta,Bueno,Buena,Diurna,Buen Tiempo,Otro,S/D,Colisión,Ninguna,Vertical,Ninguna,Sin restricción,"-32.94657,-60.64401","['Paraguay', 'Rioja']",2,,-32.94657,-60.64401,55.0,538.0,Municipio Rosario,Municipio,Rosario,820210,Servicio de Catastro e Información Territorial,IGN
2019,70,2019-01-10,Jueves,,13:45:00,,0.0,2,"Taxi/Remis,Moto/Ciclomotor",Entre Rios 2000,2,1,0,0,1,0,0,"-32.96022,-60.64455",Calle,,ROSARIO,Rosario,Asfalto,No existe,II,S/D,Urbana,Ninguna,Funciona,Recta,Bueno,Buena,Diurna,Buen Tiempo,S/D,S/D,Colisión,S/D,Vertical,Ninguna,Sin restricción,"-32.96022,-60.64455",['Entre Rios 2000'],1,,-32.96022,-60.64455,55.0,538.0,Municipio Rosario,Municipio,Rosario,820210,Servicio de Catastro e Información Territorial,IGN
2019,72,2019-01-09,Miercoles,,09:20:00,,0.0,2,"Pickup/Utilitario,Moto/Ciclomotor",Av. Francia Y Salta,2,0,1,0,1,0,0,"-32.93456,-60.66365",Calle,,ROSARIO,Rosario,Asfalto,No existe,II,S/D,Urbana,Ninguna,S/D,Recta,Bueno,Buena,Diurna,Buen Tiempo,S/D,S/D,Colisión,S/D,S/D,Ninguna,Sin restricción,"-32.93456,-60.66365","['Avenida Francia', 'Salta']",2,,-32.93456,-60.66365,55.0,538.0,Municipio Rosario,Municipio,Rosario,820210,Servicio de Catastro e Información Territorial,IGN
2019,74,2019-01-09,Miercoles,,06:30:00,,0.0,2,"Peatón,Moto/Ciclomotor",J.M.de Rosas Y Palliere,2,0,1,0,0,0,1,"-32.88745, -60.71556",Calle,,ROSARIO,Rosario,Asfalto,S/D,II,S/D,Urbana,S/D,S/D,Recta,Deteriorada,S/D,S/D,S/D,S/D,Peatón,Atropello,S/D,S/D,S/D,S/D,"-32.88745, -60.71556","['De Rosas', 'Palliere']",2,,-32.88745,-60.71556,55.0,538.0,Municipio Rosario,Municipio,Rosario,820210,Servicio de Catastro e Información Territorial,IGN
2019,75,2019-01-08,Martes,,18:30:00,,0.0,2,"Automóvil,Moto/Ciclomotor",AV. CASIANO CASAS Y PJE 1393,2,1,0,0,1,0,0,"-32.90171, -60.70898",Calle,,ROSARIO,Rosario,Asfalto,S/D,II,S/D,Urbana,S/D,S/D,Curva,Con baches,S/D,S/D,S/D,S/D,S/D,Colisión,S/D,S/D,S/D,S/D,"-32.90171, -60.70898","['Avenida Casiano Casas', 'Pasaje 1393']",2,,-32.90171,-60.70898,55.0,538.0,Municipio Rosario,Municipio,Rosario,820210,Servicio de Catastro e Información Territorial,IGN
2019,77,2019-01-11,Viernes,,17:30:00,,0.0,2,"Automóvil,Moto/Ciclomotor",Mariano Moreno Y Cazadores,4,3,0,0,1,0,0,"-33.00441,-60.66188",Calle,,ROSARIO,Rosario,Asfalto,No existe,II,S/D,Urbana,S/D,No existe,Intersección,S/D,S/D,Diurna,S/D,S/D,S/D,Colisión,S/D,S/D,S/D,S/D,"-33.00441,-60.66188","['Mariano Moreno', 'Cazadores']",2,,-33.00441,-60.66188,55.0,538.0,Municipio Rosario,Municipio,Rosario,820210,Servicio de Catastro e Información Territorial,IGN
2019,79,2019-01-13,Domingo,,17:40:00,,0.0,2,"Moto/Ciclomotor,Automóvil",1 de Mayo Y Ayolas,3,2,0,0,1,0,0,"-32.97831, -60.63735",Calle,,ROSARIO,Rosario,Asfalto,No existe,II,Dentro,Urbana,Ninguna,No existe,Intersección,Bueno,Buena,Diurna,Buen Tiempo,Lateral,S/D,Colisión,Ninguna,Faltante,"Ninguna,S/D",Sin restricción,"-32.97831, -60.63735","['Primero de Mayo', 'Ayolas']",2,,-32.97831,-60.63735,55.0,538.0,Municipio Rosario,Municipio,Rosario,820210,Servicio de Catastro e Información Territorial,IGN
2019,81,2019-01-11,Viernes,,08:30:00,,0.0,2,"Peatón,Automóvil",Bv. Oroño Y Bv. Segui,2,1,0,0,1,0,0,"-32.97629, -60.66146",Calle,,ROSARIO,Rosario,Asfalto,No existe,II,S/D,Urbana,Semáforo,Funciona,Intersección,Bueno,Buena,Diurna,Buen Tiempo,S/D,Peatón,Atropello,Ninguna,Vertical,Ninguna,Sin restricción,"-32.97629, -60.66146","['Bulevar Nicasio Oroño', 'Bulevar Juan Francisco Seguí']",2,,-32.97629,-60.66146,55.0,538.0,Municipio Rosario,Municipio,Rosario,820210,Servicio de Catastro e Información Territorial,IGN
2019,82,2019-01-10,Jueves,,13:00:00,,0.0,2,"Moto/Ciclomotor,Automóvil",Bv. Segui Y Dorrego,2,1,0,0,1,0,0,"-32.9772, -60.65746",Calle,,ROSARIO,Rosario,Asfalto,No existe,II,Dentro,Urbana,Ninguna,No existe,Intersección,Bueno,Buena,Diurna,Buen Tiempo,Lateral,S/D,Colisión,Ninguna,Faltante,Ninguna,Sin restricción,"-32.9772, -60.65746","['Bulevar Juan Francisco Seguí', 'Dorrego']",2,,-32.9772,-60.65746,55.0,538.0,Municipio Rosario,Municipio,Rosario,820210,Servicio de Catastro e Información Territorial,IGN
2019,87,2019-01-10,Jueves,,10:00:00,,0.0,2,"Taxi/Remis,Automóvil",Bv. Segui Y Mitre,2,1,0,0,1,0,0,"-32.97874, -60.64776",Calle,,ROSARIO,Rosario,Asfalto,No existe,II,S/D,Urbana,Ninguna,No existe,Intersección,Bueno,Buena,Diurna,Buen Tiempo,De alcance,S/D,Colisión,Ninguna,Faltante,Ninguna,Sin restricción,"-32.97874, -60.64776","['Bulevar Juan Francisco Seguí', 'Mitre']",2,,-32.97874,-60.64776,55.0,538.0,Municipio Rosario,Municipio,Rosario,820210,Servicio de Catastro e Información Territorial,IGN
2019,88,2019-01-08,Martes,,15:00:00,,0.0,2,"Automóvil,Automóvil",Mr.Ross Y Laprida,4,2,0,0,2,0,0,"-32.98898, -60.64476",Calle,,ROSARIO,Rosario,Asfalto,No existe,II,S/D,Urbana,Ninguna,No existe,Intersección,Bueno,Buena,Diurna,Buen Tiempo,Lateral,S/D,Colisión,Ninguna,Vertical,Ninguna,Sin restricción,"-32.98898, -60.64476","['Rodrigo M. Ross', 'Laprida']",2,,-32.98898,-60.64476,55.0,538.0,Municipio Rosario,Municipio,Rosario,820210,Servicio de Catastro e Información Territorial,IGN