anio_acci,nro_acci,fecha,desc_dia,fecha_aprox,hora_aprox,desc_ruta,km,cant_participantes,desc_participante,calle_avenida_km,total,heridos_leves,heridos_graves,heridos_gravisimos,ilesos,fallecidos,sin_datos,posicion_XY,desc_tipo_via,desc_ruta_ori,desc_loc,desc_dpto,desc_tipo_calzada,desc_tipo_banquina,desc_unidad_regional,desc_lugar_calzada,desc_zona,desc_prioridad,desc_estado_semaforo,desc_lugar_via,desc_estado_via,desc_estado_visibilidad,desc_luminosidad,desc_estado_clima,desc_tipo_colision,desc_tipo_atropello,desc_tipo_hecho,desc_pres_calzada,desc_senializacion,desc_separacion_via,desc_restriccion,forma_geocod,calle_lista,numero_calles,calles_osm,lat,lon,index_right,gid,fna,gna,nam,in1,fdc,sag
2019,89,2019-01-08,Martes,,14:50:00,,0.0,2,"Moto/Ciclomotor,Taxi/Remis",Bv. Segui Y Buenos Aires,3,2,0,0,1,0,0,"-32.98019, -60.64091",Calle,,ROSARIO,Rosario,Asfalto,No existe,II,Dentro,Urbana,Ninguna,No existe,Intersección,Bueno,Buena,Diurna,Buen Tiempo,Lateral,S/D,Colisión,Ninguna,Vertical,Ninguna,Sin restricción,"-32.98019, -60.64091","['Bulevar Juan Francisco Seguí', 'Buenos Aires']",2,,-32.98019,-60.64091,55.0,538.0,Municipio Rosario,Municipio,Rosario,820210,Servicio de Catastro e Información Territorial,IGN
2019,90,2019-01-13,Domingo,,08:00:00,,0.0,2,"Moto/Ciclomotor,Automóvil",España Y Centeno,3,2,0,0,1,0,0,"-32.98335, -60.65617",Calle,,ROSARIO,Rosario,Asfalto,No existe,II,Dentro,Urbana,Ninguna,No existe,Intersección,Bueno,Buena,Diurna,Buen Tiempo,Lateral,S/D,Colisión,Ninguna,Faltante,Ninguna,Sin restricción,"-32.98335, -60.65617","['España', 'Centeno']",2,,-32.98335,-60.65617,55.0,538.0,Municipio Rosario,Municipio,Rosario,820210,Servicio de Catastro e Información Territorial,IGN
2019,92,2019-01-12,Sabado,,20:00:00,,0.0,2,"Bicicleta,Automóvil",Lamadrid ,2,1,0,0,1,0,0,"-32.99665, -60.63409",Calle,,ROSARIO,Rosario,Asfalto,No existe,II,Dentro,Urbana,Ninguna,No existe,Recta,Bueno,Buena,Nocturna,Buen Tiempo,S/D,Ciclista,"Caída ocupante,Atropello",Ninguna,Faltante,Ninguna,Sin restricción,"-32.99665, -60.63409",['Lamadrid'],1,,-32.99665,-60.63409,55.0,538.0,Municipio Rosario,Municipio,Rosario,820210,Servicio de Catastro e Información Territorial,IGN
2019,93,2019-01-11,Viernes,,20:35:00,,0.0,2,"Moto/Ciclomotor,Automóvil",Entre Rios Y Milan,3,1,0,0,2,0,0,"-32.99007, -60.65204",Calle,,ROSARIO,Rosario,Asfalto,No existe,II,Dentro,Urbana,Ninguna,No existe,Intersección,Bueno,Buena,Nocturna,Buen Tiempo,Lateral,S/D,Colisión,Ninguna,Faltante,Ninguna,Sin restricción,"-32.99007, -60.65204","['Entre Ríos', 'Milán']",2,,-32.99007,-60.65204,55.0,538.0,Municipio Rosario,Municipio,Rosario,820210,Servicio de Catastro e Información Territorial,IGN
2019,94,2019-01-09,Miercoles,,18:00:00,,0.0,2,"Moto/Ciclomotor,Automóvil",San Martin Y Ceibo,2,1,0,0,1,0,0,"-33.01339, -60.65163",Calle,,ROSARIO,Rosario,Asfalto,No existe,II,S/D,Urbana,Ninguna,No existe,Intersección,Bueno,Buena,Diurna,Buen Tiempo,Lateral,S/D,Colisión,Ninguna,Faltante,Ninguna,Sin restricción,"-33.01339, -60.65163","['San Martin', 'Ceibo']",2,,-33.01339,-60.65163,55.0,538.0,Municipio Rosario,Municipio,Rosario,820210,Servicio de Catastro e Información Territorial,IGN
2019,96,2019-01-15,Martes,,11:30:00,,0.0,2,"Bicicleta,Moto/Ciclomotor",España Y Ameghino,2,1,0,0,1,0,0,"-32.98563, -60.65673",Calle,,ROSARIO,Rosario,Asfalto,No existe,II,S/D,Urbana,Ninguna,No existe,Recta,Bueno,Buena,Diurna,Buen Tiempo,S/D,Ciclista,Atropello,Ninguna,Horizontal,Ninguna,Sin restricción,"-32.98563, -60.65673","['España', 'Ameghino']",2,,-32.98563,-60.65673,55.0,538.0,Municipio Rosario,Municipio,Rosario,820210,Servicio de Catastro e Información Territorial,IGN
2019,97,2019-01-14,Lunes,,14:15:00,,0.0,2,"Moto/Ciclomotor,Automóvil",Ruben Dario Y Bahia Blanca Bis,3,0,1,0,2,0,0,"-32.921754245388, -60.688878974843",Calle,,ROSARIO,Rosario,Asfalto,No existe,II,Dentro,Urbana,Ninguna,No existe,Recta,Bueno,Buena,Diurna,Buen Tiempo,S/D,S/D,Colisión,Ninguna,Faltante,Ninguna,Sin restricción,"-32.921754245388, -60.688878974843","['Ruben Dario', 'Bahía Blanca']",2,,-32.921754245388,-60.688878974843,55.0,538.0,Municipio Rosario,Municipio,Rosario,820210,Servicio de Catastro e Información Territorial,IGN
2019,99,2019-01-08,Martes,,10:20:00,,0.0,2,"Bicicleta,Automóvil",Pedro Tuella Bis Y Bv. Avellaneda,2,1,0,0,1,0,0,"-32.91535,-60.67306",Calle,,ROSARIO,Rosario,Asfalto,Pavimento,II,S/D,Urbana,Semáforo,Funciona,Intersección,Bueno,Buena,Nocturna,Buen Tiempo,S/D,Ciclista,Atropello,Ninguna,"Horizontal,Vertical",Ninguna,Sin restricción,"-32.91535,-60.67306","['Tuella', 'Avellaneda']",2,,-32.91535,-60.67306,55.0,538.0,Municipio Rosario,Municipio,Rosario,820210,Servicio de Catastro e Información Territorial,IGN
2019,101,2019-01-14,Lunes,,06:30:00,,0.0,2,"Automóvil,Automóvil",Superi Y Agrelo,2,1,0,0,1,0,0,"-32.893935163911,-60.691081183007",Calle,,ROSARIO,Rosario,Asfalto,Natural,II,S/D,Urbana,Ninguna,No existe,Recta,Bueno,Buena,Diurna,Buen Tiempo,Otro,S/D,Colisión,Ninguna,S/D,Ninguna,Sin restricción,"-32.893935163911,-60.691081183007","['Superi', 'Agrela']",2,,-32.893935163911,-60.691081183007,55.0,538.0,Municipio Rosario,Municipio,Rosario,820210,Servicio de Catastro e Información Territorial,IGN
2019,102,2019-01-12,Sabado,,,,0.0,2,"Moto/Ciclomotor,Automóvil",Alvarez Condarco Y La Republica,2,0,1,0,1,0,0,"-32.91970,-60.75547",Calle,,ROSARIO,Rosario,Asfalto,No existe,II,Dentro,Urbana,Ninguna,No existe,Intersección,Bueno,Buena,Diurna,Buen Tiempo,S/D,S/D,Colisión,Ninguna,S/D,Ninguna,Sin restricción,"-32.91970,-60.75547","['Álvarez Condarco', 'La República']",2,,-32.9197,-60.75547,55.0,538.0,Municipio Rosario,Municipio,Rosario,820210,Servicio de Catastro e Información Territorial,IGN
2019,103,2019-01-12,Sabado,,03:15:00,,0.0,2,"Automóvil,Moto/Ciclomotor",Av. Eva Peron Y Donado,4,1,1,0,2,0,0,"-32.93044,-60.72737",Calle,,ROSARIO,Rosario,Asfalto,S/D,II,S/D,Urbana,Ninguna,Funciona,Intersección,Bueno,Buena,Nocturna,Buen Tiempo,S/D,S/D,Colisión,Ninguna,S/D,Ninguna,Sin restricción,"-32.93044,-60.72737","['Avenida Eva Perón', 'Donado']",2,,-32.93044,-60.72737,55.0,538.0,Municipio Rosario,Municipio,Rosario,820210,Servicio de Catastro e Información Territorial,IGN
2019,105,2019-01-15,Martes,,22:40:00,,0.0,2,"Automóvil,Moto/Ciclomotor",Agrelo Y Baigorria,3,2,0,0,1,0,0,"-32.89127, -60.69192",Calle,,ROSARIO,Rosario,Asfalto,S/D,II,S/D,Urbana,S/D,S/D,Intersección,Bueno,Buena,Nocturna,S/D,S/D,S/D,S/D,Ninguna,S/D,S/D,S/D,"-32.89127, -60.69192","['Agrela', 'Baigorria']",2,,-32.89127,-60.69192,55.0,538.0,Municipio Rosario,Municipio,Rosario,820210,Servicio de Catastro e Información Territorial,IGN
2019,110,2019-01-12,Sabado,,15:00:00,,0.0,2,"Moto/Ciclomotor,Moto/Ciclomotor",Italia Y Hilarion de la Quintana,2,2,0,0,0,0,0,"-33.00134,-60.65919",Calle,,ROSARIO,Rosario,Asfalto,S/D,II,S/D,Urbana,S/D,S/D,Intersección,S/D,S/D,Diurna,S/D,S/D,S/D,Colisión,S/D,S/D,S/D,S/D,"-33.00134,-60.65919","['Italia', 'Hilarión de la Quintana']",2,,-33.00134,-60.65919,55.0,538.0,Municipio Rosario,Municipio,Rosario,820210,Servicio de Catastro e Información Territorial,IGN
2019,111,2019-01-11,Viernes,,17:30:00,,0.0,2,"Bicicleta,Automóvil",Av. Luis Carballo Y Francia F,2,1,0,0,0,0,1,"-32.92541,-60.66159",Calle,,ROSARIO,Rosario,Asfalto,No existe,II,S/D,Urbana,Semáforo,Funciona,Recta,Bueno,Buena,Diurna,Buen Tiempo,S/D,Ciclista,Atropello,Ninguna,Horizontal,Ninguna,Sin restricción,"-32.92541,-60.66159","['Avenida Doctor Luis Cándido Carballo', 'Avenida Francia']",2,,-32.92541,-60.66159,55.0,538.0,Municipio Rosario,Municipio,Rosario,820210,Servicio de Catastro e Información Territorial,IGN
2019,112,2019-01-11,Viernes,,18:25:00,,0.0,2,"Automóvil,Automóvil",FRANCIA Y AV. ING. GUALBERTO VENESIA,2,1,0,0,1,0,0,"-32.92828, -60.66227",Calle,,ROSARIO,Rosario,Asfalto,No existe,II,S/D,Urbana,Semáforo,Funciona,Recta,S/D,Buena,Diurna,Buen Tiempo,S/D,Peatón,Atropello,Ninguna,Vertical,Ninguna,Accidente Previo,"-32.92828, -60.66227","['Avenida Francia', 'Gualberto Venesia']",2,,-32.92828,-60.66227,55.0,538.0,Municipio Rosario,Municipio,Rosario,820210,Servicio de Catastro e Información Territorial,IGN
2019,113,2019-01-12,Sabado,,18:30:00,,0.0,2,"Bicicleta,Automóvil",Av. Luis Carballo Y Francia F,2,1,0,0,1,0,0,"-32.92541,-60.66159",Calle,,ROSARIO,Rosario,S/D,No existe,II,S/D,Urbana,Semáforo,Funciona,Recta,S/D,Buena,Diurna,Buen Tiempo,Otro,Ciclista,Atropello,Ninguna,Vertical,Ninguna,Sin restricción,"-32.92541,-60.66159","['Avenida Doctor Luis Cándido Carballo', 'Avenida Francia']",2,,-32.92541,-60.66159,55.0,538.0,Municipio Rosario,Municipio,Rosario,820210,Servicio de Catastro e Información Territorial,IGN
2019,114,2019-01-12,Sabado,,20:00:00,,0.0,2,"Taxi/Remis,Automóvil",Castellanos Y Dr.Rivas,5,1,0,0,3,0,1,"-32.97708, -60.68445",Calle,,ROSARIO,Rosario,Asfalto,No existe,II,Dentro,Urbana,S/D,S/D,Intersección,S/D,S/D,Atardecer,S/D,S/D,S/D,Colisión,S/D,S/D,S/D,S/D,"-32.97708, -60.68445","['Aaron Castellanos', 'Doctor Francisco Riva']",2,,-32.97708,-60.68445,55.0,538.0,Municipio Rosario,Municipio,Rosario,820210,Servicio de Catastro e Información Territorial,IGN
2019,115,2019-01-07,Lunes,,13:40:00,,0.0,2,"Moto/Ciclomotor,Automóvil",Amenabar Y Rodriguez,2,1,0,0,1,0,0,"-32.96852, -60.66523",Calle,,ROSARIO,Rosario,Asfalto,No existe,II,S/D,Urbana,S/D,S/D,Intersección,S/D,S/D,Diurna,S/D,S/D,S/D,Colisión,S/D,S/D,S/D,S/D,"-32.96852, -60.66523","['Amenabar', 'Rodríguez']",2,,-32.96852,-60.66523,55.0,538.0,Municipio Rosario,Municipio,Rosario,820210,Servicio de Catastro e Información Territorial,IGN
2019,116,2019-01-10,Jueves,,17:00:00,,0.0,2,"Moto/Ciclomotor,Pickup/Utilitario",Italia Y Av. Ntra.Sra.del Rosario,4,3,0,0,1,0,0,"-33.00039, -60.65923",Avenida,,ROSARIO,Rosario,Asfalto,No existe,II,Dentro,Urbana,S/D,S/D,Intersección,S/D,S/D,Diurna,S/D,S/D,S/D,Colisión,S/D,S/D,S/D,S/D,"-33.00039, -60.65923","['Italia', 'Nuestra Señora del Rosario']",2,,-33.00039,-60.65923,55.0,538.0,Municipio Rosario,Municipio,Rosario,820210,Servicio de Catastro e Información Territorial,IGN
2019,131,2019-01-13,Domingo,,21:00:00,,0.0,2,"Moto/Ciclomotor,Moto/Ciclomotor",Av. Genova Y Mariano Cabal Bis,2,1,0,0,0,0,1,"-32.91576, -60.70275",Avenida,,ROSARIO,Rosario,Asfalto,No existe,II,Dentro,Urbana,Ninguna,No existe,Intersección,Bueno,Buena,Con luz artificial,S/D,Otro,S/D,Colisión,Ninguna,Faltante,Ninguna,Sin restricción,"-32.91576, -60.70275","['Genova', 'Mariano Cabal']",2,,-32.91576,-60.70275,55.0,538.0,Municipio Rosario,Municipio,Rosario,820210,Servicio de Catastro e Información Territorial,IGN
2019,132,2019-01-09,Miercoles,,13:45:00,,0.0,2,"Moto/Ciclomotor,Pickup/Utilitario",Ecuador Y J.J.Paso,2,1,0,0,1,0,0,"-32.92045, -60.71586",Avenida,,ROSARIO,Rosario,Asfalto,No existe,II,Dentro,Urbana,Ninguna,No existe,Intersección,Bueno,Buena,Diurna,Buen Tiempo,Otro,S/D,Colisión,Ninguna,Faltante,Ninguna,Sin restricción,"-32.92045, -60.71586","['Ecuador', 'Paso']",2,,-32.92045,-60.71586,55.0,538.0,Municipio Rosario,Municipio,Rosario,820210,Servicio de Catastro e Información Territorial,IGN
2019,133,2019-01-08,Martes,,13:00:00,,0.0,2,"Moto/Ciclomotor,Automóvil",Av. Provincias Unidas Y Av. Sorrento,2,1,0,0,1,0,0,"-32.90803, -60.71426",Avenida,,ROSARIO,Rosario,Asfalto,Natural,II,Dentro,Urbana,Ninguna,No existe,Rotonda,Bueno,Buena,Diurna,Buen Tiempo,S/D,S/D,Colisión,Ninguna,Faltante,Ninguna,Sin restricción,"-32.90803, -60.71426","['Avenida Provincias Unidas', 'Sorrento']",2,,-32.90803,-60.71426,55.0,538.0,Municipio Rosario,Municipio,Rosario,820210,Servicio de Catastro e Información Territorial,IGN
2019,134,2019-01-13,Domingo,,16:50:00,,0.0,2,"Automóvil,Moto/Ciclomotor",Gorriti Y Solis,6,2,0,0,4,0,0,"-32.9241, -60.70403",Calle,,ROSARIO,Rosario,Asfalto,Pavimento,II,Dentro,Urbana,Ninguna,S/D,Intersección,Bueno,Buena,Atardecer,Buen Tiempo,Otro,S/D,Colisión,Ninguna,Faltante,Ninguna,Sin restricción,"-32.9241, -60.70403","['Gorriti', 'Solis']",2,,-32.9241,-60.70403,55.0,538.0,Municipio Rosario,Municipio,Rosario,820210,Servicio de Catastro e Información Territorial,IGN
2019,135,2019-01-10,Jueves,,21:20:00,,0.0,2,"Moto/Ciclomotor,Automóvil",F.M.Esquiu 5400,3,1,0,0,2,0,0,"-32.92270,-60.69793",Calle,,ROSARIO,Rosario,Asfalto,Natural,II,Dentro,Urbana,Ninguna,Intermitente,Recta,Bueno,Buena,Nocturna,Buen Tiempo,Lateral,S/D,Colisión,Ninguna,Faltante,Ninguna,Accidente Previo,"-32.92270,-60.69793",['F M Esquiu 5400'],1,,-32.9227,-60.69793,55.0,538.0,Municipio Rosario,Municipio,Rosario,820210,Servicio de Catastro e Información Territorial,IGN
2019,136,2019-01-14,Lunes,,,,0.0,2,"Automóvil,Automóvil",Junin Y Matienzo,2,2,0,0,0,0,0,"-32.92715, -60.69518",Calle,,ROSARIO,Rosario,Asfalto,Pavimento,II,Dentro,Urbana,Ninguna,Funciona,Intersección,Bueno,Buena,Diurna,Buen Tiempo,Otro,S/D,Colisión,Ninguna,Faltante,Ninguna,Sin restricción,"-32.92715, -60.69518","['Junín', 'Matienzo']",2,,-32.92715,-60.69518,55.0,538.0,Municipio Rosario,Municipio,Rosario,820210,Servicio de Catastro e Información Territorial,IGN
2019,146,2019-01-16,Miercoles,,10:30:00,,0.0,2,"Automóvil,Automóvil",Ocampo Y España,2,1,0,0,1,0,0,"-32.9649, -60.65164",Calle,,ROSARIO,Rosario,Asfalto,No existe,II,Dentro,Urbana,Ninguna,No existe,Intersección,Bueno,Buena,Diurna,Buen Tiempo,Lateral,S/D,Colisión,S/D,Faltante,Ninguna,Sin restricción,"-32.9649, -60.65164","['Ocampo', 'España']",2,,-32.9649,-60.65164,55.0,538.0,Municipio Rosario,Municipio,Rosario,820210,Servicio de Catastro e Información Territorial,IGN
2019,147,2019-01-16,Miercoles,,15:33:00,,0.0,2,"Moto/Ciclomotor,Automóvil",3 De Febrero Y Bv. Avellaneda,2,1,0,0,1,0,0,"-32.94545, -60.68066",Calle,,ROSARIO,Rosario,Asfalto,No existe,II,S/D,Urbana,S/D,Funciona,Recta,Bueno,Buena,Diurna,Buen Tiempo,Otro,S/D,Colisión,Ninguna,Vertical,Ninguna,Sin restricción,"-32.94545, -60.68066","['3 de Febrero', 'Avellaneda']",2,,-32.94545,-60.68066,55.0,538.0,Municipio Rosario,Municipio,Rosario,820210,Servicio de Catastro e Información Territorial,IGN
2019,148,2019-01-16,Miercoles,,09:15:00,,0.0,2,"Pickup/Utilitario,Moto/Ciclomotor",Av. Uriburu Y Pje. Bolonia,2,1,0,0,1,0,0,"-32.99126, -60.66884",Avenida,,ROSARIO,Rosario,Asfalto,S/D,II,Dentro,Urbana,S/D,S/D,Intersección,S/D,S/D,Diurna,S/D,S/D,S/D,Colisión,S/D,S/D,Cordón divisorio,S/D,"-32.99126, -60.66884","['Uriburu', 'Bolonia']",2,,-32.99126,-60.66884,55.0,538.0,Municipio Rosario,Municipio,Rosario,820210,Servicio de Catastro e Información Territorial,IGN
2019,151,2019-01-16,Miercoles,,11:25:00,,0.0,2,"Moto/Ciclomotor,Automóvil",Bv. Rondeau Y Tierra del Fuego,2,0,1,0,1,0,0,"-32.87865, -60.69727",Calle,,ROSARIO,Rosario,Asfalto,S/D,II,S/D,Urbana,S/D,S/D,Recta,S/D,S/D,S/D,S/D,S/D,S/D,Colisión,S/D,S/D,S/D,S/D,"-32.87865, -60.69727","['Rondeau', 'Tierra del Fuego']",2,,-32.87865,-60.69727,55.0,538.0,Municipio Rosario,Municipio,Rosario,820210,Servicio de Catastro e Información Territorial,IGN
2019,161,2019-01-11,Viernes,,16:00:00,,0.0,2,"Automóvil,Automóvil", ,3,2,0,0,1,0,0,"-32.96486, -60.70121",Calle,,ROSARIO,Rosario,Asfalto,No existe,II,Dentro,Urbana,Ninguna,No existe,Recta,Bueno,Buena,Atardecer,Buen Tiempo,Lateral,S/D,Colisión,Ninguna,Faltante,Ninguna,Sin restricción,"-32.96486, -60.70121",[''],0,,-32.96486,-60.70121,55.0,538.0,Municipio Rosario,Municipio,Rosario,820210,Servicio de Catastro e Información Territorial,IGN
2019,162,2019-01-11,Viernes,,11:50:00,,0.0,2,"Automóvil,Peatón",Bv. 27 De Febrero Y Larrea,2,1,0,0,1,0,0,"-32.95891, -60.69653",Calle,,ROSARIO,Rosario,Asfalto,Pavimento,II,Dentro,Urbana,Ninguna,No existe,Recta,Bueno,Buena,Diurna,Buen Tiempo,S/D,Peatón,Atropello,Ninguna,Vertical,Cordón divisorio,Sin restricción,"-32.95891, -60.69653","['27 de Febrero', 'Larrea']",2,,-32.95891,-60.69653,55.0,538.0,Municipio Rosario,Municipio,Rosario,820210,Servicio de Catastro e Información Territorial,IGN
2019,163,2019-01-11,Viernes,,07:45:00,,0.0,2,"Automóvil,Moto/Ciclomotor",Av. Uriburu Y Bv. Avellaneda,2,1,0,0,1,0,0,"-32.992, -60.68889",Avenida,,ROSARIO,Rosario,Asfalto,Pavimento,II,Dentro,Urbana,Semáforo,Funciona,Recta,Bueno,Buena,Diurna,Buen Tiempo,Lateral,S/D,Colisión,Ninguna,Vertical,Cordón divisorio,Sin restricción,"-32.992, -60.68889","['Uriburu', 'Avellaneda']",2,,-32.992,-60.68889,55.0,538.0,Municipio Rosario,Municipio,Rosario,820210,Servicio de Catastro e Información Territorial,IGN
2019,164,2019-01-08,Martes,,22:00:00,,0.0,2,"Moto/Ciclomotor,Automóvil",Ocampo Y Barra,2,1,0,0,1,0,0,"-32.95789, -60.70612",Calle,,ROSARIO,Rosario,Asfalto,No existe,II,Dentro,Urbana,Ninguna,No existe,Intersección,Bueno,Buena,Con luz artificial,Buen Tiempo,Frontal,S/D,Colisión,Ninguna,Faltante,Ninguna,Sin restricción,"-32.95789, -60.70612","['Ocampo', 'Barra']",2,,-32.95789,-60.70612,55.0,538.0,Municipio Rosario,Municipio,Rosario,820210,Servicio de Catastro e Información Territorial,IGN
2019,183,2019-01-17,Jueves,,15:30:00,,0.0,2,"Bicicleta,Transporte de Pasajeros Urbano (> 8 asientos)",Mendoza Y Brasil A,2,1,0,0,1,0,0,"-32.94035, -60.71959",Avenida,,ROSARIO,Rosario,Asfalto,Pavimento,II,Dentro,Urbana,Semáforo,Funciona,Recta,Bueno,Buena,"Diurna,Con luz artificial",S/D,S/D,Ciclista,Atropello,S/D,Horizontal,Cordón divisorio,Sin restricción,"-32.94035, -60.71959","['Mendoza', 'Brasil']",2,,-32.94035,-60.71959,55.0,538.0,Municipio Rosario,Municipio,Rosario,820210,Servicio de Catastro e Información Territorial,IGN
2019,187,2019-01-17,Jueves,,10:00:00,,0.0,2,"Pickup/Utilitario,Moto/Ciclomotor",Rivarola 8250,2,0,1,0,1,0,0,"-32.96621, -60.73022",Calle,,ROSARIO,Rosario,Asfalto,No existe,II,Dentro,Urbana,Ninguna,No existe,Recta,Bueno,Buena,Diurna,Lluvia,Otro,S/D,Colisión,Ninguna,Faltante,Cordón divisorio,Sin restricción,"-32.96621, -60.73022",['Rivarola 8250'],1,,-32.96621,-60.73022,55.0,538.0,Municipio Rosario,Municipio,Rosario,820210,Servicio de Catastro e Información Territorial,IGN
2019,218,2019-01-18,Viernes,,16:30:00,,0.0,2,"Bicicleta,Pickup/Utilitario",Pte.Roca 1555,2,1,0,0,1,0,0,"-32.954381789481,-60.64743369794",Calle,,ROSARIO,Rosario,Asfalto,No existe,II,S/D,Urbana,S/D,Funciona,Recta,Bueno,Buena,Diurna,Buen Tiempo,S/D,Ciclista,Atropello,S/D,Vertical,Ninguna,Sin restricción,"-32.954381789481,-60.64743369794",['Presidenteroca 1555'],1,,-32.954381789481,-60.64743369794,55.0,538.0,Municipio Rosario,Municipio,Rosario,820210,Servicio de Catastro e Información Territorial,IGN
2019,224,2019-01-18,Viernes,,17:20:00,,0.0,2,"Automóvil,Bicicleta",Pueyrredon Y San Juan,2,1,0,0,1,0,0,"-32.94669, -60.65835",Calle,,ROSARIO,Rosario,Asfalto,No existe,II,S/D,Urbana,S/D,Funciona,Recta,Bueno,S/D,Diurna,Buen Tiempo,S/D,Ciclista,Atropello,S/D,S/D,Ninguna,Sin restricción,"-32.94669, -60.65835","['Pueyrredón', 'San Juan']",2,,-32.94669,-60.65835,55.0,538.0,Municipio Rosario,Municipio,Rosario,820210,Servicio de Catastro e Información Territorial,IGN
2019,227,2019-01-18,Viernes,,04:20:00,,0.0,2,"Taxi/Remis,Moto/Ciclomotor",San Juan Y España,3,0,0,1,2,0,0,"-32.94866, -60.64745",Calle,,ROSARIO,Rosario,Asfalto,No existe,II,S/D,Urbana,Ninguna,Funciona,Recta,Bueno,Buena,Nocturna,Buen Tiempo,S/D,S/D,Colisión,S/D,S/D,Ninguna,Sin restricción,"-32.94866, -60.64745","['San Juan', 'España']",2,,-32.94866,-60.64745,55.0,538.0,Municipio Rosario,Municipio,Rosario,820210,Servicio de Catastro e Información Territorial,IGN
2019,236,2019-01-18,Viernes,,10:00:00,,0.0,2,"Bicicleta,Automóvil",Rivarola Y Av. De Las Palmeras,2,1,0,0,1,0,0,"-32.96647, -60.73307",Calle,,ROSARIO,Rosario,Asfalto,Pavimento,II,Dentro,Urbana,Ninguna,No existe,Recta,Bueno,Buena,Diurna,Buen Tiempo,Otro,Ciclista,Atropello,Ninguna,Faltante,Ninguna,Sin restricción,"-32.96647, -60.73307","['Rivarola', 'Las Palmas']",2,,-32.96647,-60.73307,55.0,538.0,Municipio Rosario,Municipio,Rosario,820210,Servicio de Catastro e Información Territorial,IGN
2019,239,2019-01-18,Viernes,,16:20:00,,0.0,2,"Automóvil,Moto/Ciclomotor",Av. Provincias Unidas Y Rueda,4,2,0,0,2,0,0,"-32.96278, -60.71175",Avenida,,ROSARIO,Rosario,Asfalto,Pavimento,II,Dentro,Urbana,Ninguna,No existe,Recta,Bueno,Buena,Diurna,Buen Tiempo,Otro,S/D,Colisión,Ninguna,Faltante,Cordón divisorio,Sin restricción,"-32.96278, -60.71175","['Avenida Provincias Unidas', 'Rueda']",2,,-32.96278,-60.71175,55.0,538.0,Municipio Rosario,Municipio,Rosario,820210,Servicio de Catastro e Información Territorial,IGN
2019,242,2019-01-18,Viernes,,09:00:00,,0.0,2,"Moto/Ciclomotor,Automóvil",Mitre Y Av. Uriburu,2,1,0,0,1,0,0,"-32.99085, -60.65076",Calle,,ROSARIO,Rosario,Asfalto,No existe,II,Dentro,Urbana,Ninguna,No existe,Recta,Bueno,S/D,Diurna,Buen Tiempo,De alcance,S/D,Despiste,Ninguna,Horizontal,Ninguna,Sin restricción,"-32.99085, -60.65076","['Mitre', 'Uriburu']",2,,-32.99085,-60.65076,55.0,538.0,Municipio Rosario,Municipio,Rosario,820210,Servicio de Catastro e Información Territorial,IGN
2019,247,2019-01-18,Viernes,,17:35:00,,0.0,2,"Moto/Ciclomotor,Automóvil",Bv. Segui Y Laprida,3,1,0,0,2,0,0,"-32.97985, -60.64246",Avenida,,ROSARIO,Rosario,Asfalto,No existe,II,Dentro,Urbana,Ninguna,No existe,Intersección,Bueno,Buena,Diurna,Buen Tiempo,De alcance,S/D,Colisión,S/D,S/D,Ninguna,Sin restricción,"-32.97985, -60.64246","['Bulevar Juan Francisco Seguí', 'Laprida']",2,,-32.97985,-60.64246,55.0,538.0,Municipio Rosario,Municipio,Rosario,820210,Servicio de Catastro e Información Territorial,IGN
2019,250,2019-01-18,Viernes,,13:15:00,,0.0,2,"Moto/Ciclomotor,Automóvil",Bv. Bouchard Y Polledo,2,1,0,0,1,0,0,"-32.89003, -60.72042",Calle,,ROSARIO,Rosario,Asfalto,No existe,II,S/D,Urbana,Ninguna,No existe,Intersección,S/D,Buena,Diurna,Buen Tiempo,Lateral,S/D,Colisión,Ninguna,Faltante,Ninguna,Sin restricción,"-32.89003, -60.72042","['Bouchard', 'Polledo']",2,,-32.89003,-60.72042,55.0,538.0,Municipio Rosario,Municipio,Rosario,820210,Servicio de Catastro e Información Territorial,IGN
2019,268,2019-01-04,Viernes,,14:20:00,,0.0,2,"Automóvil,Taxi/Remis",San Nicolas Y Tucuman,2,1,0,0,1,0,0,"-32.93569, -60.67121",Calle,,ROSARIO,Rosario,S/D,S/D,II,Dentro,Urbana,S/D,S/D,Recta,Bueno,S/D,S/D,S/D,S/D,S/D,Colisión,Ninguna,Vertical,S/D,S/D,"-32.93569, -60.67121","['San Nicolás', 'Tucumán']",2,,-32.93569,-60.67121,55.0,538.0,Municipio Rosario,Municipio,Rosario,820210,Servicio de Catastro e Información Territorial,IGN
2019,269,2019-01-09,Miercoles,,16:30:00,,0.0,2,"Moto/Ciclomotor,Automóvil",Uriarte Y Calle 1724,2,0,1,0,1,0,0,"-32.96269, -60.7299",Calle,,ROSARIO,Rosario,S/D,S/D,II,S/D,Urbana,S/D,S/D,Intersección,S/D,S/D,S/D,S/D,S/D,S/D,Colisión,S/D,S/D,S/D,S/D,"-32.96269, -60.7299","['Uriarte', 'Hermana Paula Márquez']",2,,-32.96269,-60.7299,55.0,538.0,Municipio Rosario,Municipio,Rosario,820210,Servicio de Catastro e Información Territorial,IGN