anio_acci,nro_acci,fecha,desc_dia,fecha_aprox,hora_aprox,desc_ruta,km,cant_participantes,desc_participante,calle_avenida_km,total,heridos_leves,heridos_graves,heridos_gravisimos,ilesos,fallecidos,sin_datos,posicion_XY,desc_tipo_via,desc_ruta_ori,desc_loc,desc_dpto,desc_tipo_calzada,desc_tipo_banquina,desc_unidad_regional,desc_lugar_calzada,desc_zona,desc_prioridad,desc_estado_semaforo,desc_lugar_via,desc_estado_via,desc_estado_visibilidad,desc_luminosidad,desc_estado_clima,desc_tipo_colision,desc_tipo_atropello,desc_tipo_hecho,desc_pres_calzada,desc_senializacion,desc_separacion_via,desc_restriccion,forma_geocod,calle_lista,numero_calles,calles_osm,lat,lon,index_right,gid,fna,gna,nam,in1,fdc,sag
2019,276,2019-01-07,Lunes,,10:00:00,,0.0,2,"Moto/Ciclomotor,Automóvil",San Lorenzo ,3,1,0,0,2,0,0,"-32.9414, -60.6528",Avenida,,ROSARIO,Rosario,Asfalto,No existe,II,Dentro,Urbana,Ninguna,Funciona,Recta,Bueno,Buena,Diurna,Buen Tiempo,Otro,S/D,Colisión,Ninguna,Vertical,Ninguna,Sin restricción,"-32.9414, -60.6528",['San Lorenzo'],1,,-32.9414,-60.6528,55.0,538.0,Municipio Rosario,Municipio,Rosario,820210,Servicio de Catastro e Información Territorial,IGN
2019,279,2019-01-03,Jueves,,10:35:00,,0.0,2,"Automóvil,Moto/Ciclomotor",Pte.Roca Y 9 De Julio,2,1,0,0,1,0,0,"-32.95264, -60.647",Calle,,ROSARIO,Rosario,Asfalto,No existe,II,Dentro,Urbana,Ninguna,Funciona,Recta,Bueno,Buena,Diurna,Buen Tiempo,Otro,S/D,Colisión,Ninguna,Vertical,Ninguna,Sin restricción,"-32.95264, -60.647","['Roca', '9 de Julio']",2,,-32.95264,-60.647,55.0,538.0,Municipio Rosario,Municipio,Rosario,820210,Servicio de Catastro e Información Territorial,IGN
2019,281,2019-01-07,Lunes,,12:50:00,,0.0,2,"Transporte de Pasajeros Urbano (> 8 asientos),Automóvil",Pasco Y Buenos Aires,8,3,0,0,5,0,0,"-32.96059, -60.63599",Calle,,ROSARIO,Rosario,Asfalto,No existe,II,Dentro,Urbana,Ninguna,Funciona,Recta,Bueno,Buena,Diurna,Buen Tiempo,Otro,S/D,Colisión,Ninguna,Vertical,Ninguna,Sin restricción,"-32.96059, -60.63599","['Pasco', 'Buenos Aires']",2,,-32.96059,-60.63599,55.0,538.0,Municipio Rosario,Municipio,Rosario,820210,Servicio de Catastro e Información Territorial,IGN
2019,285,2019-01-12,Sabado,,,,0.0,2,"Pickup/Utilitario,Bicicleta",Av. Luis Carballo Y Mar del Plata,2,0,1,0,1,0,0,"-32.92215, -60.68207",Calle,,ROSARIO,Rosario,S/D,S/D,II,S/D,Urbana,S/D,S/D,Intersección,S/D,S/D,S/D,S/D,S/D,Ciclista,Atropello,S/D,S/D,S/D,S/D,"-32.92215, -60.68207","['Avenida Doctor Luis Cándido Carballo', 'Mar del Plata']",2,,-32.92215,-60.68207,55.0,538.0,Municipio Rosario,Municipio,Rosario,820210,Servicio de Catastro e Información Territorial,IGN
2019,287,2019-01-07,Lunes,,16:45:00,,0.0,2,"Pickup/Utilitario,Moto/Ciclomotor",Santa Fe Y Lavalle,4,1,0,0,3,0,0,"-32.93803, -60.67743",Calle,,ROSARIO,Rosario,Asfalto,No existe,II,Dentro,Urbana,Ninguna,Funciona,Recta,Bueno,Buena,Diurna,Otro,Otro,S/D,Colisión,Ninguna,Vertical,Ninguna,Sin restricción,"-32.93803, -60.67743","['Santa Fe', 'Lavalle']",2,,-32.93803,-60.67743,55.0,538.0,Municipio Rosario,Municipio,Rosario,820210,Servicio de Catastro e Información Territorial,IGN
2019,293,2019-01-04,Viernes,,15:20:00,,0.0,2,"Automóvil,Moto/Ciclomotor",Bv. 27 De Febrero Y Ayacucho,2,1,0,0,1,0,0,"-32.96975, -60.63222",Calle,,ROSARIO,Rosario,Asfalto,No existe,II,Dentro,Urbana,Ninguna,Funciona,Recta,Bueno,Buena,Diurna,Buen Tiempo,Otro,S/D,Colisión,Ninguna,Vertical,Ninguna,Sin restricción,"-32.96975, -60.63222","['27 de Febrero', 'Ayacucho']",2,,-32.96975,-60.63222,55.0,538.0,Municipio Rosario,Municipio,Rosario,820210,Servicio de Catastro e Información Territorial,IGN
2019,294,2019-01-01,Martes,,,,0.0,2,"Bicicleta,Pickup/Utilitario",Sarmiento 3000,2,1,0,0,0,0,1,"-32.97223, -60.64462",Calle,,ROSARIO,Rosario,S/D,S/D,II,S/D,Urbana,S/D,S/D,Recta,S/D,S/D,S/D,S/D,S/D,Ciclista,Atropello,S/D,S/D,S/D,S/D,"-32.97223, -60.64462",['Sarmiento 3000'],1,,-32.97223,-60.64462,55.0,538.0,Municipio Rosario,Municipio,Rosario,820210,Servicio de Catastro e Información Territorial,IGN
2019,295,2019-01-13,Domingo,,01:00:00,,0.0,1,Moto/Ciclomotor,Alvarez Thomas Y Gurruchaga,2,1,0,0,1,0,0,"-32.90411, -60.68456",Calle,,ROSARIO,Rosario,S/D,S/D,II,S/D,Urbana,S/D,S/D,Intersección,S/D,S/D,S/D,S/D,Contra objeto fijo,S/D,Colisión,S/D,S/D,S/D,S/D,"-32.90411, -60.68456","['Alvarez Thomas', 'Gurruchaga']",2,,-32.90411,-60.68456,55.0,538.0,Municipio Rosario,Municipio,Rosario,820210,Servicio de Catastro e Información Territorial,IGN
2019,297,2019-01-02,Miercoles,,19:53:00,,0.0,2,"Automóvil,Automóvil",San Lorenzo Y Av. Corrientes,3,1,0,0,2,0,0,"-32.94342, -60.64176",Calle,,ROSARIO,Rosario,Asfalto,No existe,II,Dentro,Urbana,Ninguna,Funciona,Recta,Bueno,Buena,Atardecer,Buen Tiempo,Otro,S/D,Colisión,Ninguna,Vertical,Ninguna,Sin restricción,"-32.94342, -60.64176","['San Lorenzo', 'Corrientes']",2,,-32.94342,-60.64176,55.0,538.0,Municipio Rosario,Municipio,Rosario,820210,Servicio de Catastro e Información Territorial,IGN
2019,303,2019-01-03,Jueves,,22:15:00,,0.0,2,"Automóvil,Moto/Ciclomotor",Callao Y Rioja,3,1,0,0,2,0,0,"-32.94367, -60.66036",Calle,,ROSARIO,Rosario,Asfalto,No existe,II,Dentro,Urbana,Ninguna,Funciona,Recta,Bueno,Buena,Nocturna,Buen Tiempo,Otro,S/D,Colisión,Ninguna,Vertical,Ninguna,Sin restricción,"-32.94367, -60.66036","['Callao', 'Rioja']",2,,-32.94367,-60.66036,55.0,538.0,Municipio Rosario,Municipio,Rosario,820210,Servicio de Catastro e Información Territorial,IGN
2019,307,2019-01-03,Jueves,,14:00:00,,0.0,2,"Peatón,Taxi/Remis",Montevideo Y Mariano Moreno,2,1,0,0,1,0,0,"-32.95397, -60.65308",Calle,,ROSARIO,Rosario,Asfalto,No existe,II,Dentro,Urbana,Ninguna,Funciona,Recta,Bueno,Buena,Diurna,Buen Tiempo,Otro,Peatón,Atropello,Ninguna,Vertical,Ninguna,Sin restricción,"-32.95397, -60.65308","['Montevideo', 'Mariano Moreno']",2,,-32.95397,-60.65308,55.0,538.0,Municipio Rosario,Municipio,Rosario,820210,Servicio de Catastro e Información Territorial,IGN
2019,308,2019-01-04,Viernes,,09:40:00,,0.0,2,"Automóvil,Automóvil",Rueda Y Av. Corrientes,2,1,0,0,1,0,0,"-32.97032, -60.64859",Calle,,ROSARIO,Rosario,Asfalto,No existe,II,Dentro,Urbana,Ninguna,Funciona,Recta,Bueno,Buena,Diurna,Buen Tiempo,Otro,S/D,Colisión,Ninguna,Vertical,Ninguna,Sin restricción,"-32.97032, -60.64859","['Rueda', 'Corrientes']",2,,-32.97032,-60.64859,55.0,538.0,Municipio Rosario,Municipio,Rosario,820210,Servicio de Catastro e Información Territorial,IGN
2019,309,2019-01-05,Sabado,,06:10:00,,0.0,2,"Automóvil,Taxi/Remis",Av. Corrientes Y San Lorenzo,4,1,0,0,3,0,0,"-32.94342, -60.64176",Calle,,ROSARIO,Rosario,Asfalto,No existe,II,Dentro,Urbana,Ninguna,Funciona,Recta,Bueno,Buena,Diurna,Buen Tiempo,Otro,S/D,Colisión,Agua,Vertical,Ninguna,Sin restricción,"-32.94342, -60.64176","['Corrientes', 'San Lorenzo']",2,,-32.94342,-60.64176,55.0,538.0,Municipio Rosario,Municipio,Rosario,820210,Servicio de Catastro e Información Territorial,IGN
2019,310,2019-01-19,Sabado,,10:10:00,,0.0,2,"Automóvil,Moto/Ciclomotor",Cochabamba Y Laprida,2,1,0,0,1,0,0,"-32.95912, -60.63727",Calle,,ROSARIO,Rosario,Asfalto,No existe,II,S/D,Urbana,Ninguna,Funciona,Recta,Bueno,Buena,Diurna,Buen Tiempo,S/D,S/D,Colisión,S/D,Vertical,Ninguna,Sin restricción,"-32.95912, -60.63727","['Cochabamba', 'Laprida']",2,,-32.95912,-60.63727,55.0,538.0,Municipio Rosario,Municipio,Rosario,820210,Servicio de Catastro e Información Territorial,IGN
2019,311,2019-01-05,Sabado,,14:00:00,,0.0,2,"Automóvil,Automóvil",Av. Corrientes Y Riobamba,3,1,0,0,2,0,0,"-32.9623, -60.64655",S/D,,ROSARIO,Rosario,Asfalto,No existe,II,S/D,S/D,Ninguna,Funciona,Recta,Bueno,Buena,Diurna,S/D,Otro,S/D,Colisión,Agua,S/D,Ninguna,Sin restricción,"-32.9623, -60.64655","['Corrientes', 'Riobamba']",2,,-32.9623,-60.64655,55.0,538.0,Municipio Rosario,Municipio,Rosario,820210,Servicio de Catastro e Información Territorial,IGN
2019,312,2019-01-19,Sabado,,15:30:00,,0.0,2,"Automóvil,Taxi/Remis",Av. Battle y Ordoñez Y Calle 2106,4,1,0,0,3,0,0,"-33.01004, -60.68739",Calle,,ROSARIO,Rosario,Asfalto,S/D,II,Dentro,Urbana,S/D,S/D,Intersección,S/D,S/D,Diurna,S/D,S/D,S/D,Colisión,S/D,S/D,S/D,S/D,"-33.01004, -60.68739","['Avenida Battle y Ordoñez', 'Calle 2106']",2,,-33.01004,-60.68739,55.0,538.0,Municipio Rosario,Municipio,Rosario,820210,Servicio de Catastro e Información Territorial,IGN
2019,318,2019-01-05,Sabado,,17:30:00,,0.0,2,"Moto/Ciclomotor,Taxi/Remis",Cafferata Y San Luis,3,1,0,0,2,0,0,"-32.94322, -60.67171",S/D,,ROSARIO,Rosario,Asfalto,No existe,II,S/D,Urbana,Ninguna,Funciona,Recta,Bueno,Buena,Diurna,Buen Tiempo,Otro,S/D,S/D,Ninguna,Vertical,Ninguna,Sin restricción,"-32.94322, -60.67171","['Cafferata', 'San Luis']",2,,-32.94322,-60.67171,55.0,538.0,Municipio Rosario,Municipio,Rosario,820210,Servicio de Catastro e Información Territorial,IGN
2019,321,2019-01-19,Sabado,,01:40:00,,0.0,2,"Moto/Ciclomotor,Automóvil",Bv. Segui Y Italia,2,1,0,0,1,0,0,"-32.97742, -60.65611",Avenida,,ROSARIO,Rosario,Asfalto,No existe,II,Dentro,Urbana,Ninguna,S/D,Recta,Bueno,Buena,Nocturna,Buen Tiempo,De alcance,S/D,Colisión,Ninguna,Horizontal,Ninguna,Sin restricción,"-32.97742, -60.65611","['Bulevar Juan Francisco Seguí', 'Italia']",2,,-32.97742,-60.65611,55.0,538.0,Municipio Rosario,Municipio,Rosario,820210,Servicio de Catastro e Información Territorial,IGN
2019,324,2019-01-04,Viernes,,09:30:00,,0.0,2,"Bicicleta,Automóvil",Colon Y Ocampo,2,1,0,0,1,0,0,"-32.96877, -60.63052",Calle,,ROSARIO,Rosario,Asfalto,No existe,II,Dentro,Urbana,Ninguna,Funciona,Recta,Bueno,Buena,Diurna,Buen Tiempo,Otro,Ciclista,Atropello,Agua,S/D,Ninguna,Sin restricción,"-32.96877, -60.63052","['Colon', 'Ocampo']",2,,-32.96877,-60.63052,55.0,538.0,Municipio Rosario,Municipio,Rosario,820210,Servicio de Catastro e Información Territorial,IGN
2019,326,2019-01-19,Sabado,,20:00:00,,0.0,2,"Moto/Ciclomotor,Automóvil",San Nicolas Y Cerrito,3,2,0,0,1,0,0,"-32.95574, -60.67621",Calle,,ROSARIO,Rosario,Asfalto,No existe,II,Dentro,Urbana,S/D,No existe,Intersección,Bueno,Buena,Atardecer,Buen Tiempo,Frontal,S/D,Colisión,Ninguna,Vertical,Ninguna,Sin restricción,"-32.95574, -60.67621","['San Nicolás', 'Cerrito']",2,,-32.95574,-60.67621,55.0,538.0,Municipio Rosario,Municipio,Rosario,820210,Servicio de Catastro e Información Territorial,IGN
2019,328,2019-01-03,Jueves,,10:20:00,,0.0,2,"Moto/Ciclomotor,Pickup/Utilitario",Av. Battle y Ordoñez Y España,3,1,0,0,2,0,0,"-33.0092, -60.65723",Avenida,,ROSARIO,Rosario,Asfalto,S/D,II,S/D,Urbana,S/D,Funciona,Intersección,S/D,S/D,Diurna,S/D,S/D,S/D,Colisión,S/D,S/D,S/D,S/D,"-33.0092, -60.65723","['Avenida Battle y Ordoñez', 'España']",2,,-33.0092,-60.65723,55.0,538.0,Municipio Rosario,Municipio,Rosario,820210,Servicio de Catastro e Información Territorial,IGN
2019,330,2019-01-19,Sabado,,21:10:00,,0.0,2,"Moto/Ciclomotor,Moto/Ciclomotor",Junin Y Campbell,4,1,0,0,0,0,3,"-32.92747, -60.70841",Calle,,ROSARIO,Rosario,Asfalto,No existe,II,Fuera,Urbana,Ninguna,Funciona,Intersección,Bueno,Buena,Nocturna,Buen Tiempo,S/D,S/D,Colisión,Ninguna,Faltante,Ninguna,Sin restricción,"-32.92747, -60.70841","['Junín', 'Campbell']",2,,-32.92747,-60.70841,55.0,538.0,Municipio Rosario,Municipio,Rosario,820210,Servicio de Catastro e Información Territorial,IGN
2019,332,2019-01-19,Sabado,,07:30:00,,0.0,2,"Camión Chasis,Automóvil",Bv. Oroño Y Lamadrid,4,1,0,0,3,0,0,"-32.99762, -60.66509",Avenida,,ROSARIO,Rosario,Asfalto,S/D,II,Dentro,Urbana,S/D,S/D,Intersección,S/D,S/D,Amanecer,S/D,S/D,S/D,Colisión,S/D,S/D,Cordón divisorio,S/D,"-32.99762, -60.66509","['Bulevar Nicasio Oroño', 'Lamadrid']",2,,-32.99762,-60.66509,55.0,538.0,Municipio Rosario,Municipio,Rosario,820210,Servicio de Catastro e Información Territorial,IGN
2019,335,2019-01-03,Jueves,,10:20:00,,0.0,2,"Automóvil,Moto/Ciclomotor",Av. Francia 5200,2,1,0,0,1,0,0,"-32.99841, -60.67792",Avenida,,ROSARIO,Rosario,Asfalto,No existe,II,Dentro,Urbana,S/D,S/D,Recta,S/D,S/D,Diurna,S/D,S/D,S/D,Colisión,S/D,S/D,S/D,S/D,"-32.99841, -60.67792",['Francia 5200'],1,,-32.99841,-60.67792,55.0,538.0,Municipio Rosario,Municipio,Rosario,820210,Servicio de Catastro e Información Territorial,IGN
2019,340,2019-01-19,Sabado,,06:45:00,,0.0,2,"Moto/Ciclomotor,Automóvil",Grandoli Y Pje. Becquer Bis,2,1,0,0,1,0,0,"-32.98746, -60.62826",Calle,,ROSARIO,Rosario,Asfalto,No existe,II,S/D,Urbana,Ninguna,No existe,Intersección,Con baches,Buena,Diurna,Buen Tiempo,S/D,S/D,Colisión,Ninguna,Faltante,Ninguna,Sin restricción,"-32.98746, -60.62826","['Avenida Abanderado Grandoli', 'Becquer']",2,,-32.98746,-60.62826,55.0,538.0,Municipio Rosario,Municipio,Rosario,820210,Servicio de Catastro e Información Territorial,IGN
2019,343,2019-01-19,Sabado,,22:20:00,,0.0,2,"Moto/Ciclomotor,Bicicleta",Av. Provincias Unidas Bis Y Gorriti,2,2,0,0,0,0,0,"-32.92436, -60.71336",Calle,,ROSARIO,Rosario,Asfalto,No existe,II,Dentro,Urbana,Ninguna,No existe,Intersección,Bueno,Buena,Nocturna,Buen Tiempo,S/D,Ciclista,Atropello,S/D,S/D,Cordón divisorio,Sin restricción,"-32.92436, -60.71336","['Avenida Provincias Unidas', 'Gorriti']",2,,-32.92436,-60.71336,55.0,538.0,Municipio Rosario,Municipio,Rosario,820210,Servicio de Catastro e Información Territorial,IGN
2019,360,2019-01-24,Jueves,,10:22:00,,0.0,2,"Bicicleta,Otros",Av. Pellegrini Y Maipu,2,1,0,0,1,0,0,"-32.95769, -60.63812",Calle,,ROSARIO,Rosario,Asfalto,No existe,II,S/D,Urbana,Ninguna,Funciona,Recta,Bueno,S/D,Diurna,Buen Tiempo,S/D,Ciclista,Atropello,S/D,Vertical,Ninguna,Sin restricción,"-32.95769, -60.63812","['Pellegrini', 'Maipú']",2,,-32.95769,-60.63812,55.0,538.0,Municipio Rosario,Municipio,Rosario,820210,Servicio de Catastro e Información Territorial,IGN
2019,367,2019-01-25,Viernes,,11:30:00,,0.0,2,"Moto/Ciclomotor,Automóvil",Pueyrredon Y Rioja,2,1,0,0,1,0,0,"-32.94416, -60.65765",Calle,,ROSARIO,Rosario,Asfalto,S/D,II,S/D,Urbana,Ninguna,Funciona,Recta,Bueno,Buena,Diurna,Buen Tiempo,S/D,S/D,Colisión,S/D,S/D,Ninguna,Sin restricción,"-32.94416, -60.65765","['Pueyrredón', 'Rioja']",2,,-32.94416,-60.65765,55.0,538.0,Municipio Rosario,Municipio,Rosario,820210,Servicio de Catastro e Información Territorial,IGN
2019,373,2019-01-27,Domingo,,20:05:00,,0.0,2,"Moto/Ciclomotor,Automóvil",Ayacucho Y Riobamba,5,1,0,0,4,0,0,"-32.96501, -60.63105",Calle,,ROSARIO,Rosario,Asfalto,S/D,II,S/D,Urbana,Ninguna,S/D,Intersección,S/D,S/D,Nocturna,S/D,S/D,S/D,Colisión,S/D,S/D,S/D,Sin restricción,"-32.96501, -60.63105","['Ayacucho', 'Riobamba']",2,,-32.96501,-60.63105,55.0,538.0,Municipio Rosario,Municipio,Rosario,820210,Servicio de Catastro e Información Territorial,IGN
2019,374,2019-01-28,Lunes,,13:00:00,,0.0,2,"Moto/Ciclomotor,Automóvil",Suipacha Y Santa Fe,2,0,1,0,1,0,0,"-32.94042, -60.66377",Calle,,ROSARIO,Rosario,Asfalto,No existe,II,S/D,Urbana,Ninguna,Funciona,Recta,Bueno,Buena,Diurna,Buen Tiempo,S/D,S/D,Colisión,S/D,Vertical,Ninguna,Sin restricción,"-32.94042, -60.66377","['Suipacha', 'Santa Fe']",2,,-32.94042,-60.66377,55.0,538.0,Municipio Rosario,Municipio,Rosario,820210,Servicio de Catastro e Información Territorial,IGN
2019,378,2019-01-26,Sabado,,10:10:00,,0.0,2,"Moto/Ciclomotor,Automóvil",Alvear Y Urquiza,3,1,0,0,1,1,0,"-32.93996, -60.65375",Calle,,ROSARIO,Rosario,Asfalto,No existe,II,S/D,Urbana,Ninguna,Funciona,Recta,Bueno,Buena,Diurna,Buen Tiempo,S/D,S/D,Colisión,S/D,Vertical,Ninguna,Sin restricción,"-32.93996, -60.65375","['Alvear', 'Urquiza']",2,,-32.93996,-60.65375,55.0,538.0,Municipio Rosario,Municipio,Rosario,820210,Servicio de Catastro e Información Territorial,IGN
2019,379,2019-01-01,Martes,,01:15:00,,0.0,2,"Moto/Ciclomotor,Moto/Ciclomotor",Av. Jorge Newbery Y Tarragona,2,0,0,0,0,0,2,"-32.90851, -60.73543",S/D,,ROSARIO,Rosario,Asfalto,S/D,II,S/D,Urbana,S/D,S/D,Intersección,S/D,S/D,S/D,S/D,S/D,S/D,S/D,S/D,S/D,S/D,S/D,"-32.90851, -60.73543","['Jorge Newbery', 'Tarragona']",2,,-32.90851,-60.73543,55.0,538.0,Municipio Rosario,Municipio,Rosario,820210,Servicio de Catastro e Información Territorial,IGN
2019,381,2019-01-04,Viernes,,13:20:00,,0.0,2,"Automóvil,Moto/Ciclomotor",Calle 1635 Y Av. San Jose De Calasanz,2,1,0,0,0,0,1,"-32.94087, -60.76019",Calle,,ROSARIO,Rosario,Asfalto,No existe,II,Dentro,Urbana,Ninguna,No existe,Recta,Bueno,Buena,S/D,S/D,S/D,S/D,Colisión,S/D,S/D,Ninguna,Sin restricción,"-32.94087, -60.76019","['Suinda', 'Avenida San José de Calasanz']",2,,-32.94087,-60.76019,55.0,538.0,Municipio Rosario,Municipio,Rosario,820210,Servicio de Catastro e Información Territorial,IGN
2019,382,2019-01-28,Lunes,,13:30:00,,0.0,2,"Tren,Pickup/Utilitario",Rioja 5000,3,1,0,0,2,0,0,"-32.93801, -60.69168",Calle,,ROSARIO,Rosario,Asfalto,No existe,II,Dentro,Urbana,Ninguna,No existe,Paso a Nivel FFCC,Otro,Buena,Diurna,Buen Tiempo,S/D,S/D,Colisión,Ninguna,S/D,Ninguna,Sin restricción,"-32.93801, -60.69168",['Rioja 5000'],1,,-32.93801,-60.69168,55.0,538.0,Municipio Rosario,Municipio,Rosario,820210,Servicio de Catastro e Información Territorial,IGN
2019,383,2019-01-27,Domingo,,08:00:00,,0.0,2,"Pickup/Utilitario,Automóvil",Av. Pellegrini Y Bv. Avellaneda,4,1,0,0,3,0,0,"-32.94999, -60.68186",Avenida,,ROSARIO,Rosario,Asfalto,S/D,II,Dentro,Urbana,Semáforo,S/D,Intersección,S/D,S/D,Diurna,S/D,S/D,S/D,Colisión,Ninguna,Vertical,S/D,Sin restricción,"-32.94999, -60.68186","['Pellegrini', 'Avellaneda']",2,,-32.94999,-60.68186,55.0,538.0,Municipio Rosario,Municipio,Rosario,820210,Servicio de Catastro e Información Territorial,IGN
2019,386,2019-01-04,Viernes,,11:00:00,,0.0,2,"Automóvil,Moto/Ciclomotor",Av. Provincias Unidas Y J.B.Justo,4,2,0,0,2,0,0,"-32.95157, -60.71211",Avenida,,ROSARIO,Rosario,hormigón,No existe,II,Dentro,Urbana,Ninguna,No existe,Intersección,Bueno,Buena,Diurna,Buen Tiempo,Otro,S/D,Colisión,Ninguna,Horizontal,Ninguna,Sin restricción,"-32.95157, -60.71211","['Avenida Provincias Unidas', 'Justo']",2,,-32.95157,-60.71211,55.0,538.0,Municipio Rosario,Municipio,Rosario,820210,Servicio de Catastro e Información Territorial,IGN
2019,388,2019-01-07,Lunes,,19:50:00,,0.0,2,"Pickup/Utilitario,Moto/Ciclomotor",J.J.Paso Y Colombia,2,1,0,0,1,0,0,"-32.92042, -60.71753",Avenida,,ROSARIO,Rosario,Asfalto,No existe,II,Dentro,Urbana,Ninguna,No existe,Intersección,Bueno,Buena,Diurna,Buen Tiempo,Otro,S/D,Colisión,Ninguna,Faltante,Ninguna,Sin restricción,"-32.92042, -60.71753","['Paso', 'Colombia']",2,,-32.92042,-60.71753,55.0,538.0,Municipio Rosario,Municipio,Rosario,820210,Servicio de Catastro e Información Territorial,IGN
2019,389,2019-01-05,Sabado,,21:30:00,,0.0,2,"Moto/Ciclomotor,Moto/Ciclomotor",Santa Fe Y Matienzo,2,0,0,0,0,0,2,"-32.95643, -60.69418",Calle,,ROSARIO,Rosario,Asfalto,Pavimento,II,Dentro,Urbana,Ninguna,Funciona,Intersección,Bueno,Buena,S/D,Buen Tiempo,S/D,S/D,Colisión,Ninguna,Faltante,Ninguna,Sin restricción,"-32.95643, -60.69418","['Santa Fe', 'Matienzo']",2,,-32.95643,-60.69418,55.0,538.0,Municipio Rosario,Municipio,Rosario,820210,Servicio de Catastro e Información Territorial,IGN
2019,390,2019-01-28,Lunes,,08:50:00,,0.0,2,"Automóvil,Moto/Ciclomotor",Av. Eva Peron Y Valparaiso,2,2,0,0,0,0,0,"-32.93857, -60.68185",Avenida,,ROSARIO,Rosario,Asfalto,S/D,II,S/D,Urbana,Ninguna,S/D,Intersección,S/D,S/D,Diurna,Buen Tiempo,S/D,S/D,Colisión,S/D,S/D,S/D,Sin restricción,"-32.93857, -60.68185","['Avenida Eva Perón', 'Valparaíso']",2,,-32.93857,-60.68185,55.0,538.0,Municipio Rosario,Municipio,Rosario,820210,Servicio de Catastro e Información Territorial,IGN
2019,392,2019-01-26,Sabado,,13:20:00,,0.0,2,"Peatón,Automóvil",Cordoba Y Bv. Avellaneda,2,1,0,0,1,0,0," -32.93906, -60.67917",Avenida,,ROSARIO,Rosario,S/D,S/D,II,Dentro,Urbana,S/D,S/D,Intersección,S/D,S/D,Nocturna,S/D,S/D,Peatón,Atropello,S/D,S/D,S/D,Sin restricción," -32.93906, -60.67917","['Córdoba', 'Avellaneda']",2,,-32.93906,-60.67917,55.0,538.0,Municipio Rosario,Municipio,Rosario,820210,Servicio de Catastro e Información Territorial,IGN
2019,393,2019-01-05,Sabado,,22:20:00,,0.0,2,"Taxi/Remis,Moto/Ciclomotor",Av. Provincias Unidas Y Ocampo,2,1,0,0,1,0,0,"-32.95807, -60.71185",Calle,,ROSARIO,Rosario,Asfalto,Pavimento,II,Dentro,Urbana,Ninguna,No existe,Recta,Bueno,Buena,Nocturna,Buen Tiempo,Otro,S/D,Colisión,Ninguna,Faltante,Cordón divisorio,Sin restricción,"-32.95807, -60.71185","['Avenida Provincias Unidas', 'Ocampo']",2,,-32.95807,-60.71185,55.0,538.0,Municipio Rosario,Municipio,Rosario,820210,Servicio de Catastro e Información Territorial,IGN
2019,394,2019-01-25,Viernes,,13:20:00,,0.0,2,"Automóvil,Automóvil",Pasco Y Av. Corrientes,2,1,0,0,1,0,0,"-32.95882, -60.64561",Avenida,,ROSARIO,Rosario,Asfalto,Ripio,II,S/D,Urbana,Ninguna,Funciona,Recta,S/D,S/D,Diurna,Buen Tiempo,S/D,S/D,Colisión,S/D,S/D,Ninguna,Sin restricción,"-32.95882, -60.64561","['Pasco', 'Corrientes']",2,,-32.95882,-60.64561,55.0,538.0,Municipio Rosario,Municipio,Rosario,820210,Servicio de Catastro e Información Territorial,IGN
2019,395,2019-01-05,Sabado,,17:25:00,,0.0,2,"Automóvil,Moto/Ciclomotor",Bv. Segui Y Pje. Espinillo,4,1,0,0,3,0,0,"-32.97079, -60.69911",Calle,,ROSARIO,Rosario,Asfalto,No existe,II,Dentro,Urbana,Ninguna,No existe,Recta,Bueno,Buena,Diurna,Buen Tiempo,Frontal,S/D,Colisión,Ninguna,Faltante,Ninguna,Sin restricción,"-32.97079, -60.69911","['Bulevar Juan Francisco Seguí', 'Espinillo']",2,,-32.97079,-60.69911,55.0,538.0,Municipio Rosario,Municipio,Rosario,820210,Servicio de Catastro e Información Territorial,IGN
2019,397,2019-01-01,Martes,,02:30:00,,0.0,2,"Automóvil,Automóvil",Laprida Y Bv. Segui,2,1,0,0,1,0,0,"-32.97976, -60.64242",Avenida,,ROSARIO,Rosario,Asfalto,No existe,II,Dentro,Urbana,Ninguna,No existe,Intersección,Bueno,Reducida,Nocturna,Buen Tiempo,De alcance,S/D,Colisión,Ninguna,Faltante,Ninguna,Sin restricción,"-32.97976, -60.64242","['Laprida', 'Bulevar Juan Francisco Seguí']",2,,-32.97976,-60.64242,55.0,538.0,Municipio Rosario,Municipio,Rosario,820210,Servicio de Catastro e Información Territorial,IGN
2019,399,2019-01-04,Viernes,,13:25:00,,0.0,2,"Otros,Bicicleta",Sarmiento Y Biedma,2,1,0,0,1,0,0,"-32.98133, -60.64696",Calle,,ROSARIO,Rosario,Asfalto,No existe,II,Dentro,Urbana,Ninguna,No existe,S/D,Bueno,Buena,Diurna,Buen Tiempo,Lateral,Ciclista,Atropello,Ninguna,Faltante,Ninguna,Sin restricción,"-32.98133, -60.64696","['Sarmiento', 'Coronel Biedma']",2,,-32.98133,-60.64696,55.0,538.0,Municipio Rosario,Municipio,Rosario,820210,Servicio de Catastro e Información Territorial,IGN
2019,401,2019-01-06,Domingo,,17:30:00,,0.0,2,"Moto/Ciclomotor,Pickup/Utilitario",San Martin Y Centeno,2,1,0,0,1,0,0,"-32.98524, -60.64545",Avenida,,ROSARIO,Rosario,Asfalto,No existe,II,Dentro,Urbana,Ninguna,Funciona,Intersección,Bueno,Buena,Diurna,Buen Tiempo,Lateral,S/D,Colisión,Ninguna,Faltante,Ninguna,Sin restricción,"-32.98524, -60.64545","['San Martin', 'Centeno']",2,,-32.98524,-60.64545,55.0,538.0,Municipio Rosario,Municipio,Rosario,820210,Servicio de Catastro e Información Territorial,IGN