anio_acci,nro_acci,fecha,desc_dia,fecha_aprox,hora_aprox,desc_ruta,km,cant_participantes,desc_participante,calle_avenida_km,total,heridos_leves,heridos_graves,heridos_gravisimos,ilesos,fallecidos,sin_datos,posicion_XY,desc_tipo_via,desc_ruta_ori,desc_loc,desc_dpto,desc_tipo_calzada,desc_tipo_banquina,desc_unidad_regional,desc_lugar_calzada,desc_zona,desc_prioridad,desc_estado_semaforo,desc_lugar_via,desc_estado_via,desc_estado_visibilidad,desc_luminosidad,desc_estado_clima,desc_tipo_colision,desc_tipo_atropello,desc_tipo_hecho,desc_pres_calzada,desc_senializacion,desc_separacion_via,desc_restriccion,forma_geocod,calle_lista,numero_calles,calles_osm,lat,lon,index_right,gid,fna,gna,nam,in1,fdc,sag
2019,402,2019-01-25,Viernes,,20:20:00,,0.0,2,"Automóvil,Moto/Ciclomotor",E.Zeballos Y Rio De Janeiro,2,1,0,0,1,0,0,"-32.9474, -60.68266",Calle,,ROSARIO,Rosario,Asfalto,S/D,II,S/D,Urbana,Ninguna,S/D,Intersección,S/D,S/D,Nocturna,S/D,S/D,S/D,Colisión,S/D,S/D,S/D,S/D,"-32.9474, -60.68266","['Zeballos', 'Río de Janeiro']",2,,-32.9474,-60.68266,55.0,538.0,Municipio Rosario,Municipio,Rosario,820210,Servicio de Catastro e Información Territorial,IGN
2019,404,2019-01-20,Domingo,,09:05:00,,0.0,2,"Automóvil,Bicicleta",Av. Ovidio Lagos Y Lamadrid,2,1,0,0,1,0,0,"-32.99789, -60.67496",Avenida,,ROSARIO,Rosario,Asfalto,No existe,II,S/D,Urbana,S/D,S/D,Intersección,S/D,S/D,Diurna,S/D,S/D,Ciclista,Atropello,S/D,S/D,Cordón divisorio,S/D,"-32.99789, -60.67496","['Avenida Ovidio Lagos', 'Lamadrid']",2,,-32.99789,-60.67496,55.0,538.0,Municipio Rosario,Municipio,Rosario,820210,Servicio de Catastro e Información Territorial,IGN
2019,406,2019-01-27,Domingo,,01:05:00,,0.0,2,"Pickup/Utilitario,Moto/Ciclomotor",Montevideo Y 1 de Mayo,4,2,0,0,2,0,0,"-32.95763, -60.63215",Calle,,ROSARIO,Rosario,Asfalto,S/D,II,S/D,Urbana,Ninguna,S/D,Intersección,S/D,S/D,Nocturna,S/D,S/D,S/D,Colisión,S/D,S/D,S/D,Sin restricción,"-32.95763, -60.63215","['Montevideo', 'Primero de Mayo']",2,,-32.95763,-60.63215,55.0,538.0,Municipio Rosario,Municipio,Rosario,820210,Servicio de Catastro e Información Territorial,IGN
2019,407,2019-01-28,Lunes,,11:40:00,,0.0,2,"Automóvil,Moto/Ciclomotor",Av. Pellegrini Y Av. Belgrano,4,2,0,0,2,0,0,"-32.96073, -60.62112",Avenida,,ROSARIO,Rosario,S/D,S/D,II,S/D,Urbana,Ninguna,S/D,Intersección,S/D,S/D,Diurna,S/D,S/D,S/D,Colisión,S/D,S/D,S/D,Sin restricción,"-32.96073, -60.62112","['Pellegrini', 'Belgrano']",2,,-32.96073,-60.62112,55.0,538.0,Municipio Rosario,Municipio,Rosario,820210,Servicio de Catastro e Información Territorial,IGN
2019,408,2019-01-06,Domingo,,22:58:00,,0.0,1,Automóvil,AYOLAS Y ACCESO SUR,2,2,0,0,0,0,0,"-32.98034, -60.62574",S/D,,ROSARIO,Rosario,hormigón,S/D,II,Dentro,Urbana,Ninguna,No existe,Recta,Bueno,Buena,Con luz artificial,Otro,Contra objeto fijo,S/D,Despiste,Ninguna,Faltante,Barrera de hormigón,Sin restricción,"-32.98034, -60.62574","['Ayolas', 'Belgrano']",2,,-32.98034,-60.62574,55.0,538.0,Municipio Rosario,Municipio,Rosario,820210,Servicio de Catastro e Información Territorial,IGN
2019,409,2019-01-01,Martes,,14:28:00,,0.0,2,"Moto/Ciclomotor,Automóvil",Paraguay Y Centeno,2,1,0,0,1,0,0,"-32.98388, -60.65337",S/D,,ROSARIO,Rosario,Asfalto,No existe,II,S/D,Urbana,Ninguna,No existe,S/D,Bueno,Buena,Diurna,Buen Tiempo,De alcance,S/D,Colisión,Ninguna,Faltante,Ninguna,Sin restricción,"-32.98388, -60.65337","['Paraguay', 'Centeno']",2,,-32.98388,-60.65337,55.0,538.0,Municipio Rosario,Municipio,Rosario,820210,Servicio de Catastro e Información Territorial,IGN
2019,410,2019-01-28,Lunes,,14:00:00,,0.0,2,"Automóvil,Moto/Ciclomotor",Bv. Oroño Y San Lorenzo,2,1,0,0,1,0,0,"-32.94135, -60.65285",Calle,,ROSARIO,Rosario,Asfalto,S/D,II,S/D,Urbana,Ninguna,S/D,Intersección,Bueno,S/D,Diurna,S/D,S/D,S/D,Colisión,S/D,S/D,S/D,Sin restricción,"-32.94135, -60.65285","['Bulevar Nicasio Oroño', 'San Lorenzo']",2,,-32.94135,-60.65285,55.0,538.0,Municipio Rosario,Municipio,Rosario,820210,Servicio de Catastro e Información Territorial,IGN
2019,411,2019-01-06,Domingo,,19:00:00,,0.0,2,"Automóvil,Moto/Ciclomotor",Av. Corrientes 5500,3,1,0,0,2,0,0,"-33.00109, -60.65335",Calle,,ROSARIO,Rosario,Asfalto,No existe,II,Dentro,Urbana,Ninguna,No existe,S/D,Bueno,Buena,Atardecer,Buen Tiempo,De alcance,S/D,Colisión,Ninguna,Faltante,Ninguna,Sin restricción,"-33.00109, -60.65335",['Corrientes 5500'],1,,-33.00109,-60.65335,55.0,538.0,Municipio Rosario,Municipio,Rosario,820210,Servicio de Catastro e Información Territorial,IGN
2019,413,2019-01-24,Jueves,,15:45:00,,0.0,2,"Transporte de Pasajeros Urbano (> 8 asientos),Peatón",Av. Corrientes Y Santa Fe,2,1,0,0,1,0,0,"-32.94431, -60.64197",Calle,,ROSARIO,Rosario,Asfalto,No existe,II,Dentro,Urbana,Ninguna,Funciona,Recta,Bueno,Buena,Diurna,Buen Tiempo,Otro,Peatón,Atropello,Ninguna,Vertical,Ninguna,Sin restricción,"-32.94431, -60.64197","['Corrientes', 'Santa Fe']",2,,-32.94431,-60.64197,55.0,538.0,Municipio Rosario,Municipio,Rosario,820210,Servicio de Catastro e Información Territorial,IGN
2019,415,2019-01-28,Lunes,,00:10:00,,0.0,2,"Pickup/Utilitario,Moto/Ciclomotor",J.J.Paso ,2,0,1,0,1,0,0,"-32.92011, -60.70882",Avenida,,ROSARIO,Rosario,Asfalto,No existe,II,Dentro,Urbana,Semáforo,Funciona,Intersección,Bueno,Buena,Nocturna,Buen Tiempo,Frontal,S/D,Colisión,Ninguna,Vertical,Ninguna,Sin restricción,"-32.92011, -60.70882",['Juan José Paso'],1,,-32.92011,-60.70882,55.0,538.0,Municipio Rosario,Municipio,Rosario,820210,Servicio de Catastro e Información Territorial,IGN
2019,416,2019-01-03,Jueves,,14:50:00,,0.0,2,"Automóvil,Automóvil",1 de Mayo Y 24 De Setiembre,2,1,0,0,1,0,0,"-32.98177, -60.6382",Calle,,ROSARIO,Rosario,Asfalto,No existe,II,Dentro,Urbana,Ninguna,No existe,S/D,Bueno,Buena,Diurna,Buen Tiempo,Lateral,S/D,Colisión,Ninguna,Faltante,Ninguna,Sin restricción,"-32.98177, -60.6382","['Primero de Mayo', '24 de Septiembre']",2,,-32.98177,-60.6382,55.0,538.0,Municipio Rosario,Municipio,Rosario,820210,Servicio de Catastro e Información Territorial,IGN
2019,418,2019-01-01,Martes,,01:00:00,,0.0,1,Moto/Ciclomotor, ,2,1,0,0,1,0,0,"-32.95846, -60.69045",Calle,,ROSARIO,Rosario,S/D,S/D,II,Dentro,Urbana,S/D,S/D,S/D,S/D,S/D,S/D,S/D,S/D,S/D,S/D,S/D,S/D,S/D,S/D,"-32.95846, -60.69045",[''],0,,-32.95846,-60.69045,55.0,538.0,Municipio Rosario,Municipio,Rosario,820210,Servicio de Catastro e Información Territorial,IGN
2019,419,2019-01-05,Sabado,,17:20:00,,0.0,3,"Bicicleta,Moto/Ciclomotor,Automóvil",San Martin Y Olegario V.Andrade,3,2,0,0,1,0,0,"-32.99586, -60.64793",Calle,,ROSARIO,Rosario,Asfalto,No existe,II,Dentro,Urbana,Ninguna,No existe,Intersección,Bueno,Buena,Diurna,Buen Tiempo,Múltiple,Ciclista,Atropello,Ninguna,Faltante,Ninguna,Sin restricción,"-32.99586, -60.64793","['San Martin', 'Olegario V Andrade']",2,,-32.99586,-60.64793,55.0,538.0,Municipio Rosario,Municipio,Rosario,820210,Servicio de Catastro e Información Territorial,IGN
2019,420,2019-01-27,Domingo,,05:50:00,,0.0,2,"Automóvil,Automóvil",CALLE 170 Y FUYM,2,1,0,0,1,0,0,"    -32.95887, -60.69314",Calle,,ROSARIO,Rosario,Asfalto,No existe,II,Dentro,Urbana,Ninguna,No existe,Intersección,Bueno,Buena,Amanecer,Buen Tiempo,Contra objeto fijo,S/D,Colisión,Ninguna,Faltante,Línea divisoria pintada,Sin restricción,"    -32.95887, -60.69314","['170', 'Fuym']",2,,-32.95887,-60.69314,55.0,538.0,Municipio Rosario,Municipio,Rosario,820210,Servicio de Catastro e Información Territorial,IGN
2019,421,2019-01-20,Domingo,,00:00:00,,0.0,2,"Moto/Ciclomotor,Automóvil",Tacai Y Qom,4,2,0,0,2,0,0,"-32.98173, -60.70424",Calle,,ROSARIO,Rosario,Asfalto,No existe,II,Dentro,Urbana,Ninguna,No existe,Intersección,Deteriorada,Buena,Con luz artificial,Buen Tiempo,Frontal,S/D,Colisión,Ninguna,Faltante,Ninguna,Sin restricción,"-32.98173, -60.70424","['Tacai', 'Qompi']",2,,-32.98173,-60.70424,55.0,538.0,Municipio Rosario,Municipio,Rosario,820210,Servicio de Catastro e Información Territorial,IGN
2019,423,2019-01-27,Domingo,,16:05:00,,0.0,2,"Taxi/Remis,Moto/Ciclomotor",Bv. Segui Y Ricchieri,2,1,0,0,1,0,0,"-32.97466, -60.67103",Calle,,ROSARIO,Rosario,Asfalto,S/D,II,Dentro,Urbana,Ninguna,S/D,Intersección,S/D,S/D,Diurna,S/D,S/D,S/D,Colisión,S/D,S/D,Cordón divisorio,Sin restricción,"-32.97466, -60.67103","['Bulevar Juan Francisco Seguí', 'Ricchieri']",2,,-32.97466,-60.67103,55.0,538.0,Municipio Rosario,Municipio,Rosario,820210,Servicio de Catastro e Información Territorial,IGN
2019,424,2019-01-05,Sabado,,11:00:00,,0.0,2,"Otros,Automóvil",Buenos Aires Y Bv. Segui,2,1,0,0,1,0,0,"-32.98019, -60.64093",Calle,,ROSARIO,Rosario,Asfalto,No existe,II,Dentro,Urbana,Ninguna,No existe,Recta,S/D,Buena,Diurna,Buen Tiempo,De alcance,S/D,Colisión,S/D,Horizontal,Ninguna,Sin restricción,"-32.98019, -60.64093","['Buenos Aires', 'Bulevar Juan Francisco Seguí']",2,,-32.98019,-60.64093,55.0,538.0,Municipio Rosario,Municipio,Rosario,820210,Servicio de Catastro e Información Territorial,IGN
2019,425,2019-01-01,Martes,,06:10:00,,0.0,2,"Moto/Ciclomotor,Moto/Ciclomotor",Pje. Cuba Y Av. Eva Peron,2,2,0,0,0,0,0,"-32.93519, -60.70124",Avenida,,ROSARIO,Rosario,Asfalto,Pavimento,II,Dentro,Urbana,Semáforo,Funciona,Intersección,Bueno,Buena,Diurna,Buen Tiempo,Lateral,S/D,Colisión,Ninguna,S/D,Cordón divisorio,Sin restricción,"-32.93519, -60.70124","['Cuba', 'Avenida Eva Perón']",2,,-32.93519,-60.70124,55.0,538.0,Municipio Rosario,Municipio,Rosario,820210,Servicio de Catastro e Información Territorial,IGN
2019,427,2019-01-05,Sabado,,19:55:00,,0.0,2,"Automóvil,Automóvil",Mendoza Y Guatemala,2,2,0,0,0,0,0,"-32.94042, -60.71728",Calle,,ROSARIO,Rosario,Asfalto,No existe,II,Dentro,Urbana,Semáforo,Funciona,Intersección,Bueno,Buena,Diurna,Buen Tiempo,Lateral,S/D,Colisión,Ninguna,S/D,Cordón divisorio,Sin restricción,"-32.94042, -60.71728","['Mendoza', 'Guatemala']",2,,-32.94042,-60.71728,55.0,538.0,Municipio Rosario,Municipio,Rosario,820210,Servicio de Catastro e Información Territorial,IGN
2019,429,2019-01-04,Viernes,,18:05:00,,0.0,2,"Moto/Ciclomotor,Automóvil",Navarro 7800,3,2,0,0,1,0,0,"-32.93198, -60.72977",Calle,,ROSARIO,Rosario,Asfalto,No existe,II,S/D,Urbana,Ninguna,No existe,Recta,Bueno,Buena,Diurna,Buen Tiempo,De alcance,S/D,Colisión,Ninguna,S/D,Ninguna,Sin restricción,"-32.93198, -60.72977",['Navarro 7800'],1,,-32.93198,-60.72977,55.0,538.0,Municipio Rosario,Municipio,Rosario,820210,Servicio de Catastro e Información Territorial,IGN
2019,430,2019-01-07,Lunes,,17:40:00,,0.0,2,"Automóvil,Automóvil",Bv. Wilde Y Navarro,2,1,0,0,1,0,0,"-32.93223, -60.73868",Calle,,ROSARIO,Rosario,Asfalto,No existe,II,Dentro,Urbana,Ninguna,S/D,Recta,Bueno,Buena,Diurna,Buen Tiempo,De alcance,S/D,Colisión,Ninguna,S/D,Ninguna,Sin restricción,"-32.93223, -60.73868","['Bulevar Wilde', 'Navarro']",2,,-32.93223,-60.73868,55.0,538.0,Municipio Rosario,Municipio,Rosario,820210,Servicio de Catastro e Información Territorial,IGN
2019,432,2019-01-06,Domingo,,05:18:00,,0.0,2,"Moto/Ciclomotor,Moto/Ciclomotor",CORDOBA Y COLECTORA,2,2,0,0,0,0,0,"-32.94821, -60.62979",S/D,,ROSARIO,Rosario,Asfalto,S/D,II,S/D,Urbana,Ninguna,Funciona,Intersección,Bueno,Buena,Nocturna,Buen Tiempo,Otro,S/D,Colisión,Ninguna,S/D,Ninguna,Sin restricción,"-32.94821, -60.62979","['Córdoba', 'Colectora']",2,,-32.94821,-60.62979,55.0,538.0,Municipio Rosario,Municipio,Rosario,820210,Servicio de Catastro e Información Territorial,IGN
2019,440,2019-01-21,Lunes,,,,0.0,2,"Bicicleta,Pickup/Utilitario",Salta 2440,2,1,0,0,1,0,0,"-32.93613, -60.65484",Calle,,ROSARIO,Rosario,Asfalto,No existe,II,Dentro,Urbana,S/D,S/D,Recta,S/D,S/D,S/D,S/D,Lateral,Ciclista,Atropello,S/D,S/D,Cordón divisorio,S/D,"-32.93613, -60.65484",['Salta 2440'],1,,-32.93613,-60.65484,55.0,538.0,Municipio Rosario,Municipio,Rosario,820210,Servicio de Catastro e Información Territorial,IGN
2019,443,2019-01-21,Lunes,,14:25:00,,0.0,2,"Taxi/Remis,Moto/Ciclomotor",Ocampo Y Mitre,2,1,0,0,1,0,0,"-32.96621, -60.64459",Calle,,ROSARIO,Rosario,Asfalto,No existe,II,S/D,Urbana,Semáforo,Funciona,Recta,Bueno,S/D,Diurna,Buen Tiempo,S/D,S/D,Colisión,S/D,Vertical,Ninguna,Sin restricción,"-32.96621, -60.64459","['Ocampo', 'Mitre']",2,,-32.96621,-60.64459,55.0,538.0,Municipio Rosario,Municipio,Rosario,820210,Servicio de Catastro e Información Territorial,IGN
2019,446,2019-01-21,Lunes,,13:30:00,,0.0,2,"Bicicleta,Automóvil",Paraguay Y 9 De Julio,2,0,1,0,1,0,0,"-32.95286, -60.64557",Calle,,ROSARIO,Rosario,Asfalto,No existe,II,S/D,Urbana,Ninguna,Funciona,Recta,Bueno,Buena,Diurna,Buen Tiempo,S/D,Ciclista,Atropello,S/D,Vertical,Ninguna,Sin restricción,"-32.95286, -60.64557","['Paraguay', '9 de Julio']",2,,-32.95286,-60.64557,55.0,538.0,Municipio Rosario,Municipio,Rosario,820210,Servicio de Catastro e Información Territorial,IGN
2019,448,2019-01-21,Lunes,,02:10:00,,0.0,3,"Automóvil,Moto/Ciclomotor,Peatón",Cafferata ,5,2,2,0,1,0,0,"-32.96058, -60.676",Calle,,ROSARIO,Rosario,Asfalto,No existe,II,S/D,Urbana,Ninguna,Funciona,Recta,Bueno,Buena,Nocturna,Buen Tiempo,Otro,S/D,Colisión,S/D,S/D,Ninguna,Sin restricción,"-32.96058, -60.676",['Cafferata'],1,,-32.96058,-60.676,55.0,538.0,Municipio Rosario,Municipio,Rosario,820210,Servicio de Catastro e Información Territorial,IGN
2019,454,2019-01-21,Lunes,,10:20:00,,0.0,2,"Taxi/Remis,Moto/Ciclomotor",J.J.Paso Y Tte.Agneta,2,1,0,0,1,0,0,"-32.91987, -60.70061",Avenida,,ROSARIO,Rosario,Asfalto,No existe,II,Dentro,Urbana,Semáforo,Funciona,Intersección,Bueno,Buena,Diurna,Buen Tiempo,De alcance,S/D,Colisión,Ninguna,Faltante,Ninguna,Sin restricción,"-32.91987, -60.70061","['Paso', 'Teniente Agneta']",2,,-32.91987,-60.70061,55.0,538.0,Municipio Rosario,Municipio,Rosario,820210,Servicio de Catastro e Información Territorial,IGN
2019,455,2019-01-21,Lunes,,18:00:00,,0.0,2,"Moto/Ciclomotor,Bicicleta",Av. Sorrento Y Campbell,2,2,0,0,0,0,0,"-32.9079, -60.70977",Avenida,,ROSARIO,Rosario,Asfalto,Natural,II,Dentro,Urbana,Ninguna,No existe,Intersección,Bueno,Buena,Diurna,Buen Tiempo,Otro,Ciclista,Atropello,Ninguna,Faltante,Ninguna,Sin restricción,"-32.9079, -60.70977","['Sorrento', 'Campbell']",2,,-32.9079,-60.70977,55.0,538.0,Municipio Rosario,Municipio,Rosario,820210,Servicio de Catastro e Información Territorial,IGN
2019,457,2019-01-21,Lunes,,11:10:00,,0.0,2,"Moto/Ciclomotor,Pickup/Utilitario",Junin ,2,1,0,0,1,0,0,"-32.92704, -60.69275",Calle,,ROSARIO,Rosario,Asfalto,S/D,II,S/D,Urbana,S/D,S/D,Intersección,Bueno,Buena,Diurna,S/D,S/D,S/D,Colisión,Ninguna,S/D,S/D,S/D,"-32.92704, -60.69275",['Junín'],1,,-32.92704,-60.69275,55.0,538.0,Municipio Rosario,Municipio,Rosario,820210,Servicio de Catastro e Información Territorial,IGN
2019,459,2019-01-21,Lunes,,20:55:00,,0.0,2,"Automóvil,Moto/Ciclomotor",Washington Y Bv. Rondeau,2,1,0,0,1,0,0,"-32.90123, -60.69048",Calle,,ROSARIO,Rosario,Asfalto,S/D,II,S/D,Urbana,S/D,S/D,Intersección,Bueno,S/D,Nocturna,Buen Tiempo,Frontal,S/D,Colisión,Ninguna,S/D,S/D,Sin restricción,"-32.90123, -60.69048","['Washington', 'Rondeau']",2,,-32.90123,-60.69048,55.0,538.0,Municipio Rosario,Municipio,Rosario,820210,Servicio de Catastro e Información Territorial,IGN
2019,469,2019-01-28,Lunes,,01:45:00,,0.0,2,"Moto/Ciclomotor,Peatón",Camino de los Granaderos 7119,3,0,1,0,2,0,0,"    -32.88528, -60.71046",Calle,,ROSARIO,Rosario,Asfalto,No existe,II,Dentro,Urbana,Ninguna,No existe,Recta,Bueno,S/D,Nocturna,S/D,S/D,Peatón,Atropello,Ninguna,S/D,S/D,S/D,"    -32.88528, -60.71046",['Camino De Los Granaderos 7119'],1,,-32.88528,-60.71046,55.0,538.0,Municipio Rosario,Municipio,Rosario,820210,Servicio de Catastro e Información Territorial,IGN
2019,481,2019-01-30,Miercoles,,10:30:00,,0.0,2,"Pickup/Utilitario,Bicicleta",Bv. Segui Y Castellanos,2,1,0,0,1,0,0,"-32.97248, -60.68334",Avenida,,ROSARIO,Rosario,hormigón,No existe,II,Dentro,Urbana,Ninguna,No existe,Intersección,Bueno,Buena,Diurna,Buen Tiempo,S/D,Ciclista,Atropello,Ninguna,S/D,Cordón divisorio,Sin restricción,"-32.97248, -60.68334","['Bulevar Juan Francisco Seguí', 'Aaron Castellanos']",2,,-32.97248,-60.68334,55.0,538.0,Municipio Rosario,Municipio,Rosario,820210,Servicio de Catastro e Información Territorial,IGN
2019,488,2019-01-30,Miercoles,,08:40:00,,0.0,2,"Automóvil,Transporte de Pasajeros (H/ 8 asientos)",J.J.Paso Y Olavarria Bis,3,1,0,0,2,0,0,"-32.91995, -60.70441",Avenida,,ROSARIO,Rosario,Asfalto,No existe,II,Dentro,Urbana,Ninguna,Funciona,Intersección,Bueno,Buena,Diurna,Buen Tiempo,Otro,S/D,Colisión,Ninguna,Faltante,Ninguna,Sin restricción,"-32.91995, -60.70441","['Paso', 'Olavarría']",2,,-32.91995,-60.70441,55.0,538.0,Municipio Rosario,Municipio,Rosario,820210,Servicio de Catastro e Información Territorial,IGN
2019,496,2019-01-25,Viernes,,13:55:00,,0.0,2,"Moto/Ciclomotor,Automóvil",Ottone Bis 750,3,2,0,0,1,0,0,"-32.91663, -60.70096",Calle,,ROSARIO,Rosario,Asfalto,No existe,II,Dentro,Urbana,Ninguna,No existe,Recta,Bueno,Buena,Diurna,Buen Tiempo,Otro,S/D,Otro,Ninguna,Faltante,Ninguna,Sin restricción,"-32.91663, -60.70096",['Ottone Bis 750'],1,,-32.91663,-60.70096,55.0,538.0,Municipio Rosario,Municipio,Rosario,820210,Servicio de Catastro e Información Territorial,IGN
2019,501,2019-01-24,Jueves,,17:00:00,,0.0,2,"Moto/Ciclomotor,Camión Chasis",J.B.Justo Y Mejico,6,1,0,0,5,0,0,"-32.91509, -60.71947",Calle,,ROSARIO,Rosario,Asfalto,No existe,II,Dentro,Urbana,Ninguna,No existe,Intersección,Bueno,Buena,Diurna,Buen Tiempo,Otro,S/D,Colisión,Ninguna,Faltante,Ninguna,Sin restricción,"-32.91509, -60.71947","['Justo', 'Mejico']",2,,-32.91509,-60.71947,55.0,538.0,Municipio Rosario,Municipio,Rosario,820210,Servicio de Catastro e Información Territorial,IGN
2019,507,2019-01-25,Viernes,,07:30:00,,0.0,2,"Moto/Ciclomotor,Automóvil",J.J.Paso Y Liniers,3,1,1,0,1,0,0,"-32.91976, -60.69937",Avenida,,ROSARIO,Rosario,Asfalto,No existe,II,Dentro,Urbana,Ninguna,No existe,Intersección,Bueno,Buena,Diurna,Buen Tiempo,Otro,S/D,Colisión,Ninguna,Faltante,Ninguna,Sin restricción,"-32.91976, -60.69937","['Paso', 'Liniers']",2,,-32.91976,-60.69937,55.0,538.0,Municipio Rosario,Municipio,Rosario,820210,Servicio de Catastro e Información Territorial,IGN
2019,513,2019-01-22,Martes,,14:50:00,,0.0,2,"Moto/Ciclomotor,Automóvil",Paraguay Y Salta,2,1,0,0,1,0,0,"-32.93845, -60.64195",Calle,,ROSARIO,Rosario,Asfalto,No existe,II,S/D,Urbana,Ninguna,Funciona,Recta,Bueno,S/D,Diurna,Buen Tiempo,S/D,S/D,Colisión,S/D,Vertical,Ninguna,Sin restricción,"-32.93845, -60.64195","['Paraguay', 'Salta']",2,,-32.93845,-60.64195,55.0,538.0,Municipio Rosario,Municipio,Rosario,820210,Servicio de Catastro e Información Territorial,IGN
2019,514,2019-01-22,Martes,,18:30:00,,0.0,2,"Moto/Ciclomotor,Automóvil",Av. Uriburu Y Santiago,2,1,0,0,1,0,0,"-32.9914, -60.66826",Avenida,,ROSARIO,Rosario,Asfalto,S/D,II,Dentro,Urbana,S/D,S/D,Intersección,S/D,S/D,Diurna,S/D,S/D,S/D,Colisión,S/D,S/D,Cordón divisorio,S/D,"-32.9914, -60.66826","['Uriburu', 'Santiago']",2,,-32.9914,-60.66826,55.0,538.0,Municipio Rosario,Municipio,Rosario,820210,Servicio de Catastro e Información Territorial,IGN
2019,515,2019-01-28,Lunes,,00:05:00,,0.0,2,"Vehículo Oficial,Peatón",Roullon Y Bv. Segui,2,0,1,0,1,0,0,"-32.97069, -60.70095",Avenida,,ROSARIO,Rosario,Asfalto,No existe,II,Dentro,Urbana,Semáforo,No existe,Recta,Bueno,Buena,Nocturna,Buen Tiempo,S/D,Peatón,Atropello,Ninguna,Faltante,Ninguna,Sin restricción,"-32.97069, -60.70095","['Alfredo Rouillón', 'Bulevar Juan Francisco Seguí']",2,,-32.97069,-60.70095,55.0,538.0,Municipio Rosario,Municipio,Rosario,820210,Servicio de Catastro e Información Territorial,IGN
2019,517,2019-01-26,Sabado,,09:00:00,,0.0,1,Bicicleta,Albert Sabin Y Reconquista,1,1,0,0,0,0,0,"-32.91821, -60.68948",Calle,,ROSARIO,Rosario,Asfalto,Pavimento,II,Dentro,Urbana,Semáforo,Funciona,Intersección,Bueno,Buena,Diurna,Buen Tiempo,Frontal,Ciclista,"Caída ocupante,Atropello",Ninguna,Horizontal,Cordón divisorio,Sin restricción,"-32.91821, -60.68948","['Avenida Travesía Albert Sabin', 'Reconquista']",2,,-32.91821,-60.68948,55.0,538.0,Municipio Rosario,Municipio,Rosario,820210,Servicio de Catastro e Información Territorial,IGN
2019,520,2019-01-26,Sabado,,,,0.0,2,"Moto/Ciclomotor,Automóvil",Av. Alberti Y French,2,1,0,0,1,0,0,"-32.92087, -60.68104",Avenida,,ROSARIO,Rosario,Asfalto,No existe,II,S/D,Urbana,Semáforo,Funciona,Intersección,Bueno,Buena,Nocturna,Buen Tiempo,Lateral,S/D,Colisión,Ninguna,"Horizontal,Vertical",Cordón divisorio,Sin restricción,"-32.92087, -60.68104","['Alberdi', 'French']",2,,-32.92087,-60.68104,55.0,538.0,Municipio Rosario,Municipio,Rosario,820210,Servicio de Catastro e Información Territorial,IGN
2019,522,2019-01-22,Martes,,16:05:00,,0.0,2,"Bicicleta,Automóvil",Sanchez de Bustamante Y Serrano,2,1,0,0,1,0,0,"-33.00144, -60.63179",Calle,,ROSARIO,Rosario,Asfalto,No existe,II,Dentro,Urbana,S/D,No existe,Intersección,Bueno,Buena,Diurna,Buen Tiempo,S/D,Ciclista,Atropello,Ninguna,Faltante,Ninguna,Sin restricción,"-33.00144, -60.63179","['Sánchez de Bustamante', 'Serrano']",2,,-33.00144,-60.63179,55.0,538.0,Municipio Rosario,Municipio,Rosario,820210,Servicio de Catastro e Información Territorial,IGN
2019,524,2019-01-22,Martes,,14:10:00,,0.0,2,"Moto/Ciclomotor,Moto/Ciclomotor",San Martin Y Cabildo,3,3,0,0,0,0,0,"-33.00739, -60.6503",Calle,,ROSARIO,Rosario,Asfalto,No existe,II,Dentro,Urbana,Ninguna,No existe,Intersección,Bueno,Buena,Diurna,Buen Tiempo,Lateral,S/D,Colisión,S/D,Faltante,Cordón divisorio,Sin restricción,"-33.00739, -60.6503","['San Martin', 'Cabildo']",2,,-33.00739,-60.6503,55.0,538.0,Municipio Rosario,Municipio,Rosario,820210,Servicio de Catastro e Información Territorial,IGN
2019,529,2019-01-31,Jueves,,15:20:00,,0.0,2,"Moto/Ciclomotor,Automóvil",Ecuador Y White,4,3,0,0,1,0,0,"-32.9414, -60.71492",Calle,,ROSARIO,Rosario,Asfalto,No existe,II,Dentro,Urbana,Ninguna,No existe,Intersección,Bueno,Buena,Diurna,Buen Tiempo,Lateral,S/D,Colisión,Ninguna,S/D,Ninguna,Sin restricción,"-32.9414, -60.71492","['Ecuador', 'White']",2,,-32.9414,-60.71492,55.0,538.0,Municipio Rosario,Municipio,Rosario,820210,Servicio de Catastro e Información Territorial,IGN
2019,530,2019-01-30,Miercoles,,21:05:00,,0.0,2,"Moto/Ciclomotor,Pickup/Utilitario",Av. Pellegrini Y Pje. Travella,3,1,1,0,1,0,0,"-32.94847, -60.71045",Avenida,,ROSARIO,Rosario,Asfalto,No existe,II,Dentro,Urbana,S/D,No existe,Recta,Bueno,Buena,Nocturna,Buen Tiempo,Lateral,S/D,Colisión,Ninguna,S/D,Cordón divisorio,Sin restricción,"-32.94847, -60.71045","['Pellegrini', 'Travella']",2,,-32.94847,-60.71045,55.0,538.0,Municipio Rosario,Municipio,Rosario,820210,Servicio de Catastro e Información Territorial,IGN
2019,534,2019-01-31,Jueves,,13:05:00,,0.0,3,"Pickup/Utilitario,Automóvil,Automóvil",Av. Eva Peron Y Malabia Bis,5,2,0,0,3,0,0,"-32.92548, -60.76151",Avenida,,ROSARIO,Rosario,Asfalto,S/D,II,Dentro,Urbana,Ninguna,S/D,Intersección,Bueno,Buena,Diurna,Buen Tiempo,Múltiple,S/D,Colisión,Ninguna,S/D,Ninguna,Sin restricción,"-32.92548, -60.76151","['Avenida Eva Perón', 'Malabia']",2,,-32.92548,-60.76151,55.0,538.0,Municipio Rosario,Municipio,Rosario,820210,Servicio de Catastro e Información Territorial,IGN