anio_acci,nro_acci,fecha,desc_dia,fecha_aprox,hora_aprox,desc_ruta,km,cant_participantes,desc_participante,calle_avenida_km,total,heridos_leves,heridos_graves,heridos_gravisimos,ilesos,fallecidos,sin_datos,posicion_XY,desc_tipo_via,desc_ruta_ori,desc_loc,desc_dpto,desc_tipo_calzada,desc_tipo_banquina,desc_unidad_regional,desc_lugar_calzada,desc_zona,desc_prioridad,desc_estado_semaforo,desc_lugar_via,desc_estado_via,desc_estado_visibilidad,desc_luminosidad,desc_estado_clima,desc_tipo_colision,desc_tipo_atropello,desc_tipo_hecho,desc_pres_calzada,desc_senializacion,desc_separacion_via,desc_restriccion,forma_geocod,calle_lista,numero_calles,calles_osm,lat,lon,index_right,gid,fna,gna,nam,in1,fdc,sag
2019,549,2019-01-23,Miercoles,,08:45:00,,0.0,2,"Bicicleta,Automóvil", ,2,0,0,1,1,0,0,"-32.94361, -60.64039",Calle,,ROSARIO,Rosario,Asfalto,No existe,II,S/D,Urbana,Ninguna,Funciona,Recta,Bueno,Buena,Diurna,Buen Tiempo,S/D,Ciclista,Atropello,S/D,Vertical,Ninguna,Sin restricción,"-32.94361, -60.64039",[''],0,,-32.94361,-60.64039,55.0,538.0,Municipio Rosario,Municipio,Rosario,820210,Servicio de Catastro e Información Territorial,IGN
2019,551,2019-01-23,Miercoles,,12:15:00,,0.0,2,"Automóvil,Pickup/Utilitario",Pueyrredon Y San Lorenzo,2,2,0,0,0,0,0,"-32.94068, -60.65677",Calle,,ROSARIO,Rosario,Asfalto,No existe,II,S/D,Urbana,Ninguna,Funciona,Recta,Bueno,Buena,Diurna,Buen Tiempo,S/D,S/D,Colisión,S/D,Vertical,Ninguna,Sin restricción,"-32.94068, -60.65677","['Pueyrredón', 'San Lorenzo']",2,,-32.94068,-60.65677,55.0,538.0,Municipio Rosario,Municipio,Rosario,820210,Servicio de Catastro e Información Territorial,IGN
2019,561,2019-01-23,Miercoles,,17:30:00,,0.0,2,"Moto/Ciclomotor,Moto/Ciclomotor",Av. Ntra.Sra.del Rosario Y Ayacucho,5,2,0,0,1,0,2,"-32.9995, -60.63634",Avenida,,ROSARIO,Rosario,Asfalto,No existe,II,Dentro,Urbana,Semáforo,Funciona,Intersección,Bueno,Buena,Diurna,Buen Tiempo,Lateral,S/D,Colisión,Ninguna,"Horizontal,Vertical",Ninguna,Sin restricción,"-32.9995, -60.63634","['Nuestra Señora del Rosario', 'Ayacucho']",2,,-32.9995,-60.63634,55.0,538.0,Municipio Rosario,Municipio,Rosario,820210,Servicio de Catastro e Información Territorial,IGN
2019,562,2019-01-23,Miercoles,,13:00:00,,0.0,2,"Peatón,Pickup/Utilitario",Victor Mercante 1137,3,0,1,0,2,0,0,"-32.9147, -60.6842",Calle,,ROSARIO,Rosario,Asfalto,No existe,II,Dentro,Urbana,Ninguna,No existe,Recta,Bueno,Buena,Diurna,Buen Tiempo,S/D,Peatón,Atropello,Ninguna,Vertical,Ninguna,Sin restricción,"-32.9147, -60.6842",['Victor Mercante 1137'],1,,-32.9147,-60.6842,55.0,538.0,Municipio Rosario,Municipio,Rosario,820210,Servicio de Catastro e Información Territorial,IGN
2019,566,2019-01-31,Jueves,,13:40:00,,0.0,2,"Automóvil,Bicicleta",La Republica Y J.Colombres,3,2,0,0,1,0,0,"-32.91907, -60.73031",Calle,,ROSARIO,Rosario,Asfalto,No existe,II,Dentro,Urbana,Ninguna,No existe,Intersección,Bueno,Buena,Diurna,Buen Tiempo,S/D,Ciclista,Atropello,Ninguna,S/D,Ninguna,Sin restricción,"-32.91907, -60.73031","['La República', 'José Colombres']",2,,-32.91907,-60.73031,55.0,538.0,Municipio Rosario,Municipio,Rosario,820210,Servicio de Catastro e Información Territorial,IGN
2019,572,2019-01-01,Martes,,,,0.0,2,"Moto/Ciclomotor,Moto/Ciclomotor",Bv. Oroño Y Av. Ntra.Sra.del Rosario,2,1,0,0,1,0,0,"-33.00055, -60.66496",S/D,,ROSARIO,Rosario,S/D,S/D,II,S/D,S/D,S/D,S/D,S/D,S/D,S/D,S/D,S/D,S/D,S/D,S/D,S/D,S/D,S/D,S/D,"-33.00055, -60.66496","['Bulevar Nicasio Oroño', 'Nuestra Señora del Rosario']",2,,-33.00055,-60.66496,55.0,538.0,Municipio Rosario,Municipio,Rosario,820210,Servicio de Catastro e Información Territorial,IGN
2019,577,2019-01-01,Martes,,15:00:00,,0.0,2,"Moto/Ciclomotor,Automóvil",Rodo 400,3,2,0,0,1,0,0,"-32.93295, -60.72612",S/D,,ROSARIO,Rosario,S/D,S/D,II,S/D,S/D,S/D,S/D,S/D,S/D,S/D,S/D,S/D,S/D,S/D,S/D,S/D,S/D,S/D,S/D,"-32.93295, -60.72612",['Rodo 400'],1,,-32.93295,-60.72612,55.0,538.0,Municipio Rosario,Municipio,Rosario,820210,Servicio de Catastro e Información Territorial,IGN
2019,585,2019-01-01,Martes,,17:50:00,,0.0,2,"Automóvil,Automóvil",Dean Funes Y España,2,1,0,0,1,0,0,"-32.97418, -60.65384",S/D,,ROSARIO,Rosario,S/D,S/D,II,S/D,S/D,S/D,S/D,S/D,S/D,S/D,S/D,S/D,S/D,S/D,S/D,S/D,S/D,S/D,S/D,"-32.97418, -60.65384","['Deán Gregorio Funes', 'España']",2,,-32.97418,-60.65384,55.0,538.0,Municipio Rosario,Municipio,Rosario,820210,Servicio de Catastro e Información Territorial,IGN
2019,602,2019-01-03,Jueves,,10:35:00,,0.0,2,"Automóvil,Automóvil",Constitucion Y La Paz,2,1,0,0,1,0,0,"-32.95786, -60.6782",S/D,,ROSARIO,Rosario,S/D,S/D,II,S/D,S/D,S/D,S/D,S/D,S/D,S/D,S/D,S/D,S/D,S/D,Colisión,S/D,S/D,S/D,S/D,"-32.95786, -60.6782","['Constitución', 'La Paz']",2,,-32.95786,-60.6782,55.0,538.0,Municipio Rosario,Municipio,Rosario,820210,Servicio de Catastro e Información Territorial,IGN
2019,614,2019-01-06,Domingo,,18:30:00,,0.0,2,"Peatón,Transporte de Pasajeros Urbano (> 8 asientos)",San Martin Y 24 De Setiembre,2,1,1,0,0,0,0,"-32.98128, -60.64458",S/D,,ROSARIO,Rosario,S/D,S/D,II,S/D,S/D,S/D,S/D,S/D,S/D,S/D,S/D,S/D,S/D,Peatón,Atropello,S/D,S/D,S/D,S/D,"-32.98128, -60.64458","['San Martin', '24 de Septiembre']",2,,-32.98128,-60.64458,55.0,538.0,Municipio Rosario,Municipio,Rosario,820210,Servicio de Catastro e Información Territorial,IGN
2019,615,2019-01-06,Domingo,,21:30:00,,0.0,2,"Automóvil,Moto/Ciclomotor",Av. Battle y Ordoñez Y España,2,1,0,0,1,0,0,"-33.0092, -60.65726",S/D,,ROSARIO,Rosario,S/D,S/D,II,S/D,S/D,S/D,S/D,S/D,S/D,S/D,S/D,S/D,S/D,S/D,S/D,S/D,S/D,S/D,S/D,"-33.0092, -60.65726","['Avenida Battle y Ordoñez', 'España']",2,,-33.0092,-60.65726,55.0,538.0,Municipio Rosario,Municipio,Rosario,820210,Servicio de Catastro e Información Territorial,IGN
2019,652,2019-01-07,Lunes,,12:00:00,,0.0,2,"Transporte de Pasajeros Urbano (> 8 asientos),Automóvil",Buenos Aires Y Pasco,8,7,1,0,0,0,0,"-32.96061, -60.63602",S/D,,ROSARIO,Rosario,S/D,S/D,II,S/D,S/D,S/D,S/D,S/D,S/D,S/D,S/D,S/D,S/D,S/D,S/D,S/D,S/D,S/D,S/D,"-32.96061, -60.63602","['Buenos Aires', 'Pasco']",2,,-32.96061,-60.63602,55.0,538.0,Municipio Rosario,Municipio,Rosario,820210,Servicio de Catastro e Información Territorial,IGN
2019,654,2019-01-25,Viernes,,14:55:00,,0.0,2,"Automóvil,Moto/Ciclomotor",Aurora Y Crespo,2,1,0,0,1,0,0,"-32.99955, -60.68068",Calle,,ROSARIO,Rosario,Asfalto,No existe,II,Dentro,Urbana,S/D,S/D,Intersección,S/D,S/D,Diurna,S/D,Lateral,S/D,Colisión,S/D,S/D,S/D,S/D,"-32.99955, -60.68068","['Aurora', 'Crespo']",2,,-32.99955,-60.68068,55.0,538.0,Municipio Rosario,Municipio,Rosario,820210,Servicio de Catastro e Información Territorial,IGN
2019,658,2019-01-29,Martes,,11:35:00,,0.0,2,"Moto/Ciclomotor,Pickup/Utilitario",Larrea 600,2,0,0,0,1,1,0,"-32.93415, -60.69748",Calle,,ROSARIO,Rosario,Asfalto,No existe,II,Dentro,Urbana,Ninguna,No existe,Recta,S/D,S/D,Diurna,S/D,S/D,S/D,Colisión,Ninguna,Faltante,"Ninguna,S/D",Sin restricción,"-32.93415, -60.69748",['Larrea 600'],1,,-32.93415,-60.69748,55.0,538.0,Municipio Rosario,Municipio,Rosario,820210,Servicio de Catastro e Información Territorial,IGN
2019,736,2019-02-09,Sabado,,15:30:00,,0.0,2,"Moto/Ciclomotor,Peatón",Velez Sarsfield Y Pje. 1530 Bis,3,2,0,0,1,0,0,"-32.92578, -60.70343",Calle,,ROSARIO,Rosario,S/D,No existe,II,S/D,Urbana,Ninguna,No existe,Recta,S/D,S/D,Diurna,S/D,S/D,Peatón,Atropello,S/D,Faltante,Ninguna,Sin restricción,"-32.92578, -60.70343","['Vélez Sarsfield', 'Pasaje 1530']",2,,-32.92578,-60.70343,55.0,538.0,Municipio Rosario,Municipio,Rosario,820210,Servicio de Catastro e Información Territorial,IGN
2019,738,2019-02-12,Martes,,17:30:00,,0.0,3,"Automóvil,Pickup/Utilitario,Camión Chasis",J.J.Paso Y Cullen,4,1,0,0,3,0,0,"-32.92015, -60.7097",Calle,,ROSARIO,Rosario,Asfalto,No existe,II,Dentro,Urbana,Semáforo,Funciona,Intersección,Bueno,Buena,Diurna,Buen Tiempo,Múltiple,S/D,Otro,Ninguna,Vertical,Ninguna,Sin restricción,"-32.92015, -60.7097","['Paso', 'Cullen']",2,,-32.92015,-60.7097,55.0,538.0,Municipio Rosario,Municipio,Rosario,820210,Servicio de Catastro e Información Territorial,IGN
2019,741,2019-02-11,Lunes,,12:35:00,,0.0,2,"Peatón,Automóvil",San Martin Y Mr.Ross,3,1,0,0,2,0,0,"-32.9887, -60.64618",Calle,,ROSARIO,Rosario,Asfalto,No existe,II,S/D,Urbana,Ninguna,No existe,Intersección,Bueno,S/D,Diurna,Buen Tiempo,S/D,Peatón,Atropello,Ninguna,Faltante,Ninguna,Sin restricción,"-32.9887, -60.64618","['San Martin', 'Rodrigo M. Ross']",2,,-32.9887,-60.64618,55.0,538.0,Municipio Rosario,Municipio,Rosario,820210,Servicio de Catastro e Información Territorial,IGN
2019,742,2019-02-14,Jueves,,14:30:00,,0.0,2,"Automóvil,Automóvil",Pte.Quintana Y Mitre,4,3,0,0,1,0,0,"-32.98229, -60.64866",Calle,,ROSARIO,Rosario,Asfalto,No existe,II,Dentro,Urbana,Ninguna,No existe,Intersección,Bueno,Buena,Diurna,Buen Tiempo,Lateral,S/D,Colisión,Ninguna,Faltante,Ninguna,Sin restricción,"-32.98229, -60.64866","['Quintana', 'Mitre']",2,,-32.98229,-60.64866,55.0,538.0,Municipio Rosario,Municipio,Rosario,820210,Servicio de Catastro e Información Territorial,IGN
2019,745,2019-02-14,Jueves,,10:30:00,,0.0,2,"Automóvil,Automóvil",Benito Juarez Y Av. Corrientes,3,1,0,0,2,0,0,"-32.99306, -60.65362",Calle,,ROSARIO,Rosario,Asfalto,No existe,II,S/D,Urbana,Ninguna,No existe,Intersección,Bueno,Buena,Diurna,Buen Tiempo,Lateral,S/D,Colisión,Ninguna,Faltante,Ninguna,Sin restricción,"-32.99306, -60.65362","['Benito Juárez', 'Corrientes']",2,,-32.99306,-60.65362,55.0,538.0,Municipio Rosario,Municipio,Rosario,820210,Servicio de Catastro e Información Territorial,IGN
2019,748,2019-02-14,Jueves,,09:00:00,,0.0,2,"Bicicleta,Automóvil",Bv. Oroño Y Av. Dante Alighieri,2,1,0,0,1,0,0,"-32.94812, -60.65452",Avenida,,ROSARIO,Rosario,Asfalto,No existe,II,S/D,Urbana,Ninguna,No existe,Intersección,Bueno,Buena,Diurna,Buen Tiempo,S/D,Ciclista,Atropello,Ninguna,Faltante,Ninguna,Sin restricción,"-32.94812, -60.65452","['Bulevar Nicasio Oroño', 'Dante Alighieri']",2,,-32.94812,-60.65452,55.0,538.0,Municipio Rosario,Municipio,Rosario,820210,Servicio de Catastro e Información Territorial,IGN
2019,749,2019-02-15,Viernes,,21:50:00,,0.0,2,"Automóvil,Automóvil",Cochabamba Y Mitre,3,1,0,0,2,0,0,"-32.9582, -60.64253",Calle,,ROSARIO,Rosario,Asfalto,No existe,II,Dentro,Urbana,Ninguna,No existe,Intersección,Bueno,Buena,"Nocturna,Con luz artificial",Buen Tiempo,Lateral,S/D,Colisión,Ninguna,Faltante,Ninguna,Sin restricción,"-32.9582, -60.64253","['Cochabamba', 'Mitre']",2,,-32.9582,-60.64253,55.0,538.0,Municipio Rosario,Municipio,Rosario,820210,Servicio de Catastro e Información Territorial,IGN
2019,751,2019-02-14,Jueves,,17:45:00,,0.0,2,"Automóvil,Peatón",Bv. Oroño Y Rivadavia,2,0,1,0,1,0,0,"-32.93212, -60.65027",Avenida,,ROSARIO,Rosario,Asfalto,No existe,II,S/D,Urbana,S/D,S/D,Intersección,Bueno,Buena,Diurna,Buen Tiempo,S/D,Peatón,Atropello,Ninguna,S/D,S/D,S/D,"-32.93212, -60.65027","['Bulevar Nicasio Oroño', 'Rivadavia']",2,,-32.93212,-60.65027,55.0,538.0,Municipio Rosario,Municipio,Rosario,820210,Servicio de Catastro e Información Territorial,IGN
2019,752,2019-02-14,Jueves,,14:20:00,,0.0,2,"Moto/Ciclomotor,Automóvil",Lavalle Y Mendoza,2,1,0,0,1,0,0,"-32.94444, -60.67907",Calle,,ROSARIO,Rosario,Asfalto,No existe,II,S/D,Urbana,S/D,S/D,Intersección,Bueno,Buena,Diurna,Buen Tiempo,S/D,S/D,Colisión,Ninguna,S/D,S/D,S/D,"-32.94444, -60.67907","['Lavalle', 'Mendoza']",2,,-32.94444,-60.67907,55.0,538.0,Municipio Rosario,Municipio,Rosario,820210,Servicio de Catastro e Información Territorial,IGN
2019,754,2019-02-12,Martes,,22:00:00,,0.0,2,"Moto/Ciclomotor,Automóvil",San Lorenzo Y San Nicolas,3,2,0,0,1,0,0,"-32.93802, -60.67176",Calle,,ROSARIO,Rosario,Asfalto,No existe,II,Dentro,Urbana,S/D,S/D,Intersección,Bueno,Buena,Nocturna,Buen Tiempo,S/D,S/D,Colisión,Ninguna,S/D,S/D,S/D,"-32.93802, -60.67176","['San Lorenzo', 'San Nicolás']",2,,-32.93802,-60.67176,55.0,538.0,Municipio Rosario,Municipio,Rosario,820210,Servicio de Catastro e Información Territorial,IGN
2019,755,2019-02-13,Miercoles,,14:20:00,,0.0,2,"Moto/Ciclomotor,Automóvil",Cordoba Y España,2,1,0,0,1,0,0,"-32.94495, -60.6465",Calle,,ROSARIO,Rosario,Asfalto,No existe,II,S/D,Urbana,S/D,S/D,Intersección,Bueno,Buena,Diurna,Buen Tiempo,Lateral,S/D,Colisión,Ninguna,S/D,S/D,S/D,"-32.94495, -60.6465","['Córdoba', 'España']",2,,-32.94495,-60.6465,55.0,538.0,Municipio Rosario,Municipio,Rosario,820210,Servicio de Catastro e Información Territorial,IGN
2019,756,2019-02-08,Viernes,,07:00:00,,0.0,2,"Moto/Ciclomotor,Automóvil",Gaboto Y Italia,3,2,0,0,1,0,0,"-32.97162, -60.65464",Calle,,ROSARIO,Rosario,Asfalto,No existe,II,Dentro,Urbana,S/D,S/D,Intersección,Bueno,Buena,Amanecer,Buen Tiempo,Lateral,S/D,Colisión,Ninguna,S/D,S/D,S/D,"-32.97162, -60.65464","['Gaboto', 'Italia']",2,,-32.97162,-60.65464,55.0,538.0,Municipio Rosario,Municipio,Rosario,820210,Servicio de Catastro e Información Territorial,IGN
2019,758,2019-02-09,Sabado,,18:00:00,,0.0,2,"Moto/Ciclomotor,Automóvil",Colon Y La Paz,2,1,0,0,1,0,0,"-32.96642, -60.62996",Calle,,ROSARIO,Rosario,Asfalto,No existe,II,Dentro,Urbana,S/D,S/D,Intersección,Bueno,Buena,Atardecer,Buen Tiempo,S/D,S/D,Colisión,Ninguna,S/D,S/D,S/D,"-32.96642, -60.62996","['Colon', 'La Paz']",2,,-32.96642,-60.62996,55.0,538.0,Municipio Rosario,Municipio,Rosario,820210,Servicio de Catastro e Información Territorial,IGN
2019,760,2019-02-11,Lunes,,20:55:00,,0.0,2,"Bicicleta,Bicicleta",Ocampo Y Maipu,2,1,0,0,1,0,0,"-32.96692, -60.64055",Calle,,ROSARIO,Rosario,Asfalto,S/D,II,S/D,Urbana,Semáforo,Funciona,Intersección,Bueno,S/D,Nocturna,Buen Tiempo,S/D,Ciclista,Atropello,S/D,Vertical,Ninguna,Sin restricción,"-32.96692, -60.64055","['Ocampo', 'Maipú']",2,,-32.96692,-60.64055,55.0,538.0,Municipio Rosario,Municipio,Rosario,820210,Servicio de Catastro e Información Territorial,IGN
2019,762,2019-02-11,Lunes,,14:30:00,,0.0,2,"Bicicleta,Transporte de Pasajeros Urbano (> 8 asientos)",San Luis Y Alsina,2,1,0,0,1,0,0,"-32.9422, -60.67711",Calle,,ROSARIO,Rosario,Asfalto,No existe,II,S/D,Urbana,Semáforo,Funciona,Intersección,Bueno,Buena,Diurna,Buen Tiempo,S/D,Ciclista,Atropello,S/D,S/D,Ninguna,Sin restricción,"-32.9422, -60.67711","['San Luis', 'Alsina']",2,,-32.9422,-60.67711,55.0,538.0,Municipio Rosario,Municipio,Rosario,820210,Servicio de Catastro e Información Territorial,IGN
2019,765,2019-02-11,Lunes,,18:30:00,,0.0,2,"Moto/Ciclomotor,Pickup/Utilitario",San Lorenzo Y Av. Ovidio Lagos,2,1,0,0,1,0,0,"-32.93995, -60.66086",Calle,,ROSARIO,Rosario,Asfalto,No existe,II,S/D,Urbana,Semáforo,Funciona,Intersección,Bueno,Buena,Diurna,Buen Tiempo,S/D,S/D,Colisión,S/D,S/D,Ninguna,Sin restricción,"-32.93995, -60.66086","['San Lorenzo', 'Avenida Ovidio Lagos']",2,,-32.93995,-60.66086,55.0,538.0,Municipio Rosario,Municipio,Rosario,820210,Servicio de Catastro e Información Territorial,IGN
2019,766,2019-02-11,Lunes,,05:45:00,,0.0,2,"Moto/Ciclomotor,Taxi/Remis",Av. Avellaneda B Y Cordoba,2,1,0,0,1,0,0,"-32.9391, -60.67905",Calle,,ROSARIO,Rosario,Asfalto,No existe,II,S/D,Urbana,Semáforo,Funciona,Intersección,Bueno,Buena,Amanecer,Buen Tiempo,S/D,S/D,Colisión,S/D,S/D,Ninguna,Sin restricción,"-32.9391, -60.67905","['Avellaneda', 'Córdoba']",2,,-32.9391,-60.67905,55.0,538.0,Municipio Rosario,Municipio,Rosario,820210,Servicio de Catastro e Información Territorial,IGN
2019,768,2019-02-13,Miercoles,,09:20:00,,0.0,2,"Moto/Ciclomotor,Automóvil",Tucuman Y Castellanos,2,1,0,0,1,0,0,"-32.93517, -60.67389",Calle,,ROSARIO,Rosario,S/D,S/D,II,S/D,Urbana,S/D,S/D,Intersección,S/D,S/D,Diurna,S/D,S/D,S/D,Colisión,S/D,S/D,S/D,S/D,"-32.93517, -60.67389","['Tucumán', 'Aaron Castellanos']",2,,-32.93517,-60.67389,55.0,538.0,Municipio Rosario,Municipio,Rosario,820210,Servicio de Catastro e Información Territorial,IGN
2019,773,2019-02-11,Lunes,,08:50:00,,0.0,2,"Pickup/Utilitario,Moto/Ciclomotor", ,2,1,0,0,1,0,0,"-33.00352, -60.68322",Avenida,,ROSARIO,Rosario,Asfalto,No existe,II,S/D,Urbana,S/D,S/D,Recta,S/D,S/D,Diurna,S/D,S/D,S/D,Colisión,S/D,S/D,S/D,S/D,"-33.00352, -60.68322",[''],0,,-33.00352,-60.68322,55.0,538.0,Municipio Rosario,Municipio,Rosario,820210,Servicio de Catastro e Información Territorial,IGN
2019,774,2019-02-14,Jueves,,07:50:00,,0.0,2,"Moto/Ciclomotor,Automóvil",Cereseto Y Av. Ntra.Sra.del Rosario,3,1,0,0,2,0,0,"-33.00084, -60.67393",Calle,,ROSARIO,Rosario,Asfalto,S/D,II,S/D,Urbana,S/D,S/D,Intersección,S/D,S/D,Diurna,S/D,S/D,S/D,Colisión,S/D,S/D,S/D,S/D,"-33.00084, -60.67393","['Cereseto', 'Nuestra Señora del Rosario']",2,,-33.00084,-60.67393,55.0,538.0,Municipio Rosario,Municipio,Rosario,820210,Servicio de Catastro e Información Territorial,IGN
2019,775,2019-02-14,Jueves,,12:40:00,,0.0,2,"Vehículo Oficial,Automóvil",Av. Ovidio Lagos 6500,2,1,0,0,1,0,0,"-33.0129, -60.67815",Avenida,,ROSARIO,Rosario,Asfalto,S/D,II,Dentro,Urbana,S/D,S/D,Recta,S/D,S/D,Diurna,S/D,S/D,S/D,Colisión,S/D,S/D,S/D,S/D,"-33.0129, -60.67815",['Ovidio Lagos 6500'],1,,-33.0129,-60.67815,55.0,538.0,Municipio Rosario,Municipio,Rosario,820210,Servicio de Catastro e Información Territorial,IGN
2019,787,2019-02-12,Martes,,09:30:00,,0.0,2,"Bicicleta,Automóvil",Av. Francia Y Av. Luis Carballo,2,0,1,0,0,0,1,"-32.9254, -60.66161",Calle,,ROSARIO,Rosario,S/D,No existe,II,S/D,Urbana,Semáforo,Funciona,Recta,Otro,Buena,Diurna,Buen Tiempo,S/D,Ciclista,Atropello,Ninguna,Vertical,Ninguna,Sin restricción,"-32.9254, -60.66161","['Avenida Francia', 'Avenida Doctor Luis Cándido Carballo']",2,,-32.9254,-60.66161,55.0,538.0,Municipio Rosario,Municipio,Rosario,820210,Servicio de Catastro e Información Territorial,IGN
2019,788,2019-02-09,Sabado,,00:04:00,,0.0,2,"Pickup/Utilitario,Moto/Ciclomotor",Washington Y Casiano Casas,3,2,0,0,1,0,0,"-32.90347, -60.70072",Calle,,ROSARIO,Rosario,Asfalto,No existe,II,Dentro,Urbana,Ninguna,Intermitente,Intersección,Bueno,Buena,Nocturna,Buen Tiempo,De alcance,S/D,Colisión,Ninguna,Faltante,Cordón divisorio,Sin restricción,"-32.90347, -60.70072","['Washington', 'Avenida Casiano Casas']",2,,-32.90347,-60.70072,55.0,538.0,Municipio Rosario,Municipio,Rosario,820210,Servicio de Catastro e Información Territorial,IGN
2019,791,2019-02-09,Sabado,,,,0.0,2,"Moto/Ciclomotor,Automóvil",Maiztegui Y Bv. Rondeau,2,1,0,0,1,0,0,"-32.87284, -60.69807",Calle,,ROSARIO,Rosario,Asfalto,S/D,II,S/D,Urbana,S/D,S/D,Curva,Bueno,S/D,S/D,S/D,S/D,S/D,Colisión,S/D,S/D,S/D,S/D,"-32.87284, -60.69807","['Maiztegui', 'Rondeau']",2,,-32.87284,-60.69807,55.0,538.0,Municipio Rosario,Municipio,Rosario,820210,Servicio de Catastro e Información Territorial,IGN
2019,797,2019-02-14,Jueves,,17:50:00,,0.0,2,"Moto/Ciclomotor,Automóvil",Av. Genova Y Ottone Bis,3,1,0,0,2,0,0,"-32.91571, -60.70103",Calle,,ROSARIO,Rosario,Asfalto,No existe,II,Dentro,Urbana,Semáforo,Funciona,Intersección,Bueno,Buena,Diurna,Buen Tiempo,Lateral,S/D,Colisión,Ninguna,Vertical,Ninguna,Sin restricción,"-32.91571, -60.70103","['Genova', 'Ottone']",2,,-32.91571,-60.70103,55.0,538.0,Municipio Rosario,Municipio,Rosario,820210,Servicio de Catastro e Información Territorial,IGN
2019,798,2019-02-11,Lunes,,17:25:00,,0.0,2,"Automóvil,Bicicleta",Av. Brassey Y Venezuela,2,1,0,0,1,0,0,"-32.92287, -60.72531",Calle,,ROSARIO,Rosario,Asfalto,No existe,II,S/D,Urbana,Ninguna,No existe,Intersección,Bueno,Buena,Diurna,Buen Tiempo,S/D,Ciclista,Atropello,Ninguna,S/D,Ninguna,Sin restricción,"-32.92287, -60.72531","['Brassey', 'Venezuela']",2,,-32.92287,-60.72531,55.0,538.0,Municipio Rosario,Municipio,Rosario,820210,Servicio de Catastro e Información Territorial,IGN
2019,801,2019-02-12,Martes,,17:00:00,,0.0,2,"Bicicleta,Automóvil",Av. Eva Peron 5700,2,1,0,0,1,0,0,"-32.93524, -60.70028",Calle,,ROSARIO,Rosario,Asfalto,Pavimento,II,Dentro,Urbana,Semáforo,Funciona,Recta,Deteriorada,Buena,Diurna,Buen Tiempo,S/D,Ciclista,Atropello,Ninguna,S/D,Vegetación,Sin restricción,"-32.93524, -60.70028",['Eva Peron 5700'],1,,-32.93524,-60.70028,55.0,538.0,Municipio Rosario,Municipio,Rosario,820210,Servicio de Catastro e Información Territorial,IGN
2019,832,2019-02-08,Viernes,,17:45:00,,0.0,2,"Automóvil,Moto/Ciclomotor",F.More ,2,1,0,0,1,0,0,"-32.93598, -60.6936",Calle,,ROSARIO,Rosario,Asfalto,Pavimento,II,Dentro,Urbana,Ninguna,No existe,Intersección,Bueno,Buena,Diurna,Buen Tiempo,Frontal,S/D,Colisión,Ninguna,Faltante,Ninguna,Sin restricción,"-32.93598, -60.6936",['F More'],1,,-32.93598,-60.6936,55.0,538.0,Municipio Rosario,Municipio,Rosario,820210,Servicio de Catastro e Información Territorial,IGN
2019,834,2019-02-12,Martes,,10:05:00,,0.0,2,"Moto/Ciclomotor,Automóvil",Laprida Y Ameghino,2,1,0,0,1,0,0,"-32.98785, -60.64448",Calle,,ROSARIO,Rosario,Asfalto,No existe,II,Dentro,Urbana,Ninguna,No existe,Intersección,Bueno,Buena,Diurna,Buen Tiempo,Lateral,S/D,Colisión,Ninguna,Faltante,Ninguna,Sin restricción,"-32.98785, -60.64448","['Laprida', 'Ameghino']",2,,-32.98785,-60.64448,55.0,538.0,Municipio Rosario,Municipio,Rosario,820210,Servicio de Catastro e Información Territorial,IGN
2019,883,2019-02-02,Sabado,,17:40:00,,0.0,2,"Moto/Ciclomotor,Moto/Ciclomotor",Junin Y Magallanes,2,0,1,0,1,0,0,"-32.92703, -60.69316",Calle,,ROSARIO,Rosario,S/D,No existe,II,S/D,Urbana,Ninguna,No existe,Intersección,S/D,S/D,Diurna,S/D,Lateral,S/D,Colisión,S/D,Faltante,Ninguna,Sin restricción,"-32.92703, -60.69316","['Junín', 'Magallanes']",2,,-32.92703,-60.69316,55.0,538.0,Municipio Rosario,Municipio,Rosario,820210,Servicio de Catastro e Información Territorial,IGN
2019,886,2019-02-05,Martes,,15:05:00,,0.0,2,"Automóvil,Moto/Ciclomotor",Navarro Y Campbell,3,0,1,0,2,0,0,"-32.93144, -60.70838",Calle,,ROSARIO,Rosario,S/D,No existe,II,Dentro,Urbana,Ninguna,No existe,Intersección,S/D,S/D,Diurna,S/D,Lateral,S/D,Colisión,S/D,S/D,Ninguna,Sin restricción,"-32.93144, -60.70838","['Navarro', 'Campbell']",2,,-32.93144,-60.70838,55.0,538.0,Municipio Rosario,Municipio,Rosario,820210,Servicio de Catastro e Información Territorial,IGN
2019,888,2019-02-07,Jueves,,08:50:00,,0.0,2,"Bicicleta,Automóvil",Donado Y Pedernera,4,1,0,0,3,0,0,"-32.90975, -60.72844",Calle,,ROSARIO,Rosario,S/D,S/D,II,S/D,Urbana,S/D,S/D,S/D,S/D,S/D,S/D,S/D,S/D,Ciclista,Atropello,S/D,S/D,S/D,S/D,"-32.90975, -60.72844","['Donado', 'Pedernera']",2,,-32.90975,-60.72844,55.0,538.0,Municipio Rosario,Municipio,Rosario,820210,Servicio de Catastro e Información Territorial,IGN
2019,890,2019-02-07,Jueves,,22:20:00,,0.0,2,"Moto/Ciclomotor,Moto/Ciclomotor",AV. EVA PERON Y ESTADOS UNIDOS,4,4,0,0,0,0,0,"-32.93017, -60.72982",S/D,,ROSARIO,Rosario,Asfalto,S/D,II,S/D,Urbana,Ninguna,Funciona,Recta,Bueno,Buena,Nocturna,Buen Tiempo,S/D,S/D,Colisión,Ninguna,S/D,Ninguna,Sin restricción,"-32.93017, -60.72982","['Avenida Eva Perón', 'Avenida 25 De Mayo']",2,,-32.93017,-60.72982,55.0,538.0,Municipio Rosario,Municipio,Rosario,820210,Servicio de Catastro e Información Territorial,IGN