anio_acci,nro_acci,fecha,desc_dia,fecha_aprox,hora_aprox,desc_ruta,km,cant_participantes,desc_participante,calle_avenida_km,total,heridos_leves,heridos_graves,heridos_gravisimos,ilesos,fallecidos,sin_datos,posicion_XY,desc_tipo_via,desc_ruta_ori,desc_loc,desc_dpto,desc_tipo_calzada,desc_tipo_banquina,desc_unidad_regional,desc_lugar_calzada,desc_zona,desc_prioridad,desc_estado_semaforo,desc_lugar_via,desc_estado_via,desc_estado_visibilidad,desc_luminosidad,desc_estado_clima,desc_tipo_colision,desc_tipo_atropello,desc_tipo_hecho,desc_pres_calzada,desc_senializacion,desc_separacion_via,desc_restriccion,forma_geocod,calle_lista,numero_calles,calles_osm,lat,lon,index_right,gid,fna,gna,nam,in1,fdc,sag
2019,891,2019-02-07,Jueves,,20:30:00,,0.0,2,"Pickup/Utilitario,Moto/Ciclomotor",Nicaragua Y J.J.Paso,2,1,0,0,1,0,0,"-32.92064, -60.72154",Calle,,ROSARIO,Rosario,Asfalto,No existe,II,Dentro,Urbana,Ninguna,No existe,Recta,Bueno,Buena,Nocturna,Buen Tiempo,Otro,S/D,Atropello,Ninguna,Faltante,Cordón divisorio,Sin restricción,"-32.92064, -60.72154","['Nicaragua', 'Paso']",2,,-32.92064,-60.72154,55.0,538.0,Municipio Rosario,Municipio,Rosario,820210,Servicio de Catastro e Información Territorial,IGN
2019,893,2019-02-05,Martes,,18:15:00,,0.0,2,"Automóvil,Moto/Ciclomotor",Gorriti Y Av. Provincias Unidas,3,2,0,0,1,0,0,"-32.96593, -60.71163",Calle,,ROSARIO,Rosario,Asfalto,No existe,II,Dentro,Urbana,Ninguna,No existe,Intersección,Bueno,Buena,Diurna,Buen Tiempo,S/D,S/D,Colisión,Ninguna,S/D,Ninguna,Sin restricción,"-32.96593, -60.71163","['Gorriti', 'Avenida Provincias Unidas']",2,,-32.96593,-60.71163,55.0,538.0,Municipio Rosario,Municipio,Rosario,820210,Servicio de Catastro e Información Territorial,IGN
2019,899,2019-02-03,Domingo,,17:30:00,,0.0,2,"Moto/Ciclomotor,Taxi/Remis",Zuviria Y Magallanes,4,2,1,0,1,0,0,"-32.93678, -60.70467",Calle,,ROSARIO,Rosario,Asfalto,No existe,II,Dentro,Urbana,Ninguna,No existe,Intersección,Deteriorada,Buena,Diurna,Buen Tiempo,Lateral,S/D,Colisión,Ninguna,S/D,Ninguna,Sin restricción,"-32.93678, -60.70467","['Zuviría', 'Magallanes']",2,,-32.93678,-60.70467,55.0,538.0,Municipio Rosario,Municipio,Rosario,820210,Servicio de Catastro e Información Territorial,IGN
2019,901,2019-01-17,Jueves,,17:30:00,,0.0,2,"Moto/Ciclomotor,Automóvil",G.Carrasco Y Florida,3,0,1,0,2,0,0,"-32.920133966826,-60.683541644779",Calle,,ROSARIO,Rosario,S/D,S/D,II,S/D,Urbana,S/D,S/D,Intersección,S/D,S/D,Atardecer,S/D,S/D,S/D,Colisión,S/D,S/D,S/D,S/D,"-32.920133966826,-60.683541644779","['Carrasco', 'Florida']",2,,-32.920133966826,-60.683541644779,55.0,538.0,Municipio Rosario,Municipio,Rosario,820210,Servicio de Catastro e Información Territorial,IGN
2019,904,2019-01-17,Jueves,,22:25:00,,0.0,2,"Moto/Ciclomotor,Automóvil",Uruguay Y Sarmiento,3,2,0,0,1,0,0,"-32.9768, -60.6458",Calle,,ROSARIO,Rosario,S/D,S/D,II,S/D,Urbana,S/D,S/D,Intersección,S/D,S/D,Nocturna,S/D,S/D,S/D,Colisión,S/D,S/D,S/D,S/D,"-32.9768, -60.6458","['Uruguay', 'Sarmiento']",2,,-32.9768,-60.6458,55.0,538.0,Municipio Rosario,Municipio,Rosario,820210,Servicio de Catastro e Información Territorial,IGN
2019,906,2019-02-22,Viernes,,17:40:00,,0.0,2,"Moto/Ciclomotor,Peatón",French Y Pje. Banco Nacion,2,1,0,0,1,0,0,"-32.92163, -60.7082",Calle,,ROSARIO,Rosario,S/D,No existe,II,Dentro,Urbana,Ninguna,No existe,Intersección,S/D,Buena,Diurna,S/D,S/D,Peatón,Atropello,S/D,Faltante,Ninguna,Sin restricción,"-32.92163, -60.7082","['French', 'Banco Nación']",2,,-32.92163,-60.7082,55.0,538.0,Municipio Rosario,Municipio,Rosario,820210,Servicio de Catastro e Información Territorial,IGN
2019,908,2019-02-23,Sabado,,17:30:00,,0.0,2,"Automóvil,Moto/Ciclomotor",Av. Provincias Unidas Y French,2,1,0,0,1,0,0,"-32.92178, -60.71338",Avenida,,ROSARIO,Rosario,Asfalto,No existe,II,Dentro,Urbana,Ninguna,No existe,Intersección,Bueno,Buena,Atardecer,Buen Tiempo,Otro,S/D,Colisión,Ninguna,S/D,Cordón divisorio,Sin restricción,"-32.92178, -60.71338","['Avenida Provincias Unidas', 'French']",2,,-32.92178,-60.71338,55.0,538.0,Municipio Rosario,Municipio,Rosario,820210,Servicio de Catastro e Información Territorial,IGN
2019,910,2019-02-27,Miercoles,,07:40:00,,0.0,2,"Moto/Ciclomotor,Automóvil",Donado Y Bv. Argentino,2,1,0,0,1,0,0,"-32.92416, -60.72762",Calle,,ROSARIO,Rosario,Asfalto,No existe,II,S/D,Urbana,Ninguna,No existe,Intersección,Bueno,Buena,Diurna,Buen Tiempo,S/D,S/D,Colisión,Ninguna,S/D,Ninguna,Sin restricción,"-32.92416, -60.72762","['Donado', 'Argentino']",2,,-32.92416,-60.72762,55.0,538.0,Municipio Rosario,Municipio,Rosario,820210,Servicio de Catastro e Información Territorial,IGN
2019,911,2019-02-09,Sabado,,,,0.0,2,"Moto/Ciclomotor,Bicicleta",OLIVE Y POLICHISO,2,1,0,0,1,0,0,"-32.91341, -60.69828",Calle,,ROSARIO,Rosario,S/D,S/D,II,S/D,Urbana,S/D,S/D,Intersección,S/D,S/D,S/D,S/D,S/D,Ciclista,Atropello,S/D,S/D,S/D,S/D,"-32.91341, -60.69828","['Olive', 'Polichiso']",2,,-32.91341,-60.69828,55.0,538.0,Municipio Rosario,Municipio,Rosario,820210,Servicio de Catastro e Información Territorial,IGN
2019,912,2019-02-09,Sabado,,,,0.0,2,"Automóvil,Moto/Ciclomotor",Bv. Segui Y Sarmiento,2,1,0,0,1,0,0,"-32.97919, -60.64638",Calle,,ROSARIO,Rosario,S/D,S/D,II,S/D,Urbana,S/D,S/D,Intersección,S/D,S/D,S/D,S/D,S/D,S/D,Colisión,S/D,S/D,S/D,S/D,"-32.97919, -60.64638","['Bulevar Juan Francisco Seguí', 'Sarmiento']",2,,-32.97919,-60.64638,55.0,538.0,Municipio Rosario,Municipio,Rosario,820210,Servicio de Catastro e Información Territorial,IGN
2019,916,2019-02-25,Lunes,,17:30:00,,0.0,2,"Moto/Ciclomotor,Moto/Ciclomotor",JUAN PABLO II Y CASILDA,2,2,0,0,0,0,0,"-32.92971, -60.72272",Calle,,ROSARIO,Rosario,Asfalto,No existe,II,Dentro,Urbana,Ninguna,No existe,Intersección,Bueno,Buena,Diurna,Buen Tiempo,S/D,S/D,Colisión,Ninguna,S/D,Ninguna,Sin restricción,"-32.92971, -60.72272","['Juan Pablo II', 'Casilda']",2,,-32.92971,-60.72272,55.0,538.0,Municipio Rosario,Municipio,Rosario,820210,Servicio de Catastro e Información Territorial,IGN
2019,918,2019-02-10,Domingo,,,,0.0,1,Automóvil,Balcarce Y Lamadrid,1,1,0,0,0,0,0,"-32.99758, -60.66356",Calle,,ROSARIO,Rosario,S/D,S/D,II,S/D,Urbana,S/D,S/D,Intersección,S/D,S/D,S/D,S/D,Contra objeto fijo,S/D,Colisión,S/D,S/D,S/D,S/D,"-32.99758, -60.66356","['Balcarce', 'Lamadrid']",2,,-32.99758,-60.66356,55.0,538.0,Municipio Rosario,Municipio,Rosario,820210,Servicio de Catastro e Información Territorial,IGN
2019,919,2019-02-23,Sabado,,15:15:00,,0.0,2,"Moto/Ciclomotor,Automóvil",Mendoza Y Peru,2,1,0,0,1,0,0,"-32.94018, -60.71139",Calle,,ROSARIO,Rosario,Asfalto,Pavimento,II,Dentro,Urbana,S/D,No existe,Intersección,Deteriorada,Buena,Diurna,Buen Tiempo,Lateral,S/D,Colisión,S/D,S/D,Cordón divisorio,Sin restricción,"-32.94018, -60.71139","['Mendoza', 'Peru']",2,,-32.94018,-60.71139,55.0,538.0,Municipio Rosario,Municipio,Rosario,820210,Servicio de Catastro e Información Territorial,IGN
2019,933,2019-02-11,Lunes,,,,0.0,2,"Taxi/Remis,Moto/Ciclomotor",Av. Provincias Unidas Y Mendoza,2,0,1,0,1,0,0,"-32.93994, -60.71281",Calle,,ROSARIO,Rosario,S/D,S/D,II,S/D,Urbana,S/D,S/D,Intersección,S/D,S/D,S/D,S/D,S/D,S/D,Colisión,S/D,S/D,S/D,S/D,"-32.93994, -60.71281","['Avenida Provincias Unidas', 'Mendoza']",2,,-32.93994,-60.71281,55.0,538.0,Municipio Rosario,Municipio,Rosario,820210,Servicio de Catastro e Información Territorial,IGN
2019,935,2019-02-11,Lunes,,,,0.0,2,"Automóvil,Moto/Ciclomotor",Matienzo Y Santa Fe,2,1,0,0,1,0,0,"-32.93522, -60.69487",Calle,,ROSARIO,Rosario,S/D,S/D,II,S/D,Urbana,S/D,S/D,Intersección,S/D,S/D,S/D,S/D,S/D,S/D,Colisión,S/D,S/D,S/D,S/D,"-32.93522, -60.69487","['Matienzo', 'Santa Fe']",2,,-32.93522,-60.69487,55.0,538.0,Municipio Rosario,Municipio,Rosario,820210,Servicio de Catastro e Información Territorial,IGN
2019,937,2019-02-11,Lunes,,,,0.0,2,"Pickup/Utilitario,Automóvil",Bv. Rondeau Y Av. Irigoyen,2,1,0,0,1,0,0,"-32.88447, -60.69562",Avenida,,ROSARIO,Rosario,S/D,S/D,II,S/D,Urbana,S/D,S/D,Intersección,S/D,S/D,S/D,S/D,S/D,S/D,Colisión,S/D,S/D,S/D,S/D,"-32.88447, -60.69562","['Rondeau', 'Avenida Hipólito Irigoyen']",2,,-32.88447,-60.69562,55.0,538.0,Municipio Rosario,Municipio,Rosario,820210,Servicio de Catastro e Información Territorial,IGN
2019,944,2019-02-13,Miercoles,,,,0.0,2,"Moto/Ciclomotor,Moto/Ciclomotor",CUMPARCITA Y CAMPANITA,2,1,0,0,1,0,0,"-33.01994, -60.68829",Calle,,ROSARIO,Rosario,S/D,S/D,II,S/D,Urbana,S/D,S/D,Intersección,S/D,S/D,S/D,S/D,S/D,S/D,Colisión,S/D,S/D,S/D,S/D,"-33.01994, -60.68829","['La Cumparsita', 'Pasaje 2138']",2,,-33.01994,-60.68829,55.0,538.0,Municipio Rosario,Municipio,Rosario,820210,Servicio de Catastro e Información Territorial,IGN
2019,947,2019-02-13,Miercoles,,,,0.0,2,"Automóvil,Moto/Ciclomotor",Casiano Casas Y Av. Sorrento,3,1,0,0,2,0,0,"-32.90728, -60.69578",Avenida,,ROSARIO,Rosario,S/D,S/D,II,S/D,Urbana,S/D,S/D,Intersección,S/D,S/D,S/D,S/D,S/D,S/D,Colisión,S/D,S/D,S/D,S/D,"-32.90728, -60.69578","['Avenida Casiano Casas', 'Sorrento']",2,,-32.90728,-60.69578,55.0,538.0,Municipio Rosario,Municipio,Rosario,820210,Servicio de Catastro e Información Territorial,IGN
2019,948,2019-02-13,Miercoles,,,,0.0,2,"Automóvil,Moto/Ciclomotor",Av. Genova Y Mejico,2,0,1,0,1,0,0,"-32.91618, -60.71946",Calle,,ROSARIO,Rosario,S/D,S/D,II,S/D,Urbana,S/D,S/D,Intersección,S/D,S/D,S/D,S/D,S/D,S/D,Colisión,S/D,S/D,S/D,S/D,"-32.91618, -60.71946","['Genova', 'Mejico']",2,,-32.91618,-60.71946,55.0,538.0,Municipio Rosario,Municipio,Rosario,820210,Servicio de Catastro e Información Territorial,IGN
2019,949,2019-02-01,Viernes,,,,0.0,2,"Automóvil,Moto/Ciclomotor",Rivarola Y Benitez,2,1,0,0,1,0,0,"-32.9662, -60.72021",Calle,,ROSARIO,Rosario,Asfalto,Pavimento,II,S/D,S/D,Ninguna,No existe,Recta,Bueno,Buena,Atardecer,Buen Tiempo,Frontal,S/D,Colisión,Ninguna,Faltante,Barrera de hormigón,Sin restricción,"-32.9662, -60.72021","['Rivarola', 'Benitez']",2,,-32.9662,-60.72021,55.0,538.0,Municipio Rosario,Municipio,Rosario,820210,Servicio de Catastro e Información Territorial,IGN
2019,950,2019-01-18,Viernes,,11:10:00,,0.0,2,"Moto/Ciclomotor,Pickup/Utilitario",F.More Y Pasco,2,1,0,0,1,0,0," -32.95044, -60.69336",Calle,,ROSARIO,Rosario,S/D,S/D,II,S/D,Urbana,S/D,S/D,Intersección,S/D,S/D,Diurna,S/D,S/D,S/D,Colisión,S/D,S/D,S/D,S/D," -32.95044, -60.69336","['Felipe Moré', 'Pasco']",2,,-32.95044,-60.69336,55.0,538.0,Municipio Rosario,Municipio,Rosario,820210,Servicio de Catastro e Información Territorial,IGN
2019,951,2019-02-02,Sabado,,08:25:00,,0.0,2,"Automóvil,Bicicleta",Av. Avellaneda B Y Virasoro,2,1,0,0,1,0,0,"-32.96261, -60.68513",S/D,,ROSARIO,Rosario,Asfalto,Pavimento,II,S/D,Urbana,Ninguna,No existe,Recta,S/D,Buena,S/D,Buen Tiempo,S/D,S/D,Colisión,S/D,S/D,Barrera de hormigón,Sin restricción,"-32.96261, -60.68513","['Avellaneda', 'Virasoro']",2,,-32.96261,-60.68513,55.0,538.0,Municipio Rosario,Municipio,Rosario,820210,Servicio de Catastro e Información Territorial,IGN
2019,952,2019-02-01,Viernes,,20:50:00,,0.0,2,"Automóvil,Moto/Ciclomotor",Av. Provincias Unidas Y Av. Eva Peron,2,1,0,0,1,0,0,"-32.93299, -60.71311",Avenida,,ROSARIO,Rosario,Asfalto,Pavimento,II,S/D,Urbana,Semáforo,Funciona,Recta,Bueno,Buena,Nocturna,Buen Tiempo,Frontal,S/D,Colisión,Ninguna,Faltante,Barrera de hormigón,Sin restricción,"-32.93299, -60.71311","['Avenida Provincias Unidas', 'Avenida Eva Perón']",2,,-32.93299,-60.71311,55.0,538.0,Municipio Rosario,Municipio,Rosario,820210,Servicio de Catastro e Información Territorial,IGN
2019,954,2019-01-18,Viernes,,,,0.0,1,Moto/Ciclomotor,Garay Y L.N.Alem,1,1,0,0,0,0,0,"-32.976243851251,-60.635360623559",Calle,,ROSARIO,Rosario,S/D,S/D,II,S/D,Urbana,S/D,S/D,Intersección,S/D,S/D,S/D,S/D,S/D,S/D,Caída ocupante,S/D,S/D,S/D,S/D,"-32.976243851251,-60.635360623559","['Garay', 'Alem']",2,,-32.976243851251,-60.635360623559,55.0,538.0,Municipio Rosario,Municipio,Rosario,820210,Servicio de Catastro e Información Territorial,IGN
2019,955,2019-01-18,Viernes,,18:50:00,,0.0,2,"Peatón,Automóvil",Juan Canals Y Callao,2,1,0,0,1,0,0,"-32.98601, -60.67104",Calle,,ROSARIO,Rosario,S/D,S/D,II,S/D,Urbana,S/D,S/D,Intersección,S/D,S/D,Atardecer,S/D,S/D,Peatón,Atropello,S/D,S/D,S/D,S/D,"-32.98601, -60.67104","['Juan Canals', 'Callao']",2,,-32.98601,-60.67104,55.0,538.0,Municipio Rosario,Municipio,Rosario,820210,Servicio de Catastro e Información Territorial,IGN
2019,959,2019-02-23,Sabado,,01:05:00,,0.0,1,Automóvil,Av. Avellaneda B Y Bv. 27 De Febrero,4,1,0,0,3,0,0,"-32.9602, -60.68455",Avenida,,ROSARIO,Rosario,Asfalto,No existe,II,Dentro,Urbana,Ninguna,Funciona,Intersección,Bueno,Buena,Nocturna,Buen Tiempo,Contra objeto fijo,S/D,Colisión,Ninguna,S/D,Cordón divisorio,Sin restricción,"-32.9602, -60.68455","['Avellaneda', '27 de Febrero']",2,,-32.9602,-60.68455,55.0,538.0,Municipio Rosario,Municipio,Rosario,820210,Servicio de Catastro e Información Territorial,IGN
2019,960,2019-02-07,Jueves,,01:00:00,,0.0,2,"Automóvil,Automóvil",Ayacucho Y Marco Polo,3,1,0,0,2,0,0,"-33.01054, -60.6357",Calle,,ROSARIO,Rosario,Asfalto,No existe,II,S/D,S/D,Ninguna,No existe,Intersección,Bueno,Buena,Nocturna,Buen Tiempo,Lateral,S/D,Colisión,Ninguna,Faltante,Ninguna,Sin restricción,"-33.01054, -60.6357","['Ayacucho', 'Marco Polo']",2,,-33.01054,-60.6357,55.0,538.0,Municipio Rosario,Municipio,Rosario,820210,Servicio de Catastro e Información Territorial,IGN
2019,961,2019-02-14,Jueves,,,,0.0,1,Moto/Ciclomotor,Rueda 550,1,1,0,0,0,0,0,"-32.97246, -60.63677",Calle,,ROSARIO,Rosario,S/D,S/D,II,S/D,Urbana,S/D,S/D,Recta,S/D,S/D,S/D,S/D,S/D,S/D,Caída ocupante,S/D,S/D,S/D,S/D,"-32.97246, -60.63677",['Rueda 550'],1,,-32.97246,-60.63677,55.0,538.0,Municipio Rosario,Municipio,Rosario,820210,Servicio de Catastro e Información Territorial,IGN
2019,964,2019-02-04,Lunes,,08:30:00,,0.0,2,"Bicicleta,Automóvil",Bv. Oroño Y Garibaldi,2,1,0,0,1,0,0,"-32.98329, -60.66327",Calle,,ROSARIO,Rosario,Asfalto,No existe,II,Dentro,Urbana,Ninguna,No existe,Intersección,Bueno,Buena,Diurna,Buen Tiempo,S/D,Ciclista,Atropello,Ninguna,Faltante,Ninguna,Sin restricción,"-32.98329, -60.66327","['Bulevar Nicasio Oroño', 'José Garibaldi']",2,,-32.98329,-60.66327,55.0,538.0,Municipio Rosario,Municipio,Rosario,820210,Servicio de Catastro e Información Territorial,IGN
2019,966,2019-02-23,Sabado,,19:00:00,,0.0,2,"Pickup/Utilitario,Moto/Ciclomotor",Bv. 27 De Febrero Y Matienzo,2,1,0,0,1,0,0,"-32.9587, -60.69397",Calle,,ROSARIO,Rosario,Asfalto,Pavimento,II,Dentro,Urbana,Semáforo,Funciona,Recta,Bueno,Buena,Atardecer,Buen Tiempo,S/D,S/D,Colisión,Agua,Faltante,Barrera de hormigón,Sin restricción,"-32.9587, -60.69397","['27 de Febrero', 'Matienzo']",2,,-32.9587,-60.69397,55.0,538.0,Municipio Rosario,Municipio,Rosario,820210,Servicio de Catastro e Información Territorial,IGN
2019,972,2019-02-22,Viernes,,18:30:00,,0.0,2,"Bicicleta,Automóvil",Sarmiento 4800,2,1,0,0,1,0,0,"    -32.99292, -60.64931",Calle,,ROSARIO,Rosario,Asfalto,No existe,II,Dentro,Urbana,Ninguna,No existe,Otro,Bueno,Buena,Diurna,Buen Tiempo,S/D,Ciclista,Atropello,Ninguna,Faltante,Ninguna,Sin restricción,"    -32.99292, -60.64931",['Sarmiento 4800'],1,,-32.99292,-60.64931,55.0,538.0,Municipio Rosario,Municipio,Rosario,820210,Servicio de Catastro e Información Territorial,IGN
2019,973,2019-02-22,Viernes,,15:00:00,,0.0,2,"Moto/Ciclomotor,Automóvil",Bv. Segui Y Buenos Aires,3,2,0,0,1,0,0,"-32.98015, -60.64091",Calle,,ROSARIO,Rosario,Asfalto,No existe,II,Dentro,Urbana,Ninguna,No existe,Intersección,Bueno,S/D,Diurna,Buen Tiempo,Lateral,S/D,Colisión,Ninguna,Faltante,S/D,Sin restricción,"-32.98015, -60.64091","['Bulevar Juan Francisco Seguí', 'Buenos Aires']",2,,-32.98015,-60.64091,55.0,538.0,Municipio Rosario,Municipio,Rosario,820210,Servicio de Catastro e Información Territorial,IGN
2019,975,2019-01-19,Sabado,,19:00:00,,0.0,2,"Moto/Ciclomotor,Automóvil",Bv. Rondeau Y Olive,2,0,1,0,1,0,0,"-32.9131, -60.68664",Calle,,ROSARIO,Rosario,S/D,S/D,II,S/D,Urbana,S/D,S/D,Intersección,S/D,S/D,Nocturna,S/D,S/D,S/D,Colisión,S/D,S/D,S/D,S/D,"-32.9131, -60.68664","['Rondeau', 'Olive']",2,,-32.9131,-60.68664,55.0,538.0,Municipio Rosario,Municipio,Rosario,820210,Servicio de Catastro e Información Territorial,IGN
2019,976,2019-02-06,Miercoles,,10:00:00,,0.0,2,"Moto/Ciclomotor,Automóvil",San Martin Y Dr.Rivas,2,1,0,0,1,0,0,"-32.98413, -60.64529",Calle,,ROSARIO,Rosario,Asfalto,No existe,II,S/D,Urbana,Ninguna,Funciona,Intersección,Bueno,Buena,Diurna,Buen Tiempo,Lateral,S/D,Colisión,Ninguna,Vertical,Cordón divisorio,Sin restricción,"-32.98413, -60.64529","['San Martin', 'Doctor Francisco Riva']",2,,-32.98413,-60.64529,55.0,538.0,Municipio Rosario,Municipio,Rosario,820210,Servicio de Catastro e Información Territorial,IGN
2019,978,2019-02-05,Martes,,07:00:00,,0.0,2,"Bicicleta,Automóvil",Av. Battle y Ordoñez Y España,2,1,0,0,1,0,0,"-32.97752, -60.65464",Avenida,,ROSARIO,Rosario,Asfalto,No existe,II,Dentro,Urbana,Ninguna,No existe,Intersección,Bueno,Buena,Diurna,Otro,Lateral,Ciclista,Atropello,Ninguna,Vertical,Cordón divisorio,Sin restricción,"-32.97752, -60.65464","['Avenida Battle y Ordoñez', 'España']",2,,-32.97752,-60.65464,55.0,538.0,Municipio Rosario,Municipio,Rosario,820210,Servicio de Catastro e Información Territorial,IGN
2019,979,2019-02-23,Sabado,,19:20:00,,0.0,2,"Taxi/Remis,Vehículo Oficial",San Martin Y Amenabar,4,3,0,0,1,0,0,"-32.97241, -60.64313",Calle,,ROSARIO,Rosario,Asfalto,No existe,II,Dentro,Urbana,Ninguna,No existe,Intersección,Resbaladiza,Buena,Atardecer,Lluvia,Lateral,S/D,Colisión,Ninguna,Vertical,Barrera de hormigón,Sin restricción,"-32.97241, -60.64313","['San Martin', 'Amenabar']",2,,-32.97241,-60.64313,55.0,538.0,Municipio Rosario,Municipio,Rosario,820210,Servicio de Catastro e Información Territorial,IGN
2019,981,2019-02-01,Viernes,,20:45:00,,0.0,2,"Bicicleta,Camión Chasis",Virasoro Y Necochea,2,1,0,0,1,0,0,"-32.9725, -60.63001",Calle,,ROSARIO,Rosario,Asfalto,No existe,II,S/D,S/D,Ninguna,No existe,Curva,Bueno,Buena,Nocturna,Buen Tiempo,S/D,Ciclista,Atropello,Ninguna,Faltante,Ninguna,Sin restricción,"-32.9725, -60.63001","['Virasoro', 'Necochea']",2,,-32.9725,-60.63001,55.0,538.0,Municipio Rosario,Municipio,Rosario,820210,Servicio de Catastro e Información Territorial,IGN
2019,982,2019-02-05,Martes,,22:20:00,,0.0,2,"Moto/Ciclomotor,Camión Chasis",F.Frias Y San Martin,2,1,0,0,1,0,0,"-33.01207, -60.65131",Calle,,ROSARIO,Rosario,Asfalto,No existe,II,Dentro,Urbana,Ninguna,No existe,Intersección,Bueno,Buena,Nocturna,Otro,Lateral,S/D,Colisión,Ninguna,Vertical,Línea divisoria pintada,Sin restricción,"-33.01207, -60.65131","['Frias', 'San Martin']",2,,-33.01207,-60.65131,55.0,538.0,Municipio Rosario,Municipio,Rosario,820210,Servicio de Catastro e Información Territorial,IGN
2019,984,2019-02-06,Miercoles,,07:20:00,,0.0,2,"Bicicleta,Automóvil",San Luis Y Carriego,2,1,0,0,1,0,0,"-32.94001, -60.68936",Calle,,ROSARIO,Rosario,Asfalto,No existe,II,Dentro,Urbana,Ninguna,No existe,Intersección,Bueno,Buena,Diurna,Buen Tiempo,De alcance,Ciclista,Atropello,Ninguna,Faltante,Ninguna,Sin restricción,"-32.94001, -60.68936","['San Luis', 'Carriego']",2,,-32.94001,-60.68936,55.0,538.0,Municipio Rosario,Municipio,Rosario,820210,Servicio de Catastro e Información Territorial,IGN
2019,985,2019-02-26,Martes,,15:45:00,,0.0,2,"Bicicleta,Automóvil",Ayolas Y Pje. 1601,2,1,0,0,1,0,0,"-32.9453, -60.74957",Calle,,ROSARIO,Rosario,Asfalto,Pavimento,II,S/D,Urbana,Ninguna,No existe,Intersección,Bueno,Buena,Diurna,Buen Tiempo,S/D,Ciclista,Atropello,Ninguna,Faltante,Ninguna,Sin restricción,"-32.9453, -60.74957","['Ayolas', 'Pasaje 1601']",2,,-32.9453,-60.74957,55.0,538.0,Municipio Rosario,Municipio,Rosario,820210,Servicio de Catastro e Información Territorial,IGN
2019,990,2019-01-20,Domingo,,18:00:00,,0.0,4,"Moto/Ciclomotor,Automóvil,Automóvil,Automóvil",Av. Pellegrini Y Larrea,4,1,0,0,3,0,0,"-32.94813, -60.69698",Calle,,ROSARIO,Rosario,S/D,S/D,II,S/D,Urbana,S/D,S/D,Intersección,S/D,S/D,Atardecer,S/D,Múltiple,S/D,Colisión,S/D,S/D,S/D,S/D,"-32.94813, -60.69698","['Pellegrini', 'Larrea']",2,,-32.94813,-60.69698,55.0,538.0,Municipio Rosario,Municipio,Rosario,820210,Servicio de Catastro e Información Territorial,IGN
2019,991,2019-02-22,Viernes,,12:30:00,,0.0,2,"Automóvil,Transporte de Pasajeros Urbano (> 8 asientos)",Av. Corrientes Y Viamonte,6,5,0,0,1,0,0,"-32.96455, -60.64713",Avenida,,ROSARIO,Rosario,Asfalto,No existe,II,Dentro,Urbana,Ninguna,No existe,Intersección,Bueno,Buena,Diurna,Buen Tiempo,Lateral,S/D,Colisión,Ninguna,Vertical,Ninguna,Sin restricción,"-32.96455, -60.64713","['Corrientes', 'Viamonte']",2,,-32.96455,-60.64713,55.0,538.0,Municipio Rosario,Municipio,Rosario,820210,Servicio de Catastro e Información Territorial,IGN
2019,992,2019-02-22,Viernes,,23:00:00,,0.0,2,"Moto/Ciclomotor,Peatón",Cordoba 3869,2,2,0,0,0,0,0,"    -32.93962, -60.67602",Calle,,ROSARIO,Rosario,Asfalto,No existe,II,Dentro,Urbana,S/D,No existe,Recta,Bueno,Buena,Nocturna,S/D,S/D,Peatón,Atropello,Ninguna,S/D,S/D,S/D,"    -32.93962, -60.67602",['Cordoba 3869'],1,,-32.93962,-60.67602,55.0,538.0,Municipio Rosario,Municipio,Rosario,820210,Servicio de Catastro e Información Territorial,IGN
2019,993,2019-02-22,Viernes,,14:20:00,,0.0,1,Bicicleta,Dorrego Y E.Zeballos,1,1,0,0,0,0,0,"-32.95301, -60.65143",Calle,,ROSARIO,Rosario,Asfalto,No existe,II,Dentro,Urbana,S/D,S/D,Intersección,Bueno,Buena,Diurna,S/D,S/D,S/D,Caída ocupante,Ninguna,S/D,S/D,Sin restricción,"-32.95301, -60.65143","['Dorrego', 'Zeballos']",2,,-32.95301,-60.65143,55.0,538.0,Municipio Rosario,Municipio,Rosario,820210,Servicio de Catastro e Información Territorial,IGN
2019,994,2019-02-22,Viernes,,17:20:00,,0.0,2,"Automóvil,Automóvil",San Nicolas Y Urquiza,3,1,0,0,2,0,0,"    -32.93684, -60.67148",Calle,,ROSARIO,Rosario,Asfalto,No existe,II,Dentro,Urbana,Ninguna,S/D,Intersección,Bueno,Buena,Diurna,Buen Tiempo,Lateral,S/D,Colisión,Ninguna,Faltante,S/D,Sin restricción,"    -32.93684, -60.67148","['San Nicolás', 'Urquiza']",2,,-32.93684,-60.67148,55.0,538.0,Municipio Rosario,Municipio,Rosario,820210,Servicio de Catastro e Información Territorial,IGN
2019,996,2019-02-23,Sabado,,00:20:00,,0.0,2,"Moto/Ciclomotor,Peatón",3 De Febrero 3550,2,1,1,0,0,0,0,"-32.94682, -60.67311",Calle,,ROSARIO,Rosario,Asfalto,No existe,II,Dentro,Urbana,S/D,S/D,Intersección,Bueno,S/D,Nocturna,S/D,S/D,Peatón,Atropello,Ninguna,S/D,S/D,Sin restricción,"-32.94682, -60.67311",['3 De Febrero 3550'],1,,-32.94682,-60.67311,55.0,538.0,Municipio Rosario,Municipio,Rosario,820210,Servicio de Catastro e Información Territorial,IGN