anio_acci,nro_acci,fecha,desc_dia,fecha_aprox,hora_aprox,desc_ruta,km,cant_participantes,desc_participante,calle_avenida_km,total,heridos_leves,heridos_graves,heridos_gravisimos,ilesos,fallecidos,sin_datos,posicion_XY,desc_tipo_via,desc_ruta_ori,desc_loc,desc_dpto,desc_tipo_calzada,desc_tipo_banquina,desc_unidad_regional,desc_lugar_calzada,desc_zona,desc_prioridad,desc_estado_semaforo,desc_lugar_via,desc_estado_via,desc_estado_visibilidad,desc_luminosidad,desc_estado_clima,desc_tipo_colision,desc_tipo_atropello,desc_tipo_hecho,desc_pres_calzada,desc_senializacion,desc_separacion_via,desc_restriccion,forma_geocod,calle_lista,numero_calles,calles_osm,lat,lon,index_right,gid,fna,gna,nam,in1,fdc,sag
2019,998,2019-02-06,Miercoles,,,,0.0,2,"Peatón,Automóvil",Av. Pellegrini 1600,2,1,0,0,1,0,0,"-32.95605, -60.64783",Calle,,ROSARIO,Rosario,Asfalto,No existe,II,Dentro,Urbana,Ninguna,No existe,Recta,S/D,Buena,Diurna,Buen Tiempo,Contra objeto fijo,Peatón,Atropello,Ninguna,Faltante,Ninguna,Sin restricción,"-32.95605, -60.64783",['Pellegrini 1600'],1,,-32.95605,-60.64783,55.0,538.0,Municipio Rosario,Municipio,Rosario,820210,Servicio de Catastro e Información Territorial,IGN
2019,1000,2019-03-12,Martes,,,,0.0,2,"Peatón,Automóvil",Urquiza Y San Martin,2,0,1,0,1,0,0,"-32.94332, -60.63588",Calle,,ROSARIO,Rosario,S/D,S/D,II,S/D,Urbana,S/D,S/D,Intersección,S/D,S/D,S/D,S/D,S/D,Peatón,Atropello,S/D,S/D,S/D,S/D,"-32.94332, -60.63588","['Urquiza', 'San Martin']",2,,-32.94332,-60.63588,55.0,538.0,Municipio Rosario,Municipio,Rosario,820210,Servicio de Catastro e Información Territorial,IGN
2019,1001,2019-02-24,Domingo,,15:45:00,,0.0,2,"Moto/Ciclomotor,Automóvil",Alsina Y Montevideo,3,1,0,0,2,0,0,"-32.94927, -60.67888",Calle,,ROSARIO,Rosario,Asfalto,No existe,II,Dentro,Urbana,S/D,No existe,Intersección,Bueno,Buena,Diurna,Buen Tiempo,S/D,S/D,Colisión,S/D,Faltante,S/D,Sin restricción,"-32.94927, -60.67888","['Alsina', 'Montevideo']",2,,-32.94927,-60.67888,55.0,538.0,Municipio Rosario,Municipio,Rosario,820210,Servicio de Catastro e Información Territorial,IGN
2019,1002,2019-02-05,Martes,,14:55:00,,0.0,2,"Automóvil,Moto/Ciclomotor",Suipacha Y Virasoro,2,1,0,0,1,0,0,"-32.95, -60.66623",Calle,,ROSARIO,Rosario,S/D,No existe,II,S/D,Urbana,Ninguna,No existe,Intersección,Bueno,Buena,Diurna,Buen Tiempo,Lateral,S/D,Colisión,Ninguna,Faltante,Ninguna,Sin restricción,"-32.95, -60.66623","['Suipacha', 'Virasoro']",2,,-32.95,-60.66623,55.0,538.0,Municipio Rosario,Municipio,Rosario,820210,Servicio de Catastro e Información Territorial,IGN
2019,1005,2019-02-06,Miercoles,,11:45:00,,0.0,2,"Bicicleta,Automóvil",Entre Rios Y Cerrito,2,0,1,0,1,0,0,"-32.96142, -60.64481",Calle,,ROSARIO,Rosario,Asfalto,No existe,II,Dentro,Urbana,Semáforo,Funciona,Intersección,Bueno,Buena,Diurna,Buen Tiempo,Lateral,Ciclista,Atropello,Ninguna,Vertical,Línea divisoria pintada,Sin restricción,"-32.96142, -60.64481","['Entre Ríos', 'Cerrito']",2,,-32.96142,-60.64481,55.0,538.0,Municipio Rosario,Municipio,Rosario,820210,Servicio de Catastro e Información Territorial,IGN
2019,1007,2019-02-25,Lunes,,18:45:00,,0.0,3,"Automóvil,Automóvil,Moto/Ciclomotor",Av. Pellegrini 2000,3,0,1,0,2,0,0,"-32.95503, -60.65337",Avenida,,ROSARIO,Rosario,Asfalto,No existe,II,Dentro,Urbana,Ninguna,S/D,Recta,Bueno,S/D,Atardecer,Buen Tiempo,Múltiple,S/D,Colisión,Ninguna,S/D,Barrera de hormigón,Sin restricción,"-32.95503, -60.65337",['Pellegrini 2000'],1,,-32.95503,-60.65337,55.0,538.0,Municipio Rosario,Municipio,Rosario,820210,Servicio de Catastro e Información Territorial,IGN
2019,1008,2019-02-05,Martes,,16:30:00,,0.0,2,"Automóvil,Pickup/Utilitario",Av. Pellegrini Y San Martin,2,1,0,0,1,0,0,"-32.95767, -60.63943",Avenida,,ROSARIO,Rosario,Asfalto,No existe,II,Dentro,Urbana,Semáforo,Funciona,Recta,Bueno,Buena,Diurna,Buen Tiempo,De alcance,S/D,Colisión,Ninguna,Vertical,Cordón divisorio,Sin restricción,"-32.95767, -60.63943","['Pellegrini', 'San Martin']",2,,-32.95767,-60.63943,55.0,538.0,Municipio Rosario,Municipio,Rosario,820210,Servicio de Catastro e Información Territorial,IGN
2019,1009,2019-02-25,Lunes,,10:45:00,,0.0,2,"Automóvil,Pickup/Utilitario",Entre Rios Y Galvez,5,1,0,0,4,0,0,"-32.96823, -60.64657",Calle,,ROSARIO,Rosario,Asfalto,No existe,II,Dentro,Urbana,Ninguna,No existe,Intersección,Bueno,Buena,Diurna,Buen Tiempo,S/D,S/D,Colisión,Ninguna,Faltante,S/D,Sin restricción,"-32.96823, -60.64657","['Entre Ríos', 'Galvez']",2,,-32.96823,-60.64657,55.0,538.0,Municipio Rosario,Municipio,Rosario,820210,Servicio de Catastro e Información Territorial,IGN
2019,1011,2019-02-01,Viernes,,08:35:00,,0.0,2,"Automóvil,Transporte de Pasajeros (H/ 8 asientos)",Viamonte Y Buenos Aires,2,1,0,0,1,0,0,"-32.96634, -60.63745",Calle,,ROSARIO,Rosario,Asfalto,No existe,II,Dentro,Urbana,Ninguna,No existe,Intersección,Bueno,Buena,Diurna,Buen Tiempo,Lateral,S/D,Colisión,Ninguna,Faltante,Ninguna,Sin restricción,"-32.96634, -60.63745","['Viamonte', 'Buenos Aires']",2,,-32.96634,-60.63745,55.0,538.0,Municipio Rosario,Municipio,Rosario,820210,Servicio de Catastro e Información Territorial,IGN
2019,1012,2019-01-20,Domingo,,,,0.0,2,"Moto/Ciclomotor,Automóvil",Reconquista ,2,1,0,0,1,0,0,"-32.91807, -60.68326",Calle,,ROSARIO,Rosario,S/D,S/D,II,S/D,Urbana,S/D,S/D,S/D,S/D,S/D,S/D,S/D,S/D,S/D,Colisión,S/D,S/D,S/D,S/D,"-32.91807, -60.68326",['Reconquista'],1,,-32.91807,-60.68326,55.0,538.0,Municipio Rosario,Municipio,Rosario,820210,Servicio de Catastro e Información Territorial,IGN
2019,1014,2019-02-01,Viernes,,23:30:00,,0.0,2,"Moto/Ciclomotor,Taxi/Remis",Catamarca Y Alvear,2,1,0,0,1,0,0,"-32.93767, -60.65311",Calle,,ROSARIO,Rosario,Asfalto,No existe,II,Dentro,Urbana,Ninguna,No existe,Intersección,Bueno,Buena,Nocturna,Buen Tiempo,Lateral,S/D,Colisión,Ninguna,Faltante,Ninguna,Sin restricción,"-32.93767, -60.65311","['Catamarca', 'Alvear']",2,,-32.93767,-60.65311,55.0,538.0,Municipio Rosario,Municipio,Rosario,820210,Servicio de Catastro e Información Territorial,IGN
2019,1015,2019-02-22,Viernes,,12:55:00,,0.0,2,"Automóvil,Moto/Ciclomotor",Ricchieri Y 3 De Febrero,2,1,0,0,1,0,0,"    -32.9484, -60.6644",Calle,,ROSARIO,Rosario,Asfalto,No existe,II,Dentro,Urbana,S/D,S/D,Intersección,Bueno,S/D,Diurna,Buen Tiempo,S/D,S/D,Colisión,Ninguna,S/D,S/D,Sin restricción,"    -32.9484, -60.6644","['Ricchieri', '3 de Febrero']",2,,-32.9484,-60.6644,55.0,538.0,Municipio Rosario,Municipio,Rosario,820210,Servicio de Catastro e Información Territorial,IGN
2019,1018,2019-02-01,Viernes,,11:20:00,,0.0,2,"Peatón,Pickup/Utilitario",Dorrego Y Montevideo,2,1,0,0,1,0,0,"-32.95421, -60.65169",Calle,,ROSARIO,Rosario,Asfalto,No existe,II,S/D,Urbana,Semáforo,Funciona,Intersección,Bueno,Buena,Diurna,Buen Tiempo,S/D,Peatón,Atropello,S/D,S/D,Ninguna,Sin restricción,"-32.95421, -60.65169","['Dorrego', 'Montevideo']",2,,-32.95421,-60.65169,55.0,538.0,Municipio Rosario,Municipio,Rosario,820210,Servicio de Catastro e Información Territorial,IGN
2019,1019,2019-02-04,Lunes,,18:00:00,,0.0,2,"Moto/Ciclomotor,Pickup/Utilitario",F.More Y 9 De Julio,3,2,0,0,1,0,0,"-32.95527, -60.6932",Calle,,ROSARIO,Rosario,Asfalto,No existe,II,Dentro,Urbana,S/D,S/D,Intersección,Bueno,Buena,Atardecer,Buen Tiempo,S/D,S/D,Colisión,Ninguna,S/D,S/D,S/D,"-32.95527, -60.6932","['Felipe Moré', '9 de Julio']",2,,-32.95527,-60.6932,55.0,538.0,Municipio Rosario,Municipio,Rosario,820210,Servicio de Catastro e Información Territorial,IGN
2019,1021,2019-02-27,Miercoles,,14:00:00,,0.0,2,"Automóvil,Automóvil",Av. Avellaneda B Y Rioja,2,2,0,0,0,0,0,"    -32.94022, -60.67937",Avenida,,ROSARIO,Rosario,Asfalto,No existe,II,Dentro,Urbana,S/D,Funciona,Intersección,Bueno,Buena,Diurna,Buen Tiempo,Lateral,S/D,Colisión,Ninguna,Faltante,Cordón divisorio,Sin restricción,"    -32.94022, -60.67937","['Avellaneda', 'Rioja']",2,,-32.94022,-60.67937,55.0,538.0,Municipio Rosario,Municipio,Rosario,820210,Servicio de Catastro e Información Territorial,IGN
2019,1023,2019-02-05,Martes,,01:00:00,,0.0,2,"Moto/Ciclomotor,Transporte de Pasajeros Urbano (> 8 asientos)",Mendoza Y Entre Rios,2,1,0,0,1,0,0,"-32.95105, -60.64217",Calle,,ROSARIO,Rosario,Asfalto,No existe,II,S/D,Urbana,S/D,Funciona,Intersección,Bueno,S/D,S/D,Buen Tiempo,S/D,S/D,Colisión,S/D,S/D,Ninguna,Sin restricción,"-32.95105, -60.64217","['Mendoza', 'Entre Ríos']",2,,-32.95105,-60.64217,55.0,538.0,Municipio Rosario,Municipio,Rosario,820210,Servicio de Catastro e Información Territorial,IGN
2019,1024,2019-01-22,Martes,,00:15:00,,0.0,3,"Moto/Ciclomotor,Moto/Ciclomotor,Automóvil",Superi Y Darragueira,3,0,3,0,0,0,0,"-32.89478, -60.69495",Calle,,ROSARIO,Rosario,S/D,S/D,II,S/D,Urbana,S/D,S/D,Intersección,S/D,S/D,Nocturna,S/D,Múltiple,S/D,Colisión,S/D,S/D,S/D,S/D,"-32.89478, -60.69495","['Superi', 'José Darragueira']",2,,-32.89478,-60.69495,55.0,538.0,Municipio Rosario,Municipio,Rosario,820210,Servicio de Catastro e Información Territorial,IGN
2019,1025,2019-02-27,Miercoles,,19:00:00,,0.0,2,"Automóvil,Bicicleta",Pte.Roca Y 3 De Febrero,2,1,0,0,1,0,0,"    -32.95153, -60.64668",Calle,,ROSARIO,Rosario,Asfalto,No existe,II,Dentro,Urbana,S/D,S/D,Intersección,Bueno,Buena,Nocturna,Buen Tiempo,S/D,Ciclista,Atropello,Ninguna,S/D,S/D,S/D,"    -32.95153, -60.64668","['Roca', '3 de Febrero']",2,,-32.95153,-60.64668,55.0,538.0,Municipio Rosario,Municipio,Rosario,820210,Servicio de Catastro e Información Territorial,IGN
2019,1026,2019-02-01,Viernes,,14:20:00,,0.0,2,"Moto/Ciclomotor,Automóvil",Paraguay 1122,2,1,0,0,1,0,0,"-32.94955, -60.64476",Calle,,ROSARIO,Rosario,Asfalto,S/D,II,S/D,Urbana,Semáforo,Funciona,Recta,Bueno,S/D,Diurna,Buen Tiempo,S/D,S/D,Colisión,S/D,Vertical,Ninguna,Sin restricción,"-32.94955, -60.64476",['Paraguay 1122'],1,,-32.94955,-60.64476,55.0,538.0,Municipio Rosario,Municipio,Rosario,820210,Servicio de Catastro e Información Territorial,IGN
2019,1032,2019-02-04,Lunes,,16:45:00,,0.0,2,"Moto/Ciclomotor,Taxi/Remis",Mariano Moreno Y 9 De Julio,2,1,0,0,1,0,0,"-32.95166, -60.65244",Calle,,ROSARIO,Rosario,Asfalto,No existe,II,S/D,Urbana,Semáforo,Funciona,Intersección,Bueno,Buena,Diurna,Buen Tiempo,S/D,S/D,Colisión,S/D,Vertical,Ninguna,Sin restricción,"-32.95166, -60.65244","['Mariano Moreno', '9 de Julio']",2,,-32.95166,-60.65244,55.0,538.0,Municipio Rosario,Municipio,Rosario,820210,Servicio de Catastro e Información Territorial,IGN
2019,1033,2019-02-03,Domingo,,13:00:00,,0.0,2,"Automóvil,Moto/Ciclomotor",3 De Febrero Y Pascual Rosas,3,2,0,0,1,0,0,"-32.94423, -60.68764",S/D,,ROSARIO,Rosario,S/D,S/D,II,S/D,S/D,S/D,No existe,Intersección,S/D,S/D,Diurna,S/D,S/D,S/D,Colisión,S/D,S/D,S/D,S/D,"-32.94423, -60.68764","['3 de Febrero', 'Pascual Rosas']",2,,-32.94423,-60.68764,55.0,538.0,Municipio Rosario,Municipio,Rosario,820210,Servicio de Catastro e Información Territorial,IGN
2019,1034,2019-02-04,Lunes,,,,0.0,2,"Automóvil,Moto/Ciclomotor",Bv. Avellaneda Y Cordoba,2,1,0,0,1,0,0,"-32.93913, -60.67911",S/D,,ROSARIO,Rosario,S/D,S/D,II,S/D,Urbana,S/D,S/D,S/D,S/D,S/D,S/D,S/D,S/D,S/D,S/D,S/D,S/D,S/D,S/D,"-32.93913, -60.67911","['Avellaneda', 'Córdoba']",2,,-32.93913,-60.67911,55.0,538.0,Municipio Rosario,Municipio,Rosario,820210,Servicio de Catastro e Información Territorial,IGN
2019,1035,2019-02-04,Lunes,,07:50:00,,0.0,2,"Moto/Ciclomotor,Automóvil",Av. Pellegrini Y Constitucion,3,2,0,0,1,0,0,"-32.95097, -60.67642",S/D,,ROSARIO,Rosario,S/D,S/D,II,S/D,S/D,S/D,S/D,S/D,S/D,S/D,S/D,S/D,S/D,S/D,S/D,S/D,S/D,S/D,S/D,"-32.95097, -60.67642","['Pellegrini', 'Constitución']",2,,-32.95097,-60.67642,55.0,538.0,Municipio Rosario,Municipio,Rosario,820210,Servicio de Catastro e Información Territorial,IGN
2019,1037,2019-02-04,Lunes,,20:00:00,,0.0,2,"Moto/Ciclomotor,Automóvil",E.Zeballos Y Lima,3,2,0,0,1,0,0,"-32.94703, -60.6854",Calle,,ROSARIO,Rosario,Asfalto,No existe,II,S/D,Urbana,Semáforo,Funciona,Intersección,Bueno,Buena,Nocturna,Buen Tiempo,S/D,S/D,Colisión,S/D,Vertical,Ninguna,Sin restricción,"-32.94703, -60.6854","['Zeballos', 'Lima']",2,,-32.94703,-60.6854,55.0,538.0,Municipio Rosario,Municipio,Rosario,820210,Servicio de Catastro e Información Territorial,IGN
2019,1038,2019-02-05,Martes,,23:00:00,,0.0,2,"Bicicleta,Automóvil",San Lorenzo 955,2,0,1,0,1,0,0,"-32.94513, -60.63544",Calle,,ROSARIO,Rosario,Asfalto,S/D,II,S/D,Urbana,Semáforo,Funciona,Recta,Bueno,S/D,Nocturna,Buen Tiempo,S/D,Ciclista,Atropello,S/D,S/D,Ninguna,Sin restricción,"-32.94513, -60.63544",['San Lorenzo 955'],1,,-32.94513,-60.63544,55.0,538.0,Municipio Rosario,Municipio,Rosario,820210,Servicio de Catastro e Información Territorial,IGN
2019,1039,2019-02-07,Jueves,,10:00:00,,0.0,2,"Bicicleta,Automóvil",Av. Corrientes Y Urquiza,2,1,0,0,1,0,0,"-32.94228, -60.64151",Calle,,ROSARIO,Rosario,Asfalto,S/D,II,S/D,Urbana,Semáforo,Funciona,Intersección,Bueno,Buena,Diurna,Buen Tiempo,S/D,Ciclista,Atropello,S/D,Vertical,Ninguna,Sin restricción,"-32.94228, -60.64151","['Corrientes', 'Urquiza']",2,,-32.94228,-60.64151,55.0,538.0,Municipio Rosario,Municipio,Rosario,820210,Servicio de Catastro e Información Territorial,IGN
2019,1041,2019-02-05,Martes,,19:00:00,,0.0,2,"Moto/Ciclomotor,Automóvil",E.Zeballos Y Constitucion,2,0,1,0,1,0,0,"-32.94866, -60.67587",Calle,,ROSARIO,Rosario,Asfalto,No existe,II,Dentro,Urbana,S/D,S/D,Intersección,Bueno,Buena,Nocturna,Buen Tiempo,S/D,S/D,Colisión,Ninguna,S/D,S/D,S/D,"-32.94866, -60.67587","['Zeballos', 'Constitución']",2,,-32.94866,-60.67587,55.0,538.0,Municipio Rosario,Municipio,Rosario,820210,Servicio de Catastro e Información Territorial,IGN
2019,1064,2019-02-24,Domingo,,00:50:00,,0.0,2,"Moto/Ciclomotor,Automóvil", ,2,1,0,0,1,0,0,"-32.9587, -60.69304",S/D,,ROSARIO,Rosario,Asfalto,No existe,II,S/D,Urbana,S/D,Funciona,Recta,Bueno,Buena,Nocturna,Buen Tiempo,Otro,S/D,Colisión,Ninguna,Vertical,Ninguna,Sin restricción,"-32.9587, -60.69304",[''],0,,-32.9587,-60.69304,55.0,538.0,Municipio Rosario,Municipio,Rosario,820210,Servicio de Catastro e Información Territorial,IGN
2019,1071,2019-02-25,Lunes,,18:30:00,,0.0,2,"Moto/Ciclomotor,Pickup/Utilitario",Bv. Segui Y Castellanos,2,1,0,0,1,0,0,"-32.97235, -60.68329",Calle,,ROSARIO,Rosario,Asfalto,No existe,XV,Dentro,Urbana,S/D,S/D,Intersección,S/D,S/D,Diurna,S/D,S/D,S/D,Colisión,S/D,S/D,Cordón divisorio,S/D,"-32.97235, -60.68329","['Bulevar Juan Francisco Seguí', 'Aaron Castellanos']",2,,-32.97235,-60.68329,55.0,538.0,Municipio Rosario,Municipio,Rosario,820210,Servicio de Catastro e Información Territorial,IGN
2019,1074,2019-02-02,Sabado,,21:30:00,,0.0,2,"Moto/Ciclomotor,Automóvil",Casilda Y Mar del Plata,2,1,0,0,1,0,0,"-32.9283, -60.68183",Calle,,ROSARIO,Rosario,Asfalto,No existe,II,Dentro,Urbana,Ninguna,No funciona,Recta,Otro,Buena,Nocturna,Buen Tiempo,Otro,S/D,Colisión,Ninguna,Faltante,Ninguna,Sin restricción,"-32.9283, -60.68183","['Casilda', 'Mar del Plata']",2,,-32.9283,-60.68183,55.0,538.0,Municipio Rosario,Municipio,Rosario,820210,Servicio de Catastro e Información Territorial,IGN
2019,1075,2019-02-04,Lunes,,21:30:00,,0.0,2,"Moto/Ciclomotor,Automóvil",G.Carrasco 2800,3,2,0,0,1,0,0,"-32.92081, -60.70309",Avenida,,ROSARIO,Rosario,Asfalto,No existe,II,Dentro,Urbana,Ninguna,No existe,Intersección,Bueno,Buena,Nocturna,Buen Tiempo,S/D,S/D,Colisión,Ninguna,Faltante,Ninguna,Sin restricción,"-32.92081, -60.70309",['G Carrasco 2800'],1,,-32.92081,-60.70309,55.0,538.0,Municipio Rosario,Municipio,Rosario,820210,Servicio de Catastro e Información Territorial,IGN
2019,1076,2019-02-04,Lunes,,12:55:00,,0.0,2,"Automóvil,Automóvil",Calvo Y Washington,4,2,0,0,2,0,0,"-32.9047, -60.70643",Calle,,ROSARIO,Rosario,Asfalto,No existe,II,S/D,Urbana,Ninguna,No existe,Intersección,Bueno,Buena,Diurna,Buen Tiempo,S/D,S/D,Colisión,Ninguna,Faltante,Ninguna,Sin restricción,"-32.9047, -60.70643","['Calvo', 'Washington']",2,,-32.9047,-60.70643,55.0,538.0,Municipio Rosario,Municipio,Rosario,820210,Servicio de Catastro e Información Territorial,IGN
2019,1077,2019-02-05,Martes,,13:15:00,,0.0,2,"Moto/Ciclomotor,Automóvil",Polledo Y Ciudadela,2,0,1,0,1,0,0,"-32.89229, -60.72037",Calle,,ROSARIO,Rosario,Asfalto,No existe,II,Dentro,Urbana,Ninguna,No existe,Rotonda,Bueno,Buena,Diurna,Buen Tiempo,Lateral,S/D,Colisión,Ninguna,Faltante,Ninguna,Sin restricción,"-32.89229, -60.72037","['Polledo', 'Ciudadela']",2,,-32.89229,-60.72037,55.0,538.0,Municipio Rosario,Municipio,Rosario,820210,Servicio de Catastro e Información Territorial,IGN
2019,1078,2019-02-26,Martes,,,,0.0,2,"Automóvil,Pickup/Utilitario",Bv. Avellaneda Y Bv. Segui,3,1,0,0,2,0,0,"    -32.97165, -60.6874",Avenida,,ROSARIO,Rosario,Asfalto,No existe,II,Dentro,Urbana,S/D,Funciona,Intersección,Bueno,S/D,Diurna,Buen Tiempo,S/D,S/D,Colisión,S/D,S/D,S/D,Sin restricción,"    -32.97165, -60.6874","['Avellaneda', 'Bulevar Juan Francisco Seguí']",2,,-32.97165,-60.6874,55.0,538.0,Municipio Rosario,Municipio,Rosario,820210,Servicio de Catastro e Información Territorial,IGN
2019,1079,2019-02-27,Miercoles,,16:20:00,,0.0,2,"Moto/Ciclomotor,Pickup/Utilitario",Cafferata Y Dean Funes,2,1,0,0,1,0,0,"    -32.96975, -60.67832",Calle,,ROSARIO,Rosario,Asfalto,No existe,II,Dentro,Urbana,S/D,S/D,Intersección,S/D,S/D,Diurna,S/D,S/D,S/D,Colisión,S/D,S/D,S/D,S/D,"    -32.96975, -60.67832","['Cafferata', 'Deán Gregorio Funes']",2,,-32.96975,-60.67832,55.0,538.0,Municipio Rosario,Municipio,Rosario,820210,Servicio de Catastro e Información Territorial,IGN
2019,1081,2019-02-01,Viernes,,07:50:00,,0.0,2,"Moto/Ciclomotor,Automóvil",Superi Y Molina,2,1,0,0,1,0,0,"-32.89663, -60.70462",Calle,,ROSARIO,Rosario,Asfalto,No existe,II,S/D,Urbana,Semáforo,Funciona,Intersección,Bueno,Buena,Diurna,Buen Tiempo,De alcance,S/D,Colisión,Ninguna,S/D,Ninguna,Sin restricción,"-32.89663, -60.70462","['Superi', 'Molina']",2,,-32.89663,-60.70462,55.0,538.0,Municipio Rosario,Municipio,Rosario,820210,Servicio de Catastro e Información Territorial,IGN
2019,1102,2019-02-27,Miercoles,,05:40:00,,0.0,1,Moto/Ciclomotor,Martinez Estrada ,1,1,0,0,0,0,0,"-32.91095, -60.72058",Calle,,ROSARIO,Rosario,Asfalto,No existe,II,S/D,Urbana,S/D,No existe,Recta,S/D,S/D,Amanecer,S/D,S/D,S/D,"Caída ocupante,Colisión",S/D,S/D,S/D,S/D,"-32.91095, -60.72058",['Martinez Estrada'],1,,-32.91095,-60.72058,55.0,538.0,Municipio Rosario,Municipio,Rosario,820210,Servicio de Catastro e Información Territorial,IGN
2019,1107,2019-02-07,Jueves,,15:00:00,,0.0,1,Moto/Ciclomotor,Bv. Avellaneda 4600,3,3,0,0,0,0,0,"-32.99209, -60.68876",Avenida,,ROSARIO,Rosario,Asfalto,No existe,II,Dentro,Urbana,S/D,S/D,Recta,S/D,S/D,Diurna,S/D,S/D,S/D,"Caída ocupante,Despiste",S/D,S/D,Cordón divisorio,S/D,"-32.99209, -60.68876",['Avellaneda 4600'],1,,-32.99209,-60.68876,55.0,538.0,Municipio Rosario,Municipio,Rosario,820210,Servicio de Catastro e Información Territorial,IGN
2019,1108,2019-02-04,Lunes,,11:50:00,,0.0,2,"Moto/Ciclomotor,Bicicleta",Bv. Segui Y Av. Francia,4,4,0,0,0,0,0,"-32.9743, -60.6738",Avenida,,ROSARIO,Rosario,Asfalto,No existe,II,Dentro,Urbana,S/D,Funciona,Intersección,S/D,S/D,Diurna,S/D,S/D,Ciclista,Atropello,S/D,S/D,Cordón divisorio,S/D,"-32.9743, -60.6738","['Bulevar Juan Francisco Seguí', 'Avenida Francia']",2,,-32.9743,-60.6738,55.0,538.0,Municipio Rosario,Municipio,Rosario,820210,Servicio de Catastro e Información Territorial,IGN
2019,1148,2019-01-22,Martes,,08:30:00,,0.0,2,"Automóvil,Automóvil",Bv. 27 De Febrero Y Vera Mujica,2,1,0,0,1,0,0,"-32.96249, -60.67224",Calle,,ROSARIO,Rosario,S/D,S/D,II,S/D,Urbana,S/D,S/D,Intersección,S/D,S/D,Amanecer,S/D,S/D,S/D,Colisión,S/D,S/D,S/D,S/D,"-32.96249, -60.67224","['27 de Febrero', 'Vera Mujíca']",2,,-32.96249,-60.67224,55.0,538.0,Municipio Rosario,Municipio,Rosario,820210,Servicio de Catastro e Información Territorial,IGN
2019,1179,2019-02-03,Domingo,,17:15:00,,0.0,2,"Pickup/Utilitario,Moto/Ciclomotor",Av. Provincias Unidas Y Pampa,2,1,0,0,1,0,0,"-32.93804, -60.71193",S/D,,ROSARIO,Rosario,S/D,S/D,II,S/D,S/D,S/D,S/D,S/D,S/D,S/D,S/D,S/D,S/D,S/D,S/D,S/D,S/D,S/D,S/D,"-32.93804, -60.71193","['Avenida Provincias Unidas', 'Pampa']",2,,-32.93804,-60.71193,55.0,538.0,Municipio Rosario,Municipio,Rosario,820210,Servicio de Catastro e Información Territorial,IGN
2019,1181,2019-02-03,Domingo,,,,0.0,2,"Automóvil,Moto/Ciclomotor",Mendoza Y J.M.de Rosas,4,2,1,0,1,0,0,"-32.95277, -60.63255",S/D,,ROSARIO,Rosario,S/D,S/D,II,S/D,S/D,S/D,S/D,S/D,S/D,S/D,S/D,S/D,S/D,S/D,Otro,S/D,S/D,S/D,S/D,"-32.95277, -60.63255","['Mendoza', 'De Rosas']",2,,-32.95277,-60.63255,55.0,538.0,Municipio Rosario,Municipio,Rosario,820210,Servicio de Catastro e Información Territorial,IGN
2019,1188,2019-02-04,Lunes,,04:00:00,,0.0,2,"Automóvil,Moto/Ciclomotor",Bv. Segui Y Constitucion,3,1,1,0,1,0,0,"-32.97277, -60.68199",S/D,,ROSARIO,Rosario,S/D,S/D,II,S/D,S/D,S/D,S/D,S/D,S/D,S/D,S/D,S/D,S/D,S/D,S/D,S/D,S/D,S/D,S/D,"-32.97277, -60.68199","['Bulevar Juan Francisco Seguí', 'Constitución']",2,,-32.97277,-60.68199,55.0,538.0,Municipio Rosario,Municipio,Rosario,820210,Servicio de Catastro e Información Territorial,IGN
2019,1194,2019-02-04,Lunes,,16:20:00,,0.0,2,"Peatón,Automóvil",Liniers Y Garay,2,1,0,0,1,0,0,"-32.96594, -60.69749",Calle,,ROSARIO,Rosario,S/D,S/D,II,S/D,S/D,S/D,S/D,S/D,S/D,S/D,S/D,S/D,S/D,Peatón,Atropello,S/D,S/D,S/D,S/D,"-32.96594, -60.69749","['Liniers', 'Garay']",2,,-32.96594,-60.69749,55.0,538.0,Municipio Rosario,Municipio,Rosario,820210,Servicio de Catastro e Información Territorial,IGN
2019,1198,2019-02-04,Lunes,,21:30:00,,0.0,2,"Moto/Ciclomotor,Automóvil",San Martin 6400,3,2,0,0,1,0,0,"-33.01157, -60.65126",Calle,,ROSARIO,Rosario,S/D,S/D,II,S/D,S/D,S/D,S/D,S/D,S/D,S/D,S/D,S/D,S/D,S/D,S/D,S/D,S/D,S/D,S/D,"-33.01157, -60.65126",['San Martin 6400'],1,,-33.01157,-60.65126,55.0,538.0,Municipio Rosario,Municipio,Rosario,820210,Servicio de Catastro e Información Territorial,IGN
2019,1199,2019-02-27,Miercoles,,23:30:00,,0.0,2,"Automóvil,Moto/Ciclomotor",Ituzaingo Y Cullen,2,1,0,0,1,0,0,"    -32.95211, -60.7086",Calle,,ROSARIO,Rosario,Asfalto,No existe,II,Dentro,Urbana,S/D,S/D,Intersección,S/D,S/D,Nocturna,S/D,Lateral,S/D,Colisión,S/D,S/D,S/D,S/D,"    -32.95211, -60.7086","['Ituzaingó', 'Cullen']",2,,-32.95211,-60.7086,55.0,538.0,Municipio Rosario,Municipio,Rosario,820210,Servicio de Catastro e Información Territorial,IGN
2019,1203,2019-02-27,Miercoles,,16:45:00,,0.0,2,"Automóvil,Moto/Ciclomotor",Tte.Agneta Y Velez Sarsfield,2,1,0,0,1,0,0,"    -32.92566, -60.70037",Calle,,ROSARIO,Rosario,Asfalto,No existe,II,Dentro,Urbana,S/D,S/D,Intersección,S/D,S/D,Diurna,S/D,S/D,S/D,Colisión,S/D,S/D,S/D,S/D,"    -32.92566, -60.70037","['Teniente Agneta', 'Vélez Sarsfield']",2,,-32.92566,-60.70037,55.0,538.0,Municipio Rosario,Municipio,Rosario,820210,Servicio de Catastro e Información Territorial,IGN