anio_acci,nro_acci,fecha,desc_dia,fecha_aprox,hora_aprox,desc_ruta,km,cant_participantes,desc_participante,calle_avenida_km,total,heridos_leves,heridos_graves,heridos_gravisimos,ilesos,fallecidos,sin_datos,posicion_XY,desc_tipo_via,desc_ruta_ori,desc_loc,desc_dpto,desc_tipo_calzada,desc_tipo_banquina,desc_unidad_regional,desc_lugar_calzada,desc_zona,desc_prioridad,desc_estado_semaforo,desc_lugar_via,desc_estado_via,desc_estado_visibilidad,desc_luminosidad,desc_estado_clima,desc_tipo_colision,desc_tipo_atropello,desc_tipo_hecho,desc_pres_calzada,desc_senializacion,desc_separacion_via,desc_restriccion,forma_geocod,calle_lista,numero_calles,calles_osm,lat,lon,index_right,gid,fna,gna,nam,in1,fdc,sag
2019,1214,2019-02-06,Miercoles,,16:50:00,,0.0,2,"Moto/Ciclomotor,Automóvil",Ayacucho Y Av. Arijon,3,3,0,0,0,0,0,"-33.0027, -60.63604",Calle,,ROSARIO,Rosario,S/D,S/D,II,S/D,S/D,S/D,S/D,S/D,S/D,S/D,S/D,S/D,S/D,S/D,S/D,S/D,S/D,S/D,S/D,"-33.0027, -60.63604","['Ayacucho', 'Avenida Manuel Arijón']",2,,-33.0027,-60.63604,55.0,538.0,Municipio Rosario,Municipio,Rosario,820210,Servicio de Catastro e Información Territorial,IGN
2019,1218,2019-02-07,Jueves,,09:30:00,,0.0,2,"Automóvil,Automóvil",Comercio Y F.Rauch,2,1,0,0,1,0,0,"-32.90654, -60.69861",Calle,,ROSARIO,Rosario,S/D,S/D,II,S/D,S/D,S/D,S/D,S/D,S/D,S/D,S/D,S/D,S/D,S/D,S/D,S/D,S/D,S/D,S/D,"-32.90654, -60.69861","['Comercio', 'Rauch']",2,,-32.90654,-60.69861,55.0,538.0,Municipio Rosario,Municipio,Rosario,820210,Servicio de Catastro e Información Territorial,IGN
2019,1221,2019-03-15,Viernes,,07:30:00,,0.0,2,"Automóvil,Peatón",Necochea Y Bv. 27 De Febrero,3,1,0,0,2,0,0,"-32.97015, -60.62949",Calle,,ROSARIO,Rosario,Asfalto,No existe,II,S/D,Urbana,S/D,Funciona,Intersección,Bueno,Buena,Diurna,Buen Tiempo,S/D,Peatón,Atropello,Ninguna,S/D,Barrera de hormigón,S/D,"-32.97015, -60.62949","['Necochea', '27 de Febrero']",2,,-32.97015,-60.62949,55.0,538.0,Municipio Rosario,Municipio,Rosario,820210,Servicio de Catastro e Información Territorial,IGN
2019,1222,2019-03-13,Miercoles,,12:15:00,,0.0,2,"Automóvil,Taxi/Remis",Italia Y Brown,3,2,0,0,1,0,0,"-32.93537, -60.64552",Calle,,ROSARIO,Rosario,Asfalto,No existe,II,S/D,Urbana,S/D,S/D,Intersección,Bueno,Buena,Diurna,Buen Tiempo,S/D,S/D,Colisión,Ninguna,S/D,S/D,S/D,"-32.93537, -60.64552","['Italia', 'Brown']",2,,-32.93537,-60.64552,55.0,538.0,Municipio Rosario,Municipio,Rosario,820210,Servicio de Catastro e Información Territorial,IGN
2019,1223,2019-03-12,Martes,,14:50:00,,0.0,2,"Peatón,Automóvil",Amenabar Y Av. Ovidio Lagos,2,0,1,0,1,0,0,"-32.96806, -60.66761",Avenida,,ROSARIO,Rosario,Asfalto,No existe,II,S/D,Urbana,S/D,S/D,Intersección,Bueno,Buena,Diurna,Buen Tiempo,S/D,Peatón,Atropello,Ninguna,S/D,Cordón divisorio,S/D,"-32.96806, -60.66761","['Amenabar', 'Avenida Ovidio Lagos']",2,,-32.96806,-60.66761,55.0,538.0,Municipio Rosario,Municipio,Rosario,820210,Servicio de Catastro e Información Territorial,IGN
2019,1224,2019-03-08,Viernes,,07:00:00,,0.0,2,"Moto/Ciclomotor,Pickup/Utilitario",España Y Virasoro,3,2,0,0,1,0,0,"-32.96841, -60.65241",Calle,,ROSARIO,Rosario,Asfalto,No existe,II,Dentro,Urbana,S/D,S/D,Intersección,Bueno,Buena,Diurna,Buen Tiempo,S/D,S/D,Colisión,Ninguna,S/D,S/D,S/D,"-32.96841, -60.65241","['España', 'Virasoro']",2,,-32.96841,-60.65241,55.0,538.0,Municipio Rosario,Municipio,Rosario,820210,Servicio de Catastro e Información Territorial,IGN
2019,1225,2019-03-12,Martes,,09:00:00,,0.0,2,"Automóvil,Moto/Ciclomotor",Laprida Y Pasco,3,2,0,0,1,0,0,"-32.96025, -60.63754",Calle,,ROSARIO,Rosario,Asfalto,No existe,II,S/D,Urbana,S/D,S/D,Intersección,Bueno,Buena,Diurna,Buen Tiempo,De alcance,S/D,Colisión,Ninguna,S/D,S/D,S/D,"-32.96025, -60.63754","['Laprida', 'Pasco']",2,,-32.96025,-60.63754,55.0,538.0,Municipio Rosario,Municipio,Rosario,820210,Servicio de Catastro e Información Territorial,IGN
2019,1235,2019-03-08,Viernes,,18:30:00,,0.0,2,"Peatón,Automóvil",Mariano Moreno ,2,1,0,0,1,0,0,"-32.97541, -60.65843",Calle,,ROSARIO,Rosario,Asfalto,S/D,II,Dentro,Urbana,S/D,S/D,Recta,Bueno,Buena,Diurna,Buen Tiempo,S/D,Peatón,Atropello,S/D,S/D,S/D,Sin restricción,"-32.97541, -60.65843",['Mariano Moreno'],1,,-32.97541,-60.65843,55.0,538.0,Municipio Rosario,Municipio,Rosario,820210,Servicio de Catastro e Información Territorial,IGN
2019,1236,2019-03-09,Sabado,,16:10:00,,0.0,2,"Moto/Ciclomotor,Moto/Ciclomotor",Av. Ponce Y Bv. Oroño,4,4,0,0,0,0,0,"-32.96038, -60.65761",Avenida,,ROSARIO,Rosario,Asfalto,No existe,II,Dentro,Urbana,Ninguna,No existe,Intersección,Bueno,Buena,Diurna,Buen Tiempo,Lateral,S/D,Colisión,Ninguna,S/D,S/D,Sin restricción,"-32.96038, -60.65761","['Ponce', 'Bulevar Nicasio Oroño']",2,,-32.96038,-60.65761,55.0,538.0,Municipio Rosario,Municipio,Rosario,820210,Servicio de Catastro e Información Territorial,IGN
2019,1238,2019-03-09,Sabado,,13:00:00,,0.0,2,"Moto/Ciclomotor,Pickup/Utilitario",Sarmiento Y Ituzaingo,2,1,0,0,1,0,0,"-32.96073, -60.64171",Calle,,ROSARIO,Rosario,Asfalto,S/D,II,Dentro,Urbana,S/D,S/D,Intersección,Bueno,Buena,Diurna,Buen Tiempo,Lateral,S/D,Colisión,Ninguna,S/D,Ninguna,Sin restricción,"-32.96073, -60.64171","['Sarmiento', 'Ituzaingó']",2,,-32.96073,-60.64171,55.0,538.0,Municipio Rosario,Municipio,Rosario,820210,Servicio de Catastro e Información Territorial,IGN
2019,1258,2019-02-05,Martes,,09:15:00,,0.0,1,Automóvil,Rivadavia Y Rodriguez,1,1,0,0,0,0,0,"-32.93127, -60.65584",S/D,,ROSARIO,Rosario,S/D,S/D,II,S/D,S/D,S/D,S/D,S/D,S/D,S/D,S/D,S/D,S/D,S/D,S/D,S/D,S/D,S/D,S/D,"-32.93127, -60.65584","['Rivadavia', 'Rodríguez']",2,,-32.93127,-60.65584,55.0,538.0,Municipio Rosario,Municipio,Rosario,820210,Servicio de Catastro e Información Territorial,IGN
2019,1267,2019-02-15,Viernes,,20:45:00,,0.0,2,"Automóvil,Moto/Ciclomotor",J.J.Paso Y Nicaragua,2,1,0,0,1,0,0,"-32.92055, -60.72157",Calle,,ROSARIO,Rosario,Asfalto,No existe,II,S/D,S/D,Ninguna,No existe,Intersección,Bueno,Buena,Nocturna,Buen Tiempo,Contra objeto fijo,S/D,Colisión,Ninguna,S/D,Cordón divisorio,Sin restricción,"-32.92055, -60.72157","['Paso', 'Nicaragua']",2,,-32.92055,-60.72157,55.0,538.0,Municipio Rosario,Municipio,Rosario,820210,Servicio de Catastro e Información Territorial,IGN
2019,1270,2019-03-12,Martes,,11:00:00,,0.0,2,"Moto/Ciclomotor,Automóvil",AV. INT. MORCILLO Y BV. Oroño,2,1,0,0,1,0,0,"-32.95556, -60.6564",Avenida,,ROSARIO,Rosario,Asfalto,S/D,II,Dentro,Urbana,Señal Pare,No existe,Rotonda,Bueno,Buena,Diurna,Buen Tiempo,Lateral,S/D,Colisión,S/D,Vertical,Cordón divisorio,Sin restricción,"-32.95556, -60.6564","['Avenida Intendente Morcillo', 'Bulevar Nicasio Oroño']",2,,-32.95556,-60.6564,55.0,538.0,Municipio Rosario,Municipio,Rosario,820210,Servicio de Catastro e Información Territorial,IGN
2019,1271,2019-03-09,Sabado,,,,0.0,2,"Moto/Ciclomotor,Automóvil",Av. Jorge Newbery ,2,0,1,0,0,0,1,"-32.90854, -60.73658",Avenida,,ROSARIO,Rosario,S/D,S/D,II,S/D,Urbana,S/D,S/D,Recta,S/D,S/D,S/D,S/D,S/D,S/D,Colisión,S/D,S/D,S/D,S/D,"-32.90854, -60.73658",['Jorge Newbery'],1,,-32.90854,-60.73658,55.0,538.0,Municipio Rosario,Municipio,Rosario,820210,Servicio de Catastro e Información Territorial,IGN
2019,1274,2019-03-10,Domingo,,17:00:00,,0.0,2,"Pickup/Utilitario,Moto/Ciclomotor",De Angelis Bis Y J.B.Justo,2,1,0,0,1,0,0,"-32.91451, -60.69908",Calle,,ROSARIO,Rosario,Asfalto,No existe,II,Dentro,Urbana,Ninguna,No existe,Intersección,Bueno,Buena,Diurna,Buen Tiempo,Otro,S/D,Colisión,Ninguna,Faltante,Ninguna,Sin restricción,"-32.91451, -60.69908","['De Ángelis', 'Justo']",2,,-32.91451,-60.69908,55.0,538.0,Municipio Rosario,Municipio,Rosario,820210,Servicio de Catastro e Información Territorial,IGN
2019,1279,2019-03-08,Viernes,,12:10:00,,0.0,3,"Automóvil,Moto/Ciclomotor,Automóvil",Av. Eva Peron 7200,3,1,0,0,2,0,0,"-32.93191, -60.71886",Avenida,,ROSARIO,Rosario,Asfalto,No existe,II,Dentro,Urbana,Ninguna,S/D,Recta,Bueno,Buena,Diurna,Buen Tiempo,Múltiple,S/D,Colisión,Ninguna,S/D,Ninguna,Sin restricción,"-32.93191, -60.71886",['Eva Peron 7200'],1,,-32.93191,-60.71886,55.0,538.0,Municipio Rosario,Municipio,Rosario,820210,Servicio de Catastro e Información Territorial,IGN
2019,1285,2019-03-11,Lunes,,10:30:00,,0.0,2,"Automóvil,Moto/Ciclomotor",Peru Y Velez Sarsfield,3,0,1,0,2,0,0,"-32.92599, -60.712",Calle,,ROSARIO,Rosario,Asfalto,No existe,II,S/D,Urbana,Ninguna,No existe,Intersección,S/D,S/D,Diurna,S/D,Lateral,S/D,Colisión,S/D,Faltante,Ninguna,Sin restricción,"-32.92599, -60.712","['Peru', 'Vélez Sarsfield']",2,,-32.92599,-60.712,55.0,538.0,Municipio Rosario,Municipio,Rosario,820210,Servicio de Catastro e Información Territorial,IGN
2019,1286,2019-03-08,Viernes,,17:10:00,,0.0,2,"Automóvil,Moto/Ciclomotor",Fraga Y Gorriti,3,1,0,0,2,0,0,"-32.92433, -60.7109",Calle,,ROSARIO,Rosario,S/D,No existe,II,Dentro,Urbana,Ninguna,No existe,Intersección,S/D,S/D,Diurna,S/D,Lateral,S/D,Colisión,S/D,Faltante,Ninguna,Sin restricción,"-32.92433, -60.7109","['Fraga', 'Gorriti']",2,,-32.92433,-60.7109,55.0,538.0,Municipio Rosario,Municipio,Rosario,820210,Servicio de Catastro e Información Territorial,IGN
2019,1287,2019-03-09,Sabado,,20:50:00,,0.0,2,"Moto/Ciclomotor,Moto/Ciclomotor",Rivarola Y J.M.de Rosas,4,3,0,0,0,0,1,"-32.96597, -60.72023",Avenida,,ROSARIO,Rosario,Asfalto,No existe,II,Dentro,Urbana,Semáforo,Intermitente,Intersección,Bueno,Buena,Con luz artificial,Buen Tiempo,S/D,S/D,Colisión,Ninguna,Vertical,Ninguna,Sin restricción,"-32.96597, -60.72023","['Rivarola', 'De Rosas']",2,,-32.96597,-60.72023,55.0,538.0,Municipio Rosario,Municipio,Rosario,820210,Servicio de Catastro e Información Territorial,IGN
2019,1290,2019-03-12,Martes,,13:45:00,,0.0,2,"Automóvil,Moto/Ciclomotor",Amenabar Y Av. Provincias Unidas,3,1,1,0,1,0,0,"-32.96397, -60.71155",Calle,,ROSARIO,Rosario,Asfalto,No existe,II,S/D,Urbana,Ninguna,No existe,Intersección,Bueno,Buena,Diurna,Buen Tiempo,Frontal,S/D,Colisión,Ninguna,Faltante,Cordón divisorio,Sin restricción,"-32.96397, -60.71155","['Amenabar', 'Avenida Provincias Unidas']",2,,-32.96397,-60.71155,55.0,538.0,Municipio Rosario,Municipio,Rosario,820210,Servicio de Catastro e Información Territorial,IGN
2019,1292,2019-03-13,Miercoles,,17:40:00,,0.0,2,"Peatón,Moto/Ciclomotor",Dr.Maradona 6300,2,0,1,0,0,0,1,"-32.97984, -60.70631",Calle,,ROSARIO,Rosario,Asfalto,No existe,II,Dentro,Urbana,Ninguna,No existe,Recta,Con baches,Buena,Diurna,Buen Tiempo,S/D,Peatón,Atropello,Ninguna,Faltante,Ninguna,Sin restricción,"-32.97984, -60.70631",['Dr Maradona 6300'],1,,-32.97984,-60.70631,55.0,538.0,Municipio Rosario,Municipio,Rosario,820210,Servicio de Catastro e Información Territorial,IGN
2019,1294,2019-03-14,Jueves,,13:30:00,,0.0,2,"Moto/Ciclomotor,Taxi/Remis",Montevideo Y Crespo,2,1,0,0,1,0,0,"-32.95077, -60.67068",Calle,,ROSARIO,Rosario,Asfalto,No existe,II,Dentro,Urbana,Señal Pare,No existe,Intersección,Bueno,Buena,Diurna,Buen Tiempo,Lateral,S/D,Colisión,Ninguna,Horizontal,Ninguna,Sin restricción,"-32.95077, -60.67068","['Montevideo', 'Crespo']",2,,-32.95077,-60.67068,55.0,538.0,Municipio Rosario,Municipio,Rosario,820210,Servicio de Catastro e Información Territorial,IGN
2019,1306,2019-02-15,Viernes,,14:00:00,,0.0,2,"Automóvil,Moto/Ciclomotor",Bv. 27 De Febrero Y Matienzo,3,2,0,0,1,0,0,"-32.95879, -60.69398",Calle,,ROSARIO,Rosario,S/D,Pavimento,II,Dentro,Urbana,Semáforo,Funciona,Recta,Bueno,Buena,Diurna,Buen Tiempo,S/D,S/D,Colisión,Ninguna,Horizontal,Barrera de hormigón,Sin restricción,"-32.95879, -60.69398","['27 de Febrero', 'Matienzo']",2,,-32.95879,-60.69398,55.0,538.0,Municipio Rosario,Municipio,Rosario,820210,Servicio de Catastro e Información Territorial,IGN
2019,1309,2019-02-15,Viernes,,18:45:00,,0.0,2,"Moto/Ciclomotor,Automóvil",San Martin Y Av. Uriburu,3,1,0,0,2,0,0,"-32.99061, -60.6467",Calle,,ROSARIO,Rosario,Asfalto,No existe,II,Dentro,Urbana,Ninguna,Funciona,Intersección,Bueno,Buena,Diurna,Buen Tiempo,De alcance,S/D,Colisión,Ninguna,Vertical,Cordón divisorio,Sin restricción,"-32.99061, -60.6467","['San Martin', 'Uriburu']",2,,-32.99061,-60.6467,55.0,538.0,Municipio Rosario,Municipio,Rosario,820210,Servicio de Catastro e Información Territorial,IGN
2019,1311,2019-02-15,Viernes,,08:10:00,,0.0,2,"Bicicleta,Automóvil",Callao Y Brown,2,1,0,0,1,0,0,"-32.93321, -60.65772",Calle,,ROSARIO,Rosario,Asfalto,No existe,II,S/D,Urbana,S/D,No existe,Intersección,Bueno,Buena,Diurna,Buen Tiempo,S/D,Ciclista,Atropello,Ninguna,Faltante,Ninguna,Sin restricción,"-32.93321, -60.65772","['Callao', 'Brown']",2,,-32.93321,-60.65772,55.0,538.0,Municipio Rosario,Municipio,Rosario,820210,Servicio de Catastro e Información Territorial,IGN
2019,1312,2019-02-15,Viernes,,09:40:00,,0.0,2,"Moto/Ciclomotor,Pickup/Utilitario",3 De Febrero Y Constitucion,2,1,0,0,1,0,0,"-32.94646, -60.67531",Calle,,ROSARIO,Rosario,Asfalto,No existe,II,Dentro,Urbana,S/D,No existe,Intersección,Bueno,Buena,Diurna,Buen Tiempo,S/D,S/D,Colisión,S/D,S/D,S/D,S/D,"-32.94646, -60.67531","['3 de Febrero', 'Constitución']",2,,-32.94646,-60.67531,55.0,538.0,Municipio Rosario,Municipio,Rosario,820210,Servicio de Catastro e Información Territorial,IGN
2019,1321,2019-03-09,Sabado,,10:30:00,,0.0,2,"Moto/Ciclomotor,Automóvil",Bv. Segui Y Entre Rios,2,1,0,0,1,0,0,"-32.97868, -60.64916",Calle,,ROSARIO,Rosario,Asfalto,No existe,II,Dentro,Urbana,Ninguna,No existe,Intersección,Bueno,Buena,Diurna,Buen Tiempo,Lateral,S/D,Colisión,Agua,Faltante,Cordón divisorio,Sin restricción,"-32.97868, -60.64916","['Bulevar Juan Francisco Seguí', 'Entre Ríos']",2,,-32.97868,-60.64916,55.0,538.0,Municipio Rosario,Municipio,Rosario,820210,Servicio de Catastro e Información Territorial,IGN
2019,1322,2019-03-09,Sabado,,10:45:00,,0.0,2,"Pickup/Utilitario,Moto/Ciclomotor",Ayacucho Y Hilarion de la Quintana,4,1,0,0,3,0,0,"-33.00057, -60.63619",Calle,,ROSARIO,Rosario,Asfalto,No existe,II,Dentro,Urbana,Semáforo,Funciona,Intersección,Bueno,Buena,Diurna,Buen Tiempo,Lateral,S/D,Colisión,Ninguna,"Horizontal,Vertical",Ninguna,Sin restricción,"-33.00057, -60.63619","['Ayacucho', 'Hilarión de la Quintana']",2,,-33.00057,-60.63619,55.0,538.0,Municipio Rosario,Municipio,Rosario,820210,Servicio de Catastro e Información Territorial,IGN
2019,1323,2019-02-26,Martes,,07:05:00,,0.0,2,"Moto/Ciclomotor,Automóvil",Mariano Moreno Y Cordoba,2,1,0,0,1,0,0,"    -32.94421, -60.65059",Calle,,ROSARIO,Rosario,Asfalto,No existe,II,Dentro,Urbana,Ninguna,S/D,Intersección,S/D,S/D,Diurna,S/D,Lateral,S/D,Colisión,S/D,S/D,S/D,Sin restricción,"    -32.94421, -60.65059","['Mariano Moreno', 'Córdoba']",2,,-32.94421,-60.65059,55.0,538.0,Municipio Rosario,Municipio,Rosario,820210,Servicio de Catastro e Información Territorial,IGN
2019,1327,2019-03-09,Sabado,,20:45:00,,0.0,2,"Pickup/Utilitario,Bicicleta",Centeno 1000,2,1,0,0,1,0,0,"-32.98521, -60.64563",Calle,,ROSARIO,Rosario,Asfalto,No existe,II,Dentro,Urbana,Ninguna,No existe,Intersección,Bueno,Buena,Nocturna,Buen Tiempo,S/D,Ciclista,Atropello,Ninguna,Faltante,Ninguna,Sin restricción,"-32.98521, -60.64563",['Centeno 1000'],1,,-32.98521,-60.64563,55.0,538.0,Municipio Rosario,Municipio,Rosario,820210,Servicio de Catastro e Información Territorial,IGN
2019,1329,2019-03-13,Miercoles,,23:45:00,,0.0,2,"Moto/Ciclomotor,Taxi/Remis",Bv. Segui Y San Martin,2,1,0,0,1,0,0,"-32.97951, -60.64445",Avenida,,ROSARIO,Rosario,Asfalto,No existe,II,Dentro,Urbana,Ninguna,No funciona,Intersección,Bueno,Buena,Nocturna,Buen Tiempo,Lateral,S/D,Colisión,Ninguna,Horizontal,Cordón divisorio,Sin restricción,"-32.97951, -60.64445","['Bulevar Juan Francisco Seguí', 'San Martin']",2,,-32.97951,-60.64445,55.0,538.0,Municipio Rosario,Municipio,Rosario,820210,Servicio de Catastro e Información Territorial,IGN
2019,1330,2019-03-13,Miercoles,,19:20:00,,0.0,2,"Automóvil,Moto/Ciclomotor",Av. Ntra.Sra.del Rosario Y Lituania,6,2,0,0,4,0,0,"-32.99805, -60.62044",Calle,,ROSARIO,Rosario,Asfalto,No existe,II,S/D,Urbana,Ninguna,Funciona,Intersección,Bueno,Buena,Atardecer,Buen Tiempo,Lateral,S/D,Colisión,S/D,"Horizontal,Vertical",Ninguna,Sin restricción,"-32.99805, -60.62044","['Nuestra Señora del Rosario', 'Lituania']",2,,-32.99805,-60.62044,55.0,538.0,Municipio Rosario,Municipio,Rosario,820210,Servicio de Catastro e Información Territorial,IGN
2019,1332,2019-03-13,Miercoles,,11:40:00,,0.0,2,"Moto/Ciclomotor,Automóvil",Av. Ntra.Sra.del Rosario Y Salva,4,2,0,0,2,0,0,"-32.99962, -60.64035",Calle,,ROSARIO,Rosario,Asfalto,No existe,II,S/D,Urbana,Señal Ceda el Paso,No existe,Intersección,Bueno,Buena,Diurna,S/D,S/D,S/D,Colisión,Ninguna,Vertical,S/D,S/D,"-32.99962, -60.64035","['Nuestra Señora del Rosario', 'Salva']",2,,-32.99962,-60.64035,55.0,538.0,Municipio Rosario,Municipio,Rosario,820210,Servicio de Catastro e Información Territorial,IGN
2019,1334,2019-03-13,Miercoles,,15:10:00,,0.0,2,"Peatón,Moto/Ciclomotor",Av. Ntra.Sra.del Rosario Y Lituania,2,1,0,0,1,0,0,"-32.99805, -60.62025",Avenida,,ROSARIO,Rosario,Asfalto,No existe,II,S/D,Urbana,Ninguna,No existe,Recta,Bueno,Buena,Diurna,Buen Tiempo,S/D,Peatón,Atropello,Ninguna,Faltante,Ninguna,Sin restricción,"-32.99805, -60.62025","['Nuestra Señora del Rosario', 'Lituania']",2,,-32.99805,-60.62025,55.0,538.0,Municipio Rosario,Municipio,Rosario,820210,Servicio de Catastro e Información Territorial,IGN
2019,1336,2019-03-15,Viernes,,17:10:00,,0.0,2,"Automóvil,Bicicleta",Av. Pellegrini Y Entre Rios,2,1,0,0,1,0,0,"-32.95683, -60.6437",Avenida,,ROSARIO,Rosario,Asfalto,No existe,II,Dentro,Urbana,S/D,S/D,Intersección,Bueno,Buena,Diurna,Buen Tiempo,S/D,Ciclista,Atropello,Ninguna,S/D,Cordón divisorio,S/D,"-32.95683, -60.6437","['Pellegrini', 'Entre Ríos']",2,,-32.95683,-60.6437,55.0,538.0,Municipio Rosario,Municipio,Rosario,820210,Servicio de Catastro e Información Territorial,IGN
2019,1337,2019-03-15,Viernes,,15:30:00,,0.0,2,"Automóvil,Moto/Ciclomotor",Av. Pellegrini Y Av. Ovidio Lagos,2,1,0,0,1,0,0,"-32.9532, -60.66421",Avenida,,ROSARIO,Rosario,Asfalto,No existe,II,Dentro,Urbana,S/D,Funciona,Intersección,Bueno,Buena,Diurna,Buen Tiempo,S/D,S/D,Colisión,Ninguna,S/D,Cordón divisorio,S/D,"-32.9532, -60.66421","['Pellegrini', 'Avenida Ovidio Lagos']",2,,-32.9532,-60.66421,55.0,538.0,Municipio Rosario,Municipio,Rosario,820210,Servicio de Catastro e Información Territorial,IGN
2019,1339,2019-03-15,Viernes,,10:50:00,,0.0,2,"Automóvil,Moto/Ciclomotor",San Luis Y Balcarce,2,1,0,0,1,0,0,"-32.94656, -60.65256",Calle,,ROSARIO,Rosario,Asfalto,No existe,II,Dentro,Urbana,S/D,No existe,Intersección,Bueno,Buena,Diurna,Buen Tiempo,S/D,S/D,Colisión,Ninguna,Faltante,S/D,S/D,"-32.94656, -60.65256","['San Luis', 'Balcarce']",2,,-32.94656,-60.65256,55.0,538.0,Municipio Rosario,Municipio,Rosario,820210,Servicio de Catastro e Información Territorial,IGN
2019,1342,2019-02-15,Viernes,,20:50:00,,0.0,2,"Automóvil,Automóvil",Bv. Avellaneda 768,5,3,0,0,2,0,0,"-32.93858, -60.67905",Avenida,,ROSARIO,Rosario,Asfalto,No existe,II,Dentro,Urbana,S/D,S/D,Intersección,Bueno,Buena,Nocturna,Buen Tiempo,S/D,S/D,Colisión,Ninguna,S/D,Cordón divisorio,S/D,"-32.93858, -60.67905",['Avellaneda 768'],1,,-32.93858,-60.67905,55.0,538.0,Municipio Rosario,Municipio,Rosario,820210,Servicio de Catastro e Información Territorial,IGN
2019,1343,2019-03-09,Sabado,,13:20:00,,0.0,2,"Automóvil,Moto/Ciclomotor",Av. Belgrano Y Av. Pellegrini,3,2,0,0,1,0,0,"-32.96076,-60.62112",Avenida,,ROSARIO,Rosario,Asfalto,No existe,II,Dentro,Urbana,S/D,S/D,Rotonda,Bueno,Buena,Diurna,Buen Tiempo,S/D,S/D,Colisión,Ninguna,S/D,S/D,S/D,"-32.96076,-60.62112","['Belgrano', 'Pellegrini']",2,,-32.96076,-60.62112,55.0,538.0,Municipio Rosario,Municipio,Rosario,820210,Servicio de Catastro e Información Territorial,IGN
2019,1345,2019-02-15,Viernes,,12:10:00,,0.0,2,"Automóvil,Peatón",Entre Rios 753,2,1,0,0,1,0,0,"-32.94526, -60.64077",Calle,,ROSARIO,Rosario,hormigón,No existe,II,S/D,Urbana,S/D,No existe,Cruce,Bueno,Buena,Diurna,Buen Tiempo,S/D,Peatón,Atropello,Ninguna,S/D,S/D,S/D,"-32.94526, -60.64077",['Entre Rios 753'],1,,-32.94526,-60.64077,55.0,538.0,Municipio Rosario,Municipio,Rosario,820210,Servicio de Catastro e Información Territorial,IGN
2019,1347,2019-03-11,Lunes,,17:15:00,,0.0,2,"Automóvil,Peatón",Av. Pellegrini Y Sarmiento,2,0,1,0,1,0,0,"-32.95739, -60.64087",Avenida,,ROSARIO,Rosario,Asfalto,No existe,II,Dentro,Urbana,S/D,Funciona,Intersección,Bueno,Buena,Diurna,Buen Tiempo,S/D,Peatón,Atropello,Ninguna,S/D,Cordón divisorio,S/D,"-32.95739, -60.64087","['Pellegrini', 'Sarmiento']",2,,-32.95739,-60.64087,55.0,538.0,Municipio Rosario,Municipio,Rosario,820210,Servicio de Catastro e Información Territorial,IGN
2019,1349,2019-02-15,Viernes,,17:55:00,,0.0,2,"Taxi/Remis,Pickup/Utilitario",Cordoba Y Suipacha,4,3,0,0,1,0,0,"-32.94176, -60.66415",Calle,,ROSARIO,Rosario,Asfalto,No existe,II,S/D,Urbana,S/D,S/D,Intersección,Bueno,Buena,Diurna,Buen Tiempo,S/D,S/D,Colisión,Ninguna,S/D,Línea divisoria pintada,S/D,"-32.94176, -60.66415","['Córdoba', 'Suipacha']",2,,-32.94176,-60.66415,55.0,538.0,Municipio Rosario,Municipio,Rosario,820210,Servicio de Catastro e Información Territorial,IGN
2019,1350,2019-03-11,Lunes,,14:15:00,,0.0,2,"Moto/Ciclomotor,Moto/Ciclomotor",Bv. Oroño Y San Lorenzo,2,0,1,0,1,0,0,"-32.94142, -60.65263",Avenida,,ROSARIO,Rosario,Asfalto,No existe,II,Dentro,Urbana,S/D,S/D,Intersección,Bueno,Buena,Diurna,Buen Tiempo,S/D,S/D,Colisión,Ninguna,S/D,S/D,S/D,"-32.94142, -60.65263","['Bulevar Nicasio Oroño', 'San Lorenzo']",2,,-32.94142,-60.65263,55.0,538.0,Municipio Rosario,Municipio,Rosario,820210,Servicio de Catastro e Información Territorial,IGN
2019,1356,2019-02-15,Viernes,,08:40:00,,0.0,2,"Moto/Ciclomotor,Automóvil",J.B.Justo ,2,1,0,0,1,0,0,"-32.91651, -60.77167",Calle,,ROSARIO,Rosario,Asfalto,No existe,II,Dentro,Urbana,S/D,No existe,Intersección,Bueno,Buena,Diurna,Buen Tiempo,Lateral,S/D,Colisión,Ninguna,Faltante,Ninguna,Sin restricción,"-32.91651, -60.77167",['J B Justo'],1,,-32.91651,-60.77167,55.0,538.0,Municipio Rosario,Municipio,Rosario,820210,Servicio de Catastro e Información Territorial,IGN
2019,1359,2019-03-12,Martes,,20:00:00,,0.0,2,"Moto/Ciclomotor,Automóvil",Lima Y 9 De Julio,3,2,0,0,1,0,0,"-32.94576, -60.68507",Calle,,ROSARIO,Rosario,Asfalto,No existe,II,Dentro,Urbana,S/D,S/D,Recta,Bueno,Buena,Nocturna,Buen Tiempo,S/D,S/D,Colisión,Ninguna,S/D,S/D,S/D,"-32.94576, -60.68507","['Lima', '9 de Julio']",2,,-32.94576,-60.68507,55.0,538.0,Municipio Rosario,Municipio,Rosario,820210,Servicio de Catastro e Información Territorial,IGN
2019,1363,2019-03-11,Lunes,,07:00:00,,0.0,2,"Transporte de Pasajeros Urbano (> 8 asientos),Moto/Ciclomotor",Av. Francia Y Biedma,4,3,0,0,1,0,0,"-32.97645, -60.67442",Avenida,,ROSARIO,Rosario,Asfalto,No existe,II,Dentro,Urbana,S/D,S/D,Intersección,S/D,S/D,Diurna,S/D,S/D,S/D,Colisión,S/D,S/D,Cordón divisorio,S/D,"-32.97645, -60.67442","['Avenida Francia', 'Coronel Biedma']",2,,-32.97645,-60.67442,55.0,538.0,Municipio Rosario,Municipio,Rosario,820210,Servicio de Catastro e Información Territorial,IGN