anio_acci,nro_acci,fecha,desc_dia,fecha_aprox,hora_aprox,desc_ruta,km,cant_participantes,desc_participante,calle_avenida_km,total,heridos_leves,heridos_graves,heridos_gravisimos,ilesos,fallecidos,sin_datos,posicion_XY,desc_tipo_via,desc_ruta_ori,desc_loc,desc_dpto,desc_tipo_calzada,desc_tipo_banquina,desc_unidad_regional,desc_lugar_calzada,desc_zona,desc_prioridad,desc_estado_semaforo,desc_lugar_via,desc_estado_via,desc_estado_visibilidad,desc_luminosidad,desc_estado_clima,desc_tipo_colision,desc_tipo_atropello,desc_tipo_hecho,desc_pres_calzada,desc_senializacion,desc_separacion_via,desc_restriccion,forma_geocod,calle_lista,numero_calles,calles_osm,lat,lon,index_right,gid,fna,gna,nam,in1,fdc,sag
2019,1364,2019-03-11,Lunes,,17:15:00,,0.0,2,"Automóvil,Moto/Ciclomotor",Biedma Y Cafferata,2,0,1,0,1,0,0,"-32.97551, -60.67977",Calle,,ROSARIO,Rosario,Asfalto,No existe,II,Dentro,Urbana,S/D,S/D,Intersección,S/D,S/D,Diurna,S/D,S/D,S/D,Colisión,S/D,S/D,S/D,S/D,"-32.97551, -60.67977","['Coronel Biedma', 'Cafferata']",2,,-32.97551,-60.67977,55.0,538.0,Municipio Rosario,Municipio,Rosario,820210,Servicio de Catastro e Información Territorial,IGN
2019,1365,2019-03-12,Martes,,05:40:00,,0.0,2,"Moto/Ciclomotor,Bicicleta",Av. Arijon Y Av. Ovidio Lagos,2,2,0,0,0,0,0,"-33.00386, -60.67606",Avenida,,ROSARIO,Rosario,Asfalto,No existe,II,Dentro,Urbana,Semáforo,Funciona,Intersección,S/D,S/D,Nocturna,S/D,S/D,Ciclista,Atropello,S/D,S/D,Cordón divisorio,S/D,"-33.00386, -60.67606","['Avenida Manuel Arijón', 'Avenida Ovidio Lagos']",2,,-33.00386,-60.67606,55.0,538.0,Municipio Rosario,Municipio,Rosario,820210,Servicio de Catastro e Información Territorial,IGN
2019,1366,2019-03-12,Martes,,11:45:00,,0.0,2,"Taxi/Remis,Moto/Ciclomotor",Dorrego Y Reg.11 de Infanteria,4,1,0,0,3,0,0,"-32.99917, -60.66068",Calle,,ROSARIO,Rosario,Asfalto,S/D,II,Dentro,Urbana,S/D,S/D,Intersección,S/D,S/D,Diurna,S/D,S/D,S/D,Colisión,S/D,S/D,S/D,S/D,"-32.99917, -60.66068","['Dorrego', 'Regimiento 11']",2,,-32.99917,-60.66068,55.0,538.0,Municipio Rosario,Municipio,Rosario,820210,Servicio de Catastro e Información Territorial,IGN
2019,1367,2019-03-15,Viernes,,,,0.0,2,"Moto/Ciclomotor,Pickup/Utilitario",Bv. Oroño Y Av. Uriburu,2,1,0,0,1,0,0,"-32.991791612751, -60.665277969802",Avenida,,ROSARIO,Rosario,Asfalto,S/D,II,S/D,Urbana,Semáforo,S/D,Intersección,S/D,S/D,Diurna,S/D,S/D,S/D,Colisión,S/D,S/D,Cordón divisorio,S/D,"-32.991791612751, -60.665277969802","['Bulevar Nicasio Oroño', 'Uriburu']",2,,-32.991791612751,-60.665277969802,55.0,538.0,Municipio Rosario,Municipio,Rosario,820210,Servicio de Catastro e Información Territorial,IGN
2019,1369,2019-03-08,Viernes,,18:15:00,,0.0,2,"Peatón,Transporte de Pasajeros Urbano (> 8 asientos)",Dorrego Y Santa Fe,2,1,0,0,1,0,0,"-32.94309, -60.64886",Calle,,ROSARIO,Rosario,Asfalto,S/D,II,Dentro,Urbana,Paso Peatonal,Funciona,Intersección,Bueno,Buena,Atardecer,Buen Tiempo,S/D,S/D,Otro,Ninguna,S/D,S/D,S/D,"-32.94309, -60.64886","['Dorrego', 'Santa Fe']",2,,-32.94309,-60.64886,55.0,538.0,Municipio Rosario,Municipio,Rosario,820210,Servicio de Catastro e Información Territorial,IGN
2019,1388,2019-02-15,Viernes,,08:35:00,,0.0,2,"Automóvil,Bicicleta",Av. Arijon Y Alvear,2,1,0,0,1,0,0,"-33.00355, -60.66623",Avenida,,ROSARIO,Rosario,Asfalto,No existe,II,S/D,Urbana,S/D,No existe,Intersección,S/D,S/D,Diurna,S/D,S/D,Ciclista,Atropello,S/D,S/D,S/D,S/D,"-33.00355, -60.66623","['Avenida Manuel Arijón', 'Alvear']",2,,-33.00355,-60.66623,55.0,538.0,Municipio Rosario,Municipio,Rosario,820210,Servicio de Catastro e Información Territorial,IGN
2019,1391,2019-02-15,Viernes,,13:00:00,,0.0,2,"Moto/Ciclomotor,Automóvil",Constitucion Y Saavedra,2,1,0,0,1,0,0,"-32.97157, -60.68165",Calle,,ROSARIO,Rosario,Asfalto,No existe,II,Dentro,Urbana,S/D,S/D,Intersección,S/D,S/D,Diurna,S/D,S/D,S/D,Colisión,S/D,S/D,S/D,S/D,"-32.97157, -60.68165","['Constitución', 'Saavedra']",2,,-32.97157,-60.68165,55.0,538.0,Municipio Rosario,Municipio,Rosario,820210,Servicio de Catastro e Información Territorial,IGN
2019,1392,2019-02-15,Viernes,,18:00:00,,0.0,2,"Moto/Ciclomotor,Automóvil",Av. Battle y Ordoñez 2264,2,1,0,0,1,0,0,"-33.00938, -60.66576",Calle,,ROSARIO,Rosario,Asfalto,No existe,II,Dentro,Urbana,S/D,S/D,Recta,S/D,S/D,Atardecer,S/D,S/D,S/D,Colisión,S/D,S/D,S/D,S/D,"-33.00938, -60.66576",['Avenida Battle y Ordoñez 2264'],1,,-33.00938,-60.66576,55.0,538.0,Municipio Rosario,Municipio,Rosario,820210,Servicio de Catastro e Información Territorial,IGN
2019,1395,2019-04-11,Jueves,,17:30:00,,0.0,2,"Automóvil,Moto/Ciclomotor",Sanguinetti Y Pje. Espinillo,2,1,0,0,1,0,0,"-32.971904637161,-60.699070930224",Calle,,ROSARIO,Rosario,Asfalto,No existe,II,Dentro,Urbana,Ninguna,No existe,Intersección,Con baches,Buena,Diurna,Buen Tiempo,S/D,S/D,Colisión,Ninguna,Faltante,Ninguna,Sin restricción,"-32.971904637161,-60.699070930224","['Sanguinetti', 'Espinillo']",2,,-32.971904637161,-60.699070930224,55.0,538.0,Municipio Rosario,Municipio,Rosario,820210,Servicio de Catastro e Información Territorial,IGN
2019,1397,2019-04-27,Sabado,,01:15:00,,0.0,2,"Otros,Bicicleta",Bv. 27 De Febrero Y Bolivia,2,0,1,0,1,0,0,"-32.959382225049,-60.713070545176",Avenida,,ROSARIO,Rosario,Asfalto,No existe,II,Dentro,Urbana,Señal Pare,No existe,Intersección,Resbaladiza,Buena,"Nocturna,Con luz artificial",Buen Tiempo,S/D,Ciclista,Atropello,Agua,Horizontal,"Cordón divisorio,Línea divisoria pintada",Sin restricción,"-32.959382225049,-60.713070545176","['27 de Febrero', 'Bolivia']",2,,-32.959382225049,-60.713070545176,55.0,538.0,Municipio Rosario,Municipio,Rosario,820210,Servicio de Catastro e Información Territorial,IGN
2019,1398,2019-04-27,Sabado,,00:05:00,,0.0,1,Bicicleta,Rivarola 8000,1,1,0,0,0,0,0,"-32.96638275996,-60.73089862947",Avenida,,ROSARIO,Rosario,Asfalto,No existe,II,Dentro,Urbana,Ninguna,No existe,Intersección,Resbaladiza,Reducida polvo,"Nocturna,Con luz artificial",Lluvia,S/D,S/D,Colisión,Agua,Faltante,Ninguna,Sin restricción,"-32.96638275996,-60.73089862947",['Rivarola 8000'],1,,-32.96638275996,-60.73089862947,55.0,538.0,Municipio Rosario,Municipio,Rosario,820210,Servicio de Catastro e Información Territorial,IGN
2019,1400,2019-04-27,Sabado,,09:25:00,,0.0,2,"Transporte de Pasajeros Urbano (> 8 asientos),Moto/Ciclomotor",Bv. 27 De Febrero Y Dr.G.Colombres,2,1,0,0,1,0,0,"-32.959661909727,-60.725023540139",Avenida,,ROSARIO,Rosario,Asfalto,No existe,II,Dentro,Urbana,Señal Pare,No existe,Intersección,Con baches,Buena,Diurna,Buen Tiempo,Frontal,S/D,Colisión,Ninguna,Horizontal,Cordón divisorio,Sin restricción,"-32.959661909727,-60.725023540139","['27 de Febrero', 'Doctor G. Colombres']",2,,-32.959661909727,-60.725023540139,55.0,538.0,Municipio Rosario,Municipio,Rosario,820210,Servicio de Catastro e Información Territorial,IGN
2019,1402,2019-04-15,Lunes,,07:40:00,,0.0,2,"Moto/Ciclomotor,Moto/Ciclomotor",Av. Provincias Unidas Y Bv. Segui,2,2,0,0,0,0,0,"-32.970921307465,-60.711459055495",Avenida,,ROSARIO,Rosario,Asfalto,No existe,II,Dentro,Urbana,Semáforo,Funciona,Intersección,Bueno,Buena,Amanecer,Buen Tiempo,Frontal,S/D,Colisión,Ninguna,Vertical,Cordón divisorio,Sin restricción,"-32.970921307465,-60.711459055495","['Avenida Provincias Unidas', 'Bulevar Juan Francisco Seguí']",2,,-32.970921307465,-60.711459055495,55.0,538.0,Municipio Rosario,Municipio,Rosario,820210,Servicio de Catastro e Información Territorial,IGN
2019,1404,2019-04-27,Sabado,,13:50:00,,0.0,2,"Automóvil,Moto/Ciclomotor",Camilo Aldao Y Av. Pte.Peron,3,2,0,0,1,0,0,"-32.959870135084,-60.695215228435",Avenida,,ROSARIO,Rosario,hormigón,No existe,II,Dentro,Urbana,Ninguna,No existe,Intersección,Bueno,Buena,Diurna,Buen Tiempo,Frontal,S/D,Colisión,Ninguna,Horizontal,"Cordón divisorio,Línea divisoria pintada",Sin restricción,"-32.959870135084,-60.695215228435","['Camilo Aldao', 'Avenida Presidente Perón']",2,,-32.959870135084,-60.695215228435,55.0,538.0,Municipio Rosario,Municipio,Rosario,820210,Servicio de Catastro e Información Territorial,IGN
2019,1406,2019-04-22,Lunes,,18:35:00,,0.0,2,"Moto/Ciclomotor,Peatón",Lavalle 2300,2,1,0,0,1,0,0,"-32.957057271756,-60.682240540055",Avenida,,ROSARIO,Rosario,Asfalto,No existe,II,Dentro,Urbana,Semáforo,Funciona,Intersección,Bueno,Buena,Diurna,Buen Tiempo,S/D,Peatón,Atropello,Ninguna,Vertical,Cordón divisorio,Sin restricción,"-32.957057271756,-60.682240540055",['Lavalle 2300'],1,,-32.957057271756,-60.682240540055,55.0,538.0,Municipio Rosario,Municipio,Rosario,820210,Servicio de Catastro e Información Territorial,IGN
2019,1408,2019-04-05,Viernes,,16:30:00,,0.0,2,"Automóvil,Moto/Ciclomotor",Rivarola Y R.Lagos,2,1,0,0,1,0,0,"-32.965876610296,-60.715317766429",Calle,,ROSARIO,Rosario,Asfalto,No existe,II,Dentro,Urbana,Ninguna,No existe,Intersección,Bueno,Buena,Diurna,Buen Tiempo,Lateral,S/D,Colisión,Ninguna,Faltante,Ninguna,Sin restricción,"-32.965876610296,-60.715317766429","['Rivarola', 'Ovidio Lagos']",2,,-32.965876610296,-60.715317766429,55.0,538.0,Municipio Rosario,Municipio,Rosario,820210,Servicio de Catastro e Información Territorial,IGN
2019,1409,2019-04-09,Martes,,12:20:00,,0.0,2,"Automóvil,Moto/Ciclomotor",Virasoro Y Cafferata,2,1,0,0,1,0,0,"-32.964018622962,-60.676883308742",Calle,,ROSARIO,Rosario,Asfalto,No existe,II,Dentro,Urbana,Ninguna,No existe,Recta,Bueno,Buena,Diurna,Buen Tiempo,De alcance,S/D,Colisión,Ninguna,Faltante,Ninguna,Sin restricción,"-32.964018622962,-60.676883308742","['Virasoro', 'Cafferata']",2,,-32.964018622962,-60.676883308742,55.0,538.0,Municipio Rosario,Municipio,Rosario,820210,Servicio de Catastro e Información Territorial,IGN
2019,1411,2019-04-01,Lunes,,11:35:00,,0.0,2,"Pickup/Utilitario,Moto/Ciclomotor",La Paz Y Camilo Aldao,2,1,0,0,1,0,0,"-32.95525808294,-60.695392049797",Calle,,ROSARIO,Rosario,Asfalto,No existe,II,Dentro,Urbana,Ninguna,No existe,Intersección,Bueno,Buena,Diurna,Buen Tiempo,Lateral,S/D,Colisión,Ninguna,Faltante,Ninguna,Sin restricción,"-32.95525808294,-60.695392049797","['La Paz', 'Camilo Aldao']",2,,-32.95525808294,-60.695392049797,55.0,538.0,Municipio Rosario,Municipio,Rosario,820210,Servicio de Catastro e Información Territorial,IGN
2019,1413,2019-04-08,Lunes,,19:30:00,,0.0,2,"Automóvil,Moto/Ciclomotor",Rivarola 8000,3,2,0,0,1,0,0,"-32.96638275996,-60.73089862947",Calle,,ROSARIO,Rosario,Asfalto,No existe,II,Dentro,Urbana,Ninguna,No existe,Intersección,Bueno,Buena,Atardecer,Buen Tiempo,Lateral,S/D,Colisión,Ninguna,Faltante,Cordón divisorio,Sin restricción,"-32.96638275996,-60.73089862947",['Rivarola 8000'],1,,-32.96638275996,-60.73089862947,55.0,538.0,Municipio Rosario,Municipio,Rosario,820210,Servicio de Catastro e Información Territorial,IGN
2019,1415,2019-04-11,Jueves,,20:30:00,,0.0,2,"Bicicleta,Moto/Ciclomotor",C.Larralde Y Saavedra,2,1,0,0,1,0,0,"-32.97023776067,-60.725829171591",Calle,,ROSARIO,Rosario,Asfalto,No existe,II,Dentro,Urbana,Ninguna,No existe,Recta,Bueno,Buena,Nocturna,Buen Tiempo,S/D,Ciclista,Atropello,Ninguna,Faltante,Ninguna,Sin restricción,"-32.97023776067,-60.725829171591","['Larralde', 'Saavedra']",2,,-32.97023776067,-60.725829171591,55.0,538.0,Municipio Rosario,Municipio,Rosario,820210,Servicio de Catastro e Información Territorial,IGN
2019,1417,2019-04-04,Jueves,,08:00:00,,0.0,2,"Transporte de Pasajeros (H/ 8 asientos),Automóvil",Camilo Aldao Y Garay,2,1,0,0,1,0,0,"-32.965835572677,-60.694988878945",Calle,,ROSARIO,Rosario,Asfalto,No existe,II,Dentro,Urbana,Ninguna,No existe,Intersección,Bueno,Buena,Diurna,Buen Tiempo,S/D,S/D,Colisión,Ninguna,Faltante,Ninguna,Sin restricción,"-32.965835572677,-60.694988878945","['Camilo Aldao', 'Garay']",2,,-32.965835572677,-60.694988878945,55.0,538.0,Municipio Rosario,Municipio,Rosario,820210,Servicio de Catastro e Información Territorial,IGN
2019,1418,2019-04-24,Miercoles,,08:40:00,,0.0,2,"Automóvil,Moto/Ciclomotor",Av. Pellegrini Y Solis,2,1,0,0,1,0,0,"-32.948253140972,-60.702991626493",Avenida,,ROSARIO,Rosario,Asfalto,No existe,II,Dentro,Urbana,Paso Peatonal,No existe,Intersección,Bueno,Buena,Diurna,Buen Tiempo,S/D,S/D,Colisión,Ninguna,"Horizontal,Vertical","Cordón divisorio,Línea divisoria pintada",Sin restricción,"-32.948253140972,-60.702991626493","['Pellegrini', 'Solis']",2,,-32.948253140972,-60.702991626493,55.0,538.0,Municipio Rosario,Municipio,Rosario,820210,Servicio de Catastro e Información Territorial,IGN
2019,1419,2019-04-20,Sabado,,10:45:00,,0.0,2,"Automóvil,Moto/Ciclomotor",Servando Bayo Y Viamonte,2,1,0,0,1,0,0,"-32.956980847595,-60.689329266319",Calle,,ROSARIO,Rosario,Asfalto,No existe,II,Dentro,Urbana,Ninguna,No existe,Intersección,Bueno,Buena,Diurna,Buen Tiempo,De alcance,S/D,Colisión,Ninguna,Faltante,Ninguna,Sin restricción,"-32.956980847595,-60.689329266319","['Servando Bayo', 'Viamonte']",2,,-32.956980847595,-60.689329266319,55.0,538.0,Municipio Rosario,Municipio,Rosario,820210,Servicio de Catastro e Información Territorial,IGN
2019,1421,2019-04-27,Sabado,,20:00:00,,0.0,1,Moto/Ciclomotor,Cafferata 1900,2,1,0,0,1,0,0,"-32.953703296731,-60.674267147499",Calle,,ROSARIO,Rosario,Asfalto,No existe,II,Dentro,Urbana,Ninguna,No existe,Intersección,Bueno,Buena,"Nocturna,Con luz artificial",Buen Tiempo,S/D,S/D,Colisión,Ninguna,Faltante,Ninguna,Sin restricción,"-32.953703296731,-60.674267147499",['Cafferata 1900'],1,,-32.953703296731,-60.674267147499,55.0,538.0,Municipio Rosario,Municipio,Rosario,820210,Servicio de Catastro e Información Territorial,IGN
2019,1422,2019-04-20,Sabado,,16:20:00,,0.0,2,"Automóvil,Moto/Ciclomotor",Riobamba Y Colombia,2,0,1,0,1,0,0,"-32.954613968551,-60.715505513985",Calle,,ROSARIO,Rosario,Asfalto,No existe,II,Dentro,Urbana,Ninguna,No existe,Intersección,Bueno,Buena,Diurna,Buen Tiempo,S/D,S/D,Colisión,Ninguna,Faltante,Ninguna,Sin restricción,"-32.954613968551,-60.715505513985","['Riobamba', 'Colombia']",2,,-32.954613968551,-60.715505513985,55.0,538.0,Municipio Rosario,Municipio,Rosario,820210,Servicio de Catastro e Información Territorial,IGN
2019,1446,2019-03-13,Miercoles,,15:50:00,,0.0,2,"Automóvil,Automóvil",Italia Y Av. Pellegrini,2,1,0,0,1,0,0,"-32.9555, -60.65058",Avenida,,ROSARIO,Rosario,Asfalto,No existe,II,Dentro,Urbana,Semáforo,Funciona,Recta,Bueno,Buena,Diurna,Buen Tiempo,De alcance,S/D,Colisión,Ninguna,Vertical,Cordón divisorio,Sin restricción,"-32.9555, -60.65058","['Italia', 'Pellegrini']",2,,-32.9555,-60.65058,55.0,538.0,Municipio Rosario,Municipio,Rosario,820210,Servicio de Catastro e Información Territorial,IGN
2019,1464,2019-04-24,Miercoles,,11:15:00,,0.0,2,"Automóvil,Moto/Ciclomotor",Cerrito Y Carriego,4,3,0,0,1,0,0,"-32.95288234949112,-60.692282617092",Calle,,ROSARIO,Rosario,Asfalto,No existe,II,Dentro,Urbana,Ninguna,No existe,Intersección,Bueno,Buena,Diurna,Buen Tiempo,S/D,S/D,Colisión,Ninguna,Faltante,Ninguna,Sin restricción,"-32.95288234949112,-60.692282617092","['Cerrito', 'Carriego']",2,,-32.95288234949112,-60.692282617092,55.0,538.0,Municipio Rosario,Municipio,Rosario,820210,Servicio de Catastro e Información Territorial,IGN
2019,1468,2019-04-24,Miercoles,,11:00:00,,0.0,2,"Automóvil,Moto/Ciclomotor",Roullon 4300,2,1,0,0,1,0,0,"-32.97863960266113,-60.700887143611",Calle,,ROSARIO,Rosario,Asfalto,No existe,II,Dentro,Urbana,Ninguna,No existe,Intersección,Bueno,Buena,Diurna,Buen Tiempo,Frontal,S/D,Colisión,Ninguna,Faltante,Cordón divisorio,Sin restricción,"-32.97863960266113,-60.700887143611",['Alfredo Rouillón 4300'],1,,-32.97863960266113,-60.700887143611,55.0,538.0,Municipio Rosario,Municipio,Rosario,820210,Servicio de Catastro e Información Territorial,IGN
2019,1470,2019-04-28,Domingo,,13:00:00,,0.0,2,"Automóvil,Moto/Ciclomotor",Pje. Puelche 129,2,1,0,0,1,0,0,"-32.929088893303,-60.697028251804",Calle,,ROSARIO,Rosario,Asfalto,No existe,II,Dentro,Urbana,Ninguna,No existe,Recta,Bueno,Buena,Diurna,Buen Tiempo,Lateral,S/D,Colisión,Ninguna,Faltante,Ninguna,Sin restricción,"-32.929088893303,-60.697028251804",['Pasaje Puelche 129'],1,,-32.929088893303,-60.697028251804,55.0,538.0,Municipio Rosario,Municipio,Rosario,820210,Servicio de Catastro e Información Territorial,IGN
2019,1471,2019-04-18,Jueves,,20:00:00,,0.0,2,"Moto/Ciclomotor,Automóvil",Larrea Y San Lorenzo,2,1,0,0,1,0,0,"-32.934094589728,-60.697488985949",Calle,,ROSARIO,Rosario,Asfalto,No existe,II,Dentro,Urbana,Ninguna,No existe,Intersección,Bueno,Buena,Nocturna,Buen Tiempo,Lateral,S/D,Colisión,Ninguna,Faltante,Ninguna,Sin restricción,"-32.934094589728,-60.697488985949","['Larrea', 'San Lorenzo']",2,,-32.934094589728,-60.697488985949,55.0,538.0,Municipio Rosario,Municipio,Rosario,820210,Servicio de Catastro e Información Territorial,IGN
2019,1472,2019-04-23,Martes,,17:30:00,,0.0,2,"Pickup/Utilitario,Moto/Ciclomotor",Matienzo Y Campichuelo,4,1,0,0,3,0,0,"-32.924942259607,-60.695261827204",Calle,,ROSARIO,Rosario,Asfalto,No existe,II,Dentro,Urbana,Ninguna,No existe,Intersección,Bueno,Buena,Diurna,Buen Tiempo,Lateral,S/D,Colisión,Ninguna,Faltante,Ninguna,Sin restricción,"-32.924942259607,-60.695261827204","['Matienzo', 'Campichuelo']",2,,-32.924942259607,-60.695261827204,55.0,538.0,Municipio Rosario,Municipio,Rosario,820210,Servicio de Catastro e Información Territorial,IGN
2019,1482,2019-03-01,Viernes,,18:10:00,,0.0,2,"Automóvil,Moto/Ciclomotor",L.N.Alem Y Saavedra,2,1,0,0,1,0,0,"-32.97972, -60.63631",Calle,,ROSARIO,Rosario,Asfalto,No existe,II,Dentro,Urbana,Ninguna,No existe,Intersección,Bueno,Buena,Atardecer,Buen Tiempo,Lateral,S/D,Colisión,Ninguna,S/D,Ninguna,Sin restricción,"-32.97972, -60.63631","['Alem', 'Saavedra']",2,,-32.97972,-60.63631,55.0,538.0,Municipio Rosario,Municipio,Rosario,820210,Servicio de Catastro e Información Territorial,IGN
2019,1484,2019-03-02,Sabado,,11:50:00,,0.0,2,"Automóvil,Automóvil",Buenos Aires Y Esteban de Luca,2,1,0,0,1,0,0,"-32.99485, -60.64462",Calle,,ROSARIO,Rosario,Asfalto,No existe,II,Dentro,Urbana,Ninguna,No existe,Intersección,Bueno,Buena,Diurna,Buen Tiempo,Lateral,S/D,Colisión,S/D,Faltante,Ninguna,Sin restricción,"-32.99485, -60.64462","['Buenos Aires', 'Esteban de Luca']",2,,-32.99485,-60.64462,55.0,538.0,Municipio Rosario,Municipio,Rosario,820210,Servicio de Catastro e Información Territorial,IGN
2019,1487,2019-03-03,Domingo,,00:30:00,,0.0,2,"Moto/Ciclomotor,Automóvil",Bv. Segui Y Av. Corrientes,4,1,0,0,3,0,0,"-32.97848, -60.6506",Calle,,ROSARIO,Rosario,Asfalto,No existe,II,Dentro,Urbana,Ninguna,No existe,Intersección,Bueno,Buena,Nocturna,Buen Tiempo,Lateral,S/D,Colisión,S/D,Faltante,Cordón divisorio,Sin restricción,"-32.97848, -60.6506","['Bulevar Juan Francisco Seguí', 'Corrientes']",2,,-32.97848,-60.6506,55.0,538.0,Municipio Rosario,Municipio,Rosario,820210,Servicio de Catastro e Información Territorial,IGN
2019,1492,2019-03-15,Viernes,,08:00:00,,0.0,2,"Peatón,Automóvil",Cochabamba Y Mariano Moreno,2,1,0,0,1,0,0,"-32.95623, -60.65357",Calle,,ROSARIO,Rosario,Asfalto,No existe,II,Dentro,Urbana,S/D,No existe,Recta,Bueno,Buena,Diurna,Buen Tiempo,S/D,Peatón,Atropello,Ninguna,Horizontal,Ninguna,Sin restricción,"-32.95623, -60.65357","['Cochabamba', 'Mariano Moreno']",2,,-32.95623,-60.65357,55.0,538.0,Municipio Rosario,Municipio,Rosario,820210,Servicio de Catastro e Información Territorial,IGN
2019,1493,2019-03-10,Domingo,,22:30:00,,0.0,2,"Automóvil,Moto/Ciclomotor",Montevideo Y Iguazu,2,1,0,0,1,0,0,"-32.95439, -60.6503",Calle,,ROSARIO,Rosario,Asfalto,No existe,II,Dentro,Urbana,S/D,No existe,Intersección,Bueno,Buena,Nocturna,Buen Tiempo,S/D,S/D,Colisión,Ninguna,Faltante,S/D,S/D,"-32.95439, -60.6503","['Montevideo', 'Iguazu']",2,,-32.95439,-60.6503,55.0,538.0,Municipio Rosario,Municipio,Rosario,820210,Servicio de Catastro e Información Territorial,IGN
2019,1495,2019-03-06,Miercoles,,18:10:00,,0.0,2,"Automóvil,Moto/Ciclomotor",Grandoli Y Isola Bis,3,1,0,0,2,0,0,"-32.99142, -60.62857",S/D,,ROSARIO,Rosario,Asfalto,No existe,II,Dentro,Urbana,Ninguna,No existe,S/D,Bueno,Buena,Nocturna,Buen Tiempo,Lateral,S/D,Colisión,Ninguna,Faltante,Ninguna,Sin restricción,"-32.99142, -60.62857","['Avenida Abanderado Grandoli', 'Isola']",2,,-32.99142,-60.62857,55.0,538.0,Municipio Rosario,Municipio,Rosario,820210,Servicio de Catastro e Información Territorial,IGN
2019,1496,2019-03-10,Domingo,,13:20:00,,0.0,2,"Moto/Ciclomotor,Automóvil",Montevideo 600,2,1,0,0,1,0,0,"-32.95734, -60.63377",Calle,,ROSARIO,Rosario,Asfalto,No existe,II,Dentro,Urbana,S/D,S/D,Intersección,Bueno,Buena,Diurna,Buen Tiempo,S/D,S/D,Colisión,Ninguna,S/D,S/D,S/D,"-32.95734, -60.63377",['Montevideo 600'],1,,-32.95734,-60.63377,55.0,538.0,Municipio Rosario,Municipio,Rosario,820210,Servicio de Catastro e Información Territorial,IGN
2019,1497,2019-03-08,Viernes,,12:50:00,,0.0,2,"Bicicleta,Automóvil",Italia Y Tucuman,2,1,0,0,1,0,0,"-32.94008, -60.64666",Calle,,ROSARIO,Rosario,Asfalto,No existe,II,Dentro,Urbana,S/D,No existe,Recta,Bueno,Buena,Diurna,Buen Tiempo,S/D,Ciclista,Atropello,Ninguna,Faltante,S/D,S/D,"-32.94008, -60.64666","['Italia', 'Tucumán']",2,,-32.94008,-60.64666,55.0,538.0,Municipio Rosario,Municipio,Rosario,820210,Servicio de Catastro e Información Territorial,IGN
2019,1498,2019-03-08,Viernes,,12:30:00,,0.0,2,"Moto/Ciclomotor,Taxi/Remis",Mendoza Y Alsina,2,1,0,0,1,0,0,"-32.94467, -60.6777",Calle,,ROSARIO,Rosario,Asfalto,No existe,II,Dentro,Urbana,S/D,S/D,Intersección,Bueno,Buena,Diurna,Buen Tiempo,S/D,S/D,Colisión,Ninguna,S/D,S/D,S/D,"-32.94467, -60.6777","['Mendoza', 'Alsina']",2,,-32.94467,-60.6777,55.0,538.0,Municipio Rosario,Municipio,Rosario,820210,Servicio de Catastro e Información Territorial,IGN
2019,1501,2019-03-05,Martes,,19:00:00,,0.0,2,"Bicicleta,Taxi/Remis",Necochea Y Virasoro,2,1,0,0,1,0,0,"-32.9725, -60.63001",S/D,,ROSARIO,Rosario,Asfalto,No existe,II,S/D,Urbana,Otra Señal,No existe,Intersección,Bueno,Buena,Atardecer,Buen Tiempo,Frontal,Ciclista,Atropello,Ninguna,Horizontal,Ninguna,Sin restricción,"-32.9725, -60.63001","['Necochea', 'Virasoro']",2,,-32.9725,-60.63001,55.0,538.0,Municipio Rosario,Municipio,Rosario,820210,Servicio de Catastro e Información Territorial,IGN
2019,1502,2019-03-15,Viernes,,18:30:00,,0.0,1,Transporte de Pasajeros Urbano (> 8 asientos),España Y Santa Fe,2,1,0,0,1,0,0,"-32.9436, -60.64615",Calle,,ROSARIO,Rosario,Asfalto,No existe,II,Dentro,Urbana,S/D,S/D,Recta,Bueno,Buena,Diurna,Buen Tiempo,Otro,S/D,Caída ocupante,Ninguna,S/D,S/D,S/D,"-32.9436, -60.64615","['España', 'Santa Fe']",2,,-32.9436,-60.64615,55.0,538.0,Municipio Rosario,Municipio,Rosario,820210,Servicio de Catastro e Información Territorial,IGN