anio_acci,nro_acci,fecha,desc_dia,fecha_aprox,hora_aprox,desc_ruta,km,cant_participantes,desc_participante,calle_avenida_km,total,heridos_leves,heridos_graves,heridos_gravisimos,ilesos,fallecidos,sin_datos,posicion_XY,desc_tipo_via,desc_ruta_ori,desc_loc,desc_dpto,desc_tipo_calzada,desc_tipo_banquina,desc_unidad_regional,desc_lugar_calzada,desc_zona,desc_prioridad,desc_estado_semaforo,desc_lugar_via,desc_estado_via,desc_estado_visibilidad,desc_luminosidad,desc_estado_clima,desc_tipo_colision,desc_tipo_atropello,desc_tipo_hecho,desc_pres_calzada,desc_senializacion,desc_separacion_via,desc_restriccion,forma_geocod,calle_lista,numero_calles,calles_osm,lat,lon,index_right,gid,fna,gna,nam,in1,fdc,sag
2019,1503,2019-03-05,Martes,,19:30:00,,0.0,2,"Moto/Ciclomotor,Automóvil",Chacabuco Y Ayolas,2,1,0,0,1,0,0,"-32.97961, -60.63041",S/D,,ROSARIO,Rosario,Asfalto,No existe,II,S/D,Urbana,Semáforo,Funciona,Intersección,Bueno,Buena,Atardecer,Buen Tiempo,De alcance,S/D,Atropello,Ninguna,S/D,Ninguna,Sin restricción,"-32.97961, -60.63041","['Chacabuco', 'Ayolas']",2,,-32.97961,-60.63041,55.0,538.0,Municipio Rosario,Municipio,Rosario,820210,Servicio de Catastro e Información Territorial,IGN
2019,1504,2019-03-06,Miercoles,,18:00:00,,0.0,2,"Moto/Ciclomotor,Peatón",Francia F Y San Luis,2,0,1,0,1,0,0,"-32.94415, -60.66625",Calle,,ROSARIO,Rosario,Asfalto,No existe,II,Dentro,Urbana,S/D,S/D,Intersección,Bueno,Buena,Atardecer,Buen Tiempo,S/D,Peatón,Atropello,Ninguna,S/D,S/D,S/D,"-32.94415, -60.66625","['Avenida Francia', 'San Luis']",2,,-32.94415,-60.66625,55.0,538.0,Municipio Rosario,Municipio,Rosario,820210,Servicio de Catastro e Información Territorial,IGN
2019,1508,2019-04-13,Sabado,,09:10:00,,0.0,2,"Moto/Ciclomotor,Automóvil",Bv. Avellaneda Y Santa Fe,2,1,0,0,1,0,0,"-32.937746505845,-60.678687984497",Avenida,,ROSARIO,Rosario,Asfalto,No existe,II,Dentro,Urbana,Semáforo,Funciona,Intersección,Bueno,Buena,Diurna,Buen Tiempo,Lateral,S/D,Colisión,Ninguna,"Horizontal,Vertical","Cordón divisorio,Línea divisoria pintada",Sin restricción,"-32.937746505845,-60.678687984497","['Avellaneda', 'Santa Fe']",2,,-32.937746505845,-60.678687984497,55.0,538.0,Municipio Rosario,Municipio,Rosario,820210,Servicio de Catastro e Información Territorial,IGN
2019,1510,2019-04-28,Domingo,,18:10:00,,0.0,2,"Moto/Ciclomotor,Automóvil",J.J.Paso Y Gonzalez del Solar,4,2,0,0,2,0,0,"-32.920908111534,-60.737307466348",Calle,,ROSARIO,Rosario,Asfalto,No existe,II,Dentro,Urbana,Ninguna,No existe,Intersección,Bueno,Buena,Diurna,Buen Tiempo,De alcance,S/D,Colisión,Ninguna,Faltante,Ninguna,Sin restricción,"-32.920908111534,-60.737307466348","['Paso', 'González del Solar']",2,,-32.920908111534,-60.737307466348,55.0,538.0,Municipio Rosario,Municipio,Rosario,820210,Servicio de Catastro e Información Territorial,IGN
2019,1514,2019-04-09,Martes,,13:20:00,,0.0,2,"Moto/Ciclomotor,Automóvil",Av. Eva Peron Y Mejico,2,1,0,0,1,0,0,"-32.931879716096,-60.718848858466",Avenida,,ROSARIO,Rosario,Asfalto,No existe,II,Dentro,Urbana,Semáforo,Funciona,Recta,Bueno,Buena,Diurna,Buen Tiempo,S/D,S/D,Colisión,Ninguna,"Horizontal,Vertical","Cordón divisorio,Línea divisoria pintada",Sin restricción,"-32.931879716096,-60.718848858466","['Avenida Eva Perón', 'Mejico']",2,,-32.931879716096,-60.718848858466,55.0,538.0,Municipio Rosario,Municipio,Rosario,820210,Servicio de Catastro e Información Territorial,IGN
2019,1516,2019-04-13,Sabado,,10:00:00,,0.0,3,"Automóvil,Automóvil,Automóvil",Av. Eva Peron Y Nicaragua,3,1,0,0,2,0,0,"-32.931463675988,-60.721152064376",Avenida,,ROSARIO,Rosario,Asfalto,No existe,II,Dentro,Urbana,Paso Peatonal,No existe,Recta,Bueno,Buena,Diurna,Buen Tiempo,Múltiple,S/D,Colisión,Ninguna,Horizontal,"Cordón divisorio,Línea divisoria pintada",Sin restricción,"-32.931463675988,-60.721152064376","['Avenida Eva Perón', 'Nicaragua']",2,,-32.931463675988,-60.721152064376,55.0,538.0,Municipio Rosario,Municipio,Rosario,820210,Servicio de Catastro e Información Territorial,IGN
2019,1517,2019-04-13,Sabado,,08:20:00,,0.0,2,"Moto/Ciclomotor,Camión Chasis",Acevedo Bis 700,2,1,0,0,1,0,0,"-32.906729578971884,-60.74949145317",Calle,,ROSARIO,Rosario,Asfalto,No existe,II,Dentro,Urbana,Ninguna,No existe,Recta,Bueno,Buena,Diurna,Buen Tiempo,De alcance,S/D,Colisión,Ninguna,Faltante,Ninguna,Sin restricción,"-32.906729578971884,-60.74949145317",['Acevedo Bis 700'],1,,-32.906729578971884,-60.74949145317,55.0,538.0,Municipio Rosario,Municipio,Rosario,820210,Servicio de Catastro e Información Territorial,IGN
2019,1520,2019-04-24,Miercoles,,15:15:00,,0.0,2,"Moto/Ciclomotor,Automóvil",Bv. Wilde Y La Republica,2,1,0,0,1,0,0,"-32.919280124494,-60.73928410081",Avenida,,ROSARIO,Rosario,Asfalto,No existe,II,Dentro,Urbana,Ninguna,No existe,Intersección,Resbaladiza,Buena,Diurna,Lluvia,S/D,S/D,Colisión,Agua,Faltante,Ninguna,Sin restricción,"-32.919280124494,-60.73928410081","['Bulevar Wilde', 'La República']",2,,-32.919280124494,-60.73928410081,55.0,538.0,Municipio Rosario,Municipio,Rosario,820210,Servicio de Catastro e Información Territorial,IGN
2019,1521,2019-04-09,Martes,,06:50:00,,0.0,2,"Automóvil,Bicicleta",Donado Y French,2,1,0,0,1,0,0,"-32.92181312875,-60.727703121913",Calle,,ROSARIO,Rosario,Asfalto,No existe,II,Dentro,Urbana,Ninguna,No existe,Intersección,Bueno,Buena,Diurna,Buen Tiempo,S/D,Ciclista,Atropello,Ninguna,Faltante,Ninguna,Sin restricción,"-32.92181312875,-60.727703121913","['Donado', 'French']",2,,-32.92181312875,-60.727703121913,55.0,538.0,Municipio Rosario,Municipio,Rosario,820210,Servicio de Catastro e Información Territorial,IGN
2019,1523,2019-04-09,Martes,,11:00:00,,0.0,2,"Pickup/Utilitario,Moto/Ciclomotor",Sarratea Bis Y Morrison,3,2,0,0,1,0,0,"-32.925822120927,-60.741107260674",Calle,,ROSARIO,Rosario,Asfalto,No existe,II,Dentro,Urbana,Señal Pare,No existe,Intersección,Bueno,Buena,Diurna,Buen Tiempo,S/D,S/D,Colisión,Ninguna,"Horizontal,Vertical",Ninguna,Sin restricción,"-32.925822120927,-60.741107260674","['Sarratea', 'Morrison']",2,,-32.925822120927,-60.741107260674,55.0,538.0,Municipio Rosario,Municipio,Rosario,820210,Servicio de Catastro e Información Territorial,IGN
2019,1524,2019-04-25,Jueves,,12:30:00,,0.0,2,"Moto/Ciclomotor,Automóvil",Tarragona Y Benegas,2,1,0,0,1,0,0,"-32.930996065414,-60.734407258802",Calle,,ROSARIO,Rosario,Asfalto,No existe,II,Dentro,Urbana,Ninguna,No existe,Intersección,Bueno,Buena,Diurna,Buen Tiempo,S/D,S/D,Colisión,Ninguna,Faltante,Ninguna,Sin restricción,"-32.930996065414,-60.734407258802","['Tarragona', 'Benegas']",2,,-32.930996065414,-60.734407258802,55.0,538.0,Municipio Rosario,Municipio,Rosario,820210,Servicio de Catastro e Información Territorial,IGN
2019,1528,2019-04-22,Lunes,,18:40:00,,0.0,2,"Moto/Ciclomotor,Automóvil",Av. Genova Y Av. Provincias Unidas,2,1,0,0,1,0,0,"-32.916012724222,-60.7138704799",Avenida,,ROSARIO,Rosario,Asfalto,No existe,II,Dentro,Urbana,Semáforo,Funciona,Intersección,Bueno,Buena,Atardecer,Buen Tiempo,S/D,S/D,Colisión,Ninguna,"Horizontal,Vertical",Ninguna,Sin restricción,"-32.916012724222,-60.7138704799","['Genova', 'Avenida Provincias Unidas']",2,,-32.916012724222,-60.7138704799,55.0,538.0,Municipio Rosario,Municipio,Rosario,820210,Servicio de Catastro e Información Territorial,IGN
2019,1530,2019-04-20,Sabado,,15:45:00,,0.0,2,"Automóvil,Moto/Ciclomotor",Garzon Y Av. Genova,2,1,0,0,1,0,0,"-32.915804409506,-60.706320769752",Avenida,,ROSARIO,Rosario,Asfalto,No existe,II,Dentro,Urbana,Ninguna,No existe,Intersección,Bueno,Buena,Diurna,Buen Tiempo,S/D,S/D,Colisión,Ninguna,Faltante,Ninguna,Sin restricción,"-32.915804409506,-60.706320769752","['Garzón', 'Genova']",2,,-32.915804409506,-60.706320769752,55.0,538.0,Municipio Rosario,Municipio,Rosario,820210,Servicio de Catastro e Información Territorial,IGN
2019,1532,2019-04-17,Miercoles,,09:00:00,,0.0,2,"Pickup/Utilitario,Moto/Ciclomotor",Mejico Y Schweitzer,2,1,0,0,1,0,0,"-32.913273233458,-60.719559168074",Calle,,ROSARIO,Rosario,Asfalto,No existe,II,Dentro,Urbana,Ninguna,No existe,Intersección,Bueno,Buena,Diurna,Buen Tiempo,S/D,S/D,Colisión,Ninguna,Faltante,Ninguna,Sin restricción,"-32.913273233458,-60.719559168074","['Mejico', 'Albert Schweitzer']",2,,-32.913273233458,-60.719559168074,55.0,538.0,Municipio Rosario,Municipio,Rosario,820210,Servicio de Catastro e Información Territorial,IGN
2019,1535,2019-04-23,Martes,,17:45:00,,0.0,2,"Peatón,Moto/Ciclomotor",Olavarria Bis Y J.J.Paso,2,2,0,0,0,0,0,"-32.919952646544,-60.704393285378",Calle,,ROSARIO,Rosario,Asfalto,No existe,II,Dentro,Urbana,Semáforo,Funciona,Intersección,Bueno,Buena,Atardecer,Buen Tiempo,S/D,Peatón,Atropello,Ninguna,"Horizontal,Vertical",Ninguna,Sin restricción,"-32.919952646544,-60.704393285378","['Olavarría', 'Paso']",2,,-32.919952646544,-60.704393285378,55.0,538.0,Municipio Rosario,Municipio,Rosario,820210,Servicio de Catastro e Información Territorial,IGN
2019,1540,2019-03-06,Miercoles,,19:50:00,,0.0,2,"Automóvil,Bicicleta",Vera Mujica 511,2,1,0,0,1,0,0,"-32.93786, -60.66597",Calle,,ROSARIO,Rosario,Asfalto,No existe,II,Dentro,Urbana,S/D,S/D,Recta,Bueno,Buena,Nocturna,Buen Tiempo,S/D,S/D,S/D,Ninguna,S/D,S/D,S/D,"-32.93786, -60.66597",['Vera Mujica 511'],1,,-32.93786,-60.66597,55.0,538.0,Municipio Rosario,Municipio,Rosario,820210,Servicio de Catastro e Información Territorial,IGN
2019,1543,2019-03-06,Miercoles,,14:10:00,,0.0,2,"Bicicleta,Peatón",Sarmiento Y Cordoba,2,1,0,0,1,0,0,"-32.94649, -60.63816",Calle,,ROSARIO,Rosario,Asfalto,No existe,II,Dentro,Urbana,S/D,S/D,Intersección,Bueno,Buena,Diurna,Buen Tiempo,S/D,Peatón,Atropello,Ninguna,S/D,S/D,S/D,"-32.94649, -60.63816","['Sarmiento', 'Córdoba']",2,,-32.94649,-60.63816,55.0,538.0,Municipio Rosario,Municipio,Rosario,820210,Servicio de Catastro e Información Territorial,IGN
2019,1545,2019-03-06,Miercoles,,12:00:00,,0.0,2,"Automóvil,Peatón",Mendoza Y Constitucion,2,1,0,0,1,0,0,"-32.94521, -60.67502",Calle,,ROSARIO,Rosario,Asfalto,No existe,II,Dentro,Urbana,S/D,S/D,Intersección,Bueno,Buena,Diurna,Buen Tiempo,S/D,Peatón,Atropello,Ninguna,S/D,S/D,S/D,"-32.94521, -60.67502","['Mendoza', 'Constitución']",2,,-32.94521,-60.67502,55.0,538.0,Municipio Rosario,Municipio,Rosario,820210,Servicio de Catastro e Información Territorial,IGN
2019,1549,2019-03-04,Lunes,,02:00:00,,0.0,2,"Moto/Ciclomotor,Taxi/Remis",Santa Fe Y Mariano Moreno,2,1,0,0,1,0,0,"-32.94287, -60.65027",Calle,,ROSARIO,Rosario,Asfalto,No existe,II,Dentro,Urbana,S/D,S/D,Intersección,Bueno,Buena,Nocturna,Buen Tiempo,S/D,S/D,Colisión,Ninguna,S/D,S/D,S/D,"-32.94287, -60.65027","['Santa Fe', 'Mariano Moreno']",2,,-32.94287,-60.65027,55.0,538.0,Municipio Rosario,Municipio,Rosario,820210,Servicio de Catastro e Información Territorial,IGN
2019,1551,2019-03-01,Viernes,,23:20:00,,0.0,2,"Automóvil,Moto/Ciclomotor",Av. Avellaneda B Y Av. Pellegrini,3,2,0,0,1,0,0,"-32.94997, -60.68185",Avenida,,ROSARIO,Rosario,Asfalto,No existe,II,S/D,Urbana,S/D,S/D,Intersección,Bueno,Buena,Nocturna,Buen Tiempo,S/D,S/D,Colisión,Ninguna,S/D,S/D,S/D,"-32.94997, -60.68185","['Avellaneda', 'Pellegrini']",2,,-32.94997,-60.68185,55.0,538.0,Municipio Rosario,Municipio,Rosario,820210,Servicio de Catastro e Información Territorial,IGN
2019,1555,2019-03-01,Viernes,,10:45:00,,0.0,2,"Moto/Ciclomotor,Bicicleta",Bv. Avellaneda Y 3 De Febrero,2,1,0,0,1,0,0,"-32.94551, -60.6808",Calle,,ROSARIO,Rosario,Asfalto,No existe,II,Dentro,Urbana,S/D,S/D,Intersección,Bueno,Buena,Diurna,Buen Tiempo,S/D,Ciclista,Atropello,Ninguna,S/D,S/D,S/D,"-32.94551, -60.6808","['Avellaneda', '3 de Febrero']",2,,-32.94551,-60.6808,55.0,538.0,Municipio Rosario,Municipio,Rosario,820210,Servicio de Catastro e Información Territorial,IGN
2019,1556,2019-03-05,Martes,,10:10:00,,0.0,2,"Taxi/Remis,Automóvil",Bv. Avellaneda Y Cordoba,2,1,0,0,0,0,1,"-32.93913, -60.67911",Calle,,ROSARIO,Rosario,Asfalto,No existe,II,Dentro,Urbana,S/D,S/D,Intersección,Bueno,Buena,Diurna,Buen Tiempo,S/D,S/D,Colisión,Ninguna,S/D,S/D,S/D,"-32.93913, -60.67911","['Avellaneda', 'Córdoba']",2,,-32.93913,-60.67911,55.0,538.0,Municipio Rosario,Municipio,Rosario,820210,Servicio de Catastro e Información Territorial,IGN
2019,1557,2019-03-01,Viernes,,17:30:00,,0.0,2,"Bicicleta,Automóvil",Entre Rios Y Riobamba,2,1,0,0,1,0,0,"-32.96259, -60.64513",Calle,,ROSARIO,Rosario,Asfalto,S/D,II,Dentro,Urbana,S/D,S/D,Intersección,Bueno,Buena,Diurna,Buen Tiempo,Lateral,Ciclista,Atropello,Ninguna,S/D,Línea divisoria pintada,Sin restricción,"-32.96259, -60.64513","['Entre Ríos', 'Riobamba']",2,,-32.96259,-60.64513,55.0,538.0,Municipio Rosario,Municipio,Rosario,820210,Servicio de Catastro e Información Territorial,IGN
2019,1558,2019-03-01,Viernes,,10:15:00,,0.0,2,"Moto/Ciclomotor,Automóvil",España Y Galvez,2,1,0,0,1,0,0,"-32.96729, -60.6521",Calle,,ROSARIO,Rosario,Asfalto,No existe,II,Dentro,Urbana,Señal Pare,No existe,Intersección,Bueno,Buena,Diurna,Buen Tiempo,Lateral,S/D,Colisión,Ninguna,Horizontal,Ninguna,Sin restricción,"-32.96729, -60.6521","['España', 'Galvez']",2,,-32.96729,-60.6521,55.0,538.0,Municipio Rosario,Municipio,Rosario,820210,Servicio de Catastro e Información Territorial,IGN
2019,1572,2019-02-16,Sabado,,05:00:00,,0.0,2,"Moto/Ciclomotor,Automóvil",Av. Provincias Unidas Y Av. Eva Peron,3,0,1,0,1,0,1,"-32.93295, -60.71303",Avenida,,ROSARIO,Rosario,Asfalto,No existe,II,Dentro,Urbana,Ninguna,S/D,Intersección,Bueno,S/D,Diurna,Buen Tiempo,S/D,S/D,Colisión,Ninguna,S/D,Ninguna,Sin restricción,"-32.93295, -60.71303","['Avenida Provincias Unidas', 'Avenida Eva Perón']",2,,-32.93295,-60.71303,55.0,538.0,Municipio Rosario,Municipio,Rosario,820210,Servicio de Catastro e Información Territorial,IGN
2019,1573,2019-04-29,Lunes,,07:30:00,,0.0,2,"Automóvil,Moto/Ciclomotor",Av. Sorrento Y Cullen,2,1,0,0,1,0,0,"-32.907871914871,-60.710480509802",Calle,,ROSARIO,Rosario,Asfalto,No existe,II,Dentro,Urbana,Ninguna,No existe,Intersección,Bueno,Buena,Diurna,Buen Tiempo,S/D,S/D,Colisión,Ninguna,Faltante,Ninguna,Sin restricción,"-32.907871914871,-60.710480509802","['Sorrento', 'Cullen']",2,,-32.907871914871,-60.710480509802,55.0,538.0,Municipio Rosario,Municipio,Rosario,820210,Servicio de Catastro e Información Territorial,IGN
2019,1574,2019-04-21,Domingo,,19:00:00,,0.0,2,"Bicicleta,Moto/Ciclomotor",Av. Genova Y Chaco Bis,2,1,0,0,1,0,0,"-32.915494522613,-60.696451623215",Calle,,ROSARIO,Rosario,Asfalto,No existe,II,Dentro,Urbana,Señal Pare,No existe,Intersección,Bueno,Buena,Atardecer,Buen Tiempo,S/D,Ciclista,Atropello,Ninguna,Vertical,Cordón divisorio,Sin restricción,"-32.915494522613,-60.696451623215","['Genova', 'Chaco']",2,,-32.915494522613,-60.696451623215,55.0,538.0,Municipio Rosario,Municipio,Rosario,820210,Servicio de Catastro e Información Territorial,IGN
2019,1576,2019-04-17,Miercoles,,20:00:00,,0.0,2,"Moto/Ciclomotor,Automóvil",Av. Genova Y Dr.Victor Cue Bis,2,1,0,0,1,0,0,"-32.91551911993,-60.697231226572",Avenida,,ROSARIO,Rosario,Asfalto,No existe,II,Dentro,Urbana,Ninguna,No existe,Intersección,Bueno,Buena,"Nocturna,Con luz artificial",Buen Tiempo,S/D,S/D,Colisión,Ninguna,Faltante,Ninguna,Sin restricción,"-32.91551911993,-60.697231226572","['Genova', 'Victor Cue']",2,,-32.91551911993,-60.697231226572,55.0,538.0,Municipio Rosario,Municipio,Rosario,820210,Servicio de Catastro e Información Territorial,IGN
2019,1580,2019-04-15,Lunes,,08:40:00,,0.0,2,"Moto/Ciclomotor,Automóvil",Av. Provincias Unidas Bis 900,3,1,0,0,2,0,0,"-32.91720896959305,-60.713740289211",Avenida,,ROSARIO,Rosario,Asfalto,No existe,II,Dentro,Urbana,Paso Peatonal,No existe,Intersección,Resbaladiza,Reducida,Diurna,Lluvia,De alcance,S/D,Colisión,Agua,Horizontal,Ninguna,Sin restricción,"-32.91720896959305,-60.713740289211",['Provincias Unidas Bis 900'],1,,-32.91720896959305,-60.713740289211,55.0,538.0,Municipio Rosario,Municipio,Rosario,820210,Servicio de Catastro e Información Territorial,IGN
2019,1582,2019-04-13,Sabado,,00:15:00,,0.0,2,"Moto/Ciclomotor,Automóvil",Garzon Y G.Carrasco,2,1,0,0,1,0,0,"-32.920784483015,-60.706476430004",Calle,,ROSARIO,Rosario,Asfalto,No existe,II,Dentro,Urbana,Ninguna,No existe,Intersección,Bueno,Buena,"Nocturna,Con luz artificial",Buen Tiempo,S/D,S/D,Colisión,Ninguna,Faltante,Ninguna,Sin restricción,"-32.920784483015,-60.706476430004","['Garzón', 'Carrasco']",2,,-32.920784483015,-60.706476430004,55.0,538.0,Municipio Rosario,Municipio,Rosario,820210,Servicio de Catastro e Información Territorial,IGN
2019,1584,2019-04-10,Miercoles,,12:00:00,,0.0,2,"Moto/Ciclomotor,Camión Chasis",Av. Sorrento Y Cullen,2,1,0,0,1,0,0,"-32.907871914871,-60.710480509802",Avenida,,ROSARIO,Rosario,Asfalto,No existe,II,Dentro,Urbana,Ninguna,No existe,Recta,Bueno,Buena,Diurna,Buen Tiempo,S/D,S/D,Colisión,Ninguna,Faltante,Ninguna,Sin restricción,"-32.907871914871,-60.710480509802","['Sorrento', 'Cullen']",2,,-32.907871914871,-60.710480509802,55.0,538.0,Municipio Rosario,Municipio,Rosario,820210,Servicio de Catastro e Información Territorial,IGN
2019,1587,2019-04-06,Sabado,,11:45:00,,0.0,2,"Automóvil,Moto/Ciclomotor",J.J.Paso Y Nicaragua,2,1,0,0,1,0,0,"-32.920571916111,-60.721573652214",Avenida,,ROSARIO,Rosario,Asfalto,No existe,II,Dentro,Urbana,Ninguna,No existe,Intersección,Bueno,Buena,Diurna,Buen Tiempo,S/D,S/D,Colisión,Ninguna,Faltante,Cordón divisorio,Sin restricción,"-32.920571916111,-60.721573652214","['Paso', 'Nicaragua']",2,,-32.920571916111,-60.721573652214,55.0,538.0,Municipio Rosario,Municipio,Rosario,820210,Servicio de Catastro e Información Territorial,IGN
2019,1590,2019-04-05,Viernes,,17:30:00,,0.0,2,"Automóvil,Moto/Ciclomotor",Av. Jorge Newbery Y Sanchez de Loria,2,1,0,0,1,0,0,"-32.908472769518,-60.733080606366",Avenida,,ROSARIO,Rosario,Asfalto,No existe,II,Dentro,Urbana,Señal Pare,No existe,Intersección,Bueno,Buena,Diurna,Buen Tiempo,S/D,S/D,Colisión,Ninguna,"Horizontal,Vertical","Cordón divisorio,Línea divisoria pintada",Sin restricción,"-32.908472769518,-60.733080606366","['Jorge Newbery', 'Sánchez de Loria']",2,,-32.908472769518,-60.733080606366,55.0,538.0,Municipio Rosario,Municipio,Rosario,820210,Servicio de Catastro e Información Territorial,IGN
2019,1592,2019-04-07,Domingo,,19:00:00,,0.0,2,"Automóvil,Moto/Ciclomotor",Av. Jorge Newbery Y Garcia del Cossio Bis,4,2,0,0,2,0,0,"-32.908803066643,-60.746999049973",Avenida,,ROSARIO,Rosario,Asfalto,No existe,II,Dentro,Urbana,Señal Pare,No existe,Intersección,Bueno,Buena,Diurna,Buen Tiempo,S/D,S/D,Colisión,Ninguna,Vertical,Ninguna,Sin restricción,"-32.908803066643,-60.746999049973","['Jorge Newbery', 'García del Cossio']",2,,-32.908803066643,-60.746999049973,55.0,538.0,Municipio Rosario,Municipio,Rosario,820210,Servicio de Catastro e Información Territorial,IGN
2019,1595,2019-04-15,Lunes,,09:30:00,,0.0,2,"Automóvil,Automóvil",Av. Jorge Newbery Y Tarragona,4,3,0,0,1,0,0,"-32.908527936307,-60.735431928476",Avenida,,ROSARIO,Rosario,Asfalto,No existe,II,Dentro,Urbana,Señal Pare,No existe,Intersección,Bueno,Buena,Diurna,Buen Tiempo,Lateral,S/D,Colisión,Ninguna,Vertical,Ninguna,Sin restricción,"-32.908527936307,-60.735431928476","['Jorge Newbery', 'Tarragona']",2,,-32.908527936307,-60.735431928476,55.0,538.0,Municipio Rosario,Municipio,Rosario,820210,Servicio de Catastro e Información Territorial,IGN
2019,1601,2019-04-18,Jueves,,19:00:00,,0.0,2,"Automóvil,Moto/Ciclomotor",Av. San Jose De Calasanz ,2,1,0,0,1,0,0,"-32.94041812419893,-60.745752453804",Avenida,,ROSARIO,Rosario,Asfalto,No existe,II,Dentro,Urbana,Ninguna,No existe,Recta,Bueno,Buena,Diurna,Buen Tiempo,Lateral,S/D,Colisión,Ninguna,Horizontal,Línea divisoria pintada,Sin restricción,"-32.94041812419893,-60.745752453804",['Avenida San José de Calasanz'],1,,-32.94041812419893,-60.745752453804,55.0,538.0,Municipio Rosario,Municipio,Rosario,820210,Servicio de Catastro e Información Territorial,IGN
2019,1602,2019-04-16,Martes,,08:50:00,,0.0,2,"Moto/Ciclomotor,Bicicleta",Mendoza Y Brasil,2,1,0,0,1,0,0,"-32.940354706822,-60.719561462437",Calle,,ROSARIO,Rosario,Asfalto,No existe,II,Dentro,Urbana,Semáforo,Funciona,Recta,Bueno,Buena,Diurna,Buen Tiempo,S/D,Ciclista,Atropello,Ninguna,Vertical,"Cordón divisorio,Línea divisoria pintada",Sin restricción,"-32.940354706822,-60.719561462437","['Mendoza', 'Brasil']",2,,-32.940354706822,-60.719561462437,55.0,538.0,Municipio Rosario,Municipio,Rosario,820210,Servicio de Catastro e Información Territorial,IGN
2019,1604,2019-04-09,Martes,,19:10:00,,0.0,2,"Peatón,Pickup/Utilitario",Mendoza 7100,2,1,0,0,1,0,0,"-32.940291049537,-60.717271896718",Calle,,ROSARIO,Rosario,Asfalto,No existe,II,Dentro,Urbana,Semáforo,Funciona,Recta,Bueno,Buena,Diurna,Buen Tiempo,S/D,Peatón,Atropello,Ninguna,"Horizontal,Vertical",Cordón divisorio,Sin restricción,"-32.940291049537,-60.717271896718",['Mendoza 7100'],1,,-32.940291049537,-60.717271896718,55.0,538.0,Municipio Rosario,Municipio,Rosario,820210,Servicio de Catastro e Información Territorial,IGN
2019,1606,2019-04-04,Jueves,,01:35:00,,0.0,2,"Automóvil,Moto/Ciclomotor",Av. J.Bernhein Y Calle 1635,3,2,0,0,1,0,0,"-32.93644577264786,-60.760067403316",Calle,,ROSARIO,Rosario,Asfalto,Pavimento,II,Dentro,Urbana,Ninguna,No existe,Recta,Bueno,Buena,"Nocturna,Con luz artificial",Buen Tiempo,S/D,S/D,Colisión,Ninguna,Faltante,Ninguna,Sin restricción,"-32.93644577264786,-60.760067403316","['Bernheim', 'Suinda']",2,,-32.93644577264786,-60.760067403316,55.0,538.0,Municipio Rosario,Municipio,Rosario,820210,Servicio de Catastro e Información Territorial,IGN
2019,1619,2019-03-13,Miercoles,,08:00:00,,0.0,2,"Moto/Ciclomotor,Automóvil",SALVADOR ALLENDE ,2,1,0,0,1,0,0,"-32.91126, -60.68271",Calle,,ROSARIO,Rosario,S/D,S/D,II,S/D,Urbana,S/D,S/D,S/D,S/D,S/D,S/D,S/D,S/D,S/D,Colisión,S/D,S/D,S/D,S/D,"-32.91126, -60.68271",['Salvador Allende'],1,,-32.91126,-60.68271,55.0,538.0,Municipio Rosario,Municipio,Rosario,820210,Servicio de Catastro e Información Territorial,IGN
2019,1621,2019-03-13,Miercoles,,17:00:00,,0.0,2,"Camión,Moto/Ciclomotor",Bv. Segui Y Pueyrredon,2,1,0,0,1,0,0,"-32.97572, -60.66563",Calle,,ROSARIO,Rosario,S/D,S/D,II,S/D,Urbana,S/D,S/D,Intersección,S/D,S/D,S/D,S/D,S/D,S/D,Colisión,S/D,S/D,S/D,S/D,"-32.97572, -60.66563","['Bulevar Juan Francisco Seguí', 'Pueyrredón']",2,,-32.97572,-60.66563,55.0,538.0,Municipio Rosario,Municipio,Rosario,820210,Servicio de Catastro e Información Territorial,IGN
2019,1625,2019-02-16,Sabado,,11:45:00,,0.0,2,"Moto/Ciclomotor,Pickup/Utilitario",Ayacucho Y Marco Polo,2,1,0,0,1,0,0,"-33.01054, -60.63572",Calle,,ROSARIO,Rosario,Asfalto,No existe,II,Dentro,Urbana,Ninguna,No existe,Intersección,Bueno,Buena,Diurna,Buen Tiempo,Lateral,S/D,Colisión,Ninguna,Faltante,Ninguna,Sin restricción,"-33.01054, -60.63572","['Ayacucho', 'Marco Polo']",2,,-33.01054,-60.63572,55.0,538.0,Municipio Rosario,Municipio,Rosario,820210,Servicio de Catastro e Información Territorial,IGN