anio_acci,nro_acci,fecha,desc_dia,fecha_aprox,hora_aprox,desc_ruta,km,cant_participantes,desc_participante,calle_avenida_km,total,heridos_leves,heridos_graves,heridos_gravisimos,ilesos,fallecidos,sin_datos,posicion_XY,desc_tipo_via,desc_ruta_ori,desc_loc,desc_dpto,desc_tipo_calzada,desc_tipo_banquina,desc_unidad_regional,desc_lugar_calzada,desc_zona,desc_prioridad,desc_estado_semaforo,desc_lugar_via,desc_estado_via,desc_estado_visibilidad,desc_luminosidad,desc_estado_clima,desc_tipo_colision,desc_tipo_atropello,desc_tipo_hecho,desc_pres_calzada,desc_senializacion,desc_separacion_via,desc_restriccion,forma_geocod,calle_lista,numero_calles,calles_osm,lat,lon,index_right,gid,fna,gna,nam,in1,fdc,sag
2019,1626,2019-02-16,Sabado,,06:30:00,,0.0,2,"Automóvil,Taxi/Remis",San Lorenzo Y Alsina,3,3,0,0,0,0,0,"-32.93728, -60.67584",Calle,,ROSARIO,Rosario,Asfalto,No existe,II,S/D,Urbana,S/D,No existe,Intersección,Bueno,Buena,Diurna,Buen Tiempo,Frontal,S/D,Colisión,Ninguna,Faltante,Ninguna,S/D,"-32.93728, -60.67584","['San Lorenzo', 'Alsina']",2,,-32.93728,-60.67584,55.0,538.0,Municipio Rosario,Municipio,Rosario,820210,Servicio de Catastro e Información Territorial,IGN
2019,1627,2019-02-16,Sabado,,12:15:00,,0.0,2,"Moto/Ciclomotor,Automóvil",Laprida Y Rioja,4,1,0,0,3,0,0,"-32.94856, -60.63425",Calle,,ROSARIO,Rosario,Asfalto,No existe,II,Dentro,Urbana,S/D,No existe,Intersección,Bueno,Buena,Diurna,Buen Tiempo,Lateral,S/D,Colisión,Ninguna,S/D,S/D,Sin restricción,"-32.94856, -60.63425","['Laprida', 'Rioja']",2,,-32.94856,-60.63425,55.0,538.0,Municipio Rosario,Municipio,Rosario,820210,Servicio de Catastro e Información Territorial,IGN
2019,1634,2019-04-02,Martes,,15:35:00,,0.0,2,"Moto/Ciclomotor,Automóvil",J.M.de Rosas Y Forest,3,2,0,0,1,0,0,"-32.943809920587,-60.722939269589",Calle,,ROSARIO,Rosario,Asfalto,No existe,II,Dentro,Urbana,Ninguna,No existe,Intersección,Bueno,Buena,Diurna,Buen Tiempo,Lateral,S/D,Colisión,Ninguna,Horizontal,Línea divisoria pintada,Sin restricción,"-32.943809920587,-60.722939269589","['De Rosas', 'Carlos Forest']",2,,-32.943809920587,-60.722939269589,55.0,538.0,Municipio Rosario,Municipio,Rosario,820210,Servicio de Catastro e Información Territorial,IGN
2019,1657,2019-03-14,Jueves,,,,0.0,2,"Automóvil,Moto/Ciclomotor",Hilarion de la Quintana Y Av. Ovidio Lagos,2,1,0,0,1,0,0,"-33.0017, -60.67578",Calle,,ROSARIO,Rosario,S/D,S/D,II,S/D,Urbana,S/D,S/D,Intersección,S/D,S/D,S/D,S/D,S/D,S/D,Colisión,S/D,S/D,S/D,S/D,"-33.0017, -60.67578","['Hilarión de la Quintana', 'Avenida Ovidio Lagos']",2,,-33.0017,-60.67578,55.0,538.0,Municipio Rosario,Municipio,Rosario,820210,Servicio de Catastro e Información Territorial,IGN
2019,1663,2019-03-15,Viernes,,,,0.0,1,Automóvil,French Y Campbell,1,1,0,0,0,0,0,"-32.92167, -60.70883",Calle,,ROSARIO,Rosario,S/D,S/D,II,S/D,Urbana,S/D,S/D,Intersección,S/D,S/D,S/D,S/D,Contra objeto fijo,S/D,Colisión,S/D,S/D,S/D,S/D,"-32.92167, -60.70883","['French', 'Campbell']",2,,-32.92167,-60.70883,55.0,538.0,Municipio Rosario,Municipio,Rosario,820210,Servicio de Catastro e Información Territorial,IGN
2019,1721,2019-03-01,Viernes,,19:30:00,,0.0,2,"Peatón,Automóvil",Pje. Nazca 7100,2,1,0,0,1,0,0,"-32.91561, -60.71785",Calle,,ROSARIO,Rosario,Asfalto,No existe,II,Dentro,Urbana,Ninguna,No existe,Recta,Bueno,Buena,Amanecer,Buen Tiempo,Otro,Peatón,Atropello,Ninguna,Faltante,Ninguna,Sin restricción,"-32.91561, -60.71785",['Pasaje Nazca 7100'],1,,-32.91561,-60.71785,55.0,538.0,Municipio Rosario,Municipio,Rosario,820210,Servicio de Catastro e Información Territorial,IGN
2019,1725,2019-02-16,Sabado,,03:40:00,,0.0,2,"Automóvil,Automóvil",Av. Jorge Newbery 9300,3,2,0,0,1,0,0,"-32.90942, -60.76872",Calle,,ROSARIO,Rosario,Asfalto,No existe,II,Dentro,Urbana,S/D,No existe,Cruce,Bueno,Buena,Nocturna,Buen Tiempo,Lateral,S/D,Colisión,Agua,Faltante,Ninguna,S/D,"-32.90942, -60.76872",['Jorge Newbery 9300'],1,,-32.90942,-60.76872,55.0,538.0,Municipio Rosario,Municipio,Rosario,820210,Servicio de Catastro e Información Territorial,IGN
2019,1732,2019-02-16,Sabado,,15:30:00,,0.0,2,"Automóvil,Camión c / Acoplado",Av. Uriburu Y Suipacha,6,5,0,0,0,0,1,"-32.99167, -60.67672",Avenida,,ROSARIO,Rosario,Asfalto,No existe,II,Dentro,Urbana,S/D,S/D,Intersección,S/D,Buena,Diurna,S/D,Contra objeto fijo,S/D,Colisión,S/D,S/D,Cordón divisorio,S/D,"-32.99167, -60.67672","['Uriburu', 'Suipacha']",2,,-32.99167,-60.67672,55.0,538.0,Municipio Rosario,Municipio,Rosario,820210,Servicio de Catastro e Información Territorial,IGN
2019,1751,2019-03-05,Martes,,13:05:00,,0.0,2,"Automóvil,Moto/Ciclomotor",J.J.Paso Y Pje. Ambato bis,3,0,1,0,2,0,0,"-32.92144, -60.75511",Calle,,ROSARIO,Rosario,Asfalto,No existe,II,Dentro,Urbana,Ninguna,No existe,Intersección,Bueno,Buena,Diurna,Buen Tiempo,S/D,S/D,Colisión,Ninguna,S/D,Ninguna,Sin restricción,"-32.92144, -60.75511","['Paso', 'Ambato']",2,,-32.92144,-60.75511,55.0,538.0,Municipio Rosario,Municipio,Rosario,820210,Servicio de Catastro e Información Territorial,IGN
2019,1752,2019-03-02,Sabado,,22:25:00,,0.0,2,"Moto/Ciclomotor,Automóvil",Pje. Chazarreta Y Donado,2,1,0,0,1,0,0,"-32.92822, -60.72744",Calle,,ROSARIO,Rosario,Asfalto,No existe,II,Dentro,Urbana,Ninguna,No existe,Intersección,Bueno,Buena,Nocturna,Buen Tiempo,S/D,S/D,Colisión,Agua,S/D,Ninguna,Sin restricción,"-32.92822, -60.72744","['Chazarreta', 'Donado']",2,,-32.92822,-60.72744,55.0,538.0,Municipio Rosario,Municipio,Rosario,820210,Servicio de Catastro e Información Territorial,IGN
2019,1754,2019-03-01,Viernes,,19:45:00,,0.0,2,"Automóvil,Moto/Ciclomotor",Humberto I Y F.More,4,1,1,0,2,0,0,"-32.95524, -60.69328",Calle,,ROSARIO,Rosario,Asfalto,No existe,II,Dentro,Urbana,S/D,No existe,Intersección,S/D,S/D,Atardecer,S/D,Frontal,S/D,Colisión,S/D,Faltante,Ninguna,Sin restricción,"-32.95524, -60.69328","['Humberto', 'Felipe Moré']",2,,-32.95524,-60.69328,55.0,538.0,Municipio Rosario,Municipio,Rosario,820210,Servicio de Catastro e Información Territorial,IGN
2019,1755,2019-03-04,Lunes,,23:15:00,,0.0,2,"Peatón,Automóvil",Junin Y Camilo Aldao,2,0,1,0,1,0,0,"-32.92725, -60.69641",Calle,,ROSARIO,Rosario,Asfalto,No existe,II,Dentro,Urbana,Semáforo,Funciona,Intersección,Bueno,S/D,Diurna,S/D,S/D,Peatón,Atropello,S/D,Horizontal,Cordón divisorio,S/D,"-32.92725, -60.69641","['Junín', 'Camilo Aldao']",2,,-32.92725,-60.69641,55.0,538.0,Municipio Rosario,Municipio,Rosario,820210,Servicio de Catastro e Información Territorial,IGN
2019,1757,2019-03-01,Viernes,,08:45:00,,0.0,2,"Automóvil,Moto/Ciclomotor",Calle 1701 Y C.Larralde,2,1,0,0,1,0,0,"-32.96846, -60.72589",S/D,,ROSARIO,Rosario,hormigón,No existe,II,S/D,S/D,Ninguna,No existe,Recta,S/D,Buena,Diurna,Buen Tiempo,S/D,S/D,Colisión,S/D,S/D,Ninguna,Sin restricción,"-32.96846, -60.72589","['Arturo Jauretche', 'Larralde']",2,,-32.96846,-60.72589,55.0,538.0,Municipio Rosario,Municipio,Rosario,820210,Servicio de Catastro e Información Territorial,IGN
2019,1759,2019-03-01,Viernes,,17:35:00,,0.0,2,"Taxi/Remis,Moto/Ciclomotor",Lavalle Y Cerrito,4,1,2,0,1,0,0,"-32.95485, -60.68168",Calle,,ROSARIO,Rosario,Asfalto,No existe,II,Dentro,Urbana,Señal Ceda el Paso,No existe,Intersección,Bueno,Buena,Diurna,Buen Tiempo,Otro,S/D,Colisión,Ninguna,Horizontal,Ninguna,Sin restricción,"-32.95485, -60.68168","['Lavalle', 'Cerrito']",2,,-32.95485,-60.68168,55.0,538.0,Municipio Rosario,Municipio,Rosario,820210,Servicio de Catastro e Información Territorial,IGN
2019,1761,2019-03-04,Lunes,,02:40:00,,0.0,2,"Moto/Ciclomotor,Pickup/Utilitario",Bv. 27 De Febrero Y Matienzo,3,2,0,0,1,0,0,"-32.9588, -60.69398",Avenida,,ROSARIO,Rosario,Asfalto,No existe,II,Dentro,Urbana,Ninguna,No existe,Intersección,Bueno,Buena,"Nocturna,Con luz artificial",Buen Tiempo,Lateral,S/D,Colisión,Ninguna,Faltante,Ninguna,Sin restricción,"-32.9588, -60.69398","['27 de Febrero', 'Matienzo']",2,,-32.9588,-60.69398,55.0,538.0,Municipio Rosario,Municipio,Rosario,820210,Servicio de Catastro e Información Territorial,IGN
2019,1791,2019-03-24,Domingo,,21:00:00,,0.0,2,"Automóvil,Peatón",El Mangrullo 5000,2,1,0,0,1,0,0,"    -32.99814, -60.61467",Calle,,ROSARIO,Rosario,Asfalto,No existe,II,Dentro,Urbana,Ninguna,No existe,Intersección,Bueno,Buena,Nocturna,Buen Tiempo,S/D,Peatón,Atropello,Ninguna,Faltante,Ninguna,Sin restricción,"    -32.99814, -60.61467",['El Mangrullo 5000'],1,,-32.99814,-60.61467,55.0,538.0,Municipio Rosario,Municipio,Rosario,820210,Servicio de Catastro e Información Territorial,IGN
2019,1792,2019-03-26,Martes,,12:40:00,,0.0,2,"Automóvil,Pickup/Utilitario",Saavedra Y Italia,3,1,0,0,2,0,0,"    -32.9762, -60.65582",Calle,,ROSARIO,Rosario,Asfalto,No existe,II,Dentro,Urbana,Ninguna,No existe,Intersección,Bueno,Buena,Diurna,Buen Tiempo,Lateral,S/D,Colisión,Ninguna,Faltante,Ninguna,Sin restricción,"    -32.9762, -60.65582","['Saavedra', 'Italia']",2,,-32.9762,-60.65582,55.0,538.0,Municipio Rosario,Municipio,Rosario,820210,Servicio de Catastro e Información Territorial,IGN
2019,1794,2019-03-04,Lunes,,14:25:00,,0.0,2,"Automóvil,Moto/Ciclomotor",Pje. Volta Y Ecuador,3,1,0,0,2,0,0,"-32.95873, -60.71417",Calle,,ROSARIO,Rosario,Asfalto,No existe,II,S/D,Urbana,Ninguna,No existe,Intersección,Bueno,Buena,Diurna,Buen Tiempo,Lateral,S/D,Colisión,Ninguna,Faltante,Ninguna,Sin restricción,"-32.95873, -60.71417","['Volta', 'Ecuador']",2,,-32.95873,-60.71417,55.0,538.0,Municipio Rosario,Municipio,Rosario,820210,Servicio de Catastro e Información Territorial,IGN
2019,1795,2019-03-27,Miercoles,,08:30:00,,0.0,2,"Automóvil,Moto/Ciclomotor",Av. Bermudez Y Pje. Gral.Savio,2,1,0,0,1,0,0,"    -32.9963, -60.64284",Avenida,,ROSARIO,Rosario,Asfalto,No existe,II,Dentro,Urbana,Polic�a de tr�nsito,No existe,Intersección,Bueno,Buena,Diurna,Buen Tiempo,Lateral,S/D,Colisión,Ninguna,Faltante,Ninguna,Sin restricción,"    -32.9963, -60.64284","['Bermudez', 'Savio']",2,,-32.9963,-60.64284,55.0,538.0,Municipio Rosario,Municipio,Rosario,820210,Servicio de Catastro e Información Territorial,IGN
2019,1798,2019-03-27,Miercoles,,,,0.0,2,"Bicicleta,Automóvil",Ayolas Y San Martin,2,1,0,0,1,0,0,"    -32.97704, -60.64433",Calle,,ROSARIO,Rosario,Asfalto,No existe,II,Dentro,Urbana,Semáforo,Funciona,Intersección,Bueno,Buena,Atardecer,Buen Tiempo,S/D,Ciclista,Atropello,Ninguna,"Horizontal,Vertical",Ninguna,Sin restricción,"    -32.97704, -60.64433","['Ayolas', 'San Martin']",2,,-32.97704,-60.64433,55.0,538.0,Municipio Rosario,Municipio,Rosario,820210,Servicio de Catastro e Información Territorial,IGN
2019,1799,2019-03-01,Viernes,,12:30:00,,0.0,2,"Moto/Ciclomotor,Moto/Ciclomotor",Levi Y Salvat,3,3,0,0,0,0,0,"-32.8817, -60.73126",Calle,,ROSARIO,Rosario,Asfalto,S/D,II,S/D,Urbana,Ninguna,No existe,Intersección,Bueno,Buena,Diurna,Buen Tiempo,S/D,S/D,Colisión,S/D,S/D,Ninguna,Sin restricción,"-32.8817, -60.73126","['Levi', 'Salvat']",2,,-32.8817,-60.73126,55.0,538.0,Municipio Rosario,Municipio,Rosario,820210,Servicio de Catastro e Información Territorial,IGN
2019,1802,2019-03-25,Lunes,,07:57:00,,0.0,1,Moto/Ciclomotor,Entre Rios Y San Lorenzo,1,1,0,0,0,0,0,"    -32.94361, -60.64039",Calle,,ROSARIO,Rosario,Asfalto,No existe,II,Dentro,Urbana,Ninguna,No existe,Intersección,Bueno,Buena,Diurna,S/D,Contra objeto fijo,S/D,Colisión,S/D,S/D,Ninguna,Sin restricción,"    -32.94361, -60.64039","['Entre Ríos', 'San Lorenzo']",2,,-32.94361,-60.64039,55.0,538.0,Municipio Rosario,Municipio,Rosario,820210,Servicio de Catastro e Información Territorial,IGN
2019,1803,2019-03-28,Jueves,,16:20:00,,0.0,2,"Automóvil,Automóvil",Balcarce Y E.Zeballos,2,2,0,0,0,0,0,"    -32.95253, -60.6541",Calle,,ROSARIO,Rosario,Asfalto,No existe,II,Dentro,Urbana,Ninguna,Funciona,Recta,Bueno,Buena,Diurna,Buen Tiempo,Otro,S/D,Colisión,Ninguna,Vertical,Ninguna,Sin restricción,"    -32.95253, -60.6541","['Balcarce', 'Zeballos']",2,,-32.95253,-60.6541,55.0,538.0,Municipio Rosario,Municipio,Rosario,820210,Servicio de Catastro e Información Territorial,IGN
2019,1806,2019-03-28,Jueves,,22:05:00,,0.0,2,"Moto/Ciclomotor,Automóvil",Av. Francia 1100,2,0,1,0,1,0,0,"    -32.94524, -60.66657",Avenida,,ROSARIO,Rosario,Asfalto,No existe,II,Dentro,Urbana,Semáforo,Funciona,Intersección,Bueno,Buena,"Nocturna,Con luz artificial",Buen Tiempo,Otro,S/D,Colisión,Ninguna,Vertical,Cordón divisorio,Sin restricción,"    -32.94524, -60.66657",['Francia 1100'],1,,-32.94524,-60.66657,55.0,538.0,Municipio Rosario,Municipio,Rosario,820210,Servicio de Catastro e Información Territorial,IGN
2019,1807,2019-01-12,Sabado,,01:00:00,,0.0,2,"Moto/Ciclomotor,Otros",Matienzo Y Gaboto,2,1,0,0,0,0,1,"-32.96465, -60.69373",Calle,,ROSARIO,Rosario,S/D,S/D,II,S/D,Urbana,S/D,S/D,Intersección,S/D,S/D,S/D,S/D,S/D,S/D,Colisión,S/D,S/D,S/D,S/D,"-32.96465, -60.69373","['Matienzo', 'Gaboto']",2,,-32.96465,-60.69373,55.0,538.0,Municipio Rosario,Municipio,Rosario,820210,Servicio de Catastro e Información Territorial,IGN
2019,1811,2019-01-14,Lunes,,,,0.0,2,"Moto/Ciclomotor,Otros",Garibaldi Y J.M.de Rosas,2,0,1,0,0,0,1,"-32.9872, -60.64123",Calle,,ROSARIO,Rosario,S/D,S/D,II,S/D,Urbana,S/D,S/D,Intersección,S/D,S/D,S/D,S/D,S/D,S/D,Colisión,S/D,S/D,S/D,S/D,"-32.9872, -60.64123","['José Garibaldi', 'De Rosas']",2,,-32.9872,-60.64123,55.0,538.0,Municipio Rosario,Municipio,Rosario,820210,Servicio de Catastro e Información Territorial,IGN
2019,1812,2019-03-28,Jueves,,17:50:00,,0.0,2,"Automóvil,Moto/Ciclomotor",Constitucion Y E.Zeballos,2,1,0,0,1,0,0,"    -32.94863, -60.67584",Calle,,ROSARIO,Rosario,Asfalto,No existe,II,Dentro,Urbana,Ninguna,Funciona,Recta,Bueno,Buena,Diurna,Buen Tiempo,Otro,S/D,Colisión,Ninguna,Vertical,Ninguna,Sin restricción,"    -32.94863, -60.67584","['Constitución', 'Zeballos']",2,,-32.94863,-60.67584,55.0,538.0,Municipio Rosario,Municipio,Rosario,820210,Servicio de Catastro e Información Territorial,IGN
2019,1814,2019-01-15,Martes,,08:30:00,,0.0,2,"Moto/Ciclomotor,Otros",Bv. 27 De Febrero ,2,0,1,0,0,0,1,"-32.96169, -60.67656",Avenida,,ROSARIO,Rosario,S/D,S/D,II,S/D,Urbana,S/D,S/D,Recta,S/D,S/D,S/D,S/D,S/D,S/D,Colisión,S/D,S/D,S/D,S/D,"-32.96169, -60.67656",['27 de Febrero'],1,,-32.96169,-60.67656,55.0,538.0,Municipio Rosario,Municipio,Rosario,820210,Servicio de Catastro e Información Territorial,IGN
2019,1851,2019-04-02,Martes,,02:20:00,,0.0,1,Moto/Ciclomotor,Av. Casiano Casas Y Ghiraldo,1,0,0,0,0,1,0,"-32.900789749605,-60.712471610611",Avenida,,ROSARIO,Rosario,Asfalto,No existe,II,Dentro,Urbana,Ninguna,No existe,Intersección,Bueno,Buena,Nocturna,Buen Tiempo,S/D,S/D,Caída ocupante,Ninguna,Faltante,Cordón divisorio,Sin restricción,"-32.900789749605,-60.712471610611","['Avenida Casiano Casas', 'Ghiraldo']",2,,-32.900789749605,-60.712471610611,55.0,538.0,Municipio Rosario,Municipio,Rosario,820210,Servicio de Catastro e Información Territorial,IGN
2019,1855,2019-02-13,Miercoles,,,,0.0,2,"Bicicleta,Otros", ,2,0,1,0,0,0,1,"-32.95831, -60.69051",S/D,,ROSARIO,Rosario,S/D,S/D,II,S/D,S/D,S/D,S/D,S/D,S/D,S/D,S/D,S/D,S/D,Ciclista,Atropello,S/D,S/D,S/D,S/D,"-32.95831, -60.69051",[''],0,,-32.95831,-60.69051,55.0,538.0,Municipio Rosario,Municipio,Rosario,820210,Servicio de Catastro e Información Territorial,IGN
2019,1856,2019-02-15,Viernes,,,,0.0,2,"Moto/Ciclomotor,Otros",Buenos Aires 5900,2,0,1,0,0,0,1,"-33.00518, -60.64481",Calle,,ROSARIO,Rosario,S/D,S/D,II,S/D,Urbana,S/D,S/D,Recta,S/D,S/D,S/D,S/D,S/D,S/D,Colisión,S/D,S/D,S/D,S/D,"-33.00518, -60.64481",['Buenos Aires 5900'],1,,-33.00518,-60.64481,55.0,538.0,Municipio Rosario,Municipio,Rosario,820210,Servicio de Catastro e Información Territorial,IGN
2019,1857,2019-03-02,Sabado,,15:50:00,,0.0,2,"Moto/Ciclomotor,Bicicleta",Iriondo Y Bv. Segui,2,2,0,0,0,0,0,"-32.97347, -60.67782",S/D,,ROSARIO,Rosario,S/D,No existe,II,Dentro,Urbana,Ninguna,No existe,Intersección,S/D,Buena,Diurna,S/D,S/D,Ciclista,Atropello,S/D,Faltante,Cordón divisorio,S/D,"-32.97347, -60.67782","['Iriondo', 'Bulevar Juan Francisco Seguí']",2,,-32.97347,-60.67782,55.0,538.0,Municipio Rosario,Municipio,Rosario,820210,Servicio de Catastro e Información Territorial,IGN
2019,1858,2019-03-14,Jueves,,,,0.0,2,"Moto/Ciclomotor,Otros",3 De Febrero Y España,2,0,1,0,0,0,1,"-32.95128, -60.64811",Calle,,ROSARIO,Rosario,S/D,S/D,II,S/D,Urbana,S/D,S/D,Intersección,S/D,S/D,S/D,S/D,S/D,S/D,Colisión,S/D,S/D,S/D,S/D,"-32.95128, -60.64811","['3 de Febrero', 'España']",2,,-32.95128,-60.64811,55.0,538.0,Municipio Rosario,Municipio,Rosario,820210,Servicio de Catastro e Información Territorial,IGN
2019,1859,2019-03-03,Domingo,,23:40:00,,0.0,1,Moto/Ciclomotor,Bv. Oroño Y Reg.11 de Infanteria,1,0,1,0,0,0,0,"-32.99933, -60.66547",Avenida,,ROSARIO,Rosario,Asfalto,No existe,II,Dentro,Urbana,Ninguna,No existe,Intersección,S/D,S/D,S/D,S/D,S/D,S/D,Caída ocupante,S/D,S/D,Cordón divisorio,S/D,"-32.99933, -60.66547","['Bulevar Nicasio Oroño', 'Regimiento 11']",2,,-32.99933,-60.66547,55.0,538.0,Municipio Rosario,Municipio,Rosario,820210,Servicio de Catastro e Información Territorial,IGN
2019,1860,2019-03-28,Jueves,,13:45:00,,0.0,2,"Automóvil,Bicicleta",Tucuman Y Dorrego,2,1,0,0,1,0,0,"    -32.93979, -60.6481",Calle,,ROSARIO,Rosario,Asfalto,No existe,II,Dentro,Urbana,Ninguna,No existe,Intersección,Bueno,Buena,Diurna,Buen Tiempo,S/D,Ciclista,Atropello,Ninguna,Faltante,Ninguna,Sin restricción,"    -32.93979, -60.6481","['Tucumán', 'Dorrego']",2,,-32.93979,-60.6481,55.0,538.0,Municipio Rosario,Municipio,Rosario,820210,Servicio de Catastro e Información Territorial,IGN
2019,1861,2019-03-05,Martes,,06:20:00,,0.0,2,"Moto/Ciclomotor,Taxi/Remis",Bv. Oroño Y Av. Battle y Ordoñez,2,1,0,0,1,0,0,"-33.00789, -60.66482",Avenida,,ROSARIO,Rosario,Asfalto,No existe,II,Dentro,Urbana,Semáforo,Funciona,Intersección,S/D,S/D,S/D,S/D,S/D,S/D,Colisión,S/D,"Horizontal,Vertical",Cordón divisorio,S/D,"-33.00789, -60.66482","['Bulevar Nicasio Oroño', 'Avenida Battle y Ordoñez']",2,,-33.00789,-60.66482,55.0,538.0,Municipio Rosario,Municipio,Rosario,820210,Servicio de Catastro e Información Territorial,IGN
2019,1862,2019-03-05,Martes,,17:45:00,,0.0,1,Moto/Ciclomotor,Pje. Caaguazu Y Lavalle,4,2,0,0,2,0,0,"-32.96915, -60.68529",Calle,,ROSARIO,Rosario,Asfalto,S/D,II,Dentro,Urbana,S/D,No existe,Intersección,S/D,S/D,S/D,S/D,S/D,S/D,"Caída ocupante,Despiste",S/D,S/D,S/D,S/D,"-32.96915, -60.68529","['Caaguazú', 'Lavalle']",2,,-32.96915,-60.68529,55.0,538.0,Municipio Rosario,Municipio,Rosario,820210,Servicio de Catastro e Información Territorial,IGN
2019,1863,2019-03-06,Miercoles,,16:15:00,,0.0,2,"Automóvil,Moto/Ciclomotor",Constitucion Y Uruguay,2,1,1,0,0,0,0,"-32.97047, -60.68134",Calle,,ROSARIO,Rosario,Asfalto,No existe,II,Dentro,Urbana,S/D,S/D,Intersección,S/D,S/D,Diurna,S/D,S/D,S/D,Colisión,S/D,S/D,S/D,S/D,"-32.97047, -60.68134","['Constitución', 'Uruguay']",2,,-32.97047,-60.68134,55.0,538.0,Municipio Rosario,Municipio,Rosario,820210,Servicio de Catastro e Información Territorial,IGN
2019,1864,2019-03-07,Jueves,,19:25:00,,0.0,2,"Automóvil,Camión Chasis",Bv. Oroño Y Av. Uriburu,3,1,0,0,2,0,0,"-32.99082, -60.66522",Avenida,,ROSARIO,Rosario,Asfalto,No existe,II,Dentro,Urbana,Semáforo,Funciona,Rotonda,S/D,Reducida,Atardecer,Lluvia,S/D,S/D,Colisión,S/D,"Horizontal,Vertical",Cordón divisorio,S/D,"-32.99082, -60.66522","['Bulevar Nicasio Oroño', 'Uriburu']",2,,-32.99082,-60.66522,55.0,538.0,Municipio Rosario,Municipio,Rosario,820210,Servicio de Catastro e Información Territorial,IGN
2019,1865,2019-03-27,Miercoles,,10:00:00,,0.0,2,"Moto/Ciclomotor,Automóvil",Salta 1600,2,1,0,0,1,0,0,"    -32.9382, -60.64339",Calle,,ROSARIO,Rosario,Asfalto,No existe,II,Dentro,Urbana,Ninguna,No existe,Intersección,Bueno,Buena,Diurna,S/D,Lateral,S/D,Colisión,Ninguna,S/D,Línea divisoria pintada,Sin restricción,"    -32.9382, -60.64339",['Salta 1600'],1,,-32.9382,-60.64339,55.0,538.0,Municipio Rosario,Municipio,Rosario,820210,Servicio de Catastro e Información Territorial,IGN
2019,1866,2019-03-07,Jueves,,20:30:00,,0.0,2,"Moto/Ciclomotor,Automóvil",Dorrego Y Galvez,2,1,0,0,1,0,0,"-32.96686, -60.65483",Calle,,ROSARIO,Rosario,Asfalto,No existe,II,Dentro,Urbana,Ninguna,No existe,Intersección,Bueno,Buena,"Nocturna,Con luz artificial",Buen Tiempo,Lateral,S/D,Colisión,Ninguna,Faltante,Ninguna,Sin restricción,"-32.96686, -60.65483","['Dorrego', 'Galvez']",2,,-32.96686,-60.65483,55.0,538.0,Municipio Rosario,Municipio,Rosario,820210,Servicio de Catastro e Información Territorial,IGN
2019,1870,2019-04-02,Martes,,01:50:00,,0.0,1,Automóvil,Av. Luis Carballo Y Ing.Thedy Bis,1,1,0,0,0,0,0,"-32.923199002153,-60.665477456674",Avenida,,ROSARIO,Rosario,Asfalto,No existe,II,Dentro,Urbana,Semáforo,Funciona,Intersección,Bueno,Buena,Nocturna,Buen Tiempo,Contra objeto fijo,S/D,Colisión,Ninguna,"Horizontal,Vertical",Ninguna,Sin restricción,"-32.923199002153,-60.665477456674","['Avenida Doctor Luis Cándido Carballo', 'Thedy']",2,,-32.923199002153,-60.665477456674,55.0,538.0,Municipio Rosario,Municipio,Rosario,820210,Servicio de Catastro e Información Territorial,IGN
2019,1871,2019-04-01,Lunes,,01:00:00,,0.0,2,"Automóvil,Automóvil",Av. Irigoyen Y Varela,3,2,0,0,1,0,0,"-32.884621593852,-60.700415415858",Avenida,,ROSARIO,Rosario,Asfalto,No existe,II,Dentro,Urbana,Ninguna,No existe,Intersección,Bueno,Buena,Diurna,Buen Tiempo,S/D,S/D,Colisión,Ninguna,Faltante,Ninguna,Sin restricción,"-32.884621593852,-60.700415415858","['Avenida Hipólito Irigoyen', 'Varela']",2,,-32.884621593852,-60.700415415858,55.0,538.0,Municipio Rosario,Municipio,Rosario,820210,Servicio de Catastro e Información Territorial,IGN
2019,1874,2019-04-01,Lunes,,11:25:00,,0.0,1,Moto/Ciclomotor,Bv. Bouchard Y Pje. Pozos,2,2,0,0,0,0,0,"-32.89027690887453,-60.728613138198",Avenida,,ROSARIO,Rosario,Asfalto,No existe,II,Dentro,Urbana,Ninguna,No existe,Intersección,Bueno,Buena,Diurna,Buen Tiempo,Atropello animal,S/D,Colisión,Ninguna,Faltante,Ninguna,Sin restricción,"-32.89027690887453,-60.728613138198","['Bouchard', 'Pozos']",2,,-32.89027690887453,-60.728613138198,55.0,538.0,Municipio Rosario,Municipio,Rosario,820210,Servicio de Catastro e Información Territorial,IGN
2019,1876,2019-04-01,Lunes,,14:24:00,,0.0,2,"Moto/Ciclomotor,Moto/Ciclomotor",Castagnino Y Miller,2,1,0,0,1,0,0,"-32.900502015822,-60.70661109228",Calle,,ROSARIO,Rosario,Asfalto,No existe,II,Dentro,Urbana,Ninguna,No existe,Intersección,Bueno,Buena,Diurna,Buen Tiempo,Lateral,S/D,Colisión,Ninguna,Faltante,Ninguna,Sin restricción,"-32.900502015822,-60.70661109228","['Castagnino', 'Miller']",2,,-32.900502015822,-60.70661109228,55.0,538.0,Municipio Rosario,Municipio,Rosario,820210,Servicio de Catastro e Información Territorial,IGN
2019,1879,2019-04-06,Sabado,,18:15:00,,0.0,2,"Automóvil,Moto/Ciclomotor", ,2,1,0,0,1,0,0,"-32.91178, -60.68076",Calle,,ROSARIO,Rosario,Asfalto,No existe,II,Dentro,Urbana,Ninguna,No existe,Recta,Bueno,Buena,Atardecer,Buen Tiempo,Lateral,S/D,Colisión,Ninguna,Faltante,Ninguna,Sin restricción,"-32.91178, -60.68076",[''],0,,-32.91178,-60.68076,55.0,538.0,Municipio Rosario,Municipio,Rosario,820210,Servicio de Catastro e Información Territorial,IGN