anio_acci,nro_acci,fecha,desc_dia,fecha_aprox,hora_aprox,desc_ruta,km,cant_participantes,desc_participante,calle_avenida_km,total,heridos_leves,heridos_graves,heridos_gravisimos,ilesos,fallecidos,sin_datos,posicion_XY,desc_tipo_via,desc_ruta_ori,desc_loc,desc_dpto,desc_tipo_calzada,desc_tipo_banquina,desc_unidad_regional,desc_lugar_calzada,desc_zona,desc_prioridad,desc_estado_semaforo,desc_lugar_via,desc_estado_via,desc_estado_visibilidad,desc_luminosidad,desc_estado_clima,desc_tipo_colision,desc_tipo_atropello,desc_tipo_hecho,desc_pres_calzada,desc_senializacion,desc_separacion_via,desc_restriccion,forma_geocod,calle_lista,numero_calles,calles_osm,lat,lon,index_right,gid,fna,gna,nam,in1,fdc,sag
2019,1880,2019-04-10,Miercoles,,13:00:00,,0.0,2,"Moto/Ciclomotor,Taxi/Remis",Rio De Janeiro Y Av. Eva Peron,2,1,0,0,1,0,0,"-32.938857078552246,-60.68050771951",Avenida,,ROSARIO,Rosario,Asfalto,No existe,II,Dentro,Urbana,Semáforo,Funciona,Intersección,Bueno,Buena,Diurna,Buen Tiempo,S/D,S/D,Colisión,Ninguna,"Horizontal,Vertical",Ninguna,Sin restricción,"-32.938857078552246,-60.68050771951","['Río de Janeiro', 'Avenida Eva Perón']",2,,-32.938857078552246,-60.68050771951,55.0,538.0,Municipio Rosario,Municipio,Rosario,820210,Servicio de Catastro e Información Territorial,IGN
2019,1881,2019-04-26,Viernes,,02:12:00,,0.0,1,Automóvil,Matienzo Y E.Deliot,4,4,0,0,0,0,0,"-32.972920533005,-60.693458328087",Calle,,ROSARIO,Rosario,Asfalto,No existe,II,Dentro,Urbana,Ninguna,No existe,Recta,Bueno,Buena,Nocturna,Buen Tiempo,Contra objeto fijo,S/D,Colisión,Ninguna,Faltante,Ninguna,Sin restricción,"-32.972920533005,-60.693458328087","['Matienzo', 'V. Deliot']",2,,-32.972920533005,-60.693458328087,55.0,538.0,Municipio Rosario,Municipio,Rosario,820210,Servicio de Catastro e Información Territorial,IGN
2019,1882,2019-04-26,Viernes,,14:50:00,,0.0,2,"Automóvil,Moto/Ciclomotor",Bv. Avellaneda Y Av. Pte.Peron,2,1,0,0,1,0,0,"-32.957611083984375,-60.68381220102",Avenida,,ROSARIO,Rosario,Asfalto,No existe,II,Dentro,Urbana,Semáforo,Funciona,Intersección,Bueno,Buena,Diurna,Buen Tiempo,Lateral,S/D,Colisión,Ninguna,"Horizontal,Vertical",Cordón divisorio,Sin restricción,"-32.957611083984375,-60.68381220102","['Avellaneda', 'Avenida Presidente Perón']",2,,-32.957611083984375,-60.68381220102,55.0,538.0,Municipio Rosario,Municipio,Rosario,820210,Servicio de Catastro e Información Territorial,IGN
2019,1884,2019-04-30,Martes,,17:30:00,,0.0,2,"Pickup/Utilitario,Bicicleta",Roullon Y La Paz,2,1,0,0,1,0,0,"-32.95541167259218,-60.701678395271",Calle,,ROSARIO,Rosario,Asfalto,No existe,II,Dentro,Urbana,Ninguna,No existe,Recta,Bueno,Buena,Diurna,Buen Tiempo,S/D,Ciclista,Atropello,Ninguna,Faltante,Ninguna,Sin restricción,"-32.95541167259218,-60.701678395271","['Alfredo Rouillón', 'La Paz']",2,,-32.95541167259218,-60.701678395271,55.0,538.0,Municipio Rosario,Municipio,Rosario,820210,Servicio de Catastro e Información Territorial,IGN
2019,1885,2019-04-30,Martes,,09:30:00,,0.0,2,"Moto/Ciclomotor,Automóvil",Campbell Y La Paz,3,2,0,0,1,0,0,"-32.955587241217,-60.707346985408",Calle,,ROSARIO,Rosario,Asfalto,No existe,II,Dentro,Urbana,Ninguna,No existe,Intersección,Bueno,Buena,Diurna,Buen Tiempo,S/D,S/D,Colisión,Ninguna,Faltante,Ninguna,Sin restricción,"-32.955587241217,-60.707346985408","['Campbell', 'La Paz']",2,,-32.955587241217,-60.707346985408,55.0,538.0,Municipio Rosario,Municipio,Rosario,820210,Servicio de Catastro e Información Territorial,IGN
2019,1886,2019-04-01,Lunes,,23:15:00,,0.0,2,"Automóvil,Moto/Ciclomotor",Liniers Y Pje. Lejarza,4,0,2,0,2,0,0,"-32.966552641414,-60.697531414423",Calle,,ROSARIO,Rosario,Asfalto,No existe,II,Dentro,Urbana,Ninguna,No existe,Recta,Bueno,Buena,Nocturna,Buen Tiempo,S/D,S/D,Colisión,Ninguna,Faltante,Ninguna,Sin restricción,"-32.966552641414,-60.697531414423","['Liniers', 'Lejarza']",2,,-32.966552641414,-60.697531414423,55.0,538.0,Municipio Rosario,Municipio,Rosario,820210,Servicio de Catastro e Información Territorial,IGN
2019,1887,2019-04-05,Viernes,,21:30:00,,0.0,2,"Moto/Ciclomotor,Peatón",Larrea Y Pje. Rivera,2,1,0,0,1,0,0,"-32.974505131567,-60.695948705432",Calle,,ROSARIO,Rosario,Asfalto,No existe,II,Dentro,Urbana,Ninguna,No existe,Recta,Bueno,Buena,Nocturna,Buen Tiempo,S/D,Peatón,Atropello,Ninguna,Faltante,Ninguna,Sin restricción,"-32.974505131567,-60.695948705432","['Larrea', 'Rivera']",2,,-32.974505131567,-60.695948705432,55.0,538.0,Municipio Rosario,Municipio,Rosario,820210,Servicio de Catastro e Información Territorial,IGN
2019,1888,2019-04-06,Sabado,,11:20:00,,0.0,2,"Automóvil,Automóvil",Riobamba Y Garzon,3,3,0,0,0,0,0,"-32.954328075765,-60.705098767961",Calle,,ROSARIO,Rosario,Asfalto,No existe,II,Dentro,Urbana,Ninguna,No existe,Recta,Bueno,Buena,Diurna,Buen Tiempo,S/D,S/D,Colisión,Ninguna,Faltante,Ninguna,Sin restricción,"-32.954328075765,-60.705098767961","['Riobamba', 'Garzón']",2,,-32.954328075765,-60.705098767961,55.0,538.0,Municipio Rosario,Municipio,Rosario,820210,Servicio de Catastro e Información Territorial,IGN
2019,1889,2019-04-09,Martes,,18:10:00,,0.0,2,"Automóvil,Moto/Ciclomotor",Bv. Segui Y Roullon,2,1,0,0,1,0,0,"-32.970791924002,-60.701062445561",Avenida,,ROSARIO,Rosario,Asfalto,No existe,II,Dentro,Urbana,Semáforo,Funciona,Intersección,S/D,S/D,Diurna,S/D,S/D,S/D,Colisión,S/D,Vertical,Cordón divisorio,S/D,"-32.970791924002,-60.701062445561","['Bulevar Juan Francisco Seguí', 'Alfredo Rouillón']",2,,-32.970791924002,-60.701062445561,55.0,538.0,Municipio Rosario,Municipio,Rosario,820210,Servicio de Catastro e Información Territorial,IGN
2019,1901,2019-03-28,Jueves,,11:05:00,,0.0,2,"Peatón,Bicicleta",Av. Belgrano Y San Juan,2,1,0,0,1,0,0,"    -32.95233, -60.62708",Avenida,,ROSARIO,Rosario,Asfalto,No existe,II,Dentro,Urbana,Semáforo,Funciona,Intersección,Bueno,Buena,Diurna,Buen Tiempo,S/D,Peatón,Atropello,Ninguna,Vertical,Cordón divisorio,Sin restricción,"    -32.95233, -60.62708","['Belgrano', 'San Juan']",2,,-32.95233,-60.62708,55.0,538.0,Municipio Rosario,Municipio,Rosario,820210,Servicio de Catastro e Información Territorial,IGN
2019,1902,2019-03-27,Miercoles,,22:00:00,,0.0,2,"Peatón,Moto/Ciclomotor",San Martin Y Rueda,2,1,0,0,1,0,0,"    -32.97126, -60.64284",Calle,,ROSARIO,Rosario,Asfalto,No existe,II,Dentro,Urbana,Ninguna,No existe,Intersección,Bueno,Buena,"Nocturna,Con luz artificial",Buen Tiempo,S/D,Peatón,Atropello,Ninguna,Faltante,Ninguna,Sin restricción,"    -32.97126, -60.64284","['San Martin', 'Rueda']",2,,-32.97126,-60.64284,55.0,538.0,Municipio Rosario,Municipio,Rosario,820210,Servicio de Catastro e Información Territorial,IGN
2019,1903,2019-06-15,Sabado,,21:40:00,,0.0,2,"Moto/Ciclomotor,Taxi/Remis",Charcas 6700,2,1,0,0,1,0,0,"-32.94538, -60.71274",Calle,,ROSARIO,Rosario,Asfalto,Pavimento,II,Dentro,Urbana,Ninguna,No existe,Recta,Resbaladiza,Reducida,Nocturna,Lluvia,Lateral,S/D,Colisión,Agua,S/D,Ninguna,Sin restricción,"-32.94538, -60.71274",['Charcas 6700'],1,,-32.94538,-60.71274,55.0,538.0,Municipio Rosario,Municipio,Rosario,820210,Servicio de Catastro e Información Territorial,IGN
2019,1904,2019-03-27,Miercoles,,13:10:00,,0.0,2,"Bicicleta,Pickup/Utilitario",Rueda Y Bv. Oroño,2,1,0,0,1,0,0,"    -32.96831, -60.65964",Avenida,,ROSARIO,Rosario,Asfalto,No existe,II,Dentro,Urbana,Semáforo,Funciona,Intersección,Bueno,Buena,Diurna,Buen Tiempo,S/D,Ciclista,Atropello,Ninguna,Vertical,Cordón divisorio,Sin restricción,"    -32.96831, -60.65964","['Rueda', 'Bulevar Nicasio Oroño']",2,,-32.96831,-60.65964,55.0,538.0,Municipio Rosario,Municipio,Rosario,820210,Servicio de Catastro e Información Territorial,IGN
2019,1906,2019-06-14,Viernes,,20:55:00,,0.0,2,"Automóvil,Moto/Ciclomotor",Mendoza Y Bv. Wilde,4,1,0,0,3,0,0,"-32.94021,-60.73839",Calle,,ROSARIO,Rosario,Asfalto,Pavimento,II,Dentro,Urbana,S/D,S/D,Rotonda,Bueno,S/D,"Nocturna,Con luz artificial",S/D,Lateral,S/D,Colisión,S/D,Horizontal,Cordón divisorio,S/D,"-32.94021,-60.73839","['Mendoza', 'Bulevar Wilde']",2,,-32.94021,-60.73839,55.0,538.0,Municipio Rosario,Municipio,Rosario,820210,Servicio de Catastro e Información Territorial,IGN
2019,1908,2019-06-11,Martes,,10:20:00,,0.0,2,"Automóvil,Bicicleta",Mendoza Y J.M.de Rosas,3,2,0,0,1,0,0,"-32.95273, -60.6325",Avenida,,ROSARIO,Rosario,Asfalto,Pavimento,II,Dentro,Urbana,Semáforo,Funciona,Recta,Bueno,Buena,Diurna,S/D,S/D,Ciclista,Atropello,Ninguna,Horizontal,Cordón divisorio,S/D,"-32.95273, -60.6325","['Mendoza', 'De Rosas']",2,,-32.95273,-60.6325,55.0,538.0,Municipio Rosario,Municipio,Rosario,820210,Servicio de Catastro e Información Territorial,IGN
2019,1909,2019-03-25,Lunes,,01:55:00,,0.0,2,"Moto/Ciclomotor,Automóvil",Paraguay Y Pasco,3,2,0,0,1,0,0,"    -32.95857, -60.64705",Calle,,ROSARIO,Rosario,Asfalto,No existe,II,Dentro,Urbana,Ninguna,No existe,Intersección,Bueno,S/D,Nocturna,Buen Tiempo,S/D,S/D,Colisión,Ninguna,S/D,Ninguna,Sin restricción,"    -32.95857, -60.64705","['Paraguay', 'Pasco']",2,,-32.95857,-60.64705,55.0,538.0,Municipio Rosario,Municipio,Rosario,820210,Servicio de Catastro e Información Territorial,IGN
2019,1910,2019-06-10,Lunes,,,,0.0,2,"Moto/Ciclomotor,Moto/Ciclomotor",Av. Provincias Unidas Y F.M.Esquiu,2,1,0,0,0,0,1,"-32.92318, -60.71327",Calle,,ROSARIO,Rosario,Asfalto,S/D,II,Dentro,Urbana,Ninguna,S/D,Intersección,Bueno,Buena,Diurna,Buen Tiempo,S/D,S/D,Colisión,Ninguna,S/D,Ninguna,Sin restricción,"-32.92318, -60.71327","['Avenida Provincias Unidas', 'Esquiú']",2,,-32.92318,-60.71327,55.0,538.0,Municipio Rosario,Municipio,Rosario,820210,Servicio de Catastro e Información Territorial,IGN
2019,1911,2019-06-13,Jueves,,15:20:00,,0.0,2,"Bicicleta,Pickup/Utilitario",Av. Genova Y J.M.de Rosas,2,1,0,0,1,0,0,"-32.91634, -60.72442",Calle,,ROSARIO,Rosario,Asfalto,S/D,II,Dentro,Urbana,Ninguna,S/D,Intersección,Bueno,Buena,Diurna,Buen Tiempo,S/D,Ciclista,Atropello,Ninguna,S/D,Ninguna,Sin restricción,"-32.91634, -60.72442","['Genova', 'De Rosas']",2,,-32.91634,-60.72442,55.0,538.0,Municipio Rosario,Municipio,Rosario,820210,Servicio de Catastro e Información Territorial,IGN
2019,1933,2019-03-01,Viernes,,07:00:00,,0.0,2,"Moto/Ciclomotor,Automóvil",Av. Ovidio Lagos Y Acevedo Bis,2,0,1,0,1,0,0,"-32.98407, -60.67151",S/D,,ROSARIO,Rosario,S/D,S/D,II,S/D,S/D,S/D,S/D,S/D,S/D,S/D,S/D,S/D,S/D,S/D,S/D,S/D,S/D,S/D,S/D,"-32.98407, -60.67151","['Avenida Ovidio Lagos', 'Acevedo']",2,,-32.98407,-60.67151,55.0,538.0,Municipio Rosario,Municipio,Rosario,820210,Servicio de Catastro e Información Territorial,IGN
2019,1934,2019-03-01,Viernes,,12:35:00,,0.0,2,"Pickup/Utilitario,Moto/Ciclomotor",Av. Jorge Newbery Y Donado,2,1,0,0,1,0,0,"-32.90839, -60.72838",S/D,,ROSARIO,Rosario,S/D,S/D,II,S/D,S/D,S/D,S/D,S/D,S/D,S/D,S/D,S/D,S/D,S/D,S/D,S/D,S/D,S/D,S/D,"-32.90839, -60.72838","['Jorge Newbery', 'Donado']",2,,-32.90839,-60.72838,55.0,538.0,Municipio Rosario,Municipio,Rosario,820210,Servicio de Catastro e Información Territorial,IGN
2019,1936,2019-03-01,Viernes,,11:40:00,,0.0,2,"Automóvil,Peatón",Uruguay Y Sarmiento,2,1,0,0,1,0,0,"-32.97686, -60.64584",S/D,,ROSARIO,Rosario,S/D,S/D,II,S/D,S/D,S/D,S/D,S/D,S/D,S/D,S/D,S/D,S/D,Peatón,Atropello,S/D,S/D,S/D,S/D,"-32.97686, -60.64584","['Uruguay', 'Sarmiento']",2,,-32.97686,-60.64584,55.0,538.0,Municipio Rosario,Municipio,Rosario,820210,Servicio de Catastro e Información Territorial,IGN
2019,1937,2019-03-03,Domingo,,,,0.0,2,"Automóvil,Moto/Ciclomotor",Av. Casiano Casas Y Miller,2,1,0,0,1,0,0,"-32.90142, -60.70629",S/D,,ROSARIO,Rosario,S/D,S/D,II,S/D,S/D,S/D,S/D,S/D,S/D,S/D,S/D,S/D,S/D,S/D,S/D,S/D,S/D,S/D,S/D,"-32.90142, -60.70629","['Avenida Casiano Casas', 'Miller']",2,,-32.90142,-60.70629,55.0,538.0,Municipio Rosario,Municipio,Rosario,820210,Servicio de Catastro e Información Territorial,IGN
2019,1945,2019-04-13,Sabado,,,,0.0,2,"Automóvil,Automóvil",Ituzaingo Y Sarmiento,2,1,0,0,1,0,0,"-32.960721427312,-60.641747150064",Calle,,ROSARIO,Rosario,Asfalto,No existe,II,Dentro,Urbana,Ninguna,No existe,Recta,Bueno,S/D,S/D,Buen Tiempo,De alcance,S/D,Colisión,Ninguna,Faltante,Ninguna,S/D,"-32.960721427312,-60.641747150064","['Ituzaingó', 'Sarmiento']",2,,-32.960721427312,-60.641747150064,55.0,538.0,Municipio Rosario,Municipio,Rosario,820210,Servicio de Catastro e Información Territorial,IGN
2019,1946,2019-04-11,Jueves,,12:45:00,,0.0,2,"Moto/Ciclomotor,Taxi/Remis",Riobamba Y Entre Rios,2,1,0,0,1,0,0,"-32.962515624267,-60.645128317218",Calle,,ROSARIO,Rosario,Asfalto,No existe,II,Dentro,Urbana,Señal Pare,No existe,Intersección,Bueno,Buena,Diurna,Buen Tiempo,Lateral,S/D,Colisión,Ninguna,Vertical,Ninguna,Sin restricción,"-32.962515624267,-60.645128317218","['Riobamba', 'Entre Ríos']",2,,-32.962515624267,-60.645128317218,55.0,538.0,Municipio Rosario,Municipio,Rosario,820210,Servicio de Catastro e Información Territorial,IGN
2019,1947,2019-04-10,Miercoles,,08:30:00,,0.0,2,"Bicicleta,Automóvil",Pte.Roca Y Viamonte,2,1,0,0,1,0,0,"-32.964057557385,-60.649875572552",Calle,,ROSARIO,Rosario,Asfalto,No existe,II,Dentro,Urbana,Ninguna,No existe,Intersección,Bueno,Buena,Diurna,Buen Tiempo,S/D,Ciclista,Atropello,Ninguna,Faltante,Ninguna,Sin restricción,"-32.964057557385,-60.649875572552","['Roca', 'Viamonte']",2,,-32.964057557385,-60.649875572552,55.0,538.0,Municipio Rosario,Municipio,Rosario,820210,Servicio de Catastro e Información Territorial,IGN
2019,1949,2019-04-23,Martes,,13:30:00,,0.0,3,"Automóvil,Automóvil,Taxi/Remis",Entre Rios Y 3 De Febrero,4,2,0,0,2,0,0,"-32.952254561607,-60.642555527677",Calle,,ROSARIO,Rosario,Asfalto,No existe,II,Dentro,Urbana,Semáforo,No existe,Recta,Bueno,Buena,Diurna,Buen Tiempo,Múltiple,S/D,Colisión,Ninguna,"Horizontal,Vertical",Ninguna,Sin restricción,"-32.952254561607,-60.642555527677","['Entre Ríos', '3 de Febrero']",2,,-32.952254561607,-60.642555527677,55.0,538.0,Municipio Rosario,Municipio,Rosario,820210,Servicio de Catastro e Información Territorial,IGN
2019,1951,2019-04-19,Viernes,,12:30:00,,0.0,2,"Moto/Ciclomotor,Ambulancia",Av. Pellegrini Y Sarmiento,2,1,0,0,1,0,0,"-32.95720846738,-60.640869678519",Avenida,,ROSARIO,Rosario,Asfalto,No existe,II,Dentro,Urbana,Ninguna,Funciona,Recta,Bueno,Buena,Diurna,Buen Tiempo,De alcance,S/D,Colisión,Ninguna,Vertical,Ninguna,Sin restricción,"-32.95720846738,-60.640869678519","['Pellegrini', 'Sarmiento']",2,,-32.95720846738,-60.640869678519,55.0,538.0,Municipio Rosario,Municipio,Rosario,820210,Servicio de Catastro e Información Territorial,IGN
2019,1953,2019-04-17,Miercoles,,14:40:00,,0.0,2,"Pickup/Utilitario,Automóvil",Bv. 27 De Febrero Y San Martin,2,1,0,0,1,0,0,"-32.967938819108,-60.641962987761",Avenida,,ROSARIO,Rosario,Asfalto,No existe,II,Dentro,Urbana,Semáforo,Funciona,Recta,Bueno,Buena,Diurna,Otro,De alcance,S/D,Colisión,Ninguna,"Horizontal,Vertical","Cordón divisorio,Línea divisoria pintada,Ninguna",Sin restricción,"-32.967938819108,-60.641962987761","['27 de Febrero', 'San Martin']",2,,-32.967938819108,-60.641962987761,55.0,538.0,Municipio Rosario,Municipio,Rosario,820210,Servicio de Catastro e Información Territorial,IGN
2019,1955,2019-04-23,Martes,,09:50:00,,0.0,2,"Moto/Ciclomotor,Automóvil",Entre Rios Y Riobamba,2,1,0,0,1,0,0,"-32.962515624267,-60.645128317218",Calle,,ROSARIO,Rosario,Asfalto,No existe,II,Dentro,Urbana,Señal Pare,No existe,Recta,Bueno,Buena,Diurna,Buen Tiempo,Lateral,S/D,Colisión,Ninguna,Vertical,Ninguna,Sin restricción,"-32.962515624267,-60.645128317218","['Entre Ríos', 'Riobamba']",2,,-32.962515624267,-60.645128317218,55.0,538.0,Municipio Rosario,Municipio,Rosario,820210,Servicio de Catastro e Información Territorial,IGN
2019,1957,2019-04-11,Jueves,,10:30:00,,0.0,2,"Bicicleta,Transporte Escolar",Mitre Y 3 De Febrero,2,1,0,0,1,0,0,"-32.952517831526,-60.641136876805",Calle,,ROSARIO,Rosario,Asfalto,No existe,II,Dentro,Urbana,Semáforo,Funciona,Recta,Bueno,Buena,Diurna,Buen Tiempo,S/D,Ciclista,Atropello,Ninguna,"Horizontal,Vertical",Ninguna,Sin restricción,"-32.952517831526,-60.641136876805","['Mitre', '3 de Febrero']",2,,-32.952517831526,-60.641136876805,55.0,538.0,Municipio Rosario,Municipio,Rosario,820210,Servicio de Catastro e Información Territorial,IGN
2019,1959,2019-04-25,Jueves,,01:45:00,,0.0,2,"Peatón,Moto/Ciclomotor",Av. Pellegrini Y L.N.Alem,2,1,0,0,1,0,0,"-32.959113512222,-60.631054412325",Avenida,,ROSARIO,Rosario,Asfalto,No existe,II,Dentro,Urbana,Semáforo,Funciona,Recta,Bueno,S/D,"Nocturna,Con luz artificial",Buen Tiempo,S/D,Peatón,Atropello,Agua,"Horizontal,Vertical",Cordón divisorio,Sin restricción,"-32.959113512222,-60.631054412325","['Pellegrini', 'Alem']",2,,-32.959113512222,-60.631054412325,55.0,538.0,Municipio Rosario,Municipio,Rosario,820210,Servicio de Catastro e Información Territorial,IGN
2019,1960,2019-04-23,Martes,,14:20:00,,0.0,2,"Automóvil,Pickup/Utilitario",Servando Bayo Y Av. Eva Peron,2,1,0,0,1,0,0,"-32.93808996677401,-60.684539079666",Avenida,,ROSARIO,Rosario,Asfalto,No existe,II,Dentro,Urbana,Semáforo,Funciona,Intersección,Bueno,Buena,Diurna,Buen Tiempo,Lateral,S/D,Colisión,Ninguna,"Horizontal,Vertical",Ninguna,Sin restricción,"-32.93808996677401,-60.684539079666","['Servando Bayo', 'Avenida Eva Perón']",2,,-32.93808996677401,-60.684539079666,55.0,538.0,Municipio Rosario,Municipio,Rosario,820210,Servicio de Catastro e Información Territorial,IGN
2019,1961,2019-04-18,Jueves,,13:35:00,,0.0,2,"Automóvil,Moto/Ciclomotor",Bv. Oroño Y Lugones,2,0,1,0,1,0,0,"-32.958132288941,-60.657066542658",Avenida,,ROSARIO,Rosario,Asfalto,No existe,II,Dentro,Urbana,Paso Peatonal,No existe,Intersección,Bueno,Buena,Diurna,Buen Tiempo,Lateral,S/D,Colisión,Ninguna,Horizontal,Ninguna,Sin restricción,"-32.958132288941,-60.657066542658","['Bulevar Nicasio Oroño', 'Lugones']",2,,-32.958132288941,-60.657066542658,55.0,538.0,Municipio Rosario,Municipio,Rosario,820210,Servicio de Catastro e Información Territorial,IGN
2019,1963,2019-04-15,Lunes,,05:05:00,,0.0,2,"Automóvil,Automóvil",Santa Fe Y Vera Mujica,2,2,0,0,0,0,0,"-32.939928208882,-60.666535056457",Calle,,ROSARIO,Rosario,Asfalto,No existe,II,Dentro,Urbana,Semáforo,Funciona,Intersección,Bueno,Buena,"Nocturna,Con luz artificial",Buen Tiempo,Lateral,S/D,Colisión,Ninguna,"Horizontal,Vertical",Ninguna,Sin restricción,"-32.939928208882,-60.666535056457","['Santa Fe', 'Vera Mujíca']",2,,-32.939928208882,-60.666535056457,55.0,538.0,Municipio Rosario,Municipio,Rosario,820210,Servicio de Catastro e Información Territorial,IGN
2019,1965,2019-04-23,Martes,,22:30:00,,0.0,2,"Peatón,Taxi/Remis",1 de Mayo Y Av. Pellegrini,2,1,0,0,1,0,0,"-32.95886367559433,-60.632439851760",Avenida,,ROSARIO,Rosario,Asfalto,No existe,II,Dentro,Urbana,Ninguna,Funciona,Intersección,Bueno,Buena,Nocturna,Buen Tiempo,S/D,Peatón,Atropello,Ninguna,"Horizontal,Vertical",Cordón divisorio,Sin restricción,"-32.95886367559433,-60.632439851760","['Primero de Mayo', 'Pellegrini']",2,,-32.95886367559433,-60.63243985176,55.0,538.0,Municipio Rosario,Municipio,Rosario,820210,Servicio de Catastro e Información Territorial,IGN
2019,1967,2019-04-20,Sabado,,08:30:00,,0.0,2,"Moto/Ciclomotor,Moto/Ciclomotor",E.Zeballos Y Rodriguez,2,0,2,0,0,0,0,"-32.951316050761,-60.660889076271",Calle,,ROSARIO,Rosario,Asfalto,No existe,II,Dentro,Urbana,Ninguna,No existe,Intersección,Bueno,Buena,Diurna,Buen Tiempo,Lateral,S/D,Colisión,Ninguna,Faltante,Ninguna,Sin restricción,"-32.951316050761,-60.660889076271","['Zeballos', 'Rodríguez']",2,,-32.951316050761,-60.660889076271,55.0,538.0,Municipio Rosario,Municipio,Rosario,820210,Servicio de Catastro e Información Territorial,IGN
2019,1972,2019-06-10,Lunes,,18:20:00,,0.0,3,"Moto/Ciclomotor,Pickup/Utilitario,Pickup/Utilitario",L.N.Alem Y E.Zeballos,4,1,0,0,3,0,0,"-32.95696, -60.63052",Calle,,ROSARIO,Rosario,Asfalto,No existe,II,S/D,Urbana,Ninguna,No existe,Recta,Bueno,Buena,Atardecer,Buen Tiempo,Múltiple,S/D,Colisión,S/D,Vertical,Ninguna,Sin restricción,"-32.95696, -60.63052","['Alem', 'Zeballos']",2,,-32.95696,-60.63052,55.0,538.0,Municipio Rosario,Municipio,Rosario,820210,Servicio de Catastro e Información Territorial,IGN
2019,1973,2019-06-14,Viernes,,09:20:00,,0.0,2,"Moto/Ciclomotor,Automóvil",Mendoza Y Pueyrredon,2,1,0,0,1,0,0,"-32.94811, -60.65869",Calle,,ROSARIO,Rosario,Asfalto,S/D,II,S/D,Urbana,Semáforo,Funciona,Intersección,Bueno,Buena,Diurna,Buen Tiempo,S/D,S/D,Colisión,S/D,Vertical,Ninguna,Sin restricción,"-32.94811, -60.65869","['Mendoza', 'Pueyrredón']",2,,-32.94811,-60.65869,55.0,538.0,Municipio Rosario,Municipio,Rosario,820210,Servicio de Catastro e Información Territorial,IGN
2019,1974,2019-06-14,Viernes,,10:00:00,,0.0,2,"Automóvil,Moto/Ciclomotor",Necochea Y Cerrito,3,2,0,0,1,0,0,"-32.96439, -60.62804",Calle,,ROSARIO,Rosario,Asfalto,No existe,II,S/D,Urbana,Ninguna,No existe,Intersección,Bueno,Buena,Diurna,Buen Tiempo,S/D,S/D,Colisión,S/D,Vertical,Ninguna,Sin restricción,"-32.96439, -60.62804","['Necochea', 'Cerrito']",2,,-32.96439,-60.62804,55.0,538.0,Municipio Rosario,Municipio,Rosario,820210,Servicio de Catastro e Información Territorial,IGN
2019,1975,2019-06-14,Viernes,,22:00:00,,0.0,2,"Moto/Ciclomotor,Taxi/Remis",La Paz Y L.N.Alem,3,1,0,0,2,0,0,"-32.965921307441,-60.632766919179",Calle,,ROSARIO,Rosario,Asfalto,No existe,II,S/D,Urbana,Señal Pare,No existe,Intersección,Bueno,Buena,Nocturna,Buen Tiempo,S/D,S/D,Colisión,S/D,Vertical,Ninguna,Sin restricción,"-32.965921307441,-60.632766919179","['La Paz', 'Alem']",2,,-32.965921307441,-60.632766919179,55.0,538.0,Municipio Rosario,Municipio,Rosario,820210,Servicio de Catastro e Información Territorial,IGN
2019,1976,2019-06-15,Sabado,,18:35:00,,0.0,2,"Automóvil,Moto/Ciclomotor",3 De Febrero Y San Nicolas,3,0,2,0,1,0,0,"-32.946659539356,-60.673916384658",Calle,,ROSARIO,Rosario,Asfalto,No existe,II,S/D,Urbana,Ninguna,No existe,Recta,Bueno,Buena,Diurna,Lluvia,S/D,S/D,Colisión,S/D,Vertical,Ninguna,Sin restricción,"-32.946659539356,-60.673916384658","['3 de Febrero', 'San Nicolás']",2,,-32.946659539356,-60.673916384658,55.0,538.0,Municipio Rosario,Municipio,Rosario,820210,Servicio de Catastro e Información Territorial,IGN
2019,1984,2019-04-17,Miercoles,,,,0.0,2,"Moto/Ciclomotor,Automóvil",San Luis Y Alsina,2,1,0,0,1,0,0,"-32.942181189751,-60.677049755881",Calle,,ROSARIO,Rosario,Asfalto,No existe,II,Dentro,Urbana,Señal Pare,No existe,Intersección,Bueno,Buena,Diurna,Buen Tiempo,Lateral,S/D,Colisión,Ninguna,Vertical,Ninguna,Sin restricción,"-32.942181189751,-60.677049755881","['San Luis', 'Alsina']",2,,-32.942181189751,-60.677049755881,55.0,538.0,Municipio Rosario,Municipio,Rosario,820210,Servicio de Catastro e Información Territorial,IGN