anio_acci,nro_acci,fecha,desc_dia,fecha_aprox,hora_aprox,desc_ruta,km,cant_participantes,desc_participante,calle_avenida_km,total,heridos_leves,heridos_graves,heridos_gravisimos,ilesos,fallecidos,sin_datos,posicion_XY,desc_tipo_via,desc_ruta_ori,desc_loc,desc_dpto,desc_tipo_calzada,desc_tipo_banquina,desc_unidad_regional,desc_lugar_calzada,desc_zona,desc_prioridad,desc_estado_semaforo,desc_lugar_via,desc_estado_via,desc_estado_visibilidad,desc_luminosidad,desc_estado_clima,desc_tipo_colision,desc_tipo_atropello,desc_tipo_hecho,desc_pres_calzada,desc_senializacion,desc_separacion_via,desc_restriccion,forma_geocod,calle_lista,numero_calles,calles_osm,lat,lon,index_right,gid,fna,gna,nam,in1,fdc,sag
2019,1985,2019-04-21,Domingo,,03:10:00,,0.0,2,"Taxi/Remis,Automóvil",San Lorenzo Y Mariano Moreno,3,1,0,0,2,0,0,"-32.941913264553,-60.650009524616",Calle,,ROSARIO,Rosario,Asfalto,No existe,II,Dentro,Urbana,Paso Peatonal,No existe,Intersección,Bueno,Buena,"Nocturna,Con luz artificial",Buen Tiempo,Lateral,S/D,Colisión,Ninguna,Horizontal,Ninguna,Sin restricción,"-32.941913264553,-60.650009524616","['San Lorenzo', 'Mariano Moreno']",2,,-32.941913264553,-60.650009524616,55.0,538.0,Municipio Rosario,Municipio,Rosario,820210,Servicio de Catastro e Información Territorial,IGN
2019,1986,2019-04-23,Martes,,10:30:00,,0.0,2,"Moto/Ciclomotor,Automóvil",Av. Pellegrini Y Paraguay,2,1,0,0,1,0,0,"-32.956213047155,-60.646449660331",Avenida,,ROSARIO,Rosario,Asfalto,No existe,II,Dentro,Urbana,Semáforo,Funciona,Intersección,Bueno,Buena,Diurna,Buen Tiempo,Lateral,S/D,Colisión,Ninguna,"Horizontal,Vertical",Cordón divisorio,Sin restricción,"-32.956213047155,-60.646449660331","['Pellegrini', 'Paraguay']",2,,-32.956213047155,-60.646449660331,55.0,538.0,Municipio Rosario,Municipio,Rosario,820210,Servicio de Catastro e Información Territorial,IGN
2019,1987,2019-04-19,Viernes,,02:20:00,,0.0,2,"Automóvil,Moto/Ciclomotor",Callao Y Rioja,2,1,0,0,1,0,0,"-32.943648954538,-60.66036258734",Calle,,ROSARIO,Rosario,Asfalto,No existe,II,Dentro,Urbana,Semáforo,No existe,Intersección,Bueno,Buena,Diurna,Buen Tiempo,Lateral,S/D,Colisión,Ninguna,"Horizontal,Vertical",Ninguna,Sin restricción,"-32.943648954538,-60.66036258734","['Callao', 'Rioja']",2,,-32.943648954538,-60.66036258734,55.0,538.0,Municipio Rosario,Municipio,Rosario,820210,Servicio de Catastro e Información Territorial,IGN
2019,1988,2019-04-21,Domingo,,13:15:00,,0.0,2,"Automóvil,Moto/Ciclomotor",Lima Y Mendoza,2,0,1,0,1,0,0,"-32.943472659147,-60.684492592575",Calle,,ROSARIO,Rosario,Asfalto,No existe,II,Dentro,Urbana,Semáforo,Funciona,Intersección,Bueno,Buena,Diurna,Buen Tiempo,Lateral,S/D,Colisión,Ninguna,"Horizontal,Vertical",Ninguna,Sin restricción,"-32.943472659147,-60.684492592575","['Lima', 'Mendoza']",2,,-32.943472659147,-60.684492592575,55.0,538.0,Municipio Rosario,Municipio,Rosario,820210,Servicio de Catastro e Información Territorial,IGN
2019,1989,2019-04-06,Sabado,,01:10:00,,0.0,2,"Moto/Ciclomotor,Automóvil",Salta Y Santiago,3,1,0,0,2,0,0,"-32.93625189981,-60.654244495899",Calle,,ROSARIO,Rosario,Asfalto,No existe,II,Dentro,Urbana,Semáforo,Funciona,Recta,Bueno,Buena,Nocturna,Buen Tiempo,Otro,S/D,Colisión,Ninguna,"Horizontal,Vertical",Ninguna,Sin restricción,"-32.93625189981,-60.654244495899","['Salta', 'Santiago']",2,,-32.93625189981,-60.654244495899,55.0,538.0,Municipio Rosario,Municipio,Rosario,820210,Servicio de Catastro e Información Territorial,IGN
2019,1990,2019-04-05,Viernes,,00:15:00,,0.0,2,"Automóvil,Moto/Ciclomotor",San Juan Y Bv. Avellaneda,2,1,0,0,1,0,0,"-32.942828885117,-60.67996595428",Avenida,,ROSARIO,Rosario,Asfalto,No existe,II,Dentro,Urbana,Semáforo,Funciona,Recta,Bueno,Buena,Nocturna,Buen Tiempo,Otro,S/D,Colisión,Ninguna,"Horizontal,Vertical",Ninguna,Sin restricción,"-32.942828885117,-60.67996595428","['San Juan', 'Avellaneda']",2,,-32.942828885117,-60.67996595428,55.0,538.0,Municipio Rosario,Municipio,Rosario,820210,Servicio de Catastro e Información Territorial,IGN
2019,1991,2019-04-04,Jueves,,19:20:00,,0.0,2,"Automóvil,Peatón",Catamarca Y Mariano Moreno,3,2,0,0,1,0,0,"-32.938377864279,-60.649121924323",Calle,,ROSARIO,Rosario,Asfalto,No existe,II,Dentro,Urbana,Paso Peatonal,No existe,Recta,Bueno,Buena,Diurna,Buen Tiempo,S/D,Peatón,Atropello,Ninguna,Horizontal,Ninguna,Sin restricción,"-32.938377864279,-60.649121924323","['Catamarca', 'Mariano Moreno']",2,,-32.938377864279,-60.649121924323,55.0,538.0,Municipio Rosario,Municipio,Rosario,820210,Servicio de Catastro e Información Territorial,IGN
2019,1992,2019-04-04,Jueves,,15:22:00,,0.0,2,"Moto/Ciclomotor,Peatón",Bv. Oroño Y Cordoba,2,1,0,0,1,0,0,"-32.94373134575,-60.653179113236",Avenida,,ROSARIO,Rosario,Asfalto,No existe,II,Dentro,Urbana,Semáforo,Funciona,Recta,Bueno,Buena,Diurna,Buen Tiempo,S/D,Peatón,Atropello,Ninguna,"Horizontal,Vertical",Cordón divisorio,Sin restricción,"-32.94373134575,-60.653179113236","['Bulevar Nicasio Oroño', 'Córdoba']",2,,-32.94373134575,-60.653179113236,55.0,538.0,Municipio Rosario,Municipio,Rosario,820210,Servicio de Catastro e Información Territorial,IGN
2019,1993,2019-04-16,Martes,,09:20:00,,0.0,2,"Peatón,Automóvil",E.Zeballos Y Mitre,2,1,0,0,1,0,0,"-32.954745634004,-60.641702781909",Calle,,ROSARIO,Rosario,Asfalto,No existe,II,Dentro,Urbana,Señal Pare,No existe,Recta,Bueno,Buena,Diurna,Buen Tiempo,S/D,Peatón,Atropello,Ninguna,"Horizontal,Vertical",Ninguna,Sin restricción,"-32.954745634004,-60.641702781909","['Zeballos', 'Mitre']",2,,-32.954745634004,-60.641702781909,55.0,538.0,Municipio Rosario,Municipio,Rosario,820210,Servicio de Catastro e Información Territorial,IGN
2019,1994,2019-04-24,Miercoles,,10:35:00,,0.0,2,"Moto/Ciclomotor,Automóvil",Gutenberg Y San Luis,2,1,0,0,1,0,0,"-32.940219319605,-60.687935700769",Calle,,ROSARIO,Rosario,Asfalto,No existe,II,Dentro,Urbana,Ninguna,No existe,Intersección,Bueno,Buena,Diurna,Buen Tiempo,Otro,S/D,Colisión,Ninguna,Faltante,Ninguna,Sin restricción,"-32.940219319605,-60.687935700769","['Gutenberg', 'San Luis']",2,,-32.940219319605,-60.687935700769,55.0,538.0,Municipio Rosario,Municipio,Rosario,820210,Servicio de Catastro e Información Territorial,IGN
2019,1995,2019-04-29,Lunes,,10:50:00,,0.0,1,Bicicleta,Salta Y Crespo,1,0,1,0,0,0,0,"-32.934056384549,-60.666472621037",Calle,,ROSARIO,Rosario,Asfalto,No existe,II,Dentro,Urbana,Semáforo,Funciona,Recta,Bueno,Buena,Diurna,Buen Tiempo,S/D,S/D,Caída ocupante,Ninguna,"Horizontal,Vertical",Ninguna,Sin restricción,"-32.934056384549,-60.666472621037","['Salta', 'Crespo']",2,,-32.934056384549,-60.666472621037,55.0,538.0,Municipio Rosario,Municipio,Rosario,820210,Servicio de Catastro e Información Territorial,IGN
2019,1996,2019-04-29,Lunes,,09:10:00,,0.0,2,"Moto/Ciclomotor,Taxi/Remis",Av. Pellegrini Y Mariano Moreno,2,1,0,0,1,0,0,"-32.95499314906,-60.653286968564",Avenida,,ROSARIO,Rosario,Asfalto,No existe,II,Dentro,Urbana,Semáforo,Funciona,Intersección,Bueno,Buena,Diurna,Buen Tiempo,Lateral,S/D,Colisión,Ninguna,"Horizontal,Vertical",Ninguna,Sin restricción,"-32.95499314906,-60.653286968564","['Pellegrini', 'Mariano Moreno']",2,,-32.95499314906,-60.653286968564,55.0,538.0,Municipio Rosario,Municipio,Rosario,820210,Servicio de Catastro e Información Territorial,IGN
2019,1997,2019-04-15,Lunes,,13:00:00,,0.0,2,"Automóvil,Automóvil",Tucuman Y San Nicolas,3,1,0,0,2,0,0,"-32.935672948209,-60.671143890302",Calle,,ROSARIO,Rosario,Asfalto,No existe,II,Dentro,Urbana,Señal Pare,No existe,Intersección,Bueno,Buena,Diurna,Buen Tiempo,Lateral,S/D,Colisión,Ninguna,Vertical,Ninguna,Sin restricción,"-32.935672948209,-60.671143890302","['Tucumán', 'San Nicolás']",2,,-32.935672948209,-60.671143890302,55.0,538.0,Municipio Rosario,Municipio,Rosario,820210,Servicio de Catastro e Información Territorial,IGN
2019,1998,2019-04-13,Sabado,,22:30:00,,0.0,2,"Moto/Ciclomotor,Automóvil",Brown Y Dorrego,2,1,0,0,1,0,0,"-32.935130192083,-60.646873958085",Calle,,ROSARIO,Rosario,Asfalto,No existe,II,Dentro,Urbana,Señal Pare,No existe,Intersección,Bueno,Buena,"Nocturna,Con luz artificial",Buen Tiempo,Lateral,S/D,Colisión,Ninguna,"Horizontal,Vertical",Ninguna,Sin restricción,"-32.935130192083,-60.646873958085","['Brown', 'Dorrego']",2,,-32.935130192083,-60.646873958085,55.0,538.0,Municipio Rosario,Municipio,Rosario,820210,Servicio de Catastro e Información Territorial,IGN
2019,1999,2019-04-16,Martes,,17:20:00,,0.0,2,"Bicicleta,Automóvil",Av. Francia Y San Juan,2,0,1,0,1,0,0,"-32.945237110795,-60.666565693148",Avenida,,ROSARIO,Rosario,Asfalto,No existe,II,Dentro,Urbana,Semáforo,Funciona,Intersección,Bueno,Buena,Diurna,Buen Tiempo,S/D,Ciclista,Atropello,Ninguna,"Horizontal,Vertical",Cordón divisorio,Sin restricción,"-32.945237110795,-60.666565693148","['Avenida Francia', 'San Juan']",2,,-32.945237110795,-60.666565693148,55.0,538.0,Municipio Rosario,Municipio,Rosario,820210,Servicio de Catastro e Información Territorial,IGN
2019,2000,2019-04-10,Miercoles,,15:15:00,,0.0,2,"Peatón,Transporte de Pasajeros Urbano (> 8 asientos)",San Luis 2000,2,1,0,0,1,0,0,"-32.946807303286,-60.651238449236",Calle,,ROSARIO,Rosario,Asfalto,No existe,II,Dentro,Urbana,Señal Pare,No existe,Intersección,Bueno,Buena,Diurna,Buen Tiempo,S/D,Peatón,Atropello,Ninguna,"Horizontal,Vertical",Ninguna,Sin restricción,"-32.946807303286,-60.651238449236",['San Luis 2000'],1,,-32.946807303286,-60.651238449236,55.0,538.0,Municipio Rosario,Municipio,Rosario,820210,Servicio de Catastro e Información Territorial,IGN
2019,2006,2019-06-10,Lunes,,23:30:00,,0.0,2,"Moto/Ciclomotor,Moto/Ciclomotor",Rep.Dominicana Y Pje. Alemania,2,2,0,0,0,0,0,"-32.92772,-60.68989",Calle,,ROSARIO,Rosario,Asfalto,S/D,II,S/D,Urbana,S/D,S/D,Intersección,S/D,S/D,S/D,S/D,S/D,S/D,Colisión,S/D,S/D,S/D,S/D,"-32.92772,-60.68989","['República Dominicana', 'Alemania']",2,,-32.92772,-60.68989,55.0,538.0,Municipio Rosario,Municipio,Rosario,820210,Servicio de Catastro e Información Territorial,IGN
2019,2007,2019-06-08,Sabado,,23:20:00,,0.0,2,"Moto/Ciclomotor,Pickup/Utilitario",Bolivia Y J.B.Justo,2,1,0,0,1,0,0,"-32.91503, -60.71574",Calle,,ROSARIO,Rosario,Asfalto,S/D,II,S/D,Urbana,S/D,S/D,Intersección,S/D,S/D,S/D,S/D,S/D,S/D,Colisión,S/D,S/D,S/D,S/D,"-32.91503, -60.71574","['Bolivia', 'Justo']",2,,-32.91503,-60.71574,55.0,538.0,Municipio Rosario,Municipio,Rosario,820210,Servicio de Catastro e Información Territorial,IGN
2019,2017,2019-03-07,Jueves,,15:50:00,,0.0,2,"Automóvil,Moto/Ciclomotor",Entre Rios Y 3 De Febrero,2,1,0,0,1,0,0,"-32.95232, -60.64256",S/D,,ROSARIO,Rosario,S/D,S/D,II,S/D,S/D,S/D,S/D,S/D,S/D,S/D,S/D,S/D,S/D,S/D,S/D,S/D,S/D,S/D,S/D,"-32.95232, -60.64256","['Entre Ríos', '3 de Febrero']",2,,-32.95232,-60.64256,55.0,538.0,Municipio Rosario,Municipio,Rosario,820210,Servicio de Catastro e Información Territorial,IGN
2019,2022,2019-04-05,Viernes,,16:00:00,,0.0,2,"Moto/Ciclomotor,Automóvil",Suipacha Y Mendoza,2,1,0,0,1,0,0,"-32.946896200727,-60.665459460613",Calle,,ROSARIO,Rosario,Asfalto,No existe,II,Dentro,Urbana,Semáforo,Funciona,Intersección,Bueno,Buena,Diurna,Buen Tiempo,Frontal,S/D,Colisión,Ninguna,"Horizontal,Vertical",Ninguna,Sin restricción,"-32.946896200727,-60.665459460613","['Suipacha', 'Mendoza']",2,,-32.946896200727,-60.665459460613,55.0,538.0,Municipio Rosario,Municipio,Rosario,820210,Servicio de Catastro e Información Territorial,IGN
2019,2024,2019-04-01,Lunes,,17:15:00,,0.0,1,Moto/Ciclomotor,San Lorenzo Y Bv. Avellaneda,1,1,0,0,0,0,0,"-32.936815021499,-60.678451726942",Avenida,,ROSARIO,Rosario,Asfalto,No existe,II,Dentro,Urbana,Semáforo,Funciona,Intersección,Bueno,Buena,Diurna,Buen Tiempo,Contra objeto fijo,S/D,Colisión,Ninguna,"Horizontal,Vertical",Cordón divisorio,Sin restricción,"-32.936815021499,-60.678451726942","['San Lorenzo', 'Avellaneda']",2,,-32.936815021499,-60.678451726942,55.0,538.0,Municipio Rosario,Municipio,Rosario,820210,Servicio de Catastro e Información Territorial,IGN
2019,2026,2019-04-01,Lunes,,10:45:00,,0.0,2,"Automóvil,Moto/Ciclomotor",Urquiza Y Castellanos,2,0,1,0,1,0,0,"-32.936349463898,-60.674159064374",Calle,,ROSARIO,Rosario,Asfalto,No existe,II,Dentro,Urbana,Señal Pare,No existe,Intersección,Bueno,Buena,Diurna,Buen Tiempo,Lateral,S/D,Colisión,Ninguna,Vertical,Ninguna,Sin restricción,"-32.936349463898,-60.674159064374","['Urquiza', 'Aaron Castellanos']",2,,-32.936349463898,-60.674159064374,55.0,538.0,Municipio Rosario,Municipio,Rosario,820210,Servicio de Catastro e Información Territorial,IGN
2019,2028,2019-04-03,Miercoles,,15:15:00,,0.0,2,"Automóvil,Bicicleta",Iriondo Y Montevideo,2,1,0,0,1,0,0,"-32.950512043789,-60.672044068618",Calle,,ROSARIO,Rosario,Asfalto,No existe,II,Dentro,Urbana,Señal Pare,No existe,Intersección,Bueno,Buena,Diurna,Buen Tiempo,S/D,Ciclista,Atropello,Ninguna,Vertical,Ninguna,Sin restricción,"-32.950512043789,-60.672044068618","['Iriondo', 'Montevideo']",2,,-32.950512043789,-60.672044068618,55.0,538.0,Municipio Rosario,Municipio,Rosario,820210,Servicio de Catastro e Información Territorial,IGN
2019,2030,2019-04-03,Miercoles,,18:30:00,,0.0,2,"Peatón,Moto/Ciclomotor",Entre Rios Y E.Zeballos,2,2,0,0,0,0,0,"-32.954490778799,-60.643114468912",Calle,,ROSARIO,Rosario,Asfalto,No existe,II,Dentro,Urbana,Semáforo,Funciona,Intersección,Bueno,Buena,Diurna,Buen Tiempo,S/D,Peatón,Atropello,Ninguna,"Horizontal,Vertical",Ninguna,Sin restricción,"-32.954490778799,-60.643114468912","['Entre Ríos', 'Zeballos']",2,,-32.954490778799,-60.643114468912,55.0,538.0,Municipio Rosario,Municipio,Rosario,820210,Servicio de Catastro e Información Territorial,IGN
2019,2032,2019-04-06,Sabado,,09:35:00,,0.0,2,"Pickup/Utilitario,Moto/Ciclomotor",Rio De Janeiro Y Montevideo,3,1,0,0,2,0,0,"-32.948549196547,-60.682923546221",Calle,,ROSARIO,Rosario,Asfalto,No existe,II,Dentro,Urbana,Señal Pare,No existe,Recta,Bueno,S/D,Diurna,Buen Tiempo,Otro,S/D,Colisión,Ninguna,Vertical,Ninguna,Sin restricción,"-32.948549196547,-60.682923546221","['Río de Janeiro', 'Montevideo']",2,,-32.948549196547,-60.682923546221,55.0,538.0,Municipio Rosario,Municipio,Rosario,820210,Servicio de Catastro e Información Territorial,IGN
2019,2034,2019-04-11,Jueves,,01:20:00,,0.0,2,"Automóvil,Moto/Ciclomotor",Av. Pellegrini Y Entre Rios,2,1,0,0,1,0,0,"-32.956709075333,-60.643668389624",Avenida,,ROSARIO,Rosario,Asfalto,No existe,II,Dentro,Urbana,Semáforo,Funciona,Recta,Bueno,Buena,Nocturna,Buen Tiempo,Otro,S/D,Colisión,Ninguna,"Horizontal,Vertical",Ninguna,Sin restricción,"-32.956709075333,-60.643668389624","['Pellegrini', 'Entre Ríos']",2,,-32.956709075333,-60.643668389624,55.0,538.0,Municipio Rosario,Municipio,Rosario,820210,Servicio de Catastro e Información Territorial,IGN
2019,2036,2019-04-04,Jueves,,09:50:00,,0.0,2,"Automóvil,Peatón",L.N.Alem 1700,2,1,0,0,1,0,0,"-32.959113512222,-60.631054412325",Calle,,ROSARIO,Rosario,Asfalto,No existe,II,Dentro,Urbana,Semáforo,Funciona,Recta,Bueno,Buena,Diurna,Buen Tiempo,S/D,Peatón,Atropello,Ninguna,"Horizontal,Vertical",Cordón divisorio,Sin restricción,"-32.959113512222,-60.631054412325",['L N Alem 1700'],1,,-32.959113512222,-60.631054412325,55.0,538.0,Municipio Rosario,Municipio,Rosario,820210,Servicio de Catastro e Información Territorial,IGN
2019,2037,2019-04-09,Martes,,20:30:00,,0.0,2,"Bicicleta,Automóvil",Entre Rios Y Pasco,2,1,0,0,1,0,0,"-32.959067636395,-60.644263143374",Calle,,ROSARIO,Rosario,Asfalto,No existe,II,Dentro,Urbana,Señal Pare,No existe,Intersección,Bueno,Buena,"Nocturna,Con luz artificial",Buen Tiempo,S/D,Ciclista,Atropello,Ninguna,Vertical,Ninguna,Sin restricción,"-32.959067636395,-60.644263143374","['Entre Ríos', 'Pasco']",2,,-32.959067636395,-60.644263143374,55.0,538.0,Municipio Rosario,Municipio,Rosario,820210,Servicio de Catastro e Información Territorial,IGN
2019,2039,2019-04-08,Lunes,,15:00:00,,0.0,1,Transporte de Pasajeros Urbano (> 8 asientos),Santa Fe Y San Martin,2,1,0,0,1,0,0,"-32.94561746714,-60.636453909033",Calle,,ROSARIO,Rosario,Asfalto,No existe,II,Dentro,Urbana,Paso Peatonal,No existe,Intersección,Bueno,Buena,Diurna,Buen Tiempo,S/D,S/D,Caída ocupante,Ninguna,Horizontal,Ninguna,Sin restricción,"-32.94561746714,-60.636453909033","['Santa Fe', 'San Martin']",2,,-32.94561746714,-60.636453909033,55.0,538.0,Municipio Rosario,Municipio,Rosario,820210,Servicio de Catastro e Información Territorial,IGN
2019,2042,2019-04-09,Martes,,13:30:00,,0.0,2,"Automóvil,Peatón",Viamonte 500,2,1,0,0,1,0,0,"-32.96675205230715,-60.634639263153",Calle,,ROSARIO,Rosario,Asfalto,No existe,II,Dentro,Urbana,Ninguna,No existe,Intersección,Bueno,Buena,Diurna,Buen Tiempo,S/D,Peatón,Atropello,Ninguna,Faltante,Ninguna,Sin restricción,"-32.96675205230715,-60.634639263153",['Viamonte 500'],1,,-32.96675205230715,-60.634639263153,55.0,538.0,Municipio Rosario,Municipio,Rosario,820210,Servicio de Catastro e Información Territorial,IGN
2019,2044,2019-04-08,Lunes,,09:00:00,,0.0,2,"Bicicleta,Automóvil",Ocampo Y Buenos Aires,2,1,0,0,1,0,0,"-32.967428868706,-60.637733389675",Calle,,ROSARIO,Rosario,Asfalto,No existe,II,Dentro,Urbana,Señal Pare,No existe,Intersección,Bueno,Buena,Diurna,Buen Tiempo,S/D,Ciclista,Atropello,Ninguna,Vertical,Ninguna,Sin restricción,"-32.967428868706,-60.637733389675","['Ocampo', 'Buenos Aires']",2,,-32.967428868706,-60.637733389675,55.0,538.0,Municipio Rosario,Municipio,Rosario,820210,Servicio de Catastro e Información Territorial,IGN
2019,2045,2019-04-08,Lunes,,14:30:00,,0.0,2,"Bicicleta,Transporte de Pasajeros Urbano (> 8 asientos)",Bv. Avellaneda Y Av. Pellegrini,2,1,0,0,1,0,0,"-32.949999037977,-60.681987188433",Avenida,,ROSARIO,Rosario,Asfalto,No existe,II,Dentro,Urbana,Semáforo,Funciona,Intersección,Bueno,Buena,Diurna,Buen Tiempo,S/D,Ciclista,Atropello,Ninguna,"Horizontal,Vertical",Cordón divisorio,Sin restricción,"-32.949999037977,-60.681987188433","['Avellaneda', 'Pellegrini']",2,,-32.949999037977,-60.681987188433,55.0,538.0,Municipio Rosario,Municipio,Rosario,820210,Servicio de Catastro e Información Territorial,IGN
2019,2046,2019-04-08,Lunes,,08:20:00,,0.0,2,"Moto/Ciclomotor,Automóvil",Bv. Oroño Y Cochabamba,2,1,0,0,1,0,0,"-32.955598481272,-60.656168029535",Avenida,,ROSARIO,Rosario,Asfalto,No existe,II,Dentro,Urbana,Señal Ceda el Paso,No existe,Intersección,Bueno,Buena,Diurna,Buen Tiempo,Lateral,S/D,Colisión,Ninguna,Vertical,Línea divisoria pintada,Sin restricción,"-32.955598481272,-60.656168029535","['Bulevar Nicasio Oroño', 'Cochabamba']",2,,-32.955598481272,-60.656168029535,55.0,538.0,Municipio Rosario,Municipio,Rosario,820210,Servicio de Catastro e Información Territorial,IGN
2019,2049,2019-04-11,Jueves,,11:40:00,,0.0,2,"Automóvil,Moto/Ciclomotor",Viamonte Y Laprida,3,2,0,0,1,0,0,"-32.96600341187,-60.638990750336",Calle,,ROSARIO,Rosario,Asfalto,No existe,II,Dentro,Urbana,Ninguna,No existe,Intersección,Bueno,Buena,Diurna,Buen Tiempo,Otro,S/D,Colisión,Ninguna,Faltante,Ninguna,Sin restricción,"-32.96600341187,-60.638990750336","['Viamonte', 'Laprida']",2,,-32.96600341187,-60.638990750336,55.0,538.0,Municipio Rosario,Municipio,Rosario,820210,Servicio de Catastro e Información Territorial,IGN
2019,2051,2019-04-12,Viernes,,04:30:00,,0.0,2,"Moto/Ciclomotor,Automóvil",Bv. 27 De Febrero Y Colon,2,1,0,0,1,0,0,"-32.969917199535,-60.630875682179",Avenida,,ROSARIO,Rosario,Asfalto,No existe,II,Dentro,Urbana,Semáforo,Funciona,Intersección,Bueno,Buena,"Nocturna,Con luz artificial",Buen Tiempo,Otro,S/D,Colisión,Ninguna,"Horizontal,Vertical",Cordón divisorio,Sin restricción,"-32.969917199535,-60.630875682179","['27 de Febrero', 'Colon']",2,,-32.969917199535,-60.630875682179,55.0,538.0,Municipio Rosario,Municipio,Rosario,820210,Servicio de Catastro e Información Territorial,IGN
2019,2053,2019-04-28,Domingo,,00:00:00,,0.0,2,"Automóvil,Bicicleta",Mitre Y Pasco,2,1,0,0,1,0,0,"-32.959320254488,-60.642850729327",Calle,,ROSARIO,Rosario,Asfalto,No existe,II,Dentro,Urbana,Ninguna,No existe,Intersección,Bueno,Buena,Nocturna,Buen Tiempo,S/D,Ciclista,Atropello,Ninguna,Faltante,Ninguna,Sin restricción,"-32.959320254488,-60.642850729327","['Mitre', 'Pasco']",2,,-32.959320254488,-60.642850729327,55.0,538.0,Municipio Rosario,Municipio,Rosario,820210,Servicio de Catastro e Información Territorial,IGN
2019,2054,2019-06-12,Miercoles,,07:00:00,,0.0,2,"Automóvil,Bicicleta",Sanchez de Loria Y Benegas,4,1,0,0,3,0,0,"-32.93096, -60.73205",Calle,,ROSARIO,Rosario,Asfalto,S/D,II,Dentro,Urbana,Ninguna,S/D,Intersección,Bueno,Buena,Diurna,Buen Tiempo,S/D,Ciclista,Atropello,Ninguna,S/D,Ninguna,Sin restricción,"-32.93096, -60.73205","['Sánchez de Loria', 'Benegas']",2,,-32.93096,-60.73205,55.0,538.0,Municipio Rosario,Municipio,Rosario,820210,Servicio de Catastro e Información Territorial,IGN
2019,2056,2019-06-13,Jueves,,10:00:00,,0.0,1,Moto/Ciclomotor,La Republica Y J.Colombres Bis,2,2,0,0,0,0,0,"-32.91908, -60.7303",Calle,,ROSARIO,Rosario,Asfalto,S/D,II,Dentro,Urbana,Ninguna,S/D,Intersección,Bueno,S/D,S/D,Buen Tiempo,S/D,S/D,Caída ocupante,Ninguna,S/D,Ninguna,Sin restricción,"-32.91908, -60.7303","['La República', 'José Colombres']",2,,-32.91908,-60.7303,55.0,538.0,Municipio Rosario,Municipio,Rosario,820210,Servicio de Catastro e Información Territorial,IGN
2019,2058,2019-06-10,Lunes,,08:00:00,,0.0,2,"Automóvil,Automóvil",Jose Ingenieros Y Ottone Bis,2,1,0,0,1,0,0,"-32.91673, -60.70097",Avenida,,ROSARIO,Rosario,Asfalto,S/D,II,S/D,Urbana,S/D,S/D,Intersección,S/D,S/D,S/D,S/D,S/D,S/D,Colisión,S/D,S/D,S/D,S/D,"-32.91673, -60.70097","['José Ingenieros', 'Ottone']",2,,-32.91673,-60.70097,55.0,538.0,Municipio Rosario,Municipio,Rosario,820210,Servicio de Catastro e Información Territorial,IGN
2019,2064,2019-01-01,Martes,,05:30:00,,0.0,2,"Moto/Ciclomotor,Otros",Barra Y Cerrito,2,0,1,0,1,0,0,"-32.95325, -60.70632",S/D,,ROSARIO,Rosario,S/D,S/D,II,S/D,S/D,S/D,S/D,S/D,S/D,S/D,S/D,S/D,S/D,S/D,S/D,S/D,S/D,S/D,S/D,"-32.95325, -60.70632","['Barra', 'Cerrito']",2,,-32.95325,-60.70632,55.0,538.0,Municipio Rosario,Municipio,Rosario,820210,Servicio de Catastro e Información Territorial,IGN
2019,2065,2019-01-06,Domingo,,01:15:00,,0.0,2,"Peatón,Otros",Centeno Y Ayacucho,2,0,1,0,1,0,0,"-32.98693, -60.63635",S/D,,ROSARIO,Rosario,S/D,S/D,II,S/D,S/D,S/D,S/D,S/D,S/D,S/D,S/D,S/D,S/D,Peatón,Atropello,S/D,S/D,S/D,S/D,"-32.98693, -60.63635","['Centeno', 'Ayacucho']",2,,-32.98693,-60.63635,55.0,538.0,Municipio Rosario,Municipio,Rosario,820210,Servicio de Catastro e Información Territorial,IGN
2019,2071,2019-03-03,Domingo,,20:30:00,,0.0,2,"Bicicleta,Otros",Cochabamba ,2,0,1,0,1,0,0,"-32.95875, -60.63966",S/D,,ROSARIO,Rosario,S/D,S/D,II,S/D,S/D,S/D,S/D,S/D,S/D,S/D,S/D,S/D,S/D,Ciclista,Atropello,S/D,S/D,S/D,S/D,"-32.95875, -60.63966",['Cochabamba'],1,,-32.95875,-60.63966,55.0,538.0,Municipio Rosario,Municipio,Rosario,820210,Servicio de Catastro e Información Territorial,IGN