anio_acci,nro_acci,fecha,desc_dia,fecha_aprox,hora_aprox,desc_ruta,km,cant_participantes,desc_participante,calle_avenida_km,total,heridos_leves,heridos_graves,heridos_gravisimos,ilesos,fallecidos,sin_datos,posicion_XY,desc_tipo_via,desc_ruta_ori,desc_loc,desc_dpto,desc_tipo_calzada,desc_tipo_banquina,desc_unidad_regional,desc_lugar_calzada,desc_zona,desc_prioridad,desc_estado_semaforo,desc_lugar_via,desc_estado_via,desc_estado_visibilidad,desc_luminosidad,desc_estado_clima,desc_tipo_colision,desc_tipo_atropello,desc_tipo_hecho,desc_pres_calzada,desc_senializacion,desc_separacion_via,desc_restriccion,forma_geocod,calle_lista,numero_calles,calles_osm,lat,lon,index_right,gid,fna,gna,nam,in1,fdc,sag
2019,2073,2019-03-03,Domingo,,05:00:00,,0.0,2,"Moto/Ciclomotor,Otros",Derqui Y Angel Carranza,2,1,0,0,1,0,0,"-32.93856, -60.7286",S/D,,ROSARIO,Rosario,S/D,S/D,II,S/D,S/D,S/D,S/D,S/D,S/D,S/D,S/D,S/D,S/D,S/D,S/D,S/D,S/D,S/D,S/D,"-32.93856, -60.7286","['Derqui', 'Ángel Carranza']",2,,-32.93856,-60.7286,55.0,538.0,Municipio Rosario,Municipio,Rosario,820210,Servicio de Catastro e Información Territorial,IGN
2019,2076,2019-06-13,Jueves,,13:25:00,,0.0,2,"Bicicleta,Automóvil",Av. Pte.Peron Y Bv. 27 De Febrero,2,1,0,0,1,0,0,"-32.95862, -60.69195",Avenida,,ROSARIO,Rosario,Asfalto,Pavimento,II,Dentro,Urbana,Semáforo,Funciona,Cruce,Bueno,Buena,Diurna,Buen Tiempo,S/D,Ciclista,Atropello,Ninguna,S/D,Barrera de hormigón,Sin restricción,"-32.95862, -60.69195","['Avenida Presidente Perón', '27 de Febrero']",2,,-32.95862,-60.69195,55.0,538.0,Municipio Rosario,Municipio,Rosario,820210,Servicio de Catastro e Información Territorial,IGN
2019,2078,2019-06-09,Domingo,,23:30:00,,0.0,2,"Automóvil,Bicicleta",Rivarola Y C.Larralde,2,0,1,0,1,0,0,"-32.96622, -60.72601",Avenida,,ROSARIO,Rosario,Asfalto,Pavimento,II,Dentro,Urbana,Ninguna,No existe,Recta,Bueno,Buena,Nocturna,Buen Tiempo,S/D,Ciclista,Atropello,Ninguna,Faltante,Barrera de hormigón,Sin restricción,"-32.96622, -60.72601","['Rivarola', 'Larralde']",2,,-32.96622,-60.72601,55.0,538.0,Municipio Rosario,Municipio,Rosario,820210,Servicio de Catastro e Información Territorial,IGN
2019,2079,2019-06-08,Sabado,,11:30:00,,0.0,2,"Peatón,Automóvil",6 De Diciembre Y Ecuador,2,0,1,0,1,0,0,"-32.954, -60.7144",Calle,,ROSARIO,Rosario,Asfalto,No existe,II,S/D,Urbana,Ninguna,No existe,Intersección,Bueno,Buena,Diurna,Buen Tiempo,S/D,Peatón,Atropello,Ninguna,Faltante,Ninguna,Sin restricción,"-32.954, -60.7144","['6 de Diciembre', 'Ecuador']",2,,-32.954,-60.7144,55.0,538.0,Municipio Rosario,Municipio,Rosario,820210,Servicio de Catastro e Información Territorial,IGN
2019,2086,2019-02-17,Domingo,,00:45:00,,0.0,2,"Moto/Ciclomotor,Automóvil",Humberto I Y F.More,2,0,1,0,1,0,0,"-32.92998, -60.69388",Calle,,ROSARIO,Rosario,Asfalto,No existe,II,S/D,Urbana,Ninguna,No existe,Recta,S/D,S/D,Nocturna,S/D,Lateral,S/D,Colisión,S/D,Faltante,Ninguna,Sin restricción,"-32.92998, -60.69388","['Humberto', 'Felipe Moré']",2,,-32.92998,-60.69388,55.0,538.0,Municipio Rosario,Municipio,Rosario,820210,Servicio de Catastro e Información Territorial,IGN
2019,2087,2019-02-17,Domingo,,08:00:00,,0.0,2,"Moto/Ciclomotor,Pickup/Utilitario",Rui Barbosa 400,2,1,0,0,1,0,0,"-33.00598, -60.63783",Calle,,ROSARIO,Rosario,Asfalto,No existe,II,Dentro,Urbana,Ninguna,No existe,Intersección,Bueno,Buena,Amanecer,Buen Tiempo,Lateral,S/D,Colisión,Ninguna,Faltante,Ninguna,Sin restricción,"-33.00598, -60.63783",['Rui Barbosa 400'],1,,-33.00598,-60.63783,55.0,538.0,Municipio Rosario,Municipio,Rosario,820210,Servicio de Catastro e Información Territorial,IGN
2019,2088,2019-02-17,Domingo,,21:25:00,,0.0,2,"Automóvil,Moto/Ciclomotor",Bv. Oroño Y Rueda,4,3,0,0,1,0,0,"-32.96833, -60.65943",Calle,,ROSARIO,Rosario,Asfalto,No existe,II,Dentro,Urbana,S/D,S/D,Intersección,Bueno,Buena,Nocturna,Buen Tiempo,S/D,S/D,Colisión,Ninguna,S/D,S/D,S/D,"-32.96833, -60.65943","['Bulevar Nicasio Oroño', 'Rueda']",2,,-32.96833,-60.65943,55.0,538.0,Municipio Rosario,Municipio,Rosario,820210,Servicio de Catastro e Información Territorial,IGN
2019,2090,2019-04-27,Sabado,,20:40:00,,0.0,2,"Automóvil,Automóvil",Pte.Roca Y San Lorenzo,3,0,1,0,2,0,0,"-32.94288315809,-60.644548777448",Calle,,ROSARIO,Rosario,Asfalto,No existe,II,Dentro,Urbana,Señal Pare,No existe,Intersección,Bueno,Buena,"Nocturna,Con luz artificial",Lluvia,De alcance,S/D,Colisión,Ninguna,"Horizontal,Vertical",Ninguna,Sin restricción,"-32.94288315809,-60.644548777448","['Roca', 'San Lorenzo']",2,,-32.94288315809,-60.644548777448,55.0,538.0,Municipio Rosario,Municipio,Rosario,820210,Servicio de Catastro e Información Territorial,IGN
2019,2094,2019-04-27,Sabado,,10:00:00,,0.0,2,"Automóvil,Moto/Ciclomotor",Av. Corrientes Y Virasoro,2,1,0,0,1,0,0,"-32.969140910952,-60.648264671851",Avenida,,ROSARIO,Rosario,Asfalto,No existe,II,Dentro,Urbana,Señal Pare,No existe,Intersección,Bueno,Buena,Diurna,Buen Tiempo,Lateral,S/D,Colisión,Ninguna,Vertical,Ninguna,Sin restricción,"-32.969140910952,-60.648264671851","['Corrientes', 'Virasoro']",2,,-32.969140910952,-60.648264671851,55.0,538.0,Municipio Rosario,Municipio,Rosario,820210,Servicio de Catastro e Información Territorial,IGN
2019,2096,2019-04-25,Jueves,,00:00:00,,0.0,2,"Automóvil,Automóvil",Ricchieri Y Rioja,2,1,0,0,1,0,0,"-32.94312179088595,-60.663086771965",Calle,,ROSARIO,Rosario,Asfalto,No existe,II,Dentro,Urbana,Señal Pare,No existe,Recta,Bueno,Buena,Nocturna,Buen Tiempo,Otro,S/D,Colisión,Ninguna,Vertical,Ninguna,Sin restricción,"-32.94312179088595,-60.663086771965","['Ricchieri', 'Rioja']",2,,-32.94312179088595,-60.663086771965,55.0,538.0,Municipio Rosario,Municipio,Rosario,820210,Servicio de Catastro e Información Territorial,IGN
2019,2097,2019-04-07,Domingo,,07:00:00,,0.0,2,"Automóvil,Taxi/Remis",Paraguay Y Tucuman,3,3,0,0,0,0,0,"-32.94078821748,-60.642574276922",Calle,,ROSARIO,Rosario,Asfalto,No existe,II,Dentro,Urbana,Paso Peatonal,No existe,Recta,Bueno,Buena,Diurna,Buen Tiempo,Otro,S/D,Colisión,Ninguna,Horizontal,Ninguna,Sin restricción,"-32.94078821748,-60.642574276922","['Paraguay', 'Tucumán']",2,,-32.94078821748,-60.642574276922,55.0,538.0,Municipio Rosario,Municipio,Rosario,820210,Servicio de Catastro e Información Territorial,IGN
2019,2103,2019-04-24,Miercoles,,12:00:00,,0.0,2,"Moto/Ciclomotor,Automóvil",Bv. Oroño Y San Lorenzo,2,1,0,0,1,0,0,"-32.941445092436,-60.652609893138",Avenida,,ROSARIO,Rosario,Asfalto,No existe,II,Dentro,Urbana,Señal Pare,No existe,Recta,Bueno,Buena,Diurna,Buen Tiempo,De alcance,S/D,Colisión,Ninguna,"Horizontal,Vertical",Ninguna,Sin restricción,"-32.941445092436,-60.652609893138","['Bulevar Nicasio Oroño', 'San Lorenzo']",2,,-32.941445092436,-60.652609893138,55.0,538.0,Municipio Rosario,Municipio,Rosario,820210,Servicio de Catastro e Información Territorial,IGN
2019,2104,2019-04-01,Lunes,,18:00:00,,0.0,2,"Automóvil,Automóvil",Av. Belgrano Y San Martin,2,1,0,0,1,0,0,"-32.940850816411,-60.634949987465",Avenida,,ROSARIO,Rosario,Asfalto,No existe,II,Dentro,Urbana,Semáforo,Funciona,Intersección,Bueno,Buena,Diurna,Buen Tiempo,De alcance,S/D,Colisión,Ninguna,"Horizontal,Vertical",Cordón divisorio,Sin restricción,"-32.940850816411,-60.634949987465","['Belgrano', 'San Martin']",2,,-32.940850816411,-60.634949987465,55.0,538.0,Municipio Rosario,Municipio,Rosario,820210,Servicio de Catastro e Información Territorial,IGN
2019,2106,2019-04-20,Sabado,,19:20:00,,0.0,2,"Automóvil,Moto/Ciclomotor",Bv. Oroño Y Av. F.Solano Lopez,3,1,1,0,1,0,0,"-32.958160657109,-60.656815843046",Avenida,,ROSARIO,Rosario,Asfalto,No existe,II,Dentro,Urbana,Semáforo,Funciona,Intersección,Bueno,Buena,"Atardecer,Con luz artificial",Otro,Lateral,S/D,Colisión,Ninguna,"Horizontal,Vertical",Cordón divisorio,Sin restricción,"-32.958160657109,-60.656815843046","['Bulevar Nicasio Oroño', 'Solano Lopez']",2,,-32.958160657109,-60.656815843046,55.0,538.0,Municipio Rosario,Municipio,Rosario,820210,Servicio de Catastro e Información Territorial,IGN
2019,2109,2019-04-03,Miercoles,,18:30:00,,0.0,2,"Moto/Ciclomotor,Automóvil",Lima Y Montevideo,3,2,0,0,1,0,0,"-32.94806079454,-60.685651564469",Calle,,ROSARIO,Rosario,Asfalto,No existe,II,Dentro,Urbana,Ninguna,No existe,Intersección,Bueno,Buena,Diurna,Buen Tiempo,Lateral,S/D,Colisión,Ninguna,Faltante,Ninguna,Sin restricción,"-32.94806079454,-60.685651564469","['Lima', 'Montevideo']",2,,-32.94806079454,-60.685651564469,55.0,538.0,Municipio Rosario,Municipio,Rosario,820210,Servicio de Catastro e Información Territorial,IGN
2019,2111,2019-04-17,Miercoles,,07:45:00,,0.0,1,Bicicleta,San Juan 1100,1,1,0,0,0,0,0,"-32.950147041192,-60.63912357151",Calle,,ROSARIO,Rosario,Asfalto,No existe,II,Dentro,Urbana,Paso Peatonal,No existe,Recta,Bueno,Buena,Diurna,Buen Tiempo,S/D,S/D,Caída ocupante,Ninguna,Horizontal,Ninguna,Sin restricción,"-32.950147041192,-60.63912357151",['San Juan 1100'],1,,-32.950147041192,-60.63912357151,55.0,538.0,Municipio Rosario,Municipio,Rosario,820210,Servicio de Catastro e Información Territorial,IGN
2019,2113,2019-04-25,Jueves,,08:30:00,,0.0,2,"Automóvil,Moto/Ciclomotor",San Luis Y Laprida,2,1,0,0,1,0,0,"-32.949768663274,-60.634603398883",Calle,,ROSARIO,Rosario,Asfalto,No existe,II,Dentro,Urbana,Señal Pare,No existe,Intersección,Bueno,Reducida,Diurna,Buen Tiempo,De alcance,S/D,Colisión,Ninguna,"Horizontal,Vertical",Ninguna,Sin restricción,"-32.949768663274,-60.634603398883","['San Luis', 'Laprida']",2,,-32.949768663274,-60.634603398883,55.0,538.0,Municipio Rosario,Municipio,Rosario,820210,Servicio de Catastro e Información Territorial,IGN
2019,2115,2019-04-21,Domingo,,06:10:00,,0.0,2,"Moto/Ciclomotor,Automóvil",Tucuman Y Paraguay,2,1,0,0,1,0,0,"-32.94078821748,-60.642574276922",Calle,,ROSARIO,Rosario,Asfalto,No existe,II,Dentro,Urbana,Paso Peatonal,No existe,Intersección,Bueno,Buena,"Amanecer,Con luz artificial",Buen Tiempo,Lateral,S/D,Colisión,Ninguna,Horizontal,Ninguna,Sin restricción,"-32.94078821748,-60.642574276922","['Tucumán', 'Paraguay']",2,,-32.94078821748,-60.642574276922,55.0,538.0,Municipio Rosario,Municipio,Rosario,820210,Servicio de Catastro e Información Territorial,IGN
2019,2116,2019-04-26,Viernes,,17:15:00,,0.0,2,"Automóvil,Bicicleta",Paraguay Y Salta,2,1,0,0,1,0,0,"-32.938446989112,-60.641954802778",Calle,,ROSARIO,Rosario,Asfalto,No existe,II,Dentro,Urbana,Paso Peatonal,No existe,Intersección,Resbaladiza,Buena,Diurna,Lluvia,S/D,Ciclista,Atropello,Agua,Horizontal,Ninguna,Sin restricción,"-32.938446989112,-60.641954802778","['Paraguay', 'Salta']",2,,-32.938446989112,-60.641954802778,55.0,538.0,Municipio Rosario,Municipio,Rosario,820210,Servicio de Catastro e Información Territorial,IGN
2019,2119,2019-04-26,Viernes,,10:40:00,,0.0,2,"Automóvil,Bicicleta",Laprida Y Riobamba,2,1,0,0,1,0,0,"-32.963715941924,-60.638418845498",Calle,,ROSARIO,Rosario,Asfalto,No existe,II,Dentro,Urbana,Ninguna,No existe,Intersección,Resbaladiza,Buena,Diurna,Lluvia,S/D,Ciclista,Atropello,Agua,Faltante,Ninguna,Sin restricción,"-32.963715941924,-60.638418845498","['Laprida', 'Riobamba']",2,,-32.963715941924,-60.638418845498,55.0,538.0,Municipio Rosario,Municipio,Rosario,820210,Servicio de Catastro e Información Territorial,IGN
2019,2120,2019-04-22,Lunes,,14:40:00,,0.0,2,"Moto/Ciclomotor,Automóvil",San Juan Y Cafferata,2,1,0,0,1,0,0,"-32.944280235584,-60.671891587409",Calle,,ROSARIO,Rosario,Asfalto,No existe,II,Dentro,Urbana,Semáforo,Funciona,Intersección,Bueno,Buena,Diurna,Buen Tiempo,Lateral,S/D,Colisión,Ninguna,"Horizontal,Vertical",Ninguna,Sin restricción,"-32.944280235584,-60.671891587409","['San Juan', 'Cafferata']",2,,-32.944280235584,-60.671891587409,55.0,538.0,Municipio Rosario,Municipio,Rosario,820210,Servicio de Catastro e Información Territorial,IGN
2019,2122,2019-04-29,Lunes,,07:10:00,,0.0,2,"Moto/Ciclomotor,Pickup/Utilitario",Rioja Y Buenos Aires,2,1,0,0,1,0,0,"-32.94878289714,-60.633053090183",Calle,,ROSARIO,Rosario,Asfalto,No existe,II,Dentro,Urbana,Paso Peatonal,No existe,Recta,Bueno,Buena,Diurna,Buen Tiempo,Lateral,S/D,Colisión,Ninguna,Horizontal,Ninguna,Sin restricción,"-32.94878289714,-60.633053090183","['Rioja', 'Buenos Aires']",2,,-32.94878289714,-60.633053090183,55.0,538.0,Municipio Rosario,Municipio,Rosario,820210,Servicio de Catastro e Información Territorial,IGN
2019,2123,2019-04-18,Jueves,,06:00:00,,0.0,1,Moto/Ciclomotor,Av. Ovidio Lagos Y San Juan,1,1,0,0,0,0,0,"-32.945986981023,-60.662385578867",Avenida,,ROSARIO,Rosario,Asfalto,No existe,II,Dentro,Urbana,Semáforo,Funciona,Recta,Bueno,Buena,Diurna,Buen Tiempo,S/D,S/D,Caída ocupante,Ninguna,"Horizontal,Vertical",Ninguna,Sin restricción,"-32.945986981023,-60.662385578867","['Avenida Ovidio Lagos', 'San Juan']",2,,-32.945986981023,-60.662385578867,55.0,538.0,Municipio Rosario,Municipio,Rosario,820210,Servicio de Catastro e Información Territorial,IGN
2019,2124,2019-03-25,Lunes,,15:30:00,,0.0,2,"Moto/Ciclomotor,Pickup/Utilitario",Av. Avellaneda B Y Rueda,2,1,0,0,1,0,0,"    -32.96373, -60.68525",Avenida,,ROSARIO,Rosario,Asfalto,Pavimento,II,Dentro,Urbana,Ninguna,No existe,Recta,Bueno,Buena,Diurna,Buen Tiempo,S/D,S/D,Colisión,Ninguna,Faltante,Ninguna,Sin restricción,"    -32.96373, -60.68525","['Avellaneda', 'Rueda']",2,,-32.96373,-60.68525,55.0,538.0,Municipio Rosario,Municipio,Rosario,820210,Servicio de Catastro e Información Territorial,IGN
2019,2125,2019-06-09,Domingo,,20:30:00,,0.0,2,"Moto/Ciclomotor,Camión Chasis",Biedma ,4,1,1,0,2,0,0,"-32.9735, -60.7143",Calle,,ROSARIO,Rosario,Asfalto,No existe,II,S/D,Urbana,Ninguna,No existe,Recta,Bueno,Buena,"Nocturna,Con luz artificial",Buen Tiempo,Lateral,S/D,Colisión,Ninguna,Faltante,Ninguna,Sin restricción,"-32.9735, -60.7143",['Biedma'],1,,-32.9735,-60.7143,55.0,538.0,Municipio Rosario,Municipio,Rosario,820210,Servicio de Catastro e Información Territorial,IGN
2019,2126,2019-06-10,Lunes,,16:45:00,,0.0,2,"Moto/Ciclomotor,Pickup/Utilitario",Tte.Agneta Y Bv. 27 De Febrero,2,1,0,0,1,0,0,"-32.95881, -60.69911",Calle,,ROSARIO,Rosario,Asfalto,No existe,II,S/D,Urbana,Semáforo,Funciona,Intersección,Bueno,Buena,Diurna,Buen Tiempo,Lateral,S/D,Colisión,Ninguna,"Horizontal,Vertical",Cordón divisorio,Sin restricción,"-32.95881, -60.69911","['Teniente Agneta', '27 de Febrero']",2,,-32.95881,-60.69911,55.0,538.0,Municipio Rosario,Municipio,Rosario,820210,Servicio de Catastro e Información Territorial,IGN
2019,2127,2019-03-28,Jueves,,15:30:00,,0.0,2,"Moto/Ciclomotor,Pickup/Utilitario",Bv. 27 De Febrero Y Matienzo,6,1,0,0,5,0,0,"    -32.95874, -60.69397",Avenida,,ROSARIO,Rosario,Asfalto,Pavimento,II,Dentro,Urbana,Ninguna,No existe,Recta,Bueno,Buena,Diurna,Buen Tiempo,S/D,S/D,Colisión,S/D,Faltante,S/D,Sin restricción,"    -32.95874, -60.69397","['27 de Febrero', 'Matienzo']",2,,-32.95874,-60.69397,55.0,538.0,Municipio Rosario,Municipio,Rosario,820210,Servicio de Catastro e Información Territorial,IGN
2019,2128,2019-06-13,Jueves,,17:15:00,,0.0,2,"Automóvil,Moto/Ciclomotor",Av. Uriburu Y Bv. Avellaneda,2,1,0,0,1,0,0,"-32.99199, -60.6887",Avenida,,ROSARIO,Rosario,Asfalto,No existe,II,S/D,Urbana,Semáforo,Funciona,Intersección,Bueno,Buena,Diurna,Buen Tiempo,Frontal,S/D,Colisión,Ninguna,"Horizontal,Vertical","Guardarrail,Cordón divisorio",Sin restricción,"-32.99199, -60.6887","['Uriburu', 'Avellaneda']",2,,-32.99199,-60.6887,55.0,538.0,Municipio Rosario,Municipio,Rosario,820210,Servicio de Catastro e Información Territorial,IGN
2019,2129,2019-06-13,Jueves,,20:40:00,,0.0,2,"Automóvil,Moto/Ciclomotor",C.Larralde Y Calle 1715,2,0,1,0,1,0,0,"-32.97082, -60.72582",Calle,,ROSARIO,Rosario,Asfalto,No existe,II,S/D,Urbana,Ninguna,No existe,Intersección,Bueno,Buena,"Nocturna,Con luz artificial",Buen Tiempo,Frontal,S/D,Colisión,Ninguna,Faltante,Ninguna,Sin restricción,"-32.97082, -60.72582","['Larralde', 'Plácido Grela']",2,,-32.97082,-60.72582,55.0,538.0,Municipio Rosario,Municipio,Rosario,820210,Servicio de Catastro e Información Territorial,IGN
2019,2130,2019-03-25,Lunes,,10:20:00,,0.0,2,"Automóvil,Automóvil",Nicolas Laguna ,3,2,0,0,1,0,0,"    -32.88566, -60.7242",Calle,,ROSARIO,Rosario,Asfalto,S/D,II,S/D,Urbana,Ninguna,No existe,Intersección,Bueno,S/D,Diurna,Buen Tiempo,Lateral,S/D,Colisión,S/D,S/D,Ninguna,Sin restricción,"    -32.88566, -60.7242",['Laguna'],1,,-32.88566,-60.7242,55.0,538.0,Municipio Rosario,Municipio,Rosario,820210,Servicio de Catastro e Información Territorial,IGN
2019,2131,2019-06-11,Martes,,05:40:00,,0.0,2,"Moto/Ciclomotor,Automóvil",Ayacucho Y Pje. 525,3,2,0,0,1,0,0,"-33.01124, -60.6357",Calle,,ROSARIO,Rosario,Asfalto,No existe,II,Dentro,Urbana,Ninguna,No existe,Intersección,Bueno,Buena,Amanecer,Buen Tiempo,Lateral,S/D,Colisión,Ninguna,Faltante,Ninguna,Sin restricción,"-33.01124, -60.6357","['Ayacucho', 'Pasaje 525']",2,,-33.01124,-60.6357,55.0,538.0,Municipio Rosario,Municipio,Rosario,820210,Servicio de Catastro e Información Territorial,IGN
2019,2132,2019-03-29,Viernes,,09:30:00,,0.0,2,"Automóvil,Transporte de Pasajeros Urbano (> 8 asientos)",Baigorria Y Zenon Pereyra,2,1,0,0,1,0,0,"    -32.89544, -60.75159",Calle,,ROSARIO,Rosario,Asfalto,No existe,II,S/D,Urbana,Ninguna,No existe,Intersección,Bueno,Buena,Diurna,Buen Tiempo,S/D,S/D,Colisión,Ninguna,Faltante,Ninguna,Sin restricción,"    -32.89544, -60.75159","['Baigorria', 'Zenón Pereyra']",2,,-32.89544,-60.75159,55.0,538.0,Municipio Rosario,Municipio,Rosario,820210,Servicio de Catastro e Información Territorial,IGN
2019,2133,2019-06-11,Martes,,13:10:00,,0.0,2,"Peatón,Automóvil",Av. Arijon Y San Martin,2,1,0,0,1,0,0,"-33.003024005285,-60.649276943146",Calle,,ROSARIO,Rosario,Asfalto,No existe,II,S/D,Urbana,Semáforo,Funciona,Recta,Bueno,Buena,Diurna,Buen Tiempo,S/D,Peatón,Atropello,Ninguna,"Horizontal,Vertical",Línea divisoria pintada,Sin restricción,"-33.003024005285,-60.649276943146","['Avenida Manuel Arijón', 'San Martin']",2,,-33.003024005285,-60.649276943146,55.0,538.0,Municipio Rosario,Municipio,Rosario,820210,Servicio de Catastro e Información Territorial,IGN
2019,2134,2019-03-27,Miercoles,,20:00:00,,0.0,2,"Automóvil,Moto/Ciclomotor",Molina Y Superi,2,1,0,0,1,0,0,"    -32.89656, -60.7046",Calle,,ROSARIO,Rosario,Asfalto,No existe,II,S/D,Urbana,Señal Pare,No existe,Intersección,Bueno,Buena,Atardecer,Buen Tiempo,S/D,S/D,Colisión,Ninguna,S/D,Ninguna,Sin restricción,"    -32.89656, -60.7046","['Molina', 'Superi']",2,,-32.89656,-60.7046,55.0,538.0,Municipio Rosario,Municipio,Rosario,820210,Servicio de Catastro e Información Territorial,IGN
2019,2135,2019-06-12,Miercoles,,,,0.0,2,"Moto/Ciclomotor,Moto/Ciclomotor",Laprida Y Lainez,4,2,1,0,0,0,1,"-33.00524, -60.64688",Calle,,ROSARIO,Rosario,Asfalto,No existe,II,S/D,Urbana,Ninguna,S/D,Recta,Bueno,S/D,S/D,Buen Tiempo,Lateral,S/D,Colisión,Ninguna,Faltante,Ninguna,Sin restricción,"-33.00524, -60.64688","['Laprida', 'Láinez']",2,,-33.00524,-60.64688,55.0,538.0,Municipio Rosario,Municipio,Rosario,820210,Servicio de Catastro e Información Territorial,IGN
2019,2136,2019-06-13,Jueves,,12:30:00,,0.0,2,"Moto/Ciclomotor,Automóvil",Av. Arijon Y Av. Bermudez,3,2,0,0,1,0,0,"-33.00284, -60.64253",Avenida,,ROSARIO,Rosario,Asfalto,No existe,II,Dentro,Urbana,Ninguna,No existe,Intersección,Bueno,Buena,Diurna,Buen Tiempo,Lateral,S/D,Colisión,Ninguna,Vertical,Cordón divisorio,Sin restricción,"-33.00284, -60.64253","['Avenida Manuel Arijón', 'Bermudez']",2,,-33.00284,-60.64253,55.0,538.0,Municipio Rosario,Municipio,Rosario,820210,Servicio de Catastro e Información Territorial,IGN
2019,2137,2019-03-24,Domingo,,12:00:00,,0.0,2,"Moto/Ciclomotor,Automóvil",Jose Ingenieros Y Av. Alberti,2,1,0,0,1,0,0,"    -32.91621, -60.68479",Avenida,,ROSARIO,Rosario,Asfalto,S/D,II,Dentro,Urbana,S/D,Funciona,Intersección,Bueno,Buena,Diurna,Buen Tiempo,S/D,S/D,Colisión,Ninguna,Horizontal,Cordón divisorio,Sin restricción,"    -32.91621, -60.68479","['José Ingenieros', 'Alberdi']",2,,-32.91621,-60.68479,55.0,538.0,Municipio Rosario,Municipio,Rosario,820210,Servicio de Catastro e Información Territorial,IGN
2019,2138,2019-06-14,Viernes,,08:05:00,,0.0,2,"Moto/Ciclomotor,Automóvil",Av. Uriburu ,2,1,0,0,1,0,0,"-32.99106, -60.65741",Calle,,ROSARIO,Rosario,Asfalto,No existe,II,Dentro,Urbana,Ninguna,No existe,Intersección,Bueno,Buena,Diurna,Buen Tiempo,Lateral,S/D,Colisión,Ninguna,Faltante,Ninguna,Sin restricción,"-32.99106, -60.65741",['Uriburu'],1,,-32.99106,-60.65741,55.0,538.0,Municipio Rosario,Municipio,Rosario,820210,Servicio de Catastro e Información Territorial,IGN
2019,2140,2019-06-14,Viernes,,,,0.0,2,"Moto/Ciclomotor,Automóvil",Pje. Resistencia Y Guiraldes Bis,2,1,0,0,1,0,0,"-32.98665, -60.62779",Calle,,ROSARIO,Rosario,Asfalto,No existe,II,S/D,Urbana,Ninguna,No existe,Intersección,Con baches,Buena,Diurna,Lluvia,De alcance,S/D,Colisión,Ninguna,Faltante,Ninguna,Sin restricción,"-32.98665, -60.62779","['Resistencia', 'Güiraldes']",2,,-32.98665,-60.62779,55.0,538.0,Municipio Rosario,Municipio,Rosario,820210,Servicio de Catastro e Información Territorial,IGN
2019,2148,2019-04-29,Lunes,,15:45:00,,0.0,2,"Automóvil,Moto/Ciclomotor",Mendoza 2900,2,1,0,0,1,0,0,"-32.947139564214,-60.664102734328",Calle,,ROSARIO,Rosario,Asfalto,No existe,II,Dentro,Urbana,Semáforo,Funciona,Recta,Bueno,Buena,Diurna,Buen Tiempo,Lateral,S/D,Colisión,Ninguna,"Horizontal,Vertical",Ninguna,Sin restricción,"-32.947139564214,-60.664102734328",['Mendoza 2900'],1,,-32.947139564214,-60.664102734328,55.0,538.0,Municipio Rosario,Municipio,Rosario,820210,Servicio de Catastro e Información Territorial,IGN
2019,2149,2019-04-19,Viernes,,22:04:00,,0.0,2,"Moto/Ciclomotor,Automóvil",Cordoba Y Lavalle,2,1,0,0,1,0,0,"-32.939320102673,-60.677754001973",Calle,,ROSARIO,Rosario,Asfalto,No existe,II,Dentro,Urbana,Semáforo,Funciona,Intersección,Bueno,Buena,Nocturna,Buen Tiempo,Otro,S/D,Colisión,Ninguna,"Horizontal,Vertical",Ninguna,Sin restricción,"-32.939320102673,-60.677754001973","['Córdoba', 'Lavalle']",2,,-32.939320102673,-60.677754001973,55.0,538.0,Municipio Rosario,Municipio,Rosario,820210,Servicio de Catastro e Información Territorial,IGN
2019,2150,2019-04-17,Miercoles,,12:55:00,,0.0,2,"Bicicleta,Taxi/Remis",Urquiza Y Santiago,2,1,0,0,1,0,0,"-32.939764551148,-60.655130291393",Calle,,ROSARIO,Rosario,Asfalto,No existe,II,Dentro,Urbana,Señal Pare,No existe,Recta,Bueno,Buena,Diurna,Buen Tiempo,S/D,Ciclista,Atropello,Ninguna,Vertical,Ninguna,Sin restricción,"-32.939764551148,-60.655130291393","['Urquiza', 'Santiago']",2,,-32.939764551148,-60.655130291393,55.0,538.0,Municipio Rosario,Municipio,Rosario,820210,Servicio de Catastro e Información Territorial,IGN