anio_acci,nro_acci,fecha,desc_dia,fecha_aprox,hora_aprox,desc_ruta,km,cant_participantes,desc_participante,calle_avenida_km,total,heridos_leves,heridos_graves,heridos_gravisimos,ilesos,fallecidos,sin_datos,posicion_XY,desc_tipo_via,desc_ruta_ori,desc_loc,desc_dpto,desc_tipo_calzada,desc_tipo_banquina,desc_unidad_regional,desc_lugar_calzada,desc_zona,desc_prioridad,desc_estado_semaforo,desc_lugar_via,desc_estado_via,desc_estado_visibilidad,desc_luminosidad,desc_estado_clima,desc_tipo_colision,desc_tipo_atropello,desc_tipo_hecho,desc_pres_calzada,desc_senializacion,desc_separacion_via,desc_restriccion,forma_geocod,calle_lista,numero_calles,calles_osm,lat,lon,index_right,gid,fna,gna,nam,in1,fdc,sag
2019,2151,2019-04-22,Lunes,,19:40:00,,0.0,2,"Automóvil,Moto/Ciclomotor",L.N.Alem Y Montevideo,4,3,0,0,1,0,0,"-32.957892995037,-60.630756752973",Calle,,ROSARIO,Rosario,Asfalto,No existe,II,Dentro,Urbana,Paso Peatonal,No existe,Intersección,Bueno,Buena,"Atardecer,Con luz artificial",Buen Tiempo,De alcance,S/D,Colisión,Ninguna,Horizontal,Ninguna,Sin restricción,"-32.957892995037,-60.630756752973","['Alem', 'Montevideo']",2,,-32.957892995037,-60.630756752973,55.0,538.0,Municipio Rosario,Municipio,Rosario,820210,Servicio de Catastro e Información Territorial,IGN
2019,2152,2019-04-24,Miercoles,,22:50:00,,0.0,2,"Vehículo Oficial,Automóvil",9 De Julio Y Alsina,5,2,0,0,3,0,0,"-32.946984227669,-60.67826514705",Calle,,ROSARIO,Rosario,Asfalto,No existe,II,Dentro,Urbana,Señal Pare,No existe,Intersección,Resbaladiza,Buena,"Nocturna,Con luz artificial",Lluvia,Lateral,S/D,Colisión,Agua,Vertical,Ninguna,Sin restricción,"-32.946984227669,-60.67826514705","['9 de Julio', 'Alsina']",2,,-32.946984227669,-60.67826514705,55.0,538.0,Municipio Rosario,Municipio,Rosario,820210,Servicio de Catastro e Información Territorial,IGN
2019,2153,2019-04-09,Martes,,16:25:00,,0.0,2,"Moto/Ciclomotor,Automóvil",Albert Sabin Y French,2,1,0,0,1,0,0,"-32.921051165895,-60.687646019274",Calle,,ROSARIO,Rosario,Asfalto,No existe,II,Dentro,Urbana,Semáforo,Funciona,Intersección,Bueno,Buena,Diurna,Buen Tiempo,Lateral,S/D,Colisión,Ninguna,"Horizontal,Vertical",Cordón divisorio,Sin restricción,"-32.921051165895,-60.687646019274","['Avenida Travesía Albert Sabin', 'French']",2,,-32.921051165895,-60.687646019274,55.0,538.0,Municipio Rosario,Municipio,Rosario,820210,Servicio de Catastro e Información Territorial,IGN
2019,2154,2019-04-06,Sabado,,21:40:00,,0.0,2,"Moto/Ciclomotor,Automóvil",Jose Ingenieros Y L.M.Drago Bis,2,1,0,0,1,0,0,"-32.91601538658142,-60.676543414592",Calle,,ROSARIO,Rosario,Asfalto,No existe,II,Dentro,Urbana,Ninguna,No existe,Intersección,Bueno,Buena,Nocturna,Buen Tiempo,Lateral,S/D,Colisión,Ninguna,Faltante,Ninguna,Sin restricción,"-32.91601538658142,-60.676543414592","['José Ingenieros', 'Drago']",2,,-32.91601538658142,-60.676543414592,55.0,538.0,Municipio Rosario,Municipio,Rosario,820210,Servicio de Catastro e Información Territorial,IGN
2019,2155,2019-04-22,Lunes,,15:30:00,,0.0,3,"Automóvil,Automóvil,Automóvil",Bv. Avellaneda Y Jose Ingenieros,3,1,0,0,2,0,0,"-32.91593223810196,-60.673470944166",Avenida,,ROSARIO,Rosario,Asfalto,No existe,II,Dentro,Urbana,Semáforo,Funciona,Intersección,Bueno,Buena,Diurna,Buen Tiempo,Múltiple,S/D,Colisión,Ninguna,"Horizontal,Vertical",Cordón divisorio,Sin restricción,"-32.91593223810196,-60.673470944166","['Avellaneda', 'José Ingenieros']",2,,-32.91593223810196,-60.673470944166,55.0,538.0,Municipio Rosario,Municipio,Rosario,820210,Servicio de Catastro e Información Territorial,IGN
2019,2156,2019-04-11,Jueves,,21:50:00,,0.0,2,"Automóvil,Moto/Ciclomotor",PJE 1349 Y CALLE 13101,2,1,0,0,1,0,0,"-32.88192, -60.72316",Calle,,ROSARIO,Rosario,Asfalto,No existe,II,Dentro,Urbana,Ninguna,No existe,Recta,Bueno,Buena,Nocturna,Otro,Lateral,S/D,Colisión,Ninguna,Faltante,Ninguna,Sin restricción,"-32.88192, -60.72316","['Calle 1359', 'Rubén Naranjo']",2,,-32.88192,-60.72316,55.0,538.0,Municipio Rosario,Municipio,Rosario,820210,Servicio de Catastro e Información Territorial,IGN
2019,2161,2019-04-11,Jueves,,18:30:00,,0.0,2,"Moto/Ciclomotor,Pickup/Utilitario",Cda. Las Rosas Bis Y G.Carrasco,2,1,0,0,1,0,0,"-32.919901761732,-60.675302445688",Calle,,ROSARIO,Rosario,Asfalto,No existe,II,Dentro,Urbana,Ninguna,No existe,Intersección,Bueno,Buena,Atardecer,Buen Tiempo,S/D,S/D,Colisión,Ninguna,Faltante,Ninguna,Sin restricción,"-32.919901761732,-60.675302445688","['Las Rosas', 'Carrasco']",2,,-32.919901761732,-60.675302445688,55.0,538.0,Municipio Rosario,Municipio,Rosario,820210,Servicio de Catastro e Información Territorial,IGN
2019,2163,2019-04-18,Jueves,,11:30:00,,0.0,2,"Otros,Peatón",Bv. Rondeau Y Martin Fierro,2,1,0,0,1,0,0,"-32.87802, -60.69736",Avenida,,ROSARIO,Rosario,Asfalto,No existe,II,Dentro,Urbana,Semáforo,Funciona,Recta,Bueno,Buena,Diurna,Buen Tiempo,S/D,Peatón,Atropello,S/D,"Horizontal,Vertical",Cordón divisorio,Sin restricción,"-32.87802, -60.69736","['Rondeau', 'Martin Fierro']",2,,-32.87802,-60.69736,55.0,538.0,Municipio Rosario,Municipio,Rosario,820210,Servicio de Catastro e Información Territorial,IGN
2019,2165,2019-04-28,Domingo,,14:30:00,,0.0,2,"Moto/Ciclomotor,Automóvil",Alzugaray Y Pje. Cnel.A.Montero,2,1,0,0,1,0,0,"-33.01298836277,-60.649186538621",Calle,,ROSARIO,Rosario,Asfalto,No existe,II,Dentro,Urbana,Ninguna,No existe,Intersección,Bueno,Buena,Diurna,Buen Tiempo,Lateral,S/D,Colisión,Ninguna,Faltante,Ninguna,Sin restricción,"-33.01298836277,-60.649186538621","['Alzugaray', 'Montero']",2,,-33.01298836277,-60.649186538621,55.0,538.0,Municipio Rosario,Municipio,Rosario,820210,Servicio de Catastro e Información Territorial,IGN
2019,2176,2019-06-15,Sabado,,09:30:00,,0.0,2,"Pickup/Utilitario,Moto/Ciclomotor",J.J.Paso 1900,2,1,0,0,1,0,0,"-32.91951, -60.68784",Avenida,,ROSARIO,Rosario,Asfalto,Pavimento,II,S/D,Urbana,Ninguna,No existe,Recta,Resbaladiza,Buena,Diurna,Lluvia,De alcance,S/D,Colisión,Agua,Faltante,Ninguna,Sin restricción,"-32.91951, -60.68784",['Juan José Paso 1900'],1,,-32.91951,-60.68784,55.0,538.0,Municipio Rosario,Municipio,Rosario,820210,Servicio de Catastro e Información Territorial,IGN
2019,2178,2019-06-14,Viernes,,03:00:00,,0.0,1,Moto/Ciclomotor,Esquivel Y Casiano Casas,3,2,0,1,0,0,0,"-32.90121, -60.70522",Calle,,ROSARIO,Rosario,Asfalto,Pavimento,II,S/D,Urbana,Ninguna,Funciona,Intersección,Resbaladiza,Reducida,Nocturna,Lluvia,S/D,S/D,Caída ocupante,Agua,Faltante,Ninguna,Sin restricción,"-32.90121, -60.70522","['Esquivel', 'Avenida Casiano Casas']",2,,-32.90121,-60.70522,55.0,538.0,Municipio Rosario,Municipio,Rosario,820210,Servicio de Catastro e Información Territorial,IGN
2019,2180,2019-06-11,Martes,,10:00:00,,0.0,2,"Bicicleta,Automóvil",Ayacucho Y Riobamba,2,1,0,0,1,0,0,"-32.96505, -60.63106",Calle,,ROSARIO,Rosario,Asfalto,No existe,II,S/D,Urbana,Otra Señal,No existe,Intersección,Bueno,Buena,Diurna,Buen Tiempo,S/D,Ciclista,Atropello,S/D,Vertical,Ninguna,Sin restricción,"-32.96505, -60.63106","['Ayacucho', 'Riobamba']",2,,-32.96505,-60.63106,55.0,538.0,Municipio Rosario,Municipio,Rosario,820210,Servicio de Catastro e Información Territorial,IGN
2019,2181,2019-06-14,Viernes,,15:00:00,,0.0,2,"Moto/Ciclomotor,Taxi/Remis",Santa Fe Y Mariano Moreno,2,1,0,0,1,0,0,"-32.94287, -60.65025",Calle,,ROSARIO,Rosario,Asfalto,No existe,II,S/D,Urbana,Ninguna,No existe,Intersección,Bueno,Buena,Diurna,Buen Tiempo,S/D,S/D,Colisión,S/D,Vertical,Ninguna,Sin restricción,"-32.94287, -60.65025","['Santa Fe', 'Mariano Moreno']",2,,-32.94287,-60.65025,55.0,538.0,Municipio Rosario,Municipio,Rosario,820210,Servicio de Catastro e Información Territorial,IGN
2019,2184,2019-06-11,Martes,,16:00:00,,0.0,2,"Automóvil,Bicicleta",Galvez Y Mariano Moreno,2,1,0,0,1,0,0,"-32.96653, -60.65619",Calle,,ROSARIO,Rosario,Asfalto,S/D,II,S/D,Urbana,Ninguna,No existe,Intersección,Bueno,Buena,Diurna,Buen Tiempo,S/D,Ciclista,Atropello,S/D,Vertical,Ninguna,Sin restricción,"-32.96653, -60.65619","['Galvez', 'Mariano Moreno']",2,,-32.96653,-60.65619,55.0,538.0,Municipio Rosario,Municipio,Rosario,820210,Servicio de Catastro e Información Territorial,IGN
2019,2192,2019-06-11,Martes,,06:45:00,,0.0,2,"Automóvil,Automóvil",Mariano Moreno Y Av. Illia,2,1,0,0,1,0,0,"-32.93267,-60.64767",Avenida,,ROSARIO,Rosario,Asfalto,S/D,II,S/D,Urbana,Semáforo,Funciona,Recta,Bueno,Buena,Diurna,Buen Tiempo,S/D,S/D,Colisión,S/D,S/D,Ninguna,Sin restricción,"-32.93267,-60.64767","['Mariano Moreno', 'Illia']",2,,-32.93267,-60.64767,55.0,538.0,Municipio Rosario,Municipio,Rosario,820210,Servicio de Catastro e Información Territorial,IGN
2019,2197,2019-06-10,Lunes,,16:50:00,,0.0,2,"Moto/Ciclomotor,Automóvil",Amenabar Y Av. Corrientes,2,1,0,0,1,0,0,"-32.97144, -60.64881",Avenida,,ROSARIO,Rosario,Asfalto,No existe,II,S/D,Urbana,Semáforo,Funciona,Recta,Bueno,Buena,Diurna,Buen Tiempo,S/D,S/D,Colisión,S/D,Vertical,Ninguna,Sin restricción,"-32.97144, -60.64881","['Amenabar', 'Corrientes']",2,,-32.97144,-60.64881,55.0,538.0,Municipio Rosario,Municipio,Rosario,820210,Servicio de Catastro e Información Territorial,IGN
2019,2199,2019-06-11,Martes,,14:15:00,,0.0,2,"Moto/Ciclomotor,Moto/Ciclomotor",La Paz Y L.N.Alem,2,2,0,0,0,0,0,"-32.96595, -60.63272",Calle,,ROSARIO,Rosario,Asfalto,No existe,II,S/D,Urbana,Ninguna,No existe,Recta,Bueno,Buena,Diurna,Buen Tiempo,S/D,S/D,Colisión,S/D,Vertical,Ninguna,Sin restricción,"-32.96595, -60.63272","['La Paz', 'Alem']",2,,-32.96595,-60.63272,55.0,538.0,Municipio Rosario,Municipio,Rosario,820210,Servicio de Catastro e Información Territorial,IGN
2019,2201,2019-06-09,Domingo,,10:00:00,,0.0,2,"Automóvil,Automóvil",Riobamba Y Pte.Roca,5,3,0,0,2,0,0,"-32.9618, -60.64931",Calle,,ROSARIO,Rosario,Asfalto,No existe,II,S/D,Urbana,Ninguna,No existe,Recta,Bueno,Buena,Diurna,Buen Tiempo,S/D,S/D,Colisión,S/D,Vertical,Ninguna,Sin restricción,"-32.9618, -60.64931","['Riobamba', 'Roca']",2,,-32.9618,-60.64931,55.0,538.0,Municipio Rosario,Municipio,Rosario,820210,Servicio de Catastro e Información Territorial,IGN
2019,2202,2019-06-14,Viernes,,06:40:00,,0.0,2,"Moto/Ciclomotor,Automóvil",Av. Ovidio Lagos Y Mendoza,2,1,0,0,1,0,0,"-32.9474, -60.66274",Avenida,,ROSARIO,Rosario,Asfalto,No existe,II,S/D,Urbana,Ninguna,No existe,Intersección,Bueno,Reducida,Amanecer,Buen Tiempo,De alcance,S/D,Colisión,Ninguna,Faltante,Ninguna,Sin restricción,"-32.9474, -60.66274","['Avenida Ovidio Lagos', 'Mendoza']",2,,-32.9474,-60.66274,55.0,538.0,Municipio Rosario,Municipio,Rosario,820210,Servicio de Catastro e Información Territorial,IGN
2019,2204,2019-04-29,Lunes,,15:00:00,,0.0,2,"Peatón,Automóvil",Dr.Rivas Y San Martin,2,1,0,0,1,0,0,"-32.984063029289246,-60.64527153968",Avenida,,ROSARIO,Rosario,Asfalto,No existe,II,Dentro,Urbana,Semáforo,Funciona,Intersección,Bueno,Buena,Diurna,Buen Tiempo,S/D,Peatón,Atropello,Ninguna,"Horizontal,Vertical",Cordón divisorio,Sin restricción,"-32.984063029289246,-60.64527153968","['Doctor Francisco Riva', 'San Martin']",2,,-32.984063029289246,-60.64527153968,55.0,538.0,Municipio Rosario,Municipio,Rosario,820210,Servicio de Catastro e Información Territorial,IGN
2019,2207,2019-04-28,Domingo,,04:30:00,,0.0,2,"Moto/Ciclomotor,Automóvil",San Martin Y Reg.11 de Infanteria,3,2,0,0,1,0,0,"-32.99876153469087,-60.648458003997",Avenida,,ROSARIO,Rosario,Asfalto,No existe,II,Dentro,Urbana,Semáforo,Intermitente,Intersección,Bueno,Buena,Nocturna,Buen Tiempo,Lateral,S/D,Colisión,Ninguna,"Horizontal,Vertical",Cordón divisorio,Sin restricción,"-32.99876153469087,-60.648458003997","['San Martin', 'Regimiento 11']",2,,-32.99876153469087,-60.648458003997,55.0,538.0,Municipio Rosario,Municipio,Rosario,820210,Servicio de Catastro e Información Territorial,IGN
2019,2209,2019-04-26,Viernes,,16:30:00,,0.0,2,"Peatón,Pickup/Utilitario",Sarmiento Y Gaboto,2,1,0,0,1,0,0,"-32.973335869716,-60.644921362694",Calle,,ROSARIO,Rosario,Asfalto,No existe,II,Dentro,Urbana,Señal Pare,No existe,Intersección,Bueno,Buena,Diurna,Buen Tiempo,S/D,Peatón,Atropello,Ninguna,Vertical,Ninguna,Sin restricción,"-32.973335869716,-60.644921362694","['Sarmiento', 'Gaboto']",2,,-32.973335869716,-60.644921362694,55.0,538.0,Municipio Rosario,Municipio,Rosario,820210,Servicio de Catastro e Información Territorial,IGN
2019,2210,2019-04-20,Sabado,,22:30:00,,0.0,2,"Moto/Ciclomotor,Automóvil",San Martin Y Biedma,2,1,0,0,1,0,0,"-32.98123863248,-60.644762070747",Avenida,,ROSARIO,Rosario,Asfalto,No existe,II,Dentro,Urbana,Semáforo,Funciona,Recta,S/D,S/D,Nocturna,Buen Tiempo,De alcance,S/D,Colisión,S/D,"Horizontal,Vertical",Barrera de hormigón,Sin restricción,"-32.98123863248,-60.644762070747","['San Martin', 'Coronel Biedma']",2,,-32.98123863248,-60.644762070747,55.0,538.0,Municipio Rosario,Municipio,Rosario,820210,Servicio de Catastro e Información Territorial,IGN
2019,2211,2019-04-20,Sabado,,19:05:00,,0.0,2,"Peatón,Automóvil",Marco Polo Y Ayacucho,2,1,0,0,1,0,0,"-33.010543107636,-60.635639844118",Avenida,,ROSARIO,Rosario,Asfalto,No existe,II,Dentro,Urbana,Marca Vial,No existe,Intersección,S/D,S/D,Atardecer,S/D,S/D,Peatón,Atropello,S/D,Horizontal,Línea divisoria pintada,S/D,"-33.010543107636,-60.635639844118","['Marco Polo', 'Ayacucho']",2,,-33.010543107636,-60.635639844118,55.0,538.0,Municipio Rosario,Municipio,Rosario,820210,Servicio de Catastro e Información Territorial,IGN
2019,2212,2019-04-21,Domingo,,13:00:00,,0.0,2,"Moto/Ciclomotor,Bicicleta",San Martin Y Av. Battle y Ordoñez,2,1,0,0,1,0,0,"-33.008897602558136,-60.65069362521",Avenida,,ROSARIO,Rosario,Asfalto,No existe,II,Dentro,Urbana,Semáforo,Funciona,Paso a Nivel FFCC,Bueno,Buena,Diurna,Buen Tiempo,S/D,Ciclista,Atropello,S/D,"Horizontal,Vertical",Ninguna,Sin restricción,"-33.008897602558136,-60.65069362521","['San Martin', 'Avenida Battle y Ordoñez']",2,,-33.008897602558136,-60.65069362521,55.0,538.0,Municipio Rosario,Municipio,Rosario,820210,Servicio de Catastro e Información Territorial,IGN
2019,2213,2019-04-22,Lunes,,12:15:00,,0.0,2,"Bicicleta,Transporte de Pasajeros Urbano (> 8 asientos)",San Martin Y Reg.11 de Infanteria,2,1,0,0,1,0,0,"-32.9987695813179,-60.6484553217887",Avenida,,ROSARIO,Rosario,Asfalto,No existe,II,Dentro,Urbana,Semáforo,Funciona,Recta,Bueno,Buena,Diurna,Buen Tiempo,S/D,Ciclista,Atropello,Ninguna,"Horizontal,Vertical",Cordón divisorio,Sin restricción,"-32.9987695813179,-60.6484553217887","['San Martin', 'Regimiento 11']",2,,-32.9987695813179,-60.6484553217887,55.0,538.0,Municipio Rosario,Municipio,Rosario,820210,Servicio de Catastro e Información Territorial,IGN
2019,2214,2019-04-21,Domingo,,17:00:00,,0.0,2,"Moto/Ciclomotor,Automóvil",Pje. Yugoslavia Y Estado de Israel,2,1,0,0,1,0,0,"-32.99203723669052,-60.655929297208",Calle,,ROSARIO,Rosario,Asfalto,No existe,II,Dentro,Urbana,Ninguna,No existe,Intersección,Bueno,Buena,Atardecer,Buen Tiempo,Lateral,S/D,Colisión,Ninguna,Faltante,Ninguna,Sin restricción,"-32.99203723669052,-60.655929297208","['Yugoslavia', 'Estado de Israel']",2,,-32.99203723669052,-60.655929297208,55.0,538.0,Municipio Rosario,Municipio,Rosario,820210,Servicio de Catastro e Información Territorial,IGN
2019,2215,2019-04-18,Jueves,,15:30:00,,0.0,2,"Peatón,Automóvil",Gaboto 1550,2,0,1,0,1,0,0,"-32.972211824996,-60.651203262689",Calle,,ROSARIO,Rosario,Asfalto,No existe,II,Dentro,Urbana,Ninguna,No existe,Recta,Bueno,Buena,Diurna,Buen Tiempo,S/D,Peatón,Atropello,Ninguna,Faltante,Ninguna,Sin restricción,"-32.972211824996,-60.651203262689",['Gaboto 1550'],1,,-32.972211824996,-60.651203262689,55.0,538.0,Municipio Rosario,Municipio,Rosario,820210,Servicio de Catastro e Información Territorial,IGN
2019,2216,2019-04-20,Sabado,,17:30:00,,0.0,2,"Automóvil,Automóvil",Bv. Segui Y Mitre,3,1,0,0,2,0,0,"-32.978716541034,-60.64771983852",Avenida,,ROSARIO,Rosario,Asfalto,No existe,II,Dentro,Urbana,Señal Pare,No existe,Intersección,Bueno,Buena,Atardecer,Buen Tiempo,S/D,S/D,Colisión,Ninguna,Vertical,Cordón divisorio,Sin restricción,"-32.978716541034,-60.64771983852","['Bulevar Juan Francisco Seguí', 'Mitre']",2,,-32.978716541034,-60.64771983852,55.0,538.0,Municipio Rosario,Municipio,Rosario,820210,Servicio de Catastro e Información Territorial,IGN
2019,2217,2019-04-19,Viernes,,18:45:00,,0.0,2,"Automóvil,Automóvil",San Martin Y Alzugaray,6,4,0,0,2,0,0,"-33.013050360811,-60.651443046722",Avenida,,ROSARIO,Rosario,Asfalto,No existe,II,Dentro,Urbana,Ninguna,No existe,Intersección,Bueno,Buena,Atardecer,Buen Tiempo,Lateral,S/D,Colisión,Ninguna,Faltante,Cordón divisorio,Sin restricción,"-33.013050360811,-60.651443046722","['San Martin', 'Alzugaray']",2,,-33.013050360811,-60.651443046722,55.0,538.0,Municipio Rosario,Municipio,Rosario,820210,Servicio de Catastro e Información Territorial,IGN
2019,2218,2019-04-13,Sabado,,07:15:00,,0.0,2,"Automóvil,Moto/Ciclomotor",Laprida Y Av. Battle y Ordoñez,3,2,0,0,1,0,0,"-33.00887338721,-60.64672344202",Avenida,,ROSARIO,Rosario,Asfalto,No existe,II,Dentro,Urbana,Semáforo,Funciona,Intersección,Bueno,Buena,Diurna,Buen Tiempo,Lateral,S/D,Colisión,Ninguna,"Horizontal,Vertical",Línea divisoria pintada,Sin restricción,"-33.00887338721,-60.64672344202","['Laprida', 'Avenida Battle y Ordoñez']",2,,-33.00887338721,-60.64672344202,55.0,538.0,Municipio Rosario,Municipio,Rosario,820210,Servicio de Catastro e Información Territorial,IGN
2019,2219,2019-04-23,Martes,,15:25:00,,0.0,2,"Bicicleta,Automóvil",España Y 24 De Setiembre,2,1,0,0,1,0,0,"-32.97873079776764,-60.655034780502",Calle,,ROSARIO,Rosario,Asfalto,No existe,II,Dentro,Urbana,Ninguna,No existe,Intersección,Bueno,Buena,Diurna,Buen Tiempo,S/D,Ciclista,Atropello,Ninguna,Faltante,Ninguna,Sin restricción,"-32.97873079776764,-60.655034780502","['España', '24 de Septiembre']",2,,-32.97873079776764,-60.655034780502,55.0,538.0,Municipio Rosario,Municipio,Rosario,820210,Servicio de Catastro e Información Territorial,IGN
2019,2221,2019-04-23,Martes,,12:30:00,,0.0,2,"Moto/Ciclomotor,Pickup/Utilitario",Pavon Y J.M.Gutierrez,2,1,0,0,1,0,0,"-32.99353927373886,-60.634499788284",Calle,,ROSARIO,Rosario,Asfalto,No existe,II,Dentro,Urbana,Ninguna,No existe,Intersección,Bueno,Buena,Diurna,Buen Tiempo,Lateral,S/D,Colisión,Ninguna,Faltante,Ninguna,Sin restricción,"-32.99353927373886,-60.634499788284","['Pavón', 'Gutierrez']",2,,-32.99353927373886,-60.634499788284,55.0,538.0,Municipio Rosario,Municipio,Rosario,820210,Servicio de Catastro e Información Territorial,IGN
2019,2223,2019-04-14,Domingo,,18:30:00,,0.0,2,"Bicicleta,Automóvil",MUÑOZ Y Pje. Aguirre,2,1,0,0,1,0,0,"-33.007932007312775,-60.63490480184",Calle,,ROSARIO,Rosario,Asfalto,No existe,II,Dentro,Urbana,Ninguna,No existe,Intersección,Deteriorada,Buena,Atardecer,Buen Tiempo,S/D,Ciclista,Atropello,Ninguna,Faltante,Ninguna,Sin restricción,"-33.007932007312775,-60.63490480184","['Muñoz', 'Aguirre']",2,,-33.007932007312775,-60.63490480184,55.0,538.0,Municipio Rosario,Municipio,Rosario,820210,Servicio de Catastro e Información Territorial,IGN
2019,2224,2019-04-14,Domingo,,22:05:00,,0.0,2,"Bicicleta,Automóvil",Uruguay Y Sarmiento,2,1,0,0,1,0,0,"-32.97678887844086,-60.645783841609",Calle,,ROSARIO,Rosario,Asfalto,No existe,II,Dentro,Urbana,Ninguna,No existe,Intersección,Bueno,Buena,Nocturna,Buen Tiempo,S/D,Ciclista,Atropello,Ninguna,Faltante,Ninguna,Sin restricción,"-32.97678887844086,-60.645783841609","['Uruguay', 'Sarmiento']",2,,-32.97678887844086,-60.645783841609,55.0,538.0,Municipio Rosario,Municipio,Rosario,820210,Servicio de Catastro e Información Territorial,IGN
2019,2284,2019-04-06,Sabado,,16:40:00,,0.0,2,"Moto/Ciclomotor,Automóvil",Alzugaray Y Pje. Outes,2,1,0,0,1,0,0,"-33.012779747248,-60.641332987514",Calle,,ROSARIO,Rosario,Asfalto,No existe,II,Dentro,Urbana,Ninguna,No existe,Intersección,S/D,S/D,Diurna,S/D,S/D,S/D,Colisión,S/D,Faltante,Ninguna,S/D,"-33.012779747248,-60.641332987514","['Alzugaray', 'Outes']",2,,-33.012779747248,-60.641332987514,55.0,538.0,Municipio Rosario,Municipio,Rosario,820210,Servicio de Catastro e Información Territorial,IGN
2019,2288,2019-04-04,Jueves,,,,0.0,2,"Moto/Ciclomotor,Automóvil",Ayacucho Y Av. Battle y Ordoñez,2,1,0,0,1,0,0,"-33.008544013093,-60.635718498176",Avenida,,ROSARIO,Rosario,Asfalto,No existe,II,Dentro,Urbana,Semáforo,Funciona,Intersección,S/D,Reducida,S/D,Lluvia,De alcance,S/D,Colisión,S/D,"Horizontal,Vertical",Línea divisoria pintada,Sin restricción,"-33.008544013093,-60.635718498176","['Ayacucho', 'Avenida Battle y Ordoñez']",2,,-33.008544013093,-60.635718498176,55.0,538.0,Municipio Rosario,Municipio,Rosario,820210,Servicio de Catastro e Información Territorial,IGN
2019,2290,2019-04-10,Miercoles,,18:50:00,,0.0,2,"Moto/Ciclomotor,Moto/Ciclomotor",Pje. Casablanca Y Italia,2,1,0,0,1,0,0,"-32.977948933839805,-60.65625116229",Calle,,ROSARIO,Rosario,Asfalto,No existe,II,Dentro,Urbana,Ninguna,No existe,Intersección,Bueno,Buena,Atardecer,Buen Tiempo,Lateral,S/D,Colisión,Ninguna,Faltante,Ninguna,Sin restricción,"-32.977948933839805,-60.65625116229","['Casablanca', 'Italia']",2,,-32.977948933839805,-60.65625116229,55.0,538.0,Municipio Rosario,Municipio,Rosario,820210,Servicio de Catastro e Información Territorial,IGN
2019,2292,2019-04-03,Miercoles,,16:35:00,,0.0,2,"Automóvil,Moto/Ciclomotor",Biedma Y Pte.Roca,2,1,0,0,1,0,0,"-32.980114817619324,-60.65393105149",Calle,,ROSARIO,Rosario,Asfalto,No existe,II,Dentro,Urbana,Ninguna,No existe,Intersección,Bueno,Buena,Diurna,Buen Tiempo,Lateral,S/D,Colisión,Ninguna,Faltante,Ninguna,Sin restricción,"-32.980114817619324,-60.65393105149","['Coronel Biedma', 'Roca']",2,,-32.980114817619324,-60.65393105149,55.0,538.0,Municipio Rosario,Municipio,Rosario,820210,Servicio de Catastro e Información Territorial,IGN
2019,2294,2019-04-11,Jueves,,14:20:00,,0.0,2,"Moto/Ciclomotor,Automóvil",Saavedra Y Mariano Moreno,2,1,0,0,1,0,0,"-32.97570043374,-60.658508107288",Calle,,ROSARIO,Rosario,Asfalto,No existe,II,Dentro,Urbana,Ninguna,No existe,Intersección,Bueno,Buena,Diurna,Buen Tiempo,Lateral,S/D,Colisión,Ninguna,Faltante,Ninguna,Sin restricción,"-32.97570043374,-60.658508107288","['Saavedra', 'Mariano Moreno']",2,,-32.97570043374,-60.658508107288,55.0,538.0,Municipio Rosario,Municipio,Rosario,820210,Servicio de Catastro e Información Territorial,IGN
2019,2297,2019-04-12,Viernes,,13:05:00,,0.0,2,"Moto/Ciclomotor,Automóvil",Buenos Aires Y Pje. Ortiz,3,1,0,0,2,0,0,"-32.979441328738,-60.640756701334",Calle,,ROSARIO,Rosario,Asfalto,No existe,II,Dentro,Urbana,Ninguna,No existe,Intersección,Bueno,Buena,Diurna,Buen Tiempo,Lateral,S/D,Colisión,Ninguna,Faltante,Ninguna,Sin restricción,"-32.979441328738,-60.640756701334","['Buenos Aires', 'Ortiz']",2,,-32.979441328738,-60.640756701334,55.0,538.0,Municipio Rosario,Municipio,Rosario,820210,Servicio de Catastro e Información Territorial,IGN