anio_acci,nro_acci,fecha,desc_dia,fecha_aprox,hora_aprox,desc_ruta,km,cant_participantes,desc_participante,calle_avenida_km,total,heridos_leves,heridos_graves,heridos_gravisimos,ilesos,fallecidos,sin_datos,posicion_XY,desc_tipo_via,desc_ruta_ori,desc_loc,desc_dpto,desc_tipo_calzada,desc_tipo_banquina,desc_unidad_regional,desc_lugar_calzada,desc_zona,desc_prioridad,desc_estado_semaforo,desc_lugar_via,desc_estado_via,desc_estado_visibilidad,desc_luminosidad,desc_estado_clima,desc_tipo_colision,desc_tipo_atropello,desc_tipo_hecho,desc_pres_calzada,desc_senializacion,desc_separacion_via,desc_restriccion,forma_geocod,calle_lista,numero_calles,calles_osm,lat,lon,index_right,gid,fna,gna,nam,in1,fdc,sag
2019,2299,2019-04-11,Jueves,,18:10:00,,0.0,2,"Moto/Ciclomotor,Moto/Ciclomotor",Av. Uriburu Y Paraguay,3,1,0,0,2,0,0,"-32.990858429232,-60.655165360792",Avenida,,ROSARIO,Rosario,Asfalto,No existe,II,Dentro,Urbana,Paso Peatonal,No existe,Intersección,Bueno,Buena,Diurna,Buen Tiempo,Lateral,S/D,Colisión,Ninguna,Horizontal,Cordón divisorio,Sin restricción,"-32.990858429232,-60.655165360792","['Uriburu', 'Paraguay']",2,,-32.990858429232,-60.655165360792,55.0,538.0,Municipio Rosario,Municipio,Rosario,820210,Servicio de Catastro e Información Territorial,IGN
2019,2300,2019-04-04,Jueves,,01:00:00,,0.0,2,"Moto/Ciclomotor,Taxi/Remis",Mitre Y Bv. Segui,2,1,0,0,1,0,0,"-32.978716541034,-60.64771983852",Calle,,ROSARIO,Rosario,Asfalto,No existe,II,Dentro,Urbana,Señal Pare,No existe,Intersección,Bueno,Buena,"Nocturna,Con luz artificial",Buen Tiempo,Lateral,S/D,Colisión,Ninguna,Vertical,Ninguna,Sin restricción,"-32.978716541034,-60.64771983852","['Mitre', 'Bulevar Juan Francisco Seguí']",2,,-32.978716541034,-60.64771983852,55.0,538.0,Municipio Rosario,Municipio,Rosario,820210,Servicio de Catastro e Información Territorial,IGN
2019,2305,2019-04-03,Miercoles,,09:55:00,,0.0,2,"Moto/Ciclomotor,Automóvil",Buenos Aires Y Bv. Segui,3,2,0,0,1,0,0,"-32.980144894205,-60.64093187934",Avenida,,ROSARIO,Rosario,Asfalto,No existe,II,Dentro,Urbana,Señal Pare,No existe,Intersección,Bueno,Buena,Diurna,Buen Tiempo,Lateral,S/D,Colisión,Ninguna,Vertical,Cordón divisorio,Sin restricción,"-32.980144894205,-60.64093187934","['Buenos Aires', 'Bulevar Juan Francisco Seguí']",2,,-32.980144894205,-60.64093187934,55.0,538.0,Municipio Rosario,Municipio,Rosario,820210,Servicio de Catastro e Información Territorial,IGN
2019,2312,2019-06-15,Sabado,,21:25:00,,0.0,2,"Moto/Ciclomotor,Automóvil",Av. Avellaneda B Y Lamadrid,2,0,1,0,1,0,0,"-32.99828, -60.68882",Avenida,,ROSARIO,Rosario,Asfalto,Pavimento,II,Dentro,Urbana,Ninguna,No existe,Recta,Bueno,Buena,Nocturna,Buen Tiempo,De alcance,S/D,Colisión,Ninguna,S/D,Línea divisoria pintada,Sin restricción,"-32.99828, -60.68882","['Avellaneda', 'Lamadrid']",2,,-32.99828,-60.68882,55.0,538.0,Municipio Rosario,Municipio,Rosario,820210,Servicio de Catastro e Información Territorial,IGN
2019,2314,2019-06-14,Viernes,,20:15:00,,0.0,2,"Moto/Ciclomotor,Automóvil",Paraguay Y Av. Battle y Ordoñez,2,0,1,0,1,0,0,"-33.00895929336544,-60.654433965682",Avenida,,ROSARIO,Rosario,Asfalto,Pavimento,II,Dentro,Urbana,Semáforo,Funciona,Recta,Bueno,Buena,Nocturna,Buen Tiempo,Lateral,S/D,Colisión,Ninguna,S/D,Ninguna,Sin restricción,"-33.00895929336544,-60.654433965682","['Paraguay', 'Avenida Battle y Ordoñez']",2,,-33.00895929336544,-60.654433965682,55.0,538.0,Municipio Rosario,Municipio,Rosario,820210,Servicio de Catastro e Información Territorial,IGN
2019,2315,2019-06-14,Viernes,,19:40:00,,0.0,2,"Moto/Ciclomotor,Pickup/Utilitario",Lamadrid Y Av. Ovidio Lagos,3,2,0,0,1,0,0,"-32.9979, -60.67483",Avenida,,ROSARIO,Rosario,Asfalto,Pavimento,II,Dentro,Urbana,Semáforo,Funciona,Recta,Bueno,Buena,Nocturna,Buen Tiempo,Frontal,S/D,Colisión,Ninguna,S/D,Ninguna,Sin restricción,"-32.9979, -60.67483","['Lamadrid', 'Avenida Ovidio Lagos']",2,,-32.9979,-60.67483,55.0,538.0,Municipio Rosario,Municipio,Rosario,820210,Servicio de Catastro e Información Territorial,IGN
2019,2317,2019-06-14,Viernes,,13:50:00,,0.0,2,"Moto/Ciclomotor,Taxi/Remis",Av. Ovidio Lagos Y Av. Jorge Cura,2,0,1,0,1,0,0,"-32.9698, -60.66805",Avenida,,ROSARIO,Rosario,Asfalto,Pavimento,II,Dentro,Urbana,Semáforo,Funciona,Recta,Bueno,Buena,Diurna,Buen Tiempo,Lateral,S/D,Colisión,Ninguna,S/D,Ninguna,Sin restricción,"-32.9698, -60.66805","['Avenida Ovidio Lagos', 'Avenida Jorge Cura']",2,,-32.9698,-60.66805,55.0,538.0,Municipio Rosario,Municipio,Rosario,820210,Servicio de Catastro e Información Territorial,IGN
2019,2319,2019-06-15,Sabado,,18:00:00,,0.0,2,"Automóvil,Automóvil",Suipacha Y Latzina,2,1,0,0,1,0,0,"-32.96741, -60.67067",Calle,,ROSARIO,Rosario,Asfalto,Pavimento,II,S/D,Urbana,Ninguna,No existe,Recta,Bueno,Buena,Atardecer,Buen Tiempo,Lateral,S/D,Colisión,Ninguna,S/D,Ninguna,Sin restricción,"-32.96741, -60.67067","['Suipacha', 'Latzina']",2,,-32.96741,-60.67067,55.0,538.0,Municipio Rosario,Municipio,Rosario,820210,Servicio de Catastro e Información Territorial,IGN
2019,2320,2019-06-10,Lunes,,17:00:00,,0.0,1,Automóvil,Av. Arijon 2700,1,1,0,0,0,0,0,"-33.00371, -60.67129",Avenida,,ROSARIO,Rosario,Asfalto,Pavimento,II,Dentro,Urbana,Ninguna,Intermitente,Recta,Bueno,Buena,Diurna,Buen Tiempo,Contra objeto fijo,S/D,Colisión,Ninguna,S/D,Ninguna,Sin restricción,"-33.00371, -60.67129",['Arijon 2700'],1,,-33.00371,-60.67129,55.0,538.0,Municipio Rosario,Municipio,Rosario,820210,Servicio de Catastro e Información Territorial,IGN
2019,2322,2019-03-25,Lunes,,19:00:00,,0.0,2,"Moto/Ciclomotor,Automóvil",Bv. Oroño Y Juan Canals,3,0,1,0,2,0,0,"    -32.98669, -60.66403",Calle,,ROSARIO,Rosario,Asfalto,No existe,II,Dentro,Urbana,Ninguna,No existe,Intersección,S/D,S/D,Atardecer,S/D,S/D,S/D,Colisión,S/D,S/D,Cordón divisorio,Sin restricción,"    -32.98669, -60.66403","['Bulevar Nicasio Oroño', 'Juan Canals']",2,,-32.98669,-60.66403,55.0,538.0,Municipio Rosario,Municipio,Rosario,820210,Servicio de Catastro e Información Territorial,IGN
2019,2323,2019-06-10,Lunes,,11:00:00,,0.0,2,"Moto/Ciclomotor,Automóvil",Santiago Y Sanchez de Bustamante,4,2,0,0,2,0,0,"-33.00258, -60.6677",Calle,,ROSARIO,Rosario,Asfalto,Pavimento,II,Dentro,Urbana,Ninguna,No existe,Recta,Bueno,Buena,Diurna,Buen Tiempo,Lateral,S/D,Colisión,Ninguna,S/D,Ninguna,Sin restricción,"-33.00258, -60.6677","['Santiago', 'Sánchez de Bustamante']",2,,-33.00258,-60.6677,55.0,538.0,Municipio Rosario,Municipio,Rosario,820210,Servicio de Catastro e Información Territorial,IGN
2019,2324,2019-03-27,Miercoles,,10:30:00,,0.0,2,"Moto/Ciclomotor,Pickup/Utilitario",Bv. Segui Y Bv. Avellaneda,2,1,0,0,1,0,0,"    -32.97175, -60.68732",Avenida,,ROSARIO,Rosario,Asfalto,No existe,II,Dentro,Urbana,Ninguna,Funciona,Intersección,S/D,S/D,Diurna,Buen Tiempo,S/D,S/D,Colisión,S/D,S/D,Cordón divisorio,Sin restricción,"    -32.97175, -60.68732","['Bulevar Juan Francisco Seguí', 'Avellaneda']",2,,-32.97175,-60.68732,55.0,538.0,Municipio Rosario,Municipio,Rosario,820210,Servicio de Catastro e Información Territorial,IGN
2019,2326,2019-06-10,Lunes,,01:00:00,,0.0,1,Moto/Ciclomotor,Av. Francia Y Lacar,1,1,0,0,0,0,0,"-32.98497, -60.6771",Calle,,ROSARIO,Rosario,Asfalto,Pavimento,II,Dentro,Urbana,Ninguna,No existe,Recta,Bueno,Buena,Nocturna,Buen Tiempo,Contra objeto fijo,S/D,Colisión,Ninguna,S/D,Ninguna,Sin restricción,"-32.98497, -60.6771","['Avenida Francia', 'Lacar']",2,,-32.98497,-60.6771,55.0,538.0,Municipio Rosario,Municipio,Rosario,820210,Servicio de Catastro e Información Territorial,IGN
2019,2328,2019-03-30,Sabado,,02:00:00,,0.0,2,"Moto/Ciclomotor,Peatón",Av. Battle y Ordoñez Y Paraguay,2,1,0,0,1,0,0,"    -33.00901, -60.65443",Calle,,ROSARIO,Rosario,Asfalto,Natural,II,Dentro,Urbana,S/D,No existe,Intersección,S/D,S/D,"Nocturna,Con luz artificial",S/D,S/D,Peatón,Atropello,S/D,S/D,S/D,S/D,"    -33.00901, -60.65443","['Avenida Battle y Ordoñez', 'Paraguay']",2,,-33.00901,-60.65443,55.0,538.0,Municipio Rosario,Municipio,Rosario,820210,Servicio de Catastro e Información Territorial,IGN
2019,2331,2019-02-17,Domingo,,11:50:00,,0.0,2,"Moto/Ciclomotor,Automóvil",Av. Ntra.Sra.del Rosario 1600,4,1,0,0,3,0,0,"-33.00028, -60.65649",Avenida,,ROSARIO,Rosario,Asfalto,S/D,II,Dentro,Urbana,S/D,S/D,Recta,S/D,S/D,Diurna,S/D,S/D,S/D,Colisión,S/D,S/D,S/D,S/D,"-33.00028, -60.65649",['Ntra Sra Del Rosario 1600'],1,,-33.00028,-60.65649,55.0,538.0,Municipio Rosario,Municipio,Rosario,820210,Servicio de Catastro e Información Territorial,IGN
2019,2335,2019-04-01,Lunes,,08:40:00,,0.0,2,"Moto/Ciclomotor,Moto/Ciclomotor",Maipu Y Bv. Segui,2,1,0,0,1,0,0,"-32.979658608558,-60.643653419396",Avenida,,ROSARIO,Rosario,Asfalto,No existe,II,Dentro,Urbana,Ninguna,No existe,Intersección,Bueno,Buena,Diurna,Buen Tiempo,Lateral,S/D,Colisión,Ninguna,Faltante,Cordón divisorio,Sin restricción,"-32.979658608558,-60.643653419396","['Maipú', 'Bulevar Juan Francisco Seguí']",2,,-32.979658608558,-60.643653419396,55.0,538.0,Municipio Rosario,Municipio,Rosario,820210,Servicio de Catastro e Información Territorial,IGN
2019,2373,2019-03-31,Domingo,,04:20:00,,0.0,1,Moto/Ciclomotor,Paraguay Y Rafael Arrieta,1,1,0,0,0,0,0,"    -33.00967, -60.65441",Calle,,ROSARIO,Rosario,Asfalto,No existe,II,Dentro,Urbana,Ninguna,No existe,Intersección,S/D,S/D,Nocturna,S/D,S/D,S/D,Caída ocupante,S/D,S/D,S/D,Sin restricción,"    -33.00967, -60.65441","['Paraguay', 'Rafael Arrieta']",2,,-33.00967,-60.65441,55.0,538.0,Municipio Rosario,Municipio,Rosario,820210,Servicio de Catastro e Información Territorial,IGN
2019,2429,2019-03-29,Viernes,,07:00:00,,0.0,2,"Moto/Ciclomotor,Automóvil",Alsina Y Ocampo,3,2,0,0,1,0,0,"    -32.9596, -60.68146",Calle,,ROSARIO,Rosario,Asfalto,No existe,II,Dentro,Urbana,Ninguna,No existe,Intersección,Bueno,Buena,"Amanecer,Con luz artificial",Buen Tiempo,De alcance,S/D,Colisión,Ninguna,S/D,Ninguna,Sin restricción,"    -32.9596, -60.68146","['Alsina', 'Ocampo']",2,,-32.9596,-60.68146,55.0,538.0,Municipio Rosario,Municipio,Rosario,820210,Servicio de Catastro e Información Territorial,IGN
2019,2456,2019-02-18,Lunes,,08:35:00,,0.0,2,"Automóvil,Moto/Ciclomotor",J.J.Paso Y Fraga Bis,3,2,0,0,1,0,0,"-32.92017, -60.71139",Calle,,ROSARIO,Rosario,Asfalto,No existe,II,Dentro,Urbana,Ninguna,No existe,Intersección,Bueno,Buena,Amanecer,Buen Tiempo,Otro,S/D,Colisión,Ninguna,Faltante,Ninguna,Sin restricción,"-32.92017, -60.71139","['Paso', 'Fraga']",2,,-32.92017,-60.71139,55.0,538.0,Municipio Rosario,Municipio,Rosario,820210,Servicio de Catastro e Información Territorial,IGN
2019,2457,2019-02-18,Lunes,,16:30:00,,0.0,2,"Pickup/Utilitario,Moto/Ciclomotor",J.J.Paso Y Av. Ing.Acevedo,2,0,1,0,1,0,0,"-32.92123, -60.74909",Avenida,,ROSARIO,Rosario,Asfalto,No existe,II,Dentro,Urbana,Ninguna,S/D,Intersección,Bueno,Buena,Atardecer,Buen Tiempo,S/D,S/D,Colisión,Ninguna,S/D,Ninguna,Sin restricción,"-32.92123, -60.74909","['Paso', 'Acevedo']",2,,-32.92123,-60.74909,55.0,538.0,Municipio Rosario,Municipio,Rosario,820210,Servicio de Catastro e Información Territorial,IGN
2019,2458,2019-02-18,Lunes,,16:40:00,,0.0,2,"Moto/Ciclomotor,Moto/Ciclomotor",Gaboto Y Av. Corrientes,2,1,0,0,1,0,0,"-32.97258, -60.64911",Calle,,ROSARIO,Rosario,Asfalto,No existe,II,Dentro,Urbana,Ninguna,No existe,Intersección,Bueno,Buena,Atardecer,Buen Tiempo,Lateral,S/D,Colisión,Ninguna,S/D,Cordón divisorio,Sin restricción,"-32.97258, -60.64911","['Gaboto', 'Corrientes']",2,,-32.97258,-60.64911,55.0,538.0,Municipio Rosario,Municipio,Rosario,820210,Servicio de Catastro e Información Territorial,IGN
2019,2459,2019-02-18,Lunes,,,,0.0,2,"Peatón,Taxi/Remis",Laprida Y San Juan,2,1,0,0,1,0,0,"-32.95099, -60.63495",Calle,,ROSARIO,Rosario,Asfalto,No existe,II,Dentro,Urbana,Paso Peatonal,No existe,Intersección,Bueno,Buena,"Diurna,Con luz artificial",Buen Tiempo,S/D,Peatón,Atropello,Ninguna,S/D,Ninguna,Sin restricción,"-32.95099, -60.63495","['Laprida', 'San Juan']",2,,-32.95099,-60.63495,55.0,538.0,Municipio Rosario,Municipio,Rosario,820210,Servicio de Catastro e Información Territorial,IGN
2019,2489,2019-02-18,Lunes,,11:50:00,,0.0,2,"Peatón,Automóvil",Paraguay 500,3,2,0,0,1,0,0,"-32.94205, -60.64287",Calle,,ROSARIO,Rosario,Asfalto,Pavimento,II,S/D,Urbana,Ninguna,S/D,Recta,Bueno,Buena,Diurna,Buen Tiempo,S/D,Peatón,Atropello,Ninguna,S/D,S/D,Sin restricción,"-32.94205, -60.64287",['Paraguay 500'],1,,-32.94205,-60.64287,55.0,538.0,Municipio Rosario,Municipio,Rosario,820210,Servicio de Catastro e Información Territorial,IGN
2019,2492,2019-02-18,Lunes,,08:22:00,,0.0,2,"Moto/Ciclomotor,Automóvil",Cordoba Y Castellanos,2,1,0,0,1,0,0,"-32.9398, -60.67505",Calle,,ROSARIO,Rosario,Asfalto,No existe,II,Dentro,Urbana,S/D,Funciona,Intersección,Bueno,Buena,Diurna,Buen Tiempo,S/D,S/D,Colisión,Ninguna,Faltante,S/D,S/D,"-32.9398, -60.67505","['Córdoba', 'Aaron Castellanos']",2,,-32.9398,-60.67505,55.0,538.0,Municipio Rosario,Municipio,Rosario,820210,Servicio de Catastro e Información Territorial,IGN
2019,2494,2019-02-18,Lunes,,15:45:00,,0.0,2,"Moto/Ciclomotor,Automóvil",Freyre Y Cavia,2,1,0,0,1,0,0,"-32.89578, -60.70952",Calle,,ROSARIO,Rosario,Asfalto,No existe,II,Dentro,Urbana,Ninguna,No existe,Intersección,Bueno,Buena,Diurna,Buen Tiempo,De alcance,S/D,Colisión,Ninguna,Faltante,Ninguna,Sin restricción,"-32.89578, -60.70952","['Freyre', 'Cavia']",2,,-32.89578,-60.70952,55.0,538.0,Municipio Rosario,Municipio,Rosario,820210,Servicio de Catastro e Información Territorial,IGN
2019,2497,2019-02-18,Lunes,,07:45:00,,0.0,2,"Moto/Ciclomotor,Pickup/Utilitario",Av. Ntra.Sra.del Rosario Y Santiago,3,1,1,0,0,0,1,"-33.00067, -60.66778",Calle,,ROSARIO,Rosario,Asfalto,No existe,II,Dentro,Urbana,S/D,S/D,Intersección,S/D,S/D,Amanecer,Buen Tiempo,Lateral,S/D,Colisión,S/D,S/D,S/D,S/D,"-33.00067, -60.66778","['Nuestra Señora del Rosario', 'Santiago']",2,,-33.00067,-60.66778,55.0,538.0,Municipio Rosario,Municipio,Rosario,820210,Servicio de Catastro e Información Territorial,IGN
2019,2499,2019-02-18,Lunes,,21:45:00,,0.0,2,"Moto/Ciclomotor,Automóvil",Bv. Segui Y Castellanos,3,1,0,0,2,0,0,"-32.97249, -60.68333",Calle,,ROSARIO,Rosario,Asfalto,No existe,II,S/D,Urbana,S/D,S/D,Intersección,S/D,S/D,S/D,S/D,S/D,S/D,Colisión,S/D,S/D,Cordón divisorio,S/D,"-32.97249, -60.68333","['Bulevar Juan Francisco Seguí', 'Aaron Castellanos']",2,,-32.97249,-60.68333,55.0,538.0,Municipio Rosario,Municipio,Rosario,820210,Servicio de Catastro e Información Territorial,IGN
2019,2524,2019-01-29,Martes,,01:30:00,,0.0,1,Moto/Ciclomotor,Riobamba Y F.More,1,0,1,0,0,0,0,"    -32.95404, -60.69323",Avenida,,ROSARIO,Rosario,Asfalto,No existe,II,Dentro,Urbana,S/D,S/D,Intersección,S/D,S/D,Nocturna,S/D,Contra objeto fijo,S/D,Colisión,S/D,S/D,S/D,S/D,"    -32.95404, -60.69323","['Riobamba', 'Felipe Moré']",2,,-32.95404,-60.69323,55.0,538.0,Municipio Rosario,Municipio,Rosario,820210,Servicio de Catastro e Información Territorial,IGN
2019,2561,2019-06-03,Lunes,,08:45:00,,0.0,2,"Moto/Ciclomotor,Pickup/Utilitario",Av. Eva Peron Y F.More,2,0,1,0,1,0,0,"-32.93656, -60.6935",Avenida,,ROSARIO,Rosario,Asfalto,S/D,II,Dentro,Urbana,Semáforo,S/D,Intersección,Bueno,S/D,S/D,Buen Tiempo,Lateral,S/D,Colisión,Ninguna,S/D,Ninguna,Sin restricción,"-32.93656, -60.6935","['Avenida Eva Perón', 'Felipe Moré']",2,,-32.93656,-60.6935,55.0,538.0,Municipio Rosario,Municipio,Rosario,820210,Servicio de Catastro e Información Territorial,IGN
2019,2565,2019-02-19,Martes,,18:10:00,,0.0,2,"Moto/Ciclomotor,Automóvil",Formosa Y Humberto I,3,1,0,0,2,0,0,"-32.92993, -60.69119",Calle,,ROSARIO,Rosario,S/D,No existe,II,Dentro,Urbana,Ninguna,No existe,Intersección,S/D,S/D,Diurna,S/D,Lateral,S/D,Colisión,S/D,Faltante,Ninguna,Sin restricción,"-32.92993, -60.69119","['Formosa', 'Humberto']",2,,-32.92993,-60.69119,55.0,538.0,Municipio Rosario,Municipio,Rosario,820210,Servicio de Catastro e Información Territorial,IGN
2019,2568,2019-02-19,Martes,,11:00:00,,0.0,3,"Automóvil,Automóvil,Pickup/Utilitario",San Martin Y Dean Funes,3,2,0,0,1,0,0,"-32.9759, -60.64402",Calle,,ROSARIO,Rosario,Asfalto,No existe,II,S/D,Urbana,Ninguna,Funciona,Intersección,Bueno,S/D,S/D,Buen Tiempo,Múltiple,S/D,Colisión,Ninguna,S/D,Cordón divisorio,Sin restricción,"-32.9759, -60.64402","['San Martin', 'Deán Gregorio Funes']",2,,-32.9759,-60.64402,55.0,538.0,Municipio Rosario,Municipio,Rosario,820210,Servicio de Catastro e Información Territorial,IGN
2019,2569,2019-02-19,Martes,,19:00:00,,0.0,2,"Moto/Ciclomotor,Moto/Ciclomotor",Buenos Aires Y Saavedra,3,2,0,0,1,0,0,"-32.97892, -60.64063",Calle,,ROSARIO,Rosario,Asfalto,No existe,II,Dentro,Urbana,Ninguna,No existe,Intersección,Bueno,Buena,Atardecer,Buen Tiempo,Lateral,S/D,Colisión,Ninguna,S/D,Ninguna,Sin restricción,"-32.97892, -60.64063","['Buenos Aires', 'Saavedra']",2,,-32.97892,-60.64063,55.0,538.0,Municipio Rosario,Municipio,Rosario,820210,Servicio de Catastro e Información Territorial,IGN
2019,2570,2019-02-19,Martes,,11:00:00,,0.0,2,"Moto/Ciclomotor,Automóvil",Galvez Y Alvear,2,1,0,0,1,0,0,"-32.96582, -60.66029",Calle,,ROSARIO,Rosario,Asfalto,No existe,II,Dentro,Urbana,Ninguna,No existe,Intersección,Bueno,Buena,Diurna,Buen Tiempo,Lateral,S/D,Colisión,Ninguna,Faltante,Ninguna,Sin restricción,"-32.96582, -60.66029","['Galvez', 'Alvear']",2,,-32.96582,-60.66029,55.0,538.0,Municipio Rosario,Municipio,Rosario,820210,Servicio de Catastro e Información Territorial,IGN
2019,2571,2019-02-19,Martes,,17:30:00,,0.0,2,"Automóvil,Automóvil",San Martin Y Pasco,4,4,0,0,0,0,0,"-32.95986, -60.63997",Calle,,ROSARIO,Rosario,Asfalto,No existe,II,Dentro,Urbana,S/D,No existe,Intersección,Bueno,Buena,Atardecer,Buen Tiempo,S/D,S/D,Colisión,Ninguna,Faltante,S/D,S/D,"-32.95986, -60.63997","['San Martin', 'Pasco']",2,,-32.95986,-60.63997,55.0,538.0,Municipio Rosario,Municipio,Rosario,820210,Servicio de Catastro e Información Territorial,IGN
2019,2572,2019-02-19,Martes,,14:15:00,,0.0,2,"Taxi/Remis,Pickup/Utilitario",1 de Mayo Y Montevideo,2,1,0,0,1,0,0,"-32.95765, -60.63216",Calle,,ROSARIO,Rosario,Asfalto,No existe,II,S/D,Urbana,Ninguna,No existe,Intersección,Bueno,Buena,Diurna,Buen Tiempo,Lateral,S/D,Colisión,Ninguna,Faltante,Ninguna,S/D,"-32.95765, -60.63216","['Primero de Mayo', 'Montevideo']",2,,-32.95765,-60.63216,55.0,538.0,Municipio Rosario,Municipio,Rosario,820210,Servicio de Catastro e Información Territorial,IGN
2019,2573,2019-02-19,Martes,,16:20:00,,0.0,2,"Pickup/Utilitario,Taxi/Remis",Paraguay Y Pasco,4,3,0,0,1,0,0,"-32.95858, -60.64704",Calle,,ROSARIO,Rosario,Asfalto,No existe,II,S/D,Urbana,Ninguna,No existe,Intersección,Bueno,Buena,Diurna,Buen Tiempo,Lateral,S/D,Colisión,Ninguna,Faltante,Ninguna,S/D,"-32.95858, -60.64704","['Paraguay', 'Pasco']",2,,-32.95858,-60.64704,55.0,538.0,Municipio Rosario,Municipio,Rosario,820210,Servicio de Catastro e Información Territorial,IGN
2019,2574,2019-02-19,Martes,,18:45:00,,0.0,2,"Moto/Ciclomotor,Taxi/Remis",Rodriguez Y E.Zeballos,3,1,0,0,2,0,0,"-32.95135, -60.6609",Calle,,ROSARIO,Rosario,Asfalto,No existe,II,Dentro,Urbana,S/D,No existe,Intersección,Bueno,Buena,Atardecer,Buen Tiempo,S/D,S/D,Colisión,Ninguna,S/D,S/D,S/D,"-32.95135, -60.6609","['Rodríguez', 'Zeballos']",2,,-32.95135,-60.6609,55.0,538.0,Municipio Rosario,Municipio,Rosario,820210,Servicio de Catastro e Información Territorial,IGN
2019,2578,2019-04-06,Sabado,,21:00:00,,0.0,1,Moto/Ciclomotor,Cordoba Y Sarmiento,1,1,0,0,0,0,0,"-32.946436909086,-60.638201588607",Calle,,ROSARIO,Rosario,Asfalto,No existe,II,Dentro,Urbana,Marca Vial,No existe,Intersección,Bueno,Buena,"Nocturna,Con luz artificial",Buen Tiempo,Contra objeto fijo,S/D,Colisión,Ninguna,Horizontal,Línea divisoria pintada,Sin restricción,"-32.946436909086,-60.638201588607","['Córdoba', 'Sarmiento']",2,,-32.946436909086,-60.638201588607,55.0,538.0,Municipio Rosario,Municipio,Rosario,820210,Servicio de Catastro e Información Territorial,IGN
2019,2579,2019-04-30,Martes,,15:15:00,,0.0,2,"Moto/Ciclomotor,Automóvil",Av. Provincias Unidas Y Santa Fe,2,0,1,0,1,0,0,"-32.935696463654,-60.712925429742",Avenida,,ROSARIO,Rosario,Asfalto,Pavimento,II,Dentro,Urbana,Paso Peatonal,No existe,Intersección,Bueno,Buena,Diurna,Buen Tiempo,Lateral,S/D,Colisión,Ninguna,Horizontal,Cordón divisorio,Sin restricción,"-32.935696463654,-60.712925429742","['Avenida Provincias Unidas', 'Santa Fe']",2,,-32.935696463654,-60.712925429742,55.0,538.0,Municipio Rosario,Municipio,Rosario,820210,Servicio de Catastro e Información Territorial,IGN
2019,2613,2019-06-06,Jueves,,07:10:00,,0.0,2,"Peatón,Moto/Ciclomotor",Mendoza Y Bv. Wilde,2,0,1,0,1,0,0,"-32.93998, -60.72582",Calle,,ROSARIO,Rosario,Asfalto,S/D,II,Dentro,Urbana,Ninguna,No existe,Otro,S/D,S/D,"Diurna,Con luz artificial",S/D,S/D,Peatón,Atropello,S/D,S/D,Ninguna,Sin restricción,"-32.93998, -60.72582","['Mendoza', 'Bulevar Wilde']",2,,-32.93998,-60.72582,55.0,538.0,Municipio Rosario,Municipio,Rosario,820210,Servicio de Catastro e Información Territorial,IGN
2019,2614,2019-06-01,Sabado,,09:55:00,,0.0,2,"Moto/Ciclomotor,Automóvil",Bv. Wilde Y Jose Ingenieros,3,2,0,0,1,0,0,"-32.91786, -60.7393",Calle,,ROSARIO,Rosario,Asfalto,S/D,II,Dentro,Urbana,Ninguna,S/D,Intersección,Bueno,Buena,Diurna,Buen Tiempo,S/D,S/D,Colisión,Ninguna,S/D,Ninguna,Sin restricción,"-32.91786, -60.7393","['Bulevar Wilde', 'José Ingenieros']",2,,-32.91786,-60.7393,55.0,538.0,Municipio Rosario,Municipio,Rosario,820210,Servicio de Catastro e Información Territorial,IGN
2019,2681,2019-06-04,Martes,,12:30:00,,0.0,2,"Automóvil,Bicicleta",Acevedo Bis Y Morrison,2,1,0,0,1,0,0,"-32.92505, -60.74963",Calle,,ROSARIO,Rosario,Asfalto,S/D,II,Dentro,Urbana,Ninguna,S/D,Intersección,Bueno,S/D,Diurna,Buen Tiempo,S/D,Ciclista,Atropello,Ninguna,S/D,Ninguna,Sin restricción,"-32.92505, -60.74963","['Acevedo', 'Morrison']",2,,-32.92505,-60.74963,55.0,538.0,Municipio Rosario,Municipio,Rosario,820210,Servicio de Catastro e Información Territorial,IGN
2019,2683,2019-06-08,Sabado,,15:30:00,,0.0,2,"Moto/Ciclomotor,Peatón",Av. Genova Y Tarragona,2,1,0,0,1,0,0,"-32.91666, -60.73512",Calle,,ROSARIO,Rosario,Asfalto,S/D,II,Dentro,Urbana,S/D,S/D,S/D,Bueno,Buena,Diurna,S/D,S/D,Peatón,Atropello,Ninguna,S/D,S/D,S/D,"-32.91666, -60.73512","['Genova', 'Tarragona']",2,,-32.91666,-60.73512,55.0,538.0,Municipio Rosario,Municipio,Rosario,820210,Servicio de Catastro e Información Territorial,IGN
2019,2684,2019-02-22,Viernes,,02:10:00,,0.0,2,"Moto/Ciclomotor,Automóvil",Av. Jorge Newbery Y J.M.de Rosas,2,1,0,0,1,0,0,"-32.90843, -60.72559",Avenida,,ROSARIO,Rosario,Asfalto,No existe,II,S/D,Urbana,S/D,S/D,Intersección,Bueno,S/D,Nocturna,S/D,S/D,S/D,Colisión,S/D,S/D,Ninguna,S/D,"-32.90843, -60.72559","['Jorge Newbery', 'De Rosas']",2,,-32.90843,-60.72559,55.0,538.0,Municipio Rosario,Municipio,Rosario,820210,Servicio de Catastro e Información Territorial,IGN