anio_acci,nro_acci,fecha,desc_dia,fecha_aprox,hora_aprox,desc_ruta,km,cant_participantes,desc_participante,calle_avenida_km,total,heridos_leves,heridos_graves,heridos_gravisimos,ilesos,fallecidos,sin_datos,posicion_XY,desc_tipo_via,desc_ruta_ori,desc_loc,desc_dpto,desc_tipo_calzada,desc_tipo_banquina,desc_unidad_regional,desc_lugar_calzada,desc_zona,desc_prioridad,desc_estado_semaforo,desc_lugar_via,desc_estado_via,desc_estado_visibilidad,desc_luminosidad,desc_estado_clima,desc_tipo_colision,desc_tipo_atropello,desc_tipo_hecho,desc_pres_calzada,desc_senializacion,desc_separacion_via,desc_restriccion,forma_geocod,calle_lista,numero_calles,calles_osm,lat,lon,index_right,gid,fna,gna,nam,in1,fdc,sag
2019,2685,2019-06-08,Sabado,,20:20:00,,0.0,2,"Automóvil,Bicicleta",Morrison Y Acevedo Bis,3,0,1,0,2,0,0,"-32.92505, -60.74963",Calle,,ROSARIO,Rosario,Asfalto,S/D,II,Dentro,Urbana,Ninguna,S/D,Intersección,Bueno,S/D,S/D,Buen Tiempo,S/D,Ciclista,Atropello,S/D,S/D,Ninguna,Sin restricción,"-32.92505, -60.74963","['Morrison', 'Acevedo']",2,,-32.92505,-60.74963,55.0,538.0,Municipio Rosario,Municipio,Rosario,820210,Servicio de Catastro e Información Territorial,IGN
2019,2686,2019-06-07,Viernes,,01:50:00,,0.0,2,"Automóvil,Moto/Ciclomotor",Tarragona Y J.J.Paso,2,1,0,0,1,0,0,"-32.92082, -60.7348",Calle,,ROSARIO,Rosario,Asfalto,S/D,II,Dentro,Urbana,Ninguna,S/D,Intersección,Bueno,Buena,Nocturna,Lluvia,S/D,S/D,Colisión,Agua,S/D,Ninguna,Sin restricción,"-32.92082, -60.7348","['Tarragona', 'Paso']",2,,-32.92082,-60.7348,55.0,538.0,Municipio Rosario,Municipio,Rosario,820210,Servicio de Catastro e Información Territorial,IGN
2019,2687,2019-06-06,Jueves,,20:10:00,,0.0,2,"Moto/Ciclomotor,Pickup/Utilitario",Bv. Argentino Y Acevedo Bis,2,1,0,0,1,0,0,"-32.92375, -60.74942",Calle,,ROSARIO,Rosario,Asfalto,S/D,II,Dentro,Urbana,Ninguna,S/D,Intersección,Bueno,Buena,Nocturna,Buen Tiempo,S/D,S/D,Colisión,Ninguna,S/D,Ninguna,Sin restricción,"-32.92375, -60.74942","['Argentino', 'Acevedo']",2,,-32.92375,-60.74942,55.0,538.0,Municipio Rosario,Municipio,Rosario,820210,Servicio de Catastro e Información Territorial,IGN
2019,2688,2019-02-22,Viernes,,21:40:00,,0.0,2,"Moto/Ciclomotor,Automóvil",Av. Casiano Casas Y Calle 1345,3,2,0,0,1,0,0,"-32.89521, -60.71562",Avenida,,ROSARIO,Rosario,Asfalto,No existe,II,Dentro,Urbana,Ninguna,No existe,Intersección,Bueno,Buena,Nocturna,Buen Tiempo,Lateral,S/D,Colisión,Ninguna,Faltante,Ninguna,Sin restricción,"-32.89521, -60.71562","['Avenida Casiano Casas', 'Graciela Lo Tufo']",2,,-32.89521,-60.71562,55.0,538.0,Municipio Rosario,Municipio,Rosario,820210,Servicio de Catastro e Información Territorial,IGN
2019,2689,2019-06-02,Domingo,,22:58:00,,0.0,2,"Pickup/Utilitario,Moto/Ciclomotor",Pje. Ambato bis Y La Republica,2,1,0,0,1,0,0,"-32.91981, -60.75544",Calle,,ROSARIO,Rosario,Asfalto,No existe,II,Dentro,Urbana,Ninguna,No existe,Intersección,Bueno,Buena,Nocturna,Buen Tiempo,S/D,S/D,Colisión,Ninguna,S/D,Ninguna,Sin restricción,"-32.91981, -60.75544","['Ambato', 'La República']",2,,-32.91981,-60.75544,55.0,538.0,Municipio Rosario,Municipio,Rosario,820210,Servicio de Catastro e Información Territorial,IGN
2019,2691,2019-05-03,Viernes,,19:15:00,,0.0,2,"Moto/Ciclomotor,Automóvil",Av. F.Solano Lopez Y Bv. Oroño,2,1,0,0,1,0,0,"-32.958160657109,-60.656815843046",Avenida,,ROSARIO,Rosario,Asfalto,No existe,II,Dentro,Urbana,Paso Peatonal,No existe,Intersección,Bueno,Buena,"Nocturna,Con luz artificial",Buen Tiempo,Lateral,S/D,Colisión,Ninguna,Horizontal,Línea divisoria pintada,Sin restricción,"-32.958160657109,-60.656815843046","['Solano Lopez', 'Bulevar Nicasio Oroño']",2,,-32.958160657109,-60.656815843046,55.0,538.0,Municipio Rosario,Municipio,Rosario,820210,Servicio de Catastro e Información Territorial,IGN
2019,2692,2019-05-06,Lunes,,12:20:00,,0.0,2,"Bicicleta,Automóvil",Colon Y La Paz,2,1,0,0,1,0,0,"-32.966415817374,-60.629994239735",Calle,,ROSARIO,Rosario,Asfalto,No existe,II,Dentro,Urbana,Ninguna,No existe,Intersección,Bueno,Buena,Diurna,Buen Tiempo,S/D,Ciclista,Atropello,Ninguna,Faltante,Ninguna,Sin restricción,"-32.966415817374,-60.629994239735","['Colon', 'La Paz']",2,,-32.966415817374,-60.629994239735,55.0,538.0,Municipio Rosario,Municipio,Rosario,820210,Servicio de Catastro e Información Territorial,IGN
2019,2693,2019-05-07,Martes,,18:30:00,,0.0,2,"Bicicleta,Moto/Ciclomotor",Bv. 27 De Febrero Y Pueyrredon,2,1,0,0,1,0,0,"-32.964229565242,-60.662734099118",Avenida,,ROSARIO,Rosario,Asfalto,No existe,II,Dentro,Urbana,Paso Peatonal,No existe,Intersección,Bueno,Buena,Diurna,Buen Tiempo,S/D,S/D,Atropello,Ninguna,"Horizontal,Vertical","Cordón divisorio,Vegetación,Línea divisoria pintada",Sin restricción,"-32.964229565242,-60.662734099118","['27 de Febrero', 'Pueyrredón']",2,,-32.964229565242,-60.662734099118,55.0,538.0,Municipio Rosario,Municipio,Rosario,820210,Servicio de Catastro e Información Territorial,IGN
2019,2694,2019-05-11,Sabado,,10:10:00,,0.0,1,Moto/Ciclomotor,Bv. 27 De Febrero Y Mariano Moreno,2,1,0,0,1,0,0,"-32.965447595409,-60.655922194459",Avenida,,ROSARIO,Rosario,Asfalto,No existe,II,Dentro,Urbana,Semáforo,Funciona,Intersección,Bueno,Buena,Diurna,Lluvia,Lateral,S/D,Colisión,Ninguna,"Horizontal,Vertical","Cordón divisorio,Vegetación,Línea divisoria pintada",Sin restricción,"-32.965447595409,-60.655922194459","['27 de Febrero', 'Mariano Moreno']",2,,-32.965447595409,-60.655922194459,55.0,538.0,Municipio Rosario,Municipio,Rosario,820210,Servicio de Catastro e Información Territorial,IGN
2019,2695,2019-05-13,Lunes,,10:00:00,,0.0,2,"Bicicleta,Pickup/Utilitario",Av. Dante Alighieri 2100,2,1,0,0,1,0,0,"-32.961231382254,-60.656480586082",Calle,,ROSARIO,Rosario,Asfalto,No existe,II,Dentro,Urbana,Ninguna,No existe,Intersección,Bueno,Buena,Diurna,Buen Tiempo,S/D,Ciclista,Atropello,Ninguna,Horizontal,Línea divisoria pintada,Sin restricción,"-32.961231382254,-60.656480586082",['Dante Alighieri 2100'],1,,-32.961231382254,-60.656480586082,55.0,538.0,Municipio Rosario,Municipio,Rosario,820210,Servicio de Catastro e Información Territorial,IGN
2019,2696,2019-05-17,Viernes,,07:30:00,,0.0,2,"Bicicleta,Automóvil",Av. Ovidio Lagos Y La Paz,2,1,0,0,1,0,0,"-32.960029211818,-60.665765697376",Avenida,,ROSARIO,Rosario,Asfalto,No existe,II,Dentro,Urbana,Semáforo,Funciona,Intersección,Bueno,Buena,Diurna,Buen Tiempo,S/D,Ciclista,Atropello,Ninguna,"Horizontal,Vertical",Ninguna,Sin restricción,"-32.960029211818,-60.665765697376","['Avenida Ovidio Lagos', 'La Paz']",2,,-32.960029211818,-60.665765697376,55.0,538.0,Municipio Rosario,Municipio,Rosario,820210,Servicio de Catastro e Información Territorial,IGN
2019,2697,2019-05-17,Viernes,,12:05:00,,0.0,2,"Moto/Ciclomotor,Automóvil",Av. Pellegrini 600,3,2,0,0,1,0,0,"-32.95850157737732,-60.633999556303",Avenida,,ROSARIO,Rosario,Asfalto,No existe,II,Dentro,Urbana,Semáforo,Funciona,Recta,Bueno,Buena,Diurna,Buen Tiempo,S/D,S/D,Colisión,Ninguna,"Horizontal,Vertical","Cordón divisorio,Vegetación,Línea divisoria pintada",Sin restricción,"-32.95850157737732,-60.633999556303",['Pellegrini 600'],1,,-32.95850157737732,-60.633999556303,55.0,538.0,Municipio Rosario,Municipio,Rosario,820210,Servicio de Catastro e Información Territorial,IGN
2019,2698,2019-05-21,Martes,,15:30:00,,0.0,2,"Automóvil,Automóvil",G.Carrasco Y La Paz,2,1,0,0,1,0,0,"-32.959752499476,-60.667268463679",Calle,,ROSARIO,Rosario,Asfalto,No existe,II,Dentro,Urbana,Ninguna,No existe,Intersección,Bueno,Buena,Diurna,Buen Tiempo,Lateral,S/D,Colisión,Ninguna,Faltante,Ninguna,Sin restricción,"-32.959752499476,-60.667268463679","['Carrasco', 'La Paz']",2,,-32.959752499476,-60.667268463679,55.0,538.0,Municipio Rosario,Municipio,Rosario,820210,Servicio de Catastro e Información Territorial,IGN
2019,2699,2019-05-24,Viernes,,04:00:00,,0.0,1,Automóvil,Av. Belgrano Y Av. Pellegrini,3,3,0,0,0,0,0,"-32.960756529879,-60.621121693214",Calle,,ROSARIO,Rosario,Asfalto,No existe,II,Dentro,Urbana,Paso Peatonal,No existe,Rotonda,Bueno,Buena,"Nocturna,Con luz artificial",Buen Tiempo,S/D,S/D,Vuelco,Ninguna,"Horizontal,Vertical",Cordón divisorio,Sin restricción,"-32.960756529879,-60.621121693214","['Belgrano', 'Pellegrini']",2,,-32.960756529879,-60.621121693214,55.0,538.0,Municipio Rosario,Municipio,Rosario,820210,Servicio de Catastro e Información Territorial,IGN
2019,2700,2019-05-21,Martes,,09:00:00,,0.0,2,"Moto/Ciclomotor,Pickup/Utilitario",Montevideo Y Valparaiso,2,1,0,0,1,0,0,"-32.948304491534,-60.684290389195",Calle,,ROSARIO,Rosario,Asfalto,No existe,II,Dentro,Urbana,Ninguna,No existe,Intersección,Bueno,Buena,Diurna,Buen Tiempo,De alcance,S/D,Colisión,Ninguna,Faltante,Ninguna,Sin restricción,"-32.948304491534,-60.684290389195","['Montevideo', 'Valparaíso']",2,,-32.948304491534,-60.684290389195,55.0,538.0,Municipio Rosario,Municipio,Rosario,820210,Servicio de Catastro e Información Territorial,IGN
2019,2701,2019-05-18,Sabado,,06:15:00,,0.0,2,"Moto/Ciclomotor,Automóvil",Bv. Avellaneda Y San Lorenzo,2,1,0,0,1,0,0,"-32.936815021499,-60.678451726942",Avenida,,ROSARIO,Rosario,Asfalto,No existe,II,Dentro,Urbana,Semáforo,Funciona,Intersección,Bueno,Buena,Diurna,Buen Tiempo,S/D,S/D,Colisión,Ninguna,"Horizontal,Vertical","Cordón divisorio,Línea divisoria pintada",Sin restricción,"-32.936815021499,-60.678451726942","['Avellaneda', 'San Lorenzo']",2,,-32.936815021499,-60.678451726942,55.0,538.0,Municipio Rosario,Municipio,Rosario,820210,Servicio de Catastro e Información Territorial,IGN
2019,2702,2019-05-11,Sabado,,11:30:00,,0.0,2,"Bicicleta,Automóvil",Av. Francia Y Mendoza,2,1,0,0,1,0,0,"-32.946409903495,-60.668168616171",Avenida,,ROSARIO,Rosario,Asfalto,No existe,II,Dentro,Urbana,Semáforo,Funciona,Intersección,Bueno,Buena,Diurna,Buen Tiempo,S/D,Ciclista,Atropello,Ninguna,"Horizontal,Vertical",Línea divisoria pintada,Sin restricción,"-32.946409903495,-60.668168616171","['Avenida Francia', 'Mendoza']",2,,-32.946409903495,-60.668168616171,55.0,538.0,Municipio Rosario,Municipio,Rosario,820210,Servicio de Catastro e Información Territorial,IGN
2019,2703,2019-05-11,Sabado,,18:30:00,,0.0,2,"Moto/Ciclomotor,Automóvil",9 De Julio Y Constitucion,2,1,0,0,1,0,0,"-32.947473149393,-60.675544609106",Calle,,ROSARIO,Rosario,Asfalto,No existe,II,Dentro,Urbana,Ninguna,No existe,Intersección,Bueno,Buena,Diurna,Buen Tiempo,De alcance,S/D,Colisión,Ninguna,Faltante,Ninguna,Sin restricción,"-32.947473149393,-60.675544609106","['9 de Julio', 'Constitución']",2,,-32.947473149393,-60.675544609106,55.0,538.0,Municipio Rosario,Municipio,Rosario,820210,Servicio de Catastro e Información Territorial,IGN
2019,2704,2019-05-03,Viernes,,01:10:00,,0.0,2,"Cuatriciclo,Pickup/Utilitario",Cafferata Y Urquiza,2,1,0,0,1,0,0,"-32.937082198669,-60.670077035394",Calle,,ROSARIO,Rosario,Asfalto,No existe,II,Dentro,Urbana,Semáforo,Funciona,Intersección,Bueno,Buena,"Nocturna,Con luz artificial",Buen Tiempo,S/D,Ciclista,Atropello,Ninguna,"Horizontal,Vertical",Línea divisoria pintada,Sin restricción,"-32.937082198669,-60.670077035394","['Cafferata', 'Urquiza']",2,,-32.937082198669,-60.670077035394,55.0,538.0,Municipio Rosario,Municipio,Rosario,820210,Servicio de Catastro e Información Territorial,IGN
2019,2705,2019-05-29,Miercoles,,01:30:00,,0.0,2,"Taxi/Remis,Moto/Ciclomotor",Bv. Avellaneda Y Santa Fe,3,1,1,0,1,0,0,"-32.937746505845,-60.678687984497",Avenida,,ROSARIO,Rosario,Asfalto,No existe,II,Dentro,Urbana,Semáforo,Funciona,Intersección,Bueno,Buena,"Nocturna,Con luz artificial",Buen Tiempo,S/D,S/D,Colisión,Ninguna,"Horizontal,Vertical","Cordón divisorio,Línea divisoria pintada",Sin restricción,"-32.937746505845,-60.678687984497","['Avellaneda', 'Santa Fe']",2,,-32.937746505845,-60.678687984497,55.0,538.0,Municipio Rosario,Municipio,Rosario,820210,Servicio de Catastro e Información Territorial,IGN
2019,2706,2019-05-02,Jueves,,12:30:00,,0.0,2,"Moto/Ciclomotor,Automóvil",J.M.de Rosas Y Cerrito,3,2,0,0,1,0,0,"-32.963095498499,-60.635166811669",Calle,,ROSARIO,Rosario,Asfalto,No existe,II,Dentro,Urbana,Ninguna,No existe,Recta,Bueno,Buena,Diurna,Buen Tiempo,Lateral,S/D,Colisión,Ninguna,Faltante,Ninguna,Sin restricción,"-32.963095498499,-60.635166811669","['De Rosas', 'Cerrito']",2,,-32.963095498499,-60.635166811669,55.0,538.0,Municipio Rosario,Municipio,Rosario,820210,Servicio de Catastro e Información Territorial,IGN
2019,2707,2019-05-07,Martes,,09:30:00,,0.0,2,"Peatón,Automóvil",Mariano Moreno Y Montevideo,2,1,0,0,1,0,0,"-32.95392175454,-60.653019205069",Calle,,ROSARIO,Rosario,Asfalto,No existe,II,Dentro,Urbana,Señal Pare,Funciona,Intersección,Bueno,Buena,Diurna,Buen Tiempo,S/D,Peatón,Atropello,Ninguna,"Horizontal,Vertical",Ninguna,Sin restricción,"-32.95392175454,-60.653019205069","['Mariano Moreno', 'Montevideo']",2,,-32.95392175454,-60.653019205069,55.0,538.0,Municipio Rosario,Municipio,Rosario,820210,Servicio de Catastro e Información Territorial,IGN
2019,2708,2019-05-04,Sabado,,17:20:00,,0.0,2,"Automóvil,Peatón",Av. Del Huerto 1105,2,1,0,0,1,0,0,"-32.939837138124,-60.636608138441",Avenida,,ROSARIO,Rosario,Asfalto,No existe,II,Dentro,Urbana,Semáforo,Funciona,Intersección,Bueno,Buena,Diurna,Buen Tiempo,S/D,Peatón,Atropello,Ninguna,"Horizontal,Vertical",Línea divisoria pintada,Sin restricción,"-32.939837138124,-60.636608138441",['Del Huerto 1105'],1,,-32.939837138124,-60.636608138441,55.0,538.0,Municipio Rosario,Municipio,Rosario,820210,Servicio de Catastro e Información Territorial,IGN
2019,2716,2019-02-20,Miercoles,,12:40:00,,0.0,2,"Taxi/Remis,Automóvil",Junin 6727,5,2,0,0,3,0,0,"-32.92758, -60.71356",Calle,,ROSARIO,Rosario,S/D,No existe,II,S/D,Urbana,Ninguna,No existe,Recta,S/D,Buena,Diurna,S/D,Frontal,S/D,Colisión,S/D,Faltante,Ninguna,Sin restricción,"-32.92758, -60.71356",['Junin 6727'],1,,-32.92758,-60.71356,55.0,538.0,Municipio Rosario,Municipio,Rosario,820210,Servicio de Catastro e Información Territorial,IGN
2019,2717,2019-02-20,Miercoles,,08:20:00,,0.0,2,"Moto/Ciclomotor,Pickup/Utilitario",Av. Genova Y Cullen,2,1,0,0,0,0,1,"-32.91595, -60.70988",Avenida,,ROSARIO,Rosario,Asfalto,No existe,II,Dentro,Urbana,Ninguna,No existe,Intersección,Bueno,Buena,Diurna,Buen Tiempo,Lateral,S/D,Colisión,Ninguna,Faltante,Ninguna,Sin restricción,"-32.91595, -60.70988","['Genova', 'Cullen']",2,,-32.91595,-60.70988,55.0,538.0,Municipio Rosario,Municipio,Rosario,820210,Servicio de Catastro e Información Territorial,IGN
2019,2718,2019-02-20,Miercoles,,05:30:00,,0.0,2,"Automóvil,Automóvil",Tucuman Y Cafferata,2,1,0,0,1,0,0,"-32.9359, -60.66981",Calle,,ROSARIO,Rosario,Asfalto,No existe,II,S/D,Urbana,Ninguna,No existe,Intersección,Bueno,Buena,Nocturna,Buen Tiempo,De alcance,S/D,Colisión,Ninguna,Faltante,Ninguna,Sin restricción,"-32.9359, -60.66981","['Tucumán', 'Cafferata']",2,,-32.9359,-60.66981,55.0,538.0,Municipio Rosario,Municipio,Rosario,820210,Servicio de Catastro e Información Territorial,IGN
2019,2719,2019-02-20,Miercoles,,17:45:00,,0.0,2,"Moto/Ciclomotor,Moto/Ciclomotor",Entre Rios Y La Paz,2,1,0,0,0,0,1,"-32.96364, -60.64544",Calle,,ROSARIO,Rosario,Asfalto,No existe,II,Dentro,Urbana,S/D,S/D,Intersección,Bueno,Buena,Atardecer,Buen Tiempo,S/D,S/D,Colisión,Ninguna,S/D,S/D,S/D,"-32.96364, -60.64544","['Entre Ríos', 'La Paz']",2,,-32.96364,-60.64544,55.0,538.0,Municipio Rosario,Municipio,Rosario,820210,Servicio de Catastro e Información Territorial,IGN
2019,2721,2019-05-15,Miercoles,,10:50:00,,0.0,2,"Automóvil,Moto/Ciclomotor",Galvez Y Paraguay,3,2,0,0,1,0,0,"-32.967749765491,-60.649353883275",Calle,,ROSARIO,Rosario,Asfalto,No existe,II,Dentro,Urbana,Señal Pare,No existe,Intersección,Bueno,Buena,Diurna,Buen Tiempo,S/D,S/D,Colisión,Ninguna,Vertical,Ninguna,Sin restricción,"-32.967749765491,-60.649353883275","['Galvez', 'Paraguay']",2,,-32.967749765491,-60.649353883275,55.0,538.0,Municipio Rosario,Municipio,Rosario,820210,Servicio de Catastro e Información Territorial,IGN
2019,2722,2019-05-02,Jueves,,10:00:00,,0.0,2,"Moto/Ciclomotor,Automóvil",Italia 4450,3,2,0,0,1,0,0,"-32.987092651908,-60.658545261204",Calle,,ROSARIO,Rosario,Asfalto,No existe,II,Dentro,Urbana,Ninguna,No existe,Recta,Bueno,Buena,Diurna,Buen Tiempo,Contra objeto fijo,S/D,Colisión,Ninguna,Faltante,Ninguna,Sin restricción,"-32.987092651908,-60.658545261204",['Italia 4450'],1,,-32.987092651908,-60.658545261204,55.0,538.0,Municipio Rosario,Municipio,Rosario,820210,Servicio de Catastro e Información Territorial,IGN
2019,2723,2019-04-30,Martes,,14:40:00,,0.0,2,"Automóvil,Moto/Ciclomotor",Av. Francia Y Dean Funes,3,2,0,0,1,0,0,"-32.97070641317,-60.673007235323",Avenida,,ROSARIO,Rosario,Asfalto,No existe,II,Dentro,Urbana,Ninguna,No existe,Intersección,Bueno,Buena,Diurna,Buen Tiempo,S/D,S/D,Colisión,Ninguna,Faltante,"Cordón divisorio,Vegetación",Sin restricción,"-32.97070641317,-60.673007235323","['Avenida Francia', 'Deán Gregorio Funes']",2,,-32.97070641317,-60.673007235323,55.0,538.0,Municipio Rosario,Municipio,Rosario,820210,Servicio de Catastro e Información Territorial,IGN
2019,2724,2019-04-30,Martes,,,,0.0,2,"Automóvil,Moto/Ciclomotor", ,3,2,0,0,1,0,0,"-32.937029127558,-60.716297023033",S/D,,ROSARIO,Rosario,S/D,S/D,II,Dentro,Urbana,S/D,S/D,S/D,Otro,S/D,S/D,S/D,S/D,S/D,Colisión,S/D,S/D,S/D,S/D,"-32.937029127558,-60.716297023033",[''],0,,-32.937029127558,-60.716297023033,55.0,538.0,Municipio Rosario,Municipio,Rosario,820210,Servicio de Catastro e Información Territorial,IGN
2019,2725,2019-04-30,Martes,,22:40:00,,0.0,2,"Automóvil,Moto/Ciclomotor",Av. Pellegrini Y Maipu,3,2,0,0,1,0,0,"-32.957840136354,-60.638163971513",Avenida,,ROSARIO,Rosario,Asfalto,No existe,II,Dentro,Urbana,Semáforo,Funciona,Intersección,Bueno,Buena,"Nocturna,Con luz artificial",Buen Tiempo,S/D,S/D,Colisión,Ninguna,"Horizontal,Vertical","Cordón divisorio,Vegetación,Línea divisoria pintada",Sin restricción,"-32.957840136354,-60.638163971513","['Pellegrini', 'Maipú']",2,,-32.957840136354,-60.638163971513,55.0,538.0,Municipio Rosario,Municipio,Rosario,820210,Servicio de Catastro e Información Territorial,IGN
2019,2726,2019-04-30,Martes,,17:45:00,,0.0,2,"Bicicleta,Automóvil",1 de Mayo Y Riobamba,2,1,0,0,1,0,0,"-32.964529028406,-60.633856969921",Calle,,ROSARIO,Rosario,Asfalto,No existe,II,Dentro,Urbana,Ninguna,No existe,Intersección,Bueno,Buena,Diurna,Buen Tiempo,S/D,Ciclista,Atropello,Ninguna,Faltante,Ninguna,Sin restricción,"-32.964529028406,-60.633856969921","['Primero de Mayo', 'Riobamba']",2,,-32.964529028406,-60.633856969921,55.0,538.0,Municipio Rosario,Municipio,Rosario,820210,Servicio de Catastro e Información Territorial,IGN
2019,2727,2019-04-30,Martes,,01:10:00,,0.0,2,"Automóvil,Moto/Ciclomotor",Av. Provincias Unidas Y Riobamba,2,1,0,0,1,0,0,"-32.954516481515,-60.712084344448",Avenida,,ROSARIO,Rosario,Asfalto,No existe,II,Dentro,Urbana,S/D,Funciona,Intersección,Bueno,Buena,"Nocturna,Con luz artificial",Buen Tiempo,S/D,S/D,Colisión,Ninguna,Vertical,Ninguna,Sin restricción,"-32.954516481515,-60.712084344448","['Avenida Provincias Unidas', 'Riobamba']",2,,-32.954516481515,-60.712084344448,55.0,538.0,Municipio Rosario,Municipio,Rosario,820210,Servicio de Catastro e Información Territorial,IGN
2019,2728,2019-04-28,Domingo,,19:50:00,,0.0,2,"Automóvil,Moto/Ciclomotor",Av. Ntra.Sra.del Rosario Y Cafferata,3,2,0,0,1,0,0,"-33.001135424821,-60.683493951081",Avenida,,ROSARIO,Rosario,Asfalto,No existe,II,Dentro,Urbana,Ninguna,No existe,Intersección,Bueno,Buena,Atardecer,Buen Tiempo,S/D,S/D,Colisión,Ninguna,Vertical,Ninguna,Sin restricción,"-33.001135424821,-60.683493951081","['Nuestra Señora del Rosario', 'Cafferata']",2,,-33.001135424821,-60.683493951081,55.0,538.0,Municipio Rosario,Municipio,Rosario,820210,Servicio de Catastro e Información Territorial,IGN
2019,2730,2019-04-29,Lunes,,16:40:00,,0.0,2,"Bicicleta,Moto/Ciclomotor",Superi 2070,2,1,0,0,1,0,0,"-32.896800828231,-60.710190183143",Calle,,ROSARIO,Rosario,Asfalto,No existe,II,Dentro,Urbana,Ninguna,No existe,Recta,Bueno,Buena,Diurna,Buen Tiempo,S/D,Ciclista,Atropello,Ninguna,Faltante,Ninguna,Sin restricción,"-32.896800828231,-60.710190183143",['Superi 2070'],1,,-32.896800828231,-60.710190183143,55.0,538.0,Municipio Rosario,Municipio,Rosario,820210,Servicio de Catastro e Información Territorial,IGN
2019,2732,2019-04-01,Lunes,,,,0.0,2,"Peatón,Moto/Ciclomotor",Ottone Bis Y Jose Ingenieros,3,1,0,0,2,0,0,"-32.91673421859741,-60.700981020927",Calle,,ROSARIO,Rosario,Asfalto,No existe,II,Dentro,Urbana,Ninguna,No existe,Intersección,S/D,S/D,S/D,S/D,S/D,Peatón,Atropello,S/D,Faltante,Ninguna,S/D,"-32.91673421859741,-60.700981020927","['Ottone', 'José Ingenieros']",2,,-32.91673421859741,-60.700981020927,55.0,538.0,Municipio Rosario,Municipio,Rosario,820210,Servicio de Catastro e Información Territorial,IGN
2019,2733,2019-04-01,Lunes,,20:00:00,,0.0,2,"Automóvil,Bicicleta",Bv. Segui Y J.M.de Rosas,3,2,0,0,1,0,0,"-32.98031598329544,-60.639507472515",Avenida,,ROSARIO,Rosario,Asfalto,No existe,II,Dentro,Urbana,Ninguna,No existe,Intersección,S/D,S/D,Nocturna,S/D,S/D,Ciclista,Atropello,S/D,Faltante,Cordón divisorio,S/D,"-32.98031598329544,-60.639507472515","['Bulevar Juan Francisco Seguí', 'De Rosas']",2,,-32.98031598329544,-60.639507472515,55.0,538.0,Municipio Rosario,Municipio,Rosario,820210,Servicio de Catastro e Información Territorial,IGN
2019,2734,2019-06-10,Lunes,,,,0.0,2,"Automóvil,Vehículo Oficial",Santa Fe Y Bv. Avellaneda,3,2,0,0,1,0,0,"-32.93772, -60.67886",Calle,,ROSARIO,Rosario,S/D,S/D,II,S/D,Urbana,S/D,S/D,Intersección,S/D,S/D,S/D,S/D,S/D,S/D,Colisión,S/D,S/D,S/D,S/D,"-32.93772, -60.67886","['Santa Fe', 'Avellaneda']",2,,-32.93772,-60.67886,55.0,538.0,Municipio Rosario,Municipio,Rosario,820210,Servicio de Catastro e Información Territorial,IGN
2019,2735,2019-06-10,Lunes,,,,0.0,1,Moto/Ciclomotor,Av. Genova Y Albert Sabin,2,1,1,0,0,0,0,"-32.9154, -60.69186",Calle,,ROSARIO,Rosario,Asfalto,S/D,II,S/D,Urbana,S/D,S/D,Intersección,S/D,S/D,S/D,S/D,S/D,S/D,Caída ocupante,S/D,S/D,S/D,S/D,"-32.9154, -60.69186","['Genova', 'Avenida Travesía Albert Sabin']",2,,-32.9154,-60.69186,55.0,538.0,Municipio Rosario,Municipio,Rosario,820210,Servicio de Catastro e Información Territorial,IGN
2019,2736,2019-06-10,Lunes,,,,0.0,2,"Automóvil,Automóvil",San Nicolas Y Pte.Quintana,4,2,0,0,2,0,0,"-32.97641, -60.68143",Calle,,ROSARIO,Rosario,Asfalto,S/D,II,S/D,Urbana,S/D,S/D,Intersección,S/D,S/D,S/D,S/D,S/D,S/D,Colisión,S/D,S/D,S/D,S/D,"-32.97641, -60.68143","['San Nicolás', 'Quintana']",2,,-32.97641,-60.68143,55.0,538.0,Municipio Rosario,Municipio,Rosario,820210,Servicio de Catastro e Información Territorial,IGN
2019,2746,2019-06-11,Martes,,,,0.0,2,"Automóvil,Moto/Ciclomotor",Somoza Y Pje. Pozos,2,1,0,0,1,0,0,"-32.89143, -60.72856",Calle,,ROSARIO,Rosario,S/D,S/D,II,S/D,Urbana,S/D,S/D,Intersección,S/D,S/D,S/D,S/D,S/D,S/D,Colisión,S/D,S/D,S/D,S/D,"-32.89143, -60.72856","['Somoza', 'Pozos']",2,,-32.89143,-60.72856,55.0,538.0,Municipio Rosario,Municipio,Rosario,820210,Servicio de Catastro e Información Territorial,IGN