anio_acci,nro_acci,fecha,desc_dia,fecha_aprox,hora_aprox,desc_ruta,km,cant_participantes,desc_participante,calle_avenida_km,total,heridos_leves,heridos_graves,heridos_gravisimos,ilesos,fallecidos,sin_datos,posicion_XY,desc_tipo_via,desc_ruta_ori,desc_loc,desc_dpto,desc_tipo_calzada,desc_tipo_banquina,desc_unidad_regional,desc_lugar_calzada,desc_zona,desc_prioridad,desc_estado_semaforo,desc_lugar_via,desc_estado_via,desc_estado_visibilidad,desc_luminosidad,desc_estado_clima,desc_tipo_colision,desc_tipo_atropello,desc_tipo_hecho,desc_pres_calzada,desc_senializacion,desc_separacion_via,desc_restriccion,forma_geocod,calle_lista,numero_calles,calles_osm,lat,lon,index_right,gid,fna,gna,nam,in1,fdc,sag
2019,2751,2019-02-20,Miercoles,,18:00:00,,0.0,2,"Moto/Ciclomotor,Automóvil",Pascual Rosas Y E.Zeballos,3,2,0,0,1,0,0,"-32.94644, -60.6881",Calle,,ROSARIO,Rosario,Asfalto,No existe,II,Dentro,Urbana,S/D,S/D,Intersección,Bueno,Buena,Atardecer,Buen Tiempo,S/D,S/D,Caída ocupante,Ninguna,S/D,S/D,Sin restricción,"-32.94644, -60.6881","['Pascual Rosas', 'Zeballos']",2,,-32.94644,-60.6881,55.0,538.0,Municipio Rosario,Municipio,Rosario,820210,Servicio de Catastro e Información Territorial,IGN
2019,2752,2019-02-20,Miercoles,,13:20:00,,0.0,1,Moto/Ciclomotor,Paraguay Y Ceibo,1,1,0,0,0,0,0,"-33.01347, -60.65422",Calle,,ROSARIO,Rosario,Asfalto,No existe,II,Dentro,Urbana,S/D,S/D,Recta,S/D,S/D,Diurna,S/D,S/D,S/D,Despiste,S/D,S/D,S/D,S/D,"-33.01347, -60.65422","['Paraguay', 'Ceibo']",2,,-33.01347,-60.65422,55.0,538.0,Municipio Rosario,Municipio,Rosario,820210,Servicio de Catastro e Información Territorial,IGN
2019,2754,2019-06-12,Miercoles,,,,0.0,2,"Automóvil,Moto/Ciclomotor",Matienzo Y Av. Pte.Peron,2,1,0,0,1,0,0,"-32.95923, -60.69397",Calle,,ROSARIO,Rosario,S/D,S/D,II,S/D,Urbana,S/D,S/D,Intersección,S/D,S/D,S/D,S/D,S/D,S/D,Colisión,S/D,S/D,S/D,S/D,"-32.95923, -60.69397","['Matienzo', 'Avenida Presidente Perón']",2,,-32.95923,-60.69397,55.0,538.0,Municipio Rosario,Municipio,Rosario,820210,Servicio de Catastro e Información Territorial,IGN
2019,2766,2019-09-14,Sabado,,00:10:00,,0.0,2,"Automóvil,Moto/Ciclomotor",Esmeralda Y Pte.Quintana,4,2,0,0,2,0,0,"-32.985497652384,-60.630521312804",Calle,,ROSARIO,Rosario,Asfalto,No existe,II,Dentro,Urbana,Señal Pare,No existe,Intersección,S/D,S/D,Nocturna,S/D,S/D,S/D,Colisión,S/D,Vertical,Ninguna,S/D,"-32.985497652384,-60.630521312804","['Esmeralda', 'Quintana']",2,,-32.985497652384,-60.630521312804,55.0,538.0,Municipio Rosario,Municipio,Rosario,820210,Servicio de Catastro e Información Territorial,IGN
2019,2771,2019-04-28,Domingo,,23:00:00,,0.0,2,"Bicicleta,Automóvil",Cordoba Y Sarmiento,2,1,0,0,1,0,0,"-32.958424120477,-60.641179096913",Calle,,ROSARIO,Rosario,Asfalto,No existe,II,Dentro,Urbana,Paso Peatonal,No existe,Intersección,Bueno,Buena,Diurna,Buen Tiempo,S/D,Ciclista,Atropello,Ninguna,Horizontal,Ninguna,Sin restricción,"-32.958424120477,-60.641179096913","['Córdoba', 'Sarmiento']",2,,-32.958424120477,-60.641179096913,55.0,538.0,Municipio Rosario,Municipio,Rosario,820210,Servicio de Catastro e Información Territorial,IGN
2019,2780,2019-04-26,Viernes,,19:20:00,,0.0,2,"Automóvil,Moto/Ciclomotor",Bv. Avellaneda Y Garay,3,2,0,0,1,0,0,"-32.967135501409,-60.686098273632",Avenida,,ROSARIO,Rosario,Asfalto,No existe,II,Dentro,Urbana,Ninguna,No existe,Intersección,Bueno,Buena,S/D,Buen Tiempo,S/D,S/D,Colisión,Ninguna,Faltante,Cordón divisorio,Sin restricción,"-32.967135501409,-60.686098273632","['Avellaneda', 'Garay']",2,,-32.967135501409,-60.686098273632,55.0,538.0,Municipio Rosario,Municipio,Rosario,820210,Servicio de Catastro e Información Territorial,IGN
2019,2781,2019-04-01,Lunes,,03:20:00,,0.0,2,"Moto/Ciclomotor,Peatón",Av. Battle y Ordoñez Y Paraguay,2,0,1,0,1,0,0,"-33.009121, -60.654440",Avenida,,ROSARIO,Rosario,Asfalto,No existe,II,Dentro,Urbana,Paso Peatonal,No existe,Recta,Bueno,Buena,Nocturna,Buen Tiempo,S/D,Peatón,Atropello,Ninguna,Faltante,Cordón divisorio,Sin restricción,"-33.009121, -60.654440","['Avenida Battle y Ordoñez', 'Paraguay']",2,,-33.009121,-60.65444,55.0,538.0,Municipio Rosario,Municipio,Rosario,820210,Servicio de Catastro e Información Territorial,IGN
2019,2783,2019-04-17,Miercoles,,17:45:00,,0.0,2,"Automóvil,Moto/Ciclomotor",Bv. 27 De Febrero Y Tte.Agneta,3,2,0,0,1,0,0,"-32.95882612466812,-60.699138343334",Calle,,ROSARIO,Rosario,Asfalto,No existe,II,Dentro,Urbana,Semáforo,Funciona,Intersección,S/D,S/D,Diurna,S/D,S/D,S/D,Colisión,S/D,"Horizontal,Vertical",Cordón divisorio,S/D,"-32.95882612466812,-60.699138343334","['27 de Febrero', 'Teniente Agneta']",2,,-32.95882612466812,-60.699138343334,55.0,538.0,Municipio Rosario,Municipio,Rosario,820210,Servicio de Catastro e Información Territorial,IGN
2019,2785,2019-04-24,Miercoles,,07:45:00,,0.0,2,"Bicicleta,Pickup/Utilitario",Benito Juarez Y Santiago,2,1,0,0,1,0,0,"-32.993525844794,-60.668204396278",Calle,,ROSARIO,Rosario,Asfalto,No existe,II,Dentro,Urbana,Otra Señal,No existe,Intersección,Bueno,Buena,Amanecer,Buen Tiempo,S/D,Ciclista,Atropello,Ninguna,Vertical,Ninguna,Sin restricción,"-32.993525844794,-60.668204396278","['Benito Juárez', 'Santiago']",2,,-32.993525844794,-60.668204396278,55.0,538.0,Municipio Rosario,Municipio,Rosario,820210,Servicio de Catastro e Información Territorial,IGN
2019,2792,2019-06-13,Jueves,,,,0.0,2,"Automóvil,Bicicleta",Ayacucho Y Riobamba,2,1,0,0,1,0,0,"-32.96503, -60.63108",Calle,,ROSARIO,Rosario,S/D,S/D,II,S/D,Urbana,S/D,S/D,Intersección,S/D,S/D,S/D,S/D,S/D,Ciclista,Atropello,S/D,S/D,S/D,S/D,"-32.96503, -60.63108","['Ayacucho', 'Riobamba']",2,,-32.96503,-60.63108,55.0,538.0,Municipio Rosario,Municipio,Rosario,820210,Servicio de Catastro e Información Territorial,IGN
2019,2793,2019-06-13,Jueves,,16:00:00,,0.0,2,"Automóvil,Moto/Ciclomotor",Republica de Irak Y Molina,2,0,1,0,1,0,0,"-32.88688, -60.70507",Calle,,ROSARIO,Rosario,S/D,S/D,II,S/D,Urbana,S/D,S/D,Intersección,S/D,S/D,S/D,S/D,S/D,S/D,Colisión,S/D,S/D,S/D,S/D,"-32.88688, -60.70507","['República de Irak', 'Molina']",2,,-32.88688,-60.70507,55.0,538.0,Municipio Rosario,Municipio,Rosario,820210,Servicio de Catastro e Información Territorial,IGN
2019,2802,2019-02-21,Jueves,,09:10:00,,0.0,2,"Camión c / Acoplado,Moto/Ciclomotor",Pujato Y J.M.de Rosas,3,2,0,0,0,0,1,"-32.90608, -60.72577",Calle,,ROSARIO,Rosario,S/D,S/D,II,S/D,Urbana,S/D,S/D,Intersección,S/D,S/D,Diurna,S/D,S/D,S/D,Colisión,S/D,S/D,S/D,S/D,"-32.90608, -60.72577","['Pujato', 'De Rosas']",2,,-32.90608,-60.72577,55.0,538.0,Municipio Rosario,Municipio,Rosario,820210,Servicio de Catastro e Información Territorial,IGN
2019,2803,2019-02-21,Jueves,,08:40:00,,0.0,2,"Pickup/Utilitario,Bicicleta",Av. Genova 9400,2,1,1,0,0,0,0,"-32.91765, -60.77343",Avenida,,ROSARIO,Rosario,S/D,S/D,II,S/D,Urbana,S/D,S/D,S/D,S/D,S/D,Diurna,S/D,S/D,Ciclista,Atropello,S/D,S/D,S/D,S/D,"-32.91765, -60.77343",['Genova 9400'],1,,-32.91765,-60.77343,55.0,538.0,Municipio Rosario,Municipio,Rosario,820210,Servicio de Catastro e Información Territorial,IGN
2019,2805,2019-02-21,Jueves,,19:30:00,,0.0,2,"Moto/Ciclomotor,Automóvil",Av. Eva Peron Y Olmos Bis,3,1,1,0,1,0,0,"-32.92688, -60.74514",Avenida,,ROSARIO,Rosario,Asfalto,No existe,II,Dentro,Urbana,Ninguna,Funciona,Intersección,Bueno,Buena,Diurna,Buen Tiempo,S/D,S/D,Colisión,Ninguna,S/D,Ninguna,Sin restricción,"-32.92688, -60.74514","['Avenida Eva Perón', 'Los Olmos']",2,,-32.92688,-60.74514,55.0,538.0,Municipio Rosario,Municipio,Rosario,820210,Servicio de Catastro e Información Territorial,IGN
2019,2812,2019-02-21,Jueves,,17:20:00,,0.0,2,"Pickup/Utilitario,Automóvil",Riobamba 900,5,1,0,0,4,0,0,"-32.96348, -60.63966",Calle,,ROSARIO,Rosario,Asfalto,S/D,II,Dentro,Urbana,Ninguna,S/D,Recta,Bueno,Buena,Diurna,Buen Tiempo,S/D,S/D,Colisión,S/D,Faltante,Ninguna,Sin restricción,"-32.96348, -60.63966",['Riobamba 900'],1,,-32.96348,-60.63966,55.0,538.0,Municipio Rosario,Municipio,Rosario,820210,Servicio de Catastro e Información Territorial,IGN
2019,2813,2019-02-21,Jueves,,08:20:00,,0.0,2,"Moto/Ciclomotor,Automóvil",Bv. Avellaneda Y Santa Fe,2,1,0,0,1,0,0,"-32.93772, -60.67875",Calle,,ROSARIO,Rosario,Asfalto,No existe,II,S/D,Urbana,S/D,S/D,Intersección,Bueno,Buena,Diurna,Buen Tiempo,S/D,S/D,Colisión,Ninguna,S/D,S/D,S/D,"-32.93772, -60.67875","['Avellaneda', 'Santa Fe']",2,,-32.93772,-60.67875,55.0,538.0,Municipio Rosario,Municipio,Rosario,820210,Servicio de Catastro e Información Territorial,IGN
2019,2816,2019-02-21,Jueves,,17:30:00,,0.0,2,"Bicicleta,Automóvil",Entre Rios Y Riobamba,2,1,0,0,0,0,1,"-32.96252, -60.64514",Calle,,ROSARIO,Rosario,Asfalto,No existe,II,S/D,Urbana,S/D,No existe,Intersección,Bueno,Buena,Diurna,Buen Tiempo,S/D,Ciclista,Atropello,Ninguna,Vertical,S/D,S/D,"-32.96252, -60.64514","['Entre Ríos', 'Riobamba']",2,,-32.96252,-60.64514,55.0,538.0,Municipio Rosario,Municipio,Rosario,820210,Servicio de Catastro e Información Territorial,IGN
2019,2818,2019-04-22,Lunes,,20:00:00,,0.0,2,"Automóvil,Moto/Ciclomotor",Crespo Y Fragata Sarmiento,4,3,0,0,1,0,0,"-32.987436076732,-60.679962728771",Calle,,ROSARIO,Rosario,Asfalto,No existe,II,Dentro,Urbana,Ninguna,No existe,Intersección,Bueno,Buena,"Nocturna,Con luz artificial",Buen Tiempo,Lateral,S/D,Colisión,Ninguna,Faltante,Ninguna,Sin restricción,"-32.987436076732,-60.679962728771","['Crespo', 'Fragata Sarmiento']",2,,-32.987436076732,-60.679962728771,55.0,538.0,Municipio Rosario,Municipio,Rosario,820210,Servicio de Catastro e Información Territorial,IGN
2019,2820,2019-04-23,Martes,,14:45:00,,0.0,2,"Transporte de Pasajeros Urbano (> 8 asientos),Peatón",Av. Ovidio Lagos Y Bv. Segui,2,1,0,0,1,0,0,"-32.974880612142,-60.669285244493",Avenida,,ROSARIO,Rosario,Asfalto,No existe,II,Dentro,Urbana,Semáforo,Funciona,Intersección,Bueno,Buena,Diurna,Lluvia,S/D,Peatón,Atropello,Ninguna,"Horizontal,Vertical","Cordón divisorio,Vegetación,Línea divisoria pintada",Sin restricción,"-32.974880612142,-60.669285244493","['Avenida Ovidio Lagos', 'Bulevar Juan Francisco Seguí']",2,,-32.974880612142,-60.669285244493,55.0,538.0,Municipio Rosario,Municipio,Rosario,820210,Servicio de Catastro e Información Territorial,IGN
2019,2821,2019-04-01,Lunes,,15:05:00,,0.0,2,"Transporte de Pasajeros Urbano (> 8 asientos),Bicicleta",Bv. Rondeau Y Av. Irigoyen,2,1,0,0,1,0,0,"-32.88444846868515,-60.695640742778",Avenida,,ROSARIO,Rosario,Asfalto,No existe,II,Dentro,Urbana,Semáforo,Funciona,Intersección,S/D,S/D,S/D,S/D,S/D,Ciclista,Atropello,S/D,"Horizontal,Vertical",Cordón divisorio,S/D,"-32.88444846868515,-60.695640742778","['Rondeau', 'Avenida Hipólito Irigoyen']",2,,-32.88444846868515,-60.695640742778,55.0,538.0,Municipio Rosario,Municipio,Rosario,820210,Servicio de Catastro e Información Territorial,IGN
2019,2826,2019-04-03,Miercoles,,16:40:00,,0.0,2,"Moto/Ciclomotor,Pickup/Utilitario",Av. Uriburu Y Paraguay,3,1,1,0,1,0,0,"-32.990858429232,-60.655165360792",Avenida,,ROSARIO,Rosario,Asfalto,No existe,II,Dentro,Urbana,Paso Peatonal,No existe,Intersección,S/D,S/D,Diurna,S/D,S/D,S/D,Colisión,S/D,Horizontal,Cordón divisorio,S/D,"-32.990858429232,-60.655165360792","['Uriburu', 'Paraguay']",2,,-32.990858429232,-60.655165360792,55.0,538.0,Municipio Rosario,Municipio,Rosario,820210,Servicio de Catastro e Información Territorial,IGN
2019,2827,2019-04-03,Miercoles,,,,0.0,1,Moto/Ciclomotor,San Martin Y Galvez,1,1,0,0,0,0,0,"-32.969002651095,-60.642355543986",Avenida,,ROSARIO,Rosario,Asfalto,No existe,II,Dentro,Urbana,Semáforo,Funciona,Intersección,S/D,S/D,S/D,S/D,S/D,S/D,Caída ocupante,S/D,"Horizontal,Vertical",Línea divisoria pintada,S/D,"-32.969002651095,-60.642355543986","['San Martin', 'Galvez']",2,,-32.969002651095,-60.642355543986,55.0,538.0,Municipio Rosario,Municipio,Rosario,820210,Servicio de Catastro e Información Territorial,IGN
2019,2828,2019-06-14,Viernes,,18:00:00,,0.0,2,"Bicicleta,Pickup/Utilitario",Washington Y Zelaya,2,1,0,0,1,0,0,"-32.902, -60.69397",Calle,,ROSARIO,Rosario,S/D,S/D,II,S/D,Urbana,S/D,S/D,Intersección,S/D,S/D,S/D,S/D,S/D,Ciclista,Atropello,S/D,S/D,S/D,S/D,"-32.902, -60.69397","['Washington', 'Zelaya']",2,,-32.902,-60.69397,55.0,538.0,Municipio Rosario,Municipio,Rosario,820210,Servicio de Catastro e Información Territorial,IGN
2019,2842,2019-06-12,Miercoles,,22:00:00,,0.0,2,"Automóvil,Moto/Ciclomotor",Barra Y Urquiza,2,1,0,0,1,0,0,"-32.93331, -60.70713",Calle,,ROSARIO,Rosario,S/D,S/D,II,S/D,Urbana,S/D,S/D,Intersección,S/D,S/D,S/D,S/D,S/D,S/D,Colisión,S/D,S/D,S/D,S/D,"-32.93331, -60.70713","['Barra', 'Urquiza']",2,,-32.93331,-60.70713,55.0,538.0,Municipio Rosario,Municipio,Rosario,820210,Servicio de Catastro e Información Territorial,IGN
2019,2845,2019-06-14,Viernes,,,,0.0,2,"Automóvil,Moto/Ciclomotor",Esquivel Y Washington,2,1,0,0,1,0,0,"-32.90423, -60.7044",Calle,,ROSARIO,Rosario,S/D,S/D,II,S/D,Urbana,S/D,S/D,Intersección,S/D,S/D,S/D,S/D,S/D,S/D,Colisión,S/D,S/D,S/D,S/D,"-32.90423, -60.7044","['Esquivel', 'Washington']",2,,-32.90423,-60.7044,55.0,538.0,Municipio Rosario,Municipio,Rosario,820210,Servicio de Catastro e Información Territorial,IGN
2019,2851,2019-02-21,Jueves,,19:30:00,,0.0,2,"Moto/Ciclomotor,Automóvil",España Y La Paz,3,2,0,0,1,0,0,"-32.96265, -60.65106",Calle,,ROSARIO,Rosario,Asfalto,No existe,II,Dentro,Urbana,S/D,S/D,Intersección,Bueno,Buena,Nocturna,Buen Tiempo,S/D,S/D,Colisión,S/D,S/D,S/D,S/D,"-32.96265, -60.65106","['España', 'La Paz']",2,,-32.96265,-60.65106,55.0,538.0,Municipio Rosario,Municipio,Rosario,820210,Servicio de Catastro e Información Territorial,IGN
2019,2859,2019-06-06,Jueves,,22:45:00,,0.0,2,"Automóvil,Moto/Ciclomotor",Pampa ,2,1,0,0,1,0,0,"-32.946964055677, -60.721129160110",Calle,,ROSARIO,Rosario,Asfalto,S/D,II,Dentro,Urbana,Ninguna,No existe,Recta,Bueno,S/D,"Nocturna,Con luz artificial",S/D,De alcance,S/D,Colisión,S/D,S/D,Barrera de hormigón,Sin restricción,"-32.946964055677, -60.721129160110",['Pampa'],1,,-32.946964055677,-60.72112916011,55.0,538.0,Municipio Rosario,Municipio,Rosario,820210,Servicio de Catastro e Información Territorial,IGN
2019,2860,2019-06-06,Jueves,,17:15:00,,0.0,2,"Automóvil,Moto/Ciclomotor",Ecuador Y Riobamba,4,2,0,0,2,0,0,"-32.95465, -60.71438",Calle,,ROSARIO,Rosario,Asfalto,No existe,II,S/D,Urbana,Ninguna,No existe,Intersección,Bueno,Buena,Diurna,Buen Tiempo,Lateral,S/D,Colisión,S/D,Faltante,Ninguna,Sin restricción,"-32.95465, -60.71438","['Ecuador', 'Riobamba']",2,,-32.95465,-60.71438,55.0,538.0,Municipio Rosario,Municipio,Rosario,820210,Servicio de Catastro e Información Territorial,IGN
2019,2862,2019-06-05,Miercoles,,19:35:00,,0.0,2,"Automóvil,Bicicleta",Garay Y Campbell,2,1,0,0,1,0,0,"-32.96621, -60.70691",Calle,,ROSARIO,Rosario,Asfalto,No existe,II,S/D,Urbana,Ninguna,No existe,Intersección,Bueno,Buena,"Nocturna,Con luz artificial",Buen Tiempo,S/D,Ciclista,Atropello,Ninguna,Faltante,Ninguna,Sin restricción,"-32.96621, -60.70691","['Garay', 'Campbell']",2,,-32.96621,-60.70691,55.0,538.0,Municipio Rosario,Municipio,Rosario,820210,Servicio de Catastro e Información Territorial,IGN
2019,2863,2019-06-02,Domingo,,07:00:00,,0.0,2,"Moto/Ciclomotor,Automóvil",Cafferata Y Viamonte,2,0,1,0,1,0,0,"-32.9595, -60.67573",Calle,,ROSARIO,Rosario,Asfalto,No existe,II,S/D,Urbana,Ninguna,No existe,Intersección,Bueno,Reducida,"Nocturna,Con luz artificial",Niebla,Lateral,S/D,Colisión,Ninguna,Faltante,Ninguna,Sin restricción,"-32.9595, -60.67573","['Cafferata', 'Viamonte']",2,,-32.9595,-60.67573,55.0,538.0,Municipio Rosario,Municipio,Rosario,820210,Servicio de Catastro e Información Territorial,IGN
2019,2874,2019-04-22,Lunes,,20:30:00,,0.0,2,"Automóvil,Automóvil",Mitre Y Mr.Ross,2,1,0,0,1,0,0,"-32.988007275743,-60.650065250625",Calle,,ROSARIO,Rosario,Asfalto,No existe,II,Dentro,Urbana,Ninguna,No existe,Intersección,Deteriorada,Buena,"Nocturna,Con luz artificial",Buen Tiempo,S/D,S/D,Colisión,Ninguna,Faltante,Ninguna,Sin restricción,"-32.988007275743,-60.650065250625","['Mitre', 'Rodrigo M. Ross']",2,,-32.988007275743,-60.650065250625,55.0,538.0,Municipio Rosario,Municipio,Rosario,820210,Servicio de Catastro e Información Territorial,IGN
2019,2876,2019-04-22,Lunes,,23:30:00,,0.0,2,"Automóvil,Moto/Ciclomotor",La Paz Y Solis,3,2,0,0,1,0,0,"-32.938816363914,-60.703429994007",Calle,,ROSARIO,Rosario,Asfalto,No existe,II,Dentro,Urbana,Otra Señal,S/D,Intersección,Bueno,Buena,"Nocturna,Con luz artificial",Buen Tiempo,S/D,S/D,Colisión,Ninguna,Vertical,Ninguna,Sin restricción,"-32.938816363914,-60.703429994007","['La Paz', 'Solis']",2,,-32.938816363914,-60.703429994007,55.0,538.0,Municipio Rosario,Municipio,Rosario,820210,Servicio de Catastro e Información Territorial,IGN
2019,2880,2019-04-04,Jueves,,08:20:00,,0.0,2,"Automóvil,Bicicleta",Castellanos Y Cochabamba,2,1,0,0,1,0,0,"-32.951819758302,-60.678060810433",Calle,,ROSARIO,Rosario,Asfalto,No existe,II,Dentro,Urbana,Ninguna,No existe,Intersección,S/D,S/D,Diurna,S/D,S/D,Ciclista,Atropello,S/D,Faltante,Ninguna,S/D,"-32.951819758302,-60.678060810433","['Aaron Castellanos', 'Cochabamba']",2,,-32.951819758302,-60.678060810433,55.0,538.0,Municipio Rosario,Municipio,Rosario,820210,Servicio de Catastro e Información Territorial,IGN
2019,2882,2019-04-04,Jueves,,09:10:00,,0.0,2,"Pickup/Utilitario,Moto/Ciclomotor",Av. Luis Carballo Y Ing.Thedy Bis,2,1,0,0,1,0,0,"-32.923176884651184,-60.66547125577",Avenida,,ROSARIO,Rosario,Asfalto,No existe,II,Dentro,Urbana,Semáforo,Funciona,Intersección,S/D,S/D,Diurna,S/D,S/D,S/D,Colisión,S/D,"Horizontal,Vertical",Cordón divisorio,S/D,"-32.923176884651184,-60.66547125577","['Avenida Doctor Luis Cándido Carballo', 'Thedy']",2,,-32.923176884651184,-60.66547125577,55.0,538.0,Municipio Rosario,Municipio,Rosario,820210,Servicio de Catastro e Información Territorial,IGN
2019,2884,2019-04-21,Domingo,,03:20:00,,0.0,2,"Automóvil,Moto/Ciclomotor",Montevideo 5450,2,1,0,0,1,0,0,"-32.947048380094,-60.697709819471",Calle,,ROSARIO,Rosario,Asfalto,No existe,II,Dentro,Urbana,Ninguna,No existe,Intersección,Bueno,Buena,Diurna,Buen Tiempo,S/D,S/D,Colisión,Ninguna,Faltante,Ninguna,Sin restricción,"-32.947048380094,-60.697709819471",['Montevideo 5450'],1,,-32.947048380094,-60.697709819471,55.0,538.0,Municipio Rosario,Municipio,Rosario,820210,Servicio de Catastro e Información Territorial,IGN
2019,2887,2019-04-05,Viernes,,20:30:00,,0.0,2,"Automóvil,Moto/Ciclomotor",Ayacucho Y Reg.11 de Infanteria,2,1,0,0,1,0,0,"-32.998402118682876,-60.63646852970",Calle,,ROSARIO,Rosario,Asfalto,No existe,II,Dentro,Urbana,Señal Pare,No existe,Intersección,S/D,S/D,Nocturna,S/D,Lateral,S/D,Colisión,S/D,"Horizontal,Vertical",Línea divisoria pintada,S/D,"-32.998402118682876,-60.63646852970","['Ayacucho', 'Regimiento 11']",2,,-32.99840211868288,-60.6364685297,55.0,538.0,Municipio Rosario,Municipio,Rosario,820210,Servicio de Catastro e Información Territorial,IGN
2019,2894,2019-06-05,Miercoles,,07:20:00,,0.0,2,"Automóvil,Moto/Ciclomotor",Spegazzini Y Pje. Apostoles,2,1,0,0,1,0,0,"-32.87694, -60.70253",Calle,,ROSARIO,Rosario,Asfalto,No existe,II,Dentro,Urbana,S/D,No existe,Intersección,Bueno,Buena,Diurna,Buen Tiempo,Otro,S/D,Colisión,Ninguna,Faltante,S/D,Sin restricción,"-32.87694, -60.70253","['Spegazzini', 'Apóstoles']",2,,-32.87694,-60.70253,55.0,538.0,Municipio Rosario,Municipio,Rosario,820210,Servicio de Catastro e Información Territorial,IGN
2019,2896,2019-06-01,Sabado,,21:10:00,,0.0,2,"Moto/Ciclomotor,Automóvil",Bv. Oroño Y 24 De Setiembre,3,2,0,0,1,0,0,"-32.97753, -60.66182",Avenida,,ROSARIO,Rosario,Asfalto,No existe,II,Dentro,Urbana,Ninguna,No existe,Intersección,Bueno,Buena,Diurna,Buen Tiempo,S/D,S/D,S/D,Ninguna,Faltante,Ninguna,S/D,"-32.97753, -60.66182","['Bulevar Nicasio Oroño', '24 de Septiembre']",2,,-32.97753,-60.66182,55.0,538.0,Municipio Rosario,Municipio,Rosario,820210,Servicio de Catastro e Información Territorial,IGN
2019,2898,2019-06-02,Domingo,,16:45:00,,0.0,2,"Moto/Ciclomotor,Automóvil",J.M.de Rosas Y Garibaldi,2,1,0,0,1,0,0,"-32.98726, -60.64125",Calle,,ROSARIO,Rosario,Asfalto,No existe,II,Dentro,Urbana,Ninguna,No existe,Intersección,Bueno,Buena,Atardecer,Buen Tiempo,Lateral,S/D,Colisión,Ninguna,Faltante,Ninguna,Sin restricción,"-32.98726, -60.64125","['De Rosas', 'José Garibaldi']",2,,-32.98726,-60.64125,55.0,538.0,Municipio Rosario,Municipio,Rosario,820210,Servicio de Catastro e Información Territorial,IGN
2019,2899,2019-06-03,Lunes,,09:20:00,,0.0,2,"Bicicleta,Automóvil",Av. Uriburu Y L.N.Alem,2,1,0,0,1,0,0,"-32.99054, -60.63882",Calle,,ROSARIO,Rosario,Asfalto,No existe,II,Dentro,Urbana,Ninguna,No existe,Intersección,Bueno,Buena,Diurna,Buen Tiempo,S/D,Ciclista,Atropello,Ninguna,Faltante,Ninguna,Sin restricción,"-32.99054, -60.63882","['Uriburu', 'Alem']",2,,-32.99054,-60.63882,55.0,538.0,Municipio Rosario,Municipio,Rosario,820210,Servicio de Catastro e Información Territorial,IGN
2019,2900,2019-06-03,Lunes,,21:45:00,,0.0,2,"Camión Chasis,Moto/Ciclomotor",Pte.Quintana Y Chacabuco,3,2,0,0,1,0,0,"-32.9853, -60.63189",Calle,,ROSARIO,Rosario,Asfalto,No existe,II,Dentro,Urbana,Ninguna,No existe,Intersección,Bueno,Buena,Nocturna,Buen Tiempo,Lateral,S/D,Colisión,S/D,Faltante,Ninguna,Sin restricción,"-32.9853, -60.63189","['Quintana', 'Chacabuco']",2,,-32.9853,-60.63189,55.0,538.0,Municipio Rosario,Municipio,Rosario,820210,Servicio de Catastro e Información Territorial,IGN
2019,2901,2019-06-04,Martes,,07:40:00,,0.0,2,"Bicicleta,Pickup/Utilitario",Av. Corrientes Y Ameghino,2,1,0,0,1,0,0,"-32.98643, -60.65259",Calle,,ROSARIO,Rosario,Asfalto,No existe,II,Dentro,Urbana,Ninguna,No existe,Intersección,Bueno,Buena,Diurna,Buen Tiempo,S/D,Ciclista,Atropello,Ninguna,Faltante,Ninguna,Sin restricción,"-32.98643, -60.65259","['Corrientes', 'Ameghino']",2,,-32.98643,-60.65259,55.0,538.0,Municipio Rosario,Municipio,Rosario,820210,Servicio de Catastro e Información Territorial,IGN
2019,2902,2019-06-04,Martes,,13:20:00,,0.0,2,"Automóvil,Moto/Ciclomotor",Sarmiento Y Bv. Segui,2,0,1,0,1,0,0,"-32.97905, -60.64636",Calle,,ROSARIO,Rosario,Asfalto,No existe,II,Dentro,Urbana,Ninguna,No existe,Intersección,Bueno,S/D,S/D,Buen Tiempo,Lateral,S/D,Colisión,Ninguna,Faltante,Cordón divisorio,Sin restricción,"-32.97905, -60.64636","['Sarmiento', 'Bulevar Juan Francisco Seguí']",2,,-32.97905,-60.64636,55.0,538.0,Municipio Rosario,Municipio,Rosario,820210,Servicio de Catastro e Información Territorial,IGN
2019,2903,2019-06-04,Martes,,10:10:00,,0.0,2,"Peatón,Automóvil",Mitre Y Bv. Segui,2,1,0,0,1,0,0,"-32.9788, -60.6478",Calle,,ROSARIO,Rosario,Asfalto,No existe,II,S/D,Urbana,Ninguna,No existe,Intersección,Bueno,Buena,Diurna,Buen Tiempo,S/D,Peatón,Atropello,Ninguna,Faltante,Cordón divisorio,Sin restricción,"-32.9788, -60.6478","['Mitre', 'Bulevar Juan Francisco Seguí']",2,,-32.9788,-60.6478,55.0,538.0,Municipio Rosario,Municipio,Rosario,820210,Servicio de Catastro e Información Territorial,IGN