anio_acci,nro_acci,fecha,desc_dia,fecha_aprox,hora_aprox,desc_ruta,km,cant_participantes,desc_participante,calle_avenida_km,total,heridos_leves,heridos_graves,heridos_gravisimos,ilesos,fallecidos,sin_datos,posicion_XY,desc_tipo_via,desc_ruta_ori,desc_loc,desc_dpto,desc_tipo_calzada,desc_tipo_banquina,desc_unidad_regional,desc_lugar_calzada,desc_zona,desc_prioridad,desc_estado_semaforo,desc_lugar_via,desc_estado_via,desc_estado_visibilidad,desc_luminosidad,desc_estado_clima,desc_tipo_colision,desc_tipo_atropello,desc_tipo_hecho,desc_pres_calzada,desc_senializacion,desc_separacion_via,desc_restriccion,forma_geocod,calle_lista,numero_calles,calles_osm,lat,lon,index_right,gid,fna,gna,nam,in1,fdc,sag
2019,2904,2019-04-05,Viernes,,19:45:00,,0.0,1,Moto/Ciclomotor,Bv. Oroño Y Olegario V.Andrade,2,2,0,0,0,0,0,"-32.996369048548,-60.665025513209",Avenida,,ROSARIO,Rosario,Asfalto,No existe,II,Dentro,Urbana,Paso Peatonal,No existe,Intersección,S/D,S/D,Nocturna,S/D,S/D,S/D,Caída ocupante,S/D,Horizontal,Cordón divisorio,S/D,"-32.996369048548,-60.665025513209","['Bulevar Nicasio Oroño', 'Olegario V Andrade']",2,,-32.996369048548,-60.665025513209,55.0,538.0,Municipio Rosario,Municipio,Rosario,820210,Servicio de Catastro e Información Territorial,IGN
2019,2909,2019-04-20,Sabado,,18:30:00,,0.0,2,"Pickup/Utilitario,Moto/Ciclomotor",JUAN PABLO II 2600,3,1,0,0,2,0,0,"-32.89055317640305,-60.716657191514",Calle,,ROSARIO,Rosario,hormigón,No existe,II,Dentro,Urbana,S/D,No existe,Recta,Bueno,Buena,Diurna,Buen Tiempo,S/D,S/D,Colisión,Ninguna,Faltante,Ninguna,Sin restricción,"-32.89055317640305,-60.716657191514",['Juan Pablo Ii 2600'],1,,-32.89055317640305,-60.716657191514,55.0,538.0,Municipio Rosario,Municipio,Rosario,820210,Servicio de Catastro e Información Territorial,IGN
2019,2919,2019-04-07,Domingo,,02:25:00,,0.0,2,"Automóvil,Moto/Ciclomotor",Bv. Rondeau Y Washington,3,1,0,0,2,0,0,"-32.901242349186,-60.690558196472",Avenida,,ROSARIO,Rosario,Asfalto,No existe,II,Dentro,Urbana,Semáforo,Funciona,Intersección,S/D,S/D,Nocturna,S/D,S/D,S/D,Colisión,S/D,"Horizontal,Vertical",Cordón divisorio,S/D,"-32.901242349186,-60.690558196472","['Rondeau', 'Washington']",2,,-32.901242349186,-60.690558196472,55.0,538.0,Municipio Rosario,Municipio,Rosario,820210,Servicio de Catastro e Información Territorial,IGN
2019,2920,2019-06-06,Jueves,,09:00:00,,0.0,2,"Automóvil,Automóvil",Av. Battle y Ordoñez 600,3,3,0,0,0,0,0,"-33.00977, -60.67642",Calle,,ROSARIO,Rosario,Asfalto,No existe,II,S/D,Urbana,Ninguna,No existe,Intersección,Bueno,Buena,Diurna,Buen Tiempo,Lateral,S/D,Colisión,Ninguna,Faltante,Ninguna,Sin restricción,"-33.00977, -60.67642",['Avenida Battle y Ordoñez 600'],1,,-33.00977,-60.67642,55.0,538.0,Municipio Rosario,Municipio,Rosario,820210,Servicio de Catastro e Información Territorial,IGN
2019,2923,2019-03-30,Sabado,,02:30:00,,0.0,2,"Moto/Ciclomotor,Moto/Ciclomotor",Av. Provincias Unidas Y Godoy Cruz,2,1,0,0,1,0,0,"    -32.95277, -60.71205",Avenida,,ROSARIO,Rosario,S/D,No existe,II,S/D,Urbana,S/D,S/D,Intersección,S/D,S/D,Nocturna,S/D,S/D,S/D,Colisión,S/D,S/D,S/D,S/D,"    -32.95277, -60.71205","['Avenida Provincias Unidas', 'Avenida Presidente Perón']",2,,-32.95277,-60.71205,55.0,538.0,Municipio Rosario,Municipio,Rosario,820210,Servicio de Catastro e Información Territorial,IGN
2019,2924,2019-06-07,Viernes,,17:10:00,,0.0,2,"Automóvil,Moto/Ciclomotor",San Martin Y Estado de Israel,2,1,0,0,1,0,0,"-32.99184, -60.64698",Calle,,ROSARIO,Rosario,Asfalto,No existe,II,Dentro,Urbana,Ninguna,No existe,Intersección,Bueno,Buena,Diurna,Buen Tiempo,Lateral,S/D,Colisión,Ninguna,Faltante,Ninguna,Sin restricción,"-32.99184, -60.64698","['San Martin', 'Estado de Israel']",2,,-32.99184,-60.64698,55.0,538.0,Municipio Rosario,Municipio,Rosario,820210,Servicio de Catastro e Información Territorial,IGN
2019,2926,2019-06-08,Sabado,,14:20:00,,0.0,2,"Moto/Ciclomotor,Automóvil",Laprida 5600,3,1,0,0,2,0,0,"-33.00195, -60.647",Calle,,ROSARIO,Rosario,Asfalto,No existe,II,Dentro,Urbana,Ninguna,No existe,Intersección,Bueno,Buena,Diurna,Buen Tiempo,Lateral,S/D,Colisión,Ninguna,Faltante,Ninguna,Sin restricción,"-33.00195, -60.647",['Laprida 5600'],1,,-33.00195,-60.647,55.0,538.0,Municipio Rosario,Municipio,Rosario,820210,Servicio de Catastro e Información Territorial,IGN
2019,2928,2019-06-08,Sabado,,19:30:00,,0.0,2,"Automóvil,Automóvil",Ameghino Y L.N.Alem,6,5,0,0,1,0,0,"-32.98894, -60.63854",Calle,,ROSARIO,Rosario,Asfalto,No existe,II,Dentro,Urbana,Ninguna,No existe,Intersección,Bueno,Buena,Atardecer,Buen Tiempo,Lateral,S/D,Colisión,Ninguna,Faltante,Ninguna,Sin restricción,"-32.98894, -60.63854","['Ameghino', 'Alem']",2,,-32.98894,-60.63854,55.0,538.0,Municipio Rosario,Municipio,Rosario,820210,Servicio de Catastro e Información Territorial,IGN
2019,2929,2019-03-30,Sabado,,19:45:00,,0.0,2,"Automóvil,Bicicleta",Uruguay Y San Martin,2,1,0,0,1,0,0,"    -32.97704, -60.64429",Calle,,ROSARIO,Rosario,Asfalto,No existe,II,Dentro,Urbana,Ninguna,S/D,Intersección,S/D,S/D,Atardecer,S/D,S/D,Ciclista,Atropello,S/D,S/D,S/D,S/D,"    -32.97704, -60.64429","['Uruguay', 'San Martin']",2,,-32.97704,-60.64429,55.0,538.0,Municipio Rosario,Municipio,Rosario,820210,Servicio de Catastro e Información Territorial,IGN
2019,2931,2019-06-01,Sabado,,19:00:00,,0.0,2,"Automóvil,Moto/Ciclomotor",Pte.Roca Y Rueda,5,1,0,0,4,0,0,"-32.96984, -60.65131",Calle,,ROSARIO,Rosario,Asfalto,S/D,II,S/D,Urbana,Ninguna,No existe,Recta,Bueno,Buena,Nocturna,Buen Tiempo,S/D,S/D,Colisión,S/D,Vertical,Ninguna,Sin restricción,"-32.96984, -60.65131","['Roca', 'Rueda']",2,,-32.96984,-60.65131,55.0,538.0,Municipio Rosario,Municipio,Rosario,820210,Servicio de Catastro e Información Territorial,IGN
2019,2932,2019-03-30,Sabado,,12:15:00,,0.0,1,Moto/Ciclomotor,Catamarca 1600,2,1,0,0,1,0,0,"    -32.93931, -60.64385",Calle,,ROSARIO,Rosario,Asfalto,No existe,II,Dentro,Urbana,Ninguna,No existe,Recta,S/D,S/D,Diurna,S/D,S/D,S/D,Colisión,S/D,S/D,S/D,Sin restricción,"    -32.93931, -60.64385",['Catamarca 1600'],1,,-32.93931,-60.64385,55.0,538.0,Municipio Rosario,Municipio,Rosario,820210,Servicio de Catastro e Información Territorial,IGN
2019,2933,2019-06-05,Miercoles,,,,0.0,2,"Automóvil,Bicicleta",Sarmiento Y Cordoba,2,1,0,0,1,0,0,"-32.94649, -60.63816",Calle,,ROSARIO,Rosario,Asfalto,S/D,II,S/D,Urbana,Otra Señal,No existe,Intersección,Bueno,Buena,Diurna,Buen Tiempo,S/D,Ciclista,Atropello,S/D,S/D,Ninguna,Sin restricción,"-32.94649, -60.63816","['Sarmiento', 'Córdoba']",2,,-32.94649,-60.63816,55.0,538.0,Municipio Rosario,Municipio,Rosario,820210,Servicio de Catastro e Información Territorial,IGN
2019,2935,2019-06-06,Jueves,,19:10:00,,0.0,2,"Peatón,Moto/Ciclomotor",San Luis Y Dorrego,2,1,0,0,1,0,0,"-32.94709, -60.64992",Calle,,ROSARIO,Rosario,Asfalto,S/D,II,S/D,Urbana,Ninguna,No existe,Recta,Bueno,Buena,Diurna,Buen Tiempo,S/D,Peatón,Atropello,S/D,S/D,Ninguna,Sin restricción,"-32.94709, -60.64992","['San Luis', 'Dorrego']",2,,-32.94709,-60.64992,55.0,538.0,Municipio Rosario,Municipio,Rosario,820210,Servicio de Catastro e Información Territorial,IGN
2019,2936,2019-03-30,Sabado,,,,0.0,2,"Pickup/Utilitario,Peatón",Las Heras A ,2,1,0,0,1,0,0,"-32.99503, -60.64165",Calle,,ROSARIO,Rosario,Asfalto,S/D,II,Dentro,Urbana,S/D,S/D,Intersección,S/D,S/D,S/D,S/D,S/D,Peatón,Atropello,S/D,S/D,S/D,S/D,"-32.99503, -60.64165",['Las Heras A'],1,,-32.99503,-60.64165,55.0,538.0,Municipio Rosario,Municipio,Rosario,820210,Servicio de Catastro e Información Territorial,IGN
2019,2937,2019-06-06,Jueves,,11:00:00,,0.0,2,"Peatón,Automóvil",Av. Corrientes Y Rioja,2,1,0,0,1,0,0,"-32.94685, -60.64264",Calle,,ROSARIO,Rosario,Asfalto,S/D,II,S/D,Urbana,Semáforo,Funciona,Recta,Bueno,Buena,Diurna,Buen Tiempo,S/D,Peatón,Atropello,S/D,Vertical,Ninguna,Sin restricción,"-32.94685, -60.64264","['Corrientes', 'Rioja']",2,,-32.94685,-60.64264,55.0,538.0,Municipio Rosario,Municipio,Rosario,820210,Servicio de Catastro e Información Territorial,IGN
2019,2938,2019-06-02,Domingo,,,,0.0,2,"Vehículo Oficial,Automóvil",Santa Fe Y Callao,2,1,0,0,1,0,0,"-32.94123, -60.65974",Calle,,ROSARIO,Rosario,Asfalto,S/D,II,S/D,Urbana,Semáforo,Funciona,Recta,Bueno,Buena,Amanecer,Buen Tiempo,S/D,S/D,Colisión,S/D,Vertical,Ninguna,Sin restricción,"-32.94123, -60.65974","['Santa Fe', 'Callao']",2,,-32.94123,-60.65974,55.0,538.0,Municipio Rosario,Municipio,Rosario,820210,Servicio de Catastro e Información Territorial,IGN
2019,2939,2019-06-07,Viernes,,16:45:00,,0.0,2,"Moto/Ciclomotor,Automóvil",San Luis Y San Nicolas,2,0,1,0,1,0,0,"-32.94306, -60.67307",Calle,,ROSARIO,Rosario,Asfalto,No existe,II,S/D,Urbana,Ninguna,No existe,Recta,Bueno,Buena,Diurna,Buen Tiempo,S/D,S/D,Colisión,S/D,Vertical,Ninguna,Sin restricción,"-32.94306, -60.67307","['San Luis', 'San Nicolás']",2,,-32.94306,-60.67307,55.0,538.0,Municipio Rosario,Municipio,Rosario,820210,Servicio de Catastro e Información Territorial,IGN
2019,2942,2019-04-11,Jueves,,17:25:00,,0.0,2,"Pickup/Utilitario,Moto/Ciclomotor",Av. Pte.Peron Y Peru,2,1,0,0,1,0,0,"-32.96729654073716,-60.710315108299",Avenida,,ROSARIO,Rosario,Asfalto,No existe,II,Dentro,Urbana,Ninguna,No existe,Intersección,S/D,S/D,Diurna,S/D,S/D,S/D,Colisión,S/D,Faltante,Cordón divisorio,S/D,"-32.96729654073716,-60.710315108299","['Avenida Presidente Perón', 'Peru']",2,,-32.96729654073716,-60.710315108299,55.0,538.0,Municipio Rosario,Municipio,Rosario,820210,Servicio de Catastro e Información Territorial,IGN
2019,2943,2019-04-11,Jueves,,14:15:00,,0.0,2,"Pickup/Utilitario,Moto/Ciclomotor",San Patricio Y Valentin Gomez,3,0,1,0,2,0,0,"-32.877702713012695,-60.70095151662",Calle,,ROSARIO,Rosario,Asfalto,No existe,II,Dentro,Urbana,Ninguna,No existe,Intersección,S/D,S/D,Diurna,S/D,Lateral,S/D,Colisión,S/D,Faltante,Ninguna,S/D,"-32.877702713012695,-60.70095151662","['San Patricio', 'Valentín Gómez']",2,,-32.877702713012695,-60.70095151662,55.0,538.0,Municipio Rosario,Municipio,Rosario,820210,Servicio de Catastro e Información Territorial,IGN
2019,2944,2019-04-09,Martes,,19:20:00,,0.0,2,"Automóvil,Moto/Ciclomotor",Cereseto Y Piedras,2,1,0,0,1,0,0,"-33.007681328679,-60.673672614",Calle,,ROSARIO,Rosario,Asfalto,No existe,II,Dentro,Urbana,Ninguna,No existe,Intersección,Deteriorada,Buena,Nocturna,Buen Tiempo,S/D,S/D,Colisión,Ninguna,Faltante,Ninguna,Sin restricción,"-33.007681328679,-60.673672614","['Cereseto', 'Piedras']",2,,-33.007681328679,-60.673672614,55.0,538.0,Municipio Rosario,Municipio,Rosario,820210,Servicio de Catastro e Información Territorial,IGN
2019,2946,2019-04-09,Martes,,21:00:00,,0.0,2,"Automóvil,Moto/Ciclomotor",Milan Y Pje. Piano,2,1,0,0,1,0,0,"-32.989926001273,-60.65276049589",Calle,,ROSARIO,Rosario,Asfalto,No existe,II,Dentro,Urbana,Ninguna,No existe,Intersección,Bueno,Buena,"Nocturna,Con luz artificial",Buen Tiempo,S/D,S/D,Colisión,Ninguna,Faltante,Ninguna,Sin restricción,"-32.989926001273,-60.65276049589","['Milán', 'Piano']",2,,-32.989926001273,-60.65276049589,55.0,538.0,Municipio Rosario,Municipio,Rosario,820210,Servicio de Catastro e Información Territorial,IGN
2019,2951,2019-04-10,Miercoles,,20:30:00,,0.0,2,"Pickup/Utilitario,Bicicleta",Bv. Segui Y Cafferata,2,1,0,0,1,0,0,"-32.973274423264,-60.679218677224",Avenida,,ROSARIO,Rosario,Asfalto,No existe,II,Dentro,Urbana,Semáforo,No existe,Intersección,S/D,S/D,Nocturna,S/D,S/D,Ciclista,Atropello,S/D,Vertical,Cordón divisorio,S/D,"-32.973274423264,-60.679218677224","['Bulevar Juan Francisco Seguí', 'Cafferata']",2,,-32.973274423264,-60.679218677224,55.0,538.0,Municipio Rosario,Municipio,Rosario,820210,Servicio de Catastro e Información Territorial,IGN
2019,2953,2019-04-10,Miercoles,,12:40:00,,0.0,3,"Transporte de Pasajeros Urbano (> 8 asientos),Automóvil,Automóvil",Av. Arijon Y Leiva,4,3,0,0,1,0,0,"-33.002681151937,-60.637918004156",Avenida,,ROSARIO,Rosario,Asfalto,No existe,II,Dentro,Urbana,Semáforo,Funciona,Intersección,S/D,S/D,Diurna,S/D,Múltiple,S/D,Colisión,S/D,Vertical,Ninguna,S/D,"-33.002681151937,-60.637918004156","['Avenida Manuel Arijón', 'Leiva']",2,,-33.002681151937,-60.637918004156,55.0,538.0,Municipio Rosario,Municipio,Rosario,820210,Servicio de Catastro e Información Territorial,IGN
2019,2957,2019-04-10,Miercoles,,23:10:00,,0.0,1,Moto/Ciclomotor,Amenabar Y España,2,1,0,0,1,0,0,"-32.970694808151,-60.652993598735",Calle,,ROSARIO,Rosario,Asfalto,No existe,II,Dentro,Urbana,Señal Pare,No existe,Intersección,Bueno,Buena,Diurna,Buen Tiempo,S/D,S/D,Colisión,Ninguna,Vertical,Ninguna,Sin restricción,"-32.970694808151,-60.652993598735","['Amenabar', 'España']",2,,-32.970694808151,-60.652993598735,55.0,538.0,Municipio Rosario,Municipio,Rosario,820210,Servicio de Catastro e Información Territorial,IGN
2019,2963,2019-04-21,Domingo,,07:00:00,,0.0,2,"Tren,Peatón",Flamarion Y Lamadrid,2,0,0,1,1,0,0,"-32.99732923507692,-60.658371448516",Calle,,ROSARIO,Rosario,Asfalto,No existe,II,Dentro,Urbana,S/D,S/D,Paso a Nivel FFCC,S/D,S/D,S/D,S/D,S/D,Peatón,Atropello,S/D,S/D,S/D,S/D,"-32.99732923507692,-60.658371448516","['Camilo Flammarion', 'Lamadrid']",2,,-32.99732923507692,-60.658371448516,55.0,538.0,Municipio Rosario,Municipio,Rosario,820210,Servicio de Catastro e Información Territorial,IGN
2019,2966,2019-03-29,Viernes,,17:50:00,,0.0,2,"Moto/Ciclomotor,Moto/Ciclomotor",Irurtia ,2,1,0,0,1,0,0,"    -32.96718, -60.72964",Calle,,ROSARIO,Rosario,S/D,No existe,II,Dentro,Urbana,S/D,No existe,Intersección,S/D,S/D,Diurna,S/D,S/D,S/D,Colisión,S/D,S/D,S/D,S/D,"    -32.96718, -60.72964",['Irurtia'],1,,-32.96718,-60.72964,55.0,538.0,Municipio Rosario,Municipio,Rosario,820210,Servicio de Catastro e Información Territorial,IGN
2019,2967,2019-03-29,Viernes,,19:20:00,,0.0,2,"Automóvil,Moto/Ciclomotor",Mendoza Y Donado,2,0,1,0,1,0,0,"    -32.94069, -60.72698",Calle,,ROSARIO,Rosario,Asfalto,S/D,II,Dentro,Urbana,Ninguna,No existe,Intersección,S/D,S/D,Diurna,S/D,S/D,S/D,Colisión,S/D,Faltante,S/D,Sin restricción,"    -32.94069, -60.72698","['Mendoza', 'Donado']",2,,-32.94069,-60.72698,55.0,538.0,Municipio Rosario,Municipio,Rosario,820210,Servicio de Catastro e Información Territorial,IGN
2019,2968,2019-03-29,Viernes,,17:30:00,,0.0,2,"Camión,Moto/Ciclomotor",Mendoza Y Donado,2,1,0,0,1,0,0,"    -32.94069, -60.72698",Calle,,ROSARIO,Rosario,S/D,S/D,II,Dentro,Urbana,S/D,S/D,Intersección,S/D,S/D,Diurna,S/D,S/D,S/D,Colisión,S/D,S/D,S/D,S/D,"    -32.94069, -60.72698","['Mendoza', 'Donado']",2,,-32.94069,-60.72698,55.0,538.0,Municipio Rosario,Municipio,Rosario,820210,Servicio de Catastro e Información Territorial,IGN
2019,2969,2019-06-03,Lunes,,10:10:00,,0.0,2,"Moto/Ciclomotor,Taxi/Remis",Av. Belgrano Y San Juan,2,1,0,0,1,0,0,"-32.95237, -60.62713",Avenida,,ROSARIO,Rosario,Asfalto,No existe,II,S/D,Urbana,S/D,Funciona,Recta,Bueno,S/D,S/D,Buen Tiempo,S/D,S/D,Colisión,S/D,Vertical,Ninguna,Sin restricción,"-32.95237, -60.62713","['Belgrano', 'San Juan']",2,,-32.95237,-60.62713,55.0,538.0,Municipio Rosario,Municipio,Rosario,820210,Servicio de Catastro e Información Territorial,IGN
2019,2971,2019-06-01,Sabado,,19:00:00,,0.0,2,"Bicicleta,Peatón",San Martin Y Buenos Aires,2,2,0,0,0,0,0,"-32.98159, -60.64467",Calle,,ROSARIO,Rosario,Asfalto,No existe,II,S/D,Urbana,Semáforo,Funciona,Recta,Bueno,Buena,Nocturna,Buen Tiempo,S/D,"Ciclista,Peatón",Atropello,S/D,Vertical,Ninguna,Sin restricción,"-32.98159, -60.64467","['San Martin', 'Buenos Aires']",2,,-32.98159,-60.64467,55.0,538.0,Municipio Rosario,Municipio,Rosario,820210,Servicio de Catastro e Información Territorial,IGN
2019,2974,2019-06-08,Sabado,,19:30:00,,0.0,1,Moto/Ciclomotor,Av. Dante Alighieri ,1,0,1,0,0,0,0,"-32.94822, -60.65463",Avenida,,ROSARIO,Rosario,S/D,S/D,II,S/D,Urbana,Ninguna,S/D,S/D,S/D,S/D,S/D,Buen Tiempo,S/D,S/D,Despiste,S/D,S/D,Ninguna,Sin restricción,"-32.94822, -60.65463",['Dante Alighieri'],1,,-32.94822,-60.65463,55.0,538.0,Municipio Rosario,Municipio,Rosario,820210,Servicio de Catastro e Información Territorial,IGN
2019,2975,2019-03-28,Jueves,,22:00:00,,0.0,2,"Peatón,Moto/Ciclomotor",San Martin Y Rueda,2,1,0,0,1,0,0,"    -32.97126, -60.64284",Calle,,ROSARIO,Rosario,Asfalto,No existe,II,Dentro,Urbana,S/D,No existe,Intersección,S/D,S/D,Nocturna,S/D,S/D,Peatón,Atropello,S/D,S/D,S/D,S/D,"    -32.97126, -60.64284","['San Martin', 'Rueda']",2,,-32.97126,-60.64284,55.0,538.0,Municipio Rosario,Municipio,Rosario,820210,Servicio de Catastro e Información Territorial,IGN
2019,2977,2019-06-05,Miercoles,,20:20:00,,0.0,2,"Automóvil,Moto/Ciclomotor",3 De Febrero Y Pueyrredon,3,1,1,0,1,0,0,"-32.94944, -60.659",Calle,,ROSARIO,Rosario,Asfalto,No existe,II,S/D,Urbana,Ninguna,No existe,Recta,Bueno,Buena,Nocturna,Buen Tiempo,S/D,S/D,Colisión,S/D,Vertical,Ninguna,Sin restricción,"-32.94944, -60.659","['3 de Febrero', 'Pueyrredón']",2,,-32.94944,-60.659,55.0,538.0,Municipio Rosario,Municipio,Rosario,820210,Servicio de Catastro e Información Territorial,IGN
2019,2978,2019-06-07,Viernes,,22:50:00,,0.0,2,"Peatón,Automóvil",Entre Rios Y San Lorenzo,2,0,0,1,1,0,0,"-32.94359, -60.64041",Calle,,ROSARIO,Rosario,Asfalto,No existe,II,S/D,Urbana,Ninguna,No existe,Recta,Bueno,Buena,Nocturna,Buen Tiempo,S/D,Peatón,Atropello,S/D,Vertical,Ninguna,Sin restricción,"-32.94359, -60.64041","['Entre Ríos', 'San Lorenzo']",2,,-32.94359,-60.64041,55.0,538.0,Municipio Rosario,Municipio,Rosario,820210,Servicio de Catastro e Información Territorial,IGN
2019,2981,2019-03-28,Jueves,,12:30:00,,0.0,2,"Automóvil,Moto/Ciclomotor",J.C.Casas Y Miller,2,1,0,0,1,0,0,"    -32.90136, -60.70632",Calle,,ROSARIO,Rosario,S/D,No existe,II,Dentro,Urbana,Ninguna,No existe,Intersección,S/D,S/D,Diurna,S/D,S/D,S/D,Colisión,S/D,S/D,S/D,S/D,"    -32.90136, -60.70632","['Casas', 'Miller']",2,,-32.90136,-60.70632,55.0,538.0,Municipio Rosario,Municipio,Rosario,820210,Servicio de Catastro e Información Territorial,IGN
2019,2983,2019-06-07,Viernes,,16:25:00,,0.0,2,"Bicicleta,Automóvil",Valparaiso Y Marcos Paz,2,1,0,0,1,0,0,"-32.94302, -60.68302",Calle,,ROSARIO,Rosario,Asfalto,No existe,II,S/D,Urbana,Ninguna,No existe,Recta,Deteriorada,Buena,Diurna,Buen Tiempo,S/D,Ciclista,"Colisión,Atropello",S/D,Vertical,Ninguna,Sin restricción,"-32.94302, -60.68302","['Valparaíso', 'Marcos Paz']",2,,-32.94302,-60.68302,55.0,538.0,Municipio Rosario,Municipio,Rosario,820210,Servicio de Catastro e Información Territorial,IGN
2019,2985,2019-06-07,Viernes,,09:10:00,,0.0,2,"Automóvil,Moto/Ciclomotor",Lima Y Montevideo,2,1,0,0,1,0,0,"-32.94813, -60.68566",Calle,,ROSARIO,Rosario,Asfalto,No existe,II,S/D,Urbana,Ninguna,No existe,Recta,Bueno,Buena,Diurna,Buen Tiempo,S/D,S/D,Colisión,S/D,Vertical,Ninguna,Sin restricción,"-32.94813, -60.68566","['Lima', 'Montevideo']",2,,-32.94813,-60.68566,55.0,538.0,Municipio Rosario,Municipio,Rosario,820210,Servicio de Catastro e Información Territorial,IGN
2019,2986,2019-06-08,Sabado,,13:50:00,,0.0,2,"Taxi/Remis,Moto/Ciclomotor",Amenabar 2000,2,0,1,0,1,0,0,"-32.97004, -60.65707",S/D,,ROSARIO,Rosario,Asfalto,No existe,II,S/D,Urbana,Ninguna,No existe,Recta,Bueno,Buena,Diurna,Buen Tiempo,S/D,S/D,Colisión,S/D,Vertical,Ninguna,Sin restricción,"-32.97004, -60.65707",['Amenabar 2000'],1,,-32.97004,-60.65707,55.0,538.0,Municipio Rosario,Municipio,Rosario,820210,Servicio de Catastro e Información Territorial,IGN
2019,2987,2019-03-28,Jueves,,10:20:00,,0.0,2,"Pickup/Utilitario,Moto/Ciclomotor",Bv. Oroño 3900,2,1,0,0,1,0,0,"    -32.98091, -60.66278",Avenida,,ROSARIO,Rosario,S/D,No existe,II,Dentro,Urbana,S/D,No existe,Intersección,S/D,S/D,Diurna,S/D,S/D,S/D,Colisión,S/D,S/D,S/D,Sin restricción,"    -32.98091, -60.66278",['Nicasio Oroñoño 3900'],1,,-32.98091,-60.66278,55.0,538.0,Municipio Rosario,Municipio,Rosario,820210,Servicio de Catastro e Información Territorial,IGN
2019,2988,2019-06-01,Sabado,,20:50:00,,0.0,2,"Automóvil,Moto/Ciclomotor",Vera Mujica Y Tucuman,3,2,0,0,1,0,0,"-32.93668, -60.66576",Calle,,ROSARIO,Rosario,Asfalto,No existe,II,S/D,Urbana,Semáforo,Funciona,Recta,Bueno,Buena,Nocturna,Buen Tiempo,S/D,S/D,Colisión,S/D,Vertical,Ninguna,Sin restricción,"-32.93668, -60.66576","['Vera Mujíca', 'Tucumán']",2,,-32.93668,-60.66576,55.0,538.0,Municipio Rosario,Municipio,Rosario,820210,Servicio de Catastro e Información Territorial,IGN
2019,2990,2019-06-03,Lunes,,10:40:00,,0.0,2,"Automóvil,Peatón",Mendoza Y Pascual Rosas,2,1,0,0,1,0,0,"-32.94303, -60.68731",Calle,,ROSARIO,Rosario,Asfalto,S/D,II,S/D,Urbana,S/D,S/D,Recta,Bueno,S/D,S/D,S/D,S/D,Peatón,Atropello,S/D,S/D,S/D,S/D,"-32.94303, -60.68731","['Mendoza', 'Pascual Rosas']",2,,-32.94303,-60.68731,55.0,538.0,Municipio Rosario,Municipio,Rosario,820210,Servicio de Catastro e Información Territorial,IGN
2019,2991,2019-06-05,Miercoles,,08:00:00,,0.0,2,"Bicicleta,Pickup/Utilitario",Mariano Moreno Y Tucuman,2,1,0,0,1,0,0,"-32.93959, -60.64945",Calle,,ROSARIO,Rosario,Asfalto,No existe,II,S/D,Urbana,Ninguna,No existe,Recta,Bueno,Buena,Diurna,Buen Tiempo,S/D,Ciclista,Atropello,S/D,Vertical,Ninguna,Sin restricción,"-32.93959, -60.64945","['Mariano Moreno', 'Tucumán']",2,,-32.93959,-60.64945,55.0,538.0,Municipio Rosario,Municipio,Rosario,820210,Servicio de Catastro e Información Territorial,IGN
2019,2993,2019-06-05,Miercoles,,17:12:00,,0.0,2,"Bicicleta,Automóvil",San Juan Y Crespo,2,1,0,0,1,0,0,"-32.9448, -60.66916",Calle,,ROSARIO,Rosario,Asfalto,No existe,II,S/D,Urbana,Ninguna,No existe,Recta,Bueno,Buena,Diurna,Buen Tiempo,S/D,Ciclista,Atropello,S/D,Vertical,Ninguna,Sin restricción,"-32.9448, -60.66916","['San Juan', 'Crespo']",2,,-32.9448,-60.66916,55.0,538.0,Municipio Rosario,Municipio,Rosario,820210,Servicio de Catastro e Información Territorial,IGN
2019,3015,2019-06-07,Viernes,,11:30:00,,0.0,2,"Taxi/Remis,Otros",Av. Pellegrini ,3,1,0,0,2,0,0,"-32.95197, -60.67112",Calle,,ROSARIO,Rosario,Asfalto,No existe,II,Dentro,Urbana,Semáforo,Funciona,Recta,Bueno,Buena,Diurna,Buen Tiempo,De alcance,S/D,Colisión,Ninguna,Vertical,Cordón divisorio,Sin restricción,"-32.95197, -60.67112",['Pellegrini'],1,,-32.95197,-60.67112,55.0,538.0,Municipio Rosario,Municipio,Rosario,820210,Servicio de Catastro e Información Territorial,IGN
2019,3016,2019-03-23,Sabado,,06:40:00,,0.0,3,"Automóvil,Taxi/Remis,Camión",J.M.de Rosas Y Valentin Gomez,5,2,0,0,1,0,2,"-32.87315, -60.70227",Calle,,ROSARIO,Rosario,hormigón,S/D,II,S/D,Urbana,S/D,S/D,Curva,Bueno,S/D,S/D,S/D,Múltiple,S/D,Colisión,S/D,Faltante,S/D,Desv�o Provisorio,"-32.87315, -60.70227","['De Rosas', 'Valentín Gómez']",2,,-32.87315,-60.70227,55.0,538.0,Municipio Rosario,Municipio,Rosario,820210,Servicio de Catastro e Información Territorial,IGN