anio_acci,nro_acci,fecha,desc_dia,fecha_aprox,hora_aprox,desc_ruta,km,cant_participantes,desc_participante,calle_avenida_km,total,heridos_leves,heridos_graves,heridos_gravisimos,ilesos,fallecidos,sin_datos,posicion_XY,desc_tipo_via,desc_ruta_ori,desc_loc,desc_dpto,desc_tipo_calzada,desc_tipo_banquina,desc_unidad_regional,desc_lugar_calzada,desc_zona,desc_prioridad,desc_estado_semaforo,desc_lugar_via,desc_estado_via,desc_estado_visibilidad,desc_luminosidad,desc_estado_clima,desc_tipo_colision,desc_tipo_atropello,desc_tipo_hecho,desc_pres_calzada,desc_senializacion,desc_separacion_via,desc_restriccion,forma_geocod,calle_lista,numero_calles,calles_osm,lat,lon,index_right,gid,fna,gna,nam,in1,fdc,sag
2019,3018,2019-06-08,Sabado,,21:30:00,,0.0,2,"Taxi/Remis,Automóvil",Entre Rios Y Riobamba,2,1,0,0,1,0,0,"-32.96259, -60.64513",Calle,,ROSARIO,Rosario,Asfalto,No existe,II,Dentro,Urbana,Ninguna,No existe,Intersección,Bueno,Buena,"Nocturna,Con luz artificial",Buen Tiempo,Lateral,S/D,Colisión,Ninguna,Faltante,Ninguna,Sin restricción,"-32.96259, -60.64513","['Entre Ríos', 'Riobamba']",2,,-32.96259,-60.64513,55.0,538.0,Municipio Rosario,Municipio,Rosario,820210,Servicio de Catastro e Información Territorial,IGN
2019,3021,2019-06-01,Sabado,,07:20:00,,0.0,2,"Automóvil,Camión Chasis",Av. Avellaneda B Y San Juan,2,1,0,0,1,0,0,"-32.94286, -60.68013",Avenida,,ROSARIO,Rosario,Asfalto,No existe,II,Dentro,Urbana,Ninguna,Funciona,Intersección,Bueno,Buena,Diurna,Buen Tiempo,De alcance,S/D,Colisión,Ninguna,Faltante,Ninguna,Sin restricción,"-32.94286, -60.68013","['Avellaneda', 'San Juan']",2,,-32.94286,-60.68013,55.0,538.0,Municipio Rosario,Municipio,Rosario,820210,Servicio de Catastro e Información Territorial,IGN
2019,3026,2019-06-04,Martes,,13:00:00,,0.0,2,"Automóvil,Automóvil",Av. Pellegrini Y Cafferata,2,1,0,0,1,0,0,"-32.95141, -60.67374",Avenida,,ROSARIO,Rosario,Asfalto,No existe,II,Dentro,Urbana,Ninguna,No existe,Intersección,Bueno,Buena,Diurna,Buen Tiempo,De alcance,S/D,Colisión,Ninguna,Faltante,Ninguna,Sin restricción,"-32.95141, -60.67374","['Pellegrini', 'Cafferata']",2,,-32.95141,-60.67374,55.0,538.0,Municipio Rosario,Municipio,Rosario,820210,Servicio de Catastro e Información Territorial,IGN
2019,3027,2019-06-06,Jueves,,14:15:00,,0.0,2,"Moto/Ciclomotor,Automóvil",Suipacha 848,2,1,0,0,1,0,0,"-32.94234, -60.66436",S/D,,ROSARIO,Rosario,Asfalto,No existe,II,S/D,Urbana,Ninguna,No existe,Recta,Bueno,Buena,Diurna,Buen Tiempo,Lateral,S/D,Colisión,Ninguna,Faltante,Ninguna,Sin restricción,"-32.94234, -60.66436",['Suipacha 848'],1,,-32.94234,-60.66436,55.0,538.0,Municipio Rosario,Municipio,Rosario,820210,Servicio de Catastro e Información Territorial,IGN
2019,3031,2019-06-08,Sabado,,08:00:00,,0.0,2,"Moto/Ciclomotor,Automóvil",Cordoba Y Av. Avellaneda B,2,1,0,0,1,0,0,"-32.93918, -60.67908",Avenida,,ROSARIO,Rosario,Asfalto,S/D,II,S/D,Urbana,Semáforo,Funciona,Recta,Bueno,Buena,Diurna,Buen Tiempo,S/D,S/D,Colisión,S/D,S/D,Ninguna,Sin restricción,"-32.93918, -60.67908","['Córdoba', 'Avellaneda']",2,,-32.93918,-60.67908,55.0,538.0,Municipio Rosario,Municipio,Rosario,820210,Servicio de Catastro e Información Territorial,IGN
2019,3062,2019-02-19,Martes,,,,0.0,2,"Moto/Ciclomotor,Automóvil",Irurtia ,3,0,1,0,2,0,0,"-32.96678, -60.71693",Calle,,ROSARIO,Rosario,S/D,S/D,II,S/D,Urbana,S/D,S/D,Intersección,S/D,S/D,S/D,S/D,S/D,S/D,Colisión,S/D,S/D,S/D,S/D,"-32.96678, -60.71693",['Irurtia'],1,,-32.96678,-60.71693,55.0,538.0,Municipio Rosario,Municipio,Rosario,820210,Servicio de Catastro e Información Territorial,IGN
2019,3069,2019-02-20,Miercoles,,,,0.0,2,"Moto/Ciclomotor,Pickup/Utilitario",Catamarca Y Alvear,3,2,0,0,1,0,0,"-32.93766, -60.65315",Calle,,ROSARIO,Rosario,S/D,S/D,II,S/D,Urbana,S/D,S/D,Intersección,S/D,S/D,S/D,S/D,S/D,S/D,Colisión,S/D,S/D,S/D,S/D,"-32.93766, -60.65315","['Catamarca', 'Alvear']",2,,-32.93766,-60.65315,55.0,538.0,Municipio Rosario,Municipio,Rosario,820210,Servicio de Catastro e Información Territorial,IGN
2019,3089,2019-02-20,Miercoles,,19:00:00,,0.0,2,"Peatón,Moto/Ciclomotor",Servellera Y Bv. Bouchard,2,0,0,0,1,0,1,"-32.89046, -60.73422",Calle,,ROSARIO,Rosario,S/D,S/D,II,S/D,Urbana,S/D,S/D,Intersección,S/D,S/D,Atardecer,S/D,S/D,Peatón,Atropello,S/D,S/D,S/D,S/D,"-32.89046, -60.73422","['Servellera', 'Bouchard']",2,,-32.89046,-60.73422,55.0,538.0,Municipio Rosario,Municipio,Rosario,820210,Servicio de Catastro e Información Territorial,IGN
2019,3116,2019-02-22,Viernes,,,,0.0,2,"Moto/Ciclomotor,Pickup/Utilitario",Perez Bulnes Y Garzon,2,0,1,0,1,0,0,"-32.94228, -60.70557",Calle,,ROSARIO,Rosario,S/D,S/D,II,S/D,Urbana,S/D,S/D,Intersección,S/D,S/D,S/D,S/D,S/D,S/D,Colisión,S/D,S/D,S/D,S/D,"-32.94228, -60.70557","['Pérez Bulnes', 'Garzón']",2,,-32.94228,-60.70557,55.0,538.0,Municipio Rosario,Municipio,Rosario,820210,Servicio de Catastro e Información Territorial,IGN
2019,3139,2019-06-07,Viernes,,13:30:00,,0.0,2,"Bicicleta,Automóvil",Khantuta 1600,2,1,0,0,1,0,0,"-33.01219, -60.65651",Calle,,ROSARIO,Rosario,Asfalto,No existe,II,Dentro,Urbana,Ninguna,No existe,Recta,Bueno,Buena,Diurna,Buen Tiempo,Contra objeto fijo,Ciclista,Atropello,Ninguna,S/D,Ninguna,Sin restricción,"-33.01219, -60.65651",['Khantuta 1600'],1,,-33.01219,-60.65651,55.0,538.0,Municipio Rosario,Municipio,Rosario,820210,Servicio de Catastro e Información Territorial,IGN
2019,3140,2019-06-07,Viernes,,11:45:00,,0.0,1,Bicicleta,Av. Arijon Y Dorrego,1,1,0,0,0,0,0,"-33.00347, -60.66051",Avenida,,ROSARIO,Rosario,Asfalto,Pavimento,II,Dentro,Urbana,Ninguna,Funciona,Recta,Bueno,Buena,Diurna,Buen Tiempo,Contra objeto fijo,Ciclista,"Caída ocupante,Atropello",Ninguna,S/D,Ninguna,Sin restricción,"-33.00347, -60.66051","['Avenida Manuel Arijón', 'Dorrego']",2,,-33.00347,-60.66051,55.0,538.0,Municipio Rosario,Municipio,Rosario,820210,Servicio de Catastro e Información Territorial,IGN
2019,3142,2019-06-01,Sabado,,11:30:00,,0.0,2,"Bicicleta,Automóvil",Av. Ovidio Lagos Y Saavedra,3,1,0,0,2,0,0,"-32.97384, -60.66902",Calle,,ROSARIO,Rosario,Asfalto,Pavimento,II,Fuera,Urbana,Ninguna,Funciona,Recta,Bueno,Buena,Diurna,Buen Tiempo,Lateral,Ciclista,Atropello,S/D,S/D,Vegetación,Sin restricción,"-32.97384, -60.66902","['Avenida Ovidio Lagos', 'Saavedra']",2,,-32.97384,-60.66902,55.0,538.0,Municipio Rosario,Municipio,Rosario,820210,Servicio de Catastro e Información Territorial,IGN
2019,3150,2019-06-05,Miercoles,,18:30:00,,0.0,2,"Automóvil,Automóvil",Av. Arijon Y Cereseto,3,1,0,0,2,0,0,"-33.00381, -60.67381",Avenida,,ROSARIO,Rosario,Asfalto,Pavimento,II,Dentro,Urbana,Ninguna,No existe,Recta,Bueno,Buena,Diurna,S/D,De alcance,S/D,Colisión,Ninguna,S/D,Ninguna,Sin restricción,"-33.00381, -60.67381","['Avenida Manuel Arijón', 'Cereseto']",2,,-33.00381,-60.67381,55.0,538.0,Municipio Rosario,Municipio,Rosario,820210,Servicio de Catastro e Información Territorial,IGN
2019,3151,2019-06-07,Viernes,,23:10:00,,0.0,2,"Moto/Ciclomotor,Automóvil",Fraga Y La Republica,2,1,0,0,0,0,1,"-32.91865, -60.71148",Calle,,ROSARIO,Rosario,Asfalto,S/D,II,S/D,Urbana,S/D,S/D,Recta,S/D,Buena,Nocturna,S/D,S/D,S/D,Colisión,S/D,S/D,S/D,S/D,"-32.91865, -60.71148","['Fraga', 'La República']",2,,-32.91865,-60.71148,55.0,538.0,Municipio Rosario,Municipio,Rosario,820210,Servicio de Catastro e Información Territorial,IGN
2019,3177,2019-04-07,Domingo,,17:00:00,,0.0,1,Automóvil,Av. Eva Peron 4600,1,1,0,0,0,0,0,"-32.937858436956,-60.685914351215",Calle,,ROSARIO,Rosario,Asfalto,No existe,II,Dentro,Urbana,Semáforo,Funciona,Recta,S/D,S/D,Diurna,S/D,Contra objeto fijo,S/D,Colisión,S/D,"Horizontal,Vertical",Ninguna,S/D,"-32.937858436956,-60.685914351215",['Eva Peron 4600'],1,,-32.937858436956,-60.685914351215,55.0,538.0,Municipio Rosario,Municipio,Rosario,820210,Servicio de Catastro e Información Territorial,IGN
2019,3178,2019-04-07,Domingo,,20:35:00,,0.0,1,Moto/Ciclomotor,Rio De Janeiro Y Riobamba,1,1,0,0,0,0,0,"-32.955420876916,-60.684659120613",Calle,,ROSARIO,Rosario,Asfalto,S/D,II,Dentro,Urbana,S/D,S/D,Intersección,S/D,S/D,Nocturna,S/D,Contra objeto fijo,S/D,Colisión,S/D,S/D,Ninguna,S/D,"-32.955420876916,-60.684659120613","['Río de Janeiro', 'Riobamba']",2,,-32.955420876916,-60.684659120613,55.0,538.0,Municipio Rosario,Municipio,Rosario,820210,Servicio de Catastro e Información Territorial,IGN
2019,3179,2019-04-07,Domingo,,21:35:00,,0.0,1,Moto/Ciclomotor,Bv. Avellaneda Y Av. Uriburu,1,1,0,0,0,0,0,"-32.991861218333,-60.688875537277",Avenida,,ROSARIO,Rosario,Asfalto,No existe,II,Dentro,Urbana,Semáforo,Funciona,Intersección,S/D,S/D,Nocturna,S/D,Contra objeto fijo,S/D,Colisión,S/D,Vertical,Cordón divisorio,S/D,"-32.991861218333,-60.688875537277","['Avellaneda', 'Uriburu']",2,,-32.991861218333,-60.688875537277,55.0,538.0,Municipio Rosario,Municipio,Rosario,820210,Servicio de Catastro e Información Territorial,IGN
2019,3183,2019-04-08,Lunes,,,,0.0,8,"Automóvil,Automóvil,Automóvil,Automóvil,Automóvil,Automóvil,Automóvil,Automóvil",Av. Pellegrini Y Vera Mujica,12,5,0,0,7,0,0,"-32.952061551855,-60.669590935368",Avenida,,ROSARIO,Rosario,Asfalto,No existe,II,Dentro,Urbana,Semáforo,Funciona,Intersección,S/D,S/D,Diurna,S/D,Múltiple,S/D,Colisión,S/D,"Horizontal,Vertical",Cordón divisorio,S/D,"-32.952061551855,-60.669590935368","['Pellegrini', 'Vera Mujíca']",2,,-32.952061551855,-60.669590935368,55.0,538.0,Municipio Rosario,Municipio,Rosario,820210,Servicio de Catastro e Información Territorial,IGN
2019,3204,2019-06-28,Viernes,,11:05:00,,0.0,2,"Moto/Ciclomotor,Automóvil",Av. Provincias Unidas Y Av. Pellegrini,3,1,0,0,2,0,0,"    -32.94852, -60.71231",Avenida,,ROSARIO,Rosario,Asfalto,Pavimento,II,Dentro,Urbana,Semáforo,Funciona,Intersección,Bueno,Buena,Diurna,Buen Tiempo,Lateral,S/D,Colisión,Ninguna,S/D,Vegetación,Sin restricción,"    -32.94852, -60.71231","['Avenida Provincias Unidas', 'Pellegrini']",2,,-32.94852,-60.71231,55.0,538.0,Municipio Rosario,Municipio,Rosario,820210,Servicio de Catastro e Información Territorial,IGN
2019,3214,2019-02-16,Sabado,,,,0.0,1,Automóvil,Buenos Aires 1300,1,1,0,0,0,0,0,"-32.95389, -60.63435",Calle,,ROSARIO,Rosario,S/D,S/D,II,S/D,Urbana,S/D,S/D,Recta,S/D,S/D,Nocturna,S/D,Contra objeto fijo,S/D,Colisión,S/D,S/D,S/D,S/D,"-32.95389, -60.63435",['Buenos Aires 1300'],1,,-32.95389,-60.63435,55.0,538.0,Municipio Rosario,Municipio,Rosario,820210,Servicio de Catastro e Información Territorial,IGN
2019,3216,2019-02-16,Sabado,,08:30:00,,0.0,1,Automóvil,Av. Francia Y Uruguay,2,0,2,0,0,0,0,"-32.97194, -60.67312",Calle,,ROSARIO,Rosario,S/D,S/D,II,S/D,Urbana,S/D,S/D,Intersección,S/D,S/D,Diurna,S/D,Contra objeto fijo,S/D,Colisión,S/D,S/D,S/D,S/D,"-32.97194, -60.67312","['Avenida Francia', 'Uruguay']",2,,-32.97194,-60.67312,55.0,538.0,Municipio Rosario,Municipio,Rosario,820210,Servicio de Catastro e Información Territorial,IGN
2019,3251,2019-02-17,Domingo,,07:30:00,,0.0,2,"Automóvil,Moto/Ciclomotor",Junin Y Peru,2,0,0,1,1,0,0,"-32.92756, -60.71195",Calle,,ROSARIO,Rosario,S/D,S/D,II,S/D,Urbana,S/D,S/D,Intersección,S/D,S/D,Amanecer,S/D,De alcance,S/D,Colisión,S/D,S/D,Ninguna,S/D,"-32.92756, -60.71195","['Junín', 'Peru']",2,,-32.92756,-60.71195,55.0,538.0,Municipio Rosario,Municipio,Rosario,820210,Servicio de Catastro e Información Territorial,IGN
2019,3265,2019-04-01,Lunes,,23:30:00,,0.0,2,"Moto/Ciclomotor,Pickup/Utilitario",Bv. Oroño 6300,2,0,1,0,1,0,0,"-33.010329342478,-60.664902970574",Avenida,,ROSARIO,Rosario,Asfalto,No existe,II,Dentro,Urbana,Ninguna,No existe,Recta,S/D,S/D,"Nocturna,Con luz artificial",S/D,S/D,S/D,Colisión,S/D,Faltante,Guardarrail,S/D,"-33.010329342478,-60.664902970574",['Nicasio Oroñoño 6300'],1,,-33.010329342478,-60.664902970574,55.0,538.0,Municipio Rosario,Municipio,Rosario,820210,Servicio de Catastro e Información Territorial,IGN
2019,3266,2019-05-15,Miercoles,,07:20:00,,0.0,2,"Vehículo Oficial,Automóvil",Av. Uriburu Y Rodriguez,3,1,0,0,2,0,0,"-32.991349452097,-60.671008838523",Avenida,,ROSARIO,Rosario,Asfalto,No existe,II,Dentro,Urbana,Semáforo,Funciona,Intersección,Bueno,Buena,Diurna,Buen Tiempo,De alcance,S/D,Colisión,Ninguna,"Horizontal,Vertical","Cordón divisorio,Vegetación",Sin restricción,"-32.991349452097,-60.671008838523","['Uriburu', 'Rodríguez']",2,,-32.991349452097,-60.671008838523,55.0,538.0,Municipio Rosario,Municipio,Rosario,820210,Servicio de Catastro e Información Territorial,IGN
2019,3268,2019-04-14,Domingo,,07:55:00,,0.0,2,"Automóvil,Moto/Ciclomotor",Iriondo Y Uruguay,2,1,0,0,1,0,0,"-32.971141356962,-60.67726334987",Calle,,ROSARIO,Rosario,Asfalto,No existe,II,Dentro,Urbana,Ninguna,No existe,Intersección,Bueno,Buena,Diurna,Buen Tiempo,Lateral,S/D,Colisión,Ninguna,Faltante,Ninguna,Sin restricción,"-32.971141356962,-60.67726334987","['Iriondo', 'Uruguay']",2,,-32.971141356962,-60.67726334987,55.0,538.0,Municipio Rosario,Municipio,Rosario,820210,Servicio de Catastro e Información Territorial,IGN
2019,3269,2019-04-17,Miercoles,,22:40:00,,0.0,2,"Moto/Ciclomotor,Automóvil",Av. Ovidio Lagos Y Hilarion de la Quintana,2,1,0,0,1,0,0,"-33.001676787157,-60.675807508826",Avenida,,ROSARIO,Rosario,Asfalto,No existe,II,Dentro,Urbana,Ninguna,No existe,Intersección,Bueno,Buena,"Nocturna,Con luz artificial",Buen Tiempo,Lateral,S/D,Colisión,Ninguna,Horizontal,Cordón divisorio,Sin restricción,"-33.001676787157,-60.675807508826","['Avenida Ovidio Lagos', 'Hilarión de la Quintana']",2,,-33.001676787157,-60.675807508826,55.0,538.0,Municipio Rosario,Municipio,Rosario,820210,Servicio de Catastro e Información Territorial,IGN
2019,3270,2019-04-04,Jueves,,19:00:00,,0.0,2,"Moto/Ciclomotor,Automóvil",Cafferata Y Aurora,2,1,0,0,1,0,0,"-32.999648166,-60.683557277436",Calle,,ROSARIO,Rosario,Asfalto,No existe,II,Dentro,Urbana,Ninguna,No existe,Intersección,S/D,S/D,Atardecer,S/D,S/D,S/D,Colisión,S/D,Faltante,Ninguna,S/D,"-32.999648166,-60.683557277436","['Cafferata', 'Aurora']",2,,-32.999648166,-60.683557277436,55.0,538.0,Municipio Rosario,Municipio,Rosario,820210,Servicio de Catastro e Información Territorial,IGN
2019,3271,2019-04-06,Sabado,,22:10:00,,0.0,2,"Automóvil,Moto/Ciclomotor",Bv. Oroño Y Av. Battle y Ordoñez,3,0,1,0,2,0,0,"-33.00934419035912,-60.664781928062",Avenida,,ROSARIO,Rosario,Asfalto,No existe,II,Dentro,Urbana,Semáforo,Funciona,Intersección,S/D,S/D,Nocturna,S/D,S/D,S/D,Colisión,S/D,Vertical,Cordón divisorio,Sin restricción,"-33.00934419035912,-60.664781928062","['Bulevar Nicasio Oroño', 'Avenida Battle y Ordoñez']",2,,-33.00934419035912,-60.664781928062,55.0,538.0,Municipio Rosario,Municipio,Rosario,820210,Servicio de Catastro e Información Territorial,IGN
2019,3272,2019-04-28,Domingo,,10:35:00,,0.0,1,Vehículo Oficial,Pje. Teresa Monzon 5246,1,1,0,0,0,0,0,"-32.99912262707949,-60.687834508717",Calle,,ROSARIO,Rosario,Asfalto,No existe,II,Dentro,Urbana,Ninguna,No existe,Recta,Bueno,Buena,Diurna,Buen Tiempo,S/D,S/D,Despiste,Ninguna,Faltante,Ninguna,Sin restricción,"-32.99912262707949,-60.687834508717",['Pasaje Teresa Monzon 5246'],1,,-32.99912262707949,-60.687834508717,55.0,538.0,Municipio Rosario,Municipio,Rosario,820210,Servicio de Catastro e Información Territorial,IGN
2019,3273,2019-04-07,Domingo,,13:50:00,,0.0,2,"Moto/Ciclomotor,Automóvil",Av. Francia Y Saavedra,2,1,0,0,1,0,0,"-32.972998062468,-60.673592304742",Avenida,,ROSARIO,Rosario,Asfalto,No existe,II,Dentro,Urbana,Ninguna,No existe,Intersección,S/D,S/D,Diurna,S/D,S/D,S/D,Colisión,S/D,Faltante,Cordón divisorio,S/D,"-32.972998062468,-60.673592304742","['Avenida Francia', 'Saavedra']",2,,-32.972998062468,-60.673592304742,55.0,538.0,Municipio Rosario,Municipio,Rosario,820210,Servicio de Catastro e Información Territorial,IGN
2019,3274,2019-04-09,Martes,,14:00:00,,0.0,2,"Moto/Ciclomotor,Automóvil",Bv. Oroño Y Sanchez de Bustamante,2,1,0,0,1,0,0,"-33.002489805221565,-60.66511452198",Avenida,,ROSARIO,Rosario,Asfalto,No existe,II,Dentro,Urbana,Semáforo,Funciona,Intersección,S/D,S/D,Diurna,S/D,Lateral,S/D,Colisión,S/D,"Horizontal,Vertical",Cordón divisorio,Sin restricción,"-33.002489805221565,-60.66511452198","['Bulevar Nicasio Oroño', 'Sánchez de Bustamante']",2,,-33.002489805221565,-60.66511452198,55.0,538.0,Municipio Rosario,Municipio,Rosario,820210,Servicio de Catastro e Información Territorial,IGN
2019,3275,2019-04-10,Miercoles,,18:30:00,,0.0,2,"Pickup/Utilitario,Moto/Ciclomotor",Av. Battle y Ordoñez Y Bv. Oroño,3,2,0,0,1,0,0,"-33.009275599998,-60.664476533098",Avenida,,ROSARIO,Rosario,Asfalto,No existe,II,Dentro,Urbana,Semáforo,Funciona,Rotonda,Bueno,Buena,Diurna,Buen Tiempo,S/D,S/D,Colisión,Ninguna,"Horizontal,Vertical","Cordón divisorio,Vegetación,Línea divisoria pintada",Sin restricción,"-33.009275599998,-60.664476533098","['Avenida Battle y Ordoñez', 'Bulevar Nicasio Oroño']",2,,-33.009275599998,-60.664476533098,55.0,538.0,Municipio Rosario,Municipio,Rosario,820210,Servicio de Catastro e Información Territorial,IGN
2019,3276,2019-04-13,Sabado,,11:10:00,,0.0,2,"Moto/Ciclomotor,Automóvil",Av. Battle y Ordoñez Y Av. Corrientes,3,0,1,0,2,0,0,"-33.00891101360323,-60.653023123741",Avenida,,ROSARIO,Rosario,Asfalto,No existe,II,Dentro,Urbana,Paso Peatonal,No existe,Intersección,S/D,S/D,Diurna,Buen Tiempo,S/D,S/D,Colisión,S/D,Horizontal,Cordón divisorio,Sin restricción,"-33.00891101360323,-60.653023123741","['Avenida Battle y Ordoñez', 'Corrientes']",2,,-33.00891101360323,-60.653023123741,55.0,538.0,Municipio Rosario,Municipio,Rosario,820210,Servicio de Catastro e Información Territorial,IGN
2019,3278,2019-04-13,Sabado,,00:05:00,,0.0,1,Moto/Ciclomotor,Av. Provincias Unidas ,1,1,0,0,0,0,0,"-32.916550141598,-60.713731385801",Avenida,,ROSARIO,Rosario,S/D,S/D,II,Dentro,Urbana,S/D,S/D,S/D,Otro,Buena,"Nocturna,Con luz artificial",Buen Tiempo,S/D,S/D,Colisión,Ninguna,S/D,S/D,S/D,"-32.916550141598,-60.713731385801",['Avenida Provincias Unidas'],1,,-32.916550141598,-60.713731385801,55.0,538.0,Municipio Rosario,Municipio,Rosario,820210,Servicio de Catastro e Información Territorial,IGN
2019,3279,2019-04-22,Lunes,,23:50:00,,0.0,2,"Moto/Ciclomotor,Otros",Av. Corrientes Y Santa Fe,2,1,0,0,1,0,0,"-32.94430721619,-60.642014472731",Avenida,,ROSARIO,Rosario,Asfalto,No existe,II,Dentro,Urbana,Semáforo,Funciona,Intersección,S/D,S/D,Nocturna,S/D,S/D,S/D,Colisión,S/D,"Horizontal,Vertical",Ninguna,S/D,"-32.94430721619,-60.642014472731","['Corrientes', 'Santa Fe']",2,,-32.94430721619,-60.642014472731,55.0,538.0,Municipio Rosario,Municipio,Rosario,820210,Servicio de Catastro e Información Territorial,IGN
2019,3280,2019-05-04,Sabado,,18:20:00,,0.0,3,"Automóvil,Moto/Ciclomotor,Automóvil",Av. De Las Palmeras Y Av. Provincias Unidas,4,3,0,0,1,0,0,"-32.966520, -60.733051",Avenida,,ROSARIO,Rosario,Asfalto,No existe,II,Dentro,Urbana,Semáforo,No funciona,Intersección,Bueno,Buena,"Atardecer,Con luz artificial",Buen Tiempo,Múltiple,S/D,Colisión,Ninguna,Vertical,Ninguna,Sin restricción,"-32.966520, -60.733051","['Las Palmas', 'Avenida Provincias Unidas']",2,,-32.96652,-60.733051,55.0,538.0,Municipio Rosario,Municipio,Rosario,820210,Servicio de Catastro e Información Territorial,IGN
2019,3281,2019-05-20,Lunes,,06:40:00,,0.0,2,"Automóvil,Moto/Ciclomotor",Av. Francia Y Pje. Independencia,2,1,0,0,1,0,0,"-32.963365, -60.671125",Avenida,,ROSARIO,Rosario,Asfalto,No existe,II,Dentro,Urbana,Ninguna,No existe,Recta,Bueno,Buena,"Amanecer,Con luz artificial",Buen Tiempo,Lateral,S/D,Colisión,Ninguna,"Horizontal,Vertical",Cordón divisorio,Sin restricción,"-32.963365, -60.671125","['Avenida Francia', 'Independencia']",2,,-32.963365,-60.671125,55.0,538.0,Municipio Rosario,Municipio,Rosario,820210,Servicio de Catastro e Información Territorial,IGN
2019,3282,2019-05-22,Miercoles,,12:20:00,,0.0,2,"Camión c / Semirremolque,Moto/Ciclomotor",Bv. 27 De Febrero Y Cullen,3,1,0,0,2,0,0,"-32.959351, -60.708349",Avenida,,ROSARIO,Rosario,Asfalto,No existe,II,Dentro,Urbana,Ninguna,No existe,Recta,Bueno,Buena,Diurna,Buen Tiempo,De alcance,S/D,Colisión,Ninguna,Faltante,Cordón divisorio,Sin restricción,"-32.959351, -60.708349","['27 de Febrero', 'Cullen']",2,,-32.959351,-60.708349,55.0,538.0,Municipio Rosario,Municipio,Rosario,820210,Servicio de Catastro e Información Territorial,IGN
2019,3303,2019-06-26,Miercoles,,16:20:00,,0.0,2,"Moto/Ciclomotor,Automóvil",Francia F Y Ocampo,2,1,0,0,1,0,0,"    -32.96156, -60.67048",Calle,,ROSARIO,Rosario,Asfalto,No existe,II,S/D,Urbana,Ninguna,No existe,Intersección,Bueno,Buena,Diurna,Buen Tiempo,Lateral,S/D,Colisión,Ninguna,Faltante,Ninguna,Sin restricción,"    -32.96156, -60.67048","['Avenida Francia', 'Ocampo']",2,,-32.96156,-60.67048,55.0,538.0,Municipio Rosario,Municipio,Rosario,820210,Servicio de Catastro e Información Territorial,IGN
2019,3307,2019-05-07,Martes,,07:45:00,,0.0,2,"Automóvil,Moto/Ciclomotor",Bv. Segui Y Barra,2,1,0,0,1,0,0,"-32.970878, -60.707928",Avenida,,ROSARIO,Rosario,Asfalto,No existe,II,Dentro,Urbana,Ninguna,No existe,Intersección,Bueno,Buena,Diurna,Buen Tiempo,Lateral,S/D,Colisión,Ninguna,Faltante,Cordón divisorio,Sin restricción,"-32.970878, -60.707928","['Bulevar Juan Francisco Seguí', 'Barra']",2,,-32.970878,-60.707928,55.0,538.0,Municipio Rosario,Municipio,Rosario,820210,Servicio de Catastro e Información Territorial,IGN
2019,3308,2019-05-07,Martes,,14:00:00,,0.0,2,"Automóvil,Moto/Ciclomotor",F.More Y Cerrito,2,1,0,0,1,0,0,"-32.952823, -60.693272",Calle,,ROSARIO,Rosario,Asfalto,No existe,II,Dentro,Urbana,Ninguna,No existe,Intersección,Bueno,Buena,Diurna,Buen Tiempo,Lateral,S/D,Colisión,Ninguna,Faltante,Ninguna,Sin restricción,"-32.952823, -60.693272","['Felipe Moré', 'Cerrito']",2,,-32.952823,-60.693272,55.0,538.0,Municipio Rosario,Municipio,Rosario,820210,Servicio de Catastro e Información Territorial,IGN
2019,3310,2019-05-19,Domingo,,18:45:00,,0.0,2,"Automóvil,Moto/Ciclomotor",San Nicolas Y Pje. M.Suarez,3,2,0,0,1,0,0,"-32.951819, -60.675234",Calle,,ROSARIO,Rosario,Asfalto,No existe,II,Dentro,Urbana,Ninguna,No existe,Recta,Bueno,Buena,Atardecer,Buen Tiempo,Lateral,S/D,Colisión,Ninguna,Faltante,Ninguna,Sin restricción,"-32.951819, -60.675234","['San Nicolás', 'Suarez']",2,,-32.951819,-60.675234,55.0,538.0,Municipio Rosario,Municipio,Rosario,820210,Servicio de Catastro e Información Territorial,IGN
2019,3313,2019-05-24,Viernes,,17:30:00,,0.0,2,"Automóvil,Bicicleta",Av. Pte.Peron Y F.More,2,1,0,0,1,0,0,"-32.958637, -60.692964",Calle,,ROSARIO,Rosario,Asfalto,No existe,II,Dentro,Urbana,Semáforo,Funciona,Recta,Bueno,Buena,Diurna,Buen Tiempo,S/D,Ciclista,Atropello,Ninguna,Vertical,Barrera de hormigón,Sin restricción,"-32.958637, -60.692964","['Avenida Presidente Perón', 'Felipe Moré']",2,,-32.958637,-60.692964,55.0,538.0,Municipio Rosario,Municipio,Rosario,820210,Servicio de Catastro e Información Territorial,IGN