anio_acci,nro_acci,fecha,desc_dia,fecha_aprox,hora_aprox,desc_ruta,km,cant_participantes,desc_participante,calle_avenida_km,total,heridos_leves,heridos_graves,heridos_gravisimos,ilesos,fallecidos,sin_datos,posicion_XY,desc_tipo_via,desc_ruta_ori,desc_loc,desc_dpto,desc_tipo_calzada,desc_tipo_banquina,desc_unidad_regional,desc_lugar_calzada,desc_zona,desc_prioridad,desc_estado_semaforo,desc_lugar_via,desc_estado_via,desc_estado_visibilidad,desc_luminosidad,desc_estado_clima,desc_tipo_colision,desc_tipo_atropello,desc_tipo_hecho,desc_pres_calzada,desc_senializacion,desc_separacion_via,desc_restriccion,forma_geocod,calle_lista,numero_calles,calles_osm,lat,lon,index_right,gid,fna,gna,nam,in1,fdc,sag
2019,3317,2019-05-04,Sabado,,03:15:00,,0.0,2,"Taxi/Remis,Moto/Ciclomotor",9 De Julio Y Constitucion,3,2,0,0,1,0,0,"-32.947473149393,-60.675544609106",Calle,,ROSARIO,Rosario,Asfalto,No existe,II,Dentro,Urbana,Ninguna,No existe,Intersección,Bueno,Buena,Diurna,Buen Tiempo,S/D,S/D,Colisión,Ninguna,Faltante,Ninguna,Sin restricción,"-32.947473149393,-60.675544609106","['9 de Julio', 'Constitución']",2,,-32.947473149393,-60.675544609106,55.0,538.0,Municipio Rosario,Municipio,Rosario,820210,Servicio de Catastro e Información Territorial,IGN
2019,3318,2019-05-17,Viernes,,19:30:00,,0.0,2,"Transporte de Pasajeros Urbano (> 8 asientos),Peatón",Av. Corrientes Y Santa Fe,2,1,0,0,1,0,0,"-32.94430721619,-60.642014472731",Avenida,,ROSARIO,Rosario,Asfalto,No existe,II,Dentro,Urbana,Ninguna,No existe,Intersección,Bueno,Buena,Atardecer,Buen Tiempo,S/D,Peatón,Atropello,Ninguna,Faltante,Ninguna,Sin restricción,"-32.94430721619,-60.642014472731","['Corrientes', 'Santa Fe']",2,,-32.94430721619,-60.642014472731,55.0,538.0,Municipio Rosario,Municipio,Rosario,820210,Servicio de Catastro e Información Territorial,IGN
2019,3320,2019-05-03,Viernes,,12:10:00,,0.0,2,"Moto/Ciclomotor,Automóvil",Pte.Roca Y Rioja,2,1,0,0,1,0,0,"-32.946322435411,-60.645408597389",Calle,,ROSARIO,Rosario,Asfalto,No existe,II,Dentro,Urbana,Paso Peatonal,No existe,Intersección,Bueno,Buena,Diurna,Buen Tiempo,Lateral,S/D,Colisión,Ninguna,Horizontal,Ninguna,Sin restricción,"-32.946322435411,-60.645408597389","['Roca', 'Rioja']",2,,-32.946322435411,-60.645408597389,55.0,538.0,Municipio Rosario,Municipio,Rosario,820210,Servicio de Catastro e Información Territorial,IGN
2019,3321,2019-05-20,Lunes,,19:30:00,,0.0,2,"Automóvil,Automóvil",Salta Y Mitre,3,3,0,0,0,0,0,"-32.939180012688,-60.637787180647",Calle,,ROSARIO,Rosario,Asfalto,No existe,II,Dentro,Urbana,Paso Peatonal,No existe,Intersección,Bueno,Buena,"Atardecer,Con luz artificial",Buen Tiempo,Lateral,S/D,Colisión,Ninguna,Horizontal,Línea divisoria pintada,Sin restricción,"-32.939180012688,-60.637787180647","['Salta', 'Mitre']",2,,-32.939180012688,-60.637787180647,55.0,538.0,Municipio Rosario,Municipio,Rosario,820210,Servicio de Catastro e Información Territorial,IGN
2019,3323,2019-05-16,Jueves,,01:20:00,,0.0,2,"Peatón,Automóvil",Av. Pellegrini Y Sarmiento,2,0,1,0,1,0,0,"-32.95720846738,-60.640869678519",Avenida,,ROSARIO,Rosario,Asfalto,No existe,II,Dentro,Urbana,Semáforo,Funciona,Intersección,Bueno,Buena,"Nocturna,Con luz artificial",Buen Tiempo,S/D,Peatón,Atropello,Ninguna,"Horizontal,Vertical","Cordón divisorio,Vegetación,Línea divisoria pintada",Sin restricción,"-32.95720846738,-60.640869678519","['Pellegrini', 'Sarmiento']",2,,-32.95720846738,-60.640869678519,55.0,538.0,Municipio Rosario,Municipio,Rosario,820210,Servicio de Catastro e Información Territorial,IGN
2019,3324,2019-05-12,Domingo,,01:30:00,,0.0,2,"Moto/Ciclomotor,Automóvil",Bv. Oroño Y Montevideo,2,1,0,0,1,0,0,"-32.95341388503,-60.655869655113",Avenida,,ROSARIO,Rosario,Asfalto,No existe,II,Dentro,Urbana,Semáforo,Funciona,Intersección,Bueno,Buena,"Nocturna,Con luz artificial",Buen Tiempo,Lateral,S/D,Colisión,Ninguna,"Horizontal,Vertical","Cordón divisorio,Vegetación",Sin restricción,"-32.95341388503,-60.655869655113","['Bulevar Nicasio Oroño', 'Montevideo']",2,,-32.95341388503,-60.655869655113,55.0,538.0,Municipio Rosario,Municipio,Rosario,820210,Servicio de Catastro e Información Territorial,IGN
2019,3325,2019-05-26,Domingo,,02:10:00,,0.0,2,"Automóvil,Taxi/Remis",Italia Y San Juan,4,4,0,0,0,0,0,"-32.948414620614,-60.648808892134",Calle,,ROSARIO,Rosario,Asfalto,No existe,II,Dentro,Urbana,Paso Peatonal,No existe,Intersección,Bueno,Buena,Nocturna,Buen Tiempo,S/D,S/D,Colisión,Ninguna,Horizontal,Ninguna,Sin restricción,"-32.948414620614,-60.648808892134","['Italia', 'San Juan']",2,,-32.948414620614,-60.648808892134,55.0,538.0,Municipio Rosario,Municipio,Rosario,820210,Servicio de Catastro e Información Territorial,IGN
2019,3327,2019-05-26,Domingo,,18:15:00,,0.0,2,"Pickup/Utilitario,Moto/Ciclomotor",Av. Ovidio Lagos Y Cordoba,3,2,0,0,1,0,0,"-32.942250654443,-60.66143745491",Avenida,,ROSARIO,Rosario,Asfalto,No existe,II,Dentro,Urbana,Semáforo,Funciona,Recta,Bueno,Buena,Atardecer,Buen Tiempo,S/D,S/D,Colisión,Ninguna,Vertical,Línea divisoria pintada,Sin restricción,"-32.942250654443,-60.66143745491","['Avenida Ovidio Lagos', 'Córdoba']",2,,-32.942250654443,-60.66143745491,55.0,538.0,Municipio Rosario,Municipio,Rosario,820210,Servicio de Catastro e Información Territorial,IGN
2019,3328,2019-05-27,Lunes,,23:30:00,,0.0,2,"Moto/Ciclomotor,Taxi/Remis",Av. Ovidio Lagos Y Catamarca,3,1,0,0,2,0,0,"-32.936434321422,-60.659968620491",Avenida,,ROSARIO,Rosario,Asfalto,No existe,II,Dentro,Urbana,Semáforo,Funciona,Intersección,Bueno,Buena,"Nocturna,Con luz artificial",Buen Tiempo,S/D,S/D,Colisión,Ninguna,"Horizontal,Vertical",Ninguna,Sin restricción,"-32.936434321422,-60.659968620491","['Avenida Ovidio Lagos', 'Catamarca']",2,,-32.936434321422,-60.659968620491,55.0,538.0,Municipio Rosario,Municipio,Rosario,820210,Servicio de Catastro e Información Territorial,IGN
2019,3329,2019-05-26,Domingo,,19:30:00,,0.0,2,"Moto/Ciclomotor,Automóvil",La Paz Y Pte.Roca,2,1,0,0,1,0,0,"-32.962913226039,-60.649587927759",Calle,,ROSARIO,Rosario,Asfalto,No existe,II,Dentro,Urbana,Ninguna,No existe,Intersección,Bueno,Buena,Atardecer,Buen Tiempo,S/D,S/D,Colisión,Ninguna,Faltante,Ninguna,Sin restricción,"-32.962913226039,-60.649587927759","['La Paz', 'Roca']",2,,-32.962913226039,-60.649587927759,55.0,538.0,Municipio Rosario,Municipio,Rosario,820210,Servicio de Catastro e Información Territorial,IGN
2019,3330,2019-05-11,Sabado,,14:15:00,,0.0,2,"Moto/Ciclomotor,Moto/Ciclomotor",Bv. Oroño Y San Lorenzo,2,1,0,0,1,0,0,"-32.941445092436,-60.652609893138",Avenida,,ROSARIO,Rosario,Asfalto,No existe,II,Dentro,Urbana,Ninguna,No existe,Intersección,Bueno,Buena,Diurna,Buen Tiempo,S/D,S/D,Colisión,Ninguna,Vertical,"Cordón divisorio,Vegetación",Sin restricción,"-32.941445092436,-60.652609893138","['Bulevar Nicasio Oroño', 'San Lorenzo']",2,,-32.941445092436,-60.652609893138,55.0,538.0,Municipio Rosario,Municipio,Rosario,820210,Servicio de Catastro e Información Territorial,IGN
2019,3331,2019-05-12,Domingo,,15:30:00,,0.0,2,"Moto/Ciclomotor,Automóvil",Lavalle Y Santa Fe,2,1,0,0,1,0,0,"-32.937975411604,-60.677413231572",Calle,,ROSARIO,Rosario,Asfalto,No existe,II,Dentro,Urbana,Semáforo,Funciona,Intersección,Bueno,Buena,Diurna,Buen Tiempo,S/D,S/D,Colisión,Ninguna,"Horizontal,Vertical",Ninguna,Sin restricción,"-32.937975411604,-60.677413231572","['Lavalle', 'Santa Fe']",2,,-32.937975411604,-60.677413231572,55.0,538.0,Municipio Rosario,Municipio,Rosario,820210,Servicio de Catastro e Información Territorial,IGN
2019,3332,2019-05-25,Sabado,,01:45:00,,0.0,2,"Taxi/Remis,Automóvil",Bv. Oroño Y Salta,2,1,0,0,1,0,0,"-32.936751422149,-60.651430985876",Avenida,,ROSARIO,Rosario,Asfalto,No existe,II,Dentro,Urbana,Semáforo,Funciona,Recta,Bueno,Buena,"Nocturna,Con luz artificial",Buen Tiempo,Lateral,S/D,Colisión,Ninguna,"Horizontal,Vertical","Cordón divisorio,Vegetación",Sin restricción,"-32.936751422149,-60.651430985876","['Bulevar Nicasio Oroño', 'Salta']",2,,-32.936751422149,-60.651430985876,55.0,538.0,Municipio Rosario,Municipio,Rosario,820210,Servicio de Catastro e Información Territorial,IGN
2019,3333,2019-05-18,Sabado,,09:00:00,,0.0,2,"Automóvil,Moto/Ciclomotor",Av. Wheelwright Y Italia,3,2,0,0,1,0,0,"-32.934352017433,-60.645294593467",Avenida,,ROSARIO,Rosario,Asfalto,No existe,II,Dentro,Urbana,Semáforo,Funciona,Recta,Bueno,Buena,Diurna,Buen Tiempo,S/D,S/D,Colisión,Ninguna,"Horizontal,Vertical","Cordón divisorio,Vegetación,Línea divisoria pintada",Sin restricción,"-32.934352017433,-60.645294593467","['Avenida Guillermo Wheelwright', 'Italia']",2,,-32.934352017433,-60.645294593467,55.0,538.0,Municipio Rosario,Municipio,Rosario,820210,Servicio de Catastro e Información Territorial,IGN
2019,3334,2019-05-30,Jueves,,21:50:00,,0.0,2,"Taxi/Remis,Moto/Ciclomotor",Bv. Oroño Y Santa Fe,3,2,0,0,1,0,0,"-32.942372858158,-60.652842658096",Avenida,,ROSARIO,Rosario,Asfalto,No existe,II,Dentro,Urbana,Semáforo,Funciona,Intersección,Bueno,Buena,"Nocturna,Con luz artificial",Buen Tiempo,Lateral,S/D,Colisión,Agua,"Horizontal,Vertical","Cordón divisorio,Vegetación,Línea divisoria pintada",Sin restricción,"-32.942372858158,-60.652842658096","['Bulevar Nicasio Oroño', 'Santa Fe']",2,,-32.942372858158,-60.652842658096,55.0,538.0,Municipio Rosario,Municipio,Rosario,820210,Servicio de Catastro e Información Territorial,IGN
2019,3335,2019-05-21,Martes,,07:55:00,,0.0,2,"Peatón,Automóvil",Ituzaingo Y Mitre,2,1,0,0,1,0,0,"-32.960471819529,-60.643137685641",Calle,,ROSARIO,Rosario,Asfalto,No existe,II,Dentro,Urbana,Paso Peatonal,No existe,Recta,Bueno,Buena,Diurna,Buen Tiempo,S/D,Peatón,Atropello,Ninguna,Vertical,Ninguna,Sin restricción,"-32.960471819529,-60.643137685641","['Ituzaingó', 'Mitre']",2,,-32.960471819529,-60.643137685641,55.0,538.0,Municipio Rosario,Municipio,Rosario,820210,Servicio de Catastro e Información Territorial,IGN
2019,3336,2019-05-18,Sabado,,17:10:00,,0.0,2,"Peatón,Automóvil",Santa Fe 974,2,1,0,0,1,0,0,"-32.945744811853,-60.636072929837",Calle,,ROSARIO,Rosario,Asfalto,No existe,II,Dentro,Urbana,Paso Peatonal,No existe,Recta,Bueno,Buena,Diurna,Buen Tiempo,S/D,Peatón,Atropello,Ninguna,Horizontal,Línea divisoria pintada,Sin restricción,"-32.945744811853,-60.636072929837",['Santa Fe 974'],1,,-32.945744811853,-60.636072929837,55.0,538.0,Municipio Rosario,Municipio,Rosario,820210,Servicio de Catastro e Información Territorial,IGN
2019,3338,2019-06-25,Martes,,18:00:00,,0.0,2,"Moto/Ciclomotor,Pickup/Utilitario",Cerrito Y Valparaiso,2,1,0,0,1,0,0,"    -32.95404, -60.68575",Calle,,ROSARIO,Rosario,Asfalto,No existe,II,Dentro,Urbana,Ninguna,No existe,Intersección,Bueno,Buena,"Atardecer,Con luz artificial",Buen Tiempo,Frontal,S/D,Colisión,Ninguna,Faltante,Ninguna,Sin restricción,"    -32.95404, -60.68575","['Cerrito', 'Valparaíso']",2,,-32.95404,-60.68575,55.0,538.0,Municipio Rosario,Municipio,Rosario,820210,Servicio de Catastro e Información Territorial,IGN
2019,3341,2019-06-26,Miercoles,,14:40:00,,0.0,2,"Automóvil,Moto/Ciclomotor",Anderson Y Rivarola,2,0,1,0,1,0,0,"    -32.96616, -60.72144",Calle,,ROSARIO,Rosario,Asfalto,No existe,II,S/D,Urbana,Ninguna,No existe,Intersección,Bueno,Buena,Diurna,Buen Tiempo,Lateral,S/D,Colisión,Ninguna,Faltante,Cordón divisorio,Sin restricción,"    -32.96616, -60.72144","['Anderson', 'Rivarola']",2,,-32.96616,-60.72144,55.0,538.0,Municipio Rosario,Municipio,Rosario,820210,Servicio de Catastro e Información Territorial,IGN
2019,3350,2019-06-30,Domingo,,08:00:00,,0.0,2,"Automóvil,Moto/Ciclomotor",Cafferata Y Saavedra,4,1,0,0,3,0,0,"    -32.97207, -60.67887",Calle,,ROSARIO,Rosario,Asfalto,No existe,II,S/D,Urbana,Ninguna,No existe,Intersección,Bueno,S/D,Diurna,Buen Tiempo,Lateral,S/D,Colisión,Ninguna,S/D,Ninguna,Sin restricción,"    -32.97207, -60.67887","['Cafferata', 'Saavedra']",2,,-32.97207,-60.67887,55.0,538.0,Municipio Rosario,Municipio,Rosario,820210,Servicio de Catastro e Información Territorial,IGN
2019,3361,2019-02-19,Martes,,,,0.0,2,"Moto/Ciclomotor,Automóvil",Bv. 27 De Febrero Y Buenos Aires,3,0,1,0,2,0,0,"-32.96861, -60.63805",Calle,,ROSARIO,Rosario,S/D,S/D,II,S/D,Urbana,S/D,S/D,Intersección,S/D,S/D,S/D,S/D,S/D,S/D,Colisión,S/D,S/D,S/D,S/D,"-32.96861, -60.63805","['27 de Febrero', 'Buenos Aires']",2,,-32.96861,-60.63805,55.0,538.0,Municipio Rosario,Municipio,Rosario,820210,Servicio de Catastro e Información Territorial,IGN
2019,3365,2019-05-28,Martes,,13:15:00,,0.0,2,"Moto/Ciclomotor,Pickup/Utilitario",Tte.Agneta Y Pje. Lejarza,3,1,0,0,2,0,0,"-32.966641, -60.698821",Calle,,ROSARIO,Rosario,Asfalto,No existe,II,Dentro,Urbana,Ninguna,No existe,Intersección,Bueno,Buena,Diurna,Buen Tiempo,Lateral,S/D,Colisión,Ninguna,Faltante,Ninguna,Sin restricción,"-32.966641, -60.698821","['Teniente Agneta', 'Lejarza']",2,,-32.966641,-60.698821,55.0,538.0,Municipio Rosario,Municipio,Rosario,820210,Servicio de Catastro e Información Territorial,IGN
2019,3366,2019-05-27,Lunes,,17:00:00,,0.0,2,"Automóvil,Moto/Ciclomotor",Pje. 1740 2800,3,2,0,0,1,0,0,"-32.961280, -60.723351",Calle,,ROSARIO,Rosario,Asfalto,Pavimento,II,Dentro,Urbana,Ninguna,No existe,Recta,Bueno,Buena,Diurna,Buen Tiempo,Frontal,S/D,Colisión,Ninguna,Faltante,Ninguna,Sin restricción,"-32.961280, -60.723351",['Pasaje 1740 2800'],1,,-32.96128,-60.723351,55.0,538.0,Municipio Rosario,Municipio,Rosario,820210,Servicio de Catastro e Información Territorial,IGN
2019,3368,2019-05-08,Miercoles,,07:00:00,,0.0,2,"Moto/Ciclomotor,Automóvil",F.More Y Av. Pte.Peron,2,1,0,0,0,0,1,"-32.958823, -60.693035",Avenida,,ROSARIO,Rosario,Asfalto,No existe,II,Dentro,Urbana,Semáforo,Funciona,Intersección,Bueno,Buena,Amanecer,Buen Tiempo,Lateral,S/D,Colisión,Ninguna,"Horizontal,Vertical",Cordón divisorio,Sin restricción,"-32.958823, -60.693035","['Felipe Moré', 'Avenida Presidente Perón']",2,,-32.958823,-60.693035,55.0,538.0,Municipio Rosario,Municipio,Rosario,820210,Servicio de Catastro e Información Territorial,IGN
2019,3370,2019-05-27,Lunes,,20:05:00,,0.0,2,"Moto/Ciclomotor,Automóvil",Av. Ovidio Lagos Y Rueda,2,1,0,0,1,0,0,"-32.966899491423,-60.667520392088",Avenida,,ROSARIO,Rosario,Asfalto,No existe,II,Dentro,Urbana,Semáforo,Funciona,Intersección,Bueno,Buena,"Nocturna,Con luz artificial",Buen Tiempo,Frontal,S/D,Colisión,Ninguna,"Horizontal,Vertical","Cordón divisorio,Línea divisoria pintada",Sin restricción,"-32.966899491423,-60.667520392088","['Avenida Ovidio Lagos', 'Rueda']",2,,-32.966899491423,-60.667520392088,55.0,538.0,Municipio Rosario,Municipio,Rosario,820210,Servicio de Catastro e Información Territorial,IGN
2019,3371,2019-05-07,Martes,,18:48:00,,0.0,2,"Pickup/Utilitario,Moto/Ciclomotor",Riobamba Y Guatemala,3,1,0,0,2,0,0,"-32.954670, -60.716669",Calle,,ROSARIO,Rosario,Asfalto,No existe,II,Dentro,Urbana,Ninguna,No existe,Recta,Bueno,Buena,Atardecer,Buen Tiempo,Lateral,S/D,Colisión,Ninguna,Faltante,Ninguna,Sin restricción,"-32.954670, -60.716669","['Riobamba', 'Guatemala']",2,,-32.95467,-60.716669,55.0,538.0,Municipio Rosario,Municipio,Rosario,820210,Servicio de Catastro e Información Territorial,IGN
2019,3372,2019-05-13,Lunes,,00:10:00,,0.0,2,"Moto/Ciclomotor,Automóvil",Roullon Y Dr.Maradona,3,2,0,0,0,0,1,"-32.979668, -60.700770",Calle,,ROSARIO,Rosario,Asfalto,No existe,II,Dentro,Urbana,Ninguna,No existe,Intersección,Con baches,Reducida,"Nocturna,Con luz artificial",Buen Tiempo,Lateral,S/D,Colisión,Ninguna,Faltante,Cordón divisorio,Sin restricción,"-32.979668, -60.700770","['Alfredo Rouillón', 'Doctor Maradona']",2,,-32.979668,-60.70077,55.0,538.0,Municipio Rosario,Municipio,Rosario,820210,Servicio de Catastro e Información Territorial,IGN
2019,3374,2019-05-14,Martes,,08:45:00,,0.0,2,"Moto/Ciclomotor,Automóvil",Av. Ovidio Lagos 944,2,1,0,0,1,0,0,"-32.944045276985,-60.661892864761",Avenida,,ROSARIO,Rosario,Asfalto,No existe,II,Dentro,Urbana,Ninguna,No existe,Recta,Bueno,Buena,Diurna,Buen Tiempo,S/D,S/D,Colisión,Ninguna,Horizontal,Línea divisoria pintada,Sin restricción,"-32.944045276985,-60.661892864761",['Ovidio Lagos 944'],1,,-32.944045276985,-60.661892864761,55.0,538.0,Municipio Rosario,Municipio,Rosario,820210,Servicio de Catastro e Información Territorial,IGN
2019,3375,2019-05-23,Jueves,,12:10:00,,0.0,2,"Peatón,Automóvil",3 De Febrero Y San Martin,3,1,0,0,2,0,0,"-32.953036474197,-60.638247516829",Calle,,ROSARIO,Rosario,Asfalto,No existe,II,Dentro,Urbana,Semáforo,Funciona,Intersección,Bueno,Buena,Diurna,Buen Tiempo,S/D,Peatón,Atropello,Ninguna,"Horizontal,Vertical",Ninguna,Sin restricción,"-32.953036474197,-60.638247516829","['3 de Febrero', 'San Martin']",2,,-32.953036474197,-60.638247516829,55.0,538.0,Municipio Rosario,Municipio,Rosario,820210,Servicio de Catastro e Información Territorial,IGN
2019,3376,2019-05-20,Lunes,,18:20:00,,0.0,2,"Moto/Ciclomotor,Automóvil",Av. Avellaneda B Y Rueda,3,0,1,0,2,0,0,"-32.963739, -60.685246",Calle,,ROSARIO,Rosario,Asfalto,No existe,II,Dentro,Urbana,Ninguna,No existe,Intersección,Bueno,Buena,Atardecer,Buen Tiempo,Lateral,S/D,Colisión,Ninguna,Faltante,Cordón divisorio,Sin restricción,"-32.963739, -60.685246","['Avellaneda', 'Rueda']",2,,-32.963739,-60.685246,55.0,538.0,Municipio Rosario,Municipio,Rosario,820210,Servicio de Catastro e Información Territorial,IGN
2019,3377,2019-05-11,Sabado,,09:55:00,,0.0,2,"Moto/Ciclomotor,Automóvil",La Paz Y Necochea,3,2,0,0,1,0,0,"-32.96665917709,-60.628633799047",Calle,,ROSARIO,Rosario,Asfalto,No existe,II,Dentro,Urbana,Ninguna,No existe,Recta,"Con baches,Deteriorada",Buena,Nocturna,Buen Tiempo,S/D,S/D,Colisión,Ninguna,Horizontal,Línea divisoria pintada,Sin restricción,"-32.96665917709,-60.628633799047","['La Paz', 'Necochea']",2,,-32.96665917709,-60.628633799047,55.0,538.0,Municipio Rosario,Municipio,Rosario,820210,Servicio de Catastro e Información Territorial,IGN
2019,3380,2019-05-21,Martes,,09:40:00,,0.0,2,"Moto/Ciclomotor,Automóvil",Av. Pellegrini Y Gutenberg,5,2,0,0,3,0,0,"-32.948397575216,-60.690005981998",Avenida,,ROSARIO,Rosario,Asfalto,No existe,II,Dentro,Urbana,Semáforo,Funciona,Intersección,Bueno,Buena,Diurna,Buen Tiempo,S/D,S/D,Colisión,Ninguna,Faltante,"Cordón divisorio,Línea divisoria pintada",Sin restricción,"-32.948397575216,-60.690005981998","['Pellegrini', 'Gutenberg']",2,,-32.948397575216,-60.690005981998,55.0,538.0,Municipio Rosario,Municipio,Rosario,820210,Servicio de Catastro e Información Territorial,IGN
2019,3381,2019-05-12,Domingo,,21:50:00,,0.0,1,Moto/Ciclomotor,Bv. Avellaneda 2512,1,0,1,0,0,0,0,"-32.959228, -60.684276",Calle,,ROSARIO,Rosario,Asfalto,No existe,II,Dentro,Urbana,Ninguna,No existe,Recta,Bueno,Buena,"Nocturna,Con luz artificial",Buen Tiempo,Contra objeto fijo,S/D,Colisión,Ninguna,Faltante,Cordón divisorio,Sin restricción,"-32.959228, -60.684276",['Avellaneda 2512'],1,,-32.959228,-60.684276,55.0,538.0,Municipio Rosario,Municipio,Rosario,820210,Servicio de Catastro e Información Territorial,IGN
2019,3382,2019-05-21,Martes,,15:50:00,,0.0,1,Pickup/Utilitario,Edmundo Rivero Y Roullon,2,2,0,0,0,0,0,"-32.974751, -60.700995",Calle,,ROSARIO,Rosario,Asfalto,No existe,II,Dentro,Urbana,Ninguna,No existe,Recta,Bueno,Buena,Diurna,Buen Tiempo,S/D,S/D,Vuelco,Ninguna,Faltante,Cordón divisorio,Sin restricción,"-32.974751, -60.700995","['Edmundo Rivero', 'Alfredo Rouillón']",2,,-32.974751,-60.700995,55.0,538.0,Municipio Rosario,Municipio,Rosario,820210,Servicio de Catastro e Información Territorial,IGN
2019,3383,2019-05-25,Sabado,,02:00:00,,0.0,3,"Automóvil,Automóvil,Automóvil",Tucuman Y Vera Mujica,4,1,0,0,3,0,0,"-32.936651129285,-60.665704999215",Calle,,ROSARIO,Rosario,Asfalto,No existe,II,Dentro,Urbana,Ninguna,No existe,Intersección,Deteriorada,Buena,Diurna,Buen Tiempo,Múltiple,S/D,Colisión,Ninguna,Faltante,Ninguna,Sin restricción,"-32.936651129285,-60.665704999215","['Tucumán', 'Vera Mujíca']",2,,-32.936651129285,-60.665704999215,55.0,538.0,Municipio Rosario,Municipio,Rosario,820210,Servicio de Catastro e Información Territorial,IGN
2019,3385,2019-05-22,Miercoles,,05:55:00,,0.0,2,"Moto/Ciclomotor,Automóvil",Alvear Y Rioja,2,1,0,0,1,0,0,"-32.944622381288,-60.654933316645",Calle,,ROSARIO,Rosario,Asfalto,No existe,II,Dentro,Urbana,Semáforo,Funciona,Intersección,Bueno,Buena,Amanecer,Buen Tiempo,De alcance,S/D,Colisión,Ninguna,"Horizontal,Vertical",Línea divisoria pintada,Sin restricción,"-32.944622381288,-60.654933316645","['Alvear', 'Rioja']",2,,-32.944622381288,-60.654933316645,55.0,538.0,Municipio Rosario,Municipio,Rosario,820210,Servicio de Catastro e Información Territorial,IGN
2019,3387,2019-05-28,Martes,,12:00:00,,0.0,2,"Moto/Ciclomotor,Automóvil",Mariano Moreno 1300,2,1,0,0,1,0,0,"-32.950549174901,-60.652175543379",Calle,,ROSARIO,Rosario,Asfalto,No existe,II,Dentro,Urbana,Paso Peatonal,No existe,Recta,Bueno,Buena,Diurna,Buen Tiempo,S/D,S/D,Colisión,Ninguna,Horizontal,Ninguna,Sin restricción,"-32.950549174901,-60.652175543379",['Mariano Moreno 1300'],1,,-32.950549174901,-60.652175543379,55.0,538.0,Municipio Rosario,Municipio,Rosario,820210,Servicio de Catastro e Información Territorial,IGN
2019,3388,2019-05-03,Viernes,,18:50:00,,0.0,2,"Moto/Ciclomotor,Pickup/Utilitario",Ayacucho Y La Paz,2,1,0,0,1,0,0,"-32.966174440015,-60.631352012879",Calle,,ROSARIO,Rosario,Asfalto,No existe,II,Dentro,Urbana,Ninguna,No existe,Recta,Bueno,Buena,Atardecer,Buen Tiempo,S/D,S/D,Colisión,Ninguna,Faltante,Ninguna,Sin restricción,"-32.966174440015,-60.631352012879","['Ayacucho', 'La Paz']",2,,-32.966174440015,-60.631352012879,55.0,538.0,Municipio Rosario,Municipio,Rosario,820210,Servicio de Catastro e Información Territorial,IGN
2019,3390,2019-05-30,Jueves,,20:40:00,,0.0,2,"Peatón,Automóvil",Dorrego Y San Luis,2,1,0,0,1,0,0,"-32.947049325683,-60.649884561277",Calle,,ROSARIO,Rosario,Asfalto,No existe,II,Dentro,Urbana,Paso Peatonal,No existe,Intersección,Bueno,Buena,"Nocturna,Con luz artificial",Buen Tiempo,S/D,Peatón,Atropello,Ninguna,Horizontal,Ninguna,Sin restricción,"-32.947049325683,-60.649884561277","['Dorrego', 'San Luis']",2,,-32.947049325683,-60.649884561277,55.0,538.0,Municipio Rosario,Municipio,Rosario,820210,Servicio de Catastro e Información Territorial,IGN
2019,3392,2019-05-20,Lunes,,14:00:00,,0.0,2,"Moto/Ciclomotor,Automóvil",Balcarce Y Catamarca,2,1,0,0,1,0,0,"-32.938134345381,-60.650470539194",Calle,,ROSARIO,Rosario,Asfalto,No existe,II,Dentro,Urbana,Paso Peatonal,No existe,Intersección,Bueno,Buena,Diurna,Buen Tiempo,Lateral,S/D,Colisión,Ninguna,Horizontal,Línea divisoria pintada,Sin restricción,"-32.938134345381,-60.650470539194","['Balcarce', 'Catamarca']",2,,-32.938134345381,-60.650470539194,55.0,538.0,Municipio Rosario,Municipio,Rosario,820210,Servicio de Catastro e Información Territorial,IGN