anio_acci,nro_acci,fecha,desc_dia,fecha_aprox,hora_aprox,desc_ruta,km,cant_participantes,desc_participante,calle_avenida_km,total,heridos_leves,heridos_graves,heridos_gravisimos,ilesos,fallecidos,sin_datos,posicion_XY,desc_tipo_via,desc_ruta_ori,desc_loc,desc_dpto,desc_tipo_calzada,desc_tipo_banquina,desc_unidad_regional,desc_lugar_calzada,desc_zona,desc_prioridad,desc_estado_semaforo,desc_lugar_via,desc_estado_via,desc_estado_visibilidad,desc_luminosidad,desc_estado_clima,desc_tipo_colision,desc_tipo_atropello,desc_tipo_hecho,desc_pres_calzada,desc_senializacion,desc_separacion_via,desc_restriccion,forma_geocod,calle_lista,numero_calles,calles_osm,lat,lon,index_right,gid,fna,gna,nam,in1,fdc,sag
2019,3394,2019-05-06,Lunes,,09:15:00,,0.0,2,"Bicicleta,Automóvil",3 De Febrero Y J.M.de Rosas,2,1,0,0,1,0,0,"-32.944210799693,-60.687522936956",Calle,,ROSARIO,Rosario,Asfalto,No existe,II,Dentro,Urbana,Ninguna,No existe,Intersección,Bueno,Buena,Diurna,Buen Tiempo,S/D,Ciclista,Atropello,Ninguna,Faltante,Ninguna,Sin restricción,"-32.944210799693,-60.687522936956","['3 de Febrero', 'De Rosas']",2,,-32.944210799693,-60.687522936956,55.0,538.0,Municipio Rosario,Municipio,Rosario,820210,Servicio de Catastro e Información Territorial,IGN
2019,3396,2019-06-24,Lunes,,12:50:00,,0.0,2,"Automóvil,Moto/Ciclomotor",Av. Arijon Y Laprida,3,2,0,0,1,0,0,"    -33.00302, -60.64695",Calle,,ROSARIO,Rosario,Asfalto,No existe,II,Dentro,Urbana,Ninguna,No existe,Intersección,Bueno,Buena,Diurna,Buen Tiempo,De alcance,S/D,Colisión,Ninguna,Horizontal,Ninguna,Sin restricción,"    -33.00302, -60.64695","['Avenida Manuel Arijón', 'Laprida']",2,,-33.00302,-60.64695,55.0,538.0,Municipio Rosario,Municipio,Rosario,820210,Servicio de Catastro e Información Territorial,IGN
2019,3397,2019-03-21,Jueves,,11:00:00,,0.0,2,"Peatón,Automóvil",Sarmiento Y Gaboto,2,1,0,0,1,0,0,"-32.97335, -60.6449",Calle,,ROSARIO,Rosario,Asfalto,No existe,II,Dentro,Urbana,Ninguna,No existe,Intersección,Bueno,Buena,Diurna,Buen Tiempo,S/D,Peatón,Atropello,Ninguna,Faltante,Ninguna,Sin restricción,"-32.97335, -60.6449","['Sarmiento', 'Gaboto']",2,,-32.97335,-60.6449,55.0,538.0,Municipio Rosario,Municipio,Rosario,820210,Servicio de Catastro e Información Territorial,IGN
2019,3398,2019-03-21,Jueves,,09:50:00,,0.0,2,"Pickup/Utilitario,Moto/Ciclomotor",Colon Y Gaboto,3,2,0,0,1,0,0,"-32.97564, -60.63227",Calle,,ROSARIO,Rosario,Asfalto,No existe,II,Fuera,Urbana,Ninguna,No existe,Intersección,Bueno,Buena,Diurna,Buen Tiempo,Lateral,S/D,Colisión,Ninguna,Faltante,Ninguna,Sin restricción,"-32.97564, -60.63227","['Colon', 'Gaboto']",2,,-32.97564,-60.63227,55.0,538.0,Municipio Rosario,Municipio,Rosario,820210,Servicio de Catastro e Información Territorial,IGN
2019,3402,2019-06-24,Lunes,,21:30:00,,0.0,2,"Moto/Ciclomotor,Automóvil",Amenabar Y Mitre,2,1,0,0,1,0,0,"    -32.97193, -60.64602",Calle,,ROSARIO,Rosario,Asfalto,No existe,II,Dentro,Urbana,Ninguna,No existe,Intersección,Bueno,Reducida,Nocturna,Buen Tiempo,Lateral,S/D,Colisión,Ninguna,S/D,Ninguna,Sin restricción,"    -32.97193, -60.64602","['Amenabar', 'Mitre']",2,,-32.97193,-60.64602,55.0,538.0,Municipio Rosario,Municipio,Rosario,820210,Servicio de Catastro e Información Territorial,IGN
2019,3411,2019-03-22,Viernes,,,,0.0,2,"Bicicleta,Automóvil",24 De Setiembre Y Av. Corrientes,2,1,0,0,1,0,0,"-32.97947, -60.65088",Calle,,ROSARIO,Rosario,Asfalto,No existe,II,S/D,Urbana,Ninguna,No existe,Intersección,Bueno,Buena,S/D,Buen Tiempo,S/D,Ciclista,Atropello,Ninguna,Faltante,Ninguna,Sin restricción,"-32.97947, -60.65088","['24 de Septiembre', 'Corrientes']",2,,-32.97947,-60.65088,55.0,538.0,Municipio Rosario,Municipio,Rosario,820210,Servicio de Catastro e Información Territorial,IGN
2019,3415,2019-02-20,Miercoles,,01:00:00,,0.0,1,Moto/Ciclomotor,Roullon Y Bv. Segui,2,2,0,0,0,0,0,"-32.97069, -60.70098",Calle,,ROSARIO,Rosario,S/D,S/D,II,S/D,Urbana,S/D,S/D,Intersección,S/D,S/D,Nocturna,S/D,S/D,S/D,Caída ocupante,S/D,S/D,S/D,S/D,"-32.97069, -60.70098","['Alfredo Rouillón', 'Bulevar Juan Francisco Seguí']",2,,-32.97069,-60.70098,55.0,538.0,Municipio Rosario,Municipio,Rosario,820210,Servicio de Catastro e Información Territorial,IGN
2019,3416,2019-03-23,Sabado,,,,0.0,2,"Peatón,Taxi/Remis",24 De Setiembre Y Entre Rios,2,1,0,0,1,0,0,"-32.97974, -60.64946",Calle,,ROSARIO,Rosario,Asfalto,No existe,II,S/D,Urbana,S/D,No existe,Recta,S/D,S/D,S/D,S/D,S/D,Peatón,Atropello,S/D,S/D,S/D,S/D,"-32.97974, -60.64946","['24 de Septiembre', 'Entre Ríos']",2,,-32.97974,-60.64946,55.0,538.0,Municipio Rosario,Municipio,Rosario,820210,Servicio de Catastro e Información Territorial,IGN
2019,3421,2019-03-21,Jueves,,17:30:00,,0.0,2,"Bicicleta,Automóvil",Av. Battle y Ordoñez Y San Martin,2,1,0,0,1,0,0,"-33.00886, -60.65075",Avenida,,ROSARIO,Rosario,Asfalto,No existe,II,Dentro,Urbana,Ninguna,Funciona,Intersección,Bueno,Buena,Diurna,Otro,Otro,Ciclista,Atropello,Ninguna,Vertical,Cordón divisorio,Sin restricción,"-33.00886, -60.65075","['Avenida Battle y Ordoñez', 'San Martin']",2,,-33.00886,-60.65075,55.0,538.0,Municipio Rosario,Municipio,Rosario,820210,Servicio de Catastro e Información Territorial,IGN
2019,3422,2019-06-24,Lunes,,17:50:00,,0.0,2,"Moto/Ciclomotor,Automóvil",Pje. Casablanca Y Laprida,2,1,0,0,1,0,0,"    -32.9804, -60.64258",Calle,,ROSARIO,Rosario,Asfalto,No existe,II,Dentro,Urbana,Ninguna,No existe,Intersección,Bueno,Buena,Atardecer,Buen Tiempo,Lateral,S/D,Colisión,Ninguna,Faltante,Ninguna,Sin restricción,"    -32.9804, -60.64258","['Casablanca', 'Laprida']",2,,-32.9804,-60.64258,55.0,538.0,Municipio Rosario,Municipio,Rosario,820210,Servicio de Catastro e Información Territorial,IGN
2019,3424,2019-03-16,Sabado,,07:40:00,,0.0,2,"Transporte de Pasajeros Urbano (> 8 asientos),Moto/Ciclomotor",Av. Avellaneda B Y Cordoba,2,1,0,0,1,0,0,"-32.93909, -60.67907",Avenida,,ROSARIO,Rosario,Asfalto,No existe,II,Dentro,Urbana,S/D,S/D,Intersección,Bueno,Buena,Diurna,Buen Tiempo,S/D,S/D,Colisión,Ninguna,S/D,Cordón divisorio,S/D,"-32.93909, -60.67907","['Avellaneda', 'Córdoba']",2,,-32.93909,-60.67907,55.0,538.0,Municipio Rosario,Municipio,Rosario,820210,Servicio de Catastro e Información Territorial,IGN
2019,3425,2019-06-26,Miercoles,,23:55:00,,0.0,2,"Moto/Ciclomotor,Automóvil",Chacabuco Y Gaboto,2,1,0,0,1,0,0,"    -32.97609, -60.62956",Calle,,ROSARIO,Rosario,Asfalto,No existe,II,Dentro,Urbana,Ninguna,No existe,Intersección,Bueno,Buena,Nocturna,Buen Tiempo,Lateral,S/D,Colisión,Ninguna,Faltante,Ninguna,Sin restricción,"    -32.97609, -60.62956","['Chacabuco', 'Gaboto']",2,,-32.97609,-60.62956,55.0,538.0,Municipio Rosario,Municipio,Rosario,820210,Servicio de Catastro e Información Territorial,IGN
2019,3426,2019-02-20,Miercoles,,20:55:00,,0.0,2,"Moto/Ciclomotor,Automóvil",Ayolas Y J.M.de Rosas,3,0,2,0,1,0,0,"-32.97798, -60.63893",Calle,,ROSARIO,Rosario,S/D,S/D,II,S/D,Urbana,S/D,S/D,Intersección,S/D,S/D,Nocturna,S/D,S/D,S/D,Colisión,S/D,S/D,S/D,S/D,"-32.97798, -60.63893","['Ayolas', 'De Rosas']",2,,-32.97798,-60.63893,55.0,538.0,Municipio Rosario,Municipio,Rosario,820210,Servicio de Catastro e Información Territorial,IGN
2019,3438,2019-05-02,Jueves,,18:15:00,,0.0,2,"Camión Chasis,Moto/Ciclomotor",San Nicolas Y Tucuman,2,1,0,0,1,0,0,"-32.935672948209,-60.671143890302",Calle,,ROSARIO,Rosario,Asfalto,No existe,II,Dentro,Urbana,Ninguna,No existe,Intersección,Bueno,Buena,Diurna,Buen Tiempo,S/D,S/D,Colisión,Ninguna,Faltante,Ninguna,Sin restricción,"-32.935672948209,-60.671143890302","['San Nicolás', 'Tucumán']",2,,-32.935672948209,-60.671143890302,55.0,538.0,Municipio Rosario,Municipio,Rosario,820210,Servicio de Catastro e Información Territorial,IGN
2019,3440,2019-05-01,Miercoles,,15:10:00,,0.0,2,"Moto/Ciclomotor,Taxi/Remis",San Juan Y Sarmiento,2,1,0,0,1,0,0,"-32.950147041192,-60.63912357151",Calle,,ROSARIO,Rosario,Asfalto,No existe,II,Dentro,Urbana,Paso Peatonal,No existe,Intersección,Bueno,Buena,Diurna,Buen Tiempo,S/D,S/D,Colisión,Ninguna,Horizontal,Ninguna,Sin restricción,"-32.950147041192,-60.63912357151","['San Juan', 'Sarmiento']",2,,-32.950147041192,-60.63912357151,55.0,538.0,Municipio Rosario,Municipio,Rosario,820210,Servicio de Catastro e Información Territorial,IGN
2019,3442,2019-05-15,Miercoles,,10:00:00,,0.0,2,"Automóvil,Automóvil",Bv. Oroño Y San Luis,2,1,0,0,1,0,0,"-32.946347586245,-60.653837732832",Avenida,,ROSARIO,Rosario,Asfalto,No existe,II,Dentro,Urbana,Semáforo,Funciona,Recta,Bueno,Buena,Diurna,Buen Tiempo,De alcance,S/D,Colisión,Ninguna,"Horizontal,Vertical","Cordón divisorio,Vegetación",Sin restricción,"-32.946347586245,-60.653837732832","['Bulevar Nicasio Oroño', 'San Luis']",2,,-32.946347586245,-60.653837732832,55.0,538.0,Municipio Rosario,Municipio,Rosario,820210,Servicio de Catastro e Información Territorial,IGN
2019,3444,2019-05-04,Sabado,,14:30:00,,0.0,2,"Moto/Ciclomotor,Pickup/Utilitario",Montevideo 4751,5,2,1,0,2,0,0,"-32.947204845738,-60.690432036898",Calle,,ROSARIO,Rosario,Asfalto,No existe,II,Dentro,Urbana,Ninguna,No existe,Intersección,Bueno,Buena,Diurna,Buen Tiempo,Lateral,S/D,Colisión,Ninguna,S/D,Ninguna,Sin restricción,"-32.947204845738,-60.690432036898",['Montevideo 4751'],1,,-32.947204845738,-60.690432036898,55.0,538.0,Municipio Rosario,Municipio,Rosario,820210,Servicio de Catastro e Información Territorial,IGN
2019,3447,2019-05-05,Domingo,,20:30:00,,0.0,2,"Vehículo Oficial,Pickup/Utilitario",3 De Febrero Y Italia,2,1,0,0,1,0,0,"-32.95103114774,-60.64946859886",Calle,,ROSARIO,Rosario,Asfalto,No existe,II,Dentro,Urbana,Ninguna,No existe,Intersección,Bueno,Buena,"Nocturna,Con luz artificial",Buen Tiempo,Lateral,S/D,Colisión,Ninguna,"Horizontal,Vertical",Ninguna,Sin restricción,"-32.95103114774,-60.64946859886","['3 de Febrero', 'Italia']",2,,-32.95103114774,-60.64946859886,55.0,538.0,Municipio Rosario,Municipio,Rosario,820210,Servicio de Catastro e Información Territorial,IGN
2019,3449,2019-05-05,Domingo,,08:10:00,,0.0,2,"Automóvil,Automóvil",Entre Rios Y San Lorenzo,2,1,0,0,1,0,0,"-32.943604097427,-60.640380989915",Calle,,ROSARIO,Rosario,Asfalto,No existe,II,Dentro,Urbana,Paso Peatonal,No existe,Intersección,Bueno,Buena,Diurna,Buen Tiempo,Lateral,S/D,Colisión,Ninguna,Horizontal,Ninguna,Sin restricción,"-32.943604097427,-60.640380989915","['Entre Ríos', 'San Lorenzo']",2,,-32.943604097427,-60.640380989915,55.0,538.0,Municipio Rosario,Municipio,Rosario,820210,Servicio de Catastro e Información Territorial,IGN
2019,3450,2019-05-03,Viernes,,11:00:00,,0.0,2,"Automóvil,Automóvil",1 de Mayo Y E.Zeballos,2,1,0,0,1,0,0,"-32.956682533127,-60.631912951791",Calle,,ROSARIO,Rosario,Asfalto,No existe,II,Dentro,Urbana,Ninguna,No existe,Intersección,Bueno,Buena,Diurna,Buen Tiempo,Lateral,S/D,Colisión,Ninguna,Faltante,Ninguna,Sin restricción,"-32.956682533127,-60.631912951791","['Primero de Mayo', 'Zeballos']",2,,-32.956682533127,-60.631912951791,55.0,538.0,Municipio Rosario,Municipio,Rosario,820210,Servicio de Catastro e Información Territorial,IGN
2019,3452,2019-05-06,Lunes,,12:20:00,,0.0,2,"Peatón,Automóvil",Italia Y Santa Fe,2,1,0,0,1,0,0,"-32.94332092031,-60.647529752906",Calle,,ROSARIO,Rosario,Asfalto,No existe,II,Dentro,Urbana,Ninguna,No existe,Intersección,Bueno,Buena,Diurna,Buen Tiempo,S/D,Peatón,Atropello,Ninguna,Faltante,Ninguna,Sin restricción,"-32.94332092031,-60.647529752906","['Italia', 'Santa Fe']",2,,-32.94332092031,-60.647529752906,55.0,538.0,Municipio Rosario,Municipio,Rosario,820210,Servicio de Catastro e Información Territorial,IGN
2019,3453,2019-05-15,Miercoles,,10:20:00,,0.0,2,"Automóvil,Vehículo Oficial",9 De Julio Y Alvear,5,1,0,0,4,0,0,"-32.950888273386,-60.656516831514",Calle,,ROSARIO,Rosario,Asfalto,No existe,II,Dentro,Urbana,Señal Pare,No existe,Intersección,Bueno,Buena,Diurna,Buen Tiempo,Lateral,S/D,Colisión,Ninguna,Vertical,Ninguna,Sin restricción,"-32.950888273386,-60.656516831514","['9 de Julio', 'Alvear']",2,,-32.950888273386,-60.656516831514,55.0,538.0,Municipio Rosario,Municipio,Rosario,820210,Servicio de Catastro e Información Territorial,IGN
2019,3454,2019-05-13,Lunes,,20:30:00,,0.0,2,"Peatón,Automóvil",San Luis 1900,2,1,0,0,1,0,0,"-32.947049325683,-60.649884561277",Calle,,ROSARIO,Rosario,Asfalto,No existe,II,Dentro,Urbana,Paso Peatonal,No existe,Recta,Bueno,Buena,"Nocturna,Con luz artificial",Buen Tiempo,S/D,Peatón,Atropello,Ninguna,Faltante,Ninguna,Sin restricción,"-32.947049325683,-60.649884561277",['San Luis 1900'],1,,-32.947049325683,-60.649884561277,55.0,538.0,Municipio Rosario,Municipio,Rosario,820210,Servicio de Catastro e Información Territorial,IGN
2019,3455,2019-05-10,Viernes,,18:40:00,,0.0,2,"Moto/Ciclomotor,Automóvil",Ituzaingo Y Pte.Roca,3,2,0,0,1,0,0,"-32.959472664237,-60.648722738067",Calle,,ROSARIO,Rosario,hormigón,No existe,II,Dentro,Urbana,Ninguna,No existe,Intersección,Bueno,Buena,Diurna,Buen Tiempo,Lateral,S/D,Colisión,Ninguna,Faltante,Ninguna,Sin restricción,"-32.959472664237,-60.648722738067","['Ituzaingó', 'Roca']",2,,-32.959472664237,-60.648722738067,55.0,538.0,Municipio Rosario,Municipio,Rosario,820210,Servicio de Catastro e Información Territorial,IGN
2019,3456,2019-05-10,Viernes,,11:00:00,,0.0,2,"Automóvil,Camión Chasis",Cordoba Y Paraguay,2,1,0,0,1,0,0,"-32.945426825416,-60.64372874226",Calle,,ROSARIO,Rosario,Asfalto,No existe,II,Dentro,Urbana,Semáforo,Funciona,Intersección,Bueno,Buena,Diurna,Buen Tiempo,De alcance,S/D,Colisión,Ninguna,"Horizontal,Vertical",Ninguna,Sin restricción,"-32.945426825416,-60.64372874226","['Córdoba', 'Paraguay']",2,,-32.945426825416,-60.64372874226,55.0,538.0,Municipio Rosario,Municipio,Rosario,820210,Servicio de Catastro e Información Territorial,IGN
2019,3457,2019-03-17,Domingo,,00:15:00,,0.0,2,"Transporte de Pasajeros (H/ 8 asientos),Automóvil",San Lorenzo Y Suipacha,5,2,0,0,3,0,0,"-32.93948, -60.66358",Calle,,ROSARIO,Rosario,Asfalto,No existe,II,Dentro,Urbana,Señal Pare,S/D,Intersección,Bueno,Buena,Diurna,Buen Tiempo,S/D,S/D,Colisión,Ninguna,S/D,S/D,S/D,"-32.93948, -60.66358","['San Lorenzo', 'Suipacha']",2,,-32.93948,-60.66358,55.0,538.0,Municipio Rosario,Municipio,Rosario,820210,Servicio de Catastro e Información Territorial,IGN
2019,3459,2019-03-20,Miercoles,,05:50:00,,0.0,2,"Taxi/Remis,Moto/Ciclomotor",Av. Pellegrini Y Av. Francia,2,1,0,0,1,0,0," -32.95246, -60.6682",Avenida,,ROSARIO,Rosario,Asfalto,No existe,II,Dentro,Urbana,S/D,S/D,Intersección,Bueno,Buena,Diurna,Buen Tiempo,S/D,S/D,Colisión,Ninguna,S/D,Cordón divisorio,S/D," -32.95246, -60.6682","['Pellegrini', 'Avenida Francia']",2,,-32.95246,-60.6682,55.0,538.0,Municipio Rosario,Municipio,Rosario,820210,Servicio de Catastro e Información Territorial,IGN
2019,3460,2019-03-19,Martes,,12:00:00,,0.0,2,"Automóvil,Moto/Ciclomotor",9 De Julio Y Crespo,2,1,0,0,1,0,0,"-32.94851, -60.67011",Calle,,ROSARIO,Rosario,Asfalto,No existe,II,Dentro,Urbana,Ninguna,No existe,Intersección,Bueno,Buena,Diurna,Lluvia,S/D,S/D,Colisión,Agua,Faltante,S/D,S/D,"-32.94851, -60.67011","['9 de Julio', 'Crespo']",2,,-32.94851,-60.67011,55.0,538.0,Municipio Rosario,Municipio,Rosario,820210,Servicio de Catastro e Información Territorial,IGN
2019,3462,2019-03-19,Martes,,08:30:00,,0.0,2,"Automóvil,Bicicleta",Castellanos Y San Luis,2,1,0,0,1,0,0,"-32.94244, -60.67571",Calle,,ROSARIO,Rosario,Asfalto,No existe,II,Dentro,Urbana,S/D,S/D,Intersección,Bueno,Buena,Diurna,Buen Tiempo,S/D,Ciclista,Atropello,Ninguna,S/D,S/D,S/D,"-32.94244, -60.67571","['Aaron Castellanos', 'San Luis']",2,,-32.94244,-60.67571,55.0,538.0,Municipio Rosario,Municipio,Rosario,820210,Servicio de Catastro e Información Territorial,IGN
2019,3463,2019-03-18,Lunes,,11:30:00,,0.0,2,"Moto/Ciclomotor,Taxi/Remis",Paraguay Y Pasco,3,1,0,0,2,0,0,"-32.95859, -60.64704",Calle,,ROSARIO,Rosario,Asfalto,No existe,II,Dentro,Urbana,S/D,S/D,Intersección,Bueno,Buena,Diurna,Buen Tiempo,S/D,S/D,Colisión,Ninguna,S/D,S/D,S/D,"-32.95859, -60.64704","['Paraguay', 'Pasco']",2,,-32.95859,-60.64704,55.0,538.0,Municipio Rosario,Municipio,Rosario,820210,Servicio de Catastro e Información Territorial,IGN
2019,3465,2019-03-23,Sabado,,16:10:00,,0.0,2,"Automóvil,Moto/Ciclomotor",San Juan Y Iriondo,3,1,0,0,2,0,0,"-32.94451, -60.67059",Calle,,ROSARIO,Rosario,Asfalto,No existe,II,Dentro,Urbana,S/D,S/D,Intersección,Bueno,Buena,Diurna,Buen Tiempo,S/D,S/D,Colisión,Ninguna,S/D,S/D,S/D,"-32.94451, -60.67059","['San Juan', 'Iriondo']",2,,-32.94451,-60.67059,55.0,538.0,Municipio Rosario,Municipio,Rosario,820210,Servicio de Catastro e Información Territorial,IGN
2019,3470,2019-02-16,Sabado,,00:00:00,,0.0,2,"Moto/Ciclomotor,Otros",Cullen Y Cerrito,2,0,1,0,0,0,1,"-32.95325, -60.70857",Calle,,ROSARIO,Rosario,S/D,S/D,II,S/D,Urbana,S/D,S/D,Intersección,S/D,S/D,Nocturna,S/D,S/D,S/D,Colisión,S/D,S/D,S/D,S/D,"-32.95325, -60.70857","['Cullen', 'Cerrito']",2,,-32.95325,-60.70857,55.0,538.0,Municipio Rosario,Municipio,Rosario,820210,Servicio de Catastro e Información Territorial,IGN
2019,3471,2019-03-22,Viernes,,12:10:00,,0.0,2,"Automóvil,Transporte de Pasajeros Larga Distancia (> 8 asientos)",Av. Pellegrini Y Mariano Moreno,2,1,0,0,1,0,0,"-32.95516, -60.65333",Avenida,,ROSARIO,Rosario,Asfalto,No existe,II,Dentro,Urbana,S/D,S/D,Intersección,Bueno,Buena,Diurna,Buen Tiempo,Otro,S/D,Colisión,Ninguna,S/D,S/D,S/D,"-32.95516, -60.65333","['Pellegrini', 'Mariano Moreno']",2,,-32.95516,-60.65333,55.0,538.0,Municipio Rosario,Municipio,Rosario,820210,Servicio de Catastro e Información Territorial,IGN
2019,3472,2019-02-16,Sabado,,09:30:00,,0.0,2,"Moto/Ciclomotor,Otros",Av. Francia Y Uruguay,2,1,0,0,0,0,1,"-32.97185, -60.67328",Avenida,,ROSARIO,Rosario,S/D,S/D,II,S/D,Urbana,S/D,S/D,Intersección,S/D,S/D,Diurna,S/D,S/D,S/D,Colisión,S/D,S/D,S/D,S/D,"-32.97185, -60.67328","['Avenida Francia', 'Uruguay']",2,,-32.97185,-60.67328,55.0,538.0,Municipio Rosario,Municipio,Rosario,820210,Servicio de Catastro e Información Territorial,IGN
2019,3475,2019-03-22,Viernes,,11:20:00,,0.0,2,"Moto/Ciclomotor,Automóvil",Av. Dante Alighieri Y Av. Gob.Caesar,2,1,0,0,1,0,0,"-32.96224, -60.6624",Calle,,ROSARIO,Rosario,Asfalto,No existe,II,Dentro,Urbana,S/D,S/D,Intersección,Bueno,Buena,Diurna,Buen Tiempo,S/D,S/D,Colisión,Ninguna,S/D,S/D,S/D,"-32.96224, -60.6624","['Dante Alighieri', 'Avenida Gobernador Caesar']",2,,-32.96224,-60.6624,55.0,538.0,Municipio Rosario,Municipio,Rosario,820210,Servicio de Catastro e Información Territorial,IGN
2019,3477,2019-02-21,Jueves,,22:30:00,,0.0,2,"Moto/Ciclomotor,Otros",Gorriti Y Matienzo,2,0,0,1,0,0,1,"-32.92387, -60.6953",Calle,,ROSARIO,Rosario,S/D,S/D,II,S/D,Urbana,S/D,S/D,Intersección,S/D,S/D,Nocturna,S/D,S/D,S/D,Colisión,S/D,S/D,S/D,S/D,"-32.92387, -60.6953","['Gorriti', 'Matienzo']",2,,-32.92387,-60.6953,55.0,538.0,Municipio Rosario,Municipio,Rosario,820210,Servicio de Catastro e Información Territorial,IGN
2019,3479,2019-03-22,Viernes,,06:50:00,,0.0,2,"Automóvil,Automóvil",Cordoba Y Vera Mujica,5,4,0,0,1,0,0,"-32.94128, -60.66689",Calle,,ROSARIO,Rosario,Asfalto,No existe,II,Dentro,Urbana,S/D,S/D,Intersección,Bueno,Buena,Diurna,Buen Tiempo,S/D,S/D,Colisión,Ninguna,S/D,S/D,S/D,"-32.94128, -60.66689","['Córdoba', 'Vera Mujíca']",2,,-32.94128,-60.66689,55.0,538.0,Municipio Rosario,Municipio,Rosario,820210,Servicio de Catastro e Información Territorial,IGN
2019,3480,2019-02-21,Jueves,,22:00:00,,0.0,2,"Moto/Ciclomotor,Otros",Bv. 27 De Febrero ,2,0,1,0,0,0,1,"-32.96226, -60.67364",Calle,,ROSARIO,Rosario,S/D,S/D,II,S/D,Urbana,S/D,S/D,S/D,S/D,S/D,Nocturna,S/D,S/D,S/D,Colisión,S/D,S/D,S/D,S/D,"-32.96226, -60.67364",['27 de Febrero'],1,,-32.96226,-60.67364,55.0,538.0,Municipio Rosario,Municipio,Rosario,820210,Servicio de Catastro e Información Territorial,IGN
2019,3481,2019-02-23,Sabado,,00:00:00,,0.0,2,"Moto/Ciclomotor,Otros",Barra Y Av. Pellegrini,2,0,1,0,0,0,1,"-32.94849, -60.70645",Calle,,ROSARIO,Rosario,S/D,S/D,II,S/D,Urbana,S/D,S/D,Intersección,S/D,S/D,Nocturna,S/D,S/D,S/D,Colisión,S/D,S/D,S/D,S/D,"-32.94849, -60.70645","['Barra', 'Pellegrini']",2,,-32.94849,-60.70645,55.0,538.0,Municipio Rosario,Municipio,Rosario,820210,Servicio de Catastro e Información Territorial,IGN
2019,3485,2019-02-26,Martes,,09:00:00,,0.0,2,"Moto/Ciclomotor,Otros",Cordoba Y Mariano Moreno,2,0,1,0,0,0,1,"-32.94421, -60.65059",Calle,,ROSARIO,Rosario,S/D,S/D,II,S/D,Urbana,S/D,S/D,Intersección,S/D,S/D,Diurna,S/D,S/D,S/D,Colisión,S/D,S/D,S/D,S/D,"-32.94421, -60.65059","['Córdoba', 'Mariano Moreno']",2,,-32.94421,-60.65059,55.0,538.0,Municipio Rosario,Municipio,Rosario,820210,Servicio de Catastro e Información Territorial,IGN
2019,3490,2019-05-13,Lunes,,13:45:00,,0.0,2,"Vehículo Oficial,Automóvil",9 De Julio Y Italia,3,1,1,0,0,1,0,"-32.95211,-60.64972",Calle,,ROSARIO,Rosario,Asfalto,No existe,II,Dentro,Urbana,Ninguna,No existe,Intersección,Bueno,Buena,Diurna,Buen Tiempo,Lateral,S/D,Colisión,Ninguna,Horizontal,Ninguna,Sin restricción,"-32.95211,-60.64972","['9 de Julio', 'Italia']",2,,-32.95211,-60.64972,55.0,538.0,Municipio Rosario,Municipio,Rosario,820210,Servicio de Catastro e Información Territorial,IGN
2019,3491,2019-05-15,Miercoles,,20:50:00,,0.0,2,"Bicicleta,Automóvil",Balcarce Y Catamarca,2,1,0,0,1,0,0,"-32.938134345381,-60.650470539194",Calle,,ROSARIO,Rosario,Asfalto,No existe,II,Dentro,Urbana,Señal Pare,No existe,Intersección,Bueno,Buena,"Nocturna,Con luz artificial",Buen Tiempo,S/D,Ciclista,Atropello,Ninguna,"Horizontal,Vertical",Línea divisoria pintada,Sin restricción,"-32.938134345381,-60.650470539194","['Balcarce', 'Catamarca']",2,,-32.938134345381,-60.650470539194,55.0,538.0,Municipio Rosario,Municipio,Rosario,820210,Servicio de Catastro e Información Territorial,IGN
2019,3492,2019-05-08,Miercoles,,09:45:00,,0.0,2,"Automóvil,Peatón",Montevideo Y San Nicolas,2,1,0,0,1,0,0,"-32.950023474497,-60.674763438808",Calle,,ROSARIO,Rosario,Asfalto,No existe,II,Dentro,Urbana,Otra Señal,No existe,Intersección,Bueno,Buena,Diurna,Buen Tiempo,S/D,Peatón,Atropello,Ninguna,Vertical,Ninguna,Sin restricción,"-32.950023474497,-60.674763438808","['Montevideo', 'San Nicolás']",2,,-32.950023474497,-60.674763438808,55.0,538.0,Municipio Rosario,Municipio,Rosario,820210,Servicio de Catastro e Información Territorial,IGN
2019,3493,2019-05-20,Lunes,,20:45:00,,0.0,2,"Moto/Ciclomotor,Automóvil",Cochabamba Y Colon,2,1,0,0,1,0,0,"-32.960680023007,-60.628557444736",Calle,,ROSARIO,Rosario,Asfalto,No existe,II,Dentro,Urbana,Ninguna,No existe,Intersección,Bueno,Buena,"Nocturna,Con luz artificial",Buen Tiempo,Lateral,S/D,Colisión,Ninguna,Faltante,Ninguna,Sin restricción,"-32.960680023007,-60.628557444736","['Cochabamba', 'Colon']",2,,-32.960680023007,-60.628557444736,55.0,538.0,Municipio Rosario,Municipio,Rosario,820210,Servicio de Catastro e Información Territorial,IGN