anio_acci,nro_acci,fecha,desc_dia,fecha_aprox,hora_aprox,desc_ruta,km,cant_participantes,desc_participante,calle_avenida_km,total,heridos_leves,heridos_graves,heridos_gravisimos,ilesos,fallecidos,sin_datos,posicion_XY,desc_tipo_via,desc_ruta_ori,desc_loc,desc_dpto,desc_tipo_calzada,desc_tipo_banquina,desc_unidad_regional,desc_lugar_calzada,desc_zona,desc_prioridad,desc_estado_semaforo,desc_lugar_via,desc_estado_via,desc_estado_visibilidad,desc_luminosidad,desc_estado_clima,desc_tipo_colision,desc_tipo_atropello,desc_tipo_hecho,desc_pres_calzada,desc_senializacion,desc_separacion_via,desc_restriccion,forma_geocod,calle_lista,numero_calles,calles_osm,lat,lon,index_right,gid,fna,gna,nam,in1,fdc,sag
2019,3563,2019-05-11,Sabado,,10:20:00,,0.0,2,"Bicicleta,Automóvil",9 De Julio Y Pte.Roca,2,1,0,0,1,0,0,"-32.952576868951,-60.646982620834",Calle,,ROSARIO,Rosario,Asfalto,No existe,II,Dentro,Urbana,Paso Peatonal,No existe,Recta,Bueno,Buena,Diurna,Buen Tiempo,S/D,Ciclista,Atropello,Ninguna,Horizontal,Ninguna,Sin restricción,"-32.952576868951,-60.646982620834","['9 de Julio', 'Roca']",2,,-32.952576868951,-60.646982620834,55.0,538.0,Municipio Rosario,Municipio,Rosario,820210,Servicio de Catastro e Información Territorial,IGN
2019,3564,2019-05-07,Martes,,01:40:00,,0.0,2,"Taxi/Remis,Automóvil",Av. Pellegrini Y Cafferata,5,2,0,0,3,0,0,"-32.951485546471,-60.673704787978",Avenida,,ROSARIO,Rosario,Asfalto,No existe,II,Dentro,Urbana,Ninguna,Funciona,Intersección,Bueno,Buena,Nocturna,Buen Tiempo,S/D,S/D,Colisión,Ninguna,"Horizontal,Vertical","Cordón divisorio,Vegetación,Línea divisoria pintada",Sin restricción,"-32.951485546471,-60.673704787978","['Pellegrini', 'Cafferata']",2,,-32.951485546471,-60.673704787978,55.0,538.0,Municipio Rosario,Municipio,Rosario,820210,Servicio de Catastro e Información Territorial,IGN
2019,3565,2019-05-08,Miercoles,,22:30:00,,0.0,2,"Automóvil,Vehículo Oficial",La Republica Y Barra,3,1,0,0,2,0,0,"-32.918423262587,-60.70799783191",Calle,,ROSARIO,Rosario,Asfalto,No existe,II,Dentro,Urbana,Ninguna,No existe,Intersección,Con baches,Reducida,Diurna,Lluvia,Otro,S/D,Colisión,Agua,Faltante,Ninguna,Sin restricción,"-32.918423262587,-60.70799783191","['La República', 'Barra']",2,,-32.918423262587,-60.70799783191,55.0,538.0,Municipio Rosario,Municipio,Rosario,820210,Servicio de Catastro e Información Territorial,IGN
2019,3566,2019-05-08,Miercoles,,17:30:00,,0.0,2,"Peatón,Moto/Ciclomotor",J.J.Paso Y Magallanes Bis,2,1,0,0,1,0,0,"-32.919978479981,-60.705360451851",Calle,,ROSARIO,Rosario,Asfalto,No existe,II,Dentro,Urbana,Ninguna,No existe,Intersección,Bueno,Buena,Diurna,Buen Tiempo,S/D,Peatón,Atropello,Ninguna,Faltante,Ninguna,Sin restricción,"-32.919978479981,-60.705360451851","['Paso', 'Magallanes']",2,,-32.919978479981,-60.705360451851,55.0,538.0,Municipio Rosario,Municipio,Rosario,820210,Servicio de Catastro e Información Territorial,IGN
2019,3567,2019-05-30,Jueves,,17:30:00,,0.0,2,"Taxi/Remis,Automóvil",San Lorenzo 3900,5,1,0,0,4,0,0,"-32.937291240187,-60.675813095936",Calle,,ROSARIO,Rosario,Asfalto,No existe,II,Dentro,Urbana,Paso Peatonal,No existe,Intersección,Resbaladiza,Buena,Diurna,Lluvia,Lateral,S/D,Colisión,Agua,Horizontal,Ninguna,Sin restricción,"-32.937291240187,-60.675813095936",['San Lorenzo 3900'],1,,-32.937291240187,-60.675813095936,55.0,538.0,Municipio Rosario,Municipio,Rosario,820210,Servicio de Catastro e Información Territorial,IGN
2019,3568,2019-05-03,Viernes,,12:00:00,,0.0,2,"Moto/Ciclomotor,Automóvil",Bv. Avellaneda Y French,2,1,0,0,1,0,0,"-32.920664158742,-60.674393007265",Avenida,,ROSARIO,Rosario,Asfalto,No existe,II,Dentro,Urbana,Semáforo,Funciona,Intersección,Bueno,Buena,Diurna,Buen Tiempo,Lateral,S/D,Colisión,Ninguna,"Horizontal,Vertical",Cordón divisorio,Sin restricción,"-32.920664158742,-60.674393007265","['Avellaneda', 'French']",2,,-32.920664158742,-60.674393007265,55.0,538.0,Municipio Rosario,Municipio,Rosario,820210,Servicio de Catastro e Información Territorial,IGN
2019,3569,2019-05-11,Sabado,,22:30:00,,0.0,2,"Automóvil,Moto/Ciclomotor",J.B.Justo Y Av. Provincias Unidas Bis,3,1,0,0,2,0,0,"-32.9149103164673,-60.7138878107071",Avenida,,ROSARIO,Rosario,Asfalto,No existe,II,Dentro,Urbana,Señal Pare,No existe,Intersección,Bueno,Buena,"Nocturna,Con luz artificial",Buen Tiempo,Otro,S/D,Colisión,Ninguna,Faltante,Cordón divisorio,Sin restricción,"-32.9149103164673,-60.7138878107071","['Justo', 'Avenida Provincias Unidas']",2,,-32.9149103164673,-60.7138878107071,55.0,538.0,Municipio Rosario,Municipio,Rosario,820210,Servicio de Catastro e Información Territorial,IGN
2019,3571,2019-05-12,Domingo,,15:15:00,,0.0,2,"Automóvil,Automóvil",Av. Provincias Unidas Y Av. Genova,4,1,0,0,3,0,0,"-32.91599191725254,-60.713774487376",Avenida,,ROSARIO,Rosario,Asfalto,No existe,II,Dentro,Urbana,Semáforo,Funciona,Intersección,Bueno,Buena,Diurna,Buen Tiempo,Otro,S/D,Colisión,Ninguna,Vertical,Cordón divisorio,Sin restricción,"-32.91599191725254,-60.713774487376","['Avenida Provincias Unidas', 'Genova']",2,,-32.91599191725254,-60.713774487376,55.0,538.0,Municipio Rosario,Municipio,Rosario,820210,Servicio de Catastro e Información Territorial,IGN
2019,3572,2019-05-14,Martes,,12:50:00,,0.0,2,"Moto/Ciclomotor,Automóvil",J.J.Paso Y Campbell,2,1,0,0,1,0,0,"-32.920154028979,-60.70891528848",Calle,,ROSARIO,Rosario,Asfalto,No existe,II,Dentro,Urbana,Ninguna,No existe,Intersección,Bueno,Buena,Diurna,Buen Tiempo,Lateral,S/D,Colisión,Ninguna,Faltante,Ninguna,Sin restricción,"-32.920154028979,-60.70891528848","['Paso', 'Campbell']",2,,-32.920154028979,-60.70891528848,55.0,538.0,Municipio Rosario,Municipio,Rosario,820210,Servicio de Catastro e Información Territorial,IGN
2019,3574,2019-05-21,Martes,,20:00:00,,0.0,2,"Moto/Ciclomotor,Automóvil",J.J.Paso Y Mejico,4,1,1,0,2,0,0,"-32.920362256371,-60.719293891049",Calle,,ROSARIO,Rosario,Asfalto,No existe,II,Dentro,Urbana,Ninguna,No existe,Intersección,Bueno,Buena,"Nocturna,Con luz artificial",Buen Tiempo,Otro,S/D,Colisión,Ninguna,Faltante,Ninguna,Sin restricción,"-32.920362256371,-60.719293891049","['Paso', 'Mejico']",2,,-32.920362256371,-60.719293891049,55.0,538.0,Municipio Rosario,Municipio,Rosario,820210,Servicio de Catastro e Información Territorial,IGN
2019,3575,2019-05-24,Viernes,,21:00:00,,0.0,2,"Automóvil,Moto/Ciclomotor",Jose Ingenieros Y Ottone Bis,2,1,0,0,1,0,0,"-32.9167503118515,-60.7009595632553",Calle,,ROSARIO,Rosario,Asfalto,No existe,II,Dentro,Urbana,Ninguna,No existe,Intersección,Bueno,Buena,"Nocturna,Con luz artificial",Buen Tiempo,Otro,S/D,Colisión,Ninguna,Faltante,Ninguna,Sin restricción,"-32.9167503118515,-60.7009595632553","['José Ingenieros', 'Ottone']",2,,-32.9167503118515,-60.7009595632553,55.0,538.0,Municipio Rosario,Municipio,Rosario,820210,Servicio de Catastro e Información Territorial,IGN
2019,3576,2019-05-24,Viernes,,13:20:00,,0.0,2,"Moto/Ciclomotor,Automóvil",Dean Funes Y J.M.de Rosas,2,1,0,0,1,0,0,"-32.976858698838,-60.638629469062",Calle,,ROSARIO,Rosario,Asfalto,No existe,II,Dentro,Urbana,Ninguna,No existe,Intersección,Bueno,Buena,Diurna,Buen Tiempo,Lateral,S/D,Colisión,Ninguna,Faltante,Ninguna,Sin restricción,"-32.976858698838,-60.638629469062","['Deán Gregorio Funes', 'De Rosas']",2,,-32.976858698838,-60.638629469062,55.0,538.0,Municipio Rosario,Municipio,Rosario,820210,Servicio de Catastro e Información Territorial,IGN
2019,3577,2019-05-26,Domingo,,18:00:00,,0.0,2,"Moto/Ciclomotor,Pickup/Utilitario",J.J.Paso Y Pje. Cafayate Bis,2,1,0,0,1,0,0,"-32.92016, -60.71056",Calle,,ROSARIO,Rosario,Asfalto,No existe,II,Dentro,Urbana,Ninguna,No existe,Intersección,Bueno,Buena,Diurna,Buen Tiempo,Lateral,S/D,Colisión,Ninguna,Faltante,Cordón divisorio,Sin restricción,"-32.92016, -60.71056","['Paso', 'Cafayate']",2,,-32.92016,-60.71056,55.0,538.0,Municipio Rosario,Municipio,Rosario,820210,Servicio de Catastro e Información Territorial,IGN
2019,3578,2019-05-27,Lunes,,07:30:00,,0.0,2,"Automóvil,Moto/Ciclomotor",J.B.Justo Y Cullen,3,2,0,0,1,0,0,"-32.914811727885,-60.709925551704",Calle,,ROSARIO,Rosario,Asfalto,No existe,II,Dentro,Urbana,Ninguna,No existe,Intersección,Bueno,Buena,Diurna,Buen Tiempo,Otro,S/D,Colisión,Ninguna,Faltante,Ninguna,Sin restricción,"-32.914811727885,-60.709925551704","['Justo', 'Cullen']",2,,-32.914811727885,-60.709925551704,55.0,538.0,Municipio Rosario,Municipio,Rosario,820210,Servicio de Catastro e Información Territorial,IGN
2019,3579,2019-06-25,Martes,,02:40:00,,0.0,2,"Automóvil,Automóvil",Av. Ovidio Lagos Y Bv. 27 De Febrero,4,3,0,0,1,0,0,"    -32.96356, -60.66669",Avenida,,ROSARIO,Rosario,Asfalto,S/D,II,Dentro,Urbana,Ninguna,Funciona,Recta,Bueno,S/D,Nocturna,S/D,S/D,S/D,Colisión,S/D,S/D,S/D,Sin restricción,"    -32.96356, -60.66669","['Avenida Ovidio Lagos', '27 de Febrero']",2,,-32.96356,-60.66669,55.0,538.0,Municipio Rosario,Municipio,Rosario,820210,Servicio de Catastro e Información Territorial,IGN
2019,3581,2019-06-24,Lunes,,,,0.0,2,"Automóvil,Automóvil",Santa Fe Y Larrea,5,3,0,0,2,0,0,"    -32.9353, -60.69745",Calle,,ROSARIO,Rosario,Asfalto,No existe,II,Dentro,Urbana,Ninguna,No existe,Intersección,Bueno,Buena,Nocturna,Buen Tiempo,S/D,S/D,Colisión,S/D,S/D,Ninguna,Sin restricción,"    -32.9353, -60.69745","['Santa Fe', 'Larrea']",2,,-32.9353,-60.69745,55.0,538.0,Municipio Rosario,Municipio,Rosario,820210,Servicio de Catastro e Información Territorial,IGN
2019,3588,2019-06-16,Domingo,,01:25:00,,0.0,2,"Peatón,Automóvil",Bv. Oroño Y Brown,3,1,0,0,2,0,0,"-32.93438, -60.65102",Calle,,ROSARIO,Rosario,Asfalto,No existe,II,S/D,Urbana,Semáforo,Funciona,Intersección,S/D,Buena,Nocturna,Buen Tiempo,S/D,Peatón,Atropello,S/D,S/D,Ninguna,Sin restricción,"-32.93438, -60.65102","['Bulevar Nicasio Oroño', 'Brown']",2,,-32.93438,-60.65102,55.0,538.0,Municipio Rosario,Municipio,Rosario,820210,Servicio de Catastro e Información Territorial,IGN
2019,3595,2019-06-16,Domingo,,22:40:00,,0.0,2,"Moto/Ciclomotor,Taxi/Remis",Av. Arijon Y Rodriguez,2,1,1,0,0,0,0,"-33.00367, -60.67019",Avenida,,ROSARIO,Rosario,Asfalto,No existe,II,Dentro,Urbana,Ninguna,Funciona,Recta,Bueno,Buena,Nocturna,Buen Tiempo,De alcance,S/D,Colisión,Ninguna,S/D,Línea divisoria pintada,Sin restricción,"-33.00367, -60.67019","['Avenida Manuel Arijón', 'Rodríguez']",2,,-33.00367,-60.67019,55.0,538.0,Municipio Rosario,Municipio,Rosario,820210,Servicio de Catastro e Información Territorial,IGN
2019,3605,2019-06-17,Lunes,,17:15:00,,0.0,2,"Moto/Ciclomotor,Moto/Ciclomotor",La Republica Y Fraga Bis,2,0,1,0,0,0,1,"-32.9186, -60.71149",Calle,,ROSARIO,Rosario,Asfalto,S/D,II,S/D,Urbana,S/D,S/D,Intersección,S/D,S/D,S/D,S/D,S/D,S/D,S/D,S/D,S/D,S/D,S/D,"-32.9186, -60.71149","['La República', 'Fraga']",2,,-32.9186,-60.71149,55.0,538.0,Municipio Rosario,Municipio,Rosario,820210,Servicio de Catastro e Información Territorial,IGN
2019,3606,2019-06-17,Lunes,,13:30:00,,0.0,2,"Moto/Ciclomotor,Automóvil",Bv. Segui Y Mitre,2,1,0,0,1,0,0,"-32.97874, -60.64777",Calle,,ROSARIO,Rosario,Asfalto,No existe,II,Dentro,Urbana,Ninguna,No existe,Intersección,Bueno,S/D,Diurna,Buen Tiempo,Lateral,S/D,Colisión,Ninguna,Faltante,Cordón divisorio,Sin restricción,"-32.97874, -60.64777","['Bulevar Juan Francisco Seguí', 'Mitre']",2,,-32.97874,-60.64777,55.0,538.0,Municipio Rosario,Municipio,Rosario,820210,Servicio de Catastro e Información Territorial,IGN
2019,3608,2019-05-25,Sabado,,18:00:00,,0.0,2,"Moto/Ciclomotor,Automóvil",24 De Setiembre Y Dorrego,3,2,0,0,1,0,0,"-32.978234717439,-60.657738288782",Calle,,ROSARIO,Rosario,Asfalto,No existe,II,Dentro,Urbana,Ninguna,No existe,Intersección,Bueno,Buena,Diurna,Buen Tiempo,Lateral,S/D,Colisión,Ninguna,Faltante,Ninguna,Sin restricción,"-32.978234717439,-60.657738288782","['24 de Septiembre', 'Dorrego']",2,,-32.978234717439,-60.657738288782,55.0,538.0,Municipio Rosario,Municipio,Rosario,820210,Servicio de Catastro e Información Territorial,IGN
2019,3609,2019-05-27,Lunes,,21:15:00,,0.0,2,"Moto/Ciclomotor,Taxi/Remis",España Y Uruguay,2,1,0,0,1,0,0,"-32.975281503854,-60.654154203929",Calle,,ROSARIO,Rosario,Asfalto,No existe,II,Dentro,Urbana,Ninguna,No existe,Intersección,Bueno,Buena,"Nocturna,Con luz artificial",Buen Tiempo,Lateral,S/D,Colisión,Ninguna,Faltante,Ninguna,Sin restricción,"-32.975281503854,-60.654154203929","['España', 'Uruguay']",2,,-32.975281503854,-60.654154203929,55.0,538.0,Municipio Rosario,Municipio,Rosario,820210,Servicio de Catastro e Información Territorial,IGN
2019,3611,2019-05-28,Martes,,12:30:00,,0.0,2,"Automóvil,Moto/Ciclomotor",24 De Setiembre Y Ayacucho,2,1,0,0,1,0,0,"-32.982187742486,-60.635646791268",Calle,,ROSARIO,Rosario,Asfalto,No existe,II,Dentro,Urbana,Ninguna,No existe,Intersección,Bueno,Buena,Diurna,Buen Tiempo,Lateral,S/D,Colisión,Ninguna,Faltante,Ninguna,Sin restricción,"-32.982187742486,-60.635646791268","['24 de Septiembre', 'Ayacucho']",2,,-32.982187742486,-60.635646791268,55.0,538.0,Municipio Rosario,Municipio,Rosario,820210,Servicio de Catastro e Información Territorial,IGN
2019,3612,2019-05-24,Viernes,,15:45:00,,0.0,2,"Moto/Ciclomotor,Moto/Ciclomotor",Bv. Segui Y Pte.Roca,2,1,0,0,1,0,0,"-32.97771742604,-60.653308763778",Avenida,,ROSARIO,Rosario,Asfalto,No existe,II,Dentro,Urbana,Ninguna,No existe,Intersección,Bueno,Buena,Diurna,Buen Tiempo,Lateral,S/D,Colisión,Ninguna,Faltante,Ninguna,Sin restricción,"-32.97771742604,-60.653308763778","['Bulevar Juan Francisco Seguí', 'Roca']",2,,-32.97771742604,-60.653308763778,55.0,538.0,Municipio Rosario,Municipio,Rosario,820210,Servicio de Catastro e Información Territorial,IGN
2019,3613,2019-05-24,Viernes,,02:40:00,,0.0,2,"Moto/Ciclomotor,Automóvil",Velez Sarsfield Y Mejico,2,1,0,0,1,0,0,"-32.926189673845,-60.719059432348",Calle,,ROSARIO,Rosario,Asfalto,No existe,II,Dentro,Urbana,Ninguna,No existe,Intersección,Bueno,S/D,Nocturna,Buen Tiempo,S/D,S/D,Colisión,Ninguna,Faltante,Ninguna,Sin restricción,"-32.926189673845,-60.719059432348","['Vélez Sarsfield', 'Mejico']",2,,-32.926189673845,-60.719059432348,55.0,538.0,Municipio Rosario,Municipio,Rosario,820210,Servicio de Catastro e Información Territorial,IGN
2019,3615,2019-05-10,Viernes,,07:00:00,,0.0,2,"Moto/Ciclomotor,Automóvil",AV EVA PERON Y JUAN PABLO II,2,1,0,0,1,0,0,"-32.9313200712204,-60.7217895984649",Avenida,,ROSARIO,Rosario,Asfalto,No existe,II,Dentro,Urbana,Semáforo,Funciona,Intersección,Bueno,Buena,Diurna,Buen Tiempo,S/D,S/D,Colisión,Ninguna,Vertical,Cordón divisorio,Sin restricción,"-32.9313200712204,-60.7217895984649","['Avenida Eva Perón', 'Juan Pablo II']",2,,-32.9313200712204,-60.7217895984649,55.0,538.0,Municipio Rosario,Municipio,Rosario,820210,Servicio de Catastro e Información Territorial,IGN
2019,3616,2019-05-25,Sabado,,13:00:00,,0.0,1,Automóvil,Biedma Y Bv. Oroño,1,1,0,0,0,0,0,"-32.978677219164,-60.661976031215",Avenida,,ROSARIO,Rosario,Asfalto,No existe,II,Dentro,Urbana,Semáforo,No existe,Intersección,Bueno,Buena,Diurna,Buen Tiempo,Contra objeto fijo,S/D,Colisión,Ninguna,"Horizontal,Vertical","Cordón divisorio,Línea divisoria pintada",Sin restricción,"-32.978677219164,-60.661976031215","['Coronel Biedma', 'Bulevar Nicasio Oroño']",2,,-32.978677219164,-60.661976031215,55.0,538.0,Municipio Rosario,Municipio,Rosario,820210,Servicio de Catastro e Información Territorial,IGN
2019,3617,2019-05-24,Viernes,,21:10:00,,0.0,2,"Automóvil,Peatón",Av. Ovidio Lagos Y Av. Uriburu,2,1,0,0,1,0,0,"-32.991427418918,-60.673458690472",Calle,,ROSARIO,Rosario,Asfalto,No existe,II,Dentro,Urbana,Semáforo,Funciona,Intersección,Bueno,Buena,"Nocturna,Con luz artificial",Buen Tiempo,S/D,Peatón,Atropello,Ninguna,"Horizontal,Vertical","Cordón divisorio,Vegetación,Línea divisoria pintada",Sin restricción,"-32.991427418918,-60.673458690472","['Avenida Ovidio Lagos', 'Uriburu']",2,,-32.991427418918,-60.673458690472,55.0,538.0,Municipio Rosario,Municipio,Rosario,820210,Servicio de Catastro e Información Territorial,IGN
2019,3619,2019-05-25,Sabado,,07:10:00,,0.0,2,"Automóvil,Moto/Ciclomotor",Buenos Aires Y Pte.Quintana,2,1,0,0,1,0,0,"-32.983490554632,-60.641779607044",Calle,,ROSARIO,Rosario,Asfalto,No existe,II,Dentro,Urbana,Ninguna,No existe,Intersección,Bueno,Buena,Diurna,Buen Tiempo,Lateral,S/D,Colisión,Ninguna,Faltante,Ninguna,Sin restricción,"-32.983490554632,-60.641779607044","['Buenos Aires', 'Quintana']",2,,-32.983490554632,-60.641779607044,55.0,538.0,Municipio Rosario,Municipio,Rosario,820210,Servicio de Catastro e Información Territorial,IGN
2019,3620,2019-05-20,Lunes,,23:45:00,,0.0,2,"Moto/Ciclomotor,Automóvil",Donado Y Pje. Dellarole,2,1,0,0,1,0,0,"-32.926848487503,-60.727508703463",Calle,,ROSARIO,Rosario,Asfalto,No existe,II,Dentro,Urbana,Ninguna,No existe,Intersección,Bueno,Buena,Diurna,Buen Tiempo,Lateral,S/D,Colisión,Ninguna,Faltante,Ninguna,Sin restricción,"-32.926848487503,-60.727508703463","['Donado', 'Dellarole']",2,,-32.926848487503,-60.727508703463,55.0,538.0,Municipio Rosario,Municipio,Rosario,820210,Servicio de Catastro e Información Territorial,IGN
2019,3621,2019-05-23,Jueves,,10:40:00,,0.0,2,"Moto/Ciclomotor,Automóvil",Bv. Segui Y Mitre,3,1,0,0,2,0,0,"-32.978716541034,-60.64771983852",Calle,,ROSARIO,Rosario,Asfalto,No existe,II,Dentro,Urbana,Ninguna,No existe,Intersección,Bueno,Buena,Diurna,Buen Tiempo,Lateral,S/D,Colisión,Ninguna,Faltante,"Cordón divisorio,Vegetación",Sin restricción,"-32.978716541034,-60.64771983852","['Bulevar Juan Francisco Seguí', 'Mitre']",2,,-32.978716541034,-60.64771983852,55.0,538.0,Municipio Rosario,Municipio,Rosario,820210,Servicio de Catastro e Información Territorial,IGN
2019,3623,2019-05-22,Miercoles,,16:00:00,,0.0,2,"Bicicleta,Automóvil",Lamadrid Y Pavon,2,1,0,0,1,0,0,"-32.99665066174,-60.634317222816",Calle,,ROSARIO,Rosario,Asfalto,No existe,II,Dentro,Urbana,Otra Señal,No existe,Intersección,Bueno,Buena,Atardecer,Buen Tiempo,S/D,Ciclista,Atropello,Ninguna,Vertical,Ninguna,Sin restricción,"-32.99665066174,-60.634317222816","['Lamadrid', 'Pavón']",2,,-32.99665066174,-60.634317222816,55.0,538.0,Municipio Rosario,Municipio,Rosario,820210,Servicio de Catastro e Información Territorial,IGN
2019,3624,2019-05-02,Jueves,,07:25:00,,0.0,2,"Moto/Ciclomotor,Moto/Ciclomotor",Av. Provincias Unidas Y Bielsa,2,0,1,0,1,0,0,"-32.92378976941109,-60.713392943143",Avenida,,ROSARIO,Rosario,Asfalto,No existe,II,Dentro,Urbana,Paso Peatonal,No existe,Intersección,Bueno,Buena,Diurna,Buen Tiempo,Lateral,S/D,Colisión,Ninguna,Horizontal,Ninguna,Sin restricción,"-32.92378976941109,-60.713392943143","['Avenida Provincias Unidas', 'Bielsa']",2,,-32.92378976941109,-60.713392943143,55.0,538.0,Municipio Rosario,Municipio,Rosario,820210,Servicio de Catastro e Información Territorial,IGN
2019,3625,2019-05-21,Martes,,14:20:00,,0.0,2,"Moto/Ciclomotor,Automóvil",Bv. Oroño 3800,2,1,0,0,1,0,0,"-32.978633547088,-60.662220147106",Avenida,,ROSARIO,Rosario,Asfalto,No existe,II,Dentro,Urbana,Semáforo,Funciona,Recta,Bueno,Buena,Diurna,Buen Tiempo,S/D,S/D,Colisión,Ninguna,"Horizontal,Vertical","Cordón divisorio,Línea divisoria pintada",Sin restricción,"-32.978633547088,-60.662220147106",['Nicasio Oroñoño 3800'],1,,-32.978633547088,-60.662220147106,55.0,538.0,Municipio Rosario,Municipio,Rosario,820210,Servicio de Catastro e Información Territorial,IGN
2019,3626,2019-05-12,Domingo,,05:50:00,,0.0,2,"Moto/Ciclomotor,Automóvil",Av. Azcuenaga Y Bv. Wilde,2,1,0,0,1,0,0,"-32.926508256279,-60.739010212568",Avenida,,ROSARIO,Rosario,Asfalto,No existe,II,Dentro,Urbana,Ninguna,No existe,Intersección,Bueno,Buena,Nocturna,Buen Tiempo,Lateral,S/D,Colisión,Ninguna,Horizontal,Línea divisoria pintada,Sin restricción,"-32.926508256279,-60.739010212568","['Azcuénaga', 'Bulevar Wilde']",2,,-32.926508256279,-60.739010212568,55.0,538.0,Municipio Rosario,Municipio,Rosario,820210,Servicio de Catastro e Información Territorial,IGN
2019,3627,2019-05-21,Martes,,22:35:00,,0.0,2,"Moto/Ciclomotor,Taxi/Remis",Biedma Y Mitre,2,1,0,0,1,0,0,"-32.981119322313,-60.64833614876",Calle,,ROSARIO,Rosario,Asfalto,No existe,II,Dentro,Urbana,Ninguna,No existe,Intersección,Bueno,Buena,Nocturna,Buen Tiempo,Lateral,S/D,Colisión,Ninguna,Faltante,Ninguna,Sin restricción,"-32.981119322313,-60.64833614876","['Coronel Biedma', 'Mitre']",2,,-32.981119322313,-60.64833614876,55.0,538.0,Municipio Rosario,Municipio,Rosario,820210,Servicio de Catastro e Información Territorial,IGN
2019,3628,2019-05-13,Lunes,,13:10:00,,0.0,2,"Automóvil,Moto/Ciclomotor",Av. Bermudez Y Sanchez de Bustamante,3,2,0,0,1,0,0,"-33.001756526391,-60.642607897015",Avenida,,ROSARIO,Rosario,Asfalto,No existe,II,Dentro,Urbana,Ninguna,No existe,Intersección,Bueno,Buena,Diurna,Buen Tiempo,Lateral,S/D,Colisión,Ninguna,Horizontal,Línea divisoria pintada,Sin restricción,"-33.001756526391,-60.642607897015","['Bermudez', 'Sánchez de Bustamante']",2,,-33.001756526391,-60.642607897015,55.0,538.0,Municipio Rosario,Municipio,Rosario,820210,Servicio de Catastro e Información Territorial,IGN
2019,3629,2019-05-10,Viernes,,08:45:00,,0.0,2,"Moto/Ciclomotor,Automóvil",French Y Bolivia Bis,3,1,1,0,1,0,0,"-32.921807721237,-60.714638527004",Calle,,ROSARIO,Rosario,Asfalto,No existe,II,Dentro,Urbana,Ninguna,No existe,Intersección,Bueno,Buena,Diurna,Buen Tiempo,Lateral,S/D,Colisión,Ninguna,Faltante,Ninguna,Sin restricción,"-32.921807721237,-60.714638527004","['French', 'Bolivia']",2,,-32.921807721237,-60.714638527004,55.0,538.0,Municipio Rosario,Municipio,Rosario,820210,Servicio de Catastro e Información Territorial,IGN
2019,3630,2019-05-17,Viernes,,10:50:00,,0.0,2,"Automóvil,Moto/Ciclomotor",Buenos Aires Y Virasoro,3,2,0,0,1,0,0,"-32.970870123463,-60.63860102316",Calle,,ROSARIO,Rosario,Asfalto,No existe,II,Dentro,Urbana,Ninguna,No existe,Intersección,Bueno,Buena,Diurna,Buen Tiempo,Lateral,S/D,Colisión,Ninguna,Faltante,Ninguna,Sin restricción,"-32.970870123463,-60.63860102316","['Buenos Aires', 'Virasoro']",2,,-32.970870123463,-60.63860102316,55.0,538.0,Municipio Rosario,Municipio,Rosario,820210,Servicio de Catastro e Información Territorial,IGN
2019,3631,2019-05-12,Domingo,,18:45:00,,0.0,2,"Pickup/Utilitario,Moto/Ciclomotor",Av. Uriburu Y Necochea,2,1,0,0,1,0,0,"-32.990204104547,-60.634546392669",Avenida,,ROSARIO,Rosario,Asfalto,No existe,II,Dentro,Urbana,Ninguna,No existe,Intersección,Bueno,Buena,Diurna,Buen Tiempo,Lateral,S/D,Colisión,Ninguna,Faltante,Ninguna,Sin restricción,"-32.990204104547,-60.634546392669","['Uriburu', 'Necochea']",2,,-32.990204104547,-60.634546392669,55.0,538.0,Municipio Rosario,Municipio,Rosario,820210,Servicio de Catastro e Información Territorial,IGN
2019,3632,2019-05-06,Lunes,,08:50:00,,0.0,2,"Bicicleta,Automóvil",Dr.Maradona Bis 700,2,1,0,0,1,0,0,"-32.92121887207031,-60.751141011714",Calle,,ROSARIO,Rosario,Asfalto,No existe,II,Dentro,Urbana,Ninguna,No existe,Recta,Bueno,Buena,Diurna,Buen Tiempo,S/D,Ciclista,Atropello,Ninguna,Faltante,Ninguna,Sin restricción,"-32.92121887207031,-60.751141011714",['Dr Maradona Bis 700'],1,,-32.92121887207031,-60.751141011714,55.0,538.0,Municipio Rosario,Municipio,Rosario,820210,Servicio de Catastro e Información Territorial,IGN