anio_acci,nro_acci,fecha,desc_dia,fecha_aprox,hora_aprox,desc_ruta,km,cant_participantes,desc_participante,calle_avenida_km,total,heridos_leves,heridos_graves,heridos_gravisimos,ilesos,fallecidos,sin_datos,posicion_XY,desc_tipo_via,desc_ruta_ori,desc_loc,desc_dpto,desc_tipo_calzada,desc_tipo_banquina,desc_unidad_regional,desc_lugar_calzada,desc_zona,desc_prioridad,desc_estado_semaforo,desc_lugar_via,desc_estado_via,desc_estado_visibilidad,desc_luminosidad,desc_estado_clima,desc_tipo_colision,desc_tipo_atropello,desc_tipo_hecho,desc_pres_calzada,desc_senializacion,desc_separacion_via,desc_restriccion,forma_geocod,calle_lista,numero_calles,calles_osm,lat,lon,index_right,gid,fna,gna,nam,in1,fdc,sag
2019,3634,2019-05-20,Lunes,,20:35:00,,0.0,2,"Bicicleta,Moto/Ciclomotor",Ayacucho 4600,2,1,0,0,1,0,0,"-32.990430933505,-60.63699543869",Calle,,ROSARIO,Rosario,Asfalto,No existe,II,Dentro,Urbana,Semáforo,Funciona,Intersección,Bueno,Buena,"Nocturna,Con luz artificial",Buen Tiempo,S/D,Ciclista,Atropello,Ninguna,Vertical,Cordón divisorio,Sin restricción,"-32.990430933505,-60.63699543869",['Ayacucho 4600'],1,,-32.990430933505,-60.63699543869,55.0,538.0,Municipio Rosario,Municipio,Rosario,820210,Servicio de Catastro e Información Territorial,IGN
2019,3635,2019-05-17,Viernes,,17:00:00,,0.0,2,"Moto/Ciclomotor,Automóvil",Av. Genova Y Av. Ing.Acevedo,2,1,0,0,1,0,0,"-32.916952833686,-60.749071374921",Calle,,ROSARIO,Rosario,Asfalto,No existe,II,Dentro,Urbana,Ninguna,No existe,Intersección,Bueno,Buena,Diurna,Buen Tiempo,Lateral,S/D,Colisión,Ninguna,Faltante,Ninguna,Sin restricción,"-32.916952833686,-60.749071374921","['Genova', 'Acevedo']",2,,-32.916952833686,-60.749071374921,55.0,538.0,Municipio Rosario,Municipio,Rosario,820210,Servicio de Catastro e Información Territorial,IGN
2019,3636,2019-05-22,Miercoles,,13:20:00,,0.0,2,"Moto/Ciclomotor,Automóvil",Av. Arijon 400,3,2,0,0,1,0,0,"-33.002681151937,-60.637918004156",Avenida,,ROSARIO,Rosario,Asfalto,No existe,II,Dentro,Urbana,Semáforo,Funciona,Intersección,Bueno,Buena,Diurna,Buen Tiempo,Lateral,S/D,Colisión,Ninguna,"Horizontal,Vertical",Línea divisoria pintada,Sin restricción,"-33.002681151937,-60.637918004156",['Arijon 400'],1,,-33.002681151937,-60.637918004156,55.0,538.0,Municipio Rosario,Municipio,Rosario,820210,Servicio de Catastro e Información Territorial,IGN
2019,3637,2019-05-16,Jueves,,12:30:00,,0.0,1,Moto/Ciclomotor,Garibaldi Y Paraguay,2,1,0,0,1,0,0,"-32.984955397029,-60.653683882084",Calle,,ROSARIO,Rosario,Asfalto,No existe,II,Dentro,Urbana,Ninguna,No existe,Intersección,Bueno,Buena,Diurna,Buen Tiempo,Lateral,S/D,Colisión,Ninguna,Faltante,Ninguna,Sin restricción,"-32.984955397029,-60.653683882084","['José Garibaldi', 'Paraguay']",2,,-32.984955397029,-60.653683882084,55.0,538.0,Municipio Rosario,Municipio,Rosario,820210,Servicio de Catastro e Información Territorial,IGN
2019,3639,2019-05-20,Lunes,,16:10:00,,0.0,2,"Peatón,Transporte de Pasajeros Urbano (> 8 asientos)",Pje. Peatonal ,2,1,0,0,1,0,0,"-32.998854020469,-60.668196727234",Calle,,ROSARIO,Rosario,Asfalto,No existe,II,Dentro,Urbana,Ninguna,No existe,Intersección,Bueno,Buena,Diurna,Buen Tiempo,S/D,Peatón,Atropello,Ninguna,Faltante,Ninguna,Sin restricción,"-32.998854020469,-60.668196727234",['Pasaje Peatonal'],1,,-32.998854020469,-60.668196727234,55.0,538.0,Municipio Rosario,Municipio,Rosario,820210,Servicio de Catastro e Información Territorial,IGN
2019,3640,2019-05-16,Jueves,,17:15:00,,0.0,2,"Moto/Ciclomotor,Peatón",Av. Genova Y Gonzalez del Solar Bis,2,1,0,0,1,0,0,"-32.916643486042,-60.737469444652",Calle,,ROSARIO,Rosario,Asfalto,No existe,II,Dentro,Urbana,Ninguna,No existe,Recta,Bueno,Buena,Diurna,Buen Tiempo,S/D,Peatón,Atropello,Ninguna,Faltante,Ninguna,Sin restricción,"-32.916643486042,-60.737469444652","['Genova', 'González del Solar']",2,,-32.916643486042,-60.737469444652,55.0,538.0,Municipio Rosario,Municipio,Rosario,820210,Servicio de Catastro e Información Territorial,IGN
2019,3641,2019-05-16,Jueves,,22:00:00,,0.0,1,Moto/Ciclomotor,JUNIN  Y JUAN PABLO II,2,2,0,0,0,0,0,"-32.927497923374176,-60.72278738021",Calle,,ROSARIO,Rosario,Asfalto,No existe,II,Dentro,Urbana,Ninguna,No existe,Intersección,Bueno,Buena,Nocturna,Buen Tiempo,S/D,S/D,Caída ocupante,Ninguna,Faltante,Ninguna,Sin restricción,"-32.927497923374176,-60.72278738021","['Junín', 'Juan Pablo II']",2,,-32.927497923374176,-60.72278738021,55.0,538.0,Municipio Rosario,Municipio,Rosario,820210,Servicio de Catastro e Información Territorial,IGN
2019,3642,2019-05-11,Sabado,,18:00:00,,0.0,2,"Peatón,Transporte de Pasajeros Urbano (> 8 asientos)",Entre Rios 5440,2,1,0,0,1,0,0,"-33.000375897461,-60.651913755543",Calle,,ROSARIO,Rosario,Asfalto,No existe,II,Dentro,Urbana,Ninguna,No existe,Recta,Bueno,Buena,Diurna,Buen Tiempo,S/D,Peatón,Atropello,Ninguna,Faltante,Ninguna,Sin restricción,"-33.000375897461,-60.651913755543",['Entre Rios 5440'],1,,-33.000375897461,-60.651913755543,55.0,538.0,Municipio Rosario,Municipio,Rosario,820210,Servicio de Catastro e Información Territorial,IGN
2019,3643,2019-05-22,Miercoles,,14:00:00,,0.0,2,"Moto/Ciclomotor,Peatón",Av. Provincias Unidas Bis Y F.M.Esquiu,2,2,0,0,0,0,0,"-32.923123240470886,-60.71335405111",Avenida,,ROSARIO,Rosario,Asfalto,No existe,II,Dentro,Urbana,Ninguna,No existe,Intersección,Bueno,Buena,Diurna,Buen Tiempo,S/D,Peatón,Atropello,Ninguna,Faltante,Cordón divisorio,Sin restricción,"-32.923123240470886,-60.71335405111","['Avenida Provincias Unidas', 'Esquiú']",2,,-32.923123240470886,-60.71335405111,55.0,538.0,Municipio Rosario,Municipio,Rosario,820210,Servicio de Catastro e Información Territorial,IGN
2019,3647,2019-05-20,Lunes,,17:00:00,,0.0,2,"Moto/Ciclomotor,Automóvil",Benegas Y Juez Zuviria,4,2,0,0,2,0,0,"-32.930826544761665,-60.72855144739",Calle,,ROSARIO,Rosario,Asfalto,No existe,II,Dentro,Urbana,Ninguna,No existe,Intersección,Bueno,Buena,Diurna,Buen Tiempo,S/D,S/D,Colisión,Ninguna,Faltante,Ninguna,Sin restricción,"-32.930826544761665,-60.72855144739","['Benegas', 'Zuviria']",2,,-32.930826544761665,-60.72855144739,55.0,538.0,Municipio Rosario,Municipio,Rosario,820210,Servicio de Catastro e Información Territorial,IGN
2019,3657,2019-03-16,Sabado,,13:15:00,,0.0,2,"Automóvil,Moto/Ciclomotor",Cafferata Y Saavedra,2,1,0,0,1,0,0,"-32.97209, -60.67889",Calle,,ROSARIO,Rosario,Asfalto,No existe,II,S/D,Urbana,S/D,S/D,Intersección,S/D,S/D,Diurna,S/D,S/D,S/D,Colisión,S/D,S/D,S/D,S/D,"-32.97209, -60.67889","['Cafferata', 'Saavedra']",2,,-32.97209,-60.67889,55.0,538.0,Municipio Rosario,Municipio,Rosario,820210,Servicio de Catastro e Información Territorial,IGN
2019,3658,2019-03-17,Domingo,,19:50:00,,0.0,1,Moto/Ciclomotor,Madre Cabrini 2500,1,1,0,0,0,0,0,"-33.00562, -60.66902",Calle,,ROSARIO,Rosario,Asfalto,No existe,II,Dentro,Urbana,S/D,S/D,Recta,S/D,S/D,Atardecer,S/D,S/D,S/D,Despiste,S/D,S/D,S/D,S/D,"-33.00562, -60.66902",['Madre Cabrini 2500'],1,,-33.00562,-60.66902,55.0,538.0,Municipio Rosario,Municipio,Rosario,820210,Servicio de Catastro e Información Territorial,IGN
2019,3666,2019-05-18,Sabado,,17:00:00,,0.0,2,"Moto/Ciclomotor,Vehículo Oficial",Amenabar Y Laprida,2,1,0,0,1,0,0,"-32.972886248306,-60.64072776133",Calle,,ROSARIO,Rosario,Asfalto,No existe,II,Dentro,Urbana,Ninguna,No existe,Intersección,Bueno,Buena,Diurna,Buen Tiempo,Lateral,S/D,Colisión,Ninguna,Faltante,Ninguna,Sin restricción,"-32.972886248306,-60.64072776133","['Amenabar', 'Laprida']",2,,-32.972886248306,-60.64072776133,55.0,538.0,Municipio Rosario,Municipio,Rosario,820210,Servicio de Catastro e Información Territorial,IGN
2019,3667,2019-05-15,Miercoles,,13:10:00,,0.0,2,"Moto/Ciclomotor,Automóvil",Colon Y Dean Funes,2,1,0,0,1,0,0,"-32.977885381561,-60.632880051453",Calle,,ROSARIO,Rosario,Asfalto,No existe,II,Dentro,Urbana,Ninguna,No existe,Intersección,Bueno,Buena,Diurna,Buen Tiempo,Lateral,S/D,Colisión,Ninguna,Faltante,Ninguna,Sin restricción,"-32.977885381561,-60.632880051453","['Colon', 'Deán Gregorio Funes']",2,,-32.977885381561,-60.632880051453,55.0,538.0,Municipio Rosario,Municipio,Rosario,820210,Servicio de Catastro e Información Territorial,IGN
2019,3669,2019-05-15,Miercoles,,23:30:00,,0.0,2,"Automóvil,Moto/Ciclomotor",Bv. Oroño Y Pte.Quintana,2,1,0,0,1,0,0,"-32.979776759567,-60.662508428662",Avenida,,ROSARIO,Rosario,Asfalto,No existe,II,Dentro,Urbana,Semáforo,No funciona,Intersección,Bueno,Buena,"Nocturna,Con luz artificial",Buen Tiempo,S/D,S/D,Colisión,Ninguna,"Horizontal,Vertical","Cordón divisorio,Línea divisoria pintada",Sin restricción,"-32.979776759567,-60.662508428662","['Bulevar Nicasio Oroño', 'Quintana']",2,,-32.979776759567,-60.662508428662,55.0,538.0,Municipio Rosario,Municipio,Rosario,820210,Servicio de Catastro e Información Territorial,IGN
2019,3670,2019-05-14,Martes,,17:45:00,,0.0,2,"Moto/Ciclomotor,Automóvil",Hilarion de la Quintana Y San Martin,2,1,0,0,1,0,0,"-33.000914254457,-60.648820847629",Avenida,,ROSARIO,Rosario,Asfalto,No existe,II,Dentro,Urbana,Paso Peatonal,No existe,Intersección,Bueno,Buena,Diurna,Buen Tiempo,S/D,S/D,Colisión,Ninguna,"Horizontal,Vertical","Cordón divisorio,Vegetación,Línea divisoria pintada",Sin restricción,"-33.000914254457,-60.648820847629","['Hilarión de la Quintana', 'San Martin']",2,,-33.000914254457,-60.648820847629,55.0,538.0,Municipio Rosario,Municipio,Rosario,820210,Servicio de Catastro e Información Territorial,IGN
2019,3672,2019-05-13,Lunes,,15:25:00,,0.0,2,"Vehículo Oficial,Automóvil",Benito Juarez Y Sarmiento,4,4,0,0,0,0,0,"-32.992916137076,-60.649323391353",Calle,,ROSARIO,Rosario,Asfalto,No existe,II,Dentro,Urbana,Ninguna,No existe,Intersección,Deteriorada,Buena,Diurna,Buen Tiempo,Lateral,S/D,Colisión,Ninguna,Faltante,Ninguna,Sin restricción,"-32.992916137076,-60.649323391353","['Benito Juárez', 'Sarmiento']",2,,-32.992916137076,-60.649323391353,55.0,538.0,Municipio Rosario,Municipio,Rosario,820210,Servicio de Catastro e Información Territorial,IGN
2019,3674,2019-05-10,Viernes,,18:20:00,,0.0,2,"Moto/Ciclomotor,Pickup/Utilitario",24 De Setiembre Y Entre Rios,2,1,0,0,1,0,0,"-32.979716971444,-60.649465002705",Calle,,ROSARIO,Rosario,Asfalto,No existe,II,Dentro,Urbana,Ninguna,No existe,Intersección,Bueno,Buena,Diurna,Buen Tiempo,Lateral,S/D,Colisión,Ninguna,Faltante,Ninguna,Sin restricción,"-32.979716971444,-60.649465002705","['24 de Septiembre', 'Entre Ríos']",2,,-32.979716971444,-60.649465002705,55.0,538.0,Municipio Rosario,Municipio,Rosario,820210,Servicio de Catastro e Información Territorial,IGN
2019,3676,2019-05-10,Viernes,,07:00:00,,0.0,2,"Bicicleta,Automóvil",Ayacucho Y Reg.11 de Infanteria,2,1,0,0,1,0,0,"-32.998413033264,-60.636532123609",Calle,,ROSARIO,Rosario,Asfalto,No existe,II,Dentro,Urbana,Señal Pare,No existe,Intersección,Bueno,Buena,Diurna,Buen Tiempo,S/D,Ciclista,Atropello,Ninguna,"Horizontal,Vertical",Línea divisoria pintada,Sin restricción,"-32.998413033264,-60.636532123609","['Ayacucho', 'Regimiento 11']",2,,-32.998413033264,-60.636532123609,55.0,538.0,Municipio Rosario,Municipio,Rosario,820210,Servicio de Catastro e Información Territorial,IGN
2019,3677,2019-05-06,Lunes,,09:45:00,,0.0,2,"Pickup/Utilitario,Pickup/Utilitario",1 de Mayo Y Bv. Segui,2,1,0,0,1,0,0,"-32.980476824515,-60.637861837136",Calle,,ROSARIO,Rosario,Asfalto,No existe,II,Dentro,Urbana,Ninguna,No existe,Intersección,Bueno,Buena,Diurna,Buen Tiempo,De alcance,S/D,Colisión,Ninguna,Faltante,Ninguna,Sin restricción,"-32.980476824515,-60.637861837136","['Primero de Mayo', 'Bulevar Juan Francisco Seguí']",2,,-32.980476824515,-60.637861837136,55.0,538.0,Municipio Rosario,Municipio,Rosario,820210,Servicio de Catastro e Información Territorial,IGN
2019,3679,2019-05-04,Sabado,,21:45:00,,0.0,2,"Pickup/Utilitario,Moto/Ciclomotor",Av. Corrientes 3962,2,1,0,0,1,0,0,"-32.982480203636,-60.651618288444",Avenida,,ROSARIO,Rosario,Asfalto,No existe,II,Dentro,Urbana,Ninguna,No existe,Intersección,Bueno,Buena,Nocturna,Buen Tiempo,Lateral,S/D,Colisión,Ninguna,Faltante,Ninguna,Sin restricción,"-32.982480203636,-60.651618288444",['Corrientes 3962'],1,,-32.982480203636,-60.651618288444,55.0,538.0,Municipio Rosario,Municipio,Rosario,820210,Servicio de Catastro e Información Territorial,IGN
2019,3682,2019-05-09,Jueves,,14:10:00,,0.0,2,"Moto/Ciclomotor,Moto/Ciclomotor",Centeno Y Entre Rios,2,1,0,0,1,0,0,"-32.984305170188,-60.650619144053",Calle,,ROSARIO,Rosario,Asfalto,No existe,II,Dentro,Urbana,Ninguna,No existe,Intersección,Bueno,Buena,Diurna,Buen Tiempo,Lateral,S/D,Colisión,Ninguna,Faltante,Ninguna,Sin restricción,"-32.984305170188,-60.650619144053","['Centeno', 'Entre Ríos']",2,,-32.984305170188,-60.650619144053,55.0,538.0,Municipio Rosario,Municipio,Rosario,820210,Servicio de Catastro e Información Territorial,IGN
2019,3683,2019-05-08,Miercoles,,20:00:00,,0.0,2,"Moto/Ciclomotor,Automóvil",Bv. Oroño Y Saavedra,2,1,0,0,1,0,0,"-32.975241657422,-60.661104779136",Calle,,ROSARIO,Rosario,Asfalto,No existe,II,Dentro,Urbana,Semáforo,Funciona,Intersección,Bueno,Buena,"Nocturna,Con luz artificial",Buen Tiempo,S/D,S/D,Colisión,Ninguna,"Horizontal,Vertical","Cordón divisorio,Vegetación,Línea divisoria pintada",Sin restricción,"-32.975241657422,-60.661104779136","['Bulevar Nicasio Oroño', 'Saavedra']",2,,-32.975241657422,-60.661104779136,55.0,538.0,Municipio Rosario,Municipio,Rosario,820210,Servicio de Catastro e Información Territorial,IGN
2019,3684,2019-05-08,Miercoles,,14:40:00,,0.0,2,"Automóvil,Moto/Ciclomotor",Benito Juarez Y Italia,3,2,0,0,1,0,0,"-32.993226042652,-60.659454497478",Calle,,ROSARIO,Rosario,Asfalto,No existe,II,Dentro,Urbana,Ninguna,No existe,Intersección,Bueno,Buena,Diurna,Buen Tiempo,De alcance,S/D,Colisión,Ninguna,Faltante,Ninguna,Sin restricción,"-32.993226042652,-60.659454497478","['Benito Juárez', 'Italia']",2,,-32.993226042652,-60.659454497478,55.0,538.0,Municipio Rosario,Municipio,Rosario,820210,Servicio de Catastro e Información Territorial,IGN
2019,3686,2019-05-06,Lunes,,10:50:00,,0.0,2,"Moto/Ciclomotor,Automóvil",Esteban de Luca Y Sarmiento,3,2,0,0,1,0,0,"-32.99493141638,-60.649238215739",Calle,,ROSARIO,Rosario,Asfalto,No existe,II,Dentro,Urbana,Ninguna,No existe,Intersección,Bueno,Buena,Diurna,Buen Tiempo,Lateral,S/D,Colisión,Ninguna,Horizontal,Ninguna,Sin restricción,"-32.99493141638,-60.649238215739","['Esteban de Luca', 'Sarmiento']",2,,-32.99493141638,-60.649238215739,55.0,538.0,Municipio Rosario,Municipio,Rosario,820210,Servicio de Catastro e Información Territorial,IGN
2019,3688,2019-05-09,Jueves,,18:25:00,,0.0,2,"Automóvil,Moto/Ciclomotor",Buenos Aires Y Saavedra,2,1,0,0,1,0,0,"-32.97889940624,-60.640621312156",Calle,,ROSARIO,Rosario,Asfalto,No existe,II,Dentro,Urbana,Ninguna,No existe,Intersección,Bueno,Buena,Atardecer,Buen Tiempo,S/D,S/D,Colisión,Ninguna,Faltante,Ninguna,Sin restricción,"-32.97889940624,-60.640621312156","['Buenos Aires', 'Saavedra']",2,,-32.97889940624,-60.640621312156,55.0,538.0,Municipio Rosario,Municipio,Rosario,820210,Servicio de Catastro e Información Territorial,IGN
2019,3689,2019-05-01,Miercoles,,05:20:00,,0.0,2,"Moto/Ciclomotor,Automóvil",Av. Bermudez Y Av. Ntra.Sra.del Rosario,2,1,0,0,1,0,0,"-32.999667405873,-60.642693333914",Avenida,,ROSARIO,Rosario,Asfalto,No existe,II,Dentro,Urbana,Semáforo,Intermitente,Intersección,Bueno,Buena,Amanecer,Buen Tiempo,De alcance,S/D,Colisión,Ninguna,Vertical,Ninguna,Sin restricción,"-32.999667405873,-60.642693333914","['Bermudez', 'Nuestra Señora del Rosario']",2,,-32.999667405873,-60.642693333914,55.0,538.0,Municipio Rosario,Municipio,Rosario,820210,Servicio de Catastro e Información Territorial,IGN
2019,3690,2019-05-07,Martes,,18:30:00,,0.0,2,"Moto/Ciclomotor,Peatón",Ayacucho Y Reg.11 de Infanteria,2,2,0,0,0,0,0,"-32.998413033264,-60.636532123609",Calle,,ROSARIO,Rosario,Asfalto,No existe,II,Dentro,Urbana,Señal Pare,No existe,Intersección,Bueno,Buena,Diurna,Buen Tiempo,S/D,Peatón,Atropello,Ninguna,"Horizontal,Vertical",Línea divisoria pintada,Sin restricción,"-32.998413033264,-60.636532123609","['Ayacucho', 'Regimiento 11']",2,,-32.998413033264,-60.636532123609,55.0,538.0,Municipio Rosario,Municipio,Rosario,820210,Servicio de Catastro e Información Territorial,IGN
2019,3691,2019-05-01,Miercoles,,14:00:00,,0.0,2,"Moto/Ciclomotor,Automóvil",Av. Corrientes Y Garibaldi,3,2,0,0,1,0,0,"-32.985202640989,-60.652302606035",Avenida,,ROSARIO,Rosario,Asfalto,No existe,II,Dentro,Urbana,Señal Pare,No existe,Intersección,Bueno,Buena,Diurna,Buen Tiempo,Lateral,S/D,Colisión,Ninguna,Vertical,Ninguna,Sin restricción,"-32.985202640989,-60.652302606035","['Corrientes', 'José Garibaldi']",2,,-32.985202640989,-60.652302606035,55.0,538.0,Municipio Rosario,Municipio,Rosario,820210,Servicio de Catastro e Información Territorial,IGN
2019,3692,2019-05-25,Sabado,,22:10:00,,0.0,2,"Pickup/Utilitario,Moto/Ciclomotor",Ayacucho Y Calle 529,2,1,0,0,1,0,0,"-33.011789974533,-60.635733974584",Avenida,,ROSARIO,Rosario,Asfalto,No existe,II,Dentro,Urbana,Ninguna,No existe,Intersección,Bueno,Buena,Nocturna,Buen Tiempo,Lateral,S/D,Colisión,Ninguna,Faltante,Ninguna,Sin restricción,"-33.011789974533,-60.635733974584","['Ayacucho', 'Calle 529']",2,,-33.011789974533,-60.635733974584,55.0,538.0,Municipio Rosario,Municipio,Rosario,820210,Servicio de Catastro e Información Territorial,IGN
2019,3693,2019-05-10,Viernes,,09:30:00,,0.0,1,Moto/Ciclomotor,1 de Mayo Y Gaboto,1,1,0,0,0,0,0,"-32.974849856815,-60.636447001076",Calle,,ROSARIO,Rosario,Asfalto,No existe,II,Dentro,Urbana,Ninguna,No existe,Intersección,Bueno,Buena,Diurna,Buen Tiempo,S/D,S/D,Caída ocupante,Ninguna,Horizontal,Ninguna,Sin restricción,"-32.974849856815,-60.636447001076","['Primero de Mayo', 'Gaboto']",2,,-32.974849856815,-60.636447001076,55.0,538.0,Municipio Rosario,Municipio,Rosario,820210,Servicio de Catastro e Información Territorial,IGN
2019,3694,2019-05-10,Viernes,,18:40:00,,0.0,2,"Moto/Ciclomotor,Automóvil",Bv. Segui Y Necochea,2,1,0,0,1,0,0,"-32.981566836245,-60.632384144275",Avenida,,ROSARIO,Rosario,Asfalto,No existe,II,Dentro,Urbana,Ninguna,No existe,Intersección,Bueno,Buena,Diurna,Buen Tiempo,S/D,S/D,Colisión,Ninguna,Faltante,Ninguna,Sin restricción,"-32.981566836245,-60.632384144275","['Bulevar Juan Francisco Seguí', 'Necochea']",2,,-32.981566836245,-60.632384144275,55.0,538.0,Municipio Rosario,Municipio,Rosario,820210,Servicio de Catastro e Información Territorial,IGN
2019,3783,2019-06-18,Martes,,22:15:00,,0.0,2,"Automóvil,Automóvil",Uruguay 1200,2,1,0,0,1,0,0,"-32.97653, -60.64721",Calle,,ROSARIO,Rosario,Asfalto,No existe,II,Dentro,Urbana,S/D,No existe,Intersección,Bueno,Buena,Nocturna,Buen Tiempo,S/D,S/D,Colisión,Ninguna,Faltante,Ninguna,Sin restricción,"-32.97653, -60.64721",['Uruguay 1200'],1,,-32.97653,-60.64721,55.0,538.0,Municipio Rosario,Municipio,Rosario,820210,Servicio de Catastro e Información Territorial,IGN
2019,3784,2019-06-18,Martes,,10:00:00,,0.0,2,"Bicicleta,Taxi/Remis",Saavedra Y Italia,2,1,0,0,1,0,0,"-32.97621, -60.6558",Calle,,ROSARIO,Rosario,Asfalto,No existe,II,Dentro,Urbana,S/D,No existe,Intersección,Bueno,Buena,Diurna,Buen Tiempo,S/D,Ciclista,Atropello,Ninguna,Faltante,Ninguna,Sin restricción,"-32.97621, -60.6558","['Saavedra', 'Italia']",2,,-32.97621,-60.6558,55.0,538.0,Municipio Rosario,Municipio,Rosario,820210,Servicio de Catastro e Información Territorial,IGN
2019,3785,2019-06-18,Martes,,19:45:00,,0.0,2,"Bicicleta,Automóvil",Av. Eva Peron Y Gutenberg,2,1,0,0,1,0,0,"-32.93761, -60.68729",Avenida,,ROSARIO,Rosario,Asfalto,No existe,II,S/D,Urbana,Semáforo,Funciona,Intersección,Bueno,Buena,Nocturna,Buen Tiempo,S/D,Ciclista,Atropello,S/D,Faltante,Ninguna,Sin restricción,"-32.93761, -60.68729","['Avenida Eva Perón', 'Gutenberg']",2,,-32.93761,-60.68729,55.0,538.0,Municipio Rosario,Municipio,Rosario,820210,Servicio de Catastro e Información Territorial,IGN
2019,3797,2019-06-18,Martes,,15:30:00,,0.0,2,"Moto/Ciclomotor,Automóvil",Av. Arijon 1700,2,1,0,0,1,0,0,"-33.0033, -60.65765",Calle,,ROSARIO,Rosario,Asfalto,Pavimento,II,Dentro,Urbana,Ninguna,No existe,Recta,Bueno,Buena,Diurna,Buen Tiempo,Lateral,S/D,Colisión,Ninguna,S/D,Línea divisoria pintada,Sin restricción,"-33.0033, -60.65765",['Arijon 1700'],1,,-33.0033,-60.65765,55.0,538.0,Municipio Rosario,Municipio,Rosario,820210,Servicio de Catastro e Información Territorial,IGN
2019,3819,2019-05-24,Viernes,,16:30:00,,0.0,2,"Moto/Ciclomotor,Automóvil",Av. Francia Y Virasoro,2,1,0,0,1,0,0,"-32.965030, -60.671339",Avenida,,ROSARIO,Rosario,Asfalto,No existe,II,Dentro,Urbana,Ninguna,No existe,Intersección,Bueno,Buena,Diurna,Buen Tiempo,Lateral,S/D,Colisión,Ninguna,Faltante,Cordón divisorio,Sin restricción,"-32.965030, -60.671339","['Avenida Francia', 'Virasoro']",2,,-32.96503,-60.671339,55.0,538.0,Municipio Rosario,Municipio,Rosario,820210,Servicio de Catastro e Información Territorial,IGN
2019,3820,2019-05-05,Domingo,,14:45:00,,0.0,1,Moto/Ciclomotor,Bv. 27 De Febrero Y Dr.G.Colombres,3,3,0,0,0,0,0,"-32.959785, -60.725073",Avenida,,ROSARIO,Rosario,Asfalto,No existe,II,Dentro,Urbana,Ninguna,No existe,Intersección,Bueno,Buena,Diurna,Buen Tiempo,Atropello animal,S/D,Colisión,Ninguna,Faltante,Ninguna,Sin restricción,"-32.959785, -60.725073","['27 de Febrero', 'Doctor G. Colombres']",2,,-32.959785,-60.725073,55.0,538.0,Municipio Rosario,Municipio,Rosario,820210,Servicio de Catastro e Información Territorial,IGN
2019,3821,2019-05-04,Sabado,,20:45:00,,0.0,2,"Moto/Ciclomotor,Taxi/Remis",Bv. Segui Y Pje. Espinillo,2,0,1,0,1,0,0,"-32.970682, -60.699117",Avenida,,ROSARIO,Rosario,Asfalto,No existe,II,Dentro,Urbana,Semáforo,Funciona,Intersección,Bueno,Buena,Nocturna,Buen Tiempo,Lateral,S/D,Colisión,Ninguna,Vertical,Cordón divisorio,Sin restricción,"-32.970682, -60.699117","['Bulevar Juan Francisco Seguí', 'Espinillo']",2,,-32.970682,-60.699117,55.0,538.0,Municipio Rosario,Municipio,Rosario,820210,Servicio de Catastro e Información Territorial,IGN
2019,3822,2019-05-08,Miercoles,,19:15:00,,0.0,2,"Automóvil,Pickup/Utilitario",Bv. 27 De Febrero Y Brasil,5,1,0,0,4,0,0,"-32.959527, -60.718785",Avenida,,ROSARIO,Rosario,Asfalto,No existe,II,Dentro,Urbana,Ninguna,No existe,Intersección,Bueno,Buena,Atardecer,Buen Tiempo,Lateral,S/D,Colisión,Ninguna,Faltante,Cordón divisorio,Sin restricción,"-32.959527, -60.718785","['27 de Febrero', 'Brasil']",2,,-32.959527,-60.718785,55.0,538.0,Municipio Rosario,Municipio,Rosario,820210,Servicio de Catastro e Información Territorial,IGN