anio_acci,nro_acci,fecha,desc_dia,fecha_aprox,hora_aprox,desc_ruta,km,cant_participantes,desc_participante,calle_avenida_km,total,heridos_leves,heridos_graves,heridos_gravisimos,ilesos,fallecidos,sin_datos,posicion_XY,desc_tipo_via,desc_ruta_ori,desc_loc,desc_dpto,desc_tipo_calzada,desc_tipo_banquina,desc_unidad_regional,desc_lugar_calzada,desc_zona,desc_prioridad,desc_estado_semaforo,desc_lugar_via,desc_estado_via,desc_estado_visibilidad,desc_luminosidad,desc_estado_clima,desc_tipo_colision,desc_tipo_atropello,desc_tipo_hecho,desc_pres_calzada,desc_senializacion,desc_separacion_via,desc_restriccion,forma_geocod,calle_lista,numero_calles,calles_osm,lat,lon,index_right,gid,fna,gna,nam,in1,fdc,sag
2019,3823,2019-05-04,Sabado,,19:50:00,,0.0,2,"Moto/Ciclomotor,Automóvil",Garibaldi Y Matienzo,2,1,0,0,0,0,1,"-32.978853, -60.687728",Calle,,ROSARIO,Rosario,Asfalto,No existe,II,Dentro,Urbana,Ninguna,No existe,Intersección,Con baches,Buena,Atardecer,Buen Tiempo,Lateral,S/D,Colisión,Ninguna,Faltante,Ninguna,Sin restricción,"-32.978853, -60.687728","['José Garibaldi', 'Matienzo']",2,,-32.978853,-60.687728,55.0,538.0,Municipio Rosario,Municipio,Rosario,820210,Servicio de Catastro e Información Territorial,IGN
2019,3824,2019-03-18,Lunes,,08:35:00,,0.0,2,"Automóvil,Taxi/Remis",Av. Jorge Cura Y Pueyrredon,2,2,0,0,0,0,0,"-32.9705, -60.66429",Avenida,,ROSARIO,Rosario,Asfalto,S/D,II,Dentro,Urbana,S/D,S/D,Intersección,S/D,S/D,Diurna,S/D,S/D,S/D,Colisión,S/D,S/D,S/D,S/D,"-32.9705, -60.66429","['Avenida Jorge Cura', 'Pueyrredón']",2,,-32.9705,-60.66429,55.0,538.0,Municipio Rosario,Municipio,Rosario,820210,Servicio de Catastro e Información Territorial,IGN
2019,3825,2019-03-19,Martes,,14:10:00,,0.0,2,"Pickup/Utilitario,Automóvil",Av. Uriburu ,2,2,0,0,0,0,0,"-32.99084, -60.65269",Avenida,,ROSARIO,Rosario,Asfalto,No existe,II,Dentro,Urbana,S/D,S/D,Intersección,S/D,Reducida,Diurna,Lluvia,S/D,S/D,Colisión,Agua,S/D,Cordón divisorio,S/D,"-32.99084, -60.65269",['Uriburu'],1,,-32.99084,-60.65269,55.0,538.0,Municipio Rosario,Municipio,Rosario,820210,Servicio de Catastro e Información Territorial,IGN
2019,3826,2019-03-20,Miercoles,,08:20:00,,0.0,2,"Moto/Ciclomotor,Automóvil",Av. Ovidio Lagos Y Av. Battle y Ordoñez,3,2,0,0,0,0,1,"-33.00973, -60.67744",Calle,,ROSARIO,Rosario,Asfalto,No existe,II,S/D,Urbana,S/D,S/D,Intersección,S/D,S/D,Diurna,Buen Tiempo,S/D,S/D,Colisión,S/D,S/D,S/D,S/D,"-33.00973, -60.67744","['Avenida Ovidio Lagos', 'Avenida Battle y Ordoñez']",2,,-33.00973,-60.67744,55.0,538.0,Municipio Rosario,Municipio,Rosario,820210,Servicio de Catastro e Información Territorial,IGN
2019,3830,2019-03-21,Jueves,,08:45:00,,0.0,2,"Automóvil,Moto/Ciclomotor",Italia Y Cazadores,2,0,1,0,1,0,0,"-33.00437, -60.65911",Calle,,ROSARIO,Rosario,Asfalto,No existe,II,Dentro,Urbana,S/D,No existe,Intersección,Bueno,Buena,Diurna,Buen Tiempo,S/D,S/D,Colisión,S/D,S/D,S/D,S/D,"-33.00437, -60.65911","['Italia', 'Cazadores']",2,,-33.00437,-60.65911,55.0,538.0,Municipio Rosario,Municipio,Rosario,820210,Servicio de Catastro e Información Territorial,IGN
2019,3831,2019-05-22,Miercoles,,19:00:00,,0.0,2,"Automóvil,Moto/Ciclomotor",Av. Arijon Y Av. Ovidio Lagos,2,1,0,0,1,0,0,"-33.00386, -60.67621",Avenida,,ROSARIO,Rosario,Asfalto,No existe,II,Dentro,Urbana,S/D,Funciona,Intersección,S/D,S/D,Atardecer,S/D,S/D,S/D,Colisión,S/D,S/D,Cordón divisorio,S/D,"-33.00386, -60.67621","['Avenida Manuel Arijón', 'Avenida Ovidio Lagos']",2,,-33.00386,-60.67621,55.0,538.0,Municipio Rosario,Municipio,Rosario,820210,Servicio de Catastro e Información Territorial,IGN
2019,3855,2019-06-26,Miercoles,,16:40:00,,0.0,2,"Bicicleta,Taxi/Remis",Callao Y Anchorena,2,1,0,0,1,0,0,"    -32.99847, -60.67149",Calle,,ROSARIO,Rosario,Asfalto,Pavimento,II,Dentro,Urbana,Ninguna,No existe,Recta,Bueno,Buena,Diurna,Buen Tiempo,De alcance,Ciclista,Atropello,Ninguna,S/D,Ninguna,Sin restricción,"    -32.99847, -60.67149","['Callao', 'Anchorena']",2,,-32.99847,-60.67149,55.0,538.0,Municipio Rosario,Municipio,Rosario,820210,Servicio de Catastro e Información Territorial,IGN
2019,3856,2019-06-30,Domingo,,23:45:00,,0.0,2,"Moto/Ciclomotor,Automóvil",Vuelta De Obligado Y Blanco Encalada,2,1,0,0,1,0,0,"    -32.99408, -60.66137",Calle,,ROSARIO,Rosario,Asfalto,Pavimento,II,Dentro,Urbana,Ninguna,No existe,Recta,Bueno,S/D,Nocturna,Buen Tiempo,Lateral,S/D,Colisión,Ninguna,S/D,Ninguna,Sin restricción,"    -32.99408, -60.66137","['Vuelta de Obligado', 'Blanco Encalada']",2,,-32.99408,-60.66137,55.0,538.0,Municipio Rosario,Municipio,Rosario,820210,Servicio de Catastro e Información Territorial,IGN
2019,3858,2019-06-26,Miercoles,,18:00:00,,0.0,2,"Moto/Ciclomotor,Automóvil",Av. Ovidio Lagos Y Uruguay,2,1,0,0,1,0,0,"    -32.97267, -60.66875",Avenida,,ROSARIO,Rosario,Asfalto,Pavimento,II,Dentro,Urbana,Ninguna,No existe,Intersección,Bueno,Buena,Atardecer,Buen Tiempo,Lateral,S/D,Colisión,Ninguna,S/D,Ninguna,Sin restricción,"    -32.97267, -60.66875","['Avenida Ovidio Lagos', 'Uruguay']",2,,-32.97267,-60.66875,55.0,538.0,Municipio Rosario,Municipio,Rosario,820210,Servicio de Catastro e Información Territorial,IGN
2019,3880,2019-05-15,Miercoles,,05:35:00,,0.0,2,"Automóvil,Automóvil",Ayacucho Y J.M.Gutierrez,6,1,0,0,5,0,0,"-32.993626445531845,-60.63677430152",Calle,,ROSARIO,Rosario,Asfalto,No existe,II,Dentro,Urbana,Ninguna,No existe,Intersección,Bueno,Buena,Amanecer,Buen Tiempo,Lateral,S/D,Colisión,Ninguna,Horizontal,Ninguna,Sin restricción,"-32.993626445531845,-60.63677430152","['Ayacucho', 'Gutierrez']",2,,-32.993626445531845,-60.63677430152,55.0,538.0,Municipio Rosario,Municipio,Rosario,820210,Servicio de Catastro e Información Territorial,IGN
2019,3883,2019-05-29,Miercoles,,17:40:00,,0.0,2,"Automóvil,Bicicleta",Bv. Segui Y Cafferata,2,1,0,0,1,0,0,"-32.973103367852,-60.679187630231",Avenida,,ROSARIO,Rosario,Asfalto,No existe,II,Dentro,Urbana,Semáforo,Funciona,Intersección,Bueno,Buena,Diurna,Buen Tiempo,S/D,Ciclista,Atropello,Ninguna,"Horizontal,Vertical",Cordón divisorio,Sin restricción,"-32.973103367852,-60.679187630231","['Bulevar Juan Francisco Seguí', 'Cafferata']",2,,-32.973103367852,-60.679187630231,55.0,538.0,Municipio Rosario,Municipio,Rosario,820210,Servicio de Catastro e Información Territorial,IGN
2019,3885,2019-05-29,Miercoles,,01:00:00,,0.0,2,"Moto/Ciclomotor,Moto/Ciclomotor",Alvear Y Olegario V.Andrade,2,1,0,0,1,0,0,"-32.996421089301,-60.666527408371",Calle,,ROSARIO,Rosario,Asfalto,No existe,II,Dentro,Urbana,Ninguna,No existe,Intersección,Bueno,Buena,"Nocturna,Con luz artificial",Buen Tiempo,S/D,S/D,Colisión,Ninguna,Faltante,Ninguna,Sin restricción,"-32.996421089301,-60.666527408371","['Alvear', 'Olegario V Andrade']",2,,-32.996421089301,-60.666527408371,55.0,538.0,Municipio Rosario,Municipio,Rosario,820210,Servicio de Catastro e Información Territorial,IGN
2019,3887,2019-05-23,Jueves,,19:00:00,,0.0,2,"Moto/Ciclomotor,Automóvil",Alvear 5650,3,2,0,0,1,0,0,"-33.003016304847,-60.666240489781",Calle,,ROSARIO,Rosario,Asfalto,No existe,II,Dentro,Urbana,Ninguna,No existe,Recta,Bueno,Buena,Atardecer,Buen Tiempo,S/D,S/D,Colisión,Ninguna,Faltante,Ninguna,Sin restricción,"-33.003016304847,-60.666240489781",['Alvear 5650'],1,,-33.003016304847,-60.666240489781,55.0,538.0,Municipio Rosario,Municipio,Rosario,820210,Servicio de Catastro e Información Territorial,IGN
2019,3889,2019-05-21,Martes,,12:30:00,,0.0,2,"Automóvil,Automóvil",Cazadores Y Pje. Turin,2,1,0,0,1,0,0,"-33.004392200611,-60.661244023251",Calle,,ROSARIO,Rosario,Asfalto,No existe,II,Dentro,Urbana,Ninguna,No existe,Intersección,Bueno,Buena,Diurna,Buen Tiempo,S/D,S/D,Colisión,Ninguna,Faltante,Ninguna,Sin restricción,"-33.004392200611,-60.661244023251","['Cazadores', 'Turín']",2,,-33.004392200611,-60.661244023251,55.0,538.0,Municipio Rosario,Municipio,Rosario,820210,Servicio de Catastro e Información Territorial,IGN
2019,3891,2019-05-14,Martes,,18:20:00,,0.0,2,"Moto/Ciclomotor,Automóvil",Saavedra Y Santiago,2,0,1,0,1,0,0,"-32.974731860909,-60.663943226538",Calle,,ROSARIO,Rosario,Asfalto,No existe,II,Dentro,Urbana,Ninguna,No existe,Intersección,Bueno,Buena,Diurna,Buen Tiempo,S/D,S/D,Colisión,Ninguna,Faltante,Ninguna,Sin restricción,"-32.974731860909,-60.663943226538","['Saavedra', 'Santiago']",2,,-32.974731860909,-60.663943226538,55.0,538.0,Municipio Rosario,Municipio,Rosario,820210,Servicio de Catastro e Información Territorial,IGN
2019,3893,2019-05-09,Jueves,,08:00:00,,0.0,2,"Vehículo Oficial,Automóvil",Av. Ntra.Sra.del Rosario Y Italia,3,3,0,0,0,0,0,"-33.00038913967,-60.659231608449",Calle,,ROSARIO,Rosario,Asfalto,No existe,II,Dentro,Urbana,Ninguna,No existe,Intersección,Bueno,Buena,Diurna,Buen Tiempo,S/D,S/D,Colisión,Ninguna,Faltante,Ninguna,Sin restricción,"-33.00038913967,-60.659231608449","['Nuestra Señora del Rosario', 'Italia']",2,,-33.00038913967,-60.659231608449,55.0,538.0,Municipio Rosario,Municipio,Rosario,820210,Servicio de Catastro e Información Territorial,IGN
2019,3897,2019-05-06,Lunes,,11:10:00,,0.0,2,"Pickup/Utilitario,Moto/Ciclomotor",Av. Francia 4100,4,3,0,0,1,0,0,"-32.979878002233,-60.675320566239",Avenida,,ROSARIO,Rosario,Asfalto,No existe,II,Dentro,Urbana,Ninguna,No existe,Recta,Bueno,Buena,Diurna,Buen Tiempo,S/D,S/D,Colisión,Ninguna,Faltante,Ninguna,Sin restricción,"-32.979878002233,-60.675320566239",['Francia 4100'],1,,-32.979878002233,-60.675320566239,55.0,538.0,Municipio Rosario,Municipio,Rosario,820210,Servicio de Catastro e Información Territorial,IGN
2019,3900,2019-05-02,Jueves,,08:10:00,,0.0,2,"Moto/Ciclomotor,Camión Chasis",Av. Uriburu Y Bv. Oroño,2,0,1,0,1,0,0,"-32.991196310353,-60.665135541391",Avenida,,ROSARIO,Rosario,Asfalto,No existe,II,Dentro,Urbana,Semáforo,Funciona,Rotonda,Bueno,Buena,Diurna,Buen Tiempo,S/D,S/D,Colisión,Ninguna,"Horizontal,Vertical","Cordón divisorio,Vegetación,Línea divisoria pintada",Sin restricción,"-32.991196310353,-60.665135541391","['Uriburu', 'Bulevar Nicasio Oroño']",2,,-32.991196310353,-60.665135541391,55.0,538.0,Municipio Rosario,Municipio,Rosario,820210,Servicio de Catastro e Información Territorial,IGN
2019,3903,2019-05-30,Jueves,,13:50:00,,0.0,2,"Moto/Ciclomotor,Pickup/Utilitario",Bv. Avellaneda Y Bv. Segui,2,1,0,0,1,0,0,"-32.97165667827,-60.687244626218",Avenida,,ROSARIO,Rosario,Asfalto,No existe,II,Dentro,Urbana,Semáforo,Funciona,Intersección,Resbaladiza,Buena,Diurna,Lluvia,S/D,S/D,Colisión,Agua,"Horizontal,Vertical","Cordón divisorio,Vegetación,Línea divisoria pintada",Sin restricción,"-32.97165667827,-60.687244626218","['Avellaneda', 'Bulevar Juan Francisco Seguí']",2,,-32.97165667827,-60.687244626218,55.0,538.0,Municipio Rosario,Municipio,Rosario,820210,Servicio de Catastro e Información Territorial,IGN
2019,3905,2019-05-04,Sabado,,07:15:00,,0.0,2,"Taxi/Remis,Automóvil",Milan Y Pueyrredon,3,2,0,0,1,0,0,"-32.987104995237,-60.66850693099",Calle,,ROSARIO,Rosario,Asfalto,No existe,II,Dentro,Urbana,Ninguna,No existe,Intersección,Bueno,Buena,Amanecer,Buen Tiempo,S/D,S/D,Colisión,Ninguna,Faltante,Ninguna,Sin restricción,"-32.987104995237,-60.66850693099","['Milán', 'Pueyrredón']",2,,-32.987104995237,-60.66850693099,55.0,538.0,Municipio Rosario,Municipio,Rosario,820210,Servicio de Catastro e Información Territorial,IGN
2019,3910,2019-05-09,Jueves,,18:10:00,,0.0,3,"Taxi/Remis,Automóvil,Moto/Ciclomotor",Bv. Segui 4021,3,1,0,0,2,0,0,"-32.971835656733,-60.686247876016",Avenida,,ROSARIO,Rosario,Asfalto,No existe,II,Dentro,Urbana,Ninguna,No existe,Intersección,Bueno,Buena,Diurna,Buen Tiempo,Múltiple,S/D,Colisión,Ninguna,Faltante,Cordón divisorio,Sin restricción,"-32.971835656733,-60.686247876016",['Bulevar Juan Francisco Seguí 4021'],1,,-32.971835656733,-60.686247876016,55.0,538.0,Municipio Rosario,Municipio,Rosario,820210,Servicio de Catastro e Información Territorial,IGN
2019,3911,2019-05-10,Viernes,,16:15:00,,0.0,2,"Moto/Ciclomotor,Automóvil",Bv. Avellaneda 4320,2,1,0,0,1,0,0,"-32.980038273844,-60.68892267867",Avenida,,ROSARIO,Rosario,Asfalto,No existe,II,Dentro,Urbana,Ninguna,No existe,Recta,Bueno,Buena,Diurna,Buen Tiempo,S/D,S/D,Colisión,Ninguna,Faltante,Cordón divisorio,Sin restricción,"-32.980038273844,-60.68892267867",['Avellaneda 4320'],1,,-32.980038273844,-60.68892267867,55.0,538.0,Municipio Rosario,Municipio,Rosario,820210,Servicio de Catastro e Información Territorial,IGN
2019,3912,2019-03-20,Miercoles,,13:40:00,,0.0,2,"Bicicleta,Automóvil",Bv. 27 De Febrero Y Lima,2,1,0,0,1,0,0,"-32.95959, -60.68858",Avenida,,ROSARIO,Rosario,Asfalto,No existe,II,S/D,Urbana,Ninguna,No existe,Intersección,Bueno,Buena,Diurna,Buen Tiempo,S/D,Ciclista,Atropello,Ninguna,Faltante,Ninguna,Sin restricción,"-32.95959, -60.68858","['27 de Febrero', 'Lima']",2,,-32.95959,-60.68858,55.0,538.0,Municipio Rosario,Municipio,Rosario,820210,Servicio de Catastro e Información Territorial,IGN
2019,3913,2019-03-20,Miercoles,,12:25:00,,0.0,2,"Pickup/Utilitario,Moto/Ciclomotor",Av. Pte.Peron Y Barra,3,1,0,0,2,0,0,"-32.96518, -60.7058",Avenida,,ROSARIO,Rosario,Asfalto,No existe,II,S/D,Urbana,Ninguna,No existe,Intersección,Bueno,Buena,Diurna,Buen Tiempo,Lateral,S/D,Colisión,Ninguna,Faltante,Ninguna,Sin restricción,"-32.96518, -60.7058","['Avenida Presidente Perón', 'Barra']",2,,-32.96518,-60.7058,55.0,538.0,Municipio Rosario,Municipio,Rosario,820210,Servicio de Catastro e Información Territorial,IGN
2019,3915,2019-03-20,Miercoles,,15:30:00,,0.0,2,"Automóvil,Moto/Ciclomotor",Uruguay Y Camilo Aldao,3,1,0,0,2,0,0,"-32.96818, -60.69492",Calle,,ROSARIO,Rosario,Asfalto,No existe,II,S/D,Urbana,Ninguna,No existe,Intersección,Bueno,Buena,Diurna,Buen Tiempo,Lateral,S/D,Colisión,Ninguna,Faltante,Ninguna,Sin restricción,"-32.96818, -60.69492","['Uruguay', 'Camilo Aldao']",2,,-32.96818,-60.69492,55.0,538.0,Municipio Rosario,Municipio,Rosario,820210,Servicio de Catastro e Información Territorial,IGN
2019,3916,2019-03-21,Jueves,,07:05:00,,0.0,2,"Otros,Moto/Ciclomotor",Garibaldi 4100,2,2,0,0,0,0,0,"-32.97995, -60.68168",Calle,,ROSARIO,Rosario,hormigón,No existe,II,Dentro,Urbana,Ninguna,No existe,Recta,Bueno,Buena,Diurna,Buen Tiempo,S/D,S/D,Colisión,Ninguna,Faltante,Ninguna,Sin restricción,"-32.97995, -60.68168",['Garibaldi 4100'],1,,-32.97995,-60.68168,55.0,538.0,Municipio Rosario,Municipio,Rosario,820210,Servicio de Catastro e Información Territorial,IGN
2019,3919,2019-03-22,Viernes,,16:00:00,,0.0,2,"Pickup/Utilitario,Moto/Ciclomotor",Bv. Segui Y Roullon,3,1,0,0,2,0,0,"-32.9708, -60.70099",Avenida,,ROSARIO,Rosario,Asfalto,No existe,II,Dentro,Urbana,Semáforo,Funciona,Intersección,Bueno,Buena,Diurna,Buen Tiempo,Otro,S/D,Colisión,Ninguna,Vertical,Cordón divisorio,Sin restricción,"-32.9708, -60.70099","['Bulevar Juan Francisco Seguí', 'Alfredo Rouillón']",2,,-32.9708,-60.70099,55.0,538.0,Municipio Rosario,Municipio,Rosario,820210,Servicio de Catastro e Información Territorial,IGN
2019,3922,2019-03-23,Sabado,,21:50:00,,0.0,2,"Moto/Ciclomotor,Moto/Ciclomotor",Camilo Aldao 4200,2,1,0,0,1,0,0,"-32.9785, -60.69457",Calle,,ROSARIO,Rosario,Asfalto,No existe,II,S/D,Urbana,Ninguna,No existe,Intersección,Bueno,Buena,"Nocturna,Con luz artificial",Buen Tiempo,Lateral,S/D,Colisión,Ninguna,Faltante,Ninguna,Sin restricción,"-32.9785, -60.69457",['Camilo Aldao 4200'],1,,-32.9785,-60.69457,55.0,538.0,Municipio Rosario,Municipio,Rosario,820210,Servicio de Catastro e Información Territorial,IGN
2019,3937,2019-01-25,Viernes,,23:45:00,,0.0,1,Moto/Ciclomotor,Av. Provincias Unidas Y Av. Sorrento,2,1,0,0,0,1,0,"-32.90851,-60.71413",Calle,,ROSARIO,Rosario,Asfalto,No existe,II,Dentro,Urbana,Ninguna,No existe,Recta,Bueno,Buena,Nocturna,Buen Tiempo,Contra objeto fijo,S/D,Colisión,Ninguna,Faltante,Ninguna,Sin restricción,"-32.90851,-60.71413","['Avenida Provincias Unidas', 'Sorrento']",2,,-32.90851,-60.71413,55.0,538.0,Municipio Rosario,Municipio,Rosario,820210,Servicio de Catastro e Información Territorial,IGN
2019,3959,2019-03-19,Martes,,18:55:00,,0.0,2,"Automóvil,Moto/Ciclomotor",Av. Jorge Newbery 8100,2,1,0,0,1,0,0,"-32.90871, -60.73781",Avenida,,ROSARIO,Rosario,Asfalto,S/D,II,S/D,Urbana,S/D,S/D,Recta,S/D,S/D,S/D,S/D,S/D,S/D,Colisión,S/D,S/D,S/D,S/D,"-32.90871, -60.73781",['Jorge Newbery 8100'],1,,-32.90871,-60.73781,55.0,538.0,Municipio Rosario,Municipio,Rosario,820210,Servicio de Catastro e Información Territorial,IGN
2019,3961,2019-03-17,Domingo,,12:40:00,,0.0,2,"Automóvil,Moto/Ciclomotor",Cullen 1330,2,0,1,0,1,0,0,"-32.91261, -60.71007",Calle,,ROSARIO,Rosario,hormigón,No existe,II,Dentro,Urbana,Ninguna,No existe,Recta,Bueno,Buena,Diurna,Buen Tiempo,Otro,S/D,Colisión,Ninguna,Faltante,Ninguna,Sin restricción,"-32.91261, -60.71007",['Cullen 1330'],1,,-32.91261,-60.71007,55.0,538.0,Municipio Rosario,Municipio,Rosario,820210,Servicio de Catastro e Información Territorial,IGN
2019,3967,2019-03-23,Sabado,,21:00:00,,0.0,2,"Automóvil,Moto/Ciclomotor",Pje. Sotomayor Bis Y J.J.Paso,3,1,1,0,1,0,0,"-32.91972, -60.69523",Calle,,ROSARIO,Rosario,Asfalto,No existe,II,S/D,Urbana,Ninguna,No existe,Intersección,Bueno,Buena,Nocturna,Buen Tiempo,Lateral,S/D,Colisión,Ninguna,Faltante,Línea divisoria pintada,Sin restricción,"-32.91972, -60.69523","['Sotomayor', 'Paso']",2,,-32.91972,-60.69523,55.0,538.0,Municipio Rosario,Municipio,Rosario,820210,Servicio de Catastro e Información Territorial,IGN
2019,3971,2019-03-18,Lunes,,16:40:00,,0.0,2,"Automóvil,Moto/Ciclomotor",AV. GENOVA Y MENSAJERIAS,2,1,0,0,1,0,0,"-32.91752, -60.76841",Calle,,ROSARIO,Rosario,Asfalto,No existe,II,Dentro,Urbana,Ninguna,No existe,Intersección,Bueno,Buena,Diurna,Buen Tiempo,S/D,S/D,Colisión,Ninguna,S/D,Ninguna,Sin restricción,"-32.91752, -60.76841","['Genova', 'Mensajerías']",2,,-32.91752,-60.76841,55.0,538.0,Municipio Rosario,Municipio,Rosario,820210,Servicio de Catastro e Información Territorial,IGN
2019,3977,2019-06-19,Miercoles,,19:45:00,,0.0,3,"Moto/Ciclomotor,Automóvil,Automóvil",25 de Mayo Y Av. Ovidio Lagos,3,1,0,0,2,0,0,"-33.00695, -60.67685",Avenida,,ROSARIO,Rosario,Asfalto,Pavimento,II,Dentro,Urbana,Semáforo,Funciona,Recta,Bueno,Buena,Atardecer,Buen Tiempo,Múltiple,S/D,Colisión,Ninguna,S/D,Ninguna,Sin restricción,"-33.00695, -60.67685","['25 de Mayo', 'Avenida Ovidio Lagos']",2,,-33.00695,-60.67685,55.0,538.0,Municipio Rosario,Municipio,Rosario,820210,Servicio de Catastro e Información Territorial,IGN
2019,3993,2019-03-18,Lunes,,09:30:00,,0.0,1,Moto/Ciclomotor,Washington Y Casiano Casas,1,1,0,0,0,0,0,"-32.90346, -60.70069",Calle,,ROSARIO,Rosario,Asfalto,S/D,II,Dentro,Urbana,Ninguna,S/D,Recta,Bueno,Buena,Diurna,Buen Tiempo,Otro,S/D,Caída ocupante,Ninguna,S/D,Ninguna,Sin restricción,"-32.90346, -60.70069","['Washington', 'Avenida Casiano Casas']",2,,-32.90346,-60.70069,55.0,538.0,Municipio Rosario,Municipio,Rosario,820210,Servicio de Catastro e Información Territorial,IGN
2019,3994,2019-03-18,Lunes,,23:40:00,,0.0,2,"Moto/Ciclomotor,Peatón",Albert Sabin Y G.Carrasco,2,1,0,0,1,0,0,"-32.92026, -60.68844",Avenida,,ROSARIO,Rosario,Asfalto,No existe,II,Dentro,Urbana,Ninguna,No existe,Recta,Bueno,Buena,Nocturna,Buen Tiempo,S/D,Peatón,Atropello,Ninguna,Faltante,Ninguna,Sin restricción,"-32.92026, -60.68844","['Avenida Travesía Albert Sabin', 'Carrasco']",2,,-32.92026,-60.68844,55.0,538.0,Municipio Rosario,Municipio,Rosario,820210,Servicio de Catastro e Información Territorial,IGN
2019,3997,2019-03-18,Lunes,,08:00:00,,0.0,2,"Moto/Ciclomotor,Taxi/Remis",Cayetano Silva Y J.J.Paso,2,1,0,0,1,0,0,"-32.91921, -60.6789",Calle,,ROSARIO,Rosario,Asfalto,No existe,II,Dentro,Urbana,S/D,No existe,Intersección,Bueno,Buena,Diurna,Buen Tiempo,Lateral,S/D,Colisión,Ninguna,S/D,Cordón divisorio,Sin restricción,"-32.91921, -60.6789","['Cayetano Silva', 'Paso']",2,,-32.91921,-60.6789,55.0,538.0,Municipio Rosario,Municipio,Rosario,820210,Servicio de Catastro e Información Territorial,IGN
2019,4006,2019-03-16,Sabado,,01:45:00,,0.0,2,"Moto/Ciclomotor,Pickup/Utilitario",Av. Provincias Unidas Y Rio Negro,3,1,1,0,0,0,1,"-32.94599, -60.71221",Avenida,,ROSARIO,Rosario,Asfalto,Pavimento,II,Dentro,Urbana,S/D,No existe,Intersección,Bueno,Buena,Nocturna,Buen Tiempo,Lateral,S/D,Colisión,Ninguna,S/D,Cordón divisorio,S/D,"-32.94599, -60.71221","['Avenida Provincias Unidas', 'Rio Negro']",2,,-32.94599,-60.71221,55.0,538.0,Municipio Rosario,Municipio,Rosario,820210,Servicio de Catastro e Información Territorial,IGN
2019,4008,2019-03-21,Jueves,,15:20:00,,0.0,2,"Moto/Ciclomotor,Automóvil",Peru Y Tucuman,2,1,0,0,1,0,0,"-32.93253, -60.7118",Calle,,ROSARIO,Rosario,Asfalto,No existe,II,S/D,Urbana,Ninguna,No existe,S/D,Bueno,Buena,Diurna,Buen Tiempo,Lateral,S/D,Colisión,S/D,Faltante,Ninguna,Sin restricción,"-32.93253, -60.7118","['Peru', 'Tucumán']",2,,-32.93253,-60.7118,55.0,538.0,Municipio Rosario,Municipio,Rosario,820210,Servicio de Catastro e Información Territorial,IGN
2019,4009,2019-03-18,Lunes,,06:30:00,,0.0,2,"Pickup/Utilitario,Peatón",ABORIGENES ARGENTINOS Y QOM,2,1,0,0,1,0,0,"-32.9812, -60.70429",Calle,,ROSARIO,Rosario,Asfalto,No existe,II,Dentro,Urbana,Ninguna,No existe,Intersección,Deteriorada,Buena,Diurna,Buen Tiempo,S/D,Peatón,Atropello,Ninguna,Faltante,Ninguna,Sin restricción,"-32.9812, -60.70429","['Aborígenes Argentinos', 'Qompi']",2,,-32.9812,-60.70429,55.0,538.0,Municipio Rosario,Municipio,Rosario,820210,Servicio de Catastro e Información Territorial,IGN
2019,4012,2019-03-20,Miercoles,,22:00:00,,0.0,2,"Peatón,Moto/Ciclomotor",J.Colombres 3000,2,1,0,0,0,0,1,"-32.9488, -60.72899",Calle,,ROSARIO,Rosario,Asfalto,Pavimento,II,Dentro,Urbana,Ninguna,No existe,Recta,Bueno,Buena,Nocturna,Buen Tiempo,S/D,Peatón,Atropello,Ninguna,Faltante,Ninguna,Sin restricción,"-32.9488, -60.72899",['J Colombres 3000'],1,,-32.9488,-60.72899,55.0,538.0,Municipio Rosario,Municipio,Rosario,820210,Servicio de Catastro e Información Territorial,IGN
2019,4013,2019-03-21,Jueves,,20:00:00,,0.0,2,"Automóvil,Bicicleta",Salvat Y Paunero,2,1,0,0,1,0,0,"-32.8834, -60.72566",Calle,,ROSARIO,Rosario,Asfalto,No existe,II,S/D,Urbana,Ninguna,No existe,Intersección,Bueno,Buena,Nocturna,Buen Tiempo,S/D,Ciclista,Atropello,Ninguna,Faltante,Ninguna,Sin restricción,"-32.8834, -60.72566","['Salvat', 'Paunero']",2,,-32.8834,-60.72566,55.0,538.0,Municipio Rosario,Municipio,Rosario,820210,Servicio de Catastro e Información Territorial,IGN
2019,4015,2019-06-01,Sabado,,10:40:00,,0.0,2,"Peatón,Automóvil",Santa Fe Y Pueyrredon,2,1,0,0,1,0,0,"-32.94167, -60.65683",S/D,,ROSARIO,Rosario,S/D,S/D,II,S/D,S/D,S/D,S/D,S/D,S/D,S/D,S/D,S/D,S/D,Peatón,Atropello,S/D,S/D,S/D,S/D,"-32.94167, -60.65683","['Santa Fe', 'Pueyrredón']",2,,-32.94167,-60.65683,55.0,538.0,Municipio Rosario,Municipio,Rosario,820210,Servicio de Catastro e Información Territorial,IGN
2019,4017,2019-06-01,Sabado,,,,0.0,2,"Peatón,Transporte de Pasajeros Urbano (> 8 asientos)",Santa Fe Y San Martin,2,1,0,0,1,0,0,"-32.9457, -60.63641",S/D,,ROSARIO,Rosario,S/D,S/D,II,S/D,S/D,S/D,S/D,S/D,S/D,S/D,S/D,S/D,S/D,Peatón,Atropello,S/D,S/D,S/D,S/D,"-32.9457, -60.63641","['Santa Fe', 'San Martin']",2,,-32.9457,-60.63641,55.0,538.0,Municipio Rosario,Municipio,Rosario,820210,Servicio de Catastro e Información Territorial,IGN