anio_acci,nro_acci,fecha,desc_dia,fecha_aprox,hora_aprox,desc_ruta,km,cant_participantes,desc_participante,calle_avenida_km,total,heridos_leves,heridos_graves,heridos_gravisimos,ilesos,fallecidos,sin_datos,posicion_XY,desc_tipo_via,desc_ruta_ori,desc_loc,desc_dpto,desc_tipo_calzada,desc_tipo_banquina,desc_unidad_regional,desc_lugar_calzada,desc_zona,desc_prioridad,desc_estado_semaforo,desc_lugar_via,desc_estado_via,desc_estado_visibilidad,desc_luminosidad,desc_estado_clima,desc_tipo_colision,desc_tipo_atropello,desc_tipo_hecho,desc_pres_calzada,desc_senializacion,desc_separacion_via,desc_restriccion,forma_geocod,calle_lista,numero_calles,calles_osm,lat,lon,index_right,gid,fna,gna,nam,in1,fdc,sag
2019,4050,2019-03-23,Sabado,,21:00:00,,0.0,2,"Automóvil,Automóvil",Pje. 1349 Y Cullen Y Ugarte,5,3,0,0,2,0,0,"-32.87774, -60.72338",Calle,,ROSARIO,Rosario,Asfalto,No existe,II,S/D,Urbana,Ninguna,No existe,Intersección,Bueno,Buena,Nocturna,Buen Tiempo,"Frontal,Múltiple",S/D,Colisión,S/D,Faltante,Ninguna,Sin restricción,"-32.87774, -60.72338","['Cullen y Ugarte', 'Calle 1359']",2,,-32.87774,-60.72338,55.0,538.0,Municipio Rosario,Municipio,Rosario,820210,Servicio de Catastro e Información Territorial,IGN
2019,4079,2019-06-02,Domingo,,12:00:00,,0.0,1,Moto/Ciclomotor,Gral.Mosconi 3800,2,2,0,0,0,0,0,"-32.98367, -60.68734",S/D,,ROSARIO,Rosario,S/D,S/D,II,S/D,S/D,S/D,S/D,S/D,S/D,S/D,S/D,S/D,S/D,S/D,Despiste,S/D,S/D,S/D,S/D,"-32.98367, -60.68734",['Generalmosconi 3800'],1,,-32.98367,-60.68734,55.0,538.0,Municipio Rosario,Municipio,Rosario,820210,Servicio de Catastro e Información Territorial,IGN
2019,4084,2019-03-19,Martes,,12:55:00,,0.0,2,"Automóvil,Automóvil",Av. Eva Peron ,2,1,0,0,1,0,0,"-32.93159, -60.72113",Avenida,,ROSARIO,Rosario,Asfalto,No existe,II,S/D,Urbana,Ninguna,Funciona,Recta,Bueno,Buena,Diurna,Buen Tiempo,S/D,S/D,Colisión,Ninguna,S/D,Ninguna,Sin restricción,"-32.93159, -60.72113",['Eva Peron'],1,,-32.93159,-60.72113,55.0,538.0,Municipio Rosario,Municipio,Rosario,820210,Servicio de Catastro e Información Territorial,IGN
2019,4087,2019-05-30,Jueves,,15:50:00,,0.0,2,"Bicicleta,Automóvil",Av. Uriburu Y Bv. Avellaneda,2,1,0,0,1,0,0,"-32.991855217714,-60.688655728241",Avenida,,ROSARIO,Rosario,Asfalto,No existe,II,Dentro,Urbana,Semáforo,No funciona,Intersección,Resbaladiza,Buena,Diurna,Buen Tiempo,S/D,Ciclista,Atropello,Agua,"Horizontal,Vertical",Cordón divisorio,Sin restricción,"-32.991855217714,-60.688655728241","['Uriburu', 'Avellaneda']",2,,-32.991855217714,-60.688655728241,55.0,538.0,Municipio Rosario,Municipio,Rosario,820210,Servicio de Catastro e Información Territorial,IGN
2019,4088,2019-05-27,Lunes,,12:15:00,,0.0,2,"Automóvil,Automóvil",Mariano Moreno Y Padre R. Giaccone,4,1,0,0,3,0,0,"-33.008271653302,-60.661719105535",Calle,,ROSARIO,Rosario,Asfalto,No existe,II,Dentro,Urbana,Ninguna,No existe,Intersección,Bueno,Buena,Diurna,Buen Tiempo,Lateral,S/D,Colisión,Ninguna,Faltante,Ninguna,Sin restricción,"-33.008271653302,-60.661719105535","['Mariano Moreno', 'Padre R. Giaccone']",2,,-33.008271653302,-60.661719105535,55.0,538.0,Municipio Rosario,Municipio,Rosario,820210,Servicio de Catastro e Información Territorial,IGN
2019,4089,2019-05-10,Viernes,,17:35:00,,0.0,2,"Moto/Ciclomotor,Automóvil",Centeno 3133,2,1,0,0,1,0,0,"-32.979803964369,-60.675733936135",Calle,,ROSARIO,Rosario,Asfalto,No existe,II,Dentro,Urbana,Ninguna,No existe,Recta,Bueno,Buena,Diurna,Buen Tiempo,S/D,S/D,Colisión,Ninguna,Faltante,Ninguna,Sin restricción,"-32.979803964369,-60.675733936135",['Centeno 3133'],1,,-32.979803964369,-60.675733936135,55.0,538.0,Municipio Rosario,Municipio,Rosario,820210,Servicio de Catastro e Información Territorial,IGN
2019,4091,2019-05-14,Martes,,10:00:00,,0.0,2,"Moto/Ciclomotor,Automóvil",Biedma Y Bv. Avellaneda,5,2,0,0,3,0,0,"-32.974024218963,-60.688034865171",Avenida,,ROSARIO,Rosario,Asfalto,No existe,II,Dentro,Urbana,Ninguna,No existe,Intersección,Bueno,Buena,Diurna,Buen Tiempo,S/D,S/D,Colisión,S/D,Faltante,Cordón divisorio,Sin restricción,"-32.974024218963,-60.688034865171","['Coronel Biedma', 'Avellaneda']",2,,-32.974024218963,-60.688034865171,55.0,538.0,Municipio Rosario,Municipio,Rosario,820210,Servicio de Catastro e Información Territorial,IGN
2019,4140,2019-06-19,Miercoles,,19:30:00,,0.0,2,"Bicicleta,Automóvil",San Martin 6500,2,1,0,0,1,0,0,"-33.01202, -60.65132",Calle,,ROSARIO,Rosario,Asfalto,S/D,II,Dentro,Urbana,S/D,S/D,Intersección,Bueno,S/D,Atardecer,Buen Tiempo,S/D,Ciclista,Atropello,S/D,S/D,Ninguna,Sin restricción,"-33.01202, -60.65132",['San Martin 6500'],1,,-33.01202,-60.65132,55.0,538.0,Municipio Rosario,Municipio,Rosario,820210,Servicio de Catastro e Información Territorial,IGN
2019,4142,2019-06-19,Miercoles,,20:20:00,,0.0,2,"Bicicleta,Automóvil",Viamonte Y 1 de Mayo,2,1,0,0,1,0,0,"-32.96683, -60.63444",Calle,,ROSARIO,Rosario,Asfalto,No existe,II,S/D,Urbana,Ninguna,No existe,Intersección,Bueno,Reducida,Nocturna,Buen Tiempo,S/D,Ciclista,Atropello,Ninguna,Vertical,Ninguna,Sin restricción,"-32.96683, -60.63444","['Viamonte', 'Primero de Mayo']",2,,-32.96683,-60.63444,55.0,538.0,Municipio Rosario,Municipio,Rosario,820210,Servicio de Catastro e Información Territorial,IGN
2019,4147,2019-06-19,Miercoles,,12:05:00,,0.0,2,"Automóvil,Automóvil",Bv. Oroño Y Coulin,2,1,0,0,1,0,0,"-32.98896, -60.66477",Calle,,ROSARIO,Rosario,Asfalto,Pavimento,II,Dentro,Urbana,Semáforo,Funciona,Recta,Bueno,Buena,Diurna,Buen Tiempo,De alcance,S/D,Colisión,Ninguna,S/D,Ninguna,Sin restricción,"-32.98896, -60.66477","['Bulevar Nicasio Oroño', 'Coulin']",2,,-32.98896,-60.66477,55.0,538.0,Municipio Rosario,Municipio,Rosario,820210,Servicio de Catastro e Información Territorial,IGN
2019,4188,2019-03-21,Jueves,,11:45:00,,0.0,2,"Moto/Ciclomotor,Moto/Ciclomotor",Baigorria Y Cavia,3,3,0,0,0,0,0,"-32.8937, -60.70963",Calle,,ROSARIO,Rosario,Asfalto,No existe,II,Dentro,Urbana,Ninguna,No existe,Intersección,Bueno,Buena,Diurna,Buen Tiempo,S/D,S/D,Colisión,Ninguna,S/D,Ninguna,Sin restricción,"-32.8937, -60.70963","['Baigorria', 'Cavia']",2,,-32.8937,-60.70963,55.0,538.0,Municipio Rosario,Municipio,Rosario,820210,Servicio de Catastro e Información Territorial,IGN
2019,4250,2019-06-03,Lunes,,04:15:00,,0.0,2,"Automóvil,Moto/Ciclomotor", ,2,1,0,0,1,0,0,"-32.9588, -60.69398",S/D,,ROSARIO,Rosario,S/D,S/D,II,S/D,S/D,S/D,S/D,S/D,S/D,S/D,S/D,S/D,S/D,S/D,S/D,S/D,S/D,S/D,S/D,"-32.9588, -60.69398",[''],0,,-32.9588,-60.69398,55.0,538.0,Municipio Rosario,Municipio,Rosario,820210,Servicio de Catastro e Información Territorial,IGN
2019,4252,2019-06-20,Jueves,,12:45:00,,0.0,2,"Moto/Ciclomotor,Automóvil",Av. Ntra.Sra.del Rosario Y Salva,2,1,0,0,1,0,0,"-32.9996, -60.64033",Calle,,ROSARIO,Rosario,Asfalto,No existe,II,Dentro,Urbana,Ninguna,No existe,Intersección,Bueno,Buena,Diurna,Buen Tiempo,Lateral,S/D,Colisión,S/D,Faltante,Ninguna,Sin restricción,"-32.9996, -60.64033","['Nuestra Señora del Rosario', 'Salva']",2,,-32.9996,-60.64033,55.0,538.0,Municipio Rosario,Municipio,Rosario,820210,Servicio de Catastro e Información Territorial,IGN
2019,4253,2019-06-03,Lunes,,04:20:00,,0.0,2,"Automóvil,Automóvil", ,2,1,0,0,1,0,0,"-32.9588, -60.69398",S/D,,ROSARIO,Rosario,S/D,S/D,II,S/D,S/D,S/D,S/D,S/D,S/D,S/D,S/D,S/D,S/D,S/D,S/D,S/D,S/D,S/D,S/D,"-32.9588, -60.69398",[''],0,,-32.9588,-60.69398,55.0,538.0,Municipio Rosario,Municipio,Rosario,820210,Servicio de Catastro e Información Territorial,IGN
2019,4256,2019-06-20,Jueves,,07:00:00,,0.0,2,"Automóvil,Moto/Ciclomotor",Molina Y Pje. Rivera,2,0,0,0,1,1,0,"-32.89019, -60.70497",Calle,,ROSARIO,Rosario,Asfalto,No existe,II,Dentro,Urbana,Ninguna,No existe,Intersección,Bueno,Buena,Amanecer,S/D,De alcance,S/D,Colisión,Ninguna,Faltante,Ninguna,Sin restricción,"-32.89019, -60.70497","['Molina', 'Rivera']",2,,-32.89019,-60.70497,55.0,538.0,Municipio Rosario,Municipio,Rosario,820210,Servicio de Catastro e Información Territorial,IGN
2019,4257,2019-06-04,Martes,,07:00:00,,0.0,2,"Automóvil,Moto/Ciclomotor",FRENCH Y JUAN PABLO II,2,1,0,0,1,0,0,"-32.9221, -60.72298",S/D,,ROSARIO,Rosario,S/D,S/D,II,S/D,S/D,S/D,S/D,S/D,S/D,S/D,S/D,S/D,S/D,S/D,S/D,S/D,S/D,S/D,S/D,"-32.9221, -60.72298","['French', 'Juan Pablo II']",2,,-32.9221,-60.72298,55.0,538.0,Municipio Rosario,Municipio,Rosario,820210,Servicio de Catastro e Información Territorial,IGN
2019,4260,2019-06-04,Martes,,08:00:00,,0.0,2,"Automóvil,Moto/Ciclomotor",Av. Ovidio Lagos 6500,2,1,0,0,1,0,0,"-33.01299, -60.6782",S/D,,ROSARIO,Rosario,S/D,S/D,II,S/D,S/D,S/D,S/D,S/D,S/D,S/D,S/D,S/D,S/D,S/D,S/D,S/D,S/D,S/D,S/D,"-33.01299, -60.6782",['Ovidio Lagos 6500'],1,,-33.01299,-60.6782,55.0,538.0,Municipio Rosario,Municipio,Rosario,820210,Servicio de Catastro e Información Territorial,IGN
2019,4265,2019-06-04,Martes,,17:10:00,,0.0,2,"Automóvil,Moto/Ciclomotor",Pacheco Y 8 de Noviembre,3,1,0,0,2,0,0,"-32.90821, -60.69001",S/D,,ROSARIO,Rosario,S/D,S/D,II,S/D,S/D,S/D,S/D,S/D,S/D,S/D,S/D,S/D,S/D,S/D,S/D,S/D,S/D,S/D,S/D,"-32.90821, -60.69001","['Ángel Pacheco', 'Ocho de Noviembre']",2,,-32.90821,-60.69001,55.0,538.0,Municipio Rosario,Municipio,Rosario,820210,Servicio de Catastro e Información Territorial,IGN
2019,4311,2019-06-05,Miercoles,,09:50:00,,0.0,2,"Moto/Ciclomotor,Automóvil",Buenos Aires Y Amenabar,2,1,0,0,1,0,0,"-32.9732, -60.63922",S/D,,ROSARIO,Rosario,S/D,S/D,II,S/D,S/D,S/D,S/D,S/D,S/D,S/D,S/D,S/D,S/D,S/D,S/D,S/D,S/D,S/D,S/D,"-32.9732, -60.63922","['Buenos Aires', 'Amenabar']",2,,-32.9732,-60.63922,55.0,538.0,Municipio Rosario,Municipio,Rosario,820210,Servicio de Catastro e Información Territorial,IGN
2019,4313,2019-06-05,Miercoles,,15:00:00,,0.0,2,"Moto/Ciclomotor,Automóvil",8 de Noviembre Y Pacheco,2,1,0,0,1,0,0,"-32.9083, -60.69002",S/D,,ROSARIO,Rosario,S/D,S/D,II,S/D,S/D,S/D,S/D,S/D,S/D,S/D,S/D,S/D,S/D,S/D,S/D,S/D,S/D,S/D,S/D,"-32.9083, -60.69002","['Ocho de Noviembre', 'Ángel Pacheco']",2,,-32.9083,-60.69002,55.0,538.0,Municipio Rosario,Municipio,Rosario,820210,Servicio de Catastro e Información Territorial,IGN
2019,4315,2019-06-05,Miercoles,,16:15:00,,0.0,2,"Automóvil,Bicicleta",Gaboto Y Bv. Oroño,2,1,0,0,1,0,0,"-32.97062, -60.6602",S/D,,ROSARIO,Rosario,S/D,S/D,II,S/D,S/D,S/D,S/D,S/D,S/D,S/D,S/D,S/D,S/D,Ciclista,Atropello,S/D,S/D,S/D,S/D,"-32.97062, -60.6602","['Gaboto', 'Bulevar Nicasio Oroño']",2,,-32.97062,-60.6602,55.0,538.0,Municipio Rosario,Municipio,Rosario,820210,Servicio de Catastro e Información Territorial,IGN
2019,4317,2019-06-05,Miercoles,,17:30:00,,0.0,2,"Peatón,Automóvil",Ocampo Y Rio De Janeiro,2,1,0,0,1,0,0,"-32.9589, -60.68564",S/D,,ROSARIO,Rosario,S/D,S/D,II,S/D,S/D,S/D,S/D,S/D,S/D,S/D,S/D,S/D,S/D,Peatón,Atropello,S/D,S/D,S/D,S/D,"-32.9589, -60.68564","['Ocampo', 'Río de Janeiro']",2,,-32.9589,-60.68564,55.0,538.0,Municipio Rosario,Municipio,Rosario,820210,Servicio de Catastro e Información Territorial,IGN
2019,4319,2019-06-21,Viernes,,18:45:00,,0.0,2,"Pickup/Utilitario,Moto/Ciclomotor",Av. Jorge Newbery Y J.C.Paz,2,1,0,0,1,0,0,"-32.90957, -60.77501",Avenida,,ROSARIO,Rosario,Asfalto,S/D,II,S/D,Urbana,S/D,S/D,Intersección,S/D,S/D,Atardecer,S/D,S/D,S/D,Colisión,S/D,S/D,S/D,S/D,"-32.90957, -60.77501","['Jorge Newbery', 'Paz']",2,,-32.90957,-60.77501,55.0,538.0,Municipio Rosario,Municipio,Rosario,820210,Servicio de Catastro e Información Territorial,IGN
2019,4322,2019-06-21,Viernes,,15:50:00,,0.0,2,"Bicicleta,Automóvil",Av. Uriburu Y Santiago,2,1,0,0,1,0,0,"-32.99129, -60.66812",Avenida,,ROSARIO,Rosario,Asfalto,No existe,II,S/D,Urbana,Ninguna,No existe,Cruce,Bueno,Buena,Diurna,Buen Tiempo,S/D,Ciclista,Atropello,Ninguna,Faltante,Ninguna,Sin restricción,"-32.99129, -60.66812","['Uriburu', 'Santiago']",2,,-32.99129,-60.66812,55.0,538.0,Municipio Rosario,Municipio,Rosario,820210,Servicio de Catastro e Información Territorial,IGN
2019,4323,2019-06-21,Viernes,,20:00:00,,0.0,2,"Moto/Ciclomotor,Automóvil",Ayolas 800,3,2,0,0,0,0,1,"-32.97748, -60.64186",Calle,,ROSARIO,Rosario,S/D,S/D,II,Dentro,Urbana,S/D,S/D,Recta,S/D,S/D,S/D,S/D,S/D,S/D,Colisión,S/D,S/D,Ninguna,S/D,"-32.97748, -60.64186",['Ayolas 800'],1,,-32.97748,-60.64186,55.0,538.0,Municipio Rosario,Municipio,Rosario,820210,Servicio de Catastro e Información Territorial,IGN
2019,4365,2019-03-16,Sabado,,16:10:00,,0.0,2,"Automóvil,Automóvil",3 De Febrero Y Dorrego,2,1,0,0,1,0,0,"-32.95079, -60.65083",Calle,,ROSARIO,Rosario,S/D,S/D,II,S/D,Urbana,S/D,S/D,Intersección,S/D,S/D,S/D,S/D,S/D,S/D,Colisión,S/D,S/D,S/D,S/D,"-32.95079, -60.65083","['3 de Febrero', 'Dorrego']",2,,-32.95079,-60.65083,55.0,538.0,Municipio Rosario,Municipio,Rosario,820210,Servicio de Catastro e Información Territorial,IGN
2019,4374,2019-06-21,Viernes,,13:50:00,,0.0,2,"Moto/Ciclomotor,Automóvil",3 De Febrero Y Italia,3,2,0,0,1,0,0,"-32.95104, -60.64946",Calle,,ROSARIO,Rosario,Asfalto,No existe,II,S/D,Urbana,Ninguna,No existe,Recta,Bueno,Buena,Diurna,Buen Tiempo,S/D,S/D,Colisión,S/D,Vertical,Ninguna,Sin restricción,"-32.95104, -60.64946","['3 de Febrero', 'Italia']",2,,-32.95104,-60.64946,55.0,538.0,Municipio Rosario,Municipio,Rosario,820210,Servicio de Catastro e Información Territorial,IGN
2019,4375,2019-06-21,Viernes,,10:20:00,,0.0,2,"Moto/Ciclomotor,Pickup/Utilitario",Av. Ovidio Lagos Y 9 De Julio,2,0,1,0,1,0,0,"-32.94968, -60.66332",Avenida,,ROSARIO,Rosario,Asfalto,S/D,II,S/D,Urbana,Semáforo,Funciona,Recta,Bueno,S/D,Diurna,Buen Tiempo,S/D,S/D,Colisión,S/D,Vertical,Ninguna,S/D,"-32.94968, -60.66332","['Avenida Ovidio Lagos', '9 de Julio']",2,,-32.94968,-60.66332,55.0,538.0,Municipio Rosario,Municipio,Rosario,820210,Servicio de Catastro e Información Territorial,IGN
2019,4409,2019-03-18,Lunes,,11:25:00,,0.0,2,"Pickup/Utilitario,Moto/Ciclomotor",Lamadrid Y Paraguay,2,0,0,1,1,0,0,"-32.99731, -60.65496",Calle,,ROSARIO,Rosario,S/D,S/D,II,S/D,Urbana,S/D,S/D,Intersección,S/D,S/D,S/D,S/D,S/D,S/D,Colisión,S/D,S/D,S/D,S/D,"-32.99731, -60.65496","['Lamadrid', 'Paraguay']",2,,-32.99731,-60.65496,55.0,538.0,Municipio Rosario,Municipio,Rosario,820210,Servicio de Catastro e Información Territorial,IGN
2019,4410,2019-03-18,Lunes,,13:00:00,,0.0,2,"Moto/Ciclomotor,Moto/Ciclomotor",Velez Sarsfield Y Diaz Velez,3,1,0,0,2,0,0,"-32.9251, -60.68469",Calle,,ROSARIO,Rosario,S/D,S/D,II,S/D,Urbana,S/D,S/D,Intersección,S/D,S/D,S/D,S/D,S/D,S/D,Colisión,S/D,S/D,S/D,S/D,"-32.9251, -60.68469","['Vélez Sarsfield', 'Díaz Vélez']",2,,-32.9251,-60.68469,55.0,538.0,Municipio Rosario,Municipio,Rosario,820210,Servicio de Catastro e Información Territorial,IGN
2019,4414,2019-03-19,Martes,,,,0.0,1,Moto/Ciclomotor,Comenius Y Muniagurria,2,1,0,0,1,0,0,"-32.92708, -60.7334",Calle,,ROSARIO,Rosario,S/D,S/D,II,S/D,Urbana,S/D,S/D,Intersección,S/D,S/D,S/D,S/D,S/D,S/D,Caída ocupante,S/D,S/D,S/D,S/D,"-32.92708, -60.7334","['Comenius', 'Muniagurría']",2,,-32.92708,-60.7334,55.0,538.0,Municipio Rosario,Municipio,Rosario,820210,Servicio de Catastro e Información Territorial,IGN
2019,4420,2019-06-21,Viernes,,22:30:00,,0.0,2,"Moto/Ciclomotor,Automóvil",Pueyrredon 3054,2,1,0,0,1,0,0,"-32.96943, -60.66405",Calle,,ROSARIO,Rosario,Asfalto,Pavimento,II,Dentro,Urbana,Ninguna,No existe,Recta,Bueno,Buena,Nocturna,Buen Tiempo,Lateral,S/D,Colisión,Ninguna,S/D,Ninguna,Sin restricción,"-32.96943, -60.66405",['Pueyrredon 3054'],1,,-32.96943,-60.66405,55.0,538.0,Municipio Rosario,Municipio,Rosario,820210,Servicio de Catastro e Información Territorial,IGN
2019,4428,2019-06-22,Sabado,,11:40:00,,0.0,2,"Pickup/Utilitario,Moto/Ciclomotor",Cam De Las Carretas 9000,2,1,0,0,1,0,0,"-32.93453, -60.75911",Calle,,ROSARIO,Rosario,Asfalto,No existe,II,Dentro,Urbana,Ninguna,No existe,Recta,S/D,S/D,"Diurna,Con luz artificial",S/D,Frontal,S/D,Colisión,S/D,S/D,Ninguna,Sin restricción,"-32.93453, -60.75911",['Cam De Las Carretas 9000'],1,,-32.93453,-60.75911,55.0,538.0,Municipio Rosario,Municipio,Rosario,820210,Servicio de Catastro e Información Territorial,IGN
2019,4434,2019-05-21,Martes,,20:25:00,,0.0,2,"Automóvil,Moto/Ciclomotor",French 5300,3,2,0,0,1,0,0,"-32.921344213768,-60.696697358687",Calle,,ROSARIO,Rosario,Asfalto,No existe,II,Dentro,Urbana,Ninguna,No existe,Intersección,Bueno,Buena,Diurna,Buen Tiempo,S/D,S/D,Colisión,Ninguna,Faltante,Ninguna,Sin restricción,"-32.921344213768,-60.696697358687",['French 5300'],1,,-32.921344213768,-60.696697358687,55.0,538.0,Municipio Rosario,Municipio,Rosario,820210,Servicio de Catastro e Información Territorial,IGN
2019,4437,2019-05-21,Martes,,19:00:00,,0.0,2,"Automóvil,Moto/Ciclomotor",Av. Belgrano 2000,3,2,0,0,1,0,0,"-32.964702348979,-60.621526123871",Calle,,ROSARIO,Rosario,Asfalto,No existe,II,Dentro,Urbana,Ninguna,No existe,Intersección,Bueno,Buena,Atardecer,Buen Tiempo,S/D,S/D,Colisión,Ninguna,Horizontal,"Cordón divisorio,Línea divisoria pintada",Sin restricción,"-32.964702348979,-60.621526123871",['Belgrano 2000'],1,,-32.964702348979,-60.621526123871,55.0,538.0,Municipio Rosario,Municipio,Rosario,820210,Servicio de Catastro e Información Territorial,IGN
2019,4441,2019-05-31,Viernes,,,,0.0,2,"Moto/Ciclomotor,Automóvil",Laprida Y Anchorena,2,1,0,0,1,0,0,"-32.997745, -60.647169",Calle,,ROSARIO,Rosario,Asfalto,No existe,II,Dentro,Urbana,Ninguna,No existe,Intersección,Bueno,S/D,S/D,S/D,Lateral,S/D,Colisión,Ninguna,Faltante,Ninguna,Sin restricción,"-32.997745, -60.647169","['Laprida', 'Anchorena']",2,,-32.997745,-60.647169,55.0,538.0,Municipio Rosario,Municipio,Rosario,820210,Servicio de Catastro e Información Territorial,IGN
2019,4445,2019-05-03,Viernes,,20:30:00,,0.0,2,"Automóvil,Moto/Ciclomotor",Valle Hermoso 1100,3,1,0,0,2,0,0,"-32.886139903208,-60.699207923274",Calle,,ROSARIO,Rosario,Asfalto,No existe,II,Dentro,Urbana,Ninguna,No existe,Intersección,S/D,S/D,Nocturna,S/D,S/D,S/D,Colisión,S/D,Faltante,Ninguna,S/D,"-32.886139903208,-60.699207923274",['Valle Hermoso 1100'],1,,-32.886139903208,-60.699207923274,55.0,538.0,Municipio Rosario,Municipio,Rosario,820210,Servicio de Catastro e Información Territorial,IGN
2019,4448,2019-05-03,Viernes,,,,0.0,1,Moto/Ciclomotor,Pte.Roca Y Dean Funes,2,0,1,0,1,0,0,"-32.97438177025,-60.652476673358",Calle,,ROSARIO,Rosario,Asfalto,No existe,II,Dentro,Urbana,Ninguna,No existe,Intersección,S/D,S/D,S/D,S/D,Contra objeto fijo,S/D,Colisión,S/D,Faltante,Ninguna,S/D,"-32.97438177025,-60.652476673358","['Roca', 'Deán Gregorio Funes']",2,,-32.97438177025,-60.652476673358,55.0,538.0,Municipio Rosario,Municipio,Rosario,820210,Servicio de Catastro e Información Territorial,IGN
2019,4451,2019-05-20,Lunes,,20:30:00,,0.0,2,"Bicicleta,Moto/Ciclomotor",J.B.Justo Y Olmos Bis,2,2,0,0,0,0,0,"-32.91574194465,-60.74435596395",Calle,,ROSARIO,Rosario,Asfalto,No existe,II,Dentro,Urbana,Ninguna,No existe,Intersección,Bueno,Buena,Nocturna,Buen Tiempo,S/D,Ciclista,Atropello,Ninguna,Faltante,Ninguna,Sin restricción,"-32.91574194465,-60.74435596395","['Justo', 'Los Olmos']",2,,-32.91574194465,-60.74435596395,55.0,538.0,Municipio Rosario,Municipio,Rosario,820210,Servicio de Catastro e Información Territorial,IGN
2019,4455,2019-05-20,Lunes,,18:00:00,,0.0,2,"Moto/Ciclomotor,Automóvil",Rivarola 7100,2,1,0,0,1,0,0,"-32.965917892619,-60.716547079593",Avenida,,ROSARIO,Rosario,hormigón,No existe,II,Dentro,Urbana,Paso Peatonal,No existe,Intersección,Bueno,Buena,Diurna,Buen Tiempo,S/D,S/D,Colisión,Ninguna,Horizontal,Cordón divisorio,Sin restricción,"-32.965917892619,-60.716547079593",['Rivarola 7100'],1,,-32.965917892619,-60.716547079593,55.0,538.0,Municipio Rosario,Municipio,Rosario,820210,Servicio de Catastro e Información Territorial,IGN
2019,4458,2019-05-20,Lunes,,10:40:00,,0.0,2,"Automóvil,Moto/Ciclomotor",Ayacucho ,4,2,0,0,2,0,0,"-32.98452739579,-60.635994138938",Calle,,ROSARIO,Rosario,Asfalto,No existe,II,Dentro,Urbana,Ninguna,No existe,Intersección,Bueno,Buena,Diurna,Buen Tiempo,S/D,S/D,Colisión,Ninguna,Faltante,Ninguna,Sin restricción,"-32.98452739579,-60.635994138938",['Ayacucho'],1,,-32.98452739579,-60.635994138938,55.0,538.0,Municipio Rosario,Municipio,Rosario,820210,Servicio de Catastro e Información Territorial,IGN
2019,4464,2019-05-05,Domingo,,20:00:00,,0.0,2,"Automóvil,Peatón",Riobamba Y Colombia,2,1,0,0,1,0,0,"-32.954613968551,-60.715505513985",Calle,,ROSARIO,Rosario,Asfalto,No existe,II,Dentro,Urbana,Otra Señal,No existe,Intersección,S/D,S/D,Nocturna,S/D,S/D,Peatón,Atropello,S/D,Vertical,Ninguna,S/D,"-32.954613968551,-60.715505513985","['Riobamba', 'Colombia']",2,,-32.954613968551,-60.715505513985,55.0,538.0,Municipio Rosario,Municipio,Rosario,820210,Servicio de Catastro e Información Territorial,IGN
2019,4479,2019-06-22,Sabado,,07:30:00,,0.0,2,"Automóvil,Moto/Ciclomotor",Italia Y Montevideo,2,1,0,0,1,0,0,"-32.95439, -60.65029",Calle,,ROSARIO,Rosario,Asfalto,No existe,II,S/D,Urbana,Ninguna,No existe,Intersección,Bueno,Buena,Diurna,Buen Tiempo,S/D,S/D,Colisión,S/D,Vertical,Ninguna,Sin restricción,"-32.95439, -60.65029","['Italia', 'Montevideo']",2,,-32.95439,-60.65029,55.0,538.0,Municipio Rosario,Municipio,Rosario,820210,Servicio de Catastro e Información Territorial,IGN
2019,4485,2019-05-08,Miercoles,,12:10:00,,0.0,2,"Automóvil,Moto/Ciclomotor",Rivarola Y Dr.G.Colombres,3,2,0,0,1,0,0,"-32.966174228332,-60.724752212708",Calle,,ROSARIO,Rosario,Asfalto,No existe,II,Dentro,Urbana,Señal Pare,No existe,Intersección,S/D,S/D,Diurna,S/D,S/D,S/D,Colisión,S/D,Vertical,Ninguna,S/D,"-32.966174228332,-60.724752212708","['Rivarola', 'Doctor G. Colombres']",2,,-32.966174228332,-60.724752212708,55.0,538.0,Municipio Rosario,Municipio,Rosario,820210,Servicio de Catastro e Información Territorial,IGN
2019,4490,2019-05-19,Domingo,,22:40:00,,0.0,1,Moto/Ciclomotor,CINEROS 6300,1,1,0,0,0,0,0,"-32.97863851301372,-60.705541865900",Calle,,ROSARIO,Rosario,Asfalto,No existe,II,Dentro,Urbana,Ninguna,No existe,Intersección,Bueno,Buena,Diurna,Buen Tiempo,S/D,S/D,Caída ocupante,Ninguna,Faltante,Ninguna,Sin restricción,"-32.97863851301372,-60.705541865900",['Cineros 6300'],1,,-32.97863851301372,-60.7055418659,55.0,538.0,Municipio Rosario,Municipio,Rosario,820210,Servicio de Catastro e Información Territorial,IGN
2019,4494,2019-05-09,Jueves,,,,0.0,1,Moto/Ciclomotor,Av. Corrientes 3800,1,1,0,0,0,0,0,"-32.980615248279,-60.651152757322",Calle,,ROSARIO,Rosario,Asfalto,No existe,II,Dentro,Urbana,Ninguna,No existe,Recta,S/D,S/D,S/D,S/D,S/D,S/D,Caída ocupante,S/D,Faltante,Ninguna,S/D,"-32.980615248279,-60.651152757322",['Corrientes 3800'],1,,-32.980615248279,-60.651152757322,55.0,538.0,Municipio Rosario,Municipio,Rosario,820210,Servicio de Catastro e Información Territorial,IGN