anio_acci,nro_acci,fecha,desc_dia,fecha_aprox,hora_aprox,desc_ruta,km,cant_participantes,desc_participante,calle_avenida_km,total,heridos_leves,heridos_graves,heridos_gravisimos,ilesos,fallecidos,sin_datos,posicion_XY,desc_tipo_via,desc_ruta_ori,desc_loc,desc_dpto,desc_tipo_calzada,desc_tipo_banquina,desc_unidad_regional,desc_lugar_calzada,desc_zona,desc_prioridad,desc_estado_semaforo,desc_lugar_via,desc_estado_via,desc_estado_visibilidad,desc_luminosidad,desc_estado_clima,desc_tipo_colision,desc_tipo_atropello,desc_tipo_hecho,desc_pres_calzada,desc_senializacion,desc_separacion_via,desc_restriccion,forma_geocod,calle_lista,numero_calles,calles_osm,lat,lon,index_right,gid,fna,gna,nam,in1,fdc,sag
2019,4495,2019-05-09,Jueves,,22:30:00,,0.0,2,"Peatón,Automóvil",Dean Funes Y J.M.de Rosas,2,1,0,0,1,0,0,"-32.976858698838,-60.638629469062",Calle,,ROSARIO,Rosario,Asfalto,No existe,II,Dentro,Urbana,Señal Pare,No existe,Intersección,S/D,S/D,Nocturna,S/D,S/D,Peatón,Atropello,S/D,Vertical,Ninguna,S/D,"-32.976858698838,-60.638629469062","['Deán Gregorio Funes', 'De Rosas']",2,,-32.976858698838,-60.638629469062,55.0,538.0,Municipio Rosario,Municipio,Rosario,820210,Servicio de Catastro e Información Territorial,IGN
2019,4500,2019-03-21,Jueves,,,,0.0,2,"Automóvil,Moto/Ciclomotor",Lamadrid Y Pje. Casaccia,2,0,0,0,1,1,0,"-32.99786, -60.67302",Calle,,ROSARIO,Rosario,Asfalto,No existe,II,S/D,Urbana,Ninguna,No existe,Intersección,Bueno,S/D,S/D,S/D,S/D,S/D,Colisión,S/D,Faltante,"Ninguna,S/D",Sin restricción,"-32.99786, -60.67302","['Lamadrid', 'Casaccia']",2,,-32.99786,-60.67302,55.0,538.0,Municipio Rosario,Municipio,Rosario,820210,Servicio de Catastro e Información Territorial,IGN
2019,4501,2019-03-21,Jueves,,17:00:00,,0.0,2,"Automóvil,Automóvil",Callao Y Av. Jorge Cura,3,1,0,0,2,0,0,"-32.96999, -60.66701",Avenida,,ROSARIO,Rosario,S/D,S/D,II,S/D,Urbana,S/D,S/D,Intersección,S/D,S/D,S/D,S/D,S/D,S/D,Colisión,S/D,S/D,S/D,S/D,"-32.96999, -60.66701","['Callao', 'Avenida Jorge Cura']",2,,-32.96999,-60.66701,55.0,538.0,Municipio Rosario,Municipio,Rosario,820210,Servicio de Catastro e Información Territorial,IGN
2019,4505,2019-03-22,Viernes,,,,0.0,2,"Automóvil,Moto/Ciclomotor",Av. Ovidio Lagos 500,2,1,0,0,1,0,0,"-32.93883, -60.66055",Avenida,,ROSARIO,Rosario,S/D,S/D,II,S/D,Urbana,S/D,S/D,Recta,S/D,S/D,S/D,S/D,S/D,S/D,Colisión,S/D,S/D,S/D,S/D,"-32.93883, -60.66055",['Ovidio Lagos 500'],1,,-32.93883,-60.66055,55.0,538.0,Municipio Rosario,Municipio,Rosario,820210,Servicio de Catastro e Información Territorial,IGN
2019,4506,2019-03-22,Viernes,,,,0.0,2,"Pickup/Utilitario,Moto/Ciclomotor",Salta Y Dorrego,3,1,0,0,2,0,0,"-32.93747, -60.64746",Calle,,ROSARIO,Rosario,Asfalto,S/D,II,S/D,Urbana,S/D,S/D,Intersección,S/D,S/D,S/D,S/D,S/D,S/D,Colisión,S/D,S/D,S/D,S/D,"-32.93747, -60.64746","['Salta', 'Dorrego']",2,,-32.93747,-60.64746,55.0,538.0,Municipio Rosario,Municipio,Rosario,820210,Servicio de Catastro e Información Territorial,IGN
2019,4507,2019-03-22,Viernes,,,,0.0,2,"Automóvil,Moto/Ciclomotor",Riobamba Y L.N.Alem,2,0,1,0,1,0,0,"-32.96482, -60.63247",Calle,,ROSARIO,Rosario,S/D,S/D,II,S/D,Urbana,S/D,S/D,Intersección,S/D,S/D,S/D,S/D,S/D,S/D,Colisión,S/D,S/D,S/D,S/D,"-32.96482, -60.63247","['Riobamba', 'Alem']",2,,-32.96482,-60.63247,55.0,538.0,Municipio Rosario,Municipio,Rosario,820210,Servicio de Catastro e Información Territorial,IGN
2019,4513,2019-06-22,Sabado,,14:45:00,,0.0,2,"Moto/Ciclomotor,Automóvil",Santiago Y Centeno,2,1,0,0,1,0,0,"-32.98161, -60.66568",Calle,,ROSARIO,Rosario,Asfalto,Pavimento,II,Dentro,Urbana,Ninguna,No existe,Recta,Bueno,Buena,Diurna,Buen Tiempo,Lateral,S/D,Colisión,Ninguna,S/D,Ninguna,Sin restricción,"-32.98161, -60.66568","['Santiago', 'Centeno']",2,,-32.98161,-60.66568,55.0,538.0,Municipio Rosario,Municipio,Rosario,820210,Servicio de Catastro e Información Territorial,IGN
2019,4516,2019-06-22,Sabado,,15:45:00,,0.0,2,"Otros,Moto/Ciclomotor",Dean Funes Y Pte.Roca,2,1,0,0,1,0,0,"-32.97439, -60.65246",Calle,,ROSARIO,Rosario,Asfalto,No existe,II,Dentro,Urbana,Ninguna,No existe,Intersección,Bueno,Buena,Diurna,Buen Tiempo,De alcance,S/D,Colisión,Agua,S/D,Ninguna,Sin restricción,"-32.97439, -60.65246","['Deán Gregorio Funes', 'Roca']",2,,-32.97439,-60.65246,55.0,538.0,Municipio Rosario,Municipio,Rosario,820210,Servicio de Catastro e Información Territorial,IGN
2019,4518,2019-05-11,Sabado,,,,0.0,2,"Automóvil,Moto/Ciclomotor",Bv. 27 De Febrero Y Colon,2,1,0,0,1,0,0,"-32.969917199535,-60.630875682179",Avenida,,ROSARIO,Rosario,Asfalto,No existe,I,Dentro,Urbana,Semáforo,Funciona,Intersección,S/D,S/D,S/D,S/D,S/D,S/D,Colisión,S/D,"Horizontal,Vertical",Cordón divisorio,S/D,"-32.969917199535,-60.630875682179","['27 de Febrero', 'Colon']",2,,-32.969917199535,-60.630875682179,55.0,538.0,Municipio Rosario,Municipio,Rosario,820210,Servicio de Catastro e Información Territorial,IGN
2019,4519,2019-05-11,Sabado,,14:15:00,,0.0,2,"Moto/Ciclomotor,Peatón",San Juan Y Av. Ovidio Lagos,3,1,0,0,2,0,0,"-32.945986981023,-60.662385578867",Avenida,,ROSARIO,Rosario,Asfalto,No existe,II,Dentro,Urbana,Semáforo,Funciona,Intersección,S/D,S/D,Diurna,S/D,S/D,Peatón,Atropello,S/D,"Horizontal,Vertical",Ninguna,S/D,"-32.945986981023,-60.662385578867","['San Juan', 'Avenida Ovidio Lagos']",2,,-32.945986981023,-60.662385578867,55.0,538.0,Municipio Rosario,Municipio,Rosario,820210,Servicio de Catastro e Información Territorial,IGN
2019,4520,2019-03-23,Sabado,,,,0.0,1,Moto/Ciclomotor,Reconquista 900,1,1,0,0,0,0,0,"-32.91786, -60.67644",Calle,,ROSARIO,Rosario,S/D,S/D,II,S/D,Urbana,S/D,S/D,Recta,S/D,S/D,S/D,S/D,S/D,S/D,Caída ocupante,S/D,S/D,S/D,S/D,"-32.91786, -60.67644",['Reconquista 900'],1,,-32.91786,-60.67644,55.0,538.0,Municipio Rosario,Municipio,Rosario,820210,Servicio de Catastro e Información Territorial,IGN
2019,4521,2019-03-23,Sabado,,,,0.0,2,"Automóvil,Moto/Ciclomotor",Tomas Cabrera Y J.M.Gutierrez,2,1,0,0,1,0,0,"-32.99449, -60.66436",Calle,,ROSARIO,Rosario,S/D,S/D,II,S/D,Urbana,S/D,S/D,Intersección,S/D,S/D,S/D,S/D,S/D,S/D,Colisión,S/D,S/D,S/D,S/D,"-32.99449, -60.66436","['Tomás Cabrera', 'Gutierrez']",2,,-32.99449,-60.66436,55.0,538.0,Municipio Rosario,Municipio,Rosario,820210,Servicio de Catastro e Información Territorial,IGN
2019,4529,2019-06-04,Martes,,,,0.0,2,"Bicicleta,Taxi/Remis",Av. Corrientes Y Entre Rios,2,1,0,0,1,0,0,"-32.97281, -60.64789",S/D,,ROSARIO,Rosario,S/D,S/D,II,S/D,S/D,S/D,S/D,S/D,S/D,S/D,S/D,S/D,S/D,Ciclista,Atropello,S/D,S/D,S/D,S/D,"-32.97281, -60.64789","['Corrientes', 'Entre Ríos']",2,,-32.97281,-60.64789,55.0,538.0,Municipio Rosario,Municipio,Rosario,820210,Servicio de Catastro e Información Territorial,IGN
2019,4533,2019-06-22,Sabado,,09:00:00,,0.0,2,"Bicicleta,Automóvil",Av. Arijon Y Callao,2,1,0,0,1,0,0,"-33.00371, -60.67129",Avenida,,ROSARIO,Rosario,Asfalto,Pavimento,II,Dentro,Urbana,Semáforo,Funciona,Recta,Bueno,Buena,Diurna,Buen Tiempo,S/D,Ciclista,Atropello,Ninguna,S/D,Ninguna,Sin restricción,"-33.00371, -60.67129","['Avenida Manuel Arijón', 'Callao']",2,,-33.00371,-60.67129,55.0,538.0,Municipio Rosario,Municipio,Rosario,820210,Servicio de Catastro e Información Territorial,IGN
2019,4534,2019-06-22,Sabado,,11:00:00,,0.0,2,"Moto/Ciclomotor,Pickup/Utilitario",Av. Ntra.Sra.del Rosario Y Italia,2,1,0,0,1,0,0,"-33.00039, -60.65924",Avenida,,ROSARIO,Rosario,Asfalto,Pavimento,II,Dentro,Urbana,Ninguna,No existe,Recta,Bueno,Buena,Diurna,Buen Tiempo,Lateral,S/D,Colisión,Ninguna,S/D,Ninguna,Sin restricción,"-33.00039, -60.65924","['Nuestra Señora del Rosario', 'Italia']",2,,-33.00039,-60.65924,55.0,538.0,Municipio Rosario,Municipio,Rosario,820210,Servicio de Catastro e Información Territorial,IGN
2019,4538,2019-06-23,Domingo,,20:40:00,,0.0,2,"Moto/Ciclomotor,Automóvil",San Juan Y Mariano Moreno,2,1,0,0,1,0,0,"-32.94798, -60.65153",Calle,,ROSARIO,Rosario,Asfalto,No existe,II,S/D,Urbana,S/D,No existe,Intersección,Bueno,Buena,Nocturna,Buen Tiempo,S/D,S/D,Colisión,S/D,Vertical,Ninguna,Sin restricción,"-32.94798, -60.65153","['San Juan', 'Mariano Moreno']",2,,-32.94798,-60.65153,55.0,538.0,Municipio Rosario,Municipio,Rosario,820210,Servicio de Catastro e Información Territorial,IGN
2019,4545,2019-06-23,Domingo,,16:30:00,,0.0,2,"Automóvil,Camión",Cordoba Y Suipacha,5,1,0,0,4,0,0,"-32.94176, -60.66415",Calle,,ROSARIO,Rosario,Asfalto,S/D,II,S/D,Urbana,Semáforo,Funciona,Recta,Bueno,Buena,Diurna,Buen Tiempo,Lateral,S/D,Colisión,S/D,S/D,S/D,S/D,"-32.94176, -60.66415","['Córdoba', 'Suipacha']",2,,-32.94176,-60.66415,55.0,538.0,Municipio Rosario,Municipio,Rosario,820210,Servicio de Catastro e Información Territorial,IGN
2019,4546,2019-05-11,Sabado,,10:20:00,,0.0,2,"Transporte de Pasajeros,Moto/Ciclomotor",Santa Fe 1660,3,2,0,0,1,0,0,"-32.943660657249,-60.645627531164",Calle,,ROSARIO,Rosario,Asfalto,No existe,II,Dentro,Urbana,Semáforo,Funciona,Recta,S/D,S/D,Diurna,S/D,S/D,S/D,Colisión,S/D,"Horizontal,Vertical",Ninguna,S/D,"-32.943660657249,-60.645627531164",['Santa Fe 1660'],1,,-32.943660657249,-60.645627531164,55.0,538.0,Municipio Rosario,Municipio,Rosario,820210,Servicio de Catastro e Información Territorial,IGN
2019,4547,2019-05-12,Domingo,,11:25:00,,0.0,2,"Automóvil,Moto/Ciclomotor",Av. Pte.Peron Y Rio De Janeiro,2,1,0,0,1,0,0,"-32.957832263132,-60.685268407919",Avenida,,ROSARIO,Rosario,Asfalto,No existe,II,Dentro,Urbana,Ninguna,No existe,Intersección,S/D,S/D,Diurna,S/D,S/D,S/D,Colisión,S/D,Faltante,Cordón divisorio,S/D,"-32.957832263132,-60.685268407919","['Avenida Presidente Perón', 'Río de Janeiro']",2,,-32.957832263132,-60.685268407919,55.0,538.0,Municipio Rosario,Municipio,Rosario,820210,Servicio de Catastro e Información Territorial,IGN
2019,4557,2019-05-14,Martes,,11:30:00,,0.0,2,"Pickup/Utilitario,Moto/Ciclomotor",España Y Madre Cabrini,2,1,0,0,1,0,0,"-33.005254908321,-60.657538643903",Calle,,ROSARIO,Rosario,Asfalto,No existe,II,Dentro,Urbana,Ninguna,No existe,Intersección,S/D,S/D,Diurna,S/D,S/D,S/D,Colisión,S/D,Faltante,Ninguna,S/D,"-33.005254908321,-60.657538643903","['España', 'Madre Cabrini']",2,,-33.005254908321,-60.657538643903,55.0,538.0,Municipio Rosario,Municipio,Rosario,820210,Servicio de Catastro e Información Territorial,IGN
2019,4558,2019-05-17,Viernes,,21:30:00,,0.0,2,"Automóvil,Moto/Ciclomotor",J.B.Justo 8300,2,1,0,0,1,0,0,"-32.91566709402,-60.741551668011",Calle,,ROSARIO,Rosario,Asfalto,No existe,II,Dentro,Urbana,Señal Pare,No existe,Intersección,Bueno,Buena,Nocturna,Buen Tiempo,S/D,S/D,Colisión,Ninguna,Vertical,Ninguna,Sin restricción,"-32.91566709402,-60.741551668011",['J B Justo 8300'],1,,-32.91566709402,-60.741551668011,55.0,538.0,Municipio Rosario,Municipio,Rosario,820210,Servicio de Catastro e Información Territorial,IGN
2019,4559,2019-05-14,Martes,,08:25:00,,0.0,2,"Automóvil,Moto/Ciclomotor",Lavalle Y Marcos Paz,2,1,0,0,1,0,0,"-32.94376552104952,-60.678884983062",Calle,,ROSARIO,Rosario,Asfalto,No existe,II,Dentro,Urbana,Ninguna,No existe,Intersección,S/D,S/D,Diurna,S/D,S/D,S/D,Colisión,S/D,Faltante,Ninguna,S/D,"-32.94376552104952,-60.678884983062","['Lavalle', 'Marcos Paz']",2,,-32.94376552104952,-60.678884983062,55.0,538.0,Municipio Rosario,Municipio,Rosario,820210,Servicio de Catastro e Información Territorial,IGN
2019,4560,2019-05-17,Viernes,,21:00:00,,0.0,2,"Automóvil,Automóvil",Av. Jorge Newbery Y Garcia del Cossio Bis,2,2,0,0,0,0,0,"-32.908803066643,-60.746999049973",Avenida,,ROSARIO,Rosario,Asfalto,No existe,II,Dentro,Urbana,Señal Ceda el Paso,No existe,Intersección,Deteriorada,Buena,"Nocturna,Con luz artificial",Buen Tiempo,S/D,S/D,Colisión,Ninguna,Vertical,Ninguna,Sin restricción,"-32.908803066643,-60.746999049973","['Jorge Newbery', 'García del Cossio']",2,,-32.908803066643,-60.746999049973,55.0,538.0,Municipio Rosario,Municipio,Rosario,820210,Servicio de Catastro e Información Territorial,IGN
2019,4561,2019-05-15,Miercoles,,06:30:00,,0.0,2,"Automóvil,Moto/Ciclomotor",Av. Pellegrini Y Cullen,3,2,0,0,1,0,0,"-32.948410510835,-60.708795109082",Avenida,,ROSARIO,Rosario,Asfalto,No existe,II,Dentro,Urbana,Semáforo,Funciona,Intersección,S/D,S/D,Amanecer,S/D,S/D,S/D,Colisión,S/D,"Horizontal,Vertical",Cordón divisorio,S/D,"-32.948410510835,-60.708795109082","['Pellegrini', 'Cullen']",2,,-32.948410510835,-60.708795109082,55.0,538.0,Municipio Rosario,Municipio,Rosario,820210,Servicio de Catastro e Información Territorial,IGN
2019,4562,2019-05-15,Miercoles,,13:15:00,,0.0,2,"Automóvil,Peatón",San Lorenzo Y Santiago,2,1,0,0,1,0,0,"-32.940952092048,-60.655429687647",Calle,,ROSARIO,Rosario,Asfalto,No existe,II,Dentro,Urbana,Ninguna,No existe,Intersección,S/D,S/D,Diurna,S/D,S/D,Peatón,Atropello,S/D,Faltante,Ninguna,S/D,"-32.940952092048,-60.655429687647","['San Lorenzo', 'Santiago']",2,,-32.940952092048,-60.655429687647,55.0,538.0,Municipio Rosario,Municipio,Rosario,820210,Servicio de Catastro e Información Territorial,IGN
2019,4563,2019-05-17,Viernes,,06:20:00,,0.0,2,"Moto/Ciclomotor,Taxi/Remis",Av. Ovidio Lagos Y Copacabana,2,1,0,0,1,0,0,"-33.028145678693,-60.681644702986",Avenida,,ROSARIO,Rosario,hormigón,No existe,II,Dentro,Urbana,Paso Peatonal,No existe,Intersección,Bueno,Buena,Amanecer,Buen Tiempo,Lateral,S/D,Colisión,Ninguna,Horizontal,"Cordón divisorio,Línea divisoria pintada",Sin restricción,"-33.028145678693,-60.681644702986","['Avenida Ovidio Lagos', 'Copacabana']",2,,-33.028145678693,-60.681644702986,55.0,538.0,Municipio Rosario,Municipio,Rosario,820210,Servicio de Catastro e Información Territorial,IGN
2019,4564,2019-03-24,Domingo,,,,0.0,2,"Moto/Ciclomotor,Automóvil",G.Carrasco 2400,2,1,0,0,1,0,0,"-32.92061, -60.69934",Calle,,ROSARIO,Rosario,Asfalto,S/D,II,S/D,Urbana,S/D,S/D,Intersección,S/D,S/D,S/D,S/D,S/D,S/D,Colisión,S/D,S/D,S/D,S/D,"-32.92061, -60.69934",['G Carrasco 2400'],1,,-32.92061,-60.69934,55.0,538.0,Municipio Rosario,Municipio,Rosario,820210,Servicio de Catastro e Información Territorial,IGN
2019,4565,2019-03-24,Domingo,,16:00:00,,0.0,2,"Automóvil,Bicicleta",Bv. Segui Y Pueyrredon,2,1,0,0,1,0,0,"-32.97572, -60.66563",Avenida,,ROSARIO,Rosario,Asfalto,S/D,II,S/D,Urbana,S/D,S/D,Intersección,S/D,S/D,S/D,S/D,S/D,Ciclista,Atropello,S/D,S/D,S/D,S/D,"-32.97572, -60.66563","['Bulevar Juan Francisco Seguí', 'Pueyrredón']",2,,-32.97572,-60.66563,55.0,538.0,Municipio Rosario,Municipio,Rosario,820210,Servicio de Catastro e Información Territorial,IGN
2019,4567,2019-03-25,Lunes,,,,0.0,2,"Bicicleta,Moto/Ciclomotor",Ameghino Y L.N.Alem,2,1,0,0,1,0,0,"-32.98889, -60.63847",Calle,,ROSARIO,Rosario,Asfalto,S/D,II,S/D,Urbana,S/D,S/D,Intersección,S/D,S/D,S/D,S/D,S/D,Ciclista,Atropello,S/D,S/D,S/D,S/D,"-32.98889, -60.63847","['Ameghino', 'Alem']",2,,-32.98889,-60.63847,55.0,538.0,Municipio Rosario,Municipio,Rosario,820210,Servicio de Catastro e Información Territorial,IGN
2019,4573,2019-03-25,Lunes,,,,0.0,2,"Moto/Ciclomotor,Automóvil",Dean Funes Y San Martin,2,0,1,0,1,0,0,"-32.97591, -60.64401",Calle,,ROSARIO,Rosario,Asfalto,S/D,II,S/D,Urbana,S/D,S/D,Intersección,S/D,S/D,S/D,S/D,S/D,S/D,Colisión,S/D,S/D,S/D,S/D,"-32.97591, -60.64401","['Deán Gregorio Funes', 'San Martin']",2,,-32.97591,-60.64401,55.0,538.0,Municipio Rosario,Municipio,Rosario,820210,Servicio de Catastro e Información Territorial,IGN
2019,4585,2019-03-05,Martes,,02:00:00,,0.0,2,"Moto/Ciclomotor,Otros", ,2,0,1,0,1,0,0,"-32.95643, -60.69418",S/D,,ROSARIO,Rosario,S/D,S/D,II,S/D,S/D,S/D,S/D,S/D,S/D,S/D,S/D,S/D,S/D,S/D,S/D,S/D,S/D,S/D,S/D,"-32.95643, -60.69418",[''],0,,-32.95643,-60.69418,55.0,538.0,Municipio Rosario,Municipio,Rosario,820210,Servicio de Catastro e Información Territorial,IGN
2019,4586,2019-06-23,Domingo,,23:00:00,,0.0,2,"Peatón,Taxi/Remis",San Luis Y Ricchieri,2,1,0,0,1,0,0,"-32.94462, -60.66346",Calle,,ROSARIO,Rosario,Asfalto,No existe,II,S/D,Urbana,Ninguna,No existe,Intersección,Bueno,Buena,Nocturna,Buen Tiempo,S/D,Peatón,Atropello,S/D,Faltante,Ninguna,Sin restricción,"-32.94462, -60.66346","['San Luis', 'Ricchieri']",2,,-32.94462,-60.66346,55.0,538.0,Municipio Rosario,Municipio,Rosario,820210,Servicio de Catastro e Información Territorial,IGN
2019,4592,2019-05-16,Jueves,,18:25:00,,0.0,2,"Automóvil,Bicicleta",Bv. J.Granel 2700,2,1,0,0,1,0,0,"-32.890092075385,-60.724100062513",Avenida,,ROSARIO,Rosario,Asfalto,No existe,II,Dentro,Urbana,Otra Señal,No existe,Intersección,Bueno,Buena,Diurna,Buen Tiempo,S/D,Ciclista,Atropello,Ninguna,Vertical,Cordón divisorio,Sin restricción,"-32.890092075385,-60.724100062513",['J Granel 2700'],1,,-32.890092075385,-60.724100062513,55.0,538.0,Municipio Rosario,Municipio,Rosario,820210,Servicio de Catastro e Información Territorial,IGN
2019,4595,2019-05-15,Miercoles,,14:00:00,,0.0,2,"Automóvil,Peatón",Av. Pellegrini Y Laprida,2,1,0,0,1,0,0,"-32.958050081646,-60.636990397766",Avenida,,ROSARIO,Rosario,Asfalto,No existe,II,Dentro,Urbana,Semáforo,Funciona,Intersección,S/D,S/D,Diurna,S/D,S/D,Peatón,Atropello,S/D,"Horizontal,Vertical",Cordón divisorio,S/D,"-32.958050081646,-60.636990397766","['Pellegrini', 'Laprida']",2,,-32.958050081646,-60.636990397766,55.0,538.0,Municipio Rosario,Municipio,Rosario,820210,Servicio de Catastro e Información Territorial,IGN
2019,4597,2019-05-15,Miercoles,,21:20:00,,0.0,2,"Moto/Ciclomotor,Moto/Ciclomotor",Baigorria 1900,2,1,0,0,1,0,0,"-32.893644040148,-60.708016112313",Calle,,ROSARIO,Rosario,Asfalto,No existe,II,Dentro,Urbana,Ninguna,No existe,Intersección,S/D,S/D,Nocturna,S/D,S/D,S/D,Colisión,S/D,Faltante,Ninguna,S/D,"-32.893644040148,-60.708016112313",['Baigorria 1900'],1,,-32.893644040148,-60.708016112313,55.0,538.0,Municipio Rosario,Municipio,Rosario,820210,Servicio de Catastro e Información Territorial,IGN
2019,4599,2019-05-29,Miercoles,,,,0.0,1,Transporte de Pasajeros Urbano (> 8 asientos),Bv. Oroño Y San Luis,6,5,0,0,1,0,0,"-32.946347586245,-60.653837732832",Avenida,,ROSARIO,Rosario,Asfalto,No existe,II,Dentro,Urbana,Semáforo,Funciona,Intersección,Bueno,Buena,Diurna,Buen Tiempo,S/D,S/D,Caída ocupante,Ninguna,"Horizontal,Vertical","Cordón divisorio,Vegetación",Sin restricción,"-32.946347586245,-60.653837732832","['Bulevar Nicasio Oroño', 'San Luis']",2,,-32.946347586245,-60.653837732832,55.0,538.0,Municipio Rosario,Municipio,Rosario,820210,Servicio de Catastro e Información Territorial,IGN
2019,4603,2019-05-28,Martes,,21:30:00,,0.0,2,"Bicicleta,Automóvil",Donado Y Forest,2,0,1,0,1,0,0,"-32.9439125598,-60.726850370723",Calle,,ROSARIO,Rosario,Asfalto,No existe,II,Dentro,Urbana,Otra Señal,No existe,Intersección,Bueno,Buena,Nocturna,Buen Tiempo,S/D,Ciclista,Atropello,Ninguna,Vertical,Ninguna,Sin restricción,"-32.9439125598,-60.726850370723","['Donado', 'Carlos Forest']",2,,-32.9439125598,-60.726850370723,55.0,538.0,Municipio Rosario,Municipio,Rosario,820210,Servicio de Catastro e Información Territorial,IGN
2019,4607,2019-05-28,Martes,,07:45:00,,0.0,2,"Automóvil,Moto/Ciclomotor",Bolivia Y Cerrito,3,1,0,0,2,0,0,"-32.953353955741,-60.713289391242",Calle,,ROSARIO,Rosario,Asfalto,No existe,II,Dentro,Urbana,Ninguna,No existe,Intersección,Bueno,Buena,Diurna,Buen Tiempo,S/D,S/D,Colisión,Ninguna,Faltante,Ninguna,Sin restricción,"-32.953353955741,-60.713289391242","['Bolivia', 'Cerrito']",2,,-32.953353955741,-60.713289391242,55.0,538.0,Municipio Rosario,Municipio,Rosario,820210,Servicio de Catastro e Información Territorial,IGN
2019,4608,2019-05-23,Jueves,,,,0.0,2,"Automóvil,Moto/Ciclomotor",Bv. 27 De Febrero Y Rodriguez,3,1,1,0,1,0,0,"-32.963986694812775,-60.66411405801",Avenida,,ROSARIO,Rosario,Asfalto,No existe,II,Dentro,Urbana,Paso Peatonal,No existe,Intersección,S/D,S/D,S/D,S/D,S/D,S/D,Colisión,S/D,Horizontal,Cordón divisorio,S/D,"-32.963986694812775,-60.66411405801","['27 de Febrero', 'Rodríguez']",2,,-32.963986694812775,-60.66411405801,55.0,538.0,Municipio Rosario,Municipio,Rosario,820210,Servicio de Catastro e Información Territorial,IGN
2019,4613,2019-03-26,Martes,,,,0.0,2,"Moto/Ciclomotor,Automóvil",Montevideo Y Solis,2,1,0,0,0,0,1,"-32.94722, -60.70305",Calle,,ROSARIO,Rosario,S/D,S/D,II,S/D,Urbana,S/D,S/D,Intersección,S/D,S/D,S/D,S/D,S/D,S/D,Colisión,S/D,S/D,S/D,S/D,"-32.94722, -60.70305","['Montevideo', 'Solis']",2,,-32.94722,-60.70305,55.0,538.0,Municipio Rosario,Municipio,Rosario,820210,Servicio de Catastro e Información Territorial,IGN
2019,4614,2019-03-26,Martes,,,,0.0,2,"Automóvil,Moto/Ciclomotor",Bv. Avellaneda Bis Y Velez Sarsfield,3,1,0,0,2,0,0,"-32.92487, -60.67562",Calle,,ROSARIO,Rosario,Asfalto,S/D,II,S/D,Urbana,S/D,S/D,Intersección,S/D,S/D,S/D,S/D,S/D,S/D,Colisión,S/D,S/D,S/D,S/D,"-32.92487, -60.67562","['Avellaneda', 'Vélez Sarsfield']",2,,-32.92487,-60.67562,55.0,538.0,Municipio Rosario,Municipio,Rosario,820210,Servicio de Catastro e Información Territorial,IGN
2019,4616,2019-03-26,Martes,,09:00:00,,0.0,2,"Automóvil,Bicicleta",Bv. Segui Y Mitre,2,1,0,0,1,0,0,"-32.97893, -60.64781",Calle,,ROSARIO,Rosario,Asfalto,S/D,II,S/D,Urbana,S/D,S/D,Intersección,S/D,S/D,S/D,S/D,S/D,Ciclista,Atropello,S/D,S/D,S/D,S/D,"-32.97893, -60.64781","['Bulevar Juan Francisco Seguí', 'Mitre']",2,,-32.97893,-60.64781,55.0,538.0,Municipio Rosario,Municipio,Rosario,820210,Servicio de Catastro e Información Territorial,IGN
2019,4619,2019-03-26,Martes,,,,0.0,2,"Automóvil,Moto/Ciclomotor",Centeno Y Sarmiento,2,1,0,0,1,0,0,"-32.98483, -60.64781",Calle,,ROSARIO,Rosario,Asfalto,S/D,II,S/D,Urbana,S/D,S/D,Intersección,S/D,S/D,S/D,S/D,S/D,S/D,Colisión,S/D,S/D,S/D,S/D,"-32.98483, -60.64781","['Centeno', 'Sarmiento']",2,,-32.98483,-60.64781,55.0,538.0,Municipio Rosario,Municipio,Rosario,820210,Servicio de Catastro e Información Territorial,IGN
2019,4622,2019-05-24,Viernes,,09:35:00,,0.0,2,"Automóvil,Moto/Ciclomotor",Aurora Y Crespo,2,1,0,0,1,0,0,"-32.999562063446,-60.680701592071",Calle,,ROSARIO,Rosario,Asfalto,No existe,II,Dentro,Urbana,Ninguna,No existe,Intersección,S/D,S/D,Diurna,S/D,S/D,S/D,Colisión,S/D,Faltante,Ninguna,S/D,"-32.999562063446,-60.680701592071","['Aurora', 'Crespo']",2,,-32.999562063446,-60.680701592071,55.0,538.0,Municipio Rosario,Municipio,Rosario,820210,Servicio de Catastro e Información Territorial,IGN
2019,4625,2019-05-24,Viernes,,07:50:00,,0.0,2,"Moto/Ciclomotor,Automóvil",San Lorenzo Y Alvear,3,2,0,0,1,0,0,"-32.941196814405,-60.654068114406",Calle,,ROSARIO,Rosario,Asfalto,No existe,II,Dentro,Urbana,Paso Peatonal,No existe,Intersección,S/D,S/D,Diurna,S/D,S/D,S/D,Colisión,S/D,Horizontal,Ninguna,S/D,"-32.941196814405,-60.654068114406","['San Lorenzo', 'Alvear']",2,,-32.941196814405,-60.654068114406,55.0,538.0,Municipio Rosario,Municipio,Rosario,820210,Servicio de Catastro e Información Territorial,IGN