anio_acci,nro_acci,fecha,desc_dia,fecha_aprox,hora_aprox,desc_ruta,km,cant_participantes,desc_participante,calle_avenida_km,total,heridos_leves,heridos_graves,heridos_gravisimos,ilesos,fallecidos,sin_datos,posicion_XY,desc_tipo_via,desc_ruta_ori,desc_loc,desc_dpto,desc_tipo_calzada,desc_tipo_banquina,desc_unidad_regional,desc_lugar_calzada,desc_zona,desc_prioridad,desc_estado_semaforo,desc_lugar_via,desc_estado_via,desc_estado_visibilidad,desc_luminosidad,desc_estado_clima,desc_tipo_colision,desc_tipo_atropello,desc_tipo_hecho,desc_pres_calzada,desc_senializacion,desc_separacion_via,desc_restriccion,forma_geocod,calle_lista,numero_calles,calles_osm,lat,lon,index_right,gid,fna,gna,nam,in1,fdc,sag
2019,4629,2019-05-26,Domingo,,,,0.0,1,Moto/Ciclomotor,Pje. F.Canaro 8900,1,1,0,0,0,0,0,"-32.941453469439,-60.751661916124",Calle,,ROSARIO,Rosario,Asfalto,No existe,II,Dentro,Urbana,Ninguna,No existe,Recta,Bueno,Buena,S/D,Buen Tiempo,Atropello animal,S/D,Colisión,Ninguna,Faltante,Ninguna,Sin restricción,"-32.941453469439,-60.751661916124",['Pasaje F Canaro 8900'],1,,-32.941453469439,-60.751661916124,55.0,538.0,Municipio Rosario,Municipio,Rosario,820210,Servicio de Catastro e Información Territorial,IGN
2019,4633,2019-05-23,Jueves,,18:30:00,,0.0,2,"Bicicleta,Automóvil",Cavia 2200,2,1,0,0,1,0,0,"-32.894859418022,-60.709554634105",Calle,,ROSARIO,Rosario,Asfalto,No existe,II,Dentro,Urbana,Ninguna,No existe,Intersección,Bueno,Buena,Diurna,Buen Tiempo,S/D,Ciclista,Atropello,Ninguna,Faltante,Ninguna,Sin restricción,"-32.894859418022,-60.709554634105",['Cavia 2200'],1,,-32.894859418022,-60.709554634105,55.0,538.0,Municipio Rosario,Municipio,Rosario,820210,Servicio de Catastro e Información Territorial,IGN
2019,4642,2019-03-16,Sabado,,,,0.0,2,"Automóvil,Automóvil",Av. Uriburu 6300,3,1,0,0,2,0,0,"-32.99214, -60.69993",Avenida,,ROSARIO,Rosario,Asfalto,S/D,II,S/D,Urbana,S/D,S/D,Recta,S/D,S/D,S/D,S/D,S/D,S/D,Colisión,S/D,S/D,S/D,S/D,"-32.99214, -60.69993",['Uriburu 6300'],1,,-32.99214,-60.69993,55.0,538.0,Municipio Rosario,Municipio,Rosario,820210,Servicio de Catastro e Información Territorial,IGN
2019,4652,2019-01-28,Lunes,,22:00:00,,0.0,2,"Peatón,Otros",Entre Rios Y 3 De Febrero,2,0,0,0,0,1,1,"-32.952258,-60.642545",Calle,,ROSARIO,Rosario,Asfalto,No existe,II,Dentro,Urbana,Semáforo,Funciona,Intersección,Bueno,S/D,Nocturna,S/D,S/D,Peatón,Atropello,Ninguna,"Horizontal,Vertical",Ninguna,Sin restricción,"-32.952258,-60.642545","['Entre Ríos', '3 de Febrero']",2,,-32.952258,-60.642545,55.0,538.0,Municipio Rosario,Municipio,Rosario,820210,Servicio de Catastro e Información Territorial,IGN
2019,4653,2019-06-26,Miercoles,,16:00:00,,0.0,2,"Transporte de Pasajeros Urbano (> 8 asientos),Automóvil",Bv. 27 De Febrero Y Balcarce,2,1,0,0,1,0,0,"    -32.96524, -60.65728",Avenida,,ROSARIO,Rosario,Asfalto,S/D,II,Dentro,Urbana,S/D,S/D,Intersección,S/D,S/D,Diurna,S/D,S/D,S/D,Colisión,S/D,S/D,S/D,S/D,"    -32.96524, -60.65728","['27 de Febrero', 'Balcarce']",2,,-32.96524,-60.65728,55.0,538.0,Municipio Rosario,Municipio,Rosario,820210,Servicio de Catastro e Información Territorial,IGN
2019,4654,2019-06-26,Miercoles,,22:10:00,,0.0,2,"Moto/Ciclomotor,Automóvil",Riobamba Y Sarmiento,2,1,0,0,1,0,0,"    -32.96302, -60.6423",Calle,,ROSARIO,Rosario,Asfalto,No existe,II,Dentro,Urbana,S/D,No existe,Intersección,S/D,S/D,Nocturna,S/D,S/D,S/D,Colisión,S/D,S/D,S/D,Sin restricción,"    -32.96302, -60.6423","['Riobamba', 'Sarmiento']",2,,-32.96302,-60.6423,55.0,538.0,Municipio Rosario,Municipio,Rosario,820210,Servicio de Catastro e Información Territorial,IGN
2019,4658,2019-05-31,Viernes,,15:30:00,,0.0,2,"Automóvil,Transporte de Pasajeros Urbano (> 8 asientos)",Buenos Aires Y Mendoza,2,1,0,0,1,0,0,"-32.952473569195,-60.633997204012",Calle,,ROSARIO,Rosario,Asfalto,No existe,II,Dentro,Urbana,Paso Peatonal,No existe,Intersección,Bueno,Buena,Diurna,Buen Tiempo,Lateral,S/D,Colisión,Ninguna,Horizontal,Línea divisoria pintada,Sin restricción,"-32.952473569195,-60.633997204012","['Buenos Aires', 'Mendoza']",2,,-32.952473569195,-60.633997204012,55.0,538.0,Municipio Rosario,Municipio,Rosario,820210,Servicio de Catastro e Información Territorial,IGN
2019,4667,2019-05-31,Viernes,,14:15:00,,0.0,2,"Transporte de Pasajeros Urbano (> 8 asientos),Peatón",Santa Fe Y San Martin,2,0,1,0,1,0,0,"-32.94561746714,-60.636453909033",Calle,,ROSARIO,Rosario,Asfalto,No existe,II,Dentro,Urbana,Paso Peatonal,No existe,Intersección,Bueno,Buena,Diurna,Buen Tiempo,S/D,Peatón,Atropello,Ninguna,Horizontal,Línea divisoria pintada,Sin restricción,"-32.94561746714,-60.636453909033","['Santa Fe', 'San Martin']",2,,-32.94561746714,-60.636453909033,55.0,538.0,Municipio Rosario,Municipio,Rosario,820210,Servicio de Catastro e Información Territorial,IGN
2019,4688,2019-06-27,Jueves,,08:30:00,,0.0,2,"Automóvil,Moto/Ciclomotor",Bv. Avellaneda Y Cochabamba,2,1,0,0,1,0,0,"    -32.95108, -60.68209",Avenida,,ROSARIO,Rosario,Asfalto,S/D,II,Dentro,Urbana,S/D,S/D,Intersección,S/D,S/D,Diurna,S/D,S/D,S/D,Colisión,S/D,S/D,S/D,S/D,"    -32.95108, -60.68209","['Avellaneda', 'Cochabamba']",2,,-32.95108,-60.68209,55.0,538.0,Municipio Rosario,Municipio,Rosario,820210,Servicio de Catastro e Información Territorial,IGN
2019,4689,2019-06-27,Jueves,,08:00:00,,0.0,2,"Pickup/Utilitario,Moto/Ciclomotor",Bv. Wilde 1200,3,1,1,0,1,0,0,"    -32.91592, -60.73943",Avenida,,ROSARIO,Rosario,Asfalto,No existe,II,Dentro,Urbana,S/D,S/D,Recta,S/D,S/D,Diurna,S/D,S/D,S/D,Colisión,S/D,S/D,S/D,S/D,"    -32.91592, -60.73943",['Wilde 1200'],1,,-32.91592,-60.73943,55.0,538.0,Municipio Rosario,Municipio,Rosario,820210,Servicio de Catastro e Información Territorial,IGN
2019,4691,2019-07-06,Sabado,,16:40:00,,0.0,2,"Moto/Ciclomotor,Camión Chasis",Velez Sarsfield ,2,1,0,0,1,0,0,"-32.92538, -60.69308",Calle,,ROSARIO,Rosario,Asfalto,S/D,II,Dentro,Urbana,Ninguna,S/D,Intersección,Bueno,S/D,Diurna,S/D,S/D,S/D,Colisión,Ninguna,S/D,Ninguna,Sin restricción,"-32.92538, -60.69308",['Vélez Sarsfield'],1,,-32.92538,-60.69308,55.0,538.0,Municipio Rosario,Municipio,Rosario,820210,Servicio de Catastro e Información Territorial,IGN
2019,4694,2019-07-03,Miercoles,,12:45:00,,0.0,2,"Peatón,Automóvil",Av. Provincias Unidas Y Av. Eva Peron,2,0,1,0,1,0,0,"-32.93299, -60.71283",Avenida,,ROSARIO,Rosario,Asfalto,Pavimento,II,Dentro,Urbana,Semáforo,Funciona,Intersección,Bueno,Buena,Diurna,Buen Tiempo,S/D,Peatón,Atropello,Ninguna,S/D,Cordón divisorio,Sin restricción,"-32.93299, -60.71283","['Avenida Provincias Unidas', 'Avenida Eva Perón']",2,,-32.93299,-60.71283,55.0,538.0,Municipio Rosario,Municipio,Rosario,820210,Servicio de Catastro e Información Territorial,IGN
2019,4695,2019-06-28,Viernes,,12:30:00,,0.0,2,"Peatón,Automóvil",Bv. Avellaneda Y Riobamba,2,1,0,0,1,0,0,"    -32.95571, -60.68323",Avenida,,ROSARIO,Rosario,Asfalto,S/D,II,Dentro,Urbana,S/D,S/D,Intersección,S/D,S/D,Diurna,S/D,S/D,Peatón,Atropello,S/D,S/D,S/D,S/D,"    -32.95571, -60.68323","['Avellaneda', 'Riobamba']",2,,-32.95571,-60.68323,55.0,538.0,Municipio Rosario,Municipio,Rosario,820210,Servicio de Catastro e Información Territorial,IGN
2019,4696,2019-07-02,Martes,,10:05:00,,0.0,2,"Moto/Ciclomotor,Automóvil",J.J.Paso 5400,2,1,0,0,1,0,0,"-32.91983, -60.69796",Calle,,ROSARIO,Rosario,Asfalto,No existe,II,Dentro,Urbana,Semáforo,Funciona,Recta,Bueno,S/D,Diurna,Buen Tiempo,Contra objeto fijo,S/D,Otro,Ninguna,Vertical,Ninguna,Sin restricción,"-32.91983, -60.69796",['Juan José Paso 5400'],1,,-32.91983,-60.69796,55.0,538.0,Municipio Rosario,Municipio,Rosario,820210,Servicio de Catastro e Información Territorial,IGN
2019,4697,2019-07-05,Viernes,,19:00:00,,0.0,2,"Peatón,Pickup/Utilitario",Bv. Avellaneda Y Ituzaingo,2,0,1,0,0,0,1,"-32.95345, -60.68262",Avenida,,ROSARIO,Rosario,S/D,S/D,II,S/D,Urbana,S/D,S/D,S/D,S/D,S/D,S/D,S/D,S/D,Peatón,Atropello,S/D,S/D,S/D,S/D,"-32.95345, -60.68262","['Avellaneda', 'Ituzaingó']",2,,-32.95345,-60.68262,55.0,538.0,Municipio Rosario,Municipio,Rosario,820210,Servicio de Catastro e Información Territorial,IGN
2019,4698,2019-06-28,Viernes,,13:00:00,,0.0,2,"Moto/Ciclomotor,Bicicleta",Cavia Y Herrera,2,1,0,0,1,0,0,"    -32.89767, -60.7094",Calle,,ROSARIO,Rosario,Asfalto,S/D,II,Dentro,Urbana,S/D,No existe,Intersección,S/D,S/D,Diurna,S/D,S/D,Ciclista,Atropello,S/D,S/D,S/D,S/D,"    -32.89767, -60.7094","['Cavia', 'Herrera']",2,,-32.89767,-60.7094,55.0,538.0,Municipio Rosario,Municipio,Rosario,820210,Servicio de Catastro e Información Territorial,IGN
2019,4699,2019-07-07,Domingo,,18:55:00,,0.0,2,"Moto/Ciclomotor,Automóvil",Bv. Segui Y Entre Rios,2,1,0,0,1,0,0,"-32.97852, -60.64908",Calle,,ROSARIO,Rosario,Asfalto,No existe,II,Dentro,Urbana,Ninguna,No existe,Recta,Bueno,Buena,Atardecer,Buen Tiempo,Lateral,S/D,Colisión,Ninguna,Faltante,Ninguna,Sin restricción,"-32.97852, -60.64908","['Bulevar Juan Francisco Seguí', 'Entre Ríos']",2,,-32.97852,-60.64908,55.0,538.0,Municipio Rosario,Municipio,Rosario,820210,Servicio de Catastro e Información Territorial,IGN
2019,4700,2019-07-07,Domingo,,18:45:00,,0.0,2,"Moto/Ciclomotor,Automóvil",Paraguay Y Av. Uriburu,2,1,0,0,1,0,0,"-32.99095, -60.65512",S/D,,ROSARIO,Rosario,S/D,S/D,II,S/D,S/D,S/D,S/D,S/D,S/D,S/D,S/D,S/D,S/D,S/D,S/D,S/D,S/D,S/D,S/D,"-32.99095, -60.65512","['Paraguay', 'Uriburu']",2,,-32.99095,-60.65512,55.0,538.0,Municipio Rosario,Municipio,Rosario,820210,Servicio de Catastro e Información Territorial,IGN
2019,4701,2019-06-28,Viernes,,,,0.0,2,"Moto/Ciclomotor,Pickup/Utilitario",J.M.de Rosas Y Riobamba,2,1,0,0,1,0,0,"    -32.96423, -60.63543",Calle,,ROSARIO,Rosario,hormigón,S/D,II,Dentro,Urbana,S/D,S/D,Intersección,S/D,S/D,S/D,S/D,S/D,S/D,Colisión,S/D,S/D,S/D,S/D,"    -32.96423, -60.63543","['De Rosas', 'Riobamba']",2,,-32.96423,-60.63543,55.0,538.0,Municipio Rosario,Municipio,Rosario,820210,Servicio de Catastro e Información Territorial,IGN
2019,4702,2019-07-07,Domingo,,13:45:00,,0.0,2,"Moto/Ciclomotor,Automóvil",Ayacucho Y J.M.Gutierrez,3,2,0,0,1,0,0,"-32.99367, -60.63681",Calle,,ROSARIO,Rosario,Asfalto,No existe,II,Dentro,Urbana,Ninguna,No existe,Intersección,Bueno,Buena,Diurna,Buen Tiempo,Lateral,S/D,Colisión,Ninguna,Faltante,Cordón divisorio,Sin restricción,"-32.99367, -60.63681","['Ayacucho', 'Gutierrez']",2,,-32.99367,-60.63681,55.0,538.0,Municipio Rosario,Municipio,Rosario,820210,Servicio de Catastro e Información Territorial,IGN
2019,4704,2019-07-05,Viernes,,09:00:00,,0.0,2,"Automóvil,Pickup/Utilitario",Ameghino ,3,1,0,0,2,0,0,"-32.98694, -60.64978",Calle,,ROSARIO,Rosario,Asfalto,No existe,II,Dentro,Urbana,Ninguna,No existe,Intersección,Bueno,Buena,Diurna,Buen Tiempo,Lateral,S/D,Colisión,Ninguna,Faltante,Barrera de hormigón,Sin restricción,"-32.98694, -60.64978",['Ameghino'],1,,-32.98694,-60.64978,55.0,538.0,Municipio Rosario,Municipio,Rosario,820210,Servicio de Catastro e Información Territorial,IGN
2019,4705,2019-07-05,Viernes,,13:20:00,,0.0,2,"Moto/Ciclomotor,Pickup/Utilitario",Bv. Segui Y Pte.Roca,2,1,0,0,1,0,0,"-32.97797, -60.65338",S/D,,ROSARIO,Rosario,Asfalto,No existe,II,S/D,S/D,Ninguna,No existe,Intersección,Bueno,Buena,Diurna,Buen Tiempo,Lateral,S/D,Colisión,Ninguna,Faltante,Barrera de hormigón,Sin restricción,"-32.97797, -60.65338","['Bulevar Juan Francisco Seguí', 'Roca']",2,,-32.97797,-60.65338,55.0,538.0,Municipio Rosario,Municipio,Rosario,820210,Servicio de Catastro e Información Territorial,IGN
2019,4706,2019-07-04,Jueves,,14:00:00,,0.0,2,"Moto/Ciclomotor,Automóvil",Italia Y Gaboto,2,1,0,0,1,0,0,"-32.97162, -60.65455",Calle,,ROSARIO,Rosario,S/D,No existe,II,S/D,Urbana,Ninguna,No existe,Intersección,Bueno,Buena,Diurna,Buen Tiempo,Lateral,S/D,Colisión,S/D,Faltante,S/D,Sin restricción,"-32.97162, -60.65455","['Italia', 'Gaboto']",2,,-32.97162,-60.65455,55.0,538.0,Municipio Rosario,Municipio,Rosario,820210,Servicio de Catastro e Información Territorial,IGN
2019,4726,2019-05-22,Miercoles,,,,0.0,2,"Peatón,Automóvil",Av. Provincias Unidas Y Bv. Segui,2,1,0,0,1,0,0,"-32.970921307465,-60.711459055495",Avenida,,ROSARIO,Rosario,Asfalto,No existe,II,Dentro,Urbana,Semáforo,Funciona,Intersección,Bueno,Buena,Diurna,Buen Tiempo,S/D,Peatón,Atropello,Ninguna,"Horizontal,Vertical","Cordón divisorio,Vegetación",Sin restricción,"-32.970921307465,-60.711459055495","['Avenida Provincias Unidas', 'Bulevar Juan Francisco Seguí']",2,,-32.970921307465,-60.711459055495,55.0,538.0,Municipio Rosario,Municipio,Rosario,820210,Servicio de Catastro e Información Territorial,IGN
2019,4728,2019-05-21,Martes,,,,0.0,1,Vehículo Oficial,Bv. Rondeau Y Nansen,2,2,0,0,0,0,0,"-32.909323664713,-60.687683935772",Avenida,,ROSARIO,Rosario,Asfalto,No existe,II,Dentro,Urbana,Semáforo,Funciona,Intersección,Bueno,Buena,S/D,Buen Tiempo,Contra objeto fijo,S/D,Colisión,Ninguna,"Horizontal,Vertical","Cordón divisorio,Vegetación,Línea divisoria pintada",Sin restricción,"-32.909323664713,-60.687683935772","['Rondeau', 'Nansen']",2,,-32.909323664713,-60.687683935772,55.0,538.0,Municipio Rosario,Municipio,Rosario,820210,Servicio de Catastro e Información Territorial,IGN
2019,4732,2019-07-05,Viernes,,21:20:00,,0.0,2,"Moto/Ciclomotor,Automóvil",Beruti Y Rueda,2,1,0,0,1,0,0,"-32.97434, -60.62619",Calle,,ROSARIO,Rosario,Asfalto,No existe,II,Dentro,Urbana,Ninguna,No existe,Intersección,Bueno,Buena,Nocturna,Buen Tiempo,Lateral,S/D,Colisión,Ninguna,Faltante,Barrera de hormigón,S/D,"-32.97434, -60.62619","['Luis Beruti', 'Rueda']",2,,-32.97434,-60.62619,55.0,538.0,Municipio Rosario,Municipio,Rosario,820210,Servicio de Catastro e Información Territorial,IGN
2019,4733,2019-07-02,Martes,,11:15:00,,0.0,2,"Moto/Ciclomotor,Automóvil",Av. Corrientes Y Lamadrid,2,1,0,0,1,0,0,"-32.99728, -60.65345",Calle,,ROSARIO,Rosario,Asfalto,No existe,II,Dentro,Urbana,Ninguna,No existe,Intersección,Bueno,Buena,Diurna,Buen Tiempo,Lateral,S/D,Colisión,Ninguna,Faltante,Ninguna,Sin restricción,"-32.99728, -60.65345","['Corrientes', 'Lamadrid']",2,,-32.99728,-60.65345,55.0,538.0,Municipio Rosario,Municipio,Rosario,820210,Servicio de Catastro e Información Territorial,IGN
2019,4735,2019-06-29,Sabado,,13:30:00,,0.0,2,"Automóvil,Automóvil",Alvarez Thomas Y Castagnino,3,3,0,0,0,0,0,"    -32.89624, -60.6869",Calle,,ROSARIO,Rosario,Asfalto,S/D,II,Dentro,Urbana,S/D,S/D,Intersección,S/D,S/D,Diurna,S/D,S/D,S/D,Colisión,S/D,S/D,S/D,S/D,"    -32.89624, -60.6869","['Alvarez Thomas', 'Castagnino']",2,,-32.89624,-60.6869,55.0,538.0,Municipio Rosario,Municipio,Rosario,820210,Servicio de Catastro e Información Territorial,IGN
2019,4736,2019-07-01,Lunes,,15:45:00,,0.0,2,"Moto/Ciclomotor,Taxi/Remis",Maipu Y Gaboto,2,1,0,0,1,0,0,"-32.97393, -60.64212",Calle,,ROSARIO,Rosario,Asfalto,No existe,II,Dentro,Urbana,Ninguna,No existe,Intersección,Bueno,Buena,Diurna,Buen Tiempo,Lateral,S/D,Colisión,Ninguna,Faltante,Ninguna,Sin restricción,"-32.97393, -60.64212","['Maipú', 'Gaboto']",2,,-32.97393,-60.64212,55.0,538.0,Municipio Rosario,Municipio,Rosario,820210,Servicio de Catastro e Información Territorial,IGN
2019,4737,2019-06-29,Sabado,,12:25:00,,0.0,2,"Automóvil,Moto/Ciclomotor",Barra Y Godoy Cruz,3,0,2,0,1,0,0,"    -32.94394, -60.70661",Calle,,ROSARIO,Rosario,hormigón,S/D,II,Dentro,Urbana,S/D,S/D,Intersección,S/D,S/D,Diurna,S/D,S/D,S/D,Colisión,S/D,S/D,S/D,S/D,"    -32.94394, -60.70661","['Barra', 'Avenida Presidente Perón']",2,,-32.94394,-60.70661,55.0,538.0,Municipio Rosario,Municipio,Rosario,820210,Servicio de Catastro e Información Territorial,IGN
2019,4738,2019-07-01,Lunes,,19:50:00,,0.0,2,"Automóvil,Automóvil",Estado de Israel Y Pje. Humboldt,2,1,0,0,1,0,0,"-32.99185, -60.64766",Calle,,ROSARIO,Rosario,Asfalto,No existe,II,Dentro,Urbana,Ninguna,No existe,Intersección,Bueno,Buena,Atardecer,Buen Tiempo,Lateral,S/D,Colisión,Ninguna,Faltante,Ninguna,Sin restricción,"-32.99185, -60.64766","['Estado de Israel', 'Humboldt']",2,,-32.99185,-60.64766,55.0,538.0,Municipio Rosario,Municipio,Rosario,820210,Servicio de Catastro e Información Territorial,IGN
2019,4740,2019-07-01,Lunes,,00:30:00,,0.0,2,"Moto/Ciclomotor,Automóvil",Mitre Y Uruguay,3,2,0,0,1,0,0,"-32.9766, -60.64718",S/D,,ROSARIO,Rosario,Asfalto,No existe,II,Dentro,Urbana,Ninguna,No existe,Intersección,Bueno,Buena,Nocturna,Buen Tiempo,Lateral,S/D,Colisión,Ninguna,Faltante,Ninguna,Sin restricción,"-32.9766, -60.64718","['Mitre', 'Uruguay']",2,,-32.9766,-60.64718,55.0,538.0,Municipio Rosario,Municipio,Rosario,820210,Servicio de Catastro e Información Territorial,IGN
2019,4741,2019-07-05,Viernes,,19:00:00,,0.0,2,"Peatón,Pickup/Utilitario",San Martin Y Calle 503,2,1,0,0,1,0,0,"-33.01501, -60.65186",Calle,,ROSARIO,Rosario,Asfalto,No existe,II,Dentro,Urbana,Ninguna,No existe,Intersección,Bueno,Buena,Atardecer,Buen Tiempo,Contra objeto fijo,Peatón,Atropello,Ninguna,S/D,Ninguna,Sin restricción,"-33.01501, -60.65186","['San Martin', 'Calle 503']",2,,-33.01501,-60.65186,55.0,538.0,Municipio Rosario,Municipio,Rosario,820210,Servicio de Catastro e Información Territorial,IGN
2019,4744,2019-07-07,Domingo,,06:05:00,,0.0,2,"Moto/Ciclomotor,Pickup/Utilitario",Cafferata Y Santa Fe,3,2,0,0,1,0,0,"-32.93925, -60.67056",Calle,,ROSARIO,Rosario,Asfalto,No existe,II,S/D,Urbana,Semáforo,Funciona,Intersección,Bueno,Buena,Diurna,Buen Tiempo,S/D,S/D,Colisión,Ninguna,Vertical,Ninguna,Sin restricción,"-32.93925, -60.67056","['Cafferata', 'Santa Fe']",2,,-32.93925,-60.67056,55.0,538.0,Municipio Rosario,Municipio,Rosario,820210,Servicio de Catastro e Información Territorial,IGN
2019,4751,2019-07-07,Domingo,,16:40:00,,0.0,2,"Peatón,Automóvil",Paraguay 1122,2,1,0,0,1,0,0,"-32.94953, -60.64486",Calle,,ROSARIO,Rosario,Asfalto,No existe,II,S/D,Urbana,Semáforo,Funciona,Recta,Bueno,Buena,Diurna,Buen Tiempo,S/D,Peatón,Atropello,Ninguna,Vertical,Ninguna,Sin restricción,"-32.94953, -60.64486",['Paraguay 1122'],1,,-32.94953,-60.64486,55.0,538.0,Municipio Rosario,Municipio,Rosario,820210,Servicio de Catastro e Información Territorial,IGN
2019,4755,2019-07-07,Domingo,,23:00:00,,0.0,2,"Moto/Ciclomotor,Pickup/Utilitario",E.Zeballos Y L.N.Alem,4,0,1,0,3,0,0,"-32.95708, -60.63055",Calle,,ROSARIO,Rosario,Asfalto,No existe,II,S/D,Urbana,Ninguna,No existe,Intersección,Bueno,Buena,Nocturna,Buen Tiempo,S/D,S/D,Colisión,S/D,Vertical,Ninguna,Sin restricción,"-32.95708, -60.63055","['Zeballos', 'Alem']",2,,-32.95708,-60.63055,55.0,538.0,Municipio Rosario,Municipio,Rosario,820210,Servicio de Catastro e Información Territorial,IGN
2019,4759,2019-07-05,Viernes,,21:45:00,,0.0,2,"Moto/Ciclomotor,Automóvil",Carriego 1000,2,1,0,0,1,0,0,"-32.94001, -60.68936",Calle,,ROSARIO,Rosario,Asfalto,No existe,II,S/D,Urbana,Ninguna,No existe,Recta,Bueno,Buena,Nocturna,Buen Tiempo,S/D,S/D,Colisión,S/D,Vertical,S/D,Sin restricción,"-32.94001, -60.68936",['Carriego 1000'],1,,-32.94001,-60.68936,55.0,538.0,Municipio Rosario,Municipio,Rosario,820210,Servicio de Catastro e Información Territorial,IGN
2019,4761,2019-07-05,Viernes,,20:40:00,,0.0,2,"Moto/Ciclomotor,Taxi/Remis",Catamarca Y España,2,1,0,0,0,0,1,"-32.93919, -60.64487",Calle,,ROSARIO,Rosario,Asfalto,No existe,II,S/D,Urbana,Semáforo,Funciona,Intersección,Bueno,Buena,Nocturna,Buen Tiempo,S/D,S/D,Colisión,S/D,Vertical,Ninguna,Sin restricción,"-32.93919, -60.64487","['Catamarca', 'España']",2,,-32.93919,-60.64487,55.0,538.0,Municipio Rosario,Municipio,Rosario,820210,Servicio de Catastro e Información Territorial,IGN
2019,4762,2019-07-05,Viernes,,20:40:00,,0.0,2,"Automóvil,Moto/Ciclomotor",Mariano Moreno Y San Juan,2,1,0,0,1,0,0,"-32.94802, -60.65152",Calle,,ROSARIO,Rosario,Asfalto,No existe,II,S/D,Urbana,Ninguna,No existe,Intersección,Bueno,Buena,Nocturna,Buen Tiempo,S/D,S/D,Colisión,S/D,Vertical,Ninguna,Sin restricción,"-32.94802, -60.65152","['Mariano Moreno', 'San Juan']",2,,-32.94802,-60.65152,55.0,538.0,Municipio Rosario,Municipio,Rosario,820210,Servicio de Catastro e Información Territorial,IGN
2019,4767,2019-05-16,Jueves,,,,0.0,2,"Camión,Pickup/Utilitario",Dorrego Y Pte.Quintana,3,1,0,0,2,0,0,"-32.980530637534,-60.658313528204",Calle,,ROSARIO,Rosario,Asfalto,No existe,II,Dentro,Urbana,Ninguna,No existe,Intersección,Deteriorada,Buena,Atardecer,Buen Tiempo,Lateral,S/D,Colisión,Ninguna,Faltante,Ninguna,Sin restricción,"-32.980530637534,-60.658313528204","['Dorrego', 'Quintana']",2,,-32.980530637534,-60.658313528204,55.0,538.0,Municipio Rosario,Municipio,Rosario,820210,Servicio de Catastro e Información Territorial,IGN
2019,4770,2019-05-15,Miercoles,,07:45:00,,0.0,2,"Automóvil,Moto/Ciclomotor",Av. Pte.Peron Y Valparaiso,2,1,0,0,1,0,0,"-32.957887452643,-60.686711823251",Avenida,,ROSARIO,Rosario,Asfalto,No existe,II,Dentro,Urbana,Paso Peatonal,No existe,Intersección,Bueno,Buena,Amanecer,Buen Tiempo,Lateral,S/D,Colisión,Ninguna,"Horizontal,Vertical","Cordón divisorio,Vegetación,Línea divisoria pintada",Sin restricción,"-32.957887452643,-60.686711823251","['Avenida Presidente Perón', 'Valparaíso']",2,,-32.957887452643,-60.686711823251,55.0,538.0,Municipio Rosario,Municipio,Rosario,820210,Servicio de Catastro e Información Territorial,IGN
2019,4774,2019-05-14,Martes,,15:00:00,,0.0,1,Automóvil,Av. Pte.Peron Y Cafferata,1,1,0,0,0,0,0,"-32.956641381789,-60.675012334072",Avenida,,ROSARIO,Rosario,Asfalto,No existe,II,Dentro,Urbana,Semáforo,Funciona,Intersección,Bueno,Buena,Diurna,Buen Tiempo,Contra objeto fijo,S/D,Colisión,Ninguna,"Horizontal,Vertical","Cordón divisorio,Vegetación,Línea divisoria pintada",Sin restricción,"-32.956641381789,-60.675012334072","['Avenida Presidente Perón', 'Cafferata']",2,,-32.956641381789,-60.675012334072,55.0,538.0,Municipio Rosario,Municipio,Rosario,820210,Servicio de Catastro e Información Territorial,IGN
2019,4775,2019-05-14,Martes,,,,0.0,2,"Automóvil,Automóvil",9 De Julio Y Alvear,3,1,0,0,2,0,0,"-32.950888273386,-60.656516831514",Calle,,ROSARIO,Rosario,Asfalto,No existe,II,Dentro,Urbana,Ninguna,No existe,Intersección,Bueno,Buena,Diurna,Buen Tiempo,Lateral,S/D,Colisión,Ninguna,Horizontal,Ninguna,Sin restricción,"-32.950888273386,-60.656516831514","['9 de Julio', 'Alvear']",2,,-32.950888273386,-60.656516831514,55.0,538.0,Municipio Rosario,Municipio,Rosario,820210,Servicio de Catastro e Información Territorial,IGN
2019,4778,2019-07-06,Sabado,,13:30:00,,0.0,2,"Moto/Ciclomotor,Automóvil",San Juan Y F.More,3,1,0,0,2,0,0,"-32.94061, -60.69351",Calle,,ROSARIO,Rosario,Asfalto,No existe,II,S/D,Urbana,Semáforo,Funciona,Intersección,Bueno,Buena,Diurna,S/D,S/D,S/D,Colisión,S/D,Vertical,Ninguna,Sin restricción,"-32.94061, -60.69351","['San Juan', 'Felipe Moré']",2,,-32.94061,-60.69351,55.0,538.0,Municipio Rosario,Municipio,Rosario,820210,Servicio de Catastro e Información Territorial,IGN
2019,4785,2019-07-05,Viernes,,18:30:00,,0.0,2,"Moto/Ciclomotor,Automóvil",Rioja 1200,2,1,0,0,1,0,0,"-32.94742, -60.63986",S/D,,ROSARIO,Rosario,S/D,S/D,II,S/D,Urbana,S/D,S/D,S/D,S/D,S/D,S/D,S/D,S/D,S/D,S/D,S/D,S/D,S/D,S/D,"-32.94742, -60.63986",['Rioja 1200'],1,,-32.94742,-60.63986,55.0,538.0,Municipio Rosario,Municipio,Rosario,820210,Servicio de Catastro e Información Territorial,IGN