anio_acci,nro_acci,fecha,desc_dia,fecha_aprox,hora_aprox,desc_ruta,km,cant_participantes,desc_participante,calle_avenida_km,total,heridos_leves,heridos_graves,heridos_gravisimos,ilesos,fallecidos,sin_datos,posicion_XY,desc_tipo_via,desc_ruta_ori,desc_loc,desc_dpto,desc_tipo_calzada,desc_tipo_banquina,desc_unidad_regional,desc_lugar_calzada,desc_zona,desc_prioridad,desc_estado_semaforo,desc_lugar_via,desc_estado_via,desc_estado_visibilidad,desc_luminosidad,desc_estado_clima,desc_tipo_colision,desc_tipo_atropello,desc_tipo_hecho,desc_pres_calzada,desc_senializacion,desc_separacion_via,desc_restriccion,forma_geocod,calle_lista,numero_calles,calles_osm,lat,lon,index_right,gid,fna,gna,nam,in1,fdc,sag
2019,4802,2019-05-17,Viernes,,,,0.0,2,"Moto/Ciclomotor,Peatón",Av. Bermudez Y Alzugaray,2,1,0,0,1,0,0,"-33.012798473429,-60.642127625581",Avenida,,ROSARIO,Rosario,Asfalto,No existe,II,Dentro,Urbana,Ninguna,No existe,Intersección,S/D,S/D,S/D,S/D,S/D,Peatón,Atropello,S/D,Faltante,Ninguna,S/D,"-33.012798473429,-60.642127625581","['Bermudez', 'Alzugaray']",2,,-33.012798473429,-60.642127625581,55.0,538.0,Municipio Rosario,Municipio,Rosario,820210,Servicio de Catastro e Información Territorial,IGN
2019,4806,2019-05-26,Domingo,,00:05:00,,0.0,1,Automóvil,Av. Battle y Ordoñez ,1,1,0,0,0,0,0,"-33.008902374031,-60.651128911665",Avenida,,ROSARIO,Rosario,Asfalto,No existe,II,Dentro,Urbana,S/D,S/D,S/D,Bueno,Buena,"Nocturna,Con luz artificial",Buen Tiempo,S/D,S/D,Colisión,Ninguna,S/D,Cordón divisorio,Sin restricción,"-33.008902374031,-60.651128911665",['Avenida Battle y Ordoñez'],1,,-33.008902374031,-60.651128911665,55.0,538.0,Municipio Rosario,Municipio,Rosario,820210,Servicio de Catastro e Información Territorial,IGN
2019,4814,2019-07-01,Lunes,,22:20:00,,0.0,2,"Moto/Ciclomotor,Automóvil",3 De Febrero Y Santiago,2,1,0,0,1,0,0,"-32.94967, -60.65759",S/D,,ROSARIO,Rosario,Asfalto,No existe,II,S/D,S/D,Ninguna,No existe,Intersección,Bueno,Buena,"Nocturna,Con luz artificial",Buen Tiempo,S/D,S/D,Colisión,S/D,S/D,Ninguna,Sin restricción,"-32.94967, -60.65759","['3 de Febrero', 'Santiago']",2,,-32.94967,-60.65759,55.0,538.0,Municipio Rosario,Municipio,Rosario,820210,Servicio de Catastro e Información Territorial,IGN
2019,4816,2019-07-06,Sabado,,15:00:00,,0.0,2,"Moto/Ciclomotor,Automóvil",Brown Y Santiago,2,1,0,0,0,0,1,"-32.93398, -60.65364",Calle,,ROSARIO,Rosario,Asfalto,No existe,II,S/D,Urbana,Ninguna,No existe,Intersección,Bueno,Buena,Diurna,Buen Tiempo,S/D,S/D,Colisión,S/D,Vertical,Ninguna,Sin restricción,"-32.93398, -60.65364","['Brown', 'Santiago']",2,,-32.93398,-60.65364,55.0,538.0,Municipio Rosario,Municipio,Rosario,820210,Servicio de Catastro e Información Territorial,IGN
2019,4819,2019-07-06,Sabado,,09:55:00,,0.0,2,"Moto/Ciclomotor,Moto/Ciclomotor",Av. Corrientes Y La Paz,2,1,0,0,0,0,1,"-32.96353, -60.64686",Calle,,ROSARIO,Rosario,Asfalto,No existe,II,S/D,Urbana,Semáforo,Funciona,Intersección,Bueno,Buena,Diurna,Buen Tiempo,S/D,S/D,Colisión,Ninguna,Vertical,Ninguna,Sin restricción,"-32.96353, -60.64686","['Corrientes', 'La Paz']",2,,-32.96353,-60.64686,55.0,538.0,Municipio Rosario,Municipio,Rosario,820210,Servicio de Catastro e Información Territorial,IGN
2019,4821,2019-07-03,Miercoles,,16:35:00,,0.0,2,"Peatón,Moto/Ciclomotor",Santa Fe Y Alvear,2,0,1,0,1,0,0,"-32.94216, -60.65428",Calle,,ROSARIO,Rosario,Asfalto,No existe,II,S/D,Urbana,Ninguna,No existe,Intersección,Bueno,Buena,Diurna,Buen Tiempo,S/D,Peatón,Atropello,S/D,S/D,Ninguna,Sin restricción,"-32.94216, -60.65428","['Santa Fe', 'Alvear']",2,,-32.94216,-60.65428,55.0,538.0,Municipio Rosario,Municipio,Rosario,820210,Servicio de Catastro e Información Territorial,IGN
2019,4823,2019-07-06,Sabado,,12:50:00,,0.0,2,"Moto/Ciclomotor,Moto/Ciclomotor",3 De Febrero Y Maipu,2,1,0,0,1,0,0,"-32.95335, -60.63689",Calle,,ROSARIO,Rosario,S/D,S/D,II,S/D,Urbana,S/D,S/D,S/D,S/D,S/D,S/D,S/D,S/D,S/D,S/D,S/D,S/D,S/D,S/D,"-32.95335, -60.63689","['3 de Febrero', 'Maipú']",2,,-32.95335,-60.63689,55.0,538.0,Municipio Rosario,Municipio,Rosario,820210,Servicio de Catastro e Información Territorial,IGN
2019,4825,2019-07-07,Domingo,,03:50:00,,0.0,2,"Moto/Ciclomotor,Automóvil",Av. Ovidio Lagos Y Rioja,2,1,0,0,1,0,0,"-32.94348, -60.66171",Avenida,,ROSARIO,Rosario,S/D,S/D,II,S/D,Urbana,S/D,S/D,S/D,S/D,S/D,S/D,S/D,S/D,S/D,S/D,S/D,S/D,S/D,S/D,"-32.94348, -60.66171","['Avenida Ovidio Lagos', 'Rioja']",2,,-32.94348,-60.66171,55.0,538.0,Municipio Rosario,Municipio,Rosario,820210,Servicio de Catastro e Información Territorial,IGN
2019,4837,2019-06-28,Viernes,,,,0.0,2,"Moto/Ciclomotor,Automóvil",Bv. Avellaneda 2100,2,1,0,0,1,0,0,"    -32.95458, -60.6831",Avenida,,ROSARIO,Rosario,S/D,No existe,II,Dentro,Urbana,S/D,Funciona,Intersección,S/D,S/D,S/D,S/D,S/D,S/D,Colisión,S/D,S/D,S/D,Sin restricción,"    -32.95458, -60.6831",['Avellaneda 2100'],1,,-32.95458,-60.6831,55.0,538.0,Municipio Rosario,Municipio,Rosario,820210,Servicio de Catastro e Información Territorial,IGN
2019,4840,2019-07-03,Miercoles,,20:10:00,,0.0,2,"Moto/Ciclomotor,Automóvil",Italia Y Montevideo,2,1,0,0,1,0,0,"-32.95443, -60.65035",Calle,,ROSARIO,Rosario,Asfalto,No existe,II,S/D,Urbana,Ninguna,No existe,Intersección,Bueno,Buena,"Nocturna,Con luz artificial",Buen Tiempo,S/D,S/D,Colisión,S/D,Vertical,Ninguna,Sin restricción,"-32.95443, -60.65035","['Italia', 'Montevideo']",2,,-32.95443,-60.65035,55.0,538.0,Municipio Rosario,Municipio,Rosario,820210,Servicio de Catastro e Información Territorial,IGN
2019,4844,2019-07-04,Jueves,,10:05:00,,0.0,2,"Taxi/Remis,Bicicleta",Laprida Y San Luis,2,1,0,0,1,0,0,"-32.94983, -60.6346",Calle,,ROSARIO,Rosario,Asfalto,No existe,II,S/D,Urbana,Semáforo,Funciona,Intersección,Bueno,Buena,Diurna,Buen Tiempo,S/D,Ciclista,Atropello,S/D,S/D,Ninguna,Sin restricción,"-32.94983, -60.6346","['Laprida', 'San Luis']",2,,-32.94983,-60.6346,55.0,538.0,Municipio Rosario,Municipio,Rosario,820210,Servicio de Catastro e Información Territorial,IGN
2019,4857,2019-07-06,Sabado,,08:00:00,,0.0,3,"Automóvil,Automóvil,Automóvil",Rodriguez Y Montevideo,3,1,0,0,1,0,1,"-32.95249, -60.66126",Calle,,ROSARIO,Rosario,Asfalto,No existe,II,S/D,Urbana,Ninguna,No existe,Intersección,Bueno,Buena,Diurna,Buen Tiempo,Múltiple,S/D,Colisión,S/D,Vertical,Ninguna,Sin restricción,"-32.95249, -60.66126","['Rodríguez', 'Montevideo']",2,,-32.95249,-60.66126,55.0,538.0,Municipio Rosario,Municipio,Rosario,820210,Servicio de Catastro e Información Territorial,IGN
2019,4864,2019-07-01,Lunes,,17:30:00,,0.0,2,"Peatón,Pickup/Utilitario",L.N.Alem Y Pasco,2,1,0,0,0,0,1,"-32.9613, -60.6317",Calle,,ROSARIO,Rosario,Asfalto,No existe,II,S/D,Urbana,Ninguna,No existe,Intersección,Bueno,Buena,Diurna,Buen Tiempo,S/D,Peatón,Atropello,S/D,Vertical,Ninguna,Sin restricción,"-32.9613, -60.6317","['Alem', 'Pasco']",2,,-32.9613,-60.6317,55.0,538.0,Municipio Rosario,Municipio,Rosario,820210,Servicio de Catastro e Información Territorial,IGN
2019,4867,2019-07-01,Lunes,,13:10:00,,0.0,2,"Bicicleta,Automóvil",Bv. Avellaneda ,2,0,1,0,1,0,0,"-32.96888, -60.68656",Avenida,,ROSARIO,Rosario,Asfalto,No existe,II,S/D,Urbana,Semáforo,Funciona,Recta,Bueno,Buena,Diurna,Buen Tiempo,S/D,Ciclista,Atropello,S/D,Vertical,Ninguna,S/D,"-32.96888, -60.68656",['Avellaneda'],1,,-32.96888,-60.68656,55.0,538.0,Municipio Rosario,Municipio,Rosario,820210,Servicio de Catastro e Información Territorial,IGN
2019,4869,2019-06-30,Domingo,,13:30:00,,0.0,1,Moto/Ciclomotor,Bolivar 700,2,1,0,0,0,0,1,"    -32.96973, -60.67192",Calle,,ROSARIO,Rosario,Asfalto,No existe,II,Dentro,Urbana,S/D,S/D,Recta,S/D,S/D,Diurna,S/D,Atropello animal,S/D,Colisión,S/D,S/D,S/D,S/D,"    -32.96973, -60.67192",['Bolivar 700'],1,,-32.96973,-60.67192,55.0,538.0,Municipio Rosario,Municipio,Rosario,820210,Servicio de Catastro e Información Territorial,IGN
2019,4874,2019-03-17,Domingo,,,,0.0,2,"Automóvil,Otros",Av. Provincias Unidas ,2,0,1,0,0,0,1,"-32.95353, -60.7121",Calle,,ROSARIO,Rosario,Asfalto,S/D,II,S/D,Urbana,S/D,S/D,Recta,S/D,S/D,S/D,S/D,S/D,S/D,Colisión,S/D,S/D,S/D,S/D,"-32.95353, -60.7121",['Avenida Provincias Unidas'],1,,-32.95353,-60.7121,55.0,538.0,Municipio Rosario,Municipio,Rosario,820210,Servicio de Catastro e Información Territorial,IGN
2019,4876,2019-03-22,Viernes,,,,0.0,2,"Moto/Ciclomotor,Otros",Ecuador Y Neuquen,2,0,1,0,0,0,1,"-32.94466, -60.71479",Calle,,ROSARIO,Rosario,Asfalto,S/D,II,S/D,Urbana,S/D,S/D,Intersección,S/D,S/D,S/D,S/D,S/D,S/D,Colisión,S/D,S/D,S/D,S/D,"-32.94466, -60.71479","['Ecuador', 'Neuquen']",2,,-32.94466,-60.71479,55.0,538.0,Municipio Rosario,Municipio,Rosario,820210,Servicio de Catastro e Información Territorial,IGN
2019,4878,2019-06-09,Domingo,,,,0.0,2,"Bicicleta,Otros",Pte.Quintana 2600,2,0,1,0,0,0,1,"-32.97884, -60.66776",Calle,,ROSARIO,Rosario,Asfalto,S/D,II,S/D,Urbana,S/D,S/D,Recta,S/D,S/D,S/D,S/D,S/D,Ciclista,Atropello,S/D,S/D,S/D,S/D,"-32.97884, -60.66776",['Presidentequintana 2600'],1,,-32.97884,-60.66776,55.0,538.0,Municipio Rosario,Municipio,Rosario,820210,Servicio de Catastro e Información Territorial,IGN
2019,4881,2019-07-09,Martes,,21:00:00,,0.0,2,"Automóvil,Bicicleta",J.J.Paso Y Acevedo Bis,3,2,0,0,1,0,0,"-32.92125, -60.74909",Calle,,ROSARIO,Rosario,Asfalto,S/D,II,Dentro,Urbana,Ninguna,S/D,Intersección,Bueno,Buena,Nocturna,Buen Tiempo,S/D,Ciclista,Atropello,Ninguna,S/D,Ninguna,Sin restricción,"-32.92125, -60.74909","['Paso', 'Acevedo']",2,,-32.92125,-60.74909,55.0,538.0,Municipio Rosario,Municipio,Rosario,820210,Servicio de Catastro e Información Territorial,IGN
2019,4882,2019-07-25,Jueves,,19:45:00,,0.0,2,"Bicicleta,Pickup/Utilitario",Dr.G.Colombres Y La Republica,2,1,0,0,1,0,0,"    -32.91907, -60.73031",Calle,,ROSARIO,Rosario,Asfalto,S/D,II,Dentro,Urbana,Ninguna,S/D,Intersección,Bueno,Buena,Diurna,Buen Tiempo,S/D,Ciclista,Atropello,Ninguna,S/D,Ninguna,Sin restricción,"    -32.91907, -60.73031","['Doctor G. Colombres', 'La República']",2,,-32.91907,-60.73031,55.0,538.0,Municipio Rosario,Municipio,Rosario,820210,Servicio de Catastro e Información Territorial,IGN
2019,4883,2019-07-10,Miercoles,,17:15:00,,0.0,2,"Automóvil,Automóvil",Bv. Argentino Y Acevedo Bis,5,2,0,0,3,0,0,"-32.9237, -60.74942",Calle,,ROSARIO,Rosario,Asfalto,S/D,II,Dentro,Urbana,Ninguna,S/D,Intersección,Bueno,Buena,Diurna,Buen Tiempo,S/D,S/D,Colisión,Ninguna,S/D,Ninguna,Sin restricción,"-32.9237, -60.74942","['Argentino', 'Acevedo']",2,,-32.9237,-60.74942,55.0,538.0,Municipio Rosario,Municipio,Rosario,820210,Servicio de Catastro e Información Territorial,IGN
2019,4884,2019-07-13,Sabado,,11:00:00,,0.0,2,"Pickup/Utilitario,Moto/Ciclomotor",Ugarteche Y Casacuberta,2,1,0,0,1,0,0,"-32.92961, -60.75933",Calle,,ROSARIO,Rosario,Asfalto,S/D,II,Dentro,Urbana,Ninguna,S/D,Intersección,Bueno,Buena,Diurna,Buen Tiempo,S/D,S/D,Colisión,Ninguna,S/D,Ninguna,Sin restricción,"-32.92961, -60.75933","['Ugarteche', 'Juan A. Casa Cuberta']",2,,-32.92961,-60.75933,55.0,538.0,Municipio Rosario,Municipio,Rosario,820210,Servicio de Catastro e Información Territorial,IGN
2019,4885,2019-07-14,Domingo,,11:30:00,,0.0,2,"Moto/Ciclomotor,Automóvil",Av. Genova Y Gonzalez del Solar,2,1,0,0,1,0,0,"-32.91668, -60.73749",Calle,,ROSARIO,Rosario,Asfalto,No existe,II,Dentro,Urbana,Ninguna,No existe,Intersección,Bueno,Buena,Diurna,Buen Tiempo,S/D,S/D,Colisión,Ninguna,S/D,Ninguna,Sin restricción,"-32.91668, -60.73749","['Genova', 'González del Solar']",2,,-32.91668,-60.73749,55.0,538.0,Municipio Rosario,Municipio,Rosario,820210,Servicio de Catastro e Información Territorial,IGN
2019,4886,2019-07-27,Sabado,,13:30:00,,0.0,1,Moto/Ciclomotor,Av. Genova 8332,2,1,0,0,1,0,0,"    -32.91681, -60.74206",Avenida,,ROSARIO,Rosario,hormigón,No existe,II,Dentro,Urbana,Ninguna,No existe,Recta,Bueno,Buena,Diurna,Buen Tiempo,Atropello animal,S/D,Colisión,Ninguna,S/D,Ninguna,Sin restricción,"    -32.91681, -60.74206",['Genova 8332'],1,,-32.91681,-60.74206,55.0,538.0,Municipio Rosario,Municipio,Rosario,820210,Servicio de Catastro e Información Territorial,IGN
2019,4887,2019-07-30,Martes,,01:55:00,,0.0,2,"Bicicleta,Automóvil",La Republica Y Dr.Maradona Bis,2,1,0,0,1,0,0,"    -32.91966, -60.75121",Calle,,ROSARIO,Rosario,Asfalto,S/D,II,Dentro,Urbana,Ninguna,S/D,Intersección,Bueno,Buena,Diurna,Buen Tiempo,S/D,Ciclista,Atropello,Ninguna,S/D,Ninguna,Sin restricción,"    -32.91966, -60.75121","['La República', 'Doctor Maradona']",2,,-32.91966,-60.75121,55.0,538.0,Municipio Rosario,Municipio,Rosario,820210,Servicio de Catastro e Información Territorial,IGN
2019,4888,2019-07-24,Miercoles,,18:00:00,,0.0,2,"Moto/Ciclomotor,Automóvil",Av. Jorge Newbery Y Donado,2,1,0,0,1,0,0,"    -32.90832, -60.72848",Avenida,,ROSARIO,Rosario,Asfalto,No existe,II,Dentro,Urbana,S/D,S/D,Intersección,S/D,S/D,Atardecer,S/D,S/D,S/D,Colisión,S/D,S/D,Línea divisoria pintada,S/D,"    -32.90832, -60.72848","['Jorge Newbery', 'Donado']",2,,-32.90832,-60.72848,55.0,538.0,Municipio Rosario,Municipio,Rosario,820210,Servicio de Catastro e Información Territorial,IGN
2019,4895,2019-07-15,Lunes,,16:50:00,,0.0,2,"Automóvil,Moto/Ciclomotor",Av. Avellaneda B Y Marcos Paz,3,2,0,0,1,0,0,"-32.9435, -60.68021",Calle,,ROSARIO,Rosario,Asfalto,No existe,II,S/D,Urbana,Semáforo,Funciona,Intersección,Bueno,Buena,Diurna,Buen Tiempo,S/D,S/D,Colisión,S/D,Vertical,S/D,Sin restricción,"-32.9435, -60.68021","['Avellaneda', 'Marcos Paz']",2,,-32.9435,-60.68021,55.0,538.0,Municipio Rosario,Municipio,Rosario,820210,Servicio de Catastro e Información Territorial,IGN
2019,4896,2019-07-09,Martes,,,,0.0,2,"Automóvil,Automóvil",Mendoza Y Cafferata,2,1,0,0,1,0,0,"-32.94564, -60.67231",Calle,,ROSARIO,Rosario,Asfalto,No existe,II,S/D,Urbana,Semáforo,Funciona,Intersección,Bueno,Buena,Diurna,Buen Tiempo,S/D,S/D,Colisión,S/D,S/D,Ninguna,Sin restricción,"-32.94564, -60.67231","['Mendoza', 'Cafferata']",2,,-32.94564,-60.67231,55.0,538.0,Municipio Rosario,Municipio,Rosario,820210,Servicio de Catastro e Información Territorial,IGN
2019,4897,2019-07-08,Lunes,,13:20:00,,0.0,2,"Moto/Ciclomotor,Automóvil",Bv. Oroño Y Av. E.Lopez,4,0,1,0,3,0,0,"-32.93087, -60.64998",Avenida,,ROSARIO,Rosario,Asfalto,No existe,II,S/D,Urbana,Semáforo,Funciona,Intersección,Bueno,Buena,Diurna,Buen Tiempo,S/D,S/D,Colisión,Ninguna,Vertical,Ninguna,Sin restricción,"-32.93087, -60.64998","['Bulevar Nicasio Oroño', 'Lopez']",2,,-32.93087,-60.64998,55.0,538.0,Municipio Rosario,Municipio,Rosario,820210,Servicio de Catastro e Información Territorial,IGN
2019,4898,2019-07-10,Miercoles,,11:25:00,,0.0,2,"Peatón,Automóvil",Pte.Roca Y Mendoza,2,1,0,0,1,0,0,"-32.95029, -60.64638",Calle,,ROSARIO,Rosario,Asfalto,No existe,II,S/D,Urbana,Semáforo,Funciona,Intersección,Bueno,Buena,Diurna,Buen Tiempo,S/D,Peatón,Atropello,S/D,Vertical,Ninguna,Sin restricción,"-32.95029, -60.64638","['Roca', 'Mendoza']",2,,-32.95029,-60.64638,55.0,538.0,Municipio Rosario,Municipio,Rosario,820210,Servicio de Catastro e Información Territorial,IGN
2019,4899,2019-07-13,Sabado,,15:45:00,,0.0,2,"Automóvil,Automóvil",Brown Y Rodriguez,2,1,0,0,1,0,0,"-32.93345, -60.65639",Calle,,ROSARIO,Rosario,Asfalto,No existe,II,S/D,Urbana,Ninguna,No existe,Intersección,Bueno,Buena,Diurna,Buen Tiempo,S/D,S/D,Colisión,S/D,Vertical,Ninguna,Sin restricción,"-32.93345, -60.65639","['Brown', 'Rodríguez']",2,,-32.93345,-60.65639,55.0,538.0,Municipio Rosario,Municipio,Rosario,820210,Servicio de Catastro e Información Territorial,IGN
2019,4900,2019-07-11,Jueves,,10:50:00,,0.0,2,"Pickup/Utilitario,Moto/Ciclomotor",Cerrito Y Dorrego,3,0,1,0,1,0,1,"-32.95992, -60.65317",Calle,,ROSARIO,Rosario,Asfalto,No existe,II,S/D,Urbana,Ninguna,No existe,Intersección,Bueno,Buena,Diurna,Buen Tiempo,S/D,S/D,Colisión,S/D,Vertical,Ninguna,Sin restricción,"-32.95992, -60.65317","['Cerrito', 'Dorrego']",2,,-32.95992,-60.65317,55.0,538.0,Municipio Rosario,Municipio,Rosario,820210,Servicio de Catastro e Información Territorial,IGN
2019,4901,2019-07-11,Jueves,,15:00:00,,0.0,1,Transporte de Pasajeros Urbano (> 8 asientos),San Juan Y San Nicolas,2,1,0,0,1,0,0,"-32.94404, -60.67331",Calle,,ROSARIO,Rosario,Asfalto,No existe,II,S/D,Urbana,Ninguna,No existe,Intersección,Bueno,Buena,Diurna,Buen Tiempo,S/D,S/D,Caída ocupante,S/D,Vertical,Ninguna,Sin restricción,"-32.94404, -60.67331","['San Juan', 'San Nicolás']",2,,-32.94404,-60.67331,55.0,538.0,Municipio Rosario,Municipio,Rosario,820210,Servicio de Catastro e Información Territorial,IGN
2019,4902,2019-07-12,Viernes,,23:30:00,,0.0,2,"Automóvil,Automóvil",Tucuman Y San Nicolas,7,7,0,0,0,0,0,"-32.93566, -60.67117",Calle,,ROSARIO,Rosario,Asfalto,No existe,II,S/D,Urbana,Ninguna,No existe,Intersección,Bueno,Buena,"Diurna,Con luz artificial",Buen Tiempo,S/D,S/D,Colisión,S/D,Vertical,Ninguna,Sin restricción,"-32.93566, -60.67117","['Tucumán', 'San Nicolás']",2,,-32.93566,-60.67117,55.0,538.0,Municipio Rosario,Municipio,Rosario,820210,Servicio de Catastro e Información Territorial,IGN
2019,4903,2019-07-15,Lunes,,13:55:00,,0.0,2,"Moto/Ciclomotor,Taxi/Remis",Bv. Avellaneda Y 3 De Febrero,2,1,0,0,1,0,0,"-32.94544, -60.68079",Calle,,ROSARIO,Rosario,Asfalto,No existe,II,S/D,Urbana,Semáforo,Funciona,Intersección,Bueno,Buena,Diurna,Buen Tiempo,S/D,S/D,Colisión,S/D,Vertical,Ninguna,Sin restricción,"-32.94544, -60.68079","['Avellaneda', '3 de Febrero']",2,,-32.94544,-60.68079,55.0,538.0,Municipio Rosario,Municipio,Rosario,820210,Servicio de Catastro e Información Territorial,IGN
2019,4904,2019-07-13,Sabado,,15:45:00,,0.0,2,"Moto/Ciclomotor,Automóvil",Pte.Roca Y Santa Fe,3,2,0,0,1,0,0,"-32.94382, -60.64478",Calle,,ROSARIO,Rosario,Asfalto,No existe,II,S/D,Urbana,Ninguna,No existe,Intersección,Bueno,Buena,Diurna,Buen Tiempo,S/D,S/D,Colisión,S/D,Vertical,Ninguna,Sin restricción,"-32.94382, -60.64478","['Roca', 'Santa Fe']",2,,-32.94382,-60.64478,55.0,538.0,Municipio Rosario,Municipio,Rosario,820210,Servicio de Catastro e Información Territorial,IGN
2019,4905,2019-07-13,Sabado,,11:10:00,,0.0,2,"Moto/Ciclomotor,Taxi/Remis",España Y San Luis,2,1,0,0,1,0,0,"-32.94753, -60.64715",Calle,,ROSARIO,Rosario,Asfalto,No existe,II,S/D,Urbana,Semáforo,Funciona,Intersección,Bueno,Buena,Diurna,Buen Tiempo,S/D,S/D,Colisión,S/D,Vertical,Ninguna,Sin restricción,"-32.94753, -60.64715","['España', 'San Luis']",2,,-32.94753,-60.64715,55.0,538.0,Municipio Rosario,Municipio,Rosario,820210,Servicio de Catastro e Información Territorial,IGN
2019,4906,2019-07-12,Viernes,,16:40:00,,0.0,2,"Pickup/Utilitario,Moto/Ciclomotor",Suipacha Y Urquiza,4,1,1,0,2,0,0,"-32.93834, -60.66335",Calle,,ROSARIO,Rosario,Asfalto,No existe,II,Dentro,Urbana,Ninguna,No existe,Intersección,Bueno,Buena,Diurna,Buen Tiempo,S/D,S/D,Colisión,S/D,Vertical,Ninguna,Sin restricción,"-32.93834, -60.66335","['Suipacha', 'Urquiza']",2,,-32.93834,-60.66335,55.0,538.0,Municipio Rosario,Municipio,Rosario,820210,Servicio de Catastro e Información Territorial,IGN
2019,4907,2019-07-11,Jueves,,16:00:00,,0.0,2,"Moto/Ciclomotor,Automóvil",Schweitzer 7600,2,1,0,0,1,0,0,"-32.91342, -60.72642",Calle,,ROSARIO,Rosario,Asfalto,S/D,II,S/D,Urbana,S/D,S/D,Recta,S/D,S/D,S/D,S/D,S/D,S/D,Colisión,S/D,S/D,S/D,S/D,"-32.91342, -60.72642",['Schweitzer 7600'],1,,-32.91342,-60.72642,55.0,538.0,Municipio Rosario,Municipio,Rosario,820210,Servicio de Catastro e Información Territorial,IGN
2019,4908,2019-07-04,Jueves,,11:20:00,,0.0,2,"Moto/Ciclomotor,Taxi/Remis",Rueda Y Balcarce,6,2,0,0,4,0,0,"-32.96864, -60.65813",Calle,,ROSARIO,Rosario,Asfalto,No existe,II,S/D,Urbana,Ninguna,No existe,Intersección,S/D,Buena,Diurna,Buen Tiempo,S/D,S/D,Colisión,S/D,S/D,Ninguna,Sin restricción,"-32.96864, -60.65813","['Rueda', 'Balcarce']",2,,-32.96864,-60.65813,55.0,538.0,Municipio Rosario,Municipio,Rosario,820210,Servicio de Catastro e Información Territorial,IGN
2019,4909,2019-07-25,Jueves,,10:00:00,,0.0,2,"Bicicleta,Automóvil",Av. Uriburu Y Ayacucho,4,1,0,0,3,0,0,"    -32.9904, -60.63695",Avenida,,ROSARIO,Rosario,Asfalto,No existe,II,Dentro,Urbana,Ninguna,Funciona,Intersección,Bueno,Buena,Diurna,Lluvia,S/D,Ciclista,Atropello,Ninguna,Vertical,Ninguna,Sin restricción,"    -32.9904, -60.63695","['Uriburu', 'Ayacucho']",2,,-32.9904,-60.63695,55.0,538.0,Municipio Rosario,Municipio,Rosario,820210,Servicio de Catastro e Información Territorial,IGN
2019,4910,2019-07-09,Martes,,21:50:00,,0.0,2,"Moto/Ciclomotor,Automóvil",De Angelis Bis Y J.J.Paso,2,0,1,0,1,0,0,"-32.91979, -60.69885",Calle,,ROSARIO,Rosario,Asfalto,Pavimento,II,S/D,Urbana,Ninguna,No existe,Recta,Bueno,Buena,Nocturna,Buen Tiempo,S/D,S/D,Colisión,Ninguna,S/D,Ninguna,S/D,"-32.91979, -60.69885","['De Ángelis', 'Paso']",2,,-32.91979,-60.69885,55.0,538.0,Municipio Rosario,Municipio,Rosario,820210,Servicio de Catastro e Información Territorial,IGN
2019,4911,2019-07-05,Viernes,,08:50:00,,0.0,2,"Transporte de Pasajeros Larga Distancia (> 8 asientos),Automóvil",San Luis Y Suipacha,2,1,0,0,1,0,0,"-32.94441, -60.66485",Calle,,ROSARIO,Rosario,Asfalto,No existe,II,S/D,Urbana,Ninguna,No existe,Intersección,Bueno,Buena,Diurna,Buen Tiempo,S/D,S/D,Colisión,S/D,Vertical,Ninguna,Sin restricción,"-32.94441, -60.66485","['San Luis', 'Suipacha']",2,,-32.94441,-60.66485,55.0,538.0,Municipio Rosario,Municipio,Rosario,820210,Servicio de Catastro e Información Territorial,IGN
2019,4912,2019-07-24,Miercoles,,07:30:00,,0.0,2,"Moto/Ciclomotor,Automóvil",Bv. Segui Y Pte.Roca,2,1,0,0,1,0,0,"    -32.97773, -60.65329",Calle,,ROSARIO,Rosario,Asfalto,No existe,II,Dentro,Urbana,Ninguna,No existe,Intersección,Bueno,Buena,Diurna,Buen Tiempo,Lateral,S/D,Colisión,Ninguna,Faltante,Ninguna,Sin restricción,"    -32.97773, -60.65329","['Bulevar Juan Francisco Seguí', 'Roca']",2,,-32.97773,-60.65329,55.0,538.0,Municipio Rosario,Municipio,Rosario,820210,Servicio de Catastro e Información Territorial,IGN
2019,4913,2019-07-11,Jueves,,20:40:00,,0.0,2,"Automóvil,Moto/Ciclomotor",Av. Provincias Unidas Y French,3,1,0,0,2,0,0,"-32.92181, -60.71344",Avenida,,ROSARIO,Rosario,Asfalto,S/D,II,S/D,Urbana,S/D,No existe,Recta,Bueno,Buena,Nocturna,Buen Tiempo,Lateral,S/D,Colisión,S/D,S/D,S/D,Sin restricción,"-32.92181, -60.71344","['Avenida Provincias Unidas', 'French']",2,,-32.92181,-60.71344,55.0,538.0,Municipio Rosario,Municipio,Rosario,820210,Servicio de Catastro e Información Territorial,IGN
2019,4914,2019-07-05,Viernes,,12:15:00,,0.0,2,"Transporte de Pasajeros Urbano (> 8 asientos),Peatón",Balcarce Y Santa Fe,2,0,1,0,1,0,0,"-32.94265, -60.65156",Calle,,ROSARIO,Rosario,Asfalto,No existe,II,S/D,Urbana,Semáforo,Funciona,Intersección,Bueno,Buena,Diurna,Buen Tiempo,S/D,Peatón,Atropello,S/D,Vertical,Ninguna,Sin restricción,"-32.94265, -60.65156","['Balcarce', 'Santa Fe']",2,,-32.94265,-60.65156,55.0,538.0,Municipio Rosario,Municipio,Rosario,820210,Servicio de Catastro e Información Territorial,IGN