anio_acci,nro_acci,fecha,desc_dia,fecha_aprox,hora_aprox,desc_ruta,km,cant_participantes,desc_participante,calle_avenida_km,total,heridos_leves,heridos_graves,heridos_gravisimos,ilesos,fallecidos,sin_datos,posicion_XY,desc_tipo_via,desc_ruta_ori,desc_loc,desc_dpto,desc_tipo_calzada,desc_tipo_banquina,desc_unidad_regional,desc_lugar_calzada,desc_zona,desc_prioridad,desc_estado_semaforo,desc_lugar_via,desc_estado_via,desc_estado_visibilidad,desc_luminosidad,desc_estado_clima,desc_tipo_colision,desc_tipo_atropello,desc_tipo_hecho,desc_pres_calzada,desc_senializacion,desc_separacion_via,desc_restriccion,forma_geocod,calle_lista,numero_calles,calles_osm,lat,lon,index_right,gid,fna,gna,nam,in1,fdc,sag
2019,4915,2019-07-24,Miercoles,,08:05:00,,0.0,2,"Moto/Ciclomotor,Automóvil",Buenos Aires Y Ayolas,2,1,0,0,1,0,0,"    -32.97774, -60.6403",Calle,,ROSARIO,Rosario,Asfalto,No existe,II,Dentro,Urbana,Ninguna,No existe,Intersección,Bueno,Buena,Diurna,Buen Tiempo,Lateral,S/D,Colisión,Ninguna,Faltante,Ninguna,Sin restricción,"    -32.97774, -60.6403","['Buenos Aires', 'Ayolas']",2,,-32.97774,-60.6403,55.0,538.0,Municipio Rosario,Municipio,Rosario,820210,Servicio de Catastro e Información Territorial,IGN
2019,4916,2019-07-15,Lunes,,01:00:00,,0.0,2,"Taxi/Remis,Automóvil",Saavedra Y San Martin,2,1,0,0,1,0,0,"-32.978281868302,-60.644073262",Calle,,ROSARIO,Rosario,Asfalto,No existe,II,Dentro,Urbana,Ninguna,S/D,Intersección,Bueno,Buena,Nocturna,Otro,De alcance,S/D,Colisión,Ninguna,"Horizontal,Vertical",Línea divisoria pintada,Sin restricción,"-32.978281868302,-60.644073262","['Saavedra', 'San Martin']",2,,-32.978281868302,-60.644073262,55.0,538.0,Municipio Rosario,Municipio,Rosario,820210,Servicio de Catastro e Información Territorial,IGN
2019,4917,2019-07-03,Miercoles,,16:50:00,,0.0,2,"Moto/Ciclomotor,Automóvil",Pueyrredon Y Catamarca,3,0,0,0,2,0,1,"-32.9372, -60.65591",Calle,,ROSARIO,Rosario,Asfalto,No existe,II,S/D,Urbana,Ninguna,No existe,Intersección,Bueno,Buena,Diurna,Buen Tiempo,S/D,S/D,Colisión,S/D,Vertical,Ninguna,Sin restricción,"-32.9372, -60.65591","['Pueyrredón', 'Catamarca']",2,,-32.9372,-60.65591,55.0,538.0,Municipio Rosario,Municipio,Rosario,820210,Servicio de Catastro e Información Territorial,IGN
2019,4918,2019-07-27,Sabado,,11:20:00,,0.0,2,"Bicicleta,Pickup/Utilitario",Pavon Y Sanchez de Bustamante,2,1,0,0,1,0,0,"    -33.00152, -60.63409",Calle,,ROSARIO,Rosario,Asfalto,No existe,II,Dentro,Urbana,Ninguna,No existe,Intersección,Bueno,Buena,Diurna,Buen Tiempo,S/D,Ciclista,Atropello,Ninguna,Faltante,Cordón divisorio,Sin restricción,"    -33.00152, -60.63409","['Pavón', 'Sánchez de Bustamante']",2,,-33.00152,-60.63409,55.0,538.0,Municipio Rosario,Municipio,Rosario,820210,Servicio de Catastro e Información Territorial,IGN
2019,4919,2019-07-14,Domingo,,00:15:00,,0.0,2,"Moto/Ciclomotor,Pickup/Utilitario",España Y Saavedra,2,1,0,0,0,0,1,"-32.97644, -60.65442",Calle,,ROSARIO,Rosario,Asfalto,No existe,II,Dentro,Urbana,S/D,No existe,Intersección,Bueno,Buena,S/D,Buen Tiempo,De alcance,S/D,Colisión,Ninguna,Horizontal,Ninguna,Sin restricción,"-32.97644, -60.65442","['España', 'Saavedra']",2,,-32.97644,-60.65442,55.0,538.0,Municipio Rosario,Municipio,Rosario,820210,Servicio de Catastro e Información Territorial,IGN
2019,4921,2019-07-02,Martes,,15:15:00,,0.0,2,"Peatón,Automóvil",Mariano Moreno Y Cochabamba,2,1,0,0,1,0,0,"-32.95629, -60.65358",Calle,,ROSARIO,Rosario,Asfalto,No existe,II,S/D,Urbana,Señal Pare,No existe,Intersección,Bueno,Buena,Diurna,Buen Tiempo,S/D,Peatón,Atropello,S/D,Vertical,Ninguna,Sin restricción,"-32.95629, -60.65358","['Mariano Moreno', 'Cochabamba']",2,,-32.95629,-60.65358,55.0,538.0,Municipio Rosario,Municipio,Rosario,820210,Servicio de Catastro e Información Territorial,IGN
2019,4922,2019-07-13,Sabado,,08:30:00,,0.0,2,"Taxi/Remis,Moto/Ciclomotor",Bv. Segui Y Entre Rios,2,0,1,0,1,0,0,"-32.97869, -60.64918",Calle,,ROSARIO,Rosario,Asfalto,No existe,II,S/D,Urbana,Ninguna,No existe,Intersección,Bueno,Buena,Diurna,Buen Tiempo,De alcance,S/D,Colisión,Ninguna,Faltante,Línea divisoria pintada,Sin restricción,"-32.97869, -60.64918","['Bulevar Juan Francisco Seguí', 'Entre Ríos']",2,,-32.97869,-60.64918,55.0,538.0,Municipio Rosario,Municipio,Rosario,820210,Servicio de Catastro e Información Territorial,IGN
2019,4923,2019-07-04,Jueves,,08:00:00,,0.0,2,"Moto/Ciclomotor,Automóvil",Vera Mujica Y San Lorenzo,2,1,0,0,1,0,0,"-32.93903, -60.6663",Calle,,ROSARIO,Rosario,Asfalto,No existe,II,Dentro,Urbana,Ninguna,No existe,Intersección,Bueno,Buena,Diurna,Buen Tiempo,Lateral,S/D,Colisión,Ninguna,Faltante,Ninguna,Sin restricción,"-32.93903, -60.6663","['Vera Mujíca', 'San Lorenzo']",2,,-32.93903,-60.6663,55.0,538.0,Municipio Rosario,Municipio,Rosario,820210,Servicio de Catastro e Información Territorial,IGN
2019,4924,2019-07-28,Domingo,,20:20:00,,0.0,2,"Moto/Ciclomotor,Automóvil",Necochea Y Pte.Quintana,3,2,0,0,1,0,0,"    -32.985, -60.63327",Calle,,ROSARIO,Rosario,Asfalto,S/D,II,Dentro,Urbana,Ninguna,No existe,Intersección,Bueno,Buena,Nocturna,Buen Tiempo,Lateral,S/D,Colisión,Ninguna,Faltante,Ninguna,Sin restricción,"    -32.985, -60.63327","['Necochea', 'Quintana']",2,,-32.985,-60.63327,55.0,538.0,Municipio Rosario,Municipio,Rosario,820210,Servicio de Catastro e Información Territorial,IGN
2019,4926,2019-07-08,Lunes,,12:15:00,,0.0,2,"Moto/Ciclomotor,Automóvil",Reg.11 de Infanteria Y San Martin,2,1,0,0,1,0,0,"-32.99879, -60.6485",Avenida,,ROSARIO,Rosario,Asfalto,No existe,II,S/D,Urbana,Semáforo,Funciona,Recta,Bueno,Buena,Diurna,Buen Tiempo,De alcance,S/D,Despiste,Ninguna,"Horizontal,Vertical",Barrera de hormigón,Sin restricción,"-32.99879, -60.6485","['Regimiento 11', 'San Martin']",2,,-32.99879,-60.6485,55.0,538.0,Municipio Rosario,Municipio,Rosario,820210,Servicio de Catastro e Información Territorial,IGN
2019,4927,2019-07-29,Lunes,,09:40:00,,0.0,2,"Moto/Ciclomotor,Automóvil",Ayolas Y España,2,1,0,0,1,0,0,"    -32.97905, -60.6331",Calle,,ROSARIO,Rosario,Asfalto,No existe,II,Dentro,Urbana,Ninguna,No existe,Intersección,Bueno,Buena,Diurna,Buen Tiempo,S/D,S/D,Colisión,Ninguna,Faltante,Ninguna,Sin restricción,"    -32.97905, -60.6331","['Ayolas', 'España']",2,,-32.97905,-60.6331,55.0,538.0,Municipio Rosario,Municipio,Rosario,820210,Servicio de Catastro e Información Territorial,IGN
2019,4929,2019-07-29,Lunes,,15:55:00,,0.0,2,"Moto/Ciclomotor,Automóvil",Italia Y Ituzaingo,2,0,1,0,1,0,0,"    -32.959, -60.65149",Calle,,ROSARIO,Rosario,Asfalto,No existe,II,S/D,Urbana,Ninguna,No existe,Intersección,Bueno,Buena,Diurna,Buen Tiempo,S/D,S/D,Colisión,Ninguna,S/D,Ninguna,Sin restricción,"    -32.959, -60.65149","['Italia', 'Ituzaingó']",2,,-32.959,-60.65149,55.0,538.0,Municipio Rosario,Municipio,Rosario,820210,Servicio de Catastro e Información Territorial,IGN
2019,4930,2019-07-12,Viernes,,09:10:00,,0.0,2,"Moto/Ciclomotor,Pickup/Utilitario",Sarmiento Y Pje. Gral.Savio,3,2,0,0,0,0,1,"-32.9965, -60.64916",Calle,,ROSARIO,Rosario,Asfalto,No existe,II,S/D,Urbana,Ninguna,No existe,Intersección,Bueno,Buena,S/D,Buen Tiempo,De alcance,S/D,Colisión,Ninguna,Faltante,Ninguna,Sin restricción,"-32.9965, -60.64916","['Sarmiento', 'Savio']",2,,-32.9965,-60.64916,55.0,538.0,Municipio Rosario,Municipio,Rosario,820210,Servicio de Catastro e Información Territorial,IGN
2019,4931,2019-07-06,Sabado,,14:20:00,,0.0,2,"Automóvil,Automóvil",Cerrito Y España,2,1,0,0,1,0,0,"-32.96045, -60.65043",Calle,,ROSARIO,Rosario,Asfalto,No existe,II,Dentro,Urbana,Ninguna,No existe,Recta,Bueno,Buena,Diurna,Buen Tiempo,Lateral,S/D,Colisión,Ninguna,Faltante,Ninguna,Sin restricción,"-32.96045, -60.65043","['Cerrito', 'España']",2,,-32.96045,-60.65043,55.0,538.0,Municipio Rosario,Municipio,Rosario,820210,Servicio de Catastro e Información Territorial,IGN
2019,4932,2019-07-24,Miercoles,,,,0.0,2,"Bicicleta,Automóvil",Av. Corrientes 844,2,1,0,0,1,0,0,"    -32.94617, -60.64247",Calle,,ROSARIO,Rosario,Asfalto,No existe,II,S/D,Urbana,Ninguna,No existe,Recta,Bueno,Buena,Diurna,Buen Tiempo,S/D,Ciclista,Atropello,S/D,Vertical,Ninguna,Sin restricción,"    -32.94617, -60.64247",['Corrientes 844'],1,,-32.94617,-60.64247,55.0,538.0,Municipio Rosario,Municipio,Rosario,820210,Servicio de Catastro e Información Territorial,IGN
2019,4933,2019-07-08,Lunes,,16:40:00,,0.0,2,"Bicicleta,Automóvil",Entre Rios Y 24 De Setiembre,2,1,0,0,1,0,0,"-32.97975, -60.64947",Calle,,ROSARIO,Rosario,Asfalto,No existe,II,Dentro,Urbana,Ninguna,No existe,Intersección,Bueno,Buena,Diurna,Buen Tiempo,S/D,Ciclista,Atropello,Ninguna,Faltante,Ninguna,Sin restricción,"-32.97975, -60.64947","['Entre Ríos', '24 de Septiembre']",2,,-32.97975,-60.64947,55.0,538.0,Municipio Rosario,Municipio,Rosario,820210,Servicio de Catastro e Información Territorial,IGN
2019,4934,2019-07-07,Domingo,,16:30:00,,0.0,2,"Moto/Ciclomotor,Automóvil",Rueda Y Sarmiento,2,1,0,0,1,0,0,"-32.97114, -60.64438",Calle,,ROSARIO,Rosario,Asfalto,No existe,II,Dentro,Urbana,Ninguna,No existe,Intersección,Bueno,Buena,Diurna,Buen Tiempo,Lateral,S/D,Colisión,Ninguna,Faltante,Ninguna,Sin restricción,"-32.97114, -60.64438","['Rueda', 'Sarmiento']",2,,-32.97114,-60.64438,55.0,538.0,Municipio Rosario,Municipio,Rosario,820210,Servicio de Catastro e Información Territorial,IGN
2019,4935,2019-07-09,Martes,,17:30:00,,0.0,2,"Moto/Ciclomotor,Automóvil",Paraguay 2300,3,1,0,0,2,0,0,"-32.96319, -60.64827",Calle,,ROSARIO,Rosario,Asfalto,No existe,II,S/D,Urbana,Ninguna,No existe,Recta,Bueno,Buena,Diurna,Buen Tiempo,S/D,S/D,Colisión,S/D,Vertical,Ninguna,Sin restricción,"-32.96319, -60.64827",['Paraguay 2300'],1,,-32.96319,-60.64827,55.0,538.0,Municipio Rosario,Municipio,Rosario,820210,Servicio de Catastro e Información Territorial,IGN
2019,4937,2019-07-13,Sabado,,18:40:00,,0.0,2,"Automóvil,Bicicleta",Av. Avellaneda B Y Av. Pellegrini,2,0,1,0,1,0,0,"-32.95002, -60.68182",Avenida,,ROSARIO,Rosario,Asfalto,No existe,II,S/D,Urbana,Semáforo,Funciona,Intersección,Bueno,Buena,Atardecer,Buen Tiempo,S/D,Ciclista,Atropello,S/D,Vertical,Ninguna,Sin restricción,"-32.95002, -60.68182","['Avellaneda', 'Pellegrini']",2,,-32.95002,-60.68182,55.0,538.0,Municipio Rosario,Municipio,Rosario,820210,Servicio de Catastro e Información Territorial,IGN
2019,4938,2019-07-08,Lunes,,16:10:00,,0.0,2,"Moto/Ciclomotor,Pickup/Utilitario",Ayacucho Y Pasco,3,0,1,0,2,0,0,"-32.96159, -60.6302",Calle,,ROSARIO,Rosario,Asfalto,S/D,II,S/D,Urbana,Señal Pare,No existe,Intersección,Bueno,Buena,Diurna,Buen Tiempo,S/D,S/D,Colisión,S/D,Vertical,Ninguna,Sin restricción,"-32.96159, -60.6302","['Ayacucho', 'Pasco']",2,,-32.96159,-60.6302,55.0,538.0,Municipio Rosario,Municipio,Rosario,820210,Servicio de Catastro e Información Territorial,IGN
2019,4943,2019-07-11,Jueves,,16:30:00,,0.0,2,"Moto/Ciclomotor,Automóvil",Av. Avellaneda B Y Santa Fe,3,0,1,0,2,0,0,"-32.93773, -60.67874",Calle,,ROSARIO,Rosario,Asfalto,No existe,II,S/D,Urbana,Semáforo,Funciona,Intersección,Bueno,Buena,Diurna,Buen Tiempo,S/D,S/D,Colisión,S/D,Vertical,Ninguna,Sin restricción,"-32.93773, -60.67874","['Avellaneda', 'Santa Fe']",2,,-32.93773,-60.67874,55.0,538.0,Municipio Rosario,Municipio,Rosario,820210,Servicio de Catastro e Información Territorial,IGN
2019,4948,2019-07-08,Lunes,,21:00:00,,0.0,2,"Moto/Ciclomotor,Pickup/Utilitario",Ricchieri Y Brown,2,1,0,0,1,0,0,"-32.93272, -60.66049",Calle,,ROSARIO,Rosario,Asfalto,No existe,II,S/D,Urbana,Ninguna,No existe,Intersección,Bueno,S/D,Nocturna,Buen Tiempo,De alcance,S/D,Colisión,Ninguna,S/D,Ninguna,Sin restricción,"-32.93272, -60.66049","['Ricchieri', 'Brown']",2,,-32.93272,-60.66049,55.0,538.0,Municipio Rosario,Municipio,Rosario,820210,Servicio de Catastro e Información Territorial,IGN
2019,4952,2019-07-25,Jueves,,08:20:00,,0.0,2,"Moto/Ciclomotor,Automóvil",Salta Y Crespo,2,1,0,0,1,0,0,"    -32.93405, -60.66647",Calle,,ROSARIO,Rosario,Asfalto,No existe,II,Dentro,Urbana,Ninguna,No existe,Intersección,Bueno,Buena,Diurna,Buen Tiempo,S/D,S/D,Colisión,Ninguna,Vertical,Ninguna,Sin restricción,"    -32.93405, -60.66647","['Salta', 'Crespo']",2,,-32.93405,-60.66647,55.0,538.0,Municipio Rosario,Municipio,Rosario,820210,Servicio de Catastro e Información Territorial,IGN
2019,4959,2019-07-24,Miercoles,,14:45:00,,0.0,2,"Pickup/Utilitario,Moto/Ciclomotor",Pje. Florencia Y Juan Canals,2,1,0,0,1,0,0,"    -32.98785, -60.65802",Calle,,ROSARIO,Rosario,Asfalto,No existe,II,Dentro,Urbana,Ninguna,No existe,Intersección,Bueno,Buena,Diurna,Buen Tiempo,Lateral,S/D,Colisión,Ninguna,Faltante,Ninguna,Sin restricción,"    -32.98785, -60.65802","['Florencia', 'Juan Canals']",2,,-32.98785,-60.65802,55.0,538.0,Municipio Rosario,Municipio,Rosario,820210,Servicio de Catastro e Información Territorial,IGN
2019,4960,2019-07-28,Domingo,,22:00:00,,0.0,2,"Moto/Ciclomotor,Automóvil",Sarmiento Y Mendoza,2,1,0,0,1,0,0,"    -32.95147, -60.63942",Calle,,ROSARIO,Rosario,Asfalto,No existe,II,Dentro,Urbana,Ninguna,No existe,Intersección,Bueno,Buena,Nocturna,Buen Tiempo,S/D,S/D,Colisión,S/D,Vertical,Ninguna,Sin restricción,"    -32.95147, -60.63942","['Sarmiento', 'Mendoza']",2,,-32.95147,-60.63942,55.0,538.0,Municipio Rosario,Municipio,Rosario,820210,Servicio de Catastro e Información Territorial,IGN
2019,4961,2019-07-26,Viernes,,06:00:00,,0.0,2,"Automóvil,Automóvil",Alsina Y Mendoza,2,0,1,0,1,0,0,"    -32.94467, -60.6777",Calle,,ROSARIO,Rosario,Asfalto,No existe,II,Dentro,Urbana,Ninguna,Funciona,Intersección,Bueno,Buena,Diurna,Buen Tiempo,S/D,S/D,Colisión,Otro,Vertical,Ninguna,Sin restricción,"    -32.94467, -60.6777","['Alsina', 'Mendoza']",2,,-32.94467,-60.6777,55.0,538.0,Municipio Rosario,Municipio,Rosario,820210,Servicio de Catastro e Información Territorial,IGN
2019,4970,2019-07-28,Domingo,,17:40:00,,0.0,1,Moto/Ciclomotor,Av. Del Valle ,2,0,1,0,1,0,0,"    -32.93079, -60.66109",Avenida,,ROSARIO,Rosario,Asfalto,No existe,II,Dentro,Urbana,Ninguna,No existe,Intersección,Bueno,Buena,Diurna,Buen Tiempo,S/D,S/D,Colisión,S/D,S/D,Ninguna,Sin restricción,"    -32.93079, -60.66109",['Del Valle'],1,,-32.93079,-60.66109,55.0,538.0,Municipio Rosario,Municipio,Rosario,820210,Servicio de Catastro e Información Territorial,IGN
2019,4976,2019-07-27,Sabado,,12:45:00,,0.0,2,"Automóvil,Peatón",Mendoza Y Pte.Roca,2,1,0,0,1,0,0,"    -32.95029, -60.64638",Calle,,ROSARIO,Rosario,Asfalto,S/D,II,Dentro,Urbana,S/D,Intermitente,Recta,Bueno,Buena,Diurna,Buen Tiempo,S/D,Peatón,Atropello,S/D,S/D,S/D,S/D,"    -32.95029, -60.64638","['Mendoza', 'Roca']",2,,-32.95029,-60.64638,55.0,538.0,Municipio Rosario,Municipio,Rosario,820210,Servicio de Catastro e Información Territorial,IGN
2019,4986,2019-07-08,Lunes,,13:40:00,,0.0,2,"Taxi/Remis,Moto/Ciclomotor",San Juan Y Mariano Moreno,2,1,0,0,1,0,0,"-32.94798, -60.65153",Calle,,ROSARIO,Rosario,Asfalto,No existe,II,S/D,Urbana,Ninguna,No existe,Intersección,Bueno,Buena,Diurna,Buen Tiempo,S/D,S/D,Colisión,S/D,Vertical,Ninguna,Sin restricción,"-32.94798, -60.65153","['San Juan', 'Mariano Moreno']",2,,-32.94798,-60.65153,55.0,538.0,Municipio Rosario,Municipio,Rosario,820210,Servicio de Catastro e Información Territorial,IGN
2019,4989,2019-07-24,Miercoles,,16:10:00,,0.0,2,"Automóvil,Automóvil",Montevideo Y Sarmiento,2,1,0,0,1,0,0,"    -32.95615, -60.64057",Calle,,ROSARIO,Rosario,Asfalto,No existe,II,Dentro,Urbana,Ninguna,No existe,Intersección,Bueno,Buena,Diurna,Buen Tiempo,S/D,S/D,Colisión,Ninguna,Vertical,Ninguna,Sin restricción,"    -32.95615, -60.64057","['Montevideo', 'Sarmiento']",2,,-32.95615,-60.64057,55.0,538.0,Municipio Rosario,Municipio,Rosario,820210,Servicio de Catastro e Información Territorial,IGN
2019,4990,2019-07-14,Domingo,,17:00:00,,0.0,2,"Peatón,Automóvil",Bv. Oroño Y Cochabamba,3,1,0,0,2,0,0,"-32.95566, -60.65619",Calle,,ROSARIO,Rosario,Asfalto,No existe,II,Dentro,Urbana,Señal Ceda el Paso,No existe,Intersección,Bueno,Buena,Diurna,Buen Tiempo,S/D,Peatón,Atropello,Ninguna,Vertical,Ninguna,Sin restricción,"-32.95566, -60.65619","['Bulevar Nicasio Oroño', 'Cochabamba']",2,,-32.95566,-60.65619,55.0,538.0,Municipio Rosario,Municipio,Rosario,820210,Servicio de Catastro e Información Territorial,IGN
2019,4997,2019-08-05,Lunes,,06:05:00,,0.0,2,"Moto/Ciclomotor,Pickup/Utilitario",Bv. Rondeau Y Martin Fierro,2,0,1,0,1,0,0,"-32.877729, -60.697654",Avenida,,ROSARIO,Rosario,Asfalto,No existe,II,S/D,Urbana,Semáforo,Intermitente,Intersección,Bueno,Buena,Diurna,Buen Tiempo,Lateral,S/D,Colisión,Ninguna,"Horizontal,Vertical","Cordón divisorio,Vegetación",Sin restricción,"-32.877729, -60.697654","['Rondeau', 'Martin Fierro']",2,,-32.877729,-60.697654,55.0,538.0,Municipio Rosario,Municipio,Rosario,820210,Servicio de Catastro e Información Territorial,IGN
2019,5003,2019-07-10,Miercoles,,11:55:00,,0.0,2,"Automóvil,Peatón",Mendoza 7500,2,0,1,0,1,0,0,"-32.94049, -60.72331",Avenida,,ROSARIO,Rosario,Asfalto,Pavimento,II,Dentro,Urbana,Semáforo,Funciona,Recta,Bueno,Buena,"Diurna,Con luz artificial",Buen Tiempo,S/D,Peatón,Atropello,Ninguna,Horizontal,Cordón divisorio,Sin restricción,"-32.94049, -60.72331",['Mendoza 7500'],1,,-32.94049,-60.72331,55.0,538.0,Municipio Rosario,Municipio,Rosario,820210,Servicio de Catastro e Información Territorial,IGN
2019,5005,2019-07-30,Martes,,15:30:00,,0.0,2,"Peatón,Bicicleta",Cerrito Y Paraguay,2,0,1,0,1,0,0,"    -32.96085, -60.64759",Calle,,ROSARIO,Rosario,Asfalto,No existe,II,Dentro,Urbana,Ninguna,No existe,Intersección,Bueno,Buena,Diurna,Buen Tiempo,S/D,Peatón,Atropello,Ninguna,Vertical,Ninguna,Sin restricción,"    -32.96085, -60.64759","['Cerrito', 'Paraguay']",2,,-32.96085,-60.64759,55.0,538.0,Municipio Rosario,Municipio,Rosario,820210,Servicio de Catastro e Información Territorial,IGN
2019,5007,2019-07-14,Domingo,,01:00:00,,0.0,2,"Moto/Ciclomotor,Taxi/Remis",Derqui Y Angel Carranza,2,1,0,0,1,0,0,"-32.93848, -60.72862",Calle,,ROSARIO,Rosario,Asfalto,Pavimento,II,Dentro,Urbana,Ninguna,No existe,Recta,Bueno,S/D,"Nocturna,Con luz artificial",S/D,Otro,S/D,Colisión,S/D,Faltante,Ninguna,Sin restricción,"-32.93848, -60.72862","['Derqui', 'Ángel Carranza']",2,,-32.93848,-60.72862,55.0,538.0,Municipio Rosario,Municipio,Rosario,820210,Servicio de Catastro e Información Territorial,IGN
2019,5008,2019-07-09,Martes,,19:35:00,,0.0,2,"Bicicleta,Automóvil",Alvear Y Catamarca,2,1,0,0,1,0,0,"-32.93766, -60.65315",Calle,,ROSARIO,Rosario,Asfalto,No existe,II,S/D,Urbana,Ninguna,No existe,Intersección,Bueno,Buena,"Nocturna,Con luz artificial",Buen Tiempo,S/D,Ciclista,Atropello,S/D,Vertical,Ninguna,Sin restricción,"-32.93766, -60.65315","['Alvear', 'Catamarca']",2,,-32.93766,-60.65315,55.0,538.0,Municipio Rosario,Municipio,Rosario,820210,Servicio de Catastro e Información Territorial,IGN
2019,5011,2019-07-11,Jueves,,08:00:00,,0.0,2,"Moto/Ciclomotor,Automóvil",Av. Ovidio Lagos 2900,2,1,0,0,1,0,0,"-32.9669, -60.66743",Avenida,,ROSARIO,Rosario,Asfalto,No existe,II,S/D,Urbana,Ninguna,No existe,Recta,Bueno,Buena,Diurna,Buen Tiempo,S/D,S/D,Colisión,S/D,Vertical,Ninguna,Sin restricción,"-32.9669, -60.66743",['Ovidio Lagos 2900'],1,,-32.9669,-60.66743,55.0,538.0,Municipio Rosario,Municipio,Rosario,820210,Servicio de Catastro e Información Territorial,IGN
2019,5012,2019-07-30,Martes,,,,0.0,2,"Automóvil,Automóvil",Av. Pellegrini Y Mariano Moreno,4,1,0,0,3,0,0,"    -32.95503, -60.65337",Avenida,,ROSARIO,Rosario,Asfalto,No existe,II,Dentro,Urbana,Semáforo,Funciona,Intersección,Bueno,Buena,Diurna,Buen Tiempo,S/D,S/D,Colisión,Ninguna,Vertical,Ninguna,Sin restricción,"    -32.95503, -60.65337","['Pellegrini', 'Mariano Moreno']",2,,-32.95503,-60.65337,55.0,538.0,Municipio Rosario,Municipio,Rosario,820210,Servicio de Catastro e Información Territorial,IGN
2019,5016,2019-07-30,Martes,,22:55:00,,0.0,2,"Bicicleta,Automóvil",Mitre Y Pasco,2,1,0,0,1,0,0,"    -32.9593, -60.64287",Calle,,ROSARIO,Rosario,Asfalto,No existe,II,Dentro,Urbana,Ninguna,S/D,Intersección,Bueno,Buena,Diurna,Buen Tiempo,S/D,Ciclista,Atropello,Ninguna,S/D,Ninguna,Sin restricción,"    -32.9593, -60.64287","['Mitre', 'Pasco']",2,,-32.9593,-60.64287,55.0,538.0,Municipio Rosario,Municipio,Rosario,820210,Servicio de Catastro e Información Territorial,IGN
2019,5024,2019-07-30,Martes,,11:00:00,,0.0,2,"Peatón,Automóvil",Paraguay Y Av. Pellegrini,2,1,0,0,1,0,0,"    -32.95633, -60.64642",Calle,,ROSARIO,Rosario,Asfalto,No existe,II,Dentro,Urbana,Semáforo,Funciona,Intersección,Bueno,Buena,Diurna,Buen Tiempo,S/D,Peatón,Atropello,Ninguna,Vertical,Ninguna,Sin restricción,"    -32.95633, -60.64642","['Paraguay', 'Pellegrini']",2,,-32.95633,-60.64642,55.0,538.0,Municipio Rosario,Municipio,Rosario,820210,Servicio de Catastro e Información Territorial,IGN
2019,5030,2019-07-30,Martes,,18:10:00,,0.0,2,"Bicicleta,Moto/Ciclomotor",Pje. Saravia Y San Luis,3,2,0,0,1,0,0,"    -32.93963, -60.69138",Calle,,ROSARIO,Rosario,Asfalto,No existe,II,Dentro,Urbana,Ninguna,No existe,Intersección,Bueno,Buena,Diurna,Buen Tiempo,S/D,Ciclista,Atropello,Ninguna,Vertical,Ninguna,Sin restricción,"    -32.93963, -60.69138","['Saravia', 'San Luis']",2,,-32.93963,-60.69138,55.0,538.0,Municipio Rosario,Municipio,Rosario,820210,Servicio de Catastro e Información Territorial,IGN
2019,5037,2019-07-25,Jueves,,12:45:00,,0.0,2,"Automóvil,Camión Chasis",Laprida Y E.Zeballos,3,1,0,0,2,0,0,"    -32.95576, -60.63637",Calle,,ROSARIO,Rosario,Asfalto,No existe,II,Dentro,Urbana,Ninguna,S/D,Intersección,Bueno,Buena,Diurna,Buen Tiempo,S/D,S/D,Colisión,Ninguna,Vertical,Ninguna,Sin restricción,"    -32.95576, -60.63637","['Laprida', 'Zeballos']",2,,-32.95576,-60.63637,55.0,538.0,Municipio Rosario,Municipio,Rosario,820210,Servicio de Catastro e Información Territorial,IGN
2019,5050,2019-07-27,Sabado,,22:10:00,,0.0,2,"Peatón,Automóvil",Rio De Janeiro Y Cordoba,2,1,0,0,1,0,0,"    -32.93819, -60.68038",Calle,,ROSARIO,Rosario,Asfalto,No existe,II,Dentro,Urbana,Ninguna,No existe,Intersección,Bueno,Buena,Nocturna,Buen Tiempo,S/D,Peatón,Atropello,Ninguna,Faltante,Ninguna,Sin restricción,"    -32.93819, -60.68038","['Río de Janeiro', 'Córdoba']",2,,-32.93819,-60.68038,55.0,538.0,Municipio Rosario,Municipio,Rosario,820210,Servicio de Catastro e Información Territorial,IGN
2019,5058,2019-07-25,Jueves,,12:00:00,,0.0,2,"Bicicleta,Automóvil",Paraguay Y Riobamba,2,1,0,0,1,0,0,"    -32.96201, -60.64786",Calle,,ROSARIO,Rosario,Asfalto,No existe,II,Dentro,Urbana,S/D,No existe,Intersección,Bueno,Buena,Diurna,S/D,S/D,Ciclista,Atropello,Ninguna,Faltante,Ninguna,Sin restricción,"    -32.96201, -60.64786","['Paraguay', 'Riobamba']",2,,-32.96201,-60.64786,55.0,538.0,Municipio Rosario,Municipio,Rosario,820210,Servicio de Catastro e Información Territorial,IGN