anio_acci,nro_acci,fecha,desc_dia,fecha_aprox,hora_aprox,desc_ruta,km,cant_participantes,desc_participante,calle_avenida_km,total,heridos_leves,heridos_graves,heridos_gravisimos,ilesos,fallecidos,sin_datos,posicion_XY,desc_tipo_via,desc_ruta_ori,desc_loc,desc_dpto,desc_tipo_calzada,desc_tipo_banquina,desc_unidad_regional,desc_lugar_calzada,desc_zona,desc_prioridad,desc_estado_semaforo,desc_lugar_via,desc_estado_via,desc_estado_visibilidad,desc_luminosidad,desc_estado_clima,desc_tipo_colision,desc_tipo_atropello,desc_tipo_hecho,desc_pres_calzada,desc_senializacion,desc_separacion_via,desc_restriccion,forma_geocod,calle_lista,numero_calles,calles_osm,lat,lon,index_right,gid,fna,gna,nam,in1,fdc,sag
2019,5066,2019-07-28,Domingo,,23:30:00,,0.0,2,"Peatón,Camión",Av. De Las Palmeras 8600,2,1,0,0,1,0,0,"    -32.97917, -60.73598",Calle,,ROSARIO,Rosario,Asfalto,No existe,II,Dentro,Urbana,Ninguna,No existe,Recta,Otro,Buena,"Nocturna,Con luz artificial",S/D,S/D,Peatón,Atropello,S/D,Faltante,Ninguna,Sin restricción,"    -32.97917, -60.73598",['De Las Palmeras 8600'],1,,-32.97917,-60.73598,55.0,538.0,Municipio Rosario,Municipio,Rosario,820210,Servicio de Catastro e Información Territorial,IGN
2019,5071,2019-07-08,Lunes,,20:45:00,,0.0,1,Automóvil,Av. Francia Y Av. Uriburu,1,1,0,0,0,0,0,"-32.99171, -60.67806",Avenida,,ROSARIO,Rosario,S/D,Pavimento,II,Dentro,Urbana,S/D,Funciona,Recta,Bueno,Buena,Diurna,Buen Tiempo,Contra objeto fijo,S/D,Colisión,S/D,S/D,S/D,S/D,"-32.99171, -60.67806","['Avenida Francia', 'Uriburu']",2,,-32.99171,-60.67806,55.0,538.0,Municipio Rosario,Municipio,Rosario,820210,Servicio de Catastro e Información Territorial,IGN
2019,5074,2019-07-08,Lunes,,23:25:00,,0.0,2,"Moto/Ciclomotor,Pickup/Utilitario",Balcarce Y Sanchez de Bustamante,2,1,0,0,1,0,0,"-33.00248, -60.66335",Calle,,ROSARIO,Rosario,Asfalto,S/D,II,S/D,Urbana,S/D,No existe,Recta,S/D,S/D,"Nocturna,Con luz artificial",Buen Tiempo,S/D,S/D,Colisión,S/D,S/D,S/D,Sin restricción,"-33.00248, -60.66335","['Balcarce', 'Sánchez de Bustamante']",2,,-33.00248,-60.66335,55.0,538.0,Municipio Rosario,Municipio,Rosario,820210,Servicio de Catastro e Información Territorial,IGN
2019,5243,2019-07-11,Jueves,,14:50:00,,0.0,2,"Automóvil,Automóvil",Bv. Oroño 4700,2,2,0,0,0,0,0,"-32.99231, -60.66555",Avenida,,ROSARIO,Rosario,Asfalto,S/D,II,Dentro,Urbana,S/D,S/D,Recta,S/D,S/D,Diurna,S/D,S/D,S/D,Colisión,S/D,S/D,S/D,S/D,"-32.99231, -60.66555",['Nicasio Oroñoño 4700'],1,,-32.99231,-60.66555,55.0,538.0,Municipio Rosario,Municipio,Rosario,820210,Servicio de Catastro e Información Territorial,IGN
2019,5244,2019-07-14,Domingo,,03:05:00,,0.0,2,"Automóvil,Moto/Ciclomotor",Lamadrid Y Mariano Moreno,5,3,0,0,2,0,0,"-32.99753, -60.66217",Calle,,ROSARIO,Rosario,Asfalto,S/D,II,Dentro,Urbana,S/D,S/D,Intersección,S/D,S/D,"Nocturna,Con luz artificial",S/D,S/D,S/D,Colisión,S/D,S/D,S/D,S/D,"-32.99753, -60.66217","['Lamadrid', 'Mariano Moreno']",2,,-32.99753,-60.66217,55.0,538.0,Municipio Rosario,Municipio,Rosario,820210,Servicio de Catastro e Información Territorial,IGN
2019,5246,2019-07-14,Domingo,,15:35:00,,0.0,2,"Moto/Ciclomotor,Automóvil",Av. Francia Y Av. Ntra.Sra.del Rosario,3,2,0,0,1,0,0,"-33.00096, -60.67765",Avenida,,ROSARIO,Rosario,Asfalto,No existe,II,Dentro,Urbana,S/D,S/D,Intersección,S/D,S/D,Diurna,S/D,S/D,S/D,Colisión,S/D,S/D,S/D,Sin restricción,"-33.00096, -60.67765","['Avenida Francia', 'Nuestra Señora del Rosario']",2,,-33.00096,-60.67765,55.0,538.0,Municipio Rosario,Municipio,Rosario,820210,Servicio de Catastro e Información Territorial,IGN
2019,5248,2019-07-08,Lunes,,11:00:00,,0.0,2,"Moto/Ciclomotor,Automóvil",Biedma Y Callao,3,1,0,0,2,0,0,"-32.97743, -60.66891",Calle,,ROSARIO,Rosario,Asfalto,No existe,II,Dentro,Urbana,S/D,S/D,Recta,Bueno,Buena,Diurna,S/D,S/D,S/D,Colisión,S/D,S/D,S/D,Sin restricción,"-32.97743, -60.66891","['Coronel Biedma', 'Callao']",2,,-32.97743,-60.66891,55.0,538.0,Municipio Rosario,Municipio,Rosario,820210,Servicio de Catastro e Información Territorial,IGN
2019,5250,2019-07-08,Lunes,,12:30:00,,0.0,2,"Pickup/Utilitario,Moto/Ciclomotor",Castellanos 3400,2,1,0,0,1,0,0,"-32.97014, -60.68272",Calle,,ROSARIO,Rosario,Asfalto,No existe,II,Dentro,Urbana,S/D,No existe,Recta,S/D,S/D,Diurna,S/D,S/D,S/D,Colisión,S/D,S/D,S/D,Sin restricción,"-32.97014, -60.68272",['Castellanos 3400'],1,,-32.97014,-60.68272,55.0,538.0,Municipio Rosario,Municipio,Rosario,820210,Servicio de Catastro e Información Territorial,IGN
2019,5262,2019-07-27,Sabado,,09:55:00,,0.0,2,"Vehículo Oficial,Moto/Ciclomotor",Iriondo Y Fragata Sarmiento,2,0,1,0,1,0,0,"    -32.9872, -60.68133",Calle,,ROSARIO,Rosario,Asfalto,No existe,II,Dentro,Urbana,S/D,S/D,Intersección,S/D,Buena,Diurna,Buen Tiempo,S/D,S/D,Colisión,S/D,S/D,S/D,Sin restricción,"    -32.9872, -60.68133","['Iriondo', 'Fragata Sarmiento']",2,,-32.9872,-60.68133,55.0,538.0,Municipio Rosario,Municipio,Rosario,820210,Servicio de Catastro e Información Territorial,IGN
2019,5273,2019-07-31,Miercoles,,09:00:00,,0.0,2,"Moto/Ciclomotor,Automóvil",Av. Ovidio Lagos Y Av de los inmigrantes,2,1,0,0,1,0,0,"    -32.97893, -60.67024",Avenida,,ROSARIO,Rosario,Asfalto,S/D,II,Dentro,Urbana,Ninguna,No existe,Intersección,S/D,S/D,Diurna,Buen Tiempo,S/D,S/D,Colisión,S/D,S/D,S/D,Sin restricción,"    -32.97893, -60.67024","['Avenida Ovidio Lagos', 'Los Inmigrantes']",2,,-32.97893,-60.67024,55.0,538.0,Municipio Rosario,Municipio,Rosario,820210,Servicio de Catastro e Información Territorial,IGN
2019,5277,2019-07-25,Jueves,,11:30:00,,0.0,2,"Moto/Ciclomotor,Pickup/Utilitario",Av. Ntra.Sra.del Rosario Y Balcarce,3,1,0,0,2,0,0,"    -33.00053, -60.66346",Calle,,ROSARIO,Rosario,Asfalto,No existe,II,Dentro,Urbana,S/D,S/D,Intersección,S/D,S/D,Diurna,Lluvia,S/D,S/D,Colisión,S/D,S/D,S/D,S/D,"    -33.00053, -60.66346","['Nuestra Señora del Rosario', 'Balcarce']",2,,-33.00053,-60.66346,55.0,538.0,Municipio Rosario,Municipio,Rosario,820210,Servicio de Catastro e Información Territorial,IGN
2019,5327,2019-07-24,Miercoles,,15:30:00,,0.0,2,"Automóvil,Camión Chasis",J.J.Paso Y Pje. Sotomayor Bis,5,0,1,0,4,0,0,"    -32.91972, -60.69523",Calle,,ROSARIO,Rosario,Asfalto,No existe,II,Dentro,Urbana,Ninguna,No existe,Intersección,Bueno,Buena,Diurna,Buen Tiempo,S/D,S/D,Colisión,Otro,Faltante,Ninguna,Sin restricción,"    -32.91972, -60.69523","['Paso', 'Sotomayor']",2,,-32.91972,-60.69523,55.0,538.0,Municipio Rosario,Municipio,Rosario,820210,Servicio de Catastro e Información Territorial,IGN
2019,5330,2019-07-26,Viernes,,13:00:00,,0.0,2,"Automóvil,Peatón",Freyre Y Pje. Boedo,2,1,0,0,1,0,0,"    -32.89563, -60.70629",Calle,,ROSARIO,Rosario,Asfalto,No existe,II,S/D,Urbana,Ninguna,No existe,Intersección,Bueno,Buena,Diurna,Buen Tiempo,Otro,Peatón,Atropello,S/D,Faltante,Ninguna,Sin restricción,"    -32.89563, -60.70629","['Freyre', 'Boedo']",2,,-32.89563,-60.70629,55.0,538.0,Municipio Rosario,Municipio,Rosario,820210,Servicio de Catastro e Información Territorial,IGN
2019,5337,2019-08-28,Miercoles,,16:45:00,,0.0,2,"Moto/Ciclomotor,Pickup/Utilitario",Av. Provincias Unidas Y Rueda,2,0,1,0,1,0,0,"-32.962813, -60.711610",Avenida,,ROSARIO,Rosario,Asfalto,No existe,II,Dentro,Urbana,Señal Pare,No existe,Intersección,Bueno,Buena,Atardecer,Buen Tiempo,Lateral,S/D,Colisión,Ninguna,"Horizontal,Vertical",Ninguna,Sin restricción,"-32.962813, -60.711610","['Avenida Provincias Unidas', 'Rueda']",2,,-32.962813,-60.71161,55.0,538.0,Municipio Rosario,Municipio,Rosario,820210,Servicio de Catastro e Información Territorial,IGN
2019,5338,2019-07-26,Viernes,,19:00:00,,0.0,2,"Bicicleta,Automóvil",Bv. Rondeau Y Pedroni,2,1,0,0,1,0,0,"    -32.89245, -60.69317",Calle,,ROSARIO,Rosario,Asfalto,No existe,II,Dentro,Urbana,Ninguna,No existe,Intersección,Bueno,Buena,Atardecer,Buen Tiempo,Otro,Ciclista,Atropello,Ninguna,Faltante,Cordón divisorio,Sin restricción,"    -32.89245, -60.69317","['Rondeau', 'Pedroni']",2,,-32.89245,-60.69317,55.0,538.0,Municipio Rosario,Municipio,Rosario,820210,Servicio de Catastro e Información Territorial,IGN
2019,5340,2019-08-23,Viernes,,09:00:00,,0.0,2,"Automóvil,Moto/Ciclomotor",E.ESPINOSA  Y GARZON,2,1,0,0,1,0,0,"-32.976778, -60.704212",Calle,,ROSARIO,Rosario,Asfalto,No existe,II,Dentro,Urbana,Ninguna,No existe,Intersección,Bueno,Buena,Diurna,Buen Tiempo,Lateral,S/D,Colisión,Ninguna,Faltante,Ninguna,Sin restricción,"-32.976778, -60.704212","['Espinosa', 'Garzón']",2,,-32.976778,-60.704212,55.0,538.0,Municipio Rosario,Municipio,Rosario,820210,Servicio de Catastro e Información Territorial,IGN
2019,5343,2019-07-26,Viernes,,19:40:00,,0.0,3,"Moto/Ciclomotor,Moto/Ciclomotor,Automóvil",Casiano Casas ,6,1,0,0,5,0,0,"    -32.90659, -60.6966",Calle,,ROSARIO,Rosario,Asfalto,Pavimento,II,S/D,Urbana,S/D,No existe,Recta,Bueno,Buena,Atardecer,Buen Tiempo,Múltiple,S/D,Colisión,Ninguna,S/D,Cordón divisorio,Sin restricción,"    -32.90659, -60.6966",['Avenida Casiano Casas'],1,,-32.90659,-60.6966,55.0,538.0,Municipio Rosario,Municipio,Rosario,820210,Servicio de Catastro e Información Territorial,IGN
2019,5344,2019-08-31,Sabado,,03:31:00,,0.0,2,"Automóvil,Taxi/Remis",Av. Pellegrini Y Camilo Aldao,5,5,0,0,0,0,0,"-32.948069, -60.695670",Avenida,,ROSARIO,Rosario,Asfalto,No existe,II,Dentro,Urbana,Semáforo,Funciona,Intersección,Bueno,Buena,"Nocturna,Con luz artificial",Buen Tiempo,Lateral,S/D,Colisión,Ninguna,"Horizontal,Vertical",Cordón divisorio,Sin restricción,"-32.948069, -60.695670","['Pellegrini', 'Camilo Aldao']",2,,-32.948069,-60.69567,55.0,538.0,Municipio Rosario,Municipio,Rosario,820210,Servicio de Catastro e Información Territorial,IGN
2019,5347,2019-07-30,Martes,,19:30:00,,0.0,2,"Moto/Ciclomotor,Automóvil",Valentin Gomez ,2,1,0,0,1,0,0,"    -32.90315, -60.69448",Calle,,ROSARIO,Rosario,Asfalto,S/D,II,Dentro,Urbana,S/D,S/D,Recta,S/D,S/D,Atardecer,S/D,S/D,S/D,Colisión,S/D,S/D,S/D,S/D,"    -32.90315, -60.69448",['Valentín Gómez'],1,,-32.90315,-60.69448,55.0,538.0,Municipio Rosario,Municipio,Rosario,820210,Servicio de Catastro e Información Territorial,IGN
2019,5348,2019-08-04,Domingo,,09:00:00,,0.0,2,"Automóvil,Automóvil",Av. Pte.Peron Y Cullen,3,0,1,0,2,0,0,"-32.966179, -60.708074",Avenida,,ROSARIO,Rosario,Asfalto,No existe,II,Dentro,Urbana,Semáforo,Funciona,Intersección,Bueno,Buena,Diurna,Buen Tiempo,Lateral,S/D,Colisión,Ninguna,"Horizontal,Vertical",Cordón divisorio,Sin restricción,"-32.966179, -60.708074","['Avenida Presidente Perón', 'Cullen']",2,,-32.966179,-60.708074,55.0,538.0,Municipio Rosario,Municipio,Rosario,820210,Servicio de Catastro e Información Territorial,IGN
2019,5351,2019-08-10,Sabado,,03:45:00,,0.0,2,"Taxi/Remis,Moto/Ciclomotor",Av. Provincias Unidas Y Av. Pte.Peron,3,2,0,0,1,0,0,"-32.968110, -60.711539",Avenida,,ROSARIO,Rosario,Asfalto,No existe,II,Dentro,Urbana,Semáforo,Funciona,Recta,Bueno,Buena,"Nocturna,Con luz artificial",Lluvia,De alcance,S/D,Colisión,Agua,"Horizontal,Vertical",Cordón divisorio,Sin restricción,"-32.968110, -60.711539","['Avenida Provincias Unidas', 'Avenida Presidente Perón']",2,,-32.96811,-60.711539,55.0,538.0,Municipio Rosario,Municipio,Rosario,820210,Servicio de Catastro e Información Territorial,IGN
2019,5354,2019-08-13,Martes,,07:22:00,,0.0,2,"Taxi/Remis,Moto/Ciclomotor",Av. Pellegrini Y Vera Mujica,2,1,0,0,1,0,0,"-32.952196, -60.669644",Avenida,,ROSARIO,Rosario,Asfalto,No existe,II,Dentro,Urbana,Ninguna,Funciona,Recta,Bueno,Buena,"Amanecer,Con luz artificial",Buen Tiempo,Lateral,S/D,Colisión,Ninguna,"Horizontal,Vertical",Ninguna,Sin restricción,"-32.952196, -60.669644","['Pellegrini', 'Vera Mujíca']",2,,-32.952196,-60.669644,55.0,538.0,Municipio Rosario,Municipio,Rosario,820210,Servicio de Catastro e Información Territorial,IGN
2019,5359,2019-08-03,Sabado,,14:20:00,,0.0,2,"Moto/Ciclomotor,Pickup/Utilitario",Biedma Y F.More,2,1,0,0,1,0,0,"-32.973697, -60.692492",Calle,,ROSARIO,Rosario,"Asfalto,Tierra",No existe,II,Dentro,Urbana,Ninguna,No existe,Intersección,Bueno,Buena,Diurna,Buen Tiempo,Lateral,S/D,Colisión,Ninguna,Faltante,Ninguna,Sin restricción,"-32.973697, -60.692492","['Coronel Biedma', 'Felipe Moré']",2,,-32.973697,-60.692492,55.0,538.0,Municipio Rosario,Municipio,Rosario,820210,Servicio de Catastro e Información Territorial,IGN
2019,5362,2019-08-08,Jueves,,16:15:00,,0.0,2,"Pickup/Utilitario,Moto/Ciclomotor",Bv. Segui 5000,2,1,0,0,1,0,0,"-32.970462, -60.691759",Calle,,ROSARIO,Rosario,Asfalto,No existe,II,Dentro,Urbana,Ninguna,No existe,Recta,Bueno,Buena,Diurna,Buen Tiempo,De alcance,S/D,Colisión,Ninguna,Faltante,Cordón divisorio,Sin restricción,"-32.970462, -60.691759",['Bulevar Juan Francisco Seguí 5000'],1,,-32.970462,-60.691759,55.0,538.0,Municipio Rosario,Municipio,Rosario,820210,Servicio de Catastro e Información Territorial,IGN
2019,5366,2019-08-24,Sabado,,20:00:00,,0.0,2,"Automóvil,Bicicleta",Viamonte Y Colombia,3,2,0,0,1,0,0,"-32.956997, -60.715205",Calle,,ROSARIO,Rosario,Asfalto,No existe,II,Dentro,Urbana,Ninguna,No existe,Intersección,Bueno,Buena,"Nocturna,Con luz artificial",Buen Tiempo,S/D,Ciclista,Atropello,Ninguna,Faltante,Ninguna,Sin restricción,"-32.956997, -60.715205","['Viamonte', 'Colombia']",2,,-32.956997,-60.715205,55.0,538.0,Municipio Rosario,Municipio,Rosario,820210,Servicio de Catastro e Información Territorial,IGN
2019,5368,2019-08-27,Martes,,04:20:00,,0.0,2,"Moto/Ciclomotor,Automóvil",Av. Provincias Unidas Y Ituzaingo,2,0,1,0,1,0,0,"-32.952214, -60.712183",Avenida,,ROSARIO,Rosario,Asfalto,No existe,II,Dentro,Urbana,Semáforo,Funciona,Intersección,Bueno,Buena,"Nocturna,Con luz artificial",Buen Tiempo,Lateral,S/D,Colisión,Ninguna,Vertical,Ninguna,Sin restricción,"-32.952214, -60.712183","['Avenida Provincias Unidas', 'Ituzaingó']",2,,-32.952214,-60.712183,55.0,538.0,Municipio Rosario,Municipio,Rosario,820210,Servicio de Catastro e Información Territorial,IGN
2019,5372,2019-08-21,Miercoles,,21:00:00,,0.0,2,"Moto/Ciclomotor,Moto/Ciclomotor",Av. Provincias Unidas Y Rivarola,2,1,1,0,0,0,0,"-32.965833, -60.711644",Calle,,ROSARIO,Rosario,Asfalto,No existe,II,Dentro,Urbana,Semáforo,Funciona,Recta,Bueno,Buena,"Nocturna,Con luz artificial",Buen Tiempo,De alcance,S/D,Colisión,Ninguna,"Horizontal,Vertical",Cordón divisorio,Sin restricción,"-32.965833, -60.711644","['Avenida Provincias Unidas', 'Rivarola']",2,,-32.965833,-60.711644,55.0,538.0,Municipio Rosario,Municipio,Rosario,820210,Servicio de Catastro e Información Territorial,IGN
2019,5374,2019-08-14,Miercoles,,09:20:00,,0.0,2,"Automóvil,Moto/Ciclomotor",Bv. Avellaneda Y La Paz,2,0,1,0,1,0,0,"-32.956802, -60.683705",Avenida,,ROSARIO,Rosario,Asfalto,No existe,II,Dentro,Urbana,Señal Pare,No existe,Recta,Bueno,Buena,Diurna,Buen Tiempo,Lateral,S/D,Colisión,Ninguna,Vertical,Barrera de hormigón,Sin restricción,"-32.956802, -60.683705","['Avellaneda', 'La Paz']",2,,-32.956802,-60.683705,55.0,538.0,Municipio Rosario,Municipio,Rosario,820210,Servicio de Catastro e Información Territorial,IGN
2019,5378,2019-08-04,Domingo,,22:10:00,,0.0,2,"Automóvil,Moto/Ciclomotor",Bv. 27 De Febrero Y Roullon,2,1,0,0,1,0,0,"-32.959045, -60.701522",Avenida,,ROSARIO,Rosario,Asfalto,No existe,II,Dentro,Urbana,Semáforo,Funciona,Intersección,Bueno,Buena,Nocturna,Buen Tiempo,Lateral,S/D,Colisión,Ninguna,"Horizontal,Vertical",Ninguna,Sin restricción,"-32.959045, -60.701522","['27 de Febrero', 'Alfredo Rouillón']",2,,-32.959045,-60.701522,55.0,538.0,Municipio Rosario,Municipio,Rosario,820210,Servicio de Catastro e Información Territorial,IGN
2019,5380,2019-08-04,Domingo,,23:20:00,,0.0,2,"Moto/Ciclomotor,Automóvil",Calle 1724 ,2,0,1,0,1,0,0,"-32.964140, -60.729806",Calle,,ROSARIO,Rosario,Asfalto,No existe,II,Dentro,Urbana,Semáforo,No existe,Intersección,Bueno,Buena,"Nocturna,Con luz artificial",Buen Tiempo,Lateral,S/D,Colisión,Ninguna,Faltante,Ninguna,Sin restricción,"-32.964140, -60.729806",['Calle 1724'],1,,-32.96414,-60.729806,55.0,538.0,Municipio Rosario,Municipio,Rosario,820210,Servicio de Catastro e Información Territorial,IGN
2019,5384,2019-08-22,Jueves,,10:50:00,,0.0,2,"Moto/Ciclomotor,Automóvil",Lamadrid Y Buenos Aires,2,1,0,0,1,0,0,"-32.997007, -60.645158",Calle,,ROSARIO,Rosario,Asfalto,No existe,II,Dentro,Urbana,Ninguna,No existe,Intersección,Bueno,Buena,Diurna,Buen Tiempo,De alcance,S/D,Colisión,Ninguna,Faltante,Ninguna,Sin restricción,"-32.997007, -60.645158","['Lamadrid', 'Buenos Aires']",2,,-32.997007,-60.645158,55.0,538.0,Municipio Rosario,Municipio,Rosario,820210,Servicio de Catastro e Información Territorial,IGN
2019,5387,2019-08-23,Viernes,,11:30:00,,0.0,2,"Moto/Ciclomotor,Automóvil",Dean Funes Y Ayacucho,2,1,0,0,1,0,0,"-32.977671, -60.634185",Avenida,,ROSARIO,Rosario,Asfalto,No existe,II,Dentro,Urbana,Ninguna,No existe,Intersección,Bueno,Buena,Diurna,Buen Tiempo,De alcance,S/D,Colisión,Ninguna,Horizontal,Ninguna,Sin restricción,"-32.977671, -60.634185","['Deán Gregorio Funes', 'Ayacucho']",2,,-32.977671,-60.634185,55.0,538.0,Municipio Rosario,Municipio,Rosario,820210,Servicio de Catastro e Información Territorial,IGN
2019,5390,2019-08-23,Viernes,,14:10:00,,0.0,2,"Automóvil,Moto/Ciclomotor",San Martin Y Amenabar,3,2,0,0,1,0,0,"-32.972453, -60.643155",Avenida,,ROSARIO,Rosario,Asfalto,No existe,II,Dentro,Urbana,Semáforo,Funciona,Intersección,Bueno,Buena,Diurna,Buen Tiempo,De alcance,S/D,Colisión,Ninguna,Vertical,Ninguna,Sin restricción,"-32.972453, -60.643155","['San Martin', 'Amenabar']",2,,-32.972453,-60.643155,55.0,538.0,Municipio Rosario,Municipio,Rosario,820210,Servicio de Catastro e Información Territorial,IGN
2019,5393,2019-08-22,Jueves,,15:28:00,,0.0,2,"Moto/Ciclomotor,Automóvil",Laprida Y Hilarion de la Quintana,3,2,0,0,1,0,0,"-33.000890, -60.647049",Calle,,ROSARIO,Rosario,Asfalto,No existe,II,Dentro,Urbana,Ninguna,No existe,Intersección,Bueno,Buena,Diurna,Buen Tiempo,Lateral,S/D,Colisión,Ninguna,Faltante,Ninguna,Sin restricción,"-33.000890, -60.647049","['Laprida', 'Hilarión de la Quintana']",2,,-33.00089,-60.647049,55.0,538.0,Municipio Rosario,Municipio,Rosario,820210,Servicio de Catastro e Información Territorial,IGN
2019,5396,2019-08-24,Sabado,,19:30:00,,0.0,2,"Moto/Ciclomotor,Automóvil",San Martin 6251,4,2,0,0,2,0,0,"-33.009094, -60.650737",Calle,,ROSARIO,Rosario,Asfalto,No existe,II,Dentro,Urbana,Semáforo,Funciona,Rotonda,Bueno,Buena,Atardecer,Buen Tiempo,De alcance,S/D,Colisión,Ninguna,"Horizontal,Vertical",Cordón divisorio,Sin restricción,"-33.009094, -60.650737",['San Martin 6251'],1,,-33.009094,-60.650737,55.0,538.0,Municipio Rosario,Municipio,Rosario,820210,Servicio de Catastro e Información Territorial,IGN
2019,5398,2019-08-22,Jueves,,12:50:00,,0.0,2,"Automóvil,Automóvil",Saavedra Y Maipu,3,1,0,0,2,0,0,"-32.978435, -60.643310",Calle,,ROSARIO,Rosario,Asfalto,No existe,II,Dentro,Urbana,Señal Pare,No existe,Intersección,Bueno,Buena,Diurna,Buen Tiempo,De alcance,S/D,Colisión,Ninguna,Vertical,Ninguna,Sin restricción,"-32.978435, -60.643310","['Saavedra', 'Maipú']",2,,-32.978435,-60.64331,55.0,538.0,Municipio Rosario,Municipio,Rosario,820210,Servicio de Catastro e Información Territorial,IGN
2019,5402,2019-08-23,Viernes,,13:00:00,,0.0,2,"Automóvil,Automóvil",Bv. Segui Y Mitre,4,4,0,0,0,0,0,"-32.978936, -60.647807",Avenida,,ROSARIO,Rosario,Asfalto,No existe,II,Dentro,Urbana,Señal Pare,No existe,Intersección,Bueno,Buena,Diurna,Buen Tiempo,De alcance,S/D,Colisión,Ninguna,"Horizontal,Vertical",Cordón divisorio,Sin restricción,"-32.978936, -60.647807","['Bulevar Juan Francisco Seguí', 'Mitre']",2,,-32.978936,-60.647807,55.0,538.0,Municipio Rosario,Municipio,Rosario,820210,Servicio de Catastro e Información Territorial,IGN
2019,5416,2019-08-21,Miercoles,,19:30:00,,0.0,2,"Moto/Ciclomotor,Automóvil",Mitre Y 24 De Setiembre,3,0,1,0,2,0,0,"-32.979988, -60.648069",Calle,,ROSARIO,Rosario,Asfalto,No existe,II,Dentro,Urbana,Ninguna,No existe,Intersección,Bueno,Buena,Atardecer,Buen Tiempo,De alcance,S/D,Colisión,Ninguna,Faltante,Ninguna,Sin restricción,"-32.979988, -60.648069","['Mitre', '24 de Septiembre']",2,,-32.979988,-60.648069,55.0,538.0,Municipio Rosario,Municipio,Rosario,820210,Servicio de Catastro e Información Territorial,IGN
2019,5423,2019-08-25,Domingo,,20:55:00,,0.0,2,"Automóvil,Moto/Ciclomotor",Grandoli Y Isola Bis,2,1,0,0,1,0,0,"-32.991383, -60.628558",Avenida,,ROSARIO,Rosario,Asfalto,No existe,II,Dentro,Urbana,Ninguna,No existe,Intersección,Bueno,Buena,"Nocturna,Con luz artificial",Buen Tiempo,Lateral,S/D,Colisión,Ninguna,Horizontal,Barrera de hormigón,Sin restricción,"-32.991383, -60.628558","['Avenida Abanderado Grandoli', 'Isola']",2,,-32.991383,-60.628558,55.0,538.0,Municipio Rosario,Municipio,Rosario,820210,Servicio de Catastro e Información Territorial,IGN
2019,5426,2019-08-25,Domingo,,22:40:00,,0.0,2,"Moto/Ciclomotor,Automóvil",L.N.Alem Y Av. Uriburu,3,1,1,0,1,0,0,"-32.990349, -60.638900",Avenida,,ROSARIO,Rosario,Asfalto,No existe,II,Dentro,Urbana,Ninguna,No existe,Cruce,Bueno,Buena,"Nocturna,Con luz artificial",Buen Tiempo,Lateral,S/D,Colisión,Ninguna,Faltante,Ninguna,Sin restricción,"-32.990349, -60.638900","['Alem', 'Uriburu']",2,,-32.990349,-60.6389,55.0,538.0,Municipio Rosario,Municipio,Rosario,820210,Servicio de Catastro e Información Territorial,IGN
2019,5427,2019-08-11,Domingo,,17:25:00,,0.0,2,"Automóvil,Moto/Ciclomotor",Pje. 525 500,3,2,0,0,1,0,0,"-33.013080, -60.639756",Calle,,ROSARIO,Rosario,Asfalto,No existe,II,Dentro,Urbana,Ninguna,No existe,Recta,Bueno,Buena,Diurna,Buen Tiempo,De alcance,S/D,Colisión,Ninguna,Faltante,Ninguna,Sin restricción,"-33.013080, -60.639756",['Pasaje 525 500'],1,,-33.01308,-60.639756,55.0,538.0,Municipio Rosario,Municipio,Rosario,820210,Servicio de Catastro e Información Territorial,IGN
2019,5428,2019-08-11,Domingo,,12:25:00,,0.0,3,"Automóvil,Moto/Ciclomotor,Peatón",Pje. Aguirre Y Cabildo,3,2,0,0,1,0,0,"-33.006948, -60.634882",Calle,,ROSARIO,Rosario,Asfalto,No existe,II,Dentro,Urbana,Otra Señal,No existe,Intersección,Bueno,Buena,Diurna,Buen Tiempo,De alcance,Peatón,"Colisión,Atropello",Ninguna,Vertical,Ninguna,Sin restricción,"-33.006948, -60.634882","['Aguirre', 'Cabildo']",2,,-33.006948,-60.634882,55.0,538.0,Municipio Rosario,Municipio,Rosario,820210,Servicio de Catastro e Información Territorial,IGN
2019,5429,2019-08-10,Sabado,,13:15:00,,0.0,2,"Moto/Ciclomotor,Pickup/Utilitario",Ayacucho Y Sanchez de Bustamante,2,1,0,0,1,0,0,"-33.001595, -60.636111",Calle,,ROSARIO,Rosario,Asfalto,No existe,II,Dentro,Urbana,Semáforo,Funciona,Intersección,Bueno,Buena,Diurna,Buen Tiempo,De alcance,S/D,Colisión,Ninguna,Vertical,Ninguna,Sin restricción,"-33.001595, -60.636111","['Ayacucho', 'Sánchez de Bustamante']",2,,-33.001595,-60.636111,55.0,538.0,Municipio Rosario,Municipio,Rosario,820210,Servicio de Catastro e Información Territorial,IGN