anio_acci,nro_acci,fecha,desc_dia,fecha_aprox,hora_aprox,desc_ruta,km,cant_participantes,desc_participante,calle_avenida_km,total,heridos_leves,heridos_graves,heridos_gravisimos,ilesos,fallecidos,sin_datos,posicion_XY,desc_tipo_via,desc_ruta_ori,desc_loc,desc_dpto,desc_tipo_calzada,desc_tipo_banquina,desc_unidad_regional,desc_lugar_calzada,desc_zona,desc_prioridad,desc_estado_semaforo,desc_lugar_via,desc_estado_via,desc_estado_visibilidad,desc_luminosidad,desc_estado_clima,desc_tipo_colision,desc_tipo_atropello,desc_tipo_hecho,desc_pres_calzada,desc_senializacion,desc_separacion_via,desc_restriccion,forma_geocod,calle_lista,numero_calles,calles_osm,lat,lon,index_right,gid,fna,gna,nam,in1,fdc,sag
2019,5431,2019-08-15,Jueves,,08:30:00,,0.0,2,"Bicicleta,Automóvil",San Martin Y Garay,2,1,0,0,1,0,0,"-32.974791, -60.643703",Avenida,,ROSARIO,Rosario,Asfalto,No existe,II,Dentro,Urbana,Semáforo,Funciona,Intersección,Bueno,Buena,Diurna,Buen Tiempo,S/D,Ciclista,Atropello,Ninguna,"Horizontal,Vertical",Línea divisoria pintada,Sin restricción,"-32.974791, -60.643703","['San Martin', 'Garay']",2,,-32.974791,-60.643703,55.0,538.0,Municipio Rosario,Municipio,Rosario,820210,Servicio de Catastro e Información Territorial,IGN
2019,5433,2019-08-14,Miercoles,,06:15:00,,0.0,2,"Moto/Ciclomotor,Automóvil",Grandoli Y J.M.Gutierrez,2,1,0,0,1,0,0,"-32.993409, -60.628747",Avenida,,ROSARIO,Rosario,Asfalto,No existe,II,Dentro,Urbana,Semáforo,Funciona,Intersección,Bueno,Buena,"Amanecer,Con luz artificial",Buen Tiempo,De alcance,S/D,Colisión,Ninguna,"Horizontal,Vertical",Cordón divisorio,Sin restricción,"-32.993409, -60.628747","['Avenida Abanderado Grandoli', 'Gutierrez']",2,,-32.993409,-60.628747,55.0,538.0,Municipio Rosario,Municipio,Rosario,820210,Servicio de Catastro e Información Territorial,IGN
2019,5436,2019-08-14,Miercoles,,13:05:00,,0.0,2,"Moto/Ciclomotor,Vehículo Oficial",Ayacucho Y Lamadrid,2,1,0,0,1,0,0,"-32.996716, -60.636613",Calle,,ROSARIO,Rosario,Asfalto,No existe,II,Dentro,Urbana,Semáforo,Funciona,Recta,Bueno,Buena,Diurna,Buen Tiempo,De alcance,S/D,Colisión,Ninguna,"Horizontal,Vertical",Línea divisoria pintada,Sin restricción,"-32.996716, -60.636613","['Ayacucho', 'Lamadrid']",2,,-32.996716,-60.636613,55.0,538.0,Municipio Rosario,Municipio,Rosario,820210,Servicio de Catastro e Información Territorial,IGN
2019,5440,2019-08-14,Miercoles,,13:40:00,,0.0,2,"Pickup/Utilitario,Moto/Ciclomotor",Laprida Y Amenabar,2,1,0,0,1,0,0,"-32.972922, -60.640672",Calle,,ROSARIO,Rosario,Asfalto,No existe,II,Dentro,Urbana,Ninguna,No existe,Intersección,Bueno,Buena,Diurna,Buen Tiempo,Lateral,S/D,Colisión,Ninguna,Faltante,Ninguna,Sin restricción,"-32.972922, -60.640672","['Laprida', 'Amenabar']",2,,-32.972922,-60.640672,55.0,538.0,Municipio Rosario,Municipio,Rosario,820210,Servicio de Catastro e Información Territorial,IGN
2019,5442,2019-08-20,Martes,,10:57:00,,0.0,2,"Moto/Ciclomotor,Automóvil",Laprida Y Ivanowski,2,1,0,0,1,0,0,"-32.983818, -60.643545",Calle,,ROSARIO,Rosario,Asfalto,No existe,II,Dentro,Urbana,Ninguna,No existe,Intersección,Bueno,Buena,Diurna,Buen Tiempo,Lateral,S/D,Colisión,Ninguna,Faltante,Ninguna,Sin restricción,"-32.983818, -60.643545","['Laprida', 'Ivanowski']",2,,-32.983818,-60.643545,55.0,538.0,Municipio Rosario,Municipio,Rosario,820210,Servicio de Catastro e Información Territorial,IGN
2019,5443,2019-08-21,Miercoles,,17:20:00,,0.0,1,Bicicleta,Baigorria Y Pje. Boedo,1,1,0,0,0,0,0,"-32.893817035345,-60.706395992948",Calle,,ROSARIO,Rosario,Asfalto,No existe,II,Dentro,Urbana,Semáforo,Funciona,Recta,Bueno,Reducida,Atardecer,Buen Tiempo,S/D,S/D,Caída ocupante,Ninguna,"Horizontal,Vertical",Cordón divisorio,Sin restricción,"-32.893817035345,-60.706395992948","['Baigorria', 'Boedo']",2,,-32.893817035345,-60.706395992948,55.0,538.0,Municipio Rosario,Municipio,Rosario,820210,Servicio de Catastro e Información Territorial,IGN
2019,5445,2019-08-17,Sabado,,14:10:00,,0.0,2,"Moto/Ciclomotor,Automóvil",Necochea Y Garay,3,1,0,0,2,0,0,"-32.977012, -60.631211",Calle,,ROSARIO,Rosario,Asfalto,No existe,II,Dentro,Urbana,Ninguna,No existe,Intersección,Bueno,Buena,Diurna,Buen Tiempo,Lateral,S/D,Colisión,Ninguna,Faltante,Ninguna,Sin restricción,"-32.977012, -60.631211","['Necochea', 'Garay']",2,,-32.977012,-60.631211,55.0,538.0,Municipio Rosario,Municipio,Rosario,820210,Servicio de Catastro e Información Territorial,IGN
2019,5446,2019-08-29,Jueves,,17:30:00,,0.0,2,"Bicicleta,Moto/Ciclomotor",Superi Y Av. Casiano Casas,2,1,0,0,1,0,0,"-32.896937065228,-60.714646617411",Avenida,,ROSARIO,Rosario,Asfalto,No existe,II,Dentro,Urbana,Ninguna,No existe,Intersección,Bueno,Buena,Diurna,Buen Tiempo,S/D,Ciclista,Atropello,Ninguna,Faltante,Ninguna,Sin restricción,"-32.896937065228,-60.714646617411","['Superi', 'Avenida Casiano Casas']",2,,-32.896937065228,-60.714646617411,55.0,538.0,Municipio Rosario,Municipio,Rosario,820210,Servicio de Catastro e Información Territorial,IGN
2019,5448,2019-08-30,Viernes,,19:00:00,,0.0,2,"Automóvil,Bicicleta",Larrechea Y Anchoris,2,1,0,0,1,0,0,"-32.898039431451,-60.699613279788",Calle,,ROSARIO,Rosario,Asfalto,No existe,II,Dentro,Urbana,Ninguna,No existe,Intersección,Bueno,Buena,Atardecer,Buen Tiempo,S/D,Ciclista,Atropello,Ninguna,Faltante,Ninguna,Sin restricción,"-32.898039431451,-60.699613279788","['Larrechea', 'Anchoris']",2,,-32.898039431451,-60.699613279788,55.0,538.0,Municipio Rosario,Municipio,Rosario,820210,Servicio de Catastro e Información Territorial,IGN
2019,5449,2019-08-30,Viernes,,07:10:00,,0.0,1,Moto/Ciclomotor,Velez Sarsfield Y Santa Maria De Oro Bis,1,0,1,0,0,0,0,"-32.924799621105194,-60.67358225584",Calle,,ROSARIO,Rosario,Asfalto,No existe,II,Dentro,Urbana,Semáforo,Funciona,Recta,Bueno,Buena,Diurna,Buen Tiempo,Contra objeto fijo,S/D,Colisión,Ninguna,"Horizontal,Vertical",Ninguna,Sin restricción,"-32.924799621105194,-60.67358225584","['Vélez Sarsfield', 'Santa María de Oro']",2,,-32.924799621105194,-60.67358225584,55.0,538.0,Municipio Rosario,Municipio,Rosario,820210,Servicio de Catastro e Información Territorial,IGN
2019,5450,2019-08-10,Sabado,,11:45:00,,0.0,2,"Moto/Ciclomotor,Pickup/Utilitario",Av. Ntra.Sra.del Rosario 300,3,1,1,0,1,0,0,"-32.998246, -60.623465",Avenida,,ROSARIO,Rosario,Asfalto,No existe,II,Dentro,Urbana,Semáforo,Funciona,Intersección,Bueno,Buena,Diurna,Buen Tiempo,Lateral,S/D,Colisión,Ninguna,"Horizontal,Vertical",Ninguna,Sin restricción,"-32.998246, -60.623465",['Ntra Sra Del Rosario 300'],1,,-32.998246,-60.623465,55.0,538.0,Municipio Rosario,Municipio,Rosario,820210,Servicio de Catastro e Información Territorial,IGN
2019,5451,2019-08-09,Viernes,,07:05:00,,0.0,3,"Automóvil,Automóvil,Pickup/Utilitario",Alberdi Y Av. Portugal,3,1,0,0,2,0,0,"-32.914113871169,-60.686267150168",Avenida,,ROSARIO,Rosario,Asfalto,No existe,II,Dentro,Urbana,Semáforo,Funciona,Recta,Bueno,S/D,Diurna,Buen Tiempo,Múltiple,S/D,Colisión,S/D,"Horizontal,Vertical",Ninguna,Sin restricción,"-32.914113871169,-60.686267150168","['Alberdi', 'Portugal']",2,,-32.914113871169,-60.686267150168,55.0,538.0,Municipio Rosario,Municipio,Rosario,820210,Servicio de Catastro e Información Territorial,IGN
2019,5453,2019-08-26,Lunes,,12:30:00,,0.0,2,"Moto/Ciclomotor,Automóvil",Av. Frondizi A Y Nansen,2,1,0,0,1,0,0,"-32.908993363380446,-60.67850947380",Avenida,,ROSARIO,Rosario,Asfalto,No existe,II,Dentro,Urbana,Semáforo,Funciona,Recta,Bueno,S/D,Diurna,Buen Tiempo,Frontal,S/D,Colisión,Ninguna,"Horizontal,Vertical",Cordón divisorio,Sin restricción,"-32.908993363380446,-60.67850947380","['Frondizi', 'Nansen']",2,,-32.908993363380446,-60.6785094738,55.0,538.0,Municipio Rosario,Municipio,Rosario,820210,Servicio de Catastro e Información Territorial,IGN
2019,5454,2019-08-12,Lunes,,17:00:00,,0.0,2,"Automóvil,Automóvil",Entre Rios Y Dean Funes,2,1,0,0,1,0,0,"-32.975129, -60.648316",Calle,,ROSARIO,Rosario,Asfalto,No existe,II,Dentro,Urbana,Marca Vial,No existe,Intersección,Bueno,Buena,Diurna,Buen Tiempo,Lateral,S/D,Colisión,Ninguna,Horizontal,Línea divisoria pintada,Sin restricción,"-32.975129, -60.648316","['Entre Ríos', 'Deán Gregorio Funes']",2,,-32.975129,-60.648316,55.0,538.0,Municipio Rosario,Municipio,Rosario,820210,Servicio de Catastro e Información Territorial,IGN
2019,5456,2019-08-10,Sabado,,17:40:00,,0.0,2,"Moto/Ciclomotor,Automóvil",Garibaldi Y Mitre,2,1,0,0,1,0,0,"-32.985748, -60.649489",Calle,,ROSARIO,Rosario,Asfalto,No existe,II,Dentro,Urbana,Ninguna,No existe,Intersección,Bueno,Buena,Diurna,Buen Tiempo,Lateral,S/D,Colisión,Ninguna,Faltante,Ninguna,Sin restricción,"-32.985748, -60.649489","['José Garibaldi', 'Mitre']",2,,-32.985748,-60.649489,55.0,538.0,Municipio Rosario,Municipio,Rosario,820210,Servicio de Catastro e Información Territorial,IGN
2019,5458,2019-08-10,Sabado,,05:45:00,,0.0,2,"Moto/Ciclomotor,Automóvil",Brown Y Rodriguez,2,1,0,0,1,0,0,"-32.933427644317,-60.656372627612",Calle,,ROSARIO,Rosario,Asfalto,No existe,II,Dentro,Urbana,Señal Pare,No existe,Intersección,Bueno,Buena,Amanecer,Buen Tiempo,Lateral,S/D,Colisión,Ninguna,Vertical,Ninguna,Sin restricción,"-32.933427644317,-60.656372627612","['Brown', 'Rodríguez']",2,,-32.933427644317,-60.656372627612,55.0,538.0,Municipio Rosario,Municipio,Rosario,820210,Servicio de Catastro e Información Territorial,IGN
2019,5459,2019-08-12,Lunes,,18:30:00,,0.0,2,"Moto/Ciclomotor,Automóvil",Av. Ntra.Sra.del Rosario Y Paraguay,4,3,0,0,1,0,0,"-33.000048, -60.654826",Avenida,,ROSARIO,Rosario,Asfalto,No existe,II,Dentro,Urbana,Ninguna,No existe,Intersección,Bueno,Buena,Atardecer,Buen Tiempo,Lateral,S/D,Colisión,Ninguna,Faltante,Ninguna,Sin restricción,"-33.000048, -60.654826","['Nuestra Señora del Rosario', 'Paraguay']",2,,-33.000048,-60.654826,55.0,538.0,Municipio Rosario,Municipio,Rosario,820210,Servicio de Catastro e Información Territorial,IGN
2019,5460,2019-08-09,Viernes,,13:10:00,,0.0,2,"Peatón,Moto/Ciclomotor",Av. Pellegrini Y Constitucion,2,1,0,0,1,0,0,"-32.950841213828,-60.676392834024",Avenida,,ROSARIO,Rosario,Asfalto,No existe,II,Dentro,Urbana,Semáforo,Funciona,Intersección,Bueno,Buena,Diurna,Buen Tiempo,S/D,Peatón,Atropello,Ninguna,"Horizontal,Vertical",Ninguna,Sin restricción,"-32.950841213828,-60.676392834024","['Pellegrini', 'Constitución']",2,,-32.950841213828,-60.676392834024,55.0,538.0,Municipio Rosario,Municipio,Rosario,820210,Servicio de Catastro e Información Territorial,IGN
2019,5461,2019-08-03,Sabado,,10:00:00,,0.0,2,"Bicicleta,Moto/Ciclomotor",San Martin Y Bv. Segui,2,2,0,0,0,0,0,"-32.979569, -60.644303",Calle,,ROSARIO,Rosario,Asfalto,No existe,II,Dentro,Urbana,Semáforo,Funciona,Intersección,Bueno,Buena,Diurna,Buen Tiempo,S/D,Ciclista,Atropello,Ninguna,Vertical,Cordón divisorio,Sin restricción,"-32.979569, -60.644303","['San Martin', 'Bulevar Juan Francisco Seguí']",2,,-32.979569,-60.644303,55.0,538.0,Municipio Rosario,Municipio,Rosario,820210,Servicio de Catastro e Información Territorial,IGN
2019,5463,2019-08-16,Viernes,,17:30:00,,0.0,2,"Automóvil,Automóvil",San Luis Y Vera Mujica,2,1,0,0,1,0,0,"-32.943890899462,-60.667534579579",Calle,,ROSARIO,Rosario,Asfalto,No existe,II,Dentro,Urbana,Ninguna,No existe,Intersección,Bueno,Buena,Diurna,Buen Tiempo,Lateral,S/D,Colisión,Ninguna,Faltante,Ninguna,Sin restricción,"-32.943890899462,-60.667534579579","['San Luis', 'Vera Mujíca']",2,,-32.943890899462,-60.667534579579,55.0,538.0,Municipio Rosario,Municipio,Rosario,820210,Servicio de Catastro e Información Territorial,IGN
2019,5464,2019-08-09,Viernes,,07:55:00,,0.0,2,"Bicicleta,Automóvil",Virasoro Y L.N.Alem,2,1,0,0,1,0,0,"-32.971677, -60.634218",Calle,,ROSARIO,Rosario,Asfalto,No existe,II,Dentro,Urbana,Ninguna,No existe,Intersección,Bueno,Buena,Diurna,Buen Tiempo,S/D,Ciclista,Atropello,Ninguna,Vertical,Ninguna,Sin restricción,"-32.971677, -60.634218","['Virasoro', 'Alem']",2,,-32.971677,-60.634218,55.0,538.0,Municipio Rosario,Municipio,Rosario,820210,Servicio de Catastro e Información Territorial,IGN
2019,5465,2019-08-16,Viernes,,08:30:00,,0.0,2,"Bicicleta,Automóvil",Mariano Moreno Y Galvez,2,1,0,0,1,0,0,"-32.966524460533,-60.656193921252",Calle,,ROSARIO,Rosario,Asfalto,No existe,II,Dentro,Urbana,Ninguna,No existe,Intersección,Bueno,Buena,Diurna,Buen Tiempo,S/D,Ciclista,Atropello,Ninguna,Faltante,Ninguna,Sin restricción,"-32.966524460533,-60.656193921252","['Mariano Moreno', 'Galvez']",2,,-32.966524460533,-60.656193921252,55.0,538.0,Municipio Rosario,Municipio,Rosario,820210,Servicio de Catastro e Información Territorial,IGN
2019,5466,2019-08-14,Miercoles,,21:30:00,,0.0,2,"Bicicleta,Automóvil",Mariano Moreno Y Rueda,2,1,0,0,1,0,0,"-32.968819205623,-60.656772025794",Calle,,ROSARIO,Rosario,Asfalto,No existe,II,Dentro,Urbana,Ninguna,No existe,Intersección,Bueno,Buena,"Nocturna,Con luz artificial",Buen Tiempo,S/D,Ciclista,Atropello,Ninguna,Faltante,Ninguna,Sin restricción,"-32.968819205623,-60.656772025794","['Mariano Moreno', 'Rueda']",2,,-32.968819205623,-60.656772025794,55.0,538.0,Municipio Rosario,Municipio,Rosario,820210,Servicio de Catastro e Información Territorial,IGN
2019,5467,2019-08-02,Viernes,,08:25:00,,0.0,2,"Peatón,Automóvil",San Martin Y Rueda,2,1,0,0,1,0,0,"-32.971311, -60.642818",Avenida,,ROSARIO,Rosario,Asfalto,No existe,II,Dentro,Urbana,Semáforo,Funciona,Intersección,Bueno,Buena,Diurna,Buen Tiempo,S/D,Peatón,Atropello,Ninguna,"Horizontal,Vertical",Ninguna,Sin restricción,"-32.971311, -60.642818","['San Martin', 'Rueda']",2,,-32.971311,-60.642818,55.0,538.0,Municipio Rosario,Municipio,Rosario,820210,Servicio de Catastro e Información Territorial,IGN
2019,5469,2019-08-28,Miercoles,,16:00:00,,0.0,2,"Automóvil,Moto/Ciclomotor",Av. Francia Y Viamonte,2,0,1,0,1,0,0,"-32.960397275415,-60.670383765349",Avenida,,ROSARIO,Rosario,Asfalto,No existe,II,Dentro,Urbana,Paso Peatonal,No existe,Intersección,S/D,S/D,Diurna,S/D,Lateral,S/D,Colisión,S/D,Horizontal,Cordón divisorio,S/D,"-32.960397275415,-60.670383765349","['Avenida Francia', 'Viamonte']",2,,-32.960397275415,-60.670383765349,55.0,538.0,Municipio Rosario,Municipio,Rosario,820210,Servicio de Catastro e Información Territorial,IGN
2019,5470,2019-08-03,Sabado,,18:55:00,,0.0,2,"Moto/Ciclomotor,Moto/Ciclomotor",Bv. Segui Y Buenos Aires,4,1,0,0,1,0,2,"-32.980152, -60.640904",Calle,,ROSARIO,Rosario,Asfalto,No existe,II,Dentro,Urbana,Señal Pare,No existe,Intersección,Bueno,Buena,Atardecer,Buen Tiempo,Lateral,S/D,Colisión,Ninguna,Vertical,"Cordón divisorio,Vegetación",Sin restricción,"-32.980152, -60.640904","['Bulevar Juan Francisco Seguí', 'Buenos Aires']",2,,-32.980152,-60.640904,55.0,538.0,Municipio Rosario,Municipio,Rosario,820210,Servicio de Catastro e Información Territorial,IGN
2019,5471,2019-08-22,Jueves,,17:00:00,,0.0,2,"Automóvil,Moto/Ciclomotor",Cochabamba Y Paraguay,2,1,0,0,1,0,0,"-32.957429887737,-60.646753384569",Calle,,ROSARIO,Rosario,Asfalto,No existe,II,Dentro,Urbana,Paso Peatonal,No existe,Intersección,S/D,Buena,Diurna,S/D,De alcance,S/D,Colisión,S/D,Horizontal,Ninguna,Sin restricción,"-32.957429887737,-60.646753384569","['Cochabamba', 'Paraguay']",2,,-32.957429887737,-60.646753384569,55.0,538.0,Municipio Rosario,Municipio,Rosario,820210,Servicio de Catastro e Información Territorial,IGN
2019,5472,2019-08-22,Jueves,,17:00:00,,0.0,2,"Moto/Ciclomotor,Peatón",Pueyrredon Y Cordoba,3,1,0,0,2,0,0,"-32.9429833569,-60.657351517302",Calle,,ROSARIO,Rosario,Asfalto,No existe,II,Dentro,Urbana,Semáforo,Funciona,Intersección,Bueno,Buena,Diurna,S/D,S/D,Peatón,Atropello,S/D,"Horizontal,Vertical",Ninguna,S/D,"-32.9429833569,-60.657351517302","['Pueyrredón', 'Córdoba']",2,,-32.9429833569,-60.657351517302,55.0,538.0,Municipio Rosario,Municipio,Rosario,820210,Servicio de Catastro e Información Territorial,IGN
2019,5474,2019-08-18,Domingo,,19:00:00,,0.0,2,"Automóvil,Moto/Ciclomotor",Balcarce Y Av. Pellegrini,2,1,0,0,1,0,0,"-32.95475070339,-60.654645670206",Avenida,,ROSARIO,Rosario,Asfalto,No existe,II,Dentro,Urbana,Semáforo,Funciona,Intersección,S/D,S/D,Atardecer,S/D,S/D,S/D,Colisión,S/D,"Horizontal,Vertical",Cordón divisorio,S/D,"-32.95475070339,-60.654645670206","['Balcarce', 'Pellegrini']",2,,-32.95475070339,-60.654645670206,55.0,538.0,Municipio Rosario,Municipio,Rosario,820210,Servicio de Catastro e Información Territorial,IGN
2019,5476,2019-08-26,Lunes,,20:00:00,,0.0,2,"Automóvil,Bicicleta",Riobamba Y Chacabuco,2,1,0,0,1,0,0,"-32.965755785128,-60.626969283941",Calle,,ROSARIO,Rosario,Asfalto,No existe,II,Dentro,Urbana,Otra Señal,No existe,Intersección,S/D,S/D,Nocturna,S/D,S/D,Ciclista,Atropello,S/D,Vertical,Ninguna,S/D,"-32.965755785128,-60.626969283941","['Riobamba', 'Chacabuco']",2,,-32.965755785128,-60.626969283941,55.0,538.0,Municipio Rosario,Municipio,Rosario,820210,Servicio de Catastro e Información Territorial,IGN
2019,5477,2019-08-04,Domingo,,12:05:00,,0.0,2,"Automóvil,Pickup/Utilitario",Ayacucho Y Av. Battle y Ordoñez,3,1,0,0,2,0,0,"-33.008573, -60.635807",Avenida,,ROSARIO,Rosario,Asfalto,No existe,II,Dentro,Urbana,Semáforo,Funciona,Intersección,Bueno,Buena,Diurna,Buen Tiempo,Lateral,S/D,Colisión,Ninguna,"Horizontal,Vertical",Ninguna,Sin restricción,"-33.008573, -60.635807","['Ayacucho', 'Avenida Battle y Ordoñez']",2,,-33.008573,-60.635807,55.0,538.0,Municipio Rosario,Municipio,Rosario,820210,Servicio de Catastro e Información Territorial,IGN
2019,5479,2019-08-13,Martes,,16:30:00,,0.0,2,"Transporte de Pasajeros Larga Distancia (Piso  y  1/2),Bicicleta",Av. Pellegrini Y Suipacha,2,0,1,0,1,0,0,"-32.95254907026,-60.666878523812",Avenida,,ROSARIO,Rosario,Asfalto,No existe,II,Dentro,Urbana,Semáforo,Funciona,Intersección,S/D,S/D,Diurna,S/D,S/D,Ciclista,Atropello,S/D,"Horizontal,Vertical",Cordón divisorio,Sin restricción,"-32.95254907026,-60.666878523812","['Pellegrini', 'Suipacha']",2,,-32.95254907026,-60.666878523812,55.0,538.0,Municipio Rosario,Municipio,Rosario,820210,Servicio de Catastro e Información Territorial,IGN
2019,5480,2019-08-01,Jueves,,09:10:00,,0.0,2,"Automóvil,Moto/Ciclomotor",Italia Y Garay,2,1,0,0,1,0,0,"-32.972757, -60.654897",Calle,,ROSARIO,Rosario,Asfalto,No existe,II,Dentro,Urbana,Ninguna,No existe,Intersección,Bueno,Buena,Diurna,Buen Tiempo,Lateral,S/D,Colisión,Ninguna,Faltante,Ninguna,Sin restricción,"-32.972757, -60.654897","['Italia', 'Garay']",2,,-32.972757,-60.654897,55.0,538.0,Municipio Rosario,Municipio,Rosario,820210,Servicio de Catastro e Información Territorial,IGN
2019,5481,2019-08-14,Miercoles,,17:35:00,,0.0,1,Transporte de Pasajeros Urbano (> 8 asientos),Cafferata Y Cordoba,2,1,0,0,1,0,0,"-32.940542679101,-60.670951201306",Calle,,ROSARIO,Rosario,Asfalto,No existe,II,Dentro,Urbana,Semáforo,Funciona,Intersección,S/D,S/D,Diurna,S/D,S/D,S/D,Caída ocupante,S/D,"Horizontal,Vertical",Ninguna,S/D,"-32.940542679101,-60.670951201306","['Cafferata', 'Córdoba']",2,,-32.940542679101,-60.670951201306,55.0,538.0,Municipio Rosario,Municipio,Rosario,820210,Servicio de Catastro e Información Territorial,IGN
2019,5484,2019-08-29,Jueves,,09:35:00,,0.0,2,"Moto/Ciclomotor,Automóvil",Av. Uriburu Y Paraguay,2,1,0,0,1,0,0,"-32.991070, -60.655250",Avenida,,ROSARIO,Rosario,Asfalto,No existe,II,Dentro,Urbana,Ninguna,No existe,Intersección,Bueno,Buena,Diurna,Buen Tiempo,Lateral,S/D,Colisión,Ninguna,Faltante,Ninguna,Sin restricción,"-32.991070, -60.655250","['Uriburu', 'Paraguay']",2,,-32.99107,-60.65525,55.0,538.0,Municipio Rosario,Municipio,Rosario,820210,Servicio de Catastro e Información Territorial,IGN
2019,5485,2019-08-21,Miercoles,,15:00:00,,0.0,2,"Moto/Ciclomotor,Peatón",Av. Pellegrini Y Vera Mujica,2,1,0,0,1,0,0,"-32.952061551855,-60.669590935368",Avenida,,ROSARIO,Rosario,Asfalto,No existe,II,Dentro,Urbana,Semáforo,Funciona,Intersección,Bueno,S/D,Diurna,S/D,S/D,Peatón,Atropello,S/D,"Horizontal,Vertical",Cordón divisorio,S/D,"-32.952061551855,-60.669590935368","['Pellegrini', 'Vera Mujíca']",2,,-32.952061551855,-60.669590935368,55.0,538.0,Municipio Rosario,Municipio,Rosario,820210,Servicio de Catastro e Información Territorial,IGN
2019,5487,2019-08-02,Viernes,,18:20:00,,0.0,2,"Automóvil,Vehículo Oficial",Bv. Avellaneda Y Mendoza,2,1,0,0,1,0,0,"-32.944188062026,-60.680509536045",Avenida,,ROSARIO,Rosario,Asfalto,No existe,II,Dentro,Urbana,Semáforo,Funciona,Recta,Bueno,Buena,"Atardecer,Con luz artificial",Buen Tiempo,Lateral,S/D,Colisión,S/D,"Horizontal,Vertical",Cordón divisorio,Sin restricción,"-32.944188062026,-60.680509536045","['Avellaneda', 'Mendoza']",2,,-32.944188062026,-60.680509536045,55.0,538.0,Municipio Rosario,Municipio,Rosario,820210,Servicio de Catastro e Información Territorial,IGN
2019,5488,2019-08-26,Lunes,,18:30:00,,0.0,2,"Bicicleta,Automóvil",Uruguay Y Balcarce,2,1,0,0,1,0,0,"-32.974316, -60.659559",Calle,,ROSARIO,Rosario,Asfalto,No existe,II,Dentro,Urbana,Ninguna,No existe,Intersección,Bueno,Buena,Diurna,Buen Tiempo,S/D,Ciclista,Atropello,Ninguna,Faltante,Ninguna,Sin restricción,"-32.974316, -60.659559","['Uruguay', 'Balcarce']",2,,-32.974316,-60.659559,55.0,538.0,Municipio Rosario,Municipio,Rosario,820210,Servicio de Catastro e Información Territorial,IGN
2019,5489,2019-08-04,Domingo,,16:45:00,,0.0,2,"Moto/Ciclomotor,Automóvil",Bv. Oroño Y Av. Ponce,2,1,0,0,1,0,0,"-32.960381451309,-60.657636679743",Avenida,,ROSARIO,Rosario,Asfalto,No existe,II,Dentro,Urbana,Ninguna,No existe,Recta,Bueno,Buena,Diurna,Buen Tiempo,S/D,S/D,Colisión,Ninguna,Faltante,Ninguna,Sin restricción,"-32.960381451309,-60.657636679743","['Bulevar Nicasio Oroño', 'Ponce']",2,,-32.960381451309,-60.657636679743,55.0,538.0,Municipio Rosario,Municipio,Rosario,820210,Servicio de Catastro e Información Territorial,IGN
2019,5491,2019-08-03,Sabado,,20:00:00,,0.0,2,"Automóvil,Moto/Ciclomotor",Av. Uriburu Y San Martin,3,1,0,0,2,0,0,"-32.990790, -60.646639",Avenida,,ROSARIO,Rosario,Asfalto,No existe,II,Dentro,Urbana,Semáforo,Funciona,Intersección,Bueno,Buena,"Nocturna,Con luz artificial",Buen Tiempo,Lateral,S/D,Colisión,Ninguna,"Horizontal,Vertical",Cordón divisorio,Sin restricción,"-32.990790, -60.646639","['Uriburu', 'San Martin']",2,,-32.99079,-60.646639,55.0,538.0,Municipio Rosario,Municipio,Rosario,820210,Servicio de Catastro e Información Territorial,IGN
2019,5509,2019-08-05,Lunes,,14:30:00,,0.0,2,"Automóvil,Moto/Ciclomotor",Sarmiento Y 3 De Febrero,2,1,0,0,1,0,0,"-32.95276377852,-60.6397700682",Calle,,ROSARIO,Rosario,Asfalto,No existe,II,Dentro,Urbana,Paso Peatonal,No existe,Recta,Bueno,S/D,Diurna,Buen Tiempo,De alcance,S/D,Colisión,Ninguna,Horizontal,Ninguna,Sin restricción,"-32.95276377852,-60.6397700682","['Sarmiento', '3 de Febrero']",2,,-32.95276377852,-60.6397700682,55.0,538.0,Municipio Rosario,Municipio,Rosario,820210,Servicio de Catastro e Información Territorial,IGN