anio_acci,nro_acci,fecha,desc_dia,fecha_aprox,hora_aprox,desc_ruta,km,cant_participantes,desc_participante,calle_avenida_km,total,heridos_leves,heridos_graves,heridos_gravisimos,ilesos,fallecidos,sin_datos,posicion_XY,desc_tipo_via,desc_ruta_ori,desc_loc,desc_dpto,desc_tipo_calzada,desc_tipo_banquina,desc_unidad_regional,desc_lugar_calzada,desc_zona,desc_prioridad,desc_estado_semaforo,desc_lugar_via,desc_estado_via,desc_estado_visibilidad,desc_luminosidad,desc_estado_clima,desc_tipo_colision,desc_tipo_atropello,desc_tipo_hecho,desc_pres_calzada,desc_senializacion,desc_separacion_via,desc_restriccion,forma_geocod,calle_lista,numero_calles,calles_osm,lat,lon,index_right,gid,fna,gna,nam,in1,fdc,sag
2019,5512,2019-08-06,Martes,,22:00:00,,0.0,2,"Moto/Ciclomotor,Automóvil",San Juan 4800,2,1,0,0,1,0,0,"-32.941104120417,-60.689587261447",Calle,,ROSARIO,Rosario,Asfalto,No existe,II,Dentro,Urbana,Semáforo,Funciona,Recta,Bueno,Buena,"Nocturna,Con luz artificial",Buen Tiempo,S/D,S/D,Colisión,Ninguna,Vertical,Ninguna,Sin restricción,"-32.941104120417,-60.689587261447",['San Juan 4800'],1,,-32.941104120417,-60.689587261447,55.0,538.0,Municipio Rosario,Municipio,Rosario,820210,Servicio de Catastro e Información Territorial,IGN
2019,5513,2019-08-10,Sabado,,16:40:00,,0.0,2,"Automóvil,Pickup/Utilitario",Rodriguez Y 9 De Julio,3,3,0,0,0,0,0,"-32.950156895759,-60.660595769652",Calle,,ROSARIO,Rosario,Asfalto,No existe,II,Dentro,Urbana,Señal Pare,No existe,Intersección,Bueno,S/D,Diurna,Buen Tiempo,S/D,S/D,Colisión,S/D,Vertical,Ninguna,S/D,"-32.950156895759,-60.660595769652","['Rodríguez', '9 de Julio']",2,,-32.950156895759,-60.660595769652,55.0,538.0,Municipio Rosario,Municipio,Rosario,820210,Servicio de Catastro e Información Territorial,IGN
2019,5514,2019-08-29,Jueves,,20:20:00,,0.0,2,"Moto/Ciclomotor,Moto/Ciclomotor",Pte.Quintana Y San Nicolas,3,2,0,0,0,0,1,"-32.976416, -60.681433",Calle,,ROSARIO,Rosario,Asfalto,No existe,II,Dentro,Urbana,Ninguna,No existe,Intersección,Bueno,Buena,"Nocturna,Con luz artificial",Buen Tiempo,Lateral,S/D,Colisión,Ninguna,Faltante,Ninguna,Sin restricción,"-32.976416, -60.681433","['Quintana', 'San Nicolás']",2,,-32.976416,-60.681433,55.0,538.0,Municipio Rosario,Municipio,Rosario,820210,Servicio de Catastro e Información Territorial,IGN
2019,5515,2019-08-10,Sabado,,18:50:00,,0.0,2,"Pickup/Utilitario,Moto/Ciclomotor",Rivadavia Y Balcarce,4,2,0,0,2,0,0,"-32.93232009223,-60.649008603911",Avenida,,ROSARIO,Rosario,Asfalto,No existe,II,Dentro,Urbana,Semáforo,Funciona,Intersección,S/D,S/D,Diurna,S/D,S/D,S/D,Colisión,S/D,"Horizontal,Vertical",Cordón divisorio,S/D,"-32.93232009223,-60.649008603911","['Rivadavia', 'Balcarce']",2,,-32.93232009223,-60.649008603911,55.0,538.0,Municipio Rosario,Municipio,Rosario,820210,Servicio de Catastro e Información Territorial,IGN
2019,5516,2019-08-25,Domingo,,18:20:00,,0.0,3,"Automóvil,Automóvil,Automóvil",Bv. Oroño Y Sanchez de Bustamante,7,2,0,0,5,0,0,"-33.002514, -60.665262",Avenida,,ROSARIO,Rosario,Asfalto,No existe,II,Dentro,Urbana,Semáforo,Funciona,Intersección,Bueno,Buena,Diurna,Buen Tiempo,Múltiple,S/D,Colisión,Ninguna,"Horizontal,Vertical","Cordón divisorio,Vegetación",Sin restricción,"-33.002514, -60.665262","['Bulevar Nicasio Oroño', 'Sánchez de Bustamante']",2,,-33.002514,-60.665262,55.0,538.0,Municipio Rosario,Municipio,Rosario,820210,Servicio de Catastro e Información Territorial,IGN
2019,5517,2019-08-12,Lunes,,14:10:00,,0.0,2,"Automóvil,Taxi/Remis",Bv. Oroño Y Av. Pellegrini,7,3,0,0,4,0,0,"-32.954438830989,-60.65574375483",Avenida,,ROSARIO,Rosario,Asfalto,No existe,II,Dentro,Urbana,Paso Peatonal,No existe,Intersección,S/D,S/D,Diurna,S/D,S/D,S/D,Colisión,S/D,Horizontal,Cordón divisorio,S/D,"-32.954438830989,-60.65574375483","['Bulevar Nicasio Oroño', 'Pellegrini']",2,,-32.954438830989,-60.65574375483,55.0,538.0,Municipio Rosario,Municipio,Rosario,820210,Servicio de Catastro e Información Territorial,IGN
2019,5519,2019-08-12,Lunes,,18:00:00,,0.0,2,"Automóvil,Moto/Ciclomotor",Carriego Y Marcos Paz,2,1,0,0,1,0,0,"-32.941798955632,-60.689763853059",Calle,,ROSARIO,Rosario,Asfalto,No existe,II,Dentro,Urbana,Ninguna,No existe,Intersección,S/D,Buena,Diurna,Buen Tiempo,S/D,S/D,Colisión,S/D,Faltante,Ninguna,S/D,"-32.941798955632,-60.689763853059","['Carriego', 'Marcos Paz']",2,,-32.941798955632,-60.689763853059,55.0,538.0,Municipio Rosario,Municipio,Rosario,820210,Servicio de Catastro e Información Territorial,IGN
2019,5520,2019-08-25,Domingo,,23:15:00,,0.0,2,"Automóvil,Moto/Ciclomotor",Bv. Segui Y Lavalle,2,0,1,0,1,0,0,"-32.972035, -60.686036",Avenida,,ROSARIO,Rosario,Asfalto,No existe,II,Dentro,Urbana,Ninguna,No existe,Intersección,Bueno,Buena,"Nocturna,Con luz artificial",Buen Tiempo,Lateral,S/D,Colisión,Ninguna,Faltante,Cordón divisorio,Sin restricción,"-32.972035, -60.686036","['Bulevar Juan Francisco Seguí', 'Lavalle']",2,,-32.972035,-60.686036,55.0,538.0,Municipio Rosario,Municipio,Rosario,820210,Servicio de Catastro e Información Territorial,IGN
2019,5521,2019-08-14,Miercoles,,14:20:00,,0.0,3,"Automóvil,Automóvil,Automóvil",Cordoba Y Santiago,5,2,0,0,3,0,0,"-32.943225146752,-60.656002942838",Calle,,ROSARIO,Rosario,Asfalto,No existe,II,Dentro,Urbana,Semáforo,Funciona,Intersección,S/D,S/D,Diurna,S/D,Múltiple,S/D,Colisión,S/D,"Horizontal,Vertical",Ninguna,S/D,"-32.943225146752,-60.656002942838","['Córdoba', 'Santiago']",2,,-32.943225146752,-60.656002942838,55.0,538.0,Municipio Rosario,Municipio,Rosario,820210,Servicio de Catastro e Información Territorial,IGN
2019,5522,2019-08-21,Miercoles,,06:00:00,,0.0,2,"Moto/Ciclomotor,Automóvil",Av. Ntra.Sra.del Rosario Y Bv. Oroño,2,1,0,0,1,0,0,"-33.000563, -60.665030",Avenida,,ROSARIO,Rosario,Asfalto,No existe,II,Dentro,Urbana,Semáforo,Funciona,Intersección,S/D,Buena,"Amanecer,Con luz artificial",Buen Tiempo,Lateral,S/D,Colisión,Ninguna,"Horizontal,Vertical","Cordón divisorio,Vegetación",Sin restricción,"-33.000563, -60.665030","['Nuestra Señora del Rosario', 'Bulevar Nicasio Oroño']",2,,-33.000563,-60.66503,55.0,538.0,Municipio Rosario,Municipio,Rosario,820210,Servicio de Catastro e Información Territorial,IGN
2019,5524,2019-08-14,Miercoles,,21:20:00,,0.0,2,"Automóvil,Moto/Ciclomotor",Montevideo Y Suipacha,2,1,0,0,1,0,0,"-32.951486409958,-60.666618583925",Calle,,ROSARIO,Rosario,Asfalto,No existe,II,Dentro,Urbana,Señal Pare,No existe,Intersección,Bueno,Buena,"Nocturna,Con luz artificial",S/D,S/D,S/D,Colisión,S/D,Vertical,Ninguna,S/D,"-32.951486409958,-60.666618583925","['Montevideo', 'Suipacha']",2,,-32.951486409958,-60.666618583925,55.0,538.0,Municipio Rosario,Municipio,Rosario,820210,Servicio de Catastro e Información Territorial,IGN
2019,5525,2019-08-15,Jueves,,01:35:00,,0.0,2,"Automóvil,Moto/Ciclomotor",Bv. Avellaneda Y Garibaldi,3,0,2,0,1,0,0,"-32.978299, -60.688770",Avenida,,ROSARIO,Rosario,Asfalto,No existe,II,Dentro,Urbana,Semáforo,Funciona,Intersección,S/D,Buena,"Nocturna,Con luz artificial",Buen Tiempo,Lateral,S/D,Colisión,Ninguna,"Horizontal,Vertical",Cordón divisorio,Sin restricción,"-32.978299, -60.688770","['Avellaneda', 'José Garibaldi']",2,,-32.978299,-60.68877,55.0,538.0,Municipio Rosario,Municipio,Rosario,820210,Servicio de Catastro e Información Territorial,IGN
2019,5526,2019-08-15,Jueves,,19:30:00,,0.0,2,"Moto/Ciclomotor,Automóvil",Riobamba Y Laprida,2,1,0,0,1,0,0,"-32.963715941924,-60.638418845498",Calle,,ROSARIO,Rosario,Asfalto,No existe,II,Dentro,Urbana,Ninguna,No existe,Intersección,S/D,S/D,Atardecer,S/D,Lateral,S/D,Colisión,S/D,Faltante,Ninguna,S/D,"-32.963715941924,-60.638418845498","['Riobamba', 'Laprida']",2,,-32.963715941924,-60.638418845498,55.0,538.0,Municipio Rosario,Municipio,Rosario,820210,Servicio de Catastro e Información Territorial,IGN
2019,5527,2019-08-10,Sabado,,18:30:00,,0.0,2,"Moto/Ciclomotor,Automóvil",Av. Ovidio Lagos Y Cazadores,3,1,0,0,2,0,0,"-33.004869, -60.676278",Avenida,,ROSARIO,Rosario,Asfalto,No existe,II,Dentro,Urbana,Ninguna,No existe,Intersección,Bueno,Buena,Diurna,Buen Tiempo,Lateral,S/D,Colisión,Ninguna,Faltante,Cordón divisorio,Sin restricción,"-33.004869, -60.676278","['Avenida Ovidio Lagos', 'Cazadores']",2,,-33.004869,-60.676278,55.0,538.0,Municipio Rosario,Municipio,Rosario,820210,Servicio de Catastro e Información Territorial,IGN
2019,5529,2019-08-19,Lunes,,17:55:00,,0.0,2,"Automóvil,Moto/Ciclomotor",Av. Ovidio Lagos Y Av. Pte.Peron,3,1,0,0,2,0,0,"-32.95430123806002,-60.664438605308",Avenida,,ROSARIO,Rosario,hormigón,No existe,II,Dentro,Urbana,Paso Peatonal,No existe,Intersección,S/D,S/D,Diurna,S/D,S/D,S/D,Colisión,S/D,Horizontal,Ninguna,S/D,"-32.95430123806002,-60.664438605308","['Avenida Ovidio Lagos', 'Avenida Presidente Perón']",2,,-32.95430123806002,-60.664438605308,55.0,538.0,Municipio Rosario,Municipio,Rosario,820210,Servicio de Catastro e Información Territorial,IGN
2019,5531,2019-08-13,Martes,,07:30:00,,0.0,2,"Bicicleta,Automóvil",Av. Belgrano Y Sgto Cabral,2,1,0,0,1,0,0,"-32.943442697183,-60.634016474195",Avenida,,ROSARIO,Rosario,Ripio,No existe,II,Dentro,Urbana,Semáforo,Funciona,Intersección,S/D,S/D,Diurna,S/D,S/D,Ciclista,Atropello,S/D,Horizontal,Cordón divisorio,S/D,"-32.943442697183,-60.634016474195","['Belgrano', 'Sargento Cabral']",2,,-32.943442697183,-60.634016474195,55.0,538.0,Municipio Rosario,Municipio,Rosario,820210,Servicio de Catastro e Información Territorial,IGN
2019,5532,2019-08-19,Lunes,,06:40:00,,0.0,2,"Automóvil,Automóvil",Av. Corrientes Y Montevideo,2,1,0,0,1,0,0,"-32.955383608618,-60.644792545733",Avenida,,ROSARIO,Rosario,Asfalto,No existe,II,Dentro,Urbana,Semáforo,Funciona,Intersección,S/D,S/D,Diurna,S/D,Lateral,S/D,Colisión,S/D,"Horizontal,Vertical",Ninguna,S/D,"-32.955383608618,-60.644792545733","['Corrientes', 'Montevideo']",2,,-32.955383608618,-60.644792545733,55.0,538.0,Municipio Rosario,Municipio,Rosario,820210,Servicio de Catastro e Información Territorial,IGN
2019,5533,2019-08-28,Miercoles,,07:50:00,,0.0,2,"Taxi/Remis,Bicicleta",Montevideo ,2,1,0,0,1,0,0,"-32.95625925064088,-60.639928579330",Calle,,ROSARIO,Rosario,Asfalto,No existe,II,Dentro,Urbana,S/D,S/D,Recta,S/D,S/D,Diurna,S/D,S/D,Ciclista,Atropello,S/D,S/D,S/D,S/D,"-32.95625925064088,-60.639928579330",['Montevideo'],1,,-32.95625925064088,-60.63992857933,55.0,538.0,Municipio Rosario,Municipio,Rosario,820210,Servicio de Catastro e Información Territorial,IGN
2019,5535,2019-08-26,Lunes,,08:00:00,,0.0,2,"Automóvil,Automóvil",Buenos Aires Y Rioja,2,1,0,0,1,0,0,"-32.94878289714,-60.633053090183",Calle,,ROSARIO,Rosario,Asfalto,No existe,II,Dentro,Urbana,Paso Peatonal,No existe,Intersección,S/D,S/D,Diurna,S/D,Lateral,S/D,Colisión,S/D,Horizontal,Ninguna,S/D,"-32.94878289714,-60.633053090183","['Buenos Aires', 'Rioja']",2,,-32.94878289714,-60.633053090183,55.0,538.0,Municipio Rosario,Municipio,Rosario,820210,Servicio de Catastro e Información Territorial,IGN
2019,5536,2019-08-01,Jueves,,08:50:00,,0.0,2,"Moto/Ciclomotor,Automóvil",San Juan Y Ricchieri,2,1,0,0,1,0,0,"-32.945742613272,-60.663748166534",Calle,,ROSARIO,Rosario,Asfalto,No existe,II,Dentro,Urbana,Paso Peatonal,No existe,Intersección,Bueno,Buena,Diurna,Buen Tiempo,Lateral,S/D,Colisión,Ninguna,Horizontal,Ninguna,Sin restricción,"-32.945742613272,-60.663748166534","['San Juan', 'Ricchieri']",2,,-32.945742613272,-60.663748166534,55.0,538.0,Municipio Rosario,Municipio,Rosario,820210,Servicio de Catastro e Información Territorial,IGN
2019,5537,2019-08-01,Jueves,,09:45:00,,0.0,2,"Peatón,Automóvil",Av. Pellegrini Y España,2,1,0,0,1,0,0,"-32.955719744531,-60.649215090827",Avenida,,ROSARIO,Rosario,Asfalto,No existe,II,Dentro,Urbana,Semáforo,Funciona,Intersección,Bueno,Buena,Diurna,Buen Tiempo,S/D,Peatón,Atropello,Ninguna,"Horizontal,Vertical",Ninguna,Sin restricción,"-32.955719744531,-60.649215090827","['Pellegrini', 'España']",2,,-32.955719744531,-60.649215090827,55.0,538.0,Municipio Rosario,Municipio,Rosario,820210,Servicio de Catastro e Información Territorial,IGN
2019,5538,2019-08-07,Miercoles,,07:30:00,,0.0,2,"Moto/Ciclomotor,Automóvil",Mariano Moreno Y Amenabar,3,2,0,0,1,0,0,"-32.969968111155,-60.657060780114",Calle,,ROSARIO,Rosario,Asfalto,No existe,II,Dentro,Urbana,Ninguna,No existe,Intersección,S/D,S/D,Diurna,S/D,Lateral,S/D,Colisión,S/D,Faltante,Ninguna,S/D,"-32.969968111155,-60.657060780114","['Mariano Moreno', 'Amenabar']",2,,-32.969968111155,-60.657060780114,55.0,538.0,Municipio Rosario,Municipio,Rosario,820210,Servicio de Catastro e Información Territorial,IGN
2019,5539,2019-08-16,Viernes,,12:30:00,,0.0,2,"Taxi/Remis,Bicicleta",San Lorenzo 1000,2,1,0,0,1,0,0,"-32.944769367178,-60.636240804135",Calle,,ROSARIO,Rosario,Asfalto,No existe,II,Dentro,Urbana,Señal Pare,No existe,Recta,S/D,S/D,Diurna,S/D,S/D,Ciclista,Atropello,S/D,"Horizontal,Vertical",Ninguna,S/D,"-32.944769367178,-60.636240804135",['San Lorenzo 1000'],1,,-32.944769367178,-60.636240804135,55.0,538.0,Municipio Rosario,Municipio,Rosario,820210,Servicio de Catastro e Información Territorial,IGN
2019,5541,2019-08-28,Miercoles,,11:30:00,,0.0,2,"Automóvil,Peatón",Av. Corrientes A Y Mendoza,2,1,0,0,1,0,0,"-32.950752337652,-60.64363515907",Avenida,,ROSARIO,Rosario,Asfalto,No existe,II,Dentro,Urbana,Semáforo,Funciona,Intersección,S/D,Buena,Diurna,Buen Tiempo,S/D,Peatón,Atropello,S/D,"Horizontal,Vertical",Ninguna,S/D,"-32.950752337652,-60.64363515907","['Corrientes', 'Mendoza']",2,,-32.950752337652,-60.64363515907,55.0,538.0,Municipio Rosario,Municipio,Rosario,820210,Servicio de Catastro e Información Territorial,IGN
2019,5544,2019-08-05,Lunes,,10:30:00,,0.0,2,"Automóvil,Automóvil",Av. Pellegrini Y Entre Rios,2,1,0,0,1,0,0,"-32.956709075333,-60.643668389624",Avenida,,ROSARIO,Rosario,Asfalto,No existe,II,Dentro,Urbana,Semáforo,Funciona,Intersección,Bueno,S/D,Diurna,Buen Tiempo,S/D,S/D,Colisión,Ninguna,"Horizontal,Vertical",Cordón divisorio,Sin restricción,"-32.956709075333,-60.643668389624","['Pellegrini', 'Entre Ríos']",2,,-32.956709075333,-60.643668389624,55.0,538.0,Municipio Rosario,Municipio,Rosario,820210,Servicio de Catastro e Información Territorial,IGN
2019,5545,2019-08-09,Viernes,,05:00:00,,0.0,2,"Pickup/Utilitario,Automóvil",Av. Battle y Ordoñez Y España,4,2,1,0,1,0,0,"-33.009125, -60.657324",Avenida,,ROSARIO,Rosario,Asfalto,No existe,II,Dentro,Urbana,Semáforo,Funciona,Intersección,Bueno,Buena,"Nocturna,Con luz artificial",Buen Tiempo,Frontal,S/D,Colisión,Ninguna,"Horizontal,Vertical",Ninguna,Sin restricción,"-33.009125, -60.657324","['Avenida Battle y Ordoñez', 'España']",2,,-33.009125,-60.657324,55.0,538.0,Municipio Rosario,Municipio,Rosario,820210,Servicio de Catastro e Información Territorial,IGN
2019,5546,2019-08-24,Sabado,,10:00:00,,0.0,2,"Automóvil,Moto/Ciclomotor",Bv. Oroño Y Bv. 27 De Febrero,2,1,0,0,1,0,0,"-32.963458299636805,-60.65827488899",Avenida,,ROSARIO,Rosario,Asfalto,No existe,II,Dentro,Urbana,Semáforo,Funciona,Recta,S/D,S/D,Diurna,S/D,S/D,S/D,Colisión,S/D,"Horizontal,Vertical",Cordón divisorio,S/D,"-32.963458299636805,-60.65827488899","['Bulevar Nicasio Oroño', '27 de Febrero']",2,,-32.963458299636805,-60.65827488899,55.0,538.0,Municipio Rosario,Municipio,Rosario,820210,Servicio de Catastro e Información Territorial,IGN
2019,5547,2019-08-25,Domingo,,12:00:00,,0.0,2,"Automóvil,Automóvil",Galvez Y Italia,3,3,0,0,0,0,0,"-32.96696662902834,-60.653511285781",Calle,,ROSARIO,Rosario,Asfalto,No existe,II,Dentro,Urbana,Ninguna,No existe,Intersección,S/D,S/D,Diurna,S/D,Lateral,S/D,Colisión,S/D,Faltante,Ninguna,S/D,"-32.96696662902834,-60.653511285781","['Galvez', 'Italia']",2,,-32.96696662902834,-60.653511285781,55.0,538.0,Municipio Rosario,Municipio,Rosario,820210,Servicio de Catastro e Información Territorial,IGN
2019,5548,2019-08-06,Martes,,13:05:00,,0.0,2,"Bicicleta,Moto/Ciclomotor",Crespo Y Uruguay,2,1,0,0,1,0,0,"-32.971410, -60.675903",Calle,,ROSARIO,Rosario,Asfalto,No existe,II,Dentro,Urbana,Ninguna,No existe,Intersección,Bueno,Buena,Diurna,S/D,S/D,Ciclista,Atropello,Ninguna,Faltante,Ninguna,Sin restricción,"-32.971410, -60.675903","['Crespo', 'Uruguay']",2,,-32.97141,-60.675903,55.0,538.0,Municipio Rosario,Municipio,Rosario,820210,Servicio de Catastro e Información Territorial,IGN
2019,5549,2019-08-28,Miercoles,,09:00:00,,0.0,2,"Automóvil,Bicicleta",Jujuy Y Bv. Oroño,2,1,0,0,1,0,0,"-32.935521599579,-60.65135321739",Avenida,,ROSARIO,Rosario,Asfalto,No existe,II,Dentro,Urbana,Paso Peatonal,No existe,Intersección,Bueno,Buena,Diurna,S/D,S/D,Ciclista,Atropello,S/D,Horizontal,Cordón divisorio,S/D,"-32.935521599579,-60.65135321739","['Jujuy', 'Bulevar Nicasio Oroño']",2,,-32.935521599579,-60.65135321739,55.0,538.0,Municipio Rosario,Municipio,Rosario,820210,Servicio de Catastro e Información Territorial,IGN
2019,5550,2019-08-05,Lunes,,19:30:00,,0.0,2,"Peatón,Automóvil",Av. Francia Y Gaboto,2,1,0,0,0,0,1,"-32.968456, -60.672206",Avenida,,ROSARIO,Rosario,Asfalto,No existe,II,Dentro,Urbana,Ninguna,No existe,Intersección,Bueno,Buena,Atardecer,Buen Tiempo,S/D,Peatón,Atropello,Ninguna,Faltante,Cordón divisorio,Sin restricción,"-32.968456, -60.672206","['Avenida Francia', 'Gaboto']",2,,-32.968456,-60.672206,55.0,538.0,Municipio Rosario,Municipio,Rosario,820210,Servicio de Catastro e Información Territorial,IGN
2019,5551,2019-08-05,Lunes,,10:10:00,,0.0,2,"Moto/Ciclomotor,Peatón",Av. Ovidio Lagos Y Milan,2,0,1,0,1,0,0,"-32.986456, -60.672103",Avenida,,ROSARIO,Rosario,Asfalto,No existe,II,Dentro,Urbana,Ninguna,Funciona,Intersección,Bueno,Buena,Diurna,Buen Tiempo,S/D,Peatón,Atropello,Ninguna,Faltante,Cordón divisorio,Sin restricción,"-32.986456, -60.672103","['Avenida Ovidio Lagos', 'Milán']",2,,-32.986456,-60.672103,55.0,538.0,Municipio Rosario,Municipio,Rosario,820210,Servicio de Catastro e Información Territorial,IGN
2019,5552,2019-08-04,Domingo,,01:30:00,,0.0,2,"Moto/Ciclomotor,Pickup/Utilitario",Bv. Avellaneda Y Av. Uriburu,3,2,0,0,0,0,1,"-32.991913, -60.688714",Avenida,,ROSARIO,Rosario,Asfalto,No existe,II,Dentro,Urbana,Semáforo,Funciona,S/D,Bueno,Buena,"Nocturna,Con luz artificial",S/D,Lateral,S/D,Colisión,Ninguna,"Horizontal,Vertical",Cordón divisorio,Sin restricción,"-32.991913, -60.688714","['Avellaneda', 'Uriburu']",2,,-32.991913,-60.688714,55.0,538.0,Municipio Rosario,Municipio,Rosario,820210,Servicio de Catastro e Información Territorial,IGN
2019,5554,2019-08-03,Sabado,,06:30:00,,0.0,2,"Automóvil,Moto/Ciclomotor",Lavalle Y 24 De Setiembre,2,0,1,0,1,0,0,"-32.973158, -60.686309",Calle,,ROSARIO,Rosario,Asfalto,No existe,II,Dentro,Urbana,Ninguna,No existe,Intersección,Bueno,Buena,Amanecer,Buen Tiempo,Lateral,S/D,Colisión,Ninguna,Faltante,Ninguna,Sin restricción,"-32.973158, -60.686309","['Lavalle', '24 de Septiembre']",2,,-32.973158,-60.686309,55.0,538.0,Municipio Rosario,Municipio,Rosario,820210,Servicio de Catastro e Información Territorial,IGN
2019,5556,2019-08-02,Viernes,,13:20:00,,0.0,2,"Automóvil,Bicicleta",Bv. Segui Y Lavalle,2,1,0,0,1,0,0,"-32.972036, -60.686042",Avenida,,ROSARIO,Rosario,Asfalto,No existe,II,Dentro,Urbana,Ninguna,No existe,Intersección,Bueno,Buena,Diurna,Buen Tiempo,S/D,Ciclista,Atropello,Ninguna,Faltante,Cordón divisorio,Sin restricción,"-32.972036, -60.686042","['Bulevar Juan Francisco Seguí', 'Lavalle']",2,,-32.972036,-60.686042,55.0,538.0,Municipio Rosario,Municipio,Rosario,820210,Servicio de Catastro e Información Territorial,IGN
2019,5558,2019-08-01,Jueves,,17:00:00,,0.0,2,"Automóvil,Moto/Ciclomotor",Av. Uriburu Y Callao,3,2,0,0,1,0,0,"-32.991566, -60.672441",Avenida,,ROSARIO,Rosario,Asfalto,No existe,II,Dentro,Urbana,Ninguna,No existe,Intersección,Bueno,Buena,Diurna,Buen Tiempo,Lateral,S/D,Colisión,Ninguna,Faltante,"Cordón divisorio,Vegetación",Sin restricción,"-32.991566, -60.672441","['Uriburu', 'Callao']",2,,-32.991566,-60.672441,55.0,538.0,Municipio Rosario,Municipio,Rosario,820210,Servicio de Catastro e Información Territorial,IGN
2019,5560,2019-08-30,Viernes,,,,0.0,2,"Pickup/Utilitario,Moto/Ciclomotor",JUAN PABLO II  6640,2,1,0,0,1,0,0,"-33.003534, -60.683218",Calle,,ROSARIO,Rosario,Asfalto,No existe,II,Dentro,Urbana,Ninguna,No existe,Recta,Bueno,Buena,Diurna,Buen Tiempo,Lateral,S/D,Colisión,Ninguna,Faltante,Ninguna,Sin restricción,"-33.003534, -60.683218",['Juan Pablo Ii 6640'],1,,-33.003534,-60.683218,55.0,538.0,Municipio Rosario,Municipio,Rosario,820210,Servicio de Catastro e Información Territorial,IGN
2019,5570,2019-08-20,Martes,,13:30:00,,0.0,2,"Automóvil,Pickup/Utilitario",Av. Battle y Ordoñez Y Melincue,2,1,0,0,1,0,0,"-33.008918, -60.647591",Avenida,,ROSARIO,Rosario,Asfalto,No existe,II,Dentro,Urbana,Ninguna,No existe,Recta,Bueno,Buena,Diurna,Buen Tiempo,Lateral,S/D,Colisión,Ninguna,Faltante,Cordón divisorio,Sin restricción,"-33.008918, -60.647591","['Avenida Battle y Ordoñez', 'Melincué']",2,,-33.008918,-60.647591,55.0,538.0,Municipio Rosario,Municipio,Rosario,820210,Servicio de Catastro e Información Territorial,IGN
2019,5571,2019-08-20,Martes,,08:45:00,,0.0,2,"Moto/Ciclomotor,Automóvil",Paraguay Y Dr.J.Alvarez,3,1,0,0,2,0,0,"-32.945013740112,-60.643630361467",Calle,,ROSARIO,Rosario,Asfalto,No existe,II,Dentro,Urbana,Ninguna,No existe,Intersección,S/D,Buena,Diurna,Buen Tiempo,Lateral,S/D,Colisión,S/D,Faltante,Ninguna,S/D,"-32.945013740112,-60.643630361467","['Paraguay', 'Álvarez']",2,,-32.945013740112,-60.643630361467,55.0,538.0,Municipio Rosario,Municipio,Rosario,820210,Servicio de Catastro e Información Territorial,IGN
2019,5572,2019-08-20,Martes,,10:40:00,,0.0,2,"Moto/Ciclomotor,Automóvil",Dorrego 913,3,2,0,0,1,0,0,"-32.945764124057,-60.649559001594",Calle,,ROSARIO,Rosario,Asfalto,No existe,II,Dentro,Urbana,Paso Peatonal,No existe,Recta,Bueno,Buena,Diurna,S/D,Lateral,S/D,Colisión,Ninguna,Horizontal,Ninguna,S/D,"-32.945764124057,-60.649559001594",['Dorrego 913'],1,,-32.945764124057,-60.649559001594,55.0,538.0,Municipio Rosario,Municipio,Rosario,820210,Servicio de Catastro e Información Territorial,IGN
2019,5574,2019-08-20,Martes,,09:00:00,,0.0,2,"Moto/Ciclomotor,Moto/Ciclomotor",Salta Y Av. Ovidio Lagos,3,3,0,0,0,0,0,"-32.935276598828,-60.659676244502",Avenida,,ROSARIO,Rosario,Asfalto,No existe,II,Dentro,Urbana,Semáforo,Funciona,Intersección,S/D,S/D,Diurna,S/D,S/D,S/D,Colisión,S/D,"Horizontal,Vertical",Ninguna,S/D,"-32.935276598828,-60.659676244502","['Salta', 'Avenida Ovidio Lagos']",2,,-32.935276598828,-60.659676244502,55.0,538.0,Municipio Rosario,Municipio,Rosario,820210,Servicio de Catastro e Información Territorial,IGN
2019,5576,2019-08-26,Lunes,,07:50:00,,0.0,2,"Pickup/Utilitario,Moto/Ciclomotor",Av. Francia Y Salta,2,1,0,0,1,0,0,"-32.93452266679,-60.663874668462",Avenida,,ROSARIO,Rosario,Asfalto,No existe,II,Dentro,Urbana,Semáforo,Funciona,Intersección,Bueno,Buena,Diurna,S/D,S/D,S/D,Colisión,S/D,"Horizontal,Vertical",Cordón divisorio,S/D,"-32.93452266679,-60.663874668462","['Avenida Francia', 'Salta']",2,,-32.93452266679,-60.663874668462,55.0,538.0,Municipio Rosario,Municipio,Rosario,820210,Servicio de Catastro e Información Territorial,IGN