anio_acci,nro_acci,fecha,desc_dia,fecha_aprox,hora_aprox,desc_ruta,km,cant_participantes,desc_participante,calle_avenida_km,total,heridos_leves,heridos_graves,heridos_gravisimos,ilesos,fallecidos,sin_datos,posicion_XY,desc_tipo_via,desc_ruta_ori,desc_loc,desc_dpto,desc_tipo_calzada,desc_tipo_banquina,desc_unidad_regional,desc_lugar_calzada,desc_zona,desc_prioridad,desc_estado_semaforo,desc_lugar_via,desc_estado_via,desc_estado_visibilidad,desc_luminosidad,desc_estado_clima,desc_tipo_colision,desc_tipo_atropello,desc_tipo_hecho,desc_pres_calzada,desc_senializacion,desc_separacion_via,desc_restriccion,forma_geocod,calle_lista,numero_calles,calles_osm,lat,lon,index_right,gid,fna,gna,nam,in1,fdc,sag
2019,5577,2019-08-14,Miercoles,,12:45:00,,0.0,2,"Automóvil,Bicicleta",Ituzaingo Y España,2,1,0,0,1,0,0,"-32.959224351153,-60.650109499855",Calle,,ROSARIO,Rosario,Asfalto,No existe,II,Dentro,Urbana,Señal Pare,No existe,Intersección,Bueno,S/D,Diurna,S/D,S/D,Ciclista,Atropello,S/D,Vertical,Ninguna,S/D,"-32.959224351153,-60.650109499855","['Ituzaingó', 'España']",2,,-32.959224351153,-60.650109499855,55.0,538.0,Municipio Rosario,Municipio,Rosario,820210,Servicio de Catastro e Información Territorial,IGN
2019,5579,2019-08-05,Lunes,,10:50:00,,0.0,2,"Moto/Ciclomotor,Pickup/Utilitario",Bv. Avellaneda Y Av. Pellegrini,3,2,0,0,1,0,0,"-32.949999037977,-60.681987188433",Avenida,,ROSARIO,Rosario,Asfalto,No existe,II,Dentro,Urbana,Semáforo,Funciona,Intersección,Bueno,Buena,Diurna,Buen Tiempo,Lateral,S/D,Colisión,S/D,"Horizontal,Vertical",Cordón divisorio,Sin restricción,"-32.949999037977,-60.681987188433","['Avellaneda', 'Pellegrini']",2,,-32.949999037977,-60.681987188433,55.0,538.0,Municipio Rosario,Municipio,Rosario,820210,Servicio de Catastro e Información Territorial,IGN
2019,5581,2019-08-05,Lunes,,12:20:00,,0.0,2,"Peatón,Automóvil",3 De Febrero Y San Martin,2,1,0,0,1,0,0,"-32.953036474197,-60.638247516829",Calle,,ROSARIO,Rosario,Asfalto,No existe,II,Dentro,Urbana,Señal Pare,No existe,Recta,Bueno,Buena,Diurna,S/D,S/D,Peatón,Atropello,S/D,"Horizontal,Vertical",Ninguna,Sin restricción,"-32.953036474197,-60.638247516829","['3 de Febrero', 'San Martin']",2,,-32.953036474197,-60.638247516829,55.0,538.0,Municipio Rosario,Municipio,Rosario,820210,Servicio de Catastro e Información Territorial,IGN
2019,5582,2019-08-06,Martes,,12:10:00,,0.0,2,"Peatón,Bicicleta",Entre Rios 975,2,1,0,0,1,0,0,"-32.948240022301,-60.641539419767",Calle,,ROSARIO,Rosario,Asfalto,No existe,II,Dentro,Urbana,Semáforo,Funciona,Recta,Bueno,Buena,Diurna,Buen Tiempo,S/D,"Ciclista,Peatón",Atropello,Ninguna,"Horizontal,Vertical",Ninguna,Sin restricción,"-32.948240022301,-60.641539419767",['Entre Rios 975'],1,,-32.948240022301,-60.641539419767,55.0,538.0,Municipio Rosario,Municipio,Rosario,820210,Servicio de Catastro e Información Territorial,IGN
2019,5585,2019-08-06,Martes,,10:40:00,,0.0,2,"Automóvil,Moto/Ciclomotor",Av. Illia Y Italia,3,1,0,0,2,0,0,"-32.93445825576782,-60.644555389881",Avenida,,ROSARIO,Rosario,Asfalto,No existe,II,Dentro,Urbana,Semáforo,Funciona,Recta,Bueno,Buena,Diurna,Buen Tiempo,S/D,S/D,Colisión,S/D,"Horizontal,Vertical",Ninguna,Sin restricción,"-32.93445825576782,-60.644555389881","['Illia', 'Italia']",2,,-32.93445825576782,-60.644555389881,55.0,538.0,Municipio Rosario,Municipio,Rosario,820210,Servicio de Catastro e Información Territorial,IGN
2019,5587,2019-08-07,Miercoles,,12:00:00,,0.0,2,"Peatón,Automóvil",Montevideo Y Sarmiento,2,1,0,0,1,0,0,"-32.956133429574,-60.640603742367",Calle,,ROSARIO,Rosario,Asfalto,No existe,II,Dentro,Urbana,Paso Peatonal,No existe,Intersección,Bueno,Buena,Diurna,Buen Tiempo,S/D,Peatón,Atropello,Ninguna,Horizontal,Ninguna,Sin restricción,"-32.956133429574,-60.640603742367","['Montevideo', 'Sarmiento']",2,,-32.956133429574,-60.640603742367,55.0,538.0,Municipio Rosario,Municipio,Rosario,820210,Servicio de Catastro e Información Territorial,IGN
2019,5589,2019-08-08,Jueves,,08:05:00,,0.0,2,"Automóvil,Automóvil",Cerrito Y G.Carrasco,3,1,0,0,2,0,0,"-32.957461, -60.666741",Calle,,ROSARIO,Rosario,Asfalto,No existe,II,Dentro,Urbana,Ninguna,No existe,Intersección,Bueno,Buena,Diurna,Buen Tiempo,S/D,S/D,Colisión,Ninguna,Faltante,Ninguna,Sin restricción,"-32.957461, -60.666741","['Cerrito', 'Carrasco']",2,,-32.957461,-60.666741,55.0,538.0,Municipio Rosario,Municipio,Rosario,820210,Servicio de Catastro e Información Territorial,IGN
2019,5591,2019-08-14,Miercoles,,09:00:00,,0.0,2,"Automóvil,Bicicleta",Av. E.Lopez Y Mariano Moreno Bis,2,1,0,0,1,0,0,"-32.932530, -60.647649",Avenida,,ROSARIO,Rosario,Asfalto,No existe,II,Dentro,Urbana,Semáforo,Funciona,Intersección,S/D,S/D,Diurna,S/D,S/D,Ciclista,Atropello,S/D,"Horizontal,Vertical",Cordón divisorio,S/D,"-32.932530, -60.647649","['Lopez', 'Mariano Moreno']",2,,-32.93253,-60.647649,55.0,538.0,Municipio Rosario,Municipio,Rosario,820210,Servicio de Catastro e Información Territorial,IGN
2019,5593,2019-08-14,Miercoles,,13:55:00,,0.0,2,"Moto/Ciclomotor,Automóvil",Catamarca Y Cafferata,2,0,1,0,1,0,0,"-32.934732495653,-60.669483532569",Calle,,ROSARIO,Rosario,Asfalto,No existe,II,Dentro,Urbana,Semáforo,Funciona,Intersección,S/D,S/D,Diurna,S/D,Lateral,S/D,Colisión,S/D,"Horizontal,Vertical",Ninguna,S/D,"-32.934732495653,-60.669483532569","['Catamarca', 'Cafferata']",2,,-32.934732495653,-60.669483532569,55.0,538.0,Municipio Rosario,Municipio,Rosario,820210,Servicio de Catastro e Información Territorial,IGN
2019,5594,2019-08-19,Lunes,,11:30:00,,0.0,2,"Automóvil,Moto/Ciclomotor",3 De Febrero Y Constitucion,2,1,0,0,1,0,0,"-32.946414691279,-60.675277876536",Calle,,ROSARIO,Rosario,Asfalto,No existe,II,Dentro,Urbana,Señal Pare,No existe,Intersección,S/D,S/D,Diurna,S/D,S/D,S/D,Colisión,S/D,Vertical,Ninguna,S/D,"-32.946414691279,-60.675277876536","['3 de Febrero', 'Constitución']",2,,-32.946414691279,-60.675277876536,55.0,538.0,Municipio Rosario,Municipio,Rosario,820210,Servicio de Catastro e Información Territorial,IGN
2019,5596,2019-08-29,Jueves,,07:50:00,,0.0,2,"Moto/Ciclomotor,Automóvil",San Nicolas Y Montevideo,2,1,0,0,1,0,0,"-32.950023474497,-60.674763438808",Calle,,ROSARIO,Rosario,Asfalto,No existe,II,Dentro,Urbana,Ninguna,No existe,Intersección,S/D,S/D,Diurna,S/D,S/D,S/D,Colisión,S/D,Faltante,Ninguna,S/D,"-32.950023474497,-60.674763438808","['San Nicolás', 'Montevideo']",2,,-32.950023474497,-60.674763438808,55.0,538.0,Municipio Rosario,Municipio,Rosario,820210,Servicio de Catastro e Información Territorial,IGN
2019,5598,2019-08-29,Jueves,,07:45:00,,0.0,2,"Automóvil,Bicicleta",San Nicolas Y 3 De Febrero,2,1,0,0,1,0,0,"-32.946659539356,-60.673916384658",Calle,,ROSARIO,Rosario,Asfalto,No existe,II,Dentro,Urbana,Ninguna,No existe,Intersección,Bueno,S/D,"Diurna,Con luz artificial",S/D,S/D,Ciclista,Atropello,S/D,Faltante,Ninguna,S/D,"-32.946659539356,-60.673916384658","['San Nicolás', '3 de Febrero']",2,,-32.946659539356,-60.673916384658,55.0,538.0,Municipio Rosario,Municipio,Rosario,820210,Servicio de Catastro e Información Territorial,IGN
2019,5600,2019-08-01,Jueves,,13:50:00,,0.0,2,"Moto/Ciclomotor,Automóvil",Av. Pellegrini Y Av. Belgrano,3,1,0,0,2,0,0,"-32.960756529879,-60.621121693214",Avenida,,ROSARIO,Rosario,Asfalto,No existe,II,Dentro,Urbana,Ninguna,No existe,Rotonda,Bueno,Buena,Diurna,Buen Tiempo,Lateral,S/D,Colisión,Ninguna,Faltante,Cordón divisorio,Sin restricción,"-32.960756529879,-60.621121693214","['Pellegrini', 'Belgrano']",2,,-32.960756529879,-60.621121693214,55.0,538.0,Municipio Rosario,Municipio,Rosario,820210,Servicio de Catastro e Información Territorial,IGN
2019,5603,2019-08-26,Lunes,,12:15:00,,0.0,2,"Moto/Ciclomotor,Automóvil",Mariano Moreno Y Cochabamba,3,1,0,0,2,0,0,"-32.956209953114,-60.653594417904",Calle,,ROSARIO,Rosario,Asfalto,No existe,II,Dentro,Urbana,Paso Peatonal,No existe,Intersección,S/D,Buena,Diurna,S/D,S/D,S/D,Colisión,S/D,Horizontal,Ninguna,S/D,"-32.956209953114,-60.653594417904","['Mariano Moreno', 'Cochabamba']",2,,-32.956209953114,-60.653594417904,55.0,538.0,Municipio Rosario,Municipio,Rosario,820210,Servicio de Catastro e Información Territorial,IGN
2019,5605,2019-08-21,Miercoles,,07:10:00,,0.0,2,"Bicicleta,Moto/Ciclomotor",Viamonte Y Mariano Moreno,2,1,0,0,1,0,0,"-32.963082698498,-60.655326397211",Calle,,ROSARIO,Rosario,Asfalto,No existe,II,Dentro,Urbana,Paso Peatonal,No existe,Intersección,S/D,Buena,"Diurna,Con luz artificial",S/D,S/D,Ciclista,Atropello,S/D,Horizontal,Ninguna,S/D,"-32.963082698498,-60.655326397211","['Viamonte', 'Mariano Moreno']",2,,-32.963082698498,-60.655326397211,55.0,538.0,Municipio Rosario,Municipio,Rosario,820210,Servicio de Catastro e Información Territorial,IGN
2019,5607,2019-08-15,Jueves,,09:30:00,,0.0,2,"Automóvil,Automóvil",Iriondo Y San Juan,3,2,0,0,1,0,0,"-32.944523565496,-60.670537271639",Calle,,ROSARIO,Rosario,Asfalto,No existe,II,Dentro,Urbana,Señal Pare,No existe,Intersección,Bueno,S/D,Diurna,S/D,S/D,S/D,Colisión,S/D,Vertical,Ninguna,S/D,"-32.944523565496,-60.670537271639","['Iriondo', 'San Juan']",2,,-32.944523565496,-60.670537271639,55.0,538.0,Municipio Rosario,Municipio,Rosario,820210,Servicio de Catastro e Información Territorial,IGN
2019,5622,2019-08-10,Sabado,,17:20:00,,0.0,2,"Moto/Ciclomotor,Automóvil",Ambrosetti Y Benegas,3,2,0,0,1,0,0,"-32.931089077351,-60.73776634489",Calle,,ROSARIO,Rosario,Asfalto,No existe,II,Dentro,Urbana,Ninguna,No existe,Intersección,Bueno,Buena,Diurna,Buen Tiempo,S/D,S/D,Colisión,Ninguna,Faltante,Ninguna,Sin restricción,"-32.931089077351,-60.73776634489","['Ambrosetti', 'Benegas']",2,,-32.931089077351,-60.73776634489,55.0,538.0,Municipio Rosario,Municipio,Rosario,820210,Servicio de Catastro e Información Territorial,IGN
2019,5625,2019-08-30,Viernes,,21:15:00,,0.0,2,"Moto/Ciclomotor,Moto/Ciclomotor",J.J.Paso Y Mariano Cabal Bis,4,4,0,0,0,0,0,"-32.919904392712,-60.702617735661",Calle,,ROSARIO,Rosario,Asfalto,No existe,II,Dentro,Urbana,Señal Pare,No existe,Intersección,Bueno,Buena,"Nocturna,Con luz artificial",Buen Tiempo,Lateral,S/D,Colisión,Ninguna,Horizontal,Línea divisoria pintada,Sin restricción,"-32.919904392712,-60.702617735661","['Paso', 'Mariano Cabal']",2,,-32.919904392712,-60.702617735661,55.0,538.0,Municipio Rosario,Municipio,Rosario,820210,Servicio de Catastro e Información Territorial,IGN
2019,5626,2019-08-01,Jueves,,11:30:00,,0.0,2,"Moto/Ciclomotor,Pickup/Utilitario",Navarro Y Tte.Agneta,2,1,0,0,1,0,0,"-32.931150655541,-60.700184728872",Calle,,ROSARIO,Rosario,Asfalto,Pavimento,II,Dentro,Urbana,Ninguna,No existe,Intersección,Bueno,Buena,Diurna,Buen Tiempo,Lateral,S/D,Colisión,Ninguna,Faltante,Ninguna,Sin restricción,"-32.931150655541,-60.700184728872","['Navarro', 'Teniente Agneta']",2,,-32.931150655541,-60.700184728872,55.0,538.0,Municipio Rosario,Municipio,Rosario,820210,Servicio de Catastro e Información Territorial,IGN
2019,5627,2019-08-03,Sabado,,20:35:00,,0.0,2,"Automóvil,Bicicleta",Pje. Rafaela Y Rep.Dominicana,2,1,0,0,1,0,0,"-32.931002533121,-60.689771894015",Calle,,ROSARIO,Rosario,Asfalto,No existe,II,Dentro,Urbana,Otra Señal,No existe,Intersección,Bueno,Buena,"Nocturna,Con luz artificial",Buen Tiempo,S/D,Ciclista,Atropello,Ninguna,Vertical,Ninguna,Sin restricción,"-32.931002533121,-60.689771894015","['Rafaela', 'República Dominicana']",2,,-32.931002533121,-60.689771894015,55.0,538.0,Municipio Rosario,Municipio,Rosario,820210,Servicio de Catastro e Información Territorial,IGN
2019,5628,2019-08-08,Jueves,,08:05:00,,0.0,2,"Automóvil,Bicicleta",Campbell Y Junin,2,1,0,0,1,0,0,"-32.92744728865,-60.708389481351",Calle,,ROSARIO,Rosario,Asfalto,No existe,II,Dentro,Urbana,Ninguna,No existe,Intersección,Bueno,Buena,Diurna,Buen Tiempo,S/D,Ciclista,Atropello,Ninguna,Horizontal,Cordón divisorio,Sin restricción,"-32.92744728865,-60.708389481351","['Campbell', 'Junín']",2,,-32.92744728865,-60.708389481351,55.0,538.0,Municipio Rosario,Municipio,Rosario,820210,Servicio de Catastro e Información Territorial,IGN
2019,5629,2019-08-16,Viernes,,17:15:00,,0.0,2,"Automóvil,Moto/Ciclomotor",Brasil Y J.J.Paso,2,1,0,0,1,0,0,"-32.920540899592,-60.720432497581",Calle,,ROSARIO,Rosario,Asfalto,No existe,II,Dentro,Urbana,Ninguna,No existe,Intersección,Bueno,Buena,Atardecer,Buen Tiempo,Frontal,S/D,Colisión,Ninguna,Faltante,Cordón divisorio,Sin restricción,"-32.920540899592,-60.720432497581","['Brasil', 'Paso']",2,,-32.920540899592,-60.720432497581,55.0,538.0,Municipio Rosario,Municipio,Rosario,820210,Servicio de Catastro e Información Territorial,IGN
2019,5630,2019-08-21,Miercoles,,18:40:00,,0.0,2,"Pickup/Utilitario,Moto/Ciclomotor",F.More Y Junin,3,2,0,0,1,0,0,"-32.927062415333,-60.69393300034",Calle,,ROSARIO,Rosario,Asfalto,No existe,II,Dentro,Urbana,Ninguna,No existe,Intersección,Bueno,Buena,Atardecer,Buen Tiempo,S/D,S/D,Colisión,Ninguna,Faltante,Ninguna,Sin restricción,"-32.927062415333,-60.69393300034","['Felipe Moré', 'Junín']",2,,-32.927062415333,-60.69393300034,55.0,538.0,Municipio Rosario,Municipio,Rosario,820210,Servicio de Catastro e Información Territorial,IGN
2019,5631,2019-08-09,Viernes,,16:25:00,,0.0,2,"Moto/Ciclomotor,Pickup/Utilitario",Av. Eva Peron Y Magallanes,2,0,1,0,1,0,0,"-32.934411584636,-60.704805974373",Avenida,,ROSARIO,Rosario,Asfalto,No existe,II,Dentro,Urbana,Semáforo,Funciona,Intersección,Bueno,Buena,Diurna,Buen Tiempo,Lateral,S/D,Colisión,Ninguna,"Horizontal,Vertical","Cordón divisorio,Vegetación,Línea divisoria pintada",Sin restricción,"-32.934411584636,-60.704805974373","['Avenida Eva Perón', 'Magallanes']",2,,-32.934411584636,-60.704805974373,55.0,538.0,Municipio Rosario,Municipio,Rosario,820210,Servicio de Catastro e Información Territorial,IGN
2019,5632,2019-08-05,Lunes,,08:00:00,,0.0,2,"Pickup/Utilitario,Moto/Ciclomotor",Rueda 2500,2,1,0,0,1,0,0,"-32.967600796673,-60.663578397435",Calle,,ROSARIO,Rosario,Asfalto,No existe,II,Dentro,Urbana,Señal Pare,No existe,Recta,Bueno,Buena,Diurna,Buen Tiempo,S/D,S/D,Colisión,Ninguna,Vertical,Ninguna,Sin restricción,"-32.967600796673,-60.663578397435",['Rueda 2500'],1,,-32.967600796673,-60.663578397435,55.0,538.0,Municipio Rosario,Municipio,Rosario,820210,Servicio de Catastro e Información Territorial,IGN
2019,5634,2019-08-03,Sabado,,08:15:00,,0.0,2,"Taxi/Remis,Automóvil",Cordoba Y Av. Francia,3,2,0,0,1,0,0,"-32.941536033691,-60.665421553116",Avenida,,ROSARIO,Rosario,Asfalto,No existe,II,Dentro,Urbana,Semáforo,Funciona,Intersección,Bueno,Buena,Diurna,Buen Tiempo,Lateral,S/D,Colisión,Ninguna,"Horizontal,Vertical",Cordón divisorio,Sin restricción,"-32.941536033691,-60.665421553116","['Córdoba', 'Avenida Francia']",2,,-32.941536033691,-60.665421553116,55.0,538.0,Municipio Rosario,Municipio,Rosario,820210,Servicio de Catastro e Información Territorial,IGN
2019,5636,2019-08-01,Jueves,,08:00:00,,0.0,2,"Automóvil,Moto/Ciclomotor",Av. Pellegrini Y Valparaiso,3,2,0,0,1,0,0,"-32.949373819461,-60.684560740972",Avenida,,ROSARIO,Rosario,Asfalto,No existe,II,Dentro,Urbana,Paso Peatonal,No existe,Intersección,Bueno,Buena,Diurna,Buen Tiempo,S/D,S/D,Colisión,Ninguna,Horizontal,"Cordón divisorio,Ninguna",Sin restricción,"-32.949373819461,-60.684560740972","['Pellegrini', 'Valparaíso']",2,,-32.949373819461,-60.684560740972,55.0,538.0,Municipio Rosario,Municipio,Rosario,820210,Servicio de Catastro e Información Territorial,IGN
2019,5638,2019-08-06,Martes,,10:50:00,,0.0,2,"Pickup/Utilitario,Moto/Ciclomotor",Bv. Oroño Y San Lorenzo,3,1,0,0,2,0,0,"-32.941417193861,-60.652841409722",Avenida,,ROSARIO,Rosario,Asfalto,No existe,II,Dentro,Urbana,Señal Pare,No existe,Intersección,Bueno,Buena,Diurna,Buen Tiempo,S/D,S/D,Colisión,Ninguna,"Horizontal,Vertical",Cordón divisorio,Sin restricción,"-32.941417193861,-60.652841409722","['Bulevar Nicasio Oroño', 'San Lorenzo']",2,,-32.941417193861,-60.652841409722,55.0,538.0,Municipio Rosario,Municipio,Rosario,820210,Servicio de Catastro e Información Territorial,IGN
2019,5640,2019-08-07,Miercoles,,13:35:00,,0.0,2,"Moto/Ciclomotor,Automóvil",BV 27 DE FEBRERO Y JUAN PABLO II,3,1,0,0,2,0,0,"-32.959397435188315,-60.72037339210",Avenida,,ROSARIO,Rosario,Asfalto,No existe,II,Dentro,Urbana,Semáforo,Funciona,Intersección,Bueno,Buena,Diurna,Buen Tiempo,S/D,S/D,Colisión,Material Suelto,Vertical,Cordón divisorio,Sin restricción,"-32.959397435188315,-60.72037339210","['27 de Febrero', 'Juan Pablo II']",2,,-32.959397435188315,-60.7203733921,55.0,538.0,Municipio Rosario,Municipio,Rosario,820210,Servicio de Catastro e Información Territorial,IGN
2019,5641,2019-08-08,Jueves,,11:00:00,,0.0,2,"Peatón,Automóvil",Pte.Roca Y Mendoza,2,1,0,0,1,0,0,"-32.950270205419,-60.646397309313",Calle,,ROSARIO,Rosario,Asfalto,No existe,II,Dentro,Urbana,Semáforo,Funciona,Recta,Bueno,S/D,Diurna,Buen Tiempo,S/D,Peatón,Atropello,Ninguna,"Horizontal,Vertical",Ninguna,Sin restricción,"-32.950270205419,-60.646397309313","['Roca', 'Mendoza']",2,,-32.950270205419,-60.646397309313,55.0,538.0,Municipio Rosario,Municipio,Rosario,820210,Servicio de Catastro e Información Territorial,IGN
2019,5643,2019-08-08,Jueves,,08:20:00,,0.0,2,"Automóvil,Bicicleta",Bv. Oroño A Y Tucuman,2,1,0,0,1,0,0,"-32.939063173716,-60.652247122988",Avenida,,ROSARIO,Rosario,Asfalto,No existe,II,Dentro,Urbana,Semáforo,Funciona,Intersección,Bueno,Buena,Diurna,Buen Tiempo,S/D,Ciclista,Atropello,Ninguna,"Horizontal,Vertical",Ninguna,Sin restricción,"-32.939063173716,-60.652247122988","['Bulevar Nicasio Oroño', 'Tucumán']",2,,-32.939063173716,-60.652247122988,55.0,538.0,Municipio Rosario,Municipio,Rosario,820210,Servicio de Catastro e Información Territorial,IGN
2019,5645,2019-08-11,Domingo,,11:45:00,,0.0,2,"Automóvil,Taxi/Remis",Av. Francia Y Jujuy,2,1,0,0,1,0,0,"-32.933333874136,-60.663576991071",Avenida,,ROSARIO,Rosario,Asfalto,No existe,II,Dentro,Urbana,Paso Peatonal,No existe,Intersección,Bueno,Buena,Diurna,Buen Tiempo,S/D,S/D,Colisión,Ninguna,Horizontal,Ninguna,Sin restricción,"-32.933333874136,-60.663576991071","['Avenida Francia', 'Jujuy']",2,,-32.933333874136,-60.663576991071,55.0,538.0,Municipio Rosario,Municipio,Rosario,820210,Servicio de Catastro e Información Territorial,IGN
2019,5647,2019-08-12,Lunes,,13:15:00,,0.0,2,"Taxi/Remis,Moto/Ciclomotor",San Nicolas Y Tucuman,2,1,0,0,1,0,0,"-32.935672948209,-60.671143890302",Calle,,ROSARIO,Rosario,Asfalto,No existe,II,Dentro,Urbana,Señal Pare,No existe,Intersección,Bueno,S/D,Diurna,S/D,S/D,S/D,Colisión,Ninguna,Vertical,Ninguna,S/D,"-32.935672948209,-60.671143890302","['San Nicolás', 'Tucumán']",2,,-32.935672948209,-60.671143890302,55.0,538.0,Municipio Rosario,Municipio,Rosario,820210,Servicio de Catastro e Información Territorial,IGN
2019,5649,2019-08-12,Lunes,,09:30:00,,0.0,2,"Moto/Ciclomotor,Automóvil",Dorrego Y Cochabamba,3,2,0,0,1,0,0,"-32.956449802754,-60.652247222548",Calle,,ROSARIO,Rosario,Asfalto,No existe,II,Dentro,Urbana,Señal Pare,No existe,Intersección,S/D,S/D,Diurna,S/D,S/D,S/D,Colisión,S/D,"Horizontal,Vertical",Ninguna,S/D,"-32.956449802754,-60.652247222548","['Dorrego', 'Cochabamba']",2,,-32.956449802754,-60.652247222548,55.0,538.0,Municipio Rosario,Municipio,Rosario,820210,Servicio de Catastro e Información Territorial,IGN
2019,5650,2019-08-12,Lunes,,10:55:00,,0.0,2,"Automóvil,Peatón",Bv. Avellaneda Y Av. Pellegrini,2,1,0,0,1,0,0,"-32.949999037977,-60.681987188433",Avenida,,ROSARIO,Rosario,hormigón,No existe,II,Dentro,Urbana,Semáforo,Funciona,Intersección,S/D,Buena,Diurna,Buen Tiempo,S/D,Peatón,Atropello,S/D,"Horizontal,Vertical",Cordón divisorio,Sin restricción,"-32.949999037977,-60.681987188433","['Avellaneda', 'Pellegrini']",2,,-32.949999037977,-60.681987188433,55.0,538.0,Municipio Rosario,Municipio,Rosario,820210,Servicio de Catastro e Información Territorial,IGN
2019,5652,2019-08-13,Martes,,11:55:00,,0.0,2,"Taxi/Remis,Taxi/Remis",L.N.Alem Y Riobamba,2,2,0,0,0,0,0,"-32.964774042171,-60.632480857705",Calle,,ROSARIO,Rosario,Asfalto,No existe,II,Dentro,Urbana,Señal Pare,No existe,Intersección,S/D,S/D,Diurna,Buen Tiempo,S/D,S/D,Colisión,S/D,"Horizontal,Vertical",Ninguna,S/D,"-32.964774042171,-60.632480857705","['Alem', 'Riobamba']",2,,-32.964774042171,-60.632480857705,55.0,538.0,Municipio Rosario,Municipio,Rosario,820210,Servicio de Catastro e Información Territorial,IGN
2019,5653,2019-08-15,Jueves,,07:23:00,,0.0,2,"Automóvil,Camión Chasis",Mendoza Y España,5,2,0,0,3,0,0,"-32.95002609614,-60.647795728908",Calle,,ROSARIO,Rosario,Asfalto,No existe,II,Dentro,Urbana,Semáforo,Funciona,Intersección,S/D,S/D,Diurna,S/D,S/D,S/D,Colisión,S/D,"Horizontal,Vertical",Ninguna,S/D,"-32.95002609614,-60.647795728908","['Mendoza', 'España']",2,,-32.95002609614,-60.647795728908,55.0,538.0,Municipio Rosario,Municipio,Rosario,820210,Servicio de Catastro e Información Territorial,IGN
2019,5655,2019-08-15,Jueves,,11:00:00,,0.0,2,"Pickup/Utilitario,Moto/Ciclomotor",Av. Corrientes Y Riobamba,2,0,1,0,1,0,0,"-32.962264957557,-60.646524531942",Avenida,,ROSARIO,Rosario,Asfalto,No existe,II,Dentro,Urbana,Señal Pare,No existe,Intersección,Bueno,Buena,Diurna,Buen Tiempo,S/D,S/D,Colisión,S/D,Vertical,Ninguna,S/D,"-32.962264957557,-60.646524531942","['Corrientes', 'Riobamba']",2,,-32.962264957557,-60.646524531942,55.0,538.0,Municipio Rosario,Municipio,Rosario,820210,Servicio de Catastro e Información Territorial,IGN
2019,5656,2019-08-21,Miercoles,,12:25:00,,0.0,2,"Automóvil,Moto/Ciclomotor",Av. Pellegrini Y Cafferata,4,1,0,0,3,0,0,"-32.951330852611,-60.673665649436",Avenida,,ROSARIO,Rosario,Asfalto,No existe,II,Dentro,Urbana,Semáforo,Funciona,Intersección,S/D,Buena,Diurna,S/D,S/D,S/D,Colisión,S/D,"Horizontal,Vertical",Cordón divisorio,S/D,"-32.951330852611,-60.673665649436","['Pellegrini', 'Cafferata']",2,,-32.951330852611,-60.673665649436,55.0,538.0,Municipio Rosario,Municipio,Rosario,820210,Servicio de Catastro e Información Territorial,IGN
2019,5659,2019-08-02,Viernes,,22:20:00,,0.0,2,"Moto/Ciclomotor,Automóvil",Alvear Y Mendoza,2,1,0,0,1,0,0,"-32.948603434645,-60.655939359475",Calle,,ROSARIO,Rosario,Asfalto,No existe,II,Dentro,Urbana,Semáforo,Funciona,Intersección,Bueno,Buena,"Nocturna,Con luz artificial",Buen Tiempo,Lateral,S/D,Colisión,Ninguna,"Horizontal,Vertical",Ninguna,Sin restricción,"-32.948603434645,-60.655939359475","['Alvear', 'Mendoza']",2,,-32.948603434645,-60.655939359475,55.0,538.0,Municipio Rosario,Municipio,Rosario,820210,Servicio de Catastro e Información Territorial,IGN