anio_acci,nro_acci,fecha,desc_dia,fecha_aprox,hora_aprox,desc_ruta,km,cant_participantes,desc_participante,calle_avenida_km,total,heridos_leves,heridos_graves,heridos_gravisimos,ilesos,fallecidos,sin_datos,posicion_XY,desc_tipo_via,desc_ruta_ori,desc_loc,desc_dpto,desc_tipo_calzada,desc_tipo_banquina,desc_unidad_regional,desc_lugar_calzada,desc_zona,desc_prioridad,desc_estado_semaforo,desc_lugar_via,desc_estado_via,desc_estado_visibilidad,desc_luminosidad,desc_estado_clima,desc_tipo_colision,desc_tipo_atropello,desc_tipo_hecho,desc_pres_calzada,desc_senializacion,desc_separacion_via,desc_restriccion,forma_geocod,calle_lista,numero_calles,calles_osm,lat,lon,index_right,gid,fna,gna,nam,in1,fdc,sag
2019,5660,2019-08-10,Sabado,,15:00:00,,0.0,2,"Peatón,Moto/Ciclomotor",San Martin Y Bv. 27 De Febrero,3,2,0,0,1,0,0,"-32.967917553921,-60.642083061432",Avenida,,ROSARIO,Rosario,Asfalto,No existe,II,Dentro,Urbana,Semáforo,Funciona,Intersección,S/D,S/D,Diurna,S/D,S/D,Peatón,Atropello,S/D,"Horizontal,Vertical",Cordón divisorio,S/D,"-32.967917553921,-60.642083061432","['San Martin', '27 de Febrero']",2,,-32.967917553921,-60.642083061432,55.0,538.0,Municipio Rosario,Municipio,Rosario,820210,Servicio de Catastro e Información Territorial,IGN
2019,5662,2019-08-23,Viernes,,04:30:00,,0.0,2,"Moto/Ciclomotor,Moto/Ciclomotor",Entre Rios Y Bv. 27 De Febrero,2,1,1,0,0,0,0,"-32.967021941318,-60.646260541377",Avenida,,ROSARIO,Rosario,Asfalto,No existe,II,Dentro,Urbana,Semáforo,Intermitente,Intersección,S/D,S/D,Nocturna,S/D,S/D,S/D,Colisión,S/D,Horizontal,Cordón divisorio,S/D,"-32.967021941318,-60.646260541377","['Entre Ríos', '27 de Febrero']",2,,-32.967021941318,-60.646260541377,55.0,538.0,Municipio Rosario,Municipio,Rosario,820210,Servicio de Catastro e Información Territorial,IGN
2019,5664,2019-08-23,Viernes,,01:00:00,,0.0,2,"Taxi/Remis,Bicicleta",3 De Febrero Y Italia,2,1,0,0,1,0,0,"-32.951012849807746,-60.64946919679",Calle,,ROSARIO,Rosario,Asfalto,No existe,II,Dentro,Urbana,Señal Pare,No existe,Intersección,S/D,S/D,"Nocturna,Con luz artificial",S/D,S/D,Ciclista,Atropello,S/D,"Horizontal,Vertical",Ninguna,S/D,"-32.951012849807746,-60.64946919679","['3 de Febrero', 'Italia']",2,,-32.951012849807746,-60.64946919679,55.0,538.0,Municipio Rosario,Municipio,Rosario,820210,Servicio de Catastro e Información Territorial,IGN
2019,5666,2019-08-23,Viernes,,22:20:00,,0.0,2,"Automóvil,Peatón",3 De Febrero Y 1 de Mayo,3,2,0,0,1,0,0,"-32.954205024521,-60.631291708707",Calle,,ROSARIO,Rosario,Asfalto,No existe,II,Dentro,Urbana,Ninguna,No existe,Intersección,S/D,S/D,Nocturna,S/D,S/D,Peatón,Atropello,S/D,Faltante,Ninguna,S/D,"-32.954205024521,-60.631291708707","['3 de Febrero', 'Primero de Mayo']",2,,-32.954205024521,-60.631291708707,55.0,538.0,Municipio Rosario,Municipio,Rosario,820210,Servicio de Catastro e Información Territorial,IGN
2019,5667,2019-08-19,Lunes,,17:30:00,,0.0,2,"Automóvil,Moto/Ciclomotor",J.J.Paso Y Magallanes,3,2,0,0,1,0,0,"-32.919978479981,-60.705360451851",Calle,,ROSARIO,Rosario,Asfalto,No existe,II,Dentro,Urbana,Paso Peatonal,No existe,Intersección,Bueno,Buena,Diurna,Buen Tiempo,Lateral,S/D,Colisión,Ninguna,Horizontal,Línea divisoria pintada,Sin restricción,"-32.919978479981,-60.705360451851","['Paso', 'Magallanes']",2,,-32.919978479981,-60.705360451851,55.0,538.0,Municipio Rosario,Municipio,Rosario,820210,Servicio de Catastro e Información Territorial,IGN
2019,5668,2019-08-11,Domingo,,07:40:00,,0.0,2,"Pickup/Utilitario,Automóvil",Montevideo 6200,2,0,1,0,1,0,0,"-32.947286541026,-60.706496586123",Calle,,ROSARIO,Rosario,Asfalto,No existe,II,Dentro,Urbana,Ninguna,No existe,Recta,Bueno,Buena,Diurna,Buen Tiempo,Lateral,S/D,Colisión,Ninguna,Faltante,Ninguna,Sin restricción,"-32.947286541026,-60.706496586123",['Montevideo 6200'],1,,-32.947286541026,-60.706496586123,55.0,538.0,Municipio Rosario,Municipio,Rosario,820210,Servicio de Catastro e Información Territorial,IGN
2019,5670,2019-08-30,Viernes,,23:15:00,,0.0,2,"Moto/Ciclomotor,Automóvil",Bv. 27 De Febrero Y España,2,1,0,0,1,0,0,"-32.966025452558,-60.651825878934",Avenida,,ROSARIO,Rosario,Asfalto,No existe,II,Dentro,Urbana,Semáforo,Funciona,Intersección,S/D,Buena,"Nocturna,Con luz artificial",S/D,S/D,S/D,Colisión,S/D,"Horizontal,Vertical",Cordón divisorio,S/D,"-32.966025452558,-60.651825878934","['27 de Febrero', 'España']",2,,-32.966025452558,-60.651825878934,55.0,538.0,Municipio Rosario,Municipio,Rosario,820210,Servicio de Catastro e Información Territorial,IGN
2019,5674,2019-08-26,Lunes,,17:15:00,,0.0,2,"Peatón,Automóvil",J.J.Paso 7944,2,1,0,0,1,0,0,"-32.920808142384,-60.733675375681",Calle,,ROSARIO,Rosario,Asfalto,No existe,II,Dentro,Urbana,Ninguna,No existe,Recta,Bueno,Buena,Diurna,Buen Tiempo,S/D,Peatón,Atropello,Ninguna,Faltante,Ninguna,Sin restricción,"-32.920808142384,-60.733675375681",['Juan José Paso 7944'],1,,-32.920808142384,-60.733675375681,55.0,538.0,Municipio Rosario,Municipio,Rosario,820210,Servicio de Catastro e Información Territorial,IGN
2019,5675,2019-08-16,Viernes,,08:10:00,,0.0,2,"Bicicleta,Tren",Acevedo Bis Y Morrison,2,1,0,0,1,0,0,"-32.924957837028,-60.749596828275",Calle,,ROSARIO,Rosario,Asfalto,No existe,II,Dentro,Urbana,Ninguna,No existe,Intersección,Bueno,Buena,Amanecer,Buen Tiempo,S/D,Ciclista,Atropello,Ninguna,Vertical,Ninguna,Sin restricción,"-32.924957837028,-60.749596828275","['Acevedo', 'Morrison']",2,,-32.924957837028,-60.749596828275,55.0,538.0,Municipio Rosario,Municipio,Rosario,820210,Servicio de Catastro e Información Territorial,IGN
2019,5677,2019-08-30,Viernes,,12:15:00,,0.0,2,"Automóvil,Moto/Ciclomotor",Av. Brassey Y Donado,3,1,0,0,2,0,0,"-32.922881641364,-60.727663972676",Calle,,ROSARIO,Rosario,Asfalto,No existe,II,Dentro,Urbana,Ninguna,No existe,Intersección,Bueno,Buena,Diurna,Buen Tiempo,S/D,S/D,Colisión,Ninguna,Faltante,Ninguna,Sin restricción,"-32.922881641364,-60.727663972676","['Brassey', 'Donado']",2,,-32.922881641364,-60.727663972676,55.0,538.0,Municipio Rosario,Municipio,Rosario,820210,Servicio de Catastro e Información Territorial,IGN
2019,5678,2019-08-11,Domingo,,13:25:00,,0.0,2,"Moto/Ciclomotor,Peatón",Ayala Gauna Y Tarragona,2,1,0,0,1,0,0,"-32.912519956642,-60.735276264369",Calle,,ROSARIO,Rosario,Asfalto,No existe,II,Dentro,Urbana,Ninguna,No existe,Intersección,Bueno,Buena,Diurna,Buen Tiempo,S/D,Peatón,Atropello,Ninguna,Faltante,Ninguna,Sin restricción,"-32.912519956642,-60.735276264369","['Ayala Gauna', 'Tarragona']",2,,-32.912519956642,-60.735276264369,55.0,538.0,Municipio Rosario,Municipio,Rosario,820210,Servicio de Catastro e Información Territorial,IGN
2019,5679,2019-08-23,Viernes,,20:15:00,,0.0,1,Automóvil,Acevedo Bis 1850,2,1,0,0,1,0,0,"-32.905100692696,-60.749527058208",Calle,,ROSARIO,Rosario,Asfalto,No existe,II,Dentro,Urbana,Ninguna,No existe,Intersección,Bueno,Buena,"Nocturna,Con luz artificial",Buen Tiempo,S/D,S/D,Vuelco,Ninguna,Faltante,Ninguna,Sin restricción,"-32.905100692696,-60.749527058208",['Acevedo Bis 1850'],1,,-32.905100692696,-60.749527058208,55.0,538.0,Municipio Rosario,Municipio,Rosario,820210,Servicio de Catastro e Información Territorial,IGN
2019,5683,2019-08-24,Sabado,,17:25:00,,0.0,2,"Moto/Ciclomotor,Automóvil",Sanchez de Loria Y Santa Fe,5,1,0,0,4,0,0,"-32.936225345931,-60.73186535105",Calle,,ROSARIO,Rosario,Asfalto,No existe,II,Dentro,Urbana,Ninguna,No existe,Intersección,Bueno,Buena,Diurna,Buen Tiempo,Lateral,S/D,Colisión,Ninguna,Faltante,Ninguna,Sin restricción,"-32.936225345931,-60.73186535105","['Sánchez de Loria', 'Santa Fe']",2,,-32.936225345931,-60.73186535105,55.0,538.0,Municipio Rosario,Municipio,Rosario,820210,Servicio de Catastro e Información Territorial,IGN
2019,5685,2019-08-01,Jueves,,17:20:00,,0.0,2,"Pickup/Utilitario,Moto/Ciclomotor",Mendoza Y Sanchez de Loria,2,1,0,0,1,0,0,"-32.940159392325,-60.731705817545",Avenida,,ROSARIO,Rosario,Asfalto,No existe,II,Dentro,Urbana,Ninguna,Funciona,Intersección,Bueno,Buena,Diurna,Buen Tiempo,S/D,S/D,Colisión,Ninguna,Vertical,Cordón divisorio,Sin restricción,"-32.940159392325,-60.731705817545","['Mendoza', 'Sánchez de Loria']",2,,-32.940159392325,-60.731705817545,55.0,538.0,Municipio Rosario,Municipio,Rosario,820210,Servicio de Catastro e Información Territorial,IGN
2019,5693,2019-08-26,Lunes,,22:15:00,,0.0,2,"Taxi/Remis,Bicicleta",Entre Rios Y Santa Fe,2,1,0,0,1,0,0,"-32.944558283451,-60.640617994454",Calle,,ROSARIO,Rosario,Asfalto,No existe,II,Dentro,Urbana,Semáforo,Funciona,Intersección,S/D,S/D,Nocturna,S/D,S/D,Ciclista,Atropello,S/D,"Horizontal,Vertical",Ninguna,S/D,"-32.944558283451,-60.640617994454","['Entre Ríos', 'Santa Fe']",2,,-32.944558283451,-60.640617994454,55.0,538.0,Municipio Rosario,Municipio,Rosario,820210,Servicio de Catastro e Información Territorial,IGN
2019,5696,2019-08-17,Sabado,,05:50:00,,0.0,2,"Moto/Ciclomotor,Automóvil",Montevideo Y Balcarce,2,1,0,0,1,0,0,"-32.953678218224,-60.65438012897",Calle,,ROSARIO,Rosario,Asfalto,No existe,II,Dentro,Urbana,Paso Peatonal,No existe,Intersección,S/D,S/D,Amanecer,S/D,S/D,S/D,Colisión,S/D,Horizontal,Ninguna,S/D,"-32.953678218224,-60.65438012897","['Montevideo', 'Balcarce']",2,,-32.953678218224,-60.65438012897,55.0,538.0,Municipio Rosario,Municipio,Rosario,820210,Servicio de Catastro e Información Territorial,IGN
2019,5697,2019-08-08,Jueves,,22:35:00,,0.0,2,"Automóvil,Moto/Ciclomotor",Av. Ovidio Lagos Y Santa Fe,2,1,0,0,1,0,0,"-32.940905191235,-60.66109766176",Calle,,ROSARIO,Rosario,Asfalto,No existe,II,Dentro,Urbana,Semáforo,Funciona,Intersección,Bueno,Buena,"Nocturna,Con luz artificial",Buen Tiempo,Lateral,S/D,Colisión,Ninguna,"Horizontal,Vertical",Ninguna,Sin restricción,"-32.940905191235,-60.66109766176","['Avenida Ovidio Lagos', 'Santa Fe']",2,,-32.940905191235,-60.66109766176,55.0,538.0,Municipio Rosario,Municipio,Rosario,820210,Servicio de Catastro e Información Territorial,IGN
2019,5700,2019-08-12,Lunes,,04:20:00,,0.0,2,"Transporte de Pasajeros Urbano (> 8 asientos),Moto/Ciclomotor",Av. Ovidio Lagos Y Santa Fe,2,1,0,0,1,0,0,"-32.940905191235,-60.66109766176",Avenida,,ROSARIO,Rosario,Asfalto,No existe,II,Dentro,Urbana,Semáforo,Funciona,Intersección,S/D,S/D,Nocturna,S/D,S/D,S/D,Colisión,S/D,"Horizontal,Vertical",Ninguna,S/D,"-32.940905191235,-60.66109766176","['Avenida Ovidio Lagos', 'Santa Fe']",2,,-32.940905191235,-60.66109766176,55.0,538.0,Municipio Rosario,Municipio,Rosario,820210,Servicio de Catastro e Información Territorial,IGN
2019,5702,2019-08-18,Domingo,,04:15:00,,0.0,2,"Automóvil,Moto/Ciclomotor",Santa Fe Y Lavalle,4,1,0,0,3,0,0,"-32.937975411604,-60.677413231572",Calle,,ROSARIO,Rosario,Asfalto,No existe,II,Dentro,Urbana,Semáforo,Funciona,Intersección,S/D,S/D,Nocturna,S/D,S/D,S/D,Colisión,S/D,Vertical,Ninguna,S/D,"-32.937975411604,-60.677413231572","['Santa Fe', 'Lavalle']",2,,-32.937975411604,-60.677413231572,55.0,538.0,Municipio Rosario,Municipio,Rosario,820210,Servicio de Catastro e Información Territorial,IGN
2019,5704,2019-08-12,Lunes,,18:00:00,,0.0,2,"Moto/Ciclomotor,Automóvil",Paraguay Y Saavedra,3,2,0,0,1,0,0,"-32.976926119392,-60.651654563204",Calle,,ROSARIO,Rosario,Asfalto,No existe,II,Dentro,Urbana,Señal Pare,No existe,Intersección,S/D,S/D,Diurna,S/D,Lateral,S/D,Colisión,S/D,Vertical,Ninguna,S/D,"-32.976926119392,-60.651654563204","['Paraguay', 'Saavedra']",2,,-32.976926119392,-60.651654563204,55.0,538.0,Municipio Rosario,Municipio,Rosario,820210,Servicio de Catastro e Información Territorial,IGN
2019,5706,2019-06-16,Domingo,,,,0.0,2,"Bicicleta,Automóvil",Av. Bermudez Y Av. Battle y Ordoñez,2,1,0,0,1,0,0,"-33.00872, -60.64228",Avenida,,ROSARIO,Rosario,S/D,S/D,II,S/D,Urbana,S/D,S/D,Intersección,S/D,S/D,S/D,S/D,S/D,Ciclista,Atropello,S/D,S/D,S/D,S/D,"-33.00872, -60.64228","['Bermudez', 'Avenida Battle y Ordoñez']",2,,-33.00872,-60.64228,55.0,538.0,Municipio Rosario,Municipio,Rosario,820210,Servicio de Catastro e Información Territorial,IGN
2019,5708,2019-08-21,Miercoles,,13:40:00,,0.0,2,"Moto/Ciclomotor,Automóvil",9 De Julio Y Mariano Moreno,2,1,0,0,1,0,0,"-32.95160877417,-60.652440632505",Calle,,ROSARIO,Rosario,Asfalto,No existe,II,Dentro,Urbana,Señal Pare,No existe,Intersección,S/D,S/D,Diurna,S/D,S/D,S/D,Colisión,S/D,"Horizontal,Vertical",Ninguna,S/D,"-32.95160877417,-60.652440632505","['9 de Julio', 'Mariano Moreno']",2,,-32.95160877417,-60.652440632505,55.0,538.0,Municipio Rosario,Municipio,Rosario,820210,Servicio de Catastro e Información Territorial,IGN
2019,5709,2019-08-07,Miercoles,,15:30:00,,0.0,2,"Peatón,Taxi/Remis",San Juan Y Baron De Maua,2,1,0,0,1,0,0,"-32.950277566778,-60.638407352861",Calle,,ROSARIO,Rosario,Asfalto,No existe,II,Dentro,Urbana,Paso Peatonal,No existe,Intersección,Bueno,Buena,Diurna,Buen Tiempo,S/D,Peatón,Atropello,Ninguna,Horizontal,Ninguna,Sin restricción,"-32.950277566778,-60.638407352861","['San Juan', 'Barón de Mauá']",2,,-32.950277566778,-60.638407352861,55.0,538.0,Municipio Rosario,Municipio,Rosario,820210,Servicio de Catastro e Información Territorial,IGN
2019,5712,2019-08-07,Miercoles,,15:00:00,,0.0,2,"Automóvil,Taxi/Remis",Maipu 1100,2,1,0,0,1,0,0,"-32.950695882328,-60.63620871923",Calle,,ROSARIO,Rosario,Asfalto,No existe,II,Dentro,Urbana,Semáforo,Funciona,Intersección,S/D,S/D,Diurna,S/D,De alcance,S/D,Colisión,S/D,"Horizontal,Vertical",Ninguna,S/D,"-32.950695882328,-60.63620871923",['Maipu 1100'],1,,-32.950695882328,-60.63620871923,55.0,538.0,Municipio Rosario,Municipio,Rosario,820210,Servicio de Catastro e Información Territorial,IGN
2019,5715,2019-08-29,Jueves,,17:00:00,,0.0,2,"Moto/Ciclomotor,Taxi/Remis",Montevideo Y Paraguay,2,1,0,0,1,0,0,"-32.955137230306,-60.646179804105",Calle,,ROSARIO,Rosario,Asfalto,No existe,II,Dentro,Urbana,Paso Peatonal,No existe,Intersección,Bueno,Buena,Diurna,S/D,S/D,S/D,Colisión,S/D,Horizontal,Ninguna,S/D,"-32.955137230306,-60.646179804105","['Montevideo', 'Paraguay']",2,,-32.955137230306,-60.646179804105,55.0,538.0,Municipio Rosario,Municipio,Rosario,820210,Servicio de Catastro e Información Territorial,IGN
2019,5718,2019-08-12,Lunes,,19:00:00,,0.0,2,"Automóvil,Peatón",Pasco Y Av. Corrientes,2,1,0,0,1,0,0,"-32.958819608944,-60.645656544992",Avenida,,ROSARIO,Rosario,Asfalto,No existe,II,Dentro,Urbana,Señal Pare,No existe,Intersección,S/D,S/D,Diurna,S/D,S/D,Peatón,Atropello,S/D,Vertical,Ninguna,S/D,"-32.958819608944,-60.645656544992","['Pasco', 'Corrientes']",2,,-32.958819608944,-60.645656544992,55.0,538.0,Municipio Rosario,Municipio,Rosario,820210,Servicio de Catastro e Información Territorial,IGN
2019,5719,2019-06-17,Lunes,,13:35:00,,0.0,2,"Moto/Ciclomotor,Automóvil",Valparaiso Y Bv. 27 De Febrero,3,1,0,0,2,0,0,"-32.95972, -60.68717",Calle,,ROSARIO,Rosario,S/D,S/D,II,S/D,Urbana,S/D,S/D,Intersección,S/D,S/D,Diurna,S/D,S/D,S/D,Colisión,S/D,S/D,S/D,S/D,"-32.95972, -60.68717","['Valparaíso', '27 de Febrero']",2,,-32.95972,-60.68717,55.0,538.0,Municipio Rosario,Municipio,Rosario,820210,Servicio de Catastro e Información Territorial,IGN
2019,5720,2019-08-24,Sabado,,14:30:00,,0.0,1,Transporte de Pasajeros Urbano (> 8 asientos),Salta Y Cafferata,2,1,0,0,1,0,0,"-32.933568763076,-60.669189603587",Calle,,ROSARIO,Rosario,Asfalto,No existe,II,Dentro,Urbana,Paso Peatonal,No existe,Intersección,S/D,S/D,Diurna,S/D,S/D,S/D,Caída ocupante,S/D,Horizontal,Ninguna,S/D,"-32.933568763076,-60.669189603587","['Salta', 'Cafferata']",2,,-32.933568763076,-60.669189603587,55.0,538.0,Municipio Rosario,Municipio,Rosario,820210,Servicio de Catastro e Información Territorial,IGN
2019,5722,2019-08-17,Sabado,,18:10:00,,0.0,2,"Automóvil,Moto/Ciclomotor",Av. Francia Y E.Zeballos,4,1,0,0,3,0,0,"-32.950078442188,-60.667788657924",Avenida,,ROSARIO,Rosario,Asfalto,No existe,II,Dentro,Urbana,Semáforo,Funciona,Intersección,S/D,S/D,Diurna,S/D,S/D,S/D,Colisión,S/D,"Horizontal,Vertical",Cordón divisorio,S/D,"-32.950078442188,-60.667788657924","['Avenida Francia', 'Zeballos']",2,,-32.950078442188,-60.667788657924,55.0,538.0,Municipio Rosario,Municipio,Rosario,820210,Servicio de Catastro e Información Territorial,IGN
2019,5723,2019-06-17,Lunes,,15:55:00,,0.0,2,"Moto/Ciclomotor,Automóvil",Reg.11 de Infanteria Y San Martin,3,2,0,0,1,0,0,"-32.99878, -60.64849",Calle,,ROSARIO,Rosario,S/D,S/D,II,S/D,Urbana,S/D,S/D,Intersección,S/D,S/D,Diurna,S/D,S/D,S/D,Colisión,S/D,S/D,S/D,S/D,"-32.99878, -60.64849","['Regimiento 11', 'San Martin']",2,,-32.99878,-60.64849,55.0,538.0,Municipio Rosario,Municipio,Rosario,820210,Servicio de Catastro e Información Territorial,IGN
2019,5725,2019-08-15,Jueves,,18:10:00,,0.0,2,"Vehículo Oficial,Pickup/Utilitario",Salta Y Rodriguez,5,1,0,0,4,0,0,"-32.935764092999,-60.65696140002",Calle,,ROSARIO,Rosario,Asfalto,No existe,II,Dentro,Urbana,Polic�a de tr�nsito,Funciona,Intersección,S/D,S/D,Diurna,S/D,Lateral,S/D,Colisión,S/D,"Horizontal,Vertical",Ninguna,S/D,"-32.935764092999,-60.65696140002","['Salta', 'Rodríguez']",2,,-32.935764092999,-60.65696140002,55.0,538.0,Municipio Rosario,Municipio,Rosario,820210,Servicio de Catastro e Información Territorial,IGN
2019,5727,2019-06-17,Lunes,,17:25:00,,0.0,2,"Moto/Ciclomotor,Automóvil",Av. Provincias Unidas Y Av. Pellegrini,2,1,0,0,1,0,0,"-32.94866, -60.7122",Calle,,ROSARIO,Rosario,S/D,S/D,II,S/D,Urbana,S/D,S/D,Intersección,S/D,S/D,Diurna,S/D,S/D,S/D,Colisión,S/D,S/D,S/D,S/D,"-32.94866, -60.7122","['Avenida Provincias Unidas', 'Pellegrini']",2,,-32.94866,-60.7122,55.0,538.0,Municipio Rosario,Municipio,Rosario,820210,Servicio de Catastro e Información Territorial,IGN
2019,5728,2019-08-02,Viernes,,17:10:00,,0.0,2,"Moto/Ciclomotor,Vehículo Oficial",Av. Pellegrini Y Bv. Oroño,3,1,0,0,2,0,0,"-32.954438830989,-60.65574375483",Avenida,,ROSARIO,Rosario,Asfalto,No existe,II,Dentro,Urbana,Polic�a de tr�nsito,Funciona,Intersección,Bueno,Buena,Diurna,Buen Tiempo,S/D,S/D,Colisión,S/D,"Horizontal,Vertical",Cordón divisorio,Sin restricción,"-32.954438830989,-60.65574375483","['Pellegrini', 'Bulevar Nicasio Oroño']",2,,-32.954438830989,-60.65574375483,55.0,538.0,Municipio Rosario,Municipio,Rosario,820210,Servicio de Catastro e Información Territorial,IGN
2019,5729,2019-06-17,Lunes,,23:30:00,,0.0,2,"Moto/Ciclomotor,Moto/Ciclomotor",Av. Genova Y De Angelis Bis,2,1,1,0,0,0,0,"-32.91562, -60.69904",Calle,,ROSARIO,Rosario,S/D,S/D,II,S/D,Urbana,S/D,S/D,Intersección,S/D,S/D,Nocturna,S/D,S/D,S/D,Colisión,S/D,S/D,S/D,S/D,"-32.91562, -60.69904","['Genova', 'De Ángelis']",2,,-32.91562,-60.69904,55.0,538.0,Municipio Rosario,Municipio,Rosario,820210,Servicio de Catastro e Información Territorial,IGN
2019,5730,2019-08-02,Viernes,,16:15:00,,0.0,2,"Moto/Ciclomotor,Automóvil",Av. Pellegrini Y Suipacha,2,1,0,0,1,0,0,"-32.95254907026,-60.666878523812",Avenida,,ROSARIO,Rosario,Asfalto,No existe,II,Dentro,Urbana,Semáforo,Funciona,Recta,Bueno,Buena,Diurna,Buen Tiempo,S/D,S/D,Colisión,S/D,"Horizontal,Vertical",Cordón divisorio,Sin restricción,"-32.95254907026,-60.666878523812","['Pellegrini', 'Suipacha']",2,,-32.95254907026,-60.666878523812,55.0,538.0,Municipio Rosario,Municipio,Rosario,820210,Servicio de Catastro e Información Territorial,IGN
2019,5731,2019-08-12,Lunes,,21:00:00,,0.0,2,"Automóvil,Moto/Ciclomotor",Av. Dante Alighieri Y Av. Ovidio Lagos,2,0,1,0,1,0,0,"-32.95973539352419,-60.665688514709",Avenida,,ROSARIO,Rosario,Asfalto,No existe,II,Dentro,Urbana,Paso Peatonal,No existe,Recta,S/D,S/D,Nocturna,S/D,S/D,S/D,Colisión,S/D,Horizontal,Ninguna,S/D,"-32.95973539352419,-60.665688514709","['Dante Alighieri', 'Avenida Ovidio Lagos']",2,,-32.95973539352419,-60.665688514709,55.0,538.0,Municipio Rosario,Municipio,Rosario,820210,Servicio de Catastro e Información Territorial,IGN
2019,5733,2019-08-28,Miercoles,,17:00:00,,0.0,2,"Taxi/Remis,Moto/Ciclomotor",Bv. Oroño Y Av. Dante Alighieri,2,2,0,0,0,0,0,"-32.96209573745723,-60.658156871795",Avenida,,ROSARIO,Rosario,Asfalto,No existe,II,Dentro,Urbana,Paso Peatonal,No existe,Intersección,S/D,Buena,Diurna,S/D,S/D,S/D,Colisión,S/D,Horizontal,Ninguna,S/D,"-32.96209573745723,-60.658156871795","['Bulevar Nicasio Oroño', 'Dante Alighieri']",2,,-32.96209573745723,-60.658156871795,55.0,538.0,Municipio Rosario,Municipio,Rosario,820210,Servicio de Catastro e Información Territorial,IGN
2019,5735,2019-08-25,Domingo,,17:30:00,,0.0,1,Moto/Ciclomotor,Balcarce Y Av. E.Lopez,2,1,0,0,1,0,0,"-32.931693406121,-60.648562874429",Avenida,,ROSARIO,Rosario,Asfalto,No existe,II,Dentro,Urbana,Ninguna,No existe,Intersección,S/D,S/D,Diurna,S/D,S/D,S/D,Caída ocupante,Fluidos,Faltante,Ninguna,S/D,"-32.931693406121,-60.648562874429","['Balcarce', 'Lopez']",2,,-32.931693406121,-60.648562874429,55.0,538.0,Municipio Rosario,Municipio,Rosario,820210,Servicio de Catastro e Información Territorial,IGN
2019,5737,2019-08-27,Martes,,16:10:00,,0.0,2,"Automóvil,Pickup/Utilitario",3 De Febrero Y Constitucion,2,1,0,0,1,0,0,"-32.946414691279,-60.675277876536",Calle,,ROSARIO,Rosario,Asfalto,No existe,II,Dentro,Urbana,Señal Pare,No existe,Intersección,S/D,S/D,Diurna,S/D,S/D,S/D,Colisión,S/D,Vertical,Ninguna,S/D,"-32.946414691279,-60.675277876536","['3 de Febrero', 'Constitución']",2,,-32.946414691279,-60.675277876536,55.0,538.0,Municipio Rosario,Municipio,Rosario,820210,Servicio de Catastro e Información Territorial,IGN
2019,5765,2019-08-31,Sabado,,22:15:00,,0.0,2,"Automóvil,Moto/Ciclomotor",Av. Uriburu Y Ayacucho,3,2,0,0,1,0,0,"-32.990389, -60.636938",Avenida,,ROSARIO,Rosario,Asfalto,No existe,II,Dentro,Urbana,Semáforo,Funciona,Intersección,Bueno,Buena,"Nocturna,Con luz artificial",Buen Tiempo,Lateral,S/D,Colisión,Ninguna,"Horizontal,Vertical",Cordón divisorio,Sin restricción,"-32.990389, -60.636938","['Uriburu', 'Ayacucho']",2,,-32.990389,-60.636938,55.0,538.0,Municipio Rosario,Municipio,Rosario,820210,Servicio de Catastro e Información Territorial,IGN
2019,5769,2019-06-18,Martes,,,,0.0,2,"Automóvil,Automóvil",Balcarce Y Rioja,4,1,0,0,2,0,1,"-32.94513, -60.65222",Calle,,ROSARIO,Rosario,S/D,S/D,II,S/D,Urbana,S/D,S/D,Intersección,S/D,S/D,S/D,S/D,Frontal,S/D,Colisión,S/D,S/D,S/D,S/D,"-32.94513, -60.65222","['Balcarce', 'Rioja']",2,,-32.94513,-60.65222,55.0,538.0,Municipio Rosario,Municipio,Rosario,820210,Servicio de Catastro e Información Territorial,IGN
2019,5772,2019-08-31,Sabado,,11:40:00,,0.0,2,"Automóvil,Pickup/Utilitario",Pje. 801 Y Pje. 803,2,1,0,0,1,0,0,"-32.933042, -60.683917",Calle,,ROSARIO,Rosario,Asfalto,No existe,II,Dentro,Urbana,Ninguna,No existe,Intersección,Bueno,Buena,Diurna,Buen Tiempo,Lateral,S/D,Colisión,Ninguna,Faltante,Ninguna,Sin restricción,"-32.933042, -60.683917","['Pasaje 801', 'Pasaje 803']",2,,-32.933042,-60.683917,55.0,538.0,Municipio Rosario,Municipio,Rosario,820210,Servicio de Catastro e Información Territorial,IGN
2019,5776,2019-08-02,Viernes,,08:00:00,,0.0,2,"Automóvil,Bicicleta",Warnes Y Matheu,2,1,0,0,1,0,0,"-32.888483661485,-60.695672866938",Calle,,ROSARIO,Rosario,Asfalto,No existe,II,Dentro,Urbana,Ninguna,No existe,Intersección,S/D,S/D,Diurna,S/D,S/D,Ciclista,Atropello,S/D,Faltante,Ninguna,S/D,"-32.888483661485,-60.695672866938","['Warnes', 'Matheu']",2,,-32.888483661485,-60.695672866938,55.0,538.0,Municipio Rosario,Municipio,Rosario,820210,Servicio de Catastro e Información Territorial,IGN