anio_acci,nro_acci,fecha,desc_dia,fecha_aprox,hora_aprox,desc_ruta,km,cant_participantes,desc_participante,calle_avenida_km,total,heridos_leves,heridos_graves,heridos_gravisimos,ilesos,fallecidos,sin_datos,posicion_XY,desc_tipo_via,desc_ruta_ori,desc_loc,desc_dpto,desc_tipo_calzada,desc_tipo_banquina,desc_unidad_regional,desc_lugar_calzada,desc_zona,desc_prioridad,desc_estado_semaforo,desc_lugar_via,desc_estado_via,desc_estado_visibilidad,desc_luminosidad,desc_estado_clima,desc_tipo_colision,desc_tipo_atropello,desc_tipo_hecho,desc_pres_calzada,desc_senializacion,desc_separacion_via,desc_restriccion,forma_geocod,calle_lista,numero_calles,calles_osm,lat,lon,index_right,gid,fna,gna,nam,in1,fdc,sag
2019,5781,2019-06-19,Miercoles,,10:05:00,,0.0,2,"Moto/Ciclomotor,Automóvil",Baigorria Y Garcia del Cossio Bis,2,1,0,0,1,0,0,"-32.89531, -60.74765",Calle,,ROSARIO,Rosario,S/D,S/D,II,S/D,Urbana,S/D,S/D,Intersección,S/D,S/D,Diurna,S/D,S/D,S/D,Colisión,S/D,S/D,S/D,S/D,"-32.89531, -60.74765","['Baigorria', 'García del Cossio']",2,,-32.89531,-60.74765,55.0,538.0,Municipio Rosario,Municipio,Rosario,820210,Servicio de Catastro e Información Territorial,IGN
2019,5783,2019-06-19,Miercoles,,14:25:00,,0.0,2,"Moto/Ciclomotor,Automóvil",Av. Arijon Y España,2,1,0,0,1,0,0,"-33.0033, -60.65763",Avenida,,ROSARIO,Rosario,S/D,S/D,II,S/D,Urbana,S/D,S/D,Intersección,S/D,S/D,Diurna,S/D,S/D,S/D,Colisión,S/D,S/D,S/D,S/D,"-33.0033, -60.65763","['Avenida Manuel Arijón', 'España']",2,,-33.0033,-60.65763,55.0,538.0,Municipio Rosario,Municipio,Rosario,820210,Servicio de Catastro e Información Territorial,IGN
2019,5784,2019-08-30,Viernes,,17:25:00,,0.0,2,"Moto/Ciclomotor,Automóvil",Catamarca Y Pueyrredon,2,1,0,0,1,0,0,"-32.937164, -60.655911",Calle,,ROSARIO,Rosario,Asfalto,No existe,II,Dentro,Urbana,Ninguna,No existe,Intersección,Bueno,Buena,Diurna,Buen Tiempo,Lateral,S/D,Colisión,Ninguna,Faltante,Ninguna,Sin restricción,"-32.937164, -60.655911","['Catamarca', 'Pueyrredón']",2,,-32.937164,-60.655911,55.0,538.0,Municipio Rosario,Municipio,Rosario,820210,Servicio de Catastro e Información Territorial,IGN
2019,5789,2019-08-29,Jueves,,11:05:00,,0.0,2,"Peatón,Automóvil",Ceibo Y San Martin,2,1,0,0,1,0,0,"-33.013398, -60.651644",Calle,,ROSARIO,Rosario,Asfalto,No existe,II,Dentro,Urbana,Ninguna,No existe,S/D,Bueno,Buena,Diurna,Buen Tiempo,S/D,S/D,Atropello,Ninguna,Faltante,Ninguna,Sin restricción,"-33.013398, -60.651644","['Ceibo', 'San Martin']",2,,-33.013398,-60.651644,55.0,538.0,Municipio Rosario,Municipio,Rosario,820210,Servicio de Catastro e Información Territorial,IGN
2019,5790,2019-08-04,Domingo,,11:20:00,,0.0,2,"Pickup/Utilitario,Bicicleta",Garay Y Pje. 1112,2,1,0,0,1,0,0,"-32.966519, -60.689643",Calle,,ROSARIO,Rosario,Asfalto,No existe,II,Dentro,Urbana,Ninguna,No existe,Intersección,S/D,S/D,Diurna,S/D,S/D,Ciclista,Atropello,S/D,Faltante,Ninguna,S/D,"-32.966519, -60.689643","['Garay', 'Juan José Saer']",2,,-32.966519,-60.689643,55.0,538.0,Municipio Rosario,Municipio,Rosario,820210,Servicio de Catastro e Información Territorial,IGN
2019,5792,2019-08-05,Lunes,,21:25:00,,0.0,2,"Automóvil,Moto/Ciclomotor",Bv. Oroño Y Av. Battle y Ordoñez,3,1,0,0,2,0,0,"-33.00931334495546,-60.664867758750",Avenida,,ROSARIO,Rosario,Asfalto,No existe,II,Dentro,Urbana,Semáforo,Funciona,Intersección,S/D,S/D,Nocturna,S/D,S/D,S/D,Colisión,S/D,"Horizontal,Vertical",Cordón divisorio,S/D,"-33.00931334495546,-60.664867758750","['Bulevar Nicasio Oroño', 'Avenida Battle y Ordoñez']",2,,-33.00931334495546,-60.66486775875,55.0,538.0,Municipio Rosario,Municipio,Rosario,820210,Servicio de Catastro e Información Territorial,IGN
2019,5793,2019-08-28,Miercoles,,18:00:00,,0.0,2,"Automóvil,Bicicleta",Av. Luis Carballo Y Echeverria Bis,2,1,0,0,1,0,0,"-32.921864, -60.672293",Avenida,,ROSARIO,Rosario,Asfalto,No existe,II,Dentro,Urbana,Ninguna,Funciona,Intersección,Bueno,Buena,Diurna,Buen Tiempo,Lateral,S/D,Colisión,Ninguna,"Horizontal,Vertical",Cordón divisorio,Sin restricción,"-32.921864, -60.672293","['Avenida Doctor Luis Cándido Carballo', 'Echeverría']",2,,-32.921864,-60.672293,55.0,538.0,Municipio Rosario,Municipio,Rosario,820210,Servicio de Catastro e Información Territorial,IGN
2019,5794,2019-08-06,Martes,,05:55:00,,0.0,2,"Automóvil,Moto/Ciclomotor",Av. Uriburu Y Necochea,2,1,0,0,1,0,0,"-32.990204104547,-60.634546392669",Avenida,,ROSARIO,Rosario,hormigón,No existe,II,Dentro,Urbana,Señal Ceda el Paso,No existe,Intersección,S/D,S/D,Nocturna,S/D,S/D,S/D,Colisión,S/D,Vertical,Ninguna,S/D,"-32.990204104547,-60.634546392669","['Uriburu', 'Necochea']",2,,-32.990204104547,-60.634546392669,55.0,538.0,Municipio Rosario,Municipio,Rosario,820210,Servicio de Catastro e Información Territorial,IGN
2019,5798,2019-08-28,Miercoles,,05:00:00,,0.0,2,"Automóvil,Moto/Ciclomotor",Av. Eudoro Carrasco ,2,1,0,0,1,0,0,"-32.870622, -60.690565",Avenida,,ROSARIO,Rosario,Asfalto,No existe,II,Dentro,Urbana,Ninguna,No existe,Recta,Bueno,Buena,"Nocturna,Con luz artificial",Buen Tiempo,Lateral,S/D,Colisión,Ninguna,Faltante,Ninguna,Sin restricción,"-32.870622, -60.690565",['Eudnicasio Oroño Carrasco'],1,,-32.870622,-60.690565,55.0,538.0,Municipio Rosario,Municipio,Rosario,820210,Servicio de Catastro e Información Territorial,IGN
2019,5799,2019-08-22,Jueves,,18:20:00,,0.0,2,"Moto/Ciclomotor,Pickup/Utilitario",Av. Battle y Ordoñez Y Mariano Moreno,2,1,0,0,1,0,0,"-33.00927694722,-60.661676958341",Avenida,,ROSARIO,Rosario,Asfalto,No existe,II,Dentro,Urbana,Semáforo,Funciona,Intersección,Bueno,Buena,Diurna,Buen Tiempo,S/D,S/D,Colisión,Ninguna,"Horizontal,Vertical","Cordón divisorio,Línea divisoria pintada",Sin restricción,"-33.00927694722,-60.661676958341","['Avenida Battle y Ordoñez', 'Mariano Moreno']",2,,-33.00927694722,-60.661676958341,55.0,538.0,Municipio Rosario,Municipio,Rosario,820210,Servicio de Catastro e Información Territorial,IGN
2019,5800,2019-08-22,Jueves,,17:00:00,,0.0,2,"Pickup/Utilitario,Pickup/Utilitario",Milan Y Pje. Piano,2,1,0,0,1,0,0,"-32.989926001273,-60.65276049589",Calle,,ROSARIO,Rosario,hormigón,No existe,II,Dentro,Urbana,Ninguna,No existe,Intersección,Bueno,Buena,Diurna,Buen Tiempo,S/D,S/D,Colisión,Ninguna,Faltante,Ninguna,Sin restricción,"-32.989926001273,-60.65276049589","['Milán', 'Piano']",2,,-32.989926001273,-60.65276049589,55.0,538.0,Municipio Rosario,Municipio,Rosario,820210,Servicio de Catastro e Información Territorial,IGN
2019,5801,2019-08-22,Jueves,,14:30:00,,0.0,2,"Automóvil,Moto/Ciclomotor",Liniers Y Pasco,2,0,1,0,1,0,0,"-32.950562047958,-60.698145408161",Calle,,ROSARIO,Rosario,Asfalto,No existe,II,Dentro,Urbana,Ninguna,No existe,Intersección,Deteriorada,Buena,Diurna,Buen Tiempo,S/D,S/D,Colisión,Ninguna,Faltante,Ninguna,Sin restricción,"-32.950562047958,-60.698145408161","['Liniers', 'Pasco']",2,,-32.950562047958,-60.698145408161,55.0,538.0,Municipio Rosario,Municipio,Rosario,820210,Servicio de Catastro e Información Territorial,IGN
2019,5804,2019-08-21,Miercoles,,22:30:00,,0.0,2,"Moto/Ciclomotor,Moto/Ciclomotor",Entre Rios Y Garay,3,2,0,0,1,0,0,"-32.973980078356,-60.64802681995",Calle,,ROSARIO,Rosario,Asfalto,No existe,II,Dentro,Urbana,Paso Peatonal,No existe,Intersección,Bueno,Buena,"Nocturna,Con luz artificial",Buen Tiempo,S/D,S/D,Colisión,Ninguna,Horizontal,Línea divisoria pintada,Sin restricción,"-32.973980078356,-60.64802681995","['Entre Ríos', 'Garay']",2,,-32.973980078356,-60.64802681995,55.0,538.0,Municipio Rosario,Municipio,Rosario,820210,Servicio de Catastro e Información Territorial,IGN
2019,5808,2019-08-19,Lunes,,16:00:00,,0.0,2,"Moto/Ciclomotor,Automóvil",Av. Genova Y Ferreyra,3,2,0,0,1,0,0,"-32.915046096914,-60.680362670142",Avenida,,ROSARIO,Rosario,Asfalto,No existe,II,Dentro,Urbana,Ninguna,No existe,Intersección,Bueno,Buena,Diurna,Buen Tiempo,S/D,S/D,Colisión,Ninguna,Faltante,Ninguna,Sin restricción,"-32.915046096914,-60.680362670142","['Genova', 'Ferreyra']",2,,-32.915046096914,-60.680362670142,55.0,538.0,Municipio Rosario,Municipio,Rosario,820210,Servicio de Catastro e Información Territorial,IGN
2019,5812,2019-08-16,Viernes,,14:15:00,,0.0,2,"Moto/Ciclomotor,Pickup/Utilitario",Av. Provincias Unidas Y Gaboto,2,1,0,0,1,0,0,"-32.965107067542,-60.711525932079",Avenida,,ROSARIO,Rosario,Asfalto,No existe,II,Dentro,Urbana,Ninguna,No existe,Intersección,Bueno,Buena,Diurna,Buen Tiempo,S/D,S/D,Colisión,Ninguna,Faltante,Cordón divisorio,Sin restricción,"-32.965107067542,-60.711525932079","['Avenida Provincias Unidas', 'Gaboto']",2,,-32.965107067542,-60.711525932079,55.0,538.0,Municipio Rosario,Municipio,Rosario,820210,Servicio de Catastro e Información Territorial,IGN
2019,5820,2019-08-07,Miercoles,,06:30:00,,0.0,2,"Transporte de Pasajeros,Moto/Ciclomotor",San Martin Y Khantuta,2,1,0,0,1,0,0,"-33.012014621316,-60.651376357888",Calle,,ROSARIO,Rosario,Asfalto,No existe,II,Dentro,Urbana,Semáforo,Funciona,Intersección,S/D,S/D,Amanecer,S/D,S/D,S/D,Colisión,S/D,"Horizontal,Vertical",Línea divisoria pintada,S/D,"-33.012014621316,-60.651376357888","['San Martin', 'Khantuta']",2,,-33.012014621316,-60.651376357888,55.0,538.0,Municipio Rosario,Municipio,Rosario,820210,Servicio de Catastro e Información Territorial,IGN
2019,5821,2019-08-27,Martes,,21:20:00,,0.0,2,"Automóvil,Moto/Ciclomotor",Esquivel Y Castagnino,2,1,0,0,1,0,0,"-32.900325, -60.705707",Calle,,ROSARIO,Rosario,Asfalto,No existe,II,Dentro,Urbana,Ninguna,No existe,Intersección,Bueno,Buena,"Nocturna,Con luz artificial",Buen Tiempo,Lateral,S/D,Colisión,Ninguna,Faltante,Cordón divisorio,Sin restricción,"-32.900325, -60.705707","['Esquivel', 'Castagnino']",2,,-32.900325,-60.705707,55.0,538.0,Municipio Rosario,Municipio,Rosario,820210,Servicio de Catastro e Información Territorial,IGN
2019,5822,2019-08-07,Miercoles,,08:20:00,,0.0,2,"Pickup/Utilitario,Moto/Ciclomotor",Molina Y Freyre,2,1,0,0,1,0,0,"-32.895560963411,-60.704634618971",Calle,,ROSARIO,Rosario,Asfalto,No existe,II,Dentro,Urbana,Ninguna,No existe,Intersección,S/D,S/D,Diurna,S/D,S/D,S/D,Colisión,S/D,Faltante,Ninguna,S/D,"-32.895560963411,-60.704634618971","['Molina', 'Freyre']",2,,-32.895560963411,-60.704634618971,55.0,538.0,Municipio Rosario,Municipio,Rosario,820210,Servicio de Catastro e Información Territorial,IGN
2019,5823,2019-08-07,Miercoles,,09:00:00,,0.0,2,"Pickup/Utilitario,Moto/Ciclomotor",Av. Pellegrini Y Cullen,2,0,1,0,1,0,0,"-32.948410510835,-60.708795109082",Avenida,,ROSARIO,Rosario,Asfalto,No existe,II,Dentro,Urbana,Semáforo,Funciona,Intersección,S/D,S/D,Diurna,S/D,S/D,S/D,Colisión,S/D,"Horizontal,Vertical",Cordón divisorio,S/D,"-32.948410510835,-60.708795109082","['Pellegrini', 'Cullen']",2,,-32.948410510835,-60.708795109082,55.0,538.0,Municipio Rosario,Municipio,Rosario,820210,Servicio de Catastro e Información Territorial,IGN
2019,5824,2019-08-27,Martes,,19:00:00,,0.0,2,"Automóvil,Peatón",Albert Sabin Y Av. Genova,2,1,0,0,1,0,0,"-32.915358, -60.691086",Avenida,,ROSARIO,Rosario,Asfalto,No existe,II,Dentro,Urbana,Ninguna,Funciona,Recta,Bueno,Buena,Atardecer,Buen Tiempo,S/D,Peatón,Atropello,Ninguna,"Horizontal,Vertical",Cordón divisorio,Sin restricción,"-32.915358, -60.691086","['Avenida Travesía Albert Sabin', 'Genova']",2,,-32.915358,-60.691086,55.0,538.0,Municipio Rosario,Municipio,Rosario,820210,Servicio de Catastro e Información Territorial,IGN
2019,5825,2019-08-07,Miercoles,,08:40:00,,0.0,2,"Moto/Ciclomotor,Moto/Ciclomotor",Ayacucho 4100,3,2,0,0,1,0,0,"-32.986858983876,-60.636349044186",Calle,,ROSARIO,Rosario,Asfalto,No existe,II,Dentro,Urbana,Ninguna,No existe,Intersección,S/D,S/D,Diurna,S/D,S/D,S/D,Colisión,S/D,Faltante,Ninguna,S/D,"-32.986858983876,-60.636349044186",['Ayacucho 4100'],1,,-32.986858983876,-60.636349044186,55.0,538.0,Municipio Rosario,Municipio,Rosario,820210,Servicio de Catastro e Información Territorial,IGN
2019,5826,2019-08-27,Martes,,19:20:00,,0.0,2,"Moto/Ciclomotor,Peatón",Gerchunoff Bis 720,2,1,0,0,1,0,0,"-32.919472, -60.696190",Calle,,ROSARIO,Rosario,Asfalto,No existe,II,Dentro,Urbana,Ninguna,No existe,Recta,S/D,Buena,"Atardecer,Con luz artificial",Buen Tiempo,S/D,Peatón,Atropello,Ninguna,Faltante,Ninguna,Sin restricción,"-32.919472, -60.696190",['Gerchunoff Bis 720'],1,,-32.919472,-60.69619,55.0,538.0,Municipio Rosario,Municipio,Rosario,820210,Servicio de Catastro e Información Territorial,IGN
2019,5827,2019-08-07,Miercoles,,,,0.0,2,"Pickup/Utilitario,Moto/Ciclomotor",Paraguay Y Ameghino,4,0,3,0,1,0,0,"-32.986106829446,-60.653972992303",Calle,,ROSARIO,Rosario,Asfalto,No existe,II,Dentro,Urbana,Ninguna,No existe,Intersección,S/D,S/D,S/D,S/D,S/D,S/D,Colisión,S/D,Faltante,Ninguna,S/D,"-32.986106829446,-60.653972992303","['Paraguay', 'Ameghino']",2,,-32.986106829446,-60.653972992303,55.0,538.0,Municipio Rosario,Municipio,Rosario,820210,Servicio de Catastro e Información Territorial,IGN
2019,5828,2019-06-20,Jueves,,18:10:00,,0.0,2,"Moto/Ciclomotor,Pickup/Utilitario",Baigorria 1200,2,1,0,0,1,0,0,"-32.89284, -60.69923",Calle,,ROSARIO,Rosario,S/D,S/D,II,S/D,Urbana,S/D,S/D,Recta,S/D,S/D,Atardecer,S/D,S/D,S/D,Colisión,S/D,S/D,S/D,S/D,"-32.89284, -60.69923",['Baigorria 1200'],1,,-32.89284,-60.69923,55.0,538.0,Municipio Rosario,Municipio,Rosario,820210,Servicio de Catastro e Información Territorial,IGN
2019,5830,2019-08-07,Miercoles,,18:10:00,,0.0,2,"Automóvil,Moto/Ciclomotor",Darragueira Y Luis Vila,3,2,0,0,1,0,0,"-32.898722, -60.693792",Calle,,ROSARIO,Rosario,Asfalto,No existe,II,Dentro,Urbana,Ninguna,No existe,Intersección,S/D,S/D,Diurna,S/D,S/D,S/D,Colisión,S/D,Faltante,Ninguna,S/D,"-32.898722, -60.693792","['José Darragueira', 'Doctor Vila']",2,,-32.898722,-60.693792,55.0,538.0,Municipio Rosario,Municipio,Rosario,820210,Servicio de Catastro e Información Territorial,IGN
2019,5832,2019-08-27,Martes,,06:55:00,,0.0,2,"Automóvil,Moto/Ciclomotor",27 DE FEBRERO  Y THEISEN ,2,1,0,0,1,0,0,"-32.970419, -60.627727",Avenida,,ROSARIO,Rosario,Asfalto,S/D,II,Dentro,Urbana,S/D,S/D,Intersección,Bueno,S/D,S/D,S/D,Lateral,S/D,Colisión,S/D,S/D,S/D,S/D,"-32.970419, -60.627727","['27 de Febrero', 'Theisen']",2,,-32.970419,-60.627727,55.0,538.0,Municipio Rosario,Municipio,Rosario,820210,Servicio de Catastro e Información Territorial,IGN
2019,5842,2019-08-13,Martes,,,,0.0,2,"Otros,Moto/Ciclomotor",Buenos Aires Y Garay,2,1,0,0,1,0,0,"-32.975458872864,-60.639757479744",Calle,,ROSARIO,Rosario,Asfalto,No existe,II,Dentro,Urbana,Ninguna,No existe,Intersección,Bueno,Buena,Diurna,Buen Tiempo,S/D,S/D,Colisión,Ninguna,Faltante,Ninguna,Sin restricción,"-32.975458872864,-60.639757479744","['Buenos Aires', 'Garay']",2,,-32.975458872864,-60.639757479744,55.0,538.0,Municipio Rosario,Municipio,Rosario,820210,Servicio de Catastro e Información Territorial,IGN
2019,5843,2019-08-13,Martes,,15:50:00,,0.0,2,"Moto/Ciclomotor,Automóvil",Bv. Segui Y Pueyrredon,2,1,0,0,1,0,0,"-32.975546918677,-60.665576705266",Avenida,,ROSARIO,Rosario,Asfalto,No existe,II,Dentro,Urbana,Otra Señal,No existe,Intersección,Bueno,Buena,Diurna,Buen Tiempo,S/D,S/D,Colisión,Ninguna,"Horizontal,Vertical","Cordón divisorio,Vegetación,Línea divisoria pintada",Sin restricción,"-32.975546918677,-60.665576705266","['Bulevar Juan Francisco Seguí', 'Pueyrredón']",2,,-32.975546918677,-60.665576705266,55.0,538.0,Municipio Rosario,Municipio,Rosario,820210,Servicio de Catastro e Información Territorial,IGN
2019,5844,2019-08-13,Martes,,07:50:00,,0.0,1,Bicicleta,Centenario Y San Martin,2,1,0,0,1,0,0,"-33.004248965474,-60.649541772395",Calle,,ROSARIO,Rosario,Asfalto,No existe,II,Dentro,Urbana,Paso Peatonal,No existe,Intersección,Bueno,Buena,Diurna,Buen Tiempo,S/D,Ciclista,Atropello,Ninguna,Horizontal,"Cordón divisorio,Vegetación,Línea divisoria pintada",Sin restricción,"-33.004248965474,-60.649541772395","['Centenario', 'San Martin']",2,,-33.004248965474,-60.649541772395,55.0,538.0,Municipio Rosario,Municipio,Rosario,820210,Servicio de Catastro e Información Territorial,IGN
2019,5847,2019-08-12,Lunes,,12:00:00,,0.0,2,"Moto/Ciclomotor,Automóvil",E.Zeballos Y Sarmiento,3,1,0,0,2,0,0,"-32.954993579589,-60.640316704447",Calle,,ROSARIO,Rosario,Asfalto,No existe,II,Dentro,Urbana,Paso Peatonal,No existe,Intersección,Bueno,Buena,Diurna,Buen Tiempo,S/D,S/D,Colisión,Ninguna,Horizontal,Ninguna,Sin restricción,"-32.954993579589,-60.640316704447","['Zeballos', 'Sarmiento']",2,,-32.954993579589,-60.640316704447,55.0,538.0,Municipio Rosario,Municipio,Rosario,820210,Servicio de Catastro e Información Territorial,IGN
2019,5849,2019-08-11,Domingo,,06:00:00,,0.0,1,Moto/Ciclomotor,Zelaya 3200,1,1,0,0,0,0,0,"-32.885082842608,-60.698133334645",Calle,,ROSARIO,Rosario,Asfalto,No existe,II,Dentro,Urbana,Ninguna,No existe,Intersección,Bueno,Buena,Diurna,Buen Tiempo,Contra objeto fijo,S/D,Colisión,Ninguna,Faltante,Ninguna,Sin restricción,"-32.885082842608,-60.698133334645",['Zelaya 3200'],1,,-32.885082842608,-60.698133334645,55.0,538.0,Municipio Rosario,Municipio,Rosario,820210,Servicio de Catastro e Información Territorial,IGN
2019,5850,2019-08-11,Domingo,,06:05:00,,0.0,2,"Moto/Ciclomotor,Automóvil",San Nicolas Y Tucuman,2,1,0,0,1,0,0,"-32.935672948209,-60.671143890302",Calle,,ROSARIO,Rosario,Asfalto,No existe,II,Dentro,Urbana,Ninguna,No existe,Intersección,Bueno,Buena,Amanecer,Buen Tiempo,S/D,S/D,Colisión,Ninguna,Faltante,Ninguna,Sin restricción,"-32.935672948209,-60.671143890302","['San Nicolás', 'Tucumán']",2,,-32.935672948209,-60.671143890302,55.0,538.0,Municipio Rosario,Municipio,Rosario,820210,Servicio de Catastro e Información Territorial,IGN
2019,5872,2019-08-25,Domingo,,18:50:00,,0.0,2,"Peatón,Automóvil", ,2,1,0,0,1,0,0,"-32.950930, -60.706707",Calle,,ROSARIO,Rosario,Asfalto,S/D,II,Dentro,Urbana,S/D,S/D,Recta,S/D,S/D,S/D,S/D,S/D,Peatón,Atropello,S/D,S/D,S/D,S/D,"-32.950930, -60.706707",[''],0,,-32.95093,-60.706707,55.0,538.0,Municipio Rosario,Municipio,Rosario,820210,Servicio de Catastro e Información Territorial,IGN
2019,5873,2019-06-21,Viernes,,20:30:00,,0.0,2,"Moto/Ciclomotor,Moto/Ciclomotor",Manuel Garcia 2100,2,0,1,0,1,0,0,"-32.89592, -60.71336",Calle,,ROSARIO,Rosario,S/D,S/D,II,S/D,Urbana,S/D,S/D,Recta,S/D,S/D,Nocturna,S/D,S/D,S/D,Colisión,S/D,S/D,S/D,S/D,"-32.89592, -60.71336",['Manuel Garcia 2100'],1,,-32.89592,-60.71336,55.0,538.0,Municipio Rosario,Municipio,Rosario,820210,Servicio de Catastro e Información Territorial,IGN
2019,5879,2019-08-25,Domingo,,16:20:00,,0.0,2,"Moto/Ciclomotor,Peatón",Casilda 5600,2,1,0,0,1,0,0,"-32.928783, -60.700341",Calle,,ROSARIO,Rosario,hormigón,No existe,II,Dentro,Urbana,Ninguna,No existe,Recta,Bueno,Buena,Diurna,Buen Tiempo,Atropello animal,Peatón,"Colisión,Atropello",Ninguna,Faltante,Ninguna,Sin restricción,"-32.928783, -60.700341",['Casilda 5600'],1,,-32.928783,-60.700341,55.0,538.0,Municipio Rosario,Municipio,Rosario,820210,Servicio de Catastro e Información Territorial,IGN
2019,5884,2019-08-24,Sabado,,20:15:00,,0.0,2,"Automóvil,Moto/Ciclomotor",Entre Rios Y Dean Funes,2,1,0,0,1,0,0,"-32.975138, -60.648289",Calle,,ROSARIO,Rosario,Asfalto,No existe,II,Dentro,Urbana,Ninguna,No existe,Intersección,Bueno,Buena,"Nocturna,Con luz artificial",Buen Tiempo,Lateral,S/D,Colisión,Ninguna,Faltante,Ninguna,Sin restricción,"-32.975138, -60.648289","['Entre Ríos', 'Deán Gregorio Funes']",2,,-32.975138,-60.648289,55.0,538.0,Municipio Rosario,Municipio,Rosario,820210,Servicio de Catastro e Información Territorial,IGN
2019,5887,2019-08-23,Viernes,,13:20:00,,0.0,2,"Pickup/Utilitario,Bicicleta",Velez Sarsfield Y Larrea,2,1,0,0,1,0,0,"-32.925625, -60.697815",Calle,,ROSARIO,Rosario,Asfalto,No existe,II,Dentro,Urbana,Ninguna,No existe,Intersección,Bueno,Buena,Diurna,Buen Tiempo,Lateral,S/D,Colisión,Ninguna,Faltante,Ninguna,Sin restricción,"-32.925625, -60.697815","['Vélez Sarsfield', 'Larrea']",2,,-32.925625,-60.697815,55.0,538.0,Municipio Rosario,Municipio,Rosario,820210,Servicio de Catastro e Información Territorial,IGN
2019,5889,2019-08-13,Martes,,21:05:00,,0.0,2,"Moto/Ciclomotor,Automóvil",Monte Flores Y Nicaragua,2,1,0,0,1,0,0,"-32.957863261538,-60.719962149991",Calle,,ROSARIO,Rosario,Tierra,No existe,II,Dentro,Urbana,Ninguna,No existe,Intersección,Deteriorada,Buena,Diurna,Buen Tiempo,S/D,S/D,Colisión,Ninguna,Faltante,Ninguna,Sin restricción,"-32.957863261538,-60.719962149991","['Monte Flores', 'Nicaragua']",2,,-32.957863261538,-60.719962149991,55.0,538.0,Municipio Rosario,Municipio,Rosario,820210,Servicio de Catastro e Información Territorial,IGN
2019,5907,2019-06-22,Sabado,,19:40:00,,0.0,2,"Moto/Ciclomotor,Automóvil",Ricchieri Y Centeno,3,2,0,0,1,0,0,"-32.98062, -60.67114",Calle,,ROSARIO,Rosario,S/D,S/D,II,S/D,Urbana,S/D,S/D,S/D,S/D,S/D,Atardecer,S/D,S/D,S/D,Colisión,S/D,S/D,S/D,S/D,"-32.98062, -60.67114","['Ricchieri', 'Centeno']",2,,-32.98062,-60.67114,55.0,538.0,Municipio Rosario,Municipio,Rosario,820210,Servicio de Catastro e Información Territorial,IGN
2019,5908,2019-06-22,Sabado,,20:00:00,,0.0,2,"Peatón,Moto/Ciclomotor",Av. Luis Carballo Y Alberdi,2,2,0,0,0,0,0,"-32.92219, -60.67999",Avenida,,ROSARIO,Rosario,S/D,S/D,II,S/D,Urbana,S/D,S/D,Intersección,S/D,S/D,Nocturna,S/D,S/D,Peatón,Atropello,S/D,S/D,S/D,S/D,"-32.92219, -60.67999","['Avenida Doctor Luis Cándido Carballo', 'Alberdi']",2,,-32.92219,-60.67999,55.0,538.0,Municipio Rosario,Municipio,Rosario,820210,Servicio de Catastro e Información Territorial,IGN
2019,5917,2019-06-23,Domingo,,14:40:00,,0.0,2,"Peatón,Moto/Ciclomotor",Pje. 1368 3880,2,1,0,0,0,0,1,"-32.88323, -60.72244",Calle,,ROSARIO,Rosario,S/D,S/D,II,S/D,Urbana,S/D,S/D,Recta,S/D,S/D,Diurna,S/D,S/D,Peatón,Atropello,S/D,S/D,S/D,S/D,"-32.88323, -60.72244",['Pasaje 1368 3880'],1,,-32.88323,-60.72244,55.0,538.0,Municipio Rosario,Municipio,Rosario,820210,Servicio de Catastro e Información Territorial,IGN
2019,5923,2019-06-23,Domingo,,16:20:00,,0.0,2,"Automóvil,Moto/Ciclomotor",Piedras Y Pte.Roca A,2,1,1,0,0,0,0,"-33.00717, -60.65599",Calle,,ROSARIO,Rosario,S/D,S/D,II,S/D,Urbana,S/D,S/D,Intersección,S/D,S/D,Diurna,S/D,S/D,S/D,Colisión,S/D,S/D,S/D,S/D,"-33.00717, -60.65599","['Piedras', 'Roca']",2,,-33.00717,-60.65599,55.0,538.0,Municipio Rosario,Municipio,Rosario,820210,Servicio de Catastro e Información Territorial,IGN
2019,5935,2019-07-02,Martes,,20:56:00,,0.0,2,"Automóvil,Pickup/Utilitario",Alvear Y Pje. Gral.Savio,3,2,0,0,1,0,0,"-32.99713, -60.66648",Calle,,ROSARIO,Rosario,Asfalto,Pavimento,II,S/D,Urbana,S/D,S/D,Recta,Bueno,S/D,Nocturna,Buen Tiempo,S/D,S/D,S/D,Ninguna,S/D,S/D,S/D,"-32.99713, -60.66648","['Alvear', 'Savio']",2,,-32.99713,-60.66648,55.0,538.0,Municipio Rosario,Municipio,Rosario,820210,Servicio de Catastro e Información Territorial,IGN