anio_acci,nro_acci,fecha,desc_dia,fecha_aprox,hora_aprox,desc_ruta,km,cant_participantes,desc_participante,calle_avenida_km,total,heridos_leves,heridos_graves,heridos_gravisimos,ilesos,fallecidos,sin_datos,posicion_XY,desc_tipo_via,desc_ruta_ori,desc_loc,desc_dpto,desc_tipo_calzada,desc_tipo_banquina,desc_unidad_regional,desc_lugar_calzada,desc_zona,desc_prioridad,desc_estado_semaforo,desc_lugar_via,desc_estado_via,desc_estado_visibilidad,desc_luminosidad,desc_estado_clima,desc_tipo_colision,desc_tipo_atropello,desc_tipo_hecho,desc_pres_calzada,desc_senializacion,desc_separacion_via,desc_restriccion,forma_geocod,calle_lista,numero_calles,calles_osm,lat,lon,index_right,gid,fna,gna,nam,in1,fdc,sag
2019,5937,2019-07-04,Jueves,,12:20:00,,0.0,2,"Automóvil,Moto/Ciclomotor",Dorrego Y Anchorena,3,2,0,0,1,0,0,"-32.99818, -60.66071",Calle,,ROSARIO,Rosario,Asfalto,No existe,II,Dentro,Urbana,S/D,No existe,Intersección,S/D,S/D,S/D,S/D,S/D,S/D,Colisión,S/D,S/D,S/D,S/D,"-32.99818, -60.66071","['Dorrego', 'Anchorena']",2,,-32.99818,-60.66071,55.0,538.0,Municipio Rosario,Municipio,Rosario,820210,Servicio de Catastro e Información Territorial,IGN
2019,5956,2019-07-04,Jueves,,16:40:00,,0.0,2,"Pickup/Utilitario,Moto/Ciclomotor",Av. Francia Y Av. Ntra.Sra.del Rosario,2,0,1,0,1,0,0,"-33.001, -60.67764",Avenida,,ROSARIO,Rosario,Asfalto,S/D,II,Dentro,Urbana,S/D,No existe,Recta,Bueno,S/D,S/D,Buen Tiempo,S/D,S/D,S/D,S/D,S/D,S/D,S/D,"-33.001, -60.67764","['Avenida Francia', 'Nuestra Señora del Rosario']",2,,-33.001,-60.67764,55.0,538.0,Municipio Rosario,Municipio,Rosario,820210,Servicio de Catastro e Información Territorial,IGN
2019,5959,2019-07-14,Domingo,,18:30:00,,0.0,1,Moto/Ciclomotor,Pje. publico ,2,1,0,0,1,0,0,"-32.94461, -60.72434",Calle,,ROSARIO,Rosario,Asfalto,No existe,II,S/D,Urbana,Ninguna,No existe,Recta,Bueno,Buena,"Diurna,Con luz artificial",S/D,S/D,S/D,Caída ocupante,Ninguna,Faltante,Ninguna,Sin restricción,"-32.94461, -60.72434",['Pasaje Publico'],1,,-32.94461,-60.72434,55.0,538.0,Municipio Rosario,Municipio,Rosario,820210,Servicio de Catastro e Información Territorial,IGN
2019,5960,2019-07-04,Jueves,,18:30:00,,0.0,1,Automóvil,Bv. Oroño Y Lamadrid,3,2,0,0,1,0,0,"-32.99784, -60.66491",Avenida,,ROSARIO,Rosario,Asfalto,No existe,II,Dentro,Urbana,Semáforo,Funciona,Intersección,S/D,S/D,Diurna,S/D,S/D,S/D,Despiste,S/D,S/D,Cordón divisorio,Sin restricción,"-32.99784, -60.66491","['Bulevar Nicasio Oroño', 'Lamadrid']",2,,-32.99784,-60.66491,55.0,538.0,Municipio Rosario,Municipio,Rosario,820210,Servicio de Catastro e Información Territorial,IGN
2019,5969,2019-07-02,Martes,,17:35:00,,0.0,2,"Moto/Ciclomotor,Peatón",Bv. Argentino ,2,1,0,0,1,0,0,"-32.92412, -60.72407",S/D,,ROSARIO,Rosario,Asfalto,S/D,II,S/D,Urbana,S/D,No existe,Intersección,Bueno,Buena,Atardecer,S/D,S/D,Peatón,Atropello,S/D,S/D,S/D,S/D,"-32.92412, -60.72407",['Argentino'],1,,-32.92412,-60.72407,55.0,538.0,Municipio Rosario,Municipio,Rosario,820210,Servicio de Catastro e Información Territorial,IGN
2019,5974,2019-07-02,Martes,,08:10:00,,0.0,2,"Automóvil,Moto/Ciclomotor",Av. Uriburu 5800,2,1,0,0,1,0,0,"-32.9922, -60.69912",Avenida,,ROSARIO,Rosario,Asfalto,S/D,II,S/D,Urbana,S/D,No existe,Intersección,Bueno,Buena,S/D,S/D,S/D,S/D,S/D,Ninguna,S/D,S/D,S/D,"-32.9922, -60.69912",['Uriburu 5800'],1,,-32.9922,-60.69912,55.0,538.0,Municipio Rosario,Municipio,Rosario,820210,Servicio de Catastro e Información Territorial,IGN
2019,5984,2019-06-14,Viernes,,21:50:00,,0.0,2,"Bicicleta,Automóvil",Pueyrredon Y Av. Pellegrini,2,1,0,0,1,0,0,"-32.95391, -60.66012",Calle,,ROSARIO,Rosario,S/D,S/D,II,S/D,Urbana,S/D,S/D,Intersección,S/D,S/D,Nocturna,S/D,S/D,Ciclista,Atropello,S/D,S/D,S/D,S/D,"-32.95391, -60.66012","['Pueyrredón', 'Pellegrini']",2,,-32.95391,-60.66012,55.0,538.0,Municipio Rosario,Municipio,Rosario,820210,Servicio de Catastro e Información Territorial,IGN
2019,6024,2019-07-15,Lunes,,18:00:00,,0.0,2,"Moto/Ciclomotor,Automóvil",Camilo Aldao ,2,0,1,0,1,0,0,"-32.95038, -60.69558",Calle,,ROSARIO,Rosario,Asfalto,S/D,II,S/D,Urbana,S/D,S/D,Intersección,Deteriorada,Buena,Atardecer,S/D,S/D,S/D,Colisión,Ninguna,S/D,S/D,S/D,"-32.95038, -60.69558",['Camilo Aldao'],1,,-32.95038,-60.69558,55.0,538.0,Municipio Rosario,Municipio,Rosario,820210,Servicio de Catastro e Información Territorial,IGN
2019,6042,2019-07-11,Jueves,,17:00:00,,0.0,3,"Moto/Ciclomotor,Automóvil,Moto/Ciclomotor",Av. Eva Peron ,4,4,0,0,0,0,0,"-32.93129, -60.72184",Avenida,,ROSARIO,Rosario,Asfalto,S/D,II,Dentro,Urbana,Ninguna,S/D,Intersección,Bueno,Buena,Diurna,Buen Tiempo,Múltiple,S/D,Colisión,Ninguna,S/D,Ninguna,Sin restricción,"-32.93129, -60.72184",['Eva Peron'],1,,-32.93129,-60.72184,55.0,538.0,Municipio Rosario,Municipio,Rosario,820210,Servicio de Catastro e Información Territorial,IGN
2019,6045,2019-07-12,Viernes,,14:35:00,,0.0,2,"Peatón,Moto/Ciclomotor",J.B.Justo Y Tarragona,3,1,0,0,1,0,1,"-32.91553, -60.73515",Calle,,ROSARIO,Rosario,S/D,S/D,II,S/D,Urbana,S/D,S/D,Intersección,S/D,S/D,S/D,S/D,S/D,Peatón,Atropello,S/D,S/D,S/D,S/D,"-32.91553, -60.73515","['Justo', 'Tarragona']",2,,-32.91553,-60.73515,55.0,538.0,Municipio Rosario,Municipio,Rosario,820210,Servicio de Catastro e Información Territorial,IGN
2019,6050,2019-08-11,Domingo,,04:00:00,,0.0,1,Automóvil,Biedma 8000,1,0,1,0,0,0,0,"-32.973850, -60.689184",Calle,,ROSARIO,Rosario,Asfalto,No existe,II,Dentro,Urbana,Ninguna,No existe,Recta,Bueno,Buena,Nocturna,Buen Tiempo,Contra objeto fijo,S/D,Colisión,Ninguna,Faltante,Ninguna,Sin restricción,"-32.973850, -60.689184",['Biedma 8000'],1,,-32.97385,-60.689184,55.0,538.0,Municipio Rosario,Municipio,Rosario,820210,Servicio de Catastro e Información Territorial,IGN
2019,6081,2019-07-08,Lunes,,22:00:00,,0.0,2,"Pickup/Utilitario,Moto/Ciclomotor",Rueda Y Bv. Avellaneda,2,1,0,0,1,0,0,"-32.96369, -60.68545",Calle,,ROSARIO,Rosario,Asfalto,S/D,II,S/D,Urbana,S/D,S/D,Intersección,S/D,S/D,S/D,S/D,S/D,S/D,Colisión,S/D,S/D,S/D,S/D,"-32.96369, -60.68545","['Rueda', 'Avellaneda']",2,,-32.96369,-60.68545,55.0,538.0,Municipio Rosario,Municipio,Rosario,820210,Servicio de Catastro e Información Territorial,IGN
2019,6083,2019-07-16,Martes,,11:30:00,,0.0,2,"Moto/Ciclomotor,Moto/Ciclomotor",Av. Eva Peron Y Alvarez Condarco,2,1,0,0,1,0,0,"-32.92596, -60.75686",Avenida,,ROSARIO,Rosario,Asfalto,S/D,II,Dentro,Urbana,Ninguna,S/D,Intersección,Bueno,Buena,Diurna,Buen Tiempo,S/D,S/D,Colisión,Ninguna,S/D,Ninguna,Sin restricción,"-32.92596, -60.75686","['Avenida Eva Perón', 'Álvarez Condarco']",2,,-32.92596,-60.75686,55.0,538.0,Municipio Rosario,Municipio,Rosario,820210,Servicio de Catastro e Información Territorial,IGN
2019,6085,2019-07-08,Lunes,,06:00:00,,0.0,2,"Automóvil,Moto/Ciclomotor",J.B.Justo Y Ferreyra,2,1,0,0,1,0,0,"-32.91395, -60.68041",Calle,,ROSARIO,Rosario,Asfalto,S/D,II,Dentro,Urbana,S/D,S/D,Intersección,S/D,S/D,S/D,S/D,S/D,S/D,Colisión,S/D,S/D,S/D,S/D,"-32.91395, -60.68041","['Justo', 'Ferreyra']",2,,-32.91395,-60.68041,55.0,538.0,Municipio Rosario,Municipio,Rosario,820210,Servicio de Catastro e Información Territorial,IGN
2019,6087,2019-07-16,Martes,,17:25:00,,0.0,2,"Automóvil,Peatón",Vera Mujica Y Galvez,2,1,0,0,1,0,0,"-32.96362, -60.67256",Calle,,ROSARIO,Rosario,Asfalto,S/D,II,S/D,Urbana,S/D,No existe,Intersección,Bueno,S/D,S/D,S/D,S/D,S/D,S/D,S/D,S/D,S/D,S/D,"-32.96362, -60.67256","['Vera Mujíca', 'Galvez']",2,,-32.96362,-60.67256,55.0,538.0,Municipio Rosario,Municipio,Rosario,820210,Servicio de Catastro e Información Territorial,IGN
2019,6089,2019-07-02,Martes,,10:00:00,,0.0,1,Moto/Ciclomotor,Bv. Avellaneda Y Godoy Cruz,1,0,1,0,0,0,0,"-32.96885, -60.68664",Calle,,ROSARIO,Rosario,Asfalto,S/D,II,S/D,Urbana,S/D,S/D,Intersección,Bueno,S/D,S/D,S/D,Otro,S/D,Caída ocupante,S/D,S/D,S/D,S/D,"-32.96885, -60.68664","['Avellaneda', 'Avenida Presidente Perón']",2,,-32.96885,-60.68664,55.0,538.0,Municipio Rosario,Municipio,Rosario,820210,Servicio de Catastro e Información Territorial,IGN
2019,6091,2019-07-06,Sabado,,10:00:00,,0.0,2,"Automóvil,Moto/Ciclomotor",HERMANA PAULA Y RIVAROLA,3,2,0,0,1,0,0,"-32.96624, -60.72972",S/D,,ROSARIO,Rosario,Asfalto,S/D,II,S/D,Urbana,S/D,S/D,Intersección,Bueno,S/D,S/D,S/D,Lateral,S/D,Colisión,Ninguna,S/D,S/D,S/D,"-32.96624, -60.72972","['Hermana Paula Márquez', 'Rivarola']",2,,-32.96624,-60.72972,55.0,538.0,Municipio Rosario,Municipio,Rosario,820210,Servicio de Catastro e Información Territorial,IGN
2019,6092,2019-07-16,Martes,,21:35:00,,0.0,2,"Bicicleta,Moto/Ciclomotor",San Martin Y Ameghino,3,1,0,0,2,0,0,"-32.98755, -60.64604",Calle,,ROSARIO,Rosario,Asfalto,No existe,II,Dentro,Urbana,S/D,No existe,Intersección,Bueno,Buena,Nocturna,Buen Tiempo,S/D,Ciclista,Atropello,Ninguna,Faltante,Ninguna,Sin restricción,"-32.98755, -60.64604","['San Martin', 'Ameghino']",2,,-32.98755,-60.64604,55.0,538.0,Municipio Rosario,Municipio,Rosario,820210,Servicio de Catastro e Información Territorial,IGN
2019,6094,2019-07-16,Martes,,20:30:00,,0.0,2,"Moto/Ciclomotor,Automóvil",Av. Battle y Ordoñez Y Pje. Doering,2,1,0,0,1,0,0,"-33.0087, -60.6415",Calle,,ROSARIO,Rosario,Asfalto,No existe,II,Dentro,Urbana,Ninguna,No existe,Intersección,Bueno,Buena,Nocturna,Buen Tiempo,Lateral,S/D,Colisión,Ninguna,Faltante,Ninguna,Sin restricción,"-33.0087, -60.6415","['Avenida Battle y Ordoñez', 'Doering']",2,,-33.0087,-60.6415,55.0,538.0,Municipio Rosario,Municipio,Rosario,820210,Servicio de Catastro e Información Territorial,IGN
2019,6096,2019-07-21,Domingo,,14:30:00,,0.0,2,"Moto/Ciclomotor,Bicicleta",Bv. Segui Y Valparaiso,2,0,1,0,1,0,0,"-32.97118, -60.69009",Avenida,,ROSARIO,Rosario,Asfalto,Pavimento,II,S/D,Urbana,S/D,S/D,Recta,Bueno,Buena,Diurna,S/D,Frontal,Ciclista,Atropello,Ninguna,S/D,S/D,S/D,"-32.97118, -60.69009","['Bulevar Juan Francisco Seguí', 'Valparaíso']",2,,-32.97118,-60.69009,55.0,538.0,Municipio Rosario,Municipio,Rosario,820210,Servicio de Catastro e Información Territorial,IGN
2019,6097,2019-07-16,Martes,,08:10:00,,0.0,2,"Automóvil,Moto/Ciclomotor",San Juan 600,3,1,0,0,2,0,0,"-32.95151, -60.63222",Calle,,ROSARIO,Rosario,Asfalto,No existe,II,S/D,Urbana,S/D,No existe,Recta,Bueno,Buena,Diurna,Buen Tiempo,S/D,S/D,Colisión,S/D,Vertical,Ninguna,Sin restricción,"-32.95151, -60.63222",['San Juan 600'],1,,-32.95151,-60.63222,55.0,538.0,Municipio Rosario,Municipio,Rosario,820210,Servicio de Catastro e Información Territorial,IGN
2019,6098,2019-07-02,Martes,,19:00:00,,0.0,2,"Automóvil,Automóvil",J.B.Justo Y Ferreyra,4,3,0,0,1,0,0,"-32.91398, -60.68034",Calle,,ROSARIO,Rosario,Asfalto,No existe,II,S/D,Urbana,Ninguna,No existe,Intersección,Bueno,Buena,Diurna,Buen Tiempo,S/D,S/D,Colisión,Ninguna,Faltante,Ninguna,S/D,"-32.91398, -60.68034","['Justo', 'Ferreyra']",2,,-32.91398,-60.68034,55.0,538.0,Municipio Rosario,Municipio,Rosario,820210,Servicio de Catastro e Información Territorial,IGN
2019,6104,2019-07-10,Miercoles,,,,0.0,1,Automóvil,Gurruchaga Y Jose Hernandez,4,3,0,0,0,0,1,"-32.90373, -60.68281",Calle,,ROSARIO,Rosario,Asfalto,S/D,II,S/D,Urbana,S/D,S/D,Intersección,S/D,S/D,S/D,S/D,Contra objeto fijo,S/D,Colisión,S/D,S/D,S/D,S/D,"-32.90373, -60.68281","['Gurruchaga', 'José Hernández']",2,,-32.90373,-60.68281,55.0,538.0,Municipio Rosario,Municipio,Rosario,820210,Servicio de Catastro e Información Territorial,IGN
2019,6118,2019-07-01,Lunes,,16:10:00,,0.0,2,"Automóvil,Bicicleta",Av de los inmigrantes Y Harding,2,1,0,0,1,0,0,"-32.92862, -60.67642",Avenida,,ROSARIO,Rosario,Asfalto,S/D,II,S/D,Urbana,Semáforo,Funciona,Intersección,S/D,Buena,Diurna,Buen Tiempo,S/D,Ciclista,Atropello,Ninguna,"Horizontal,Vertical","Cordón divisorio,Vegetación",Sin restricción,"-32.92862, -60.67642","['Los Inmigrantes', 'Harding']",2,,-32.92862,-60.67642,55.0,538.0,Municipio Rosario,Municipio,Rosario,820210,Servicio de Catastro e Información Territorial,IGN
2019,6123,2019-07-16,Martes,,13:45:00,,0.0,2,"Moto/Ciclomotor,Pickup/Utilitario",Av. Corrientes Y Mendoza,2,1,0,0,1,0,0,"-32.95077, -60.64362",Calle,,ROSARIO,Rosario,Asfalto,No existe,II,S/D,Urbana,Semáforo,Funciona,Intersección,Bueno,Buena,Diurna,Buen Tiempo,S/D,S/D,Colisión,S/D,Vertical,Ninguna,Sin restricción,"-32.95077, -60.64362","['Corrientes', 'Mendoza']",2,,-32.95077,-60.64362,55.0,538.0,Municipio Rosario,Municipio,Rosario,820210,Servicio de Catastro e Información Territorial,IGN
2019,6126,2019-07-17,Miercoles,,15:20:00,,0.0,2,"Moto/Ciclomotor,Taxi/Remis",9 De Julio Y Constitucion,2,1,0,0,1,0,0,"-32.94749, -60.67557",Calle,,ROSARIO,Rosario,Asfalto,No existe,II,S/D,Urbana,Ninguna,No existe,Intersección,Bueno,Buena,Diurna,Buen Tiempo,S/D,S/D,Colisión,S/D,Vertical,Ninguna,Sin restricción,"-32.94749, -60.67557","['9 de Julio', 'Constitución']",2,,-32.94749,-60.67557,55.0,538.0,Municipio Rosario,Municipio,Rosario,820210,Servicio de Catastro e Información Territorial,IGN
2019,6130,2019-07-10,Miercoles,,15:45:00,,0.0,2,"Moto/Ciclomotor,Automóvil",Av. Provincias Unidas Y Av. Eva Peron,3,2,0,0,1,0,0,"-32.93296, -60.71292",Avenida,,ROSARIO,Rosario,Asfalto,S/D,II,S/D,Urbana,S/D,S/D,Intersección,S/D,S/D,S/D,S/D,S/D,S/D,Colisión,S/D,S/D,S/D,S/D,"-32.93296, -60.71292","['Avenida Provincias Unidas', 'Avenida Eva Perón']",2,,-32.93296,-60.71292,55.0,538.0,Municipio Rosario,Municipio,Rosario,820210,Servicio de Catastro e Información Territorial,IGN
2019,6135,2019-07-10,Miercoles,,11:00:00,,0.0,2,"Automóvil,Moto/Ciclomotor",Zuviria Y Liniers,3,0,1,0,2,0,0,"-32.93658, -60.69868",Calle,,ROSARIO,Rosario,Asfalto,S/D,II,S/D,Urbana,S/D,S/D,Intersección,S/D,S/D,S/D,S/D,S/D,S/D,Colisión,S/D,S/D,S/D,S/D,"-32.93658, -60.69868","['Zuviría', 'Liniers']",2,,-32.93658,-60.69868,55.0,538.0,Municipio Rosario,Municipio,Rosario,820210,Servicio de Catastro e Información Territorial,IGN
2019,6136,2019-07-11,Jueves,,,,0.0,2,"Moto/Ciclomotor,Moto/Ciclomotor",Necochea Y Pje. Villar,2,2,0,0,0,0,0,"-32.9807, -60.63215",Calle,,ROSARIO,Rosario,Asfalto,S/D,II,S/D,Urbana,S/D,S/D,Intersección,S/D,S/D,S/D,S/D,S/D,S/D,Colisión,S/D,S/D,S/D,S/D,"-32.9807, -60.63215","['Necochea', 'Villar']",2,,-32.9807,-60.63215,55.0,538.0,Municipio Rosario,Municipio,Rosario,820210,Servicio de Catastro e Información Territorial,IGN
2019,6142,2019-07-16,Martes,,11:50:00,,0.0,2,"Automóvil,Moto/Ciclomotor",Santiago Y Hilarion de la Quintana,2,1,0,0,1,0,0,"-33.00162, -60.66773",Calle,,ROSARIO,Rosario,Asfalto,No existe,II,Dentro,Urbana,S/D,S/D,Intersección,S/D,S/D,Diurna,S/D,S/D,S/D,Colisión,S/D,S/D,S/D,S/D,"-33.00162, -60.66773","['Santiago', 'Hilarión de la Quintana']",2,,-33.00162,-60.66773,55.0,538.0,Municipio Rosario,Municipio,Rosario,820210,Servicio de Catastro e Información Territorial,IGN
2019,6152,2019-07-11,Jueves,,06:15:00,,0.0,3,"Peatón,Moto/Ciclomotor,Peatón",Calle 1701 Y Fernandez Diaz,3,2,0,0,0,1,0,"-32.96845,-60.72836",Calle,,ROSARIO,Rosario,Asfalto,No existe,II,Dentro,Urbana,Ninguna,No existe,Intersección,Bueno,S/D,S/D,S/D,S/D,Peatón,Atropello,S/D,Faltante,"Ninguna,S/D",Sin restricción,"-32.96845,-60.72836","['Arturo Jauretche', 'Fernández Díaz']",2,,-32.96845,-60.72836,55.0,538.0,Municipio Rosario,Municipio,Rosario,820210,Servicio de Catastro e Información Territorial,IGN
2019,6154,2019-07-13,Sabado,,15:00:00,,0.0,2,"Moto/Ciclomotor,Moto/Ciclomotor",Av. Provincias Unidas Y Riobamba,2,1,1,0,0,0,0,"-32.95453, -60.71196",Calle,,ROSARIO,Rosario,Asfalto,S/D,II,S/D,Urbana,S/D,S/D,Intersección,S/D,S/D,S/D,S/D,S/D,S/D,Colisión,S/D,S/D,S/D,S/D,"-32.95453, -60.71196","['Avenida Provincias Unidas', 'Riobamba']",2,,-32.95453,-60.71196,55.0,538.0,Municipio Rosario,Municipio,Rosario,820210,Servicio de Catastro e Información Territorial,IGN
2019,6174,2019-07-14,Domingo,,05:30:00,,0.0,2,"Automóvil,Automóvil",Riobamba Y L.N.Alem,2,2,0,0,0,0,0,"-32.96481, -60.63248",Calle,,ROSARIO,Rosario,Asfalto,S/D,II,S/D,Urbana,S/D,S/D,Intersección,S/D,S/D,S/D,S/D,S/D,S/D,Colisión,S/D,S/D,S/D,S/D,"-32.96481, -60.63248","['Riobamba', 'Alem']",2,,-32.96481,-60.63248,55.0,538.0,Municipio Rosario,Municipio,Rosario,820210,Servicio de Catastro e Información Territorial,IGN
2019,6185,2019-07-15,Lunes,,03:00:00,,0.0,2,"Automóvil,Automóvil",Bv. Segui Y Roullon,2,1,0,0,1,0,0,"-32.9708, -60.7011",Calle,,ROSARIO,Rosario,Asfalto,S/D,II,S/D,Urbana,S/D,S/D,Intersección,S/D,S/D,S/D,S/D,S/D,S/D,Colisión,S/D,S/D,S/D,S/D,"-32.9708, -60.7011","['Bulevar Juan Francisco Seguí', 'Alfredo Rouillón']",2,,-32.9708,-60.7011,55.0,538.0,Municipio Rosario,Municipio,Rosario,820210,Servicio de Catastro e Información Territorial,IGN
2019,6187,2019-07-15,Lunes,,,,0.0,2,"Moto/Ciclomotor,Moto/Ciclomotor",F.More Y Montevideo,4,3,0,0,1,0,0,"-32.94695, -60.69345",Calle,,ROSARIO,Rosario,Asfalto,S/D,II,S/D,Urbana,S/D,S/D,Intersección,S/D,S/D,S/D,S/D,S/D,S/D,Colisión,S/D,S/D,S/D,S/D,"-32.94695, -60.69345","['Felipe Moré', 'Montevideo']",2,,-32.94695,-60.69345,55.0,538.0,Municipio Rosario,Municipio,Rosario,820210,Servicio de Catastro e Información Territorial,IGN
2019,6189,2019-07-15,Lunes,,11:00:00,,0.0,2,"Automóvil,Camión",Av. Uriburu Y Av. De Las Palmeras,2,1,0,0,1,0,0,"-32.993, -60.73233",Avenida,,ROSARIO,Rosario,Asfalto,S/D,II,S/D,Urbana,S/D,S/D,Intersección,S/D,S/D,S/D,S/D,S/D,S/D,Colisión,S/D,S/D,S/D,S/D,"-32.993, -60.73233","['Uriburu', 'Las Palmas']",2,,-32.993,-60.73233,55.0,538.0,Municipio Rosario,Municipio,Rosario,820210,Servicio de Catastro e Información Territorial,IGN
2019,6252,2019-07-17,Miercoles,,22:20:00,,0.0,2,"Peatón,Automóvil",Cullen Y Pampa,2,1,0,0,1,0,0,"-32.94666, -60.70882",Calle,,ROSARIO,Rosario,Asfalto,Pavimento,II,Dentro,Urbana,S/D,No existe,Intersección,Bueno,Buena,Nocturna,Buen Tiempo,S/D,Peatón,Atropello,Ninguna,S/D,Ninguna,Sin restricción,"-32.94666, -60.70882","['Cullen', 'Pampa']",2,,-32.94666,-60.70882,55.0,538.0,Municipio Rosario,Municipio,Rosario,820210,Servicio de Catastro e Información Territorial,IGN
2019,6260,2019-07-17,Miercoles,,20:10:00,,0.0,2,"Automóvil,Peatón",F.More ,3,2,0,0,1,0,0,"-32.97841, -60.69196",Calle,,ROSARIO,Rosario,Asfalto,S/D,II,S/D,Urbana,S/D,No existe,Intersección,Bueno,Buena,"Nocturna,Con luz artificial",S/D,S/D,Peatón,Atropello,Ninguna,S/D,S/D,S/D,"-32.97841, -60.69196",['F More'],1,,-32.97841,-60.69196,55.0,538.0,Municipio Rosario,Municipio,Rosario,820210,Servicio de Catastro e Información Territorial,IGN
2019,6264,2019-07-17,Miercoles,,17:00:00,,0.0,1,Transporte de Pasajeros (H/ 8 asientos),Bv. Avellaneda Y Ituzaingo,4,3,0,0,1,0,0,"-32.95337, -60.6828",Calle,,ROSARIO,Rosario,Asfalto,S/D,II,S/D,Urbana,S/D,No existe,Intersección,Bueno,Buena,Diurna,S/D,S/D,S/D,Despiste,S/D,S/D,S/D,S/D,"-32.95337, -60.6828","['Avellaneda', 'Ituzaingó']",2,,-32.95337,-60.6828,55.0,538.0,Municipio Rosario,Municipio,Rosario,820210,Servicio de Catastro e Información Territorial,IGN
2019,6271,2019-07-17,Miercoles,,08:00:00,,0.0,2,"Bicicleta,Automóvil",Mitre Y Ameghino,2,1,0,0,1,0,0,"-32.98689, -60.6498",Calle,,ROSARIO,Rosario,Asfalto,No existe,II,Dentro,Urbana,Ninguna,No existe,Intersección,Bueno,Buena,Diurna,Buen Tiempo,S/D,Ciclista,Atropello,Ninguna,Faltante,Ninguna,Sin restricción,"-32.98689, -60.6498","['Mitre', 'Ameghino']",2,,-32.98689,-60.6498,55.0,538.0,Municipio Rosario,Municipio,Rosario,820210,Servicio de Catastro e Información Territorial,IGN
2019,6275,2019-07-17,Miercoles,,14:30:00,,0.0,2,"Automóvil,Moto/Ciclomotor",Viamonte Y España,3,0,1,0,2,0,0,"-32.96378, -60.65135",Calle,,ROSARIO,Rosario,Asfalto,No existe,II,S/D,Urbana,Ninguna,No existe,Intersección,Bueno,Buena,Diurna,Buen Tiempo,S/D,S/D,Colisión,S/D,S/D,Ninguna,Sin restricción,"-32.96378, -60.65135","['Viamonte', 'España']",2,,-32.96378,-60.65135,55.0,538.0,Municipio Rosario,Municipio,Rosario,820210,Servicio de Catastro e Información Territorial,IGN
2019,6279,2019-07-17,Miercoles,,16:25:00,,0.0,2,"Moto/Ciclomotor,Transporte de Pasajeros Urbano (> 8 asientos)",Montevideo Y Mitre,2,1,0,0,0,0,1,"-32.95591, -60.64197",Calle,,ROSARIO,Rosario,Asfalto,No existe,II,S/D,Urbana,Ninguna,No existe,Intersección,Bueno,Buena,Diurna,Buen Tiempo,S/D,S/D,Colisión,Ninguna,Vertical,Ninguna,Sin restricción,"-32.95591, -60.64197","['Montevideo', 'Mitre']",2,,-32.95591,-60.64197,55.0,538.0,Municipio Rosario,Municipio,Rosario,820210,Servicio de Catastro e Información Territorial,IGN
2019,6285,2019-07-17,Miercoles,,,,0.0,2,"Automóvil,Taxi/Remis",Av. Wheelwright Y España Bis,2,1,0,0,1,0,0,"-32.93514, -60.64402",Avenida,,ROSARIO,Rosario,Asfalto,No existe,II,S/D,Urbana,Ninguna,No existe,Intersección,Bueno,Buena,Diurna,Buen Tiempo,S/D,S/D,Colisión,Ninguna,Vertical,Ninguna,Sin restricción,"-32.93514, -60.64402","['Avenida Guillermo Wheelwright', 'España']",2,,-32.93514,-60.64402,55.0,538.0,Municipio Rosario,Municipio,Rosario,820210,Servicio de Catastro e Información Territorial,IGN
2019,6320,2019-07-17,Miercoles,,20:00:00,,0.0,2,"Automóvil,Bicicleta",Av. Ovidio Lagos 5900,2,1,0,0,1,0,0,"-33.00583, -60.67664",Avenida,,ROSARIO,Rosario,Asfalto,No existe,II,Dentro,Urbana,S/D,Funciona,Intersección,S/D,S/D,"Nocturna,Con luz artificial",S/D,S/D,Ciclista,Atropello,S/D,"Horizontal,Vertical",Cordón divisorio,Sin restricción,"-33.00583, -60.67664",['Ovidio Lagos 5900'],1,,-33.00583,-60.67664,55.0,538.0,Municipio Rosario,Municipio,Rosario,820210,Servicio de Catastro e Información Territorial,IGN
2019,6378,2019-02-09,Sabado,,05:25:00,,0.0,2,"Pickup/Utilitario,Moto/Ciclomotor",Castellanos Y Riobamba,5,1,1,0,0,1,2,"-32.95645,-60.67921",Calle,,ROSARIO,Rosario,Asfalto,No existe,II,Dentro,Urbana,Ninguna,No existe,Recta,Bueno,Buena,Nocturna,Buen Tiempo,Lateral,S/D,Colisión,Ninguna,Horizontal,Ninguna,Sin restricción,"-32.95645,-60.67921","['Aaron Castellanos', 'Riobamba']",2,,-32.95645,-60.67921,55.0,538.0,Municipio Rosario,Municipio,Rosario,820210,Servicio de Catastro e Información Territorial,IGN
2019,6412,2019-07-25,Jueves,,18:00:00,,0.0,2,"Automóvil,Moto/Ciclomotor",Blas Parera Y Pje. E.Wagner,3,2,0,0,1,0,0,"    -32.90022, -60.69225",Calle,,ROSARIO,Rosario,Asfalto,No existe,II,Dentro,Urbana,Otra Señal,No existe,Intersección,S/D,S/D,Atardecer,S/D,S/D,S/D,Colisión,S/D,S/D,S/D,S/D,"    -32.90022, -60.69225","['Blas Parera', 'Wagner']",2,,-32.90022,-60.69225,55.0,538.0,Municipio Rosario,Municipio,Rosario,820210,Servicio de Catastro e Información Territorial,IGN
2019,6435,2019-07-18,Jueves,,16:20:00,,0.0,2,"Moto/Ciclomotor,Automóvil",Av. Jorge Newbery Y Alvarez Condarco,3,2,0,0,1,0,0,"-32.909037327528,-60.755877654914",Avenida,,ROSARIO,Rosario,Asfalto,S/D,II,S/D,Urbana,S/D,S/D,Intersección,S/D,S/D,S/D,S/D,S/D,S/D,Colisión,S/D,S/D,S/D,S/D,"-32.909037327528,-60.755877654914","['Jorge Newbery', 'Álvarez Condarco']",2,,-32.909037327528,-60.755877654914,55.0,538.0,Municipio Rosario,Municipio,Rosario,820210,Servicio de Catastro e Información Territorial,IGN