anio_acci,nro_acci,fecha,desc_dia,fecha_aprox,hora_aprox,desc_ruta,km,cant_participantes,desc_participante,calle_avenida_km,total,heridos_leves,heridos_graves,heridos_gravisimos,ilesos,fallecidos,sin_datos,posicion_XY,desc_tipo_via,desc_ruta_ori,desc_loc,desc_dpto,desc_tipo_calzada,desc_tipo_banquina,desc_unidad_regional,desc_lugar_calzada,desc_zona,desc_prioridad,desc_estado_semaforo,desc_lugar_via,desc_estado_via,desc_estado_visibilidad,desc_luminosidad,desc_estado_clima,desc_tipo_colision,desc_tipo_atropello,desc_tipo_hecho,desc_pres_calzada,desc_senializacion,desc_separacion_via,desc_restriccion,forma_geocod,calle_lista,numero_calles,calles_osm,lat,lon,index_right,gid,fna,gna,nam,in1,fdc,sag
2019,6441,2019-07-18,Jueves,,09:00:00,,0.0,2,"Bicicleta,Pickup/Utilitario",3 De Febrero Y Lavalle,2,1,0,0,1,0,0,"-32.945681063128,-60.679359960654",Calle,,ROSARIO,Rosario,Asfalto,No existe,II,S/D,Urbana,Ninguna,No existe,Intersección,Bueno,Buena,Diurna,Buen Tiempo,S/D,Ciclista,Atropello,S/D,Vertical,Ninguna,Sin restricción,"-32.945681063128,-60.679359960654","['3 de Febrero', 'Lavalle']",2,,-32.945681063128,-60.679359960654,55.0,538.0,Municipio Rosario,Municipio,Rosario,820210,Servicio de Catastro e Información Territorial,IGN
2019,6473,2019-07-18,Jueves,,06:50:00,,0.0,2,"Automóvil,Automóvil",San Nicolas Y Catamarca,2,2,0,0,0,0,0,"-32.93447, -60.67088",Calle,,ROSARIO,Rosario,Asfalto,No existe,II,S/D,Urbana,Ninguna,S/D,Intersección,Bueno,Buena,Amanecer,Buen Tiempo,S/D,S/D,Colisión,Ninguna,Vertical,Ninguna,Sin restricción,"-32.93447, -60.67088","['San Nicolás', 'Catamarca']",2,,-32.93447,-60.67088,55.0,538.0,Municipio Rosario,Municipio,Rosario,820210,Servicio de Catastro e Información Territorial,IGN
2019,6487,2019-07-27,Sabado,,,,0.0,2,"Moto/Ciclomotor,Moto/Ciclomotor",Pje El Trebol Y Av. De Las Palmeras,2,2,0,0,0,0,0,"    -32.95821, -60.65997",Avenida,,ROSARIO,Rosario,Asfalto,No existe,II,Dentro,Urbana,S/D,No existe,Intersección,S/D,S/D,S/D,S/D,S/D,S/D,Colisión,S/D,S/D,S/D,S/D,"    -32.95821, -60.65997","['El Trebol', 'Las Palmas']",2,,-32.95821,-60.65997,55.0,538.0,Municipio Rosario,Municipio,Rosario,820210,Servicio de Catastro e Información Territorial,IGN
2019,6491,2019-07-27,Sabado,,21:40:00,,0.0,2,"Moto/Ciclomotor,Automóvil",Av. Uriburu Y Francia F,2,1,0,0,1,0,0,"    -32.99169, -60.67814",Avenida,,ROSARIO,Rosario,Asfalto,No existe,II,Dentro,Urbana,S/D,S/D,Intersección,S/D,S/D,Nocturna,S/D,S/D,S/D,Colisión,S/D,S/D,S/D,S/D,"    -32.99169, -60.67814","['Uriburu', 'Avenida Francia']",2,,-32.99169,-60.67814,55.0,538.0,Municipio Rosario,Municipio,Rosario,820210,Servicio de Catastro e Información Territorial,IGN
2019,6498,2019-07-18,Jueves,,13:55:00,,0.0,2,"Automóvil,Moto/Ciclomotor",Bv. Avellaneda Y Av. Uriburu,2,1,0,0,1,0,0,"-32.99198, -60.68872",Avenida,,ROSARIO,Rosario,Asfalto,No existe,II,Dentro,Urbana,S/D,Funciona,Intersección,S/D,S/D,Diurna,S/D,S/D,S/D,Colisión,S/D,"Horizontal,Vertical",Cordón divisorio,Sin restricción,"-32.99198, -60.68872","['Avellaneda', 'Uriburu']",2,,-32.99198,-60.68872,55.0,538.0,Municipio Rosario,Municipio,Rosario,820210,Servicio de Catastro e Información Territorial,IGN
2019,6502,2019-07-18,Jueves,,17:05:00,,0.0,2,"Moto/Ciclomotor,Automóvil",Ituzaingo Y Valparaiso,2,1,0,0,0,0,1,"-32.95288, -60.68547",Calle,,ROSARIO,Rosario,Asfalto,No existe,II,S/D,Urbana,Ninguna,No existe,Intersección,Bueno,Buena,"Atardecer,Con luz artificial",Buen Tiempo,Contra objeto fijo,S/D,Colisión,Otro,S/D,Ninguna,S/D,"-32.95288, -60.68547","['Ituzaingó', 'Valparaíso']",2,,-32.95288,-60.68547,55.0,538.0,Municipio Rosario,Municipio,Rosario,820210,Servicio de Catastro e Información Territorial,IGN
2019,6527,2019-09-30,Lunes,,15:30:00,,0.0,2,"Automóvil,Taxi/Remis",Av. Corrientes Y Virasoro,2,1,0,0,1,0,0,"-32.969140910952,-60.648264671851",Avenida,,ROSARIO,Rosario,Asfalto,No existe,II,Dentro,Urbana,Ninguna,No existe,Intersección,Bueno,Buena,Diurna,Buen Tiempo,Lateral,S/D,Colisión,Ninguna,Faltante,Ninguna,Sin restricción,"-32.969140910952,-60.648264671851","['Corrientes', 'Virasoro']",2,,-32.969140910952,-60.648264671851,55.0,538.0,Municipio Rosario,Municipio,Rosario,820210,Servicio de Catastro e Información Territorial,IGN
2019,6528,2019-09-13,Viernes,,13:30:00,,0.0,2,"Automóvil,Moto/Ciclomotor",Balcarce Y Uruguay,2,1,0,0,1,0,0,"-32.974311970665,-60.659585061082",Calle,,ROSARIO,Rosario,Asfalto,No existe,II,Dentro,Urbana,Ninguna,No existe,Intersección,Bueno,Buena,Diurna,Buen Tiempo,Lateral,S/D,Colisión,Ninguna,Faltante,Ninguna,Sin restricción,"-32.974311970665,-60.659585061082","['Balcarce', 'Uruguay']",2,,-32.974311970665,-60.659585061082,55.0,538.0,Municipio Rosario,Municipio,Rosario,820210,Servicio de Catastro e Información Territorial,IGN
2019,6529,2019-09-13,Viernes,,18:50:00,,0.0,2,"Moto/Ciclomotor,Automóvil",Av. Arijon Y Pje. Thorne,2,1,0,0,1,0,0,"-33.003851177186,-60.676828456162",Avenida,,ROSARIO,Rosario,Asfalto,No existe,II,Dentro,Urbana,Ninguna,No existe,Intersección,Bueno,Buena,Diurna,Buen Tiempo,S/D,S/D,Colisión,Ninguna,Faltante,Ninguna,Sin restricción,"-33.003851177186,-60.676828456162","['Avenida Manuel Arijón', 'Thome']",2,,-33.003851177186,-60.676828456162,55.0,538.0,Municipio Rosario,Municipio,Rosario,820210,Servicio de Catastro e Información Territorial,IGN
2019,6530,2019-09-12,Jueves,,19:40:00,,0.0,2,"Automóvil,Peatón",Av. Arijon Y Rodriguez,2,1,0,0,1,0,0,"-33.003697462562,-60.670207624694",Avenida,,ROSARIO,Rosario,Asfalto,No existe,II,Dentro,Urbana,Ninguna,No existe,Recta,Bueno,Buena,Atardecer,Buen Tiempo,S/D,Peatón,Atropello,Ninguna,Horizontal,Línea divisoria pintada,Sin restricción,"-33.003697462562,-60.670207624694","['Avenida Manuel Arijón', 'Rodríguez']",2,,-33.003697462562,-60.670207624694,55.0,538.0,Municipio Rosario,Municipio,Rosario,820210,Servicio de Catastro e Información Territorial,IGN
2019,6531,2019-09-12,Jueves,,09:10:00,,0.0,2,"Automóvil,Moto/Ciclomotor",Bv. Avellaneda 5100,2,1,0,0,1,0,0,"-32.998235988868,-60.688949150346",Avenida,,ROSARIO,Rosario,Asfalto,No existe,II,Dentro,Urbana,Ninguna,No existe,Recta,Bueno,Buena,Diurna,Buen Tiempo,De alcance,S/D,Colisión,Ninguna,Faltante,Cordón divisorio,Sin restricción,"-32.998235988868,-60.688949150346",['Avellaneda 5100'],1,,-32.998235988868,-60.688949150346,55.0,538.0,Municipio Rosario,Municipio,Rosario,820210,Servicio de Catastro e Información Territorial,IGN
2019,6532,2019-09-12,Jueves,,02:35:00,,0.0,2,"Moto/Ciclomotor,Automóvil",Amenabar Y Av. Ovidio Lagos,3,1,0,0,2,0,0,"-32.968075899071,-60.667618554959",Avenida,,ROSARIO,Rosario,Asfalto,No existe,II,Dentro,Urbana,Paso Peatonal,No existe,Intersección,Bueno,Buena,"Nocturna,Con luz artificial",Buen Tiempo,S/D,S/D,Colisión,Ninguna,Horizontal,Línea divisoria pintada,Sin restricción,"-32.968075899071,-60.667618554959","['Amenabar', 'Avenida Ovidio Lagos']",2,,-32.968075899071,-60.667618554959,55.0,538.0,Municipio Rosario,Municipio,Rosario,820210,Servicio de Catastro e Información Territorial,IGN
2019,6541,2019-03-30,Sabado,,06:00:00,,0.0,1,Moto/Ciclomotor,Bv. Oroño Y Lamadrid,1,1,0,0,0,0,0,"    -32.99762, -60.66504",Avenida,,ROSARIO,Rosario,Asfalto,S/D,II,Dentro,Urbana,S/D,S/D,Intersección,S/D,S/D,Amanecer,S/D,S/D,S/D,Colisión,S/D,S/D,S/D,S/D,"    -32.99762, -60.66504","['Bulevar Nicasio Oroño', 'Lamadrid']",2,,-32.99762,-60.66504,55.0,538.0,Municipio Rosario,Municipio,Rosario,820210,Servicio de Catastro e Información Territorial,IGN
2019,6550,2019-07-28,Domingo,,,,0.0,2,"Bicicleta,Pickup/Utilitario",Av. Provincias Unidas Y Bv. 27 De Febrero,2,1,0,0,1,0,0,"    -32.95936, -60.7118",Avenida,,ROSARIO,Rosario,Asfalto,No existe,II,Dentro,Urbana,Ninguna,S/D,Intersección,S/D,S/D,S/D,Buen Tiempo,S/D,Ciclista,Atropello,S/D,S/D,Ninguna,Sin restricción,"    -32.95936, -60.7118","['Avenida Provincias Unidas', '27 de Febrero']",2,,-32.95936,-60.7118,55.0,538.0,Municipio Rosario,Municipio,Rosario,820210,Servicio de Catastro e Información Territorial,IGN
2019,6551,2019-02-01,Viernes,,15:00:00,,0.0,1,Moto/Ciclomotor,Bv. Oroño Y Coulin,1,0,0,0,0,1,0,"-32.98898,-60.66462",Calle,,ROSARIO,Rosario,Asfalto,No existe,II,Dentro,Urbana,Semáforo,Funciona,Intersección,Bueno,S/D,Diurna,S/D,S/D,S/D,Caída ocupante,Ninguna,"Horizontal,Vertical",Cordón divisorio,Sin restricción,"-32.98898,-60.66462","['Bulevar Nicasio Oroño', 'Coulin']",2,,-32.98898,-60.66462,55.0,538.0,Municipio Rosario,Municipio,Rosario,820210,Servicio de Catastro e Información Territorial,IGN
2019,6555,2019-07-28,Domingo,,21:00:00,,0.0,2,"Bicicleta,Automóvil",Mariano Moreno Y Centenario,2,1,0,0,1,0,0,"    -33.00402, -60.64163",Calle,,ROSARIO,Rosario,Asfalto,No existe,II,Dentro,Urbana,Ninguna,S/D,Intersección,S/D,S/D,Nocturna,S/D,S/D,Ciclista,Atropello,S/D,S/D,S/D,S/D,"    -33.00402, -60.64163","['Mariano Moreno', 'Centenario']",2,,-33.00402,-60.64163,55.0,538.0,Municipio Rosario,Municipio,Rosario,820210,Servicio de Catastro e Información Territorial,IGN
2019,6561,2019-09-17,Martes,,08:20:00,,0.0,2,"Vehículo Oficial,Moto/Ciclomotor",Aletta De Sylvas Y Av. Uriburu,4,1,0,0,3,0,0,"-32.991539795395,-60.671729052465",Calle,,ROSARIO,Rosario,Asfalto,No existe,II,Dentro,Urbana,Ninguna,No existe,Intersección,Bueno,Buena,Diurna,Buen Tiempo,S/D,S/D,Colisión,Ninguna,Faltante,Ninguna,Sin restricción,"-32.991539795395,-60.671729052465","['Aletta De Sylvas', 'Uriburu']",2,,-32.991539795395,-60.671729052465,55.0,538.0,Municipio Rosario,Municipio,Rosario,820210,Servicio de Catastro e Información Territorial,IGN
2019,6567,2019-09-21,Sabado,,19:45:00,,0.0,2,"Bicicleta,Automóvil",Av. Francia Y Pje. Arias,5,1,0,0,4,0,0,"-32.979258347518,-60.674927307394",Calle,,ROSARIO,Rosario,Asfalto,No existe,II,Dentro,Urbana,Ninguna,No existe,Intersección,Bueno,Buena,Atardecer,Buen Tiempo,S/D,Ciclista,Atropello,Agua,Faltante,Cordón divisorio,Sin restricción,"-32.979258347518,-60.674927307394","['Avenida Francia', 'Arias']",2,,-32.979258347518,-60.674927307394,55.0,538.0,Municipio Rosario,Municipio,Rosario,820210,Servicio de Catastro e Información Territorial,IGN
2019,6569,2019-09-22,Domingo,,18:15:00,,0.0,2,"Automóvil,Moto/Ciclomotor",24 De Setiembre 2700,4,1,0,0,3,0,0,"-32.976289846089,-60.668605038058",Calle,,ROSARIO,Rosario,Asfalto,No existe,II,Dentro,Urbana,Ninguna,No existe,Recta,Bueno,Buena,Diurna,Buen Tiempo,S/D,S/D,Colisión,Ninguna,Faltante,Ninguna,Sin restricción,"-32.976289846089,-60.668605038058",['24 De Setiembre 2700'],1,,-32.976289846089,-60.668605038058,55.0,538.0,Municipio Rosario,Municipio,Rosario,820210,Servicio de Catastro e Información Territorial,IGN
2019,6570,2019-09-23,Lunes,,10:10:00,,0.0,2,"Moto/Ciclomotor,Moto/Ciclomotor",Av. Francia Y Dr.Rivas,4,3,0,0,1,0,0,"-32.978757619857795,-60.67493543028",Avenida,,ROSARIO,Rosario,Asfalto,No existe,II,Dentro,Urbana,Señal Pare,No existe,Intersección,Bueno,Buena,Diurna,Buen Tiempo,S/D,S/D,Colisión,Ninguna,"Horizontal,Vertical","Cordón divisorio,Vegetación,Línea divisoria pintada",Sin restricción,"-32.978757619857795,-60.67493543028","['Avenida Francia', 'Doctor Francisco Riva']",2,,-32.978757619857795,-60.67493543028,55.0,538.0,Municipio Rosario,Municipio,Rosario,820210,Servicio de Catastro e Información Territorial,IGN
2019,6572,2019-09-26,Jueves,,14:05:00,,0.0,2,"Automóvil,Automóvil",Crespo Y Dr.Rivas,4,3,0,0,1,0,0,"-32.97826771933,-60.677637606516",Calle,,ROSARIO,Rosario,Asfalto,No existe,II,Dentro,Urbana,Ninguna,No existe,Intersección,Bueno,Buena,Diurna,Buen Tiempo,S/D,S/D,Colisión,Ninguna,Faltante,Ninguna,Sin restricción,"-32.97826771933,-60.677637606516","['Crespo', 'Doctor Francisco Riva']",2,,-32.97826771933,-60.677637606516,55.0,538.0,Municipio Rosario,Municipio,Rosario,820210,Servicio de Catastro e Información Territorial,IGN
2019,6574,2019-09-26,Jueves,,13:25:00,,0.0,2,"Moto/Ciclomotor,Pickup/Utilitario",Cafferata Y Saavedra,2,1,0,0,1,0,0,"-32.972040790494,-60.678918065935",Calle,,ROSARIO,Rosario,Asfalto,No existe,II,Dentro,Urbana,Ninguna,No existe,Intersección,Bueno,Buena,Diurna,Buen Tiempo,S/D,S/D,Colisión,Ninguna,Faltante,Ninguna,Sin restricción,"-32.972040790494,-60.678918065935","['Cafferata', 'Saavedra']",2,,-32.972040790494,-60.678918065935,55.0,538.0,Municipio Rosario,Municipio,Rosario,820210,Servicio de Catastro e Información Territorial,IGN
2019,6576,2019-09-27,Viernes,,18:10:00,,0.0,2,"Automóvil,Moto/Ciclomotor",Av. Ovidio Lagos 4600,2,1,0,0,1,0,0,"-32.991615316869,-60.673543464541",Avenida,,ROSARIO,Rosario,Asfalto,No existe,II,Dentro,Urbana,Semáforo,Funciona,Recta,Bueno,Buena,Diurna,Buen Tiempo,S/D,S/D,Colisión,Ninguna,"Horizontal,Vertical","Cordón divisorio,Línea divisoria pintada",Sin restricción,"-32.991615316869,-60.673543464541",['Ovidio Lagos 4600'],1,,-32.991615316869,-60.673543464541,55.0,538.0,Municipio Rosario,Municipio,Rosario,820210,Servicio de Catastro e Información Territorial,IGN
2019,6577,2019-09-07,Sabado,,12:45:00,,0.0,2,"Moto/Ciclomotor,Pickup/Utilitario",Av. Arijon Y Italia,4,3,0,0,1,0,0,"-33.003272531007,-60.659112554622",Avenida,,ROSARIO,Rosario,Asfalto,No existe,II,Dentro,Urbana,Ninguna,No existe,Intersección,Bueno,Buena,Diurna,Buen Tiempo,S/D,S/D,Colisión,Ninguna,Horizontal,Línea divisoria pintada,Sin restricción,"-33.003272531007,-60.659112554622","['Avenida Manuel Arijón', 'Italia']",2,,-33.003272531007,-60.659112554622,55.0,538.0,Municipio Rosario,Municipio,Rosario,820210,Servicio de Catastro e Información Territorial,IGN
2019,6578,2019-09-10,Martes,,10:15:00,,0.0,2,"Moto/Ciclomotor,Camión Chasis",Av. Ovidio Lagos Y Milan,5,2,0,0,3,0,0,"-32.986458355117,-60.672096467687",Avenida,,ROSARIO,Rosario,Asfalto,No existe,II,Dentro,Urbana,Paso Peatonal,No existe,Intersección,Bueno,Buena,Diurna,Buen Tiempo,S/D,S/D,Colisión,Ninguna,Horizontal,Línea divisoria pintada,Sin restricción,"-32.986458355117,-60.672096467687","['Avenida Ovidio Lagos', 'Milán']",2,,-32.986458355117,-60.672096467687,55.0,538.0,Municipio Rosario,Municipio,Rosario,820210,Servicio de Catastro e Información Territorial,IGN
2019,6580,2019-09-01,Domingo,,20:25:00,,0.0,2,"Automóvil,Automóvil",Av. Arijon Y Bv. Oroño,6,2,0,0,4,0,0,"-33.003533657294,-60.66479024171",Avenida,,ROSARIO,Rosario,Asfalto,No existe,II,Dentro,Urbana,Semáforo,Funciona,Intersección,Bueno,Buena,Diurna,Buen Tiempo,S/D,S/D,Colisión,Ninguna,"Horizontal,Vertical","Cordón divisorio,Vegetación,Línea divisoria pintada",Sin restricción,"-33.003533657294,-60.66479024171","['Avenida Manuel Arijón', 'Bulevar Nicasio Oroño']",2,,-33.003533657294,-60.66479024171,55.0,538.0,Municipio Rosario,Municipio,Rosario,820210,Servicio de Catastro e Información Territorial,IGN
2019,6626,2019-07-28,Domingo,,11:20:00,,0.0,2,"Automóvil,Automóvil",Av. Corrientes Y Bv. Segui,6,6,0,0,0,0,0,"    -32.97841, -60.65061",Avenida,,ROSARIO,Rosario,Asfalto,S/D,II,Dentro,Urbana,S/D,S/D,Intersección,S/D,S/D,Diurna,S/D,S/D,S/D,Colisión,S/D,S/D,S/D,S/D,"    -32.97841, -60.65061","['Corrientes', 'Bulevar Juan Francisco Seguí']",2,,-32.97841,-60.65061,55.0,538.0,Municipio Rosario,Municipio,Rosario,820210,Servicio de Catastro e Información Territorial,IGN
2019,6632,2019-07-29,Lunes,,13:30:00,,0.0,2,"Automóvil,Automóvil",Alberdi Y Almafuerte,2,1,0,0,1,0,0,"    -32.91732, -60.68409",Calle,,ROSARIO,Rosario,S/D,S/D,II,Dentro,Urbana,S/D,S/D,Intersección,S/D,S/D,Diurna,S/D,S/D,S/D,Colisión,S/D,S/D,S/D,S/D,"    -32.91732, -60.68409","['Alberdi', 'Almafuerte']",2,,-32.91732,-60.68409,55.0,538.0,Municipio Rosario,Municipio,Rosario,820210,Servicio de Catastro e Información Territorial,IGN
2019,6634,2019-07-17,Miercoles,,12:30:00,,0.0,4,"Moto/Ciclomotor,Automóvil,Moto/Ciclomotor,Camión Chasis",Bv. Avellaneda Y Biedma,5,2,0,0,3,0,0,"-32.97408, -60.68787",Calle,,ROSARIO,Rosario,Asfalto,No existe,II,S/D,Urbana,S/D,S/D,Intersección,S/D,S/D,Diurna,S/D,Múltiple,S/D,Colisión,S/D,S/D,Cordón divisorio,S/D,"-32.97408, -60.68787","['Avellaneda', 'Coronel Biedma']",2,,-32.97408,-60.68787,55.0,538.0,Municipio Rosario,Municipio,Rosario,820210,Servicio de Catastro e Información Territorial,IGN
2019,6639,2019-07-19,Viernes,,17:40:00,,0.0,2,"Peatón,Moto/Ciclomotor",Av. Provincias Unidas Y Juan B.De La Salle,2,1,1,0,0,0,0,"-32.92248487472534,-60.713399648666",Avenida,,ROSARIO,Rosario,Asfalto,S/D,II,Dentro,Urbana,Ninguna,S/D,Intersección,Bueno,Buena,Diurna,Buen Tiempo,S/D,Peatón,Atropello,Ninguna,S/D,Ninguna,Sin restricción,"-32.92248487472534,-60.713399648666","['Avenida Provincias Unidas', 'De La Salle']",2,,-32.92248487472534,-60.713399648666,55.0,538.0,Municipio Rosario,Municipio,Rosario,820210,Servicio de Catastro e Información Territorial,IGN
2019,6640,2019-07-19,Viernes,,12:10:00,,0.0,2,"Bicicleta,Automóvil",Av. Eva Peron Y Mejico Bis,2,1,0,0,1,0,0,"-32.93193, -60.71883",Avenida,,ROSARIO,Rosario,Asfalto,S/D,II,Dentro,Urbana,Ninguna,S/D,Intersección,Bueno,Buena,Diurna,Buen Tiempo,S/D,Ciclista,Atropello,S/D,S/D,Ninguna,Sin restricción,"-32.93193, -60.71883","['Avenida Eva Perón', 'Mejico']",2,,-32.93193,-60.71883,55.0,538.0,Municipio Rosario,Municipio,Rosario,820210,Servicio de Catastro e Información Territorial,IGN
2019,6642,2019-07-29,Lunes,,22:25:00,,0.0,2,"Moto/Ciclomotor,Automóvil",9 De Julio Y Rodriguez,2,1,0,0,1,0,0,"    -32.95017, -60.66059",Calle,,ROSARIO,Rosario,Asfalto,S/D,II,Dentro,Urbana,S/D,S/D,Intersección,S/D,S/D,Nocturna,S/D,S/D,S/D,Colisión,S/D,S/D,S/D,S/D,"    -32.95017, -60.66059","['9 de Julio', 'Rodríguez']",2,,-32.95017,-60.66059,55.0,538.0,Municipio Rosario,Municipio,Rosario,820210,Servicio de Catastro e Información Territorial,IGN
2019,6643,2019-07-19,Viernes,,18:40:00,,0.0,2,"Moto/Ciclomotor,Automóvil", ,2,0,0,1,1,0,0,"-32.95416, -60.69545",Avenida,,ROSARIO,Rosario,S/D,S/D,II,S/D,S/D,S/D,S/D,Intersección,S/D,S/D,Atardecer,S/D,S/D,S/D,S/D,S/D,S/D,S/D,S/D,"-32.95416, -60.69545",[''],0,,-32.95416,-60.69545,55.0,538.0,Municipio Rosario,Municipio,Rosario,820210,Servicio de Catastro e Información Territorial,IGN
2019,6645,2019-07-19,Viernes,,11:45:00,,0.0,2,"Automóvil,Bicicleta",Av. Provincias Unidas Y La Republica,2,1,0,0,1,0,0,"-32.91858360171319,-60.713714808225",Avenida,,ROSARIO,Rosario,Asfalto,No existe,II,S/D,Urbana,S/D,S/D,Recta,Bueno,S/D,Diurna,Buen Tiempo,S/D,Ciclista,Atropello,S/D,S/D,S/D,S/D,"-32.91858360171319,-60.713714808225","['Avenida Provincias Unidas', 'La República']",2,,-32.91858360171319,-60.713714808225,55.0,538.0,Municipio Rosario,Municipio,Rosario,820210,Servicio de Catastro e Información Territorial,IGN
2019,6649,2019-07-19,Viernes,,11:30:00,,0.0,2,"Moto/Ciclomotor,Vehículo Oficial",J.J.Paso Y Peru,2,1,0,0,1,0,0,"-32.92019, -60.71226",Calle,,ROSARIO,Rosario,S/D,S/D,II,S/D,Urbana,S/D,S/D,Intersección,S/D,Buena,Diurna,Buen Tiempo,De alcance,S/D,Colisión,S/D,S/D,Ninguna,S/D,"-32.92019, -60.71226","['Paso', 'Peru']",2,,-32.92019,-60.71226,55.0,538.0,Municipio Rosario,Municipio,Rosario,820210,Servicio de Catastro e Información Territorial,IGN
2019,6656,2019-07-19,Viernes,,07:30:00,,0.0,2,"Moto/Ciclomotor,Automóvil",Av. Uriburu Y Dorrego,2,1,0,0,1,0,0,"-32.99106, -60.66096",Calle,,ROSARIO,Rosario,Asfalto,No existe,II,S/D,Urbana,Ninguna,No existe,Intersección,Bueno,Buena,Amanecer,Buen Tiempo,Lateral,S/D,Colisión,Ninguna,Faltante,Ninguna,Sin restricción,"-32.99106, -60.66096","['Uriburu', 'Dorrego']",2,,-32.99106,-60.66096,55.0,538.0,Municipio Rosario,Municipio,Rosario,820210,Servicio de Catastro e Información Territorial,IGN
2019,6658,2019-07-19,Viernes,,10:39:00,,0.0,2,"Moto/Ciclomotor,Automóvil",Av. Dante Alighieri Y Bv. Oroño,4,0,1,0,3,0,0,"-32.96244, -60.6581",Avenida,,ROSARIO,Rosario,Asfalto,No existe,II,Dentro,Urbana,Ninguna,No existe,Intersección,Bueno,Buena,Diurna,Buen Tiempo,S/D,S/D,Colisión,S/D,Vertical,Ninguna,Sin restricción,"-32.96244, -60.6581","['Dante Alighieri', 'Bulevar Nicasio Oroño']",2,,-32.96244,-60.6581,55.0,538.0,Municipio Rosario,Municipio,Rosario,820210,Servicio de Catastro e Información Territorial,IGN
2019,6659,2019-07-19,Viernes,,22:15:00,,0.0,2,"Moto/Ciclomotor,Automóvil",Montevideo Y Brasil,2,1,0,0,0,0,1,"-32.94767, -60.71927",Calle,,ROSARIO,Rosario,S/D,S/D,II,S/D,Urbana,S/D,S/D,Intersección,S/D,S/D,Nocturna,S/D,S/D,S/D,Colisión,S/D,S/D,S/D,S/D,"-32.94767, -60.71927","['Montevideo', 'Brasil']",2,,-32.94767,-60.71927,55.0,538.0,Municipio Rosario,Municipio,Rosario,820210,Servicio de Catastro e Información Territorial,IGN
2019,6660,2019-07-30,Martes,,12:45:00,,0.0,2,"Moto/Ciclomotor,Automóvil",Casilda Y Albert Sabin,2,1,0,0,1,0,0,"    -32.92811, -60.67781",Calle,,ROSARIO,Rosario,Asfalto,No existe,II,Dentro,Urbana,Ninguna,S/D,Intersección,S/D,S/D,Atardecer,S/D,S/D,S/D,Colisión,S/D,S/D,S/D,S/D,"    -32.92811, -60.67781","['Casilda', 'Avenida Travesía Albert Sabin']",2,,-32.92811,-60.67781,55.0,538.0,Municipio Rosario,Municipio,Rosario,820210,Servicio de Catastro e Información Territorial,IGN
2019,6661,2019-07-19,Viernes,,17:50:00,,0.0,2,"Moto/Ciclomotor,Bicicleta",Bv. Avellaneda Y Av. Genova,2,2,0,0,0,0,0,"-32.91494, -60.6731",Avenida,,ROSARIO,Rosario,Asfalto,No existe,II,S/D,Urbana,Semáforo,Funciona,Intersección,Bueno,Buena,Diurna,Buen Tiempo,S/D,Ciclista,Atropello,Ninguna,"Horizontal,Vertical","Cordón divisorio,Vegetación",Sin restricción,"-32.91494, -60.6731","['Avellaneda', 'Genova']",2,,-32.91494,-60.6731,55.0,538.0,Municipio Rosario,Municipio,Rosario,820210,Servicio de Catastro e Información Territorial,IGN
2019,6662,2019-05-31,Viernes,,16:30:00,,0.0,2,"Moto/Ciclomotor,Otros",Bv. Avellaneda Y Garay,2,1,0,0,1,0,0,"-32.967100063303,-60.686295773492",Calle,,ROSARIO,Rosario,Asfalto,No existe,II,Dentro,Urbana,Ninguna,No existe,Intersección,S/D,S/D,Diurna,S/D,S/D,S/D,Colisión,S/D,Faltante,Cordón divisorio,S/D,"-32.967100063303,-60.686295773492","['Avellaneda', 'Garay']",2,,-32.967100063303,-60.686295773492,55.0,538.0,Municipio Rosario,Municipio,Rosario,820210,Servicio de Catastro e Información Territorial,IGN
2019,6663,2019-04-13,Sabado,,06:00:00,,0.0,1,Automóvil, ,1,0,1,0,0,0,0,"-32.95817760227484,-60.666264034822",Calle,,ROSARIO,Rosario,S/D,S/D,II,Dentro,Urbana,S/D,S/D,S/D,S/D,S/D,Amanecer,S/D,S/D,S/D,Colisión,S/D,S/D,S/D,S/D,"-32.95817760227484,-60.666264034822",[''],0,,-32.95817760227484,-60.666264034822,55.0,538.0,Municipio Rosario,Municipio,Rosario,820210,Servicio de Catastro e Información Territorial,IGN
2019,6664,2019-05-26,Domingo,,18:00:00,,0.0,2,"Bicicleta,Otros", ,2,1,0,0,1,0,0,"-32.958641052246115,-60.66987276077",S/D,,ROSARIO,Rosario,S/D,S/D,II,S/D,S/D,S/D,S/D,S/D,S/D,S/D,Diurna,S/D,S/D,Ciclista,Atropello,S/D,S/D,S/D,S/D,"-32.958641052246115,-60.66987276077",[''],0,,-32.958641052246115,-60.66987276077,55.0,538.0,Municipio Rosario,Municipio,Rosario,820210,Servicio de Catastro e Información Territorial,IGN