anio_acci,nro_acci,fecha,desc_dia,fecha_aprox,hora_aprox,desc_ruta,km,cant_participantes,desc_participante,calle_avenida_km,total,heridos_leves,heridos_graves,heridos_gravisimos,ilesos,fallecidos,sin_datos,posicion_XY,desc_tipo_via,desc_ruta_ori,desc_loc,desc_dpto,desc_tipo_calzada,desc_tipo_banquina,desc_unidad_regional,desc_lugar_calzada,desc_zona,desc_prioridad,desc_estado_semaforo,desc_lugar_via,desc_estado_via,desc_estado_visibilidad,desc_luminosidad,desc_estado_clima,desc_tipo_colision,desc_tipo_atropello,desc_tipo_hecho,desc_pres_calzada,desc_senializacion,desc_separacion_via,desc_restriccion,forma_geocod,calle_lista,numero_calles,calles_osm,lat,lon,index_right,gid,fna,gna,nam,in1,fdc,sag
2019,6666,2019-05-20,Lunes,,17:30:00,,0.0,2,"Bicicleta,Otros",Bv. Rondeau Y Nansen,2,0,1,0,1,0,0,"-32.909323664713,-60.687683935772",Avenida,,ROSARIO,Rosario,Asfalto,No existe,II,Dentro,Urbana,Semáforo,Funciona,Intersección,S/D,S/D,Diurna,S/D,S/D,Ciclista,Atropello,S/D,"Horizontal,Vertical",Cordón divisorio,S/D,"-32.909323664713,-60.687683935772","['Rondeau', 'Nansen']",2,,-32.909323664713,-60.687683935772,55.0,538.0,Municipio Rosario,Municipio,Rosario,820210,Servicio de Catastro e Información Territorial,IGN
2019,6667,2019-04-24,Miercoles,,13:00:00,,0.0,1,Moto/Ciclomotor,G.Carrasco 5200,1,1,0,0,0,0,0,"-32.920374168496,-60.695165809194",Calle,,ROSARIO,Rosario,Asfalto,No existe,II,Dentro,Urbana,Ninguna,No existe,Intersección,Deteriorada,Buena,Diurna,Buen Tiempo,S/D,S/D,Colisión,Ninguna,Faltante,Ninguna,Sin restricción,"-32.920374168496,-60.695165809194",['G Carrasco 5200'],1,,-32.920374168496,-60.695165809194,55.0,538.0,Municipio Rosario,Municipio,Rosario,820210,Servicio de Catastro e Información Territorial,IGN
2019,6669,2019-04-25,Jueves,,00:05:00,,0.0,2,"Otros,Peatón",Argerich Bis Y Reconquista,2,0,1,0,0,0,1,"-32.918239240883,-60.688285365686",Calle,,ROSARIO,Rosario,Asfalto,No existe,II,Dentro,Urbana,Ninguna,No existe,Intersección,Bueno,Buena,"Nocturna,Con luz artificial",Buen Tiempo,S/D,Peatón,Atropello,Ninguna,Faltante,Ninguna,Sin restricción,"-32.918239240883,-60.688285365686","['Argerich', 'Reconquista']",2,,-32.918239240883,-60.688285365686,55.0,538.0,Municipio Rosario,Municipio,Rosario,820210,Servicio de Catastro e Información Territorial,IGN
2019,6670,2019-04-30,Martes,,22:15:00,,0.0,2,"Moto/Ciclomotor,Otros",Santiago Y Coulin,2,0,1,0,1,0,0,"-32.988491668204,-60.66744140022",Calle,,ROSARIO,Rosario,Asfalto,No existe,II,Dentro,Urbana,Ninguna,No existe,Intersección,S/D,S/D,Nocturna,S/D,S/D,S/D,Colisión,S/D,Faltante,Ninguna,S/D,"-32.988491668204,-60.66744140022","['Santiago', 'Coulin']",2,,-32.988491668204,-60.66744140022,55.0,538.0,Municipio Rosario,Municipio,Rosario,820210,Servicio de Catastro e Información Territorial,IGN
2019,6671,2019-04-26,Viernes,,04:00:00,,0.0,1,Moto/Ciclomotor,Ayacucho Y Marco Polo,1,1,0,0,0,0,0,"-33.010543107636,-60.635639844118",Calle,,ROSARIO,Rosario,Asfalto,No existe,II,Dentro,Urbana,Ninguna,No existe,Intersección,Bueno,Buena,"Nocturna,Con luz artificial",Buen Tiempo,S/D,S/D,Colisión,Ninguna,Horizontal,Línea divisoria pintada,Sin restricción,"-33.010543107636,-60.635639844118","['Ayacucho', 'Marco Polo']",2,,-33.010543107636,-60.635639844118,55.0,538.0,Municipio Rosario,Municipio,Rosario,820210,Servicio de Catastro e Información Territorial,IGN
2019,6672,2019-04-27,Sabado,,16:00:00,,0.0,1,Moto/Ciclomotor,Av. Ovidio Lagos Y La Paz,1,0,1,0,0,0,0,"-32.960029211818,-60.665765697376",Calle,,ROSARIO,Rosario,Asfalto,No existe,II,Dentro,Urbana,Semáforo,Funciona,Intersección,Bueno,Buena,Diurna,Buen Tiempo,S/D,S/D,Colisión,Ninguna,"Horizontal,Vertical",Ninguna,Sin restricción,"-32.960029211818,-60.665765697376","['Avenida Ovidio Lagos', 'La Paz']",2,,-32.960029211818,-60.665765697376,55.0,538.0,Municipio Rosario,Municipio,Rosario,820210,Servicio de Catastro e Información Territorial,IGN
2019,6673,2019-04-30,Martes,,17:50:00,,0.0,2,"Moto/Ciclomotor,Otros",Prevision y Hogar Y Pje. 521,2,0,1,0,1,0,0,"-33.01698714494706,-60.657513141632",Calle,,ROSARIO,Rosario,S/D,No existe,II,Dentro,Urbana,S/D,S/D,Intersección,S/D,S/D,Diurna,S/D,S/D,S/D,Colisión,S/D,S/D,Ninguna,S/D,"-33.01698714494706,-60.657513141632","['5 de Agosto', 'Calle 521']",2,,-33.01698714494706,-60.657513141632,55.0,538.0,Municipio Rosario,Municipio,Rosario,820210,Servicio de Catastro e Información Territorial,IGN
2019,6703,2019-10-09,Miercoles,,14:55:00,,0.0,2,"Automóvil,Moto/Ciclomotor",Paraguay Y Riobamba,2,1,0,0,1,0,0,"-32.96203, -60.64789",Calle,,ROSARIO,Rosario,Asfalto,No existe,II,S/D,Urbana,Ninguna,No existe,Intersección,Bueno,Buena,Diurna,Buen Tiempo,S/D,S/D,Colisión,Ninguna,Vertical,Ninguna,Sin restricción,"-32.96203, -60.64789","['Paraguay', 'Riobamba']",2,,-32.96203,-60.64789,55.0,538.0,Municipio Rosario,Municipio,Rosario,820210,Servicio de Catastro e Información Territorial,IGN
2019,6704,2019-10-12,Sabado,,01:50:00,,0.0,2,"Moto/Ciclomotor,Automóvil",Av. Belgrano Y Av. Pellegrini,2,1,0,0,1,0,0,"-32.96084,-60.62111",Avenida,,ROSARIO,Rosario,Asfalto,No existe,II,Dentro,Urbana,Ninguna,No existe,Rotonda,Bueno,Buena,"Nocturna,Con luz artificial",Buen Tiempo,Lateral,S/D,Colisión,Ninguna,Vertical,Ninguna,Sin restricción,"-32.96084,-60.62111","['Belgrano', 'Pellegrini']",2,,-32.96084,-60.62111,55.0,538.0,Municipio Rosario,Municipio,Rosario,820210,Servicio de Catastro e Información Territorial,IGN
2019,6706,2019-10-12,Sabado,,10:00:00,,0.0,2,"Automóvil,Moto/Ciclomotor",Pte.Roca Y Rioja,3,2,0,0,1,0,0,"-32.94634, -60.6454",Calle,,ROSARIO,Rosario,Asfalto,No existe,II,Dentro,Urbana,Ninguna,No existe,Intersección,Bueno,S/D,Diurna,Buen Tiempo,Lateral,S/D,Colisión,Ninguna,Vertical,Ninguna,Sin restricción,"-32.94634, -60.6454","['Roca', 'Rioja']",2,,-32.94634,-60.6454,55.0,538.0,Municipio Rosario,Municipio,Rosario,820210,Servicio de Catastro e Información Territorial,IGN
2019,6708,2019-10-14,Lunes,,04:40:00,,0.0,2,"Automóvil,Moto/Ciclomotor",San Juan Y Suipacha,3,2,0,0,1,0,0,"-32.94552, -60.66509",Calle,,ROSARIO,Rosario,Asfalto,No existe,II,Dentro,Urbana,Ninguna,No existe,Intersección,Bueno,Reducida,Nocturna,Lluvia,Lateral,S/D,Colisión,Agua,Faltante,Ninguna,Sin restricción,"-32.94552, -60.66509","['San Juan', 'Suipacha']",2,,-32.94552,-60.66509,55.0,538.0,Municipio Rosario,Municipio,Rosario,820210,Servicio de Catastro e Información Territorial,IGN
2019,6709,2019-10-08,Martes,,07:45:00,,0.0,2,"Automóvil,Bicicleta",Bv. Oroño Y San Lorenzo,2,1,0,0,1,0,0,"-32.94136, -60.65283",Avenida,,ROSARIO,Rosario,Asfalto,No existe,II,Dentro,Urbana,Semáforo,Funciona,Intersección,Bueno,Buena,Diurna,Buen Tiempo,S/D,Ciclista,Atropello,Ninguna,Vertical,Ninguna,Sin restricción,"-32.94136, -60.65283","['Bulevar Nicasio Oroño', 'San Lorenzo']",2,,-32.94136,-60.65283,55.0,538.0,Municipio Rosario,Municipio,Rosario,820210,Servicio de Catastro e Información Territorial,IGN
2019,6711,2019-10-08,Martes,,13:45:00,,0.0,1,Transporte de Pasajeros Urbano (> 8 asientos),Santa Fe Y Mitre,2,1,0,0,1,0,0,"-32.94486, -60.63923",Calle,,ROSARIO,Rosario,Asfalto,No existe,II,S/D,Urbana,Ninguna,No existe,Recta,Bueno,Buena,Diurna,Buen Tiempo,S/D,S/D,Caída ocupante,Ninguna,Vertical,Ninguna,Sin restricción,"-32.94486, -60.63923","['Santa Fe', 'Mitre']",2,,-32.94486,-60.63923,55.0,538.0,Municipio Rosario,Municipio,Rosario,820210,Servicio de Catastro e Información Territorial,IGN
2019,6713,2019-10-08,Martes,,14:00:00,,0.0,2,"Moto/Ciclomotor,Automóvil",Av. Dr.Lassaga Y Av. D.Infante,2,1,0,0,1,0,0,"-32.95695, -60.66127",Avenida,,ROSARIO,Rosario,Asfalto,No existe,II,Fuera,Urbana,Ninguna,No existe,Recta,Bueno,Buena,Diurna,Buen Tiempo,De alcance,S/D,Colisión,Ninguna,Faltante,Ninguna,Sin restricción,"-32.95695, -60.66127","['Lassaga', 'Infante']",2,,-32.95695,-60.66127,55.0,538.0,Municipio Rosario,Municipio,Rosario,820210,Servicio de Catastro e Información Territorial,IGN
2019,6715,2019-10-10,Jueves,,08:00:00,,0.0,2,"Peatón,Pickup/Utilitario",Paraguay 2000,2,1,0,0,1,0,0,"-32.95965, -60.64729",Calle,,ROSARIO,Rosario,Asfalto,No existe,II,Dentro,Urbana,Ninguna,No existe,Recta,Bueno,Buena,Diurna,Buen Tiempo,S/D,Peatón,Atropello,Ninguna,Faltante,Ninguna,Sin restricción,"-32.95965, -60.64729",['Paraguay 2000'],1,,-32.95965,-60.64729,55.0,538.0,Municipio Rosario,Municipio,Rosario,820210,Servicio de Catastro e Información Territorial,IGN
2019,6718,2019-10-10,Jueves,,09:10:00,,0.0,2,"Bicicleta,Camión",AV. INT. MORCILLO ,2,1,0,0,0,0,1,"-32.95555, -60.65756",Avenida,,ROSARIO,Rosario,Asfalto,No existe,II,Dentro,Urbana,Ninguna,No existe,Recta,Bueno,Buena,Diurna,Buen Tiempo,S/D,Ciclista,Atropello,Ninguna,Faltante,Ninguna,Sin restricción,"-32.95555, -60.65756",['Avenida Intendente Morcillo'],1,,-32.95555,-60.65756,55.0,538.0,Municipio Rosario,Municipio,Rosario,820210,Servicio de Catastro e Información Territorial,IGN
2019,6722,2019-10-09,Miercoles,,00:30:00,,0.0,2,"Taxi/Remis,Moto/Ciclomotor",Casiano Casas Y Cavia,2,1,0,0,1,0,0,"-32.90177, -60.70849",Avenida,,ROSARIO,Rosario,Asfalto,No existe,II,S/D,Urbana,S/D,S/D,Curva,Bueno,Buena,Nocturna,Buen Tiempo,S/D,S/D,Colisión,Ninguna,S/D,S/D,Sin restricción,"-32.90177, -60.70849","['Avenida Casiano Casas', 'Cavia']",2,,-32.90177,-60.70849,55.0,538.0,Municipio Rosario,Municipio,Rosario,820210,Servicio de Catastro e Información Territorial,IGN
2019,6726,2019-10-08,Martes,,09:30:00,,0.0,2,"Automóvil,Moto/Ciclomotor",Francia F Y Av. Luis Carballo,2,1,0,0,1,0,0,"-32.92537, -60.66163",Avenida,,ROSARIO,Rosario,Asfalto,No existe,II,Dentro,Urbana,Ninguna,Funciona,Intersección,Bueno,Buena,Diurna,Buen Tiempo,S/D,S/D,Colisión,Ninguna,Faltante,Ninguna,Sin restricción,"-32.92537, -60.66163","['Avenida Francia', 'Avenida Doctor Luis Cándido Carballo']",2,,-32.92537,-60.66163,55.0,538.0,Municipio Rosario,Municipio,Rosario,820210,Servicio de Catastro e Información Territorial,IGN
2019,6729,2019-10-10,Jueves,,14:00:00,,0.0,2,"Automóvil,Moto/Ciclomotor",J.M.de Rosas Y Baigorria,2,0,1,0,1,0,0,"-32.89447, -60.72242",Calle,,ROSARIO,Rosario,Asfalto,S/D,II,S/D,Urbana,S/D,S/D,Intersección,S/D,S/D,S/D,S/D,S/D,S/D,Colisión,S/D,S/D,S/D,S/D,"-32.89447, -60.72242","['De Rosas', 'Baigorria']",2,,-32.89447,-60.72242,55.0,538.0,Municipio Rosario,Municipio,Rosario,820210,Servicio de Catastro e Información Territorial,IGN
2019,6732,2019-10-14,Lunes,,18:10:00,,0.0,2,"Automóvil,Automóvil",Av. Cabassa Y Pavlov,2,1,0,0,1,0,0,"-32.90482, -60.70225",Calle,,ROSARIO,Rosario,Asfalto,Natural,II,Dentro,Urbana,Ninguna,No existe,Intersección,Con baches,Buena,Diurna,Buen Tiempo,Lateral,S/D,Colisión,Ninguna,Faltante,Ninguna,Sin restricción,"-32.90482, -60.70225","['Cabassa', 'Pavlov']",2,,-32.90482,-60.70225,55.0,538.0,Municipio Rosario,Municipio,Rosario,820210,Servicio de Catastro e Información Territorial,IGN
2019,6738,2019-10-08,Martes,,20:00:00,,0.0,2,"Moto/Ciclomotor,Camión c / Acoplado",G.Carrasco Y Roullon,2,1,0,0,0,0,1,"-32.92072, -60.70304",Calle,,ROSARIO,Rosario,Asfalto,S/D,II,S/D,Urbana,S/D,S/D,Curva,Bueno,S/D,S/D,S/D,S/D,S/D,Colisión,S/D,S/D,S/D,S/D,"-32.92072, -60.70304","['Carrasco', 'Alfredo Rouillón']",2,,-32.92072,-60.70304,55.0,538.0,Municipio Rosario,Municipio,Rosario,820210,Servicio de Catastro e Información Territorial,IGN
2019,6742,2019-10-13,Domingo,,09:55:00,,0.0,1,Moto/Ciclomotor,Av. Portugal Y Av. Alberdi Bis,2,2,0,0,0,0,0,"-32.91431,-60.68621",Avenida,,ROSARIO,Rosario,Asfalto,Pavimento,II,Dentro,Urbana,Semáforo,Funciona,Intersección,Resbaladiza,Buena,Diurna,Lluvia,S/D,S/D,Despiste,Agua,Vertical,Línea divisoria pintada,Sin restricción,"-32.91431,-60.68621","['Portugal', 'Alberdi']",2,,-32.91431,-60.68621,55.0,538.0,Municipio Rosario,Municipio,Rosario,820210,Servicio de Catastro e Información Territorial,IGN
2019,6745,2019-10-11,Viernes,,11:00:00,,0.0,2,"Moto/Ciclomotor,Automóvil",Ing.Thedy Bis Y Av. Luis Carballo,2,1,0,0,1,0,0,"-32.92349, -60.66547",Avenida,,ROSARIO,Rosario,Asfalto,S/D,II,S/D,Urbana,S/D,S/D,Intersección,Bueno,S/D,S/D,Buen Tiempo,S/D,S/D,Colisión,S/D,S/D,S/D,S/D,"-32.92349, -60.66547","['Thedy', 'Avenida Doctor Luis Cándido Carballo']",2,,-32.92349,-60.66547,55.0,538.0,Municipio Rosario,Municipio,Rosario,820210,Servicio de Catastro e Información Territorial,IGN
2019,6752,2019-10-08,Martes,,09:20:00,,0.0,2,"Peatón,Automóvil",Av. Alberdi Bis Y Jose Ingenieros,2,1,0,0,0,0,1,"-32.91625, -60.68477",Avenida,,ROSARIO,Rosario,Asfalto,S/D,II,S/D,Urbana,S/D,Funciona,Intersección,Bueno,Buena,S/D,S/D,S/D,Peatón,Atropello,S/D,"Horizontal,Vertical",S/D,S/D,"-32.91625, -60.68477","['Alberdi', 'José Ingenieros']",2,,-32.91625,-60.68477,55.0,538.0,Municipio Rosario,Municipio,Rosario,820210,Servicio de Catastro e Información Territorial,IGN
2019,6755,2019-10-08,Martes,,18:20:00,,0.0,2,"Automóvil,Moto/Ciclomotor",Paraguay Y Olegario V.Andrade,2,1,0,0,1,0,0,"-32.99606, -60.65501",Calle,,ROSARIO,Rosario,Asfalto,No existe,II,Dentro,Urbana,Ninguna,No existe,Recta,Bueno,Buena,Atardecer,Buen Tiempo,Lateral,S/D,Colisión,Ninguna,Faltante,Ninguna,Sin restricción,"-32.99606, -60.65501","['Paraguay', 'Olegario V Andrade']",2,,-32.99606,-60.65501,55.0,538.0,Municipio Rosario,Municipio,Rosario,820210,Servicio de Catastro e Información Territorial,IGN
2019,6756,2019-07-20,Sabado,,11:45:00,,0.0,2,"Moto/Ciclomotor,Pickup/Utilitario",Av. Eva Peron ,2,1,0,0,1,0,0,"-32.92529, -60.76325",Avenida,,ROSARIO,Rosario,Asfalto,S/D,II,Dentro,Urbana,Ninguna,S/D,Recta,Bueno,Buena,Diurna,Buen Tiempo,S/D,S/D,Colisión,Ninguna,S/D,Ninguna,Sin restricción,"-32.92529, -60.76325",['Eva Peron'],1,,-32.92529,-60.76325,55.0,538.0,Municipio Rosario,Municipio,Rosario,820210,Servicio de Catastro e Información Territorial,IGN
2019,6759,2019-07-20,Sabado,,12:10:00,,0.0,2,"Moto/Ciclomotor,Automóvil",Galvez ,4,1,0,0,3,0,0,"-32.95995, -60.69299",Avenida,,ROSARIO,Rosario,S/D,S/D,II,S/D,Urbana,Ninguna,S/D,Intersección,S/D,S/D,Diurna,S/D,S/D,S/D,Colisión,S/D,S/D,S/D,S/D,"-32.95995, -60.69299",['Galvez'],1,,-32.95995,-60.69299,55.0,538.0,Municipio Rosario,Municipio,Rosario,820210,Servicio de Catastro e Información Territorial,IGN
2019,6760,2019-07-20,Sabado,,01:15:00,,0.0,2,"Taxi/Remis,Moto/Ciclomotor",J.J.Paso Y Cullen Bis,2,1,0,0,1,0,0,"-32.92013, -60.70969",Calle,,ROSARIO,Rosario,Asfalto,Pavimento,II,S/D,Urbana,S/D,Funciona,Recta,S/D,Buena,Nocturna,Buen Tiempo,S/D,S/D,Colisión,S/D,S/D,S/D,S/D,"-32.92013, -60.70969","['Paso', 'Cullen']",2,,-32.92013,-60.70969,55.0,538.0,Municipio Rosario,Municipio,Rosario,820210,Servicio de Catastro e Información Territorial,IGN
2019,6773,2019-03-01,Viernes,,19:55:00,,0.0,2,"Automóvil,Peatón",Bv. Segui Y F.More,2,0,0,0,1,1,0,"-32.970521, -60.692581",Calle,,ROSARIO,Rosario,Asfalto,No existe,II,Dentro,Urbana,Semáforo,Funciona,Intersección,Bueno,Buena,Diurna,Buen Tiempo,S/D,Peatón,Atropello,Ninguna,Vertical,Cordón divisorio,Sin restricción,"-32.970521, -60.692581","['Bulevar Juan Francisco Seguí', 'Felipe Moré']",2,,-32.970521,-60.692581,55.0,538.0,Municipio Rosario,Municipio,Rosario,820210,Servicio de Catastro e Información Territorial,IGN
2019,6791,2019-09-21,Sabado,,13:30:00,,0.0,2,"Automóvil,Moto/Ciclomotor",Nicaragua Y Perez Bulnes,2,1,0,0,1,0,0,"-32.942657703465,-60.720580793086",Calle,,ROSARIO,Rosario,Asfalto,Natural,II,Dentro,Urbana,Ninguna,No existe,Intersección,Bueno,Buena,Diurna,Buen Tiempo,Lateral,S/D,Colisión,Ninguna,Faltante,Ninguna,Sin restricción,"-32.942657703465,-60.720580793086","['Nicaragua', 'Pérez Bulnes']",2,,-32.942657703465,-60.720580793086,55.0,538.0,Municipio Rosario,Municipio,Rosario,820210,Servicio de Catastro e Información Territorial,IGN
2019,6794,2019-09-24,Martes,,12:35:00,,0.0,2,"Automóvil,Moto/Ciclomotor",J.Colombres Y Santa Fe,3,2,0,0,1,0,0,"-32.936153929696,-60.72950696222",Calle,,ROSARIO,Rosario,Asfalto,No existe,II,Dentro,Urbana,Otra Señal,No existe,Intersección,Bueno,Buena,Diurna,Buen Tiempo,S/D,S/D,Colisión,Ninguna,Vertical,Ninguna,Sin restricción,"-32.936153929696,-60.72950696222","['José Colombres', 'Santa Fe']",2,,-32.936153929696,-60.72950696222,55.0,538.0,Municipio Rosario,Municipio,Rosario,820210,Servicio de Catastro e Información Territorial,IGN
2019,6796,2019-09-23,Lunes,,21:50:00,,0.0,1,Moto/Ciclomotor,Camilo Aldao Y J.J.Paso,2,2,0,0,0,0,0,"-32.919740657218,-60.696753533857",Calle,,ROSARIO,Rosario,Asfalto,No existe,II,Dentro,Urbana,Ninguna,No existe,Intersección,Bueno,Buena,"Nocturna,Con luz artificial",Buen Tiempo,S/D,S/D,Colisión,Ninguna,Faltante,Ninguna,Sin restricción,"-32.919740657218,-60.696753533857","['Camilo Aldao', 'Paso']",2,,-32.919740657218,-60.696753533857,55.0,538.0,Municipio Rosario,Municipio,Rosario,820210,Servicio de Catastro e Información Territorial,IGN
2019,6798,2019-09-14,Sabado,,00:55:00,,0.0,2,"Bicicleta,Moto/Ciclomotor",Camilo Aldao Y J.J.Paso,2,1,0,0,1,0,0,"-32.919740657218,-60.696753533857",Calle,,ROSARIO,Rosario,Asfalto,No existe,II,Dentro,Urbana,Ninguna,No existe,Intersección,Bueno,Buena,"Nocturna,Con luz artificial",Buen Tiempo,S/D,Ciclista,Atropello,Ninguna,Faltante,Ninguna,Sin restricción,"-32.919740657218,-60.696753533857","['Camilo Aldao', 'Paso']",2,,-32.919740657218,-60.696753533857,55.0,538.0,Municipio Rosario,Municipio,Rosario,820210,Servicio de Catastro e Información Territorial,IGN
2019,6799,2019-09-10,Martes,,06:10:00,,0.0,2,"Peatón,Moto/Ciclomotor",J.J.Paso Y Mejico,2,1,0,0,1,0,0,"-32.920362256371,-60.719293891049",Calle,,ROSARIO,Rosario,Asfalto,No existe,II,Dentro,Urbana,Ninguna,No existe,Intersección,Bueno,Buena,Amanecer,Buen Tiempo,S/D,Peatón,Atropello,Ninguna,Faltante,Ninguna,Sin restricción,"-32.920362256371,-60.719293891049","['Paso', 'Mejico']",2,,-32.920362256371,-60.719293891049,55.0,538.0,Municipio Rosario,Municipio,Rosario,820210,Servicio de Catastro e Información Territorial,IGN
2019,6801,2019-09-06,Viernes,,16:00:00,,0.0,2,"Pickup/Utilitario,Moto/Ciclomotor",Fraga Y Velez Sarsfield,3,2,0,0,1,0,0,"-32.925964920516,-60.710858045772",Calle,,ROSARIO,Rosario,Asfalto,No existe,II,Dentro,Urbana,Ninguna,No existe,Intersección,Bueno,Buena,Diurna,Buen Tiempo,Lateral,S/D,Colisión,Ninguna,Faltante,Ninguna,Sin restricción,"-32.925964920516,-60.710858045772","['Fraga', 'Vélez Sarsfield']",2,,-32.925964920516,-60.710858045772,55.0,538.0,Municipio Rosario,Municipio,Rosario,820210,Servicio de Catastro e Información Territorial,IGN
2019,6804,2019-09-26,Jueves,,12:35:00,,0.0,2,"Pickup/Utilitario,Automóvil",Formosa Y Humberto I,2,1,0,0,1,0,0,"-32.929906951894,-60.691154391356",Calle,,ROSARIO,Rosario,Asfalto,No existe,II,Dentro,Urbana,Ninguna,No existe,Intersección,Bueno,Buena,Diurna,Buen Tiempo,S/D,S/D,Colisión,Ninguna,Horizontal,Ninguna,Sin restricción,"-32.929906951894,-60.691154391356","['Formosa', 'Humberto']",2,,-32.929906951894,-60.691154391356,55.0,538.0,Municipio Rosario,Municipio,Rosario,820210,Servicio de Catastro e Información Territorial,IGN
2019,6806,2019-09-21,Sabado,,06:30:00,,0.0,2,"Camión Chasis,Moto/Ciclomotor",Av. Provincias Unidas Y J.J.Paso,3,2,0,0,1,0,0,"-32.920049888432,-60.713715806863",Avenida,,ROSARIO,Rosario,Asfalto,No existe,II,Dentro,Urbana,Paso Peatonal,No existe,Rotonda,Bueno,Buena,Amanecer,Buen Tiempo,S/D,S/D,Colisión,Ninguna,Horizontal,Línea divisoria pintada,Sin restricción,"-32.920049888432,-60.713715806863","['Avenida Provincias Unidas', 'Paso']",2,,-32.920049888432,-60.713715806863,55.0,538.0,Municipio Rosario,Municipio,Rosario,820210,Servicio de Catastro e Información Territorial,IGN
2019,6808,2019-09-13,Viernes,,13:35:00,,0.0,2,"Moto/Ciclomotor,Automóvil",Ecuador Y J.J.Paso,2,1,0,0,1,0,0,"-32.920416152408,-60.715842650512",Calle,,ROSARIO,Rosario,Asfalto,No existe,II,Dentro,Urbana,Ninguna,No existe,Recta,Bueno,Buena,Diurna,Buen Tiempo,S/D,S/D,Colisión,Ninguna,Faltante,Ninguna,Sin restricción,"-32.920416152408,-60.715842650512","['Ecuador', 'Paso']",2,,-32.920416152408,-60.715842650512,55.0,538.0,Municipio Rosario,Municipio,Rosario,820210,Servicio de Catastro e Información Territorial,IGN
2019,6810,2019-10-10,Jueves,,19:50:00,,0.0,2,"Moto/Ciclomotor,Peatón",Castellanos Y Lamadrid,3,2,0,0,1,0,0,"-32.9983, -60.6874",Calle,,ROSARIO,Rosario,Asfalto,No existe,II,Dentro,Urbana,Ninguna,No existe,Intersección,S/D,S/D,Atardecer,S/D,S/D,Peatón,Atropello,S/D,S/D,S/D,Sin restricción,"-32.9983, -60.6874","['Aaron Castellanos', 'Lamadrid']",2,,-32.9983,-60.6874,55.0,538.0,Municipio Rosario,Municipio,Rosario,820210,Servicio de Catastro e Información Territorial,IGN
2019,6811,2019-07-20,Sabado,,05:45:00,,0.0,2,"Moto/Ciclomotor,Taxi/Remis",Av. Bermudez Y Pje. 525,2,1,0,0,1,0,0,"-33.01419, -60.64203",Calle,,ROSARIO,Rosario,Asfalto,No existe,II,Dentro,Urbana,Ninguna,No existe,Intersección,Bueno,Buena,Nocturna,Buen Tiempo,Lateral,S/D,Colisión,S/D,Faltante,Ninguna,Sin restricción,"-33.01419, -60.64203","['Bermudez', 'Pasaje 525']",2,,-33.01419,-60.64203,55.0,538.0,Municipio Rosario,Municipio,Rosario,820210,Servicio de Catastro e Información Territorial,IGN
2019,6813,2019-10-11,Viernes,,20:10:00,,0.0,2,"Pickup/Utilitario,Peatón",Suipacha Y Pje. Cagancha,2,0,0,0,1,0,1,"-32.98187, -60.67424",Calle,,ROSARIO,Rosario,Asfalto,No existe,II,Dentro,Urbana,Ninguna,No existe,Intersección,S/D,S/D,Atardecer,S/D,S/D,Peatón,Atropello,S/D,S/D,Ninguna,Sin restricción,"-32.98187, -60.67424","['Suipacha', 'Cagancha']",2,,-32.98187,-60.67424,55.0,538.0,Municipio Rosario,Municipio,Rosario,820210,Servicio de Catastro e Información Territorial,IGN
2019,6815,2019-02-16,Sabado,,00:00:00,,0.0,2,"Moto/Ciclomotor,Otros",Calle 2108 ,2,0,1,0,0,0,1,"-33.01075, -60.69187",Calle,,ROSARIO,Rosario,S/D,S/D,II,S/D,Urbana,S/D,S/D,Recta,S/D,S/D,Nocturna,S/D,S/D,S/D,Colisión,S/D,S/D,S/D,S/D,"-33.01075, -60.69187",['Calle 2108'],1,,-33.01075,-60.69187,55.0,538.0,Municipio Rosario,Municipio,Rosario,820210,Servicio de Catastro e Información Territorial,IGN
2019,6818,2019-10-12,Sabado,,14:50:00,,0.0,2,"Automóvil,Moto/Ciclomotor",Dr.Rivas Y Av. Francia,3,2,0,0,1,0,0,"-32.97876, -60.67483",Calle,,ROSARIO,Rosario,Asfalto,No existe,II,Dentro,Urbana,Ninguna,S/D,Intersección,S/D,S/D,Diurna,S/D,S/D,S/D,Colisión,S/D,S/D,Cordón divisorio,Sin restricción,"-32.97876, -60.67483","['Doctor Francisco Riva', 'Avenida Francia']",2,,-32.97876,-60.67483,55.0,538.0,Municipio Rosario,Municipio,Rosario,820210,Servicio de Catastro e Información Territorial,IGN
2019,6819,2019-10-14,Lunes,,18:20:00,,0.0,2,"Automóvil,Moto/Ciclomotor", ,4,1,0,0,3,0,0,"-32.97278, -60.67484",Calle,,ROSARIO,Rosario,Asfalto,No existe,II,Dentro,Urbana,Ninguna,S/D,Intersección,S/D,S/D,Diurna,S/D,S/D,S/D,Colisión,S/D,S/D,Ninguna,Sin restricción,"-32.97278, -60.67484",[''],0,,-32.97278,-60.67484,55.0,538.0,Municipio Rosario,Municipio,Rosario,820210,Servicio de Catastro e Información Territorial,IGN