anio_acci,nro_acci,fecha,desc_dia,fecha_aprox,hora_aprox,desc_ruta,km,cant_participantes,desc_participante,calle_avenida_km,total,heridos_leves,heridos_graves,heridos_gravisimos,ilesos,fallecidos,sin_datos,posicion_XY,desc_tipo_via,desc_ruta_ori,desc_loc,desc_dpto,desc_tipo_calzada,desc_tipo_banquina,desc_unidad_regional,desc_lugar_calzada,desc_zona,desc_prioridad,desc_estado_semaforo,desc_lugar_via,desc_estado_via,desc_estado_visibilidad,desc_luminosidad,desc_estado_clima,desc_tipo_colision,desc_tipo_atropello,desc_tipo_hecho,desc_pres_calzada,desc_senializacion,desc_separacion_via,desc_restriccion,forma_geocod,calle_lista,numero_calles,calles_osm,lat,lon,index_right,gid,fna,gna,nam,in1,fdc,sag
2019,6821,2019-06-16,Domingo,,19:00:00,,0.0,2,"Moto/Ciclomotor,Otros",San Luis Y Bv. Oroño,2,0,1,0,0,0,1,"-32.94634, -60.65407",Calle,,ROSARIO,Rosario,S/D,S/D,II,S/D,Urbana,S/D,S/D,Intersección,S/D,S/D,Atardecer,S/D,S/D,S/D,Colisión,S/D,S/D,S/D,S/D,"-32.94634, -60.65407","['San Luis', 'Bulevar Nicasio Oroño']",2,,-32.94634,-60.65407,55.0,538.0,Municipio Rosario,Municipio,Rosario,820210,Servicio de Catastro e Información Territorial,IGN
2019,6825,2019-06-23,Domingo,,23:30:00,,0.0,2,"Moto/Ciclomotor,Otros",Rep.del Salvador Y Bertole,2,0,1,0,0,0,1,"-32.96497, -60.71288",Calle,,ROSARIO,Rosario,S/D,S/D,II,S/D,Urbana,S/D,S/D,Intersección,S/D,S/D,Nocturna,S/D,S/D,S/D,Colisión,S/D,S/D,S/D,S/D,"-32.96497, -60.71288","['República del Salvador', 'Bertole']",2,,-32.96497,-60.71288,55.0,538.0,Municipio Rosario,Municipio,Rosario,820210,Servicio de Catastro e Información Territorial,IGN
2019,6829,2019-06-17,Lunes,,21:00:00,,0.0,2,"Moto/Ciclomotor,Otros",Cafferata Y Uruguay,2,0,1,0,0,0,1,"-32.9709, -60.67861",Calle,,ROSARIO,Rosario,S/D,S/D,II,S/D,Urbana,S/D,S/D,Intersección,S/D,S/D,Nocturna,S/D,S/D,S/D,Colisión,S/D,S/D,S/D,S/D,"-32.9709, -60.67861","['Cafferata', 'Uruguay']",2,,-32.9709,-60.67861,55.0,538.0,Municipio Rosario,Municipio,Rosario,820210,Servicio de Catastro e Información Territorial,IGN
2019,6838,2019-06-22,Sabado,,18:30:00,,0.0,2,"Moto/Ciclomotor,Otros", ,2,0,1,0,0,0,1,"-32.9587, -60.69303",S/D,,ROSARIO,Rosario,S/D,S/D,II,S/D,S/D,S/D,S/D,S/D,S/D,S/D,Atardecer,S/D,S/D,S/D,Colisión,S/D,S/D,S/D,S/D,"-32.9587, -60.69303",[''],0,,-32.9587,-60.69303,55.0,538.0,Municipio Rosario,Municipio,Rosario,820210,Servicio de Catastro e Información Territorial,IGN
2019,6840,2019-06-23,Domingo,,03:00:00,,0.0,2,"Peatón,Otros",Garzon Y Av. Genova,2,0,1,0,0,0,1,"-32.91582, -60.70635",Calle,,ROSARIO,Rosario,S/D,S/D,II,S/D,Urbana,S/D,S/D,Intersección,S/D,S/D,Nocturna,S/D,S/D,Peatón,Atropello,S/D,S/D,S/D,S/D,"-32.91582, -60.70635","['Garzón', 'Genova']",2,,-32.91582,-60.70635,55.0,538.0,Municipio Rosario,Municipio,Rosario,820210,Servicio de Catastro e Información Territorial,IGN
2019,6843,2019-06-23,Domingo,,03:15:00,,0.0,2,"Moto/Ciclomotor,Otros",Ituzaingo Y Monte Flores,2,0,1,0,0,0,1,"-32.96149, -60.63744",Calle,,ROSARIO,Rosario,S/D,S/D,II,S/D,Urbana,S/D,S/D,Recta,S/D,S/D,Nocturna,S/D,S/D,S/D,Colisión,S/D,S/D,S/D,S/D,"-32.96149, -60.63744","['Ituzaingó', 'Monte Flores']",2,,-32.96149,-60.63744,55.0,538.0,Municipio Rosario,Municipio,Rosario,820210,Servicio de Catastro e Información Territorial,IGN
2019,6851,2019-07-20,Sabado,,21:30:00,,0.0,1,Moto/Ciclomotor,Dorrego Y Benito Juarez,2,1,0,0,1,0,0,"-32.99326, -60.66066",Calle,,ROSARIO,Rosario,Asfalto,No existe,II,Dentro,Urbana,S/D,No existe,Intersección,Bueno,Buena,Nocturna,Buen Tiempo,Atropello animal,S/D,Atropello,S/D,Faltante,Ninguna,Sin restricción,"-32.99326, -60.66066","['Dorrego', 'Benito Juárez']",2,,-32.99326,-60.66066,55.0,538.0,Municipio Rosario,Municipio,Rosario,820210,Servicio de Catastro e Información Territorial,IGN
2019,6853,2019-07-20,Sabado,,07:00:00,,0.0,2,"Taxi/Remis,Pickup/Utilitario",Alsina Y San Juan,2,1,0,0,0,0,1,"-32.94332, -60.67737",Calle,,ROSARIO,Rosario,Asfalto,No existe,II,S/D,Urbana,Semáforo,Funciona,Intersección,Bueno,Buena,Amanecer,Buen Tiempo,S/D,S/D,Colisión,Ninguna,Vertical,Ninguna,Sin restricción,"-32.94332, -60.67737","['Alsina', 'San Juan']",2,,-32.94332,-60.67737,55.0,538.0,Municipio Rosario,Municipio,Rosario,820210,Servicio de Catastro e Información Territorial,IGN
2019,6855,2019-07-20,Sabado,,23:30:00,,0.0,2,"Pickup/Utilitario,Moto/Ciclomotor",Urquiza Y Balcarce,2,1,0,0,1,0,0,"-32.94049, -60.65108",Calle,,ROSARIO,Rosario,Asfalto,No existe,II,S/D,Urbana,Señal Pare,No existe,Intersección,Bueno,Buena,"Nocturna,Con luz artificial",Buen Tiempo,S/D,S/D,Colisión,S/D,Vertical,Ninguna,Sin restricción,"-32.94049, -60.65108","['Urquiza', 'Balcarce']",2,,-32.94049,-60.65108,55.0,538.0,Municipio Rosario,Municipio,Rosario,820210,Servicio de Catastro e Información Territorial,IGN
2019,6857,2019-07-20,Sabado,,07:45:00,,0.0,2,"Moto/Ciclomotor,Automóvil",L.N.Alem Y Pasco,2,0,1,0,1,0,0,"-32.96133, -60.63161",Calle,,ROSARIO,Rosario,Asfalto,No existe,II,S/D,Urbana,Ninguna,No existe,Intersección,Bueno,S/D,Amanecer,Buen Tiempo,S/D,S/D,Colisión,S/D,S/D,S/D,Sin restricción,"-32.96133, -60.63161","['Alem', 'Pasco']",2,,-32.96133,-60.63161,55.0,538.0,Municipio Rosario,Municipio,Rosario,820210,Servicio de Catastro e Información Territorial,IGN
2019,6861,2019-07-20,Sabado,,22:40:00,,0.0,2,"Moto/Ciclomotor,Automóvil",Catamarca Y Italia,4,3,0,0,1,0,0,"-32.93886, -60.64641",Calle,,ROSARIO,Rosario,Asfalto,No existe,II,S/D,Urbana,Ninguna,S/D,Intersección,Bueno,Buena,"Nocturna,Con luz artificial",Buen Tiempo,S/D,S/D,Colisión,S/D,Vertical,Ninguna,Sin restricción,"-32.93886, -60.64641","['Catamarca', 'Italia']",2,,-32.93886,-60.64641,55.0,538.0,Municipio Rosario,Municipio,Rosario,820210,Servicio de Catastro e Información Territorial,IGN
2019,6862,2019-02-14,Jueves,,09:50:00,,0.0,2,"Peatón,Tren",F.More Y Amenabar,2,0,0,0,1,1,0,"-32.96349,-60.69281",Calle,,ROSARIO,Rosario,Asfalto,No existe,II,Dentro,Urbana,Ninguna,No existe,Paso a Nivel FFCC,Bueno,S/D,Diurna,S/D,S/D,Peatón,Atropello,Ninguna,S/D,Ninguna,Sin restricción,"-32.96349,-60.69281","['Felipe Moré', 'Amenabar']",2,,-32.96349,-60.69281,55.0,538.0,Municipio Rosario,Municipio,Rosario,820210,Servicio de Catastro e Información Territorial,IGN
2019,6872,2019-09-13,Viernes,,17:20:00,,0.0,2,"Transporte de Pasajeros Urbano (> 8 asientos),Moto/Ciclomotor",Av. Provincias Unidas Y J.J.Paso,2,1,0,0,1,0,0,"-32.920049888432,-60.713715806863",Avenida,,ROSARIO,Rosario,Asfalto,No existe,II,Dentro,Urbana,Paso Peatonal,No existe,Rotonda,Bueno,Buena,Diurna,Buen Tiempo,S/D,S/D,Colisión,Ninguna,Horizontal,"Cordón divisorio,Línea divisoria pintada",Sin restricción,"-32.920049888432,-60.713715806863","['Avenida Provincias Unidas', 'Paso']",2,,-32.920049888432,-60.713715806863,55.0,538.0,Municipio Rosario,Municipio,Rosario,820210,Servicio de Catastro e Información Territorial,IGN
2019,6874,2019-09-20,Viernes,,11:25:00,,0.0,2,"Peatón,Automóvil",Larrea Y San Juan,2,1,0,0,1,0,0,"-32.940673466458,-60.697243898054",Calle,,ROSARIO,Rosario,Asfalto,No existe,II,Dentro,Urbana,Semáforo,Funciona,Intersección,Deteriorada,Buena,Diurna,Buen Tiempo,S/D,Peatón,Atropello,Ninguna,Vertical,Ninguna,Sin restricción,"-32.940673466458,-60.697243898054","['Larrea', 'San Juan']",2,,-32.940673466458,-60.697243898054,55.0,538.0,Municipio Rosario,Municipio,Rosario,820210,Servicio de Catastro e Información Territorial,IGN
2019,6876,2019-09-26,Jueves,,12:05:00,,0.0,2,"Bicicleta,Automóvil",Av. Provincias Unidas Y Rio Negro,2,1,0,0,1,0,0,"-32.946111889555,-60.712430591862",Avenida,,ROSARIO,Rosario,Asfalto,No existe,II,Dentro,Urbana,Paso Peatonal,No existe,Intersección,Bueno,Buena,Diurna,Buen Tiempo,S/D,Ciclista,Atropello,Ninguna,Horizontal,"Cordón divisorio,Línea divisoria pintada",Sin restricción,"-32.946111889555,-60.712430591862","['Avenida Provincias Unidas', 'Rio Negro']",2,,-32.946111889555,-60.712430591862,55.0,538.0,Municipio Rosario,Municipio,Rosario,820210,Servicio de Catastro e Información Territorial,IGN
2019,6877,2019-09-26,Jueves,,21:35:00,,0.0,2,"Moto/Ciclomotor,Bicicleta",J.B.Justo 8500,2,2,0,0,0,0,0,"-32.915805279767,-60.746738018056",Calle,,ROSARIO,Rosario,Asfalto,No existe,II,Dentro,Urbana,Ninguna,No existe,Intersección,Bueno,Buena,Nocturna,Buen Tiempo,S/D,Ciclista,Atropello,Ninguna,Faltante,Ninguna,Sin restricción,"-32.915805279767,-60.746738018056",['J B Justo 8500'],1,,-32.915805279767,-60.746738018056,55.0,538.0,Municipio Rosario,Municipio,Rosario,820210,Servicio de Catastro e Información Territorial,IGN
2019,6878,2019-09-10,Martes,,13:15:00,,0.0,2,"Automóvil,Moto/Ciclomotor",Av. Jorge Newbery 8600,2,1,0,0,1,0,0,"-32.908866141742,-60.749386261804",Avenida,,ROSARIO,Rosario,Asfalto,No existe,II,Dentro,Urbana,Ninguna,No existe,Recta,Bueno,Buena,Diurna,Buen Tiempo,S/D,S/D,Colisión,Ninguna,Horizontal,Ninguna,Sin restricción,"-32.908866141742,-60.749386261804",['Jorge Newbery 8600'],1,,-32.908866141742,-60.749386261804,55.0,538.0,Municipio Rosario,Municipio,Rosario,820210,Servicio de Catastro e Información Territorial,IGN
2019,6883,2019-09-02,Lunes,,15:00:00,,0.0,2,"Moto/Ciclomotor,Automóvil",Jose Ingenieros Y Tarragona,2,1,0,0,1,0,0,"-32.917664461997,-60.735076666102",Calle,,ROSARIO,Rosario,Asfalto,No existe,II,Dentro,Urbana,Ninguna,No existe,Intersección,Bueno,Buena,Diurna,Buen Tiempo,S/D,S/D,Colisión,Ninguna,Faltante,Ninguna,Sin restricción,"-32.917664461997,-60.735076666102","['José Ingenieros', 'Tarragona']",2,,-32.917664461997,-60.735076666102,55.0,538.0,Municipio Rosario,Municipio,Rosario,820210,Servicio de Catastro e Información Territorial,IGN
2019,6886,2019-09-03,Martes,,20:30:00,,0.0,2,"Moto/Ciclomotor,Automóvil",Av. Provincias Unidas Y French,2,1,0,0,1,0,0,"-32.921779294879,-60.713474821454",Avenida,,ROSARIO,Rosario,Asfalto,No existe,II,Dentro,Urbana,Paso Peatonal,No existe,Recta,Bueno,Buena,"Nocturna,Con luz artificial",Buen Tiempo,S/D,S/D,Colisión,Ninguna,Horizontal,"Cordón divisorio,Línea divisoria pintada",Sin restricción,"-32.921779294879,-60.713474821454","['Avenida Provincias Unidas', 'French']",2,,-32.921779294879,-60.713474821454,55.0,538.0,Municipio Rosario,Municipio,Rosario,820210,Servicio de Catastro e Información Territorial,IGN
2019,6887,2019-09-05,Jueves,,12:55:00,,0.0,2,"Moto/Ciclomotor,Automóvil",J.Colombres Y La Republica,2,1,0,0,1,0,0,"-32.919052675418,-60.730320210904",Calle,,ROSARIO,Rosario,Asfalto,No existe,II,Dentro,Urbana,Ninguna,No existe,Intersección,Bueno,Buena,Diurna,Buen Tiempo,De alcance,S/D,Colisión,Ninguna,Faltante,Ninguna,Sin restricción,"-32.919052675418,-60.730320210904","['José Colombres', 'La República']",2,,-32.919052675418,-60.730320210904,55.0,538.0,Municipio Rosario,Municipio,Rosario,820210,Servicio de Catastro e Información Territorial,IGN
2019,6890,2019-09-10,Martes,,19:15:00,,0.0,2,"Camión Chasis,Moto/Ciclomotor",Av. Provincias Unidas Y F.M.Esquiu,2,1,0,0,1,0,0,"-32.923130659021,-60.713276979267",Avenida,,ROSARIO,Rosario,Asfalto,No existe,II,Dentro,Urbana,Ninguna,No existe,Intersección,Bueno,Buena,Diurna,Buen Tiempo,S/D,S/D,Colisión,Ninguna,Faltante,Cordón divisorio,Sin restricción,"-32.923130659021,-60.713276979267","['Avenida Provincias Unidas', 'Esquiú']",2,,-32.923130659021,-60.713276979267,55.0,538.0,Municipio Rosario,Municipio,Rosario,820210,Servicio de Catastro e Información Territorial,IGN
2019,6893,2019-09-13,Viernes,,18:40:00,,0.0,2,"Automóvil,Moto/Ciclomotor",Bolivia Y Juan B.De La Salle,2,1,0,0,1,0,0,"-32.922517053364,-60.714607559056",Calle,,ROSARIO,Rosario,Asfalto,No existe,II,Dentro,Urbana,Ninguna,No existe,Intersección,Bueno,Buena,Diurna,Buen Tiempo,S/D,S/D,Colisión,Ninguna,Faltante,Ninguna,Sin restricción,"-32.922517053364,-60.714607559056","['Bolivia', 'De La Salle']",2,,-32.922517053364,-60.714607559056,55.0,538.0,Municipio Rosario,Municipio,Rosario,820210,Servicio de Catastro e Información Territorial,IGN
2019,6894,2019-09-14,Sabado,,16:30:00,,0.0,2,"Moto/Ciclomotor,Taxi/Remis",Av. Provincias Unidas Y Bielsa,3,2,0,0,1,0,0,"-32.923772597862,-60.713252836301",Avenida,,ROSARIO,Rosario,Asfalto,No existe,II,Dentro,Urbana,Paso Peatonal,No existe,Recta,Bueno,Buena,Diurna,Buen Tiempo,S/D,S/D,Colisión,Ninguna,Horizontal,Cordón divisorio,Sin restricción,"-32.923772597862,-60.713252836301","['Avenida Provincias Unidas', 'Bielsa']",2,,-32.923772597862,-60.713252836301,55.0,538.0,Municipio Rosario,Municipio,Rosario,820210,Servicio de Catastro e Información Territorial,IGN
2019,6896,2019-09-18,Miercoles,,10:50:00,,0.0,2,"Automóvil,Automóvil",Av. Eva Peron Y Ecuador,2,1,0,0,1,0,0,"-32.932503962048,-60.715387113449",Avenida,,ROSARIO,Rosario,Asfalto,No existe,II,Dentro,Urbana,Semáforo,Funciona,Intersección,Bueno,Buena,Diurna,Buen Tiempo,De alcance,S/D,Colisión,Ninguna,"Horizontal,Vertical","Cordón divisorio,Línea divisoria pintada",Sin restricción,"-32.932503962048,-60.715387113449","['Avenida Eva Perón', 'Ecuador']",2,,-32.932503962048,-60.715387113449,55.0,538.0,Municipio Rosario,Municipio,Rosario,820210,Servicio de Catastro e Información Territorial,IGN
2019,6898,2019-09-22,Domingo,,18:30:00,,0.0,2,"Automóvil,Moto/Ciclomotor",J.Colombres Bis 1035,2,0,1,0,1,0,0,"-32.917115642184,-60.730390754941",Calle,,ROSARIO,Rosario,Asfalto,No existe,II,Dentro,Urbana,Ninguna,No existe,Recta,Bueno,Buena,Diurna,Buen Tiempo,S/D,S/D,Colisión,Ninguna,Faltante,Ninguna,Sin restricción,"-32.917115642184,-60.730390754941",['J Colombres Bis 1035'],1,,-32.917115642184,-60.730390754941,55.0,538.0,Municipio Rosario,Municipio,Rosario,820210,Servicio de Catastro e Información Territorial,IGN
2019,6899,2019-09-24,Martes,,12:10:00,,0.0,1,Otros,Acevedo Bis Y J.J.Paso,1,1,0,0,0,0,0,"-32.921230602966,-60.749064971687",Calle,,ROSARIO,Rosario,Asfalto,No existe,II,Dentro,Urbana,Señal Pare,No existe,Intersección,Bueno,Buena,Diurna,Buen Tiempo,S/D,S/D,Colisión,Ninguna,Vertical,Ninguna,Sin restricción,"-32.921230602966,-60.749064971687","['Acevedo', 'Paso']",2,,-32.921230602966,-60.749064971687,55.0,538.0,Municipio Rosario,Municipio,Rosario,820210,Servicio de Catastro e Información Territorial,IGN
2019,6901,2019-09-30,Lunes,,20:40:00,,0.0,2,"Automóvil,Bicicleta",Jose Ingenieros Y Sarratea Bis,2,1,0,0,1,0,0,"-32.917836212445,-60.741490862562",Calle,,ROSARIO,Rosario,Asfalto,No existe,II,Dentro,Urbana,Ninguna,No existe,Intersección,Bueno,Buena,Nocturna,Buen Tiempo,S/D,Ciclista,Atropello,Ninguna,Faltante,Ninguna,Sin restricción,"-32.917836212445,-60.741490862562","['José Ingenieros', 'Sarratea']",2,,-32.917836212445,-60.741490862562,55.0,538.0,Municipio Rosario,Municipio,Rosario,820210,Servicio de Catastro e Información Territorial,IGN
2019,6918,2019-07-01,Lunes,,23:00:00,,0.0,2,"Automóvil,Moto/Ciclomotor",Amenabar Y Castellanos,3,2,0,0,1,0,0,"-32.96564, -60.68155",S/D,,ROSARIO,Rosario,S/D,S/D,II,S/D,S/D,S/D,S/D,S/D,S/D,S/D,S/D,S/D,S/D,S/D,S/D,S/D,S/D,S/D,S/D,"-32.96564, -60.68155","['Amenabar', 'Aaron Castellanos']",2,,-32.96564,-60.68155,55.0,538.0,Municipio Rosario,Municipio,Rosario,820210,Servicio de Catastro e Información Territorial,IGN
2019,6932,2019-10-12,Sabado,,10:10:00,,0.0,2,"Moto/Ciclomotor,Pickup/Utilitario",Av. Genova 8400,3,2,0,0,1,0,0,"-32.91686, -60.74431",Calle,,ROSARIO,Rosario,Asfalto,No existe,II,Dentro,Urbana,Ninguna,No existe,S/D,Bueno,Buena,Diurna,Buen Tiempo,S/D,S/D,Colisión,Ninguna,S/D,Ninguna,Sin restricción,"-32.91686, -60.74431",['Genova 8400'],1,,-32.91686,-60.74431,55.0,538.0,Municipio Rosario,Municipio,Rosario,820210,Servicio de Catastro e Información Territorial,IGN
2019,6933,2019-07-02,Martes,,12:20:00,,0.0,2,"Moto/Ciclomotor,Peatón",Olavarria Bis 1200,2,1,0,0,1,0,0,"-32.91508, -60.70455",S/D,,ROSARIO,Rosario,S/D,S/D,II,S/D,S/D,S/D,S/D,S/D,S/D,S/D,S/D,S/D,S/D,Peatón,Atropello,S/D,S/D,S/D,S/D,"-32.91508, -60.70455",['Olavarria Bis 1200'],1,,-32.91508,-60.70455,55.0,538.0,Municipio Rosario,Municipio,Rosario,820210,Servicio de Catastro e Información Territorial,IGN
2019,6934,2019-10-11,Viernes,,04:10:00,,0.0,2,"Taxi/Remis,Automóvil",San Martin Y Amenabar,3,3,0,0,0,0,0,"-32.97244, -60.64314",Avenida,,ROSARIO,Rosario,Asfalto,No existe,II,Dentro,Urbana,Marca Vial,No existe,Intersección,Bueno,Buena,"Nocturna,Con luz artificial",Buen Tiempo,Lateral,S/D,Colisión,Ninguna,Faltante,S/D,Sin restricción,"-32.97244, -60.64314","['San Martin', 'Amenabar']",2,,-32.97244,-60.64314,55.0,538.0,Municipio Rosario,Municipio,Rosario,820210,Servicio de Catastro e Información Territorial,IGN
2019,6937,2019-10-10,Jueves,,19:20:00,,0.0,1,Moto/Ciclomotor,San Martin Y Pje. Moussy,3,2,0,0,1,0,0,"-32.99218, -60.64688",Avenida,,ROSARIO,Rosario,Asfalto,No existe,II,Dentro,Urbana,Ninguna,No existe,Intersección,Bueno,Buena,"Atardecer,Con luz artificial",Buen Tiempo,Contra objeto fijo,S/D,Colisión,Ninguna,Faltante,Ninguna,Sin restricción,"-32.99218, -60.64688","['San Martin', 'Moussy']",2,,-32.99218,-60.64688,55.0,538.0,Municipio Rosario,Municipio,Rosario,820210,Servicio de Catastro e Información Territorial,IGN
2019,6938,2019-07-02,Martes,,13:35:00,,0.0,2,"Automóvil,Automóvil",Reg.11 de Infanteria Y Av. Bermudez,2,1,0,0,1,0,0,"-32.99865, -60.64267",S/D,,ROSARIO,Rosario,S/D,S/D,II,S/D,S/D,S/D,S/D,S/D,S/D,S/D,S/D,S/D,S/D,S/D,S/D,S/D,S/D,S/D,S/D,"-32.99865, -60.64267","['Regimiento 11', 'Bermudez']",2,,-32.99865,-60.64267,55.0,538.0,Municipio Rosario,Municipio,Rosario,820210,Servicio de Catastro e Información Territorial,IGN
2019,6939,2019-10-11,Viernes,,17:00:00,,0.0,2,"Moto/Ciclomotor,Pickup/Utilitario",Av. Ovidio Lagos Y Sanchez de Bustamante,2,0,1,0,1,0,0,"-33.00279, -60.67587",Avenida,,ROSARIO,Rosario,Asfalto,No existe,II,Dentro,Urbana,S/D,No existe,Intersección,S/D,S/D,Diurna,S/D,S/D,S/D,Colisión,S/D,S/D,Cordón divisorio,Sin restricción,"-33.00279, -60.67587","['Avenida Ovidio Lagos', 'Sánchez de Bustamante']",2,,-33.00279,-60.67587,55.0,538.0,Municipio Rosario,Municipio,Rosario,820210,Servicio de Catastro e Información Territorial,IGN
2019,6943,2019-07-02,Martes,,,,0.0,2,"Moto/Ciclomotor,Automóvil",Rivarola Y J.Colombres,3,1,0,0,2,0,0,"-32.96632, -60.72473",S/D,,ROSARIO,Rosario,S/D,S/D,II,S/D,S/D,S/D,S/D,S/D,S/D,S/D,S/D,S/D,S/D,S/D,S/D,S/D,S/D,S/D,S/D,"-32.96632, -60.72473","['Rivarola', 'José Colombres']",2,,-32.96632,-60.72473,55.0,538.0,Municipio Rosario,Municipio,Rosario,820210,Servicio de Catastro e Información Territorial,IGN
2019,6951,2019-07-07,Domingo,,03:00:00,,0.0,2,"Automóvil,Pickup/Utilitario",Albert Sabin Y Av. Genova,2,1,0,0,1,0,0,"-32.91544, -60.69183",S/D,,ROSARIO,Rosario,S/D,S/D,II,S/D,S/D,S/D,S/D,S/D,S/D,S/D,S/D,S/D,S/D,S/D,S/D,S/D,S/D,S/D,S/D,"-32.91544, -60.69183","['Avenida Travesía Albert Sabin', 'Genova']",2,,-32.91544,-60.69183,55.0,538.0,Municipio Rosario,Municipio,Rosario,820210,Servicio de Catastro e Información Territorial,IGN
2019,6962,2019-07-31,Miercoles,,,,0.0,2,"Moto/Ciclomotor,Pickup/Utilitario",Bv. Rondeau Y Av. Sorrento,2,1,0,0,1,0,0,"    -32.90708, -60.68848",Avenida,,ROSARIO,Rosario,Asfalto,No existe,II,Dentro,Urbana,Ninguna,S/D,Intersección,S/D,S/D,S/D,S/D,S/D,S/D,Colisión,S/D,S/D,S/D,S/D,"    -32.90708, -60.68848","['Rondeau', 'Sorrento']",2,,-32.90708,-60.68848,55.0,538.0,Municipio Rosario,Municipio,Rosario,820210,Servicio de Catastro e Información Territorial,IGN
2019,7011,2019-07-04,Jueves,,10:45:00,,0.0,2,"Moto/Ciclomotor,Automóvil",Bv. Segui Y Matienzo,2,1,0,0,1,0,0,"-32.97061, -60.69348",S/D,,ROSARIO,Rosario,S/D,S/D,II,S/D,S/D,S/D,S/D,S/D,S/D,S/D,S/D,S/D,S/D,S/D,S/D,S/D,S/D,S/D,S/D,"-32.97061, -60.69348","['Bulevar Juan Francisco Seguí', 'Matienzo']",2,,-32.97061,-60.69348,55.0,538.0,Municipio Rosario,Municipio,Rosario,820210,Servicio de Catastro e Información Territorial,IGN
2019,7014,2019-07-04,Jueves,,10:10:00,,0.0,2,"Automóvil,Moto/Ciclomotor",Gorriti Y Bahia Blanca Bis,3,2,0,0,1,0,0,"-32.92373, -60.68877",S/D,,ROSARIO,Rosario,S/D,S/D,II,S/D,S/D,S/D,S/D,S/D,S/D,S/D,S/D,S/D,S/D,S/D,S/D,S/D,S/D,S/D,S/D,"-32.92373, -60.68877","['Gorriti', 'Bahía Blanca']",2,,-32.92373,-60.68877,55.0,538.0,Municipio Rosario,Municipio,Rosario,820210,Servicio de Catastro e Información Territorial,IGN
2019,7015,2019-10-10,Jueves,,13:30:00,,0.0,1,Moto/Ciclomotor,Av. Ovidio Lagos ,1,1,0,0,0,0,0,"-33.00686, -60.67665",Avenida,,ROSARIO,Rosario,Asfalto,No existe,II,Dentro,Urbana,Ninguna,Funciona,Intersección,S/D,S/D,Diurna,Otro,S/D,S/D,Despiste,S/D,S/D,"Guardarrail,Cordón divisorio",S/D,"-33.00686, -60.67665",['Avenida Ovidio Lagos'],1,,-33.00686,-60.67665,55.0,538.0,Municipio Rosario,Municipio,Rosario,820210,Servicio de Catastro e Información Territorial,IGN
2019,7017,2019-10-10,Jueves,,18:30:00,,0.0,2,"Moto/Ciclomotor,Peatón",Vera Mujica Y Garibaldi,2,1,0,0,1,0,0,"-32.9808, -60.67686",Calle,,ROSARIO,Rosario,Asfalto,No existe,II,Dentro,Urbana,Ninguna,No existe,Intersección,S/D,S/D,Diurna,S/D,S/D,Peatón,Atropello,S/D,S/D,S/D,Sin restricción,"-32.9808, -60.67686","['Vera Mujíca', 'José Garibaldi']",2,,-32.9808,-60.67686,55.0,538.0,Municipio Rosario,Municipio,Rosario,820210,Servicio de Catastro e Información Territorial,IGN
2019,7020,2019-03-28,Jueves,,05:30:00,,0.0,1,Moto/Ciclomotor,Av. Ntra.Sra.del Rosario Y Leiva,1,0,1,0,0,0,0,"    -32.99951, -60.63808",Avenida,,ROSARIO,Rosario,S/D,S/D,II,Dentro,Urbana,S/D,S/D,Intersección,S/D,S/D,Amanecer,S/D,Otro,S/D,Colisión,S/D,S/D,S/D,S/D,"    -32.99951, -60.63808","['Nuestra Señora del Rosario', 'Leiva']",2,,-32.99951,-60.63808,55.0,538.0,Municipio Rosario,Municipio,Rosario,820210,Servicio de Catastro e Información Territorial,IGN
2019,7021,2019-07-04,Jueves,,,,0.0,2,"Camión,Moto/Ciclomotor",Fraga Y Garay,2,1,0,0,1,0,0,"-32.9663, -60.7092",S/D,,ROSARIO,Rosario,S/D,S/D,II,S/D,S/D,S/D,S/D,S/D,S/D,S/D,S/D,S/D,S/D,S/D,S/D,S/D,S/D,S/D,S/D,"-32.9663, -60.7092","['Fraga', 'Garay']",2,,-32.9663,-60.7092,55.0,538.0,Municipio Rosario,Municipio,Rosario,820210,Servicio de Catastro e Información Territorial,IGN
2019,7022,2019-10-10,Jueves,,13:30:00,,0.0,2,"Peatón,Moto/Ciclomotor",Av. E.Lopez Y Mariano Moreno,2,1,0,0,0,0,1,"-32.93252, -60.64762",Avenida,,ROSARIO,Rosario,Asfalto,No existe,II,Dentro,Urbana,Semáforo,Funciona,Recta,Bueno,S/D,S/D,Buen Tiempo,Otro,Peatón,Atropello,Ninguna,Vertical,Ninguna,Sin restricción,"-32.93252, -60.64762","['Lopez', 'Mariano Moreno']",2,,-32.93252,-60.64762,55.0,538.0,Municipio Rosario,Municipio,Rosario,820210,Servicio de Catastro e Información Territorial,IGN
2019,7024,2019-10-11,Viernes,,11:45:00,,0.0,2,"Moto/Ciclomotor,Automóvil",3 De Febrero Y Constitucion,2,1,0,0,1,0,0,"-32.94646, -60.67531",Calle,,ROSARIO,Rosario,Asfalto,No existe,II,Dentro,Urbana,Señal Pare,No existe,Intersección,Bueno,Buena,Diurna,Buen Tiempo,Lateral,S/D,Colisión,Ninguna,Vertical,Ninguna,Sin restricción,"-32.94646, -60.67531","['3 de Febrero', 'Constitución']",2,,-32.94646,-60.67531,55.0,538.0,Municipio Rosario,Municipio,Rosario,820210,Servicio de Catastro e Información Territorial,IGN