anio_acci,nro_acci,fecha,desc_dia,fecha_aprox,hora_aprox,desc_ruta,km,cant_participantes,desc_participante,calle_avenida_km,total,heridos_leves,heridos_graves,heridos_gravisimos,ilesos,fallecidos,sin_datos,posicion_XY,desc_tipo_via,desc_ruta_ori,desc_loc,desc_dpto,desc_tipo_calzada,desc_tipo_banquina,desc_unidad_regional,desc_lugar_calzada,desc_zona,desc_prioridad,desc_estado_semaforo,desc_lugar_via,desc_estado_via,desc_estado_visibilidad,desc_luminosidad,desc_estado_clima,desc_tipo_colision,desc_tipo_atropello,desc_tipo_hecho,desc_pres_calzada,desc_senializacion,desc_separacion_via,desc_restriccion,forma_geocod,calle_lista,numero_calles,calles_osm,lat,lon,index_right,gid,fna,gna,nam,in1,fdc,sag
2019,7025,2019-07-04,Jueves,,16:45:00,,0.0,2,"Automóvil,Moto/Ciclomotor",Bv. 27 De Febrero Y Larrea,2,1,0,0,1,0,0,"-32.95896, -60.69656",S/D,,ROSARIO,Rosario,S/D,S/D,II,S/D,S/D,S/D,S/D,S/D,S/D,S/D,S/D,S/D,S/D,S/D,S/D,S/D,S/D,S/D,S/D,"-32.95896, -60.69656","['27 de Febrero', 'Larrea']",2,,-32.95896,-60.69656,55.0,538.0,Municipio Rosario,Municipio,Rosario,820210,Servicio de Catastro e Información Territorial,IGN
2019,7026,2019-03-30,Sabado,,08:00:00,,0.0,1,Moto/Ciclomotor,Gaboto Y F.More,1,0,1,0,0,0,0,"    -32.96456, -60.69278",Calle,,ROSARIO,Rosario,Asfalto,No existe,II,Dentro,Urbana,S/D,S/D,Intersección,S/D,S/D,Nocturna,S/D,Otro,S/D,Colisión,S/D,S/D,S/D,S/D,"    -32.96456, -60.69278","['Gaboto', 'Felipe Moré']",2,,-32.96456,-60.69278,55.0,538.0,Municipio Rosario,Municipio,Rosario,820210,Servicio de Catastro e Información Territorial,IGN
2019,7027,2019-10-13,Domingo,,01:30:00,,0.0,2,"Moto/Ciclomotor,Automóvil",Bv. 27 De Febrero Y L.N.Alem,2,1,0,0,1,0,0,"-32.96939, -60.63363",Calle,,ROSARIO,Rosario,Asfalto,No existe,II,Dentro,Urbana,Semáforo,Funciona,Recta,Bueno,Buena,Nocturna,Buen Tiempo,De alcance,S/D,Colisión,Ninguna,Vertical,Ninguna,Sin restricción,"-32.96939, -60.63363","['27 de Febrero', 'Alem']",2,,-32.96939,-60.63363,55.0,538.0,Municipio Rosario,Municipio,Rosario,820210,Servicio de Catastro e Información Territorial,IGN
2019,7028,2019-10-11,Viernes,,08:30:00,,0.0,2,"Taxi/Remis,Bicicleta",Montevideo Y San Martin,2,1,0,0,1,0,0,"-32.95641, -60.63912",Calle,,ROSARIO,Rosario,Asfalto,No existe,II,Dentro,Urbana,Ninguna,No existe,Intersección,Bueno,Buena,Diurna,Buen Tiempo,S/D,Ciclista,Atropello,Ninguna,Faltante,Ninguna,Sin restricción,"-32.95641, -60.63912","['Montevideo', 'San Martin']",2,,-32.95641,-60.63912,55.0,538.0,Municipio Rosario,Municipio,Rosario,820210,Servicio de Catastro e Información Territorial,IGN
2019,7029,2019-10-08,Martes,,07:45:00,,0.0,2,"Taxi/Remis,Camión Chasis",Mariano Moreno Y San Lorenzo,3,2,0,0,1,0,0,"-32.94196, -60.64998",Calle,,ROSARIO,Rosario,Asfalto,No existe,II,Dentro,Urbana,Señal Pare,Funciona,Intersección,Bueno,Buena,Diurna,Buen Tiempo,S/D,S/D,Colisión,S/D,Vertical,Ninguna,Sin restricción,"-32.94196, -60.64998","['Mariano Moreno', 'San Lorenzo']",2,,-32.94196,-60.64998,55.0,538.0,Municipio Rosario,Municipio,Rosario,820210,Servicio de Catastro e Información Territorial,IGN
2019,7030,2019-10-08,Martes,,16:20:00,,0.0,2,"Automóvil,Moto/Ciclomotor",Iriondo Y Mendoza,2,2,0,0,0,0,0,"-32.94589, -60.67094",Calle,,ROSARIO,Rosario,Asfalto,No existe,II,Dentro,Urbana,Ninguna,No existe,Intersección,Bueno,Reducida,S/D,Lluvia,S/D,S/D,Colisión,Agua,S/D,S/D,Sin restricción,"-32.94589, -60.67094","['Iriondo', 'Mendoza']",2,,-32.94589,-60.67094,55.0,538.0,Municipio Rosario,Municipio,Rosario,820210,Servicio de Catastro e Información Territorial,IGN
2019,7032,2019-07-02,Martes,,12:00:00,,0.0,2,"Automóvil,Otros",Riobamba Y Entre Rios,2,0,1,0,1,0,0,"-32.96256, -60.64525",S/D,,ROSARIO,Rosario,S/D,S/D,II,S/D,S/D,S/D,S/D,S/D,S/D,S/D,S/D,S/D,S/D,S/D,S/D,S/D,S/D,S/D,S/D,"-32.96256, -60.64525","['Riobamba', 'Entre Ríos']",2,,-32.96256,-60.64525,55.0,538.0,Municipio Rosario,Municipio,Rosario,820210,Servicio de Catastro e Información Territorial,IGN
2019,7033,2019-10-10,Jueves,,22:00:00,,0.0,2,"Automóvil,Moto/Ciclomotor",Bv. Oroño ,3,2,0,0,1,0,0,"-32.95555,-60.65641",Calle,,ROSARIO,Rosario,Asfalto,No existe,II,Dentro,Urbana,Ninguna,No existe,Intersección,Bueno,Buena,"Nocturna,Con luz artificial",Buen Tiempo,S/D,S/D,Colisión,S/D,S/D,Ninguna,Sin restricción,"-32.95555,-60.65641",['Nicasio Oroñoño'],1,,-32.95555,-60.65641,55.0,538.0,Municipio Rosario,Municipio,Rosario,820210,Servicio de Catastro e Información Territorial,IGN
2019,7035,2019-10-08,Martes,,19:10:00,,0.0,2,"Automóvil,Moto/Ciclomotor",Alsina Y E.Zeballos,3,2,0,0,1,0,0,"-32.94817, -60.67859",Calle,,ROSARIO,Rosario,Asfalto,No existe,II,Dentro,Urbana,Ninguna,No existe,Intersección,Bueno,Buena,Atardecer,Buen Tiempo,Lateral,S/D,Colisión,Ninguna,Faltante,Ninguna,Sin restricción,"-32.94817, -60.67859","['Alsina', 'Zeballos']",2,,-32.94817,-60.67859,55.0,538.0,Municipio Rosario,Municipio,Rosario,820210,Servicio de Catastro e Información Territorial,IGN
2019,7036,2019-03-02,Sabado,,13:00:00,,0.0,1,Bicicleta,Bv. Avellaneda Y Garay,1,0,1,0,0,0,0,"-32.96715, -60.68642",S/D,,ROSARIO,Rosario,S/D,S/D,II,S/D,S/D,S/D,S/D,S/D,S/D,S/D,S/D,S/D,Otro,Ciclista,Atropello,S/D,S/D,S/D,S/D,"-32.96715, -60.68642","['Avellaneda', 'Garay']",2,,-32.96715,-60.68642,55.0,538.0,Municipio Rosario,Municipio,Rosario,820210,Servicio de Catastro e Información Territorial,IGN
2019,7037,2019-03-06,Miercoles,,23:20:00,,0.0,2,"Pickup/Utilitario,Automóvil",San Martin Y Garibaldi,2,0,1,0,0,1,0,"-32.98635,-60.64568",Calle,,ROSARIO,Rosario,Asfalto,No existe,II,Dentro,Urbana,Ninguna,No existe,Intersección,Bueno,S/D,Nocturna,S/D,Lateral,S/D,Colisión,Ninguna,Horizontal,"Cordón divisorio,Ninguna,S/D",Sin restricción,"-32.98635,-60.64568","['San Martin', 'José Garibaldi']",2,,-32.98635,-60.64568,55.0,538.0,Municipio Rosario,Municipio,Rosario,820210,Servicio de Catastro e Información Territorial,IGN
2019,7040,2019-10-08,Martes,,18:35:00,,0.0,2,"Automóvil,Bicicleta",Muniagurria 200,2,1,0,0,1,0,0,"-32.93098, -60.73322",Calle,,ROSARIO,Rosario,Asfalto,No existe,II,Dentro,Urbana,Ninguna,No existe,Recta,Bueno,Buena,Diurna,Buen Tiempo,S/D,Ciclista,Atropello,Ninguna,S/D,Ninguna,Sin restricción,"-32.93098, -60.73322",['Muniagurria 200'],1,,-32.93098,-60.73322,55.0,538.0,Municipio Rosario,Municipio,Rosario,820210,Servicio de Catastro e Información Territorial,IGN
2019,7043,2019-10-13,Domingo,,11:40:00,,0.0,2,"Automóvil,Moto/Ciclomotor",Cochabamba Y Roullon,5,1,0,0,4,0,0,"-32.94956, -60.70188",Calle,,ROSARIO,Rosario,Asfalto,Pavimento,II,S/D,Urbana,Otra Señal,Funciona,Otro,Bueno,Buena,Diurna,Buen Tiempo,Otro,S/D,Colisión,Ninguna,S/D,Ninguna,Sin restricción,"-32.94956, -60.70188","['Cochabamba', 'Alfredo Rouillón']",2,,-32.94956,-60.70188,55.0,538.0,Municipio Rosario,Municipio,Rosario,820210,Servicio de Catastro e Información Territorial,IGN
2019,7046,2019-10-12,Sabado,,15:40:00,,0.0,2,"Moto/Ciclomotor,Automóvil",Garay Y Fraga,4,3,0,0,1,0,0,"-32.96626, -60.7092",S/D,,ROSARIO,Rosario,Asfalto,Pavimento,II,S/D,Urbana,Otra Señal,S/D,Otro,Bueno,S/D,S/D,Buen Tiempo,Otro,S/D,Colisión,Ninguna,S/D,Ninguna,S/D,"-32.96626, -60.7092","['Garay', 'Fraga']",2,,-32.96626,-60.7092,55.0,538.0,Municipio Rosario,Municipio,Rosario,820210,Servicio de Catastro e Información Territorial,IGN
2019,7047,2019-10-08,Martes,,12:45:00,,0.0,2,"Moto/Ciclomotor,Automóvil",Camilo Aldao Y Bv. 27 De Febrero,2,1,0,0,0,0,1,"-32.95885, -60.69528",Calle,,ROSARIO,Rosario,Asfalto,Pavimento,II,S/D,Urbana,Semáforo,Funciona,Otro,Bueno,Buena,Diurna,Buen Tiempo,S/D,S/D,Colisión,Ninguna,S/D,Ninguna,Sin restricción,"-32.95885, -60.69528","['Camilo Aldao', '27 de Febrero']",2,,-32.95885,-60.69528,55.0,538.0,Municipio Rosario,Municipio,Rosario,820210,Servicio de Catastro e Información Territorial,IGN
2019,7052,2019-10-08,Martes,,11:35:00,,0.0,2,"Pickup/Utilitario,Moto/Ciclomotor",Bertole Y Calle 1724,3,2,0,0,1,0,0,"-32.96552,-60.72971",Calle,,ROSARIO,Rosario,Asfalto,Pavimento,II,S/D,Urbana,S/D,S/D,Recta,Bueno,Buena,Diurna,Buen Tiempo,Lateral,S/D,Colisión,Ninguna,S/D,Ninguna,S/D,"-32.96552,-60.72971","['Bertole', 'Hermana Paula Márquez']",2,,-32.96552,-60.72971,55.0,538.0,Municipio Rosario,Municipio,Rosario,820210,Servicio de Catastro e Información Territorial,IGN
2019,7063,2019-10-09,Miercoles,,21:30:00,,0.0,2,"Moto/Ciclomotor,Automóvil",Entre Rios Y Rueda,2,1,0,0,1,0,0,"-32.97055, -60.64713",Calle,,ROSARIO,Rosario,Asfalto,No existe,II,Dentro,Urbana,Ninguna,No existe,Recta,Bueno,Buena,"Nocturna,Con luz artificial",Buen Tiempo,Lateral,S/D,Colisión,S/D,S/D,Ninguna,Sin restricción,"-32.97055, -60.64713","['Entre Ríos', 'Rueda']",2,,-32.97055,-60.64713,55.0,538.0,Municipio Rosario,Municipio,Rosario,820210,Servicio de Catastro e Información Territorial,IGN
2019,7065,2019-10-08,Martes,,09:45:00,,0.0,2,"Moto/Ciclomotor,Pickup/Utilitario",Pueyrredon Y Bv. 27 De Febrero,2,1,0,0,1,0,0,"-32.96428, -60.66269",Calle,,ROSARIO,Rosario,Asfalto,No existe,II,Dentro,Urbana,Semáforo,Funciona,Intersección,Bueno,Buena,Diurna,Buen Tiempo,Lateral,S/D,Colisión,Ninguna,Vertical,Ninguna,Sin restricción,"-32.96428, -60.66269","['Pueyrredón', '27 de Febrero']",2,,-32.96428,-60.66269,55.0,538.0,Municipio Rosario,Municipio,Rosario,820210,Servicio de Catastro e Información Territorial,IGN
2019,7068,2019-10-12,Sabado,,10:30:00,,0.0,2,"Automóvil,Peatón",Mitre 1400,3,1,0,0,2,0,0,"-32.9537, -60.64143",Calle,,ROSARIO,Rosario,Asfalto,No existe,II,Dentro,Urbana,Ninguna,No existe,Recta,Bueno,Buena,Diurna,Buen Tiempo,S/D,Peatón,Atropello,Ninguna,Vertical,Ninguna,Sin restricción,"-32.9537, -60.64143",['Mitre 1400'],1,,-32.9537,-60.64143,55.0,538.0,Municipio Rosario,Municipio,Rosario,820210,Servicio de Catastro e Información Territorial,IGN
2019,7126,2019-09-09,Lunes,,18:35:00,,0.0,2,"Moto/Ciclomotor,Automóvil",Bv. Avellaneda Y Ocampo,4,1,0,0,1,0,2,"-32.959147, -60.684117",Avenida,,ROSARIO,Rosario,Asfalto,No existe,II,Dentro,Urbana,Ninguna,No existe,Recta,Bueno,Buena,Diurna,Buen Tiempo,De alcance,S/D,Colisión,Ninguna,Faltante,Ninguna,Sin restricción,"-32.959147, -60.684117","['Avellaneda', 'Ocampo']",2,,-32.959147,-60.684117,55.0,538.0,Municipio Rosario,Municipio,Rosario,820210,Servicio de Catastro e Información Territorial,IGN
2019,7127,2019-09-09,Lunes,,23:50:00,,0.0,2,"Moto/Ciclomotor,Automóvil",Bv. Avellaneda Y Cerrito,2,0,1,0,1,0,0,"-32.954574, -60.682945",Avenida,,ROSARIO,Rosario,Asfalto,No existe,II,Dentro,Urbana,Ninguna,Funciona,Recta,Bueno,Buena,"Nocturna,Con luz artificial",Buen Tiempo,Lateral,S/D,Colisión,Ninguna,"Horizontal,Vertical",Cordón divisorio,Sin restricción,"-32.954574, -60.682945","['Avellaneda', 'Cerrito']",2,,-32.954574,-60.682945,55.0,538.0,Municipio Rosario,Municipio,Rosario,820210,Servicio de Catastro e Información Territorial,IGN
2019,7128,2019-10-11,Viernes,,13:00:00,,0.0,2,"Moto/Ciclomotor,Pickup/Utilitario",Laprida Y Bv. 27 De Febrero,3,2,0,0,1,0,0,"-32.96821, -60.63953",Calle,,ROSARIO,Rosario,Asfalto,No existe,II,Dentro,Urbana,Semáforo,Funciona,Recta,Bueno,Buena,Diurna,Buen Tiempo,"De alcance,Múltiple",S/D,Colisión,Ninguna,Vertical,Ninguna,Sin restricción,"-32.96821, -60.63953","['Laprida', '27 de Febrero']",2,,-32.96821,-60.63953,55.0,538.0,Municipio Rosario,Municipio,Rosario,820210,Servicio de Catastro e Información Territorial,IGN
2019,7130,2019-09-20,Viernes,,17:10:00,,0.0,2,"Moto/Ciclomotor,Automóvil",Bv. 27 De Febrero Y Av. Provincias Unidas,2,1,0,0,1,0,0,"-32.959335, -60.711762",Avenida,,ROSARIO,Rosario,Asfalto,No existe,II,Dentro,Urbana,Semáforo,Funciona,Recta,Bueno,Buena,Diurna,Buen Tiempo,Lateral,S/D,Colisión,Ninguna,"Horizontal,Vertical",Cordón divisorio,Sin restricción,"-32.959335, -60.711762","['27 de Febrero', 'Avenida Provincias Unidas']",2,,-32.959335,-60.711762,55.0,538.0,Municipio Rosario,Municipio,Rosario,820210,Servicio de Catastro e Información Territorial,IGN
2019,7131,2019-10-11,Viernes,,08:40:00,,0.0,2,"Automóvil,Moto/Ciclomotor",Pueyrredon Y E.Zeballos,2,1,0,0,1,0,0,"-32.95159, -60.65957",Calle,,ROSARIO,Rosario,Asfalto,No existe,II,Dentro,Urbana,Ninguna,No existe,Intersección,Bueno,Buena,Diurna,Buen Tiempo,Lateral,S/D,Colisión,Ninguna,Vertical,Ninguna,Sin restricción,"-32.95159, -60.65957","['Pueyrredón', 'Zeballos']",2,,-32.95159,-60.65957,55.0,538.0,Municipio Rosario,Municipio,Rosario,820210,Servicio de Catastro e Información Territorial,IGN
2019,7132,2019-10-08,Martes,,16:30:00,,0.0,2,"Transporte de Pasajeros Urbano (> 8 asientos),Automóvil",Ocampo Y L.N.Alem,2,1,0,0,1,0,0,"-32.96822, -60.63332",Calle,,ROSARIO,Rosario,hormigón,No existe,II,Dentro,Urbana,Señal Pare,No existe,Intersección,Bueno,Buena,Diurna,Buen Tiempo,S/D,S/D,Colisión,Ninguna,Vertical,Ninguna,Sin restricción,"-32.96822, -60.63332","['Ocampo', 'Alem']",2,,-32.96822,-60.63332,55.0,538.0,Municipio Rosario,Municipio,Rosario,820210,Servicio de Catastro e Información Territorial,IGN
2019,7134,2019-09-12,Jueves,,12:30:00,,0.0,2,"Moto/Ciclomotor,Moto/Ciclomotor",Pasco Y Colombia,2,0,2,0,0,0,0,"-32.951075, -60.715674",Calle,,ROSARIO,Rosario,Asfalto,No existe,II,Dentro,Urbana,Ninguna,No existe,Recta,Bueno,Buena,Diurna,Buen Tiempo,Lateral,S/D,Colisión,Ninguna,Faltante,Ninguna,Sin restricción,"-32.951075, -60.715674","['Pasco', 'Colombia']",2,,-32.951075,-60.715674,55.0,538.0,Municipio Rosario,Municipio,Rosario,820210,Servicio de Catastro e Información Territorial,IGN
2019,7135,2019-10-08,Martes,,07:00:00,,0.0,2,"Moto/Ciclomotor,Taxi/Remis",Vera Mujica Y San Luis,2,0,1,0,1,0,0,"-32.94392, -60.66757",Calle,,ROSARIO,Rosario,Asfalto,No existe,II,Dentro,Urbana,Ninguna,No existe,Intersección,Bueno,Buena,Diurna,Buen Tiempo,Lateral,S/D,Colisión,Ninguna,Vertical,Ninguna,Sin restricción,"-32.94392, -60.66757","['Vera Mujíca', 'San Luis']",2,,-32.94392,-60.66757,55.0,538.0,Municipio Rosario,Municipio,Rosario,820210,Servicio de Catastro e Información Territorial,IGN
2019,7137,2019-10-09,Miercoles,,17:30:00,,0.0,2,"Automóvil,Bicicleta",Bv. Oroño Y Av de los inmigrantes,2,1,0,0,1,0,0,"-32.95559, -60.65648",Calle,,ROSARIO,Rosario,hormigón,No existe,II,Dentro,Urbana,Señal Ceda el Paso,No existe,Rotonda,Bueno,Buena,Diurna,Buen Tiempo,S/D,Ciclista,Atropello,Ninguna,Vertical,Cordón divisorio,Sin restricción,"-32.95559, -60.65648","['Bulevar Nicasio Oroño', 'Los Inmigrantes']",2,,-32.95559,-60.65648,55.0,538.0,Municipio Rosario,Municipio,Rosario,820210,Servicio de Catastro e Información Territorial,IGN
2019,7140,2019-09-24,Martes,,21:00:00,,0.0,2,"Moto/Ciclomotor,Automóvil",Biedma Y F.More,3,2,0,0,1,0,0,"-32.972923, -60.692531",Calle,,ROSARIO,Rosario,"Asfalto,Tierra",No existe,II,Dentro,Urbana,Ninguna,No existe,Recta,Bueno,Buena,"Nocturna,Con luz artificial",Buen Tiempo,De alcance,S/D,Colisión,Ninguna,Faltante,Ninguna,Sin restricción,"-32.972923, -60.692531","['Coronel Biedma', 'Felipe Moré']",2,,-32.972923,-60.692531,55.0,538.0,Municipio Rosario,Municipio,Rosario,820210,Servicio de Catastro e Información Territorial,IGN
2019,7148,2019-03-12,Martes,,,,0.0,2,"Moto/Ciclomotor,Otros",9 De Julio Y Castellanos,2,0,1,0,0,0,1,"-32.94726, -60.6769",Calle,,ROSARIO,Rosario,Asfalto,S/D,II,S/D,Urbana,S/D,S/D,Intersección,S/D,S/D,S/D,S/D,S/D,S/D,Colisión,S/D,S/D,S/D,S/D,"-32.94726, -60.6769","['9 de Julio', 'Aaron Castellanos']",2,,-32.94726,-60.6769,55.0,538.0,Municipio Rosario,Municipio,Rosario,820210,Servicio de Catastro e Información Territorial,IGN
2019,7150,2019-09-01,Domingo,,14:50:00,,0.0,2,"Automóvil,Bicicleta",Guatemala Y Cerrito,2,0,1,0,1,0,0,"-32.953485, -60.716732",Calle,,ROSARIO,Rosario,Asfalto,No existe,II,Dentro,Urbana,Ninguna,No existe,Intersección,Bueno,Buena,Diurna,Buen Tiempo,S/D,Ciclista,Atropello,Ninguna,Faltante,Ninguna,Sin restricción,"-32.953485, -60.716732","['Guatemala', 'Cerrito']",2,,-32.953485,-60.716732,55.0,538.0,Municipio Rosario,Municipio,Rosario,820210,Servicio de Catastro e Información Territorial,IGN
2019,7151,2019-09-30,Lunes,,21:10:00,,0.0,2,"Moto/Ciclomotor,Automóvil",RIVAROLA  Y JUAN PABLO II ,2,1,0,0,1,0,0,"-32.966025, -60.718433",Avenida,,ROSARIO,Rosario,Asfalto,No existe,II,Dentro,Urbana,Semáforo,Funciona,Recta,Bueno,Buena,Nocturna,Buen Tiempo,De alcance,S/D,Colisión,Ninguna,"Horizontal,Vertical",Cordón divisorio,Sin restricción,"-32.966025, -60.718433","['Rivarola', 'Juan Pablo II']",2,,-32.966025,-60.718433,55.0,538.0,Municipio Rosario,Municipio,Rosario,820210,Servicio de Catastro e Información Territorial,IGN
2019,7155,2019-09-26,Jueves,,08:45:00,,0.0,2,"Automóvil,Moto/Ciclomotor",ALSINA  Y MANUEL FLORES,2,1,0,0,1,0,0,"-32.951062, -60.679306",Calle,,ROSARIO,Rosario,Asfalto,No existe,II,Dentro,Urbana,Ninguna,No existe,Recta,Bueno,Buena,Diurna,Buen Tiempo,Lateral,S/D,Colisión,Ninguna,Faltante,Ninguna,Sin restricción,"-32.951062, -60.679306","['Alsina', 'Las Flores']",2,,-32.951062,-60.679306,55.0,538.0,Municipio Rosario,Municipio,Rosario,820210,Servicio de Catastro e Información Territorial,IGN
2019,7157,2019-03-17,Domingo,,00:00:00,,0.0,2,"Moto/Ciclomotor,Pickup/Utilitario",Bv. Avellaneda Y Av. Jorge Cura,2,0,0,0,1,1,0,"-32.98805,-60.6889",Calle,,ROSARIO,Rosario,Asfalto,No existe,II,Dentro,Urbana,Ninguna,No existe,Recta,Bueno,S/D,Nocturna,S/D,S/D,S/D,Colisión,Ninguna,Faltante,"Ninguna,S/D",Sin restricción,"-32.98805,-60.6889","['Avellaneda', 'Avenida Jorge Cura']",2,,-32.98805,-60.6889,55.0,538.0,Municipio Rosario,Municipio,Rosario,820210,Servicio de Catastro e Información Territorial,IGN
2019,7160,2019-09-12,Jueves,,17:40:00,,0.0,2,"Pickup/Utilitario,Moto/Ciclomotor",Bv. Segui Y Matienzo,2,1,0,0,1,0,0,"-32.970537, -60.693549",Avenida,,ROSARIO,Rosario,Asfalto,No existe,II,Dentro,Urbana,Semáforo,Funciona,Intersección,Bueno,Buena,Diurna,Buen Tiempo,Lateral,S/D,Colisión,Ninguna,Vertical,Cordón divisorio,Sin restricción,"-32.970537, -60.693549","['Bulevar Juan Francisco Seguí', 'Matienzo']",2,,-32.970537,-60.693549,55.0,538.0,Municipio Rosario,Municipio,Rosario,820210,Servicio de Catastro e Información Territorial,IGN
2019,7162,2019-10-11,Viernes,,,,0.0,2,"Moto/Ciclomotor,Otros",Uruguay Y Rio De Janeiro,2,0,1,0,0,0,1,"-32.96922, -60.68819",Calle,,ROSARIO,Rosario,Asfalto,S/D,II,S/D,Urbana,S/D,S/D,Intersección,S/D,S/D,S/D,S/D,S/D,S/D,Colisión,S/D,S/D,S/D,S/D,"-32.96922, -60.68819","['Uruguay', 'Río de Janeiro']",2,,-32.96922,-60.68819,55.0,538.0,Municipio Rosario,Municipio,Rosario,820210,Servicio de Catastro e Información Territorial,IGN
2019,7164,2019-09-25,Miercoles,,09:15:00,,0.0,2,"Moto/Ciclomotor,Pickup/Utilitario",Av. Pte.Peron Y Garzon,3,1,0,0,2,0,0,"-32.964645, -60.704688",Avenida,,ROSARIO,Rosario,Asfalto,No existe,II,Dentro,Urbana,Ninguna,No existe,Intersección,Bueno,Buena,Diurna,Buen Tiempo,Lateral,S/D,Colisión,Ninguna,Faltante,Ninguna,Sin restricción,"-32.964645, -60.704688","['Avenida Presidente Perón', 'Garzón']",2,,-32.964645,-60.704688,55.0,538.0,Municipio Rosario,Municipio,Rosario,820210,Servicio de Catastro e Información Territorial,IGN
2019,7169,2019-09-01,Domingo,,18:54:00,,0.0,2,"Moto/Ciclomotor,Pickup/Utilitario",Garzon Y Rueda,3,2,0,0,1,0,0,"-32.962633, -60.704804",Calle,,ROSARIO,Rosario,Asfalto,No existe,II,Dentro,Urbana,Ninguna,No existe,Intersección,Bueno,Buena,Atardecer,Buen Tiempo,Lateral,S/D,Colisión,Ninguna,Faltante,Ninguna,Sin restricción,"-32.962633, -60.704804","['Garzón', 'Rueda']",2,,-32.962633,-60.704804,55.0,538.0,Municipio Rosario,Municipio,Rosario,820210,Servicio de Catastro e Información Territorial,IGN
2019,7173,2019-03-20,Miercoles,,19:15:00,,0.0,2,"Camión c / Acoplado,Automóvil",Av. Ovidio Lagos 7100,5,0,2,0,1,2,0,"-33.02007,-60.6797",Avenida,,ROSARIO,Rosario,Asfalto,No existe,II,Dentro,Urbana,Semáforo,Funciona,Recta,Bueno,S/D,Atardecer,S/D,Lateral,S/D,Colisión,Ninguna,Vertical,"Cordón divisorio,S/D",Sin restricción,"-33.02007,-60.6797",['Ovidio Lagos 7100'],1,,-33.02007,-60.6797,55.0,538.0,Municipio Rosario,Municipio,Rosario,820210,Servicio de Catastro e Información Territorial,IGN
2019,7205,2019-09-14,Sabado,,02:20:00,,0.0,1,Automóvil,Bv. Avellaneda Bis 100,2,2,0,0,0,0,0,"-32.930302819551,-60.676813508425",Avenida,,ROSARIO,Rosario,Asfalto,No existe,II,Dentro,Urbana,Semáforo,No existe,Intersección,Bueno,Buena,Diurna,Buen Tiempo,Contra objeto fijo,S/D,Colisión,Ninguna,"Horizontal,Vertical",Ninguna,Sin restricción,"-32.930302819551,-60.676813508425",['Avellaneda Bis 100'],1,,-32.930302819551,-60.676813508425,55.0,538.0,Municipio Rosario,Municipio,Rosario,820210,Servicio de Catastro e Información Territorial,IGN
2019,7207,2019-09-13,Viernes,,17:45:00,,0.0,2,"Moto/Ciclomotor,Automóvil",Av. Irigoyen Y Darragueira,3,2,0,0,1,0,0,"-32.884504452606,-60.697028964156",Avenida,,ROSARIO,Rosario,Asfalto,No existe,II,Dentro,Urbana,Ninguna,No existe,Recta,Bueno,Buena,Diurna,Buen Tiempo,S/D,S/D,Colisión,Ninguna,Faltante,Ninguna,Sin restricción,"-32.884504452606,-60.697028964156","['Avenida Hipólito Irigoyen', 'José Darragueira']",2,,-32.884504452606,-60.697028964156,55.0,538.0,Municipio Rosario,Municipio,Rosario,820210,Servicio de Catastro e Información Territorial,IGN
2019,7209,2019-09-13,Viernes,,13:55:00,,0.0,2,"Automóvil,Bicicleta",Albert Sabin Y Av. Genova,3,0,1,0,2,0,0,"-32.915367264375,-60.691911535957",Avenida,,ROSARIO,Rosario,Asfalto,No existe,II,Dentro,Urbana,Semáforo,Funciona,Recta,Bueno,Buena,Diurna,Buen Tiempo,S/D,Ciclista,Atropello,Ninguna,"Horizontal,Vertical","Cordón divisorio,Vegetación,Línea divisoria pintada",Sin restricción,"-32.915367264375,-60.691911535957","['Avenida Travesía Albert Sabin', 'Genova']",2,,-32.915367264375,-60.691911535957,55.0,538.0,Municipio Rosario,Municipio,Rosario,820210,Servicio de Catastro e Información Territorial,IGN
2019,7210,2019-09-11,Miercoles,,18:15:00,,0.0,2,"Moto/Ciclomotor,Automóvil",Ing.Thedy Bis 100,2,1,0,0,1,0,0,"-32.929142093855,-60.665789135391",Calle,,ROSARIO,Rosario,Asfalto,No existe,II,Dentro,Urbana,Ninguna,No existe,Intersección,Bueno,Buena,Atardecer,Buen Tiempo,De alcance,S/D,Colisión,Ninguna,Faltante,Ninguna,Sin restricción,"-32.929142093855,-60.665789135391",['Ing Thedy Bis 100'],1,,-32.929142093855,-60.665789135391,55.0,538.0,Municipio Rosario,Municipio,Rosario,820210,Servicio de Catastro e Información Territorial,IGN
2019,7212,2019-09-06,Viernes,,15:30:00,,0.0,2,"Bicicleta,Taxi/Remis",Ing.Thedy Bis Y Junin,2,1,0,0,1,0,0,"-32.926506224705,-60.665898116714",Calle,,ROSARIO,Rosario,Asfalto,No existe,II,Dentro,Urbana,Ninguna,No existe,Intersección,Bueno,Buena,Diurna,Buen Tiempo,S/D,Ciclista,Atropello,Ninguna,Horizontal,Línea divisoria pintada,Sin restricción,"-32.926506224705,-60.665898116714","['Thedy', 'Junín']",2,,-32.926506224705,-60.665898116714,55.0,538.0,Municipio Rosario,Municipio,Rosario,820210,Servicio de Catastro e Información Territorial,IGN