anio_acci,nro_acci,fecha,desc_dia,fecha_aprox,hora_aprox,desc_ruta,km,cant_participantes,desc_participante,calle_avenida_km,total,heridos_leves,heridos_graves,heridos_gravisimos,ilesos,fallecidos,sin_datos,posicion_XY,desc_tipo_via,desc_ruta_ori,desc_loc,desc_dpto,desc_tipo_calzada,desc_tipo_banquina,desc_unidad_regional,desc_lugar_calzada,desc_zona,desc_prioridad,desc_estado_semaforo,desc_lugar_via,desc_estado_via,desc_estado_visibilidad,desc_luminosidad,desc_estado_clima,desc_tipo_colision,desc_tipo_atropello,desc_tipo_hecho,desc_pres_calzada,desc_senializacion,desc_separacion_via,desc_restriccion,forma_geocod,calle_lista,numero_calles,calles_osm,lat,lon,index_right,gid,fna,gna,nam,in1,fdc,sag
2019,7215,2019-09-07,Sabado,,07:50:00,,0.0,2,"Taxi/Remis,Moto/Ciclomotor",Gorriti 1300,2,2,0,0,0,0,0,"-32.923505113709,-60.682053716032",Calle,,ROSARIO,Rosario,Asfalto,No existe,II,Dentro,Urbana,Otra Señal,No existe,Intersección,Bueno,Buena,Diurna,Buen Tiempo,Lateral,S/D,Colisión,Ninguna,Vertical,Ninguna,Sin restricción,"-32.923505113709,-60.682053716032",['Gorriti 1300'],1,,-32.923505113709,-60.682053716032,55.0,538.0,Municipio Rosario,Municipio,Rosario,820210,Servicio de Catastro e Información Territorial,IGN
2019,7216,2019-09-01,Domingo,,06:45:00,,0.0,2,"Automóvil,Automóvil",Brown Y Callao,2,1,0,0,1,0,0,"-32.933223, -60.657709",Calle,,ROSARIO,Rosario,Asfalto,No existe,II,Dentro,Urbana,Semáforo,Funciona,Intersección,Bueno,Buena,"Amanecer,Con luz artificial",Buen Tiempo,De alcance,S/D,Colisión,Ninguna,Vertical,Ninguna,Sin restricción,"-32.933223, -60.657709","['Brown', 'Callao']",2,,-32.933223,-60.657709,55.0,538.0,Municipio Rosario,Municipio,Rosario,820210,Servicio de Catastro e Información Territorial,IGN
2019,7217,2019-09-26,Jueves,,06:40:00,,0.0,2,"Moto/Ciclomotor,Automóvil",Cerrito Y Pte.Roca,2,1,0,0,1,0,0,"-32.960619, -60.649003",Calle,,ROSARIO,Rosario,Asfalto,No existe,II,Dentro,Urbana,Ninguna,No existe,Recta,Bueno,Buena,Diurna,Buen Tiempo,De alcance,S/D,Colisión,Ninguna,Faltante,Ninguna,Sin restricción,"-32.960619, -60.649003","['Cerrito', 'Roca']",2,,-32.960619,-60.649003,55.0,538.0,Municipio Rosario,Municipio,Rosario,820210,Servicio de Catastro e Información Territorial,IGN
2019,7218,2019-09-24,Martes,,21:30:00,,0.0,2,"Moto/Ciclomotor,Automóvil",Av. Pellegrini Y Mariano Moreno,2,1,0,0,1,0,0,"-32.954994, -60.653308",Avenida,,ROSARIO,Rosario,Asfalto,No existe,II,Dentro,Urbana,Semáforo,Funciona,Intersección,Bueno,Buena,"Nocturna,Con luz artificial",Buen Tiempo,Lateral,S/D,Colisión,Ninguna,Vertical,Cordón divisorio,Sin restricción,"-32.954994, -60.653308","['Pellegrini', 'Mariano Moreno']",2,,-32.954994,-60.653308,55.0,538.0,Municipio Rosario,Municipio,Rosario,820210,Servicio de Catastro e Información Territorial,IGN
2019,7219,2019-09-04,Miercoles,,11:10:00,,0.0,2,"Peatón,Automóvil",Cordoba Y Mariano Moreno,2,1,0,0,1,0,0,"-32.944220, -60.650588",Calle,,ROSARIO,Rosario,Asfalto,No existe,II,Dentro,Urbana,Ninguna,No existe,Recta,Bueno,Buena,Diurna,Buen Tiempo,S/D,Peatón,"Colisión,Atropello",Ninguna,Faltante,Ninguna,Sin restricción,"-32.944220, -60.650588","['Córdoba', 'Mariano Moreno']",2,,-32.94422,-60.650588,55.0,538.0,Municipio Rosario,Municipio,Rosario,820210,Servicio de Catastro e Información Territorial,IGN
2019,7220,2019-09-25,Miercoles,,09:45:00,,0.0,2,"Moto/Ciclomotor,Automóvil",Italia Y Bv. 27 De Febrero,2,1,0,0,0,0,1,"-32.965896, -60.653229",Avenida,,ROSARIO,Rosario,Asfalto,No existe,II,Dentro,Urbana,Ninguna,Funciona,Recta,Bueno,Buena,Diurna,Buen Tiempo,De alcance,S/D,Colisión,Ninguna,Vertical,Ninguna,Sin restricción,"-32.965896, -60.653229","['Italia', '27 de Febrero']",2,,-32.965896,-60.653229,55.0,538.0,Municipio Rosario,Municipio,Rosario,820210,Servicio de Catastro e Información Territorial,IGN
2019,7221,2019-09-04,Miercoles,,18:30:00,,0.0,2,"Taxi/Remis,Bicicleta",Ayacucho Y Bv. 27 De Febrero,2,1,0,0,1,0,0,"-32.969689, -60.632202",Avenida,,ROSARIO,Rosario,Asfalto,No existe,II,Dentro,Urbana,Semáforo,Funciona,Intersección,Bueno,Buena,Diurna,Buen Tiempo,S/D,Ciclista,Atropello,Ninguna,Vertical,Cordón divisorio,Sin restricción,"-32.969689, -60.632202","['Ayacucho', '27 de Febrero']",2,,-32.969689,-60.632202,55.0,538.0,Municipio Rosario,Municipio,Rosario,820210,Servicio de Catastro e Información Territorial,IGN
2019,7222,2019-09-20,Viernes,,00:30:00,,0.0,2,"Automóvil,Automóvil",Pte.Roca Y Av. Illia,2,1,0,0,1,0,0,"-32.935865, -60.642829",Avenida,,ROSARIO,Rosario,Asfalto,No existe,II,Dentro,Urbana,Semáforo,Funciona,Recta,Bueno,Buena,Nocturna,Buen Tiempo,De alcance,S/D,Colisión,Ninguna,Vertical,Ninguna,Sin restricción,"-32.935865, -60.642829","['Roca', 'Illia']",2,,-32.935865,-60.642829,55.0,538.0,Municipio Rosario,Municipio,Rosario,820210,Servicio de Catastro e Información Territorial,IGN
2019,7223,2019-09-09,Lunes,,20:40:00,,0.0,2,"Moto/Ciclomotor,Pickup/Utilitario",Rio De Janeiro Y Santa Fe,2,1,0,0,0,0,1,"-32.937495, -60.680166",Calle,,ROSARIO,Rosario,Asfalto,No existe,II,Dentro,Urbana,Semáforo,Funciona,Intersección,Bueno,Buena,Nocturna,Buen Tiempo,"Contra objeto fijo,Lateral",S/D,Colisión,Ninguna,Vertical,Ninguna,Sin restricción,"-32.937495, -60.680166","['Río de Janeiro', 'Santa Fe']",2,,-32.937495,-60.680166,55.0,538.0,Municipio Rosario,Municipio,Rosario,820210,Servicio de Catastro e Información Territorial,IGN
2019,7224,2019-09-02,Lunes,,05:58:00,,0.0,2,"Automóvil,Bicicleta",San Luis Y Italia,2,1,0,0,1,0,0,"-32.947338, -60.648521",Calle,,ROSARIO,Rosario,Asfalto,No existe,II,Dentro,Urbana,Ninguna,No existe,Intersección,Bueno,Buena,"Nocturna,Con luz artificial",Buen Tiempo,S/D,Ciclista,Atropello,Ninguna,Faltante,Ninguna,Sin restricción,"-32.947338, -60.648521","['San Luis', 'Italia']",2,,-32.947338,-60.648521,55.0,538.0,Municipio Rosario,Municipio,Rosario,820210,Servicio de Catastro e Información Territorial,IGN
2019,7225,2019-09-01,Domingo,,16:45:00,,0.0,2,"Moto/Ciclomotor,Automóvil",Sarmiento Y Rueda,3,1,0,0,1,1,0,"-32.971067, -60.644361",Calle,,ROSARIO,Rosario,Asfalto,No existe,II,Dentro,Urbana,Otra Señal,No existe,Intersección,Bueno,Buena,Diurna,Buen Tiempo,Lateral,S/D,Colisión,Ninguna,Vertical,Ninguna,Sin restricción,"-32.971067, -60.644361","['Sarmiento', 'Rueda']",2,,-32.971067,-60.644361,55.0,538.0,Municipio Rosario,Municipio,Rosario,820210,Servicio de Catastro e Información Territorial,IGN
2019,7226,2019-09-04,Miercoles,,19:50:00,,0.0,2,"Moto/Ciclomotor,Automóvil",Riobamba Y Ayacucho,2,1,0,0,0,0,1,"-32.965032, -60.631057",Calle,,ROSARIO,Rosario,Asfalto,No existe,II,Dentro,Urbana,Otra Señal,No existe,Intersección,Bueno,Buena,"Atardecer,Con luz artificial",Buen Tiempo,Lateral,S/D,Colisión,Ninguna,Vertical,Ninguna,Sin restricción,"-32.965032, -60.631057","['Riobamba', 'Ayacucho']",2,,-32.965032,-60.631057,55.0,538.0,Municipio Rosario,Municipio,Rosario,820210,Servicio de Catastro e Información Territorial,IGN
2019,7227,2019-09-12,Jueves,,15:00:00,,0.0,2,"Bicicleta,Pickup/Utilitario",Diaz Velez Y Junin,2,1,0,0,1,0,0,"-32.926804822079,-60.684612041833",Calle,,ROSARIO,Rosario,Asfalto,No existe,II,Dentro,Urbana,Señal Pare,Funciona,Intersección,Bueno,Buena,Diurna,Buen Tiempo,S/D,Ciclista,Atropello,Ninguna,Vertical,Ninguna,Sin restricción,"-32.926804822079,-60.684612041833","['Díaz Vélez', 'Junín']",2,,-32.926804822079,-60.684612041833,55.0,538.0,Municipio Rosario,Municipio,Rosario,820210,Servicio de Catastro e Información Territorial,IGN
2019,7228,2019-09-20,Viernes,,08:50:00,,0.0,2,"Moto/Ciclomotor,Moto/Ciclomotor",Av. Luis Carballo Y Velez Sarsfield,2,1,0,0,1,0,0,"-32.924609450643,-60.663565423263",Avenida,,ROSARIO,Rosario,Asfalto,No existe,II,Dentro,Urbana,Semáforo,Funciona,Intersección,Bueno,Buena,Diurna,Buen Tiempo,Lateral,S/D,Colisión,Ninguna,"Horizontal,Vertical","Cordón divisorio,Línea divisoria pintada",Sin restricción,"-32.924609450643,-60.663565423263","['Avenida Doctor Luis Cándido Carballo', 'Vélez Sarsfield']",2,,-32.924609450643,-60.663565423263,55.0,538.0,Municipio Rosario,Municipio,Rosario,820210,Servicio de Catastro e Información Territorial,IGN
2019,7229,2019-09-23,Lunes,,12:40:00,,0.0,2,"Automóvil,Automóvil",Humberto I Y Iguazu,2,1,0,0,1,0,0,"-32.929757552088,-60.685702784696",Calle,,ROSARIO,Rosario,Asfalto,No existe,II,Dentro,Urbana,Ninguna,No existe,Intersección,Bueno,Buena,Diurna,Buen Tiempo,De alcance,S/D,Colisión,Ninguna,Faltante,Ninguna,Sin restricción,"-32.929757552088,-60.685702784696","['Humberto', 'Iguazu']",2,,-32.929757552088,-60.685702784696,55.0,538.0,Municipio Rosario,Municipio,Rosario,820210,Servicio de Catastro e Información Territorial,IGN
2019,7230,2019-09-01,Domingo,,00:45:00,,0.0,2,"Moto/Ciclomotor,Moto/Ciclomotor",Tucuman Y España,2,2,0,0,0,0,0,"-32.940321, -60.645348",Calle,,ROSARIO,Rosario,Asfalto,No existe,II,Dentro,Urbana,Semáforo,Funciona,Intersección,Bueno,Buena,"Nocturna,Con luz artificial",Buen Tiempo,"Contra objeto fijo,Lateral",S/D,Colisión,Ninguna,Vertical,Ninguna,Sin restricción,"-32.940321, -60.645348","['Tucumán', 'España']",2,,-32.940321,-60.645348,55.0,538.0,Municipio Rosario,Municipio,Rosario,820210,Servicio de Catastro e Información Territorial,IGN
2019,7232,2019-09-27,Viernes,,08:00:00,,0.0,2,"Moto/Ciclomotor,Moto/Ciclomotor",Junin 600,3,1,0,0,2,0,0,"-32.926504728587,-60.67209012826",Calle,,ROSARIO,Rosario,Asfalto,No existe,II,Dentro,Urbana,Señal Pare,No existe,Intersección,Bueno,Buena,Diurna,Buen Tiempo,Lateral,S/D,Colisión,Ninguna,"Horizontal,Vertical","Cordón divisorio,Vegetación",Sin restricción,"-32.926504728587,-60.67209012826",['Junin 600'],1,,-32.926504728587,-60.67209012826,55.0,538.0,Municipio Rosario,Municipio,Rosario,820210,Servicio de Catastro e Información Territorial,IGN
2019,7234,2019-09-06,Viernes,,04:40:00,,0.0,1,Moto/Ciclomotor,Bv. Avellaneda Y Cordoba,1,1,0,0,0,0,0,"-32.939116, -60.679070",Calle,,ROSARIO,Rosario,Asfalto,No existe,II,Dentro,Urbana,Semáforo,Funciona,Intersección,Bueno,Buena,"Nocturna,Con luz artificial",Buen Tiempo,Contra objeto fijo,S/D,Colisión,Ninguna,"Horizontal,Vertical",Línea divisoria pintada,Sin restricción,"-32.939116, -60.679070","['Avellaneda', 'Córdoba']",2,,-32.939116,-60.67907,55.0,538.0,Municipio Rosario,Municipio,Rosario,820210,Servicio de Catastro e Información Territorial,IGN
2019,7235,2019-09-13,Viernes,,12:40:00,,0.0,2,"Moto/Ciclomotor,Automóvil",Av. Irigoyen Y Bv. Rondeau,2,1,0,0,1,0,0,"-32.884465878211,-60.6956818667",Avenida,,ROSARIO,Rosario,Asfalto,No existe,II,Dentro,Urbana,Semáforo,Funciona,Intersección,Bueno,Buena,Diurna,Buen Tiempo,De alcance,S/D,Colisión,Ninguna,"Horizontal,Vertical","Cordón divisorio,Vegetación,Línea divisoria pintada",Sin restricción,"-32.884465878211,-60.6956818667","['Avenida Hipólito Irigoyen', 'Rondeau']",2,,-32.884465878211,-60.6956818667,55.0,538.0,Municipio Rosario,Municipio,Rosario,820210,Servicio de Catastro e Información Territorial,IGN
2019,7237,2019-09-03,Martes,,13:00:00,,0.0,2,"Moto/Ciclomotor,Automóvil",Salvat Y Valentin Gomez,2,1,0,0,1,0,0,"-32.882389114038,-60.699521277249",Calle,,ROSARIO,Rosario,Asfalto,No existe,II,Dentro,Urbana,Marca Vial,No existe,Intersección,Con baches,Buena,Diurna,Buen Tiempo,S/D,S/D,Colisión,Ninguna,Horizontal,Ninguna,Sin restricción,"-32.882389114038,-60.699521277249","['Salvat', 'Valentín Gómez']",2,,-32.882389114038,-60.699521277249,55.0,538.0,Municipio Rosario,Municipio,Rosario,820210,Servicio de Catastro e Información Territorial,IGN
2019,7239,2019-09-19,Jueves,,14:15:00,,0.0,2,"Automóvil,Moto/Ciclomotor",Jose Ingenieros 800,2,1,0,0,1,0,0,"-32.915989330069,-60.675273802801",Calle,,ROSARIO,Rosario,Asfalto,No existe,II,Dentro,Urbana,Ninguna,No existe,Intersección,Bueno,Buena,Diurna,Buen Tiempo,Lateral,S/D,Colisión,Ninguna,Faltante,Ninguna,Sin restricción,"-32.915989330069,-60.675273802801",['Jose Ingenieros 800'],1,,-32.915989330069,-60.675273802801,55.0,538.0,Municipio Rosario,Municipio,Rosario,820210,Servicio de Catastro e Información Territorial,IGN
2019,7240,2019-09-28,Sabado,,07:40:00,,0.0,2,"Automóvil,Moto/Ciclomotor",Av. Luis Carballo Y Echeverria Bis,3,2,0,0,1,0,0,"-32.921775158279,-60.672256002108",Avenida,,ROSARIO,Rosario,Asfalto,No existe,II,Dentro,Urbana,Semáforo,Funciona,Intersección,Bueno,Buena,Diurna,Buen Tiempo,S/D,S/D,Colisión,Ninguna,"Horizontal,Vertical","Cordón divisorio,Línea divisoria pintada",Sin restricción,"-32.921775158279,-60.672256002108","['Avenida Doctor Luis Cándido Carballo', 'Echeverría']",2,,-32.921775158279,-60.672256002108,55.0,538.0,Municipio Rosario,Municipio,Rosario,820210,Servicio de Catastro e Información Territorial,IGN
2019,7241,2019-09-08,Domingo,,13:40:00,,0.0,2,"Automóvil,Moto/Ciclomotor",Urunday Y Yapeyu,2,1,0,0,1,0,0,"-32.880881648854,-60.698967447346",Calle,,ROSARIO,Rosario,Asfalto,No existe,II,Dentro,Urbana,Ninguna,No existe,Intersección,Bueno,Buena,Diurna,Buen Tiempo,S/D,S/D,Colisión,Ninguna,Faltante,Ninguna,Sin restricción,"-32.880881648854,-60.698967447346","['Urunday', 'Yapeyu']",2,,-32.880881648854,-60.698967447346,55.0,538.0,Municipio Rosario,Municipio,Rosario,820210,Servicio de Catastro e Información Territorial,IGN
2019,7243,2019-08-02,Viernes,,17:20:00,,0.0,2,"Moto/Ciclomotor,Automóvil",Albert Sabin Y J.J.Paso,2,1,0,0,1,0,0,"-32.919501887192,-60.688652951392",Avenida,,ROSARIO,Rosario,Asfalto,No existe,II,Dentro,Urbana,Semáforo,Funciona,Intersección,Bueno,Buena,Atardecer,Buen Tiempo,Lateral,S/D,Colisión,Ninguna,"Horizontal,Vertical","Cordón divisorio,Vegetación",Sin restricción,"-32.919501887192,-60.688652951392","['Avenida Travesía Albert Sabin', 'Paso']",2,,-32.919501887192,-60.688652951392,55.0,538.0,Municipio Rosario,Municipio,Rosario,820210,Servicio de Catastro e Información Territorial,IGN
2019,7245,2019-08-10,Sabado,,20:20:00,,0.0,2,"Moto/Ciclomotor,Moto/Ciclomotor",Av. Luis Carballo Y Echeverria Bis,2,1,0,0,1,0,0,"-32.921775158279,-60.672256002108",Avenida,,ROSARIO,Rosario,Asfalto,No existe,II,Dentro,Urbana,Semáforo,Funciona,Recta,Bueno,Buena,Nocturna,Buen Tiempo,Lateral,S/D,Colisión,Ninguna,"Horizontal,Vertical","Cordón divisorio,Línea divisoria pintada",Sin restricción,"-32.921775158279,-60.672256002108","['Avenida Doctor Luis Cándido Carballo', 'Echeverría']",2,,-32.921775158279,-60.672256002108,55.0,538.0,Municipio Rosario,Municipio,Rosario,820210,Servicio de Catastro e Información Territorial,IGN
2019,7246,2019-09-14,Sabado,,19:00:00,,0.0,1,Moto/Ciclomotor,Calderon Y Levi,1,1,0,0,0,0,0,"-32.881636310758,-60.731284053745",Calle,,ROSARIO,Rosario,Asfalto,No existe,II,Dentro,Urbana,Paso Peatonal,No existe,Intersección,Bueno,Buena,Nocturna,Buen Tiempo,S/D,S/D,Despiste,Ninguna,Horizontal,Ninguna,Sin restricción,"-32.881636310758,-60.731284053745","['Calderon', 'Levi']",2,,-32.881636310758,-60.731284053745,55.0,538.0,Municipio Rosario,Municipio,Rosario,820210,Servicio de Catastro e Información Territorial,IGN
2019,7248,2019-09-14,Sabado,,15:30:00,,0.0,2,"Automóvil,Moto/Ciclomotor",B.Alvarez Y Bv. Bouchard,3,1,1,0,1,0,0,"-32.890326934494,-60.730815535359",Avenida,,ROSARIO,Rosario,Tierra,No existe,II,Dentro,Urbana,Ninguna,No existe,Intersección,Deteriorada,Buena,Diurna,Buen Tiempo,Frontal,S/D,Colisión,Ninguna,Faltante,Ninguna,Sin restricción,"-32.890326934494,-60.730815535359","['Álvarez', 'Bouchard']",2,,-32.890326934494,-60.730815535359,55.0,538.0,Municipio Rosario,Municipio,Rosario,820210,Servicio de Catastro e Información Territorial,IGN
2019,7249,2019-09-20,Viernes,,14:30:00,,0.0,2,"Moto/Ciclomotor,Automóvil",Baigorria Y Lopez Buchardo,3,2,0,0,1,0,0,"-32.893950271902,-60.717738126256",Calle,,ROSARIO,Rosario,Asfalto,No existe,II,Dentro,Urbana,Ninguna,No existe,Intersección,Bueno,Buena,Diurna,Buen Tiempo,Lateral,S/D,Colisión,Ninguna,Faltante,Ninguna,Sin restricción,"-32.893950271902,-60.717738126256","['Baigorria', 'López Buchardo']",2,,-32.893950271902,-60.717738126256,55.0,538.0,Municipio Rosario,Municipio,Rosario,820210,Servicio de Catastro e Información Territorial,IGN
2019,7250,2019-09-03,Martes,,20:35:00,,0.0,2,"Automóvil,Moto/Ciclomotor",Salvat Y Villa del Parque,2,1,0,0,1,0,0,"-32.883582830169,-60.728254054422",Calle,,ROSARIO,Rosario,Asfalto,No existe,II,Dentro,Urbana,Ninguna,No existe,Intersección,Bueno,Buena,"Nocturna,Con luz artificial",Buen Tiempo,Lateral,S/D,Colisión,Ninguna,Faltante,Ninguna,Sin restricción,"-32.883582830169,-60.728254054422","['Salvat', 'Villa del Parque']",2,,-32.883582830169,-60.728254054422,55.0,538.0,Municipio Rosario,Municipio,Rosario,820210,Servicio de Catastro e Información Territorial,IGN
2019,7251,2019-06-14,Viernes,,16:00:00,,0.0,2,"Peatón,Otros",Bv. Segui Y Roullon,2,0,1,0,0,0,1,"-32.9708, -60.70099",Calle,,ROSARIO,Rosario,Asfalto,S/D,II,S/D,Urbana,S/D,S/D,Intersección,S/D,S/D,S/D,S/D,S/D,Peatón,Atropello,S/D,S/D,S/D,S/D,"-32.9708, -60.70099","['Bulevar Juan Francisco Seguí', 'Alfredo Rouillón']",2,,-32.9708,-60.70099,55.0,538.0,Municipio Rosario,Municipio,Rosario,820210,Servicio de Catastro e Información Territorial,IGN
2019,7254,2019-07-15,Lunes,,18:00:00,,0.0,2,"Moto/Ciclomotor,Otros",San Juan Y Lavalle,2,0,1,0,0,0,1,"-32.94309, -60.67874",Calle,,ROSARIO,Rosario,Asfalto,S/D,II,S/D,Urbana,S/D,S/D,Intersección,S/D,S/D,S/D,S/D,S/D,S/D,Colisión,S/D,S/D,S/D,S/D,"-32.94309, -60.67874","['San Juan', 'Lavalle']",2,,-32.94309,-60.67874,55.0,538.0,Municipio Rosario,Municipio,Rosario,820210,Servicio de Catastro e Información Territorial,IGN
2019,7258,2019-09-22,Domingo,,10:30:00,,0.0,2,"Moto/Ciclomotor,Automóvil",Rioja Y Italia,3,1,0,0,2,0,0,"-32.945834, -60.648127",Calle,,ROSARIO,Rosario,Asfalto,No existe,II,Dentro,Urbana,Ninguna,No existe,Intersección,Bueno,Buena,Diurna,Buen Tiempo,De alcance,S/D,Colisión,Ninguna,Faltante,Ninguna,Sin restricción,"-32.945834, -60.648127","['Rioja', 'Italia']",2,,-32.945834,-60.648127,55.0,538.0,Municipio Rosario,Municipio,Rosario,820210,Servicio de Catastro e Información Territorial,IGN
2019,7259,2019-09-03,Martes,,09:00:00,,0.0,2,"Automóvil,Automóvil",Mendoza 1659,3,1,0,0,1,0,1,"-32.950134, -60.647302",Calle,,ROSARIO,Rosario,Asfalto,No existe,II,Dentro,Urbana,Ninguna,No existe,Recta,Bueno,Buena,Diurna,Buen Tiempo,De alcance,S/D,Colisión,Ninguna,Faltante,Ninguna,Sin restricción,"-32.950134, -60.647302",['Mendoza 1659'],1,,-32.950134,-60.647302,55.0,538.0,Municipio Rosario,Municipio,Rosario,820210,Servicio de Catastro e Información Territorial,IGN
2019,7263,2019-09-17,Martes,,19:10:00,,0.0,2,"Bicicleta,Taxi/Remis",Montevideo Y Paraguay,2,1,0,0,1,0,0,"-32.955141, -60.646165",Calle,,ROSARIO,Rosario,Asfalto,No existe,II,Dentro,Urbana,Ninguna,No existe,Intersección,Bueno,Buena,"Atardecer,Con luz artificial",Buen Tiempo,S/D,Peatón,Atropello,Ninguna,Faltante,Ninguna,Sin restricción,"-32.955141, -60.646165","['Montevideo', 'Paraguay']",2,,-32.955141,-60.646165,55.0,538.0,Municipio Rosario,Municipio,Rosario,820210,Servicio de Catastro e Información Territorial,IGN
2019,7266,2019-09-21,Sabado,,12:30:00,,0.0,3,"Automóvil,Automóvil,Automóvil",Av. E.Lopez Y Balcarce,4,2,0,0,0,0,2,"-32.931774, -60.648683",Avenida,,ROSARIO,Rosario,Asfalto,No existe,II,Dentro,Urbana,Ninguna,No existe,Intersección,Bueno,Buena,Diurna,Buen Tiempo,"De alcance,Múltiple",S/D,Colisión,Ninguna,Faltante,Cordón divisorio,Sin restricción,"-32.931774, -60.648683","['Lopez', 'Balcarce']",2,,-32.931774,-60.648683,55.0,538.0,Municipio Rosario,Municipio,Rosario,820210,Servicio de Catastro e Información Territorial,IGN
2019,7269,2019-09-04,Miercoles,,07:30:00,,0.0,2,"Peatón,Taxi/Remis",Santa Fe Y Balcarce,2,1,0,0,1,0,0,"-32.942631, -60.651584",Calle,,ROSARIO,Rosario,Asfalto,No existe,II,Dentro,Urbana,Semáforo,Funciona,Intersección,Bueno,Buena,Diurna,Buen Tiempo,S/D,Peatón,Atropello,Ninguna,"Horizontal,Vertical",Ninguna,Sin restricción,"-32.942631, -60.651584","['Santa Fe', 'Balcarce']",2,,-32.942631,-60.651584,55.0,538.0,Municipio Rosario,Municipio,Rosario,820210,Servicio de Catastro e Información Territorial,IGN
2019,7271,2019-07-21,Domingo,,17:40:00,,0.0,2,"Automóvil,Moto/Ciclomotor",P.L.Funes Y Viamonte,2,0,1,0,1,0,0,"-32.95658, -60.70053",Calle,,ROSARIO,Rosario,Asfalto,S/D,II,S/D,Urbana,S/D,No existe,Intersección,Deteriorada,S/D,Atardecer,S/D,Lateral,S/D,Colisión,Ninguna,S/D,S/D,S/D,"-32.95658, -60.70053","['Funes', 'Viamonte']",2,,-32.95658,-60.70053,55.0,538.0,Municipio Rosario,Municipio,Rosario,820210,Servicio de Catastro e Información Territorial,IGN
2019,7273,2019-07-21,Domingo,,15:20:00,,0.0,3,"Automóvil,Automóvil,Pickup/Utilitario",Bv. Avellaneda Y Cordoba,3,1,0,0,2,0,0,"-32.93909, -60.67907",Avenida,,ROSARIO,Rosario,Asfalto,No existe,II,S/D,Urbana,Semáforo,Funciona,Intersección,Bueno,Buena,Diurna,Buen Tiempo,S/D,S/D,Colisión,S/D,Vertical,Ninguna,Sin restricción,"-32.93909, -60.67907","['Avellaneda', 'Córdoba']",2,,-32.93909,-60.67907,55.0,538.0,Municipio Rosario,Municipio,Rosario,820210,Servicio de Catastro e Información Territorial,IGN
2019,7276,2019-07-21,Domingo,,13:00:00,,0.0,2,"Moto/Ciclomotor,Automóvil",Av. Pellegrini Y Gutenberg,2,1,0,0,1,0,0,"-32.94844, -60.69003",Avenida,,ROSARIO,Rosario,Asfalto,No existe,II,S/D,Urbana,Ninguna,No existe,Intersección,Bueno,Buena,Diurna,Buen Tiempo,S/D,S/D,Colisión,Ninguna,Vertical,Ninguna,Sin restricción,"-32.94844, -60.69003","['Pellegrini', 'Gutenberg']",2,,-32.94844,-60.69003,55.0,538.0,Municipio Rosario,Municipio,Rosario,820210,Servicio de Catastro e Información Territorial,IGN
2019,7277,2019-07-21,Domingo,,03:35:00,,0.0,2,"Automóvil,Moto/Ciclomotor",Mariano Moreno Y H. Brandoni,2,1,0,0,1,0,0,"-33.00637, -60.6618",Calle,,ROSARIO,Rosario,Asfalto,No existe,II,Dentro,Urbana,S/D,S/D,Intersección,S/D,S/D,"Nocturna,Con luz artificial",S/D,S/D,S/D,Colisión,S/D,S/D,S/D,Sin restricción,"-33.00637, -60.6618","['Mariano Moreno', 'Brandoni']",2,,-33.00637,-60.6618,55.0,538.0,Municipio Rosario,Municipio,Rosario,820210,Servicio de Catastro e Información Territorial,IGN
2019,7288,2019-09-25,Miercoles,,07:00:00,,0.0,2,"Automóvil,Moto/Ciclomotor",Cordoba Y Lavalle,2,1,0,0,1,0,0,"-32.939340, -60.677801",Calle,,ROSARIO,Rosario,Asfalto,No existe,II,Dentro,Urbana,Semáforo,Funciona,Intersección,Bueno,Buena,Diurna,Buen Tiempo,Lateral,S/D,Colisión,Ninguna,Vertical,Ninguna,Sin restricción,"-32.939340, -60.677801","['Córdoba', 'Lavalle']",2,,-32.93934,-60.677801,55.0,538.0,Municipio Rosario,Municipio,Rosario,820210,Servicio de Catastro e Información Territorial,IGN
2019,7293,2019-09-25,Miercoles,,11:45:00,,0.0,2,"Automóvil,Bicicleta",Av. Lugones Y Bv. Oroño,2,1,0,0,1,0,0,"-32.958042, -60.657003",Avenida,,ROSARIO,Rosario,Asfalto,No existe,II,Dentro,Urbana,Otra Señal,No existe,Rotonda,Bueno,Buena,Diurna,Buen Tiempo,S/D,Ciclista,Atropello,Ninguna,"Horizontal,Vertical",Línea divisoria pintada,Sin restricción,"-32.958042, -60.657003","['Lugones', 'Bulevar Nicasio Oroño']",2,,-32.958042,-60.657003,55.0,538.0,Municipio Rosario,Municipio,Rosario,820210,Servicio de Catastro e Información Territorial,IGN