anio_acci,nro_acci,fecha,desc_dia,fecha_aprox,hora_aprox,desc_ruta,km,cant_participantes,desc_participante,calle_avenida_km,total,heridos_leves,heridos_graves,heridos_gravisimos,ilesos,fallecidos,sin_datos,posicion_XY,desc_tipo_via,desc_ruta_ori,desc_loc,desc_dpto,desc_tipo_calzada,desc_tipo_banquina,desc_unidad_regional,desc_lugar_calzada,desc_zona,desc_prioridad,desc_estado_semaforo,desc_lugar_via,desc_estado_via,desc_estado_visibilidad,desc_luminosidad,desc_estado_clima,desc_tipo_colision,desc_tipo_atropello,desc_tipo_hecho,desc_pres_calzada,desc_senializacion,desc_separacion_via,desc_restriccion,forma_geocod,calle_lista,numero_calles,calles_osm,lat,lon,index_right,gid,fna,gna,nam,in1,fdc,sag
2019,7296,2019-09-26,Jueves,,09:05:00,,0.0,2,"Automóvil,Bicicleta",Rio De Janeiro Y 3 De Febrero,2,1,0,0,1,0,0,"-32.945213, -60.682127",Calle,,ROSARIO,Rosario,Asfalto,No existe,II,Dentro,Urbana,Otra Señal,No existe,Intersección,Bueno,Buena,Diurna,Buen Tiempo,S/D,Ciclista,Atropello,Ninguna,Vertical,Ninguna,Sin restricción,"-32.945213, -60.682127","['Río de Janeiro', '3 de Febrero']",2,,-32.945213,-60.682127,55.0,538.0,Municipio Rosario,Municipio,Rosario,820210,Servicio de Catastro e Información Territorial,IGN
2019,7297,2019-09-02,Lunes,,00:15:00,,0.0,2,"Moto/Ciclomotor,Automóvil",Santiago Y San Juan,2,1,0,0,0,0,1,"-32.946991, -60.656880",Calle,,ROSARIO,Rosario,Asfalto,No existe,II,Dentro,Urbana,Ninguna,No existe,Intersección,Bueno,Buena,"Nocturna,Con luz artificial",Buen Tiempo,Lateral,S/D,Colisión,Ninguna,Vertical,Ninguna,Sin restricción,"-32.946991, -60.656880","['Santiago', 'San Juan']",2,,-32.946991,-60.65688,55.0,538.0,Municipio Rosario,Municipio,Rosario,820210,Servicio de Catastro e Información Territorial,IGN
2019,7300,2019-09-01,Domingo,,22:30:00,,0.0,2,"Moto/Ciclomotor,Transporte de Pasajeros Urbano (> 8 asientos)",Salta Y Av. Corrientes,2,0,1,0,1,0,0,"-32.938714, -60.640545",Calle,,ROSARIO,Rosario,Asfalto,No existe,II,Dentro,Urbana,Semáforo,Funciona,Intersección,Bueno,Buena,"Nocturna,Con luz artificial",Buen Tiempo,Lateral,S/D,Colisión,Ninguna,Vertical,Ninguna,Sin restricción,"-32.938714, -60.640545","['Salta', 'Corrientes']",2,,-32.938714,-60.640545,55.0,538.0,Municipio Rosario,Municipio,Rosario,820210,Servicio de Catastro e Información Territorial,IGN
2019,7302,2019-09-19,Jueves,,01:10:00,,0.0,2,"Moto/Ciclomotor,Automóvil",Bv. 27 De Febrero Y Sarmiento,3,2,0,0,1,0,0,"-32.966806, -60.647626",Avenida,,ROSARIO,Rosario,Asfalto,No existe,II,Dentro,Urbana,Semáforo,Funciona,Intersección,Bueno,Buena,Diurna,Buen Tiempo,Lateral,S/D,Colisión,Ninguna,"Horizontal,Vertical",Ninguna,Sin restricción,"-32.966806, -60.647626","['27 de Febrero', 'Sarmiento']",2,,-32.966806,-60.647626,55.0,538.0,Municipio Rosario,Municipio,Rosario,820210,Servicio de Catastro e Información Territorial,IGN
2019,7304,2019-09-24,Martes,,15:20:00,,0.0,2,"Moto/Ciclomotor,Bicicleta",Ricchieri Y Pje. Monroe,3,1,0,0,2,0,0,"-32.949925, -60.664857",Calle,,ROSARIO,Rosario,Asfalto,No existe,II,Dentro,Urbana,Ninguna,No existe,Recta,Bueno,Buena,Diurna,Buen Tiempo,De alcance,S/D,Colisión,Ninguna,Faltante,Ninguna,Sin restricción,"-32.949925, -60.664857","['Ricchieri', 'Monroe']",2,,-32.949925,-60.664857,55.0,538.0,Municipio Rosario,Municipio,Rosario,820210,Servicio de Catastro e Información Territorial,IGN
2019,7305,2019-03-23,Sabado,,17:20:00,,0.0,1,Automóvil,Av. Luis Carballo 990,3,1,1,0,0,1,0,"-32.92197,-60.67684",Calle,,ROSARIO,Rosario,Asfalto,No existe,II,S/D,Urbana,Semáforo,Funciona,Recta,Bueno,S/D,Diurna,S/D,Contra objeto fijo,S/D,Colisión,S/D,"Horizontal,Vertical","Cordón divisorio,S/D",Sin restricción,"-32.92197,-60.67684",['Luis Carballo 990'],1,,-32.92197,-60.67684,55.0,538.0,Municipio Rosario,Municipio,Rosario,820210,Servicio de Catastro e Información Territorial,IGN
2019,7307,2019-09-23,Lunes,,20:45:00,,0.0,2,"Moto/Ciclomotor,Peatón",Cordoba Y Lavalle,2,1,0,0,1,0,0,"-32.939340, -60.677808",Calle,,ROSARIO,Rosario,Asfalto,No existe,II,Dentro,Urbana,Semáforo,Funciona,Intersección,Bueno,Buena,Diurna,Buen Tiempo,S/D,Peatón,Atropello,Ninguna,Vertical,Ninguna,Sin restricción,"-32.939340, -60.677808","['Córdoba', 'Lavalle']",2,,-32.93934,-60.677808,55.0,538.0,Municipio Rosario,Municipio,Rosario,820210,Servicio de Catastro e Información Territorial,IGN
2019,7310,2019-09-20,Viernes,,15:30:00,,0.0,2,"Automóvil,Bicicleta",Dorrego Y Urquiza,4,1,0,0,3,0,0,"-32.940984, -60.648365",Calle,,ROSARIO,Rosario,Asfalto,No existe,II,Dentro,Urbana,Ninguna,No existe,Intersección,Bueno,Buena,Diurna,Buen Tiempo,S/D,Peatón,Atropello,Ninguna,Faltante,Ninguna,Sin restricción,"-32.940984, -60.648365","['Dorrego', 'Urquiza']",2,,-32.940984,-60.648365,55.0,538.0,Municipio Rosario,Municipio,Rosario,820210,Servicio de Catastro e Información Territorial,IGN
2019,7321,2019-09-20,Viernes,,12:10:00,,0.0,2,"Automóvil,Peatón",Paraguay Y Catamarca,2,1,0,0,1,0,0,"-32.939610942487,-60.642253634108",Calle,,ROSARIO,Rosario,Asfalto,No existe,II,Dentro,Urbana,Ninguna,No existe,Recta,Bueno,Buena,Diurna,Buen Tiempo,S/D,Peatón,Atropello,Ninguna,Faltante,Ninguna,Sin restricción,"-32.939610942487,-60.642253634108","['Paraguay', 'Catamarca']",2,,-32.939610942487,-60.642253634108,55.0,538.0,Municipio Rosario,Municipio,Rosario,820210,Servicio de Catastro e Información Territorial,IGN
2019,7323,2019-09-20,Viernes,,14:10:00,,0.0,2,"Moto/Ciclomotor,Automóvil",Bv. 27 De Febrero Y Av. Corrientes,2,1,0,0,1,0,0,"-32.966915388338,-60.647700874072",Avenida,,ROSARIO,Rosario,Asfalto,No existe,II,Dentro,Urbana,Semáforo,Funciona,Intersección,Bueno,Buena,Diurna,Buen Tiempo,S/D,S/D,Colisión,Ninguna,"Horizontal,Vertical",Ninguna,Sin restricción,"-32.966915388338,-60.647700874072","['27 de Febrero', 'Corrientes']",2,,-32.966915388338,-60.647700874072,55.0,538.0,Municipio Rosario,Municipio,Rosario,820210,Servicio de Catastro e Información Territorial,IGN
2019,7325,2019-09-10,Martes,,20:50:00,,0.0,1,Transporte de Pasajeros Urbano (> 8 asientos),Laprida Y 9 De Julio,2,1,0,0,1,0,0,"-32.954616007476,-60.636036811862",Calle,,ROSARIO,Rosario,Asfalto,No existe,II,Dentro,Urbana,Señal Pare,No existe,Intersección,Bueno,Buena,"Nocturna,Con luz artificial",Buen Tiempo,S/D,S/D,Caída ocupante,Ninguna,Vertical,Ninguna,Sin restricción,"-32.954616007476,-60.636036811862","['Laprida', '9 de Julio']",2,,-32.954616007476,-60.636036811862,55.0,538.0,Municipio Rosario,Municipio,Rosario,820210,Servicio de Catastro e Información Territorial,IGN
2019,7327,2019-09-23,Lunes,,19:30:00,,0.0,1,Moto/Ciclomotor,Balcarce Y Urquiza,1,1,0,0,0,0,0,"-32.940484015421,-60.651070835468",Calle,,ROSARIO,Rosario,Asfalto,No existe,II,Dentro,Urbana,Señal Pare,Funciona,Intersección,Bueno,Buena,Diurna,Buen Tiempo,S/D,S/D,Caída ocupante,Ninguna,"Horizontal,Vertical",Ninguna,Sin restricción,"-32.940484015421,-60.651070835468","['Balcarce', 'Urquiza']",2,,-32.940484015421,-60.651070835468,55.0,538.0,Municipio Rosario,Municipio,Rosario,820210,Servicio de Catastro e Información Territorial,IGN
2019,7328,2019-09-14,Sabado,,14:00:00,,0.0,2,"Moto/Ciclomotor,Bicicleta",Necochea Y Riobamba,2,1,0,0,1,0,0,"-32.965510384711,-60.628344675683",Calle,,ROSARIO,Rosario,Asfalto,No existe,II,Dentro,Urbana,Semáforo,Funciona,Recta,Bueno,Buena,Diurna,Buen Tiempo,S/D,Ciclista,Atropello,Ninguna,"Horizontal,Vertical",Ninguna,Sin restricción,"-32.965510384711,-60.628344675683","['Necochea', 'Riobamba']",2,,-32.965510384711,-60.628344675683,55.0,538.0,Municipio Rosario,Municipio,Rosario,820210,Servicio de Catastro e Información Territorial,IGN
2019,7330,2019-09-07,Sabado,,08:00:00,,0.0,2,"Moto/Ciclomotor,Pickup/Utilitario",San Luis Y Balcarce,2,1,0,0,1,0,0,"-32.946564350152,-60.65259510323",Calle,,ROSARIO,Rosario,Asfalto,No existe,II,Dentro,Urbana,Paso Peatonal,No existe,Intersección,Bueno,Buena,Diurna,S/D,S/D,S/D,Colisión,Ninguna,Horizontal,Ninguna,Sin restricción,"-32.946564350152,-60.65259510323","['San Luis', 'Balcarce']",2,,-32.946564350152,-60.65259510323,55.0,538.0,Municipio Rosario,Municipio,Rosario,820210,Servicio de Catastro e Información Territorial,IGN
2019,7331,2019-09-11,Miercoles,,05:35:00,,0.0,2,"Automóvil,Automóvil",Mariano Moreno Y Virasoro,2,2,0,0,0,0,0,"-32.967674178344,-60.656482880041",Calle,,ROSARIO,Rosario,Asfalto,No existe,II,Dentro,Urbana,Otra Señal,No existe,Intersección,Bueno,Buena,"Nocturna,Con luz artificial",Buen Tiempo,De alcance,S/D,Colisión,Ninguna,Vertical,Ninguna,Sin restricción,"-32.967674178344,-60.656482880041","['Mariano Moreno', 'Virasoro']",2,,-32.967674178344,-60.656482880041,55.0,538.0,Municipio Rosario,Municipio,Rosario,820210,Servicio de Catastro e Información Territorial,IGN
2019,7333,2019-09-19,Jueves,,10:10:00,,0.0,2,"Pickup/Utilitario,Moto/Ciclomotor",San Juan Y Ricchieri,2,0,1,0,1,0,0,"-32.94571280479433,-60.663751959800",Calle,,ROSARIO,Rosario,Asfalto,No existe,II,Dentro,Urbana,Otra Señal,No existe,Intersección,Bueno,Buena,Diurna,Buen Tiempo,S/D,S/D,Colisión,Ninguna,"Horizontal,Vertical",Ninguna,Sin restricción,"-32.94571280479433,-60.663751959800","['San Juan', 'Ricchieri']",2,,-32.94571280479433,-60.6637519598,55.0,538.0,Municipio Rosario,Municipio,Rosario,820210,Servicio de Catastro e Información Territorial,IGN
2019,7335,2019-09-17,Martes,,15:40:00,,0.0,2,"Ambulancia,Automóvil",Tucuman Y Suipacha,4,4,0,0,0,0,0,"-32.937134440258,-60.662987549852",Calle,,ROSARIO,Rosario,Asfalto,No existe,II,Dentro,Urbana,Señal Pare,No existe,Intersección,Bueno,Buena,Diurna,Buen Tiempo,Lateral,S/D,Colisión,Ninguna,Vertical,Ninguna,Sin restricción,"-32.937134440258,-60.662987549852","['Tucumán', 'Suipacha']",2,,-32.937134440258,-60.662987549852,55.0,538.0,Municipio Rosario,Municipio,Rosario,820210,Servicio de Catastro e Información Territorial,IGN
2019,7337,2019-09-16,Lunes,,16:45:00,,0.0,2,"Automóvil,Peatón",Mitre Y Salta,3,1,0,0,2,0,0,"-32.939180012688,-60.637787180647",Calle,,ROSARIO,Rosario,Asfalto,No existe,II,Dentro,Urbana,Señal Pare,No existe,Intersección,Bueno,Buena,Diurna,Buen Tiempo,S/D,Peatón,Atropello,Ninguna,"Horizontal,Vertical",Ninguna,Sin restricción,"-32.939180012688,-60.637787180647","['Mitre', 'Salta']",2,,-32.939180012688,-60.637787180647,55.0,538.0,Municipio Rosario,Municipio,Rosario,820210,Servicio de Catastro e Información Territorial,IGN
2019,7340,2019-09-19,Jueves,,06:30:00,,0.0,2,"Taxi/Remis,Bicicleta",Bv. 27 De Febrero Y Buenos Aires,2,1,0,0,1,0,0,"-32.968498689467,-60.637997685359",Avenida,,ROSARIO,Rosario,Asfalto,No existe,II,Dentro,Urbana,Semáforo,Funciona,Intersección,Bueno,Buena,"Amanecer,Con luz artificial",Buen Tiempo,S/D,Ciclista,Atropello,S/D,"Horizontal,Vertical",Cordón divisorio,Sin restricción,"-32.968498689467,-60.637997685359","['27 de Febrero', 'Buenos Aires']",2,,-32.968498689467,-60.637997685359,55.0,538.0,Municipio Rosario,Municipio,Rosario,820210,Servicio de Catastro e Información Territorial,IGN
2019,7341,2019-09-14,Sabado,,13:30:00,,0.0,2,"Pickup/Utilitario,Transporte de Pasajeros Urbano (> 8 asientos)",Iriondo Y Montevideo,3,1,0,0,2,0,0,"-32.950512043789,-60.672044068618",Calle,,ROSARIO,Rosario,Asfalto,No existe,II,Dentro,Urbana,Señal Pare,No existe,Intersección,Bueno,Buena,Diurna,Buen Tiempo,Lateral,S/D,Colisión,Ninguna,Vertical,Ninguna,Sin restricción,"-32.950512043789,-60.672044068618","['Iriondo', 'Montevideo']",2,,-32.950512043789,-60.672044068618,55.0,538.0,Municipio Rosario,Municipio,Rosario,820210,Servicio de Catastro e Información Territorial,IGN
2019,7348,2019-10-08,Martes,,,,0.0,2,"Pickup/Utilitario,Moto/Ciclomotor",Mendoza Y Ecuador,2,1,0,0,1,0,0,"-32.9404, -60.71499",Calle,,ROSARIO,Rosario,Asfalto,S/D,II,S/D,Urbana,S/D,S/D,Intersección,S/D,S/D,S/D,S/D,S/D,S/D,Colisión,S/D,S/D,S/D,S/D,"-32.9404, -60.71499","['Mendoza', 'Ecuador']",2,,-32.9404,-60.71499,55.0,538.0,Municipio Rosario,Municipio,Rosario,820210,Servicio de Catastro e Información Territorial,IGN
2019,7350,2019-09-06,Viernes,,17:15:00,,0.0,2,"Automóvil,Automóvil",Catamarca Y Alvear,2,1,0,0,1,0,0,"-32.937676, -60.653152",Calle,,ROSARIO,Rosario,Asfalto,No existe,II,Dentro,Urbana,Ninguna,No existe,Intersección,Bueno,Buena,Diurna,Buen Tiempo,Lateral,S/D,Colisión,Ninguna,Faltante,Ninguna,Sin restricción,"-32.937676, -60.653152","['Catamarca', 'Alvear']",2,,-32.937676,-60.653152,55.0,538.0,Municipio Rosario,Municipio,Rosario,820210,Servicio de Catastro e Información Territorial,IGN
2019,7353,2019-09-17,Martes,,14:00:00,,0.0,2,"Automóvil,Moto/Ciclomotor",Av. Illia 1100,3,2,0,0,1,0,0,"-32.929640, -60.661570",Avenida,,ROSARIO,Rosario,Asfalto,No existe,II,Dentro,Urbana,Ninguna,No existe,Puente,Bueno,Buena,Diurna,Buen Tiempo,Frontal,S/D,Colisión,Ninguna,Horizontal,Línea divisoria pintada,Sin restricción,"-32.929640, -60.661570",['Illia 1100'],1,,-32.92964,-60.66157,55.0,538.0,Municipio Rosario,Municipio,Rosario,820210,Servicio de Catastro e Información Territorial,IGN
2019,7357,2019-09-05,Jueves,,09:30:00,,0.0,2,"Automóvil,Peatón",Santa Fe Y Paraguay,2,1,0,0,1,0,0,"-32.944061, -60.643364",Calle,,ROSARIO,Rosario,Asfalto,No existe,II,Dentro,Urbana,Semáforo,Funciona,Intersección,Bueno,Buena,Diurna,Buen Tiempo,S/D,Peatón,Atropello,Ninguna,Vertical,Ninguna,Sin restricción,"-32.944061, -60.643364","['Santa Fe', 'Paraguay']",2,,-32.944061,-60.643364,55.0,538.0,Municipio Rosario,Municipio,Rosario,820210,Servicio de Catastro e Información Territorial,IGN
2019,7358,2019-10-08,Martes,,,,0.0,2,"Bicicleta,Automóvil",Luis Vila Y Darragueira,2,1,0,0,1,0,0,"-32.89872, -60.69379",Calle,,ROSARIO,Rosario,Asfalto,S/D,II,S/D,Urbana,S/D,S/D,Intersección,S/D,S/D,S/D,S/D,S/D,Ciclista,Atropello,S/D,S/D,S/D,S/D,"-32.89872, -60.69379","['Doctor Vila', 'José Darragueira']",2,,-32.89872,-60.69379,55.0,538.0,Municipio Rosario,Municipio,Rosario,820210,Servicio de Catastro e Información Territorial,IGN
2019,7360,2019-09-06,Viernes,,16:15:00,,0.0,1,Bicicleta,Tucuman 1788,1,1,0,0,0,0,0,"-32.940081, -60.646685",Calle,,ROSARIO,Rosario,Asfalto,No existe,II,Dentro,Urbana,Señal Pare,No existe,Recta,Bueno,Buena,Diurna,Buen Tiempo,Contra objeto fijo,S/D,Colisión,Ninguna,"Horizontal,Vertical",Ninguna,Sin restricción,"-32.940081, -60.646685",['Tucuman 1788'],1,,-32.940081,-60.646685,55.0,538.0,Municipio Rosario,Municipio,Rosario,820210,Servicio de Catastro e Información Territorial,IGN
2019,7361,2019-07-21,Domingo,,18:30:00,,0.0,2,"Moto/Ciclomotor,Taxi/Remis",L.M.Drago Bis Y J.B.Justo,2,1,0,0,1,0,0,"-32.91387, -60.67663",Calle,,ROSARIO,Rosario,Asfalto,S/D,II,S/D,Urbana,Ninguna,No existe,Intersección,Bueno,Buena,Atardecer,Buen Tiempo,S/D,S/D,Colisión,Ninguna,Faltante,S/D,Sin restricción,"-32.91387, -60.67663","['Drago', 'Justo']",2,,-32.91387,-60.67663,55.0,538.0,Municipio Rosario,Municipio,Rosario,820210,Servicio de Catastro e Información Territorial,IGN
2019,7364,2019-09-05,Jueves,,15:30:00,,0.0,2,"Automóvil,Moto/Ciclomotor",España Y Riobamba,2,1,0,0,1,0,0,"-32.961532, -60.650775",Calle,,ROSARIO,Rosario,Asfalto,No existe,II,Dentro,Urbana,Ninguna,No existe,Intersección,Bueno,Buena,Diurna,Buen Tiempo,Lateral,S/D,Colisión,Ninguna,Faltante,Ninguna,Sin restricción,"-32.961532, -60.650775","['España', 'Riobamba']",2,,-32.961532,-60.650775,55.0,538.0,Municipio Rosario,Municipio,Rosario,820210,Servicio de Catastro e Información Territorial,IGN
2019,7368,2019-09-25,Miercoles,,15:30:00,,0.0,2,"Pickup/Utilitario,Moto/Ciclomotor",Marcos Paz Y Alsina,2,1,0,0,1,0,0,"-32.943999, -60.677542",Calle,,ROSARIO,Rosario,Asfalto,No existe,II,Dentro,Urbana,Señal Pare,No existe,Intersección,Bueno,Buena,Diurna,Buen Tiempo,S/D,S/D,Colisión,Ninguna,Vertical,Ninguna,Sin restricción,"-32.943999, -60.677542","['Marcos Paz', 'Alsina']",2,,-32.943999,-60.677542,55.0,538.0,Municipio Rosario,Municipio,Rosario,820210,Servicio de Catastro e Información Territorial,IGN
2019,7372,2019-09-01,Domingo,,11:40:00,,0.0,2,"Moto/Ciclomotor,Automóvil",Viamonte Y Sarmiento,3,1,0,0,2,0,0,"-32.965323, -60.642935",Calle,,ROSARIO,Rosario,Asfalto,No existe,II,Dentro,Urbana,Ninguna,No existe,Intersección,Bueno,Buena,Diurna,Buen Tiempo,Lateral,S/D,Colisión,Ninguna,Faltante,Ninguna,Sin restricción,"-32.965323, -60.642935","['Viamonte', 'Sarmiento']",2,,-32.965323,-60.642935,55.0,538.0,Municipio Rosario,Municipio,Rosario,820210,Servicio de Catastro e Información Territorial,IGN
2019,7376,2019-09-04,Miercoles,,00:40:00,,0.0,2,"Moto/Ciclomotor,Automóvil",9 De Julio Y Colon,2,1,0,0,1,0,0,"-32.956102, -60.627441",Calle,,ROSARIO,Rosario,Asfalto,No existe,II,Dentro,Urbana,Señal Pare,No existe,Intersección,Bueno,Buena,"Nocturna,Con luz artificial",Buen Tiempo,Lateral,S/D,Colisión,Ninguna,Vertical,Ninguna,Sin restricción,"-32.956102, -60.627441","['9 de Julio', 'Colon']",2,,-32.956102,-60.627441,55.0,538.0,Municipio Rosario,Municipio,Rosario,820210,Servicio de Catastro e Información Territorial,IGN
2019,7381,2019-09-09,Lunes,,17:50:00,,0.0,2,"Automóvil,Moto/Ciclomotor",Bv. Avellaneda Y San Juan,2,1,0,0,1,0,0,"-32.942842, -60.680081",Avenida,,ROSARIO,Rosario,Asfalto,No existe,II,Dentro,Urbana,Semáforo,Funciona,Intersección,Bueno,Reducida,Diurna,Lluvia,Lateral,S/D,Colisión,Ninguna,"Horizontal,Vertical",Cordón divisorio,Sin restricción,"-32.942842, -60.680081","['Avellaneda', 'San Juan']",2,,-32.942842,-60.680081,55.0,538.0,Municipio Rosario,Municipio,Rosario,820210,Servicio de Catastro e Información Territorial,IGN
2019,7384,2019-10-25,Viernes,,17:30:00,,0.0,2,"Automóvil,Automóvil",J.C.Paz ,2,2,0,0,0,0,0,"    -32.89807, -60.68869",Calle,,ROSARIO,Rosario,Asfalto,No existe,II,S/D,Urbana,S/D,S/D,Intersección,Bueno,S/D,Diurna,Buen Tiempo,Otro,S/D,Colisión,S/D,S/D,S/D,Sin restricción,"    -32.89807, -60.68869",['J C Paz'],1,,-32.89807,-60.68869,55.0,538.0,Municipio Rosario,Municipio,Rosario,820210,Servicio de Catastro e Información Territorial,IGN
2019,7386,2019-09-09,Lunes,,06:30:00,,0.0,2,"Automóvil,Pickup/Utilitario",Bv. Oroño Y Rueda,3,1,1,0,1,0,0,"-32.968289, -60.659644",Avenida,,ROSARIO,Rosario,Asfalto,No existe,II,Dentro,Urbana,Semáforo,Funciona,Intersección,Bueno,Buena,Amanecer,Buen Tiempo,"Contra objeto fijo,Lateral",S/D,Colisión,Ninguna,"Horizontal,Vertical","Cordón divisorio,Vegetación",Sin restricción,"-32.968289, -60.659644","['Bulevar Nicasio Oroño', 'Rueda']",2,,-32.968289,-60.659644,55.0,538.0,Municipio Rosario,Municipio,Rosario,820210,Servicio de Catastro e Información Territorial,IGN
2019,7393,2019-09-21,Sabado,,09:05:00,,0.0,2,"Automóvil,Moto/Ciclomotor",Pasco Y Av. Corrientes,2,1,0,0,1,0,0,"-32.958848, -60.645625",Calle,,ROSARIO,Rosario,Asfalto,No existe,II,Dentro,Urbana,Señal Pare,No existe,Intersección,Bueno,Buena,Diurna,Buen Tiempo,Lateral,S/D,Colisión,Ninguna,Vertical,Ninguna,Sin restricción,"-32.958848, -60.645625","['Pasco', 'Corrientes']",2,,-32.958848,-60.645625,55.0,538.0,Municipio Rosario,Municipio,Rosario,820210,Servicio de Catastro e Información Territorial,IGN
2019,7394,2019-10-10,Jueves,,,,0.0,2,"Camión c / Semirremolque,Moto/Ciclomotor",Bv. Segui Y Paraguay,2,1,0,0,1,0,0,"-32.97818, -60.65197",Calle,,ROSARIO,Rosario,Asfalto,S/D,II,S/D,Urbana,S/D,S/D,Intersección,S/D,S/D,S/D,S/D,S/D,S/D,Colisión,S/D,S/D,S/D,S/D,"-32.97818, -60.65197","['Bulevar Juan Francisco Seguí', 'Paraguay']",2,,-32.97818,-60.65197,55.0,538.0,Municipio Rosario,Municipio,Rosario,820210,Servicio de Catastro e Información Territorial,IGN
2019,7398,2019-09-12,Jueves,,16:20:00,,0.0,2,"Automóvil,Moto/Ciclomotor",Suipacha Y Jujuy,3,1,0,0,2,0,0,"-32.933619, -60.662146",Calle,,ROSARIO,Rosario,Asfalto,No existe,II,Dentro,Urbana,Ninguna,No existe,Intersección,Bueno,Buena,Diurna,Buen Tiempo,Lateral,S/D,Colisión,Ninguna,Faltante,Ninguna,Sin restricción,"-32.933619, -60.662146","['Suipacha', 'Jujuy']",2,,-32.933619,-60.662146,55.0,538.0,Municipio Rosario,Municipio,Rosario,820210,Servicio de Catastro e Información Territorial,IGN
2019,7401,2019-10-10,Jueves,,,,0.0,2,"Automóvil,Moto/Ciclomotor",Roullon Y Pampa,2,1,0,0,1,0,0,"-32.94646, -60.702",Calle,,ROSARIO,Rosario,Asfalto,S/D,II,S/D,Urbana,S/D,S/D,Intersección,S/D,S/D,S/D,S/D,S/D,S/D,Colisión,S/D,S/D,S/D,S/D,"-32.94646, -60.702","['Alfredo Rouillón', 'Pampa']",2,,-32.94646,-60.702,55.0,538.0,Municipio Rosario,Municipio,Rosario,820210,Servicio de Catastro e Información Territorial,IGN
2019,7405,2019-09-12,Jueves,,18:00:00,,0.0,2,"Automóvil,Peatón",Rioja Y Dorrego,2,1,0,0,1,0,0,"-32.945614, -60.649484",Calle,,ROSARIO,Rosario,Asfalto,No existe,II,Dentro,Urbana,Semáforo,Funciona,Intersección,Bueno,Buena,Diurna,Buen Tiempo,S/D,Peatón,Atropello,Ninguna,Vertical,Ninguna,Sin restricción,"-32.945614, -60.649484","['Rioja', 'Dorrego']",2,,-32.945614,-60.649484,55.0,538.0,Municipio Rosario,Municipio,Rosario,820210,Servicio de Catastro e Información Territorial,IGN
2019,7406,2019-07-22,Lunes,,07:30:00,,0.0,2,"Automóvil,Bicicleta",Ituzaingo Y Lavalle,2,1,0,0,1,0,0,"-32.95362, -60.68136",Calle,,ROSARIO,Rosario,Asfalto,S/D,II,S/D,Urbana,S/D,No existe,Intersección,Bueno,S/D,Amanecer,S/D,S/D,Ciclista,Atropello,Ninguna,S/D,S/D,S/D,"-32.95362, -60.68136","['Ituzaingó', 'Lavalle']",2,,-32.95362,-60.68136,55.0,538.0,Municipio Rosario,Municipio,Rosario,820210,Servicio de Catastro e Información Territorial,IGN
2019,7408,2019-09-13,Viernes,,17:30:00,,0.0,3,"Transporte de Pasajeros Larga Distancia (Doble Piso),Automóvil,Automóvil",Santa Fe Y Carriego,5,3,0,0,2,0,0,"-32.936042, -60.688290",Calle,,ROSARIO,Rosario,Asfalto,No existe,II,Dentro,Urbana,Semáforo,Funciona,Intersección,Bueno,Buena,Diurna,Buen Tiempo,Múltiple,S/D,Colisión,Ninguna,Vertical,Ninguna,Sin restricción,"-32.936042, -60.688290","['Santa Fe', 'Carriego']",2,,-32.936042,-60.68829,55.0,538.0,Municipio Rosario,Municipio,Rosario,820210,Servicio de Catastro e Información Territorial,IGN
2019,7413,2019-07-22,Lunes,,00:00:00,,0.0,3,"Transporte de Pasajeros Urbano (> 8 asientos),Transporte de Pasajeros Urbano (> 8 asientos),Pickup/Utilitario",San Martin Y Pte.Quintana,5,2,0,0,3,0,0,"-32.98291, -60.64507",Calle,,ROSARIO,Rosario,Asfalto,No existe,II,Dentro,Urbana,Ninguna,No existe,Intersección,Bueno,Buena,Nocturna,Buen Tiempo,Lateral,S/D,Colisión,Ninguna,Faltante,Ninguna,Sin restricción,"-32.98291, -60.64507","['San Martin', 'Quintana']",2,,-32.98291,-60.64507,55.0,538.0,Municipio Rosario,Municipio,Rosario,820210,Servicio de Catastro e Información Territorial,IGN