anio_acci,nro_acci,fecha,desc_dia,fecha_aprox,hora_aprox,desc_ruta,km,cant_participantes,desc_participante,calle_avenida_km,total,heridos_leves,heridos_graves,heridos_gravisimos,ilesos,fallecidos,sin_datos,posicion_XY,desc_tipo_via,desc_ruta_ori,desc_loc,desc_dpto,desc_tipo_calzada,desc_tipo_banquina,desc_unidad_regional,desc_lugar_calzada,desc_zona,desc_prioridad,desc_estado_semaforo,desc_lugar_via,desc_estado_via,desc_estado_visibilidad,desc_luminosidad,desc_estado_clima,desc_tipo_colision,desc_tipo_atropello,desc_tipo_hecho,desc_pres_calzada,desc_senializacion,desc_separacion_via,desc_restriccion,forma_geocod,calle_lista,numero_calles,calles_osm,lat,lon,index_right,gid,fna,gna,nam,in1,fdc,sag
2019,7417,2019-07-22,Lunes,,20:30:00,,0.0,2,"Pickup/Utilitario,Automóvil",Sanchez de Bustamante Y Serrano,2,1,0,0,0,0,1,"-33.00144, -60.63179",Calle,,ROSARIO,Rosario,Asfalto,No existe,II,S/D,Urbana,Ninguna,No existe,Intersección,Bueno,Buena,Nocturna,Buen Tiempo,S/D,S/D,Colisión,Ninguna,Faltante,Ninguna,Sin restricción,"-33.00144, -60.63179","['Sánchez de Bustamante', 'Serrano']",2,,-33.00144,-60.63179,55.0,538.0,Municipio Rosario,Municipio,Rosario,820210,Servicio de Catastro e Información Territorial,IGN
2019,7418,2019-07-22,Lunes,,21:45:00,,0.0,2,"Moto/Ciclomotor,Automóvil",Ayacucho Y Centeno,3,1,0,0,2,0,0,"-32.98687, -60.63636",Calle,,ROSARIO,Rosario,Asfalto,S/D,II,S/D,Urbana,Ninguna,No existe,Intersección,Bueno,Buena,Nocturna,Buen Tiempo,Lateral,S/D,Colisión,Ninguna,Faltante,Ninguna,Sin restricción,"-32.98687, -60.63636","['Ayacucho', 'Centeno']",2,,-32.98687,-60.63636,55.0,538.0,Municipio Rosario,Municipio,Rosario,820210,Servicio de Catastro e Información Territorial,IGN
2019,7419,2019-09-13,Viernes,,23:05:00,,0.0,2,"Automóvil,Taxi/Remis",Italia Y Cerrito,3,2,0,0,1,0,0,"-32.960167, -60.651784",Calle,,ROSARIO,Rosario,Asfalto,No existe,II,Dentro,Urbana,Ninguna,No existe,Intersección,Bueno,Buena,"Nocturna,Con luz artificial",Buen Tiempo,Lateral,S/D,Colisión,Ninguna,Faltante,Ninguna,Sin restricción,"-32.960167, -60.651784","['Italia', 'Cerrito']",2,,-32.960167,-60.651784,55.0,538.0,Municipio Rosario,Municipio,Rosario,820210,Servicio de Catastro e Información Territorial,IGN
2019,7421,2019-09-12,Jueves,,11:45:00,,0.0,2,"Automóvil,Peatón",Mariano Moreno Y Salta,2,1,0,0,1,0,0,"-32.937217035008,-60.648832439986",Calle,,ROSARIO,Rosario,Asfalto,No existe,II,Dentro,Urbana,Semáforo,Funciona,Intersección,Bueno,Buena,Diurna,Buen Tiempo,S/D,Peatón,Atropello,S/D,"Horizontal,Vertical",Ninguna,Sin restricción,"-32.937217035008,-60.648832439986","['Mariano Moreno', 'Salta']",2,,-32.937217035008,-60.648832439986,55.0,538.0,Municipio Rosario,Municipio,Rosario,820210,Servicio de Catastro e Información Territorial,IGN
2019,7422,2019-09-14,Sabado,,12:30:00,,0.0,2,"Moto/Ciclomotor,Pickup/Utilitario",Ituzaingo Y España,2,1,0,0,1,0,0,"-32.959244, -60.650069",Calle,,ROSARIO,Rosario,Asfalto,No existe,II,Dentro,Urbana,Señal Pare,No existe,Intersección,Bueno,Buena,Diurna,Buen Tiempo,Lateral,S/D,Colisión,Ninguna,Vertical,Ninguna,Sin restricción,"-32.959244, -60.650069","['Ituzaingó', 'España']",2,,-32.959244,-60.650069,55.0,538.0,Municipio Rosario,Municipio,Rosario,820210,Servicio de Catastro e Información Territorial,IGN
2019,7424,2019-09-23,Lunes,,16:15:00,,0.0,2,"Pickup/Utilitario,Moto/Ciclomotor",Alsina Y E.Zeballos,3,1,0,0,2,0,0,"-32.948143340097,-60.678558458439",Calle,,ROSARIO,Rosario,Asfalto,No existe,II,Dentro,Urbana,Semáforo,Funciona,Intersección,Bueno,Buena,Diurna,Buen Tiempo,S/D,S/D,Colisión,Ninguna,Vertical,Ninguna,Sin restricción,"-32.948143340097,-60.678558458439","['Alsina', 'Zeballos']",2,,-32.948143340097,-60.678558458439,55.0,538.0,Municipio Rosario,Municipio,Rosario,820210,Servicio de Catastro e Información Territorial,IGN
2019,7426,2019-09-23,Lunes,,10:00:00,,0.0,3,"Taxi/Remis,Automóvil,Moto/Ciclomotor",Av. Pellegrini Y Buenos Aires,4,1,0,0,3,0,0,"-32.958184076738,-60.635413064353",Avenida,,ROSARIO,Rosario,Asfalto,No existe,II,Dentro,Urbana,Semáforo,Funciona,Recta,Bueno,Buena,Diurna,Buen Tiempo,"De alcance,Múltiple",S/D,Colisión,Ninguna,"Horizontal,Vertical",Cordón divisorio,Sin restricción,"-32.958184076738,-60.635413064353","['Pellegrini', 'Buenos Aires']",2,,-32.958184076738,-60.635413064353,55.0,538.0,Municipio Rosario,Municipio,Rosario,820210,Servicio de Catastro e Información Territorial,IGN
2019,7427,2019-09-14,Sabado,,09:10:00,,0.0,2,"Pickup/Utilitario,Automóvil",Mariano Moreno Y Galvez,4,1,0,0,3,0,0,"-32.966536, -60.656259",Calle,,ROSARIO,Rosario,Asfalto,No existe,II,Dentro,Urbana,Ninguna,No existe,Intersección,Bueno,Buena,Diurna,Buen Tiempo,Lateral,S/D,Colisión,Ninguna,Faltante,Ninguna,Sin restricción,"-32.966536, -60.656259","['Mariano Moreno', 'Galvez']",2,,-32.966536,-60.656259,55.0,538.0,Municipio Rosario,Municipio,Rosario,820210,Servicio de Catastro e Información Territorial,IGN
2019,7429,2019-09-23,Lunes,,13:10:00,,0.0,2,"Automóvil,Moto/Ciclomotor",Balcarce Y E.Zeballos,2,1,0,0,1,0,0,"-32.952529296257,-60.654092642289",Calle,,ROSARIO,Rosario,Asfalto,No existe,II,Dentro,Urbana,Semáforo,Funciona,Intersección,Bueno,Buena,Diurna,Buen Tiempo,Lateral,S/D,Colisión,Ninguna,"Horizontal,Vertical",Ninguna,Sin restricción,"-32.952529296257,-60.654092642289","['Balcarce', 'Zeballos']",2,,-32.952529296257,-60.654092642289,55.0,538.0,Municipio Rosario,Municipio,Rosario,820210,Servicio de Catastro e Información Territorial,IGN
2019,7430,2019-09-21,Sabado,,10:55:00,,0.0,2,"Automóvil,Moto/Ciclomotor",Rioja Y Santiago,2,1,0,0,1,0,0,"-32.944390, -60.656279",Calle,,ROSARIO,Rosario,Asfalto,No existe,II,Dentro,Urbana,Ninguna,No existe,Intersección,Deteriorada,Buena,Diurna,Buen Tiempo,Lateral,S/D,Colisión,Ninguna,Faltante,Ninguna,Sin restricción,"-32.944390, -60.656279","['Rioja', 'Santiago']",2,,-32.94439,-60.656279,55.0,538.0,Municipio Rosario,Municipio,Rosario,820210,Servicio de Catastro e Información Territorial,IGN
2019,7432,2019-09-23,Lunes,,13:30:00,,0.0,2,"Moto/Ciclomotor,Automóvil",Bv. Oroño Y Av. F.Solano Lopez,3,2,0,0,1,0,0,"-32.958075, -60.656792",Avenida,,ROSARIO,Rosario,Asfalto,No existe,II,Dentro,Urbana,Paso Peatonal,No existe,Intersección,Bueno,Buena,Diurna,Buen Tiempo,S/D,S/D,Colisión,Ninguna,Horizontal,Ninguna,Sin restricción,"-32.958075, -60.656792","['Bulevar Nicasio Oroño', 'Solano Lopez']",2,,-32.958075,-60.656792,55.0,538.0,Municipio Rosario,Municipio,Rosario,820210,Servicio de Catastro e Información Territorial,IGN
2019,7433,2019-09-26,Jueves,,09:30:00,,0.0,2,"Taxi/Remis,Peatón",San Lorenzo Y Dorrego,2,1,0,0,1,0,0,"-32.942182, -60.648661",Calle,,ROSARIO,Rosario,Asfalto,No existe,II,Dentro,Urbana,Otra Señal,No existe,Intersección,Bueno,Buena,Diurna,Buen Tiempo,S/D,Peatón,Atropello,Ninguna,Vertical,Ninguna,Sin restricción,"-32.942182, -60.648661","['San Lorenzo', 'Dorrego']",2,,-32.942182,-60.648661,55.0,538.0,Municipio Rosario,Municipio,Rosario,820210,Servicio de Catastro e Información Territorial,IGN
2019,7435,2019-09-19,Jueves,,14:50:00,,0.0,2,"Automóvil,Moto/Ciclomotor",AV. D. INFANTE Y AV. INT. MORCILLO,2,1,0,0,1,0,0,"-32.95484974980354,-60.662854760885",Avenida,,ROSARIO,Rosario,Asfalto,No existe,II,Dentro,Urbana,Ninguna,No existe,Rotonda,S/D,S/D,Diurna,S/D,S/D,S/D,Colisión,S/D,Faltante,Cordón divisorio,S/D,"-32.95484974980354,-60.662854760885","['Infante', 'Avenida Intendente Morcillo']",2,,-32.95484974980354,-60.662854760885,55.0,538.0,Municipio Rosario,Municipio,Rosario,820210,Servicio de Catastro e Información Territorial,IGN
2019,7436,2019-09-18,Miercoles,,19:10:00,,0.0,2,"Peatón,Taxi/Remis",España Y Tucuman,2,1,0,0,0,0,1,"-32.940322, -60.645349",Calle,,ROSARIO,Rosario,Asfalto,No existe,II,Dentro,Urbana,Semáforo,Funciona,Recta,Bueno,Buena,"Nocturna,Con luz artificial",Buen Tiempo,S/D,Peatón,Atropello,Ninguna,"Horizontal,Vertical",Ninguna,Sin restricción,"-32.940322, -60.645349","['España', 'Tucumán']",2,,-32.940322,-60.645349,55.0,538.0,Municipio Rosario,Municipio,Rosario,820210,Servicio de Catastro e Información Territorial,IGN
2019,7437,2019-09-22,Domingo,,09:35:00,,0.0,2,"Transporte de Pasajeros,Vehículo Oficial",Mariano Moreno Y Virasoro,3,1,0,0,2,0,0,"-32.967674178344,-60.656482880041",Calle,,ROSARIO,Rosario,Asfalto,No existe,II,Dentro,Urbana,Otra Señal,No existe,Intersección,Bueno,Buena,Diurna,Buen Tiempo,Lateral,S/D,Colisión,Ninguna,Vertical,Ninguna,Sin restricción,"-32.967674178344,-60.656482880041","['Mariano Moreno', 'Virasoro']",2,,-32.967674178344,-60.656482880041,55.0,538.0,Municipio Rosario,Municipio,Rosario,820210,Servicio de Catastro e Información Territorial,IGN
2019,7440,2019-09-20,Viernes,,17:45:00,,0.0,2,"Moto/Ciclomotor,Peatón",Cerrito Y Necochea,2,0,1,0,1,0,0,"-32.964363389779,-60.628056535408",Calle,,ROSARIO,Rosario,Asfalto,No existe,II,Dentro,Urbana,Paso Peatonal,No existe,Recta,Deteriorada,Buena,Diurna,Buen Tiempo,S/D,Peatón,Atropello,Ninguna,Horizontal,Ninguna,Sin restricción,"-32.964363389779,-60.628056535408","['Cerrito', 'Necochea']",2,,-32.964363389779,-60.628056535408,55.0,538.0,Municipio Rosario,Municipio,Rosario,820210,Servicio de Catastro e Información Territorial,IGN
2019,7442,2019-09-26,Jueves,,09:35:00,,0.0,2,"Automóvil,Automóvil",L.N.Alem Y Pasco,3,1,0,0,2,0,0,"-32.961332757969,-60.631609567177",Calle,,ROSARIO,Rosario,Asfalto,No existe,II,Dentro,Urbana,Señal Pare,No existe,Intersección,Bueno,Buena,Diurna,Buen Tiempo,S/D,S/D,Colisión,Ninguna,"Horizontal,Vertical",Ninguna,Sin restricción,"-32.961332757969,-60.631609567177","['Alem', 'Pasco']",2,,-32.961332757969,-60.631609567177,55.0,538.0,Municipio Rosario,Municipio,Rosario,820210,Servicio de Catastro e Información Territorial,IGN
2019,7444,2019-09-15,Domingo,,14:45:00,,0.0,2,"Moto/Ciclomotor,Automóvil",Callao Y Urquiza,2,0,1,0,1,0,0,"-32.939034536266,-60.659199225648",Calle,,ROSARIO,Rosario,Asfalto,No existe,II,Dentro,Urbana,Semáforo,Funciona,Intersección,Bueno,Buena,Diurna,Buen Tiempo,S/D,S/D,Colisión,Ninguna,Vertical,Ninguna,Sin restricción,"-32.939034536266,-60.659199225648","['Callao', 'Urquiza']",2,,-32.939034536266,-60.659199225648,55.0,538.0,Municipio Rosario,Municipio,Rosario,820210,Servicio de Catastro e Información Territorial,IGN
2019,7445,2019-09-26,Jueves,,14:40:00,,0.0,2,"Automóvil,Peatón",Vera Mujica 938,2,1,0,0,1,0,0,"-32.942980393443,-60.667305424762",Calle,,ROSARIO,Rosario,Asfalto,No existe,II,Dentro,Urbana,Señal Pare,No existe,Intersección,Bueno,Buena,Diurna,Buen Tiempo,S/D,Peatón,Atropello,Ninguna,"Horizontal,Vertical",Ninguna,Sin restricción,"-32.942980393443,-60.667305424762",['Vera Mujica 938'],1,,-32.942980393443,-60.667305424762,55.0,538.0,Municipio Rosario,Municipio,Rosario,820210,Servicio de Catastro e Información Territorial,IGN
2019,7446,2019-09-05,Jueves,,15:00:00,,0.0,2,"Moto/Ciclomotor,Automóvil",Montevideo Y Valparaiso,3,1,0,0,2,0,0,"-32.948304491534,-60.684290389195",Calle,,ROSARIO,Rosario,hormigón,No existe,II,Dentro,Urbana,Ninguna,No existe,Intersección,Deteriorada,Buena,Diurna,Buen Tiempo,S/D,S/D,Colisión,Ninguna,Faltante,Ninguna,Sin restricción,"-32.948304491534,-60.684290389195","['Montevideo', 'Valparaíso']",2,,-32.948304491534,-60.684290389195,55.0,538.0,Municipio Rosario,Municipio,Rosario,820210,Servicio de Catastro e Información Territorial,IGN
2019,7451,2019-09-15,Domingo,,23:15:00,,0.0,2,"Moto/Ciclomotor,Automóvil",Av. Eva Peron Y Parana,3,1,1,0,1,0,0,"-32.936883591133,-60.691357600945",Avenida,,ROSARIO,Rosario,Asfalto,No existe,II,Dentro,Urbana,Semáforo,Intermitente,Intersección,Bueno,Buena,"Nocturna,Con luz artificial",Buen Tiempo,Lateral,S/D,Colisión,Ninguna,"Horizontal,Vertical",Ninguna,Sin restricción,"-32.936883591133,-60.691357600945","['Avenida Eva Perón', 'Paraná']",2,,-32.936883591133,-60.691357600945,55.0,538.0,Municipio Rosario,Municipio,Rosario,820210,Servicio de Catastro e Información Territorial,IGN
2019,7453,2019-09-29,Domingo,,10:30:00,,0.0,2,"Automóvil,Moto/Ciclomotor",Av. Pellegrini Y Constitucion,2,1,0,0,1,0,0,"-32.950841213828,-60.676392834024",Avenida,,ROSARIO,Rosario,hormigón,No existe,II,Dentro,Urbana,Semáforo,Funciona,Intersección,Bueno,Buena,Diurna,Buen Tiempo,S/D,S/D,Colisión,Ninguna,"Horizontal,Vertical",Ninguna,Sin restricción,"-32.950841213828,-60.676392834024","['Pellegrini', 'Constitución']",2,,-32.950841213828,-60.676392834024,55.0,538.0,Municipio Rosario,Municipio,Rosario,820210,Servicio de Catastro e Información Territorial,IGN
2019,7455,2019-09-28,Sabado,,12:30:00,,0.0,2,"Automóvil,Moto/Ciclomotor",L.N.Alem Y E.Zeballos,2,1,0,0,1,0,0,"-32.956958268813,-60.630519526548",Calle,,ROSARIO,Rosario,Asfalto,No existe,II,Dentro,Urbana,Paso Peatonal,No existe,Intersección,Bueno,Buena,Diurna,Buen Tiempo,S/D,S/D,Colisión,Ninguna,Horizontal,Ninguna,Sin restricción,"-32.956958268813,-60.630519526548","['Alem', 'Zeballos']",2,,-32.956958268813,-60.630519526548,55.0,538.0,Municipio Rosario,Municipio,Rosario,820210,Servicio de Catastro e Información Territorial,IGN
2019,7457,2019-09-28,Sabado,,06:30:00,,0.0,2,"Moto/Ciclomotor,Bicicleta",Galvez Y Av. Ovidio Lagos,2,1,0,0,1,0,0,"-32.964604866569,-60.666963095499",Avenida,,ROSARIO,Rosario,Asfalto,No existe,II,Dentro,Urbana,Semáforo,Funciona,Intersección,Bueno,Buena,Diurna,Buen Tiempo,S/D,Ciclista,Atropello,Ninguna,"Horizontal,Vertical",Cordón divisorio,Sin restricción,"-32.964604866569,-60.666963095499","['Galvez', 'Avenida Ovidio Lagos']",2,,-32.964604866569,-60.666963095499,55.0,538.0,Municipio Rosario,Municipio,Rosario,820210,Servicio de Catastro e Información Territorial,IGN
2019,7459,2019-09-30,Lunes,,08:15:00,,0.0,2,"Moto/Ciclomotor,Automóvil",9 De Julio Y Suipacha,2,1,0,0,1,0,0,"-32.949180621066,-60.66603930094",Calle,,ROSARIO,Rosario,Asfalto,No existe,II,Dentro,Urbana,Ninguna,No existe,Intersección,Bueno,Buena,Diurna,Buen Tiempo,Lateral,S/D,Colisión,Ninguna,Faltante,Ninguna,Sin restricción,"-32.949180621066,-60.66603930094","['9 de Julio', 'Suipacha']",2,,-32.949180621066,-60.66603930094,55.0,538.0,Municipio Rosario,Municipio,Rosario,820210,Servicio de Catastro e Información Territorial,IGN
2019,7462,2019-09-28,Sabado,,20:10:00,,0.0,2,"Pickup/Utilitario,Moto/Ciclomotor",3 De Febrero Y Valparaiso,3,2,0,0,1,0,0,"-32.944941813624,-60.683439900993",Calle,,ROSARIO,Rosario,Asfalto,No existe,II,Dentro,Urbana,Ninguna,No existe,Intersección,Bueno,Buena,"Nocturna,Con luz artificial",Buen Tiempo,Lateral,S/D,Colisión,Ninguna,Vertical,Ninguna,Sin restricción,"-32.944941813624,-60.683439900993","['3 de Febrero', 'Valparaíso']",2,,-32.944941813624,-60.683439900993,55.0,538.0,Municipio Rosario,Municipio,Rosario,820210,Servicio de Catastro e Información Territorial,IGN
2019,7463,2019-09-27,Viernes,,17:20:00,,0.0,2,"Taxi/Remis,Moto/Ciclomotor",Av. Francia Y Av. Pte.Peron,3,2,0,0,1,0,0,"-32.955857062813,-60.66924127702",Avenida,,ROSARIO,Rosario,Asfalto,No existe,II,Dentro,Urbana,Semáforo,Funciona,Intersección,Deteriorada,Buena,Diurna,Buen Tiempo,De alcance,S/D,Colisión,Ninguna,"Horizontal,Vertical","Cordón divisorio,Línea divisoria pintada",Sin restricción,"-32.955857062813,-60.66924127702","['Avenida Francia', 'Avenida Presidente Perón']",2,,-32.955857062813,-60.66924127702,55.0,538.0,Municipio Rosario,Municipio,Rosario,820210,Servicio de Catastro e Información Territorial,IGN
2019,7464,2019-09-28,Sabado,,11:50:00,,0.0,2,"Taxi/Remis,Moto/Ciclomotor",1 de Mayo Y 3 De Febrero,3,2,0,0,1,0,0,"-32.954205024521,-60.631291708707",Calle,,ROSARIO,Rosario,Asfalto,No existe,II,Dentro,Urbana,Ninguna,No existe,Intersección,Bueno,Buena,Diurna,Buen Tiempo,Lateral,S/D,Colisión,Ninguna,Faltante,Ninguna,Sin restricción,"-32.954205024521,-60.631291708707","['Primero de Mayo', '3 de Febrero']",2,,-32.954205024521,-60.631291708707,55.0,538.0,Municipio Rosario,Municipio,Rosario,820210,Servicio de Catastro e Información Territorial,IGN
2019,7465,2019-09-29,Domingo,,20:40:00,,0.0,2,"Transporte de Pasajeros Urbano (> 8 asientos),Moto/Ciclomotor",Pje. B. de las Casas Y Santa Fe,2,1,0,0,1,0,0,"-32.938829555645,-60.672656073251",Calle,,ROSARIO,Rosario,Asfalto,No existe,II,Dentro,Urbana,Ninguna,No existe,Intersección,Bueno,Buena,"Nocturna,Con luz artificial",Buen Tiempo,Lateral,S/D,Colisión,Ninguna,Faltante,Ninguna,Sin restricción,"-32.938829555645,-60.672656073251","['De Las Casas', 'Santa Fe']",2,,-32.938829555645,-60.672656073251,55.0,538.0,Municipio Rosario,Municipio,Rosario,820210,Servicio de Catastro e Información Territorial,IGN
2019,7466,2019-09-29,Domingo,,02:15:00,,0.0,2,"Bicicleta,Taxi/Remis",Entre Rios Y Catamarca,2,1,0,0,1,0,0,"-32.940144725318,-60.639511410183",Calle,,ROSARIO,Rosario,Asfalto,No existe,II,Dentro,Urbana,Paso Peatonal,No existe,Intersección,Bueno,Buena,"Nocturna,Con luz artificial",Buen Tiempo,S/D,Ciclista,Atropello,Ninguna,Horizontal,Ninguna,Sin restricción,"-32.940144725318,-60.639511410183","['Entre Ríos', 'Catamarca']",2,,-32.940144725318,-60.639511410183,55.0,538.0,Municipio Rosario,Municipio,Rosario,820210,Servicio de Catastro e Información Territorial,IGN
2019,7467,2019-09-28,Sabado,,13:00:00,,0.0,2,"Vehículo Oficial,Bicicleta",Buenos Aires Y Viamonte,3,1,0,0,2,0,0,"-32.966280660165,-60.637440192646",Calle,,ROSARIO,Rosario,hormigón,No existe,II,Dentro,Urbana,Señal Ceda el Paso,No existe,Intersección,Deteriorada,Buena,Diurna,Buen Tiempo,S/D,Ciclista,Atropello,Ninguna,Vertical,Línea divisoria pintada,Sin restricción,"-32.966280660165,-60.637440192646","['Buenos Aires', 'Viamonte']",2,,-32.966280660165,-60.637440192646,55.0,538.0,Municipio Rosario,Municipio,Rosario,820210,Servicio de Catastro e Información Territorial,IGN
2019,7468,2019-09-09,Lunes,,17:40:00,,0.0,2,"Peatón,Automóvil",Av. Pellegrini Y Necochea,5,1,0,0,4,0,0,"-32.959711017153,-60.626887018625",Avenida,,ROSARIO,Rosario,Asfalto,No existe,II,Dentro,Urbana,Semáforo,Funciona,Intersección,Bueno,Reducida,Diurna,Lluvia,S/D,Peatón,Atropello,Ninguna,"Horizontal,Vertical",Cordón divisorio,Sin restricción,"-32.959711017153,-60.626887018625","['Pellegrini', 'Necochea']",2,,-32.959711017153,-60.626887018625,55.0,538.0,Municipio Rosario,Municipio,Rosario,820210,Servicio de Catastro e Información Territorial,IGN
2019,7469,2019-09-29,Domingo,,23:30:00,,0.0,2,"Automóvil,Automóvil",Av. Pellegrini Y Mariano Moreno,8,3,0,0,5,0,0,"-32.95499314906,-60.653286968564",Avenida,,ROSARIO,Rosario,Asfalto,No existe,II,Dentro,Urbana,Semáforo,Funciona,Intersección,Bueno,Buena,"Nocturna,Con luz artificial",Buen Tiempo,S/D,S/D,Colisión,Ninguna,"Horizontal,Vertical","Cordón divisorio,Vegetación,Línea divisoria pintada",Sin restricción,"-32.95499314906,-60.653286968564","['Pellegrini', 'Mariano Moreno']",2,,-32.95499314906,-60.653286968564,55.0,538.0,Municipio Rosario,Municipio,Rosario,820210,Servicio de Catastro e Información Territorial,IGN
2019,7473,2019-10-03,Jueves,,11:00:00,,0.0,2,"Automóvil,Moto/Ciclomotor",Av. Avellaneda B Y Av. Luis Carballo,3,1,1,0,1,0,0,"-32.92197, -60.67471",Avenida,,ROSARIO,Rosario,S/D,S/D,II,Dentro,Urbana,S/D,S/D,S/D,S/D,S/D,S/D,S/D,S/D,S/D,S/D,S/D,S/D,S/D,S/D,"-32.92197, -60.67471","['Avellaneda', 'Avenida Doctor Luis Cándido Carballo']",2,,-32.92197,-60.67471,55.0,538.0,Municipio Rosario,Municipio,Rosario,820210,Servicio de Catastro e Información Territorial,IGN
2019,7483,2019-09-26,Jueves,,20:00:00,,0.0,2,"Peatón,Automóvil",J.M.Gutierrez 400,3,2,0,0,1,0,0,"-32.993241, -60.622925",Calle,,ROSARIO,Rosario,Asfalto,No existe,II,Dentro,Urbana,Ninguna,No existe,Intersección,Bueno,Buena,"Nocturna,Con luz artificial",Buen Tiempo,S/D,Peatón,Atropello,Ninguna,Faltante,Ninguna,Sin restricción,"-32.993241, -60.622925",['J M Gutierrez 400'],1,,-32.993241,-60.622925,55.0,538.0,Municipio Rosario,Municipio,Rosario,820210,Servicio de Catastro e Información Territorial,IGN
2019,7487,2019-09-27,Viernes,,05:05:00,,0.0,2,"Moto/Ciclomotor,Automóvil",Olegario V.Andrade Y San Martin,2,0,1,0,1,0,0,"-32.995837, -60.647762",Avenida,,ROSARIO,Rosario,Asfalto,No existe,II,Dentro,Urbana,Semáforo,Funciona,Intersección,Bueno,Buena,"Amanecer,Con luz artificial",Buen Tiempo,Lateral,S/D,Colisión,Ninguna,"Horizontal,Vertical",Ninguna,Sin restricción,"-32.995837, -60.647762","['Olegario V Andrade', 'San Martin']",2,,-32.995837,-60.647762,55.0,538.0,Municipio Rosario,Municipio,Rosario,820210,Servicio de Catastro e Información Territorial,IGN
2019,7491,2019-09-26,Jueves,,13:00:00,,0.0,2,"Transporte de Pasajeros Urbano (> 8 asientos),Automóvil",J.Chapo Bis Y Av. Belgrano,5,3,0,0,2,0,0,"-33.000403, -60.618681",Avenida,,ROSARIO,Rosario,Asfalto,No existe,II,Dentro,Urbana,Ninguna,No existe,Intersección,Bueno,Buena,Diurna,Buen Tiempo,De alcance,S/D,Colisión,Ninguna,Faltante,Ninguna,Sin restricción,"-33.000403, -60.618681","['Chaco', 'Belgrano']",2,,-33.000403,-60.618681,55.0,538.0,Municipio Rosario,Municipio,Rosario,820210,Servicio de Catastro e Información Territorial,IGN
2019,7492,2019-10-11,Viernes,,,,0.0,2,"Automóvil,Moto/Ciclomotor",9 De Julio Y San Nicolas,2,1,0,0,1,0,0,"-32.94774, -60.67425",Calle,,ROSARIO,Rosario,Asfalto,S/D,II,S/D,Urbana,S/D,S/D,Intersección,S/D,S/D,S/D,S/D,S/D,S/D,Colisión,S/D,S/D,S/D,S/D,"-32.94774, -60.67425","['9 de Julio', 'San Nicolás']",2,,-32.94774,-60.67425,55.0,538.0,Municipio Rosario,Municipio,Rosario,820210,Servicio de Catastro e Información Territorial,IGN
2019,7494,2019-10-11,Viernes,,,,0.0,2,"Automóvil,Moto/Ciclomotor",Velez Sarsfield Y Solis Bis,2,1,0,0,1,0,0,"-32.9258, -60.70405",Calle,,ROSARIO,Rosario,Asfalto,S/D,II,S/D,Urbana,S/D,S/D,Intersección,S/D,S/D,S/D,S/D,S/D,S/D,Colisión,S/D,S/D,S/D,S/D,"-32.9258, -60.70405","['Vélez Sarsfield', 'Solis']",2,,-32.9258,-60.70405,55.0,538.0,Municipio Rosario,Municipio,Rosario,820210,Servicio de Catastro e Información Territorial,IGN
2019,7497,2019-09-25,Miercoles,,17:00:00,,0.0,2,"Moto/Ciclomotor,Automóvil",Pje. Chopin 1120,2,1,0,0,1,0,0,"-32.984186, -60.648074",Calle,,ROSARIO,Rosario,Asfalto,No existe,II,Dentro,Urbana,Ninguna,No existe,Recta,Bueno,Buena,Diurna,Buen Tiempo,Lateral,S/D,Colisión,Ninguna,Faltante,Ninguna,Sin restricción,"-32.984186, -60.648074",['Pasaje Chopin 1120'],1,,-32.984186,-60.648074,55.0,538.0,Municipio Rosario,Municipio,Rosario,820210,Servicio de Catastro e Información Territorial,IGN
2019,7499,2019-10-11,Viernes,,,,0.0,2,"Pickup/Utilitario,Moto/Ciclomotor",Pje. Cane Y Roullon,2,1,0,0,1,0,0,"-32.94379, -60.70212",Calle,,ROSARIO,Rosario,Asfalto,S/D,II,S/D,Urbana,S/D,S/D,Intersección,S/D,S/D,S/D,S/D,S/D,S/D,Colisión,S/D,S/D,S/D,S/D,"-32.94379, -60.70212","['Cané', 'Alfredo Rouillón']",2,,-32.94379,-60.70212,55.0,538.0,Municipio Rosario,Municipio,Rosario,820210,Servicio de Catastro e Información Territorial,IGN
2019,7501,2019-09-24,Martes,,17:05:00,,0.0,2,"Moto/Ciclomotor,Pickup/Utilitario",J.M.Gutierrez Y Nale Roxlo,2,1,0,0,1,0,0,"-32.993275, -60.624799",Calle,,ROSARIO,Rosario,Asfalto,No existe,II,Dentro,Urbana,Ninguna,No existe,Intersección,Bueno,Buena,Diurna,Buen Tiempo,Lateral,S/D,Colisión,Ninguna,Faltante,Ninguna,Sin restricción,"-32.993275, -60.624799","['Gutierrez', 'Nalé Roxlo']",2,,-32.993275,-60.624799,55.0,538.0,Municipio Rosario,Municipio,Rosario,820210,Servicio de Catastro e Información Territorial,IGN