anio_acci,nro_acci,fecha,desc_dia,fecha_aprox,hora_aprox,desc_ruta,km,cant_participantes,desc_participante,calle_avenida_km,total,heridos_leves,heridos_graves,heridos_gravisimos,ilesos,fallecidos,sin_datos,posicion_XY,desc_tipo_via,desc_ruta_ori,desc_loc,desc_dpto,desc_tipo_calzada,desc_tipo_banquina,desc_unidad_regional,desc_lugar_calzada,desc_zona,desc_prioridad,desc_estado_semaforo,desc_lugar_via,desc_estado_via,desc_estado_visibilidad,desc_luminosidad,desc_estado_clima,desc_tipo_colision,desc_tipo_atropello,desc_tipo_hecho,desc_pres_calzada,desc_senializacion,desc_separacion_via,desc_restriccion,forma_geocod,calle_lista,numero_calles,calles_osm,lat,lon,index_right,gid,fna,gna,nam,in1,fdc,sag
2019,7502,2019-10-12,Sabado,,,,0.0,2,"Pickup/Utilitario,Moto/Ciclomotor",Bv. 27 De Febrero Y Peru,2,0,1,0,1,0,0,"-32.95928, -60.71063",Calle,,ROSARIO,Rosario,Asfalto,S/D,II,S/D,Urbana,S/D,S/D,Intersección,S/D,S/D,S/D,S/D,S/D,S/D,Colisión,S/D,S/D,S/D,S/D,"-32.95928, -60.71063","['27 de Febrero', 'Peru']",2,,-32.95928,-60.71063,55.0,538.0,Municipio Rosario,Municipio,Rosario,820210,Servicio de Catastro e Información Territorial,IGN
2019,7506,2019-09-24,Martes,,06:50:00,,0.0,2,"Bicicleta,Pickup/Utilitario",Mitre Y Bv. Segui,2,1,0,0,1,0,0,"-32.978941, -60.647838",Avenida,,ROSARIO,Rosario,Asfalto,No existe,II,Dentro,Urbana,Ninguna,No existe,Intersección,Bueno,Buena,"Amanecer,Con luz artificial",Buen Tiempo,S/D,Ciclista,Atropello,Ninguna,Faltante,"Cordón divisorio,Vegetación",Sin restricción,"-32.978941, -60.647838","['Mitre', 'Bulevar Juan Francisco Seguí']",2,,-32.978941,-60.647838,55.0,538.0,Municipio Rosario,Municipio,Rosario,820210,Servicio de Catastro e Información Territorial,IGN
2019,7509,2019-09-20,Viernes,,20:35:00,,0.0,2,"Moto/Ciclomotor,Automóvil",Reg.11 de Infanteria Y Laprida,2,1,0,0,1,0,0,"-32.998751, -60.647129",Calle,,ROSARIO,Rosario,Asfalto,No existe,II,Dentro,Urbana,Otra Señal,No existe,Intersección,Bueno,Buena,"Nocturna,Con luz artificial",Buen Tiempo,Lateral,S/D,Colisión,Ninguna,Vertical,Ninguna,Sin restricción,"-32.998751, -60.647129","['Regimiento 11', 'Laprida']",2,,-32.998751,-60.647129,55.0,538.0,Municipio Rosario,Municipio,Rosario,820210,Servicio de Catastro e Información Territorial,IGN
2019,7513,2019-09-21,Sabado,,13:10:00,,0.0,2,"Moto/Ciclomotor,Automóvil",Entre Rios Y Milan,3,1,0,0,2,0,0,"-32.990076, -60.652044",Calle,,ROSARIO,Rosario,Asfalto,No existe,II,Dentro,Urbana,Ninguna,No existe,Intersección,Bueno,Buena,Diurna,Buen Tiempo,Lateral,S/D,Colisión,Ninguna,Faltante,Ninguna,Sin restricción,"-32.990076, -60.652044","['Entre Ríos', 'Milán']",2,,-32.990076,-60.652044,55.0,538.0,Municipio Rosario,Municipio,Rosario,820210,Servicio de Catastro e Información Territorial,IGN
2019,7518,2019-09-22,Domingo,,18:45:00,,0.0,2,"Automóvil,Moto/Ciclomotor",Lozzia Y Pje. 525,3,3,0,0,0,0,0,"-33.012404, -60.638289",Calle,,ROSARIO,Rosario,Asfalto,No existe,II,Dentro,Urbana,Ninguna,No existe,Intersección,Bueno,Buena,Atardecer,Buen Tiempo,Lateral,S/D,Colisión,Ninguna,Faltante,Ninguna,Sin restricción,"-33.012404, -60.638289","['Lozzia', 'Pasaje 525']",2,,-33.012404,-60.638289,55.0,538.0,Municipio Rosario,Municipio,Rosario,820210,Servicio de Catastro e Información Territorial,IGN
2019,7519,2019-09-19,Jueves,,17:50:00,,0.0,2,"Automóvil,Automóvil",Olegario V.Andrade Y Sarmiento,3,1,0,0,2,0,0,"-32.995897, -60.649187",Calle,,ROSARIO,Rosario,Asfalto,No existe,II,Dentro,Urbana,Ninguna,No existe,Intersección,Bueno,Buena,Diurna,Buen Tiempo,Lateral,S/D,Colisión,Ninguna,Faltante,Ninguna,Sin restricción,"-32.995897, -60.649187","['Olegario V Andrade', 'Sarmiento']",2,,-32.995897,-60.649187,55.0,538.0,Municipio Rosario,Municipio,Rosario,820210,Servicio de Catastro e Información Territorial,IGN
2019,7523,2019-09-11,Miercoles,,19:00:00,,0.0,2,"Automóvil,Moto/Ciclomotor",Estado de Israel Y Pje. Humboldt,3,1,0,0,2,0,0,"-32.991822, -60.647706",Calle,,ROSARIO,Rosario,Asfalto,No existe,II,Dentro,Urbana,Ninguna,No existe,Intersección,Bueno,Buena,Atardecer,Buen Tiempo,Lateral,S/D,Colisión,Ninguna,Faltante,Ninguna,Sin restricción,"-32.991822, -60.647706","['Estado de Israel', 'Humboldt']",2,,-32.991822,-60.647706,55.0,538.0,Municipio Rosario,Municipio,Rosario,820210,Servicio de Catastro e Información Territorial,IGN
2019,7525,2019-09-11,Miercoles,,07:52:00,,0.0,2,"Bicicleta,Automóvil",Ayacucho Y Gaboto,2,1,0,0,1,0,0,"-32.975413, -60.633631",Calle,,ROSARIO,Rosario,Asfalto,No existe,II,Dentro,Urbana,Ninguna,No existe,Intersección,Bueno,Buena,Diurna,Buen Tiempo,S/D,Ciclista,Atropello,Ninguna,Faltante,Ninguna,Sin restricción,"-32.975413, -60.633631","['Ayacucho', 'Gaboto']",2,,-32.975413,-60.633631,55.0,538.0,Municipio Rosario,Municipio,Rosario,820210,Servicio de Catastro e Información Territorial,IGN
2019,7527,2019-04-06,Sabado,,17:00:00,,0.0,2,"Moto/Ciclomotor,Automóvil",Av. Ovidio Lagos Y Lamadrid,3,1,0,0,1,1,0,"-32.9979,-60.67483",Calle,,ROSARIO,Rosario,Asfalto,No existe,II,Dentro,Urbana,Ninguna,No existe,Intersección,Bueno,S/D,Diurna,S/D,Lateral,S/D,Colisión,Ninguna,Faltante,Cordón divisorio,Sin restricción,"-32.9979,-60.67483","['Avenida Ovidio Lagos', 'Lamadrid']",2,,-32.9979,-60.67483,55.0,538.0,Municipio Rosario,Municipio,Rosario,820210,Servicio de Catastro e Información Territorial,IGN
2019,7528,2019-09-18,Miercoles,,15:55:00,,0.0,2,"Automóvil,Moto/Ciclomotor",Buenos Aires Y Anchorena,3,2,0,0,1,0,0,"-32.997684, -60.645173",Calle,,ROSARIO,Rosario,Asfalto,No existe,II,Dentro,Urbana,Ninguna,No existe,Intersección,Bueno,Buena,Diurna,Buen Tiempo,Lateral,S/D,Colisión,Ninguna,Faltante,Ninguna,Sin restricción,"-32.997684, -60.645173","['Buenos Aires', 'Anchorena']",2,,-32.997684,-60.645173,55.0,538.0,Municipio Rosario,Municipio,Rosario,820210,Servicio de Catastro e Información Territorial,IGN
2019,7534,2019-09-16,Lunes,,17:10:00,,0.0,2,"Automóvil,Automóvil",Esteban de Luca Y San Martin,4,1,0,0,3,0,0,"-32.994880, -60.647575",Calle,,ROSARIO,Rosario,Asfalto,No existe,II,Dentro,Urbana,Semáforo,Funciona,Intersección,Bueno,Buena,Diurna,Buen Tiempo,Lateral,S/D,Colisión,Ninguna,"Horizontal,Vertical",Ninguna,Sin restricción,"-32.994880, -60.647575","['Esteban de Luca', 'San Martin']",2,,-32.99488,-60.647575,55.0,538.0,Municipio Rosario,Municipio,Rosario,820210,Servicio de Catastro e Información Territorial,IGN
2019,7536,2019-07-22,Lunes,,12:25:00,,0.0,2,"Taxi/Remis,Automóvil",San Juan Y Iriondo,2,1,0,0,1,0,0,"-32.94451, -60.6706",Calle,,ROSARIO,Rosario,Asfalto,No existe,II,S/D,Urbana,Señal Ceda el Paso,No existe,Intersección,Bueno,Buena,Diurna,Buen Tiempo,S/D,S/D,Colisión,Ninguna,Vertical,Ninguna,Sin restricción,"-32.94451, -60.6706","['San Juan', 'Iriondo']",2,,-32.94451,-60.6706,55.0,538.0,Municipio Rosario,Municipio,Rosario,820210,Servicio de Catastro e Información Territorial,IGN
2019,7537,2019-09-05,Jueves,,18:50:00,,0.0,2,"Automóvil,Moto/Ciclomotor",Esteban de Luca Y Buenos Aires,2,1,0,0,1,0,0," -32.994813, -60.644613",Calle,,ROSARIO,Rosario,Asfalto,No existe,II,Dentro,Urbana,Otra Señal,No existe,Intersección,Bueno,Reducida,Atardecer,Buen Tiempo,Lateral,S/D,Colisión,Ninguna,Vertical,Ninguna,Sin restricción," -32.994813, -60.644613","['Esteban de Luca', 'Buenos Aires']",2,,-32.994813,-60.644613,55.0,538.0,Municipio Rosario,Municipio,Rosario,820210,Servicio de Catastro e Información Territorial,IGN
2019,7539,2019-09-14,Sabado,,13:15:00,,0.0,2,"Automóvil,Bicicleta",Sanchez de Bustamante Y Av. Corrientes,2,1,0,0,1,0,0,"-33.002123, -60.653315",Calle,,ROSARIO,Rosario,Asfalto,No existe,II,Dentro,Urbana,Señal Pare,No existe,Intersección,Bueno,Buena,Diurna,Buen Tiempo,S/D,Ciclista,Atropello,Ninguna,Vertical,Ninguna,Sin restricción,"-33.002123, -60.653315","['Sánchez de Bustamante', 'Corrientes']",2,,-33.002123,-60.653315,55.0,538.0,Municipio Rosario,Municipio,Rosario,820210,Servicio de Catastro e Información Territorial,IGN
2019,7540,2019-09-07,Sabado,,13:15:00,,0.0,2,"Moto/Ciclomotor,Automóvil",Dean Funes Y Entre Rios,3,1,0,0,2,0,0,"-32.975128662594,-60.64831183979",Calle,,ROSARIO,Rosario,Asfalto,No existe,II,Dentro,Urbana,Ninguna,No existe,Intersección,Bueno,Buena,Diurna,Buen Tiempo,Lateral,S/D,Colisión,Ninguna,Horizontal,Línea divisoria pintada,Sin restricción,"-32.975128662594,-60.64831183979","['Deán Gregorio Funes', 'Entre Ríos']",2,,-32.975128662594,-60.64831183979,55.0,538.0,Municipio Rosario,Municipio,Rosario,820210,Servicio de Catastro e Información Territorial,IGN
2019,7543,2019-09-06,Viernes,,12:50:00,,0.0,2,"Peatón,Automóvil",Ayacucho Y Sanchez de Bustamante,2,1,0,0,1,0,0,"-33.001561319446,-60.636235322837",Calle,,ROSARIO,Rosario,Asfalto,No existe,II,Dentro,Urbana,Semáforo,Funciona,Intersección,Bueno,Buena,Diurna,Buen Tiempo,S/D,Peatón,Atropello,Ninguna,"Horizontal,Vertical",Línea divisoria pintada,Sin restricción,"-33.001561319446,-60.636235322837","['Ayacucho', 'Sánchez de Bustamante']",2,,-33.001561319446,-60.636235322837,55.0,538.0,Municipio Rosario,Municipio,Rosario,820210,Servicio de Catastro e Información Territorial,IGN
2019,7544,2019-09-04,Miercoles,,19:15:00,,0.0,2,"Automóvil,Moto/Ciclomotor",San Martin 6600,3,2,0,0,1,0,0,"-33.014295598953,-60.651863694297",Calle,,ROSARIO,Rosario,Asfalto,No existe,II,Dentro,Urbana,Semáforo,Funciona,Recta,Bueno,Buena,Atardecer,Buen Tiempo,Lateral,S/D,Colisión,Ninguna,Vertical,Cordón divisorio,Sin restricción,"-33.014295598953,-60.651863694297",['San Martin 6600'],1,,-33.014295598953,-60.651863694297,55.0,538.0,Municipio Rosario,Municipio,Rosario,820210,Servicio de Catastro e Información Territorial,IGN
2019,7545,2019-09-08,Domingo,,05:45:00,,0.0,2,"Automóvil,Automóvil",Bv. Segui Y Pte.Roca,4,2,0,0,2,0,0,"-32.97771742604,-60.653308763778",Avenida,,ROSARIO,Rosario,Asfalto,No existe,II,Dentro,Urbana,Ninguna,No existe,Intersección,Bueno,Buena,Nocturna,Buen Tiempo,S/D,S/D,Colisión,Ninguna,Faltante,"Cordón divisorio,Vegetación",Sin restricción,"-32.97771742604,-60.653308763778","['Bulevar Juan Francisco Seguí', 'Roca']",2,,-32.97771742604,-60.653308763778,55.0,538.0,Municipio Rosario,Municipio,Rosario,820210,Servicio de Catastro e Información Territorial,IGN
2019,7547,2019-09-13,Viernes,,16:45:00,,0.0,2,"Automóvil,Moto/Ciclomotor",Reg.11 de Infanteria Y Av. Castro Barros,2,1,0,0,1,0,0,"-32.998208, -60.629624",Avenida,,ROSARIO,Rosario,Asfalto,No existe,II,Dentro,Urbana,Ninguna,No existe,Recta,Bueno,Buena,Diurna,Buen Tiempo,De alcance,S/D,Colisión,Ninguna,Faltante,Ninguna,Sin restricción,"-32.998208, -60.629624","['Regimiento 11', 'Castro Barros']",2,,-32.998208,-60.629624,55.0,538.0,Municipio Rosario,Municipio,Rosario,820210,Servicio de Catastro e Información Territorial,IGN
2019,7548,2019-09-01,Domingo,,11:00:00,,0.0,2,"Moto/Ciclomotor,Automóvil",F.Frias Y Lozzia,2,1,0,0,1,0,0,"-33.011671, -60.638309",Calle,,ROSARIO,Rosario,Asfalto,No existe,II,Dentro,Urbana,Ninguna,No existe,Intersección,Bueno,Buena,Diurna,Buen Tiempo,De alcance,S/D,Colisión,Ninguna,Faltante,Ninguna,Sin restricción,"-33.011671, -60.638309","['Frias', 'Lozzia']",2,,-33.011671,-60.638309,55.0,538.0,Municipio Rosario,Municipio,Rosario,820210,Servicio de Catastro e Información Territorial,IGN
2019,7549,2019-09-14,Sabado,,15:20:00,,0.0,2,"Automóvil,Pickup/Utilitario",España 3900,3,1,0,0,2,0,0,"-32.981066, -60.655579",Calle,,ROSARIO,Rosario,Asfalto,No existe,II,Dentro,Urbana,Ninguna,No existe,Intersección,Bueno,Buena,Diurna,Buen Tiempo,Lateral,S/D,Colisión,Ninguna,Faltante,Ninguna,Sin restricción,"-32.981066, -60.655579",['España 3900'],1,,-32.981066,-60.655579,55.0,538.0,Municipio Rosario,Municipio,Rosario,820210,Servicio de Catastro e Información Territorial,IGN
2019,7550,2019-09-07,Sabado,,21:25:00,,0.0,2,"Moto/Ciclomotor,Automóvil",Beruti Y Dean Funes,2,1,0,0,1,0,0,"-32.978859342789,-60.627432015518",Calle,,ROSARIO,Rosario,Asfalto,No existe,II,Dentro,Urbana,Ninguna,No existe,Intersección,Bueno,Buena,Diurna,Buen Tiempo,Lateral,S/D,Colisión,Ninguna,Faltante,Ninguna,Sin restricción,"-32.978859342789,-60.627432015518","['Luis Beruti', 'Deán Gregorio Funes']",2,,-32.978859342789,-60.627432015518,55.0,538.0,Municipio Rosario,Municipio,Rosario,820210,Servicio de Catastro e Información Territorial,IGN
2019,7552,2019-09-06,Viernes,,19:20:00,,0.0,2,"Automóvil,Moto/Ciclomotor",Av. Ntra.Sra.del Rosario Y Av. Castro Barros,2,1,0,0,1,0,0,"-32.999289, -60.629567",Avenida,,ROSARIO,Rosario,Asfalto,No existe,II,Dentro,Urbana,Polic�a de tr�nsito,No existe,Intersección,Bueno,Buena,Atardecer,Buen Tiempo,De alcance,S/D,Colisión,Ninguna,Horizontal,Ninguna,Sin restricción,"-32.999289, -60.629567","['Nuestra Señora del Rosario', 'Castro Barros']",2,,-32.999289,-60.629567,55.0,538.0,Municipio Rosario,Municipio,Rosario,820210,Servicio de Catastro e Información Territorial,IGN
2019,7553,2019-09-02,Lunes,,09:45:00,,0.0,2,"Bicicleta,Automóvil",Av. Castro Barros Y Sanchez de Bustamante,2,1,0,0,1,0,0,"-33.001356656012,-60.629474280331",Avenida,,ROSARIO,Rosario,Asfalto,No existe,II,Dentro,Urbana,Ninguna,No existe,Intersección,Bueno,Buena,Diurna,Buen Tiempo,S/D,Ciclista,Atropello,Ninguna,Faltante,Ninguna,Sin restricción,"-33.001356656012,-60.629474280331","['Castro Barros', 'Sánchez de Bustamante']",2,,-33.001356656012,-60.629474280331,55.0,538.0,Municipio Rosario,Municipio,Rosario,820210,Servicio de Catastro e Información Territorial,IGN
2019,7554,2019-09-03,Martes,,10:45:00,,0.0,2,"Moto/Ciclomotor,Pickup/Utilitario",Laprida Y Pje. Directorio,2,1,0,0,1,0,0,"-32.997031955506,-60.646814769665",Calle,,ROSARIO,Rosario,Asfalto,No existe,II,Dentro,Urbana,Ninguna,No existe,Intersección,Bueno,Buena,Diurna,Buen Tiempo,Lateral,S/D,Colisión,Ninguna,Faltante,Ninguna,Sin restricción,"-32.997031955506,-60.646814769665","['Laprida', 'Directorio']",2,,-32.997031955506,-60.646814769665,55.0,538.0,Municipio Rosario,Municipio,Rosario,820210,Servicio de Catastro e Información Territorial,IGN
2019,7555,2019-09-05,Jueves,,06:45:00,,0.0,2,"Peatón,Automóvil",Av. Ntra.Sra.del Rosario Y Salva,2,1,0,0,1,0,0,"-32.999602, -60.640340",Avenida,,ROSARIO,Rosario,Asfalto,No existe,II,Dentro,Urbana,Ninguna,No existe,Intersección,Bueno,Buena,Amanecer,Buen Tiempo,S/D,Peatón,Atropello,Ninguna,Faltante,Ninguna,Sin restricción,"-32.999602, -60.640340","['Nuestra Señora del Rosario', 'Salva']",2,,-32.999602,-60.64034,55.0,538.0,Municipio Rosario,Municipio,Rosario,820210,Servicio de Catastro e Información Territorial,IGN
2019,7556,2019-09-01,Domingo,,13:00:00,,0.0,2,"Vehículo Oficial,Automóvil",Gaboto Y San Martin,3,2,0,0,1,0,0,"-32.973590600948,-60.643502963102",Avenida,,ROSARIO,Rosario,Asfalto,No existe,II,Dentro,Urbana,Semáforo,Funciona,Intersección,Bueno,Buena,Diurna,Buen Tiempo,Lateral,S/D,Colisión,Ninguna,"Horizontal,Vertical",Línea divisoria pintada,Sin restricción,"-32.973590600948,-60.643502963102","['Gaboto', 'San Martin']",2,,-32.973590600948,-60.643502963102,55.0,538.0,Municipio Rosario,Municipio,Rosario,820210,Servicio de Catastro e Información Territorial,IGN
2019,7557,2019-09-02,Lunes,,08:50:00,,0.0,2,"Moto/Ciclomotor,Pickup/Utilitario",Av. Corrientes Y Benito Juarez,3,2,0,0,1,0,0,"-32.993052452465,-60.653646099027",Calle,,ROSARIO,Rosario,Asfalto,No existe,II,Dentro,Urbana,Ninguna,No existe,Intersección,Bueno,Buena,Diurna,Lluvia,Lateral,S/D,Colisión,Agua,Faltante,Ninguna,Sin restricción,"-32.993052452465,-60.653646099027","['Corrientes', 'Benito Juárez']",2,,-32.993052452465,-60.653646099027,55.0,538.0,Municipio Rosario,Municipio,Rosario,820210,Servicio de Catastro e Información Territorial,IGN
2019,7558,2019-09-03,Martes,,21:40:00,,0.0,2,"Automóvil,Moto/Ciclomotor",Melincue Y MUÑOZ,3,2,0,0,1,0,0,"-33.008329344433,-60.647625012695",Calle,,ROSARIO,Rosario,Asfalto,No existe,II,Dentro,Urbana,Ninguna,No existe,Intersección,Bueno,Buena,Nocturna,Buen Tiempo,De alcance,S/D,Colisión,Ninguna,Faltante,Ninguna,Sin restricción,"-33.008329344433,-60.647625012695","['Melincué', 'Muñoz']",2,,-33.008329344433,-60.647625012695,55.0,538.0,Municipio Rosario,Municipio,Rosario,820210,Servicio de Catastro e Información Territorial,IGN
2019,7559,2019-09-09,Lunes,,07:40:00,,0.0,2,"Peatón,Automóvil",Sarmiento Y Garay,2,1,0,0,1,0,0,"-32.974482948347,-60.645220021633",Calle,,ROSARIO,Rosario,Asfalto,No existe,II,Dentro,Urbana,Señal Pare,No existe,Intersección,Bueno,Buena,Diurna,Buen Tiempo,S/D,Peatón,Atropello,Ninguna,Vertical,Ninguna,Sin restricción,"-32.974482948347,-60.645220021633","['Sarmiento', 'Garay']",2,,-32.974482948347,-60.645220021633,55.0,538.0,Municipio Rosario,Municipio,Rosario,820210,Servicio de Catastro e Información Territorial,IGN
2019,7560,2019-09-07,Sabado,,03:20:00,,0.0,2,"Moto/Ciclomotor,Automóvil",Bv. Segui Y Alvear,2,1,0,0,1,0,0,"-32.976036590078,-60.662850627502",Avenida,,ROSARIO,Rosario,Asfalto,No existe,II,Dentro,Urbana,Ninguna,No existe,Intersección,Bueno,Buena,Nocturna,Buen Tiempo,Lateral,S/D,Colisión,Ninguna,Faltante,Ninguna,Sin restricción,"-32.976036590078,-60.662850627502","['Bulevar Juan Francisco Seguí', 'Alvear']",2,,-32.976036590078,-60.662850627502,55.0,538.0,Municipio Rosario,Municipio,Rosario,820210,Servicio de Catastro e Información Territorial,IGN
2019,7561,2019-09-12,Jueves,,,,0.0,1,Transporte de Pasajeros Urbano (> 8 asientos),Gaboto Y San Martin,2,1,0,0,1,0,0,"-32.973611867571,-60.643382882141",Avenida,,ROSARIO,Rosario,Asfalto,No existe,II,Dentro,Urbana,Semáforo,Funciona,Intersección,Bueno,Buena,Diurna,Buen Tiempo,S/D,S/D,Caída ocupante,Ninguna,"Horizontal,Vertical",Línea divisoria pintada,Sin restricción,"-32.973611867571,-60.643382882141","['Gaboto', 'San Martin']",2,,-32.973611867571,-60.643382882141,55.0,538.0,Municipio Rosario,Municipio,Rosario,820210,Servicio de Catastro e Información Territorial,IGN
2019,7563,2019-09-01,Domingo,,07:30:00,,0.0,2,"Moto/Ciclomotor,Moto/Ciclomotor",Callao Y Benito Juarez,2,1,0,0,1,0,0,"-32.993657351836,-60.672210201106",Calle,,ROSARIO,Rosario,Asfalto,No existe,II,Dentro,Urbana,Ninguna,No existe,Intersección,S/D,S/D,Diurna,S/D,S/D,S/D,Colisión,S/D,Faltante,Ninguna,Sin restricción,"-32.993657351836,-60.672210201106","['Callao', 'Benito Juárez']",2,,-32.993657351836,-60.672210201106,55.0,538.0,Municipio Rosario,Municipio,Rosario,820210,Servicio de Catastro e Información Territorial,IGN
2019,7564,2019-09-01,Domingo,,09:05:00,,0.0,2,"Automóvil,Moto/Ciclomotor",Bv. 27 De Febrero Y Garzon,2,1,0,0,1,0,0,"-32.959080549497,-60.704917791496",Avenida,,ROSARIO,Rosario,Asfalto,No existe,II,Dentro,Urbana,Paso Peatonal,No existe,Intersección,S/D,S/D,Diurna,S/D,S/D,S/D,Colisión,S/D,Horizontal,Cordón divisorio,S/D,"-32.959080549497,-60.704917791496","['27 de Febrero', 'Garzón']",2,,-32.959080549497,-60.704917791496,55.0,538.0,Municipio Rosario,Municipio,Rosario,820210,Servicio de Catastro e Información Territorial,IGN
2019,7565,2019-09-01,Domingo,,11:50:00,,0.0,2,"Automóvil,Peatón",Av. Ovidio Lagos 4560,2,1,0,0,1,0,0,"-32.986093656256,-60.672174411215",Avenida,,ROSARIO,Rosario,Asfalto,No existe,II,Dentro,Urbana,Ninguna,No existe,Intersección,S/D,S/D,Diurna,S/D,S/D,Peatón,Atropello,S/D,Faltante,S/D,S/D,"-32.986093656256,-60.672174411215",['Ovidio Lagos 4560'],1,,-32.986093656256,-60.672174411215,55.0,538.0,Municipio Rosario,Municipio,Rosario,820210,Servicio de Catastro e Información Territorial,IGN
2019,7568,2019-09-02,Lunes,,19:10:00,,0.0,1,Automóvil,Sanchez de Loria Y Mendoza,5,2,0,0,3,0,0,"-32.940159392325,-60.731705817545",Calle,,ROSARIO,Rosario,Asfalto,No existe,II,Dentro,Urbana,Semáforo,Funciona,Intersección,S/D,S/D,Diurna,S/D,Contra objeto fijo,S/D,Colisión,S/D,Vertical,Cordón divisorio,S/D,"-32.940159392325,-60.731705817545","['Sánchez de Loria', 'Mendoza']",2,,-32.940159392325,-60.731705817545,55.0,538.0,Municipio Rosario,Municipio,Rosario,820210,Servicio de Catastro e Información Territorial,IGN
2019,7588,2019-04-14,Domingo,,06:30:00,,0.0,1,Moto/Ciclomotor,Mendoza Y Fraga,2,0,0,0,0,2,0,"-32.9401,-60.71025",Calle,,ROSARIO,Rosario,Asfalto,Pavimento,II,Dentro,Urbana,Semáforo,Funciona,Recta,Bueno,Buena,Amanecer,Buen Tiempo,Contra objeto fijo,S/D,Colisión,Ninguna,"Horizontal,Vertical",Cordón divisorio,Sin restricción,"-32.9401,-60.71025","['Mendoza', 'Fraga']",2,,-32.9401,-60.71025,55.0,538.0,Municipio Rosario,Municipio,Rosario,820210,Servicio de Catastro e Información Territorial,IGN
2019,7615,2019-07-22,Lunes,,19:10:00,,0.0,2,"Moto/Ciclomotor,Automóvil",Bv. Oroño Y Estanislao Sanchez,2,1,0,0,1,0,0,"-32.93078, -60.65007",Avenida,,ROSARIO,Rosario,Asfalto,No existe,II,S/D,Urbana,Semáforo,Funciona,Intersección,Bueno,Buena,"Atardecer,Con luz artificial",Buen Tiempo,S/D,S/D,Colisión,Ninguna,Vertical,Ninguna,Sin restricción,"-32.93078, -60.65007","['Bulevar Nicasio Oroño', 'Estanislao Sánchez']",2,,-32.93078,-60.65007,55.0,538.0,Municipio Rosario,Municipio,Rosario,820210,Servicio de Catastro e Información Territorial,IGN
2019,7616,2019-07-22,Lunes,,09:20:00,,0.0,2,"Moto/Ciclomotor,Automóvil",Necochea Y Pje. Cajaraville,2,1,0,0,1,0,0,"-32.95443, -60.62562",Calle,,ROSARIO,Rosario,Asfalto,No existe,II,S/D,Urbana,Ninguna,No existe,Intersección,Bueno,Buena,Diurna,Buen Tiempo,S/D,S/D,Colisión,Ninguna,Vertical,Ninguna,Sin restricción,"-32.95443, -60.62562","['Necochea', 'Cajaraville']",2,,-32.95443,-60.62562,55.0,538.0,Municipio Rosario,Municipio,Rosario,820210,Servicio de Catastro e Información Territorial,IGN
2019,7620,2019-09-10,Martes,,14:30:00,,0.0,1,Bicicleta,Bv. Avellaneda Y Santa Fe,1,1,0,0,0,0,0,"-32.937746505845,-60.678687984497",Avenida,,ROSARIO,Rosario,Asfalto,No existe,II,Dentro,Urbana,Semáforo,Funciona,Intersección,Bueno,Buena,Diurna,Buen Tiempo,S/D,S/D,Caída ocupante,Ninguna,"Horizontal,Vertical","Cordón divisorio,Línea divisoria pintada",Sin restricción,"-32.937746505845,-60.678687984497","['Avellaneda', 'Santa Fe']",2,,-32.937746505845,-60.678687984497,55.0,538.0,Municipio Rosario,Municipio,Rosario,820210,Servicio de Catastro e Información Territorial,IGN
2019,7623,2019-09-28,Sabado,,09:10:00,,0.0,2,"Transporte de Pasajeros (H/ 8 asientos),Bicicleta",Entre Rios Y Pasco,2,1,0,0,1,0,0,"-32.959071, -60.644316",Calle,,ROSARIO,Rosario,Asfalto,No existe,II,Dentro,Urbana,Ninguna,No existe,Intersección,Bueno,Buena,Diurna,Buen Tiempo,S/D,Ciclista,Atropello,Ninguna,Faltante,Ninguna,Sin restricción,"-32.959071, -60.644316","['Entre Ríos', 'Pasco']",2,,-32.959071,-60.644316,55.0,538.0,Municipio Rosario,Municipio,Rosario,820210,Servicio de Catastro e Información Territorial,IGN