anio_acci,nro_acci,fecha,desc_dia,fecha_aprox,hora_aprox,desc_ruta,km,cant_participantes,desc_participante,calle_avenida_km,total,heridos_leves,heridos_graves,heridos_gravisimos,ilesos,fallecidos,sin_datos,posicion_XY,desc_tipo_via,desc_ruta_ori,desc_loc,desc_dpto,desc_tipo_calzada,desc_tipo_banquina,desc_unidad_regional,desc_lugar_calzada,desc_zona,desc_prioridad,desc_estado_semaforo,desc_lugar_via,desc_estado_via,desc_estado_visibilidad,desc_luminosidad,desc_estado_clima,desc_tipo_colision,desc_tipo_atropello,desc_tipo_hecho,desc_pres_calzada,desc_senializacion,desc_separacion_via,desc_restriccion,forma_geocod,calle_lista,numero_calles,calles_osm,lat,lon,index_right,gid,fna,gna,nam,in1,fdc,sag
2019,7632,2019-09-15,Domingo,,08:00:00,,0.0,2,"Pickup/Utilitario,Moto/Ciclomotor",Bv. 27 De Febrero Y Camilo Aldao,2,1,0,0,1,0,0,"-32.95868987614,-60.695262350067",Calle,,ROSARIO,Rosario,Asfalto,No existe,II,Dentro,Urbana,Ninguna,No existe,Intersección,Bueno,Buena,Diurna,Buen Tiempo,S/D,S/D,Colisión,Ninguna,Faltante,Cordón divisorio,Sin restricción,"-32.95868987614,-60.695262350067","['27 de Febrero', 'Camilo Aldao']",2,,-32.95868987614,-60.695262350067,55.0,538.0,Municipio Rosario,Municipio,Rosario,820210,Servicio de Catastro e Información Territorial,IGN
2019,7634,2019-09-15,Domingo,,21:00:00,,0.0,2,"Automóvil,Moto/Ciclomotor",Av. Pellegrini Y Cullen,2,0,0,0,1,1,0,"-32.9485,-60.70873",Avenida,,ROSARIO,Rosario,Asfalto,No existe,II,Dentro,Urbana,Semáforo,Funciona,Intersección,Bueno,Buena,"Nocturna,Con luz artificial",Buen Tiempo,Lateral,S/D,Colisión,Ninguna,"Horizontal,Vertical","Cordón divisorio,Línea divisoria pintada",Sin restricción,"-32.9485,-60.70873","['Pellegrini', 'Cullen']",2,,-32.9485,-60.70873,55.0,538.0,Municipio Rosario,Municipio,Rosario,820210,Servicio de Catastro e Información Territorial,IGN
2019,7638,2019-09-08,Domingo,,21:25:00,,0.0,1,Moto/Ciclomotor,Bv. Segui Y Av. Ovidio Lagos,1,1,0,0,0,0,0,"-32.974880612142,-60.669285244493",Avenida,,ROSARIO,Rosario,Asfalto,No existe,II,Dentro,Urbana,Semáforo,Funciona,Intersección,S/D,S/D,S/D,S/D,S/D,S/D,Caída ocupante,S/D,"Horizontal,Vertical",Cordón divisorio,S/D,"-32.974880612142,-60.669285244493","['Bulevar Juan Francisco Seguí', 'Avenida Ovidio Lagos']",2,,-32.974880612142,-60.669285244493,55.0,538.0,Municipio Rosario,Municipio,Rosario,820210,Servicio de Catastro e Información Territorial,IGN
2019,7645,2019-09-08,Domingo,,00:19:00,,0.0,2,"Moto/Ciclomotor,Automóvil",Mar Chiquita Y Biarritz,4,2,0,0,2,0,0,"-33.026718282997,-60.684756983908",Calle,,ROSARIO,Rosario,Asfalto,No existe,II,Dentro,Urbana,S/D,S/D,Intersección,S/D,S/D,Nocturna,S/D,S/D,S/D,Colisión,S/D,S/D,Ninguna,S/D,"-33.026718282997,-60.684756983908","['Mar Chiquita', 'Biarritz']",2,,-33.026718282997,-60.684756983908,55.0,538.0,Municipio Rosario,Municipio,Rosario,820210,Servicio de Catastro e Información Territorial,IGN
2019,7647,2019-09-09,Lunes,,03:00:00,,0.0,2,"Moto/Ciclomotor,Moto/Ciclomotor",Bv. Oroño Y Mendoza,3,2,0,0,1,0,0,"-32.94886648035,-60.654471934325",Avenida,,ROSARIO,Rosario,Asfalto,No existe,II,Dentro,Urbana,Semáforo,Funciona,Intersección,S/D,S/D,Nocturna,S/D,S/D,S/D,Colisión,S/D,"Horizontal,Vertical",Cordón divisorio,S/D,"-32.94886648035,-60.654471934325","['Bulevar Nicasio Oroño', 'Mendoza']",2,,-32.94886648035,-60.654471934325,55.0,538.0,Municipio Rosario,Municipio,Rosario,820210,Servicio de Catastro e Información Territorial,IGN
2019,7648,2019-09-16,Lunes,,13:30:00,,0.0,2,"Automóvil,Moto/Ciclomotor",Alsina Y Cochabamba,2,1,0,0,1,0,0,"-32.951574207076,-60.67942717636",Calle,,ROSARIO,Rosario,Asfalto,No existe,II,Dentro,Urbana,Ninguna,No existe,Intersección,Bueno,Buena,Diurna,Buen Tiempo,S/D,S/D,Colisión,Ninguna,Faltante,Ninguna,Sin restricción,"-32.951574207076,-60.67942717636","['Alsina', 'Cochabamba']",2,,-32.951574207076,-60.67942717636,55.0,538.0,Municipio Rosario,Municipio,Rosario,820210,Servicio de Catastro e Información Territorial,IGN
2019,7650,2019-09-16,Lunes,,19:10:00,,0.0,2,"Pickup/Utilitario,Moto/Ciclomotor",Campbell Y Cochabamba,3,2,0,0,1,0,0,"-32.949651143749,-60.707546524324",Calle,,ROSARIO,Rosario,Asfalto,No existe,II,Dentro,Urbana,Ninguna,No existe,Intersección,Bueno,Buena,Diurna,Buen Tiempo,S/D,S/D,Colisión,Ninguna,Faltante,Ninguna,Sin restricción,"-32.949651143749,-60.707546524324","['Campbell', 'Cochabamba']",2,,-32.949651143749,-60.707546524324,55.0,538.0,Municipio Rosario,Municipio,Rosario,820210,Servicio de Catastro e Información Territorial,IGN
2019,7656,2019-09-18,Miercoles,,,,0.0,2,"Automóvil,Automóvil",San Martin Y Mitre,2,1,0,0,1,0,0,"-32.95427441596981,-60.638694763183",Calle,,ROSARIO,Rosario,Asfalto,No existe,II,Dentro,Urbana,S/D,S/D,S/D,S/D,S/D,S/D,S/D,S/D,S/D,Colisión,S/D,S/D,S/D,S/D,"-32.95427441596981,-60.638694763183","['San Martin', 'Mitre']",2,,-32.95427441596981,-60.638694763183,55.0,538.0,Municipio Rosario,Municipio,Rosario,820210,Servicio de Catastro e Información Territorial,IGN
2019,7657,2019-09-17,Martes,,16:05:00,,0.0,2,"Automóvil,Automóvil",Necochea Y La Paz,2,1,0,0,1,0,0,"-32.96665917709,-60.628633799047",Calle,,ROSARIO,Rosario,Asfalto,No existe,II,Dentro,Urbana,Marca Vial,No existe,Intersección,S/D,S/D,Diurna,S/D,S/D,S/D,Colisión,S/D,Horizontal,Ninguna,S/D,"-32.96665917709,-60.628633799047","['Necochea', 'La Paz']",2,,-32.96665917709,-60.628633799047,55.0,538.0,Municipio Rosario,Municipio,Rosario,820210,Servicio de Catastro e Información Territorial,IGN
2019,7666,2019-09-17,Martes,,15:20:00,,0.0,2,"Automóvil,Moto/Ciclomotor",Catamarca Y San Nicolas,3,1,0,0,2,0,0,"-32.934488335059,-60.670843684014",Calle,,ROSARIO,Rosario,Asfalto,No existe,II,Dentro,Urbana,Semáforo,Funciona,Intersección,S/D,S/D,Diurna,S/D,S/D,S/D,Colisión,S/D,Vertical,Ninguna,S/D,"-32.934488335059,-60.670843684014","['Catamarca', 'San Nicolás']",2,,-32.934488335059,-60.670843684014,55.0,538.0,Municipio Rosario,Municipio,Rosario,820210,Servicio de Catastro e Información Territorial,IGN
2019,7668,2019-09-18,Miercoles,,12:50:00,,0.0,2,"Automóvil,Moto/Ciclomotor",Av. Pte.Peron Y Campbell,2,1,0,0,1,0,0,"-32.965638, -60.706947",Avenida,,ROSARIO,Rosario,Asfalto,No existe,II,Dentro,Urbana,Paso Peatonal,No existe,Intersección,S/D,S/D,Diurna,S/D,S/D,S/D,Colisión,S/D,Horizontal,Cordón divisorio,S/D,"-32.965638, -60.706947","['Avenida Presidente Perón', 'Campbell']",2,,-32.965638,-60.706947,55.0,538.0,Municipio Rosario,Municipio,Rosario,820210,Servicio de Catastro e Información Territorial,IGN
2019,7690,2019-09-20,Viernes,,16:05:00,,0.0,1,Bicicleta,25 DE MAYO Y JUAN PABLO II,1,1,0,0,0,0,0,"-32.900630, -60.722308",Calle,,ROSARIO,Rosario,Asfalto,No existe,II,Dentro,Urbana,Ninguna,No existe,Intersección,S/D,S/D,Diurna,S/D,S/D,S/D,Caída ocupante,S/D,Faltante,S/D,S/D,"-32.900630, -60.722308","['25 de Mayo', 'Juan Pablo II']",2,,-32.90063,-60.722308,55.0,538.0,Municipio Rosario,Municipio,Rosario,820210,Servicio de Catastro e Información Territorial,IGN
2019,7694,2019-10-07,Lunes,,09:45:00,,0.0,2,"Moto/Ciclomotor,Automóvil",Alvear Y E.Zeballos,3,1,0,0,2,0,0,"-32.95204, -60.65683",Calle,,ROSARIO,Rosario,Asfalto,No existe,II,Dentro,Urbana,S/D,S/D,Recta,Bueno,Buena,Diurna,Buen Tiempo,"Frontal,Lateral",S/D,Colisión,Ninguna,Vertical,Ninguna,Sin restricción,"-32.95204, -60.65683","['Alvear', 'Zeballos']",2,,-32.95204,-60.65683,55.0,538.0,Municipio Rosario,Municipio,Rosario,820210,Servicio de Catastro e Información Territorial,IGN
2019,7699,2019-09-27,Viernes,,,,0.0,2,"Moto/Ciclomotor,Automóvil",Mendoza Y Tarragona,2,1,0,0,1,0,0,"-32.940237, -60.734074",Avenida,,ROSARIO,Rosario,Asfalto,No existe,II,Dentro,Urbana,Ninguna,No existe,Intersección,Bueno,S/D,S/D,Buen Tiempo,Lateral,S/D,Colisión,Ninguna,Faltante,Cordón divisorio,Sin restricción,"-32.940237, -60.734074","['Mendoza', 'Tarragona']",2,,-32.940237,-60.734074,55.0,538.0,Municipio Rosario,Municipio,Rosario,820210,Servicio de Catastro e Información Territorial,IGN
2019,7702,2019-10-06,Domingo,,19:55:00,,0.0,2,"Automóvil,Peatón",Av. Pellegrini Y Buenos Aires,2,1,0,0,1,0,0,"-32.95844, -60.6355",Avenida,,ROSARIO,Rosario,Asfalto,S/D,II,Dentro,Urbana,S/D,S/D,Intersección,Bueno,S/D,S/D,S/D,S/D,Peatón,Atropello,Ninguna,Vertical,S/D,S/D,"-32.95844, -60.6355","['Pellegrini', 'Buenos Aires']",2,,-32.95844,-60.6355,55.0,538.0,Municipio Rosario,Municipio,Rosario,820210,Servicio de Catastro e Información Territorial,IGN
2019,7704,2019-09-27,Viernes,,07:35:00,,0.0,2,"Automóvil,Moto/Ciclomotor",A.Maza Y Luis Vila,2,0,1,0,1,0,0,"-32.897404, -60.687774",Calle,,ROSARIO,Rosario,Asfalto,No existe,II,Dentro,Urbana,Ninguna,No existe,Intersección,Bueno,Buena,Diurna,Buen Tiempo,Lateral,S/D,Colisión,Ninguna,Faltante,Ninguna,Sin restricción,"-32.897404, -60.687774","['Maza', 'Doctor Vila']",2,,-32.897404,-60.687774,55.0,538.0,Municipio Rosario,Municipio,Rosario,820210,Servicio de Catastro e Información Territorial,IGN
2019,7707,2019-09-20,Viernes,,09:15:00,,0.0,2,"Camión c / Semirremolque,Bicicleta",Av. Battle y Ordoñez Y Bv. Oroño,2,1,0,0,1,0,0,"-33.009297518676,-60.664898224387",Calle,,ROSARIO,Rosario,Asfalto,No existe,II,Dentro,Urbana,Semáforo,Funciona,Rotonda,Bueno,Buena,Diurna,Buen Tiempo,S/D,Ciclista,Atropello,Ninguna,"Horizontal,Vertical","Cordón divisorio,Vegetación,Línea divisoria pintada",Sin restricción,"-33.009297518676,-60.664898224387","['Avenida Battle y Ordoñez', 'Bulevar Nicasio Oroño']",2,,-33.009297518676,-60.664898224387,55.0,538.0,Municipio Rosario,Municipio,Rosario,820210,Servicio de Catastro e Información Territorial,IGN
2019,7708,2019-09-20,Viernes,,14:40:00,,0.0,2,"Pickup/Utilitario,Moto/Ciclomotor",Peru Y Tucuman,2,0,1,0,1,0,0,"-32.932512236839,-60.711774651463",Calle,,ROSARIO,Rosario,Asfalto,No existe,II,Dentro,Urbana,Ninguna,No existe,Intersección,Bueno,Buena,Diurna,Buen Tiempo,S/D,S/D,Colisión,Ninguna,Faltante,Ninguna,Sin restricción,"-32.932512236839,-60.711774651463","['Peru', 'Tucumán']",2,,-32.932512236839,-60.711774651463,55.0,538.0,Municipio Rosario,Municipio,Rosario,820210,Servicio de Catastro e Información Territorial,IGN
2019,7713,2019-09-22,Domingo,,23:45:00,,0.0,2,"Automóvil,Moto/Ciclomotor",Uruguay Y Vera Mujica,2,1,0,0,1,0,0,"-32.971628129666,-60.674553390426",Calle,,ROSARIO,Rosario,Asfalto,No existe,II,Dentro,Urbana,Ninguna,No existe,Intersección,Bueno,Buena,Diurna,Buen Tiempo,Lateral,S/D,Colisión,Ninguna,Faltante,Ninguna,Sin restricción,"-32.971628129666,-60.674553390426","['Uruguay', 'Vera Mujíca']",2,,-32.971628129666,-60.674553390426,55.0,538.0,Municipio Rosario,Municipio,Rosario,820210,Servicio de Catastro e Información Territorial,IGN
2019,7715,2019-09-26,Jueves,,18:15:00,,0.0,2,"Moto/Ciclomotor,Peatón",Velez Sarsfield 900,3,2,0,0,1,0,0,"-32.924936, -60.676878",Calle,,ROSARIO,Rosario,Asfalto,No existe,II,Dentro,Urbana,Ninguna,No existe,Recta,Bueno,Buena,Diurna,Buen Tiempo,S/D,Peatón,Atropello,Ninguna,Faltante,Ninguna,Sin restricción,"-32.924936, -60.676878",['Velez Sarsfield 900'],1,,-32.924936,-60.676878,55.0,538.0,Municipio Rosario,Municipio,Rosario,820210,Servicio de Catastro e Información Territorial,IGN
2019,7718,2019-09-23,Lunes,,05:10:00,,0.0,1,Moto/Ciclomotor,Av. Uriburu 2100,1,1,0,0,0,0,0,"-32.991133318395,-60.663875561869",Avenida,,ROSARIO,Rosario,Asfalto,No existe,II,Dentro,Urbana,Ninguna,No existe,Recta,Bueno,Buena,Diurna,Buen Tiempo,S/D,S/D,Caída ocupante,Ninguna,Faltante,Cordón divisorio,Sin restricción,"-32.991133318395,-60.663875561869",['Uriburu 2100'],1,,-32.991133318395,-60.663875561869,55.0,538.0,Municipio Rosario,Municipio,Rosario,820210,Servicio de Catastro e Información Territorial,IGN
2019,7720,2019-09-22,Domingo,,09:30:00,,0.0,2,"Tracción animal / Carro,Moto/Ciclomotor",Cordoba 4700,2,1,1,0,0,0,0,"-32.937614537823,-60.687276430009",Calle,,ROSARIO,Rosario,Asfalto,No existe,II,Dentro,Urbana,Semáforo,Funciona,Intersección,Bueno,Buena,Diurna,Buen Tiempo,S/D,S/D,Colisión,Ninguna,"Horizontal,Vertical",Línea divisoria pintada,Sin restricción,"-32.937614537823,-60.687276430009",['Cordoba 4700'],1,,-32.937614537823,-60.687276430009,55.0,538.0,Municipio Rosario,Municipio,Rosario,820210,Servicio de Catastro e Información Territorial,IGN
2019,7722,2019-09-22,Domingo,,13:26:00,,0.0,2,"Transporte de Pasajeros Urbano (> 8 asientos),Bicicleta",Bv. Avellaneda Y Santa Fe,2,0,1,0,1,0,0,"-32.937746505845,-60.678687984497",Avenida,,ROSARIO,Rosario,Asfalto,No existe,II,Dentro,Urbana,Semáforo,Funciona,Intersección,Bueno,Buena,Diurna,Buen Tiempo,S/D,Ciclista,Atropello,Ninguna,"Horizontal,Vertical","Cordón divisorio,Línea divisoria pintada",Sin restricción,"-32.937746505845,-60.678687984497","['Avellaneda', 'Santa Fe']",2,,-32.937746505845,-60.678687984497,55.0,538.0,Municipio Rosario,Municipio,Rosario,820210,Servicio de Catastro e Información Territorial,IGN
2019,7723,2019-09-22,Domingo,,15:55:00,,0.0,2,"Automóvil,Moto/Ciclomotor",Dr.Rivas Y Grandoli,3,1,1,0,1,0,0,"-32.987076424475,-60.62836273017",Calle,,ROSARIO,Rosario,Asfalto,No existe,II,Dentro,Urbana,Ninguna,No existe,Intersección,Bueno,Buena,Diurna,Buen Tiempo,S/D,S/D,Colisión,Ninguna,Faltante,Cordón divisorio,Sin restricción,"-32.987076424475,-60.62836273017","['Doctor Francisco Riva', 'Avenida Abanderado Grandoli']",2,,-32.987076424475,-60.62836273017,55.0,538.0,Municipio Rosario,Municipio,Rosario,820210,Servicio de Catastro e Información Territorial,IGN
2019,7727,2019-10-02,Miercoles,,06:50:00,,0.0,2,"Moto/Ciclomotor,Automóvil",Salta Y Alvear,4,3,0,0,1,0,0,"-32.93655, -60.65294",Calle,,ROSARIO,Rosario,Asfalto,No existe,II,Dentro,Urbana,Ninguna,No existe,Intersección,Bueno,Buena,Diurna,Buen Tiempo,S/D,S/D,Colisión,Ninguna,Vertical,Ninguna,Sin restricción,"-32.93655, -60.65294","['Salta', 'Alvear']",2,,-32.93655,-60.65294,55.0,538.0,Municipio Rosario,Municipio,Rosario,820210,Servicio de Catastro e Información Territorial,IGN
2019,7729,2019-10-05,Sabado,,00:55:00,,0.0,2,"Moto/Ciclomotor,Automóvil",Av. Eva Peron Y Parana,2,1,0,0,1,0,0,"-32.93691, -60.69144",Calle,,ROSARIO,Rosario,Asfalto,No existe,II,Dentro,Urbana,Semáforo,Funciona,Intersección,Bueno,Buena,"Nocturna,Con luz artificial",Buen Tiempo,S/D,S/D,Colisión,Ninguna,Vertical,Ninguna,Sin restricción,"-32.93691, -60.69144","['Avenida Eva Perón', 'Paraná']",2,,-32.93691,-60.69144,55.0,538.0,Municipio Rosario,Municipio,Rosario,820210,Servicio de Catastro e Información Territorial,IGN
2019,7731,2019-10-01,Martes,,11:35:00,,0.0,2,"Automóvil,Moto/Ciclomotor",San Luis Y Rio De Janeiro,2,1,0,0,1,0,0,"-32.94147, -60.68118",Calle,,ROSARIO,Rosario,Asfalto,No existe,II,Dentro,Urbana,Ninguna,No existe,Intersección,Bueno,Reducida,Diurna,Lluvia,Lateral,S/D,Colisión,Agua,Faltante,Ninguna,Sin restricción,"-32.94147, -60.68118","['San Luis', 'Río de Janeiro']",2,,-32.94147,-60.68118,55.0,538.0,Municipio Rosario,Municipio,Rosario,820210,Servicio de Catastro e Información Territorial,IGN
2019,7735,2019-10-05,Sabado,,18:45:00,,0.0,2,"Moto/Ciclomotor,Automóvil",Bv. Oroño Y Lugones,2,1,0,0,0,0,1,"-32.95833, -60.65686",Avenida,,ROSARIO,Rosario,Asfalto,No existe,II,Dentro,Urbana,Ninguna,No existe,Rotonda,Bueno,Buena,Atardecer,Buen Tiempo,S/D,S/D,Colisión,Ninguna,Vertical,Ninguna,Sin restricción,"-32.95833, -60.65686","['Bulevar Nicasio Oroño', 'Lugones']",2,,-32.95833,-60.65686,55.0,538.0,Municipio Rosario,Municipio,Rosario,820210,Servicio de Catastro e Información Territorial,IGN
2019,7737,2019-10-05,Sabado,,08:45:00,,0.0,3,"Moto/Ciclomotor,Automóvil,Pickup/Utilitario",Av. Ovidio Lagos Y E.Zeballos,3,1,0,0,2,0,0,"-32.95093, -60.66364",Avenida,,ROSARIO,Rosario,Asfalto,S/D,II,Dentro,Urbana,Semáforo,Funciona,Intersección,Bueno,Buena,Diurna,Buen Tiempo,S/D,S/D,Colisión,S/D,S/D,Ninguna,Sin restricción,"-32.95093, -60.66364","['Avenida Ovidio Lagos', 'Zeballos']",2,,-32.95093,-60.66364,55.0,538.0,Municipio Rosario,Municipio,Rosario,820210,Servicio de Catastro e Información Territorial,IGN
2019,7739,2019-10-03,Jueves,,18:25:00,,0.0,2,"Automóvil,Moto/Ciclomotor",San Juan Y Alsina,2,1,0,0,1,0,0,"-32.94335, -60.67733",Calle,,ROSARIO,Rosario,Asfalto,No existe,II,Dentro,Urbana,Semáforo,Funciona,Intersección,Bueno,Buena,Diurna,Buen Tiempo,S/D,S/D,Colisión,Ninguna,Vertical,Ninguna,Sin restricción,"-32.94335, -60.67733","['San Juan', 'Alsina']",2,,-32.94335,-60.67733,55.0,538.0,Municipio Rosario,Municipio,Rosario,820210,Servicio de Catastro e Información Territorial,IGN
2019,7740,2019-10-06,Domingo,,16:20:00,,0.0,2,"Automóvil,Pickup/Utilitario",Rodriguez Y 3 De Febrero,2,1,0,0,1,0,0,"-32.94918, -60.66034",Calle,,ROSARIO,Rosario,Asfalto,No existe,II,Dentro,Urbana,Ninguna,No existe,Intersección,Bueno,Buena,Diurna,Buen Tiempo,Lateral,S/D,Colisión,Ninguna,Vertical,Ninguna,Sin restricción,"-32.94918, -60.66034","['Rodríguez', '3 de Febrero']",2,,-32.94918,-60.66034,55.0,538.0,Municipio Rosario,Municipio,Rosario,820210,Servicio de Catastro e Información Territorial,IGN
2019,7742,2019-10-03,Jueves,,15:20:00,,0.0,2,"Automóvil,Automóvil",Laprida Y Av. Belgrano,3,1,0,0,2,0,0,"-32.94504, -60.63281",Avenida,,ROSARIO,Rosario,Asfalto,No existe,II,Dentro,Urbana,Ninguna,No existe,Intersección,Bueno,Buena,Diurna,Buen Tiempo,De alcance,S/D,Colisión,S/D,S/D,Ninguna,Sin restricción,"-32.94504, -60.63281","['Laprida', 'Belgrano']",2,,-32.94504,-60.63281,55.0,538.0,Municipio Rosario,Municipio,Rosario,820210,Servicio de Catastro e Información Territorial,IGN
2019,7745,2019-10-04,Viernes,,10:10:00,,0.0,2,"Automóvil,Bicicleta",Alsina Y Urquiza,2,1,0,0,1,0,0,"-32.9361, -60.67553",Calle,,ROSARIO,Rosario,Asfalto,No existe,II,Dentro,Urbana,Ninguna,No existe,Intersección,Bueno,S/D,S/D,Buen Tiempo,S/D,Ciclista,Atropello,Ninguna,Faltante,Ninguna,Sin restricción,"-32.9361, -60.67553","['Alsina', 'Urquiza']",2,,-32.9361,-60.67553,55.0,538.0,Municipio Rosario,Municipio,Rosario,820210,Servicio de Catastro e Información Territorial,IGN
2019,7747,2019-10-04,Viernes,,14:10:00,,0.0,2,"Moto/Ciclomotor,Automóvil",Santa Fe Y San Nicolas,2,1,0,0,0,0,1,"-32.93898, -60.6719",Calle,,ROSARIO,Rosario,Asfalto,No existe,II,Dentro,Urbana,Semáforo,Funciona,Recta,Bueno,Buena,Diurna,Buen Tiempo,De alcance,S/D,Colisión,S/D,S/D,Ninguna,Sin restricción,"-32.93898, -60.6719","['Santa Fe', 'San Nicolás']",2,,-32.93898,-60.6719,55.0,538.0,Municipio Rosario,Municipio,Rosario,820210,Servicio de Catastro e Información Territorial,IGN
2019,7751,2019-10-05,Sabado,,11:10:00,,0.0,3,"Pickup/Utilitario,Moto/Ciclomotor,Peatón",3 De Febrero Y Pueyrredon,3,2,0,0,1,0,0,"-32.94944, -60.659",Calle,,ROSARIO,Rosario,Asfalto,No existe,II,Dentro,Urbana,Ninguna,No existe,Intersección,Bueno,Buena,Diurna,Buen Tiempo,S/D,Peatón,Atropello,Ninguna,Vertical,Ninguna,Sin restricción,"-32.94944, -60.659","['3 de Febrero', 'Pueyrredón']",2,,-32.94944,-60.659,55.0,538.0,Municipio Rosario,Municipio,Rosario,820210,Servicio de Catastro e Información Territorial,IGN
2019,7753,2019-10-01,Martes,,13:00:00,,0.0,2,"Moto/Ciclomotor,Pickup/Utilitario",Av. Corrientes Y Dean Funes,3,2,0,0,1,0,0,"-32.97491, -60.64975",Calle,,ROSARIO,Rosario,Asfalto,No existe,II,Dentro,Urbana,Ninguna,No existe,Recta,Bueno,Buena,Diurna,Buen Tiempo,De alcance,S/D,Colisión,Ninguna,Vertical,Ninguna,Sin restricción,"-32.97491, -60.64975","['Corrientes', 'Deán Gregorio Funes']",2,,-32.97491,-60.64975,55.0,538.0,Municipio Rosario,Municipio,Rosario,820210,Servicio de Catastro e Información Territorial,IGN
2019,7756,2019-10-05,Sabado,,05:20:00,,0.0,2,"Automóvil,Automóvil",San Lorenzo Y San Nicolas,3,2,0,0,1,0,0,"-32.93811, -60.67183",Calle,,ROSARIO,Rosario,Asfalto,No existe,II,Dentro,Urbana,Ninguna,No existe,Intersección,Bueno,Buena,Con luz artificial,Buen Tiempo,Lateral,S/D,Colisión,Ninguna,Faltante,Ninguna,Sin restricción,"-32.93811, -60.67183","['San Lorenzo', 'San Nicolás']",2,,-32.93811,-60.67183,55.0,538.0,Municipio Rosario,Municipio,Rosario,820210,Servicio de Catastro e Información Territorial,IGN
2019,7760,2019-10-05,Sabado,,18:00:00,,0.0,2,"Peatón,Automóvil",Av. Francia Y Salta,2,1,0,0,0,0,1,"-32.93466, -60.66346",Avenida,,ROSARIO,Rosario,Asfalto,S/D,II,Dentro,Urbana,S/D,S/D,Intersección,S/D,S/D,S/D,S/D,S/D,Peatón,Atropello,S/D,S/D,Cordón divisorio,S/D,"-32.93466, -60.66346","['Avenida Francia', 'Salta']",2,,-32.93466,-60.66346,55.0,538.0,Municipio Rosario,Municipio,Rosario,820210,Servicio de Catastro e Información Territorial,IGN
2019,7763,2019-10-06,Domingo,,20:15:00,,0.0,2,"Bicicleta,Automóvil",Catamarca Y Cafferata,3,1,0,0,1,0,1,"-32.93475, -60.66952",Calle,,ROSARIO,Rosario,Asfalto,S/D,II,Dentro,Urbana,S/D,S/D,Intersección,S/D,S/D,S/D,S/D,S/D,Ciclista,Atropello,S/D,S/D,S/D,S/D,"-32.93475, -60.66952","['Catamarca', 'Cafferata']",2,,-32.93475,-60.66952,55.0,538.0,Municipio Rosario,Municipio,Rosario,820210,Servicio de Catastro e Información Territorial,IGN
2019,7764,2019-10-15,Martes,,12:30:00,,0.0,2,"Bicicleta,Automóvil",Castellanos 600,2,0,1,0,1,0,0,"-32.93753, -60.67447",Calle,,ROSARIO,Rosario,Asfalto,S/D,II,Dentro,Urbana,S/D,S/D,Intersección,S/D,Reducida,S/D,S/D,S/D,Ciclista,Atropello,S/D,S/D,S/D,S/D,"-32.93753, -60.67447",['Castellanos 600'],1,,-32.93753,-60.67447,55.0,538.0,Municipio Rosario,Municipio,Rosario,820210,Servicio de Catastro e Información Territorial,IGN
2019,7769,2019-07-22,Lunes,,11:45:00,,0.0,2,"Peatón,Moto/Ciclomotor",Pte.Roca Y San Juan,2,1,0,0,1,0,0,"-32.94892, -60.64605",Calle,,ROSARIO,Rosario,Asfalto,No existe,II,S/D,Urbana,Semáforo,Funciona,Intersección,Bueno,Buena,Diurna,Buen Tiempo,S/D,Peatón,Atropello,Ninguna,Vertical,Ninguna,Sin restricción,"-32.94892, -60.64605","['Roca', 'San Juan']",2,,-32.94892,-60.64605,55.0,538.0,Municipio Rosario,Municipio,Rosario,820210,Servicio de Catastro e Información Territorial,IGN
2019,7771,2019-07-22,Lunes,,08:05:00,,0.0,2,"Automóvil,Automóvil",9 De Julio Y Constitucion,5,1,0,0,4,0,0,"-32.9475, -60.67557",Calle,,ROSARIO,Rosario,Asfalto,No existe,II,S/D,Urbana,Ninguna,No existe,Intersección,Bueno,Buena,Diurna,Buen Tiempo,S/D,S/D,Colisión,Ninguna,Vertical,Ninguna,Sin restricción,"-32.9475, -60.67557","['9 de Julio', 'Constitución']",2,,-32.9475,-60.67557,55.0,538.0,Municipio Rosario,Municipio,Rosario,820210,Servicio de Catastro e Información Territorial,IGN
2019,7772,2019-10-02,Miercoles,,21:10:00,,0.0,2,"Automóvil,Peatón",Pje. Boero Y Sgto Cabral,3,1,0,0,2,0,0,"-32.95387, -60.67003",Calle,,ROSARIO,Rosario,Asfalto,No existe,II,S/D,Urbana,Paso Peatonal,Funciona,Cruce,Bueno,S/D,Nocturna,Buen Tiempo,S/D,Peatón,Atropello,Ninguna,Vertical,Ninguna,Sin restricción,"-32.95387, -60.67003","['Boero', 'Sargento Cabral']",2,,-32.95387,-60.67003,55.0,538.0,Municipio Rosario,Municipio,Rosario,820210,Servicio de Catastro e Información Territorial,IGN