anio_acci,nro_acci,fecha,desc_dia,fecha_aprox,hora_aprox,desc_ruta,km,cant_participantes,desc_participante,calle_avenida_km,total,heridos_leves,heridos_graves,heridos_gravisimos,ilesos,fallecidos,sin_datos,posicion_XY,desc_tipo_via,desc_ruta_ori,desc_loc,desc_dpto,desc_tipo_calzada,desc_tipo_banquina,desc_unidad_regional,desc_lugar_calzada,desc_zona,desc_prioridad,desc_estado_semaforo,desc_lugar_via,desc_estado_via,desc_estado_visibilidad,desc_luminosidad,desc_estado_clima,desc_tipo_colision,desc_tipo_atropello,desc_tipo_hecho,desc_pres_calzada,desc_senializacion,desc_separacion_via,desc_restriccion,forma_geocod,calle_lista,numero_calles,calles_osm,lat,lon,index_right,gid,fna,gna,nam,in1,fdc,sag
2019,7780,2019-07-22,Lunes,,07:30:00,,0.0,2,"Automóvil,Moto/Ciclomotor",Bv. J.Granel Y Grandoli,2,1,0,0,1,0,0,"-32.88704, -60.72911",Calle,,ROSARIO,Rosario,Asfalto,Pavimento,II,S/D,Urbana,Semáforo,Funciona,Intersección,Bueno,Buena,Amanecer,Buen Tiempo,Lateral,S/D,Colisión,Ninguna,Vertical,S/D,Sin restricción,"-32.88704, -60.72911","['Granel', 'Avenida Abanderado Grandoli']",2,,-32.88704,-60.72911,55.0,538.0,Municipio Rosario,Municipio,Rosario,820210,Servicio de Catastro e Información Territorial,IGN
2019,7803,2019-10-04,Viernes,,17:00:00,,0.0,2,"Moto/Ciclomotor,Peatón",Av. Pellegrini Y Pascual Rosas,3,2,0,0,1,0,0,"-32.94878, -60.68864",Calle,,ROSARIO,Rosario,hormigón,S/D,II,Dentro,Urbana,S/D,S/D,Recta,S/D,S/D,S/D,S/D,S/D,Peatón,Atropello,S/D,S/D,S/D,S/D,"-32.94878, -60.68864","['Pellegrini', 'Pascual Rosas']",2,,-32.94878,-60.68864,55.0,538.0,Municipio Rosario,Municipio,Rosario,820210,Servicio de Catastro e Información Territorial,IGN
2019,7807,2019-10-05,Sabado,,20:45:00,,0.0,2,"Moto/Ciclomotor,Ambulancia",Buenos Aires Y La Paz,2,1,0,0,1,0,0,"-32.96519, -60.63714",Calle,,ROSARIO,Rosario,Asfalto,No existe,II,Dentro,Urbana,Señal Pare,No existe,Intersección,Bueno,Buena,Con luz artificial,Otro,S/D,S/D,Colisión,Ninguna,Vertical,Ninguna,S/D,"-32.96519, -60.63714","['Buenos Aires', 'La Paz']",2,,-32.96519,-60.63714,55.0,538.0,Municipio Rosario,Municipio,Rosario,820210,Servicio de Catastro e Información Territorial,IGN
2019,7808,2019-10-06,Domingo,,10:10:00,,0.0,2,"Automóvil,Automóvil",Paraguay Y Virasoro,6,5,0,0,1,0,0,"-32.96895, -60.64954",Calle,,ROSARIO,Rosario,Asfalto,No existe,II,Dentro,Urbana,Ninguna,No existe,Intersección,Bueno,Buena,Diurna,Buen Tiempo,S/D,S/D,Colisión,Ninguna,Vertical,Ninguna,Sin restricción,"-32.96895, -60.64954","['Paraguay', 'Virasoro']",2,,-32.96895,-60.64954,55.0,538.0,Municipio Rosario,Municipio,Rosario,820210,Servicio de Catastro e Información Territorial,IGN
2019,7813,2019-10-15,Martes,,14:30:00,,0.0,2,"Moto/Ciclomotor,Transporte de Pasajeros Urbano (> 8 asientos)",J.B.Justo Y Albert Sabin,2,1,0,0,1,0,0,"-32.91429, -60.69156",Calle,,ROSARIO,Rosario,Asfalto,S/D,II,S/D,Urbana,S/D,S/D,Intersección,S/D,S/D,Diurna,S/D,S/D,S/D,Colisión,S/D,S/D,S/D,S/D,"-32.91429, -60.69156","['Justo', 'Avenida Travesía Albert Sabin']",2,,-32.91429,-60.69156,55.0,538.0,Municipio Rosario,Municipio,Rosario,820210,Servicio de Catastro e Información Territorial,IGN
2019,7815,2019-10-04,Viernes,,12:45:00,,0.0,2,"Moto/Ciclomotor,Pickup/Utilitario",Baigorria Y Anna Frank,2,1,0,0,1,0,0,"-32.89374, -60.71145",Calle,,ROSARIO,Rosario,Asfalto,No existe,II,Dentro,Urbana,Ninguna,No existe,Intersección,Resbaladiza,Buena,Diurna,S/D,S/D,S/D,Colisión,Agua,Faltante,Ninguna,Sin restricción,"-32.89374, -60.71145","['Baigorria', 'Ana Frank']",2,,-32.89374,-60.71145,55.0,538.0,Municipio Rosario,Municipio,Rosario,820210,Servicio de Catastro e Información Territorial,IGN
2019,7819,2019-10-15,Martes,,,,0.0,2,"Automóvil,Moto/Ciclomotor",Iriondo Y San Juan,2,1,0,0,1,0,0,"-32.94452, -60.6706",Calle,,ROSARIO,Rosario,Asfalto,S/D,II,S/D,Urbana,S/D,S/D,Intersección,S/D,S/D,S/D,S/D,S/D,S/D,Colisión,S/D,S/D,S/D,S/D,"-32.94452, -60.6706","['Iriondo', 'San Juan']",2,,-32.94452,-60.6706,55.0,538.0,Municipio Rosario,Municipio,Rosario,820210,Servicio de Catastro e Información Territorial,IGN
2019,7823,2019-10-06,Domingo,,14:45:00,,0.0,2,"Automóvil,Moto/Ciclomotor",Baigorria ,2,1,0,0,1,0,0,"-32.89465, -60.72756",Calle,,ROSARIO,Rosario,Asfalto,No existe,II,Fuera,Urbana,Ninguna,No existe,Recta,Bueno,Buena,Diurna,Buen Tiempo,Lateral,S/D,Colisión,Ninguna,Faltante,Ninguna,Sin restricción,"-32.89465, -60.72756",['Baigorria'],1,,-32.89465,-60.72756,55.0,538.0,Municipio Rosario,Municipio,Rosario,820210,Servicio de Catastro e Información Territorial,IGN
2019,7827,2019-10-29,Martes,,16:00:00,,0.0,2,"Moto/Ciclomotor,Automóvil",Santa Fe Y España,2,1,0,0,1,0,0,"    -32.9436, -60.64615",Calle,,ROSARIO,Rosario,Asfalto,No existe,II,Dentro,Urbana,Semáforo,Funciona,Intersección,Bueno,Buena,Diurna,Buen Tiempo,S/D,S/D,Colisión,Ninguna,S/D,Ninguna,Sin restricción,"    -32.9436, -60.64615","['Santa Fe', 'España']",2,,-32.9436,-60.64615,55.0,538.0,Municipio Rosario,Municipio,Rosario,820210,Servicio de Catastro e Información Territorial,IGN
2019,7831,2019-10-07,Lunes,,20:30:00,,0.0,2,"Moto/Ciclomotor,Automóvil",Ayacucho Y Garay,2,1,0,0,1,0,0,"-32.97658, -60.63383",Calle,,ROSARIO,Rosario,Asfalto,No existe,II,Dentro,Urbana,Ninguna,No existe,Intersección,Bueno,Buena,Nocturna,Buen Tiempo,Lateral,S/D,Colisión,Ninguna,Faltante,Ninguna,Sin restricción,"-32.97658, -60.63383","['Ayacucho', 'Garay']",2,,-32.97658,-60.63383,55.0,538.0,Municipio Rosario,Municipio,Rosario,820210,Servicio de Catastro e Información Territorial,IGN
2019,7834,2019-10-05,Sabado,,20:10:00,,0.0,2,"Moto/Ciclomotor,Automóvil",Grandoli Y Centeno,3,1,0,0,2,0,0,"-32.98829, -60.62829",Avenida,,ROSARIO,Rosario,Asfalto,No existe,II,Dentro,Urbana,Ninguna,No existe,Intersección,Bueno,Buena,Nocturna,Buen Tiempo,Lateral,S/D,Colisión,Ninguna,Faltante,Ninguna,Sin restricción,"-32.98829, -60.62829","['Avenida Abanderado Grandoli', 'Centeno']",2,,-32.98829,-60.62829,55.0,538.0,Municipio Rosario,Municipio,Rosario,820210,Servicio de Catastro e Información Territorial,IGN
2019,7835,2019-10-30,Miercoles,,17:25:00,,0.0,2,"Automóvil,Moto/Ciclomotor",España Y Virasoro,3,1,0,0,2,0,0,"    -32.96841, -60.65241",Calle,,ROSARIO,Rosario,Asfalto,No existe,II,Dentro,Urbana,Ninguna,No existe,Intersección,Bueno,S/D,Diurna,Buen Tiempo,Lateral,S/D,Colisión,Ninguna,Vertical,Ninguna,Sin restricción,"    -32.96841, -60.65241","['España', 'Virasoro']",2,,-32.96841,-60.65241,55.0,538.0,Municipio Rosario,Municipio,Rosario,820210,Servicio de Catastro e Información Territorial,IGN
2019,7837,2019-10-06,Domingo,,06:55:00,,0.0,2,"Automóvil,Moto/Ciclomotor",Av. Ntra.Sra.del Rosario ,2,1,0,0,1,0,0,"-32.99994, -60.65086",Avenida,,ROSARIO,Rosario,Asfalto,Pavimento,II,Dentro,Urbana,Ninguna,No existe,Curva,Bueno,Buena,Amanecer,Buen Tiempo,S/D,S/D,Colisión,Ninguna,Faltante,Guardarrail,Sin restricción,"-32.99994, -60.65086",['Nuestra Señora del Rosario'],1,,-32.99994,-60.65086,55.0,538.0,Municipio Rosario,Municipio,Rosario,820210,Servicio de Catastro e Información Territorial,IGN
2019,7838,2019-10-06,Domingo,,08:40:00,,0.0,2,"Moto/Ciclomotor,Taxi/Remis",Sarmiento Y Dean Funes,2,1,0,0,1,0,0,"-32.97567, -60.64549",Calle,,ROSARIO,Rosario,Asfalto,No existe,II,Dentro,Urbana,Ninguna,No existe,Intersección,Bueno,Buena,Diurna,Buen Tiempo,Lateral,S/D,Colisión,Ninguna,Faltante,Ninguna,Sin restricción,"-32.97567, -60.64549","['Sarmiento', 'Deán Gregorio Funes']",2,,-32.97567,-60.64549,55.0,538.0,Municipio Rosario,Municipio,Rosario,820210,Servicio de Catastro e Información Territorial,IGN
2019,7840,2019-10-25,Viernes,,13:45:00,,0.0,2,"Peatón,Moto/Ciclomotor",Entre Rios Y Rioja,2,1,0,0,1,0,0,"    -32.94711, -60.64123",Calle,,ROSARIO,Rosario,Asfalto,No existe,II,Dentro,Urbana,Semáforo,Funciona,Intersección,Bueno,Buena,Diurna,Buen Tiempo,S/D,Peatón,Atropello,Ninguna,Vertical,Ninguna,Sin restricción,"    -32.94711, -60.64123","['Entre Ríos', 'Rioja']",2,,-32.94711,-60.64123,55.0,538.0,Municipio Rosario,Municipio,Rosario,820210,Servicio de Catastro e Información Territorial,IGN
2019,7841,2019-10-07,Lunes,,07:20:00,,0.0,2,"Moto/Ciclomotor,Automóvil",Bv. Segui Y Laprida,3,1,1,0,1,0,0,"-32.97984, -60.64241",Avenida,,ROSARIO,Rosario,Asfalto,No existe,II,Dentro,Urbana,Ninguna,No existe,Intersección,Bueno,Buena,Amanecer,Buen Tiempo,Lateral,S/D,Colisión,Ninguna,Faltante,Ninguna,Sin restricción,"-32.97984, -60.64241","['Bulevar Juan Francisco Seguí', 'Laprida']",2,,-32.97984,-60.64241,55.0,538.0,Municipio Rosario,Municipio,Rosario,820210,Servicio de Catastro e Información Territorial,IGN
2019,7844,2019-10-25,Viernes,,17:45:00,,0.0,2,"Automóvil,Moto/Ciclomotor",Av. Belgrano 2015,2,1,0,0,1,0,0,"    -32.96484, -60.62141",Avenida,,ROSARIO,Rosario,Asfalto,No existe,II,Dentro,Urbana,Ninguna,No existe,Recta,Bueno,Buena,Diurna,Buen Tiempo,S/D,S/D,Colisión,S/D,"Horizontal,Vertical",Ninguna,Sin restricción,"    -32.96484, -60.62141",['Belgrano 2015'],1,,-32.96484,-60.62141,55.0,538.0,Municipio Rosario,Municipio,Rosario,820210,Servicio de Catastro e Información Territorial,IGN
2019,7847,2019-07-23,Martes,,19:20:00,,0.0,2,"Bicicleta,Automóvil",Av. Genova Y Venezuela,2,1,0,0,1,0,0,"-32.91634, -60.72554",Calle,,ROSARIO,Rosario,Asfalto,S/D,II,Dentro,Urbana,Ninguna,S/D,Intersección,Bueno,Buena,Atardecer,Buen Tiempo,S/D,Ciclista,Atropello,S/D,S/D,Ninguna,Sin restricción,"-32.91634, -60.72554","['Genova', 'Venezuela']",2,,-32.91634,-60.72554,55.0,538.0,Municipio Rosario,Municipio,Rosario,820210,Servicio de Catastro e Información Territorial,IGN
2019,7848,2019-07-23,Martes,,20:15:00,,0.0,2,"Moto/Ciclomotor,Pickup/Utilitario",Dr.Victor Cue Bis 1054,2,1,0,0,1,0,0,"-32.91607, -60.69719",Calle,,ROSARIO,Rosario,Asfalto,No existe,II,S/D,Urbana,Ninguna,No existe,Recta,Con baches,Reducida,Nocturna,Otro,Frontal,S/D,Colisión,S/D,S/D,Ninguna,S/D,"-32.91607, -60.69719",['Dr Victor Cue Bis 1054'],1,,-32.91607,-60.69719,55.0,538.0,Municipio Rosario,Municipio,Rosario,820210,Servicio de Catastro e Información Territorial,IGN
2019,7850,2019-07-23,Martes,,17:40:00,,0.0,2,"Bicicleta,Automóvil",Laprida Y Av. Arijon,2,1,0,0,1,0,0,"-33.003, -60.64696",Calle,,ROSARIO,Rosario,Asfalto,No existe,II,S/D,Urbana,Ninguna,No existe,Intersección,Bueno,Buena,Diurna,Buen Tiempo,S/D,Ciclista,Atropello,Ninguna,Vertical,Ninguna,Sin restricción,"-33.003, -60.64696","['Laprida', 'Avenida Manuel Arijón']",2,,-33.003,-60.64696,55.0,538.0,Municipio Rosario,Municipio,Rosario,820210,Servicio de Catastro e Información Territorial,IGN
2019,7851,2019-10-07,Lunes,,09:30:00,,0.0,2,"Automóvil,Moto/Ciclomotor",Alvear 5600,3,2,0,0,1,0,0,"-33.00262, -60.66633",Calle,,ROSARIO,Rosario,Asfalto,No existe,II,Dentro,Urbana,Ninguna,No existe,Recta,Bueno,Buena,Diurna,Buen Tiempo,Lateral,S/D,Colisión,Ninguna,Faltante,Ninguna,Sin restricción,"-33.00262, -60.66633",['Alvear 5600'],1,,-33.00262,-60.66633,55.0,538.0,Municipio Rosario,Municipio,Rosario,820210,Servicio de Catastro e Información Territorial,IGN
2019,7889,2019-10-28,Lunes,,13:00:00,,0.0,2,"Camión Chasis,Moto/Ciclomotor",Ocampo Y Colon,2,1,0,0,1,0,0,"    -32.96877, -60.63052",Calle,,ROSARIO,Rosario,Asfalto,No existe,II,Dentro,Urbana,Ninguna,No existe,Intersección,Bueno,Buena,Diurna,Buen Tiempo,Lateral,S/D,Colisión,Ninguna,S/D,S/D,Sin restricción,"    -32.96877, -60.63052","['Ocampo', 'Colon']",2,,-32.96877,-60.63052,55.0,538.0,Municipio Rosario,Municipio,Rosario,820210,Servicio de Catastro e Información Territorial,IGN
2019,7891,2019-10-07,Lunes,,15:10:00,,0.0,2,"Moto/Ciclomotor,Pickup/Utilitario",J.M.de Rosas Y Saavedra,2,0,1,0,1,0,0,"-32.97924, -60.63925",Calle,,ROSARIO,Rosario,Asfalto,No existe,II,Dentro,Urbana,Ninguna,No existe,Intersección,Bueno,Buena,Diurna,Buen Tiempo,Lateral,S/D,Colisión,Ninguna,Faltante,Ninguna,Sin restricción,"-32.97924, -60.63925","['De Rosas', 'Saavedra']",2,,-32.97924,-60.63925,55.0,538.0,Municipio Rosario,Municipio,Rosario,820210,Servicio de Catastro e Información Territorial,IGN
2019,7892,2019-10-05,Sabado,,13:15:00,,0.0,2,"Automóvil,Moto/Ciclomotor",Bv. Segui Y 1 de Mayo,3,2,0,0,1,0,0,"-32.98055, -60.63783",Avenida,,ROSARIO,Rosario,Asfalto,No existe,II,Dentro,Urbana,Ninguna,No existe,Intersección,Bueno,Buena,Diurna,Buen Tiempo,Lateral,S/D,Colisión,Ninguna,Faltante,Ninguna,Sin restricción,"-32.98055, -60.63783","['Bulevar Juan Francisco Seguí', 'Primero de Mayo']",2,,-32.98055,-60.63783,55.0,538.0,Municipio Rosario,Municipio,Rosario,820210,Servicio de Catastro e Información Territorial,IGN
2019,7896,2019-10-04,Viernes,,17:35:00,,0.0,2,"Automóvil,Automóvil",Bv. Segui Y Paraguay,3,1,0,0,2,0,0,"-32.97807, -60.65186",Avenida,,ROSARIO,Rosario,Asfalto,No existe,II,Dentro,Urbana,Ninguna,No existe,Intersección,Bueno,Buena,Diurna,Buen Tiempo,Lateral,S/D,Colisión,Ninguna,Faltante,Cordón divisorio,Sin restricción,"-32.97807, -60.65186","['Bulevar Juan Francisco Seguí', 'Paraguay']",2,,-32.97807,-60.65186,55.0,538.0,Municipio Rosario,Municipio,Rosario,820210,Servicio de Catastro e Información Territorial,IGN
2019,7900,2019-10-30,Miercoles,,22:00:00,,0.0,2,"Automóvil,Moto/Ciclomotor",Av. Eva Peron Y Carriego,2,1,0,0,1,0,0,"    -32.93736, -60.68864",Avenida,,ROSARIO,Rosario,Asfalto,No existe,II,Dentro,Urbana,Ninguna,Funciona,Intersección,Bueno,Buena,"Nocturna,Con luz artificial",Buen Tiempo,Lateral,S/D,Colisión,Ninguna,Vertical,Ninguna,Sin restricción,"    -32.93736, -60.68864","['Avenida Eva Perón', 'Carriego']",2,,-32.93736,-60.68864,55.0,538.0,Municipio Rosario,Municipio,Rosario,820210,Servicio de Catastro e Información Territorial,IGN
2019,7902,2019-04-02,Martes,,08:15:00,,0.0,2,"Moto/Ciclomotor,Automóvil",Camino de los Granaderos Y Tabare,2,0,0,0,1,1,0,"-32.88746,-60.70931",Calle,,ROSARIO,Rosario,Asfalto,No existe,II,Dentro,Urbana,Ninguna,No existe,Intersección,Bueno,Reducida,Diurna,Niebla,S/D,S/D,Colisión,Ninguna,Faltante,Línea divisoria pintada,Sin restricción,"-32.88746,-60.70931","['Camino de los Granaderos', 'Tabare']",2,,-32.88746,-60.70931,55.0,538.0,Municipio Rosario,Municipio,Rosario,820210,Servicio de Catastro e Información Territorial,IGN
2019,7903,2019-09-13,Viernes,,20:00:00,,0.0,4,"Automóvil,Pickup/Utilitario,Automóvil,Automóvil",Nansen Y Jose Hernandez,4,3,0,0,0,0,1,"-32.909169, -60.681778",Avenida,,ROSARIO,Rosario,Asfalto,No existe,II,Dentro,Urbana,Semáforo,Funciona,Recta,Bueno,Buena,"Nocturna,Con luz artificial",Buen Tiempo,Múltiple,S/D,Colisión,Ninguna,"Horizontal,Vertical",Cordón divisorio,Sin restricción,"-32.909169, -60.681778","['Nansen', 'José Hernández']",2,,-32.909169,-60.681778,55.0,538.0,Municipio Rosario,Municipio,Rosario,820210,Servicio de Catastro e Información Territorial,IGN
2019,7911,2019-10-24,Jueves,,07:55:00,,0.0,2,"Moto/Ciclomotor,Automóvil",3 De Febrero Y Bv. Oroño,2,1,0,0,1,0,0,"    -32.95011, -60.65486",Avenida,,ROSARIO,Rosario,Asfalto,No existe,II,Dentro,Urbana,Semáforo,Funciona,Intersección,Bueno,Buena,Diurna,Buen Tiempo,S/D,S/D,Colisión,Ninguna,Vertical,Ninguna,Sin restricción,"    -32.95011, -60.65486","['3 de Febrero', 'Bulevar Nicasio Oroño']",2,,-32.95011,-60.65486,55.0,538.0,Municipio Rosario,Municipio,Rosario,820210,Servicio de Catastro e Información Territorial,IGN
2019,7914,2019-04-03,Miercoles,,09:00:00,,0.0,2,"Moto/Ciclomotor,Peatón",Santiago Y Av. Uriburu,2,1,0,0,0,1,0,"-32.9914,-60.66812",Calle,,ROSARIO,Rosario,Asfalto,No existe,II,Dentro,Urbana,Ninguna,No existe,Intersección,Bueno,S/D,Diurna,S/D,S/D,Peatón,Atropello,Ninguna,Faltante,Cordón divisorio,Sin restricción,"-32.9914,-60.66812","['Santiago', 'Uriburu']",2,,-32.9914,-60.66812,55.0,538.0,Municipio Rosario,Municipio,Rosario,820210,Servicio de Catastro e Información Territorial,IGN
2019,7918,2019-10-23,Miercoles,,08:40:00,,0.0,2,"Bicicleta,Peatón",Entre Rios Y San Juan,2,2,0,0,0,0,0,"    -32.94965, -60.64189",Calle,,ROSARIO,Rosario,Asfalto,No existe,II,Dentro,Urbana,Semáforo,Funciona,Intersección,Bueno,Buena,Diurna,Buen Tiempo,S/D,Peatón,Atropello,Ninguna,Vertical,Línea divisoria pintada,Sin restricción,"    -32.94965, -60.64189","['Entre Ríos', 'San Juan']",2,,-32.94965,-60.64189,55.0,538.0,Municipio Rosario,Municipio,Rosario,820210,Servicio de Catastro e Información Territorial,IGN
2019,7921,2019-10-23,Miercoles,,12:50:00,,0.0,2,"Automóvil,Moto/Ciclomotor",Bv. Oroño Y Jujuy,2,2,0,0,0,0,0,"    -32.93561, -60.65114",Calle,,ROSARIO,Rosario,Asfalto,No existe,II,Dentro,Urbana,Semáforo,Funciona,Intersección,Bueno,Buena,Diurna,Buen Tiempo,S/D,S/D,Colisión,S/D,S/D,Ninguna,Sin restricción,"    -32.93561, -60.65114","['Bulevar Nicasio Oroño', 'Jujuy']",2,,-32.93561,-60.65114,55.0,538.0,Municipio Rosario,Municipio,Rosario,820210,Servicio de Catastro e Información Territorial,IGN
2019,7925,2019-10-25,Viernes,,12:15:00,,0.0,2,"Automóvil,Moto/Ciclomotor",Ituzaingo Y Sarmiento,2,1,0,0,1,0,0,"    -32.96073, -60.64171",Calle,,ROSARIO,Rosario,Asfalto,No existe,II,Dentro,Urbana,Ninguna,No existe,Intersección,Bueno,Buena,Diurna,Buen Tiempo,Lateral,S/D,Colisión,Ninguna,Vertical,Ninguna,Sin restricción,"    -32.96073, -60.64171","['Ituzaingó', 'Sarmiento']",2,,-32.96073,-60.64171,55.0,538.0,Municipio Rosario,Municipio,Rosario,820210,Servicio de Catastro e Información Territorial,IGN
2019,7927,2019-10-25,Viernes,,07:40:00,,0.0,2,"Automóvil,Pickup/Utilitario",Cordoba Y Dorrego,3,1,0,0,2,0,0,"    -32.94444, -60.64921",Calle,,ROSARIO,Rosario,Asfalto,S/D,II,Dentro,Urbana,Ninguna,No existe,Intersección,S/D,S/D,Diurna,Buen Tiempo,Lateral,S/D,Colisión,S/D,Faltante,Ninguna,Sin restricción,"    -32.94444, -60.64921","['Córdoba', 'Dorrego']",2,,-32.94444,-60.64921,55.0,538.0,Municipio Rosario,Municipio,Rosario,820210,Servicio de Catastro e Información Territorial,IGN
2019,7930,2019-10-30,Miercoles,,11:00:00,,0.0,2,"Taxi/Remis,Peatón",Sarmiento Y Urquiza,2,1,0,0,1,0,0,"    -32.94305, -60.63732",Calle,,ROSARIO,Rosario,Asfalto,No existe,II,Dentro,Urbana,Ninguna,No existe,Intersección,Bueno,Buena,Diurna,Buen Tiempo,S/D,Peatón,Atropello,Ninguna,S/D,Ninguna,Sin restricción,"    -32.94305, -60.63732","['Sarmiento', 'Urquiza']",2,,-32.94305,-60.63732,55.0,538.0,Municipio Rosario,Municipio,Rosario,820210,Servicio de Catastro e Información Territorial,IGN
2019,7933,2019-10-31,Jueves,,18:20:00,,0.0,2,"Moto/Ciclomotor,Peatón",Alvear Y Cordoba,2,1,0,0,1,0,0,"    -32.94348, -60.65463",Calle,,ROSARIO,Rosario,Asfalto,No existe,II,Dentro,Urbana,Semáforo,Funciona,Intersección,Bueno,Buena,Diurna,Buen Tiempo,S/D,Peatón,Atropello,S/D,Vertical,Ninguna,Sin restricción,"    -32.94348, -60.65463","['Alvear', 'Córdoba']",2,,-32.94348,-60.65463,55.0,538.0,Municipio Rosario,Municipio,Rosario,820210,Servicio de Catastro e Información Territorial,IGN
2019,7937,2019-10-29,Martes,,15:45:00,,0.0,2,"Peatón,Moto/Ciclomotor",Av. Corrientes Y 9 De Julio,2,1,0,0,1,0,0,"    -32.95309, -60.64417",Avenida,,ROSARIO,Rosario,Asfalto,No existe,II,Dentro,Urbana,Semáforo,Funciona,Cruce,Bueno,Buena,Diurna,Buen Tiempo,S/D,Peatón,Atropello,Ninguna,Vertical,Ninguna,Sin restricción,"    -32.95309, -60.64417","['Corrientes', '9 de Julio']",2,,-32.95309,-60.64417,55.0,538.0,Municipio Rosario,Municipio,Rosario,820210,Servicio de Catastro e Información Territorial,IGN
2019,7944,2019-10-23,Miercoles,,21:00:00,,0.0,2,"Automóvil,Automóvil",Av. Caseros Bis Y Av. Francia,4,2,0,0,2,0,0,"    -32.92822, -60.66256",Avenida,,ROSARIO,Rosario,Asfalto,S/D,II,Dentro,Urbana,Semáforo,Funciona,Intersección,Bueno,Reducida,Nocturna,Buen Tiempo,S/D,S/D,Colisión,S/D,S/D,Ninguna,Sin restricción,"    -32.92822, -60.66256","['Caseros', 'Avenida Francia']",2,,-32.92822,-60.66256,55.0,538.0,Municipio Rosario,Municipio,Rosario,820210,Servicio de Catastro e Información Territorial,IGN
2019,7956,2019-09-18,Miercoles,,08:40:00,,0.0,2,"Transporte de Pasajeros Urbano (> 8 asientos),Automóvil",L.N.Alem Y Cerrito,4,2,0,0,2,0,0,"-32.963625795525,-60.632192550748",Calle,,ROSARIO,Rosario,Asfalto,No existe,II,Dentro,Urbana,Paso Peatonal,No existe,Intersección,S/D,S/D,Diurna,S/D,S/D,S/D,Colisión,S/D,Horizontal,Ninguna,S/D,"-32.963625795525,-60.632192550748","['Alem', 'Cerrito']",2,,-32.963625795525,-60.632192550748,55.0,538.0,Municipio Rosario,Municipio,Rosario,820210,Servicio de Catastro e Información Territorial,IGN
2019,7971,2019-10-23,Miercoles,,08:30:00,,0.0,2,"Moto/Ciclomotor,Automóvil",Salvat Y Calle 1379,2,1,0,0,1,0,0,"    -32.88309, -60.71782",Calle,,ROSARIO,Rosario,Asfalto,No existe,II,Dentro,Urbana,Ninguna,No existe,Intersección,Bueno,Buena,Diurna,Buen Tiempo,Otro,S/D,Colisión,Ninguna,Faltante,Ninguna,Sin restricción,"    -32.88309, -60.71782","['Salvat', 'Calle 1379']",2,,-32.88309,-60.71782,55.0,538.0,Municipio Rosario,Municipio,Rosario,820210,Servicio de Catastro e Información Territorial,IGN
2019,7975,2019-10-24,Jueves,,14:30:00,,0.0,2,"Automóvil,Moto/Ciclomotor",Av. Casiano Casas Y Ghiraldo,2,1,0,0,1,0,0,"    -32.90081, -60.71243",Calle,,ROSARIO,Rosario,Asfalto,No existe,II,Dentro,Urbana,Ninguna,No existe,Intersección,Bueno,Buena,Diurna,Buen Tiempo,Otro,S/D,Colisión,Ninguna,Faltante,Ninguna,Sin restricción,"    -32.90081, -60.71243","['Avenida Casiano Casas', 'Ghiraldo']",2,,-32.90081,-60.71243,55.0,538.0,Municipio Rosario,Municipio,Rosario,820210,Servicio de Catastro e Información Territorial,IGN
2019,7977,2019-10-29,Martes,,21:40:00,,0.0,2,"Moto/Ciclomotor,Automóvil",Valentin Gomez Y Goyena,2,0,1,0,1,0,0,"    -32.87702, -60.70112",Calle,,ROSARIO,Rosario,Asfalto,No existe,II,Dentro,Urbana,Ninguna,No existe,Intersección,Con baches,Reducida,Nocturna,Buen Tiempo,Lateral,S/D,Colisión,Ninguna,Faltante,Ninguna,Sin restricción,"    -32.87702, -60.70112","['Valentín Gómez', 'Goyena']",2,,-32.87702,-60.70112,55.0,538.0,Municipio Rosario,Municipio,Rosario,820210,Servicio de Catastro e Información Territorial,IGN
2019,7983,2019-10-02,Miercoles,,15:50:00,,0.0,2,"Moto/Ciclomotor,Automóvil",Hilarion de la Quintana Y Italia,2,1,0,0,0,0,1,"-33.00138, -60.65919",Calle,,ROSARIO,Rosario,Asfalto,No existe,II,Dentro,Urbana,Ninguna,No existe,Intersección,S/D,Buena,Diurna,S/D,S/D,S/D,Colisión,S/D,Faltante,Ninguna,Sin restricción,"-33.00138, -60.65919","['Hilarión de la Quintana', 'Italia']",2,,-33.00138,-60.65919,55.0,538.0,Municipio Rosario,Municipio,Rosario,820210,Servicio de Catastro e Información Territorial,IGN
2019,7984,2019-10-07,Lunes,,22:05:00,,0.0,2,"Moto/Ciclomotor,Moto/Ciclomotor",Ricchieri Y Cnel.Arnold,2,1,0,0,1,0,0,"-32.94466, -60.66332",Calle,,ROSARIO,Rosario,Asfalto,No existe,II,Dentro,Urbana,S/D,No existe,Intersección,S/D,S/D,"Nocturna,Con luz artificial",S/D,S/D,S/D,Colisión,S/D,Faltante,Ninguna,Sin restricción,"-32.94466, -60.66332","['Ricchieri', 'Arnold']",2,,-32.94466,-60.66332,55.0,538.0,Municipio Rosario,Municipio,Rosario,820210,Servicio de Catastro e Información Territorial,IGN