anio_acci,nro_acci,fecha,desc_dia,fecha_aprox,hora_aprox,desc_ruta,km,cant_participantes,desc_participante,calle_avenida_km,total,heridos_leves,heridos_graves,heridos_gravisimos,ilesos,fallecidos,sin_datos,posicion_XY,desc_tipo_via,desc_ruta_ori,desc_loc,desc_dpto,desc_tipo_calzada,desc_tipo_banquina,desc_unidad_regional,desc_lugar_calzada,desc_zona,desc_prioridad,desc_estado_semaforo,desc_lugar_via,desc_estado_via,desc_estado_visibilidad,desc_luminosidad,desc_estado_clima,desc_tipo_colision,desc_tipo_atropello,desc_tipo_hecho,desc_pres_calzada,desc_senializacion,desc_separacion_via,desc_restriccion,forma_geocod,calle_lista,numero_calles,calles_osm,lat,lon,index_right,gid,fna,gna,nam,in1,fdc,sag
2019,7986,2019-10-29,Martes,,21:20:00,,0.0,2,"Moto/Ciclomotor,Automóvil",Gorriti Y Rawson Bis,2,1,0,0,1,0,0,"    -32.92319, -60.66933",Calle,,ROSARIO,Rosario,Asfalto,S/D,II,Dentro,Urbana,Ninguna,S/D,Recta,Bueno,S/D,Nocturna,S/D,S/D,S/D,Colisión,S/D,S/D,S/D,S/D,"    -32.92319, -60.66933","['Gorriti', 'Rawson']",2,,-32.92319,-60.66933,55.0,538.0,Municipio Rosario,Municipio,Rosario,820210,Servicio de Catastro e Información Territorial,IGN
2019,7990,2019-10-23,Miercoles,,10:10:00,,0.0,2,"Moto/Ciclomotor,Otros",Jose Ingenieros 2400,2,2,0,0,0,0,0,"    -32.91666, -60.69894",Calle,,ROSARIO,Rosario,Asfalto,S/D,II,Dentro,Urbana,Ninguna,No existe,Recta,Bueno,S/D,Diurna,S/D,S/D,S/D,Colisión,S/D,S/D,S/D,S/D,"    -32.91666, -60.69894",['Jose Ingenieros 2400'],1,,-32.91666,-60.69894,55.0,538.0,Municipio Rosario,Municipio,Rosario,820210,Servicio de Catastro e Información Territorial,IGN
2019,7994,2019-10-24,Jueves,,21:00:00,,0.0,2,"Automóvil,Pickup/Utilitario",Velez Sarsfield Y Iguazu,2,1,0,0,1,0,0,"    -32.92516, -60.68647",Calle,,ROSARIO,Rosario,Asfalto,S/D,II,S/D,Urbana,S/D,S/D,Intersección,Bueno,S/D,Nocturna,S/D,S/D,S/D,Colisión,S/D,S/D,S/D,S/D,"    -32.92516, -60.68647","['Vélez Sarsfield', 'Iguazu']",2,,-32.92516,-60.68647,55.0,538.0,Municipio Rosario,Municipio,Rosario,820210,Servicio de Catastro e Información Territorial,IGN
2019,7998,2019-10-27,Domingo,,14:40:00,,0.0,2,"Automóvil,Moto/Ciclomotor",Florida Y Velez Sarsfield,3,2,0,0,1,0,0,"    -32.92509, -60.68333",Calle,,ROSARIO,Rosario,Asfalto,S/D,II,Dentro,Urbana,Ninguna,S/D,Intersección,Bueno,S/D,Diurna,Buen Tiempo,S/D,S/D,Colisión,S/D,Horizontal,Ninguna,S/D,"    -32.92509, -60.68333","['Florida', 'Vélez Sarsfield']",2,,-32.92509,-60.68333,55.0,538.0,Municipio Rosario,Municipio,Rosario,820210,Servicio de Catastro e Información Territorial,IGN
2019,8001,2019-10-23,Miercoles,,07:45:00,,0.0,2,"Moto/Ciclomotor,Automóvil",Albert Sabin Y Velez Sarsfield,3,1,0,0,2,0,0,"    -32.92503, -60.68232",Avenida,,ROSARIO,Rosario,Asfalto,S/D,II,S/D,Urbana,Ninguna,Intermitente,Intersección,Bueno,S/D,Diurna,Buen Tiempo,Lateral,S/D,Colisión,Ninguna,S/D,Cordón divisorio,Sin restricción,"    -32.92503, -60.68232","['Avenida Travesía Albert Sabin', 'Vélez Sarsfield']",2,,-32.92503,-60.68232,55.0,538.0,Municipio Rosario,Municipio,Rosario,820210,Servicio de Catastro e Información Territorial,IGN
2019,8002,2019-10-23,Miercoles,,,,0.0,2,"Moto/Ciclomotor,Automóvil",French Y Cda. Las Rosas Bis,2,1,0,0,1,0,0,"    -32.92068, -60.67527",Calle,,ROSARIO,Rosario,Asfalto,S/D,II,Dentro,Urbana,S/D,S/D,Recta,Bueno,S/D,S/D,Buen Tiempo,Lateral,S/D,Colisión,Ninguna,S/D,S/D,S/D,"    -32.92068, -60.67527","['French', 'Las Rosas']",2,,-32.92068,-60.67527,55.0,538.0,Municipio Rosario,Municipio,Rosario,820210,Servicio de Catastro e Información Territorial,IGN
2019,8007,2019-10-30,Miercoles,,14:20:00,,0.0,2,"Automóvil,Moto/Ciclomotor",L.N.Alem Y 24 De Setiembre,2,1,0,0,1,0,0,"    -32.98199, -60.63675",Calle,,ROSARIO,Rosario,Asfalto,No existe,II,Dentro,Urbana,Ninguna,No existe,Intersección,Bueno,Buena,Atardecer,Buen Tiempo,De alcance,S/D,Colisión,Ninguna,Faltante,Ninguna,Sin restricción,"    -32.98199, -60.63675","['Alem', '24 de Septiembre']",2,,-32.98199,-60.63675,55.0,538.0,Municipio Rosario,Municipio,Rosario,820210,Servicio de Catastro e Información Territorial,IGN
2019,8011,2019-10-23,Miercoles,,09:30:00,,0.0,2,"Moto/Ciclomotor,Automóvil",Bv. Segui Y Av. Corrientes,2,1,0,0,1,0,0,"    -32.97841, -60.65061",Avenida,,ROSARIO,Rosario,Asfalto,No existe,II,S/D,Urbana,Señal Pare,No existe,Intersección,Bueno,Buena,Diurna,Buen Tiempo,De alcance,S/D,Colisión,Ninguna,Vertical,Ninguna,Sin restricción,"    -32.97841, -60.65061","['Bulevar Juan Francisco Seguí', 'Corrientes']",2,,-32.97841,-60.65061,55.0,538.0,Municipio Rosario,Municipio,Rosario,820210,Servicio de Catastro e Información Territorial,IGN
2019,8013,2019-10-26,Sabado,,15:50:00,,0.0,2,"Bicicleta,Automóvil",L.N.Alem Y Virasoro,2,1,0,0,1,0,0,"    -32.9717, -60.6342",Calle,,ROSARIO,Rosario,Asfalto,No existe,II,Dentro,Urbana,Otra Señal,No existe,Intersección,Bueno,Buena,Diurna,Buen Tiempo,S/D,Ciclista,Atropello,Ninguna,Faltante,Ninguna,Sin restricción,"    -32.9717, -60.6342","['Alem', 'Virasoro']",2,,-32.9717,-60.6342,55.0,538.0,Municipio Rosario,Municipio,Rosario,820210,Servicio de Catastro e Información Territorial,IGN
2019,8014,2019-12-12,Jueves,,,,0.0,2,"Bicicleta,Automóvil",Ayacucho Y Bv. Segui,2,1,0,0,1,0,0,"-32.98108, -60.63572",Calle,,ROSARIO,Rosario,Asfalto,S/D,II,Dentro,Urbana,Ninguna,No existe,Recta,Bueno,Buena,Diurna,Buen Tiempo,S/D,Ciclista,Atropello,Ninguna,Faltante,Ninguna,Sin restricción,"-32.98108, -60.63572","['Ayacucho', 'Bulevar Juan Francisco Seguí']",2,,-32.98108,-60.63572,55.0,538.0,Municipio Rosario,Municipio,Rosario,820210,Servicio de Catastro e Información Territorial,IGN
2019,8016,2019-10-25,Viernes,,20:20:00,,0.0,3,"Automóvil,Moto/Ciclomotor,Automóvil",Av. Uriburu Y Sarmiento,3,1,0,0,2,0,0,"    -32.99077, -60.64927",Avenida,,ROSARIO,Rosario,Asfalto,No existe,II,Dentro,Urbana,Ninguna,No existe,Intersección,Bueno,Buena,"Nocturna,Con luz artificial",Buen Tiempo,Múltiple,S/D,Colisión,Ninguna,Faltante,Cordón divisorio,Sin restricción,"    -32.99077, -60.64927","['Uriburu', 'Sarmiento']",2,,-32.99077,-60.64927,55.0,538.0,Municipio Rosario,Municipio,Rosario,820210,Servicio de Catastro e Información Territorial,IGN
2019,8019,2019-10-26,Sabado,,17:00:00,,0.0,2,"Bicicleta,Moto/Ciclomotor",L.N.Alem ,2,0,1,0,1,0,0,"    -32.96657, -60.63286",Calle,,ROSARIO,Rosario,Asfalto,No existe,II,Dentro,Urbana,Ninguna,No existe,Intersección,Bueno,Buena,Diurna,Buen Tiempo,S/D,Ciclista,Atropello,Ninguna,Faltante,Ninguna,Sin restricción,"    -32.96657, -60.63286",['L N Alem'],1,,-32.96657,-60.63286,55.0,538.0,Municipio Rosario,Municipio,Rosario,820210,Servicio de Catastro e Información Territorial,IGN
2019,8021,2019-12-15,Domingo,,18:45:00,,0.0,2,"Bicicleta,Automóvil",Reg.11 de Infanteria Y Pedernera,3,2,0,0,1,0,0,"-32.99805, -60.62347",Calle,,ROSARIO,Rosario,Asfalto,No existe,II,Dentro,Urbana,Ninguna,Funciona,Intersección,Bueno,Buena,Diurna,Buen Tiempo,S/D,Ciclista,Atropello,S/D,Faltante,Ninguna,Sin restricción,"-32.99805, -60.62347","['Regimiento 11', 'Pedernera']",2,,-32.99805,-60.62347,55.0,538.0,Municipio Rosario,Municipio,Rosario,820210,Servicio de Catastro e Información Territorial,IGN
2019,8022,2019-10-25,Viernes,,15:30:00,,0.0,2,"Moto/Ciclomotor,Automóvil",San Martin ,2,1,0,0,1,0,0,"    -32.98072, -60.64455",Calle,,ROSARIO,Rosario,Asfalto,No existe,II,Dentro,Urbana,Semáforo,Funciona,Intersección,Bueno,Buena,Diurna,Buen Tiempo,De alcance,S/D,Colisión,Ninguna,Vertical,Ninguna,Sin restricción,"    -32.98072, -60.64455",['San Martin'],1,,-32.98072,-60.64455,55.0,538.0,Municipio Rosario,Municipio,Rosario,820210,Servicio de Catastro e Información Territorial,IGN
2019,8024,2019-12-16,Lunes,,10:40:00,,0.0,2,"Moto/Ciclomotor,Automóvil",Bv. Segui Y Laprida,2,1,0,0,1,0,0,"-32.97985, -60.64246",Calle,,ROSARIO,Rosario,Asfalto,No existe,II,Dentro,Urbana,Ninguna,No existe,Intersección,Bueno,Buena,Diurna,Buen Tiempo,Lateral,S/D,Colisión,S/D,Faltante,Ninguna,Sin restricción,"-32.97985, -60.64246","['Bulevar Juan Francisco Seguí', 'Laprida']",2,,-32.97985,-60.64246,55.0,538.0,Municipio Rosario,Municipio,Rosario,820210,Servicio de Catastro e Información Territorial,IGN
2019,8025,2019-10-25,Viernes,,07:30:00,,0.0,2,"Bicicleta,Automóvil",Bv. Segui Y Italia,2,1,0,0,1,0,0,"    -32.97725, -60.65608",Avenida,,ROSARIO,Rosario,Asfalto,No existe,II,Dentro,Urbana,Ninguna,No existe,Intersección,Bueno,Buena,Diurna,Buen Tiempo,S/D,Ciclista,Atropello,Ninguna,Faltante,Cordón divisorio,Sin restricción,"    -32.97725, -60.65608","['Bulevar Juan Francisco Seguí', 'Italia']",2,,-32.97725,-60.65608,55.0,538.0,Municipio Rosario,Municipio,Rosario,820210,Servicio de Catastro e Información Territorial,IGN
2019,8027,2019-12-13,Viernes,,11:30:00,,0.0,2,"Moto/Ciclomotor,Automóvil",Serrano Y Olegario V.Andrade,2,1,0,0,1,0,0,"-32.99537, -60.63206",Calle,,ROSARIO,Rosario,Asfalto,No existe,II,Dentro,Urbana,Ninguna,No existe,Intersección,Bueno,Buena,Diurna,Buen Tiempo,De alcance,S/D,Colisión,Ninguna,Faltante,Ninguna,Sin restricción,"-32.99537, -60.63206","['Serrano', 'Olegario V Andrade']",2,,-32.99537,-60.63206,55.0,538.0,Municipio Rosario,Municipio,Rosario,820210,Servicio de Catastro e Información Territorial,IGN
2019,8029,2019-12-12,Jueves,,16:35:00,,0.0,3,"Moto/Ciclomotor,Taxi/Remis,Automóvil",San Martin Y Av. Ntra.Sra.del Rosario,5,3,0,0,2,0,0,"-32.99986, -60.64861",Calle,,ROSARIO,Rosario,Asfalto,No existe,II,Dentro,Urbana,Semáforo,Funciona,Intersección,Bueno,Buena,Diurna,Buen Tiempo,De alcance,S/D,Colisión,Ninguna,Vertical,Cordón divisorio,Sin restricción,"-32.99986, -60.64861","['San Martin', 'Nuestra Señora del Rosario']",2,,-32.99986,-60.64861,55.0,538.0,Municipio Rosario,Municipio,Rosario,820210,Servicio de Catastro e Información Territorial,IGN
2019,8031,2019-10-24,Jueves,,07:10:00,,0.0,2,"Bicicleta,Pickup/Utilitario",Ayacucho Y Cabildo,2,1,0,0,1,0,0,"    -33.00697, -60.63585",Calle,,ROSARIO,Rosario,Asfalto,No existe,II,Dentro,Urbana,Ninguna,No existe,Intersección,Bueno,Buena,Diurna,Buen Tiempo,Lateral,Ciclista,Atropello,Ninguna,Faltante,Ninguna,Sin restricción,"    -33.00697, -60.63585","['Ayacucho', 'Cabildo']",2,,-33.00697,-60.63585,55.0,538.0,Municipio Rosario,Municipio,Rosario,820210,Servicio de Catastro e Información Territorial,IGN
2019,8032,2019-12-15,Domingo,,04:10:00,,0.0,2,"Moto/Ciclomotor,Automóvil",Av. Ntra.Sra.del Rosario ,3,2,0,0,1,0,0,"-33.00071, -60.67021",Avenida,,ROSARIO,Rosario,Asfalto,No existe,II,S/D,Urbana,Ninguna,No existe,Intersección,Bueno,Reducida,Nocturna,Lluvia,De alcance,S/D,Colisión,Agua,Vertical,Barrera de hormigón,Sin restricción,"-33.00071, -60.67021",['Nuestra Señora del Rosario'],1,,-33.00071,-60.67021,55.0,538.0,Municipio Rosario,Municipio,Rosario,820210,Servicio de Catastro e Información Territorial,IGN
2019,8033,2019-10-23,Miercoles,,18:00:00,,0.0,2,"Moto/Ciclomotor,Automóvil",Cabildo Y Ayacucho,2,1,0,0,1,0,0,"    -33.00697, -60.63581",Calle,,ROSARIO,Rosario,Asfalto,No existe,II,Dentro,Urbana,Ninguna,No existe,Intersección,Bueno,Buena,Diurna,Buen Tiempo,Lateral,S/D,Colisión,Ninguna,Faltante,Ninguna,Sin restricción,"    -33.00697, -60.63581","['Cabildo', 'Ayacucho']",2,,-33.00697,-60.63581,55.0,538.0,Municipio Rosario,Municipio,Rosario,820210,Servicio de Catastro e Información Territorial,IGN
2019,8034,2019-12-14,Sabado,,19:55:00,,0.0,2,"Moto/Ciclomotor,Automóvil",Bv. Segui Y Dorrego,2,1,0,0,0,0,1,"-32.9772, -60.65746",Calle,,ROSARIO,Rosario,Asfalto,No existe,II,Dentro,Urbana,Ninguna,No existe,Intersección,Bueno,Buena,Diurna,Buen Tiempo,De alcance,S/D,Colisión,Ninguna,Faltante,Cordón divisorio,Sin restricción,"-32.9772, -60.65746","['Bulevar Juan Francisco Seguí', 'Dorrego']",2,,-32.9772,-60.65746,55.0,538.0,Municipio Rosario,Municipio,Rosario,820210,Servicio de Catastro e Información Territorial,IGN
2019,8035,2019-10-24,Jueves,,08:30:00,,0.0,2,"Moto/Ciclomotor,Automóvil",Pte.Roca 1414,2,1,0,0,1,0,0,"    -32.95277, -60.64701",Calle,,ROSARIO,Rosario,Asfalto,No existe,II,Dentro,Urbana,Ninguna,No existe,Recta,Bueno,Buena,Diurna,Buen Tiempo,De alcance,S/D,Colisión,Ninguna,Faltante,Ninguna,Sin restricción,"    -32.95277, -60.64701",['Presidenteroca 1414'],1,,-32.95277,-60.64701,55.0,538.0,Municipio Rosario,Municipio,Rosario,820210,Servicio de Catastro e Información Territorial,IGN
2019,8036,2019-10-27,Domingo,,18:10:00,,0.0,1,Moto/Ciclomotor, ,2,1,0,0,1,0,0,"    -33.00872, -60.63271",Camino Rural,,ROSARIO,Rosario,Tierra,No existe,II,S/D,Urbana,Ninguna,No existe,Plaza,Bueno,Buena,Diurna,Buen Tiempo,S/D,S/D,Vuelco,Ninguna,Faltante,Ninguna,Sin restricción,"    -33.00872, -60.63271",[''],0,,-33.00872,-60.63271,55.0,538.0,Municipio Rosario,Municipio,Rosario,820210,Servicio de Catastro e Información Territorial,IGN
2019,8037,2019-10-30,Miercoles,,15:55:00,,0.0,2,"Pickup/Utilitario,Moto/Ciclomotor",Necochea Y Garay,2,0,1,0,1,0,0,"    -32.977, -60.6312",Calle,,ROSARIO,Rosario,Asfalto,No existe,II,Dentro,Urbana,Ninguna,No existe,Intersección,Bueno,Buena,Diurna,Buen Tiempo,De alcance,S/D,Colisión,Ninguna,Faltante,Ninguna,Sin restricción,"    -32.977, -60.6312","['Necochea', 'Garay']",2,,-32.977,-60.6312,55.0,538.0,Municipio Rosario,Municipio,Rosario,820210,Servicio de Catastro e Información Territorial,IGN
2019,8039,2019-10-29,Martes,,20:30:00,,0.0,2,"Moto/Ciclomotor,Automóvil",Bv. Oroño Y Av. Jorge Cura,2,1,0,0,1,0,0,"    -32.97115, -60.6604",Avenida,,ROSARIO,Rosario,Asfalto,No existe,II,Dentro,Urbana,Ninguna,Funciona,Intersección,Bueno,Buena,Nocturna,Buen Tiempo,Frontal,S/D,Colisión,Ninguna,Vertical,Cordón divisorio,Sin restricción,"    -32.97115, -60.6604","['Bulevar Nicasio Oroño', 'Avenida Jorge Cura']",2,,-32.97115,-60.6604,55.0,538.0,Municipio Rosario,Municipio,Rosario,820210,Servicio de Catastro e Información Territorial,IGN
2019,8040,2019-10-29,Martes,,13:30:00,,0.0,2,"Bicicleta,Automóvil",Ayolas 200,2,1,0,0,1,0,0,"    -32.97905, -60.6331",Calle,,ROSARIO,Rosario,Asfalto,No existe,II,Dentro,Urbana,Ninguna,No existe,Intersección,Bueno,Buena,Diurna,Buen Tiempo,S/D,Ciclista,Atropello,Ninguna,Faltante,Ninguna,Sin restricción,"    -32.97905, -60.6331",['Ayolas 200'],1,,-32.97905,-60.6331,55.0,538.0,Municipio Rosario,Municipio,Rosario,820210,Servicio de Catastro e Información Territorial,IGN
2019,8041,2019-10-28,Lunes,,08:00:00,,0.0,2,"Moto/Ciclomotor,Automóvil",Dorrego Y Saavedra,2,1,0,0,1,0,0,"    -32.97595, -60.65715",Calle,,ROSARIO,Rosario,Asfalto,No existe,II,Dentro,Urbana,Ninguna,No existe,Intersección,Bueno,Buena,Diurna,Buen Tiempo,Lateral,S/D,Colisión,S/D,Faltante,Ninguna,Sin restricción,"    -32.97595, -60.65715","['Dorrego', 'Saavedra']",2,,-32.97595,-60.65715,55.0,538.0,Municipio Rosario,Municipio,Rosario,820210,Servicio de Catastro e Información Territorial,IGN
2019,8042,2019-10-29,Martes,,12:20:00,,0.0,2,"Automóvil,Automóvil",Bv. Segui Y L.N.Alem,3,1,0,0,2,0,0,"    -32.98074, -60.63653",Avenida,,ROSARIO,Rosario,Asfalto,No existe,II,Dentro,Urbana,Señal Ceda el Paso,No existe,Intersección,Bueno,Buena,Diurna,Buen Tiempo,Lateral,S/D,Colisión,Ninguna,Faltante,Cordón divisorio,Sin restricción,"    -32.98074, -60.63653","['Bulevar Juan Francisco Seguí', 'Alem']",2,,-32.98074,-60.63653,55.0,538.0,Municipio Rosario,Municipio,Rosario,820210,Servicio de Catastro e Información Territorial,IGN
2019,8043,2019-11-01,Viernes,,14:15:00,,0.0,2,"Automóvil,Moto/Ciclomotor",Ferreyra Y Reconquista,2,1,0,0,1,0,0,"-32.917994, -60.680233",Calle,,ROSARIO,Rosario,Asfalto,No existe,II,Dentro,Urbana,Ninguna,No existe,Intersección,Bueno,Buena,Diurna,Buen Tiempo,Lateral,S/D,Colisión,S/D,Faltante,Ninguna,Sin restricción,"-32.917994, -60.680233","['Ferreyra', 'Reconquista']",2,,-32.917994,-60.680233,55.0,538.0,Municipio Rosario,Municipio,Rosario,820210,Servicio de Catastro e Información Territorial,IGN
2019,8044,2019-11-01,Viernes,,16:00:00,,0.0,2,"Moto/Ciclomotor,Automóvil",Av. Luis Carballo Y Rawson Bis,3,2,0,0,1,0,0,"-32.921778, -60.669430",Calle,,ROSARIO,Rosario,Asfalto,No existe,II,Dentro,Urbana,Semáforo,Funciona,Recta,Bueno,Buena,Diurna,Buen Tiempo,De alcance,S/D,Colisión,Ninguna,"Horizontal,Vertical",Cordón divisorio,Sin restricción,"-32.921778, -60.669430","['Avenida Doctor Luis Cándido Carballo', 'Rawson']",2,,-32.921778,-60.66943,55.0,538.0,Municipio Rosario,Municipio,Rosario,820210,Servicio de Catastro e Información Territorial,IGN
2019,8045,2019-11-03,Domingo,,19:30:00,,0.0,2,"Peatón,Otros",J.J.Paso Y Onesimo Leguizamon,2,0,1,0,0,0,1,"-32.919207, -60.677680",Calle,,ROSARIO,Rosario,Asfalto,No existe,II,Dentro,Urbana,Ninguna,No existe,Recta,Bueno,Buena,Atardecer,Buen Tiempo,S/D,Peatón,Atropello,S/D,Faltante,Ninguna,Sin restricción,"-32.919207, -60.677680","['Paso', 'Leguizamón']",2,,-32.919207,-60.67768,55.0,538.0,Municipio Rosario,Municipio,Rosario,820210,Servicio de Catastro e Información Territorial,IGN
2019,8046,2019-11-08,Viernes,,11:30:00,,0.0,2,"Automóvil,Peatón",Gorriti Y Rep.Dominicana,2,1,0,0,1,0,0,"-32.923742, -60.690180",Calle,,ROSARIO,Rosario,Asfalto,No existe,II,Dentro,Urbana,Ninguna,No existe,Intersección,Bueno,Buena,Diurna,Buen Tiempo,S/D,Peatón,Atropello,Ninguna,Faltante,Ninguna,Sin restricción,"-32.923742, -60.690180","['Gorriti', 'República Dominicana']",2,,-32.923742,-60.69018,55.0,538.0,Municipio Rosario,Municipio,Rosario,820210,Servicio de Catastro e Información Territorial,IGN
2019,8047,2019-10-28,Lunes,,19:25:00,,0.0,2,"Automóvil,Moto/Ciclomotor",Entre Rios Y Gaboto,2,1,0,0,1,0,0,"    -32.97286, -60.6477",Calle,,ROSARIO,Rosario,Asfalto,No existe,II,Dentro,Urbana,Ninguna,No existe,Intersección,Bueno,Buena,"Atardecer,Con luz artificial",Buen Tiempo,Lateral,S/D,Colisión,Ninguna,Faltante,Ninguna,Sin restricción,"    -32.97286, -60.6477","['Entre Ríos', 'Gaboto']",2,,-32.97286,-60.6477,55.0,538.0,Municipio Rosario,Municipio,Rosario,820210,Servicio de Catastro e Información Territorial,IGN
2019,8050,2019-11-09,Sabado,,06:10:00,,0.0,2,"Automóvil,Moto/Ciclomotor",AV ESTANISLAO LOPEZ  Y AV MADRES PLAZA 25 DE MAYO ,2,0,1,0,0,0,1,"-32.927608, -60.657144",Avenida,,ROSARIO,Rosario,Asfalto,S/D,II,Dentro,Urbana,Semáforo,Funciona,Recta,Bueno,Buena,"Amanecer,Con luz artificial",S/D,Lateral,S/D,Colisión,Ninguna,"Horizontal,Vertical",S/D,S/D,"-32.927608, -60.657144","['Estanislao López', 'Madres Plaza 25 de Mayo']",2,,-32.927608,-60.657144,55.0,538.0,Municipio Rosario,Municipio,Rosario,820210,Servicio de Catastro e Información Territorial,IGN
2019,8052,2019-12-13,Viernes,,22:45:00,,0.0,2,"Moto/Ciclomotor,Automóvil",Pje. Del Campo 4600,2,1,0,0,1,0,0,"-32.9906, -60.6544",Calle,,ROSARIO,Rosario,Asfalto,No existe,II,Dentro,Urbana,Ninguna,No existe,Intersección,Bueno,Buena,Nocturna,Buen Tiempo,De alcance,S/D,Colisión,Ninguna,Faltante,Cordón divisorio,Sin restricción,"-32.9906, -60.6544",['Pasaje Del Campo 4600'],1,,-32.9906,-60.6544,55.0,538.0,Municipio Rosario,Municipio,Rosario,820210,Servicio de Catastro e Información Territorial,IGN
2019,8055,2019-12-13,Viernes,,14:30:00,,0.0,2,"Moto/Ciclomotor,Automóvil",Abanderado Grandoli Y Av. Uriburu,4,2,0,0,2,0,0,"-32.99012, -60.6284",Calle,,ROSARIO,Rosario,Asfalto,No existe,II,S/D,Urbana,Semáforo,Funciona,Intersección,Bueno,Buena,Diurna,Buen Tiempo,De alcance,S/D,Colisión,Ninguna,Faltante,Cordón divisorio,Sin restricción,"-32.99012, -60.6284","['Avenida Abanderado Grandoli', 'Uriburu']",2,,-32.99012,-60.6284,55.0,538.0,Municipio Rosario,Municipio,Rosario,820210,Servicio de Catastro e Información Territorial,IGN
2019,8057,2019-12-12,Jueves,,17:55:00,,0.0,2,"Peatón,Automóvil",Ayacucho Y Centenario,2,1,0,0,1,0,0,"-33.00386, -60.63598",Calle,,ROSARIO,Rosario,Asfalto,No existe,II,Dentro,Urbana,Ninguna,No existe,Intersección,Bueno,Buena,Diurna,Buen Tiempo,S/D,Peatón,Atropello,Ninguna,Faltante,Ninguna,Sin restricción,"-33.00386, -60.63598","['Ayacucho', 'Centenario']",2,,-33.00386,-60.63598,55.0,538.0,Municipio Rosario,Municipio,Rosario,820210,Servicio de Catastro e Información Territorial,IGN
2019,8060,2019-12-14,Sabado,,19:15:00,,0.0,2,"Bicicleta,Automóvil",Bv. Segui Y Dorrego,2,1,0,0,1,0,0,"-32.97703, -60.65742",Avenida,,ROSARIO,Rosario,Asfalto,No existe,II,Dentro,Urbana,Ninguna,No existe,Intersección,Bueno,Buena,"Atardecer,Con luz artificial",Buen Tiempo,S/D,Ciclista,Atropello,Ninguna,Faltante,Ninguna,Sin restricción,"-32.97703, -60.65742","['Bulevar Juan Francisco Seguí', 'Dorrego']",2,,-32.97703,-60.65742,55.0,538.0,Municipio Rosario,Municipio,Rosario,820210,Servicio de Catastro e Información Territorial,IGN
2019,8063,2019-10-01,Martes,,17:00:00,,0.0,2,"Automóvil,Moto/Ciclomotor",Av. Provincias Unidas Y J.J.Paso,3,2,0,0,1,0,0,"-32.92074, -60.71332",Avenida,,ROSARIO,Rosario,Asfalto,No existe,II,Dentro,Urbana,Ninguna,No existe,Intersección,Resbaladiza,Buena,Atardecer,Lluvia,Lateral,S/D,Colisión,Agua,Vertical,Línea divisoria pintada,Sin restricción,"-32.92074, -60.71332","['Avenida Provincias Unidas', 'Paso']",2,,-32.92074,-60.71332,55.0,538.0,Municipio Rosario,Municipio,Rosario,820210,Servicio de Catastro e Información Territorial,IGN
2019,8064,2019-11-15,Viernes,,19:00:00,,0.0,2,"Bicicleta,Automóvil",Av. Alberdi Bis 200,2,1,0,0,1,0,0,"-32.926610, -60.676458",Avenida,,ROSARIO,Rosario,Asfalto,No existe,II,Dentro,Urbana,Semáforo,Funciona,Recta,Bueno,Buena,Atardecer,Buen Tiempo,S/D,Ciclista,Atropello,Ninguna,"Horizontal,Vertical",Cordón divisorio,Sin restricción,"-32.926610, -60.676458",['Alberdi Bis 200'],1,,-32.92661,-60.676458,55.0,538.0,Municipio Rosario,Municipio,Rosario,820210,Servicio de Catastro e Información Territorial,IGN
2019,8065,2019-10-05,Sabado,,00:45:00,,0.0,1,Automóvil,J.J.Paso Y J.M.de Rosas,2,0,2,0,0,0,0,"-32.92069, -60.72463",Calle,,ROSARIO,Rosario,Asfalto,No existe,II,Dentro,Urbana,Ninguna,S/D,Recta,Bueno,Buena,Nocturna,Buen Tiempo,Contra objeto fijo,S/D,Colisión,Ninguna,S/D,Ninguna,Sin restricción,"-32.92069, -60.72463","['Paso', 'De Rosas']",2,,-32.92069,-60.72463,55.0,538.0,Municipio Rosario,Municipio,Rosario,820210,Servicio de Catastro e Información Territorial,IGN
2019,8066,2019-12-16,Lunes,,17:15:00,,0.0,2,"Moto/Ciclomotor,Automóvil",Gaboto Y Av. Corrientes,2,1,0,0,1,0,0,"-32.97258, -60.64913",Calle,,ROSARIO,Rosario,Asfalto,No existe,II,Dentro,Urbana,Ninguna,No existe,Intersección,Bueno,Buena,Diurna,Buen Tiempo,De alcance,S/D,Colisión,Ninguna,Faltante,Ninguna,Sin restricción,"-32.97258, -60.64913","['Gaboto', 'Corrientes']",2,,-32.97258,-60.64913,55.0,538.0,Municipio Rosario,Municipio,Rosario,820210,Servicio de Catastro e Información Territorial,IGN
2019,8067,2019-10-03,Jueves,,20:30:00,,0.0,2,"Moto/Ciclomotor,Automóvil",Av. Genova Y Garcia del Cossio Bis,2,1,0,0,1,0,0,"-32.91701, -60.74669",Calle,,ROSARIO,Rosario,Asfalto,No existe,II,Dentro,Urbana,Ninguna,No existe,Intersección,Bueno,Buena,Nocturna,Buen Tiempo,Lateral,S/D,Colisión,Ninguna,Faltante,Ninguna,Sin restricción,"-32.91701, -60.74669","['Genova', 'García del Cossio']",2,,-32.91701,-60.74669,55.0,538.0,Municipio Rosario,Municipio,Rosario,820210,Servicio de Catastro e Información Territorial,IGN