anio_acci,nro_acci,fecha,desc_dia,fecha_aprox,hora_aprox,desc_ruta,km,cant_participantes,desc_participante,calle_avenida_km,total,heridos_leves,heridos_graves,heridos_gravisimos,ilesos,fallecidos,sin_datos,posicion_XY,desc_tipo_via,desc_ruta_ori,desc_loc,desc_dpto,desc_tipo_calzada,desc_tipo_banquina,desc_unidad_regional,desc_lugar_calzada,desc_zona,desc_prioridad,desc_estado_semaforo,desc_lugar_via,desc_estado_via,desc_estado_visibilidad,desc_luminosidad,desc_estado_clima,desc_tipo_colision,desc_tipo_atropello,desc_tipo_hecho,desc_pres_calzada,desc_senializacion,desc_separacion_via,desc_restriccion,forma_geocod,calle_lista,numero_calles,calles_osm,lat,lon,index_right,gid,fna,gna,nam,in1,fdc,sag
2019,8068,2019-11-16,Sabado,,13:10:00,,0.0,2,"Automóvil,Automóvil",Bahia Blanca Bis Y Junin,2,1,0,0,1,0,0,"-32.926944, -60.688617",Calle,,ROSARIO,Rosario,Asfalto,No existe,II,Dentro,Urbana,Semáforo,Funciona,Intersección,Bueno,Buena,Diurna,Buen Tiempo,Lateral,S/D,Colisión,Ninguna,"Horizontal,Vertical",Ninguna,Sin restricción,"-32.926944, -60.688617","['Bahía Blanca', 'Junín']",2,,-32.926944,-60.688617,55.0,538.0,Municipio Rosario,Municipio,Rosario,820210,Servicio de Catastro e Información Territorial,IGN
2019,8069,2019-10-02,Miercoles,,17:15:00,,0.0,2,"Pickup/Utilitario,Moto/Ciclomotor",Guatemala Y Pje. Ghandi,2,0,1,0,1,0,0,"-32.92568, -60.71794",S/D,,ROSARIO,Rosario,Asfalto,No existe,II,S/D,S/D,Ninguna,No existe,S/D,Bueno,Buena,Diurna,Buen Tiempo,S/D,S/D,Colisión,Ninguna,Faltante,Ninguna,Sin restricción,"-32.92568, -60.71794","['Guatemala', 'Ghandi']",2,,-32.92568,-60.71794,55.0,538.0,Municipio Rosario,Municipio,Rosario,820210,Servicio de Catastro e Información Territorial,IGN
2019,8070,2019-12-14,Sabado,,12:30:00,,0.0,2,"Moto/Ciclomotor,Pickup/Utilitario",Av. Battle y Ordoñez Y Leiva,2,1,0,0,1,0,0,"-33.00863, -60.63765",Calle,,ROSARIO,Rosario,Asfalto,No existe,II,Dentro,Urbana,Ninguna,No existe,Intersección,Bueno,Buena,Diurna,Buen Tiempo,De alcance,S/D,Colisión,Ninguna,Faltante,Ninguna,Sin restricción,"-33.00863, -60.63765","['Avenida Battle y Ordoñez', 'Leiva']",2,,-33.00863,-60.63765,55.0,538.0,Municipio Rosario,Municipio,Rosario,820210,Servicio de Catastro e Información Territorial,IGN
2019,8071,2019-11-12,Martes,,14:30:00,,0.0,2,"Automóvil,Moto/Ciclomotor",Av. Eudoro Carrasco Y Gallo,2,1,0,0,1,0,0,"-32.889405, -60.686786",Avenida,,ROSARIO,Rosario,Asfalto,No existe,II,Dentro,Urbana,Semáforo,Funciona,Recta,Bueno,Buena,Diurna,Buen Tiempo,De alcance,S/D,Colisión,Ninguna,Vertical,Cordón divisorio,Sin restricción,"-32.889405, -60.686786","['Avenida Eudoro Carrasco', 'Gallo']",2,,-32.889405,-60.686786,55.0,538.0,Municipio Rosario,Municipio,Rosario,820210,Servicio de Catastro e Información Territorial,IGN
2019,8073,2019-10-06,Domingo,,19:45:00,,0.0,2,"Moto/Ciclomotor,Moto/Ciclomotor",Ugarteche Y Av. Eva Peron,2,2,0,0,0,0,0,"-32.92578, -60.75916",Avenida,,ROSARIO,Rosario,Asfalto,S/D,II,Dentro,Urbana,Ninguna,No existe,Intersección,Bueno,Buena,Atardecer,Buen Tiempo,S/D,S/D,Colisión,Ninguna,S/D,Ninguna,Sin restricción,"-32.92578, -60.75916","['Ugarteche', 'Avenida Eva Perón']",2,,-32.92578,-60.75916,55.0,538.0,Municipio Rosario,Municipio,Rosario,820210,Servicio de Catastro e Información Territorial,IGN
2019,8074,2019-11-22,Viernes,,13:00:00,,0.0,2,"Automóvil,Moto/Ciclomotor",Calle 1333 ,3,2,0,0,1,0,0,"-32.885397, -60.732745",Calle,,ROSARIO,Rosario,Asfalto,No existe,II,Dentro,Urbana,Ninguna,S/D,Recta,S/D,Buena,S/D,Buen Tiempo,Lateral,S/D,Colisión,S/D,S/D,Ninguna,Sin restricción,"-32.885397, -60.732745",['Calle 1333'],1,,-32.885397,-60.732745,55.0,538.0,Municipio Rosario,Municipio,Rosario,820210,Servicio de Catastro e Información Territorial,IGN
2019,8076,2019-11-26,Martes,,15:25:00,,0.0,2,"Bicicleta,Automóvil",Ivanowski Y San Martin,2,1,0,0,0,0,1,"-32.983496, -60.645235",Avenida,,ROSARIO,Rosario,Asfalto,No existe,II,Dentro,Urbana,Ninguna,No existe,Recta,Bueno,Buena,Diurna,Buen Tiempo,S/D,Ciclista,Atropello,Ninguna,Horizontal,Cordón divisorio,Sin restricción,"-32.983496, -60.645235","['Ivanowski', 'San Martin']",2,,-32.983496,-60.645235,55.0,538.0,Municipio Rosario,Municipio,Rosario,820210,Servicio de Catastro e Información Territorial,IGN
2019,8077,2019-11-26,Martes,,13:00:00,,0.0,2,"Bicicleta,Pickup/Utilitario",Pje. San Francisco Y San Martin,2,1,0,0,1,0,0,"-33.006896, -60.650212",Avenida,,ROSARIO,Rosario,Asfalto,No existe,II,Dentro,Urbana,Otra Señal,No existe,Intersección,Bueno,Buena,Diurna,Buen Tiempo,S/D,Ciclista,Atropello,Ninguna,Vertical,Cordón divisorio,Sin restricción,"-33.006896, -60.650212","['San Francisco', 'San Martin']",2,,-33.006896,-60.650212,55.0,538.0,Municipio Rosario,Municipio,Rosario,820210,Servicio de Catastro e Información Territorial,IGN
2019,8078,2019-10-07,Lunes,,10:00:00,,0.0,3,"Automóvil,Moto/Ciclomotor,Bicicleta",Av. Genova Y Acevedo Bis,3,0,1,0,2,0,0,"-32.91702, -60.74904",Calle,,ROSARIO,Rosario,Asfalto,No existe,II,Dentro,Urbana,Ninguna,No existe,Intersección,Bueno,Buena,Diurna,Buen Tiempo,Múltiple,Ciclista,Atropello,Ninguna,S/D,Ninguna,Sin restricción,"-32.91702, -60.74904","['Genova', 'Acevedo']",2,,-32.91702,-60.74904,55.0,538.0,Municipio Rosario,Municipio,Rosario,820210,Servicio de Catastro e Información Territorial,IGN
2019,8079,2019-12-09,Lunes,,,,0.0,2,"Bicicleta,Transporte de Pasajeros Urbano (> 8 asientos)",Ayacucho Y Av. Arijon,2,1,0,0,1,0,0,"-33.00267, -60.63608",Calle,,ROSARIO,Rosario,Asfalto,S/D,II,Dentro,Urbana,Ninguna,S/D,Intersección,Bueno,S/D,S/D,Buen Tiempo,S/D,Ciclista,Atropello,Ninguna,Vertical,Ninguna,Sin restricción,"-33.00267, -60.63608","['Ayacucho', 'Avenida Manuel Arijón']",2,,-33.00267,-60.63608,55.0,538.0,Municipio Rosario,Municipio,Rosario,820210,Servicio de Catastro e Información Territorial,IGN
2019,8080,2019-11-27,Miercoles,,17:45:00,,0.0,2,"Moto/Ciclomotor,Automóvil",Caupolican Y Melincue,4,2,0,0,2,0,0,"-33.009924, -60.647543",Calle,,ROSARIO,Rosario,Asfalto,No existe,II,Dentro,Urbana,Ninguna,No existe,Intersección,Bueno,Buena,Diurna,Buen Tiempo,Lateral,S/D,Colisión,Ninguna,Faltante,Ninguna,Sin restricción,"-33.009924, -60.647543","['Caupolicán', 'Melincué']",2,,-33.009924,-60.647543,55.0,538.0,Municipio Rosario,Municipio,Rosario,820210,Servicio de Catastro e Información Territorial,IGN
2019,8081,2019-10-06,Domingo,,06:20:00,,0.0,2,"Taxi/Remis,Automóvil",Av. Provincias Unidas Y Velez Sarsfield,5,3,0,0,2,0,0,"-32.92615, -60.71308",Avenida,,ROSARIO,Rosario,Asfalto,No existe,II,Dentro,Urbana,Ninguna,Funciona,Intersección,Bueno,Buena,Diurna,Buen Tiempo,Lateral,S/D,Colisión,Ninguna,S/D,Ninguna,Sin restricción,"-32.92615, -60.71308","['Avenida Provincias Unidas', 'Vélez Sarsfield']",2,,-32.92615,-60.71308,55.0,538.0,Municipio Rosario,Municipio,Rosario,820210,Servicio de Catastro e Información Territorial,IGN
2019,8082,2019-12-09,Lunes,,20:55:00,,0.0,2,"Bicicleta,Moto/Ciclomotor",Av. Arijon Y Laprida,3,1,0,0,2,0,0,"-33.00301, -60.64698",Calle,,ROSARIO,Rosario,Asfalto,No existe,II,Dentro,Urbana,Ninguna,No existe,Intersección,Bueno,Buena,Nocturna,Buen Tiempo,S/D,Ciclista,Atropello,Ninguna,Faltante,Ninguna,Sin restricción,"-33.00301, -60.64698","['Avenida Manuel Arijón', 'Laprida']",2,,-33.00301,-60.64698,55.0,538.0,Municipio Rosario,Municipio,Rosario,820210,Servicio de Catastro e Información Territorial,IGN
2019,8083,2019-11-26,Martes,,10:30:00,,0.0,2,"Moto/Ciclomotor,Pickup/Utilitario",España Y Gaboto,2,1,0,0,1,0,0,"-32.971850, -60.653279",Calle,,ROSARIO,Rosario,Asfalto,No existe,II,Dentro,Urbana,Ninguna,No existe,Intersección,Bueno,Buena,Diurna,Buen Tiempo,Lateral,S/D,Colisión,Ninguna,Vertical,Ninguna,Sin restricción,"-32.971850, -60.653279","['España', 'Gaboto']",2,,-32.97185,-60.653279,55.0,538.0,Municipio Rosario,Municipio,Rosario,820210,Servicio de Catastro e Información Territorial,IGN
2019,8084,2019-10-01,Martes,,17:35:00,,0.0,2,"Automóvil,Pickup/Utilitario",Benegas Y Muniagurria,4,2,0,0,2,0,0,"-32.93163, -60.7332",Calle,,ROSARIO,Rosario,Asfalto,No existe,II,Dentro,Urbana,Ninguna,No existe,Intersección,Bueno,Buena,Diurna,Otro,S/D,S/D,Colisión,Ninguna,S/D,Ninguna,Sin restricción,"-32.93163, -60.7332","['Benegas', 'Muniagurría']",2,,-32.93163,-60.7332,55.0,538.0,Municipio Rosario,Municipio,Rosario,820210,Servicio de Catastro e Información Territorial,IGN
2019,8085,2019-12-10,Martes,,08:40:00,,0.0,2,"Moto/Ciclomotor,Moto/Ciclomotor",Laprida Y Rui Barbosa,2,2,0,0,0,0,0,"-33.00627, -60.64685",Calle,,ROSARIO,Rosario,Asfalto,No existe,II,Dentro,Urbana,Ninguna,No existe,Intersección,Bueno,Buena,Diurna,Buen Tiempo,De alcance,S/D,Colisión,Ninguna,Faltante,Ninguna,Sin restricción,"-33.00627, -60.64685","['Laprida', 'Rui Barbosa']",2,,-33.00627,-60.64685,55.0,538.0,Municipio Rosario,Municipio,Rosario,820210,Servicio de Catastro e Información Territorial,IGN
2019,8086,2019-10-01,Martes,,12:55:00,,0.0,2,"Ambulancia,Automóvil",Av. Pellegrini Y Magallanes,4,0,0,0,0,0,4,"-32.9484, -60.7041",S/D,,ROSARIO,Rosario,Asfalto,Pavimento,II,S/D,S/D,S/D,Funciona,Otro,Bueno,Buena,Diurna,Buen Tiempo,Otro,S/D,Colisión,Ninguna,S/D,Ninguna,S/D,"-32.9484, -60.7041","['Pellegrini', 'Magallanes']",2,,-32.9484,-60.7041,55.0,538.0,Municipio Rosario,Municipio,Rosario,820210,Servicio de Catastro e Información Territorial,IGN
2019,8087,2019-11-26,Martes,,13:00:00,,0.0,2,"Moto/Ciclomotor,Automóvil",Centeno Y Mariano Moreno,2,1,0,0,1,0,0,"-32.982600, -60.660253",Calle,,ROSARIO,Rosario,Asfalto,No existe,II,Dentro,Urbana,Ninguna,No existe,Intersección,Bueno,Buena,Diurna,Buen Tiempo,Lateral,S/D,Colisión,Ninguna,Faltante,Ninguna,Sin restricción,"-32.982600, -60.660253","['Centeno', 'Mariano Moreno']",2,,-32.9826,-60.660253,55.0,538.0,Municipio Rosario,Municipio,Rosario,820210,Servicio de Catastro e Información Territorial,IGN
2019,8088,2019-12-10,Martes,,10:40:00,,0.0,2,"Automóvil,Automóvil",Ameghino Y Laprida,3,2,0,0,1,0,0,"-32.98783, -60.64449",Calle,,ROSARIO,Rosario,Asfalto,No existe,II,Dentro,Urbana,Ninguna,No existe,Intersección,Bueno,Buena,Diurna,Buen Tiempo,De alcance,S/D,Colisión,Ninguna,Faltante,Ninguna,Sin restricción,"-32.98783, -60.64449","['Ameghino', 'Laprida']",2,,-32.98783,-60.64449,55.0,538.0,Municipio Rosario,Municipio,Rosario,820210,Servicio de Catastro e Información Territorial,IGN
2019,8089,2019-10-02,Miercoles,,18:30:00,,0.0,2,"Automóvil,Peatón",Dean Funes 6867,2,1,0,0,1,0,0,"-32.96752, -60.71363",Calle,,ROSARIO,Rosario,S/D,Natural,II,S/D,Urbana,Paso Peatonal,S/D,Otro,Otro,Buena,Atardecer,Buen Tiempo,S/D,Peatón,Atropello,Ninguna,Faltante,Ninguna,Sin restricción,"-32.96752, -60.71363",['Dean Funes 6867'],1,,-32.96752,-60.71363,55.0,538.0,Municipio Rosario,Municipio,Rosario,820210,Servicio de Catastro e Información Territorial,IGN
2019,8090,2019-12-10,Martes,,13:20:00,,0.0,1,Moto/Ciclomotor,Biedma Y Esmeralda,2,2,0,0,0,0,0,"-32.98436, -60.63021",Calle,,ROSARIO,Rosario,Asfalto,No existe,II,Dentro,Urbana,Ninguna,No existe,Intersección,Bueno,Buena,Diurna,Buen Tiempo,Atropello animal,S/D,Atropello,Ninguna,Faltante,Ninguna,Sin restricción,"-32.98436, -60.63021","['Coronel Biedma', 'Esmeralda']",2,,-32.98436,-60.63021,55.0,538.0,Municipio Rosario,Municipio,Rosario,820210,Servicio de Catastro e Información Territorial,IGN
2019,8091,2019-10-02,Miercoles,,08:00:00,,0.0,2,"Peatón,Moto/Ciclomotor",Av. Pte.Peron Y P.L.Funes,2,1,0,0,1,0,0,"-32.96253, -60.70031",S/D,,ROSARIO,Rosario,Asfalto,Pavimento,II,S/D,S/D,S/D,S/D,Otro,Bueno,Buena,Diurna,Buen Tiempo,Otro,Peatón,Atropello,S/D,S/D,Ninguna,Sin restricción,"-32.96253, -60.70031","['Avenida Presidente Perón', 'Funes']",2,,-32.96253,-60.70031,55.0,538.0,Municipio Rosario,Municipio,Rosario,820210,Servicio de Catastro e Información Territorial,IGN
2019,8092,2019-10-05,Sabado,,18:05:00,,0.0,2,"Moto/Ciclomotor,Pickup/Utilitario",Irurtia Y J.Colombres,3,1,0,0,0,0,2,"-32.96706, -60.7247",S/D,,ROSARIO,Rosario,Asfalto,Pavimento,II,S/D,Urbana,Ninguna,No existe,Otro,Bueno,S/D,Atardecer,Buen Tiempo,Otro,S/D,Colisión,Ninguna,Faltante,Ninguna,Sin restricción,"-32.96706, -60.7247","['Irurtia', 'José Colombres']",2,,-32.96706,-60.7247,55.0,538.0,Municipio Rosario,Municipio,Rosario,820210,Servicio de Catastro e Información Territorial,IGN
2019,8093,2019-11-19,Martes,,12:00:00,,0.0,2,"Moto/Ciclomotor,Automóvil",Av. Arijon Y San Martin,4,2,0,0,2,0,0,"-33.003052, -60.649412",Calle,,ROSARIO,Rosario,Asfalto,No existe,II,Dentro,Urbana,Semáforo,Funciona,Intersección,Bueno,Buena,Diurna,Buen Tiempo,De alcance,S/D,Colisión,Ninguna,"Horizontal,Vertical",Cordón divisorio,Sin restricción,"-33.003052, -60.649412","['Avenida Manuel Arijón', 'San Martin']",2,,-33.003052,-60.649412,55.0,538.0,Municipio Rosario,Municipio,Rosario,820210,Servicio de Catastro e Información Territorial,IGN
2019,8095,2019-12-10,Martes,,19:00:00,,0.0,2,"Bicicleta,Transporte de Pasajeros Larga Distancia (> 8 asientos)",Bv. Oroño Y Saavedra,2,1,0,0,1,0,0,"-32.97521, -60.66114",Calle,,ROSARIO,Rosario,Asfalto,S/D,II,Dentro,Urbana,Semáforo,Funciona,Intersección,Bueno,Buena,Atardecer,Buen Tiempo,S/D,Ciclista,Atropello,Ninguna,Faltante,Cordón divisorio,Sin restricción,"-32.97521, -60.66114","['Bulevar Nicasio Oroño', 'Saavedra']",2,,-32.97521,-60.66114,55.0,538.0,Municipio Rosario,Municipio,Rosario,820210,Servicio de Catastro e Información Territorial,IGN
2019,8097,2019-11-14,Jueves,,21:05:00,,0.0,2,"Moto/Ciclomotor,Automóvil",Caupolican Y San Martin,3,1,0,0,2,0,0,"-33.009940, -60.650732",Calle,,ROSARIO,Rosario,Asfalto,No existe,II,Dentro,Urbana,Ninguna,Funciona,Intersección,Bueno,Buena,"Nocturna,Con luz artificial",Buen Tiempo,Lateral,S/D,Colisión,Ninguna,Vertical,Cordón divisorio,Sin restricción,"-33.009940, -60.650732","['Caupolicán', 'San Martin']",2,,-33.00994,-60.650732,55.0,538.0,Municipio Rosario,Municipio,Rosario,820210,Servicio de Catastro e Información Territorial,IGN
2019,8098,2019-12-11,Miercoles,,14:50:00,,0.0,1,Moto/Ciclomotor,24 De Setiembre Y Chacabuco,1,1,0,0,0,0,0,"-32.98297, -60.63124",Calle,,ROSARIO,Rosario,Asfalto,No existe,II,S/D,Urbana,Ninguna,No existe,Intersección,Bueno,Buena,Diurna,Buen Tiempo,Atropello animal,S/D,Atropello,Ninguna,Faltante,Ninguna,Sin restricción,"-32.98297, -60.63124","['24 de Septiembre', 'Chacabuco']",2,,-32.98297,-60.63124,55.0,538.0,Municipio Rosario,Municipio,Rosario,820210,Servicio de Catastro e Información Territorial,IGN
2019,8099,2019-12-11,Miercoles,,17:05:00,,0.0,2,"Moto/Ciclomotor,Automóvil",Buenos Aires Y Lainez,2,1,0,0,1,0,0,"-33.00515, -60.64481",Calle,,ROSARIO,Rosario,Asfalto,No existe,II,S/D,Urbana,Ninguna,No existe,Intersección,Bueno,Buena,Diurna,Buen Tiempo,De alcance,S/D,Colisión,Ninguna,Faltante,Ninguna,Sin restricción,"-33.00515, -60.64481","['Buenos Aires', 'Láinez']",2,,-33.00515,-60.64481,55.0,538.0,Municipio Rosario,Municipio,Rosario,820210,Servicio de Catastro e Información Territorial,IGN
2019,8100,2019-12-12,Jueves,,16:15:00,,0.0,2,"Bicicleta,Taxi/Remis",24 De Setiembre Y San Martin,2,1,0,0,0,0,1,"-32.98055, -60.64459",Calle,,ROSARIO,Rosario,Asfalto,No existe,II,Dentro,Urbana,Ninguna,No existe,Intersección,Bueno,Buena,Diurna,Buen Tiempo,S/D,Ciclista,Atropello,Ninguna,Faltante,Ninguna,Sin restricción,"-32.98055, -60.64459","['24 de Septiembre', 'San Martin']",2,,-32.98055,-60.64459,55.0,538.0,Municipio Rosario,Municipio,Rosario,820210,Servicio de Catastro e Información Territorial,IGN
2019,8101,2019-12-09,Lunes,,08:15:00,,0.0,2,"Moto/Ciclomotor,Pickup/Utilitario",Italia Y Benito Juarez,3,2,0,0,0,0,1,"-32.99321, -60.65947",Calle,,ROSARIO,Rosario,Asfalto,No existe,II,Dentro,Urbana,Ninguna,No existe,Intersección,Bueno,Buena,Diurna,Buen Tiempo,De alcance,S/D,Colisión,Ninguna,Faltante,Ninguna,Sin restricción,"-32.99321, -60.65947","['Italia', 'Benito Juárez']",2,,-32.99321,-60.65947,55.0,538.0,Municipio Rosario,Municipio,Rosario,820210,Servicio de Catastro e Información Territorial,IGN
2019,8105,2019-11-17,Domingo,,04:00:00,,0.0,2,"Moto/Ciclomotor,Pickup/Utilitario",Av. Corrientes Y Biedma,3,2,0,0,1,0,0,"-32.980632, -60.651156",Calle,,ROSARIO,Rosario,Asfalto,No existe,II,Dentro,Urbana,Ninguna,No existe,Intersección,Bueno,Buena,"Nocturna,Con luz artificial",Buen Tiempo,Lateral,S/D,Colisión,Ninguna,Faltante,Ninguna,Sin restricción,"-32.980632, -60.651156","['Corrientes', 'Coronel Biedma']",2,,-32.980632,-60.651156,55.0,538.0,Municipio Rosario,Municipio,Rosario,820210,Servicio de Catastro e Información Territorial,IGN
2019,8107,2019-11-11,Lunes,,16:15:00,,0.0,2,"Moto/Ciclomotor,Taxi/Remis",Bv. Segui Y Laprida,3,2,0,0,1,0,0,"-32.979888, -60.642468",Avenida,,ROSARIO,Rosario,Asfalto,No existe,II,Dentro,Urbana,Ninguna,No existe,Intersección,Bueno,Buena,Diurna,Buen Tiempo,Lateral,S/D,Colisión,Ninguna,Faltante,Ninguna,Sin restricción,"-32.979888, -60.642468","['Bulevar Juan Francisco Seguí', 'Laprida']",2,,-32.979888,-60.642468,55.0,538.0,Municipio Rosario,Municipio,Rosario,820210,Servicio de Catastro e Información Territorial,IGN
2019,8108,2019-11-15,Viernes,,10:00:00,,0.0,2,"Bicicleta,Moto/Ciclomotor",Av. Uriburu Y Pje. Barcala,2,1,0,0,1,0,0,"-32.990297, -60.633578",Avenida,,ROSARIO,Rosario,Asfalto,No existe,II,Dentro,Urbana,Ninguna,No existe,Intersección,Bueno,Buena,Diurna,Buen Tiempo,S/D,Ciclista,Atropello,Ninguna,Faltante,Ninguna,Sin restricción,"-32.990297, -60.633578","['Uriburu', 'Barcala']",2,,-32.990297,-60.633578,55.0,538.0,Municipio Rosario,Municipio,Rosario,820210,Servicio de Catastro e Información Territorial,IGN
2019,8109,2019-11-15,Viernes,,08:30:00,,0.0,2,"Moto/Ciclomotor,Automóvil",Mitre Y Pte.Quintana,2,1,0,0,1,0,0,"-32.982298, -60.648665",Calle,,ROSARIO,Rosario,Asfalto,No existe,II,Dentro,Urbana,Ninguna,No existe,Intersección,Bueno,Buena,Diurna,Buen Tiempo,Lateral,S/D,Colisión,Ninguna,Vertical,Ninguna,Sin restricción,"-32.982298, -60.648665","['Mitre', 'Quintana']",2,,-32.982298,-60.648665,55.0,538.0,Municipio Rosario,Municipio,Rosario,820210,Servicio de Catastro e Información Territorial,IGN
2019,8111,2019-12-14,Sabado,,08:45:00,,0.0,2,"Taxi/Remis,Transporte de Pasajeros Urbano (> 8 asientos)",Necochea Y Virasoro,2,1,0,0,1,0,0,"-32.97242, -60.63003",Calle,,ROSARIO,Rosario,Asfalto,No existe,II,Dentro,Urbana,Ninguna,No existe,Intersección,Bueno,Buena,Diurna,Buen Tiempo,De alcance,S/D,Colisión,Ninguna,Faltante,Ninguna,Sin restricción,"-32.97242, -60.63003","['Necochea', 'Virasoro']",2,,-32.97242,-60.63003,55.0,538.0,Municipio Rosario,Municipio,Rosario,820210,Servicio de Catastro e Información Territorial,IGN
2019,8112,2019-11-20,Miercoles,,,,0.0,2,"Moto/Ciclomotor,Pickup/Utilitario",San Martin 5300,2,1,0,0,1,0,0,"-32.998801, -60.648489",Calle,,ROSARIO,Rosario,Asfalto,No existe,II,Dentro,Urbana,Ninguna,Funciona,Recta,Bueno,S/D,S/D,Buen Tiempo,De alcance,S/D,Colisión,Ninguna,"Horizontal,Vertical",Ninguna,Sin restricción,"-32.998801, -60.648489",['San Martin 5300'],1,,-32.998801,-60.648489,55.0,538.0,Municipio Rosario,Municipio,Rosario,820210,Servicio de Catastro e Información Territorial,IGN
2019,8113,2019-12-10,Martes,,17:00:00,,0.0,2,"Moto/Ciclomotor,Automóvil",Gallini 1100,3,2,0,0,1,0,0,"-32.9153, -60.68925",Calle,,ROSARIO,Rosario,Asfalto,No existe,II,Dentro,Urbana,S/D,S/D,Recta,Bueno,Buena,Diurna,Buen Tiempo,Lateral,S/D,Colisión,Ninguna,S/D,S/D,Sin restricción,"-32.9153, -60.68925",['Gallini 1100'],1,,-32.9153,-60.68925,55.0,538.0,Municipio Rosario,Municipio,Rosario,820210,Servicio de Catastro e Información Territorial,IGN
2019,8114,2019-11-25,Lunes,,07:45:00,,0.0,2,"Taxi/Remis,Automóvil",Anchorena Y Gral. J.M.Paz,3,3,0,0,0,0,0,"-32.997125, -60.627321",Calle,,ROSARIO,Rosario,Asfalto,No existe,II,Dentro,Urbana,Ninguna,No existe,Intersección,Bueno,Buena,Diurna,Buen Tiempo,Lateral,S/D,Colisión,Ninguna,Faltante,Ninguna,Sin restricción,"-32.997125, -60.627321","['Anchorena', 'Paz']",2,,-32.997125,-60.627321,55.0,538.0,Municipio Rosario,Municipio,Rosario,820210,Servicio de Catastro e Información Territorial,IGN
2019,8115,2019-12-10,Martes,,22:10:00,,0.0,2,"Pickup/Utilitario,Moto/Ciclomotor",Av. Avellaneda B Y Av. Luis Carballo,3,1,0,0,2,0,0,"-32.92191, -60.67489",Calle,,ROSARIO,Rosario,Asfalto,S/D,II,S/D,Urbana,S/D,S/D,Intersección,S/D,S/D,S/D,S/D,S/D,S/D,Colisión,Ninguna,Vertical,S/D,S/D,"-32.92191, -60.67489","['Avellaneda', 'Avenida Doctor Luis Cándido Carballo']",2,,-32.92191,-60.67489,55.0,538.0,Municipio Rosario,Municipio,Rosario,820210,Servicio de Catastro e Información Territorial,IGN
2019,8116,2019-11-24,Domingo,,15:30:00,,0.0,2,"Bicicleta,Automóvil",Hilarion de la Quintana Y San Martin,2,1,0,0,1,0,0,"-33.000939, -60.648785",Avenida,,ROSARIO,Rosario,Asfalto,No existe,II,Dentro,Urbana,Ninguna,No existe,Intersección,Bueno,Buena,Diurna,Buen Tiempo,S/D,Ciclista,Atropello,Ninguna,Vertical,Ninguna,Sin restricción,"-33.000939, -60.648785","['Hilarión de la Quintana', 'San Martin']",2,,-33.000939,-60.648785,55.0,538.0,Municipio Rosario,Municipio,Rosario,820210,Servicio de Catastro e Información Territorial,IGN
2019,8117,2019-11-23,Sabado,,08:15:00,,0.0,3,"Pickup/Utilitario,Automóvil,Automóvil",Bv. Oroño Y Garibaldi,3,1,0,0,2,0,0,"-32.983259, -60.663157",Calle,,ROSARIO,Rosario,Asfalto,No existe,II,Dentro,Urbana,Ninguna,Funciona,Intersección,Bueno,Buena,Diurna,Buen Tiempo,Múltiple,S/D,Colisión,Ninguna,"Horizontal,Vertical",Cordón divisorio,Sin restricción,"-32.983259, -60.663157","['Bulevar Nicasio Oroño', 'José Garibaldi']",2,,-32.983259,-60.663157,55.0,538.0,Municipio Rosario,Municipio,Rosario,820210,Servicio de Catastro e Información Territorial,IGN
2019,8118,2019-11-14,Jueves,,15:50:00,,0.0,2,"Moto/Ciclomotor,Automóvil",Bv. Oroño Y Gaboto,2,1,0,0,1,0,0,"-32.970644, -60.659982",Avenida,,ROSARIO,Rosario,Asfalto,No existe,II,Dentro,Urbana,Semáforo,Funciona,Intersección,Bueno,Buena,Diurna,Buen Tiempo,Lateral,S/D,Colisión,Ninguna,"Horizontal,Vertical","Cordón divisorio,Vegetación",Sin restricción,"-32.970644, -60.659982","['Bulevar Nicasio Oroño', 'Gaboto']",2,,-32.970644,-60.659982,55.0,538.0,Municipio Rosario,Municipio,Rosario,820210,Servicio de Catastro e Información Territorial,IGN
2019,8119,2019-10-31,Jueves,,14:45:00,,0.0,2,"Automóvil,Moto/Ciclomotor",Valparaiso Y Viamonte,3,1,0,0,2,0,0,"    -32.95751, -60.68663",Calle,,ROSARIO,Rosario,Asfalto,S/D,II,Dentro,Urbana,Ninguna,No existe,Intersección,Otro,Buena,Diurna,Otro,Otro,S/D,Colisión,Otro,Faltante,Ninguna,Sin restricción,"    -32.95751, -60.68663","['Valparaíso', 'Viamonte']",2,,-32.95751,-60.68663,55.0,538.0,Municipio Rosario,Municipio,Rosario,820210,Servicio de Catastro e Información Territorial,IGN