anio_acci,nro_acci,fecha,desc_dia,fecha_aprox,hora_aprox,desc_ruta,km,cant_participantes,desc_participante,calle_avenida_km,total,heridos_leves,heridos_graves,heridos_gravisimos,ilesos,fallecidos,sin_datos,posicion_XY,desc_tipo_via,desc_ruta_ori,desc_loc,desc_dpto,desc_tipo_calzada,desc_tipo_banquina,desc_unidad_regional,desc_lugar_calzada,desc_zona,desc_prioridad,desc_estado_semaforo,desc_lugar_via,desc_estado_via,desc_estado_visibilidad,desc_luminosidad,desc_estado_clima,desc_tipo_colision,desc_tipo_atropello,desc_tipo_hecho,desc_pres_calzada,desc_senializacion,desc_separacion_via,desc_restriccion,forma_geocod,calle_lista,numero_calles,calles_osm,lat,lon,index_right,gid,fna,gna,nam,in1,fdc,sag
2019,8120,2019-11-13,Miercoles,,07:40:00,,0.0,2,"Moto/Ciclomotor,Automóvil",Mitre Y Uruguay,3,1,0,0,2,0,0,"-32.976555, -60.647182",Calle,,ROSARIO,Rosario,Asfalto,No existe,II,Dentro,Urbana,Ninguna,No existe,Intersección,Bueno,Buena,Diurna,Buen Tiempo,De alcance,S/D,Colisión,Ninguna,Faltante,Ninguna,Sin restricción,"-32.976555, -60.647182","['Mitre', 'Uruguay']",2,,-32.976555,-60.647182,55.0,538.0,Municipio Rosario,Municipio,Rosario,820210,Servicio de Catastro e Información Territorial,IGN
2019,8123,2019-11-11,Lunes,,,,0.0,2,"Bicicleta,Moto/Ciclomotor",Biedma Y Dorrego,2,1,0,0,0,0,1,"-32.979398, -60.658034",Calle,,ROSARIO,Rosario,Asfalto,No existe,II,Dentro,Urbana,Ninguna,No existe,Recta,Bueno,S/D,S/D,S/D,S/D,Ciclista,Atropello,Ninguna,Faltante,Ninguna,Sin restricción,"-32.979398, -60.658034","['Coronel Biedma', 'Dorrego']",2,,-32.979398,-60.658034,55.0,538.0,Municipio Rosario,Municipio,Rosario,820210,Servicio de Catastro e Información Territorial,IGN
2019,8125,2019-11-13,Miercoles,,07:45:00,,0.0,2,"Moto/Ciclomotor,Automóvil",Av. Arijon Y Ayacucho,2,1,0,0,1,0,0,"-33.002626, -60.636029",Avenida,,ROSARIO,Rosario,Asfalto,No existe,II,Dentro,Urbana,Semáforo,Funciona,Intersección,Bueno,Buena,Diurna,Buen Tiempo,Lateral,S/D,Colisión,Ninguna,"Horizontal,Vertical",Ninguna,Sin restricción,"-33.002626, -60.636029","['Avenida Manuel Arijón', 'Ayacucho']",2,,-33.002626,-60.636029,55.0,538.0,Municipio Rosario,Municipio,Rosario,820210,Servicio de Catastro e Información Territorial,IGN
2019,8126,2019-11-11,Lunes,,18:40:00,,0.0,1,Moto/Ciclomotor,Ayacucho Y Reg.11 de Infanteria,2,1,0,0,1,0,0,"-32.998410, -60.636465",Calle,,ROSARIO,Rosario,Asfalto,No existe,II,Fuera,Urbana,Ninguna,No existe,Intersección,Bueno,Buena,Diurna,Buen Tiempo,S/D,S/D,Caída ocupante,Ninguna,Faltante,Ninguna,Sin restricción,"-32.998410, -60.636465","['Ayacucho', 'Regimiento 11']",2,,-32.99841,-60.636465,55.0,538.0,Municipio Rosario,Municipio,Rosario,820210,Servicio de Catastro e Información Territorial,IGN
2019,8128,2019-12-14,Sabado,,12:10:00,,0.0,2,"Automóvil,Moto/Ciclomotor",Av. Luis Carballo Y Velez Sarsfield,2,1,0,0,1,0,0,"-32.9246, -60.66331",Calle,,ROSARIO,Rosario,Asfalto,No existe,II,S/D,Urbana,Semáforo,Funciona,Intersección,Bueno,Buena,Diurna,Buen Tiempo,Lateral,S/D,Colisión,Ninguna,"Horizontal,Vertical",S/D,Sin restricción,"-32.9246, -60.66331","['Avenida Doctor Luis Cándido Carballo', 'Vélez Sarsfield']",2,,-32.9246,-60.66331,55.0,538.0,Municipio Rosario,Municipio,Rosario,820210,Servicio de Catastro e Información Territorial,IGN
2019,8131,2019-12-14,Sabado,,15:10:00,,0.0,2,"Moto/Ciclomotor,Automóvil",Av. Francia Y Av. Luis Carballo,2,1,0,0,1,0,0,"-32.9254, -60.66161",Calle,,ROSARIO,Rosario,Asfalto,S/D,II,Dentro,Urbana,Semáforo,Funciona,Intersección,Bueno,Buena,Diurna,Buen Tiempo,De alcance,S/D,Colisión,Ninguna,"Horizontal,Vertical",S/D,Sin restricción,"-32.9254, -60.66161","['Avenida Francia', 'Avenida Doctor Luis Cándido Carballo']",2,,-32.9254,-60.66161,55.0,538.0,Municipio Rosario,Municipio,Rosario,820210,Servicio de Catastro e Información Territorial,IGN
2019,8133,2019-11-11,Lunes,,21:40:00,,0.0,2,"Bicicleta,Moto/Ciclomotor",Ayolas Y Necochea,3,3,0,0,0,0,0,"-32.979334, -60.631793",Calle,,ROSARIO,Rosario,Asfalto,No existe,II,Dentro,Urbana,Señal Pare,No existe,Recta,Bueno,Buena,"Nocturna,Con luz artificial",Buen Tiempo,S/D,Ciclista,Atropello,Ninguna,Vertical,Ninguna,Sin restricción,"-32.979334, -60.631793","['Ayolas', 'Necochea']",2,,-32.979334,-60.631793,55.0,538.0,Municipio Rosario,Municipio,Rosario,820210,Servicio de Catastro e Información Territorial,IGN
2019,8134,2019-11-02,Sabado,,18:00:00,,0.0,2,"Moto/Ciclomotor,Automóvil",Colon Y Dean Funes,3,2,0,0,1,0,0,"-32.977933, -60.632850",Calle,,ROSARIO,Rosario,Asfalto,No existe,II,Dentro,Urbana,Señal Pare,No existe,Intersección,Bueno,Buena,Diurna,Buen Tiempo,Lateral,S/D,Colisión,Ninguna,Vertical,Ninguna,Sin restricción,"-32.977933, -60.632850","['Colon', 'Deán Gregorio Funes']",2,,-32.977933,-60.63285,55.0,538.0,Municipio Rosario,Municipio,Rosario,820210,Servicio de Catastro e Información Territorial,IGN
2019,8135,2019-11-07,Jueves,,12:00:00,,0.0,2,"Automóvil,Bicicleta",Bv. Oroño Y Bv. Segui,2,1,0,0,1,0,0,"-32.976305, -60.661650",Avenida,,ROSARIO,Rosario,Asfalto,No existe,II,Dentro,Urbana,Ninguna,Funciona,Intersección,Bueno,Buena,Diurna,Buen Tiempo,S/D,Ciclista,Atropello,Ninguna,"Horizontal,Vertical",Cordón divisorio,Sin restricción,"-32.976305, -60.661650","['Bulevar Nicasio Oroño', 'Bulevar Juan Francisco Seguí']",2,,-32.976305,-60.66165,55.0,538.0,Municipio Rosario,Municipio,Rosario,820210,Servicio de Catastro e Información Territorial,IGN
2019,8136,2019-11-03,Domingo,,05:10:00,,0.0,1,Moto/Ciclomotor,Buenos Aires Y Esteban de Luca,3,3,0,0,0,0,0,"-32.994806, -60.644614",Calle,,ROSARIO,Rosario,Asfalto,No existe,II,Dentro,Urbana,Ninguna,No existe,Intersección,Bueno,Buena,"Nocturna,Con luz artificial",Buen Tiempo,S/D,S/D,Caída ocupante,Ninguna,Faltante,Ninguna,Sin restricción,"-32.994806, -60.644614","['Buenos Aires', 'Esteban de Luca']",2,,-32.994806,-60.644614,55.0,538.0,Municipio Rosario,Municipio,Rosario,820210,Servicio de Catastro e Información Territorial,IGN
2019,8138,2019-11-04,Lunes,,20:55:00,,0.0,3,"Peatón,Automóvil,Automóvil",Av. Uriburu Y L.N.Alem,3,1,0,0,2,0,0,"-32.990366, -60.638911",Avenida,,ROSARIO,Rosario,Asfalto,No existe,II,Dentro,Urbana,Ninguna,No existe,Recta,Bueno,Buena,"Nocturna,Con luz artificial",Buen Tiempo,Lateral,Peatón,"Colisión,Atropello",Ninguna,Faltante,Cordón divisorio,Sin restricción,"-32.990366, -60.638911","['Uriburu', 'Alem']",2,,-32.990366,-60.638911,55.0,538.0,Municipio Rosario,Municipio,Rosario,820210,Servicio de Catastro e Información Territorial,IGN
2019,8139,2019-11-04,Lunes,,07:30:00,,0.0,2,"Automóvil,Automóvil",Bv. Segui Y Entre Rios,2,1,0,0,1,0,0,"-32.978699, -60.649187",Avenida,,ROSARIO,Rosario,Asfalto,No existe,II,Dentro,Urbana,Ninguna,No existe,Intersección,Bueno,Buena,Diurna,Buen Tiempo,Lateral,S/D,Colisión,Ninguna,Faltante,"Cordón divisorio,Vegetación",Sin restricción,"-32.978699, -60.649187","['Bulevar Juan Francisco Seguí', 'Entre Ríos']",2,,-32.978699,-60.649187,55.0,538.0,Municipio Rosario,Municipio,Rosario,820210,Servicio de Catastro e Información Territorial,IGN
2019,8140,2019-11-20,Miercoles,,13:50:00,,0.0,2,"Moto/Ciclomotor,Peatón",Bv. Oroño Y San Lorenzo,2,1,0,0,1,0,0,"-32.941417193861,-60.652841409722",Avenida,,ROSARIO,Rosario,Asfalto,No existe,II,Dentro,Urbana,Señal Pare,No existe,Intersección,Bueno,Buena,Diurna,Buen Tiempo,S/D,Peatón,Atropello,Ninguna,"Horizontal,Vertical","Cordón divisorio,Vegetación",Sin restricción,"-32.941417193861,-60.652841409722","['Bulevar Nicasio Oroño', 'San Lorenzo']",2,,-32.941417193861,-60.652841409722,55.0,538.0,Municipio Rosario,Municipio,Rosario,820210,Servicio de Catastro e Información Territorial,IGN
2019,8141,2019-11-22,Viernes,,18:15:00,,0.0,2,"Moto/Ciclomotor,Automóvil",1 de Mayo Y Av. Uriburu,2,1,0,0,1,0,0,"-32.990414500236525,-60.64117312431",Avenida,,ROSARIO,Rosario,Asfalto,No existe,II,Dentro,Urbana,Ninguna,No existe,Recta,Bueno,Buena,Diurna,Buen Tiempo,De alcance,S/D,Colisión,Ninguna,Faltante,Cordón divisorio,Sin restricción,"-32.990414500236525,-60.64117312431","['Primero de Mayo', 'Uriburu']",2,,-32.990414500236525,-60.64117312431,55.0,538.0,Municipio Rosario,Municipio,Rosario,820210,Servicio de Catastro e Información Territorial,IGN
2019,8142,2019-11-21,Jueves,,11:10:00,,0.0,2,"Pickup/Utilitario,Peatón",Mitre Y Tucuman,2,1,0,0,1,0,0,"-32.941553992397,-60.638389035203",Calle,,ROSARIO,Rosario,Asfalto,No existe,II,Dentro,Urbana,Paso Peatonal,No existe,Intersección,Bueno,Buena,Diurna,Buen Tiempo,S/D,Peatón,Atropello,Ninguna,Horizontal,Ninguna,Sin restricción,"-32.941553992397,-60.638389035203","['Mitre', 'Tucumán']",2,,-32.941553992397,-60.638389035203,55.0,538.0,Municipio Rosario,Municipio,Rosario,820210,Servicio de Catastro e Información Territorial,IGN
2019,8143,2019-11-06,Miercoles,,19:00:00,,0.0,2,"Bicicleta,Moto/Ciclomotor",Bv. Segui Y San Martin,2,1,0,0,1,0,0,"-32.979529, -60.644432",Avenida,,ROSARIO,Rosario,Asfalto,No existe,II,Dentro,Urbana,Ninguna,No existe,Intersección,Bueno,Buena,Atardecer,Buen Tiempo,S/D,Ciclista,Atropello,Ninguna,Faltante,Ninguna,Sin restricción,"-32.979529, -60.644432","['Bulevar Juan Francisco Seguí', 'San Martin']",2,,-32.979529,-60.644432,55.0,538.0,Municipio Rosario,Municipio,Rosario,820210,Servicio de Catastro e Información Territorial,IGN
2019,8144,2019-11-22,Viernes,,09:30:00,,0.0,2,"Automóvil,Bicicleta",Av. Pellegrini Y Mariano Moreno,2,1,0,0,1,0,0,"-32.95499314906,-60.653286968564",Avenida,,ROSARIO,Rosario,Asfalto,No existe,II,Dentro,Urbana,Semáforo,Funciona,Intersección,Bueno,Buena,Diurna,Buen Tiempo,S/D,Ciclista,Atropello,Ninguna,"Horizontal,Vertical","Cordón divisorio,Vegetación,Línea divisoria pintada",Sin restricción,"-32.95499314906,-60.653286968564","['Pellegrini', 'Mariano Moreno']",2,,-32.95499314906,-60.653286968564,55.0,538.0,Municipio Rosario,Municipio,Rosario,820210,Servicio de Catastro e Información Territorial,IGN
2019,8145,2019-11-15,Viernes,,17:45:00,,0.0,2,"Moto/Ciclomotor,Automóvil",Amenabar Y Necochea,3,0,1,0,2,0,0,"-32.974686194455,-60.630654994572",Calle,,ROSARIO,Rosario,Asfalto,No existe,II,Dentro,Urbana,Ninguna,No existe,Intersección,Bueno,Buena,Diurna,Buen Tiempo,Otro,S/D,Colisión,Ninguna,Faltante,Ninguna,Sin restricción,"-32.974686194455,-60.630654994572","['Amenabar', 'Necochea']",2,,-32.974686194455,-60.630654994572,55.0,538.0,Municipio Rosario,Municipio,Rosario,820210,Servicio de Catastro e Información Territorial,IGN
2019,8146,2019-11-22,Viernes,,19:15:00,,0.0,2,"Automóvil,Automóvil",San Luis Y Santiago,3,1,0,0,2,0,0,"-32.945840910085,-60.656663669725",Calle,,ROSARIO,Rosario,Asfalto,No existe,II,Dentro,Urbana,Paso Peatonal,No existe,Intersección,Bueno,Buena,"Nocturna,Con luz artificial",Buen Tiempo,Lateral,S/D,Colisión,Ninguna,Horizontal,Línea divisoria pintada,Sin restricción,"-32.945840910085,-60.656663669725","['San Luis', 'Santiago']",2,,-32.945840910085,-60.656663669725,55.0,538.0,Municipio Rosario,Municipio,Rosario,820210,Servicio de Catastro e Información Territorial,IGN
2019,8147,2019-11-08,Viernes,,18:35:00,,0.0,2,"Pickup/Utilitario,Moto/Ciclomotor",San Martin 6277,2,1,0,0,1,0,0,"-33.009625, -60.650688",Avenida,,ROSARIO,Rosario,Asfalto,No existe,II,Dentro,Urbana,Otra Señal,No existe,Recta,Bueno,Buena,Diurna,Buen Tiempo,De alcance,S/D,Colisión,Ninguna,Vertical,Ninguna,Sin restricción,"-33.009625, -60.650688",['San Martin 6277'],1,,-33.009625,-60.650688,55.0,538.0,Municipio Rosario,Municipio,Rosario,820210,Servicio de Catastro e Información Territorial,IGN
2019,8148,2019-11-23,Sabado,,10:50:00,,0.0,2,"Automóvil,Moto/Ciclomotor",Catamarca Y Pueyrredon,2,1,0,0,1,0,0,"-32.937166027347,-60.655891376792",Calle,,ROSARIO,Rosario,Asfalto,No existe,II,Dentro,Urbana,Ninguna,No existe,Intersección,Bueno,Buena,Diurna,Buen Tiempo,Lateral,S/D,Colisión,Ninguna,Faltante,Ninguna,Sin restricción,"-32.937166027347,-60.655891376792","['Catamarca', 'Pueyrredón']",2,,-32.937166027347,-60.655891376792,55.0,538.0,Municipio Rosario,Municipio,Rosario,820210,Servicio de Catastro e Información Territorial,IGN
2019,8149,2019-11-23,Sabado,,07:30:00,,0.0,2,"Moto/Ciclomotor,Moto/Ciclomotor",Laprida Y Saavedra,2,1,0,0,1,0,0,"-32.978621655164,-60.642174108291",Calle,,ROSARIO,Rosario,Asfalto,No existe,II,Dentro,Urbana,Ninguna,No existe,Intersección,Bueno,Buena,Diurna,Buen Tiempo,Lateral,S/D,Colisión,Ninguna,Faltante,Ninguna,Sin restricción,"-32.978621655164,-60.642174108291","['Laprida', 'Saavedra']",2,,-32.978621655164,-60.642174108291,55.0,538.0,Municipio Rosario,Municipio,Rosario,820210,Servicio de Catastro e Información Territorial,IGN
2019,8150,2019-11-23,Sabado,,17:40:00,,0.0,2,"Automóvil,Moto/Ciclomotor",Bv. Avellaneda Y Mendoza,3,2,0,0,1,0,0,"-32.944188062026,-60.680509536045",Avenida,,ROSARIO,Rosario,Asfalto,No existe,II,Dentro,Urbana,Señal Pare,Funciona,Intersección,Bueno,Buena,Diurna,Buen Tiempo,Lateral,S/D,Colisión,Ninguna,"Horizontal,Vertical","Cordón divisorio,Línea divisoria pintada",Sin restricción,"-32.944188062026,-60.680509536045","['Avellaneda', 'Mendoza']",2,,-32.944188062026,-60.680509536045,55.0,538.0,Municipio Rosario,Municipio,Rosario,820210,Servicio de Catastro e Información Territorial,IGN
2019,8151,2019-11-20,Miercoles,,16:00:00,,0.0,2,"Bicicleta,Moto/Ciclomotor",Buenos Aires Y Saavedra,2,1,0,0,1,0,0,"-32.97889940624,-60.640621312156",Calle,,ROSARIO,Rosario,Asfalto,No existe,II,Dentro,Urbana,Ninguna,No existe,Recta,Bueno,Buena,Diurna,Buen Tiempo,S/D,Ciclista,Atropello,Ninguna,Faltante,Ninguna,Sin restricción,"-32.97889940624,-60.640621312156","['Buenos Aires', 'Saavedra']",2,,-32.97889940624,-60.640621312156,55.0,538.0,Municipio Rosario,Municipio,Rosario,820210,Servicio de Catastro e Información Territorial,IGN
2019,8152,2019-11-24,Domingo,,22:05:00,,0.0,2,"Moto/Ciclomotor,Automóvil",Montevideo Y Ricchieri,2,1,0,0,1,0,0,"-32.951729509387,-60.665263072396",Calle,,ROSARIO,Rosario,Asfalto,No existe,II,Dentro,Urbana,Señal Pare,No existe,Intersección,Bueno,Buena,"Nocturna,Con luz artificial",Buen Tiempo,Lateral,S/D,Colisión,Ninguna,"Horizontal,Vertical",Ninguna,Sin restricción,"-32.951729509387,-60.665263072396","['Montevideo', 'Ricchieri']",2,,-32.951729509387,-60.665263072396,55.0,538.0,Municipio Rosario,Municipio,Rosario,820210,Servicio de Catastro e Información Territorial,IGN
2019,8153,2019-11-24,Domingo,,21:05:00,,0.0,2,"Moto/Ciclomotor,Automóvil",J.M.de Rosas Y Montevideo,2,1,0,0,1,0,0,"-32.957364087363,-60.63371287341",Calle,,ROSARIO,Rosario,Asfalto,No existe,II,Dentro,Urbana,Ninguna,No existe,Intersección,Bueno,Buena,Diurna,Buen Tiempo,Lateral,S/D,Colisión,Ninguna,Horizontal,Ninguna,Sin restricción,"-32.957364087363,-60.63371287341","['De Rosas', 'Montevideo']",2,,-32.957364087363,-60.63371287341,55.0,538.0,Municipio Rosario,Municipio,Rosario,820210,Servicio de Catastro e Información Territorial,IGN
2019,8154,2019-11-24,Domingo,,12:00:00,,0.0,2,"Bicicleta,Pickup/Utilitario",Rueda Y San Martin,2,1,0,0,1,0,0,"-32.971292714135,-60.642927605346",Calle,,ROSARIO,Rosario,Asfalto,No existe,II,Dentro,Urbana,Ninguna,No existe,Recta,Bueno,Buena,Diurna,Buen Tiempo,S/D,S/D,Caída ocupante,Ninguna,Faltante,Ninguna,Sin restricción,"-32.971292714135,-60.642927605346","['Rueda', 'San Martin']",2,,-32.971292714135,-60.642927605346,55.0,538.0,Municipio Rosario,Municipio,Rosario,820210,Servicio de Catastro e Información Territorial,IGN
2019,8155,2019-11-25,Lunes,,10:50:00,,0.0,2,"Pickup/Utilitario,Automóvil",España Y Rioja,2,1,0,0,1,0,0,"-32.946071864333,-60.646803381846",Calle,,ROSARIO,Rosario,Asfalto,No existe,II,Dentro,Urbana,Semáforo,Funciona,Intersección,Bueno,Buena,Diurna,Buen Tiempo,Lateral,S/D,Colisión,Ninguna,"Horizontal,Vertical",Ninguna,Sin restricción,"-32.946071864333,-60.646803381846","['España', 'Rioja']",2,,-32.946071864333,-60.646803381846,55.0,538.0,Municipio Rosario,Municipio,Rosario,820210,Servicio de Catastro e Información Territorial,IGN
2019,8156,2019-11-10,Domingo,,03:30:00,,0.0,2,"Moto/Ciclomotor,Automóvil",Laprida Y Olegario V.Andrade,2,1,0,0,1,0,0,"-32.995782338158,-60.646504347589",Calle,,ROSARIO,Rosario,Asfalto,No existe,II,Dentro,Urbana,Señal Pare,No existe,Intersección,Otro,Reducida,Nocturna,Otro,De alcance,S/D,Colisión,S/D,Vertical,Ninguna,S/D,"-32.995782338158,-60.646504347589","['Laprida', 'Olegario V Andrade']",2,,-32.995782338158,-60.646504347589,55.0,538.0,Municipio Rosario,Municipio,Rosario,820210,Servicio de Catastro e Información Territorial,IGN
2019,8157,2019-11-25,Lunes,,07:35:00,,0.0,2,"Automóvil,Peatón",Mitre Y San Lorenzo,2,1,0,0,1,0,0,"-32.94386583427,-60.638975077389",Calle,,ROSARIO,Rosario,Asfalto,No existe,II,Dentro,Urbana,Señal Pare,No existe,Intersección,Bueno,Buena,Diurna,Buen Tiempo,S/D,Peatón,Atropello,Ninguna,"Horizontal,Vertical",Línea divisoria pintada,Sin restricción,"-32.94386583427,-60.638975077389","['Mitre', 'San Lorenzo']",2,,-32.94386583427,-60.638975077389,55.0,538.0,Municipio Rosario,Municipio,Rosario,820210,Servicio de Catastro e Información Territorial,IGN
2019,8158,2019-11-26,Martes,,20:00:00,,0.0,2,"Moto/Ciclomotor,Automóvil",9 De Julio Y Lima,2,1,0,0,1,0,0,"-32.945748000021,-60.685067373771",Calle,,ROSARIO,Rosario,hormigón,No existe,II,Dentro,Urbana,Ninguna,No existe,Intersección,Bueno,Buena,Atardecer,Buen Tiempo,Lateral,S/D,Colisión,Ninguna,Faltante,Ninguna,Sin restricción,"-32.945748000021,-60.685067373771","['9 de Julio', 'Lima']",2,,-32.945748000021,-60.685067373771,55.0,538.0,Municipio Rosario,Municipio,Rosario,820210,Servicio de Catastro e Información Territorial,IGN
2019,8159,2019-11-20,Miercoles,,10:10:00,,0.0,2,"Automóvil,Moto/Ciclomotor",Cochabamba Y Mariano Moreno,2,1,0,0,1,0,0,"-32.956209953114,-60.653594417904",Calle,,ROSARIO,Rosario,Asfalto,No existe,II,Dentro,Urbana,Señal Pare,No existe,Intersección,Bueno,Buena,Diurna,S/D,S/D,S/D,Colisión,Ninguna,"Horizontal,Vertical",Ninguna,S/D,"-32.956209953114,-60.653594417904","['Cochabamba', 'Mariano Moreno']",2,,-32.956209953114,-60.653594417904,55.0,538.0,Municipio Rosario,Municipio,Rosario,820210,Servicio de Catastro e Información Territorial,IGN
2019,8160,2019-11-27,Miercoles,,13:45:00,,0.0,2,"Moto/Ciclomotor,Automóvil",Cochabamba Y Mariano Moreno,2,1,0,0,1,0,0,"-32.956209953114,-60.653594417904",Calle,,ROSARIO,Rosario,Asfalto,No existe,II,Dentro,Urbana,Paso Peatonal,No existe,Intersección,Bueno,Buena,Diurna,Buen Tiempo,Lateral,S/D,Colisión,Ninguna,"Horizontal,Vertical",Ninguna,Sin restricción,"-32.956209953114,-60.653594417904","['Cochabamba', 'Mariano Moreno']",2,,-32.956209953114,-60.653594417904,55.0,538.0,Municipio Rosario,Municipio,Rosario,820210,Servicio de Catastro e Información Territorial,IGN
2019,8161,2019-11-13,Miercoles,,12:30:00,,0.0,2,"Automóvil,Automóvil",Mariano Moreno Y Ocampo,2,1,0,0,1,0,0,"-32.96422548403,-60.65561389111",Calle,,ROSARIO,Rosario,Asfalto,No existe,II,Dentro,Urbana,Paso Peatonal,No existe,Intersección,Bueno,Buena,Diurna,Buen Tiempo,Lateral,S/D,Colisión,Ninguna,Horizontal,Ninguna,Sin restricción,"-32.96422548403,-60.65561389111","['Mariano Moreno', 'Ocampo']",2,,-32.96422548403,-60.65561389111,55.0,538.0,Municipio Rosario,Municipio,Rosario,820210,Servicio de Catastro e Información Territorial,IGN
2019,8162,2019-11-27,Miercoles,,14:20:00,,0.0,2,"Automóvil,Moto/Ciclomotor",Bv. 27 De Febrero Y Pueyrredon,3,2,0,0,1,0,0,"-32.964229565242,-60.662734099118",Avenida,,ROSARIO,Rosario,Asfalto,No existe,II,Dentro,Urbana,Paso Peatonal,No existe,Intersección,Bueno,Buena,Diurna,Buen Tiempo,Lateral,S/D,Colisión,Ninguna,"Horizontal,Vertical","Cordón divisorio,Línea divisoria pintada",Sin restricción,"-32.964229565242,-60.662734099118","['27 de Febrero', 'Pueyrredón']",2,,-32.964229565242,-60.662734099118,55.0,538.0,Municipio Rosario,Municipio,Rosario,820210,Servicio de Catastro e Información Territorial,IGN
2019,8163,2019-11-06,Miercoles,,18:00:00,,0.0,2,"Bicicleta,Automóvil",Bv. 27 De Febrero Y Laprida,2,1,0,0,1,0,0,"-32.968222900595,-60.639543583959",Calle,,ROSARIO,Rosario,Asfalto,No existe,II,Dentro,Urbana,Semáforo,Funciona,Intersección,Bueno,Buena,Diurna,Buen Tiempo,S/D,Ciclista,Atropello,Ninguna,"Horizontal,Vertical",Cordón divisorio,Sin restricción,"-32.968222900595,-60.639543583959","['27 de Febrero', 'Laprida']",2,,-32.968222900595,-60.639543583959,55.0,538.0,Municipio Rosario,Municipio,Rosario,820210,Servicio de Catastro e Información Territorial,IGN
2019,8164,2019-11-27,Miercoles,,00:20:00,,0.0,2,"Transporte de Pasajeros Urbano (> 8 asientos),Automóvil",Bv. 27 De Febrero Y Mitre,3,1,1,0,1,0,0,"-32.967274218101,-60.644848860277",Avenida,,ROSARIO,Rosario,Asfalto,No existe,II,Dentro,Urbana,Semáforo,Funciona,Intersección,Bueno,Buena,"Nocturna,Con luz artificial",Buen Tiempo,Lateral,S/D,Colisión,Ninguna,"Horizontal,Vertical","Cordón divisorio,Línea divisoria pintada",Sin restricción,"-32.967274218101,-60.644848860277","['27 de Febrero', 'Mitre']",2,,-32.967274218101,-60.644848860277,55.0,538.0,Municipio Rosario,Municipio,Rosario,820210,Servicio de Catastro e Información Territorial,IGN
2019,8165,2019-11-13,Miercoles,,14:10:00,,0.0,2,"Automóvil,Pickup/Utilitario",Callao Y Santa Fe,2,1,0,0,1,0,0,"-32.941150630003,-60.659731619681",Calle,,ROSARIO,Rosario,Asfalto,No existe,II,Dentro,Urbana,Semáforo,Funciona,Intersección,Bueno,Buena,Diurna,Buen Tiempo,De alcance,S/D,Colisión,S/D,"Horizontal,Vertical",Ninguna,Sin restricción,"-32.941150630003,-60.659731619681","['Callao', 'Santa Fe']",2,,-32.941150630003,-60.659731619681,55.0,538.0,Municipio Rosario,Municipio,Rosario,820210,Servicio de Catastro e Información Territorial,IGN
2019,8166,2019-11-28,Jueves,,11:50:00,,0.0,2,"Pickup/Utilitario,Automóvil",Av. Pellegrini Y Pte.Roca,2,1,0,0,1,0,0,"-32.955965932952,-60.647836172822",Avenida,,ROSARIO,Rosario,Asfalto,No existe,II,Dentro,Urbana,Semáforo,Funciona,Intersección,Bueno,Buena,Diurna,Buen Tiempo,Lateral,S/D,Colisión,Ninguna,"Horizontal,Vertical","Cordón divisorio,Línea divisoria pintada",Sin restricción,"-32.955965932952,-60.647836172822","['Pellegrini', 'Roca']",2,,-32.955965932952,-60.647836172822,55.0,538.0,Municipio Rosario,Municipio,Rosario,820210,Servicio de Catastro e Información Territorial,IGN
2019,8167,2019-11-28,Jueves,,01:30:00,,0.0,2,"Automóvil,Moto/Ciclomotor",Av. Belgrano Y Tucuman,2,1,0,0,1,0,0,"-32.942243463945,-60.634322833454",Avenida,,ROSARIO,Rosario,Asfalto,No existe,II,Dentro,Urbana,Semáforo,Funciona,Intersección,Bueno,Buena,Diurna,Buen Tiempo,Lateral,S/D,Colisión,Ninguna,"Horizontal,Vertical","Cordón divisorio,Vegetación,Línea divisoria pintada",Sin restricción,"-32.942243463945,-60.634322833454","['Belgrano', 'Tucumán']",2,,-32.942243463945,-60.634322833454,55.0,538.0,Municipio Rosario,Municipio,Rosario,820210,Servicio de Catastro e Información Territorial,IGN