anio_acci,nro_acci,fecha,desc_dia,fecha_aprox,hora_aprox,desc_ruta,km,cant_participantes,desc_participante,calle_avenida_km,total,heridos_leves,heridos_graves,heridos_gravisimos,ilesos,fallecidos,sin_datos,posicion_XY,desc_tipo_via,desc_ruta_ori,desc_loc,desc_dpto,desc_tipo_calzada,desc_tipo_banquina,desc_unidad_regional,desc_lugar_calzada,desc_zona,desc_prioridad,desc_estado_semaforo,desc_lugar_via,desc_estado_via,desc_estado_visibilidad,desc_luminosidad,desc_estado_clima,desc_tipo_colision,desc_tipo_atropello,desc_tipo_hecho,desc_pres_calzada,desc_senializacion,desc_separacion_via,desc_restriccion,forma_geocod,calle_lista,numero_calles,calles_osm,lat,lon,index_right,gid,fna,gna,nam,in1,fdc,sag
2019,8168,2019-11-21,Jueves,,12:30:00,,0.0,3,"Automóvil,Automóvil,Automóvil",Rioja Y Suipacha,3,1,0,0,2,0,0,"-32.942915969311,-60.66444927603",Calle,,ROSARIO,Rosario,Asfalto,No existe,II,Dentro,Urbana,Señal Pare,No existe,Intersección,Bueno,Buena,Diurna,Buen Tiempo,"De alcance,Múltiple",S/D,Colisión,Ninguna,Vertical,Ninguna,S/D,"-32.942915969311,-60.66444927603","['Rioja', 'Suipacha']",2,,-32.942915969311,-60.66444927603,55.0,538.0,Municipio Rosario,Municipio,Rosario,820210,Servicio de Catastro e Información Territorial,IGN
2019,8169,2019-11-28,Jueves,,13:20:00,,0.0,2,"Automóvil,Moto/Ciclomotor",Av. Francia Y Viamonte,2,1,0,0,1,0,0,"-32.960434726939,-60.670176021284",Avenida,,ROSARIO,Rosario,Asfalto,No existe,II,Dentro,Urbana,Ninguna,No existe,Intersección,Bueno,Buena,Diurna,Buen Tiempo,Lateral,S/D,Colisión,Ninguna,"Horizontal,Vertical","Cordón divisorio,Línea divisoria pintada",Sin restricción,"-32.960434726939,-60.670176021284","['Avenida Francia', 'Viamonte']",2,,-32.960434726939,-60.670176021284,55.0,538.0,Municipio Rosario,Municipio,Rosario,820210,Servicio de Catastro e Información Territorial,IGN
2019,8170,2019-11-28,Jueves,,09:15:00,,0.0,2,"Pickup/Utilitario,Moto/Ciclomotor",Gutenberg Y Pje. Angeloni,2,1,0,0,1,0,0,"-32.936936354149,-60.68710437948",Calle,,ROSARIO,Rosario,Asfalto,No existe,II,Dentro,Urbana,Ninguna,No existe,Intersección,Bueno,Buena,Diurna,Buen Tiempo,Lateral,S/D,Colisión,Ninguna,Faltante,Ninguna,Sin restricción,"-32.936936354149,-60.68710437948","['Gutenberg', 'Angeloni']",2,,-32.936936354149,-60.68710437948,55.0,538.0,Municipio Rosario,Municipio,Rosario,820210,Servicio de Catastro e Información Territorial,IGN
2019,8171,2019-11-22,Viernes,,07:30:00,,0.0,2,"Bicicleta,Moto/Ciclomotor",Bv. Avellaneda ,2,1,0,0,1,0,0,"-32.948749065399184,-60.68155109882",Avenida,,ROSARIO,Rosario,Asfalto,No existe,II,Dentro,Urbana,S/D,S/D,Recta,S/D,S/D,Diurna,Buen Tiempo,S/D,Ciclista,Atropello,S/D,S/D,Cordón divisorio,S/D,"-32.948749065399184,-60.68155109882",['Avellaneda'],1,,-32.948749065399184,-60.68155109882,55.0,538.0,Municipio Rosario,Municipio,Rosario,820210,Servicio de Catastro e Información Territorial,IGN
2019,8172,2019-11-28,Jueves,,09:35:00,,0.0,2,"Automóvil,Moto/Ciclomotor",Ricchieri Y San Juan,2,1,0,0,1,0,0,"-32.945742613272,-60.663748166534",Calle,,ROSARIO,Rosario,Asfalto,No existe,II,Dentro,Urbana,Paso Peatonal,No existe,Intersección,Bueno,Buena,Diurna,Buen Tiempo,Lateral,S/D,Colisión,Ninguna,Horizontal,Ninguna,Sin restricción,"-32.945742613272,-60.663748166534","['Ricchieri', 'San Juan']",2,,-32.945742613272,-60.663748166534,55.0,538.0,Municipio Rosario,Municipio,Rosario,820210,Servicio de Catastro e Información Territorial,IGN
2019,8174,2019-11-01,Viernes,,10:30:00,,0.0,2,"Moto/Ciclomotor,Taxi/Remis",Cordoba Y Paraguay,2,1,0,0,1,0,0,"-32.945426825416,-60.64372874226",Calle,,ROSARIO,Rosario,Asfalto,No existe,II,Dentro,Urbana,Semáforo,Funciona,Intersección,Bueno,Buena,Diurna,Buen Tiempo,Lateral,S/D,Colisión,Ninguna,"Horizontal,Vertical",Ninguna,Sin restricción,"-32.945426825416,-60.64372874226","['Córdoba', 'Paraguay']",2,,-32.945426825416,-60.64372874226,55.0,538.0,Municipio Rosario,Municipio,Rosario,820210,Servicio de Catastro e Información Territorial,IGN
2019,8182,2019-12-15,Domingo,,07:30:00,,0.0,2,"Taxi/Remis,Moto/Ciclomotor",Velez Sarsfield Y Albert Sabin,4,1,0,0,3,0,0,"-32.92508, -60.68223",Calle,,ROSARIO,Rosario,Asfalto,S/D,II,Dentro,Urbana,S/D,S/D,Intersección,Resbaladiza,S/D,S/D,Lluvia,Lateral,S/D,Colisión,Agua,S/D,S/D,Sin restricción,"-32.92508, -60.68223","['Vélez Sarsfield', 'Avenida Travesía Albert Sabin']",2,,-32.92508,-60.68223,55.0,538.0,Municipio Rosario,Municipio,Rosario,820210,Servicio de Catastro e Información Territorial,IGN
2019,8183,2019-12-16,Lunes,,12:15:00,,0.0,3,"Automóvil,Automóvil,Pickup/Utilitario",Alberdi Y Av. Genova,4,2,0,0,2,0,0,"-32.91518, -60.68579",Calle,,ROSARIO,Rosario,Asfalto,S/D,II,S/D,Urbana,S/D,No existe,Intersección,Bueno,Buena,Diurna,Buen Tiempo,Lateral,S/D,Colisión,Ninguna,Faltante,Ninguna,Sin restricción,"-32.91518, -60.68579","['Alberdi', 'Genova']",2,,-32.91518,-60.68579,55.0,538.0,Municipio Rosario,Municipio,Rosario,820210,Servicio de Catastro e Información Territorial,IGN
2019,8185,2019-12-16,Lunes,,10:40:00,,0.0,2,"Moto/Ciclomotor,Moto/Ciclomotor",Bv. Avellaneda Y Albert Sabin,2,1,0,0,0,0,1,"-32.92886,-60.67648",Avenida,,ROSARIO,Rosario,Asfalto,No existe,II,Dentro,Urbana,Ninguna,Funciona,Intersección,Bueno,Buena,Diurna,Buen Tiempo,De alcance,S/D,S/D,Ninguna,"Horizontal,Vertical",S/D,Sin restricción,"-32.92886,-60.67648","['Avellaneda', 'Avenida Travesía Albert Sabin']",2,,-32.92886,-60.67648,55.0,538.0,Municipio Rosario,Municipio,Rosario,820210,Servicio de Catastro e Información Territorial,IGN
2019,8186,2019-12-16,Lunes,,20:35:00,,0.0,2,"Moto/Ciclomotor,Automóvil",Casilda Y Diaz Velez,4,2,0,0,2,0,0,"-32.92833, -60.68456",Calle,,ROSARIO,Rosario,Asfalto,S/D,II,Dentro,Urbana,S/D,S/D,Intersección,Bueno,S/D,S/D,Buen Tiempo,Frontal,S/D,Colisión,Ninguna,S/D,Ninguna,Sin restricción,"-32.92833, -60.68456","['Casilda', 'Díaz Vélez']",2,,-32.92833,-60.68456,55.0,538.0,Municipio Rosario,Municipio,Rosario,820210,Servicio de Catastro e Información Territorial,IGN
2019,8188,2019-12-11,Miercoles,,15:15:00,,0.0,2,"Bicicleta,Pickup/Utilitario",Bv. Rondeau Y Gallo,2,1,0,0,1,0,0,"-32.89068, -60.69377",Avenida,,ROSARIO,Rosario,Asfalto,S/D,II,S/D,Urbana,S/D,S/D,Intersección,Bueno,S/D,S/D,S/D,S/D,Ciclista,Atropello,S/D,S/D,S/D,S/D,"-32.89068, -60.69377","['Rondeau', 'Gallo']",2,,-32.89068,-60.69377,55.0,538.0,Municipio Rosario,Municipio,Rosario,820210,Servicio de Catastro e Información Territorial,IGN
2019,8189,2019-12-05,Jueves,,20:00:00,,0.0,2,"Moto/Ciclomotor,Automóvil",Matheu Y L.del Desierto,3,1,0,0,2,0,0,"-32.88902, -60.72406",Calle,,ROSARIO,Rosario,Asfalto,No existe,II,Fuera,Urbana,Ninguna,No existe,Recta,Bueno,Buena,Nocturna,Buen Tiempo,Lateral,S/D,Colisión,Ninguna,Faltante,Ninguna,Sin restricción,"-32.88902, -60.72406","['Matheu', 'Lago del Desierto']",2,,-32.88902,-60.72406,55.0,538.0,Municipio Rosario,Municipio,Rosario,820210,Servicio de Catastro e Información Territorial,IGN
2019,8190,2019-10-23,Miercoles,,05:05:00,,0.0,2,"Automóvil,Automóvil",Av. Ovidio Lagos Y Av. Uriburu,4,4,0,0,0,0,0,"    -32.99156, -60.67337",Avenida,,ROSARIO,Rosario,Asfalto,No existe,II,Dentro,Urbana,Semáforo,Funciona,Intersección,S/D,S/D,Amanecer,S/D,S/D,S/D,Colisión,S/D,S/D,Cordón divisorio,Sin restricción,"    -32.99156, -60.67337","['Avenida Ovidio Lagos', 'Uriburu']",2,,-32.99156,-60.67337,55.0,538.0,Municipio Rosario,Municipio,Rosario,820210,Servicio de Catastro e Información Territorial,IGN
2019,8191,2019-09-30,Lunes,,19:45:00,,0.0,2,"Automóvil,Moto/Ciclomotor",Formosa Y Pje. Bogado,3,2,0,0,1,0,0,"-32.92588, -60.6913",S/D,,ROSARIO,Rosario,S/D,S/D,II,S/D,S/D,S/D,S/D,S/D,S/D,S/D,S/D,S/D,S/D,S/D,S/D,S/D,S/D,S/D,S/D,"-32.92588, -60.6913","['Formosa', 'Bogado']",2,,-32.92588,-60.6913,55.0,538.0,Municipio Rosario,Municipio,Rosario,820210,Servicio de Catastro e Información Territorial,IGN
2019,8192,2019-12-08,Domingo,,09:30:00,,0.0,2,"Moto/Ciclomotor,Automóvil",Grandoli Y Nicolas Laguna,2,1,0,0,1,0,0,"-32.88689, -60.72416",Calle,,ROSARIO,Rosario,Asfalto,No existe,II,Fuera,Urbana,Ninguna,No existe,Intersección,Con baches,Buena,Diurna,Buen Tiempo,Lateral,S/D,Colisión,Ninguna,Faltante,Ninguna,Sin restricción,"-32.88689, -60.72416","['Avenida Abanderado Grandoli', 'Laguna']",2,,-32.88689,-60.72416,55.0,538.0,Municipio Rosario,Municipio,Rosario,820210,Servicio de Catastro e Información Territorial,IGN
2019,8193,2019-12-09,Lunes,,06:15:00,,0.0,2,"Automóvil,Moto/Ciclomotor",Av. Casiano Casas 1800,2,1,0,0,1,0,0,"-32.89882, -60.71362",Calle,,ROSARIO,Rosario,Asfalto,No existe,II,Dentro,Urbana,Ninguna,No existe,Recta,Bueno,Buena,Diurna,Buen Tiempo,Frontal,S/D,Colisión,Ninguna,Faltante,Ninguna,Sin restricción,"-32.89882, -60.71362",['Casiano Casas 1800'],1,,-32.89882,-60.71362,55.0,538.0,Municipio Rosario,Municipio,Rosario,820210,Servicio de Catastro e Información Territorial,IGN
2019,8194,2019-10-24,Jueves,,13:10:00,,0.0,2,"Automóvil,Moto/Ciclomotor",Dr.Rivas Y Velez Sarsfield,2,1,0,0,1,0,0,"    -32.97562, -60.70052",Calle,,ROSARIO,Rosario,Asfalto,No existe,II,Dentro,Urbana,S/D,No existe,Intersección,S/D,S/D,Diurna,S/D,S/D,S/D,Colisión,S/D,S/D,S/D,Sin restricción,"    -32.97562, -60.70052","['Doctor Francisco Riva', 'Vélez Sarsfield']",2,,-32.97562,-60.70052,55.0,538.0,Municipio Rosario,Municipio,Rosario,820210,Servicio de Catastro e Información Territorial,IGN
2019,8195,2019-10-02,Miercoles,,05:30:00,,0.0,2,"Transporte de Pasajeros Urbano (> 8 asientos),Automóvil",Av. Genova Y Alberdi,3,1,0,0,2,0,0,"-32.91515, -60.68566",S/D,,ROSARIO,Rosario,S/D,S/D,II,S/D,S/D,S/D,S/D,S/D,S/D,S/D,S/D,S/D,S/D,S/D,S/D,S/D,S/D,S/D,S/D,"-32.91515, -60.68566","['Genova', 'Alberdi']",2,,-32.91515,-60.68566,55.0,538.0,Municipio Rosario,Municipio,Rosario,820210,Servicio de Catastro e Información Territorial,IGN
2019,8196,2019-12-13,Viernes,,23:00:00,,0.0,2,"Moto/Ciclomotor,Moto/Ciclomotor",Calle 1344 Y Union,4,1,0,0,2,0,1,"-32.88916,-60.70453",Calle,,ROSARIO,Rosario,Asfalto,No existe,II,S/D,Urbana,Ninguna,S/D,Intersección,Bueno,Buena,Nocturna,Buen Tiempo,Lateral,S/D,Colisión,Ninguna,Faltante,Ninguna,Sin restricción,"-32.88916,-60.70453","['Coliqueo', 'Unión']",2,,-32.88916,-60.70453,55.0,538.0,Municipio Rosario,Municipio,Rosario,820210,Servicio de Catastro e Información Territorial,IGN
2019,8197,2019-10-26,Sabado,,09:30:00,,0.0,2,"Moto/Ciclomotor,Automóvil",Bv. Segui Y Rodriguez,3,2,0,0,1,0,0,"    -32.97548, -60.66695",Calle,,ROSARIO,Rosario,Asfalto,No existe,II,Dentro,Urbana,S/D,S/D,Intersección,S/D,S/D,Diurna,S/D,S/D,S/D,Colisión,S/D,S/D,Cordón divisorio,Sin restricción,"    -32.97548, -60.66695","['Bulevar Juan Francisco Seguí', 'Rodríguez']",2,,-32.97548,-60.66695,55.0,538.0,Municipio Rosario,Municipio,Rosario,820210,Servicio de Catastro e Información Territorial,IGN
2019,8198,2019-12-13,Viernes,,20:30:00,,0.0,2,"Moto/Ciclomotor,Peatón",Bv. Rondeau Y Herrera,2,1,1,0,0,0,0,"-32.89547, -60.69198",Avenida,,ROSARIO,Rosario,Asfalto,No existe,II,S/D,Urbana,Semáforo,Funciona,Intersección,Bueno,Buena,Atardecer,Buen Tiempo,S/D,Peatón,Atropello,Ninguna,Horizontal,Cordón divisorio,Sin restricción,"-32.89547, -60.69198","['Rondeau', 'Herrera']",2,,-32.89547,-60.69198,55.0,538.0,Municipio Rosario,Municipio,Rosario,820210,Servicio de Catastro e Información Territorial,IGN
2019,8200,2019-10-28,Lunes,,07:40:00,,0.0,2,"Automóvil,Moto/Ciclomotor",Bv. Segui Y Bv. Avellaneda,2,1,0,0,1,0,0,"    -32.97175, -60.68732",Avenida,,ROSARIO,Rosario,Asfalto,No existe,II,Dentro,Urbana,Semáforo,S/D,Intersección,S/D,S/D,Diurna,S/D,S/D,S/D,Colisión,S/D,S/D,Cordón divisorio,Sin restricción,"    -32.97175, -60.68732","['Bulevar Juan Francisco Seguí', 'Avellaneda']",2,,-32.97175,-60.68732,55.0,538.0,Municipio Rosario,Municipio,Rosario,820210,Servicio de Catastro e Información Territorial,IGN
2019,8201,2019-12-13,Viernes,,11:00:00,,0.0,2,"Pickup/Utilitario,Moto/Ciclomotor",Baigorria Y J.J.Perez,2,2,0,0,0,0,0,"-32.89464,-60.72957",Calle,,ROSARIO,Rosario,Asfalto,No existe,II,S/D,Urbana,Ninguna,No existe,Intersección,Bueno,Buena,Diurna,Buen Tiempo,Frontal,S/D,Colisión,Ninguna,Faltante,Ninguna,Sin restricción,"-32.89464,-60.72957","['Baigorria', 'Pérez']",2,,-32.89464,-60.72957,55.0,538.0,Municipio Rosario,Municipio,Rosario,820210,Servicio de Catastro e Información Territorial,IGN
2019,8203,2019-10-31,Jueves,,10:45:00,,0.0,2,"Moto/Ciclomotor,Automóvil",Av. Ntra.Sra.del Rosario ,2,1,0,0,1,0,0,"    -32.99997, -60.65148",Avenida,,ROSARIO,Rosario,Asfalto,No existe,II,Dentro,Urbana,S/D,No existe,Intersección,S/D,S/D,Diurna,S/D,S/D,S/D,Colisión,S/D,S/D,S/D,Sin restricción,"    -32.99997, -60.65148",['Nuestra Señora del Rosario'],1,,-32.99997,-60.65148,55.0,538.0,Municipio Rosario,Municipio,Rosario,820210,Servicio de Catastro e Información Territorial,IGN
2019,8204,2019-12-16,Lunes,,15:00:00,,0.0,2,"Pickup/Utilitario,Automóvil",Dorrego Y Montevideo,2,1,0,0,1,0,0,"-32.95411, -60.65165",Calle,,ROSARIO,Rosario,Asfalto,No existe,II,Dentro,Urbana,Señal Pare,No existe,Intersección,Bueno,Buena,Diurna,Buen Tiempo,De alcance,S/D,Colisión,Ninguna,Vertical,Ninguna,Sin restricción,"-32.95411, -60.65165","['Dorrego', 'Montevideo']",2,,-32.95411,-60.65165,55.0,538.0,Municipio Rosario,Municipio,Rosario,820210,Servicio de Catastro e Información Territorial,IGN
2019,8206,2019-12-13,Viernes,,13:15:00,,0.0,2,"Moto/Ciclomotor,Pickup/Utilitario",Montevideo Y España,2,1,0,0,1,0,0,"-32.95468, -60.64893",Calle,,ROSARIO,Rosario,Asfalto,No existe,II,Dentro,Urbana,Semáforo,Funciona,Intersección,Bueno,Buena,Diurna,Buen Tiempo,Lateral,S/D,Colisión,Ninguna,S/D,Ninguna,Sin restricción,"-32.95468, -60.64893","['Montevideo', 'España']",2,,-32.95468,-60.64893,55.0,538.0,Municipio Rosario,Municipio,Rosario,820210,Servicio de Catastro e Información Territorial,IGN
2019,8207,2019-12-14,Sabado,,10:50:00,,0.0,2,"Moto/Ciclomotor,Transporte de Pasajeros Urbano (> 8 asientos)",San Lorenzo Y Av. Corrientes,3,2,0,0,1,0,0,"-32.94338, -60.64177",Calle,,ROSARIO,Rosario,hormigón,No existe,II,Dentro,Urbana,Semáforo,Funciona,Recta,Bueno,Buena,Diurna,Buen Tiempo,De alcance,S/D,Colisión,S/D,Vertical,Ninguna,Sin restricción,"-32.94338, -60.64177","['San Lorenzo', 'Corrientes']",2,,-32.94338,-60.64177,55.0,538.0,Municipio Rosario,Municipio,Rosario,820210,Servicio de Catastro e Información Territorial,IGN
2019,8208,2019-12-14,Sabado,,11:00:00,,0.0,2,"Pickup/Utilitario,Peatón",Italia Y Montevideo,2,1,0,0,1,0,0,"-32.9544, -60.6503",Calle,,ROSARIO,Rosario,Asfalto,No existe,II,Dentro,Urbana,Ninguna,No existe,Intersección,Bueno,S/D,Diurna,Buen Tiempo,S/D,Peatón,Atropello,Ninguna,Vertical,Ninguna,Sin restricción,"-32.9544, -60.6503","['Italia', 'Montevideo']",2,,-32.9544,-60.6503,55.0,538.0,Municipio Rosario,Municipio,Rosario,820210,Servicio de Catastro e Información Territorial,IGN
2019,8211,2019-04-16,Martes,,01:35:00,,0.0,1,Moto/Ciclomotor,Darragueira Y Castagnino,1,0,0,0,0,1,0,"-32.89781,-60.69407",Calle,,ROSARIO,Rosario,Asfalto,No existe,II,Dentro,Urbana,Ninguna,No existe,Intersección,Bueno,S/D,Nocturna,S/D,S/D,S/D,Caída ocupante,Ninguna,Faltante,Ninguna,Sin restricción,"-32.89781,-60.69407","['José Darragueira', 'Castagnino']",2,,-32.89781,-60.69407,55.0,538.0,Municipio Rosario,Municipio,Rosario,820210,Servicio de Catastro e Información Territorial,IGN
2019,8213,2019-11-01,Viernes,,08:00:00,,0.0,2,"Automóvil,Moto/Ciclomotor",Pascual Rosas Y San Juan,3,2,0,0,1,0,0,"-32.941592513295,-60.68685990638",Calle,,ROSARIO,Rosario,Asfalto,No existe,II,Dentro,Urbana,Semáforo,Funciona,Intersección,Bueno,Buena,Diurna,Buen Tiempo,Lateral,S/D,Colisión,Ninguna,Vertical,Ninguna,Sin restricción,"-32.941592513295,-60.68685990638","['Pascual Rosas', 'San Juan']",2,,-32.941592513295,-60.68685990638,55.0,538.0,Municipio Rosario,Municipio,Rosario,820210,Servicio de Catastro e Información Territorial,IGN
2019,8214,2019-11-12,Martes,,17:45:00,,0.0,1,Transporte de Pasajeros Urbano (> 8 asientos),Av. Pellegrini Y Lavalle,2,1,0,0,1,0,0,"-32.950263215487,-60.680517048829",Calle,,ROSARIO,Rosario,Asfalto,No existe,II,Dentro,Urbana,Semáforo,Funciona,Intersección,Bueno,Buena,Diurna,Buen Tiempo,S/D,S/D,Caída ocupante,Ninguna,"Horizontal,Vertical","Cordón divisorio,Vegetación,Línea divisoria pintada",Sin restricción,"-32.950263215487,-60.680517048829","['Pellegrini', 'Lavalle']",2,,-32.950263215487,-60.680517048829,55.0,538.0,Municipio Rosario,Municipio,Rosario,820210,Servicio de Catastro e Información Territorial,IGN
2019,8216,2019-11-12,Martes,,16:30:00,,0.0,2,"Moto/Ciclomotor,Automóvil",San Luis Y San Nicolas,3,2,0,0,1,0,0,"-32.942913719841,-60.672973257497",Calle,,ROSARIO,Rosario,Asfalto,No existe,II,Dentro,Urbana,Señal Pare,No existe,Intersección,Bueno,Buena,Diurna,Buen Tiempo,Lateral,S/D,Colisión,Ninguna,Vertical,Ninguna,Sin restricción,"-32.942913719841,-60.672973257497","['San Luis', 'San Nicolás']",2,,-32.942913719841,-60.672973257497,55.0,538.0,Municipio Rosario,Municipio,Rosario,820210,Servicio de Catastro e Información Territorial,IGN
2019,8217,2019-11-12,Martes,,21:15:00,,0.0,2,"Moto/Ciclomotor,Automóvil",L.N.Alem Y La Paz,2,1,0,0,1,0,0,"-32.965921307441,-60.632766919179",Calle,,ROSARIO,Rosario,Asfalto,No existe,II,Dentro,Urbana,Señal Pare,No existe,Intersección,Bueno,Buena,Nocturna,Buen Tiempo,Lateral,S/D,Colisión,Ninguna,"Horizontal,Vertical",Línea divisoria pintada,Sin restricción,"-32.965921307441,-60.632766919179","['Alem', 'La Paz']",2,,-32.965921307441,-60.632766919179,55.0,538.0,Municipio Rosario,Municipio,Rosario,820210,Servicio de Catastro e Información Territorial,IGN
2019,8218,2019-11-12,Martes,,13:15:00,,0.0,2,"Transporte de Pasajeros Urbano (> 8 asientos),Taxi/Remis",San Luis Y Sarmiento,2,1,0,0,1,0,0,"-32.949021130318,-60.638842769151",Calle,,ROSARIO,Rosario,Asfalto,No existe,II,Dentro,Urbana,S/D,No existe,Intersección,Bueno,Buena,Diurna,Buen Tiempo,S/D,S/D,Colisión,Ninguna,Horizontal,Línea divisoria pintada,Sin restricción,"-32.949021130318,-60.638842769151","['San Luis', 'Sarmiento']",2,,-32.949021130318,-60.638842769151,55.0,538.0,Municipio Rosario,Municipio,Rosario,820210,Servicio de Catastro e Información Territorial,IGN
2019,8219,2019-11-13,Miercoles,,16:20:00,,0.0,2,"Automóvil,Moto/Ciclomotor",3 De Febrero Y San Nicolas,2,1,0,0,1,0,0,"-32.946659539356,-60.673916384658",Calle,,ROSARIO,Rosario,Asfalto,No existe,II,Dentro,Urbana,Señal Pare,No existe,Intersección,Deteriorada,Buena,Diurna,Buen Tiempo,Lateral,S/D,Colisión,Ninguna,"Horizontal,Vertical",Ninguna,Sin restricción,"-32.946659539356,-60.673916384658","['3 de Febrero', 'San Nicolás']",2,,-32.946659539356,-60.673916384658,55.0,538.0,Municipio Rosario,Municipio,Rosario,820210,Servicio de Catastro e Información Territorial,IGN
2019,8221,2019-11-13,Miercoles,,11:35:00,,0.0,2,"Taxi/Remis,Camión Chasis",L.N.Alem Y Riobamba,2,1,0,0,1,0,0,"-32.964774042171,-60.632480857705",Calle,,ROSARIO,Rosario,Asfalto,No existe,II,Dentro,Urbana,Señal Pare,No existe,Recta,Bueno,Buena,Diurna,Buen Tiempo,De alcance,S/D,Colisión,Ninguna,"Horizontal,Vertical",Línea divisoria pintada,Sin restricción,"-32.964774042171,-60.632480857705","['Alem', 'Riobamba']",2,,-32.964774042171,-60.632480857705,55.0,538.0,Municipio Rosario,Municipio,Rosario,820210,Servicio de Catastro e Información Territorial,IGN
2019,8222,2019-11-14,Jueves,,08:45:00,,0.0,2,"Automóvil,Moto/Ciclomotor",Montevideo Y Valparaiso,2,1,0,0,1,0,0,"-32.948304491534,-60.684290389195",Calle,,ROSARIO,Rosario,hormigón,No existe,II,Dentro,Urbana,Ninguna,No existe,Intersección,Deteriorada,Buena,Diurna,Buen Tiempo,Lateral,S/D,Colisión,Ninguna,Faltante,Ninguna,Sin restricción,"-32.948304491534,-60.684290389195","['Montevideo', 'Valparaíso']",2,,-32.948304491534,-60.684290389195,55.0,538.0,Municipio Rosario,Municipio,Rosario,820210,Servicio de Catastro e Información Territorial,IGN
2019,8224,2019-11-14,Jueves,,15:35:00,,0.0,2,"Moto/Ciclomotor,Pickup/Utilitario",Castellanos Y Santa Fe,2,1,0,0,1,0,0,"-32.938463954207,-60.674692426228",Calle,,ROSARIO,Rosario,Asfalto,No existe,II,Dentro,Urbana,Semáforo,Funciona,Intersección,Bueno,Buena,Diurna,Buen Tiempo,Lateral,S/D,Colisión,Ninguna,Vertical,Ninguna,Sin restricción,"-32.938463954207,-60.674692426228","['Aaron Castellanos', 'Santa Fe']",2,,-32.938463954207,-60.674692426228,55.0,538.0,Municipio Rosario,Municipio,Rosario,820210,Servicio de Catastro e Información Territorial,IGN
2019,8226,2019-11-14,Jueves,,14:00:00,,0.0,1,Transporte de Pasajeros Urbano (> 8 asientos),San Lorenzo Y San Martin,2,1,0,0,1,0,0,"-32.944769367178,-60.636240804135",Calle,,ROSARIO,Rosario,Asfalto,No existe,II,Dentro,Urbana,Señal Pare,No existe,Recta,Bueno,Buena,Diurna,Buen Tiempo,S/D,S/D,Caída ocupante,Ninguna,"Horizontal,Vertical",Línea divisoria pintada,Sin restricción,"-32.944769367178,-60.636240804135","['San Lorenzo', 'San Martin']",2,,-32.944769367178,-60.636240804135,55.0,538.0,Municipio Rosario,Municipio,Rosario,820210,Servicio de Catastro e Información Territorial,IGN
2019,8228,2019-11-15,Viernes,,11:30:00,,0.0,2,"Pickup/Utilitario,Moto/Ciclomotor",Pascual Rosas Y Rioja,3,1,0,0,2,0,0,"-32.949060241076,-60.631540136246",Calle,,ROSARIO,Rosario,Asfalto,No existe,II,Dentro,Urbana,Paso Peatonal,No existe,Intersección,Bueno,Buena,Diurna,Buen Tiempo,Lateral,S/D,Colisión,Ninguna,Horizontal,Ninguna,Sin restricción,"-32.949060241076,-60.631540136246","['Pascual Rosas', 'Rioja']",2,,-32.949060241076,-60.631540136246,55.0,538.0,Municipio Rosario,Municipio,Rosario,820210,Servicio de Catastro e Información Territorial,IGN
2019,8229,2019-11-14,Jueves,,23:40:00,,0.0,2,"Transporte de Pasajeros Urbano (> 8 asientos),Moto/Ciclomotor",Esmeralda Y La Paz,2,1,0,0,1,0,0,"-32.9671463594,-60.625901667016",Calle,,ROSARIO,Rosario,hormigón,No existe,II,Dentro,Urbana,Señal Pare,No existe,Intersección,Bueno,Buena,"Nocturna,Con luz artificial",Buen Tiempo,Lateral,S/D,Colisión,Ninguna,Vertical,Ninguna,Sin restricción,"-32.9671463594,-60.625901667016","['Esmeralda', 'La Paz']",2,,-32.9671463594,-60.625901667016,55.0,538.0,Municipio Rosario,Municipio,Rosario,820210,Servicio de Catastro e Información Territorial,IGN
2019,8230,2019-11-16,Sabado,,01:45:00,,0.0,2,"Taxi/Remis,Bicicleta",Sarmiento Y Tucuman,2,1,0,0,1,0,0,"-32.941842347707,-60.637063325359",Calle,,ROSARIO,Rosario,Asfalto,No existe,II,Dentro,Urbana,Señal Pare,No existe,Recta,Bueno,Buena,"Nocturna,Con luz artificial",Buen Tiempo,S/D,Ciclista,Atropello,Ninguna,"Horizontal,Vertical",Ninguna,Sin restricción,"-32.941842347707,-60.637063325359","['Sarmiento', 'Tucumán']",2,,-32.941842347707,-60.637063325359,55.0,538.0,Municipio Rosario,Municipio,Rosario,820210,Servicio de Catastro e Información Territorial,IGN