anio_acci,nro_acci,fecha,desc_dia,fecha_aprox,hora_aprox,desc_ruta,km,cant_participantes,desc_participante,calle_avenida_km,total,heridos_leves,heridos_graves,heridos_gravisimos,ilesos,fallecidos,sin_datos,posicion_XY,desc_tipo_via,desc_ruta_ori,desc_loc,desc_dpto,desc_tipo_calzada,desc_tipo_banquina,desc_unidad_regional,desc_lugar_calzada,desc_zona,desc_prioridad,desc_estado_semaforo,desc_lugar_via,desc_estado_via,desc_estado_visibilidad,desc_luminosidad,desc_estado_clima,desc_tipo_colision,desc_tipo_atropello,desc_tipo_hecho,desc_pres_calzada,desc_senializacion,desc_separacion_via,desc_restriccion,forma_geocod,calle_lista,numero_calles,calles_osm,lat,lon,index_right,gid,fna,gna,nam,in1,fdc,sag
2019,8231,2019-11-02,Sabado,,12:30:00,,0.0,1,Transporte de Pasajeros Urbano (> 8 asientos),3 De Febrero Y J.M.de Rosas,2,1,0,0,1,0,0,"-32.944210799693,-60.687522936956",Calle,,ROSARIO,Rosario,Asfalto,No existe,II,Dentro,Urbana,Ninguna,No existe,Intersección,Bueno,Buena,Diurna,Buen Tiempo,S/D,S/D,Caída ocupante,Ninguna,Faltante,Ninguna,Sin restricción,"-32.944210799693,-60.687522936956","['3 de Febrero', 'De Rosas']",2,,-32.944210799693,-60.687522936956,55.0,538.0,Municipio Rosario,Municipio,Rosario,820210,Servicio de Catastro e Información Territorial,IGN
2019,8233,2019-11-19,Martes,,15:45:00,,0.0,3,"Bicicleta,Automóvil,Automóvil",Rodriguez 1128,3,1,0,0,2,0,0,"-32.946892712823,-60.65976990048",Calle,,ROSARIO,Rosario,Asfalto,No existe,II,Dentro,Urbana,S/D,No existe,Intersección,Bueno,Buena,Diurna,Buen Tiempo,Múltiple,Ciclista,Atropello,Ninguna,Faltante,Ninguna,Sin restricción,"-32.946892712823,-60.65976990048",['Rodriguez 1128'],1,,-32.946892712823,-60.65976990048,55.0,538.0,Municipio Rosario,Municipio,Rosario,820210,Servicio de Catastro e Información Territorial,IGN
2019,8236,2019-11-19,Martes,,15:20:00,,0.0,2,"Automóvil,Moto/Ciclomotor",Pte.Roca Y Viamonte,2,1,0,0,1,0,0,"-32.964057557385,-60.649875572552",Calle,,ROSARIO,Rosario,Asfalto,No existe,II,Dentro,Urbana,Ninguna,No existe,Intersección,Bueno,Buena,Diurna,Buen Tiempo,Lateral,S/D,Colisión,Ninguna,Faltante,Ninguna,Sin restricción,"-32.964057557385,-60.649875572552","['Roca', 'Viamonte']",2,,-32.964057557385,-60.649875572552,55.0,538.0,Municipio Rosario,Municipio,Rosario,820210,Servicio de Catastro e Información Territorial,IGN
2019,8238,2019-11-19,Martes,,11:10:00,,0.0,2,"Taxi/Remis,Moto/Ciclomotor",Alvear Y Jujuy,2,1,0,0,1,0,0,"-32.935302226171,-60.652580066007",Calle,,ROSARIO,Rosario,Asfalto,No existe,II,Dentro,Urbana,Ninguna,No existe,Intersección,Bueno,Buena,Diurna,Buen Tiempo,Lateral,S/D,Colisión,Ninguna,Faltante,Ninguna,Sin restricción,"-32.935302226171,-60.652580066007","['Alvear', 'Jujuy']",2,,-32.935302226171,-60.652580066007,55.0,538.0,Municipio Rosario,Municipio,Rosario,820210,Servicio de Catastro e Información Territorial,IGN
2019,8239,2019-11-05,Martes,,19:10:00,,0.0,2,"Automóvil,Moto/Ciclomotor",Av. Corrientes Y Virasoro,2,1,0,0,1,0,0,"-32.969140910952,-60.648264671851",Avenida,,ROSARIO,Rosario,Asfalto,No existe,II,Dentro,Urbana,Señal Pare,No existe,Intersección,Bueno,Buena,Atardecer,Buen Tiempo,Lateral,S/D,Colisión,Ninguna,Vertical,Ninguna,Sin restricción,"-32.969140910952,-60.648264671851","['Corrientes', 'Virasoro']",2,,-32.969140910952,-60.648264671851,55.0,538.0,Municipio Rosario,Municipio,Rosario,820210,Servicio de Catastro e Información Territorial,IGN
2019,8241,2019-11-20,Miercoles,,14:30:00,,0.0,2,"Taxi/Remis,Moto/Ciclomotor",Montevideo Y Necochea,2,1,0,0,1,0,0,"-32.958624002562,-60.626629929096",Calle,,ROSARIO,Rosario,Asfalto,No existe,II,Dentro,Urbana,Señal Pare,No existe,Intersección,Bueno,Buena,Diurna,Buen Tiempo,Lateral,S/D,Colisión,Ninguna,"Horizontal,Vertical",Ninguna,Sin restricción,"-32.958624002562,-60.626629929096","['Montevideo', 'Necochea']",2,,-32.958624002562,-60.626629929096,55.0,538.0,Municipio Rosario,Municipio,Rosario,820210,Servicio de Catastro e Información Territorial,IGN
2019,8243,2019-11-19,Martes,,10:00:00,,0.0,2,"Moto/Ciclomotor,Ambulancia",Mendoza Y Santiago,2,0,1,0,1,0,0,"-32.948359508472,-60.657299870086",Calle,,ROSARIO,Rosario,Asfalto,No existe,II,Dentro,Urbana,Semáforo,Funciona,Intersección,Bueno,Buena,Diurna,Buen Tiempo,Lateral,S/D,Colisión,Ninguna,"Horizontal,Vertical",Línea divisoria pintada,Sin restricción,"-32.948359508472,-60.657299870086","['Mendoza', 'Santiago']",2,,-32.948359508472,-60.657299870086,55.0,538.0,Municipio Rosario,Municipio,Rosario,820210,Servicio de Catastro e Información Territorial,IGN
2019,8255,2019-12-13,Viernes,,07:45:00,,0.0,1,Transporte de Pasajeros Urbano (> 8 asientos),España Y San Luis,2,1,0,0,1,0,0,"-32.94754, -60.64716",Calle,,ROSARIO,Rosario,Asfalto,No existe,II,Dentro,Urbana,Semáforo,Funciona,Intersección,Bueno,Buena,Diurna,Buen Tiempo,S/D,S/D,Caída ocupante,Ninguna,Vertical,Ninguna,Sin restricción,"-32.94754, -60.64716","['España', 'San Luis']",2,,-32.94754,-60.64716,55.0,538.0,Municipio Rosario,Municipio,Rosario,820210,Servicio de Catastro e Información Territorial,IGN
2019,8256,2019-12-13,Viernes,,10:45:00,,0.0,2,"Bicicleta,Peatón",Entre Rios ,2,2,0,0,0,0,0,"-32.97437, -60.6481",Calle,,ROSARIO,Rosario,S/D,S/D,II,S/D,Urbana,S/D,S/D,S/D,S/D,S/D,Diurna,S/D,S/D,Peatón,Atropello,S/D,S/D,S/D,S/D,"-32.97437, -60.6481",['Entre Ríos'],1,,-32.97437,-60.6481,55.0,538.0,Municipio Rosario,Municipio,Rosario,820210,Servicio de Catastro e Información Territorial,IGN
2019,8259,2019-12-14,Sabado,,19:40:00,,0.0,2,"Moto/Ciclomotor,Pickup/Utilitario",España Y Ituzaingo,3,1,0,0,2,0,0,"-32.95924, -60.65009",Calle,,ROSARIO,Rosario,hormigón,No existe,II,Dentro,Urbana,Señal Pare,S/D,Intersección,Bueno,S/D,Diurna,Buen Tiempo,Lateral,S/D,Colisión,S/D,Vertical,Ninguna,S/D,"-32.95924, -60.65009","['España', 'Ituzaingó']",2,,-32.95924,-60.65009,55.0,538.0,Municipio Rosario,Municipio,Rosario,820210,Servicio de Catastro e Información Territorial,IGN
2019,8262,2019-12-14,Sabado,,03:20:00,,0.0,2,"Moto/Ciclomotor,Automóvil",Tucuman Y Crespo,2,1,0,0,0,0,1,"-32.93642, -60.66706",Calle,,ROSARIO,Rosario,Asfalto,No existe,II,Dentro,Urbana,Ninguna,No existe,Intersección,Bueno,Buena,Nocturna,Buen Tiempo,Lateral,S/D,Colisión,Ninguna,Vertical,Ninguna,Sin restricción,"-32.93642, -60.66706","['Tucumán', 'Crespo']",2,,-32.93642,-60.66706,55.0,538.0,Municipio Rosario,Municipio,Rosario,820210,Servicio de Catastro e Información Territorial,IGN
2019,8267,2019-12-14,Sabado,,08:30:00,,0.0,2,"Pickup/Utilitario,Moto/Ciclomotor",San Luis Y Pte.Roca,2,1,0,0,1,0,0,"-32.9478, -60.64576",Calle,,ROSARIO,Rosario,Asfalto,No existe,II,Dentro,Urbana,Ninguna,No existe,Intersección,Bueno,Buena,Diurna,Buen Tiempo,Lateral,S/D,Colisión,Ninguna,Faltante,Ninguna,S/D,"-32.9478, -60.64576","['San Luis', 'Roca']",2,,-32.9478,-60.64576,55.0,538.0,Municipio Rosario,Municipio,Rosario,820210,Servicio de Catastro e Información Territorial,IGN
2019,8268,2019-12-12,Jueves,,11:20:00,,0.0,2,"Automóvil,Peatón",Balcarce Y Montevideo,2,1,0,0,1,0,0,"-32.95369, -60.65438",Calle,,ROSARIO,Rosario,Asfalto,No existe,II,Dentro,Urbana,Ninguna,No existe,Intersección,Bueno,S/D,Diurna,Buen Tiempo,S/D,Peatón,Atropello,Ninguna,Vertical,Ninguna,Sin restricción,"-32.95369, -60.65438","['Balcarce', 'Montevideo']",2,,-32.95369,-60.65438,55.0,538.0,Municipio Rosario,Municipio,Rosario,820210,Servicio de Catastro e Información Territorial,IGN
2019,8269,2019-07-17,Miercoles,,09:45:00,,0.0,2,"Automóvil,Camión",Salvat 2400,2,2,0,0,0,0,0,"-32.88334, -60.72428",Calle,,ROSARIO,Rosario,S/D,S/D,II,S/D,Urbana,S/D,S/D,Recta,S/D,S/D,Diurna,S/D,S/D,S/D,Colisión,S/D,S/D,S/D,S/D,"-32.88334, -60.72428",['Salvat 2400'],1,,-32.88334,-60.72428,55.0,538.0,Municipio Rosario,Municipio,Rosario,820210,Servicio de Catastro e Información Territorial,IGN
2019,8270,2019-12-11,Miercoles,,14:55:00,,0.0,2,"Automóvil,Moto/Ciclomotor",Santiago Y San Luis,2,1,0,0,1,0,0,"-32.94589, -60.65665",Calle,,ROSARIO,Rosario,Asfalto,S/D,II,Dentro,Urbana,S/D,S/D,Intersección,Bueno,Buena,Diurna,S/D,Lateral,S/D,Colisión,S/D,S/D,S/D,S/D,"-32.94589, -60.65665","['Santiago', 'San Luis']",2,,-32.94589,-60.65665,55.0,538.0,Municipio Rosario,Municipio,Rosario,820210,Servicio de Catastro e Información Territorial,IGN
2019,8271,2019-12-09,Lunes,,02:25:00,,0.0,2,"Pickup/Utilitario,Moto/Ciclomotor",Av. Pellegrini Y Pte.Roca,2,1,0,0,1,0,0,"-32.9561, -60.64786",Avenida,,ROSARIO,Rosario,Asfalto,S/D,II,S/D,Urbana,Semáforo,Funciona,Intersección,S/D,S/D,S/D,S/D,De alcance,S/D,Colisión,S/D,S/D,S/D,S/D,"-32.9561, -60.64786","['Pellegrini', 'Roca']",2,,-32.9561,-60.64786,55.0,538.0,Municipio Rosario,Municipio,Rosario,820210,Servicio de Catastro e Información Territorial,IGN
2019,8273,2019-07-17,Miercoles,,23:00:00,,0.0,2,"Moto/Ciclomotor,Automóvil",Bv. Avellaneda Bis Y Av. Luis Carballo,3,1,1,0,1,0,0,"-32.92191, -60.67486",Calle,,ROSARIO,Rosario,S/D,S/D,II,S/D,Urbana,S/D,S/D,Intersección,S/D,S/D,Nocturna,S/D,S/D,S/D,Colisión,S/D,S/D,S/D,S/D,"-32.92191, -60.67486","['Avellaneda', 'Avenida Doctor Luis Cándido Carballo']",2,,-32.92191,-60.67486,55.0,538.0,Municipio Rosario,Municipio,Rosario,820210,Servicio de Catastro e Información Territorial,IGN
2019,8274,2019-12-16,Lunes,,08:00:00,,0.0,2,"Automóvil,Automóvil",Ocampo Y Pte.Roca,2,1,0,0,1,0,0,"-32.96522, -60.65017",Calle,,ROSARIO,Rosario,Asfalto,No existe,II,Dentro,Urbana,Ninguna,No existe,Intersección,Bueno,Buena,Diurna,Buen Tiempo,Lateral,S/D,Colisión,S/D,Faltante,Ninguna,Sin restricción,"-32.96522, -60.65017","['Ocampo', 'Roca']",2,,-32.96522,-60.65017,55.0,538.0,Municipio Rosario,Municipio,Rosario,820210,Servicio de Catastro e Información Territorial,IGN
2019,8276,2019-07-17,Miercoles,,19:15:00,,0.0,2,"Moto/Ciclomotor,Automóvil",Av. Casiano Casas 1800,2,0,1,0,1,0,0,"-32.89882, -60.71362",Calle,,ROSARIO,Rosario,S/D,S/D,II,S/D,Urbana,S/D,S/D,Recta,S/D,S/D,Nocturna,S/D,S/D,S/D,Colisión,S/D,S/D,S/D,S/D,"-32.89882, -60.71362",['Casiano Casas 1800'],1,,-32.89882,-60.71362,55.0,538.0,Municipio Rosario,Municipio,Rosario,820210,Servicio de Catastro e Información Territorial,IGN
2019,8277,2019-12-09,Lunes,,15:25:00,,0.0,2,"Moto/Ciclomotor,Pickup/Utilitario",Maipu Y Bv. 27 De Febrero,2,1,0,0,1,0,0,"-32.96805, -60.64072",Avenida,,ROSARIO,Rosario,Asfalto,No existe,II,Dentro,Urbana,Semáforo,Funciona,Recta,Bueno,Buena,Diurna,Buen Tiempo,S/D,S/D,Colisión,Ninguna,Faltante,Cordón divisorio,Sin restricción,"-32.96805, -60.64072","['Maipú', '27 de Febrero']",2,,-32.96805,-60.64072,55.0,538.0,Municipio Rosario,Municipio,Rosario,820210,Servicio de Catastro e Información Territorial,IGN
2019,8281,2019-10-04,Viernes,,13:15:00,,0.0,2,"Transporte Escolar,Automóvil",Sarmiento Y Alvear,3,1,0,0,2,0,0,"-32.98993, -60.66631",S/D,,ROSARIO,Rosario,S/D,S/D,II,S/D,S/D,S/D,S/D,S/D,S/D,S/D,S/D,S/D,S/D,S/D,S/D,S/D,S/D,S/D,S/D,"-32.98993, -60.66631","['Sarmiento', 'Alvear']",2,,-32.98993,-60.66631,55.0,538.0,Municipio Rosario,Municipio,Rosario,820210,Servicio de Catastro e Información Territorial,IGN
2019,8285,2019-10-04,Viernes,,12:30:00,,0.0,2,"Pickup/Utilitario,Moto/Ciclomotor",J.J.Paso Y Barra,3,2,0,0,1,0,0,"-32.92015, -60.70762",S/D,,ROSARIO,Rosario,S/D,S/D,II,S/D,S/D,S/D,S/D,S/D,S/D,S/D,S/D,S/D,S/D,S/D,S/D,S/D,S/D,S/D,S/D,"-32.92015, -60.70762","['Paso', 'Barra']",2,,-32.92015,-60.70762,55.0,538.0,Municipio Rosario,Municipio,Rosario,820210,Servicio de Catastro e Información Territorial,IGN
2019,8302,2019-11-06,Miercoles,,14:00:00,,0.0,2,"Automóvil,Automóvil",Bv. Segui Y Sarmiento,7,2,0,0,5,0,0,"-32.979209, -60.646296",Avenida,,ROSARIO,Rosario,Asfalto,No existe,II,Dentro,Urbana,Ninguna,No existe,Intersección,Bueno,Buena,Diurna,Buen Tiempo,Lateral,S/D,Colisión,Ninguna,Faltante,Ninguna,Sin restricción,"-32.979209, -60.646296","['Bulevar Juan Francisco Seguí', 'Sarmiento']",2,,-32.979209,-60.646296,55.0,538.0,Municipio Rosario,Municipio,Rosario,820210,Servicio de Catastro e Información Territorial,IGN
2019,8303,2019-11-18,Lunes,,16:00:00,,0.0,1,Transporte de Pasajeros Urbano (> 8 asientos),Bv. Oroño Y Salta,2,1,0,0,1,0,0,"-32.936716803267,-60.651654849595",Avenida,,ROSARIO,Rosario,Asfalto,No existe,II,Dentro,Urbana,Ninguna,Funciona,Intersección,Bueno,Buena,Diurna,Buen Tiempo,S/D,S/D,Caída ocupante,Ninguna,"Horizontal,Vertical","Cordón divisorio,Vegetación,Línea divisoria pintada",Sin restricción,"-32.936716803267,-60.651654849595","['Bulevar Nicasio Oroño', 'Salta']",2,,-32.936716803267,-60.651654849595,55.0,538.0,Municipio Rosario,Municipio,Rosario,820210,Servicio de Catastro e Información Territorial,IGN
2019,8304,2019-11-01,Viernes,,15:45:00,,0.0,2,"Automóvil,Automóvil",Buenos Aires Y Ocampo,3,2,0,0,1,0,0,"-32.967428868706,-60.637733389675",Calle,,ROSARIO,Rosario,Asfalto,No existe,II,Dentro,Urbana,Señal Pare,No existe,Intersección,Bueno,Buena,Diurna,Buen Tiempo,S/D,S/D,Colisión,Ninguna,"Horizontal,Vertical",Línea divisoria pintada,Sin restricción,"-32.967428868706,-60.637733389675","['Buenos Aires', 'Ocampo']",2,,-32.967428868706,-60.637733389675,55.0,538.0,Municipio Rosario,Municipio,Rosario,820210,Servicio de Catastro e Información Territorial,IGN
2019,8305,2019-11-02,Sabado,,21:25:00,,0.0,2,"Moto/Ciclomotor,Moto/Ciclomotor",Av. Francia Y Riobamba,3,2,0,0,1,0,0,"-32.958095922608,-60.669805211508",Avenida,,ROSARIO,Rosario,Asfalto,No existe,II,Dentro,Urbana,Ninguna,No existe,Intersección,Bueno,Buena,"Nocturna,Con luz artificial",Buen Tiempo,Lateral,S/D,Colisión,Ninguna,"Horizontal,Vertical",Ninguna,Sin restricción,"-32.958095922608,-60.669805211508","['Avenida Francia', 'Riobamba']",2,,-32.958095922608,-60.669805211508,55.0,538.0,Municipio Rosario,Municipio,Rosario,820210,Servicio de Catastro e Información Territorial,IGN
2019,8306,2019-11-01,Viernes,,20:30:00,,0.0,2,"Automóvil,Bicicleta",Paraguay Y San Lorenzo,2,1,0,0,1,0,0,"-32.943122443141,-60.64315202977",Calle,,ROSARIO,Rosario,Asfalto,No existe,II,Dentro,Urbana,Señal Pare,Funciona,Intersección,Bueno,Buena,Diurna,Buen Tiempo,S/D,Ciclista,Atropello,Ninguna,"Horizontal,Vertical",Ninguna,Sin restricción,"-32.943122443141,-60.64315202977","['Paraguay', 'San Lorenzo']",2,,-32.943122443141,-60.64315202977,55.0,538.0,Municipio Rosario,Municipio,Rosario,820210,Servicio de Catastro e Información Territorial,IGN
2019,8307,2019-11-01,Viernes,,18:00:00,,0.0,2,"Automóvil,Moto/Ciclomotor",E.Zeballos Y Lima,3,2,0,0,1,0,0,"-32.946917813732,-60.685362883789",Calle,,ROSARIO,Rosario,Asfalto,No existe,II,Dentro,Urbana,Ninguna,No existe,Intersección,Bueno,Buena,Diurna,Buen Tiempo,Lateral,S/D,Colisión,Ninguna,Faltante,Ninguna,Sin restricción,"-32.946917813732,-60.685362883789","['Zeballos', 'Lima']",2,,-32.946917813732,-60.685362883789,55.0,538.0,Municipio Rosario,Municipio,Rosario,820210,Servicio de Catastro e Información Territorial,IGN
2019,8308,2019-11-03,Domingo,,20:30:00,,0.0,2,"Moto/Ciclomotor,Automóvil",Mitre Y Pasco,3,1,0,0,2,0,0,"-32.959320254488,-60.642850729327",Calle,,ROSARIO,Rosario,Asfalto,No existe,II,Dentro,Urbana,Ninguna,No existe,Intersección,Bueno,Buena,"Nocturna,Con luz artificial",Buen Tiempo,Lateral,S/D,Colisión,Ninguna,Faltante,Ninguna,Sin restricción,"-32.959320254488,-60.642850729327","['Mitre', 'Pasco']",2,,-32.959320254488,-60.642850729327,55.0,538.0,Municipio Rosario,Municipio,Rosario,820210,Servicio de Catastro e Información Territorial,IGN
2019,8309,2019-11-04,Lunes,,02:40:00,,0.0,2,"Automóvil,Pickup/Utilitario",Bv. Oroño Y Cochabamba,7,1,0,0,6,0,0,"-32.955598481272,-60.656168029535",Avenida,,ROSARIO,Rosario,Asfalto,No existe,II,Dentro,Urbana,Señal Pare,No existe,Recta,Bueno,Buena,"Nocturna,Con luz artificial",Buen Tiempo,Lateral,S/D,Colisión,Ninguna,"Horizontal,Vertical","Cordón divisorio,Vegetación,Línea divisoria pintada",Sin restricción,"-32.955598481272,-60.656168029535","['Bulevar Nicasio Oroño', 'Cochabamba']",2,,-32.955598481272,-60.656168029535,55.0,538.0,Municipio Rosario,Municipio,Rosario,820210,Servicio de Catastro e Información Territorial,IGN
2019,8311,2019-11-05,Martes,,13:10:00,,0.0,2,"Automóvil,Moto/Ciclomotor",3 De Febrero Y Bv. Oroño,2,1,0,0,1,0,0,"-32.95005118029,-60.655020830122",Avenida,,ROSARIO,Rosario,Asfalto,No existe,II,Dentro,Urbana,Ninguna,Funciona,Intersección,Bueno,Buena,Diurna,Buen Tiempo,De alcance,S/D,Colisión,Ninguna,"Horizontal,Vertical","Cordón divisorio,Vegetación",Sin restricción,"-32.95005118029,-60.655020830122","['3 de Febrero', 'Bulevar Nicasio Oroño']",2,,-32.95005118029,-60.655020830122,55.0,538.0,Municipio Rosario,Municipio,Rosario,820210,Servicio de Catastro e Información Territorial,IGN
2019,8314,2019-11-05,Martes,,15:00:00,,0.0,3,"Automóvil,Moto/Ciclomotor,Moto/Ciclomotor",Av. Pellegrini Y Necochea,4,2,0,0,2,0,0,"-32.959711017153,-60.626887018625",Avenida,,ROSARIO,Rosario,Asfalto,No existe,II,Dentro,Urbana,Semáforo,Funciona,Intersección,Bueno,Buena,Diurna,Buen Tiempo,Múltiple,S/D,Colisión,Ninguna,"Horizontal,Vertical","Cordón divisorio,Vegetación,Línea divisoria pintada",Sin restricción,"-32.959711017153,-60.626887018625","['Pellegrini', 'Necochea']",2,,-32.959711017153,-60.626887018625,55.0,538.0,Municipio Rosario,Municipio,Rosario,820210,Servicio de Catastro e Información Territorial,IGN
2019,8317,2019-11-06,Miercoles,,01:20:00,,0.0,2,"Moto/Ciclomotor,Automóvil",Alsina Y Montevideo,3,1,0,0,2,0,0,"-32.949289395452,-60.678848469718",Calle,,ROSARIO,Rosario,Asfalto,No existe,II,Dentro,Urbana,Ninguna,No existe,Intersección,Bueno,Buena,Diurna,Buen Tiempo,Lateral,S/D,Colisión,Ninguna,Faltante,Ninguna,Sin restricción,"-32.949289395452,-60.678848469718","['Alsina', 'Montevideo']",2,,-32.949289395452,-60.678848469718,55.0,538.0,Municipio Rosario,Municipio,Rosario,820210,Servicio de Catastro e Información Territorial,IGN
2019,8320,2019-11-06,Miercoles,,22:40:00,,0.0,2,"Moto/Ciclomotor,Automóvil",Av. E.Lopez Y Balcarce,2,1,0,0,1,0,0,"-32.931693406121,-60.648562874429",Avenida,,ROSARIO,Rosario,Asfalto,No existe,II,Dentro,Urbana,Semáforo,No existe,Intersección,Bueno,Buena,"Nocturna,Con luz artificial",Buen Tiempo,De alcance,S/D,Colisión,Ninguna,"Horizontal,Vertical","Cordón divisorio,Línea divisoria pintada",Sin restricción,"-32.931693406121,-60.648562874429","['Lopez', 'Balcarce']",2,,-32.931693406121,-60.648562874429,55.0,538.0,Municipio Rosario,Municipio,Rosario,820210,Servicio de Catastro e Información Territorial,IGN
2019,8321,2019-11-06,Miercoles,,22:05:00,,0.0,2,"Automóvil,Pickup/Utilitario",Dorrego Y Riobamba,2,2,0,0,0,0,0,"-32.961030595863,-60.653402198717",Calle,,ROSARIO,Rosario,Asfalto,No existe,II,Dentro,Urbana,Ninguna,No existe,Intersección,Bueno,Buena,Diurna,Buen Tiempo,Lateral,S/D,Colisión,Ninguna,Faltante,Ninguna,Sin restricción,"-32.961030595863,-60.653402198717","['Dorrego', 'Riobamba']",2,,-32.961030595863,-60.653402198717,55.0,538.0,Municipio Rosario,Municipio,Rosario,820210,Servicio de Catastro e Información Territorial,IGN
2019,8323,2019-11-07,Jueves,,09:00:00,,0.0,2,"Automóvil,Moto/Ciclomotor",Av. Pellegrini Y Bv. Oroño,2,1,0,0,1,0,0,"-32.954438830989,-60.65574375483",Avenida,,ROSARIO,Rosario,Asfalto,No existe,II,Dentro,Urbana,Semáforo,Funciona,Intersección,Bueno,Buena,Diurna,Buen Tiempo,Lateral,S/D,Colisión,Ninguna,"Horizontal,Vertical","Cordón divisorio,Vegetación,Línea divisoria pintada",Sin restricción,"-32.954438830989,-60.65574375483","['Pellegrini', 'Bulevar Nicasio Oroño']",2,,-32.954438830989,-60.65574375483,55.0,538.0,Municipio Rosario,Municipio,Rosario,820210,Servicio de Catastro e Información Territorial,IGN
2019,8325,2019-11-05,Martes,,13:00:00,,0.0,2,"Moto/Ciclomotor,Automóvil",Balcarce 1467,2,1,0,0,1,0,0,"-32.952152976207,-60.653999060258",Calle,,ROSARIO,Rosario,Asfalto,No existe,II,Dentro,Urbana,Ninguna,No existe,Recta,Bueno,Buena,Diurna,Buen Tiempo,Lateral,S/D,Colisión,Ninguna,Faltante,Ninguna,Sin restricción,"-32.952152976207,-60.653999060258",['Balcarce 1467'],1,,-32.952152976207,-60.653999060258,55.0,538.0,Municipio Rosario,Municipio,Rosario,820210,Servicio de Catastro e Información Territorial,IGN
2019,8327,2019-11-09,Sabado,,09:05:00,,0.0,2,"Moto/Ciclomotor,Pickup/Utilitario",La Paz Y Pte.Roca,3,2,0,0,1,0,0,"-32.962913226039,-60.649587927759",Calle,,ROSARIO,Rosario,Asfalto,No existe,II,Dentro,Urbana,Ninguna,No existe,Intersección,Bueno,Buena,Diurna,Buen Tiempo,Lateral,S/D,Colisión,Ninguna,Faltante,Ninguna,Sin restricción,"-32.962913226039,-60.649587927759","['La Paz', 'Roca']",2,,-32.962913226039,-60.649587927759,55.0,538.0,Municipio Rosario,Municipio,Rosario,820210,Servicio de Catastro e Información Territorial,IGN
2019,8329,2019-11-08,Viernes,,12:05:00,,0.0,2,"Automóvil,Moto/Ciclomotor",Catamarca 1200,2,1,0,0,1,0,0,"-32.940416846832,-60.638100491476",Calle,,ROSARIO,Rosario,Asfalto,No existe,II,Dentro,Urbana,Señal Pare,No existe,Recta,Bueno,Buena,Diurna,Buen Tiempo,S/D,S/D,Colisión,Ninguna,"Horizontal,Vertical",Línea divisoria pintada,Sin restricción,"-32.940416846832,-60.638100491476",['Catamarca 1200'],1,,-32.940416846832,-60.638100491476,55.0,538.0,Municipio Rosario,Municipio,Rosario,820210,Servicio de Catastro e Información Territorial,IGN
2019,8331,2019-11-09,Sabado,,15:10:00,,0.0,2,"Automóvil,Moto/Ciclomotor",Bv. Avellaneda Y E.Zeballos,2,1,0,0,1,0,0,"-32.947629972646,-60.681384681825",Avenida,,ROSARIO,Rosario,Asfalto,No existe,II,Dentro,Urbana,Semáforo,Funciona,Intersección,Bueno,Buena,Diurna,Buen Tiempo,Lateral,S/D,Colisión,Ninguna,"Horizontal,Vertical","Cordón divisorio,Línea divisoria pintada",Sin restricción,"-32.947629972646,-60.681384681825","['Avellaneda', 'Zeballos']",2,,-32.947629972646,-60.681384681825,55.0,538.0,Municipio Rosario,Municipio,Rosario,820210,Servicio de Catastro e Información Territorial,IGN
2019,8332,2019-11-11,Lunes,,17:40:00,,0.0,2,"Moto/Ciclomotor,Automóvil",Bv. 27 De Febrero Y Esmeralda,3,2,0,0,1,0,0,"-32.970506030763,-60.626747083799",Avenida,,ROSARIO,Rosario,Asfalto,No existe,II,Dentro,Urbana,Ninguna,No existe,Intersección,Bueno,Buena,Diurna,Buen Tiempo,S/D,S/D,Colisión,Ninguna,Faltante,Cordón divisorio,Sin restricción,"-32.970506030763,-60.626747083799","['27 de Febrero', 'Esmeralda']",2,,-32.970506030763,-60.626747083799,55.0,538.0,Municipio Rosario,Municipio,Rosario,820210,Servicio de Catastro e Información Territorial,IGN
2019,8335,2019-11-12,Martes,,19:35:00,,0.0,2,"Moto/Ciclomotor,Peatón",Catamarca 1552,2,1,0,0,1,0,0,"-32.939480627211,-60.642995756305",Calle,,ROSARIO,Rosario,hormigón,No existe,II,Dentro,Urbana,Ninguna,No existe,Intersección,Bueno,Buena,"Nocturna,Con luz artificial",Buen Tiempo,S/D,Peatón,Atropello,Ninguna,Horizontal,Línea divisoria pintada,Sin restricción,"-32.939480627211,-60.642995756305",['Catamarca 1552'],1,,-32.939480627211,-60.642995756305,55.0,538.0,Municipio Rosario,Municipio,Rosario,820210,Servicio de Catastro e Información Territorial,IGN