anio_acci,nro_acci,fecha,desc_dia,fecha_aprox,hora_aprox,desc_ruta,km,cant_participantes,desc_participante,calle_avenida_km,total,heridos_leves,heridos_graves,heridos_gravisimos,ilesos,fallecidos,sin_datos,posicion_XY,desc_tipo_via,desc_ruta_ori,desc_loc,desc_dpto,desc_tipo_calzada,desc_tipo_banquina,desc_unidad_regional,desc_lugar_calzada,desc_zona,desc_prioridad,desc_estado_semaforo,desc_lugar_via,desc_estado_via,desc_estado_visibilidad,desc_luminosidad,desc_estado_clima,desc_tipo_colision,desc_tipo_atropello,desc_tipo_hecho,desc_pres_calzada,desc_senializacion,desc_separacion_via,desc_restriccion,forma_geocod,calle_lista,numero_calles,calles_osm,lat,lon,index_right,gid,fna,gna,nam,in1,fdc,sag
2019,8336,2019-11-12,Martes,,12:00:00,,0.0,2,"Automóvil,Peatón",Ayacucho Y Cerrito,2,1,0,0,1,0,0,"-32.963878856486,-60.630772651639",S/D,,ROSARIO,Rosario,Asfalto,No existe,II,S/D,S/D,Ninguna,No existe,Intersección,Bueno,Buena,Diurna,Buen Tiempo,S/D,Peatón,Atropello,Ninguna,Faltante,Ninguna,Sin restricción,"-32.963878856486,-60.630772651639","['Ayacucho', 'Cerrito']",2,,-32.963878856486,-60.630772651639,55.0,538.0,Municipio Rosario,Municipio,Rosario,820210,Servicio de Catastro e Información Territorial,IGN
2019,8346,2019-07-18,Jueves,,15:30:00,,0.0,2,"Bicicleta,Peatón",Av. Int. Morcillo 2600,2,1,0,0,1,0,0,"-32.95501, -60.66039",Calle,,ROSARIO,Rosario,S/D,S/D,II,S/D,Urbana,S/D,S/D,Recta,S/D,S/D,Diurna,S/D,S/D,Peatón,Atropello,S/D,S/D,S/D,S/D,"-32.95501, -60.66039",['Int Morcillo 2600'],1,,-32.95501,-60.66039,55.0,538.0,Municipio Rosario,Municipio,Rosario,820210,Servicio de Catastro e Información Territorial,IGN
2019,8351,2019-07-19,Viernes,,18:50:00,,0.0,2,"Moto/Ciclomotor,Automóvil",Castagnino Y Anchoris,2,1,0,0,1,0,0,"-32.89898, -60.69938",Calle,,ROSARIO,Rosario,S/D,S/D,II,S/D,Urbana,S/D,S/D,Intersección,S/D,S/D,Atardecer,S/D,S/D,S/D,Colisión,S/D,S/D,S/D,S/D,"-32.89898, -60.69938","['Castagnino', 'Anchoris']",2,,-32.89898,-60.69938,55.0,538.0,Municipio Rosario,Municipio,Rosario,820210,Servicio de Catastro e Información Territorial,IGN
2019,8356,2019-10-05,Sabado,,13:45:00,,0.0,2,"Pickup/Utilitario,Moto/Ciclomotor",Av. Genova Y Bolivia,2,1,0,0,1,0,0,"-32.91613, -60.7157",S/D,,ROSARIO,Rosario,S/D,S/D,II,S/D,S/D,S/D,S/D,S/D,S/D,S/D,S/D,S/D,S/D,S/D,S/D,S/D,S/D,S/D,S/D,"-32.91613, -60.7157","['Genova', 'Bolivia']",2,,-32.91613,-60.7157,55.0,538.0,Municipio Rosario,Municipio,Rosario,820210,Servicio de Catastro e Información Territorial,IGN
2019,8360,2019-11-07,Jueves,,21:00:00,,0.0,2,"Moto/Ciclomotor,Automóvil",San Martin Y Sanchez de Bustamante,5,2,0,0,3,0,0,"-33.001972, -60.649056",Avenida,,ROSARIO,Rosario,Asfalto,No existe,II,Dentro,Urbana,Ninguna,Funciona,Intersección,Bueno,Buena,Diurna,Buen Tiempo,De alcance,S/D,Colisión,Ninguna,"Horizontal,Vertical",Cordón divisorio,Sin restricción,"-33.001972, -60.649056","['San Martin', 'Sánchez de Bustamante']",2,,-33.001972,-60.649056,55.0,538.0,Municipio Rosario,Municipio,Rosario,820210,Servicio de Catastro e Información Territorial,IGN
2019,8362,2019-10-05,Sabado,,14:15:00,,0.0,2,"Pickup/Utilitario,Automóvil",Pasco Y Necochea,3,2,0,0,1,0,0,"-32.96212, -60.62751",S/D,,ROSARIO,Rosario,S/D,S/D,II,S/D,S/D,S/D,S/D,S/D,S/D,S/D,S/D,S/D,S/D,S/D,S/D,S/D,S/D,S/D,S/D,"-32.96212, -60.62751","['Pasco', 'Necochea']",2,,-32.96212,-60.62751,55.0,538.0,Municipio Rosario,Municipio,Rosario,820210,Servicio de Catastro e Información Territorial,IGN
2019,8366,2019-07-20,Sabado,,17:30:00,,0.0,2,"Moto/Ciclomotor,Automóvil",Dr.G.Colombres Y Calle 1711,2,1,0,0,1,0,0,"-32.96252, -60.72497",Calle,,ROSARIO,Rosario,S/D,S/D,II,S/D,Urbana,S/D,S/D,Intersección,S/D,S/D,Diurna,S/D,S/D,S/D,Colisión,S/D,S/D,S/D,S/D,"-32.96252, -60.72497","['Doctor G. Colombres', 'Carlos Uriarte']",2,,-32.96252,-60.72497,55.0,538.0,Municipio Rosario,Municipio,Rosario,820210,Servicio de Catastro e Información Territorial,IGN
2019,8368,2019-09-01,Domingo,,13:20:00,,0.0,2,"Pickup/Utilitario,Moto/Ciclomotor",Gaboto Y Pueyrredon,2,1,0,0,1,0,0,"-32.969931, -60.664170",Calle,,ROSARIO,Rosario,Asfalto,No existe,II,Dentro,Urbana,Ninguna,No existe,Intersección,Bueno,S/D,Diurna,S/D,Lateral,S/D,Colisión,Ninguna,Faltante,Ninguna,Sin restricción,"-32.969931, -60.664170","['Gaboto', 'Pueyrredón']",2,,-32.969931,-60.66417,55.0,538.0,Municipio Rosario,Municipio,Rosario,820210,Servicio de Catastro e Información Territorial,IGN
2019,8369,2019-12-14,Sabado,,05:30:00,,0.0,2,"Moto/Ciclomotor,Automóvil",Francia F Y Bv. 27 De Febrero,2,1,0,0,0,0,1,"-32.9627, -60.67094",Avenida,,ROSARIO,Rosario,Asfalto,S/D,II,Dentro,Urbana,Semáforo,Funciona,Intersección,S/D,S/D,"Nocturna,Con luz artificial",S/D,De alcance,S/D,Colisión,S/D,S/D,S/D,S/D,"-32.9627, -60.67094","['Avenida Francia', '27 de Febrero']",2,,-32.9627,-60.67094,55.0,538.0,Municipio Rosario,Municipio,Rosario,820210,Servicio de Catastro e Información Territorial,IGN
2019,8370,2019-11-02,Sabado,,20:30:00,,0.0,2,"Bicicleta,Automóvil",Dorrego Y Gaboto,2,1,0,0,1,0,0,"-32.971359, -60.655972",Calle,,ROSARIO,Rosario,Asfalto,No existe,II,Dentro,Urbana,Señal Pare,No existe,Intersección,Bueno,Buena,"Nocturna,Con luz artificial",Buen Tiempo,S/D,Ciclista,Atropello,Ninguna,Vertical,Ninguna,Sin restricción,"-32.971359, -60.655972","['Dorrego', 'Gaboto']",2,,-32.971359,-60.655972,55.0,538.0,Municipio Rosario,Municipio,Rosario,820210,Servicio de Catastro e Información Territorial,IGN
2019,8371,2019-12-16,Lunes,,10:00:00,,0.0,2,"Moto/Ciclomotor,Pickup/Utilitario",Bv. Oroño Y Rueda,2,1,0,0,1,0,0,"-32.96831, -60.65964",Avenida,,ROSARIO,Rosario,hormigón,No existe,II,Dentro,Urbana,Semáforo,Funciona,Recta,Bueno,Buena,Con luz artificial,Buen Tiempo,S/D,S/D,Colisión,Ninguna,Vertical,"Cordón divisorio,Vegetación",Sin restricción,"-32.96831, -60.65964","['Bulevar Nicasio Oroño', 'Rueda']",2,,-32.96831,-60.65964,55.0,538.0,Municipio Rosario,Municipio,Rosario,820210,Servicio de Catastro e Información Territorial,IGN
2019,8372,2019-11-03,Domingo,,23:00:00,,0.0,2,"Automóvil,Moto/Ciclomotor",Saavedra Y Sarmiento,3,2,0,0,1,0,0,"-32.977956, -60.646095",Calle,,ROSARIO,Rosario,Asfalto,No existe,II,Dentro,Urbana,Ninguna,No existe,Intersección,Bueno,Buena,"Nocturna,Con luz artificial",Buen Tiempo,De alcance,S/D,Colisión,Ninguna,Horizontal,Ninguna,Sin restricción,"-32.977956, -60.646095","['Saavedra', 'Sarmiento']",2,,-32.977956,-60.646095,55.0,538.0,Municipio Rosario,Municipio,Rosario,820210,Servicio de Catastro e Información Territorial,IGN
2019,8375,2019-12-15,Domingo,,16:30:00,,0.0,2,"Bicicleta,Pickup/Utilitario",Balcarce Y San Juan,2,1,0,0,1,0,0,"-32.94772, -60.6529",Calle,,ROSARIO,Rosario,Asfalto,No existe,II,Dentro,Urbana,Ninguna,No existe,Recta,Bueno,Buena,Diurna,Buen Tiempo,S/D,Ciclista,Atropello,S/D,S/D,Ninguna,Sin restricción,"-32.94772, -60.6529","['Balcarce', 'San Juan']",2,,-32.94772,-60.6529,55.0,538.0,Municipio Rosario,Municipio,Rosario,820210,Servicio de Catastro e Información Territorial,IGN
2019,8376,2019-11-08,Viernes,,13:05:00,,0.0,2,"Moto/Ciclomotor,Automóvil",Garay Y Necochea,4,2,0,0,2,0,0,"-32.977016, -60.631215",Calle,,ROSARIO,Rosario,Asfalto,No existe,II,Dentro,Urbana,Ninguna,No existe,Intersección,Bueno,Buena,Diurna,Buen Tiempo,Lateral,S/D,Colisión,Ninguna,Faltante,Ninguna,Sin restricción,"-32.977016, -60.631215","['Garay', 'Necochea']",2,,-32.977016,-60.631215,55.0,538.0,Municipio Rosario,Municipio,Rosario,820210,Servicio de Catastro e Información Territorial,IGN
2019,8378,2019-12-15,Domingo,,05:40:00,,0.0,1,Automóvil,AV. INTENDENTE MORCILLO ,2,2,0,0,0,0,0,"-32.9552, -60.65912",Avenida,,ROSARIO,Rosario,Asfalto,No existe,II,S/D,Urbana,Ninguna,No existe,Recta,Bueno,Buena,"Amanecer,Con luz artificial",Lluvia,Contra objeto fijo,S/D,Colisión,Agua,Vertical,Ninguna,Sin restricción,"-32.9552, -60.65912",['Avenida Intendente Morcillo'],1,,-32.9552,-60.65912,55.0,538.0,Municipio Rosario,Municipio,Rosario,820210,Servicio de Catastro e Información Territorial,IGN
2019,8381,2019-12-15,Domingo,,04:20:00,,0.0,2,"Moto/Ciclomotor,Automóvil",3 De Febrero Y Francia F,2,1,0,0,1,0,0,"-32.9479, -60.66706",Avenida,,ROSARIO,Rosario,Asfalto,No existe,II,Dentro,Urbana,Semáforo,Funciona,Intersección,Bueno,Buena,"Nocturna,Con luz artificial",Lluvia,Lateral,S/D,Colisión,Agua,Vertical,"Cordón divisorio,Vegetación",Sin restricción,"-32.9479, -60.66706","['3 de Febrero', 'Avenida Francia']",2,,-32.9479,-60.66706,55.0,538.0,Municipio Rosario,Municipio,Rosario,820210,Servicio de Catastro e Información Territorial,IGN
2019,8386,2019-12-15,Domingo,,00:30:00,,0.0,2,"Taxi/Remis,Peatón",Av. Pellegrini Y Pte.Roca,4,3,0,0,1,0,0,"-32.95608, -60.64786",Avenida,,ROSARIO,Rosario,Asfalto,No existe,II,Dentro,Urbana,Semáforo,Funciona,Intersección,Bueno,Buena,"Nocturna,Con luz artificial",Buen Tiempo,S/D,Peatón,Atropello,Ninguna,Vertical,Ninguna,Sin restricción,"-32.95608, -60.64786","['Pellegrini', 'Roca']",2,,-32.95608,-60.64786,55.0,538.0,Municipio Rosario,Municipio,Rosario,820210,Servicio de Catastro e Información Territorial,IGN
2019,8387,2019-10-06,Domingo,,16:35:00,,0.0,2,"Automóvil,Moto/Ciclomotor",J.J.Paso Y Acevedo Bis,2,1,0,0,1,0,0,"-32.92128, -60.74913",S/D,,ROSARIO,Rosario,S/D,S/D,II,S/D,S/D,S/D,S/D,S/D,S/D,S/D,S/D,S/D,S/D,S/D,S/D,S/D,S/D,S/D,S/D,"-32.92128, -60.74913","['Paso', 'Acevedo']",2,,-32.92128,-60.74913,55.0,538.0,Municipio Rosario,Municipio,Rosario,820210,Servicio de Catastro e Información Territorial,IGN
2019,8388,2019-12-15,Domingo,,05:50:00,,0.0,3,"Taxi/Remis,Taxi/Remis,Automóvil",Urquiza Y Santiago,4,3,0,0,0,0,1,"-32.93974, -60.65511",Calle,,ROSARIO,Rosario,Asfalto,No existe,II,Dentro,Urbana,Ninguna,No existe,Intersección,Bueno,Buena,Amanecer,Otro,Múltiple,S/D,Colisión,Ninguna,Vertical,Ninguna,Sin restricción,"-32.93974, -60.65511","['Urquiza', 'Santiago']",2,,-32.93974,-60.65511,55.0,538.0,Municipio Rosario,Municipio,Rosario,820210,Servicio de Catastro e Información Territorial,IGN
2019,8390,2019-10-30,Miercoles,,09:00:00,,0.0,2,"Automóvil,Bicicleta",J.J.Paso Y Acevedo Bis,2,1,0,0,1,0,0,"    -32.92123, -60.74909",Calle,,ROSARIO,Rosario,Asfalto,No existe,II,Dentro,Urbana,Ninguna,No existe,Intersección,Bueno,Buena,Diurna,Buen Tiempo,S/D,Ciclista,Atropello,Ninguna,S/D,Ninguna,Sin restricción,"    -32.92123, -60.74909","['Paso', 'Acevedo']",2,,-32.92123,-60.74909,55.0,538.0,Municipio Rosario,Municipio,Rosario,820210,Servicio de Catastro e Información Territorial,IGN
2019,8391,2019-12-15,Domingo,,12:00:00,,0.0,2,"Automóvil,Bicicleta",9 De Julio Y Santiago,2,1,0,0,1,0,0,"-32.95063, -60.65786",Calle,,ROSARIO,Rosario,Asfalto,No existe,II,Dentro,Urbana,Señal Pare,No existe,Intersección,Bueno,Buena,Diurna,Buen Tiempo,S/D,Ciclista,Atropello,Ninguna,Horizontal,Ninguna,Sin restricción,"-32.95063, -60.65786","['9 de Julio', 'Santiago']",2,,-32.95063,-60.65786,55.0,538.0,Municipio Rosario,Municipio,Rosario,820210,Servicio de Catastro e Información Territorial,IGN
2019,8397,2019-10-24,Jueves,,04:10:00,,0.0,2,"Automóvil,Moto/Ciclomotor",Av. Eva Peron Y Tarragona,6,3,0,0,3,0,0,"    -32.92909, -60.73452",Avenida,,ROSARIO,Rosario,Asfalto,No existe,II,Dentro,Urbana,Ninguna,S/D,Intersección,Bueno,S/D,Nocturna,Buen Tiempo,S/D,S/D,Colisión,Ninguna,S/D,Ninguna,Sin restricción,"    -32.92909, -60.73452","['Avenida Eva Perón', 'Tarragona']",2,,-32.92909,-60.73452,55.0,538.0,Municipio Rosario,Municipio,Rosario,820210,Servicio de Catastro e Información Territorial,IGN
2019,8407,2019-10-27,Domingo,,11:15:00,,0.0,2,"Moto/Ciclomotor,Automóvil",Roullon Y Gaboto,2,1,0,0,1,0,0,"    -32.96483, -60.70132",Calle,,ROSARIO,Rosario,Asfalto,Pavimento,II,Dentro,Urbana,Semáforo,Funciona,Intersección,Bueno,Buena,Diurna,Buen Tiempo,Otro,S/D,Colisión,Ninguna,S/D,Ninguna,S/D,"    -32.96483, -60.70132","['Alfredo Rouillón', 'Gaboto']",2,,-32.96483,-60.70132,55.0,538.0,Municipio Rosario,Municipio,Rosario,820210,Servicio de Catastro e Información Territorial,IGN
2019,8410,2019-11-01,Viernes,,08:40:00,,0.0,2,"Moto/Ciclomotor,Pickup/Utilitario",Av. Francia Y Virasoro,3,2,0,0,1,0,0,"-32.964979984396,-60.671535039066",Calle,,ROSARIO,Rosario,Asfalto,No existe,II,Dentro,Urbana,Ninguna,No existe,Intersección,Bueno,Buena,Diurna,Buen Tiempo,Lateral,S/D,Colisión,Ninguna,Faltante,"Cordón divisorio,Vegetación",Sin restricción,"-32.964979984396,-60.671535039066","['Avenida Francia', 'Virasoro']",2,,-32.964979984396,-60.671535039066,55.0,538.0,Municipio Rosario,Municipio,Rosario,820210,Servicio de Catastro e Información Territorial,IGN
2019,8412,2019-11-10,Domingo,,16:40:00,,0.0,3,"Taxi/Remis,Automóvil,Pickup/Utilitario",Cochabamba Y Dorrego,6,2,0,0,4,0,0,"-32.956449802754,-60.652247222548",Calle,,ROSARIO,Rosario,Asfalto,No existe,II,Dentro,Urbana,Ninguna,No existe,Recta,Bueno,Buena,Diurna,Buen Tiempo,De alcance,S/D,Colisión,Ninguna,Faltante,Ninguna,Sin restricción,"-32.956449802754,-60.652247222548","['Cochabamba', 'Dorrego']",2,,-32.956449802754,-60.652247222548,55.0,538.0,Municipio Rosario,Municipio,Rosario,820210,Servicio de Catastro e Información Territorial,IGN
2019,8448,2019-11-06,Miercoles,,08:00:00,,0.0,2,"Bicicleta,Automóvil",Calle 503 Y R.de Pineda,2,1,0,0,1,0,0,"-33.015079122145,-60.646666107752",Calle,,ROSARIO,Rosario,Asfalto,No existe,II,Dentro,Urbana,Ninguna,No existe,Intersección,Ahuellamiento,Buena,Diurna,Otro,S/D,Ciclista,Atropello,Otro,Faltante,Ninguna,Sin restricción,"-33.015079122145,-60.646666107752","['Calle 503', 'De Pineda']",2,,-33.015079122145,-60.646666107752,55.0,538.0,Municipio Rosario,Municipio,Rosario,820210,Servicio de Catastro e Información Territorial,IGN
2019,8453,2019-10-27,Domingo,,16:20:00,,0.0,2,"Camión Chasis,Automóvil",Roullon Y Uruguay,2,1,0,0,1,0,0,"    -32.96833, -60.70123",Calle,,ROSARIO,Rosario,Asfalto,Pavimento,II,Dentro,Urbana,Ninguna,S/D,Intersección,Bueno,Buena,Diurna,Buen Tiempo,Otro,S/D,Colisión,S/D,S/D,Ninguna,S/D,"    -32.96833, -60.70123","['Alfredo Rouillón', 'Uruguay']",2,,-32.96833,-60.70123,55.0,538.0,Municipio Rosario,Municipio,Rosario,820210,Servicio de Catastro e Información Territorial,IGN
2019,8459,2019-10-30,Miercoles,,10:10:00,,0.0,3,"Automóvil,Camión Chasis,Taxi/Remis",Rivarola Y J.Colombres,5,2,0,0,3,0,0,"    -32.96627, -60.72479",Calle,,ROSARIO,Rosario,Asfalto,Pavimento,II,Dentro,Urbana,Ninguna,No existe,Otro,Bueno,Buena,Diurna,Buen Tiempo,Múltiple,S/D,Colisión,Otro,Faltante,Ninguna,Sin restricción,"    -32.96627, -60.72479","['Rivarola', 'José Colombres']",2,,-32.96627,-60.72479,55.0,538.0,Municipio Rosario,Municipio,Rosario,820210,Servicio de Catastro e Información Territorial,IGN
2019,8468,2019-07-22,Lunes,,13:40:00,,0.0,1,Moto/Ciclomotor,Av. Pellegrini 4600,1,0,1,0,0,0,0,"-32.94868, -60.68873",Calle,,ROSARIO,Rosario,S/D,S/D,II,S/D,Urbana,S/D,S/D,Intersección,S/D,S/D,Diurna,S/D,Contra objeto fijo,S/D,Colisión,S/D,S/D,S/D,S/D,"-32.94868, -60.68873",['Pellegrini 4600'],1,,-32.94868,-60.68873,55.0,538.0,Municipio Rosario,Municipio,Rosario,820210,Servicio de Catastro e Información Territorial,IGN
2019,8469,2019-10-23,Miercoles,,13:10:00,,0.0,2,"Bicicleta,Automóvil",Av. Avellaneda B Y Bv. 27 De Febrero,2,1,1,0,0,0,0,"    -32.9602, -60.68455",Avenida,,ROSARIO,Rosario,Asfalto,Pavimento,II,Dentro,Urbana,Semáforo,Funciona,Otro,Bueno,Buena,Diurna,Buen Tiempo,Otro,Ciclista,Atropello,Ninguna,Faltante,Ninguna,Sin restricción,"    -32.9602, -60.68455","['Avellaneda', '27 de Febrero']",2,,-32.9602,-60.68455,55.0,538.0,Municipio Rosario,Municipio,Rosario,820210,Servicio de Catastro e Información Territorial,IGN
2019,8474,2019-07-22,Lunes,,17:45:00,,0.0,2,"Moto/Ciclomotor,Automóvil",Darragueira Y Baigorria,2,0,0,0,1,0,1,"-32.89208, -60.6958",Calle,,ROSARIO,Rosario,S/D,S/D,II,S/D,Urbana,S/D,S/D,Intersección,S/D,S/D,Atardecer,S/D,S/D,S/D,Colisión,S/D,S/D,S/D,S/D,"-32.89208, -60.6958","['José Darragueira', 'Baigorria']",2,,-32.89208,-60.6958,55.0,538.0,Municipio Rosario,Municipio,Rosario,820210,Servicio de Catastro e Información Territorial,IGN
2019,8547,2019-05-03,Viernes,,03:50:00,,0.0,2,"Moto/Ciclomotor,Automóvil",Av. Luis Carballo Y Bv. Avellaneda,3,1,0,0,1,1,0,"-32.921998,-60.674693",Avenida,,ROSARIO,Rosario,Asfalto,No existe,II,Dentro,Urbana,Semáforo,Funciona,Intersección,Bueno,S/D,Nocturna,S/D,S/D,S/D,Colisión,S/D,"Horizontal,Vertical","Ninguna,S/D",Sin restricción,"-32.921998,-60.674693","['Avenida Doctor Luis Cándido Carballo', 'Avellaneda']",2,,-32.921998,-60.674693,55.0,538.0,Municipio Rosario,Municipio,Rosario,820210,Servicio de Catastro e Información Territorial,IGN
2019,8575,2019-12-14,Sabado,,13:10:00,,0.0,3,"Automóvil,Automóvil,Automóvil",Donado Y Derqui,7,2,1,0,4,0,0,"-32.93844, -60.72708",Calle,,ROSARIO,Rosario,Asfalto,Pavimento,II,Dentro,Urbana,Ninguna,No existe,Recta,Deteriorada,Buena,Diurna,S/D,Múltiple,S/D,Colisión,Ninguna,Faltante,Ninguna,Sin restricción,"-32.93844, -60.72708","['Donado', 'Derqui']",2,,-32.93844,-60.72708,55.0,538.0,Municipio Rosario,Municipio,Rosario,820210,Servicio de Catastro e Información Territorial,IGN
2019,8576,2019-12-09,Lunes,,17:20:00,,0.0,2,"Moto/Ciclomotor,Automóvil",Nicaragua 200,2,1,0,0,1,0,0,"-32.92765, -60.72128",Calle,,ROSARIO,Rosario,Asfalto,No existe,II,Dentro,Urbana,Ninguna,No existe,Recta,Bueno,Buena,Diurna,Buen Tiempo,De alcance,S/D,Colisión,Ninguna,S/D,Ninguna,Sin restricción,"-32.92765, -60.72128",['Nicaragua 200'],1,,-32.92765,-60.72128,55.0,538.0,Municipio Rosario,Municipio,Rosario,820210,Servicio de Catastro e Información Territorial,IGN
2019,8577,2019-12-12,Jueves,,12:25:00,,0.0,2,"Moto/Ciclomotor,Moto/Ciclomotor",Sanchez de Loria Y J.J.Paso,3,2,0,0,1,0,0,"-32.93566, -60.73188",Calle,,ROSARIO,Rosario,Asfalto,No existe,II,Dentro,Urbana,Ninguna,No existe,Recta,Bueno,Buena,Diurna,Buen Tiempo,Lateral,S/D,Colisión,Ninguna,S/D,Ninguna,Sin restricción,"-32.93566, -60.73188","['Sánchez de Loria', 'Paso']",2,,-32.93566,-60.73188,55.0,538.0,Municipio Rosario,Municipio,Rosario,820210,Servicio de Catastro e Información Territorial,IGN
2019,8578,2019-12-15,Domingo,,21:55:00,,0.0,1,Moto/Ciclomotor,Av. Eva Peron ,2,2,0,0,0,0,0,"-32.93147, -60.72179",Avenida,,ROSARIO,Rosario,Asfalto,No existe,II,Dentro,Urbana,Ninguna,No existe,Recta,Otro,Buena,Nocturna,Buen Tiempo,S/D,S/D,Caída ocupante,Ninguna,S/D,Guardarrail,Sin restricción,"-32.93147, -60.72179",['Eva Peron'],1,,-32.93147,-60.72179,55.0,538.0,Municipio Rosario,Municipio,Rosario,820210,Servicio de Catastro e Información Territorial,IGN
2019,8579,2019-12-14,Sabado,,10:40:00,,0.0,2,"Moto/Ciclomotor,Camión",French ,2,1,0,0,1,0,0,"-32.92205, -60.72299",Calle,,ROSARIO,Rosario,Asfalto,No existe,II,Dentro,Urbana,Ninguna,No existe,Recta,Bueno,Buena,Diurna,Buen Tiempo,De alcance,S/D,Colisión,Ninguna,S/D,Ninguna,Sin restricción,"-32.92205, -60.72299",['French'],1,,-32.92205,-60.72299,55.0,538.0,Municipio Rosario,Municipio,Rosario,820210,Servicio de Catastro e Información Territorial,IGN
2019,8589,2019-11-19,Martes,,13:15:00,,0.0,2,"Bicicleta,Automóvil",Av. Pellegrini 5150,2,1,0,0,1,0,0,"-32.948007412642,-60.693923260019",Avenida,,ROSARIO,Rosario,Asfalto,No existe,II,Dentro,Urbana,Semáforo,Funciona,Recta,Bueno,Buena,Diurna,Buen Tiempo,S/D,Ciclista,Atropello,Ninguna,"Horizontal,Vertical","Cordón divisorio,Línea divisoria pintada",Sin restricción,"-32.948007412642,-60.693923260019",['Pellegrini 5150'],1,,-32.948007412642,-60.693923260019,55.0,538.0,Municipio Rosario,Municipio,Rosario,820210,Servicio de Catastro e Información Territorial,IGN
2019,8591,2019-11-05,Martes,,07:30:00,,0.0,3,"Pickup/Utilitario,Automóvil,Automóvil",Av. Pellegrini Y Av. Provincias Unidas,5,1,0,0,4,0,0,"-32.948501390869,-60.712173532492",Avenida,,ROSARIO,Rosario,Asfalto,No existe,II,Dentro,Urbana,Semáforo,Funciona,Intersección,Bueno,Buena,Diurna,Buen Tiempo,Múltiple,S/D,Colisión,Ninguna,"Horizontal,Vertical","Cordón divisorio,Línea divisoria pintada",Sin restricción,"-32.948501390869,-60.712173532492","['Pellegrini', 'Avenida Provincias Unidas']",2,,-32.948501390869,-60.712173532492,55.0,538.0,Municipio Rosario,Municipio,Rosario,820210,Servicio de Catastro e Información Territorial,IGN
2019,8596,2019-11-19,Martes,,20:30:00,,0.0,1,Cuatriciclo,Av. Provincias Unidas Y Rivarola,1,1,0,0,0,0,0,"-32.965752082026,-60.711641700166",Avenida,,ROSARIO,Rosario,Asfalto,Pavimento,II,Dentro,Urbana,Semáforo,Funciona,Intersección,Bueno,Buena,Diurna,Buen Tiempo,S/D,S/D,Caída ocupante,Ninguna,"Horizontal,Vertical","Cordón divisorio,Línea divisoria pintada",Sin restricción,"-32.965752082026,-60.711641700166","['Avenida Provincias Unidas', 'Rivarola']",2,,-32.965752082026,-60.711641700166,55.0,538.0,Municipio Rosario,Municipio,Rosario,820210,Servicio de Catastro e Información Territorial,IGN
2019,8597,2019-11-16,Sabado,,12:30:00,,0.0,2,"Moto/Ciclomotor,Automóvil",Garay Y Valparaiso,2,1,0,0,1,0,0,"-32.96662181607,-60.688934357483",Calle,,ROSARIO,Rosario,Asfalto,No existe,II,Dentro,Urbana,Ninguna,No existe,Intersección,Bueno,Buena,Diurna,Buen Tiempo,S/D,S/D,Colisión,Ninguna,Faltante,Ninguna,Sin restricción,"-32.96662181607,-60.688934357483","['Garay', 'Valparaíso']",2,,-32.96662181607,-60.688934357483,55.0,538.0,Municipio Rosario,Municipio,Rosario,820210,Servicio de Catastro e Información Territorial,IGN
2019,8600,2019-11-13,Miercoles,,12:10:00,,0.0,2,"Automóvil,Moto/Ciclomotor",Danieri Y Rivarola,2,1,0,0,1,0,0,"-32.966126665096,-60.723515996375",Calle,,ROSARIO,Rosario,Asfalto,No existe,II,Dentro,Urbana,Paso Peatonal,No existe,Intersección,Bueno,Buena,Diurna,Buen Tiempo,Lateral,S/D,Colisión,Ninguna,Horizontal,"Cordón divisorio,Línea divisoria pintada",Sin restricción,"-32.966126665096,-60.723515996375","['Danieri', 'Rivarola']",2,,-32.966126665096,-60.723515996375,55.0,538.0,Municipio Rosario,Municipio,Rosario,820210,Servicio de Catastro e Información Territorial,IGN
2019,8601,2019-11-11,Lunes,,16:10:00,,0.0,2,"Pickup/Utilitario,Moto/Ciclomotor",Amenabar 6900,3,1,0,0,2,0,0,"-32.964030787829,-60.714191698138",Calle,,ROSARIO,Rosario,Asfalto,No existe,II,Dentro,Urbana,Ninguna,No existe,Intersección,Bueno,Buena,Diurna,S/D,S/D,S/D,Colisión,Ninguna,Faltante,S/D,Sin restricción,"-32.964030787829,-60.714191698138",['Amenabar 6900'],1,,-32.964030787829,-60.714191698138,55.0,538.0,Municipio Rosario,Municipio,Rosario,820210,Servicio de Catastro e Información Territorial,IGN
2019,8604,2019-11-08,Viernes,,14:10:00,,0.0,2,"Moto/Ciclomotor,Automóvil",Godoy Cruz 7600,2,1,0,0,1,0,0,"-32.889987308085,-60.694830421241",Calle,,ROSARIO,Rosario,Asfalto,No existe,II,Dentro,Urbana,Ninguna,No existe,Recta,Bueno,Buena,Diurna,Buen Tiempo,S/D,S/D,Colisión,Ninguna,Faltante,Ninguna,Sin restricción,"-32.889987308085,-60.694830421241",['Godoy Cruz 7600'],1,,-32.889987308085,-60.694830421241,55.0,538.0,Municipio Rosario,Municipio,Rosario,820210,Servicio de Catastro e Información Territorial,IGN