anio_acci,nro_acci,fecha,desc_dia,fecha_aprox,hora_aprox,desc_ruta,km,cant_participantes,desc_participante,calle_avenida_km,total,heridos_leves,heridos_graves,heridos_gravisimos,ilesos,fallecidos,sin_datos,posicion_XY,desc_tipo_via,desc_ruta_ori,desc_loc,desc_dpto,desc_tipo_calzada,desc_tipo_banquina,desc_unidad_regional,desc_lugar_calzada,desc_zona,desc_prioridad,desc_estado_semaforo,desc_lugar_via,desc_estado_via,desc_estado_visibilidad,desc_luminosidad,desc_estado_clima,desc_tipo_colision,desc_tipo_atropello,desc_tipo_hecho,desc_pres_calzada,desc_senializacion,desc_separacion_via,desc_restriccion,forma_geocod,calle_lista,numero_calles,calles_osm,lat,lon,index_right,gid,fna,gna,nam,in1,fdc,sag
2019,8605,2019-11-08,Viernes,,03:00:00,,0.0,3,"Pickup/Utilitario,Taxi/Remis,Automóvil",Av. Pellegrini Y Av. Provincias Unidas,5,2,0,0,3,0,0,"-32.948501390869,-60.712173532492",Avenida,,ROSARIO,Rosario,Asfalto,No existe,II,Dentro,Urbana,Semáforo,Funciona,Intersección,Bueno,Buena,Nocturna,Buen Tiempo,Lateral,S/D,Colisión,Ninguna,"Horizontal,Vertical","Barrera de alto impacto,Cordón divisorio,Línea divisoria pintada",Sin restricción,"-32.948501390869,-60.712173532492","['Pellegrini', 'Avenida Provincias Unidas']",2,,-32.948501390869,-60.712173532492,55.0,538.0,Municipio Rosario,Municipio,Rosario,820210,Servicio de Catastro e Información Territorial,IGN
2019,8609,2019-11-03,Domingo,,23:35:00,,0.0,2,"Peatón,Automóvil",Av. Pellegrini Y Garzon,2,1,0,0,1,0,0,"-32.948315737226,-60.705307582084",Avenida,,ROSARIO,Rosario,Asfalto,No existe,II,Dentro,Urbana,Semáforo,Funciona,Recta,Bueno,Buena,Nocturna,Buen Tiempo,S/D,Peatón,Atropello,Ninguna,"Horizontal,Vertical","Cordón divisorio,Línea divisoria pintada",Sin restricción,"-32.948315737226,-60.705307582084","['Pellegrini', 'Garzón']",2,,-32.948315737226,-60.705307582084,55.0,538.0,Municipio Rosario,Municipio,Rosario,820210,Servicio de Catastro e Información Territorial,IGN
2019,8625,2019-07-23,Martes,,04:15:00,,0.0,2,"Moto/Ciclomotor,Automóvil",Av. Battle y Ordoñez Y Mariano Moreno,3,1,0,0,1,0,1,"-33.00924, -60.66167",Calle,,ROSARIO,Rosario,S/D,S/D,II,S/D,Urbana,S/D,S/D,Intersección,S/D,S/D,Nocturna,S/D,S/D,S/D,Colisión,S/D,S/D,S/D,S/D,"-33.00924, -60.66167","['Avenida Battle y Ordoñez', 'Mariano Moreno']",2,,-33.00924,-60.66167,55.0,538.0,Municipio Rosario,Municipio,Rosario,820210,Servicio de Catastro e Información Territorial,IGN
2019,8627,2019-07-23,Martes,,13:25:00,,0.0,2,"Moto/Ciclomotor,Automóvil",Centeno Y Crespo,3,2,0,0,1,0,0,"-32.97943, -60.67793",Calle,,ROSARIO,Rosario,S/D,S/D,II,S/D,Urbana,S/D,S/D,Intersección,S/D,S/D,Diurna,S/D,S/D,S/D,Colisión,S/D,S/D,S/D,S/D,"-32.97943, -60.67793","['Centeno', 'Crespo']",2,,-32.97943,-60.67793,55.0,538.0,Municipio Rosario,Municipio,Rosario,820210,Servicio de Catastro e Información Territorial,IGN
2019,8629,2019-07-23,Martes,,17:15:00,,0.0,2,"Moto/Ciclomotor,Automóvil",Donizetti 500,2,0,1,0,1,0,0,"-32.90882, -60.69411",Calle,,ROSARIO,Rosario,S/D,S/D,II,S/D,Urbana,S/D,S/D,Recta,S/D,S/D,Atardecer,S/D,S/D,S/D,Colisión,S/D,S/D,S/D,S/D,"-32.90882, -60.69411",['Donizetti 500'],1,,-32.90882,-60.69411,55.0,538.0,Municipio Rosario,Municipio,Rosario,820210,Servicio de Catastro e Información Territorial,IGN
2019,8639,2019-11-04,Lunes,,02:35:00,,0.0,1,Moto/Ciclomotor,FAVARION 800,1,0,1,0,0,0,0,"-32.973933059409,-60.730176430925",Calle,,ROSARIO,Rosario,Asfalto,No existe,II,Dentro,Urbana,Ninguna,No existe,Recta,Bueno,Reducida,"Nocturna,Con luz artificial",Buen Tiempo,Contra objeto fijo,S/D,Colisión,Ninguna,Faltante,Ninguna,Sin restricción,"-32.973933059409,-60.730176430925",['Favarion 800'],1,,-32.973933059409,-60.730176430925,55.0,538.0,Municipio Rosario,Municipio,Rosario,820210,Servicio de Catastro e Información Territorial,IGN
2019,8640,2019-11-06,Miercoles,,12:15:00,,0.0,2,"Moto/Ciclomotor,Pickup/Utilitario",Garay Y Liniers,2,1,0,0,1,0,0,"-32.965903660765,-60.697558295488",Calle,,ROSARIO,Rosario,Asfalto,No existe,II,Dentro,Urbana,Ninguna,No existe,Intersección,Bueno,Reducida,Diurna,Otro,S/D,S/D,Colisión,Ninguna,Faltante,Ninguna,Sin restricción,"-32.965903660765,-60.697558295488","['Garay', 'Liniers']",2,,-32.965903660765,-60.697558295488,55.0,538.0,Municipio Rosario,Municipio,Rosario,820210,Servicio de Catastro e Información Territorial,IGN
2019,8641,2019-11-23,Sabado,,20:15:00,,0.0,2,"Automóvil,Moto/Ciclomotor",Av. Pellegrini Y Matienzo,2,1,0,0,1,0,0,"-32.948019783166,-60.694383397382",Avenida,,ROSARIO,Rosario,Asfalto,S/D,II,Dentro,Urbana,Semáforo,Funciona,Recta,Bueno,Buena,Nocturna,Buen Tiempo,S/D,S/D,Vuelco,S/D,"Horizontal,Vertical","Cordón divisorio,Línea divisoria pintada",Sin restricción,"-32.948019783166,-60.694383397382","['Pellegrini', 'Matienzo']",2,,-32.948019783166,-60.694383397382,55.0,538.0,Municipio Rosario,Municipio,Rosario,820210,Servicio de Catastro e Información Territorial,IGN
2019,8642,2019-11-28,Jueves,,08:25:00,,0.0,2,"Moto/Ciclomotor,Pickup/Utilitario",Pje. Lejarza Y P.L.Funes,3,1,0,0,2,0,0,"-32.966610098713,-60.700154250193",Calle,,ROSARIO,Rosario,Asfalto,No existe,II,Dentro,Urbana,Ninguna,No existe,Intersección,Bueno,Buena,Diurna,Buen Tiempo,S/D,S/D,Colisión,Ninguna,Faltante,Ninguna,Sin restricción,"-32.966610098713,-60.700154250193","['Lejarza', 'Funes']",2,,-32.966610098713,-60.700154250193,55.0,538.0,Municipio Rosario,Municipio,Rosario,820210,Servicio de Catastro e Información Territorial,IGN
2019,8644,2019-11-28,Jueves,,18:25:00,,0.0,2,"Automóvil,Automóvil",Camino de los Granaderos Y Godoy Cruz,3,1,0,0,2,0,0,"-32.892032125671,-60.706407583356",Avenida,,ROSARIO,Rosario,Asfalto,No existe,II,Dentro,Urbana,Semáforo,Funciona,Recta,Bueno,Buena,Diurna,Buen Tiempo,S/D,S/D,Colisión,Ninguna,"Horizontal,Vertical","Cordón divisorio,Línea divisoria pintada",Sin restricción,"-32.892032125671,-60.706407583356","['Camino de los Granaderos', 'Avenida Presidente Perón']",2,,-32.892032125671,-60.706407583356,55.0,538.0,Municipio Rosario,Municipio,Rosario,820210,Servicio de Catastro e Información Territorial,IGN
2019,8645,2019-11-19,Martes,,18:00:00,,0.0,2,"Bicicleta,Automóvil",Pje. Lejarza Y Tte.Agneta,2,1,0,0,1,0,0,"-32.966581253982,-60.698816464952",Calle,,ROSARIO,Rosario,Asfalto,No existe,II,Dentro,Urbana,Otra Señal,No existe,Intersección,Bueno,Reducida,Nocturna,Buen Tiempo,S/D,Ciclista,Atropello,Ninguna,Vertical,Vegetación,Sin restricción,"-32.966581253982,-60.698816464952","['Lejarza', 'Teniente Agneta']",2,,-32.966581253982,-60.698816464952,55.0,538.0,Municipio Rosario,Municipio,Rosario,820210,Servicio de Catastro e Información Territorial,IGN
2019,8646,2019-11-26,Martes,,17:00:00,,0.0,2,"Automóvil,Moto/Ciclomotor",Bv. Segui Y Matienzo,2,1,0,0,1,0,0,"-32.970598418426,-60.693554850016",Avenida,,ROSARIO,Rosario,Asfalto,No existe,II,Dentro,Urbana,Semáforo,Funciona,Intersección,Bueno,Buena,Diurna,Buen Tiempo,Lateral,S/D,Colisión,Ninguna,"Horizontal,Vertical","Cordón divisorio,Línea divisoria pintada",Sin restricción,"-32.970598418426,-60.693554850016","['Bulevar Juan Francisco Seguí', 'Matienzo']",2,,-32.970598418426,-60.693554850016,55.0,538.0,Municipio Rosario,Municipio,Rosario,820210,Servicio de Catastro e Información Territorial,IGN
2019,8652,2019-12-10,Martes,,07:10:00,,0.0,2,"Moto/Ciclomotor,Automóvil",Velez Sarsfield 6800,2,1,0,0,1,0,0,"-32.92604, -60.71449",Calle,,ROSARIO,Rosario,Asfalto,No existe,II,Dentro,Urbana,Ninguna,No existe,Recta,Bueno,Buena,Diurna,Buen Tiempo,De alcance,S/D,Colisión,Ninguna,S/D,Ninguna,Sin restricción,"-32.92604, -60.71449",['Velez Sarsfield 6800'],1,,-32.92604,-60.71449,55.0,538.0,Municipio Rosario,Municipio,Rosario,820210,Servicio de Catastro e Información Territorial,IGN
2019,8654,2019-11-15,Viernes,,12:40:00,,0.0,2,"Automóvil,Moto/Ciclomotor",Mendoza Y Tarragona,2,0,0,1,1,0,0,"-32.940231, -60.734070",Avenida,,ROSARIO,Rosario,Asfalto,No existe,II,Dentro,Urbana,S/D,No existe,Recta,Bueno,Buena,Diurna,Buen Tiempo,Contra objeto fijo,S/D,Colisión,Ninguna,Faltante,Cordón divisorio,Sin restricción,"-32.940231, -60.734070","['Mendoza', 'Tarragona']",2,,-32.940231,-60.73407,55.0,538.0,Municipio Rosario,Municipio,Rosario,820210,Servicio de Catastro e Información Territorial,IGN
2019,8655,2019-12-11,Miercoles,,14:25:00,,0.0,2,"Moto/Ciclomotor,Automóvil",Magallanes Y Perez Bulnes,2,2,0,0,0,0,0,"-32.94224, -60.7044",Calle,,ROSARIO,Rosario,Asfalto,Pavimento,II,Dentro,Urbana,Señal Pare,No existe,Intersección,Bueno,Buena,Diurna,Buen Tiempo,Lateral,S/D,Colisión,Ninguna,S/D,Ninguna,Sin restricción,"-32.94224, -60.7044","['Magallanes', 'Pérez Bulnes']",2,,-32.94224,-60.7044,55.0,538.0,Municipio Rosario,Municipio,Rosario,820210,Servicio de Catastro e Información Territorial,IGN
2019,8656,2019-11-07,Jueves,,09:35:00,,0.0,2,"Moto/Ciclomotor,Automóvil",Av. Provincias Unidas Y Montevideo,3,1,0,0,2,0,0,"-32.947485, -60.712262",Avenida,,ROSARIO,Rosario,Asfalto,No existe,II,Dentro,Urbana,Semáforo,Funciona,Recta,Bueno,Buena,Diurna,Buen Tiempo,Lateral,S/D,Colisión,Ninguna,"Horizontal,Vertical",Cordón divisorio,Sin restricción,"-32.947485, -60.712262","['Avenida Provincias Unidas', 'Montevideo']",2,,-32.947485,-60.712262,55.0,538.0,Municipio Rosario,Municipio,Rosario,820210,Servicio de Catastro e Información Territorial,IGN
2019,8658,2019-12-13,Viernes,,23:25:00,,0.0,2,"Moto/Ciclomotor,Pickup/Utilitario",Av. Provincias Unidas Y Montevideo,6,3,0,0,3,0,0,"-32.94747, -60.71225",Avenida,,ROSARIO,Rosario,Asfalto,Pavimento,II,Dentro,Urbana,Paso Peatonal,Intermitente,Intersección,Deteriorada,Buena,Nocturna,Buen Tiempo,Lateral,S/D,Colisión,Ninguna,S/D,Cordón divisorio,Sin restricción,"-32.94747, -60.71225","['Avenida Provincias Unidas', 'Montevideo']",2,,-32.94747,-60.71225,55.0,538.0,Municipio Rosario,Municipio,Rosario,820210,Servicio de Catastro e Información Territorial,IGN
2019,8659,2019-11-01,Viernes,,11:00:00,,0.0,2,"Automóvil,Moto/Ciclomotor",Pje. Korn Y Pje. 1528 Bis,3,1,0,0,2,0,0,"-32.926873, -60.704722",Calle,,ROSARIO,Rosario,Asfalto,No existe,II,Dentro,Urbana,Ninguna,No existe,Intersección,Bueno,Buena,Diurna,Buen Tiempo,Lateral,S/D,Colisión,Ninguna,Faltante,Ninguna,Sin restricción,"-32.926873, -60.704722","['Korn', 'Pasaje 1528']",2,,-32.926873,-60.704722,55.0,538.0,Municipio Rosario,Municipio,Rosario,820210,Servicio de Catastro e Información Territorial,IGN
2019,8660,2019-12-14,Sabado,,21:40:00,,0.0,2,"Moto/Ciclomotor,Automóvil",J.J.Paso 5700,2,1,0,0,1,0,0,"-32.91988, -60.70265",Calle,,ROSARIO,Rosario,Asfalto,No existe,II,Dentro,Urbana,S/D,No existe,Recta,Bueno,Buena,Nocturna,Buen Tiempo,Lateral,S/D,Colisión,Ninguna,Faltante,Ninguna,Sin restricción,"-32.91988, -60.70265",['Juan José Paso 5700'],1,,-32.91988,-60.70265,55.0,538.0,Municipio Rosario,Municipio,Rosario,820210,Servicio de Catastro e Información Territorial,IGN
2019,8661,2019-11-25,Lunes,,02:00:00,,0.0,2,"Moto/Ciclomotor,Automóvil",Camilo Aldao Y French,3,2,0,0,1,0,0,"-32.921440, -60.696695",Calle,,ROSARIO,Rosario,Asfalto,No existe,II,Dentro,Urbana,Ninguna,No existe,Intersección,Bueno,Buena,"Nocturna,Con luz artificial",Buen Tiempo,Lateral,S/D,Colisión,Ninguna,Faltante,Ninguna,Sin restricción,"-32.921440, -60.696695","['Camilo Aldao', 'French']",2,,-32.92144,-60.696695,55.0,538.0,Municipio Rosario,Municipio,Rosario,820210,Servicio de Catastro e Información Territorial,IGN
2019,8662,2019-12-10,Martes,,20:10:00,,0.0,2,"Moto/Ciclomotor,Automóvil",Av. Provincias Unidas Y Av. Sorrento,2,1,0,0,1,0,0,"-32.90837, -60.71409",Calle,,ROSARIO,Rosario,S/D,S/D,II,S/D,Urbana,S/D,S/D,Intersección,S/D,S/D,S/D,S/D,S/D,S/D,Colisión,S/D,S/D,S/D,S/D,"-32.90837, -60.71409","['Avenida Provincias Unidas', 'Sorrento']",2,,-32.90837,-60.71409,55.0,538.0,Municipio Rosario,Municipio,Rosario,820210,Servicio de Catastro e Información Territorial,IGN
2019,8664,2019-11-21,Jueves,,09:10:00,,0.0,2,"Automóvil,Bicicleta",J.J.Paso 5900,2,1,0,0,1,0,0,"-32.919975, -60.704401",Avenida,,ROSARIO,Rosario,Asfalto,No existe,II,Dentro,Urbana,Semáforo,Funciona,Recta,Bueno,Buena,Diurna,Buen Tiempo,S/D,Ciclista,Atropello,Ninguna,"Horizontal,Vertical",Cordón divisorio,Sin restricción,"-32.919975, -60.704401",['Juan José Paso 5900'],1,,-32.919975,-60.704401,55.0,538.0,Municipio Rosario,Municipio,Rosario,820210,Servicio de Catastro e Información Territorial,IGN
2019,8665,2019-12-12,Jueves,,20:20:00,,0.0,2,"Moto/Ciclomotor,Automóvil",Av. Genova Y Chaco Bis,2,0,1,0,1,0,0,"-32.91549,-60.69645",Calle,,ROSARIO,Rosario,Asfalto,S/D,II,S/D,Urbana,S/D,S/D,Intersección,Bueno,S/D,S/D,S/D,Lateral,S/D,Colisión,S/D,S/D,S/D,S/D,"-32.91549,-60.69645","['Genova', 'Chaco']",2,,-32.91549,-60.69645,55.0,538.0,Municipio Rosario,Municipio,Rosario,820210,Servicio de Catastro e Información Territorial,IGN
2019,8666,2019-11-27,Miercoles,,11:15:00,,0.0,2,"Moto/Ciclomotor,Moto/Ciclomotor",Av. Provincias Unidas Bis 935,4,3,0,0,1,0,0,"-32.918065, -60.713843",Avenida,,ROSARIO,Rosario,Asfalto,No existe,II,Dentro,Urbana,Ninguna,No existe,Recta,Bueno,Buena,Diurna,Buen Tiempo,De alcance,S/D,Colisión,Ninguna,Faltante,Ninguna,Sin restricción,"-32.918065, -60.713843",['Provincias Unidas Bis 935'],1,,-32.918065,-60.713843,55.0,538.0,Municipio Rosario,Municipio,Rosario,820210,Servicio de Catastro e Información Territorial,IGN
2019,8667,2019-12-11,Miercoles,,17:50:00,,0.0,2,"Bicicleta,Moto/Ciclomotor",Campbell ,2,2,0,0,0,0,0,"-32.976755705858, -60.706379990598",Calle,,ROSARIO,Rosario,Asfalto,Pavimento,II,Dentro,Urbana,Ninguna,No existe,Recta,Otro,Buena,Diurna,Otro,S/D,Ciclista,Atropello,Otro,S/D,"Cordón divisorio,Vegetación",Sin restricción,"-32.976755705858, -60.706379990598",['Campbell'],1,,-32.976755705858,-60.706379990598,55.0,538.0,Municipio Rosario,Municipio,Rosario,820210,Servicio de Catastro e Información Territorial,IGN
2019,8668,2019-12-11,Miercoles,,18:30:00,,0.0,2,"Moto/Ciclomotor,Automóvil",Ricardo Rojas ,2,0,1,0,0,0,1,"-32.952827827865, -60.725056402449",Calle,,ROSARIO,Rosario,Asfalto,Pavimento,II,Dentro,Urbana,S/D,S/D,Intersección,S/D,S/D,S/D,S/D,S/D,S/D,Colisión,S/D,S/D,S/D,S/D,"-32.952827827865, -60.725056402449",['Ricardo Rojas'],1,,-32.952827827865,-60.725056402449,55.0,538.0,Municipio Rosario,Municipio,Rosario,820210,Servicio de Catastro e Información Territorial,IGN
2019,8669,2019-11-26,Martes,,12:05:00,,0.0,2,"Automóvil,Moto/Ciclomotor",Ottone Bis Y Pje. Pelayo,2,0,0,0,1,1,0,"-32.919313, -60.700864",Calle,,ROSARIO,Rosario,Asfalto,No existe,II,Dentro,Urbana,Semáforo,Funciona,Intersección,Bueno,Buena,Diurna,Buen Tiempo,"Contra objeto fijo,Lateral",S/D,Colisión,Ninguna,Faltante,Ninguna,Sin restricción,"-32.919313, -60.700864","['Ottone', 'Pelayo']",2,,-32.919313,-60.700864,55.0,538.0,Municipio Rosario,Municipio,Rosario,820210,Servicio de Catastro e Información Territorial,IGN
2019,8670,2019-12-13,Viernes,,16:50:00,,0.0,2,"Automóvil,Moto/Ciclomotor",Irurtia Y Danieri,3,2,0,0,1,0,0,"-32.96249, -60.72389",Calle,,ROSARIO,Rosario,Asfalto,Pavimento,II,Dentro,Urbana,Ninguna,No existe,Intersección,Bueno,Buena,Diurna,Otro,S/D,S/D,S/D,S/D,S/D,"Cordón divisorio,Vegetación",Sin restricción,"-32.96249, -60.72389","['Irurtia', 'Danieri']",2,,-32.96249,-60.72389,55.0,538.0,Municipio Rosario,Municipio,Rosario,820210,Servicio de Catastro e Información Territorial,IGN
2019,8671,2019-11-18,Lunes,,20:55:00,,0.0,2,"Automóvil,Pickup/Utilitario",Morrison 8160,2,1,0,0,0,0,1,"-32.925745, -60.738148",Calle,,ROSARIO,Rosario,Asfalto,No existe,II,Dentro,Urbana,Ninguna,No existe,Recta,Bueno,Buena,Nocturna,Buen Tiempo,De alcance,S/D,Colisión,Ninguna,Faltante,Ninguna,Sin restricción,"-32.925745, -60.738148",['Morrison 8160'],1,,-32.925745,-60.738148,55.0,538.0,Municipio Rosario,Municipio,Rosario,820210,Servicio de Catastro e Información Territorial,IGN
2019,8672,2019-12-14,Sabado,,,,0.0,1,Automóvil,Mariano Moreno Y Pje. 507,1,1,0,0,0,0,0,"-33.01126, -60.66151",Calle,,ROSARIO,Rosario,Asfalto,Pavimento,II,S/D,Urbana,S/D,S/D,Recta,Bueno,Buena,Nocturna,Buen Tiempo,Contra objeto fijo,S/D,Colisión,Ninguna,S/D,S/D,Sin restricción,"-33.01126, -60.66151","['Mariano Moreno', 'Pasaje 507']",2,,-33.01126,-60.66151,55.0,538.0,Municipio Rosario,Municipio,Rosario,820210,Servicio de Catastro e Información Territorial,IGN
2019,8673,2019-11-18,Lunes,,19:40:00,,0.0,2,"Moto/Ciclomotor,Pickup/Utilitario",Av. Provincias Unidas Y Junin,3,2,0,0,0,0,1,"-32.927596, -60.713168",Avenida,,ROSARIO,Rosario,Asfalto,No existe,II,Dentro,Urbana,Semáforo,Funciona,Recta,Bueno,Buena,Diurna,Buen Tiempo,Lateral,S/D,Colisión,Ninguna,"Horizontal,Vertical",Cordón divisorio,Sin restricción,"-32.927596, -60.713168","['Avenida Provincias Unidas', 'Junín']",2,,-32.927596,-60.713168,55.0,538.0,Municipio Rosario,Municipio,Rosario,820210,Servicio de Catastro e Información Territorial,IGN
2019,8674,2019-11-11,Lunes,,17:20:00,,0.0,2,"Moto/Ciclomotor,Automóvil",Alvarez Condarco Y La Republica,2,1,0,0,1,0,0,"-32.919778, -60.755494",Calle,,ROSARIO,Rosario,Asfalto,No existe,II,Dentro,Urbana,Ninguna,No existe,Intersección,Bueno,Buena,Diurna,Buen Tiempo,Lateral,S/D,Colisión,Ninguna,Faltante,Ninguna,Sin restricción,"-32.919778, -60.755494","['Álvarez Condarco', 'La República']",2,,-32.919778,-60.755494,55.0,538.0,Municipio Rosario,Municipio,Rosario,820210,Servicio de Catastro e Información Territorial,IGN
2019,8683,2019-10-06,Domingo,,,,0.0,1,Automóvil,J.J.Paso Y Brasil,1,1,0,0,0,0,0,"-32.92049, -60.72036",S/D,,ROSARIO,Rosario,S/D,S/D,II,S/D,S/D,S/D,S/D,S/D,S/D,S/D,S/D,S/D,Contra objeto fijo,S/D,S/D,S/D,S/D,S/D,S/D,"-32.92049, -60.72036","['Paso', 'Brasil']",2,,-32.92049,-60.72036,55.0,538.0,Municipio Rosario,Municipio,Rosario,820210,Servicio de Catastro e Información Territorial,IGN
2019,8699,2019-07-23,Martes,,23:30:00,,0.0,2,"Moto/Ciclomotor,Pickup/Utilitario",Biedma Y San Nicolas,2,0,1,0,1,0,0,"-32.97526, -60.68117",Calle,,ROSARIO,Rosario,S/D,S/D,II,S/D,Urbana,S/D,S/D,Intersección,S/D,S/D,Nocturna,S/D,S/D,S/D,Colisión,S/D,S/D,S/D,S/D,"-32.97526, -60.68117","['Coronel Biedma', 'San Nicolás']",2,,-32.97526,-60.68117,55.0,538.0,Municipio Rosario,Municipio,Rosario,820210,Servicio de Catastro e Información Territorial,IGN
2019,8700,2019-11-26,Martes,,19:50:00,,0.0,3,"Peatón,Peatón,Automóvil",Edmundo Rivero 5555,3,2,0,0,1,0,0,"-32.974567637102,-60.698067933453",Calle,,ROSARIO,Rosario,Asfalto,No existe,II,Dentro,Urbana,Ninguna,No existe,Intersección,Deteriorada,Reducida,Nocturna,Buen Tiempo,S/D,Peatón,Atropello,Ninguna,Faltante,Ninguna,Sin restricción,"-32.974567637102,-60.698067933453",['Edmundo Rivero 5555'],1,,-32.974567637102,-60.698067933453,55.0,538.0,Municipio Rosario,Municipio,Rosario,820210,Servicio de Catastro e Información Territorial,IGN
2019,8702,2019-11-24,Domingo,,18:45:00,,0.0,2,"Automóvil,Moto/Ciclomotor",Alsina Y Ituzaingo,3,2,0,0,1,0,0,"-32.953865493077,-60.680008423191",Calle,,ROSARIO,Rosario,Asfalto,No existe,II,Dentro,Urbana,Ninguna,No existe,Intersección,Bueno,Buena,Diurna,Buen Tiempo,S/D,S/D,Colisión,Ninguna,Faltante,Ninguna,Sin restricción,"-32.953865493077,-60.680008423191","['Alsina', 'Ituzaingó']",2,,-32.953865493077,-60.680008423191,55.0,538.0,Municipio Rosario,Municipio,Rosario,820210,Servicio de Catastro e Información Territorial,IGN
2019,8704,2019-11-24,Domingo,,16:10:00,,0.0,3,"Automóvil,Automóvil,Automóvil",Av. Pellegrini Y Gutenberg,5,1,0,0,4,0,0,"-32.948397575216,-60.690005981998",Avenida,,ROSARIO,Rosario,Asfalto,No existe,II,Dentro,Urbana,Semáforo,Funciona,Intersección,Bueno,Buena,Diurna,S/D,S/D,S/D,Colisión,Ninguna,"Horizontal,Vertical","Cordón divisorio,Línea divisoria pintada",Sin restricción,"-32.948397575216,-60.690005981998","['Pellegrini', 'Gutenberg']",2,,-32.948397575216,-60.690005981998,55.0,538.0,Municipio Rosario,Municipio,Rosario,820210,Servicio de Catastro e Información Territorial,IGN
2019,8705,2019-07-16,Martes,,08:50:00,,0.0,2,"Moto/Ciclomotor,Automóvil",Grandoli Y Dr.Rivas,2,1,0,0,1,0,0,"-32.98711, -60.62835",Calle,,ROSARIO,Rosario,S/D,S/D,II,S/D,Urbana,S/D,S/D,Intersección,S/D,S/D,Diurna,S/D,S/D,S/D,Colisión,S/D,S/D,S/D,S/D,"-32.98711, -60.62835","['Avenida Abanderado Grandoli', 'Doctor Francisco Riva']",2,,-32.98711,-60.62835,55.0,538.0,Municipio Rosario,Municipio,Rosario,820210,Servicio de Catastro e Información Territorial,IGN
2019,8706,2019-11-26,Martes,,18:40:00,,0.0,2,"Automóvil,Moto/Ciclomotor",Av. Provincias Unidas Y Rueda,3,2,0,0,1,0,0,"-32.962776314924,-60.711759454086",Calle,,ROSARIO,Rosario,Asfalto,No existe,II,Dentro,Urbana,Ninguna,No existe,Intersección,Bueno,Buena,Diurna,Buen Tiempo,S/D,S/D,Colisión,Ninguna,Faltante,Cordón divisorio,Sin restricción,"-32.962776314924,-60.711759454086","['Avenida Provincias Unidas', 'Rueda']",2,,-32.962776314924,-60.711759454086,55.0,538.0,Municipio Rosario,Municipio,Rosario,820210,Servicio de Catastro e Información Territorial,IGN
2019,8726,2019-11-07,Jueves,,22:10:00,,0.0,2,"Moto/Ciclomotor,Peatón",AV EVA PERON  Y JUAN PABLO II,2,1,1,0,0,0,0,"-32.931435, -60.721823",Calle,,ROSARIO,Rosario,Asfalto,No existe,II,Dentro,Urbana,Ninguna,Funciona,Intersección,Bueno,Buena,"Nocturna,Con luz artificial",Buen Tiempo,S/D,Peatón,Atropello,Ninguna,"Horizontal,Vertical",Ninguna,Sin restricción,"-32.931435, -60.721823","['Avenida Eva Perón', 'Juan Pablo II']",2,,-32.931435,-60.721823,55.0,538.0,Municipio Rosario,Municipio,Rosario,820210,Servicio de Catastro e Información Territorial,IGN
2019,8727,2019-11-07,Jueves,,17:50:00,,0.0,2,"Moto/Ciclomotor,Automóvil",Av. Eva Peron Y Ugarteche Bis,5,1,0,0,4,0,0,"-32.925743, -60.759157",Avenida,,ROSARIO,Rosario,"Asfalto,Ripio",Ripio,II,Dentro,Urbana,Ninguna,No existe,Intersección,Bueno,Buena,Diurna,Buen Tiempo,Lateral,S/D,Colisión,Ninguna,Faltante,Ninguna,Sin restricción,"-32.925743, -60.759157","['Avenida Eva Perón', 'Ugarteche']",2,,-32.925743,-60.759157,55.0,538.0,Municipio Rosario,Municipio,Rosario,820210,Servicio de Catastro e Información Territorial,IGN
2019,8728,2019-11-15,Viernes,,18:45:00,,0.0,2,"Moto/Ciclomotor,Automóvil",AV EVA PERON Y JUAN PABLO II,2,0,1,0,1,0,0,"-32.931471, -60.721822",Avenida,,ROSARIO,Rosario,Asfalto,No existe,II,Dentro,Urbana,Semáforo,Funciona,Intersección,Bueno,Buena,Diurna,Buen Tiempo,De alcance,S/D,Colisión,Ninguna,"Horizontal,Vertical",Cordón divisorio,Sin restricción,"-32.931471, -60.721822","['Avenida Eva Perón', 'Juan Pablo II']",2,,-32.931471,-60.721822,55.0,538.0,Municipio Rosario,Municipio,Rosario,820210,Servicio de Catastro e Información Territorial,IGN
2019,8729,2019-11-28,Jueves,,17:45:00,,0.0,2,"Bicicleta,Moto/Ciclomotor",J.J.Paso Y Larrea,2,1,0,0,0,0,1,"-32.919808, -60.698091",Avenida,,ROSARIO,Rosario,Asfalto,No existe,II,Dentro,Urbana,Marca Vial,No existe,Intersección,Bueno,Buena,Diurna,Buen Tiempo,S/D,Ciclista,Atropello,Ninguna,Horizontal,Línea divisoria pintada,Sin restricción,"-32.919808, -60.698091","['Paso', 'Larrea']",2,,-32.919808,-60.698091,55.0,538.0,Municipio Rosario,Municipio,Rosario,820210,Servicio de Catastro e Información Territorial,IGN