anio_acci,nro_acci,fecha,desc_dia,fecha_aprox,hora_aprox,desc_ruta,km,cant_participantes,desc_participante,calle_avenida_km,total,heridos_leves,heridos_graves,heridos_gravisimos,ilesos,fallecidos,sin_datos,posicion_XY,desc_tipo_via,desc_ruta_ori,desc_loc,desc_dpto,desc_tipo_calzada,desc_tipo_banquina,desc_unidad_regional,desc_lugar_calzada,desc_zona,desc_prioridad,desc_estado_semaforo,desc_lugar_via,desc_estado_via,desc_estado_visibilidad,desc_luminosidad,desc_estado_clima,desc_tipo_colision,desc_tipo_atropello,desc_tipo_hecho,desc_pres_calzada,desc_senializacion,desc_separacion_via,desc_restriccion,forma_geocod,calle_lista,numero_calles,calles_osm,lat,lon,index_right,gid,fna,gna,nam,in1,fdc,sag
2019,8730,2019-11-06,Miercoles,,14:45:00,,0.0,2,"Moto/Ciclomotor,Pickup/Utilitario",Garcia del Cossio Bis 8500,3,1,0,0,2,0,0,"-32.920456, -60.746593",Calle,,ROSARIO,Rosario,Asfalto,No existe,II,Dentro,Urbana,Ninguna,No existe,Recta,Bueno,Buena,Atardecer,Buen Tiempo,De alcance,S/D,Colisión,Ninguna,Faltante,Ninguna,Sin restricción,"-32.920456, -60.746593",['Garcia Del Cossio Bis 8500'],1,,-32.920456,-60.746593,55.0,538.0,Municipio Rosario,Municipio,Rosario,820210,Servicio de Catastro e Información Territorial,IGN
2019,8731,2019-11-27,Miercoles,,09:00:00,,0.0,2,"Moto/Ciclomotor,Moto/Ciclomotor",Av. Jorge Newbery Y Donado,3,2,0,0,1,0,0,"-32.908351, -60.728495",Avenida,,ROSARIO,Rosario,Asfalto,No existe,II,Dentro,Urbana,Ninguna,No existe,Intersección,Bueno,Buena,Diurna,Buen Tiempo,Lateral,S/D,Colisión,Ninguna,Faltante,Ninguna,Sin restricción,"-32.908351, -60.728495","['Jorge Newbery', 'Donado']",2,,-32.908351,-60.728495,55.0,538.0,Municipio Rosario,Municipio,Rosario,820210,Servicio de Catastro e Información Territorial,IGN
2019,8732,2019-11-12,Martes,,13:10:00,,0.0,2,"Transporte de Pasajeros Urbano (> 8 asientos),Moto/Ciclomotor",Donado Y J.B.Justo,2,1,0,0,1,0,0,"-32.915342, -60.728085",Calle,,ROSARIO,Rosario,Asfalto,No existe,II,Dentro,Urbana,Ninguna,No existe,Intersección,Con baches,Buena,Diurna,Buen Tiempo,Lateral,S/D,Colisión,Ninguna,Faltante,Línea divisoria pintada,Sin restricción,"-32.915342, -60.728085","['Donado', 'Justo']",2,,-32.915342,-60.728085,55.0,538.0,Municipio Rosario,Municipio,Rosario,820210,Servicio de Catastro e Información Territorial,IGN
2019,8733,2019-11-01,Viernes,,16:35:00,,0.0,2,"Pickup/Utilitario,Bicicleta",Av. Genova 9200,2,1,0,0,1,0,0,"-32.917457, -60.765200",Avenida,,ROSARIO,Rosario,Asfalto,No existe,II,Dentro,Urbana,Ninguna,No existe,Intersección,Bueno,Buena,Diurna,Buen Tiempo,S/D,Ciclista,Atropello,Ninguna,Faltante,Ninguna,Sin restricción,"-32.917457, -60.765200",['Genova 9200'],1,,-32.917457,-60.7652,55.0,538.0,Municipio Rosario,Municipio,Rosario,820210,Servicio de Catastro e Información Territorial,IGN
2019,8734,2019-11-17,Domingo,,19:45:00,,0.0,1,Moto/Ciclomotor,J.B.Justo 7700,1,0,1,0,0,0,0,"-32.915347, -60.728146",Calle,,ROSARIO,Rosario,Asfalto,No existe,II,Dentro,Urbana,Semáforo,No existe,Recta,Con baches,Buena,"Nocturna,Con luz artificial",Buen Tiempo,Contra objeto fijo,S/D,Colisión,Ninguna,Vertical,Ninguna,Sin restricción,"-32.915347, -60.728146",['J B Justo 7700'],1,,-32.915347,-60.728146,55.0,538.0,Municipio Rosario,Municipio,Rosario,820210,Servicio de Catastro e Información Territorial,IGN
2019,8735,2019-11-24,Domingo,,13:20:00,,0.0,2,"Automóvil,Moto/Ciclomotor",Av. Jorge Newbery Y Tarragona,2,1,0,0,1,0,0,"-32.908638, -60.735476",Avenida,,ROSARIO,Rosario,Asfalto,Natural,II,Dentro,Urbana,Ninguna,No existe,Intersección,Bueno,Buena,Diurna,Buen Tiempo,Frontal,S/D,Colisión,Ninguna,Faltante,Cordón divisorio,Sin restricción,"-32.908638, -60.735476","['Jorge Newbery', 'Tarragona']",2,,-32.908638,-60.735476,55.0,538.0,Municipio Rosario,Municipio,Rosario,820210,Servicio de Catastro e Información Territorial,IGN
2019,8737,2019-12-13,Viernes,,17:30:00,,0.0,2,"Moto/Ciclomotor,Automóvil",Av. Jorge Cura 2400,2,1,0,0,1,0,0,"-32.97071, -60.66297",Calle,,ROSARIO,Rosario,Asfalto,No existe,II,Dentro,Urbana,S/D,S/D,Recta,S/D,S/D,Diurna,S/D,S/D,S/D,Colisión,S/D,S/D,S/D,Sin restricción,"-32.97071, -60.66297",['Jorge Cura 2400'],1,,-32.97071,-60.66297,55.0,538.0,Municipio Rosario,Municipio,Rosario,820210,Servicio de Catastro e Información Territorial,IGN
2019,8738,2019-12-12,Jueves,,20:05:00,,0.0,2,"Moto/Ciclomotor,Automóvil",Av. Ovidio Lagos Y Av. Arijon,3,1,0,0,2,0,0,"-33.00387, -60.67607",Avenida,,ROSARIO,Rosario,Asfalto,No existe,II,Dentro,Urbana,Ninguna,Funciona,Intersección,S/D,S/D,Atardecer,S/D,S/D,S/D,Colisión,S/D,S/D,Cordón divisorio,Sin restricción,"-33.00387, -60.67607","['Avenida Ovidio Lagos', 'Avenida Manuel Arijón']",2,,-33.00387,-60.67607,55.0,538.0,Municipio Rosario,Municipio,Rosario,820210,Servicio de Catastro e Información Territorial,IGN
2019,8740,2019-12-13,Viernes,,12:20:00,,0.0,2,"Automóvil,Moto/Ciclomotor",Bv. Oroño 4700,3,2,0,0,1,0,0,"-32.9923, -60.66555",Avenida,,ROSARIO,Rosario,Asfalto,No existe,II,S/D,Urbana,S/D,S/D,Recta,S/D,Buena,Diurna,Buen Tiempo,S/D,S/D,Colisión,Ninguna,S/D,Ninguna,Sin restricción,"-32.9923, -60.66555",['Nicasio Oroñoño 4700'],1,,-32.9923,-60.66555,55.0,538.0,Municipio Rosario,Municipio,Rosario,820210,Servicio de Catastro e Información Territorial,IGN
2019,8742,2019-12-16,Lunes,,14:30:00,,0.0,2,"Bicicleta,Automóvil",Av. Ovidio Lagos Y Bv. Segui,2,1,0,0,1,0,0,"-32.97501, -60.66946",Avenida,,ROSARIO,Rosario,Asfalto,Pavimento,II,S/D,Urbana,S/D,S/D,Recta,Bueno,Buena,Diurna,Buen Tiempo,S/D,Ciclista,Atropello,Ninguna,S/D,S/D,Sin restricción,"-32.97501, -60.66946","['Avenida Ovidio Lagos', 'Bulevar Juan Francisco Seguí']",2,,-32.97501,-60.66946,55.0,538.0,Municipio Rosario,Municipio,Rosario,820210,Servicio de Catastro e Información Territorial,IGN
2019,8744,2019-12-13,Viernes,,14:50:00,,0.0,2,"Automóvil,Moto/Ciclomotor",Av. Ovidio Lagos 6600,3,1,1,0,1,0,0,"-33.01371, -60.67834",Avenida,,ROSARIO,Rosario,Asfalto,No existe,II,Dentro,Urbana,Semáforo,S/D,Recta,Bueno,Buena,Diurna,Buen Tiempo,S/D,S/D,Colisión,Ninguna,S/D,Cordón divisorio,Sin restricción,"-33.01371, -60.67834",['Ovidio Lagos 6600'],1,,-33.01371,-60.67834,55.0,538.0,Municipio Rosario,Municipio,Rosario,820210,Servicio de Catastro e Información Territorial,IGN
2019,8746,2019-12-10,Martes,,18:50:00,,0.0,2,"Moto/Ciclomotor,Automóvil",Av. Battle y Ordoñez Y España,2,1,0,0,1,0,0,"-33.00918, -60.65729",Avenida,,ROSARIO,Rosario,Asfalto,No existe,II,Dentro,Urbana,Ninguna,S/D,Intersección,S/D,Buena,Diurna,Buen Tiempo,S/D,S/D,Colisión,S/D,S/D,S/D,Sin restricción,"-33.00918, -60.65729","['Avenida Battle y Ordoñez', 'España']",2,,-33.00918,-60.65729,55.0,538.0,Municipio Rosario,Municipio,Rosario,820210,Servicio de Catastro e Información Territorial,IGN
2019,8748,2019-12-10,Martes,,11:25:00,,0.0,2,"Bicicleta,Pickup/Utilitario",Av. Francia Y Calle 1209,2,1,0,0,1,0,0,"-32.99655, -60.67837",Avenida,,ROSARIO,Rosario,Asfalto,No existe,II,Dentro,Urbana,Ninguna,No existe,Intersección,S/D,S/D,Diurna,S/D,S/D,Ciclista,Atropello,S/D,S/D,Cordón divisorio,Sin restricción,"-32.99655, -60.67837","['Avenida Francia', 'Calle 1209']",2,,-32.99655,-60.67837,55.0,538.0,Municipio Rosario,Municipio,Rosario,820210,Servicio de Catastro e Información Territorial,IGN
2019,8749,2019-12-10,Martes,,19:00:00,,0.0,2,"Camión Chasis,Moto/Ciclomotor",Bv. Segui Y Cafferata,3,1,0,0,2,0,0,"-32.97325, -60.67921",Avenida,,ROSARIO,Rosario,Asfalto,No existe,II,Dentro,Urbana,Ninguna,S/D,Intersección,S/D,S/D,Diurna,S/D,S/D,S/D,Colisión,S/D,S/D,Cordón divisorio,Sin restricción,"-32.97325, -60.67921","['Bulevar Juan Francisco Seguí', 'Cafferata']",2,,-32.97325,-60.67921,55.0,538.0,Municipio Rosario,Municipio,Rosario,820210,Servicio de Catastro e Información Territorial,IGN
2019,8751,2019-12-13,Viernes,,14:00:00,,0.0,1,Automóvil,Av. Pellegrini 4700,1,1,0,0,0,0,0,"-32.94840,-60.69001",Avenida,,ROSARIO,Rosario,Asfalto,Pavimento,II,Dentro,Urbana,Ninguna,No existe,Intersección,Otro,Buena,Diurna,Otro,Contra objeto fijo,S/D,Colisión,Otro,S/D,S/D,Sin restricción,"-32.94840,-60.69001",['Pellegrini 4700'],1,,-32.9484,-60.69001,55.0,538.0,Municipio Rosario,Municipio,Rosario,820210,Servicio de Catastro e Información Territorial,IGN
2019,8752,2019-12-13,Viernes,,18:00:00,,0.0,2,"Automóvil,Automóvil",Nicaragua Y Cerrito,2,1,0,0,1,0,0,"-32.95357, -60.72015",Calle,,ROSARIO,Rosario,Asfalto,Natural,II,Dentro,Urbana,Ninguna,No existe,Intersección,Bueno,Buena,Atardecer,Otro,Otro,S/D,Colisión,Otro,S/D,Vegetación,Sin restricción,"-32.95357, -60.72015","['Nicaragua', 'Cerrito']",2,,-32.95357,-60.72015,55.0,538.0,Municipio Rosario,Municipio,Rosario,820210,Servicio de Catastro e Información Territorial,IGN
2019,8753,2019-12-12,Jueves,,19:40:00,,0.0,2,"Moto/Ciclomotor,Automóvil",Av. Pte.Peron Y Bv. 27 De Febrero,4,1,0,0,3,0,0,"-32.95863, -60.69193",Avenida,,ROSARIO,Rosario,Asfalto,Pavimento,II,Dentro,Urbana,Semáforo,Funciona,Intersección,Otro,Reducida,Nocturna,Otro,Otro,S/D,Colisión,Otro,S/D,Cordón divisorio,Sin restricción,"-32.95863, -60.69193","['Avenida Presidente Perón', '27 de Febrero']",2,,-32.95863,-60.69193,55.0,538.0,Municipio Rosario,Municipio,Rosario,820210,Servicio de Catastro e Información Territorial,IGN
2019,8755,2019-12-10,Martes,,18:20:00,,0.0,2,"Moto/Ciclomotor,Pickup/Utilitario",Rivarola Y Rep.del Salvador,5,4,0,0,1,0,0,"-32.96585, -60.71283",Avenida,,ROSARIO,Rosario,Asfalto,Pavimento,II,Dentro,Urbana,Ninguna,No existe,Intersección,Bueno,Reducida,Diurna,Otro,S/D,S/D,Colisión,Otro,S/D,Cordón divisorio,Sin restricción,"-32.96585, -60.71283","['Rivarola', 'República del Salvador']",2,,-32.96585,-60.71283,55.0,538.0,Municipio Rosario,Municipio,Rosario,820210,Servicio de Catastro e Información Territorial,IGN
2019,8757,2019-12-09,Lunes,,11:00:00,,0.0,2,"Bicicleta,Automóvil",Pasco Y Roullon,2,1,0,0,1,0,0,"-32.95067, -60.70184",Avenida,,ROSARIO,Rosario,Asfalto,Pavimento,II,Dentro,Urbana,Ninguna,No existe,Intersección,Otro,Reducida,Diurna,Otro,S/D,Ciclista,Atropello,Otro,S/D,Cordón divisorio,Sin restricción,"-32.95067, -60.70184","['Pasco', 'Alfredo Rouillón']",2,,-32.95067,-60.70184,55.0,538.0,Municipio Rosario,Municipio,Rosario,820210,Servicio de Catastro e Información Territorial,IGN
2019,8759,2019-12-09,Lunes,,20:35:00,,0.0,1,Moto/Ciclomotor,Av. Provincias Unidas Y La Paz,2,1,1,0,0,0,0,"-32.95572, -60.71202",Avenida,,ROSARIO,Rosario,Asfalto,Pavimento,II,Dentro,Urbana,Ninguna,No existe,Intersección,Otro,Reducida,Nocturna,Otro,Contra objeto fijo,S/D,Colisión,Otro,S/D,Cordón divisorio,Sin restricción,"-32.95572, -60.71202","['Avenida Provincias Unidas', 'La Paz']",2,,-32.95572,-60.71202,55.0,538.0,Municipio Rosario,Municipio,Rosario,820210,Servicio de Catastro e Información Territorial,IGN
2019,8763,2019-12-13,Viernes,,18:00:00,,0.0,2,"Moto/Ciclomotor,Moto/Ciclomotor",Camilo Aldao Y Ocampo,3,2,0,0,1,0,0,"-32.95757, -60.69533",Calle,,ROSARIO,Rosario,Asfalto,Natural,II,Dentro,Urbana,Ninguna,No existe,Intersección,Otro,Reducida,Atardecer,Otro,Otro,S/D,Colisión,S/D,Vertical,Vegetación,Sin restricción,"-32.95757, -60.69533","['Camilo Aldao', 'Ocampo']",2,,-32.95757,-60.69533,55.0,538.0,Municipio Rosario,Municipio,Rosario,820210,Servicio de Catastro e Información Territorial,IGN
2019,8769,2019-10-07,Lunes,,06:20:00,,0.0,2,"Automóvil,Taxi/Remis",Velez Sarsfield Y Av. Provincias Unidas,5,1,0,0,4,0,0,"-32.92601, -60.71335",S/D,,ROSARIO,Rosario,S/D,S/D,II,S/D,S/D,S/D,S/D,S/D,S/D,S/D,S/D,S/D,S/D,S/D,S/D,S/D,S/D,S/D,S/D,"-32.92601, -60.71335","['Vélez Sarsfield', 'Avenida Provincias Unidas']",2,,-32.92601,-60.71335,55.0,538.0,Municipio Rosario,Municipio,Rosario,820210,Servicio de Catastro e Información Territorial,IGN
2019,8771,2019-10-25,Viernes,,,,0.0,2,"Peatón,Moto/Ciclomotor",Av. Battle y Ordoñez Y Balcarce,2,0,2,0,0,0,0,"    -33.00939, -60.66306",Avenida,,ROSARIO,Rosario,Asfalto,No existe,II,Dentro,Urbana,S/D,S/D,Intersección,S/D,S/D,Nocturna,S/D,S/D,Peatón,Atropello,S/D,S/D,S/D,S/D,"    -33.00939, -60.66306","['Avenida Battle y Ordoñez', 'Balcarce']",2,,-33.00939,-60.66306,55.0,538.0,Municipio Rosario,Municipio,Rosario,820210,Servicio de Catastro e Información Territorial,IGN
2019,8778,2019-10-25,Viernes,,,,0.0,2,"Transporte de Pasajeros Urbano (> 8 asientos),Peatón",Sanguinetti Y Pje. Casaccia,2,0,1,0,1,0,0,"    -32.97189, -60.69755",Calle,,ROSARIO,Rosario,Asfalto,No existe,II,Dentro,Urbana,S/D,S/D,Intersección,S/D,S/D,S/D,S/D,S/D,S/D,Colisión,S/D,S/D,S/D,S/D,"    -32.97189, -60.69755","['Sanguinetti', 'Casaccia']",2,,-32.97189,-60.69755,55.0,538.0,Municipio Rosario,Municipio,Rosario,820210,Servicio de Catastro e Información Territorial,IGN
2019,8784,2019-10-25,Viernes,,,,0.0,2,"Automóvil,Pickup/Utilitario",Iguazu 145,2,1,0,0,1,0,0,"    -32.92984, -60.68571",Calle,,ROSARIO,Rosario,Asfalto,S/D,II,Dentro,Urbana,S/D,No existe,Recta,S/D,S/D,S/D,S/D,De alcance,S/D,Colisión,S/D,S/D,S/D,S/D,"    -32.92984, -60.68571",['Iguazu 145'],1,,-32.92984,-60.68571,55.0,538.0,Municipio Rosario,Municipio,Rosario,820210,Servicio de Catastro e Información Territorial,IGN
2019,8800,2019-11-08,Viernes,,,,0.0,2,"Automóvil,Automóvil",JOSE. M. ROSA  ,3,1,0,0,2,0,0,"-32.903491, -60.725751",Calle,,ROSARIO,Rosario,Asfalto,No existe,II,Dentro,Urbana,Ninguna,No existe,Recta,Bueno,Buena,Diurna,Buen Tiempo,De alcance,S/D,Colisión,Ninguna,Faltante,Ninguna,Sin restricción,"-32.903491, -60.725751",['Jose M Rosa'],1,,-32.903491,-60.725751,55.0,538.0,Municipio Rosario,Municipio,Rosario,820210,Servicio de Catastro e Información Territorial,IGN
2019,8838,2019-12-07,Sabado,,16:15:00,,0.0,1,Moto/Ciclomotor,Francia F 4100,1,1,0,0,0,0,0,"-32.98006, -60.67527",Avenida,,ROSARIO,Rosario,Asfalto,No existe,II,Dentro,Urbana,S/D,S/D,Recta,S/D,S/D,Diurna,S/D,S/D,S/D,S/D,S/D,S/D,S/D,S/D,"-32.98006, -60.67527",['Francia F 4100'],1,,-32.98006,-60.67527,55.0,538.0,Municipio Rosario,Municipio,Rosario,820210,Servicio de Catastro e Información Territorial,IGN
2019,8839,2019-12-12,Jueves,,17:25:00,,0.0,2,"Automóvil,Bicicleta",Bv. Segui Y Av. De Las Palmeras,2,1,0,0,1,0,0,"-32.97171, -60.73402",Avenida,,ROSARIO,Rosario,Asfalto,Pavimento,II,Dentro,Urbana,Ninguna,No existe,Intersección,Otro,Buena,Diurna,Otro,S/D,Ciclista,Atropello,Otro,S/D,Cordón divisorio,Sin restricción,"-32.97171, -60.73402","['Bulevar Juan Francisco Seguí', 'Las Palmas']",2,,-32.97171,-60.73402,55.0,538.0,Municipio Rosario,Municipio,Rosario,820210,Servicio de Catastro e Información Territorial,IGN
2019,8840,2019-12-13,Viernes,,13:00:00,,0.0,2,"Taxi/Remis,Moto/Ciclomotor",Larrea Y Uruguay,5,0,1,0,4,0,0,"-32.96823, -60.69621",Calle,,ROSARIO,Rosario,Asfalto,Pavimento,II,Dentro,Urbana,Ninguna,No existe,Intersección,Otro,Buena,Diurna,Otro,Otro,S/D,Colisión,Otro,S/D,"Cordón divisorio,Vegetación",Sin restricción,"-32.96823, -60.69621","['Larrea', 'Uruguay']",2,,-32.96823,-60.69621,55.0,538.0,Municipio Rosario,Municipio,Rosario,820210,Servicio de Catastro e Información Territorial,IGN
2019,8842,2019-12-02,Lunes,,20:40:00,,0.0,2,"Automóvil,Transporte de Pasajeros Larga Distancia (Doble Piso)",Av. Ovidio Lagos Y Bv. Segui,3,1,0,0,2,0,0,"-32.9751, -60.66929",S/D,,ROSARIO,Rosario,Asfalto,S/D,II,S/D,S/D,S/D,S/D,Intersección,S/D,S/D,S/D,S/D,S/D,S/D,S/D,S/D,S/D,S/D,S/D,"-32.9751, -60.66929","['Avenida Ovidio Lagos', 'Bulevar Juan Francisco Seguí']",2,,-32.9751,-60.66929,55.0,538.0,Municipio Rosario,Municipio,Rosario,820210,Servicio de Catastro e Información Territorial,IGN
2019,8843,2019-12-14,Sabado,,20:05:00,,0.0,1,Automóvil,Av. Uriburu Y Calle 1912,2,0,2,0,0,0,0,"-32.99269, -60.71876",Avenida,,ROSARIO,Rosario,Asfalto,Pavimento,II,Dentro,Urbana,Ninguna,No existe,Recta,Otro,Reducida,"Nocturna,Con luz artificial",Otro,Contra objeto fijo,S/D,Colisión,"Agua,Otro",S/D,Cordón divisorio,Sin restricción,"-32.99269, -60.71876","['Uriburu', 'Calle 1912']",2,,-32.99269,-60.71876,55.0,538.0,Municipio Rosario,Municipio,Rosario,820210,Servicio de Catastro e Información Territorial,IGN
2019,8845,2019-12-16,Lunes,,23:15:00,,0.0,2,"Moto/Ciclomotor,Automóvil",Camilo Aldao Y Virasoro,2,0,1,0,1,0,0,"-32.96116, -60.69518",Calle,,ROSARIO,Rosario,Asfalto,Pavimento,II,Dentro,Urbana,Ninguna,No existe,Intersección,Otro,Reducida,Nocturna,S/D,Otro,S/D,Colisión,S/D,S/D,"Cordón divisorio,Vegetación",Sin restricción,"-32.96116, -60.69518","['Camilo Aldao', 'Virasoro']",2,,-32.96116,-60.69518,55.0,538.0,Municipio Rosario,Municipio,Rosario,820210,Servicio de Catastro e Información Territorial,IGN
2019,8846,2019-10-26,Sabado,,,,0.0,2,"Automóvil,Moto/Ciclomotor",Av. Sorrento Y 8 de Noviembre,2,0,1,0,1,0,0,"    -32.90716, -60.68946",Avenida,,ROSARIO,Rosario,S/D,S/D,II,Dentro,Urbana,S/D,S/D,Intersección,S/D,S/D,S/D,S/D,S/D,S/D,Colisión,S/D,S/D,S/D,S/D,"    -32.90716, -60.68946","['Sorrento', 'Ocho de Noviembre']",2,,-32.90716,-60.68946,55.0,538.0,Municipio Rosario,Municipio,Rosario,820210,Servicio de Catastro e Información Territorial,IGN
2019,8847,2019-12-05,Jueves,,23:30:00,,0.0,3,"Moto/Ciclomotor,Bicicleta,Peatón",Fraga Y J.B.Justo,3,2,0,0,1,0,0,"-32.91494, -60.7117",Calle,,ROSARIO,Rosario,Asfalto,S/D,II,S/D,Urbana,S/D,S/D,Intersección,S/D,S/D,S/D,S/D,S/D,"Ciclista,Peatón",Atropello,S/D,S/D,S/D,S/D,"-32.91494, -60.7117","['Fraga', 'Justo']",2,,-32.91494,-60.7117,55.0,538.0,Municipio Rosario,Municipio,Rosario,820210,Servicio de Catastro e Información Territorial,IGN
2019,8848,2019-12-16,Lunes,,00:30:00,,0.0,2,"Pickup/Utilitario,Moto/Ciclomotor",Av. Pellegrini Y F.More,3,0,1,0,2,0,0,"-32.94803, -60.69343",Avenida,,ROSARIO,Rosario,Asfalto,Pavimento,II,Dentro,Urbana,Semáforo,Funciona,Intersección,S/D,Buena,Nocturna,Otro,Otro,S/D,Colisión,Otro,S/D,Cordón divisorio,Sin restricción,"-32.94803, -60.69343","['Pellegrini', 'Felipe Moré']",2,,-32.94803,-60.69343,55.0,538.0,Municipio Rosario,Municipio,Rosario,820210,Servicio de Catastro e Información Territorial,IGN
2019,8849,2019-12-16,Lunes,,20:45:00,,0.0,1,Moto/Ciclomotor,Bv. Avellaneda Y Ocampo,1,1,0,0,0,0,0,"-32.95914, -60.68414",Avenida,,ROSARIO,Rosario,Asfalto,Pavimento,II,Dentro,Urbana,Ninguna,No existe,Intersección,Otro,Reducida,Nocturna,Otro,S/D,S/D,Caída ocupante,Otro,S/D,Cordón divisorio,Sin restricción,"-32.95914, -60.68414","['Avellaneda', 'Ocampo']",2,,-32.95914,-60.68414,55.0,538.0,Municipio Rosario,Municipio,Rosario,820210,Servicio de Catastro e Información Territorial,IGN
2019,8856,2019-10-27,Domingo,,,,0.0,2,"Automóvil,Moto/Ciclomotor",C.Larralde Y Rivarola,3,1,1,0,1,0,0,"    -32.96631, -60.72602",Calle,,ROSARIO,Rosario,Asfalto,S/D,II,Dentro,Urbana,S/D,S/D,Intersección,S/D,S/D,Diurna,Buen Tiempo,S/D,S/D,Colisión,S/D,S/D,S/D,S/D,"    -32.96631, -60.72602","['Larralde', 'Rivarola']",2,,-32.96631,-60.72602,55.0,538.0,Municipio Rosario,Municipio,Rosario,820210,Servicio de Catastro e Información Territorial,IGN
2019,8869,2019-12-13,Viernes,,16:00:00,,0.0,2,"Automóvil,Automóvil",Av. Irigoyen Y Darragueira,2,1,0,0,1,0,0,"-32.884508974411, -60.697029260514",Calle,,ROSARIO,Rosario,Asfalto,S/D,II,S/D,Urbana,S/D,S/D,Intersección,S/D,S/D,S/D,S/D,S/D,S/D,Colisión,S/D,S/D,S/D,S/D,"-32.884508974411, -60.697029260514","['Avenida Hipólito Irigoyen', 'José Darragueira']",2,,-32.884508974411,-60.697029260514,55.0,538.0,Municipio Rosario,Municipio,Rosario,820210,Servicio de Catastro e Información Territorial,IGN
2019,8882,2019-08-10,Sabado,,20:30:00,,0.0,1,Moto/Ciclomotor,Bv. Avellaneda 3800,1,0,0,0,0,1,0,"-32.974011,-60.688004",Avenida,,ROSARIO,Rosario,Asfalto,No existe,II,Dentro,Urbana,Ninguna,No existe,Recta,Bueno,Buena,"Nocturna,Con luz artificial",Buen Tiempo,Contra objeto fijo,S/D,Colisión,S/D,Faltante,Barrera de hormigón,Sin restricción,"-32.974011,-60.688004",['Avellaneda 3800'],1,,-32.974011,-60.688004,55.0,538.0,Municipio Rosario,Municipio,Rosario,820210,Servicio de Catastro e Información Territorial,IGN
2019,8883,2019-12-11,Miercoles,,21:30:00,,0.0,2,"Moto/Ciclomotor,Automóvil",Balcarce Y Av. E.Lopez,2,1,0,0,1,0,0,"-32.93177, -60.64869",Avenida,,ROSARIO,Rosario,Asfalto,No existe,II,Dentro,Urbana,Ninguna,No existe,Intersección,Bueno,Buena,"Nocturna,Con luz artificial",Buen Tiempo,Lateral,S/D,Colisión,Ninguna,Vertical,Ninguna,Sin restricción,"-32.93177, -60.64869","['Balcarce', 'Lopez']",2,,-32.93177,-60.64869,55.0,538.0,Municipio Rosario,Municipio,Rosario,820210,Servicio de Catastro e Información Territorial,IGN
2019,8927,2019-09-21,Sabado,,05:55:00,,0.0,2,"Moto/Ciclomotor,Pickup/Utilitario",Sanchez de Loria Bis Y Schweitzer,2,0,0,0,1,1,0,"-32.913738,-60.732859",Calle,,ROSARIO,Rosario,Asfalto,No existe,II,Dentro,Urbana,Ninguna,No existe,Intersección,Bueno,S/D,Diurna,S/D,Lateral,S/D,Colisión,Ninguna,Faltante,Ninguna,Sin restricción,"-32.913738,-60.732859","['Sánchez de Loria', 'Albert Schweitzer']",2,,-32.913738,-60.732859,55.0,538.0,Municipio Rosario,Municipio,Rosario,820210,Servicio de Catastro e Información Territorial,IGN
2019,8933,2019-12-04,Miercoles,,18:55:00,,0.0,2,"Pickup/Utilitario,Moto/Ciclomotor",Morrison ,2,1,0,0,1,0,0,"-32.92589, -60.74105",Calle,,ROSARIO,Rosario,Asfalto,No existe,II,Dentro,Urbana,Ninguna,No existe,Recta,Bueno,Buena,Diurna,Buen Tiempo,S/D,S/D,Colisión,Ninguna,S/D,Ninguna,Sin restricción,"-32.92589, -60.74105",['Morrison'],1,,-32.92589,-60.74105,55.0,538.0,Municipio Rosario,Municipio,Rosario,820210,Servicio de Catastro e Información Territorial,IGN
2019,8938,2019-07-21,Domingo,,,,0.0,1,Automóvil,Av. Pte.Peron Y Av. Ovidio Lagos,1,1,0,0,0,0,0,"-32.95535, -60.66474",Avenida,,ROSARIO,Rosario,S/D,S/D,II,S/D,Urbana,S/D,S/D,Intersección,S/D,S/D,S/D,S/D,Contra objeto fijo,S/D,Colisión,S/D,S/D,S/D,S/D,"-32.95535, -60.66474","['Avenida Presidente Perón', 'Avenida Ovidio Lagos']",2,,-32.95535,-60.66474,55.0,538.0,Municipio Rosario,Municipio,Rosario,820210,Servicio de Catastro e Información Territorial,IGN
2019,8974,2019-10-15,Martes,,16:00:00,,0.0,2,"Automóvil,Automóvil",Av. Illia Y Balcarce,2,1,0,0,1,0,0,"-32.93212, -60.64891",Avenida,,ROSARIO,Rosario,Asfalto,No existe,II,Dentro,Urbana,S/D,Funciona,Intersección,Bueno,Buena,Diurna,Buen Tiempo,S/D,S/D,Colisión,S/D,S/D,Ninguna,Sin restricción,"-32.93212, -60.64891","['Illia', 'Balcarce']",2,,-32.93212,-60.64891,55.0,538.0,Municipio Rosario,Municipio,Rosario,820210,Servicio de Catastro e Información Territorial,IGN
2019,8975,2019-10-15,Martes,,12:05:00,,0.0,2,"Automóvil,Moto/Ciclomotor",Iriondo Y San Juan,2,1,0,0,1,0,0,"-32.94451, -60.6706",Calle,,ROSARIO,Rosario,Asfalto,No existe,II,Dentro,Urbana,Señal Pare,No existe,Intersección,Bueno,Buena,Diurna,Lluvia,Lateral,S/D,Colisión,Agua,Vertical,Ninguna,Sin restricción,"-32.94451, -60.6706","['Iriondo', 'San Juan']",2,,-32.94451,-60.6706,55.0,538.0,Municipio Rosario,Municipio,Rosario,820210,Servicio de Catastro e Información Territorial,IGN