anio_acci,nro_acci,fecha,desc_dia,fecha_aprox,hora_aprox,desc_ruta,km,cant_participantes,desc_participante,calle_avenida_km,total,heridos_leves,heridos_graves,heridos_gravisimos,ilesos,fallecidos,sin_datos,posicion_XY,desc_tipo_via,desc_ruta_ori,desc_loc,desc_dpto,desc_tipo_calzada,desc_tipo_banquina,desc_unidad_regional,desc_lugar_calzada,desc_zona,desc_prioridad,desc_estado_semaforo,desc_lugar_via,desc_estado_via,desc_estado_visibilidad,desc_luminosidad,desc_estado_clima,desc_tipo_colision,desc_tipo_atropello,desc_tipo_hecho,desc_pres_calzada,desc_senializacion,desc_separacion_via,desc_restriccion,forma_geocod,calle_lista,numero_calles,calles_osm,lat,lon,index_right,gid,fna,gna,nam,in1,fdc,sag
2019,8976,2019-10-15,Martes,,14:30:00,,0.0,2,"Moto/Ciclomotor,Automóvil",Montevideo Y Valparaiso,2,1,0,0,1,0,0,"-32.94831, -60.68432",Calle,,ROSARIO,Rosario,Asfalto,No existe,II,Dentro,Urbana,Ninguna,No existe,Intersección,Bueno,Reducida,Diurna,Lluvia,S/D,S/D,Colisión,Agua,Faltante,Ninguna,Sin restricción,"-32.94831, -60.68432","['Montevideo', 'Valparaíso']",2,,-32.94831,-60.68432,55.0,538.0,Municipio Rosario,Municipio,Rosario,820210,Servicio de Catastro e Información Territorial,IGN
2019,8978,2019-10-15,Martes,,06:00:00,,0.0,2,"Moto/Ciclomotor,Automóvil",Mendoza Y Vera Mujica,2,1,0,0,1,0,0,"-32.94643, -60.66817",Calle,,ROSARIO,Rosario,Asfalto,No existe,II,Dentro,Urbana,Ninguna,No existe,Intersección,Bueno,Buena,Amanecer,Buen Tiempo,Lateral,S/D,Colisión,S/D,S/D,Ninguna,Sin restricción,"-32.94643, -60.66817","['Mendoza', 'Vera Mujíca']",2,,-32.94643,-60.66817,55.0,538.0,Municipio Rosario,Municipio,Rosario,820210,Servicio de Catastro e Información Territorial,IGN
2019,8979,2019-10-15,Martes,,11:45:00,,0.0,2,"Moto/Ciclomotor,Automóvil",Bv. Oroño Y Garay,2,1,0,0,1,0,0,"-32.97179, -60.66023",Avenida,,ROSARIO,Rosario,Asfalto,No existe,II,Dentro,Urbana,Ninguna,No existe,Intersección,Bueno,Buena,Diurna,Buen Tiempo,Lateral,S/D,Colisión,Ninguna,Faltante,Ninguna,Sin restricción,"-32.97179, -60.66023","['Bulevar Nicasio Oroño', 'Garay']",2,,-32.97179,-60.66023,55.0,538.0,Municipio Rosario,Municipio,Rosario,820210,Servicio de Catastro e Información Territorial,IGN
2019,8981,2019-10-15,Martes,,15:45:00,,0.0,2,"Automóvil,Automóvil",Av. Ntra.Sra.del Rosario Y Serrano,4,1,0,0,3,0,0,"-32.99935, -60.63189",Avenida,,ROSARIO,Rosario,Asfalto,No existe,II,Dentro,Urbana,Ninguna,Funciona,Intersección,Bueno,Buena,Diurna,Lluvia,De alcance,S/D,Colisión,Ninguna,Faltante,Ninguna,Sin restricción,"-32.99935, -60.63189","['Nuestra Señora del Rosario', 'Serrano']",2,,-32.99935,-60.63189,55.0,538.0,Municipio Rosario,Municipio,Rosario,820210,Servicio de Catastro e Información Territorial,IGN
2019,8982,2019-10-15,Martes,,13:00:00,,0.0,2,"Automóvil,Automóvil",Pte.Quintana Y Dorrego,2,0,1,0,1,0,0,"-32.98054, -60.6583",Calle,,ROSARIO,Rosario,Asfalto,No existe,II,Dentro,Urbana,Ninguna,No existe,Intersección,Bueno,Buena,Diurna,Buen Tiempo,Lateral,S/D,Colisión,Ninguna,Faltante,Ninguna,Sin restricción,"-32.98054, -60.6583","['Quintana', 'Dorrego']",2,,-32.98054,-60.6583,55.0,538.0,Municipio Rosario,Municipio,Rosario,820210,Servicio de Catastro e Información Territorial,IGN
2019,8984,2019-10-15,Martes,,20:40:00,,0.0,2,"Camión c / Acoplado,Moto/Ciclomotor",Av. Ovidio Lagos Y Dr.Rivas,2,1,0,0,1,0,0,"-32.97956, -60.67057",Avenida,,ROSARIO,Rosario,Asfalto,No existe,II,Dentro,Urbana,S/D,S/D,Intersección,S/D,S/D,Nocturna,S/D,S/D,S/D,Colisión,S/D,S/D,Cordón divisorio,Sin restricción,"-32.97956, -60.67057","['Avenida Ovidio Lagos', 'Doctor Francisco Riva']",2,,-32.97956,-60.67057,55.0,538.0,Municipio Rosario,Municipio,Rosario,820210,Servicio de Catastro e Información Territorial,IGN
2019,9006,2019-12-14,Sabado,,21:15:00,,0.0,2,"Automóvil,Moto/Ciclomotor",J.M.de Rosas Y Av. Alberti,3,1,1,0,1,0,0,"-32.90238, -60.72533",Avenida,,ROSARIO,Rosario,Asfalto,S/D,II,S/D,Urbana,S/D,S/D,Recta,Bueno,S/D,S/D,S/D,S/D,S/D,Colisión,S/D,S/D,S/D,Sin restricción,"-32.90238, -60.72533","['De Rosas', 'Alberdi']",2,,-32.90238,-60.72533,55.0,538.0,Municipio Rosario,Municipio,Rosario,820210,Servicio de Catastro e Información Territorial,IGN
2019,9031,2019-10-29,Martes,,,,0.0,2,"Moto/Ciclomotor,Pickup/Utilitario",Santa Fe Y Ecuador,2,1,0,0,1,0,0,"    -32.93579, -60.71521",Calle,,ROSARIO,Rosario,S/D,S/D,II,Dentro,Urbana,S/D,S/D,Intersección,S/D,S/D,S/D,S/D,S/D,S/D,Colisión,S/D,S/D,S/D,S/D,"    -32.93579, -60.71521","['Santa Fe', 'Ecuador']",2,,-32.93579,-60.71521,55.0,538.0,Municipio Rosario,Municipio,Rosario,820210,Servicio de Catastro e Información Territorial,IGN
2019,9101,2019-10-16,Miercoles,,08:00:00,,0.0,2,"Automóvil,Bicicleta",Pte.Roca Y La Paz,2,1,0,0,1,0,0,"-32.96292, -60.64957",Calle,,ROSARIO,Rosario,Asfalto,No existe,II,Dentro,Urbana,Ninguna,No existe,Recta,Bueno,Reducida,Diurna,Lluvia,S/D,Ciclista,Atropello,Agua,Vertical,S/D,Sin restricción,"-32.96292, -60.64957","['Roca', 'La Paz']",2,,-32.96292,-60.64957,55.0,538.0,Municipio Rosario,Municipio,Rosario,820210,Servicio de Catastro e Información Territorial,IGN
2019,9106,2019-10-16,Miercoles,,16:30:00,,0.0,2,"Moto/Ciclomotor,Automóvil",Francia F Y Pje. Arenales,3,1,0,0,2,0,0,"-32.92584, -60.66151",Calle,,ROSARIO,Rosario,Asfalto,S/D,II,S/D,Urbana,S/D,S/D,Intersección,Bueno,S/D,Diurna,S/D,S/D,S/D,Colisión,S/D,S/D,S/D,S/D,"-32.92584, -60.66151","['Avenida Francia', 'Arenales']",2,,-32.92584,-60.66151,55.0,538.0,Municipio Rosario,Municipio,Rosario,820210,Servicio de Catastro e Información Territorial,IGN
2019,9108,2019-10-16,Miercoles,,09:00:00,,0.0,2,"Automóvil,Automóvil",Necochea Y Dean Funes,4,1,0,0,3,0,0,"-32.97816, -60.63147",Calle,,ROSARIO,Rosario,Asfalto,No existe,II,Dentro,Urbana,Ninguna,No existe,Intersección,Bueno,Buena,Diurna,Lluvia,De alcance,S/D,Colisión,Agua,Faltante,Ninguna,Sin restricción,"-32.97816, -60.63147","['Necochea', 'Deán Gregorio Funes']",2,,-32.97816,-60.63147,55.0,538.0,Municipio Rosario,Municipio,Rosario,820210,Servicio de Catastro e Información Territorial,IGN
2019,9115,2019-12-01,Domingo,,09:35:00,,0.0,2,"Moto/Ciclomotor,Automóvil",Bv. Segui Y Mariano Moreno,3,2,0,0,1,0,0,"-32.97698, -60.65885",Calle,,ROSARIO,Rosario,Asfalto,No existe,II,Dentro,Urbana,Ninguna,S/D,Intersección,S/D,Buena,S/D,Buen Tiempo,Lateral,S/D,Colisión,Ninguna,S/D,Cordón divisorio,Sin restricción,"-32.97698, -60.65885","['Bulevar Juan Francisco Seguí', 'Mariano Moreno']",2,,-32.97698,-60.65885,55.0,538.0,Municipio Rosario,Municipio,Rosario,820210,Servicio de Catastro e Información Territorial,IGN
2019,9118,2019-12-01,Domingo,,16:10:00,,0.0,2,"Automóvil,Taxi/Remis",San Martin Y Bv. Segui,2,2,0,0,0,0,0,"-32.97965, -60.64427",S/D,,ROSARIO,Rosario,Asfalto,No existe,II,S/D,S/D,S/D,Funciona,Intersección,Bueno,S/D,S/D,S/D,S/D,S/D,S/D,S/D,S/D,S/D,S/D,"-32.97965, -60.64427","['San Martin', 'Bulevar Juan Francisco Seguí']",2,,-32.97965,-60.64427,55.0,538.0,Municipio Rosario,Municipio,Rosario,820210,Servicio de Catastro e Información Territorial,IGN
2019,9122,2019-12-02,Lunes,,17:45:00,,0.0,2,"Moto/Ciclomotor,Pickup/Utilitario",Av. Uriburu Y Buenos Aires,3,1,0,0,2,0,0,"-32.99067, -60.6438",Calle,,ROSARIO,Rosario,Asfalto,Pavimento,II,Dentro,Urbana,Ninguna,Funciona,Intersección,Bueno,Buena,Diurna,Buen Tiempo,Lateral,S/D,Colisión,Ninguna,S/D,Ninguna,Sin restricción,"-32.99067, -60.6438","['Uriburu', 'Buenos Aires']",2,,-32.99067,-60.6438,55.0,538.0,Municipio Rosario,Municipio,Rosario,820210,Servicio de Catastro e Información Territorial,IGN
2019,9130,2019-12-02,Lunes,,17:10:00,,0.0,2,"Automóvil,Transporte de Pasajeros Urbano (> 8 asientos)",Av. Corrientes Y Juan Canals,5,4,0,0,1,0,0,"-32.98785, -60.658",Calle,,ROSARIO,Rosario,Asfalto,No existe,II,Dentro,Urbana,Ninguna,No existe,Intersección,S/D,Buena,Diurna,Buen Tiempo,De alcance,S/D,Colisión,Ninguna,Faltante,Ninguna,Sin restricción,"-32.98785, -60.658","['Corrientes', 'Juan Canals']",2,,-32.98785,-60.658,55.0,538.0,Municipio Rosario,Municipio,Rosario,820210,Servicio de Catastro e Información Territorial,IGN
2019,9131,2019-12-04,Miercoles,,13:20:00,,0.0,2,"Moto/Ciclomotor,Transporte de Pasajeros Urbano (> 8 asientos)",Bv. Segui Y Entre Rios,2,1,0,0,1,0,0,"-32.97874, -60.64916",Calle,,ROSARIO,Rosario,Asfalto,No existe,II,Dentro,Urbana,Ninguna,No existe,Intersección,Bueno,Buena,Diurna,Buen Tiempo,S/D,S/D,S/D,Ninguna,Faltante,Ninguna,S/D,"-32.97874, -60.64916","['Bulevar Juan Francisco Seguí', 'Entre Ríos']",2,,-32.97874,-60.64916,55.0,538.0,Municipio Rosario,Municipio,Rosario,820210,Servicio de Catastro e Información Territorial,IGN
2019,9132,2019-12-05,Jueves,,08:55:00,,0.0,2,"Bicicleta,Pickup/Utilitario",Mr.Ross Y San Martin,2,1,0,0,1,0,0,"-32.98903, -60.64618",Avenida,,ROSARIO,Rosario,Asfalto,No existe,II,Dentro,Urbana,Semáforo,Funciona,Intersección,Bueno,Buena,Diurna,Buen Tiempo,S/D,Ciclista,Atropello,Ninguna,Vertical,Ninguna,Sin restricción,"-32.98903, -60.64618","['Rodrigo M. Ross', 'San Martin']",2,,-32.98903,-60.64618,55.0,538.0,Municipio Rosario,Municipio,Rosario,820210,Servicio de Catastro e Información Territorial,IGN
2019,9134,2019-12-04,Miercoles,,17:00:00,,0.0,2,"Moto/Ciclomotor,Bicicleta",San Martin Y Bv. Segui,2,2,0,0,0,0,0,"-32.97959, -60.64415",Avenida,,ROSARIO,Rosario,Asfalto,No existe,II,Dentro,Urbana,Semáforo,Funciona,Intersección,Bueno,Buena,Diurna,Buen Tiempo,S/D,Ciclista,Atropello,Ninguna,Vertical,Cordón divisorio,Sin restricción,"-32.97959, -60.64415","['San Martin', 'Bulevar Juan Francisco Seguí']",2,,-32.97959,-60.64415,55.0,538.0,Municipio Rosario,Municipio,Rosario,820210,Servicio de Catastro e Información Territorial,IGN
2019,9135,2019-10-29,Martes,,13:00:00,,0.0,2,"Automóvil,Peatón",Gorriti 5500,2,0,1,0,1,0,0,"    -32.92401, -60.69918",Calle,,ROSARIO,Rosario,S/D,S/D,II,Dentro,Urbana,S/D,S/D,Intersección,S/D,S/D,S/D,S/D,S/D,Peatón,Atropello,S/D,S/D,S/D,S/D,"    -32.92401, -60.69918",['Gorriti 5500'],1,,-32.92401,-60.69918,55.0,538.0,Municipio Rosario,Municipio,Rosario,820210,Servicio de Catastro e Información Territorial,IGN
2019,9136,2019-12-06,Viernes,,23:30:00,,0.0,2,"Moto/Ciclomotor,Bicicleta",San Martin Y Bv. Segui,2,1,0,0,1,0,0,"-32.97965, -60.64427",Calle,,ROSARIO,Rosario,Asfalto,No existe,II,Dentro,Urbana,Ninguna,Funciona,Intersección,Bueno,Buena,Nocturna,S/D,S/D,Ciclista,Atropello,Ninguna,Faltante,Cordón divisorio,Sin restricción,"-32.97965, -60.64427","['San Martin', 'Bulevar Juan Francisco Seguí']",2,,-32.97965,-60.64427,55.0,538.0,Municipio Rosario,Municipio,Rosario,820210,Servicio de Catastro e Información Territorial,IGN
2019,9137,2019-12-07,Sabado,,12:20:00,,0.0,2,"Moto/Ciclomotor,Pickup/Utilitario",San Martin Y Cabildo,3,2,0,0,1,0,0,"-33.00745, -60.65014",Calle,,ROSARIO,Rosario,Asfalto,No existe,II,Dentro,Urbana,Ninguna,No existe,Intersección,Bueno,Buena,Diurna,Buen Tiempo,Lateral,S/D,Colisión,S/D,Vertical,Cordón divisorio,Sin restricción,"-33.00745, -60.65014","['San Martin', 'Cabildo']",2,,-33.00745,-60.65014,55.0,538.0,Municipio Rosario,Municipio,Rosario,820210,Servicio de Catastro e Información Territorial,IGN
2019,9138,2019-12-07,Sabado,,14:15:00,,0.0,2,"Moto/Ciclomotor,Automóvil",Saavedra Y Paraguay,2,1,0,0,1,0,0,"-32.97698, -60.65163",Calle,,ROSARIO,Rosario,Asfalto,No existe,II,Dentro,Urbana,Ninguna,No existe,Intersección,S/D,Buena,Diurna,Buen Tiempo,Lateral,S/D,Colisión,Otro,Vertical,Cordón divisorio,Sin restricción,"-32.97698, -60.65163","['Saavedra', 'Paraguay']",2,,-32.97698,-60.65163,55.0,538.0,Municipio Rosario,Municipio,Rosario,820210,Servicio de Catastro e Información Territorial,IGN
2019,9140,2019-12-07,Sabado,,19:40:00,,0.0,2,"Moto/Ciclomotor,Automóvil",Milan Y Dorrego,2,1,0,0,1,0,0,"-32.98861, -60.66031",Calle,,ROSARIO,Rosario,Asfalto,No existe,II,Dentro,Urbana,Ninguna,No existe,Intersección,Bueno,Buena,"Atardecer,Con luz artificial",Buen Tiempo,Lateral,S/D,Colisión,Ninguna,Faltante,Ninguna,Sin restricción,"-32.98861, -60.66031","['Milán', 'Dorrego']",2,,-32.98861,-60.66031,55.0,538.0,Municipio Rosario,Municipio,Rosario,820210,Servicio de Catastro e Información Territorial,IGN
2019,9141,2019-12-07,Sabado,,18:50:00,,0.0,2,"Moto/Ciclomotor,Pickup/Utilitario",Ayacucho Y Anchorena,2,1,0,0,1,0,0,"-32.99748, -60.63647",Calle,,ROSARIO,Rosario,Asfalto,No existe,II,Dentro,Urbana,Ninguna,No existe,Intersección,S/D,Buena,Diurna,Buen Tiempo,Lateral,S/D,Colisión,S/D,S/D,Cordón divisorio,Sin restricción,"-32.99748, -60.63647","['Ayacucho', 'Anchorena']",2,,-32.99748,-60.63647,55.0,538.0,Municipio Rosario,Municipio,Rosario,820210,Servicio de Catastro e Información Territorial,IGN
2019,9142,2019-12-08,Domingo,,12:05:00,,0.0,2,"Moto/Ciclomotor,Pickup/Utilitario",Reg.11 de Infanteria Y Cepeda,2,1,0,0,1,0,0,"-32.99809, -60.62501",Calle,,ROSARIO,Rosario,Asfalto,No existe,II,Dentro,Urbana,Ninguna,No existe,Intersección,Bueno,Buena,Diurna,Buen Tiempo,Lateral,S/D,Colisión,Ninguna,Faltante,Ninguna,Sin restricción,"-32.99809, -60.62501","['Regimiento 11', 'Cepeda']",2,,-32.99809,-60.62501,55.0,538.0,Municipio Rosario,Municipio,Rosario,820210,Servicio de Catastro e Información Territorial,IGN
2019,9143,2019-12-08,Domingo,,18:00:00,,0.0,2,"Moto/Ciclomotor,Automóvil",San Martin Y Blandengues,3,2,0,0,1,0,0,"-33.01416, -60.65158",Calle,,ROSARIO,Rosario,Asfalto,No existe,II,Dentro,Urbana,Ninguna,No existe,Intersección,Resbaladiza,Buena,Diurna,Lluvia,Lateral,S/D,Colisión,Agua,Faltante,Ninguna,Sin restricción,"-33.01416, -60.65158","['San Martin', 'Blandengues']",2,,-33.01416,-60.65158,55.0,538.0,Municipio Rosario,Municipio,Rosario,820210,Servicio de Catastro e Información Territorial,IGN
2019,9145,2019-12-08,Domingo,,13:45:00,,0.0,2,"Moto/Ciclomotor,Automóvil",Av. Luis Carballo ,2,1,0,0,1,0,0,"-32.92189, -60.67379",S/D,,ROSARIO,Rosario,Asfalto,S/D,II,S/D,S/D,Ninguna,Funciona,Intersección,Bueno,Buena,Diurna,Buen Tiempo,Lateral,S/D,Colisión,Ninguna,Vertical,Ninguna,Sin restricción,"-32.92189, -60.67379",['Luis Carballo'],1,,-32.92189,-60.67379,55.0,538.0,Municipio Rosario,Municipio,Rosario,820210,Servicio de Catastro e Información Territorial,IGN
2019,9146,2019-12-08,Domingo,,17:00:00,,0.0,2,"Bicicleta,Automóvil",Bv. Avellaneda ,2,1,0,0,1,0,0,"-32.96888, -60.68656",Avenida,,ROSARIO,Rosario,S/D,S/D,II,S/D,Urbana,S/D,S/D,S/D,S/D,S/D,S/D,S/D,S/D,Ciclista,Atropello,S/D,S/D,S/D,S/D,"-32.96888, -60.68656",['Avellaneda'],1,,-32.96888,-60.68656,55.0,538.0,Municipio Rosario,Municipio,Rosario,820210,Servicio de Catastro e Información Territorial,IGN
2019,9149,2019-12-03,Martes,,18:45:00,,0.0,2,"Moto/Ciclomotor,Automóvil",Av. E.Lopez 2200,2,1,0,0,1,0,0,"-32.93048, -60.65081",S/D,,ROSARIO,Rosario,Asfalto,S/D,II,S/D,Urbana,S/D,S/D,Recta,Bueno,S/D,S/D,S/D,S/D,S/D,S/D,Ninguna,Vertical,S/D,S/D,"-32.93048, -60.65081",['E Lopez 2200'],1,,-32.93048,-60.65081,55.0,538.0,Municipio Rosario,Municipio,Rosario,820210,Servicio de Catastro e Información Territorial,IGN
2019,9150,2019-12-07,Sabado,,00:45:00,,0.0,1,Moto/Ciclomotor,Humberto I ,2,2,0,0,0,0,0,"-32.9299, -60.68855",S/D,,ROSARIO,Rosario,Asfalto,No existe,II,Dentro,Urbana,S/D,S/D,Intersección,Bueno,Buena,Nocturna,Buen Tiempo,S/D,S/D,Vuelco,Ninguna,S/D,S/D,Sin restricción,"-32.9299, -60.68855",['Humberto I'],1,,-32.9299,-60.68855,55.0,538.0,Municipio Rosario,Municipio,Rosario,820210,Servicio de Catastro e Información Territorial,IGN
2019,9151,2019-12-07,Sabado,,21:10:00,,0.0,2,"Moto/Ciclomotor,Pickup/Utilitario",Montevideo Y Mitre,4,1,0,0,3,0,0,"-32.95593, -60.64199",Calle,,ROSARIO,Rosario,Asfalto,No existe,II,Dentro,Urbana,Ninguna,No existe,Intersección,Bueno,Buena,Nocturna,Otro,Lateral,S/D,Colisión,Ninguna,Vertical,Ninguna,Sin restricción,"-32.95593, -60.64199","['Montevideo', 'Mitre']",2,,-32.95593,-60.64199,55.0,538.0,Municipio Rosario,Municipio,Rosario,820210,Servicio de Catastro e Información Territorial,IGN
2019,9152,2019-12-05,Jueves,,12:00:00,,0.0,2,"Moto/Ciclomotor,Automóvil",Pte.Roca Y Cerrito,2,1,0,0,1,0,0,"-32.96077, -60.64903",Calle,,ROSARIO,Rosario,Asfalto,S/D,II,Dentro,Urbana,Ninguna,No existe,Intersección,Bueno,Buena,Diurna,Buen Tiempo,Lateral,S/D,Colisión,S/D,S/D,Ninguna,Sin restricción,"-32.96077, -60.64903","['Roca', 'Cerrito']",2,,-32.96077,-60.64903,55.0,538.0,Municipio Rosario,Municipio,Rosario,820210,Servicio de Catastro e Información Territorial,IGN
2019,9153,2019-12-05,Jueves,,17:30:00,,0.0,2,"Moto/Ciclomotor,Taxi/Remis",Mariano Moreno Y San Luis,2,1,0,0,1,0,0,"-32.94686, -60.65125",Calle,,ROSARIO,Rosario,Asfalto,S/D,II,Dentro,Urbana,S/D,S/D,Recta,Bueno,S/D,Diurna,S/D,S/D,S/D,S/D,S/D,Vertical,S/D,S/D,"-32.94686, -60.65125","['Mariano Moreno', 'San Luis']",2,,-32.94686,-60.65125,55.0,538.0,Municipio Rosario,Municipio,Rosario,820210,Servicio de Catastro e Información Territorial,IGN
2019,9154,2019-12-05,Jueves,,09:50:00,,0.0,2,"Pickup/Utilitario,Moto/Ciclomotor",Francia F Y Viamonte,2,1,0,0,1,0,0,"-32.96047, -60.67021",Avenida,,ROSARIO,Rosario,Asfalto,No existe,II,Dentro,Urbana,Semáforo,Funciona,Intersección,Bueno,S/D,Diurna,Buen Tiempo,Lateral,S/D,Colisión,S/D,S/D,Ninguna,Sin restricción,"-32.96047, -60.67021","['Avenida Francia', 'Viamonte']",2,,-32.96047,-60.67021,55.0,538.0,Municipio Rosario,Municipio,Rosario,820210,Servicio de Catastro e Información Territorial,IGN
2019,9155,2019-12-05,Jueves,,06:00:00,,0.0,2,"Automóvil,Automóvil",Montevideo Y Ricchieri,2,2,0,0,0,0,0,"-32.95176, -60.6653",Calle,,ROSARIO,Rosario,S/D,S/D,II,Dentro,Urbana,S/D,S/D,Intersección,S/D,S/D,Diurna,S/D,S/D,S/D,S/D,S/D,S/D,S/D,S/D,"-32.95176, -60.6653","['Montevideo', 'Ricchieri']",2,,-32.95176,-60.6653,55.0,538.0,Municipio Rosario,Municipio,Rosario,820210,Servicio de Catastro e Información Territorial,IGN
2019,9156,2019-12-05,Jueves,,08:00:00,,0.0,2,"Automóvil,Bicicleta",Castellanos Y Rioja,2,1,0,0,1,0,0,"-32.94105, -60.67533",S/D,,ROSARIO,Rosario,Asfalto,S/D,II,S/D,S/D,S/D,No existe,Recta,Bueno,Buena,Diurna,S/D,S/D,Ciclista,Atropello,S/D,Faltante,S/D,S/D,"-32.94105, -60.67533","['Aaron Castellanos', 'Rioja']",2,,-32.94105,-60.67533,55.0,538.0,Municipio Rosario,Municipio,Rosario,820210,Servicio de Catastro e Información Territorial,IGN
2019,9157,2019-12-05,Jueves,,11:40:00,,0.0,2,"Automóvil,Moto/Ciclomotor",Guemes Y Santiago,2,1,0,0,1,0,0,"-32.9328, -60.65337",Calle,,ROSARIO,Rosario,Asfalto,S/D,II,Dentro,Urbana,S/D,No existe,Intersección,Bueno,Buena,Diurna,S/D,S/D,S/D,S/D,S/D,Faltante,S/D,S/D,"-32.9328, -60.65337","['Güemes', 'Santiago']",2,,-32.9328,-60.65337,55.0,538.0,Municipio Rosario,Municipio,Rosario,820210,Servicio de Catastro e Información Territorial,IGN
2019,9159,2019-12-03,Martes,,18:30:00,,0.0,2,"Moto/Ciclomotor,Automóvil",Dorrego Y 3 De Febrero,2,1,0,0,1,0,0,"-32.95082, -60.65088",Calle,,ROSARIO,Rosario,Asfalto,No existe,II,Dentro,Urbana,S/D,S/D,Intersección,Bueno,S/D,S/D,S/D,S/D,S/D,S/D,S/D,Vertical,S/D,S/D,"-32.95082, -60.65088","['Dorrego', '3 de Febrero']",2,,-32.95082,-60.65088,55.0,538.0,Municipio Rosario,Municipio,Rosario,820210,Servicio de Catastro e Información Territorial,IGN
2019,9161,2019-12-02,Lunes,,09:15:00,,0.0,2,"Moto/Ciclomotor,Taxi/Remis",Ricchieri Y 3 De Febrero,3,2,0,0,1,0,0,"-32.94844, -60.66443",Calle,,ROSARIO,Rosario,Asfalto,S/D,II,Dentro,Urbana,Ninguna,No existe,Intersección,Bueno,Buena,Diurna,Buen Tiempo,Lateral,S/D,Colisión,Ninguna,Faltante,Ninguna,Sin restricción,"-32.94844, -60.66443","['Ricchieri', '3 de Febrero']",2,,-32.94844,-60.66443,55.0,538.0,Municipio Rosario,Municipio,Rosario,820210,Servicio de Catastro e Información Territorial,IGN
2019,9163,2019-12-01,Domingo,,05:35:00,,0.0,2,"Automóvil,Peatón",Rivadavia 2455,2,0,1,0,1,0,0,"-32.93159, -60.65371",Avenida,,ROSARIO,Rosario,Asfalto,No existe,II,Dentro,Urbana,S/D,S/D,Recta,S/D,S/D,Amanecer,S/D,S/D,Peatón,Atropello,S/D,S/D,S/D,S/D,"-32.93159, -60.65371",['Rivadavia 2455'],1,,-32.93159,-60.65371,55.0,538.0,Municipio Rosario,Municipio,Rosario,820210,Servicio de Catastro e Información Territorial,IGN
2019,9164,2019-12-01,Domingo,,,,0.0,2,"Moto/Ciclomotor,Automóvil",Montevideo Y L.N.Alem,3,1,0,0,2,0,0,"-32.95793, -60.63085",Calle,,ROSARIO,Rosario,Asfalto,No existe,II,Dentro,Urbana,Ninguna,No existe,Intersección,Bueno,Buena,Diurna,Buen Tiempo,Lateral,S/D,Colisión,S/D,S/D,Ninguna,Sin restricción,"-32.95793, -60.63085","['Montevideo', 'Alem']",2,,-32.95793,-60.63085,55.0,538.0,Municipio Rosario,Municipio,Rosario,820210,Servicio de Catastro e Información Territorial,IGN
2019,9167,2019-12-08,Domingo,,11:40:00,,0.0,2,"Automóvil,Automóvil",Paraguay Y San Luis,4,2,0,0,2,0,0,"-32.94805, -60.6443",Calle,,ROSARIO,Rosario,Asfalto,S/D,II,Dentro,Urbana,Semáforo,Funciona,Intersección,S/D,S/D,Diurna,S/D,Lateral,S/D,Colisión,S/D,S/D,S/D,S/D,"-32.94805, -60.6443","['Paraguay', 'San Luis']",2,,-32.94805,-60.6443,55.0,538.0,Municipio Rosario,Municipio,Rosario,820210,Servicio de Catastro e Información Territorial,IGN
2019,9168,2019-12-06,Viernes,,20:50:00,,0.0,2,"Pickup/Utilitario,Bicicleta",Entre Rios Y Mendoza,2,1,0,0,1,0,0,"-32.95106, -60.64225",Calle,,ROSARIO,Rosario,Asfalto,S/D,II,S/D,Urbana,Otra Señal,S/D,Recta,Bueno,S/D,S/D,S/D,De alcance,Ciclista,Atropello,Ninguna,Vertical,Línea divisoria pintada,S/D,"-32.95106, -60.64225","['Entre Ríos', 'Mendoza']",2,,-32.95106,-60.64225,55.0,538.0,Municipio Rosario,Municipio,Rosario,820210,Servicio de Catastro e Información Territorial,IGN
2019,9170,2019-12-05,Jueves,,18:30:00,,0.0,2,"Pickup/Utilitario,Automóvil",Av. Pellegrini Y Pueyrredon,2,1,0,0,1,0,0,"-32.95387, -60.66011",Avenida,,ROSARIO,Rosario,Asfalto,No existe,II,Dentro,Urbana,Semáforo,Funciona,Recta,Bueno,Buena,Diurna,Buen Tiempo,De alcance,S/D,Colisión,Ninguna,Vertical,Cordón divisorio,Sin restricción,"-32.95387, -60.66011","['Pellegrini', 'Pueyrredón']",2,,-32.95387,-60.66011,55.0,538.0,Municipio Rosario,Municipio,Rosario,820210,Servicio de Catastro e Información Territorial,IGN
2019,9172,2019-12-17,Martes,,05:40:00,,0.0,2,"Moto/Ciclomotor,Taxi/Remis",Bv. Segui Y Entre Rios,2,1,0,0,1,0,0,"-32.97868, -60.64919",Calle,,ROSARIO,Rosario,Asfalto,No existe,II,Dentro,Urbana,Ninguna,No existe,Intersección,Bueno,Buena,Diurna,Buen Tiempo,De alcance,S/D,Colisión,Ninguna,Faltante,Ninguna,Sin restricción,"-32.97868, -60.64919","['Bulevar Juan Francisco Seguí', 'Entre Ríos']",2,,-32.97868,-60.64919,55.0,538.0,Municipio Rosario,Municipio,Rosario,820210,Servicio de Catastro e Información Territorial,IGN