anio_acci,nro_acci,fecha,desc_dia,fecha_aprox,hora_aprox,desc_ruta,km,cant_participantes,desc_participante,calle_avenida_km,total,heridos_leves,heridos_graves,heridos_gravisimos,ilesos,fallecidos,sin_datos,posicion_XY,desc_tipo_via,desc_ruta_ori,desc_loc,desc_dpto,desc_tipo_calzada,desc_tipo_banquina,desc_unidad_regional,desc_lugar_calzada,desc_zona,desc_prioridad,desc_estado_semaforo,desc_lugar_via,desc_estado_via,desc_estado_visibilidad,desc_luminosidad,desc_estado_clima,desc_tipo_colision,desc_tipo_atropello,desc_tipo_hecho,desc_pres_calzada,desc_senializacion,desc_separacion_via,desc_restriccion,forma_geocod,calle_lista,numero_calles,calles_osm,lat,lon,index_right,gid,fna,gna,nam,in1,fdc,sag
2019,9173,2019-12-05,Jueves,,,,0.0,2,"Automóvil,Bicicleta",Montevideo Y Carriego,2,1,0,0,1,0,0,"-32.94713, -60.69111",Calle,,ROSARIO,Rosario,Asfalto,S/D,II,Dentro,Urbana,S/D,S/D,Intersección,S/D,S/D,S/D,S/D,S/D,Ciclista,Atropello,S/D,S/D,S/D,S/D,"-32.94713, -60.69111","['Montevideo', 'Carriego']",2,,-32.94713,-60.69111,55.0,538.0,Municipio Rosario,Municipio,Rosario,820210,Servicio de Catastro e Información Territorial,IGN
2019,9175,2019-12-17,Martes,,18:25:00,,0.0,2,"Moto/Ciclomotor,Peatón",Bv. 27 De Febrero Y Av. Ovidio Lagos,2,2,0,0,0,0,0,"-32.96357, -60.66651",Avenida,,ROSARIO,Rosario,Asfalto,No existe,II,Dentro,Urbana,Semáforo,Funciona,Intersección,Bueno,Buena,Atardecer,Buen Tiempo,S/D,Peatón,Atropello,S/D,Vertical,"Cordón divisorio,Vegetación",Sin restricción,"-32.96357, -60.66651","['27 de Febrero', 'Avenida Ovidio Lagos']",2,,-32.96357,-60.66651,55.0,538.0,Municipio Rosario,Municipio,Rosario,820210,Servicio de Catastro e Información Territorial,IGN
2019,9177,2019-12-17,Martes,,18:45:00,,0.0,2,"Taxi/Remis,Pickup/Utilitario",9 De Julio Y Rodriguez,5,1,0,0,4,0,0,"-32.95017, -60.6606",Calle,,ROSARIO,Rosario,hormigón,No existe,II,Dentro,Urbana,Señal Pare,Funciona,Intersección,Bueno,Buena,Diurna,Buen Tiempo,Lateral,S/D,Colisión,Ninguna,Vertical,Ninguna,Sin restricción,"-32.95017, -60.6606","['9 de Julio', 'Rodríguez']",2,,-32.95017,-60.6606,55.0,538.0,Municipio Rosario,Municipio,Rosario,820210,Servicio de Catastro e Información Territorial,IGN
2019,9179,2019-12-17,Martes,,17:55:00,,0.0,2,"Taxi/Remis,Bicicleta",Av. Corrientes Y Pasco,2,1,0,0,1,0,0,"-32.95883, -60.64564",Calle,,ROSARIO,Rosario,Asfalto,No existe,II,Dentro,Urbana,Señal Pare,No existe,Intersección,Bueno,S/D,Diurna,Buen Tiempo,S/D,Ciclista,Atropello,Ninguna,Vertical,Ninguna,Sin restricción,"-32.95883, -60.64564","['Corrientes', 'Pasco']",2,,-32.95883,-60.64564,55.0,538.0,Municipio Rosario,Municipio,Rosario,820210,Servicio de Catastro e Información Territorial,IGN
2019,9180,2019-12-06,Viernes,,17:00:00,,0.0,2,"Moto/Ciclomotor,Automóvil",Cafferata Y Tucuman,2,1,0,0,1,0,0,"-32.93592, -60.66983",Calle,,ROSARIO,Rosario,S/D,S/D,II,Dentro,Urbana,S/D,S/D,S/D,S/D,S/D,S/D,S/D,S/D,S/D,S/D,S/D,S/D,S/D,S/D,"-32.93592, -60.66983","['Cafferata', 'Tucumán']",2,,-32.93592,-60.66983,55.0,538.0,Municipio Rosario,Municipio,Rosario,820210,Servicio de Catastro e Información Territorial,IGN
2019,9183,2019-12-17,Martes,,20:25:00,,0.0,2,"Automóvil,Bicicleta",3 De Febrero Y Mitre,2,1,0,0,1,0,0,"-32.95251, -60.64113",Calle,,ROSARIO,Rosario,Asfalto,No existe,II,Dentro,Urbana,Ninguna,No existe,Intersección,Bueno,Buena,Nocturna,Buen Tiempo,S/D,Ciclista,Atropello,Ninguna,Vertical,Ninguna,Sin restricción,"-32.95251, -60.64113","['3 de Febrero', 'Mitre']",2,,-32.95251,-60.64113,55.0,538.0,Municipio Rosario,Municipio,Rosario,820210,Servicio de Catastro e Información Territorial,IGN
2019,9184,2019-12-17,Martes,,17:45:00,,0.0,2,"Moto/Ciclomotor,Automóvil",Salta Y Av. Ovidio Lagos,2,1,0,0,1,0,0,"-32.9353, -60.65968",Calle,,ROSARIO,Rosario,S/D,S/D,II,S/D,Urbana,S/D,S/D,Intersección,S/D,S/D,Diurna,S/D,Lateral,S/D,Colisión,S/D,S/D,Cordón divisorio,S/D,"-32.9353, -60.65968","['Salta', 'Avenida Ovidio Lagos']",2,,-32.9353,-60.65968,55.0,538.0,Municipio Rosario,Municipio,Rosario,820210,Servicio de Catastro e Información Territorial,IGN
2019,9209,2019-12-12,Jueves,,,,0.0,2,"Camión,Peatón",C.Larralde Y Bv. 27 De Febrero,4,2,1,0,1,0,0,"-32.9597, -60.72632",Calle,,ROSARIO,Rosario,Asfalto,S/D,II,S/D,Urbana,S/D,S/D,Intersección,S/D,S/D,S/D,S/D,Contra objeto fijo,S/D,Colisión,S/D,S/D,S/D,S/D,"-32.9597, -60.72632","['Larralde', '27 de Febrero']",2,,-32.9597,-60.72632,55.0,538.0,Municipio Rosario,Municipio,Rosario,820210,Servicio de Catastro e Información Territorial,IGN
2019,9210,2019-12-12,Jueves,,,,0.0,2,"Automóvil,Moto/Ciclomotor",Peru Y J.J.Paso,2,0,1,0,1,0,0,"-32.92019, -60.71226",Calle,,ROSARIO,Rosario,Asfalto,S/D,II,S/D,Urbana,S/D,S/D,Intersección,S/D,S/D,S/D,S/D,S/D,S/D,Colisión,S/D,S/D,S/D,S/D,"-32.92019, -60.71226","['Peru', 'Paso']",2,,-32.92019,-60.71226,55.0,538.0,Municipio Rosario,Municipio,Rosario,820210,Servicio de Catastro e Información Territorial,IGN
2019,9244,2019-12-17,Martes,,13:30:00,,0.0,2,"Automóvil,Moto/Ciclomotor",Bv. Avellaneda Y 3 De Febrero,5,3,0,0,2,0,0,"-32.94545, -60.68077",Avenida,,ROSARIO,Rosario,Asfalto,No existe,II,S/D,Urbana,Semáforo,Funciona,Intersección,Bueno,Buena,Diurna,Buen Tiempo,Lateral,S/D,Colisión,S/D,S/D,"Cordón divisorio,Vegetación",Sin restricción,"-32.94545, -60.68077","['Avellaneda', '3 de Febrero']",2,,-32.94545,-60.68077,55.0,538.0,Municipio Rosario,Municipio,Rosario,820210,Servicio de Catastro e Información Territorial,IGN
2019,9251,2019-05-25,Sabado,,,,0.0,1,Otros, ,1,0,0,0,0,1,0,"-32.952185,-60.669634",S/D,,ROSARIO,Rosario,S/D,S/D,II,S/D,S/D,S/D,S/D,S/D,S/D,S/D,S/D,S/D,S/D,S/D,S/D,S/D,S/D,S/D,S/D,"-32.952185,-60.669634",[''],0,,-32.952185,-60.669634,55.0,538.0,Municipio Rosario,Municipio,Rosario,820210,Servicio de Catastro e Información Territorial,IGN
2019,9253,2019-12-17,Martes,,14:40:00,,0.0,2,"Automóvil,Moto/Ciclomotor",Tarragona Y Pje. Cabanellas,2,1,0,0,1,0,0,"-32.93263, -60.73435",Calle,,ROSARIO,Rosario,Asfalto,No existe,II,Dentro,Urbana,Ninguna,No existe,Intersección,Bueno,Buena,Diurna,Buen Tiempo,S/D,S/D,Colisión,Ninguna,S/D,Ninguna,Sin restricción,"-32.93263, -60.73435","['Tarragona', 'Cabanellas']",2,,-32.93263,-60.73435,55.0,538.0,Municipio Rosario,Municipio,Rosario,820210,Servicio de Catastro e Información Territorial,IGN
2019,9254,2019-12-17,Martes,,08:05:00,,0.0,2,"Moto/Ciclomotor,Automóvil",Av. Pte.Peron 8100,2,1,0,0,1,0,0,"-32.97784, -60.73121",Avenida,,ROSARIO,Rosario,Asfalto,Pavimento,II,Dentro,Urbana,Ninguna,No existe,Recta,S/D,Buena,Diurna,Otro,S/D,S/D,Colisión,Otro,S/D,"Cordón divisorio,Vegetación",Sin restricción,"-32.97784, -60.73121",['Presidenteperon 8100'],1,,-32.97784,-60.73121,55.0,538.0,Municipio Rosario,Municipio,Rosario,820210,Servicio de Catastro e Información Territorial,IGN
2019,9260,2019-12-18,Miercoles,,16:40:00,,0.0,2,"Moto/Ciclomotor,Automóvil",Crespo Y Uruguay,2,1,0,0,1,0,0,"-32.9714, -60.67591",Calle,,ROSARIO,Rosario,Asfalto,S/D,II,S/D,Urbana,S/D,S/D,Intersección,Bueno,Buena,Diurna,Buen Tiempo,S/D,S/D,Colisión,Ninguna,S/D,Ninguna,Sin restricción,"-32.9714, -60.67591","['Crespo', 'Uruguay']",2,,-32.9714,-60.67591,55.0,538.0,Municipio Rosario,Municipio,Rosario,820210,Servicio de Catastro e Información Territorial,IGN
2019,9261,2019-12-18,Miercoles,,11:30:00,,0.0,2,"Automóvil,Automóvil",Bv. Oroño 3980,2,1,0,0,1,0,0,"-32.9807, -60.66268",Calle,,ROSARIO,Rosario,Asfalto,No existe,II,Dentro,Urbana,Semáforo,Funciona,Intersección,Bueno,Buena,Diurna,Buen Tiempo,De alcance,S/D,Colisión,Ninguna,Faltante,Cordón divisorio,Sin restricción,"-32.9807, -60.66268",['Nicasio Oroñoño 3980'],1,,-32.9807,-60.66268,55.0,538.0,Municipio Rosario,Municipio,Rosario,820210,Servicio de Catastro e Información Territorial,IGN
2019,9262,2019-12-18,Miercoles,,10:50:00,,0.0,2,"Moto/Ciclomotor,Automóvil",Juan Canals Y Dorrego,2,1,0,0,1,0,0,"-32.98742, -60.66005",Calle,,ROSARIO,Rosario,Asfalto,No existe,II,Dentro,Urbana,Ninguna,No existe,Intersección,Bueno,Buena,Diurna,Buen Tiempo,De alcance,S/D,Colisión,Ninguna,Faltante,Ninguna,Sin restricción,"-32.98742, -60.66005","['Juan Canals', 'Dorrego']",2,,-32.98742,-60.66005,55.0,538.0,Municipio Rosario,Municipio,Rosario,820210,Servicio de Catastro e Información Territorial,IGN
2019,9273,2019-12-18,Miercoles,,08:50:00,,0.0,2,"Bicicleta,Automóvil",Av. Genova Y Cayetano Silva,2,1,0,0,1,0,0,"-32.91507, -60.6791",Calle,,ROSARIO,Rosario,Asfalto,S/D,II,S/D,Urbana,S/D,S/D,Intersección,Bueno,S/D,Diurna,Buen Tiempo,S/D,Ciclista,Atropello,S/D,S/D,S/D,Sin restricción,"-32.91507, -60.6791","['Genova', 'Cayetano Silva']",2,,-32.91507,-60.6791,55.0,538.0,Municipio Rosario,Municipio,Rosario,820210,Servicio de Catastro e Información Territorial,IGN
2019,9275,2019-12-18,Miercoles,,15:40:00,,0.0,2,"Bicicleta,Automóvil",Donado Y Morrison,2,1,0,0,1,0,0,"-32.92546, -60.72758",Calle,,ROSARIO,Rosario,Asfalto,No existe,II,Dentro,Urbana,Ninguna,No existe,Intersección,Bueno,Buena,Diurna,Buen Tiempo,S/D,Ciclista,Atropello,Ninguna,Faltante,Ninguna,Sin restricción,"-32.92546, -60.72758","['Donado', 'Morrison']",2,,-32.92546,-60.72758,55.0,538.0,Municipio Rosario,Municipio,Rosario,820210,Servicio de Catastro e Información Territorial,IGN
2019,9277,2019-12-18,Miercoles,,15:35:00,,0.0,2,"Automóvil,Moto/Ciclomotor",Av. Provincias Unidas Y Av. Pellegrini,2,1,0,0,1,0,0,"-32.94866, -60.71231",Avenida,,ROSARIO,Rosario,Asfalto,Pavimento,II,Dentro,Urbana,Semáforo,Funciona,Intersección,Otro,Buena,Diurna,Otro,S/D,S/D,Colisión,Otro,S/D,"Cordón divisorio,Vegetación,Línea divisoria pintada",Sin restricción,"-32.94866, -60.71231","['Avenida Provincias Unidas', 'Pellegrini']",2,,-32.94866,-60.71231,55.0,538.0,Municipio Rosario,Municipio,Rosario,820210,Servicio de Catastro e Información Territorial,IGN
2019,9278,2019-12-18,Miercoles,,14:10:00,,0.0,2,"Automóvil,Moto/Ciclomotor",Viamonte Y Solis,4,2,0,0,2,0,0,"-32.95665, -60.70272",Calle,,ROSARIO,Rosario,Asfalto,Pavimento,II,Dentro,Urbana,Ninguna,No existe,Intersección,Bueno,Buena,Diurna,S/D,S/D,S/D,Colisión,S/D,Vertical,Vegetación,Sin restricción,"-32.95665, -60.70272","['Viamonte', 'Solis']",2,,-32.95665,-60.70272,55.0,538.0,Municipio Rosario,Municipio,Rosario,820210,Servicio de Catastro e Información Territorial,IGN
2019,9280,2019-12-19,Jueves,,18:30:00,,0.0,2,"Automóvil,Bicicleta",Rodriguez Y Saavedra,3,1,0,0,2,0,0,"    -32.97428, -60.66668",Calle,,ROSARIO,Rosario,Asfalto,No existe,II,S/D,Urbana,S/D,No existe,Intersección,Bueno,Buena,Diurna,Buen Tiempo,S/D,Ciclista,Atropello,Ninguna,S/D,Ninguna,Sin restricción,"    -32.97428, -60.66668","['Rodríguez', 'Saavedra']",2,,-32.97428,-60.66668,55.0,538.0,Municipio Rosario,Municipio,Rosario,820210,Servicio de Catastro e Información Territorial,IGN
2019,9285,2019-12-19,Jueves,,02:45:00,,0.0,2,"Automóvil,Pickup/Utilitario",Av. Battle y Ordoñez 500,2,2,0,0,0,0,0,"-33.00867, -60.64004",Avenida,,ROSARIO,Rosario,Asfalto,No existe,II,Dentro,Urbana,Ninguna,No existe,Intersección,Bueno,Buena,Nocturna,Buen Tiempo,De alcance,S/D,Colisión,Ninguna,Faltante,Ninguna,Sin restricción,"-33.00867, -60.64004",['Avenida Battle y Ordoñez 500'],1,,-33.00867,-60.64004,55.0,538.0,Municipio Rosario,Municipio,Rosario,820210,Servicio de Catastro e Información Territorial,IGN
2019,9286,2019-12-19,Jueves,,17:45:00,,0.0,2,"Bicicleta,Taxi/Remis",Av. Alberdi Bis Y Jose Ingenieros,2,1,0,0,1,0,0,"-32.9163, -60.6847",Calle,,ROSARIO,Rosario,Asfalto,S/D,II,S/D,Urbana,Ninguna,S/D,Intersección,Bueno,S/D,Diurna,Buen Tiempo,Lateral,Ciclista,Atropello,S/D,Vertical,Ninguna,Sin restricción,"-32.9163, -60.6847","['Alberdi', 'José Ingenieros']",2,,-32.9163,-60.6847,55.0,538.0,Municipio Rosario,Municipio,Rosario,820210,Servicio de Catastro e Información Territorial,IGN
2019,9287,2019-12-19,Jueves,,22:15:00,,0.0,2,"Automóvil,Moto/Ciclomotor",Viamonte Y Laprida,2,1,0,0,1,0,0,"-32.96605, -60.63902",Calle,,ROSARIO,Rosario,Asfalto,S/D,II,Dentro,Urbana,S/D,S/D,Intersección,S/D,S/D,Nocturna,S/D,De alcance,S/D,Colisión,S/D,S/D,S/D,S/D,"-32.96605, -60.63902","['Viamonte', 'Laprida']",2,,-32.96605,-60.63902,55.0,538.0,Municipio Rosario,Municipio,Rosario,820210,Servicio de Catastro e Información Territorial,IGN
2019,9288,2019-12-19,Jueves,,21:30:00,,0.0,2,"Pickup/Utilitario,Bicicleta",3 De Febrero Y Ayacucho,2,1,0,0,1,0,0,"-32.95468, -60.62851",Calle,,ROSARIO,Rosario,Asfalto,No existe,II,Dentro,Urbana,Ninguna,No existe,Intersección,Bueno,Buena,"Nocturna,Con luz artificial",Buen Tiempo,S/D,Ciclista,Atropello,Ninguna,Vertical,Ninguna,Sin restricción,"-32.95468, -60.62851","['3 de Febrero', 'Ayacucho']",2,,-32.95468,-60.62851,55.0,538.0,Municipio Rosario,Municipio,Rosario,820210,Servicio de Catastro e Información Territorial,IGN
2019,9289,2019-12-19,Jueves,,05:40:00,,0.0,2,"Moto/Ciclomotor,Automóvil",Mendoza Y España,3,2,0,0,1,0,0,"-32.95004, -60.64779",Calle,,ROSARIO,Rosario,Asfalto,S/D,II,Dentro,Urbana,Semáforo,Funciona,Intersección,Bueno,Buena,Nocturna,S/D,Lateral,S/D,Colisión,S/D,S/D,S/D,S/D,"-32.95004, -60.64779","['Mendoza', 'España']",2,,-32.95004,-60.64779,55.0,538.0,Municipio Rosario,Municipio,Rosario,820210,Servicio de Catastro e Información Territorial,IGN
2019,9315,2019-06-13,Jueves,,,,0.0,2,"Automóvil,Moto/Ciclomotor",Arevalo Y Av. Provincias Unidas,2,1,0,0,1,0,0,"-32.93068, -60.71325",Calle,,ROSARIO,Rosario,Asfalto,S/D,II,S/D,Urbana,S/D,S/D,Intersección,S/D,S/D,S/D,S/D,S/D,S/D,Colisión,S/D,S/D,S/D,S/D,"-32.93068, -60.71325","['Arévalo', 'Avenida Provincias Unidas']",2,,-32.93068,-60.71325,55.0,538.0,Municipio Rosario,Municipio,Rosario,820210,Servicio de Catastro e Información Territorial,IGN
2019,9332,2019-12-14,Sabado,,,,0.0,2,"Pickup/Utilitario,Moto/Ciclomotor",Colombia Y White,4,1,2,0,1,0,0,"-32.94148, -60.7161",Calle,,ROSARIO,Rosario,Asfalto,S/D,II,S/D,Urbana,S/D,S/D,Intersección,S/D,S/D,S/D,S/D,S/D,S/D,Colisión,S/D,S/D,S/D,S/D,"-32.94148, -60.7161","['Colombia', 'White']",2,,-32.94148,-60.7161,55.0,538.0,Municipio Rosario,Municipio,Rosario,820210,Servicio de Catastro e Información Territorial,IGN
2019,9335,2019-07-02,Martes,,15:30:00,,0.0,2,"Camión,Peatón",Camino de los Granaderos Y Republica de Irak,2,0,0,0,0,1,1,"-32.88706,-60.70958",Avenida,,ROSARIO,Rosario,Asfalto,Pavimento,II,Dentro,Urbana,Ninguna,S/D,Intersección,Bueno,Buena,Diurna,Buen Tiempo,S/D,Peatón,Atropello,Ninguna,S/D,Cordón divisorio,S/D,"-32.88706,-60.70958","['Camino de los Granaderos', 'República de Irak']",2,,-32.88706,-60.70958,55.0,538.0,Municipio Rosario,Municipio,Rosario,820210,Servicio de Catastro e Información Territorial,IGN
2019,9342,2019-10-24,Jueves,,16:30:00,,0.0,2,"Peatón,Transporte de Pasajeros Urbano (> 8 asientos)",Fragata Sarmiento Y Crespo,2,1,0,0,1,0,0,"    -32.98746, -60.67994",Calle,,ROSARIO,Rosario,S/D,S/D,II,Dentro,Urbana,S/D,S/D,Intersección,S/D,S/D,Diurna,S/D,S/D,Peatón,Atropello,S/D,S/D,S/D,S/D,"    -32.98746, -60.67994","['Fragata Sarmiento', 'Crespo']",2,,-32.98746,-60.67994,55.0,538.0,Municipio Rosario,Municipio,Rosario,820210,Servicio de Catastro e Información Territorial,IGN
2019,9379,2019-12-19,Jueves,,12:00:00,,0.0,2,"Moto/Ciclomotor,Automóvil",Av. Pellegrini Y Fraga,2,1,0,0,1,0,0,"-32.9486, -60.7099",Avenida,,ROSARIO,Rosario,Asfalto,Pavimento,II,Dentro,Urbana,Semáforo,Funciona,Intersección,S/D,Buena,Diurna,Otro,Otro,S/D,Colisión,Ninguna,S/D,"Cordón divisorio,Vegetación",Sin restricción,"-32.9486, -60.7099","['Pellegrini', 'Fraga']",2,,-32.9486,-60.7099,55.0,538.0,Municipio Rosario,Municipio,Rosario,820210,Servicio de Catastro e Información Territorial,IGN
2019,9381,2019-12-19,Jueves,,12:00:00,,0.0,2,"Peatón,Camión c / Acoplado",Rivarola 7500,3,0,1,0,2,0,0,"-32.96605, -60.72134",Avenida,,ROSARIO,Rosario,Asfalto,Pavimento,II,Dentro,Urbana,Ninguna,No existe,Recta,Bueno,Buena,Diurna,Otro,S/D,Peatón,Atropello,Ninguna,Faltante,"Guardarrail,Cordón divisorio,Vegetación",Sin restricción,"-32.96605, -60.72134",['Rivarola 7500'],1,,-32.96605,-60.72134,55.0,538.0,Municipio Rosario,Municipio,Rosario,820210,Servicio de Catastro e Información Territorial,IGN
2019,9393,2019-12-20,Viernes,,21:20:00,,0.0,2,"Moto/Ciclomotor,Automóvil",Acevedo Bis Y Suipacha,3,2,0,0,1,0,0,"-32.98409, -60.67431",Calle,,ROSARIO,Rosario,Asfalto,No existe,II,S/D,Urbana,S/D,S/D,Intersección,Bueno,Buena,Nocturna,Buen Tiempo,Lateral,S/D,Colisión,S/D,S/D,Ninguna,Sin restricción,"-32.98409, -60.67431","['Acevedo', 'Suipacha']",2,,-32.98409,-60.67431,55.0,538.0,Municipio Rosario,Municipio,Rosario,820210,Servicio de Catastro e Información Territorial,IGN
2019,9396,2019-12-20,Viernes,,10:30:00,,0.0,2,"Moto/Ciclomotor,Automóvil",Saavedra Y Sarmiento,2,1,0,0,1,0,0,"-32.97795, -60.6461",Calle,,ROSARIO,Rosario,Asfalto,No existe,II,Dentro,Urbana,Ninguna,No existe,Intersección,Bueno,Buena,Diurna,Buen Tiempo,De alcance,S/D,Colisión,Ninguna,Faltante,Ninguna,Sin restricción,"-32.97795, -60.6461","['Saavedra', 'Sarmiento']",2,,-32.97795,-60.6461,55.0,538.0,Municipio Rosario,Municipio,Rosario,820210,Servicio de Catastro e Información Territorial,IGN
2019,9397,2019-12-20,Viernes,,11:55:00,,0.0,2,"Bicicleta,Automóvil",Entre Rios Y Garay,2,1,0,0,1,0,0,"-32.97399, -60.64802",Calle,,ROSARIO,Rosario,Asfalto,No existe,II,Dentro,Urbana,Ninguna,No existe,Intersección,Bueno,Buena,Diurna,Buen Tiempo,De alcance,Ciclista,Atropello,Ninguna,Faltante,Ninguna,Sin restricción,"-32.97399, -60.64802","['Entre Ríos', 'Garay']",2,,-32.97399,-60.64802,55.0,538.0,Municipio Rosario,Municipio,Rosario,820210,Servicio de Catastro e Información Territorial,IGN
2019,9398,2019-12-20,Viernes,,17:45:00,,0.0,1,Transporte de Pasajeros Urbano (> 8 asientos),Lamadrid Y Serrano,2,1,0,0,1,0,0,"-32.9966, -60.63201",Calle,,ROSARIO,Rosario,Asfalto,No existe,II,Dentro,Urbana,Ninguna,No existe,Intersección,Bueno,Buena,Diurna,Buen Tiempo,S/D,S/D,Caída ocupante,Ninguna,Faltante,Ninguna,Sin restricción,"-32.9966, -60.63201","['Lamadrid', 'Serrano']",2,,-32.9966,-60.63201,55.0,538.0,Municipio Rosario,Municipio,Rosario,820210,Servicio de Catastro e Información Territorial,IGN
2019,9399,2019-12-20,Viernes,,21:15:00,,0.0,2,"Moto/Ciclomotor,Automóvil",Pje. Cilvetti Y Pje. Echevarria,2,1,0,0,1,0,0,"-32.92565, -60.67212",Calle,,ROSARIO,Rosario,Asfalto,S/D,II,S/D,Urbana,Ninguna,S/D,Intersección,Bueno,Buena,Nocturna,Buen Tiempo,S/D,S/D,Colisión,Ninguna,Faltante,S/D,S/D,"-32.92565, -60.67212","['Cilvetti', 'Echeverría']",2,,-32.92565,-60.67212,55.0,538.0,Municipio Rosario,Municipio,Rosario,820210,Servicio de Catastro e Información Territorial,IGN
2019,9400,2019-12-20,Viernes,,07:00:00,,0.0,2,"Moto/Ciclomotor,Pickup/Utilitario",Bv. Oroño Y San Lorenzo,2,1,0,0,1,0,0,"-32.94136, -60.65282",Avenida,,ROSARIO,Rosario,Asfalto,No existe,II,Dentro,Urbana,Semáforo,Funciona,Intersección,Bueno,Buena,Diurna,Buen Tiempo,Lateral,S/D,Colisión,Ninguna,Vertical,Ninguna,Sin restricción,"-32.94136, -60.65282","['Bulevar Nicasio Oroño', 'San Lorenzo']",2,,-32.94136,-60.65282,55.0,538.0,Municipio Rosario,Municipio,Rosario,820210,Servicio de Catastro e Información Territorial,IGN
2019,9401,2019-12-20,Viernes,,22:00:00,,0.0,2,"Automóvil,Bicicleta",Bv. Oroño Y 9 De Julio,2,1,0,0,1,0,0,"-32.9511, -60.65525",Calle,,ROSARIO,Rosario,Asfalto,No existe,II,Dentro,Urbana,Semáforo,Funciona,Intersección,Bueno,Buena,"Nocturna,Con luz artificial",Buen Tiempo,S/D,Ciclista,Atropello,Ninguna,Vertical,Ninguna,Sin restricción,"-32.9511, -60.65525","['Bulevar Nicasio Oroño', '9 de Julio']",2,,-32.9511,-60.65525,55.0,538.0,Municipio Rosario,Municipio,Rosario,820210,Servicio de Catastro e Información Territorial,IGN
2019,9402,2019-12-20,Viernes,,16:40:00,,0.0,2,"Taxi/Remis,Peatón",Pte.Roca Y San Lorenzo,2,1,0,0,1,0,0,"-32.94288, -60.64452",Calle,,ROSARIO,Rosario,Asfalto,No existe,II,Dentro,Urbana,Ninguna,No existe,Intersección,S/D,Buena,Diurna,Buen Tiempo,S/D,Peatón,Atropello,Ninguna,Vertical,Ninguna,Sin restricción,"-32.94288, -60.64452","['Roca', 'San Lorenzo']",2,,-32.94288,-60.64452,55.0,538.0,Municipio Rosario,Municipio,Rosario,820210,Servicio de Catastro e Información Territorial,IGN
2019,9408,2019-12-20,Viernes,,00:40:00,,0.0,2,"Taxi/Remis,Moto/Ciclomotor",F.More Y Pasco,2,1,0,0,1,0,0,"-32.95044, -60.69336",Calle,,ROSARIO,Rosario,Asfalto,Pavimento,II,S/D,Urbana,Ninguna,No existe,Intersección,Otro,Reducida,Nocturna,S/D,S/D,S/D,Colisión,Ninguna,Faltante,Cordón divisorio,Sin restricción,"-32.95044, -60.69336","['Felipe Moré', 'Pasco']",2,,-32.95044,-60.69336,55.0,538.0,Municipio Rosario,Municipio,Rosario,820210,Servicio de Catastro e Información Territorial,IGN
2019,9418,2019-12-21,Sabado,,20:05:00,,0.0,2,"Moto/Ciclomotor,Automóvil",Italia Y Dr.Rivas,2,1,0,0,1,0,0,"-32.98193, -60.65724",Calle,,ROSARIO,Rosario,Asfalto,No existe,II,Dentro,Urbana,Ninguna,No existe,Intersección,Bueno,Buena,Nocturna,Buen Tiempo,De alcance,S/D,Colisión,Ninguna,Faltante,Ninguna,Sin restricción,"-32.98193, -60.65724","['Italia', 'Doctor Francisco Riva']",2,,-32.98193,-60.65724,55.0,538.0,Municipio Rosario,Municipio,Rosario,820210,Servicio de Catastro e Información Territorial,IGN
2019,9419,2019-12-21,Sabado,,16:20:00,,0.0,2,"Moto/Ciclomotor,Automóvil",Dorrego Y Uruguay,2,1,0,0,1,0,0,"-32.97477, -60.65686",Calle,,ROSARIO,Rosario,Asfalto,No existe,II,Dentro,Urbana,Ninguna,No existe,Intersección,Bueno,Buena,Diurna,Buen Tiempo,De alcance,S/D,Colisión,Ninguna,Faltante,Ninguna,Sin restricción,"-32.97477, -60.65686","['Dorrego', 'Uruguay']",2,,-32.97477,-60.65686,55.0,538.0,Municipio Rosario,Municipio,Rosario,820210,Servicio de Catastro e Información Territorial,IGN
2019,9420,2019-12-21,Sabado,,10:10:00,,0.0,2,"Moto/Ciclomotor,Moto/Ciclomotor",Bv. 27 De Febrero Y L.N.Alem,2,2,0,0,0,0,0,"-32.96946, -60.63369",Avenida,,ROSARIO,Rosario,Asfalto,No existe,II,Dentro,Urbana,Semáforo,Funciona,Intersección,Bueno,Buena,Diurna,Buen Tiempo,Lateral,S/D,Colisión,Ninguna,"Horizontal,Vertical","Cordón divisorio,Vegetación",Sin restricción,"-32.96946, -60.63369","['27 de Febrero', 'Alem']",2,,-32.96946,-60.63369,55.0,538.0,Municipio Rosario,Municipio,Rosario,820210,Servicio de Catastro e Información Territorial,IGN
2019,9421,2019-12-21,Sabado,,17:35:00,,0.0,2,"Moto/Ciclomotor,Automóvil",Av. Pellegrini Y Alvear,2,1,0,0,1,0,0,"-32.95429, -60.65738",Avenida,,ROSARIO,Rosario,Asfalto,S/D,II,Dentro,Urbana,Semáforo,Funciona,Intersección,Bueno,S/D,Diurna,Buen Tiempo,Lateral,S/D,Colisión,S/D,S/D,"Cordón divisorio,Vegetación",Sin restricción,"-32.95429, -60.65738","['Pellegrini', 'Alvear']",2,,-32.95429,-60.65738,55.0,538.0,Municipio Rosario,Municipio,Rosario,820210,Servicio de Catastro e Información Territorial,IGN
2019,9422,2019-12-21,Sabado,,05:40:00,,0.0,2,"Moto/Ciclomotor,Taxi/Remis",Av. Pellegrini Y Suipacha,2,1,0,0,1,0,0,"-32.95257, -60.66689",Avenida,,ROSARIO,Rosario,Asfalto,No existe,II,Dentro,Urbana,Semáforo,Funciona,Intersección,Bueno,S/D,Nocturna,Buen Tiempo,Lateral,S/D,Colisión,S/D,S/D,Ninguna,Sin restricción,"-32.95257, -60.66689","['Pellegrini', 'Suipacha']",2,,-32.95257,-60.66689,55.0,538.0,Municipio Rosario,Municipio,Rosario,820210,Servicio de Catastro e Información Territorial,IGN