anio_acci,nro_acci,fecha,desc_dia,fecha_aprox,hora_aprox,desc_ruta,km,cant_participantes,desc_participante,calle_avenida_km,total,heridos_leves,heridos_graves,heridos_gravisimos,ilesos,fallecidos,sin_datos,posicion_XY,desc_tipo_via,desc_ruta_ori,desc_loc,desc_dpto,desc_tipo_calzada,desc_tipo_banquina,desc_unidad_regional,desc_lugar_calzada,desc_zona,desc_prioridad,desc_estado_semaforo,desc_lugar_via,desc_estado_via,desc_estado_visibilidad,desc_luminosidad,desc_estado_clima,desc_tipo_colision,desc_tipo_atropello,desc_tipo_hecho,desc_pres_calzada,desc_senializacion,desc_separacion_via,desc_restriccion,forma_geocod,calle_lista,numero_calles,calles_osm,lat,lon,index_right,gid,fna,gna,nam,in1,fdc,sag
2019,9423,2019-12-21,Sabado,,17:00:00,,0.0,3,"Taxi/Remis,Automóvil,Automóvil",Av. Pellegrini Y Dorrego,4,1,0,0,1,0,2,"-32.95538, -60.65195",Avenida,,ROSARIO,Rosario,Asfalto,No existe,II,Dentro,Urbana,Semáforo,Funciona,Intersección,Bueno,Buena,Diurna,Buen Tiempo,Múltiple,S/D,Colisión,S/D,S/D,Ninguna,S/D,"-32.95538, -60.65195","['Pellegrini', 'Dorrego']",2,,-32.95538,-60.65195,55.0,538.0,Municipio Rosario,Municipio,Rosario,820210,Servicio de Catastro e Información Territorial,IGN
2019,9424,2019-12-21,Sabado,,14:35:00,,0.0,2,"Automóvil,Moto/Ciclomotor",Valparaiso Y Av. Eva Peron,3,2,0,0,1,0,0,"-32.93859, -60.68186",Avenida,,ROSARIO,Rosario,Asfalto,S/D,II,Dentro,Urbana,Semáforo,Funciona,Intersección,S/D,Buena,Diurna,S/D,Lateral,S/D,Colisión,S/D,"Horizontal,Vertical",S/D,S/D,"-32.93859, -60.68186","['Valparaíso', 'Avenida Eva Perón']",2,,-32.93859,-60.68186,55.0,538.0,Municipio Rosario,Municipio,Rosario,820210,Servicio de Catastro e Información Territorial,IGN
2019,9425,2019-12-21,Sabado,,21:30:00,,0.0,2,"Pickup/Utilitario,Pickup/Utilitario",E.Zeballos Y Laprida,2,1,0,0,1,0,0,"-32.95578, -60.63636",Calle,,ROSARIO,Rosario,Asfalto,No existe,II,Dentro,Urbana,Ninguna,No existe,Intersección,Bueno,Buena,"Nocturna,Con luz artificial",Buen Tiempo,De alcance,S/D,Colisión,S/D,Vertical,Ninguna,Sin restricción,"-32.95578, -60.63636","['Zeballos', 'Laprida']",2,,-32.95578,-60.63636,55.0,538.0,Municipio Rosario,Municipio,Rosario,820210,Servicio de Catastro e Información Territorial,IGN
2019,9427,2019-12-21,Sabado,,15:30:00,,0.0,2,"Automóvil,Automóvil",Av. Pte.Peron Y Tucuman,5,2,0,0,3,0,0,"-32.93247, -60.7161",Avenida,,ROSARIO,Rosario,Asfalto,No existe,II,S/D,Urbana,Ninguna,No existe,Intersección,Bueno,S/D,Diurna,Buen Tiempo,Lateral,S/D,Colisión,S/D,S/D,Ninguna,Sin restricción,"-32.93247, -60.7161","['Avenida Presidente Perón', 'Tucumán']",2,,-32.93247,-60.7161,55.0,538.0,Municipio Rosario,Municipio,Rosario,820210,Servicio de Catastro e Información Territorial,IGN
2019,9439,2019-10-25,Viernes,,,,0.0,2,"Vehículo Oficial,Automóvil",Laprida Y Ocampo,3,1,1,0,1,0,0,"    -32.96714, -60.63929",Calle,,ROSARIO,Rosario,Asfalto,S/D,II,Dentro,Urbana,S/D,S/D,Intersección,S/D,S/D,Nocturna,S/D,Lateral,S/D,Colisión,S/D,S/D,S/D,S/D,"    -32.96714, -60.63929","['Laprida', 'Ocampo']",2,,-32.96714,-60.63929,55.0,538.0,Municipio Rosario,Municipio,Rosario,820210,Servicio de Catastro e Información Territorial,IGN
2019,9480,2019-07-17,Miercoles,,16:35:00,,0.0,2,"Moto/Ciclomotor,Pickup/Utilitario",Italia Y Cerrito,4,1,0,0,2,1,0,"-32.96016,-60.65179",Calle,,ROSARIO,Rosario,Asfalto,No existe,II,S/D,Urbana,Ninguna,No existe,Intersección,Bueno,Buena,Diurna,Buen Tiempo,Lateral,S/D,Colisión,S/D,Vertical,Ninguna,Sin restricción,"-32.96016,-60.65179","['Italia', 'Cerrito']",2,,-32.96016,-60.65179,55.0,538.0,Municipio Rosario,Municipio,Rosario,820210,Servicio de Catastro e Información Territorial,IGN
2019,9483,2019-07-24,Miercoles,,06:50:00,,0.0,2,"Moto/Ciclomotor,Pickup/Utilitario",Pje. Franklin Y Ottone Bis,3,1,0,0,1,1,0,"-32.91749,-60.70094",Calle,,ROSARIO,Rosario,Asfalto,No existe,II,Dentro,Urbana,Ninguna,No existe,Recta,Otro,Buena,Diurna,Buen Tiempo,Lateral,S/D,Colisión,Ninguna,S/D,Ninguna,Sin restricción,"-32.91749,-60.70094","['Franklin', 'Ottone']",2,,-32.91749,-60.70094,55.0,538.0,Municipio Rosario,Municipio,Rosario,820210,Servicio de Catastro e Información Territorial,IGN
2019,9492,2019-12-21,Sabado,,04:00:00,,0.0,2,"Moto/Ciclomotor,Automóvil",J.B.Justo Y Donado,2,1,0,0,1,0,0,"-32.91533, -60.72808",Calle,,ROSARIO,Rosario,Asfalto,S/D,II,Dentro,Urbana,S/D,S/D,Intersección,S/D,Reducida,"Nocturna,Con luz artificial",S/D,S/D,S/D,Colisión,S/D,S/D,Cordón divisorio,S/D,"-32.91533, -60.72808","['Justo', 'Donado']",2,,-32.91533,-60.72808,55.0,538.0,Municipio Rosario,Municipio,Rosario,820210,Servicio de Catastro e Información Territorial,IGN
2019,9493,2019-12-21,Sabado,,15:55:00,,0.0,2,"Moto/Ciclomotor,Transporte de Pasajeros (H/ 8 asientos)",Riobamba Y Mejico,3,2,0,0,1,0,0,"-32.95469, -60.71782",Calle,,ROSARIO,Rosario,Asfalto,Pavimento,II,Dentro,Urbana,Ninguna,No existe,Intersección,S/D,Buena,Diurna,Otro,S/D,S/D,Colisión,Otro,Faltante,Vegetación,Sin restricción,"-32.95469, -60.71782","['Riobamba', 'Mejico']",2,,-32.95469,-60.71782,55.0,538.0,Municipio Rosario,Municipio,Rosario,820210,Servicio de Catastro e Información Territorial,IGN
2019,9496,2019-12-21,Sabado,,16:50:00,,0.0,2,"Moto/Ciclomotor,Automóvil",Rivarola 7800,4,2,0,0,2,0,0,"-32.96617, -60.72479",Avenida,,ROSARIO,Rosario,Asfalto,Pavimento,II,Dentro,Urbana,Ninguna,No existe,Recta,S/D,Buena,Diurna,Otro,Otro,S/D,Colisión,Otro,Faltante,"Cordón divisorio,Vegetación",Sin restricción,"-32.96617, -60.72479",['Rivarola 7800'],1,,-32.96617,-60.72479,55.0,538.0,Municipio Rosario,Municipio,Rosario,820210,Servicio de Catastro e Información Territorial,IGN
2019,9530,2019-12-22,Domingo,,06:30:00,,0.0,2,"Moto/Ciclomotor,Automóvil",España Y Estado de Israel,3,1,0,0,2,0,0,"-32.99213, -60.65807",Calle,,ROSARIO,Rosario,Asfalto,No existe,II,Dentro,Urbana,Ninguna,No existe,Intersección,Bueno,Buena,Amanecer,Buen Tiempo,De alcance,S/D,Colisión,Ninguna,Faltante,Ninguna,Sin restricción,"-32.99213, -60.65807","['España', 'Estado de Israel']",2,,-32.99213,-60.65807,55.0,538.0,Municipio Rosario,Municipio,Rosario,820210,Servicio de Catastro e Información Territorial,IGN
2019,9533,2019-12-22,Domingo,,01:30:00,,0.0,2,"Automóvil,Automóvil",J.M.de Rosas Y E.Zeballos,5,1,0,0,4,0,0,"-32.95638, -60.63345",Calle,,ROSARIO,Rosario,Asfalto,No existe,II,Dentro,Urbana,Ninguna,Funciona,Intersección,Bueno,Buena,Nocturna,Buen Tiempo,De alcance,S/D,Colisión,Ninguna,Faltante,Cordón divisorio,Sin restricción,"-32.95638, -60.63345","['De Rosas', 'Zeballos']",2,,-32.95638,-60.63345,55.0,538.0,Municipio Rosario,Municipio,Rosario,820210,Servicio de Catastro e Información Territorial,IGN
2019,9536,2019-12-22,Domingo,,21:30:00,,0.0,2,"Moto/Ciclomotor,Automóvil",Robles Y Morrow,3,2,0,0,1,0,0,"-32.88038, -60.73535",Calle,,ROSARIO,Rosario,Asfalto,No existe,II,Fuera,Urbana,Ninguna,No existe,Recta,Bueno,Buena,Nocturna,Buen Tiempo,Lateral,S/D,Colisión,Ninguna,Faltante,Ninguna,Sin restricción,"-32.88038, -60.73535","['Robles', 'Morrow']",2,,-32.88038,-60.73535,55.0,538.0,Municipio Rosario,Municipio,Rosario,820210,Servicio de Catastro e Información Territorial,IGN
2019,9538,2019-12-22,Domingo,,20:30:00,,0.0,2,"Moto/Ciclomotor,Automóvil",Bv. Avellaneda Y Marcos Paz,3,1,0,0,2,0,0,"-32.9435, -60.68022",Avenida,,ROSARIO,Rosario,Asfalto,No existe,II,Dentro,Urbana,Semáforo,Funciona,Intersección,Bueno,Buena,"Nocturna,Con luz artificial",Buen Tiempo,Lateral,S/D,Colisión,Ninguna,Vertical,Ninguna,Sin restricción,"-32.9435, -60.68022","['Avellaneda', 'Marcos Paz']",2,,-32.9435,-60.68022,55.0,538.0,Municipio Rosario,Municipio,Rosario,820210,Servicio de Catastro e Información Territorial,IGN
2019,9549,2019-12-22,Domingo,,03:30:00,,0.0,2,"Moto/Ciclomotor,Pickup/Utilitario",Tucuman Y Tarragona,2,1,0,0,1,0,0,"-32.93315, -60.73433",Calle,,ROSARIO,Rosario,Asfalto,No existe,II,S/D,Urbana,Ninguna,No existe,Intersección,Bueno,S/D,"Nocturna,Con luz artificial",S/D,S/D,S/D,Colisión,S/D,Faltante,Ninguna,Sin restricción,"-32.93315, -60.73433","['Tucumán', 'Tarragona']",2,,-32.93315,-60.73433,55.0,538.0,Municipio Rosario,Municipio,Rosario,820210,Servicio de Catastro e Información Territorial,IGN
2019,9551,2019-12-22,Domingo,,12:45:00,,0.0,2,"Moto/Ciclomotor,Automóvil",Av. Provincias Unidas Y Mendoza,4,2,0,0,2,0,0,"-32.94051, -60.71249",Avenida,,ROSARIO,Rosario,Asfalto,Pavimento,II,Dentro,Urbana,Semáforo,Funciona,Intersección,Deteriorada,Buena,Diurna,Buen Tiempo,De alcance,S/D,Colisión,S/D,S/D,Cordón divisorio,Sin restricción,"-32.94051, -60.71249","['Avenida Provincias Unidas', 'Mendoza']",2,,-32.94051,-60.71249,55.0,538.0,Municipio Rosario,Municipio,Rosario,820210,Servicio de Catastro e Información Territorial,IGN
2019,9552,2019-12-22,Domingo,,00:25:00,,0.0,2,"Moto/Ciclomotor,Automóvil",Cerrito Y Bolivia,5,0,2,2,0,0,1,"-32.95338, -60.71328",Calle,,ROSARIO,Rosario,Asfalto,Pavimento,II,Dentro,Urbana,Ninguna,No existe,Intersección,Otro,Reducida,Nocturna,S/D,S/D,S/D,Colisión,Otro,Faltante,Vegetación,Sin restricción,"-32.95338, -60.71328","['Cerrito', 'Bolivia']",2,,-32.95338,-60.71328,55.0,538.0,Municipio Rosario,Municipio,Rosario,820210,Servicio de Catastro e Información Territorial,IGN
2019,9555,2019-12-22,Domingo,,17:25:00,,0.0,2,"Automóvil,Moto/Ciclomotor",Sanguinetti Y Pje. J.Casals,3,2,0,0,1,0,0,"-32.97189, -60.69756",Calle,,ROSARIO,Rosario,Asfalto,Pavimento,II,Dentro,Urbana,Ninguna,No existe,Intersección,S/D,Buena,Diurna,Otro,S/D,S/D,Colisión,Otro,S/D,"Cordón divisorio,Vegetación",Sin restricción,"-32.97189, -60.69756","['Sanguinetti', 'Casals']",2,,-32.97189,-60.69756,55.0,538.0,Municipio Rosario,Municipio,Rosario,820210,Servicio de Catastro e Información Territorial,IGN
2019,9581,2019-12-23,Lunes,,07:35:00,,0.0,2,"Moto/Ciclomotor,Automóvil",Av. Corrientes Y Dr.Rivas,2,1,0,0,1,0,0,"-32.98293, -60.6517",Calle,,ROSARIO,Rosario,Asfalto,No existe,II,Dentro,Urbana,Ninguna,No existe,Intersección,Bueno,Buena,Diurna,Buen Tiempo,De alcance,S/D,Colisión,Ninguna,Faltante,Ninguna,Sin restricción,"-32.98293, -60.6517","['Corrientes', 'Doctor Francisco Riva']",2,,-32.98293,-60.6517,55.0,538.0,Municipio Rosario,Municipio,Rosario,820210,Servicio de Catastro e Información Territorial,IGN
2019,9582,2019-11-01,Viernes,,16:15:00,,0.0,1,Moto/Ciclomotor,Bv. Avellaneda 4815,2,2,0,0,0,0,0,"-32.99527231444,-60.688909087641",Avenida,,ROSARIO,Rosario,Asfalto,No existe,II,Dentro,Urbana,Paso Peatonal,No existe,Recta,Bueno,Buena,Diurna,Buen Tiempo,Contra objeto fijo,S/D,Colisión,Ninguna,Horizontal,"Cordón divisorio,Línea divisoria pintada",Sin restricción,"-32.99527231444,-60.688909087641",['Avellaneda 4815'],1,,-32.99527231444,-60.688909087641,55.0,538.0,Municipio Rosario,Municipio,Rosario,820210,Servicio de Catastro e Información Territorial,IGN
2019,9585,2019-12-23,Lunes,,15:00:00,,0.0,2,"Moto/Ciclomotor,Automóvil",Dorrego Y Biedma,3,1,0,0,2,0,0,"-32.97939, -60.65802",Calle,,ROSARIO,Rosario,Asfalto,No existe,II,Dentro,Urbana,Ninguna,No existe,Intersección,Bueno,Buena,Diurna,Buen Tiempo,De alcance,S/D,Colisión,Ninguna,Faltante,Ninguna,Sin restricción,"-32.97939, -60.65802","['Dorrego', 'Coronel Biedma']",2,,-32.97939,-60.65802,55.0,538.0,Municipio Rosario,Municipio,Rosario,820210,Servicio de Catastro e Información Territorial,IGN
2019,9588,2019-12-25,Miercoles,,02:00:00,,0.0,1,Moto/Ciclomotor,Bv. Segui Y Castellanos,2,2,0,0,0,0,0,"    -32.97248, -60.68334",Calle,,ROSARIO,Rosario,Asfalto,Pavimento,II,Dentro,Urbana,S/D,S/D,Recta,Bueno,Buena,Nocturna,Buen Tiempo,S/D,S/D,Colisión,Ninguna,S/D,Ninguna,Sin restricción,"    -32.97248, -60.68334","['Bulevar Juan Francisco Seguí', 'Aaron Castellanos']",2,,-32.97248,-60.68334,55.0,538.0,Municipio Rosario,Municipio,Rosario,820210,Servicio de Catastro e Información Territorial,IGN
2019,9591,2019-12-23,Lunes,,00:40:00,,0.0,2,"Moto/Ciclomotor,Automóvil",Av. Luis Carballo Y Rawson Bis,2,1,0,0,1,0,0,"-32.92175, -60.66943",Calle,,ROSARIO,Rosario,S/D,S/D,II,S/D,Urbana,S/D,S/D,Intersección,S/D,S/D,Nocturna,S/D,S/D,S/D,Colisión,S/D,S/D,S/D,S/D,"-32.92175, -60.66943","['Avenida Doctor Luis Cándido Carballo', 'Rawson']",2,,-32.92175,-60.66943,55.0,538.0,Municipio Rosario,Municipio,Rosario,820210,Servicio de Catastro e Información Territorial,IGN
2019,9592,2019-11-27,Miercoles,,09:05:00,,0.0,1,Moto/Ciclomotor,Biedma Y Vera Mujica,2,1,0,0,1,0,0,"-32.976220764189,-60.67569419966",Calle,,ROSARIO,Rosario,Asfalto,No existe,II,Dentro,Urbana,Ninguna,No existe,Intersección,Bueno,Buena,Diurna,Buen Tiempo,Lateral,S/D,Colisión,Ninguna,Faltante,Ninguna,Sin restricción,"-32.976220764189,-60.67569419966","['Coronel Biedma', 'Vera Mujíca']",2,,-32.976220764189,-60.67569419966,55.0,538.0,Municipio Rosario,Municipio,Rosario,820210,Servicio de Catastro e Información Territorial,IGN
2019,9593,2019-11-05,Martes,,21:30:00,,0.0,4,"Automóvil,Pickup/Utilitario,Peatón,Peatón",Av. Arijon Y Italia,6,3,1,0,2,0,0,"-33.003272531007,-60.659112554622",Avenida,,ROSARIO,Rosario,Asfalto,No existe,II,Dentro,Urbana,Paso Peatonal,No existe,Intersección,Bueno,Buena,"Nocturna,Con luz artificial",Buen Tiempo,Múltiple,Peatón,"Colisión,Atropello",Ninguna,Horizontal,Línea divisoria pintada,Sin restricción,"-33.003272531007,-60.659112554622","['Avenida Manuel Arijón', 'Italia']",2,,-33.003272531007,-60.659112554622,55.0,538.0,Municipio Rosario,Municipio,Rosario,820210,Servicio de Catastro e Información Territorial,IGN
2019,9595,2019-12-23,Lunes,,16:30:00,,0.0,2,"Moto/Ciclomotor,Automóvil",Bv. Rondeau Y Av. Irigoyen,2,1,0,0,1,0,0,"-32.88442, -60.69527",Avenida,,ROSARIO,Rosario,Asfalto,S/D,II,S/D,Urbana,S/D,Funciona,Intersección,Deteriorada,S/D,Diurna,S/D,S/D,S/D,Colisión,S/D,S/D,S/D,S/D,"-32.88442, -60.69527","['Rondeau', 'Avenida Hipólito Irigoyen']",2,,-32.88442,-60.69527,55.0,538.0,Municipio Rosario,Municipio,Rosario,820210,Servicio de Catastro e Información Territorial,IGN
2019,9596,2019-09-15,Domingo,,05:15:00,,0.0,2,"Taxi/Remis,Automóvil",Cerrito Y Sarmiento,4,1,1,0,1,1,0,"-32.96187,-60.64203",Calle,,ROSARIO,Rosario,Asfalto,No existe,II,Dentro,Urbana,Ninguna,No existe,Intersección,Bueno,S/D,Nocturna,S/D,Lateral,S/D,Colisión,Ninguna,Faltante,Ninguna,Sin restricción,"-32.96187,-60.64203","['Cerrito', 'Sarmiento']",2,,-32.96187,-60.64203,55.0,538.0,Municipio Rosario,Municipio,Rosario,820210,Servicio de Catastro e Información Territorial,IGN
2019,9598,2019-12-23,Lunes,,14:40:00,,0.0,2,"Automóvil,Bicicleta",Paraguay Y Dr.J.Alvarez,2,1,0,0,1,0,0,"-32.94501, -60.64361",Calle,,ROSARIO,Rosario,Asfalto,S/D,II,Dentro,Urbana,S/D,S/D,Intersección,S/D,S/D,Diurna,S/D,S/D,Ciclista,Atropello,S/D,S/D,S/D,S/D,"-32.94501, -60.64361","['Paraguay', 'Álvarez']",2,,-32.94501,-60.64361,55.0,538.0,Municipio Rosario,Municipio,Rosario,820210,Servicio de Catastro e Información Territorial,IGN
2019,9604,2019-11-06,Miercoles,,10:00:00,,0.0,2,"Automóvil,Moto/Ciclomotor",Cafferata Y Garay,3,0,1,0,2,0,0,"-32.96860327778,-60.678046107019",Calle,,ROSARIO,Rosario,Asfalto,No existe,II,Dentro,Urbana,Ninguna,No existe,Intersección,Bueno,Buena,Diurna,Buen Tiempo,Lateral,S/D,Colisión,Ninguna,Faltante,Ninguna,Sin restricción,"-32.96860327778,-60.678046107019","['Cafferata', 'Garay']",2,,-32.96860327778,-60.678046107019,55.0,538.0,Municipio Rosario,Municipio,Rosario,820210,Servicio de Catastro e Información Territorial,IGN
2019,9607,2019-11-09,Sabado,,11:55:00,,0.0,2,"Moto/Ciclomotor,Pickup/Utilitario",Av. Francia Y Centeno,2,0,1,0,1,0,0,"-32.979878002233,-60.675320566239",Avenida,,ROSARIO,Rosario,Asfalto,No existe,II,Dentro,Urbana,Paso Peatonal,No existe,Intersección,Bueno,Buena,Diurna,Buen Tiempo,S/D,S/D,Colisión,Ninguna,"Horizontal,Vertical","Cordón divisorio,Vegetación,Línea divisoria pintada",Sin restricción,"-32.979878002233,-60.675320566239","['Avenida Francia', 'Centeno']",2,,-32.979878002233,-60.675320566239,55.0,538.0,Municipio Rosario,Municipio,Rosario,820210,Servicio de Catastro e Información Territorial,IGN
2019,9609,2019-12-26,Jueves,,18:00:00,,0.0,2,"Peatón,Moto/Ciclomotor",Cazadores 2000,2,1,0,0,1,0,0,"    -33.00442, -60.66178",Calle,,ROSARIO,Rosario,Asfalto,Pavimento,II,S/D,Urbana,Otra Señal,S/D,Intersección,Bueno,S/D,Diurna,Buen Tiempo,S/D,Peatón,Atropello,Ninguna,S/D,S/D,Sin restricción,"    -33.00442, -60.66178",['Cazadores 2000'],1,,-33.00442,-60.66178,55.0,538.0,Municipio Rosario,Municipio,Rosario,820210,Servicio de Catastro e Información Territorial,IGN
2019,9613,2019-11-10,Domingo,,11:20:00,,0.0,2,"Bicicleta,Automóvil",Dr.Rivas Y San Nicolas,2,1,0,0,1,0,0,"-32.977537183254,-60.681715912668",Calle,,ROSARIO,Rosario,Asfalto,No existe,II,Dentro,Urbana,Ninguna,No existe,Intersección,Bueno,Buena,Diurna,Buen Tiempo,S/D,Ciclista,Atropello,Ninguna,Faltante,Ninguna,Sin restricción,"-32.977537183254,-60.681715912668","['Doctor Francisco Riva', 'San Nicolás']",2,,-32.977537183254,-60.681715912668,55.0,538.0,Municipio Rosario,Municipio,Rosario,820210,Servicio de Catastro e Información Territorial,IGN
2019,9614,2019-12-26,Jueves,,21:30:00,,0.0,2,"Bicicleta,Moto/Ciclomotor",Bv. Oroño ,3,3,0,0,0,0,0,"    -32.97629, -60.66146",Calle,,ROSARIO,Rosario,Asfalto,Pavimento,II,S/D,Urbana,S/D,S/D,Recta,Bueno,Buena,Nocturna,Buen Tiempo,S/D,Ciclista,Atropello,Ninguna,S/D,S/D,Sin restricción,"    -32.97629, -60.66146",['Nicasio Oroñoño'],1,,-32.97629,-60.66146,55.0,538.0,Municipio Rosario,Municipio,Rosario,820210,Servicio de Catastro e Información Territorial,IGN
2019,9615,2019-11-13,Miercoles,,06:55:00,,0.0,2,"Automóvil,Moto/Ciclomotor",Av. Francia Y Lamadrid,2,0,1,0,1,0,0,"-32.997935384035,-60.678019348165",Avenida,,ROSARIO,Rosario,Asfalto,No existe,II,Dentro,Urbana,Semáforo,Funciona,Intersección,Bueno,Buena,Diurna,Buen Tiempo,De alcance,S/D,Colisión,Ninguna,"Horizontal,Vertical","Cordón divisorio,Vegetación,Línea divisoria pintada",Sin restricción,"-32.997935384035,-60.678019348165","['Avenida Francia', 'Lamadrid']",2,,-32.997935384035,-60.678019348165,55.0,538.0,Municipio Rosario,Municipio,Rosario,820210,Servicio de Catastro e Información Territorial,IGN
2019,9619,2019-11-15,Viernes,,07:10:00,,0.0,2,"Moto/Ciclomotor,Pickup/Utilitario",Av. Ntra.Sra.del Rosario Y Pueyrredon,2,0,1,0,1,0,0,"-33.000689457749,-60.66921703572",Avenida,,ROSARIO,Rosario,Asfalto,No existe,II,Dentro,Urbana,Ninguna,No existe,Intersección,Bueno,Buena,Diurna,Buen Tiempo,De alcance,S/D,Colisión,Ninguna,Faltante,Ninguna,Sin restricción,"-33.000689457749,-60.66921703572","['Nuestra Señora del Rosario', 'Pueyrredón']",2,,-33.000689457749,-60.66921703572,55.0,538.0,Municipio Rosario,Municipio,Rosario,820210,Servicio de Catastro e Información Territorial,IGN
2019,9620,2019-12-04,Miercoles,,19:15:00,,0.0,2,"Moto/Ciclomotor,Automóvil",Martinez Estrada Y Sanchez de Loria,4,2,0,0,2,0,0,"-32.9112, -60.73273",Calle,,ROSARIO,Rosario,Asfalto,S/D,II,S/D,S/D,Ninguna,No existe,Intersección,S/D,Buena,Nocturna,S/D,S/D,S/D,Colisión,S/D,S/D,S/D,S/D,"-32.9112, -60.73273","['Martinez Estrada', 'Sánchez de Loria']",2,,-32.9112,-60.73273,55.0,538.0,Municipio Rosario,Municipio,Rosario,820210,Servicio de Catastro e Información Territorial,IGN
2019,9622,2019-11-17,Domingo,,08:55:00,,0.0,2,"Moto/Ciclomotor,Automóvil",Av. Uriburu Y Bv. Avellaneda,2,1,0,0,1,0,0,"-32.991861218333,-60.688875537277",Avenida,,ROSARIO,Rosario,Asfalto,No existe,II,Dentro,Urbana,Semáforo,Funciona,Intersección,Bueno,Buena,Diurna,Buen Tiempo,Lateral,S/D,Colisión,Ninguna,"Horizontal,Vertical","Cordón divisorio,Vegetación,Línea divisoria pintada",Sin restricción,"-32.991861218333,-60.688875537277","['Uriburu', 'Avellaneda']",2,,-32.991861218333,-60.688875537277,55.0,538.0,Municipio Rosario,Municipio,Rosario,820210,Servicio de Catastro e Información Territorial,IGN
2019,9624,2019-11-19,Martes,,05:25:00,,0.0,2,"Moto/Ciclomotor,Automóvil",Av. Arijon Y Pte.Roca,2,1,0,0,1,0,0,"-33.003276034007,-60.656154172521",Avenida,,ROSARIO,Rosario,Asfalto,No existe,II,Dentro,Urbana,Semáforo,Funciona,Intersección,Bueno,Buena,"Nocturna,Con luz artificial",Buen Tiempo,S/D,S/D,Colisión,Ninguna,"Horizontal,Vertical",Línea divisoria pintada,Sin restricción,"-33.003276034007,-60.656154172521","['Avenida Manuel Arijón', 'Roca']",2,,-33.003276034007,-60.656154172521,55.0,538.0,Municipio Rosario,Municipio,Rosario,820210,Servicio de Catastro e Información Territorial,IGN
2019,9628,2019-12-07,Sabado,,10:20:00,,0.0,2,"Automóvil,Tren",Tte.Agneta ,3,1,0,0,2,0,0,"-32.94949, -60.69947",Calle,,ROSARIO,Rosario,S/D,S/D,II,S/D,Urbana,S/D,S/D,Intersección,S/D,S/D,S/D,S/D,S/D,S/D,S/D,S/D,S/D,S/D,S/D,"-32.94949, -60.69947",['Tenienteagneta'],1,,-32.94949,-60.69947,55.0,538.0,Municipio Rosario,Municipio,Rosario,820210,Servicio de Catastro e Información Territorial,IGN
2019,9632,2019-12-08,Domingo,,01:20:00,,0.0,2,"Moto/Ciclomotor,Automóvil",Bv. Segui Y Pje. Calchaqui,2,1,1,0,0,0,0,"-32.97071, -60.69815",S/D,,ROSARIO,Rosario,Asfalto,Pavimento,II,S/D,S/D,Ninguna,No existe,Intersección,Bueno,Reducida,Nocturna,Otro,Otro,S/D,Colisión,Otro,S/D,Barrera de hormigón,Sin restricción,"-32.97071, -60.69815","['Bulevar Juan Francisco Seguí', 'Calchaqui']",2,,-32.97071,-60.69815,55.0,538.0,Municipio Rosario,Municipio,Rosario,820210,Servicio de Catastro e Información Territorial,IGN
2019,9637,2019-12-07,Sabado,,12:50:00,,0.0,2,"Peatón,Moto/Ciclomotor",Av. Pte.Peron Y Camilo Aldao,3,1,0,0,0,0,2,"-32.95993, -60.69519",Avenida,,ROSARIO,Rosario,Asfalto,Pavimento,II,Dentro,Urbana,Ninguna,No existe,Intersección,Otro,Reducida,Diurna,Otro,Otro,Peatón,Atropello,Otro,S/D,Cordón divisorio,Sin restricción,"-32.95993, -60.69519","['Avenida Presidente Perón', 'Camilo Aldao']",2,,-32.95993,-60.69519,55.0,538.0,Municipio Rosario,Municipio,Rosario,820210,Servicio de Catastro e Información Territorial,IGN
2019,9641,2019-12-07,Sabado,,21:00:00,,0.0,2,"Moto/Ciclomotor,Bicicleta",Bv. 27 De Febrero Y Pascual Rosas,2,1,0,0,0,0,1,"-32.94315, -60.68726",Avenida,,ROSARIO,Rosario,Asfalto,Pavimento,II,Dentro,Urbana,S/D,S/D,Recta,Otro,Reducida,Nocturna,S/D,S/D,Ciclista,Atropello,Otro,S/D,S/D,S/D,"-32.94315, -60.68726","['27 de Febrero', 'Pascual Rosas']",2,,-32.94315,-60.68726,55.0,538.0,Municipio Rosario,Municipio,Rosario,820210,Servicio de Catastro e Información Territorial,IGN
2019,9645,2019-12-02,Lunes,,09:10:00,,0.0,2,"Moto/Ciclomotor,Automóvil",Bv. Segui Y Barra,3,1,1,0,0,0,1,"-32.97091, -60.70557",S/D,,ROSARIO,Rosario,Asfalto,Pavimento,II,Dentro,Urbana,Ninguna,No existe,Intersección,S/D,Buena,Diurna,Otro,S/D,S/D,Colisión,Otro,Faltante,"Barrera de hormigón,Cordón divisorio",Sin restricción,"-32.97091, -60.70557","['Bulevar Juan Francisco Seguí', 'Barra']",2,,-32.97091,-60.70557,55.0,538.0,Municipio Rosario,Municipio,Rosario,820210,Servicio de Catastro e Información Territorial,IGN