anio_acci,nro_acci,fecha,desc_dia,fecha_aprox,hora_aprox,desc_ruta,km,cant_participantes,desc_participante,calle_avenida_km,total,heridos_leves,heridos_graves,heridos_gravisimos,ilesos,fallecidos,sin_datos,posicion_XY,desc_tipo_via,desc_ruta_ori,desc_loc,desc_dpto,desc_tipo_calzada,desc_tipo_banquina,desc_unidad_regional,desc_lugar_calzada,desc_zona,desc_prioridad,desc_estado_semaforo,desc_lugar_via,desc_estado_via,desc_estado_visibilidad,desc_luminosidad,desc_estado_clima,desc_tipo_colision,desc_tipo_atropello,desc_tipo_hecho,desc_pres_calzada,desc_senializacion,desc_separacion_via,desc_restriccion,forma_geocod,calle_lista,numero_calles,calles_osm,lat,lon,index_right,gid,fna,gna,nam,in1,fdc,sag
2019,9653,2019-12-07,Sabado,,09:20:00,,0.0,2,"Automóvil,Moto/Ciclomotor",Av. Pte.Peron Y Rep.del Salvador,2,1,0,0,0,0,1,"-32.96865, -60.71264",Avenida,,ROSARIO,Rosario,Asfalto,Pavimento,II,Dentro,Urbana,Ninguna,No existe,Recta,Otro,Buena,Diurna,Otro,Lateral,S/D,Colisión,Otro,Faltante,Cordón divisorio,Sin restricción,"-32.96865, -60.71264","['Avenida Presidente Perón', 'República del Salvador']",2,,-32.96865,-60.71264,55.0,538.0,Municipio Rosario,Municipio,Rosario,820210,Servicio de Catastro e Información Territorial,IGN
2019,9654,2019-12-23,Lunes,,18:10:00,,0.0,2,"Moto/Ciclomotor,Automóvil",Solis ,3,2,0,0,1,0,0,"-32.95055, -60.7029",Calle,,ROSARIO,Rosario,Asfalto,S/D,II,S/D,S/D,S/D,S/D,Intersección,S/D,S/D,Atardecer,Buen Tiempo,S/D,S/D,Colisión,S/D,S/D,S/D,S/D,"-32.95055, -60.7029",['Solis'],1,,-32.95055,-60.7029,55.0,538.0,Municipio Rosario,Municipio,Rosario,820210,Servicio de Catastro e Información Territorial,IGN
2019,9658,2019-12-23,Lunes,,18:30:00,,0.0,2,"Moto/Ciclomotor,Automóvil",Montevideo Y Matienzo,3,2,0,0,1,0,0,"-32.94698, -60.69442",Calle,,ROSARIO,Rosario,Asfalto,No existe,II,Dentro,Urbana,Ninguna,No existe,Intersección,Bueno,Buena,Diurna,Buen Tiempo,Lateral,S/D,Colisión,Ninguna,S/D,Ninguna,Sin restricción,"-32.94698, -60.69442","['Montevideo', 'Matienzo']",2,,-32.94698,-60.69442,55.0,538.0,Municipio Rosario,Municipio,Rosario,820210,Servicio de Catastro e Información Territorial,IGN
2019,9661,2019-12-04,Miercoles,,13:50:00,,0.0,1,Taxi/Remis,Roullon Y Edmundo Rivero,2,1,0,0,0,0,1,"-32.97473, -60.70092",S/D,,ROSARIO,Rosario,Asfalto,Pavimento,II,S/D,S/D,Ninguna,No existe,Intersección,Otro,Buena,Diurna,Otro,Otro,S/D,"Colisión,Vuelco",Otro,S/D,Cordón divisorio,Sin restricción,"-32.97473, -60.70092","['Alfredo Rouillón', 'Edmundo Rivero']",2,,-32.97473,-60.70092,55.0,538.0,Municipio Rosario,Municipio,Rosario,820210,Servicio de Catastro e Información Territorial,IGN
2019,9667,2019-12-04,Miercoles,,19:10:00,,0.0,2,"Pickup/Utilitario,Moto/Ciclomotor",Castellanos Y Pje. Gordillo,3,1,1,0,0,0,1,"-32.95721, -60.67945",Calle,,ROSARIO,Rosario,Asfalto,Pavimento,II,Dentro,Urbana,Ninguna,No existe,Intersección,Otro,Reducida,Nocturna,Otro,S/D,S/D,S/D,Otro,S/D,Cordón divisorio,Sin restricción,"-32.95721, -60.67945","['Aaron Castellanos', 'Gordillo']",2,,-32.95721,-60.67945,55.0,538.0,Municipio Rosario,Municipio,Rosario,820210,Servicio de Catastro e Información Territorial,IGN
2019,9674,2019-12-04,Miercoles,,15:30:00,,0.0,2,"Pickup/Utilitario,Automóvil",Matienzo Y Bv. 27 De Febrero,3,0,0,0,0,0,3,"-32.95886, -60.69395",S/D,,ROSARIO,Rosario,Asfalto,Pavimento,II,Dentro,Urbana,Semáforo,Funciona,Intersección,Otro,Buena,Diurna,Otro,Otro,S/D,Atropello,Otro,S/D,"Barrera de hormigón,Cordón divisorio",Sin restricción,"-32.95886, -60.69395","['Matienzo', '27 de Febrero']",2,,-32.95886,-60.69395,55.0,538.0,Municipio Rosario,Municipio,Rosario,820210,Servicio de Catastro e Información Territorial,IGN
2019,9676,2019-12-02,Lunes,,18:30:00,,0.0,2,"Moto/Ciclomotor,Automóvil",Ricardo Rojas Y Pje. 1740,2,0,1,0,0,0,1,"-32.94754, -60.72514",Calle,,ROSARIO,Rosario,Asfalto,Pavimento,II,Dentro,Urbana,Ninguna,No existe,Intersección,Otro,Reducida,Nocturna,Otro,S/D,S/D,"Aplastamiento,Colisión",Otro,S/D,"Cordón divisorio,Vegetación",Sin restricción,"-32.94754, -60.72514","['Ricardo Rojas', '1740']",2,,-32.94754,-60.72514,55.0,538.0,Municipio Rosario,Municipio,Rosario,820210,Servicio de Catastro e Información Territorial,IGN
2019,9680,2019-12-14,Sabado,,04:00:00,,0.0,1,Moto/Ciclomotor,Santa Fe 2000,1,0,1,0,0,0,0,"-32.94282, -60.65044",Calle,,ROSARIO,Rosario,Asfalto,S/D,II,S/D,Urbana,S/D,S/D,Recta,S/D,S/D,S/D,S/D,S/D,S/D,Otro,S/D,S/D,S/D,S/D,"-32.94282, -60.65044",['Santa Fe 2000'],1,,-32.94282,-60.65044,55.0,538.0,Municipio Rosario,Municipio,Rosario,820210,Servicio de Catastro e Información Territorial,IGN
2019,9698,2019-12-24,Martes,,12:45:00,,0.0,2,"Moto/Ciclomotor,Automóvil",Leiva Y Caupolican,4,3,0,0,1,0,0,"-33.00961, -60.6376",Calle,,ROSARIO,Rosario,Asfalto,No existe,II,Dentro,Urbana,Ninguna,No existe,Intersección,Bueno,Buena,Diurna,Buen Tiempo,De alcance,S/D,Colisión,Ninguna,Faltante,Ninguna,Sin restricción,"-33.00961, -60.6376","['Leiva', 'Caupolicán']",2,,-33.00961,-60.6376,55.0,538.0,Municipio Rosario,Municipio,Rosario,820210,Servicio de Catastro e Información Territorial,IGN
2019,9701,2019-12-24,Martes,,15:15:00,,0.0,2,"Moto/Ciclomotor,Automóvil",Chacabuco Y Ayolas,3,2,0,0,1,0,0,"-32.97955, -60.6304",Calle,,ROSARIO,Rosario,Asfalto,No existe,II,Dentro,Urbana,Ninguna,No existe,Intersección,Bueno,Buena,Diurna,Buen Tiempo,De alcance,S/D,Colisión,Ninguna,Faltante,Ninguna,Sin restricción,"-32.97955, -60.6304","['Chacabuco', 'Ayolas']",2,,-32.97955,-60.6304,55.0,538.0,Municipio Rosario,Municipio,Rosario,820210,Servicio de Catastro e Información Territorial,IGN
2019,9703,2019-12-24,Martes,,08:56:00,,0.0,2,"Moto/Ciclomotor,Peatón",Bv. Avellaneda Y Mendoza,2,2,0,0,0,0,0,"-32.94424, -60.68048",Avenida,,ROSARIO,Rosario,Asfalto,No existe,II,Dentro,Urbana,Semáforo,Funciona,Intersección,S/D,S/D,Diurna,S/D,S/D,Peatón,Atropello,S/D,S/D,"Cordón divisorio,Vegetación",S/D,"-32.94424, -60.68048","['Avellaneda', 'Mendoza']",2,,-32.94424,-60.68048,55.0,538.0,Municipio Rosario,Municipio,Rosario,820210,Servicio de Catastro e Información Territorial,IGN
2019,9706,2019-12-24,Martes,,11:00:00,,0.0,2,"Automóvil,Peatón",Pueyrredon Y Brown,2,1,0,0,1,0,0,"-32.93368, -60.65506",Calle,,ROSARIO,Rosario,hormigón,No existe,II,Dentro,Urbana,S/D,No existe,Intersección,S/D,Buena,Diurna,S/D,S/D,Peatón,Atropello,S/D,S/D,S/D,S/D,"-32.93368, -60.65506","['Pueyrredón', 'Brown']",2,,-32.93368,-60.65506,55.0,538.0,Municipio Rosario,Municipio,Rosario,820210,Servicio de Catastro e Información Territorial,IGN
2019,9707,2019-11-21,Jueves,,17:45:00,,0.0,2,"Automóvil,Automóvil",Av. Uriburu Y Pueyrredon,4,1,0,0,3,0,0,"-32.991303503035,-60.669574692156",Avenida,,ROSARIO,Rosario,Asfalto,No existe,II,Dentro,Urbana,Otra Señal,No existe,Intersección,Bueno,Buena,Diurna,Buen Tiempo,S/D,S/D,Colisión,Ninguna,Vertical,"Cordón divisorio,Vegetación",Sin restricción,"-32.991303503035,-60.669574692156","['Uriburu', 'Pueyrredón']",2,,-32.991303503035,-60.669574692156,55.0,538.0,Municipio Rosario,Municipio,Rosario,820210,Servicio de Catastro e Información Territorial,IGN
2019,9710,2019-11-22,Viernes,,21:05:00,,0.0,2,"Automóvil,Camión Chasis",Av. Francia Y Av. Uriburu,4,3,0,0,1,0,0,"-32.991563121583,-60.678271694355",Avenida,,ROSARIO,Rosario,Asfalto,No existe,II,Dentro,Urbana,Semáforo,Funciona,Intersección,Bueno,Buena,"Nocturna,Con luz artificial",Buen Tiempo,Lateral,S/D,Colisión,Ninguna,"Horizontal,Vertical","Cordón divisorio,Línea divisoria pintada",Sin restricción,"-32.991563121583,-60.678271694355","['Avenida Francia', 'Uriburu']",2,,-32.991563121583,-60.678271694355,55.0,538.0,Municipio Rosario,Municipio,Rosario,820210,Servicio de Catastro e Información Territorial,IGN
2019,9713,2019-11-26,Martes,,10:05:00,,0.0,2,"Moto/Ciclomotor,Automóvil",24 De Setiembre Y Iriondo,4,2,0,0,2,0,0,"-32.974584794159,-60.678124332462",Calle,,ROSARIO,Rosario,Asfalto,No existe,II,Dentro,Urbana,Ninguna,No existe,Intersección,Bueno,Buena,Diurna,Buen Tiempo,Lateral,S/D,Colisión,Ninguna,Faltante,Ninguna,Sin restricción,"-32.974584794159,-60.678124332462","['24 de Septiembre', 'Iriondo']",2,,-32.974584794159,-60.678124332462,55.0,538.0,Municipio Rosario,Municipio,Rosario,820210,Servicio de Catastro e Información Territorial,IGN
2019,9716,2019-11-26,Martes,,08:00:00,,0.0,2,"Automóvil,Moto/Ciclomotor",Alvear Y Pje. De La Cierva,3,2,0,0,1,0,0,"-32.988163270343,-60.665941415367",Calle,,ROSARIO,Rosario,Asfalto,No existe,II,Dentro,Urbana,Otra Señal,No existe,Intersección,Bueno,Buena,Diurna,Buen Tiempo,Lateral,S/D,Colisión,Ninguna,Vertical,Ninguna,Sin restricción,"-32.988163270343,-60.665941415367","['Alvear', 'De La Cierva']",2,,-32.988163270343,-60.665941415367,55.0,538.0,Municipio Rosario,Municipio,Rosario,820210,Servicio de Catastro e Información Territorial,IGN
2019,9721,2019-11-29,Viernes,,11:30:00,,0.0,2,"Moto/Ciclomotor,Pickup/Utilitario",Av. Ovidio Lagos Y Garay,2,0,1,0,1,0,0,"-32.970345736675,-60.668358832169",Avenida,,ROSARIO,Rosario,Asfalto,No existe,II,Dentro,Urbana,Paso Peatonal,No existe,Intersección,Bueno,Buena,Diurna,Buen Tiempo,Lateral,S/D,Colisión,Ninguna,Faltante,"Cordón divisorio,Línea divisoria pintada",Sin restricción,"-32.970345736675,-60.668358832169","['Avenida Ovidio Lagos', 'Garay']",2,,-32.970345736675,-60.668358832169,55.0,538.0,Municipio Rosario,Municipio,Rosario,820210,Servicio de Catastro e Información Territorial,IGN
2019,9725,2019-12-24,Martes,,14:30:00,,0.0,2,"Moto/Ciclomotor,Automóvil",La Paz Y Iriondo,3,1,0,0,2,0,0,"-32.95854, -60.67409",Calle,,ROSARIO,Rosario,Asfalto,Pavimento,II,Dentro,Urbana,Ninguna,No existe,Intersección,Otro,Buena,Diurna,Otro,S/D,S/D,Colisión,Otro,Vertical,Cordón divisorio,Sin restricción,"-32.95854, -60.67409","['La Paz', 'Iriondo']",2,,-32.95854,-60.67409,55.0,538.0,Municipio Rosario,Municipio,Rosario,820210,Servicio de Catastro e Información Territorial,IGN
2019,9727,2019-12-24,Martes,,21:45:00,,0.0,2,"Moto/Ciclomotor,Pickup/Utilitario",Barra Y Rueda,2,0,1,0,1,0,0,"-32.96264, -60.70593",Calle,,ROSARIO,Rosario,Asfalto,Natural,II,Dentro,Urbana,Ninguna,No existe,Intersección,Otro,Reducida,Nocturna,Otro,S/D,S/D,Colisión,Otro,Faltante,Vegetación,Sin restricción,"-32.96264, -60.70593","['Barra', 'Rueda']",2,,-32.96264,-60.70593,55.0,538.0,Municipio Rosario,Municipio,Rosario,820210,Servicio de Catastro e Información Territorial,IGN
2019,9729,2019-12-24,Martes,,21:00:00,,0.0,2,"Moto/Ciclomotor,Automóvil",Godoy Cruz 7500,2,1,0,0,1,0,0,"-32.89051, -60.69716",Avenida,,ROSARIO,Rosario,Asfalto,Pavimento,II,Dentro,Urbana,S/D,S/D,Intersección,Otro,Reducida,Nocturna,Otro,S/D,S/D,Colisión,Otro,S/D,Cordón divisorio,Sin restricción,"-32.89051, -60.69716",['Godoy Cruz 7500'],1,,-32.89051,-60.69716,55.0,538.0,Municipio Rosario,Municipio,Rosario,820210,Servicio de Catastro e Información Territorial,IGN
2019,9745,2019-12-26,Jueves,,21:30:00,,0.0,2,"Pickup/Utilitario,Moto/Ciclomotor",Hilarion de la Quintana Y Ayacucho,2,1,0,0,1,0,0,"    -33.00057, -60.63619",Calle,,ROSARIO,Rosario,Asfalto,No existe,II,Dentro,Urbana,Semáforo,Funciona,Intersección,Bueno,Buena,"Nocturna,Con luz artificial",Buen Tiempo,De alcance,S/D,Colisión,Ninguna,Vertical,Ninguna,Sin restricción,"    -33.00057, -60.63619","['Hilarión de la Quintana', 'Ayacucho']",2,,-33.00057,-60.63619,55.0,538.0,Municipio Rosario,Municipio,Rosario,820210,Servicio de Catastro e Información Territorial,IGN
2019,9750,2019-09-27,Viernes,,01:15:00,,0.0,1,Moto/Ciclomotor, ,2,0,0,0,0,2,0,"-32.87051,-60.69074",Calle,,ROSARIO,Rosario,Asfalto,No existe,II,Dentro,Urbana,Ninguna,No existe,Rotonda,Bueno,S/D,Diurna,S/D,Contra objeto fijo,S/D,Colisión,Ninguna,Faltante,Ninguna,Sin restricción,"-32.87051,-60.69074",[''],0,,-32.87051,-60.69074,55.0,538.0,Municipio Rosario,Municipio,Rosario,820210,Servicio de Catastro e Información Territorial,IGN
2019,9756,2019-12-07,Sabado,,19:40:00,,0.0,2,"Camión,Automóvil", ,2,2,0,0,0,0,0,"-32.9815, -60.71655",S/D,,ROSARIO,Rosario,S/D,S/D,II,S/D,S/D,S/D,S/D,S/D,S/D,S/D,S/D,S/D,S/D,S/D,S/D,S/D,S/D,S/D,S/D,"-32.9815, -60.71655",[''],0,,-32.9815,-60.71655,55.0,538.0,Municipio Rosario,Municipio,Rosario,820210,Servicio de Catastro e Información Territorial,IGN
2019,9789,2019-10-17,Jueves,,17:30:00,,0.0,2,"Vehículo Oficial,Pickup/Utilitario",San Luis Y Santiago,2,1,0,0,1,0,0,"-32.94583, -60.65666",Calle,,ROSARIO,Rosario,hormigón,No existe,II,Dentro,Urbana,Ninguna,No existe,Recta,Bueno,Buena,Diurna,Buen Tiempo,De alcance,S/D,Colisión,Ninguna,Vertical,Ninguna,Sin restricción,"-32.94583, -60.65666","['San Luis', 'Santiago']",2,,-32.94583,-60.65666,55.0,538.0,Municipio Rosario,Municipio,Rosario,820210,Servicio de Catastro e Información Territorial,IGN
2019,9793,2019-10-19,Sabado,,00:35:00,,0.0,2,"Taxi/Remis,Moto/Ciclomotor",Paraguay Y Ituzaingo,2,1,0,0,1,0,0,"-32.95976, -60.64731",Calle,,ROSARIO,Rosario,Asfalto,No existe,II,Dentro,Urbana,Ninguna,No existe,Intersección,Bueno,Buena,Nocturna,Buen Tiempo,S/D,S/D,Colisión,Ninguna,Vertical,Ninguna,Sin restricción,"-32.95976, -60.64731","['Paraguay', 'Ituzaingó']",2,,-32.95976,-60.64731,55.0,538.0,Municipio Rosario,Municipio,Rosario,820210,Servicio de Catastro e Información Territorial,IGN
2019,9795,2019-10-17,Jueves,,18:25:00,,0.0,1,Moto/Ciclomotor,Rueda Y Rodriguez,2,1,0,0,1,0,0,"-32.96739, -60.66493",Calle,,ROSARIO,Rosario,Asfalto,No existe,II,Dentro,Urbana,Semáforo,Funciona,Intersección,Bueno,Buena,Atardecer,Buen Tiempo,S/D,S/D,Caída ocupante,S/D,S/D,Ninguna,Sin restricción,"-32.96739, -60.66493","['Rueda', 'Rodríguez']",2,,-32.96739,-60.66493,55.0,538.0,Municipio Rosario,Municipio,Rosario,820210,Servicio de Catastro e Información Territorial,IGN
2019,9803,2019-10-17,Jueves,,07:50:00,,0.0,3,"Automóvil,Automóvil,Pickup/Utilitario",Bv. Avellaneda 900,4,1,0,0,3,0,0,"-32.94028, -60.67951",Avenida,,ROSARIO,Rosario,Asfalto,No existe,II,S/D,Urbana,S/D,S/D,Recta,Bueno,Buena,Diurna,Buen Tiempo,Múltiple,S/D,Colisión,Ninguna,Vertical,Cordón divisorio,S/D,"-32.94028, -60.67951",['Avellaneda 900'],1,,-32.94028,-60.67951,55.0,538.0,Municipio Rosario,Municipio,Rosario,820210,Servicio de Catastro e Información Territorial,IGN
2019,9805,2019-10-17,Jueves,,11:45:00,,0.0,2,"Automóvil,Automóvil",Pueyrredon Y Anchorena,4,1,0,0,3,0,0,"-32.99839, -60.6693",Calle,,ROSARIO,Rosario,Asfalto,No existe,II,Dentro,Urbana,S/D,No existe,Intersección,S/D,S/D,Diurna,S/D,S/D,S/D,Colisión,S/D,S/D,S/D,Sin restricción,"-32.99839, -60.6693","['Pueyrredón', 'Anchorena']",2,,-32.99839,-60.6693,55.0,538.0,Municipio Rosario,Municipio,Rosario,820210,Servicio de Catastro e Información Territorial,IGN
2019,9809,2019-10-17,Jueves,,13:00:00,,0.0,2,"Moto/Ciclomotor,Automóvil",Santa Fe Y J.Colombres,2,1,0,0,1,0,0,"-32.9362, -60.72951",Calle,,ROSARIO,Rosario,Asfalto,No existe,II,S/D,Urbana,Ninguna,No existe,Intersección,Bueno,Buena,"Diurna,Con luz artificial",S/D,Otro,S/D,Colisión,S/D,S/D,Ninguna,Sin restricción,"-32.9362, -60.72951","['Santa Fe', 'José Colombres']",2,,-32.9362,-60.72951,55.0,538.0,Municipio Rosario,Municipio,Rosario,820210,Servicio de Catastro e Información Territorial,IGN
2019,9814,2019-09-29,Domingo,,00:05:00,,0.0,2,"Transporte de Pasajeros Urbano (> 8 asientos),Moto/Ciclomotor",Zenon Pereyra Y Baigorria,2,0,0,0,1,1,0,"-32.893765,-60.712773",Calle,,ROSARIO,Rosario,Asfalto,No existe,II,Dentro,Urbana,Ninguna,No existe,Intersección,Bueno,S/D,Nocturna,S/D,Frontal,S/D,Colisión,Ninguna,Faltante,Ninguna,Sin restricción,"-32.893765,-60.712773","['Zenón Pereyra', 'Baigorria']",2,,-32.893765,-60.712773,55.0,538.0,Municipio Rosario,Municipio,Rosario,820210,Servicio de Catastro e Información Territorial,IGN
2019,9832,2019-10-09,Miercoles,,15:50:00,,0.0,2,"Camión c / Acoplado,Bicicleta",Rio De Janeiro Y Bv. 27 De Febrero,2,0,0,0,1,1,0,"-32.95997, -60.68583",Avenida,,ROSARIO,Rosario,Asfalto,No existe,II,Dentro,Urbana,Ninguna,No existe,Intersección,Bueno,Buena,Diurna,Buen Tiempo,S/D,Ciclista,Atropello,S/D,Faltante,Ninguna,Sin restricción,"-32.95997, -60.68583","['Río de Janeiro', '27 de Febrero']",2,,-32.95997,-60.68583,55.0,538.0,Municipio Rosario,Municipio,Rosario,820210,Servicio de Catastro e Información Territorial,IGN
2019,9841,2019-10-18,Viernes,,16:10:00,,0.0,2,"Moto/Ciclomotor,Automóvil",Alvear Y San Luis,2,1,0,0,1,0,0,"-32.94609, -60.6553",Calle,,ROSARIO,Rosario,Asfalto,S/D,II,Dentro,Urbana,Otra Señal,Funciona,Intersección,Bueno,S/D,Diurna,S/D,Lateral,S/D,Colisión,Ninguna,Vertical,S/D,S/D,"-32.94609, -60.6553","['Alvear', 'San Luis']",2,,-32.94609,-60.6553,55.0,538.0,Municipio Rosario,Municipio,Rosario,820210,Servicio de Catastro e Información Territorial,IGN
2019,9843,2019-10-18,Viernes,,03:30:00,,0.0,2,"Automóvil,Taxi/Remis",Av. Pellegrini Y L.N.Alem,6,1,0,0,5,0,0,"-32.95904, -60.63108",Calle,,ROSARIO,Rosario,Asfalto,No existe,II,Dentro,Urbana,Semáforo,Funciona,Intersección,Bueno,S/D,S/D,Buen Tiempo,S/D,S/D,Colisión,Ninguna,Vertical,Ninguna,Sin restricción,"-32.95904, -60.63108","['Pellegrini', 'Alem']",2,,-32.95904,-60.63108,55.0,538.0,Municipio Rosario,Municipio,Rosario,820210,Servicio de Catastro e Información Territorial,IGN
2019,9846,2019-10-18,Viernes,,22:20:00,,0.0,2,"Moto/Ciclomotor,Pickup/Utilitario",Pte.Roca Y Pasco,2,1,0,0,1,0,0,"-32.95834, -60.64842",Calle,,ROSARIO,Rosario,Asfalto,No existe,II,Dentro,Urbana,Ninguna,No existe,Intersección,Bueno,Buena,"Nocturna,Con luz artificial",Buen Tiempo,S/D,S/D,Colisión,Ninguna,Vertical,Ninguna,Sin restricción,"-32.95834, -60.64842","['Roca', 'Pasco']",2,,-32.95834,-60.64842,55.0,538.0,Municipio Rosario,Municipio,Rosario,820210,Servicio de Catastro e Información Territorial,IGN
2019,9848,2019-12-01,Domingo,,,,0.0,2,"Automóvil,Taxi/Remis",San Juan Y Mitre,3,1,0,0,2,0,0,"-32.94991, -60.64045",S/D,,ROSARIO,Rosario,S/D,S/D,II,S/D,S/D,S/D,S/D,S/D,S/D,S/D,S/D,S/D,S/D,S/D,S/D,S/D,S/D,S/D,S/D,"-32.94991, -60.64045","['San Juan', 'Mitre']",2,,-32.94991,-60.64045,55.0,538.0,Municipio Rosario,Municipio,Rosario,820210,Servicio de Catastro e Información Territorial,IGN
2019,9849,2019-10-18,Viernes,,03:45:00,,0.0,2,"Automóvil,Moto/Ciclomotor",Av. Ovidio Lagos 1100,3,0,2,0,1,0,0,"-32.94612, -60.6624",Avenida,,ROSARIO,Rosario,Asfalto,No existe,II,Dentro,Urbana,Ninguna,No existe,Intersección,Bueno,Buena,"Nocturna,Con luz artificial",Buen Tiempo,S/D,S/D,Colisión,Ninguna,Vertical,Ninguna,Sin restricción,"-32.94612, -60.6624",['Ovidio Lagos 1100'],1,,-32.94612,-60.6624,55.0,538.0,Municipio Rosario,Municipio,Rosario,820210,Servicio de Catastro e Información Territorial,IGN
2019,9851,2019-10-18,Viernes,,19:10:00,,0.0,2,"Moto/Ciclomotor,Automóvil",Pueyrredon Y Rioja,2,1,0,0,1,0,0,"-32.94415, -60.65767",Calle,,ROSARIO,Rosario,Asfalto,No existe,II,Dentro,Urbana,Señal Pare,No existe,Intersección,Bueno,S/D,S/D,Buen Tiempo,S/D,S/D,Colisión,Ninguna,Vertical,Ninguna,Sin restricción,"-32.94415, -60.65767","['Pueyrredón', 'Rioja']",2,,-32.94415,-60.65767,55.0,538.0,Municipio Rosario,Municipio,Rosario,820210,Servicio de Catastro e Información Territorial,IGN
2019,9852,2019-12-01,Domingo,,00:10:00,,0.0,2,"Automóvil,Moto/Ciclomotor",Larrechea Y Manuel Garcia,2,1,0,0,1,0,0,"-32.89864, -60.71179",S/D,,ROSARIO,Rosario,S/D,S/D,II,S/D,S/D,S/D,S/D,S/D,S/D,S/D,S/D,S/D,S/D,S/D,S/D,S/D,S/D,S/D,S/D,"-32.89864, -60.71179","['Larrechea', 'Manuel García']",2,,-32.89864,-60.71179,55.0,538.0,Municipio Rosario,Municipio,Rosario,820210,Servicio de Catastro e Información Territorial,IGN
2019,9853,2019-10-18,Viernes,,20:00:00,,0.0,2,"Automóvil,Bicicleta",Bv. Oroño 1300,2,1,0,0,1,0,0,"-32.94995, -60.655",Calle,,ROSARIO,Rosario,Asfalto,No existe,II,Dentro,Urbana,Semáforo,Funciona,Recta,Bueno,Buena,"Nocturna,Con luz artificial",Buen Tiempo,S/D,Ciclista,Atropello,Ninguna,Vertical,Ninguna,Sin restricción,"-32.94995, -60.655",['Nicasio Oroñoño 1300'],1,,-32.94995,-60.655,55.0,538.0,Municipio Rosario,Municipio,Rosario,820210,Servicio de Catastro e Información Territorial,IGN
2019,9855,2019-12-27,Viernes,,11:45:00,,0.0,2,"Moto/Ciclomotor,Pickup/Utilitario",Entre Rios 3200,3,2,0,0,1,0,0,"    -32.97406, -60.64804",Calle,,ROSARIO,Rosario,Asfalto,No existe,II,S/D,Urbana,Otra Señal,S/D,Intersección,Bueno,Buena,Diurna,Buen Tiempo,De alcance,S/D,Colisión,Ninguna,Faltante,Ninguna,Sin restricción,"    -32.97406, -60.64804",['Entre Rios 3200'],1,,-32.97406,-60.64804,55.0,538.0,Municipio Rosario,Municipio,Rosario,820210,Servicio de Catastro e Información Territorial,IGN
2019,9856,2019-12-01,Domingo,,13:30:00,,0.0,2,"Bicicleta,Taxi/Remis",Viamonte Y Pte.Roca,2,1,0,0,1,0,0,"-32.96413, -60.64987",S/D,,ROSARIO,Rosario,S/D,S/D,II,S/D,S/D,S/D,S/D,S/D,S/D,S/D,S/D,S/D,S/D,Ciclista,Atropello,S/D,S/D,S/D,S/D,"-32.96413, -60.64987","['Viamonte', 'Roca']",2,,-32.96413,-60.64987,55.0,538.0,Municipio Rosario,Municipio,Rosario,820210,Servicio de Catastro e Información Territorial,IGN
2019,9857,2019-10-18,Viernes,,17:10:00,,0.0,2,"Automóvil,Automóvil",Sarmiento Y Saavedra,3,0,1,0,2,0,0,"-32.97795, -60.6461",Calle,,ROSARIO,Rosario,Asfalto,No existe,II,Dentro,Urbana,Ninguna,No existe,Intersección,Bueno,Buena,Diurna,Buen Tiempo,Lateral,S/D,Colisión,Ninguna,Faltante,Ninguna,Sin restricción,"-32.97795, -60.6461","['Sarmiento', 'Saavedra']",2,,-32.97795,-60.6461,55.0,538.0,Municipio Rosario,Municipio,Rosario,820210,Servicio de Catastro e Información Territorial,IGN
2019,9863,2019-12-30,Lunes,,12:30:00,,0.0,2,"Automóvil,Pickup/Utilitario",Av. Battle y Ordoñez Y San Martin,2,1,0,0,1,0,0,"    -33.00886, -60.65075",Avenida,,ROSARIO,Rosario,Asfalto,S/D,II,S/D,Urbana,Semáforo,Funciona,Recta,Bueno,Buena,Diurna,Otro,Contra objeto fijo,S/D,Colisión,Ninguna,Vertical,Cordón divisorio,Sin restricción,"    -33.00886, -60.65075","['Avenida Battle y Ordoñez', 'San Martin']",2,,-33.00886,-60.65075,55.0,538.0,Municipio Rosario,Municipio,Rosario,820210,Servicio de Catastro e Información Territorial,IGN
2019,9865,2019-10-18,Viernes,,07:55:00,,0.0,2,"Moto/Ciclomotor,Pickup/Utilitario",España Y Ca�a De Ambar,2,1,0,0,1,0,0,"-33.01507, -60.65686",Calle,,ROSARIO,Rosario,Asfalto,No existe,II,Dentro,Urbana,Ninguna,S/D,Intersección,S/D,S/D,Diurna,S/D,S/D,S/D,Colisión,S/D,Vertical,Ninguna,Sin restricción,"-33.01507, -60.65686","['España', 'Caña de Ambar']",2,,-33.01507,-60.65686,55.0,538.0,Municipio Rosario,Municipio,Rosario,820210,Servicio de Catastro e Información Territorial,IGN
2019,9867,2019-12-27,Viernes,,19:30:00,,0.0,2,"Moto/Ciclomotor,Automóvil",Lamadrid Y Serrano,4,2,0,0,2,0,0,"    -32.99661, -60.63202",Calle,,ROSARIO,Rosario,Asfalto,No existe,II,Dentro,Urbana,Ninguna,No existe,Intersección,Bueno,Buena,Nocturna,Buen Tiempo,De alcance,S/D,Colisión,Ninguna,Faltante,Ninguna,Sin restricción,"    -32.99661, -60.63202","['Lamadrid', 'Serrano']",2,,-32.99661,-60.63202,55.0,538.0,Municipio Rosario,Municipio,Rosario,820210,Servicio de Catastro e Información Territorial,IGN