anio_acci,nro_acci,fecha,desc_dia,fecha_aprox,hora_aprox,desc_ruta,km,cant_participantes,desc_participante,calle_avenida_km,total,heridos_leves,heridos_graves,heridos_gravisimos,ilesos,fallecidos,sin_datos,posicion_XY,desc_tipo_via,desc_ruta_ori,desc_loc,desc_dpto,desc_tipo_calzada,desc_tipo_banquina,desc_unidad_regional,desc_lugar_calzada,desc_zona,desc_prioridad,desc_estado_semaforo,desc_lugar_via,desc_estado_via,desc_estado_visibilidad,desc_luminosidad,desc_estado_clima,desc_tipo_colision,desc_tipo_atropello,desc_tipo_hecho,desc_pres_calzada,desc_senializacion,desc_separacion_via,desc_restriccion,forma_geocod,calle_lista,numero_calles,calles_osm,lat,lon,index_right,gid,fna,gna,nam,in1,fdc,sag
2019,9871,2019-12-25,Miercoles,,07:30:00,,0.0,2,"Moto/Ciclomotor,Automóvil",Sarmiento Y Garibaldi,3,2,0,0,1,0,0,"    -32.98599, -60.64808",Calle,,ROSARIO,Rosario,Asfalto,No existe,II,Dentro,Urbana,Ninguna,No existe,Intersección,Bueno,Buena,Diurna,Buen Tiempo,De alcance,S/D,Colisión,Ninguna,Faltante,Ninguna,Sin restricción,"    -32.98599, -60.64808","['Sarmiento', 'José Garibaldi']",2,,-32.98599,-60.64808,55.0,538.0,Municipio Rosario,Municipio,Rosario,820210,Servicio de Catastro e Información Territorial,IGN
2019,9873,2019-10-18,Viernes,,21:40:00,,0.0,2,"Automóvil,Moto/Ciclomotor",Rivarola Y C.Larralde,3,1,1,0,1,0,0,"-32.96631, -60.72601",Calle,,ROSARIO,Rosario,Asfalto,Pavimento,II,S/D,Urbana,Ninguna,Funciona,Otro,Bueno,Buena,Nocturna,Buen Tiempo,S/D,S/D,Colisión,S/D,S/D,S/D,Sin restricción,"-32.96631, -60.72601","['Rivarola', 'Larralde']",2,,-32.96631,-60.72601,55.0,538.0,Municipio Rosario,Municipio,Rosario,820210,Servicio de Catastro e Información Territorial,IGN
2019,9876,2019-10-18,Viernes,,09:00:00,,0.0,2,"Peatón,Tractor",Bv. Wilde Y Mendoza,2,1,0,0,1,0,0,"-32.94043, -60.73843",Avenida,,ROSARIO,Rosario,S/D,No existe,II,Dentro,Urbana,Ninguna,No existe,Otro,S/D,Buena,"Diurna,Con luz artificial",S/D,S/D,Peatón,Atropello,S/D,S/D,Ninguna,Sin restricción,"-32.94043, -60.73843","['Bulevar Wilde', 'Mendoza']",2,,-32.94043,-60.73843,55.0,538.0,Municipio Rosario,Municipio,Rosario,820210,Servicio de Catastro e Información Territorial,IGN
2019,9878,2019-12-02,Lunes,,06:10:00,,0.0,1,Automóvil,Av. Ovidio Lagos 2300,3,3,0,0,0,0,0,"-32.96007, -60.66585",Avenida,,ROSARIO,Rosario,S/D,S/D,II,S/D,S/D,S/D,S/D,S/D,S/D,S/D,S/D,S/D,S/D,S/D,Despiste,S/D,S/D,S/D,S/D,"-32.96007, -60.66585",['Ovidio Lagos 2300'],1,,-32.96007,-60.66585,55.0,538.0,Municipio Rosario,Municipio,Rosario,820210,Servicio de Catastro e Información Territorial,IGN
2019,9880,2019-10-18,Viernes,,15:30:00,,0.0,2,"Automóvil,Automóvil",Av. Eva Peron 5800,2,0,1,0,1,0,0,"-32.93506, -60.70121",Avenida,,ROSARIO,Rosario,Asfalto,Pavimento,II,Dentro,Urbana,Semáforo,Funciona,Recta,Bueno,Buena,Diurna,Buen Tiempo,Frontal,S/D,Colisión,Ninguna,S/D,Cordón divisorio,Sin restricción,"-32.93506, -60.70121",['Eva Peron 5800'],1,,-32.93506,-60.70121,55.0,538.0,Municipio Rosario,Municipio,Rosario,820210,Servicio de Catastro e Información Territorial,IGN
2019,9882,2019-12-26,Jueves,,08:00:00,,0.0,1,Automóvil,Mariano Moreno Y Uruguay,2,2,0,0,0,0,0,"    -32.97456, -60.65819",Calle,,ROSARIO,Rosario,Asfalto,No existe,II,Dentro,Urbana,Ninguna,No existe,Intersección,Bueno,Buena,Diurna,Buen Tiempo,De alcance,S/D,Colisión,Ninguna,Faltante,Ninguna,Sin restricción,"    -32.97456, -60.65819","['Mariano Moreno', 'Uruguay']",2,,-32.97456,-60.65819,55.0,538.0,Municipio Rosario,Municipio,Rosario,820210,Servicio de Catastro e Información Territorial,IGN
2019,9898,2019-12-02,Lunes,,21:30:00,,0.0,2,"Moto/Ciclomotor,Automóvil",Pte.Quintana Y Francia F,2,0,1,0,1,0,0,"-32.97767, -60.6747",S/D,,ROSARIO,Rosario,S/D,S/D,II,S/D,S/D,S/D,S/D,S/D,S/D,S/D,S/D,S/D,S/D,S/D,S/D,S/D,S/D,S/D,S/D,"-32.97767, -60.6747","['Quintana', 'Avenida Francia']",2,,-32.97767,-60.6747,55.0,538.0,Municipio Rosario,Municipio,Rosario,820210,Servicio de Catastro e Información Territorial,IGN
2019,9903,2019-12-27,Viernes,,22:10:00,,0.0,2,"Peatón,Automóvil",Pje. Caracas Y Vieytes,2,1,0,0,1,0,0,"    -32.88817, -60.73313",Calle,,ROSARIO,Rosario,Asfalto,No existe,II,S/D,Urbana,Ninguna,No existe,Intersección,Bueno,Buena,Nocturna,Buen Tiempo,S/D,Peatón,Atropello,Ninguna,Faltante,Ninguna,Sin restricción,"    -32.88817, -60.73313","['Caracas', 'Vieytes']",2,,-32.88817,-60.73313,55.0,538.0,Municipio Rosario,Municipio,Rosario,820210,Servicio de Catastro e Información Territorial,IGN
2019,9912,2019-10-19,Sabado,,17:45:00,,0.0,2,"Moto/Ciclomotor,Automóvil",Av. Pellegrini Y Pueyrredon,2,1,0,0,1,0,0,"-32.95379, -60.6601",Calle,,ROSARIO,Rosario,hormigón,No existe,II,Dentro,Urbana,Semáforo,Funciona,Recta,Bueno,Buena,Diurna,Buen Tiempo,Lateral,S/D,Colisión,Ninguna,Vertical,Ninguna,Sin restricción,"-32.95379, -60.6601","['Pellegrini', 'Pueyrredón']",2,,-32.95379,-60.6601,55.0,538.0,Municipio Rosario,Municipio,Rosario,820210,Servicio de Catastro e Información Territorial,IGN
2019,9915,2019-10-19,Sabado,,18:00:00,,0.0,2,"Automóvil,Pickup/Utilitario",Mitre Y Pasco,3,1,0,0,2,0,0,"-32.95932, -60.6429",Calle,,ROSARIO,Rosario,Asfalto,No existe,II,Dentro,Urbana,Ninguna,No existe,Intersección,Bueno,Buena,Diurna,Buen Tiempo,Lateral,S/D,Colisión,Ninguna,Vertical,Ninguna,Sin restricción,"-32.95932, -60.6429","['Mitre', 'Pasco']",2,,-32.95932,-60.6429,55.0,538.0,Municipio Rosario,Municipio,Rosario,820210,Servicio de Catastro e Información Territorial,IGN
2019,9917,2019-10-19,Sabado,,14:45:00,,0.0,2,"Automóvil,Moto/Ciclomotor",Darragueira Y Maciel,2,1,0,0,1,0,0,"-32.90437, -60.69211",Calle,,ROSARIO,Rosario,Asfalto,S/D,II,Dentro,Urbana,Ninguna,S/D,Recta,Bueno,S/D,S/D,Buen Tiempo,S/D,S/D,Colisión,Ninguna,Vertical,Ninguna,Sin restricción,"-32.90437, -60.69211","['José Darragueira', 'Maciel']",2,,-32.90437,-60.69211,55.0,538.0,Municipio Rosario,Municipio,Rosario,820210,Servicio de Catastro e Información Territorial,IGN
2019,9943,2019-11-01,Viernes,,19:15:00,,0.0,3,"Moto/Ciclomotor,Moto/Ciclomotor,Moto/Ciclomotor",JUAN PABLO II 2860,5,3,0,0,2,0,0,"-32.961011, -60.720178",Calle,,ROSARIO,Rosario,Asfalto,No existe,II,Dentro,Urbana,Ninguna,No existe,Recta,Bueno,Buena,Atardecer,Buen Tiempo,De alcance,S/D,Colisión,Ninguna,Faltante,Ninguna,Sin restricción,"-32.961011, -60.720178",['Juan Pablo Ii 2860'],1,,-32.961011,-60.720178,55.0,538.0,Municipio Rosario,Municipio,Rosario,820210,Servicio de Catastro e Información Territorial,IGN
2019,9948,2019-11-30,Sabado,,19:30:00,,0.0,2,"Automóvil,Automóvil",Amenabar Y Chacabuco,3,2,0,0,1,0,0,"-32.974929323865,-60.629288116332",Calle,,ROSARIO,Rosario,Asfalto,No existe,II,Dentro,Urbana,Ninguna,No existe,Intersección,S/D,S/D,Atardecer,S/D,S/D,S/D,Colisión,S/D,Faltante,Ninguna,S/D,"-32.974929323865,-60.629288116332","['Amenabar', 'Chacabuco']",2,,-32.974929323865,-60.629288116332,55.0,538.0,Municipio Rosario,Municipio,Rosario,820210,Servicio de Catastro e Información Territorial,IGN
2019,9949,2019-11-01,Viernes,,22:20:00,,0.0,2,"Automóvil,Moto/Ciclomotor",C.Larralde Y Rivarola,4,4,0,0,0,0,0,"-32.966281, -60.726018",Avenida,,ROSARIO,Rosario,Asfalto,No existe,II,Dentro,Urbana,Ninguna,No existe,Intersección,Bueno,Buena,"Nocturna,Con luz artificial",Buen Tiempo,Lateral,S/D,Colisión,Ninguna,Faltante,Ninguna,Sin restricción,"-32.966281, -60.726018","['Larralde', 'Rivarola']",2,,-32.966281,-60.726018,55.0,538.0,Municipio Rosario,Municipio,Rosario,820210,Servicio de Catastro e Información Territorial,IGN
2019,9950,2019-10-20,Domingo,,18:30:00,,0.0,2,"Moto/Ciclomotor,Automóvil",Buenos Aires Y Centeno,2,0,1,0,1,0,0,"-32.98581, -60.64235",Calle,,ROSARIO,Rosario,Asfalto,No existe,II,Dentro,Urbana,Ninguna,No existe,Intersección,Bueno,Buena,Atardecer,Buen Tiempo,De alcance,S/D,Colisión,Ninguna,S/D,Ninguna,Sin restricción,"-32.98581, -60.64235","['Buenos Aires', 'Centeno']",2,,-32.98581,-60.64235,55.0,538.0,Municipio Rosario,Municipio,Rosario,820210,Servicio de Catastro e Información Territorial,IGN
2019,9951,2019-11-30,Sabado,,16:50:00,,0.0,2,"Automóvil,Moto/Ciclomotor",Pte.Roca 2719,2,1,0,0,1,0,0,"-32.96771446524,-60.650795896574",Calle,,ROSARIO,Rosario,Asfalto,No existe,II,Dentro,Urbana,Ninguna,No existe,Recta,S/D,S/D,Diurna,S/D,S/D,S/D,Colisión,S/D,Faltante,Ninguna,Sin restricción,"-32.96771446524,-60.650795896574",['Presidenteroca 2719'],1,,-32.96771446524,-60.650795896574,55.0,538.0,Municipio Rosario,Municipio,Rosario,820210,Servicio de Catastro e Información Territorial,IGN
2019,9953,2019-11-01,Viernes,,21:30:00,,0.0,2,"Automóvil,Moto/Ciclomotor",C.Larralde Y Rivarola,2,1,0,0,1,0,0,"-32.966334, -60.726034",Avenida,,ROSARIO,Rosario,Asfalto,No existe,II,Dentro,Urbana,Ninguna,No existe,Intersección,Bueno,Buena,"Nocturna,Con luz artificial",Buen Tiempo,Lateral,S/D,Colisión,Ninguna,Faltante,Ninguna,Sin restricción,"-32.966334, -60.726034","['Larralde', 'Rivarola']",2,,-32.966334,-60.726034,55.0,538.0,Municipio Rosario,Municipio,Rosario,820210,Servicio de Catastro e Información Territorial,IGN
2019,9954,2019-11-30,Sabado,,13:20:00,,0.0,2,"Automóvil,Bicicleta",Galvez Y Roullon,2,1,0,0,1,0,0,"-32.96013772487641,-60.701501369476",Calle,,ROSARIO,Rosario,Asfalto,No existe,II,Dentro,Urbana,Paso Peatonal,No existe,Intersección,S/D,S/D,Diurna,S/D,S/D,Ciclista,Atropello,S/D,"Horizontal,Vertical",Cordón divisorio,S/D,"-32.96013772487641,-60.701501369476","['Galvez', 'Alfredo Rouillón']",2,,-32.96013772487641,-60.701501369476,55.0,538.0,Municipio Rosario,Municipio,Rosario,820210,Servicio de Catastro e Información Territorial,IGN
2019,9959,2019-11-08,Viernes,,11:25:00,,0.0,2,"Pickup/Utilitario,Peatón",Av. Provincias Unidas Y Ocampo,2,0,0,0,1,1,0,"-32.95803,-60.71181",Calle,,ROSARIO,Rosario,Asfalto,No existe,II,Dentro,Urbana,Ninguna,No existe,Intersección,S/D,Buena,Diurna,S/D,S/D,Peatón,Atropello,Ninguna,Faltante,Cordón divisorio,Sin restricción,"-32.95803,-60.71181","['Avenida Provincias Unidas', 'Ocampo']",2,,-32.95803,-60.71181,55.0,538.0,Municipio Rosario,Municipio,Rosario,820210,Servicio de Catastro e Información Territorial,IGN
2019,9968,2019-11-02,Sabado,,01:20:00,,0.0,2,"Taxi/Remis,Moto/Ciclomotor",Laprida Y Riobamba,2,1,0,0,1,0,0,"-32.963715941924,-60.638418845498",Calle,,ROSARIO,Rosario,Asfalto,No existe,II,Dentro,Urbana,Ninguna,No existe,Intersección,Bueno,Buena,Diurna,Buen Tiempo,S/D,S/D,Colisión,Ninguna,Faltante,Ninguna,Sin restricción,"-32.963715941924,-60.638418845498","['Laprida', 'Riobamba']",2,,-32.963715941924,-60.638418845498,55.0,538.0,Municipio Rosario,Municipio,Rosario,820210,Servicio de Catastro e Información Territorial,IGN
2019,9971,2019-10-21,Lunes,,06:50:00,,0.0,2,"Vehículo Oficial,Taxi/Remis",Entre Rios ,2,0,1,0,1,0,0,"-32.97326, -60.64784",Calle,,ROSARIO,Rosario,Asfalto,No existe,II,Dentro,Urbana,Ninguna,No existe,Recta,Bueno,Buena,Diurna,Buen Tiempo,Lateral,S/D,Colisión,Ninguna,Vertical,Ninguna,Sin restricción,"-32.97326, -60.64784",['Entre Ríos'],1,,-32.97326,-60.64784,55.0,538.0,Municipio Rosario,Municipio,Rosario,820210,Servicio de Catastro e Información Territorial,IGN
2019,9976,2019-10-21,Lunes,,13:25:00,,0.0,2,"Automóvil,Automóvil",3 De Febrero Y L.N.Alem,5,1,0,0,4,0,0,"-32.95445, -60.62989",Calle,,ROSARIO,Rosario,Asfalto,No existe,II,Dentro,Urbana,Ninguna,No existe,Intersección,Bueno,Buena,Diurna,Buen Tiempo,S/D,S/D,Colisión,Ninguna,Faltante,S/D,S/D,"-32.95445, -60.62989","['3 de Febrero', 'Alem']",2,,-32.95445,-60.62989,55.0,538.0,Municipio Rosario,Municipio,Rosario,820210,Servicio de Catastro e Información Territorial,IGN
2019,9978,2019-12-04,Miercoles,,,,0.0,2,"Peatón,Automóvil",Flor De Nacar Y Estrella Federal,3,0,2,0,0,0,1,"-33.02049, -60.66041",S/D,,ROSARIO,Rosario,S/D,S/D,II,S/D,S/D,S/D,S/D,S/D,S/D,S/D,S/D,S/D,S/D,Peatón,Atropello,S/D,S/D,S/D,S/D,"-33.02049, -60.66041","['Flor de Nacar', 'Estrella Federal']",2,,-33.02049,-60.66041,55.0,538.0,Municipio Rosario,Municipio,Rosario,820210,Servicio de Catastro e Información Territorial,IGN
2019,9979,2019-11-11,Lunes,,17:50:00,,0.0,2,"Peatón,Moto/Ciclomotor",Av. Provincias Unidas Y Montevideo,2,1,0,0,0,1,0,"-32.94749,-60.71228",Calle,,ROSARIO,Rosario,Asfalto,No existe,II,Dentro,Urbana,Semáforo,Funciona,Intersección,Bueno,Buena,Diurna,Buen Tiempo,S/D,Peatón,Atropello,Ninguna,Vertical,Cordón divisorio,Sin restricción,"-32.94749,-60.71228","['Avenida Provincias Unidas', 'Montevideo']",2,,-32.94749,-60.71228,55.0,538.0,Municipio Rosario,Municipio,Rosario,820210,Servicio de Catastro e Información Territorial,IGN
2019,9980,2019-10-21,Lunes,,14:00:00,,0.0,2,"Moto/Ciclomotor,Moto/Ciclomotor",Av. Francia Y San Luis,2,1,0,0,1,0,0,"-32.9441, -60.66626",Calle,,ROSARIO,Rosario,Asfalto,No existe,II,Dentro,Urbana,Semáforo,Funciona,Intersección,Bueno,Buena,Diurna,Buen Tiempo,De alcance,S/D,Colisión,S/D,Vertical,Ninguna,Sin restricción,"-32.9441, -60.66626","['Avenida Francia', 'San Luis']",2,,-32.9441,-60.66626,55.0,538.0,Municipio Rosario,Municipio,Rosario,820210,Servicio de Catastro e Información Territorial,IGN
2019,9986,2019-10-21,Lunes,,11:30:00,,0.0,2,"Bicicleta,Automóvil",Bv. Oroño Y Cochabamba,2,1,0,0,1,0,0,"-32.95567, -60.65619",Avenida,,ROSARIO,Rosario,Asfalto,No existe,II,Dentro,Urbana,Señal Ceda el Paso,No existe,Recta,Bueno,Buena,Diurna,Buen Tiempo,S/D,Ciclista,Atropello,Ninguna,Vertical,Ninguna,Sin restricción,"-32.95567, -60.65619","['Bulevar Nicasio Oroño', 'Cochabamba']",2,,-32.95567,-60.65619,55.0,538.0,Municipio Rosario,Municipio,Rosario,820210,Servicio de Catastro e Información Territorial,IGN
2019,9999,2019-10-21,Lunes,,18:30:00,,0.0,2,"Transporte de Pasajeros Urbano (> 8 asientos),Moto/Ciclomotor",Bv. Avellaneda Y Lamadrid,2,1,0,0,1,0,0,"-32.99829, -60.68879",Avenida,,ROSARIO,Rosario,Asfalto,No existe,II,Dentro,Urbana,S/D,No existe,Intersección,S/D,S/D,Diurna,S/D,S/D,S/D,Colisión,S/D,S/D,Cordón divisorio,Sin restricción,"-32.99829, -60.68879","['Avellaneda', 'Lamadrid']",2,,-32.99829,-60.68879,55.0,538.0,Municipio Rosario,Municipio,Rosario,820210,Servicio de Catastro e Información Territorial,IGN
2019,10000,2019-11-03,Domingo,,,,0.0,2,"Automóvil,Moto/Ciclomotor",9 De Julio Y Ricchieri,2,1,0,0,1,0,0,"-32.949423991186,-60.664682541571",Calle,,ROSARIO,Rosario,Asfalto,No existe,II,Dentro,Urbana,Señal Pare,No existe,Intersección,Bueno,Buena,S/D,Buen Tiempo,S/D,S/D,Colisión,Ninguna,Vertical,Ninguna,Sin restricción,"-32.949423991186,-60.664682541571","['9 de Julio', 'Ricchieri']",2,,-32.949423991186,-60.664682541571,55.0,538.0,Municipio Rosario,Municipio,Rosario,820210,Servicio de Catastro e Información Territorial,IGN
2019,10004,2019-11-03,Domingo,,,,0.0,2,"Automóvil,Bicicleta",Av. Francia Y Bv. Segui,2,1,0,0,1,0,0,"-32.974060784816,-60.673853893732",Avenida,,ROSARIO,Rosario,Asfalto,No existe,II,Dentro,Urbana,Semáforo,Funciona,Intersección,Bueno,Buena,Diurna,Buen Tiempo,S/D,Ciclista,Atropello,Ninguna,"Horizontal,Vertical","Cordón divisorio,Línea divisoria pintada",Sin restricción,"-32.974060784816,-60.673853893732","['Avenida Francia', 'Bulevar Juan Francisco Seguí']",2,,-32.974060784816,-60.673853893732,55.0,538.0,Municipio Rosario,Municipio,Rosario,820210,Servicio de Catastro e Información Territorial,IGN
2019,10007,2019-10-21,Lunes,,11:20:00,,0.0,2,"Pickup/Utilitario,Moto/Ciclomotor",Bv. Argentino Y Sarratea Bis,3,2,0,0,1,0,0,"-32.92458, -60.7411",Avenida,,ROSARIO,Rosario,Asfalto,No existe,II,Dentro,Urbana,Ninguna,No existe,Intersección,Bueno,Buena,Diurna,Buen Tiempo,S/D,S/D,Colisión,Ninguna,S/D,Ninguna,Sin restricción,"-32.92458, -60.7411","['Argentino', 'Sarratea']",2,,-32.92458,-60.7411,55.0,538.0,Municipio Rosario,Municipio,Rosario,820210,Servicio de Catastro e Información Territorial,IGN
2019,10024,2019-12-22,Domingo,,05:50:00,,0.0,2,"Peatón,Automóvil",Jujuy Y España,2,1,0,0,1,0,0,"-32.93678, -60.64446",Calle,,ROSARIO,Rosario,Asfalto,No existe,II,Dentro,Urbana,Semáforo,Funciona,Recta,Bueno,Buena,"Nocturna,Con luz artificial",Buen Tiempo,S/D,Peatón,Atropello,Ninguna,Vertical,Ninguna,Sin restricción,"-32.93678, -60.64446","['Jujuy', 'España']",2,,-32.93678,-60.64446,55.0,538.0,Municipio Rosario,Municipio,Rosario,820210,Servicio de Catastro e Información Territorial,IGN
2019,10029,2019-10-22,Martes,,17:40:00,,0.0,2,"Automóvil,Peatón",Pasco Y Sarmiento,2,1,0,0,1,0,0,"-32.95956, -60.64145",Calle,,ROSARIO,Rosario,Asfalto,No existe,II,S/D,Urbana,Ninguna,No existe,Intersección,Bueno,Buena,Diurna,Buen Tiempo,S/D,Peatón,Atropello,Ninguna,Vertical,Ninguna,Sin restricción,"-32.95956, -60.64145","['Pasco', 'Sarmiento']",2,,-32.95956,-60.64145,55.0,538.0,Municipio Rosario,Municipio,Rosario,820210,Servicio de Catastro e Información Territorial,IGN
2019,10032,2019-10-22,Martes,,08:40:00,,0.0,2,"Automóvil,Peatón",Cafferata Y Santa Fe,2,1,0,0,1,0,0,"-32.93927, -60.67064",Calle,,ROSARIO,Rosario,Asfalto,No existe,II,Dentro,Urbana,Semáforo,Funciona,Intersección,Bueno,Buena,Diurna,Buen Tiempo,S/D,Peatón,Atropello,Ninguna,Vertical,Ninguna,Sin restricción,"-32.93927, -60.67064","['Cafferata', 'Santa Fe']",2,,-32.93927,-60.67064,55.0,538.0,Municipio Rosario,Municipio,Rosario,820210,Servicio de Catastro e Información Territorial,IGN
2019,10037,2019-10-22,Martes,,15:15:00,,0.0,2,"Moto/Ciclomotor,Automóvil",Biedma Y Dorrego,2,1,0,0,0,0,1,"-32.97939, -60.65803",Calle,,ROSARIO,Rosario,Asfalto,No existe,II,S/D,Urbana,Ninguna,No existe,Intersección,Bueno,Buena,Diurna,Buen Tiempo,De alcance,S/D,Colisión,Ninguna,Faltante,Ninguna,Sin restricción,"-32.97939, -60.65803","['Coronel Biedma', 'Dorrego']",2,,-32.97939,-60.65803,55.0,538.0,Municipio Rosario,Municipio,Rosario,820210,Servicio de Catastro e Información Territorial,IGN
2019,10041,2019-10-22,Martes,,06:20:00,,0.0,2,"Moto/Ciclomotor,Pickup/Utilitario",Bv. Oroño Y Av. Arijon,2,1,0,0,1,0,0,"-33.00351, -60.66485",Avenida,,ROSARIO,Rosario,Asfalto,No existe,II,Dentro,Urbana,Semáforo,Funciona,Intersección,S/D,S/D,Amanecer,S/D,S/D,S/D,Colisión,S/D,S/D,Cordón divisorio,Sin restricción,"-33.00351, -60.66485","['Bulevar Nicasio Oroño', 'Avenida Manuel Arijón']",2,,-33.00351,-60.66485,55.0,538.0,Municipio Rosario,Municipio,Rosario,820210,Servicio de Catastro e Información Territorial,IGN
2019,10043,2019-12-19,Jueves,,20:20:00,,0.0,2,"Peatón,Moto/Ciclomotor",Magallanes 1200,4,0,1,0,3,0,0,"-32.94225, -60.7044",Calle,,ROSARIO,Rosario,S/D,S/D,II,S/D,Urbana,S/D,S/D,Recta,S/D,S/D,Nocturna,S/D,S/D,Peatón,Atropello,S/D,S/D,S/D,S/D,"-32.94225, -60.7044",['Magallanes 1200'],1,,-32.94225,-60.7044,55.0,538.0,Municipio Rosario,Municipio,Rosario,820210,Servicio de Catastro e Información Territorial,IGN
2019,10047,2019-12-19,Jueves,,19:45:00,,0.0,2,"Bicicleta,Automóvil",Barra Y La Republica,2,2,0,0,0,0,0,"-32.91846, -60.70801",Calle,,ROSARIO,Rosario,S/D,S/D,II,S/D,Urbana,S/D,S/D,Intersección,S/D,S/D,Atardecer,S/D,S/D,Ciclista,Atropello,S/D,S/D,S/D,S/D,"-32.91846, -60.70801","['Barra', 'La República']",2,,-32.91846,-60.70801,55.0,538.0,Municipio Rosario,Municipio,Rosario,820210,Servicio de Catastro e Información Territorial,IGN
2019,10058,2019-11-28,Jueves,,19:30:00,,0.0,2,"Moto/Ciclomotor,Bicicleta",Av. Pte.Peron Y Lima,2,1,0,0,1,0,0,"-32.95803755521774,-60.688170790672",Avenida,,ROSARIO,Rosario,Asfalto,No existe,II,Dentro,Urbana,S/D,No existe,Intersección,S/D,S/D,Atardecer,S/D,S/D,Ciclista,Atropello,S/D,Faltante,Cordón divisorio,S/D,"-32.95803755521774,-60.688170790672","['Avenida Presidente Perón', 'Lima']",2,,-32.95803755521774,-60.688170790672,55.0,538.0,Municipio Rosario,Municipio,Rosario,820210,Servicio de Catastro e Información Territorial,IGN
2019,10076,2019-11-05,Martes,,18:00:00,,0.0,2,"Pickup/Utilitario,Moto/Ciclomotor",Bv. Argentino ,2,1,0,0,1,0,0,"-32.924494, -60.737352",Calle,,ROSARIO,Rosario,Asfalto,No existe,II,Dentro,Urbana,S/D,S/D,Recta,Bueno,Buena,Diurna,Buen Tiempo,Lateral,S/D,Colisión,S/D,S/D,S/D,Sin restricción,"-32.924494, -60.737352",['Argentino'],1,,-32.924494,-60.737352,55.0,538.0,Municipio Rosario,Municipio,Rosario,820210,Servicio de Catastro e Información Territorial,IGN
2019,10078,2019-11-05,Martes,,20:00:00,,0.0,2,"Bicicleta,Moto/Ciclomotor",Bv. Avellaneda Y Gorriti,2,1,1,0,0,0,0,"-32.923329, -60.675161",Avenida,,ROSARIO,Rosario,Asfalto,No existe,II,Dentro,Urbana,Semáforo,Funciona,Intersección,Bueno,Buena,"Nocturna,Con luz artificial",Buen Tiempo,S/D,Ciclista,Atropello,Ninguna,"Horizontal,Vertical",Cordón divisorio,Sin restricción,"-32.923329, -60.675161","['Avellaneda', 'Gorriti']",2,,-32.923329,-60.675161,55.0,538.0,Municipio Rosario,Municipio,Rosario,820210,Servicio de Catastro e Información Territorial,IGN
2019,10089,2019-12-24,Martes,,,,0.0,2,"Moto/Ciclomotor,Automóvil",Santa Fe Y Alsina,3,2,0,0,1,0,0,"-32.93821, -60.67607",Calle,,ROSARIO,Rosario,S/D,S/D,II,S/D,Urbana,S/D,S/D,Intersección,S/D,S/D,S/D,S/D,S/D,S/D,Colisión,S/D,S/D,S/D,S/D,"-32.93821, -60.67607","['Santa Fe', 'Alsina']",2,,-32.93821,-60.67607,55.0,538.0,Municipio Rosario,Municipio,Rosario,820210,Servicio de Catastro e Información Territorial,IGN
2019,10099,2019-11-24,Domingo,,19:00:00,,0.0,2,"Automóvil,Automóvil",AV OVIDIO LAGOS  Y CINCO DE AGOSTO,3,1,0,0,2,0,0,"-33.017722, -60.679256",Avenida,,ROSARIO,Rosario,Asfalto,No existe,II,Dentro,Urbana,Semáforo,Funciona,Intersección,S/D,S/D,Diurna,S/D,S/D,S/D,Colisión,S/D,Vertical,Cordón divisorio,S/D,"-33.017722, -60.679256","['Avenida Ovidio Lagos', '5 de Agosto']",2,,-33.017722,-60.679256,55.0,538.0,Municipio Rosario,Municipio,Rosario,820210,Servicio de Catastro e Información Territorial,IGN
2019,10110,2019-12-05,Jueves,,,,0.0,2,"Moto/Ciclomotor,Automóvil",Av. Battle y Ordoñez Y Av. Corrientes,3,2,0,0,1,0,0,"-33.00899, -60.65293",S/D,,ROSARIO,Rosario,S/D,S/D,II,S/D,S/D,S/D,S/D,S/D,S/D,S/D,S/D,S/D,S/D,S/D,S/D,S/D,S/D,S/D,S/D,"-33.00899, -60.65293","['Avenida Battle y Ordoñez', 'Corrientes']",2,,-33.00899,-60.65293,55.0,538.0,Municipio Rosario,Municipio,Rosario,820210,Servicio de Catastro e Información Territorial,IGN
2019,10115,2019-12-05,Jueves,,17:30:00,,0.0,2,"Moto/Ciclomotor,Automóvil",AV E. LOPEZ Y MADRES PLAZA DE MAYO,2,0,1,0,1,0,0,"-32.92765, -60.65703",S/D,,ROSARIO,Rosario,S/D,S/D,II,S/D,S/D,S/D,S/D,S/D,S/D,S/D,S/D,S/D,S/D,S/D,S/D,S/D,S/D,S/D,S/D,"-32.92765, -60.65703","['Lopez', 'Madres Plaza 25 de Mayo']",2,,-32.92765,-60.65703,55.0,538.0,Municipio Rosario,Municipio,Rosario,820210,Servicio de Catastro e Información Territorial,IGN
2019,10121,2019-12-17,Martes,,20:30:00,,0.0,2,"Peatón,Moto/Ciclomotor",Forest Y Magallanes,2,0,1,0,1,0,0,"-32.9433, -60.70435",Calle,,ROSARIO,Rosario,S/D,S/D,II,S/D,Urbana,S/D,S/D,Intersección,S/D,S/D,Nocturna,S/D,S/D,Peatón,Atropello,S/D,S/D,S/D,S/D,"-32.9433, -60.70435","['Carlos Forest', 'Magallanes']",2,,-32.9433,-60.70435,55.0,538.0,Municipio Rosario,Municipio,Rosario,820210,Servicio de Catastro e Información Territorial,IGN