anio_acci,nro_acci,fecha,desc_dia,fecha_aprox,hora_aprox,desc_ruta,km,cant_participantes,desc_participante,calle_avenida_km,total,heridos_leves,heridos_graves,heridos_gravisimos,ilesos,fallecidos,sin_datos,posicion_XY,desc_tipo_via,desc_ruta_ori,desc_loc,desc_dpto,desc_tipo_calzada,desc_tipo_banquina,desc_unidad_regional,desc_lugar_calzada,desc_zona,desc_prioridad,desc_estado_semaforo,desc_lugar_via,desc_estado_via,desc_estado_visibilidad,desc_luminosidad,desc_estado_clima,desc_tipo_colision,desc_tipo_atropello,desc_tipo_hecho,desc_pres_calzada,desc_senializacion,desc_separacion_via,desc_restriccion,forma_geocod,calle_lista,numero_calles,calles_osm,lat,lon,index_right,gid,fna,gna,nam,in1,fdc,sag
2019,10128,2019-12-06,Viernes,,,,0.0,2,"Automóvil,Moto/Ciclomotor",TRAVESIA Y GENOVA,2,0,1,0,1,0,0,"-32.92893, -60.67669",S/D,,ROSARIO,Rosario,S/D,S/D,II,S/D,S/D,S/D,S/D,S/D,S/D,S/D,S/D,S/D,S/D,S/D,S/D,S/D,S/D,S/D,S/D,"-32.92893, -60.67669","['Avenida Travesía Albert Sabin', 'Genova']",2,,-32.92893,-60.67669,55.0,538.0,Municipio Rosario,Municipio,Rosario,820210,Servicio de Catastro e Información Territorial,IGN
2019,10129,2019-12-07,Sabado,,00:30:00,,0.0,2,"Moto/Ciclomotor,Automóvil",Av. Sorrento Y Renan,2,1,0,0,1,0,0,"-32.90747, -60.6952",S/D,,ROSARIO,Rosario,S/D,S/D,II,S/D,S/D,S/D,S/D,S/D,S/D,S/D,S/D,S/D,S/D,S/D,S/D,S/D,S/D,S/D,S/D,"-32.90747, -60.6952","['Sorrento', 'Renán']",2,,-32.90747,-60.6952,55.0,538.0,Municipio Rosario,Municipio,Rosario,820210,Servicio de Catastro e Información Territorial,IGN
2019,10132,2019-10-19,Sabado,,13:00:00,,0.0,2,"Moto/Ciclomotor,Moto/Ciclomotor",Irurtia Y Fernandez Diaz,3,3,0,0,0,0,0,"-32.96717, -60.72844",Calle,,ROSARIO,Rosario,Asfalto,S/D,II,S/D,Urbana,S/D,S/D,Intersección,S/D,S/D,S/D,S/D,S/D,S/D,Colisión,S/D,S/D,S/D,S/D,"-32.96717, -60.72844","['Irurtia', 'Fernández Díaz']",2,,-32.96717,-60.72844,55.0,538.0,Municipio Rosario,Municipio,Rosario,820210,Servicio de Catastro e Información Territorial,IGN
2019,10145,2019-12-25,Miercoles,,14:30:00,,0.0,2,"Moto/Ciclomotor,Automóvil",Bv. Avellaneda Y Av. Genova,2,1,0,0,1,0,0,"    -32.91505, -60.67315",Calle,,ROSARIO,Rosario,Asfalto,S/D,II,S/D,Urbana,S/D,S/D,Recta,Bueno,S/D,Diurna,Buen Tiempo,Otro,S/D,Colisión,S/D,S/D,S/D,S/D,"    -32.91505, -60.67315","['Avellaneda', 'Genova']",2,,-32.91505,-60.67315,55.0,538.0,Municipio Rosario,Municipio,Rosario,820210,Servicio de Catastro e Información Territorial,IGN
2019,10156,2019-10-21,Lunes,,,,0.0,1,Pickup/Utilitario, ,1,1,0,0,0,0,0,"-32.95046, -60.69436",Calle,,ROSARIO,Rosario,S/D,S/D,II,S/D,Urbana,S/D,S/D,S/D,S/D,S/D,S/D,S/D,S/D,S/D,Vuelco,S/D,S/D,S/D,S/D,"-32.95046, -60.69436",[''],0,,-32.95046,-60.69436,55.0,538.0,Municipio Rosario,Municipio,Rosario,820210,Servicio de Catastro e Información Territorial,IGN
2019,10158,2019-10-21,Lunes,,,,0.0,2,"Automóvil,Moto/Ciclomotor",La Vincha ,2,1,0,0,1,0,0,"-32.98619, -60.68741",Calle,,ROSARIO,Rosario,Asfalto,S/D,II,S/D,Urbana,S/D,S/D,Intersección,S/D,S/D,S/D,S/D,S/D,S/D,Colisión,S/D,S/D,S/D,S/D,"-32.98619, -60.68741",['La Vincha'],1,,-32.98619,-60.68741,55.0,538.0,Municipio Rosario,Municipio,Rosario,820210,Servicio de Catastro e Información Territorial,IGN
2019,10174,2019-12-26,Jueves,,19:15:00,,0.0,2,"Camión,Automóvil",Montevideo Y Brasil,4,1,0,0,3,0,0,"    -32.94767, -60.71927",Calle,,ROSARIO,Rosario,Asfalto,Pavimento,II,Dentro,Urbana,Ninguna,S/D,Recta,Bueno,S/D,"Nocturna,Con luz artificial",S/D,Otro,S/D,Colisión,S/D,S/D,Ninguna,Sin restricción,"    -32.94767, -60.71927","['Montevideo', 'Brasil']",2,,-32.94767,-60.71927,55.0,538.0,Municipio Rosario,Municipio,Rosario,820210,Servicio de Catastro e Información Territorial,IGN
2019,10176,2019-10-22,Martes,,,,0.0,2,"Moto/Ciclomotor,Automóvil",F.Frias Y Pago de los Arroyos,2,1,0,0,0,0,1,"-33.01204, -60.65008",Calle,,ROSARIO,Rosario,Asfalto,S/D,II,S/D,Urbana,S/D,S/D,Intersección,S/D,S/D,S/D,S/D,S/D,S/D,Colisión,S/D,S/D,S/D,S/D,"-33.01204, -60.65008","['Frias', 'Pago de los Arroyos']",2,,-33.01204,-60.65008,55.0,538.0,Municipio Rosario,Municipio,Rosario,820210,Servicio de Catastro e Información Territorial,IGN
2019,10177,2019-11-23,Sabado,,,,0.0,1,Moto/Ciclomotor,Av. Ovidio Lagos Y Bv. Segui,2,2,0,0,0,0,0,"-32.974938154220595,-60.66936850547",Avenida,,ROSARIO,Rosario,Asfalto,No existe,II,Dentro,Urbana,Semáforo,Funciona,Intersección,S/D,S/D,S/D,S/D,S/D,S/D,Caída ocupante,S/D,"Horizontal,Vertical",Cordón divisorio,S/D,"-32.974938154220595,-60.66936850547","['Avenida Ovidio Lagos', 'Bulevar Juan Francisco Seguí']",2,,-32.974938154220595,-60.66936850547,55.0,538.0,Municipio Rosario,Municipio,Rosario,820210,Servicio de Catastro e Información Territorial,IGN
2019,10183,2019-12-25,Miercoles,,02:00:00,,0.0,2,"Moto/Ciclomotor,Peatón",Pasco 4600,2,1,0,0,1,0,0,"    -32.951, -60.68929",Calle,,ROSARIO,Rosario,Asfalto,Natural,II,Dentro,Urbana,Ninguna,No existe,Intersección,Otro,Reducida,Diurna,Otro,Otro,Peatón,Atropello,Otro,Faltante,Vegetación,Sin restricción,"    -32.951, -60.68929",['Pasco 4600'],1,,-32.951,-60.68929,55.0,538.0,Municipio Rosario,Municipio,Rosario,820210,Servicio de Catastro e Información Territorial,IGN
2019,10194,2019-11-07,Jueves,,03:30:00,,0.0,1,Automóvil,Tucuman 1854,1,1,0,0,0,0,0,"-32.939937279678,-60.647322357175",Calle,,ROSARIO,Rosario,Asfalto,No existe,II,Dentro,Urbana,Marca Vial,No existe,Recta,Bueno,Buena,"Nocturna,Con luz artificial",Buen Tiempo,Contra objeto fijo,S/D,Colisión,Ninguna,Horizontal,Ninguna,Sin restricción,"-32.939937279678,-60.647322357175",['Tucuman 1854'],1,,-32.939937279678,-60.647322357175,55.0,538.0,Municipio Rosario,Municipio,Rosario,820210,Servicio de Catastro e Información Territorial,IGN
2019,10198,2019-11-07,Jueves,,13:25:00,,0.0,2,"Automóvil,Pickup/Utilitario",Amenabar Y Italia,3,1,0,0,2,0,0,"-32.970450621039,-60.654358090275",Calle,,ROSARIO,Rosario,Asfalto,No existe,II,Dentro,Urbana,Señal Pare,No existe,Intersección,Con baches,Buena,Diurna,Buen Tiempo,Lateral,S/D,Colisión,Ninguna,Vertical,Ninguna,Sin restricción,"-32.970450621039,-60.654358090275","['Amenabar', 'Italia']",2,,-32.970450621039,-60.654358090275,55.0,538.0,Municipio Rosario,Municipio,Rosario,820210,Servicio de Catastro e Información Territorial,IGN
2019,10201,2019-11-07,Jueves,,17:00:00,,0.0,2,"Transporte Escolar,Automóvil",Camilo Aldao Y Mendoza,10,1,0,0,1,0,8,"-32.94142663478851,-60.695943832397",Calle,,ROSARIO,Rosario,Asfalto,No existe,II,Dentro,Urbana,Paso Peatonal,No existe,Intersección,Bueno,Buena,Diurna,Buen Tiempo,De alcance,S/D,Colisión,Ninguna,Horizontal,Línea divisoria pintada,Sin restricción,"-32.94142663478851,-60.695943832397","['Camilo Aldao', 'Mendoza']",2,,-32.94142663478851,-60.695943832397,55.0,538.0,Municipio Rosario,Municipio,Rosario,820210,Servicio de Catastro e Información Territorial,IGN
2019,10203,2019-12-25,Miercoles,,03:20:00,,0.0,2,"Transporte de Pasajeros (H/ 8 asientos),Moto/Ciclomotor",Bv. 27 De Febrero Y Av. Provincias Unidas,2,2,0,0,0,0,0,"    -32.95944, -60.71186",Avenida,,ROSARIO,Rosario,Asfalto,Pavimento,II,Dentro,Urbana,Semáforo,Funciona,Intersección,Otro,Reducida,Nocturna,Otro,Otro,S/D,Colisión,Otro,Faltante,Cordón divisorio,Sin restricción,"    -32.95944, -60.71186","['27 de Febrero', 'Avenida Provincias Unidas']",2,,-32.95944,-60.71186,55.0,538.0,Municipio Rosario,Municipio,Rosario,820210,Servicio de Catastro e Información Territorial,IGN
2019,10207,2019-11-07,Jueves,,18:20:00,,0.0,2,"Automóvil,Moto/Ciclomotor",Av. Carlos Colombres Y Gurruchaga,2,0,1,0,1,0,0,"-32.903375677375,-60.681307105878",Avenida,,ROSARIO,Rosario,Asfalto,No existe,II,Dentro,Urbana,Ninguna,Funciona,Intersección,Bueno,Buena,Atardecer,Buen Tiempo,S/D,S/D,Colisión,Ninguna,"Horizontal,Vertical","Cordón divisorio,Vegetación,Línea divisoria pintada",Sin restricción,"-32.903375677375,-60.681307105878","['José Colombres', 'Gurruchaga']",2,,-32.903375677375,-60.681307105878,55.0,538.0,Municipio Rosario,Municipio,Rosario,820210,Servicio de Catastro e Información Territorial,IGN
2019,10209,2019-11-09,Sabado,,01:00:00,,0.0,2,"Bicicleta,Moto/Ciclomotor",Bv. Oroño Y Reg.11 de Infanteria,2,0,0,0,0,2,0,"-32.99929,-60.66537",Calle,,ROSARIO,Rosario,Asfalto,No existe,II,Dentro,Urbana,Ninguna,No existe,Recta,Bueno,Buena,"Nocturna,Con luz artificial",S/D,S/D,Ciclista,Atropello,Ninguna,Horizontal,Cordón divisorio,Sin restricción,"-32.99929,-60.66537","['Bulevar Nicasio Oroño', 'Regimiento 11']",2,,-32.99929,-60.66537,55.0,538.0,Municipio Rosario,Municipio,Rosario,820210,Servicio de Catastro e Información Territorial,IGN
2019,10211,2019-12-25,Miercoles,,03:20:00,,0.0,2,"Moto/Ciclomotor,Automóvil",Bv. Segui 5500,3,1,0,0,2,0,0,"    -32.97067, -60.69752",Avenida,,ROSARIO,Rosario,Asfalto,Pavimento,II,Dentro,Urbana,Ninguna,No existe,Intersección,Bueno,Reducida,Nocturna,Otro,Otro,S/D,Colisión,Otro,Faltante,Cordón divisorio,Sin restricción,"    -32.97067, -60.69752",['Bulevar Juan Francisco Seguí 5500'],1,,-32.97067,-60.69752,55.0,538.0,Municipio Rosario,Municipio,Rosario,820210,Servicio de Catastro e Información Territorial,IGN
2019,10215,2019-12-28,Sabado,,21:25:00,,0.0,1,Moto/Ciclomotor,Campbell 4344,1,0,1,0,0,0,0,"    -32.98046, -60.70632",Calle,,ROSARIO,Rosario,Asfalto,Natural,II,Dentro,Urbana,Ninguna,No existe,Recta,Otro,Reducida,Nocturna,Otro,Otro,S/D,Vuelco,Otro,Faltante,S/D,S/D,"    -32.98046, -60.70632",['Campbell 4344'],1,,-32.98046,-60.70632,55.0,538.0,Municipio Rosario,Municipio,Rosario,820210,Servicio de Catastro e Información Territorial,IGN
2019,10230,2019-11-13,Miercoles,,10:00:00,,0.0,2,"Peatón,Camión c / Acoplado",San Martin Y Av. Uriburu,2,0,0,0,1,1,0,"-32.990738,-60.646725",Calle,,ROSARIO,Rosario,Asfalto,No existe,II,Dentro,Urbana,Semáforo,Funciona,Intersección,Bueno,Buena,Diurna,Buen Tiempo,S/D,Peatón,Atropello,Ninguna,"Horizontal,Vertical",Cordón divisorio,Sin restricción,"-32.990738,-60.646725","['San Martin', 'Uriburu']",2,,-32.990738,-60.646725,55.0,538.0,Municipio Rosario,Municipio,Rosario,820210,Servicio de Catastro e Información Territorial,IGN
2019,10245,2019-11-20,Miercoles,,,,0.0,2,"Automóvil,Moto/Ciclomotor",Guatemala Y Neuquen,2,0,1,0,1,0,0,"-32.944716920054,-60.71705184293",Calle,,ROSARIO,Rosario,Asfalto,No existe,II,Dentro,Urbana,Ninguna,No existe,Intersección,S/D,S/D,Nocturna,S/D,S/D,S/D,Colisión,S/D,Faltante,Ninguna,S/D,"-32.944716920054,-60.71705184293","['Guatemala', 'Neuquen']",2,,-32.944716920054,-60.71705184293,55.0,538.0,Municipio Rosario,Municipio,Rosario,820210,Servicio de Catastro e Información Territorial,IGN
2019,10264,2019-11-09,Sabado,,01:20:00,,0.0,2,"Automóvil,Automóvil",Albert Sabin Y Av. Genova,3,2,0,0,1,0,0,"-32.915361, -60.691069",Avenida,,ROSARIO,Rosario,Asfalto,No existe,II,Dentro,Urbana,Semáforo,Intermitente,Intersección,Bueno,Buena,"Nocturna,Con luz artificial",Buen Tiempo,Lateral,S/D,Colisión,Ninguna,"Horizontal,Vertical",Cordón divisorio,Sin restricción,"-32.915361, -60.691069","['Avenida Travesía Albert Sabin', 'Genova']",2,,-32.915361,-60.691069,55.0,538.0,Municipio Rosario,Municipio,Rosario,820210,Servicio de Catastro e Información Territorial,IGN
2019,10282,2019-11-10,Domingo,,23:30:00,,0.0,2,"Peatón,Moto/Ciclomotor",Bv. Avellaneda Y Montevideo,2,2,0,0,0,0,0,"-32.948800, -60.681550",Avenida,,ROSARIO,Rosario,Asfalto,No existe,II,Dentro,Urbana,Semáforo,Funciona,Recta,Bueno,Buena,Diurna,Buen Tiempo,S/D,Peatón,Atropello,Ninguna,"Horizontal,Vertical",Cordón divisorio,Sin restricción,"-32.948800, -60.681550","['Avellaneda', 'Montevideo']",2,,-32.9488,-60.68155,55.0,538.0,Municipio Rosario,Municipio,Rosario,820210,Servicio de Catastro e Información Territorial,IGN
2019,10284,2019-11-10,Domingo,,07:45:00,,0.0,2,"Pickup/Utilitario,Peatón",Escauriza Y Ricardo Gutierrez,2,1,0,0,1,0,0,"-32.879779, -60.688688",Calle,,ROSARIO,Rosario,Asfalto,No existe,II,Dentro,Urbana,Señal Pare,No existe,Intersección,Bueno,Buena,Diurna,Buen Tiempo,S/D,Peatón,Atropello,Ninguna,Vertical,Ninguna,Sin restricción,"-32.879779, -60.688688","['Escauriza', 'Ricardo Gutierrez']",2,,-32.879779,-60.688688,55.0,538.0,Municipio Rosario,Municipio,Rosario,820210,Servicio de Catastro e Información Territorial,IGN
2019,10291,2019-10-21,Lunes,,,,0.0,2,"Peatón,Automóvil",Bv. 27 De Febrero Y Constitucion,2,0,1,0,1,0,0,"-32.96118, -60.67902",Calle,,ROSARIO,Rosario,Asfalto,S/D,II,S/D,Urbana,S/D,S/D,Intersección,S/D,S/D,S/D,S/D,S/D,Peatón,Atropello,S/D,S/D,S/D,S/D,"-32.96118, -60.67902","['27 de Febrero', 'Constitución']",2,,-32.96118,-60.67902,55.0,538.0,Municipio Rosario,Municipio,Rosario,820210,Servicio de Catastro e Información Territorial,IGN
2019,10296,2019-11-19,Martes,,00:20:00,,0.0,1,Moto/Ciclomotor,Av. Corrientes Y Av. Arijon,2,1,0,0,0,1,0,"-33.003156,-60.653259",Calle,,ROSARIO,Rosario,Asfalto,No existe,II,Dentro,Urbana,Ninguna,No existe,Intersección,Bueno,S/D,Nocturna,S/D,S/D,S/D,Caída ocupante,Ninguna,Horizontal,Ninguna,Sin restricción,"-33.003156,-60.653259","['Corrientes', 'Avenida Manuel Arijón']",2,,-33.003156,-60.653259,55.0,538.0,Municipio Rosario,Municipio,Rosario,820210,Servicio de Catastro e Información Territorial,IGN
2019,10313,2019-11-12,Martes,,11:05:00,,0.0,2,"Automóvil,Moto/Ciclomotor",Anchoris Y Superi,2,1,0,0,1,0,0,"-32.895929557376,-60.700270124047",Calle,,ROSARIO,Rosario,Asfalto,No existe,II,Dentro,Urbana,Ninguna,No existe,Intersección,Deteriorada,Buena,Diurna,Buen Tiempo,S/D,S/D,Colisión,Ninguna,Faltante,Ninguna,Sin restricción,"-32.895929557376,-60.700270124047","['Anchoris', 'Superi']",2,,-32.895929557376,-60.700270124047,55.0,538.0,Municipio Rosario,Municipio,Rosario,820210,Servicio de Catastro e Información Territorial,IGN
2019,10314,2019-11-12,Martes,,10:10:00,,0.0,2,"Moto/Ciclomotor,Automóvil",Av. Battle y Ordoñez 1200,4,3,0,0,1,0,0,"-33.008887070308,-60.650717921589",Calle,,ROSARIO,Rosario,Asfalto,No existe,II,Dentro,Urbana,Semáforo,Funciona,Paso a Nivel FFCC,Bueno,Buena,Diurna,Buen Tiempo,Lateral,S/D,Colisión,Ninguna,"Horizontal,Vertical","Cordón divisorio,Vegetación,Línea divisoria pintada",Sin restricción,"-33.008887070308,-60.650717921589",['Avenida Battle y Ordoñez 1200'],1,,-33.008887070308,-60.650717921589,55.0,538.0,Municipio Rosario,Municipio,Rosario,820210,Servicio de Catastro e Información Territorial,IGN
2019,10333,2019-11-14,Jueves,,,,0.0,1,Moto/Ciclomotor,J.B.Justo Y Tarragona,1,1,0,0,0,0,0,"-32.915496007511,-60.735162861926",Calle,,ROSARIO,Rosario,Asfalto,No existe,II,Dentro,Urbana,Ninguna,No existe,Intersección,Deteriorada,Buena,S/D,Buen Tiempo,Atropello animal,S/D,Colisión,Ninguna,Faltante,Ninguna,Sin restricción,"-32.915496007511,-60.735162861926","['Justo', 'Tarragona']",2,,-32.915496007511,-60.735162861926,55.0,538.0,Municipio Rosario,Municipio,Rosario,820210,Servicio de Catastro e Información Territorial,IGN
2019,10348,2019-11-16,Sabado,,04:00:00,,0.0,1,Automóvil,SCHORK 6900,1,0,0,0,0,0,1,"-32.91259624063969,-60.716307163238",Calle,,ROSARIO,Rosario,Asfalto,No existe,II,Dentro,Urbana,Ninguna,No existe,Recta,Bueno,Buena,Diurna,Buen Tiempo,Contra objeto fijo,S/D,Colisión,Ninguna,Faltante,Ninguna,Sin restricción,"-32.91259624063969,-60.716307163238",['Schork 6900'],1,,-32.91259624063969,-60.716307163238,55.0,538.0,Municipio Rosario,Municipio,Rosario,820210,Servicio de Catastro e Información Territorial,IGN
2019,10355,2019-11-16,Sabado,,11:00:00,,0.0,2,"Transporte de Pasajeros (H/ 8 asientos),Pickup/Utilitario",Av. Battle y Ordoñez Y Av. Ovidio Lagos,9,7,0,0,2,0,0,"-33.00967, -60.67729",Avenida,,ROSARIO,Rosario,Asfalto,No existe,II,Dentro,Urbana,Semáforo,No existe,Intersección,Bueno,Buena,Diurna,Buen Tiempo,S/D,S/D,Colisión,Ninguna,Vertical,Cordón divisorio,Sin restricción,"-33.00967, -60.67729","['Avenida Battle y Ordoñez', 'Avenida Ovidio Lagos']",2,,-33.00967,-60.67729,55.0,538.0,Municipio Rosario,Municipio,Rosario,820210,Servicio de Catastro e Información Territorial,IGN
2019,10372,2019-12-06,Viernes,,,,0.0,2,"Automóvil,Automóvil",J.Colombres Y Av. Puccio,3,2,0,0,1,0,0,"-32.93999, -60.72935",S/D,,ROSARIO,Rosario,S/D,S/D,II,S/D,S/D,S/D,S/D,S/D,S/D,S/D,S/D,S/D,S/D,S/D,S/D,S/D,S/D,S/D,S/D,"-32.93999, -60.72935","['José Colombres', 'Puccio']",2,,-32.93999,-60.72935,55.0,538.0,Municipio Rosario,Municipio,Rosario,820210,Servicio de Catastro e Información Territorial,IGN
2019,10377,2019-11-17,Domingo,,06:00:00,,0.0,2,"Moto/Ciclomotor,Automóvil",F.Flynn Bis Y J.B.Justo,2,0,1,0,1,0,0,"-32.914400, -60.695385",Calle,,ROSARIO,Rosario,Asfalto,No existe,II,Dentro,Urbana,Ninguna,No existe,Intersección,Bueno,Buena,Amanecer,Buen Tiempo,Lateral,S/D,Colisión,Ninguna,Faltante,Ninguna,Sin restricción,"-32.914400, -60.695385","['Flynn', 'Justo']",2,,-32.9144,-60.695385,55.0,538.0,Municipio Rosario,Municipio,Rosario,820210,Servicio de Catastro e Información Territorial,IGN
2019,10437,2019-12-27,Viernes,,,,0.0,2,"Peatón,Automóvil",Bielsa Y Brasil,2,1,0,0,1,0,0,"    -32.92397, -60.7203",Calle,,ROSARIO,Rosario,Asfalto,S/D,II,Dentro,Urbana,S/D,S/D,Intersección,S/D,S/D,S/D,S/D,S/D,Peatón,Atropello,S/D,S/D,S/D,S/D,"    -32.92397, -60.7203","['Bielsa', 'Brasil']",2,,-32.92397,-60.7203,55.0,538.0,Municipio Rosario,Municipio,Rosario,820210,Servicio de Catastro e Información Territorial,IGN
2019,10450,2019-01-01,Martes,,01:30:00,,0.0,1,Moto/Ciclomotor,Av. Ovidio Lagos ,1,0,1,0,0,0,0,"-32.98074, -60.67071",S/D,,ROSARIO,Rosario,S/D,S/D,II,S/D,S/D,S/D,S/D,S/D,S/D,S/D,S/D,S/D,S/D,S/D,S/D,S/D,S/D,S/D,S/D,"-32.98074, -60.67071",['Avenida Ovidio Lagos'],1,,-32.98074,-60.67071,55.0,538.0,Municipio Rosario,Municipio,Rosario,820210,Servicio de Catastro e Información Territorial,IGN
2019,10451,2019-01-01,Martes,,01:30:00,,0.0,1,Moto/Ciclomotor, ,1,0,1,0,0,0,0,"-32.95846, -60.69045",S/D,,ROSARIO,Rosario,S/D,S/D,II,S/D,S/D,S/D,S/D,S/D,S/D,S/D,S/D,S/D,S/D,S/D,S/D,S/D,S/D,S/D,S/D,"-32.95846, -60.69045",[''],0,,-32.95846,-60.69045,55.0,538.0,Municipio Rosario,Municipio,Rosario,820210,Servicio de Catastro e Información Territorial,IGN
2019,10453,2019-01-01,Martes,,00:00:00,,0.0,1,Moto/Ciclomotor,Bv. Wilde Y Mendoza,1,0,1,0,0,0,0,"-32.94014, -60.73835",S/D,,ROSARIO,Rosario,S/D,S/D,II,S/D,S/D,S/D,S/D,S/D,S/D,S/D,S/D,S/D,S/D,S/D,S/D,S/D,S/D,S/D,S/D,"-32.94014, -60.73835","['Bulevar Wilde', 'Mendoza']",2,,-32.94014,-60.73835,55.0,538.0,Municipio Rosario,Municipio,Rosario,820210,Servicio de Catastro e Información Territorial,IGN
2019,10454,2019-01-01,Martes,,03:30:00,,0.0,1,Moto/Ciclomotor,Roullon Y Bv. 27 De Febrero,1,0,1,0,0,0,0,"-32.95909, -60.7016",S/D,,ROSARIO,Rosario,S/D,S/D,II,S/D,S/D,S/D,S/D,S/D,S/D,S/D,S/D,S/D,S/D,S/D,S/D,S/D,S/D,S/D,S/D,"-32.95909, -60.7016","['Alfredo Rouillón', '27 de Febrero']",2,,-32.95909,-60.7016,55.0,538.0,Municipio Rosario,Municipio,Rosario,820210,Servicio de Catastro e Información Territorial,IGN
2019,10455,2019-01-01,Martes,,19:00:00,,0.0,1,Moto/Ciclomotor,Amenabar Y Colon,1,0,1,0,0,0,0,"-32.97447, -60.63192",S/D,,ROSARIO,Rosario,S/D,S/D,II,S/D,S/D,S/D,S/D,S/D,S/D,S/D,S/D,S/D,S/D,S/D,S/D,S/D,S/D,S/D,S/D,"-32.97447, -60.63192","['Amenabar', 'Colon']",2,,-32.97447,-60.63192,55.0,538.0,Municipio Rosario,Municipio,Rosario,820210,Servicio de Catastro e Información Territorial,IGN
2019,10456,2019-01-01,Martes,,02:00:00,,0.0,1,Automóvil,Montevideo Y Lima,1,0,1,0,0,0,0,"-32.94813, -60.68566",S/D,,ROSARIO,Rosario,S/D,S/D,II,S/D,S/D,S/D,S/D,S/D,S/D,S/D,S/D,S/D,S/D,S/D,S/D,S/D,S/D,S/D,S/D,"-32.94813, -60.68566","['Montevideo', 'Lima']",2,,-32.94813,-60.68566,55.0,538.0,Municipio Rosario,Municipio,Rosario,820210,Servicio de Catastro e Información Territorial,IGN
2019,10459,2019-01-01,Martes,,18:00:00,,0.0,1,Bicicleta,Barra ,1,0,1,0,0,0,0,"-32.94338, -60.70665",Calle,,ROSARIO,Rosario,Asfalto,S/D,II,Dentro,Urbana,S/D,S/D,S/D,S/D,S/D,Diurna,S/D,S/D,S/D,S/D,S/D,S/D,S/D,S/D,"-32.94338, -60.70665",['Barra'],1,,-32.94338,-60.70665,55.0,538.0,Municipio Rosario,Municipio,Rosario,820210,Servicio de Catastro e Información Territorial,IGN
2019,10460,2019-01-03,Jueves,,13:00:00,,0.0,1,Automóvil,MORENO Y CERRITO,1,0,1,0,0,0,0,"-32.9597, -60.65447",S/D,,ROSARIO,Rosario,S/D,S/D,II,S/D,S/D,S/D,S/D,S/D,S/D,S/D,S/D,S/D,S/D,S/D,S/D,S/D,S/D,S/D,S/D,"-32.9597, -60.65447","['Moreno', 'Cerrito']",2,,-32.9597,-60.65447,55.0,538.0,Municipio Rosario,Municipio,Rosario,820210,Servicio de Catastro e Información Territorial,IGN
2019,10461,2019-01-03,Jueves,,,,0.0,1,Bicicleta,Roullon Y Godoy Cruz,1,0,1,0,0,0,0,"-32.95806, -60.68404",S/D,,ROSARIO,Rosario,S/D,S/D,II,S/D,S/D,S/D,S/D,S/D,S/D,S/D,S/D,S/D,S/D,Ciclista,Atropello,S/D,S/D,S/D,S/D,"-32.95806, -60.68404","['Alfredo Rouillón', 'Avenida Presidente Perón']",2,,-32.95806,-60.68404,55.0,538.0,Municipio Rosario,Municipio,Rosario,820210,Servicio de Catastro e Información Territorial,IGN
2019,10463,2019-01-03,Jueves,,12:00:00,,0.0,1,Moto/Ciclomotor,Larrea Y Dean Funes,1,0,1,0,0,0,0,"-32.96715, -60.69627",S/D,,ROSARIO,Rosario,S/D,S/D,II,S/D,S/D,S/D,S/D,S/D,S/D,S/D,S/D,S/D,S/D,S/D,S/D,S/D,S/D,S/D,S/D,"-32.96715, -60.69627","['Larrea', 'Deán Gregorio Funes']",2,,-32.96715,-60.69627,55.0,538.0,Municipio Rosario,Municipio,Rosario,820210,Servicio de Catastro e Información Territorial,IGN
2019,10464,2019-01-03,Jueves,,19:45:00,,0.0,1,Moto/Ciclomotor,Cordoba Y Rodriguez,1,0,1,0,0,0,0,"-32.94282, -60.65869",S/D,,ROSARIO,Rosario,S/D,S/D,II,S/D,S/D,S/D,S/D,S/D,S/D,S/D,S/D,S/D,S/D,S/D,S/D,S/D,S/D,S/D,S/D,"-32.94282, -60.65869","['Córdoba', 'Rodríguez']",2,,-32.94282,-60.65869,55.0,538.0,Municipio Rosario,Municipio,Rosario,820210,Servicio de Catastro e Información Territorial,IGN
2019,10465,2019-12-04,Miercoles,,,,0.0,2,"Moto/Ciclomotor,Otros", ,2,1,0,0,0,0,1,"-32.95846, -60.69045",S/D,,ROSARIO,Rosario,S/D,S/D,II,S/D,S/D,S/D,S/D,S/D,S/D,S/D,S/D,S/D,S/D,S/D,S/D,S/D,S/D,S/D,S/D,"-32.95846, -60.69045",[''],0,,-32.95846,-60.69045,55.0,538.0,Municipio Rosario,Municipio,Rosario,820210,Servicio de Catastro e Información Territorial,IGN
2019,10471,2019-06-01,Sabado,,13:00:00,,0.0,1,Automóvil,Mitre Y Dean Funes,1,0,1,0,0,0,0,"-32.97543, -60.64694",S/D,,ROSARIO,Rosario,S/D,S/D,II,S/D,S/D,S/D,S/D,S/D,S/D,S/D,S/D,S/D,S/D,S/D,S/D,S/D,S/D,S/D,S/D,"-32.97543, -60.64694","['Mitre', 'Deán Gregorio Funes']",2,,-32.97543,-60.64694,55.0,538.0,Municipio Rosario,Municipio,Rosario,820210,Servicio de Catastro e Información Territorial,IGN
2019,10472,2019-06-07,Viernes,,,,0.0,1,Moto/Ciclomotor, ,1,0,1,0,0,0,0,"-32.95846, -60.69045",S/D,,ROSARIO,Rosario,S/D,S/D,II,S/D,S/D,S/D,S/D,S/D,S/D,S/D,S/D,S/D,S/D,S/D,S/D,S/D,S/D,S/D,S/D,"-32.95846, -60.69045",[''],0,,-32.95846,-60.69045,55.0,538.0,Municipio Rosario,Municipio,Rosario,820210,Servicio de Catastro e Información Territorial,IGN