anio_acci,nro_acci,fecha,desc_dia,fecha_aprox,hora_aprox,desc_ruta,km,cant_participantes,desc_participante,calle_avenida_km,total,heridos_leves,heridos_graves,heridos_gravisimos,ilesos,fallecidos,sin_datos,posicion_XY,desc_tipo_via,desc_ruta_ori,desc_loc,desc_dpto,desc_tipo_calzada,desc_tipo_banquina,desc_unidad_regional,desc_lugar_calzada,desc_zona,desc_prioridad,desc_estado_semaforo,desc_lugar_via,desc_estado_via,desc_estado_visibilidad,desc_luminosidad,desc_estado_clima,desc_tipo_colision,desc_tipo_atropello,desc_tipo_hecho,desc_pres_calzada,desc_senializacion,desc_separacion_via,desc_restriccion,forma_geocod,calle_lista,numero_calles,calles_osm,lat,lon,index_right,gid,fna,gna,nam,in1,fdc,sag
2019,10474,2019-07-07,Domingo,,19:00:00,,0.0,2,"Moto/Ciclomotor,Otros",Bv. Segui Y Entre Rios,2,0,1,0,0,0,1,"-32.97874, -60.64916",S/D,,ROSARIO,Rosario,S/D,S/D,II,S/D,S/D,S/D,S/D,S/D,S/D,S/D,S/D,S/D,S/D,S/D,S/D,S/D,S/D,S/D,S/D,"-32.97874, -60.64916","['Bulevar Juan Francisco Seguí', 'Entre Ríos']",2,,-32.97874,-60.64916,55.0,538.0,Municipio Rosario,Municipio,Rosario,820210,Servicio de Catastro e Información Territorial,IGN
2019,10476,2019-10-07,Lunes,,10:30:00,,0.0,2,"Moto/Ciclomotor,Automóvil", ,2,0,1,0,0,0,1,"-32.95846, -60.69045",S/D,,ROSARIO,Rosario,S/D,S/D,II,S/D,S/D,S/D,S/D,S/D,S/D,S/D,S/D,S/D,S/D,S/D,S/D,S/D,S/D,S/D,S/D,"-32.95846, -60.69045",[''],0,,-32.95846,-60.69045,55.0,538.0,Municipio Rosario,Municipio,Rosario,820210,Servicio de Catastro e Información Territorial,IGN
2019,10477,2019-10-07,Lunes,,09:00:00,,0.0,2,"Moto/Ciclomotor,Otros",Av. Genova Y Acevedo Bis,2,0,1,0,0,0,1,"-32.917, -60.74895",S/D,,ROSARIO,Rosario,S/D,S/D,II,S/D,S/D,S/D,S/D,S/D,S/D,S/D,S/D,S/D,S/D,S/D,S/D,S/D,S/D,S/D,S/D,"-32.917, -60.74895","['Genova', 'Acevedo']",2,,-32.917,-60.74895,55.0,538.0,Municipio Rosario,Municipio,Rosario,820210,Servicio de Catastro e Información Territorial,IGN
2019,10478,2019-10-03,Jueves,,19:30:00,,0.0,2,"Moto/Ciclomotor,Otros",Bv. Avellaneda Y Cochabamba,2,0,1,0,0,0,1,"-32.95109, -60.68229",S/D,,ROSARIO,Rosario,S/D,S/D,II,S/D,S/D,S/D,S/D,S/D,S/D,S/D,S/D,S/D,S/D,S/D,S/D,S/D,S/D,S/D,S/D,"-32.95109, -60.68229","['Avellaneda', 'Cochabamba']",2,,-32.95109,-60.68229,55.0,538.0,Municipio Rosario,Municipio,Rosario,820210,Servicio de Catastro e Información Territorial,IGN
2019,10479,2019-10-02,Miercoles,,10:30:00,,0.0,2,"Moto/Ciclomotor,Otros", ,2,0,1,0,0,0,1,"-32.95846, -60.69045",S/D,,ROSARIO,Rosario,S/D,S/D,II,S/D,S/D,S/D,S/D,S/D,S/D,S/D,S/D,S/D,S/D,S/D,S/D,S/D,S/D,S/D,S/D,"-32.95846, -60.69045",[''],0,,-32.95846,-60.69045,55.0,538.0,Municipio Rosario,Municipio,Rosario,820210,Servicio de Catastro e Información Territorial,IGN
2019,10480,2019-10-08,Martes,,23:12:00,,0.0,2,"Moto/Ciclomotor,Otros",J.C.Casas ,2,0,1,0,1,0,0,"-32.94019, -60.68866",S/D,,ROSARIO,Rosario,S/D,S/D,II,S/D,S/D,S/D,S/D,S/D,S/D,S/D,S/D,S/D,S/D,S/D,S/D,S/D,S/D,S/D,S/D,"-32.94019, -60.68866",['Juan Carlos Casas'],1,,-32.94019,-60.68866,55.0,538.0,Municipio Rosario,Municipio,Rosario,820210,Servicio de Catastro e Información Territorial,IGN
2019,10482,2019-12-13,Viernes,,00:00:00,,0.0,2,"Automóvil,Otros", ,2,0,1,0,0,0,1,"-32.95846, -60.69045",S/D,,ROSARIO,Rosario,S/D,S/D,II,S/D,S/D,S/D,S/D,S/D,S/D,S/D,S/D,S/D,S/D,S/D,S/D,S/D,S/D,S/D,S/D,"-32.95846, -60.69045",[''],0,,-32.95846,-60.69045,55.0,538.0,Municipio Rosario,Municipio,Rosario,820210,Servicio de Catastro e Información Territorial,IGN
2019,10484,2019-10-11,Viernes,,04:00:00,,0.0,2,"Moto/Ciclomotor,Otros",BV SEGUI Y SAN NICOLAS,2,0,1,0,0,0,1,"-32.97306, -60.68064",S/D,,ROSARIO,Rosario,S/D,S/D,II,S/D,S/D,S/D,S/D,S/D,S/D,S/D,S/D,S/D,S/D,S/D,S/D,S/D,S/D,S/D,S/D,"-32.97306, -60.68064","['Bulevar Juan Francisco Seguí', 'San Nicolás']",2,,-32.97306,-60.68064,55.0,538.0,Municipio Rosario,Municipio,Rosario,820210,Servicio de Catastro e Información Territorial,IGN
2019,10485,2019-01-25,Viernes,,17:00:00,,0.0,1,Moto/Ciclomotor,Av. Ovidio Lagos Y Aurora,1,1,0,0,0,0,0,"    -32.99938, -60.67526",Avenida,,ROSARIO,Rosario,Asfalto,No existe,II,Dentro,Urbana,S/D,S/D,Intersección,S/D,S/D,Diurna,S/D,S/D,S/D,Otro,S/D,S/D,S/D,S/D,"    -32.99938, -60.67526","['Avenida Ovidio Lagos', 'Aurora']",2,,-32.99938,-60.67526,55.0,538.0,Municipio Rosario,Municipio,Rosario,820210,Servicio de Catastro e Información Territorial,IGN
2019,10486,2019-01-25,Viernes,,19:40:00,,0.0,1,Moto/Ciclomotor, ,1,1,0,0,0,0,0,"    -32.95887, -60.69314",S/D,,ROSARIO,Rosario,S/D,S/D,II,S/D,S/D,S/D,S/D,S/D,S/D,S/D,Atardecer,S/D,S/D,S/D,S/D,S/D,S/D,S/D,S/D,"    -32.95887, -60.69314",[''],0,,-32.95887,-60.69314,55.0,538.0,Municipio Rosario,Municipio,Rosario,820210,Servicio de Catastro e Información Territorial,IGN
2019,10488,2019-10-09,Miercoles,,21:00:00,,0.0,2,"Moto/Ciclomotor,Otros",Casilda ,2,0,1,0,0,0,1,"-32.92886, -60.70164",Calle,,ROSARIO,Rosario,S/D,S/D,II,S/D,S/D,S/D,S/D,S/D,S/D,S/D,S/D,S/D,S/D,S/D,Colisión,S/D,S/D,S/D,S/D,"-32.92886, -60.70164",['Casilda'],1,,-32.92886,-60.70164,55.0,538.0,Municipio Rosario,Municipio,Rosario,820210,Servicio de Catastro e Información Territorial,IGN
2019,10489,2019-10-09,Miercoles,,19:00:00,,0.0,1,Bicicleta,Larrea ,1,0,1,0,0,0,0,"-32.95063, -60.69687",S/D,,ROSARIO,Rosario,S/D,S/D,II,S/D,S/D,S/D,S/D,S/D,S/D,S/D,S/D,S/D,S/D,Ciclista,Atropello,S/D,S/D,S/D,S/D,"-32.95063, -60.69687",['Larrea'],1,,-32.95063,-60.69687,55.0,538.0,Municipio Rosario,Municipio,Rosario,820210,Servicio de Catastro e Información Territorial,IGN
2019,10490,2019-10-10,Jueves,,21:30:00,,0.0,2,"Moto/Ciclomotor,Otros",Marcos Paz ,2,0,1,0,0,0,1,"-32.94131, -60.69245",S/D,,ROSARIO,Rosario,S/D,S/D,II,S/D,S/D,S/D,S/D,S/D,S/D,S/D,S/D,S/D,S/D,S/D,S/D,S/D,S/D,S/D,S/D,"-32.94131, -60.69245",['Marcos Paz'],1,,-32.94131,-60.69245,55.0,538.0,Municipio Rosario,Municipio,Rosario,820210,Servicio de Catastro e Información Territorial,IGN
2019,10491,2019-07-14,Domingo,,17:00:00,,0.0,1,Moto/Ciclomotor,San Luis Y Callao,1,0,1,0,0,0,0,"-32.94512, -60.66076",S/D,,ROSARIO,Rosario,S/D,S/D,II,S/D,S/D,S/D,S/D,S/D,S/D,S/D,S/D,S/D,S/D,S/D,S/D,S/D,S/D,S/D,S/D,"-32.94512, -60.66076","['San Luis', 'Callao']",2,,-32.94512,-60.66076,55.0,538.0,Municipio Rosario,Municipio,Rosario,820210,Servicio de Catastro e Información Territorial,IGN
2019,10493,2019-07-12,Viernes,,14:30:00,,0.0,2,"Automóvil,Otros",Paraguay 100,2,0,1,0,0,0,1,"-32.93688, -60.64141",Calle,,ROSARIO,Rosario,S/D,S/D,II,S/D,Urbana,S/D,S/D,S/D,S/D,S/D,S/D,S/D,S/D,S/D,S/D,S/D,S/D,S/D,S/D,"-32.93688, -60.64141",['Paraguay 100'],1,,-32.93688,-60.64141,55.0,538.0,Municipio Rosario,Municipio,Rosario,820210,Servicio de Catastro e Información Territorial,IGN
2019,10494,2019-07-11,Jueves,,22:00:00,,0.0,2,"Moto/Ciclomotor,Otros",Dorrego Y San Juan,2,0,1,0,0,0,1,"-32.94825, -60.65012",S/D,,ROSARIO,Rosario,S/D,S/D,II,S/D,S/D,S/D,S/D,S/D,S/D,S/D,S/D,S/D,S/D,S/D,S/D,S/D,S/D,S/D,S/D,"-32.94825, -60.65012","['Dorrego', 'San Juan']",2,,-32.94825,-60.65012,55.0,538.0,Municipio Rosario,Municipio,Rosario,820210,Servicio de Catastro e Información Territorial,IGN
2019,10495,2019-06-10,Lunes,,12:30:00,,0.0,1,Bicicleta,Campbell Y Zuviria,1,0,1,0,0,0,0,"-32.93684, -60.70805",S/D,,ROSARIO,Rosario,S/D,S/D,II,S/D,S/D,S/D,S/D,S/D,S/D,S/D,S/D,S/D,S/D,Ciclista,Atropello,S/D,S/D,S/D,S/D,"-32.93684, -60.70805","['Campbell', 'Zuviría']",2,,-32.93684,-60.70805,55.0,538.0,Municipio Rosario,Municipio,Rosario,820210,Servicio de Catastro e Información Territorial,IGN
2019,10496,2019-06-12,Miercoles,,,,0.0,1,Otros, ,1,0,1,0,0,0,0,"-32.95846, -60.69045",S/D,,ROSARIO,Rosario,S/D,S/D,II,S/D,S/D,S/D,S/D,S/D,S/D,S/D,S/D,S/D,S/D,S/D,S/D,S/D,S/D,S/D,S/D,"-32.95846, -60.69045",[''],0,,-32.95846,-60.69045,55.0,538.0,Municipio Rosario,Municipio,Rosario,820210,Servicio de Catastro e Información Territorial,IGN
2019,10497,2019-06-12,Miercoles,,,,0.0,1,Otros, ,1,0,1,0,0,0,0,"-32.95846, -60.69045",S/D,,ROSARIO,Rosario,S/D,S/D,II,S/D,S/D,S/D,S/D,S/D,S/D,S/D,S/D,S/D,S/D,S/D,S/D,S/D,S/D,S/D,S/D,"-32.95846, -60.69045",[''],0,,-32.95846,-60.69045,55.0,538.0,Municipio Rosario,Municipio,Rosario,820210,Servicio de Catastro e Información Territorial,IGN
2019,10498,2019-06-13,Jueves,,12:15:00,,0.0,1,Automóvil, ,1,0,1,0,0,0,0,"-32.95846, -60.69045",S/D,,ROSARIO,Rosario,S/D,S/D,II,S/D,S/D,S/D,S/D,S/D,S/D,S/D,S/D,S/D,S/D,S/D,S/D,S/D,S/D,S/D,S/D,"-32.95846, -60.69045",[''],0,,-32.95846,-60.69045,55.0,538.0,Municipio Rosario,Municipio,Rosario,820210,Servicio de Catastro e Información Territorial,IGN
2019,10499,2019-06-13,Jueves,,16:00:00,,0.0,1,Automóvil,9 DE JULIO Y PTE ROCA,1,0,1,0,0,0,0,"-32.95261, -60.64701",S/D,,ROSARIO,Rosario,S/D,S/D,II,S/D,S/D,S/D,S/D,S/D,S/D,S/D,S/D,S/D,S/D,S/D,S/D,S/D,S/D,S/D,S/D,"-32.95261, -60.64701","['9 de Julio', 'Roca']",2,,-32.95261,-60.64701,55.0,538.0,Municipio Rosario,Municipio,Rosario,820210,Servicio de Catastro e Información Territorial,IGN
2019,10501,2019-06-16,Domingo,,17:00:00,,0.0,2,"Moto/Ciclomotor,Otros", ,2,0,1,0,0,0,1,"-32.95846, -60.69045",S/D,,ROSARIO,Rosario,S/D,S/D,II,S/D,S/D,S/D,S/D,S/D,S/D,S/D,S/D,S/D,S/D,S/D,S/D,S/D,S/D,S/D,S/D,"-32.95846, -60.69045",[''],0,,-32.95846,-60.69045,55.0,538.0,Municipio Rosario,Municipio,Rosario,820210,Servicio de Catastro e Información Territorial,IGN
2019,10502,2019-02-24,Domingo,,,,0.0,1,Moto/Ciclomotor,Mendoza Y Tte.Agneta,1,1,0,0,0,0,0,"    -32.94079, -60.69982",Calle,,ROSARIO,Rosario,Asfalto,S/D,II,Dentro,Urbana,S/D,S/D,Intersección,S/D,S/D,S/D,S/D,S/D,S/D,Caída ocupante,S/D,S/D,S/D,S/D,"    -32.94079, -60.69982","['Mendoza', 'Teniente Agneta']",2,,-32.94079,-60.69982,55.0,538.0,Municipio Rosario,Municipio,Rosario,820210,Servicio de Catastro e Información Territorial,IGN
2019,10503,2019-03-28,Jueves,,,,0.0,1,Moto/Ciclomotor,Entre Rios Y Dean Funes,1,1,0,0,0,0,0,"    -32.97512, -60.64825",Calle,,ROSARIO,Rosario,S/D,S/D,II,Dentro,Urbana,S/D,S/D,Intersección,S/D,S/D,S/D,S/D,S/D,S/D,Caída ocupante,S/D,S/D,S/D,S/D,"    -32.97512, -60.64825","['Entre Ríos', 'Deán Gregorio Funes']",2,,-32.97512,-60.64825,55.0,538.0,Municipio Rosario,Municipio,Rosario,820210,Servicio de Catastro e Información Territorial,IGN
2019,10504,2019-10-27,Domingo,,,,0.0,1,Moto/Ciclomotor,Bv. Wilde Y Mendoza,1,1,0,0,0,0,0,"    -32.94031, -60.73868",Calle,,ROSARIO,Rosario,S/D,S/D,II,Dentro,Urbana,S/D,S/D,Intersección,S/D,S/D,S/D,S/D,S/D,S/D,Caída ocupante,S/D,S/D,S/D,S/D,"    -32.94031, -60.73868","['Bulevar Wilde', 'Mendoza']",2,,-32.94031,-60.73868,55.0,538.0,Municipio Rosario,Municipio,Rosario,820210,Servicio de Catastro e Información Territorial,IGN
2019,10505,2019-12-25,Miercoles,,,,0.0,1,Moto/Ciclomotor,Ecuador Y Ocampo,1,1,0,0,0,0,0,"    -32.95812, -60.71423",Calle,,ROSARIO,Rosario,S/D,S/D,II,Dentro,Urbana,S/D,S/D,Intersección,S/D,S/D,S/D,S/D,S/D,S/D,Caída ocupante,S/D,S/D,S/D,S/D,"    -32.95812, -60.71423","['Ecuador', 'Ocampo']",2,,-32.95812,-60.71423,55.0,538.0,Municipio Rosario,Municipio,Rosario,820210,Servicio de Catastro e Información Territorial,IGN
2019,10506,2019-06-20,Jueves,,20:10:00,,0.0,2,"Peatón,Otros",Bv. 27 De Febrero Y Larrea,2,1,0,0,0,0,1,"-32.95878, -60.69654",Calle,,ROSARIO,Rosario,S/D,S/D,II,S/D,Urbana,S/D,S/D,Intersección,S/D,S/D,Nocturna,S/D,S/D,Peatón,Atropello,S/D,S/D,S/D,S/D,"-32.95878, -60.69654","['27 de Febrero', 'Larrea']",2,,-32.95878,-60.69654,55.0,538.0,Municipio Rosario,Municipio,Rosario,820210,Servicio de Catastro e Información Territorial,IGN
2019,10507,2019-01-16,Miercoles,,00:38:00,,0.0,1,Bicicleta, ,1,1,0,0,0,0,0,"-32.9587, -60.69304",S/D,,ROSARIO,Rosario,S/D,S/D,II,S/D,S/D,S/D,S/D,S/D,S/D,S/D,Nocturna,S/D,S/D,S/D,S/D,S/D,S/D,S/D,S/D,"-32.9587, -60.69304",[''],0,,-32.9587,-60.69304,55.0,538.0,Municipio Rosario,Municipio,Rosario,820210,Servicio de Catastro e Información Territorial,IGN
2019,10508,2019-01-16,Miercoles,,10:16:00,,0.0,1,Automóvil, ,1,1,0,0,0,0,0,"-32.9587, -60.69304",S/D,,ROSARIO,Rosario,S/D,S/D,II,S/D,S/D,S/D,S/D,S/D,S/D,S/D,Diurna,S/D,S/D,S/D,S/D,S/D,S/D,S/D,S/D,"-32.9587, -60.69304",[''],0,,-32.9587,-60.69304,55.0,538.0,Municipio Rosario,Municipio,Rosario,820210,Servicio de Catastro e Información Territorial,IGN
2019,10509,2019-01-16,Miercoles,,19:18:00,,0.0,1,Bicicleta, ,1,1,0,0,0,0,0,"-32.9587, -60.69304",S/D,,ROSARIO,Rosario,S/D,S/D,II,S/D,S/D,S/D,S/D,S/D,S/D,S/D,Atardecer,S/D,S/D,S/D,S/D,S/D,S/D,S/D,S/D,"-32.9587, -60.69304",[''],0,,-32.9587,-60.69304,55.0,538.0,Municipio Rosario,Municipio,Rosario,820210,Servicio de Catastro e Información Territorial,IGN
2019,10510,2019-01-16,Miercoles,,19:23:00,,0.0,1,Bicicleta, ,1,1,0,0,0,0,0,"-32.9587, -60.69304",S/D,,ROSARIO,Rosario,S/D,S/D,II,S/D,S/D,S/D,S/D,S/D,S/D,S/D,Atardecer,S/D,S/D,S/D,S/D,S/D,S/D,S/D,S/D,"-32.9587, -60.69304",[''],0,,-32.9587,-60.69304,55.0,538.0,Municipio Rosario,Municipio,Rosario,820210,Servicio de Catastro e Información Territorial,IGN
2019,10512,2019-01-16,Miercoles,,21:07:00,,0.0,1,Moto/Ciclomotor, ,1,0,1,0,0,0,0,"-32.9587, -60.69304",S/D,,ROSARIO,Rosario,S/D,S/D,II,S/D,S/D,S/D,S/D,S/D,S/D,S/D,Nocturna,S/D,S/D,S/D,S/D,S/D,S/D,S/D,S/D,"-32.9587, -60.69304",[''],0,,-32.9587,-60.69304,55.0,538.0,Municipio Rosario,Municipio,Rosario,820210,Servicio de Catastro e Información Territorial,IGN
2019,10513,2019-01-16,Miercoles,,23:12:00,,0.0,1,Moto/Ciclomotor, ,1,0,1,0,0,0,0,"-32.9587, -60.69304",S/D,,ROSARIO,Rosario,S/D,S/D,II,S/D,S/D,S/D,S/D,S/D,S/D,S/D,Nocturna,S/D,S/D,S/D,S/D,S/D,S/D,S/D,S/D,"-32.9587, -60.69304",[''],0,,-32.9587,-60.69304,55.0,538.0,Municipio Rosario,Municipio,Rosario,820210,Servicio de Catastro e Información Territorial,IGN
2019,10514,2019-01-16,Miercoles,,13:39:00,,0.0,1,Automóvil, ,1,0,0,0,0,0,1,"-32.9587, -60.69304",S/D,,ROSARIO,Rosario,S/D,S/D,II,S/D,S/D,S/D,S/D,S/D,S/D,S/D,Diurna,S/D,S/D,S/D,S/D,S/D,S/D,S/D,S/D,"-32.9587, -60.69304",[''],0,,-32.9587,-60.69304,55.0,538.0,Municipio Rosario,Municipio,Rosario,820210,Servicio de Catastro e Información Territorial,IGN
2019,10515,2019-01-16,Miercoles,,09:30:00,,0.0,1,Moto/Ciclomotor, ,1,0,0,0,0,0,1,"-32.9587, -60.69304",S/D,,ROSARIO,Rosario,S/D,S/D,II,S/D,S/D,S/D,S/D,S/D,S/D,S/D,Diurna,S/D,S/D,S/D,S/D,S/D,S/D,S/D,S/D,"-32.9587, -60.69304",[''],0,,-32.9587,-60.69304,55.0,538.0,Municipio Rosario,Municipio,Rosario,820210,Servicio de Catastro e Información Territorial,IGN
2019,10516,2019-01-12,Sabado,,,,0.0,1,Moto/Ciclomotor,Bv. Segui Y Bv. Avellaneda,1,1,0,0,0,0,0,"-32.97178, -60.68748",Avenida,,ROSARIO,Rosario,Asfalto,S/D,II,S/D,Urbana,S/D,S/D,Intersección,S/D,S/D,S/D,S/D,S/D,S/D,S/D,S/D,S/D,S/D,S/D,"-32.97178, -60.68748","['Bulevar Juan Francisco Seguí', 'Avellaneda']",2,,-32.97178,-60.68748,55.0,538.0,Municipio Rosario,Municipio,Rosario,820210,Servicio de Catastro e Información Territorial,IGN
2019,10517,2019-01-17,Jueves,,00:00:00,,0.0,1,Bicicleta, ,1,1,0,0,0,0,0,"-32.9587, -60.69304",S/D,,ROSARIO,Rosario,S/D,S/D,II,S/D,S/D,S/D,S/D,S/D,S/D,S/D,Nocturna,S/D,S/D,S/D,S/D,S/D,S/D,S/D,S/D,"-32.9587, -60.69304",[''],0,,-32.9587,-60.69304,55.0,538.0,Municipio Rosario,Municipio,Rosario,820210,Servicio de Catastro e Información Territorial,IGN
2019,10518,2019-01-17,Jueves,,06:35:00,,0.0,1,Moto/Ciclomotor, ,1,1,0,0,0,0,0,"-32.9587, -60.69304",S/D,,ROSARIO,Rosario,S/D,S/D,II,S/D,S/D,S/D,S/D,S/D,S/D,S/D,Nocturna,S/D,S/D,S/D,S/D,S/D,S/D,S/D,S/D,"-32.9587, -60.69304",[''],0,,-32.9587,-60.69304,55.0,538.0,Municipio Rosario,Municipio,Rosario,820210,Servicio de Catastro e Información Territorial,IGN
2019,10519,2019-01-14,Lunes,,,,0.0,1,Bicicleta, ,1,0,0,0,0,0,1,"-32.9529, -60.69421",S/D,,ROSARIO,Rosario,S/D,S/D,II,S/D,S/D,S/D,S/D,S/D,S/D,S/D,S/D,S/D,S/D,S/D,S/D,S/D,S/D,S/D,S/D,"-32.9529, -60.69421",[''],0,,-32.9529,-60.69421,55.0,538.0,Municipio Rosario,Municipio,Rosario,820210,Servicio de Catastro e Información Territorial,IGN
2019,10520,2019-01-14,Lunes,,,,0.0,1,Moto/Ciclomotor, ,1,0,0,0,0,0,1,"-32.95297, -60.69996",S/D,,ROSARIO,Rosario,S/D,S/D,II,S/D,S/D,S/D,S/D,S/D,S/D,S/D,S/D,S/D,S/D,S/D,S/D,S/D,S/D,S/D,S/D,"-32.95297, -60.69996",[''],0,,-32.95297,-60.69996,55.0,538.0,Municipio Rosario,Municipio,Rosario,820210,Servicio de Catastro e Información Territorial,IGN
2019,10521,2019-01-17,Jueves,,19:12:00,,0.0,1,Automóvil, ,1,1,0,0,0,0,0,"-32.9587, -60.69304",S/D,,ROSARIO,Rosario,S/D,S/D,II,S/D,S/D,S/D,S/D,S/D,S/D,S/D,Atardecer,S/D,S/D,S/D,S/D,S/D,S/D,S/D,S/D,"-32.9587, -60.69304",[''],0,,-32.9587,-60.69304,55.0,538.0,Municipio Rosario,Municipio,Rosario,820210,Servicio de Catastro e Información Territorial,IGN
2019,10522,2019-01-14,Lunes,,23:00:00,,0.0,1,Moto/Ciclomotor, ,1,1,0,0,0,0,0,"-32.95921, -60.69076",S/D,,ROSARIO,Rosario,S/D,S/D,II,S/D,S/D,S/D,S/D,S/D,S/D,S/D,S/D,S/D,S/D,S/D,S/D,S/D,S/D,S/D,S/D,"-32.95921, -60.69076",[''],0,,-32.95921,-60.69076,55.0,538.0,Municipio Rosario,Municipio,Rosario,820210,Servicio de Catastro e Información Territorial,IGN
2019,10523,2019-01-17,Jueves,,16:08:00,,0.0,1,Automóvil, ,1,1,0,0,0,0,0,"-32.9587, -60.69304",S/D,,ROSARIO,Rosario,S/D,S/D,II,S/D,S/D,S/D,S/D,S/D,Bueno,S/D,Diurna,S/D,S/D,S/D,S/D,S/D,S/D,S/D,S/D,"-32.9587, -60.69304",[''],0,,-32.9587,-60.69304,55.0,538.0,Municipio Rosario,Municipio,Rosario,820210,Servicio de Catastro e Información Territorial,IGN
2019,10524,2019-01-17,Jueves,,19:13:00,,0.0,1,Automóvil, ,1,1,0,0,0,0,0,"-32.9587, -60.69304",S/D,,ROSARIO,Rosario,S/D,S/D,II,S/D,S/D,S/D,S/D,S/D,S/D,S/D,Atardecer,S/D,S/D,S/D,S/D,S/D,S/D,S/D,S/D,"-32.9587, -60.69304",[''],0,,-32.9587,-60.69304,55.0,538.0,Municipio Rosario,Municipio,Rosario,820210,Servicio de Catastro e Información Territorial,IGN
2019,10525,2019-01-15,Martes,,21:30:00,,0.0,1,Moto/Ciclomotor, ,1,1,0,0,0,0,0,"-32.96029, -60.69616",S/D,,ROSARIO,Rosario,S/D,S/D,II,S/D,S/D,S/D,S/D,S/D,S/D,S/D,S/D,S/D,S/D,S/D,Caída ocupante,S/D,S/D,S/D,S/D,"-32.96029, -60.69616",[''],0,,-32.96029,-60.69616,55.0,538.0,Municipio Rosario,Municipio,Rosario,820210,Servicio de Catastro e Información Territorial,IGN
2019,10526,2019-01-17,Jueves,,19:20:00,,0.0,1,Bicicleta, ,1,1,0,0,0,0,0,"-32.9587, -60.69304",S/D,,ROSARIO,Rosario,S/D,S/D,II,S/D,S/D,S/D,S/D,S/D,S/D,S/D,Atardecer,S/D,S/D,S/D,S/D,S/D,S/D,S/D,S/D,"-32.9587, -60.69304",[''],0,,-32.9587,-60.69304,55.0,538.0,Municipio Rosario,Municipio,Rosario,820210,Servicio de Catastro e Información Territorial,IGN
2019,10527,2019-01-15,Martes,,,,0.0,1,Automóvil, ,1,0,0,0,0,0,1,"-32.95522, -60.69436",S/D,,ROSARIO,Rosario,S/D,S/D,II,S/D,S/D,S/D,S/D,S/D,S/D,S/D,S/D,S/D,S/D,S/D,S/D,S/D,S/D,S/D,S/D,"-32.95522, -60.69436",[''],0,,-32.95522,-60.69436,55.0,538.0,Municipio Rosario,Municipio,Rosario,820210,Servicio de Catastro e Información Territorial,IGN
2019,10528,2019-01-17,Jueves,,19:48:00,,0.0,1,Automóvil, ,1,0,0,0,0,0,1,"-32.9587, -60.69304",S/D,,ROSARIO,Rosario,S/D,S/D,II,S/D,S/D,S/D,S/D,S/D,S/D,S/D,Atardecer,S/D,S/D,S/D,S/D,S/D,S/D,S/D,S/D,"-32.9587, -60.69304",[''],0,,-32.9587,-60.69304,55.0,538.0,Municipio Rosario,Municipio,Rosario,820210,Servicio de Catastro e Información Territorial,IGN
2019,10529,2019-01-17,Jueves,,10:24:00,,0.0,1,Moto/Ciclomotor, ,1,0,1,0,0,0,0,"-32.9587, -60.69304",S/D,,ROSARIO,Rosario,S/D,S/D,II,S/D,S/D,S/D,S/D,S/D,S/D,S/D,Diurna,S/D,S/D,S/D,S/D,S/D,S/D,S/D,S/D,"-32.9587, -60.69304",[''],0,,-32.9587,-60.69304,55.0,538.0,Municipio Rosario,Municipio,Rosario,820210,Servicio de Catastro e Información Territorial,IGN
2019,10530,2019-01-15,Martes,,,,0.0,1,Automóvil, ,1,0,0,0,0,0,1,"-32.96004, -60.68548",S/D,,ROSARIO,Rosario,S/D,S/D,II,S/D,S/D,S/D,S/D,S/D,S/D,S/D,S/D,S/D,S/D,S/D,S/D,S/D,S/D,S/D,S/D,"-32.96004, -60.68548",[''],0,,-32.96004,-60.68548,55.0,538.0,Municipio Rosario,Municipio,Rosario,820210,Servicio de Catastro e Información Territorial,IGN
2019,10531,2019-01-17,Jueves,,11:20:00,,0.0,1,Moto/Ciclomotor, ,1,0,1,0,0,0,0,"-32.9587, -60.69304",S/D,,ROSARIO,Rosario,S/D,S/D,II,S/D,S/D,S/D,S/D,S/D,S/D,S/D,Diurna,S/D,S/D,S/D,S/D,S/D,S/D,S/D,S/D,"-32.9587, -60.69304",[''],0,,-32.9587,-60.69304,55.0,538.0,Municipio Rosario,Municipio,Rosario,820210,Servicio de Catastro e Información Territorial,IGN
2019,10532,2019-01-15,Martes,,,,0.0,1,Moto/Ciclomotor, ,1,0,0,0,0,0,1,"-32.95398, -60.69123",S/D,,ROSARIO,Rosario,S/D,S/D,II,S/D,S/D,S/D,S/D,S/D,S/D,S/D,S/D,S/D,S/D,S/D,S/D,S/D,S/D,S/D,S/D,"-32.95398, -60.69123",[''],0,,-32.95398,-60.69123,55.0,538.0,Municipio Rosario,Municipio,Rosario,820210,Servicio de Catastro e Información Territorial,IGN
2019,10534,2019-01-15,Martes,,,,0.0,1,Moto/Ciclomotor, ,1,0,0,0,0,0,1,"-32.95196, -60.69681",S/D,,ROSARIO,Rosario,S/D,S/D,II,S/D,S/D,S/D,S/D,S/D,S/D,S/D,S/D,S/D,S/D,S/D,S/D,S/D,S/D,S/D,S/D,"-32.95196, -60.69681",[''],0,,-32.95196,-60.69681,55.0,538.0,Municipio Rosario,Municipio,Rosario,820210,Servicio de Catastro e Información Territorial,IGN
2019,10535,2019-01-15,Martes,,,,0.0,1,Moto/Ciclomotor, ,1,0,0,0,0,0,1,"-32.95292, -60.69678",S/D,,ROSARIO,Rosario,S/D,S/D,II,S/D,S/D,S/D,S/D,S/D,S/D,S/D,S/D,S/D,S/D,S/D,S/D,S/D,S/D,S/D,S/D,"-32.95292, -60.69678",[''],0,,-32.95292,-60.69678,55.0,538.0,Municipio Rosario,Municipio,Rosario,820210,Servicio de Catastro e Información Territorial,IGN
2019,10536,2019-01-15,Martes,,,,0.0,1,Moto/Ciclomotor, ,1,0,0,0,0,0,1,"-32.95466, -60.68891",S/D,,ROSARIO,Rosario,S/D,S/D,II,S/D,S/D,S/D,S/D,S/D,S/D,S/D,S/D,S/D,S/D,S/D,S/D,S/D,S/D,S/D,S/D,"-32.95466, -60.68891",[''],0,,-32.95466,-60.68891,55.0,538.0,Municipio Rosario,Municipio,Rosario,820210,Servicio de Catastro e Información Territorial,IGN
2019,10537,2019-01-15,Martes,,,,0.0,1,Moto/Ciclomotor, ,1,0,0,0,0,0,1,"-32.96585, -60.67735",S/D,,ROSARIO,Rosario,S/D,S/D,II,S/D,S/D,S/D,S/D,S/D,S/D,S/D,S/D,S/D,S/D,S/D,S/D,S/D,S/D,S/D,S/D,"-32.96585, -60.67735",[''],0,,-32.96585,-60.67735,55.0,538.0,Municipio Rosario,Municipio,Rosario,820210,Servicio de Catastro e Información Territorial,IGN
2019,10538,2019-01-15,Martes,,,,0.0,1,Moto/Ciclomotor, ,1,0,0,0,0,0,1,"-32.95727, -60.68076",S/D,,ROSARIO,Rosario,S/D,S/D,II,S/D,S/D,S/D,S/D,S/D,S/D,S/D,S/D,S/D,S/D,S/D,S/D,S/D,S/D,S/D,S/D,"-32.95727, -60.68076",[''],0,,-32.95727,-60.68076,55.0,538.0,Municipio Rosario,Municipio,Rosario,820210,Servicio de Catastro e Información Territorial,IGN
2019,10539,2019-01-15,Martes,,,,0.0,1,Moto/Ciclomotor, ,1,1,0,0,0,0,0,"-32.9545, -60.69671",S/D,,ROSARIO,Rosario,S/D,S/D,II,S/D,S/D,S/D,S/D,S/D,S/D,S/D,S/D,S/D,S/D,S/D,S/D,S/D,S/D,S/D,S/D,"-32.9545, -60.69671",[''],0,,-32.9545,-60.69671,55.0,538.0,Municipio Rosario,Municipio,Rosario,820210,Servicio de Catastro e Información Territorial,IGN
2019,10540,2019-01-15,Martes,,,,0.0,1,Moto/Ciclomotor, ,1,0,1,0,0,0,0,"-32.96676, -60.67488",Avenida,,ROSARIO,Rosario,S/D,S/D,II,S/D,S/D,S/D,S/D,S/D,S/D,S/D,S/D,S/D,S/D,S/D,S/D,S/D,S/D,S/D,S/D,"-32.96676, -60.67488",[''],0,,-32.96676,-60.67488,55.0,538.0,Municipio Rosario,Municipio,Rosario,820210,Servicio de Catastro e Información Territorial,IGN