anio_acci,nro_acci,fecha,desc_dia,fecha_aprox,hora_aprox,desc_ruta,km,cant_participantes,desc_participante,calle_avenida_km,total,heridos_leves,heridos_graves,heridos_gravisimos,ilesos,fallecidos,sin_datos,posicion_XY,desc_tipo_via,desc_ruta_ori,desc_loc,desc_dpto,desc_tipo_calzada,desc_tipo_banquina,desc_unidad_regional,desc_lugar_calzada,desc_zona,desc_prioridad,desc_estado_semaforo,desc_lugar_via,desc_estado_via,desc_estado_visibilidad,desc_luminosidad,desc_estado_clima,desc_tipo_colision,desc_tipo_atropello,desc_tipo_hecho,desc_pres_calzada,desc_senializacion,desc_separacion_via,desc_restriccion,forma_geocod,calle_lista,numero_calles,calles_osm,lat,lon,index_right,gid,fna,gna,nam,in1,fdc,sag
2019,10541,2019-01-15,Martes,,09:00:00,,0.0,1,Moto/Ciclomotor, ,1,1,0,0,0,0,0,"-32.95387, -60.68915",S/D,,ROSARIO,Rosario,S/D,S/D,II,S/D,S/D,S/D,S/D,S/D,S/D,S/D,S/D,S/D,S/D,S/D,S/D,S/D,S/D,S/D,S/D,"-32.95387, -60.68915",[''],0,,-32.95387,-60.68915,55.0,538.0,Municipio Rosario,Municipio,Rosario,820210,Servicio de Catastro e Información Territorial,IGN
2019,10542,2019-01-17,Jueves,,11:23:00,,0.0,1,Moto/Ciclomotor, ,1,0,0,0,0,0,1,"-32.9587, -60.69304",S/D,,ROSARIO,Rosario,S/D,S/D,II,S/D,S/D,S/D,S/D,S/D,S/D,S/D,Diurna,S/D,S/D,S/D,S/D,S/D,S/D,S/D,S/D,"-32.9587, -60.69304",[''],0,,-32.9587,-60.69304,55.0,538.0,Municipio Rosario,Municipio,Rosario,820210,Servicio de Catastro e Información Territorial,IGN
2019,10543,2019-01-17,Jueves,,23:45:00,,0.0,1,Moto/Ciclomotor, ,1,1,0,0,0,0,0,"-32.9587, -60.69304",S/D,,ROSARIO,Rosario,S/D,S/D,II,S/D,S/D,S/D,S/D,S/D,S/D,S/D,Nocturna,S/D,S/D,S/D,S/D,S/D,S/D,S/D,S/D,"-32.9587, -60.69304",[''],0,,-32.9587,-60.69304,55.0,538.0,Municipio Rosario,Municipio,Rosario,820210,Servicio de Catastro e Información Territorial,IGN
2019,10544,2019-01-15,Martes,,,,0.0,1,Moto/Ciclomotor, ,1,0,0,0,0,0,1,"-32.95059, -60.69942",S/D,,ROSARIO,Rosario,S/D,S/D,II,S/D,S/D,S/D,S/D,S/D,S/D,S/D,S/D,S/D,S/D,S/D,S/D,S/D,S/D,S/D,S/D,"-32.95059, -60.69942",[''],0,,-32.95059,-60.69942,55.0,538.0,Municipio Rosario,Municipio,Rosario,820210,Servicio de Catastro e Información Territorial,IGN
2019,10545,2019-01-17,Jueves,,12:33:00,,0.0,1,Moto/Ciclomotor, ,1,0,0,0,0,0,1,"-32.9587, -60.69304",S/D,,ROSARIO,Rosario,S/D,S/D,II,S/D,S/D,S/D,S/D,S/D,S/D,S/D,Diurna,S/D,S/D,S/D,S/D,S/D,S/D,S/D,S/D,"-32.9587, -60.69304",[''],0,,-32.9587,-60.69304,55.0,538.0,Municipio Rosario,Municipio,Rosario,820210,Servicio de Catastro e Información Territorial,IGN
2019,10546,2019-01-15,Martes,,,,0.0,1,Bicicleta, ,1,0,0,0,0,0,1,"-32.9528, -60.69315",S/D,,ROSARIO,Rosario,S/D,S/D,II,S/D,S/D,S/D,S/D,S/D,S/D,S/D,S/D,S/D,S/D,S/D,S/D,S/D,S/D,S/D,S/D,"-32.9528, -60.69315",[''],0,,-32.9528,-60.69315,55.0,538.0,Municipio Rosario,Municipio,Rosario,820210,Servicio de Catastro e Información Territorial,IGN
2019,10548,2019-01-17,Jueves,,13:30:00,,0.0,1,Peatón, ,1,0,0,0,0,0,1,"-32.9587, -60.69304",S/D,,ROSARIO,Rosario,S/D,S/D,II,S/D,S/D,S/D,S/D,S/D,S/D,S/D,Diurna,S/D,S/D,S/D,S/D,S/D,S/D,S/D,S/D,"-32.9587, -60.69304",[''],0,,-32.9587,-60.69304,55.0,538.0,Municipio Rosario,Municipio,Rosario,820210,Servicio de Catastro e Información Territorial,IGN
2019,10549,2019-01-18,Viernes,,12:22:00,,0.0,1,Otros, ,1,1,0,0,0,0,0,"-32.9587, -60.69304",S/D,,ROSARIO,Rosario,S/D,S/D,II,S/D,S/D,S/D,S/D,S/D,S/D,S/D,Diurna,S/D,S/D,S/D,S/D,S/D,S/D,S/D,S/D,"-32.9587, -60.69304",[''],0,,-32.9587,-60.69304,55.0,538.0,Municipio Rosario,Municipio,Rosario,820210,Servicio de Catastro e Información Territorial,IGN
2019,10550,2019-01-18,Viernes,,12:24:00,,0.0,1,Automóvil, ,4,3,0,0,0,0,1,"-32.9587, -60.69304",S/D,,ROSARIO,Rosario,S/D,S/D,II,S/D,S/D,S/D,S/D,S/D,S/D,S/D,Diurna,S/D,S/D,S/D,S/D,S/D,S/D,S/D,S/D,"-32.9587, -60.69304",[''],0,,-32.9587,-60.69304,55.0,538.0,Municipio Rosario,Municipio,Rosario,820210,Servicio de Catastro e Información Territorial,IGN
2019,10551,2019-01-18,Viernes,,18:33:00,,0.0,1,Moto/Ciclomotor, ,1,1,0,0,0,0,0,"-32.9587, -60.69304",S/D,,ROSARIO,Rosario,S/D,S/D,II,S/D,S/D,S/D,S/D,S/D,S/D,S/D,Atardecer,S/D,S/D,S/D,S/D,S/D,S/D,S/D,S/D,"-32.9587, -60.69304",[''],0,,-32.9587,-60.69304,55.0,538.0,Municipio Rosario,Municipio,Rosario,820210,Servicio de Catastro e Información Territorial,IGN
2019,10552,2019-01-18,Viernes,,18:38:00,,0.0,1,Moto/Ciclomotor, ,1,1,0,0,0,0,0,"-32.9587, -60.69304",S/D,,ROSARIO,Rosario,S/D,S/D,II,S/D,S/D,S/D,S/D,S/D,S/D,S/D,Atardecer,S/D,S/D,S/D,S/D,S/D,S/D,S/D,S/D,"-32.9587, -60.69304",[''],0,,-32.9587,-60.69304,55.0,538.0,Municipio Rosario,Municipio,Rosario,820210,Servicio de Catastro e Información Territorial,IGN
2019,10553,2019-01-18,Viernes,,19:50:00,,0.0,1,Moto/Ciclomotor, ,1,1,0,0,0,0,0,"-32.9587, -60.69304",S/D,,ROSARIO,Rosario,S/D,S/D,II,S/D,S/D,S/D,S/D,S/D,S/D,S/D,Nocturna,S/D,S/D,S/D,S/D,S/D,S/D,S/D,S/D,"-32.9587, -60.69304",[''],0,,-32.9587,-60.69304,55.0,538.0,Municipio Rosario,Municipio,Rosario,820210,Servicio de Catastro e Información Territorial,IGN
2019,10554,2019-01-18,Viernes,,18:09:00,,0.0,1,Moto/Ciclomotor,G.Carrasco ,1,1,0,0,0,0,0,"-32.92038, -60.69134",Calle,,ROSARIO,Rosario,S/D,S/D,II,S/D,Urbana,S/D,S/D,S/D,S/D,S/D,Atardecer,S/D,S/D,S/D,S/D,S/D,S/D,S/D,S/D,"-32.92038, -60.69134",['G Carrasco'],1,,-32.92038,-60.69134,55.0,538.0,Municipio Rosario,Municipio,Rosario,820210,Servicio de Catastro e Información Territorial,IGN
2019,10555,2019-01-18,Viernes,,22:00:00,,0.0,1,Bicicleta, ,1,1,0,0,0,0,0,"-32.95871, -60.69303",S/D,,ROSARIO,Rosario,S/D,S/D,II,S/D,S/D,S/D,S/D,S/D,S/D,S/D,Nocturna,S/D,S/D,S/D,S/D,S/D,S/D,S/D,S/D,"-32.95871, -60.69303",[''],0,,-32.95871,-60.69303,55.0,538.0,Municipio Rosario,Municipio,Rosario,820210,Servicio de Catastro e Información Territorial,IGN
2019,10556,2019-01-18,Viernes,,15:00:00,,0.0,1,Moto/Ciclomotor, ,1,0,0,0,0,0,1,"-32.95871, -60.69303",S/D,,ROSARIO,Rosario,S/D,S/D,II,S/D,S/D,S/D,S/D,S/D,S/D,S/D,Diurna,S/D,S/D,S/D,S/D,S/D,S/D,S/D,S/D,"-32.95871, -60.69303",[''],0,,-32.95871,-60.69303,55.0,538.0,Municipio Rosario,Municipio,Rosario,820210,Servicio de Catastro e Información Territorial,IGN
2019,10557,2019-01-18,Viernes,,15:04:00,,0.0,1,Moto/Ciclomotor, ,1,0,0,0,0,0,1,"-32.95871, -60.69303",S/D,,ROSARIO,Rosario,S/D,S/D,II,S/D,S/D,S/D,S/D,S/D,S/D,S/D,Diurna,S/D,S/D,S/D,S/D,S/D,S/D,S/D,S/D,"-32.95871, -60.69303",[''],0,,-32.95871,-60.69303,55.0,538.0,Municipio Rosario,Municipio,Rosario,820210,Servicio de Catastro e Información Territorial,IGN
2019,10558,2019-01-18,Viernes,,17:52:00,,0.0,1,Moto/Ciclomotor, ,1,0,0,0,0,0,1,"-32.95871, -60.69303",S/D,,ROSARIO,Rosario,S/D,S/D,II,S/D,S/D,S/D,S/D,S/D,S/D,S/D,Diurna,S/D,S/D,S/D,S/D,S/D,S/D,S/D,S/D,"-32.95871, -60.69303",[''],0,,-32.95871,-60.69303,55.0,538.0,Municipio Rosario,Municipio,Rosario,820210,Servicio de Catastro e Información Territorial,IGN
2019,10559,2019-01-18,Viernes,,17:55:00,,0.0,1,Moto/Ciclomotor, ,1,0,0,0,0,0,1,"-32.95871, -60.69303",S/D,,ROSARIO,Rosario,S/D,S/D,II,S/D,S/D,S/D,S/D,S/D,S/D,S/D,Atardecer,S/D,S/D,S/D,S/D,S/D,S/D,S/D,S/D,"-32.95871, -60.69303",[''],0,,-32.95871,-60.69303,55.0,538.0,Municipio Rosario,Municipio,Rosario,820210,Servicio de Catastro e Información Territorial,IGN
2019,10560,2019-01-18,Viernes,,19:42:00,,0.0,1,Moto/Ciclomotor, ,1,1,0,0,0,0,0,"-32.95871, -60.69303",S/D,,ROSARIO,Rosario,S/D,S/D,II,S/D,S/D,S/D,S/D,S/D,S/D,S/D,Atardecer,S/D,S/D,S/D,S/D,S/D,S/D,S/D,S/D,"-32.95871, -60.69303",[''],0,,-32.95871,-60.69303,55.0,538.0,Municipio Rosario,Municipio,Rosario,820210,Servicio de Catastro e Información Territorial,IGN
2019,10561,2019-01-18,Viernes,,20:10:00,,0.0,1,Peatón, ,1,0,0,0,0,0,1,"-32.95871, -60.69303",S/D,,ROSARIO,Rosario,S/D,S/D,I,S/D,S/D,S/D,S/D,S/D,S/D,S/D,Nocturna,S/D,S/D,S/D,S/D,S/D,S/D,S/D,S/D,"-32.95871, -60.69303",[''],0,,-32.95871,-60.69303,55.0,538.0,Municipio Rosario,Municipio,Rosario,820210,Servicio de Catastro e Información Territorial,IGN
2019,10562,2019-01-18,Viernes,,22:25:00,,0.0,1,Moto/Ciclomotor, ,1,0,0,0,0,0,1,"-32.95871, -60.69303",S/D,,ROSARIO,Rosario,S/D,S/D,II,S/D,S/D,S/D,S/D,S/D,S/D,S/D,Nocturna,S/D,S/D,S/D,S/D,S/D,S/D,S/D,S/D,"-32.95871, -60.69303",[''],0,,-32.95871,-60.69303,55.0,538.0,Municipio Rosario,Municipio,Rosario,820210,Servicio de Catastro e Información Territorial,IGN
2019,10606,2019-11-07,Jueves,,,,0.0,2,"Tren,Peatón", ,2,0,1,0,1,0,0,"-32.8961281478405,-60.7188908010721",S/D,,ROSARIO,Rosario,S/D,No existe,II,Dentro,Urbana,Ninguna,No existe,Paso a Nivel FFCC,Bueno,Buena,S/D,Buen Tiempo,S/D,Peatón,Atropello,Ninguna,S/D,Ninguna,Sin restricción,"-32.8961281478405,-60.7188908010721",[''],0,,-32.8961281478405,-60.7188908010721,55.0,538.0,Municipio Rosario,Municipio,Rosario,820210,Servicio de Catastro e Información Territorial,IGN
2019,10629,2019-11-17,Domingo,,22:00:00,,0.0,2,"Moto/Ciclomotor,Taxi/Remis",Garibaldi Y San Martin,3,0,2,0,1,0,0,"-32.986384071075,-60.645694842802",Calle,,ROSARIO,Rosario,Asfalto,No existe,II,Dentro,Urbana,Paso Peatonal,No existe,Intersección,Bueno,Buena,"Nocturna,Con luz artificial",Buen Tiempo,Lateral,S/D,Colisión,Ninguna,"Horizontal,Vertical","Cordón divisorio,Línea divisoria pintada",Sin restricción,"-32.986384071075,-60.645694842802","['José Garibaldi', 'San Martin']",2,,-32.986384071075,-60.645694842802,55.0,538.0,Municipio Rosario,Municipio,Rosario,820210,Servicio de Catastro e Información Territorial,IGN
2019,10631,2019-01-19,Sabado,,03:45:00,,0.0,1,Moto/Ciclomotor,1 de Mayo ,1,1,0,0,0,0,0,"-32.96908, -60.63496",Calle,,ROSARIO,Rosario,S/D,S/D,II,S/D,Urbana,S/D,S/D,S/D,S/D,S/D,Nocturna,S/D,S/D,S/D,S/D,S/D,S/D,S/D,S/D,"-32.96908, -60.63496",['Primero de Mayo'],1,,-32.96908,-60.63496,55.0,538.0,Municipio Rosario,Municipio,Rosario,820210,Servicio de Catastro e Información Territorial,IGN
2019,10632,2019-01-19,Sabado,,06:59:00,,0.0,1,Otros, ,1,1,0,0,0,0,0,"-32.95871, -60.69303",S/D,,ROSARIO,Rosario,S/D,S/D,II,S/D,S/D,S/D,S/D,S/D,S/D,S/D,Amanecer,S/D,S/D,S/D,S/D,S/D,S/D,S/D,S/D,"-32.95871, -60.69303",[''],0,,-32.95871,-60.69303,55.0,538.0,Municipio Rosario,Municipio,Rosario,820210,Servicio de Catastro e Información Territorial,IGN
2019,10633,2019-01-19,Sabado,,14:41:00,,0.0,2,"Moto/Ciclomotor,Bicicleta",Francia F Y Galvez,2,1,0,0,0,0,1,"-32.96386, -60.67124",Calle,,ROSARIO,Rosario,S/D,S/D,II,S/D,Urbana,S/D,S/D,Intersección,S/D,S/D,Diurna,S/D,S/D,Ciclista,Atropello,S/D,S/D,S/D,S/D,"-32.96386, -60.67124","['Avenida Francia', 'Galvez']",2,,-32.96386,-60.67124,55.0,538.0,Municipio Rosario,Municipio,Rosario,820210,Servicio de Catastro e Información Territorial,IGN
2019,10634,2019-01-22,Martes,,13:00:00,,0.0,1,Moto/Ciclomotor,Av. Eva Peron Y Guatemala,1,1,0,0,0,0,0,"-32.93221, -60.71766",Calle,,ROSARIO,Rosario,S/D,S/D,II,S/D,Urbana,S/D,S/D,Intersección,S/D,S/D,Diurna,S/D,S/D,S/D,S/D,S/D,S/D,S/D,S/D,"-32.93221, -60.71766","['Avenida Eva Perón', 'Guatemala']",2,,-32.93221,-60.71766,55.0,538.0,Municipio Rosario,Municipio,Rosario,820210,Servicio de Catastro e Información Territorial,IGN
2019,10635,2019-01-23,Miercoles,,07:45:00,,0.0,2,"Bicicleta,Taxi/Remis",Junin ,2,1,0,0,0,0,1,"-32.92754, -60.72256",Calle,,ROSARIO,Rosario,S/D,S/D,II,S/D,Urbana,S/D,S/D,Intersección,S/D,S/D,Diurna,S/D,S/D,Ciclista,Atropello,S/D,S/D,S/D,S/D,"-32.92754, -60.72256",['Junín'],1,,-32.92754,-60.72256,55.0,538.0,Municipio Rosario,Municipio,Rosario,820210,Servicio de Catastro e Información Territorial,IGN
2019,10699,2019-04-25,Jueves,,19:30:00,,0.0,1,Moto/Ciclomotor,Cafferata Y Salta,1,1,0,0,0,0,0,"-32.933575, -60.669291",Calle,,ROSARIO,Rosario,Asfalto,No existe,II,Dentro,Urbana,Ninguna,No existe,Intersección,Bueno,Buena,Atardecer,Buen Tiempo,S/D,S/D,Colisión,Ninguna,Faltante,Ninguna,Sin restricción,"-32.933575, -60.669291","['Cafferata', 'Salta']",2,,-32.933575,-60.669291,55.0,538.0,Municipio Rosario,Municipio,Rosario,820210,Servicio de Catastro e Información Territorial,IGN
2019,10700,2019-04-25,Jueves,,19:30:00,,0.0,2,"Peatón,Otros",Bv. Avellaneda Y Mendoza,2,1,0,0,0,0,1,"-32.944240, -60.680512",Avenida,,ROSARIO,Rosario,Asfalto,No existe,II,Dentro,Urbana,Semáforo,Funciona,Intersección,Bueno,Buena,Diurna,Buen Tiempo,S/D,Peatón,Atropello,Ninguna,"Horizontal,Vertical","Cordón divisorio,Vegetación",Sin restricción,"-32.944240, -60.680512","['Avellaneda', 'Mendoza']",2,,-32.94424,-60.680512,55.0,538.0,Municipio Rosario,Municipio,Rosario,820210,Servicio de Catastro e Información Territorial,IGN
2019,10701,2019-11-26,Martes,,17:20:00,,0.0,2,"Otros,Bicicleta",Ayolas Y Buenos Aires,2,1,0,0,0,0,1,"-32.977750730907,-60.64033306184",Calle,,ROSARIO,Rosario,Asfalto,No existe,II,Dentro,Urbana,Semáforo,Funciona,Intersección,Bueno,Buena,Diurna,Buen Tiempo,S/D,Ciclista,Atropello,Ninguna,"Horizontal,Vertical",Ninguna,Sin restricción,"-32.977750730907,-60.64033306184","['Ayolas', 'Buenos Aires']",2,,-32.977750730907,-60.64033306184,55.0,538.0,Municipio Rosario,Municipio,Rosario,820210,Servicio de Catastro e Información Territorial,IGN
2019,10703,2019-11-07,Jueves,,,,0.0,2,"Otros,Peatón",Salvat Y Polledo,2,0,0,1,0,0,1,"-32.88324415227,-60.720722902244",Calle,,ROSARIO,Rosario,"Asfalto,Tierra",No existe,II,Dentro,Urbana,Ninguna,No existe,Intersección,Bueno,Buena,Diurna,Buen Tiempo,S/D,Peatón,Atropello,Ninguna,Faltante,Cordón divisorio,Sin restricción,"-32.88324415227,-60.720722902244","['Salvat', 'Polledo']",2,,-32.88324415227,-60.720722902244,55.0,538.0,Municipio Rosario,Municipio,Rosario,820210,Servicio de Catastro e Información Territorial,IGN
2019,10704,2019-11-13,Miercoles,,05:30:00,,0.0,1,Moto/Ciclomotor,Cordoba Y Sarmiento,1,1,0,0,0,0,0,"-32.946436909086,-60.638201588607",Calle,,ROSARIO,Rosario,Asfalto,No existe,II,Dentro,Urbana,Ninguna,No existe,Intersección,Bueno,Buena,Diurna,Buen Tiempo,S/D,S/D,Colisión,Ninguna,Faltante,Ninguna,Sin restricción,"-32.946436909086,-60.638201588607","['Córdoba', 'Sarmiento']",2,,-32.946436909086,-60.638201588607,55.0,538.0,Municipio Rosario,Municipio,Rosario,820210,Servicio de Catastro e Información Territorial,IGN
2019,10705,2019-04-21,Domingo,,21:00:00,,0.0,1,Moto/Ciclomotor, ,1,0,1,0,0,0,0,"-32.952039, -60.670352",S/D,,ROSARIO,Rosario,S/D,S/D,II,S/D,S/D,S/D,S/D,S/D,S/D,S/D,S/D,S/D,S/D,S/D,Colisión,S/D,S/D,S/D,S/D,"-32.952039, -60.670352",[''],0,,-32.952039,-60.670352,55.0,538.0,Municipio Rosario,Municipio,Rosario,820210,Servicio de Catastro e Información Territorial,IGN
2019,10706,2019-05-13,Lunes,,14:41:00,,0.0,1,Moto/Ciclomotor,Rodriguez Y Tucuman,1,1,0,0,0,0,0,"-32.938125, -60.657567",Calle,,ROSARIO,Rosario,Asfalto,No existe,II,Dentro,Urbana,Ninguna,No existe,Intersección,Bueno,S/D,Diurna,S/D,S/D,S/D,Colisión,Ninguna,Faltante,Ninguna,Sin restricción,"-32.938125, -60.657567","['Rodríguez', 'Tucumán']",2,,-32.938125,-60.657567,55.0,538.0,Municipio Rosario,Municipio,Rosario,820210,Servicio de Catastro e Información Territorial,IGN
2019,10707,2019-05-23,Jueves,,21:00:00,,0.0,1,Moto/Ciclomotor,Av. Pellegrini Y Constitucion,1,1,0,0,0,0,0,"-32.950926, -60.676456",Avenida,,ROSARIO,Rosario,Asfalto,No existe,II,Dentro,Urbana,Semáforo,Funciona,Recta,S/D,Buena,"Nocturna,Con luz artificial",Buen Tiempo,S/D,S/D,Colisión,S/D,"Horizontal,Vertical",Ninguna,Sin restricción,"-32.950926, -60.676456","['Pellegrini', 'Constitución']",2,,-32.950926,-60.676456,55.0,538.0,Municipio Rosario,Municipio,Rosario,820210,Servicio de Catastro e Información Territorial,IGN
2019,10708,2019-05-24,Viernes,,19:40:00,,0.0,1,Automóvil,Bv. Segui Y Mariano Moreno,1,1,0,0,0,0,0,"-32.976899, -60.658856",Avenida,,ROSARIO,Rosario,Asfalto,No existe,II,Dentro,Urbana,Ninguna,No existe,S/D,Bueno,S/D,Atardecer,S/D,S/D,S/D,Colisión,Ninguna,Faltante,"Cordón divisorio,Vegetación",Sin restricción,"-32.976899, -60.658856","['Bulevar Juan Francisco Seguí', 'Mariano Moreno']",2,,-32.976899,-60.658856,55.0,538.0,Municipio Rosario,Municipio,Rosario,820210,Servicio de Catastro e Información Territorial,IGN
2019,10709,2019-08-01,Jueves,,17:15:00,,0.0,1,Moto/Ciclomotor,España Y Garibaldi,2,2,0,0,0,0,0,"-32.984477, -60.656462",Calle,,ROSARIO,Rosario,Asfalto,No existe,II,Dentro,Urbana,Ninguna,No existe,Intersección,Bueno,Buena,Diurna,Buen Tiempo,S/D,S/D,Colisión,Ninguna,Faltante,Ninguna,Sin restricción,"-32.984477, -60.656462","['España', 'José Garibaldi']",2,,-32.984477,-60.656462,55.0,538.0,Municipio Rosario,Municipio,Rosario,820210,Servicio de Catastro e Información Territorial,IGN
2019,10710,2019-08-04,Domingo,,19:00:00,,0.0,1,Moto/Ciclomotor,F.More Y Ocampo,1,0,1,0,0,0,0,"-32.957533, -60.693087",Calle,,ROSARIO,Rosario,"Asfalto,Tierra",No existe,II,Dentro,Urbana,Ninguna,No existe,Intersección,Bueno,S/D,Diurna,S/D,S/D,S/D,Colisión,Ninguna,Faltante,Ninguna,Sin restricción,"-32.957533, -60.693087","['Felipe Moré', 'Ocampo']",2,,-32.957533,-60.693087,55.0,538.0,Municipio Rosario,Municipio,Rosario,820210,Servicio de Catastro e Información Territorial,IGN
2019,10712,2019-08-05,Lunes,,23:00:00,,0.0,1,Peatón,Washington ,1,1,0,0,0,0,0,"-32.902453, -60.695657",Calle,,ROSARIO,Rosario,Asfalto,S/D,II,Dentro,Urbana,Otra Señal,No existe,Paso a Nivel FFCC,Bueno,S/D,Nocturna,S/D,S/D,Peatón,Atropello,S/D,Vertical,Ninguna,S/D,"-32.902453, -60.695657",['Washington'],1,,-32.902453,-60.695657,55.0,538.0,Municipio Rosario,Municipio,Rosario,820210,Servicio de Catastro e Información Territorial,IGN
2019,10713,2019-08-17,Sabado,,20:24:00,,0.0,1,Moto/Ciclomotor,Rivarola ,1,1,0,0,0,0,0,"-32.966505, -60.733060",Calle,,ROSARIO,Rosario,Asfalto,No existe,II,Dentro,Urbana,S/D,S/D,Recta,Bueno,Buena,"Nocturna,Con luz artificial",S/D,S/D,S/D,Colisión,S/D,S/D,Ninguna,S/D,"-32.966505, -60.733060",['Rivarola'],1,,-32.966505,-60.73306,55.0,538.0,Municipio Rosario,Municipio,Rosario,820210,Servicio de Catastro e Información Territorial,IGN
2019,10714,2019-08-18,Domingo,,13:00:00,,0.0,1,Moto/Ciclomotor,Crespo Y Comodoro Rivadavia,1,1,0,0,0,0,0,"-32.988625, -60.680258",Calle,,ROSARIO,Rosario,Asfalto,No existe,II,Dentro,Urbana,Ninguna,No existe,Intersección,S/D,S/D,Diurna,S/D,S/D,S/D,Colisión,S/D,Faltante,Ninguna,Sin restricción,"-32.988625, -60.680258","['Crespo', 'Comodoro Rivadavia']",2,,-32.988625,-60.680258,55.0,538.0,Municipio Rosario,Municipio,Rosario,820210,Servicio de Catastro e Información Territorial,IGN
2019,10715,2019-08-20,Martes,,18:34:00,,0.0,1,Automóvil,Pje. 1740 ,1,1,0,0,0,0,0,"-32.961280, -60.633894",Calle,,ROSARIO,Rosario,Asfalto,No existe,II,Dentro,Urbana,S/D,No existe,Recta,Bueno,Buena,Diurna,S/D,S/D,S/D,Colisión,S/D,Faltante,S/D,S/D,"-32.961280, -60.633894",['Pasaje 1740'],1,,-32.96128,-60.633894,55.0,538.0,Municipio Rosario,Municipio,Rosario,820210,Servicio de Catastro e Información Territorial,IGN
2019,10717,2019-08-21,Miercoles,,18:34:00,,0.0,1,Peatón,Ayacucho Y Dean Funes,1,1,0,0,0,0,0,"-32.977662, -60.634221",Calle,,ROSARIO,Rosario,Asfalto,No existe,II,Dentro,Urbana,S/D,No existe,Intersección,Bueno,S/D,Diurna,S/D,S/D,Peatón,Atropello,S/D,Faltante,Ninguna,Sin restricción,"-32.977662, -60.634221","['Ayacucho', 'Deán Gregorio Funes']",2,,-32.977662,-60.634221,55.0,538.0,Municipio Rosario,Municipio,Rosario,820210,Servicio de Catastro e Información Territorial,IGN
2019,10718,2019-08-22,Jueves,,18:25:00,,0.0,1,Moto/Ciclomotor,La Paz ,1,1,0,0,0,0,0,"-32.964747, -60.639358",Calle,,ROSARIO,Rosario,Asfalto,No existe,II,Dentro,Urbana,S/D,S/D,Recta,S/D,S/D,S/D,S/D,S/D,S/D,Colisión,S/D,S/D,S/D,S/D,"-32.964747, -60.639358",['La Paz'],1,,-32.964747,-60.639358,55.0,538.0,Municipio Rosario,Municipio,Rosario,820210,Servicio de Catastro e Información Territorial,IGN
2019,10721,2019-09-05,Jueves,,18:30:00,,0.0,1,Moto/Ciclomotor,La Paz Y Lima,1,1,0,0,0,0,0,"-32.956092, -60.687721",Calle,,ROSARIO,Rosario,Asfalto,No existe,II,Dentro,Urbana,Ninguna,No existe,Intersección,Bueno,S/D,Diurna,S/D,S/D,S/D,Colisión,S/D,S/D,Ninguna,S/D,"-32.956092, -60.687721","['La Paz', 'Lima']",2,,-32.956092,-60.687721,55.0,538.0,Municipio Rosario,Municipio,Rosario,820210,Servicio de Catastro e Información Territorial,IGN
2019,10722,2019-09-14,Sabado,,21:20:00,,0.0,1,Moto/Ciclomotor,Derqui Y Mejico,1,1,0,0,0,0,0,"-32.938186, -60.718530",Calle,,ROSARIO,Rosario,Asfalto,S/D,II,Dentro,Urbana,S/D,No existe,Intersección,Bueno,Buena,"Nocturna,Con luz artificial",S/D,S/D,S/D,Colisión,S/D,Faltante,Ninguna,Sin restricción,"-32.938186, -60.718530","['Derqui', 'Mejico']",2,,-32.938186,-60.71853,55.0,538.0,Municipio Rosario,Municipio,Rosario,820210,Servicio de Catastro e Información Territorial,IGN
2019,10723,2019-09-20,Viernes,,15:30:00,,0.0,2,"Moto/Ciclomotor,Otros",Barra Y Pje. Lejarza,2,0,1,0,0,0,1,"-32.966770, -60.705791",Calle,,ROSARIO,Rosario,Asfalto,No existe,II,Dentro,Urbana,S/D,No existe,Intersección,Bueno,S/D,Diurna,S/D,S/D,S/D,Colisión,S/D,Vertical,Ninguna,S/D,"-32.966770, -60.705791","['Barra', 'Lejarza']",2,,-32.96677,-60.705791,55.0,538.0,Municipio Rosario,Municipio,Rosario,820210,Servicio de Catastro e Información Territorial,IGN
2019,10724,2019-09-26,Jueves,,18:32:00,,0.0,1,Moto/Ciclomotor,Santiago Y Reg.11 de Infanteria,2,2,0,0,0,0,0,"-32.999390, -60.667839",Calle,,ROSARIO,Rosario,Asfalto,No existe,II,Dentro,Urbana,S/D,S/D,Intersección,Bueno,S/D,Diurna,S/D,S/D,S/D,Colisión,S/D,Faltante,Ninguna,Sin restricción,"-32.999390, -60.667839","['Santiago', 'Regimiento 11']",2,,-32.99939,-60.667839,55.0,538.0,Municipio Rosario,Municipio,Rosario,820210,Servicio de Catastro e Información Territorial,IGN
2019,10725,2019-09-27,Viernes,,12:24:00,,0.0,1,Otros, ,1,0,1,0,0,0,0,"-32.957772, -60.661407",S/D,,ROSARIO,Rosario,S/D,S/D,II,S/D,S/D,S/D,S/D,S/D,S/D,S/D,Diurna,S/D,S/D,S/D,Colisión,S/D,S/D,S/D,S/D,"-32.957772, -60.661407",[''],0,,-32.957772,-60.661407,55.0,538.0,Municipio Rosario,Municipio,Rosario,820210,Servicio de Catastro e Información Territorial,IGN
2019,10726,2019-09-30,Lunes,,17:00:00,,0.0,2,"Moto/Ciclomotor,Moto/Ciclomotor",Bv. Oroño Y J.M.Gutierrez,2,2,0,0,0,0,0,"-32.994537, -60.665111",Avenida,,ROSARIO,Rosario,Asfalto,No existe,II,Dentro,Urbana,Semáforo,Funciona,Intersección,Bueno,S/D,Diurna,S/D,Lateral,S/D,Colisión,S/D,"Horizontal,Vertical","Cordón divisorio,Vegetación",Sin restricción,"-32.994537, -60.665111","['Bulevar Nicasio Oroño', 'Gutierrez']",2,,-32.994537,-60.665111,55.0,538.0,Municipio Rosario,Municipio,Rosario,820210,Servicio de Catastro e Información Territorial,IGN
2019,10729,2019-10-21,Lunes,,07:23:00,,0.0,1,Moto/Ciclomotor,Hilarion de la Quintana ,1,1,0,0,0,0,0,"-33.001099, -60.654163",Calle,,ROSARIO,Rosario,S/D,S/D,II,Dentro,Urbana,S/D,S/D,S/D,S/D,S/D,Diurna,S/D,S/D,S/D,Colisión,S/D,S/D,S/D,S/D,"-33.001099, -60.654163",['Hilarión de la Quintana'],1,,-33.001099,-60.654163,55.0,538.0,Municipio Rosario,Municipio,Rosario,820210,Servicio de Catastro e Información Territorial,IGN