anio_acci,nro_acci,fecha,desc_dia,fecha_aprox,hora_aprox,desc_ruta,km,cant_participantes,desc_participante,calle_avenida_km,total,heridos_leves,heridos_graves,heridos_gravisimos,ilesos,fallecidos,sin_datos,posicion_XY,desc_tipo_via,desc_ruta_ori,desc_loc,desc_dpto,desc_tipo_calzada,desc_tipo_banquina,desc_unidad_regional,desc_lugar_calzada,desc_zona,desc_prioridad,desc_estado_semaforo,desc_lugar_via,desc_estado_via,desc_estado_visibilidad,desc_luminosidad,desc_estado_clima,desc_tipo_colision,desc_tipo_atropello,desc_tipo_hecho,desc_pres_calzada,desc_senializacion,desc_separacion_via,desc_restriccion,forma_geocod,calle_lista,numero_calles,calles_osm,lat,lon,index_right,gid,fna,gna,nam,in1,fdc,sag
2019,10732,2019-12-22,Domingo,,17:45:00,,0.0,2,"Pickup/Utilitario,Moto/Ciclomotor",Santa Fe Y Liniers,2,0,0,0,1,1,0,"-32.93532,-60.69875",Calle,,ROSARIO,Rosario,Asfalto,No existe,II,Dentro,Urbana,Semáforo,Funciona,Intersección,Bueno,S/D,Diurna,S/D,Contra objeto fijo,S/D,Colisión,S/D,"Horizontal,Vertical","Ninguna,S/D",Sin restricción,"-32.93532,-60.69875","['Santa Fe', 'Liniers']",2,,-32.93532,-60.69875,55.0,538.0,Municipio Rosario,Municipio,Rosario,820210,Servicio de Catastro e Información Territorial,IGN
2019,10736,2019-12-07,Sabado,,01:20:00,,0.0,2,"Moto/Ciclomotor,Moto/Ciclomotor",Av. Eva Peron Y F.More,2,0,0,0,1,1,0,"-32.936480,-60.693580",Avenida,,ROSARIO,Rosario,Asfalto,Pavimento,II,Dentro,Urbana,Semáforo,Funciona,Intersección,Bueno,Buena,Nocturna,Buen Tiempo,Lateral,S/D,Colisión,Ninguna,S/D,Línea divisoria pintada,Sin restricción,"-32.936480,-60.693580","['Avenida Eva Perón', 'Felipe Moré']",2,,-32.93648,-60.69358,55.0,538.0,Municipio Rosario,Municipio,Rosario,820210,Servicio de Catastro e Información Territorial,IGN
2019,10738,2019-12-15,Domingo,,08:30:00,,0.0,2,"Automóvil,Moto/Ciclomotor",La Republica Y Av. Provincias Unidas Bis,3,1,0,0,0,1,1,"-32.91864,-60.71367",Avenida,,ROSARIO,Rosario,Asfalto,No existe,II,S/D,Urbana,Ninguna,No existe,Intersección,S/D,S/D,Diurna,S/D,S/D,S/D,Colisión,Ninguna,Horizontal,"Cordón divisorio,S/D",Sin restricción,"-32.91864,-60.71367","['La República', 'Avenida Provincias Unidas']",2,,-32.91864,-60.71367,55.0,538.0,Municipio Rosario,Municipio,Rosario,820210,Servicio de Catastro e Información Territorial,IGN
2019,10755,2019-12-22,Domingo,,21:00:00,,0.0,1,Moto/Ciclomotor,P.L.Funes 3300,1,0,0,0,0,1,0,"-32.967131, -60.700155",Calle,,ROSARIO,Rosario,Asfalto,No existe,II,Dentro,Urbana,Ninguna,No existe,Intersección,Bueno,S/D,Nocturna,S/D,S/D,S/D,Caída ocupante,Ninguna,Faltante,"Ninguna,S/D",Sin restricción,"-32.967131, -60.700155",['Pedro Lino Funes 3300'],1,,-32.967131,-60.700155,55.0,538.0,Municipio Rosario,Municipio,Rosario,820210,Servicio de Catastro e Información Territorial,IGN
2019,10763,2019-12-08,Domingo,,07:00:00,,0.0,2,"Moto/Ciclomotor,Pickup/Utilitario",Av. Francia Y Biedma,2,1,0,0,1,0,0,"-32.97647, -60.67428",Avenida,,ROSARIO,Rosario,S/D,S/D,II,S/D,Urbana,S/D,No existe,S/D,Bueno,S/D,Diurna,Buen Tiempo,S/D,S/D,Colisión,Ninguna,S/D,Ninguna,Sin restricción,"-32.97647, -60.67428","['Avenida Francia', 'Coronel Biedma']",2,,-32.97647,-60.67428,55.0,538.0,Municipio Rosario,Municipio,Rosario,820210,Servicio de Catastro e Información Territorial,IGN
2019,10764,2019-11-17,Domingo,,22:40:00,,0.0,2,"Taxi/Remis,Moto/Ciclomotor",San Martin Y Garibaldi,3,0,0,0,1,2,0,"-32.98635,-60.64579",Calle,,ROSARIO,Rosario,Asfalto,No existe,II,Dentro,Urbana,Ninguna,No existe,Intersección,Bueno,S/D,Nocturna,S/D,Lateral,S/D,Colisión,Ninguna,Horizontal,Ninguna,Sin restricción,"-32.98635,-60.64579","['San Martin', 'José Garibaldi']",2,,-32.98635,-60.64579,55.0,538.0,Municipio Rosario,Municipio,Rosario,820210,Servicio de Catastro e Información Territorial,IGN
2019,10765,2019-07-25,Jueves,,20:30:00,,0.0,1,Moto/Ciclomotor,Bv. 27 De Febrero ,1,0,0,0,0,1,0,"-32.952025,-60.670336",Avenida,,ROSARIO,Rosario,S/D,S/D,II,S/D,Urbana,S/D,S/D,S/D,S/D,S/D,Nocturna,S/D,S/D,S/D,S/D,S/D,S/D,S/D,S/D,"-32.952025,-60.670336",['27 de Febrero'],1,,-32.952025,-60.670336,55.0,538.0,Municipio Rosario,Municipio,Rosario,820210,Servicio de Catastro e Información Territorial,IGN
2019,10769,2019-07-28,Domingo,,,,0.0,1,Otros, ,1,0,0,0,0,1,0,"-32.93836, -60.66616",S/D,,ROSARIO,Rosario,S/D,S/D,II,S/D,S/D,S/D,S/D,S/D,S/D,S/D,S/D,S/D,S/D,S/D,S/D,S/D,S/D,S/D,S/D,"-32.93836, -60.66616",[''],0,,-32.93836,-60.66616,55.0,538.0,Municipio Rosario,Municipio,Rosario,820210,Servicio de Catastro e Información Territorial,IGN
2019,10774,2019-10-30,Miercoles,,11:00:00,,0.0,2,"Moto/Ciclomotor,Pickup/Utilitario",Necochea Y Garay,2,0,0,0,0,1,1,"-32.976990016775645, -60.6312273086",Calle,,ROSARIO,Rosario,Asfalto,No existe,II,Dentro,Urbana,Ninguna,No existe,Intersección,Bueno,S/D,Diurna,S/D,S/D,S/D,Colisión,S/D,Horizontal,"Ninguna,S/D",Sin restricción,"-32.976990016775645, -60.6312273086","['Necochea', 'Garay']",2,,-32.976990016775645,-60.6312273086,55.0,538.0,Municipio Rosario,Municipio,Rosario,820210,Servicio de Catastro e Información Territorial,IGN
2019,10775,2019-12-24,Martes,,,,0.0,1,Otros, ,1,0,0,0,0,1,0,"-32.951976, -60.670470",S/D,,ROSARIO,Rosario,S/D,S/D,II,S/D,S/D,S/D,S/D,S/D,S/D,S/D,S/D,S/D,S/D,S/D,S/D,S/D,S/D,S/D,S/D,"-32.951976, -60.670470",[''],0,,-32.951976,-60.67047,55.0,538.0,Municipio Rosario,Municipio,Rosario,820210,Servicio de Catastro e Información Territorial,IGN
2019,10798,2019-01-08,Martes,,,,0.0,2,"Moto/Ciclomotor,Taxi/Remis",Virasoro Y Alsina,2,0,1,0,0,0,1,"-32.96306, -60.68235",Calle,,ROSARIO,Rosario,Asfalto,S/D,II,S/D,Urbana,S/D,S/D,Intersección,S/D,S/D,S/D,S/D,S/D,S/D,Colisión,S/D,S/D,S/D,S/D,"-32.96306, -60.68235","['Virasoro', 'Alsina']",2,,-32.96306,-60.68235,55.0,538.0,Municipio Rosario,Municipio,Rosario,820210,Servicio de Catastro e Información Territorial,IGN
2019,10799,2019-01-08,Martes,,09:00:00,,0.0,2,"Bicicleta,Otros",Iriondo ,2,1,0,0,0,0,1,"-32.95769, -60.67386",Calle,,ROSARIO,Rosario,Asfalto,S/D,II,S/D,Urbana,S/D,S/D,Recta,S/D,S/D,S/D,S/D,S/D,Ciclista,Atropello,S/D,S/D,S/D,S/D,"-32.95769, -60.67386",['Iriondo'],1,,-32.95769,-60.67386,55.0,538.0,Municipio Rosario,Municipio,Rosario,820210,Servicio de Catastro e Información Territorial,IGN
2019,10800,2019-01-09,Miercoles,,,,0.0,2,"Bicicleta,Otros", ,2,1,0,0,0,0,1,"-32.95578, -60.67764",S/D,,ROSARIO,Rosario,S/D,S/D,II,S/D,S/D,S/D,S/D,S/D,S/D,S/D,S/D,S/D,S/D,Ciclista,Atropello,S/D,S/D,S/D,S/D,"-32.95578, -60.67764",[''],0,,-32.95578,-60.67764,55.0,538.0,Municipio Rosario,Municipio,Rosario,820210,Servicio de Catastro e Información Territorial,IGN
2019,10801,2019-01-09,Miercoles,,07:15:00,,0.0,1,Moto/Ciclomotor,Av. Pte.Peron Y Garzon,1,1,0,0,0,0,0,"-32.96443004470304, -60.70472971825",Avenida,,ROSARIO,Rosario,S/D,S/D,II,S/D,Urbana,S/D,S/D,S/D,S/D,S/D,S/D,S/D,S/D,S/D,S/D,S/D,S/D,S/D,S/D,"-32.96443004470304, -60.70472971825","['Avenida Presidente Perón', 'Garzón']",2,,-32.96443004470304,-60.70472971825,55.0,538.0,Municipio Rosario,Municipio,Rosario,820210,Servicio de Catastro e Información Territorial,IGN
2019,10802,2019-01-09,Miercoles,,,,0.0,1,Moto/Ciclomotor,Bv. Segui Y Roullon,1,1,0,0,0,0,0,"-32.9708, -60.70109",Avenida,,ROSARIO,Rosario,Asfalto,S/D,II,S/D,Urbana,S/D,S/D,Intersección,S/D,S/D,S/D,S/D,S/D,S/D,S/D,S/D,S/D,S/D,S/D,"-32.9708, -60.70109","['Bulevar Juan Francisco Seguí', 'Alfredo Rouillón']",2,,-32.9708,-60.70109,55.0,538.0,Municipio Rosario,Municipio,Rosario,820210,Servicio de Catastro e Información Territorial,IGN
2019,10803,2019-01-09,Miercoles,,,,0.0,1,Automóvil,Mariano Moreno Y Galvez,1,1,0,0,0,0,0,"-32.96655, -60.65626",Calle,,ROSARIO,Rosario,Asfalto,S/D,II,S/D,Urbana,S/D,S/D,Intersección,S/D,S/D,S/D,S/D,S/D,S/D,S/D,S/D,S/D,S/D,S/D,"-32.96655, -60.65626","['Mariano Moreno', 'Galvez']",2,,-32.96655,-60.65626,55.0,538.0,Municipio Rosario,Municipio,Rosario,820210,Servicio de Catastro e Información Territorial,IGN
2019,10804,2019-01-09,Miercoles,,,,0.0,1,Moto/Ciclomotor,Bv. 27 De Febrero ,1,1,0,0,0,0,0,"-32.96114, -60.67958",Calle,,ROSARIO,Rosario,Asfalto,S/D,II,S/D,Urbana,S/D,S/D,Recta,S/D,S/D,S/D,S/D,S/D,S/D,S/D,S/D,S/D,S/D,S/D,"-32.96114, -60.67958",['27 de Febrero'],1,,-32.96114,-60.67958,55.0,538.0,Municipio Rosario,Municipio,Rosario,820210,Servicio de Catastro e Información Territorial,IGN
2019,10805,2019-01-09,Miercoles,,,,0.0,1,Moto/Ciclomotor,Av. Provincias Unidas ,1,1,0,0,0,0,0,"-32.95474, -60.71196",Calle,,ROSARIO,Rosario,Asfalto,S/D,II,S/D,Urbana,S/D,S/D,Recta,S/D,S/D,S/D,S/D,S/D,S/D,S/D,S/D,S/D,S/D,S/D,"-32.95474, -60.71196",['Avenida Provincias Unidas'],1,,-32.95474,-60.71196,55.0,538.0,Municipio Rosario,Municipio,Rosario,820210,Servicio de Catastro e Información Territorial,IGN
2019,10806,2019-01-10,Jueves,,,,0.0,2,"Peatón,Otros",Av. Francia Y Cerrito,2,0,1,0,0,0,1,"-32.95696, -60.66951",Calle,,ROSARIO,Rosario,Asfalto,S/D,II,S/D,Urbana,S/D,S/D,Intersección,S/D,S/D,S/D,S/D,S/D,Peatón,Atropello,S/D,S/D,S/D,S/D,"-32.95696, -60.66951","['Avenida Francia', 'Cerrito']",2,,-32.95696,-60.66951,55.0,538.0,Municipio Rosario,Municipio,Rosario,820210,Servicio de Catastro e Información Territorial,IGN
2019,10807,2019-01-10,Jueves,,,,0.0,2,"Bicicleta,Otros", ,2,0,1,0,0,0,1,"-32.95234, -60.6768",S/D,,ROSARIO,Rosario,S/D,S/D,II,S/D,S/D,S/D,S/D,S/D,S/D,S/D,S/D,S/D,S/D,Ciclista,Atropello,S/D,S/D,S/D,S/D,"-32.95234, -60.6768",[''],0,,-32.95234,-60.6768,55.0,538.0,Municipio Rosario,Municipio,Rosario,820210,Servicio de Catastro e Información Territorial,IGN
2019,10808,2019-01-10,Jueves,,,,0.0,2,"Bicicleta,Otros",Av. Pellegrini Y Lima,2,1,0,0,0,0,1,"-32.94924, -60.68598",Calle,,ROSARIO,Rosario,Asfalto,S/D,II,S/D,Urbana,S/D,S/D,Intersección,S/D,S/D,S/D,S/D,S/D,Ciclista,Atropello,S/D,S/D,S/D,S/D,"-32.94924, -60.68598","['Pellegrini', 'Lima']",2,,-32.94924,-60.68598,55.0,538.0,Municipio Rosario,Municipio,Rosario,820210,Servicio de Catastro e Información Territorial,IGN
2019,10809,2019-01-11,Viernes,,,,0.0,1,Moto/Ciclomotor,Bv. Segui Y Roullon,1,1,0,0,0,0,0,"-32.9708, -60.70099",Calle,,ROSARIO,Rosario,Asfalto,S/D,II,S/D,Urbana,S/D,S/D,Intersección,S/D,S/D,S/D,S/D,S/D,S/D,S/D,S/D,S/D,S/D,S/D,"-32.9708, -60.70099","['Bulevar Juan Francisco Seguí', 'Alfredo Rouillón']",2,,-32.9708,-60.70099,55.0,538.0,Municipio Rosario,Municipio,Rosario,820210,Servicio de Catastro e Información Territorial,IGN
2019,10810,2019-01-11,Viernes,,,,0.0,1,Moto/Ciclomotor, ,1,1,0,0,0,0,0,"-32.9436, -60.66891",S/D,,ROSARIO,Rosario,S/D,S/D,II,S/D,S/D,S/D,S/D,S/D,S/D,S/D,S/D,S/D,S/D,S/D,S/D,S/D,S/D,S/D,S/D,"-32.9436, -60.66891",[''],0,,-32.9436,-60.66891,55.0,538.0,Municipio Rosario,Municipio,Rosario,820210,Servicio de Catastro e Información Territorial,IGN
2019,10811,2019-01-11,Viernes,,,,0.0,2,"Peatón,Otros", ,2,1,0,0,0,0,1,"-32.96003, -60.6701",S/D,,ROSARIO,Rosario,S/D,S/D,II,S/D,S/D,S/D,S/D,S/D,S/D,S/D,S/D,S/D,S/D,Peatón,Atropello,S/D,S/D,S/D,S/D,"-32.96003, -60.6701",[''],0,,-32.96003,-60.6701,55.0,538.0,Municipio Rosario,Municipio,Rosario,820210,Servicio de Catastro e Información Territorial,IGN
2019,10812,2019-01-12,Sabado,,,,0.0,1,Moto/Ciclomotor, ,1,1,0,0,0,0,0,"-32.95747, -60.67099",S/D,,ROSARIO,Rosario,S/D,S/D,II,S/D,S/D,S/D,S/D,S/D,S/D,S/D,S/D,S/D,S/D,S/D,S/D,S/D,S/D,S/D,S/D,"-32.95747, -60.67099",[''],0,,-32.95747,-60.67099,55.0,538.0,Municipio Rosario,Municipio,Rosario,820210,Servicio de Catastro e Información Territorial,IGN
2019,10813,2019-01-12,Sabado,,,,0.0,1,Moto/Ciclomotor, ,1,1,0,0,0,0,0,"-32.94589, -60.68423",S/D,,ROSARIO,Rosario,S/D,S/D,II,S/D,S/D,S/D,S/D,S/D,S/D,S/D,S/D,S/D,S/D,S/D,S/D,S/D,S/D,S/D,S/D,"-32.94589, -60.68423",[''],0,,-32.94589,-60.68423,55.0,538.0,Municipio Rosario,Municipio,Rosario,820210,Servicio de Catastro e Información Territorial,IGN
2019,10814,2019-01-12,Sabado,,,,0.0,1,Moto/Ciclomotor, ,1,1,0,0,0,0,0,"-32.96021, -60.6715",S/D,,ROSARIO,Rosario,S/D,S/D,II,S/D,S/D,S/D,S/D,S/D,S/D,S/D,S/D,S/D,S/D,S/D,S/D,S/D,S/D,S/D,S/D,"-32.96021, -60.6715",[''],0,,-32.96021,-60.6715,55.0,538.0,Municipio Rosario,Municipio,Rosario,820210,Servicio de Catastro e Información Territorial,IGN
2019,10815,2019-01-12,Sabado,,15:00:00,,0.0,1,Moto/Ciclomotor, ,1,1,0,0,0,0,0,"-32.95889, -60.67222",S/D,,ROSARIO,Rosario,S/D,S/D,II,S/D,S/D,S/D,S/D,S/D,S/D,S/D,S/D,S/D,S/D,S/D,S/D,S/D,S/D,S/D,S/D,"-32.95889, -60.67222",[''],0,,-32.95889,-60.67222,55.0,538.0,Municipio Rosario,Municipio,Rosario,820210,Servicio de Catastro e Información Territorial,IGN
2019,10817,2019-01-13,Domingo,,22:30:00,,0.0,1,Moto/Ciclomotor,Av. Pellegrini Y Av. Ovidio Lagos,1,1,0,0,0,0,0,"-32.95307, -60.66418",Avenida,,ROSARIO,Rosario,Asfalto,S/D,II,Dentro,Urbana,S/D,S/D,Intersección,S/D,S/D,S/D,S/D,S/D,S/D,S/D,S/D,S/D,S/D,S/D,"-32.95307, -60.66418","['Pellegrini', 'Avenida Ovidio Lagos']",2,,-32.95307,-60.66418,55.0,538.0,Municipio Rosario,Municipio,Rosario,820210,Servicio de Catastro e Información Territorial,IGN
2019,10818,2019-01-14,Lunes,,,,0.0,1,Moto/Ciclomotor, ,1,1,0,0,0,0,0,"-32.95692, -60.67738",S/D,,ROSARIO,Rosario,S/D,S/D,II,S/D,S/D,S/D,S/D,S/D,S/D,S/D,S/D,S/D,S/D,S/D,S/D,S/D,S/D,S/D,S/D,"-32.95692, -60.67738",[''],0,,-32.95692,-60.67738,55.0,538.0,Municipio Rosario,Municipio,Rosario,820210,Servicio de Catastro e Información Territorial,IGN
2019,10819,2019-01-14,Lunes,,16:00:00,,0.0,1,Moto/Ciclomotor, ,1,1,0,0,0,0,0,"-32.94546, -60.68362",S/D,,ROSARIO,Rosario,S/D,S/D,II,S/D,S/D,S/D,S/D,S/D,S/D,S/D,S/D,S/D,S/D,S/D,S/D,S/D,S/D,S/D,S/D,"-32.94546, -60.68362",[''],0,,-32.94546,-60.68362,55.0,538.0,Municipio Rosario,Municipio,Rosario,820210,Servicio de Catastro e Información Territorial,IGN
2019,10820,2019-01-14,Lunes,,,,0.0,2,"Bicicleta,Otros", ,2,1,0,0,0,0,1,"-32.94854, -60.67307",S/D,,ROSARIO,Rosario,S/D,S/D,II,S/D,S/D,S/D,S/D,S/D,S/D,S/D,S/D,S/D,S/D,Ciclista,Atropello,S/D,S/D,S/D,S/D,"-32.94854, -60.67307",[''],0,,-32.94854,-60.67307,55.0,538.0,Municipio Rosario,Municipio,Rosario,820210,Servicio de Catastro e Información Territorial,IGN
2019,10821,2019-01-14,Lunes,,,,0.0,1,Moto/Ciclomotor, ,1,1,0,0,0,0,0,"-32.96131, -60.67848",S/D,,ROSARIO,Rosario,S/D,S/D,II,S/D,S/D,S/D,S/D,S/D,S/D,S/D,S/D,S/D,S/D,S/D,S/D,S/D,S/D,S/D,S/D,"-32.96131, -60.67848",[''],0,,-32.96131,-60.67848,55.0,538.0,Municipio Rosario,Municipio,Rosario,820210,Servicio de Catastro e Información Territorial,IGN
2019,10822,2019-01-14,Lunes,,,,0.0,1,Moto/Ciclomotor, ,1,1,0,0,0,0,0,"-32.94976, -60.67616",S/D,,ROSARIO,Rosario,S/D,S/D,II,S/D,S/D,S/D,S/D,S/D,S/D,S/D,S/D,S/D,S/D,S/D,S/D,S/D,S/D,S/D,S/D,"-32.94976, -60.67616",[''],0,,-32.94976,-60.67616,55.0,538.0,Municipio Rosario,Municipio,Rosario,820210,Servicio de Catastro e Información Territorial,IGN
2019,10823,2019-01-14,Lunes,,,,0.0,1,Automóvil, ,1,1,0,0,0,0,0,"-32.95774, -60.68473",S/D,,ROSARIO,Rosario,S/D,S/D,II,S/D,S/D,S/D,S/D,S/D,S/D,S/D,S/D,S/D,S/D,S/D,S/D,S/D,S/D,S/D,S/D,"-32.95774, -60.68473",[''],0,,-32.95774,-60.68473,55.0,538.0,Municipio Rosario,Municipio,Rosario,820210,Servicio de Catastro e Información Territorial,IGN
2019,10824,2019-01-14,Lunes,,,,0.0,1,Moto/Ciclomotor,Salta ,1,1,0,0,0,0,0,"-32.93604, -60.65535",Calle,,ROSARIO,Rosario,Asfalto,S/D,II,S/D,Urbana,S/D,S/D,Recta,S/D,S/D,S/D,S/D,S/D,S/D,S/D,S/D,S/D,S/D,S/D,"-32.93604, -60.65535",['Salta'],1,,-32.93604,-60.65535,55.0,538.0,Municipio Rosario,Municipio,Rosario,820210,Servicio de Catastro e Información Territorial,IGN
2019,10825,2019-02-08,Viernes,,,,0.0,1,Moto/Ciclomotor, ,1,1,0,0,0,0,0,"-32.94706, -60.67186",S/D,,ROSARIO,Rosario,S/D,S/D,II,S/D,S/D,S/D,S/D,S/D,S/D,S/D,S/D,S/D,S/D,S/D,S/D,S/D,S/D,S/D,S/D,"-32.94706, -60.67186",[''],0,,-32.94706,-60.67186,55.0,538.0,Municipio Rosario,Municipio,Rosario,820210,Servicio de Catastro e Información Territorial,IGN
2019,10827,2019-02-08,Viernes,,,,0.0,1,Moto/Ciclomotor,Valparaiso Y Gaboto,1,1,0,0,0,0,0,"-32.96555, -60.68865",Calle,,ROSARIO,Rosario,Asfalto,S/D,II,S/D,Urbana,S/D,S/D,Intersección,S/D,S/D,S/D,S/D,S/D,S/D,S/D,S/D,S/D,S/D,S/D,"-32.96555, -60.68865","['Valparaíso', 'Gaboto']",2,,-32.96555,-60.68865,55.0,538.0,Municipio Rosario,Municipio,Rosario,820210,Servicio de Catastro e Información Territorial,IGN
2019,10828,2019-02-08,Viernes,,,,0.0,1,Moto/Ciclomotor,L.del Desierto ,2,2,0,0,0,0,0,"-32.982333865750, -60.677140526076",Calle,,ROSARIO,Rosario,Asfalto,S/D,II,S/D,Urbana,S/D,S/D,Intersección,S/D,S/D,S/D,S/D,S/D,S/D,S/D,S/D,S/D,S/D,S/D,"-32.982333865750, -60.677140526076",['L Del Desierto'],1,,-32.98233386575,-60.677140526076,55.0,538.0,Municipio Rosario,Municipio,Rosario,820210,Servicio de Catastro e Información Territorial,IGN
2019,10829,2019-02-08,Viernes,,,,0.0,1,Moto/Ciclomotor, ,1,1,0,0,0,0,0,"-32.95782, -60.67458",S/D,,ROSARIO,Rosario,S/D,S/D,II,S/D,S/D,S/D,S/D,S/D,S/D,S/D,S/D,S/D,S/D,S/D,S/D,S/D,S/D,S/D,S/D,"-32.95782, -60.67458",[''],0,,-32.95782,-60.67458,55.0,538.0,Municipio Rosario,Municipio,Rosario,820210,Servicio de Catastro e Información Territorial,IGN
2019,10830,2019-02-08,Viernes,,,,0.0,1,Moto/Ciclomotor, ,1,1,0,0,0,0,0,"-32.96001, -60.67915",S/D,,ROSARIO,Rosario,S/D,S/D,II,S/D,S/D,S/D,S/D,S/D,S/D,S/D,S/D,S/D,S/D,S/D,S/D,S/D,S/D,S/D,S/D,"-32.96001, -60.67915",[''],0,,-32.96001,-60.67915,55.0,538.0,Municipio Rosario,Municipio,Rosario,820210,Servicio de Catastro e Información Territorial,IGN
2019,10831,2019-02-08,Viernes,,,,0.0,1,Moto/Ciclomotor, ,1,1,0,0,0,0,0,"-32.95543, -60.68611",S/D,,ROSARIO,Rosario,S/D,S/D,II,S/D,S/D,S/D,S/D,S/D,S/D,S/D,S/D,S/D,S/D,S/D,S/D,S/D,S/D,S/D,S/D,"-32.95543, -60.68611",[''],0,,-32.95543,-60.68611,55.0,538.0,Municipio Rosario,Municipio,Rosario,820210,Servicio de Catastro e Información Territorial,IGN
2019,10832,2019-02-08,Viernes,,,,0.0,1,Moto/Ciclomotor, ,1,1,0,0,0,0,0,"-32.94702, -60.66834",S/D,,ROSARIO,Rosario,S/D,S/D,II,S/D,S/D,S/D,S/D,S/D,S/D,S/D,S/D,S/D,S/D,S/D,S/D,S/D,S/D,S/D,S/D,"-32.94702, -60.66834",[''],0,,-32.94702,-60.66834,55.0,538.0,Municipio Rosario,Municipio,Rosario,820210,Servicio de Catastro e Información Territorial,IGN
2019,10833,2019-02-08,Viernes,,,,0.0,1,Moto/Ciclomotor, ,1,1,0,0,0,0,0,"-32.96317, -60.66836",S/D,,ROSARIO,Rosario,S/D,S/D,II,S/D,S/D,S/D,S/D,S/D,S/D,S/D,S/D,S/D,S/D,S/D,S/D,S/D,S/D,S/D,S/D,"-32.96317, -60.66836",[''],0,,-32.96317,-60.66836,55.0,538.0,Municipio Rosario,Municipio,Rosario,820210,Servicio de Catastro e Información Territorial,IGN
2019,10834,2019-02-08,Viernes,,,,0.0,1,Moto/Ciclomotor, ,1,1,0,0,0,0,0,"-32.95444, -60.66876",S/D,,ROSARIO,Rosario,S/D,S/D,II,S/D,S/D,S/D,S/D,S/D,S/D,S/D,S/D,S/D,S/D,S/D,S/D,S/D,S/D,S/D,S/D,"-32.95444, -60.66876",[''],0,,-32.95444,-60.66876,55.0,538.0,Municipio Rosario,Municipio,Rosario,820210,Servicio de Catastro e Información Territorial,IGN
2019,10835,2019-02-08,Viernes,,,,0.0,2,"Peatón,Otros", ,2,1,0,0,0,0,1,"-32.9483, -60.68438",S/D,,ROSARIO,Rosario,S/D,S/D,II,S/D,S/D,S/D,S/D,S/D,S/D,S/D,S/D,S/D,S/D,Peatón,Atropello,S/D,S/D,S/D,S/D,"-32.9483, -60.68438",[''],0,,-32.9483,-60.68438,55.0,538.0,Municipio Rosario,Municipio,Rosario,820210,Servicio de Catastro e Información Territorial,IGN
2019,10836,2019-02-08,Viernes,,,,0.0,1,Moto/Ciclomotor, ,1,1,0,0,0,0,0,"-32.95227, -60.67887",Calle,,ROSARIO,Rosario,S/D,S/D,II,S/D,Urbana,S/D,S/D,S/D,S/D,S/D,S/D,S/D,S/D,S/D,S/D,S/D,S/D,S/D,S/D,"-32.95227, -60.67887",[''],0,,-32.95227,-60.67887,55.0,538.0,Municipio Rosario,Municipio,Rosario,820210,Servicio de Catastro e Información Territorial,IGN
2019,10837,2019-02-08,Viernes,,,,0.0,2,"Bicicleta,Otros", ,2,1,0,0,0,0,1,"-32.94972, -60.67191",S/D,,ROSARIO,Rosario,S/D,S/D,II,S/D,S/D,S/D,S/D,S/D,S/D,S/D,S/D,S/D,S/D,Ciclista,Atropello,S/D,S/D,S/D,S/D,"-32.94972, -60.67191",[''],0,,-32.94972,-60.67191,55.0,538.0,Municipio Rosario,Municipio,Rosario,820210,Servicio de Catastro e Información Territorial,IGN
2019,10838,2019-02-08,Viernes,,,,0.0,1,Moto/Ciclomotor, ,1,0,1,0,0,0,0,"-32.96418, -60.66966",S/D,,ROSARIO,Rosario,S/D,S/D,II,S/D,S/D,S/D,S/D,S/D,S/D,S/D,S/D,S/D,S/D,S/D,S/D,S/D,S/D,S/D,S/D,"-32.96418, -60.66966",[''],0,,-32.96418,-60.66966,55.0,538.0,Municipio Rosario,Municipio,Rosario,820210,Servicio de Catastro e Información Territorial,IGN
2019,10839,2019-02-08,Viernes,,,,0.0,2,"Peatón,Otros",Crespo Y Av. Pellegrini,2,1,0,0,0,0,1,"-32.95195, -60.67102",Calle,,ROSARIO,Rosario,Asfalto,S/D,II,S/D,Urbana,S/D,S/D,Intersección,S/D,S/D,S/D,S/D,S/D,Peatón,Atropello,S/D,S/D,S/D,S/D,"-32.95195, -60.67102","['Crespo', 'Pellegrini']",2,,-32.95195,-60.67102,55.0,538.0,Municipio Rosario,Municipio,Rosario,820210,Servicio de Catastro e Información Territorial,IGN
2019,10840,2019-02-09,Sabado,,,,0.0,1,Moto/Ciclomotor, ,1,1,0,0,0,0,0,"-32.95158, -60.67292",S/D,,ROSARIO,Rosario,S/D,S/D,II,S/D,S/D,S/D,S/D,S/D,S/D,Reducida,S/D,S/D,S/D,S/D,S/D,S/D,S/D,S/D,S/D,"-32.95158, -60.67292",[''],0,,-32.95158,-60.67292,55.0,538.0,Municipio Rosario,Municipio,Rosario,820210,Servicio de Catastro e Información Territorial,IGN
2019,10841,2019-02-09,Sabado,,,,0.0,1,Moto/Ciclomotor, ,1,1,0,0,0,0,0,"-32.94612, -60.68988",S/D,,ROSARIO,Rosario,S/D,S/D,II,S/D,S/D,S/D,S/D,S/D,S/D,S/D,S/D,S/D,S/D,S/D,S/D,S/D,S/D,S/D,S/D,"-32.94612, -60.68988",[''],0,,-32.94612,-60.68988,55.0,538.0,Municipio Rosario,Municipio,Rosario,820210,Servicio de Catastro e Información Territorial,IGN
2019,10843,2019-02-09,Sabado,,,,0.0,2,"Peatón,Otros", ,2,1,0,0,0,0,1,"-32.96307, -60.671",S/D,,ROSARIO,Rosario,S/D,S/D,II,S/D,S/D,S/D,S/D,S/D,S/D,S/D,S/D,S/D,S/D,Peatón,Atropello,S/D,S/D,S/D,S/D,"-32.96307, -60.671",[''],0,,-32.96307,-60.671,55.0,538.0,Municipio Rosario,Municipio,Rosario,820210,Servicio de Catastro e Información Territorial,IGN
2019,10844,2019-02-09,Sabado,,,,0.0,1,Moto/Ciclomotor, ,1,1,0,0,0,0,0,"-32.94556, -60.66657",S/D,,ROSARIO,Rosario,S/D,S/D,II,S/D,S/D,S/D,S/D,S/D,S/D,S/D,S/D,S/D,S/D,S/D,S/D,S/D,S/D,S/D,S/D,"-32.94556, -60.66657",[''],0,,-32.94556,-60.66657,55.0,538.0,Municipio Rosario,Municipio,Rosario,820210,Servicio de Catastro e Información Territorial,IGN
2019,10845,2019-02-09,Sabado,,,,0.0,1,Moto/Ciclomotor, ,1,1,0,0,0,0,0,"-32.95685, -60.64303",S/D,,ROSARIO,Rosario,S/D,S/D,II,S/D,S/D,S/D,S/D,S/D,S/D,S/D,S/D,S/D,S/D,S/D,S/D,S/D,S/D,S/D,S/D,"-32.95685, -60.64303",[''],0,,-32.95685,-60.64303,55.0,538.0,Municipio Rosario,Municipio,Rosario,820210,Servicio de Catastro e Información Territorial,IGN
2019,10846,2019-02-09,Sabado,,,,0.0,1,Moto/Ciclomotor, ,1,1,0,0,0,0,0,"-32.95272, -60.67403",S/D,,ROSARIO,Rosario,S/D,S/D,II,S/D,S/D,S/D,S/D,S/D,S/D,S/D,S/D,S/D,S/D,S/D,S/D,S/D,S/D,S/D,S/D,"-32.95272, -60.67403",[''],0,,-32.95272,-60.67403,55.0,538.0,Municipio Rosario,Municipio,Rosario,820210,Servicio de Catastro e Información Territorial,IGN
2019,10847,2019-02-09,Sabado,,,,0.0,2,"Bicicleta,Otros", ,2,1,0,0,0,0,1,"-32.93932, -60.67771",S/D,,ROSARIO,Rosario,S/D,S/D,II,S/D,S/D,S/D,S/D,S/D,S/D,S/D,S/D,S/D,S/D,Ciclista,Atropello,S/D,S/D,S/D,S/D,"-32.93932, -60.67771",[''],0,,-32.93932,-60.67771,55.0,538.0,Municipio Rosario,Municipio,Rosario,820210,Servicio de Catastro e Información Territorial,IGN