anio_acci,nro_acci,fecha,desc_dia,fecha_aprox,hora_aprox,desc_ruta,km,cant_participantes,desc_participante,calle_avenida_km,total,heridos_leves,heridos_graves,heridos_gravisimos,ilesos,fallecidos,sin_datos,posicion_XY,desc_tipo_via,desc_ruta_ori,desc_loc,desc_dpto,desc_tipo_calzada,desc_tipo_banquina,desc_unidad_regional,desc_lugar_calzada,desc_zona,desc_prioridad,desc_estado_semaforo,desc_lugar_via,desc_estado_via,desc_estado_visibilidad,desc_luminosidad,desc_estado_clima,desc_tipo_colision,desc_tipo_atropello,desc_tipo_hecho,desc_pres_calzada,desc_senializacion,desc_separacion_via,desc_restriccion,forma_geocod,calle_lista,numero_calles,calles_osm,lat,lon,index_right,gid,fna,gna,nam,in1,fdc,sag
2019,10848,2019-02-10,Domingo,,,,0.0,1,Moto/Ciclomotor,Balcarce Y Saavedra,1,1,0,0,0,0,0,"-32.97546, -60.65985",Calle,,ROSARIO,Rosario,Asfalto,S/D,II,S/D,Urbana,S/D,S/D,Intersección,S/D,S/D,S/D,S/D,S/D,S/D,S/D,S/D,S/D,S/D,S/D,"-32.97546, -60.65985","['Balcarce', 'Saavedra']",2,,-32.97546,-60.65985,55.0,538.0,Municipio Rosario,Municipio,Rosario,820210,Servicio de Catastro e Información Territorial,IGN
2019,10849,2019-02-10,Domingo,,,,0.0,1,Automóvil, ,1,1,0,0,0,0,0,"-32.94813, -60.69463",S/D,,ROSARIO,Rosario,S/D,S/D,II,S/D,S/D,S/D,S/D,S/D,S/D,S/D,S/D,S/D,S/D,S/D,S/D,S/D,S/D,S/D,S/D,"-32.94813, -60.69463",[''],0,,-32.94813,-60.69463,55.0,538.0,Municipio Rosario,Municipio,Rosario,820210,Servicio de Catastro e Información Territorial,IGN
2019,10850,2019-02-10,Domingo,,,,0.0,2,"Peatón,Otros", ,2,1,0,0,0,0,1,"-32.94692, -60.65408",S/D,,ROSARIO,Rosario,S/D,S/D,II,S/D,S/D,S/D,S/D,S/D,S/D,S/D,S/D,S/D,S/D,Peatón,Atropello,S/D,S/D,S/D,S/D,"-32.94692, -60.65408",[''],0,,-32.94692,-60.65408,55.0,538.0,Municipio Rosario,Municipio,Rosario,820210,Servicio de Catastro e Información Territorial,IGN
2019,10851,2019-02-10,Domingo,,,,0.0,1,Moto/Ciclomotor, ,1,1,0,0,0,0,0,"-32.94529, -60.67013",S/D,,ROSARIO,Rosario,S/D,S/D,II,S/D,S/D,S/D,S/D,S/D,S/D,S/D,S/D,S/D,S/D,S/D,S/D,S/D,S/D,S/D,S/D,"-32.94529, -60.67013",[''],0,,-32.94529,-60.67013,55.0,538.0,Municipio Rosario,Municipio,Rosario,820210,Servicio de Catastro e Información Territorial,IGN
2019,10852,2019-02-10,Domingo,,,,0.0,1,Moto/Ciclomotor, ,1,1,0,0,0,0,0,"-32.95736, -60.64012",S/D,,ROSARIO,Rosario,S/D,S/D,II,S/D,S/D,S/D,S/D,S/D,S/D,S/D,S/D,S/D,S/D,S/D,S/D,S/D,S/D,S/D,S/D,"-32.95736, -60.64012",[''],0,,-32.95736,-60.64012,55.0,538.0,Municipio Rosario,Municipio,Rosario,820210,Servicio de Catastro e Información Territorial,IGN
2019,10853,2019-02-10,Domingo,,,,0.0,1,Moto/Ciclomotor, ,1,1,0,0,0,0,0,"-32.9414, -60.67116",S/D,,ROSARIO,Rosario,S/D,S/D,II,S/D,S/D,S/D,S/D,S/D,S/D,S/D,S/D,S/D,S/D,S/D,S/D,S/D,S/D,S/D,S/D,"-32.9414, -60.67116",[''],0,,-32.9414,-60.67116,55.0,538.0,Municipio Rosario,Municipio,Rosario,820210,Servicio de Catastro e Información Territorial,IGN
2019,10854,2019-02-10,Domingo,,,,0.0,1,Moto/Ciclomotor, ,1,1,0,0,0,0,0,"-32.94124, -60.6591",S/D,,ROSARIO,Rosario,S/D,S/D,II,S/D,S/D,S/D,S/D,S/D,S/D,S/D,S/D,S/D,S/D,S/D,S/D,S/D,S/D,S/D,S/D,"-32.94124, -60.6591",[''],0,,-32.94124,-60.6591,55.0,538.0,Municipio Rosario,Municipio,Rosario,820210,Servicio de Catastro e Información Territorial,IGN
2019,10855,2019-02-10,Domingo,,,,0.0,1,Moto/Ciclomotor,Dr.Rivas ,1,1,0,0,0,0,0,"-32.9801, -60.66739",Calle,,ROSARIO,Rosario,Asfalto,S/D,II,S/D,Urbana,S/D,S/D,Recta,S/D,S/D,S/D,S/D,S/D,S/D,S/D,S/D,S/D,S/D,S/D,"-32.9801, -60.66739",['Doctor Francisco Riva'],1,,-32.9801,-60.66739,55.0,538.0,Municipio Rosario,Municipio,Rosario,820210,Servicio de Catastro e Información Territorial,IGN
2019,10856,2019-02-11,Lunes,,,,0.0,1,Moto/Ciclomotor, ,1,1,0,0,0,0,0,"-32.94378, -60.68033",S/D,,ROSARIO,Rosario,S/D,S/D,II,S/D,S/D,S/D,S/D,S/D,S/D,S/D,S/D,S/D,S/D,S/D,S/D,S/D,S/D,S/D,S/D,"-32.94378, -60.68033",[''],0,,-32.94378,-60.68033,55.0,538.0,Municipio Rosario,Municipio,Rosario,820210,Servicio de Catastro e Información Territorial,IGN
2019,10857,2019-02-11,Lunes,,,,0.0,1,Automóvil, ,1,1,0,0,0,0,0,"-32.94392, -60.68205",S/D,,ROSARIO,Rosario,S/D,S/D,II,S/D,S/D,S/D,S/D,S/D,S/D,S/D,S/D,S/D,S/D,S/D,S/D,S/D,S/D,S/D,S/D,"-32.94392, -60.68205",[''],0,,-32.94392,-60.68205,55.0,538.0,Municipio Rosario,Municipio,Rosario,820210,Servicio de Catastro e Información Territorial,IGN
2019,10858,2019-02-11,Lunes,,,,0.0,1,Moto/Ciclomotor, ,1,1,0,0,0,0,0,"-32.95646, -60.67384",S/D,,ROSARIO,Rosario,S/D,S/D,II,S/D,S/D,S/D,S/D,S/D,S/D,S/D,S/D,S/D,S/D,S/D,S/D,S/D,S/D,S/D,S/D,"-32.95646, -60.67384",[''],0,,-32.95646,-60.67384,55.0,538.0,Municipio Rosario,Municipio,Rosario,820210,Servicio de Catastro e Información Territorial,IGN
2019,10859,2019-02-11,Lunes,,,,0.0,1,Automóvil, ,1,1,0,0,0,0,0,"-32.95239, -60.64269",S/D,,ROSARIO,Rosario,S/D,S/D,II,S/D,S/D,S/D,S/D,S/D,S/D,S/D,S/D,S/D,S/D,S/D,S/D,S/D,S/D,S/D,S/D,"-32.95239, -60.64269",[''],0,,-32.95239,-60.64269,55.0,538.0,Municipio Rosario,Municipio,Rosario,820210,Servicio de Catastro e Información Territorial,IGN
2019,10860,2019-02-11,Lunes,,,,0.0,1,Automóvil, ,1,1,0,0,0,0,0,"-32.94367, -60.67531",S/D,,ROSARIO,Rosario,S/D,S/D,II,S/D,S/D,S/D,S/D,S/D,S/D,S/D,S/D,S/D,S/D,S/D,S/D,S/D,S/D,S/D,S/D,"-32.94367, -60.67531",[''],0,,-32.94367,-60.67531,55.0,538.0,Municipio Rosario,Municipio,Rosario,820210,Servicio de Catastro e Información Territorial,IGN
2019,10861,2019-02-11,Lunes,,,,0.0,1,Moto/Ciclomotor, ,1,1,0,0,0,0,0,"-32.94771, -60.66082",S/D,,ROSARIO,Rosario,S/D,S/D,II,S/D,S/D,S/D,S/D,S/D,S/D,S/D,S/D,S/D,S/D,S/D,S/D,S/D,S/D,S/D,S/D,"-32.94771, -60.66082",[''],0,,-32.94771,-60.66082,55.0,538.0,Municipio Rosario,Municipio,Rosario,820210,Servicio de Catastro e Información Territorial,IGN
2019,10862,2019-02-11,Lunes,,,,0.0,1,Moto/Ciclomotor, ,1,1,0,0,0,0,0,"-32.94623, -60.66672",S/D,,ROSARIO,Rosario,S/D,S/D,II,S/D,S/D,S/D,S/D,S/D,S/D,S/D,S/D,S/D,S/D,S/D,S/D,S/D,S/D,S/D,S/D,"-32.94623, -60.66672",[''],0,,-32.94623,-60.66672,55.0,538.0,Municipio Rosario,Municipio,Rosario,820210,Servicio de Catastro e Información Territorial,IGN
2019,10863,2019-02-11,Lunes,,,,0.0,1,Moto/Ciclomotor, ,1,1,0,0,0,0,0,"-32.95834, -60.63488",S/D,,ROSARIO,Rosario,S/D,S/D,II,S/D,S/D,S/D,S/D,S/D,S/D,S/D,S/D,S/D,S/D,S/D,S/D,S/D,S/D,S/D,S/D,"-32.95834, -60.63488",[''],0,,-32.95834,-60.63488,55.0,538.0,Municipio Rosario,Municipio,Rosario,820210,Servicio de Catastro e Información Territorial,IGN
2019,10864,2019-02-11,Lunes,,,,0.0,2,"Peatón,Otros", ,2,1,0,0,0,0,1,"-32.95613, -60.67086",S/D,,ROSARIO,Rosario,S/D,S/D,II,S/D,S/D,S/D,S/D,S/D,S/D,S/D,S/D,S/D,S/D,Peatón,Atropello,S/D,S/D,S/D,S/D,"-32.95613, -60.67086",[''],0,,-32.95613,-60.67086,55.0,538.0,Municipio Rosario,Municipio,Rosario,820210,Servicio de Catastro e Información Territorial,IGN
2019,10865,2019-02-11,Lunes,,,,0.0,1,Moto/Ciclomotor, ,1,1,0,0,0,0,0,"-32.95545, -60.65093",S/D,,ROSARIO,Rosario,S/D,S/D,II,S/D,S/D,S/D,S/D,S/D,S/D,S/D,S/D,S/D,S/D,S/D,S/D,S/D,S/D,S/D,S/D,"-32.95545, -60.65093",[''],0,,-32.95545,-60.65093,55.0,538.0,Municipio Rosario,Municipio,Rosario,820210,Servicio de Catastro e Información Territorial,IGN
2019,10866,2019-02-11,Lunes,,,,0.0,2,"Bicicleta,Otros", ,2,1,0,0,0,0,1,"-32.95286, -60.66638",S/D,,ROSARIO,Rosario,S/D,S/D,II,S/D,S/D,S/D,S/D,S/D,S/D,S/D,S/D,S/D,S/D,S/D,S/D,S/D,S/D,S/D,S/D,"-32.95286, -60.66638",[''],0,,-32.95286,-60.66638,55.0,538.0,Municipio Rosario,Municipio,Rosario,820210,Servicio de Catastro e Información Territorial,IGN
2019,10867,2019-02-11,Lunes,,,,0.0,2,"Peatón,Otros", ,2,1,0,0,0,0,1,"-32.95329, -60.66278",S/D,,ROSARIO,Rosario,S/D,S/D,II,S/D,S/D,S/D,S/D,S/D,S/D,S/D,S/D,S/D,S/D,Peatón,Atropello,S/D,S/D,S/D,S/D,"-32.95329, -60.66278",[''],0,,-32.95329,-60.66278,55.0,538.0,Municipio Rosario,Municipio,Rosario,820210,Servicio de Catastro e Información Territorial,IGN
2019,10868,2019-02-11,Lunes,,,,0.0,1,Moto/Ciclomotor, ,1,1,0,0,0,0,0,"-32.95604, -60.66997",S/D,,ROSARIO,Rosario,S/D,S/D,II,S/D,S/D,S/D,S/D,S/D,S/D,S/D,S/D,S/D,S/D,S/D,S/D,S/D,S/D,S/D,S/D,"-32.95604, -60.66997",[''],0,,-32.95604,-60.66997,55.0,538.0,Municipio Rosario,Municipio,Rosario,820210,Servicio de Catastro e Información Territorial,IGN
2019,10869,2019-02-11,Lunes,,,,0.0,1,Moto/Ciclomotor, ,2,1,0,0,0,0,1,"-32.94201, -60.6728",S/D,,ROSARIO,Rosario,S/D,S/D,II,S/D,S/D,S/D,S/D,S/D,S/D,S/D,S/D,S/D,S/D,S/D,S/D,S/D,S/D,S/D,S/D,"-32.94201, -60.6728",[''],0,,-32.94201,-60.6728,55.0,538.0,Municipio Rosario,Municipio,Rosario,820210,Servicio de Catastro e Información Territorial,IGN
2019,10870,2019-02-11,Lunes,,,,0.0,1,Moto/Ciclomotor, ,1,1,0,0,0,0,0,"-32.93687, -60.69354",S/D,,ROSARIO,Rosario,S/D,S/D,II,S/D,S/D,S/D,S/D,S/D,S/D,S/D,S/D,S/D,S/D,S/D,S/D,S/D,S/D,S/D,S/D,"-32.93687, -60.69354",[''],0,,-32.93687,-60.69354,55.0,538.0,Municipio Rosario,Municipio,Rosario,820210,Servicio de Catastro e Información Territorial,IGN
2019,10871,2019-01-19,Sabado,,13:28:00,,0.0,1,Bicicleta,Garzon Y Bv. Segui,1,1,0,0,0,0,0,"-32.97078, -60.70448",Calle,,ROSARIO,Rosario,S/D,S/D,II,S/D,Urbana,S/D,S/D,Intersección,S/D,S/D,Diurna,S/D,S/D,S/D,S/D,S/D,S/D,S/D,S/D,"-32.97078, -60.70448","['Garzón', 'Bulevar Juan Francisco Seguí']",2,,-32.97078,-60.70448,55.0,538.0,Municipio Rosario,Municipio,Rosario,820210,Servicio de Catastro e Información Territorial,IGN
2019,10872,2019-02-11,Lunes,,,,0.0,1,Moto/Ciclomotor, ,1,1,0,0,0,0,0,"-32.94582, -60.67855",S/D,,ROSARIO,Rosario,S/D,S/D,II,S/D,S/D,S/D,S/D,S/D,S/D,S/D,S/D,S/D,S/D,S/D,S/D,S/D,S/D,S/D,S/D,"-32.94582, -60.67855",[''],0,,-32.94582,-60.67855,55.0,538.0,Municipio Rosario,Municipio,Rosario,820210,Servicio de Catastro e Información Territorial,IGN
2019,10873,2019-02-11,Lunes,,,,0.0,1,Moto/Ciclomotor, ,1,1,0,0,0,0,0,"-32.95518, -60.66904",S/D,,ROSARIO,Rosario,S/D,S/D,II,S/D,S/D,S/D,S/D,S/D,S/D,S/D,S/D,S/D,S/D,S/D,S/D,S/D,S/D,S/D,S/D,"-32.95518, -60.66904",[''],0,,-32.95518,-60.66904,55.0,538.0,Municipio Rosario,Municipio,Rosario,820210,Servicio de Catastro e Información Territorial,IGN
2019,10874,2019-01-19,Sabado,,15:35:00,,0.0,1,Moto/Ciclomotor,Rioja Y Washington,1,1,0,0,0,0,0,"-32.94272, -60.6657",Calle,,ROSARIO,Rosario,S/D,S/D,II,S/D,Urbana,S/D,S/D,Intersección,S/D,S/D,Diurna,S/D,S/D,S/D,S/D,S/D,S/D,S/D,S/D,"-32.94272, -60.6657","['Rioja', 'Washington']",2,,-32.94272,-60.6657,55.0,538.0,Municipio Rosario,Municipio,Rosario,820210,Servicio de Catastro e Información Territorial,IGN
2019,10875,2019-02-12,Martes,,,,0.0,2,"Peatón,Otros", ,2,1,0,0,0,0,1,"-32.95307, -60.66846",S/D,,ROSARIO,Rosario,S/D,S/D,II,S/D,S/D,S/D,S/D,S/D,S/D,S/D,S/D,S/D,S/D,Peatón,Atropello,S/D,S/D,S/D,S/D,"-32.95307, -60.66846",[''],0,,-32.95307,-60.66846,55.0,538.0,Municipio Rosario,Municipio,Rosario,820210,Servicio de Catastro e Información Territorial,IGN
2019,10876,2019-02-12,Martes,,,,0.0,1,Automóvil, ,1,1,0,0,0,0,0,"-32.95632, -60.67226",S/D,,ROSARIO,Rosario,S/D,S/D,II,S/D,S/D,S/D,S/D,S/D,S/D,S/D,S/D,S/D,S/D,S/D,S/D,S/D,S/D,S/D,S/D,"-32.95632, -60.67226",[''],0,,-32.95632,-60.67226,55.0,538.0,Municipio Rosario,Municipio,Rosario,820210,Servicio de Catastro e Información Territorial,IGN
2019,10877,2019-02-12,Martes,,,,0.0,1,Moto/Ciclomotor, ,1,1,0,0,0,0,0,"-32.95388, -60.67296",S/D,,ROSARIO,Rosario,S/D,S/D,II,S/D,S/D,S/D,S/D,S/D,S/D,S/D,S/D,S/D,S/D,S/D,S/D,S/D,S/D,S/D,S/D,"-32.95388, -60.67296",[''],0,,-32.95388,-60.67296,55.0,538.0,Municipio Rosario,Municipio,Rosario,820210,Servicio de Catastro e Información Territorial,IGN
2019,10878,2019-01-19,Sabado,,15:40:00,,0.0,1,Moto/Ciclomotor,Av. Pellegrini Y Italia,1,1,0,0,0,0,0,"-32.95561, -60.65061",Avenida,,ROSARIO,Rosario,S/D,S/D,II,S/D,Urbana,S/D,S/D,Intersección,S/D,S/D,Diurna,S/D,S/D,S/D,S/D,S/D,S/D,S/D,S/D,"-32.95561, -60.65061","['Pellegrini', 'Italia']",2,,-32.95561,-60.65061,55.0,538.0,Municipio Rosario,Municipio,Rosario,820210,Servicio de Catastro e Información Territorial,IGN
2019,10879,2019-02-12,Martes,,,,0.0,1,Moto/Ciclomotor, ,1,1,0,0,0,0,0,"-32.95347, -60.66208",S/D,,ROSARIO,Rosario,S/D,S/D,II,S/D,S/D,S/D,S/D,S/D,S/D,S/D,S/D,S/D,S/D,S/D,S/D,S/D,S/D,S/D,S/D,"-32.95347, -60.66208",[''],0,,-32.95347,-60.66208,55.0,538.0,Municipio Rosario,Municipio,Rosario,820210,Servicio de Catastro e Información Territorial,IGN
2019,10880,2019-01-19,Sabado,,17:35:00,,0.0,1,Bicicleta, ,1,1,0,0,0,0,0,"-32.95871, -60.69303",S/D,,ROSARIO,Rosario,S/D,S/D,II,S/D,S/D,S/D,S/D,S/D,S/D,S/D,Diurna,S/D,S/D,S/D,S/D,S/D,S/D,S/D,S/D,"-32.95871, -60.69303",[''],0,,-32.95871,-60.69303,55.0,538.0,Municipio Rosario,Municipio,Rosario,820210,Servicio de Catastro e Información Territorial,IGN
2019,10881,2019-02-11,Lunes,,,,0.0,2,"Bicicleta,Otros", ,2,1,0,0,0,0,1,"-32.94971, -60.6676",S/D,,ROSARIO,Rosario,S/D,S/D,II,S/D,S/D,S/D,S/D,S/D,S/D,S/D,S/D,S/D,S/D,Ciclista,Atropello,S/D,S/D,S/D,S/D,"-32.94971, -60.6676",[''],0,,-32.94971,-60.6676,55.0,538.0,Municipio Rosario,Municipio,Rosario,820210,Servicio de Catastro e Información Territorial,IGN
2019,10882,2019-02-12,Martes,,,,0.0,1,Moto/Ciclomotor, ,1,1,0,0,0,0,0,"-32.94969, -60.66614",S/D,,ROSARIO,Rosario,S/D,S/D,II,S/D,S/D,S/D,S/D,S/D,S/D,S/D,S/D,S/D,S/D,S/D,S/D,S/D,S/D,S/D,S/D,"-32.94969, -60.66614",[''],0,,-32.94969,-60.66614,55.0,538.0,Municipio Rosario,Municipio,Rosario,820210,Servicio de Catastro e Información Territorial,IGN
2019,10883,2019-02-12,Martes,,,,0.0,1,Moto/Ciclomotor, ,1,1,0,0,0,0,0,"-32.94308, -60.68681",S/D,,ROSARIO,Rosario,S/D,S/D,II,S/D,S/D,S/D,S/D,S/D,S/D,S/D,S/D,S/D,S/D,S/D,S/D,S/D,S/D,S/D,S/D,"-32.94308, -60.68681",[''],0,,-32.94308,-60.68681,55.0,538.0,Municipio Rosario,Municipio,Rosario,820210,Servicio de Catastro e Información Territorial,IGN
2019,10884,2019-01-19,Sabado,,17:25:00,,0.0,1,Bicicleta,Av. Luis Carballo Y Rivarola,1,1,0,0,0,0,0,"-32.96650317953667, -60.73215243827",Calle,,ROSARIO,Rosario,Asfalto,No existe,II,S/D,Urbana,Paso Peatonal,No existe,Intersección,Bueno,Buena,Diurna,Buen Tiempo,S/D,S/D,S/D,Ninguna,Horizontal,"Línea divisoria pintada,S/D",Sin restricción,"-32.96650317953667, -60.73215243827","['Avenida Doctor Luis Cándido Carballo', 'Rivarola']",2,,-32.96650317953667,-60.73215243827,55.0,538.0,Municipio Rosario,Municipio,Rosario,820210,Servicio de Catastro e Información Territorial,IGN
2019,10885,2019-02-12,Martes,,,,0.0,1,Moto/Ciclomotor, ,1,1,0,0,0,0,0,"-32.95011, -60.68763",S/D,,ROSARIO,Rosario,S/D,S/D,II,S/D,S/D,S/D,S/D,S/D,S/D,S/D,S/D,S/D,S/D,S/D,S/D,S/D,S/D,S/D,S/D,"-32.95011, -60.68763",[''],0,,-32.95011,-60.68763,55.0,538.0,Municipio Rosario,Municipio,Rosario,820210,Servicio de Catastro e Información Territorial,IGN
2019,10886,2019-02-12,Martes,,,,0.0,1,Moto/Ciclomotor, ,1,1,0,0,0,0,0,"-32.96154, -60.66771",S/D,,ROSARIO,Rosario,S/D,S/D,II,S/D,S/D,S/D,S/D,S/D,S/D,S/D,S/D,S/D,S/D,S/D,S/D,S/D,S/D,S/D,S/D,"-32.96154, -60.66771",[''],0,,-32.96154,-60.66771,55.0,538.0,Municipio Rosario,Municipio,Rosario,820210,Servicio de Catastro e Información Territorial,IGN
2019,10887,2019-01-19,Sabado,,19:31:00,,0.0,1,Moto/Ciclomotor,Junin Y Nansen,1,1,0,0,0,0,0,"-32.92704, -60.69214",Calle,,ROSARIO,Rosario,S/D,S/D,II,S/D,Urbana,S/D,S/D,S/D,S/D,S/D,Atardecer,S/D,S/D,S/D,S/D,S/D,S/D,S/D,S/D,"-32.92704, -60.69214","['Junín', 'Nansen']",2,,-32.92704,-60.69214,55.0,538.0,Municipio Rosario,Municipio,Rosario,820210,Servicio de Catastro e Información Territorial,IGN
2019,10888,2019-01-19,Sabado,,01:15:00,,0.0,1,Moto/Ciclomotor, ,1,1,0,0,0,0,0,"-32.95871, -60.69303",S/D,,ROSARIO,Rosario,S/D,S/D,II,S/D,S/D,S/D,S/D,Intersección,S/D,S/D,Nocturna,S/D,S/D,S/D,S/D,S/D,S/D,S/D,S/D,"-32.95871, -60.69303",[''],0,,-32.95871,-60.69303,55.0,538.0,Municipio Rosario,Municipio,Rosario,820210,Servicio de Catastro e Información Territorial,IGN
2019,10889,2019-02-13,Miercoles,,,,0.0,1,Moto/Ciclomotor, ,1,1,0,0,0,0,0,"-32.95439, -60.67449",S/D,,ROSARIO,Rosario,S/D,S/D,II,S/D,S/D,S/D,S/D,S/D,S/D,S/D,S/D,S/D,S/D,S/D,S/D,S/D,S/D,S/D,S/D,"-32.95439, -60.67449",[''],0,,-32.95439,-60.67449,55.0,538.0,Municipio Rosario,Municipio,Rosario,820210,Servicio de Catastro e Información Territorial,IGN
2019,10890,2019-02-13,Miercoles,,,,0.0,1,Automóvil, ,1,1,0,0,0,0,0,"-32.94324, -60.68576",S/D,,ROSARIO,Rosario,S/D,S/D,II,S/D,S/D,S/D,S/D,S/D,S/D,S/D,S/D,S/D,S/D,S/D,S/D,S/D,S/D,S/D,S/D,"-32.94324, -60.68576",[''],0,,-32.94324,-60.68576,55.0,538.0,Municipio Rosario,Municipio,Rosario,820210,Servicio de Catastro e Información Territorial,IGN
2019,10891,2019-02-13,Miercoles,,,,0.0,1,Moto/Ciclomotor, ,1,1,0,0,0,0,0,"-32.9534, -60.65578",S/D,,ROSARIO,Rosario,S/D,S/D,II,S/D,S/D,S/D,S/D,S/D,S/D,S/D,S/D,S/D,S/D,S/D,S/D,S/D,S/D,S/D,S/D,"-32.9534, -60.65578",[''],0,,-32.9534,-60.65578,55.0,538.0,Municipio Rosario,Municipio,Rosario,820210,Servicio de Catastro e Información Territorial,IGN
2019,10892,2019-02-13,Miercoles,,,,0.0,1,Moto/Ciclomotor, ,1,1,0,0,0,0,0,"-32.95364, -60.67711",S/D,,ROSARIO,Rosario,S/D,S/D,II,S/D,S/D,S/D,S/D,S/D,S/D,S/D,S/D,S/D,S/D,S/D,S/D,S/D,S/D,S/D,S/D,"-32.95364, -60.67711",[''],0,,-32.95364,-60.67711,55.0,538.0,Municipio Rosario,Municipio,Rosario,820210,Servicio de Catastro e Información Territorial,IGN
2019,10893,2019-02-13,Miercoles,,,,0.0,1,Moto/Ciclomotor, ,1,1,0,0,0,0,0,"-32.95742, -60.68151",S/D,,ROSARIO,Rosario,S/D,S/D,II,S/D,S/D,S/D,S/D,S/D,S/D,S/D,S/D,S/D,S/D,S/D,S/D,S/D,S/D,S/D,S/D,"-32.95742, -60.68151",[''],0,,-32.95742,-60.68151,55.0,538.0,Municipio Rosario,Municipio,Rosario,820210,Servicio de Catastro e Información Territorial,IGN
2019,10894,2019-02-13,Miercoles,,,,0.0,1,Moto/Ciclomotor, ,1,1,0,0,0,0,0,"-32.96337, -60.66746",S/D,,ROSARIO,Rosario,S/D,S/D,II,S/D,S/D,S/D,S/D,S/D,S/D,S/D,S/D,S/D,S/D,S/D,S/D,S/D,S/D,S/D,S/D,"-32.96337, -60.66746",[''],0,,-32.96337,-60.66746,55.0,538.0,Municipio Rosario,Municipio,Rosario,820210,Servicio de Catastro e Información Territorial,IGN
2019,10895,2019-02-13,Miercoles,,,,0.0,1,Moto/Ciclomotor, ,1,1,0,0,0,0,0,"-32.95557, -60.67901",S/D,,ROSARIO,Rosario,S/D,S/D,II,S/D,S/D,S/D,S/D,S/D,S/D,S/D,S/D,S/D,S/D,S/D,S/D,S/D,S/D,S/D,S/D,"-32.95557, -60.67901",[''],0,,-32.95557,-60.67901,55.0,538.0,Municipio Rosario,Municipio,Rosario,820210,Servicio de Catastro e Información Territorial,IGN
2019,10896,2019-02-13,Miercoles,,,,0.0,1,Moto/Ciclomotor, ,1,1,0,0,0,0,0,"-32.95434, -60.68727",S/D,,ROSARIO,Rosario,S/D,S/D,II,S/D,S/D,S/D,S/D,S/D,S/D,S/D,S/D,S/D,S/D,S/D,S/D,S/D,S/D,S/D,S/D,"-32.95434, -60.68727",[''],0,,-32.95434,-60.68727,55.0,538.0,Municipio Rosario,Municipio,Rosario,820210,Servicio de Catastro e Información Territorial,IGN
2019,10897,2019-02-13,Miercoles,,,,0.0,2,"Peatón,Otros", ,2,1,0,0,0,0,1,"-32.96488, -60.66694",S/D,,ROSARIO,Rosario,S/D,S/D,II,S/D,S/D,S/D,S/D,S/D,S/D,S/D,S/D,S/D,S/D,Peatón,Atropello,S/D,S/D,S/D,S/D,"-32.96488, -60.66694",[''],0,,-32.96488,-60.66694,55.0,538.0,Municipio Rosario,Municipio,Rosario,820210,Servicio de Catastro e Información Territorial,IGN
2019,10898,2019-02-13,Miercoles,,,,0.0,1,Automóvil, ,1,1,0,0,0,0,0,"-32.9637, -60.67679",S/D,,ROSARIO,Rosario,S/D,S/D,II,S/D,S/D,S/D,S/D,S/D,S/D,S/D,S/D,S/D,S/D,S/D,S/D,S/D,S/D,S/D,S/D,"-32.9637, -60.67679",[''],0,,-32.9637,-60.67679,55.0,538.0,Municipio Rosario,Municipio,Rosario,820210,Servicio de Catastro e Información Territorial,IGN
2019,10899,2019-02-13,Miercoles,,,,0.0,1,Automóvil, ,1,1,0,0,0,0,0,"-32.94929, -60.65943",S/D,,ROSARIO,Rosario,S/D,S/D,II,S/D,S/D,S/D,S/D,S/D,S/D,S/D,S/D,S/D,S/D,S/D,S/D,S/D,S/D,S/D,S/D,"-32.94929, -60.65943",[''],0,,-32.94929,-60.65943,55.0,538.0,Municipio Rosario,Municipio,Rosario,820210,Servicio de Catastro e Información Territorial,IGN
2019,10900,2019-02-13,Miercoles,,,,0.0,2,"Bicicleta,Otros", ,2,1,0,0,0,0,1,"-32.96067, -60.68219",S/D,,ROSARIO,Rosario,S/D,S/D,II,S/D,S/D,S/D,S/D,S/D,S/D,S/D,S/D,S/D,S/D,Ciclista,Atropello,S/D,S/D,S/D,S/D,"-32.96067, -60.68219",[''],0,,-32.96067,-60.68219,55.0,538.0,Municipio Rosario,Municipio,Rosario,820210,Servicio de Catastro e Información Territorial,IGN
2019,10903,2019-02-14,Jueves,,,,0.0,2,"Peatón,Otros", ,2,1,0,0,0,0,1,"-32.95654, -60.67464",S/D,,ROSARIO,Rosario,S/D,S/D,II,S/D,S/D,S/D,S/D,S/D,S/D,S/D,S/D,S/D,S/D,Peatón,Atropello,S/D,S/D,S/D,S/D,"-32.95654, -60.67464",[''],0,,-32.95654,-60.67464,55.0,538.0,Municipio Rosario,Municipio,Rosario,820210,Servicio de Catastro e Información Territorial,IGN
2019,10904,2019-02-14,Jueves,,,,0.0,1,Moto/Ciclomotor, ,1,1,0,0,0,0,0,"-32.95386, -60.66862",S/D,,ROSARIO,Rosario,S/D,S/D,II,S/D,S/D,S/D,S/D,S/D,S/D,S/D,S/D,S/D,S/D,S/D,S/D,S/D,S/D,S/D,S/D,"-32.95386, -60.66862",[''],0,,-32.95386,-60.66862,55.0,538.0,Municipio Rosario,Municipio,Rosario,820210,Servicio de Catastro e Información Territorial,IGN
2019,10905,2019-02-14,Jueves,,,,0.0,1,Moto/Ciclomotor, ,1,1,0,0,0,0,0,"-32.9503, -60.67955",S/D,,ROSARIO,Rosario,S/D,S/D,II,S/D,S/D,S/D,S/D,S/D,S/D,S/D,S/D,S/D,S/D,S/D,S/D,S/D,S/D,S/D,S/D,"-32.9503, -60.67955",[''],0,,-32.9503,-60.67955,55.0,538.0,Municipio Rosario,Municipio,Rosario,820210,Servicio de Catastro e Información Territorial,IGN
2019,10906,2019-02-14,Jueves,,,,0.0,1,Moto/Ciclomotor, ,1,1,0,0,0,0,0,"-32.95392, -60.68294",S/D,,ROSARIO,Rosario,S/D,S/D,II,S/D,S/D,S/D,S/D,S/D,S/D,S/D,S/D,S/D,S/D,S/D,S/D,S/D,S/D,S/D,S/D,"-32.95392, -60.68294",[''],0,,-32.95392,-60.68294,55.0,538.0,Municipio Rosario,Municipio,Rosario,820210,Servicio de Catastro e Información Territorial,IGN
2019,10907,2019-02-14,Jueves,,,,0.0,1,Moto/Ciclomotor, ,1,1,0,0,0,0,0,"-32.96823, -60.66374",S/D,,ROSARIO,Rosario,S/D,S/D,II,S/D,S/D,S/D,S/D,S/D,S/D,S/D,S/D,S/D,S/D,S/D,S/D,S/D,S/D,S/D,S/D,"-32.96823, -60.66374",[''],0,,-32.96823,-60.66374,55.0,538.0,Municipio Rosario,Municipio,Rosario,820210,Servicio de Catastro e Información Territorial,IGN
2019,10908,2019-02-14,Jueves,,,,0.0,1,Moto/Ciclomotor, ,1,1,0,0,0,0,0,"-32.93865, -60.68123",S/D,,ROSARIO,Rosario,S/D,S/D,II,S/D,S/D,S/D,S/D,S/D,S/D,S/D,S/D,S/D,S/D,S/D,S/D,S/D,S/D,S/D,S/D,"-32.93865, -60.68123",[''],0,,-32.93865,-60.68123,55.0,538.0,Municipio Rosario,Municipio,Rosario,820210,Servicio de Catastro e Información Territorial,IGN
2019,10909,2019-02-14,Jueves,,,,0.0,1,Moto/Ciclomotor, ,1,1,0,0,0,0,0,"-32.96184, -60.67586",S/D,,ROSARIO,Rosario,S/D,S/D,II,S/D,S/D,S/D,S/D,S/D,S/D,S/D,S/D,S/D,S/D,S/D,S/D,S/D,S/D,S/D,S/D,"-32.96184, -60.67586",[''],0,,-32.96184,-60.67586,55.0,538.0,Municipio Rosario,Municipio,Rosario,820210,Servicio de Catastro e Información Territorial,IGN
2019,10910,2019-02-14,Jueves,,,,0.0,1,Moto/Ciclomotor, ,1,1,0,0,0,0,0,"-32.9665, -60.6496",S/D,,ROSARIO,Rosario,S/D,S/D,II,S/D,S/D,S/D,S/D,S/D,S/D,S/D,S/D,S/D,S/D,S/D,S/D,S/D,S/D,S/D,S/D,"-32.9665, -60.6496",[''],0,,-32.9665,-60.6496,55.0,538.0,Municipio Rosario,Municipio,Rosario,820210,Servicio de Catastro e Información Territorial,IGN