anio_acci,nro_acci,fecha,desc_dia,fecha_aprox,hora_aprox,desc_ruta,km,cant_participantes,desc_participante,calle_avenida_km,total,heridos_leves,heridos_graves,heridos_gravisimos,ilesos,fallecidos,sin_datos,posicion_XY,desc_tipo_via,desc_ruta_ori,desc_loc,desc_dpto,desc_tipo_calzada,desc_tipo_banquina,desc_unidad_regional,desc_lugar_calzada,desc_zona,desc_prioridad,desc_estado_semaforo,desc_lugar_via,desc_estado_via,desc_estado_visibilidad,desc_luminosidad,desc_estado_clima,desc_tipo_colision,desc_tipo_atropello,desc_tipo_hecho,desc_pres_calzada,desc_senializacion,desc_separacion_via,desc_restriccion,forma_geocod,calle_lista,numero_calles,calles_osm,lat,lon,index_right,gid,fna,gna,nam,in1,fdc,sag
2019,10911,2019-02-14,Jueves,,,,0.0,1,Moto/Ciclomotor, ,1,1,0,0,0,0,0,"-32.95581, -60.64904",S/D,,ROSARIO,Rosario,S/D,S/D,II,S/D,S/D,S/D,S/D,S/D,S/D,S/D,S/D,S/D,S/D,S/D,S/D,S/D,S/D,S/D,S/D,"-32.95581, -60.64904",[''],0,,-32.95581,-60.64904,55.0,538.0,Municipio Rosario,Municipio,Rosario,820210,Servicio de Catastro e Información Territorial,IGN
2019,10912,2019-02-14,Jueves,,,,0.0,2,"Peatón,Otros", ,2,1,0,0,0,0,1,"-32.96661, -60.65926",S/D,,ROSARIO,Rosario,S/D,S/D,II,S/D,S/D,S/D,S/D,S/D,S/D,S/D,S/D,S/D,S/D,Peatón,Atropello,S/D,S/D,S/D,S/D,"-32.96661, -60.65926",[''],0,,-32.96661,-60.65926,55.0,538.0,Municipio Rosario,Municipio,Rosario,820210,Servicio de Catastro e Información Territorial,IGN
2019,10913,2019-02-14,Jueves,,,,0.0,1,Moto/Ciclomotor, ,1,1,0,0,0,0,0,"-32.96949, -60.65975",S/D,,ROSARIO,Rosario,S/D,S/D,II,S/D,S/D,S/D,S/D,S/D,S/D,S/D,S/D,S/D,S/D,S/D,S/D,S/D,S/D,S/D,S/D,"-32.96949, -60.65975",[''],0,,-32.96949,-60.65975,55.0,538.0,Municipio Rosario,Municipio,Rosario,820210,Servicio de Catastro e Información Territorial,IGN
2019,10914,2019-02-14,Jueves,,,,0.0,2,"Peatón,Otros", ,2,1,0,0,0,0,1,"-32.96857, -60.64816",S/D,,ROSARIO,Rosario,S/D,S/D,II,S/D,S/D,S/D,S/D,S/D,S/D,S/D,S/D,S/D,S/D,Peatón,Atropello,S/D,S/D,S/D,S/D,"-32.96857, -60.64816",[''],0,,-32.96857,-60.64816,55.0,538.0,Municipio Rosario,Municipio,Rosario,820210,Servicio de Catastro e Información Territorial,IGN
2019,10915,2019-02-04,Lunes,,08:00:00,,0.0,1,Automóvil, ,1,1,0,0,0,0,0,"-32.95205, -60.67012",S/D,,ROSARIO,Rosario,S/D,S/D,II,S/D,S/D,S/D,S/D,S/D,S/D,S/D,Diurna,S/D,S/D,S/D,S/D,S/D,S/D,S/D,S/D,"-32.95205, -60.67012",[''],0,,-32.95205,-60.67012,55.0,538.0,Municipio Rosario,Municipio,Rosario,820210,Servicio de Catastro e Información Territorial,IGN
2019,10916,2019-02-14,Jueves,,09:18:00,,0.0,1,Moto/Ciclomotor, ,1,0,1,0,0,0,0,"-32.95194, -60.67079",S/D,,ROSARIO,Rosario,S/D,S/D,II,S/D,S/D,S/D,S/D,S/D,S/D,S/D,Diurna,S/D,S/D,S/D,S/D,S/D,S/D,S/D,S/D,"-32.95194, -60.67079",[''],0,,-32.95194,-60.67079,55.0,538.0,Municipio Rosario,Municipio,Rosario,820210,Servicio de Catastro e Información Territorial,IGN
2019,10917,2019-03-08,Viernes,,,,0.0,1,Automóvil,Av. Francia Y Rioja,1,1,0,0,0,0,0,"-32.94271, -60.66574",Calle,,ROSARIO,Rosario,Asfalto,S/D,II,S/D,Urbana,S/D,S/D,Intersección,S/D,S/D,S/D,S/D,S/D,S/D,S/D,S/D,S/D,S/D,S/D,"-32.94271, -60.66574","['Avenida Francia', 'Rioja']",2,,-32.94271,-60.66574,55.0,538.0,Municipio Rosario,Municipio,Rosario,820210,Servicio de Catastro e Información Territorial,IGN
2019,10918,2019-03-14,Jueves,,,,0.0,2,"Moto/Ciclomotor,Otros",Entre Rios Y Urquiza,2,1,0,0,0,0,1,"-32.94248, -60.64007",Calle,,ROSARIO,Rosario,Asfalto,S/D,II,S/D,Urbana,S/D,S/D,Intersección,S/D,S/D,S/D,S/D,S/D,S/D,Colisión,S/D,S/D,S/D,S/D,"-32.94248, -60.64007","['Entre Ríos', 'Urquiza']",2,,-32.94248,-60.64007,55.0,538.0,Municipio Rosario,Municipio,Rosario,820210,Servicio de Catastro e Información Territorial,IGN
2019,10919,2019-03-14,Jueves,,,,0.0,1,Otros,Tucuman 100,1,1,0,0,0,0,0,"-32.93208, -60.68993",Calle,,ROSARIO,Rosario,S/D,S/D,II,S/D,Urbana,S/D,S/D,S/D,S/D,S/D,S/D,S/D,S/D,S/D,S/D,S/D,S/D,S/D,S/D,"-32.93208, -60.68993",['Tucuman 100'],1,,-32.93208,-60.68993,55.0,538.0,Municipio Rosario,Municipio,Rosario,820210,Servicio de Catastro e Información Territorial,IGN
2019,10920,2019-03-15,Viernes,,,,0.0,1,Otros, ,1,1,0,0,0,0,0,"-32.96154, -60.67748",S/D,,ROSARIO,Rosario,S/D,S/D,II,S/D,S/D,S/D,S/D,S/D,S/D,S/D,S/D,S/D,S/D,S/D,S/D,S/D,S/D,S/D,S/D,"-32.96154, -60.67748",[''],0,,-32.96154,-60.67748,55.0,538.0,Municipio Rosario,Municipio,Rosario,820210,Servicio de Catastro e Información Territorial,IGN
2019,10921,2019-07-08,Lunes,,,,0.0,1,Moto/Ciclomotor, ,1,1,0,0,0,0,0,"-32.95619, -60.67127",S/D,,ROSARIO,Rosario,S/D,S/D,II,S/D,S/D,S/D,S/D,S/D,S/D,S/D,S/D,S/D,S/D,S/D,S/D,S/D,S/D,S/D,S/D,"-32.95619, -60.67127",[''],0,,-32.95619,-60.67127,55.0,538.0,Municipio Rosario,Municipio,Rosario,820210,Servicio de Catastro e Información Territorial,IGN
2019,10922,2019-07-08,Lunes,,,,0.0,1,Moto/Ciclomotor, ,1,1,0,0,0,0,0,"-32.95493, -60.674",S/D,,ROSARIO,Rosario,S/D,S/D,II,S/D,S/D,S/D,S/D,S/D,S/D,S/D,S/D,S/D,S/D,S/D,S/D,S/D,S/D,S/D,S/D,"-32.95493, -60.674",[''],0,,-32.95493,-60.674,55.0,538.0,Municipio Rosario,Municipio,Rosario,820210,Servicio de Catastro e Información Territorial,IGN
2019,10923,2019-07-08,Lunes,,,,0.0,1,Moto/Ciclomotor, ,1,1,0,0,0,0,0,"-32.96378, -60.66508",S/D,,ROSARIO,Rosario,S/D,S/D,II,S/D,S/D,S/D,S/D,S/D,S/D,S/D,S/D,S/D,S/D,S/D,S/D,S/D,S/D,S/D,S/D,"-32.96378, -60.66508",[''],0,,-32.96378,-60.66508,55.0,538.0,Municipio Rosario,Municipio,Rosario,820210,Servicio de Catastro e Información Territorial,IGN
2019,10924,2019-07-08,Lunes,,,,0.0,1,Moto/Ciclomotor, ,1,1,0,0,0,0,0,"-32.96992, -60.65975",S/D,,ROSARIO,Rosario,S/D,S/D,II,S/D,S/D,S/D,S/D,S/D,S/D,S/D,S/D,S/D,S/D,S/D,S/D,S/D,S/D,S/D,S/D,"-32.96992, -60.65975",[''],0,,-32.96992,-60.65975,55.0,538.0,Municipio Rosario,Municipio,Rosario,820210,Servicio de Catastro e Información Territorial,IGN
2019,10925,2019-07-08,Lunes,,14:00:00,,0.0,1,Automóvil, ,1,1,0,0,0,0,0,"-32.96438, -60.67119",S/D,,ROSARIO,Rosario,S/D,S/D,II,S/D,S/D,S/D,S/D,S/D,S/D,S/D,S/D,S/D,S/D,S/D,S/D,S/D,S/D,S/D,S/D,"-32.96438, -60.67119",[''],0,,-32.96438,-60.67119,55.0,538.0,Municipio Rosario,Municipio,Rosario,820210,Servicio de Catastro e Información Territorial,IGN
2019,10926,2019-07-08,Lunes,,,,0.0,1,Automóvil, ,1,1,0,0,0,0,0,"-32.95084, -60.67728",S/D,,ROSARIO,Rosario,S/D,S/D,II,S/D,S/D,S/D,S/D,S/D,S/D,S/D,S/D,S/D,S/D,S/D,S/D,S/D,S/D,S/D,S/D,"-32.95084, -60.67728",[''],0,,-32.95084,-60.67728,55.0,538.0,Municipio Rosario,Municipio,Rosario,820210,Servicio de Catastro e Información Territorial,IGN
2019,10927,2019-07-08,Lunes,,,,0.0,2,"Bicicleta,Otros", ,2,1,0,0,0,0,1,"-32.97148, -60.66545",S/D,,ROSARIO,Rosario,S/D,S/D,II,S/D,S/D,S/D,S/D,S/D,S/D,S/D,S/D,S/D,S/D,Ciclista,Atropello,S/D,S/D,S/D,S/D,"-32.97148, -60.66545",[''],0,,-32.97148,-60.66545,55.0,538.0,Municipio Rosario,Municipio,Rosario,820210,Servicio de Catastro e Información Territorial,IGN
2019,10928,2019-07-08,Lunes,,,,0.0,1,Moto/Ciclomotor, ,1,1,0,0,0,0,0,"-32.96882, -60.637",S/D,,ROSARIO,Rosario,S/D,S/D,II,S/D,S/D,S/D,S/D,S/D,S/D,S/D,S/D,S/D,S/D,S/D,S/D,S/D,S/D,S/D,S/D,"-32.96882, -60.637",[''],0,,-32.96882,-60.637,55.0,538.0,Municipio Rosario,Municipio,Rosario,820210,Servicio de Catastro e Información Territorial,IGN
2019,10929,2019-07-08,Lunes,,,,0.0,2,"Bicicleta,Otros", ,2,1,0,0,0,0,1,"-32.94699, -60.66681",S/D,,ROSARIO,Rosario,S/D,S/D,II,S/D,S/D,S/D,S/D,S/D,S/D,S/D,S/D,S/D,S/D,Ciclista,Atropello,S/D,S/D,S/D,S/D,"-32.94699, -60.66681",[''],0,,-32.94699,-60.66681,55.0,538.0,Municipio Rosario,Municipio,Rosario,820210,Servicio de Catastro e Información Territorial,IGN
2019,10930,2019-07-08,Lunes,,,,0.0,1,Moto/Ciclomotor, ,1,1,0,0,0,0,0,"-32.9552, -60.67468",S/D,,ROSARIO,Rosario,S/D,S/D,II,S/D,S/D,S/D,S/D,S/D,S/D,S/D,S/D,S/D,S/D,S/D,S/D,S/D,S/D,S/D,S/D,"-32.9552, -60.67468",[''],0,,-32.9552,-60.67468,55.0,538.0,Municipio Rosario,Municipio,Rosario,820210,Servicio de Catastro e Información Territorial,IGN
2019,10931,2019-07-08,Lunes,,,,0.0,2,"Peatón,Otros", ,2,1,0,0,0,0,1,"-32.94276, -60.67153",S/D,,ROSARIO,Rosario,S/D,S/D,II,S/D,S/D,S/D,S/D,S/D,S/D,S/D,S/D,S/D,S/D,Peatón,Atropello,S/D,S/D,S/D,S/D,"-32.94276, -60.67153",[''],0,,-32.94276,-60.67153,55.0,538.0,Municipio Rosario,Municipio,Rosario,820210,Servicio de Catastro e Información Territorial,IGN
2019,10932,2019-07-09,Martes,,,,0.0,1,Moto/Ciclomotor, ,1,1,0,0,0,0,0,"-32.94496, -60.66158",S/D,,ROSARIO,Rosario,S/D,S/D,II,S/D,S/D,S/D,S/D,S/D,S/D,S/D,S/D,S/D,S/D,S/D,S/D,S/D,S/D,S/D,S/D,"-32.94496, -60.66158",[''],0,,-32.94496,-60.66158,55.0,538.0,Municipio Rosario,Municipio,Rosario,820210,Servicio de Catastro e Información Territorial,IGN
2019,10933,2019-07-09,Martes,,,,0.0,1,Moto/Ciclomotor, ,1,1,0,0,0,0,0,"-32.94836, -60.67099",S/D,,ROSARIO,Rosario,S/D,S/D,II,S/D,S/D,S/D,S/D,S/D,S/D,S/D,S/D,S/D,S/D,S/D,S/D,S/D,S/D,S/D,S/D,"-32.94836, -60.67099",[''],0,,-32.94836,-60.67099,55.0,538.0,Municipio Rosario,Municipio,Rosario,820210,Servicio de Catastro e Información Territorial,IGN
2019,10934,2019-07-09,Martes,,,,0.0,1,Otros, ,1,1,0,0,0,0,0,"-32.95161, -60.67519",S/D,,ROSARIO,Rosario,S/D,S/D,II,S/D,S/D,S/D,S/D,S/D,S/D,S/D,S/D,S/D,S/D,S/D,S/D,S/D,S/D,S/D,S/D,"-32.95161, -60.67519",[''],0,,-32.95161,-60.67519,55.0,538.0,Municipio Rosario,Municipio,Rosario,820210,Servicio de Catastro e Información Territorial,IGN
2019,10935,2019-07-09,Martes,,,,0.0,1,Moto/Ciclomotor, ,1,1,0,0,0,0,0,"-32.94945, -60.67469",S/D,,ROSARIO,Rosario,S/D,S/D,II,S/D,S/D,S/D,S/D,S/D,S/D,S/D,S/D,S/D,S/D,S/D,S/D,S/D,S/D,S/D,S/D,"-32.94945, -60.67469",[''],0,,-32.94945,-60.67469,55.0,538.0,Municipio Rosario,Municipio,Rosario,820210,Servicio de Catastro e Información Territorial,IGN
2019,10936,2019-07-09,Martes,,,,0.0,1,Moto/Ciclomotor, ,1,1,0,0,0,0,0,"-32.9569, -60.67824",S/D,,ROSARIO,Rosario,S/D,S/D,II,S/D,S/D,S/D,S/D,S/D,S/D,S/D,S/D,S/D,S/D,S/D,S/D,S/D,S/D,S/D,S/D,"-32.9569, -60.67824",[''],0,,-32.9569,-60.67824,55.0,538.0,Municipio Rosario,Municipio,Rosario,820210,Servicio de Catastro e Información Territorial,IGN
2019,10937,2019-07-09,Martes,,,,0.0,2,"Peatón,Otros", ,2,1,0,0,0,0,1,"-32.96333, -60.6711",S/D,,ROSARIO,Rosario,S/D,S/D,II,S/D,S/D,S/D,S/D,S/D,S/D,S/D,S/D,S/D,S/D,Peatón,Atropello,S/D,S/D,S/D,S/D,"-32.96333, -60.6711",[''],0,,-32.96333,-60.6711,55.0,538.0,Municipio Rosario,Municipio,Rosario,820210,Servicio de Catastro e Información Territorial,IGN
2019,10938,2019-07-09,Martes,,,,0.0,1,Moto/Ciclomotor, ,1,1,0,0,0,0,0,"-32.95618, -60.67025",S/D,,ROSARIO,Rosario,S/D,S/D,II,S/D,S/D,S/D,S/D,S/D,S/D,S/D,S/D,S/D,S/D,S/D,S/D,S/D,S/D,S/D,S/D,"-32.95618, -60.67025",[''],0,,-32.95618,-60.67025,55.0,538.0,Municipio Rosario,Municipio,Rosario,820210,Servicio de Catastro e Información Territorial,IGN
2019,10940,2019-07-10,Miercoles,,,,0.0,1,Moto/Ciclomotor, ,1,1,0,0,0,0,0,"-32.93453, -60.70434",S/D,,ROSARIO,Rosario,S/D,S/D,II,S/D,S/D,S/D,S/D,S/D,S/D,S/D,S/D,S/D,S/D,S/D,S/D,S/D,S/D,S/D,S/D,"-32.93453, -60.70434",[''],0,,-32.93453,-60.70434,55.0,538.0,Municipio Rosario,Municipio,Rosario,820210,Servicio de Catastro e Información Territorial,IGN
2019,10941,2019-07-10,Miercoles,,,,0.0,2,"Peatón,Otros", ,2,1,0,0,0,0,1,"-32.94944, -60.65141",S/D,,ROSARIO,Rosario,S/D,S/D,II,S/D,S/D,S/D,S/D,S/D,S/D,S/D,S/D,S/D,S/D,Peatón,Atropello,S/D,S/D,S/D,S/D,"-32.94944, -60.65141",[''],0,,-32.94944,-60.65141,55.0,538.0,Municipio Rosario,Municipio,Rosario,820210,Servicio de Catastro e Información Territorial,IGN
2019,10942,2019-07-10,Miercoles,,,,0.0,1,Moto/Ciclomotor, ,1,1,0,0,0,0,0,"-32.95254, -60.67542",S/D,,ROSARIO,Rosario,S/D,S/D,II,S/D,S/D,S/D,S/D,S/D,S/D,S/D,S/D,S/D,S/D,S/D,S/D,S/D,S/D,S/D,S/D,"-32.95254, -60.67542",[''],0,,-32.95254,-60.67542,55.0,538.0,Municipio Rosario,Municipio,Rosario,820210,Servicio de Catastro e Información Territorial,IGN
2019,10943,2019-07-10,Miercoles,,,,0.0,2,"Bicicleta,Otros", ,2,1,0,0,0,0,1,"-32.95184, -60.67383",S/D,,ROSARIO,Rosario,S/D,S/D,II,S/D,S/D,S/D,S/D,S/D,S/D,S/D,S/D,S/D,S/D,Ciclista,Atropello,S/D,S/D,S/D,S/D,"-32.95184, -60.67383",[''],0,,-32.95184,-60.67383,55.0,538.0,Municipio Rosario,Municipio,Rosario,820210,Servicio de Catastro e Información Territorial,IGN
2019,10944,2019-07-11,Jueves,,,,0.0,1,Moto/Ciclomotor, ,1,1,0,0,0,0,0,"-32.94209, -60.66245",S/D,,ROSARIO,Rosario,S/D,S/D,II,S/D,S/D,S/D,S/D,S/D,S/D,S/D,S/D,S/D,S/D,S/D,S/D,S/D,S/D,S/D,S/D,"-32.94209, -60.66245",[''],0,,-32.94209,-60.66245,55.0,538.0,Municipio Rosario,Municipio,Rosario,820210,Servicio de Catastro e Información Territorial,IGN
2019,10945,2019-07-11,Jueves,,,,0.0,2,"Peatón,Otros", ,2,1,0,0,0,0,1,"-32.95049, -60.66783",S/D,,ROSARIO,Rosario,S/D,S/D,II,S/D,S/D,S/D,S/D,S/D,S/D,S/D,S/D,S/D,S/D,Peatón,Atropello,S/D,S/D,S/D,S/D,"-32.95049, -60.66783",[''],0,,-32.95049,-60.66783,55.0,538.0,Municipio Rosario,Municipio,Rosario,820210,Servicio de Catastro e Información Territorial,IGN
2019,10947,2019-07-11,Jueves,,,,0.0,1,Moto/Ciclomotor, ,1,1,0,0,0,0,0,"-32.94092, -60.66887",S/D,,ROSARIO,Rosario,S/D,S/D,II,S/D,S/D,S/D,S/D,S/D,S/D,S/D,S/D,S/D,S/D,S/D,S/D,S/D,S/D,S/D,S/D,"-32.94092, -60.66887",[''],0,,-32.94092,-60.66887,55.0,538.0,Municipio Rosario,Municipio,Rosario,820210,Servicio de Catastro e Información Territorial,IGN
2019,10948,2019-07-11,Jueves,,,,0.0,1,Moto/Ciclomotor, ,1,1,0,0,0,0,0,"-32.95628, -60.67252",S/D,,ROSARIO,Rosario,S/D,S/D,II,S/D,S/D,S/D,S/D,S/D,S/D,S/D,S/D,S/D,S/D,S/D,S/D,S/D,S/D,S/D,S/D,"-32.95628, -60.67252",[''],0,,-32.95628,-60.67252,55.0,538.0,Municipio Rosario,Municipio,Rosario,820210,Servicio de Catastro e Información Territorial,IGN
2019,10949,2019-07-11,Jueves,,,,0.0,1,Moto/Ciclomotor, ,1,1,0,0,0,0,0,"-32.95408, -60.67223",S/D,,ROSARIO,Rosario,S/D,S/D,II,S/D,S/D,S/D,S/D,S/D,S/D,S/D,S/D,S/D,S/D,S/D,S/D,S/D,S/D,S/D,S/D,"-32.95408, -60.67223",[''],0,,-32.95408,-60.67223,55.0,538.0,Municipio Rosario,Municipio,Rosario,820210,Servicio de Catastro e Información Territorial,IGN
2019,10950,2019-07-11,Jueves,,,,0.0,1,Moto/Ciclomotor, ,1,1,0,0,0,0,0,"-32.95172, -60.67198",S/D,,ROSARIO,Rosario,S/D,S/D,II,S/D,S/D,S/D,S/D,S/D,S/D,S/D,S/D,S/D,S/D,S/D,S/D,S/D,S/D,S/D,S/D,"-32.95172, -60.67198",[''],0,,-32.95172,-60.67198,55.0,538.0,Municipio Rosario,Municipio,Rosario,820210,Servicio de Catastro e Información Territorial,IGN
2019,10951,2019-07-11,Jueves,,,,0.0,2,"Peatón,Otros", ,2,1,0,0,0,0,1,"-32.94962, -60.65195",S/D,,ROSARIO,Rosario,S/D,S/D,II,S/D,S/D,S/D,S/D,S/D,S/D,S/D,S/D,S/D,S/D,Peatón,Atropello,S/D,S/D,S/D,S/D,"-32.94962, -60.65195",[''],0,,-32.94962,-60.65195,55.0,538.0,Municipio Rosario,Municipio,Rosario,820210,Servicio de Catastro e Información Territorial,IGN
2019,10952,2019-07-12,Viernes,,,,0.0,1,Moto/Ciclomotor, ,1,1,0,0,0,0,0,"-32.95558, -60.64998",S/D,,ROSARIO,Rosario,S/D,S/D,II,S/D,S/D,S/D,S/D,S/D,S/D,S/D,S/D,S/D,S/D,S/D,S/D,S/D,S/D,S/D,S/D,"-32.95558, -60.64998",[''],0,,-32.95558,-60.64998,55.0,538.0,Municipio Rosario,Municipio,Rosario,820210,Servicio de Catastro e Información Territorial,IGN
2019,10953,2019-07-12,Viernes,,,,0.0,2,"Bicicleta,Otros", ,2,1,0,0,0,0,1,"-32.93896, -60.67977",S/D,,ROSARIO,Rosario,S/D,S/D,II,S/D,S/D,S/D,S/D,S/D,S/D,S/D,S/D,S/D,S/D,Ciclista,Atropello,S/D,S/D,S/D,S/D,"-32.93896, -60.67977",[''],0,,-32.93896,-60.67977,55.0,538.0,Municipio Rosario,Municipio,Rosario,820210,Servicio de Catastro e Información Territorial,IGN
2019,10954,2019-07-12,Viernes,,,,0.0,1,Moto/Ciclomotor, ,1,1,0,0,0,0,0,"-32.94214, -60.68355",S/D,,ROSARIO,Rosario,S/D,S/D,II,S/D,S/D,S/D,S/D,S/D,S/D,S/D,S/D,S/D,S/D,S/D,S/D,S/D,S/D,S/D,S/D,"-32.94214, -60.68355",[''],0,,-32.94214,-60.68355,55.0,538.0,Municipio Rosario,Municipio,Rosario,820210,Servicio de Catastro e Información Territorial,IGN
2019,10955,2019-07-12,Viernes,,,,0.0,2,"Peatón,Otros", ,2,1,0,0,0,0,1,"-32.93598, -60.67844",S/D,,ROSARIO,Rosario,S/D,S/D,II,S/D,S/D,S/D,S/D,S/D,S/D,S/D,S/D,S/D,S/D,Peatón,Atropello,S/D,S/D,S/D,S/D,"-32.93598, -60.67844",[''],0,,-32.93598,-60.67844,55.0,538.0,Municipio Rosario,Municipio,Rosario,820210,Servicio de Catastro e Información Territorial,IGN
2019,10956,2019-07-12,Viernes,,,,0.0,1,Moto/Ciclomotor, ,2,2,0,0,0,0,0,"-32.94506, -60.68894",S/D,,ROSARIO,Rosario,S/D,S/D,II,S/D,S/D,S/D,S/D,S/D,S/D,S/D,S/D,S/D,S/D,S/D,S/D,S/D,S/D,S/D,S/D,"-32.94506, -60.68894",[''],0,,-32.94506,-60.68894,55.0,538.0,Municipio Rosario,Municipio,Rosario,820210,Servicio de Catastro e Información Territorial,IGN
2019,10957,2019-07-12,Viernes,,,,0.0,1,Moto/Ciclomotor, ,1,1,0,0,0,0,0,"-32.94656, -60.67252",S/D,,ROSARIO,Rosario,S/D,S/D,II,S/D,S/D,S/D,S/D,S/D,S/D,S/D,S/D,S/D,S/D,S/D,S/D,S/D,S/D,S/D,S/D,"-32.94656, -60.67252",[''],0,,-32.94656,-60.67252,55.0,538.0,Municipio Rosario,Municipio,Rosario,820210,Servicio de Catastro e Información Territorial,IGN
2019,10958,2019-07-12,Viernes,,,,0.0,2,"Peatón,Otros", ,2,1,0,0,0,0,1,"-32.94391, -60.67406",S/D,,ROSARIO,Rosario,S/D,S/D,II,S/D,S/D,S/D,S/D,S/D,S/D,S/D,S/D,S/D,S/D,Peatón,Atropello,S/D,S/D,S/D,S/D,"-32.94391, -60.67406",[''],0,,-32.94391,-60.67406,55.0,538.0,Municipio Rosario,Municipio,Rosario,820210,Servicio de Catastro e Información Territorial,IGN
2019,10959,2019-07-12,Viernes,,,,0.0,1,Moto/Ciclomotor, ,1,1,0,0,0,0,0,"-32.94436, -60.66056",S/D,,ROSARIO,Rosario,S/D,S/D,II,S/D,S/D,S/D,S/D,S/D,S/D,S/D,S/D,S/D,S/D,S/D,S/D,S/D,S/D,S/D,S/D,"-32.94436, -60.66056",[''],0,,-32.94436,-60.66056,55.0,538.0,Municipio Rosario,Municipio,Rosario,820210,Servicio de Catastro e Información Territorial,IGN
2019,10960,2019-07-12,Viernes,,,,0.0,1,Moto/Ciclomotor, ,1,1,0,0,0,0,0,"-32.942, -60.66563",S/D,,ROSARIO,Rosario,S/D,S/D,II,S/D,S/D,S/D,S/D,S/D,S/D,S/D,S/D,S/D,S/D,S/D,S/D,S/D,S/D,S/D,S/D,"-32.942, -60.66563",[''],0,,-32.942,-60.66563,55.0,538.0,Municipio Rosario,Municipio,Rosario,820210,Servicio de Catastro e Información Territorial,IGN
2019,10961,2019-01-03,Jueves,,20:30:00,,0.0,2,"Bicicleta,Taxi/Remis",Rivarola Y Gonzalez del Solar,2,0,1,0,1,0,0,"-32.96643, -60.73091",S/D,,ROSARIO,Rosario,S/D,S/D,II,S/D,S/D,S/D,S/D,S/D,S/D,S/D,S/D,S/D,S/D,Ciclista,Atropello,S/D,S/D,S/D,S/D,"-32.96643, -60.73091","['Rivarola', 'González del Solar']",2,,-32.96643,-60.73091,55.0,538.0,Municipio Rosario,Municipio,Rosario,820210,Servicio de Catastro e Información Territorial,IGN
2019,10962,2019-07-12,Viernes,,,,0.0,1,Moto/Ciclomotor, ,1,1,0,0,0,0,0,"-32.94438, -60.65338",S/D,,ROSARIO,Rosario,S/D,S/D,II,S/D,S/D,S/D,S/D,S/D,S/D,S/D,S/D,S/D,S/D,S/D,S/D,S/D,S/D,S/D,S/D,"-32.94438, -60.65338",[''],0,,-32.94438,-60.65338,55.0,538.0,Municipio Rosario,Municipio,Rosario,820210,Servicio de Catastro e Información Territorial,IGN
2019,10963,2019-07-12,Viernes,,06:00:00,,0.0,1,Moto/Ciclomotor, ,1,1,0,0,0,0,0,"-32.95676, -60.67671",S/D,,ROSARIO,Rosario,S/D,S/D,II,S/D,S/D,S/D,S/D,S/D,S/D,S/D,S/D,S/D,S/D,S/D,S/D,S/D,S/D,S/D,S/D,"-32.95676, -60.67671",[''],0,,-32.95676,-60.67671,55.0,538.0,Municipio Rosario,Municipio,Rosario,820210,Servicio de Catastro e Información Territorial,IGN
2019,10964,2019-07-12,Viernes,,,,0.0,1,Moto/Ciclomotor, ,1,1,0,0,0,0,0,"-32.94713, -60.66406",S/D,,ROSARIO,Rosario,S/D,S/D,II,S/D,S/D,S/D,S/D,S/D,S/D,S/D,S/D,S/D,S/D,S/D,S/D,S/D,S/D,S/D,S/D,"-32.94713, -60.66406",[''],0,,-32.94713,-60.66406,55.0,538.0,Municipio Rosario,Municipio,Rosario,820210,Servicio de Catastro e Información Territorial,IGN
2019,10965,2019-01-04,Viernes,,19:00:00,,0.0,1,Taxi/Remis,Bv. Oroño ,1,1,0,0,0,0,0,"-32.97651, -60.66139",S/D,,ROSARIO,Rosario,S/D,S/D,II,S/D,S/D,S/D,S/D,S/D,S/D,S/D,S/D,S/D,S/D,S/D,S/D,S/D,S/D,S/D,S/D,"-32.97651, -60.66139",['Nicasio Oroñoño'],1,,-32.97651,-60.66139,55.0,538.0,Municipio Rosario,Municipio,Rosario,820210,Servicio de Catastro e Información Territorial,IGN
2019,10966,2019-01-04,Viernes,,13:00:00,,0.0,1,Moto/Ciclomotor,Av. Irigoyen ,1,1,0,0,0,0,0,"-32.8847, -60.70208",S/D,,ROSARIO,Rosario,S/D,S/D,II,S/D,S/D,S/D,S/D,S/D,S/D,S/D,S/D,S/D,S/D,S/D,S/D,S/D,S/D,S/D,S/D,"-32.8847, -60.70208",['Avenida Hipólito Irigoyen'],1,,-32.8847,-60.70208,55.0,538.0,Municipio Rosario,Municipio,Rosario,820210,Servicio de Catastro e Información Territorial,IGN
2019,10967,2019-07-13,Sabado,,,,0.0,1,Moto/Ciclomotor, ,1,1,0,0,0,0,0,"-32.95376, -60.66099",S/D,,ROSARIO,Rosario,S/D,S/D,II,S/D,S/D,S/D,S/D,S/D,S/D,S/D,S/D,S/D,S/D,S/D,S/D,S/D,S/D,S/D,S/D,"-32.95376, -60.66099",[''],0,,-32.95376,-60.66099,55.0,538.0,Municipio Rosario,Municipio,Rosario,820210,Servicio de Catastro e Información Territorial,IGN
2019,10968,2019-01-04,Viernes,,18:00:00,,0.0,1,Moto/Ciclomotor, ,1,0,1,0,0,0,0,"-32.96229, -60.69148",S/D,,ROSARIO,Rosario,S/D,S/D,II,S/D,S/D,S/D,S/D,S/D,S/D,S/D,S/D,S/D,S/D,S/D,S/D,S/D,S/D,S/D,S/D,"-32.96229, -60.69148",[''],0,,-32.96229,-60.69148,55.0,538.0,Municipio Rosario,Municipio,Rosario,820210,Servicio de Catastro e Información Territorial,IGN
2019,10969,2019-07-13,Sabado,,,,0.0,1,Moto/Ciclomotor, ,1,1,0,0,0,0,0,"-32.94977, -60.67757",S/D,,ROSARIO,Rosario,S/D,S/D,II,S/D,S/D,S/D,S/D,S/D,S/D,S/D,S/D,S/D,S/D,S/D,S/D,S/D,S/D,S/D,S/D,"-32.94977, -60.67757",[''],0,,-32.94977,-60.67757,55.0,538.0,Municipio Rosario,Municipio,Rosario,820210,Servicio de Catastro e Información Territorial,IGN
2019,10970,2019-07-13,Sabado,,,,0.0,1,Moto/Ciclomotor, ,1,1,0,0,0,0,0,"-32.94869, -60.6602",S/D,,ROSARIO,Rosario,S/D,S/D,II,S/D,S/D,S/D,S/D,S/D,S/D,S/D,S/D,S/D,S/D,S/D,S/D,S/D,S/D,S/D,S/D,"-32.94869, -60.6602",[''],0,,-32.94869,-60.6602,55.0,538.0,Municipio Rosario,Municipio,Rosario,820210,Servicio de Catastro e Información Territorial,IGN
2019,10971,2019-07-13,Sabado,,14:00:00,,0.0,2,"Moto/Ciclomotor,Otros",Dr.G.Colombres Y Rivarola,2,0,1,0,0,0,1,"-32.96628, -60.72482",Calle,,ROSARIO,Rosario,Asfalto,S/D,II,S/D,Urbana,S/D,S/D,Intersección,S/D,S/D,S/D,S/D,S/D,S/D,Colisión,S/D,S/D,S/D,S/D,"-32.96628, -60.72482","['Doctor G. Colombres', 'Rivarola']",2,,-32.96628,-60.72482,55.0,538.0,Municipio Rosario,Municipio,Rosario,820210,Servicio de Catastro e Información Territorial,IGN
2019,10972,2019-01-04,Viernes,,17:30:00,,0.0,2,"Moto/Ciclomotor,Automóvil", ,2,1,0,0,1,0,0,"-32.96229, -60.69148",S/D,,ROSARIO,Rosario,S/D,S/D,II,S/D,S/D,S/D,S/D,S/D,S/D,S/D,S/D,S/D,S/D,S/D,S/D,S/D,S/D,S/D,S/D,"-32.96229, -60.69148",[''],0,,-32.96229,-60.69148,55.0,538.0,Municipio Rosario,Municipio,Rosario,820210,Servicio de Catastro e Información Territorial,IGN
2019,10973,2019-01-04,Viernes,,21:00:00,,0.0,2,"Peatón,Moto/Ciclomotor", ,2,1,0,0,1,0,0,"-32.96229, -60.69148",S/D,,ROSARIO,Rosario,S/D,S/D,II,S/D,S/D,S/D,S/D,S/D,S/D,S/D,S/D,S/D,S/D,Peatón,Atropello,S/D,S/D,S/D,S/D,"-32.96229, -60.69148",[''],0,,-32.96229,-60.69148,55.0,538.0,Municipio Rosario,Municipio,Rosario,820210,Servicio de Catastro e Información Territorial,IGN
2019,10974,2019-07-13,Sabado,,,,0.0,2,"Bicicleta,Otros", ,2,1,0,0,0,0,1,"-32.93381, -60.67788",S/D,,ROSARIO,Rosario,S/D,S/D,II,S/D,S/D,S/D,S/D,S/D,S/D,S/D,S/D,S/D,S/D,Ciclista,Atropello,S/D,S/D,S/D,S/D,"-32.93381, -60.67788",[''],0,,-32.93381,-60.67788,55.0,538.0,Municipio Rosario,Municipio,Rosario,820210,Servicio de Catastro e Información Territorial,IGN