anio_acci,nro_acci,fecha,desc_dia,fecha_aprox,hora_aprox,desc_ruta,km,cant_participantes,desc_participante,calle_avenida_km,total,heridos_leves,heridos_graves,heridos_gravisimos,ilesos,fallecidos,sin_datos,posicion_XY,desc_tipo_via,desc_ruta_ori,desc_loc,desc_dpto,desc_tipo_calzada,desc_tipo_banquina,desc_unidad_regional,desc_lugar_calzada,desc_zona,desc_prioridad,desc_estado_semaforo,desc_lugar_via,desc_estado_via,desc_estado_visibilidad,desc_luminosidad,desc_estado_clima,desc_tipo_colision,desc_tipo_atropello,desc_tipo_hecho,desc_pres_calzada,desc_senializacion,desc_separacion_via,desc_restriccion,forma_geocod,calle_lista,numero_calles,calles_osm,lat,lon,index_right,gid,fna,gna,nam,in1,fdc,sag
2019,11100,2019-01-21,Lunes,,17:55:00,,0.0,1,Moto/Ciclomotor, ,1,0,1,0,0,0,0,"-32.9587, -60.69303",S/D,,ROSARIO,Rosario,S/D,S/D,II,S/D,S/D,S/D,S/D,S/D,S/D,S/D,Diurna,S/D,S/D,S/D,S/D,S/D,S/D,S/D,S/D,"-32.9587, -60.69303",[''],0,,-32.9587,-60.69303,55.0,538.0,Municipio Rosario,Municipio,Rosario,820210,Servicio de Catastro e Información Territorial,IGN
2019,11101,2019-05-30,Jueves,,23:30:00,,0.0,1,Moto/Ciclomotor,Liniers Y Tucuman,1,1,0,0,0,0,0,"-32.932161097753,-60.698856184845",Calle,,ROSARIO,Rosario,Asfalto,No existe,II,Dentro,Urbana,Ninguna,No existe,Intersección,Bueno,Buena,"Nocturna,Con luz artificial",Buen Tiempo,S/D,S/D,Colisión,Ninguna,Faltante,Ninguna,Sin restricción,"-32.932161097753,-60.698856184845","['Liniers', 'Tucumán']",2,,-32.932161097753,-60.698856184845,55.0,538.0,Municipio Rosario,Municipio,Rosario,820210,Servicio de Catastro e Información Territorial,IGN
2019,11102,2019-02-03,Domingo,,00:00:00,,0.0,1,Moto/Ciclomotor,Av. Provincias Unidas Y Av. Eva Peron,1,1,0,0,0,0,0,"-32.93308, -60.71297",S/D,,ROSARIO,Rosario,S/D,S/D,II,S/D,S/D,S/D,S/D,S/D,S/D,S/D,S/D,S/D,S/D,S/D,S/D,S/D,S/D,S/D,S/D,"-32.93308, -60.71297","['Avenida Provincias Unidas', 'Avenida Eva Perón']",2,,-32.93308,-60.71297,55.0,538.0,Municipio Rosario,Municipio,Rosario,820210,Servicio de Catastro e Información Territorial,IGN
2019,11104,2019-04-23,Martes,,11:00:00,,0.0,1,Automóvil,Bv. Segui Y Sarmiento,3,3,0,0,0,0,0,"-32.978962429421,-60.646343767061",Avenida,,ROSARIO,Rosario,Asfalto,No existe,II,Dentro,Urbana,Señal Pare,No existe,Intersección,Bueno,Buena,Diurna,Buen Tiempo,S/D,S/D,Colisión,Ninguna,Vertical,"Cordón divisorio,Vegetación",Sin restricción,"-32.978962429421,-60.646343767061","['Bulevar Juan Francisco Seguí', 'Sarmiento']",2,,-32.978962429421,-60.646343767061,55.0,538.0,Municipio Rosario,Municipio,Rosario,820210,Servicio de Catastro e Información Territorial,IGN
2019,11105,2019-02-03,Domingo,,13:30:00,,0.0,1,Moto/Ciclomotor,F.More ,1,1,0,0,0,0,0,"-32.95581, -60.69313",S/D,,ROSARIO,Rosario,S/D,S/D,II,S/D,S/D,S/D,S/D,S/D,S/D,S/D,S/D,S/D,S/D,S/D,S/D,S/D,S/D,S/D,S/D,"-32.95581, -60.69313",['F More'],1,,-32.95581,-60.69313,55.0,538.0,Municipio Rosario,Municipio,Rosario,820210,Servicio de Catastro e Información Territorial,IGN
2019,11106,2019-01-27,Domingo,,,,0.0,1,Moto/Ciclomotor, ,1,1,0,0,0,0,0,"-32.95816, -60.67687",S/D,,ROSARIO,Rosario,S/D,S/D,II,S/D,S/D,S/D,S/D,S/D,S/D,S/D,S/D,S/D,S/D,S/D,S/D,S/D,S/D,S/D,S/D,"-32.95816, -60.67687",[''],0,,-32.95816,-60.67687,55.0,538.0,Municipio Rosario,Municipio,Rosario,820210,Servicio de Catastro e Información Territorial,IGN
2019,11107,2019-05-27,Lunes,,06:42:00,,0.0,1,Moto/Ciclomotor,Av. Pellegrini Y Gutenberg,1,1,0,0,0,0,0,"-32.948547, -60.690095",Avenida,,ROSARIO,Rosario,Asfalto,No existe,II,Dentro,Urbana,Semáforo,Funciona,Intersección,Bueno,Buena,Amanecer,S/D,S/D,S/D,Colisión,Ninguna,"Horizontal,Vertical",Cordón divisorio,Sin restricción,"-32.948547, -60.690095","['Pellegrini', 'Gutenberg']",2,,-32.948547,-60.690095,55.0,538.0,Municipio Rosario,Municipio,Rosario,820210,Servicio de Catastro e Información Territorial,IGN
2019,11108,2019-04-23,Martes,,20:30:00,,0.0,1,Automóvil,Bv. 27 De Febrero Y Laprida,1,1,0,0,0,0,0,"-32.968222900595,-60.639543583959",Avenida,,ROSARIO,Rosario,Asfalto,No existe,II,Dentro,Urbana,Semáforo,Funciona,Intersección,Bueno,Buena,"Nocturna,Con luz artificial",Buen Tiempo,S/D,S/D,Colisión,Ninguna,"Horizontal,Vertical","Cordón divisorio,Vegetación,Línea divisoria pintada",Sin restricción,"-32.968222900595,-60.639543583959","['27 de Febrero', 'Laprida']",2,,-32.968222900595,-60.639543583959,55.0,538.0,Municipio Rosario,Municipio,Rosario,820210,Servicio de Catastro e Información Territorial,IGN
2019,11109,2019-01-21,Lunes,,16:28:00,,0.0,1,Automóvil, ,1,1,0,0,0,0,0,"-32.9587, -60.69303",S/D,,ROSARIO,Rosario,S/D,S/D,II,S/D,S/D,S/D,S/D,S/D,S/D,S/D,Diurna,S/D,S/D,S/D,S/D,S/D,S/D,S/D,S/D,"-32.9587, -60.69303",[''],0,,-32.9587,-60.69303,55.0,538.0,Municipio Rosario,Municipio,Rosario,820210,Servicio de Catastro e Información Territorial,IGN
2019,11110,2019-02-03,Domingo,,06:00:00,,0.0,1,Otros,J.J.Paso ,1,1,0,0,0,0,0,"-32.92023, -60.71282",S/D,,ROSARIO,Rosario,S/D,S/D,II,S/D,S/D,S/D,S/D,S/D,S/D,S/D,S/D,S/D,S/D,S/D,S/D,S/D,S/D,S/D,S/D,"-32.92023, -60.71282",['Juan José Paso'],1,,-32.92023,-60.71282,55.0,538.0,Municipio Rosario,Municipio,Rosario,820210,Servicio de Catastro e Información Territorial,IGN
2019,11111,2019-01-27,Domingo,,,,0.0,1,Moto/Ciclomotor, ,1,1,0,0,0,0,0,"-32.96196, -60.6707",S/D,,ROSARIO,Rosario,S/D,S/D,II,S/D,S/D,S/D,S/D,S/D,S/D,S/D,S/D,S/D,S/D,S/D,S/D,S/D,S/D,S/D,S/D,"-32.96196, -60.6707",[''],0,,-32.96196,-60.6707,55.0,538.0,Municipio Rosario,Municipio,Rosario,820210,Servicio de Catastro e Información Territorial,IGN
2019,11112,2019-02-03,Domingo,,18:30:00,,0.0,1,Moto/Ciclomotor,Bv. Avellaneda Y Cordoba,1,0,1,0,0,0,0,"-32.93922, -60.67911",S/D,,ROSARIO,Rosario,S/D,S/D,II,S/D,S/D,S/D,S/D,S/D,S/D,S/D,S/D,S/D,S/D,S/D,S/D,S/D,S/D,S/D,S/D,"-32.93922, -60.67911","['Avellaneda', 'Córdoba']",2,,-32.93922,-60.67911,55.0,538.0,Municipio Rosario,Municipio,Rosario,820210,Servicio de Catastro e Información Territorial,IGN
2019,11113,2019-01-21,Lunes,,19:31:00,,0.0,1,Moto/Ciclomotor, ,1,1,0,0,0,0,0,"-32.9587, -60.69303",S/D,,ROSARIO,Rosario,S/D,S/D,II,S/D,S/D,S/D,S/D,S/D,S/D,S/D,Atardecer,S/D,S/D,S/D,S/D,S/D,S/D,S/D,S/D,"-32.9587, -60.69303",[''],0,,-32.9587,-60.69303,55.0,538.0,Municipio Rosario,Municipio,Rosario,820210,Servicio de Catastro e Información Territorial,IGN
2019,11114,2019-02-03,Domingo,,,,0.0,1,Moto/Ciclomotor, ,2,2,0,0,0,0,0,"-32.95993, -60.69519",S/D,,ROSARIO,Rosario,S/D,S/D,II,S/D,S/D,S/D,S/D,S/D,S/D,S/D,S/D,S/D,S/D,S/D,S/D,S/D,S/D,S/D,S/D,"-32.95993, -60.69519",[''],0,,-32.95993,-60.69519,55.0,538.0,Municipio Rosario,Municipio,Rosario,820210,Servicio de Catastro e Información Territorial,IGN
2019,11115,2019-01-27,Domingo,,,,0.0,1,Automóvil, ,1,1,0,0,0,0,0,"-32.95733, -60.67801",S/D,,ROSARIO,Rosario,S/D,S/D,II,S/D,S/D,S/D,S/D,S/D,S/D,S/D,S/D,S/D,S/D,S/D,S/D,S/D,S/D,S/D,S/D,"-32.95733, -60.67801",[''],0,,-32.95733,-60.67801,55.0,538.0,Municipio Rosario,Municipio,Rosario,820210,Servicio de Catastro e Información Territorial,IGN
2019,11116,2019-02-03,Domingo,,,,0.0,1,Moto/Ciclomotor, ,1,1,0,0,0,0,0,"-32.95993, -60.69519",S/D,,ROSARIO,Rosario,S/D,S/D,II,S/D,S/D,S/D,S/D,S/D,S/D,S/D,S/D,S/D,S/D,S/D,S/D,S/D,S/D,S/D,S/D,"-32.95993, -60.69519",[''],0,,-32.95993,-60.69519,55.0,538.0,Municipio Rosario,Municipio,Rosario,820210,Servicio de Catastro e Información Territorial,IGN
2019,11117,2019-08-01,Jueves,,08:39:00,,0.0,1,Otros, ,1,1,0,0,0,0,0,"-32.937702293708,-60.678934327932",S/D,,ROSARIO,Rosario,S/D,S/D,II,S/D,S/D,S/D,S/D,S/D,S/D,S/D,Diurna,S/D,S/D,S/D,S/D,S/D,S/D,S/D,S/D,"-32.937702293708,-60.678934327932",[''],0,,-32.937702293708,-60.678934327932,55.0,538.0,Municipio Rosario,Municipio,Rosario,820210,Servicio de Catastro e Información Territorial,IGN
2019,11118,2019-02-03,Domingo,,,,0.0,1,Moto/Ciclomotor, ,1,1,0,0,0,0,0,"-32.95993, -60.69519",S/D,,ROSARIO,Rosario,S/D,S/D,II,S/D,S/D,S/D,S/D,S/D,S/D,S/D,S/D,S/D,S/D,S/D,S/D,S/D,S/D,S/D,S/D,"-32.95993, -60.69519",[''],0,,-32.95993,-60.69519,55.0,538.0,Municipio Rosario,Municipio,Rosario,820210,Servicio de Catastro e Información Territorial,IGN
2019,11119,2019-04-01,Lunes,,06:53:00,,0.0,1,Moto/Ciclomotor, ,1,1,0,0,0,0,0,"-32.9469788074493,-60.6782519817351",S/D,,ROSARIO,Rosario,S/D,S/D,II,S/D,S/D,S/D,S/D,S/D,S/D,S/D,S/D,S/D,S/D,S/D,Colisión,S/D,S/D,S/D,S/D,"-32.9469788074493,-60.6782519817351",[''],0,,-32.9469788074493,-60.6782519817351,55.0,538.0,Municipio Rosario,Municipio,Rosario,820210,Servicio de Catastro e Información Territorial,IGN
2019,11120,2019-01-27,Domingo,,,,0.0,1,Automóvil, ,1,1,0,0,0,0,0,"-32.95784, -60.67529",S/D,,ROSARIO,Rosario,S/D,S/D,II,S/D,S/D,S/D,S/D,S/D,S/D,S/D,S/D,S/D,S/D,S/D,S/D,S/D,S/D,S/D,S/D,"-32.95784, -60.67529",[''],0,,-32.95784,-60.67529,55.0,538.0,Municipio Rosario,Municipio,Rosario,820210,Servicio de Catastro e Información Territorial,IGN
2019,11121,2019-08-01,Jueves,,09:02:00,,0.0,1,Otros, ,1,1,0,0,0,0,0,"-32.95817760227484,-60.666264034822",S/D,,ROSARIO,Rosario,S/D,S/D,II,S/D,S/D,S/D,S/D,S/D,S/D,S/D,Diurna,S/D,S/D,S/D,S/D,S/D,S/D,S/D,S/D,"-32.95817760227484,-60.666264034822",[''],0,,-32.95817760227484,-60.666264034822,55.0,538.0,Municipio Rosario,Municipio,Rosario,820210,Servicio de Catastro e Información Territorial,IGN
2019,11122,2019-02-03,Domingo,,,,0.0,2,"Peatón,Otros", ,2,1,0,0,1,0,0,"-32.95993, -60.69519",S/D,,ROSARIO,Rosario,S/D,S/D,II,S/D,S/D,S/D,S/D,S/D,S/D,S/D,S/D,S/D,S/D,Peatón,Atropello,S/D,S/D,S/D,S/D,"-32.95993, -60.69519",[''],0,,-32.95993,-60.69519,55.0,538.0,Municipio Rosario,Municipio,Rosario,820210,Servicio de Catastro e Información Territorial,IGN
2019,11123,2019-04-19,Viernes,,04:30:00,,0.0,1,Moto/Ciclomotor,F.M.Esquiu ,1,0,1,0,0,0,0,"-32.922621935181,-60.694733190828",Calle,,ROSARIO,Rosario,S/D,S/D,II,Dentro,Urbana,S/D,S/D,Intersección,S/D,S/D,Nocturna,S/D,S/D,S/D,Colisión,S/D,S/D,S/D,S/D,"-32.922621935181,-60.694733190828",['F M Esquiu'],1,,-32.922621935181,-60.694733190828,55.0,538.0,Municipio Rosario,Municipio,Rosario,820210,Servicio de Catastro e Información Territorial,IGN
2019,11124,2019-01-27,Domingo,,,,0.0,1,Moto/Ciclomotor, ,1,1,0,0,0,0,0,"-32.95087, -60.65501",S/D,,ROSARIO,Rosario,S/D,S/D,II,S/D,S/D,S/D,S/D,S/D,S/D,S/D,S/D,S/D,S/D,S/D,S/D,S/D,S/D,S/D,S/D,"-32.95087, -60.65501",[''],0,,-32.95087,-60.65501,55.0,538.0,Municipio Rosario,Municipio,Rosario,820210,Servicio de Catastro e Información Territorial,IGN
2019,11125,2019-02-03,Domingo,,,,0.0,1,Moto/Ciclomotor, ,1,1,0,0,0,0,0,"-32.95993, -60.69519",S/D,,ROSARIO,Rosario,S/D,S/D,II,S/D,S/D,S/D,S/D,S/D,S/D,S/D,S/D,S/D,S/D,S/D,S/D,S/D,S/D,S/D,S/D,"-32.95993, -60.69519",[''],0,,-32.95993,-60.69519,55.0,538.0,Municipio Rosario,Municipio,Rosario,820210,Servicio de Catastro e Información Territorial,IGN
2019,11126,2019-01-22,Martes,,08:46:00,,0.0,1,Automóvil,Bv. Segui Y Roullon,1,1,0,0,0,0,0,"-32.97069, -60.70112",Calle,,ROSARIO,Rosario,S/D,S/D,II,S/D,Urbana,S/D,S/D,Intersección,S/D,S/D,Diurna,S/D,S/D,S/D,S/D,S/D,S/D,S/D,S/D,"-32.97069, -60.70112","['Bulevar Juan Francisco Seguí', 'Alfredo Rouillón']",2,,-32.97069,-60.70112,55.0,538.0,Municipio Rosario,Municipio,Rosario,820210,Servicio de Catastro e Información Territorial,IGN
2019,11127,2019-02-03,Domingo,,,,0.0,1,Moto/Ciclomotor, ,1,1,0,0,0,0,0,"-32.95993, -60.69519",S/D,,ROSARIO,Rosario,S/D,S/D,II,S/D,S/D,S/D,S/D,S/D,S/D,S/D,S/D,S/D,S/D,S/D,S/D,S/D,S/D,S/D,S/D,"-32.95993, -60.69519",[''],0,,-32.95993,-60.69519,55.0,538.0,Municipio Rosario,Municipio,Rosario,820210,Servicio de Catastro e Información Territorial,IGN
2019,11128,2019-02-03,Domingo,,,,0.0,1,Moto/Ciclomotor, ,1,1,0,0,0,0,0,"-32.95993, -60.69519",S/D,,ROSARIO,Rosario,S/D,S/D,II,S/D,S/D,S/D,S/D,S/D,S/D,S/D,S/D,S/D,S/D,S/D,S/D,S/D,S/D,S/D,S/D,"-32.95993, -60.69519",[''],0,,-32.95993,-60.69519,55.0,538.0,Municipio Rosario,Municipio,Rosario,820210,Servicio de Catastro e Información Territorial,IGN
2019,11129,2019-01-27,Domingo,,,,0.0,1,Moto/Ciclomotor, ,1,1,0,0,0,0,0,"-32.94497, -60.67356",S/D,,ROSARIO,Rosario,S/D,S/D,II,S/D,S/D,S/D,S/D,S/D,S/D,S/D,S/D,S/D,S/D,S/D,S/D,S/D,S/D,S/D,S/D,"-32.94497, -60.67356",[''],0,,-32.94497,-60.67356,55.0,538.0,Municipio Rosario,Municipio,Rosario,820210,Servicio de Catastro e Información Territorial,IGN
2019,11130,2019-01-22,Martes,,09:33:00,,0.0,1,Automóvil,Bv. 27 De Febrero ,1,1,0,0,0,0,0,"-32.96228, -60.67352",Calle,,ROSARIO,Rosario,S/D,S/D,II,S/D,Urbana,S/D,S/D,S/D,S/D,S/D,Diurna,S/D,S/D,S/D,S/D,S/D,S/D,S/D,S/D,"-32.96228, -60.67352",['27 de Febrero'],1,,-32.96228,-60.67352,55.0,538.0,Municipio Rosario,Municipio,Rosario,820210,Servicio de Catastro e Información Territorial,IGN
2019,11131,2019-02-03,Domingo,,,,0.0,1,Otros, ,1,1,0,0,0,0,0,"-32.95993, -60.69519",S/D,,ROSARIO,Rosario,S/D,S/D,II,S/D,S/D,S/D,S/D,S/D,S/D,S/D,S/D,S/D,S/D,S/D,S/D,S/D,S/D,S/D,S/D,"-32.95993, -60.69519",[''],0,,-32.95993,-60.69519,55.0,538.0,Municipio Rosario,Municipio,Rosario,820210,Servicio de Catastro e Información Territorial,IGN
2019,11132,2019-01-27,Domingo,,,,0.0,1,Moto/Ciclomotor, ,1,1,0,0,0,0,0,"-32.9534, -60.67137",S/D,,ROSARIO,Rosario,S/D,S/D,II,S/D,S/D,S/D,S/D,S/D,S/D,S/D,S/D,S/D,S/D,S/D,S/D,S/D,S/D,S/D,S/D,"-32.9534, -60.67137",[''],0,,-32.9534,-60.67137,55.0,538.0,Municipio Rosario,Municipio,Rosario,820210,Servicio de Catastro e Información Territorial,IGN
2019,11133,2019-02-03,Domingo,,,,0.0,1,Moto/Ciclomotor, ,1,1,0,0,0,0,0,"-32.95993, -60.69519",S/D,,ROSARIO,Rosario,S/D,S/D,II,S/D,S/D,S/D,S/D,S/D,S/D,S/D,S/D,S/D,S/D,S/D,S/D,S/D,S/D,S/D,S/D,"-32.95993, -60.69519",[''],0,,-32.95993,-60.69519,55.0,538.0,Municipio Rosario,Municipio,Rosario,820210,Servicio de Catastro e Información Territorial,IGN
2019,11134,2019-01-22,Martes,,10:28:00,,0.0,2,"Moto/Ciclomotor,Moto/Ciclomotor",Bv. Segui 6900,2,2,0,0,0,0,0,"-32.97101, -60.71323",Calle,,ROSARIO,Rosario,S/D,S/D,II,S/D,Urbana,S/D,S/D,Recta,S/D,S/D,Diurna,S/D,S/D,S/D,Colisión,S/D,S/D,S/D,S/D,"-32.97101, -60.71323",['Bulevar Juan Francisco Seguí 6900'],1,,-32.97101,-60.71323,55.0,538.0,Municipio Rosario,Municipio,Rosario,820210,Servicio de Catastro e Información Territorial,IGN
2019,11135,2019-02-03,Domingo,,,,0.0,1,Moto/Ciclomotor,Av. Francia Y Garibaldi,1,1,0,0,0,0,0,"-32.98109, -60.67554",S/D,,ROSARIO,Rosario,S/D,S/D,II,S/D,S/D,S/D,S/D,S/D,S/D,S/D,S/D,S/D,S/D,S/D,S/D,S/D,S/D,S/D,S/D,"-32.98109, -60.67554","['Avenida Francia', 'José Garibaldi']",2,,-32.98109,-60.67554,55.0,538.0,Municipio Rosario,Municipio,Rosario,820210,Servicio de Catastro e Información Territorial,IGN
2019,11136,2019-08-16,Viernes,,23:30:00,,0.0,1,Moto/Ciclomotor, ,1,1,0,0,0,0,0,"-32.95817760227484,-60.666264034822",S/D,,ROSARIO,Rosario,S/D,S/D,II,S/D,S/D,S/D,S/D,S/D,S/D,S/D,S/D,S/D,S/D,S/D,S/D,S/D,S/D,S/D,S/D,"-32.95817760227484,-60.666264034822",[''],0,,-32.95817760227484,-60.666264034822,55.0,538.0,Municipio Rosario,Municipio,Rosario,820210,Servicio de Catastro e Información Territorial,IGN
2019,11137,2019-09-24,Martes,,17:47:00,,0.0,1,Bicicleta, ,1,1,0,0,0,0,0,"-32.953941822051966,-60.67288756370",S/D,,ROSARIO,Rosario,S/D,S/D,II,S/D,S/D,S/D,S/D,S/D,S/D,S/D,S/D,S/D,S/D,S/D,S/D,S/D,S/D,S/D,S/D,"-32.953941822051966,-60.67288756370",[''],0,,-32.953941822051966,-60.6728875637,55.0,538.0,Municipio Rosario,Municipio,Rosario,820210,Servicio de Catastro e Información Territorial,IGN
2019,11138,2019-01-27,Domingo,,,,0.0,1,Moto/Ciclomotor, ,1,1,0,0,0,0,0,"-32.95324, -60.67555",S/D,,ROSARIO,Rosario,S/D,S/D,II,S/D,S/D,S/D,S/D,S/D,S/D,S/D,S/D,S/D,S/D,S/D,S/D,S/D,S/D,S/D,S/D,"-32.95324, -60.67555",[''],0,,-32.95324,-60.67555,55.0,538.0,Municipio Rosario,Municipio,Rosario,820210,Servicio de Catastro e Información Territorial,IGN
2019,11139,2019-08-01,Jueves,,11:24:00,,0.0,1,Automóvil, ,1,1,0,0,0,0,0,"-32.95817760227484,-60.666264034822",S/D,,ROSARIO,Rosario,S/D,S/D,II,S/D,S/D,S/D,S/D,S/D,S/D,S/D,Diurna,S/D,S/D,S/D,Colisión,S/D,S/D,S/D,S/D,"-32.95817760227484,-60.666264034822",[''],0,,-32.95817760227484,-60.666264034822,55.0,538.0,Municipio Rosario,Municipio,Rosario,820210,Servicio de Catastro e Información Territorial,IGN
2019,11140,2019-09-24,Martes,,10:56:00,,0.0,1,Automóvil, ,1,1,0,0,0,0,0,"-32.94591128826142,-60.670902729034",S/D,,ROSARIO,Rosario,S/D,S/D,II,S/D,S/D,S/D,S/D,S/D,S/D,S/D,S/D,S/D,S/D,S/D,Colisión,S/D,S/D,S/D,S/D,"-32.94591128826142,-60.670902729034",[''],0,,-32.94591128826142,-60.670902729034,55.0,538.0,Municipio Rosario,Municipio,Rosario,820210,Servicio de Catastro e Información Territorial,IGN
2019,11141,2019-01-22,Martes,,18:29:00,,0.0,1,Automóvil,Mariano Moreno Y San Lorenzo,1,1,0,0,0,0,0,"-32.94192, -60.64998",Calle,,ROSARIO,Rosario,S/D,S/D,II,S/D,Urbana,S/D,S/D,Intersección,S/D,S/D,Atardecer,S/D,S/D,S/D,S/D,S/D,S/D,S/D,S/D,"-32.94192, -60.64998","['Mariano Moreno', 'San Lorenzo']",2,,-32.94192,-60.64998,55.0,538.0,Municipio Rosario,Municipio,Rosario,820210,Servicio de Catastro e Información Territorial,IGN
2019,11142,2019-01-27,Domingo,,22:00:00,,0.0,2,"Bicicleta,Otros", ,2,1,0,0,0,0,1,"-32.93616, -60.69122",S/D,,ROSARIO,Rosario,S/D,S/D,II,S/D,S/D,S/D,S/D,S/D,S/D,S/D,S/D,S/D,S/D,Ciclista,Atropello,S/D,S/D,S/D,S/D,"-32.93616, -60.69122",[''],0,,-32.93616,-60.69122,55.0,538.0,Municipio Rosario,Municipio,Rosario,820210,Servicio de Catastro e Información Territorial,IGN
2019,11143,2019-08-01,Jueves,,11:37:00,,0.0,1,Automóvil, ,1,1,0,0,0,0,0,"-32.95817760227484,-60.666264034822",S/D,,ROSARIO,Rosario,S/D,S/D,II,S/D,S/D,S/D,S/D,S/D,S/D,S/D,Diurna,S/D,S/D,S/D,Colisión,S/D,S/D,S/D,S/D,"-32.95817760227484,-60.666264034822",[''],0,,-32.95817760227484,-60.666264034822,55.0,538.0,Municipio Rosario,Municipio,Rosario,820210,Servicio de Catastro e Información Territorial,IGN
2019,11144,2019-01-27,Domingo,,,,0.0,2,"Peatón,Otros", ,2,1,0,0,0,0,1,"-32.94099, -60.64977",S/D,,ROSARIO,Rosario,S/D,S/D,II,S/D,S/D,S/D,S/D,S/D,S/D,S/D,S/D,S/D,S/D,Peatón,Atropello,S/D,S/D,S/D,S/D,"-32.94099, -60.64977",[''],0,,-32.94099,-60.64977,55.0,538.0,Municipio Rosario,Municipio,Rosario,820210,Servicio de Catastro e Información Territorial,IGN
2019,11145,2019-09-24,Martes,,10:29:00,,0.0,1,Moto/Ciclomotor, ,1,1,0,0,0,0,0,"-32.96128034591671,-60.652041435241",S/D,,ROSARIO,Rosario,S/D,S/D,II,S/D,S/D,S/D,S/D,S/D,S/D,S/D,S/D,S/D,S/D,S/D,Colisión,S/D,S/D,S/D,S/D,"-32.96128034591671,-60.652041435241",[''],0,,-32.96128034591671,-60.652041435241,55.0,538.0,Municipio Rosario,Municipio,Rosario,820210,Servicio de Catastro e Información Territorial,IGN
2019,11146,2019-02-04,Lunes,,00:00:00,,0.0,1,Moto/Ciclomotor,Dean Funes Y Campbell,1,0,1,0,0,0,0,"-32.96733, -60.70683",S/D,,ROSARIO,Rosario,S/D,S/D,II,S/D,S/D,S/D,S/D,S/D,S/D,S/D,S/D,S/D,S/D,S/D,S/D,S/D,S/D,S/D,S/D,"-32.96733, -60.70683","['Deán Gregorio Funes', 'Campbell']",2,,-32.96733,-60.70683,55.0,538.0,Municipio Rosario,Municipio,Rosario,820210,Servicio de Catastro e Información Territorial,IGN
2019,11147,2019-01-22,Martes,,19:03:00,,0.0,2,"Automóvil,Automóvil",Av. Corrientes Y Virasoro,2,2,0,0,0,0,0,"-32.96916, -60.64825",Calle,,ROSARIO,Rosario,S/D,S/D,II,S/D,Urbana,S/D,S/D,Intersección,S/D,S/D,Atardecer,S/D,S/D,S/D,Colisión,S/D,S/D,S/D,S/D,"-32.96916, -60.64825","['Corrientes', 'Virasoro']",2,,-32.96916,-60.64825,55.0,538.0,Municipio Rosario,Municipio,Rosario,820210,Servicio de Catastro e Información Territorial,IGN
2019,11148,2019-01-28,Lunes,,,,0.0,1,Moto/Ciclomotor, ,1,1,0,0,0,0,0,"-32.95633, -60.66788",S/D,,ROSARIO,Rosario,S/D,S/D,II,S/D,S/D,S/D,S/D,S/D,S/D,S/D,S/D,S/D,S/D,S/D,S/D,S/D,S/D,S/D,S/D,"-32.95633, -60.66788",[''],0,,-32.95633,-60.66788,55.0,538.0,Municipio Rosario,Municipio,Rosario,820210,Servicio de Catastro e Información Territorial,IGN
2019,11149,2019-09-24,Martes,,08:14:00,,0.0,1,Moto/Ciclomotor, ,1,1,0,0,0,0,0,"-32.94519782066342,-60.674926042556",S/D,,ROSARIO,Rosario,S/D,S/D,II,S/D,S/D,S/D,S/D,S/D,S/D,S/D,S/D,S/D,S/D,S/D,Colisión,S/D,S/D,S/D,S/D,"-32.94519782066342,-60.674926042556",[''],0,,-32.94519782066342,-60.674926042556,55.0,538.0,Municipio Rosario,Municipio,Rosario,820210,Servicio de Catastro e Información Territorial,IGN
2019,11150,2019-08-16,Viernes,,,,0.0,1,Automóvil, ,1,1,0,0,0,0,0,"-32.95817760227484,-60.666264034822",S/D,,ROSARIO,Rosario,S/D,S/D,II,S/D,S/D,S/D,S/D,S/D,S/D,S/D,S/D,S/D,S/D,S/D,Colisión,S/D,S/D,S/D,S/D,"-32.95817760227484,-60.666264034822",[''],0,,-32.95817760227484,-60.666264034822,55.0,538.0,Municipio Rosario,Municipio,Rosario,820210,Servicio de Catastro e Información Territorial,IGN
2019,11151,2019-08-01,Jueves,,13:04:00,,0.0,1,Moto/Ciclomotor, ,1,1,0,0,0,0,0,"-32.95817760227484,-60.666264034822",S/D,,ROSARIO,Rosario,S/D,S/D,II,S/D,S/D,S/D,S/D,S/D,S/D,S/D,Diurna,S/D,S/D,S/D,Colisión,S/D,S/D,S/D,S/D,"-32.95817760227484,-60.666264034822",[''],0,,-32.95817760227484,-60.666264034822,55.0,538.0,Municipio Rosario,Municipio,Rosario,820210,Servicio de Catastro e Información Territorial,IGN
2019,11152,2019-08-16,Viernes,,16:00:00,,0.0,1,Automóvil, ,1,1,0,0,0,0,0,"-32.95817760227484,-60.666264034822",S/D,,ROSARIO,Rosario,S/D,S/D,II,S/D,S/D,S/D,S/D,S/D,S/D,S/D,Diurna,S/D,S/D,S/D,Colisión,S/D,S/D,S/D,S/D,"-32.95817760227484,-60.666264034822",[''],0,,-32.95817760227484,-60.666264034822,55.0,538.0,Municipio Rosario,Municipio,Rosario,820210,Servicio de Catastro e Información Territorial,IGN
2019,11153,2019-02-04,Lunes,,01:00:00,,0.0,1,Moto/Ciclomotor,Centeno Y F.More,1,1,0,0,0,0,0,"-32.95578, -60.69319",S/D,,ROSARIO,Rosario,S/D,S/D,II,S/D,S/D,S/D,S/D,S/D,S/D,S/D,S/D,S/D,S/D,S/D,S/D,S/D,S/D,S/D,S/D,"-32.95578, -60.69319","['Centeno', 'Felipe Moré']",2,,-32.95578,-60.69319,55.0,538.0,Municipio Rosario,Municipio,Rosario,820210,Servicio de Catastro e Información Territorial,IGN
2019,11154,2019-09-24,Martes,,08:13:00,,0.0,1,Moto/Ciclomotor, ,1,1,0,0,0,0,0,"-32.94469356536862,-60.684764385223",S/D,,ROSARIO,Rosario,S/D,S/D,II,S/D,S/D,S/D,S/D,S/D,S/D,S/D,S/D,S/D,S/D,S/D,Colisión,S/D,S/D,S/D,S/D,"-32.94469356536862,-60.684764385223",[''],0,,-32.94469356536862,-60.684764385223,55.0,538.0,Municipio Rosario,Municipio,Rosario,820210,Servicio de Catastro e Información Territorial,IGN
2019,11155,2019-08-01,Jueves,,13:15:00,,0.0,1,Moto/Ciclomotor, ,1,1,0,0,0,0,0,"-32.95817760227484,-60.666264034822",S/D,,ROSARIO,Rosario,S/D,S/D,II,S/D,S/D,S/D,S/D,Intersección,S/D,S/D,Diurna,S/D,S/D,S/D,Colisión,S/D,S/D,S/D,S/D,"-32.95817760227484,-60.666264034822",[''],0,,-32.95817760227484,-60.666264034822,55.0,538.0,Municipio Rosario,Municipio,Rosario,820210,Servicio de Catastro e Información Territorial,IGN
2019,11156,2019-08-16,Viernes,,16:00:00,,0.0,1,Moto/Ciclomotor, ,2,1,0,0,0,0,1,"-32.95817760227484,-60.666264034822",S/D,,ROSARIO,Rosario,S/D,S/D,II,S/D,S/D,S/D,S/D,S/D,S/D,S/D,S/D,S/D,S/D,S/D,Colisión,S/D,S/D,S/D,S/D,"-32.95817760227484,-60.666264034822",[''],0,,-32.95817760227484,-60.666264034822,55.0,538.0,Municipio Rosario,Municipio,Rosario,820210,Servicio de Catastro e Información Territorial,IGN