anio_acci,nro_acci,fecha,desc_dia,fecha_aprox,hora_aprox,desc_ruta,km,cant_participantes,desc_participante,calle_avenida_km,total,heridos_leves,heridos_graves,heridos_gravisimos,ilesos,fallecidos,sin_datos,posicion_XY,desc_tipo_via,desc_ruta_ori,desc_loc,desc_dpto,desc_tipo_calzada,desc_tipo_banquina,desc_unidad_regional,desc_lugar_calzada,desc_zona,desc_prioridad,desc_estado_semaforo,desc_lugar_via,desc_estado_via,desc_estado_visibilidad,desc_luminosidad,desc_estado_clima,desc_tipo_colision,desc_tipo_atropello,desc_tipo_hecho,desc_pres_calzada,desc_senializacion,desc_separacion_via,desc_restriccion,forma_geocod,calle_lista,numero_calles,calles_osm,lat,lon,index_right,gid,fna,gna,nam,in1,fdc,sag
2019,11692,2019-03-02,Sabado,,,,0.0,1,Moto/Ciclomotor, ,1,1,0,0,0,0,0,"-32.95527, -60.6932",S/D,,ROSARIO,Rosario,S/D,S/D,II,S/D,S/D,S/D,S/D,S/D,S/D,S/D,S/D,S/D,S/D,S/D,S/D,S/D,S/D,S/D,S/D,"-32.95527, -60.6932",[''],0,,-32.95527,-60.6932,55.0,538.0,Municipio Rosario,Municipio,Rosario,820210,Servicio de Catastro e Información Territorial,IGN
2019,11693,2019-03-18,Lunes,,18:00:00,,0.0,1,Moto/Ciclomotor,Cordoba ,1,1,0,0,0,0,0,"-32.94277, -60.6587",S/D,,ROSARIO,Rosario,S/D,S/D,II,S/D,S/D,S/D,S/D,S/D,S/D,S/D,Atardecer,S/D,S/D,S/D,S/D,S/D,S/D,S/D,S/D,"-32.94277, -60.6587",['Córdoba'],1,,-32.94277,-60.6587,55.0,538.0,Municipio Rosario,Municipio,Rosario,820210,Servicio de Catastro e Información Territorial,IGN
2019,11694,2019-03-02,Sabado,,,,0.0,2,"Bicicleta,Otros", ,2,1,0,0,1,0,0,"-32.95527, -60.6932",S/D,,ROSARIO,Rosario,S/D,S/D,II,S/D,S/D,S/D,S/D,S/D,S/D,S/D,S/D,S/D,S/D,Ciclista,Atropello,S/D,S/D,S/D,S/D,"-32.95527, -60.6932",[''],0,,-32.95527,-60.6932,55.0,538.0,Municipio Rosario,Municipio,Rosario,820210,Servicio de Catastro e Información Territorial,IGN
2019,11695,2019-03-21,Jueves,,00:10:00,,0.0,1,Automóvil, ,2,2,0,0,0,0,0,"-32.9587, -60.69303",S/D,,ROSARIO,Rosario,S/D,S/D,II,S/D,S/D,S/D,S/D,S/D,S/D,S/D,Nocturna,S/D,S/D,S/D,S/D,S/D,S/D,S/D,S/D,"-32.9587, -60.69303",[''],0,,-32.9587,-60.69303,55.0,538.0,Municipio Rosario,Municipio,Rosario,820210,Servicio de Catastro e Información Territorial,IGN
2019,11696,2019-03-04,Lunes,,,,0.0,2,"Bicicleta,Otros", ,2,1,0,0,1,0,0,"-32.95527, -60.6932",S/D,,ROSARIO,Rosario,S/D,S/D,II,S/D,S/D,S/D,S/D,S/D,S/D,S/D,S/D,S/D,S/D,Ciclista,Atropello,S/D,S/D,S/D,S/D,"-32.95527, -60.6932",[''],0,,-32.95527,-60.6932,55.0,538.0,Municipio Rosario,Municipio,Rosario,820210,Servicio de Catastro e Información Territorial,IGN
2019,11697,2019-03-04,Lunes,,,,0.0,1,Automóvil, ,1,1,0,0,0,0,0,"-32.95527, -60.6932",S/D,,ROSARIO,Rosario,S/D,S/D,II,S/D,S/D,S/D,S/D,S/D,S/D,S/D,S/D,S/D,S/D,S/D,S/D,S/D,S/D,S/D,S/D,"-32.95527, -60.6932",[''],0,,-32.95527,-60.6932,55.0,538.0,Municipio Rosario,Municipio,Rosario,820210,Servicio de Catastro e Información Territorial,IGN
2019,11698,2019-03-21,Jueves,,10:00:00,,0.0,1,Moto/Ciclomotor,Guatemala ,1,1,0,0,0,0,0,"-32.94159, -60.71721",S/D,,ROSARIO,Rosario,S/D,S/D,II,S/D,S/D,S/D,S/D,S/D,S/D,S/D,Diurna,S/D,S/D,S/D,S/D,S/D,S/D,S/D,S/D,"-32.94159, -60.71721",['Guatemala'],1,,-32.94159,-60.71721,55.0,538.0,Municipio Rosario,Municipio,Rosario,820210,Servicio de Catastro e Información Territorial,IGN
2019,11699,2019-08-08,Jueves,,17:45:00,,0.0,1,Moto/Ciclomotor, ,1,1,0,0,0,0,0,"-32.95817760227484,-60.666264034822",S/D,,ROSARIO,Rosario,S/D,S/D,II,S/D,S/D,S/D,S/D,S/D,S/D,S/D,S/D,S/D,S/D,S/D,Colisión,S/D,S/D,S/D,S/D,"-32.95817760227484,-60.666264034822",[''],0,,-32.95817760227484,-60.666264034822,55.0,538.0,Municipio Rosario,Municipio,Rosario,820210,Servicio de Catastro e Información Territorial,IGN
2019,11700,2019-09-14,Sabado,,20:26:00,,0.0,2,"Bicicleta,Otros", ,2,1,0,0,0,0,1,"-32.9798224568367,-60.6822940707206",S/D,,ROSARIO,Rosario,S/D,S/D,II,S/D,S/D,S/D,S/D,S/D,S/D,S/D,Nocturna,S/D,S/D,Ciclista,Atropello,S/D,S/D,S/D,S/D,"-32.9798224568367,-60.6822940707206",[''],0,,-32.9798224568367,-60.6822940707206,55.0,538.0,Municipio Rosario,Municipio,Rosario,820210,Servicio de Catastro e Información Territorial,IGN
2019,11701,2019-03-04,Lunes,,05:00:00,,0.0,1,Moto/Ciclomotor, ,1,1,0,0,0,0,0,"-32.95527, -60.6932",S/D,,ROSARIO,Rosario,S/D,S/D,II,S/D,S/D,S/D,S/D,S/D,S/D,S/D,S/D,S/D,S/D,S/D,S/D,S/D,S/D,S/D,S/D,"-32.95527, -60.6932",[''],0,,-32.95527,-60.6932,55.0,538.0,Municipio Rosario,Municipio,Rosario,820210,Servicio de Catastro e Información Territorial,IGN
2019,11702,2019-03-22,Viernes,,15:59:00,,0.0,1,Otros, ,1,1,0,0,0,0,0,"-32.9587, -60.69303",S/D,,ROSARIO,Rosario,S/D,S/D,II,S/D,S/D,S/D,S/D,S/D,S/D,S/D,Diurna,S/D,S/D,S/D,S/D,S/D,S/D,S/D,S/D,"-32.9587, -60.69303",[''],0,,-32.9587,-60.69303,55.0,538.0,Municipio Rosario,Municipio,Rosario,820210,Servicio de Catastro e Información Territorial,IGN
2019,11703,2019-03-04,Lunes,,19:00:00,,0.0,2,"Peatón,Otros", ,2,1,0,0,0,0,1,"-32.95527, -60.6932",S/D,,ROSARIO,Rosario,S/D,S/D,II,S/D,S/D,S/D,S/D,S/D,S/D,S/D,S/D,S/D,S/D,Peatón,Atropello,S/D,S/D,S/D,S/D,"-32.95527, -60.6932",[''],0,,-32.95527,-60.6932,55.0,538.0,Municipio Rosario,Municipio,Rosario,820210,Servicio de Catastro e Información Territorial,IGN
2019,11704,2019-02-26,Martes,,05:00:00,,0.0,1,Otros, ,1,1,0,0,0,0,0,"    -32.95883, -60.693",S/D,,ROSARIO,Rosario,S/D,S/D,II,S/D,S/D,S/D,S/D,S/D,S/D,S/D,Amanecer,S/D,S/D,S/D,S/D,S/D,S/D,S/D,S/D,"    -32.95883, -60.693",[''],0,,-32.95883,-60.693,55.0,538.0,Municipio Rosario,Municipio,Rosario,820210,Servicio de Catastro e Información Territorial,IGN
2019,11705,2019-03-04,Lunes,,22:30:00,,0.0,2,"Otros,Peatón", ,2,1,0,0,0,0,1,"-32.95527, -60.6932",S/D,,ROSARIO,Rosario,S/D,S/D,II,S/D,S/D,S/D,S/D,S/D,S/D,S/D,S/D,S/D,S/D,Peatón,Atropello,S/D,S/D,S/D,S/D,"-32.95527, -60.6932",[''],0,,-32.95527,-60.6932,55.0,538.0,Municipio Rosario,Municipio,Rosario,820210,Servicio de Catastro e Información Territorial,IGN
2019,11706,2019-03-04,Lunes,,21:00:00,,0.0,2,"Otros,Peatón", ,2,1,0,0,0,0,1,"-32.95527, -60.6932",S/D,,ROSARIO,Rosario,S/D,S/D,II,S/D,S/D,S/D,S/D,S/D,S/D,S/D,S/D,S/D,S/D,Peatón,Atropello,S/D,S/D,S/D,S/D,"-32.95527, -60.6932",[''],0,,-32.95527,-60.6932,55.0,538.0,Municipio Rosario,Municipio,Rosario,820210,Servicio de Catastro e Información Territorial,IGN
2019,11707,2019-09-14,Sabado,,20:08:00,,0.0,2,"Peatón,Otros", ,2,1,0,0,0,0,1,"-32.948845624923706,-60.66168129444",S/D,,ROSARIO,Rosario,S/D,S/D,II,S/D,S/D,S/D,S/D,S/D,S/D,S/D,Nocturna,S/D,S/D,Peatón,Atropello,S/D,S/D,S/D,S/D,"-32.948845624923706,-60.66168129444",[''],0,,-32.948845624923706,-60.66168129444,55.0,538.0,Municipio Rosario,Municipio,Rosario,820210,Servicio de Catastro e Información Territorial,IGN
2019,11708,2019-03-04,Lunes,,21:30:00,,0.0,1,Automóvil, ,3,2,0,0,0,0,1,"-32.95527, -60.6932",S/D,,ROSARIO,Rosario,S/D,S/D,II,S/D,S/D,S/D,S/D,S/D,S/D,S/D,S/D,S/D,S/D,S/D,S/D,S/D,S/D,S/D,S/D,"-32.95527, -60.6932",[''],0,,-32.95527,-60.6932,55.0,538.0,Municipio Rosario,Municipio,Rosario,820210,Servicio de Catastro e Información Territorial,IGN
2019,11709,2019-02-26,Martes,,10:00:00,,0.0,1,Otros, ,1,1,0,0,0,0,0,"    -32.95883, -60.693",S/D,,ROSARIO,Rosario,S/D,S/D,II,S/D,S/D,S/D,S/D,S/D,S/D,S/D,Diurna,S/D,S/D,S/D,S/D,S/D,S/D,S/D,S/D,"    -32.95883, -60.693",[''],0,,-32.95883,-60.693,55.0,538.0,Municipio Rosario,Municipio,Rosario,820210,Servicio de Catastro e Información Territorial,IGN
2019,11710,2019-03-04,Lunes,,12:10:00,,0.0,1,Moto/Ciclomotor, ,1,1,0,0,0,0,0,"-32.95527, -60.6932",S/D,,ROSARIO,Rosario,S/D,S/D,II,S/D,S/D,S/D,S/D,S/D,S/D,S/D,S/D,S/D,S/D,S/D,S/D,S/D,S/D,S/D,S/D,"-32.95527, -60.6932",[''],0,,-32.95527,-60.6932,55.0,538.0,Municipio Rosario,Municipio,Rosario,820210,Servicio de Catastro e Información Territorial,IGN
2019,11711,2019-02-27,Miercoles,,14:00:00,,0.0,1,Moto/Ciclomotor, ,1,1,0,0,0,0,0,"    -32.95883, -60.693",S/D,,ROSARIO,Rosario,S/D,S/D,II,S/D,S/D,S/D,S/D,S/D,S/D,S/D,Diurna,S/D,S/D,S/D,S/D,S/D,S/D,S/D,S/D,"    -32.95883, -60.693",[''],0,,-32.95883,-60.693,55.0,538.0,Municipio Rosario,Municipio,Rosario,820210,Servicio de Catastro e Información Territorial,IGN
2019,11712,2019-03-04,Lunes,,15:45:00,,0.0,2,"Otros,Peatón", ,2,1,0,0,0,0,1,"-32.95527, -60.6932",S/D,,ROSARIO,Rosario,S/D,S/D,II,S/D,S/D,S/D,S/D,S/D,S/D,S/D,S/D,S/D,S/D,S/D,S/D,S/D,S/D,S/D,S/D,"-32.95527, -60.6932",[''],0,,-32.95527,-60.6932,55.0,538.0,Municipio Rosario,Municipio,Rosario,820210,Servicio de Catastro e Información Territorial,IGN
2019,11713,2019-02-27,Miercoles,,16:20:00,,0.0,1,Automóvil, ,1,1,0,0,0,0,0,"    -32.95883, -60.693",S/D,,ROSARIO,Rosario,S/D,S/D,II,S/D,Urbana,S/D,S/D,S/D,S/D,S/D,Diurna,S/D,S/D,S/D,S/D,S/D,S/D,S/D,S/D,"    -32.95883, -60.693",[''],0,,-32.95883,-60.693,55.0,538.0,Municipio Rosario,Municipio,Rosario,820210,Servicio de Catastro e Información Territorial,IGN
2019,11714,2019-03-04,Lunes,,21:00:00,,0.0,1,Automóvil, ,1,1,0,0,0,0,0,"-32.95527, -60.6932",S/D,,ROSARIO,Rosario,S/D,S/D,II,S/D,S/D,S/D,S/D,S/D,S/D,S/D,S/D,S/D,S/D,S/D,S/D,S/D,S/D,S/D,S/D,"-32.95527, -60.6932",[''],0,,-32.95527,-60.6932,55.0,538.0,Municipio Rosario,Municipio,Rosario,820210,Servicio de Catastro e Información Territorial,IGN
2019,11715,2019-07-16,Martes,,09:46:00,,0.0,1,Moto/Ciclomotor, ,1,1,0,0,0,0,0,"-32.9587, -60.69303",S/D,,ROSARIO,Rosario,S/D,S/D,II,S/D,S/D,S/D,S/D,S/D,S/D,S/D,Diurna,S/D,S/D,S/D,S/D,S/D,S/D,S/D,S/D,"-32.9587, -60.69303",[''],0,,-32.9587,-60.69303,55.0,538.0,Municipio Rosario,Municipio,Rosario,820210,Servicio de Catastro e Información Territorial,IGN
2019,11716,2019-02-27,Miercoles,,,,0.0,1,Moto/Ciclomotor, ,1,1,0,0,0,0,0,"    -32.95883, -60.693",Calle,,ROSARIO,Rosario,S/D,S/D,II,Dentro,Urbana,S/D,S/D,S/D,S/D,S/D,Diurna,S/D,S/D,S/D,S/D,S/D,S/D,S/D,S/D,"    -32.95883, -60.693",[''],0,,-32.95883,-60.693,55.0,538.0,Municipio Rosario,Municipio,Rosario,820210,Servicio de Catastro e Información Territorial,IGN
2019,11717,2019-07-16,Martes,,09:49:00,,0.0,1,Moto/Ciclomotor, ,1,1,0,0,0,0,0,"-32.9587, -60.69303",S/D,,ROSARIO,Rosario,S/D,S/D,II,S/D,S/D,S/D,S/D,S/D,S/D,S/D,Diurna,S/D,S/D,S/D,S/D,S/D,S/D,S/D,S/D,"-32.9587, -60.69303",[''],0,,-32.9587,-60.69303,55.0,538.0,Municipio Rosario,Municipio,Rosario,820210,Servicio de Catastro e Información Territorial,IGN
2019,11718,2019-02-27,Miercoles,,12:20:00,,0.0,1,Moto/Ciclomotor, ,1,1,0,0,0,0,0,"    -32.95883, -60.693",S/D,,ROSARIO,Rosario,S/D,S/D,II,S/D,S/D,S/D,S/D,S/D,S/D,S/D,Diurna,S/D,S/D,S/D,S/D,S/D,S/D,S/D,S/D,"    -32.95883, -60.693",[''],0,,-32.95883,-60.693,55.0,538.0,Municipio Rosario,Municipio,Rosario,820210,Servicio de Catastro e Información Territorial,IGN
2019,11719,2019-03-03,Domingo,,,,0.0,1,Otros, ,1,1,0,0,0,0,0,"-32.95527, -60.6932",S/D,,ROSARIO,Rosario,S/D,S/D,II,S/D,S/D,S/D,S/D,S/D,S/D,S/D,S/D,S/D,S/D,S/D,S/D,S/D,S/D,S/D,S/D,"-32.95527, -60.6932",[''],0,,-32.95527,-60.6932,55.0,538.0,Municipio Rosario,Municipio,Rosario,820210,Servicio de Catastro e Información Territorial,IGN
2019,11720,2019-07-16,Martes,,10:19:00,,0.0,1,Moto/Ciclomotor, ,1,1,0,0,0,0,0,"-32.9587, -60.69303",S/D,,ROSARIO,Rosario,S/D,S/D,II,S/D,S/D,S/D,S/D,S/D,S/D,S/D,Diurna,S/D,S/D,S/D,S/D,S/D,S/D,S/D,S/D,"-32.9587, -60.69303",[''],0,,-32.9587,-60.69303,55.0,538.0,Municipio Rosario,Municipio,Rosario,820210,Servicio de Catastro e Información Territorial,IGN
2019,11721,2019-03-03,Domingo,,,,0.0,1,Moto/Ciclomotor, ,1,1,0,0,0,0,0,"-32.95527, -60.6932",S/D,,ROSARIO,Rosario,S/D,S/D,II,S/D,S/D,S/D,S/D,S/D,S/D,S/D,S/D,S/D,S/D,S/D,S/D,S/D,S/D,S/D,S/D,"-32.95527, -60.6932",[''],0,,-32.95527,-60.6932,55.0,538.0,Municipio Rosario,Municipio,Rosario,820210,Servicio de Catastro e Información Territorial,IGN
2019,11722,2019-02-27,Miercoles,,,,0.0,1,Moto/Ciclomotor, ,1,1,0,0,0,0,0,"    -32.95883, -60.693",S/D,,ROSARIO,Rosario,S/D,S/D,II,S/D,S/D,S/D,S/D,S/D,S/D,S/D,S/D,S/D,S/D,S/D,S/D,S/D,S/D,S/D,S/D,"    -32.95883, -60.693",[''],0,,-32.95883,-60.693,55.0,538.0,Municipio Rosario,Municipio,Rosario,820210,Servicio de Catastro e Información Territorial,IGN
2019,11723,2019-03-03,Domingo,,,,0.0,1,Moto/Ciclomotor, ,1,1,0,0,0,0,0,"-32.95527, -60.6932",S/D,,ROSARIO,Rosario,S/D,S/D,II,S/D,S/D,S/D,S/D,S/D,S/D,S/D,S/D,S/D,S/D,S/D,S/D,S/D,S/D,S/D,S/D,"-32.95527, -60.6932",[''],0,,-32.95527,-60.6932,55.0,538.0,Municipio Rosario,Municipio,Rosario,820210,Servicio de Catastro e Información Territorial,IGN
2019,11724,2019-07-16,Martes,,00:19:00,,0.0,1,Moto/Ciclomotor, ,1,1,0,0,0,0,0,"-32.9587, -60.69303",S/D,,ROSARIO,Rosario,S/D,S/D,II,S/D,S/D,S/D,S/D,S/D,S/D,S/D,S/D,S/D,S/D,S/D,S/D,S/D,S/D,S/D,S/D,"-32.9587, -60.69303",[''],0,,-32.9587,-60.69303,55.0,538.0,Municipio Rosario,Municipio,Rosario,820210,Servicio de Catastro e Información Territorial,IGN
2019,11725,2019-09-14,Sabado,,13:04:00,,0.0,1,Automóvil, ,2,1,0,0,0,0,1,"-32.96910971403122,-60.675326362252",S/D,,ROSARIO,Rosario,S/D,S/D,II,S/D,S/D,S/D,S/D,S/D,S/D,S/D,Diurna,S/D,S/D,S/D,Colisión,S/D,S/D,S/D,S/D,"-32.96910971403122,-60.675326362252",[''],0,,-32.96910971403122,-60.675326362252,55.0,538.0,Municipio Rosario,Municipio,Rosario,820210,Servicio de Catastro e Información Territorial,IGN
2019,11726,2019-02-27,Miercoles,,19:00:00,,0.0,1,Automóvil, ,1,1,0,0,0,0,0,"    -32.95883, -60.693",S/D,,ROSARIO,Rosario,S/D,S/D,II,S/D,S/D,S/D,S/D,S/D,S/D,S/D,Atardecer,S/D,S/D,S/D,S/D,S/D,S/D,S/D,S/D,"    -32.95883, -60.693",[''],0,,-32.95883,-60.693,55.0,538.0,Municipio Rosario,Municipio,Rosario,820210,Servicio de Catastro e Información Territorial,IGN
2019,11727,2019-03-03,Domingo,,,,0.0,2,"Moto/Ciclomotor,Peatón", ,2,1,0,0,1,0,0,"-32.95527, -60.6932",S/D,,ROSARIO,Rosario,S/D,S/D,II,S/D,S/D,S/D,S/D,S/D,S/D,S/D,S/D,S/D,S/D,Peatón,Atropello,S/D,S/D,S/D,S/D,"-32.95527, -60.6932",[''],0,,-32.95527,-60.6932,55.0,538.0,Municipio Rosario,Municipio,Rosario,820210,Servicio de Catastro e Información Territorial,IGN
2019,11728,2019-08-08,Jueves,,23:45:00,,0.0,1,Moto/Ciclomotor, ,1,1,0,0,0,0,0,"-32.95817760227484,-60.666264034822",S/D,,ROSARIO,Rosario,S/D,S/D,II,S/D,S/D,S/D,S/D,S/D,S/D,S/D,S/D,S/D,S/D,S/D,Colisión,S/D,S/D,S/D,S/D,"-32.95817760227484,-60.666264034822",[''],0,,-32.95817760227484,-60.666264034822,55.0,538.0,Municipio Rosario,Municipio,Rosario,820210,Servicio de Catastro e Información Territorial,IGN
2019,11729,2019-09-14,Sabado,,13:03:00,,0.0,2,"Bicicleta,Otros", ,2,1,0,0,0,0,1,"-32.94425368309023,-60.671889781951",S/D,,ROSARIO,Rosario,S/D,S/D,II,S/D,S/D,S/D,S/D,S/D,S/D,S/D,Diurna,S/D,S/D,Ciclista,Atropello,S/D,S/D,S/D,S/D,"-32.94425368309023,-60.671889781951",[''],0,,-32.94425368309023,-60.671889781951,55.0,538.0,Municipio Rosario,Municipio,Rosario,820210,Servicio de Catastro e Información Territorial,IGN
2019,11730,2019-02-27,Miercoles,,09:45:00,,0.0,1,Moto/Ciclomotor, ,1,1,0,0,0,0,0,"    -32.95883, -60.693",S/D,,ROSARIO,Rosario,S/D,S/D,II,S/D,S/D,S/D,S/D,S/D,S/D,S/D,Diurna,S/D,S/D,S/D,S/D,S/D,S/D,S/D,S/D,"    -32.95883, -60.693",[''],0,,-32.95883,-60.693,55.0,538.0,Municipio Rosario,Municipio,Rosario,820210,Servicio de Catastro e Información Territorial,IGN
2019,11731,2019-07-16,Martes,,10:14:00,,0.0,1,Moto/Ciclomotor, ,1,1,0,0,0,0,0,"-32.9587, -60.69303",S/D,,ROSARIO,Rosario,S/D,S/D,II,S/D,S/D,S/D,S/D,S/D,S/D,S/D,Diurna,S/D,S/D,S/D,S/D,S/D,S/D,S/D,S/D,"-32.9587, -60.69303",[''],0,,-32.9587,-60.69303,55.0,538.0,Municipio Rosario,Municipio,Rosario,820210,Servicio de Catastro e Información Territorial,IGN
2019,11732,2019-09-14,Sabado,,09:41:00,,0.0,1,Moto/Ciclomotor, ,1,1,0,0,0,0,0,"-32.95239686965939,-60.678187608718",S/D,,ROSARIO,Rosario,S/D,S/D,II,S/D,S/D,S/D,S/D,S/D,S/D,S/D,Diurna,S/D,S/D,S/D,Colisión,S/D,S/D,S/D,S/D,"-32.95239686965939,-60.678187608718",[''],0,,-32.95239686965939,-60.678187608718,55.0,538.0,Municipio Rosario,Municipio,Rosario,820210,Servicio de Catastro e Información Territorial,IGN
2019,11733,2019-08-08,Jueves,,11:40:00,,0.0,2,"Bicicleta,Otros", ,2,1,0,0,0,0,1,"-32.95817760227484,-60.666264034822",S/D,,ROSARIO,Rosario,S/D,S/D,II,S/D,S/D,S/D,S/D,S/D,S/D,S/D,Diurna,S/D,S/D,S/D,Atropello,S/D,S/D,S/D,S/D,"-32.95817760227484,-60.666264034822",[''],0,,-32.95817760227484,-60.666264034822,55.0,538.0,Municipio Rosario,Municipio,Rosario,820210,Servicio de Catastro e Información Territorial,IGN
2019,11734,2019-03-03,Domingo,,,,0.0,1,Moto/Ciclomotor, ,1,1,0,0,0,0,0,"-32.95527, -60.6932",S/D,,ROSARIO,Rosario,S/D,S/D,II,S/D,S/D,S/D,S/D,S/D,S/D,S/D,S/D,S/D,S/D,S/D,S/D,S/D,S/D,S/D,S/D,"-32.95527, -60.6932",[''],0,,-32.95527,-60.6932,55.0,538.0,Municipio Rosario,Municipio,Rosario,820210,Servicio de Catastro e Información Territorial,IGN
2019,11735,2019-09-14,Sabado,,00:12:00,,0.0,1,Automóvil, ,2,2,0,0,0,0,0,"-32.95949399471283,-60.668617486953",S/D,,ROSARIO,Rosario,S/D,S/D,II,S/D,S/D,S/D,S/D,S/D,S/D,S/D,Nocturna,S/D,S/D,S/D,Colisión,S/D,S/D,S/D,S/D,"-32.95949399471283,-60.668617486953",[''],0,,-32.95949399471283,-60.668617486953,55.0,538.0,Municipio Rosario,Municipio,Rosario,820210,Servicio de Catastro e Información Territorial,IGN
2019,11736,2019-03-03,Domingo,,,,0.0,2,"Peatón,Otros", ,2,1,0,0,1,0,0,"-32.95527, -60.6932",S/D,,ROSARIO,Rosario,S/D,S/D,II,S/D,S/D,S/D,S/D,S/D,S/D,S/D,S/D,S/D,S/D,S/D,S/D,S/D,S/D,S/D,S/D,"-32.95527, -60.6932",[''],0,,-32.95527,-60.6932,55.0,538.0,Municipio Rosario,Municipio,Rosario,820210,Servicio de Catastro e Información Territorial,IGN
2019,11737,2019-08-08,Jueves,,01:15:00,,0.0,2,"Bicicleta,Otros", ,2,1,0,0,0,0,1,"-32.95817760227484,-60.666264034822",S/D,,ROSARIO,Rosario,S/D,S/D,II,S/D,S/D,S/D,S/D,S/D,S/D,S/D,Nocturna,S/D,S/D,Ciclista,Atropello,S/D,S/D,S/D,S/D,"-32.95817760227484,-60.666264034822",[''],0,,-32.95817760227484,-60.666264034822,55.0,538.0,Municipio Rosario,Municipio,Rosario,820210,Servicio de Catastro e Información Territorial,IGN
2019,11738,2019-02-27,Miercoles,,,,0.0,1,Automóvil, ,1,1,0,0,0,0,0,"    -32.95883, -60.693",S/D,,ROSARIO,Rosario,S/D,S/D,II,S/D,S/D,S/D,S/D,S/D,S/D,S/D,S/D,S/D,S/D,S/D,S/D,S/D,S/D,S/D,S/D,"    -32.95883, -60.693",[''],0,,-32.95883,-60.693,55.0,538.0,Municipio Rosario,Municipio,Rosario,820210,Servicio de Catastro e Información Territorial,IGN
2019,11739,2019-09-14,Sabado,,14:14:00,,0.0,1,Moto/Ciclomotor, ,1,1,0,0,0,0,0,"-32.96997070312496,-60.667040348052",S/D,,ROSARIO,Rosario,S/D,S/D,II,S/D,S/D,S/D,S/D,S/D,S/D,S/D,Diurna,S/D,S/D,S/D,Colisión,S/D,S/D,S/D,S/D,"-32.96997070312496,-60.667040348052",[''],0,,-32.96997070312496,-60.667040348052,55.0,538.0,Municipio Rosario,Municipio,Rosario,820210,Servicio de Catastro e Información Territorial,IGN
2019,11740,2019-02-27,Miercoles,,,,0.0,1,Otros, ,1,1,0,0,0,0,0,"    -32.95883, -60.693",S/D,,ROSARIO,Rosario,S/D,S/D,II,S/D,S/D,S/D,S/D,S/D,S/D,S/D,S/D,S/D,S/D,S/D,S/D,S/D,S/D,S/D,S/D,"    -32.95883, -60.693",[''],0,,-32.95883,-60.693,55.0,538.0,Municipio Rosario,Municipio,Rosario,820210,Servicio de Catastro e Información Territorial,IGN
2019,11741,2019-07-16,Martes,,20:55:00,,0.0,1,Automóvil, ,1,1,0,0,0,0,0,"-32.9587, -60.69303",S/D,,ROSARIO,Rosario,S/D,S/D,II,S/D,S/D,S/D,S/D,S/D,S/D,S/D,Nocturna,S/D,S/D,S/D,Inmersi�n,S/D,S/D,S/D,S/D,"-32.9587, -60.69303",[''],0,,-32.9587,-60.69303,55.0,538.0,Municipio Rosario,Municipio,Rosario,820210,Servicio de Catastro e Información Territorial,IGN
2019,11742,2019-03-03,Domingo,,,,0.0,1,Moto/Ciclomotor, ,1,1,0,0,0,0,0,"-32.95527, -60.6932",S/D,,ROSARIO,Rosario,S/D,S/D,II,S/D,S/D,S/D,S/D,S/D,S/D,S/D,S/D,S/D,S/D,S/D,S/D,S/D,S/D,S/D,S/D,"-32.95527, -60.6932",[''],0,,-32.95527,-60.6932,55.0,538.0,Municipio Rosario,Municipio,Rosario,820210,Servicio de Catastro e Información Territorial,IGN
2019,11743,2019-03-03,Domingo,,,,0.0,1,Moto/Ciclomotor, ,1,1,0,0,0,0,0,"-32.95527, -60.6932",S/D,,ROSARIO,Rosario,S/D,S/D,II,S/D,S/D,S/D,S/D,S/D,S/D,S/D,S/D,S/D,S/D,S/D,S/D,S/D,S/D,S/D,S/D,"-32.95527, -60.6932",[''],0,,-32.95527,-60.6932,55.0,538.0,Municipio Rosario,Municipio,Rosario,820210,Servicio de Catastro e Información Territorial,IGN
2019,11744,2019-08-08,Jueves,,12:55:00,,0.0,1,Moto/Ciclomotor, ,1,1,0,0,0,0,0,"-32.95817760227484,-60.666264034822",S/D,,ROSARIO,Rosario,S/D,S/D,II,S/D,S/D,S/D,S/D,S/D,S/D,S/D,Diurna,S/D,S/D,S/D,Colisión,S/D,S/D,S/D,S/D,"-32.95817760227484,-60.666264034822",[''],0,,-32.95817760227484,-60.666264034822,55.0,538.0,Municipio Rosario,Municipio,Rosario,820210,Servicio de Catastro e Información Territorial,IGN
2019,11745,2019-02-03,Domingo,,,,0.0,1,Moto/Ciclomotor, ,1,1,0,0,0,0,0,"-32.95527, -60.6932",S/D,,ROSARIO,Rosario,S/D,S/D,II,S/D,S/D,S/D,S/D,S/D,S/D,S/D,S/D,S/D,S/D,S/D,S/D,S/D,S/D,S/D,S/D,"-32.95527, -60.6932",[''],0,,-32.95527,-60.6932,55.0,538.0,Municipio Rosario,Municipio,Rosario,820210,Servicio de Catastro e Información Territorial,IGN
2019,11746,2019-09-14,Sabado,,02:35:00,,0.0,1,Automóvil, ,1,1,0,0,0,0,0,"-32.970394492149374,-60.68134188652",S/D,,ROSARIO,Rosario,S/D,S/D,II,S/D,S/D,S/D,S/D,S/D,S/D,S/D,Nocturna,S/D,S/D,S/D,Colisión,S/D,S/D,S/D,S/D,"-32.970394492149374,-60.68134188652",[''],0,,-32.970394492149374,-60.68134188652,55.0,538.0,Municipio Rosario,Municipio,Rosario,820210,Servicio de Catastro e Información Territorial,IGN
2019,11747,2019-02-27,Miercoles,,16:10:00,,0.0,1,Moto/Ciclomotor, ,1,1,0,0,0,0,0,"    -32.95883, -60.693",S/D,,ROSARIO,Rosario,S/D,S/D,II,S/D,S/D,S/D,S/D,S/D,S/D,S/D,Diurna,S/D,S/D,S/D,S/D,S/D,S/D,S/D,S/D,"    -32.95883, -60.693",[''],0,,-32.95883,-60.693,55.0,538.0,Municipio Rosario,Municipio,Rosario,820210,Servicio de Catastro e Información Territorial,IGN
2019,11748,2019-03-03,Domingo,,,,0.0,1,Moto/Ciclomotor, ,1,1,0,0,0,0,0,"-32.95527, -60.6932",S/D,,ROSARIO,Rosario,S/D,S/D,II,S/D,S/D,S/D,S/D,S/D,S/D,S/D,S/D,S/D,S/D,S/D,S/D,S/D,S/D,S/D,S/D,"-32.95527, -60.6932",[''],0,,-32.95527,-60.6932,55.0,538.0,Municipio Rosario,Municipio,Rosario,820210,Servicio de Catastro e Información Territorial,IGN
2019,11749,2019-03-03,Domingo,,,,0.0,1,Moto/Ciclomotor, ,1,1,0,0,0,0,0,"-32.95527, -60.6932",S/D,,ROSARIO,Rosario,S/D,S/D,II,S/D,S/D,S/D,S/D,S/D,S/D,S/D,S/D,S/D,S/D,S/D,S/D,S/D,S/D,S/D,S/D,"-32.95527, -60.6932",[''],0,,-32.95527,-60.6932,55.0,538.0,Municipio Rosario,Municipio,Rosario,820210,Servicio de Catastro e Información Territorial,IGN
2019,11750,2019-08-08,Jueves,,13:50:00,,0.0,1,Moto/Ciclomotor, ,1,1,0,0,0,0,0,"-32.95817760227484,-60.666264034822",S/D,,ROSARIO,Rosario,S/D,S/D,II,S/D,S/D,S/D,S/D,S/D,S/D,S/D,Diurna,S/D,S/D,S/D,Colisión,S/D,S/D,S/D,Sin restricción,"-32.95817760227484,-60.666264034822",[''],0,,-32.95817760227484,-60.666264034822,55.0,538.0,Municipio Rosario,Municipio,Rosario,820210,Servicio de Catastro e Información Territorial,IGN
2019,11751,2019-07-17,Miercoles,,04:09:00,,0.0,1,Moto/Ciclomotor, ,1,1,0,0,0,0,0,"-32.9587, -60.69303",S/D,,ROSARIO,Rosario,S/D,S/D,II,S/D,S/D,S/D,S/D,S/D,S/D,S/D,Nocturna,S/D,S/D,S/D,S/D,S/D,S/D,S/D,S/D,"-32.9587, -60.69303",[''],0,,-32.9587,-60.69303,55.0,538.0,Municipio Rosario,Municipio,Rosario,820210,Servicio de Catastro e Información Territorial,IGN