anio_acci,nro_acci,fecha,desc_dia,fecha_aprox,hora_aprox,desc_ruta,km,cant_participantes,desc_participante,calle_avenida_km,total,heridos_leves,heridos_graves,heridos_gravisimos,ilesos,fallecidos,sin_datos,posicion_XY,desc_tipo_via,desc_ruta_ori,desc_loc,desc_dpto,desc_tipo_calzada,desc_tipo_banquina,desc_unidad_regional,desc_lugar_calzada,desc_zona,desc_prioridad,desc_estado_semaforo,desc_lugar_via,desc_estado_via,desc_estado_visibilidad,desc_luminosidad,desc_estado_clima,desc_tipo_colision,desc_tipo_atropello,desc_tipo_hecho,desc_pres_calzada,desc_senializacion,desc_separacion_via,desc_restriccion,forma_geocod,calle_lista,numero_calles,calles_osm,lat,lon,index_right,gid,fna,gna,nam,in1,fdc,sag
2019,12043,2019-08-26,Lunes,,14:15:00,,0.0,1,Moto/Ciclomotor, ,1,1,0,0,0,0,0,"-32.95817760227484,-60.666264034822",S/D,,ROSARIO,Rosario,S/D,S/D,II,S/D,S/D,S/D,S/D,S/D,S/D,S/D,Diurna,S/D,S/D,S/D,Colisión,S/D,S/D,S/D,S/D,"-32.95817760227484,-60.666264034822",[''],0,,-32.95817760227484,-60.666264034822,55.0,538.0,Municipio Rosario,Municipio,Rosario,820210,Servicio de Catastro e Información Territorial,IGN
2019,12044,2019-07-28,Domingo,,05:00:00,,0.0,2,"Otros,Peatón", ,2,1,0,0,1,0,0,"-32.95883, -60.693",S/D,,ROSARIO,Rosario,S/D,S/D,II,S/D,S/D,S/D,S/D,S/D,S/D,S/D,Nocturna,S/D,S/D,Peatón,Atropello,S/D,S/D,S/D,S/D,"-32.95883, -60.693",[''],0,,-32.95883,-60.693,55.0,538.0,Municipio Rosario,Municipio,Rosario,820210,Servicio de Catastro e Información Territorial,IGN
2019,12045,2019-09-06,Viernes,,16:42:00,,0.0,1,Moto/Ciclomotor, ,1,1,0,0,0,0,0,"-32.944242954254115,-60.67187905311",S/D,,ROSARIO,Rosario,S/D,S/D,II,S/D,S/D,S/D,S/D,S/D,S/D,S/D,Diurna,S/D,S/D,S/D,Colisión,S/D,S/D,S/D,S/D,"-32.944242954254115,-60.67187905311",[''],0,,-32.944242954254115,-60.67187905311,55.0,538.0,Municipio Rosario,Municipio,Rosario,820210,Servicio de Catastro e Información Territorial,IGN
2019,12046,2019-08-26,Lunes,,15:35:00,,0.0,1,Moto/Ciclomotor, ,1,1,0,0,0,0,0,"-32.95817760227484,-60.666264034822",S/D,,ROSARIO,Rosario,S/D,S/D,II,S/D,S/D,S/D,S/D,S/D,S/D,S/D,Diurna,S/D,S/D,S/D,Colisión,S/D,S/D,S/D,S/D,"-32.95817760227484,-60.666264034822",[''],0,,-32.95817760227484,-60.666264034822,55.0,538.0,Municipio Rosario,Municipio,Rosario,820210,Servicio de Catastro e Información Territorial,IGN
2019,12047,2019-09-06,Viernes,,16:17:00,,0.0,1,Moto/Ciclomotor, ,1,1,0,0,0,0,0,"-32.95511126518246,-60.646162033080",S/D,,ROSARIO,Rosario,S/D,S/D,II,S/D,S/D,S/D,S/D,S/D,S/D,S/D,Diurna,S/D,S/D,S/D,Colisión,S/D,S/D,S/D,S/D,"-32.95511126518246,-60.646162033080",[''],0,,-32.95511126518246,-60.64616203308,55.0,538.0,Municipio Rosario,Municipio,Rosario,820210,Servicio de Catastro e Información Territorial,IGN
2019,12048,2019-08-26,Lunes,,19:25:00,,0.0,1,Moto/Ciclomotor, ,1,1,0,0,0,0,0,"-32.95817760227484,-60.666264034822",S/D,,ROSARIO,Rosario,S/D,S/D,II,S/D,S/D,S/D,S/D,S/D,S/D,S/D,Atardecer,S/D,S/D,S/D,Colisión,S/D,S/D,S/D,S/D,"-32.95817760227484,-60.666264034822",[''],0,,-32.95817760227484,-60.666264034822,55.0,538.0,Municipio Rosario,Municipio,Rosario,820210,Servicio de Catastro e Información Territorial,IGN
2019,12049,2019-08-26,Lunes,,21:20:00,,0.0,1,Moto/Ciclomotor, ,1,1,0,0,0,0,0,"-32.95817760227484,-60.666264034822",S/D,,ROSARIO,Rosario,S/D,S/D,II,S/D,S/D,S/D,S/D,S/D,S/D,S/D,Nocturna,S/D,S/D,S/D,Colisión,S/D,S/D,S/D,S/D,"-32.95817760227484,-60.666264034822",[''],0,,-32.95817760227484,-60.666264034822,55.0,538.0,Municipio Rosario,Municipio,Rosario,820210,Servicio de Catastro e Información Territorial,IGN
2019,12050,2019-09-06,Viernes,,16:09:00,,0.0,1,Moto/Ciclomotor, ,1,1,0,0,0,0,0,"-32.95960128307344,-60.681465268135",S/D,,ROSARIO,Rosario,S/D,S/D,II,S/D,S/D,S/D,S/D,S/D,S/D,S/D,Diurna,S/D,S/D,S/D,Colisión,S/D,S/D,S/D,S/D,"-32.95960128307344,-60.681465268135",[''],0,,-32.95960128307344,-60.681465268135,55.0,538.0,Municipio Rosario,Municipio,Rosario,820210,Servicio de Catastro e Información Territorial,IGN
2019,12051,2019-08-27,Martes,,05:40:00,,0.0,1,Automóvil, ,1,1,0,0,0,0,0,"-32.95817760227484,-60.666264034822",S/D,,ROSARIO,Rosario,S/D,S/D,II,S/D,S/D,S/D,No existe,S/D,S/D,S/D,Nocturna,S/D,S/D,S/D,Colisión,S/D,S/D,S/D,S/D,"-32.95817760227484,-60.666264034822",[''],0,,-32.95817760227484,-60.666264034822,55.0,538.0,Municipio Rosario,Municipio,Rosario,820210,Servicio de Catastro e Información Territorial,IGN
2019,12052,2019-07-29,Lunes,,,,0.0,1,Moto/Ciclomotor, ,1,1,0,0,0,0,0,"-32.95883, -60.693",S/D,,ROSARIO,Rosario,S/D,S/D,II,S/D,S/D,S/D,S/D,S/D,S/D,S/D,Diurna,S/D,S/D,S/D,S/D,S/D,S/D,S/D,S/D,"-32.95883, -60.693",[''],0,,-32.95883,-60.693,55.0,538.0,Municipio Rosario,Municipio,Rosario,820210,Servicio de Catastro e Información Territorial,IGN
2019,12053,2019-07-29,Lunes,,13:10:00,,0.0,1,Moto/Ciclomotor, ,1,1,0,0,0,0,0,"-32.95883, -60.693",S/D,,ROSARIO,Rosario,S/D,S/D,II,S/D,S/D,S/D,S/D,S/D,S/D,S/D,Diurna,S/D,S/D,S/D,S/D,S/D,S/D,S/D,S/D,"-32.95883, -60.693",[''],0,,-32.95883,-60.693,55.0,538.0,Municipio Rosario,Municipio,Rosario,820210,Servicio de Catastro e Información Territorial,IGN
2019,12055,2019-09-06,Viernes,,16:43:00,,0.0,1,Automóvil, ,1,1,0,0,0,0,0,"-32.952370047569275,-60.68817883729",S/D,,ROSARIO,Rosario,S/D,S/D,II,S/D,S/D,S/D,S/D,S/D,S/D,S/D,Diurna,S/D,S/D,S/D,Colisión,S/D,S/D,S/D,S/D,"-32.952370047569275,-60.68817883729",[''],0,,-32.952370047569275,-60.68817883729,55.0,538.0,Municipio Rosario,Municipio,Rosario,820210,Servicio de Catastro e Información Territorial,IGN
2019,12056,2019-09-06,Viernes,,15:39:00,,0.0,1,Automóvil, ,1,1,0,0,0,0,0,"-32.967706918716445,-60.67640125751",S/D,,ROSARIO,Rosario,S/D,S/D,II,S/D,S/D,S/D,S/D,S/D,S/D,S/D,Diurna,S/D,S/D,S/D,Colisión,S/D,S/D,S/D,S/D,"-32.967706918716445,-60.67640125751",[''],0,,-32.967706918716445,-60.67640125751,55.0,538.0,Municipio Rosario,Municipio,Rosario,820210,Servicio de Catastro e Información Territorial,IGN
2019,12057,2019-09-06,Viernes,,20:05:00,,0.0,1,Automóvil, ,2,1,0,0,0,0,1,"-32.98672914505006,-60.657041072845",S/D,,ROSARIO,Rosario,S/D,S/D,II,S/D,S/D,S/D,S/D,S/D,S/D,S/D,Nocturna,S/D,S/D,S/D,Colisión,S/D,S/D,S/D,S/D,"-32.98672914505006,-60.657041072845",[''],0,,-32.98672914505006,-60.657041072845,55.0,538.0,Municipio Rosario,Municipio,Rosario,820210,Servicio de Catastro e Información Territorial,IGN
2019,12058,2019-08-27,Martes,,18:45:00,,0.0,1,Moto/Ciclomotor, ,1,1,0,0,0,0,0,"-32.95817760227484,-60.666264034822",S/D,,ROSARIO,Rosario,S/D,S/D,II,S/D,S/D,S/D,S/D,S/D,S/D,S/D,Diurna,S/D,S/D,S/D,Colisión,S/D,S/D,S/D,S/D,"-32.95817760227484,-60.666264034822",[''],0,,-32.95817760227484,-60.666264034822,55.0,538.0,Municipio Rosario,Municipio,Rosario,820210,Servicio de Catastro e Información Territorial,IGN
2019,12059,2019-09-06,Viernes,,18:20:00,,0.0,1,Moto/Ciclomotor, ,1,1,0,0,0,0,0,"-32.985932528972626,-60.64807310700",S/D,,ROSARIO,Rosario,S/D,S/D,II,S/D,S/D,S/D,S/D,S/D,S/D,S/D,Diurna,S/D,S/D,S/D,Colisión,S/D,S/D,S/D,S/D,"-32.985932528972626,-60.64807310700",[''],0,,-32.985932528972626,-60.648073107,55.0,538.0,Municipio Rosario,Municipio,Rosario,820210,Servicio de Catastro e Información Territorial,IGN
2019,12060,2019-07-30,Martes,,13:20:00,,0.0,1,Moto/Ciclomotor, ,1,1,0,0,0,0,0,"-32.95883, -60.693",S/D,,ROSARIO,Rosario,S/D,S/D,II,S/D,S/D,S/D,S/D,S/D,S/D,S/D,Diurna,S/D,S/D,S/D,S/D,S/D,S/D,S/D,S/D,"-32.95883, -60.693",[''],0,,-32.95883,-60.693,55.0,538.0,Municipio Rosario,Municipio,Rosario,820210,Servicio de Catastro e Información Territorial,IGN
2019,12061,2019-08-27,Martes,,19:05:00,,0.0,1,Moto/Ciclomotor, ,1,1,0,0,0,0,0,"-32.95817760227484,-60.666264034822",S/D,,ROSARIO,Rosario,S/D,S/D,II,S/D,S/D,S/D,S/D,S/D,S/D,S/D,Diurna,S/D,S/D,S/D,Colisión,S/D,S/D,S/D,S/D,"-32.95817760227484,-60.666264034822",[''],0,,-32.95817760227484,-60.666264034822,55.0,538.0,Municipio Rosario,Municipio,Rosario,820210,Servicio de Catastro e Información Territorial,IGN
2019,12062,2019-08-27,Martes,,20:45:00,,0.0,1,Moto/Ciclomotor, ,1,1,0,0,0,0,0,"-32.95817760227484,-60.666264034822",S/D,,ROSARIO,Rosario,S/D,S/D,II,S/D,S/D,S/D,No existe,S/D,S/D,S/D,Nocturna,S/D,S/D,S/D,Colisión,S/D,S/D,S/D,S/D,"-32.95817760227484,-60.666264034822",[''],0,,-32.95817760227484,-60.666264034822,55.0,538.0,Municipio Rosario,Municipio,Rosario,820210,Servicio de Catastro e Información Territorial,IGN
2019,12063,2019-09-05,Jueves,,20:31:00,,0.0,1,Moto/Ciclomotor, ,1,1,0,0,0,0,0,"-32.99728631973263,-60.673048496246",S/D,,ROSARIO,Rosario,S/D,S/D,II,S/D,S/D,S/D,S/D,S/D,S/D,S/D,Nocturna,S/D,S/D,S/D,Colisión,S/D,S/D,S/D,S/D,"-32.99728631973263,-60.673048496246",[''],0,,-32.99728631973263,-60.673048496246,55.0,538.0,Municipio Rosario,Municipio,Rosario,820210,Servicio de Catastro e Información Territorial,IGN
2019,12064,2019-07-30,Martes,,17:00:00,,0.0,1,Moto/Ciclomotor, ,1,0,1,0,0,0,0,"-32.95883, -60.693",S/D,,ROSARIO,Rosario,S/D,S/D,II,S/D,S/D,S/D,S/D,S/D,S/D,S/D,Diurna,S/D,S/D,S/D,S/D,S/D,S/D,S/D,S/D,"-32.95883, -60.693",[''],0,,-32.95883,-60.693,55.0,538.0,Municipio Rosario,Municipio,Rosario,820210,Servicio de Catastro e Información Territorial,IGN
2019,12065,2019-08-27,Martes,,16:10:00,,0.0,1,Moto/Ciclomotor, ,1,1,0,0,0,0,0,"-32.95817760227484,-60.666264034822",S/D,,ROSARIO,Rosario,S/D,S/D,II,S/D,S/D,S/D,S/D,S/D,S/D,S/D,Diurna,S/D,S/D,S/D,Colisión,S/D,S/D,S/D,S/D,"-32.95817760227484,-60.666264034822",[''],0,,-32.95817760227484,-60.666264034822,55.0,538.0,Municipio Rosario,Municipio,Rosario,820210,Servicio de Catastro e Información Territorial,IGN
2019,12066,2019-09-05,Jueves,,17:38:00,,0.0,1,Automóvil, ,2,1,0,0,0,0,1,"-32.96241760253903,-60.652309656143",S/D,,ROSARIO,Rosario,S/D,S/D,II,S/D,S/D,S/D,S/D,S/D,S/D,S/D,S/D,S/D,S/D,S/D,Colisión,S/D,S/D,S/D,S/D,"-32.96241760253903,-60.652309656143",[''],0,,-32.96241760253903,-60.652309656143,55.0,538.0,Municipio Rosario,Municipio,Rosario,820210,Servicio de Catastro e Información Territorial,IGN
2019,12067,2019-07-30,Martes,,17:20:00,,0.0,1,Moto/Ciclomotor, ,2,2,0,0,0,0,0,"-32.95883, -60.693",S/D,,ROSARIO,Rosario,S/D,S/D,II,S/D,S/D,S/D,S/D,S/D,S/D,S/D,Diurna,S/D,S/D,S/D,S/D,S/D,S/D,S/D,S/D,"-32.95883, -60.693",[''],0,,-32.95883,-60.693,55.0,538.0,Municipio Rosario,Municipio,Rosario,820210,Servicio de Catastro e Información Territorial,IGN
2019,12068,2019-08-27,Martes,,16:15:00,,0.0,1,Moto/Ciclomotor, ,1,1,0,0,0,0,0,"-32.95817760227484,-60.666264034822",S/D,,ROSARIO,Rosario,S/D,S/D,II,S/D,S/D,S/D,S/D,S/D,S/D,S/D,Diurna,S/D,S/D,S/D,Colisión,S/D,S/D,S/D,S/D,"-32.95817760227484,-60.666264034822",[''],0,,-32.95817760227484,-60.666264034822,55.0,538.0,Municipio Rosario,Municipio,Rosario,820210,Servicio de Catastro e Información Territorial,IGN
2019,12069,2019-08-27,Martes,,21:35:00,,0.0,1,Moto/Ciclomotor, ,1,1,0,0,0,0,0,"-32.95817760227484,-60.666264034822",S/D,,ROSARIO,Rosario,S/D,S/D,II,S/D,S/D,S/D,S/D,S/D,S/D,S/D,Nocturna,S/D,S/D,S/D,Colisión,S/D,S/D,S/D,S/D,"-32.95817760227484,-60.666264034822",[''],0,,-32.95817760227484,-60.666264034822,55.0,538.0,Municipio Rosario,Municipio,Rosario,820210,Servicio de Catastro e Información Territorial,IGN
2019,12070,2019-09-05,Jueves,,20:11:00,,0.0,1,Moto/Ciclomotor, ,1,1,0,0,0,0,0,"-32.96951204538345,-60.679700374603",S/D,,ROSARIO,Rosario,S/D,S/D,II,S/D,S/D,S/D,S/D,S/D,S/D,S/D,Nocturna,S/D,S/D,S/D,Colisión,S/D,S/D,S/D,S/D,"-32.96951204538345,-60.679700374603",[''],0,,-32.96951204538345,-60.679700374603,55.0,538.0,Municipio Rosario,Municipio,Rosario,820210,Servicio de Catastro e Información Territorial,IGN
2019,12071,2019-09-05,Jueves,,18:49:00,,0.0,1,Automóvil, ,2,1,0,0,0,0,1,"-32.94614195823671,-60.676626563072",S/D,,ROSARIO,Rosario,S/D,S/D,II,S/D,S/D,S/D,S/D,S/D,S/D,S/D,Diurna,S/D,S/D,S/D,Colisión,S/D,S/D,S/D,S/D,"-32.94614195823671,-60.676626563072",[''],0,,-32.94614195823671,-60.676626563072,55.0,538.0,Municipio Rosario,Municipio,Rosario,820210,Servicio de Catastro e Información Territorial,IGN
2019,12072,2019-08-28,Miercoles,,10:40:00,,0.0,2,"Peatón,Otros", ,2,1,0,0,0,0,1,"-32.95817760227484,-60.666264034822",S/D,,ROSARIO,Rosario,S/D,S/D,II,S/D,S/D,S/D,S/D,S/D,S/D,S/D,Diurna,S/D,S/D,Peatón,Atropello,S/D,S/D,S/D,S/D,"-32.95817760227484,-60.666264034822",[''],0,,-32.95817760227484,-60.666264034822,55.0,538.0,Municipio Rosario,Municipio,Rosario,820210,Servicio de Catastro e Información Territorial,IGN
2019,12073,2019-09-05,Jueves,,18:49:00,,0.0,1,Moto/Ciclomotor, ,1,1,0,0,0,0,0,"-32.949736118316615,-60.67612767219",S/D,,ROSARIO,Rosario,S/D,S/D,II,S/D,S/D,S/D,S/D,S/D,S/D,S/D,Diurna,S/D,S/D,S/D,Colisión,S/D,S/D,S/D,S/D,"-32.949736118316615,-60.67612767219",[''],0,,-32.949736118316615,-60.67612767219,55.0,538.0,Municipio Rosario,Municipio,Rosario,820210,Servicio de Catastro e Información Territorial,IGN
2019,12074,2019-07-30,Martes,,18:00:00,,0.0,2,"Otros,Peatón", ,2,1,0,0,1,0,0,"-32.95883, -60.693",S/D,,ROSARIO,Rosario,S/D,S/D,II,S/D,S/D,S/D,S/D,S/D,S/D,S/D,Atardecer,S/D,S/D,Peatón,Atropello,S/D,S/D,S/D,S/D,"-32.95883, -60.693",[''],0,,-32.95883,-60.693,55.0,538.0,Municipio Rosario,Municipio,Rosario,820210,Servicio de Catastro e Información Territorial,IGN
2019,12075,2019-08-28,Miercoles,,11:20:00,,0.0,1,Moto/Ciclomotor, ,1,1,0,0,0,0,0,"-32.95817760227484,-60.666264034822",S/D,,ROSARIO,Rosario,S/D,S/D,II,S/D,S/D,S/D,S/D,S/D,S/D,S/D,Diurna,S/D,S/D,S/D,Colisión,S/D,S/D,S/D,S/D,"-32.95817760227484,-60.666264034822",[''],0,,-32.95817760227484,-60.666264034822,55.0,538.0,Municipio Rosario,Municipio,Rosario,820210,Servicio de Catastro e Información Territorial,IGN
2019,12076,2019-09-05,Jueves,,18:47:00,,0.0,1,Moto/Ciclomotor, ,1,1,0,0,0,0,0,"-32.9502671957016,-60.6464061141014",S/D,,ROSARIO,Rosario,S/D,S/D,II,S/D,S/D,S/D,S/D,S/D,S/D,S/D,Diurna,S/D,S/D,S/D,Colisión,S/D,S/D,S/D,S/D,"-32.9502671957016,-60.6464061141014",[''],0,,-32.9502671957016,-60.6464061141014,55.0,538.0,Municipio Rosario,Municipio,Rosario,820210,Servicio de Catastro e Información Territorial,IGN
2019,12077,2019-07-30,Martes,,19:00:00,,0.0,1,Moto/Ciclomotor, ,1,1,0,0,0,0,0,"-32.95883, -60.693",S/D,,ROSARIO,Rosario,Asfalto,S/D,II,S/D,S/D,S/D,S/D,S/D,S/D,S/D,Atardecer,S/D,S/D,S/D,S/D,S/D,S/D,S/D,S/D,"-32.95883, -60.693",[''],0,,-32.95883,-60.693,55.0,538.0,Municipio Rosario,Municipio,Rosario,820210,Servicio de Catastro e Información Territorial,IGN
2019,12078,2019-09-05,Jueves,,18:23:00,,0.0,1,Moto/Ciclomotor, ,1,1,0,0,0,0,0,"-32.96758353710176,-60.663601756095",S/D,,ROSARIO,Rosario,S/D,S/D,II,S/D,S/D,S/D,S/D,S/D,S/D,S/D,Diurna,S/D,S/D,S/D,Colisión,S/D,S/D,S/D,S/D,"-32.96758353710176,-60.663601756095",[''],0,,-32.96758353710176,-60.663601756095,55.0,538.0,Municipio Rosario,Municipio,Rosario,820210,Servicio de Catastro e Información Territorial,IGN
2019,12079,2019-07-30,Martes,,20:00:00,,0.0,1,Moto/Ciclomotor, ,1,1,0,0,0,0,0,"-32.95883, -60.693",S/D,,ROSARIO,Rosario,S/D,S/D,II,S/D,S/D,S/D,S/D,S/D,S/D,S/D,Diurna,S/D,S/D,S/D,S/D,S/D,S/D,S/D,S/D,"-32.95883, -60.693",[''],0,,-32.95883,-60.693,55.0,538.0,Municipio Rosario,Municipio,Rosario,820210,Servicio de Catastro e Información Territorial,IGN
2019,12080,2019-09-05,Jueves,,14:07:00,,0.0,2,"Peatón,Otros", ,2,1,0,0,0,0,1,"-32.94979512691499,-60.676154494285",S/D,,ROSARIO,Rosario,S/D,S/D,II,S/D,S/D,S/D,S/D,S/D,S/D,S/D,Diurna,S/D,S/D,Peatón,Atropello,S/D,S/D,S/D,S/D,"-32.94979512691499,-60.676154494285",[''],0,,-32.94979512691499,-60.676154494285,55.0,538.0,Municipio Rosario,Municipio,Rosario,820210,Servicio de Catastro e Información Territorial,IGN
2019,12081,2019-08-28,Miercoles,,19:20:00,,0.0,1,Automóvil, ,1,1,0,0,0,0,0,"-32.95817760227484,-60.666264034822",S/D,,ROSARIO,Rosario,S/D,S/D,II,S/D,S/D,S/D,S/D,S/D,S/D,S/D,Atardecer,S/D,S/D,S/D,Colisión,S/D,S/D,S/D,S/D,"-32.95817760227484,-60.666264034822",[''],0,,-32.95817760227484,-60.666264034822,55.0,538.0,Municipio Rosario,Municipio,Rosario,820210,Servicio de Catastro e Información Territorial,IGN
2019,12082,2019-07-30,Martes,,,,0.0,1,Moto/Ciclomotor, ,1,1,0,0,0,0,0,"-32.95883, -60.693",S/D,,ROSARIO,Rosario,S/D,S/D,II,S/D,S/D,S/D,S/D,S/D,S/D,S/D,S/D,S/D,S/D,S/D,S/D,S/D,S/D,S/D,S/D,"-32.95883, -60.693",[''],0,,-32.95883,-60.693,55.0,538.0,Municipio Rosario,Municipio,Rosario,820210,Servicio de Catastro e Información Territorial,IGN
2019,12083,2019-08-28,Miercoles,,13:50:00,,0.0,2,"Bicicleta,Otros", ,2,1,0,0,0,0,1,"-32.95817760227484,-60.666264034822",S/D,,ROSARIO,Rosario,S/D,S/D,II,S/D,S/D,S/D,S/D,S/D,S/D,S/D,Diurna,S/D,S/D,Ciclista,Atropello,S/D,S/D,S/D,S/D,"-32.95817760227484,-60.666264034822",[''],0,,-32.95817760227484,-60.666264034822,55.0,538.0,Municipio Rosario,Municipio,Rosario,820210,Servicio de Catastro e Información Territorial,IGN
2019,12084,2019-09-05,Jueves,,09:21:00,,0.0,2,"Peatón,Otros", ,2,1,0,0,0,0,1,"-32.969959974288905,-60.67695379257",S/D,,ROSARIO,Rosario,S/D,S/D,II,S/D,S/D,S/D,S/D,S/D,S/D,S/D,Diurna,S/D,S/D,Peatón,Atropello,S/D,S/D,S/D,S/D,"-32.969959974288905,-60.67695379257",[''],0,,-32.969959974288905,-60.67695379257,55.0,538.0,Municipio Rosario,Municipio,Rosario,820210,Servicio de Catastro e Información Territorial,IGN
2019,12085,2019-09-04,Miercoles,,22:18:00,,0.0,2,"Peatón,Otros", ,2,1,0,0,0,0,1,"-32.945986390113845,-60.68372905254",S/D,,ROSARIO,Rosario,S/D,S/D,II,S/D,S/D,S/D,S/D,S/D,S/D,S/D,Nocturna,S/D,S/D,Peatón,Atropello,S/D,S/D,S/D,S/D,"-32.945986390113845,-60.68372905254",[''],0,,-32.945986390113845,-60.68372905254,55.0,538.0,Municipio Rosario,Municipio,Rosario,820210,Servicio de Catastro e Información Territorial,IGN
2019,12086,2019-07-30,Martes,,10:10:00,,0.0,1,Moto/Ciclomotor, ,1,0,1,0,0,0,0,"-32.95883, -60.693",S/D,,ROSARIO,Rosario,S/D,S/D,II,S/D,S/D,S/D,S/D,S/D,S/D,S/D,Diurna,S/D,S/D,S/D,S/D,S/D,S/D,S/D,S/D,"-32.95883, -60.693",[''],0,,-32.95883,-60.693,55.0,538.0,Municipio Rosario,Municipio,Rosario,820210,Servicio de Catastro e Información Territorial,IGN
2019,12087,2019-09-04,Miercoles,,20:47:00,,0.0,2,"Peatón,Otros", ,2,1,0,0,0,0,1,"-32.95254170894624,-60.646972060203",S/D,,ROSARIO,Rosario,S/D,S/D,II,S/D,S/D,S/D,S/D,S/D,S/D,S/D,Nocturna,S/D,S/D,Peatón,Atropello,S/D,S/D,S/D,S/D,"-32.95254170894624,-60.646972060203",[''],0,,-32.95254170894624,-60.646972060203,55.0,538.0,Municipio Rosario,Municipio,Rosario,820210,Servicio de Catastro e Información Territorial,IGN
2019,12088,2019-08-28,Miercoles,,18:00:00,,0.0,1,Moto/Ciclomotor, ,1,1,0,0,0,0,0,"-32.95817760227484,-60.666264034822",S/D,,ROSARIO,Rosario,S/D,S/D,II,S/D,S/D,S/D,S/D,S/D,S/D,S/D,Diurna,S/D,S/D,S/D,Colisión,S/D,S/D,S/D,S/D,"-32.95817760227484,-60.666264034822",[''],0,,-32.95817760227484,-60.666264034822,55.0,538.0,Municipio Rosario,Municipio,Rosario,820210,Servicio de Catastro e Información Territorial,IGN
2019,12089,2019-09-04,Miercoles,,20:44:00,,0.0,2,"Peatón,Otros", ,2,1,0,0,0,0,1,"-32.95482158660885,-60.674518346786",S/D,,ROSARIO,Rosario,S/D,S/D,II,S/D,S/D,S/D,S/D,S/D,S/D,S/D,Nocturna,S/D,S/D,Peatón,Atropello,S/D,S/D,S/D,S/D,"-32.95482158660885,-60.674518346786",[''],0,,-32.95482158660885,-60.674518346786,55.0,538.0,Municipio Rosario,Municipio,Rosario,820210,Servicio de Catastro e Información Territorial,IGN
2019,12090,2019-07-30,Martes,,,,0.0,2,"Otros,Peatón", ,2,0,1,0,1,0,0,"-32.95883, -60.693",S/D,,ROSARIO,Rosario,S/D,S/D,II,S/D,S/D,S/D,S/D,S/D,S/D,S/D,Atardecer,S/D,S/D,Peatón,Atropello,S/D,S/D,S/D,S/D,"-32.95883, -60.693",[''],0,,-32.95883,-60.693,55.0,538.0,Municipio Rosario,Municipio,Rosario,820210,Servicio de Catastro e Información Territorial,IGN
2019,12091,2019-09-04,Miercoles,,14:57:00,,0.0,2,"Peatón,Otros", ,2,1,0,0,0,0,1,"-32.964879870414755,-60.67853093147",S/D,,ROSARIO,Rosario,S/D,S/D,II,S/D,S/D,S/D,S/D,S/D,S/D,S/D,Diurna,S/D,S/D,Peatón,Atropello,S/D,S/D,S/D,S/D,"-32.964879870414755,-60.67853093147",[''],0,,-32.964879870414755,-60.67853093147,55.0,538.0,Municipio Rosario,Municipio,Rosario,820210,Servicio de Catastro e Información Territorial,IGN
2019,12092,2019-09-04,Miercoles,,00:31:00,,0.0,1,Automóvil, ,1,1,0,0,0,0,0,"-32.97901511192318,-60.673477649688",S/D,,ROSARIO,Rosario,S/D,S/D,II,S/D,S/D,S/D,S/D,S/D,S/D,S/D,Nocturna,S/D,S/D,S/D,Colisión,S/D,S/D,S/D,S/D,"-32.97901511192318,-60.673477649688",[''],0,,-32.97901511192318,-60.673477649688,55.0,538.0,Municipio Rosario,Municipio,Rosario,820210,Servicio de Catastro e Información Territorial,IGN
2019,12093,2019-09-04,Miercoles,,00:07:00,,0.0,1,Automóvil, ,2,1,0,0,0,0,1,"-32.945766448974574,-60.68504333496",S/D,,ROSARIO,Rosario,S/D,S/D,II,S/D,S/D,S/D,S/D,S/D,S/D,S/D,Nocturna,S/D,S/D,S/D,Colisión,S/D,S/D,S/D,S/D,"-32.945766448974574,-60.68504333496",[''],0,,-32.945766448974574,-60.68504333496,55.0,538.0,Municipio Rosario,Municipio,Rosario,820210,Servicio de Catastro e Información Territorial,IGN
2019,12094,2019-08-28,Miercoles,,17:50:00,,0.0,2,"Peatón,Otros", ,2,1,0,0,0,0,1,"-32.95817760227484,-60.666264034822",S/D,,ROSARIO,Rosario,S/D,S/D,II,S/D,S/D,S/D,S/D,S/D,S/D,S/D,Diurna,S/D,S/D,Peatón,Atropello,S/D,S/D,S/D,S/D,"-32.95817760227484,-60.666264034822",[''],0,,-32.95817760227484,-60.666264034822,55.0,538.0,Municipio Rosario,Municipio,Rosario,820210,Servicio de Catastro e Información Territorial,IGN
2019,12095,2019-09-04,Miercoles,,09:59:00,,0.0,1,Moto/Ciclomotor, ,1,1,0,0,0,0,0,"-32.9854846000671,-60.6508934497832",S/D,,ROSARIO,Rosario,S/D,S/D,II,S/D,S/D,S/D,S/D,S/D,S/D,S/D,Diurna,S/D,S/D,S/D,Colisión,S/D,S/D,S/D,S/D,"-32.9854846000671,-60.6508934497832",[''],0,,-32.9854846000671,-60.6508934497832,55.0,538.0,Municipio Rosario,Municipio,Rosario,820210,Servicio de Catastro e Información Territorial,IGN
2019,12096,2019-08-28,Miercoles,,14:00:00,,0.0,1,Moto/Ciclomotor, ,1,1,0,0,0,0,0,"-32.95817760227484,-60.666264034822",S/D,,ROSARIO,Rosario,S/D,S/D,II,S/D,S/D,S/D,S/D,S/D,S/D,S/D,Diurna,S/D,S/D,S/D,Colisión,S/D,S/D,S/D,S/D,"-32.95817760227484,-60.666264034822",[''],0,,-32.95817760227484,-60.666264034822,55.0,538.0,Municipio Rosario,Municipio,Rosario,820210,Servicio de Catastro e Información Territorial,IGN
2019,12097,2019-09-04,Miercoles,,15:08:00,,0.0,2,"Bicicleta,Otros", ,2,1,0,0,0,0,1,"-32.969949245452845,-60.67702889442",S/D,,ROSARIO,Rosario,S/D,S/D,II,S/D,S/D,S/D,S/D,S/D,S/D,S/D,Diurna,S/D,S/D,Ciclista,Atropello,S/D,S/D,S/D,S/D,"-32.969949245452845,-60.67702889442",[''],0,,-32.969949245452845,-60.67702889442,55.0,538.0,Municipio Rosario,Municipio,Rosario,820210,Servicio de Catastro e Información Territorial,IGN
2019,12098,2019-07-30,Martes,,15:00:00,,0.0,1,Automóvil, ,1,1,0,0,0,0,0,"-32.95883, -60.693",S/D,,ROSARIO,Rosario,S/D,S/D,II,S/D,S/D,S/D,S/D,S/D,S/D,S/D,Diurna,S/D,S/D,S/D,S/D,S/D,S/D,S/D,S/D,"-32.95883, -60.693",[''],0,,-32.95883,-60.693,55.0,538.0,Municipio Rosario,Municipio,Rosario,820210,Servicio de Catastro e Información Territorial,IGN