anio_acci,nro_acci,fecha,desc_dia,fecha_aprox,hora_aprox,desc_ruta,km,cant_participantes,desc_participante,calle_avenida_km,total,heridos_leves,heridos_graves,heridos_gravisimos,ilesos,fallecidos,sin_datos,posicion_XY,desc_tipo_via,desc_ruta_ori,desc_loc,desc_dpto,desc_tipo_calzada,desc_tipo_banquina,desc_unidad_regional,desc_lugar_calzada,desc_zona,desc_prioridad,desc_estado_semaforo,desc_lugar_via,desc_estado_via,desc_estado_visibilidad,desc_luminosidad,desc_estado_clima,desc_tipo_colision,desc_tipo_atropello,desc_tipo_hecho,desc_pres_calzada,desc_senializacion,desc_separacion_via,desc_restriccion,forma_geocod,calle_lista,numero_calles,calles_osm,lat,lon,index_right,gid,fna,gna,nam,in1,fdc,sag
2019,12453,2019-10-13,Domingo,,23:00:00,,0.0,1,Moto/Ciclomotor, ,1,1,0,0,0,0,0,"-32.94572, -60.66382",S/D,,ROSARIO,Rosario,S/D,S/D,II,S/D,S/D,S/D,S/D,S/D,S/D,S/D,S/D,S/D,S/D,S/D,S/D,S/D,S/D,S/D,S/D,"-32.94572, -60.66382",[''],0,,-32.94572,-60.66382,55.0,538.0,Municipio Rosario,Municipio,Rosario,820210,Servicio de Catastro e Información Territorial,IGN
2019,12454,2019-10-20,Domingo,,11:07:00,,0.0,1,Automóvil, ,1,1,0,0,0,0,0,"-32.9587, -60.69303",S/D,,ROSARIO,Rosario,S/D,S/D,II,S/D,S/D,S/D,S/D,S/D,S/D,S/D,Diurna,S/D,S/D,S/D,S/D,S/D,S/D,S/D,S/D,"-32.9587, -60.69303",[''],0,,-32.9587,-60.69303,55.0,538.0,Municipio Rosario,Municipio,Rosario,820210,Servicio de Catastro e Información Territorial,IGN
2019,12455,2019-10-14,Lunes,,16:00:00,,0.0,1,Moto/Ciclomotor, ,1,1,0,0,0,0,0,"-32.94623, -60.68091",S/D,,ROSARIO,Rosario,S/D,S/D,II,S/D,S/D,S/D,S/D,S/D,S/D,S/D,S/D,S/D,S/D,S/D,S/D,S/D,S/D,S/D,S/D,"-32.94623, -60.68091",[''],0,,-32.94623,-60.68091,55.0,538.0,Municipio Rosario,Municipio,Rosario,820210,Servicio de Catastro e Información Territorial,IGN
2019,12456,2019-10-14,Lunes,,18:15:00,,0.0,1,Moto/Ciclomotor, ,1,1,0,0,0,0,0,"-32.95067, -60.6844",S/D,,ROSARIO,Rosario,S/D,S/D,II,S/D,S/D,S/D,S/D,S/D,S/D,S/D,S/D,S/D,S/D,S/D,S/D,S/D,S/D,S/D,S/D,"-32.95067, -60.6844",[''],0,,-32.95067,-60.6844,55.0,538.0,Municipio Rosario,Municipio,Rosario,820210,Servicio de Catastro e Información Territorial,IGN
2019,12457,2019-10-20,Domingo,,16:47:00,,0.0,1,Moto/Ciclomotor, ,2,1,0,0,0,0,1,"-32.9587, -60.69303",S/D,,ROSARIO,Rosario,S/D,S/D,II,S/D,S/D,S/D,S/D,S/D,S/D,S/D,Diurna,S/D,S/D,S/D,S/D,S/D,S/D,S/D,S/D,"-32.9587, -60.69303",[''],0,,-32.9587,-60.69303,55.0,538.0,Municipio Rosario,Municipio,Rosario,820210,Servicio de Catastro e Información Territorial,IGN
2019,12458,2019-10-20,Domingo,,21:19:00,,0.0,1,Moto/Ciclomotor, ,1,1,0,0,0,0,0,"-32.9587, -60.69303",S/D,,ROSARIO,Rosario,S/D,S/D,II,S/D,S/D,S/D,S/D,S/D,S/D,S/D,Nocturna,S/D,S/D,S/D,S/D,S/D,S/D,S/D,S/D,"-32.9587, -60.69303",[''],0,,-32.9587,-60.69303,55.0,538.0,Municipio Rosario,Municipio,Rosario,820210,Servicio de Catastro e Información Territorial,IGN
2019,12459,2019-10-21,Lunes,,08:43:00,,0.0,1,Peatón, ,1,1,0,0,0,0,0,"-32.9587, -60.69303",S/D,,ROSARIO,Rosario,S/D,S/D,II,S/D,S/D,S/D,S/D,S/D,S/D,S/D,Diurna,S/D,S/D,S/D,S/D,S/D,S/D,S/D,S/D,"-32.9587, -60.69303",[''],0,,-32.9587,-60.69303,55.0,538.0,Municipio Rosario,Municipio,Rosario,820210,Servicio de Catastro e Información Territorial,IGN
2019,12460,2019-10-21,Lunes,,12:52:00,,0.0,1,Peatón, ,1,1,0,0,0,0,0,"-32.9587, -60.69303",S/D,,ROSARIO,Rosario,S/D,S/D,II,S/D,S/D,S/D,S/D,S/D,S/D,S/D,Diurna,S/D,S/D,S/D,S/D,S/D,S/D,S/D,S/D,"-32.9587, -60.69303",[''],0,,-32.9587,-60.69303,55.0,538.0,Municipio Rosario,Municipio,Rosario,820210,Servicio de Catastro e Información Territorial,IGN
2019,12461,2019-03-07,Jueves,,,,0.0,1,Moto/Ciclomotor, ,1,1,0,0,0,0,0,"-32.95846, -60.69045",S/D,,ROSARIO,Rosario,S/D,S/D,II,S/D,S/D,S/D,S/D,S/D,S/D,S/D,S/D,S/D,S/D,S/D,S/D,S/D,S/D,S/D,S/D,"-32.95846, -60.69045",[''],0,,-32.95846,-60.69045,55.0,538.0,Municipio Rosario,Municipio,Rosario,820210,Servicio de Catastro e Información Territorial,IGN
2019,12462,2019-10-13,Domingo,,16:30:00,,0.0,1,Moto/Ciclomotor, ,1,1,0,0,0,0,0,"-32.95217, -60.67327",S/D,,ROSARIO,Rosario,S/D,S/D,II,S/D,S/D,S/D,S/D,S/D,S/D,S/D,S/D,S/D,S/D,S/D,S/D,S/D,S/D,S/D,S/D,"-32.95217, -60.67327",[''],0,,-32.95217,-60.67327,55.0,538.0,Municipio Rosario,Municipio,Rosario,820210,Servicio de Catastro e Información Territorial,IGN
2019,12463,2019-03-07,Jueves,,,,0.0,1,Moto/Ciclomotor, ,1,1,0,0,0,0,0,"-32.95846, -60.69045",S/D,,ROSARIO,Rosario,S/D,S/D,II,S/D,S/D,S/D,S/D,S/D,S/D,S/D,S/D,S/D,S/D,S/D,S/D,S/D,S/D,S/D,S/D,"-32.95846, -60.69045",[''],0,,-32.95846,-60.69045,55.0,538.0,Municipio Rosario,Municipio,Rosario,820210,Servicio de Catastro e Información Territorial,IGN
2019,12464,2019-03-07,Jueves,,,,0.0,1,Moto/Ciclomotor, ,1,1,0,0,0,0,0,"-32.95846, -60.69045",S/D,,ROSARIO,Rosario,S/D,S/D,II,S/D,S/D,S/D,S/D,S/D,S/D,S/D,S/D,S/D,S/D,S/D,S/D,S/D,S/D,S/D,S/D,"-32.95846, -60.69045",[''],0,,-32.95846,-60.69045,55.0,538.0,Municipio Rosario,Municipio,Rosario,820210,Servicio de Catastro e Información Territorial,IGN
2019,12465,2019-10-13,Domingo,,,,0.0,1,Automóvil, ,1,1,0,0,0,0,0,"-32.94491, -60.66495",S/D,,ROSARIO,Rosario,S/D,S/D,II,S/D,S/D,S/D,S/D,S/D,S/D,S/D,S/D,S/D,S/D,S/D,S/D,S/D,S/D,S/D,S/D,"-32.94491, -60.66495",[''],0,,-32.94491,-60.66495,55.0,538.0,Municipio Rosario,Municipio,Rosario,820210,Servicio de Catastro e Información Territorial,IGN
2019,12466,2019-10-13,Domingo,,17:45:00,,0.0,2,"Moto/Ciclomotor,Moto/Ciclomotor", ,2,2,0,0,0,0,0,"-32.95469, -60.64461",S/D,,ROSARIO,Rosario,S/D,S/D,II,S/D,S/D,S/D,S/D,S/D,S/D,S/D,S/D,S/D,S/D,S/D,Colisión,S/D,S/D,S/D,S/D,"-32.95469, -60.64461",[''],0,,-32.95469,-60.64461,55.0,538.0,Municipio Rosario,Municipio,Rosario,820210,Servicio de Catastro e Información Territorial,IGN
2019,12467,2019-03-07,Jueves,,,,0.0,1,Automóvil, ,1,1,0,0,0,0,0,"-32.95846, -60.69045",S/D,,ROSARIO,Rosario,S/D,S/D,II,S/D,S/D,S/D,S/D,S/D,S/D,S/D,S/D,S/D,S/D,S/D,S/D,S/D,S/D,S/D,S/D,"-32.95846, -60.69045",[''],0,,-32.95846,-60.69045,55.0,538.0,Municipio Rosario,Municipio,Rosario,820210,Servicio de Catastro e Información Territorial,IGN
2019,12468,2019-10-13,Domingo,,00:10:00,,0.0,1,Moto/Ciclomotor, ,1,1,0,0,0,0,0,"-32.95839, -60.6697",S/D,,ROSARIO,Rosario,S/D,S/D,II,S/D,S/D,S/D,S/D,S/D,S/D,S/D,S/D,S/D,S/D,S/D,S/D,S/D,S/D,S/D,S/D,"-32.95839, -60.6697",[''],0,,-32.95839,-60.6697,55.0,538.0,Municipio Rosario,Municipio,Rosario,820210,Servicio de Catastro e Información Territorial,IGN
2019,12469,2019-10-14,Lunes,,00:10:00,,0.0,1,Moto/Ciclomotor, ,1,1,0,0,0,0,0,"-32.93987, -60.67463",S/D,,ROSARIO,Rosario,S/D,S/D,II,S/D,S/D,S/D,S/D,S/D,S/D,S/D,S/D,S/D,S/D,S/D,S/D,S/D,S/D,S/D,S/D,"-32.93987, -60.67463",[''],0,,-32.93987,-60.67463,55.0,538.0,Municipio Rosario,Municipio,Rosario,820210,Servicio de Catastro e Información Territorial,IGN
2019,12470,2019-03-07,Jueves,,,,0.0,1,Automóvil, ,1,1,0,0,0,0,0,"-32.95846, -60.69045",S/D,,ROSARIO,Rosario,S/D,S/D,II,S/D,S/D,S/D,S/D,S/D,S/D,S/D,S/D,S/D,S/D,S/D,S/D,S/D,S/D,S/D,S/D,"-32.95846, -60.69045",[''],0,,-32.95846,-60.69045,55.0,538.0,Municipio Rosario,Municipio,Rosario,820210,Servicio de Catastro e Información Territorial,IGN
2019,12471,2019-03-07,Jueves,,,,0.0,2,"Bicicleta,Otros", ,2,1,0,0,0,0,1,"-32.95846, -60.69045",S/D,,ROSARIO,Rosario,S/D,S/D,II,S/D,S/D,S/D,S/D,S/D,S/D,S/D,S/D,S/D,S/D,Ciclista,Atropello,S/D,S/D,S/D,S/D,"-32.95846, -60.69045",[''],0,,-32.95846,-60.69045,55.0,538.0,Municipio Rosario,Municipio,Rosario,820210,Servicio de Catastro e Información Territorial,IGN
2019,12472,2019-10-14,Lunes,,,,0.0,1,Moto/Ciclomotor, ,1,1,0,0,0,0,0,"-32.94659, -60.6711",S/D,,ROSARIO,Rosario,S/D,S/D,II,S/D,S/D,S/D,S/D,S/D,S/D,S/D,S/D,S/D,S/D,S/D,S/D,S/D,S/D,S/D,S/D,"-32.94659, -60.6711",[''],0,,-32.94659,-60.6711,55.0,538.0,Municipio Rosario,Municipio,Rosario,820210,Servicio de Catastro e Información Territorial,IGN
2019,12473,2019-03-07,Jueves,,,,0.0,1,Moto/Ciclomotor, ,1,1,0,0,0,0,0,"-32.95846, -60.69045",S/D,,ROSARIO,Rosario,S/D,S/D,II,S/D,S/D,S/D,S/D,S/D,S/D,S/D,S/D,S/D,S/D,S/D,S/D,S/D,S/D,S/D,S/D,"-32.95846, -60.69045",[''],0,,-32.95846,-60.69045,55.0,538.0,Municipio Rosario,Municipio,Rosario,820210,Servicio de Catastro e Información Territorial,IGN
2019,12474,2019-10-14,Lunes,,16:40:00,,0.0,2,"Peatón,Otros", ,2,1,0,0,0,0,1,"-32.9522, -60.67391",S/D,,ROSARIO,Rosario,S/D,S/D,II,S/D,S/D,S/D,S/D,S/D,S/D,S/D,S/D,S/D,S/D,Peatón,Atropello,S/D,S/D,S/D,S/D,"-32.9522, -60.67391",[''],0,,-32.9522,-60.67391,55.0,538.0,Municipio Rosario,Municipio,Rosario,820210,Servicio de Catastro e Información Territorial,IGN
2019,12475,2019-03-07,Jueves,,,,0.0,1,Moto/Ciclomotor, ,1,1,0,0,0,0,0,"-32.95846, -60.69045",S/D,,ROSARIO,Rosario,S/D,S/D,II,S/D,S/D,S/D,S/D,S/D,S/D,S/D,S/D,S/D,S/D,S/D,S/D,S/D,S/D,S/D,S/D,"-32.95846, -60.69045",[''],0,,-32.95846,-60.69045,55.0,538.0,Municipio Rosario,Municipio,Rosario,820210,Servicio de Catastro e Información Territorial,IGN
2019,12476,2019-10-14,Lunes,,11:45:00,,0.0,1,Moto/Ciclomotor, ,1,1,0,0,0,0,0,"-32.94857, -60.66339",S/D,,ROSARIO,Rosario,S/D,S/D,II,S/D,S/D,S/D,S/D,S/D,S/D,S/D,S/D,S/D,S/D,S/D,S/D,S/D,S/D,S/D,S/D,"-32.94857, -60.66339",[''],0,,-32.94857,-60.66339,55.0,538.0,Municipio Rosario,Municipio,Rosario,820210,Servicio de Catastro e Información Territorial,IGN
2019,12477,2019-10-14,Lunes,,13:20:00,,0.0,1,Moto/Ciclomotor, ,1,1,0,0,0,0,0,"-32.95268, -60.68651",S/D,,ROSARIO,Rosario,S/D,S/D,II,S/D,S/D,S/D,S/D,S/D,S/D,S/D,S/D,S/D,S/D,S/D,S/D,S/D,S/D,S/D,S/D,"-32.95268, -60.68651",[''],0,,-32.95268,-60.68651,55.0,538.0,Municipio Rosario,Municipio,Rosario,820210,Servicio de Catastro e Información Territorial,IGN
2019,12478,2019-10-14,Lunes,,05:20:00,,0.0,1,Automóvil, ,3,3,0,0,0,0,0,"-32.96591, -60.65284",S/D,,ROSARIO,Rosario,S/D,S/D,II,S/D,S/D,S/D,S/D,S/D,S/D,S/D,S/D,S/D,S/D,S/D,S/D,S/D,S/D,S/D,S/D,"-32.96591, -60.65284",[''],0,,-32.96591,-60.65284,55.0,538.0,Municipio Rosario,Municipio,Rosario,820210,Servicio de Catastro e Información Territorial,IGN
2019,12479,2019-03-08,Viernes,,01:20:00,,0.0,1,Moto/Ciclomotor, ,1,1,0,0,0,0,0,"-32.95406, -60.67436",S/D,,ROSARIO,Rosario,S/D,S/D,II,S/D,S/D,S/D,S/D,S/D,S/D,S/D,S/D,S/D,S/D,S/D,S/D,S/D,S/D,S/D,S/D,"-32.95406, -60.67436",[''],0,,-32.95406,-60.67436,55.0,538.0,Municipio Rosario,Municipio,Rosario,820210,Servicio de Catastro e Información Territorial,IGN
2019,12480,2019-03-08,Viernes,,12:10:00,,0.0,1,Moto/Ciclomotor, ,1,1,0,0,0,0,0,"-32.95265, -60.6712",S/D,,ROSARIO,Rosario,S/D,S/D,II,S/D,S/D,S/D,S/D,S/D,S/D,S/D,S/D,S/D,S/D,S/D,S/D,S/D,S/D,S/D,S/D,"-32.95265, -60.6712",[''],0,,-32.95265,-60.6712,55.0,538.0,Municipio Rosario,Municipio,Rosario,820210,Servicio de Catastro e Información Territorial,IGN
2019,12481,2019-03-08,Viernes,,01:20:00,,0.0,2,"Bicicleta,Otros", ,2,1,0,0,0,0,1,"-32.9529, -60.67978",S/D,,ROSARIO,Rosario,S/D,S/D,II,S/D,S/D,S/D,S/D,S/D,S/D,S/D,S/D,S/D,S/D,Ciclista,Atropello,S/D,S/D,S/D,S/D,"-32.9529, -60.67978",[''],0,,-32.9529,-60.67978,55.0,538.0,Municipio Rosario,Municipio,Rosario,820210,Servicio de Catastro e Información Territorial,IGN
2019,12482,2019-03-08,Viernes,,07:20:00,,0.0,2,"Bicicleta,Otros", ,2,1,0,0,0,0,1,"-32.95047, -60.67937",S/D,,ROSARIO,Rosario,S/D,S/D,II,S/D,S/D,S/D,S/D,S/D,S/D,S/D,S/D,S/D,S/D,Ciclista,Atropello,S/D,S/D,S/D,S/D,"-32.95047, -60.67937",[''],0,,-32.95047,-60.67937,55.0,538.0,Municipio Rosario,Municipio,Rosario,820210,Servicio de Catastro e Información Territorial,IGN
2019,12483,2019-03-08,Viernes,,07:30:00,,0.0,1,Moto/Ciclomotor, ,1,1,0,0,0,0,0,"-32.94967, -60.67669",S/D,,ROSARIO,Rosario,S/D,S/D,II,S/D,S/D,S/D,S/D,S/D,S/D,S/D,S/D,S/D,S/D,S/D,S/D,S/D,S/D,S/D,S/D,"-32.94967, -60.67669",[''],0,,-32.94967,-60.67669,55.0,538.0,Municipio Rosario,Municipio,Rosario,820210,Servicio de Catastro e Información Territorial,IGN
2019,12484,2019-03-08,Viernes,,,,0.0,1,Automóvil, ,1,1,0,0,0,0,0,"-32.94857, -60.68946",S/D,,ROSARIO,Rosario,S/D,S/D,II,S/D,S/D,S/D,S/D,S/D,S/D,S/D,S/D,S/D,S/D,S/D,S/D,S/D,S/D,S/D,S/D,"-32.94857, -60.68946",[''],0,,-32.94857,-60.68946,55.0,538.0,Municipio Rosario,Municipio,Rosario,820210,Servicio de Catastro e Información Territorial,IGN
2019,12485,2019-03-08,Viernes,,02:40:00,,0.0,1,Moto/Ciclomotor, ,1,1,0,0,0,0,0,"-32.95195, -60.65823",S/D,,ROSARIO,Rosario,S/D,S/D,II,S/D,S/D,S/D,S/D,S/D,S/D,S/D,S/D,S/D,S/D,S/D,S/D,S/D,S/D,S/D,S/D,"-32.95195, -60.65823",[''],0,,-32.95195,-60.65823,55.0,538.0,Municipio Rosario,Municipio,Rosario,820210,Servicio de Catastro e Información Territorial,IGN
2019,12486,2019-03-08,Viernes,,20:00:00,,0.0,1,Moto/Ciclomotor, ,1,1,0,0,0,0,0,"-32.94992, -60.6634",S/D,,ROSARIO,Rosario,S/D,S/D,II,S/D,S/D,S/D,S/D,S/D,S/D,S/D,S/D,S/D,S/D,S/D,S/D,S/D,S/D,S/D,S/D,"-32.94992, -60.6634",[''],0,,-32.94992,-60.6634,55.0,538.0,Municipio Rosario,Municipio,Rosario,820210,Servicio de Catastro e Información Territorial,IGN
2019,12487,2019-03-09,Sabado,,04:40:00,,0.0,1,Moto/Ciclomotor, ,1,1,0,0,0,0,0,"-32.96172, -60.67629",S/D,,ROSARIO,Rosario,S/D,S/D,II,S/D,S/D,S/D,S/D,S/D,S/D,S/D,S/D,S/D,S/D,S/D,S/D,S/D,S/D,S/D,S/D,"-32.96172, -60.67629",[''],0,,-32.96172,-60.67629,55.0,538.0,Municipio Rosario,Municipio,Rosario,820210,Servicio de Catastro e Información Territorial,IGN
2019,12488,2019-03-09,Sabado,,10:00:00,,0.0,1,Moto/Ciclomotor, ,1,1,0,0,0,0,0,"-32.95619, -60.67115",S/D,,ROSARIO,Rosario,S/D,S/D,II,S/D,S/D,S/D,S/D,S/D,S/D,S/D,S/D,S/D,S/D,S/D,S/D,S/D,S/D,S/D,S/D,"-32.95619, -60.67115",[''],0,,-32.95619,-60.67115,55.0,538.0,Municipio Rosario,Municipio,Rosario,820210,Servicio de Catastro e Información Territorial,IGN
2019,12489,2019-10-15,Martes,,13:51:00,,0.0,1,Moto/Ciclomotor, ,1,1,0,0,0,0,0,"-32.9587, -60.69303",S/D,,ROSARIO,Rosario,S/D,S/D,II,S/D,S/D,S/D,S/D,S/D,S/D,S/D,Diurna,S/D,S/D,S/D,S/D,S/D,S/D,S/D,S/D,"-32.9587, -60.69303",[''],0,,-32.9587,-60.69303,55.0,538.0,Municipio Rosario,Municipio,Rosario,820210,Servicio de Catastro e Información Territorial,IGN
2019,12490,2019-03-09,Sabado,,01:00:00,,0.0,1,Moto/Ciclomotor, ,1,1,0,0,0,0,0,"-32.94881, -60.67733",S/D,,ROSARIO,Rosario,S/D,S/D,II,S/D,S/D,S/D,S/D,S/D,S/D,S/D,S/D,S/D,S/D,S/D,S/D,S/D,S/D,S/D,S/D,"-32.94881, -60.67733",[''],0,,-32.94881,-60.67733,55.0,538.0,Municipio Rosario,Municipio,Rosario,820210,Servicio de Catastro e Información Territorial,IGN
2019,12491,2019-10-15,Martes,,13:53:00,,0.0,1,Moto/Ciclomotor, ,2,1,0,0,0,0,1,"-32.9587, -60.69303",S/D,,ROSARIO,Rosario,S/D,S/D,II,S/D,S/D,S/D,S/D,S/D,S/D,S/D,Diurna,S/D,S/D,S/D,S/D,S/D,S/D,S/D,S/D,"-32.9587, -60.69303",[''],0,,-32.9587,-60.69303,55.0,538.0,Municipio Rosario,Municipio,Rosario,820210,Servicio de Catastro e Información Territorial,IGN
2019,12492,2019-10-15,Martes,,13:56:00,,0.0,1,Moto/Ciclomotor, ,1,1,0,0,0,0,0,"-32.9587, -60.69303",S/D,,ROSARIO,Rosario,S/D,S/D,II,S/D,S/D,S/D,S/D,S/D,S/D,S/D,Diurna,S/D,S/D,S/D,S/D,S/D,S/D,S/D,S/D,"-32.9587, -60.69303",[''],0,,-32.9587,-60.69303,55.0,538.0,Municipio Rosario,Municipio,Rosario,820210,Servicio de Catastro e Información Territorial,IGN
2019,12493,2019-10-16,Miercoles,,10:30:00,,0.0,1,Moto/Ciclomotor, ,1,1,0,0,0,0,0,"-32.9587, -60.69303",S/D,,ROSARIO,Rosario,S/D,S/D,II,S/D,S/D,S/D,S/D,S/D,S/D,S/D,Diurna,S/D,S/D,S/D,S/D,S/D,S/D,S/D,S/D,"-32.9587, -60.69303",[''],0,,-32.9587,-60.69303,55.0,538.0,Municipio Rosario,Municipio,Rosario,820210,Servicio de Catastro e Información Territorial,IGN
2019,12494,2019-10-16,Miercoles,,10:33:00,,0.0,1,Moto/Ciclomotor, ,1,1,0,0,0,0,0,"-32.9587, -60.69303",S/D,,ROSARIO,Rosario,S/D,S/D,II,S/D,S/D,S/D,S/D,S/D,S/D,S/D,Diurna,S/D,S/D,S/D,S/D,S/D,S/D,S/D,S/D,"-32.9587, -60.69303",[''],0,,-32.9587,-60.69303,55.0,538.0,Municipio Rosario,Municipio,Rosario,820210,Servicio de Catastro e Información Territorial,IGN
2019,12495,2019-10-17,Jueves,,13:04:00,,0.0,1,Moto/Ciclomotor, ,1,1,0,0,0,0,0,"-32.9587, -60.69303",S/D,,ROSARIO,Rosario,S/D,S/D,II,S/D,S/D,S/D,S/D,S/D,S/D,S/D,Diurna,S/D,S/D,S/D,S/D,S/D,S/D,S/D,S/D,"-32.9587, -60.69303",[''],0,,-32.9587,-60.69303,55.0,538.0,Municipio Rosario,Municipio,Rosario,820210,Servicio de Catastro e Información Territorial,IGN
2019,12496,2019-10-17,Jueves,,13:07:00,,0.0,1,Moto/Ciclomotor, ,1,1,0,0,0,0,0,"-32.9587, -60.69303",S/D,,ROSARIO,Rosario,S/D,S/D,II,S/D,S/D,S/D,S/D,S/D,S/D,S/D,Diurna,S/D,S/D,S/D,S/D,S/D,S/D,S/D,S/D,"-32.9587, -60.69303",[''],0,,-32.9587,-60.69303,55.0,538.0,Municipio Rosario,Municipio,Rosario,820210,Servicio de Catastro e Información Territorial,IGN
2019,12497,2019-10-17,Jueves,,13:09:00,,0.0,1,Bicicleta, ,1,1,0,0,0,0,0,"-32.9587, -60.69303",S/D,,ROSARIO,Rosario,S/D,S/D,II,S/D,S/D,S/D,S/D,S/D,S/D,S/D,Diurna,S/D,S/D,S/D,S/D,S/D,S/D,S/D,S/D,"-32.9587, -60.69303",[''],0,,-32.9587,-60.69303,55.0,538.0,Municipio Rosario,Municipio,Rosario,820210,Servicio de Catastro e Información Territorial,IGN
2019,12498,2019-10-21,Lunes,,16:21:00,,0.0,1,Moto/Ciclomotor, ,1,1,0,0,0,0,0,"-32.9587, -60.69303",S/D,,ROSARIO,Rosario,S/D,S/D,II,S/D,S/D,S/D,S/D,S/D,S/D,S/D,Diurna,S/D,S/D,S/D,S/D,S/D,S/D,S/D,S/D,"-32.9587, -60.69303",[''],0,,-32.9587,-60.69303,55.0,538.0,Municipio Rosario,Municipio,Rosario,820210,Servicio de Catastro e Información Territorial,IGN
2019,12499,2019-10-21,Lunes,,14:08:00,,0.0,1,Bicicleta, ,1,0,0,0,0,0,1,"-32.9587, -60.69303",S/D,,ROSARIO,Rosario,S/D,S/D,II,S/D,S/D,S/D,S/D,S/D,S/D,S/D,Diurna,S/D,S/D,S/D,S/D,S/D,S/D,S/D,S/D,"-32.9587, -60.69303",[''],0,,-32.9587,-60.69303,55.0,538.0,Municipio Rosario,Municipio,Rosario,820210,Servicio de Catastro e Información Territorial,IGN
2019,12500,2019-03-09,Sabado,,10:40:00,,0.0,1,Moto/Ciclomotor, ,1,1,0,0,0,0,0,"-32.95755, -60.68269",S/D,,ROSARIO,Rosario,S/D,S/D,II,S/D,S/D,S/D,S/D,S/D,S/D,S/D,S/D,S/D,S/D,S/D,S/D,S/D,S/D,S/D,S/D,"-32.95755, -60.68269",[''],0,,-32.95755,-60.68269,55.0,538.0,Municipio Rosario,Municipio,Rosario,820210,Servicio de Catastro e Información Territorial,IGN
2019,12501,2019-03-09,Sabado,,01:00:00,,0.0,1,Automóvil, ,1,1,0,0,0,0,0,"-32.96614, -60.65198",S/D,,ROSARIO,Rosario,S/D,S/D,II,S/D,S/D,S/D,S/D,S/D,S/D,S/D,S/D,S/D,S/D,S/D,S/D,S/D,S/D,S/D,S/D,"-32.96614, -60.65198",[''],0,,-32.96614,-60.65198,55.0,538.0,Municipio Rosario,Municipio,Rosario,820210,Servicio de Catastro e Información Territorial,IGN
2019,12502,2019-03-09,Sabado,,13:00:00,,0.0,1,Moto/Ciclomotor, ,1,1,0,0,0,0,0,"-32.94621, -60.66389",S/D,,ROSARIO,Rosario,S/D,S/D,II,S/D,S/D,S/D,S/D,S/D,S/D,S/D,S/D,S/D,S/D,S/D,S/D,S/D,S/D,S/D,S/D,"-32.94621, -60.66389",[''],0,,-32.94621,-60.66389,55.0,538.0,Municipio Rosario,Municipio,Rosario,820210,Servicio de Catastro e Información Territorial,IGN
2019,12503,2019-03-09,Sabado,,23:15:00,,0.0,1,Moto/Ciclomotor, ,1,1,0,0,0,0,0,"-32.94603, -60.66809",S/D,,ROSARIO,Rosario,S/D,S/D,II,S/D,S/D,S/D,S/D,S/D,S/D,S/D,S/D,S/D,S/D,S/D,S/D,S/D,S/D,S/D,S/D,"-32.94603, -60.66809",[''],0,,-32.94603,-60.66809,55.0,538.0,Municipio Rosario,Municipio,Rosario,820210,Servicio de Catastro e Información Territorial,IGN
2019,12504,2019-03-10,Domingo,,06:55:00,,0.0,1,Moto/Ciclomotor, ,1,1,0,0,0,0,0,"-32.95558, -60.67478",S/D,,ROSARIO,Rosario,S/D,S/D,II,S/D,S/D,S/D,S/D,S/D,S/D,S/D,S/D,S/D,S/D,S/D,S/D,S/D,S/D,S/D,S/D,"-32.95558, -60.67478",[''],0,,-32.95558,-60.67478,55.0,538.0,Municipio Rosario,Municipio,Rosario,820210,Servicio de Catastro e Información Territorial,IGN
2019,12505,2019-03-10,Domingo,,16:30:00,,0.0,1,Moto/Ciclomotor, ,1,1,0,0,0,0,0,"-32.96637, -60.65087",S/D,,ROSARIO,Rosario,S/D,S/D,II,S/D,S/D,S/D,S/D,S/D,S/D,S/D,S/D,S/D,S/D,S/D,S/D,S/D,S/D,S/D,S/D,"-32.96637, -60.65087",[''],0,,-32.96637,-60.65087,55.0,538.0,Municipio Rosario,Municipio,Rosario,820210,Servicio de Catastro e Información Territorial,IGN
2019,12506,2019-03-10,Domingo,,16:40:00,,0.0,1,Moto/Ciclomotor, ,1,1,0,0,0,0,0,"-32.95662, -60.67481",S/D,,ROSARIO,Rosario,S/D,S/D,II,S/D,S/D,S/D,S/D,S/D,S/D,S/D,S/D,S/D,S/D,S/D,S/D,S/D,S/D,S/D,S/D,"-32.95662, -60.67481",[''],0,,-32.95662,-60.67481,55.0,538.0,Municipio Rosario,Municipio,Rosario,820210,Servicio de Catastro e Información Territorial,IGN
2019,12507,2019-03-10,Domingo,,17:20:00,,0.0,2,"Bicicleta,Otros", ,2,1,0,0,0,0,1,"-32.95335, -60.6699",S/D,,ROSARIO,Rosario,S/D,S/D,II,S/D,S/D,S/D,S/D,S/D,S/D,S/D,S/D,S/D,S/D,Ciclista,Atropello,S/D,S/D,S/D,S/D,"-32.95335, -60.6699",[''],0,,-32.95335,-60.6699,55.0,538.0,Municipio Rosario,Municipio,Rosario,820210,Servicio de Catastro e Información Territorial,IGN
2019,12508,2019-03-10,Domingo,,19:30:00,,0.0,1,Moto/Ciclomotor, ,1,1,0,0,0,0,0,"-32.95288, -60.65897",S/D,,ROSARIO,Rosario,S/D,S/D,II,S/D,S/D,S/D,S/D,S/D,S/D,S/D,S/D,S/D,S/D,S/D,S/D,S/D,S/D,S/D,S/D,"-32.95288, -60.65897",[''],0,,-32.95288,-60.65897,55.0,538.0,Municipio Rosario,Municipio,Rosario,820210,Servicio de Catastro e Información Territorial,IGN
2019,12509,2019-03-11,Lunes,,08:25:00,,0.0,1,Automóvil, ,1,1,0,0,0,0,0,"-32.95479, -60.65467",S/D,,ROSARIO,Rosario,S/D,S/D,II,S/D,S/D,S/D,S/D,S/D,S/D,S/D,S/D,S/D,S/D,S/D,S/D,S/D,S/D,S/D,S/D,"-32.95479, -60.65467",[''],0,,-32.95479,-60.65467,55.0,538.0,Municipio Rosario,Municipio,Rosario,820210,Servicio de Catastro e Información Territorial,IGN
2019,12510,2019-10-21,Lunes,,20:46:00,,0.0,1,Moto/Ciclomotor, ,1,1,0,0,0,0,0,"-32.9587, -60.69303",S/D,,ROSARIO,Rosario,S/D,S/D,II,S/D,S/D,S/D,S/D,S/D,S/D,S/D,Nocturna,S/D,S/D,S/D,S/D,S/D,S/D,S/D,S/D,"-32.9587, -60.69303",[''],0,,-32.9587,-60.69303,55.0,538.0,Municipio Rosario,Municipio,Rosario,820210,Servicio de Catastro e Información Territorial,IGN
2019,12511,2019-03-11,Lunes,,10:15:00,,0.0,2,"Bicicleta,Otros", ,2,1,0,0,0,0,1,"-32.96365, -60.66674",S/D,,ROSARIO,Rosario,S/D,S/D,II,S/D,S/D,S/D,S/D,S/D,S/D,S/D,S/D,S/D,S/D,Ciclista,Atropello,S/D,S/D,S/D,S/D,"-32.96365, -60.66674",[''],0,,-32.96365,-60.66674,55.0,538.0,Municipio Rosario,Municipio,Rosario,820210,Servicio de Catastro e Información Territorial,IGN
2019,12512,2019-03-11,Lunes,,12:20:00,,0.0,1,Moto/Ciclomotor, ,1,1,0,0,0,0,0,"-32.95657, -60.6743",S/D,,ROSARIO,Rosario,S/D,S/D,II,S/D,S/D,S/D,S/D,S/D,S/D,S/D,S/D,S/D,S/D,S/D,S/D,S/D,S/D,S/D,S/D,"-32.95657, -60.6743",[''],0,,-32.95657,-60.6743,55.0,538.0,Municipio Rosario,Municipio,Rosario,820210,Servicio de Catastro e Información Territorial,IGN
2019,12514,2019-10-21,Lunes,,13:58:00,,0.0,1,Moto/Ciclomotor, ,1,1,0,0,0,0,0,"-32.9587, -60.69303",S/D,,ROSARIO,Rosario,S/D,S/D,II,S/D,S/D,S/D,S/D,S/D,S/D,S/D,Diurna,S/D,S/D,S/D,S/D,S/D,S/D,S/D,S/D,"-32.9587, -60.69303",[''],0,,-32.9587,-60.69303,55.0,538.0,Municipio Rosario,Municipio,Rosario,820210,Servicio de Catastro e Información Territorial,IGN
2019,12515,2019-03-11,Lunes,,16:20:00,,0.0,2,"Peatón,Otros", ,2,1,0,0,0,0,1,"-32.95436, -60.68156",S/D,,ROSARIO,Rosario,S/D,S/D,II,S/D,S/D,S/D,S/D,S/D,S/D,S/D,S/D,S/D,S/D,Peatón,Atropello,S/D,S/D,S/D,S/D,"-32.95436, -60.68156",[''],0,,-32.95436,-60.68156,55.0,538.0,Municipio Rosario,Municipio,Rosario,820210,Servicio de Catastro e Información Territorial,IGN