anio_acci,nro_acci,fecha,desc_dia,fecha_aprox,hora_aprox,desc_ruta,km,cant_participantes,desc_participante,calle_avenida_km,total,heridos_leves,heridos_graves,heridos_gravisimos,ilesos,fallecidos,sin_datos,posicion_XY,desc_tipo_via,desc_ruta_ori,desc_loc,desc_dpto,desc_tipo_calzada,desc_tipo_banquina,desc_unidad_regional,desc_lugar_calzada,desc_zona,desc_prioridad,desc_estado_semaforo,desc_lugar_via,desc_estado_via,desc_estado_visibilidad,desc_luminosidad,desc_estado_clima,desc_tipo_colision,desc_tipo_atropello,desc_tipo_hecho,desc_pres_calzada,desc_senializacion,desc_separacion_via,desc_restriccion,forma_geocod,calle_lista,numero_calles,calles_osm,lat,lon,index_right,gid,fna,gna,nam,in1,fdc,sag
2019,12582,2019-10-05,Sabado,,00:05:00,,0.0,1,Automóvil, ,2,2,0,0,0,0,0,"-32.95643, -60.69418",S/D,,ROSARIO,Rosario,S/D,S/D,II,S/D,S/D,S/D,S/D,S/D,S/D,S/D,S/D,S/D,S/D,S/D,S/D,S/D,S/D,S/D,S/D,"-32.95643, -60.69418",[''],0,,-32.95643,-60.69418,55.0,538.0,Municipio Rosario,Municipio,Rosario,820210,Servicio de Catastro e Información Territorial,IGN
2019,12583,2019-10-05,Sabado,,,,0.0,1,Moto/Ciclomotor, ,1,1,0,0,0,0,0,"-32.95643, -60.69418",S/D,,ROSARIO,Rosario,S/D,S/D,II,S/D,S/D,S/D,S/D,S/D,S/D,S/D,S/D,S/D,S/D,S/D,S/D,S/D,S/D,S/D,S/D,"-32.95643, -60.69418",[''],0,,-32.95643,-60.69418,55.0,538.0,Municipio Rosario,Municipio,Rosario,820210,Servicio de Catastro e Información Territorial,IGN
2019,12584,2019-10-05,Sabado,,,,0.0,1,Moto/Ciclomotor, ,1,1,0,0,0,0,0,"-32.95643, -60.69418",S/D,,ROSARIO,Rosario,S/D,S/D,II,S/D,S/D,S/D,S/D,S/D,S/D,S/D,S/D,S/D,S/D,S/D,S/D,S/D,S/D,S/D,S/D,"-32.95643, -60.69418",[''],0,,-32.95643,-60.69418,55.0,538.0,Municipio Rosario,Municipio,Rosario,820210,Servicio de Catastro e Información Territorial,IGN
2019,12585,2019-10-05,Sabado,,,,0.0,1,Moto/Ciclomotor, ,1,1,0,0,0,0,0,"-32.95643, -60.69418",S/D,,ROSARIO,Rosario,S/D,S/D,II,S/D,S/D,S/D,S/D,S/D,S/D,S/D,S/D,S/D,S/D,S/D,S/D,S/D,S/D,S/D,S/D,"-32.95643, -60.69418",[''],0,,-32.95643,-60.69418,55.0,538.0,Municipio Rosario,Municipio,Rosario,820210,Servicio de Catastro e Información Territorial,IGN
2019,12586,2019-10-05,Sabado,,,,0.0,1,Moto/Ciclomotor, ,1,1,0,0,0,0,0,"-32.95643, -60.69418",S/D,,ROSARIO,Rosario,S/D,S/D,II,S/D,S/D,S/D,S/D,S/D,S/D,S/D,S/D,S/D,S/D,S/D,S/D,S/D,S/D,S/D,S/D,"-32.95643, -60.69418",[''],0,,-32.95643,-60.69418,55.0,538.0,Municipio Rosario,Municipio,Rosario,820210,Servicio de Catastro e Información Territorial,IGN
2019,12587,2019-10-05,Sabado,,,,0.0,1,Moto/Ciclomotor, ,1,1,0,0,0,0,0,"-32.95643, -60.69418",S/D,,ROSARIO,Rosario,S/D,S/D,II,S/D,S/D,S/D,S/D,S/D,S/D,S/D,S/D,S/D,S/D,S/D,S/D,S/D,S/D,S/D,S/D,"-32.95643, -60.69418",[''],0,,-32.95643,-60.69418,55.0,538.0,Municipio Rosario,Municipio,Rosario,820210,Servicio de Catastro e Información Territorial,IGN
2019,12588,2019-10-05,Sabado,,,,0.0,1,Moto/Ciclomotor, ,1,1,0,0,0,0,0,"-32.95643, -60.69418",S/D,,ROSARIO,Rosario,S/D,S/D,II,S/D,S/D,S/D,S/D,S/D,S/D,S/D,S/D,S/D,S/D,S/D,S/D,S/D,S/D,S/D,S/D,"-32.95643, -60.69418",[''],0,,-32.95643,-60.69418,55.0,538.0,Municipio Rosario,Municipio,Rosario,820210,Servicio de Catastro e Información Territorial,IGN
2019,12589,2019-10-05,Sabado,,,,0.0,1,Moto/Ciclomotor, ,1,1,0,0,0,0,0,"-32.95643, -60.69418",S/D,,ROSARIO,Rosario,S/D,S/D,II,S/D,S/D,S/D,S/D,S/D,S/D,S/D,S/D,S/D,S/D,S/D,S/D,S/D,S/D,S/D,S/D,"-32.95643, -60.69418",[''],0,,-32.95643,-60.69418,55.0,538.0,Municipio Rosario,Municipio,Rosario,820210,Servicio de Catastro e Información Territorial,IGN
2019,12591,2019-10-05,Sabado,,,,0.0,1,Moto/Ciclomotor, ,1,1,0,0,0,0,0,"-32.95643, -60.69418",S/D,,ROSARIO,Rosario,S/D,S/D,II,S/D,S/D,S/D,S/D,S/D,S/D,S/D,S/D,S/D,S/D,S/D,S/D,S/D,S/D,S/D,S/D,"-32.95643, -60.69418",[''],0,,-32.95643,-60.69418,55.0,538.0,Municipio Rosario,Municipio,Rosario,820210,Servicio de Catastro e Información Territorial,IGN
2019,12592,2019-10-05,Sabado,,,,0.0,1,Automóvil, ,1,1,0,0,0,0,0,"-32.95643, -60.69418",S/D,,ROSARIO,Rosario,S/D,S/D,II,S/D,S/D,S/D,S/D,S/D,S/D,S/D,S/D,S/D,S/D,S/D,S/D,S/D,S/D,S/D,S/D,"-32.95643, -60.69418",[''],0,,-32.95643,-60.69418,55.0,538.0,Municipio Rosario,Municipio,Rosario,820210,Servicio de Catastro e Información Territorial,IGN
2019,12593,2019-10-05,Sabado,,,,0.0,1,Moto/Ciclomotor, ,1,1,0,0,0,0,0,"-32.95643, -60.69418",S/D,,ROSARIO,Rosario,S/D,S/D,II,S/D,S/D,S/D,S/D,S/D,S/D,S/D,S/D,S/D,S/D,S/D,S/D,S/D,S/D,S/D,S/D,"-32.95643, -60.69418",[''],0,,-32.95643,-60.69418,55.0,538.0,Municipio Rosario,Municipio,Rosario,820210,Servicio de Catastro e Información Territorial,IGN
2019,12594,2019-10-06,Domingo,,,,0.0,1,Moto/Ciclomotor, ,1,1,0,0,0,0,0,"-32.95643, -60.69418",S/D,,ROSARIO,Rosario,S/D,S/D,II,S/D,S/D,S/D,S/D,S/D,S/D,S/D,S/D,S/D,S/D,S/D,S/D,S/D,S/D,S/D,S/D,"-32.95643, -60.69418",[''],0,,-32.95643,-60.69418,55.0,538.0,Municipio Rosario,Municipio,Rosario,820210,Servicio de Catastro e Información Territorial,IGN
2019,12595,2019-10-07,Lunes,,,,0.0,1,Moto/Ciclomotor, ,1,1,0,0,0,0,0,"-32.95643, -60.69418",S/D,,ROSARIO,Rosario,S/D,S/D,II,S/D,S/D,S/D,S/D,S/D,S/D,S/D,S/D,S/D,S/D,S/D,S/D,S/D,S/D,S/D,S/D,"-32.95643, -60.69418",[''],0,,-32.95643,-60.69418,55.0,538.0,Municipio Rosario,Municipio,Rosario,820210,Servicio de Catastro e Información Territorial,IGN
2019,12596,2019-10-07,Lunes,,,,0.0,1,Moto/Ciclomotor, ,1,1,0,0,0,0,0,"-32.95643, -60.69418",S/D,,ROSARIO,Rosario,S/D,S/D,II,S/D,S/D,S/D,S/D,S/D,S/D,S/D,S/D,S/D,S/D,S/D,S/D,S/D,S/D,S/D,S/D,"-32.95643, -60.69418",[''],0,,-32.95643,-60.69418,55.0,538.0,Municipio Rosario,Municipio,Rosario,820210,Servicio de Catastro e Información Territorial,IGN
2019,12597,2019-10-07,Lunes,,,,0.0,1,Automóvil, ,1,1,0,0,0,0,0,"-32.95643, -60.69418",S/D,,ROSARIO,Rosario,S/D,S/D,II,S/D,S/D,S/D,S/D,S/D,S/D,S/D,S/D,S/D,S/D,S/D,S/D,S/D,S/D,S/D,S/D,"-32.95643, -60.69418",[''],0,,-32.95643,-60.69418,55.0,538.0,Municipio Rosario,Municipio,Rosario,820210,Servicio de Catastro e Información Territorial,IGN
2019,12598,2019-10-07,Lunes,,,,0.0,1,Moto/Ciclomotor, ,1,1,0,0,0,0,0,"-32.95643, -60.69418",S/D,,ROSARIO,Rosario,S/D,S/D,II,S/D,S/D,S/D,S/D,S/D,S/D,S/D,S/D,S/D,S/D,S/D,S/D,S/D,S/D,S/D,S/D,"-32.95643, -60.69418",[''],0,,-32.95643,-60.69418,55.0,538.0,Municipio Rosario,Municipio,Rosario,820210,Servicio de Catastro e Información Territorial,IGN
2019,12599,2019-10-07,Lunes,,,,0.0,2,"Bicicleta,Otros", ,2,1,0,0,0,0,1,"-32.95643, -60.69418",S/D,,ROSARIO,Rosario,S/D,S/D,II,S/D,S/D,S/D,S/D,S/D,S/D,S/D,S/D,S/D,S/D,Ciclista,Atropello,S/D,S/D,S/D,S/D,"-32.95643, -60.69418",[''],0,,-32.95643,-60.69418,55.0,538.0,Municipio Rosario,Municipio,Rosario,820210,Servicio de Catastro e Información Territorial,IGN
2019,12600,2019-10-07,Lunes,,,,0.0,1,Moto/Ciclomotor, ,1,1,0,0,0,0,0,"-32.95643, -60.69418",S/D,,ROSARIO,Rosario,S/D,S/D,II,S/D,S/D,S/D,S/D,S/D,S/D,S/D,S/D,S/D,S/D,S/D,S/D,S/D,S/D,S/D,S/D,"-32.95643, -60.69418",[''],0,,-32.95643,-60.69418,55.0,538.0,Municipio Rosario,Municipio,Rosario,820210,Servicio de Catastro e Información Territorial,IGN
2019,12601,2019-10-23,Miercoles,,,,0.0,1,Moto/Ciclomotor, ,1,0,1,0,0,0,0,"-32.95883, -60.693",S/D,,ROSARIO,Rosario,S/D,S/D,II,S/D,S/D,S/D,S/D,S/D,S/D,S/D,Diurna,S/D,S/D,S/D,Colisión,S/D,S/D,S/D,S/D,"-32.95883, -60.693",[''],0,,-32.95883,-60.693,55.0,538.0,Municipio Rosario,Municipio,Rosario,820210,Servicio de Catastro e Información Territorial,IGN
2019,12602,2019-10-23,Miercoles,,18:30:00,,0.0,1,Automóvil, ,1,1,0,0,0,0,0,"-32.95883, -60.693",S/D,,ROSARIO,Rosario,S/D,S/D,II,S/D,Urbana,S/D,S/D,S/D,S/D,S/D,Atardecer,S/D,S/D,S/D,Colisión,S/D,S/D,S/D,S/D,"-32.95883, -60.693",[''],0,,-32.95883,-60.693,55.0,538.0,Municipio Rosario,Municipio,Rosario,820210,Servicio de Catastro e Información Territorial,IGN
2019,12603,2019-10-23,Miercoles,,18:40:00,,0.0,1,Automóvil, ,1,1,0,0,0,0,0,"-32.95883, -60.693",S/D,,ROSARIO,Rosario,S/D,S/D,II,S/D,S/D,S/D,S/D,S/D,S/D,S/D,Atardecer,S/D,S/D,S/D,Colisión,S/D,S/D,S/D,S/D,"-32.95883, -60.693",[''],0,,-32.95883,-60.693,55.0,538.0,Municipio Rosario,Municipio,Rosario,820210,Servicio de Catastro e Información Territorial,IGN
2019,12604,2019-10-23,Miercoles,,12:00:00,,0.0,2,"Bicicleta,Otros", ,2,1,0,0,0,0,1,"-32.95883, -60.693",S/D,,ROSARIO,Rosario,S/D,S/D,II,S/D,S/D,S/D,S/D,S/D,S/D,S/D,Diurna,S/D,S/D,Ciclista,Atropello,S/D,S/D,S/D,S/D,"-32.95883, -60.693",[''],0,,-32.95883,-60.693,55.0,538.0,Municipio Rosario,Municipio,Rosario,820210,Servicio de Catastro e Información Territorial,IGN
2019,12605,2019-10-24,Jueves,,00:00:00,,0.0,1,Otros, ,1,1,0,0,0,0,0,"-32.95883, -60.693",S/D,,ROSARIO,Rosario,S/D,S/D,II,S/D,S/D,S/D,S/D,S/D,S/D,S/D,Nocturna,S/D,S/D,S/D,Colisión,S/D,S/D,S/D,S/D,"-32.95883, -60.693",[''],0,,-32.95883,-60.693,55.0,538.0,Municipio Rosario,Municipio,Rosario,820210,Servicio de Catastro e Información Territorial,IGN
2019,12606,2019-10-24,Jueves,,,,0.0,1,Moto/Ciclomotor, ,1,0,1,0,0,0,0,"-32.95883, -60.693",S/D,,ROSARIO,Rosario,S/D,S/D,II,S/D,S/D,S/D,S/D,S/D,S/D,S/D,S/D,S/D,S/D,S/D,Colisión,S/D,S/D,S/D,S/D,"-32.95883, -60.693",[''],0,,-32.95883,-60.693,55.0,538.0,Municipio Rosario,Municipio,Rosario,820210,Servicio de Catastro e Información Territorial,IGN
2019,12607,2019-10-24,Jueves,,08:10:00,,0.0,1,Automóvil, ,1,0,1,0,0,0,0,"-32.95883, -60.693",Calle,,ROSARIO,Rosario,S/D,S/D,II,Dentro,Urbana,S/D,S/D,S/D,S/D,S/D,Diurna,S/D,S/D,S/D,Colisión,S/D,S/D,S/D,S/D,"-32.95883, -60.693",[''],0,,-32.95883,-60.693,55.0,538.0,Municipio Rosario,Municipio,Rosario,820210,Servicio de Catastro e Información Territorial,IGN
2019,12608,2019-10-24,Jueves,,08:10:00,,0.0,1,Automóvil, ,1,1,0,0,0,0,0,"-32.95883, -60.693",S/D,,ROSARIO,Rosario,S/D,S/D,II,S/D,S/D,S/D,S/D,S/D,S/D,S/D,S/D,S/D,S/D,S/D,Colisión,S/D,S/D,S/D,S/D,"-32.95883, -60.693",[''],0,,-32.95883,-60.693,55.0,538.0,Municipio Rosario,Municipio,Rosario,820210,Servicio de Catastro e Información Territorial,IGN
2019,12609,2019-10-24,Jueves,,12:15:00,,0.0,1,Moto/Ciclomotor, ,1,1,0,0,0,0,0,"-32.95883, -60.693",S/D,,ROSARIO,Rosario,S/D,S/D,II,S/D,S/D,S/D,S/D,S/D,S/D,S/D,Diurna,S/D,S/D,S/D,Colisión,S/D,S/D,S/D,S/D,"-32.95883, -60.693",[''],0,,-32.95883,-60.693,55.0,538.0,Municipio Rosario,Municipio,Rosario,820210,Servicio de Catastro e Información Territorial,IGN
2019,12611,2019-10-24,Jueves,,,,0.0,1,Moto/Ciclomotor, ,1,1,0,0,0,0,0,"-32.95883, -60.693",S/D,,ROSARIO,Rosario,S/D,S/D,II,S/D,S/D,S/D,S/D,S/D,S/D,S/D,S/D,S/D,S/D,S/D,Colisión,S/D,S/D,S/D,S/D,"-32.95883, -60.693",[''],0,,-32.95883,-60.693,55.0,538.0,Municipio Rosario,Municipio,Rosario,820210,Servicio de Catastro e Información Territorial,IGN
2019,12612,2019-10-24,Jueves,,17:40:00,,0.0,1,Moto/Ciclomotor, ,1,1,0,0,0,0,0,"-32.95883, -60.693",S/D,,ROSARIO,Rosario,S/D,S/D,II,S/D,S/D,S/D,S/D,S/D,S/D,S/D,Diurna,S/D,S/D,S/D,Colisión,S/D,S/D,S/D,S/D,"-32.95883, -60.693",[''],0,,-32.95883,-60.693,55.0,538.0,Municipio Rosario,Municipio,Rosario,820210,Servicio de Catastro e Información Territorial,IGN
2019,12613,2019-10-24,Jueves,,12:20:00,,0.0,1,Moto/Ciclomotor, ,1,1,0,0,0,0,0,"-32.95883, -60.693",S/D,,ROSARIO,Rosario,S/D,S/D,II,S/D,S/D,S/D,S/D,S/D,S/D,S/D,Diurna,S/D,S/D,S/D,Colisión,S/D,S/D,S/D,S/D,"-32.95883, -60.693",[''],0,,-32.95883,-60.693,55.0,538.0,Municipio Rosario,Municipio,Rosario,820210,Servicio de Catastro e Información Territorial,IGN
2019,12614,2019-10-24,Jueves,,14:00:00,,0.0,1,Moto/Ciclomotor, ,1,1,0,0,0,0,0,"-32.95883, -60.693",S/D,,ROSARIO,Rosario,S/D,S/D,II,S/D,S/D,S/D,S/D,S/D,S/D,S/D,Diurna,S/D,S/D,S/D,S/D,S/D,S/D,S/D,S/D,"-32.95883, -60.693",[''],0,,-32.95883,-60.693,55.0,538.0,Municipio Rosario,Municipio,Rosario,820210,Servicio de Catastro e Información Territorial,IGN
2019,12615,2019-10-24,Jueves,,14:30:00,,0.0,1,Moto/Ciclomotor, ,1,1,0,0,0,0,0,"-32.95883, -60.693",S/D,,ROSARIO,Rosario,S/D,S/D,II,S/D,S/D,S/D,S/D,S/D,S/D,S/D,Diurna,S/D,S/D,S/D,S/D,S/D,S/D,S/D,S/D,"-32.95883, -60.693",[''],0,,-32.95883,-60.693,55.0,538.0,Municipio Rosario,Municipio,Rosario,820210,Servicio de Catastro e Información Territorial,IGN
2019,12616,2019-10-24,Jueves,,16:00:00,,0.0,1,Moto/Ciclomotor, ,1,1,0,0,0,0,0,"-32.95883, -60.693",S/D,,ROSARIO,Rosario,S/D,S/D,II,S/D,S/D,S/D,S/D,S/D,S/D,S/D,Diurna,S/D,S/D,S/D,S/D,S/D,S/D,S/D,S/D,"-32.95883, -60.693",[''],0,,-32.95883,-60.693,55.0,538.0,Municipio Rosario,Municipio,Rosario,820210,Servicio de Catastro e Información Territorial,IGN
2019,12617,2019-10-24,Jueves,,16:00:00,,0.0,1,Automóvil, ,1,1,0,0,0,0,0,"-32.95883, -60.693",S/D,,ROSARIO,Rosario,S/D,S/D,II,S/D,S/D,S/D,S/D,S/D,S/D,S/D,Diurna,S/D,S/D,S/D,S/D,S/D,S/D,S/D,S/D,"-32.95883, -60.693",[''],0,,-32.95883,-60.693,55.0,538.0,Municipio Rosario,Municipio,Rosario,820210,Servicio de Catastro e Información Territorial,IGN
2019,12618,2019-10-24,Jueves,,16:00:00,,0.0,1,Automóvil, ,1,1,0,0,0,0,0,"-32.95883, -60.693",S/D,,ROSARIO,Rosario,S/D,S/D,II,S/D,S/D,S/D,S/D,S/D,S/D,S/D,Diurna,S/D,S/D,S/D,S/D,S/D,S/D,S/D,S/D,"-32.95883, -60.693",[''],0,,-32.95883,-60.693,55.0,538.0,Municipio Rosario,Municipio,Rosario,820210,Servicio de Catastro e Información Territorial,IGN
2019,12619,2019-10-24,Jueves,,20:00:00,,0.0,1,Automóvil, ,1,1,0,0,0,0,0,"-32.95883, -60.693",S/D,,ROSARIO,Rosario,S/D,S/D,II,S/D,S/D,S/D,S/D,S/D,S/D,S/D,Nocturna,S/D,S/D,S/D,S/D,S/D,S/D,S/D,S/D,"-32.95883, -60.693",[''],0,,-32.95883,-60.693,55.0,538.0,Municipio Rosario,Municipio,Rosario,820210,Servicio de Catastro e Información Territorial,IGN
2019,12620,2019-10-24,Jueves,,06:45:00,,0.0,1,Bicicleta, ,1,1,0,0,0,0,0,"-32.95883, -60.693",S/D,,ROSARIO,Rosario,S/D,S/D,II,S/D,S/D,S/D,S/D,S/D,S/D,S/D,Nocturna,S/D,S/D,S/D,S/D,S/D,S/D,S/D,S/D,"-32.95883, -60.693",[''],0,,-32.95883,-60.693,55.0,538.0,Municipio Rosario,Municipio,Rosario,820210,Servicio de Catastro e Información Territorial,IGN
2019,12621,2019-10-24,Jueves,,,,0.0,1,Automóvil, ,1,1,0,0,0,0,0,"-32.95883, -60.693",S/D,,ROSARIO,Rosario,S/D,S/D,II,S/D,S/D,S/D,S/D,S/D,S/D,S/D,S/D,S/D,S/D,S/D,S/D,S/D,S/D,S/D,S/D,"-32.95883, -60.693",[''],0,,-32.95883,-60.693,55.0,538.0,Municipio Rosario,Municipio,Rosario,820210,Servicio de Catastro e Información Territorial,IGN
2019,12622,2019-10-24,Jueves,,13:10:00,,0.0,1,Automóvil, ,1,1,0,0,0,0,0,"-32.95883, -60.693",S/D,,ROSARIO,Rosario,S/D,S/D,II,S/D,S/D,S/D,S/D,S/D,S/D,S/D,Diurna,S/D,S/D,S/D,S/D,S/D,S/D,S/D,S/D,"-32.95883, -60.693",[''],0,,-32.95883,-60.693,55.0,538.0,Municipio Rosario,Municipio,Rosario,820210,Servicio de Catastro e Información Territorial,IGN
2019,12623,2019-10-24,Jueves,,05:00:00,,0.0,1,Moto/Ciclomotor, ,1,1,0,0,0,0,0,"-32.95883, -60.693",S/D,,ROSARIO,Rosario,S/D,S/D,II,S/D,S/D,S/D,S/D,S/D,S/D,S/D,Amanecer,S/D,S/D,S/D,S/D,S/D,S/D,S/D,S/D,"-32.95883, -60.693",[''],0,,-32.95883,-60.693,55.0,538.0,Municipio Rosario,Municipio,Rosario,820210,Servicio de Catastro e Información Territorial,IGN
2019,12624,2019-10-24,Jueves,,07:30:00,,0.0,1,Automóvil, ,1,1,0,0,0,0,0,"-32.95883, -60.693",S/D,,ROSARIO,Rosario,S/D,S/D,II,S/D,S/D,S/D,S/D,S/D,S/D,S/D,Diurna,S/D,S/D,S/D,S/D,S/D,S/D,S/D,S/D,"-32.95883, -60.693",[''],0,,-32.95883,-60.693,55.0,538.0,Municipio Rosario,Municipio,Rosario,820210,Servicio de Catastro e Información Territorial,IGN
2019,12625,2019-10-24,Jueves,,12:00:00,,0.0,1,Bicicleta, ,2,2,0,0,0,0,0,"-32.95883, -60.693",S/D,,ROSARIO,Rosario,S/D,S/D,II,S/D,S/D,S/D,S/D,S/D,S/D,S/D,Diurna,S/D,S/D,S/D,S/D,S/D,S/D,S/D,S/D,"-32.95883, -60.693",[''],0,,-32.95883,-60.693,55.0,538.0,Municipio Rosario,Municipio,Rosario,820210,Servicio de Catastro e Información Territorial,IGN
2019,12626,2019-10-24,Jueves,,14:20:00,,0.0,1,Bicicleta, ,1,0,1,0,0,0,0,"-32.95883, -60.693",S/D,,ROSARIO,Rosario,S/D,S/D,II,S/D,S/D,S/D,S/D,S/D,S/D,S/D,Diurna,S/D,S/D,S/D,S/D,S/D,S/D,S/D,S/D,"-32.95883, -60.693",[''],0,,-32.95883,-60.693,55.0,538.0,Municipio Rosario,Municipio,Rosario,820210,Servicio de Catastro e Información Territorial,IGN
2019,12627,2019-10-25,Viernes,,18:30:00,,0.0,1,Automóvil, ,1,1,0,0,0,0,0,"-32.95883, -60.693",S/D,,ROSARIO,Rosario,S/D,S/D,II,S/D,S/D,S/D,S/D,S/D,S/D,S/D,Diurna,S/D,S/D,S/D,S/D,S/D,S/D,S/D,S/D,"-32.95883, -60.693",[''],0,,-32.95883,-60.693,55.0,538.0,Municipio Rosario,Municipio,Rosario,820210,Servicio de Catastro e Información Territorial,IGN
2019,12628,2019-10-25,Viernes,,22:00:00,,0.0,1,Bicicleta, ,1,1,0,0,0,0,0,"-32.95883, -60.693",S/D,,ROSARIO,Rosario,S/D,S/D,II,S/D,S/D,S/D,S/D,S/D,S/D,S/D,Nocturna,S/D,S/D,S/D,S/D,S/D,S/D,S/D,S/D,"-32.95883, -60.693",[''],0,,-32.95883,-60.693,55.0,538.0,Municipio Rosario,Municipio,Rosario,820210,Servicio de Catastro e Información Territorial,IGN
2019,12629,2019-10-25,Viernes,,16:30:00,,0.0,1,Moto/Ciclomotor, ,1,1,0,0,0,0,0,"-32.95883, -60.693",S/D,,ROSARIO,Rosario,S/D,S/D,II,S/D,S/D,S/D,S/D,S/D,S/D,S/D,Diurna,S/D,S/D,S/D,S/D,S/D,S/D,S/D,S/D,"-32.95883, -60.693",[''],0,,-32.95883,-60.693,55.0,538.0,Municipio Rosario,Municipio,Rosario,820210,Servicio de Catastro e Información Territorial,IGN
2019,12630,2019-10-25,Viernes,,08:05:00,,0.0,1,Moto/Ciclomotor, ,1,1,0,0,0,0,0,"-32.95883, -60.693",S/D,,ROSARIO,Rosario,S/D,S/D,II,S/D,S/D,S/D,S/D,S/D,S/D,S/D,Diurna,S/D,S/D,S/D,S/D,S/D,S/D,S/D,S/D,"-32.95883, -60.693",[''],0,,-32.95883,-60.693,55.0,538.0,Municipio Rosario,Municipio,Rosario,820210,Servicio de Catastro e Información Territorial,IGN
2019,12631,2019-10-25,Viernes,,08:40:00,,0.0,1,Automóvil, ,1,1,0,0,0,0,0,"-32.95883, -60.693",S/D,,ROSARIO,Rosario,S/D,S/D,II,S/D,S/D,S/D,S/D,S/D,S/D,S/D,Diurna,S/D,S/D,S/D,S/D,S/D,S/D,S/D,S/D,"-32.95883, -60.693",[''],0,,-32.95883,-60.693,55.0,538.0,Municipio Rosario,Municipio,Rosario,820210,Servicio de Catastro e Información Territorial,IGN
2019,12632,2019-10-25,Viernes,,17:30:00,,0.0,1,Bicicleta, ,1,1,0,0,0,0,0,"-32.95883, -60.693",S/D,,ROSARIO,Rosario,S/D,S/D,II,S/D,S/D,S/D,S/D,S/D,S/D,S/D,S/D,S/D,S/D,S/D,S/D,S/D,S/D,S/D,S/D,"-32.95883, -60.693",[''],0,,-32.95883,-60.693,55.0,538.0,Municipio Rosario,Municipio,Rosario,820210,Servicio de Catastro e Información Territorial,IGN
2019,12633,2019-10-25,Viernes,,20:50:00,,0.0,1,Moto/Ciclomotor, ,1,1,0,0,0,0,0,"-32.95883, -60.693",S/D,,ROSARIO,Rosario,S/D,S/D,II,S/D,S/D,S/D,S/D,S/D,S/D,S/D,Nocturna,S/D,S/D,S/D,S/D,S/D,S/D,S/D,S/D,"-32.95883, -60.693",[''],0,,-32.95883,-60.693,55.0,538.0,Municipio Rosario,Municipio,Rosario,820210,Servicio de Catastro e Información Territorial,IGN
2019,12634,2019-10-25,Viernes,,21:20:00,,0.0,1,Moto/Ciclomotor, ,1,1,0,0,0,0,0,"-32.95883, -60.693",S/D,,ROSARIO,Rosario,S/D,S/D,II,S/D,S/D,S/D,S/D,S/D,S/D,S/D,Nocturna,S/D,S/D,S/D,S/D,S/D,S/D,S/D,S/D,"-32.95883, -60.693",[''],0,,-32.95883,-60.693,55.0,538.0,Municipio Rosario,Municipio,Rosario,820210,Servicio de Catastro e Información Territorial,IGN
2019,12635,2019-10-25,Viernes,,21:00:00,,0.0,1,Moto/Ciclomotor, ,1,1,0,0,0,0,0,"-32.95883, -60.693",S/D,,ROSARIO,Rosario,S/D,S/D,II,S/D,S/D,S/D,S/D,S/D,S/D,S/D,Nocturna,S/D,S/D,S/D,S/D,S/D,S/D,S/D,S/D,"-32.95883, -60.693",[''],0,,-32.95883,-60.693,55.0,538.0,Municipio Rosario,Municipio,Rosario,820210,Servicio de Catastro e Información Territorial,IGN
2019,12636,2019-10-26,Sabado,,01:10:00,,0.0,1,Moto/Ciclomotor, ,1,1,0,0,0,0,0,"-32.95883, -60.693",S/D,,ROSARIO,Rosario,S/D,S/D,II,S/D,S/D,S/D,S/D,S/D,S/D,S/D,Nocturna,S/D,S/D,S/D,S/D,S/D,S/D,S/D,S/D,"-32.95883, -60.693",[''],0,,-32.95883,-60.693,55.0,538.0,Municipio Rosario,Municipio,Rosario,820210,Servicio de Catastro e Información Territorial,IGN
2019,12637,2019-10-26,Sabado,,01:30:00,,0.0,1,Moto/Ciclomotor, ,1,1,0,0,0,0,0,"-32.95883, -60.693",S/D,,ROSARIO,Rosario,S/D,S/D,II,S/D,S/D,S/D,S/D,S/D,S/D,S/D,Nocturna,S/D,S/D,S/D,S/D,S/D,S/D,S/D,S/D,"-32.95883, -60.693",[''],0,,-32.95883,-60.693,55.0,538.0,Municipio Rosario,Municipio,Rosario,820210,Servicio de Catastro e Información Territorial,IGN
2019,12638,2019-10-26,Sabado,,03:15:00,,0.0,1,Moto/Ciclomotor, ,1,1,0,0,0,0,0,"-32.95883, -60.693",S/D,,ROSARIO,Rosario,S/D,S/D,II,S/D,S/D,S/D,S/D,S/D,S/D,S/D,Nocturna,S/D,S/D,S/D,S/D,S/D,S/D,S/D,S/D,"-32.95883, -60.693",[''],0,,-32.95883,-60.693,55.0,538.0,Municipio Rosario,Municipio,Rosario,820210,Servicio de Catastro e Información Territorial,IGN
2019,12639,2019-10-26,Sabado,,09:15:00,,0.0,1,Moto/Ciclomotor, ,1,1,0,0,0,0,0,"-32.95883, -60.693",S/D,,ROSARIO,Rosario,S/D,S/D,II,S/D,S/D,S/D,S/D,S/D,S/D,S/D,Diurna,S/D,S/D,S/D,S/D,S/D,S/D,S/D,S/D,"-32.95883, -60.693",[''],0,,-32.95883,-60.693,55.0,538.0,Municipio Rosario,Municipio,Rosario,820210,Servicio de Catastro e Información Territorial,IGN
2019,12640,2019-10-26,Sabado,,11:15:00,,0.0,1,Bicicleta, ,1,0,1,0,0,0,0,"-32.95883, -60.693",S/D,,ROSARIO,Rosario,S/D,S/D,II,S/D,S/D,S/D,S/D,S/D,S/D,S/D,Diurna,S/D,S/D,S/D,S/D,S/D,S/D,S/D,S/D,"-32.95883, -60.693",[''],0,,-32.95883,-60.693,55.0,538.0,Municipio Rosario,Municipio,Rosario,820210,Servicio de Catastro e Información Territorial,IGN
2019,12641,2019-10-26,Sabado,,15:00:00,,0.0,1,Moto/Ciclomotor, ,2,2,0,0,0,0,0,"-32.95883, -60.693",S/D,,ROSARIO,Rosario,S/D,S/D,II,S/D,S/D,S/D,S/D,S/D,S/D,S/D,Diurna,S/D,S/D,S/D,S/D,S/D,S/D,S/D,S/D,"-32.95883, -60.693",[''],0,,-32.95883,-60.693,55.0,538.0,Municipio Rosario,Municipio,Rosario,820210,Servicio de Catastro e Información Territorial,IGN
2019,12642,2019-10-26,Sabado,,21:00:00,,0.0,1,Moto/Ciclomotor, ,1,1,0,0,0,0,0,"-32.95883, -60.693",S/D,,ROSARIO,Rosario,S/D,S/D,II,S/D,S/D,S/D,S/D,S/D,S/D,S/D,Nocturna,S/D,S/D,S/D,S/D,S/D,S/D,S/D,S/D,"-32.95883, -60.693",[''],0,,-32.95883,-60.693,55.0,538.0,Municipio Rosario,Municipio,Rosario,820210,Servicio de Catastro e Información Territorial,IGN
2019,12643,2019-10-26,Sabado,,11:00:00,,0.0,1,Moto/Ciclomotor, ,1,1,0,0,0,0,0,"-32.95883, -60.693",S/D,,ROSARIO,Rosario,S/D,S/D,II,S/D,S/D,S/D,S/D,S/D,S/D,Buena,Diurna,S/D,S/D,S/D,S/D,S/D,S/D,S/D,S/D,"-32.95883, -60.693",[''],0,,-32.95883,-60.693,55.0,538.0,Municipio Rosario,Municipio,Rosario,820210,Servicio de Catastro e Información Territorial,IGN
2019,12644,2019-10-26,Sabado,,17:20:00,,0.0,1,Moto/Ciclomotor, ,1,1,0,0,0,0,0,"-32.95883, -60.693",S/D,,ROSARIO,Rosario,S/D,S/D,II,S/D,S/D,S/D,S/D,S/D,S/D,S/D,Diurna,S/D,S/D,S/D,S/D,S/D,S/D,S/D,S/D,"-32.95883, -60.693",[''],0,,-32.95883,-60.693,55.0,538.0,Municipio Rosario,Municipio,Rosario,820210,Servicio de Catastro e Información Territorial,IGN
2019,12645,2019-10-26,Sabado,,15:40:00,,0.0,1,Moto/Ciclomotor, ,1,1,0,0,0,0,0,"-32.95883, -60.693",S/D,,ROSARIO,Rosario,S/D,S/D,II,S/D,S/D,S/D,S/D,S/D,S/D,S/D,Diurna,S/D,S/D,S/D,S/D,S/D,S/D,S/D,S/D,"-32.95883, -60.693",[''],0,,-32.95883,-60.693,55.0,538.0,Municipio Rosario,Municipio,Rosario,820210,Servicio de Catastro e Información Territorial,IGN
2019,12646,2019-10-26,Sabado,,18:00:00,,0.0,1,Otros, ,1,1,0,0,0,0,0,"-32.95883, -60.693",S/D,,ROSARIO,Rosario,S/D,S/D,II,S/D,S/D,S/D,S/D,S/D,S/D,S/D,Diurna,S/D,S/D,S/D,S/D,S/D,S/D,S/D,S/D,"-32.95883, -60.693",[''],0,,-32.95883,-60.693,55.0,538.0,Municipio Rosario,Municipio,Rosario,820210,Servicio de Catastro e Información Territorial,IGN