anio_acci,nro_acci,fecha,desc_dia,fecha_aprox,hora_aprox,desc_ruta,km,cant_participantes,desc_participante,calle_avenida_km,total,heridos_leves,heridos_graves,heridos_gravisimos,ilesos,fallecidos,sin_datos,posicion_XY,desc_tipo_via,desc_ruta_ori,desc_loc,desc_dpto,desc_tipo_calzada,desc_tipo_banquina,desc_unidad_regional,desc_lugar_calzada,desc_zona,desc_prioridad,desc_estado_semaforo,desc_lugar_via,desc_estado_via,desc_estado_visibilidad,desc_luminosidad,desc_estado_clima,desc_tipo_colision,desc_tipo_atropello,desc_tipo_hecho,desc_pres_calzada,desc_senializacion,desc_separacion_via,desc_restriccion,forma_geocod,calle_lista,numero_calles,calles_osm,lat,lon,index_right,gid,fna,gna,nam,in1,fdc,sag
2020,70,2020-01-07,Martes,,09:20:00,,0.0,2,"Pickup/Utilitario,Moto/Ciclomotor",Juan Canals Y España,2,1,0,0,1,0,0,"-32.98797, -60.65733",Calle,,ROSARIO,Rosario,Asfalto,No existe,II,Dentro,Urbana,S/D,No existe,Intersección,Bueno,Buena,Diurna,S/D,S/D,S/D,S/D,Ninguna,Faltante,S/D,S/D,"-32.98797, -60.65733","['Juan Canals', 'España']",2,,-32.98797,-60.65733,55.0,538.0,Municipio Rosario,Municipio,Rosario,820210,Servicio de Catastro e Información Territorial,IGN
2020,71,2020-01-02,Jueves,,20:00:00,,0.0,2,"Moto/Ciclomotor,Automóvil",Anchorena Y Gral. J.M.Paz,2,1,0,0,1,0,0,"-32.99716, -60.62725",S/D,,ROSARIO,Rosario,Asfalto,No existe,II,Dentro,Urbana,Ninguna,No existe,Intersección,Bueno,Buena,Nocturna,Buen Tiempo,Lateral,S/D,Colisión,Ninguna,Faltante,Ninguna,Sin restricción,"-32.99716, -60.62725","['Anchorena', 'Paz']",2,,-32.99716,-60.62725,55.0,538.0,Municipio Rosario,Municipio,Rosario,820210,Servicio de Catastro e Información Territorial,IGN
2020,72,2020-01-07,Martes,,15:45:00,,0.0,2,"Moto/Ciclomotor,Automóvil",Italia Y Juan Canals,2,1,0,0,1,0,0,"-32.98769, -60.65862",Calle,,ROSARIO,Rosario,Asfalto,No existe,II,Dentro,Urbana,Ninguna,No existe,Intersección,Bueno,Buena,Diurna,Buen Tiempo,Lateral,S/D,Colisión,Ninguna,Faltante,Ninguna,Sin restricción,"-32.98769, -60.65862","['Italia', 'Juan Canals']",2,,-32.98769,-60.65862,55.0,538.0,Municipio Rosario,Municipio,Rosario,820210,Servicio de Catastro e Información Territorial,IGN
2020,73,2020-01-02,Jueves,,16:30:00,,0.0,2,"Moto/Ciclomotor,Automóvil",Ayacucho Y F.Frias,2,1,0,0,1,0,0,"-32.98356, -60.63582",Calle,,ROSARIO,Rosario,Asfalto,No existe,II,Dentro,Urbana,Ninguna,No existe,Intersección,Bueno,Buena,Diurna,Buen Tiempo,De alcance,S/D,Colisión,Ninguna,Faltante,Ninguna,Sin restricción,"-32.98356, -60.63582","['Ayacucho', 'Frias']",2,,-32.98356,-60.63582,55.0,538.0,Municipio Rosario,Municipio,Rosario,820210,Servicio de Catastro e Información Territorial,IGN
2020,87,2020-01-17,Viernes,,10:15:00,,0.0,2,"Peatón,Automóvil",Entre Rios Y Pje. Ricardone,2,1,0,0,1,0,0,"-32.94769, -60.64139",Calle,,ROSARIO,Rosario,Asfalto,No existe,II,S/D,Urbana,Ninguna,No existe,Intersección,Bueno,Buena,Diurna,Buen Tiempo,S/D,Peatón,Atropello,Ninguna,Vertical,Ninguna,Sin restricción,"-32.94769, -60.64139","['Entre Ríos', 'Ricardone']",2,,-32.94769,-60.64139,55.0,538.0,Municipio Rosario,Municipio,Rosario,820210,Servicio de Catastro e Información Territorial,IGN
2020,93,2020-01-13,Lunes,,12:40:00,,0.0,2,"Automóvil,Moto/Ciclomotor",Ituzaingo Y Castellanos,2,0,0,0,1,1,0,"-32.95412, -60.67868",Avenida,,ROSARIO,Rosario,Asfalto,Pavimento,II,Dentro,Urbana,Ninguna,No existe,Otro,Bueno,Buena,Diurna,Buen Tiempo,S/D,S/D,Colisión,Ninguna,Faltante,Ninguna,Sin restricción,"-32.95412, -60.67868","['Ituzaingó', 'Aaron Castellanos']",2,,-32.95412,-60.67868,55.0,538.0,Municipio Rosario,Municipio,Rosario,820210,Servicio de Catastro e Información Territorial,IGN
2020,94,2020-01-11,Sabado,,12:20:00,,0.0,2,"Moto/Ciclomotor,Moto/Ciclomotor",Bv. Segui Y Matienzo,3,1,2,0,0,0,0,"-32.97063, -60.69355",Calle,,ROSARIO,Rosario,Asfalto,Pavimento,II,S/D,Urbana,Semáforo,Funciona,Otro,Bueno,Buena,Diurna,Buen Tiempo,Otro,S/D,Colisión,Ninguna,"Horizontal,Vertical",Ninguna,Sin restricción,"-32.97063, -60.69355","['Bulevar Juan Francisco Seguí', 'Matienzo']",2,,-32.97063,-60.69355,55.0,538.0,Municipio Rosario,Municipio,Rosario,820210,Servicio de Catastro e Información Territorial,IGN
2020,96,2020-01-27,Lunes,,09:55:00,,0.0,2,"Moto/Ciclomotor,Bicicleta",Mitre 3400,2,1,0,0,1,0,0,"    -32.97653, -60.64721",Calle,,ROSARIO,Rosario,Asfalto,No existe,II,Dentro,Urbana,Ninguna,No existe,Intersección,Bueno,Buena,Diurna,Buen Tiempo,S/D,Ciclista,Atropello,Ninguna,Faltante,Ninguna,Sin restricción,"    -32.97653, -60.64721",['Mitre 3400'],1,,-32.97653,-60.64721,55.0,538.0,Municipio Rosario,Municipio,Rosario,820210,Servicio de Catastro e Información Territorial,IGN
2020,97,2020-01-13,Lunes,,18:45:00,,0.0,2,"Moto/Ciclomotor,Bicicleta",Bv. Segui Y Dr.Casal,3,2,1,0,0,0,0,"-32.97073, -60.7028",Avenida,,ROSARIO,Rosario,Asfalto,Pavimento,II,S/D,Urbana,Ninguna,No existe,Otro,Bueno,Buena,Diurna,Buen Tiempo,S/D,Ciclista,Atropello,Ninguna,Faltante,Ninguna,Sin restricción,"-32.97073, -60.7028","['Bulevar Juan Francisco Seguí', 'Mauricio Casal']",2,,-32.97073,-60.7028,55.0,538.0,Municipio Rosario,Municipio,Rosario,820210,Servicio de Catastro e Información Territorial,IGN
2020,100,2020-01-11,Sabado,,06:45:00,,0.0,2,"Taxi/Remis,Moto/Ciclomotor",Bv. Segui Y Valparaiso,4,2,1,0,1,0,0,"-32.97118, -60.69009",Avenida,,ROSARIO,Rosario,Asfalto,Pavimento,II,S/D,Urbana,S/D,Funciona,Otro,Bueno,Buena,Amanecer,Buen Tiempo,S/D,S/D,Colisión,Ninguna,"Horizontal,Vertical",Ninguna,Sin restricción,"-32.97118, -60.69009","['Bulevar Juan Francisco Seguí', 'Valparaíso']",2,,-32.97118,-60.69009,55.0,538.0,Municipio Rosario,Municipio,Rosario,820210,Servicio de Catastro e Información Territorial,IGN
2020,102,2020-01-26,Domingo,,22:05:00,,0.0,2,"Moto/Ciclomotor,Automóvil",San Martin Y Pje. Gral.Savio,3,1,0,0,2,0,0,"    -32.99646, -60.64808",Calle,,ROSARIO,Rosario,Asfalto,No existe,II,Dentro,Urbana,Ninguna,No existe,Intersección,Bueno,Buena,"Nocturna,Con luz artificial",Lluvia,Lateral,S/D,Colisión,Ninguna,Faltante,Cordón divisorio,Sin restricción,"    -32.99646, -60.64808","['San Martin', 'Savio']",2,,-32.99646,-60.64808,55.0,538.0,Municipio Rosario,Municipio,Rosario,820210,Servicio de Catastro e Información Territorial,IGN
2020,105,2020-01-29,Miercoles,,15:35:00,,0.0,2,"Bicicleta,Automóvil",San Martin Y Garibaldi,2,1,0,0,1,0,0,"    -32.98637, -60.64573",Calle,,ROSARIO,Rosario,Asfalto,No existe,II,Dentro,Urbana,Ninguna,Funciona,Intersección,Bueno,Buena,Diurna,Buen Tiempo,S/D,Ciclista,Atropello,Ninguna,Faltante,Cordón divisorio,Sin restricción,"    -32.98637, -60.64573","['San Martin', 'José Garibaldi']",2,,-32.98637,-60.64573,55.0,538.0,Municipio Rosario,Municipio,Rosario,820210,Servicio de Catastro e Información Territorial,IGN
2020,109,2020-01-24,Viernes,,10:50:00,,0.0,2,"Automóvil,Pickup/Utilitario",Av. Corrientes Y Lamadrid,2,1,0,0,1,0,0,"    -32.99724, -60.65345",Avenida,,ROSARIO,Rosario,Asfalto,No existe,II,Dentro,Urbana,Ninguna,No existe,Intersección,Bueno,Buena,Diurna,Buen Tiempo,Lateral,S/D,Colisión,Ninguna,Faltante,Ninguna,Sin restricción,"    -32.99724, -60.65345","['Corrientes', 'Lamadrid']",2,,-32.99724,-60.65345,55.0,538.0,Municipio Rosario,Municipio,Rosario,820210,Servicio de Catastro e Información Territorial,IGN
2020,113,2020-01-27,Lunes,,13:19:00,,0.0,2,"Automóvil,Automóvil",Av. Luis Carballo ,2,1,0,0,1,0,0,"    -32.92189, -60.6741",Avenida,,ROSARIO,Rosario,Asfalto,Pavimento,II,S/D,Urbana,S/D,Funciona,Intersección,Bueno,Buena,Diurna,S/D,Frontal,S/D,Colisión,S/D,S/D,S/D,S/D,"    -32.92189, -60.6741",['Luis Carballo'],1,,-32.92189,-60.6741,55.0,538.0,Municipio Rosario,Municipio,Rosario,820210,Servicio de Catastro e Información Territorial,IGN
2020,118,2020-01-24,Viernes,,15:30:00,,0.0,2,"Moto/Ciclomotor,Pickup/Utilitario",Pte.Roca Y Garibaldi,2,1,0,0,1,0,0,"    -32.98473, -60.65507",Calle,,ROSARIO,Rosario,Asfalto,No existe,II,Dentro,Urbana,Ninguna,No existe,Intersección,S/D,Buena,Diurna,Buen Tiempo,Lateral,S/D,Colisión,Ninguna,Vertical,Ninguna,Sin restricción,"    -32.98473, -60.65507","['Roca', 'José Garibaldi']",2,,-32.98473,-60.65507,55.0,538.0,Municipio Rosario,Municipio,Rosario,820210,Servicio de Catastro e Información Territorial,IGN
2020,122,2020-01-24,Viernes,,14:00:00,,0.0,2,"Moto/Ciclomotor,Automóvil",San Martin Y Hilarion de la Quintana,2,1,0,0,1,0,0,"    -33.00091, -60.64893",Calle,,ROSARIO,Rosario,Asfalto,No existe,II,Dentro,Urbana,Ninguna,S/D,Intersección,Bueno,Buena,Diurna,Buen Tiempo,Contra objeto fijo,S/D,Colisión,S/D,Faltante,Cordón divisorio,Sin restricción,"    -33.00091, -60.64893","['San Martin', 'Hilarión de la Quintana']",2,,-33.00091,-60.64893,55.0,538.0,Municipio Rosario,Municipio,Rosario,820210,Servicio de Catastro e Información Territorial,IGN
2020,158,2020-01-17,Viernes,,17:40:00,,0.0,2,"Bicicleta,Automóvil",Uruguay Y Av. C.Casado,2,1,0,0,1,0,0,"-32.9722, -60.67272",Calle,,ROSARIO,Rosario,Asfalto,No existe,II,S/D,Urbana,S/D,S/D,Intersección,Bueno,Buena,Atardecer,Buen Tiempo,S/D,Ciclista,Atropello,Ninguna,S/D,Ninguna,Sin restricción,"-32.9722, -60.67272","['Uruguay', 'Casado']",2,,-32.9722,-60.67272,55.0,538.0,Municipio Rosario,Municipio,Rosario,820210,Servicio de Catastro e Información Territorial,IGN
2020,165,2020-01-18,Sabado,,23:05:00,,0.0,2,"Moto/Ciclomotor,Pickup/Utilitario",Santa Fe Y Av. Corrientes,2,0,0,1,1,0,0,"-32.94432, -60.642",Calle,,ROSARIO,Rosario,Asfalto,No existe,II,S/D,Urbana,Semáforo,Funciona,Intersección,Bueno,Buena,"Nocturna,Con luz artificial",Buen Tiempo,S/D,S/D,Colisión,Ninguna,Vertical,Ninguna,Sin restricción,"-32.94432, -60.642","['Santa Fe', 'Corrientes']",2,,-32.94432,-60.642,55.0,538.0,Municipio Rosario,Municipio,Rosario,820210,Servicio de Catastro e Información Territorial,IGN
2020,169,2020-01-18,Sabado,,12:00:00,,0.0,2,"Moto/Ciclomotor,Automóvil",Av. Uriburu Y Rvdo.J.Margis,3,2,0,0,1,0,0,"-32.99122, -60.66206",Avenida,,ROSARIO,Rosario,Asfalto,No existe,II,Dentro,Urbana,Ninguna,No existe,Intersección,Bueno,Buena,Diurna,Buen Tiempo,Lateral,S/D,Colisión,Ninguna,Faltante,Ninguna,Sin restricción,"-32.99122, -60.66206","['Uriburu', 'José Margis']",2,,-32.99122,-60.66206,55.0,538.0,Municipio Rosario,Municipio,Rosario,820210,Servicio de Catastro e Información Territorial,IGN
2020,221,2020-01-18,Sabado,,18:10:00,,0.0,3,"Pickup/Utilitario,Automóvil,Automóvil",Gonzalez del Solar Y Av. Genova,5,0,1,0,4,0,0,"-32.91668, -60.73749",Calle,,ROSARIO,Rosario,Asfalto,S/D,II,Dentro,Urbana,Ninguna,S/D,Intersección,Bueno,Buena,Atardecer,Buen Tiempo,Múltiple,S/D,Colisión,S/D,S/D,Ninguna,Sin restricción,"-32.91668, -60.73749","['González del Solar', 'Genova']",2,,-32.91668,-60.73749,55.0,538.0,Municipio Rosario,Municipio,Rosario,820210,Servicio de Catastro e Información Territorial,IGN
2020,231,2020-01-19,Domingo,,12:10:00,,0.0,2,"Pickup/Utilitario,Moto/Ciclomotor",Bv. 27 De Febrero Y Mariano Moreno,2,1,0,0,1,0,0,"-32.96533, -60.65597",Avenida,,ROSARIO,Rosario,Asfalto,S/D,II,S/D,Urbana,Semáforo,Funciona,Intersección,Bueno,Buena,Diurna,Buen Tiempo,S/D,S/D,Colisión,S/D,S/D,Ninguna,Sin restricción,"-32.96533, -60.65597","['27 de Febrero', 'Mariano Moreno']",2,,-32.96533,-60.65597,55.0,538.0,Municipio Rosario,Municipio,Rosario,820210,Servicio de Catastro e Información Territorial,IGN
2020,235,2020-01-19,Domingo,,22:00:00,,0.0,3,"Automóvil,Pickup/Utilitario,Pickup/Utilitario",J.C.Casas Y F.Rauch,3,1,0,0,2,0,0,"-32.9026, -60.70259",Calle,,ROSARIO,Rosario,Asfalto,S/D,II,S/D,Urbana,S/D,S/D,Intersección,S/D,S/D,Nocturna,S/D,Múltiple,S/D,Colisión,S/D,S/D,S/D,S/D,"-32.9026, -60.70259","['Casas', 'Rauch']",2,,-32.9026,-60.70259,55.0,538.0,Municipio Rosario,Municipio,Rosario,820210,Servicio de Catastro e Información Territorial,IGN
2020,236,2020-01-19,Domingo,,05:00:00,,0.0,2,"Moto/Ciclomotor,Automóvil",Bv. Rondeau Y Palestina,2,1,0,0,0,0,1,"-32.88549, -60.69534",Avenida,,ROSARIO,Rosario,Asfalto,S/D,II,S/D,Urbana,S/D,S/D,Intersección,S/D,S/D,Nocturna,S/D,S/D,S/D,Colisión,S/D,S/D,S/D,S/D,"-32.88549, -60.69534","['Rondeau', 'Palestina']",2,,-32.88549,-60.69534,55.0,538.0,Municipio Rosario,Municipio,Rosario,820210,Servicio de Catastro e Información Territorial,IGN
2020,239,2020-01-19,Domingo,,21:10:00,,0.0,2,"Pickup/Utilitario,Moto/Ciclomotor",Ayacucho Y Virasoro,3,1,0,0,2,0,0,"-32.97193, -60.63277",Calle,,ROSARIO,Rosario,Asfalto,No existe,II,S/D,Urbana,Ninguna,No existe,Intersección,Bueno,Reducida,Nocturna,Buen Tiempo,Lateral,S/D,Colisión,Ninguna,Faltante,Ninguna,Sin restricción,"-32.97193, -60.63277","['Ayacucho', 'Virasoro']",2,,-32.97193,-60.63277,55.0,538.0,Municipio Rosario,Municipio,Rosario,820210,Servicio de Catastro e Información Territorial,IGN
2020,282,2020-01-18,Sabado,,00:00:00,,0.0,2,"Peatón,Taxi/Remis",J.Colombres Bis Y Schweitzer,2,1,0,0,1,0,0,"-32.91368, -60.73052",Calle,,ROSARIO,Rosario,Asfalto,Ripio,II,S/D,Urbana,Ninguna,No existe,Intersección,S/D,Reducida,Nocturna,Buen Tiempo,S/D,Peatón,Atropello,S/D,S/D,Ninguna,Sin restricción,"-32.91368, -60.73052","['José Colombres', 'Albert Schweitzer']",2,,-32.91368,-60.73052,55.0,538.0,Municipio Rosario,Municipio,Rosario,820210,Servicio de Catastro e Información Territorial,IGN
2020,285,2020-01-19,Domingo,,22:00:00,,0.0,2,"Moto/Ciclomotor,Automóvil",Av. Jorge Newbery Y Garcia del Cossio Bis,2,1,0,0,1,0,0,"-32.90883, -60.74701",Avenida,,ROSARIO,Rosario,Asfalto,No existe,II,S/D,Urbana,Ninguna,No existe,Intersección,Bueno,Reducida,Nocturna,Buen Tiempo,S/D,S/D,Colisión,Ninguna,S/D,Ninguna,Sin restricción,"-32.90883, -60.74701","['Jorge Newbery', 'García del Cossio']",2,,-32.90883,-60.74701,55.0,538.0,Municipio Rosario,Municipio,Rosario,820210,Servicio de Catastro e Información Territorial,IGN
2020,296,2020-01-19,Domingo,,19:25:00,,0.0,2,"Moto/Ciclomotor,Moto/Ciclomotor",Av. Avellaneda B Y Dean Funes,3,3,0,0,0,0,0,"-32.96829, -60.68645",Avenida,,ROSARIO,Rosario,Asfalto,No existe,II,S/D,Urbana,Ninguna,No existe,Intersección,Bueno,Buena,Atardecer,Buen Tiempo,S/D,S/D,Colisión,Ninguna,S/D,Ninguna,Sin restricción,"-32.96829, -60.68645","['Avellaneda', 'Deán Gregorio Funes']",2,,-32.96829,-60.68645,55.0,538.0,Municipio Rosario,Municipio,Rosario,820210,Servicio de Catastro e Información Territorial,IGN
2020,300,2020-01-20,Lunes,,23:00:00,,0.0,2,"Taxi/Remis,Automóvil",Constitucion Y San Juan,2,2,0,0,0,0,0,"-32.94381, -60.67465",Calle,,ROSARIO,Rosario,Asfalto,No existe,II,S/D,Urbana,Ninguna,No existe,Intersección,Bueno,Buena,"Nocturna,Con luz artificial",Buen Tiempo,S/D,S/D,Colisión,Ninguna,Vertical,Ninguna,Sin restricción,"-32.94381, -60.67465","['Constitución', 'San Juan']",2,,-32.94381,-60.67465,55.0,538.0,Municipio Rosario,Municipio,Rosario,820210,Servicio de Catastro e Información Territorial,IGN
2020,301,2020-01-20,Lunes,,20:43:00,,0.0,2,"Peatón,Pickup/Utilitario",San Lorenzo Y Constitucion,2,0,1,0,1,0,0,"-32.93776, -60.67309",Calle,,ROSARIO,Rosario,Asfalto,No existe,II,S/D,Urbana,Ninguna,No existe,Intersección,Bueno,Reducida,"Nocturna,Con luz artificial",Buen Tiempo,S/D,Peatón,Atropello,S/D,Vertical,Ninguna,Obra en Construcción,"-32.93776, -60.67309","['San Lorenzo', 'Constitución']",2,,-32.93776,-60.67309,55.0,538.0,Municipio Rosario,Municipio,Rosario,820210,Servicio de Catastro e Información Territorial,IGN
2020,312,2020-01-20,Lunes,,01:30:00,,0.0,2,"Moto/Ciclomotor,Automóvil",Av. Ovidio Lagos Y Av. Battle y Ordo�ez,3,2,0,0,0,0,1,"-33.00974, -60.67741",Avenida,,ROSARIO,Rosario,Asfalto,No existe,II,S/D,Urbana,Ninguna,S/D,Intersección,Bueno,Buena,Nocturna,Buen Tiempo,S/D,S/D,Colisión,Ninguna,S/D,Ninguna,Sin restricción,"-33.00974, -60.67741","['Avenida Ovidio Lagos', 'Avenida Battle y Ordoñez']",2,,-33.00974,-60.67741,55.0,538.0,Municipio Rosario,Municipio,Rosario,820210,Servicio de Catastro e Información Territorial,IGN
2020,313,2020-01-21,Martes,,00:30:00,,0.0,2,"Moto/Ciclomotor,Taxi/Remis",Sarmiento Y Bv. Segui,3,0,1,0,2,0,0,"-32.97919, -60.64638",Calle,,ROSARIO,Rosario,Asfalto,No existe,II,Dentro,Urbana,Señal Pare,No existe,Intersección,Bueno,Buena,"Nocturna,Con luz artificial",Buen Tiempo,Lateral,S/D,Colisión,Ninguna,Vertical,Cordón divisorio,Sin restricción,"-32.97919, -60.64638","['Sarmiento', 'Bulevar Juan Francisco Seguí']",2,,-32.97919,-60.64638,55.0,538.0,Municipio Rosario,Municipio,Rosario,820210,Servicio de Catastro e Información Territorial,IGN
2020,314,2020-01-21,Martes,,08:00:00,,0.0,2,"Moto/Ciclomotor,Transporte de Pasajeros Urbano (> 8 asientos)",Bv. Segui Y Pte.Roca,2,1,0,0,1,0,0,"-32.97776, -60.65331",Calle,,ROSARIO,Rosario,Asfalto,No existe,II,S/D,Urbana,Ninguna,S/D,Intersección,Bueno,Buena,Diurna,Buen Tiempo,De alcance,S/D,Colisión,Ninguna,Faltante,Cordón divisorio,Sin restricción,"-32.97776, -60.65331","['Bulevar Juan Francisco Seguí', 'Roca']",2,,-32.97776,-60.65331,55.0,538.0,Municipio Rosario,Municipio,Rosario,820210,Servicio de Catastro e Información Territorial,IGN
2020,340,2020-01-21,Martes,,10:06:00,,0.0,2,"Peatón,Moto/Ciclomotor",San Martin Y Centenario,2,0,1,0,1,0,0,"-33.00427, -60.64969",Calle,,ROSARIO,Rosario,Asfalto,No existe,II,Dentro,Urbana,Ninguna,No existe,Intersección,Bueno,S/D,Diurna,Buen Tiempo,S/D,Peatón,Atropello,S/D,S/D,Cordón divisorio,Sin restricción,"-33.00427, -60.64969","['San Martin', 'Centenario']",2,,-33.00427,-60.64969,55.0,538.0,Municipio Rosario,Municipio,Rosario,820210,Servicio de Catastro e Información Territorial,IGN
2020,341,2020-01-21,Martes,,18:30:00,,0.0,2,"Peatón,Pickup/Utilitario",Av. Battle y Ordo�ez Y San Martin,2,1,0,0,1,0,0,"-33.00898, -60.65069",Avenida,,ROSARIO,Rosario,Asfalto,No existe,II,Dentro,Urbana,Semáforo,Funciona,Rotonda,Bueno,Buena,Atardecer,S/D,S/D,Peatón,Atropello,Ninguna,Vertical,Línea divisoria pintada,Sin restricción,"-33.00898, -60.65069","['Avenida Battle y Ordoñez', 'San Martin']",2,,-33.00898,-60.65069,55.0,538.0,Municipio Rosario,Municipio,Rosario,820210,Servicio de Catastro e Información Territorial,IGN
2020,363,2020-01-21,Martes,,16:30:00,,0.0,2,"Pickup/Utilitario,Moto/Ciclomotor",Bv. Avellaneda Y Centeno,2,1,0,0,1,0,0,"-32.9775, -60.68873",Avenida,,ROSARIO,Rosario,Asfalto,No existe,II,S/D,Urbana,Ninguna,S/D,Intersección,Bueno,Buena,Diurna,Buen Tiempo,S/D,S/D,Colisión,Ninguna,S/D,Ninguna,Sin restricción,"-32.9775, -60.68873","['Avellaneda', 'Centeno']",2,,-32.9775,-60.68873,55.0,538.0,Municipio Rosario,Municipio,Rosario,820210,Servicio de Catastro e Información Territorial,IGN
2020,367,2020-01-22,Miercoles,,08:40:00,,0.0,1,Transporte de Pasajeros Urbano (> 8 asientos),Rueda Y Sarmiento,2,1,0,0,1,0,0,"-32.97106, -60.64437",Calle,,ROSARIO,Rosario,Asfalto,No existe,II,S/D,Urbana,Ninguna,No existe,Intersección,Bueno,Buena,Diurna,Buen Tiempo,S/D,S/D,Cañda ocupante,S/D,Vertical,Ninguna,Sin restricción,"-32.97106, -60.64437","['Rueda', 'Sarmiento']",2,,-32.97106,-60.64437,55.0,538.0,Municipio Rosario,Municipio,Rosario,820210,Servicio de Catastro e Información Territorial,IGN
2020,369,2020-01-22,Miercoles,,16:30:00,,0.0,2,"Moto/Ciclomotor,Automóvil",E.Zeballos Y Iriondo,3,1,0,0,2,0,0,"-32.94937, -60.6718",Calle,,ROSARIO,Rosario,Asfalto,No existe,II,S/D,Urbana,Ninguna,No existe,Intersección,Bueno,Buena,Diurna,Buen Tiempo,S/D,S/D,Colisión,Ninguna,Vertical,Ninguna,Sin restricción,"-32.94937, -60.6718","['Zeballos', 'Iriondo']",2,,-32.94937,-60.6718,55.0,538.0,Municipio Rosario,Municipio,Rosario,820210,Servicio de Catastro e Información Territorial,IGN
2020,371,2020-01-22,Miercoles,,12:00:00,,0.0,2,"Automóvil,Moto/Ciclomotor",Pte.Roca Y Riobamba,2,0,1,0,1,0,0,"-32.9618, -60.64929",Calle,,ROSARIO,Rosario,Asfalto,No existe,II,S/D,Urbana,Ninguna,No existe,Intersección,Bueno,Buena,Diurna,Buen Tiempo,S/D,S/D,Colisión,Ninguna,Vertical,Ninguna,Sin restricción,"-32.9618, -60.64929","['Roca', 'Riobamba']",2,,-32.9618,-60.64929,55.0,538.0,Municipio Rosario,Municipio,Rosario,820210,Servicio de Catastro e Información Territorial,IGN
2020,373,2020-01-22,Miercoles,,21:45:00,,0.0,2,"Moto/Ciclomotor,Taxi/Remis",Maipu Y Montevideo,2,1,0,0,1,0,0,"-32.95661, -60.63782",Calle,,ROSARIO,Rosario,Asfalto,No existe,II,S/D,Urbana,Ninguna,No existe,Intersección,Bueno,Buena,"Nocturna,Con luz artificial",Buen Tiempo,S/D,S/D,Colisión,Ninguna,Vertical,Ninguna,Sin restricción,"-32.95661, -60.63782","['Maipú', 'Montevideo']",2,,-32.95661,-60.63782,55.0,538.0,Municipio Rosario,Municipio,Rosario,820210,Servicio de Catastro e Información Territorial,IGN
2020,374,2020-01-22,Miercoles,,06:10:00,,0.0,2,"Moto/Ciclomotor,Automóvil",Av. Francia Y Ocampo,2,0,1,0,1,0,0,"-32.96157, -60.6705",Avenida,,ROSARIO,Rosario,Asfalto,No existe,II,S/D,Urbana,Ninguna,No existe,Intersección,Bueno,Buena,Amanecer,Buen Tiempo,S/D,S/D,Colisión,Ninguna,Vertical,Ninguna,Sin restricción,"-32.96157, -60.6705","['Avenida Francia', 'Ocampo']",2,,-32.96157,-60.6705,55.0,538.0,Municipio Rosario,Municipio,Rosario,820210,Servicio de Catastro e Información Territorial,IGN
2020,377,2020-01-22,Miercoles,,14:00:00,,0.0,2,"Bicicleta,Moto/Ciclomotor",Av. Battle y Ordo�ez 500,2,1,0,0,1,0,0,"    -33.00866, -60.63997",Calle,,ROSARIO,Rosario,Asfalto,No existe,II,Dentro,Urbana,Ninguna,No existe,Recta,Bueno,Buena,Diurna,Buen Tiempo,De alcance,Ciclista,Atropello,Ninguna,Faltante,Ninguna,Sin restricción,"    -33.00866, -60.63997",['Avenida Battle y Ordoñez 500'],1,,-33.00866,-60.63997,55.0,538.0,Municipio Rosario,Municipio,Rosario,820210,Servicio de Catastro e Información Territorial,IGN
2020,378,2020-01-22,Miercoles,,11:04:00,,0.0,2,"Moto/Ciclomotor,Automóvil",Av. Arijon Y Av. Corrientes,2,1,0,0,1,0,0,"-33.00317, -60.65325",Avenida,,ROSARIO,Rosario,Asfalto,No existe,II,S/D,Urbana,Ninguna,No existe,Intersección,S/D,Buena,Diurna,Buen Tiempo,Frontal,S/D,Colisión,S/D,S/D,Cordón divisorio,Sin restricción,"-33.00317, -60.65325","['Avenida Manuel Arijón', 'Corrientes']",2,,-33.00317,-60.65325,55.0,538.0,Municipio Rosario,Municipio,Rosario,820210,Servicio de Catastro e Información Territorial,IGN
2020,379,2020-01-22,Miercoles,,16:15:00,,0.0,2,"Ambulancia,Moto/Ciclomotor",Bv. Segui Y Entre Rios,4,2,0,0,2,0,0,"-32.97868, -60.64919",Avenida,,ROSARIO,Rosario,Asfalto,No existe,II,Dentro,Urbana,Ninguna,No existe,Intersección,Bueno,Buena,Diurna,Buen Tiempo,Lateral,S/D,Colisión,Ninguna,Faltante,Cordón divisorio,Sin restricción,"-32.97868, -60.64919","['Bulevar Juan Francisco Seguí', 'Entre Ríos']",2,,-32.97868,-60.64919,55.0,538.0,Municipio Rosario,Municipio,Rosario,820210,Servicio de Catastro e Información Territorial,IGN
2020,393,2020-01-23,Jueves,,15:20:00,,0.0,2,"Moto/Ciclomotor,Taxi/Remis",San Juan Y 1 de Mayo,2,1,0,0,1,0,0,"-32.95179, -60.6307",Calle,,ROSARIO,Rosario,Asfalto,No existe,II,S/D,Urbana,Señal Pare,No existe,Intersección,Bueno,Buena,Diurna,Buen Tiempo,S/D,S/D,Colisión,Ninguna,Vertical,Ninguna,Sin restricción,"-32.95179, -60.6307","['San Juan', 'Primero de Mayo']",2,,-32.95179,-60.6307,55.0,538.0,Municipio Rosario,Municipio,Rosario,820210,Servicio de Catastro e Información Territorial,IGN