anio_acci,nro_acci,fecha,desc_dia,fecha_aprox,hora_aprox,desc_ruta,km,cant_participantes,desc_participante,calle_avenida_km,total,heridos_leves,heridos_graves,heridos_gravisimos,ilesos,fallecidos,sin_datos,posicion_XY,desc_tipo_via,desc_ruta_ori,desc_loc,desc_dpto,desc_tipo_calzada,desc_tipo_banquina,desc_unidad_regional,desc_lugar_calzada,desc_zona,desc_prioridad,desc_estado_semaforo,desc_lugar_via,desc_estado_via,desc_estado_visibilidad,desc_luminosidad,desc_estado_clima,desc_tipo_colision,desc_tipo_atropello,desc_tipo_hecho,desc_pres_calzada,desc_senializacion,desc_separacion_via,desc_restriccion,forma_geocod,calle_lista,numero_calles,calles_osm,lat,lon,index_right,gid,fna,gna,nam,in1,fdc,sag
2020,425,2020-01-04,Sabado,,08:00:00,,0.0,1,Pickup/Utilitario,Alvarez Condarco Y Av. Azcuenaga,2,2,0,0,0,0,0,"-32.92475, -60.75671",Calle,,ROSARIO,Rosario,Asfalto,S/D,II,Dentro,Urbana,Ninguna,S/D,Recta,Bueno,S/D,Diurna,Otro,S/D,S/D,Despiste,Otro,S/D,Ninguna,Sin restricción,"-32.92475, -60.75671","['Álvarez Condarco', 'Azcuénaga']",2,,-32.92475,-60.75671,55.0,538.0,Municipio Rosario,Municipio,Rosario,820210,Servicio de Catastro e Información Territorial,IGN
2020,439,2020-02-01,Sabado,,00:05:00,,0.0,2,"Automóvil,Moto/Ciclomotor",Santiago Y 3 De Febrero,3,1,0,0,2,0,0,"-32.949615, -60.657588",Calle,,ROSARIO,Rosario,Asfalto,No existe,II,Dentro,Urbana,Ninguna,No existe,Intersección,S/D,Buena,"Nocturna,Con luz artificial",Buen Tiempo,Lateral,S/D,Colisión,Agua,Faltante,Ninguna,Sin restricción,"-32.949615, -60.657588","['Santiago', '3 de Febrero']",2,,-32.949615,-60.657588,55.0,538.0,Municipio Rosario,Municipio,Rosario,820210,Servicio de Catastro e Información Territorial,IGN
2020,440,2020-01-05,Domingo,,06:25:00,,0.0,2,"Automóvil,Otros",Mendoza Y Sanchez de Loria,3,0,2,0,1,0,0,"-32.94023, -60.73173",Avenida,,ROSARIO,Rosario,Asfalto,S/D,II,Dentro,Urbana,Semáforo,Funciona,Curva,Bueno,Buena,"Nocturna,Con luz artificial",Buen Tiempo,Frontal,S/D,Colisión,Ninguna,Horizontal,Cordón divisorio,Sin restricción,"-32.94023, -60.73173","['Mendoza', 'Sánchez de Loria']",2,,-32.94023,-60.73173,55.0,538.0,Municipio Rosario,Municipio,Rosario,820210,Servicio de Catastro e Información Territorial,IGN
2020,442,2020-02-06,Jueves,,23:15:00,,0.0,2,"Pickup/Utilitario,Bicicleta", ,2,1,0,0,1,0,0,"-32.941070, -60.641172",Calle,,ROSARIO,Rosario,Asfalto,No existe,II,Dentro,Urbana,Semáforo,Funciona,Intersección,Bueno,Buena,"Nocturna,Con luz artificial",Buen Tiempo,S/D,Ciclista,Atropello,Ninguna,"Horizontal,Vertical",Ninguna,Sin restricción,"-32.941070, -60.641172",[''],0,,-32.94107,-60.641172,55.0,538.0,Municipio Rosario,Municipio,Rosario,820210,Servicio de Catastro e Información Territorial,IGN
2020,443,2020-01-23,Jueves,,,,0.0,1,Transporte de Pasajeros Urbano (> 8 asientos),Entre Rios 2586,2,1,0,0,1,0,0,"-32.96686, -60.64622",Calle,,ROSARIO,Rosario,Asfalto,No existe,II,S/D,Urbana,Semáforo,Funciona,Recta,Bueno,Buena,S/D,Buen Tiempo,S/D,S/D,Cañda ocupante,Ninguna,Vertical,Ninguna,Sin restricción,"-32.96686, -60.64622",['Entre Rios 2586'],1,,-32.96686,-60.64622,55.0,538.0,Municipio Rosario,Municipio,Rosario,820210,Servicio de Catastro e Información Territorial,IGN
2020,444,2020-01-23,Jueves,,08:00:00,,0.0,2,"Moto/Ciclomotor,Automóvil",Melincue Y Av. Battle y Ordo�ez,3,2,0,0,1,0,0,"-33.00889, -60.64758",Calle,,ROSARIO,Rosario,Asfalto,No existe,II,Dentro,Urbana,Ninguna,No existe,Intersección,Con baches,Buena,Diurna,Buen Tiempo,Lateral,S/D,Colisión,Ninguna,Faltante,Ninguna,Sin restricción,"-33.00889, -60.64758","['Melincué', 'Avenida Battle y Ordoñez']",2,,-33.00889,-60.64758,55.0,538.0,Municipio Rosario,Municipio,Rosario,820210,Servicio de Catastro e Información Territorial,IGN
2020,447,2020-02-21,Viernes,,08:30:00,,0.0,2,"Moto/Ciclomotor,Automóvil",España Y Riobamba,2,1,0,0,1,0,0,"-32.961552, -60.650775",Calle,,ROSARIO,Rosario,Asfalto,No existe,II,Dentro,Urbana,Ninguna,No existe,Intersección,S/D,Buena,Diurna,Buen Tiempo,Lateral,S/D,Colisión,Ninguna,Faltante,Ninguna,Sin restricción,"-32.961552, -60.650775","['España', 'Riobamba']",2,,-32.961552,-60.650775,55.0,538.0,Municipio Rosario,Municipio,Rosario,820210,Servicio de Catastro e Información Territorial,IGN
2020,449,2020-01-23,Jueves,,18:05:00,,0.0,2,"Moto/Ciclomotor,Automóvil",Av. Arijon Y Av. Castro Barros,3,2,0,0,1,0,0,"-33.00245, -60.62942",Avenida,,ROSARIO,Rosario,Asfalto,No existe,II,Dentro,Urbana,Ninguna,No existe,Intersección,Bueno,Buena,Diurna,Buen Tiempo,Lateral,S/D,Colisión,Ninguna,Faltante,Ninguna,Sin restricción,"-33.00245, -60.62942","['Avenida Manuel Arijón', 'Castro Barros']",2,,-33.00245,-60.62942,55.0,538.0,Municipio Rosario,Municipio,Rosario,820210,Servicio de Catastro e Información Territorial,IGN
2020,452,2020-01-23,Jueves,,14:00:00,,0.0,2,"Moto/Ciclomotor,Automóvil",Dorrego Y Biedma,4,3,0,0,1,0,0,"-32.97939, -60.65802",Calle,,ROSARIO,Rosario,Asfalto,No existe,II,Dentro,Urbana,Ninguna,No existe,Intersección,Bueno,Buena,Diurna,Buen Tiempo,Lateral,S/D,Colisión,Ninguna,Faltante,Ninguna,Sin restricción,"-32.97939, -60.65802","['Dorrego', 'Coronel Biedma']",2,,-32.97939,-60.65802,55.0,538.0,Municipio Rosario,Municipio,Rosario,820210,Servicio de Catastro e Información Territorial,IGN
2020,453,2020-02-21,Viernes,,14:50:00,,0.0,2,"Bicicleta,Automóvil",Buenos Aires Y 9 De Julio,2,1,0,0,1,0,0,"-32.954912, -60.634634",Calle,,ROSARIO,Rosario,Asfalto,No existe,II,Dentro,Urbana,Ninguna,No existe,Intersección,Bueno,Buena,Diurna,S/D,S/D,Ciclista,Atropello,Ninguna,Faltante,Ninguna,Sin restricción,"-32.954912, -60.634634","['Buenos Aires', '9 de Julio']",2,,-32.954912,-60.634634,55.0,538.0,Municipio Rosario,Municipio,Rosario,820210,Servicio de Catastro e Información Territorial,IGN
2020,462,2020-02-22,Sabado,,13:35:00,,0.0,2,"Moto/Ciclomotor,Automóvil",Mariano Moreno Y Bv. 27 De Febrero,2,2,0,0,0,0,0,"-32.965433, -60.656013",Avenida,,ROSARIO,Rosario,Asfalto,No existe,II,Dentro,Urbana,Ninguna,No existe,Recta,Bueno,Buena,Diurna,Buen Tiempo,Lateral,S/D,Colisión,Ninguna,Faltante,Ninguna,Sin restricción,"-32.965433, -60.656013","['Mariano Moreno', '27 de Febrero']",2,,-32.965433,-60.656013,55.0,538.0,Municipio Rosario,Municipio,Rosario,820210,Servicio de Catastro e Información Territorial,IGN
2020,469,2020-02-21,Viernes,,09:45:00,,0.0,2,"Peatón,Moto/Ciclomotor",Bv. Oroño Y 3 De Febrero,2,1,0,0,1,0,0,"-32.950115, -60.654845",Avenida,,ROSARIO,Rosario,Asfalto,No existe,II,Dentro,Urbana,Semáforo,Funciona,Intersección,Bueno,Buena,Diurna,S/D,S/D,Peatón,Atropello,Ninguna,"Horizontal,Vertical",Cordón divisorio,Sin restricción,"-32.950115, -60.654845","['Bulevar Nicasio Oroño', '3 de Febrero']",2,,-32.950115,-60.654845,55.0,538.0,Municipio Rosario,Municipio,Rosario,820210,Servicio de Catastro e Información Territorial,IGN
2020,475,2020-02-23,Domingo,,06:38:00,,0.0,2,"Bicicleta,Automóvil",Laprida Y 3 De Febrero,2,1,0,0,1,0,0,"-32.953513, -60.635672",Calle,,ROSARIO,Rosario,Asfalto,No existe,II,Dentro,Urbana,Señal Pare,No existe,Intersección,Bueno,Buena,"Amanecer,Con luz artificial",S/D,S/D,Ciclista,Atropello,Ninguna,"Horizontal,Vertical",Ninguna,Sin restricción,"-32.953513, -60.635672","['Laprida', '3 de Febrero']",2,,-32.953513,-60.635672,55.0,538.0,Municipio Rosario,Municipio,Rosario,820210,Servicio de Catastro e Información Territorial,IGN
2020,476,2020-01-07,Martes,,18:00:00,,0.0,2,"Moto/Ciclomotor,Otros",Av. Ovidio Lagos Y Cazadores,2,1,0,0,1,0,0,"-33.00487, -60.67624",Avenida,,ROSARIO,Rosario,Asfalto,No existe,II,Dentro,Urbana,S/D,S/D,Recta,Bueno,S/D,Diurna,Buen Tiempo,S/D,S/D,Colisión,Ninguna,S/D,Ninguna,Sin restricción,"-33.00487, -60.67624","['Avenida Ovidio Lagos', 'Cazadores']",2,,-33.00487,-60.67624,55.0,538.0,Municipio Rosario,Municipio,Rosario,820210,Servicio de Catastro e Información Territorial,IGN
2020,477,2020-01-06,Lunes,,08:00:00,,0.0,1,Moto/Ciclomotor, ,1,1,0,0,0,0,0,"-32.95643, -60.69418",S/D,,ROSARIO,Rosario,S/D,S/D,II,S/D,S/D,S/D,S/D,S/D,S/D,S/D,Diurna,S/D,S/D,S/D,S/D,S/D,S/D,S/D,S/D,"-32.95643, -60.69418",[''],0,,-32.95643,-60.69418,55.0,538.0,Municipio Rosario,Municipio,Rosario,820210,Servicio de Catastro e Información Territorial,IGN
2020,480,2020-01-05,Domingo,,04:00:00,,0.0,2,"Automóvil,Taxi/Remis",Av. Uriburu Y Av. Ovidio Lagos,3,1,0,0,2,0,0,"-32.99151, -60.67346",S/D,,ROSARIO,Rosario,S/D,S/D,II,S/D,Urbana,S/D,S/D,S/D,S/D,S/D,Nocturna,S/D,S/D,S/D,S/D,S/D,S/D,S/D,S/D,"-32.99151, -60.67346","['Uriburu', 'Avenida Ovidio Lagos']",2,,-32.99151,-60.67346,55.0,538.0,Municipio Rosario,Municipio,Rosario,820210,Servicio de Catastro e Información Territorial,IGN
2020,483,2020-01-03,Viernes,,13:30:00,,0.0,2,"Moto/Ciclomotor,Camión c / Acoplado",Av. Avellaneda B ,2,1,0,0,0,0,1,"-32.9684, -60.6866",Avenida,,ROSARIO,Rosario,S/D,S/D,II,S/D,Urbana,S/D,S/D,S/D,S/D,S/D,Diurna,S/D,S/D,S/D,S/D,S/D,S/D,S/D,S/D,"-32.9684, -60.6866",['Avellaneda B'],1,,-32.9684,-60.6866,55.0,538.0,Municipio Rosario,Municipio,Rosario,820210,Servicio de Catastro e Información Territorial,IGN
2020,484,2020-02-24,Lunes,,10:40:00,,0.0,2,"Automóvil,Moto/Ciclomotor",Balcarce Y Montevideo,2,1,0,0,1,0,0,"-32.953680, -60.654370",Calle,,ROSARIO,Rosario,Asfalto,No existe,II,Dentro,Urbana,Ninguna,No existe,Intersección,Otro,Buena,Diurna,Buen Tiempo,Lateral,S/D,Colisión,Ninguna,Faltante,Ninguna,Sin restricción,"-32.953680, -60.654370","['Balcarce', 'Montevideo']",2,,-32.95368,-60.65437,55.0,538.0,Municipio Rosario,Municipio,Rosario,820210,Servicio de Catastro e Información Territorial,IGN
2020,487,2020-01-01,Miercoles,,03:30:00,,0.0,2,"Transporte de Pasajeros Urbano (> 8 asientos),Moto/Ciclomotor",Av. Uriburu Y Callao,4,2,0,0,2,0,0,"-32.99144, -60.67246",Avenida,,ROSARIO,Rosario,Asfalto,No existe,II,S/D,Urbana,S/D,Funciona,Recta,Bueno,Buena,Nocturna,Buen Tiempo,S/D,S/D,Colisión,Ninguna,S/D,Ninguna,Sin restricción,"-32.99144, -60.67246","['Uriburu', 'Callao']",2,,-32.99144,-60.67246,55.0,538.0,Municipio Rosario,Municipio,Rosario,820210,Servicio de Catastro e Información Territorial,IGN
2020,489,2020-01-01,Miercoles,,01:00:00,,0.0,2,"Moto/Ciclomotor,Peatón",Dr.Rivas Y Pueyrredon,2,1,0,0,1,0,0,"-32.98021, -60.66671",Calle,,ROSARIO,Rosario,S/D,S/D,II,S/D,Urbana,S/D,S/D,S/D,S/D,S/D,Nocturna,S/D,S/D,Peatón,Atropello,S/D,S/D,S/D,S/D,"-32.98021, -60.66671","['Doctor Francisco Riva', 'Pueyrredón']",2,,-32.98021,-60.66671,55.0,538.0,Municipio Rosario,Municipio,Rosario,820210,Servicio de Catastro e Información Territorial,IGN
2020,491,2020-02-24,Lunes,,15:00:00,,0.0,2,"Automóvil,Moto/Ciclomotor",Tucuman 2852,2,1,0,0,1,0,0,"-32.937480, -60.661012",Calle,,ROSARIO,Rosario,Asfalto,No existe,II,Dentro,Urbana,Ninguna,No existe,Recta,Bueno,Buena,Diurna,Buen Tiempo,De alcance,S/D,Colisión,Ninguna,Faltante,S/D,Sin restricción,"-32.937480, -60.661012",['Tucuman 2852'],1,,-32.93748,-60.661012,55.0,538.0,Municipio Rosario,Municipio,Rosario,820210,Servicio de Catastro e Información Territorial,IGN
2020,497,2020-01-23,Jueves,,19:45:00,,0.0,2,"Moto/Ciclomotor,Automóvil",Av. Ovidio Lagos 6950,4,2,0,0,2,0,0,"-33.0189, -60.67947",Avenida,,ROSARIO,Rosario,Asfalto,No existe,II,S/D,Urbana,Ninguna,S/D,Recta,Bueno,Buena,Atardecer,Buen Tiempo,S/D,S/D,Colisión,Ninguna,S/D,Ninguna,Sin restricción,"-33.0189, -60.67947",['Ovidio Lagos 6950'],1,,-33.0189,-60.67947,55.0,538.0,Municipio Rosario,Municipio,Rosario,820210,Servicio de Catastro e Información Territorial,IGN
2020,505,2020-02-24,Lunes,,04:00:00,,0.0,2,"Automóvil,Moto/Ciclomotor",Bv. Avellaneda Y Santa Fe,2,1,0,0,1,0,0,"-32.937728, -60.678893",Avenida,,ROSARIO,Rosario,Asfalto,No existe,II,Dentro,Urbana,Ninguna,Funciona,Intersección,Bueno,Buena,Nocturna,Buen Tiempo,Lateral,S/D,Colisión,Ninguna,"Horizontal,Vertical","Cordón divisorio,Vegetación",Sin restricción,"-32.937728, -60.678893","['Avellaneda', 'Santa Fe']",2,,-32.937728,-60.678893,55.0,538.0,Municipio Rosario,Municipio,Rosario,820210,Servicio de Catastro e Información Territorial,IGN
2020,508,2020-02-26,Miercoles,,11:40:00,,0.0,2,"Taxi/Remis,Pickup/Utilitario",Pascual Rosas Y Rioja,3,1,0,0,2,0,0,"-32.939024, -60.686240",Calle,,ROSARIO,Rosario,Asfalto,No existe,II,Dentro,Urbana,Ninguna,No existe,Intersección,Bueno,Buena,Diurna,Buen Tiempo,Lateral,S/D,Colisión,Ninguna,Faltante,Ninguna,Sin restricción,"-32.939024, -60.686240","['Pascual Rosas', 'Rioja']",2,,-32.939024,-60.68624,55.0,538.0,Municipio Rosario,Municipio,Rosario,820210,Servicio de Catastro e Información Territorial,IGN
2020,513,2020-02-02,Domingo,,21:00:00,,0.0,2,"Automóvil,Automóvil",Av. Francia Y Av. Pellegrini,2,1,0,0,1,0,0,"-32.952439492342,-60.668385091878",Avenida,,ROSARIO,Rosario,Asfalto,No existe,II,Dentro,Urbana,Semáforo,Funciona,Intersección,Bueno,Buena,Diurna,Buen Tiempo,S/D,S/D,Colisión,Ninguna,"Horizontal,Vertical","Cordón divisorio,Vegetación,Línea divisoria pintada",Sin restricción,"-32.952439492342,-60.668385091878","['Avenida Francia', 'Pellegrini']",2,,-32.952439492342,-60.668385091878,55.0,538.0,Municipio Rosario,Municipio,Rosario,820210,Servicio de Catastro e Información Territorial,IGN
2020,515,2020-02-21,Viernes,,18:30:00,,0.0,2,"Moto/Ciclomotor,Pickup/Utilitario",1 de Mayo Y 24 De Setiembre,2,1,0,0,1,0,0,"-32.981734445976,-60.638181338232",Calle,,ROSARIO,Rosario,Asfalto,No existe,II,Dentro,Urbana,Ninguna,No existe,Intersección,Bueno,Buena,Diurna,Buen Tiempo,Frontal,S/D,Colisión,Ninguna,Faltante,Ninguna,Sin restricción,"-32.981734445976,-60.638181338232","['Primero de Mayo', '24 de Septiembre']",2,,-32.981734445976,-60.638181338232,55.0,538.0,Municipio Rosario,Municipio,Rosario,820210,Servicio de Catastro e Información Territorial,IGN
2020,517,2020-02-22,Sabado,,17:00:00,,0.0,2,"Moto/Ciclomotor,Pickup/Utilitario",Buenos Aires Y Rueda,2,1,0,0,0,0,1,"-32.972016750015,-60.638885468531",Calle,,ROSARIO,Rosario,Asfalto,No existe,II,Dentro,Urbana,Señal Pare,No existe,Intersección,Bueno,Buena,Diurna,Buen Tiempo,De alcance,S/D,Colisión,Ninguna,Vertical,Ninguna,Sin restricción,"-32.972016750015,-60.638885468531","['Buenos Aires', 'Rueda']",2,,-32.972016750015,-60.638885468531,55.0,538.0,Municipio Rosario,Municipio,Rosario,820210,Servicio de Catastro e Información Territorial,IGN
2020,518,2020-02-22,Sabado,,19:00:00,,0.0,2,"Moto/Ciclomotor,Pickup/Utilitario",Av. Castro Barros Y Sanchez de Bustamante,2,1,0,0,1,0,0,"-33.001356656012,-60.629474280331",Avenida,,ROSARIO,Rosario,Asfalto,No existe,II,Dentro,Urbana,Ninguna,No existe,Intersección,Bueno,Buena,Atardecer,Buen Tiempo,Lateral,S/D,Colisión,Ninguna,Faltante,Ninguna,Sin restricción,"-33.001356656012,-60.629474280331","['Castro Barros', 'Sánchez de Bustamante']",2,,-33.001356656012,-60.629474280331,55.0,538.0,Municipio Rosario,Municipio,Rosario,820210,Servicio de Catastro e Información Territorial,IGN
2020,521,2020-02-20,Jueves,,18:15:00,,0.0,2,"Bicicleta,Automóvil",Gaboto Y Sarmiento,2,1,0,0,1,0,0,"-32.973335869716,-60.644921362694",Calle,,ROSARIO,Rosario,Asfalto,No existe,II,Dentro,Urbana,Señal Pare,No existe,Recta,Bueno,Buena,Diurna,Buen Tiempo,S/D,Ciclista,Atropello,Ninguna,Vertical,Ninguna,Sin restricción,"-32.973335869716,-60.644921362694","['Gaboto', 'Sarmiento']",2,,-32.973335869716,-60.644921362694,55.0,538.0,Municipio Rosario,Municipio,Rosario,820210,Servicio de Catastro e Información Territorial,IGN
2020,522,2020-02-22,Sabado,,16:35:00,,0.0,2,"Bicicleta,Automóvil",Bv. Segui Y L.N.Alem,2,1,0,0,1,0,0,"-32.980722975877,-60.636483679313",Avenida,,ROSARIO,Rosario,Asfalto,No existe,II,Dentro,Urbana,Ninguna,No existe,Intersección,Bueno,Buena,Diurna,Buen Tiempo,S/D,Ciclista,Atropello,Ninguna,Faltante,"Cordón divisorio,Vegetación",Sin restricción,"-32.980722975877,-60.636483679313","['Bulevar Juan Francisco Seguí', 'Alem']",2,,-32.980722975877,-60.636483679313,55.0,538.0,Municipio Rosario,Municipio,Rosario,820210,Servicio de Catastro e Información Territorial,IGN
2020,524,2020-02-20,Jueves,,16:15:00,,0.0,2,"Bicicleta,Moto/Ciclomotor",Leiva 6100,2,1,0,0,1,0,0,"-33.006995623505,-60.637747450951",Calle,,ROSARIO,Rosario,Asfalto,No existe,II,Dentro,Urbana,Ninguna,No existe,Intersección,Bueno,Buena,Diurna,Buen Tiempo,S/D,Ciclista,Atropello,Ninguna,Faltante,Ninguna,Sin restricción,"-33.006995623505,-60.637747450951",['Leiva 6100'],1,,-33.006995623505,-60.637747450951,55.0,538.0,Municipio Rosario,Municipio,Rosario,820210,Servicio de Catastro e Información Territorial,IGN
2020,526,2020-02-26,Miercoles,,08:30:00,,0.0,2,"Transporte de Pasajeros Urbano (> 8 asientos),Peatón",Mendoza Y Ricchieri,2,1,0,0,1,0,0,"-32.947144, -60.664093",Calle,,ROSARIO,Rosario,Asfalto,No existe,II,Dentro,Urbana,Ninguna,Funciona,Intersección,Bueno,Buena,Diurna,Buen Tiempo,S/D,Peatón,Atropello,S/D,"Horizontal,Vertical",Ninguna,Sin restricción,"-32.947144, -60.664093","['Mendoza', 'Ricchieri']",2,,-32.947144,-60.664093,55.0,538.0,Municipio Rosario,Municipio,Rosario,820210,Servicio de Catastro e Información Territorial,IGN
2020,528,2020-02-26,Miercoles,,21:45:00,,0.0,2,"Automóvil,Moto/Ciclomotor",L.N.Alem Y Montevideo,2,1,0,0,1,0,0,"-32.957879, -60.630775",Calle,,ROSARIO,Rosario,Asfalto,No existe,II,Dentro,Urbana,Ninguna,No existe,Intersección,Bueno,Buena,"Nocturna,Con luz artificial",Buen Tiempo,Lateral,S/D,Colisión,S/D,"Horizontal,Vertical",Ninguna,Sin restricción,"-32.957879, -60.630775","['Alem', 'Montevideo']",2,,-32.957879,-60.630775,55.0,538.0,Municipio Rosario,Municipio,Rosario,820210,Servicio de Catastro e Información Territorial,IGN
2020,530,2020-02-27,Jueves,,12:55:00,,0.0,2,"Automóvil,Moto/Ciclomotor",Mariano Moreno Y Viamonte,2,1,0,0,1,0,0,"-32.963104, -60.655334",Calle,,ROSARIO,Rosario,Asfalto,No existe,II,Dentro,Urbana,Ninguna,No existe,Intersección,Bueno,Buena,Diurna,Buen Tiempo,Lateral,S/D,Colisión,Ninguna,"Horizontal,Vertical",Ninguna,Sin restricción,"-32.963104, -60.655334","['Mariano Moreno', 'Viamonte']",2,,-32.963104,-60.655334,55.0,538.0,Municipio Rosario,Municipio,Rosario,820210,Servicio de Catastro e Información Territorial,IGN
2020,531,2020-02-20,Jueves,,10:15:00,,0.0,2,"Automóvil,Camión",Bv. Segui Y Sarmiento,2,1,0,0,1,0,0,"-32.978962429421,-60.646343767061",Avenida,,ROSARIO,Rosario,Asfalto,No existe,II,Dentro,Urbana,Señal Pare,No existe,Intersección,Bueno,Buena,Diurna,Buen Tiempo,Lateral,S/D,Colisión,Ninguna,"Horizontal,Vertical","Cordón divisorio,Vegetación",Sin restricción,"-32.978962429421,-60.646343767061","['Bulevar Juan Francisco Seguí', 'Sarmiento']",2,,-32.978962429421,-60.646343767061,55.0,538.0,Municipio Rosario,Municipio,Rosario,820210,Servicio de Catastro e Información Territorial,IGN
2020,532,2020-02-20,Jueves,,15:35:00,,0.0,1,Moto/Ciclomotor,Av. Battle y Ordo�ez Y Laprida,3,2,0,0,1,0,0,"-33.00887338721,-60.64672344202",Avenida,,ROSARIO,Rosario,Asfalto,No existe,II,Dentro,Urbana,Semáforo,Funciona,Intersección,Bueno,Buena,Diurna,Buen Tiempo,S/D,S/D,Cañda ocupante,Ninguna,"Horizontal,Vertical",Línea divisoria pintada,Sin restricción,"-33.00887338721,-60.64672344202","['Avenida Battle y Ordoñez', 'Laprida']",2,,-33.00887338721,-60.64672344202,55.0,538.0,Municipio Rosario,Municipio,Rosario,820210,Servicio de Catastro e Información Territorial,IGN
2020,533,2020-02-27,Jueves,,19:30:00,,0.0,2,"Automóvil,Moto/Ciclomotor",Bv. Oroño Y Lugones,3,2,0,0,1,0,0,"-32.958292, -60.656864",Avenida,,ROSARIO,Rosario,Asfalto,No existe,II,Dentro,Urbana,Ninguna,No existe,Intersección,Bueno,Buena,"Atardecer,Con luz artificial",Buen Tiempo,Lateral,S/D,Colisión,Ninguna,Horizontal,Cordón divisorio,Sin restricción,"-32.958292, -60.656864","['Bulevar Nicasio Oroño', 'Lugones']",2,,-32.958292,-60.656864,55.0,538.0,Municipio Rosario,Municipio,Rosario,820210,Servicio de Catastro e Información Territorial,IGN
2020,534,2020-02-08,Sabado,,19:00:00,,0.0,2,"Moto/Ciclomotor,Automóvil",Hilarion de la Quintana Y San Martin,2,1,0,0,1,0,0,"-32.982898368337,-60.645082671165",Calle,,ROSARIO,Rosario,Asfalto,No existe,II,Dentro,Urbana,Señal Pare,No existe,Intersección,Bueno,Buena,Atardecer,Buen Tiempo,Lateral,S/D,Colisión,Ninguna,"Horizontal,Vertical","Cordón divisorio,Vegetación,Línea divisoria pintada",Sin restricción,"-32.982898368337,-60.645082671165","['Hilarión de la Quintana', 'San Martin']",2,,-32.982898368337,-60.645082671165,55.0,538.0,Municipio Rosario,Municipio,Rosario,820210,Servicio de Catastro e Información Territorial,IGN
2020,535,2020-02-01,Sabado,,07:00:00,,0.0,2,"Taxi/Remis,Moto/Ciclomotor",Mendoza Y Paraguay,3,2,0,0,1,0,0,"-32.950584, -60.645018",Calle,,ROSARIO,Rosario,Asfalto,No existe,II,Dentro,Urbana,Semáforo,Funciona,Intersección,Bueno,Buena,"Amanecer,Con luz artificial",Buen Tiempo,Lateral,S/D,Colisión,Ninguna,"Horizontal,Vertical",Ninguna,Sin restricción,"-32.950584, -60.645018","['Mendoza', 'Paraguay']",2,,-32.950584,-60.645018,55.0,538.0,Municipio Rosario,Municipio,Rosario,820210,Servicio de Catastro e Información Territorial,IGN
2020,539,2020-01-14,Martes,,19:05:00,,0.0,2,"Moto/Ciclomotor,Moto/Ciclomotor",J.B.Justo Y Bolivia Bis,2,1,0,0,0,0,1,"-32.91503, -60.71576",Calle,,ROSARIO,Rosario,Asfalto,S/D,II,S/D,Urbana,S/D,S/D,Recta,Bueno,S/D,Nocturna,Buen Tiempo,Lateral,S/D,Colisión,Ninguna,S/D,S/D,S/D,"-32.91503, -60.71576","['Justo', 'Bolivia']",2,,-32.91503,-60.71576,55.0,538.0,Municipio Rosario,Municipio,Rosario,820210,Servicio de Catastro e Información Territorial,IGN
2020,540,2020-01-13,Lunes,,10:20:00,,0.0,2,"Moto/Ciclomotor,Automóvil",Av. Eva Peron ,2,0,1,0,0,0,1,"-32.93144, -60.72181",Calle,,ROSARIO,Rosario,S/D,S/D,II,S/D,Urbana,Semáforo,Funciona,S/D,S/D,Buena,Diurna,Otro,S/D,S/D,Colisión,S/D,S/D,Cordón divisorio,Sin restricción,"-32.93144, -60.72181",['Eva Peron'],1,,-32.93144,-60.72181,55.0,538.0,Municipio Rosario,Municipio,Rosario,820210,Servicio de Catastro e Información Territorial,IGN
2020,541,2020-01-08,Miercoles,,07:00:00,,0.0,2,"Moto/Ciclomotor,Moto/Ciclomotor",Jose Ingenieros Y Dr.G.Colombres,2,1,0,0,1,0,0,"-32.9176, -60.73036",Calle,,ROSARIO,Rosario,Asfalto,Pavimento,II,Dentro,Urbana,Ninguna,No existe,Recta,Bueno,Buena,Diurna,Otro,De alcance,S/D,Colisión,Ninguna,Faltante,Ninguna,Sin restricción,"-32.9176, -60.73036","['José Ingenieros', 'Doctor G. Colombres']",2,,-32.9176,-60.73036,55.0,538.0,Municipio Rosario,Municipio,Rosario,820210,Servicio de Catastro e Información Territorial,IGN
2020,542,2020-01-08,Miercoles,,10:40:00,,0.0,2,"Automóvil,Moto/Ciclomotor",J.J.Paso Y Pje. Cafayate Bis,2,1,0,0,1,0,0,"-32.92016, -60.71055",Avenida,,ROSARIO,Rosario,Asfalto,No existe,II,Dentro,Urbana,Ninguna,No existe,Intersección,Bueno,Buena,Diurna,Buen Tiempo,Otro,S/D,Colisión,Ninguna,S/D,Ninguna,Sin restricción,"-32.92016, -60.71055","['Paso', 'Cafayate']",2,,-32.92016,-60.71055,55.0,538.0,Municipio Rosario,Municipio,Rosario,820210,Servicio de Catastro e Información Territorial,IGN