anio_acci,nro_acci,fecha,desc_dia,fecha_aprox,hora_aprox,desc_ruta,km,cant_participantes,desc_participante,calle_avenida_km,total,heridos_leves,heridos_graves,heridos_gravisimos,ilesos,fallecidos,sin_datos,posicion_XY,desc_tipo_via,desc_ruta_ori,desc_loc,desc_dpto,desc_tipo_calzada,desc_tipo_banquina,desc_unidad_regional,desc_lugar_calzada,desc_zona,desc_prioridad,desc_estado_semaforo,desc_lugar_via,desc_estado_via,desc_estado_visibilidad,desc_luminosidad,desc_estado_clima,desc_tipo_colision,desc_tipo_atropello,desc_tipo_hecho,desc_pres_calzada,desc_senializacion,desc_separacion_via,desc_restriccion,forma_geocod,calle_lista,numero_calles,calles_osm,lat,lon,index_right,gid,fna,gna,nam,in1,fdc,sag
2020,543,2020-01-09,Jueves,,22:35:00,,0.0,2,"Moto/Ciclomotor,Bicicleta",Av. Sorrento Y Cullen,2,2,0,0,0,0,0,"-32.90787,-60.71048",Avenida,,ROSARIO,Rosario,S/D,Natural,II,Dentro,Urbana,Ninguna,No existe,Intersección,Bueno,Buena,Con luz artificial,Buen Tiempo,Otro,S/D,Colisión,Ninguna,Faltante,Ninguna,Sin restricción,"-32.90787,-60.71048","['Sorrento', 'Cullen']",2,,-32.90787,-60.71048,55.0,538.0,Municipio Rosario,Municipio,Rosario,820210,Servicio de Catastro e Información Territorial,IGN
2020,544,2020-01-14,Martes,,18:10:00,,0.0,2,"Moto/Ciclomotor,Taxi/Remis",Bv. 27 De Febrero Y Suipacha,3,0,2,0,1,0,0,"-32.96292, -60.66949",Calle,,ROSARIO,Rosario,Asfalto,No existe,II,S/D,Urbana,Semáforo,Funciona,Intersección,Bueno,Buena,Diurna,Buen Tiempo,S/D,S/D,Colisión,Ninguna,Vertical,Ninguna,Sin restricción,"-32.96292, -60.66949","['27 de Febrero', 'Suipacha']",2,,-32.96292,-60.66949,55.0,538.0,Municipio Rosario,Municipio,Rosario,820210,Servicio de Catastro e Información Territorial,IGN
2020,545,2020-01-13,Lunes,,17:20:00,,0.0,2,"Moto/Ciclomotor,Moto/Ciclomotor",Av. Genova Y Pje. Aguapey Bis,3,2,0,0,0,0,1,"-32.91583, -60.70573",Avenida,,ROSARIO,Rosario,Asfalto,No existe,II,Dentro,Urbana,S/D,No existe,Intersección,Bueno,Buena,Diurna,Buen Tiempo,Otro,S/D,Colisión,Ninguna,Faltante,Ninguna,Sin restricción,"-32.91583, -60.70573","['Genova', 'Aguapey']",2,,-32.91583,-60.70573,55.0,538.0,Municipio Rosario,Municipio,Rosario,820210,Servicio de Catastro e Información Territorial,IGN
2020,546,2020-01-08,Miercoles,,03:40:00,,0.0,2,"Moto/Ciclomotor,Automóvil",Mendoza Y Av. Circunvalacion,3,0,2,0,0,0,1,"-32.94059, -60.72248",Calle,,ROSARIO,Rosario,Asfalto,S/D,II,Dentro,Urbana,S/D,Intermitente,Recta,Bueno,Buena,"Nocturna,Con luz artificial",S/D,S/D,S/D,Colisión,Ninguna,Horizontal,Cordón divisorio,Sin restricción,"-32.94059, -60.72248","['Mendoza', 'Circunvalacion']",2,,-32.94059,-60.72248,55.0,538.0,Municipio Rosario,Municipio,Rosario,820210,Servicio de Catastro e Información Territorial,IGN
2020,554,2020-01-10,Viernes,,15:25:00,,0.0,2,"Moto/Ciclomotor,Automóvil",Av. Corrientes Y Olegario V.Andrade,2,1,0,0,1,0,0,"-32.99602, -60.6535",Calle,,ROSARIO,Rosario,Asfalto,No existe,II,Dentro,Urbana,Ninguna,No existe,Intersección,Bueno,Buena,Diurna,Buen Tiempo,De alcance,S/D,Colisión,Ninguna,Faltante,Ninguna,Sin restricción,"-32.99602, -60.6535","['Corrientes', 'Olegario V Andrade']",2,,-32.99602,-60.6535,55.0,538.0,Municipio Rosario,Municipio,Rosario,820210,Servicio de Catastro e Información Territorial,IGN
2020,555,2020-01-12,Domingo,,,,0.0,1,Moto/Ciclomotor,Bv. Oroño Y Av. Battle y Ordo�ez,2,2,0,0,0,0,0,"-33.00929, -60.66493",Avenida,,ROSARIO,Rosario,Asfalto,No existe,II,S/D,Urbana,Ninguna,S/D,Recta,Bueno,Buena,Diurna,Buen Tiempo,Contra objeto fijo,S/D,Colisión,Ninguna,S/D,Ninguna,Sin restricción,"-33.00929, -60.66493","['Bulevar Nicasio Oroño', 'Avenida Battle y Ordoñez']",2,,-33.00929,-60.66493,55.0,538.0,Municipio Rosario,Municipio,Rosario,820210,Servicio de Catastro e Información Territorial,IGN
2020,559,2020-01-11,Sabado,,15:20:00,,0.0,2,"Moto/Ciclomotor,Peatón",Melian ,2,1,1,0,0,0,0,"-33.015019957995, -60.659066375883",Calle,,ROSARIO,Rosario,S/D,No existe,II,S/D,Urbana,S/D,No existe,Recta,Bueno,S/D,Diurna,Buen Tiempo,S/D,Peatón,Atropello,Ninguna,S/D,S/D,Sin restricción,"-33.015019957995, -60.659066375883",['José Melian'],1,,-33.015019957995,-60.659066375883,55.0,538.0,Municipio Rosario,Municipio,Rosario,820210,Servicio de Catastro e Información Territorial,IGN
2020,563,2020-01-11,Sabado,,18:00:00,,0.0,2,"Pickup/Utilitario,Bicicleta",Bv. Segui Y Vera Mujica,2,1,0,0,1,0,0,"-32.97401, -60.67518",Avenida,,ROSARIO,Rosario,Asfalto,S/D,II,S/D,Urbana,S/D,S/D,Recta,Bueno,S/D,Diurna,Buen Tiempo,S/D,Ciclista,Atropello,Ninguna,S/D,Ninguna,Sin restricción,"-32.97401, -60.67518","['Bulevar Juan Francisco Seguí', 'Vera Mujíca']",2,,-32.97401,-60.67518,55.0,538.0,Municipio Rosario,Municipio,Rosario,820210,Servicio de Catastro e Información Territorial,IGN
2020,564,2020-01-09,Jueves,,22:40:00,,0.0,1,Bicicleta,Pje. Alcorta Y Pte.Quintana,1,1,0,0,0,0,0,"-32.97871, -60.66852",Calle,,ROSARIO,Rosario,Asfalto,S/D,II,S/D,Urbana,S/D,No existe,Recta,Bueno,S/D,Nocturna,Buen Tiempo,S/D,S/D,Cañda ocupante,Ninguna,S/D,S/D,S/D,"-32.97871, -60.66852","['Alcorta', 'Quintana']",2,,-32.97871,-60.66852,55.0,538.0,Municipio Rosario,Municipio,Rosario,820210,Servicio de Catastro e Información Territorial,IGN
2020,566,2020-02-20,Jueves,,07:30:00,,0.0,2,"Moto/Ciclomotor,Automóvil",Arteaga Y Patricios,2,1,0,0,1,0,0,"-33.010778250195,-60.643402202341",Calle,,ROSARIO,Rosario,Asfalto,No existe,II,Dentro,Urbana,Ninguna,No existe,Intersección,Bueno,Buena,Diurna,Buen Tiempo,Lateral,S/D,Colisión,Ninguna,Faltante,Ninguna,Sin restricción,"-33.010778250195,-60.643402202341","['Arteaga', 'Patricios']",2,,-33.010778250195,-60.643402202341,55.0,538.0,Municipio Rosario,Municipio,Rosario,820210,Servicio de Catastro e Información Territorial,IGN
2020,567,2020-01-10,Viernes,,20:05:00,,0.0,2,"Pickup/Utilitario,Moto/Ciclomotor",Av. Arijon Y Mariano Moreno,2,1,0,0,1,0,0,"-33.00347, -60.66194",Calle,,ROSARIO,Rosario,Asfalto,No existe,II,S/D,Urbana,S/D,S/D,Recta,Bueno,Buena,Nocturna,Buen Tiempo,Otro,S/D,Colisión,Ninguna,S/D,Ninguna,Sin restricción,"-33.00347, -60.66194","['Avenida Manuel Arijón', 'Mariano Moreno']",2,,-33.00347,-60.66194,55.0,538.0,Municipio Rosario,Municipio,Rosario,820210,Servicio de Catastro e Información Territorial,IGN
2020,569,2020-01-15,Miercoles,,06:40:00,,0.0,2,"Moto/Ciclomotor,Camión Chasis",Av. Arijon Y España,2,1,0,0,1,0,0,"-33.00331, -60.65763",Avenida,,ROSARIO,Rosario,Asfalto,S/D,II,S/D,Urbana,Ninguna,Funciona,Recta,Bueno,Buena,Diurna,Buen Tiempo,Otro,S/D,Colisión,Ninguna,S/D,Ninguna,Sin restricción,"-33.00331, -60.65763","['Avenida Manuel Arijón', 'España']",2,,-33.00331,-60.65763,55.0,538.0,Municipio Rosario,Municipio,Rosario,820210,Servicio de Catastro e Información Territorial,IGN
2020,572,2020-01-01,Miercoles,,15:45:00,,0.0,2,"Automóvil,Moto/Ciclomotor",Gurruchaga Y J.C.Paz,2,0,1,0,1,0,0,"-32.90459, -60.68669",S/D,,ROSARIO,Rosario,S/D,S/D,II,S/D,S/D,S/D,S/D,S/D,S/D,S/D,Diurna,S/D,S/D,S/D,S/D,S/D,S/D,S/D,S/D,"-32.90459, -60.68669","['Gurruchaga', 'Paz']",2,,-32.90459,-60.68669,55.0,538.0,Municipio Rosario,Municipio,Rosario,820210,Servicio de Catastro e Información Territorial,IGN
2020,600,2020-02-07,Viernes,,20:30:00,,0.0,2,"Bicicleta,Moto/Ciclomotor",Pje. R.Platini 1000,2,2,0,0,0,0,0,"-33.01488161087038,-60.652116537094",Calle,,ROSARIO,Rosario,Asfalto,No existe,II,Dentro,Urbana,Semáforo,Funciona,Recta,Bueno,Buena,Diurna,Buen Tiempo,S/D,Ciclista,Atropello,Ninguna,"Horizontal,Vertical",Ninguna,Sin restricción,"-33.01488161087038,-60.652116537094",['Pasaje R Platini 1000'],1,,-33.01488161087038,-60.652116537094,55.0,538.0,Municipio Rosario,Municipio,Rosario,820210,Servicio de Catastro e Información Territorial,IGN
2020,602,2020-01-30,Jueves,,14:00:00,,0.0,2,"Automóvil,Automóvil",San Lorenzo Y Matienzo,2,2,0,0,0,0,0,"-32.93402, -60.69494",Calle,,ROSARIO,Rosario,Asfalto,Pavimento,II,Dentro,Urbana,S/D,S/D,Recta,Bueno,S/D,Diurna,Buen Tiempo,Lateral,S/D,Colisión,S/D,S/D,S/D,Sin restricción,"-32.93402, -60.69494","['San Lorenzo', 'Matienzo']",2,,-32.93402,-60.69494,55.0,538.0,Municipio Rosario,Municipio,Rosario,820210,Servicio de Catastro e Información Territorial,IGN
2020,604,2020-02-03,Lunes,,15:45:00,,0.0,2,"Moto/Ciclomotor,Automóvil",Av. Arijon Y Ayacucho,2,1,0,0,1,0,0,"-33.0026229637,-60.635980351083",Avenida,,ROSARIO,Rosario,Asfalto,No existe,II,Dentro,Urbana,Semáforo,Funciona,Intersección,Bueno,Buena,Diurna,Buen Tiempo,Lateral,S/D,Colisión,Ninguna,"Horizontal,Vertical",Línea divisoria pintada,Sin restricción,"-33.0026229637,-60.635980351083","['Avenida Manuel Arijón', 'Ayacucho']",2,,-33.0026229637,-60.635980351083,55.0,538.0,Municipio Rosario,Municipio,Rosario,820210,Servicio de Catastro e Información Territorial,IGN
2020,609,2020-02-04,Martes,,19:00:00,,0.0,2,"Peatón,Automóvil",Sarmiento 3100,2,1,0,0,1,0,0,"-32.973335869716,-60.644921362694",Calle,,ROSARIO,Rosario,Asfalto,No existe,II,Dentro,Urbana,Señal Pare,No existe,Intersección,Bueno,Buena,Atardecer,Buen Tiempo,S/D,Peatón,Atropello,Ninguna,Vertical,Ninguna,Sin restricción,"-32.973335869716,-60.644921362694",['Sarmiento 3100'],1,,-32.973335869716,-60.644921362694,55.0,538.0,Municipio Rosario,Municipio,Rosario,820210,Servicio de Catastro e Información Territorial,IGN
2020,610,2020-01-03,Viernes,,11:30:00,,0.0,2,"Automóvil,Camión",Av. Uriburu ,3,3,0,0,0,0,0,"-32.99137, -60.66651",S/D,,ROSARIO,Rosario,S/D,S/D,II,S/D,S/D,S/D,S/D,S/D,S/D,S/D,Diurna,S/D,S/D,S/D,Colisión,S/D,S/D,S/D,S/D,"-32.99137, -60.66651",['Uriburu'],1,,-32.99137,-60.66651,55.0,538.0,Municipio Rosario,Municipio,Rosario,820210,Servicio de Catastro e Información Territorial,IGN
2020,612,2020-02-16,Domingo,,20:40:00,,0.0,2,"Moto/Ciclomotor,Automóvil",Ayacucho 4700,3,2,0,0,1,0,0,"-32.991462058069,-60.636944107136",Calle,,ROSARIO,Rosario,Asfalto,No existe,II,Dentro,Urbana,Ninguna,No existe,Intersección,Bueno,Buena,Nocturna,Buen Tiempo,Lateral,S/D,Colisión,Ninguna,"Horizontal,Vertical",Línea divisoria pintada,Sin restricción,"-32.991462058069,-60.636944107136",['Ayacucho 4700'],1,,-32.991462058069,-60.636944107136,55.0,538.0,Municipio Rosario,Municipio,Rosario,820210,Servicio de Catastro e Información Territorial,IGN
2020,616,2020-02-12,Miercoles,,12:30:00,,0.0,3,"Bicicleta,Bicicleta,Bicicleta",Ameghino Y San Martin,3,1,0,0,2,0,0,"-32.987539684356,-60.645946332267",Calle,,ROSARIO,Rosario,Asfalto,No existe,II,Dentro,Urbana,Semáforo,Funciona,Recta,Bueno,Buena,Diurna,Buen Tiempo,S/D,S/D,Colisión,Ninguna,"Horizontal,Vertical",Línea divisoria pintada,Sin restricción,"-32.987539684356,-60.645946332267","['Ameghino', 'San Martin']",2,,-32.987539684356,-60.645946332267,55.0,538.0,Municipio Rosario,Municipio,Rosario,820210,Servicio de Catastro e Información Territorial,IGN
2020,620,2020-01-27,Lunes,,19:30:00,,0.0,2,"Moto/Ciclomotor,Moto/Ciclomotor",Urquiza Y P.L.Funes,2,1,0,0,1,0,0,"    -32.93313, -60.7015",Calle,,ROSARIO,Rosario,Asfalto,S/D,II,Dentro,Urbana,S/D,S/D,Recta,Bueno,S/D,Atardecer,Buen Tiempo,S/D,S/D,Colisión,Ninguna,S/D,Cordón divisorio,Sin restricción,"    -32.93313, -60.7015","['Urquiza', 'Funes']",2,,-32.93313,-60.7015,55.0,538.0,Municipio Rosario,Municipio,Rosario,820210,Servicio de Catastro e Información Territorial,IGN
2020,622,2020-01-25,Sabado,,00:30:00,,0.0,2,"Moto/Ciclomotor,Pickup/Utilitario",Mendoza Y Tte.Agneta,2,1,0,0,1,0,0,"    -32.94083, -60.69981",Calle,,ROSARIO,Rosario,Asfalto,Pavimento,II,Dentro,Urbana,Paso Peatonal,Funciona,Intersección,Bueno,Buena,Nocturna,Buen Tiempo,Lateral,S/D,Colisión,Ninguna,S/D,Línea divisoria pintada,Sin restricción,"    -32.94083, -60.69981","['Mendoza', 'Teniente Agneta']",2,,-32.94083,-60.69981,55.0,538.0,Municipio Rosario,Municipio,Rosario,820210,Servicio de Catastro e Información Territorial,IGN
2020,624,2020-01-26,Domingo,,01:05:00,,0.0,2,"Moto/Ciclomotor,Automóvil",Ecuador Y San Lorenzo,5,2,0,0,3,0,0,"    -32.93462, -60.71527",Calle,,ROSARIO,Rosario,Asfalto,No existe,II,Dentro,Urbana,Ninguna,No existe,Intersección,Otro,Buena,Nocturna,Buen Tiempo,Lateral,S/D,Colisión,Ninguna,Faltante,Ninguna,Sin restricción,"    -32.93462, -60.71527","['Ecuador', 'San Lorenzo']",2,,-32.93462,-60.71527,55.0,538.0,Municipio Rosario,Municipio,Rosario,820210,Servicio de Catastro e Información Territorial,IGN
2020,626,2020-01-30,Jueves,,13:15:00,,0.0,2,"Moto/Ciclomotor,Camión Chasis",Donado Y Bv. Argentino,2,1,0,0,1,0,0,"    -32.92419, -60.72765",Avenida,,ROSARIO,Rosario,S/D,S/D,II,Dentro,Urbana,S/D,S/D,Intersección,S/D,S/D,Diurna,S/D,S/D,S/D,Colisión,S/D,S/D,S/D,S/D,"    -32.92419, -60.72765","['Donado', 'Argentino']",2,,-32.92419,-60.72765,55.0,538.0,Municipio Rosario,Municipio,Rosario,820210,Servicio de Catastro e Información Territorial,IGN
2020,630,2020-01-24,Viernes,,17:05:00,,0.0,2,"Moto/Ciclomotor,Bicicleta",J.M.de Rosas 272,3,3,0,0,0,0,0,"    -32.96875, -60.63656",Calle,,ROSARIO,Rosario,Asfalto,Pavimento,II,Dentro,Urbana,Ninguna,S/D,Recta,Bueno,Buena,Atardecer,Otro,S/D,S/D,Colisión,Otro,S/D,Ninguna,Sin restricción,"    -32.96875, -60.63656",['J M De Rosas 272'],1,,-32.96875,-60.63656,55.0,538.0,Municipio Rosario,Municipio,Rosario,820210,Servicio de Catastro e Información Territorial,IGN
2020,646,2020-01-10,Viernes,,07:00:00,,0.0,2,"Automóvil,Moto/Ciclomotor",Av. Pte.Peron Y Lima,2,0,1,0,1,0,0,"-32.95818, -60.68825",Avenida,,ROSARIO,Rosario,Asfalto,S/D,II,S/D,Urbana,S/D,S/D,Intersección,S/D,S/D,Nocturna,S/D,S/D,S/D,Colisión,S/D,S/D,S/D,S/D,"-32.95818, -60.68825","['Avenida Presidente Perón', 'Lima']",2,,-32.95818,-60.68825,55.0,538.0,Municipio Rosario,Municipio,Rosario,820210,Servicio de Catastro e Información Territorial,IGN
2020,656,2020-01-13,Lunes,,,,0.0,2,"Moto/Ciclomotor,Automóvil",Bv. Argentino 7800,3,2,0,0,1,0,0,"-32.92427, -60.73004",Avenida,,ROSARIO,Rosario,Asfalto,S/D,II,S/D,Urbana,S/D,S/D,Recta,S/D,S/D,S/D,S/D,S/D,S/D,Colisión,S/D,S/D,S/D,S/D,"-32.92427, -60.73004",['Argentino 7800'],1,,-32.92427,-60.73004,55.0,538.0,Municipio Rosario,Municipio,Rosario,820210,Servicio de Catastro e Información Territorial,IGN
2020,720,2020-02-07,Viernes,,17:00:00,,0.0,2,"Moto/Ciclomotor,Automóvil",Av. Pte.Peron Y Bv. 27 De Febrero,2,1,0,0,1,0,0,"-32.958511, -60.691637",Avenida,,ROSARIO,Rosario,Asfalto,No existe,II,Dentro,Urbana,Semáforo,Funciona,Recta,Bueno,Buena,Diurna,S/D,De alcance,S/D,Colisión,Ninguna,"Horizontal,Vertical","Cordón divisorio,Vegetación",Sin restricción,"-32.958511, -60.691637","['Avenida Presidente Perón', '27 de Febrero']",2,,-32.958511,-60.691637,55.0,538.0,Municipio Rosario,Municipio,Rosario,820210,Servicio de Catastro e Información Territorial,IGN
2020,723,2020-02-09,Domingo,,20:18:00,,0.0,2,"Peatón,Moto/Ciclomotor",Bv. Segui 5850,4,2,0,0,2,0,0,"-32.970774, -60.700937",Avenida,,ROSARIO,Rosario,Asfalto,No existe,II,Dentro,Urbana,Semáforo,Funciona,Recta,Bueno,Buena,"Nocturna,Con luz artificial",Buen Tiempo,S/D,Peatón,Atropello,Ninguna,"Horizontal,Vertical",Cordón divisorio,Sin restricción,"-32.970774, -60.700937",['Bulevar Juan Francisco Seguí 5850'],1,,-32.970774,-60.700937,55.0,538.0,Municipio Rosario,Municipio,Rosario,820210,Servicio de Catastro e Información Territorial,IGN
2020,726,2020-02-10,Lunes,,13:35:00,,0.0,2,"Automóvil,Moto/Ciclomotor",Av. Pellegrini Y Roullon,3,1,0,0,2,0,0,"-32.948348, -60.701935",Avenida,,ROSARIO,Rosario,Asfalto,No existe,II,Dentro,Urbana,Semáforo,Funciona,Intersección,Bueno,Buena,Diurna,Buen Tiempo,Lateral,S/D,Colisión,Ninguna,"Horizontal,Vertical",Ninguna,Sin restricción,"-32.948348, -60.701935","['Pellegrini', 'Alfredo Rouillón']",2,,-32.948348,-60.701935,55.0,538.0,Municipio Rosario,Municipio,Rosario,820210,Servicio de Catastro e Información Territorial,IGN
2020,729,2020-02-24,Lunes,,13:30:00,,0.0,2,"Moto/Ciclomotor,Moto/Ciclomotor",Campbell Y Gaboto,3,1,0,0,2,0,0,"-32.965009, -60.706992",Calle,,ROSARIO,Rosario,Asfalto,No existe,II,Dentro,Urbana,Ninguna,No existe,Intersección,Bueno,Buena,Diurna,Buen Tiempo,Lateral,S/D,Colisión,Ninguna,Faltante,Ninguna,Sin restricción,"-32.965009, -60.706992","['Campbell', 'Gaboto']",2,,-32.965009,-60.706992,55.0,538.0,Municipio Rosario,Municipio,Rosario,820210,Servicio de Catastro e Información Territorial,IGN
2020,730,2020-02-24,Lunes,,04:50:00,,0.0,1,Moto/Ciclomotor,Rivarola 7700,1,0,1,0,0,0,0,"-32.966176, -60.723572",Avenida,,ROSARIO,Rosario,Asfalto,No existe,II,Dentro,Urbana,Ninguna,Funciona,Recta,Bueno,Buena,"Nocturna,Con luz artificial",Buen Tiempo,S/D,S/D,Cañda ocupante,Ninguna,"Horizontal,Vertical",Ninguna,Sin restricción,"-32.966176, -60.723572",['Rivarola 7700'],1,,-32.966176,-60.723572,55.0,538.0,Municipio Rosario,Municipio,Rosario,820210,Servicio de Catastro e Información Territorial,IGN
2020,733,2020-02-01,Sabado,,16:55:00,,0.0,2,"Bicicleta,Automóvil",Av. Pte.Peron Y Roullon,2,1,0,0,1,0,0,"-32.963027, -60.701375",Avenida,,ROSARIO,Rosario,Asfalto,No existe,II,Dentro,Urbana,Semáforo,Funciona,Intersección,Bueno,Buena,Diurna,Buen Tiempo,S/D,Ciclista,Atropello,Ninguna,"Horizontal,Vertical",Ninguna,Sin restricción,"-32.963027, -60.701375","['Avenida Presidente Perón', 'Alfredo Rouillón']",2,,-32.963027,-60.701375,55.0,538.0,Municipio Rosario,Municipio,Rosario,820210,Servicio de Catastro e Información Territorial,IGN
2020,736,2020-02-01,Sabado,,03:00:00,,0.0,2,"Moto/Ciclomotor,Moto/Ciclomotor",Campbell Y Gaboto,4,1,1,0,0,0,2,"-32.964997, -60.707022",Calle,,ROSARIO,Rosario,Asfalto,No existe,II,Dentro,Urbana,Ninguna,No existe,Intersección,Bueno,Buena,Diurna,Buen Tiempo,"Contra objeto fijo,Lateral",S/D,Colisión,Ninguna,Faltante,Ninguna,Sin restricción,"-32.964997, -60.707022","['Campbell', 'Gaboto']",2,,-32.964997,-60.707022,55.0,538.0,Municipio Rosario,Municipio,Rosario,820210,Servicio de Catastro e Información Territorial,IGN
2020,737,2020-02-03,Lunes,,14:40:00,,0.0,2,"Automóvil,Moto/Ciclomotor",Av. Pellegrini Y Cullen,2,0,1,0,1,0,0,"-32.948470, -60.708729",Avenida,,ROSARIO,Rosario,Asfalto,No existe,II,Dentro,Urbana,Semáforo,Funciona,Recta,Bueno,Buena,Diurna,Buen Tiempo,Frontal,S/D,Colisión,Ninguna,"Horizontal,Vertical",Cordón divisorio,Sin restricción,"-32.948470, -60.708729","['Pellegrini', 'Cullen']",2,,-32.94847,-60.708729,55.0,538.0,Municipio Rosario,Municipio,Rosario,820210,Servicio de Catastro e Información Territorial,IGN
2020,739,2020-02-04,Martes,,21:10:00,,0.0,2,"Automóvil,Moto/Ciclomotor",Bv. Segui Y Camilo Aldao,3,2,0,0,1,0,0,"-32.970610, -60.694817",Avenida,,ROSARIO,Rosario,Asfalto,No existe,II,Dentro,Urbana,Semáforo,Intermitente,Intersección,Bueno,Reducida,"Nocturna,Con luz artificial",Buen Tiempo,Lateral,S/D,Colisión,Ninguna,"Horizontal,Vertical",Cordón divisorio,Sin restricción,"-32.970610, -60.694817","['Bulevar Juan Francisco Seguí', 'Camilo Aldao']",2,,-32.97061,-60.694817,55.0,538.0,Municipio Rosario,Municipio,Rosario,820210,Servicio de Catastro e Información Territorial,IGN
2020,741,2020-02-05,Miercoles,,09:15:00,,0.0,2,"Automóvil,Moto/Ciclomotor",Amenabar Y Roullon,2,1,0,0,1,0,0,"-32.963684, -60.701302",Avenida,,ROSARIO,Rosario,Asfalto,No existe,II,Dentro,Urbana,Ninguna,No existe,Intersección,Bueno,Buena,Diurna,Buen Tiempo,Lateral,S/D,Colisión,Ninguna,Faltante,"Cordón divisorio,Vegetación",Sin restricción,"-32.963684, -60.701302","['Amenabar', 'Alfredo Rouillón']",2,,-32.963684,-60.701302,55.0,538.0,Municipio Rosario,Municipio,Rosario,820210,Servicio de Catastro e Información Territorial,IGN
2020,743,2020-02-08,Sabado,,21:50:00,,0.0,2,"Moto/Ciclomotor,Automóvil",Av. Provincias Unidas Y Pasco,2,0,1,0,1,0,0,"-32.950969, -60.712263",Avenida,,ROSARIO,Rosario,Asfalto,No existe,II,Dentro,Urbana,Semáforo,Funciona,Intersección,Bueno,Buena,"Nocturna,Con luz artificial",Buen Tiempo,De alcance,S/D,Colisión,Ninguna,"Horizontal,Vertical",Cordón divisorio,Sin restricción,"-32.950969, -60.712263","['Avenida Provincias Unidas', 'Pasco']",2,,-32.950969,-60.712263,55.0,538.0,Municipio Rosario,Municipio,Rosario,820210,Servicio de Catastro e Información Territorial,IGN
2020,744,2020-02-11,Martes,,13:40:00,,0.0,2,"Moto/Ciclomotor,Pickup/Utilitario",Roullon 4300,2,0,1,0,1,0,0,"-32.979611, -60.700822",Avenida,,ROSARIO,Rosario,Asfalto,No existe,II,Dentro,Urbana,Ninguna,No existe,Intersección,Bueno,Buena,Diurna,Buen Tiempo,Lateral,S/D,Colisión,Ninguna,Faltante,Ninguna,Sin restricción,"-32.979611, -60.700822",['Alfredo Rouillón 4300'],1,,-32.979611,-60.700822,55.0,538.0,Municipio Rosario,Municipio,Rosario,820210,Servicio de Catastro e Información Territorial,IGN
2020,748,2020-02-01,Sabado,,02:15:00,,0.0,1,Automóvil,Av. Provincias Unidas Y Bv. 27 De Febrero,1,0,1,0,0,0,0,"-32.95927941799165,-60.711798369884",Avenida,,ROSARIO,Rosario,Asfalto,No existe,II,Dentro,Urbana,Semáforo,Funciona,Recta,Otro,Reducida,Nocturna,Otro,Contra objeto fijo,S/D,Colisión,Otro,"Horizontal,Vertical",Cordón divisorio,Sin restricción,"-32.95927941799165,-60.711798369884","['Avenida Provincias Unidas', '27 de Febrero']",2,,-32.95927941799165,-60.711798369884,55.0,538.0,Municipio Rosario,Municipio,Rosario,820210,Servicio de Catastro e Información Territorial,IGN
2020,749,2020-02-03,Lunes,,09:00:00,,0.0,2,"Moto/Ciclomotor,Automóvil",Bv. Rondeau 2100,2,1,0,0,1,0,0,"-32.893284850536,-60.692488683521",Avenida,,ROSARIO,Rosario,Asfalto,No existe,II,Dentro,Urbana,Ninguna,No existe,Intersección,Bueno,Buena,Diurna,Buen Tiempo,S/D,S/D,Cañda ocupante,Ninguna,Faltante,Ninguna,Sin restricción,"-32.893284850536,-60.692488683521",['Rondeau 2100'],1,,-32.893284850536,-60.692488683521,55.0,538.0,Municipio Rosario,Municipio,Rosario,820210,Servicio de Catastro e Información Territorial,IGN
2020,751,2020-02-09,Domingo,,22:35:00,,0.0,1,Moto/Ciclomotor,AV PTE PERON  Y JUAN PABLO II ,2,0,2,0,0,0,0,"-32.970335, -60.715933",Avenida,,ROSARIO,Rosario,Asfalto,No existe,II,Dentro,Urbana,Semáforo,Funciona,Intersección,Bueno,Reducida,Nocturna,Buen Tiempo,S/D,S/D,Vuelco,Ninguna,"Horizontal,Vertical","Cordón divisorio,Vegetación",Sin restricción,"-32.970335, -60.715933","['Avenida Presidente Perón', 'Juan Pablo II']",2,,-32.970335,-60.715933,55.0,538.0,Municipio Rosario,Municipio,Rosario,820210,Servicio de Catastro e Información Territorial,IGN
2020,757,2020-02-05,Miercoles,,11:10:00,,0.0,2,"Automóvil,Bicicleta",Liniers Y Pje. Estudiante Aguilar,3,1,0,0,2,0,0,"-32.955926, -60.697917",Calle,,ROSARIO,Rosario,Asfalto,No existe,II,Dentro,Urbana,Ninguna,No existe,Recta,Con baches,Buena,Diurna,Buen Tiempo,S/D,Peatón,Atropello,Ninguna,Faltante,Ninguna,Sin restricción,"-32.955926, -60.697917","['Liniers', 'Estudiante Aguilar']",2,,-32.955926,-60.697917,55.0,538.0,Municipio Rosario,Municipio,Rosario,820210,Servicio de Catastro e Información Territorial,IGN