anio_acci,nro_acci,fecha,desc_dia,fecha_aprox,hora_aprox,desc_ruta,km,cant_participantes,desc_participante,calle_avenida_km,total,heridos_leves,heridos_graves,heridos_gravisimos,ilesos,fallecidos,sin_datos,posicion_XY,desc_tipo_via,desc_ruta_ori,desc_loc,desc_dpto,desc_tipo_calzada,desc_tipo_banquina,desc_unidad_regional,desc_lugar_calzada,desc_zona,desc_prioridad,desc_estado_semaforo,desc_lugar_via,desc_estado_via,desc_estado_visibilidad,desc_luminosidad,desc_estado_clima,desc_tipo_colision,desc_tipo_atropello,desc_tipo_hecho,desc_pres_calzada,desc_senializacion,desc_separacion_via,desc_restriccion,forma_geocod,calle_lista,numero_calles,calles_osm,lat,lon,index_right,gid,fna,gna,nam,in1,fdc,sag
2020,765,2020-02-10,Lunes,,17:05:00,,0.0,2,"Automóvil,Moto/Ciclomotor",Iriondo 1859,3,0,2,0,1,0,0,"-32.953485, -60.672857",Calle,,ROSARIO,Rosario,Asfalto,No existe,II,Dentro,Urbana,Ninguna,No existe,Recta,Bueno,Buena,Diurna,Buen Tiempo,Lateral,S/D,Colisión,Ninguna,Faltante,Ninguna,Sin restricción,"-32.953485, -60.672857",['Iriondo 1859'],1,,-32.953485,-60.672857,55.0,538.0,Municipio Rosario,Municipio,Rosario,820210,Servicio de Catastro e Información Territorial,IGN
2020,770,2020-01-27,Lunes,,20:10:00,,0.0,2,"Moto/Ciclomotor,Moto/Ciclomotor",Av. Uriburu Y Rodriguez,3,1,0,0,2,0,0,"    -32.99151, -60.67101",Calle,,ROSARIO,Rosario,Hormigón,No existe,II,S/D,Urbana,Ninguna,S/D,Recta,Con baches,Buena,Nocturna,Buen Tiempo,Otro,S/D,Colisión,Ninguna,S/D,Ninguna,Sin restricción,"    -32.99151, -60.67101","['Uriburu', 'Rodríguez']",2,,-32.99151,-60.67101,55.0,538.0,Municipio Rosario,Municipio,Rosario,820210,Servicio de Catastro e Información Territorial,IGN
2020,771,2020-02-12,Miercoles,,16:30:00,,0.0,2,"Moto/Ciclomotor,Pickup/Utilitario",Tte.Agneta 2500,2,1,0,0,1,0,0,"-32.957697, -60.699161",Calle,,ROSARIO,Rosario,Asfalto,No existe,II,Dentro,Urbana,Ninguna,No existe,Intersección,Bueno,Buena,Diurna,Buen Tiempo,Lateral,S/D,Colisión,Otro,Faltante,Ninguna,Sin restricción,"-32.957697, -60.699161",['Tenienteagneta 2500'],1,,-32.957697,-60.699161,55.0,538.0,Municipio Rosario,Municipio,Rosario,820210,Servicio de Catastro e Información Territorial,IGN
2020,774,2020-02-12,Miercoles,,21:05:00,,0.0,2,"Moto/Ciclomotor,Automóvil",AV CISNEROS  Y CALLE 1814,2,1,0,0,1,0,0,"-32.978459, -60.693916",Avenida,,ROSARIO,Rosario,Asfalto,No existe,II,Dentro,Urbana,Ninguna,No existe,Intersección,Con baches,Reducida,"Nocturna,Con luz artificial",Buen Tiempo,Lateral,S/D,Colisión,Otro,Faltante,S/D,Sin restricción,"-32.978459, -60.693916","['Cisnero', 'Calle 1814']",2,,-32.978459,-60.693916,55.0,538.0,Municipio Rosario,Municipio,Rosario,820210,Servicio de Catastro e Información Territorial,IGN
2020,776,2020-02-13,Jueves,,12:10:00,,0.0,2,"Bicicleta,Pickup/Utilitario",Av. Pellegrini 5600,2,1,0,0,1,0,0,"-32.948311, -60.699451",Avenida,,ROSARIO,Rosario,Asfalto,No existe,II,Dentro,Urbana,Ninguna,No existe,Recta,Bueno,Buena,Diurna,Buen Tiempo,S/D,Ciclista,Atropello,Ninguna,Horizontal,Ninguna,Sin restricción,"-32.948311, -60.699451",['Pellegrini 5600'],1,,-32.948311,-60.699451,55.0,538.0,Municipio Rosario,Municipio,Rosario,820210,Servicio de Catastro e Información Territorial,IGN
2020,779,2020-02-14,Viernes,,07:00:00,,0.0,2,"Moto/Ciclomotor,Pickup/Utilitario",Av. Pte.Peron 6100,2,0,1,0,1,0,0,"-32.965150, -60.705855",Avenida,,ROSARIO,Rosario,Asfalto,S/D,II,Dentro,Urbana,Semáforo,Funciona,Intersección,Bueno,Buena,Diurna,Buen Tiempo,Lateral,S/D,Colisión,Ninguna,Vertical,Ninguna,Sin restricción,"-32.965150, -60.705855",['Presidenteperon 6100'],1,,-32.96515,-60.705855,55.0,538.0,Municipio Rosario,Municipio,Rosario,820210,Servicio de Catastro e Información Territorial,IGN
2020,784,2020-02-14,Viernes,,07:35:00,,0.0,2,"Automóvil,Moto/Ciclomotor",Cafferata Y Bv. 27 De Febrero,2,0,1,0,1,0,0,"-32.961700, -60.676284",Avenida,,ROSARIO,Rosario,Asfalto,No existe,II,Dentro,Urbana,Semáforo,Funciona,Intersección,Bueno,Buena,Diurna,Buen Tiempo,Lateral,S/D,Colisión,Ninguna,"Horizontal,Vertical",Ninguna,Sin restricción,"-32.961700, -60.676284","['Cafferata', '27 de Febrero']",2,,-32.9617,-60.676284,55.0,538.0,Municipio Rosario,Municipio,Rosario,820210,Servicio de Catastro e Información Territorial,IGN
2020,788,2020-02-16,Domingo,,16:30:00,,0.0,2,"Moto/Ciclomotor,Pickup/Utilitario",Lima Y Bv. 27 De Febrero,2,1,0,0,1,0,0,"-32.959594, -60.688589",Avenida,,ROSARIO,Rosario,Asfalto,No existe,II,Dentro,Urbana,Ninguna,No existe,Intersección,Bueno,Buena,Diurna,Buen Tiempo,Lateral,S/D,Colisión,Ninguna,Faltante,Cordón divisorio,Sin restricción,"-32.959594, -60.688589","['Lima', '27 de Febrero']",2,,-32.959594,-60.688589,55.0,538.0,Municipio Rosario,Municipio,Rosario,820210,Servicio de Catastro e Información Territorial,IGN
2020,790,2020-01-27,Lunes,,10:30:00,,0.0,2,"Moto/Ciclomotor,Peatón",Av. Arijon Y Bv. Oro�o,2,2,0,0,0,0,0,"    -33.00354, -60.66482",Avenida,,ROSARIO,Rosario,Asfalto,S/D,II,Dentro,Urbana,Ninguna,S/D,Recta,Bueno,Buena,Diurna,Buen Tiempo,Otro,S/D,Colisión,S/D,S/D,Ninguna,Sin restricción,"    -33.00354, -60.66482","['Avenida Manuel Arijón', 'Bulevar Nicasio Oroño']",2,,-33.00354,-60.66482,55.0,538.0,Municipio Rosario,Municipio,Rosario,820210,Servicio de Catastro e Información Territorial,IGN
2020,793,2020-02-17,Lunes,,17:05:00,,0.0,2,"Bicicleta,Moto/Ciclomotor",Ocampo Y Tte.Agneta,2,0,1,0,1,0,0,"-32.957681, -60.699155",Calle,,ROSARIO,Rosario,Asfalto,No existe,II,Dentro,Urbana,Ninguna,No existe,Intersección,Bueno,Buena,Diurna,Otro,S/D,Ciclista,Atropello,Ninguna,Faltante,Ninguna,Sin restricción,"-32.957681, -60.699155","['Ocampo', 'Teniente Agneta']",2,,-32.957681,-60.699155,55.0,538.0,Municipio Rosario,Municipio,Rosario,820210,Servicio de Catastro e Información Territorial,IGN
2020,794,2020-01-24,Viernes,,,,0.0,2,"Pickup/Utilitario,Moto/Ciclomotor",Av. Ovidio Lagos 6800,2,1,0,0,1,0,0,"    -33.0172, -60.67913",Avenida,,ROSARIO,Rosario,Asfalto,No existe,II,S/D,Urbana,Otra Señal,S/D,Recta,Bueno,Buena,Diurna,Buen Tiempo,Otro,S/D,Colisión,Ninguna,S/D,Ninguna,Sin restricción,"    -33.0172, -60.67913",['Ovidio Lagos 6800'],1,,-33.0172,-60.67913,55.0,538.0,Municipio Rosario,Municipio,Rosario,820210,Servicio de Catastro e Información Territorial,IGN
2020,802,2020-02-21,Viernes,,11:15:00,,0.0,2,"Moto/Ciclomotor,Pickup/Utilitario",Av. Sorrento Y Calvo,2,1,0,0,1,0,0,"-32.907488175235,-60.70264588827",Avenida,,ROSARIO,Rosario,Asfalto,No existe,II,Dentro,Urbana,Ninguna,No existe,Intersección,Bueno,Buena,Diurna,Buen Tiempo,Lateral,S/D,Colisión,Ninguna,Horizontal,Línea divisoria pintada,Sin restricción,"-32.907488175235,-60.70264588827","['Sorrento', 'Calvo']",2,,-32.907488175235,-60.70264588827,55.0,538.0,Municipio Rosario,Municipio,Rosario,820210,Servicio de Catastro e Información Territorial,IGN
2020,803,2020-02-21,Viernes,,06:05:00,,0.0,2,"Bicicleta,Moto/Ciclomotor",Bv. Rondeau Y Nansen,2,2,0,0,0,0,0,"-32.90933796527,-60.687952668543",Avenida,,ROSARIO,Rosario,Asfalto,No existe,II,Dentro,Urbana,Semáforo,Funciona,Recta,Bueno,Buena,Diurna,Buen Tiempo,S/D,Ciclista,Atropello,Ninguna,"Horizontal,Vertical","Cordón divisorio,Vegetación,Línea divisoria pintada",Sin restricción,"-32.90933796527,-60.687952668543","['Rondeau', 'Nansen']",2,,-32.90933796527,-60.687952668543,55.0,538.0,Municipio Rosario,Municipio,Rosario,820210,Servicio de Catastro e Información Territorial,IGN
2020,804,2020-02-09,Domingo,,15:15:00,,0.0,2,"Moto/Ciclomotor,Moto/Ciclomotor",Formosa Y G.Carrasco,2,1,0,0,1,0,0,"-32.92036973997,-60.691575541911",Calle,,ROSARIO,Rosario,Asfalto,Pavimento,II,Dentro,Urbana,Ninguna,No existe,Intersección,Bueno,Buena,Diurna,Buen Tiempo,Frontal,S/D,Colisión,Ninguna,Faltante,Ninguna,Sin restricción,"-32.92036973997,-60.691575541911","['Formosa', 'Carrasco']",2,,-32.92036973997,-60.691575541911,55.0,538.0,Municipio Rosario,Municipio,Rosario,820210,Servicio de Catastro e Información Territorial,IGN
2020,805,2020-02-21,Viernes,,19:20:00,,0.0,1,Moto/Ciclomotor,Calle 1345 2400,2,2,0,0,0,0,0,"-32.894622894058,-60.714040328465",Calle,,ROSARIO,Rosario,Asfalto,No existe,II,Dentro,Urbana,Ninguna,No existe,Intersección,Bueno,Buena,Diurna,Buen Tiempo,Contra objeto fijo,S/D,Colisión,Ninguna,Faltante,Ninguna,Sin restricción,"-32.894622894058,-60.714040328465",['Calle 1345 2400'],1,,-32.894622894058,-60.714040328465,55.0,538.0,Municipio Rosario,Municipio,Rosario,820210,Servicio de Catastro e Información Territorial,IGN
2020,806,2020-02-12,Miercoles,,10:45:00,,0.0,2,"Moto/Ciclomotor,Automóvil",Bv. J.Granel Y Nicolas Laguna,2,0,1,0,0,0,1,"-32.890186108052,-60.724008492015",Avenida,,ROSARIO,Rosario,Asfalto,No existe,II,Dentro,Urbana,Otra Señal,No existe,Recta,Bueno,Buena,Diurna,Buen Tiempo,Lateral,S/D,Colisión,Ninguna,Vertical,Ninguna,Sin restricción,"-32.890186108052,-60.724008492015","['Granel', 'Laguna']",2,,-32.890186108052,-60.724008492015,55.0,538.0,Municipio Rosario,Municipio,Rosario,820210,Servicio de Catastro e Información Territorial,IGN
2020,809,2020-02-19,Miercoles,,17:30:00,,0.0,2,"Moto/Ciclomotor,Pickup/Utilitario",Av. Pellegrini Y Liniers,2,1,0,0,1,0,0,"-32.948290, -60.698268",Avenida,,ROSARIO,Rosario,Asfalto,No existe,II,Dentro,Urbana,Semáforo,Funciona,Intersección,Bueno,Buena,Diurna,Buen Tiempo,De alcance,S/D,Colisión,Ninguna,"Horizontal,Vertical",Cordón divisorio,Sin restricción,"-32.948290, -60.698268","['Pellegrini', 'Liniers']",2,,-32.94829,-60.698268,55.0,538.0,Municipio Rosario,Municipio,Rosario,820210,Servicio de Catastro e Información Territorial,IGN
2020,812,2020-02-18,Martes,,19:50:00,,0.0,1,Moto/Ciclomotor,Av. Uriburu Y Bv. Avellaneda,1,0,1,0,0,0,0,"-32.992008, -60.688749",Avenida,,ROSARIO,Rosario,Asfalto,No existe,II,Dentro,Urbana,Semáforo,Funciona,Recta,Bueno,Buena,Atardecer,Buen Tiempo,Contra objeto fijo,S/D,Colisión,Ninguna,"Horizontal,Vertical","Cordón divisorio,Vegetación",Sin restricción,"-32.992008, -60.688749","['Uriburu', 'Avellaneda']",2,,-32.992008,-60.688749,55.0,538.0,Municipio Rosario,Municipio,Rosario,820210,Servicio de Catastro e Información Territorial,IGN
2020,813,2020-02-19,Miercoles,,12:15:00,,0.0,2,"Moto/Ciclomotor,Pickup/Utilitario",Av. Provincias Unidas Y La Paz,3,2,0,0,1,0,0,"-32.955708, -60.711915",Avenida,,ROSARIO,Rosario,Asfalto,No existe,II,Dentro,Urbana,Ninguna,No existe,Intersección,Bueno,Buena,Diurna,Buen Tiempo,Lateral,S/D,Colisión,Ninguna,Faltante,Cordón divisorio,Sin restricción,"-32.955708, -60.711915","['Avenida Provincias Unidas', 'La Paz']",2,,-32.955708,-60.711915,55.0,538.0,Municipio Rosario,Municipio,Rosario,820210,Servicio de Catastro e Información Territorial,IGN
2020,816,2020-02-20,Jueves,,09:15:00,,0.0,2,"Camión,Moto/Ciclomotor",Alsina Y Av. Pte.Peron,2,1,0,0,1,0,0,"-32.957290, -60.680865",Avenida,,ROSARIO,Rosario,Asfalto,No existe,II,Dentro,Urbana,Semáforo,Funciona,Intersección,S/D,Buena,Diurna,Buen Tiempo,Lateral,S/D,Colisión,Ninguna,"Horizontal,Vertical",Ninguna,Sin restricción,"-32.957290, -60.680865","['Alsina', 'Avenida Presidente Perón']",2,,-32.95729,-60.680865,55.0,538.0,Municipio Rosario,Municipio,Rosario,820210,Servicio de Catastro e Información Territorial,IGN
2020,817,2020-02-21,Viernes,,11:45:00,,0.0,2,"Moto/Ciclomotor,Bicicleta",Bv. 27 De Febrero Y Magallanes,2,1,1,0,0,0,0,"-32.959245, -60.703770",Avenida,,ROSARIO,Rosario,Asfalto,No existe,II,Dentro,Urbana,Ninguna,No existe,Intersección,Bueno,Buena,Diurna,Buen Tiempo,S/D,Ciclista,Atropello,Ninguna,Faltante,Cordón divisorio,Sin restricción,"-32.959245, -60.703770","['27 de Febrero', 'Magallanes']",2,,-32.959245,-60.70377,55.0,538.0,Municipio Rosario,Municipio,Rosario,820210,Servicio de Catastro e Información Territorial,IGN
2020,818,2020-02-09,Domingo,,15:20:00,,0.0,2,"Automóvil,Moto/Ciclomotor",Rivarola 7900,4,3,0,0,1,0,0,"-32.966458, -60.729716",Avenida,,ROSARIO,Rosario,Asfalto,No existe,II,Dentro,Urbana,Ninguna,No existe,Intersección,Bueno,Buena,Diurna,Buen Tiempo,Lateral,S/D,Colisión,Ninguna,Faltante,Ninguna,Sin restricción,"-32.966458, -60.729716",['Rivarola 7900'],1,,-32.966458,-60.729716,55.0,538.0,Municipio Rosario,Municipio,Rosario,820210,Servicio de Catastro e Información Territorial,IGN
2020,819,2020-02-22,Sabado,,22:35:00,,0.0,2,"Moto/Ciclomotor,Automóvil",La Paz Y P.L.Funes,2,1,1,0,0,0,0,"-32.955423, -60.700594",Calle,,ROSARIO,Rosario,Asfalto,No existe,II,Dentro,Urbana,Ninguna,No existe,Intersección,Deteriorada,Reducida,"Nocturna,Con luz artificial",Buen Tiempo,Lateral,S/D,Colisión,Otro,Faltante,Ninguna,Sin restricción,"-32.955423, -60.700594","['La Paz', 'Funes']",2,,-32.955423,-60.700594,55.0,538.0,Municipio Rosario,Municipio,Rosario,820210,Servicio de Catastro e Información Territorial,IGN
2020,820,2020-02-02,Domingo,,20:00:00,,0.0,2,"Automóvil,Moto/Ciclomotor",Av. Pellegrini Y Dorrego,2,1,0,0,1,0,0,"-32.955411, -60.651966",Avenida,,ROSARIO,Rosario,Asfalto,No existe,II,Dentro,Urbana,Semáforo,Funciona,Recta,Bueno,Buena,"Nocturna,Con luz artificial",Buen Tiempo,De alcance,S/D,Colisión,Ninguna,"Horizontal,Vertical","Cordón divisorio,Vegetación",Sin restricción,"-32.955411, -60.651966","['Pellegrini', 'Dorrego']",2,,-32.955411,-60.651966,55.0,538.0,Municipio Rosario,Municipio,Rosario,820210,Servicio de Catastro e Información Territorial,IGN
2020,821,2020-02-03,Lunes,,12:45:00,,0.0,2,"Moto/Ciclomotor,Taxi/Remis",Av. Francia Y Jujuy,3,2,0,0,1,0,0,"-32.933362, -60.663560",Avenida,,ROSARIO,Rosario,Asfalto,No existe,II,Dentro,Urbana,Señal Pare,No existe,Intersección,Bueno,Buena,Diurna,Buen Tiempo,Lateral,S/D,Colisión,Ninguna,Vertical,"Cordón divisorio,Vegetación",Sin restricción,"-32.933362, -60.663560","['Avenida Francia', 'Jujuy']",2,,-32.933362,-60.66356,55.0,538.0,Municipio Rosario,Municipio,Rosario,820210,Servicio de Catastro e Información Territorial,IGN
2020,822,2020-02-03,Lunes,,08:50:00,,0.0,2,"Taxi/Remis,Peatón",Balcarce Y Virasoro,2,1,0,0,1,0,0,"-32.967445, -60.657869",Calle,,ROSARIO,Rosario,Asfalto,No existe,II,Dentro,Urbana,S/D,No existe,Intersección,Bueno,Buena,Diurna,S/D,S/D,Peatón,Atropello,Ninguna,Faltante,Ninguna,S/D,"-32.967445, -60.657869","['Balcarce', 'Virasoro']",2,,-32.967445,-60.657869,55.0,538.0,Municipio Rosario,Municipio,Rosario,820210,Servicio de Catastro e Información Territorial,IGN
2020,842,2020-02-12,Miercoles,,17:40:00,,0.0,2,"Moto/Ciclomotor,Automóvil",Av. Luis Carballo Y Echeverria Bis,3,1,0,0,2,0,0,"-32.921932260059,-60.67225002714",Avenida,,ROSARIO,Rosario,Asfalto,No existe,II,Dentro,Urbana,Semáforo,Funciona,Intersección,Bueno,Buena,Diurna,Buen Tiempo,Otro,S/D,Colisión,Ninguna,"Horizontal,Vertical",Cordón divisorio,S/D,"-32.921932260059,-60.67225002714","['Avenida Doctor Luis Cándido Carballo', 'Echeverría']",2,,-32.921932260059,-60.67225002714,55.0,538.0,Municipio Rosario,Municipio,Rosario,820210,Servicio de Catastro e Información Territorial,IGN
2020,844,2020-02-25,Martes,,11:50:00,,0.0,2,"Moto/Ciclomotor,Automóvil",Ing.Thedy Bis Y Junin,2,1,0,0,1,0,0,"-32.92635076288,-60.665867123219",Calle,,ROSARIO,Rosario,Asfalto,No existe,II,Dentro,Urbana,S/D,Funciona,Intersección,Bueno,S/D,Diurna,Buen Tiempo,Frontal,S/D,Colisión,S/D,"Horizontal,Vertical",Cordón divisorio,S/D,"-32.92635076288,-60.665867123219","['Thedy', 'Junín']",2,,-32.92635076288,-60.665867123219,55.0,538.0,Municipio Rosario,Municipio,Rosario,820210,Servicio de Catastro e Información Territorial,IGN
2020,846,2020-02-18,Martes,,15:45:00,,0.0,2,"Moto/Ciclomotor,Automóvil",Av. Francia Y Av. Luis Carballo,2,1,0,0,1,0,0,"-32.925407691939,-60.661592643448",Avenida,,ROSARIO,Rosario,Asfalto,No existe,II,Dentro,Urbana,Semáforo,Funciona,Curva,S/D,Buena,Diurna,Buen Tiempo,Lateral,S/D,"Cañda ocupante,Colisión",S/D,Vertical,Cordón divisorio,S/D,"-32.925407691939,-60.661592643448","['Avenida Francia', 'Avenida Doctor Luis Cándido Carballo']",2,,-32.925407691939,-60.661592643448,55.0,538.0,Municipio Rosario,Municipio,Rosario,820210,Servicio de Catastro e Información Territorial,IGN
2020,849,2020-02-20,Jueves,,16:10:00,,0.0,2,"Moto/Ciclomotor,Moto/Ciclomotor",Albert Sabin Y French,2,1,0,0,1,0,0,"-32.921051165895,-60.687646019274",Calle,,ROSARIO,Rosario,Asfalto,No existe,II,Dentro,Urbana,Semáforo,No existe,Intersección,Bueno,Buena,Diurna,Buen Tiempo,Lateral,S/D,Colisión,Ninguna,"Horizontal,Vertical",Barrera de hormigón,Sin restricción,"-32.921051165895,-60.687646019274","['Avenida Travesía Albert Sabin', 'French']",2,,-32.921051165895,-60.687646019274,55.0,538.0,Municipio Rosario,Municipio,Rosario,820210,Servicio de Catastro e Información Territorial,IGN
2020,850,2020-02-11,Martes,,08:51:00,,0.0,2,"Automóvil,Moto/Ciclomotor",Av. Luis Carballo Y Rawson Bis,2,1,0,0,1,0,0,"-32.921688679719,-60.669418543262",Avenida,,ROSARIO,Rosario,Asfalto,No existe,II,Dentro,Urbana,Semáforo,Funciona,Recta,Bueno,Buena,Diurna,Buen Tiempo,De alcance,S/D,Colisión,S/D,"Horizontal,Vertical",Cordón divisorio,S/D,"-32.921688679719,-60.669418543262","['Avenida Doctor Luis Cándido Carballo', 'Rawson']",2,,-32.921688679719,-60.669418543262,55.0,538.0,Municipio Rosario,Municipio,Rosario,820210,Servicio de Catastro e Información Territorial,IGN
2020,852,2020-08-20,Jueves,,17:00:00,,0.0,2,"Moto/Ciclomotor,Automóvil",CULLEN Y UGARTE  Y MORROW,4,2,0,0,2,0,0,"-32.878174822023,-60.735512845608",Calle,,ROSARIO,Rosario,Asfalto,No existe,II,Dentro,Urbana,Ninguna,No existe,Recta,Bueno,Buena,Diurna,Buen Tiempo,Lateral,S/D,Colisión,Ninguna,Faltante,Ninguna,Sin restricción,"-32.878174822023,-60.735512845608","['Cullen y Ugarte', 'Morrow']",2,,-32.878174822023,-60.735512845608,55.0,538.0,Municipio Rosario,Municipio,Rosario,820210,Servicio de Catastro e Información Territorial,IGN
2020,869,2020-01-29,Miercoles,,15:25:00,,0.0,2,"Tren,Peatón",Pje. Franco Y Pje. San Geronimo,2,0,0,0,1,1,0,"-32.92256644343238, -60.69316114886",Calle,,ROSARIO,Rosario,Asfalto,No existe,II,Dentro,Urbana,Ninguna,No existe,Paso a Nivel FFCC,Bueno,S/D,Diurna,S/D,S/D,Peatón,Atropello,Ninguna,Faltante,Ninguna,Sin restricción,"-32.92256644343238, -60.69316114886","['Franco', 'San Geronimo']",2,,-32.92256644343238,-60.69316114886,55.0,538.0,Municipio Rosario,Municipio,Rosario,820210,Servicio de Catastro e Información Territorial,IGN
2020,880,2020-01-25,Sabado,,22:00:00,,0.0,2,"Transporte de Pasajeros Urbano (> 8 asientos),Moto/Ciclomotor",Av. Pte.Peron Y Av. Circunvalacion,3,2,0,0,1,0,0,"    -32.97037, -60.7161",Avenida,,ROSARIO,Rosario,Asfalto,S/D,II,Dentro,Urbana,Ninguna,No existe,Intersección,S/D,S/D,Nocturna,S/D,S/D,S/D,Colisión,S/D,S/D,S/D,S/D,"    -32.97037, -60.7161","['Avenida Presidente Perón', 'Circunvalacion']",2,,-32.97037,-60.7161,55.0,538.0,Municipio Rosario,Municipio,Rosario,820210,Servicio de Catastro e Información Territorial,IGN
2020,884,2020-02-21,Viernes,,07:00:00,,0.0,2,"Moto/Ciclomotor,Automóvil",Bv. Wilde 700,2,1,0,0,1,0,0,"-32.936518174632,-60.738567273124",Avenida,,ROSARIO,Rosario,Asfalto,No existe,II,Dentro,Urbana,Paso Peatonal,No existe,Intersección,Bueno,Buena,Diurna,Buen Tiempo,Lateral,S/D,Colisión,Ninguna,Horizontal,Cordón divisorio,Sin restricción,"-32.936518174632,-60.738567273124",['Wilde 700'],1,,-32.936518174632,-60.738567273124,55.0,538.0,Municipio Rosario,Municipio,Rosario,820210,Servicio de Catastro e Información Territorial,IGN
2020,885,2020-02-12,Miercoles,,14:50:00,,0.0,2,"Moto/Ciclomotor,Pickup/Utilitario",Brasil Y Pje. Guamini,2,1,0,0,1,0,0,"-32.92125429486,-60.720400753793",Calle,,ROSARIO,Rosario,Asfalto,No existe,II,Dentro,Urbana,Ninguna,No existe,Intersección,Bueno,Buena,Diurna,Buen Tiempo,Lateral,S/D,Colisión,Ninguna,Faltante,Ninguna,Sin restricción,"-32.92125429486,-60.720400753793","['Brasil', 'Guaminí']",2,,-32.92125429486,-60.720400753793,55.0,538.0,Municipio Rosario,Municipio,Rosario,820210,Servicio de Catastro e Información Territorial,IGN
2020,886,2020-02-16,Domingo,,08:20:00,,0.0,2,"Bicicleta,Automóvil",G.Carrasco Y Liniers,2,0,1,0,1,0,0,"-32.920601157074,-60.699296526536",Calle,,ROSARIO,Rosario,Asfalto,No existe,II,Dentro,Urbana,Ninguna,No existe,Recta,Bueno,Buena,Diurna,Buen Tiempo,S/D,Ciclista,Atropello,Ninguna,Faltante,Ninguna,Sin restricción,"-32.920601157074,-60.699296526536","['Carrasco', 'Liniers']",2,,-32.920601157074,-60.699296526536,55.0,538.0,Municipio Rosario,Municipio,Rosario,820210,Servicio de Catastro e Información Territorial,IGN
2020,887,2020-02-27,Jueves,,12:20:00,,0.0,2,"Moto/Ciclomotor,Automóvil",J.Colombres Y J.J.Paso,2,1,0,0,1,0,0,"-32.920713761674,-60.730249719587",Calle,,ROSARIO,Rosario,Asfalto,No existe,II,Dentro,Urbana,Ninguna,No existe,Intersección,Bueno,Buena,Diurna,Buen Tiempo,S/D,S/D,Colisión,Ninguna,Faltante,Ninguna,Sin restricción,"-32.920713761674,-60.730249719587","['José Colombres', 'Paso']",2,,-32.920713761674,-60.730249719587,55.0,538.0,Municipio Rosario,Municipio,Rosario,820210,Servicio de Catastro e Información Territorial,IGN
2020,888,2020-02-15,Sabado,,11:20:00,,0.0,2,"Moto/Ciclomotor,Pickup/Utilitario",Bv. Argentino Y Sarratea Bis,2,1,0,0,1,0,0,"-32.924535971129,-60.741157370594",Calle,,ROSARIO,Rosario,Asfalto,No existe,II,Dentro,Urbana,Señal Pare,No existe,Intersección,Bueno,Buena,Diurna,Buen Tiempo,Lateral,S/D,Colisión,Ninguna,Vertical,Ninguna,Sin restricción,"-32.924535971129,-60.741157370594","['Argentino', 'Sarratea']",2,,-32.924535971129,-60.741157370594,55.0,538.0,Municipio Rosario,Municipio,Rosario,820210,Servicio de Catastro e Información Territorial,IGN
2020,889,2020-02-16,Domingo,,21:45:00,,0.0,1,Moto/Ciclomotor,Donado Y Navarro,3,2,0,0,1,0,0,"-32.931887408799,-60.727336643994",Calle,,ROSARIO,Rosario,Asfalto,No existe,II,Dentro,Urbana,Ninguna,No existe,Recta,Ahuellamiento,Buena,Nocturna,Buen Tiempo,S/D,S/D,Cañda ocupante,Otro,Faltante,Ninguna,Sin restricción,"-32.931887408799,-60.727336643994","['Donado', 'Navarro']",2,,-32.931887408799,-60.727336643994,55.0,538.0,Municipio Rosario,Municipio,Rosario,820210,Servicio de Catastro e Información Territorial,IGN
2020,892,2020-02-22,Sabado,,21:05:00,,0.0,2,"Pickup/Utilitario,Moto/Ciclomotor",Av. Genova Y Sarratea Bis,5,1,0,0,4,0,0,"-32.916751385954,-60.741513138786",Avenida,,ROSARIO,Rosario,Asfalto,No existe,II,Dentro,Urbana,Ninguna,No existe,Intersección,Bueno,Buena,Nocturna,Buen Tiempo,Frontal,S/D,Colisión,Ninguna,Faltante,Ninguna,Sin restricción,"-32.916751385954,-60.741513138786","['Genova', 'Sarratea']",2,,-32.916751385954,-60.741513138786,55.0,538.0,Municipio Rosario,Municipio,Rosario,820210,Servicio de Catastro e Información Territorial,IGN