anio_acci,nro_acci,fecha,desc_dia,fecha_aprox,hora_aprox,desc_ruta,km,cant_participantes,desc_participante,calle_avenida_km,total,heridos_leves,heridos_graves,heridos_gravisimos,ilesos,fallecidos,sin_datos,posicion_XY,desc_tipo_via,desc_ruta_ori,desc_loc,desc_dpto,desc_tipo_calzada,desc_tipo_banquina,desc_unidad_regional,desc_lugar_calzada,desc_zona,desc_prioridad,desc_estado_semaforo,desc_lugar_via,desc_estado_via,desc_estado_visibilidad,desc_luminosidad,desc_estado_clima,desc_tipo_colision,desc_tipo_atropello,desc_tipo_hecho,desc_pres_calzada,desc_senializacion,desc_separacion_via,desc_restriccion,forma_geocod,calle_lista,numero_calles,calles_osm,lat,lon,index_right,gid,fna,gna,nam,in1,fdc,sag
2020,893,2020-02-05,Miercoles,,20:30:00,,0.0,2,"Automóvil,Moto/Ciclomotor",Bv. Argentino Y Donado,2,0,1,0,1,0,0,"-32.924165130646,-60.727605627835",Calle,,ROSARIO,Rosario,Asfalto,No existe,II,Dentro,Urbana,Ninguna,No existe,Intersección,Bueno,Buena,Nocturna,Buen Tiempo,De alcance,S/D,Colisión,Ninguna,Faltante,Ninguna,Sin restricción,"-32.924165130646,-60.727605627835","['Argentino', 'Donado']",2,,-32.924165130646,-60.727605627835,55.0,538.0,Municipio Rosario,Municipio,Rosario,820210,Servicio de Catastro e Información Territorial,IGN
2020,901,2020-01-14,Martes,,,,0.0,2,"Automóvil,Moto/Ciclomotor",Gaboto Y Bv. Avellaneda,2,0,1,0,1,0,0,"-32.96598, -60.68609",Calle,,ROSARIO,Rosario,Asfalto,S/D,II,S/D,Urbana,S/D,S/D,Intersección,S/D,S/D,S/D,S/D,S/D,S/D,Colisión,S/D,S/D,S/D,S/D,"-32.96598, -60.68609","['Gaboto', 'Avellaneda']",2,,-32.96598,-60.68609,55.0,538.0,Municipio Rosario,Municipio,Rosario,820210,Servicio de Catastro e Información Territorial,IGN
2020,914,2020-04-06,Lunes,,17:00:00,,0.0,2,"Pickup/Utilitario,Automóvil",San Martin Y Centeno,3,3,0,0,0,0,0,"-32.98524, -60.64545",Calle,,ROSARIO,Rosario,Asfalto,No existe,II,Dentro,Urbana,Ninguna,No existe,Intersección,Bueno,Buena,Diurna,Buen Tiempo,Lateral,S/D,Colisión,Ninguna,Faltante,Guardarrail,Sin restricción,"-32.98524, -60.64545","['San Martin', 'Centeno']",2,,-32.98524,-60.64545,55.0,538.0,Municipio Rosario,Municipio,Rosario,820210,Servicio de Catastro e Información Territorial,IGN
2020,919,2020-04-06,Lunes,,15:30:00,,0.0,2,"Moto/Ciclomotor,Pickup/Utilitario",Anchorena Y Buenos Aires,2,1,0,0,1,0,0,"-32.9978, -60.64483",Calle,,ROSARIO,Rosario,Asfalto,No existe,II,Dentro,Urbana,Ninguna,No existe,Intersección,Bueno,Buena,Diurna,Buen Tiempo,Lateral,S/D,Colisión,Ninguna,Faltante,Guardarrail,Sin restricción,"-32.9978, -60.64483","['Anchorena', 'Buenos Aires']",2,,-32.9978,-60.64483,55.0,538.0,Municipio Rosario,Municipio,Rosario,820210,Servicio de Catastro e Información Territorial,IGN
2020,921,2020-04-06,Lunes,,12:30:00,,0.0,2,"Moto/Ciclomotor,Pickup/Utilitario",Laprida Y Ameghino,2,1,0,0,1,0,0,"-32.98812, -60.64431",Calle,,ROSARIO,Rosario,Asfalto,No existe,II,Dentro,Urbana,Ninguna,No existe,Intersección,Bueno,Buena,Diurna,Buen Tiempo,De alcance,S/D,Colisión,Ninguna,Faltante,Guardarrail,Sin restricción,"-32.98812, -60.64431","['Laprida', 'Ameghino']",2,,-32.98812,-60.64431,55.0,538.0,Municipio Rosario,Municipio,Rosario,820210,Servicio de Catastro e Información Territorial,IGN
2020,922,2020-02-02,Domingo,,05:00:00,,0.0,2,"Automóvil,Moto/Ciclomotor",España Y 9 De Julio,3,1,0,0,2,0,0,"-32.952346, -60.648361",Calle,,ROSARIO,Rosario,Asfalto,No existe,II,Dentro,Urbana,Semáforo,Intermitente,Intersección,Bueno,Buena,Nocturna,Buen Tiempo,Lateral,S/D,Colisión,Ninguna,"Horizontal,Vertical",Ninguna,Sin restricción,"-32.952346, -60.648361","['España', '9 de Julio']",2,,-32.952346,-60.648361,55.0,538.0,Municipio Rosario,Municipio,Rosario,820210,Servicio de Catastro e Información Territorial,IGN
2020,924,2020-04-06,Lunes,,20:30:00,,0.0,2,"Moto/Ciclomotor,Moto/Ciclomotor",Av. Battle y Ordo�ez Y Melincue,3,1,0,0,2,0,0,"-33.00903, -60.64733",S/D,,ROSARIO,Rosario,Asfalto,No existe,II,S/D,S/D,Ninguna,S/D,Intersección,Bueno,Buena,Nocturna,Buen Tiempo,Lateral,S/D,Colisión,Ninguna,Faltante,Guardarrail,Sin restricción,"-33.00903, -60.64733","['Avenida Battle y Ordoñez', 'Melincué']",2,,-33.00903,-60.64733,55.0,538.0,Municipio Rosario,Municipio,Rosario,820210,Servicio de Catastro e Información Territorial,IGN
2020,926,2020-02-01,Sabado,,09:30:00,,0.0,2,"Taxi/Remis,Moto/Ciclomotor",Av. Pellegrini Y San Martin,2,1,0,0,0,0,1,"-32.957583, -60.639394",Avenida,,ROSARIO,Rosario,Asfalto,No existe,II,Dentro,Urbana,Semáforo,Funciona,Recta,Bueno,Buena,Diurna,Buen Tiempo,De alcance,S/D,Colisión,Ninguna,"Horizontal,Vertical",Cordón divisorio,Sin restricción,"-32.957583, -60.639394","['Pellegrini', 'San Martin']",2,,-32.957583,-60.639394,55.0,538.0,Municipio Rosario,Municipio,Rosario,820210,Servicio de Catastro e Información Territorial,IGN
2020,928,2020-02-13,Jueves,,21:25:00,,0.0,2,"Automóvil,Automóvil",Ayacucho Y Cerrito,7,2,0,0,5,0,0,"-32.963884, -60.630755",Calle,,ROSARIO,Rosario,Asfalto,No existe,II,Dentro,Urbana,Ninguna,No existe,Intersección,Bueno,Buena,"Nocturna,Con luz artificial",Buen Tiempo,Lateral,S/D,Colisión,Ninguna,Faltante,Ninguna,Sin restricción,"-32.963884, -60.630755","['Ayacucho', 'Cerrito']",2,,-32.963884,-60.630755,55.0,538.0,Municipio Rosario,Municipio,Rosario,820210,Servicio de Catastro e Información Territorial,IGN
2020,930,2020-02-07,Viernes,,08:30:00,,0.0,2,"Automóvil,Bicicleta",Mendoza Y Paraguay,2,1,0,0,1,0,0,"-32.950579, -60.645022",Calle,,ROSARIO,Rosario,Asfalto,No existe,II,Dentro,Urbana,Semáforo,Funciona,Recta,Bueno,Buena,Diurna,Buen Tiempo,S/D,Ciclista,Atropello,Ninguna,"Horizontal,Vertical",Ninguna,Sin restricción,"-32.950579, -60.645022","['Mendoza', 'Paraguay']",2,,-32.950579,-60.645022,55.0,538.0,Municipio Rosario,Municipio,Rosario,820210,Servicio de Catastro e Información Territorial,IGN
2020,937,2020-02-07,Viernes,,20:10:00,,0.0,2,"Peatón,Automóvil",Italia 2200,2,1,0,0,0,0,1,"-32.961293, -60.652069",Calle,,ROSARIO,Rosario,Asfalto,No existe,II,Dentro,Urbana,Ninguna,No existe,Recta,Bueno,Buena,"Nocturna,Con luz artificial",Buen Tiempo,S/D,Peatón,Atropello,Ninguna,Faltante,Ninguna,Sin restricción,"-32.961293, -60.652069",['Italia 2200'],1,,-32.961293,-60.652069,55.0,538.0,Municipio Rosario,Municipio,Rosario,820210,Servicio de Catastro e Información Territorial,IGN
2020,940,2020-04-05,Domingo,,19:20:00,,0.0,2,"Peatón,Moto/Ciclomotor", ,2,1,0,0,1,0,0,"-32.95905, -60.69295",Calle,,ROSARIO,Rosario,S/D,S/D,II,S/D,Urbana,S/D,S/D,Intersección,Bueno,S/D,S/D,S/D,S/D,Peatón,Atropello,S/D,S/D,S/D,S/D,"-32.95905, -60.69295",[''],0,,-32.95905,-60.69295,55.0,538.0,Municipio Rosario,Municipio,Rosario,820210,Servicio de Catastro e Información Territorial,IGN
2020,944,2020-02-07,Viernes,,21:40:00,,0.0,1,Moto/Ciclomotor,Balcarce Y Brown,2,2,0,0,0,0,0,"-32.934655, -60.649602",Calle,,ROSARIO,Rosario,Asfalto,No existe,II,Dentro,Urbana,S/D,No existe,Intersección,Bueno,Buena,"Nocturna,Con luz artificial",S/D,Contra objeto fijo,S/D,Colisión,Ninguna,Faltante,Ninguna,Sin restricción,"-32.934655, -60.649602","['Balcarce', 'Brown']",2,,-32.934655,-60.649602,55.0,538.0,Municipio Rosario,Municipio,Rosario,820210,Servicio de Catastro e Información Territorial,IGN
2020,947,2020-02-08,Sabado,,12:45:00,,0.0,1,Moto/Ciclomotor,Mendoza Y Pascual Rosas,2,2,0,0,0,0,0,"-32.943032, -60.687227",Calle,,ROSARIO,Rosario,Asfalto,No existe,II,Dentro,Urbana,Semáforo,Funciona,Recta,Bueno,Buena,Diurna,S/D,Contra objeto fijo,S/D,Colisión,S/D,"Horizontal,Vertical",S/D,Sin restricción,"-32.943032, -60.687227","['Mendoza', 'Pascual Rosas']",2,,-32.943032,-60.687227,55.0,538.0,Municipio Rosario,Municipio,Rosario,820210,Servicio de Catastro e Información Territorial,IGN
2020,948,2020-02-08,Sabado,,00:30:00,,0.0,2,"Moto/Ciclomotor,Automóvil",Necochea Y Ocampo,3,2,0,0,0,0,1,"-32.968978, -60.629203",Calle,,ROSARIO,Rosario,Asfalto,No existe,II,Dentro,Urbana,Señal Pare,No existe,Intersección,Bueno,Buena,"Nocturna,Con luz artificial",Buen Tiempo,Lateral,S/D,Colisión,Ninguna,Vertical,Ninguna,Sin restricción,"-32.968978, -60.629203","['Necochea', 'Ocampo']",2,,-32.968978,-60.629203,55.0,538.0,Municipio Rosario,Municipio,Rosario,820210,Servicio de Catastro e Información Territorial,IGN
2020,949,2020-02-09,Domingo,,13:40:00,,0.0,3,"Automóvil,Automóvil,Automóvil",Italia Y E.Zeballos,5,5,0,0,0,0,0,"-32.953279, -60.650025",Calle,,ROSARIO,Rosario,Asfalto,No existe,II,Dentro,Urbana,Ninguna,No existe,Intersección,Bueno,Buena,Diurna,Buen Tiempo,"Contra objeto fijo,Múltiple",S/D,Colisión,Ninguna,Faltante,Ninguna,Sin restricción,"-32.953279, -60.650025","['Italia', 'Zeballos']",2,,-32.953279,-60.650025,55.0,538.0,Municipio Rosario,Municipio,Rosario,820210,Servicio de Catastro e Información Territorial,IGN
2020,950,2020-02-10,Lunes,,01:20:00,,0.0,2,"Peatón,Moto/Ciclomotor",Balcarce Y E.Zeballos,3,1,0,0,2,0,0,"-32.952556, -60.654085",Calle,,ROSARIO,Rosario,Asfalto,No existe,II,Dentro,Urbana,Ninguna,No existe,Recta,Bueno,Buena,"Nocturna,Con luz artificial",Buen Tiempo,S/D,Peatón,Atropello,Ninguna,Faltante,Ninguna,Sin restricción,"-32.952556, -60.654085","['Balcarce', 'Zeballos']",2,,-32.952556,-60.654085,55.0,538.0,Municipio Rosario,Municipio,Rosario,820210,Servicio de Catastro e Información Territorial,IGN
2020,951,2020-02-10,Lunes,,01:30:00,,0.0,2,"Automóvil,Moto/Ciclomotor",Suipacha 1116,2,1,0,0,1,0,0,"-32.945702, -60.665149",Calle,,ROSARIO,Rosario,Asfalto,No existe,II,Dentro,Urbana,Ninguna,No existe,Recta,Bueno,Buena,"Nocturna,Con luz artificial",Buen Tiempo,Lateral,S/D,Colisión,Ninguna,Faltante,Ninguna,Sin restricción,"-32.945702, -60.665149",['Suipacha 1116'],1,,-32.945702,-60.665149,55.0,538.0,Municipio Rosario,Municipio,Rosario,820210,Servicio de Catastro e Información Territorial,IGN
2020,952,2020-02-10,Lunes,,10:30:00,,0.0,2,"Moto/Ciclomotor,Automóvil",Paraguay Y San Luis,2,1,0,0,1,0,0,"-32.948047, -60.644370",Calle,,ROSARIO,Rosario,Asfalto,No existe,II,Dentro,Urbana,Semáforo,Funciona,Intersección,Bueno,Buena,Diurna,Buen Tiempo,Lateral,S/D,Colisión,Ninguna,Faltante,Ninguna,Sin restricción,"-32.948047, -60.644370","['Paraguay', 'San Luis']",2,,-32.948047,-60.64437,55.0,538.0,Municipio Rosario,Municipio,Rosario,820210,Servicio de Catastro e Información Territorial,IGN
2020,953,2020-02-11,Martes,,16:50:00,,0.0,2,"Automóvil,Moto/Ciclomotor",Entre Rios Y Salta,2,1,0,0,1,0,0,"-32.938987, -60.639268",Calle,,ROSARIO,Rosario,Asfalto,No existe,II,Dentro,Urbana,Señal Pare,No existe,Intersección,Bueno,Buena,Diurna,Buen Tiempo,Lateral,S/D,Colisión,Ninguna,Vertical,Ninguna,Sin restricción,"-32.938987, -60.639268","['Entre Ríos', 'Salta']",2,,-32.938987,-60.639268,55.0,538.0,Municipio Rosario,Municipio,Rosario,820210,Servicio de Catastro e Información Territorial,IGN
2020,954,2020-02-15,Sabado,,21:20:00,,0.0,2,"Automóvil,Moto/Ciclomotor",Av. Francia Y Jujuy,3,2,0,0,1,0,0,"-32.933403, -60.663408",Avenida,,ROSARIO,Rosario,Asfalto,No existe,II,Dentro,Urbana,S/D,No existe,Intersección,Bueno,Buena,"Nocturna,Con luz artificial",S/D,Lateral,S/D,Colisión,Ninguna,Faltante,Ninguna,S/D,"-32.933403, -60.663408","['Avenida Francia', 'Jujuy']",2,,-32.933403,-60.663408,55.0,538.0,Municipio Rosario,Municipio,Rosario,820210,Servicio de Catastro e Información Territorial,IGN
2020,955,2020-02-15,Sabado,,12:35:00,,0.0,1,Bicicleta,Mitre Y Viamonte,1,1,0,0,0,0,0,"-32.965096, -60.644270",Calle,,ROSARIO,Rosario,Asfalto,No existe,II,Dentro,Urbana,Señal Pare,No existe,Intersección,Bueno,Buena,Diurna,S/D,Contra objeto fijo,S/D,Colisión,Ninguna,Vertical,Ninguna,Sin restricción,"-32.965096, -60.644270","['Mitre', 'Viamonte']",2,,-32.965096,-60.64427,55.0,538.0,Municipio Rosario,Municipio,Rosario,820210,Servicio de Catastro e Información Territorial,IGN
2020,956,2020-02-16,Domingo,,05:00:00,,0.0,2,"Moto/Ciclomotor,Taxi/Remis",Carriego Y 9 De Julio,3,2,0,0,1,0,0,"-32.944803, -60.690519",Calle,,ROSARIO,Rosario,Asfalto,No existe,II,Dentro,Urbana,Ninguna,No existe,Intersección,Bueno,S/D,"Nocturna,Con luz artificial",S/D,Lateral,S/D,Colisión,Ninguna,Faltante,Ninguna,S/D,"-32.944803, -60.690519","['Carriego', '9 de Julio']",2,,-32.944803,-60.690519,55.0,538.0,Municipio Rosario,Municipio,Rosario,820210,Servicio de Catastro e Información Territorial,IGN
2020,957,2020-02-10,Lunes,,12:20:00,,0.0,1,Transporte de Pasajeros Urbano (> 8 asientos),San Martin Y Rueda,2,1,0,0,1,0,0,"-32.971271, -60.642869",Avenida,,ROSARIO,Rosario,Asfalto,No existe,II,Dentro,Urbana,Semáforo,Funciona,Recta,Bueno,Buena,Diurna,S/D,S/D,S/D,Cañda ocupante,Ninguna,"Horizontal,Vertical",Ninguna,Sin restricción,"-32.971271, -60.642869","['San Martin', 'Rueda']",2,,-32.971271,-60.642869,55.0,538.0,Municipio Rosario,Municipio,Rosario,820210,Servicio de Catastro e Información Territorial,IGN
2020,958,2020-02-15,Sabado,,13:05:00,,0.0,2,"Automóvil,Moto/Ciclomotor",Montevideo Y Paraguay,5,1,0,0,4,0,0,"-32.955157, -60.646190",Calle,,ROSARIO,Rosario,Asfalto,No existe,II,Dentro,Urbana,Ninguna,No existe,Intersección,Bueno,Buena,Diurna,Buen Tiempo,Lateral,S/D,Colisión,Ninguna,Faltante,Ninguna,Sin restricción,"-32.955157, -60.646190","['Montevideo', 'Paraguay']",2,,-32.955157,-60.64619,55.0,538.0,Municipio Rosario,Municipio,Rosario,820210,Servicio de Catastro e Información Territorial,IGN
2020,960,2020-02-29,Sabado,,04:00:00,,0.0,2,"Moto/Ciclomotor,Moto/Ciclomotor",Garzon Y Mendoza,2,0,2,0,0,0,0,"-32.940096787942,-60.705656360281",Calle,,ROSARIO,Rosario,Asfalto,No existe,II,Dentro,Urbana,Semáforo,Funciona,Intersección,Bueno,Buena,Nocturna,Buen Tiempo,Lateral,S/D,Colisión,Ninguna,Vertical,Cordón divisorio,Sin restricción,"-32.940096787942,-60.705656360281","['Garzón', 'Mendoza']",2,,-32.940096787942,-60.705656360281,55.0,538.0,Municipio Rosario,Municipio,Rosario,820210,Servicio de Catastro e Información Territorial,IGN
2020,961,2020-02-18,Martes,,18:30:00,,0.0,2,"Bicicleta,Automóvil",Av. Provincias Unidas Y Mendoza,2,1,0,0,1,0,0,"-32.94014453887936,-60.712321400642",Avenida,,ROSARIO,Rosario,Asfalto,No existe,II,Dentro,Urbana,Semáforo,No funciona,Rotonda,Bueno,Buena,Diurna,Buen Tiempo,S/D,Ciclista,Atropello,Ninguna,"Horizontal,Vertical",Cordón divisorio,Sin restricción,"-32.94014453887936,-60.712321400642","['Avenida Provincias Unidas', 'Mendoza']",2,,-32.94014453887936,-60.712321400642,55.0,538.0,Municipio Rosario,Municipio,Rosario,820210,Servicio de Catastro e Información Territorial,IGN
2020,962,2020-02-12,Miercoles,,09:35:00,,0.0,2,"Moto/Ciclomotor,Automóvil",3 De Febrero Y Matienzo,2,1,0,0,1,0,0,"-32.94334935463,-60.694565888754",Calle,,ROSARIO,Rosario,Asfalto,No existe,II,Dentro,Urbana,Ninguna,No existe,Intersección,Bueno,Buena,Diurna,Buen Tiempo,Lateral,S/D,Colisión,Ninguna,Faltante,Ninguna,Sin restricción,"-32.94334935463,-60.694565888754","['3 de Febrero', 'Matienzo']",2,,-32.94334935463,-60.694565888754,55.0,538.0,Municipio Rosario,Municipio,Rosario,820210,Servicio de Catastro e Información Territorial,IGN
2020,963,2020-02-21,Viernes,,13:40:00,,0.0,2,"Moto/Ciclomotor,Camión Chasis",Colombia Y J.J.Paso,3,1,1,0,1,0,0,"-32.920447144019,-60.716979739782",Calle,,ROSARIO,Rosario,Asfalto,No existe,II,Dentro,Urbana,Ninguna,No existe,Intersección,Bueno,S/D,Diurna,S/D,S/D,S/D,Colisión,S/D,Faltante,Cordón divisorio,S/D,"-32.920447144019,-60.716979739782","['Colombia', 'Paso']",2,,-32.920447144019,-60.716979739782,55.0,538.0,Municipio Rosario,Municipio,Rosario,820210,Servicio de Catastro e Información Territorial,IGN
2020,964,2020-02-08,Sabado,,16:30:00,,0.0,2,"Moto/Ciclomotor,Automóvil",Barra Y Navarro,2,0,1,0,1,0,0,"-32.931336761404,-60.707213682996",Calle,,ROSARIO,Rosario,Asfalto,No existe,II,Dentro,Urbana,Ninguna,No existe,Intersección,Bueno,Buena,Diurna,S/D,Lateral,S/D,Colisión,Ninguna,Faltante,Ninguna,S/D,"-32.931336761404,-60.707213682996","['Barra', 'Navarro']",2,,-32.931336761404,-60.707213682996,55.0,538.0,Municipio Rosario,Municipio,Rosario,820210,Servicio de Catastro e Información Territorial,IGN
2020,965,2020-02-21,Viernes,,15:00:00,,0.0,2,"Moto/Ciclomotor,Automóvil",Bolivia Y J.B.Justo,2,0,1,0,1,0,0,"-32.91497166933,-60.71573072725",Calle,,ROSARIO,Rosario,Asfalto,No existe,II,Dentro,Urbana,Ninguna,No existe,Recta,Bueno,Buena,Diurna,Buen Tiempo,Lateral,S/D,Colisión,Ninguna,Faltante,Ninguna,Sin restricción,"-32.91497166933,-60.71573072725","['Bolivia', 'Justo']",2,,-32.91497166933,-60.71573072725,55.0,538.0,Municipio Rosario,Municipio,Rosario,820210,Servicio de Catastro e Información Territorial,IGN
2020,966,2020-02-26,Miercoles,,17:00:00,,0.0,2,"Moto/Ciclomotor,Pickup/Utilitario",Cullen Y Junin,2,1,0,0,1,0,0,"-32.92748012901,-60.709657430155",Calle,,ROSARIO,Rosario,Asfalto,No existe,II,Dentro,Urbana,Ninguna,No existe,Recta,Bueno,Buena,Diurna,Buen Tiempo,De alcance,S/D,Colisión,Ninguna,Horizontal,Ninguna,Sin restricción,"-32.92748012901,-60.709657430155","['Cullen', 'Junín']",2,,-32.92748012901,-60.709657430155,55.0,538.0,Municipio Rosario,Municipio,Rosario,820210,Servicio de Catastro e Información Territorial,IGN
2020,967,2020-02-26,Miercoles,,19:30:00,,0.0,2,"Automóvil,Tracción animal / Carro",Campbell Y La Republica,2,1,0,0,1,0,0,"-32.918490, -60.708810",Calle,,ROSARIO,Rosario,"Asfalto,Tierra",No existe,II,Dentro,Urbana,Ninguna,No existe,Recta,Bueno,Buena,Nocturna,Buen Tiempo,Lateral,S/D,Colisión,Ninguna,Faltante,Ninguna,Sin restricción,"-32.918490, -60.708810","['Campbell', 'La República']",2,,-32.91849,-60.70881,55.0,538.0,Municipio Rosario,Municipio,Rosario,820210,Servicio de Catastro e Información Territorial,IGN
2020,969,2020-02-17,Lunes,,01:50:00,,0.0,2,"Pickup/Utilitario,Bicicleta",Balcarce Y Urquiza,2,1,0,0,1,0,0,"-32.940509, -60.651087",Calle,,ROSARIO,Rosario,Asfalto,No existe,II,Dentro,Urbana,Señal Pare,No existe,Intersección,Bueno,Buena,"Nocturna,Con luz artificial",S/D,S/D,Ciclista,Atropello,Ninguna,Vertical,Ninguna,Sin restricción,"-32.940509, -60.651087","['Balcarce', 'Urquiza']",2,,-32.940509,-60.651087,55.0,538.0,Municipio Rosario,Municipio,Rosario,820210,Servicio de Catastro e Información Territorial,IGN
2020,970,2020-04-04,Sabado,,11:30:00,,0.0,2,"Moto/Ciclomotor,Automóvil",Laprida Y La Paz,3,2,0,0,1,0,0,"-32.91859, -60.67894",Calle,,ROSARIO,Rosario,"Asfalto,Hormigón",S/D,II,Dentro,Urbana,S/D,No existe,Intersección,Bueno,Buena,Diurna,S/D,Lateral,S/D,Colisión,Ninguna,S/D,S/D,S/D,"-32.91859, -60.67894","['Laprida', 'La Paz']",2,,-32.91859,-60.67894,55.0,538.0,Municipio Rosario,Municipio,Rosario,820210,Servicio de Catastro e Información Territorial,IGN
2020,971,2020-01-17,Viernes,,23:55:00,,0.0,2,"Moto/Ciclomotor,Automóvil",Superi 900,3,1,0,0,2,0,0,"-32.89483, -60.69515",Calle,,ROSARIO,Rosario,S/D,S/D,II,S/D,Urbana,S/D,S/D,Intersección,S/D,S/D,Nocturna,S/D,S/D,S/D,Colisión,S/D,S/D,S/D,S/D,"-32.89483, -60.69515",['Superi 900'],1,,-32.89483,-60.69515,55.0,538.0,Municipio Rosario,Municipio,Rosario,820210,Servicio de Catastro e Información Territorial,IGN
2020,972,2020-02-18,Martes,,07:20:00,,0.0,2,"Automóvil,Moto/Ciclomotor",Dorrego 2712,4,2,0,0,2,0,0,"-32.966958, -60.654902",Calle,,ROSARIO,Rosario,Asfalto,No existe,II,Dentro,Urbana,Ninguna,No existe,Intersección,Bueno,Buena,Amanecer,Buen Tiempo,Lateral,S/D,Colisión,Ninguna,Faltante,Ninguna,Sin restricción,"-32.966958, -60.654902",['Dorrego 2712'],1,,-32.966958,-60.654902,55.0,538.0,Municipio Rosario,Municipio,Rosario,820210,Servicio de Catastro e Información Territorial,IGN
2020,973,2020-04-04,Sabado,,20:15:00,,0.0,2,"Moto/Ciclomotor,Moto/Ciclomotor",Francia F Y Santa Fe,2,1,0,0,1,0,0,"-32.91859, -60.67894",Avenida,,ROSARIO,Rosario,"Asfalto,Hormigón",S/D,II,Dentro,Urbana,S/D,S/D,Intersección,"Bueno,Con baches",Buena,"Nocturna,Con luz artificial",S/D,Lateral,S/D,Colisión,S/D,S/D,S/D,S/D,"-32.91859, -60.67894","['Avenida Francia', 'Santa Fe']",2,,-32.91859,-60.67894,55.0,538.0,Municipio Rosario,Municipio,Rosario,820210,Servicio de Catastro e Información Territorial,IGN
2020,975,2020-04-03,Viernes,,11:40:00,,0.0,2,"Moto/Ciclomotor,Automóvil",Entre Rios Y Riobamba,3,3,0,0,0,0,0,"-32.96259, -60.64513",Calle,,ROSARIO,Rosario,Hormigón,S/D,II,Dentro,Urbana,S/D,S/D,Intersección,S/D,Buena,"Diurna,Con luz artificial",S/D,Lateral,S/D,Colisión,S/D,S/D,S/D,S/D,"-32.96259, -60.64513","['Entre Ríos', 'Riobamba']",2,,-32.96259,-60.64513,55.0,538.0,Municipio Rosario,Municipio,Rosario,820210,Servicio de Catastro e Información Territorial,IGN
2020,976,2020-02-21,Viernes,,03:55:00,,0.0,2,"Taxi/Remis,Automóvil",Av. Ovidio Lagos Y Tucuman,6,4,0,0,2,0,0,"-32.937609, -60.660233",Avenida,,ROSARIO,Rosario,Asfalto,No existe,II,Dentro,Urbana,Semáforo,Intermitente,Intersección,Bueno,Buena,"Nocturna,Con luz artificial",S/D,Lateral,S/D,Colisión,Ninguna,"Horizontal,Vertical",Ninguna,Sin restricción,"-32.937609, -60.660233","['Avenida Ovidio Lagos', 'Tucumán']",2,,-32.937609,-60.660233,55.0,538.0,Municipio Rosario,Municipio,Rosario,820210,Servicio de Catastro e Información Territorial,IGN
2020,978,2020-04-02,Jueves,,06:50:00,,0.0,2,"Moto/Ciclomotor,Ambulancia",Av. Pellegrini Y Bv. Avellaneda,3,1,0,0,2,0,0,"-32.94981, -60.68224",Avenida,,ROSARIO,Rosario,S/D,S/D,II,Dentro,Urbana,Semáforo,Funciona,Intersección,S/D,Buena,"Diurna,Con luz artificial",S/D,S/D,S/D,S/D,S/D,S/D,"Cordón divisorio,Vegetación",S/D,"-32.94981, -60.68224","['Pellegrini', 'Avellaneda']",2,,-32.94981,-60.68224,55.0,538.0,Municipio Rosario,Municipio,Rosario,820210,Servicio de Catastro e Información Territorial,IGN
2020,979,2020-04-01,Miercoles,,18:00:00,,0.0,2,"Moto/Ciclomotor,Moto/Ciclomotor",Av. Pellegrini Y Dorrego,2,1,0,0,1,0,0,"-32.95556, -60.65173",Avenida,,ROSARIO,Rosario,"Asfalto,Hormigón",S/D,II,Dentro,Urbana,S/D,S/D,Intersección,S/D,S/D,Diurna,S/D,Lateral,S/D,Colisión,S/D,S/D,S/D,S/D,"-32.95556, -60.65173","['Pellegrini', 'Dorrego']",2,,-32.95556,-60.65173,55.0,538.0,Municipio Rosario,Municipio,Rosario,820210,Servicio de Catastro e Información Territorial,IGN
2020,980,2020-02-21,Viernes,,07:20:00,,0.0,2,"Bicicleta,Automóvil",Rioja Y Rodriguez,2,1,0,0,1,0,0,"-32.943901, -60.659021",Calle,,ROSARIO,Rosario,Asfalto,No existe,II,Dentro,Urbana,Señal Pare,No existe,Intersección,Bueno,S/D,Amanecer,S/D,S/D,Ciclista,Atropello,Ninguna,Vertical,Ninguna,S/D,"-32.943901, -60.659021","['Rioja', 'Rodríguez']",2,,-32.943901,-60.659021,55.0,538.0,Municipio Rosario,Municipio,Rosario,820210,Servicio de Catastro e Información Territorial,IGN
2020,981,2020-04-06,Lunes,,16:00:00,,0.0,2,"Moto/Ciclomotor,Automóvil",Virasoro Y Sarmiento,2,1,0,0,1,0,0,"-32.96993, -60.64403",Calle,,ROSARIO,Rosario,Asfalto,No existe,II,Dentro,Urbana,Señal Pare,Funciona,Intersección,Bueno,Buena,Diurna,Buen Tiempo,Lateral,S/D,Colisión,Ninguna,Vertical,Ninguna,Sin restricción,"-32.96993, -60.64403","['Virasoro', 'Sarmiento']",2,,-32.96993,-60.64403,55.0,538.0,Municipio Rosario,Municipio,Rosario,820210,Servicio de Catastro e Información Territorial,IGN