anio_acci,nro_acci,fecha,desc_dia,fecha_aprox,hora_aprox,desc_ruta,km,cant_participantes,desc_participante,calle_avenida_km,total,heridos_leves,heridos_graves,heridos_gravisimos,ilesos,fallecidos,sin_datos,posicion_XY,desc_tipo_via,desc_ruta_ori,desc_loc,desc_dpto,desc_tipo_calzada,desc_tipo_banquina,desc_unidad_regional,desc_lugar_calzada,desc_zona,desc_prioridad,desc_estado_semaforo,desc_lugar_via,desc_estado_via,desc_estado_visibilidad,desc_luminosidad,desc_estado_clima,desc_tipo_colision,desc_tipo_atropello,desc_tipo_hecho,desc_pres_calzada,desc_senializacion,desc_separacion_via,desc_restriccion,forma_geocod,calle_lista,numero_calles,calles_osm,lat,lon,index_right,gid,fna,gna,nam,in1,fdc,sag
2020,982,2020-04-06,Lunes,,10:00:00,,0.0,2,"Automóvil,Automóvil",Av. Pellegrini Y J.M.de Rosas,2,0,1,0,1,0,0,"-32.95892, -60.63414",Avenida,,ROSARIO,Rosario,S/D,S/D,II,Dentro,Urbana,S/D,S/D,S/D,S/D,S/D,S/D,S/D,Lateral,S/D,Colisión,S/D,Vertical,S/D,Sin restricción,"-32.95892, -60.63414","['Pellegrini', 'De Rosas']",2,,-32.95892,-60.63414,55.0,538.0,Municipio Rosario,Municipio,Rosario,820210,Servicio de Catastro e Información Territorial,IGN
2020,983,2020-01-18,Sabado,,15:55:00,,0.0,3,"Camión,Automóvil,Moto/Ciclomotor",Av. Pte.Peron 7900,4,2,2,0,0,0,0,"-32.9776, -60.7305",Calle,,ROSARIO,Rosario,S/D,S/D,II,S/D,Urbana,S/D,S/D,Recta,S/D,S/D,Diurna,S/D,Múltiple,S/D,Colisión,S/D,S/D,S/D,S/D,"-32.9776, -60.7305",['Presidenteperon 7900'],1,,-32.9776,-60.7305,55.0,538.0,Municipio Rosario,Municipio,Rosario,820210,Servicio de Catastro e Información Territorial,IGN
2020,984,2020-02-16,Domingo,,15:15:00,,0.0,2,"Moto/Ciclomotor,Automóvil",Paraguay Y San Juan,2,1,0,0,1,0,0,"-32.949190, -60.644664",Calle,,ROSARIO,Rosario,Asfalto,No existe,II,Dentro,Urbana,Semáforo,Funciona,Recta,Bueno,Buena,Diurna,Buen Tiempo,De alcance,S/D,Colisión,Ninguna,"Horizontal,Vertical",Ninguna,Sin restricción,"-32.949190, -60.644664","['Paraguay', 'San Juan']",2,,-32.94919,-60.644664,55.0,538.0,Municipio Rosario,Municipio,Rosario,820210,Servicio de Catastro e Información Territorial,IGN
2020,985,2020-04-02,Jueves,,13:50:00,,0.0,2,"Moto/Ciclomotor,Automóvil",San Juan Y Pueyrredon,2,1,0,0,1,0,0,"-32.94697, -60.65837",Calle,,ROSARIO,Rosario,Asfalto,No existe,II,Dentro,S/D,Ninguna,No existe,Intersección,Bueno,Buena,Diurna,Buen Tiempo,De alcance,S/D,Colisión,Ninguna,Faltante,Ninguna,Sin restricción,"-32.94697, -60.65837","['San Juan', 'Pueyrredón']",2,,-32.94697,-60.65837,55.0,538.0,Municipio Rosario,Municipio,Rosario,820210,Servicio de Catastro e Información Territorial,IGN
2020,986,2020-04-03,Viernes,,08:30:00,,0.0,2,"Moto/Ciclomotor,Automóvil",Urquiza Y Rio De Janeiro,2,1,0,0,1,0,0,"-32.93551, -60.67954",Calle,,ROSARIO,Rosario,Asfalto,No existe,II,Dentro,Urbana,Ninguna,No existe,Intersección,Bueno,Buena,Diurna,Buen Tiempo,De alcance,S/D,Colisión,Ninguna,Faltante,Ninguna,Sin restricción,"-32.93551, -60.67954","['Urquiza', 'Río de Janeiro']",2,,-32.93551,-60.67954,55.0,538.0,Municipio Rosario,Municipio,Rosario,820210,Servicio de Catastro e Información Territorial,IGN
2020,987,2020-02-12,Miercoles,,20:00:00,,0.0,2,"Moto/Ciclomotor,Pickup/Utilitario",Lima Y E.Zeballos,3,1,0,0,2,0,0,"-32.946951, -60.685372",Calle,,ROSARIO,Rosario,Asfalto,No existe,II,Dentro,Urbana,Señal Pare,No existe,Intersección,Bueno,Buena,"Nocturna,Con luz artificial",Buen Tiempo,Lateral,S/D,Colisión,Ninguna,Vertical,Ninguna,Sin restricción,"-32.946951, -60.685372","['Lima', 'Zeballos']",2,,-32.946951,-60.685372,55.0,538.0,Municipio Rosario,Municipio,Rosario,820210,Servicio de Catastro e Información Territorial,IGN
2020,989,2020-02-14,Viernes,,14:30:00,,0.0,2,"Pickup/Utilitario,Moto/Ciclomotor",Av. Lugones Y Bv. Oro�o,2,1,0,0,1,0,0,"-32.958294, -60.656880",Avenida,,ROSARIO,Rosario,Asfalto,No existe,II,Dentro,Urbana,Ninguna,No existe,Intersección,Bueno,S/D,Diurna,S/D,Lateral,S/D,Colisión,Ninguna,Faltante,Cordón divisorio,Sin restricción,"-32.958294, -60.656880","['Lugones', 'Bulevar Nicasio Oroño']",2,,-32.958294,-60.65688,55.0,538.0,Municipio Rosario,Municipio,Rosario,820210,Servicio de Catastro e Información Territorial,IGN
2020,991,2020-02-15,Sabado,,15:00:00,,0.0,2,"Automóvil,Bicicleta",Montevideo Y Laprida,2,1,0,0,1,0,0,"-32.956825, -60.636659",Calle,,ROSARIO,Rosario,Asfalto,No existe,II,Dentro,Urbana,Señal Pare,No existe,Intersección,Bueno,Buena,Diurna,S/D,S/D,Ciclista,Atropello,Ninguna,"Horizontal,Vertical",Ninguna,Sin restricción,"-32.956825, -60.636659","['Montevideo', 'Laprida']",2,,-32.956825,-60.636659,55.0,538.0,Municipio Rosario,Municipio,Rosario,820210,Servicio de Catastro e Información Territorial,IGN
2020,993,2020-02-11,Martes,,20:50:00,,0.0,2,"Moto/Ciclomotor,Automóvil",Av. Eva Peron Y Pascual Rosas,2,1,0,0,1,0,0,"-32.937891, -60.685949",Avenida,,ROSARIO,Rosario,Asfalto,No existe,II,Dentro,Urbana,Semáforo,Funciona,Intersección,Bueno,Buena,"Nocturna,Con luz artificial",Buen Tiempo,Lateral,S/D,Colisión,Ninguna,"Horizontal,Vertical",Ninguna,Sin restricción,"-32.937891, -60.685949","['Avenida Eva Perón', 'Pascual Rosas']",2,,-32.937891,-60.685949,55.0,538.0,Municipio Rosario,Municipio,Rosario,820210,Servicio de Catastro e Información Territorial,IGN
2020,996,2020-01-20,Lunes,,11:20:00,,0.0,2,"Bicicleta,Pickup/Utilitario",Av. Luis Carballo Y Av. Francia Bis,2,1,0,0,1,0,0,"-32.9254, -60.6616",Avenida,,ROSARIO,Rosario,S/D,S/D,II,S/D,Urbana,S/D,S/D,Rotonda,S/D,S/D,Diurna,S/D,S/D,Ciclista,Atropello,S/D,S/D,S/D,S/D,"-32.9254, -60.6616","['Avenida Doctor Luis Cándido Carballo', 'Avenida Francia']",2,,-32.9254,-60.6616,55.0,538.0,Municipio Rosario,Municipio,Rosario,820210,Servicio de Catastro e Información Territorial,IGN
2020,997,2020-02-12,Miercoles,,16:40:00,,0.0,2,"Moto/Ciclomotor,Peatón",Cordoba Y Dorrego,2,2,0,0,0,0,0,"-32.944454, -60.649236",Calle,,ROSARIO,Rosario,Asfalto,No existe,II,Dentro,Urbana,Ninguna,No existe,Intersección,Bueno,Buena,Diurna,Buen Tiempo,S/D,Peatón,Atropello,Ninguna,Faltante,Ninguna,Sin restricción,"-32.944454, -60.649236","['Córdoba', 'Dorrego']",2,,-32.944454,-60.649236,55.0,538.0,Municipio Rosario,Municipio,Rosario,820210,Servicio de Catastro e Información Territorial,IGN
2020,1000,2020-02-12,Miercoles,,17:30:00,,0.0,2,"Moto/Ciclomotor,Peatón",Italia Y San Lorenzo,2,2,0,0,0,0,0,"-32.942411, -60.647310",Calle,,ROSARIO,Rosario,Asfalto,No existe,II,Dentro,Urbana,Ninguna,Funciona,Intersección,Bueno,Buena,Diurna,S/D,S/D,Peatón,Atropello,Ninguna,"Horizontal,Vertical",Ninguna,Sin restricción,"-32.942411, -60.647310","['Italia', 'San Lorenzo']",2,,-32.942411,-60.64731,55.0,538.0,Municipio Rosario,Municipio,Rosario,820210,Servicio de Catastro e Información Territorial,IGN
2020,1004,2020-02-11,Martes,,13:30:00,,0.0,2,"Moto/Ciclomotor,Pickup/Utilitario",Constitucion Y Santa Fe,2,1,0,0,1,0,0,"-32.938677, -60.673388",Calle,,ROSARIO,Rosario,Asfalto,No existe,II,Dentro,Urbana,Ninguna,No existe,Recta,Bueno,Buena,Diurna,Buen Tiempo,De alcance,S/D,Colisión,Ninguna,Faltante,Ninguna,Sin restricción,"-32.938677, -60.673388","['Constitución', 'Santa Fe']",2,,-32.938677,-60.673388,55.0,538.0,Municipio Rosario,Municipio,Rosario,820210,Servicio de Catastro e Información Territorial,IGN
2020,1007,2020-02-12,Miercoles,,12:05:00,,0.0,2,"Taxi/Remis,Moto/Ciclomotor",Mariano Moreno Y San Lorenzo,2,1,0,0,1,0,0,"-32.941937, -60.649978",Calle,,ROSARIO,Rosario,Asfalto,No existe,II,Dentro,Urbana,Ninguna,No existe,Intersección,Bueno,Buena,Diurna,Buen Tiempo,Lateral,S/D,Colisión,Ninguna,Horizontal,Ninguna,Sin restricción,"-32.941937, -60.649978","['Mariano Moreno', 'San Lorenzo']",2,,-32.941937,-60.649978,55.0,538.0,Municipio Rosario,Municipio,Rosario,820210,Servicio de Catastro e Información Territorial,IGN
2020,1011,2020-02-18,Martes,,10:30:00,,0.0,2,"Pickup/Utilitario,Moto/Ciclomotor",Av. Eva Peron Y F.More,2,1,0,0,0,0,1,"-32.936498, -60.693596",Avenida,,ROSARIO,Rosario,Asfalto,No existe,II,Dentro,Urbana,Ninguna,Funciona,Intersección,Bueno,Buena,Diurna,Buen Tiempo,Lateral,S/D,Colisión,Ninguna,"Horizontal,Vertical",Ninguna,Sin restricción,"-32.936498, -60.693596","['Avenida Eva Perón', 'Felipe Moré']",2,,-32.936498,-60.693596,55.0,538.0,Municipio Rosario,Municipio,Rosario,820210,Servicio de Catastro e Información Territorial,IGN
2020,1013,2020-02-18,Martes,,06:00:00,,0.0,2,"Moto/Ciclomotor,Automóvil",Balcarce Y Montevideo,3,2,0,0,1,0,0,"-32.953697, -60.654379",Calle,,ROSARIO,Rosario,Asfalto,No existe,II,Dentro,Urbana,Ninguna,No existe,Intersección,Bueno,Buena,Diurna,Buen Tiempo,Lateral,S/D,Colisión,Ninguna,Faltante,Ninguna,Sin restricción,"-32.953697, -60.654379","['Balcarce', 'Montevideo']",2,,-32.953697,-60.654379,55.0,538.0,Municipio Rosario,Municipio,Rosario,820210,Servicio de Catastro e Información Territorial,IGN
2020,1014,2020-02-18,Martes,,17:45:00,,0.0,2,"Moto/Ciclomotor,Automóvil",Av. Lugones Y Bv. Oro�o,3,1,0,0,2,0,0,"-32.958292, -60.656876",Avenida,,ROSARIO,Rosario,Asfalto,No existe,II,Dentro,Urbana,Ninguna,No existe,Recta,Bueno,Buena,Diurna,Buen Tiempo,Lateral,S/D,Colisión,Ninguna,Faltante,Ninguna,Sin restricción,"-32.958292, -60.656876","['Lugones', 'Bulevar Nicasio Oroño']",2,,-32.958292,-60.656876,55.0,538.0,Municipio Rosario,Municipio,Rosario,820210,Servicio de Catastro e Información Territorial,IGN
2020,1015,2020-02-19,Miercoles,,10:45:00,,0.0,2,"Camión Chasis,Peatón",Av. Belgrano Y Laprida,2,1,0,0,1,0,0,"-32.944953, -60.632779",Avenida,,ROSARIO,Rosario,Asfalto,No existe,II,Dentro,Urbana,Ninguna,Funciona,Intersección,Bueno,Buena,Diurna,Buen Tiempo,S/D,Peatón,Atropello,Ninguna,"Horizontal,Vertical",Ninguna,Sin restricción,"-32.944953, -60.632779","['Belgrano', 'Laprida']",2,,-32.944953,-60.632779,55.0,538.0,Municipio Rosario,Municipio,Rosario,820210,Servicio de Catastro e Información Territorial,IGN
2020,1066,2020-01-24,Viernes,,23:00:00,,0.0,1,Automóvil,Av. Illia 1500,1,0,0,0,0,1,0,"-32.93632, -60.64137",Avenida,,ROSARIO,Rosario,Asfalto,No existe,II,Dentro,Urbana,Ninguna,No existe,Recta,Bueno,Buena,Nocturna,Buen Tiempo,Contra objeto fijo,S/D,Colisión,Ninguna,Faltante,"Ninguna,S/D",Sin restricción,"-32.93632, -60.64137",['Illia 1500'],1,,-32.93632,-60.64137,55.0,538.0,Municipio Rosario,Municipio,Rosario,820210,Servicio de Catastro e Información Territorial,IGN
2020,1069,2020-02-21,Viernes,,13:20:00,,0.0,2,"Automóvil,Automóvil",Cochabamba Y Italia,2,1,0,0,1,0,0,"-32.956692, -60.650883",Calle,,ROSARIO,Rosario,Asfalto,No existe,II,Dentro,Urbana,Señal Pare,No existe,Intersección,Bueno,Buena,Diurna,Buen Tiempo,Lateral,S/D,Colisión,Ninguna,Vertical,Ninguna,Sin restricción,"-32.956692, -60.650883","['Cochabamba', 'Italia']",2,,-32.956692,-60.650883,55.0,538.0,Municipio Rosario,Municipio,Rosario,820210,Servicio de Catastro e Información Territorial,IGN
2020,1070,2020-02-18,Martes,,11:55:00,,0.0,3,"Transporte de Pasajeros Urbano (> 8 asientos),Automóvil,Pickup/Utilitario",Valparaiso Y 3 De Febrero,6,2,0,0,4,0,0,"-32.944947, -60.683485",Calle,,ROSARIO,Rosario,Asfalto,No existe,II,Dentro,Urbana,Ninguna,No existe,Intersección,Bueno,Buena,Diurna,Buen Tiempo,Múltiple,S/D,Colisión,Ninguna,Faltante,Ninguna,Sin restricción,"-32.944947, -60.683485","['Valparaíso', '3 de Febrero']",2,,-32.944947,-60.683485,55.0,538.0,Municipio Rosario,Municipio,Rosario,820210,Servicio de Catastro e Información Territorial,IGN
2020,1071,2020-02-19,Miercoles,,16:40:00,,0.0,2,"Pickup/Utilitario,Automóvil",Av. Ovidio Lagos Y Montevideo,3,2,0,0,1,0,0,"-32.951973, -60.663930",Avenida,,ROSARIO,Rosario,Asfalto,No existe,II,Dentro,Urbana,Semáforo,Funciona,Intersección,Bueno,Buena,Diurna,Buen Tiempo,Lateral,S/D,"Colisión,Vuelco",Ninguna,"Horizontal,Vertical",Ninguna,Sin restricción,"-32.951973, -60.663930","['Avenida Ovidio Lagos', 'Montevideo']",2,,-32.951973,-60.66393,55.0,538.0,Municipio Rosario,Municipio,Rosario,820210,Servicio de Catastro e Información Territorial,IGN
2020,1072,2020-02-19,Miercoles,,10:30:00,,0.0,2,"Moto/Ciclomotor,Automóvil",Cerrito Y 1 de Mayo,2,1,0,0,1,0,0,"-32.963393, -60.633671",Calle,,ROSARIO,Rosario,Asfalto,No existe,II,Dentro,Urbana,Ninguna,No existe,Intersección,Deteriorada,Buena,Diurna,Buen Tiempo,Lateral,S/D,Colisión,S/D,Faltante,Ninguna,Sin restricción,"-32.963393, -60.633671","['Cerrito', 'Primero de Mayo']",2,,-32.963393,-60.633671,55.0,538.0,Municipio Rosario,Municipio,Rosario,820210,Servicio de Catastro e Información Territorial,IGN
2020,1073,2020-02-21,Viernes,,22:35:00,,0.0,3,"Moto/Ciclomotor,Transporte de Pasajeros Urbano (> 8 asientos),Pickup/Utilitario",Mendoza Y Pascual Rosas,7,2,0,0,5,0,0,"-32.943028, -60.687234",Calle,,ROSARIO,Rosario,Asfalto,No existe,II,Dentro,Urbana,Semáforo,Funciona,Intersección,Bueno,Buena,"Nocturna,Con luz artificial",Buen Tiempo,Múltiple,S/D,Colisión,Ninguna,"Horizontal,Vertical",Ninguna,Sin restricción,"-32.943028, -60.687234","['Mendoza', 'Pascual Rosas']",2,,-32.943028,-60.687234,55.0,538.0,Municipio Rosario,Municipio,Rosario,820210,Servicio de Catastro e Información Territorial,IGN
2020,1074,2020-02-01,Sabado,,16:15:00,,0.0,3,"Taxi/Remis,Automóvil,Automóvil",Av. Ovidio Lagos Y Guemes,4,2,0,0,2,0,0,"-32.931772, -60.658825",Avenida,,ROSARIO,Rosario,Asfalto,No existe,II,Dentro,Urbana,Semáforo,Funciona,Intersección,Bueno,Buena,Diurna,Buen Tiempo,Múltiple,S/D,Colisión,Ninguna,"Horizontal,Vertical",Ninguna,Sin restricción,"-32.931772, -60.658825","['Avenida Ovidio Lagos', 'Güemes']",2,,-32.931772,-60.658825,55.0,538.0,Municipio Rosario,Municipio,Rosario,820210,Servicio de Catastro e Información Territorial,IGN
2020,1075,2020-02-12,Miercoles,,12:00:00,,0.0,2,"Moto/Ciclomotor,Peatón",Entre Rios 655,4,1,0,0,3,0,0,"-32.944131, -60.640470",Calle,,ROSARIO,Rosario,Asfalto,No existe,II,Dentro,Urbana,Marca Vial,No existe,Recta,Bueno,Buena,Diurna,Buen Tiempo,S/D,Peatón,Atropello,Ninguna,Horizontal,Ninguna,Sin restricción,"-32.944131, -60.640470",['Entre Rios 655'],1,,-32.944131,-60.64047,55.0,538.0,Municipio Rosario,Municipio,Rosario,820210,Servicio de Catastro e Información Territorial,IGN
2020,1076,2020-02-13,Jueves,,13:50:00,,0.0,2,"Moto/Ciclomotor,Automóvil",Bv. Oroño Y Rivadavia,2,1,0,0,0,0,1,"-32.932122, -60.650304",Avenida,,ROSARIO,Rosario,Asfalto,No existe,II,Dentro,Urbana,Semáforo,Funciona,Intersección,Bueno,Buena,Diurna,Buen Tiempo,Lateral,S/D,Colisión,Ninguna,"Horizontal,Vertical","Cordón divisorio,Vegetación",Sin restricción,"-32.932122, -60.650304","['Bulevar Nicasio Oroño', 'Rivadavia']",2,,-32.932122,-60.650304,55.0,538.0,Municipio Rosario,Municipio,Rosario,820210,Servicio de Catastro e Información Territorial,IGN
2020,1077,2020-02-19,Miercoles,,15:00:00,,0.0,2,"Bicicleta,Automóvil",Entre Rios Y Viamonte,2,1,0,0,0,0,1,"-32.964789, -60.645729",Calle,,ROSARIO,Rosario,Asfalto,No existe,II,Dentro,Urbana,Semáforo,Funciona,Intersección,Bueno,Buena,Diurna,Buen Tiempo,S/D,Ciclista,Atropello,Ninguna,"Horizontal,Vertical",Ninguna,Sin restricción,"-32.964789, -60.645729","['Entre Ríos', 'Viamonte']",2,,-32.964789,-60.645729,55.0,538.0,Municipio Rosario,Municipio,Rosario,820210,Servicio de Catastro e Información Territorial,IGN
2020,1078,2020-02-06,Jueves,,08:45:00,,0.0,2,"Pickup/Utilitario,Automóvil",AV LAS PALMERAS  Y BV ORO�O,2,1,0,0,1,0,0,"-32.960360, -60.657634",Avenida,,ROSARIO,Rosario,Asfalto,No existe,II,Dentro,Urbana,Ninguna,No existe,Recta,Bueno,Buena,Diurna,Buen Tiempo,De alcance,S/D,Colisión,Ninguna,Faltante,"Cordón divisorio,Vegetación",Sin restricción,"-32.960360, -60.657634","['Las Palmeras', 'Bulevar Nicasio Oroño']",2,,-32.96036,-60.657634,55.0,538.0,Municipio Rosario,Municipio,Rosario,820210,Servicio de Catastro e Información Territorial,IGN
2020,1089,2020-04-01,Miercoles,,09:20:00,,0.0,2,"Automóvil,Moto/Ciclomotor",Mendoza 7000,2,1,0,0,1,0,0,"-32.94029, -60.71617",S/D,,ROSARIO,Rosario,S/D,S/D,II,S/D,S/D,S/D,S/D,S/D,S/D,S/D,S/D,S/D,S/D,S/D,S/D,S/D,S/D,S/D,S/D,"-32.94029, -60.71617",['Mendoza 7000'],1,,-32.94029,-60.71617,55.0,538.0,Municipio Rosario,Municipio,Rosario,820210,Servicio de Catastro e Información Territorial,IGN
2020,1096,2020-02-24,Lunes,,21:50:00,,0.0,2,"Moto/Ciclomotor,Taxi/Remis",Av. Eudoro Carrasco Y Martin Fierro,2,1,0,0,1,0,0,"-32.876059613517,-60.688254343803",Avenida,,ROSARIO,Rosario,Asfalto,No existe,II,Dentro,Urbana,Semáforo,Funciona,Recta,Bueno,S/D,Nocturna,S/D,S/D,S/D,Colisión,S/D,Vertical,Cordón divisorio,S/D,"-32.876059613517,-60.688254343803","['Avenida Eudoro Carrasco', 'Martin Fierro']",2,,-32.876059613517,-60.688254343803,55.0,538.0,Municipio Rosario,Municipio,Rosario,820210,Servicio de Catastro e Información Territorial,IGN
2020,1100,2020-01-27,Lunes,,,,0.0,2,"Automóvil,Moto/Ciclomotor",Ferreyra Y J.B.Justo,3,2,0,0,1,0,0,"    -32.91395, -60.68041",Calle,,ROSARIO,Rosario,Asfalto,S/D,II,Dentro,Urbana,S/D,S/D,Intersección,S/D,S/D,S/D,S/D,Lateral,S/D,Colisión,S/D,S/D,S/D,S/D,"    -32.91395, -60.68041","['Ferreyra', 'Justo']",2,,-32.91395,-60.68041,55.0,538.0,Municipio Rosario,Municipio,Rosario,820210,Servicio de Catastro e Información Territorial,IGN
2020,1113,2020-04-05,Domingo,,21:30:00,,0.0,2,"Taxi/Remis,Moto/Ciclomotor",Bv. Avellaneda Y Dr.Rivas,2,0,0,0,1,1,0,"-32.97635, -60.68859",Calle,,ROSARIO,Rosario,Asfalto,No existe,II,Dentro,Urbana,Ninguna,No existe,Intersección,Bueno,S/D,Nocturna,Buen Tiempo,S/D,S/D,Colisión,Ninguna,Faltante,"Ninguna,S/D",Sin restricción,"-32.97635, -60.68859","['Avellaneda', 'Doctor Francisco Riva']",2,,-32.97635,-60.68859,55.0,538.0,Municipio Rosario,Municipio,Rosario,820210,Servicio de Catastro e Información Territorial,IGN
2020,1126,2020-01-17,Viernes,,,,0.0,2,"Moto/Ciclomotor,Automóvil",Bv. Avellaneda Y Gaboto,3,0,2,0,1,0,0,"-32.96599, -60.68598",Avenida,,ROSARIO,Rosario,S/D,S/D,II,S/D,Urbana,S/D,S/D,Intersección,S/D,S/D,S/D,S/D,S/D,S/D,Colisión,S/D,S/D,S/D,S/D,"-32.96599, -60.68598","['Avellaneda', 'Gaboto']",2,,-32.96599,-60.68598,55.0,538.0,Municipio Rosario,Municipio,Rosario,820210,Servicio de Catastro e Información Territorial,IGN
2020,1146,2020-01-28,Martes,,,,0.0,2,"Moto/Ciclomotor,Automóvil",1 de Mayo Y Av. E.Lopez,2,0,1,0,1,0,0,"    -32.96779, -60.63466",Calle,,ROSARIO,Rosario,Asfalto,S/D,II,Dentro,Urbana,S/D,S/D,Intersección,S/D,S/D,S/D,S/D,S/D,S/D,Colisión,S/D,S/D,S/D,S/D,"    -32.96779, -60.63466","['Primero de Mayo', 'Lopez']",2,,-32.96779,-60.63466,55.0,538.0,Municipio Rosario,Municipio,Rosario,820210,Servicio de Catastro e Información Territorial,IGN
2020,1159,2020-01-28,Martes,,14:30:00,,0.0,2,"Automóvil,Moto/Ciclomotor",Bv. Argentino 4621,4,2,0,0,2,0,0,"    -32.92409, -60.72449",Avenida,,ROSARIO,Rosario,Asfalto,S/D,II,Dentro,Urbana,Ninguna,S/D,Recta,S/D,S/D,Diurna,S/D,S/D,S/D,Colisión,S/D,S/D,S/D,S/D,"    -32.92409, -60.72449",['Argentino 4621'],1,,-32.92409,-60.72449,55.0,538.0,Municipio Rosario,Municipio,Rosario,820210,Servicio de Catastro e Información Territorial,IGN
2020,1247,2020-04-08,Miercoles,,10:00:00,,0.0,2,"Bicicleta,Automóvil",Jose Ingenieros Y Ottone Bis,2,1,0,0,1,0,0,"-32.91673, -60.701",Calle,,ROSARIO,Rosario,Asfalto,No existe,II,Dentro,Urbana,Ninguna,No existe,Recta,Bueno,Buena,Diurna,Buen Tiempo,S/D,Ciclista,Atropello,Ninguna,Faltante,Ninguna,Sin restricción,"-32.91673, -60.701","['José Ingenieros', 'Ottone']",2,,-32.91673,-60.701,55.0,538.0,Municipio Rosario,Municipio,Rosario,820210,Servicio de Catastro e Información Territorial,IGN
2020,1248,2020-04-13,Lunes,,17:30:00,,0.0,2,"Automóvil,Moto/Ciclomotor",Urquiza Y Tte.Agneta,3,0,1,0,2,0,0,"-32.93311, -60.70012",Calle,,ROSARIO,Rosario,Asfalto,No existe,II,Dentro,Urbana,Ninguna,No existe,Intersección,S/D,S/D,Diurna,S/D,Lateral,S/D,Colisión,S/D,Faltante,Ninguna,Sin restricción,"-32.93311, -60.70012","['Urquiza', 'Teniente Agneta']",2,,-32.93311,-60.70012,55.0,538.0,Municipio Rosario,Municipio,Rosario,820210,Servicio de Catastro e Información Territorial,IGN
2020,1249,2020-04-11,Sabado,,11:35:00,,0.0,2,"Automóvil,Peatón",Nicaragua Y Pampa,2,1,0,0,1,0,0,"-32.94698, -60.72046",Calle,,ROSARIO,Rosario,Asfalto,No existe,II,Dentro,Urbana,Ninguna,No existe,Intersección,Bueno,Buena,Diurna,Buen Tiempo,S/D,Peatón,Atropello,Ninguna,Faltante,S/D,Sin restricción,"-32.94698, -60.72046","['Nicaragua', 'Pampa']",2,,-32.94698,-60.72046,55.0,538.0,Municipio Rosario,Municipio,Rosario,820210,Servicio de Catastro e Información Territorial,IGN
2020,1250,2020-04-11,Sabado,,14:30:00,,0.0,2,"Automóvil,Moto/Ciclomotor",Bv. Oroño Y Coulin,2,1,0,0,1,0,0,"-32.98896, -60.66478",Avenida,,ROSARIO,Rosario,Asfalto,No existe,II,S/D,Urbana,Ninguna,No existe,Recta,Bueno,Buena,Diurna,Buen Tiempo,Otro,S/D,Colisión,Ninguna,Faltante,Ninguna,Sin restricción,"-32.98896, -60.66478","['Bulevar Nicasio Oroño', 'Coulin']",2,,-32.98896,-60.66478,55.0,538.0,Municipio Rosario,Municipio,Rosario,820210,Servicio de Catastro e Información Territorial,IGN
2020,1251,2020-04-13,Lunes,,15:05:00,,0.0,1,Moto/Ciclomotor,Av. Uriburu Y Callao,1,1,0,0,0,0,0,"-32.99155, -60.67245",Calle,,ROSARIO,Rosario,Asfalto,No existe,II,Dentro,Urbana,Semáforo,Funciona,Recta,Bueno,Buena,Diurna,Buen Tiempo,Otro,S/D,Cañda ocupante,Ninguna,S/D,Ninguna,Sin restricción,"-32.99155, -60.67245","['Uriburu', 'Callao']",2,,-32.99155,-60.67245,55.0,538.0,Municipio Rosario,Municipio,Rosario,820210,Servicio de Catastro e Información Territorial,IGN
2020,1252,2020-04-14,Martes,,18:30:00,,0.0,2,"Moto/Ciclomotor,Pickup/Utilitario",Av. Ovidio Lagos Y Hilarion de la Quintana,2,1,0,0,1,0,0,"-33.00184, -60.67562",Calle,,ROSARIO,Rosario,Asfalto,No existe,II,S/D,Urbana,Ninguna,No existe,Recta,Bueno,Buena,Atardecer,Buen Tiempo,S/D,S/D,Colisión,Ninguna,Faltante,Ninguna,Sin restricción,"-33.00184, -60.67562","['Avenida Ovidio Lagos', 'Hilarión de la Quintana']",2,,-33.00184,-60.67562,55.0,538.0,Municipio Rosario,Municipio,Rosario,820210,Servicio de Catastro e Información Territorial,IGN
2020,1255,2020-04-14,Martes,,17:20:00,,0.0,2,"Bicicleta,Moto/Ciclomotor",Av. Uriburu Y Ayacucho,2,2,0,0,0,0,0,"-32.99029, -60.6369",Calle,,ROSARIO,Rosario,Asfalto,S/D,II,Dentro,Urbana,Ninguna,S/D,Intersección,Bueno,S/D,S/D,Buen Tiempo,S/D,Ciclista,Atropello,Ninguna,Faltante,Guardarrail,Sin restricción,"-32.99029, -60.6369","['Uriburu', 'Ayacucho']",2,,-32.99029,-60.6369,55.0,538.0,Municipio Rosario,Municipio,Rosario,820210,Servicio de Catastro e Información Territorial,IGN
2020,1257,2020-04-12,Domingo,,15:00:00,,0.0,2,"Moto/Ciclomotor,Moto/Ciclomotor",Chacabuco Y Gaboto,3,3,0,0,0,0,0,"-32.97609, -60.62955",Calle,,ROSARIO,Rosario,Asfalto,No existe,II,Dentro,Urbana,Ninguna,No existe,Intersección,Bueno,Buena,Diurna,Buen Tiempo,Lateral,S/D,Colisión,Ninguna,Faltante,Guardarrail,Sin restricción,"-32.97609, -60.62955","['Chacabuco', 'Gaboto']",2,,-32.97609,-60.62955,55.0,538.0,Municipio Rosario,Municipio,Rosario,820210,Servicio de Catastro e Información Territorial,IGN