anio_acci,nro_acci,fecha,desc_dia,fecha_aprox,hora_aprox,desc_ruta,km,cant_participantes,desc_participante,calle_avenida_km,total,heridos_leves,heridos_graves,heridos_gravisimos,ilesos,fallecidos,sin_datos,posicion_XY,desc_tipo_via,desc_ruta_ori,desc_loc,desc_dpto,desc_tipo_calzada,desc_tipo_banquina,desc_unidad_regional,desc_lugar_calzada,desc_zona,desc_prioridad,desc_estado_semaforo,desc_lugar_via,desc_estado_via,desc_estado_visibilidad,desc_luminosidad,desc_estado_clima,desc_tipo_colision,desc_tipo_atropello,desc_tipo_hecho,desc_pres_calzada,desc_senializacion,desc_separacion_via,desc_restriccion,forma_geocod,calle_lista,numero_calles,calles_osm,lat,lon,index_right,gid,fna,gna,nam,in1,fdc,sag
2020,1259,2020-04-13,Lunes,,14:40:00,,0.0,2,"Automóvil,Moto/Ciclomotor",Italia Y Ocampo,2,1,0,0,1,0,0,"-32.96473, -60.65293",Calle,,ROSARIO,Rosario,S/D,S/D,II,Dentro,Urbana,S/D,S/D,Intersección,S/D,S/D,Diurna,S/D,Lateral,S/D,Colisión,S/D,S/D,S/D,S/D,"-32.96473, -60.65293","['Italia', 'Ocampo']",2,,-32.96473,-60.65293,55.0,538.0,Municipio Rosario,Municipio,Rosario,820210,Servicio de Catastro e Información Territorial,IGN
2020,1260,2020-04-08,Miercoles,,12:20:00,,0.0,2,"Pickup/Utilitario,Moto/Ciclomotor",Lavalle Y Urquiza,2,1,0,0,1,0,0,"-32.93583, -60.6769",Calle,,ROSARIO,Rosario,Asfalto,S/D,II,Dentro,Urbana,Ninguna,No existe,Intersección,S/D,Buena,Diurna,S/D,Lateral,S/D,Colisión,S/D,S/D,S/D,S/D,"-32.93583, -60.6769","['Lavalle', 'Urquiza']",2,,-32.93583,-60.6769,55.0,538.0,Municipio Rosario,Municipio,Rosario,820210,Servicio de Catastro e Información Territorial,IGN
2020,1281,2020-02-04,Martes,,11:35:00,,0.0,2,"Moto/Ciclomotor,Camión c / Acoplado",Bv. Avellaneda Y Lamadrid,2,1,0,0,1,0,0,"-32.998373425436,-60.68895128411",Avenida,,ROSARIO,Rosario,Asfalto,No existe,II,Dentro,Urbana,Ninguna,No existe,Intersección,Bueno,Buena,Diurna,Buen Tiempo,S/D,S/D,Colisión,Ninguna,Faltante,Ninguna,Sin restricción,"-32.998373425436,-60.68895128411","['Avellaneda', 'Lamadrid']",2,,-32.998373425436,-60.68895128411,55.0,538.0,Municipio Rosario,Municipio,Rosario,820210,Servicio de Catastro e Información Territorial,IGN
2020,1282,2020-04-09,Jueves,,15:10:00,,0.0,2,"Automóvil,Moto/Ciclomotor",San Lorenzo Y Paraguay,2,1,0,0,1,0,0,"-32.94315, -60.64311",Calle,,ROSARIO,Rosario,Asfalto,S/D,II,Dentro,Urbana,Ninguna,S/D,Intersección,S/D,Buena,Diurna,S/D,Lateral,S/D,Colisión,S/D,S/D,S/D,S/D,"-32.94315, -60.64311","['San Lorenzo', 'Paraguay']",2,,-32.94315,-60.64311,55.0,538.0,Municipio Rosario,Municipio,Rosario,820210,Servicio de Catastro e Información Territorial,IGN
2020,1283,2020-04-09,Jueves,,07:00:00,,0.0,2,"Automóvil,Moto/Ciclomotor",Entre Rios Y Montevideo,2,1,0,0,1,0,0,"-32.95563, -60.6434",Calle,,ROSARIO,Rosario,S/D,S/D,II,Dentro,Urbana,Semáforo,Funciona,Intersección,S/D,Buena,Diurna,S/D,Lateral,S/D,Colisión,S/D,S/D,S/D,S/D,"-32.95563, -60.6434","['Entre Ríos', 'Montevideo']",2,,-32.95563,-60.6434,55.0,538.0,Municipio Rosario,Municipio,Rosario,820210,Servicio de Catastro e Información Territorial,IGN
2020,1285,2020-04-09,Jueves,,15:40:00,,0.0,2,"Automóvil,Moto/Ciclomotor",1 de Mayo Y 3 De Febrero,2,1,0,0,1,0,0,"-32.95421, -60.6313",Calle,,ROSARIO,Rosario,"Asfalto,Hormigón",S/D,II,Dentro,Urbana,S/D,S/D,Intersección,S/D,S/D,Diurna,S/D,Lateral,S/D,Colisión,S/D,S/D,S/D,S/D,"-32.95421, -60.6313","['Primero de Mayo', '3 de Febrero']",2,,-32.95421,-60.6313,55.0,538.0,Municipio Rosario,Municipio,Rosario,820210,Servicio de Catastro e Información Territorial,IGN
2020,1287,2020-02-03,Lunes,,19:30:00,,0.0,2,"Moto/Ciclomotor,Bicicleta",Bv. Avellaneda Y Garibaldi,3,2,0,0,1,0,0,"-32.978725433349574,-60.68864822387",Avenida,,ROSARIO,Rosario,Asfalto,No existe,II,Dentro,Urbana,Ninguna,No existe,Intersección,Bueno,Buena,Diurna,Buen Tiempo,S/D,Ciclista,Atropello,Ninguna,Faltante,"Cordón divisorio,Vegetación",Sin restricción,"-32.978725433349574,-60.68864822387","['Avellaneda', 'José Garibaldi']",2,,-32.978725433349574,-60.68864822387,55.0,538.0,Municipio Rosario,Municipio,Rosario,820210,Servicio de Catastro e Información Territorial,IGN
2020,1288,2020-04-09,Jueves,,12:10:00,,0.0,3,"Automóvil,Automóvil,Peatón",San Juan Y Sarmiento,3,1,0,0,2,0,0,"-32.95016, -60.6391",Calle,,ROSARIO,Rosario,"Asfalto,Hormigón",S/D,II,Dentro,Urbana,S/D,S/D,Intersección,S/D,S/D,Diurna,S/D,S/D,Peatón,Atropello,S/D,S/D,S/D,S/D,"-32.95016, -60.6391","['San Juan', 'Sarmiento']",2,,-32.95016,-60.6391,55.0,538.0,Municipio Rosario,Municipio,Rosario,820210,Servicio de Catastro e Información Territorial,IGN
2020,1294,2020-02-03,Lunes,,10:15:00,,0.0,2,"Automóvil,Moto/Ciclomotor",Bv. Avellaneda Y Garibaldi,2,1,0,0,1,0,0,"-32.97831237316133,-60.688873529434",Avenida,,ROSARIO,Rosario,Asfalto,No existe,II,Dentro,Urbana,Ninguna,No existe,Intersección,Bueno,Buena,Diurna,Buen Tiempo,S/D,S/D,Colisión,Ninguna,Faltante,"Cordón divisorio,Vegetación",Sin restricción,"-32.97831237316133,-60.688873529434","['Avellaneda', 'José Garibaldi']",2,,-32.97831237316133,-60.688873529434,55.0,538.0,Municipio Rosario,Municipio,Rosario,820210,Servicio de Catastro e Información Territorial,IGN
2020,1298,2020-02-02,Domingo,,21:00:00,,0.0,1,Moto/Ciclomotor,Bv. Avellaneda 4500,2,2,0,0,0,0,0,"-32.983563796386,-60.688788193304",Avenida,,ROSARIO,Rosario,Asfalto,No existe,II,Dentro,Urbana,Ninguna,No existe,Intersección,Bueno,Buena,Nocturna,Buen Tiempo,Contra objeto fijo,S/D,Colisión,Ninguna,Faltante,Ninguna,Sin restricción,"-32.983563796386,-60.688788193304",['Avellaneda 4500'],1,,-32.983563796386,-60.688788193304,55.0,538.0,Municipio Rosario,Municipio,Rosario,820210,Servicio de Catastro e Información Territorial,IGN
2020,1301,2020-02-15,Sabado,,15:45:00,,0.0,2,"Moto/Ciclomotor,Automóvil",Entre Rios Y Gaboto,5,1,0,0,4,0,0,"-32.972833361875,-60.647729198937",Calle,,ROSARIO,Rosario,Asfalto,No existe,II,Dentro,Urbana,Señal Pare,No existe,Intersección,Bueno,Buena,Diurna,Buen Tiempo,Lateral,S/D,Colisión,Ninguna,"Horizontal,Vertical",Línea divisoria pintada,Sin restricción,"-32.972833361875,-60.647729198937","['Entre Ríos', 'Gaboto']",2,,-32.972833361875,-60.647729198937,55.0,538.0,Municipio Rosario,Municipio,Rosario,820210,Servicio de Catastro e Información Territorial,IGN
2020,1305,2020-04-08,Miercoles,,,,0.0,1,Moto/Ciclomotor,Dean Funes ,1,1,0,0,0,0,0,"-32.97056, -60.67394",Calle,,ROSARIO,Rosario,Asfalto,S/D,II,S/D,Urbana,S/D,S/D,Recta,S/D,S/D,S/D,S/D,S/D,S/D,Cañda ocupante,S/D,S/D,S/D,S/D,"-32.97056, -60.67394",['Dean Funes'],1,,-32.97056,-60.67394,55.0,538.0,Municipio Rosario,Municipio,Rosario,820210,Servicio de Catastro e Información Territorial,IGN
2020,1306,2020-02-16,Domingo,,09:30:00,,0.0,2,"Moto/Ciclomotor,Taxi/Remis",Benito Juarez Y Sarmiento,2,1,0,0,1,0,0,"-32.992916137076,-60.649323391353",Calle,,ROSARIO,Rosario,Asfalto,No existe,II,Dentro,Urbana,Ninguna,No existe,Intersección,Bueno,Buena,Diurna,Buen Tiempo,Lateral,S/D,Colisión,Ninguna,Faltante,Ninguna,Sin restricción,"-32.992916137076,-60.649323391353","['Benito Juárez', 'Sarmiento']",2,,-32.992916137076,-60.649323391353,55.0,538.0,Municipio Rosario,Municipio,Rosario,820210,Servicio de Catastro e Información Territorial,IGN
2020,1309,2020-02-14,Viernes,,21:45:00,,0.0,2,"Moto/Ciclomotor,Automóvil",Lamadrid Y Pje. Directorio,3,2,0,0,1,0,0,"-32.997031955506,-60.646814769665",Calle,,ROSARIO,Rosario,Asfalto,No existe,II,Dentro,Urbana,Ninguna,No existe,Intersección,Bueno,Buena,Diurna,Buen Tiempo,Lateral,S/D,Colisión,Ninguna,Faltante,Ninguna,Sin restricción,"-32.997031955506,-60.646814769665","['Lamadrid', 'Directorio']",2,,-32.997031955506,-60.646814769665,55.0,538.0,Municipio Rosario,Municipio,Rosario,820210,Servicio de Catastro e Información Territorial,IGN
2020,1312,2020-02-29,Sabado,,17:00:00,,0.0,6,"Peatón,Peatón,Peatón,Peatón,Peatón,Transporte de Pasajeros Urbano (> 8 asientos)",Av. Francia Y Biedma,6,3,0,0,3,0,0,"-32.976483499171,-60.67422744766",Avenida,,ROSARIO,Rosario,Asfalto,No existe,II,Dentro,Urbana,Paso Peatonal,No existe,Intersección,Bueno,Buena,Diurna,Buen Tiempo,S/D,Peatón,Atropello,Ninguna,"Horizontal,Vertical",Línea divisoria pintada,Sin restricción,"-32.976483499171,-60.67422744766","['Avenida Francia', 'Coronel Biedma']",2,,-32.976483499171,-60.67422744766,55.0,538.0,Municipio Rosario,Municipio,Rosario,820210,Servicio de Catastro e Información Territorial,IGN
2020,1315,2020-02-14,Viernes,,05:05:00,,0.0,2,"Moto/Ciclomotor,Pickup/Utilitario",San Martin 3700,2,1,0,0,1,0,0,"-32.980581792878,-60.644636517044",Avenida,,ROSARIO,Rosario,Asfalto,No existe,II,Dentro,Urbana,Paso Peatonal,No existe,Intersección,Bueno,Buena,Amanecer,Buen Tiempo,De alcance,S/D,Colisión,Ninguna,"Horizontal,Vertical",Cordón divisorio,Sin restricción,"-32.980581792878,-60.644636517044",['San Martin 3700'],1,,-32.980581792878,-60.644636517044,55.0,538.0,Municipio Rosario,Municipio,Rosario,820210,Servicio de Catastro e Información Territorial,IGN
2020,1316,2020-02-26,Miercoles,,,,0.0,2,"Taxi/Remis,Moto/Ciclomotor",Av. Arijon Y Bv. Oro�o,2,1,0,0,1,0,0,"-33.003533657294,-60.66479024171",Avenida,,ROSARIO,Rosario,Asfalto,No existe,II,Dentro,Urbana,Semáforo,Funciona,Intersección,Bueno,Buena,Diurna,Buen Tiempo,S/D,S/D,Colisión,Ninguna,"Horizontal,Vertical","Cordón divisorio,Vegetación,Línea divisoria pintada",Sin restricción,"-33.003533657294,-60.66479024171","['Avenida Manuel Arijón', 'Bulevar Nicasio Oroño']",2,,-33.003533657294,-60.66479024171,55.0,538.0,Municipio Rosario,Municipio,Rosario,820210,Servicio de Catastro e Información Territorial,IGN
2020,1317,2020-04-10,Viernes,,,,0.0,2,"Moto/Ciclomotor,Automóvil",Rueda Y Alvear,2,1,0,0,1,0,0,"-32.96809, -60.66086",Calle,,ROSARIO,Rosario,Asfalto,S/D,II,S/D,Urbana,S/D,S/D,Intersección,S/D,S/D,S/D,S/D,S/D,S/D,Colisión,S/D,S/D,S/D,S/D,"-32.96809, -60.66086","['Rueda', 'Alvear']",2,,-32.96809,-60.66086,55.0,538.0,Municipio Rosario,Municipio,Rosario,820210,Servicio de Catastro e Información Territorial,IGN
2020,1319,2020-02-22,Sabado,,13:15:00,,0.0,2,"Automóvil,Bicicleta",Bv. Segui Y Castellanos,2,1,0,0,1,0,0,"-32.972542212297,-60.683297262965",Avenida,,ROSARIO,Rosario,Asfalto,No existe,II,Dentro,Urbana,Paso Peatonal,No existe,Intersección,Bueno,Buena,Diurna,Buen Tiempo,Otro,Ciclista,Atropello,Ninguna,Faltante,"Cordón divisorio,Línea divisoria pintada",Sin restricción,"-32.972542212297,-60.683297262965","['Bulevar Juan Francisco Seguí', 'Aaron Castellanos']",2,,-32.972542212297,-60.683297262965,55.0,538.0,Municipio Rosario,Municipio,Rosario,820210,Servicio de Catastro e Información Territorial,IGN
2020,1320,2020-02-12,Miercoles,,15:20:00,,0.0,3,"Moto/Ciclomotor,Taxi/Remis,Transporte de Pasajeros (H/ 8 asientos)",Paraguay 4500,3,1,0,0,2,0,0,"-32.988383, -60.654680",Calle,,ROSARIO,Rosario,Asfalto,No existe,II,Dentro,Urbana,Ninguna,No existe,Intersección,Bueno,Buena,Diurna,Buen Tiempo,Múltiple,S/D,Colisión,Ninguna,Horizontal,Ninguna,Sin restricción,"-32.988383, -60.654680",['Paraguay 4500'],1,,-32.988383,-60.65468,55.0,538.0,Municipio Rosario,Municipio,Rosario,820210,Servicio de Catastro e Información Territorial,IGN
2020,1321,2020-02-13,Jueves,,06:20:00,,0.0,2,"Moto/Ciclomotor,Automóvil",Bv. Segui Y Laprida,2,1,0,0,1,0,0,"-32.979867334251,-60.642481809167",Avenida,,ROSARIO,Rosario,Asfalto,No existe,II,Dentro,Urbana,Señal Pare,No existe,Intersección,S/D,Buena,Amanecer,Buen Tiempo,Lateral,S/D,Colisión,Ninguna,Vertical,Cordón divisorio,Sin restricción,"-32.979867334251,-60.642481809167","['Bulevar Juan Francisco Seguí', 'Laprida']",2,,-32.979867334251,-60.642481809167,55.0,538.0,Municipio Rosario,Municipio,Rosario,820210,Servicio de Catastro e Información Territorial,IGN
2020,1322,2020-02-21,Viernes,,22:10:00,,0.0,2,"Moto/Ciclomotor,Automóvil",Av. Arijon 2700,3,2,0,0,1,0,0,"-33.003650689482,-60.67129413923",Avenida,,ROSARIO,Rosario,Asfalto,No existe,II,Dentro,Urbana,Semáforo,Funciona,Intersección,Bueno,Buena,Nocturna,Buen Tiempo,Lateral,S/D,Colisión,Ninguna,"Horizontal,Vertical",Línea divisoria pintada,Sin restricción,"-33.003650689482,-60.67129413923",['Arijon 2700'],1,,-33.003650689482,-60.67129413923,55.0,538.0,Municipio Rosario,Municipio,Rosario,820210,Servicio de Catastro e Información Territorial,IGN
2020,1327,2020-02-21,Viernes,,14:20:00,,0.0,2,"Pickup/Utilitario,Camión",Av. Ovidio Lagos Y Lamadrid,2,1,0,0,1,0,0,"-32.997846440095,-60.675031983696",Avenida,,ROSARIO,Rosario,Asfalto,No existe,II,Dentro,Urbana,Ninguna,No existe,Intersección,Bueno,Buena,Diurna,Buen Tiempo,S/D,S/D,Colisión,Ninguna,Faltante,Cordón divisorio,Sin restricción,"-32.997846440095,-60.675031983696","['Avenida Ovidio Lagos', 'Lamadrid']",2,,-32.997846440095,-60.675031983696,55.0,538.0,Municipio Rosario,Municipio,Rosario,820210,Servicio de Catastro e Información Territorial,IGN
2020,1328,2020-02-11,Martes,,21:05:00,,0.0,2,"Moto/Ciclomotor,Moto/Ciclomotor",Arteaga 1600,3,2,0,0,1,0,0,"-33.011290, -60.643375",Calle,,ROSARIO,Rosario,Asfalto,No existe,II,Dentro,Urbana,Ninguna,No existe,Intersección,Bueno,Buena,Nocturna,Buen Tiempo,Lateral,S/D,Colisión,Ninguna,Faltante,Ninguna,Sin restricción,"-33.011290, -60.643375",['Arteaga 1600'],1,,-33.01129,-60.643375,55.0,538.0,Municipio Rosario,Municipio,Rosario,820210,Servicio de Catastro e Información Territorial,IGN
2020,1329,2020-02-11,Martes,,18:45:00,,0.0,2,"Moto/Ciclomotor,Automóvil",Mr.Ross Y San Martin,3,3,0,0,0,0,0,"-32.988695, -60.646198",Avenida,,ROSARIO,Rosario,Asfalto,No existe,II,Dentro,Urbana,Ninguna,Funciona,Recta,Bueno,Buena,Diurna,Buen Tiempo,De alcance,S/D,Colisión,Ninguna,"Horizontal,Vertical",Ninguna,Sin restricción,"-32.988695, -60.646198","['Rodrigo M. Ross', 'San Martin']",2,,-32.988695,-60.646198,55.0,538.0,Municipio Rosario,Municipio,Rosario,820210,Servicio de Catastro e Información Territorial,IGN
2020,1330,2020-02-07,Viernes,,04:20:00,,0.0,2,"Automóvil,Vehículo Oficial",Bv. Oroño Y Juan Canals,3,2,0,0,1,0,0,"-32.986699249747,-60.664029273543",Avenida,,ROSARIO,Rosario,Asfalto,No existe,II,Dentro,Urbana,Semáforo,Funciona,Intersección,Bueno,Buena,"Nocturna,Con luz artificial",Buen Tiempo,De alcance,S/D,Colisión,Ninguna,"Horizontal,Vertical",Cordón divisorio,Sin restricción,"-32.986699249747,-60.664029273543","['Bulevar Nicasio Oroño', 'Juan Canals']",2,,-32.986699249747,-60.664029273543,55.0,538.0,Municipio Rosario,Municipio,Rosario,820210,Servicio de Catastro e Información Territorial,IGN
2020,1331,2020-02-20,Jueves,,20:45:00,,0.0,2,"Pickup/Utilitario,Bicicleta",Av. Arijon Y Callao,2,1,0,0,1,0,0,"-33.003650689482,-60.67129413923",Avenida,,ROSARIO,Rosario,Asfalto,No existe,II,Dentro,Urbana,Semáforo,Funciona,Intersección,Bueno,Buena,Nocturna,Buen Tiempo,S/D,Ciclista,Atropello,Ninguna,"Horizontal,Vertical",Línea divisoria pintada,Sin restricción,"-33.003650689482,-60.67129413923","['Avenida Manuel Arijón', 'Callao']",2,,-33.003650689482,-60.67129413923,55.0,538.0,Municipio Rosario,Municipio,Rosario,820210,Servicio de Catastro e Información Territorial,IGN
2020,1333,2020-02-17,Lunes,,17:20:00,,0.0,2,"Moto/Ciclomotor,Automóvil",Cabildo Y Melincue,2,1,0,0,1,0,0,"-33.007347, -60.647653",Calle,,ROSARIO,Rosario,Asfalto,No existe,II,Dentro,Urbana,Ninguna,No existe,Intersección,Bueno,Buena,Diurna,Buen Tiempo,Lateral,S/D,Colisión,Ninguna,Faltante,Ninguna,Sin restricción,"-33.007347, -60.647653","['Cabildo', 'Melincué']",2,,-33.007347,-60.647653,55.0,538.0,Municipio Rosario,Municipio,Rosario,820210,Servicio de Catastro e Información Territorial,IGN
2020,1334,2020-02-08,Sabado,,02:15:00,,0.0,2,"Bicicleta,Moto/Ciclomotor",Bv. Oroño Y Bv. Segui,2,1,0,0,1,0,0,"-32.9764734024,-60.661412628935",Avenida,,ROSARIO,Rosario,Asfalto,No existe,II,Dentro,Urbana,Semáforo,Funciona,Intersección,Bueno,Buena,Nocturna,Buen Tiempo,S/D,Ciclista,Atropello,Ninguna,"Horizontal,Vertical",Cordón divisorio,Sin restricción,"-32.9764734024,-60.661412628935","['Bulevar Nicasio Oroño', 'Bulevar Juan Francisco Seguí']",2,,-32.9764734024,-60.661412628935,55.0,538.0,Municipio Rosario,Municipio,Rosario,820210,Servicio de Catastro e Información Territorial,IGN
2020,1335,2020-02-19,Miercoles,,15:00:00,,0.0,1,Bicicleta,Av. Uriburu Y Callao,1,1,0,0,0,0,0,"-32.991395473099,-60.672443307726",Avenida,,ROSARIO,Rosario,Asfalto,No existe,II,Dentro,Urbana,Paso Peatonal,No existe,Intersección,Bueno,Buena,Diurna,Buen Tiempo,S/D,S/D,Cañda ocupante,Ninguna,Horizontal,Línea divisoria pintada,Sin restricción,"-32.991395473099,-60.672443307726","['Uriburu', 'Callao']",2,,-32.991395473099,-60.672443307726,55.0,538.0,Municipio Rosario,Municipio,Rosario,820210,Servicio de Catastro e Información Territorial,IGN
2020,1336,2020-02-18,Martes,,19:45:00,,0.0,2,"Automóvil,Moto/Ciclomotor",Anchorena Y Bv. Oro�o,2,1,0,0,1,0,0,"-32.99824689019,-60.665031147154",Avenida,,ROSARIO,Rosario,Asfalto,No existe,II,Dentro,Urbana,Señal Pare,No existe,Intersección,Bueno,Buena,Atardecer,Buen Tiempo,S/D,S/D,Colisión,Ninguna,"Horizontal,Vertical","Cordón divisorio,Vegetación,Línea divisoria pintada",Sin restricción,"-32.99824689019,-60.665031147154","['Anchorena', 'Bulevar Nicasio Oroño']",2,,-32.99824689019,-60.665031147154,55.0,538.0,Municipio Rosario,Municipio,Rosario,820210,Servicio de Catastro e Información Territorial,IGN
2020,1337,2020-02-19,Miercoles,,15:40:00,,0.0,2,"Moto/Ciclomotor,Automóvil",Bv. Segui Y Paraguay,2,1,0,0,1,0,0,"-32.978175, -60.651978",Avenida,,ROSARIO,Rosario,Asfalto,No existe,II,Dentro,Urbana,Ninguna,No existe,Intersección,Bueno,Buena,Diurna,Buen Tiempo,Lateral,S/D,Colisión,Ninguna,Faltante,"Cordón divisorio,Vegetación",Sin restricción,"-32.978175, -60.651978","['Bulevar Juan Francisco Seguí', 'Paraguay']",2,,-32.978175,-60.651978,55.0,538.0,Municipio Rosario,Municipio,Rosario,820210,Servicio de Catastro e Información Territorial,IGN
2020,1339,2020-02-07,Viernes,,22:00:00,,0.0,2,"Moto/Ciclomotor,Automóvil",Lamadrid Y Sarmiento,2,1,0,0,1,0,0,"-32.997099644167,-60.649147523072",Calle,,ROSARIO,Rosario,Asfalto,No existe,II,Dentro,Urbana,Señal Pare,No existe,Intersección,Bueno,Buena,Nocturna,Buen Tiempo,De alcance,S/D,Colisión,Ninguna,Vertical,Ninguna,Sin restricción,"-32.997099644167,-60.649147523072","['Lamadrid', 'Sarmiento']",2,,-32.997099644167,-60.649147523072,55.0,538.0,Municipio Rosario,Municipio,Rosario,820210,Servicio de Catastro e Información Territorial,IGN
2020,1340,2020-02-10,Lunes,,19:30:00,,0.0,2,"Moto/Ciclomotor,Automóvil",Av. Corrientes Y Benito Juarez,3,2,0,0,1,0,0,"-32.993048, -60.653635",Calle,,ROSARIO,Rosario,Asfalto,No existe,II,Dentro,Urbana,Ninguna,No existe,Intersección,Bueno,Buena,"Amanecer,Con luz artificial",Buen Tiempo,Lateral,S/D,Colisión,Ninguna,Faltante,Ninguna,Sin restricción,"-32.993048, -60.653635","['Corrientes', 'Benito Juárez']",2,,-32.993048,-60.653635,55.0,538.0,Municipio Rosario,Municipio,Rosario,820210,Servicio de Catastro e Información Territorial,IGN
2020,1341,2020-02-18,Martes,,15:30:00,,0.0,1,Moto/Ciclomotor,Av. Battle y Ordo�ez Y Dorrego,1,1,0,0,0,0,0,"-33.009231635549,-60.660272922033",Avenida,,ROSARIO,Rosario,Asfalto,No existe,II,Dentro,Urbana,Paso Peatonal,No existe,Recta,Bueno,Buena,Diurna,Buen Tiempo,S/D,S/D,Cañda ocupante,Ninguna,Horizontal,"Cordón divisorio,Línea divisoria pintada",Sin restricción,"-33.009231635549,-60.660272922033","['Avenida Battle y Ordoñez', 'Dorrego']",2,,-33.009231635549,-60.660272922033,55.0,538.0,Municipio Rosario,Municipio,Rosario,820210,Servicio de Catastro e Información Territorial,IGN
2020,1342,2020-02-01,Sabado,,08:50:00,,0.0,1,Automóvil,Ayolas Y Grandoli,4,2,0,0,2,0,0,"-32.98001524474,-60.627687846489",Avenida,,ROSARIO,Rosario,Asfalto,No existe,II,Dentro,Urbana,Semáforo,Funciona,Intersección,Bueno,Buena,Diurna,Buen Tiempo,Contra objeto fijo,S/D,Colisión,Ninguna,"Horizontal,Vertical",Cordón divisorio,Sin restricción,"-32.98001524474,-60.627687846489","['Ayolas', 'Avenida Abanderado Grandoli']",2,,-32.98001524474,-60.627687846489,55.0,538.0,Municipio Rosario,Municipio,Rosario,820210,Servicio de Catastro e Información Territorial,IGN
2020,1344,2020-02-14,Viernes,,10:35:00,,0.0,2,"Peatón,Moto/Ciclomotor",Av. Ntra.Sra.del Rosario Y Bv. Oro�o,3,1,0,0,2,0,0,"-33.000560550609,-60.664925665484",Avenida,,ROSARIO,Rosario,Asfalto,No existe,II,Dentro,Urbana,Semáforo,Funciona,Intersección,Bueno,Buena,Diurna,Buen Tiempo,S/D,Peatón,Atropello,Ninguna,"Horizontal,Vertical",Línea divisoria pintada,Sin restricción,"-33.000560550609,-60.664925665484","['Nuestra Señora del Rosario', 'Bulevar Nicasio Oroño']",2,,-33.000560550609,-60.664925665484,55.0,538.0,Municipio Rosario,Municipio,Rosario,820210,Servicio de Catastro e Información Territorial,IGN
2020,1345,2020-02-05,Miercoles,,10:15:00,,0.0,2,"Moto/Ciclomotor,Automóvil",Gaboto Y Necochea,2,1,0,0,1,0,0,"-32.975835972494,-60.630943865809",Calle,,ROSARIO,Rosario,Asfalto,No existe,II,Dentro,Urbana,Ninguna,No existe,Intersección,Bueno,Buena,Diurna,Buen Tiempo,Lateral,S/D,Colisión,Ninguna,Faltante,Ninguna,Sin restricción,"-32.975835972494,-60.630943865809","['Gaboto', 'Necochea']",2,,-32.975835972494,-60.630943865809,55.0,538.0,Municipio Rosario,Municipio,Rosario,820210,Servicio de Catastro e Información Territorial,IGN
2020,1346,2020-02-06,Jueves,,16:25:00,,0.0,2,"Moto/Ciclomotor,Automóvil",Av. Uriburu Y Paraguay,3,2,0,0,1,0,0,"-32.991009, -60.655243",Avenida,,ROSARIO,Rosario,Asfalto,No existe,II,Dentro,Urbana,Ninguna,No existe,Intersección,Bueno,Buena,Diurna,Buen Tiempo,Lateral,S/D,Colisión,Ninguna,Faltante,Cordón divisorio,Sin restricción,"-32.991009, -60.655243","['Uriburu', 'Paraguay']",2,,-32.991009,-60.655243,55.0,538.0,Municipio Rosario,Municipio,Rosario,820210,Servicio de Catastro e Información Territorial,IGN
2020,1348,2020-02-10,Lunes,,11:55:00,,0.0,2,"Peatón,Automóvil",Av. Uriburu 2300,2,1,0,0,1,0,0,"-32.99121177107,-60.666716675833",Avenida,,ROSARIO,Rosario,Asfalto,No existe,II,Dentro,Urbana,Ninguna,No existe,Intersección,Bueno,Buena,Nocturna,Buen Tiempo,S/D,Peatón,Atropello,Ninguna,Faltante,Cordón divisorio,Sin restricción,"-32.99121177107,-60.666716675833",['Uriburu 2300'],1,,-32.99121177107,-60.666716675833,55.0,538.0,Municipio Rosario,Municipio,Rosario,820210,Servicio de Catastro e Información Territorial,IGN
2020,1350,2020-02-05,Miercoles,,15:00:00,,0.0,2,"Moto/Ciclomotor,Automóvil",Estado de Israel Y Pje. Florencia,2,1,0,0,1,0,0,"-32.992124082832,-60.658780591299",Calle,,ROSARIO,Rosario,Asfalto,No existe,II,Dentro,Urbana,Ninguna,No existe,Intersección,Bueno,Buena,Diurna,Buen Tiempo,Lateral,S/D,Colisión,Ninguna,Faltante,Ninguna,Sin restricción,"-32.992124082832,-60.658780591299","['Estado de Israel', 'Florencia']",2,,-32.992124082832,-60.658780591299,55.0,538.0,Municipio Rosario,Municipio,Rosario,820210,Servicio de Catastro e Información Territorial,IGN