anio_acci,nro_acci,fecha,desc_dia,fecha_aprox,hora_aprox,desc_ruta,km,cant_participantes,desc_participante,calle_avenida_km,total,heridos_leves,heridos_graves,heridos_gravisimos,ilesos,fallecidos,sin_datos,posicion_XY,desc_tipo_via,desc_ruta_ori,desc_loc,desc_dpto,desc_tipo_calzada,desc_tipo_banquina,desc_unidad_regional,desc_lugar_calzada,desc_zona,desc_prioridad,desc_estado_semaforo,desc_lugar_via,desc_estado_via,desc_estado_visibilidad,desc_luminosidad,desc_estado_clima,desc_tipo_colision,desc_tipo_atropello,desc_tipo_hecho,desc_pres_calzada,desc_senializacion,desc_separacion_via,desc_restriccion,forma_geocod,calle_lista,numero_calles,calles_osm,lat,lon,index_right,gid,fna,gna,nam,in1,fdc,sag
2020,1351,2020-02-19,Miercoles,,18:00:00,,0.0,2,"Moto/Ciclomotor,Automóvil",Necochea Y Pte.Quintana,3,2,0,0,1,0,0,"-32.98501231494,-60.633260414237",Calle,,ROSARIO,Rosario,Asfalto,No existe,II,Dentro,Urbana,Ninguna,No existe,Intersección,Bueno,Buena,Diurna,Buen Tiempo,De alcance,S/D,Colisión,Ninguna,Faltante,Ninguna,Sin restricción,"-32.98501231494,-60.633260414237","['Necochea', 'Quintana']",2,,-32.98501231494,-60.633260414237,55.0,538.0,Municipio Rosario,Municipio,Rosario,820210,Servicio de Catastro e Información Territorial,IGN
2020,1352,2020-02-01,Sabado,,17:35:00,,0.0,2,"Camión c / Acoplado,Moto/Ciclomotor",Av. Uriburu Y Paraguay,3,1,0,0,2,0,0,"-32.991019, -60.655243",Avenida,,ROSARIO,Rosario,Asfalto,No existe,II,Dentro,Urbana,Ninguna,No existe,Intersección,Bueno,Buena,Diurna,Buen Tiempo,Lateral,S/D,Colisión,Ninguna,Faltante,Ninguna,Sin restricción,"-32.991019, -60.655243","['Uriburu', 'Paraguay']",2,,-32.991019,-60.655243,55.0,538.0,Municipio Rosario,Municipio,Rosario,820210,Servicio de Catastro e Información Territorial,IGN
2020,1354,2020-02-11,Martes,,17:00:00,,0.0,3,"Automóvil,Automóvil,Automóvil",Juan Canals Y Mitre,5,1,0,0,3,0,1,"-32.989176, -60.650350",Calle,,ROSARIO,Rosario,Asfalto,No existe,II,Dentro,Urbana,Ninguna,No existe,Intersección,Bueno,Buena,Diurna,Buen Tiempo,Múltiple,S/D,Colisión,Ninguna,Faltante,Ninguna,Sin restricción,"-32.989176, -60.650350","['Juan Canals', 'Mitre']",2,,-32.989176,-60.65035,55.0,538.0,Municipio Rosario,Municipio,Rosario,820210,Servicio de Catastro e Información Territorial,IGN
2020,1355,2020-02-10,Lunes,,06:30:00,,0.0,2,"Bicicleta,Automóvil",Crespo Y Pte.Quintana,2,2,0,0,0,0,0,"-32.977119411112,-60.67734791997",Calle,,ROSARIO,Rosario,Asfalto,No existe,II,Dentro,Urbana,Ninguna,No existe,Intersección,S/D,S/D,Diurna,S/D,S/D,Ciclista,Atropello,S/D,Faltante,Ninguna,S/D,"-32.977119411112,-60.67734791997","['Crespo', 'Quintana']",2,,-32.977119411112,-60.67734791997,55.0,538.0,Municipio Rosario,Municipio,Rosario,820210,Servicio de Catastro e Información Territorial,IGN
2020,1359,2020-02-10,Lunes,,08:30:00,,0.0,2,"Vehículo Oficial,Taxi/Remis",Av. Ovidio Lagos Y Centeno,3,1,0,0,2,0,0,"-32.980674135819,-60.670875976978",Avenida,,ROSARIO,Rosario,Asfalto,No existe,II,Dentro,Urbana,Ninguna,No existe,Recta,Bueno,Buena,Diurna,Buen Tiempo,Frontal,S/D,Colisión,Ninguna,Faltante,Cordón divisorio,Sin restricción,"-32.980674135819,-60.670875976978","['Avenida Ovidio Lagos', 'Centeno']",2,,-32.980674135819,-60.670875976978,55.0,538.0,Municipio Rosario,Municipio,Rosario,820210,Servicio de Catastro e Información Territorial,IGN
2020,1364,2020-02-08,Sabado,,18:30:00,,0.0,2,"Moto/Ciclomotor,Automóvil",Av. Uriburu Y Suipacha,2,1,0,0,1,0,0,"-32.991519798076,-60.676734528275",Avenida,,ROSARIO,Rosario,Asfalto,No existe,II,Dentro,Urbana,Señal Pare,No existe,Recta,Bueno,S/D,Diurna,Buen Tiempo,Lateral,S/D,Colisión,Ninguna,Vertical,Cordón divisorio,Sin restricción,"-32.991519798076,-60.676734528275","['Uriburu', 'Suipacha']",2,,-32.991519798076,-60.676734528275,55.0,538.0,Municipio Rosario,Municipio,Rosario,820210,Servicio de Catastro e Información Territorial,IGN
2020,1365,2020-02-03,Lunes,,11:05:00,,0.0,2,"Moto/Ciclomotor,Pickup/Utilitario",Laprida Y Saavedra,3,0,1,0,2,0,0,"-32.978667, -60.642194",Calle,,ROSARIO,Rosario,Asfalto,No existe,II,Dentro,Urbana,Ninguna,No existe,Intersección,Bueno,Buena,Diurna,Buen Tiempo,Lateral,S/D,Colisión,Ninguna,Faltante,Ninguna,Sin restricción,"-32.978667, -60.642194","['Laprida', 'Saavedra']",2,,-32.978667,-60.642194,55.0,538.0,Municipio Rosario,Municipio,Rosario,820210,Servicio de Catastro e Información Territorial,IGN
2020,1367,2020-02-08,Sabado,,09:45:00,,0.0,2,"Automóvil,Moto/Ciclomotor",BV AVELLANEDA Y JUAN PABLO II,3,2,0,0,1,0,0,"-33.000323, -60.689303",Avenida,,ROSARIO,Rosario,Asfalto,No existe,II,Dentro,Urbana,Señal Pare,No existe,Recta,Bueno,Buena,Diurna,Buen Tiempo,De alcance,S/D,Colisión,Ninguna,Vertical,"Cordón divisorio,Ninguna",Sin restricción,"-33.000323, -60.689303","['Avellaneda', 'Juan Pablo II']",2,,-33.000323,-60.689303,55.0,538.0,Municipio Rosario,Municipio,Rosario,820210,Servicio de Catastro e Información Territorial,IGN
2020,1368,2020-02-28,Viernes,,18:50:00,,0.0,2,"Moto/Ciclomotor,Moto/Ciclomotor",Gaboto 4000,3,3,0,0,0,0,0,"-32.966234, -60.684589",Calle,,ROSARIO,Rosario,Asfalto,No existe,II,Dentro,Urbana,Ninguna,No existe,Intersección,Bueno,Buena,Diurna,Buen Tiempo,Lateral,S/D,Colisión,Ninguna,Faltante,Ninguna,Sin restricción,"-32.966234, -60.684589",['Gaboto 4000'],1,,-32.966234,-60.684589,55.0,538.0,Municipio Rosario,Municipio,Rosario,820210,Servicio de Catastro e Información Territorial,IGN
2020,1369,2020-02-04,Martes,,13:30:00,,0.0,2,"Moto/Ciclomotor,Moto/Ciclomotor",Av. Francia Y Pje. Boman,3,2,0,0,1,0,0,"-32.998755, -60.677948",Avenida,,ROSARIO,Rosario,Asfalto,No existe,II,Dentro,Urbana,Ninguna,No existe,Recta,Bueno,Buena,Diurna,Buen Tiempo,S/D,S/D,Colisión,Ninguna,Faltante,Ninguna,Sin restricción,"-32.998755, -60.677948","['Avenida Francia', 'Boman']",2,,-32.998755,-60.677948,55.0,538.0,Municipio Rosario,Municipio,Rosario,820210,Servicio de Catastro e Información Territorial,IGN
2020,1377,2020-04-15,Miercoles,,08:20:00,,0.0,2,"Automóvil,Moto/Ciclomotor",San Nicolas Y Virasoro,2,0,1,0,1,0,0,"-32.96378, -60.67826",Calle,,ROSARIO,Rosario,Asfalto,No existe,II,S/D,Urbana,S/D,S/D,Intersección,Bueno,Buena,Diurna,S/D,S/D,S/D,Colisión,S/D,Faltante,S/D,S/D,"-32.96378, -60.67826","['San Nicolás', 'Virasoro']",2,,-32.96378,-60.67826,55.0,538.0,Municipio Rosario,Municipio,Rosario,820210,Servicio de Catastro e Información Territorial,IGN
2020,1382,2020-04-15,Miercoles,,08:00:00,,0.0,2,"Moto/Ciclomotor,Automóvil",Pje. J.Marc Y Suipacha,2,1,0,0,1,0,0,"-32.99329, -60.67667",Calle,,ROSARIO,Rosario,Asfalto,No existe,II,S/D,Urbana,Ninguna,No existe,Intersección,Bueno,Buena,Diurna,Buen Tiempo,Otro,S/D,Colisión,Ninguna,Faltante,Ninguna,Sin restricción,"-32.99329, -60.67667","['Marc', 'Suipacha']",2,,-32.99329,-60.67667,55.0,538.0,Municipio Rosario,Municipio,Rosario,820210,Servicio de Catastro e Información Territorial,IGN
2020,1385,2020-04-15,Miercoles,,07:15:00,,0.0,2,"Moto/Ciclomotor,Pickup/Utilitario",Lamadrid Y Av. Ovidio Lagos,2,1,0,0,1,0,0,"-32.99789, -60.67496",Calle,,ROSARIO,Rosario,Asfalto,No existe,II,Dentro,Urbana,Ninguna,No existe,Intersección,Bueno,Buena,Diurna,Buen Tiempo,S/D,S/D,Colisión,Ninguna,Faltante,Ninguna,Sin restricción,"-32.99789, -60.67496","['Lamadrid', 'Avenida Ovidio Lagos']",2,,-32.99789,-60.67496,55.0,538.0,Municipio Rosario,Municipio,Rosario,820210,Servicio de Catastro e Información Territorial,IGN
2020,1413,2020-04-16,Jueves,,09:20:00,,0.0,2,"Moto/Ciclomotor,Automóvil",Av. Corrientes Y Cerrito,2,1,0,0,1,0,0,"-32.96113, -60.64622",Avenida,,ROSARIO,Rosario,Asfalto,S/D,II,Dentro,Urbana,S/D,S/D,Intersección,S/D,S/D,Diurna,S/D,Lateral,S/D,Colisión,S/D,S/D,S/D,S/D,"-32.96113, -60.64622","['Corrientes', 'Cerrito']",2,,-32.96113,-60.64622,55.0,538.0,Municipio Rosario,Municipio,Rosario,820210,Servicio de Catastro e Información Territorial,IGN
2020,1422,2020-04-17,Viernes,,15:00:00,,0.0,2,"Moto/Ciclomotor,Pickup/Utilitario",Urquiza Y Rio De Janeiro,2,1,0,0,1,0,0,"-32.93537, -60.67962",Calle,,ROSARIO,Rosario,S/D,No existe,II,Dentro,Urbana,Ninguna,No existe,Intersección,S/D,Buena,Diurna,S/D,Lateral,S/D,Colisión,S/D,Faltante,Ninguna,Sin restricción,"-32.93537, -60.67962","['Urquiza', 'Río de Janeiro']",2,,-32.93537,-60.67962,55.0,538.0,Municipio Rosario,Municipio,Rosario,820210,Servicio de Catastro e Información Territorial,IGN
2020,1423,2020-02-25,Martes,,00:30:00,,0.0,2,"Moto/Ciclomotor,Vehículo Oficial",Bertole Y J.Colombres,3,1,0,0,2,0,0,"-32.965361556441,-60.724785472972",Calle,,ROSARIO,Rosario,Asfalto,No existe,I,Dentro,Urbana,Ninguna,No existe,Intersección,Deteriorada,Buena,"Nocturna,Con luz artificial",Buen Tiempo,Lateral,S/D,Colisión,Ninguna,Faltante,Ninguna,Sin restricción,"-32.965361556441,-60.724785472972","['Bertole', 'José Colombres']",2,,-32.965361556441,-60.724785472972,55.0,538.0,Municipio Rosario,Municipio,Rosario,820210,Servicio de Catastro e Información Territorial,IGN
2020,1424,2020-04-17,Viernes,,11:00:00,,0.0,2,"Automóvil,Automóvil",Valparaiso Y Garay,2,0,1,0,1,0,0,"-32.96665, -60.68892",Calle,,ROSARIO,Rosario,Asfalto,Pavimento,II,Dentro,Urbana,Ninguna,No existe,Intersección,S/D,Buena,Diurna,S/D,S/D,S/D,Colisión,Otro,Faltante,Vegetación,Sin restricción,"-32.96665, -60.68892","['Valparaíso', 'Garay']",2,,-32.96665,-60.68892,55.0,538.0,Municipio Rosario,Municipio,Rosario,820210,Servicio de Catastro e Información Territorial,IGN
2020,1435,2020-04-18,Sabado,,01:00:00,,0.0,2,"Peatón,Moto/Ciclomotor",Pje. Hutchinson Y Ameghino,2,1,0,0,0,0,1,"-32.98184, -60.67784",Calle,,ROSARIO,Rosario,Asfalto,No existe,II,S/D,Urbana,Ninguna,No existe,Recta,Bueno,Reducida,"Nocturna,Con luz artificial",Buen Tiempo,S/D,Peatón,Atropello,S/D,Faltante,Ninguna,Sin restricción,"-32.98184, -60.67784","['Hutchinson', 'Ameghino']",2,,-32.98184,-60.67784,55.0,538.0,Municipio Rosario,Municipio,Rosario,820210,Servicio de Catastro e Información Territorial,IGN
2020,1436,2020-04-18,Sabado,,17:20:00,,0.0,2,"Automóvil,Moto/Ciclomotor",H. Buchanan Y A. Maza,2,1,0,0,1,0,0,"-32.88114, -60.69042",Calle,,ROSARIO,Rosario,Asfalto,No existe,II,S/D,Urbana,Ninguna,No existe,Intersección,Bueno,Buena,Diurna,Buen Tiempo,Lateral,S/D,Colisión,Ninguna,Faltante,Ninguna,Sin restricción,"-32.88114, -60.69042","['Buchanan', 'Maza']",2,,-32.88114,-60.69042,55.0,538.0,Municipio Rosario,Municipio,Rosario,820210,Servicio de Catastro e Información Territorial,IGN
2020,1442,2020-01-17,Viernes,,,,0.0,2,"Automóvil,Moto/Ciclomotor",Tarragona Y Pje. Cabanellas,2,0,0,0,1,1,0,"-32.932614, -60.734360",Calle,,ROSARIO,Rosario,Asfalto,No existe,II,Dentro,Urbana,Ninguna,No existe,Intersección,Bueno,S/D,S/D,S/D,S/D,S/D,Colisión,Ninguna,Faltante,Ninguna,Sin restricción,"-32.932614, -60.734360","['Tarragona', 'Cabanellas']",2,,-32.932614,-60.73436,55.0,538.0,Municipio Rosario,Municipio,Rosario,820210,Servicio de Catastro e Información Territorial,IGN
2020,1451,2020-02-19,Miercoles,,,,0.0,2,"Moto/Ciclomotor,Automóvil",Gutenberg Y San Lorenzo,2,1,0,0,1,0,0,"-32.935356, -60.686721",Calle,,ROSARIO,Rosario,Asfalto,No existe,II,Dentro,Urbana,Ninguna,No existe,Intersección,Bueno,S/D,S/D,S/D,Lateral,S/D,Colisión,Ninguna,Faltante,Ninguna,Sin restricción,"-32.935356, -60.686721","['Gutenberg', 'San Lorenzo']",2,,-32.935356,-60.686721,55.0,538.0,Municipio Rosario,Municipio,Rosario,820210,Servicio de Catastro e Información Territorial,IGN
2020,1453,2020-04-12,Domingo,,21:45:00,,0.0,2,"Otros,Automóvil",San Juan Y Pueyrredon,2,1,0,0,1,0,0,"-32.94672, -60.65833",Calle,,ROSARIO,Rosario,Asfalto,S/D,II,S/D,Urbana,S/D,S/D,Intersección,S/D,S/D,S/D,S/D,S/D,S/D,Colisión,S/D,S/D,S/D,S/D,"-32.94672, -60.65833","['San Juan', 'Pueyrredón']",2,,-32.94672,-60.65833,55.0,538.0,Municipio Rosario,Municipio,Rosario,820210,Servicio de Catastro e Información Territorial,IGN
2020,1486,2020-02-02,Domingo,,02:25:00,,0.0,2,"Automóvil,Automóvil",Entre Rios Y Ocampo,5,2,0,0,3,0,0,"-32.965969, -60.645995",Calle,,ROSARIO,Rosario,Asfalto,S/D,II,Dentro,Urbana,Ninguna,No existe,Intersección,Bueno,Buena,"Nocturna,Con luz artificial",Buen Tiempo,Lateral,S/D,Colisión,Ninguna,Faltante,Ninguna,Sin restricción,"-32.965969, -60.645995","['Entre Ríos', 'Ocampo']",2,,-32.965969,-60.645995,55.0,538.0,Municipio Rosario,Municipio,Rosario,820210,Servicio de Catastro e Información Territorial,IGN
2020,1499,2020-02-06,Jueves,,18:30:00,,0.0,2,"Automóvil,Peatón",J.J.Paso 1800,2,0,1,0,1,0,0,"-32.919541920286,-60.690047039756",Avenida,,ROSARIO,Rosario,Asfalto,No existe,II,Dentro,Urbana,Otra Señal,No existe,Intersección,Bueno,Buena,Diurna,Buen Tiempo,S/D,Peatón,Atropello,Ninguna,Vertical,Ninguna,Sin restricción,"-32.919541920286,-60.690047039756",['Juan José Paso 1800'],1,,-32.919541920286,-60.690047039756,55.0,538.0,Municipio Rosario,Municipio,Rosario,820210,Servicio de Catastro e Información Territorial,IGN
2020,1515,2020-02-16,Domingo,,,,0.0,2,"Moto/Ciclomotor,Pickup/Utilitario",Av. Eva Peron Y Av. Provincias Unidas,3,1,0,0,2,0,0,"-32.932972, -60.713059",Avenida,,ROSARIO,Rosario,Asfalto,S/D,II,Dentro,Urbana,Semáforo,Funciona,Intersección,Bueno,S/D,S/D,S/D,Lateral,S/D,Colisión,Ninguna,"Horizontal,Vertical",Cordón divisorio,Sin restricción,"-32.932972, -60.713059","['Avenida Eva Perón', 'Avenida Provincias Unidas']",2,,-32.932972,-60.713059,55.0,538.0,Municipio Rosario,Municipio,Rosario,820210,Servicio de Catastro e Información Territorial,IGN
2020,1531,2020-02-11,Martes,,10:45:00,,0.0,1,Moto/Ciclomotor,Av. Provincias Unidas Y Mendoza,1,1,0,0,0,0,0,"-32.940500353264,-60.712697077962",Avenida,,ROSARIO,Rosario,Asfalto,No existe,II,Dentro,Urbana,Semáforo,Funciona,Rotonda,Bueno,Buena,Diurna,Buen Tiempo,S/D,S/D,Cañda ocupante,Otro,"Horizontal,Vertical","Cordón divisorio,Vegetación,Línea divisoria pintada",Sin restricción,"-32.940500353264,-60.712697077962","['Avenida Provincias Unidas', 'Mendoza']",2,,-32.940500353264,-60.712697077962,55.0,538.0,Municipio Rosario,Municipio,Rosario,820210,Servicio de Catastro e Información Territorial,IGN
2020,1537,2020-04-19,Domingo,,20:20:00,,0.0,2,"Moto/Ciclomotor,Moto/Ciclomotor",Bv. 27 De Febrero Y Constitucion,2,0,1,0,0,0,1,"-32.96119, -60.67903",Calle,,ROSARIO,Rosario,Asfalto,S/D,II,S/D,Urbana,Policía de tránsito,S/D,Intersección,S/D,Buena,Nocturna,S/D,S/D,S/D,Colisión,S/D,Faltante,Barrera de hormigón,Sin restricción,"-32.96119, -60.67903","['27 de Febrero', 'Constitución']",2,,-32.96119,-60.67903,55.0,538.0,Municipio Rosario,Municipio,Rosario,820210,Servicio de Catastro e Información Territorial,IGN
2020,1538,2020-04-20,Lunes,,13:05:00,,0.0,2,"Automóvil,Automóvil",Pte.Roca Y Garay,4,2,0,0,2,0,0,"-32.97326, -60.65218",Calle,,ROSARIO,Rosario,Asfalto,No existe,II,Dentro,Urbana,Ninguna,No existe,Intersección,Bueno,Buena,Diurna,Buen Tiempo,Lateral,S/D,Colisión,Ninguna,Faltante,Ninguna,Sin restricción,"-32.97326, -60.65218","['Roca', 'Garay']",2,,-32.97326,-60.65218,55.0,538.0,Municipio Rosario,Municipio,Rosario,820210,Servicio de Catastro e Información Territorial,IGN
2020,1544,2020-02-14,Viernes,,,,0.0,1,Moto/Ciclomotor,Av. Sorrento Y Casiano Casas,1,1,0,0,0,0,0,"-32.907352721218,-60.695685281608",Avenida,,ROSARIO,Rosario,Asfalto,No existe,II,Dentro,Urbana,Semáforo,Funciona,Intersección,Bueno,Buena,Diurna,Buen Tiempo,S/D,S/D,Cañda ocupante,Ninguna,"Horizontal,Vertical","Cordón divisorio,Línea divisoria pintada",Sin restricción,"-32.907352721218,-60.695685281608","['Sorrento', 'Avenida Casiano Casas']",2,,-32.907352721218,-60.695685281608,55.0,538.0,Municipio Rosario,Municipio,Rosario,820210,Servicio de Catastro e Información Territorial,IGN
2020,1570,2020-01-31,Viernes,,,,0.0,2,"Automóvil,Pickup/Utilitario",Ituzaingo Y Pte.Roca,3,1,0,0,2,0,0,"    -32.95952, -60.64872",Calle,,ROSARIO,Rosario,Asfalto,S/D,II,Dentro,Urbana,S/D,S/D,Intersección,S/D,S/D,S/D,S/D,Lateral,S/D,Colisión,S/D,S/D,S/D,S/D,"    -32.95952, -60.64872","['Ituzaingó', 'Roca']",2,,-32.95952,-60.64872,55.0,538.0,Municipio Rosario,Municipio,Rosario,820210,Servicio de Catastro e Información Territorial,IGN
2020,1621,2020-02-01,Sabado,,,,0.0,2,"Moto/Ciclomotor,Moto/Ciclomotor",G.Carrasco Y Liniers,3,1,1,0,1,0,0,"-32.920601157074,-60.699296526536",Calle,,ROSARIO,Rosario,Asfalto,No existe,II,Dentro,Urbana,Ninguna,No existe,Intersección,S/D,S/D,S/D,S/D,S/D,S/D,Colisión,S/D,Faltante,Ninguna,S/D,"-32.920601157074,-60.699296526536","['Carrasco', 'Liniers']",2,,-32.920601157074,-60.699296526536,55.0,538.0,Municipio Rosario,Municipio,Rosario,820210,Servicio de Catastro e Información Territorial,IGN
2020,1629,2020-05-16,Sabado,,18:25:00,,0.0,2,"Pickup/Utilitario,Moto/Ciclomotor",Av. Francia Y Amenabar,3,1,0,0,2,0,0,"-32.96725, -60.6721",Calle,,ROSARIO,Rosario,Asfalto,No existe,II,S/D,Urbana,Ninguna,No existe,Recta,Bueno,Buena,Atardecer,Buen Tiempo,Otro,S/D,Colisión,Ninguna,Faltante,Ninguna,Sin restricción,"-32.96725, -60.6721","['Avenida Francia', 'Amenabar']",2,,-32.96725,-60.6721,55.0,538.0,Municipio Rosario,Municipio,Rosario,820210,Servicio de Catastro e Información Territorial,IGN
2020,1630,2020-02-28,Viernes,,09:00:00,,0.0,2,"Automóvil,Automóvil",Av. Corrientes Y Av. Pellegrini,2,1,0,0,1,0,0,"-32.956569, -60.645015",Avenida,,ROSARIO,Rosario,Asfalto,No existe,II,Dentro,Urbana,Semáforo,Funciona,Recta,Bueno,Buena,Diurna,Buen Tiempo,"Contra objeto fijo,De alcance",S/D,"Colisión,Vuelco",Ninguna,"Horizontal,Vertical",Cordón divisorio,Sin restricción,"-32.956569, -60.645015","['Corrientes', 'Pellegrini']",2,,-32.956569,-60.645015,55.0,538.0,Municipio Rosario,Municipio,Rosario,820210,Servicio de Catastro e Información Territorial,IGN
2020,1632,2020-05-14,Jueves,,09:10:00,,0.0,2,"Moto/Ciclomotor,Automóvil",Mr.Ross Y Pte.Roca,3,1,1,0,1,0,0,"-32.98701, -60.65565",Calle,,ROSARIO,Rosario,Asfalto,No existe,II,S/D,Urbana,Ninguna,No existe,Intersección,S/D,Buena,Diurna,Buen Tiempo,Lateral,S/D,Colisión,Ninguna,Faltante,Ninguna,Sin restricción,"-32.98701, -60.65565","['Rodrigo M. Ross', 'Roca']",2,,-32.98701,-60.65565,55.0,538.0,Municipio Rosario,Municipio,Rosario,820210,Servicio de Catastro e Información Territorial,IGN
2020,1633,2020-05-12,Martes,,23:40:00,,0.0,2,"Moto/Ciclomotor,Vehículo Oficial",Ayacucho Y Garay,3,1,0,0,2,0,0,"-32.97654, -60.63392",Calle,,ROSARIO,Rosario,Asfalto,No existe,II,Dentro,Urbana,Ninguna,No existe,Intersección,Bueno,Buena,Nocturna,Buen Tiempo,Lateral,S/D,Colisión,Ninguna,Faltante,Ninguna,Sin restricción,"-32.97654, -60.63392","['Ayacucho', 'Garay']",2,,-32.97654,-60.63392,55.0,538.0,Municipio Rosario,Municipio,Rosario,820210,Servicio de Catastro e Información Territorial,IGN
2020,1635,2020-05-12,Martes,,10:20:00,,0.0,2,"Automóvil,Peatón",Esteban de Luca Y Cucha Cucha,2,1,0,0,1,0,0,"-32.9944, -60.63074",Calle,,ROSARIO,Rosario,Asfalto,No existe,II,Dentro,Urbana,Ninguna,No existe,Intersección,Bueno,Buena,Diurna,Buen Tiempo,S/D,Peatón,Atropello,Ninguna,Faltante,Ninguna,Sin restricción,"-32.9944, -60.63074","['Esteban de Luca', 'Cucha Cucha']",2,,-32.9944,-60.63074,55.0,538.0,Municipio Rosario,Municipio,Rosario,820210,Servicio de Catastro e Información Territorial,IGN
2020,1641,2020-05-16,Sabado,,17:30:00,,0.0,2,"Bicicleta,Automóvil",Garay Y San Martin,2,1,0,0,1,0,0,"-32.97477, -60.6437",Calle,,ROSARIO,Rosario,Asfalto,No existe,II,Dentro,Urbana,Ninguna,No existe,Intersección,Bueno,Buena,Diurna,Buen Tiempo,S/D,Ciclista,Atropello,Ninguna,Faltante,Ninguna,Sin restricción,"-32.97477, -60.6437","['Garay', 'San Martin']",2,,-32.97477,-60.6437,55.0,538.0,Municipio Rosario,Municipio,Rosario,820210,Servicio de Catastro e Información Territorial,IGN
2020,1643,2020-05-11,Lunes,,12:30:00,,0.0,2,"Moto/Ciclomotor,Automóvil",Pavon Y Av. Uriburu,2,1,0,0,1,0,0,"-32.99033, -60.63456",Calle,,ROSARIO,Rosario,Asfalto,No existe,II,Dentro,Urbana,Ninguna,No existe,Intersección,Bueno,Buena,Diurna,Buen Tiempo,Lateral,S/D,Colisión,Ninguna,Faltante,Ninguna,Sin restricción,"-32.99033, -60.63456","['Pavón', 'Uriburu']",2,,-32.99033,-60.63456,55.0,538.0,Municipio Rosario,Municipio,Rosario,820210,Servicio de Catastro e Información Territorial,IGN
2020,1644,2020-05-13,Miercoles,,18:20:00,,0.0,2,"Moto/Ciclomotor,Pickup/Utilitario",Dean Funes Y Chacabuco,3,1,1,0,1,0,0,"-32.97841, -60.63011",Calle,,ROSARIO,Rosario,Asfalto,No existe,II,Dentro,Urbana,Ninguna,No existe,Intersección,Bueno,Buena,Diurna,Buen Tiempo,Lateral,S/D,Colisión,Ninguna,Faltante,Guardarrail,Sin restricción,"-32.97841, -60.63011","['Deán Gregorio Funes', 'Chacabuco']",2,,-32.97841,-60.63011,55.0,538.0,Municipio Rosario,Municipio,Rosario,820210,Servicio de Catastro e Información Territorial,IGN
2020,1647,2020-05-14,Jueves,,15:30:00,,0.0,2,"Bicicleta,Automóvil",Entre Rios Y Juan Canals,2,1,0,0,1,0,0,"-32.98892, -60.65174",Calle,,ROSARIO,Rosario,S/D,No existe,II,Dentro,Urbana,Ninguna,No existe,Intersección,Bueno,Buena,Diurna,Buen Tiempo,S/D,Ciclista,Atropello,Ninguna,Faltante,Ninguna,Sin restricción,"-32.98892, -60.65174","['Entre Ríos', 'Juan Canals']",2,,-32.98892,-60.65174,55.0,538.0,Municipio Rosario,Municipio,Rosario,820210,Servicio de Catastro e Información Territorial,IGN
2020,1648,2020-02-14,Viernes,,06:20:00,,0.0,1,Moto/Ciclomotor,Av. Provincias Unidas Y Rio Negro,1,0,1,0,0,0,0,"-32.946111889555,-60.712430591862",Avenida,,ROSARIO,Rosario,Asfalto,No existe,II,Dentro,Urbana,Paso Peatonal,No existe,Intersección,Bueno,Buena,Diurna,Buen Tiempo,S/D,S/D,Cañda ocupante,Ninguna,Horizontal,"Cordón divisorio,Vegetación,Línea divisoria pintada",Sin restricción,"-32.946111889555,-60.712430591862","['Avenida Provincias Unidas', 'Rio Negro']",2,,-32.946111889555,-60.712430591862,55.0,538.0,Municipio Rosario,Municipio,Rosario,820210,Servicio de Catastro e Información Territorial,IGN
2020,1650,2020-05-15,Viernes,,21:00:00,,0.0,2,"Moto/Ciclomotor,Automóvil",Ayacucho Y Reg.11 de Infanteria,2,1,0,0,1,0,0,"-32.99842, -60.63645",Calle,,ROSARIO,Rosario,Asfalto,No existe,II,Dentro,Urbana,Ninguna,No existe,Intersección,S/D,Buena,Nocturna,Buen Tiempo,Lateral,S/D,Colisión,Ninguna,Vertical,Cordón divisorio,Sin restricción,"-32.99842, -60.63645","['Ayacucho', 'Regimiento 11']",2,,-32.99842,-60.63645,55.0,538.0,Municipio Rosario,Municipio,Rosario,820210,Servicio de Catastro e Información Territorial,IGN
2020,1651,2020-05-15,Viernes,,15:45:00,,0.0,2,"Moto/Ciclomotor,Taxi/Remis",Avalos Y Superi,2,1,0,0,1,0,0,"-32.89672, -60.70783",Calle,,ROSARIO,Rosario,Asfalto,Pavimento,II,Dentro,Urbana,Ninguna,S/D,Intersección,Bueno,Buena,Diurna,Buen Tiempo,Otro,S/D,Otro,Ninguna,S/D,Ninguna,Sin restricción,"-32.89672, -60.70783","['Ávalos', 'Superi']",2,,-32.89672,-60.70783,55.0,538.0,Municipio Rosario,Municipio,Rosario,820210,Servicio de Catastro e Información Territorial,IGN