anio_acci,nro_acci,fecha,desc_dia,fecha_aprox,hora_aprox,desc_ruta,km,cant_participantes,desc_participante,calle_avenida_km,total,heridos_leves,heridos_graves,heridos_gravisimos,ilesos,fallecidos,sin_datos,posicion_XY,desc_tipo_via,desc_ruta_ori,desc_loc,desc_dpto,desc_tipo_calzada,desc_tipo_banquina,desc_unidad_regional,desc_lugar_calzada,desc_zona,desc_prioridad,desc_estado_semaforo,desc_lugar_via,desc_estado_via,desc_estado_visibilidad,desc_luminosidad,desc_estado_clima,desc_tipo_colision,desc_tipo_atropello,desc_tipo_hecho,desc_pres_calzada,desc_senializacion,desc_separacion_via,desc_restriccion,forma_geocod,calle_lista,numero_calles,calles_osm,lat,lon,index_right,gid,fna,gna,nam,in1,fdc,sag
2020,1653,2020-05-13,Miercoles,,12:40:00,,0.0,2,"Moto/Ciclomotor,Taxi/Remis",Bv. Avellaneda Y Av. Luis Carballo,2,1,0,0,1,0,0,"-32.92202, -60.67475",Avenida,,ROSARIO,Rosario,Asfalto,S/D,II,S/D,Urbana,S/D,S/D,Intersección,Bueno,Buena,Diurna,Buen Tiempo,Lateral,S/D,Colisión,S/D,S/D,Ninguna,S/D,"-32.92202, -60.67475","['Avellaneda', 'Avenida Doctor Luis Cándido Carballo']",2,,-32.92202,-60.67475,55.0,538.0,Municipio Rosario,Municipio,Rosario,820210,Servicio de Catastro e Información Territorial,IGN
2020,1654,2020-05-16,Sabado,,00:45:00,,0.0,2,"Moto/Ciclomotor,Pickup/Utilitario",Mar del Plata Y Av. Luis Carballo,2,1,0,0,1,0,0,"-32.92226, -60.6821",Avenida,,ROSARIO,Rosario,Asfalto,S/D,II,S/D,Urbana,S/D,S/D,S/D,Bueno,S/D,S/D,Buen Tiempo,Lateral,S/D,Colisión,S/D,Vertical,S/D,S/D,"-32.92226, -60.6821","['Mar del Plata', 'Avenida Doctor Luis Cándido Carballo']",2,,-32.92226,-60.6821,55.0,538.0,Municipio Rosario,Municipio,Rosario,820210,Servicio de Catastro e Información Territorial,IGN
2020,1657,2020-02-02,Domingo,,18:00:00,,0.0,1,Automóvil,Av. Corrientes Y Pje. E.Diaz,4,1,0,0,3,0,0,"-32.973158661526,-60.649278148968",Calle,,ROSARIO,Rosario,Asfalto,No existe,II,Dentro,Urbana,Ninguna,No existe,Intersección,S/D,S/D,Diurna,S/D,Contra objeto fijo,S/D,Colisión,S/D,Faltante,Ninguna,S/D,"-32.973158661526,-60.649278148968","['Corrientes', 'Diaz']",2,,-32.973158661526,-60.649278148968,55.0,538.0,Municipio Rosario,Municipio,Rosario,820210,Servicio de Catastro e Información Territorial,IGN
2020,1658,2020-05-16,Sabado,,21:30:00,,0.0,2,"Moto/Ciclomotor,Moto/Ciclomotor",Av. Alberdi Bis Y Av. Genova,2,1,0,0,0,0,1,"-32.91517, -60.68565",Avenida,,ROSARIO,Rosario,Asfalto,S/D,II,S/D,Urbana,S/D,S/D,Recta,Bueno,Buena,S/D,Buen Tiempo,Otro,S/D,Colisión,S/D,Vertical,S/D,S/D,"-32.91517, -60.68565","['Alberdi', 'Genova']",2,,-32.91517,-60.68565,55.0,538.0,Municipio Rosario,Municipio,Rosario,820210,Servicio de Catastro e Información Territorial,IGN
2020,1659,2020-05-16,Sabado,,18:50:00,,0.0,2,"Bicicleta,Pickup/Utilitario",Urquiza Y San Nicolas,2,1,0,0,1,0,0,"-32.93685, -60.67147",Calle,,ROSARIO,Rosario,Asfalto,No existe,II,Dentro,Urbana,Ninguna,No existe,Intersección,Bueno,Buena,Diurna,Buen Tiempo,De alcance,Ciclista,Atropello,Ninguna,Faltante,Ninguna,Sin restricción,"-32.93685, -60.67147","['Urquiza', 'San Nicolás']",2,,-32.93685,-60.67147,55.0,538.0,Municipio Rosario,Municipio,Rosario,820210,Servicio de Catastro e Información Territorial,IGN
2020,1663,2020-05-11,Lunes,,16:10:00,,0.0,2,"Bicicleta,Automóvil",Paraguay Y Rueda,2,1,0,0,1,0,0,"-32.97007, -60.64992",Calle,,ROSARIO,Rosario,Asfalto,No existe,II,Dentro,Urbana,Señal Pare,No existe,Intersección,Bueno,Buena,Diurna,Buen Tiempo,S/D,Ciclista,Atropello,Ninguna,Vertical,Ninguna,Sin restricción,"-32.97007, -60.64992","['Paraguay', 'Rueda']",2,,-32.97007,-60.64992,55.0,538.0,Municipio Rosario,Municipio,Rosario,820210,Servicio de Catastro e Información Territorial,IGN
2020,1666,2020-05-11,Lunes,,10:30:00,,0.0,2,"Pickup/Utilitario,Automóvil",Bv. 27 De Febrero Y Balcarce,2,1,0,0,1,0,0,"-32.96521, -60.65729",Avenida,,ROSARIO,Rosario,Asfalto,No existe,II,Dentro,Urbana,Semáforo,Funciona,Recta,Bueno,Buena,Diurna,Buen Tiempo,De alcance,S/D,Colisión,Ninguna,Vertical,Cordón divisorio,Sin restricción,"-32.96521, -60.65729","['27 de Febrero', 'Balcarce']",2,,-32.96521,-60.65729,55.0,538.0,Municipio Rosario,Municipio,Rosario,820210,Servicio de Catastro e Información Territorial,IGN
2020,1670,2020-05-09,Sabado,,16:00:00,,0.0,2,"Bicicleta,Pickup/Utilitario",Dorrego Y Viamonte,2,1,0,0,1,0,0,"-32.96334, -60.654",Calle,,ROSARIO,Rosario,Asfalto,No existe,II,Dentro,Urbana,Señal Pare,No existe,Intersección,Bueno,Buena,Diurna,Buen Tiempo,S/D,Ciclista,Atropello,Ninguna,Faltante,Ninguna,Sin restricción,"-32.96334, -60.654","['Dorrego', 'Viamonte']",2,,-32.96334,-60.654,55.0,538.0,Municipio Rosario,Municipio,Rosario,820210,Servicio de Catastro e Información Territorial,IGN
2020,1675,2020-05-11,Lunes,,16:50:00,,0.0,2,"Automóvil,Bicicleta",Entre Rios Y Ituzaingo,2,1,0,0,1,0,0,"-32.96019, -60.6446",Calle,,ROSARIO,Rosario,"Asfalto,Hormigón",S/D,II,Dentro,Urbana,S/D,S/D,Recta,S/D,S/D,Diurna,S/D,S/D,Ciclista,Atropello,S/D,S/D,S/D,S/D,"-32.96019, -60.6446","['Entre Ríos', 'Ituzaingó']",2,,-32.96019,-60.6446,55.0,538.0,Municipio Rosario,Municipio,Rosario,820210,Servicio de Catastro e Información Territorial,IGN
2020,1680,2020-05-15,Viernes,,14:25:00,,0.0,2,"Moto/Ciclomotor,Automóvil",San Luis Y Santiago,2,1,0,0,1,0,0,"-32.94583, -60.65666",Calle,,ROSARIO,Rosario,"Asfalto,Hormigón",S/D,II,Dentro,Urbana,S/D,S/D,Intersección,S/D,S/D,Diurna,S/D,Lateral,S/D,Colisión,S/D,S/D,S/D,S/D,"-32.94583, -60.65666","['San Luis', 'Santiago']",2,,-32.94583,-60.65666,55.0,538.0,Municipio Rosario,Municipio,Rosario,820210,Servicio de Catastro e Información Territorial,IGN
2020,1684,2020-05-13,Miercoles,,20:50:00,,0.0,2,"Automóvil,Moto/Ciclomotor",Pasco Y Dorrego,3,1,0,0,2,0,0,"-32.9576, -60.65252",Calle,,ROSARIO,Rosario,S/D,S/D,II,Dentro,Urbana,S/D,S/D,Intersección,S/D,S/D,Nocturna,S/D,Lateral,S/D,Colisión,S/D,S/D,S/D,S/D,"-32.9576, -60.65252","['Pasco', 'Dorrego']",2,,-32.9576,-60.65252,55.0,538.0,Municipio Rosario,Municipio,Rosario,820210,Servicio de Catastro e Información Territorial,IGN
2020,1695,2020-04-22,Miercoles,,16:00:00,,0.0,2,"Moto/Ciclomotor,Automóvil",Av. Ovidio Lagos Y Pje. Tiscornia,2,1,0,0,1,0,0,"-32.95715, -60.66519",Calle,,ROSARIO,Rosario,Asfalto,No existe,II,Dentro,Urbana,Ninguna,No existe,Intersección,Bueno,Buena,Diurna,Buen Tiempo,Lateral,S/D,Colisión,Ninguna,Faltante,Ninguna,Sin restricción,"-32.95715, -60.66519","['Avenida Ovidio Lagos', 'Tiscornia']",2,,-32.95715,-60.66519,55.0,538.0,Municipio Rosario,Municipio,Rosario,820210,Servicio de Catastro e Información Territorial,IGN
2020,1699,2020-04-22,Miercoles,,13:10:00,,0.0,2,"Automóvil,Moto/Ciclomotor",Castellanos Y E.Zeballos,2,1,0,0,1,0,0,"-32.9484, -60.67722",Calle,,ROSARIO,Rosario,S/D,S/D,II,Dentro,Urbana,S/D,S/D,Intersección,S/D,S/D,Diurna,S/D,Lateral,S/D,Colisión,S/D,S/D,S/D,S/D,"-32.9484, -60.67722","['Aaron Castellanos', 'Zeballos']",2,,-32.9484,-60.67722,55.0,538.0,Municipio Rosario,Municipio,Rosario,820210,Servicio de Catastro e Información Territorial,IGN
2020,1700,2020-05-02,Sabado,,17:27:00,,0.0,2,"Moto/Ciclomotor,Automóvil",Av. Eva Peron Y Ambrosetti,2,0,1,0,1,0,0,"-32.92862, -60.73786",Avenida,,ROSARIO,Rosario,Asfalto,No existe,II,Dentro,Urbana,Ninguna,No existe,Intersección,Con baches,Buena,Diurna,Buen Tiempo,Lateral,S/D,Colisión,Ninguna,Horizontal,Cordón divisorio,Sin restricción,"-32.92862, -60.73786","['Avenida Eva Perón', 'Ambrosetti']",2,,-32.92862,-60.73786,55.0,538.0,Municipio Rosario,Municipio,Rosario,820210,Servicio de Catastro e Información Territorial,IGN
2020,1702,2020-05-04,Lunes,,14:55:00,,0.0,2,"Moto/Ciclomotor,Automóvil",Mendoza ,2,1,0,0,1,0,0,"-32.94427, -60.68043",S/D,,ROSARIO,Rosario,Asfalto,No existe,II,S/D,S/D,S/D,Funciona,Intersección,Bueno,Buena,Diurna,Buen Tiempo,S/D,S/D,Colisión,Ninguna,S/D,S/D,Sin restricción,"-32.94427, -60.68043",['Mendoza'],1,,-32.94427,-60.68043,55.0,538.0,Municipio Rosario,Municipio,Rosario,820210,Servicio de Catastro e Información Territorial,IGN
2020,1704,2020-04-22,Miercoles,,14:35:00,,0.0,2,"Bicicleta,Automóvil",San Martin 3200,2,1,0,0,1,0,0,"-32.97486, -60.64374",Avenida,,ROSARIO,Rosario,Asfalto,No existe,II,Dentro,Urbana,Ninguna,No existe,Recta,Bueno,Buena,Diurna,Buen Tiempo,S/D,Ciclista,Atropello,S/D,Faltante,Ninguna,Sin restricción,"-32.97486, -60.64374",['San Martin 3200'],1,,-32.97486,-60.64374,55.0,538.0,Municipio Rosario,Municipio,Rosario,820210,Servicio de Catastro e Información Territorial,IGN
2020,1705,2020-04-22,Miercoles,,14:45:00,,0.0,2,"Moto/Ciclomotor,Pickup/Utilitario",Av. Ovidio Lagos Y Camino de los Quinteros,2,1,0,0,1,0,0,"-33.01573, -60.67866",Calle,,ROSARIO,Rosario,Asfalto,No existe,II,S/D,Urbana,Ninguna,Funciona,Intersección,Bueno,Buena,Diurna,Buen Tiempo,Otro,S/D,S/D,S/D,Faltante,Ninguna,Sin restricción,"-33.01573, -60.67866","['Avenida Ovidio Lagos', 'Camino de los Quinteros']",2,,-33.01573,-60.67866,55.0,538.0,Municipio Rosario,Municipio,Rosario,820210,Servicio de Catastro e Información Territorial,IGN
2020,1706,2020-04-22,Miercoles,,18:50:00,,0.0,2,"Moto/Ciclomotor,Pickup/Utilitario",Rivarola 7900,2,1,0,0,1,0,0,"-32.96623, -60.72635",Avenida,,ROSARIO,Rosario,Asfalto,Pavimento,II,Dentro,Urbana,Ninguna,No existe,Intersección,Otro,Reducida,Atardecer,Otro,S/D,S/D,Colisión,Otro,Faltante,Cordón divisorio,Sin restricción,"-32.96623, -60.72635",['Rivarola 7900'],1,,-32.96623,-60.72635,55.0,538.0,Municipio Rosario,Municipio,Rosario,820210,Servicio de Catastro e Información Territorial,IGN
2020,1707,2020-05-06,Miercoles,,13:50:00,,0.0,4,"Moto/Ciclomotor,Automóvil,Automóvil,Automóvil",Av. Uriburu Y Av. Avellaneda B,9,1,0,0,8,0,0,"-32.99189, -60.68875",Avenida,,ROSARIO,Rosario,Asfalto,Pavimento,II,Dentro,Urbana,Semáforo,Funciona,Intersección,Otro,Reducida,Atardecer,Otro,Múltiple,S/D,Colisión,Otro,Vertical,Cordón divisorio,Sin restricción,"-32.99189, -60.68875","['Uriburu', 'Avellaneda']",2,,-32.99189,-60.68875,55.0,538.0,Municipio Rosario,Municipio,Rosario,820210,Servicio de Catastro e Información Territorial,IGN
2020,1711,2020-05-06,Miercoles,,15:10:00,,0.0,1,Moto/Ciclomotor,Bv. Segui 5500,1,0,1,0,0,0,0,"-32.97059, -60.6975",Avenida,,ROSARIO,Rosario,Asfalto,Pavimento,II,Dentro,Urbana,Ninguna,No existe,Recta,Otro,Buena,Diurna,Otro,Otro,S/D,Cañda ocupante,Otro,Faltante,Cordón divisorio,Sin restricción,"-32.97059, -60.6975",['Bulevar Juan Francisco Seguí 5500'],1,,-32.97059,-60.6975,55.0,538.0,Municipio Rosario,Municipio,Rosario,820210,Servicio de Catastro e Información Territorial,IGN
2020,1713,2020-05-04,Lunes,,05:00:00,,0.0,2,"Vehículo Oficial,Camión c / Acoplado",Av. Pte.Peron 7200,2,0,0,0,0,0,2,"-32.97026, -60.71613",Avenida,,ROSARIO,Rosario,Asfalto,Pavimento,II,Dentro,Urbana,Semáforo,Funciona,Intersección,Otro,Reducida,Nocturna,Otro,Otro,S/D,Colisión,Otro,Vertical,Cordón divisorio,Sin restricción,"-32.97026, -60.71613",['Presidenteperon 7200'],1,,-32.97026,-60.71613,55.0,538.0,Municipio Rosario,Municipio,Rosario,820210,Servicio de Catastro e Información Territorial,IGN
2020,1714,2020-05-06,Miercoles,,12:55:00,,0.0,2,"Moto/Ciclomotor,Automóvil",Bv. Segui Y Campbell,2,1,0,0,0,0,1,"-32.97101, -60.70672",Avenida,,ROSARIO,Rosario,Asfalto,Pavimento,II,Dentro,Urbana,Ninguna,No existe,Intersección,Otro,Buena,Diurna,Otro,Otro,S/D,Colisión,Otro,Faltante,Cordón divisorio,Sin restricción,"-32.97101, -60.70672","['Bulevar Juan Francisco Seguí', 'Campbell']",2,,-32.97101,-60.70672,55.0,538.0,Municipio Rosario,Municipio,Rosario,820210,Servicio de Catastro e Información Territorial,IGN
2020,1715,2020-05-05,Martes,,19:15:00,,0.0,2,"Automóvil,Bicicleta",Madre Cabrini Y Pueyrredon,2,1,0,0,1,0,0,"-33.00562, -60.66898",Calle,,ROSARIO,Rosario,Asfalto,No existe,II,Dentro,Urbana,Ninguna,No existe,Recta,Bueno,Buena,Atardecer,Buen Tiempo,S/D,Ciclista,Atropello,Ninguna,Faltante,Ninguna,Sin restricción,"-33.00562, -60.66898","['Madre Cabrini', 'Pueyrredón']",2,,-33.00562,-60.66898,55.0,538.0,Municipio Rosario,Municipio,Rosario,820210,Servicio de Catastro e Información Territorial,IGN
2020,1738,2020-05-13,Miercoles,,09:45:00,,0.0,2,"Automóvil,Moto/Ciclomotor",3 De Febrero Y Alvear,2,1,0,0,1,0,0,"-32.94985, -60.65627",Calle,,ROSARIO,Rosario,"Asfalto,Hormigón",S/D,II,Dentro,Urbana,S/D,S/D,Intersección,S/D,S/D,Diurna,S/D,Lateral,S/D,Colisión,S/D,S/D,S/D,S/D,"-32.94985, -60.65627","['3 de Febrero', 'Alvear']",2,,-32.94985,-60.65627,55.0,538.0,Municipio Rosario,Municipio,Rosario,820210,Servicio de Catastro e Información Territorial,IGN
2020,1739,2020-05-04,Lunes,,16:50:00,,0.0,2,"Moto/Ciclomotor,Automóvil",Dorrego Y Madre Cabrini,2,1,0,0,1,0,0,"-33.00539, -60.66048",Calle,,ROSARIO,Rosario,Asfalto,No existe,II,S/D,Urbana,Ninguna,No existe,Recta,Bueno,Buena,Atardecer,Buen Tiempo,Otro,S/D,Colisión,Ninguna,Faltante,Ninguna,Sin restricción,"-33.00539, -60.66048","['Dorrego', 'Madre Cabrini']",2,,-33.00539,-60.66048,55.0,538.0,Municipio Rosario,Municipio,Rosario,820210,Servicio de Catastro e Información Territorial,IGN
2020,1743,2020-05-02,Sabado,,13:28:00,,0.0,2,"Moto/Ciclomotor,Automóvil",Lamadrid Y Francia F,3,1,1,0,1,0,0,"-32.99804, -60.67776",Calle,,ROSARIO,Rosario,Asfalto,No existe,II,Dentro,Urbana,Ninguna,No existe,Recta,Bueno,Buena,Diurna,Buen Tiempo,Otro,S/D,Colisión,Ninguna,Faltante,Ninguna,Sin restricción,"-32.99804, -60.67776","['Lamadrid', 'Avenida Francia']",2,,-32.99804,-60.67776,55.0,538.0,Municipio Rosario,Municipio,Rosario,820210,Servicio de Catastro e Información Territorial,IGN
2020,1746,2020-05-06,Miercoles,,16:35:00,,0.0,2,"Moto/Ciclomotor,Automóvil",Av. Battle y Ordo�ez Y Laprida,2,1,0,0,1,0,0,"-33.00886, -60.64666",Calle,,ROSARIO,Rosario,Asfalto,No existe,II,Dentro,Urbana,Ninguna,No existe,Intersección,Bueno,Buena,Diurna,Buen Tiempo,Lateral,S/D,Colisión,Ninguna,Faltante,Ninguna,Sin restricción,"-33.00886, -60.64666","['Avenida Battle y Ordoñez', 'Laprida']",2,,-33.00886,-60.64666,55.0,538.0,Municipio Rosario,Municipio,Rosario,820210,Servicio de Catastro e Información Territorial,IGN
2020,1751,2020-05-07,Jueves,,10:05:00,,0.0,2,"Pickup/Utilitario,Bicicleta",Bv. Segui Y Buenos Aires,3,1,0,0,2,0,0,"-32.98019, -60.64087",Avenida,,ROSARIO,Rosario,Asfalto,S/D,II,Dentro,Urbana,S/D,S/D,Intersección,Bueno,S/D,S/D,S/D,S/D,Ciclista,Atropello,Ninguna,S/D,S/D,S/D,"-32.98019, -60.64087","['Bulevar Juan Francisco Seguí', 'Buenos Aires']",2,,-32.98019,-60.64087,55.0,538.0,Municipio Rosario,Municipio,Rosario,820210,Servicio de Catastro e Información Territorial,IGN
2020,1754,2020-05-05,Martes,,13:00:00,,0.0,2,"Moto/Ciclomotor,Automóvil",Av. Battle y Ordo�ez Y Salva,2,1,0,0,1,0,0,"-33.00868, -60.63995",Calle,,ROSARIO,Rosario,Asfalto,No existe,II,Dentro,Urbana,Ninguna,S/D,Intersección,Bueno,Buena,Diurna,Buen Tiempo,Lateral,S/D,Colisión,Ninguna,Faltante,Ninguna,Sin restricción,"-33.00868, -60.63995","['Avenida Battle y Ordoñez', 'Salva']",2,,-33.00868,-60.63995,55.0,538.0,Municipio Rosario,Municipio,Rosario,820210,Servicio de Catastro e Información Territorial,IGN
2020,1755,2020-05-04,Lunes,,12:30:00,,0.0,2,"Automóvil,Moto/Ciclomotor",Bv. Rondeau Y Ricardo Gutierrez,2,1,0,0,0,0,1,"-32.88158, -60.69638",Avenida,,ROSARIO,Rosario,Asfalto,Natural,II,Dentro,Urbana,S/D,S/D,Recta,Con baches,S/D,S/D,S/D,S/D,S/D,S/D,Ninguna,S/D,Cordón divisorio,S/D,"-32.88158, -60.69638","['Rondeau', 'Ricardo Gutierrez']",2,,-32.88158,-60.69638,55.0,538.0,Municipio Rosario,Municipio,Rosario,820210,Servicio de Catastro e Información Territorial,IGN
2020,1756,2020-05-05,Martes,,,,0.0,2,"Automóvil,Moto/Ciclomotor",Av. Frondizi A ,2,1,1,0,0,0,0,"-32.911, -60.67692",Calle,,ROSARIO,Rosario,Asfalto,No existe,II,Dentro,Urbana,S/D,No existe,Recta,Con baches,S/D,S/D,S/D,S/D,S/D,S/D,S/D,S/D,S/D,S/D,"-32.911, -60.67692",['Frondizi A'],1,,-32.911,-60.67692,55.0,538.0,Municipio Rosario,Municipio,Rosario,820210,Servicio de Catastro e Información Territorial,IGN
2020,1758,2020-05-08,Viernes,,19:30:00,,0.0,2,"Moto/Ciclomotor,Taxi/Remis",Av. Eva Peron Y Pascual Rosas,3,2,0,0,1,0,0,"-32.93788, -60.68596",Avenida,,ROSARIO,Rosario,Asfalto,No existe,II,Dentro,Urbana,Ninguna,No existe,Intersección,Bueno,Buena,Diurna,Buen Tiempo,De alcance,S/D,Colisión,Ninguna,Faltante,Ninguna,Sin restricción,"-32.93788, -60.68596","['Avenida Eva Perón', 'Pascual Rosas']",2,,-32.93788,-60.68596,55.0,538.0,Municipio Rosario,Municipio,Rosario,820210,Servicio de Catastro e Información Territorial,IGN
2020,1760,2020-05-08,Viernes,,07:45:00,,0.0,2,"Moto/Ciclomotor,Moto/Ciclomotor",Cordoba Y Ricchieri,2,1,0,0,1,0,0,"-32.94206, -60.66281",Calle,,ROSARIO,Rosario,Asfalto,No existe,II,Dentro,Urbana,S/D,No existe,Intersección,Bueno,Buena,Diurna,Buen Tiempo,S/D,S/D,Colisión,Ninguna,Faltante,Ninguna,Sin restricción,"-32.94206, -60.66281","['Córdoba', 'Ricchieri']",2,,-32.94206,-60.66281,55.0,538.0,Municipio Rosario,Municipio,Rosario,820210,Servicio de Catastro e Información Territorial,IGN
2020,1767,2020-05-09,Sabado,,16:45:00,,0.0,1,Moto/Ciclomotor,Sarratea Bis 1100,2,2,0,0,0,0,0,"-32.91683, -60.74155",Calle,,ROSARIO,Rosario,Asfalto,No existe,II,Dentro,Urbana,Ninguna,No existe,Recta,Bueno,Buena,Diurna,Buen Tiempo,Otro,S/D,Cañda ocupante,Ninguna,S/D,Ninguna,Sin restricción,"-32.91683, -60.74155",['Sarratea Bis 1100'],1,,-32.91683,-60.74155,55.0,538.0,Municipio Rosario,Municipio,Rosario,820210,Servicio de Catastro e Información Territorial,IGN
2020,1768,2020-05-15,Viernes,,09:00:00,,0.0,2,"Bicicleta,Automóvil",Pje. Sotomayor Bis Y J.J.Paso,3,1,0,0,2,0,0,"-32.91972, -60.69523",Avenida,,ROSARIO,Rosario,Asfalto,No existe,II,Dentro,Urbana,Ninguna,No existe,Intersección,Con baches,Buena,Diurna,Buen Tiempo,S/D,Ciclista,Atropello,Otro,Faltante,Ninguna,Sin restricción,"-32.91972, -60.69523","['Sotomayor', 'Paso']",2,,-32.91972,-60.69523,55.0,538.0,Municipio Rosario,Municipio,Rosario,820210,Servicio de Catastro e Información Territorial,IGN
2020,1769,2020-05-11,Lunes,,11:00:00,,0.0,2,"Taxi/Remis,Moto/Ciclomotor",Mariano Cabal Bis Y Pje. Pelayo,2,1,0,0,1,0,0,"-32.91937, -60.7026",Calle,,ROSARIO,Rosario,Asfalto,No existe,II,Dentro,Urbana,Ninguna,No existe,Intersección,Bueno,Buena,Diurna,S/D,Lateral,S/D,Colisión,Ninguna,Faltante,Ninguna,Sin restricción,"-32.91937, -60.7026","['Mariano Cabal', 'Pelayo']",2,,-32.91937,-60.7026,55.0,538.0,Municipio Rosario,Municipio,Rosario,820210,Servicio de Catastro e Información Territorial,IGN
2020,1772,2020-05-09,Sabado,,01:30:00,,0.0,2,"Moto/Ciclomotor,Automóvil",Jose Ingenieros Y Dr.Victor Cue Bis,4,2,0,0,1,0,1,"-32.91659, -60.69718",Calle,,ROSARIO,Rosario,S/D,No existe,II,S/D,Urbana,Ninguna,No existe,Intersección,S/D,S/D,Nocturna,S/D,Lateral,S/D,Colisión,S/D,Faltante,Ninguna,Sin restricción,"-32.91659, -60.69718","['José Ingenieros', 'Victor Cue']",2,,-32.91659,-60.69718,55.0,538.0,Municipio Rosario,Municipio,Rosario,820210,Servicio de Catastro e Información Territorial,IGN
2020,1778,2020-05-12,Martes,,17:00:00,,0.0,2,"Pickup/Utilitario,Automóvil",Viamonte Y Larrea,3,1,0,0,2,0,0,"-32.95649, -60.69664",Calle,,ROSARIO,Rosario,Asfalto,S/D,II,Dentro,Urbana,S/D,S/D,Intersección,Bueno,Buena,S/D,S/D,S/D,S/D,Colisión,S/D,S/D,S/D,S/D,"-32.95649, -60.69664","['Viamonte', 'Larrea']",2,,-32.95649,-60.69664,55.0,538.0,Municipio Rosario,Municipio,Rosario,820210,Servicio de Catastro e Información Territorial,IGN
2020,1781,2020-05-09,Sabado,,09:25:00,,0.0,2,"Vehículo Oficial,Automóvil",Castellanos Y Lamadrid,3,2,0,0,1,0,0,"-32.9983, -60.68741",Calle,,ROSARIO,Rosario,Asfalto,No existe,II,S/D,Urbana,Ninguna,No existe,Recta,Bueno,Buena,Diurna,Buen Tiempo,S/D,S/D,Colisión,Agua,Faltante,Ninguna,Sin restricción,"-32.9983, -60.68741","['Aaron Castellanos', 'Lamadrid']",2,,-32.9983,-60.68741,55.0,538.0,Municipio Rosario,Municipio,Rosario,820210,Servicio de Catastro e Información Territorial,IGN
2020,1784,2020-05-11,Lunes,,19:50:00,,0.0,1,Moto/Ciclomotor,24 De Setiembre Y Bv. Avellaneda,1,1,0,0,0,0,0,"-32.97291, -60.68759",Calle,,ROSARIO,Rosario,Asfalto,No existe,II,Dentro,Urbana,Ninguna,No existe,Recta,Bueno,Buena,Atardecer,Buen Tiempo,Atropello animal,S/D,Colisión,Ninguna,Faltante,Ninguna,Sin restricción,"-32.97291, -60.68759","['24 de Septiembre', 'Avellaneda']",2,,-32.97291,-60.68759,55.0,538.0,Municipio Rosario,Municipio,Rosario,820210,Servicio de Catastro e Información Territorial,IGN
2020,1807,2020-05-08,Viernes,,12:00:00,,0.0,2,"Moto/Ciclomotor,Automóvil",Mariano Moreno Y Bv. 27 De Febrero,2,1,0,0,1,0,0,"-32.96547, -60.65602",Avenida,,ROSARIO,Rosario,Asfalto,No existe,II,Dentro,Urbana,Semáforo,Funciona,Recta,Bueno,Buena,Diurna,Buen Tiempo,Lateral,S/D,Colisión,Ninguna,Vertical,Línea divisoria pintada,Sin restricción,"-32.96547, -60.65602","['Mariano Moreno', '27 de Febrero']",2,,-32.96547,-60.65602,55.0,538.0,Municipio Rosario,Municipio,Rosario,820210,Servicio de Catastro e Información Territorial,IGN
2020,1808,2020-05-01,Viernes,,12:45:00,,0.0,2,"Automóvil,Pickup/Utilitario",Paraguay Y Riobamba,2,1,0,0,1,0,0,"-32.96202, -60.64788",Calle,,ROSARIO,Rosario,Asfalto,S/D,II,Dentro,Urbana,Ninguna,No existe,Recta,Bueno,Buena,Diurna,Buen Tiempo,De alcance,S/D,Colisión,Ninguna,Faltante,Ninguna,Sin restricción,"-32.96202, -60.64788","['Paraguay', 'Riobamba']",2,,-32.96202,-60.64788,55.0,538.0,Municipio Rosario,Municipio,Rosario,820210,Servicio de Catastro e Información Territorial,IGN
2020,1809,2020-05-06,Miercoles,,11:10:00,,0.0,2,"Automóvil,Moto/Ciclomotor",Paraguay Y Riobamba,2,1,0,0,1,0,0,"-32.96203, -60.64798",Calle,,ROSARIO,Rosario,Asfalto,S/D,II,Dentro,Urbana,Ninguna,No existe,Recta,Bueno,Buena,Diurna,Buen Tiempo,Lateral,S/D,Colisión,Ninguna,Faltante,Ninguna,Sin restricción,"-32.96203, -60.64798","['Paraguay', 'Riobamba']",2,,-32.96203,-60.64798,55.0,538.0,Municipio Rosario,Municipio,Rosario,820210,Servicio de Catastro e Información Territorial,IGN
2020,1810,2020-05-08,Viernes,,11:00:00,,0.0,2,"Automóvil,Bicicleta",Sarmiento 1100,2,1,0,0,1,0,0,"-32.95019, -60.63912",Calle,,ROSARIO,Rosario,Asfalto,S/D,II,Dentro,Urbana,S/D,S/D,Recta,S/D,S/D,S/D,S/D,S/D,Ciclista,Atropello,S/D,S/D,S/D,S/D,"-32.95019, -60.63912",['Sarmiento 1100'],1,,-32.95019,-60.63912,55.0,538.0,Municipio Rosario,Municipio,Rosario,820210,Servicio de Catastro e Información Territorial,IGN
2020,1811,2020-05-06,Miercoles,,21:34:00,,0.0,3,"Taxi/Remis,Automóvil,Automóvil",Bv. Avellaneda Y Montevideo,5,4,0,0,1,0,0,"-32.94882, -60.68147",Calle,,ROSARIO,Rosario,"Asfalto,Hormigón",S/D,II,Dentro,Urbana,Semáforo,Funciona,Intersección,S/D,S/D,Nocturna,S/D,"Lateral,Múltiple",S/D,Colisión,S/D,S/D,S/D,S/D,"-32.94882, -60.68147","['Avellaneda', 'Montevideo']",2,,-32.94882,-60.68147,55.0,538.0,Municipio Rosario,Municipio,Rosario,820210,Servicio de Catastro e Información Territorial,IGN