anio_acci,nro_acci,fecha,desc_dia,fecha_aprox,hora_aprox,desc_ruta,km,cant_participantes,desc_participante,calle_avenida_km,total,heridos_leves,heridos_graves,heridos_gravisimos,ilesos,fallecidos,sin_datos,posicion_XY,desc_tipo_via,desc_ruta_ori,desc_loc,desc_dpto,desc_tipo_calzada,desc_tipo_banquina,desc_unidad_regional,desc_lugar_calzada,desc_zona,desc_prioridad,desc_estado_semaforo,desc_lugar_via,desc_estado_via,desc_estado_visibilidad,desc_luminosidad,desc_estado_clima,desc_tipo_colision,desc_tipo_atropello,desc_tipo_hecho,desc_pres_calzada,desc_senializacion,desc_separacion_via,desc_restriccion,forma_geocod,calle_lista,numero_calles,calles_osm,lat,lon,index_right,gid,fna,gna,nam,in1,fdc,sag
2020,1812,2020-05-04,Lunes,,17:45:00,,0.0,2,"Automóvil,Automóvil",Callao Y Brown,2,1,0,0,1,0,0,"-32.93325, -60.65775",Calle,,ROSARIO,Rosario,Asfalto,S/D,II,Dentro,Urbana,Semáforo,Funciona,Intersección,S/D,S/D,Diurna,S/D,Lateral,S/D,Colisión,S/D,S/D,S/D,S/D,"-32.93325, -60.65775","['Callao', 'Brown']",2,,-32.93325,-60.65775,55.0,538.0,Municipio Rosario,Municipio,Rosario,820210,Servicio de Catastro e Información Territorial,IGN
2020,1813,2020-05-01,Viernes,,16:57:00,,0.0,2,"Automóvil,Automóvil",Constitucion Y Marcos Paz,2,2,0,0,0,0,0,"-32.94453, -60.67483",Calle,,ROSARIO,Rosario,Hormigón,S/D,II,Dentro,Urbana,Ninguna,No existe,Intersección,Bueno,Buena,Diurna,S/D,"Lateral,Múltiple",S/D,Colisión,S/D,Faltante,S/D,S/D,"-32.94453, -60.67483","['Constitución', 'Marcos Paz']",2,,-32.94453,-60.67483,55.0,538.0,Municipio Rosario,Municipio,Rosario,820210,Servicio de Catastro e Información Territorial,IGN
2020,1874,2020-02-21,Viernes,,05:30:00,,0.0,2,"Moto/Ciclomotor,Moto/Ciclomotor",Av. Battle y Ordo�ez Y Pje. Trejo y Sanabria,2,1,0,0,0,1,0,"-33.009581, -60.672836",Avenida,,ROSARIO,Rosario,Asfalto,No existe,II,Dentro,Urbana,Ninguna,No existe,Recta,Deteriorada,Reducida,Nocturna,Buen Tiempo,S/D,S/D,Colisión,Ninguna,Faltante,Ninguna,Sin restricción,"-33.009581, -60.672836","['Avenida Battle y Ordoñez', 'Trejo y Sanabria']",2,,-33.009581,-60.672836,55.0,538.0,Municipio Rosario,Municipio,Rosario,820210,Servicio de Catastro e Información Territorial,IGN
2020,1882,2020-04-25,Sabado,,10:45:00,,0.0,2,"Moto/Ciclomotor,Automóvil",J.Colombres Y La Republica,2,1,0,0,1,0,0,"    -32.91907, -60.73031",Calle,,ROSARIO,Rosario,Asfalto,S/D,II,Dentro,Urbana,Ninguna,No existe,Recta,Bueno,S/D,Diurna,Otro,De alcance,S/D,Colisión,Otro,S/D,Ninguna,Sin restricción,"    -32.91907, -60.73031","['José Colombres', 'La República']",2,,-32.91907,-60.73031,55.0,538.0,Municipio Rosario,Municipio,Rosario,820210,Servicio de Catastro e Información Territorial,IGN
2020,1888,2020-04-27,Lunes,,18:35:00,,0.0,2,"Automóvil,Bicicleta",La Republica Y Fraga,2,1,0,0,1,0,0,"    -32.9186, -60.71149",Calle,,ROSARIO,Rosario,Asfalto,No existe,II,Dentro,Urbana,Ninguna,No existe,Intersección,S/D,Buena,Diurna,S/D,S/D,Ciclista,Atropello,S/D,S/D,Línea divisoria pintada,S/D,"    -32.9186, -60.71149","['La República', 'Fraga']",2,,-32.9186,-60.71149,55.0,538.0,Municipio Rosario,Municipio,Rosario,820210,Servicio de Catastro e Información Territorial,IGN
2020,1889,2020-05-13,Miercoles,,,,0.0,2,"Automóvil,Moto/Ciclomotor",F.More Y Casilda,2,0,1,0,1,0,0,"-32.92862, -60.69387",Calle,,ROSARIO,Rosario,Asfalto,S/D,II,S/D,Urbana,S/D,S/D,Intersección,S/D,S/D,S/D,S/D,S/D,S/D,Colisión,S/D,S/D,S/D,S/D,"-32.92862, -60.69387","['Felipe Moré', 'Casilda']",2,,-32.92862,-60.69387,55.0,538.0,Municipio Rosario,Municipio,Rosario,820210,Servicio de Catastro e Información Territorial,IGN
2020,1892,2020-05-13,Miercoles,,13:00:00,,0.0,2,"Automóvil,Moto/Ciclomotor",Bv. Avellaneda Y 3 De Febrero,2,1,0,0,1,0,0,"-32.94545, -60.68068",Calle,,ROSARIO,Rosario,Asfalto,No existe,II,S/D,Urbana,Paso Peatonal,No existe,Intersección,S/D,S/D,Diurna,S/D,S/D,S/D,Colisión,S/D,"Horizontal,Vertical","Línea divisoria pintada,S/D",S/D,"-32.94545, -60.68068","['Avellaneda', '3 de Febrero']",2,,-32.94545,-60.68068,55.0,538.0,Municipio Rosario,Municipio,Rosario,820210,Servicio de Catastro e Información Territorial,IGN
2020,1894,2020-04-29,Miercoles,,18:30:00,,0.0,2,"Peatón,Automóvil",Av. Provincias Unidas Y J.B.Justo,2,1,0,0,1,0,0,"    -32.91499, -60.71386",Calle,,ROSARIO,Rosario,Asfalto,No existe,II,Dentro,Urbana,Semáforo,Funciona,Intersección,S/D,Buena,Diurna,S/D,Lateral,S/D,Colisión,Ninguna,Horizontal,Barrera de hormigón,Sin restricción,"    -32.91499, -60.71386","['Avenida Provincias Unidas', 'Justo']",2,,-32.91499,-60.71386,55.0,538.0,Municipio Rosario,Municipio,Rosario,820210,Servicio de Catastro e Información Territorial,IGN
2020,1898,2020-04-23,Jueves,,07:45:00,,0.0,2,"Moto/Ciclomotor,Automóvil",Alsina Y Ituzaingo,2,0,0,1,1,0,0,"    -32.95387, -60.68003",Calle,,ROSARIO,Rosario,Asfalto,Pavimento,II,Dentro,Urbana,S/D,No existe,Intersección,Otro,Buena,Diurna,Otro,S/D,S/D,Colisión,Otro,Faltante,Cordón divisorio,Sin restricción,"    -32.95387, -60.68003","['Alsina', 'Ituzaingó']",2,,-32.95387,-60.68003,55.0,538.0,Municipio Rosario,Municipio,Rosario,820210,Servicio de Catastro e Información Territorial,IGN
2020,1899,2020-04-30,Jueves,,21:00:00,,0.0,1,Moto/Ciclomotor,Bv. Segui 7100,1,0,0,0,0,1,0,"-32.97134, -60.71597",Avenida,,ROSARIO,Rosario,Asfalto,Pavimento,II,Dentro,Urbana,Otra Señal,Funciona,Recta,Bueno,Buena,Nocturna,Buen Tiempo,S/D,S/D,Cañda ocupante,Ninguna,"Horizontal,Vertical",Ninguna,Sin restricción,"-32.97134, -60.71597",['Bulevar Juan Francisco Seguí 7100'],1,,-32.97134,-60.71597,55.0,538.0,Municipio Rosario,Municipio,Rosario,820210,Servicio de Catastro e Información Territorial,IGN
2020,1936,2020-05-15,Viernes,,15:15:00,,0.0,2,"Automóvil,Pickup/Utilitario",Santiago Y San Luis,3,1,0,0,2,0,0,"-32.94584, -60.65666",Calle,,ROSARIO,Rosario,Asfalto,S/D,II,S/D,Urbana,S/D,S/D,Intersección,S/D,S/D,S/D,S/D,S/D,S/D,Colisión,S/D,S/D,S/D,S/D,"-32.94584, -60.65666","['Santiago', 'San Luis']",2,,-32.94584,-60.65666,55.0,538.0,Municipio Rosario,Municipio,Rosario,820210,Servicio de Catastro e Información Territorial,IGN
2020,1940,2020-05-15,Viernes,,17:15:00,,0.0,2,"Automóvil,Moto/Ciclomotor",Av. Provincias Unidas Y Ocampo,3,1,1,0,1,0,0,"-32.95803, -60.71181",Calle,,ROSARIO,Rosario,Asfalto,S/D,II,S/D,Urbana,S/D,S/D,Intersección,S/D,S/D,S/D,S/D,S/D,S/D,Colisión,S/D,S/D,S/D,S/D,"-32.95803, -60.71181","['Avenida Provincias Unidas', 'Ocampo']",2,,-32.95803,-60.71181,55.0,538.0,Municipio Rosario,Municipio,Rosario,820210,Servicio de Catastro e Información Territorial,IGN
2020,1958,2020-03-03,Martes,,16:50:00,,0.0,2,"Pickup/Utilitario,Moto/Ciclomotor",Grandoli Y Paunero,3,2,0,0,1,0,0,"-32.886921798596,-60.725644988798",Calle,,ROSARIO,Rosario,Asfalto,No existe,II,Dentro,Urbana,Señal Pare,No existe,Intersección,Bueno,Buena,Diurna,Buen Tiempo,Lateral,S/D,Colisión,Ninguna,Vertical,Ninguna,Sin restricción,"-32.886921798596,-60.725644988798","['Avenida Abanderado Grandoli', 'Paunero']",2,,-32.886921798596,-60.725644988798,55.0,538.0,Municipio Rosario,Municipio,Rosario,820210,Servicio de Catastro e Información Territorial,IGN
2020,1959,2020-03-06,Viernes,,14:50:00,,0.0,2,"Bicicleta,Automóvil",Grandoli Y Paunero,2,1,0,0,1,0,0,"-32.886921798596,-60.725644988798",Calle,,ROSARIO,Rosario,Asfalto,No existe,II,Dentro,Urbana,Señal Pare,No existe,Intersección,Bueno,Buena,Diurna,Buen Tiempo,S/D,Ciclista,Atropello,Ninguna,Vertical,Barrera de hormigón,Sin restricción,"-32.886921798596,-60.725644988798","['Avenida Abanderado Grandoli', 'Paunero']",2,,-32.886921798596,-60.725644988798,55.0,538.0,Municipio Rosario,Municipio,Rosario,820210,Servicio de Catastro e Información Territorial,IGN
2020,1960,2020-03-15,Domingo,,20:30:00,,0.0,2,"Moto/Ciclomotor,Automóvil",Cullen Y Ugarte 2905,3,0,2,0,1,0,0,"-32.877715903358,-60.724652595826",Calle,,ROSARIO,Rosario,Asfalto,No existe,II,Dentro,Urbana,Ninguna,No existe,Recta,Bueno,Buena,Atardecer,Buen Tiempo,Lateral,S/D,Colisión,Ninguna,Faltante,Ninguna,Sin restricción,"-32.877715903358,-60.724652595826",['Cullen Ugarte 2905'],1,,-32.877715903358,-60.724652595826,55.0,538.0,Municipio Rosario,Municipio,Rosario,820210,Servicio de Catastro e Información Territorial,IGN
2020,1967,2020-03-05,Jueves,,19:30:00,,0.0,2,"Bicicleta,Automóvil",Bv. Rondeau 3600,2,1,0,0,1,0,0,"-32.88148462772371,-60.696619749069",Avenida,,ROSARIO,Rosario,Asfalto,No existe,II,Dentro,Urbana,Semáforo,Funciona,Recta,Bueno,Buena,Diurna,Buen Tiempo,S/D,Ciclista,Atropello,Ninguna,"Horizontal,Vertical","Cordón divisorio,Línea divisoria pintada",Sin restricción,"-32.88148462772371,-60.696619749069",['Rondeau 3600'],1,,-32.88148462772371,-60.696619749069,55.0,538.0,Municipio Rosario,Municipio,Rosario,820210,Servicio de Catastro e Información Territorial,IGN
2020,1969,2020-03-15,Domingo,,12:50:00,,0.0,2,"Moto/Ciclomotor,Automóvil",Agustin Alvarez 600,2,1,0,0,1,0,0,"-32.883108709032,-60.695029773357",Calle,,ROSARIO,Rosario,Asfalto,No existe,II,Dentro,Urbana,Ninguna,No existe,Intersección,Bueno,Buena,Diurna,Buen Tiempo,S/D,S/D,Colisión,Ninguna,Faltante,Ninguna,Sin restricción,"-32.883108709032,-60.695029773357",['Agustin Alvarez 600'],1,,-32.883108709032,-60.695029773357,55.0,538.0,Municipio Rosario,Municipio,Rosario,820210,Servicio de Catastro e Información Territorial,IGN
2020,1970,2020-03-02,Lunes,,19:30:00,,0.0,2,"Bicicleta,Automóvil",Av. Dante Alighieri Y Bv. Oro�o,2,1,0,0,1,0,0,"-32.961988769427,-60.658043363926",Avenida,,ROSARIO,Rosario,Asfalto,No existe,II,Dentro,Urbana,Paso Peatonal,No existe,Recta,Bueno,Buena,Atardecer,Buen Tiempo,S/D,Ciclista,Atropello,Ninguna,Horizontal,Ninguna,Sin restricción,"-32.961988769427,-60.658043363926","['Dante Alighieri', 'Bulevar Nicasio Oroño']",2,,-32.961988769427,-60.658043363926,55.0,538.0,Municipio Rosario,Municipio,Rosario,820210,Servicio de Catastro e Información Territorial,IGN
2020,1971,2020-03-18,Miercoles,,22:20:00,,0.0,2,"Transporte de Pasajeros Urbano (> 8 asientos),Automóvil",Calle 1379 Y Salvat,4,3,0,0,1,0,0,"-32.883140761541,-60.717817255273",Calle,,ROSARIO,Rosario,Asfalto,No existe,II,Dentro,Urbana,Ninguna,No existe,Intersección,Bueno,Buena,"Nocturna,Con luz artificial",Buen Tiempo,S/D,S/D,Colisión,Ninguna,Faltante,Cordón divisorio,Sin restricción,"-32.883140761541,-60.717817255273","['Calle 1379', 'Salvat']",2,,-32.883140761541,-60.717817255273,55.0,538.0,Municipio Rosario,Municipio,Rosario,820210,Servicio de Catastro e Información Territorial,IGN
2020,1972,2020-03-13,Viernes,,07:40:00,,0.0,2,"Bicicleta,Automóvil",Av. Corrientes Y Cochabamba,2,1,0,0,1,0,0,"-32.957675694757,-60.645373253742",Avenida,,ROSARIO,Rosario,Asfalto,No existe,II,Dentro,Urbana,Paso Peatonal,No existe,Recta,Bueno,Buena,Diurna,Buen Tiempo,Contra objeto fijo,S/D,Colisión,Ninguna,Horizontal,Ninguna,Sin restricción,"-32.957675694757,-60.645373253742","['Corrientes', 'Cochabamba']",2,,-32.957675694757,-60.645373253742,55.0,538.0,Municipio Rosario,Municipio,Rosario,820210,Servicio de Catastro e Información Territorial,IGN
2020,1973,2020-03-18,Miercoles,,12:30:00,,0.0,2,"Moto/Ciclomotor,Automóvil",Castagnino Y Medrano,3,1,1,0,1,0,0,"-32.899164120649,-60.700378516858",Calle,,ROSARIO,Rosario,Asfalto,No existe,II,Dentro,Urbana,Ninguna,No existe,Intersección,Bueno,Buena,Diurna,Buen Tiempo,Lateral,S/D,Colisión,Ninguna,Faltante,Ninguna,Sin restricción,"-32.899164120649,-60.700378516858","['Castagnino', 'Medrano']",2,,-32.899164120649,-60.700378516858,55.0,538.0,Municipio Rosario,Municipio,Rosario,820210,Servicio de Catastro e Información Territorial,IGN
2020,1975,2020-03-09,Lunes,,17:00:00,,0.0,2,"Moto/Ciclomotor,Taxi/Remis",España Y Pasco,2,1,0,0,1,0,0,"-32.958077609399,-60.649817145278",Calle,,ROSARIO,Rosario,Asfalto,No existe,II,Dentro,Urbana,Ninguna,No existe,Intersección,Bueno,Buena,Diurna,Buen Tiempo,Lateral,S/D,Colisión,Ninguna,Faltante,Ninguna,Sin restricción,"-32.958077609399,-60.649817145278","['España', 'Pasco']",2,,-32.958077609399,-60.649817145278,55.0,538.0,Municipio Rosario,Municipio,Rosario,820210,Servicio de Catastro e Información Territorial,IGN
2020,1977,2020-03-20,Viernes,,13:30:00,,0.0,2,"Automóvil,Moto/Ciclomotor",Av. Francia Y Av. Pte.Peron,2,1,0,0,1,0,0,"-32.955829250715,-60.669013265699",Avenida,,ROSARIO,Rosario,Asfalto,No existe,II,Dentro,Urbana,Semáforo,Funciona,Intersección,Bueno,Buena,Diurna,Buen Tiempo,Lateral,S/D,Colisión,Ninguna,"Horizontal,Vertical","Cordón divisorio,Vegetación,Línea divisoria pintada",Sin restricción,"-32.955829250715,-60.669013265699","['Avenida Francia', 'Avenida Presidente Perón']",2,,-32.955829250715,-60.669013265699,55.0,538.0,Municipio Rosario,Municipio,Rosario,820210,Servicio de Catastro e Información Territorial,IGN
2020,1978,2020-03-20,Viernes,,16:25:00,,0.0,2,"Pickup/Utilitario,Moto/Ciclomotor",Montevideo 763,2,1,0,0,1,0,0,"-32.956933289403,-60.636115676145",Calle,,ROSARIO,Rosario,Asfalto,No existe,II,Dentro,Urbana,Paso Peatonal,No existe,Intersección,Bueno,Buena,Diurna,Buen Tiempo,Lateral,S/D,Colisión,Ninguna,Horizontal,Ninguna,Sin restricción,"-32.956933289403,-60.636115676145",['Montevideo 763'],1,,-32.956933289403,-60.636115676145,55.0,538.0,Municipio Rosario,Municipio,Rosario,820210,Servicio de Catastro e Información Territorial,IGN
2020,1979,2020-03-03,Martes,,17:40:00,,0.0,2,"Moto/Ciclomotor,Camión Chasis",3 De Febrero Y Av. Ovidio Lagos,2,1,0,0,1,0,0,"-32.948611245566,-60.663051605063",Avenida,,ROSARIO,Rosario,Asfalto,No existe,II,Dentro,Urbana,Semáforo,S/D,Intersección,S/D,S/D,Diurna,S/D,De alcance,S/D,Colisión,S/D,"Horizontal,Vertical",Ninguna,S/D,"-32.948611245566,-60.663051605063","['3 de Febrero', 'Avenida Ovidio Lagos']",2,,-32.948611245566,-60.663051605063,55.0,538.0,Municipio Rosario,Municipio,Rosario,820210,Servicio de Catastro e Información Territorial,IGN
2020,1981,2020-03-19,Jueves,,10:30:00,,0.0,2,"Automóvil,Camión Chasis",Bv. Avellaneda Y E.Zeballos,2,1,0,0,1,0,0,"-32.947629972646,-60.681384681825",Avenida,,ROSARIO,Rosario,Asfalto,No existe,II,Dentro,Urbana,Semáforo,Funciona,Intersección,Bueno,Buena,Diurna,Buen Tiempo,Lateral,S/D,Colisión,Ninguna,"Horizontal,Vertical","Cordón divisorio,Línea divisoria pintada",Sin restricción,"-32.947629972646,-60.681384681825","['Avellaneda', 'Zeballos']",2,,-32.947629972646,-60.681384681825,55.0,538.0,Municipio Rosario,Municipio,Rosario,820210,Servicio de Catastro e Información Territorial,IGN
2020,1982,2020-03-17,Martes,,09:10:00,,0.0,2,"Moto/Ciclomotor,Automóvil",San Nicolas Y Urquiza,2,1,0,0,1,0,0,"-32.936837751586,-60.671438929649",Calle,,ROSARIO,Rosario,Asfalto,No existe,II,Dentro,Urbana,Señal Pare,No existe,Intersección,Bueno,Buena,Diurna,Buen Tiempo,Lateral,S/D,Colisión,Ninguna,Vertical,Ninguna,Sin restricción,"-32.936837751586,-60.671438929649","['San Nicolás', 'Urquiza']",2,,-32.936837751586,-60.671438929649,55.0,538.0,Municipio Rosario,Municipio,Rosario,820210,Servicio de Catastro e Información Territorial,IGN
2020,1984,2020-03-02,Lunes,,18:30:00,,0.0,2,"Moto/Ciclomotor,Pickup/Utilitario",Cullen Y J.J.Paso,4,3,0,0,1,0,0,"-32.920183497461,-60.709712506754",Calle,,ROSARIO,Rosario,Asfalto,No existe,II,Dentro,Urbana,Semáforo,Funciona,Recta,Bueno,Buena,Atardecer,Buen Tiempo,De alcance,S/D,Colisión,Ninguna,"Horizontal,Vertical",Línea divisoria pintada,Sin restricción,"-32.920183497461,-60.709712506754","['Cullen', 'Paso']",2,,-32.920183497461,-60.709712506754,55.0,538.0,Municipio Rosario,Municipio,Rosario,820210,Servicio de Catastro e Información Territorial,IGN
2020,1986,2020-03-16,Lunes,,16:10:00,,0.0,2,"Moto/Ciclomotor,Automóvil",Cochabamba Y Pte.Roca,2,1,0,0,1,0,0,"-32.957182299752,-60.648143654951",Calle,,ROSARIO,Rosario,Asfalto,No existe,II,Dentro,Urbana,Paso Peatonal,No existe,Intersección,Bueno,Buena,Diurna,Buen Tiempo,Lateral,S/D,Colisión,Ninguna,Horizontal,Ninguna,Sin restricción,"-32.957182299752,-60.648143654951","['Cochabamba', 'Roca']",2,,-32.957182299752,-60.648143654951,55.0,538.0,Municipio Rosario,Municipio,Rosario,820210,Servicio de Catastro e Información Territorial,IGN
2020,1988,2020-03-15,Domingo,,21:00:00,,0.0,2,"Peatón,Transporte de Pasajeros Urbano (> 8 asientos)",Av. Pellegrini Y Mariano Moreno,2,1,0,0,1,0,0,"-32.95499314906,-60.653286968564",Avenida,,ROSARIO,Rosario,Asfalto,No existe,II,Dentro,Urbana,Ninguna,Funciona,Intersección,Bueno,Buena,"Nocturna,Con luz artificial",Buen Tiempo,S/D,Peatón,Atropello,Ninguna,"Horizontal,Vertical","Cordón divisorio,Línea divisoria pintada",Sin restricción,"-32.95499314906,-60.653286968564","['Pellegrini', 'Mariano Moreno']",2,,-32.95499314906,-60.653286968564,55.0,538.0,Municipio Rosario,Municipio,Rosario,820210,Servicio de Catastro e Información Territorial,IGN
2020,1989,2020-03-13,Viernes,,17:50:00,,0.0,2,"Pickup/Utilitario,Moto/Ciclomotor",Mendoza Y Parana,2,1,0,0,1,0,0,"-32.942023367079,-60.692585828602",Calle,,ROSARIO,Rosario,Asfalto,No existe,II,Dentro,Urbana,Paso Peatonal,No existe,Paso a Nivel FFCC,Bueno,Buena,Diurna,Buen Tiempo,Lateral,S/D,Colisión,Ninguna,"Horizontal,Vertical",Ninguna,Sin restricción,"-32.942023367079,-60.692585828602","['Mendoza', 'Paraná']",2,,-32.942023367079,-60.692585828602,55.0,538.0,Municipio Rosario,Municipio,Rosario,820210,Servicio de Catastro e Información Territorial,IGN
2020,1990,2020-03-05,Jueves,,18:00:00,,0.0,2,"Bicicleta,Moto/Ciclomotor",Bolivia Y J.B.Justo,2,1,0,0,1,0,0,"-32.91497166933,-60.71573072725",Calle,,ROSARIO,Rosario,Asfalto,No existe,II,Dentro,Urbana,Ninguna,No existe,Recta,Bueno,Buena,Atardecer,Buen Tiempo,S/D,Ciclista,Atropello,Ninguna,Faltante,Ninguna,Sin restricción,"-32.91497166933,-60.71573072725","['Bolivia', 'Justo']",2,,-32.91497166933,-60.71573072725,55.0,538.0,Municipio Rosario,Municipio,Rosario,820210,Servicio de Catastro e Información Territorial,IGN
2020,1992,2020-03-13,Viernes,,04:10:00,,0.0,2,"Automóvil,Automóvil",Av. Pellegrini Y Mitre,2,1,0,0,1,0,0,"-32.957102592936,-60.642295532764",Avenida,,ROSARIO,Rosario,Asfalto,No existe,II,Dentro,Urbana,Semáforo,Funciona,Intersección,Bueno,Buena,Diurna,Buen Tiempo,Lateral,S/D,Colisión,Ninguna,"Horizontal,Vertical","Cordón divisorio,Línea divisoria pintada",Sin restricción,"-32.957102592936,-60.642295532764","['Pellegrini', 'Mitre']",2,,-32.957102592936,-60.642295532764,55.0,538.0,Municipio Rosario,Municipio,Rosario,820210,Servicio de Catastro e Información Territorial,IGN
2020,1994,2020-03-13,Viernes,,07:40:00,,0.0,2,"Moto/Ciclomotor,Peatón",Av. Pellegrini Y Mitre,3,1,0,0,2,0,0,"-32.957102592936,-60.642295532764",Avenida,,ROSARIO,Rosario,Asfalto,No existe,II,Dentro,Urbana,Semáforo,No existe,Intersección,Bueno,Buena,Diurna,Buen Tiempo,S/D,Peatón,Atropello,Ninguna,"Horizontal,Vertical","Cordón divisorio,Línea divisoria pintada",Sin restricción,"-32.957102592936,-60.642295532764","['Pellegrini', 'Mitre']",2,,-32.957102592936,-60.642295532764,55.0,538.0,Municipio Rosario,Municipio,Rosario,820210,Servicio de Catastro e Información Territorial,IGN
2020,1995,2020-03-07,Sabado,,10:00:00,,0.0,2,"Peatón,Automóvil",Sanchez de Loria Bis 1700,2,1,0,0,1,0,0,"-32.908472769518,-60.733080606366",Calle,,ROSARIO,Rosario,Hormigón,No existe,II,Dentro,Urbana,Ninguna,No existe,Recta,S/D,S/D,Diurna,S/D,S/D,Peatón,Atropello,S/D,Faltante,Vegetación,S/D,"-32.908472769518,-60.733080606366",['Sanchez De Loria Bis 1700'],1,,-32.908472769518,-60.733080606366,55.0,538.0,Municipio Rosario,Municipio,Rosario,820210,Servicio de Catastro e Información Territorial,IGN
2020,1996,2020-03-13,Viernes,,16:15:00,,0.0,2,"Moto/Ciclomotor,Peatón",Constitucion Y Santa Fe,2,2,0,0,0,0,0,"-32.93870825196,-60.673331370747",Calle,,ROSARIO,Rosario,Asfalto,No existe,II,Dentro,Urbana,Semáforo,Funciona,Intersección,Bueno,Buena,Diurna,Buen Tiempo,S/D,Peatón,Atropello,S/D,"Horizontal,Vertical",Línea divisoria pintada,Sin restricción,"-32.93870825196,-60.673331370747","['Constitución', 'Santa Fe']",2,,-32.93870825196,-60.673331370747,55.0,538.0,Municipio Rosario,Municipio,Rosario,820210,Servicio de Catastro e Información Territorial,IGN
2020,1997,2020-03-20,Viernes,,18:05:00,,0.0,2,"Moto/Ciclomotor,Pickup/Utilitario",JOSE M. ROSA Y PUJATO,3,1,0,0,2,0,0,"-32.906086, -60.725784",Calle,,ROSARIO,Rosario,Asfalto,No existe,II,Dentro,Urbana,Señal Pare,No existe,Intersección,S/D,Buena,Diurna,S/D,Frontal,S/D,Colisión,S/D,Vertical,Cordón divisorio,S/D,"-32.906086, -60.725784","['Jose Rosa', 'Pujato']",2,,-32.906086,-60.725784,55.0,538.0,Municipio Rosario,Municipio,Rosario,820210,Servicio de Catastro e Información Territorial,IGN
2020,1998,2020-03-13,Viernes,,18:00:00,,0.0,2,"Moto/Ciclomotor,Automóvil",Bv. Avellaneda Y Tucuman,2,1,0,0,1,0,0,"-32.934472531422,-60.677816039113",Avenida,,ROSARIO,Rosario,Asfalto,No existe,II,Dentro,Urbana,Ninguna,No existe,Recta,Bueno,Buena,Diurna,Buen Tiempo,Lateral,S/D,Colisión,Ninguna,Faltante,Ninguna,Sin restricción,"-32.934472531422,-60.677816039113","['Avellaneda', 'Tucumán']",2,,-32.934472531422,-60.677816039113,55.0,538.0,Municipio Rosario,Municipio,Rosario,820210,Servicio de Catastro e Información Territorial,IGN
2020,1999,2020-03-13,Viernes,,01:20:00,,0.0,2,"Moto/Ciclomotor,Automóvil",Dorrego Y San Juan,2,1,0,0,1,0,0,"-32.948170414009,-60.650168883488",Calle,,ROSARIO,Rosario,Asfalto,No existe,II,Dentro,Urbana,Paso Peatonal,No existe,Intersección,Bueno,Buena,Diurna,Buen Tiempo,Lateral,S/D,Colisión,Ninguna,Horizontal,Ninguna,Sin restricción,"-32.948170414009,-60.650168883488","['Dorrego', 'San Juan']",2,,-32.948170414009,-60.650168883488,55.0,538.0,Municipio Rosario,Municipio,Rosario,820210,Servicio de Catastro e Información Territorial,IGN
2020,2001,2020-03-11,Miercoles,,20:15:00,,0.0,2,"Automóvil,Automóvil",Entre Rios Y Tucuman,2,1,0,0,1,0,0,"-32.941296353032,-60.639806063476",Calle,,ROSARIO,Rosario,Asfalto,No existe,II,Dentro,Urbana,Paso Peatonal,No existe,Intersección,Bueno,Buena,Diurna,Buen Tiempo,Lateral,S/D,Colisión,Ninguna,"Horizontal,Vertical",Línea divisoria pintada,Sin restricción,"-32.941296353032,-60.639806063476","['Entre Ríos', 'Tucumán']",2,,-32.941296353032,-60.639806063476,55.0,538.0,Municipio Rosario,Municipio,Rosario,820210,Servicio de Catastro e Información Territorial,IGN
2020,2028,2020-03-16,Lunes,,23:10:00,,0.0,2,"Automóvil,Bicicleta",Bv. Segui Y Roullon,2,1,0,0,1,0,0,"-32.970700263977065,-60.70106953382",Avenida,,ROSARIO,Rosario,Asfalto,No existe,II,Dentro,Urbana,Semáforo,Funciona,Intersección,Bueno,Buena,Nocturna,Buen Tiempo,S/D,Ciclista,Atropello,Otro,Vertical,"Cordón divisorio,Vegetación",Sin restricción,"-32.970700263977065,-60.70106953382","['Bulevar Juan Francisco Seguí', 'Alfredo Rouillón']",2,,-32.970700263977065,-60.70106953382,55.0,538.0,Municipio Rosario,Municipio,Rosario,820210,Servicio de Catastro e Información Territorial,IGN