anio_acci,nro_acci,fecha,desc_dia,fecha_aprox,hora_aprox,desc_ruta,km,cant_participantes,desc_participante,calle_avenida_km,total,heridos_leves,heridos_graves,heridos_gravisimos,ilesos,fallecidos,sin_datos,posicion_XY,desc_tipo_via,desc_ruta_ori,desc_loc,desc_dpto,desc_tipo_calzada,desc_tipo_banquina,desc_unidad_regional,desc_lugar_calzada,desc_zona,desc_prioridad,desc_estado_semaforo,desc_lugar_via,desc_estado_via,desc_estado_visibilidad,desc_luminosidad,desc_estado_clima,desc_tipo_colision,desc_tipo_atropello,desc_tipo_hecho,desc_pres_calzada,desc_senializacion,desc_separacion_via,desc_restriccion,forma_geocod,calle_lista,numero_calles,calles_osm,lat,lon,index_right,gid,fna,gna,nam,in1,fdc,sag
2020,2029,2020-03-20,Viernes,,10:10:00,,0.0,2,"Moto/Ciclomotor,Automóvil",Av. Provincias Unidas Y Bv. 27 De Febrero,3,1,1,0,1,0,0,"-32.95938938856125,-60.711797028779",Avenida,,ROSARIO,Rosario,Asfalto,No existe,II,Dentro,Urbana,Semáforo,Funciona,Intersección,S/D,Buena,Diurna,S/D,Lateral,S/D,Colisión,S/D,"Horizontal,Vertical",Cordón divisorio,S/D,"-32.95938938856125,-60.711797028779","['Avenida Provincias Unidas', '27 de Febrero']",2,,-32.95938938856125,-60.711797028779,55.0,538.0,Municipio Rosario,Municipio,Rosario,820210,Servicio de Catastro e Información Territorial,IGN
2020,2030,2020-03-08,Domingo,,07:50:00,,0.0,2,"Automóvil,Moto/Ciclomotor",Av. Pte.Peron Y Fraga,2,1,0,0,1,0,0,"-32.966712466585,-60.70919451827",Avenida,,ROSARIO,Rosario,Asfalto,No existe,II,Dentro,Urbana,Paso Peatonal,No existe,Intersección,Bueno,S/D,Diurna,Otro,Otro,S/D,Colisión,Otro,Horizontal,Cordón divisorio,Sin restricción,"-32.966712466585,-60.70919451827","['Avenida Presidente Perón', 'Fraga']",2,,-32.966712466585,-60.70919451827,55.0,538.0,Municipio Rosario,Municipio,Rosario,820210,Servicio de Catastro e Información Territorial,IGN
2020,2031,2020-03-16,Lunes,,11:05:00,,0.0,2,"Pickup/Utilitario,Moto/Ciclomotor",Av. Provincias Unidas Y Bv. 27 De Febrero,2,0,1,0,1,0,0,"-32.959348242415,-60.711899030022",Avenida,,ROSARIO,Rosario,Asfalto,No existe,II,Dentro,Urbana,Semáforo,Funciona,Intersección,Otro,Buena,Diurna,Buen Tiempo,Otro,S/D,Colisión,Otro,"Horizontal,Vertical",Cordón divisorio,Sin restricción,"-32.959348242415,-60.711899030022","['Avenida Provincias Unidas', '27 de Febrero']",2,,-32.959348242415,-60.711899030022,55.0,538.0,Municipio Rosario,Municipio,Rosario,820210,Servicio de Catastro e Información Territorial,IGN
2020,2032,2020-03-10,Martes,,10:22:00,,0.0,2,"Automóvil,Moto/Ciclomotor",Riobamba Y Valparaiso,2,1,0,0,1,0,0,"-32.955175157727,-60.686026483992",Calle,,ROSARIO,Rosario,Asfalto,No existe,II,Dentro,Urbana,Ninguna,No existe,Intersección,Bueno,Buena,Diurna,Otro,S/D,S/D,Colisión,Otro,Faltante,Ninguna,Sin restricción,"-32.955175157727,-60.686026483992","['Riobamba', 'Valparaíso']",2,,-32.955175157727,-60.686026483992,55.0,538.0,Municipio Rosario,Municipio,Rosario,820210,Servicio de Catastro e Información Territorial,IGN
2020,2033,2020-03-09,Lunes,,19:30:00,,0.0,2,"Automóvil,Moto/Ciclomotor",Ocampo Y Valparaiso,2,1,0,0,1,0,0,"-32.958624164586,-60.686897950126",Calle,,ROSARIO,Rosario,Asfalto,No existe,II,Dentro,Urbana,Ninguna,No existe,Intersección,Bueno,Reducida,Nocturna,Otro,Otro,S/D,Colisión,Otro,Faltante,Ninguna,Sin restricción,"-32.958624164586,-60.686897950126","['Ocampo', 'Valparaíso']",2,,-32.958624164586,-60.686897950126,55.0,538.0,Municipio Rosario,Municipio,Rosario,820210,Servicio de Catastro e Información Territorial,IGN
2020,2034,2020-08-26,Miercoles,,13:00:00,,0.0,2,"Automóvil,Moto/Ciclomotor",Solis Y Viamonte,2,1,0,0,1,0,0,"-32.956632832415,-60.70270823976",Calle,,ROSARIO,Rosario,Asfalto,No existe,II,Dentro,Urbana,Ninguna,No existe,Intersección,Bueno,Buena,Diurna,Buen Tiempo,Otro,S/D,Colisión,Ninguna,Faltante,Ninguna,Sin restricción,"-32.956632832415,-60.70270823976","['Solis', 'Viamonte']",2,,-32.956632832415,-60.70270823976,55.0,538.0,Municipio Rosario,Municipio,Rosario,820210,Servicio de Catastro e Información Territorial,IGN
2020,2035,2020-03-06,Viernes,,17:45:00,,0.0,2,"Moto/Ciclomotor,Moto/Ciclomotor",Av. Pellegrini Y Cullen,2,2,0,0,0,0,0,"-32.948410510835,-60.708795109082",Avenida,,ROSARIO,Rosario,Asfalto,No existe,II,Dentro,Urbana,Semáforo,Funciona,Intersección,Bueno,Buena,Diurna,Buen Tiempo,Otro,S/D,Colisión,Ninguna,"Horizontal,Vertical",Cordón divisorio,Sin restricción,"-32.948410510835,-60.708795109082","['Pellegrini', 'Cullen']",2,,-32.948410510835,-60.708795109082,55.0,538.0,Municipio Rosario,Municipio,Rosario,820210,Servicio de Catastro e Información Territorial,IGN
2020,2036,2020-03-05,Jueves,,17:40:00,,0.0,2,"Moto/Ciclomotor,Peatón",F.More Y Pasco,3,2,0,0,1,0,0,"-32.950432945466,-60.693350271988",Calle,,ROSARIO,Rosario,Asfalto,No existe,II,Dentro,Urbana,Ninguna,No existe,Intersección,Otro,Buena,Diurna,Buen Tiempo,S/D,Peatón,Atropello,Ninguna,Faltante,Ninguna,Sin restricción,"-32.950432945466,-60.693350271988","['Felipe Moré', 'Pasco']",2,,-32.950432945466,-60.693350271988,55.0,538.0,Municipio Rosario,Municipio,Rosario,820210,Servicio de Catastro e Información Territorial,IGN
2020,2042,2020-05-01,Viernes,,15:50:00,,0.0,2,"Automóvil,Moto/Ciclomotor",Viamonte Y Laprida,2,0,1,0,1,0,0,"-32.96607, -60.639",S/D,,ROSARIO,Rosario,S/D,S/D,II,S/D,S/D,S/D,S/D,S/D,S/D,S/D,S/D,S/D,S/D,S/D,S/D,S/D,S/D,S/D,S/D,"-32.96607, -60.639","['Viamonte', 'Laprida']",2,,-32.96607,-60.639,55.0,538.0,Municipio Rosario,Municipio,Rosario,820210,Servicio de Catastro e Información Territorial,IGN
2020,2058,2020-04-27,Lunes,,14:15:00,,0.0,2,"Automóvil,Moto/Ciclomotor",Bv. Segui 4100,4,1,0,0,3,0,0,"    -32.97185, -60.68719",Avenida,,ROSARIO,Rosario,Asfalto,Pavimento,II,S/D,Urbana,Otra Señal,Funciona,Otro,Bueno,Buena,Diurna,Buen Tiempo,Otro,S/D,Colisión,Ninguna,Vertical,Ninguna,Sin restricción,"    -32.97185, -60.68719",['Bulevar Juan Francisco Seguí 4100'],1,,-32.97185,-60.68719,55.0,538.0,Municipio Rosario,Municipio,Rosario,820210,Servicio de Catastro e Información Territorial,IGN
2020,2063,2020-05-05,Martes,,03:25:00,,0.0,2,"Ambulancia,Moto/Ciclomotor",Junin Y Iguazu,2,0,1,0,1,0,0,"-32.92685, -60.68583",S/D,,ROSARIO,Rosario,S/D,S/D,II,S/D,S/D,S/D,S/D,S/D,S/D,S/D,S/D,S/D,S/D,S/D,S/D,S/D,S/D,S/D,S/D,"-32.92685, -60.68583","['Junín', 'Iguazu']",2,,-32.92685,-60.68583,55.0,538.0,Municipio Rosario,Municipio,Rosario,820210,Servicio de Catastro e Información Territorial,IGN
2020,2065,2020-04-25,Sabado,,19:30:00,,0.0,2,"Moto/Ciclomotor,Automóvil",Bv. Segui 5100,2,1,0,0,1,0,0,"    -32.97058, -60.69257",Avenida,,ROSARIO,Rosario,Asfalto,Pavimento,II,S/D,Urbana,Semáforo,Funciona,S/D,Bueno,Buena,Atardecer,Buen Tiempo,Otro,S/D,Colisión,Ninguna,S/D,Ninguna,Sin restricción,"    -32.97058, -60.69257",['Bulevar Juan Francisco Seguí 5100'],1,,-32.97058,-60.69257,55.0,538.0,Municipio Rosario,Municipio,Rosario,820210,Servicio de Catastro e Información Territorial,IGN
2020,2072,2020-04-30,Jueves,,14:00:00,,0.0,2,"Moto/Ciclomotor,Moto/Ciclomotor",Madre Cabrini Y Dorrego,3,3,0,0,0,0,0,"    -33.00536, -60.66042",Calle,,ROSARIO,Rosario,Asfalto,No existe,II,Dentro,Urbana,Ninguna,No existe,Recta,Bueno,Buena,Diurna,Otro,Otro,S/D,Otro,Ninguna,Faltante,Ninguna,Sin restricción,"    -33.00536, -60.66042","['Madre Cabrini', 'Dorrego']",2,,-33.00536,-60.66042,55.0,538.0,Municipio Rosario,Municipio,Rosario,820210,Servicio de Catastro e Información Territorial,IGN
2020,2088,2020-03-03,Martes,,10:10:00,,0.0,3,"Automóvil,Bicicleta,Bicicleta",Pasco 7000,3,2,0,0,1,0,0,"-32.95103198658,-60.715643270451",Calle,,ROSARIO,Rosario,Asfalto,No existe,II,Dentro,Urbana,Ninguna,No existe,Recta,Otro,Buena,Diurna,Otro,S/D,Ciclista,Atropello,Otro,Faltante,Ninguna,Sin restricción,"-32.95103198658,-60.715643270451",['Pasco 7000'],1,,-32.95103198658,-60.715643270451,55.0,538.0,Municipio Rosario,Municipio,Rosario,820210,Servicio de Catastro e Información Territorial,IGN
2020,2089,2020-02-03,Lunes,,20:10:00,,0.0,2,"Peatón,Moto/Ciclomotor",Av. Pellegrini Y Roullon,3,0,1,0,2,0,0,"-32.94830918312075,-60.701927840709",Avenida,,ROSARIO,Rosario,Asfalto,No existe,II,Dentro,Urbana,Semáforo,Funciona,Intersección,"Bueno,Otro",Reducida,"Nocturna,Con luz artificial",Otro,S/D,Peatón,Atropello,Otro,"Horizontal,Vertical",Cordón divisorio,Sin restricción,"-32.94830918312075,-60.701927840709","['Pellegrini', 'Alfredo Rouillón']",2,,-32.94830918312075,-60.701927840709,55.0,538.0,Municipio Rosario,Municipio,Rosario,820210,Servicio de Catastro e Información Territorial,IGN
2020,2090,2020-03-02,Lunes,,12:55:00,,0.0,2,"Camión c / Acoplado,Moto/Ciclomotor",Bv. 27 De Febrero Y Crespo,3,2,0,0,1,0,0,"-32.962133616541,-60.673564614927",Avenida,,ROSARIO,Rosario,Asfalto,No existe,II,Dentro,Urbana,Semáforo,Funciona,Intersección,Deteriorada,Buena,Diurna,Otro,Otro,S/D,Colisión,Otro,Vertical,Cordón divisorio,Reparación de Va,"-32.962133616541,-60.673564614927","['27 de Febrero', 'Crespo']",2,,-32.962133616541,-60.673564614927,55.0,538.0,Municipio Rosario,Municipio,Rosario,820210,Servicio de Catastro e Información Territorial,IGN
2020,2092,2020-03-13,Viernes,,12:35:00,,0.0,2,"Moto/Ciclomotor,Bicicleta",Fraga Y Garay,3,1,1,0,1,0,0,"-32.966212928565,-60.709214272163",Calle,,ROSARIO,Rosario,Asfalto,No existe,II,Dentro,Urbana,Ninguna,No existe,Intersección,Otro,Buena,Diurna,Otro,S/D,Ciclista,Atropello,Otro,Faltante,Ninguna,Sin restricción,"-32.966212928565,-60.709214272163","['Fraga', 'Garay']",2,,-32.966212928565,-60.709214272163,55.0,538.0,Municipio Rosario,Municipio,Rosario,820210,Servicio de Catastro e Información Territorial,IGN
2020,2101,2020-03-02,Lunes,,18:10:00,,0.0,2,"Transporte de Pasajeros Urbano (> 8 asientos),Moto/Ciclomotor",Mejico Y Pje. Ghandi,2,0,1,0,1,0,0,"-32.92558014392854,-60.719091296196",Calle,,ROSARIO,Rosario,Asfalto,No existe,II,Dentro,Urbana,Ninguna,No existe,Recta,Bueno,Buena,Diurna,Otro,Lateral,S/D,Colisión,Otro,Faltante,Ninguna,Sin restricción,"-32.92558014392854,-60.719091296196","['Mejico', 'Ghandi']",2,,-32.92558014392854,-60.719091296196,55.0,538.0,Municipio Rosario,Municipio,Rosario,820210,Servicio de Catastro e Información Territorial,IGN
2020,2103,2020-03-30,Lunes,,13:50:00,,0.0,2,"Peatón,Pickup/Utilitario",Ayacucho Y Mu�oz,2,1,0,0,1,0,0,"-33.007962481115,-60.635747179067",Calle,,ROSARIO,Rosario,Asfalto,No existe,II,Dentro,Urbana,Semáforo,No existe,Intersección,Bueno,Buena,Diurna,Buen Tiempo,S/D,Peatón,Atropello,Ninguna,"Horizontal,Vertical",Ninguna,Sin restricción,"-33.007962481115,-60.635747179067","['Ayacucho', 'Muñoz']",2,,-33.007962481115,-60.635747179067,55.0,538.0,Municipio Rosario,Municipio,Rosario,820210,Servicio de Catastro e Información Territorial,IGN
2020,2106,2020-03-30,Lunes,,19:00:00,,0.0,2,"Moto/Ciclomotor,Pickup/Utilitario",Dean Funes Y Sarmiento,2,1,0,0,1,0,0,"-32.975632630122,-60.645503303342",Calle,,ROSARIO,Rosario,Asfalto,No existe,II,Dentro,Urbana,Ninguna,No existe,Intersección,Bueno,Buena,Atardecer,Buen Tiempo,Lateral,S/D,Colisión,Ninguna,Faltante,Ninguna,Sin restricción,"-32.975632630122,-60.645503303342","['Deán Gregorio Funes', 'Sarmiento']",2,,-32.975632630122,-60.645503303342,55.0,538.0,Municipio Rosario,Municipio,Rosario,820210,Servicio de Catastro e Información Territorial,IGN
2020,2108,2020-03-05,Jueves,,21:20:00,,0.0,2,"Automóvil,Moto/Ciclomotor",Pje. Ghandi 6898,3,1,1,0,1,0,0,"-32.925504538681,-60.715632153465",Calle,,ROSARIO,Rosario,Asfalto,No existe,II,Dentro,Urbana,Ninguna,No existe,Recta,Bueno,Buena,Nocturna,Otro,Lateral,S/D,Colisión,Ninguna,Faltante,Ninguna,Sin restricción,"-32.925504538681,-60.715632153465",['Pasaje Ghandi 6898'],1,,-32.925504538681,-60.715632153465,55.0,538.0,Municipio Rosario,Municipio,Rosario,820210,Servicio de Catastro e Información Territorial,IGN
2020,2109,2020-03-09,Lunes,,01:30:00,,0.0,2,"Automóvil,Automóvil",Bv. 27 De Febrero Y Entre Rios,4,2,0,0,2,0,0,"-32.967166291262,-60.646296462401",Avenida,,ROSARIO,Rosario,Asfalto,No existe,II,Dentro,Urbana,Semáforo,Funciona,Intersección,Bueno,Buena,"Nocturna,Con luz artificial",Buen Tiempo,Lateral,S/D,Colisión,Ninguna,"Horizontal,Vertical","Cordón divisorio,Vegetación,Línea divisoria pintada",Sin restricción,"-32.967166291262,-60.646296462401","['27 de Febrero', 'Entre Ríos']",2,,-32.967166291262,-60.646296462401,55.0,538.0,Municipio Rosario,Municipio,Rosario,820210,Servicio de Catastro e Información Territorial,IGN
2020,2110,2020-03-07,Sabado,,16:15:00,,0.0,2,"Pickup/Utilitario,Moto/Ciclomotor",Av. Corrientes Y Ituzaingo,2,0,1,0,1,0,0,"-32.959969804256,-60.645945558074",Avenida,,ROSARIO,Rosario,Asfalto,No existe,II,Dentro,Urbana,Semáforo,Funciona,Intersección,Bueno,Buena,Diurna,Buen Tiempo,Lateral,S/D,Colisión,Ninguna,"Horizontal,Vertical",Línea divisoria pintada,Sin restricción,"-32.959969804256,-60.645945558074","['Corrientes', 'Ituzaingó']",2,,-32.959969804256,-60.645945558074,55.0,538.0,Municipio Rosario,Municipio,Rosario,820210,Servicio de Catastro e Información Territorial,IGN
2020,2111,2020-03-30,Lunes,,19:05:00,,0.0,2,"Moto/Ciclomotor,Automóvil",Juan Canals Y Trento,2,1,0,0,1,0,0,"-32.987077, -60.662092",Calle,,ROSARIO,Rosario,Asfalto,No existe,II,Dentro,Urbana,Ninguna,No existe,Intersección,Bueno,Buena,Atardecer,Buen Tiempo,Lateral,S/D,Colisión,Ninguna,Faltante,Ninguna,Sin restricción,"-32.987077, -60.662092","['Juan Canals', 'Trento']",2,,-32.987077,-60.662092,55.0,538.0,Municipio Rosario,Municipio,Rosario,820210,Servicio de Catastro e Información Territorial,IGN
2020,2112,2020-03-07,Sabado,,23:45:00,,0.0,2,"Automóvil,Peatón",Cordoba Y Rodriguez,2,1,0,0,1,0,0,"-32.94273820751,-60.658718879668",Calle,,ROSARIO,Rosario,Hormigón,No existe,II,Dentro,Urbana,Semáforo,Funciona,Intersección,Bueno,Buena,"Nocturna,Con luz artificial",Buen Tiempo,S/D,Peatón,Atropello,Ninguna,"Horizontal,Vertical",Línea divisoria pintada,Sin restricción,"-32.94273820751,-60.658718879668","['Córdoba', 'Rodríguez']",2,,-32.94273820751,-60.658718879668,55.0,538.0,Municipio Rosario,Municipio,Rosario,820210,Servicio de Catastro e Información Territorial,IGN
2020,2113,2020-03-01,Domingo,,13:20:00,,0.0,2,"Transporte de Pasajeros Urbano (> 8 asientos),Automóvil",J.Colombres Y Mendoza,2,0,1,0,1,0,0,"-32.940640143199,-60.729348221593",Calle,,ROSARIO,Rosario,Asfalto,No existe,II,Dentro,Urbana,Semáforo,Funciona,Recta,Bueno,Buena,Diurna,Buen Tiempo,De alcance,S/D,Colisión,Ninguna,Vertical,Cordón divisorio,Sin restricción,"-32.940640143199,-60.729348221593","['José Colombres', 'Mendoza']",2,,-32.940640143199,-60.729348221593,55.0,538.0,Municipio Rosario,Municipio,Rosario,820210,Servicio de Catastro e Información Territorial,IGN
2020,2114,2020-03-06,Viernes,,09:25:00,,0.0,2,"Pickup/Utilitario,Peatón",9 De Julio 1663,2,1,0,0,1,0,0,"-32.952421692028,-60.647856712673",Calle,,ROSARIO,Rosario,Hormigón,No existe,II,Dentro,Urbana,Ninguna,No existe,Recta,Bueno,Buena,Diurna,Buen Tiempo,S/D,Peatón,Atropello,Ninguna,Horizontal,Línea divisoria pintada,Sin restricción,"-32.952421692028,-60.647856712673",['9 De Julio 1663'],1,,-32.952421692028,-60.647856712673,55.0,538.0,Municipio Rosario,Municipio,Rosario,820210,Servicio de Catastro e Información Territorial,IGN
2020,2116,2020-03-03,Martes,,12:00:00,,0.0,2,"Automóvil,Automóvil",Amenabar Y Paraguay,2,2,0,0,0,0,0,"-32.971190589792,-60.650218757783",Calle,,ROSARIO,Rosario,Asfalto,No existe,II,Dentro,Urbana,Ninguna,No existe,Intersección,Bueno,Buena,Diurna,Buen Tiempo,"Contra objeto fijo,Lateral",S/D,Colisión,Ninguna,Faltante,Ninguna,Sin restricción,"-32.971190589792,-60.650218757783","['Amenabar', 'Paraguay']",2,,-32.971190589792,-60.650218757783,55.0,538.0,Municipio Rosario,Municipio,Rosario,820210,Servicio de Catastro e Información Territorial,IGN
2020,2121,2020-03-06,Viernes,,08:55:00,,0.0,2,"Moto/Ciclomotor,Automóvil",Pueyrredon Y San Lorenzo,2,1,0,0,1,0,0,"-32.940709303994,-60.656780681371",Calle,,ROSARIO,Rosario,Asfalto,No existe,II,Dentro,Urbana,Señal Pare,No existe,Intersección,Bueno,Buena,Diurna,Buen Tiempo,Lateral,S/D,Colisión,Ninguna,Vertical,Ninguna,Sin restricción,"-32.940709303994,-60.656780681371","['Pueyrredón', 'San Lorenzo']",2,,-32.940709303994,-60.656780681371,55.0,538.0,Municipio Rosario,Municipio,Rosario,820210,Servicio de Catastro e Información Territorial,IGN
2020,2122,2020-03-29,Domingo,,20:30:00,,0.0,2,"Moto/Ciclomotor,Automóvil",Donado Y Montevideo,2,1,0,0,1,0,0,"-32.947530685906,-60.7267013905",Calle,,ROSARIO,Rosario,Asfalto,No existe,II,Dentro,Urbana,Ninguna,No existe,Recta,Bueno,Buena,"Nocturna,Con luz artificial",S/D,Otro,S/D,Colisión,Ninguna,Faltante,Ninguna,Sin restricción,"-32.947530685906,-60.7267013905","['Donado', 'Montevideo']",2,,-32.947530685906,-60.7267013905,55.0,538.0,Municipio Rosario,Municipio,Rosario,820210,Servicio de Catastro e Información Territorial,IGN
2020,2124,2020-03-05,Jueves,,12:20:00,,0.0,2,"Moto/Ciclomotor,Automóvil",Rueda 1579,2,1,0,0,1,0,0,"-32.969843873277,-60.651035599803",Calle,,ROSARIO,Rosario,Asfalto,No existe,II,Dentro,Urbana,Ninguna,No existe,Recta,Bueno,Buena,Diurna,Buen Tiempo,Lateral,S/D,Colisión,Ninguna,Faltante,Ninguna,Sin restricción,"-32.969843873277,-60.651035599803",['Rueda 1579'],1,,-32.969843873277,-60.651035599803,55.0,538.0,Municipio Rosario,Municipio,Rosario,820210,Servicio de Catastro e Información Territorial,IGN
2020,2125,2020-03-05,Jueves,,20:10:00,,0.0,2,"Automóvil,Peatón",Mitre 1781,2,1,0,0,1,0,0,"-32.95798141397,-60.642515930399",Calle,,ROSARIO,Rosario,Asfalto,No existe,II,Dentro,Urbana,Paso Peatonal,No existe,Recta,Bueno,Buena,"Nocturna,Con luz artificial",Buen Tiempo,S/D,Peatón,Atropello,Ninguna,Horizontal,Ninguna,Sin restricción,"-32.95798141397,-60.642515930399",['Mitre 1781'],1,,-32.95798141397,-60.642515930399,55.0,538.0,Municipio Rosario,Municipio,Rosario,820210,Servicio de Catastro e Información Territorial,IGN
2020,2127,2020-03-04,Miercoles,,07:30:00,,0.0,2,"Automóvil,Moto/Ciclomotor",Av. Corrientes Y Lamadrid,2,1,0,0,1,0,0,"-32.997222691865,-60.653473653833",Calle,,ROSARIO,Rosario,Asfalto,No existe,II,Dentro,Urbana,Ninguna,No existe,Intersección,Bueno,Buena,Diurna,Buen Tiempo,Lateral,S/D,Colisión,Ninguna,Faltante,Ninguna,Sin restricción,"-32.997222691865,-60.653473653833","['Corrientes', 'Lamadrid']",2,,-32.997222691865,-60.653473653833,55.0,538.0,Municipio Rosario,Municipio,Rosario,820210,Servicio de Catastro e Información Territorial,IGN
2020,2128,2020-03-10,Martes,,06:50:00,,0.0,2,"Moto/Ciclomotor,Automóvil",Bv. Wilde Y Filiberto,2,1,0,0,1,0,0,"-32.93734292155,-60.738673569847",Avenida,,ROSARIO,Rosario,Asfalto,No existe,II,Dentro,Urbana,Paso Peatonal,No existe,Recta,Bueno,Buena,Diurna,Buen Tiempo,Lateral,S/D,Colisión,Ninguna,Horizontal,Cordón divisorio,Sin restricción,"-32.93734292155,-60.738673569847","['Bulevar Wilde', 'Filiberto']",2,,-32.93734292155,-60.738673569847,55.0,538.0,Municipio Rosario,Municipio,Rosario,820210,Servicio de Catastro e Información Territorial,IGN
2020,2129,2020-03-04,Miercoles,,13:00:00,,0.0,2,"Automóvil,Bicicleta",Marcos Paz Y Vera Mujica,2,1,0,0,1,0,0,"-32.945707464283,-60.667991805352",Calle,,ROSARIO,Rosario,Asfalto,No existe,II,Dentro,Urbana,Ninguna,No existe,Intersección,Bueno,Buena,Diurna,Buen Tiempo,S/D,S/D,Colisión,Ninguna,Faltante,Ninguna,Sin restricción,"-32.945707464283,-60.667991805352","['Marcos Paz', 'Vera Mujíca']",2,,-32.945707464283,-60.667991805352,55.0,538.0,Municipio Rosario,Municipio,Rosario,820210,Servicio de Catastro e Información Territorial,IGN
2020,2130,2020-03-11,Miercoles,,11:00:00,,0.0,2,"Bicicleta,Automóvil",Brasil Y Mendoza,2,1,0,0,1,0,0,"-32.940484235898,-60.719552567005",Avenida,,ROSARIO,Rosario,Asfalto,No existe,II,Dentro,Urbana,Semáforo,Funciona,Recta,Bueno,Buena,Diurna,Buen Tiempo,S/D,Ciclista,Atropello,Ninguna,"Horizontal,Vertical",Cordón divisorio,Sin restricción,"-32.940484235898,-60.719552567005","['Brasil', 'Mendoza']",2,,-32.940484235898,-60.719552567005,55.0,538.0,Municipio Rosario,Municipio,Rosario,820210,Servicio de Catastro e Información Territorial,IGN
2020,2131,2020-03-04,Miercoles,,18:15:00,,0.0,2,"Moto/Ciclomotor,Automóvil",Gutenberg Y Marcos Paz,3,2,0,0,1,0,0,"-32.942043627335,-60.688397446131",Calle,,ROSARIO,Rosario,Hormigón,No existe,II,Dentro,Urbana,Ninguna,No existe,Intersección,Bueno,Buena,Diurna,Buen Tiempo,Lateral,S/D,Colisión,Ninguna,Faltante,Ninguna,Sin restricción,"-32.942043627335,-60.688397446131","['Gutenberg', 'Marcos Paz']",2,,-32.942043627335,-60.688397446131,55.0,538.0,Municipio Rosario,Municipio,Rosario,820210,Servicio de Catastro e Información Territorial,IGN
2020,2133,2020-03-03,Martes,,11:30:00,,0.0,2,"Moto/Ciclomotor,Automóvil",Catamarca 1824,2,1,0,0,1,0,0,"-32.938807806205,-60.646740791929",Calle,,ROSARIO,Rosario,Asfalto,No existe,II,Dentro,Urbana,Ninguna,No existe,Intersección,Bueno,Buena,Diurna,Buen Tiempo,Lateral,S/D,Colisión,Ninguna,Horizontal,Línea divisoria pintada,Obra en Construcción,"-32.938807806205,-60.646740791929",['Catamarca 1824'],1,,-32.938807806205,-60.646740791929,55.0,538.0,Municipio Rosario,Municipio,Rosario,820210,Servicio de Catastro e Información Territorial,IGN
2020,2135,2020-03-04,Miercoles,,08:30:00,,0.0,2,"Pickup/Utilitario,Taxi/Remis",Ayolas Y San Martin,2,1,0,0,1,0,0,"-32.97705220995,-60.644243945969",Avenida,,ROSARIO,Rosario,Asfalto,No existe,II,Dentro,Urbana,Semáforo,Funciona,Recta,Bueno,Buena,Diurna,Buen Tiempo,De alcance,S/D,Colisión,Ninguna,"Horizontal,Vertical",Línea divisoria pintada,Sin restricción,"-32.97705220995,-60.644243945969","['Ayolas', 'San Martin']",2,,-32.97705220995,-60.644243945969,55.0,538.0,Municipio Rosario,Municipio,Rosario,820210,Servicio de Catastro e Información Territorial,IGN
2020,2136,2020-03-01,Domingo,,17:45:00,,0.0,2,"Peatón,Automóvil",Dorrego Y Montevideo,2,1,0,0,1,0,0,"-32.954159761486,-60.651678339075",Calle,,ROSARIO,Rosario,Asfalto,No existe,II,Dentro,Urbana,Señal Pare,No existe,Intersección,Bueno,Buena,Diurna,Buen Tiempo,S/D,Peatón,Atropello,Ninguna,"Horizontal,Vertical",Línea divisoria pintada,Sin restricción,"-32.954159761486,-60.651678339075","['Dorrego', 'Montevideo']",2,,-32.954159761486,-60.651678339075,55.0,538.0,Municipio Rosario,Municipio,Rosario,820210,Servicio de Catastro e Información Territorial,IGN
2020,2137,2020-03-01,Domingo,,10:00:00,,0.0,2,"Automóvil,Peatón",Alvear Y Brown,2,1,0,0,1,0,0,"-32.934159702805,-60.652291643977",Calle,,ROSARIO,Rosario,Asfalto,No existe,II,Dentro,Urbana,Señal Pare,No existe,Intersección,Bueno,Buena,Diurna,Buen Tiempo,S/D,Peatón,Atropello,Ninguna,"Horizontal,Vertical",Ninguna,Sin restricción,"-32.934159702805,-60.652291643977","['Alvear', 'Brown']",2,,-32.934159702805,-60.652291643977,55.0,538.0,Municipio Rosario,Municipio,Rosario,820210,Servicio de Catastro e Información Territorial,IGN