anio_acci,nro_acci,fecha,desc_dia,fecha_aprox,hora_aprox,desc_ruta,km,cant_participantes,desc_participante,calle_avenida_km,total,heridos_leves,heridos_graves,heridos_gravisimos,ilesos,fallecidos,sin_datos,posicion_XY,desc_tipo_via,desc_ruta_ori,desc_loc,desc_dpto,desc_tipo_calzada,desc_tipo_banquina,desc_unidad_regional,desc_lugar_calzada,desc_zona,desc_prioridad,desc_estado_semaforo,desc_lugar_via,desc_estado_via,desc_estado_visibilidad,desc_luminosidad,desc_estado_clima,desc_tipo_colision,desc_tipo_atropello,desc_tipo_hecho,desc_pres_calzada,desc_senializacion,desc_separacion_via,desc_restriccion,forma_geocod,calle_lista,numero_calles,calles_osm,lat,lon,index_right,gid,fna,gna,nam,in1,fdc,sag
2020,2140,2020-03-01,Domingo,,06:30:00,,0.0,2,"Automóvil,Automóvil",Cordoba Y Pje. Sanchez de Triana,2,1,0,0,1,0,0,"-32.93993078731,-60.674356042674",Calle,,ROSARIO,Rosario,Asfalto,No existe,II,Dentro,Urbana,Paso Peatonal,No existe,Intersección,Bueno,Buena,Amanecer,Buen Tiempo,Lateral,S/D,Colisión,Ninguna,Horizontal,Línea divisoria pintada,Sin restricción,"-32.93993078731,-60.674356042674","['Córdoba', 'Sánchez de Triana']",2,,-32.93993078731,-60.674356042674,55.0,538.0,Municipio Rosario,Municipio,Rosario,820210,Servicio de Catastro e Información Territorial,IGN
2020,2141,2020-03-12,Jueves,,10:05:00,,0.0,2,"Moto/Ciclomotor,Automóvil",Av. Genova Y Av. Provincias Unidas,2,2,0,0,0,0,0,"-32.9159751534462,-60.7137778401374",Avenida,,ROSARIO,Rosario,Hormigón,No existe,II,Dentro,Urbana,Semáforo,Funciona,Intersección,Bueno,S/D,Diurna,S/D,Lateral,S/D,Colisión,S/D,"Horizontal,Vertical",Cordón divisorio,Sin restricción,"-32.9159751534462,-60.7137778401374","['Genova', 'Avenida Provincias Unidas']",2,,-32.9159751534462,-60.7137778401374,55.0,538.0,Municipio Rosario,Municipio,Rosario,820210,Servicio de Catastro e Información Territorial,IGN
2020,2143,2020-03-01,Domingo,,14:40:00,,0.0,2,"Taxi/Remis,Automóvil",San Juan Y Sarmiento,4,2,0,0,2,0,0,"-32.950147041192,-60.63912357151",Calle,,ROSARIO,Rosario,Asfalto,No existe,II,Dentro,Urbana,Paso Peatonal,No existe,Intersección,Bueno,Buena,Diurna,Buen Tiempo,Lateral,S/D,Colisión,Ninguna,Horizontal,Ninguna,Sin restricción,"-32.950147041192,-60.63912357151","['San Juan', 'Sarmiento']",2,,-32.950147041192,-60.63912357151,55.0,538.0,Municipio Rosario,Municipio,Rosario,820210,Servicio de Catastro e Información Territorial,IGN
2020,2145,2020-03-03,Martes,,10:20:00,,0.0,2,"Peatón,Moto/Ciclomotor",Reg.11 de Infanteria Y San Martin,2,1,0,0,0,0,1,"-32.998777122322,-60.648358689359",Avenida,,ROSARIO,Rosario,Asfalto,No existe,II,Dentro,Urbana,Semáforo,Funciona,Intersección,Bueno,Buena,Diurna,Buen Tiempo,S/D,Peatón,Atropello,Ninguna,"Horizontal,Vertical",Cordón divisorio,Sin restricción,"-32.998777122322,-60.648358689359","['Regimiento 11', 'San Martin']",2,,-32.998777122322,-60.648358689359,55.0,538.0,Municipio Rosario,Municipio,Rosario,820210,Servicio de Catastro e Información Territorial,IGN
2020,2147,2020-03-03,Martes,,15:20:00,,0.0,2,"Automóvil,Taxi/Remis",Mitre Y Virasoro,3,1,0,0,2,0,0,"-32.969644037506,-60.645444016857",Calle,,ROSARIO,Rosario,Asfalto,No existe,II,Dentro,Urbana,Paso Peatonal,No existe,Intersección,Bueno,Buena,Diurna,Buen Tiempo,Lateral,S/D,Colisión,Ninguna,Horizontal,Ninguna,Sin restricción,"-32.969644037506,-60.645444016857","['Mitre', 'Virasoro']",2,,-32.969644037506,-60.645444016857,55.0,538.0,Municipio Rosario,Municipio,Rosario,820210,Servicio de Catastro e Información Territorial,IGN
2020,2148,2020-03-13,Viernes,,17:30:00,,0.0,2,"Moto/Ciclomotor,Taxi/Remis",J.J.Paso Y Tte.Agneta,3,3,0,0,0,0,0,"-32.9198294878006,-60.7006189227104",Calle,,ROSARIO,Rosario,Hormigón,No existe,II,Dentro,Urbana,Semáforo,Funciona,Intersección,Bueno,Buena,Diurna,Buen Tiempo,Lateral,S/D,Colisión,S/D,Vertical,Ninguna,Sin restricción,"-32.9198294878006,-60.7006189227104","['Paso', 'Teniente Agneta']",2,,-32.9198294878006,-60.7006189227104,55.0,538.0,Municipio Rosario,Municipio,Rosario,820210,Servicio de Catastro e Información Territorial,IGN
2020,2150,2020-03-02,Lunes,,15:15:00,,0.0,2,"Taxi/Remis,Taxi/Remis",Buenos Aires Y Mendoza,2,1,0,0,1,0,0,"-32.952473569195,-60.633997204012",Calle,,ROSARIO,Rosario,Asfalto,No existe,II,Dentro,Urbana,Paso Peatonal,No existe,Intersección,Bueno,Buena,Diurna,Buen Tiempo,Lateral,S/D,Colisión,Ninguna,Horizontal,Línea divisoria pintada,Sin restricción,"-32.952473569195,-60.633997204012","['Buenos Aires', 'Mendoza']",2,,-32.952473569195,-60.633997204012,55.0,538.0,Municipio Rosario,Municipio,Rosario,820210,Servicio de Catastro e Información Territorial,IGN
2020,2152,2020-03-03,Martes,,15:20:00,,0.0,2,"Automóvil,Automóvil",Av. Ntra.Sra.del Rosario Y San Martin,3,1,0,0,2,0,0,"-32.999874, -60.648815",Avenida,,ROSARIO,Rosario,Asfalto,No existe,II,Dentro,Urbana,Semáforo,Funciona,Intersección,Bueno,Buena,Diurna,Buen Tiempo,De alcance,S/D,Colisión,Ninguna,"Horizontal,Vertical",Cordón divisorio,Sin restricción,"-32.999874, -60.648815","['Nuestra Señora del Rosario', 'San Martin']",2,,-32.999874,-60.648815,55.0,538.0,Municipio Rosario,Municipio,Rosario,820210,Servicio de Catastro e Información Territorial,IGN
2020,2153,2020-03-12,Jueves,,16:00:00,,0.0,2,"Automóvil,Moto/Ciclomotor",Av. Genova Y F.Flynn Bis,3,2,0,0,1,0,0,"-32.91546197305,-60.695269157581",Avenida,,ROSARIO,Rosario,Asfalto,No existe,II,Dentro,Urbana,Ninguna,No existe,Intersección,S/D,Buena,Diurna,Buen Tiempo,Lateral,S/D,Colisión,S/D,Faltante,Ninguna,Sin restricción,"-32.91546197305,-60.695269157581","['Genova', 'Flynn']",2,,-32.91546197305,-60.695269157581,55.0,538.0,Municipio Rosario,Municipio,Rosario,820210,Servicio de Catastro e Información Territorial,IGN
2020,2154,2020-07-18,Sabado,,01:10:00,,0.0,2,"Automóvil,Bicicleta",Dorrego Y Urquiza,2,1,0,0,1,0,0,"-32.95883, -60.693",Calle,,ROSARIO,Rosario,Asfalto,S/D,II,S/D,Urbana,S/D,S/D,Intersección,S/D,S/D,S/D,S/D,S/D,Ciclista,Atropello,S/D,S/D,S/D,S/D,"-32.95883, -60.693","['Dorrego', 'Urquiza']",2,,-32.95883,-60.693,55.0,538.0,Municipio Rosario,Municipio,Rosario,820210,Servicio de Catastro e Información Territorial,IGN
2020,2155,2020-03-07,Sabado,,09:20:00,,0.0,2,"Automóvil,Moto/Ciclomotor",Gaboto Y Maipu,2,1,0,0,1,0,0,"-32.973825415908,-60.642184642997",Calle,,ROSARIO,Rosario,Asfalto,No existe,II,Dentro,Urbana,Ninguna,No existe,Intersección,Bueno,Buena,Diurna,Buen Tiempo,Lateral,S/D,Colisión,Ninguna,Faltante,Ninguna,Sin restricción,"-32.973825415908,-60.642184642997","['Gaboto', 'Maipú']",2,,-32.973825415908,-60.642184642997,55.0,538.0,Municipio Rosario,Municipio,Rosario,820210,Servicio de Catastro e Información Territorial,IGN
2020,2156,2020-03-14,Sabado,,11:35:00,,0.0,1,Moto/Ciclomotor,Fraga Bis Y J.J.Paso,3,2,0,0,1,0,0,"-32.920232621041,-60.711428418239",Calle,,ROSARIO,Rosario,Asfalto,No existe,II,Dentro,Urbana,Señal Pare,No existe,Intersección,Deteriorada,S/D,Diurna,S/D,S/D,S/D,Despiste,Material Suelto,Vertical,Ninguna,Sin restricción,"-32.920232621041,-60.711428418239","['Fraga', 'Paso']",2,,-32.920232621041,-60.711428418239,55.0,538.0,Municipio Rosario,Municipio,Rosario,820210,Servicio de Catastro e Información Territorial,IGN
2020,2158,2020-03-07,Sabado,,20:25:00,,0.0,2,"Automóvil,Automóvil",Garibaldi Y San Nicolas,6,5,0,0,1,0,0,"-32.979830985868,-60.682294638846",Calle,,ROSARIO,Rosario,Asfalto,No existe,II,Dentro,Urbana,Ninguna,No existe,Intersección,Bueno,Buena,Diurna,Buen Tiempo,S/D,S/D,Colisión,Ninguna,Faltante,Ninguna,Sin restricción,"-32.979830985868,-60.682294638846","['José Garibaldi', 'San Nicolás']",2,,-32.979830985868,-60.682294638846,55.0,538.0,Municipio Rosario,Municipio,Rosario,820210,Servicio de Catastro e Información Territorial,IGN
2020,2159,2020-03-08,Domingo,,20:00:00,,0.0,2,"Peatón,Moto/Ciclomotor",Av. Corrientes Y Av. Uriburu,2,1,0,0,0,0,1,"-32.990813568663,-60.653712406228",Avenida,,ROSARIO,Rosario,Asfalto,No existe,II,Dentro,Urbana,Semáforo,Funciona,Intersección,Bueno,Buena,"Nocturna,Con luz artificial",Buen Tiempo,S/D,Peatón,Atropello,Ninguna,"Horizontal,Vertical",Cordón divisorio,Sin restricción,"-32.990813568663,-60.653712406228","['Corrientes', 'Uriburu']",2,,-32.990813568663,-60.653712406228,55.0,538.0,Municipio Rosario,Municipio,Rosario,820210,Servicio de Catastro e Información Territorial,IGN
2020,2160,2020-03-09,Lunes,,15:21:00,,0.0,2,"Bicicleta,Automóvil",Bv. Segui Y Italia,2,1,0,0,1,0,0,"-32.977226007351,-60.656063711218",Avenida,,ROSARIO,Rosario,Asfalto,No existe,II,Dentro,Urbana,Ninguna,No existe,Intersección,Bueno,Buena,Diurna,Buen Tiempo,S/D,Ciclista,Atropello,Ninguna,Faltante,"Cordón divisorio,Vegetación",Sin restricción,"-32.977226007351,-60.656063711218","['Bulevar Juan Francisco Seguí', 'Italia']",2,,-32.977226007351,-60.656063711218,55.0,538.0,Municipio Rosario,Municipio,Rosario,820210,Servicio de Catastro e Información Territorial,IGN
2020,2162,2020-03-09,Lunes,,02:20:00,,0.0,2,"Moto/Ciclomotor,Automóvil",Bv. Oroño 5046,3,0,1,0,2,0,0,"-32.995891196282,-60.665407174303",Avenida,,ROSARIO,Rosario,Asfalto,No existe,II,Dentro,Urbana,Ninguna,No existe,Recta,Bueno,Buena,"Nocturna,Con luz artificial",Buen Tiempo,S/D,S/D,Colisión,Ninguna,Horizontal,"Cordón divisorio,Vegetación,Línea divisoria pintada",Sin restricción,"-32.995891196282,-60.665407174303",['Nicasio Oroñoño 5046'],1,,-32.995891196282,-60.665407174303,55.0,538.0,Municipio Rosario,Municipio,Rosario,820210,Servicio de Catastro e Información Territorial,IGN
2020,2163,2020-03-24,Martes,,20:55:00,,0.0,2,"Moto/Ciclomotor,Automóvil",Laprida Y Mr.Ross,2,1,0,0,1,0,0,"-32.988951961534,-60.644774708387",Calle,,ROSARIO,Rosario,Asfalto,No existe,II,Dentro,Urbana,Ninguna,No existe,Intersección,Bueno,Buena,"Nocturna,Con luz artificial",Buen Tiempo,De alcance,S/D,Colisión,Ninguna,Faltante,Ninguna,Sin restricción,"-32.988951961534,-60.644774708387","['Laprida', 'Rodrigo M. Ross']",2,,-32.988951961534,-60.644774708387,55.0,538.0,Municipio Rosario,Municipio,Rosario,820210,Servicio de Catastro e Información Territorial,IGN
2020,2164,2020-03-07,Sabado,,23:00:00,,0.0,2,"Automóvil,Peatón",Colon Y Dean Funes,2,1,0,0,1,0,0,"-32.977885381561,-60.632880051453",Calle,,ROSARIO,Rosario,Asfalto,No existe,II,Dentro,Urbana,Señal Pare,No existe,Recta,Bueno,Buena,"Nocturna,Con luz artificial",Buen Tiempo,S/D,Peatón,Atropello,Ninguna,Vertical,Ninguna,Sin restricción,"-32.977885381561,-60.632880051453","['Colon', 'Deán Gregorio Funes']",2,,-32.977885381561,-60.632880051453,55.0,538.0,Municipio Rosario,Municipio,Rosario,820210,Servicio de Catastro e Información Territorial,IGN
2020,2165,2020-03-18,Miercoles,,17:35:00,,0.0,2,"Moto/Ciclomotor,Pickup/Utilitario",Bv. Segui Y Castellanos,3,2,0,0,1,0,0,"-32.972542212297,-60.683297262965",Avenida,,ROSARIO,Rosario,Asfalto,No existe,II,Dentro,Urbana,Ninguna,No existe,Intersección,Bueno,Buena,Diurna,Buen Tiempo,S/D,S/D,Colisión,Ninguna,Horizontal,Línea divisoria pintada,Sin restricción,"-32.972542212297,-60.683297262965","['Bulevar Juan Francisco Seguí', 'Aaron Castellanos']",2,,-32.972542212297,-60.683297262965,55.0,538.0,Municipio Rosario,Municipio,Rosario,820210,Servicio de Catastro e Información Territorial,IGN
2020,2166,2020-03-23,Lunes,,13:40:00,,0.0,2,"Automóvil,Moto/Ciclomotor",Bv. Segui Y Sarmiento,3,2,0,0,1,0,0,"-32.978962429421,-60.646343767061",Avenida,,ROSARIO,Rosario,Asfalto,No existe,II,Dentro,Urbana,Señal Pare,No existe,Intersección,Bueno,Buena,Diurna,Buen Tiempo,Lateral,S/D,Colisión,Ninguna,"Horizontal,Vertical",Cordón divisorio,Sin restricción,"-32.978962429421,-60.646343767061","['Bulevar Juan Francisco Seguí', 'Sarmiento']",2,,-32.978962429421,-60.646343767061,55.0,538.0,Municipio Rosario,Municipio,Rosario,820210,Servicio de Catastro e Información Territorial,IGN
2020,2168,2020-03-09,Lunes,,16:50:00,,0.0,2,"Vehículo Oficial,Automóvil",Bv. Oroño Y Bv. Segui,2,1,0,0,1,0,0,"-32.9764734024,-60.661412628935",Avenida,,ROSARIO,Rosario,Asfalto,No existe,II,Dentro,Urbana,Semáforo,Funciona,Intersección,Bueno,Buena,Diurna,Buen Tiempo,Lateral,S/D,Colisión,Ninguna,"Horizontal,Vertical","Cordón divisorio,Vegetación",Sin restricción,"-32.9764734024,-60.661412628935","['Bulevar Nicasio Oroño', 'Bulevar Juan Francisco Seguí']",2,,-32.9764734024,-60.661412628935,55.0,538.0,Municipio Rosario,Municipio,Rosario,820210,Servicio de Catastro e Información Territorial,IGN
2020,2170,2020-03-19,Jueves,,21:40:00,,0.0,2,"Moto/Ciclomotor,Automóvil",Av. Ovidio Lagos Y Saavedra,2,1,0,0,1,0,0,"-32.973818864024,-60.6690251055",Avenida,,ROSARIO,Rosario,Asfalto,No existe,II,Dentro,Urbana,Paso Peatonal,No existe,Intersección,Bueno,Buena,"Nocturna,Con luz artificial",Buen Tiempo,S/D,S/D,Colisión,Ninguna,Horizontal,"Cordón divisorio,Línea divisoria pintada",Sin restricción,"-32.973818864024,-60.6690251055","['Avenida Ovidio Lagos', 'Saavedra']",2,,-32.973818864024,-60.6690251055,55.0,538.0,Municipio Rosario,Municipio,Rosario,820210,Servicio de Catastro e Información Territorial,IGN
2020,2171,2020-03-11,Miercoles,,12:15:00,,0.0,2,"Bicicleta,Automóvil",F.Frias Y Leiva,2,1,0,0,1,0,0,"-33.011628288906,-60.637540862443",Calle,,ROSARIO,Rosario,Asfalto,No existe,II,Dentro,Urbana,Ninguna,No existe,Intersección,Bueno,Reducida,Diurna,Lluvia,S/D,Ciclista,Atropello,Agua,Faltante,Ninguna,Sin restricción,"-33.011628288906,-60.637540862443","['Frias', 'Leiva']",2,,-33.011628288906,-60.637540862443,55.0,538.0,Municipio Rosario,Municipio,Rosario,820210,Servicio de Catastro e Información Territorial,IGN
2020,2172,2020-03-11,Miercoles,,22:50:00,,0.0,2,"Moto/Ciclomotor,Moto/Ciclomotor",Centeno Y Laprida,2,1,0,0,1,0,0,"-32.985505905869,-60.643904686172",Calle,,ROSARIO,Rosario,Asfalto,No existe,II,Dentro,Urbana,Ninguna,No existe,Intersección,Bueno,Buena,"Nocturna,Con luz artificial",Buen Tiempo,Lateral,S/D,Colisión,Ninguna,Faltante,Ninguna,Sin restricción,"-32.985505905869,-60.643904686172","['Centeno', 'Laprida']",2,,-32.985505905869,-60.643904686172,55.0,538.0,Municipio Rosario,Municipio,Rosario,820210,Servicio de Catastro e Información Territorial,IGN
2020,2174,2020-03-03,Martes,,16:17:00,,0.0,2,"Moto/Ciclomotor,Automóvil",Bv. Segui Y Dorrego,2,1,0,0,1,0,0,"-32.977189566136,-60.657472302606",Avenida,,ROSARIO,Rosario,Asfalto,No existe,II,Dentro,Urbana,Ninguna,No existe,Intersección,Bueno,Buena,Diurna,Buen Tiempo,Lateral,S/D,Colisión,Ninguna,Faltante,Cordón divisorio,Sin restricción,"-32.977189566136,-60.657472302606","['Bulevar Juan Francisco Seguí', 'Dorrego']",2,,-32.977189566136,-60.657472302606,55.0,538.0,Municipio Rosario,Municipio,Rosario,820210,Servicio de Catastro e Información Territorial,IGN
2020,2175,2020-03-13,Viernes,,08:15:00,,0.0,2,"Automóvil,Automóvil",Bv. Segui Y Dorrego,2,1,0,0,1,0,0,"-32.976983547866,-60.657419000097",Avenida,,ROSARIO,Rosario,Asfalto,No existe,II,Dentro,Urbana,Ninguna,No existe,Intersección,Bueno,Buena,Diurna,Buen Tiempo,Lateral,S/D,Colisión,Ninguna,Faltante,"Cordón divisorio,Vegetación",Sin restricción,"-32.976983547866,-60.657419000097","['Bulevar Juan Francisco Seguí', 'Dorrego']",2,,-32.976983547866,-60.657419000097,55.0,538.0,Municipio Rosario,Municipio,Rosario,820210,Servicio de Catastro e Información Territorial,IGN
2020,2176,2020-03-16,Lunes,,17:15:00,,0.0,2,"Moto/Ciclomotor,Automóvil",Bv. Segui Y Italia,2,1,0,0,1,0,0,"-32.977226007351,-60.656063711218",Avenida,,ROSARIO,Rosario,Asfalto,No existe,II,Dentro,Urbana,Ninguna,No existe,Intersección,Bueno,Buena,Diurna,Buen Tiempo,Lateral,S/D,Colisión,Ninguna,Faltante,Ninguna,Sin restricción,"-32.977226007351,-60.656063711218","['Bulevar Juan Francisco Seguí', 'Italia']",2,,-32.977226007351,-60.656063711218,55.0,538.0,Municipio Rosario,Municipio,Rosario,820210,Servicio de Catastro e Información Territorial,IGN
2020,2178,2020-04-24,Viernes,,18:20:00,,0.0,2,"Moto/Ciclomotor,Automóvil",Av. Battle y Ordo�ez Y España,2,1,0,0,1,0,0,"    -33.00918, -60.65729",Calle,,ROSARIO,Rosario,Asfalto,No existe,II,Dentro,Urbana,Ninguna,No existe,Recta,S/D,Buena,Atardecer,Buen Tiempo,Otro,S/D,Colisión,Ninguna,Faltante,Ninguna,Sin restricción,"    -33.00918, -60.65729","['Avenida Battle y Ordoñez', 'España']",2,,-33.00918,-60.65729,55.0,538.0,Municipio Rosario,Municipio,Rosario,820210,Servicio de Catastro e Información Territorial,IGN
2020,2180,2020-04-28,Martes,,14:00:00,,0.0,2,"Moto/Ciclomotor,Automóvil",Reg.11 de Infanteria Y Av. Corrientes,2,1,0,0,1,0,0,"    -32.99896, -60.65345",Avenida,,ROSARIO,Rosario,Asfalto,No existe,II,Dentro,Urbana,Ninguna,No existe,Intersección,Bueno,Buena,Diurna,Buen Tiempo,Lateral,S/D,Colisión,Ninguna,S/D,S/D,Sin restricción,"    -32.99896, -60.65345","['Regimiento 11', 'Corrientes']",2,,-32.99896,-60.65345,55.0,538.0,Municipio Rosario,Municipio,Rosario,820210,Servicio de Catastro e Información Territorial,IGN
2020,2182,2020-04-26,Domingo,,12:20:00,,0.0,2,"Automóvil,Automóvil",San Martin 5400,2,1,0,0,1,0,0,"    -32.9999, -60.64872",Calle,,ROSARIO,Rosario,Asfalto,No existe,II,Dentro,Urbana,Semáforo,Funciona,Recta,Bueno,Buena,Diurna,Buen Tiempo,Lateral,S/D,Colisión,S/D,Vertical,Cordón divisorio,Sin restricción,"    -32.9999, -60.64872",['San Martin 5400'],1,,-32.9999,-60.64872,55.0,538.0,Municipio Rosario,Municipio,Rosario,820210,Servicio de Catastro e Información Territorial,IGN
2020,2185,2020-03-09,Lunes,,23:30:00,,0.0,1,Moto/Ciclomotor,Bv. Segui Y Suipacha,1,1,0,0,0,0,0,"-32.974324412172,-60.672384825041",Avenida,,ROSARIO,Rosario,Asfalto,No existe,II,Dentro,Urbana,Paso Peatonal,No existe,Intersección,Bueno,Buena,Nocturna,Buen Tiempo,Contra objeto fijo,S/D,Colisión,Ninguna,Horizontal,"Cordón divisorio,Línea divisoria pintada",Sin restricción,"-32.974324412172,-60.672384825041","['Bulevar Juan Francisco Seguí', 'Suipacha']",2,,-32.974324412172,-60.672384825041,55.0,538.0,Municipio Rosario,Municipio,Rosario,820210,Servicio de Catastro e Información Territorial,IGN
2020,2187,2020-04-24,Viernes,,07:50:00,,0.0,2,"Automóvil,Moto/Ciclomotor",Biedma Y Pte.Roca,2,1,0,0,1,0,0,"    -32.98013, -60.65391",Calle,,ROSARIO,Rosario,Asfalto,No existe,II,Dentro,Urbana,Señal Pare,No existe,Intersección,Bueno,Buena,"Diurna,Con luz artificial",Buen Tiempo,Lateral,S/D,Colisión,Ninguna,Vertical,Ninguna,Sin restricción,"    -32.98013, -60.65391","['Coronel Biedma', 'Roca']",2,,-32.98013,-60.65391,55.0,538.0,Municipio Rosario,Municipio,Rosario,820210,Servicio de Catastro e Información Territorial,IGN
2020,2189,2020-03-10,Martes,,19:05:00,,0.0,1,Moto/Ciclomotor,Bv. Avellaneda 2750,1,1,0,0,0,0,0,"-32.961984182574,-60.685010391079",Avenida,,ROSARIO,Rosario,Asfalto,No existe,II,Dentro,Urbana,Otra Señal,No existe,Paso a Nivel FFCC,Bueno,Buena,Diurna,Buen Tiempo,Atropello animal,S/D,Colisión,Ninguna,Vertical,Ninguna,Sin restricción,"-32.961984182574,-60.685010391079",['Avellaneda 2750'],1,,-32.961984182574,-60.685010391079,55.0,538.0,Municipio Rosario,Municipio,Rosario,820210,Servicio de Catastro e Información Territorial,IGN
2020,2191,2020-03-10,Martes,,07:20:00,,0.0,2,"Moto/Ciclomotor,Moto/Ciclomotor",Amenabar Y Av. Francia,2,2,0,0,0,0,0,"-32.967268923628,-60.672139583778",Avenida,,ROSARIO,Rosario,Asfalto,No existe,II,Dentro,Urbana,Ninguna,No existe,Intersección,Bueno,Buena,Diurna,Buen Tiempo,S/D,S/D,Colisión,Ninguna,Faltante,"Cordón divisorio,Vegetación",Sin restricción,"-32.967268923628,-60.672139583778","['Amenabar', 'Avenida Francia']",2,,-32.967268923628,-60.672139583778,55.0,538.0,Municipio Rosario,Municipio,Rosario,820210,Servicio de Catastro e Información Territorial,IGN
2020,2192,2020-04-26,Domingo,,18:45:00,,0.0,2,"Automóvil,Moto/Ciclomotor",Mendoza Y Santiago,2,1,0,0,1,0,0,"    -32.94837, -60.65724",Calle,,ROSARIO,Rosario,Asfalto,S/D,II,Dentro,Urbana,Semáforo,Funciona,Intersección,S/D,S/D,Diurna,S/D,Lateral,S/D,Colisión,S/D,S/D,S/D,S/D,"    -32.94837, -60.65724","['Mendoza', 'Santiago']",2,,-32.94837,-60.65724,55.0,538.0,Municipio Rosario,Municipio,Rosario,820210,Servicio de Catastro e Información Territorial,IGN
2020,2193,2020-03-10,Martes,,11:55:00,,0.0,2,"Automóvil,Moto/Ciclomotor",Av. Francia Y Calle 1209,2,1,0,0,1,0,0,"-32.996584608987,-60.678386506992",Avenida,,ROSARIO,Rosario,Asfalto,No existe,II,Dentro,Urbana,Ninguna,No existe,Intersección,Bueno,Buena,Diurna,Buen Tiempo,S/D,S/D,Colisión,Ninguna,Faltante,"Cordón divisorio,Vegetación",Sin restricción,"-32.996584608987,-60.678386506992","['Avenida Francia', 'Calle 1209']",2,,-32.996584608987,-60.678386506992,55.0,538.0,Municipio Rosario,Municipio,Rosario,820210,Servicio de Catastro e Información Territorial,IGN
2020,2194,2020-03-11,Miercoles,,17:30:00,,0.0,2,"Moto/Ciclomotor,Automóvil",Av. Jorge Cura Y Pueyrredon,2,1,0,0,1,0,0,"-32.970552227138,-60.664317572568",Avenida,,ROSARIO,Rosario,Asfalto,No existe,II,Dentro,Urbana,Señal Pare,No existe,Intersección,Bueno,Buena,Diurna,Buen Tiempo,S/D,S/D,Colisión,Ninguna,Vertical,Ninguna,Sin restricción,"-32.970552227138,-60.664317572568","['Avenida Jorge Cura', 'Pueyrredón']",2,,-32.970552227138,-60.664317572568,55.0,538.0,Municipio Rosario,Municipio,Rosario,820210,Servicio de Catastro e Información Territorial,IGN
2020,2195,2020-03-13,Viernes,,17:10:00,,0.0,2,"Moto/Ciclomotor,Moto/Ciclomotor",Biedma Y Crespo,2,1,0,0,1,0,0,"-32.975976234175,-60.677059564027",Calle,,ROSARIO,Rosario,Asfalto,No existe,II,Dentro,Urbana,Ninguna,No existe,Intersección,Bueno,Buena,Diurna,Buen Tiempo,S/D,S/D,Colisión,Ninguna,Faltante,Ninguna,Sin restricción,"-32.975976234175,-60.677059564027","['Coronel Biedma', 'Crespo']",2,,-32.975976234175,-60.677059564027,55.0,538.0,Municipio Rosario,Municipio,Rosario,820210,Servicio de Catastro e Información Territorial,IGN
2020,2196,2020-04-24,Viernes,,08:05:00,,0.0,2,"Moto/Ciclomotor,Pickup/Utilitario",Balcarce Y Urquiza,2,1,0,0,1,0,0,"    -32.94049, -60.65108",Calle,,ROSARIO,Rosario,Asfalto,S/D,II,Dentro,Urbana,Señal Pare,S/D,Intersección,S/D,Buena,Diurna,S/D,Lateral,S/D,Colisión,S/D,Vertical,S/D,S/D,"    -32.94049, -60.65108","['Balcarce', 'Urquiza']",2,,-32.94049,-60.65108,55.0,538.0,Municipio Rosario,Municipio,Rosario,820210,Servicio de Catastro e Información Territorial,IGN
2020,2197,2020-03-16,Lunes,,07:30:00,,0.0,2,"Automóvil,Moto/Ciclomotor",Av. Uriburu Y Bv. Oro�o,2,1,0,0,1,0,0,"-32.991608686629,-60.665126116591",Avenida,,ROSARIO,Rosario,Asfalto,No existe,II,Dentro,Urbana,Semáforo,Funciona,Rotonda,Bueno,Buena,Diurna,Buen Tiempo,S/D,S/D,Colisión,Ninguna,"Horizontal,Vertical","Cordón divisorio,Vegetación,Línea divisoria pintada",Sin restricción,"-32.991608686629,-60.665126116591","['Uriburu', 'Bulevar Nicasio Oroño']",2,,-32.991608686629,-60.665126116591,55.0,538.0,Municipio Rosario,Municipio,Rosario,820210,Servicio de Catastro e Información Territorial,IGN
2020,2198,2020-04-23,Jueves,,10:00:00,,0.0,2,"Moto/Ciclomotor,Pickup/Utilitario",3 De Febrero Y Paraguay,2,1,0,0,1,0,0,"    -32.95179, -60.64531",Calle,,ROSARIO,Rosario,Asfalto,S/D,II,Dentro,Urbana,Señal Pare,S/D,Intersección,S/D,Buena,Diurna,S/D,Lateral,S/D,Colisión,S/D,Vertical,S/D,S/D,"    -32.95179, -60.64531","['3 de Febrero', 'Paraguay']",2,,-32.95179,-60.64531,55.0,538.0,Municipio Rosario,Municipio,Rosario,820210,Servicio de Catastro e Información Territorial,IGN