anio_acci,nro_acci,fecha,desc_dia,fecha_aprox,hora_aprox,desc_ruta,km,cant_participantes,desc_participante,calle_avenida_km,total,heridos_leves,heridos_graves,heridos_gravisimos,ilesos,fallecidos,sin_datos,posicion_XY,desc_tipo_via,desc_ruta_ori,desc_loc,desc_dpto,desc_tipo_calzada,desc_tipo_banquina,desc_unidad_regional,desc_lugar_calzada,desc_zona,desc_prioridad,desc_estado_semaforo,desc_lugar_via,desc_estado_via,desc_estado_visibilidad,desc_luminosidad,desc_estado_clima,desc_tipo_colision,desc_tipo_atropello,desc_tipo_hecho,desc_pres_calzada,desc_senializacion,desc_separacion_via,desc_restriccion,forma_geocod,calle_lista,numero_calles,calles_osm,lat,lon,index_right,gid,fna,gna,nam,in1,fdc,sag
2020,2200,2020-04-24,Viernes,,17:20:00,,0.0,2,"Automóvil,Moto/Ciclomotor",Paraguay Y San Luis,2,1,0,0,1,0,0,"    -32.94804, -60.6444",Calle,,ROSARIO,Rosario,Asfalto,S/D,II,Dentro,Urbana,S/D,S/D,Intersección,Bueno,S/D,Diurna,S/D,Lateral,S/D,Colisión,S/D,S/D,S/D,S/D,"    -32.94804, -60.6444","['Paraguay', 'San Luis']",2,,-32.94804,-60.6444,55.0,538.0,Municipio Rosario,Municipio,Rosario,820210,Servicio de Catastro e Información Territorial,IGN
2020,2202,2020-04-23,Jueves,,14:30:00,,0.0,2,"Moto/Ciclomotor,Automóvil",Av. Francia Y Riobamba,2,1,0,0,1,0,0,"    -32.95818, -60.66958",Avenida,,ROSARIO,Rosario,Asfalto,No existe,II,Dentro,Urbana,S/D,No existe,Intersección,Bueno,Buena,Diurna,Buen Tiempo,Lateral,S/D,Colisión,S/D,S/D,Cordón divisorio,Sin restricción,"    -32.95818, -60.66958","['Avenida Francia', 'Riobamba']",2,,-32.95818,-60.66958,55.0,538.0,Municipio Rosario,Municipio,Rosario,820210,Servicio de Catastro e Información Territorial,IGN
2020,2229,2020-03-02,Lunes,,10:30:00,,0.0,3,"Automóvil,Automóvil,Pickup/Utilitario",Av. Pte.Peron Y Lavalle,5,2,0,0,3,0,0,"-32.957376736879,-60.682321603738",Avenida,,ROSARIO,Rosario,Asfalto,No existe,II,Dentro,Urbana,Semáforo,Funciona,Intersección,Otro,Buena,Diurna,Otro,Múltiple,S/D,Colisión,Otro,"Horizontal,Vertical",Cordón divisorio,Sin restricción,"-32.957376736879,-60.682321603738","['Avenida Presidente Perón', 'Lavalle']",2,,-32.957376736879,-60.682321603738,55.0,538.0,Municipio Rosario,Municipio,Rosario,820210,Servicio de Catastro e Información Territorial,IGN
2020,2253,2020-03-16,Lunes,,12:55:00,,0.0,1,Camión Chasis,F.Frias Y Pje. Magnano,4,4,0,0,0,0,0,"-33.011674390591,-60.639051843181",Calle,,ROSARIO,Rosario,Asfalto,No existe,II,Dentro,Urbana,Ninguna,No existe,Recta,Bueno,Buena,Diurna,Buen Tiempo,S/D,S/D,Vuelco,Ninguna,Faltante,Ninguna,Sin restricción,"-33.011674390591,-60.639051843181","['Frias', 'Magnano']",2,,-33.011674390591,-60.639051843181,55.0,538.0,Municipio Rosario,Municipio,Rosario,820210,Servicio de Catastro e Información Territorial,IGN
2020,2254,2020-03-16,Lunes,,22:20:00,,0.0,2,"Moto/Ciclomotor,Moto/Ciclomotor",Entre Rios Y Galvez,2,1,0,0,1,0,0,"-32.968247396117,-60.646571959833",Calle,,ROSARIO,Rosario,Asfalto,No existe,II,Dentro,Urbana,Ninguna,No existe,Intersección,Bueno,Buena,Nocturna,Buen Tiempo,Lateral,S/D,Colisión,Ninguna,Horizontal,Línea divisoria pintada,Sin restricción,"-32.968247396117,-60.646571959833","['Entre Ríos', 'Galvez']",2,,-32.968247396117,-60.646571959833,55.0,538.0,Municipio Rosario,Municipio,Rosario,820210,Servicio de Catastro e Información Territorial,IGN
2020,2255,2020-05-17,Domingo,,16:50:00,,0.0,2,"Moto/Ciclomotor,Automóvil",Av. Battle y Ordo�ez Y Buenos Aires,4,2,1,0,1,0,0,"-33.00881, -60.64465",Avenida,,ROSARIO,Rosario,Asfalto,No existe,II,Dentro,Urbana,Señal Pare,No existe,Intersección,Bueno,Buena,Diurna,Buen Tiempo,Lateral,S/D,Colisión,Ninguna,Vertical,Ninguna,Sin restricción,"-33.00881, -60.64465","['Avenida Battle y Ordoñez', 'Buenos Aires']",2,,-33.00881,-60.64465,55.0,538.0,Municipio Rosario,Municipio,Rosario,820210,Servicio de Catastro e Información Territorial,IGN
2020,2257,2020-03-24,Martes,,13:00:00,,0.0,2,"Moto/Ciclomotor,Taxi/Remis",Av. Battle y Ordo�ez Y Laprida,2,1,0,0,1,0,0,"-33.00887338721,-60.64672344202",Avenida,,ROSARIO,Rosario,Asfalto,No existe,II,Dentro,Urbana,Semáforo,Funciona,Recta,Bueno,Buena,Diurna,Buen Tiempo,De alcance,S/D,Colisión,Ninguna,"Horizontal,Vertical",Línea divisoria pintada,Sin restricción,"-33.00887338721,-60.64672344202","['Avenida Battle y Ordoñez', 'Laprida']",2,,-33.00887338721,-60.64672344202,55.0,538.0,Municipio Rosario,Municipio,Rosario,820210,Servicio de Catastro e Información Territorial,IGN
2020,2258,2020-05-17,Domingo,,13:10:00,,0.0,2,"Moto/Ciclomotor,Moto/Ciclomotor",Santa Fe Y Suipacha,2,1,0,0,1,0,0,"-32.94043, -60.66381",Calle,,ROSARIO,Rosario,S/D,No existe,II,Dentro,Urbana,Semáforo,Funciona,Intersección,Bueno,Buena,Diurna,Buen Tiempo,De alcance,S/D,Colisión,Ninguna,Faltante,Ninguna,Sin restricción,"-32.94043, -60.66381","['Santa Fe', 'Suipacha']",2,,-32.94043,-60.66381,55.0,538.0,Municipio Rosario,Municipio,Rosario,820210,Servicio de Catastro e Información Territorial,IGN
2020,2259,2020-03-05,Jueves,,19:00:00,,0.0,2,"Automóvil,Pickup/Utilitario", ,4,1,0,0,3,0,0,"-32.92932987213136,-60.672136545181",Calle,,ROSARIO,Rosario,Asfalto,No existe,II,Dentro,Urbana,Ninguna,No existe,Intersección,Bueno,Buena,Diurna,Buen Tiempo,Lateral,S/D,Colisión,Ninguna,Horizontal,Ninguna,Sin restricción,"-32.92932987213136,-60.672136545181",[''],0,,-32.92932987213136,-60.672136545181,55.0,538.0,Municipio Rosario,Municipio,Rosario,820210,Servicio de Catastro e Información Territorial,IGN
2020,2260,2020-03-12,Jueves,,14:00:00,,0.0,2,"Pickup/Utilitario,Automóvil",Ameghino Y L.N.Alem,2,1,0,0,1,0,0,"-32.988863716933,-60.638540767707",Calle,,ROSARIO,Rosario,Asfalto,No existe,II,Dentro,Urbana,Señal Pare,No existe,Intersección,Bueno,Buena,Diurna,Buen Tiempo,De alcance,S/D,Colisión,Ninguna,Vertical,Ninguna,Sin restricción,"-32.988863716933,-60.638540767707","['Ameghino', 'Alem']",2,,-32.988863716933,-60.638540767707,55.0,538.0,Municipio Rosario,Municipio,Rosario,820210,Servicio de Catastro e Información Territorial,IGN
2020,2261,2020-05-17,Domingo,,20:30:00,,0.0,2,"Moto/Ciclomotor,Automóvil",Balcarce Y Rioja,2,1,0,0,1,0,0,"-32.94513, -60.65222",Calle,,ROSARIO,Rosario,"Asfalto,Hormigón",S/D,II,Dentro,Urbana,S/D,S/D,Intersección,S/D,S/D,"Nocturna,Con luz artificial",S/D,Lateral,S/D,Colisión,S/D,S/D,S/D,Sin restricción,"-32.94513, -60.65222","['Balcarce', 'Rioja']",2,,-32.94513,-60.65222,55.0,538.0,Municipio Rosario,Municipio,Rosario,820210,Servicio de Catastro e Información Territorial,IGN
2020,2262,2020-03-07,Sabado,,15:15:00,,0.0,2,"Automóvil,Moto/Ciclomotor",Saavedra Y San Martin,2,1,0,0,1,0,0,"-32.978281868302,-60.644073262",Avenida,,ROSARIO,Rosario,Asfalto,No existe,II,Dentro,Urbana,Semáforo,Funciona,Intersección,Bueno,Buena,Diurna,Buen Tiempo,Lateral,S/D,Colisión,Ninguna,"Horizontal,Vertical",Línea divisoria pintada,Sin restricción,"-32.978281868302,-60.644073262","['Saavedra', 'San Martin']",2,,-32.978281868302,-60.644073262,55.0,538.0,Municipio Rosario,Municipio,Rosario,820210,Servicio de Catastro e Información Territorial,IGN
2020,2265,2020-03-07,Sabado,,04:00:00,,0.0,2,"Taxi/Remis,Pickup/Utilitario",Esteban de Luca Y San Martin,2,1,0,0,1,0,0,"-32.994879678787,-60.647516050413",Avenida,,ROSARIO,Rosario,Asfalto,No existe,II,Dentro,Urbana,Semáforo,Funciona,Intersección,Bueno,Buena,Diurna,Buen Tiempo,Lateral,S/D,Colisión,Ninguna,"Horizontal,Vertical","Cordón divisorio,Línea divisoria pintada",Sin restricción,"-32.994879678787,-60.647516050413","['Esteban de Luca', 'San Martin']",2,,-32.994879678787,-60.647516050413,55.0,538.0,Municipio Rosario,Municipio,Rosario,820210,Servicio de Catastro e Información Territorial,IGN
2020,2267,2020-03-02,Lunes,,11:15:00,,0.0,2,"Automóvil,Peatón",Ayacucho Y Ayolas,2,1,0,0,1,0,0,"-32.978790060504,-60.634523469429",Calle,,ROSARIO,Rosario,Asfalto,No existe,II,Dentro,Urbana,Ninguna,No existe,Recta,Bueno,Buena,Diurna,Buen Tiempo,S/D,Peatón,Atropello,Ninguna,Horizontal,Línea divisoria pintada,Sin restricción,"-32.978790060504,-60.634523469429","['Ayacucho', 'Ayolas']",2,,-32.978790060504,-60.634523469429,55.0,538.0,Municipio Rosario,Municipio,Rosario,820210,Servicio de Catastro e Información Territorial,IGN
2020,2268,2020-05-18,Lunes,,12:45:00,,0.0,2,"Bicicleta,Pickup/Utilitario",Virasoro Y Suipacha,2,1,0,0,1,0,0,"-32.96526, -60.67011",Calle,,ROSARIO,Rosario,Asfalto,No existe,II,Dentro,Urbana,Ninguna,No existe,Intersección,Bueno,Buena,Diurna,Buen Tiempo,S/D,Ciclista,Atropello,Ninguna,Faltante,Ninguna,Sin restricción,"-32.96526, -60.67011","['Virasoro', 'Suipacha']",2,,-32.96526,-60.67011,55.0,538.0,Municipio Rosario,Municipio,Rosario,820210,Servicio de Catastro e Información Territorial,IGN
2020,2269,2020-03-09,Lunes,,13:00:00,,0.0,2,"Camión Chasis,Moto/Ciclomotor",San Martin 6200,2,1,0,0,1,0,0,"-33.008887070308,-60.650717921589",Avenida,,ROSARIO,Rosario,Asfalto,No existe,II,Dentro,Urbana,Paso Peatonal,No existe,Recta,Bueno,Buena,Diurna,Buen Tiempo,Lateral,S/D,Colisión,Ninguna,"Horizontal,Vertical","Cordón divisorio,Línea divisoria pintada",Sin restricción,"-33.008887070308,-60.650717921589",['San Martin 6200'],1,,-33.008887070308,-60.650717921589,55.0,538.0,Municipio Rosario,Municipio,Rosario,820210,Servicio de Catastro e Información Territorial,IGN
2020,2272,2020-03-11,Miercoles,,18:00:00,,0.0,2,"Automóvil,Moto/Ciclomotor",Av. Ntra.Sra.del Rosario Y Paraguay,2,1,0,0,1,0,0,"-33.00003420058,-60.654838011242",Avenida,,ROSARIO,Rosario,Asfalto,No existe,II,Dentro,Urbana,Ninguna,No existe,Intersección,Bueno,Buena,Atardecer,Buen Tiempo,Lateral,S/D,Colisión,Ninguna,Faltante,Ninguna,Sin restricción,"-33.00003420058,-60.654838011242","['Nuestra Señora del Rosario', 'Paraguay']",2,,-33.00003420058,-60.654838011242,55.0,538.0,Municipio Rosario,Municipio,Rosario,820210,Servicio de Catastro e Información Territorial,IGN
2020,2277,2020-03-12,Jueves,,08:40:00,,0.0,2,"Pickup/Utilitario,Automóvil",Dorrego Y Gaboto,4,2,0,0,2,0,0,"-32.97135248106,-60.656003810864",Calle,,ROSARIO,Rosario,Asfalto,No existe,II,Dentro,Urbana,Señal Pare,No existe,Intersección,Bueno,Buena,Diurna,Buen Tiempo,Lateral,S/D,Colisión,Ninguna,Vertical,Ninguna,Sin restricción,"-32.97135248106,-60.656003810864","['Dorrego', 'Gaboto']",2,,-32.97135248106,-60.656003810864,55.0,538.0,Municipio Rosario,Municipio,Rosario,820210,Servicio de Catastro e Información Territorial,IGN
2020,2282,2020-03-15,Domingo,,12:30:00,,0.0,1,Moto/Ciclomotor,Bv. Segui Y Sarmiento,2,1,0,0,1,0,0,"-32.978962429421,-60.646343767061",Avenida,,ROSARIO,Rosario,Asfalto,No existe,II,Dentro,Urbana,Ninguna,No existe,Intersección,Bueno,Buena,Diurna,Buen Tiempo,S/D,S/D,Cañda ocupante,Ninguna,Vertical,Ninguna,Sin restricción,"-32.978962429421,-60.646343767061","['Bulevar Juan Francisco Seguí', 'Sarmiento']",2,,-32.978962429421,-60.646343767061,55.0,538.0,Municipio Rosario,Municipio,Rosario,820210,Servicio de Catastro e Información Territorial,IGN
2020,2286,2020-03-12,Jueves,,20:50:00,,0.0,2,"Peatón,Moto/Ciclomotor",Alzugaray Y San Martin,2,1,0,0,1,0,0,"-33.013050360811,-60.651443046722",Avenida,,ROSARIO,Rosario,Asfalto,No existe,II,Dentro,Urbana,Semáforo,Funciona,Intersección,Bueno,Buena,Diurna,Buen Tiempo,S/D,Peatón,Atropello,Ninguna,"Horizontal,Vertical",Línea divisoria pintada,Sin restricción,"-33.013050360811,-60.651443046722","['Alzugaray', 'San Martin']",2,,-33.013050360811,-60.651443046722,55.0,538.0,Municipio Rosario,Municipio,Rosario,820210,Servicio de Catastro e Información Territorial,IGN
2020,2288,2020-03-14,Sabado,,19:40:00,,0.0,2,"Moto/Ciclomotor,Pickup/Utilitario",Centenario Y Laprida,3,2,0,0,1,0,0,"-33.004170721876,-60.646916087475",Calle,,ROSARIO,Rosario,Asfalto,No existe,II,Dentro,Urbana,Ninguna,No existe,Intersección,Bueno,Buena,Diurna,Buen Tiempo,Frontal,S/D,Colisión,Ninguna,Faltante,Ninguna,Sin restricción,"-33.004170721876,-60.646916087475","['Centenario', 'Laprida']",2,,-33.004170721876,-60.646916087475,55.0,538.0,Municipio Rosario,Municipio,Rosario,820210,Servicio de Catastro e Información Territorial,IGN
2020,2293,2020-03-20,Viernes,,09:35:00,,0.0,2,"Automóvil,Automóvil",Ameghino Y Pte.Roca,2,1,0,0,1,0,0,"-32.985859160235,-60.655363047213",Calle,,ROSARIO,Rosario,Asfalto,No existe,II,Dentro,Urbana,Ninguna,No existe,Intersección,Bueno,Buena,Diurna,Buen Tiempo,Lateral,S/D,Colisión,Ninguna,Faltante,Ninguna,Sin restricción,"-32.985859160235,-60.655363047213","['Ameghino', 'Roca']",2,,-32.985859160235,-60.655363047213,55.0,538.0,Municipio Rosario,Municipio,Rosario,820210,Servicio de Catastro e Información Territorial,IGN
2020,2306,2020-05-18,Lunes,,12:00:00,,0.0,2,"Moto/Ciclomotor,Automóvil",Dorrego Y Pje. Patria,3,2,0,0,1,0,0,"-32.99979, -60.66067",Calle,,ROSARIO,Rosario,Asfalto,No existe,II,Dentro,Urbana,Señal Pare,No existe,Intersección,Bueno,Buena,Diurna,Buen Tiempo,S/D,S/D,Colisión,Ninguna,Faltante,Ninguna,Sin restricción,"-32.99979, -60.66067","['Dorrego', 'Patria']",2,,-32.99979,-60.66067,55.0,538.0,Municipio Rosario,Municipio,Rosario,820210,Servicio de Catastro e Información Territorial,IGN
2020,2308,2020-05-18,Lunes,,12:25:00,,0.0,2,"Taxi/Remis,Automóvil",Bv. Oroño 4300,3,1,0,0,1,0,1,"-32.98421, -60.66342",Avenida,,ROSARIO,Rosario,Asfalto,No existe,II,Dentro,Urbana,Ninguna,No existe,Recta,Bueno,Buena,Diurna,Buen Tiempo,Lateral,S/D,Colisión,Ninguna,Faltante,Cordón divisorio,Sin restricción,"-32.98421, -60.66342",['Nicasio Oroñoño 4300'],1,,-32.98421,-60.66342,55.0,538.0,Municipio Rosario,Municipio,Rosario,820210,Servicio de Catastro e Información Territorial,IGN
2020,2310,2020-05-18,Lunes,,11:05:00,,0.0,2,"Moto/Ciclomotor,Taxi/Remis",Mitre Y Ocampo,3,1,0,0,2,0,0,"-32.9662, -60.64459",Calle,,ROSARIO,Rosario,Asfalto,No existe,II,Dentro,Urbana,Señal Pare,No existe,Intersección,Bueno,Buena,Diurna,Buen Tiempo,Lateral,S/D,Colisión,Ninguna,Vertical,S/D,Sin restricción,"-32.9662, -60.64459","['Mitre', 'Ocampo']",2,,-32.9662,-60.64459,55.0,538.0,Municipio Rosario,Municipio,Rosario,820210,Servicio de Catastro e Información Territorial,IGN
2020,2312,2020-05-18,Lunes,,15:30:00,,0.0,2,"Moto/Ciclomotor,Automóvil",Ituzaingo Y Paraguay,2,1,0,0,1,0,0,"-32.95976, -60.64731",Calle,,ROSARIO,Rosario,Asfalto,No existe,II,Dentro,Urbana,Ninguna,No existe,Intersección,Bueno,Buena,Diurna,Buen Tiempo,Lateral,S/D,Colisión,Ninguna,Faltante,Ninguna,Sin restricción,"-32.95976, -60.64731","['Ituzaingó', 'Paraguay']",2,,-32.95976,-60.64731,55.0,538.0,Municipio Rosario,Municipio,Rosario,820210,Servicio de Catastro e Información Territorial,IGN
2020,2321,2020-03-10,Martes,,19:50:00,,0.0,2,"Peatón,Moto/Ciclomotor",Bv. Avellaneda Y Pte.Quintana,3,3,0,0,0,0,0,"-32.975189972941,-60.688115683409",Avenida,,ROSARIO,Rosario,Asfalto,No existe,II,Dentro,Urbana,Ninguna,No existe,Intersección,Bueno,Buena,Diurna,Buen Tiempo,S/D,Peatón,Atropello,Ninguna,Faltante,Cordón divisorio,Sin restricción,"-32.975189972941,-60.688115683409","['Avellaneda', 'Quintana']",2,,-32.975189972941,-60.688115683409,55.0,538.0,Municipio Rosario,Municipio,Rosario,820210,Servicio de Catastro e Información Territorial,IGN
2020,2323,2020-03-12,Jueves,,02:30:00,,0.0,2,"Transporte de Pasajeros Urbano (> 8 asientos),Moto/Ciclomotor",Av. Eva Peron Y Av. Provincias Unidas,3,1,1,0,1,0,0,"-32.932922877526,-60.713067088929",Avenida,,ROSARIO,Rosario,Asfalto,No existe,II,Dentro,Urbana,Semáforo,Funciona,Intersección,Bueno,Buena,"Nocturna,Con luz artificial",Buen Tiempo,Lateral,S/D,Colisión,Ninguna,"Horizontal,Vertical","Cordón divisorio,Línea divisoria pintada",Sin restricción,"-32.932922877526,-60.713067088929","['Avenida Eva Perón', 'Avenida Provincias Unidas']",2,,-32.932922877526,-60.713067088929,55.0,538.0,Municipio Rosario,Municipio,Rosario,820210,Servicio de Catastro e Información Territorial,IGN
2020,2330,2020-03-29,Domingo,,21:20:00,,0.0,2,"Automóvil,Vehículo Oficial",Av. Francia Y Mendoza,2,2,0,0,0,0,0,"-32.946634422525,-60.666918701653",Avenida,,ROSARIO,Rosario,Asfalto,No existe,II,Dentro,Urbana,Semáforo,Funciona,Intersección,S/D,S/D,Nocturna,S/D,S/D,S/D,Colisión,S/D,"Horizontal,Vertical",Cordón divisorio,S/D,"-32.946634422525,-60.666918701653","['Avenida Francia', 'Mendoza']",2,,-32.946634422525,-60.666918701653,55.0,538.0,Municipio Rosario,Municipio,Rosario,820210,Servicio de Catastro e Información Territorial,IGN
2020,2336,2020-03-01,Domingo,,08:20:00,,0.0,2,"Automóvil,Bicicleta",Bv. Rondeau Y Martin Fierro,2,1,0,0,1,0,0,"-32.878041, -60.697304",Avenida,,ROSARIO,Rosario,Asfalto,No existe,II,Dentro,Urbana,Semáforo,Funciona,Intersección,Bueno,Buena,Diurna,Buen Tiempo,S/D,Peatón,Atropello,Ninguna,"Horizontal,Vertical","Cordón divisorio,Vegetación",Sin restricción,"-32.878041, -60.697304","['Rondeau', 'Martin Fierro']",2,,-32.878041,-60.697304,55.0,538.0,Municipio Rosario,Municipio,Rosario,820210,Servicio de Catastro e Información Territorial,IGN
2020,2337,2020-03-01,Domingo,,10:00:00,,0.0,2,"Automóvil,Automóvil",Bv. Avellaneda Y Ocampo,3,2,0,0,1,0,0,"-32.95909411361,-60.684284768591",Avenida,,ROSARIO,Rosario,Asfalto,No existe,II,Dentro,Urbana,Ninguna,No existe,Intersección,Bueno,Buena,Diurna,Buen Tiempo,Lateral,S/D,Colisión,Ninguna,Faltante,Cordón divisorio,Sin restricción,"-32.95909411361,-60.684284768591","['Avellaneda', 'Ocampo']",2,,-32.95909411361,-60.684284768591,55.0,538.0,Municipio Rosario,Municipio,Rosario,820210,Servicio de Catastro e Información Territorial,IGN
2020,2382,2020-04-28,Martes,,,,0.0,1,Transporte de Pasajeros Urbano (> 8 asientos),Pavon 5400,1,1,0,0,0,0,0,"    -32.99947, -60.63416",Calle,,ROSARIO,Rosario,S/D,No existe,II,Fuera,Urbana,S/D,S/D,Intersección,S/D,S/D,S/D,S/D,Contra objeto fijo,S/D,Colisión,S/D,S/D,S/D,S/D,"    -32.99947, -60.63416",['Pavon 5400'],1,,-32.99947,-60.63416,55.0,538.0,Municipio Rosario,Municipio,Rosario,820210,Servicio de Catastro e Información Territorial,IGN
2020,2391,2020-03-17,Martes,,18:00:00,,0.0,2,"Moto/Ciclomotor,Automóvil",Chacabuco Y Rueda,3,2,0,0,1,0,0,"-32.973786027858,-60.629000385329",Calle,,ROSARIO,Rosario,Asfalto,No existe,II,Dentro,Urbana,Ninguna,No existe,Intersección,S/D,S/D,Diurna,S/D,S/D,S/D,Colisión,S/D,Faltante,Ninguna,S/D,"-32.973786027858,-60.629000385329","['Chacabuco', 'Rueda']",2,,-32.973786027858,-60.629000385329,55.0,538.0,Municipio Rosario,Municipio,Rosario,820210,Servicio de Catastro e Información Territorial,IGN
2020,2403,2020-07-19,Domingo,,06:40:00,,0.0,2,"Moto/Ciclomotor,Moto/Ciclomotor",H Irigoyen Y Moreno,4,2,0,0,2,0,0,"-32.95883, -60.693",Calle,,ROSARIO,Rosario,Asfalto,No existe,II,Dentro,Urbana,Ninguna,No existe,Intersección,Bueno,Buena,Nocturna,Buen Tiempo,Lateral,S/D,Colisión,Ninguna,Faltante,Ninguna,Sin restricción,"-32.95883, -60.693","['Avenida Hipólito Irigoyen', 'Moreno']",2,,-32.95883,-60.693,55.0,538.0,Municipio Rosario,Municipio,Rosario,820210,Servicio de Catastro e Información Territorial,IGN
2020,2404,2020-05-01,Viernes,,21:15:00,,0.0,2,"Moto/Ciclomotor,Moto/Ciclomotor",Av. Circunvalacion ,3,2,0,0,1,0,0,"-32.94836, -60.72196",S/D,,ROSARIO,Rosario,S/D,S/D,II,S/D,S/D,S/D,S/D,S/D,S/D,S/D,S/D,S/D,S/D,S/D,S/D,S/D,S/D,S/D,S/D,"-32.94836, -60.72196",['Circunvalacion'],1,,-32.94836,-60.72196,55.0,538.0,Municipio Rosario,Municipio,Rosario,820210,Servicio de Catastro e Información Territorial,IGN
2020,2407,2020-05-06,Miercoles,,,,0.0,2,"Automóvil,Automóvil",Av. Circunvalacion Y Av. Uriburu,2,2,0,0,0,0,0,"-32.99236, -60.70276",S/D,,ROSARIO,Rosario,S/D,S/D,II,S/D,S/D,S/D,S/D,S/D,S/D,S/D,S/D,S/D,S/D,S/D,S/D,S/D,S/D,S/D,S/D,"-32.99236, -60.70276","['Circunvalacion', 'Uriburu']",2,,-32.99236,-60.70276,55.0,538.0,Municipio Rosario,Municipio,Rosario,820210,Servicio de Catastro e Información Territorial,IGN
2020,2510,2020-03-05,Jueves,,,,0.0,2,"Moto/Ciclomotor,Automóvil",Galvez Y Sarmiento,2,1,0,0,1,0,0,"-32.968748855594,-60.643769922977",Calle,,ROSARIO,Rosario,Asfalto,No existe,II,Dentro,Urbana,Señal Pare,No existe,Intersección,Bueno,S/D,S/D,S/D,Lateral,S/D,Colisión,Ninguna,Vertical,Ninguna,Sin restricción,"-32.968748855594,-60.643769922977","['Galvez', 'Sarmiento']",2,,-32.968748855594,-60.643769922977,55.0,538.0,Municipio Rosario,Municipio,Rosario,820210,Servicio de Catastro e Información Territorial,IGN
2020,2567,2020-05-18,Lunes,,10:55:00,,0.0,2,"Automóvil,Moto/Ciclomotor",Paraguay Y Salta,3,2,0,0,1,0,0,"-32.93845, -60.64195",Calle,,ROSARIO,Rosario,Hormigón,S/D,II,Dentro,Urbana,S/D,S/D,Intersección,S/D,S/D,Diurna,S/D,Lateral,S/D,Colisión,S/D,S/D,S/D,S/D,"-32.93845, -60.64195","['Paraguay', 'Salta']",2,,-32.93845,-60.64195,55.0,538.0,Municipio Rosario,Municipio,Rosario,820210,Servicio de Catastro e Información Territorial,IGN
2020,2568,2020-05-18,Lunes,,10:55:00,,0.0,2,"Automóvil,Moto/Ciclomotor",Gutenberg Y Rioja,3,2,0,0,1,0,0,"-32.93877, -60.68758",Calle,,ROSARIO,Rosario,"Asfalto,Hormigón",S/D,II,Dentro,Urbana,S/D,S/D,Intersección,S/D,S/D,Diurna,S/D,Lateral,S/D,Colisión,S/D,S/D,S/D,Sin restricción,"-32.93877, -60.68758","['Gutenberg', 'Rioja']",2,,-32.93877,-60.68758,55.0,538.0,Municipio Rosario,Municipio,Rosario,820210,Servicio de Catastro e Información Territorial,IGN
2020,2582,2020-05-19,Martes,,20:20:00,,0.0,2,"Camión Chasis,Bicicleta",San Martin 8100,2,1,0,0,1,0,0,"-33.02198, -60.65347",Avenida,,ROSARIO,Rosario,Asfalto,No existe,II,Dentro,Urbana,Ninguna,No existe,Recta,Bueno,Reducida humo,"Nocturna,Con luz artificial",Buen Tiempo,S/D,Ciclista,Atropello,Ninguna,Faltante,Línea divisoria pintada,Sin restricción,"-33.02198, -60.65347",['San Martin 8100'],1,,-33.02198,-60.65347,55.0,538.0,Municipio Rosario,Municipio,Rosario,820210,Servicio de Catastro e Información Territorial,IGN
2020,2583,2020-05-19,Martes,,16:30:00,,0.0,2,"Moto/Ciclomotor,Automóvil",E.Zeballos Y Vera Mujica,2,1,0,0,1,0,0,"-32.94985, -60.66908",Calle,,ROSARIO,Rosario,Asfalto,No existe,II,Dentro,Urbana,Ninguna,No existe,Intersección,Bueno,Buena,Diurna,Buen Tiempo,De alcance,S/D,Colisión,S/D,Faltante,Ninguna,Sin restricción,"-32.94985, -60.66908","['Zeballos', 'Vera Mujíca']",2,,-32.94985,-60.66908,55.0,538.0,Municipio Rosario,Municipio,Rosario,820210,Servicio de Catastro e Información Territorial,IGN
2020,2584,2020-05-19,Martes,,11:00:00,,0.0,2,"Bicicleta,Automóvil",Catamarca Y Vera Mujica,2,1,0,0,1,0,0,"-32.93547, -60.6654",Calle,,ROSARIO,Rosario,Asfalto,No existe,II,Dentro,Urbana,Ninguna,No existe,Curva,Bueno,Buena,Diurna,Buen Tiempo,S/D,Ciclista,Atropello,Ninguna,Faltante,Ninguna,Sin restricción,"-32.93547, -60.6654","['Catamarca', 'Vera Mujíca']",2,,-32.93547,-60.6654,55.0,538.0,Municipio Rosario,Municipio,Rosario,820210,Servicio de Catastro e Información Territorial,IGN