anio_acci,nro_acci,fecha,desc_dia,fecha_aprox,hora_aprox,desc_ruta,km,cant_participantes,desc_participante,calle_avenida_km,total,heridos_leves,heridos_graves,heridos_gravisimos,ilesos,fallecidos,sin_datos,posicion_XY,desc_tipo_via,desc_ruta_ori,desc_loc,desc_dpto,desc_tipo_calzada,desc_tipo_banquina,desc_unidad_regional,desc_lugar_calzada,desc_zona,desc_prioridad,desc_estado_semaforo,desc_lugar_via,desc_estado_via,desc_estado_visibilidad,desc_luminosidad,desc_estado_clima,desc_tipo_colision,desc_tipo_atropello,desc_tipo_hecho,desc_pres_calzada,desc_senializacion,desc_separacion_via,desc_restriccion,forma_geocod,calle_lista,numero_calles,calles_osm,lat,lon,index_right,gid,fna,gna,nam,in1,fdc,sag
2020,2585,2020-05-19,Martes,,19:15:00,,0.0,2,"Bicicleta,Automóvil",Buenos Aires Y Pje. Alfonsina Storni,2,1,0,0,1,0,0,"-32.95996, -60.6359",Calle,,ROSARIO,Rosario,Asfalto,No existe,II,Dentro,Urbana,Ninguna,No existe,Intersección,Bueno,Buena,"Atardecer,Con luz artificial",Buen Tiempo,S/D,Ciclista,Atropello,Ninguna,Faltante,Línea divisoria pintada,Sin restricción,"-32.95996, -60.6359","['Buenos Aires', 'Alfonsina Storni']",2,,-32.95996,-60.6359,55.0,538.0,Municipio Rosario,Municipio,Rosario,820210,Servicio de Catastro e Información Territorial,IGN
2020,2586,2020-05-19,Martes,,13:15:00,,0.0,2,"Automóvil,Moto/Ciclomotor",Catamarca 2159,2,1,0,0,1,0,0,"-32.93801, -60.65133",Calle,,ROSARIO,Rosario,Asfalto,S/D,II,Dentro,Urbana,Marca Vial,No existe,Recta,Bueno,Buena,Diurna,S/D,S/D,S/D,Colisión,S/D,Faltante,S/D,S/D,"-32.93801, -60.65133",['Catamarca 2159'],1,,-32.93801,-60.65133,55.0,538.0,Municipio Rosario,Municipio,Rosario,820210,Servicio de Catastro e Información Territorial,IGN
2020,2605,2020-07-15,Miercoles,,12:50:00,,0.0,2,"Moto/Ciclomotor,Automóvil",Cordoba Y J.M.de Rosas,2,0,1,0,1,0,0,"-32.94785, -60.63125",Calle,,ROSARIO,Rosario,Asfalto,No existe,II,Dentro,Urbana,Ninguna,Funciona,Intersección,Bueno,Buena,Diurna,Buen Tiempo,Lateral,S/D,Colisión,Ninguna,"Horizontal,Vertical",Ninguna,Sin restricción,"-32.94785, -60.63125","['Córdoba', 'De Rosas']",2,,-32.94785,-60.63125,55.0,538.0,Municipio Rosario,Municipio,Rosario,820210,Servicio de Catastro e Información Territorial,IGN
2020,2607,2020-07-16,Jueves,,19:50:00,,0.0,2,"Bicicleta,Automóvil",J.J.Paso Y Bv. Wilde,2,0,1,0,1,0,0,"-32.92097, -60.73921",Calle,,ROSARIO,Rosario,Asfalto,No existe,II,Dentro,Urbana,Ninguna,No existe,Intersección,Bueno,Buena,Nocturna,Buen Tiempo,S/D,Ciclista,Atropello,Ninguna,Faltante,Ninguna,Sin restricción,"-32.92097, -60.73921","['Paso', 'Bulevar Wilde']",2,,-32.92097,-60.73921,55.0,538.0,Municipio Rosario,Municipio,Rosario,820210,Servicio de Catastro e Información Territorial,IGN
2020,2612,2020-07-11,Sabado,,17:10:00,,0.0,2,"Moto/Ciclomotor,Automóvil",Muniagurria Y Benegas,2,0,1,0,1,0,0,"-32.93097, -60.73326",Calle,,ROSARIO,Rosario,Asfalto,No existe,II,Dentro,Urbana,Ninguna,No existe,Intersección,Bueno,Buena,Diurna,Buen Tiempo,Lateral,S/D,Colisión,Ninguna,Faltante,Ninguna,Sin restricción,"-32.93097, -60.73326","['Muniagurría', 'Benegas']",2,,-32.93097,-60.73326,55.0,538.0,Municipio Rosario,Municipio,Rosario,820210,Servicio de Catastro e Información Territorial,IGN
2020,2614,2020-07-11,Sabado,,08:10:00,,0.0,2,"Moto/Ciclomotor,Pickup/Utilitario",Av. Genova Y Olmos Bis,3,2,0,0,1,0,0,"-32.91687, -60.74436",Calle,,ROSARIO,Rosario,Asfalto,No existe,II,Dentro,Urbana,Ninguna,No existe,Intersección,Bueno,Buena,Diurna,Buen Tiempo,Lateral,S/D,Colisión,Ninguna,Faltante,Ninguna,Sin restricción,"-32.91687, -60.74436","['Genova', 'Los Olmos']",2,,-32.91687,-60.74436,55.0,538.0,Municipio Rosario,Municipio,Rosario,820210,Servicio de Catastro e Información Territorial,IGN
2020,2618,2020-07-12,Domingo,,23:50:00,,0.0,2,"Moto/Ciclomotor,Moto/Ciclomotor",Junin Y Larrea,3,2,1,0,0,0,0,"-32.9272, -60.6978",Calle,,ROSARIO,Rosario,S/D,No existe,II,S/D,Urbana,Ninguna,No existe,Intersección,S/D,Reducida,Nocturna,S/D,Lateral,S/D,Colisión,S/D,S/D,Ninguna,Sin restricción,"-32.9272, -60.6978","['Junín', 'Larrea']",2,,-32.9272,-60.6978,55.0,538.0,Municipio Rosario,Municipio,Rosario,820210,Servicio de Catastro e Información Territorial,IGN
2020,2620,2020-07-10,Viernes,,19:10:00,,0.0,2,"Automóvil,Moto/Ciclomotor",Gorriti Y Barra,3,2,0,0,1,0,0,"-32.92423, -60.70749",Calle,,ROSARIO,Rosario,Asfalto,No existe,II,S/D,Urbana,Ninguna,No existe,Intersección,Bueno,Buena,Atardecer,S/D,Lateral,S/D,Colisión,S/D,Faltante,Ninguna,Sin restricción,"-32.92423, -60.70749","['Gorriti', 'Barra']",2,,-32.92423,-60.70749,55.0,538.0,Municipio Rosario,Municipio,Rosario,820210,Servicio de Catastro e Información Territorial,IGN
2020,2624,2020-07-16,Jueves,,16:00:00,,0.0,2,"Automóvil,Moto/Ciclomotor",Larrea Y Tucuman,2,1,0,0,1,0,0,"-32.93218, -60.69757",Calle,,ROSARIO,Rosario,Asfalto,No existe,II,Dentro,Urbana,Ninguna,No existe,Recta,S/D,S/D,Diurna,S/D,De alcance,S/D,Colisión,S/D,Faltante,Ninguna,Sin restricción,"-32.93218, -60.69757","['Larrea', 'Tucumán']",2,,-32.93218,-60.69757,55.0,538.0,Municipio Rosario,Municipio,Rosario,820210,Servicio de Catastro e Información Territorial,IGN
2020,2627,2020-07-16,Jueves,,14:45:00,,0.0,2,"Moto/Ciclomotor,Automóvil",Av. Provincias Unidas Y French,4,1,2,0,1,0,0,"-32.92181, -60.7135",Calle,,ROSARIO,Rosario,Asfalto,No existe,II,S/D,Urbana,Ninguna,No existe,Intersección,Bueno,Buena,Diurna,S/D,Lateral,S/D,Colisión,S/D,Faltante,Guardarrail,Sin restricción,"-32.92181, -60.7135","['Avenida Provincias Unidas', 'French']",2,,-32.92181,-60.7135,55.0,538.0,Municipio Rosario,Municipio,Rosario,820210,Servicio de Catastro e Información Territorial,IGN
2020,2633,2020-07-12,Domingo,,16:20:00,,0.0,2,"Moto/Ciclomotor,Automóvil",Av. Provincias Unidas Y J.J.Paso,4,3,0,0,0,0,1,"-32.92052, -60.71355",Avenida,,ROSARIO,Rosario,Asfalto,No existe,II,Dentro,Urbana,Ninguna,No existe,Rotonda,Bueno,Buena,Diurna,Buen Tiempo,Otro,S/D,Colisión,Ninguna,S/D,Ninguna,Sin restricción,"-32.92052, -60.71355","['Avenida Provincias Unidas', 'Paso']",2,,-32.92052,-60.71355,55.0,538.0,Municipio Rosario,Municipio,Rosario,820210,Servicio de Catastro e Información Territorial,IGN
2020,2637,2020-07-11,Sabado,,12:00:00,,0.0,2,"Bicicleta,Automóvil",Bv. Wilde 800,2,0,1,0,1,0,0,"-32.93766, -60.73866",Calle,,ROSARIO,Rosario,Asfalto,No existe,II,Dentro,Urbana,S/D,No existe,Recta,Bueno,Buena,Diurna,Buen Tiempo,S/D,Ciclista,Atropello,Ninguna,S/D,S/D,Sin restricción,"-32.93766, -60.73866",['Wilde 800'],1,,-32.93766,-60.73866,55.0,538.0,Municipio Rosario,Municipio,Rosario,820210,Servicio de Catastro e Información Territorial,IGN
2020,2639,2020-07-10,Viernes,,19:40:00,,0.0,2,"Automóvil,Moto/Ciclomotor",Ituzaingo Y San Nicolas,2,0,1,0,1,0,0,"-32.95461, -60.67595",Calle,,ROSARIO,Rosario,S/D,Pavimento,II,Dentro,Urbana,Señal Pare,No existe,Otro,Bueno,S/D,Con luz artificial,Buen Tiempo,Otro,S/D,Colisión,S/D,"Horizontal,Vertical",Ninguna,Sin restricción,"-32.95461, -60.67595","['Ituzaingó', 'San Nicolás']",2,,-32.95461,-60.67595,55.0,538.0,Municipio Rosario,Municipio,Rosario,820210,Servicio de Catastro e Información Territorial,IGN
2020,2647,2020-07-13,Lunes,,17:15:00,,0.0,2,"Moto/Ciclomotor,Automóvil",Bv. 27 De Febrero Y Barra,2,0,1,0,1,0,0,"-32.95915, -60.70604",Calle,,ROSARIO,Rosario,Asfalto,Pavimento,II,Dentro,Urbana,Semáforo,Funciona,Intersección,Otro,Reducida,Atardecer,Otro,Otro,S/D,Colisión,Otro,Horizontal,"Cordón divisorio,Vegetación,Línea divisoria pintada",Sin restricción,"-32.95915, -60.70604","['27 de Febrero', 'Barra']",2,,-32.95915,-60.70604,55.0,538.0,Municipio Rosario,Municipio,Rosario,820210,Servicio de Catastro e Información Territorial,IGN
2020,2648,2020-07-13,Lunes,,18:50:00,,0.0,2,"Automóvil,Moto/Ciclomotor",Matienzo Y Garay,3,2,1,0,0,0,0,"-32.9658, -60.6937",Calle,,ROSARIO,Rosario,Asfalto,Pavimento,II,Dentro,Urbana,Ninguna,No existe,Intersección,Otro,Reducida,Atardecer,Otro,Otro,S/D,Colisión,Otro,Faltante,"Cordón divisorio,Vegetación",Sin restricción,"-32.9658, -60.6937","['Matienzo', 'Garay']",2,,-32.9658,-60.6937,55.0,538.0,Municipio Rosario,Municipio,Rosario,820210,Servicio de Catastro e Información Territorial,IGN
2020,2650,2020-07-14,Martes,,12:00:00,,0.0,2,"Moto/Ciclomotor,Automóvil",Rio De Janeiro Y Av. Pte.Peron,4,3,0,0,1,0,0,"-32.95784, -60.68533",Avenida,,ROSARIO,Rosario,Asfalto,Pavimento,II,Dentro,Urbana,Ninguna,No existe,Intersección,Bueno,Buena,Diurna,Otro,Otro,S/D,Colisión,Otro,Faltante,"Cordón divisorio,Vegetación,Línea divisoria pintada",Sin restricción,"-32.95784, -60.68533","['Río de Janeiro', 'Avenida Presidente Perón']",2,,-32.95784,-60.68533,55.0,538.0,Municipio Rosario,Municipio,Rosario,820210,Servicio de Catastro e Información Territorial,IGN
2020,2653,2020-07-14,Martes,,17:00:00,,0.0,1,Moto/Ciclomotor,Av. Pte.Peron Y Valparaiso,2,2,0,0,0,0,0,"-32.95802, -60.68678",Avenida,,ROSARIO,Rosario,Asfalto,Pavimento,II,Dentro,Urbana,Ninguna,No existe,Recta,Bueno,Buena,Diurna,Otro,Otro,S/D,Cañda ocupante,Otro,Faltante,"Cordón divisorio,Línea divisoria pintada",Sin restricción,"-32.95802, -60.68678","['Avenida Presidente Perón', 'Valparaíso']",2,,-32.95802,-60.68678,55.0,538.0,Municipio Rosario,Municipio,Rosario,820210,Servicio de Catastro e Información Territorial,IGN
2020,2654,2020-07-15,Miercoles,,20:30:00,,0.0,2,"Peatón,Moto/Ciclomotor",Pje. Principe De Gales Y Virasoro,3,1,0,0,0,0,2,"-32.96483, -60.67238",Calle,,ROSARIO,Rosario,Asfalto,Pavimento,II,S/D,Urbana,Ninguna,No existe,Intersección,Otro,Buena,Diurna,Otro,S/D,Peatón,Atropello,Otro,Faltante,"Cordón divisorio,Vegetación",Sin restricción,"-32.96483, -60.67238","['Príncipe de Gales', 'Virasoro']",2,,-32.96483,-60.67238,55.0,538.0,Municipio Rosario,Municipio,Rosario,820210,Servicio de Catastro e Información Territorial,IGN
2020,2655,2020-07-13,Lunes,,17:30:00,,0.0,2,"Moto/Ciclomotor,Automóvil",Camilo Aldao Y Godoy Cruz,2,1,0,0,1,0,0,"-32.95896, -60.69526",Avenida,,ROSARIO,Rosario,Asfalto,Pavimento,II,Dentro,Urbana,Ninguna,No existe,Intersección,Otro,Buena,Atardecer,Otro,Otro,S/D,Colisión,Otro,Faltante,"Cordón divisorio,Vegetación",Sin restricción,"-32.95896, -60.69526","['Camilo Aldao', 'Avenida Presidente Perón']",2,,-32.95896,-60.69526,55.0,538.0,Municipio Rosario,Municipio,Rosario,820210,Servicio de Catastro e Información Territorial,IGN
2020,2658,2020-07-12,Domingo,,15:15:00,,0.0,2,"Moto/Ciclomotor,Taxi/Remis",Av. Arijon Y Callao,4,2,0,0,2,0,0,"-33.00371, -60.6713",Calle,,ROSARIO,Rosario,Asfalto,No existe,II,Dentro,Urbana,Ninguna,No existe,Recta,Bueno,Buena,Diurna,Buen Tiempo,Otro,S/D,Colisión,Ninguna,Faltante,Ninguna,Sin restricción,"-33.00371, -60.6713","['Avenida Manuel Arijón', 'Callao']",2,,-33.00371,-60.6713,55.0,538.0,Municipio Rosario,Municipio,Rosario,820210,Servicio de Catastro e Información Territorial,IGN
2020,2662,2020-07-16,Jueves,,18:30:00,,0.0,2,"Automóvil,Moto/Ciclomotor",Av. Uriburu Y Santiago,2,1,0,0,0,0,1,"-32.99142, -60.66826",Calle,,ROSARIO,Rosario,Asfalto,No existe,II,Dentro,Urbana,Ninguna,No existe,Recta,Bueno,Buena,Atardecer,Buen Tiempo,S/D,S/D,Colisión,Ninguna,Faltante,Ninguna,Sin restricción,"-32.99142, -60.66826","['Uriburu', 'Santiago']",2,,-32.99142,-60.66826,55.0,538.0,Municipio Rosario,Municipio,Rosario,820210,Servicio de Catastro e Información Territorial,IGN
2020,2664,2020-07-12,Domingo,,17:00:00,,0.0,2,"Moto/Ciclomotor,Automóvil",Bv. Oroño Y J.M.Gutierrez,3,1,1,0,1,0,0,"-32.99453, -60.66548",Calle,,ROSARIO,Rosario,Asfalto,No existe,II,Dentro,Urbana,Ninguna,No existe,Recta,Bueno,Buena,Atardecer,Buen Tiempo,Otro,S/D,Colisión,Ninguna,Faltante,Cordón divisorio,Sin restricción,"-32.99453, -60.66548","['Bulevar Nicasio Oroño', 'Gutierrez']",2,,-32.99453,-60.66548,55.0,538.0,Municipio Rosario,Municipio,Rosario,820210,Servicio de Catastro e Información Territorial,IGN
2020,2668,2020-07-16,Jueves,,19:45:00,,0.0,2,"Peatón,Automóvil",Mitre Y Rioja,3,1,0,0,2,0,0,"-32.9474, -60.63984",Calle,,ROSARIO,Rosario,Asfalto,S/D,II,S/D,Urbana,S/D,S/D,Intersección,S/D,S/D,Diurna,S/D,S/D,Peatón,Atropello,S/D,S/D,S/D,S/D,"-32.9474, -60.63984","['Mitre', 'Rioja']",2,,-32.9474,-60.63984,55.0,538.0,Municipio Rosario,Municipio,Rosario,820210,Servicio de Catastro e Información Territorial,IGN
2020,2671,2020-07-13,Lunes,,10:50:00,,0.0,2,"Automóvil,Moto/Ciclomotor",España Y Santa Fe,2,1,0,0,1,0,0,"-32.9436, -60.64616",Calle,,ROSARIO,Rosario,S/D,S/D,II,S/D,Urbana,Semáforo,S/D,Intersección,S/D,S/D,Diurna,S/D,S/D,S/D,Colisión,S/D,S/D,S/D,S/D,"-32.9436, -60.64616","['España', 'Santa Fe']",2,,-32.9436,-60.64616,55.0,538.0,Municipio Rosario,Municipio,Rosario,820210,Servicio de Catastro e Información Territorial,IGN
2020,2674,2020-07-15,Miercoles,,09:00:00,,0.0,2,"Moto/Ciclomotor,Automóvil",9 De Julio Y Lavalle,2,1,0,0,1,0,0,"-32.94675, -60.67965",Calle,,ROSARIO,Rosario,Asfalto,S/D,II,S/D,Urbana,S/D,S/D,Intersección,S/D,Buena,Diurna,Buen Tiempo,S/D,S/D,Colisión,S/D,S/D,S/D,S/D,"-32.94675, -60.67965","['9 de Julio', 'Lavalle']",2,,-32.94675,-60.67965,55.0,538.0,Municipio Rosario,Municipio,Rosario,820210,Servicio de Catastro e Información Territorial,IGN
2020,2676,2020-07-10,Viernes,,08:15:00,,0.0,2,"Automóvil,Moto/Ciclomotor",Montevideo Y Servando Bayo,3,2,0,0,1,0,0,"-32.94783, -60.68704",Calle,,ROSARIO,Rosario,Asfalto,S/D,II,S/D,Urbana,S/D,S/D,Intersección,S/D,S/D,S/D,S/D,S/D,S/D,Colisión,S/D,S/D,S/D,S/D,"-32.94783, -60.68704","['Montevideo', 'Servando Bayo']",2,,-32.94783,-60.68704,55.0,538.0,Municipio Rosario,Municipio,Rosario,820210,Servicio de Catastro e Información Territorial,IGN
2020,2679,2020-07-16,Jueves,,18:05:00,,0.0,2,"Moto/Ciclomotor,Moto/Ciclomotor",San Juan Y Valparaiso,2,1,1,0,0,0,0,"-32.94233, -60.68282",Calle,,ROSARIO,Rosario,Asfalto,S/D,II,S/D,Urbana,S/D,S/D,Intersección,S/D,S/D,"Atardecer,Con luz artificial",S/D,S/D,S/D,Colisión,S/D,S/D,S/D,S/D,"-32.94233, -60.68282","['San Juan', 'Valparaíso']",2,,-32.94233,-60.68282,55.0,538.0,Municipio Rosario,Municipio,Rosario,820210,Servicio de Catastro e Información Territorial,IGN
2020,2680,2020-07-16,Jueves,,09:50:00,,0.0,3,"Automóvil,Moto/Ciclomotor,Automóvil",Balcarce Y Urquiza,3,1,0,0,2,0,0,"-32.94049, -60.65108",Calle,,ROSARIO,Rosario,Asfalto,S/D,II,S/D,Urbana,S/D,S/D,Intersección,S/D,Buena,Diurna,S/D,Múltiple,S/D,Colisión,S/D,S/D,S/D,S/D,"-32.94049, -60.65108","['Balcarce', 'Urquiza']",2,,-32.94049,-60.65108,55.0,538.0,Municipio Rosario,Municipio,Rosario,820210,Servicio de Catastro e Información Territorial,IGN
2020,2684,2020-07-11,Sabado,,08:20:00,,0.0,2,"Taxi/Remis,Taxi/Remis",Mariano Moreno Y Rioja,3,1,0,0,2,0,0,"-32.94538, -60.65085",Calle,,ROSARIO,Rosario,Asfalto,S/D,II,S/D,Urbana,S/D,S/D,Intersección,S/D,S/D,Diurna,S/D,S/D,S/D,Colisión,S/D,S/D,S/D,S/D,"-32.94538, -60.65085","['Mariano Moreno', 'Rioja']",2,,-32.94538,-60.65085,55.0,538.0,Municipio Rosario,Municipio,Rosario,820210,Servicio de Catastro e Información Territorial,IGN
2020,2686,2020-07-13,Lunes,,12:25:00,,0.0,2,"Moto/Ciclomotor,Automóvil",Av. Ovidio Lagos Y Tucuman,2,1,0,0,1,0,0,"-32.9376, -60.66023",Calle,,ROSARIO,Rosario,Asfalto,S/D,II,S/D,Urbana,Semáforo,Funciona,Intersección,S/D,S/D,Diurna,S/D,S/D,S/D,Colisión,S/D,Vertical,S/D,S/D,"-32.9376, -60.66023","['Avenida Ovidio Lagos', 'Tucumán']",2,,-32.9376,-60.66023,55.0,538.0,Municipio Rosario,Municipio,Rosario,820210,Servicio de Catastro e Información Territorial,IGN
2020,2690,2020-07-11,Sabado,,23:35:00,,0.0,2,"Automóvil,Moto/Ciclomotor",9 De Julio Y Santiago,2,1,0,0,1,0,0,"-32.95065, -60.65786",Calle,,ROSARIO,Rosario,Asfalto,S/D,II,S/D,Urbana,S/D,S/D,Intersección,S/D,S/D,"Nocturna,Con luz artificial",S/D,S/D,S/D,Colisión,S/D,S/D,S/D,S/D,"-32.95065, -60.65786","['9 de Julio', 'Santiago']",2,,-32.95065,-60.65786,55.0,538.0,Municipio Rosario,Municipio,Rosario,820210,Servicio de Catastro e Información Territorial,IGN
2020,2692,2020-07-11,Sabado,,20:20:00,,0.0,2,"Bicicleta,Automóvil",Alvear Y Urquiza,2,1,0,0,1,0,0,"-32.93999, -60.65376",Calle,,ROSARIO,Rosario,Asfalto,S/D,II,S/D,Urbana,S/D,S/D,Intersección,S/D,S/D,"Nocturna,Con luz artificial",S/D,S/D,Ciclista,Atropello,S/D,S/D,S/D,S/D,"-32.93999, -60.65376","['Alvear', 'Urquiza']",2,,-32.93999,-60.65376,55.0,538.0,Municipio Rosario,Municipio,Rosario,820210,Servicio de Catastro e Información Territorial,IGN
2020,2732,2020-05-20,Miercoles,,13:10:00,,0.0,2,"Moto/Ciclomotor,Automóvil",Cerrito Y Alsina,2,1,0,0,1,0,0,"-32.95504, -60.68033",Calle,,ROSARIO,Rosario,Asfalto,No existe,II,S/D,Urbana,S/D,No existe,Intersección,Bueno,Buena,Diurna,S/D,S/D,S/D,Colisión,S/D,Faltante,S/D,S/D,"-32.95504, -60.68033","['Cerrito', 'Alsina']",2,,-32.95504,-60.68033,55.0,538.0,Municipio Rosario,Municipio,Rosario,820210,Servicio de Catastro e Información Territorial,IGN
2020,2734,2020-05-20,Miercoles,,09:00:00,,0.0,3,"Moto/Ciclomotor,Pickup/Utilitario,Pickup/Utilitario",Av. Uriburu Y Italia,3,1,0,0,2,0,0,"-32.99102, -60.65955",Calle,,ROSARIO,Rosario,Asfalto,No existe,II,Dentro,Urbana,Ninguna,Funciona,Intersección,Bueno,Buena,Diurna,Buen Tiempo,Múltiple,S/D,Colisión,Ninguna,Vertical,Cordón divisorio,Sin restricción,"-32.99102, -60.65955","['Uriburu', 'Italia']",2,,-32.99102,-60.65955,55.0,538.0,Municipio Rosario,Municipio,Rosario,820210,Servicio de Catastro e Información Territorial,IGN
2020,2735,2020-05-20,Miercoles,,14:15:00,,0.0,2,"Taxi/Remis,Automóvil",San Juan Y Av. Francia,2,1,0,0,1,0,0,"-32.94529, -60.66643",Calle,,ROSARIO,Rosario,Asfalto,No existe,II,Dentro,Urbana,Semáforo,Funciona,Intersección,Bueno,Buena,Diurna,Buen Tiempo,De alcance,S/D,Colisión,S/D,Faltante,Ninguna,Sin restricción,"-32.94529, -60.66643","['San Juan', 'Avenida Francia']",2,,-32.94529,-60.66643,55.0,538.0,Municipio Rosario,Municipio,Rosario,820210,Servicio de Catastro e Información Territorial,IGN
2020,2736,2020-05-20,Miercoles,,09:45:00,,0.0,2,"Moto/Ciclomotor,Taxi/Remis",Necochea Y Galvez,2,1,0,0,1,0,0," -32.97128, -60.62975",Calle,,ROSARIO,Rosario,Asfalto,No existe,II,Dentro,Urbana,Ninguna,No existe,Intersección,S/D,Buena,Diurna,Buen Tiempo,Lateral,S/D,Colisión,S/D,Faltante,Ninguna,Sin restricción," -32.97128, -60.62975","['Necochea', 'Galvez']",2,,-32.97128,-60.62975,55.0,538.0,Municipio Rosario,Municipio,Rosario,820210,Servicio de Catastro e Información Territorial,IGN
2020,2765,2020-05-21,Jueves,,12:55:00,,0.0,2,"Moto/Ciclomotor,Automóvil",Gaboto 2700,2,1,0,0,1,0,0,"-32.9694, -60.66688",Calle,,ROSARIO,Rosario,Asfalto,No existe,II,Dentro,Urbana,S/D,S/D,Intersección,Bueno,S/D,Diurna,S/D,S/D,S/D,Colisión,S/D,S/D,S/D,S/D,"-32.9694, -60.66688",['Gaboto 2700'],1,,-32.9694,-60.66688,55.0,538.0,Municipio Rosario,Municipio,Rosario,820210,Servicio de Catastro e Información Territorial,IGN
2020,2767,2020-05-21,Jueves,,10:30:00,,0.0,2,"Automóvil,Automóvil",Italia Y Biedma,2,1,0,0,1,0,0,"-32.97964, -60.65666",Calle,,ROSARIO,Rosario,Asfalto,No existe,II,Dentro,Urbana,Ninguna,No existe,Intersección,Bueno,Buena,Diurna,Buen Tiempo,Lateral,S/D,Colisión,Ninguna,Faltante,Ninguna,Sin restricción,"-32.97964, -60.65666","['Italia', 'Coronel Biedma']",2,,-32.97964,-60.65666,55.0,538.0,Municipio Rosario,Municipio,Rosario,820210,Servicio de Catastro e Información Territorial,IGN
2020,2769,2020-05-21,Jueves,,15:55:00,,0.0,2,"Moto/Ciclomotor,Automóvil",Ayacucho 5500,2,1,0,0,1,0,0,"-33.00059, -60.63621",Calle,,ROSARIO,Rosario,Asfalto,No existe,II,Dentro,Urbana,Ninguna,S/D,Intersección,Bueno,Buena,Diurna,Buen Tiempo,Lateral,S/D,Colisión,S/D,Faltante,Ninguna,Sin restricción,"-33.00059, -60.63621",['Ayacucho 5500'],1,,-33.00059,-60.63621,55.0,538.0,Municipio Rosario,Municipio,Rosario,820210,Servicio de Catastro e Información Territorial,IGN
2020,2813,2020-05-23,Sabado,,17:15:00,,0.0,2,"Pickup/Utilitario,Moto/Ciclomotor",Av. Ovidio Lagos Y Las Flores,3,2,0,0,1,0,0,"-33.00018, -60.67544",Calle,,ROSARIO,Rosario,Asfalto,No existe,II,Dentro,Urbana,Ninguna,No existe,Intersección,Bueno,Buena,Diurna,Buen Tiempo,S/D,S/D,Colisión,Ninguna,Faltante,Ninguna,Sin restricción,"-33.00018, -60.67544","['Avenida Ovidio Lagos', 'Las Flores']",2,,-33.00018,-60.67544,55.0,538.0,Municipio Rosario,Municipio,Rosario,820210,Servicio de Catastro e Información Territorial,IGN
2020,2814,2020-05-23,Sabado,,13:20:00,,0.0,2,"Moto/Ciclomotor,Automóvil",Dean Funes Y L.N.Alem,2,1,0,0,1,0,0,"-32.97739, -60.63569",Calle,,ROSARIO,Rosario,Asfalto,No existe,II,Dentro,Urbana,Ninguna,No existe,Intersección,Bueno,Buena,Diurna,Buen Tiempo,Lateral,S/D,Colisión,Ninguna,Faltante,Ninguna,Sin restricción,"-32.97739, -60.63569","['Deán Gregorio Funes', 'Alem']",2,,-32.97739,-60.63569,55.0,538.0,Municipio Rosario,Municipio,Rosario,820210,Servicio de Catastro e Información Territorial,IGN
2020,2849,2020-06-09,Martes,,11:50:00,,0.0,2,"Bicicleta,Pickup/Utilitario",Iguazu Y Pje. Rossini,2,1,0,0,1,0,0,"-32.922947583168,-60.686572135516",Calle,,ROSARIO,Rosario,Asfalto,No existe,II,Dentro,Urbana,Señal Pare,No existe,Intersección,Bueno,Buena,Diurna,Buen Tiempo,S/D,Ciclista,Atropello,Ninguna,Vertical,Ninguna,Sin restricción,"-32.922947583168,-60.686572135516","['Iguazu', 'Rossini']",2,,-32.922947583168,-60.686572135516,55.0,538.0,Municipio Rosario,Municipio,Rosario,820210,Servicio de Catastro e Información Territorial,IGN
2020,2850,2020-06-09,Martes,,08:00:00,,0.0,2,"Automóvil,Automóvil",Av. Alberdi Bis Y J.J.Paso,2,1,0,0,1,0,0,"-32.919331056176,-60.682448995841",Avenida,,ROSARIO,Rosario,Asfalto,No existe,II,Dentro,Urbana,Semáforo,Funciona,Intersección,Bueno,Buena,Diurna,Buen Tiempo,De alcance,S/D,Colisión,Ninguna,"Horizontal,Vertical","Cordón divisorio,Línea divisoria pintada",Sin restricción,"-32.919331056176,-60.682448995841","['Alberdi', 'Paso']",2,,-32.919331056176,-60.682448995841,55.0,538.0,Municipio Rosario,Municipio,Rosario,820210,Servicio de Catastro e Información Territorial,IGN
2020,2852,2020-06-11,Jueves,,10:35:00,,0.0,2,"Moto/Ciclomotor,Automóvil",Av. Genova Y Marcos Lenzoni Bis,3,2,0,0,1,0,0,"-32.915112206067,-60.682889437623",Avenida,,ROSARIO,Rosario,Asfalto,No existe,II,Dentro,Urbana,Ninguna,No existe,Intersección,Bueno,Buena,Diurna,Buen Tiempo,S/D,S/D,Colisión,Ninguna,Faltante,Ninguna,Sin restricción,"-32.915112206067,-60.682889437623","['Genova', 'Marcos Lenzoni']",2,,-32.915112206067,-60.682889437623,55.0,538.0,Municipio Rosario,Municipio,Rosario,820210,Servicio de Catastro e Información Territorial,IGN
2020,2854,2020-06-17,Miercoles,,11:20:00,,0.0,2,"Moto/Ciclomotor,Automóvil",Av. Luis Carballo Y Bv. Avellaneda,3,2,0,0,1,0,0,"-32.921926129617,-60.674709727097",Avenida,,ROSARIO,Rosario,Asfalto,No existe,II,Dentro,Urbana,Ninguna,Funciona,Intersección,Bueno,Buena,Diurna,Buen Tiempo,S/D,S/D,Colisión,Ninguna,"Horizontal,Vertical","Cordón divisorio,Línea divisoria pintada",Sin restricción,"-32.921926129617,-60.674709727097","['Avenida Doctor Luis Cándido Carballo', 'Avellaneda']",2,,-32.921926129617,-60.674709727097,55.0,538.0,Municipio Rosario,Municipio,Rosario,820210,Servicio de Catastro e Información Territorial,IGN