anio_acci,nro_acci,fecha,desc_dia,fecha_aprox,hora_aprox,desc_ruta,km,cant_participantes,desc_participante,calle_avenida_km,total,heridos_leves,heridos_graves,heridos_gravisimos,ilesos,fallecidos,sin_datos,posicion_XY,desc_tipo_via,desc_ruta_ori,desc_loc,desc_dpto,desc_tipo_calzada,desc_tipo_banquina,desc_unidad_regional,desc_lugar_calzada,desc_zona,desc_prioridad,desc_estado_semaforo,desc_lugar_via,desc_estado_via,desc_estado_visibilidad,desc_luminosidad,desc_estado_clima,desc_tipo_colision,desc_tipo_atropello,desc_tipo_hecho,desc_pres_calzada,desc_senializacion,desc_separacion_via,desc_restriccion,forma_geocod,calle_lista,numero_calles,calles_osm,lat,lon,index_right,gid,fna,gna,nam,in1,fdc,sag
2020,2856,2020-06-18,Jueves,,18:20:00,,0.0,2,"Automóvil,Moto/Ciclomotor",Onesimo Leguizamon Y Reconquista,3,1,0,0,2,0,0,"-32.917891556567,-60.677725111667",Calle,,ROSARIO,Rosario,Asfalto,No existe,II,Dentro,Urbana,Ninguna,No existe,Intersección,Bueno,Buena,Diurna,Buen Tiempo,S/D,S/D,Colisión,Ninguna,Faltante,Ninguna,Sin restricción,"-32.917891556567,-60.677725111667","['Leguizamón', 'Reconquista']",2,,-32.917891556567,-60.677725111667,55.0,538.0,Municipio Rosario,Municipio,Rosario,820210,Servicio de Catastro e Información Territorial,IGN
2020,2857,2020-06-25,Jueves,,20:45:00,,0.0,2,"Pickup/Utilitario,Moto/Ciclomotor",Antelo Bis Y Jose Ingenieros,2,1,0,0,1,0,0,"-32.916301472405,-60.686679887858",Calle,,ROSARIO,Rosario,Asfalto,No existe,II,Dentro,Urbana,Ninguna,No existe,Intersección,Bueno,Buena,Diurna,Buen Tiempo,Lateral,S/D,Colisión,Ninguna,Vertical,Ninguna,Sin restricción,"-32.916301472405,-60.686679887858","['Antelo', 'José Ingenieros']",2,,-32.916301472405,-60.686679887858,55.0,538.0,Municipio Rosario,Municipio,Rosario,820210,Servicio de Catastro e Información Territorial,IGN
2020,2858,2020-06-29,Lunes,,13:20:00,,0.0,2,"Automóvil,Moto/Ciclomotor",Av. Alberdi Bis Y French,2,1,0,0,1,0,0,"-32.920874962518,-60.680996006792",Avenida,,ROSARIO,Rosario,Asfalto,No existe,II,Dentro,Urbana,Semáforo,Funciona,Intersección,Bueno,Buena,Diurna,Buen Tiempo,S/D,S/D,Colisión,Ninguna,"Horizontal,Vertical","Cordón divisorio,Línea divisoria pintada",Sin restricción,"-32.920874962518,-60.680996006792","['Alberdi', 'French']",2,,-32.920874962518,-60.680996006792,55.0,538.0,Municipio Rosario,Municipio,Rosario,820210,Servicio de Catastro e Información Territorial,IGN
2020,2861,2020-06-04,Jueves,,22:30:00,,0.0,2,"Moto/Ciclomotor,Automóvil",Albert Sabin Y Av. Genova,3,1,0,0,2,0,0,"-32.915367264375,-60.691911535957",Avenida,,ROSARIO,Rosario,Asfalto,No existe,II,Dentro,Urbana,Semáforo,Funciona,Intersección,Bueno,Buena,Diurna,Buen Tiempo,S/D,S/D,Colisión,Ninguna,"Horizontal,Vertical","Cordón divisorio,Vegetación,Línea divisoria pintada",Sin restricción,"-32.915367264375,-60.691911535957","['Avenida Travesía Albert Sabin', 'Genova']",2,,-32.915367264375,-60.691911535957,55.0,538.0,Municipio Rosario,Municipio,Rosario,820210,Servicio de Catastro e Información Territorial,IGN
2020,2872,2020-06-03,Miercoles,,14:00:00,,0.0,2,"Automóvil,Moto/Ciclomotor",Bv. Wilde Y Mendoza,2,1,0,0,1,0,0,"-32.940346474717,-60.738390476304",Avenida,,ROSARIO,Rosario,Asfalto,No existe,II,Dentro,Urbana,Semáforo,Funciona,Rotonda,Bueno,Buena,Diurna,Buen Tiempo,S/D,S/D,Colisión,Ninguna,"Horizontal,Vertical","Cordón divisorio,Línea divisoria pintada",Sin restricción,"-32.940346474717,-60.738390476304","['Bulevar Wilde', 'Mendoza']",2,,-32.940346474717,-60.738390476304,55.0,538.0,Municipio Rosario,Municipio,Rosario,820210,Servicio de Catastro e Información Territorial,IGN
2020,2874,2020-06-12,Viernes,,18:30:00,,0.0,2,"Transporte de Pasajeros Urbano (> 8 asientos),Peatón",Brasil Y Cochabamba,2,0,1,0,1,0,0,"-32.949958070742,-60.719136955185",Calle,,ROSARIO,Rosario,Asfalto,No existe,II,Dentro,Urbana,Ninguna,No existe,Intersección,"Con baches,Deteriorada",Buena,Diurna,Buen Tiempo,S/D,Peatón,Atropello,Ninguna,Faltante,Ninguna,Sin restricción,"-32.949958070742,-60.719136955185","['Brasil', 'Cochabamba']",2,,-32.949958070742,-60.719136955185,55.0,538.0,Municipio Rosario,Municipio,Rosario,820210,Servicio de Catastro e Información Territorial,IGN
2020,2876,2020-06-12,Viernes,,14:35:00,,0.0,2,"Pickup/Utilitario,Automóvil",Brasil 1136,2,1,0,0,1,0,0,"-32.940872823596,-60.71953148958",Calle,,ROSARIO,Rosario,Asfalto,No existe,II,Dentro,Urbana,Paso Peatonal,No existe,Recta,Bueno,Buena,Diurna,Buen Tiempo,De alcance,S/D,Colisión,Ninguna,"Horizontal,Vertical",Ninguna,Sin restricción,"-32.940872823596,-60.71953148958",['Brasil 1136'],1,,-32.940872823596,-60.71953148958,55.0,538.0,Municipio Rosario,Municipio,Rosario,820210,Servicio de Catastro e Información Territorial,IGN
2020,2878,2020-06-23,Martes,,19:10:00,,0.0,2,"Automóvil,Moto/Ciclomotor",Nicaragua Y San Lorenzo,3,2,0,0,1,0,0,"-32.934740731292,-60.720998919441",Calle,,ROSARIO,Rosario,Asfalto,No existe,II,Dentro,Urbana,Ninguna,No existe,Intersección,Bueno,Buena,Diurna,Buen Tiempo,S/D,S/D,Colisión,Ninguna,Faltante,Ninguna,Sin restricción,"-32.934740731292,-60.720998919441","['Nicaragua', 'San Lorenzo']",2,,-32.934740731292,-60.720998919441,55.0,538.0,Municipio Rosario,Municipio,Rosario,820210,Servicio de Catastro e Información Territorial,IGN
2020,2879,2020-06-27,Sabado,,12:15:00,,0.0,2,"Automóvil,Peatón",Cam De Las Carretas 9200,2,1,0,0,1,0,0,"-32.93452716510475, -60.75911867028",Calle,,ROSARIO,Rosario,Asfalto,No existe,II,Dentro,Urbana,Ninguna,No existe,Recta,Bueno,Buena,Diurna,Buen Tiempo,S/D,Peatón,Atropello,Ninguna,Faltante,Ninguna,Sin restricción,"-32.93452716510475, -60.75911867028",['Cam De Las Carretas 9200'],1,,-32.93452716510475,-60.75911867028,55.0,538.0,Municipio Rosario,Municipio,Rosario,820210,Servicio de Catastro e Información Territorial,IGN
2020,2881,2020-06-11,Jueves,,17:05:00,,0.0,2,"Vehículo Oficial,Moto/Ciclomotor",Av. Sorrento 7100,3,1,0,0,2,0,0,"-32.908234496571,-60.722652034506",Avenida,,ROSARIO,Rosario,Asfalto,No existe,II,Dentro,Urbana,Semáforo,Funciona,Intersección,Bueno,Buena,Diurna,Buen Tiempo,S/D,S/D,Colisión,Ninguna,"Horizontal,Vertical","Cordón divisorio,Línea divisoria pintada",Sin restricción,"-32.908234496571,-60.722652034506",['Sorrento 7100'],1,,-32.908234496571,-60.722652034506,55.0,538.0,Municipio Rosario,Municipio,Rosario,820210,Servicio de Catastro e Información Territorial,IGN
2020,2882,2020-06-01,Lunes,,09:15:00,,0.0,2,"Pickup/Utilitario,Moto/Ciclomotor",Gorriti Y Solis,4,1,0,0,3,0,0,"-32.924086058004,-60.70403752122",Calle,,ROSARIO,Rosario,Asfalto,No existe,II,Dentro,Urbana,Ninguna,No existe,Intersección,Bueno,Buena,Diurna,Buen Tiempo,Lateral,S/D,Colisión,Ninguna,Faltante,Ninguna,Sin restricción,"-32.924086058004,-60.70403752122","['Gorriti', 'Solis']",2,,-32.924086058004,-60.70403752122,55.0,538.0,Municipio Rosario,Municipio,Rosario,820210,Servicio de Catastro e Información Territorial,IGN
2020,2883,2020-07-04,Sabado,,12:45:00,,0.0,2,"Moto/Ciclomotor,Automóvil",Av. Eva Peron 5722,2,1,0,0,1,0,0,"-32.93522, -60.70043",S/D,,ROSARIO,Rosario,S/D,No existe,II,S/D,S/D,Ninguna,No existe,Recta,Bueno,Buena,Diurna,S/D,S/D,S/D,Colisión,Ninguna,Faltante,Ninguna,Sin restricción,"-32.93522, -60.70043",['Eva Peron 5722'],1,,-32.93522,-60.70043,55.0,538.0,Municipio Rosario,Municipio,Rosario,820210,Servicio de Catastro e Información Territorial,IGN
2020,2884,2020-06-05,Viernes,,21:20:00,,0.0,2,"Automóvil,Moto/Ciclomotor",Gorriti Y Tte.Agneta,2,1,0,0,1,0,0,"-32.923991902834,-60.700446720135",Calle,,ROSARIO,Rosario,Asfalto,No existe,II,Dentro,Urbana,Ninguna,No existe,Intersección,Bueno,Buena,Diurna,Buen Tiempo,Lateral,S/D,Colisión,Ninguna,Faltante,Ninguna,Sin restricción,"-32.923991902834,-60.700446720135","['Gorriti', 'Teniente Agneta']",2,,-32.923991902834,-60.700446720135,55.0,538.0,Municipio Rosario,Municipio,Rosario,820210,Servicio de Catastro e Información Territorial,IGN
2020,2885,2020-06-09,Martes,,20:20:00,,0.0,2,"Automóvil,Moto/Ciclomotor",F.More Y Velez Sarsfield,2,1,0,0,1,0,0,"-32.925465323952,-60.693994409331",Calle,,ROSARIO,Rosario,Asfalto,No existe,II,Dentro,Urbana,Ninguna,No existe,Intersección,Bueno,Buena,"Nocturna,Con luz artificial",Buen Tiempo,Lateral,S/D,Colisión,Ninguna,Faltante,Ninguna,Sin restricción,"-32.925465323952,-60.693994409331","['Felipe Moré', 'Vélez Sarsfield']",2,,-32.925465323952,-60.693994409331,55.0,538.0,Municipio Rosario,Municipio,Rosario,820210,Servicio de Catastro e Información Territorial,IGN
2020,2886,2020-06-06,Sabado,,10:55:00,,0.0,2,"Pickup/Utilitario,Moto/Ciclomotor",French Y Peru,3,1,1,0,1,0,0,"-32.921745480215,-60.712163006153",Calle,,ROSARIO,Rosario,Asfalto,No existe,II,Dentro,Urbana,Ninguna,No existe,Intersección,Bueno,Buena,"Nocturna,Con luz artificial",Buen Tiempo,Lateral,S/D,Colisión,Ninguna,Faltante,Ninguna,Sin restricción,"-32.921745480215,-60.712163006153","['French', 'Peru']",2,,-32.921745480215,-60.712163006153,55.0,538.0,Municipio Rosario,Municipio,Rosario,820210,Servicio de Catastro e Información Territorial,IGN
2020,2888,2020-07-02,Jueves,,19:06:00,,0.0,2,"Automóvil,Moto/Ciclomotor",F.M.Esquiu Y Camilo Aldao,4,1,1,0,2,0,0,"-32.92268, -60.69664",Calle,,ROSARIO,Rosario,Asfalto,No existe,II,Dentro,Urbana,S/D,No existe,Intersección,S/D,Buena,Atardecer,S/D,S/D,S/D,S/D,S/D,Faltante,S/D,S/D,"-32.92268, -60.69664","['Esquiú', 'Camilo Aldao']",2,,-32.92268,-60.69664,55.0,538.0,Municipio Rosario,Municipio,Rosario,820210,Servicio de Catastro e Información Territorial,IGN
2020,2889,2020-06-13,Sabado,,02:00:00,,0.0,2,"Moto/Ciclomotor,Automóvil",Colombia Y Perez Bulnes,2,1,0,0,1,0,0,"-32.942530302616,-60.716016086781",Calle,,ROSARIO,Rosario,Asfalto,No existe,II,Dentro,Urbana,Ninguna,Funciona,Intersección,Bueno,Buena,"Nocturna,Con luz artificial",Buen Tiempo,Lateral,S/D,Colisión,Ninguna,Faltante,Ninguna,Sin restricción,"-32.942530302616,-60.716016086781","['Colombia', 'Pérez Bulnes']",2,,-32.942530302616,-60.716016086781,55.0,538.0,Municipio Rosario,Municipio,Rosario,820210,Servicio de Catastro e Información Territorial,IGN
2020,2891,2020-06-26,Viernes,,16:00:00,,0.0,2,"Moto/Ciclomotor,Automóvil",G.Carrasco Y P.L.Funes,2,1,0,0,1,0,0,"-32.920662711777,-60.701955776226",Calle,,ROSARIO,Rosario,Asfalto,No existe,II,Dentro,Urbana,Ninguna,No existe,Intersección,Bueno,Buena,Diurna,Buen Tiempo,S/D,S/D,Colisión,Ninguna,Faltante,Ninguna,Sin restricción,"-32.920662711777,-60.701955776226","['Carrasco', 'Funes']",2,,-32.920662711777,-60.701955776226,55.0,538.0,Municipio Rosario,Municipio,Rosario,820210,Servicio de Catastro e Información Territorial,IGN
2020,2892,2020-03-10,Martes,,09:47:00,,0.0,2,"Peatón,Moto/Ciclomotor",Rivarola Y Dr.G.Colombres,2,0,0,0,0,1,1,"-32.96626, -60.72479",Avenida,,ROSARIO,Rosario,Asfalto,No existe,II,Dentro,Urbana,Ninguna,No existe,Intersección,Bueno,Buena,Diurna,S/D,S/D,Peatón,Atropello,Ninguna,Horizontal,Cordón divisorio,Sin restricción,"-32.96626, -60.72479","['Rivarola', 'Doctor G. Colombres']",2,,-32.96626,-60.72479,55.0,538.0,Municipio Rosario,Municipio,Rosario,820210,Servicio de Catastro e Información Territorial,IGN
2020,2893,2020-06-11,Jueves,,12:50:00,,0.0,1,Moto/Ciclomotor,Av. Genova Y Av. Provincias Unidas,2,2,0,0,0,0,0,"-32.916012724222,-60.7138704799",Avenida,,ROSARIO,Rosario,Asfalto,No existe,II,Fuera,Urbana,Semáforo,Funciona,Intersección,Bueno,Buena,Diurna,Buen Tiempo,S/D,S/D,Cañda ocupante,Ninguna,"Horizontal,Vertical","Cordón divisorio,Vegetación,Línea divisoria pintada",Sin restricción,"-32.916012724222,-60.7138704799","['Genova', 'Avenida Provincias Unidas']",2,,-32.916012724222,-60.7138704799,55.0,538.0,Municipio Rosario,Municipio,Rosario,820210,Servicio de Catastro e Información Territorial,IGN
2020,2894,2020-06-19,Viernes,,12:25:00,,0.0,2,"Pickup/Utilitario,Moto/Ciclomotor",Dr.Maradona Y La Republica,4,2,2,0,0,0,0,"-32.919588942203,-60.751200782101",Calle,,ROSARIO,Rosario,Asfalto,No existe,II,Dentro,Urbana,Ninguna,No existe,Intersección,Bueno,Buena,Diurna,Buen Tiempo,Lateral,S/D,Colisión,Ninguna,Faltante,Ninguna,Sin restricción,"-32.919588942203,-60.751200782101","['Doctor Maradona', 'La República']",2,,-32.919588942203,-60.751200782101,55.0,538.0,Municipio Rosario,Municipio,Rosario,820210,Servicio de Catastro e Información Territorial,IGN
2020,2895,2020-07-03,Viernes,,19:20:00,,0.0,2,"Moto/Ciclomotor,Pickup/Utilitario",J.B.Justo Y Olavarria Bis,2,1,0,0,1,0,0,"-32.91468, -60.70462",Calle,,ROSARIO,Rosario,S/D,No existe,II,Dentro,Urbana,Ninguna,No existe,Intersección,S/D,Reducida,Atardecer,Otro,S/D,S/D,S/D,S/D,Faltante,Ninguna,Sin restricción,"-32.91468, -60.70462","['Justo', 'Olavarría']",2,,-32.91468,-60.70462,55.0,538.0,Municipio Rosario,Municipio,Rosario,820210,Servicio de Catastro e Información Territorial,IGN
2020,2897,2020-07-05,Domingo,,12:25:00,,0.0,2,"Automóvil,Pickup/Utilitario",Bv. Wilde ,5,1,1,0,3,0,0,"-32.92818, -60.73908",Calle,,ROSARIO,Rosario,Asfalto,No existe,II,Dentro,Urbana,S/D,S/D,Intersección,Bueno,Buena,Diurna,Buen Tiempo,S/D,S/D,Colisión,Ninguna,S/D,S/D,Sin restricción,"-32.92818, -60.73908",['Wilde'],1,,-32.92818,-60.73908,55.0,538.0,Municipio Rosario,Municipio,Rosario,820210,Servicio de Catastro e Información Territorial,IGN
2020,2898,2020-07-01,Miercoles,,08:10:00,,0.0,2,"Automóvil,Moto/Ciclomotor",Donado Y Chubut,2,1,0,0,1,0,0,"-32.94599, -60.72669",Calle,,ROSARIO,Rosario,Asfalto,No existe,II,Dentro,Urbana,S/D,S/D,Intersección,Bueno,Buena,Diurna,Buen Tiempo,S/D,S/D,Colisión,Ninguna,S/D,S/D,Sin restricción,"-32.94599, -60.72669","['Donado', 'Chubut']",2,,-32.94599,-60.72669,55.0,538.0,Municipio Rosario,Municipio,Rosario,820210,Servicio de Catastro e Información Territorial,IGN
2020,2900,2020-07-05,Domingo,,19:20:00,,0.0,2,"Moto/Ciclomotor,Bicicleta",Garibaldi Y Larrea,2,2,0,0,0,0,0,"-32.97963, -60.68361",Calle,,ROSARIO,Rosario,Asfalto,Pavimento,II,Dentro,Urbana,Ninguna,No existe,Intersección,Otro,Reducida,Atardecer,Otro,Otro,Ciclista,Atropello,Otro,Faltante,"Cordón divisorio,Vegetación",Sin restricción,"-32.97963, -60.68361","['José Garibaldi', 'Larrea']",2,,-32.97963,-60.68361,55.0,538.0,Municipio Rosario,Municipio,Rosario,820210,Servicio de Catastro e Información Territorial,IGN
2020,2901,2020-06-18,Jueves,,14:45:00,,0.0,2,"Moto/Ciclomotor,Moto/Ciclomotor",Bv. Rondeau 3800,2,1,1,0,0,0,0,"-32.880276769137,-60.696534457283",Avenida,,ROSARIO,Rosario,Asfalto,No existe,II,Dentro,Urbana,Ninguna,No existe,Intersección,Bueno,Buena,Diurna,Buen Tiempo,S/D,S/D,Colisión,Ninguna,Horizontal,"Cordón divisorio,Vegetación,Línea divisoria pintada",Sin restricción,"-32.880276769137,-60.696534457283",['Rondeau 3800'],1,,-32.880276769137,-60.696534457283,55.0,538.0,Municipio Rosario,Municipio,Rosario,820210,Servicio de Catastro e Información Territorial,IGN
2020,2902,2020-07-04,Sabado,,08:00:00,,0.0,2,"Automóvil,Moto/Ciclomotor",Virasoro Y San Nicolas,2,1,0,0,1,0,0,"-32.96379, -60.67826",Calle,,ROSARIO,Rosario,Asfalto,S/D,II,S/D,Urbana,Semáforo,Funciona,Intersección,Otro,Buena,Diurna,Otro,Otro,S/D,Colisión,Ninguna,S/D,Ninguna,Sin restricción,"-32.96379, -60.67826","['Virasoro', 'San Nicolás']",2,,-32.96379,-60.67826,55.0,538.0,Municipio Rosario,Municipio,Rosario,820210,Servicio de Catastro e Información Territorial,IGN
2020,2904,2020-06-09,Martes,,17:30:00,,0.0,2,"Moto/Ciclomotor,Automóvil",Matheu Y Warnes,2,1,0,0,1,0,0,"-32.888483661485,-60.695672866938",Calle,,ROSARIO,Rosario,Asfalto,No existe,II,Dentro,Urbana,Ninguna,No existe,Intersección,Bueno,Buena,Diurna,Buen Tiempo,S/D,S/D,Colisión,Ninguna,Faltante,Ninguna,Sin restricción,"-32.888483661485,-60.695672866938","['Matheu', 'Warnes']",2,,-32.888483661485,-60.695672866938,55.0,538.0,Municipio Rosario,Municipio,Rosario,820210,Servicio de Catastro e Información Territorial,IGN
2020,2905,2020-07-02,Jueves,,17:30:00,,0.0,2,"Moto/Ciclomotor,Moto/Ciclomotor",Av. Provincias Unidas Y Calle 1825,2,0,1,0,1,0,0,"-32.96962, -60.71134",Avenida,,ROSARIO,Rosario,Asfalto,Pavimento,II,Dentro,Urbana,Ninguna,No existe,Intersección,Bueno,Buena,Diurna,Otro,Otro,S/D,Colisión,Otro,Faltante,"Cordón divisorio,Vegetación",Sin restricción,"-32.96962, -60.71134","['Avenida Provincias Unidas', 'Calle 1825']",2,,-32.96962,-60.71134,55.0,538.0,Municipio Rosario,Municipio,Rosario,820210,Servicio de Catastro e Información Territorial,IGN
2020,2906,2020-06-04,Jueves,,17:20:00,,0.0,2,"Automóvil,Moto/Ciclomotor",Cruz Chica Y Palestina,3,2,0,0,1,0,0,"-32.885847463568,-60.705794261938",Calle,,ROSARIO,Rosario,Asfalto,No existe,II,Dentro,Urbana,Ninguna,No existe,Intersección,Bueno,Buena,Diurna,Buen Tiempo,S/D,S/D,Colisión,Ninguna,Faltante,Ninguna,Sin restricción,"-32.885847463568,-60.705794261938","['Cruz Chica', 'Palestina']",2,,-32.885847463568,-60.705794261938,55.0,538.0,Municipio Rosario,Municipio,Rosario,820210,Servicio de Catastro e Información Territorial,IGN
2020,2907,2020-06-18,Jueves,,17:20:00,,0.0,2,"Moto/Ciclomotor,Automóvil",Garzon Y Pje. Galileo,2,1,0,0,1,0,0,"-32.887492540419,-60.727307673592",Calle,,ROSARIO,Rosario,Asfalto,No existe,II,Dentro,Urbana,Ninguna,No existe,Intersección,"Con baches,Deteriorada",Buena,Diurna,Buen Tiempo,Lateral,S/D,Colisión,Ninguna,Faltante,Ninguna,Sin restricción,"-32.887492540419,-60.727307673592","['Garzón', 'Galileo']",2,,-32.887492540419,-60.727307673592,55.0,538.0,Municipio Rosario,Municipio,Rosario,820210,Servicio de Catastro e Información Territorial,IGN
2020,2908,2020-07-02,Jueves,,17:00:00,,0.0,2,"Automóvil,Moto/Ciclomotor",Bv. 27 De Febrero Y San Nicolas,5,1,0,0,0,0,4,"-32.96153, -60.67769",Avenida,,ROSARIO,Rosario,Asfalto,Pavimento,II,Dentro,Urbana,S/D,Funciona,Intersección,Bueno,Buena,Diurna,Otro,S/D,S/D,Colisión,Otro,Horizontal,Cordón divisorio,Sin restricción,"-32.96153, -60.67769","['27 de Febrero', 'San Nicolás']",2,,-32.96153,-60.67769,55.0,538.0,Municipio Rosario,Municipio,Rosario,820210,Servicio de Catastro e Información Territorial,IGN
2020,2909,2020-06-13,Sabado,,16:15:00,,0.0,2,"Moto/Ciclomotor,Bicicleta",Conway Y Villa del Parque,2,0,1,0,1,0,0,"-32.884326841598,-60.728199228229",Calle,,ROSARIO,Rosario,Asfalto,No existe,II,Dentro,Urbana,Otra Señal,No existe,Intersección,Bueno,Buena,Diurna,Buen Tiempo,S/D,Ciclista,Atropello,Ninguna,Vertical,Ninguna,Sin restricción,"-32.884326841598,-60.728199228229","['Conway', 'Villa del Parque']",2,,-32.884326841598,-60.728199228229,55.0,538.0,Municipio Rosario,Municipio,Rosario,820210,Servicio de Catastro e Información Territorial,IGN
2020,2910,2020-07-01,Miercoles,,15:00:00,,0.0,2,"Camión Chasis,Moto/Ciclomotor",Av. De Las Palmeras Y Godoy Cruz,2,1,0,0,1,0,0,"-32.97918, -60.73595",Avenida,,ROSARIO,Rosario,Asfalto,Pavimento,II,Dentro,Urbana,Ninguna,No existe,Intersección,Bueno,Buena,Diurna,Otro,Otro,S/D,Colisión,Otro,Faltante,Cordón divisorio,Sin restricción,"-32.97918, -60.73595","['Las Palmas', 'Avenida Presidente Perón']",2,,-32.97918,-60.73595,55.0,538.0,Municipio Rosario,Municipio,Rosario,820210,Servicio de Catastro e Información Territorial,IGN
2020,2911,2020-06-28,Domingo,,,,0.0,2,"Automóvil,Moto/Ciclomotor",Albert Sabin Y Almafuerte,2,1,0,0,1,0,0,"-32.917363340557,-60.690725588104",Avenida,,ROSARIO,Rosario,Asfalto,No existe,II,Dentro,Urbana,Paso Peatonal,No existe,Intersección,Bueno,Buena,"Nocturna,Con luz artificial",Buen Tiempo,S/D,S/D,Colisión,Ninguna,Horizontal,"Cordón divisorio,Vegetación,Línea divisoria pintada",Sin restricción,"-32.917363340557,-60.690725588104","['Avenida Travesía Albert Sabin', 'Almafuerte']",2,,-32.917363340557,-60.690725588104,55.0,538.0,Municipio Rosario,Municipio,Rosario,820210,Servicio de Catastro e Información Territorial,IGN
2020,2912,2020-07-06,Lunes,,16:00:00,,0.0,2,"Automóvil,Moto/Ciclomotor",Bv. Oroño Y Sanchez de Bustamante,2,1,0,0,1,0,0,"-33.0026, -60.66517",Avenida,,ROSARIO,Rosario,Asfalto,No existe,II,Dentro,Urbana,Ninguna,No existe,Recta,Bueno,Buena,Diurna,Buen Tiempo,Otro,S/D,Colisión,Ninguna,Faltante,Cordón divisorio,Sin restricción,"-33.0026, -60.66517","['Bulevar Nicasio Oroño', 'Sánchez de Bustamante']",2,,-33.0026,-60.66517,55.0,538.0,Municipio Rosario,Municipio,Rosario,820210,Servicio de Catastro e Información Territorial,IGN
2020,2913,2020-06-16,Martes,,13:40:00,,0.0,2,"Camión Chasis,Moto/Ciclomotor",Av. Ovidio Lagos Y Bv. Segui,2,1,0,0,1,0,0,"-32.974880612142,-60.669285244493",Avenida,,ROSARIO,Rosario,Asfalto,No existe,II,Dentro,Urbana,Semáforo,Funciona,Intersección,Bueno,Buena,Diurna,Buen Tiempo,Lateral,S/D,Colisión,Ninguna,"Horizontal,Vertical","Cordón divisorio,Vegetación,Línea divisoria pintada",Sin restricción,"-32.974880612142,-60.669285244493","['Avenida Ovidio Lagos', 'Bulevar Juan Francisco Seguí']",2,,-32.974880612142,-60.669285244493,55.0,538.0,Municipio Rosario,Municipio,Rosario,820210,Servicio de Catastro e Información Territorial,IGN
2020,2914,2020-07-06,Lunes,,12:40:00,,0.0,2,"Automóvil,Automóvil",Alvear Y Hilarion de la Quintana,3,2,0,0,1,0,0,"-32.97957, -60.66378",Calle,,ROSARIO,Rosario,Asfalto,No existe,II,Dentro,Urbana,Ninguna,No existe,Recta,Bueno,Buena,Diurna,Buen Tiempo,Múltiple,S/D,Colisión,Agua,Faltante,Ninguna,Sin restricción,"-32.97957, -60.66378","['Alvear', 'Hilarión de la Quintana']",2,,-32.97957,-60.66378,55.0,538.0,Municipio Rosario,Municipio,Rosario,820210,Servicio de Catastro e Información Territorial,IGN
2020,2917,2020-07-15,Miercoles,,02:00:00,,0.0,2,"Moto/Ciclomotor,Taxi/Remis",Galvez Y Av. Corrientes,3,2,0,0,1,0,0,"-32.96802, -60.64791",Calle,,ROSARIO,Rosario,Asfalto,S/D,II,S/D,Urbana,S/D,S/D,Intersección,S/D,S/D,S/D,S/D,S/D,S/D,Colisión,S/D,S/D,S/D,S/D,"-32.96802, -60.64791","['Galvez', 'Corrientes']",2,,-32.96802,-60.64791,55.0,538.0,Municipio Rosario,Municipio,Rosario,820210,Servicio de Catastro e Información Territorial,IGN
2020,2919,2020-07-08,Miercoles,,12:00:00,,0.0,2,"Moto/Ciclomotor,Automóvil",Tucuman Y Mitre,2,1,0,0,1,0,0,"-32.94166, -60.63838",Calle,,ROSARIO,Rosario,Asfalto,S/D,II,S/D,Urbana,S/D,S/D,Recta,S/D,S/D,Diurna,S/D,S/D,S/D,S/D,S/D,S/D,S/D,S/D,"-32.94166, -60.63838","['Tucumán', 'Mitre']",2,,-32.94166,-60.63838,55.0,538.0,Municipio Rosario,Municipio,Rosario,820210,Servicio de Catastro e Información Territorial,IGN
2020,2920,2020-07-06,Lunes,,13:50:00,,0.0,2,"Automóvil,Automóvil",E.Deliot Y E.Zeballos,2,1,0,0,1,0,0,"-32.94845, -60.67725",Calle,,ROSARIO,Rosario,Asfalto,S/D,II,S/D,Urbana,S/D,S/D,Intersección,S/D,S/D,S/D,S/D,S/D,S/D,Colisión,S/D,S/D,S/D,S/D,"-32.94845, -60.67725","['V. Deliot', 'Zeballos']",2,,-32.94845,-60.67725,55.0,538.0,Municipio Rosario,Municipio,Rosario,820210,Servicio de Catastro e Información Territorial,IGN