anio_acci,nro_acci,fecha,desc_dia,fecha_aprox,hora_aprox,desc_ruta,km,cant_participantes,desc_participante,calle_avenida_km,total,heridos_leves,heridos_graves,heridos_gravisimos,ilesos,fallecidos,sin_datos,posicion_XY,desc_tipo_via,desc_ruta_ori,desc_loc,desc_dpto,desc_tipo_calzada,desc_tipo_banquina,desc_unidad_regional,desc_lugar_calzada,desc_zona,desc_prioridad,desc_estado_semaforo,desc_lugar_via,desc_estado_via,desc_estado_visibilidad,desc_luminosidad,desc_estado_clima,desc_tipo_colision,desc_tipo_atropello,desc_tipo_hecho,desc_pres_calzada,desc_senializacion,desc_separacion_via,desc_restriccion,forma_geocod,calle_lista,numero_calles,calles_osm,lat,lon,index_right,gid,fna,gna,nam,in1,fdc,sag
2020,2922,2020-07-02,Jueves,,09:00:00,,0.0,2,"Moto/Ciclomotor,Taxi/Remis",Italia Y Pasco,3,2,0,0,1,0,0,"-32.95786, -60.65117",Calle,,ROSARIO,Rosario,Asfalto,S/D,II,S/D,Urbana,Señal Pare,S/D,Intersección,S/D,S/D,Diurna,S/D,S/D,S/D,S/D,S/D,S/D,S/D,S/D,"-32.95786, -60.65117","['Italia', 'Pasco']",2,,-32.95786,-60.65117,55.0,538.0,Municipio Rosario,Municipio,Rosario,820210,Servicio de Catastro e Información Territorial,IGN
2020,2923,2020-07-05,Domingo,,09:30:00,,0.0,2,"Moto/Ciclomotor,Automóvil",3 De Febrero Y L.N.Alem,2,1,0,0,1,0,0,"-32.95449, -60.62991",Calle,,ROSARIO,Rosario,Asfalto,S/D,II,S/D,Urbana,S/D,No existe,Intersección,Bueno,Buena,Diurna,S/D,S/D,S/D,S/D,S/D,S/D,S/D,S/D,"-32.95449, -60.62991","['3 de Febrero', 'Alem']",2,,-32.95449,-60.62991,55.0,538.0,Municipio Rosario,Municipio,Rosario,820210,Servicio de Catastro e Información Territorial,IGN
2020,2924,2020-07-02,Jueves,,19:20:00,,0.0,2,"Moto/Ciclomotor,Automóvil",Mitre Y 3 De Febrero,3,1,0,0,2,0,0,"-32.95256, -60.64115",Calle,,ROSARIO,Rosario,Asfalto,S/D,II,S/D,Urbana,S/D,S/D,Intersección,S/D,S/D,S/D,S/D,S/D,S/D,S/D,S/D,S/D,S/D,S/D,"-32.95256, -60.64115","['Mitre', '3 de Febrero']",2,,-32.95256,-60.64115,55.0,538.0,Municipio Rosario,Municipio,Rosario,820210,Servicio de Catastro e Información Territorial,IGN
2020,2925,2020-07-06,Lunes,,09:10:00,,0.0,2,"Moto/Ciclomotor,Automóvil",Av. Francia Y 9 De Julio,3,1,0,0,2,0,0,"-32.94885, -60.66746",Avenida,,ROSARIO,Rosario,Asfalto,S/D,II,Dentro,Urbana,Semáforo,Funciona,Intersección,S/D,S/D,Diurna,S/D,S/D,S/D,Colisión,S/D,S/D,Ninguna,S/D,"-32.94885, -60.66746","['Avenida Francia', '9 de Julio']",2,,-32.94885,-60.66746,55.0,538.0,Municipio Rosario,Municipio,Rosario,820210,Servicio de Catastro e Información Territorial,IGN
2020,2926,2020-07-06,Lunes,,09:10:00,,0.0,2,"Peatón,Taxi/Remis",Cordoba Y Paraguay,2,1,0,0,1,0,0,"-32.94547, -60.64371",Calle,,ROSARIO,Rosario,Asfalto,S/D,II,S/D,Urbana,S/D,Funciona,Intersección,S/D,S/D,S/D,S/D,S/D,Peatón,Atropello,S/D,S/D,S/D,S/D,"-32.94547, -60.64371","['Córdoba', 'Paraguay']",2,,-32.94547,-60.64371,55.0,538.0,Municipio Rosario,Municipio,Rosario,820210,Servicio de Catastro e Información Territorial,IGN
2020,2927,2020-07-01,Miercoles,,18:30:00,,0.0,2,"Moto/Ciclomotor,Bicicleta",Av. Pellegrini Y Maipu,3,3,0,0,0,0,0,"-32.95766, -60.63802",Avenida,,ROSARIO,Rosario,Asfalto,S/D,II,S/D,Urbana,S/D,Funciona,S/D,S/D,S/D,"Atardecer,Con luz artificial",S/D,S/D,Ciclista,Atropello,S/D,Vertical,S/D,S/D,"-32.95766, -60.63802","['Pellegrini', 'Maipú']",2,,-32.95766,-60.63802,55.0,538.0,Municipio Rosario,Municipio,Rosario,820210,Servicio de Catastro e Información Territorial,IGN
2020,2929,2020-07-06,Lunes,,18:10:00,,0.0,2,"Automóvil,Automóvil",Balcarce Y San Juan,3,1,0,0,2,0,0,"-32.94778, -60.6529",Calle,,ROSARIO,Rosario,Asfalto,S/D,II,Dentro,Urbana,S/D,Funciona,Intersección,S/D,S/D,"Amanecer,Con luz artificial",S/D,S/D,S/D,Colisión,S/D,S/D,S/D,S/D,"-32.94778, -60.6529","['Balcarce', 'San Juan']",2,,-32.94778,-60.6529,55.0,538.0,Municipio Rosario,Municipio,Rosario,820210,Servicio de Catastro e Información Territorial,IGN
2020,2930,2020-07-07,Martes,,10:55:00,,0.0,2,"Moto/Ciclomotor,Vehículo Oficial",9 De Julio Y Iriondo,2,1,0,0,1,0,0,"-32.94825, -60.6715",Calle,,ROSARIO,Rosario,S/D,S/D,II,S/D,Urbana,S/D,S/D,S/D,S/D,S/D,S/D,S/D,S/D,S/D,Colisión,S/D,S/D,S/D,S/D,"-32.94825, -60.6715","['9 de Julio', 'Iriondo']",2,,-32.94825,-60.6715,55.0,538.0,Municipio Rosario,Municipio,Rosario,820210,Servicio de Catastro e Información Territorial,IGN
2020,2931,2020-07-08,Miercoles,,19:05:00,,0.0,2,"Automóvil,Moto/Ciclomotor",Italia 282,2,1,0,0,1,0,0,"-32.93863, -60.64644",Calle,,ROSARIO,Rosario,Asfalto,S/D,II,Dentro,Urbana,S/D,No existe,Recta,S/D,S/D,Con luz artificial,S/D,S/D,S/D,S/D,S/D,S/D,S/D,S/D,"-32.93863, -60.64644",['Italia 282'],1,,-32.93863,-60.64644,55.0,538.0,Municipio Rosario,Municipio,Rosario,820210,Servicio de Catastro e Información Territorial,IGN
2020,2932,2020-07-01,Miercoles,,08:45:00,,0.0,2,"Automóvil,Moto/Ciclomotor",Montevideo Y Alsina,2,1,0,0,1,0,0,"-32.9493, -60.6789",Calle,,ROSARIO,Rosario,Asfalto,S/D,II,S/D,Urbana,S/D,S/D,Intersección,S/D,S/D,Diurna,S/D,S/D,S/D,Colisión,S/D,S/D,S/D,S/D,"-32.9493, -60.6789","['Montevideo', 'Alsina']",2,,-32.9493,-60.6789,55.0,538.0,Municipio Rosario,Municipio,Rosario,820210,Servicio de Catastro e Información Territorial,IGN
2020,2933,2020-07-06,Lunes,,16:30:00,,0.0,2,"Pickup/Utilitario,Moto/Ciclomotor",3 De Febrero Y Dorrego,3,2,0,0,1,0,0,"-32.95082, -60.65088",Calle,,ROSARIO,Rosario,Asfalto,S/D,II,S/D,Urbana,Señal Pare,S/D,Intersección,Bueno,Buena,Diurna,S/D,S/D,S/D,Otro,S/D,S/D,S/D,S/D,"-32.95082, -60.65088","['3 de Febrero', 'Dorrego']",2,,-32.95082,-60.65088,55.0,538.0,Municipio Rosario,Municipio,Rosario,820210,Servicio de Catastro e Información Territorial,IGN
2020,2935,2020-07-07,Martes,,12:30:00,,0.0,2,"Automóvil,Automóvil",Santa Fe 4800,2,1,0,0,1,0,0,"-32.93598, -60.68839",Calle,,ROSARIO,Rosario,Asfalto,S/D,II,S/D,Urbana,S/D,S/D,Recta,S/D,S/D,S/D,S/D,S/D,S/D,S/D,S/D,S/D,S/D,S/D,"-32.93598, -60.68839",['Santa Fe 4800'],1,,-32.93598,-60.68839,55.0,538.0,Municipio Rosario,Municipio,Rosario,820210,Servicio de Catastro e Información Territorial,IGN
2020,2936,2020-05-17,Domingo,,07:15:00,,0.0,2,"Vehículo Oficial,Automóvil",Av. Ovidio Lagos 3900,4,3,0,0,1,0,0,"-32.97853, -60.67031",Calle,,ROSARIO,Rosario,S/D,S/D,II,S/D,Urbana,S/D,S/D,Recta,S/D,S/D,Amanecer,S/D,S/D,S/D,Colisión,S/D,S/D,S/D,S/D,"-32.97853, -60.67031",['Ovidio Lagos 3900'],1,,-32.97853,-60.67031,55.0,538.0,Municipio Rosario,Municipio,Rosario,820210,Servicio de Catastro e Información Territorial,IGN
2020,2937,2020-07-03,Viernes,,20:10:00,,0.0,2,"Moto/Ciclomotor,Automóvil",3 De Febrero Y Servando Bayo,2,1,0,0,1,0,0,"-32.94451, -60.68618",Calle,,ROSARIO,Rosario,Asfalto,No existe,II,Dentro,Urbana,Ninguna,No existe,Intersección,Bueno,Buena,Diurna,Buen Tiempo,Lateral,S/D,Colisión,Ninguna,Faltante,Ninguna,Sin restricción,"-32.94451, -60.68618","['3 de Febrero', 'Servando Bayo']",2,,-32.94451,-60.68618,55.0,538.0,Municipio Rosario,Municipio,Rosario,820210,Servicio de Catastro e Información Territorial,IGN
2020,2940,2020-07-03,Viernes,,15:30:00,,0.0,2,"Automóvil,Moto/Ciclomotor",L.N.Alem Y Pasco,3,1,0,0,2,0,0,"-32.96137, -60.63169",Calle,,ROSARIO,Rosario,Asfalto,No existe,II,Dentro,Urbana,Señal Pare,No existe,Intersección,Bueno,Buena,Diurna,Buen Tiempo,Lateral,S/D,Colisión,Ninguna,Vertical,Ninguna,Sin restricción,"-32.96137, -60.63169","['Alem', 'Pasco']",2,,-32.96137,-60.63169,55.0,538.0,Municipio Rosario,Municipio,Rosario,820210,Servicio de Catastro e Información Territorial,IGN
2020,2943,2020-07-02,Jueves,,13:50:00,,0.0,2,"Automóvil,Automóvil",Entre Rios Y Pasco,3,1,0,0,2,0,0,"-32.95894, -60.64425",Calle,,ROSARIO,Rosario,Asfalto,No existe,II,Dentro,Urbana,Señal Pare,S/D,Intersección,Bueno,Buena,Diurna,Buen Tiempo,Lateral,S/D,Colisión,Ninguna,Vertical,Línea divisoria pintada,Sin restricción,"-32.95894, -60.64425","['Entre Ríos', 'Pasco']",2,,-32.95894,-60.64425,55.0,538.0,Municipio Rosario,Municipio,Rosario,820210,Servicio de Catastro e Información Territorial,IGN
2020,2945,2020-07-02,Jueves,,15:50:00,,0.0,2,"Bicicleta,Automóvil",Sarmiento Y Cerrito,2,1,0,0,1,0,0,"-32.96185, -60.64209",S/D,,ROSARIO,Rosario,Asfalto,No existe,II,S/D,S/D,S/D,No existe,Intersección,Bueno,Buena,Diurna,Buen Tiempo,Lateral,Ciclista,Atropello,S/D,S/D,Ninguna,Sin restricción,"-32.96185, -60.64209","['Sarmiento', 'Cerrito']",2,,-32.96185,-60.64209,55.0,538.0,Municipio Rosario,Municipio,Rosario,820210,Servicio de Catastro e Información Territorial,IGN
2020,2950,2020-07-06,Lunes,,07:40:00,,0.0,2,"Bicicleta,Automóvil",BAIGORRIA Y COLECTORA DE CIRCUNVALACION,2,0,1,0,1,0,0,"-32.8944, -60.72106",S/D,,ROSARIO,Rosario,Hormigón,Pavimento,II,S/D,S/D,Ninguna,No existe,Curva,Bueno,Buena,Diurna,S/D,S/D,Ciclista,Atropello,Ninguna,S/D,Ninguna,S/D,"-32.8944, -60.72106","['Baigorria', 'Colectora de Circunvalación']",2,,-32.8944,-60.72106,55.0,538.0,Municipio Rosario,Municipio,Rosario,820210,Servicio de Catastro e Información Territorial,IGN
2020,2952,2020-07-06,Lunes,,19:20:00,,0.0,2,"Moto/Ciclomotor,Automóvil",BAIGORRIA Y COLECTORA DE CIRCUNVALACION,2,1,0,0,1,0,0,"-32.8944, -60.72106",S/D,,ROSARIO,Rosario,Asfalto,Pavimento,II,S/D,Urbana,Ninguna,No existe,Curva,Bueno,Buena,Nocturna,Buen Tiempo,Lateral,S/D,Colisión,Ninguna,S/D,Ninguna,Sin restricción,"-32.8944, -60.72106","['Baigorria', 'Colectora de Circunvalación']",2,,-32.8944,-60.72106,55.0,538.0,Municipio Rosario,Municipio,Rosario,820210,Servicio de Catastro e Información Territorial,IGN
2020,2953,2020-07-08,Miercoles,,16:50:00,,0.0,2,"Automóvil,Moto/Ciclomotor",Ayacucho Y Ameghino,2,1,0,0,1,0,0,"-32.98923, -60.63677",Calle,,ROSARIO,Rosario,Asfalto,Pavimento,II,S/D,Urbana,S/D,S/D,Intersección,Bueno,S/D,Diurna,S/D,S/D,S/D,S/D,S/D,S/D,S/D,S/D,"-32.98923, -60.63677","['Ayacucho', 'Ameghino']",2,,-32.98923,-60.63677,55.0,538.0,Municipio Rosario,Municipio,Rosario,820210,Servicio de Catastro e Información Territorial,IGN
2020,2966,2020-06-19,Viernes,,16:30:00,,0.0,2,"Pickup/Utilitario,Moto/Ciclomotor",Biedma Y Crespo,2,1,0,0,1,0,0,"-32.975976234175,-60.677059564027",Calle,,ROSARIO,Rosario,Asfalto,No existe,II,Dentro,Urbana,Ninguna,No existe,Intersección,Bueno,Buena,Diurna,Buen Tiempo,Lateral,S/D,Colisión,Ninguna,Faltante,Ninguna,Sin restricción,"-32.975976234175,-60.677059564027","['Coronel Biedma', 'Crespo']",2,,-32.975976234175,-60.677059564027,55.0,538.0,Municipio Rosario,Municipio,Rosario,820210,Servicio de Catastro e Información Territorial,IGN
2020,2968,2020-06-22,Lunes,,15:40:00,,0.0,2,"Moto/Ciclomotor,Pickup/Utilitario",Bv. Segui Y Crespo,2,1,0,0,1,0,0,"-32.973592332999,-60.676463518664",Avenida,,ROSARIO,Rosario,Asfalto,No existe,II,Dentro,Urbana,Ninguna,No existe,Recta,Bueno,Buena,Diurna,Buen Tiempo,S/D,S/D,Colisión,Ninguna,Horizontal,"Cordón divisorio,Línea divisoria pintada",Sin restricción,"-32.973592332999,-60.676463518664","['Bulevar Juan Francisco Seguí', 'Crespo']",2,,-32.973592332999,-60.676463518664,55.0,538.0,Municipio Rosario,Municipio,Rosario,820210,Servicio de Catastro e Información Territorial,IGN
2020,2970,2020-06-01,Lunes,,20:40:00,,0.0,2,"Automóvil,Moto/Ciclomotor",Av. Battle y Ordo�ez Y Bv. Oro�o,2,1,0,0,1,0,0,"-33.009297518676,-60.664898224387",Avenida,,ROSARIO,Rosario,Asfalto,No existe,II,Dentro,Urbana,Semáforo,Funciona,Rotonda,Bueno,Buena,"Nocturna,Con luz artificial",Buen Tiempo,S/D,S/D,Colisión,Ninguna,"Horizontal,Vertical",Cordón divisorio,Sin restricción,"-33.009297518676,-60.664898224387","['Avenida Battle y Ordoñez', 'Bulevar Nicasio Oroño']",2,,-33.009297518676,-60.664898224387,55.0,538.0,Municipio Rosario,Municipio,Rosario,820210,Servicio de Catastro e Información Territorial,IGN
2020,2972,2020-06-03,Miercoles,,17:00:00,,0.0,2,"Automóvil,Peatón",Bv. Oroño Y Dr.Rivas,2,1,0,0,1,0,0,"-32.98096783995,-60.662560543862",Avenida,,ROSARIO,Rosario,Asfalto,No existe,II,Dentro,Urbana,Señal Pare,No existe,Intersección,Bueno,Buena,Atardecer,Buen Tiempo,S/D,Peatón,Atropello,Ninguna,"Horizontal,Vertical","Cordón divisorio,Línea divisoria pintada",Sin restricción,"-32.98096783995,-60.662560543862","['Bulevar Nicasio Oroño', 'Doctor Francisco Riva']",2,,-32.98096783995,-60.662560543862,55.0,538.0,Municipio Rosario,Municipio,Rosario,820210,Servicio de Catastro e Información Territorial,IGN
2020,2973,2020-06-13,Sabado,,15:00:00,,0.0,2,"Camión Chasis,Moto/Ciclomotor",Alsina Y Bv. Segui,3,2,0,0,1,0,0,"-32.972297335989,-60.684661369737",Avenida,,ROSARIO,Rosario,Asfalto,No existe,II,Dentro,Urbana,Señal Pare,No existe,Intersección,Bueno,Buena,Diurna,Buen Tiempo,S/D,S/D,Colisión,Ninguna,"Horizontal,Vertical","Cordón divisorio,Línea divisoria pintada",Sin restricción,"-32.972297335989,-60.684661369737","['Alsina', 'Bulevar Juan Francisco Seguí']",2,,-32.972297335989,-60.684661369737,55.0,538.0,Municipio Rosario,Municipio,Rosario,820210,Servicio de Catastro e Información Territorial,IGN
2020,2975,2020-06-05,Viernes,,17:35:00,,0.0,2,"Automóvil,Moto/Ciclomotor",Calle 2106 6900,2,1,0,0,1,0,0,"-33.018500083626,-60.687372914556",Calle,,ROSARIO,Rosario,Asfalto,No existe,II,Dentro,Urbana,Ninguna,No existe,Intersección,Bueno,Buena,Atardecer,Buen Tiempo,Lateral,S/D,Colisión,Ninguna,Faltante,Ninguna,Sin restricción,"-33.018500083626,-60.687372914556",['Calle 2106 6900'],1,,-33.018500083626,-60.687372914556,55.0,538.0,Municipio Rosario,Municipio,Rosario,820210,Servicio de Catastro e Información Territorial,IGN
2020,2978,2020-06-08,Lunes,,17:15:00,,0.0,2,"Moto/Ciclomotor,Automóvil",Av. Ovidio Lagos Y Bv. Segui,2,1,0,0,1,0,0,"-32.974880612142,-60.669285244493",Avenida,,ROSARIO,Rosario,Asfalto,No existe,II,Dentro,Urbana,Semáforo,Funciona,Intersección,Bueno,Buena,Diurna,Buen Tiempo,S/D,S/D,Colisión,Ninguna,"Horizontal,Vertical","Cordón divisorio,Vegetación,Línea divisoria pintada",Sin restricción,"-32.974880612142,-60.669285244493","['Avenida Ovidio Lagos', 'Bulevar Juan Francisco Seguí']",2,,-32.974880612142,-60.669285244493,55.0,538.0,Municipio Rosario,Municipio,Rosario,820210,Servicio de Catastro e Información Territorial,IGN
2020,2979,2020-06-09,Martes,,12:55:00,,0.0,2,"Automóvil,Camión Chasis",Garay Y Iriondo,2,1,0,0,1,0,0,"-32.968848173376,-60.676681717078",Calle,,ROSARIO,Rosario,Asfalto,No existe,II,Dentro,Urbana,Ninguna,No existe,Intersección,Bueno,Buena,Diurna,Buen Tiempo,Lateral,S/D,Colisión,Ninguna,Faltante,Ninguna,Sin restricción,"-32.968848173376,-60.676681717078","['Garay', 'Iriondo']",2,,-32.968848173376,-60.676681717078,55.0,538.0,Municipio Rosario,Municipio,Rosario,820210,Servicio de Catastro e Información Territorial,IGN
2020,2981,2020-06-09,Martes,,15:30:00,,0.0,2,"Moto/Ciclomotor,Automóvil",Av. Francia Y Pte.Quintana,3,1,1,0,1,0,0,"-32.977586056072,-60.674742461757",Avenida,,ROSARIO,Rosario,Asfalto,No existe,II,Dentro,Urbana,Ninguna,No existe,Intersección,Bueno,Buena,Diurna,Buen Tiempo,S/D,S/D,Colisión,Ninguna,Faltante,"Cordón divisorio,Vegetación",Sin restricción,"-32.977586056072,-60.674742461757","['Avenida Francia', 'Quintana']",2,,-32.977586056072,-60.674742461757,55.0,538.0,Municipio Rosario,Municipio,Rosario,820210,Servicio de Catastro e Información Territorial,IGN
2020,2983,2020-06-10,Miercoles,,16:15:00,,0.0,2,"Automóvil,Moto/Ciclomotor",España 6800,3,1,0,0,2,0,0,"-33.016481863005,-60.656776487145",Calle,,ROSARIO,Rosario,Asfalto,No existe,II,Dentro,Urbana,Señal Pare,No existe,Intersección,Bueno,Buena,Diurna,Buen Tiempo,S/D,S/D,Colisión,Ninguna,Vertical,Ninguna,Sin restricción,"-33.016481863005,-60.656776487145",['España 6800'],1,,-33.016481863005,-60.656776487145,55.0,538.0,Municipio Rosario,Municipio,Rosario,820210,Servicio de Catastro e Información Territorial,IGN
2020,2985,2020-06-02,Martes,,16:40:00,,0.0,2,"Bicicleta,Automóvil",Av. Francia Y Viamonte,3,1,0,0,2,0,0,"-32.960397275415,-60.670383765349",Avenida,,ROSARIO,Rosario,Asfalto,No existe,II,Dentro,Urbana,Paso Peatonal,No existe,Intersección,Bueno,Buena,Diurna,Buen Tiempo,S/D,Ciclista,Atropello,Ninguna,"Horizontal,Vertical","Cordón divisorio,Vegetación,Línea divisoria pintada",Sin restricción,"-32.960397275415,-60.670383765349","['Avenida Francia', 'Viamonte']",2,,-32.960397275415,-60.670383765349,55.0,538.0,Municipio Rosario,Municipio,Rosario,820210,Servicio de Catastro e Información Territorial,IGN
2020,2990,2020-06-02,Martes,,14:30:00,,0.0,2,"Bicicleta,Bicicleta",Av. Pellegrini Y Santiago,2,1,0,0,1,0,0,"-32.954010894954,-60.658727519339",Avenida,,ROSARIO,Rosario,Asfalto,No existe,II,Dentro,Urbana,Ninguna,Funciona,Intersección,Bueno,Buena,Diurna,Buen Tiempo,De alcance,Ciclista,Atropello,Ninguna,"Horizontal,Vertical","Cordón divisorio,Línea divisoria pintada",Sin restricción,"-32.954010894954,-60.658727519339","['Pellegrini', 'Santiago']",2,,-32.954010894954,-60.658727519339,55.0,538.0,Municipio Rosario,Municipio,Rosario,820210,Servicio de Catastro e Información Territorial,IGN
2020,2992,2020-06-03,Miercoles,,16:00:00,,0.0,1,Moto/Ciclomotor,Bv. Avellaneda Y Rueda,2,2,0,0,0,0,0,"-32.963682450769,-60.685437853603",Avenida,,ROSARIO,Rosario,Asfalto,No existe,II,Dentro,Urbana,Paso Peatonal,No existe,Intersección,Bueno,Buena,Diurna,Buen Tiempo,Atropello animal,S/D,Colisión,Ninguna,Horizontal,Cordón divisorio,Sin restricción,"-32.963682450769,-60.685437853603","['Avellaneda', 'Rueda']",2,,-32.963682450769,-60.685437853603,55.0,538.0,Municipio Rosario,Municipio,Rosario,820210,Servicio de Catastro e Información Territorial,IGN
2020,2993,2020-05-17,Domingo,,,,0.0,2,"Moto/Ciclomotor,Automóvil",Av. Battle y Ordo�ez Y Buenos Aires,4,0,3,0,1,0,0,"-33.0088, -60.64465",Avenida,,ROSARIO,Rosario,S/D,S/D,II,S/D,Urbana,S/D,S/D,Intersección,S/D,S/D,S/D,S/D,S/D,S/D,Colisión,S/D,S/D,S/D,S/D,"-33.0088, -60.64465","['Avenida Battle y Ordoñez', 'Buenos Aires']",2,,-33.0088,-60.64465,55.0,538.0,Municipio Rosario,Municipio,Rosario,820210,Servicio de Catastro e Información Territorial,IGN
2020,2994,2020-07-23,Jueves,,14:00:00,,0.0,1,Moto/Ciclomotor,España Y Virasoro,2,2,0,0,0,0,0,"-32.95883, -60.693",Calle,,ROSARIO,Rosario,Asfalto,No existe,II,Dentro,Urbana,Señal Pare,No existe,Recta,Bueno,Buena,"Amanecer,Con luz artificial",Buen Tiempo,Contra objeto fijo,S/D,Colisión,Ninguna,Vertical,Ninguna,Sin restricción,"-32.95883, -60.693","['España', 'Virasoro']",2,,-32.95883,-60.693,55.0,538.0,Municipio Rosario,Municipio,Rosario,820210,Servicio de Catastro e Información Territorial,IGN
2020,2995,2020-06-06,Sabado,,18:25:00,,0.0,2,"Bicicleta,Automóvil",Ituzaingo Y Mitre,2,1,0,0,1,0,0,"-32.960471819529,-60.643137685641",Calle,,ROSARIO,Rosario,Asfalto,No existe,II,Dentro,Urbana,Señal Pare,No existe,Intersección,Bueno,Buena,Diurna,Buen Tiempo,S/D,Ciclista,Atropello,Ninguna,"Horizontal,Vertical",Ninguna,Sin restricción,"-32.960471819529,-60.643137685641","['Ituzaingó', 'Mitre']",2,,-32.960471819529,-60.643137685641,55.0,538.0,Municipio Rosario,Municipio,Rosario,820210,Servicio de Catastro e Información Territorial,IGN
2020,2997,2020-03-25,Miercoles,,15:50:00,,0.0,2,"Moto/Ciclomotor,Automóvil",Pacheco Y 8 de Noviembre,3,2,0,0,0,1,0,"-32.90923, -60.69112",Calle,,ROSARIO,Rosario,Asfalto,No existe,II,Dentro,Urbana,Ninguna,No existe,Intersección,Bueno,S/D,Diurna,S/D,S/D,S/D,Colisión,Ninguna,Faltante,Ninguna,Sin restricción,"-32.90923, -60.69112","['Ángel Pacheco', 'Ocho de Noviembre']",2,,-32.90923,-60.69112,55.0,538.0,Municipio Rosario,Municipio,Rosario,820210,Servicio de Catastro e Información Territorial,IGN
2020,2998,2020-06-11,Jueves,,15:15:00,,0.0,2,"Moto/Ciclomotor,Automóvil",Italia Y Pasco,2,1,0,0,1,0,0,"-32.957833242801,-60.65118829615",Calle,,ROSARIO,Rosario,Asfalto,No existe,II,Dentro,Urbana,Señal Pare,No existe,Intersección,Bueno,Buena,Diurna,Buen Tiempo,Lateral,S/D,Colisión,Ninguna,Faltante,Ninguna,Sin restricción,"-32.957833242801,-60.65118829615","['Italia', 'Pasco']",2,,-32.957833242801,-60.65118829615,55.0,538.0,Municipio Rosario,Municipio,Rosario,820210,Servicio de Catastro e Información Territorial,IGN
2020,2999,2020-06-20,Sabado,,18:55:00,,0.0,2,"Moto/Ciclomotor,Taxi/Remis",Pueyrredon Y Rueda,2,1,0,0,1,0,0,"-32.967600796673,-60.663578397435",Calle,,ROSARIO,Rosario,Asfalto,No existe,II,Dentro,Urbana,Señal Pare,No existe,Intersección,Bueno,Buena,Diurna,Buen Tiempo,Lateral,S/D,Colisión,Ninguna,Vertical,Ninguna,Sin restricción,"-32.967600796673,-60.663578397435","['Pueyrredón', 'Rueda']",2,,-32.967600796673,-60.663578397435,55.0,538.0,Municipio Rosario,Municipio,Rosario,820210,Servicio de Catastro e Información Territorial,IGN
2020,3001,2020-06-21,Domingo,,22:35:00,,0.0,2,"Moto/Ciclomotor,Automóvil",Bv. Oroño Y Lugones,2,1,0,0,1,0,0,"-32.958132288941,-60.657066542658",Avenida,,ROSARIO,Rosario,Asfalto,No existe,II,Dentro,Urbana,Paso Peatonal,No existe,Intersección,Bueno,Buena,"Nocturna,Con luz artificial",Buen Tiempo,De alcance,S/D,Colisión,Ninguna,"Horizontal,Vertical",Línea divisoria pintada,Sin restricción,"-32.958132288941,-60.657066542658","['Bulevar Nicasio Oroño', 'Lugones']",2,,-32.958132288941,-60.657066542658,55.0,538.0,Municipio Rosario,Municipio,Rosario,820210,Servicio de Catastro e Información Territorial,IGN
2020,3004,2020-06-23,Martes,,10:30:00,,0.0,2,"Automóvil,Automóvil",Mitre Y Rueda,2,1,0,0,1,0,0,"-32.970791458565,-60.645728659044",Calle,,ROSARIO,Rosario,Asfalto,No existe,II,Dentro,Urbana,Ninguna,No existe,Intersección,Bueno,Buena,Diurna,Buen Tiempo,Lateral,S/D,Colisión,Ninguna,Faltante,Ninguna,Sin restricción,"-32.970791458565,-60.645728659044","['Mitre', 'Rueda']",2,,-32.970791458565,-60.645728659044,55.0,538.0,Municipio Rosario,Municipio,Rosario,820210,Servicio de Catastro e Información Territorial,IGN
2020,3005,2020-06-26,Viernes,,13:45:00,,0.0,2,"Moto/Ciclomotor,Automóvil",Av. Francia Y Bv. 27 De Febrero,2,1,0,0,1,0,0,"-32.962794501847,-60.670771834849",Avenida,,ROSARIO,Rosario,Asfalto,No existe,II,Dentro,Urbana,Semáforo,Funciona,Intersección,Bueno,Buena,Diurna,Buen Tiempo,Lateral,S/D,Colisión,Ninguna,"Horizontal,Vertical","Cordón divisorio,Vegetación,Línea divisoria pintada",Sin restricción,"-32.962794501847,-60.670771834849","['Avenida Francia', '27 de Febrero']",2,,-32.962794501847,-60.670771834849,55.0,538.0,Municipio Rosario,Municipio,Rosario,820210,Servicio de Catastro e Información Territorial,IGN
2020,3007,2020-05-19,Martes,,,,0.0,1,Pickup/Utilitario,Saavedra 7800,1,0,1,0,0,0,0,"-32.96942, -60.70452",Calle,,ROSARIO,Rosario,S/D,S/D,II,S/D,Urbana,S/D,S/D,Recta,S/D,S/D,Nocturna,S/D,Contra objeto fijo,S/D,Colisión,S/D,S/D,S/D,S/D,"-32.96942, -60.70452",['Saavedra 7800'],1,,-32.96942,-60.70452,55.0,538.0,Municipio Rosario,Municipio,Rosario,820210,Servicio de Catastro e Información Territorial,IGN