anio_acci,nro_acci,fecha,desc_dia,fecha_aprox,hora_aprox,desc_ruta,km,cant_participantes,desc_participante,calle_avenida_km,total,heridos_leves,heridos_graves,heridos_gravisimos,ilesos,fallecidos,sin_datos,posicion_XY,desc_tipo_via,desc_ruta_ori,desc_loc,desc_dpto,desc_tipo_calzada,desc_tipo_banquina,desc_unidad_regional,desc_lugar_calzada,desc_zona,desc_prioridad,desc_estado_semaforo,desc_lugar_via,desc_estado_via,desc_estado_visibilidad,desc_luminosidad,desc_estado_clima,desc_tipo_colision,desc_tipo_atropello,desc_tipo_hecho,desc_pres_calzada,desc_senializacion,desc_separacion_via,desc_restriccion,forma_geocod,calle_lista,numero_calles,calles_osm,lat,lon,index_right,gid,fna,gna,nam,in1,fdc,sag
2020,3043,2020-07-04,Sabado,,20:00:00,,0.0,2,"Moto/Ciclomotor,Automóvil",Centenario Y Entre Rios,3,2,0,0,1,0,0,"-33.00435, -60.65169",Calle,,ROSARIO,Rosario,Asfalto,No existe,II,Dentro,Urbana,Ninguna,No existe,Intersección,Bueno,Buena,Diurna,Buen Tiempo,S/D,S/D,S/D,Ninguna,Faltante,Ninguna,S/D,"-33.00435, -60.65169","['Centenario', 'Entre Ríos']",2,,-33.00435,-60.65169,55.0,538.0,Municipio Rosario,Municipio,Rosario,820210,Servicio de Catastro e Información Territorial,IGN
2020,3046,2020-07-07,Martes,,10:50:00,,0.0,2,"Moto/Ciclomotor,Pickup/Utilitario",Ayacucho Y Virasoro,2,0,1,0,1,0,0,"-32.97193, -60.63278",S/D,,ROSARIO,Rosario,Asfalto,S/D,II,S/D,S/D,Ninguna,S/D,Intersección,Bueno,S/D,S/D,Buen Tiempo,Lateral,S/D,Colisión,Ninguna,Vertical,Cordón divisorio,Sin restricción,"-32.97193, -60.63278","['Ayacucho', 'Virasoro']",2,,-32.97193,-60.63278,55.0,538.0,Municipio Rosario,Municipio,Rosario,820210,Servicio de Catastro e Información Territorial,IGN
2020,3047,2020-07-13,Lunes,,00:35:00,,0.0,2,"Moto/Ciclomotor,Taxi/Remis",Virasoro Y Dorrego,3,2,0,0,1,0,0,"-32.96791, -60.65514",Calle,,ROSARIO,Rosario,Asfalto,S/D,II,S/D,Urbana,Señal Pare,S/D,Intersección,S/D,S/D,"Nocturna,Con luz artificial",S/D,S/D,S/D,Colisión,S/D,S/D,S/D,S/D,"-32.96791, -60.65514","['Virasoro', 'Dorrego']",2,,-32.96791,-60.65514,55.0,538.0,Municipio Rosario,Municipio,Rosario,820210,Servicio de Catastro e Información Territorial,IGN
2020,3049,2020-07-04,Sabado,,13:00:00,,0.0,2,"Peatón,Bicicleta",San Martin ,2,1,0,0,1,0,0,"-32.98135, -60.64469",S/D,,ROSARIO,Rosario,Asfalto,No existe,II,S/D,S/D,Ninguna,Funciona,Intersección,Bueno,Buena,Diurna,Buen Tiempo,S/D,Peatón,Atropello,Ninguna,Faltante,Cordón divisorio,Sin restricción,"-32.98135, -60.64469",['San Martin'],1,,-32.98135,-60.64469,55.0,538.0,Municipio Rosario,Municipio,Rosario,820210,Servicio de Catastro e Información Territorial,IGN
2020,3052,2020-07-16,Jueves,,17:15:00,,0.0,2,"Automóvil,Moto/Ciclomotor",9 De Julio Y Crespo,2,1,0,0,1,0,0,"-32.94853, -60.67011",Calle,,ROSARIO,Rosario,Asfalto,S/D,II,S/D,Urbana,S/D,S/D,Intersección,S/D,S/D,Diurna,S/D,S/D,S/D,Colisión,S/D,S/D,S/D,S/D,"-32.94853, -60.67011","['9 de Julio', 'Crespo']",2,,-32.94853,-60.67011,55.0,538.0,Municipio Rosario,Municipio,Rosario,820210,Servicio de Catastro e Información Territorial,IGN
2020,3053,2020-07-02,Jueves,,10:00:00,,0.0,2,"Bicicleta,Automóvil",Bv. Segui Y Buenos Aires,2,1,0,0,1,0,0,"-32.98019, -60.64093",Calle,,ROSARIO,Rosario,Asfalto,No existe,II,Dentro,Urbana,Ninguna,No existe,Intersección,Bueno,Buena,Diurna,Buen Tiempo,S/D,Ciclista,Atropello,Ninguna,S/D,Cordón divisorio,Sin restricción,"-32.98019, -60.64093","['Bulevar Juan Francisco Seguí', 'Buenos Aires']",2,,-32.98019,-60.64093,55.0,538.0,Municipio Rosario,Municipio,Rosario,820210,Servicio de Catastro e Información Territorial,IGN
2020,3055,2020-07-13,Lunes,,19:15:00,,0.0,2,"Bicicleta,Automóvil",9 De Julio 2100,2,1,0,0,0,0,1,"-32.95141, -60.65365",Calle,,ROSARIO,Rosario,Asfalto,S/D,II,S/D,Urbana,S/D,S/D,Recta,S/D,S/D,"Atardecer,Con luz artificial",S/D,S/D,Ciclista,Atropello,S/D,S/D,S/D,S/D,"-32.95141, -60.65365",['9 De Julio 2100'],1,,-32.95141,-60.65365,55.0,538.0,Municipio Rosario,Municipio,Rosario,820210,Servicio de Catastro e Información Territorial,IGN
2020,3056,2020-07-06,Lunes,,13:15:00,,0.0,2,"Moto/Ciclomotor,Pickup/Utilitario",Reg.11 de Infanteria Y Gral. J.M.Paz,2,1,0,0,1,0,0,"-32.99714, -60.62733",Calle,,ROSARIO,Rosario,Asfalto,No existe,II,Dentro,Urbana,Ninguna,No existe,Intersección,Bueno,Buena,Diurna,Buen Tiempo,S/D,S/D,Colisión,Ninguna,Faltante,Cordón divisorio,Sin restricción,"-32.99714, -60.62733","['Regimiento 11', 'Paz']",2,,-32.99714,-60.62733,55.0,538.0,Municipio Rosario,Municipio,Rosario,820210,Servicio de Catastro e Información Territorial,IGN
2020,3057,2020-07-13,Lunes,,16:00:00,,0.0,2,"Moto/Ciclomotor,Automóvil",Laprida Y Riobamba,3,2,0,0,1,0,0,"-32.96371, -60.63841",Calle,,ROSARIO,Rosario,Asfalto,No existe,II,Dentro,Urbana,Ninguna,No existe,Intersección,Bueno,Buena,Diurna,Buen Tiempo,Lateral,S/D,Colisión,Ninguna,Faltante,Ninguna,Sin restricción,"-32.96371, -60.63841","['Laprida', 'Riobamba']",2,,-32.96371,-60.63841,55.0,538.0,Municipio Rosario,Municipio,Rosario,820210,Servicio de Catastro e Información Territorial,IGN
2020,3060,2020-07-08,Miercoles,,13:00:00,,0.0,2,"Pickup/Utilitario,Automóvil",San Martin Y Av. Arijon,2,1,0,0,1,0,0,"-33.00304, -60.64936",Calle,,ROSARIO,Rosario,Asfalto,No existe,II,Dentro,Urbana,Ninguna,Funciona,Intersección,Bueno,Buena,Diurna,Buen Tiempo,De alcance,S/D,Colisión,Ninguna,Faltante,Cordón divisorio,Sin restricción,"-33.00304, -60.64936","['San Martin', 'Avenida Manuel Arijón']",2,,-33.00304,-60.64936,55.0,538.0,Municipio Rosario,Municipio,Rosario,820210,Servicio de Catastro e Información Territorial,IGN
2020,3061,2020-07-14,Martes,,,,0.0,2,"Bicicleta,Automóvil",Dean Funes Y L.N.Alem,2,1,0,0,0,0,1,"-32.97739, -60.63568",Calle,,ROSARIO,Rosario,S/D,S/D,II,S/D,Urbana,S/D,S/D,Intersección,S/D,S/D,S/D,S/D,S/D,Ciclista,Atropello,S/D,S/D,S/D,S/D,"-32.97739, -60.63568","['Deán Gregorio Funes', 'Alem']",2,,-32.97739,-60.63568,55.0,538.0,Municipio Rosario,Municipio,Rosario,820210,Servicio de Catastro e Información Territorial,IGN
2020,3064,2020-07-10,Viernes,,12:30:00,,0.0,2,"Moto/Ciclomotor,Automóvil",Pavon 5200,2,1,0,0,1,0,0,"-32.99735, -60.63428",Calle,,ROSARIO,Rosario,Asfalto,No existe,II,S/D,Urbana,Ninguna,No existe,Intersección,"Bueno,Con baches",Buena,Diurna,Buen Tiempo,Lateral,S/D,Colisión,Ninguna,Faltante,Cordón divisorio,Sin restricción,"-32.99735, -60.63428",['Pavon 5200'],1,,-32.99735,-60.63428,55.0,538.0,Municipio Rosario,Municipio,Rosario,820210,Servicio de Catastro e Información Territorial,IGN
2020,3066,2020-07-13,Lunes,,11:40:00,,0.0,2,"Automóvil,Pickup/Utilitario",Bv. Oroño Y Pje. F.Quiroga,2,2,0,0,0,0,0,"-32.97808, -60.66206",Calle,,ROSARIO,Rosario,Asfalto,No existe,II,Dentro,Urbana,Ninguna,No existe,Intersección,Bueno,Buena,Diurna,Buen Tiempo,De alcance,S/D,Colisión,Ninguna,Faltante,Cordón divisorio,Sin restricción,"-32.97808, -60.66206","['Bulevar Nicasio Oroño', 'Quiroga']",2,,-32.97808,-60.66206,55.0,538.0,Municipio Rosario,Municipio,Rosario,820210,Servicio de Catastro e Información Territorial,IGN
2020,3070,2020-07-07,Martes,,13:00:00,,0.0,1,Taxi/Remis,Sarmiento Y Pje. Mozart,2,1,0,0,1,0,0,"-32.98081, -60.64682",Calle,,ROSARIO,Rosario,Asfalto,No existe,II,Dentro,Urbana,Ninguna,No existe,Intersección,Bueno,Buena,Diurna,Buen Tiempo,Lateral,S/D,Colisión,Ninguna,Faltante,Cordón divisorio,Sin restricción,"-32.98081, -60.64682","['Sarmiento', 'Mozart']",2,,-32.98081,-60.64682,55.0,538.0,Municipio Rosario,Municipio,Rosario,820210,Servicio de Catastro e Información Territorial,IGN
2020,3073,2020-07-14,Martes,,16:25:00,,0.0,2,"Moto/Ciclomotor,Automóvil",Buenos Aires Y Sanchez de Bustamante,2,1,0,0,1,0,0,"-33.00186, -60.64498",Calle,,ROSARIO,Rosario,Asfalto,No existe,II,S/D,Urbana,Ninguna,No existe,Intersección,Bueno,Buena,Diurna,Buen Tiempo,Lateral,S/D,Colisión,Ninguna,Faltante,Cordón divisorio,Sin restricción,"-33.00186, -60.64498","['Buenos Aires', 'Sánchez de Bustamante']",2,,-33.00186,-60.64498,55.0,538.0,Municipio Rosario,Municipio,Rosario,820210,Servicio de Catastro e Información Territorial,IGN
2020,3074,2020-07-11,Sabado,,05:35:00,,0.0,2,"Moto/Ciclomotor,Automóvil",Ayacucho Y Av. Arijon,4,0,2,0,2,0,0,"-33.00265, -60.63601",Calle,,ROSARIO,Rosario,Asfalto,No existe,II,Dentro,Urbana,Ninguna,Intermitente,Intersección,Bueno,Buena,Nocturna,Buen Tiempo,Lateral,S/D,Colisión,Ninguna,Faltante,Cordón divisorio,Sin restricción,"-33.00265, -60.63601","['Ayacucho', 'Avenida Manuel Arijón']",2,,-33.00265,-60.63601,55.0,538.0,Municipio Rosario,Municipio,Rosario,820210,Servicio de Catastro e Información Territorial,IGN
2020,3075,2020-07-04,Sabado,,00:00:00,,0.0,2,"Moto/Ciclomotor,Automóvil",Av. Uriburu Y Av. Corrientes,3,2,0,0,1,0,0,"-32.99085, -60.65374",Calle,,ROSARIO,Rosario,Asfalto,No existe,II,Dentro,Urbana,Ninguna,Intermitente,Intersección,Bueno,S/D,S/D,Buen Tiempo,Lateral,S/D,Colisión,Ninguna,Faltante,Ninguna,Sin restricción,"-32.99085, -60.65374","['Uriburu', 'Corrientes']",2,,-32.99085,-60.65374,55.0,538.0,Municipio Rosario,Municipio,Rosario,820210,Servicio de Catastro e Información Territorial,IGN
2020,3080,2020-07-03,Viernes,,21:00:00,,0.0,2,"Moto/Ciclomotor,Automóvil",Av. Battle y Ordo�ez Y Ayacucho,3,1,0,0,2,0,0,"-33.00863, -60.63581",Avenida,,ROSARIO,Rosario,Asfalto,No existe,II,S/D,Urbana,Semáforo,Funciona,Intersección,Bueno,Buena,Nocturna,Buen Tiempo,Lateral,S/D,Colisión,Ninguna,Vertical,Línea divisoria pintada,Sin restricción,"-33.00863, -60.63581","['Avenida Battle y Ordoñez', 'Ayacucho']",2,,-33.00863,-60.63581,55.0,538.0,Municipio Rosario,Municipio,Rosario,820210,Servicio de Catastro e Información Territorial,IGN
2020,3081,2020-07-11,Sabado,,12:45:00,,0.0,2,"Automóvil,Automóvil",Av. Arijon Y Entre Rios,2,1,0,0,1,0,0,"-33.00314, -60.65179",Calle,,ROSARIO,Rosario,Asfalto,No existe,II,S/D,Urbana,Ninguna,Funciona,Intersección,Bueno,Buena,Diurna,Buen Tiempo,De alcance,S/D,Colisión,Ninguna,Faltante,Ninguna,Sin restricción,"-33.00314, -60.65179","['Avenida Manuel Arijón', 'Entre Ríos']",2,,-33.00314,-60.65179,55.0,538.0,Municipio Rosario,Municipio,Rosario,820210,Servicio de Catastro e Información Territorial,IGN
2020,3082,2020-07-17,Viernes,,06:00:00,,0.0,2,"Moto/Ciclomotor,Moto/Ciclomotor",Garzon Y Av. Genova,2,0,1,0,1,0,0,"-32.91582, -60.70635",Calle,,ROSARIO,Rosario,S/D,No existe,II,S/D,Urbana,Ninguna,No existe,Intersección,S/D,S/D,Amanecer,S/D,Lateral,S/D,Colisión,S/D,Faltante,Ninguna,Sin restricción,"-32.91582, -60.70635","['Garzón', 'Genova']",2,,-32.91582,-60.70635,55.0,538.0,Municipio Rosario,Municipio,Rosario,820210,Servicio de Catastro e Información Territorial,IGN
2020,3083,2020-05-26,Martes,,13:10:00,,0.0,2,"Moto/Ciclomotor,Automóvil",Calle 1507 Y J.M.de Rosas,3,2,0,0,1,0,0,"    -32.92763, -60.7241",Calle,,ROSARIO,Rosario,Asfalto,No existe,II,Dentro,Urbana,Ninguna,No existe,Intersección,Con baches,Buena,Diurna,Buen Tiempo,Lateral,S/D,Colisión,S/D,S/D,Ninguna,Sin restricción,"    -32.92763, -60.7241","['Pasaje 1517', 'De Rosas']",2,,-32.92763,-60.7241,55.0,538.0,Municipio Rosario,Municipio,Rosario,820210,Servicio de Catastro e Información Territorial,IGN
2020,3085,2020-07-12,Domingo,,18:00:00,,0.0,2,"Automóvil,Automóvil",Av. Ntra.Sra.del Rosario 100,4,2,1,0,1,0,0,"-32.99923, -60.62732",Calle,,ROSARIO,Rosario,Asfalto,No existe,II,Dentro,Urbana,S/D,No existe,Intersección,Bueno,Buena,Diurna,Buen Tiempo,De alcance,S/D,Colisión,Ninguna,Faltante,Ninguna,Sin restricción,"-32.99923, -60.62732",['Ntra Sra Del Rosario 100'],1,,-32.99923,-60.62732,55.0,538.0,Municipio Rosario,Municipio,Rosario,820210,Servicio de Catastro e Información Territorial,IGN
2020,3086,2020-07-14,Martes,,20:45:00,,0.0,2,"Peatón,Automóvil",Saavedra Y San Martin,2,1,0,0,1,0,0,"-32.97828, -60.64408",Calle,,ROSARIO,Rosario,Asfalto,No existe,II,Dentro,Urbana,Semáforo,Funciona,Intersección,Bueno,Buena,Nocturna,Buen Tiempo,S/D,Peatón,Atropello,Ninguna,Vertical,Cordón divisorio,Sin restricción,"-32.97828, -60.64408","['Saavedra', 'San Martin']",2,,-32.97828,-60.64408,55.0,538.0,Municipio Rosario,Municipio,Rosario,820210,Servicio de Catastro e Información Territorial,IGN
2020,3087,2020-07-01,Miercoles,,20:45:00,,0.0,2,"Bicicleta,Automóvil",Ayacucho Y Bv. 27 De Febrero,2,1,0,0,1,0,0,"-32.9697, -60.63222",Avenida,,ROSARIO,Rosario,Asfalto,No existe,II,S/D,Urbana,S/D,No existe,Intersección,Bueno,Buena,"Nocturna,Con luz artificial",S/D,S/D,S/D,S/D,Ninguna,Vertical,Cordón divisorio,S/D,"-32.9697, -60.63222","['Ayacucho', '27 de Febrero']",2,,-32.9697,-60.63222,55.0,538.0,Municipio Rosario,Municipio,Rosario,820210,Servicio de Catastro e Información Territorial,IGN
2020,3088,2020-05-27,Miercoles,,19:45:00,,0.0,2,"Moto/Ciclomotor,Automóvil",Ottone Bis Y Pje. Pelayo,2,1,0,0,1,0,0,"    -32.91935, -60.70081",Calle,,ROSARIO,Rosario,Hormigón,No existe,II,Dentro,Urbana,Ninguna,No existe,Intersección,S/D,Reducida,Atardecer,S/D,Lateral,S/D,Colisión,S/D,Faltante,Ninguna,Sin restricción,"    -32.91935, -60.70081","['Ottone', 'Pelayo']",2,,-32.91935,-60.70081,55.0,538.0,Municipio Rosario,Municipio,Rosario,820210,Servicio de Catastro e Información Territorial,IGN
2020,3090,2020-07-14,Martes,,19:40:00,,0.0,2,"Moto/Ciclomotor,Automóvil",Pte.Quintana Y Mariano Moreno,2,1,0,0,1,0,0,"-32.9803, -60.65964",Calle,,ROSARIO,Rosario,Asfalto,No existe,II,Dentro,Urbana,S/D,No existe,Intersección,Bueno,Buena,Atardecer,Buen Tiempo,Lateral,S/D,Colisión,Ninguna,Faltante,Ninguna,Sin restricción,"-32.9803, -60.65964","['Quintana', 'Mariano Moreno']",2,,-32.9803,-60.65964,55.0,538.0,Municipio Rosario,Municipio,Rosario,820210,Servicio de Catastro e Información Territorial,IGN
2020,3091,2020-12-15,Martes,,23:00:00,,0.0,2,"Moto/Ciclomotor,Automóvil",Hilarion de la Quintana Y Av. Corrientes,3,1,1,0,1,0,0,"-32.98178, -60.6514",Calle,,ROSARIO,Rosario,Asfalto,No existe,II,Dentro,Urbana,Ninguna,No existe,Intersección,Bueno,Reducida,Nocturna,Buen Tiempo,Lateral,S/D,Colisión,Ninguna,Faltante,Ninguna,Sin restricción,"-32.98178, -60.6514","['Hilarión de la Quintana', 'Corrientes']",2,,-32.98178,-60.6514,55.0,538.0,Municipio Rosario,Municipio,Rosario,820210,Servicio de Catastro e Información Territorial,IGN
2020,3092,2020-07-17,Viernes,,10:10:00,,0.0,2,"Automóvil,Bicicleta",Bv. Avellaneda Y Ituzaingo,2,1,0,0,1,0,0,"-32.95339, -60.6827",Avenida,,ROSARIO,Rosario,Asfalto,Pavimento,II,Dentro,Urbana,Ninguna,No existe,Intersección,Otro,Buena,Diurna,S/D,S/D,Ciclista,Atropello,Otro,Faltante,"Cordón divisorio,Vegetación",Sin restricción,"-32.95339, -60.6827","['Avellaneda', 'Ituzaingó']",2,,-32.95339,-60.6827,55.0,538.0,Municipio Rosario,Municipio,Rosario,820210,Servicio de Catastro e Información Territorial,IGN
2020,3093,2020-07-14,Martes,,14:30:00,,0.0,2,"Bicicleta,Automóvil",San Martin 3400,2,1,0,0,1,0,0,"-32.97602, -60.64405",Calle,,ROSARIO,Rosario,Asfalto,No existe,II,Dentro,Urbana,Ninguna,Funciona,Intersección,Bueno,Buena,Diurna,Buen Tiempo,S/D,Ciclista,Atropello,Ninguna,Faltante,Cordón divisorio,Sin restricción,"-32.97602, -60.64405",['San Martin 3400'],1,,-32.97602,-60.64405,55.0,538.0,Municipio Rosario,Municipio,Rosario,820210,Servicio de Catastro e Información Territorial,IGN
2020,3094,2020-07-08,Miercoles,,11:50:00,,0.0,2,"Moto/Ciclomotor,Automóvil",Bv. Oroño Y Pte.Quintana,2,1,0,0,1,0,0,"-32.97962, -60.66246",Calle,,ROSARIO,Rosario,Asfalto,No existe,II,Dentro,Urbana,Semáforo,Funciona,Intersección,Bueno,Buena,Diurna,Buen Tiempo,Lateral,S/D,Colisión,Ninguna,Vertical,Cordón divisorio,Sin restricción,"-32.97962, -60.66246","['Bulevar Nicasio Oroño', 'Quintana']",2,,-32.97962,-60.66246,55.0,538.0,Municipio Rosario,Municipio,Rosario,820210,Servicio de Catastro e Información Territorial,IGN
2020,3095,2020-07-17,Viernes,,13:30:00,,0.0,2,"Automóvil,Bicicleta",Mitre Y Rueda,2,1,0,0,1,0,0,"-32.9708, -60.64572",Calle,,ROSARIO,Rosario,Asfalto,S/D,II,S/D,Urbana,S/D,S/D,Intersección,S/D,S/D,Diurna,S/D,S/D,Ciclista,Atropello,S/D,S/D,S/D,S/D,"-32.9708, -60.64572","['Mitre', 'Rueda']",2,,-32.9708,-60.64572,55.0,538.0,Municipio Rosario,Municipio,Rosario,820210,Servicio de Catastro e Información Territorial,IGN
2020,3096,2020-07-11,Sabado,,10:30:00,,0.0,1,Moto/Ciclomotor,Godoy Cruz Y Camino de los Granaderos,2,2,0,0,0,0,0,"-32.89204, -60.70639",Calle,,ROSARIO,Rosario,Asfalto,No existe,II,S/D,Urbana,Ninguna,No existe,Intersección,Bueno,Buena,Diurna,Buen Tiempo,Otro,S/D,Cañda ocupante,Ninguna,S/D,Ninguna,Sin restricción,"-32.89204, -60.70639","['Avenida Presidente Perón', 'Camino de los Granaderos']",2,,-32.89204,-60.70639,55.0,538.0,Municipio Rosario,Municipio,Rosario,820210,Servicio de Catastro e Información Territorial,IGN
2020,3097,2020-07-04,Sabado,,20:00:00,,0.0,2,"Moto/Ciclomotor,Automóvil",Ayacucho Y F.Frias,2,1,0,0,1,0,0,"-33.01195, -60.64815",Calle,,ROSARIO,Rosario,Asfalto,No existe,II,Dentro,Urbana,Ninguna,No existe,Recta,Bueno,Buena,Nocturna,Buen Tiempo,Lateral,S/D,Colisión,Ninguna,Faltante,Línea divisoria pintada,Sin restricción,"-33.01195, -60.64815","['Ayacucho', 'Frias']",2,,-33.01195,-60.64815,55.0,538.0,Municipio Rosario,Municipio,Rosario,820210,Servicio de Catastro e Información Territorial,IGN
2020,3098,2020-07-17,Viernes,,13:06:00,,0.0,2,"Moto/Ciclomotor,Moto/Ciclomotor",Av. Pellegrini Y Pascual Rosas,2,1,0,0,0,0,1,"-32.94878, -60.68869",Avenida,,ROSARIO,Rosario,Asfalto,No existe,II,Fuera,Urbana,Ninguna,No existe,Intersección,Bueno,Buena,Diurna,Buen Tiempo,Lateral,S/D,Colisión,Ninguna,Faltante,S/D,Sin restricción,"-32.94878, -60.68869","['Pellegrini', 'Pascual Rosas']",2,,-32.94878,-60.68869,55.0,538.0,Municipio Rosario,Municipio,Rosario,820210,Servicio de Catastro e Información Territorial,IGN
2020,3099,2020-05-26,Martes,,00:30:00,,0.0,2,"Moto/Ciclomotor,Automóvil",Alsina Y Av. Pte.Peron,2,1,0,0,1,0,0,"    -32.95718, -60.68084",Avenida,,ROSARIO,Rosario,Asfalto,No existe,II,Dentro,Urbana,S/D,Intermitente,Intersección,Bueno,S/D,Nocturna,S/D,S/D,S/D,Colisión,S/D,S/D,S/D,S/D,"    -32.95718, -60.68084","['Alsina', 'Avenida Presidente Perón']",2,,-32.95718,-60.68084,55.0,538.0,Municipio Rosario,Municipio,Rosario,820210,Servicio de Catastro e Información Territorial,IGN
2020,3100,2020-07-16,Jueves,,03:15:00,,0.0,2,"Peatón,Otros",Av. Genova 2000,2,0,1,0,0,0,1,"-32.91539, -60.69198",Calle,,ROSARIO,Rosario,Asfalto,Pavimento,II,S/D,Urbana,Semáforo,Funciona,Recta,Bueno,Buena,Nocturna,Buen Tiempo,S/D,Peatón,Atropello,Ninguna,Horizontal,Cordón divisorio,Sin restricción,"-32.91539, -60.69198",['Genova 2000'],1,,-32.91539,-60.69198,55.0,538.0,Municipio Rosario,Municipio,Rosario,820210,Servicio de Catastro e Información Territorial,IGN
2020,3101,2020-07-06,Lunes,,16:45:00,,0.0,2,"Moto/Ciclomotor,Automóvil",San Martin Y Garibaldi,2,1,0,0,1,0,0,"-32.98655, -60.64562",Calle,,ROSARIO,Rosario,Asfalto,No existe,II,Dentro,Urbana,Ninguna,No existe,Intersección,Bueno,Buena,Diurna,Buen Tiempo,Lateral,S/D,Colisión,S/D,Faltante,Cordón divisorio,Sin restricción,"-32.98655, -60.64562","['San Martin', 'José Garibaldi']",2,,-32.98655,-60.64562,55.0,538.0,Municipio Rosario,Municipio,Rosario,820210,Servicio de Catastro e Información Territorial,IGN
2020,3103,2020-07-06,Lunes,,18:30:00,,0.0,2,"Bicicleta,Automóvil",San Martin ,2,1,0,0,1,0,0,"-32.98131, -60.6446",S/D,,ROSARIO,Rosario,Asfalto,S/D,II,S/D,S/D,S/D,No existe,Recta,Bueno,Reducida,Diurna,Viento Fuerte,S/D,Ciclista,Atropello,Ninguna,Faltante,Línea divisoria pintada,Sin restricción,"-32.98131, -60.6446",['San Martin'],1,,-32.98131,-60.6446,55.0,538.0,Municipio Rosario,Municipio,Rosario,820210,Servicio de Catastro e Información Territorial,IGN
2020,3104,2020-07-10,Viernes,,17:15:00,,0.0,2,"Bicicleta,Pickup/Utilitario",Albert Sabin Y Bv. Avellaneda,2,1,0,0,0,0,1,"-32.92881, -60.67659",Calle,,ROSARIO,Rosario,Asfalto,S/D,II,S/D,Urbana,S/D,S/D,Recta,S/D,S/D,S/D,Buen Tiempo,S/D,Ciclista,Atropello,S/D,Vertical,S/D,S/D,"-32.92881, -60.67659","['Avenida Travesía Albert Sabin', 'Avellaneda']",2,,-32.92881,-60.67659,55.0,538.0,Municipio Rosario,Municipio,Rosario,820210,Servicio de Catastro e Información Territorial,IGN
2020,3106,2020-07-15,Miercoles,,11:20:00,,0.0,2,"Moto/Ciclomotor,Automóvil",Bv. Avellaneda Y Grondona,3,1,0,0,2,0,0,"-32.92129, -60.67468",Calle,,ROSARIO,Rosario,Asfalto,S/D,II,S/D,Urbana,S/D,S/D,Intersección,Bueno,Buena,Diurna,Buen Tiempo,S/D,S/D,Colisión,S/D,Vertical,Cordón divisorio,S/D,"-32.92129, -60.67468","['Avellaneda', 'Grondona']",2,,-32.92129,-60.67468,55.0,538.0,Municipio Rosario,Municipio,Rosario,820210,Servicio de Catastro e Información Territorial,IGN
2020,3110,2020-07-16,Jueves,,15:05:00,,0.0,2,"Automóvil,Moto/Ciclomotor",Av. E.Lopez ,3,1,0,0,2,0,0,"-32.92855, -60.65498",Calle,,ROSARIO,Rosario,Asfalto,S/D,II,S/D,Urbana,S/D,Funciona,Recta,Bueno,Buena,Diurna,Buen Tiempo,Otro,S/D,Colisión,S/D,Vertical,S/D,S/D,"-32.92855, -60.65498",['E Lopez'],1,,-32.92855,-60.65498,55.0,538.0,Municipio Rosario,Municipio,Rosario,820210,Servicio de Catastro e Información Territorial,IGN
2020,3112,2020-07-01,Miercoles,,12:20:00,,0.0,2,"Pickup/Utilitario,Moto/Ciclomotor",Salvat Y Medrano,2,1,0,0,1,0,0,"-32.88259, -60.70376",Calle,,ROSARIO,Rosario,Asfalto,Pavimento,II,S/D,Urbana,Ninguna,No existe,Intersección,Bueno,Buena,Diurna,Buen Tiempo,S/D,S/D,Colisión,Ninguna,Faltante,Ninguna,Sin restricción,"-32.88259, -60.70376","['Salvat', 'Medrano']",2,,-32.88259,-60.70376,55.0,538.0,Municipio Rosario,Municipio,Rosario,820210,Servicio de Catastro e Información Territorial,IGN
2020,3116,2020-07-01,Miercoles,,12:00:00,,0.0,2,"Automóvil,Moto/Ciclomotor",Ongamira Y Valle Hermoso,2,1,0,0,1,0,0,"-32.88644, -60.70682",S/D,,ROSARIO,Rosario,Asfalto,Pavimento,II,S/D,S/D,S/D,S/D,Intersección,Bueno,S/D,Diurna,S/D,S/D,S/D,S/D,Ninguna,Faltante,S/D,S/D,"-32.88644, -60.70682","['Ongamira', 'Valle Hermoso']",2,,-32.88644,-60.70682,55.0,538.0,Municipio Rosario,Municipio,Rosario,820210,Servicio de Catastro e Información Territorial,IGN
2020,3121,2020-07-07,Martes,,20:51:00,,0.0,2,"Pickup/Utilitario,Moto/Ciclomotor",Medrano 2800,4,0,2,0,0,0,2,"-32.88799, -60.70352",S/D,,ROSARIO,Rosario,Asfalto,No existe,II,S/D,Urbana,Ninguna,No existe,Recta,Con baches,Reducida,Nocturna,Buen Tiempo,S/D,S/D,S/D,Ninguna,Horizontal,Vegetación,S/D,"-32.88799, -60.70352",['Medrano 2800'],1,,-32.88799,-60.70352,55.0,538.0,Municipio Rosario,Municipio,Rosario,820210,Servicio de Catastro e Información Territorial,IGN
2020,3122,2020-05-28,Jueves,,17:50:00,,0.0,2,"Automóvil,Moto/Ciclomotor",Bv. Segui 6600,2,1,0,0,1,0,0,"    -32.97107, -60.70972",Avenida,,ROSARIO,Rosario,Asfalto,S/D,II,Dentro,Urbana,Otra Señal,Funciona,Intersección,S/D,Buena,"Atardecer,Con luz artificial",S/D,S/D,S/D,Colisión,Ninguna,Vertical,S/D,Sin restricción,"    -32.97107, -60.70972",['Bulevar Juan Francisco Seguí 6600'],1,,-32.97107,-60.70972,55.0,538.0,Municipio Rosario,Municipio,Rosario,820210,Servicio de Catastro e Información Territorial,IGN