anio_acci,nro_acci,fecha,desc_dia,fecha_aprox,hora_aprox,desc_ruta,km,cant_participantes,desc_participante,calle_avenida_km,total,heridos_leves,heridos_graves,heridos_gravisimos,ilesos,fallecidos,sin_datos,posicion_XY,desc_tipo_via,desc_ruta_ori,desc_loc,desc_dpto,desc_tipo_calzada,desc_tipo_banquina,desc_unidad_regional,desc_lugar_calzada,desc_zona,desc_prioridad,desc_estado_semaforo,desc_lugar_via,desc_estado_via,desc_estado_visibilidad,desc_luminosidad,desc_estado_clima,desc_tipo_colision,desc_tipo_atropello,desc_tipo_hecho,desc_pres_calzada,desc_senializacion,desc_separacion_via,desc_restriccion,forma_geocod,calle_lista,numero_calles,calles_osm,lat,lon,index_right,gid,fna,gna,nam,in1,fdc,sag
2020,3124,2020-05-29,Viernes,,10:30:00,,0.0,2,"Automóvil,Tren",Tte.Agneta 7500,2,1,0,0,1,0,0,"    -32.94947, -60.69947",Calle,,ROSARIO,Rosario,Asfalto,No existe,II,Dentro,Urbana,S/D,No existe,Paso a Nivel FFCC,Bueno,Buena,Diurna,S/D,Otro,S/D,Colisión,Otro,Faltante,Ninguna,Sin restricción,"    -32.94947, -60.69947",['Tenienteagneta 7500'],1,,-32.94947,-60.69947,55.0,538.0,Municipio Rosario,Municipio,Rosario,820210,Servicio de Catastro e Información Territorial,IGN
2020,3127,2020-05-28,Jueves,,19:50:00,,0.0,2,"Moto/Ciclomotor,Automóvil",Rivarola Y Rivarola,2,0,1,0,1,0,0,"    -32.96628, -60.72635",Calle,,ROSARIO,Rosario,Asfalto,Pavimento,II,Dentro,Urbana,Ninguna,Funciona,Intersección,Bueno,Buena,"Atardecer,Con luz artificial",S/D,Otro,S/D,Colisión,Ninguna,S/D,Ninguna,Sin restricción,"    -32.96628, -60.72635","['Rivarola', 'Rivarola']",2,,-32.96628,-60.72635,55.0,538.0,Municipio Rosario,Municipio,Rosario,820210,Servicio de Catastro e Información Territorial,IGN
2020,3128,2020-07-08,Miercoles,,11:00:00,,0.0,2,"Moto/Ciclomotor,Pickup/Utilitario",MARIA ELENA WALSH 2300,2,1,0,0,1,0,0,"-32.8942, -60.72355",Calle,,ROSARIO,Rosario,Asfalto,No existe,II,S/D,Urbana,Ninguna,No existe,Intersección,Bueno,Buena,Diurna,Buen Tiempo,Lateral,S/D,Colisión,Ninguna,Faltante,Ninguna,Sin restricción,"-32.8942, -60.72355",['Maria Elena Walsh 2300'],1,,-32.8942,-60.72355,55.0,538.0,Municipio Rosario,Municipio,Rosario,820210,Servicio de Catastro e Información Territorial,IGN
2020,3129,2020-05-27,Miercoles,,18:00:00,,0.0,2,"Camión c / Semirremolque,Bicicleta",Bv. Oroño Y Av. Ntra.Sra.del Rosario,2,1,0,0,1,0,0,"    -33.00056, -60.66492",Avenida,,ROSARIO,Rosario,Hormigón,Ripio,II,Dentro,Urbana,Ninguna,Funciona,Recta,Bueno,Buena,Atardecer,Buen Tiempo,S/D,Ciclista,Atropello,Ninguna,Faltante,Ninguna,Sin restricción,"    -33.00056, -60.66492","['Bulevar Nicasio Oroño', 'Nuestra Señora del Rosario']",2,,-33.00056,-60.66492,55.0,538.0,Municipio Rosario,Municipio,Rosario,820210,Servicio de Catastro e Información Territorial,IGN
2020,3131,2020-07-08,Miercoles,,18:00:00,,0.0,3,"Automóvil,Moto/Ciclomotor,Automóvil",Av. Luis Carballo Y Echeverria Bis,3,1,0,0,2,0,0,"-32.92186, -60.67227",Avenida,,ROSARIO,Rosario,Asfalto,Pavimento,II,S/D,Urbana,S/D,S/D,Recta,Bueno,S/D,S/D,Buen Tiempo,Otro,S/D,S/D,S/D,S/D,S/D,S/D,"-32.92186, -60.67227","['Avenida Doctor Luis Cándido Carballo', 'Echeverría']",2,,-32.92186,-60.67227,55.0,538.0,Municipio Rosario,Municipio,Rosario,820210,Servicio de Catastro e Información Territorial,IGN
2020,3133,2020-05-27,Miercoles,,11:15:00,,0.0,2,"Automóvil,Peatón",Galvez Y Lavalle,2,0,1,0,1,0,0,"    -32.96167, -60.68337",Calle,,ROSARIO,Rosario,Asfalto,No existe,II,Dentro,Urbana,Ninguna,No existe,Recta,Bueno,Buena,Diurna,S/D,S/D,Peatón,Atropello,Ninguna,Faltante,Ninguna,Sin restricción,"    -32.96167, -60.68337","['Galvez', 'Lavalle']",2,,-32.96167,-60.68337,55.0,538.0,Municipio Rosario,Municipio,Rosario,820210,Servicio de Catastro e Información Territorial,IGN
2020,3134,2020-07-10,Viernes,,21:30:00,,0.0,2,"Automóvil,Automóvil",Bv. Avellaneda Y Casilda,5,2,0,0,3,0,0,"-32.95883, -60.693",Avenida,,ROSARIO,Rosario,Asfalto,S/D,II,S/D,Urbana,S/D,S/D,Intersección,Bueno,S/D,S/D,S/D,S/D,S/D,S/D,S/D,Vertical,S/D,S/D,"-32.95883, -60.693","['Avellaneda', 'Casilda']",2,,-32.95883,-60.693,55.0,538.0,Municipio Rosario,Municipio,Rosario,820210,Servicio de Catastro e Información Territorial,IGN
2020,3135,2020-07-13,Lunes,,18:40:00,,0.0,2,"Automóvil,Moto/Ciclomotor",Rivarola Y C.Larralde,5,0,1,0,4,0,0,"-32.96633, -60.72601",Calle,,ROSARIO,Rosario,Asfalto,Pavimento,II,S/D,Urbana,Ninguna,No existe,Intersección,Otro,Reducida,Atardecer,Otro,Otro,S/D,Colisión,Otro,Faltante,"Cordón divisorio,Vegetación,Línea divisoria pintada",Sin restricción,"-32.96633, -60.72601","['Rivarola', 'Larralde']",2,,-32.96633,-60.72601,55.0,538.0,Municipio Rosario,Municipio,Rosario,820210,Servicio de Catastro e Información Territorial,IGN
2020,3138,2020-07-06,Lunes,,05:50:00,,0.0,2,"Moto/Ciclomotor,Taxi/Remis",J.J.Paso Y Larrea,2,1,0,0,1,0,0,"-32.91991, -60.69812",Avenida,,ROSARIO,Rosario,Asfalto,No existe,II,Dentro,Urbana,Ninguna,No existe,Recta,Bueno,Buena,Nocturna,Buen Tiempo,Otro,S/D,Colisión,Ninguna,Faltante,Ninguna,Sin restricción,"-32.91991, -60.69812","['Paso', 'Larrea']",2,,-32.91991,-60.69812,55.0,538.0,Municipio Rosario,Municipio,Rosario,820210,Servicio de Catastro e Información Territorial,IGN
2020,3143,2020-05-26,Martes,,12:35:00,,0.0,2,"Moto/Ciclomotor,Automóvil",Dean Funes Y Chacabuco,3,1,0,0,2,0,0,"    -32.97842, -60.63005",Calle,,ROSARIO,Rosario,Asfalto,Pavimento,II,Dentro,Urbana,Ninguna,No existe,Intersección,S/D,Buena,Diurna,Buen Tiempo,S/D,S/D,Colisión,S/D,S/D,Ninguna,Sin restricción,"    -32.97842, -60.63005","['Deán Gregorio Funes', 'Chacabuco']",2,,-32.97842,-60.63005,55.0,538.0,Municipio Rosario,Municipio,Rosario,820210,Servicio de Catastro e Información Territorial,IGN
2020,3152,2020-05-27,Miercoles,,13:30:00,,0.0,2,"Moto/Ciclomotor,Pickup/Utilitario",Buenos Aires Y Dr.Rivas,2,1,0,0,1,0,0,"    -32.98463, -60.64208",Calle,,ROSARIO,Rosario,Asfalto,No existe,II,Dentro,Urbana,Ninguna,No existe,Intersección,Bueno,Buena,Diurna,Buen Tiempo,Lateral,S/D,Colisión,S/D,Faltante,Línea divisoria pintada,Sin restricción,"    -32.98463, -60.64208","['Buenos Aires', 'Doctor Francisco Riva']",2,,-32.98463,-60.64208,55.0,538.0,Municipio Rosario,Municipio,Rosario,820210,Servicio de Catastro e Información Territorial,IGN
2020,3158,2020-05-26,Martes,,14:15:00,,0.0,2,"Moto/Ciclomotor,Automóvil",Salva ,2,1,0,0,1,0,0,"    -33.00633, -60.6401",Calle,,ROSARIO,Rosario,Asfalto,No existe,II,Dentro,Urbana,S/D,S/D,Intersección,S/D,S/D,Diurna,S/D,Lateral,S/D,Colisión,S/D,S/D,S/D,S/D,"    -33.00633, -60.6401",['Salva'],1,,-33.00633,-60.6401,55.0,538.0,Municipio Rosario,Municipio,Rosario,820210,Servicio de Catastro e Información Territorial,IGN
2020,3160,2020-05-28,Jueves,,15:40:00,,0.0,2,"Peatón,Pickup/Utilitario",Casilda Y Don Bosco,2,1,0,0,1,0,0,"    -32.92824, -60.68043",Calle,,ROSARIO,Rosario,Asfalto,S/D,II,Dentro,Urbana,Ninguna,No existe,Recta,S/D,Reducida polvo,Diurna,Buen Tiempo,S/D,Peatón,Atropello,S/D,S/D,Cordón divisorio,Sin restricción,"    -32.92824, -60.68043","['Casilda', 'Don Bosco']",2,,-32.92824,-60.68043,55.0,538.0,Municipio Rosario,Municipio,Rosario,820210,Servicio de Catastro e Información Territorial,IGN
2020,3163,2020-05-29,Viernes,,17:20:00,,0.0,2,"Bicicleta,Bicicleta",Av. Luis Carballo Y Echeverria Bis,2,2,0,0,0,0,0,"    -32.92197, -60.67228",Calle,,ROSARIO,Rosario,Asfalto,No existe,II,Dentro,Urbana,S/D,S/D,Intersección,S/D,S/D,Diurna,Buen Tiempo,S/D,Ciclista,Atropello,S/D,S/D,Cordón divisorio,Sin restricción,"    -32.92197, -60.67228","['Avenida Doctor Luis Cándido Carballo', 'Echeverría']",2,,-32.92197,-60.67228,55.0,538.0,Municipio Rosario,Municipio,Rosario,820210,Servicio de Catastro e Información Territorial,IGN
2020,3164,2020-05-28,Jueves,,10:10:00,,0.0,2,"Moto/Ciclomotor,Camión Chasis",Montevideo Y Lavalle,2,1,0,0,1,0,0,"    -32.94906, -60.68022",Calle,,ROSARIO,Rosario,S/D,No existe,II,Dentro,Urbana,S/D,No existe,Intersección,Bueno,Buena,Diurna,S/D,Lateral,S/D,Colisión,Ninguna,Faltante,Ninguna,S/D,"    -32.94906, -60.68022","['Montevideo', 'Lavalle']",2,,-32.94906,-60.68022,55.0,538.0,Municipio Rosario,Municipio,Rosario,820210,Servicio de Catastro e Información Territorial,IGN
2020,3183,2020-05-30,Sabado,,13:10:00,,0.0,2,"Automóvil,Automóvil",Bv. Avellaneda Y San Lorenzo,5,1,0,0,4,0,0,"-32.936815021499,-60.678451726942",Avenida,,ROSARIO,Rosario,Asfalto,No existe,II,Dentro,Urbana,Semáforo,Funciona,Intersección,Bueno,Buena,Diurna,Buen Tiempo,De alcance,S/D,Colisión,Ninguna,"Horizontal,Vertical","Cordón divisorio,Línea divisoria pintada",Sin restricción,"-32.936815021499,-60.678451726942","['Avellaneda', 'San Lorenzo']",2,,-32.936815021499,-60.678451726942,55.0,538.0,Municipio Rosario,Municipio,Rosario,820210,Servicio de Catastro e Información Territorial,IGN
2020,3188,2020-07-18,Sabado,,15:20:00,,0.0,2,"Automóvil,Moto/Ciclomotor",San Lorenzo Y Valparaiso,3,1,0,0,2,0,0,"-32.93632, -60.68128",Calle,,ROSARIO,Rosario,S/D,No existe,II,Dentro,Urbana,S/D,No existe,Intersección,S/D,Buena,Diurna,S/D,S/D,S/D,Colisión,S/D,Faltante,S/D,S/D,"-32.93632, -60.68128","['San Lorenzo', 'Valparaíso']",2,,-32.93632,-60.68128,55.0,538.0,Municipio Rosario,Municipio,Rosario,820210,Servicio de Catastro e Información Territorial,IGN
2020,3189,2020-06-09,Martes,,14:45:00,,0.0,2,"Automóvil,Peatón",Av. Pellegrini Y Laprida,2,1,0,0,1,0,0,"-32.958050081646,-60.636990397766",Avenida,,ROSARIO,Rosario,Asfalto,No existe,II,Dentro,Urbana,Semáforo,Funciona,Intersección,Bueno,Buena,Diurna,Buen Tiempo,S/D,Peatón,Atropello,Ninguna,"Horizontal,Vertical","Cordón divisorio,Vegetación,Línea divisoria pintada",Sin restricción,"-32.958050081646,-60.636990397766","['Pellegrini', 'Laprida']",2,,-32.958050081646,-60.636990397766,55.0,538.0,Municipio Rosario,Municipio,Rosario,820210,Servicio de Catastro e Información Territorial,IGN
2020,3191,2020-07-18,Sabado,,07:30:00,,0.0,2,"Automóvil,Moto/Ciclomotor",Bv. Segui Y Av. La Haya,2,1,0,0,1,0,0,"-32.97429, -60.67272",Avenida,,ROSARIO,Rosario,Asfalto,No existe,II,Dentro,Urbana,Ninguna,No existe,Intersección,Bueno,Buena,Diurna,Buen Tiempo,S/D,S/D,Colisión,Ninguna,Faltante,Cordón divisorio,Sin restricción,"-32.97429, -60.67272","['Bulevar Juan Francisco Seguí', 'La Haya']",2,,-32.97429,-60.67272,55.0,538.0,Municipio Rosario,Municipio,Rosario,820210,Servicio de Catastro e Información Territorial,IGN
2020,3192,2020-06-09,Martes,,07:45:00,,0.0,1,Bicicleta,Rodriguez Y San Luis,1,1,0,0,0,0,0,"-32.945353861043,-60.659380537193",Calle,,ROSARIO,Rosario,Asfalto,No existe,II,Dentro,Urbana,Paso Peatonal,No existe,Intersección,Bueno,Buena,Diurna,Buen Tiempo,S/D,S/D,Cañda ocupante,Ninguna,Horizontal,Línea divisoria pintada,Sin restricción,"-32.945353861043,-60.659380537193","['Rodríguez', 'San Luis']",2,,-32.945353861043,-60.659380537193,55.0,538.0,Municipio Rosario,Municipio,Rosario,820210,Servicio de Catastro e Información Territorial,IGN
2020,3193,2020-07-18,Sabado,,12:55:00,,0.0,2,"Automóvil,Moto/Ciclomotor",Riobamba Y Mitre,2,1,0,0,1,0,0,"-32.96277, -60.64371",Calle,,ROSARIO,Rosario,Asfalto,S/D,II,S/D,Urbana,S/D,S/D,Intersección,S/D,S/D,Diurna,S/D,S/D,S/D,Colisión,S/D,S/D,S/D,S/D,"-32.96277, -60.64371","['Riobamba', 'Mitre']",2,,-32.96277,-60.64371,55.0,538.0,Municipio Rosario,Municipio,Rosario,820210,Servicio de Catastro e Información Territorial,IGN
2020,3194,2020-06-09,Martes,,21:00:00,,0.0,2,"Automóvil,Pickup/Utilitario",3 De Febrero Y Av. Francia,4,0,1,0,3,0,0,"-32.947899730315,-60.667018352441",Avenida,,ROSARIO,Rosario,Asfalto,No existe,II,Dentro,Urbana,Semáforo,Funciona,Intersección,Bueno,Buena,Diurna,Buen Tiempo,S/D,S/D,Colisión,Ninguna,"Horizontal,Vertical","Cordón divisorio,Vegetación,Línea divisoria pintada",Sin restricción,"-32.947899730315,-60.667018352441","['3 de Febrero', 'Avenida Francia']",2,,-32.947899730315,-60.667018352441,55.0,538.0,Municipio Rosario,Municipio,Rosario,820210,Servicio de Catastro e Información Territorial,IGN
2020,3196,2020-07-18,Sabado,,09:00:00,,0.0,2,"Automóvil,Moto/Ciclomotor",Av. Eva Peron Y Rio De Janeiro,2,2,0,0,0,0,0,"-32.93883, -60.6805",Calle,,ROSARIO,Rosario,Asfalto,S/D,II,S/D,Urbana,Semáforo,Funciona,Intersección,S/D,S/D,Diurna,S/D,S/D,S/D,Colisión,S/D,S/D,S/D,S/D,"-32.93883, -60.6805","['Avenida Eva Perón', 'Río de Janeiro']",2,,-32.93883,-60.6805,55.0,538.0,Municipio Rosario,Municipio,Rosario,820210,Servicio de Catastro e Información Territorial,IGN
2020,3197,2020-07-18,Sabado,,09:45:00,,0.0,2,"Automóvil,Automóvil",Av. Corrientes Y Viamonte,3,1,0,0,2,0,0,"-32.96458, -60.6471",Calle,,ROSARIO,Rosario,Asfalto,No existe,II,Dentro,Urbana,Señal Pare,No existe,Intersección,Resbaladiza,Reducida,Diurna,Lluvia,Lateral,S/D,Colisión,Agua,Vertical,Línea divisoria pintada,Sin restricción,"-32.96458, -60.6471","['Corrientes', 'Viamonte']",2,,-32.96458,-60.6471,55.0,538.0,Municipio Rosario,Municipio,Rosario,820210,Servicio de Catastro e Información Territorial,IGN
2020,3198,2020-06-04,Jueves,,17:15:00,,0.0,2,"Moto/Ciclomotor,Moto/Ciclomotor",Av. Pellegrini Y Entre Rios,2,1,0,0,1,0,0,"-32.956851079379,-60.64370481972",Avenida,,ROSARIO,Rosario,Asfalto,No existe,II,Dentro,Urbana,Semáforo,Funciona,Intersección,Bueno,Buena,Diurna,Buen Tiempo,Lateral,S/D,Colisión,Ninguna,"Horizontal,Vertical","Cordón divisorio,Vegetación,Línea divisoria pintada",Sin restricción,"-32.956851079379,-60.64370481972","['Pellegrini', 'Entre Ríos']",2,,-32.956851079379,-60.64370481972,55.0,538.0,Municipio Rosario,Municipio,Rosario,820210,Servicio de Catastro e Información Territorial,IGN
2020,3200,2020-06-06,Sabado,,18:00:00,,0.0,2,"Bicicleta,Automóvil",9 De Julio Y Paraguay,2,1,0,0,1,0,0,"-32.952823818838,-60.645591130985",Calle,,ROSARIO,Rosario,Asfalto,No existe,II,Dentro,Urbana,Paso Peatonal,No existe,Intersección,Bueno,Buena,Diurna,Buen Tiempo,S/D,S/D,Colisión,Ninguna,Horizontal,Línea divisoria pintada,Sin restricción,"-32.952823818838,-60.645591130985","['9 de Julio', 'Paraguay']",2,,-32.952823818838,-60.645591130985,55.0,538.0,Municipio Rosario,Municipio,Rosario,820210,Servicio de Catastro e Información Territorial,IGN
2020,3202,2020-07-18,Sabado,,16:32:00,,0.0,2,"Automóvil,Peatón",Saavedra Y Italia,2,1,0,0,1,0,0,"-32.97621, -60.6558",Calle,,ROSARIO,Rosario,Asfalto,No existe,II,Dentro,Urbana,Ninguna,No existe,Intersección,Bueno,Buena,Diurna,Buen Tiempo,S/D,Peatón,Atropello,S/D,Faltante,Ninguna,Sin restricción,"-32.97621, -60.6558","['Saavedra', 'Italia']",2,,-32.97621,-60.6558,55.0,538.0,Municipio Rosario,Municipio,Rosario,820210,Servicio de Catastro e Información Territorial,IGN
2020,3203,2020-06-04,Jueves,,07:50:00,,0.0,2,"Moto/Ciclomotor,Moto/Ciclomotor",Cordoba Y Vera Mujica,3,2,0,0,1,0,0,"-32.941274821775,-60.666876219617",Calle,,ROSARIO,Rosario,Asfalto,No existe,II,Dentro,Urbana,Semáforo,No existe,Intersección,Bueno,Buena,Diurna,Buen Tiempo,S/D,S/D,Colisión,Ninguna,"Horizontal,Vertical",Línea divisoria pintada,Sin restricción,"-32.941274821775,-60.666876219617","['Córdoba', 'Vera Mujíca']",2,,-32.941274821775,-60.666876219617,55.0,538.0,Municipio Rosario,Municipio,Rosario,820210,Servicio de Catastro e Información Territorial,IGN
2020,3205,2020-07-18,Sabado,,21:00:00,,0.0,2,"Automóvil,Automóvil",L.N.Alem Y 24 De Setiembre,3,1,0,0,2,0,0,"-32.982, -60.63679",Calle,,ROSARIO,Rosario,Asfalto,No existe,II,Dentro,Urbana,Ninguna,No existe,Intersección,Bueno,Buena,"Nocturna,Con luz artificial",Buen Tiempo,Lateral,S/D,Colisión,Ninguna,Faltante,Ninguna,Sin restricción,"-32.982, -60.63679","['Alem', '24 de Septiembre']",2,,-32.982,-60.63679,55.0,538.0,Municipio Rosario,Municipio,Rosario,820210,Servicio de Catastro e Información Territorial,IGN
2020,3207,2020-06-09,Martes,,18:30:00,,0.0,2,"Moto/Ciclomotor,Automóvil",Brown Y Pueyrredon,3,0,2,0,1,0,0,"-32.933671277558,-60.655014264746",Calle,,ROSARIO,Rosario,Asfalto,No existe,II,Dentro,Urbana,Señal Pare,No existe,Intersección,Bueno,Buena,Diurna,Buen Tiempo,S/D,S/D,Colisión,Ninguna,"Horizontal,Vertical",Ninguna,Sin restricción,"-32.933671277558,-60.655014264746","['Brown', 'Pueyrredón']",2,,-32.933671277558,-60.655014264746,55.0,538.0,Municipio Rosario,Municipio,Rosario,820210,Servicio de Catastro e Información Territorial,IGN
2020,3213,2020-06-10,Miercoles,,22:15:00,,0.0,2,"Pickup/Utilitario,Moto/Ciclomotor",Rioja 2873,2,0,1,0,1,0,0,"-32.943223498088,-60.66273476669",Calle,,ROSARIO,Rosario,Asfalto,No existe,II,Dentro,Urbana,Ninguna,No existe,Intersección,Bueno,Buena,Diurna,Buen Tiempo,De alcance,S/D,Colisión,Ninguna,Horizontal,Línea divisoria pintada,Sin restricción,"-32.943223498088,-60.66273476669",['Rioja 2873'],1,,-32.943223498088,-60.66273476669,55.0,538.0,Municipio Rosario,Municipio,Rosario,820210,Servicio de Catastro e Información Territorial,IGN
2020,3215,2020-06-10,Miercoles,,09:00:00,,0.0,2,"Moto/Ciclomotor,Automóvil",3 De Febrero Y Valparaiso,2,1,0,0,1,0,0,"-32.944941813624,-60.683439900993",Calle,,ROSARIO,Rosario,Asfalto,No existe,II,Dentro,Urbana,Ninguna,No existe,Intersección,Bueno,Buena,Diurna,Buen Tiempo,S/D,S/D,Colisión,Ninguna,Faltante,Ninguna,Sin restricción,"-32.944941813624,-60.683439900993","['3 de Febrero', 'Valparaíso']",2,,-32.944941813624,-60.683439900993,55.0,538.0,Municipio Rosario,Municipio,Rosario,820210,Servicio de Catastro e Información Territorial,IGN
2020,3219,2020-06-09,Martes,,12:10:00,,0.0,2,"Automóvil,Bicicleta",Tucuman 1800,2,1,0,0,1,0,0,"-32.940047179941,-60.646708940278",Calle,,ROSARIO,Rosario,Asfalto,No existe,II,Dentro,Urbana,Paso Peatonal,No existe,Intersección,Bueno,Buena,Diurna,Buen Tiempo,S/D,Ciclista,Atropello,Ninguna,Horizontal,Ninguna,Sin restricción,"-32.940047179941,-60.646708940278",['Tucuman 1800'],1,,-32.940047179941,-60.646708940278,55.0,538.0,Municipio Rosario,Municipio,Rosario,820210,Servicio de Catastro e Información Territorial,IGN
2020,3222,2020-06-24,Miercoles,,08:30:00,,0.0,2,"Bicicleta,Automóvil",Centeno Y Patricias Argentinas,2,0,1,0,1,0,0,"-32.987071, -60.635204",Calle,,ROSARIO,Rosario,Asfalto,No existe,II,Dentro,Urbana,Ninguna,No existe,Recta,Bueno,Buena,Diurna,Otro,S/D,Ciclista,Atropello,Ninguna,Faltante,Ninguna,Sin restricción,"-32.987071, -60.635204","['Centeno', 'Patricias Argentinas']",2,,-32.987071,-60.635204,55.0,538.0,Municipio Rosario,Municipio,Rosario,820210,Servicio de Catastro e Información Territorial,IGN
2020,3225,2020-06-25,Jueves,,16:30:00,,0.0,2,"Pickup/Utilitario,Bicicleta",Av. Ovidio Lagos Y Mendoza,2,0,1,0,1,0,0,"-32.947383936038,-60.662740126343",Avenida,,ROSARIO,Rosario,Asfalto,No existe,II,Dentro,Urbana,Paso Peatonal,No existe,Intersección,Bueno,Buena,Diurna,Buen Tiempo,S/D,Ciclista,Atropello,Ninguna,Horizontal,Línea divisoria pintada,Sin restricción,"-32.947383936038,-60.662740126343","['Avenida Ovidio Lagos', 'Mendoza']",2,,-32.947383936038,-60.662740126343,55.0,538.0,Municipio Rosario,Municipio,Rosario,820210,Servicio de Catastro e Información Territorial,IGN
2020,3228,2020-06-17,Miercoles,,13:00:00,,0.0,2,"Moto/Ciclomotor,Pickup/Utilitario",Pasco Y San Martin,3,0,1,0,2,0,0,"-32.959830875752,-60.639986235476",Calle,,ROSARIO,Rosario,Asfalto,No existe,II,Dentro,Urbana,Paso Peatonal,No existe,Intersección,Bueno,Buena,Diurna,Buen Tiempo,Lateral,S/D,Colisión,Ninguna,Horizontal,Ninguna,Sin restricción,"-32.959830875752,-60.639986235476","['Pasco', 'San Martin']",2,,-32.959830875752,-60.639986235476,55.0,538.0,Municipio Rosario,Municipio,Rosario,820210,Servicio de Catastro e Información Territorial,IGN
2020,3231,2020-06-26,Viernes,,08:40:00,,0.0,2,"Automóvil,Vehículo Oficial",Montevideo Y Rodriguez,2,0,1,0,1,0,0,"-32.95246196844,-60.661178976953",Calle,,ROSARIO,Rosario,Asfalto,No existe,II,Dentro,Urbana,Ninguna,No existe,Intersección,Bueno,Buena,Diurna,Buen Tiempo,S/D,S/D,Colisión,Ninguna,Faltante,Ninguna,Sin restricción,"-32.95246196844,-60.661178976953","['Montevideo', 'Rodríguez']",2,,-32.95246196844,-60.661178976953,55.0,538.0,Municipio Rosario,Municipio,Rosario,820210,Servicio de Catastro e Información Territorial,IGN
2020,3233,2020-06-22,Lunes,,12:30:00,,0.0,2,"Moto/Ciclomotor,Automóvil",E.Zeballos Y Pueyrredon,2,0,1,0,1,0,0,"-32.951560110466,-60.659527783152",Calle,,ROSARIO,Rosario,Asfalto,No existe,II,Dentro,Urbana,Ninguna,No existe,Intersección,Bueno,Buena,Diurna,Buen Tiempo,Lateral,S/D,Colisión,Ninguna,Faltante,Ninguna,Sin restricción,"-32.951560110466,-60.659527783152","['Zeballos', 'Pueyrredón']",2,,-32.951560110466,-60.659527783152,55.0,538.0,Municipio Rosario,Municipio,Rosario,820210,Servicio de Catastro e Información Territorial,IGN
2020,3236,2020-07-19,Domingo,,12:50:00,,0.0,2,"Moto/Ciclomotor,Automóvil",Av. Eva Peron Y Peru,3,1,1,0,1,0,0,"-32.93318, -60.71173",Avenida,,ROSARIO,Rosario,Asfalto,No existe,II,Dentro,Urbana,Semáforo,Funciona,Intersección,Bueno,Buena,Diurna,Buen Tiempo,Lateral,S/D,Colisión,Ninguna,S/D,Cordón divisorio,Sin restricción,"-32.93318, -60.71173","['Avenida Eva Perón', 'Peru']",2,,-32.93318,-60.71173,55.0,538.0,Municipio Rosario,Municipio,Rosario,820210,Servicio de Catastro e Información Territorial,IGN
2020,3237,2020-06-17,Miercoles,,15:40:00,,0.0,2,"Automóvil,Moto/Ciclomotor",9 De Julio Y Lavalle,2,1,0,0,1,0,0,"-32.946739419559,-60.679627166393",Calle,,ROSARIO,Rosario,Asfalto,No existe,II,Dentro,Urbana,Ninguna,No existe,Intersección,Bueno,Buena,Diurna,Buen Tiempo,S/D,S/D,Colisión,Ninguna,Faltante,Ninguna,Sin restricción,"-32.946739419559,-60.679627166393","['9 de Julio', 'Lavalle']",2,,-32.946739419559,-60.679627166393,55.0,538.0,Municipio Rosario,Municipio,Rosario,820210,Servicio de Catastro e Información Territorial,IGN
2020,3238,2020-06-05,Viernes,,11:20:00,,0.0,2,"Peatón,Automóvil",San Lorenzo Y Sarmiento,2,1,0,0,1,0,0,"-32.944182986434,-60.637643981201",Calle,,ROSARIO,Rosario,Asfalto,No existe,II,Dentro,Urbana,Paso Peatonal,No existe,Intersección,Bueno,Buena,Diurna,Buen Tiempo,S/D,Peatón,Atropello,Ninguna,"Horizontal,Vertical",Línea divisoria pintada,Sin restricción,"-32.944182986434,-60.637643981201","['San Lorenzo', 'Sarmiento']",2,,-32.944182986434,-60.637643981201,55.0,538.0,Municipio Rosario,Municipio,Rosario,820210,Servicio de Catastro e Información Territorial,IGN
2020,3239,2020-07-19,Domingo,,18:30:00,,0.0,2,"Bicicleta,Automóvil",Av. Genova Y Pje. Yamandu Bis,2,1,0,0,1,0,0,"-32.91581, -60.70516",Avenida,,ROSARIO,Rosario,Asfalto,No existe,II,Dentro,Urbana,Ninguna,No existe,Intersección,Bueno,Buena,Atardecer,Buen Tiempo,S/D,Ciclista,Atropello,Ninguna,Faltante,Ninguna,Sin restricción,"-32.91581, -60.70516","['Genova', 'Yamandú']",2,,-32.91581,-60.70516,55.0,538.0,Municipio Rosario,Municipio,Rosario,820210,Servicio de Catastro e Información Territorial,IGN