anio_acci,nro_acci,fecha,desc_dia,fecha_aprox,hora_aprox,desc_ruta,km,cant_participantes,desc_participante,calle_avenida_km,total,heridos_leves,heridos_graves,heridos_gravisimos,ilesos,fallecidos,sin_datos,posicion_XY,desc_tipo_via,desc_ruta_ori,desc_loc,desc_dpto,desc_tipo_calzada,desc_tipo_banquina,desc_unidad_regional,desc_lugar_calzada,desc_zona,desc_prioridad,desc_estado_semaforo,desc_lugar_via,desc_estado_via,desc_estado_visibilidad,desc_luminosidad,desc_estado_clima,desc_tipo_colision,desc_tipo_atropello,desc_tipo_hecho,desc_pres_calzada,desc_senializacion,desc_separacion_via,desc_restriccion,forma_geocod,calle_lista,numero_calles,calles_osm,lat,lon,index_right,gid,fna,gna,nam,in1,fdc,sag
2020,3241,2020-07-19,Domingo,,05:40:00,,0.0,2,"Moto/Ciclomotor,Pickup/Utilitario",Castellanos Y Av. Pellegrini,2,1,0,0,1,0,0,"-32.95063, -60.67778",Avenida,,ROSARIO,Rosario,Asfalto,No existe,II,Dentro,Urbana,Ninguna,No existe,Intersección,Bueno,Buena,Amanecer,Buen Tiempo,Lateral,S/D,Colisión,Ninguna,Faltante,Ninguna,Sin restricción,"-32.95063, -60.67778","['Aaron Castellanos', 'Pellegrini']",2,,-32.95063,-60.67778,55.0,538.0,Municipio Rosario,Municipio,Rosario,820210,Servicio de Catastro e Información Territorial,IGN
2020,3242,2020-06-04,Jueves,,13:30:00,,0.0,2,"Bicicleta,Moto/Ciclomotor",Ricchieri Y Salta,2,2,0,0,0,0,0,"-32.93503199227,-60.66103856748",Calle,,ROSARIO,Rosario,Asfalto,No existe,II,Dentro,Urbana,Semáforo,Funciona,Intersección,Bueno,Buena,Diurna,Buen Tiempo,S/D,Ciclista,Atropello,Ninguna,"Horizontal,Vertical",Línea divisoria pintada,Sin restricción,"-32.93503199227,-60.66103856748","['Ricchieri', 'Salta']",2,,-32.93503199227,-60.66103856748,55.0,538.0,Municipio Rosario,Municipio,Rosario,820210,Servicio de Catastro e Información Territorial,IGN
2020,3245,2020-07-19,Domingo,,11:00:00,,0.0,2,"Moto/Ciclomotor,Automóvil",Bv. Avellaneda Y 9 De Julio,3,1,0,0,2,0,0,"-32.9465, -60.68095",Avenida,,ROSARIO,Rosario,Asfalto,No existe,II,Dentro,Urbana,Semáforo,Funciona,Intersección,Bueno,Buena,Diurna,Buen Tiempo,De alcance,S/D,Colisión,Ninguna,Faltante,Ninguna,Sin restricción,"-32.9465, -60.68095","['Avellaneda', '9 de Julio']",2,,-32.9465,-60.68095,55.0,538.0,Municipio Rosario,Municipio,Rosario,820210,Servicio de Catastro e Información Territorial,IGN
2020,3247,2020-07-19,Domingo,,18:10:00,,0.0,2,"Bicicleta,Pickup/Utilitario",El Mangrullo Y Costanera,2,1,0,0,1,0,0,"-32.9983, -60.61485",Calle,,ROSARIO,Rosario,Asfalto,No existe,II,Dentro,Urbana,Ninguna,No existe,Intersección,Bueno,Buena,Atardecer,Buen Tiempo,S/D,Ciclista,Atropello,Ninguna,Faltante,Ninguna,Sin restricción,"-32.9983, -60.61485","['El Mangrullo', 'Costanera']",2,,-32.9983,-60.61485,55.0,538.0,Municipio Rosario,Municipio,Rosario,820210,Servicio de Catastro e Información Territorial,IGN
2020,3249,2020-06-16,Martes,,,,0.0,2,"Automóvil,Automóvil",1 de Mayo Y Pte.Quintana,2,1,0,0,1,0,0,"-32.984031421976,-60.638762095264",Calle,,ROSARIO,Rosario,Asfalto,No existe,II,Dentro,Urbana,Ninguna,No existe,Intersección,Bueno,Buena,S/D,Buen Tiempo,S/D,S/D,Colisión,Ninguna,Faltante,Ninguna,Sin restricción,"-32.984031421976,-60.638762095264","['Primero de Mayo', 'Quintana']",2,,-32.984031421976,-60.638762095264,55.0,538.0,Municipio Rosario,Municipio,Rosario,820210,Servicio de Catastro e Información Territorial,IGN
2020,3252,2020-06-19,Viernes,,22:20:00,,0.0,2,"Automóvil,Moto/Ciclomotor",Av. Pellegrini Y Constitucion,2,1,0,0,1,0,0,"-32.950995906208,-60.676432084009",Avenida,,ROSARIO,Rosario,Asfalto,No existe,II,Dentro,Urbana,Semáforo,Funciona,Intersección,Bueno,Buena,"Nocturna,Con luz artificial",Buen Tiempo,De alcance,S/D,Colisión,Ninguna,"Horizontal,Vertical","Cordón divisorio,Línea divisoria pintada",Sin restricción,"-32.950995906208,-60.676432084009","['Pellegrini', 'Constitución']",2,,-32.950995906208,-60.676432084009,55.0,538.0,Municipio Rosario,Municipio,Rosario,820210,Servicio de Catastro e Información Territorial,IGN
2020,3255,2020-05-29,Viernes,,12:15:00,,0.0,2,"Moto/Ciclomotor,Taxi/Remis",Mitre Y Ocampo,2,1,0,0,1,0,0,"    -32.96625, -60.6446",Calle,,ROSARIO,Rosario,Asfalto,No existe,II,Dentro,Urbana,Ninguna,S/D,Intersección,Bueno,Reducida polvo,Diurna,Buen Tiempo,Lateral,S/D,Colisión,Ninguna,S/D,Ninguna,Sin restricción,"    -32.96625, -60.6446","['Mitre', 'Ocampo']",2,,-32.96625,-60.6446,55.0,538.0,Municipio Rosario,Municipio,Rosario,820210,Servicio de Catastro e Información Territorial,IGN
2020,3272,2020-07-20,Lunes,,17:00:00,,0.0,2,"Moto/Ciclomotor,Peatón",Av. De Las Palmeras 3400,2,1,0,0,1,0,0,"-32.97174, -60.73404",Avenida,,ROSARIO,Rosario,Asfalto,Pavimento,II,Dentro,Urbana,Ninguna,No existe,Recta,Otro,Buena,Atardecer,S/D,S/D,Peatón,Atropello,S/D,Faltante,"Cordón divisorio,Vegetación,Línea divisoria pintada",Sin restricción,"-32.97174, -60.73404",['De Las Palmeras 3400'],1,,-32.97174,-60.73404,55.0,538.0,Municipio Rosario,Municipio,Rosario,820210,Servicio de Catastro e Información Territorial,IGN
2020,3273,2020-07-20,Lunes,,12:30:00,,0.0,2,"Moto/Ciclomotor,Automóvil",Biedma Y Rodriguez,2,1,0,0,1,0,0,"-32.97767, -60.66755",Calle,,ROSARIO,Rosario,Asfalto,No existe,II,Dentro,Urbana,Ninguna,No existe,Recta,Bueno,Buena,Diurna,Buen Tiempo,Lateral,S/D,Colisión,Ninguna,Faltante,Ninguna,Sin restricción,"-32.97767, -60.66755","['Coronel Biedma', 'Rodríguez']",2,,-32.97767,-60.66755,55.0,538.0,Municipio Rosario,Municipio,Rosario,820210,Servicio de Catastro e Información Territorial,IGN
2020,3275,2020-07-20,Lunes,,10:45:00,,0.0,2,"Moto/Ciclomotor,Camión Chasis",Pueyrredon Y 3 De Febrero,3,1,0,0,2,0,0,"-32.94938, -60.65901",Calle,,ROSARIO,Rosario,Asfalto,S/D,II,S/D,Urbana,S/D,S/D,Intersección,S/D,S/D,Diurna,S/D,S/D,S/D,Colisión,S/D,S/D,S/D,Sin restricción,"-32.94938, -60.65901","['Pueyrredón', '3 de Febrero']",2,,-32.94938,-60.65901,55.0,538.0,Municipio Rosario,Municipio,Rosario,820210,Servicio de Catastro e Información Territorial,IGN
2020,3277,2020-07-20,Lunes,,13:30:00,,0.0,2,"Bicicleta,Moto/Ciclomotor",Manuel Garcia Y Ghiraldo,2,1,0,0,1,0,0,"-32.90045, -60.71087",Calle,,ROSARIO,Rosario,Asfalto,Pavimento,II,S/D,Urbana,Ninguna,No existe,Intersección,Bueno,Buena,Diurna,Buen Tiempo,S/D,Ciclista,Atropello,Ninguna,Horizontal,Cordón divisorio,Sin restricción,"-32.90045, -60.71087","['Manuel García', 'Ghiraldo']",2,,-32.90045,-60.71087,55.0,538.0,Municipio Rosario,Municipio,Rosario,820210,Servicio de Catastro e Información Territorial,IGN
2020,3289,2020-07-23,Jueves,,13:45:00,,0.0,2,"Moto/Ciclomotor,Moto/Ciclomotor",Sarmiento Y Cordoba,2,1,0,0,1,0,0,"-32.95883, -60.693",Calle,,ROSARIO,Rosario,Asfalto,No existe,II,S/D,Urbana,Ninguna,Funciona,Intersección,Bueno,Buena,Diurna,Buen Tiempo,Lateral,S/D,Colisión,Ninguna,S/D,Ninguna,Sin restricción,"-32.95883, -60.693","['Sarmiento', 'Córdoba']",2,,-32.95883,-60.693,55.0,538.0,Municipio Rosario,Municipio,Rosario,820210,Servicio de Catastro e Información Territorial,IGN
2020,3308,2020-07-21,Martes,,19:30:00,,0.0,2,"Bicicleta,Automóvil",Mitre 2353,2,1,0,0,1,0,0,"-32.96457, -60.64414",Calle,,ROSARIO,Rosario,S/D,S/D,II,S/D,Urbana,S/D,S/D,Intersección,S/D,S/D,Atardecer,S/D,S/D,Ciclista,Atropello,S/D,S/D,Ninguna,S/D,"-32.96457, -60.64414",['Mitre 2353'],1,,-32.96457,-60.64414,55.0,538.0,Municipio Rosario,Municipio,Rosario,820210,Servicio de Catastro e Información Territorial,IGN
2020,3312,2020-06-12,Viernes,,18:40:00,,0.0,2,"Peatón,Automóvil",Bv. Oroño Y Rioja,2,1,0,0,1,0,0,"-32.944884764963,-60.653469477983",Avenida,,ROSARIO,Rosario,Asfalto,No existe,II,Dentro,Urbana,Semáforo,Funciona,Intersección,Bueno,Buena,Diurna,Buen Tiempo,S/D,Peatón,Atropello,Ninguna,"Horizontal,Vertical","Cordón divisorio,Vegetación,Línea divisoria pintada",Sin restricción,"-32.944884764963,-60.653469477983","['Bulevar Nicasio Oroño', 'Rioja']",2,,-32.944884764963,-60.653469477983,55.0,538.0,Municipio Rosario,Municipio,Rosario,820210,Servicio de Catastro e Información Territorial,IGN
2020,3315,2020-06-12,Viernes,,09:00:00,,0.0,2,"Bicicleta,Automóvil",Bv. Avellaneda Y San Juan,2,1,0,0,1,0,0,"-32.942828885117,-60.67996595428",Avenida,,ROSARIO,Rosario,Asfalto,No existe,II,Dentro,Urbana,Semáforo,Funciona,Intersección,Bueno,Buena,Diurna,Buen Tiempo,S/D,Ciclista,Atropello,Ninguna,"Horizontal,Vertical","Cordón divisorio,Vegetación,Línea divisoria pintada",Sin restricción,"-32.942828885117,-60.67996595428","['Avellaneda', 'San Juan']",2,,-32.942828885117,-60.67996595428,55.0,538.0,Municipio Rosario,Municipio,Rosario,820210,Servicio de Catastro e Información Territorial,IGN
2020,3318,2020-07-28,Martes,,22:50:00,,0.0,2,"Pickup/Utilitario,Camión c / Acoplado", ,3,2,0,0,1,0,0,"-32.95883, -60.693",Calle,,ROSARIO,Rosario,S/D,S/D,II,S/D,S/D,S/D,S/D,S/D,S/D,S/D,S/D,S/D,S/D,S/D,S/D,S/D,S/D,S/D,S/D,"-32.95883, -60.693",[''],0,,-32.95883,-60.693,55.0,538.0,Municipio Rosario,Municipio,Rosario,820210,Servicio de Catastro e Información Territorial,IGN
2020,3319,2020-06-13,Sabado,,14:50:00,,0.0,3,"Automóvil,Moto/Ciclomotor,Taxi/Remis",Av. Pellegrini Y Santiago,3,1,0,0,2,0,0,"-32.954010894954,-60.658727519339",Avenida,,ROSARIO,Rosario,Asfalto,No existe,II,Dentro,Urbana,Semáforo,Funciona,Intersección,Bueno,Buena,Diurna,Buen Tiempo,Múltiple,S/D,Colisión,Ninguna,"Horizontal,Vertical","Cordón divisorio,Vegetación,Línea divisoria pintada",Sin restricción,"-32.954010894954,-60.658727519339","['Pellegrini', 'Santiago']",2,,-32.954010894954,-60.658727519339,55.0,538.0,Municipio Rosario,Municipio,Rosario,820210,Servicio de Catastro e Información Territorial,IGN
2020,3320,2020-06-08,Lunes,,19:30:00,,0.0,2,"Automóvil,Moto/Ciclomotor",Bv. 27 De Febrero Y España,3,1,0,0,2,0,0,"-32.966173224752,-60.651862261544",Avenida,,ROSARIO,Rosario,Asfalto,No existe,II,Dentro,Urbana,Semáforo,Funciona,Intersección,Bueno,Buena,Atardecer,Buen Tiempo,S/D,S/D,Colisión,Ninguna,"Horizontal,Vertical","Cordón divisorio,Línea divisoria pintada",Sin restricción,"-32.966173224752,-60.651862261544","['27 de Febrero', 'España']",2,,-32.966173224752,-60.651862261544,55.0,538.0,Municipio Rosario,Municipio,Rosario,820210,Servicio de Catastro e Información Territorial,IGN
2020,3324,2020-06-17,Miercoles,,13:40:00,,0.0,2,"Peatón,Automóvil",3 De Febrero Y Mariano Moreno,2,1,0,0,1,0,0,"-32.950549174901,-60.652175543379",Calle,,ROSARIO,Rosario,Asfalto,No existe,II,Dentro,Urbana,Paso Peatonal,No existe,Intersección,Bueno,Buena,Diurna,Buen Tiempo,S/D,Peatón,Atropello,Ninguna,"Horizontal,Vertical",Ninguna,Sin restricción,"-32.950549174901,-60.652175543379","['3 de Febrero', 'Mariano Moreno']",2,,-32.950549174901,-60.652175543379,55.0,538.0,Municipio Rosario,Municipio,Rosario,820210,Servicio de Catastro e Información Territorial,IGN
2020,3326,2020-06-30,Martes,,18:55:00,,0.0,2,"Pickup/Utilitario,Moto/Ciclomotor",Casiano Casas Y Superi,2,1,0,0,1,0,0,"-32.896937065228,-60.714646617411",Calle,,ROSARIO,Rosario,Asfalto,No existe,II,Dentro,Urbana,Otra Señal,No existe,Intersección,Bueno,Buena,Atardecer,Buen Tiempo,S/D,S/D,Colisión,Ninguna,Vertical,Ninguna,Sin restricción,"-32.896937065228,-60.714646617411","['Avenida Casiano Casas', 'Superi']",2,,-32.896937065228,-60.714646617411,55.0,538.0,Municipio Rosario,Municipio,Rosario,820210,Servicio de Catastro e Información Territorial,IGN
2020,3329,2020-06-16,Martes,,15:20:00,,0.0,2,"Automóvil,Bicicleta",España 300,3,1,0,0,2,0,0,"-32.93911315949,-60.645049550484",Calle,,ROSARIO,Rosario,Asfalto,No existe,II,Dentro,Urbana,Semáforo,Funciona,Intersección,Bueno,Buena,Diurna,Buen Tiempo,S/D,Ciclista,Atropello,Ninguna,"Horizontal,Vertical",Línea divisoria pintada,Sin restricción,"-32.93911315949,-60.645049550484",['España 300'],1,,-32.93911315949,-60.645049550484,55.0,538.0,Municipio Rosario,Municipio,Rosario,820210,Servicio de Catastro e Información Territorial,IGN
2020,3331,2020-07-12,Domingo,,,,0.0,2,"Pickup/Utilitario,Moto/Ciclomotor",Av. Ovidio Lagos Y Lamadrid,2,0,1,0,1,0,0,"-32.99791, -60.67484",Calle,,ROSARIO,Rosario,Asfalto,S/D,II,S/D,Urbana,S/D,S/D,Intersección,S/D,S/D,S/D,S/D,S/D,S/D,Colisión,S/D,S/D,S/D,S/D,"-32.99791, -60.67484","['Avenida Ovidio Lagos', 'Lamadrid']",2,,-32.99791,-60.67484,55.0,538.0,Municipio Rosario,Municipio,Rosario,820210,Servicio de Catastro e Información Territorial,IGN
2020,3333,2020-10-23,Viernes,,11:00:00,,0.0,2,"Automóvil,Moto/Ciclomotor",Alvear Y San Lorenzo,4,1,0,0,3,0,0,"-32.941196814405,-60.654068114406",S/D,,ROSARIO,Rosario,Asfalto,No existe,II,Dentro,Urbana,Señal Pare,No existe,Intersección,Bueno,Buena,Diurna,Buen Tiempo,S/D,S/D,Colisión,Ninguna,"Horizontal,Vertical",Ninguna,Sin restricción,"-32.941196814405,-60.654068114406","['Alvear', 'San Lorenzo']",2,,-32.941196814405,-60.654068114406,55.0,538.0,Municipio Rosario,Municipio,Rosario,820210,Servicio de Catastro e Información Territorial,IGN
2020,3334,2020-07-02,Jueves,,,,0.0,2,"Pickup/Utilitario,Moto/Ciclomotor",Agrelo Y Godoy Cruz,2,1,0,0,1,0,0,"-32.88949, -60.69242",S/D,,ROSARIO,Rosario,S/D,S/D,II,S/D,S/D,S/D,S/D,S/D,S/D,S/D,S/D,S/D,S/D,S/D,S/D,S/D,S/D,S/D,S/D,"-32.88949, -60.69242","['Agrela', 'Avenida Presidente Perón']",2,,-32.88949,-60.69242,55.0,538.0,Municipio Rosario,Municipio,Rosario,820210,Servicio de Catastro e Información Territorial,IGN
2020,3336,2020-07-14,Martes,,,,0.0,2,"Automóvil,Moto/Ciclomotor",Mar del Plata Y Av. Luis Carballo,2,0,1,0,1,0,0,"-32.92228, -60.68209",Calle,,ROSARIO,Rosario,Asfalto,S/D,II,S/D,Urbana,S/D,S/D,Intersección,S/D,S/D,S/D,S/D,S/D,S/D,Colisión,S/D,S/D,S/D,S/D,"-32.92228, -60.68209","['Mar del Plata', 'Avenida Doctor Luis Cándido Carballo']",2,,-32.92228,-60.68209,55.0,538.0,Municipio Rosario,Municipio,Rosario,820210,Servicio de Catastro e Información Territorial,IGN
2020,3337,2020-06-12,Viernes,,09:50:00,,0.0,2,"Moto/Ciclomotor,Bicicleta",Laprida Y San Juan,2,2,0,0,0,0,0,"-32.950971133849,-60.634955387147",Calle,,ROSARIO,Rosario,Asfalto,No existe,II,Dentro,Urbana,Señal Pare,No existe,Intersección,Bueno,Buena,Diurna,Buen Tiempo,S/D,Ciclista,Atropello,Ninguna,"Horizontal,Vertical",Línea divisoria pintada,Sin restricción,"-32.950971133849,-60.634955387147","['Laprida', 'San Juan']",2,,-32.950971133849,-60.634955387147,55.0,538.0,Municipio Rosario,Municipio,Rosario,820210,Servicio de Catastro e Información Territorial,IGN
2020,3340,2020-06-08,Lunes,,16:25:00,,0.0,2,"Moto/Ciclomotor,Automóvil",Necochea 1400,2,1,0,0,1,0,0,"-32.95629954083,-60.626068399409",Calle,,ROSARIO,Rosario,Asfalto,No existe,II,Dentro,Urbana,Paso Peatonal,No existe,Intersección,Bueno,Buena,Diurna,Buen Tiempo,S/D,S/D,Colisión,Ninguna,Horizontal,Ninguna,Sin restricción,"-32.95629954083,-60.626068399409",['Necochea 1400'],1,,-32.95629954083,-60.626068399409,55.0,538.0,Municipio Rosario,Municipio,Rosario,820210,Servicio de Catastro e Información Territorial,IGN
2020,3344,2020-05-15,Viernes,,15:25:00,,0.0,2,"Automóvil,Automóvil",San Luis Y Santiago,3,1,1,0,1,0,0,"-32.945840910085,-60.656663669725",Calle,,ROSARIO,Rosario,Asfalto,No existe,II,Dentro,Urbana,Paso Peatonal,No existe,Intersección,Bueno,Buena,Diurna,Buen Tiempo,S/D,S/D,Colisión,Ninguna,Horizontal,Línea divisoria pintada,Sin restricción,"-32.945840910085,-60.656663669725","['San Luis', 'Santiago']",2,,-32.945840910085,-60.656663669725,55.0,538.0,Municipio Rosario,Municipio,Rosario,820210,Servicio de Catastro e Información Territorial,IGN
2020,3348,2020-06-01,Lunes,,13:50:00,,0.0,2,"Moto/Ciclomotor,Automóvil",Bv. Oroño Y Jujuy,2,1,0,0,1,0,0,"-32.935559453724,-60.651131304906",Avenida,,ROSARIO,Rosario,Asfalto,No existe,II,Dentro,Urbana,Paso Peatonal,No existe,Intersección,Bueno,Buena,Diurna,Buen Tiempo,S/D,S/D,Colisión,Ninguna,Horizontal,"Cordón divisorio,Vegetación",Sin restricción,"-32.935559453724,-60.651131304906","['Bulevar Nicasio Oroño', 'Jujuy']",2,,-32.935559453724,-60.651131304906,55.0,538.0,Municipio Rosario,Municipio,Rosario,820210,Servicio de Catastro e Información Territorial,IGN
2020,3354,2020-06-02,Martes,,16:05:00,,0.0,2,"Moto/Ciclomotor,Pickup/Utilitario",Cordoba 3000,2,1,0,0,1,0,0,"-32.941762948993,-60.664156640197",Calle,,ROSARIO,Rosario,Asfalto,No existe,II,Dentro,Urbana,Semáforo,Funciona,Intersección,Bueno,Buena,Diurna,Buen Tiempo,S/D,S/D,Colisión,Ninguna,"Horizontal,Vertical",Línea divisoria pintada,Sin restricción,"-32.941762948993,-60.664156640197",['Cordoba 3000'],1,,-32.941762948993,-60.664156640197,55.0,538.0,Municipio Rosario,Municipio,Rosario,820210,Servicio de Catastro e Información Territorial,IGN
2020,3355,2020-06-15,Lunes,,01:30:00,,0.0,2,"Automóvil,Moto/Ciclomotor",E.Zeballos Y Suipacha,2,0,1,0,1,0,0,"-32.950339577717,-60.666333529083",Calle,,ROSARIO,Rosario,Asfalto,No existe,II,Dentro,Urbana,Ninguna,No existe,Intersección,Bueno,Buena,Diurna,Buen Tiempo,S/D,S/D,Colisión,Ninguna,Faltante,Ninguna,Sin restricción,"-32.950339577717,-60.666333529083","['Zeballos', 'Suipacha']",2,,-32.950339577717,-60.666333529083,55.0,538.0,Municipio Rosario,Municipio,Rosario,820210,Servicio de Catastro e Información Territorial,IGN
2020,3359,2020-06-05,Viernes,,12:20:00,,0.0,2,"Moto/Ciclomotor,Pickup/Utilitario",9 De Julio Y Constitucion,3,1,0,0,2,0,0,"-32.947473149393,-60.675544609106",Calle,,ROSARIO,Rosario,Asfalto,No existe,II,Dentro,Urbana,Ninguna,No existe,Intersección,Bueno,Buena,Diurna,Buen Tiempo,S/D,S/D,Colisión,Ninguna,Faltante,Ninguna,Sin restricción,"-32.947473149393,-60.675544609106","['9 de Julio', 'Constitución']",2,,-32.947473149393,-60.675544609106,55.0,538.0,Municipio Rosario,Municipio,Rosario,820210,Servicio de Catastro e Información Territorial,IGN
2020,3363,2020-06-11,Jueves,,18:05:00,,0.0,2,"Automóvil,Automóvil",3 De Febrero Y Suipacha,3,1,0,0,2,0,0,"-32.948123503114,-60.665770974958",Calle,,ROSARIO,Rosario,Asfalto,No existe,II,Dentro,Urbana,Ninguna,No existe,Intersección,Bueno,Buena,Diurna,Buen Tiempo,S/D,S/D,Colisión,Ninguna,Faltante,Ninguna,Sin restricción,"-32.948123503114,-60.665770974958","['3 de Febrero', 'Suipacha']",2,,-32.948123503114,-60.665770974958,55.0,538.0,Municipio Rosario,Municipio,Rosario,820210,Servicio de Catastro e Información Territorial,IGN
2020,3365,2020-05-27,Miercoles,,,,0.0,2,"Moto/Ciclomotor,Taxi/Remis",Av. Pellegrini Y Buenos Aires,2,1,0,0,1,0,0,"    -32.95823, -60.63541",Avenida,,ROSARIO,Rosario,Asfalto,Ripio,II,Dentro,Urbana,S/D,S/D,Intersección,S/D,S/D,S/D,S/D,Lateral,S/D,Colisión,S/D,S/D,S/D,Sin restricción,"    -32.95823, -60.63541","['Pellegrini', 'Buenos Aires']",2,,-32.95823,-60.63541,55.0,538.0,Municipio Rosario,Municipio,Rosario,820210,Servicio de Catastro e Información Territorial,IGN
2020,3368,2020-06-16,Martes,,15:25:00,,0.0,2,"Moto/Ciclomotor,Pickup/Utilitario",Olegario V.Andrade Y Sarmiento,2,1,0,0,1,0,0,"-32.995862953533,-60.649196139486",Calle,,ROSARIO,Rosario,Asfalto,No existe,II,Dentro,Urbana,Ninguna,No existe,Intersección,Bueno,Buena,Diurna,Buen Tiempo,De alcance,S/D,Colisión,Ninguna,Faltante,Ninguna,Sin restricción,"-32.995862953533,-60.649196139486","['Olegario V Andrade', 'Sarmiento']",2,,-32.995862953533,-60.649196139486,55.0,538.0,Municipio Rosario,Municipio,Rosario,820210,Servicio de Catastro e Información Territorial,IGN
2020,3371,2020-06-01,Lunes,,14:45:00,,0.0,2,"Bicicleta,Pickup/Utilitario",Av. Uriburu Y Mitre,3,2,0,0,1,0,0,"-32.990871453276,-60.650795815256",Avenida,,ROSARIO,Rosario,Asfalto,No existe,II,Dentro,Urbana,Paso Peatonal,No existe,Intersección,Bueno,Buena,Diurna,Buen Tiempo,S/D,Ciclista,Atropello,Ninguna,"Horizontal,Vertical","Cordón divisorio,Vegetación,Línea divisoria pintada",Sin restricción,"-32.990871453276,-60.650795815256","['Uriburu', 'Mitre']",2,,-32.990871453276,-60.650795815256,55.0,538.0,Municipio Rosario,Municipio,Rosario,820210,Servicio de Catastro e Información Territorial,IGN
2020,3376,2020-06-04,Jueves,,11:25:00,,0.0,2,"Bicicleta,Automóvil",Beruti Y Dean Funes,2,1,0,0,1,0,0,"-32.978859342789,-60.627432015518",Calle,,ROSARIO,Rosario,Asfalto,No existe,II,Dentro,Urbana,Ninguna,No existe,Intersección,Bueno,Buena,Diurna,Buen Tiempo,S/D,Ciclista,Atropello,Ninguna,Faltante,Ninguna,Sin restricción,"-32.978859342789,-60.627432015518","['Luis Beruti', 'Deán Gregorio Funes']",2,,-32.978859342789,-60.627432015518,55.0,538.0,Municipio Rosario,Municipio,Rosario,820210,Servicio de Catastro e Información Territorial,IGN
2020,3378,2020-06-09,Martes,,15:20:00,,0.0,2,"Moto/Ciclomotor,Moto/Ciclomotor",Ameghino Y Laprida,2,1,0,0,1,0,0,"-32.987800885297,-60.644482286443",Calle,,ROSARIO,Rosario,Asfalto,No existe,II,Dentro,Urbana,Ninguna,No existe,Intersección,Bueno,Buena,Diurna,Buen Tiempo,Lateral,S/D,Colisión,Ninguna,Faltante,Ninguna,Sin restricción,"-32.987800885297,-60.644482286443","['Ameghino', 'Laprida']",2,,-32.987800885297,-60.644482286443,55.0,538.0,Municipio Rosario,Municipio,Rosario,820210,Servicio de Catastro e Información Territorial,IGN
2020,3380,2020-05-31,Domingo,,,,0.0,2,"Automóvil,Automóvil",Dean Funes 4400,2,1,0,0,1,0,0,"    -32.96753, -60.69065",Calle,,ROSARIO,Rosario,Asfalto,S/D,II,Dentro,Urbana,S/D,No existe,Intersección,S/D,S/D,S/D,S/D,Lateral,S/D,Colisión,S/D,S/D,S/D,S/D,"    -32.96753, -60.69065",['Dean Funes 4400'],1,,-32.96753,-60.69065,55.0,538.0,Municipio Rosario,Municipio,Rosario,820210,Servicio de Catastro e Información Territorial,IGN
2020,3388,2020-07-27,Lunes,,18:30:00,,0.0,2,"Bicicleta,Moto/Ciclomotor",Rafaela ,3,0,2,0,1,0,0,"-32.95883, -60.693",Avenida,,ROSARIO,Rosario,Asfalto,No existe,II,Dentro,Urbana,Ninguna,No existe,Intersección,Bueno,S/D,Nocturna,Buen Tiempo,S/D,Ciclista,Atropello,Ninguna,Faltante,Ninguna,Sin restricción,"-32.95883, -60.693",['Rafaela'],1,,-32.95883,-60.693,55.0,538.0,Municipio Rosario,Municipio,Rosario,820210,Servicio de Catastro e Información Territorial,IGN
2020,3393,2020-06-22,Lunes,,16:45:00,,0.0,2,"Automóvil,Pickup/Utilitario",Lainez Y Melincue,2,1,0,0,1,0,0,"-33.005238674785,-60.647761227866",Calle,,ROSARIO,Rosario,Asfalto,No existe,II,Dentro,Urbana,Ninguna,No existe,Intersección,Bueno,Buena,Diurna,Buen Tiempo,S/D,S/D,Colisión,Ninguna,Faltante,Ninguna,Sin restricción,"-33.005238674785,-60.647761227866","['Láinez', 'Melincué']",2,,-33.005238674785,-60.647761227866,55.0,538.0,Municipio Rosario,Municipio,Rosario,820210,Servicio de Catastro e Información Territorial,IGN
2020,3394,2020-06-27,Sabado,,16:30:00,,0.0,3,"Moto/Ciclomotor,Moto/Ciclomotor,Automóvil",Av. Corrientes Y Dr.Rivas,3,2,0,0,1,0,0,"-32.982909497305,-60.651725798177",Calle,,ROSARIO,Rosario,Asfalto,No existe,II,Dentro,Urbana,Ninguna,No existe,Intersección,Bueno,Buena,Diurna,Buen Tiempo,"Lateral,Múltiple",S/D,Colisión,Ninguna,Faltante,Ninguna,Sin restricción,"-32.982909497305,-60.651725798177","['Corrientes', 'Doctor Francisco Riva']",2,,-32.982909497305,-60.651725798177,55.0,538.0,Municipio Rosario,Municipio,Rosario,820210,Servicio de Catastro e Información Territorial,IGN