anio_acci,nro_acci,fecha,desc_dia,fecha_aprox,hora_aprox,desc_ruta,km,cant_participantes,desc_participante,calle_avenida_km,total,heridos_leves,heridos_graves,heridos_gravisimos,ilesos,fallecidos,sin_datos,posicion_XY,desc_tipo_via,desc_ruta_ori,desc_loc,desc_dpto,desc_tipo_calzada,desc_tipo_banquina,desc_unidad_regional,desc_lugar_calzada,desc_zona,desc_prioridad,desc_estado_semaforo,desc_lugar_via,desc_estado_via,desc_estado_visibilidad,desc_luminosidad,desc_estado_clima,desc_tipo_colision,desc_tipo_atropello,desc_tipo_hecho,desc_pres_calzada,desc_senializacion,desc_separacion_via,desc_restriccion,forma_geocod,calle_lista,numero_calles,calles_osm,lat,lon,index_right,gid,fna,gna,nam,in1,fdc,sag
2020,3398,2020-06-03,Miercoles,,14:20:00,,0.0,2,"Automóvil,Automóvil",Bv. Rondeau Y Matheu,2,1,0,0,1,0,0,"-32.888415137618,-60.694082137978",Avenida,,ROSARIO,Rosario,Asfalto,No existe,II,Dentro,Urbana,Semáforo,Funciona,Intersección,Bueno,S/D,Diurna,S/D,De alcance,S/D,Colisión,S/D,"Horizontal,Vertical",Cordón divisorio,S/D,"-32.888415137618,-60.694082137978","['Rondeau', 'Matheu']",2,,-32.888415137618,-60.694082137978,55.0,538.0,Municipio Rosario,Municipio,Rosario,820210,Servicio de Catastro e Información Territorial,IGN
2020,3401,2020-06-26,Viernes,,20:40:00,,0.0,2,"Moto/Ciclomotor,Automóvil",Pje. Hipocrates Y Santa Rosa de Lima,2,1,0,0,1,0,0,"-32.991700974671,-60.632852496479",Calle,,ROSARIO,Rosario,Asfalto,No existe,II,Dentro,Urbana,Ninguna,No existe,Intersección,Bueno,Buena,"Nocturna,Con luz artificial",Buen Tiempo,Lateral,S/D,Colisión,Ninguna,Faltante,Ninguna,Sin restricción,"-32.991700974671,-60.632852496479","['Hipócrates', 'Santa Rosa de Lima']",2,,-32.991700974671,-60.632852496479,55.0,538.0,Municipio Rosario,Municipio,Rosario,820210,Servicio de Catastro e Información Territorial,IGN
2020,3402,2020-07-07,Martes,,,,0.0,1,Automóvil,Cafferata Y E.Zeballos,1,1,0,0,0,0,0,"-32.94911, -60.67318",S/D,,ROSARIO,Rosario,S/D,S/D,II,S/D,S/D,S/D,S/D,S/D,S/D,S/D,S/D,S/D,Contra objeto fijo,S/D,"Colisión,Despiste",S/D,S/D,S/D,S/D,"-32.94911, -60.67318","['Cafferata', 'Zeballos']",2,,-32.94911,-60.67318,55.0,538.0,Municipio Rosario,Municipio,Rosario,820210,Servicio de Catastro e Información Territorial,IGN
2020,3403,2020-06-26,Viernes,,23:20:00,,0.0,2,"Moto/Ciclomotor,Camión Chasis",Ceibo Y San Martin,2,1,0,0,1,0,0,"-33.013375947492,-60.651667504587",Calle,,ROSARIO,Rosario,Asfalto,No existe,II,Dentro,Urbana,Semáforo,Funciona,Intersección,Bueno,Buena,"Nocturna,Con luz artificial",Buen Tiempo,Lateral,S/D,Colisión,Ninguna,"Horizontal,Vertical",Línea divisoria pintada,Sin restricción,"-33.013375947492,-60.651667504587","['Ceibo', 'San Martin']",2,,-33.013375947492,-60.651667504587,55.0,538.0,Municipio Rosario,Municipio,Rosario,820210,Servicio de Catastro e Información Territorial,IGN
2020,3406,2020-06-26,Viernes,,19:00:00,,0.0,2,"Moto/Ciclomotor,Automóvil",Marco Polo Y Salva,3,1,0,0,2,0,0,"-33.010671033847,-60.639861028363",Calle,,ROSARIO,Rosario,Asfalto,No existe,II,Dentro,Urbana,Ninguna,No existe,Intersección,Bueno,Buena,Atardecer,Buen Tiempo,Lateral,S/D,Colisión,Ninguna,Faltante,Ninguna,Sin restricción,"-33.010671033847,-60.639861028363","['Marco Polo', 'Salva']",2,,-33.010671033847,-60.639861028363,55.0,538.0,Municipio Rosario,Municipio,Rosario,820210,Servicio de Catastro e Información Territorial,IGN
2020,3407,2020-06-03,Miercoles,,16:20:00,,0.0,2,"Moto/Ciclomotor,Automóvil",Peru Y Pje. Volta,3,1,1,0,1,0,0,"-32.95859569657,-60.710652458314",Calle,,ROSARIO,Rosario,Asfalto,No existe,II,Dentro,Urbana,Ninguna,No existe,Intersección,Con baches,Buena,Diurna,Otro,Otro,S/D,Colisión,Otro,Faltante,Ninguna,Sin restricción,"-32.95859569657,-60.710652458314","['Peru', 'Volta']",2,,-32.95859569657,-60.710652458314,55.0,538.0,Municipio Rosario,Municipio,Rosario,820210,Servicio de Catastro e Información Territorial,IGN
2020,3410,2020-06-25,Jueves,,09:30:00,,0.0,2,"Bicicleta,Automóvil",Garay Y Mariano Moreno,2,1,0,0,1,0,0,"-32.972257175264,-60.657637926228",Calle,,ROSARIO,Rosario,Asfalto,No existe,II,Dentro,Urbana,Ninguna,No existe,Intersección,Bueno,Buena,Diurna,Buen Tiempo,S/D,Ciclista,Atropello,Ninguna,Faltante,Ninguna,Sin restricción,"-32.972257175264,-60.657637926228","['Garay', 'Mariano Moreno']",2,,-32.972257175264,-60.657637926228,55.0,538.0,Municipio Rosario,Municipio,Rosario,820210,Servicio de Catastro e Información Territorial,IGN
2020,3416,2020-06-09,Martes,,17:30:00,,0.0,2,"Moto/Ciclomotor,Automóvil",Rivarola 7900,3,1,1,0,1,0,0,"-32.966303447632,-60.728438938182",Calle,,ROSARIO,Rosario,Asfalto,No existe,II,Dentro,Urbana,Ninguna,No existe,Recta,Bueno,Reducida,Diurna,Otro,De alcance,S/D,Colisión,Otro,Faltante,Ninguna,Sin restricción,"-32.966303447632,-60.728438938182",['Rivarola 7900'],1,,-32.966303447632,-60.728438938182,55.0,538.0,Municipio Rosario,Municipio,Rosario,820210,Servicio de Catastro e Información Territorial,IGN
2020,3418,2020-06-29,Lunes,,22:50:00,,0.0,1,Pickup/Utilitario,Bv. Oroño Y Bv. Segui,2,1,0,0,1,0,0,"-32.9764734024,-60.661412628935",Avenida,,ROSARIO,Rosario,Asfalto,No existe,II,Dentro,Urbana,Semáforo,Funciona,Intersección,Bueno,Buena,"Nocturna,Con luz artificial",Buen Tiempo,Contra objeto fijo,S/D,Colisión,Ninguna,"Horizontal,Vertical","Cordón divisorio,Vegetación,Línea divisoria pintada",Sin restricción,"-32.9764734024,-60.661412628935","['Bulevar Nicasio Oroño', 'Bulevar Juan Francisco Seguí']",2,,-32.9764734024,-60.661412628935,55.0,538.0,Municipio Rosario,Municipio,Rosario,820210,Servicio de Catastro e Información Territorial,IGN
2020,3419,2020-07-10,Viernes,,20:40:00,,0.0,1,Moto/Ciclomotor, ,1,1,0,0,0,0,0,"-32.92731, -60.76611",Calle,,ROSARIO,Rosario,S/D,S/D,II,S/D,S/D,S/D,S/D,S/D,S/D,S/D,S/D,S/D,S/D,S/D,"Vuelco,Despiste",S/D,S/D,S/D,S/D,"-32.92731, -60.76611",[''],0,,-32.92731,-60.76611,55.0,538.0,Municipio Rosario,Municipio,Rosario,820210,Servicio de Catastro e Información Territorial,IGN
2020,3423,2020-06-26,Viernes,,09:15:00,,0.0,2,"Moto/Ciclomotor,Automóvil",Juan Canals Y San Martin,2,1,0,0,1,0,0,"-32.989853798815,-60.646430950346",Calle,,ROSARIO,Rosario,Asfalto,No existe,II,Dentro,Urbana,Señal Pare,No existe,Intersección,Bueno,Buena,Diurna,Buen Tiempo,S/D,S/D,Colisión,Ninguna,"Horizontal,Vertical","Cordón divisorio,Vegetación,Línea divisoria pintada",Sin restricción,"-32.989853798815,-60.646430950346","['Juan Canals', 'San Martin']",2,,-32.989853798815,-60.646430950346,55.0,538.0,Municipio Rosario,Municipio,Rosario,820210,Servicio de Catastro e Información Territorial,IGN
2020,3425,2020-06-10,Miercoles,,22:30:00,,0.0,2,"Automóvil,Moto/Ciclomotor",Dean Funes Y M.Gonzalez,2,1,0,0,1,0,0,"-32.968035412538,-60.73083437031",Calle,,ROSARIO,Rosario,Asfalto,No existe,II,Dentro,Urbana,Ninguna,No existe,Intersección,Otro,Reducida,Nocturna,Otro,Lateral,S/D,Colisión,Otro,Faltante,Vegetación,Sin restricción,"-32.968035412538,-60.73083437031","['Deán Gregorio Funes', 'Gonzalez']",2,,-32.968035412538,-60.73083437031,55.0,538.0,Municipio Rosario,Municipio,Rosario,820210,Servicio de Catastro e Información Territorial,IGN
2020,3427,2020-06-22,Lunes,,15:30:00,,0.0,2,"Moto/Ciclomotor,Automóvil",Italia Y Padre R. Giaccone,3,1,0,0,2,0,0,"-33.00818321471,-60.658904233491",Calle,,ROSARIO,Rosario,Asfalto,No existe,II,Dentro,Urbana,Ninguna,No existe,Intersección,Bueno,Buena,Diurna,Buen Tiempo,Lateral,S/D,Colisión,Ninguna,Faltante,Ninguna,Sin restricción,"-33.00818321471,-60.658904233491","['Italia', 'Padre R. Giaccone']",2,,-33.00818321471,-60.658904233491,55.0,538.0,Municipio Rosario,Municipio,Rosario,820210,Servicio de Catastro e Información Territorial,IGN
2020,3430,2020-06-23,Martes,,11:30:00,,0.0,2,"Moto/Ciclomotor,Pickup/Utilitario",Gaboto Y J.M.de Rosas,2,1,0,0,1,0,0,"-32.97456395774,-60.638051776913",Calle,,ROSARIO,Rosario,Asfalto,No existe,II,Dentro,Urbana,Ninguna,No existe,Intersección,Bueno,Buena,Diurna,Buen Tiempo,Lateral,S/D,Colisión,Ninguna,Faltante,Ninguna,Sin restricción,"-32.97456395774,-60.638051776913","['Gaboto', 'De Rosas']",2,,-32.97456395774,-60.638051776913,55.0,538.0,Municipio Rosario,Municipio,Rosario,820210,Servicio de Catastro e Información Territorial,IGN
2020,3432,2020-06-11,Jueves,,12:30:00,,0.0,2,"Pickup/Utilitario,Moto/Ciclomotor",Calle 1849 4100,2,0,1,0,1,0,0,"-32.972398, -60.710300",Calle,,ROSARIO,Rosario,Asfalto,No existe,II,Dentro,Urbana,Ninguna,No existe,Intersección,Otro,Buena,Diurna,Otro,Otro,S/D,Colisión,S/D,Faltante,Ninguna,S/D,"-32.972398, -60.710300",['Calle 1849 4100'],1,,-32.972398,-60.7103,55.0,538.0,Municipio Rosario,Municipio,Rosario,820210,Servicio de Catastro e Información Territorial,IGN
2020,3433,2020-06-21,Domingo,,14:30:00,,0.0,2,"Moto/Ciclomotor,Pickup/Utilitario",Laprida Y Rui Barbosa,3,0,1,0,2,0,0,"-33.006239706577,-60.646836379244",Calle,,ROSARIO,Rosario,Asfalto,No existe,II,Dentro,Urbana,Ninguna,No existe,Intersección,Bueno,Buena,Diurna,Buen Tiempo,Lateral,S/D,Colisión,Ninguna,Faltante,Ninguna,Sin restricción,"-33.006239706577,-60.646836379244","['Laprida', 'Rui Barbosa']",2,,-33.006239706577,-60.646836379244,55.0,538.0,Municipio Rosario,Municipio,Rosario,820210,Servicio de Catastro e Información Territorial,IGN
2020,3435,2020-06-12,Viernes,,14:00:00,,0.0,2,"Moto/Ciclomotor,Moto/Ciclomotor",ABORIGENES ARGENTINOS  4900,2,1,1,0,0,0,0,"-32.980868,-60.691001",Calle,,ROSARIO,Rosario,Asfalto,Pavimento,II,Dentro,Urbana,Ninguna,No existe,Recta,Bueno,Buena,Diurna,Otro,Lateral,S/D,Colisión,Otro,Faltante,Ninguna,Sin restricción,"-32.980868,-60.691001",['Aborigenes Argentinos 4900'],1,,-32.980868,-60.691001,55.0,538.0,Municipio Rosario,Municipio,Rosario,820210,Servicio de Catastro e Información Territorial,IGN
2020,3438,2020-06-17,Miercoles,,18:50:00,,0.0,2,"Moto/Ciclomotor,Automóvil",Bv. Segui Y Entre Rios,2,1,0,0,1,0,0,"-32.978461451284,-60.649145899938",Avenida,,ROSARIO,Rosario,Asfalto,No existe,II,Dentro,Urbana,Señal Pare,No existe,Intersección,Bueno,Buena,Atardecer,Buen Tiempo,Lateral,S/D,Colisión,Ninguna,"Horizontal,Vertical","Cordón divisorio,Vegetación",Sin restricción,"-32.978461451284,-60.649145899938","['Bulevar Juan Francisco Seguí', 'Entre Ríos']",2,,-32.978461451284,-60.649145899938,55.0,538.0,Municipio Rosario,Municipio,Rosario,820210,Servicio de Catastro e Información Territorial,IGN
2020,3439,2020-06-12,Viernes,,17:32:00,,0.0,2,"Peatón,Moto/Ciclomotor",Biedma 6830,2,0,1,0,1,0,0,"-32.973432, -60.712377",Calle,,ROSARIO,Rosario,Tierra,No existe,II,Dentro,Urbana,Ninguna,No existe,Recta,Deteriorada,Buena,Diurna,Otro,S/D,Peatón,Atropello,S/D,Faltante,Ninguna,Sin restricción,"-32.973432, -60.712377",['Biedma 6830'],1,,-32.973432,-60.712377,55.0,538.0,Municipio Rosario,Municipio,Rosario,820210,Servicio de Catastro e Información Territorial,IGN
2020,3443,2020-06-18,Jueves,,15:35:00,,0.0,2,"Moto/Ciclomotor,Moto/Ciclomotor",Garibaldi Y Trento,2,2,0,0,0,0,0,"-32.983609082056,-60.661212071071",Calle,,ROSARIO,Rosario,Asfalto,No existe,II,Dentro,Urbana,Ninguna,No existe,Intersección,Bueno,Buena,Diurna,Buen Tiempo,Lateral,S/D,Colisión,Ninguna,Faltante,Ninguna,Sin restricción,"-32.983609082056,-60.661212071071","['José Garibaldi', 'Trento']",2,,-32.983609082056,-60.661212071071,55.0,538.0,Municipio Rosario,Municipio,Rosario,820210,Servicio de Catastro e Información Territorial,IGN
2020,3447,2020-06-12,Viernes,,20:00:00,,0.0,2,"Moto/Ciclomotor,Moto/Ciclomotor",BV 27 DE FEBRERO Y JUAN PABLO II,4,2,1,0,1,0,0,"-32.959569795453,-60.720310752485",Avenida,,ROSARIO,Rosario,Asfalto,No existe,II,Dentro,Urbana,Semáforo,Funciona,Intersección,Otro,Buena,"Nocturna,Con luz artificial",Otro,Otro,S/D,Colisión,Ninguna,"Horizontal,Vertical",Cordón divisorio,Sin restricción,"-32.959569795453,-60.720310752485","['27 de Febrero', 'Juan Pablo II']",2,,-32.959569795453,-60.720310752485,55.0,538.0,Municipio Rosario,Municipio,Rosario,820210,Servicio de Catastro e Información Territorial,IGN
2020,3448,2020-06-17,Miercoles,,18:55:00,,0.0,2,"Moto/Ciclomotor,Pickup/Utilitario",Pje. Lord Kelvin Y Pte.Roca,3,2,0,0,1,0,0,"-32.973816554615,-60.652332278107",Calle,,ROSARIO,Rosario,Asfalto,No existe,II,Dentro,Urbana,Ninguna,No existe,Intersección,Bueno,Buena,Atardecer,Buen Tiempo,Lateral,S/D,Colisión,Ninguna,Faltante,Ninguna,Sin restricción,"-32.973816554615,-60.652332278107","['Pasaje Lord Kelvin', 'Roca']",2,,-32.973816554615,-60.652332278107,55.0,538.0,Municipio Rosario,Municipio,Rosario,820210,Servicio de Catastro e Información Territorial,IGN
2020,3449,2020-06-11,Jueves,,14:00:00,,0.0,2,"Bicicleta,Pickup/Utilitario",Balcarce Y Bv. Segui,2,1,0,0,1,0,0,"-32.976498938319,-60.660130948177",Avenida,,ROSARIO,Rosario,Asfalto,No existe,II,Dentro,Urbana,Ninguna,No existe,Intersección,Bueno,Buena,Diurna,Buen Tiempo,S/D,Ciclista,Atropello,Ninguna,Faltante,Ninguna,Sin restricción,"-32.976498938319,-60.660130948177","['Balcarce', 'Bulevar Juan Francisco Seguí']",2,,-32.976498938319,-60.660130948177,55.0,538.0,Municipio Rosario,Municipio,Rosario,820210,Servicio de Catastro e Información Territorial,IGN
2020,3451,2020-06-10,Miercoles,,22:25:00,,0.0,2,"Automóvil,Automóvil",Av. Corrientes Y Benito Juarez,3,1,0,0,2,0,0,"-32.993052452465,-60.653646099027",Calle,,ROSARIO,Rosario,Asfalto,No existe,II,Dentro,Urbana,Ninguna,No existe,Intersección,Bueno,Buena,Diurna,Buen Tiempo,Lateral,S/D,Colisión,Ninguna,Faltante,Ninguna,Sin restricción,"-32.993052452465,-60.653646099027","['Corrientes', 'Benito Juárez']",2,,-32.993052452465,-60.653646099027,55.0,538.0,Municipio Rosario,Municipio,Rosario,820210,Servicio de Catastro e Información Territorial,IGN
2020,3453,2020-06-13,Sabado,,20:00:00,,0.0,2,"Automóvil,Peatón",Av. Pellegrini Y Matienzo,2,1,0,0,1,0,0,"-32.948019783166,-60.694383397382",Avenida,,ROSARIO,Rosario,Asfalto,No existe,II,Dentro,Urbana,Semáforo,Funciona,Intersección,Otro,Reducida,Nocturna,Otro,S/D,Peatón,Atropello,Otro,"Horizontal,Vertical",Cordón divisorio,Sin restricción,"-32.948019783166,-60.694383397382","['Pellegrini', 'Matienzo']",2,,-32.948019783166,-60.694383397382,55.0,538.0,Municipio Rosario,Municipio,Rosario,820210,Servicio de Catastro e Información Territorial,IGN
2020,3456,2020-06-07,Domingo,,22:00:00,,0.0,2,"Bicicleta,Automóvil",Chacabuco 3700,2,1,0,0,1,0,0,"-32.98295965579,-60.631309060829",Calle,,ROSARIO,Rosario,Asfalto,No existe,II,Dentro,Urbana,Ninguna,No existe,Intersección,Bueno,Buena,"Nocturna,Con luz artificial",Buen Tiempo,S/D,Ciclista,Atropello,Ninguna,Faltante,Ninguna,Sin restricción,"-32.98295965579,-60.631309060829",['Chacabuco 3700'],1,,-32.98295965579,-60.631309060829,55.0,538.0,Municipio Rosario,Municipio,Rosario,820210,Servicio de Catastro e Información Territorial,IGN
2020,3457,2020-06-24,Miercoles,,13:00:00,,0.0,2,"Automóvil,Moto/Ciclomotor",Rivarola 7900,2,0,1,0,1,0,0,"-32.966303447632,-60.728438938182",Calle,,ROSARIO,Rosario,Asfalto,No existe,II,Dentro,Urbana,Ninguna,No existe,Intersección,Otro,Buena,Diurna,Otro,S/D,S/D,Colisión,S/D,Faltante,Ninguna,S/D,"-32.966303447632,-60.728438938182",['Rivarola 7900'],1,,-32.966303447632,-60.728438938182,55.0,538.0,Municipio Rosario,Municipio,Rosario,820210,Servicio de Catastro e Información Territorial,IGN
2020,3459,2020-06-12,Viernes,,22:00:00,,0.0,2,"Moto/Ciclomotor,Transporte de Pasajeros Urbano (> 8 asientos)",Pte.Quintana Y Serrano,2,1,0,0,1,0,0,"-33.000402733717,-60.631860312589",Calle,,ROSARIO,Rosario,Asfalto,No existe,II,Dentro,Urbana,Ninguna,No existe,Intersección,Bueno,Buena,"Nocturna,Con luz artificial",Buen Tiempo,Lateral,S/D,Colisión,Ninguna,Faltante,Ninguna,Sin restricción,"-33.000402733717,-60.631860312589","['Quintana', 'Serrano']",2,,-33.000402733717,-60.631860312589,55.0,538.0,Municipio Rosario,Municipio,Rosario,820210,Servicio de Catastro e Información Territorial,IGN
2020,3462,2020-06-11,Jueves,,18:10:00,,0.0,2,"Pickup/Utilitario,Moto/Ciclomotor",Esteban de Luca Y Mitre,4,2,0,0,2,0,0,"-32.994972444644,-60.65062326518",Calle,,ROSARIO,Rosario,Asfalto,No existe,II,Dentro,Urbana,Ninguna,No existe,Intersección,Bueno,Buena,Diurna,Buen Tiempo,Lateral,S/D,Colisión,Ninguna,Faltante,Ninguna,Sin restricción,"-32.994972444644,-60.65062326518","['Esteban de Luca', 'Mitre']",2,,-32.994972444644,-60.65062326518,55.0,538.0,Municipio Rosario,Municipio,Rosario,820210,Servicio de Catastro e Información Territorial,IGN
2020,3463,2020-06-22,Lunes,,12:50:00,,0.0,2,"Automóvil,Pickup/Utilitario",Barra 2910,3,2,0,0,1,0,0,"-32.962728847013,-60.705922844813",Calle,,ROSARIO,Rosario,Asfalto,No existe,II,Dentro,Urbana,Ninguna,No existe,Recta,Otro,Buena,Diurna,Otro,De alcance,S/D,Colisión,Otro,Faltante,Ninguna,Sin restricción,"-32.962728847013,-60.705922844813",['Barra 2910'],1,,-32.962728847013,-60.705922844813,55.0,538.0,Municipio Rosario,Municipio,Rosario,820210,Servicio de Catastro e Información Territorial,IGN
2020,3464,2020-06-12,Viernes,,15:25:00,,0.0,2,"Moto/Ciclomotor,Moto/Ciclomotor",Anchorena Y San Martin,2,2,0,0,0,0,0,"-32.997737962283,-60.648133772397",Calle,,ROSARIO,Rosario,Asfalto,No existe,II,Dentro,Urbana,Semáforo,Funciona,Intersección,Bueno,Buena,Diurna,Buen Tiempo,Lateral,S/D,Colisión,Ninguna,"Horizontal,Vertical","Cordón divisorio,Vegetación,Línea divisoria pintada",Sin restricción,"-32.997737962283,-60.648133772397","['Anchorena', 'San Martin']",2,,-32.997737962283,-60.648133772397,55.0,538.0,Municipio Rosario,Municipio,Rosario,820210,Servicio de Catastro e Información Territorial,IGN
2020,3465,2020-06-19,Viernes,,14:15:00,,0.0,1,Automóvil,Av. Pte.Peron Y San Nicolas,1,1,0,0,0,0,0,"-32.95679971575738,-60.676477700471",Avenida,,ROSARIO,Rosario,Asfalto,No existe,II,Dentro,Urbana,Semáforo,Funciona,Intersección,Bueno,Buena,Diurna,Otro,Contra objeto fijo,S/D,Colisión,Otro,"Horizontal,Vertical",Cordón divisorio,Sin restricción,"-32.95679971575738,-60.676477700471","['Avenida Presidente Perón', 'San Nicolás']",2,,-32.95679971575738,-60.676477700471,55.0,538.0,Municipio Rosario,Municipio,Rosario,820210,Servicio de Catastro e Información Territorial,IGN
2020,3467,2020-06-17,Miercoles,,09:20:00,,0.0,2,"Moto/Ciclomotor,Automóvil",Av. Battle y Ordo�ez 3800,3,0,1,0,2,0,0,"-33.010038417966,-60.687415885336",Avenida,,ROSARIO,Rosario,Asfalto,No existe,II,Dentro,Urbana,Ninguna,No existe,Intersección,Bueno,Buena,Diurna,Otro,Lateral,S/D,Colisión,Ninguna,Faltante,Ninguna,Sin restricción,"-33.010038417966,-60.687415885336",['Avenida Battle y Ordoñez 3800'],1,,-33.010038417966,-60.687415885336,55.0,538.0,Municipio Rosario,Municipio,Rosario,820210,Servicio de Catastro e Información Territorial,IGN
2020,3484,2020-04-10,Viernes,,22:20:00,,0.0,2,"Transporte de Pasajeros Urbano (> 8 asientos),Moto/Ciclomotor",Av. Francia Y Cerrito,2,0,0,0,1,1,0,"-32.95699, -60.66933",Calle,,ROSARIO,Rosario,Asfalto,No existe,II,Dentro,Urbana,Ninguna,No existe,Intersección,Bueno,S/D,Nocturna,S/D,Lateral,S/D,Colisión,Ninguna,Faltante,Ninguna,Sin restricción,"-32.95699, -60.66933","['Avenida Francia', 'Cerrito']",2,,-32.95699,-60.66933,55.0,538.0,Municipio Rosario,Municipio,Rosario,820210,Servicio de Catastro e Información Territorial,IGN
2020,3486,2020-10-15,Jueves,,,,0.0,2,"Automóvil,Moto/Ciclomotor",Superi Y Union,2,1,0,0,1,0,0,"-32.89642, -60.70236",Calle,,ROSARIO,Rosario,Asfalto,No existe,II,S/D,Urbana,Ninguna,S/D,Recta,Bueno,Buena,Diurna,Otro,S/D,S/D,Colisión,Ninguna,Faltante,Ninguna,Sin restricción,"-32.89642, -60.70236","['Superi', 'Unión']",2,,-32.89642,-60.70236,55.0,538.0,Municipio Rosario,Municipio,Rosario,820210,Servicio de Catastro e Información Territorial,IGN
2020,3498,2020-05-28,Jueves,,,,0.0,1,Camión Chasis,Av. Circunvalacion ,1,1,0,0,0,0,0,"    -32.94643, -60.722",Avenida,,ROSARIO,Rosario,Asfalto,S/D,II,Dentro,Urbana,S/D,No existe,Curva,S/D,S/D,Diurna,S/D,S/D,S/D,Vuelco,S/D,S/D,Guardarrail,S/D,"    -32.94643, -60.722",['Circunvalacion'],1,,-32.94643,-60.722,55.0,538.0,Municipio Rosario,Municipio,Rosario,820210,Servicio de Catastro e Información Territorial,IGN
2020,3511,2020-04-25,Sabado,,16:00:00,,0.0,1,Automóvil,Bv. Rondeau 4300,1,0,0,0,0,1,0,"-32.87459, -60.69832",Calle,,ROSARIO,Rosario,Asfalto,No existe,II,Dentro,Urbana,S/D,No existe,Recta,Bueno,Reducida,Diurna,Lluvia,Contra objeto fijo,S/D,Colisión,Agua,Horizontal,Ninguna,Sin restricción,"-32.87459, -60.69832",['Rondeau 4300'],1,,-32.87459,-60.69832,55.0,538.0,Municipio Rosario,Municipio,Rosario,820210,Servicio de Catastro e Información Territorial,IGN
2020,3520,2020-10-12,Lunes,,11:45:00,,0.0,2,"Moto/Ciclomotor,Automóvil",Fraga Y J.J.Paso,2,1,0,0,1,0,0,"-32.92018, -60.71139",Avenida,,ROSARIO,Rosario,Asfalto,No existe,II,Dentro,Urbana,Ninguna,No existe,Intersección,Bueno,Buena,Diurna,Buen Tiempo,Otro,S/D,Colisión,Ninguna,Faltante,Ninguna,Sin restricción,"-32.92018, -60.71139","['Fraga', 'Paso']",2,,-32.92018,-60.71139,55.0,538.0,Municipio Rosario,Municipio,Rosario,820210,Servicio de Catastro e Información Territorial,IGN
2020,3522,2020-10-14,Miercoles,,20:05:00,,0.0,2,"Automóvil,Automóvil",Jose Ingenieros Y Donado,2,1,1,0,0,0,0,"-32.91752, -60.72803",Calle,,ROSARIO,Rosario,Asfalto,No existe,II,S/D,Urbana,Ninguna,No existe,Intersección,Deteriorada,Buena,Diurna,Buen Tiempo,Frontal,S/D,Colisión,Ninguna,Faltante,Ninguna,Sin restricción,"-32.91752, -60.72803","['José Ingenieros', 'Donado']",2,,-32.91752,-60.72803,55.0,538.0,Municipio Rosario,Municipio,Rosario,820210,Servicio de Catastro e Información Territorial,IGN
2020,3523,2020-10-10,Sabado,,14:40:00,,0.0,1,Moto/Ciclomotor,Urquiza ,2,2,0,0,0,0,0,"-32.93868, -60.7624",Calle,,ROSARIO,Rosario,Asfalto,No existe,II,Dentro,Urbana,S/D,S/D,Recta,Bueno,Buena,Diurna,Buen Tiempo,S/D,S/D,Cañda ocupante,Ninguna,S/D,S/D,Sin restricción,"-32.93868, -60.7624",['Urquiza'],1,,-32.93868,-60.7624,55.0,538.0,Municipio Rosario,Municipio,Rosario,820210,Servicio de Catastro e Información Territorial,IGN
2020,3525,2020-06-19,Viernes,,12:45:00,,0.0,2,"Automóvil,Moto/Ciclomotor",Av. Pellegrini Y Roullon,3,0,1,0,2,0,0,"-32.948266267776454,-60.70194125175",Avenida,,ROSARIO,Rosario,Hormigón,No existe,II,Dentro,Urbana,Semáforo,Funciona,Recta,Bueno,S/D,Diurna,Otro,Otro,S/D,Colisión,S/D,"Horizontal,Vertical",Cordón divisorio,S/D,"-32.948266267776454,-60.70194125175","['Pellegrini', 'Alfredo Rouillón']",2,,-32.948266267776454,-60.70194125175,55.0,538.0,Municipio Rosario,Municipio,Rosario,820210,Servicio de Catastro e Información Territorial,IGN
2020,3527,2020-06-19,Viernes,,12:25:00,,0.0,2,"Camión c / Acoplado,Moto/Ciclomotor",Bv. 27 De Febrero Y Constitucion,4,1,0,0,3,0,0,"-32.961159469405,-60.67900992246",Avenida,,ROSARIO,Rosario,Asfalto,No existe,II,Dentro,Urbana,Semáforo,Funciona,Intersección,Bueno,Buena,Diurna,Otro,S/D,S/D,Colisión,Otro,Vertical,Cordón divisorio,Sin restricción,"-32.961159469405,-60.67900992246","['27 de Febrero', 'Constitución']",2,,-32.961159469405,-60.67900992246,55.0,538.0,Municipio Rosario,Municipio,Rosario,820210,Servicio de Catastro e Información Territorial,IGN