anio_acci,nro_acci,fecha,desc_dia,fecha_aprox,hora_aprox,desc_ruta,km,cant_participantes,desc_participante,calle_avenida_km,total,heridos_leves,heridos_graves,heridos_gravisimos,ilesos,fallecidos,sin_datos,posicion_XY,desc_tipo_via,desc_ruta_ori,desc_loc,desc_dpto,desc_tipo_calzada,desc_tipo_banquina,desc_unidad_regional,desc_lugar_calzada,desc_zona,desc_prioridad,desc_estado_semaforo,desc_lugar_via,desc_estado_via,desc_estado_visibilidad,desc_luminosidad,desc_estado_clima,desc_tipo_colision,desc_tipo_atropello,desc_tipo_hecho,desc_pres_calzada,desc_senializacion,desc_separacion_via,desc_restriccion,forma_geocod,calle_lista,numero_calles,calles_osm,lat,lon,index_right,gid,fna,gna,nam,in1,fdc,sag
2020,3530,2020-06-07,Domingo,,11:45:00,,0.0,3,"Moto/Ciclomotor,Automóvil,Automóvil",Rivarola 7200,3,1,0,0,2,0,0,"-32.96605467796322,-60.718270540237",Avenida,,ROSARIO,Rosario,Asfalto,No existe,II,Dentro,Urbana,Semáforo,Funciona,Intersección,Bueno,Buena,Diurna,Buen Tiempo,Lateral,S/D,Colisión,Ninguna,"Horizontal,Vertical",Cordón divisorio,Sin restricción,"-32.96605467796322,-60.718270540237",['Rivarola 7200'],1,,-32.96605467796322,-60.718270540237,55.0,538.0,Municipio Rosario,Municipio,Rosario,820210,Servicio de Catastro e Información Territorial,IGN
2020,3534,2020-06-06,Sabado,,18:00:00,,0.0,2,"Pickup/Utilitario,Automóvil",BARRA Y DEMESTRI,3,0,2,0,1,0,0,"-32.972445935029,-60.705542425803",Calle,,ROSARIO,Rosario,Asfalto,No existe,II,Dentro,Urbana,Ninguna,No existe,Recta,Bueno,Reducida,Atardecer,Buen Tiempo,De alcance,S/D,Colisión,Ninguna,Faltante,Ninguna,Sin restricción,"-32.972445935029,-60.705542425803","['Barra', 'Demestri']",2,,-32.972445935029,-60.705542425803,55.0,538.0,Municipio Rosario,Municipio,Rosario,820210,Servicio de Catastro e Información Territorial,IGN
2020,3535,2020-06-09,Martes,,13:10:00,,0.0,2,"Automóvil,Moto/Ciclomotor",Amenabar Y Tte.Agneta,5,1,1,0,3,0,0,"-32.96359777450558,-60.698937177658",Calle,,ROSARIO,Rosario,Asfalto,No existe,II,Dentro,Urbana,Ninguna,No existe,Intersección,Bueno,Buena,Diurna,Otro,Lateral,S/D,Colisión,Otro,Faltante,Ninguna,Sin restricción,"-32.96359777450558,-60.698937177658","['Amenabar', 'Teniente Agneta']",2,,-32.96359777450558,-60.698937177658,55.0,538.0,Municipio Rosario,Municipio,Rosario,820210,Servicio de Catastro e Información Territorial,IGN
2020,3541,2020-06-05,Viernes,,13:30:00,,0.0,2,"Pickup/Utilitario,Moto/Ciclomotor",Alsina Y Ituzaingo,2,0,1,0,1,0,0,"-32.953865493077,-60.680008423191",Calle,,ROSARIO,Rosario,Asfalto,No existe,II,Dentro,Urbana,Ninguna,No existe,Intersección,Bueno,Buena,Atardecer,Buen Tiempo,Lateral,S/D,Colisión,Ninguna,Faltante,Ninguna,Sin restricción,"-32.953865493077,-60.680008423191","['Alsina', 'Ituzaingó']",2,,-32.953865493077,-60.680008423191,55.0,538.0,Municipio Rosario,Municipio,Rosario,820210,Servicio de Catastro e Información Territorial,IGN
2020,3567,2020-08-03,Lunes,,16:25:00,,0.0,2,"Moto/Ciclomotor,Automóvil",AV URIBURU Y JUAN PABLO II,2,0,1,0,1,0,0,"-32.992291,-60.700488",Avenida,,ROSARIO,Rosario,Asfalto,No existe,II,Dentro,Urbana,Ninguna,No existe,Intersección,Bueno,Buena,Diurna,Buen Tiempo,Otro,S/D,Colisión,Ninguna,Faltante,Ninguna,Sin restricción,"-32.992291,-60.700488","['Uriburu', 'Juan Pablo II']",2,,-32.992291,-60.700488,55.0,538.0,Municipio Rosario,Municipio,Rosario,820210,Servicio de Catastro e Información Territorial,IGN
2020,3577,2020-10-21,Miercoles,,21:15:00,,0.0,2,"Automóvil,Moto/Ciclomotor",9 de Julio Y Juan Jose Paso,3,1,1,0,1,0,0,"-32.95883, -60.693",Calle,,ROSARIO,Rosario,Asfalto,No existe,II,Dentro,Urbana,Ninguna,No existe,Intersección,Bueno,Buena,Diurna,Buen Tiempo,Frontal,S/D,Colisión,Ninguna,Faltante,Ninguna,Sin restricción,"-32.95883, -60.693","['9 de Julio', 'Juan José Paso']",2,,-32.95883,-60.693,55.0,538.0,Municipio Rosario,Municipio,Rosario,820210,Servicio de Catastro e Información Territorial,IGN
2020,3587,2020-07-27,Lunes,,10:00:00,,0.0,1,Moto/Ciclomotor,Thompson Y Urquiza,1,1,0,0,0,0,0,"-32.95883, -60.693",Avenida,,ROSARIO,Rosario,Asfalto,No existe,II,Dentro,Urbana,Ninguna,No existe,Intersección,S/D,S/D,Diurna,Buen Tiempo,S/D,S/D,Cañda ocupante,S/D,Faltante,Cordón divisorio,S/D,"-32.95883, -60.693","['Thompson', 'Urquiza']",2,,-32.95883,-60.693,55.0,538.0,Municipio Rosario,Municipio,Rosario,820210,Servicio de Catastro e Información Territorial,IGN
2020,3594,2020-10-14,Miercoles,,10:05:00,,0.0,2,"Moto/Ciclomotor,Automóvil",Italia Y Biedma,2,1,0,0,1,0,0,"-32.97964, -60.65667",Calle,,ROSARIO,Rosario,Asfalto,No existe,II,Dentro,Urbana,Señal Pare,No existe,Intersección,Bueno,Buena,Diurna,Buen Tiempo,Lateral,S/D,Colisión,Ninguna,Vertical,Ninguna,Sin restricción,"-32.97964, -60.65667","['Italia', 'Coronel Biedma']",2,,-32.97964,-60.65667,55.0,538.0,Municipio Rosario,Municipio,Rosario,820210,Servicio de Catastro e Información Territorial,IGN
2020,3598,2020-10-14,Miercoles,,15:55:00,,0.0,2,"Moto/Ciclomotor,Pickup/Utilitario",Ameghino Y L.N.Alem,2,1,0,0,1,0,0,"-32.98889, -60.63852",Calle,,ROSARIO,Rosario,Asfalto,No existe,II,Dentro,Urbana,Ninguna,No existe,Intersección,Bueno,Buena,Diurna,Buen Tiempo,Lateral,S/D,Colisión,Ninguna,Faltante,Ninguna,Sin restricción,"-32.98889, -60.63852","['Ameghino', 'Alem']",2,,-32.98889,-60.63852,55.0,538.0,Municipio Rosario,Municipio,Rosario,820210,Servicio de Catastro e Información Territorial,IGN
2020,3600,2020-10-14,Miercoles,,10:00:00,,0.0,2,"Moto/Ciclomotor,Automóvil",Olegario V.Andrade Y San Martin,2,1,0,0,1,0,0,"-32.99583, -60.6478",Calle,,ROSARIO,Rosario,Asfalto,No existe,II,Dentro,Urbana,Semáforo,Funciona,Intersección,Bueno,Buena,Diurna,Buen Tiempo,Lateral,S/D,Colisión,Ninguna,Vertical,Ninguna,Sin restricción,"-32.99583, -60.6478","['Olegario V Andrade', 'San Martin']",2,,-32.99583,-60.6478,55.0,538.0,Municipio Rosario,Municipio,Rosario,820210,Servicio de Catastro e Información Territorial,IGN
2020,3602,2020-10-10,Sabado,,05:50:00,,0.0,1,Automóvil,Mitre 3100,2,2,0,0,0,0,0,"-32.97314, -60.6463",Calle,,ROSARIO,Rosario,Asfalto,No existe,II,Dentro,Urbana,Ninguna,No existe,Recta,Bueno,Buena,Diurna,Buen Tiempo,Contra objeto fijo,S/D,Colisión,Ninguna,Faltante,Ninguna,Sin restricción,"-32.97314, -60.6463",['Mitre 3100'],1,,-32.97314,-60.6463,55.0,538.0,Municipio Rosario,Municipio,Rosario,820210,Servicio de Catastro e Información Territorial,IGN
2020,3603,2020-10-13,Martes,,15:15:00,,0.0,2,"Transporte de Pasajeros Urbano (> 8 asientos),Automóvil",Milan Y Av. Corrientes,3,1,0,0,1,0,1,"-32.9898, -60.65348",Calle,,ROSARIO,Rosario,Asfalto,No existe,II,Dentro,Urbana,Ninguna,No existe,Recta,Bueno,Buena,Diurna,Buen Tiempo,S/D,S/D,Colisión,Ninguna,Faltante,Ninguna,Sin restricción,"-32.9898, -60.65348","['Milán', 'Corrientes']",2,,-32.9898,-60.65348,55.0,538.0,Municipio Rosario,Municipio,Rosario,820210,Servicio de Catastro e Información Territorial,IGN
2020,3605,2020-10-14,Miercoles,,17:40:00,,0.0,2,"Bicicleta,Automóvil",Bv. Argentino ,2,1,0,0,1,0,0,"-32.92401, -60.74641",Avenida,,ROSARIO,Rosario,Asfalto,S/D,II,S/D,Urbana,S/D,S/D,Recta,Bueno,S/D,S/D,S/D,S/D,Ciclista,Atropello,S/D,Horizontal,S/D,S/D,"-32.92401, -60.74641",['Argentino'],1,,-32.92401,-60.74641,55.0,538.0,Municipio Rosario,Municipio,Rosario,820210,Servicio de Catastro e Información Territorial,IGN
2020,3609,2020-10-11,Domingo,,03:10:00,,0.0,2,"Automóvil,Moto/Ciclomotor",Bv. Bouchard ,3,2,0,0,1,0,0,"-32.89052, -60.7353",Calle,,ROSARIO,Rosario,Asfalto,No existe,II,S/D,Urbana,Ninguna,S/D,Recta,Bueno,Buena,Nocturna,Buen Tiempo,S/D,S/D,Colisión,Ninguna,S/D,Ninguna,Sin restricción,"-32.89052, -60.7353",['Bouchard'],1,,-32.89052,-60.7353,55.0,538.0,Municipio Rosario,Municipio,Rosario,820210,Servicio de Catastro e Información Territorial,IGN
2020,3610,2020-07-06,Lunes,,,,0.0,2,"Automóvil,Automóvil",Castellanos Y E.Zeballos,2,1,0,0,1,0,0,"-32.94843, -60.6772",S/D,,ROSARIO,Rosario,S/D,S/D,II,S/D,S/D,S/D,S/D,S/D,S/D,S/D,S/D,S/D,S/D,S/D,S/D,S/D,S/D,S/D,S/D,"-32.94843, -60.6772","['Aaron Castellanos', 'Zeballos']",2,,-32.94843,-60.6772,55.0,538.0,Municipio Rosario,Municipio,Rosario,820210,Servicio de Catastro e Información Territorial,IGN
2020,3611,2020-10-08,Jueves,,,,0.0,2,"Taxi/Remis,Taxi/Remis",Paraguay 1150,5,2,0,0,2,0,1,"-32.94988, -60.64484",Calle,,ROSARIO,Rosario,Asfalto,S/D,II,S/D,Urbana,S/D,S/D,Recta,Bueno,Buena,Diurna,S/D,S/D,S/D,S/D,S/D,S/D,S/D,S/D,"-32.94988, -60.64484",['Paraguay 1150'],1,,-32.94988,-60.64484,55.0,538.0,Municipio Rosario,Municipio,Rosario,820210,Servicio de Catastro e Información Territorial,IGN
2020,3616,2020-10-15,Jueves,,07:00:00,,0.0,2,"Moto/Ciclomotor,Bicicleta",Montevideo Y Av. Corrientes,2,1,0,0,1,0,0,"-32.9554, -60.64478",Calle,,ROSARIO,Rosario,Asfalto,S/D,II,S/D,Urbana,S/D,S/D,Recta,Bueno,S/D,Diurna,S/D,S/D,Ciclista,Atropello,S/D,S/D,S/D,S/D,"-32.9554, -60.64478","['Montevideo', 'Corrientes']",2,,-32.9554,-60.64478,55.0,538.0,Municipio Rosario,Municipio,Rosario,820210,Servicio de Catastro e Información Territorial,IGN
2020,3618,2020-10-13,Martes,,06:45:00,,0.0,2,"Automóvil,Moto/Ciclomotor",Italia Y Montevideo,3,0,1,0,2,0,0,"-32.9544, -60.6503",Calle,,ROSARIO,Rosario,Asfalto,S/D,II,S/D,Urbana,S/D,S/D,Recta,Bueno,S/D,Diurna,Buen Tiempo,S/D,S/D,Colisión,S/D,S/D,S/D,S/D,"-32.9544, -60.6503","['Italia', 'Montevideo']",2,,-32.9544,-60.6503,55.0,538.0,Municipio Rosario,Municipio,Rosario,820210,Servicio de Catastro e Información Territorial,IGN
2020,3622,2020-10-15,Jueves,,11:30:00,,0.0,2,"Moto/Ciclomotor,Automóvil",Guemes Y Alvear,2,1,0,0,1,0,0,"-32.93301, -60.65198",Calle,,ROSARIO,Rosario,Asfalto,S/D,II,S/D,Urbana,S/D,S/D,Recta,Bueno,S/D,Diurna,S/D,S/D,S/D,Colisión,S/D,S/D,S/D,S/D,"-32.93301, -60.65198","['Güemes', 'Alvear']",2,,-32.93301,-60.65198,55.0,538.0,Municipio Rosario,Municipio,Rosario,820210,Servicio de Catastro e Información Territorial,IGN
2020,3628,2020-10-10,Sabado,,18:00:00,,0.0,2,"Bicicleta,Automóvil",Amenabar Y San Martin,2,1,0,0,1,0,0,"-32.97244, -60.64315",Avenida,,ROSARIO,Rosario,Asfalto,No existe,II,Dentro,Urbana,Semáforo,Funciona,Recta,Bueno,Buena,Diurna,Buen Tiempo,S/D,Ciclista,Atropello,Ninguna,Vertical,Ninguna,Sin restricción,"-32.97244, -60.64315","['Amenabar', 'San Martin']",2,,-32.97244,-60.64315,55.0,538.0,Municipio Rosario,Municipio,Rosario,820210,Servicio de Catastro e Información Territorial,IGN
2020,3631,2020-10-10,Sabado,,18:50:00,,0.0,2,"Automóvil,Automóvil",Galvez Y Av. Corrientes,2,1,0,0,1,0,0,"-32.968, -60.64796",Calle,,ROSARIO,Rosario,Asfalto,No existe,II,Dentro,Urbana,Señal Pare,No existe,Intersección,Bueno,Buena,Diurna,Buen Tiempo,Lateral,S/D,Colisión,Ninguna,Vertical,Ninguna,Sin restricción,"-32.968, -60.64796","['Galvez', 'Corrientes']",2,,-32.968,-60.64796,55.0,538.0,Municipio Rosario,Municipio,Rosario,820210,Servicio de Catastro e Información Territorial,IGN
2020,3633,2020-10-13,Martes,,17:20:00,,0.0,2,"Automóvil,Otros",Av. Ovidio Lagos Y Av. Pte.Peron,2,1,0,0,0,0,1,"-32.95535, -60.66476",Calle,,ROSARIO,Rosario,Asfalto,No existe,II,S/D,Urbana,Semáforo,Funciona,Intersección,Bueno,Buena,Con luz artificial,Buen Tiempo,Otro,S/D,Colisión,Ninguna,Faltante,Ninguna,Sin restricción,"-32.95535, -60.66476","['Avenida Ovidio Lagos', 'Avenida Presidente Perón']",2,,-32.95535,-60.66476,55.0,538.0,Municipio Rosario,Municipio,Rosario,820210,Servicio de Catastro e Información Territorial,IGN
2020,3634,2020-05-26,Martes,,,,0.0,1,Automóvil,Av. Ovidio Lagos Y Mendoza,2,2,0,0,0,0,0,"    -32.9474, -60.66274",Avenida,,ROSARIO,Rosario,S/D,S/D,II,Dentro,Urbana,S/D,No existe,Intersección,S/D,S/D,S/D,S/D,Contra objeto fijo,S/D,Colisión,S/D,S/D,S/D,S/D,"    -32.9474, -60.66274","['Avenida Ovidio Lagos', 'Mendoza']",2,,-32.9474,-60.66274,55.0,538.0,Municipio Rosario,Municipio,Rosario,820210,Servicio de Catastro e Información Territorial,IGN
2020,3656,2020-05-02,Sabado,,21:30:00,,0.0,2,"Moto/Ciclomotor,Transporte de Pasajeros Urbano (> 8 asientos)",J.B.Justo Y Sarratea Bis,3,1,0,0,1,1,0,"-32.91567, -60.74154",Calle,,ROSARIO,Rosario,Asfalto,No existe,II,Dentro,Urbana,Ninguna,No existe,Intersección,Bueno,S/D,Nocturna,S/D,S/D,S/D,Colisión,Ninguna,Faltante,Ninguna,Sin restricción,"-32.91567, -60.74154","['Justo', 'Sarratea']",2,,-32.91567,-60.74154,55.0,538.0,Municipio Rosario,Municipio,Rosario,820210,Servicio de Catastro e Información Territorial,IGN
2020,3676,2020-05-09,Sabado,,14:25:00,,0.0,2,"Moto/Ciclomotor,Automóvil",Bv. Avellaneda 4900,2,0,0,0,1,1,0,"-32.99653, -60.68881",Calle,,ROSARIO,Rosario,Asfalto,No existe,II,Dentro,Urbana,Ninguna,No existe,Recta,Bueno,Buena,Diurna,Buen Tiempo,S/D,S/D,Colisión,Ninguna,Faltante,Ninguna,Sin restricción,"-32.99653, -60.68881",['Avellaneda 4900'],1,,-32.99653,-60.68881,55.0,538.0,Municipio Rosario,Municipio,Rosario,820210,Servicio de Catastro e Información Territorial,IGN
2020,3696,2020-06-30,Martes,,13:45:00,,0.0,2,"Peatón,Pickup/Utilitario",Av. Francia Y Urquiza,2,0,1,0,1,0,0,"-32.938076002544,-60.664540217063",Avenida,,ROSARIO,Rosario,Asfalto,No existe,II,Dentro,Urbana,Paso Peatonal,No existe,Intersección,Bueno,Buena,Diurna,Buen Tiempo,S/D,Peatón,Atropello,Ninguna,Horizontal,"Cordón divisorio,Vegetación",Sin restricción,"-32.938076002544,-60.664540217063","['Avenida Francia', 'Urquiza']",2,,-32.938076002544,-60.664540217063,55.0,538.0,Municipio Rosario,Municipio,Rosario,820210,Servicio de Catastro e Información Territorial,IGN
2020,3699,2020-10-07,Miercoles,,,,0.0,2,"Moto/Ciclomotor,Automóvil",Superi Y Medrano,2,1,0,0,0,0,1,"-32.89624, -60.70134",S/D,,ROSARIO,Rosario,Asfalto,No existe,II,S/D,S/D,S/D,No existe,Recta,Con baches,Buena,Diurna,S/D,S/D,S/D,S/D,Ninguna,S/D,S/D,S/D,"-32.89624, -60.70134","['Superi', 'Medrano']",2,,-32.89624,-60.70134,55.0,538.0,Municipio Rosario,Municipio,Rosario,820210,Servicio de Catastro e Información Territorial,IGN
2020,3701,2020-06-30,Martes,,20:00:00,,0.0,2,"Moto/Ciclomotor,Moto/Ciclomotor",Bv. Avellaneda 7000,2,1,0,0,1,0,0,"-33.019939231616,-60.689247839326",Avenida,,ROSARIO,Rosario,Asfalto,No existe,II,Dentro,Urbana,Otra Señal,No existe,Intersección,Bueno,Buena,Diurna,Buen Tiempo,S/D,S/D,Colisión,Ninguna,Vertical,Ninguna,Sin restricción,"-33.019939231616,-60.689247839326",['Avellaneda 7000'],1,,-33.019939231616,-60.689247839326,55.0,538.0,Municipio Rosario,Municipio,Rosario,820210,Servicio de Catastro e Información Territorial,IGN
2020,3705,2020-07-21,Martes,,05:15:00,,0.0,1,Moto/Ciclomotor,Roullon Y Bv. Segui,1,0,1,0,0,0,0,"-32.9707, -60.70099",Avenida,,ROSARIO,Rosario,Asfalto,Pavimento,II,S/D,Urbana,Semáforo,Funciona,Intersección,Bueno,Buena,"Nocturna,Con luz artificial",Buen Tiempo,Contra objeto fijo,S/D,Colisión,Ninguna,S/D,Ninguna,Sin restricción,"-32.9707, -60.70099","['Alfredo Rouillón', 'Bulevar Juan Francisco Seguí']",2,,-32.9707,-60.70099,55.0,538.0,Municipio Rosario,Municipio,Rosario,820210,Servicio de Catastro e Información Territorial,IGN
2020,3706,2020-06-22,Lunes,,21:30:00,,0.0,2,"Moto/Ciclomotor,Automóvil",Garzon Y Velez Sarsfield,2,1,0,0,1,0,0,"-32.925826107549,-60.706270168295",Calle,,ROSARIO,Rosario,Asfalto,No existe,II,Dentro,Urbana,Ninguna,No existe,Intersección,Bueno,Buena,"Nocturna,Con luz artificial",Buen Tiempo,S/D,S/D,Colisión,Ninguna,Faltante,Ninguna,Sin restricción,"-32.925826107549,-60.706270168295","['Garzón', 'Vélez Sarsfield']",2,,-32.925826107549,-60.706270168295,55.0,538.0,Municipio Rosario,Municipio,Rosario,820210,Servicio de Catastro e Información Territorial,IGN
2020,3707,2020-07-30,Jueves,,19:55:00,,0.0,2,"Moto/Ciclomotor,Pickup/Utilitario",Entre Rios Y Clarke,3,2,0,0,1,0,0,"-32.94967, -60.64187",S/D,,ROSARIO,Rosario,Hormigón,No existe,II,Dentro,Urbana,Ninguna,No existe,Intersección,Bueno,Reducida,Atardecer,Buen Tiempo,Lateral,S/D,Colisión,Ninguna,Faltante,Ninguna,Sin restricción,"-32.94967, -60.64187","['Entre Ríos', 'Clarke']",2,,-32.94967,-60.64187,55.0,538.0,Municipio Rosario,Municipio,Rosario,820210,Servicio de Catastro e Información Territorial,IGN
2020,3710,2020-07-27,Lunes,,20:20:00,,0.0,2,"Automóvil,Moto/Ciclomotor",Av. Eva Peron Y Mejico,3,1,0,0,2,0,0,"-32.932, -60.71883",Avenida,,ROSARIO,Rosario,Asfalto,No existe,II,Dentro,Urbana,Ninguna,Funciona,Intersección,Bueno,Buena,Atardecer,Buen Tiempo,De alcance,S/D,Colisión,Ninguna,S/D,Cordón divisorio,Sin restricción,"-32.932, -60.71883","['Avenida Eva Perón', 'Mejico']",2,,-32.932,-60.71883,55.0,538.0,Municipio Rosario,Municipio,Rosario,820210,Servicio de Catastro e Información Territorial,IGN
2020,3711,2020-06-22,Lunes,,23:00:00,,0.0,2,"Bicicleta,Automóvil",Av. Ovidio Lagos Y Lamadrid,2,1,0,0,1,0,0,"-32.997846440095,-60.675031983696",Avenida,,ROSARIO,Rosario,Asfalto,No existe,II,Dentro,Urbana,Paso Peatonal,No existe,Intersección,Bueno,Buena,"Nocturna,Con luz artificial",Buen Tiempo,S/D,Peatón,Atropello,Ninguna,Horizontal,Cordón divisorio,Sin restricción,"-32.997846440095,-60.675031983696","['Avenida Ovidio Lagos', 'Lamadrid']",2,,-32.997846440095,-60.675031983696,55.0,538.0,Municipio Rosario,Municipio,Rosario,820210,Servicio de Catastro e Información Territorial,IGN
2020,3714,2020-10-05,Lunes,,23:50:00,,0.0,2,"Automóvil,Otros",Bv. Rondeau Y Washington,2,0,0,0,0,0,2,"-32.90105, -60.69062",S/D,,ROSARIO,Rosario,S/D,S/D,II,S/D,Urbana,S/D,S/D,S/D,S/D,S/D,S/D,S/D,S/D,S/D,S/D,S/D,S/D,S/D,S/D,"-32.90105, -60.69062","['Rondeau', 'Washington']",2,,-32.90105,-60.69062,55.0,538.0,Municipio Rosario,Municipio,Rosario,820210,Servicio de Catastro e Información Territorial,IGN
2020,3716,2020-07-21,Martes,,08:20:00,,0.0,2,"Automóvil,Moto/Ciclomotor",San Nicolas 2800,3,2,0,0,1,0,0,"-32.96378, -60.67827",Calle,,ROSARIO,Rosario,Asfalto,No existe,II,Dentro,Urbana,Ninguna,No existe,Intersección,Otro,Buena,Diurna,S/D,S/D,S/D,Colisión,Otro,Faltante,Vegetación,Sin restricción,"-32.96378, -60.67827",['San Nicolas 2800'],1,,-32.96378,-60.67827,55.0,538.0,Municipio Rosario,Municipio,Rosario,820210,Servicio de Catastro e Información Territorial,IGN
2020,3718,2020-07-21,Martes,,08:30:00,,0.0,2,"Bicicleta,Automóvil",Buenos Aires Y Saavedra,2,1,0,0,1,0,0,"-32.97892, -60.64063",Calle,,ROSARIO,Rosario,S/D,S/D,II,Dentro,Urbana,S/D,S/D,Intersección,S/D,S/D,Diurna,S/D,S/D,Ciclista,Atropello,S/D,S/D,S/D,S/D,"-32.97892, -60.64063","['Buenos Aires', 'Saavedra']",2,,-32.97892,-60.64063,55.0,538.0,Municipio Rosario,Municipio,Rosario,820210,Servicio de Catastro e Información Territorial,IGN
2020,3721,2020-07-21,Martes,,19:40:00,,0.0,2,"Moto/Ciclomotor,Automóvil",Ayacucho 6700,3,2,0,0,1,0,0,"-33.0124, -60.63559",Calle,,ROSARIO,Rosario,Asfalto,No existe,II,S/D,Urbana,Ninguna,No existe,Recta,Con baches,Buena,Atardecer,Buen Tiempo,De alcance,S/D,Colisión,Ninguna,Faltante,Ninguna,Sin restricción,"-33.0124, -60.63559",['Ayacucho 6700'],1,,-33.0124,-60.63559,55.0,538.0,Municipio Rosario,Municipio,Rosario,820210,Servicio de Catastro e Información Territorial,IGN
2020,3728,2020-10-03,Sabado,,11:20:00,,0.0,2,"Automóvil,Bicicleta",Albert Sabin Y J.B.Justo,2,1,0,0,1,0,0,"-32.91431, -60.69155",S/D,,ROSARIO,Rosario,Asfalto,Pavimento,II,Dentro,Urbana,Semáforo,Funciona,Recta,Bueno,Buena,Diurna,Buen Tiempo,Frontal,Ciclista,Atropello,Ninguna,Horizontal,Barrera de hormigón,Sin restricción,"-32.91431, -60.69155","['Avenida Travesía Albert Sabin', 'Justo']",2,,-32.91431,-60.69155,55.0,538.0,Municipio Rosario,Municipio,Rosario,820210,Servicio de Catastro e Información Territorial,IGN
2020,3730,2020-10-04,Domingo,,15:10:00,,0.0,2,"Moto/Ciclomotor,Pickup/Utilitario",Baigorria Y Molina,2,1,0,0,1,0,0,"-32.89378, -60.70466",Calle,,ROSARIO,Rosario,Asfalto,Pavimento,II,Dentro,Urbana,Ninguna,No existe,Intersección,Bueno,Buena,Diurna,Buen Tiempo,S/D,S/D,Colisión,Ninguna,Faltante,Ninguna,S/D,"-32.89378, -60.70466","['Baigorria', 'Molina']",2,,-32.89378,-60.70466,55.0,538.0,Municipio Rosario,Municipio,Rosario,820210,Servicio de Catastro e Información Territorial,IGN
2020,3735,2020-10-07,Miercoles,,16:48:00,,0.0,2,"Moto/Ciclomotor,Moto/Ciclomotor",Anchoris 2829,2,2,0,0,0,0,0,"-32.88768, -60.70243",S/D,,ROSARIO,Rosario,S/D,S/D,II,S/D,S/D,S/D,S/D,S/D,S/D,S/D,S/D,S/D,S/D,S/D,S/D,S/D,S/D,S/D,S/D,"-32.88768, -60.70243",['Anchoris 2829'],1,,-32.88768,-60.70243,55.0,538.0,Municipio Rosario,Municipio,Rosario,820210,Servicio de Catastro e Información Territorial,IGN
2020,3752,2020-08-18,Martes,,12:21:00,,0.0,2,"Peatón,Moto/Ciclomotor",Av. Ovidio Lagos Y Mendoza,3,2,0,0,1,0,0,"-32.947383936038,-60.662740126343",Avenida,,ROSARIO,Rosario,Asfalto,No existe,II,Dentro,Urbana,Semáforo,No existe,Intersección,Bueno,Buena,Diurna,Buen Tiempo,S/D,Peatón,Atropello,Ninguna,Vertical,Ninguna,Sin restricción,"-32.947383936038,-60.662740126343","['Avenida Ovidio Lagos', 'Mendoza']",2,,-32.947383936038,-60.662740126343,55.0,538.0,Municipio Rosario,Municipio,Rosario,820210,Servicio de Catastro e Información Territorial,IGN
2020,3754,2020-10-23,Viernes,,,,0.0,2,"Taxi/Remis,Moto/Ciclomotor",Lavalle Y Domingo Silva,2,1,0,0,1,0,0,"-32.95883, -60.693",Calle,,ROSARIO,Rosario,Asfalto,No existe,II,S/D,Urbana,S/D,No existe,Intersección,Bueno,S/D,S/D,S/D,Lateral,S/D,Colisión,S/D,S/D,S/D,S/D,"-32.95883, -60.693","['Lavalle', 'Silva']",2,,-32.95883,-60.693,55.0,538.0,Municipio Rosario,Municipio,Rosario,820210,Servicio de Catastro e Información Territorial,IGN
2020,3770,2020-07-22,Miercoles,,18:00:00,,0.0,2,"Automóvil,Moto/Ciclomotor",Av. Pellegrini Y Magallanes,2,1,0,0,1,0,0,"-32.94833, -60.70414",Avenida,,ROSARIO,Rosario,Asfalto,Pavimento,II,Dentro,Urbana,Ninguna,No existe,Intersección,S/D,Reducida,Atardecer,S/D,S/D,S/D,Colisión,S/D,Faltante,"Cordón divisorio,Vegetación,Línea divisoria pintada",Sin restricción,"-32.94833, -60.70414","['Pellegrini', 'Magallanes']",2,,-32.94833,-60.70414,55.0,538.0,Municipio Rosario,Municipio,Rosario,820210,Servicio de Catastro e Información Territorial,IGN
2020,3771,2020-07-22,Miercoles,,10:30:00,,0.0,2,"Moto/Ciclomotor,Automóvil",Servando Bayo Y San Luis,2,1,0,0,1,0,0,"-32.94073, -60.68523",Calle,,ROSARIO,Rosario,Asfalto,S/D,II,S/D,Urbana,S/D,S/D,Intersección,S/D,S/D,Diurna,S/D,S/D,S/D,Colisión,S/D,S/D,S/D,S/D,"-32.94073, -60.68523","['Servando Bayo', 'San Luis']",2,,-32.94073,-60.68523,55.0,538.0,Municipio Rosario,Municipio,Rosario,820210,Servicio de Catastro e Información Territorial,IGN
2020,3775,2020-07-22,Miercoles,,09:20:00,,0.0,2,"Pickup/Utilitario,Automóvil",San Juan Y Parana,2,1,0,0,1,0,0,"-32.94061, -60.69234",Calle,,ROSARIO,Rosario,Asfalto,No existe,II,Dentro,Urbana,Ninguna,No existe,Recta,Bueno,Buena,Diurna,Buen Tiempo,De alcance,S/D,Colisión,Ninguna,Faltante,Ninguna,Sin restricción,"-32.94061, -60.69234","['San Juan', 'Paraná']",2,,-32.94061,-60.69234,55.0,538.0,Municipio Rosario,Municipio,Rosario,820210,Servicio de Catastro e Información Territorial,IGN