anio_acci,nro_acci,fecha,desc_dia,fecha_aprox,hora_aprox,desc_ruta,km,cant_participantes,desc_participante,calle_avenida_km,total,heridos_leves,heridos_graves,heridos_gravisimos,ilesos,fallecidos,sin_datos,posicion_XY,desc_tipo_via,desc_ruta_ori,desc_loc,desc_dpto,desc_tipo_calzada,desc_tipo_banquina,desc_unidad_regional,desc_lugar_calzada,desc_zona,desc_prioridad,desc_estado_semaforo,desc_lugar_via,desc_estado_via,desc_estado_visibilidad,desc_luminosidad,desc_estado_clima,desc_tipo_colision,desc_tipo_atropello,desc_tipo_hecho,desc_pres_calzada,desc_senializacion,desc_separacion_via,desc_restriccion,forma_geocod,calle_lista,numero_calles,calles_osm,lat,lon,index_right,gid,fna,gna,nam,in1,fdc,sag
2020,3781,2020-07-22,Miercoles,,09:55:00,,0.0,2,"Bicicleta,Automóvil",Dean Funes Y L.N.Alem,2,1,0,0,1,0,0,"-32.97739, -60.63569",Calle,,ROSARIO,Rosario,Asfalto,No existe,II,Dentro,Urbana,Ninguna,No existe,Intersección,Bueno,Buena,Diurna,Buen Tiempo,S/D,Ciclista,Atropello,Ninguna,Faltante,Ninguna,Sin restricción,"-32.97739, -60.63569","['Deán Gregorio Funes', 'Alem']",2,,-32.97739,-60.63569,55.0,538.0,Municipio Rosario,Municipio,Rosario,820210,Servicio de Catastro e Información Territorial,IGN
2020,3787,2020-07-22,Miercoles,,15:00:00,,0.0,2,"Moto/Ciclomotor,Automóvil",Colon 2900,3,2,0,0,0,0,1,"-32.97338, -60.63168",Calle,,ROSARIO,Rosario,Asfalto,S/D,II,S/D,Urbana,S/D,S/D,Recta,S/D,S/D,Diurna,S/D,S/D,S/D,Colisión,S/D,S/D,S/D,S/D,"-32.97338, -60.63168",['Colon 2900'],1,,-32.97338,-60.63168,55.0,538.0,Municipio Rosario,Municipio,Rosario,820210,Servicio de Catastro e Información Territorial,IGN
2020,3792,2020-05-19,Martes,,16:15:00,,0.0,2,"Moto/Ciclomotor,Automóvil",Sarmiento Y Bv. Segui,2,0,0,0,1,1,0,"-32.97901, -60.64634",Calle,,ROSARIO,Rosario,Asfalto,No existe,II,Dentro,Urbana,Ninguna,No existe,Intersección,Bueno,Buena,Diurna,Buen Tiempo,Lateral,S/D,Colisión,Ninguna,Faltante,Cordón divisorio,Sin restricción,"-32.97901, -60.64634","['Sarmiento', 'Bulevar Juan Francisco Seguí']",2,,-32.97901,-60.64634,55.0,538.0,Municipio Rosario,Municipio,Rosario,820210,Servicio de Catastro e Información Territorial,IGN
2020,3809,2020-10-04,Domingo,,18:00:00,,0.0,2,"Automóvil,Moto/Ciclomotor",Sanchez de Loria Y J.B.Justo,3,0,2,0,1,0,0,"-32.93626, -60.73184",S/D,,ROSARIO,Rosario,Asfalto,No existe,II,Dentro,Urbana,Ninguna,No existe,Intersección,S/D,Buena,Diurna,S/D,S/D,S/D,S/D,S/D,Faltante,Ninguna,S/D,"-32.93626, -60.73184","['Sánchez de Loria', 'Justo']",2,,-32.93626,-60.73184,55.0,538.0,Municipio Rosario,Municipio,Rosario,820210,Servicio de Catastro e Información Territorial,IGN
2020,3818,2020-10-01,Jueves,,06:00:00,,0.0,2,"Automóvil,Automóvil",Mendoza ,3,1,0,0,2,0,0,"-32.94424, -60.68053",Calle,,ROSARIO,Rosario,Asfalto,No existe,II,Dentro,Urbana,S/D,S/D,Intersección,Bueno,Buena,Con luz artificial,Buen Tiempo,S/D,S/D,Colisión,Ninguna,S/D,S/D,Sin restricción,"-32.94424, -60.68053",['Mendoza'],1,,-32.94424,-60.68053,55.0,538.0,Municipio Rosario,Municipio,Rosario,820210,Servicio de Catastro e Información Territorial,IGN
2020,3823,2020-10-05,Lunes,,17:10:00,,0.0,2,"Moto/Ciclomotor,Automóvil",Fraga Y Viamonte,3,0,1,0,0,0,2,"-32.95687, -60.70961",Calle,,ROSARIO,Rosario,Asfalto,Pavimento,II,S/D,Urbana,Ninguna,No existe,Otro,Otro,Buena,Diurna,Buen Tiempo,Otro,S/D,Colisión,Ninguna,Faltante,Ninguna,Sin restricción,"-32.95687, -60.70961","['Fraga', 'Viamonte']",2,,-32.95687,-60.70961,55.0,538.0,Municipio Rosario,Municipio,Rosario,820210,Servicio de Catastro e Información Territorial,IGN
2020,3824,2020-06-18,Jueves,,13:00:00,,0.0,2,"Moto/Ciclomotor,Automóvil",España Y 5 DE AGOSTO,2,1,0,0,1,0,0,"-33.016966, -60.656758",Calle,,ROSARIO,Rosario,Asfalto,No existe,II,Dentro,Urbana,Ninguna,No existe,Intersección,Deteriorada,Buena,Diurna,Buen Tiempo,Lateral,S/D,Colisión,Ninguna,Faltante,Ninguna,Sin restricción,"-33.016966, -60.656758","['España', '5 de Agosto']",2,,-33.016966,-60.656758,55.0,538.0,Municipio Rosario,Municipio,Rosario,820210,Servicio de Catastro e Información Territorial,IGN
2020,3827,2020-10-03,Sabado,,18:40:00,,0.0,2,"Moto/Ciclomotor,Automóvil",Bv. Segui Y Solis,2,0,1,0,0,0,1,"-32.97088, -60.70224",Avenida,,ROSARIO,Rosario,Asfalto,Pavimento,II,S/D,Urbana,Ninguna,No existe,Otro,Bueno,Buena,Diurna,Buen Tiempo,Otro,S/D,Colisión,Ninguna,Faltante,Ninguna,Sin restricción,"-32.97088, -60.70224","['Bulevar Juan Francisco Seguí', 'Solis']",2,,-32.97088,-60.70224,55.0,538.0,Municipio Rosario,Municipio,Rosario,820210,Servicio de Catastro e Información Territorial,IGN
2020,3831,2020-05-08,Viernes,,03:30:00,,0.0,1,Automóvil,Bv. Segui 4900,2,0,0,0,1,1,0,"-32.97055, -60.69124",Calle,,ROSARIO,Rosario,Asfalto,No existe,II,Dentro,Urbana,Otra Señal,No existe,Paso a Nivel FFCC,Bueno,S/D,Nocturna,S/D,Contra objeto fijo,S/D,Colisión,Ninguna,Vertical,Cordón divisorio,Sin restricción,"-32.97055, -60.69124",['Bulevar Juan Francisco Seguí 4900'],1,,-32.97055,-60.69124,55.0,538.0,Municipio Rosario,Municipio,Rosario,820210,Servicio de Catastro e Información Territorial,IGN
2020,3835,2020-10-03,Sabado,,16:30:00,,0.0,2,"Moto/Ciclomotor,Automóvil",Roullon Y Gaboto,2,0,0,0,0,0,2,"-32.96487, -60.70136",Calle,,ROSARIO,Rosario,Asfalto,Pavimento,II,S/D,Urbana,Otra Señal,Funciona,Otro,Bueno,Buena,Diurna,Buen Tiempo,Otro,S/D,Colisión,Ninguna,"Horizontal,Vertical",Ninguna,Sin restricción,"-32.96487, -60.70136","['Alfredo Rouillón', 'Gaboto']",2,,-32.96487,-60.70136,55.0,538.0,Municipio Rosario,Municipio,Rosario,820210,Servicio de Catastro e Información Territorial,IGN
2020,3836,2020-06-06,Sabado,,10:00:00,,0.0,2,"Vehículo Oficial,Taxi/Remis",Av. Uriburu Y Anchorena,3,2,0,0,1,0,0,"-32.997765926869,-60.649120408985",Avenida,,ROSARIO,Rosario,Asfalto,No existe,II,Dentro,Urbana,Ninguna,No existe,Intersección,Bueno,Buena,Diurna,Buen Tiempo,Lateral,S/D,Colisión,Ninguna,Faltante,Ninguna,Sin restricción,"-32.997765926869,-60.649120408985","['Uriburu', 'Anchorena']",2,,-32.997765926869,-60.649120408985,55.0,538.0,Municipio Rosario,Municipio,Rosario,820210,Servicio de Catastro e Información Territorial,IGN
2020,3838,2020-06-19,Viernes,,23:50:00,,0.0,2,"Vehículo Oficial,Pickup/Utilitario",Bv. Segui 5300,3,2,0,0,0,0,1,"-32.970468244672,-60.694799458315",Avenida,,ROSARIO,Rosario,Asfalto,No existe,II,Dentro,Urbana,Ninguna,No existe,Recta,Bueno,Buena,"Nocturna,Con luz artificial",Buen Tiempo,De alcance,S/D,Colisión,Ninguna,Faltante,Cordón divisorio,Sin restricción,"-32.970468244672,-60.694799458315",['Bulevar Juan Francisco Seguí 5300'],1,,-32.970468244672,-60.694799458315,55.0,538.0,Municipio Rosario,Municipio,Rosario,820210,Servicio de Catastro e Información Territorial,IGN
2020,3845,2020-10-07,Miercoles,,16:30:00,,0.0,2,"Bicicleta,Automóvil",Av. Battle y Ordo�ez Y Bv. Oro�o,2,1,0,0,1,0,0,"-33.0093, -60.66437",Avenida,,ROSARIO,Rosario,Asfalto,No existe,II,S/D,Urbana,Ninguna,Funciona,Intersección,Bueno,Buena,Diurna,Buen Tiempo,S/D,Ciclista,Atropello,Ninguna,Faltante,Ninguna,Sin restricción,"-33.0093, -60.66437","['Avenida Battle y Ordoñez', 'Bulevar Nicasio Oroño']",2,,-33.0093,-60.66437,55.0,538.0,Municipio Rosario,Municipio,Rosario,820210,Servicio de Catastro e Información Territorial,IGN
2020,3850,2020-10-07,Miercoles,,13:35:00,,0.0,2,"Moto/Ciclomotor,Automóvil",Comodoro Rivadavia Y Pje. Spezia,3,2,0,0,1,0,0,"-32.99045, -60.67001",S/D,,ROSARIO,Rosario,Asfalto,No existe,II,S/D,Urbana,S/D,No existe,Intersección,Bueno,Buena,Diurna,S/D,Lateral,S/D,Colisión,Ninguna,Faltante,S/D,Sin restricción,"-32.99045, -60.67001","['Comodoro Rivadavia', 'Spezia']",2,,-32.99045,-60.67001,55.0,538.0,Municipio Rosario,Municipio,Rosario,820210,Servicio de Catastro e Información Territorial,IGN
2020,3851,2020-06-19,Viernes,,18:10:00,,0.0,2,"Moto/Ciclomotor,Automóvil",Matienzo Y San Lorenzo,2,1,0,0,1,0,0,"-32.934027198211,-60.694922420211",Calle,,ROSARIO,Rosario,Asfalto,No existe,II,Dentro,Urbana,Ninguna,No existe,Intersección,Bueno,Buena,Diurna,Buen Tiempo,Lateral,S/D,Colisión,Ninguna,Faltante,Ninguna,Sin restricción,"-32.934027198211,-60.694922420211","['Matienzo', 'San Lorenzo']",2,,-32.934027198211,-60.694922420211,55.0,538.0,Municipio Rosario,Municipio,Rosario,820210,Servicio de Catastro e Información Territorial,IGN
2020,3855,2020-10-05,Lunes,,14:30:00,,0.0,2,"Moto/Ciclomotor,Automóvil",Bv. Avellaneda Y Av. Battle y Ordo�ez,2,1,0,0,1,0,0,"-33.01009, -60.6894",Avenida,,ROSARIO,Rosario,Asfalto,No existe,II,Dentro,Urbana,S/D,Funciona,Intersección,Bueno,S/D,Diurna,S/D,S/D,S/D,S/D,Ninguna,Faltante,S/D,S/D,"-33.01009, -60.6894","['Avellaneda', 'Avenida Battle y Ordoñez']",2,,-33.01009,-60.6894,55.0,538.0,Municipio Rosario,Municipio,Rosario,820210,Servicio de Catastro e Información Territorial,IGN
2020,3860,2020-07-18,Sabado,,19:00:00,,0.0,2,"Moto/Ciclomotor,Automóvil",Roque Saenz Pe�a Y Corrientes,2,1,0,0,1,0,0,"-32.95883, -60.693",Calle,,ROSARIO,Rosario,Asfalto,No existe,II,Dentro,Urbana,Ninguna,No existe,Intersección,Bueno,Buena,Atardecer,Buen Tiempo,Lateral,S/D,Colisión,Ninguna,Faltante,Ninguna,Sin restricción,"-32.95883, -60.693","['Roque Saenz Peña', 'Corrientes']",2,,-32.95883,-60.693,55.0,538.0,Municipio Rosario,Municipio,Rosario,820210,Servicio de Catastro e Información Territorial,IGN
2020,3868,2020-07-23,Jueves,,17:20:00,,0.0,2,"Moto/Ciclomotor,Automóvil",Bv. Oroño Y Coulin,2,1,0,0,1,0,0,"-32.98896, -60.66477",Avenida,,ROSARIO,Rosario,Asfalto,No existe,II,Dentro,Urbana,Ninguna,No existe,Intersección,Bueno,Buena,Diurna,Buen Tiempo,S/D,S/D,Colisión,Ninguna,Faltante,Ninguna,Sin restricción,"-32.98896, -60.66477","['Bulevar Nicasio Oroño', 'Coulin']",2,,-32.98896,-60.66477,55.0,538.0,Municipio Rosario,Municipio,Rosario,820210,Servicio de Catastro e Información Territorial,IGN
2020,3871,2020-07-23,Jueves,,18:05:00,,0.0,2,"Moto/Ciclomotor,Automóvil",Italia Y San Luis,3,2,0,0,1,0,0,"-32.94731, -60.64852",Calle,,ROSARIO,Rosario,Asfalto,S/D,II,S/D,Urbana,S/D,S/D,Intersección,S/D,S/D,Atardecer,S/D,S/D,S/D,Colisión,S/D,S/D,S/D,S/D,"-32.94731, -60.64852","['Italia', 'San Luis']",2,,-32.94731,-60.64852,55.0,538.0,Municipio Rosario,Municipio,Rosario,820210,Servicio de Catastro e Información Territorial,IGN
2020,3874,2020-07-23,Jueves,,15:00:00,,0.0,2,"Moto/Ciclomotor,Automóvil",Italia Y Cerrito,2,1,0,0,1,0,0,"-32.96016, -60.65179",Calle,,ROSARIO,Rosario,Hormigón,No existe,II,Dentro,Urbana,Señal Pare,No existe,Intersección,Resbaladiza,Reducida,Diurna,Lluvia,Lateral,S/D,Colisión,Agua,Vertical,Ninguna,Sin restricción,"-32.96016, -60.65179","['Italia', 'Cerrito']",2,,-32.96016,-60.65179,55.0,538.0,Municipio Rosario,Municipio,Rosario,820210,Servicio de Catastro e Información Territorial,IGN
2020,3877,2020-10-04,Domingo,,19:40:00,,0.0,2,"Bicicleta,Pickup/Utilitario",Bv. Segui Y Bv. Avellaneda,2,1,0,0,1,0,0,"-32.97168, -60.68744",Avenida,,ROSARIO,Rosario,Asfalto,No existe,II,Dentro,Urbana,Ninguna,Funciona,Intersección,Bueno,Buena,Atardecer,Buen Tiempo,Lateral,Ciclista,Atropello,Ninguna,S/D,Ninguna,Sin restricción,"-32.97168, -60.68744","['Bulevar Juan Francisco Seguí', 'Avellaneda']",2,,-32.97168,-60.68744,55.0,538.0,Municipio Rosario,Municipio,Rosario,820210,Servicio de Catastro e Información Territorial,IGN
2020,3880,2020-10-13,Martes,,16:45:00,,0.0,2,"Camión Chasis,Peatón",Bv. Segui Y Pueyrredon,2,1,0,0,1,0,0,"-32.97573, -60.66563",Calle,,ROSARIO,Rosario,Asfalto,No existe,II,Dentro,Urbana,Ninguna,No existe,Intersección,Bueno,Buena,Diurna,Buen Tiempo,S/D,Peatón,Atropello,Ninguna,Faltante,Ninguna,Sin restricción,"-32.97573, -60.66563","['Bulevar Juan Francisco Seguí', 'Pueyrredón']",2,,-32.97573,-60.66563,55.0,538.0,Municipio Rosario,Municipio,Rosario,820210,Servicio de Catastro e Información Territorial,IGN
2020,3881,2020-10-12,Lunes,,18:55:00,,0.0,2,"Moto/Ciclomotor,Automóvil",Italia Y H. Brandoni,3,2,0,0,1,0,0,"-33.00632, -60.659",Calle,,ROSARIO,Rosario,Asfalto,No existe,II,Dentro,Urbana,Ninguna,No existe,Intersección,Bueno,Buena,Atardecer,Buen Tiempo,Lateral,S/D,Colisión,Ninguna,Faltante,Ninguna,Sin restricción,"-33.00632, -60.659","['Italia', 'Brandoni']",2,,-33.00632,-60.659,55.0,538.0,Municipio Rosario,Municipio,Rosario,820210,Servicio de Catastro e Información Territorial,IGN
2020,3882,2020-10-10,Sabado,,20:50:00,,0.0,2,"Moto/Ciclomotor,Automóvil",24 De Setiembre Y Lavalle,2,1,0,0,1,0,0,"-32.97315, -60.68632",Calle,,ROSARIO,Rosario,Asfalto,No existe,II,Dentro,Urbana,Ninguna,No existe,Intersección,Bueno,Buena,Con luz artificial,Buen Tiempo,Lateral,S/D,Colisión,Ninguna,Faltante,Ninguna,Sin restricción,"-32.97315, -60.68632","['24 de Septiembre', 'Lavalle']",2,,-32.97315,-60.68632,55.0,538.0,Municipio Rosario,Municipio,Rosario,820210,Servicio de Catastro e Información Territorial,IGN
2020,3883,2020-10-10,Sabado,,17:55:00,,0.0,2,"Moto/Ciclomotor,Automóvil",Lamadrid Y Bv. Avellaneda,3,2,0,0,1,0,0,"-32.99829, -60.68882",Calle,,ROSARIO,Rosario,Asfalto,No existe,II,Dentro,Urbana,Ninguna,No existe,Intersección,Bueno,Buena,Atardecer,Buen Tiempo,Lateral,S/D,Colisión,Ninguna,Faltante,Ninguna,Sin restricción,"-32.99829, -60.68882","['Lamadrid', 'Avellaneda']",2,,-32.99829,-60.68882,55.0,538.0,Municipio Rosario,Municipio,Rosario,820210,Servicio de Catastro e Información Territorial,IGN
2020,3884,2020-07-23,Jueves,,18:45:00,,0.0,2,"Moto/Ciclomotor,Pickup/Utilitario",Saavedra Y Laprida,4,1,0,0,3,0,0,"-32.97864, -60.64218",Calle,,ROSARIO,Rosario,Asfalto,No existe,II,Dentro,Urbana,Ninguna,No existe,Intersección,S/D,S/D,Atardecer,S/D,Lateral,S/D,Colisión,Otro,Faltante,Ninguna,Sin restricción,"-32.97864, -60.64218","['Saavedra', 'Laprida']",2,,-32.97864,-60.64218,55.0,538.0,Municipio Rosario,Municipio,Rosario,820210,Servicio de Catastro e Información Territorial,IGN
2020,3885,2020-10-06,Martes,,12:10:00,,0.0,2,"Bicicleta,Automóvil",Laprida Y Anchorena,2,1,0,0,1,0,0,"-32.99777, -60.64716",Calle,,ROSARIO,Rosario,Asfalto,No existe,II,Dentro,Urbana,Ninguna,No existe,Intersección,Con baches,Buena,Diurna,Buen Tiempo,Lateral,Ciclista,Atropello,Ninguna,Vertical,Ninguna,Sin restricción,"-32.99777, -60.64716","['Laprida', 'Anchorena']",2,,-32.99777,-60.64716,55.0,538.0,Municipio Rosario,Municipio,Rosario,820210,Servicio de Catastro e Información Territorial,IGN
2020,3888,2020-10-09,Viernes,,19:10:00,,0.0,2,"Bicicleta,Pickup/Utilitario",España Y Av. Battle y Ordo�ez,2,1,0,0,1,0,0,"-33.00916, -60.65731",Calle,,ROSARIO,Rosario,Asfalto,No existe,II,Dentro,Urbana,Ninguna,Funciona,Intersección,Bueno,Buena,Atardecer,Buen Tiempo,S/D,Ciclista,Atropello,Ninguna,Faltante,Ninguna,Sin restricción,"-33.00916, -60.65731","['España', 'Avenida Battle y Ordoñez']",2,,-33.00916,-60.65731,55.0,538.0,Municipio Rosario,Municipio,Rosario,820210,Servicio de Catastro e Información Territorial,IGN
2020,3889,2020-10-14,Miercoles,,15:10:00,,0.0,2,"Automóvil,Automóvil",Biedma Y Amenabar,2,2,0,0,0,0,0,"-32.97198, -60.64601",S/D,,ROSARIO,Rosario,Asfalto,No existe,II,S/D,S/D,Ninguna,No existe,Intersección,Bueno,Buena,Diurna,Buen Tiempo,Lateral,S/D,Colisión,Ninguna,Faltante,Ninguna,Sin restricción,"-32.97198, -60.64601","['Coronel Biedma', 'Amenabar']",2,,-32.97198,-60.64601,55.0,538.0,Municipio Rosario,Municipio,Rosario,820210,Servicio de Catastro e Información Territorial,IGN
2020,3890,2020-07-23,Jueves,,12:20:00,,0.0,2,"Automóvil,Pickup/Utilitario",Estado de Israel Y Av. Corrientes,4,2,0,0,2,0,0,"-32.99198, -60.6537",Calle,,ROSARIO,Rosario,Hormigón,No existe,II,Dentro,Urbana,Ninguna,No existe,Intersección,Con baches,Reducida polvo,Diurna,Buen Tiempo,Lateral,S/D,Colisión,Ninguna,Faltante,Ninguna,Sin restricción,"-32.99198, -60.6537","['Estado de Israel', 'Corrientes']",2,,-32.99198,-60.6537,55.0,538.0,Municipio Rosario,Municipio,Rosario,820210,Servicio de Catastro e Información Territorial,IGN
2020,3891,2020-10-09,Viernes,,08:50:00,,0.0,2,"Bicicleta,Automóvil",Ayacucho Y Benito Juarez,2,1,0,0,0,0,1,"-32.99254, -60.6368",Calle,,ROSARIO,Rosario,Asfalto,No existe,II,Dentro,Urbana,Ninguna,No existe,Intersección,Bueno,Buena,Diurna,Buen Tiempo,S/D,Ciclista,Atropello,Ninguna,Faltante,Ninguna,Sin restricción,"-32.99254, -60.6368","['Ayacucho', 'Benito Juárez']",2,,-32.99254,-60.6368,55.0,538.0,Municipio Rosario,Municipio,Rosario,820210,Servicio de Catastro e Información Territorial,IGN
2020,3893,2020-10-03,Sabado,,18:30:00,,0.0,2,"Moto/Ciclomotor,Moto/Ciclomotor",Sadi Carnot Y Rui Barbosa,3,3,0,0,0,0,0,"-33.00635, -60.64856",Calle,,ROSARIO,Rosario,Asfalto,No existe,II,Dentro,Urbana,Ninguna,No existe,Intersección,Bueno,Buena,Diurna,Buen Tiempo,Lateral,S/D,Colisión,Ninguna,Faltante,Ninguna,Sin restricción,"-33.00635, -60.64856","['Sadi Carnot', 'Rui Barbosa']",2,,-33.00635,-60.64856,55.0,538.0,Municipio Rosario,Municipio,Rosario,820210,Servicio de Catastro e Información Territorial,IGN
2020,3895,2020-10-13,Martes,,08:00:00,,0.0,2,"Automóvil,Pickup/Utilitario",Necochea Y Virasoro,2,1,0,0,1,0,0,"-32.97243, -60.63004",Calle,,ROSARIO,Rosario,Asfalto,No existe,II,Dentro,Urbana,Ninguna,S/D,Intersección,Bueno,Buena,Diurna,Buen Tiempo,Lateral,S/D,Colisión,Ninguna,Faltante,Ninguna,Sin restricción,"-32.97243, -60.63004","['Necochea', 'Virasoro']",2,,-32.97243,-60.63004,55.0,538.0,Municipio Rosario,Municipio,Rosario,820210,Servicio de Catastro e Información Territorial,IGN
2020,3897,2020-10-13,Martes,,13:40:00,,0.0,2,"Moto/Ciclomotor,Automóvil",Centeno Y L.N.Alem,3,1,1,0,1,0,0,"-32.9866, -60.63797",Calle,,ROSARIO,Rosario,Asfalto,No existe,II,S/D,Urbana,Ninguna,No existe,Intersección,Bueno,Buena,Diurna,Buen Tiempo,Lateral,S/D,Colisión,Ninguna,Faltante,Ninguna,Sin restricción,"-32.9866, -60.63797","['Centeno', 'Alem']",2,,-32.9866,-60.63797,55.0,538.0,Municipio Rosario,Municipio,Rosario,820210,Servicio de Catastro e Información Territorial,IGN
2020,3898,2020-10-06,Martes,,18:35:00,,0.0,2,"Moto/Ciclomotor,Automóvil",San Martin Y Garibaldi,2,1,0,0,1,0,0,"-32.98655, -60.64562",Avenida,,ROSARIO,Rosario,Asfalto,No existe,II,Dentro,Urbana,Ninguna,No existe,Intersección,Bueno,Buena,Atardecer,Buen Tiempo,Lateral,S/D,Colisión,Ninguna,Faltante,Ninguna,Sin restricción,"-32.98655, -60.64562","['San Martin', 'José Garibaldi']",2,,-32.98655,-60.64562,55.0,538.0,Municipio Rosario,Municipio,Rosario,820210,Servicio de Catastro e Información Territorial,IGN
2020,3901,2020-06-08,Lunes,,21:50:00,,0.0,1,Moto/Ciclomotor,Bv. Avellaneda Y Pje. Cagancha,1,1,0,0,0,0,0,"-32.982073, -60.688583",Avenida,,ROSARIO,Rosario,Asfalto,No existe,II,Dentro,Urbana,Ninguna,No existe,Intersección,"Con baches,Deteriorada",Buena,Nocturna,Buen Tiempo,Contra objeto fijo,S/D,Colisión,Ninguna,Faltante,Cordón divisorio,Sin restricción,"-32.982073, -60.688583","['Avellaneda', 'Cagancha']",2,,-32.982073,-60.688583,55.0,538.0,Municipio Rosario,Municipio,Rosario,820210,Servicio de Catastro e Información Territorial,IGN
2020,3904,2020-06-08,Lunes,,,,0.0,1,Moto/Ciclomotor,26 de Agosto Y Bv. Rondeau,1,1,0,0,0,0,0,"-32.873845341853,-60.698897267272",Avenida,,ROSARIO,Rosario,Asfalto,No existe,II,Dentro,Urbana,Ninguna,No existe,Intersección,Bueno,Buena,S/D,Buen Tiempo,S/D,S/D,Cañda ocupante,Ninguna,Horizontal,"Cordón divisorio,Vegetación,Línea divisoria pintada",Sin restricción,"-32.873845341853,-60.698897267272","['26 de Agosto', 'Rondeau']",2,,-32.873845341853,-60.698897267272,55.0,538.0,Municipio Rosario,Municipio,Rosario,820210,Servicio de Catastro e Información Territorial,IGN
2020,3907,2020-10-01,Jueves,,16:55:00,,0.0,2,"Moto/Ciclomotor,Automóvil",San Martin Y Cabildo,3,1,0,0,2,0,0,"-33.00742, -60.65018",Calle,,ROSARIO,Rosario,Asfalto,No existe,II,Dentro,Urbana,S/D,No existe,Intersección,Bueno,Buena,Diurna,S/D,S/D,S/D,S/D,Ninguna,Faltante,S/D,S/D,"-33.00742, -60.65018","['San Martin', 'Cabildo']",2,,-33.00742,-60.65018,55.0,538.0,Municipio Rosario,Municipio,Rosario,820210,Servicio de Catastro e Información Territorial,IGN
2020,3911,2020-10-02,Viernes,,13:00:00,,0.0,2,"Moto/Ciclomotor,Automóvil",Hilarion de la Quintana Y Laprida,2,1,0,0,1,0,0,"-32.98322, -60.64332",Calle,,ROSARIO,Rosario,Asfalto,No existe,II,Dentro,Urbana,Ninguna,No existe,Intersección,Bueno,Buena,Diurna,Buen Tiempo,Lateral,S/D,Colisión,Ninguna,Faltante,Ninguna,Sin restricción,"-32.98322, -60.64332","['Hilarión de la Quintana', 'Laprida']",2,,-32.98322,-60.64332,55.0,538.0,Municipio Rosario,Municipio,Rosario,820210,Servicio de Catastro e Información Territorial,IGN
2020,3914,2020-10-02,Viernes,,12:30:00,,0.0,2,"Moto/Ciclomotor,Automóvil",Pte.Roca Y Dr.Rivas,3,2,0,0,1,0,0,"-32.98244, -60.65445",S/D,,ROSARIO,Rosario,Asfalto,No existe,II,S/D,S/D,Ninguna,No existe,Intersección,Bueno,Buena,Diurna,Buen Tiempo,Lateral,S/D,Colisión,Ninguna,Faltante,Ninguna,Sin restricción,"-32.98244, -60.65445","['Roca', 'Doctor Francisco Riva']",2,,-32.98244,-60.65445,55.0,538.0,Municipio Rosario,Municipio,Rosario,820210,Servicio de Catastro e Información Territorial,IGN
2020,3919,2020-10-03,Sabado,,10:51:00,,0.0,2,"Moto/Ciclomotor,Automóvil",Sarmiento Y 24 De Setiembre,2,1,0,0,1,0,0,"-32.98022, -60.64664",Calle,,ROSARIO,Rosario,Asfalto,No existe,II,Dentro,Urbana,Ninguna,No existe,Intersección,Bueno,Buena,Diurna,Buen Tiempo,Lateral,S/D,Colisión,Ninguna,Faltante,Ninguna,Sin restricción,"-32.98022, -60.64664","['Sarmiento', '24 de Septiembre']",2,,-32.98022,-60.64664,55.0,538.0,Municipio Rosario,Municipio,Rosario,820210,Servicio de Catastro e Información Territorial,IGN
2020,3923,2020-10-03,Sabado,,12:45:00,,0.0,2,"Moto/Ciclomotor,Pickup/Utilitario",Dean Funes ,2,1,0,0,1,0,0,"-32.97004, -60.67697",Calle,,ROSARIO,Rosario,Asfalto,No existe,II,Dentro,Urbana,Ninguna,S/D,Intersección,Bueno,Buena,Diurna,Buen Tiempo,Lateral,S/D,Colisión,Ninguna,Faltante,Ninguna,Sin restricción,"-32.97004, -60.67697",['Dean Funes'],1,,-32.97004,-60.67697,55.0,538.0,Municipio Rosario,Municipio,Rosario,820210,Servicio de Catastro e Información Territorial,IGN
2020,3926,2020-05-11,Lunes,,01:30:00,,0.0,1,Moto/Ciclomotor,Bv. Segui Y Valparaiso,1,0,0,0,0,1,0,"-32.971182, -60.690094",Calle,,ROSARIO,Rosario,Asfalto,No existe,II,Dentro,Urbana,Ninguna,No existe,Intersección,Bueno,S/D,Nocturna,S/D,S/D,S/D,Cañda ocupante,Ninguna,Horizontal,Cordón divisorio,Sin restricción,"-32.971182, -60.690094","['Bulevar Juan Francisco Seguí', 'Valparaíso']",2,,-32.971182,-60.690094,55.0,538.0,Municipio Rosario,Municipio,Rosario,820210,Servicio de Catastro e Información Territorial,IGN
2020,3932,2020-10-03,Sabado,,19:30:00,,0.0,2,"Bicicleta,Peatón",Centeno Y San Martin,2,2,0,0,0,0,0,"-32.98526, -60.64557",Calle,,ROSARIO,Rosario,Asfalto,No existe,II,Dentro,Urbana,Ninguna,No existe,Intersección,Bueno,Buena,Atardecer,Buen Tiempo,S/D,Peatón,Atropello,Ninguna,Faltante,Ninguna,Sin restricción,"-32.98526, -60.64557","['Centeno', 'San Martin']",2,,-32.98526,-60.64557,55.0,538.0,Municipio Rosario,Municipio,Rosario,820210,Servicio de Catastro e Información Territorial,IGN