anio_acci,nro_acci,fecha,desc_dia,fecha_aprox,hora_aprox,desc_ruta,km,cant_participantes,desc_participante,calle_avenida_km,total,heridos_leves,heridos_graves,heridos_gravisimos,ilesos,fallecidos,sin_datos,posicion_XY,desc_tipo_via,desc_ruta_ori,desc_loc,desc_dpto,desc_tipo_calzada,desc_tipo_banquina,desc_unidad_regional,desc_lugar_calzada,desc_zona,desc_prioridad,desc_estado_semaforo,desc_lugar_via,desc_estado_via,desc_estado_visibilidad,desc_luminosidad,desc_estado_clima,desc_tipo_colision,desc_tipo_atropello,desc_tipo_hecho,desc_pres_calzada,desc_senializacion,desc_separacion_via,desc_restriccion,forma_geocod,calle_lista,numero_calles,calles_osm,lat,lon,index_right,gid,fna,gna,nam,in1,fdc,sag
2020,3934,2020-10-16,Viernes,,13:00:00,,0.0,2,"Bicicleta,Automóvil",Av A del Valle 8700,2,1,0,0,1,0,0,"-32.95883, -60.693",Avenida,,ROSARIO,Rosario,Asfalto,Pavimento,II,S/D,Urbana,Ninguna,No existe,Curva,Bueno,Buena,Diurna,Buen Tiempo,S/D,Ciclista,Atropello,Ninguna,Vertical,Ninguna,Sin restricción,"-32.95883, -60.693",['A Del Valle 8700'],1,,-32.95883,-60.693,55.0,538.0,Municipio Rosario,Municipio,Rosario,820210,Servicio de Catastro e Información Territorial,IGN
2020,3938,2020-10-02,Viernes,,18:10:00,,0.0,2,"Ambulancia,Pickup/Utilitario",Alberdi Y Harding,4,2,0,0,2,0,0,"-32.92855, -60.67501",Avenida,,ROSARIO,Rosario,Asfalto,S/D,II,S/D,Urbana,S/D,S/D,Intersección,S/D,S/D,Diurna,Buen Tiempo,S/D,S/D,S/D,S/D,S/D,S/D,S/D,"-32.92855, -60.67501","['Alberdi', 'Harding']",2,,-32.92855,-60.67501,55.0,538.0,Municipio Rosario,Municipio,Rosario,820210,Servicio de Catastro e Información Territorial,IGN
2020,3942,2020-10-09,Viernes,,23:50:00,,0.0,2,"Automóvil,Camión c / Acoplado",Baigorria Y Av. Circunvalacion,4,1,0,0,3,0,0,"-32.8944, -60.72106",S/D,,ROSARIO,Rosario,Asfalto,Pavimento,II,S/D,Urbana,Ninguna,No existe,Intersección,Bueno,Buena,Nocturna,Buen Tiempo,S/D,S/D,Colisión,Ninguna,S/D,Ninguna,Sin restricción,"-32.8944, -60.72106","['Baigorria', 'Circunvalacion']",2,,-32.8944,-60.72106,55.0,538.0,Municipio Rosario,Municipio,Rosario,820210,Servicio de Catastro e Información Territorial,IGN
2020,3944,2020-07-28,Martes,,15:30:00,,0.0,2,"Bicicleta,Automóvil",Regis Martinez Y Av Pe�aloza,2,1,0,0,1,0,0,"-32.95883, -60.693",Avenida,,ROSARIO,Rosario,Asfalto,No existe,II,S/D,Urbana,Semáforo,Funciona,Intersección,Bueno,Buena,Diurna,Buen Tiempo,Lateral,Ciclista,Atropello,Ninguna,Vertical,Ninguna,Sin restricción,"-32.95883, -60.693","['Regis Martinez', 'Peñalosa']",2,,-32.95883,-60.693,55.0,538.0,Municipio Rosario,Municipio,Rosario,820210,Servicio de Catastro e Información Territorial,IGN
2020,3953,2020-10-03,Sabado,,,,0.0,2,"Moto/Ciclomotor,Automóvil",Vera Mujica Y Pje. Noruega,2,1,0,0,1,0,0,"-32.95044, -60.66924",Calle,,ROSARIO,Rosario,Asfalto,S/D,II,S/D,Urbana,S/D,S/D,Recta,S/D,S/D,Nocturna,S/D,S/D,S/D,S/D,S/D,S/D,S/D,S/D,"-32.95044, -60.66924","['Vera Mujíca', 'Noruega']",2,,-32.95044,-60.66924,55.0,538.0,Municipio Rosario,Municipio,Rosario,820210,Servicio de Catastro e Información Territorial,IGN
2020,3955,2020-10-02,Viernes,,17:20:00,,0.0,2,"Moto/Ciclomotor,Pickup/Utilitario",San Juan Y L.N.Alem,4,2,0,0,2,0,0,"-32.95207, -60.62931",Calle,,ROSARIO,Rosario,Asfalto,S/D,II,S/D,Urbana,Señal Pare,S/D,Recta,S/D,S/D,Diurna,Buen Tiempo,S/D,S/D,Colisión,S/D,S/D,S/D,S/D,"-32.95207, -60.62931","['San Juan', 'Alem']",2,,-32.95207,-60.62931,55.0,538.0,Municipio Rosario,Municipio,Rosario,820210,Servicio de Catastro e Información Territorial,IGN
2020,3960,2020-10-03,Sabado,,18:30:00,,0.0,2,"Moto/Ciclomotor,Automóvil",Bv. Oroño Y Cordoba,2,1,0,0,0,0,1,"-32.94377, -60.65319",Calle,,ROSARIO,Rosario,Asfalto,S/D,II,S/D,Urbana,S/D,S/D,Recta,S/D,S/D,Diurna,S/D,S/D,S/D,S/D,S/D,S/D,S/D,S/D,"-32.94377, -60.65319","['Bulevar Nicasio Oroño', 'Córdoba']",2,,-32.94377,-60.65319,55.0,538.0,Municipio Rosario,Municipio,Rosario,820210,Servicio de Catastro e Información Territorial,IGN
2020,3961,2020-10-05,Lunes,,18:30:00,,0.0,2,"Bicicleta,Peatón",Bv. Oroño Y 3 De Febrero,2,1,0,0,1,0,0,"-32.95011, -60.65509",Calle,,ROSARIO,Rosario,Asfalto,S/D,II,S/D,Urbana,S/D,S/D,Recta,Bueno,S/D,Diurna,Buen Tiempo,S/D,Ciclista,Atropello,S/D,S/D,S/D,S/D,"-32.95011, -60.65509","['Bulevar Nicasio Oroño', '3 de Febrero']",2,,-32.95011,-60.65509,55.0,538.0,Municipio Rosario,Municipio,Rosario,820210,Servicio de Catastro e Información Territorial,IGN
2020,3965,2020-10-05,Lunes,,15:30:00,,0.0,2,"Pickup/Utilitario,Peatón",Italia Y Cordoba,3,1,0,0,2,0,0,"-32.94474, -60.64789",Calle,,ROSARIO,Rosario,Asfalto,S/D,II,S/D,Urbana,S/D,S/D,Recta,Bueno,S/D,Diurna,S/D,S/D,Peatón,Atropello,S/D,S/D,S/D,S/D,"-32.94474, -60.64789","['Italia', 'Córdoba']",2,,-32.94474,-60.64789,55.0,538.0,Municipio Rosario,Municipio,Rosario,820210,Servicio de Catastro e Información Territorial,IGN
2020,3967,2020-10-09,Viernes,,15:00:00,,0.0,2,"Bicicleta,Pickup/Utilitario",La Paz Y San Martin,2,1,0,0,1,0,0,"-32.96438, -60.64125",Calle,,ROSARIO,Rosario,Asfalto,No existe,II,Dentro,Urbana,Señal Pare,No existe,Intersección,Bueno,Buena,Diurna,Buen Tiempo,Lateral,Ciclista,Atropello,Ninguna,Vertical,Ninguna,Sin restricción,"-32.96438, -60.64125","['La Paz', 'San Martin']",2,,-32.96438,-60.64125,55.0,538.0,Municipio Rosario,Municipio,Rosario,820210,Servicio de Catastro e Información Territorial,IGN
2020,3969,2020-10-08,Jueves,,05:50:00,,0.0,2,"Moto/Ciclomotor,Automóvil",L.N.Alem Y San Juan,2,1,0,0,0,0,1,"-32.95206, -60.62935",Calle,,ROSARIO,Rosario,Asfalto,S/D,II,S/D,Urbana,S/D,S/D,Recta,S/D,S/D,Nocturna,S/D,S/D,S/D,Colisión,S/D,S/D,S/D,S/D,"-32.95206, -60.62935","['Alem', 'San Juan']",2,,-32.95206,-60.62935,55.0,538.0,Municipio Rosario,Municipio,Rosario,820210,Servicio de Catastro e Información Territorial,IGN
2020,3970,2020-06-03,Miercoles,,17:15:00,,0.0,2,"Camión Chasis,Bicicleta",J.B.Justo Y Ottone Bis,2,0,0,0,1,1,0,"-32.91457, -60.70106",Calle,,ROSARIO,Rosario,Asfalto,No existe,II,Dentro,Urbana,Ninguna,No existe,Intersección,Bueno,S/D,Diurna,S/D,S/D,Ciclista,Atropello,Ninguna,Faltante,Ninguna,Sin restricción,"-32.91457, -60.70106","['Justo', 'Ottone']",2,,-32.91457,-60.70106,55.0,538.0,Municipio Rosario,Municipio,Rosario,820210,Servicio de Catastro e Información Territorial,IGN
2020,3975,2020-06-10,Miercoles,,16:10:00,,0.0,2,"Pickup/Utilitario,Moto/Ciclomotor",Freyre Y Pje. Boedo,2,0,1,0,1,0,0,"-32.895632269408,-60.70629946296",Calle,,ROSARIO,Rosario,Asfalto,No existe,II,Dentro,Urbana,Señal Pare,No existe,Intersección,Bueno,Buena,Diurna,Buen Tiempo,S/D,S/D,Colisión,Ninguna,"Horizontal,Vertical",Ninguna,Sin restricción,"-32.895632269408,-60.70629946296","['Freyre', 'Boedo']",2,,-32.895632269408,-60.70629946296,55.0,538.0,Municipio Rosario,Municipio,Rosario,820210,Servicio de Catastro e Información Territorial,IGN
2020,4005,2020-10-08,Jueves,,08:00:00,,0.0,2,"Moto/Ciclomotor,Moto/Ciclomotor",Av. Pellegrini Y Av. Circunvalacion,2,1,0,0,1,0,0,"-32.94872, -60.72193",Calle,,ROSARIO,Rosario,Asfalto,No existe,II,S/D,Urbana,S/D,No existe,Intersección,Bueno,Buena,Diurna,Buen Tiempo,S/D,S/D,Colisión,Ninguna,S/D,S/D,Sin restricción,"-32.94872, -60.72193","['Pellegrini', 'Circunvalacion']",2,,-32.94872,-60.72193,55.0,538.0,Municipio Rosario,Municipio,Rosario,820210,Servicio de Catastro e Información Territorial,IGN
2020,4007,2020-10-08,Jueves,,15:30:00,,0.0,2,"Moto/Ciclomotor,Automóvil",España Y Av. Circunvalacion,3,1,0,0,2,0,0,"-33.0159, -60.65679",Avenida,,ROSARIO,Rosario,Asfalto,No existe,II,S/D,Urbana,Ninguna,No existe,Intersección,Bueno,Buena,Diurna,Buen Tiempo,Lateral,S/D,Colisión,Ninguna,Faltante,Ninguna,Sin restricción,"-33.0159, -60.65679","['España', 'Circunvalacion']",2,,-33.0159,-60.65679,55.0,538.0,Municipio Rosario,Municipio,Rosario,820210,Servicio de Catastro e Información Territorial,IGN
2020,4009,2020-10-05,Lunes,,15:50:00,,0.0,2,"Automóvil,Automóvil",Av. Circunvalacion Y Av. Uriburu,3,2,0,0,1,0,0,"-32.99235, -60.70181",Avenida,,ROSARIO,Rosario,S/D,Pavimento,II,S/D,Urbana,Señal Pare,Funciona,Otro,Bueno,Buena,Diurna,Buen Tiempo,Otro,S/D,Colisión,Ninguna,"Horizontal,Vertical",S/D,Sin restricción,"-32.99235, -60.70181","['Circunvalacion', 'Uriburu']",2,,-32.99235,-60.70181,55.0,538.0,Municipio Rosario,Municipio,Rosario,820210,Servicio de Catastro e Información Territorial,IGN
2020,4027,2020-06-14,Domingo,,10:20:00,,0.0,2,"Automóvil,Moto/Ciclomotor",Bv. Avellaneda Y Cnel.Winter,3,0,2,0,1,0,0,"-32.984996722533,-60.688800925971",Avenida,,ROSARIO,Rosario,Asfalto,No existe,III,Dentro,Urbana,Ninguna,No existe,Intersección,S/D,S/D,Diurna,S/D,S/D,S/D,Colisión,S/D,Faltante,Cordón divisorio,S/D,"-32.984996722533,-60.688800925971","['Avellaneda', 'Coronel Winter']",2,,-32.984996722533,-60.688800925971,55.0,538.0,Municipio Rosario,Municipio,Rosario,820210,Servicio de Catastro e Información Territorial,IGN
2020,4031,2020-07-25,Sabado,,13:00:00,,0.0,2,"Pickup/Utilitario,Automóvil", ,8,1,0,0,7,0,0,"-32.95883, -60.693",Calle,,ROSARIO,Rosario,Asfalto,Natural,II,S/D,Rural,Ninguna,No existe,Recta,Bueno,Buena,Diurna,Buen Tiempo,Otro,S/D,Vuelco,Ninguna,Faltante,Línea divisoria pintada,Sin restricción,"-32.95883, -60.693",[''],0,,-32.95883,-60.693,55.0,538.0,Municipio Rosario,Municipio,Rosario,820210,Servicio de Catastro e Información Territorial,IGN
2020,4040,2020-06-13,Sabado,,,,0.0,1,Moto/Ciclomotor,Uriarte 709,1,1,0,0,0,0,0,"-32.899087036271,-60.691323105948",Calle,,ROSARIO,Rosario,Asfalto,No existe,II,Dentro,Urbana,Paso Peatonal,No existe,Intersección,Bueno,Buena,Diurna,Buen Tiempo,S/D,S/D,Cañda ocupante,Ninguna,Horizontal,Ninguna,Sin restricción,"-32.899087036271,-60.691323105948",['Uriarte 709'],1,,-32.899087036271,-60.691323105948,55.0,538.0,Municipio Rosario,Municipio,Rosario,820210,Servicio de Catastro e Información Territorial,IGN
2020,4064,2020-07-29,Miercoles,,18:40:00,,0.0,2,"Bicicleta,Automóvil",Colombia Y Juan B.De La Salle,2,1,0,0,1,0,0,"    -32.92262, -60.71691",Calle,,ROSARIO,Rosario,Asfalto,No existe,II,Dentro,Urbana,Ninguna,No existe,Intersección,Bueno,Buena,Atardecer,Buen Tiempo,S/D,Ciclista,Atropello,Ninguna,Faltante,S/D,Sin restricción,"    -32.92262, -60.71691","['Colombia', 'De La Salle']",2,,-32.92262,-60.71691,55.0,538.0,Municipio Rosario,Municipio,Rosario,820210,Servicio de Catastro e Información Territorial,IGN
2020,4074,2020-07-24,Viernes,,16:20:00,,0.0,2,"Taxi/Remis,Automóvil", ,4,1,0,0,3,0,0,"    -32.92979, -60.73078",Calle,,ROSARIO,Rosario,Asfalto,No existe,II,Dentro,Urbana,Ninguna,No existe,Recta,Bueno,Buena,Diurna,Buen Tiempo,Múltiple,S/D,Colisión,Ninguna,S/D,Cordón divisorio,Sin restricción,"    -32.92979, -60.73078",[''],0,,-32.92979,-60.73078,55.0,538.0,Municipio Rosario,Municipio,Rosario,820210,Servicio de Catastro e Información Territorial,IGN
2020,4108,2020-10-13,Martes,,,,0.0,2,"Automóvil,Moto/Ciclomotor",San Luis Y Larrea,2,1,0,0,1,0,0,"-32.93953, -60.6973",Calle,,ROSARIO,Rosario,Asfalto,S/D,II,S/D,Urbana,S/D,S/D,Intersección,S/D,S/D,S/D,S/D,S/D,S/D,Colisión,S/D,S/D,S/D,S/D,"-32.93953, -60.6973","['San Luis', 'Larrea']",2,,-32.93953,-60.6973,55.0,538.0,Municipio Rosario,Municipio,Rosario,820210,Servicio de Catastro e Información Territorial,IGN
2020,4110,2020-07-28,Martes,,10:50:00,,0.0,2,"Automóvil,Peatón",P.L.Funes Y J.J.Paso,2,1,0,0,1,0,0,"    -32.92013, -60.70969",Avenida,,ROSARIO,Rosario,Asfalto,No existe,II,Dentro,Urbana,Ninguna,No existe,Intersección,Bueno,Buena,Diurna,S/D,S/D,Peatón,Atropello,S/D,Faltante,Cordón divisorio,Sin restricción,"    -32.92013, -60.70969","['Funes', 'Paso']",2,,-32.92013,-60.70969,55.0,538.0,Municipio Rosario,Municipio,Rosario,820210,Servicio de Catastro e Información Territorial,IGN
2020,4111,2020-10-16,Viernes,,09:30:00,,0.0,2,"Automóvil,Moto/Ciclomotor",Edmundo Rivero Y Roullon,3,0,1,0,2,0,0,"-32.97473, -60.70082",Calle,,ROSARIO,Rosario,Asfalto,Pavimento,II,S/D,Urbana,Semáforo,Funciona,Intersección,Bueno,S/D,S/D,Buen Tiempo,Frontal,S/D,Colisión,Ninguna,"Horizontal,Vertical",S/D,Sin restricción,"-32.97473, -60.70082","['Edmundo Rivero', 'Alfredo Rouillón']",2,,-32.97473,-60.70082,55.0,538.0,Municipio Rosario,Municipio,Rosario,820210,Servicio de Catastro e Información Territorial,IGN
2020,4116,2020-10-23,Viernes,,,,0.0,1,Moto/Ciclomotor,Boulevard America 1600,1,1,0,0,0,0,0,"-32.95883, -60.693",Avenida,,ROSARIO,Rosario,Asfalto,S/D,II,S/D,Urbana,S/D,S/D,Recta,S/D,S/D,S/D,S/D,S/D,S/D,Cañda ocupante,S/D,S/D,S/D,S/D,"-32.95883, -60.693",['Boulevard America 1600'],1,,-32.95883,-60.693,55.0,538.0,Municipio Rosario,Municipio,Rosario,820210,Servicio de Catastro e Información Territorial,IGN
2020,4122,2020-07-28,Martes,,18:30:00,,0.0,2,"Peatón,Automóvil",Av. Genova 7100,2,1,0,0,1,0,0,"    -32.91613, -60.71776",Avenida,,ROSARIO,Rosario,Asfalto,No existe,II,Dentro,Urbana,Ninguna,No existe,Recta,Bueno,Buena,Atardecer,Buen Tiempo,Otro,Peatón,Atropello,Ninguna,Faltante,Ninguna,Sin restricción,"    -32.91613, -60.71776",['Genova 7100'],1,,-32.91613,-60.71776,55.0,538.0,Municipio Rosario,Municipio,Rosario,820210,Servicio de Catastro e Información Territorial,IGN
2020,4127,2020-07-24,Viernes,,11:15:00,,0.0,2,"Moto/Ciclomotor,Automóvil",Roullon 4100,2,0,1,0,1,0,0,"    -32.97662, -60.70091",Calle,,ROSARIO,Rosario,Asfalto,Pavimento,II,Dentro,Urbana,Otra Señal,No existe,Recta,Bueno,Buena,Diurna,Buen Tiempo,Otro,S/D,Colisión,Ninguna,S/D,Ninguna,Sin restricción,"    -32.97662, -60.70091",['Alfredo Rouillón 4100'],1,,-32.97662,-60.70091,55.0,538.0,Municipio Rosario,Municipio,Rosario,820210,Servicio de Catastro e Información Territorial,IGN
2020,4131,2020-06-15,Lunes,,16:30:00,,0.0,2,"Moto/Ciclomotor,Peatón",Dorrego ,3,3,0,0,0,0,0,"-32.93363749980928,-60.646483898162",Calle,,ROSARIO,Rosario,Asfalto,No existe,II,Dentro,Urbana,Policía de tránsito,Funciona,Recta,Bueno,Buena,Diurna,Buen Tiempo,S/D,Peatón,"Cañda ocupante,Atropello",Ninguna,"Horizontal,Vertical","Cordón divisorio,Vegetación",Sin restricción,"-32.93363749980928,-60.646483898162",['Dorrego'],1,,-32.93363749980928,-60.646483898162,55.0,538.0,Municipio Rosario,Municipio,Rosario,820210,Servicio de Catastro e Información Territorial,IGN
2020,4132,2020-07-24,Viernes,,11:10:00,,0.0,2,"Automóvil,Pickup/Utilitario",Alsina Y Cerrito,3,1,1,0,1,0,0,"    -32.95504, -60.68032",Calle,,ROSARIO,Rosario,Asfalto,S/D,II,Dentro,Urbana,Ninguna,No existe,Intersección,Bueno,Buena,Diurna,Buen Tiempo,Otro,S/D,Colisión,Ninguna,Faltante,Ninguna,Sin restricción,"    -32.95504, -60.68032","['Alsina', 'Cerrito']",2,,-32.95504,-60.68032,55.0,538.0,Municipio Rosario,Municipio,Rosario,820210,Servicio de Catastro e Información Territorial,IGN
2020,4136,2020-07-26,Domingo,,17:20:00,,0.0,2,"Moto/Ciclomotor,Moto/Ciclomotor",Gaboto Y Rio De Janeiro,2,0,1,0,1,0,0,"    -32.96581, -60.6873",Calle,,ROSARIO,Rosario,Asfalto,Pavimento,II,Dentro,Urbana,Ninguna,No existe,Intersección,S/D,Buena,Diurna,Buen Tiempo,Otro,S/D,Colisión,Ninguna,Faltante,Ninguna,Sin restricción,"    -32.96581, -60.6873","['Gaboto', 'Río de Janeiro']",2,,-32.96581,-60.6873,55.0,538.0,Municipio Rosario,Municipio,Rosario,820210,Servicio de Catastro e Información Territorial,IGN
2020,4145,2020-06-30,Martes,,,,0.0,2,"Automóvil,Peatón",Av. Battle y Ordo�ez Y Bv. Oro�o,2,1,0,0,1,0,0,"-33.00931334495546,-60.664916038513",Avenida,,ROSARIO,Rosario,Asfalto,No existe,II,Dentro,Urbana,Policía de tránsito,Funciona,Rotonda,S/D,S/D,S/D,S/D,S/D,Peatón,Atropello,S/D,Vertical,Cordón divisorio,S/D,"-33.00931334495546,-60.664916038513","['Avenida Battle y Ordoñez', 'Bulevar Nicasio Oroño']",2,,-33.00931334495546,-60.664916038513,55.0,538.0,Municipio Rosario,Municipio,Rosario,820210,Servicio de Catastro e Información Territorial,IGN
2020,4162,2020-07-28,Martes,,19:45:00,,0.0,2,"Moto/Ciclomotor,Automóvil",Rueda 3700,2,1,1,0,0,0,0,"    -32.9647, -60.67992",Calle,,ROSARIO,Rosario,Asfalto,Pavimento,II,S/D,Urbana,Ninguna,No existe,Otro,Bueno,S/D,Nocturna,S/D,S/D,S/D,Colisión,Ninguna,S/D,Ninguna,Sin restricción,"    -32.9647, -60.67992",['Rueda 3700'],1,,-32.9647,-60.67992,55.0,538.0,Municipio Rosario,Municipio,Rosario,820210,Servicio de Catastro e Información Territorial,IGN
2020,4168,2020-07-25,Sabado,,20:45:00,,0.0,2,"Automóvil,Moto/Ciclomotor",Av. Pellegrini 1164,3,1,0,0,2,0,0,"    -32.95704, -60.64167",Avenida,,ROSARIO,Rosario,Asfalto,S/D,II,S/D,Urbana,S/D,S/D,Recta,Bueno,Buena,"Nocturna,Con luz artificial",S/D,S/D,S/D,Colisión,S/D,S/D,S/D,S/D,"    -32.95704, -60.64167",['Pellegrini 1164'],1,,-32.95704,-60.64167,55.0,538.0,Municipio Rosario,Municipio,Rosario,820210,Servicio de Catastro e Información Territorial,IGN
2020,4169,2020-10-14,Miercoles,,13:20:00,,0.0,2,"Automóvil,Moto/Ciclomotor",Fragata Sarmiento Y Rodriguez,2,1,0,0,1,0,0,"-32.98916, -60.67044",S/D,,ROSARIO,Rosario,Asfalto,No existe,II,S/D,S/D,Ninguna,No existe,Intersección,Bueno,S/D,Diurna,Buen Tiempo,Lateral,S/D,Colisión,S/D,Faltante,"Ninguna,S/D",Sin restricción,"-32.98916, -60.67044","['Fragata Sarmiento', 'Rodríguez']",2,,-32.98916,-60.67044,55.0,538.0,Municipio Rosario,Municipio,Rosario,820210,Servicio de Catastro e Información Territorial,IGN
2020,4170,2020-07-24,Viernes,,09:15:00,,0.0,2,"Automóvil,Moto/Ciclomotor",Lavalle Y 9 De Julio,2,1,0,0,1,0,0,"    -32.94675, -60.67963",Calle,,ROSARIO,Rosario,Asfalto,S/D,II,S/D,Urbana,S/D,S/D,Intersección,S/D,S/D,Diurna,S/D,S/D,S/D,Colisión,S/D,S/D,S/D,S/D,"    -32.94675, -60.67963","['Lavalle', '9 de Julio']",2,,-32.94675,-60.67963,55.0,538.0,Municipio Rosario,Municipio,Rosario,820210,Servicio de Catastro e Información Territorial,IGN
2020,4173,2020-07-27,Lunes,,07:20:00,,0.0,2,"Moto/Ciclomotor,Automóvil",Av. Francia 100,2,1,0,0,1,0,0,"    -32.94018, -60.66512",Avenida,,ROSARIO,Rosario,Asfalto,No existe,II,S/D,Urbana,Ninguna,No existe,Recta,Bueno,Buena,Diurna,Buen Tiempo,De alcance,S/D,Colisión,Ninguna,Faltante,Ninguna,Sin restricción,"    -32.94018, -60.66512",['Francia 100'],1,,-32.94018,-60.66512,55.0,538.0,Municipio Rosario,Municipio,Rosario,820210,Servicio de Catastro e Información Territorial,IGN
2020,4176,2020-07-28,Martes,,11:50:00,,0.0,2,"Automóvil,Moto/Ciclomotor",Garay Y Maipu,3,2,0,0,1,0,0,"    -32.975, -60.64245",Calle,,ROSARIO,Rosario,Asfalto,No existe,II,Dentro,Urbana,Señal Pare,No existe,Intersección,Bueno,Buena,Diurna,Buen Tiempo,Lateral,S/D,Colisión,S/D,Vertical,Ninguna,Sin restricción,"    -32.975, -60.64245","['Garay', 'Maipú']",2,,-32.975,-60.64245,55.0,538.0,Municipio Rosario,Municipio,Rosario,820210,Servicio de Catastro e Información Territorial,IGN
2020,4182,2020-07-28,Martes,,16:10:00,,0.0,2,"Peatón,Moto/Ciclomotor",Esmeralda Y Amenabar,2,1,0,0,1,0,0,"    -32.97518, -60.62793",Calle,,ROSARIO,Rosario,Asfalto,S/D,II,S/D,Urbana,S/D,No existe,Intersección,S/D,S/D,Diurna,Buen Tiempo,S/D,S/D,Colisión,S/D,S/D,Ninguna,S/D,"    -32.97518, -60.62793","['Esmeralda', 'Amenabar']",2,,-32.97518,-60.62793,55.0,538.0,Municipio Rosario,Municipio,Rosario,820210,Servicio de Catastro e Información Territorial,IGN
2020,4197,2020-07-28,Martes,,17:05:00,,0.0,2,"Automóvil,Automóvil",Av. Corrientes Y Juan Canals,3,2,0,0,1,0,0,"-32.98866, -60.65317",Avenida,,ROSARIO,Rosario,Asfalto,No existe,II,Dentro,Urbana,Ninguna,S/D,Intersección,Bueno,Buena,Diurna,Buen Tiempo,Lateral,S/D,Colisión,S/D,Faltante,Ninguna,Sin restricción,"-32.98866, -60.65317","['Corrientes', 'Juan Canals']",2,,-32.98866,-60.65317,55.0,538.0,Municipio Rosario,Municipio,Rosario,820210,Servicio de Catastro e Información Territorial,IGN
2020,4201,2020-07-28,Martes,,07:30:00,,0.0,2,"Bicicleta,Moto/Ciclomotor",Ayacucho Y Pje. 525,2,1,0,0,1,0,0,"    -33.01126, -60.63574",Calle,,ROSARIO,Rosario,Asfalto,No existe,II,Dentro,Urbana,Ninguna,No existe,Intersección,Bueno,Buena,Diurna,S/D,S/D,Ciclista,Atropello,S/D,Faltante,Ninguna,Sin restricción,"    -33.01126, -60.63574","['Ayacucho', 'Pasaje 525']",2,,-33.01126,-60.63574,55.0,538.0,Municipio Rosario,Municipio,Rosario,820210,Servicio de Catastro e Información Territorial,IGN
2020,4205,2020-07-24,Viernes,,13:40:00,,0.0,2,"Moto/Ciclomotor,Automóvil",Juan Canals Y Sarmiento,3,2,0,0,1,0,0,"    -32.98944, -60.64898",Calle,,ROSARIO,Rosario,Asfalto,No existe,II,Dentro,Urbana,Ninguna,No existe,Intersección,Bueno,S/D,Diurna,Buen Tiempo,Lateral,S/D,Colisión,Ninguna,S/D,Cordón divisorio,Sin restricción,"    -32.98944, -60.64898","['Juan Canals', 'Sarmiento']",2,,-32.98944,-60.64898,55.0,538.0,Municipio Rosario,Municipio,Rosario,820210,Servicio de Catastro e Información Territorial,IGN
2020,4214,2020-07-29,Miercoles,,00:00:00,,0.0,2,"Tren,Automóvil",Baigorria ,2,1,0,0,1,0,0,"    -32.89284, -60.69923",Calle,,ROSARIO,Rosario,Asfalto,No existe,II,Dentro,Urbana,Ninguna,No existe,Paso a Nivel FFCC,S/D,S/D,Diurna,Buen Tiempo,Lateral,S/D,Colisión,S/D,S/D,Ninguna,Sin restricción,"    -32.89284, -60.69923",['Baigorria'],1,,-32.89284,-60.69923,55.0,538.0,Municipio Rosario,Municipio,Rosario,820210,Servicio de Catastro e Información Territorial,IGN
2020,4222,2020-07-30,Jueves,,,,0.0,2,"Moto/Ciclomotor,Moto/Ciclomotor",CALLE 6 Y CALLE 9,3,1,2,0,0,0,0,"-32.95883, -60.693",Calle,,ROSARIO,Rosario,Asfalto,No existe,II,Dentro,Urbana,Ninguna,No existe,Intersección,Bueno,S/D,S/D,Buen Tiempo,Lateral,S/D,Colisión,S/D,Faltante,Ninguna,Sin restricción,"-32.95883, -60.693","['Pasaje 6', 'Calle 9']",2,,-32.95883,-60.693,55.0,538.0,Municipio Rosario,Municipio,Rosario,820210,Servicio de Catastro e Información Territorial,IGN
2020,4228,2020-07-23,Jueves,,20:40:00,,0.0,2,"Moto/Ciclomotor,Moto/Ciclomotor",Necochea Y Pasco,2,0,1,0,1,0,0,"-32.96208, -60.62745",Calle,,ROSARIO,Rosario,S/D,S/D,II,S/D,Urbana,S/D,S/D,Intersección,S/D,S/D,Nocturna,S/D,S/D,S/D,Colisión,S/D,S/D,S/D,S/D,"-32.96208, -60.62745","['Necochea', 'Pasco']",2,,-32.96208,-60.62745,55.0,538.0,Municipio Rosario,Municipio,Rosario,820210,Servicio de Catastro e Información Territorial,IGN
2020,4236,2020-07-25,Sabado,,11:00:00,,0.0,2,"Moto/Ciclomotor,Automóvil",Nicolas Laguna Y Pje. 1348,2,1,0,0,1,0,0,"    -32.88287, -60.72367",Calle,,ROSARIO,Rosario,Hormigón,No existe,II,Dentro,Urbana,Otra Señal,No existe,Recta,Bueno,Buena,Diurna,S/D,Lateral,S/D,Colisión,Ninguna,Faltante,Ninguna,Sin restricción,"    -32.88287, -60.72367","['Laguna', 'Liliana Maresca']",2,,-32.88287,-60.72367,55.0,538.0,Municipio Rosario,Municipio,Rosario,820210,Servicio de Catastro e Información Territorial,IGN
2020,4240,2020-07-29,Miercoles,,12:00:00,,0.0,1,Moto/Ciclomotor,Bv. Rondeau Y 26 de Agosto,1,1,0,0,0,0,0,"-32.87378, -60.69877",Avenida,,ROSARIO,Rosario,Asfalto,S/D,II,Dentro,Urbana,S/D,No existe,Curva,Bueno,S/D,Diurna,S/D,Contra objeto fijo,S/D,Colisión,S/D,S/D,S/D,S/D,"-32.87378, -60.69877","['Rondeau', '26 de Agosto']",2,,-32.87378,-60.69877,55.0,538.0,Municipio Rosario,Municipio,Rosario,820210,Servicio de Catastro e Información Territorial,IGN