anio_acci,nro_acci,fecha,desc_dia,fecha_aprox,hora_aprox,desc_ruta,km,cant_participantes,desc_participante,calle_avenida_km,total,heridos_leves,heridos_graves,heridos_gravisimos,ilesos,fallecidos,sin_datos,posicion_XY,desc_tipo_via,desc_ruta_ori,desc_loc,desc_dpto,desc_tipo_calzada,desc_tipo_banquina,desc_unidad_regional,desc_lugar_calzada,desc_zona,desc_prioridad,desc_estado_semaforo,desc_lugar_via,desc_estado_via,desc_estado_visibilidad,desc_luminosidad,desc_estado_clima,desc_tipo_colision,desc_tipo_atropello,desc_tipo_hecho,desc_pres_calzada,desc_senializacion,desc_separacion_via,desc_restriccion,forma_geocod,calle_lista,numero_calles,calles_osm,lat,lon,index_right,gid,fna,gna,nam,in1,fdc,sag
2020,4243,2020-07-25,Sabado,,19:00:00,,0.0,2,"Moto/Ciclomotor,Peatón",Bv. Avellaneda Y J.J.Paso,2,1,0,0,1,0,0,"    -32.9683, -60.68649",Avenida,,ROSARIO,Rosario,Asfalto,S/D,II,S/D,Urbana,S/D,Intermitente,Intersección,Bueno,Buena,Diurna,Buen Tiempo,S/D,Peatón,Atropello,S/D,Faltante,Ninguna,S/D,"    -32.9683, -60.68649","['Avellaneda', 'Paso']",2,,-32.9683,-60.68649,55.0,538.0,Municipio Rosario,Municipio,Rosario,820210,Servicio de Catastro e Información Territorial,IGN
2020,4245,2020-07-25,Sabado,,12:00:00,,0.0,2,"Moto/Ciclomotor,Automóvil",Av. Carlos Colombres ,2,1,0,0,1,0,0,"    -32.89872, -60.6835",Avenida,,ROSARIO,Rosario,Asfalto,S/D,II,Dentro,Urbana,Ninguna,S/D,Recta,Bueno,Buena,Diurna,S/D,S/D,S/D,Colisión,S/D,S/D,S/D,Sin restricción,"    -32.89872, -60.6835",['José Colombres'],1,,-32.89872,-60.6835,55.0,538.0,Municipio Rosario,Municipio,Rosario,820210,Servicio de Catastro e Información Territorial,IGN
2020,4263,2020-09-30,Miercoles,,21:05:00,,0.0,2,"Camión Chasis,Moto/Ciclomotor",Saavedra Y Paraguay,2,0,1,0,1,0,0,"-32.97694, -60.65165",S/D,,ROSARIO,Rosario,S/D,S/D,II,S/D,S/D,S/D,S/D,S/D,S/D,S/D,Nocturna,S/D,S/D,S/D,S/D,S/D,S/D,S/D,S/D,"-32.97694, -60.65165","['Saavedra', 'Paraguay']",2,,-32.97694,-60.65165,55.0,538.0,Municipio Rosario,Municipio,Rosario,820210,Servicio de Catastro e Información Territorial,IGN
2020,4292,2020-10-04,Domingo,,01:50:00,,0.0,2,"Automóvil,Moto/Ciclomotor",Av. Jorge Newbery ,3,2,0,0,1,0,0,"-32.90913, -60.7559",S/D,,ROSARIO,Rosario,S/D,S/D,II,S/D,S/D,S/D,S/D,S/D,S/D,S/D,S/D,S/D,S/D,S/D,S/D,S/D,S/D,S/D,S/D,"-32.90913, -60.7559",['Jorge Newbery'],1,,-32.90913,-60.7559,55.0,538.0,Municipio Rosario,Municipio,Rosario,820210,Servicio de Catastro e Información Territorial,IGN
2020,4293,2020-06-21,Domingo,,06:10:00,,0.0,1,Moto/Ciclomotor,Av. Pellegrini Y Rodriguez,1,0,0,0,0,1,0,"-32.95358, -60.66145",Calle,,ROSARIO,Rosario,Asfalto,No existe,II,Dentro,Urbana,Semáforo,Funciona,Intersección,Bueno,S/D,Nocturna,S/D,Contra objeto fijo,S/D,Colisión,Ninguna,"Horizontal,Vertical",Cordón divisorio,Sin restricción,"-32.95358, -60.66145","['Pellegrini', 'Rodríguez']",2,,-32.95358,-60.66145,55.0,538.0,Municipio Rosario,Municipio,Rosario,820210,Servicio de Catastro e Información Territorial,IGN
2020,4307,2020-10-15,Jueves,,17:35:00,,0.0,2,"Moto/Ciclomotor,Automóvil",Av. Provincias Unidas Y La Paz,2,1,0,0,1,0,0,"-32.95571, -60.7119",Calle,,ROSARIO,Rosario,Asfalto,Pavimento,II,S/D,Urbana,Ninguna,No existe,Intersección,Bueno,Buena,"Diurna,Con luz artificial",Buen Tiempo,Otro,S/D,Colisión,Ninguna,Faltante,Ninguna,Sin restricción,"-32.95571, -60.7119","['Avenida Provincias Unidas', 'La Paz']",2,,-32.95571,-60.7119,55.0,538.0,Municipio Rosario,Municipio,Rosario,820210,Servicio de Catastro e Información Territorial,IGN
2020,4310,2020-10-15,Jueves,,17:20:00,,0.0,2,"Automóvil,Moto/Ciclomotor",Bertole Y C.Larralde,4,2,0,0,2,0,0,"-32.96543, -60.72607",Calle,,ROSARIO,Rosario,Asfalto,Pavimento,II,S/D,Urbana,Ninguna,No existe,Intersección,Bueno,Buena,Diurna,Buen Tiempo,Otro,S/D,Colisión,Ninguna,Faltante,Ninguna,Sin restricción,"-32.96543, -60.72607","['Bertole', 'Larralde']",2,,-32.96543,-60.72607,55.0,538.0,Municipio Rosario,Municipio,Rosario,820210,Servicio de Catastro e Información Territorial,IGN
2020,4312,2020-10-09,Viernes,,08:00:00,,0.0,2,"Moto/Ciclomotor,Moto/Ciclomotor",Bv. 27 De Febrero Y J.Colombres,2,0,1,0,0,0,1,"-32.95977, -60.72508",Avenida,,ROSARIO,Rosario,Asfalto,Pavimento,II,S/D,Urbana,Otra Señal,Funciona,Otro,Bueno,Buena,Diurna,Buen Tiempo,Lateral,S/D,Colisión,Ninguna,"Horizontal,Vertical",Ninguna,Sin restricción,"-32.95977, -60.72508","['27 de Febrero', 'José Colombres']",2,,-32.95977,-60.72508,55.0,538.0,Municipio Rosario,Municipio,Rosario,820210,Servicio de Catastro e Información Territorial,IGN
2020,4314,2020-10-09,Viernes,,09:30:00,,0.0,2,"Automóvil,Moto/Ciclomotor",Av. Pte.Peron Y Garzon,2,1,0,0,1,0,0,"-32.96455, -60.70471",Calle,,ROSARIO,Rosario,Asfalto,Pavimento,II,S/D,Urbana,Semáforo,Funciona,Intersección,Bueno,Buena,Diurna,Buen Tiempo,Otro,S/D,Colisión,Ninguna,"Horizontal,Vertical",Ninguna,Sin restricción,"-32.96455, -60.70471","['Avenida Presidente Perón', 'Garzón']",2,,-32.96455,-60.70471,55.0,538.0,Municipio Rosario,Municipio,Rosario,820210,Servicio de Catastro e Información Territorial,IGN
2020,4316,2020-07-18,Sabado,,,,0.0,2,"Automóvil,Moto/Ciclomotor",Av. Eva Peron Y Rio De Janeiro,2,2,0,0,0,0,0,"-32.93883, -60.6805",Avenida,,ROSARIO,Rosario,S/D,S/D,II,S/D,Urbana,S/D,S/D,Intersección,S/D,S/D,S/D,S/D,S/D,S/D,Colisión,S/D,S/D,S/D,S/D,"-32.93883, -60.6805","['Avenida Eva Perón', 'Río de Janeiro']",2,,-32.93883,-60.6805,55.0,538.0,Municipio Rosario,Municipio,Rosario,820210,Servicio de Catastro e Información Territorial,IGN
2020,4317,2020-10-08,Jueves,,15:00:00,,0.0,2,"Automóvil,Automóvil",Bv. 27 De Febrero Y P.L.Funes,2,1,0,0,1,0,0,"-32.95882,-60.70045",Calle,,ROSARIO,Rosario,Asfalto,Pavimento,II,S/D,Urbana,Otra Señal,No existe,Intersección,Bueno,Buena,Diurna,Buen Tiempo,Otro,S/D,Colisión,Ninguna,Horizontal,Ninguna,Sin restricción,"-32.95882,-60.70045","['27 de Febrero', 'Funes']",2,,-32.95882,-60.70045,55.0,538.0,Municipio Rosario,Municipio,Rosario,820210,Servicio de Catastro e Información Territorial,IGN
2020,4326,2020-10-07,Miercoles,,,,0.0,1,Moto/Ciclomotor,Bv. Oroño Y Pje. J.De La Cosa,1,0,1,0,0,0,0,"-32.93073, -60.65008",S/D,,ROSARIO,Rosario,S/D,S/D,II,S/D,S/D,S/D,S/D,S/D,S/D,S/D,S/D,S/D,S/D,S/D,S/D,S/D,S/D,S/D,S/D,"-32.93073, -60.65008","['Bulevar Nicasio Oroño', 'De La Cosa']",2,,-32.93073,-60.65008,55.0,538.0,Municipio Rosario,Municipio,Rosario,820210,Servicio de Catastro e Información Territorial,IGN
2020,4331,2020-07-28,Martes,,,,0.0,2,"Bicicleta,Automóvil",Urquiza Y Balcarce,2,1,0,0,1,0,0,"    -32.94051, -60.65106",Calle,,ROSARIO,Rosario,Asfalto,S/D,II,Dentro,Urbana,S/D,S/D,Intersección,S/D,S/D,S/D,S/D,S/D,S/D,Colisión,S/D,S/D,S/D,S/D,"    -32.94051, -60.65106","['Urquiza', 'Balcarce']",2,,-32.94051,-60.65106,55.0,538.0,Municipio Rosario,Municipio,Rosario,820210,Servicio de Catastro e Información Territorial,IGN
2020,4356,2020-07-22,Miercoles,,,,0.0,2,"Moto/Ciclomotor,Automóvil",San Luis Y Servando Bayo,2,1,0,0,1,0,0,"-32.94073, -60.68523",Calle,,ROSARIO,Rosario,S/D,S/D,II,S/D,Urbana,S/D,S/D,Intersección,S/D,S/D,S/D,S/D,S/D,S/D,Colisión,S/D,S/D,S/D,S/D,"-32.94073, -60.68523","['San Luis', 'Servando Bayo']",2,,-32.94073,-60.68523,55.0,538.0,Municipio Rosario,Municipio,Rosario,820210,Servicio de Catastro e Información Territorial,IGN
2020,4357,2020-10-01,Jueves,,,,0.0,1,Moto/Ciclomotor,San Lorenzo Y Pueyrredon,1,1,0,0,0,0,0,"-32.94072, -60.65684",S/D,,ROSARIO,Rosario,S/D,S/D,II,S/D,S/D,S/D,S/D,S/D,S/D,S/D,S/D,S/D,S/D,S/D,S/D,S/D,S/D,S/D,S/D,"-32.94072, -60.65684","['San Lorenzo', 'Pueyrredón']",2,,-32.94072,-60.65684,55.0,538.0,Municipio Rosario,Municipio,Rosario,820210,Servicio de Catastro e Información Territorial,IGN
2020,4366,2020-07-17,Viernes,,,,0.0,2,"Automóvil,Automóvil",Urquiza ,5,4,0,0,1,0,0,"-32.95883, -60.693",S/D,,ROSARIO,Rosario,S/D,S/D,II,S/D,S/D,S/D,S/D,S/D,S/D,S/D,S/D,S/D,S/D,S/D,S/D,S/D,S/D,S/D,S/D,"-32.95883, -60.693",['Urquiza'],1,,-32.95883,-60.693,55.0,538.0,Municipio Rosario,Municipio,Rosario,820210,Servicio de Catastro e Información Territorial,IGN
2020,4379,2020-07-29,Miercoles,,12:00:00,,0.0,2,"Moto/Ciclomotor,Pickup/Utilitario",Av. Battle y Ordo�ez 3100,2,1,0,0,1,0,0,"    -33.00974, -60.67733",Avenida,,ROSARIO,Rosario,Asfalto,S/D,II,Dentro,Urbana,S/D,S/D,Intersección,S/D,S/D,S/D,S/D,S/D,S/D,Colisión,S/D,S/D,S/D,S/D,"    -33.00974, -60.67733",['Avenida Battle y Ordoñez 3100'],1,,-33.00974,-60.67733,55.0,538.0,Municipio Rosario,Municipio,Rosario,820210,Servicio de Catastro e Información Territorial,IGN
2020,4406,2020-10-03,Sabado,,13:00:00,,0.0,2,"Moto/Ciclomotor,Pickup/Utilitario",Av. Pte.Peron 5700,2,0,1,0,1,0,0,"-32.96234, -60.70027",S/D,,ROSARIO,Rosario,S/D,S/D,II,S/D,S/D,S/D,S/D,S/D,S/D,S/D,S/D,S/D,S/D,S/D,S/D,S/D,S/D,S/D,S/D,"-32.96234, -60.70027",['Presidenteperon 5700'],1,,-32.96234,-60.70027,55.0,538.0,Municipio Rosario,Municipio,Rosario,820210,Servicio de Catastro e Información Territorial,IGN
2020,4419,2020-11-10,Martes,,14:40:00,,0.0,2,"Bicicleta,Automóvil",Rivarola Y Av. Circunvalacion,2,1,0,0,1,0,0,"-32.96606, -60.71923",Avenida,,ROSARIO,Rosario,Asfalto,Pavimento,II,S/D,Urbana,Ninguna,Funciona,Otro,Bueno,Buena,Diurna,Buen Tiempo,S/D,Ciclista,Atropello,Ninguna,Faltante,Ninguna,Sin restricción,"-32.96606, -60.71923","['Rivarola', 'Circunvalacion']",2,,-32.96606,-60.71923,55.0,538.0,Municipio Rosario,Municipio,Rosario,820210,Servicio de Catastro e Información Territorial,IGN
2020,4421,2020-11-12,Jueves,,12:45:00,,0.0,2,"Automóvil,Otros",Poeta Fontanarrosa Y A.Maza,3,1,0,0,2,0,0,"-32.87566, -60.69213",Calle,,ROSARIO,Rosario,Asfalto,S/D,II,S/D,Urbana,S/D,S/D,Intersección,S/D,S/D,S/D,S/D,S/D,S/D,Colisión,S/D,S/D,S/D,S/D,"-32.87566, -60.69213","['Pasaje Poeta Fontanarrosa', 'Maza']",2,,-32.87566,-60.69213,55.0,538.0,Municipio Rosario,Municipio,Rosario,820210,Servicio de Catastro e Información Territorial,IGN
2020,4424,2020-11-10,Martes,,18:45:00,,0.0,2,"Automóvil,Moto/Ciclomotor",Comercio Y F.Rauch,3,1,0,0,2,0,0,"-32.90654, -60.69864",Calle,,ROSARIO,Rosario,Asfalto,No existe,II,Dentro,Urbana,S/D,No existe,Recta,Con baches,S/D,Atardecer,Buen Tiempo,S/D,S/D,Colisión,S/D,Faltante,S/D,S/D,"-32.90654, -60.69864","['Comercio', 'Rauch']",2,,-32.90654,-60.69864,55.0,538.0,Municipio Rosario,Municipio,Rosario,820210,Servicio de Catastro e Información Territorial,IGN
2020,4428,2020-11-13,Viernes,,17:55:00,,0.0,2,"Pickup/Utilitario,Moto/Ciclomotor",3 De Febrero Y Pte.Roca,3,0,1,0,2,0,0,"-32.95153, -60.64671",Calle,,ROSARIO,Rosario,Asfalto,S/D,II,S/D,Urbana,S/D,S/D,Recta,Bueno,S/D,Diurna,S/D,S/D,S/D,Colisión,S/D,S/D,S/D,S/D,"-32.95153, -60.64671","['3 de Febrero', 'Roca']",2,,-32.95153,-60.64671,55.0,538.0,Municipio Rosario,Municipio,Rosario,820210,Servicio de Catastro e Información Territorial,IGN
2020,4430,2020-11-13,Viernes,,10:40:00,,0.0,2,"Bicicleta,Automóvil",9 De Julio Y Alvear,2,1,0,0,1,0,0,"-32.95088, -60.6565",Calle,,ROSARIO,Rosario,Asfalto,S/D,II,S/D,Urbana,S/D,S/D,Intersección,S/D,S/D,S/D,S/D,S/D,Ciclista,Atropello,S/D,S/D,S/D,S/D,"-32.95088, -60.6565","['9 de Julio', 'Alvear']",2,,-32.95088,-60.6565,55.0,538.0,Municipio Rosario,Municipio,Rosario,820210,Servicio de Catastro e Información Territorial,IGN
2020,4436,2020-11-13,Viernes,,13:30:00,,0.0,2,"Moto/Ciclomotor,Automóvil",Mariano Moreno Y Tucuman,2,1,0,0,1,0,0,"-32.93956, -60.64941",Calle,,ROSARIO,Rosario,Asfalto,S/D,II,S/D,Urbana,S/D,S/D,Recta,S/D,S/D,Diurna,S/D,S/D,S/D,Colisión,S/D,S/D,S/D,S/D,"-32.93956, -60.64941","['Mariano Moreno', 'Tucumán']",2,,-32.93956,-60.64941,55.0,538.0,Municipio Rosario,Municipio,Rosario,820210,Servicio de Catastro e Información Territorial,IGN
2020,4438,2020-10-16,Viernes,,11:30:00,,0.0,2,"Transporte de Pasajeros Urbano (> 8 asientos),Automóvil",Bv. Argentino Y Donado,3,2,0,0,1,0,0,"-32.92419, -60.72763",Calle,,ROSARIO,Rosario,Asfalto,No existe,II,Dentro,Urbana,Ninguna,No existe,Intersección,Bueno,Buena,Diurna,Buen Tiempo,S/D,S/D,Colisión,Ninguna,Vertical,Ninguna,Sin restricción,"-32.92419, -60.72763","['Argentino', 'Donado']",2,,-32.92419,-60.72763,55.0,538.0,Municipio Rosario,Municipio,Rosario,820210,Servicio de Catastro e Información Territorial,IGN
2020,4439,2020-11-15,Domingo,,20:25:00,,0.0,2,"Automóvil,Moto/Ciclomotor",Montevideo 2300,2,1,0,0,1,0,0,"-32.9532, -60.65707",Calle,,ROSARIO,Rosario,Asfalto,S/D,II,S/D,Urbana,S/D,S/D,Recta,S/D,S/D,Nocturna,S/D,S/D,S/D,Colisión,S/D,S/D,S/D,S/D,"-32.9532, -60.65707",['Montevideo 2300'],1,,-32.9532,-60.65707,55.0,538.0,Municipio Rosario,Municipio,Rosario,820210,Servicio de Catastro e Información Territorial,IGN
2020,4441,2020-11-12,Jueves,,16:00:00,,0.0,2,"Moto/Ciclomotor,Automóvil",Salta Y Paraguay,2,1,0,0,1,0,0,"-32.93847, -60.64196",Calle,,ROSARIO,Rosario,Asfalto,S/D,II,S/D,Urbana,Semáforo,S/D,Intersección,Bueno,S/D,Diurna,S/D,S/D,S/D,Colisión,S/D,S/D,S/D,S/D,"-32.93847, -60.64196","['Salta', 'Paraguay']",2,,-32.93847,-60.64196,55.0,538.0,Municipio Rosario,Municipio,Rosario,820210,Servicio de Catastro e Información Territorial,IGN
2020,4442,2020-11-10,Martes,,09:10:00,,0.0,2,"Moto/Ciclomotor,Pickup/Utilitario",Av. Pellegrini Y Pascual Rosas,2,1,0,0,1,0,0,"-32.9488, -60.68869",Avenida,,ROSARIO,Rosario,Asfalto,No existe,II,Dentro,Urbana,Ninguna,No existe,Intersección,Bueno,Buena,Diurna,Buen Tiempo,De alcance,S/D,Colisión,Ninguna,Faltante,Ninguna,Sin restricción,"-32.9488, -60.68869","['Pellegrini', 'Pascual Rosas']",2,,-32.9488,-60.68869,55.0,538.0,Municipio Rosario,Municipio,Rosario,820210,Servicio de Catastro e Información Territorial,IGN
2020,4443,2020-11-10,Martes,,13:00:00,,0.0,2,"Moto/Ciclomotor,Automóvil",Catamarca Y Crespo,2,1,0,0,1,0,0,"-32.93525, -60.66679",Calle,,ROSARIO,Rosario,Asfalto,S/D,II,S/D,Urbana,Ninguna,No existe,Recta,Bueno,Buena,Diurna,Buen Tiempo,De alcance,S/D,Colisión,Ninguna,Faltante,Ninguna,Sin restricción,"-32.93525, -60.66679","['Catamarca', 'Crespo']",2,,-32.93525,-60.66679,55.0,538.0,Municipio Rosario,Municipio,Rosario,820210,Servicio de Catastro e Información Territorial,IGN
2020,4444,2020-10-16,Viernes,,18:05:00,,0.0,2,"Automóvil,Moto/Ciclomotor",Av. Bermudez Y Reg.11 de Infanteria,2,1,0,0,1,0,0,"-32.9986, -60.64272",Calle,,ROSARIO,Rosario,Asfalto,S/D,II,Dentro,Urbana,S/D,No existe,Intersección,Bueno,Buena,Diurna,Buen Tiempo,Lateral,S/D,Colisión,Ninguna,S/D,S/D,S/D,"-32.9986, -60.64272","['Bermudez', 'Regimiento 11']",2,,-32.9986,-60.64272,55.0,538.0,Municipio Rosario,Municipio,Rosario,820210,Servicio de Catastro e Información Territorial,IGN
2020,4445,2020-10-16,Viernes,,08:30:00,,0.0,2,"Bicicleta,Automóvil",Catamarca Y Pueyrredon,2,1,0,0,1,0,0,"-32.93716, -60.6559",Calle,,ROSARIO,Rosario,Asfalto,S/D,II,S/D,Urbana,S/D,S/D,Intersección,Bueno,S/D,Diurna,S/D,S/D,Ciclista,Atropello,S/D,S/D,S/D,S/D,"-32.93716, -60.6559","['Catamarca', 'Pueyrredón']",2,,-32.93716,-60.6559,55.0,538.0,Municipio Rosario,Municipio,Rosario,820210,Servicio de Catastro e Información Territorial,IGN
2020,4447,2020-10-16,Viernes,,20:50:00,,0.0,2,"Peatón,Automóvil",Mariano Moreno Y San Juan,2,1,0,0,1,0,0,"-32.94798, -60.65153",Calle,,ROSARIO,Rosario,Asfalto,S/D,II,S/D,Urbana,S/D,S/D,Intersección,S/D,S/D,S/D,S/D,S/D,Peatón,Atropello,S/D,S/D,S/D,S/D,"-32.94798, -60.65153","['Mariano Moreno', 'San Juan']",2,,-32.94798,-60.65153,55.0,538.0,Municipio Rosario,Municipio,Rosario,820210,Servicio de Catastro e Información Territorial,IGN
2020,4448,2020-11-12,Jueves,,17:30:00,,0.0,2,"Moto/Ciclomotor,Pickup/Utilitario",Mendoza Y Valparaiso,2,1,0,0,1,0,0,"-32.94375, -60.68316",Calle,,ROSARIO,Rosario,Asfalto,No existe,II,Dentro,Urbana,Señal Pare,No existe,Intersección,Bueno,Buena,Diurna,Buen Tiempo,Lateral,S/D,Colisión,Ninguna,Vertical,Ninguna,Sin restricción,"-32.94375, -60.68316","['Mendoza', 'Valparaíso']",2,,-32.94375,-60.68316,55.0,538.0,Municipio Rosario,Municipio,Rosario,820210,Servicio de Catastro e Información Territorial,IGN
2020,4450,2020-10-16,Viernes,,10:41:00,,0.0,2,"Bicicleta,Taxi/Remis",San Juan Y España,2,1,0,0,1,0,0,"-32.94866, -60.64745",Calle,,ROSARIO,Rosario,Asfalto,S/D,II,S/D,Urbana,S/D,S/D,Intersección,Bueno,S/D,Diurna,S/D,S/D,Ciclista,Atropello,S/D,S/D,S/D,S/D,"-32.94866, -60.64745","['San Juan', 'España']",2,,-32.94866,-60.64745,55.0,538.0,Municipio Rosario,Municipio,Rosario,820210,Servicio de Catastro e Información Territorial,IGN
2020,4491,2020-10-17,Sabado,,05:40:00,,0.0,2,"Moto/Ciclomotor,Moto/Ciclomotor",Mendoza Y Av. Circunvalacion,2,1,0,0,1,0,0,"-32.94059, -60.72249",Avenida,,ROSARIO,Rosario,Asfalto,No existe,II,Dentro,Urbana,S/D,S/D,Intersección,Bueno,Buena,"Nocturna,Con luz artificial",Buen Tiempo,S/D,S/D,Colisión,S/D,S/D,S/D,Sin restricción,"-32.94059, -60.72249","['Mendoza', 'Circunvalacion']",2,,-32.94059,-60.72249,55.0,538.0,Municipio Rosario,Municipio,Rosario,820210,Servicio de Catastro e Información Territorial,IGN
2020,4497,2020-08-15,Sabado,,10:30:00,,0.0,2,"Automóvil,Automóvil",Buenos Aires Y Ituzaingo,2,1,0,0,1,0,0,"-32.96169877052307,-60.636312961578",Calle,,ROSARIO,Rosario,Asfalto,No existe,II,Dentro,Urbana,Semáforo,Funciona,Recta,Bueno,Buena,Diurna,Buen Tiempo,De alcance,S/D,Colisión,Ninguna,Vertical,Ninguna,Sin restricción,"-32.96169877052307,-60.636312961578","['Buenos Aires', 'Ituzaingó']",2,,-32.96169877052307,-60.636312961578,55.0,538.0,Municipio Rosario,Municipio,Rosario,820210,Servicio de Catastro e Información Territorial,IGN
2020,4501,2020-11-13,Viernes,,08:30:00,,0.0,2,"Moto/Ciclomotor,Taxi/Remis",Laprida Y La Paz,2,1,0,0,1,0,0,"-32.96486, -60.63869",Calle,,ROSARIO,Rosario,Asfalto,No existe,II,Dentro,Urbana,Ninguna,No existe,Recta,Bueno,Buena,Diurna,Buen Tiempo,Lateral,S/D,Colisión,Ninguna,Faltante,Ninguna,Sin restricción,"-32.96486, -60.63869","['Laprida', 'La Paz']",2,,-32.96486,-60.63869,55.0,538.0,Municipio Rosario,Municipio,Rosario,820210,Servicio de Catastro e Información Territorial,IGN
2020,4505,2020-11-13,Viernes,,17:40:00,,0.0,2,"Moto/Ciclomotor,Automóvil",Bv. Oroño ,2,1,0,0,1,0,0,"-32.95557, -60.65642",Avenida,,ROSARIO,Rosario,Asfalto,No existe,II,Dentro,Urbana,S/D,No existe,Recta,Bueno,Buena,Diurna,Buen Tiempo,De alcance,S/D,Colisión,Ninguna,Faltante,Ninguna,Sin restricción,"-32.95557, -60.65642",['Nicasio Oroñoño'],1,,-32.95557,-60.65642,55.0,538.0,Municipio Rosario,Municipio,Rosario,820210,Servicio de Catastro e Información Territorial,IGN
2020,4513,2020-10-17,Sabado,,21:50:00,,0.0,2,"Moto/Ciclomotor,Automóvil",Av. Provincias Unidas Bis Y Bielsa,2,1,0,0,1,0,0,"-32.92382, -60.71327",Avenida,,ROSARIO,Rosario,Asfalto,S/D,II,Dentro,Urbana,S/D,No existe,Intersección,Bueno,Buena,Diurna,Buen Tiempo,S/D,S/D,Colisión,S/D,Vertical,Cordón divisorio,Sin restricción,"-32.92382, -60.71327","['Avenida Provincias Unidas', 'Bielsa']",2,,-32.92382,-60.71327,55.0,538.0,Municipio Rosario,Municipio,Rosario,820210,Servicio de Catastro e Información Territorial,IGN
2020,4516,2020-10-17,Sabado,,17:30:00,,0.0,2,"Moto/Ciclomotor,Taxi/Remis",Bv. 27 De Febrero Y Magallanes,2,0,1,0,1,0,0,"-32.95911, -60.70377",Avenida,,ROSARIO,Rosario,S/D,Pavimento,II,S/D,Urbana,Otra Señal,No existe,Intersección,Bueno,Buena,Diurna,Buen Tiempo,S/D,S/D,Colisión,Ninguna,"Horizontal,Vertical",Ninguna,Sin restricción,"-32.95911, -60.70377","['27 de Febrero', 'Magallanes']",2,,-32.95911,-60.70377,55.0,538.0,Municipio Rosario,Municipio,Rosario,820210,Servicio de Catastro e Información Territorial,IGN
2020,4520,2020-10-17,Sabado,,14:25:00,,0.0,2,"Moto/Ciclomotor,Automóvil",Camilo Aldao Y Gaboto,2,0,1,0,1,0,0,"-32.96468, -60.69503",Calle,,ROSARIO,Rosario,Asfalto,Pavimento,II,S/D,Urbana,Otra Señal,No existe,Intersección,Bueno,Buena,Diurna,Buen Tiempo,Frontal,S/D,Colisión,S/D,"Horizontal,Vertical",Ninguna,Sin restricción,"-32.96468, -60.69503","['Camilo Aldao', 'Gaboto']",2,,-32.96468,-60.69503,55.0,538.0,Municipio Rosario,Municipio,Rosario,820210,Servicio de Catastro e Información Territorial,IGN
2020,4544,2020-08-18,Martes,,15:15:00,,0.0,2,"Automóvil,Bicicleta",Santiago Y Tucuman,2,0,1,0,1,0,0,"-32.938598350864,-60.654836193267",Calle,,ROSARIO,Rosario,Asfalto,No existe,II,Dentro,Urbana,Señal Pare,No existe,Intersección,Bueno,Buena,Diurna,Buen Tiempo,S/D,Ciclista,Atropello,Ninguna,Vertical,Ninguna,Sin restricción,"-32.938598350864,-60.654836193267","['Santiago', 'Tucumán']",2,,-32.938598350864,-60.654836193267,55.0,538.0,Municipio Rosario,Municipio,Rosario,820210,Servicio de Catastro e Información Territorial,IGN
2020,4565,2020-08-18,Martes,,08:05:00,,0.0,2,"Moto/Ciclomotor,Automóvil",Av. Pellegrini Y Mariano Moreno,2,1,0,0,1,0,0,"-32.95499314906,-60.653286968564",Avenida,,ROSARIO,Rosario,Asfalto,No existe,II,Dentro,Urbana,Semáforo,Funciona,Recta,Bueno,Buena,Diurna,Buen Tiempo,Lateral,S/D,Colisión,Ninguna,"Horizontal,Vertical",Cordón divisorio,Sin restricción,"-32.95499314906,-60.653286968564","['Pellegrini', 'Mariano Moreno']",2,,-32.95499314906,-60.653286968564,55.0,538.0,Municipio Rosario,Municipio,Rosario,820210,Servicio de Catastro e Información Territorial,IGN
2020,4566,2020-08-01,Sabado,,12:00:00,,0.0,2,"Pickup/Utilitario,Peatón",Pje. Chile ,3,1,0,0,2,0,0,"-32.939609395701,-60.691341385527",Calle,,ROSARIO,Rosario,Asfalto,No existe,II,Dentro,Urbana,Señal Pare,No existe,Recta,Bueno,Buena,Diurna,Buen Tiempo,S/D,Peatón,Atropello,Ninguna,Vertical,Ninguna,Sin restricción,"-32.939609395701,-60.691341385527",['Pasaje Chile'],1,,-32.939609395701,-60.691341385527,55.0,538.0,Municipio Rosario,Municipio,Rosario,820210,Servicio de Catastro e Información Territorial,IGN
2020,4569,2020-08-21,Viernes,,10:15:00,,0.0,2,"Moto/Ciclomotor,Automóvil",Bv. Oroño Y Virasoro,2,1,0,0,1,0,0,"-32.967168960779,-60.659345107487",Avenida,,ROSARIO,Rosario,Asfalto,No existe,II,Dentro,Urbana,Semáforo,Funciona,Recta,Bueno,Buena,Diurna,Buen Tiempo,Lateral,S/D,Colisión,Ninguna,"Horizontal,Vertical",Cordón divisorio,Sin restricción,"-32.967168960779,-60.659345107487","['Bulevar Nicasio Oroño', 'Virasoro']",2,,-32.967168960779,-60.659345107487,55.0,538.0,Municipio Rosario,Municipio,Rosario,820210,Servicio de Catastro e Información Territorial,IGN
2020,4572,2020-08-13,Jueves,,07:30:00,,0.0,2,"Moto/Ciclomotor,Automóvil",1 de Mayo Y Cochabamba,2,1,0,0,1,0,0,"-32.959939114065,-60.632721710893",Calle,,ROSARIO,Rosario,Asfalto,No existe,II,Dentro,Urbana,Ninguna,No existe,Intersección,Bueno,Buena,Diurna,Buen Tiempo,Lateral,S/D,Colisión,Ninguna,Faltante,Ninguna,Sin restricción,"-32.959939114065,-60.632721710893","['Primero de Mayo', 'Cochabamba']",2,,-32.959939114065,-60.632721710893,55.0,538.0,Municipio Rosario,Municipio,Rosario,820210,Servicio de Catastro e Información Territorial,IGN