anio_acci,nro_acci,fecha,desc_dia,fecha_aprox,hora_aprox,desc_ruta,km,cant_participantes,desc_participante,calle_avenida_km,total,heridos_leves,heridos_graves,heridos_gravisimos,ilesos,fallecidos,sin_datos,posicion_XY,desc_tipo_via,desc_ruta_ori,desc_loc,desc_dpto,desc_tipo_calzada,desc_tipo_banquina,desc_unidad_regional,desc_lugar_calzada,desc_zona,desc_prioridad,desc_estado_semaforo,desc_lugar_via,desc_estado_via,desc_estado_visibilidad,desc_luminosidad,desc_estado_clima,desc_tipo_colision,desc_tipo_atropello,desc_tipo_hecho,desc_pres_calzada,desc_senializacion,desc_separacion_via,desc_restriccion,forma_geocod,calle_lista,numero_calles,calles_osm,lat,lon,index_right,gid,fna,gna,nam,in1,fdc,sag
2020,4574,2020-08-09,Domingo,,06:20:00,,0.0,2,"Moto/Ciclomotor,Taxi/Remis",España Y Riobamba,2,1,0,0,1,0,0,"-32.961518245275,-60.650684074606",Calle,,ROSARIO,Rosario,Asfalto,No existe,II,Dentro,Urbana,Ninguna,No existe,Recta,Bueno,Buena,"Diurna,Con luz artificial",Buen Tiempo,Lateral,S/D,Colisión,Ninguna,Faltante,Ninguna,Sin restricción,"-32.961518245275,-60.650684074606","['España', 'Riobamba']",2,,-32.961518245275,-60.650684074606,55.0,538.0,Municipio Rosario,Municipio,Rosario,820210,Servicio de Catastro e Información Territorial,IGN
2020,4575,2020-08-07,Viernes,,11:00:00,,0.0,2,"Pickup/Utilitario,Automóvil",Mendoza Y Laprida,3,1,0,0,2,0,0,"-32.952224080563,-60.635328172835",Calle,,ROSARIO,Rosario,Asfalto,No existe,II,Dentro,Urbana,S/D,No existe,Intersección,Bueno,Buena,Diurna,S/D,Lateral,S/D,Colisión,Ninguna,Faltante,Ninguna,Sin restricción,"-32.952224080563,-60.635328172835","['Mendoza', 'Laprida']",2,,-32.952224080563,-60.635328172835,55.0,538.0,Municipio Rosario,Municipio,Rosario,820210,Servicio de Catastro e Información Territorial,IGN
2020,4577,2020-08-04,Martes,,12:30:00,,0.0,2,"Automóvil,Automóvil",Av. Pellegrini Y Balcarce,2,1,0,0,1,0,0,"-32.95475070339,-60.654645670206",Avenida,,ROSARIO,Rosario,Asfalto,No existe,II,Dentro,Urbana,Semáforo,Funciona,Intersección,Bueno,Buena,Diurna,Buen Tiempo,Lateral,S/D,Colisión,Ninguna,"Horizontal,Vertical",Cordón divisorio,Sin restricción,"-32.95475070339,-60.654645670206","['Pellegrini', 'Balcarce']",2,,-32.95475070339,-60.654645670206,55.0,538.0,Municipio Rosario,Municipio,Rosario,820210,Servicio de Catastro e Información Territorial,IGN
2020,4578,2020-08-04,Martes,,10:50:00,,0.0,2,"Bicicleta,Peatón",Entre Rios Y San Lorenzo,2,1,0,0,1,0,0,"-32.943604097427,-60.640380989915",Calle,,ROSARIO,Rosario,Asfalto,No existe,II,Dentro,Urbana,Semáforo,Funciona,Intersección,Bueno,Buena,Diurna,Buen Tiempo,S/D,Peatón,Atropello,Ninguna,Vertical,Ninguna,Sin restricción,"-32.943604097427,-60.640380989915","['Entre Ríos', 'San Lorenzo']",2,,-32.943604097427,-60.640380989915,55.0,538.0,Municipio Rosario,Municipio,Rosario,820210,Servicio de Catastro e Información Territorial,IGN
2020,4579,2020-08-01,Sabado,,15:25:00,,0.0,2,"Automóvil,Automóvil",J.M.de Rosas Y La Paz,3,1,0,0,2,0,0,"-32.96533584594723,-60.635712146758",Calle,,ROSARIO,Rosario,Asfalto,No existe,II,Dentro,Urbana,Ninguna,No existe,Recta,Bueno,Buena,Diurna,Buen Tiempo,De alcance,S/D,Colisión,Ninguna,Faltante,Ninguna,Sin restricción,"-32.96533584594723,-60.635712146758","['De Rosas', 'La Paz']",2,,-32.96533584594723,-60.635712146758,55.0,538.0,Municipio Rosario,Municipio,Rosario,820210,Servicio de Catastro e Información Territorial,IGN
2020,4580,2020-08-05,Miercoles,,11:25:00,,0.0,2,"Automóvil,Bicicleta",Mariano Moreno Y San Luis,2,1,0,0,1,0,0,"-32.946807303286,-60.651238449236",Calle,,ROSARIO,Rosario,Asfalto,No existe,II,Dentro,Urbana,Ninguna,No existe,Intersección,Bueno,Buena,Diurna,Buen Tiempo,S/D,Ciclista,Atropello,Ninguna,Faltante,Ninguna,Sin restricción,"-32.946807303286,-60.651238449236","['Mariano Moreno', 'San Luis']",2,,-32.946807303286,-60.651238449236,55.0,538.0,Municipio Rosario,Municipio,Rosario,820210,Servicio de Catastro e Información Territorial,IGN
2020,4581,2020-08-01,Sabado,,05:45:00,,0.0,2,"Moto/Ciclomotor,Automóvil",L.N.Alem Y Ocampo,3,2,0,0,1,0,0,"-32.968213141627,-60.633336799565",Calle,,ROSARIO,Rosario,Asfalto,No existe,II,Dentro,Urbana,Ninguna,No existe,Intersección,Bueno,Buena,"Nocturna,Con luz artificial",Buen Tiempo,Lateral,S/D,Colisión,Ninguna,Faltante,Ninguna,Sin restricción,"-32.968213141627,-60.633336799565","['Alem', 'Ocampo']",2,,-32.968213141627,-60.633336799565,55.0,538.0,Municipio Rosario,Municipio,Rosario,820210,Servicio de Catastro e Información Territorial,IGN
2020,4582,2020-08-10,Lunes,,10:00:00,,0.0,2,"Moto/Ciclomotor,Automóvil",Bv. 27 De Febrero Y Bv. 27 De Febrero,2,1,0,0,1,0,0,"-32.960321199993,-60.684593378268",Avenida,,ROSARIO,Rosario,Asfalto,No existe,II,Dentro,Urbana,Semáforo,Funciona,Recta,Bueno,Buena,Diurna,Buen Tiempo,De alcance,S/D,Colisión,Ninguna,Vertical,Cordón divisorio,Sin restricción,"-32.960321199993,-60.684593378268","['27 de Febrero', '27 de Febrero']",2,,-32.960321199993,-60.684593378268,55.0,538.0,Municipio Rosario,Municipio,Rosario,820210,Servicio de Catastro e Información Territorial,IGN
2020,4583,2020-08-06,Jueves,,15:00:00,,0.0,1,Moto/Ciclomotor,Av. Corrientes Y Pje. Ricardone,1,1,0,0,0,0,0,"-32.947435765002,-60.64279314619",Calle,,ROSARIO,Rosario,Asfalto,No existe,II,Dentro,Urbana,Ninguna,No existe,Intersección,Bueno,Buena,Diurna,Buen Tiempo,S/D,S/D,Cañda ocupante,Ninguna,Faltante,Ninguna,Sin restricción,"-32.947435765002,-60.64279314619","['Corrientes', 'Ricardone']",2,,-32.947435765002,-60.64279314619,55.0,538.0,Municipio Rosario,Municipio,Rosario,820210,Servicio de Catastro e Información Territorial,IGN
2020,4584,2020-08-15,Sabado,,10:45:00,,0.0,2,"Automóvil,Automóvil",Marcos Paz Y Pascual Rosas,2,1,0,0,1,0,0,"-32.9422849416733,-60.6870549917221",Calle,,ROSARIO,Rosario,Asfalto,No existe,II,Dentro,Urbana,Ninguna,No existe,Intersección,Bueno,Buena,Diurna,Buen Tiempo,De alcance,S/D,Colisión,Ninguna,Faltante,Ninguna,Sin restricción,"-32.9422849416733,-60.6870549917221","['Marcos Paz', 'Pascual Rosas']",2,,-32.9422849416733,-60.6870549917221,55.0,538.0,Municipio Rosario,Municipio,Rosario,820210,Servicio de Catastro e Información Territorial,IGN
2020,4585,2020-08-11,Martes,,18:30:00,,0.0,4,"Automóvil,Automóvil,Automóvil,Automóvil",Pueyrredon Y San Lorenzo,4,4,0,0,0,0,0,"-32.940709303994,-60.656780681371",Calle,,ROSARIO,Rosario,Asfalto,No existe,II,Dentro,Urbana,Ninguna,No existe,Recta,Bueno,Buena,"Atardecer,Con luz artificial",Buen Tiempo,Múltiple,S/D,Colisión,Ninguna,Faltante,Ninguna,Sin restricción,"-32.940709303994,-60.656780681371","['Pueyrredón', 'San Lorenzo']",2,,-32.940709303994,-60.656780681371,55.0,538.0,Municipio Rosario,Municipio,Rosario,820210,Servicio de Catastro e Información Territorial,IGN
2020,4586,2020-08-20,Jueves,,22:20:00,,0.0,2,"Bicicleta,Taxi/Remis",Cordoba Y Rodriguez,2,1,0,0,1,0,0,"-32.94273820751,-60.658718879668",Calle,,ROSARIO,Rosario,Asfalto,No existe,II,Dentro,Urbana,Semáforo,Funciona,Intersección,Bueno,Buena,Nocturna,Buen Tiempo,S/D,Ciclista,Atropello,Ninguna,"Horizontal,Vertical",Ninguna,Sin restricción,"-32.94273820751,-60.658718879668","['Córdoba', 'Rodríguez']",2,,-32.94273820751,-60.658718879668,55.0,538.0,Municipio Rosario,Municipio,Rosario,820210,Servicio de Catastro e Información Territorial,IGN
2020,4587,2020-08-19,Miercoles,,17:15:00,,0.0,2,"Automóvil,Automóvil",Alvear Y Guemes,4,2,0,0,2,0,0,"-32.93300051955,-60.651999044361",Calle,,ROSARIO,Rosario,Asfalto,No existe,II,Dentro,Urbana,Paso Peatonal,No existe,Intersección,Bueno,Buena,Diurna,Buen Tiempo,De alcance,S/D,Colisión,Ninguna,Horizontal,Ninguna,Sin restricción,"-32.93300051955,-60.651999044361","['Alvear', 'Güemes']",2,,-32.93300051955,-60.651999044361,55.0,538.0,Municipio Rosario,Municipio,Rosario,820210,Servicio de Catastro e Información Territorial,IGN
2020,4591,2020-08-06,Jueves,,00:00:00,,0.0,2,"Moto/Ciclomotor,Automóvil",Ayacucho Y Ituzaingo,3,2,0,0,1,0,0,"-32.962733514393,-60.630479684335",Calle,,ROSARIO,Rosario,Asfalto,No existe,II,Dentro,Urbana,Ninguna,No existe,Intersección,Bueno,Buena,"Nocturna,Con luz artificial",Buen Tiempo,Lateral,S/D,Colisión,Ninguna,Faltante,Ninguna,Sin restricción,"-32.962733514393,-60.630479684335","['Ayacucho', 'Ituzaingó']",2,,-32.962733514393,-60.630479684335,55.0,538.0,Municipio Rosario,Municipio,Rosario,820210,Servicio de Catastro e Información Territorial,IGN
2020,4594,2020-10-26,Lunes,,10:00:00,,0.0,2,"Automóvil,Bicicleta",Valentin Gomez Y J.M.de Rosas,2,1,0,0,1,0,0,"    -32.88877, -60.69908",Calle,,ROSARIO,Rosario,Asfalto,Pavimento,II,Dentro,Urbana,Policía de tránsito,No existe,Rotonda,Bueno,Buena,Diurna,Buen Tiempo,Frontal,Ciclista,Atropello,Ninguna,S/D,S/D,Sin restricción,"    -32.88877, -60.69908","['Valentín Gómez', 'De Rosas']",2,,-32.88877,-60.69908,55.0,538.0,Municipio Rosario,Municipio,Rosario,820210,Servicio de Catastro e Información Territorial,IGN
2020,4595,2020-08-22,Sabado,,22:15:00,,0.0,2,"Automóvil,Automóvil",Crespo Y Urquiza,3,1,0,0,2,0,0,"-32.937569466123,-60.667362514416",Calle,,ROSARIO,Rosario,Asfalto,No existe,II,Dentro,Urbana,Ninguna,No existe,Intersección,Bueno,Buena,Nocturna,Buen Tiempo,Lateral,S/D,Colisión,Ninguna,Faltante,Ninguna,Sin restricción,"-32.937569466123,-60.667362514416","['Crespo', 'Urquiza']",2,,-32.937569466123,-60.667362514416,55.0,538.0,Municipio Rosario,Municipio,Rosario,820210,Servicio de Catastro e Información Territorial,IGN
2020,4596,2020-11-12,Jueves,,10:35:00,,0.0,3,"Moto/Ciclomotor,Pickup/Utilitario,Automóvil",Av. Eva Peron Y Brasil,3,1,0,0,2,0,0,"-32.93167,-60.72000",Avenida,,ROSARIO,Rosario,Asfalto,No existe,II,Dentro,Urbana,Semáforo,Funciona,Recta,Bueno,Buena,Diurna,Buen Tiempo,Múltiple,S/D,Colisión,Ninguna,S/D,Cordón divisorio,Sin restricción,"-32.93167,-60.72000","['Avenida Eva Perón', 'Brasil']",2,,-32.93167,-60.72,55.0,538.0,Municipio Rosario,Municipio,Rosario,820210,Servicio de Catastro e Información Territorial,IGN
2020,4597,2020-10-24,Sabado,,20:00:00,,0.0,2,"Moto/Ciclomotor,Automóvil", ,2,1,0,0,1,0,0,"    -32.89617, -60.71514",S/D,,ROSARIO,Rosario,Asfalto,Pavimento,II,S/D,S/D,Ninguna,S/D,Intersección,Bueno,Buena,Nocturna,Buen Tiempo,Otro,S/D,Colisión,Ninguna,Faltante,Ninguna,Sin restricción,"    -32.89617, -60.71514",[''],0,,-32.89617,-60.71514,55.0,538.0,Municipio Rosario,Municipio,Rosario,820210,Servicio de Catastro e Información Territorial,IGN
2020,4599,2020-08-21,Viernes,,,,0.0,2,"Automóvil,Bicicleta",Italia Y San Luis,2,1,0,0,1,0,0,"-32.947291065777,-60.648530129045",Calle,,ROSARIO,Rosario,Asfalto,No existe,II,Dentro,Urbana,Ninguna,No existe,Intersección,Bueno,Buena,Diurna,Buen Tiempo,S/D,Ciclista,Atropello,Ninguna,Faltante,Ninguna,Sin restricción,"-32.947291065777,-60.648530129045","['Italia', 'San Luis']",2,,-32.947291065777,-60.648530129045,55.0,538.0,Municipio Rosario,Municipio,Rosario,820210,Servicio de Catastro e Información Territorial,IGN
2020,4600,2020-11-14,Sabado,,23:30:00,,0.0,2,"Pickup/Utilitario,Moto/Ciclomotor",Av. Provincias Unidas ,3,1,0,0,2,0,0,"-32.92943, -60.71315",Calle,,ROSARIO,Rosario,Asfalto,No existe,II,Dentro,Urbana,Ninguna,S/D,Intersección,Bueno,Buena,Nocturna,Buen Tiempo,Frontal,S/D,Colisión,Ninguna,S/D,Cordón divisorio,Sin restricción,"-32.92943, -60.71315",['Avenida Provincias Unidas'],1,,-32.92943,-60.71315,55.0,538.0,Municipio Rosario,Municipio,Rosario,820210,Servicio de Catastro e Información Territorial,IGN
2020,4603,2020-08-21,Viernes,,17:50:00,,0.0,2,"Moto/Ciclomotor,Automóvil",Alsina Y Mendoza,2,1,0,0,1,0,0,"-32.944699585641,-60.6776870383",Calle,,ROSARIO,Rosario,Asfalto,No existe,II,Dentro,Urbana,Ninguna,Funciona,Recta,Bueno,Buena,Diurna,Buen Tiempo,De alcance,S/D,Colisión,Ninguna,"Horizontal,Vertical",Ninguna,Sin restricción,"-32.944699585641,-60.6776870383","['Alsina', 'Mendoza']",2,,-32.944699585641,-60.6776870383,55.0,538.0,Municipio Rosario,Municipio,Rosario,820210,Servicio de Catastro e Información Territorial,IGN
2020,4606,2020-08-06,Jueves,,21:00:00,,0.0,2,"Automóvil,Taxi/Remis",La Paz Y L.N.Alem,3,2,0,0,1,0,0,"-32.965921307441,-60.632766919179",Calle,,ROSARIO,Rosario,Asfalto,No existe,II,Dentro,Urbana,Ninguna,No existe,Intersección,Bueno,Buena,"Nocturna,Con luz artificial",Buen Tiempo,Lateral,S/D,Colisión,Ninguna,Vertical,Ninguna,Sin restricción,"-32.965921307441,-60.632766919179","['La Paz', 'Alem']",2,,-32.965921307441,-60.632766919179,55.0,538.0,Municipio Rosario,Municipio,Rosario,820210,Servicio de Catastro e Información Territorial,IGN
2020,4607,2020-11-13,Viernes,,19:50:00,,0.0,2,"Bicicleta,Moto/Ciclomotor",Brasil Bis Y Junin,3,1,0,0,2,0,0,"-32.92776, -60.72016",Calle,,ROSARIO,Rosario,Asfalto,No existe,II,S/D,Urbana,Ninguna,No existe,Intersección,Bueno,Buena,Atardecer,Buen Tiempo,S/D,Ciclista,Atropello,Ninguna,Faltante,Ninguna,Sin restricción,"-32.92776, -60.72016","['Brasil', 'Junín']",2,,-32.92776,-60.72016,55.0,538.0,Municipio Rosario,Municipio,Rosario,820210,Servicio de Catastro e Información Territorial,IGN
2020,4609,2020-10-24,Sabado,,,,0.0,2,"Moto/Ciclomotor,Automóvil",Oriente Y M.Perdriel,2,1,0,0,1,0,0,"    -32.89492, -60.71066",Calle,,ROSARIO,Rosario,Asfalto,No existe,II,Dentro,Urbana,S/D,No existe,Intersección,Otro,Buena,Nocturna,S/D,Lateral,S/D,Colisión,Ninguna,Faltante,S/D,Sin restricción,"    -32.89492, -60.71066","['Oriente', 'Perdriel']",2,,-32.89492,-60.71066,55.0,538.0,Municipio Rosario,Municipio,Rosario,820210,Servicio de Catastro e Información Territorial,IGN
2020,4610,2020-11-13,Viernes,,16:15:00,,0.0,2,"Moto/Ciclomotor,Peatón",Brasil Bis Y Junin,2,2,0,0,0,0,0,"-32.92776, -60.72016",Calle,,ROSARIO,Rosario,Asfalto,No existe,II,Dentro,Urbana,Ninguna,No existe,Recta,Bueno,Buena,Diurna,Buen Tiempo,S/D,Peatón,Atropello,Ninguna,Faltante,Ninguna,Sin restricción,"-32.92776, -60.72016","['Brasil', 'Junín']",2,,-32.92776,-60.72016,55.0,538.0,Municipio Rosario,Municipio,Rosario,820210,Servicio de Catastro e Información Territorial,IGN
2020,4612,2020-11-10,Martes,,18:00:00,,0.0,2,"Moto/Ciclomotor,Automóvil",Junin Y Formosa Bis,2,1,0,0,1,0,0,"-32.92698, -60.69128",Calle,,ROSARIO,Rosario,Asfalto,S/D,II,S/D,Urbana,S/D,S/D,Intersección,S/D,S/D,S/D,S/D,S/D,S/D,Colisión,S/D,S/D,S/D,S/D,"-32.92698, -60.69128","['Junín', 'Formosa']",2,,-32.92698,-60.69128,55.0,538.0,Municipio Rosario,Municipio,Rosario,820210,Servicio de Catastro e Información Territorial,IGN
2020,4615,2020-11-13,Viernes,,17:20:00,,0.0,1,Moto/Ciclomotor,Urquiza Y P.L.Funes,1,1,0,0,0,0,0,"-32.93315, -60.7015",Calle,,ROSARIO,Rosario,S/D,No existe,II,S/D,Urbana,Ninguna,No existe,Intersección,S/D,Buena,Diurna,S/D,Atropello animal,S/D,Colisión,S/D,Faltante,Ninguna,Sin restricción,"-32.93315, -60.7015","['Urquiza', 'Funes']",2,,-32.93315,-60.7015,55.0,538.0,Municipio Rosario,Municipio,Rosario,820210,Servicio de Catastro e Información Territorial,IGN
2020,4617,2020-11-09,Lunes,,17:50:00,,0.0,2,"Automóvil,Moto/Ciclomotor",Cochabamba Y Bv. Avellaneda,2,0,1,0,1,0,0,"-32.95108, -60.68225",Avenida,,ROSARIO,Rosario,Asfalto,Pavimento,II,S/D,Urbana,Ninguna,No existe,Intersección,Bueno,Buena,"Diurna,Con luz artificial",Buen Tiempo,Otro,S/D,Colisión,Ninguna,Faltante,Ninguna,Sin restricción,"-32.95108, -60.68225","['Cochabamba', 'Avellaneda']",2,,-32.95108,-60.68225,55.0,538.0,Municipio Rosario,Municipio,Rosario,820210,Servicio de Catastro e Información Territorial,IGN
2020,4620,2020-08-10,Lunes,,18:05:00,,0.0,2,"Taxi/Remis,Moto/Ciclomotor",L.N.Alem Y Riobamba,2,1,0,0,1,0,0,"-32.964774042171,-60.632480857705",Calle,,ROSARIO,Rosario,Asfalto,No existe,II,Dentro,Urbana,Ninguna,No existe,Intersección,Bueno,Buena,Atardecer,Buen Tiempo,Lateral,S/D,Colisión,Ninguna,Faltante,Ninguna,Sin restricción,"-32.964774042171,-60.632480857705","['Alem', 'Riobamba']",2,,-32.964774042171,-60.632480857705,55.0,538.0,Municipio Rosario,Municipio,Rosario,820210,Servicio de Catastro e Información Territorial,IGN
2020,4621,2020-08-15,Sabado,,06:30:00,,0.0,2,"Moto/Ciclomotor,Transporte de Pasajeros Urbano (> 8 asientos)",Grandoli Y Nicolas Laguna,2,0,1,0,1,0,0,"-32.886881844412,-60.724122361054",Calle,,ROSARIO,Rosario,Asfalto,No existe,II,Dentro,Urbana,Señal Pare,No existe,Intersección,Deteriorada,Buena,Diurna,Buen Tiempo,Frontal,S/D,Colisión,Otro,Vertical,Ninguna,Sin restricción,"-32.886881844412,-60.724122361054","['Avenida Abanderado Grandoli', 'Laguna']",2,,-32.886881844412,-60.724122361054,55.0,538.0,Municipio Rosario,Municipio,Rosario,820210,Servicio de Catastro e Información Territorial,IGN
2020,4622,2020-11-13,Viernes,,19:30:00,,0.0,2,"Moto/Ciclomotor,Automóvil",Larrea Y Garay,3,2,0,0,1,0,0,"-32.96587, -60.69628",Calle,,ROSARIO,Rosario,Asfalto,S/D,II,S/D,Urbana,Ninguna,No existe,Intersección,Bueno,Buena,Nocturna,Buen Tiempo,Otro,S/D,Colisión,Ninguna,Faltante,Ninguna,Sin restricción,"-32.96587, -60.69628","['Larrea', 'Garay']",2,,-32.96587,-60.69628,55.0,538.0,Municipio Rosario,Municipio,Rosario,820210,Servicio de Catastro e Información Territorial,IGN
2020,4624,2020-11-11,Miercoles,,16:00:00,,0.0,2,"Moto/Ciclomotor,Moto/Ciclomotor",Bv. Avellaneda Y Garay,3,3,0,0,0,0,0,"-32.96713, -60.68631",Calle,,ROSARIO,Rosario,Asfalto,No existe,II,S/D,Urbana,Ninguna,No existe,Intersección,Bueno,Buena,Diurna,Buen Tiempo,S/D,S/D,Colisión,Ninguna,Faltante,Cordón divisorio,Sin restricción,"-32.96713, -60.68631","['Avellaneda', 'Garay']",2,,-32.96713,-60.68631,55.0,538.0,Municipio Rosario,Municipio,Rosario,820210,Servicio de Catastro e Información Territorial,IGN
2020,4628,2020-10-11,Domingo,,22:50:00,,0.0,2,"Moto/Ciclomotor,Otros",Cafferata Y Rioja,2,0,1,0,0,0,1,"-32.941696057086,-60.671241357194",Calle,,ROSARIO,Rosario,Asfalto,No existe,II,Dentro,Urbana,Semáforo,Funciona,Recta,Bueno,Buena,"Nocturna,Con luz artificial",Buen Tiempo,S/D,S/D,Colisión,Ninguna,"Horizontal,Vertical",Ninguna,Sin restricción,"-32.941696057086,-60.671241357194","['Cafferata', 'Rioja']",2,,-32.941696057086,-60.671241357194,55.0,538.0,Municipio Rosario,Municipio,Rosario,820210,Servicio de Catastro e Información Territorial,IGN
2020,4629,2020-11-11,Miercoles,,19:00:00,,0.0,2,"Moto/Ciclomotor,Moto/Ciclomotor",España Y Av. Circunvalacion,2,2,0,0,0,0,0,"-32.97901, -60.65508",Calle,,ROSARIO,Rosario,Asfalto,No existe,II,S/D,Urbana,Ninguna,No existe,Intersección,Bueno,Buena,Atardecer,Buen Tiempo,Lateral,S/D,Colisión,Ninguna,Faltante,Ninguna,Sin restricción,"-32.97901, -60.65508","['España', 'Circunvalacion']",2,,-32.97901,-60.65508,55.0,538.0,Municipio Rosario,Municipio,Rosario,820210,Servicio de Catastro e Información Territorial,IGN
2020,4633,2020-11-13,Viernes,,16:00:00,,0.0,2,"Moto/Ciclomotor,Automóvil",Bv. Oroño Y Lamadrid,2,1,0,0,1,0,0,"-32.99764, -60.66541",Calle,,ROSARIO,Rosario,Asfalto,No existe,II,Dentro,Urbana,Ninguna,Funciona,Intersección,Bueno,Buena,Diurna,Buen Tiempo,Lateral,S/D,Colisión,Ninguna,Faltante,Ninguna,Sin restricción,"-32.99764, -60.66541","['Bulevar Nicasio Oroño', 'Lamadrid']",2,,-32.99764,-60.66541,55.0,538.0,Municipio Rosario,Municipio,Rosario,820210,Servicio de Catastro e Información Territorial,IGN
2020,4635,2020-08-11,Martes,,18:00:00,,0.0,2,"Moto/Ciclomotor,Automóvil",Rueda 1500,2,1,0,0,1,0,0,"-32.970041329782,-60.649925699414",Calle,,ROSARIO,Rosario,Asfalto,No existe,II,Dentro,Urbana,Ninguna,No existe,Recta,Bueno,Buena,Atardecer,Buen Tiempo,De alcance,S/D,Colisión,Ninguna,Faltante,Ninguna,Sin restricción,"-32.970041329782,-60.649925699414",['Rueda 1500'],1,,-32.970041329782,-60.649925699414,55.0,538.0,Municipio Rosario,Municipio,Rosario,820210,Servicio de Catastro e Información Territorial,IGN
2020,4636,2020-08-20,Jueves,,,,0.0,2,"Moto/Ciclomotor,Bicicleta",Albert Sabin Y J.J.Paso,2,1,0,0,1,0,0,"-32.91949689388275,-60.688720643520",Calle,,ROSARIO,Rosario,Asfalto,No existe,II,Dentro,Urbana,Semáforo,Funciona,Intersección,Bueno,Buena,Diurna,Buen Tiempo,S/D,Ciclista,Atropello,Ninguna,Vertical,Cordón divisorio,Sin restricción,"-32.91949689388275,-60.688720643520","['Avenida Travesía Albert Sabin', 'Paso']",2,,-32.91949689388275,-60.68872064352,55.0,538.0,Municipio Rosario,Municipio,Rosario,820210,Servicio de Catastro e Información Territorial,IGN
2020,4637,2020-11-15,Domingo,,21:40:00,,0.0,2,"Moto/Ciclomotor,Pickup/Utilitario",Italia Y Padre R. Giaccone,2,1,0,0,1,0,0,"-33.00823, -60.65891",Calle,,ROSARIO,Rosario,Asfalto,S/D,II,Dentro,Urbana,Ninguna,S/D,Intersección,S/D,S/D,S/D,Buen Tiempo,Lateral,S/D,Colisión,S/D,S/D,Ninguna,Sin restricción,"-33.00823, -60.65891","['Italia', 'Padre R. Giaccone']",2,,-33.00823,-60.65891,55.0,538.0,Municipio Rosario,Municipio,Rosario,820210,Servicio de Catastro e Información Territorial,IGN
2020,4639,2020-11-10,Martes,,11:35:00,,0.0,2,"Moto/Ciclomotor,Automóvil",San Martin Y Amenabar,2,1,0,0,1,0,0,"-32.97244, -60.64315",Calle,,ROSARIO,Rosario,Asfalto,No existe,II,Dentro,Urbana,Ninguna,S/D,Intersección,Bueno,Buena,Diurna,Buen Tiempo,Lateral,S/D,Colisión,Ninguna,Faltante,Ninguna,Sin restricción,"-32.97244, -60.64315","['San Martin', 'Amenabar']",2,,-32.97244,-60.64315,55.0,538.0,Municipio Rosario,Municipio,Rosario,820210,Servicio de Catastro e Información Territorial,IGN
2020,4640,2020-10-29,Jueves,,16:00:00,,0.0,2,"Peatón,Automóvil",Ecuador Y Pasco,3,1,0,0,2,0,0,"    -32.95104, -60.7145",Calle,,ROSARIO,Rosario,Asfalto,Pavimento,II,S/D,Urbana,Ninguna,No existe,Otro,Bueno,Buena,Diurna,Buen Tiempo,S/D,Peatón,Atropello,Ninguna,"Horizontal,Vertical",Ninguna,Sin restricción,"    -32.95104, -60.7145","['Ecuador', 'Pasco']",2,,-32.95104,-60.7145,55.0,538.0,Municipio Rosario,Municipio,Rosario,820210,Servicio de Catastro e Información Territorial,IGN
2020,4641,2020-08-20,Jueves,,17:50:00,,0.0,2,"Moto/Ciclomotor,Automóvil",Cavia 1700,3,2,0,0,1,0,0,"-32.900948063831,-60.708698848547",Calle,,ROSARIO,Rosario,Asfalto,No existe,II,Dentro,Urbana,Ninguna,No existe,Recta,Bueno,Buena,Diurna,Buen Tiempo,Lateral,S/D,Colisión,Ninguna,Faltante,Ninguna,Sin restricción,"-32.900948063831,-60.708698848547",['Cavia 1700'],1,,-32.900948063831,-60.708698848547,55.0,538.0,Municipio Rosario,Municipio,Rosario,820210,Servicio de Catastro e Información Territorial,IGN
2020,4642,2020-11-15,Domingo,,19:30:00,,0.0,2,"Peatón,Automóvil",San Martin Y Pje. R.Platini,2,1,0,0,1,0,0,"-33.01489, -60.65198",Calle,,ROSARIO,Rosario,Asfalto,No existe,II,Dentro,Urbana,Ninguna,No existe,Intersección,Bueno,Buena,Atardecer,Buen Tiempo,S/D,Peatón,Atropello,Ninguna,Faltante,Ninguna,Sin restricción,"-33.01489, -60.65198","['San Martin', 'Platini']",2,,-33.01489,-60.65198,55.0,538.0,Municipio Rosario,Municipio,Rosario,820210,Servicio de Catastro e Información Territorial,IGN