anio_acci,nro_acci,fecha,desc_dia,fecha_aprox,hora_aprox,desc_ruta,km,cant_participantes,desc_participante,calle_avenida_km,total,heridos_leves,heridos_graves,heridos_gravisimos,ilesos,fallecidos,sin_datos,posicion_XY,desc_tipo_via,desc_ruta_ori,desc_loc,desc_dpto,desc_tipo_calzada,desc_tipo_banquina,desc_unidad_regional,desc_lugar_calzada,desc_zona,desc_prioridad,desc_estado_semaforo,desc_lugar_via,desc_estado_via,desc_estado_visibilidad,desc_luminosidad,desc_estado_clima,desc_tipo_colision,desc_tipo_atropello,desc_tipo_hecho,desc_pres_calzada,desc_senializacion,desc_separacion_via,desc_restriccion,forma_geocod,calle_lista,numero_calles,calles_osm,lat,lon,index_right,gid,fna,gna,nam,in1,fdc,sag
2020,4643,2020-11-03,Martes,,18:50:00,,0.0,1,Automóvil,J.M.Gutierrez ,2,2,0,0,0,0,0,"-32.9944, -60.66098",S/D,,ROSARIO,Rosario,Asfalto,No existe,II,S/D,S/D,S/D,No existe,Curva,Bueno,Buena,Diurna,S/D,Otro,S/D,S/D,Ninguna,Faltante,S/D,Sin restricción,"-32.9944, -60.66098",['J M Gutierrez'],1,,-32.9944,-60.66098,55.0,538.0,Municipio Rosario,Municipio,Rosario,820210,Servicio de Catastro e Información Territorial,IGN
2020,4644,2020-08-08,Sabado,,14:30:00,,0.0,2,"Automóvil,Moto/Ciclomotor",España Y Montevideo,3,2,0,0,1,0,0,"-32.954643239499,-60.648957389788",Calle,,ROSARIO,Rosario,Asfalto,No existe,II,Dentro,Urbana,Semáforo,Funciona,Intersección,Bueno,Buena,Diurna,Buen Tiempo,Lateral,S/D,Colisión,Ninguna,"Horizontal,Vertical",Ninguna,Sin restricción,"-32.954643239499,-60.648957389788","['España', 'Montevideo']",2,,-32.954643239499,-60.648957389788,55.0,538.0,Municipio Rosario,Municipio,Rosario,820210,Servicio de Catastro e Información Territorial,IGN
2020,4645,2020-11-12,Jueves,,14:00:00,,0.0,2,"Moto/Ciclomotor,Pickup/Utilitario",Av. Bermudez Y Av. Arijon,3,0,1,0,2,0,0,"-33.00288, -60.64253",Calle,,ROSARIO,Rosario,Asfalto,No existe,II,Dentro,Urbana,Ninguna,No existe,Intersección,Bueno,Buena,Diurna,Buen Tiempo,Lateral,S/D,Colisión,Ninguna,Faltante,Ninguna,Sin restricción,"-33.00288, -60.64253","['Bermudez', 'Avenida Manuel Arijón']",2,,-33.00288,-60.64253,55.0,538.0,Municipio Rosario,Municipio,Rosario,820210,Servicio de Catastro e Información Territorial,IGN
2020,4646,2020-11-03,Martes,,09:25:00,,0.0,1,Moto/Ciclomotor,Av. Ntra.Sra.del Rosario Y Av. Circunvalacion,2,2,0,0,0,0,0,"-32.99994, -60.65094",Calle,,ROSARIO,Rosario,Asfalto,No existe,II,Dentro,Urbana,Ninguna,No existe,Intersección,Bueno,Buena,Diurna,Buen Tiempo,S/D,S/D,Otro,Ninguna,Faltante,Guardarrail,Sin restricción,"-32.99994, -60.65094","['Nuestra Señora del Rosario', 'Circunvalacion']",2,,-32.99994,-60.65094,55.0,538.0,Municipio Rosario,Municipio,Rosario,820210,Servicio de Catastro e Información Territorial,IGN
2020,4647,2020-11-01,Domingo,,04:30:00,,0.0,2,"Moto/Ciclomotor,Taxi/Remis",Dr.Rivas Y Castellanos,2,1,0,0,1,0,0,"-32.97705, -60.6844",Calle,,ROSARIO,Rosario,Asfalto,S/D,II,S/D,Urbana,S/D,S/D,Intersección,S/D,S/D,S/D,S/D,S/D,S/D,S/D,S/D,S/D,S/D,S/D,"-32.97705, -60.6844","['Doctor Francisco Riva', 'Aaron Castellanos']",2,,-32.97705,-60.6844,55.0,538.0,Municipio Rosario,Municipio,Rosario,820210,Servicio de Catastro e Información Territorial,IGN
2020,4648,2020-11-13,Viernes,,21:50:00,,0.0,2,"Moto/Ciclomotor,Automóvil",Paraguay Y Av. Uriburu,3,1,0,0,1,0,1,"-32.99101, -60.65524",Calle,,ROSARIO,Rosario,S/D,No existe,II,Dentro,Urbana,Ninguna,No existe,Intersección,S/D,Buena,Nocturna,Buen Tiempo,Frontal,S/D,Colisión,Ninguna,Faltante,Ninguna,Sin restricción,"-32.99101, -60.65524","['Paraguay', 'Uriburu']",2,,-32.99101,-60.65524,55.0,538.0,Municipio Rosario,Municipio,Rosario,820210,Servicio de Catastro e Información Territorial,IGN
2020,4649,2020-11-04,Miercoles,,16:25:00,,0.0,2,"Bicicleta,Pickup/Utilitario",Echeverria Bis Y Av. Luis Carballo,2,1,0,0,1,0,0,"-32.92186, -60.67227",S/D,,ROSARIO,Rosario,Asfalto,S/D,II,S/D,S/D,Semáforo,S/D,Intersección,Bueno,S/D,S/D,Buen Tiempo,S/D,Ciclista,Atropello,S/D,Horizontal,S/D,S/D,"-32.92186, -60.67227","['Echeverría', 'Avenida Doctor Luis Cándido Carballo']",2,,-32.92186,-60.67227,55.0,538.0,Municipio Rosario,Municipio,Rosario,820210,Servicio de Catastro e Información Territorial,IGN
2020,4651,2020-11-12,Jueves,,16:00:00,,0.0,1,Moto/Ciclomotor,Bv. Segui Y Pte.Roca,1,1,0,0,0,0,0,"-32.97792, -60.65339",Calle,,ROSARIO,Rosario,Asfalto,No existe,II,Dentro,Urbana,Ninguna,No existe,Intersección,Bueno,Buena,Diurna,Buen Tiempo,S/D,S/D,Cañda ocupante,Ninguna,Faltante,Ninguna,Sin restricción,"-32.97792, -60.65339","['Bulevar Juan Francisco Seguí', 'Roca']",2,,-32.97792,-60.65339,55.0,538.0,Municipio Rosario,Municipio,Rosario,820210,Servicio de Catastro e Información Territorial,IGN
2020,4652,2020-11-15,Domingo,,05:50:00,,0.0,1,Moto/Ciclomotor,San Martin Y Rueda,2,2,0,0,0,0,0,"-32.97129, -60.64283",Calle,,ROSARIO,Rosario,Asfalto,No existe,II,S/D,Urbana,Ninguna,No existe,Intersección,Bueno,Buena,"Amanecer,Con luz artificial",Buen Tiempo,S/D,S/D,Cañda ocupante,Ninguna,Faltante,Cordón divisorio,Sin restricción,"-32.97129, -60.64283","['San Martin', 'Rueda']",2,,-32.97129,-60.64283,55.0,538.0,Municipio Rosario,Municipio,Rosario,820210,Servicio de Catastro e Información Territorial,IGN
2020,4653,2020-11-02,Lunes,,15:50:00,,0.0,3,"Automóvil,Automóvil,Automóvil",Av. Ovidio Lagos Y Av. Pte.Peron,4,2,0,0,2,0,0,"-32.95435, -60.6646",Calle,,ROSARIO,Rosario,Asfalto,S/D,II,S/D,Urbana,S/D,S/D,Recta,S/D,S/D,S/D,S/D,S/D,S/D,S/D,S/D,S/D,S/D,S/D,"-32.95435, -60.6646","['Avenida Ovidio Lagos', 'Avenida Presidente Perón']",2,,-32.95435,-60.6646,55.0,538.0,Municipio Rosario,Municipio,Rosario,820210,Servicio de Catastro e Información Territorial,IGN
2020,4654,2020-11-14,Sabado,,02:15:00,,0.0,2,"Moto/Ciclomotor,Automóvil",Hilarion de la Quintana Y Pavon,3,2,0,0,1,0,0,"-33.00052, -60.63414",Calle,,ROSARIO,Rosario,Asfalto,No existe,II,Dentro,Urbana,Ninguna,No existe,Intersección,Bueno,Buena,"Nocturna,Con luz artificial",Buen Tiempo,Lateral,S/D,Colisión,Ninguna,Faltante,Ninguna,Sin restricción,"-33.00052, -60.63414","['Hilarión de la Quintana', 'Pavón']",2,,-33.00052,-60.63414,55.0,538.0,Municipio Rosario,Municipio,Rosario,820210,Servicio de Catastro e Información Territorial,IGN
2020,4655,2020-08-13,Jueves,,11:55:00,,0.0,2,"Moto/Ciclomotor,Automóvil",Salta Y Suipacha,2,1,1,0,0,0,0,"-32.934788393906,-60.662395009516",Calle,,ROSARIO,Rosario,Asfalto,No existe,II,Dentro,Urbana,Semáforo,Funciona,Intersección,Bueno,Buena,Diurna,Buen Tiempo,Lateral,S/D,Colisión,Ninguna,Vertical,Ninguna,Sin restricción,"-32.934788393906,-60.662395009516","['Salta', 'Suipacha']",2,,-32.934788393906,-60.662395009516,55.0,538.0,Municipio Rosario,Municipio,Rosario,820210,Servicio de Catastro e Información Territorial,IGN
2020,4657,2020-11-03,Martes,,23:30:00,,0.0,2,"Moto/Ciclomotor,Automóvil",Urquiza Y Bv. Oro�o,2,1,0,0,1,0,0,"-32.94024, -60.65255",Calle,,ROSARIO,Rosario,S/D,S/D,II,S/D,Urbana,S/D,S/D,S/D,S/D,S/D,S/D,S/D,S/D,S/D,S/D,S/D,S/D,S/D,S/D,"-32.94024, -60.65255","['Urquiza', 'Bulevar Nicasio Oroño']",2,,-32.94024,-60.65255,55.0,538.0,Municipio Rosario,Municipio,Rosario,820210,Servicio de Catastro e Información Territorial,IGN
2020,4658,2020-11-14,Sabado,,18:45:00,,0.0,2,"Bicicleta,Automóvil",Grandoli Y Dr.Rivas,2,1,0,0,1,0,0,"-32.98712, -60.62834",Avenida,,ROSARIO,Rosario,Asfalto,No existe,II,Dentro,Urbana,Ninguna,No existe,Intersección,Bueno,Buena,"Atardecer,Con luz artificial",Buen Tiempo,S/D,Ciclista,Atropello,Ninguna,Faltante,Ninguna,Sin restricción,"-32.98712, -60.62834","['Avenida Abanderado Grandoli', 'Doctor Francisco Riva']",2,,-32.98712,-60.62834,55.0,538.0,Municipio Rosario,Municipio,Rosario,820210,Servicio de Catastro e Información Territorial,IGN
2020,4659,2020-08-16,Domingo,,19:30:00,,0.0,1,Transporte de Pasajeros Urbano (> 8 asientos),Irma Peyrano Y Palliere,2,1,0,0,1,0,0,"-32.88720577955246,-60.716006755828",Calle,,ROSARIO,Rosario,Hormigón,No existe,II,Dentro,Urbana,Ninguna,No existe,Recta,Bueno,Buena,Diurna,Buen Tiempo,S/D,S/D,Cañda ocupante,Ninguna,Faltante,Ninguna,Sin restricción,"-32.88720577955246,-60.716006755828","['Irma Peirano', 'Palliere']",2,,-32.88720577955246,-60.716006755828,55.0,538.0,Municipio Rosario,Municipio,Rosario,820210,Servicio de Catastro e Información Territorial,IGN
2020,4661,2020-11-13,Viernes,,17:30:00,,0.0,2,"Moto/Ciclomotor,Automóvil",Hilarion de la Quintana Y Mitre,3,0,1,0,2,0,0,"-33.00096, -60.65043",Calle,,ROSARIO,Rosario,Asfalto,No existe,II,Dentro,Urbana,Ninguna,No existe,Intersección,Bueno,Buena,Diurna,Buen Tiempo,Lateral,S/D,Colisión,Ninguna,Faltante,Ninguna,Sin restricción,"-33.00096, -60.65043","['Hilarión de la Quintana', 'Mitre']",2,,-33.00096,-60.65043,55.0,538.0,Municipio Rosario,Municipio,Rosario,820210,Servicio de Catastro e Información Territorial,IGN
2020,4662,2020-10-30,Viernes,,07:30:00,,0.0,2,"Moto/Ciclomotor,Automóvil", ,2,0,1,0,1,0,0,"    -32.95887, -60.69314",Calle,,ROSARIO,Rosario,S/D,Pavimento,II,Dentro,Urbana,Ninguna,S/D,Intersección,Bueno,S/D,Diurna,S/D,S/D,S/D,Colisión,S/D,S/D,Ninguna,Sin restricción,"    -32.95887, -60.69314",[''],0,,-32.95887,-60.69314,55.0,538.0,Municipio Rosario,Municipio,Rosario,820210,Servicio de Catastro e Información Territorial,IGN
2020,4663,2020-11-03,Martes,,02:50:00,,0.0,1,Moto/Ciclomotor,Cordoba 3700,1,1,0,0,0,0,0,"-32.94009, -60.67366",Calle,,ROSARIO,Rosario,Asfalto,No existe,II,S/D,Urbana,Ninguna,No existe,Recta,Bueno,Buena,Nocturna,Buen Tiempo,Contra objeto fijo,S/D,Colisión,Ninguna,Faltante,Ninguna,Sin restricción,"-32.94009, -60.67366",['Cordoba 3700'],1,,-32.94009,-60.67366,55.0,538.0,Municipio Rosario,Municipio,Rosario,820210,Servicio de Catastro e Información Territorial,IGN
2020,4665,2020-11-05,Jueves,,13:40:00,,0.0,2,"Moto/Ciclomotor,Moto/Ciclomotor",Cordoba Y Suipacha,2,2,0,0,0,0,0,"-32.94176, -60.66421",Calle,,ROSARIO,Rosario,Asfalto,No existe,II,S/D,Urbana,Ninguna,No existe,Intersección,Bueno,Buena,Diurna,Buen Tiempo,De alcance,S/D,Colisión,Ninguna,Faltante,Ninguna,Sin restricción,"-32.94176, -60.66421","['Córdoba', 'Suipacha']",2,,-32.94176,-60.66421,55.0,538.0,Municipio Rosario,Municipio,Rosario,820210,Servicio de Catastro e Información Territorial,IGN
2020,4669,2020-11-05,Jueves,,14:45:00,,0.0,1,Moto/Ciclomotor,Castellanos Y San Juan,2,1,0,0,1,0,0,"-32.9436, -60.676",Calle,,ROSARIO,Rosario,Asfalto,No existe,II,Dentro,Urbana,Ninguna,No existe,Recta,Bueno,Buena,Diurna,Buen Tiempo,S/D,S/D,Vuelco,Ninguna,Faltante,Ninguna,Sin restricción,"-32.9436, -60.676","['Aaron Castellanos', 'San Juan']",2,,-32.9436,-60.676,55.0,538.0,Municipio Rosario,Municipio,Rosario,820210,Servicio de Catastro e Información Territorial,IGN
2020,4671,2020-08-07,Viernes,,19:00:00,,0.0,2,"Automóvil,Moto/Ciclomotor",Av. Sorrento Y Casiano Casas,2,1,0,0,1,0,0,"-32.907228362143,-60.695850844358",Avenida,,ROSARIO,Rosario,Asfalto,No existe,II,Dentro,Urbana,Semáforo,Funciona,Intersección,Deteriorada,Reducida,"Nocturna,Con luz artificial",Lluvia,S/D,S/D,Colisión,Agua,"Horizontal,Vertical",Cordón divisorio,S/D,"-32.907228362143,-60.695850844358","['Sorrento', 'Avenida Casiano Casas']",2,,-32.907228362143,-60.695850844358,55.0,538.0,Municipio Rosario,Municipio,Rosario,820210,Servicio de Catastro e Información Territorial,IGN
2020,4672,2020-08-08,Sabado,,09:40:00,,0.0,2,"Moto/Ciclomotor,Automóvil",Balcarce Y Bv. Rondeau,2,1,0,0,1,0,0,"-32.891547358881,-60.69338047535",Avenida,,ROSARIO,Rosario,Asfalto,No existe,II,Dentro,Urbana,Semáforo,Funciona,Intersección,Bueno,Buena,Diurna,Buen Tiempo,S/D,S/D,Colisión,Ninguna,"Horizontal,Vertical",Cordón divisorio,S/D,"-32.891547358881,-60.69338047535","['Balcarce', 'Rondeau']",2,,-32.891547358881,-60.69338047535,55.0,538.0,Municipio Rosario,Municipio,Rosario,820210,Servicio de Catastro e Información Territorial,IGN
2020,4673,2020-10-26,Lunes,,14:25:00,,0.0,2,"Moto/Ciclomotor,Automóvil",Bv. Segui Y Av. Francia,2,1,0,0,1,0,0,"    -32.97422, -60.67387",Avenida,,ROSARIO,Rosario,Asfalto,No existe,II,Dentro,Urbana,Ninguna,Funciona,Intersección,Bueno,Buena,Diurna,Buen Tiempo,Lateral,S/D,Colisión,Ninguna,Faltante,Línea divisoria pintada,Sin restricción,"    -32.97422, -60.67387","['Bulevar Juan Francisco Seguí', 'Avenida Francia']",2,,-32.97422,-60.67387,55.0,538.0,Municipio Rosario,Municipio,Rosario,820210,Servicio de Catastro e Información Territorial,IGN
2020,4680,2020-08-24,Lunes,,17:20:00,,0.0,2,"Moto/Ciclomotor,Bicicleta",Bv. Avellaneda Bis 85,2,2,0,0,0,0,0,"-32.928250277649,-60.676500813331",Avenida,,ROSARIO,Rosario,Asfalto,No existe,II,Dentro,Urbana,Semáforo,Funciona,Recta,Bueno,Buena,Atardecer,Buen Tiempo,S/D,Ciclista,Atropello,Ninguna,Vertical,Cordón divisorio,Sin restricción,"-32.928250277649,-60.676500813331",['Avellaneda Bis 85'],1,,-32.928250277649,-60.676500813331,55.0,538.0,Municipio Rosario,Municipio,Rosario,820210,Servicio de Catastro e Información Territorial,IGN
2020,4681,2020-08-01,Sabado,,20:50:00,,0.0,2,"Automóvil,Moto/Ciclomotor",Av. Genova Y Onesimo Leguizamon,2,1,0,0,1,0,0,"-32.914978011918,-60.677841663408",Avenida,,ROSARIO,Rosario,Asfalto,No existe,II,Dentro,Urbana,Ninguna,No existe,Recta,Con baches,Reducida polvo,Nocturna,Otro,Frontal,S/D,Colisión,Ninguna,Faltante,Ninguna,S/D,"-32.914978011918,-60.677841663408","['Genova', 'Leguizamón']",2,,-32.914978011918,-60.677841663408,55.0,538.0,Municipio Rosario,Municipio,Rosario,820210,Servicio de Catastro e Información Territorial,IGN
2020,4682,2020-08-17,Lunes,,17:50:00,,0.0,2,"Moto/Ciclomotor,Automóvil",Cordoba Y España,2,1,0,0,1,0,0,"-32.94492200545,-60.646518899825",Calle,,ROSARIO,Rosario,Asfalto,No existe,II,Dentro,Urbana,Semáforo,Funciona,Intersección,Bueno,Buena,Diurna,Buen Tiempo,Lateral,S/D,Colisión,Ninguna,"Horizontal,Vertical",Ninguna,Sin restricción,"-32.94492200545,-60.646518899825","['Córdoba', 'España']",2,,-32.94492200545,-60.646518899825,55.0,538.0,Municipio Rosario,Municipio,Rosario,820210,Servicio de Catastro e Información Territorial,IGN
2020,4684,2020-10-26,Lunes,,17:30:00,,0.0,2,"Automóvil,Pickup/Utilitario",Ricardo Gutierrez Y Av. Ovidio Lagos,2,1,0,0,1,0,0,"    -32.99479, -60.67408",Calle,,ROSARIO,Rosario,Asfalto,No existe,II,Dentro,Urbana,Ninguna,No existe,Intersección,Con baches,Buena,Atardecer,Buen Tiempo,Lateral,S/D,Colisión,Ninguna,Faltante,Ninguna,Sin restricción,"    -32.99479, -60.67408","['Ricardo Gutierrez', 'Avenida Ovidio Lagos']",2,,-32.99479,-60.67408,55.0,538.0,Municipio Rosario,Municipio,Rosario,820210,Servicio de Catastro e Información Territorial,IGN
2020,4686,2020-10-26,Lunes,,02:40:00,,0.0,2,"Moto/Ciclomotor,Otros",Av. Battle y Ordo�ez Y Laprida,2,1,0,0,0,0,1,"    -33.00888, -60.64671",Avenida,,ROSARIO,Rosario,Asfalto,S/D,II,Dentro,Urbana,S/D,Intermitente,Intersección,S/D,Buena,Nocturna,Buen Tiempo,Otro,S/D,Colisión,Ninguna,S/D,S/D,S/D,"    -33.00888, -60.64671","['Avenida Battle y Ordoñez', 'Laprida']",2,,-33.00888,-60.64671,55.0,538.0,Municipio Rosario,Municipio,Rosario,820210,Servicio de Catastro e Información Territorial,IGN
2020,4687,2020-10-26,Lunes,,08:40:00,,0.0,2,"Moto/Ciclomotor,Automóvil",Pte.Roca A Y Dr.Rivas,2,1,0,0,1,0,0,"    -32.98244, -60.65449",Calle,,ROSARIO,Rosario,Asfalto,S/D,II,Dentro,Urbana,Ninguna,No existe,Intersección,Bueno,Buena,Diurna,Buen Tiempo,Lateral,S/D,Colisión,Ninguna,Faltante,Ninguna,Sin restricción,"    -32.98244, -60.65449","['Roca', 'Doctor Francisco Riva']",2,,-32.98244,-60.65449,55.0,538.0,Municipio Rosario,Municipio,Rosario,820210,Servicio de Catastro e Información Territorial,IGN
2020,4688,2020-08-21,Viernes,,15:35:00,,0.0,2,"Moto/Ciclomotor,Automóvil",AV DE LA COSTA ESTANISLAO LOPEZ  2600,3,2,0,0,1,0,0,"-32.92796194553377,-60.655995011329",Avenida,,ROSARIO,Rosario,Asfalto,No existe,II,Dentro,Urbana,Semáforo,Funciona,Recta,Bueno,Buena,Diurna,Buen Tiempo,De alcance,S/D,Colisión,Ninguna,"Horizontal,Vertical",Ninguna,Sin restricción,"-32.92796194553377,-60.655995011329",['De La Costa Estanislao Lopez 2600'],1,,-32.92796194553377,-60.655995011329,55.0,538.0,Municipio Rosario,Municipio,Rosario,820210,Servicio de Catastro e Información Territorial,IGN
2020,4689,2020-08-12,Miercoles,,17:30:00,,0.0,2,"Moto/Ciclomotor,Automóvil",E.Zeballos Y Lima,3,2,0,0,1,0,0,"-32.946917813732,-60.685362883789",Calle,,ROSARIO,Rosario,Asfalto,No existe,II,Dentro,Urbana,Ninguna,No existe,Intersección,Bueno,Buena,Diurna,Buen Tiempo,Lateral,S/D,Colisión,Ninguna,Faltante,Ninguna,Sin restricción,"-32.946917813732,-60.685362883789","['Zeballos', 'Lima']",2,,-32.946917813732,-60.685362883789,55.0,538.0,Municipio Rosario,Municipio,Rosario,820210,Servicio de Catastro e Información Territorial,IGN
2020,4692,2020-11-06,Viernes,,15:35:00,,0.0,2,"Moto/Ciclomotor,Automóvil",Cordoba Y Santiago,2,1,0,0,1,0,0,"-32.94328, -60.65597",Calle,,ROSARIO,Rosario,Asfalto,No existe,II,Dentro,Urbana,Semáforo,Funciona,S/D,Bueno,Buena,Diurna,Buen Tiempo,Lateral,S/D,Colisión,Ninguna,Faltante,Ninguna,Sin restricción,"-32.94328, -60.65597","['Córdoba', 'Santiago']",2,,-32.94328,-60.65597,55.0,538.0,Municipio Rosario,Municipio,Rosario,820210,Servicio de Catastro e Información Territorial,IGN
2020,4694,2020-08-19,Miercoles,,10:15:00,,0.0,2,"Peatón,Taxi/Remis",Italia Y San Lorenzo,2,1,0,0,1,0,0,"-32.942394941334,-60.647298229963",Calle,,ROSARIO,Rosario,Asfalto,No existe,II,Dentro,Urbana,Semáforo,Funciona,Intersección,Bueno,Buena,Diurna,Buen Tiempo,S/D,Peatón,Atropello,Ninguna,"Horizontal,Vertical",Ninguna,Sin restricción,"-32.942394941334,-60.647298229963","['Italia', 'San Lorenzo']",2,,-32.942394941334,-60.647298229963,55.0,538.0,Municipio Rosario,Municipio,Rosario,820210,Servicio de Catastro e Información Territorial,IGN
2020,4695,2020-08-10,Lunes,,12:10:00,,0.0,2,"Automóvil,Moto/Ciclomotor",Bahia Blanca Bis Y Pje. Alemania,2,1,0,0,1,0,0,"-32.927677356086,-60.688551741014",Calle,,ROSARIO,Rosario,Asfalto,No existe,II,Dentro,Urbana,Señal Ceda el Paso,No existe,Intersección,Bueno,Buena,Diurna,Buen Tiempo,Lateral,S/D,Colisión,Ninguna,Vertical,Ninguna,Sin restricción,"-32.927677356086,-60.688551741014","['Bahía Blanca', 'Alemania']",2,,-32.927677356086,-60.688551741014,55.0,538.0,Municipio Rosario,Municipio,Rosario,820210,Servicio de Catastro e Información Territorial,IGN
2020,4698,2020-08-18,Martes,,17:55:00,,0.0,2,"Bicicleta,Pickup/Utilitario",L.N.Alem Y 3 De Febrero,2,1,0,0,1,0,0,"-32.954428180424,-60.629899444505",Calle,,ROSARIO,Rosario,Asfalto,No existe,II,Dentro,Urbana,Señal Pare,No existe,Intersección,Bueno,Buena,Diurna,Buen Tiempo,S/D,Ciclista,Atropello,Ninguna,Vertical,Ninguna,Sin restricción,"-32.954428180424,-60.629899444505","['Alem', '3 de Febrero']",2,,-32.954428180424,-60.629899444505,55.0,538.0,Municipio Rosario,Municipio,Rosario,820210,Servicio de Catastro e Información Territorial,IGN
2020,4699,2020-11-07,Sabado,,12:00:00,,0.0,2,"Pickup/Utilitario,Pickup/Utilitario",España 1300,2,1,0,0,1,0,0,"-32.95137, -60.64814",Calle,,ROSARIO,Rosario,Asfalto,No existe,II,Dentro,Urbana,S/D,S/D,Recta,Bueno,Buena,Diurna,Buen Tiempo,De alcance,S/D,Colisión,Ninguna,S/D,Ninguna,Sin restricción,"-32.95137, -60.64814",['España 1300'],1,,-32.95137,-60.64814,55.0,538.0,Municipio Rosario,Municipio,Rosario,820210,Servicio de Catastro e Información Territorial,IGN
2020,4701,2020-10-25,Domingo,,03:50:00,,0.0,2,"Moto/Ciclomotor,Moto/Ciclomotor",Serrano Y Reg.11 de Infanteria,2,1,0,0,1,0,0,"    -32.99729, -60.63196",Calle,,ROSARIO,Rosario,Asfalto,S/D,II,Dentro,Urbana,Ninguna,No existe,Otro,Bueno,Buena,Nocturna,Buen Tiempo,Lateral,S/D,Colisión,Ninguna,Faltante,Ninguna,Sin restricción,"    -32.99729, -60.63196","['Serrano', 'Regimiento 11']",2,,-32.99729,-60.63196,55.0,538.0,Municipio Rosario,Municipio,Rosario,820210,Servicio de Catastro e Información Territorial,IGN
2020,4702,2020-09-03,Jueves,,16:40:00,,0.0,2,"Moto/Ciclomotor,Moto/Ciclomotor",Florida Y Harding,2,2,0,0,0,0,0,"-32.92880981571,-60.683200470086",Calle,,ROSARIO,Rosario,Asfalto,No existe,II,Dentro,Urbana,Ninguna,No existe,Intersección,Bueno,Buena,Nocturna,Buen Tiempo,Lateral,S/D,Colisión,Ninguna,Faltante,Ninguna,Sin restricción,"-32.92880981571,-60.683200470086","['Florida', 'Harding']",2,,-32.92880981571,-60.683200470086,55.0,538.0,Municipio Rosario,Municipio,Rosario,820210,Servicio de Catastro e Información Territorial,IGN
2020,4706,2020-10-28,Miercoles,,17:45:00,,0.0,2,"Moto/Ciclomotor,Automóvil", ,2,1,0,0,1,0,0,"    -32.97496, -60.62923",Calle,,ROSARIO,Rosario,S/D,No existe,II,Dentro,Urbana,Ninguna,No existe,Intersección,Bueno,Buena,Diurna,Buen Tiempo,Lateral,S/D,Colisión,Ninguna,Faltante,Ninguna,Sin restricción,"    -32.97496, -60.62923",[''],0,,-32.97496,-60.62923,55.0,538.0,Municipio Rosario,Municipio,Rosario,820210,Servicio de Catastro e Información Territorial,IGN
2020,4708,2020-08-18,Martes,,15:30:00,,0.0,2,"Moto/Ciclomotor,Automóvil",Av. Francia Y Jujuy,2,1,0,0,1,0,0,"-32.933376037453,-60.663345712481",Avenida,,ROSARIO,Rosario,Asfalto,No existe,II,Dentro,Urbana,Ninguna,No existe,Intersección,Bueno,Buena,Diurna,Buen Tiempo,Lateral,S/D,Colisión,Ninguna,Faltante,"Cordón divisorio,Vegetación",Sin restricción,"-32.933376037453,-60.663345712481","['Avenida Francia', 'Jujuy']",2,,-32.933376037453,-60.663345712481,55.0,538.0,Municipio Rosario,Municipio,Rosario,820210,Servicio de Catastro e Información Territorial,IGN
2020,4709,2020-08-10,Lunes,,11:30:00,,0.0,2,"Bicicleta,Pickup/Utilitario",Av. Luis Carballo Y Bv. Avellaneda,2,1,0,0,1,0,0,"-32.921931622257,-60.674894827049",Avenida,,ROSARIO,Rosario,Asfalto,No existe,II,Dentro,Urbana,Semáforo,Funciona,Intersección,Bueno,Buena,Diurna,Buen Tiempo,S/D,Ciclista,Atropello,Ninguna,"Horizontal,Vertical",Cordón divisorio,Sin restricción,"-32.921931622257,-60.674894827049","['Avenida Doctor Luis Cándido Carballo', 'Avellaneda']",2,,-32.921931622257,-60.674894827049,55.0,538.0,Municipio Rosario,Municipio,Rosario,820210,Servicio de Catastro e Información Territorial,IGN
2020,4710,2020-10-18,Domingo,,12:00:00,,0.0,2,"Automóvil,Moto/Ciclomotor",Schweitzer 8300,2,0,1,0,1,0,0,"-32.91394, -60.74166",Calle,,ROSARIO,Rosario,Asfalto,No existe,II,Dentro,Urbana,Ninguna,No existe,Recta,Bueno,Buena,Diurna,S/D,Frontal,S/D,Colisión,S/D,Faltante,Ninguna,Sin restricción,"-32.91394, -60.74166",['Schweitzer 8300'],1,,-32.91394,-60.74166,55.0,538.0,Municipio Rosario,Municipio,Rosario,820210,Servicio de Catastro e Información Territorial,IGN
2020,4711,2020-10-27,Martes,,17:00:00,,0.0,2,"Automóvil,Bicicleta",Av. Luis Carballo 400,3,1,0,0,2,0,0,"    -32.92178, -60.66941",Avenida,,ROSARIO,Rosario,Asfalto,S/D,II,S/D,Urbana,S/D,S/D,Recta,Bueno,Buena,Diurna,Buen Tiempo,S/D,Ciclista,Atropello,Ninguna,Vertical,Cordón divisorio,S/D,"    -32.92178, -60.66941",['Luis Carballo 400'],1,,-32.92178,-60.66941,55.0,538.0,Municipio Rosario,Municipio,Rosario,820210,Servicio de Catastro e Información Territorial,IGN