anio_acci,nro_acci,fecha,desc_dia,fecha_aprox,hora_aprox,desc_ruta,km,cant_participantes,desc_participante,calle_avenida_km,total,heridos_leves,heridos_graves,heridos_gravisimos,ilesos,fallecidos,sin_datos,posicion_XY,desc_tipo_via,desc_ruta_ori,desc_loc,desc_dpto,desc_tipo_calzada,desc_tipo_banquina,desc_unidad_regional,desc_lugar_calzada,desc_zona,desc_prioridad,desc_estado_semaforo,desc_lugar_via,desc_estado_via,desc_estado_visibilidad,desc_luminosidad,desc_estado_clima,desc_tipo_colision,desc_tipo_atropello,desc_tipo_hecho,desc_pres_calzada,desc_senializacion,desc_separacion_via,desc_restriccion,forma_geocod,calle_lista,numero_calles,calles_osm,lat,lon,index_right,gid,fna,gna,nam,in1,fdc,sag
2020,4714,2020-10-26,Lunes,,09:15:00,,0.0,2,"Automóvil,Moto/Ciclomotor",Bv. Rondeau Y Av. Portugal,2,1,0,0,1,0,0,"    -32.9143, -60.68618",Avenida,,ROSARIO,Rosario,Asfalto,S/D,II,S/D,Urbana,S/D,S/D,Intersección,Bueno,S/D,Diurna,S/D,Lateral,S/D,Colisión,S/D,Vertical,Cordón divisorio,Sin restricción,"    -32.9143, -60.68618","['Rondeau', 'Portugal']",2,,-32.9143,-60.68618,55.0,538.0,Municipio Rosario,Municipio,Rosario,820210,Servicio de Catastro e Información Territorial,IGN
2020,4715,2020-10-18,Domingo,,10:20:00,,0.0,2,"Moto/Ciclomotor,Automóvil",Pasco Y Nicaragua,2,1,0,0,1,0,0,"-32.95118, -60.72029",Calle,,ROSARIO,Rosario,Asfalto,Pavimento,II,S/D,Urbana,Ninguna,No existe,Intersección,Bueno,Buena,Diurna,Buen Tiempo,S/D,S/D,Colisión,S/D,Faltante,Ninguna,Sin restricción,"-32.95118, -60.72029","['Pasco', 'Nicaragua']",2,,-32.95118,-60.72029,55.0,538.0,Municipio Rosario,Municipio,Rosario,820210,Servicio de Catastro e Información Territorial,IGN
2020,4718,2020-10-18,Domingo,,21:15:00,,0.0,2,"Moto/Ciclomotor,Peatón",Juan Pablo II Y Dean Funes,2,1,0,0,0,0,1,"-32.96763, -60.71784",Calle,,ROSARIO,Rosario,S/D,Pavimento,II,S/D,Urbana,Ninguna,No existe,Intersección,Bueno,Buena,Nocturna,Buen Tiempo,S/D,Peatón,Atropello,Ninguna,Faltante,Ninguna,Sin restricción,"-32.96763, -60.71784","['Juan Pablo II', 'Deán Gregorio Funes']",2,,-32.96763,-60.71784,55.0,538.0,Municipio Rosario,Municipio,Rosario,820210,Servicio de Catastro e Información Territorial,IGN
2020,4719,2020-07-01,Miercoles,,11:24:00,,0.0,2,"Automóvil,Moto/Ciclomotor",J.J.Paso Y Acevedo Bis,2,0,0,0,1,1,0,"-32.9212, -60.74912",Calle,,ROSARIO,Rosario,Asfalto,No existe,II,Dentro,Urbana,Ninguna,No existe,Intersección,Bueno,Buena,Diurna,Buen Tiempo,S/D,S/D,Colisión,Ninguna,Faltante,Ninguna,Sin restricción,"-32.9212, -60.74912","['Paso', 'Acevedo']",2,,-32.9212,-60.74912,55.0,538.0,Municipio Rosario,Municipio,Rosario,820210,Servicio de Catastro e Información Territorial,IGN
2020,4721,2020-08-19,Miercoles,,07:50:00,,0.0,2,"Bicicleta,Automóvil",Cordoba Y Italia,2,1,0,0,1,0,0,"-32.944677595319,-60.647870822738",Calle,,ROSARIO,Rosario,Asfalto,No existe,II,Dentro,Urbana,Ninguna,No existe,Intersección,Bueno,Buena,Diurna,Buen Tiempo,S/D,Ciclista,Atropello,Ninguna,Faltante,Ninguna,Sin restricción,"-32.944677595319,-60.647870822738","['Córdoba', 'Italia']",2,,-32.944677595319,-60.647870822738,55.0,538.0,Municipio Rosario,Municipio,Rosario,820210,Servicio de Catastro e Información Territorial,IGN
2020,4722,2020-10-31,Sabado,,20:30:00,,0.0,2,"Automóvil,Moto/Ciclomotor",Grandoli Y Nicolas Laguna,3,2,0,0,1,0,0,"    -32.88691, -60.72414",Calle,,ROSARIO,Rosario,Asfalto,S/D,II,S/D,Urbana,Ninguna,S/D,Intersección,Bueno,S/D,Diurna,Buen Tiempo,S/D,S/D,Colisión,Ninguna,S/D,Ninguna,Sin restricción,"    -32.88691, -60.72414","['Avenida Abanderado Grandoli', 'Laguna']",2,,-32.88691,-60.72414,55.0,538.0,Municipio Rosario,Municipio,Rosario,820210,Servicio de Catastro e Información Territorial,IGN
2020,4723,2020-10-18,Domingo,,19:45:00,,0.0,2,"Moto/Ciclomotor,Automóvil",Bv. Oroño Y Lugones,4,2,0,0,2,0,0,"-32.95829, -60.65703",Avenida,,ROSARIO,Rosario,Asfalto,No existe,II,Dentro,Urbana,Ninguna,No existe,Intersección,Bueno,Buena,Diurna,Buen Tiempo,Lateral,S/D,Colisión,Ninguna,Faltante,Ninguna,Sin restricción,"-32.95829, -60.65703","['Bulevar Nicasio Oroño', 'Lugones']",2,,-32.95829,-60.65703,55.0,538.0,Municipio Rosario,Municipio,Rosario,820210,Servicio de Catastro e Información Territorial,IGN
2020,4727,2020-08-21,Viernes,,11:00:00,,0.0,2,"Moto/Ciclomotor,Automóvil",Av. Belgrano Y Cordoba,2,1,0,0,1,0,0,"-32.948297257299,-60.629055297378",Avenida,,ROSARIO,Rosario,Asfalto,No existe,II,Dentro,Urbana,Ninguna,No existe,Recta,Bueno,Buena,Diurna,Buen Tiempo,De alcance,S/D,Colisión,Ninguna,Faltante,Ninguna,Sin restricción,"-32.948297257299,-60.629055297378","['Belgrano', 'Córdoba']",2,,-32.948297257299,-60.629055297378,55.0,538.0,Municipio Rosario,Municipio,Rosario,820210,Servicio de Catastro e Información Territorial,IGN
2020,4729,2020-08-22,Sabado,,20:50:00,,0.0,2,"Moto/Ciclomotor,Moto/Ciclomotor",Alberdi Y J.J.Paso,2,2,0,0,0,0,0,"-32.919319868087776,-60.68220555782",Calle,,ROSARIO,Rosario,Asfalto,No existe,II,Dentro,Urbana,Semáforo,Funciona,Intersección,Bueno,Buena,Nocturna,Buen Tiempo,Lateral,S/D,Colisión,Ninguna,"Horizontal,Vertical",Cordón divisorio,Sin restricción,"-32.919319868087776,-60.68220555782","['Alberdi', 'Paso']",2,,-32.919319868087776,-60.68220555782,55.0,538.0,Municipio Rosario,Municipio,Rosario,820210,Servicio de Catastro e Información Territorial,IGN
2020,4730,2020-11-05,Jueves,,16:40:00,,0.0,2,"Moto/Ciclomotor,Otros",Garcia del Cossio Bis Y La Republica,3,1,0,0,2,0,0,"-32.91952, -60.74664",Calle,,ROSARIO,Rosario,Asfalto,No existe,II,Dentro,Urbana,Ninguna,No existe,Intersección,Bueno,Buena,Diurna,Buen Tiempo,S/D,S/D,Colisión,Ninguna,Faltante,Ninguna,Sin restricción,"-32.91952, -60.74664","['García del Cossio', 'La República']",2,,-32.91952,-60.74664,55.0,538.0,Municipio Rosario,Municipio,Rosario,820210,Servicio de Catastro e Información Territorial,IGN
2020,4736,2020-11-06,Viernes,,,,0.0,2,"Moto/Ciclomotor,Automóvil",Lima Y Montevideo,3,2,0,0,1,0,0,"-32.94812, -60.68562",Calle,,ROSARIO,Rosario,Asfalto,S/D,II,S/D,Urbana,S/D,S/D,Recta,S/D,S/D,S/D,S/D,S/D,S/D,Colisión,S/D,S/D,S/D,S/D,"-32.94812, -60.68562","['Lima', 'Montevideo']",2,,-32.94812,-60.68562,55.0,538.0,Municipio Rosario,Municipio,Rosario,820210,Servicio de Catastro e Información Territorial,IGN
2020,4737,2020-10-12,Lunes,,20:50:00,,0.0,2,"Automóvil,Moto/Ciclomotor",Casiano Casas 2250,2,1,0,0,1,0,0,"    -32.89538, -60.71554",Calle,,ROSARIO,Rosario,Asfalto,No existe,II,Dentro,Urbana,Ninguna,S/D,Recta,Bueno,Buena,Nocturna,Buen Tiempo,S/D,S/D,Colisión,Ninguna,S/D,Ninguna,Sin restricción,"    -32.89538, -60.71554",['Casiano Casas 2250'],1,,-32.89538,-60.71554,55.0,538.0,Municipio Rosario,Municipio,Rosario,820210,Servicio de Catastro e Información Territorial,IGN
2020,4740,2020-08-24,Lunes,,02:30:00,,0.0,1,Moto/Ciclomotor,Bv. Avellaneda Y Pje. Ronchi,2,2,0,0,0,0,0,"-32.930619, -60.677167",Avenida,,ROSARIO,Rosario,Asfalto,No existe,II,Dentro,Urbana,Ninguna,No existe,Recta,Bueno,Buena,Nocturna,Buen Tiempo,S/D,S/D,Despiste,Ninguna,Faltante,Ninguna,Sin restricción,"-32.930619, -60.677167","['Avellaneda', 'Ronchi']",2,,-32.930619,-60.677167,55.0,538.0,Municipio Rosario,Municipio,Rosario,820210,Servicio de Catastro e Información Territorial,IGN
2020,4744,2020-08-19,Miercoles,,12:20:00,,0.0,2,"Automóvil,Moto/Ciclomotor",Alvear Y Montevideo,2,1,0,0,1,0,0,"-32.953193459089,-60.657099404369",Calle,,ROSARIO,Rosario,Asfalto,No existe,II,Dentro,Urbana,Ninguna,No existe,Intersección,Bueno,Buena,Diurna,Buen Tiempo,Lateral,S/D,Colisión,Ninguna,Faltante,Ninguna,Sin restricción,"-32.953193459089,-60.657099404369","['Alvear', 'Montevideo']",2,,-32.953193459089,-60.657099404369,55.0,538.0,Municipio Rosario,Municipio,Rosario,820210,Servicio de Catastro e Información Territorial,IGN
2020,4748,2020-08-28,Viernes,,15:00:00,,0.0,2,"Taxi/Remis,Automóvil",Echeverria Bis 400,5,3,0,0,2,0,0,"-32.92223274707794,-60.672225058078",Calle,,ROSARIO,Rosario,Asfalto,No existe,II,Dentro,Urbana,Semáforo,Funciona,Recta,Bueno,Buena,Atardecer,Buen Tiempo,De alcance,S/D,Colisión,Ninguna,"Horizontal,Vertical",Ninguna,Sin restricción,"-32.92223274707794,-60.672225058078",['Echeverria Bis 400'],1,,-32.92223274707794,-60.672225058078,55.0,538.0,Municipio Rosario,Municipio,Rosario,820210,Servicio de Catastro e Información Territorial,IGN
2020,4751,2020-08-22,Sabado,,13:20:00,,0.0,2,"Moto/Ciclomotor,Pickup/Utilitario",Alvear Y E.Zeballos,3,2,0,0,1,0,0,"-32.952047440156,-60.656809766822",Calle,,ROSARIO,Rosario,Asfalto,No existe,II,Dentro,Urbana,Señal Pare,No existe,Intersección,Bueno,Buena,Diurna,Buen Tiempo,Lateral,S/D,Colisión,Ninguna,Vertical,Ninguna,Sin restricción,"-32.952047440156,-60.656809766822","['Alvear', 'Zeballos']",2,,-32.952047440156,-60.656809766822,55.0,538.0,Municipio Rosario,Municipio,Rosario,820210,Servicio de Catastro e Información Territorial,IGN
2020,4753,2020-10-15,Jueves,,07:45:00,,0.0,2,"Moto/Ciclomotor,Otros",Guemes ,3,1,0,0,1,0,1,"    -32.93278, -60.65336",Calle,,ROSARIO,Rosario,Asfalto,S/D,II,Dentro,Urbana,S/D,S/D,Recta,Bueno,S/D,Diurna,S/D,S/D,S/D,Colisión,S/D,S/D,S/D,S/D,"    -32.93278, -60.65336",['Güemes'],1,,-32.93278,-60.65336,55.0,538.0,Municipio Rosario,Municipio,Rosario,820210,Servicio de Catastro e Información Territorial,IGN
2020,4755,2020-08-28,Viernes,,20:45:00,,0.0,2,"Moto/Ciclomotor,Moto/Ciclomotor",Marcos Paz Y Iriondo,2,0,1,0,1,0,0,"-32.945218708197,-60.670712120078",Calle,,ROSARIO,Rosario,Asfalto,No existe,II,Dentro,Urbana,Señal Pare,No existe,Intersección,Bueno,Buena,Diurna,Buen Tiempo,Lateral,S/D,Colisión,Ninguna,Vertical,Ninguna,Sin restricción,"-32.945218708197,-60.670712120078","['Marcos Paz', 'Iriondo']",2,,-32.945218708197,-60.670712120078,55.0,538.0,Municipio Rosario,Municipio,Rosario,820210,Servicio de Catastro e Información Territorial,IGN
2020,4763,2020-08-10,Lunes,,17:00:00,,0.0,2,"Bicicleta,Automóvil",Av. Luis Carballo Y Echeverria Bis,2,1,0,0,1,0,0,"-32.921932260059,-60.67225002714",Avenida,,ROSARIO,Rosario,Asfalto,No existe,II,Dentro,Urbana,Semáforo,Funciona,Recta,Bueno,Buena,Diurna,Buen Tiempo,S/D,Ciclista,Atropello,Ninguna,"Horizontal,Vertical",Ninguna,Sin restricción,"-32.921932260059,-60.67225002714","['Avenida Doctor Luis Cándido Carballo', 'Echeverría']",2,,-32.921932260059,-60.67225002714,55.0,538.0,Municipio Rosario,Municipio,Rosario,820210,Servicio de Catastro e Información Territorial,IGN
2020,4764,2020-10-25,Domingo,,00:00:00,,0.0,2,"Moto/Ciclomotor,Automóvil",Av. Pellegrini Y Entre Rios,2,1,0,0,1,0,0,"    -32.95669, -60.64365",Avenida,,ROSARIO,Rosario,Hormigón,No existe,II,Dentro,Urbana,S/D,S/D,Recta,S/D,S/D,Nocturna,S/D,S/D,S/D,Colisión,S/D,S/D,S/D,S/D,"    -32.95669, -60.64365","['Pellegrini', 'Entre Ríos']",2,,-32.95669,-60.64365,55.0,538.0,Municipio Rosario,Municipio,Rosario,820210,Servicio de Catastro e Información Territorial,IGN
2020,4766,2020-08-17,Lunes,,23:15:00,,0.0,2,"Automóvil,Pickup/Utilitario",Av. Corrientes Y San Luis,2,2,0,0,0,0,0,"-32.948275619703,-60.64301171465",Calle,,ROSARIO,Rosario,Asfalto,No existe,II,Dentro,Urbana,Semáforo,Funciona,Intersección,Bueno,Buena,Diurna,Buen Tiempo,Lateral,S/D,Colisión,Ninguna,Vertical,Ninguna,Sin restricción,"-32.948275619703,-60.64301171465","['Corrientes', 'San Luis']",2,,-32.948275619703,-60.64301171465,55.0,538.0,Municipio Rosario,Municipio,Rosario,820210,Servicio de Catastro e Información Territorial,IGN
2020,4767,2020-08-26,Miercoles,,13:50:00,,0.0,2,"Moto/Ciclomotor,Bicicleta",Mariano Moreno Y San Juan,2,0,1,0,1,0,0,"-32.947928045565,-60.651519363066",Calle,,ROSARIO,Rosario,Asfalto,No existe,II,Dentro,Urbana,Ninguna,No existe,Intersección,Bueno,Buena,Diurna,Buen Tiempo,S/D,Ciclista,Atropello,Ninguna,Faltante,Ninguna,Sin restricción,"-32.947928045565,-60.651519363066","['Mariano Moreno', 'San Juan']",2,,-32.947928045565,-60.651519363066,55.0,538.0,Municipio Rosario,Municipio,Rosario,820210,Servicio de Catastro e Información Territorial,IGN
2020,4768,2020-08-28,Viernes,,16:15:00,,0.0,2,"Bicicleta,Moto/Ciclomotor",Ayacucho 4900,2,1,0,0,1,0,0,"-32.993634517628,-60.636835812963",Calle,,ROSARIO,Rosario,Asfalto,No existe,II,Dentro,Urbana,Marca Vial,No existe,Intersección,Bueno,Buena,Diurna,Buen Tiempo,S/D,Ciclista,Atropello,Ninguna,Horizontal,Línea divisoria pintada,Sin restricción,"-32.993634517628,-60.636835812963",['Ayacucho 4900'],1,,-32.993634517628,-60.636835812963,55.0,538.0,Municipio Rosario,Municipio,Rosario,820210,Servicio de Catastro e Información Territorial,IGN
2020,4770,2020-10-19,Lunes,,12:30:00,,0.0,2,"Moto/Ciclomotor,Automóvil",Mendoza Y Av. Provincias Unidas,2,0,1,0,1,0,0,"-32.94051, -60.71249",Avenida,,ROSARIO,Rosario,Asfalto,No existe,II,Dentro,Urbana,Semáforo,Funciona,Intersección,Bueno,Buena,Diurna,Buen Tiempo,Lateral,S/D,Colisión,S/D,S/D,Cordón divisorio,Sin restricción,"-32.94051, -60.71249","['Mendoza', 'Avenida Provincias Unidas']",2,,-32.94051,-60.71249,55.0,538.0,Municipio Rosario,Municipio,Rosario,820210,Servicio de Catastro e Información Territorial,IGN
2020,4771,2020-08-27,Jueves,,19:45:00,,0.0,2,"Bicicleta,Moto/Ciclomotor",Av. Jorge Cura Y Bv. Oro�o,2,1,0,0,1,0,0,"-32.97109857201576,-60.660321414470",Avenida,,ROSARIO,Rosario,Asfalto,No existe,II,Dentro,Urbana,Semáforo,Funciona,Intersección,Bueno,Buena,Atardecer,Buen Tiempo,S/D,Ciclista,Atropello,Ninguna,"Horizontal,Vertical",Cordón divisorio,Sin restricción,"-32.97109857201576,-60.660321414470","['Avenida Jorge Cura', 'Bulevar Nicasio Oroño']",2,,-32.97109857201576,-60.66032141447,55.0,538.0,Municipio Rosario,Municipio,Rosario,820210,Servicio de Catastro e Información Territorial,IGN
2020,4772,2020-10-16,Viernes,,20:40:00,,0.0,2,"Taxi/Remis,Bicicleta",Cordoba Y Dorrego,3,2,0,0,1,0,0,"-32.944432256791,-60.649225083872",Calle,,ROSARIO,Rosario,Asfalto,No existe,II,Dentro,Urbana,Ninguna,No existe,Intersección,Bueno,Buena,"Nocturna,Con luz artificial",Buen Tiempo,S/D,Ciclista,Atropello,Ninguna,Faltante,Ninguna,Sin restricción,"-32.944432256791,-60.649225083872","['Córdoba', 'Dorrego']",2,,-32.944432256791,-60.649225083872,55.0,538.0,Municipio Rosario,Municipio,Rosario,820210,Servicio de Catastro e Información Territorial,IGN
2020,4773,2020-08-26,Miercoles,,20:00:00,,0.0,2,"Moto/Ciclomotor,Automóvil",Caupolican Y San Martin,2,0,1,0,1,0,0,"-33.009951683748,-60.650780745241",Calle,,ROSARIO,Rosario,Asfalto,No existe,II,Dentro,Urbana,Ninguna,Funciona,Intersección,Bueno,Buena,Nocturna,Buen Tiempo,Lateral,S/D,Colisión,Ninguna,"Horizontal,Vertical",Cordón divisorio,Sin restricción,"-33.009951683748,-60.650780745241","['Caupolicán', 'San Martin']",2,,-33.009951683748,-60.650780745241,55.0,538.0,Municipio Rosario,Municipio,Rosario,820210,Servicio de Catastro e Información Territorial,IGN
2020,4774,2020-08-24,Lunes,,12:35:00,,0.0,2,"Automóvil,Automóvil",Av. Belgrano Y Av. Pellegrini,2,1,0,0,1,0,0,"-32.960756529879,-60.621121693214",Avenida,,ROSARIO,Rosario,Asfalto,No existe,II,Dentro,Urbana,Ninguna,No existe,Pendiente,Bueno,Buena,Diurna,Buen Tiempo,De alcance,S/D,Colisión,Ninguna,Faltante,Cordón divisorio,Sin restricción,"-32.960756529879,-60.621121693214","['Belgrano', 'Pellegrini']",2,,-32.960756529879,-60.621121693214,55.0,538.0,Municipio Rosario,Municipio,Rosario,820210,Servicio de Catastro e Información Territorial,IGN
2020,4775,2020-08-17,Lunes,,10:00:00,,0.0,2,"Moto/Ciclomotor,Automóvil",Santa Fe Y Pje. Quintanilla,2,1,0,0,1,0,0,"-32.939074017416,-60.671293938302",Calle,,ROSARIO,Rosario,Asfalto,No existe,II,Dentro,Urbana,Ninguna,No existe,Intersección,Bueno,Buena,Diurna,Buen Tiempo,De alcance,S/D,Colisión,Ninguna,Faltante,Ninguna,Sin restricción,"-32.939074017416,-60.671293938302","['Santa Fe', 'Quintanilla']",2,,-32.939074017416,-60.671293938302,55.0,538.0,Municipio Rosario,Municipio,Rosario,820210,Servicio de Catastro e Información Territorial,IGN
2020,4776,2020-08-05,Miercoles,,12:15:00,,0.0,2,"Bicicleta,Automóvil",Beruti Y Dean Funes,2,0,1,0,0,0,1,"-32.978868, -60.627423",Calle,,ROSARIO,Rosario,Asfalto,No existe,II,Dentro,Urbana,Ninguna,No existe,Intersección,Bueno,Buena,Diurna,S/D,S/D,Ciclista,Atropello,Ninguna,Faltante,Ninguna,Sin restricción,"-32.978868, -60.627423","['Luis Beruti', 'Deán Gregorio Funes']",2,,-32.978868,-60.627423,55.0,538.0,Municipio Rosario,Municipio,Rosario,820210,Servicio de Catastro e Información Territorial,IGN
2020,4780,2020-08-24,Lunes,,07:35:00,,0.0,2,"Moto/Ciclomotor,Automóvil",Av. Arijon Y San Martin,2,1,0,0,1,0,0,"-33.003024005285,-60.649276943146",Avenida,,ROSARIO,Rosario,Asfalto,No existe,II,Dentro,Urbana,Ninguna,Funciona,Intersección,Bueno,Buena,Diurna,Buen Tiempo,De alcance,S/D,Colisión,Ninguna,"Horizontal,Vertical",Cordón divisorio,Sin restricción,"-33.003024005285,-60.649276943146","['Avenida Manuel Arijón', 'San Martin']",2,,-33.003024005285,-60.649276943146,55.0,538.0,Municipio Rosario,Municipio,Rosario,820210,Servicio de Catastro e Información Territorial,IGN
2020,4782,2020-08-07,Viernes,,23:35:00,,0.0,2,"Automóvil,Automóvil",Amenabar Y Chacabuco,4,3,0,0,1,0,0,"-32.974929323865,-60.629288116332",Calle,,ROSARIO,Rosario,Asfalto,No existe,II,Dentro,Urbana,Ninguna,No existe,Intersección,Bueno,Buena,"Nocturna,Con luz artificial",Buen Tiempo,Lateral,S/D,Colisión,Ninguna,Faltante,Ninguna,Sin restricción,"-32.974929323865,-60.629288116332","['Amenabar', 'Chacabuco']",2,,-32.974929323865,-60.629288116332,55.0,538.0,Municipio Rosario,Municipio,Rosario,820210,Servicio de Catastro e Información Territorial,IGN
2020,4784,2020-08-21,Viernes,,15:05:00,,0.0,2,"Moto/Ciclomotor,Automóvil",Mitre Y Pje. Casablanca,2,1,0,0,1,0,0,"-32.979431384994,-60.647908952632",Calle,,ROSARIO,Rosario,Asfalto,No existe,II,Dentro,Urbana,Ninguna,No existe,Intersección,Bueno,Buena,Diurna,Buen Tiempo,Lateral,S/D,Colisión,Ninguna,Faltante,Ninguna,Sin restricción,"-32.979431384994,-60.647908952632","['Mitre', 'Casablanca']",2,,-32.979431384994,-60.647908952632,55.0,538.0,Municipio Rosario,Municipio,Rosario,820210,Servicio de Catastro e Información Territorial,IGN
2020,4785,2020-10-19,Lunes,,21:30:00,,0.0,2,"Automóvil,Peatón",Bv. Segui Y Solis,2,0,1,0,1,0,0,"-32.97086, -60.70228",Avenida,,ROSARIO,Rosario,Asfalto,S/D,II,S/D,Urbana,Semáforo,Funciona,S/D,Bueno,Buena,"Nocturna,Con luz artificial",Buen Tiempo,S/D,Peatón,Atropello,S/D,"Horizontal,Vertical",S/D,Sin restricción,"-32.97086, -60.70228","['Bulevar Juan Francisco Seguí', 'Solis']",2,,-32.97086,-60.70228,55.0,538.0,Municipio Rosario,Municipio,Rosario,820210,Servicio de Catastro e Información Territorial,IGN
2020,4788,2020-10-19,Lunes,,10:45:00,,0.0,2,"Automóvil,Automóvil",Viamonte Y P.L.Funes,2,2,0,0,0,0,0,"-32.95658, -60.70053",Calle,,ROSARIO,Rosario,Asfalto,Pavimento,II,S/D,Urbana,Ninguna,No existe,Intersección,Bueno,Buena,Diurna,Buen Tiempo,S/D,S/D,Colisión,Ninguna,Faltante,Ninguna,Sin restricción,"-32.95658, -60.70053","['Viamonte', 'Funes']",2,,-32.95658,-60.70053,55.0,538.0,Municipio Rosario,Municipio,Rosario,820210,Servicio de Catastro e Información Territorial,IGN
2020,4790,2020-08-03,Lunes,,17:00:00,,0.0,2,"Peatón,Taxi/Remis",Bv. Segui Y Sarmiento,2,1,0,0,1,0,0,"-32.979168452658,-60.646397045201",Avenida,,ROSARIO,Rosario,Asfalto,No existe,II,Dentro,Urbana,Ninguna,No existe,Intersección,Bueno,Buena,Diurna,Buen Tiempo,S/D,Peatón,Atropello,Ninguna,"Horizontal,Vertical",Cordón divisorio,Sin restricción,"-32.979168452658,-60.646397045201","['Bulevar Juan Francisco Seguí', 'Sarmiento']",2,,-32.979168452658,-60.646397045201,55.0,538.0,Municipio Rosario,Municipio,Rosario,820210,Servicio de Catastro e Información Territorial,IGN
2020,4794,2020-10-19,Lunes,,07:40:00,,0.0,2,"Moto/Ciclomotor,Moto/Ciclomotor",Mendoza Y Lima,2,2,0,0,0,0,0,"-32.94349, -60.68452",Calle,,ROSARIO,Rosario,Asfalto,S/D,II,S/D,Urbana,S/D,S/D,Intersección,S/D,S/D,Diurna,Buen Tiempo,S/D,S/D,Colisión,S/D,S/D,S/D,S/D,"-32.94349, -60.68452","['Mendoza', 'Lima']",2,,-32.94349,-60.68452,55.0,538.0,Municipio Rosario,Municipio,Rosario,820210,Servicio de Catastro e Información Territorial,IGN
2020,4796,2020-10-19,Lunes,,13:40:00,,0.0,2,"Automóvil,Peatón",Callao 200,2,1,0,0,1,0,0,"-32.93556, -60.65829",Calle,,ROSARIO,Rosario,Asfalto,No existe,II,Dentro,Urbana,Ninguna,No existe,Recta,Bueno,Buena,Diurna,Buen Tiempo,S/D,Peatón,Atropello,S/D,Faltante,Ninguna,Sin restricción,"-32.93556, -60.65829",['Callao 200'],1,,-32.93556,-60.65829,55.0,538.0,Municipio Rosario,Municipio,Rosario,820210,Servicio de Catastro e Información Territorial,IGN
2020,4799,2020-08-03,Lunes,,16:05:00,,0.0,2,"Moto/Ciclomotor,Automóvil",Grandoli Y Isola Bis,3,2,0,0,1,0,0,"-32.99138009548187,-60.628478229045",Calle,,ROSARIO,Rosario,Asfalto,No existe,II,Dentro,Urbana,Ninguna,No existe,Intersección,Bueno,Buena,Diurna,Buen Tiempo,Lateral,S/D,Colisión,Ninguna,Faltante,Cordón divisorio,Sin restricción,"-32.99138009548187,-60.628478229045","['Avenida Abanderado Grandoli', 'Isola']",2,,-32.99138009548187,-60.628478229045,55.0,538.0,Municipio Rosario,Municipio,Rosario,820210,Servicio de Catastro e Información Territorial,IGN
2020,4801,2020-08-12,Miercoles,,09:00:00,,0.0,2,"Moto/Ciclomotor,Automóvil",Pte.Quintana Y 1 de Mayo,2,0,1,0,0,0,1,"-32.984049, -60.638790",Calle,,ROSARIO,Rosario,Asfalto,No existe,II,Dentro,Urbana,Ninguna,No existe,Intersección,Bueno,Buena,Diurna,Buen Tiempo,Lateral,S/D,Colisión,Ninguna,Faltante,Ninguna,Sin restricción,"-32.984049, -60.638790","['Quintana', 'Primero de Mayo']",2,,-32.984049,-60.63879,55.0,538.0,Municipio Rosario,Municipio,Rosario,820210,Servicio de Catastro e Información Territorial,IGN
2020,4808,2020-08-14,Viernes,,13:20:00,,0.0,2,"Automóvil,Moto/Ciclomotor",Esteban de Luca Y Grandoli,2,1,0,0,1,0,0,"-32.994304467356,-60.628647951713",Calle,,ROSARIO,Rosario,Asfalto,No existe,II,Dentro,Urbana,Ninguna,No existe,Intersección,Bueno,Buena,Diurna,Buen Tiempo,Lateral,S/D,Colisión,Ninguna,Faltante,Cordón divisorio,Sin restricción,"-32.994304467356,-60.628647951713","['Esteban de Luca', 'Avenida Abanderado Grandoli']",2,,-32.994304467356,-60.628647951713,55.0,538.0,Municipio Rosario,Municipio,Rosario,820210,Servicio de Catastro e Información Territorial,IGN
2020,4813,2020-08-04,Martes,,14:50:00,,0.0,2,"Moto/Ciclomotor,Pickup/Utilitario",Buenos Aires Y Bv. Segui,2,1,0,0,1,0,0,"-32.98012554645538,-60.640937089920",Avenida,,ROSARIO,Rosario,Asfalto,No existe,II,Dentro,Urbana,Señal Pare,No existe,Intersección,Bueno,Buena,Diurna,Buen Tiempo,Lateral,S/D,Colisión,Ninguna,Vertical,Cordón divisorio,Sin restricción,"-32.98012554645538,-60.640937089920","['Buenos Aires', 'Bulevar Juan Francisco Seguí']",2,,-32.98012554645538,-60.64093708992,55.0,538.0,Municipio Rosario,Municipio,Rosario,820210,Servicio de Catastro e Información Territorial,IGN