anio_acci,nro_acci,fecha,desc_dia,fecha_aprox,hora_aprox,desc_ruta,km,cant_participantes,desc_participante,calle_avenida_km,total,heridos_leves,heridos_graves,heridos_gravisimos,ilesos,fallecidos,sin_datos,posicion_XY,desc_tipo_via,desc_ruta_ori,desc_loc,desc_dpto,desc_tipo_calzada,desc_tipo_banquina,desc_unidad_regional,desc_lugar_calzada,desc_zona,desc_prioridad,desc_estado_semaforo,desc_lugar_via,desc_estado_via,desc_estado_visibilidad,desc_luminosidad,desc_estado_clima,desc_tipo_colision,desc_tipo_atropello,desc_tipo_hecho,desc_pres_calzada,desc_senializacion,desc_separacion_via,desc_restriccion,forma_geocod,calle_lista,numero_calles,calles_osm,lat,lon,index_right,gid,fna,gna,nam,in1,fdc,sag
2020,4815,2020-08-04,Martes,,00:20:00,,0.0,2,"Moto/Ciclomotor,Automóvil",Av. Arijon Y Bv. Oro�o,2,1,0,0,1,0,0,"-33.00349831581117,-60.665087699890",Avenida,,ROSARIO,Rosario,Asfalto,No existe,II,Dentro,Urbana,Semáforo,Funciona,Intersección,Bueno,Buena,"Nocturna,Con luz artificial",Buen Tiempo,Lateral,S/D,Colisión,Ninguna,"Horizontal,Vertical",Cordón divisorio,Sin restricción,"-33.00349831581117,-60.665087699890","['Avenida Manuel Arijón', 'Bulevar Nicasio Oroño']",2,,-33.00349831581117,-60.66508769989,55.0,538.0,Municipio Rosario,Municipio,Rosario,820210,Servicio de Catastro e Información Territorial,IGN
2020,4819,2020-08-08,Sabado,,12:35:00,,0.0,2,"Automóvil,Automóvil",Colon Y Gaboto,4,1,0,0,3,0,0,"-32.975591967126,-60.632302082181",Calle,,ROSARIO,Rosario,Asfalto,No existe,II,Dentro,Urbana,Ninguna,No existe,Intersección,Bueno,Buena,Diurna,Buen Tiempo,Lateral,S/D,Colisión,Ninguna,Faltante,Ninguna,Sin restricción,"-32.975591967126,-60.632302082181","['Colon', 'Gaboto']",2,,-32.975591967126,-60.632302082181,55.0,538.0,Municipio Rosario,Municipio,Rosario,820210,Servicio de Catastro e Información Territorial,IGN
2020,4824,2020-08-03,Lunes,,16:35:00,,0.0,2,"Moto/Ciclomotor,Automóvil",Bv. Segui Y Mitre,2,1,0,0,1,0,0,"-32.978716541034,-60.64771983852",Avenida,,ROSARIO,Rosario,Asfalto,No existe,II,Dentro,Urbana,Señal Pare,No existe,Intersección,Bueno,Buena,Diurna,Buen Tiempo,Lateral,S/D,Colisión,Ninguna,"Horizontal,Vertical",Cordón divisorio,Sin restricción,"-32.978716541034,-60.64771983852","['Bulevar Juan Francisco Seguí', 'Mitre']",2,,-32.978716541034,-60.64771983852,55.0,538.0,Municipio Rosario,Municipio,Rosario,820210,Servicio de Catastro e Información Territorial,IGN
2020,4825,2020-08-05,Miercoles,,12:10:00,,0.0,2,"Moto/Ciclomotor,Automóvil",Av. Francia Y Coulin,2,1,0,0,1,0,0,"-32.986801809154,-60.676851087427",Avenida,,ROSARIO,Rosario,Asfalto,No existe,II,Dentro,Urbana,Ninguna,No existe,Recta,Bueno,Buena,Diurna,Buen Tiempo,Lateral,S/D,Colisión,Ninguna,Faltante,Cordón divisorio,Sin restricción,"-32.986801809154,-60.676851087427","['Avenida Francia', 'Coulin']",2,,-32.986801809154,-60.676851087427,55.0,538.0,Municipio Rosario,Municipio,Rosario,820210,Servicio de Catastro e Información Territorial,IGN
2020,4827,2020-08-21,Viernes,,18:40:00,,0.0,2,"Automóvil,Bicicleta",Av. Corrientes Y Saavedra,2,1,0,0,1,0,0,"-32.97717159936,-60.650278634761",Calle,,ROSARIO,Rosario,Asfalto,No existe,II,Dentro,Urbana,Ninguna,No existe,Intersección,Bueno,Buena,Diurna,Buen Tiempo,S/D,Ciclista,Atropello,Ninguna,Faltante,Ninguna,Sin restricción,"-32.97717159936,-60.650278634761","['Corrientes', 'Saavedra']",2,,-32.97717159936,-60.650278634761,55.0,538.0,Municipio Rosario,Municipio,Rosario,820210,Servicio de Catastro e Información Territorial,IGN
2020,4830,2020-08-06,Jueves,,18:55:00,,0.0,2,"Peatón,Moto/Ciclomotor",Bv. Avellaneda 4500,2,1,0,0,1,0,0,"-32.983601, -60.688588",Avenida,,ROSARIO,Rosario,Asfalto,No existe,II,Dentro,Urbana,Ninguna,No existe,Intersección,Bueno,Buena,Atardecer,Buen Tiempo,S/D,Peatón,Atropello,Ninguna,Faltante,Ninguna,Sin restricción,"-32.983601, -60.688588",['Avellaneda 4500'],1,,-32.983601,-60.688588,55.0,538.0,Municipio Rosario,Municipio,Rosario,820210,Servicio de Catastro e Información Territorial,IGN
2020,4831,2020-08-22,Sabado,,18:30:00,,0.0,2,"Peatón,Automóvil",Amenabar Y Laprida,2,1,0,0,1,0,0,"-32.972886248306,-60.64072776133",Calle,,ROSARIO,Rosario,Asfalto,No existe,II,Dentro,Urbana,Ninguna,No existe,Intersección,Bueno,Buena,Diurna,Buen Tiempo,S/D,Peatón,Atropello,Ninguna,Faltante,Ninguna,Sin restricción,"-32.972886248306,-60.64072776133","['Amenabar', 'Laprida']",2,,-32.972886248306,-60.64072776133,55.0,538.0,Municipio Rosario,Municipio,Rosario,820210,Servicio de Catastro e Información Territorial,IGN
2020,4835,2020-10-20,Martes,,06:00:00,,0.0,2,"Automóvil,Automóvil",Av. Ovidio Lagos Y Av. Circunvalacion,2,1,0,0,1,0,0,"-33.00792, -60.67693",Avenida,,ROSARIO,Rosario,Asfalto,No existe,II,Dentro,Urbana,Semáforo,Funciona,Intersección,Bueno,Buena,Amanecer,Buen Tiempo,De alcance,S/D,Colisión,S/D,Faltante,Guardarrail,Sin restricción,"-33.00792, -60.67693","['Avenida Ovidio Lagos', 'Circunvalacion']",2,,-33.00792,-60.67693,55.0,538.0,Municipio Rosario,Municipio,Rosario,820210,Servicio de Catastro e Información Territorial,IGN
2020,4837,2020-08-04,Martes,,20:05:00,,0.0,2,"Bicicleta,Moto/Ciclomotor",Grandoli Y Lola Mora,2,1,0,0,1,0,0,"-32.990806102752686,-60.62863916158",Calle,,ROSARIO,Rosario,Asfalto,No existe,II,Dentro,Urbana,Ninguna,No existe,Intersección,Bueno,Buena,Nocturna,Buen Tiempo,S/D,Ciclista,Atropello,Ninguna,Faltante,Cordón divisorio,Sin restricción,"-32.990806102752686,-60.62863916158","['Avenida Abanderado Grandoli', 'Lola Mora']",2,,-32.990806102752686,-60.62863916158,55.0,538.0,Municipio Rosario,Municipio,Rosario,820210,Servicio de Catastro e Información Territorial,IGN
2020,4838,2020-08-07,Viernes,,19:40:00,,0.0,2,"Peatón,Automóvil",Bv. Avellaneda Y Gaboto,2,0,1,0,1,0,0,"-32.965976888698,-60.686013588818",Avenida,,ROSARIO,Rosario,Asfalto,No existe,II,Dentro,Urbana,Ninguna,No existe,Intersección,Bueno,Buena,"Nocturna,Con luz artificial",S/D,S/D,Peatón,Atropello,Ninguna,Faltante,Ninguna,Sin restricción,"-32.965976888698,-60.686013588818","['Avellaneda', 'Gaboto']",2,,-32.965976888698,-60.686013588818,55.0,538.0,Municipio Rosario,Municipio,Rosario,820210,Servicio de Catastro e Información Territorial,IGN
2020,4840,2020-10-20,Martes,,17:37:00,,0.0,2,"Bicicleta,Camión c / Acoplado",Av. Francia Y Av. Uriburu,2,1,0,0,1,0,0,"-32.99171, -60.67826",Avenida,,ROSARIO,Rosario,Asfalto,No existe,II,Dentro,Urbana,Semáforo,Funciona,Intersección,S/D,Buena,Atardecer,Lluvia,S/D,Ciclista,Atropello,S/D,Faltante,Cordón divisorio,Sin restricción,"-32.99171, -60.67826","['Avenida Francia', 'Uriburu']",2,,-32.99171,-60.67826,55.0,538.0,Municipio Rosario,Municipio,Rosario,820210,Servicio de Catastro e Información Territorial,IGN
2020,4843,2020-10-20,Martes,,08:50:00,,0.0,2,"Bicicleta,Automóvil",Italia Y Saavedra,2,0,1,0,1,0,0,"-32.97621, -60.6558",Calle,,ROSARIO,Rosario,Asfalto,No existe,II,Dentro,Urbana,Ninguna,No existe,Intersección,Resbaladiza,Buena,Diurna,Lluvia,S/D,Ciclista,Atropello,Agua,Faltante,Cordón divisorio,Sin restricción,"-32.97621, -60.6558","['Italia', 'Saavedra']",2,,-32.97621,-60.6558,55.0,538.0,Municipio Rosario,Municipio,Rosario,820210,Servicio de Catastro e Información Territorial,IGN
2020,4846,2020-10-20,Martes,,07:50:00,,0.0,2,"Moto/Ciclomotor,Taxi/Remis",Av. Corrientes Y 3 De Febrero,2,1,0,0,1,0,0,"-32.95206, -60.64393",Avenida,,ROSARIO,Rosario,Asfalto,S/D,II,S/D,Urbana,S/D,S/D,Intersección,S/D,S/D,Amanecer,S/D,S/D,S/D,Colisión,S/D,S/D,S/D,S/D,"-32.95206, -60.64393","['Corrientes', '3 de Febrero']",2,,-32.95206,-60.64393,55.0,538.0,Municipio Rosario,Municipio,Rosario,820210,Servicio de Catastro e Información Territorial,IGN
2020,4848,2020-10-20,Martes,,18:20:00,,0.0,2,"Peatón,Pickup/Utilitario",Av. E.Lopez Y Bv. Oro�o,2,1,0,0,1,0,0,"-32.93088, -60.64998",Avenida,,ROSARIO,Rosario,Asfalto,S/D,II,S/D,Urbana,S/D,S/D,Intersección,Bueno,S/D,Diurna,S/D,S/D,S/D,Colisión,S/D,S/D,S/D,S/D,"-32.93088, -60.64998","['Lopez', 'Bulevar Nicasio Oroño']",2,,-32.93088,-60.64998,55.0,538.0,Municipio Rosario,Municipio,Rosario,820210,Servicio de Catastro e Información Territorial,IGN
2020,4851,2020-08-14,Viernes,,14:40:00,,0.0,2,"Moto/Ciclomotor,Pickup/Utilitario",Bv. Segui Y Paraguay,2,1,0,0,1,0,0,"-32.977966234357,-60.651920550083",Avenida,,ROSARIO,Rosario,Asfalto,No existe,II,Dentro,Urbana,Señal Pare,No existe,Intersección,Bueno,Buena,Diurna,Buen Tiempo,Lateral,S/D,Colisión,Ninguna,"Horizontal,Vertical",Cordón divisorio,Sin restricción,"-32.977966234357,-60.651920550083","['Bulevar Juan Francisco Seguí', 'Paraguay']",2,,-32.977966234357,-60.651920550083,55.0,538.0,Municipio Rosario,Municipio,Rosario,820210,Servicio de Catastro e Información Territorial,IGN
2020,4852,2020-08-10,Lunes,,23:00:00,,0.0,2,"Moto/Ciclomotor,Pickup/Utilitario",Dr.Rivas Y Lavalle,3,2,0,0,0,0,1,"-32.976586, -60.687175",Calle,,ROSARIO,Rosario,Asfalto,No existe,II,Dentro,Urbana,Ninguna,No existe,Intersección,Bueno,Buena,"Nocturna,Con luz artificial",Otro,Lateral,S/D,Colisión,Ninguna,Faltante,Ninguna,Sin restricción,"-32.976586, -60.687175","['Doctor Francisco Riva', 'Lavalle']",2,,-32.976586,-60.687175,55.0,538.0,Municipio Rosario,Municipio,Rosario,820210,Servicio de Catastro e Información Territorial,IGN
2020,4855,2020-08-13,Jueves,,18:35:00,,0.0,2,"Moto/Ciclomotor,Pickup/Utilitario",Castellanos Y 24 De Setiembre,2,1,0,0,0,0,1,"-32.973644, -60.683569",Calle,,ROSARIO,Rosario,Asfalto,No existe,II,Dentro,Urbana,Ninguna,No existe,Intersección,Bueno,Buena,Diurna,Buen Tiempo,Lateral,S/D,Colisión,Ninguna,Faltante,Ninguna,Sin restricción,"-32.973644, -60.683569","['Aaron Castellanos', '24 de Septiembre']",2,,-32.973644,-60.683569,55.0,538.0,Municipio Rosario,Municipio,Rosario,820210,Servicio de Catastro e Información Territorial,IGN
2020,4859,2020-08-08,Sabado,,20:00:00,,0.0,2,"Moto/Ciclomotor,Automóvil",Biedma Y San Martin,2,1,0,0,1,0,0,"-32.98123863248,-60.644762070747",Avenida,,ROSARIO,Rosario,Asfalto,No existe,II,Dentro,Urbana,Señal Pare,No existe,Intersección,Bueno,Buena,"Nocturna,Con luz artificial",Buen Tiempo,Lateral,S/D,Colisión,Ninguna,"Horizontal,Vertical",Cordón divisorio,Sin restricción,"-32.98123863248,-60.644762070747","['Coronel Biedma', 'San Martin']",2,,-32.98123863248,-60.644762070747,55.0,538.0,Municipio Rosario,Municipio,Rosario,820210,Servicio de Catastro e Información Territorial,IGN
2020,4862,2020-08-13,Jueves,,16:35:00,,0.0,2,"Moto/Ciclomotor,Bicicleta",Av. Ovidio Lagos Y Madre Cabrini,2,1,0,0,1,0,0,"-33.005819247136,-60.676655256894",Avenida,,ROSARIO,Rosario,Asfalto,No existe,II,Dentro,Urbana,Semáforo,Funciona,Intersección,Bueno,Buena,Diurna,Buen Tiempo,S/D,Ciclista,Atropello,Ninguna,Vertical,Ninguna,Sin restricción,"-33.005819247136,-60.676655256894","['Avenida Ovidio Lagos', 'Madre Cabrini']",2,,-33.005819247136,-60.676655256894,55.0,538.0,Municipio Rosario,Municipio,Rosario,820210,Servicio de Catastro e Información Territorial,IGN
2020,4865,2020-08-04,Martes,,11:50:00,,0.0,2,"Moto/Ciclomotor,Automóvil",Alvear Y Av. Ntra.Sra.del Rosario,3,2,0,0,1,0,0,"-33.000623, -60.666350",Avenida,,ROSARIO,Rosario,Asfalto,No existe,II,Dentro,Urbana,Ninguna,No existe,Intersección,Bueno,Buena,Diurna,Buen Tiempo,Lateral,S/D,Colisión,Ninguna,Faltante,Ninguna,Sin restricción,"-33.000623, -60.666350","['Alvear', 'Nuestra Señora del Rosario']",2,,-33.000623,-60.66635,55.0,538.0,Municipio Rosario,Municipio,Rosario,820210,Servicio de Catastro e Información Territorial,IGN
2020,4866,2020-08-23,Domingo,,20:40:00,,0.0,2,"Moto/Ciclomotor,Automóvil",Amenabar Y Paraguay,3,1,0,0,2,0,0,"-32.971190589792,-60.650218757783",Calle,,ROSARIO,Rosario,Asfalto,No existe,II,Dentro,Urbana,Ninguna,No existe,Intersección,Bueno,Buena,Nocturna,Buen Tiempo,Lateral,S/D,Colisión,Ninguna,Faltante,Ninguna,Sin restricción,"-32.971190589792,-60.650218757783","['Amenabar', 'Paraguay']",2,,-32.971190589792,-60.650218757783,55.0,538.0,Municipio Rosario,Municipio,Rosario,820210,Servicio de Catastro e Información Territorial,IGN
2020,4873,2020-08-12,Miercoles,,08:05:00,,0.0,2,"Automóvil,Moto/Ciclomotor",Av. Ntra.Sra.del Rosario Y San Martin,3,2,0,0,1,0,0,"-32.999847829341896,-60.64866721630",Avenida,,ROSARIO,Rosario,Asfalto,No existe,II,Dentro,Urbana,Semáforo,Funciona,Intersección,Bueno,Buena,Diurna,Buen Tiempo,Lateral,S/D,Colisión,Ninguna,"Horizontal,Vertical",Cordón divisorio,Sin restricción,"-32.999847829341896,-60.64866721630","['Nuestra Señora del Rosario', 'San Martin']",2,,-32.999847829341896,-60.6486672163,55.0,538.0,Municipio Rosario,Municipio,Rosario,820210,Servicio de Catastro e Información Territorial,IGN
2020,4878,2020-08-22,Sabado,,08:55:00,,0.0,2,"Moto/Ciclomotor,Automóvil",Cabildo Y San Martin,2,1,0,0,1,0,0,"-33.007376257163,-60.650390180409",Avenida,,ROSARIO,Rosario,Asfalto,No existe,II,Dentro,Urbana,Paso Peatonal,No existe,Intersección,Bueno,Buena,Diurna,Buen Tiempo,Lateral,S/D,Colisión,Ninguna,Horizontal,Cordón divisorio,Sin restricción,"-33.007376257163,-60.650390180409","['Cabildo', 'San Martin']",2,,-33.007376257163,-60.650390180409,55.0,538.0,Municipio Rosario,Municipio,Rosario,820210,Servicio de Catastro e Información Territorial,IGN
2020,4881,2020-08-13,Jueves,,18:20:00,,0.0,2,"Moto/Ciclomotor,Moto/Ciclomotor",Bv. Oroño Y Pte.Quintana,2,1,0,0,1,0,0,"-32.979776759567,-60.662508428662",Avenida,,ROSARIO,Rosario,Asfalto,No existe,II,Dentro,Urbana,Semáforo,Funciona,Intersección,Bueno,Buena,Atardecer,Buen Tiempo,Lateral,S/D,Colisión,Ninguna,"Horizontal,Vertical",Cordón divisorio,Sin restricción,"-32.979776759567,-60.662508428662","['Bulevar Nicasio Oroño', 'Quintana']",2,,-32.979776759567,-60.662508428662,55.0,538.0,Municipio Rosario,Municipio,Rosario,820210,Servicio de Catastro e Información Territorial,IGN
2020,4882,2020-10-21,Miercoles,,17:00:00,,0.0,2,"Moto/Ciclomotor,Peatón",Pascual Rosas Y E.Zeballos,2,1,0,0,1,0,0,"-32.94645, -60.6881",Calle,,ROSARIO,Rosario,Asfalto,S/D,II,S/D,Urbana,S/D,S/D,Intersección,Bueno,S/D,Diurna,S/D,S/D,Peatón,Atropello,S/D,S/D,S/D,S/D,"-32.94645, -60.6881","['Pascual Rosas', 'Zeballos']",2,,-32.94645,-60.6881,55.0,538.0,Municipio Rosario,Municipio,Rosario,820210,Servicio de Catastro e Información Territorial,IGN
2020,4883,2020-10-21,Miercoles,,16:15:00,,0.0,1,Transporte de Pasajeros Urbano (> 8 asientos),Cordoba Y Laprida,2,1,0,0,1,0,0,"-32.94732, -60.63388",Calle,,ROSARIO,Rosario,Asfalto,S/D,II,S/D,Urbana,S/D,S/D,Intersección,S/D,S/D,Diurna,Buen Tiempo,S/D,S/D,Cañda ocupante,S/D,S/D,S/D,S/D,"-32.94732, -60.63388","['Córdoba', 'Laprida']",2,,-32.94732,-60.63388,55.0,538.0,Municipio Rosario,Municipio,Rosario,820210,Servicio de Catastro e Información Territorial,IGN
2020,4884,2020-08-10,Lunes,,19:05:00,,0.0,2,"Automóvil,Moto/Ciclomotor",Lavalle Y Pje. Pampero,3,2,0,0,1,0,0,"-32.966815694579,-60.684716202397",Calle,,ROSARIO,Rosario,Asfalto,No existe,II,Dentro,Urbana,Ninguna,No existe,Intersección,Bueno,Buena,Atardecer,Buen Tiempo,Lateral,S/D,Colisión,Ninguna,Faltante,Ninguna,Sin restricción,"-32.966815694579,-60.684716202397","['Lavalle', 'Pampero']",2,,-32.966815694579,-60.684716202397,55.0,538.0,Municipio Rosario,Municipio,Rosario,820210,Servicio de Catastro e Información Territorial,IGN
2020,4885,2020-08-26,Miercoles,,14:00:00,,0.0,2,"Bicicleta,Pickup/Utilitario",Av. Provincias Unidas Y Viamonte,2,1,0,0,1,0,0,"-32.956916, -60.711946",Avenida,,ROSARIO,Rosario,Asfalto,No existe,II,Dentro,Urbana,Semáforo,Funciona,Intersección,Bueno,Buena,Diurna,Buen Tiempo,S/D,Ciclista,Atropello,Ninguna,"Horizontal,Vertical",Cordón divisorio,Sin restricción,"-32.956916, -60.711946","['Avenida Provincias Unidas', 'Viamonte']",2,,-32.956916,-60.711946,55.0,538.0,Municipio Rosario,Municipio,Rosario,820210,Servicio de Catastro e Información Territorial,IGN
2020,4887,2020-12-10,Jueves,,10:30:00,,0.0,2,"Automóvil,Moto/Ciclomotor",Peru Y Velez Sarsfield,3,1,1,0,1,0,0,"-32.92598, -60.71201",Calle,,ROSARIO,Rosario,Asfalto,No existe,II,S/D,Urbana,Ninguna,No existe,Intersección,Bueno,S/D,Diurna,S/D,Lateral,S/D,Colisión,S/D,Faltante,Ninguna,Sin restricción,"-32.92598, -60.71201","['Peru', 'Vélez Sarsfield']",2,,-32.92598,-60.71201,55.0,538.0,Municipio Rosario,Municipio,Rosario,820210,Servicio de Catastro e Información Territorial,IGN
2020,4889,2020-12-14,Lunes,,18:40:00,,0.0,2,"Pickup/Utilitario,Moto/Ciclomotor",Casilda Y Tte.Agneta,2,1,0,0,1,0,0,"-32.92879, -60.70029",Calle,,ROSARIO,Rosario,Asfalto,No existe,II,S/D,Urbana,Ninguna,No existe,Intersección,S/D,S/D,Diurna,S/D,Lateral,S/D,Colisión,S/D,Faltante,Ninguna,Sin restricción,"-32.92879, -60.70029","['Casilda', 'Teniente Agneta']",2,,-32.92879,-60.70029,55.0,538.0,Municipio Rosario,Municipio,Rosario,820210,Servicio de Catastro e Información Territorial,IGN
2020,4890,2020-08-25,Martes,,12:05:00,,0.0,2,"Taxi/Remis,Moto/Ciclomotor",Caupolican Y San Martin,2,1,0,0,1,0,0,"-33.009951683748,-60.650780745241",Calle,,ROSARIO,Rosario,Asfalto,No existe,II,Dentro,Urbana,Semáforo,Funciona,Intersección,Bueno,Buena,Diurna,Buen Tiempo,Lateral,S/D,Colisión,Ninguna,"Horizontal,Vertical",Línea divisoria pintada,Sin restricción,"-33.009951683748,-60.650780745241","['Caupolicán', 'San Martin']",2,,-33.009951683748,-60.650780745241,55.0,538.0,Municipio Rosario,Municipio,Rosario,820210,Servicio de Catastro e Información Territorial,IGN
2020,4891,2020-12-13,Domingo,,01:30:00,,0.0,1,Moto/Ciclomotor,Av. Provincias Unidas 1900,2,2,0,0,0,0,0,"-32.95112, -60.71221",Avenida,,ROSARIO,Rosario,Asfalto,Pavimento,II,S/D,Urbana,Ninguna,No existe,Recta,Bueno,Buena,Nocturna,Buen Tiempo,S/D,S/D,Cañda ocupante,Ninguna,Faltante,Ninguna,Sin restricción,"-32.95112, -60.71221",['Provincias Unidas 1900'],1,,-32.95112,-60.71221,55.0,538.0,Municipio Rosario,Municipio,Rosario,820210,Servicio de Catastro e Información Territorial,IGN
2020,4892,2020-10-21,Miercoles,,18:10:00,,0.0,2,"Automóvil,Moto/Ciclomotor",Dr.Casal Y Bv. Segui,2,0,1,0,1,0,0,"-32.97074, -60.70281",Calle,,ROSARIO,Rosario,Asfalto,Pavimento,II,S/D,Urbana,Ninguna,No existe,Intersección,Bueno,Buena,Diurna,Buen Tiempo,S/D,S/D,Colisión,Ninguna,Faltante,Ninguna,Sin restricción,"-32.97074, -60.70281","['Mauricio Casal', 'Bulevar Juan Francisco Seguí']",2,,-32.97074,-60.70281,55.0,538.0,Municipio Rosario,Municipio,Rosario,820210,Servicio de Catastro e Información Territorial,IGN
2020,4893,2020-08-21,Viernes,,10:50:00,,0.0,2,"Moto/Ciclomotor,Automóvil",Garibaldi Y San Martin,5,2,0,0,3,0,0,"-32.986384071075,-60.645694842802",Calle,,ROSARIO,Rosario,Asfalto,No existe,II,Dentro,Urbana,Señal Pare,No existe,Intersección,Bueno,Buena,Diurna,Buen Tiempo,Lateral,S/D,Colisión,Ninguna,"Horizontal,Vertical",Cordón divisorio,Sin restricción,"-32.986384071075,-60.645694842802","['José Garibaldi', 'San Martin']",2,,-32.986384071075,-60.645694842802,55.0,538.0,Municipio Rosario,Municipio,Rosario,820210,Servicio de Catastro e Información Territorial,IGN
2020,4894,2020-12-13,Domingo,,04:15:00,,0.0,1,Moto/Ciclomotor,F.More Y Pje. Estudiante Aguilar,2,1,0,0,1,0,0,"-32.95578, -60.69317",Calle,,ROSARIO,Rosario,Asfalto,No existe,II,S/D,Urbana,Ninguna,No existe,Intersección,Bueno,Buena,Amanecer,Buen Tiempo,S/D,S/D,Cañda ocupante,Ninguna,Faltante,S/D,Sin restricción,"-32.95578, -60.69317","['Felipe Moré', 'Estudiante Aguilar']",2,,-32.95578,-60.69317,55.0,538.0,Municipio Rosario,Municipio,Rosario,820210,Servicio de Catastro e Información Territorial,IGN
2020,4895,2020-12-15,Martes,,10:00:00,,0.0,2,"Moto/Ciclomotor,Automóvil",Av. Pte.Peron ,4,0,1,0,3,0,0,"-32.97021, -60.71609",Avenida,,ROSARIO,Rosario,S/D,Pavimento,II,S/D,Urbana,Marca Vial,Funciona,Paso a Nivel FFCC,Bueno,Buena,Diurna,Buen Tiempo,Otro,S/D,Colisión,Ninguna,"Horizontal,Vertical",Barrera de alto impacto,Sin restricción,"-32.97021, -60.71609",['Presidenteperon'],1,,-32.97021,-60.71609,55.0,538.0,Municipio Rosario,Municipio,Rosario,820210,Servicio de Catastro e Información Territorial,IGN
2020,4897,2020-08-15,Sabado,,03:35:00,,0.0,2,"Automóvil,Pickup/Utilitario",Av. Ntra.Sra.del Rosario Y San Martin,3,1,0,0,2,0,0,"-32.9998505115509,-60.6486323475837",Avenida,,ROSARIO,Rosario,Asfalto,No existe,II,Dentro,Urbana,Semáforo,Funciona,Intersección,Bueno,Buena,"Nocturna,Con luz artificial",Buen Tiempo,Lateral,S/D,Colisión,Ninguna,"Horizontal,Vertical",Cordón divisorio,Sin restricción,"-32.9998505115509,-60.6486323475837","['Nuestra Señora del Rosario', 'San Martin']",2,,-32.9998505115509,-60.6486323475837,55.0,538.0,Municipio Rosario,Municipio,Rosario,820210,Servicio de Catastro e Información Territorial,IGN
2020,4898,2020-10-21,Miercoles,,22:30:00,,0.0,2,"Moto/Ciclomotor,Peatón",Anchoris 2856,2,1,0,0,1,0,0,"-32.88729, -60.70243",Calle,,ROSARIO,Rosario,S/D,S/D,II,S/D,Urbana,Ninguna,S/D,Intersección,S/D,Buena,Nocturna,Buen Tiempo,S/D,Peatón,Atropello,S/D,S/D,Ninguna,S/D,"-32.88729, -60.70243",['Anchoris 2856'],1,,-32.88729,-60.70243,55.0,538.0,Municipio Rosario,Municipio,Rosario,820210,Servicio de Catastro e Información Territorial,IGN
2020,4900,2020-12-15,Martes,,11:00:00,,0.0,2,"Automóvil,Moto/Ciclomotor",Dean Funes Y Lima,3,1,0,0,2,0,0,"-32.96754, -60.69059",Calle,,ROSARIO,Rosario,Asfalto,No existe,II,S/D,Urbana,Ninguna,No existe,Intersección,Bueno,Buena,Diurna,Buen Tiempo,Frontal,S/D,Colisión,Ninguna,Faltante,Ninguna,Sin restricción,"-32.96754, -60.69059","['Deán Gregorio Funes', 'Lima']",2,,-32.96754,-60.69059,55.0,538.0,Municipio Rosario,Municipio,Rosario,820210,Servicio de Catastro e Información Territorial,IGN
2020,4901,2020-08-15,Sabado,,12:50:00,,0.0,2,"Automóvil,Moto/Ciclomotor",1 de Mayo Y Dr.Rivas,3,1,0,0,2,0,0,"-32.985178,-60.639069",Calle,,ROSARIO,Rosario,Asfalto,No existe,II,Dentro,Urbana,Ninguna,No existe,Recta,Bueno,Buena,Diurna,Buen Tiempo,De alcance,S/D,Colisión,Ninguna,Faltante,Ninguna,Sin restricción,"-32.985178,-60.639069","['Primero de Mayo', 'Doctor Francisco Riva']",2,,-32.985178,-60.639069,55.0,538.0,Municipio Rosario,Municipio,Rosario,820210,Servicio de Catastro e Información Territorial,IGN
2020,4902,2020-12-12,Sabado,,15:20:00,,0.0,1,Moto/Ciclomotor,Bv. Avellaneda 4500,1,1,0,0,0,0,0,"-32.98354, -60.6886",Calle,,ROSARIO,Rosario,Asfalto,No existe,II,Dentro,Urbana,Ninguna,No existe,Recta,Bueno,Buena,Diurna,Buen Tiempo,S/D,S/D,Cañda ocupante,Ninguna,Faltante,Guardarrail,Sin restricción,"-32.98354, -60.6886",['Avellaneda 4500'],1,,-32.98354,-60.6886,55.0,538.0,Municipio Rosario,Municipio,Rosario,820210,Servicio de Catastro e Información Territorial,IGN
2020,4904,2020-10-29,Jueves,,13:30:00,,0.0,2,"Automóvil,Otros",San Juan Y Santiago,2,1,0,0,1,0,0,"    -32.947, -60.65693",Calle,,ROSARIO,Rosario,Asfalto,S/D,II,S/D,Urbana,S/D,S/D,Recta,S/D,S/D,Diurna,S/D,S/D,S/D,Colisión,S/D,S/D,S/D,S/D,"    -32.947, -60.65693","['San Juan', 'Santiago']",2,,-32.947,-60.65693,55.0,538.0,Municipio Rosario,Municipio,Rosario,820210,Servicio de Catastro e Información Territorial,IGN