anio_acci,nro_acci,fecha,desc_dia,fecha_aprox,hora_aprox,desc_ruta,km,cant_participantes,desc_participante,calle_avenida_km,total,heridos_leves,heridos_graves,heridos_gravisimos,ilesos,fallecidos,sin_datos,posicion_XY,desc_tipo_via,desc_ruta_ori,desc_loc,desc_dpto,desc_tipo_calzada,desc_tipo_banquina,desc_unidad_regional,desc_lugar_calzada,desc_zona,desc_prioridad,desc_estado_semaforo,desc_lugar_via,desc_estado_via,desc_estado_visibilidad,desc_luminosidad,desc_estado_clima,desc_tipo_colision,desc_tipo_atropello,desc_tipo_hecho,desc_pres_calzada,desc_senializacion,desc_separacion_via,desc_restriccion,forma_geocod,calle_lista,numero_calles,calles_osm,lat,lon,index_right,gid,fna,gna,nam,in1,fdc,sag
2020,4905,2020-08-27,Jueves,,11:25:00,,0.0,2,"Camión,Moto/Ciclomotor",Gaboto Y Lima,2,1,0,0,1,0,0,"-32.96552360057831,-60.690052360296",Calle,,ROSARIO,Rosario,Asfalto,No existe,II,Dentro,Urbana,Ninguna,No existe,Intersección,Bueno,Buena,Diurna,Buen Tiempo,Lateral,S/D,Colisión,Ninguna,Faltante,Ninguna,Sin restricción,"-32.96552360057831,-60.690052360296","['Gaboto', 'Lima']",2,,-32.96552360057831,-60.690052360296,55.0,538.0,Municipio Rosario,Municipio,Rosario,820210,Servicio de Catastro e Información Territorial,IGN
2020,4906,2020-08-25,Martes,,17:25:00,,0.0,2,"Moto/Ciclomotor,Automóvil",Ayacucho 5500,2,1,0,0,1,0,0,"-33.000540066849,-60.636331464735",Calle,,ROSARIO,Rosario,Asfalto,No existe,II,Dentro,Urbana,Semáforo,Funciona,Recta,Bueno,S/D,Diurna,Buen Tiempo,De alcance,S/D,"Cañda ocupante,Colisión",Ninguna,"Horizontal,Vertical",Línea divisoria pintada,Sin restricción,"-33.000540066849,-60.636331464735",['Ayacucho 5500'],1,,-33.000540066849,-60.636331464735,55.0,538.0,Municipio Rosario,Municipio,Rosario,820210,Servicio de Catastro e Información Territorial,IGN
2020,4908,2020-10-26,Lunes,,14:40:00,,0.0,2,"Bicicleta,Automóvil",Pueyrredon Y Tucuman,2,1,0,0,1,0,0,"    -32.93836, -60.65619",Calle,,ROSARIO,Rosario,Asfalto,No existe,II,Dentro,Urbana,Ninguna,No existe,Intersección,Bueno,Buena,Diurna,Buen Tiempo,De alcance,Ciclista,Atropello,Ninguna,Faltante,Ninguna,Sin restricción,"    -32.93836, -60.65619","['Pueyrredón', 'Tucumán']",2,,-32.93836,-60.65619,55.0,538.0,Municipio Rosario,Municipio,Rosario,820210,Servicio de Catastro e Información Territorial,IGN
2020,4909,2020-12-13,Domingo,,00:50:00,,0.0,2,"Bicicleta,Pickup/Utilitario",Bv. Avellaneda Y Bv. Segui,2,1,0,0,1,0,0,"-32.97164, -60.68745",Calle,,ROSARIO,Rosario,Asfalto,No existe,II,Dentro,Urbana,Semáforo,Funciona,Intersección,Bueno,Buena,S/D,Buen Tiempo,S/D,Ciclista,Atropello,Ninguna,Faltante,Ninguna,Sin restricción,"-32.97164, -60.68745","['Avellaneda', 'Bulevar Juan Francisco Seguí']",2,,-32.97164,-60.68745,55.0,538.0,Municipio Rosario,Municipio,Rosario,820210,Servicio de Catastro e Información Territorial,IGN
2020,4911,2020-08-13,Jueves,,15:20:00,,0.0,2,"Moto/Ciclomotor,Bicicleta",Av. Arijon Y Av. Corrientes,2,1,0,0,1,0,0,"-33.003096515258,-60.653248692829",Avenida,,ROSARIO,Rosario,Asfalto,No existe,II,Dentro,Urbana,Señal Pare,No existe,Intersección,Bueno,Buena,Diurna,Buen Tiempo,S/D,Ciclista,Atropello,Ninguna,Vertical,Línea divisoria pintada,Sin restricción,"-33.003096515258,-60.653248692829","['Avenida Manuel Arijón', 'Corrientes']",2,,-33.003096515258,-60.653248692829,55.0,538.0,Municipio Rosario,Municipio,Rosario,820210,Servicio de Catastro e Información Territorial,IGN
2020,4912,2020-12-16,Miercoles,,19:20:00,,0.0,2,"Moto/Ciclomotor,Automóvil",Madre Cabrini Y Dorrego,4,3,0,0,1,0,0,"-33.00536, -60.66044",Calle,,ROSARIO,Rosario,Asfalto,No existe,II,S/D,Urbana,Ninguna,No existe,Intersección,Bueno,Buena,Atardecer,Buen Tiempo,Lateral,S/D,Colisión,Ninguna,Faltante,Ninguna,Sin restricción,"-33.00536, -60.66044","['Madre Cabrini', 'Dorrego']",2,,-33.00536,-60.66044,55.0,538.0,Municipio Rosario,Municipio,Rosario,820210,Servicio de Catastro e Información Territorial,IGN
2020,4913,2020-08-21,Viernes,,16:20:00,,0.0,2,"Automóvil,Peatón",Av. Pte.Peron Y Campbell,3,1,0,0,2,0,0,"-32.965679168701136,-60.70695161819",Avenida,,ROSARIO,Rosario,Asfalto,No existe,II,Dentro,Urbana,Paso Peatonal,No existe,Intersección,Bueno,Buena,Diurna,Buen Tiempo,S/D,Peatón,Atropello,Ninguna,Horizontal,Cordón divisorio,Sin restricción,"-32.965679168701136,-60.70695161819","['Avenida Presidente Perón', 'Campbell']",2,,-32.965679168701136,-60.70695161819,55.0,538.0,Municipio Rosario,Municipio,Rosario,820210,Servicio de Catastro e Información Territorial,IGN
2020,4915,2020-12-14,Lunes,,20:00:00,,0.0,2,"Bicicleta,Automóvil",Padre R. Giaccone Y Mariano Moreno,2,1,0,0,1,0,0,"-33.0083, -60.66172",Calle,,ROSARIO,Rosario,Asfalto,No existe,II,Dentro,Urbana,Ninguna,No existe,Intersección,Bueno,Buena,Atardecer,Buen Tiempo,S/D,Ciclista,Atropello,Ninguna,Faltante,Ninguna,Sin restricción,"-33.0083, -60.66172","['Padre R. Giaccone', 'Mariano Moreno']",2,,-33.0083,-60.66172,55.0,538.0,Municipio Rosario,Municipio,Rosario,820210,Servicio de Catastro e Información Territorial,IGN
2020,4919,2020-08-25,Martes,,16:50:00,,0.0,2,"Moto/Ciclomotor,Automóvil",Bv. 27 De Febrero Y Rio De Janeiro,2,1,0,0,1,0,0,"-32.960097599303,-60.685840771514",Avenida,,ROSARIO,Rosario,Asfalto,No existe,II,Dentro,Urbana,Ninguna,No existe,Intersección,Bueno,Buena,Diurna,Buen Tiempo,Lateral,S/D,Colisión,Ninguna,Faltante,Cordón divisorio,Sin restricción,"-32.960097599303,-60.685840771514","['27 de Febrero', 'Río de Janeiro']",2,,-32.960097599303,-60.685840771514,55.0,538.0,Municipio Rosario,Municipio,Rosario,820210,Servicio de Catastro e Información Territorial,IGN
2020,4920,2020-12-14,Lunes,,22:10:00,,0.0,2,"Moto/Ciclomotor,Camión Chasis",Av. Francia Y Av. Ntra.Sra.del Rosario,2,1,0,0,1,0,0,"-33.00096, -60.67784",Calle,,ROSARIO,Rosario,Asfalto,No existe,II,Dentro,Urbana,Ninguna,No existe,Intersección,Bueno,Buena,Nocturna,Buen Tiempo,Lateral,S/D,Colisión,Ninguna,Faltante,Ninguna,Sin restricción,"-33.00096, -60.67784","['Avenida Francia', 'Nuestra Señora del Rosario']",2,,-33.00096,-60.67784,55.0,538.0,Municipio Rosario,Municipio,Rosario,820210,Servicio de Catastro e Información Territorial,IGN
2020,4924,2020-10-22,Jueves,,18:45:00,,0.0,2,"Automóvil,Moto/Ciclomotor",Av. Ovidio Lagos Y San Luis,2,0,1,0,1,0,0,"-32.94487, -60.66211",Calle,,ROSARIO,Rosario,Asfalto,S/D,II,S/D,Urbana,S/D,S/D,Intersección,Bueno,S/D,Diurna,S/D,S/D,S/D,Colisión,S/D,S/D,S/D,S/D,"-32.94487, -60.66211","['Avenida Ovidio Lagos', 'San Luis']",2,,-32.94487,-60.66211,55.0,538.0,Municipio Rosario,Municipio,Rosario,820210,Servicio de Catastro e Información Territorial,IGN
2020,4925,2020-12-15,Martes,,20:40:00,,0.0,2,"Bicicleta,Pickup/Utilitario",Av. Francia Y Fragata Sarmiento,2,1,0,0,1,0,0,"-32.98794, -60.67713",Calle,,ROSARIO,Rosario,Asfalto,No existe,II,Dentro,Urbana,Ninguna,No existe,Intersección,Bueno,Buena,Nocturna,Buen Tiempo,S/D,Ciclista,Atropello,Ninguna,Faltante,Ninguna,Sin restricción,"-32.98794, -60.67713","['Avenida Francia', 'Fragata Sarmiento']",2,,-32.98794,-60.67713,55.0,538.0,Municipio Rosario,Municipio,Rosario,820210,Servicio de Catastro e Información Territorial,IGN
2020,4927,2020-12-15,Martes,,11:30:00,,0.0,2,"Moto/Ciclomotor,Pickup/Utilitario",Callao Y Uruguay,2,1,0,0,1,0,0,"-32.97285, -60.66774",Calle,,ROSARIO,Rosario,Asfalto,No existe,II,S/D,Urbana,Ninguna,No existe,Intersección,Bueno,Buena,Diurna,Buen Tiempo,Lateral,S/D,Colisión,Ninguna,Faltante,Ninguna,Sin restricción,"-32.97285, -60.66774","['Callao', 'Uruguay']",2,,-32.97285,-60.66774,55.0,538.0,Municipio Rosario,Municipio,Rosario,820210,Servicio de Catastro e Información Territorial,IGN
2020,4929,2020-10-22,Jueves,,21:40:00,,0.0,2,"Peatón,Automóvil",Bv. Avellaneda Y Dean Funes,2,1,0,0,1,0,0,"-32.96829, -60.68646",Calle,,ROSARIO,Rosario,Asfalto,No existe,II,Dentro,Urbana,Ninguna,No existe,Intersección,Bueno,Buena,"Nocturna,Con luz artificial",Buen Tiempo,S/D,Peatón,Atropello,Ninguna,Faltante,Ninguna,Sin restricción,"-32.96829, -60.68646","['Avellaneda', 'Deán Gregorio Funes']",2,,-32.96829,-60.68646,55.0,538.0,Municipio Rosario,Municipio,Rosario,820210,Servicio de Catastro e Información Territorial,IGN
2020,4931,2020-08-05,Miercoles,,09:30:00,,0.0,2,"Automóvil,Moto/Ciclomotor",Av. Pellegrini Y Bv. Avellaneda,2,1,0,0,1,0,0,"-32.949882933661,-60.681734020985",Avenida,,ROSARIO,Rosario,Asfalto,No existe,II,Dentro,Urbana,Semáforo,Funciona,Intersección,Bueno,Buena,Diurna,Buen Tiempo,Lateral,S/D,Colisión,Ninguna,"Horizontal,Vertical",Ninguna,Sin restricción,"-32.949882933661,-60.681734020985","['Pellegrini', 'Avellaneda']",2,,-32.949882933661,-60.681734020985,55.0,538.0,Municipio Rosario,Municipio,Rosario,820210,Servicio de Catastro e Información Territorial,IGN
2020,4933,2020-12-15,Martes,,19:00:00,,0.0,3,"Bicicleta,Moto/Ciclomotor,Pickup/Utilitario",Bv. Avellaneda Y Bv. Segui,3,2,0,0,1,0,0,"-32.97168, -60.68728",Calle,,ROSARIO,Rosario,Asfalto,No existe,II,Dentro,Urbana,Ninguna,No existe,Intersección,Bueno,Buena,Atardecer,Buen Tiempo,Múltiple,Ciclista,"Colisión,Atropello",Ninguna,Faltante,Cordón divisorio,Sin restricción,"-32.97168, -60.68728","['Avellaneda', 'Bulevar Juan Francisco Seguí']",2,,-32.97168,-60.68728,55.0,538.0,Municipio Rosario,Municipio,Rosario,820210,Servicio de Catastro e Información Territorial,IGN
2020,4934,2020-08-27,Jueves,,14:30:00,,0.0,2,"Bicicleta,Pickup/Utilitario",Garay Y Necochea,2,1,0,0,1,0,0,"-32.976983537674,-60.63122438499",Calle,,ROSARIO,Rosario,Asfalto,No existe,II,Dentro,Urbana,Ninguna,No existe,Intersección,Bueno,Buena,Diurna,Buen Tiempo,S/D,Ciclista,Atropello,Ninguna,Faltante,Ninguna,Sin restricción,"-32.976983537674,-60.63122438499","['Garay', 'Necochea']",2,,-32.976983537674,-60.63122438499,55.0,538.0,Municipio Rosario,Municipio,Rosario,820210,Servicio de Catastro e Información Territorial,IGN
2020,4935,2020-10-22,Jueves,,16:50:00,,0.0,2,"Moto/Ciclomotor,Moto/Ciclomotor",Bv. Segui Y Camilo Aldao,3,0,2,0,1,0,0,"-32.97061, -60.6948",Avenida,,ROSARIO,Rosario,S/D,S/D,II,S/D,Urbana,Ninguna,No existe,Intersección,S/D,Buena,Diurna,Buen Tiempo,S/D,S/D,Colisión,S/D,Faltante,Ninguna,Sin restricción,"-32.97061, -60.6948","['Bulevar Juan Francisco Seguí', 'Camilo Aldao']",2,,-32.97061,-60.6948,55.0,538.0,Municipio Rosario,Municipio,Rosario,820210,Servicio de Catastro e Información Territorial,IGN
2020,4936,2020-08-11,Martes,,08:40:00,,0.0,3,"Taxi/Remis,Pickup/Utilitario,Automóvil",Benito Juarez Y Entre Rios,4,2,0,0,2,0,0,"-32.99300283193588,-60.652242600917",Calle,,ROSARIO,Rosario,Asfalto,No existe,II,Dentro,Urbana,Ninguna,No existe,Intersección,Bueno,Buena,Diurna,Buen Tiempo,Múltiple,S/D,Colisión,Ninguna,Faltante,Ninguna,Sin restricción,"-32.99300283193588,-60.652242600917","['Benito Juárez', 'Entre Ríos']",2,,-32.99300283193588,-60.652242600917,55.0,538.0,Municipio Rosario,Municipio,Rosario,820210,Servicio de Catastro e Información Territorial,IGN
2020,4939,2020-08-01,Sabado,,15:00:00,,0.0,2,"Moto/Ciclomotor,Peatón",Av. Pte.Peron Y Cafferata,2,0,0,0,1,1,0,"-32.956525407357,-60.674982896756",Avenida,,ROSARIO,Rosario,Asfalto,No existe,II,Dentro,Urbana,Semáforo,Funciona,Intersección,Bueno,Buena,Diurna,Buen Tiempo,S/D,Peatón,Atropello,Ninguna,"Horizontal,Vertical","Cordón divisorio,Ninguna",Sin restricción,"-32.956525407357,-60.674982896756","['Avenida Presidente Perón', 'Cafferata']",2,,-32.956525407357,-60.674982896756,55.0,538.0,Municipio Rosario,Municipio,Rosario,820210,Servicio de Catastro e Información Territorial,IGN
2020,4940,2020-12-10,Jueves,,17:30:00,,0.0,2,"Moto/Ciclomotor,Pickup/Utilitario",Garibaldi ,4,2,0,0,2,0,0,"-32.97872, -60.68846",Avenida,,ROSARIO,Rosario,Asfalto,No existe,II,Dentro,Urbana,Ninguna,No existe,Intersección,Bueno,Buena,Diurna,Buen Tiempo,Lateral,S/D,Colisión,Ninguna,Faltante,Cordón divisorio,Sin restricción,"-32.97872, -60.68846",['José Garibaldi'],1,,-32.97872,-60.68846,55.0,538.0,Municipio Rosario,Municipio,Rosario,820210,Servicio de Catastro e Información Territorial,IGN
2020,4941,2020-10-22,Jueves,,07:35:00,,0.0,2,"Moto/Ciclomotor,Pickup/Utilitario",J.B.Justo Y Mariano Cabal Bis,2,1,0,0,1,0,0,"-32.91462, -60.7028",Calle,,ROSARIO,Rosario,Asfalto,No existe,II,Dentro,Rural,Ninguna,No existe,Intersección,Bueno,Buena,Amanecer,Buen Tiempo,S/D,S/D,Colisión,Ninguna,Faltante,Ninguna,Sin restricción,"-32.91462, -60.7028","['Justo', 'Mariano Cabal']",2,,-32.91462,-60.7028,55.0,538.0,Municipio Rosario,Municipio,Rosario,820210,Servicio de Catastro e Información Territorial,IGN
2020,4943,2020-12-11,Viernes,,09:00:00,,0.0,2,"Automóvil,Automóvil",Cereseto Y Cazadores,2,1,0,0,1,0,0,"-33.00479, -60.67379",Calle,,ROSARIO,Rosario,Asfalto,No existe,II,Dentro,Urbana,Señal Pare,No existe,Intersección,Bueno,Buena,Diurna,Buen Tiempo,Lateral,S/D,Colisión,Ninguna,Vertical,Ninguna,Sin restricción,"-33.00479, -60.67379","['Cereseto', 'Cazadores']",2,,-33.00479,-60.67379,55.0,538.0,Municipio Rosario,Municipio,Rosario,820210,Servicio de Catastro e Información Territorial,IGN
2020,4944,2020-12-09,Miercoles,,14:30:00,,0.0,2,"Moto/Ciclomotor,Automóvil",Pueyrredon ,2,1,0,0,1,0,0,"-32.94217, -60.65716",Calle,,ROSARIO,Rosario,Asfalto,No existe,II,Dentro,Urbana,Ninguna,No existe,Intersección,Bueno,Buena,Diurna,Buen Tiempo,Otro,S/D,Colisión,Ninguna,Faltante,Ninguna,Sin restricción,"-32.94217, -60.65716",['Pueyrredón'],1,,-32.94217,-60.65716,55.0,538.0,Municipio Rosario,Municipio,Rosario,820210,Servicio de Catastro e Información Territorial,IGN
2020,4949,2020-12-13,Domingo,,03:45:00,,0.0,2,"Moto/Ciclomotor,Automóvil",Baigorria Y Pizurno,3,1,0,0,0,0,2,"-32.89378, -60.71175",Calle,,ROSARIO,Rosario,Asfalto,S/D,II,S/D,Urbana,S/D,S/D,Recta,S/D,S/D,S/D,S/D,S/D,S/D,Colisión,S/D,S/D,S/D,S/D,"-32.89378, -60.71175","['Baigorria', 'Pablo Pizzurno']",2,,-32.89378,-60.71175,55.0,538.0,Municipio Rosario,Municipio,Rosario,820210,Servicio de Catastro e Información Territorial,IGN
2020,4951,2020-08-27,Jueves,,12:30:00,,0.0,2,"Bicicleta,Moto/Ciclomotor",Ayolas Y San Martin,2,1,0,0,1,0,0,"-32.97705220995,-60.644243945969",Calle,,ROSARIO,Rosario,Asfalto,No existe,II,Dentro,Urbana,Semáforo,Funciona,Intersección,Bueno,Buena,Diurna,Buen Tiempo,S/D,Ciclista,Atropello,Ninguna,"Horizontal,Vertical",Línea divisoria pintada,Sin restricción,"-32.97705220995,-60.644243945969","['Ayolas', 'San Martin']",2,,-32.97705220995,-60.644243945969,55.0,538.0,Municipio Rosario,Municipio,Rosario,820210,Servicio de Catastro e Información Territorial,IGN
2020,4952,2020-08-01,Sabado,,11:20:00,,0.0,2,"Moto/Ciclomotor,Automóvil",Bv. 27 De Febrero Y Guatemala,3,0,1,0,1,0,1,"-32.959478489479,-60.716479807553",Avenida,,ROSARIO,Rosario,Asfalto,No existe,II,Dentro,Urbana,Semáforo,Funciona,Intersección,Bueno,Buena,Diurna,Buen Tiempo,Lateral,S/D,Colisión,Ninguna,"Horizontal,Vertical",Cordón divisorio,Sin restricción,"-32.959478489479,-60.716479807553","['27 de Febrero', 'Guatemala']",2,,-32.959478489479,-60.716479807553,55.0,538.0,Municipio Rosario,Municipio,Rosario,820210,Servicio de Catastro e Información Territorial,IGN
2020,4953,2020-12-13,Domingo,,07:30:00,,0.0,2,"Moto/Ciclomotor,Automóvil",Baigorria Y Lopez Buchardo,2,1,0,0,0,0,1,"-32.89392, -60.71778",Calle,,ROSARIO,Rosario,Asfalto,S/D,II,S/D,Urbana,S/D,S/D,Intersección,Bueno,S/D,Diurna,S/D,S/D,S/D,Colisión,S/D,S/D,S/D,S/D,"-32.89392, -60.71778","['Baigorria', 'López Buchardo']",2,,-32.89392,-60.71778,55.0,538.0,Municipio Rosario,Municipio,Rosario,820210,Servicio de Catastro e Información Territorial,IGN
2020,4956,2020-12-16,Miercoles,,,,0.0,2,"Automóvil,Automóvil",Larrechea Y Pje. Boedo,4,1,1,0,2,0,0,"-32.89843, -60.70612",Calle,,ROSARIO,Rosario,Asfalto,Pavimento,II,S/D,Urbana,S/D,No existe,Intersección,Otro,S/D,S/D,S/D,S/D,S/D,Colisión,Agua,S/D,Ninguna,S/D,"-32.89843, -60.70612","['Larrechea', 'Boedo']",2,,-32.89843,-60.70612,55.0,538.0,Municipio Rosario,Municipio,Rosario,820210,Servicio de Catastro e Información Territorial,IGN
2020,4957,2020-08-02,Domingo,,21:30:00,,0.0,2,"Pickup/Utilitario,Moto/Ciclomotor",Rueda Y San Nicolas,3,1,1,0,1,0,0,"-32.964922111728,-60.678539736189",Calle,,ROSARIO,Rosario,Asfalto,No existe,II,Dentro,Urbana,Ninguna,No existe,Intersección,Bueno,Buena,"Nocturna,Con luz artificial",Buen Tiempo,Lateral,S/D,Colisión,Ninguna,Faltante,Ninguna,Sin restricción,"-32.964922111728,-60.678539736189","['Rueda', 'San Nicolás']",2,,-32.964922111728,-60.678539736189,55.0,538.0,Municipio Rosario,Municipio,Rosario,820210,Servicio de Catastro e Información Territorial,IGN
2020,4959,2020-08-26,Miercoles,,19:30:00,,0.0,2,"Moto/Ciclomotor,Pickup/Utilitario",Marco Polo Y Pje. Elizalde A,2,1,0,0,1,0,0,"-33.01067054271698,-60.640515983104",Calle,,ROSARIO,Rosario,Asfalto,No existe,II,Dentro,Urbana,Ninguna,No existe,Intersección,Bueno,Buena,"Nocturna,Con luz artificial",Buen Tiempo,Lateral,S/D,Colisión,Ninguna,Faltante,Ninguna,Sin restricción,"-33.01067054271698,-60.640515983104","['Marco Polo', 'Elizalde']",2,,-33.01067054271698,-60.640515983104,55.0,538.0,Municipio Rosario,Municipio,Rosario,820210,Servicio de Catastro e Información Territorial,IGN
2020,4963,2020-08-09,Domingo,,16:25:00,,0.0,2,"Moto/Ciclomotor,Moto/Ciclomotor",Av. Battle y Ordo�ez Y Hungria,3,3,0,0,0,0,0,"-33.00837457180023,-60.633467137813",Avenida,,ROSARIO,Rosario,Asfalto,No existe,II,Dentro,Urbana,Ninguna,No existe,Intersección,Bueno,Buena,Diurna,Buen Tiempo,Lateral,S/D,Colisión,Ninguna,Faltante,Ninguna,Sin restricción,"-33.00837457180023,-60.633467137813","['Avenida Battle y Ordoñez', 'Hungría']",2,,-33.00837457180023,-60.633467137813,55.0,538.0,Municipio Rosario,Municipio,Rosario,820210,Servicio de Catastro e Información Territorial,IGN
2020,4965,2020-08-02,Domingo,,17:50:00,,0.0,2,"Moto/Ciclomotor,Pickup/Utilitario",J.Colombres Y Rivarola,3,1,1,0,1,0,0,"-32.966174228332,-60.724752212708",Avenida,,ROSARIO,Rosario,Asfalto,No existe,II,Dentro,Urbana,Paso Peatonal,No existe,Intersección,Bueno,Buena,Diurna,Buen Tiempo,Lateral,S/D,Colisión,Ninguna,Horizontal,Cordón divisorio,Sin restricción,"-32.966174228332,-60.724752212708","['José Colombres', 'Rivarola']",2,,-32.966174228332,-60.724752212708,55.0,538.0,Municipio Rosario,Municipio,Rosario,820210,Servicio de Catastro e Información Territorial,IGN
2020,4970,2020-08-02,Domingo,,21:30:00,,0.0,2,"Moto/Ciclomotor,Camión Chasis",JUAN PABLO II Y SAN LORENZO,2,0,1,0,1,0,0,"-32.934801,-60.72216",Calle,,ROSARIO,Rosario,Asfalto,No existe,II,Dentro,Urbana,Ninguna,No existe,Intersección,Bueno,Buena,"Diurna,Con luz artificial",Buen Tiempo,Lateral,S/D,Colisión,Ninguna,Faltante,Ninguna,Sin restricción,"-32.934801,-60.72216","['Juan Pablo II', 'San Lorenzo']",2,,-32.934801,-60.72216,55.0,538.0,Municipio Rosario,Municipio,Rosario,820210,Servicio de Catastro e Información Territorial,IGN
2020,4971,2020-08-07,Viernes,,14:10:00,,0.0,2,"Automóvil,Moto/Ciclomotor",P.L.Funes Y Riobamba,2,1,0,0,1,0,0,"-32.954207412588,-60.700631386893",Calle,,ROSARIO,Rosario,Asfalto,No existe,II,Dentro,Urbana,Otra Señal,No existe,Intersección,Deteriorada,Buena,Diurna,Buen Tiempo,Lateral,S/D,Colisión,S/D,Vertical,Ninguna,Sin restricción,"-32.954207412588,-60.700631386893","['Funes', 'Riobamba']",2,,-32.954207412588,-60.700631386893,55.0,538.0,Municipio Rosario,Municipio,Rosario,820210,Servicio de Catastro e Información Territorial,IGN
2020,4972,2020-12-11,Viernes,,09:30:00,,0.0,1,Moto/Ciclomotor,Entre Rios Y Biedma,2,1,0,0,1,0,0,"-32.98087,-60.64975",Calle,,ROSARIO,Rosario,Asfalto,No existe,II,Dentro,Urbana,Ninguna,No existe,Intersección,Bueno,Buena,Diurna,Buen Tiempo,S/D,S/D,Cañda ocupante,Ninguna,Faltante,Ninguna,Sin restricción,"-32.98087,-60.64975","['Entre Ríos', 'Coronel Biedma']",2,,-32.98087,-60.64975,55.0,538.0,Municipio Rosario,Municipio,Rosario,820210,Servicio de Catastro e Información Territorial,IGN
2020,4974,2020-12-12,Sabado,,14:00:00,,0.0,2,"Moto/Ciclomotor,Automóvil",24 De Setiembre Y Paraguay,2,0,1,0,0,0,1,"-32.97925, -60.65224",Calle,,ROSARIO,Rosario,Asfalto,No existe,II,Dentro,Urbana,Ninguna,No existe,Intersección,Bueno,Buena,Diurna,Buen Tiempo,Lateral,S/D,Colisión,Ninguna,Faltante,Ninguna,Sin restricción,"-32.97925, -60.65224","['24 de Septiembre', 'Paraguay']",2,,-32.97925,-60.65224,55.0,538.0,Municipio Rosario,Municipio,Rosario,820210,Servicio de Catastro e Información Territorial,IGN
2020,4976,2020-08-27,Jueves,,08:20:00,,0.0,2,"Moto/Ciclomotor,Automóvil",Mendoza Y Sanchez de Loria,2,1,0,0,1,0,0,"-32.940159392325,-60.731705817545",Calle,,ROSARIO,Rosario,Asfalto,No existe,II,Dentro,Urbana,Semáforo,Funciona,Recta,Bueno,Buena,Diurna,Buen Tiempo,De alcance,S/D,Colisión,Ninguna,Vertical,Cordón divisorio,Sin restricción,"-32.940159392325,-60.731705817545","['Mendoza', 'Sánchez de Loria']",2,,-32.940159392325,-60.731705817545,55.0,538.0,Municipio Rosario,Municipio,Rosario,820210,Servicio de Catastro e Información Territorial,IGN
2020,4978,2020-08-18,Martes,,13:25:00,,0.0,2,"Moto/Ciclomotor,Moto/Ciclomotor",Cochabamba Y Cullen,3,3,0,0,0,0,0,"-32.949681806793,-60.708690720642",Calle,,ROSARIO,Rosario,Asfalto,No existe,II,Dentro,Urbana,Ninguna,No existe,Intersección,Bueno,Buena,Diurna,Buen Tiempo,Lateral,S/D,Colisión,Ninguna,Faltante,Ninguna,Sin restricción,"-32.949681806793,-60.708690720642","['Cochabamba', 'Cullen']",2,,-32.949681806793,-60.708690720642,55.0,538.0,Municipio Rosario,Municipio,Rosario,820210,Servicio de Catastro e Información Territorial,IGN
2020,4981,2020-12-14,Lunes,,16:30:00,,0.0,2,"Peatón,Automóvil",San Martin Y Saavedra,2,1,0,0,1,0,0,"-32.97829, -60.64408",Calle,,ROSARIO,Rosario,Asfalto,No existe,II,Dentro,Urbana,Ninguna,No existe,Intersección,Bueno,Buena,Diurna,Buen Tiempo,S/D,Peatón,Atropello,Ninguna,Faltante,Ninguna,Sin restricción,"-32.97829, -60.64408","['San Martin', 'Saavedra']",2,,-32.97829,-60.64408,55.0,538.0,Municipio Rosario,Municipio,Rosario,820210,Servicio de Catastro e Información Territorial,IGN
2020,4982,2020-08-17,Lunes,,23:30:00,,0.0,2,"Moto/Ciclomotor,Automóvil",Bv. Avellaneda Y Ocampo,2,1,0,0,1,0,0,"-32.95909411361,-60.684284768591",Avenida,,ROSARIO,Rosario,Asfalto,No existe,II,Dentro,Urbana,Ninguna,No existe,Intersección,Bueno,Buena,"Nocturna,Con luz artificial",Buen Tiempo,Lateral,S/D,Colisión,Ninguna,Faltante,Cordón divisorio,Sin restricción,"-32.95909411361,-60.684284768591","['Avellaneda', 'Ocampo']",2,,-32.95909411361,-60.684284768591,55.0,538.0,Municipio Rosario,Municipio,Rosario,820210,Servicio de Catastro e Información Territorial,IGN