anio_acci,nro_acci,fecha,desc_dia,fecha_aprox,hora_aprox,desc_ruta,km,cant_participantes,desc_participante,calle_avenida_km,total,heridos_leves,heridos_graves,heridos_gravisimos,ilesos,fallecidos,sin_datos,posicion_XY,desc_tipo_via,desc_ruta_ori,desc_loc,desc_dpto,desc_tipo_calzada,desc_tipo_banquina,desc_unidad_regional,desc_lugar_calzada,desc_zona,desc_prioridad,desc_estado_semaforo,desc_lugar_via,desc_estado_via,desc_estado_visibilidad,desc_luminosidad,desc_estado_clima,desc_tipo_colision,desc_tipo_atropello,desc_tipo_hecho,desc_pres_calzada,desc_senializacion,desc_separacion_via,desc_restriccion,forma_geocod,calle_lista,numero_calles,calles_osm,lat,lon,index_right,gid,fna,gna,nam,in1,fdc,sag
2020,4983,2020-08-06,Jueves,,09:40:00,,0.0,2,"Peatón,Moto/Ciclomotor",Av. Eva Peron Y Av. Provincias Unidas,2,1,0,0,1,0,0,"-32.933028638362885,-60.71302413940",Avenida,,ROSARIO,Rosario,Asfalto,No existe,II,Dentro,Urbana,Semáforo,Funciona,Intersección,Bueno,Buena,Diurna,Buen Tiempo,S/D,Peatón,Atropello,Ninguna,"Horizontal,Vertical",Cordón divisorio,Sin restricción,"-32.933028638362885,-60.71302413940","['Avenida Eva Perón', 'Avenida Provincias Unidas']",2,,-32.933028638362885,-60.7130241394,55.0,538.0,Municipio Rosario,Municipio,Rosario,820210,Servicio de Catastro e Información Territorial,IGN
2020,4984,2020-11-04,Miercoles,,18:45:00,,0.0,2,"Moto/Ciclomotor,Otros",Donado Y Morrison,2,0,1,0,1,0,0,"-32.92542, -60.72757",Calle,,ROSARIO,Rosario,Asfalto,No existe,II,Dentro,Urbana,Ninguna,No existe,Intersección,Bueno,Buena,Diurna,Buen Tiempo,Otro,S/D,Colisión,Ninguna,S/D,Ninguna,Sin restricción,"-32.92542, -60.72757","['Donado', 'Morrison']",2,,-32.92542,-60.72757,55.0,538.0,Municipio Rosario,Municipio,Rosario,820210,Servicio de Catastro e Información Territorial,IGN
2020,4985,2020-10-18,Domingo,,00:00:00,,0.0,2,"Bicicleta,Pickup/Utilitario",Av. Francia Y Cerrito,2,1,0,0,1,0,0,"-32.95699, -60.66934",Calle,,ROSARIO,Rosario,Asfalto,S/D,II,S/D,Urbana,Ninguna,S/D,Intersección,Bueno,Buena,Atardecer,Buen Tiempo,S/D,Ciclista,Atropello,Ninguna,Faltante,Ninguna,Sin restricción,"-32.95699, -60.66934","['Avenida Francia', 'Cerrito']",2,,-32.95699,-60.66934,55.0,538.0,Municipio Rosario,Municipio,Rosario,820210,Servicio de Catastro e Información Territorial,IGN
2020,4986,2020-11-07,Sabado,,13:25:00,,0.0,2,"Peatón,Automóvil",Av. Eva Peron Y Donado,3,1,0,0,2,0,0,"-32.93034, -60.72732",Avenida,,ROSARIO,Rosario,Asfalto,No existe,II,Dentro,Urbana,S/D,Funciona,Recta,Bueno,Buena,Diurna,S/D,S/D,Peatón,Atropello,Ninguna,S/D,S/D,S/D,"-32.93034, -60.72732","['Avenida Eva Perón', 'Donado']",2,,-32.93034,-60.72732,55.0,538.0,Municipio Rosario,Municipio,Rosario,820210,Servicio de Catastro e Información Territorial,IGN
2020,4987,2020-08-16,Domingo,,17:50:00,,0.0,2,"Moto/Ciclomotor,Moto/Ciclomotor",Cochabamba Y Gutenberg,2,1,0,0,1,0,0,"-32.949667, -60.690354",Calle,,ROSARIO,Rosario,Asfalto,No existe,II,Dentro,Urbana,Ninguna,S/D,Intersección,Bueno,Buena,Diurna,Buen Tiempo,Frontal,S/D,Colisión,Ninguna,S/D,Ninguna,Sin restricción,"-32.949667, -60.690354","['Cochabamba', 'Gutenberg']",2,,-32.949667,-60.690354,55.0,538.0,Municipio Rosario,Municipio,Rosario,820210,Servicio de Catastro e Información Territorial,IGN
2020,4988,2020-08-14,Viernes,,13:40:00,,0.0,2,"Moto/Ciclomotor,Camión Chasis",Av. Eva Peron Y Ecuador,2,1,0,0,1,0,0,"-32.932503962048,-60.715387113449",Avenida,,ROSARIO,Rosario,Asfalto,No existe,II,Dentro,Urbana,Semáforo,Funciona,Intersección,Deteriorada,Buena,Diurna,Buen Tiempo,Lateral,S/D,Colisión,Ninguna,"Horizontal,Vertical",Cordón divisorio,Sin restricción,"-32.932503962048,-60.715387113449","['Avenida Eva Perón', 'Ecuador']",2,,-32.932503962048,-60.715387113449,55.0,538.0,Municipio Rosario,Municipio,Rosario,820210,Servicio de Catastro e Información Territorial,IGN
2020,4989,2020-10-23,Viernes,,07:50:00,,0.0,2,"Moto/Ciclomotor,Automóvil",Montevideo Y Balcarce,3,2,0,0,1,0,0,"-32.948304491534,-60.684290389195",Calle,,ROSARIO,Rosario,Asfalto,No existe,II,S/D,Urbana,Ninguna,No existe,Intersección,S/D,S/D,Diurna,S/D,S/D,S/D,Colisión,S/D,Faltante,"Ninguna,S/D",S/D,"-32.948304491534,-60.684290389195","['Montevideo', 'Balcarce']",2,,-32.948304491534,-60.684290389195,55.0,538.0,Municipio Rosario,Municipio,Rosario,820210,Servicio de Catastro e Información Territorial,IGN
2020,4990,2020-11-07,Sabado,,09:20:00,,0.0,3,"Taxi/Remis,Moto/Ciclomotor,Automóvil",Av. Eva Peron ,4,1,0,0,3,0,0,"-32.93173, -60.72006",Avenida,,ROSARIO,Rosario,S/D,S/D,II,Dentro,Urbana,S/D,S/D,S/D,S/D,S/D,S/D,S/D,S/D,S/D,S/D,S/D,S/D,S/D,S/D,"-32.93173, -60.72006",['Eva Peron'],1,,-32.93173,-60.72006,55.0,538.0,Municipio Rosario,Municipio,Rosario,820210,Servicio de Catastro e Información Territorial,IGN
2020,4991,2020-12-09,Miercoles,,09:15:00,,0.0,2,"Moto/Ciclomotor,Taxi/Remis",Paraguay Y Bv. Segui,2,1,0,0,1,0,0,"-32.97816, -60.65195",Calle,,ROSARIO,Rosario,Asfalto,S/D,II,Dentro,Urbana,Ninguna,No existe,Intersección,Bueno,Buena,Diurna,Buen Tiempo,Lateral,S/D,Colisión,Ninguna,Faltante,Ninguna,Sin restricción,"-32.97816, -60.65195","['Paraguay', 'Bulevar Juan Francisco Seguí']",2,,-32.97816,-60.65195,55.0,538.0,Municipio Rosario,Municipio,Rosario,820210,Servicio de Catastro e Información Territorial,IGN
2020,4992,2020-08-28,Viernes,,00:20:00,,0.0,2,"Moto/Ciclomotor,Automóvil",Av. Eva Peron Y Av. Provincias Unidas,3,0,2,0,1,0,0,"-32.93303132057192,-60.713002681732",Avenida,,ROSARIO,Rosario,Asfalto,No existe,II,Dentro,Urbana,Semáforo,Funciona,Intersección,Bueno,Buena,Nocturna,Buen Tiempo,Lateral,S/D,Colisión,Ninguna,"Horizontal,Vertical",Cordón divisorio,Sin restricción,"-32.93303132057192,-60.713002681732","['Avenida Eva Perón', 'Avenida Provincias Unidas']",2,,-32.93303132057192,-60.713002681732,55.0,538.0,Municipio Rosario,Municipio,Rosario,820210,Servicio de Catastro e Información Territorial,IGN
2020,4994,2020-11-01,Domingo,,00:05:00,,0.0,2,"Moto/Ciclomotor,Taxi/Remis",Tarragona Bis Y J.J.Paso,5,1,1,0,3,0,0,"-32.92077, -60.73505",Calle,,ROSARIO,Rosario,Asfalto,S/D,II,Dentro,Urbana,S/D,S/D,Intersección,Bueno,S/D,S/D,S/D,S/D,S/D,S/D,Ninguna,S/D,S/D,S/D,"-32.92077, -60.73505","['Tarragona', 'Paso']",2,,-32.92077,-60.73505,55.0,538.0,Municipio Rosario,Municipio,Rosario,820210,Servicio de Catastro e Información Territorial,IGN
2020,4995,2020-12-11,Viernes,,22:45:00,,0.0,2,"Moto/Ciclomotor,Automóvil",Callao Bis Y Guemes,2,1,0,0,1,0,0,"-32.93202, -60.65745",Calle,,ROSARIO,Rosario,Asfalto,No existe,II,S/D,Urbana,Ninguna,No existe,Recta,Bueno,Buena,Nocturna,Buen Tiempo,De alcance,S/D,Colisión,Ninguna,Faltante,Ninguna,Sin restricción,"-32.93202, -60.65745","['Callao', 'Güemes']",2,,-32.93202,-60.65745,55.0,538.0,Municipio Rosario,Municipio,Rosario,820210,Servicio de Catastro e Información Territorial,IGN
2020,4998,2020-08-28,Viernes,,07:55:00,,0.0,2,"Moto/Ciclomotor,Taxi/Remis",Junin Y Matienzo,4,0,1,0,3,0,0,"-32.927095399177,-60.695185331556",Calle,,ROSARIO,Rosario,Asfalto,No existe,II,Dentro,Urbana,Ninguna,No existe,Intersección,Bueno,Buena,Diurna,Buen Tiempo,Lateral,S/D,Colisión,Ninguna,Faltante,Ninguna,Sin restricción,"-32.927095399177,-60.695185331556","['Junín', 'Matienzo']",2,,-32.927095399177,-60.695185331556,55.0,538.0,Municipio Rosario,Municipio,Rosario,820210,Servicio de Catastro e Información Territorial,IGN
2020,4999,2020-08-20,Jueves,,22:30:00,,0.0,2,"Automóvil,Automóvil",JUAN PABLO SEGUNDO Y LA PAZ,3,2,0,0,0,0,1,"-32.955992, -60.721063",Calle,,ROSARIO,Rosario,Asfalto,No existe,II,Dentro,Urbana,Señal Pare,No existe,Intersección,Bueno,Buena,"Nocturna,Con luz artificial",Buen Tiempo,Lateral,S/D,Colisión,Ninguna,Vertical,Ninguna,Sin restricción,"-32.955992, -60.721063","['Juan Pablo II', 'La Paz']",2,,-32.955992,-60.721063,55.0,538.0,Municipio Rosario,Municipio,Rosario,820210,Servicio de Catastro e Información Territorial,IGN
2020,5000,2020-08-16,Domingo,,22:00:00,,0.0,1,Moto/Ciclomotor,Bv. Segui Y Roullon,2,1,0,0,1,0,0,"-32.970795, -60.701120",Avenida,,ROSARIO,Rosario,Asfalto,No existe,II,Dentro,Urbana,Semáforo,Funciona,Recta,Bueno,Buena,"Nocturna,Con luz artificial",Buen Tiempo,S/D,S/D,Cañda ocupante,Ninguna,"Horizontal,Vertical",Línea divisoria pintada,Sin restricción,"-32.970795, -60.701120","['Bulevar Juan Francisco Seguí', 'Alfredo Rouillón']",2,,-32.970795,-60.70112,55.0,538.0,Municipio Rosario,Municipio,Rosario,820210,Servicio de Catastro e Información Territorial,IGN
2020,5002,2020-08-16,Domingo,,12:25:00,,0.0,2,"Moto/Ciclomotor,Automóvil",Sanguinetti Y Pje. Zola,2,1,0,0,1,0,0,"-32.971848, -60.695419",Calle,,ROSARIO,Rosario,Asfalto,No existe,II,Dentro,Urbana,Ninguna,No existe,Intersección,Bueno,Buena,Diurna,Buen Tiempo,Lateral,S/D,Colisión,Ninguna,Faltante,Ninguna,Sin restricción,"-32.971848, -60.695419","['Sanguinetti', 'Zola']",2,,-32.971848,-60.695419,55.0,538.0,Municipio Rosario,Municipio,Rosario,820210,Servicio de Catastro e Información Territorial,IGN
2020,5003,2020-08-10,Lunes,,17:45:00,,0.0,2,"Bicicleta,Automóvil",C.Larralde Y Rivarola,2,1,0,0,1,0,0,"-32.966210317667,-60.725974752313",Avenida,,ROSARIO,Rosario,Asfalto,No existe,II,Dentro,Urbana,Ninguna,No existe,Intersección,Bueno,Buena,Diurna,Buen Tiempo,S/D,Ciclista,Atropello,Ninguna,Faltante,Cordón divisorio,Sin restricción,"-32.966210317667,-60.725974752313","['Larralde', 'Rivarola']",2,,-32.966210317667,-60.725974752313,55.0,538.0,Municipio Rosario,Municipio,Rosario,820210,Servicio de Catastro e Información Territorial,IGN
2020,5005,2020-12-10,Jueves,,21:10:00,,0.0,2,"Automóvil,Moto/Ciclomotor",Medrano Y Castagnino,3,1,0,0,2,0,0,"-32.8992, -60.70042",Calle,,ROSARIO,Rosario,Asfalto,S/D,II,S/D,Urbana,Ninguna,S/D,Intersección,Bueno,S/D,S/D,Buen Tiempo,Frontal,S/D,Colisión,Ninguna,Horizontal,Barrera de hormigón,Sin restricción,"-32.8992, -60.70042","['Medrano', 'Castagnino']",2,,-32.8992,-60.70042,55.0,538.0,Municipio Rosario,Municipio,Rosario,820210,Servicio de Catastro e Información Territorial,IGN
2020,5006,2020-11-02,Lunes,,13:35:00,,0.0,2,"Moto/Ciclomotor,Pickup/Utilitario",Av. Eva Peron Y Bv. Wilde,2,0,1,0,1,0,0,"-32.92824, -60.73882",Avenida,,ROSARIO,Rosario,Asfalto,No existe,II,Dentro,Urbana,Ninguna,Funciona,Curva,Bueno,Buena,Con luz artificial,Buen Tiempo,Lateral,S/D,Colisión,Ninguna,Faltante,Cordón divisorio,Sin restricción,"-32.92824, -60.73882","['Avenida Eva Perón', 'Bulevar Wilde']",2,,-32.92824,-60.73882,55.0,538.0,Municipio Rosario,Municipio,Rosario,820210,Servicio de Catastro e Información Territorial,IGN
2020,5007,2020-12-09,Miercoles,,11:00:00,,0.0,2,"Moto/Ciclomotor,Moto/Ciclomotor",Av. Ovidio Lagos Y Cerrito,2,2,0,0,0,0,0,"-32.95772, -60.66534",Calle,,ROSARIO,Rosario,Asfalto,No existe,II,Dentro,Urbana,Ninguna,No existe,Intersección,Bueno,Buena,Diurna,Buen Tiempo,Lateral,S/D,Colisión,Ninguna,Faltante,Ninguna,Sin restricción,"-32.95772, -60.66534","['Avenida Ovidio Lagos', 'Cerrito']",2,,-32.95772,-60.66534,55.0,538.0,Municipio Rosario,Municipio,Rosario,820210,Servicio de Catastro e Información Territorial,IGN
2020,5008,2020-11-02,Lunes,,19:10:00,,0.0,2,"Moto/Ciclomotor,Bicicleta",J.J.Paso Y Donado,3,1,0,0,2,0,0,"-32.92074, -60.72778",Avenida,,ROSARIO,Rosario,Asfalto,No existe,II,Dentro,Urbana,Ninguna,Funciona,Recta,Bueno,Buena,Diurna,Buen Tiempo,Otro,Ciclista,Atropello,Ninguna,S/D,Ninguna,Sin restricción,"-32.92074, -60.72778","['Paso', 'Donado']",2,,-32.92074,-60.72778,55.0,538.0,Municipio Rosario,Municipio,Rosario,820210,Servicio de Catastro e Información Territorial,IGN
2020,5009,2020-12-13,Domingo,,04:20:00,,0.0,2,"Automóvil,Automóvil",Viamonte Y Mitre,2,1,0,0,1,0,0,"-32.96508, -60.64428",Calle,,ROSARIO,Rosario,Asfalto,No existe,II,S/D,Urbana,Señal Pare,No existe,Intersección,Bueno,Buena,"Nocturna,Con luz artificial",Buen Tiempo,Lateral,S/D,Colisión,Ninguna,Vertical,Ninguna,Sin restricción,"-32.96508, -60.64428","['Viamonte', 'Mitre']",2,,-32.96508,-60.64428,55.0,538.0,Municipio Rosario,Municipio,Rosario,820210,Servicio de Catastro e Información Territorial,IGN
2020,5011,2020-11-02,Lunes,,17:40:00,,0.0,3,"Automóvil,Automóvil,Automóvil",Av. Eva Peron Y Donado,4,1,0,0,3,0,0,"-32.93037, -60.72733",Avenida,,ROSARIO,Rosario,Asfalto,No existe,II,Dentro,Urbana,Semáforo,Funciona,Recta,Bueno,Buena,Diurna,Buen Tiempo,Múltiple,S/D,Colisión,Ninguna,S/D,Cordón divisorio,Sin restricción,"-32.93037, -60.72733","['Avenida Eva Perón', 'Donado']",2,,-32.93037,-60.72733,55.0,538.0,Municipio Rosario,Municipio,Rosario,820210,Servicio de Catastro e Información Territorial,IGN
2020,5012,2020-12-13,Domingo,,13:35:00,,0.0,2,"Moto/Ciclomotor,Automóvil",Centeno Y Patricias Argentinas,3,1,1,0,1,0,0,"-32.98708, -60.63523",Calle,,ROSARIO,Rosario,Asfalto,No existe,II,Dentro,Urbana,Ninguna,No existe,Intersección,Bueno,Buena,Diurna,Buen Tiempo,Lateral,S/D,Colisión,Ninguna,Faltante,Ninguna,Sin restricción,"-32.98708, -60.63523","['Centeno', 'Patricias Argentinas']",2,,-32.98708,-60.63523,55.0,538.0,Municipio Rosario,Municipio,Rosario,820210,Servicio de Catastro e Información Territorial,IGN
2020,5013,2020-08-06,Jueves,,16:45:00,,0.0,2,"Moto/Ciclomotor,Automóvil",Av. Provincias Unidas Y French,2,0,1,0,1,0,0,"-32.92176604270935,-60.713493525981",Avenida,,ROSARIO,Rosario,Asfalto,No existe,II,Dentro,Urbana,Paso Peatonal,No existe,Intersección,S/D,Buena,Diurna,S/D,De alcance,S/D,Colisión,S/D,Horizontal,Cordón divisorio,Sin restricción,"-32.92176604270935,-60.713493525981","['Avenida Provincias Unidas', 'French']",2,,-32.92176604270935,-60.713493525981,55.0,538.0,Municipio Rosario,Municipio,Rosario,820210,Servicio de Catastro e Información Territorial,IGN
2020,5014,2020-12-12,Sabado,,,,0.0,2,"Moto/Ciclomotor,Pickup/Utilitario",Av. Pellegrini Y Laprida,2,1,0,0,1,0,0,"-32.95803, -60.63696",Avenida,,ROSARIO,Rosario,Asfalto,S/D,II,S/D,Urbana,S/D,S/D,Recta,Bueno,S/D,Diurna,S/D,S/D,S/D,Colisión,S/D,S/D,S/D,S/D,"-32.95803, -60.63696","['Pellegrini', 'Laprida']",2,,-32.95803,-60.63696,55.0,538.0,Municipio Rosario,Municipio,Rosario,820210,Servicio de Catastro e Información Territorial,IGN
2020,5016,2020-12-10,Jueves,,10:15:00,,0.0,2,"Moto/Ciclomotor,Pickup/Utilitario",Balcarce Y Brown,2,1,0,0,1,0,0,"-32.93465, -60.64959",Calle,,ROSARIO,Rosario,Asfalto,S/D,II,S/D,Urbana,S/D,S/D,Recta,S/D,S/D,Diurna,S/D,S/D,S/D,Colisión,S/D,S/D,S/D,S/D,"-32.93465, -60.64959","['Balcarce', 'Brown']",2,,-32.93465,-60.64959,55.0,538.0,Municipio Rosario,Municipio,Rosario,820210,Servicio de Catastro e Información Territorial,IGN
2020,5017,2020-12-10,Jueves,,21:15:00,,0.0,2,"Bicicleta,Automóvil",Bv. Oroño Y 3 De Febrero,2,1,0,0,1,0,0,"-32.95007, -60.65503",Avenida,,ROSARIO,Rosario,Asfalto,S/D,II,S/D,Urbana,S/D,S/D,Recta,S/D,S/D,Nocturna,S/D,S/D,Ciclista,Atropello,S/D,S/D,S/D,S/D,"-32.95007, -60.65503","['Bulevar Nicasio Oroño', '3 de Febrero']",2,,-32.95007,-60.65503,55.0,538.0,Municipio Rosario,Municipio,Rosario,820210,Servicio de Catastro e Información Territorial,IGN
2020,5018,2020-08-10,Lunes,,15:50:00,,0.0,2,"Transporte de Pasajeros Urbano (> 8 asientos),Moto/Ciclomotor",Junin Y P.L.Funes,2,1,0,0,1,0,0,"-32.927269269904,-60.701714142513",Calle,,ROSARIO,Rosario,Asfalto,No existe,II,Dentro,Urbana,Ninguna,No existe,Intersección,Bueno,S/D,Diurna,S/D,Lateral,S/D,Colisión,S/D,Faltante,Ninguna,S/D,"-32.927269269904,-60.701714142513","['Junín', 'Funes']",2,,-32.927269269904,-60.701714142513,55.0,538.0,Municipio Rosario,Municipio,Rosario,820210,Servicio de Catastro e Información Territorial,IGN
2020,5019,2020-11-06,Viernes,,10:30:00,,0.0,2,"Bicicleta,Moto/Ciclomotor",Urquiza Y Bv. Wilde,2,1,0,0,1,0,0,"-32.93413, -60.73865",Calle,,ROSARIO,Rosario,Asfalto,No existe,II,Dentro,Urbana,S/D,No existe,Intersección,Bueno,Buena,Diurna,Buen Tiempo,S/D,Ciclista,Atropello,Ninguna,S/D,S/D,Sin restricción,"-32.93413, -60.73865","['Urquiza', 'Bulevar Wilde']",2,,-32.93413,-60.73865,55.0,538.0,Municipio Rosario,Municipio,Rosario,820210,Servicio de Catastro e Información Territorial,IGN
2020,5021,2020-12-10,Jueves,,08:00:00,,0.0,2,"Automóvil,Moto/Ciclomotor",San Lorenzo Y Rodriguez,4,0,1,0,3,0,0,"-32.94046, -60.65816",Calle,,ROSARIO,Rosario,Asfalto,S/D,II,S/D,Urbana,S/D,S/D,Recta,Bueno,S/D,Diurna,S/D,S/D,S/D,Colisión,S/D,S/D,S/D,S/D,"-32.94046, -60.65816","['San Lorenzo', 'Rodríguez']",2,,-32.94046,-60.65816,55.0,538.0,Municipio Rosario,Municipio,Rosario,820210,Servicio de Catastro e Información Territorial,IGN
2020,5022,2020-12-11,Viernes,,18:30:00,,0.0,2,"Automóvil,Bicicleta",Av. Ovidio Lagos Y Av. Pte.Peron,2,1,0,0,1,0,0,"-32.95546, -60.66478",Avenida,,ROSARIO,Rosario,Asfalto,S/D,II,S/D,Urbana,S/D,S/D,Recta,S/D,S/D,S/D,S/D,S/D,Ciclista,Atropello,S/D,S/D,S/D,S/D,"-32.95546, -60.66478","['Avenida Ovidio Lagos', 'Avenida Presidente Perón']",2,,-32.95546,-60.66478,55.0,538.0,Municipio Rosario,Municipio,Rosario,820210,Servicio de Catastro e Información Territorial,IGN
2020,5023,2020-11-07,Sabado,,14:15:00,,0.0,2,"Automóvil,Moto/Ciclomotor",Junin Y Pje. San Geronimo,2,1,0,0,1,0,0,"-32.92708, -60.69307",Calle,,ROSARIO,Rosario,Asfalto,No existe,II,Dentro,Urbana,S/D,No existe,Recta,Otro,Buena,Diurna,S/D,S/D,S/D,S/D,S/D,Faltante,Ninguna,S/D,"-32.92708, -60.69307","['Junín', 'San Geronimo']",2,,-32.92708,-60.69307,55.0,538.0,Municipio Rosario,Municipio,Rosario,820210,Servicio de Catastro e Información Territorial,IGN
2020,5025,2020-08-13,Jueves,,23:50:00,,0.0,3,"Automóvil,Moto/Ciclomotor,Bicicleta",Av. Provincias Unidas Bis 1500,3,2,0,0,1,0,0,"-32.90936350822445,-60.714107751846",Avenida,,ROSARIO,Rosario,Asfalto,No existe,II,Dentro,Urbana,Ninguna,No existe,Recta,Bueno,Buena,Nocturna,S/D,Múltiple,Ciclista,"Colisión,Atropello",S/D,Faltante,Ninguna,Sin restricción,"-32.90936350822445,-60.714107751846",['Provincias Unidas Bis 1500'],1,,-32.90936350822445,-60.714107751846,55.0,538.0,Municipio Rosario,Municipio,Rosario,820210,Servicio de Catastro e Información Territorial,IGN
2020,5026,2020-11-07,Sabado,,19:00:00,,0.0,2,"Moto/Ciclomotor,Automóvil",G.Carrasco Y Liniers,2,1,0,0,1,0,0,"-32.92061, -60.69932",Calle,,ROSARIO,Rosario,Asfalto,No existe,II,Dentro,Urbana,Ninguna,Funciona,Intersección,Deteriorada,Buena,Atardecer,Buen Tiempo,Otro,S/D,Colisión,Ninguna,Faltante,Ninguna,Sin restricción,"-32.92061, -60.69932","['Carrasco', 'Liniers']",2,,-32.92061,-60.69932,55.0,538.0,Municipio Rosario,Municipio,Rosario,820210,Servicio de Catastro e Información Territorial,IGN
2020,5027,2020-12-12,Sabado,,22:10:00,,0.0,2,"Automóvil,Moto/Ciclomotor",España Y Tucuman,2,1,0,0,1,0,0,"-32.94033, -60.64533",Calle,,ROSARIO,Rosario,Asfalto,S/D,II,S/D,Urbana,S/D,S/D,Intersección,S/D,S/D,Nocturna,S/D,S/D,S/D,Colisión,S/D,S/D,S/D,S/D,"-32.94033, -60.64533","['España', 'Tucumán']",2,,-32.94033,-60.64533,55.0,538.0,Municipio Rosario,Municipio,Rosario,820210,Servicio de Catastro e Información Territorial,IGN
2020,5029,2020-12-15,Martes,,14:40:00,,0.0,2,"Bicicleta,Automóvil",Dorrego Y Brown,2,1,0,0,1,0,0,"-32.93513, -60.64687",Calle,,ROSARIO,Rosario,Asfalto,S/D,II,S/D,Urbana,Señal Pare,S/D,Intersección,Bueno,S/D,Diurna,S/D,S/D,Ciclista,Atropello,S/D,S/D,S/D,S/D,"-32.93513, -60.64687","['Dorrego', 'Brown']",2,,-32.93513,-60.64687,55.0,538.0,Municipio Rosario,Municipio,Rosario,820210,Servicio de Catastro e Información Territorial,IGN
2020,5030,2020-11-07,Sabado,,22:55:00,,0.0,2,"Peatón,Pickup/Utilitario",F.More Y Gaboto,2,0,0,1,0,0,1,"-32.96461, -60.6928",Calle,,ROSARIO,Rosario,Asfalto,Pavimento,II,S/D,Urbana,Ninguna,No existe,Otro,Bueno,Buena,"Nocturna,Con luz artificial",Buen Tiempo,S/D,Peatón,Atropello,Ninguna,Faltante,Ninguna,Sin restricción,"-32.96461, -60.6928","['Felipe Moré', 'Gaboto']",2,,-32.96461,-60.6928,55.0,538.0,Municipio Rosario,Municipio,Rosario,820210,Servicio de Catastro e Información Territorial,IGN
2020,5035,2020-10-23,Viernes,,17:30:00,,0.0,2,"Moto/Ciclomotor,Automóvil",Galvez Y Italia,2,1,0,0,1,0,0,"-32.96702, -60.6535",Calle,,ROSARIO,Rosario,Asfalto,S/D,II,S/D,Urbana,S/D,S/D,Intersección,S/D,S/D,Diurna,S/D,S/D,S/D,Colisión,S/D,S/D,S/D,S/D,"-32.96702, -60.6535","['Galvez', 'Italia']",2,,-32.96702,-60.6535,55.0,538.0,Municipio Rosario,Municipio,Rosario,820210,Servicio de Catastro e Información Territorial,IGN
2020,5036,2020-11-06,Viernes,,11:20:00,,0.0,2,"Moto/Ciclomotor,Automóvil",Ecuador Y Pasco,4,2,1,0,0,0,1,"-32.95103, -60.71454",Calle,,ROSARIO,Rosario,Asfalto,Pavimento,II,S/D,Urbana,Ninguna,No existe,Otro,Bueno,Buena,Diurna,Buen Tiempo,Otro,S/D,Colisión,Ninguna,Faltante,Ninguna,Sin restricción,"-32.95103, -60.71454","['Ecuador', 'Pasco']",2,,-32.95103,-60.71454,55.0,538.0,Municipio Rosario,Municipio,Rosario,820210,Servicio de Catastro e Información Territorial,IGN
2020,5038,2020-10-23,Viernes,,08:30:00,,0.0,2,"Moto/Ciclomotor,Automóvil",Bv. Avellaneda Bis Y Harding,3,2,0,0,1,0,0,"-32.92862, -60.67648",Calle,,ROSARIO,Rosario,Asfalto,No existe,II,S/D,Urbana,S/D,S/D,Intersección,Bueno,Buena,Diurna,Buen Tiempo,Lateral,S/D,Colisión,Ninguna,Horizontal,Cordón divisorio,Sin restricción,"-32.92862, -60.67648","['Avellaneda', 'Harding']",2,,-32.92862,-60.67648,55.0,538.0,Municipio Rosario,Municipio,Rosario,820210,Servicio de Catastro e Información Territorial,IGN
2020,5040,2020-08-21,Viernes,,19:40:00,,0.0,2,"Moto/Ciclomotor,Moto/Ciclomotor",Garzon Y Velez Sarsfield,2,1,0,0,1,0,0,"-32.92578399181367,-60.706273019313",Calle,,ROSARIO,Rosario,Asfalto,No existe,II,Dentro,Urbana,Ninguna,No existe,Intersección,Bueno,Buena,Atardecer,S/D,Lateral,S/D,Colisión,S/D,Faltante,Ninguna,Sin restricción,"-32.92578399181367,-60.706273019313","['Garzón', 'Vélez Sarsfield']",2,,-32.92578399181367,-60.706273019313,55.0,538.0,Municipio Rosario,Municipio,Rosario,820210,Servicio de Catastro e Información Territorial,IGN
2020,5042,2020-08-16,Domingo,,17:20:00,,0.0,2,"Automóvil,Moto/Ciclomotor",Ecuador Y Riobamba,5,3,0,0,2,0,0,"-32.954584387184,-60.714372383629",Calle,,ROSARIO,Rosario,Asfalto,No existe,II,Dentro,Urbana,Ninguna,No existe,Intersección,Bueno,Buena,Diurna,Buen Tiempo,Lateral,S/D,Colisión,Ninguna,Faltante,Ninguna,Sin restricción,"-32.954584387184,-60.714372383629","['Ecuador', 'Riobamba']",2,,-32.954584387184,-60.714372383629,55.0,538.0,Municipio Rosario,Municipio,Rosario,820210,Servicio de Catastro e Información Territorial,IGN
2020,5043,2020-10-23,Viernes,,12:00:00,,0.0,2,"Moto/Ciclomotor,Automóvil",Av. Ntra.Sra.del Rosario Y Pueyrredon,2,1,0,0,1,0,0,"-33.00071, -60.66923",Avenida,,ROSARIO,Rosario,Asfalto,No existe,II,Dentro,Urbana,Ninguna,No existe,Intersección,Bueno,Buena,Diurna,Buen Tiempo,Lateral,S/D,Colisión,Ninguna,Faltante,Ninguna,Sin restricción,"-33.00071, -60.66923","['Nuestra Señora del Rosario', 'Pueyrredón']",2,,-33.00071,-60.66923,55.0,538.0,Municipio Rosario,Municipio,Rosario,820210,Servicio de Catastro e Información Territorial,IGN