anio_acci,nro_acci,fecha,desc_dia,fecha_aprox,hora_aprox,desc_ruta,km,cant_participantes,desc_participante,calle_avenida_km,total,heridos_leves,heridos_graves,heridos_gravisimos,ilesos,fallecidos,sin_datos,posicion_XY,desc_tipo_via,desc_ruta_ori,desc_loc,desc_dpto,desc_tipo_calzada,desc_tipo_banquina,desc_unidad_regional,desc_lugar_calzada,desc_zona,desc_prioridad,desc_estado_semaforo,desc_lugar_via,desc_estado_via,desc_estado_visibilidad,desc_luminosidad,desc_estado_clima,desc_tipo_colision,desc_tipo_atropello,desc_tipo_hecho,desc_pres_calzada,desc_senializacion,desc_separacion_via,desc_restriccion,forma_geocod,calle_lista,numero_calles,calles_osm,lat,lon,index_right,gid,fna,gna,nam,in1,fdc,sag
2020,5048,2020-08-14,Viernes,,18:00:00,,0.0,2,"Automóvil,Bicicleta",Av. Francia Y Cerrito,2,1,0,0,1,0,0,"-32.956949832404,-60.669517959398",Avenida,,ROSARIO,Rosario,Asfalto,No existe,II,Dentro,Urbana,Paso Peatonal,No existe,Intersección,Bueno,Buena,"Atardecer,Con luz artificial",Buen Tiempo,S/D,Ciclista,Atropello,Ninguna,Horizontal,Cordón divisorio,Sin restricción,"-32.956949832404,-60.669517959398","['Avenida Francia', 'Cerrito']",2,,-32.956949832404,-60.669517959398,55.0,538.0,Municipio Rosario,Municipio,Rosario,820210,Servicio de Catastro e Información Territorial,IGN
2020,5049,2020-08-02,Domingo,,11:00:00,,0.0,2,"Moto/Ciclomotor,Taxi/Remis",Acevedo Bis Y J.B.Justo,2,1,0,0,1,0,0,"-32.91588798165322,-60.749113261699",Calle,,ROSARIO,Rosario,Asfalto,No existe,II,Dentro,Urbana,Ninguna,No existe,Intersección,Bueno,Buena,Diurna,Buen Tiempo,S/D,S/D,Colisión,Ninguna,Faltante,Ninguna,Sin restricción,"-32.91588798165322,-60.749113261699","['Acevedo', 'Justo']",2,,-32.91588798165322,-60.749113261699,55.0,538.0,Municipio Rosario,Municipio,Rosario,820210,Servicio de Catastro e Información Territorial,IGN
2020,5050,2020-11-05,Jueves,,17:20:00,,0.0,2,"Moto/Ciclomotor,Automóvil",San Nicolas Y Cerrito,4,0,0,0,0,0,4,"-32.95583, -60.67618",Calle,,ROSARIO,Rosario,Asfalto,Pavimento,II,S/D,Urbana,Ninguna,No existe,Otro,Bueno,Buena,Diurna,Buen Tiempo,Otro,S/D,Colisión,Ninguna,Faltante,Ninguna,Sin restricción,"-32.95583, -60.67618","['San Nicolás', 'Cerrito']",2,,-32.95583,-60.67618,55.0,538.0,Municipio Rosario,Municipio,Rosario,820210,Servicio de Catastro e Información Territorial,IGN
2020,5051,2020-11-06,Viernes,,17:05:00,,0.0,2,"Automóvil,Moto/Ciclomotor",Roullon Y Dean Funes,2,1,0,0,0,0,1,"-32.96722, -60.7011",S/D,,ROSARIO,Rosario,Asfalto,Pavimento,II,S/D,Urbana,Ninguna,No existe,Otro,Bueno,Buena,Diurna,Buen Tiempo,Otro,S/D,Colisión,Ninguna,Faltante,Ninguna,Sin restricción,"-32.96722, -60.7011","['Alfredo Rouillón', 'Deán Gregorio Funes']",2,,-32.96722,-60.7011,55.0,538.0,Municipio Rosario,Municipio,Rosario,820210,Servicio de Catastro e Información Territorial,IGN
2020,5055,2020-08-02,Domingo,,15:30:00,,0.0,2,"Moto/Ciclomotor,Pickup/Utilitario",Av. Eva Peron Y Av. Provincias Unidas,2,1,0,0,1,0,0,"-32.93299645185471,-60.713056325912",Avenida,,ROSARIO,Rosario,Asfalto,No existe,II,Dentro,Urbana,Ninguna,Funciona,Recta,Bueno,Buena,Diurna,Buen Tiempo,Lateral,S/D,Colisión,Ninguna,"Horizontal,Vertical",Cordón divisorio,Sin restricción,"-32.93299645185471,-60.713056325912","['Avenida Eva Perón', 'Avenida Provincias Unidas']",2,,-32.93299645185471,-60.713056325912,55.0,538.0,Municipio Rosario,Municipio,Rosario,820210,Servicio de Catastro e Información Territorial,IGN
2020,5056,2020-08-13,Jueves,,10:10:00,,0.0,2,"Vehículo Oficial,Taxi/Remis",Cafferata Y La Paz,4,1,0,0,3,0,0,"-32.958284294331,-60.675428889538",Calle,,ROSARIO,Rosario,Asfalto,No existe,II,Dentro,Urbana,Ninguna,No existe,Intersección,Bueno,Buena,Diurna,Buen Tiempo,S/D,S/D,Colisión,Ninguna,Faltante,Ninguna,Sin restricción,"-32.958284294331,-60.675428889538","['Cafferata', 'La Paz']",2,,-32.958284294331,-60.675428889538,55.0,538.0,Municipio Rosario,Municipio,Rosario,820210,Servicio de Catastro e Información Territorial,IGN
2020,5059,2020-11-07,Sabado,,04:55:00,,0.0,2,"Moto/Ciclomotor,Moto/Ciclomotor",Brasil Y Riobamba,2,1,0,0,0,0,1,"-32.95474, -60.71893",Calle,,ROSARIO,Rosario,Asfalto,Pavimento,II,S/D,Urbana,Ninguna,No existe,Otro,Bueno,Buena,"Nocturna,Con luz artificial",Buen Tiempo,Otro,S/D,Colisión,Ninguna,Faltante,Ninguna,Sin restricción,"-32.95474, -60.71893","['Brasil', 'Riobamba']",2,,-32.95474,-60.71893,55.0,538.0,Municipio Rosario,Municipio,Rosario,820210,Servicio de Catastro e Información Territorial,IGN
2020,5061,2020-11-04,Miercoles,,16:40:00,,0.0,2,"Automóvil,Moto/Ciclomotor",Montes Carballo Y Rivarola,3,0,0,0,0,0,3,"-32.96657, -60.73213",S/D,,ROSARIO,Rosario,S/D,Pavimento,II,Dentro,Urbana,Ninguna,No existe,Otro,Bueno,Buena,Diurna,Buen Tiempo,Otro,S/D,Colisión,Ninguna,Faltante,Ninguna,Sin restricción,"-32.96657, -60.73213","['Avenida Doctor Luis Cándido Carballo', 'Rivarola']",2,,-32.96657,-60.73213,55.0,538.0,Municipio Rosario,Municipio,Rosario,820210,Servicio de Catastro e Información Territorial,IGN
2020,5065,2020-08-09,Domingo,,16:45:00,,0.0,2,"Automóvil,Peatón",Dr.Rivas 5500,2,0,1,0,1,0,0,"-32.975498347505,-60.697524500485",Calle,,ROSARIO,Rosario,Asfalto,No existe,II,Dentro,Urbana,Ninguna,No existe,Recta,Bueno,Buena,Diurna,Buen Tiempo,S/D,Peatón,Atropello,Ninguna,Faltante,Ninguna,Sin restricción,"-32.975498347505,-60.697524500485",['Doctor Francisco Riva 5500'],1,,-32.975498347505,-60.697524500485,55.0,538.0,Municipio Rosario,Municipio,Rosario,820210,Servicio de Catastro e Información Territorial,IGN
2020,5066,2020-11-02,Lunes,,12:10:00,,0.0,2,"Moto/Ciclomotor,Automóvil",Paraguay Y J.M.Gutierrez,2,1,0,0,1,0,0,"-32.99421, -60.65506",Calle,,ROSARIO,Rosario,Asfalto,No existe,II,Dentro,Urbana,Ninguna,No existe,Intersección,Bueno,Buena,Diurna,Buen Tiempo,S/D,S/D,S/D,Ninguna,S/D,Ninguna,Sin restricción,"-32.99421, -60.65506","['Paraguay', 'Gutierrez']",2,,-32.99421,-60.65506,55.0,538.0,Municipio Rosario,Municipio,Rosario,820210,Servicio de Catastro e Información Territorial,IGN
2020,5069,2020-08-22,Sabado,,19:05:00,,0.0,2,"Moto/Ciclomotor,Automóvil",Colombia Y Juan B.De La Salle,3,1,0,0,2,0,0,"-32.922583269643,-60.716900320777",Calle,,ROSARIO,Rosario,Asfalto,No existe,II,Dentro,Urbana,Ninguna,No existe,Intersección,Bueno,Buena,Nocturna,Buen Tiempo,Lateral,S/D,Colisión,Ninguna,Faltante,Ninguna,Sin restricción,"-32.922583269643,-60.716900320777","['Colombia', 'De La Salle']",2,,-32.922583269643,-60.716900320777,55.0,538.0,Municipio Rosario,Municipio,Rosario,820210,Servicio de Catastro e Información Territorial,IGN
2020,5070,2020-08-11,Martes,,19:30:00,,0.0,2,"Moto/Ciclomotor,Automóvil",Bv. 27 De Febrero Y Servando Bayo,4,2,1,0,1,0,0,"-32.95932769775387,-60.689989328384",Avenida,,ROSARIO,Rosario,Asfalto,No existe,II,Dentro,Urbana,Ninguna,No existe,Intersección,Bueno,Buena,"Atardecer,Con luz artificial",Buen Tiempo,Lateral,S/D,Colisión,Ninguna,Faltante,Cordón divisorio,Sin restricción,"-32.95932769775387,-60.689989328384","['27 de Febrero', 'Servando Bayo']",2,,-32.95932769775387,-60.689989328384,55.0,538.0,Municipio Rosario,Municipio,Rosario,820210,Servicio de Catastro e Información Territorial,IGN
2020,5074,2020-11-01,Domingo,,21:00:00,,0.0,2,"Moto/Ciclomotor,Automóvil",Bv. Avellaneda Y Garibaldi,2,1,0,0,1,0,0,"-32.9689, -60.6866",Calle,,ROSARIO,Rosario,Asfalto,No existe,II,S/D,Urbana,Ninguna,No existe,Intersección,Bueno,Buena,Nocturna,Buen Tiempo,S/D,S/D,Colisión,Ninguna,Faltante,Línea divisoria pintada,Sin restricción,"-32.9689, -60.6866","['Avellaneda', 'José Garibaldi']",2,,-32.9689,-60.6866,55.0,538.0,Municipio Rosario,Municipio,Rosario,820210,Servicio de Catastro e Información Territorial,IGN
2020,5076,2020-08-15,Sabado,,20:35:00,,0.0,2,"Moto/Ciclomotor,Pickup/Utilitario",Av. Brassey Y Sarratea Bis,3,2,0,0,1,0,0,"-32.923246123825,-60.74120755552",Avenida,,ROSARIO,Rosario,Asfalto,No existe,II,Dentro,Urbana,Señal Pare,No existe,Intersección,Bueno,Buena,Nocturna,Buen Tiempo,S/D,S/D,Colisión,Ninguna,Vertical,Ninguna,Sin restricción,"-32.923246123825,-60.74120755552","['Brassey', 'Sarratea']",2,,-32.923246123825,-60.74120755552,55.0,538.0,Municipio Rosario,Municipio,Rosario,820210,Servicio de Catastro e Información Territorial,IGN
2020,5077,2020-11-02,Lunes,,09:30:00,,0.0,2,"Moto/Ciclomotor,Automóvil",Guardia Morada Y Pje. Violeta,2,1,0,0,1,0,0,"-33.01984, -60.65858",Calle,,ROSARIO,Rosario,Asfalto,No existe,II,Dentro,Urbana,Ninguna,No existe,Intersección,Bueno,Buena,Diurna,Buen Tiempo,Lateral,S/D,Colisión,Ninguna,Faltante,Ninguna,Sin restricción,"-33.01984, -60.65858","['Guardia Morada', 'Violeta']",2,,-33.01984,-60.65858,55.0,538.0,Municipio Rosario,Municipio,Rosario,820210,Servicio de Catastro e Información Territorial,IGN
2020,5079,2020-08-18,Martes,,13:15:00,,0.0,2,"Bicicleta,Automóvil",J.J.Paso Y Venezuela,3,1,0,0,2,0,0,"-32.920580276396,-60.725394441405",Calle,,ROSARIO,Rosario,Asfalto,No existe,II,Dentro,Urbana,Señal Pare,No existe,Intersección,Bueno,Buena,Diurna,Buen Tiempo,S/D,Ciclista,Atropello,Ninguna,Vertical,Ninguna,Sin restricción,"-32.920580276396,-60.725394441405","['Paso', 'Venezuela']",2,,-32.920580276396,-60.725394441405,55.0,538.0,Municipio Rosario,Municipio,Rosario,820210,Servicio de Catastro e Información Territorial,IGN
2020,5080,2020-11-03,Martes,,08:15:00,,0.0,2,"Moto/Ciclomotor,Automóvil",Av. Arijon Y Balcarce,2,1,0,0,1,0,0,"-33.00349, -60.66339",Calle,,ROSARIO,Rosario,Asfalto,Pavimento,II,Dentro,Urbana,Semáforo,No existe,Recta,Bueno,Buena,Diurna,Buen Tiempo,Lateral,S/D,Colisión,Ninguna,Faltante,Línea divisoria pintada,Sin restricción,"-33.00349, -60.66339","['Avenida Manuel Arijón', 'Balcarce']",2,,-33.00349,-60.66339,55.0,538.0,Municipio Rosario,Municipio,Rosario,820210,Servicio de Catastro e Información Territorial,IGN
2020,5085,2020-08-01,Sabado,,15:35:00,,0.0,2,"Moto/Ciclomotor,Automóvil",Guatemala Y Pje. Ghandi,2,0,1,0,1,0,0,"-32.92555332183838,-60.717944651842",Calle,,ROSARIO,Rosario,Asfalto,No existe,II,Dentro,Urbana,Ninguna,No existe,Intersección,Bueno,Buena,Diurna,Buen Tiempo,S/D,S/D,Colisión,Ninguna,Faltante,Ninguna,Sin restricción,"-32.92555332183838,-60.717944651842","['Guatemala', 'Ghandi']",2,,-32.92555332183838,-60.717944651842,55.0,538.0,Municipio Rosario,Municipio,Rosario,820210,Servicio de Catastro e Información Territorial,IGN
2020,5086,2020-11-06,Viernes,,12:20:00,,0.0,2,"Moto/Ciclomotor,Automóvil",Bv. Segui Y Iriondo,2,1,0,0,1,0,0,"-32.9735, -60.67786",Calle,,ROSARIO,Rosario,Asfalto,Pavimento,II,Dentro,Urbana,Ninguna,No existe,Intersección,S/D,Buena,Diurna,Buen Tiempo,Lateral,S/D,Colisión,Ninguna,Faltante,Línea divisoria pintada,Sin restricción,"-32.9735, -60.67786","['Bulevar Juan Francisco Seguí', 'Iriondo']",2,,-32.9735,-60.67786,55.0,538.0,Municipio Rosario,Municipio,Rosario,820210,Servicio de Catastro e Información Territorial,IGN
2020,5090,2020-11-01,Domingo,,14:20:00,,0.0,2,"Moto/Ciclomotor,Automóvil",Crespo Y Garibaldi,2,1,0,0,1,0,0,"-32.98059, -60.67813",S/D,,ROSARIO,Rosario,Asfalto,No existe,II,S/D,Urbana,Ninguna,No existe,Intersección,Bueno,Buena,Diurna,Buen Tiempo,Lateral,S/D,Colisión,Ninguna,Faltante,Ninguna,Sin restricción,"-32.98059, -60.67813","['Crespo', 'José Garibaldi']",2,,-32.98059,-60.67813,55.0,538.0,Municipio Rosario,Municipio,Rosario,820210,Servicio de Catastro e Información Territorial,IGN
2020,5092,2020-11-07,Sabado,,20:40:00,,0.0,2,"Peatón,Moto/Ciclomotor",Bv. Avellaneda 4737,2,2,0,0,0,0,0,"-32.99344, -60.68888",Avenida,,ROSARIO,Rosario,Asfalto,Pavimento,II,Dentro,Urbana,Ninguna,No existe,Recta,Bueno,Buena,Nocturna,Buen Tiempo,S/D,Peatón,Atropello,Ninguna,Faltante,Cordón divisorio,Sin restricción,"-32.99344, -60.68888",['Avellaneda 4737'],1,,-32.99344,-60.68888,55.0,538.0,Municipio Rosario,Municipio,Rosario,820210,Servicio de Catastro e Información Territorial,IGN
2020,5093,2020-08-07,Viernes,,15:10:00,,0.0,2,"Moto/Ciclomotor,Automóvil",Bv. Argentino Y Sarratea Bis,2,1,0,0,1,0,0,"-32.92451798915863,-60.741155147552",Avenida,,ROSARIO,Rosario,Asfalto,No existe,II,Dentro,Urbana,Señal Pare,No existe,Intersección,Bueno,S/D,Diurna,Buen Tiempo,Lateral,S/D,Colisión,Ninguna,Vertical,Ninguna,Sin restricción,"-32.92451798915863,-60.741155147552","['Argentino', 'Sarratea']",2,,-32.92451798915863,-60.741155147552,55.0,538.0,Municipio Rosario,Municipio,Rosario,820210,Servicio de Catastro e Información Territorial,IGN
2020,5096,2020-08-08,Sabado,,19:30:00,,0.0,2,"Moto/Ciclomotor,Automóvil",Av. Provincias Unidas Y Bielsa,5,1,0,0,4,0,0,"-32.9237347841263,-60.7133460044861",Avenida,,ROSARIO,Rosario,Asfalto,No existe,II,Dentro,Urbana,Paso Peatonal,No existe,Intersección,Bueno,Buena,Nocturna,Buen Tiempo,Lateral,S/D,Colisión,Ninguna,Horizontal,Cordón divisorio,Sin restricción,"-32.9237347841263,-60.7133460044861","['Avenida Provincias Unidas', 'Bielsa']",2,,-32.9237347841263,-60.7133460044861,55.0,538.0,Municipio Rosario,Municipio,Rosario,820210,Servicio de Catastro e Información Territorial,IGN
2020,5098,2020-11-08,Domingo,,15:15:00,,0.0,2,"Moto/Ciclomotor,Automóvil",Av. Uriburu Y Santiago,2,1,0,0,1,0,0,"-32.99127, -60.668",Calle,,ROSARIO,Rosario,Asfalto,Pavimento,II,Dentro,Urbana,Ninguna,No existe,Intersección,Bueno,Buena,Diurna,Buen Tiempo,S/D,S/D,S/D,Ninguna,S/D,Ninguna,Sin restricción,"-32.99127, -60.668","['Uriburu', 'Santiago']",2,,-32.99127,-60.668,55.0,538.0,Municipio Rosario,Municipio,Rosario,820210,Servicio de Catastro e Información Territorial,IGN
2020,5100,2020-11-04,Miercoles,,17:00:00,,0.0,1,Moto/Ciclomotor,Dorrego Y Bv. Segui,2,1,0,0,1,0,0,"-32.9772, -60.65739",S/D,,ROSARIO,Rosario,Asfalto,No existe,II,S/D,S/D,Ninguna,S/D,Intersección,Bueno,Buena,Diurna,Buen Tiempo,S/D,S/D,S/D,Ninguna,Faltante,Ninguna,Sin restricción,"-32.9772, -60.65739","['Dorrego', 'Bulevar Juan Francisco Seguí']",2,,-32.9772,-60.65739,55.0,538.0,Municipio Rosario,Municipio,Rosario,820210,Servicio de Catastro e Información Territorial,IGN
2020,5102,2020-11-04,Miercoles,,10:35:00,,0.0,2,"Moto/Ciclomotor,Moto/Ciclomotor",San Martin Y Galvez,2,1,0,0,1,0,0,"-32.96904, -60.64227",Calle,,ROSARIO,Rosario,Asfalto,No existe,II,Dentro,Urbana,S/D,No existe,Intersección,Bueno,Buena,Diurna,Buen Tiempo,S/D,S/D,Colisión,Ninguna,Faltante,Ninguna,Sin restricción,"-32.96904, -60.64227","['San Martin', 'Galvez']",2,,-32.96904,-60.64227,55.0,538.0,Municipio Rosario,Municipio,Rosario,820210,Servicio de Catastro e Información Territorial,IGN
2020,5106,2020-11-03,Martes,,15:00:00,,0.0,2,"Moto/Ciclomotor,Pickup/Utilitario",España Y Dean Funes,2,1,0,0,1,0,0,"-32.97418, -60.65384",S/D,,ROSARIO,Rosario,Asfalto,No existe,II,Dentro,Urbana,Ninguna,No existe,Intersección,Bueno,Buena,Diurna,Buen Tiempo,Lateral,S/D,Colisión,Ninguna,Faltante,Ninguna,Sin restricción,"-32.97418, -60.65384","['España', 'Deán Gregorio Funes']",2,,-32.97418,-60.65384,55.0,538.0,Municipio Rosario,Municipio,Rosario,820210,Servicio de Catastro e Información Territorial,IGN
2020,5107,2020-08-18,Martes,,19:30:00,,0.0,2,"Automóvil,Moto/Ciclomotor",Bv. Argentino Y Garcia del Cossio Bis,2,1,0,0,1,0,0,"-32.923930595458,-60.747079416411",Avenida,,ROSARIO,Rosario,Asfalto,No existe,II,Dentro,Urbana,Paso Peatonal,No existe,Intersección,Bueno,Buena,Nocturna,Buen Tiempo,Lateral,S/D,Colisión,Ninguna,Horizontal,Ninguna,Sin restricción,"-32.923930595458,-60.747079416411","['Argentino', 'García del Cossio']",2,,-32.923930595458,-60.747079416411,55.0,538.0,Municipio Rosario,Municipio,Rosario,820210,Servicio de Catastro e Información Territorial,IGN
2020,5108,2020-11-04,Miercoles,,07:50:00,,0.0,2,"Moto/Ciclomotor,Pickup/Utilitario",Bv. Segui Y Av. Corrientes,2,1,0,0,1,0,0,"-32.97824, -60.65054",Calle,,ROSARIO,Rosario,Asfalto,No existe,II,Dentro,Urbana,Ninguna,No existe,Intersección,S/D,Buena,Diurna,Buen Tiempo,Lateral,S/D,Colisión,Ninguna,Vertical,Línea divisoria pintada,Sin restricción,"-32.97824, -60.65054","['Bulevar Juan Francisco Seguí', 'Corrientes']",2,,-32.97824,-60.65054,55.0,538.0,Municipio Rosario,Municipio,Rosario,820210,Servicio de Catastro e Información Territorial,IGN
2020,5110,2020-11-04,Miercoles,,18:30:00,,0.0,2,"Bicicleta,Automóvil",Paraguay Y Pje. Newton,2,1,0,0,1,0,0,"-32.97636, -60.65152",Calle,,ROSARIO,Rosario,Asfalto,No existe,II,Dentro,Urbana,Ninguna,No existe,Intersección,Bueno,Buena,Atardecer,Buen Tiempo,S/D,Ciclista,Atropello,Ninguna,Faltante,Ninguna,Sin restricción,"-32.97636, -60.65152","['Paraguay', 'Newton']",2,,-32.97636,-60.65152,55.0,538.0,Municipio Rosario,Municipio,Rosario,820210,Servicio de Catastro e Información Territorial,IGN
2020,5112,2020-10-24,Sabado,,00:00:00,,0.0,2,"Moto/Ciclomotor,Automóvil",Milan Y Av. Corrientes,3,2,0,0,1,0,0,"-32.9467, -60.72221",Calle,,ROSARIO,Rosario,Asfalto,No existe,II,Dentro,Urbana,Ninguna,No existe,Intersección,Bueno,Buena,S/D,Buen Tiempo,Lateral,S/D,Colisión,Ninguna,Faltante,Ninguna,Sin restricción,"-32.9467, -60.72221","['Milán', 'Corrientes']",2,,-32.9467,-60.72221,55.0,538.0,Municipio Rosario,Municipio,Rosario,820210,Servicio de Catastro e Información Territorial,IGN
2020,5113,2020-08-13,Jueves,,17:25:00,,0.0,2,"Moto/Ciclomotor,Automóvil",Juan B.De La Salle Y Nicaragua,2,1,0,0,1,0,0,"-32.922702893384,-60.721496119253",Calle,,ROSARIO,Rosario,Asfalto,No existe,II,Dentro,Urbana,Ninguna,No existe,Intersección,Bueno,Buena,Diurna,Buen Tiempo,Lateral,S/D,Colisión,Ninguna,Faltante,Ninguna,Sin restricción,"-32.922702893384,-60.721496119253","['De La Salle', 'Nicaragua']",2,,-32.922702893384,-60.721496119253,55.0,538.0,Municipio Rosario,Municipio,Rosario,820210,Servicio de Catastro e Información Territorial,IGN
2020,5114,2020-11-07,Sabado,,16:40:00,,0.0,2,"Moto/Ciclomotor,Automóvil",L.N.Alem Y Rueda,3,2,0,0,1,0,0,"-32.97286, -60.63452",Calle,,ROSARIO,Rosario,Asfalto,S/D,II,S/D,Urbana,S/D,S/D,Intersección,Bueno,S/D,S/D,S/D,S/D,S/D,S/D,S/D,S/D,S/D,S/D,"-32.97286, -60.63452","['Alem', 'Rueda']",2,,-32.97286,-60.63452,55.0,538.0,Municipio Rosario,Municipio,Rosario,820210,Servicio de Catastro e Información Territorial,IGN
2020,5115,2020-08-29,Sabado,,05:30:00,,0.0,2,"Moto/Ciclomotor,Automóvil",J.B.Justo Y Sarratea Bis,2,0,1,0,1,0,0,"-32.91566709402,-60.741551668011",Calle,,ROSARIO,Rosario,Asfalto,No existe,II,Dentro,Urbana,Ninguna,No existe,Intersección,Bueno,Buena,Nocturna,Buen Tiempo,S/D,S/D,Colisión,Ninguna,Faltante,Ninguna,Sin restricción,"-32.91566709402,-60.741551668011","['Justo', 'Sarratea']",2,,-32.91566709402,-60.741551668011,55.0,538.0,Municipio Rosario,Municipio,Rosario,820210,Servicio de Catastro e Información Territorial,IGN
2020,5119,2020-10-25,Domingo,,23:30:00,,0.0,2,"Moto/Ciclomotor,Moto/Ciclomotor",Andreu Y I A Edison,3,1,0,0,2,0,0,"-32.95883, -60.693",Calle,,ROSARIO,Rosario,Asfalto,No existe,II,Dentro,Urbana,Ninguna,No existe,Intersección,Deteriorada,Buena,"Nocturna,Con luz artificial",Buen Tiempo,Frontal,S/D,Colisión,Ninguna,Faltante,Ninguna,Sin restricción,"-32.95883, -60.693","['Andes', 'Edison']",2,,-32.95883,-60.693,55.0,538.0,Municipio Rosario,Municipio,Rosario,820210,Servicio de Catastro e Información Territorial,IGN
2020,5141,2020-11-01,Domingo,,05:00:00,,0.0,1,Automóvil,Saavedra ,4,2,0,0,2,0,0,"-32.97057, -60.7186",S/D,,ROSARIO,Rosario,S/D,S/D,II,S/D,S/D,S/D,S/D,S/D,S/D,S/D,S/D,S/D,S/D,S/D,S/D,S/D,S/D,S/D,S/D,"-32.97057, -60.7186",['Saavedra'],1,,-32.97057,-60.7186,55.0,538.0,Municipio Rosario,Municipio,Rosario,820210,Servicio de Catastro e Información Territorial,IGN
2020,5145,2020-11-01,Domingo,,09:55:00,,0.0,2,"Automóvil,Moto/Ciclomotor",Bv. Segui Y Crespo,2,0,1,0,1,0,0,"-32.97378, -60.67651",S/D,,ROSARIO,Rosario,S/D,S/D,II,S/D,S/D,S/D,S/D,S/D,S/D,S/D,S/D,S/D,S/D,S/D,S/D,S/D,S/D,S/D,S/D,"-32.97378, -60.67651","['Bulevar Juan Francisco Seguí', 'Crespo']",2,,-32.97378,-60.67651,55.0,538.0,Municipio Rosario,Municipio,Rosario,820210,Servicio de Catastro e Información Territorial,IGN
2020,5184,2020-12-13,Domingo,,21:15:00,,0.0,2,"Camión c / Semirremolque,Peatón",Mendoza Y Av. Circunvalacion,2,0,1,0,1,0,0,"-32.94057, -60.72248",Calle,,ROSARIO,Rosario,Asfalto,No existe,II,Dentro,Urbana,S/D,Funciona,Intersección,Bueno,Buena,Con luz artificial,Buen Tiempo,S/D,Peatón,Atropello,Ninguna,S/D,S/D,Sin restricción,"-32.94057, -60.72248","['Mendoza', 'Circunvalacion']",2,,-32.94057,-60.72248,55.0,538.0,Municipio Rosario,Municipio,Rosario,820210,Servicio de Catastro e Información Territorial,IGN
2020,5219,2020-11-06,Viernes,,17:00:00,,0.0,2,"Bicicleta,Automóvil",Av. Pellegrini Y Laprida,2,1,0,0,1,0,0,"-32.95812, -60.63717",S/D,,ROSARIO,Rosario,S/D,S/D,II,S/D,S/D,S/D,S/D,S/D,S/D,S/D,S/D,S/D,S/D,Ciclista,Atropello,S/D,S/D,S/D,S/D,"-32.95812, -60.63717","['Pellegrini', 'Laprida']",2,,-32.95812,-60.63717,55.0,538.0,Municipio Rosario,Municipio,Rosario,820210,Servicio de Catastro e Información Territorial,IGN
2020,5222,2020-10-22,Jueves,,18:00:00,,0.0,2,"Pickup/Utilitario,Moto/Ciclomotor",25 de Mayo ,2,1,0,0,1,0,0,"-32.96962, -60.70286",Calle,,ROSARIO,Rosario,S/D,S/D,II,S/D,S/D,S/D,S/D,S/D,S/D,S/D,S/D,S/D,S/D,S/D,S/D,S/D,S/D,S/D,S/D,"-32.96962, -60.70286",['25 de Mayo'],1,,-32.96962,-60.70286,55.0,538.0,Municipio Rosario,Municipio,Rosario,820210,Servicio de Catastro e Información Territorial,IGN
2020,5224,2020-11-08,Domingo,,22:50:00,,0.0,2,"Taxi/Remis,Moto/Ciclomotor",Casiano Casas Y Calvo,4,2,0,0,2,0,0,"-32.9016, -60.70733",S/D,,ROSARIO,Rosario,S/D,S/D,II,S/D,S/D,S/D,S/D,S/D,S/D,S/D,S/D,S/D,S/D,S/D,S/D,S/D,S/D,S/D,S/D,"-32.9016, -60.70733","['Avenida Casiano Casas', 'Calvo']",2,,-32.9016,-60.70733,55.0,538.0,Municipio Rosario,Municipio,Rosario,820210,Servicio de Catastro e Información Territorial,IGN
2020,5231,2020-08-02,Domingo,,15:00:00,,0.0,1,Moto/Ciclomotor,Albert Sabin 600,1,0,0,0,0,1,0,"-32.92102, -60.68731",Calle,,ROSARIO,Rosario,Asfalto,No existe,II,S/D,Urbana,Semáforo,Funciona,Intersección,Bueno,S/D,Diurna,S/D,S/D,S/D,Cañda ocupante,Ninguna,"Horizontal,Vertical","Cordón divisorio,S/D",Sin restricción,"-32.92102, -60.68731",['Albert Sabin 600'],1,,-32.92102,-60.68731,55.0,538.0,Municipio Rosario,Municipio,Rosario,820210,Servicio de Catastro e Información Territorial,IGN
2020,5241,2020-10-23,Viernes,,20:00:00,,0.0,2,"Moto/Ciclomotor,Pickup/Utilitario",Cochabamba Y Ecuador,3,2,0,0,1,0,0,"-32.95883, -60.693",Calle,,ROSARIO,Rosario,Asfalto,No existe,II,Dentro,Urbana,Semáforo,Funciona,Intersección,Bueno,Buena,Nocturna,Buen Tiempo,Lateral,S/D,Colisión,Ninguna,Vertical,S/D,S/D,"-32.95883, -60.693","['Cochabamba', 'Ecuador']",2,,-32.95883,-60.693,55.0,538.0,Municipio Rosario,Municipio,Rosario,820210,Servicio de Catastro e Información Territorial,IGN
2020,5276,2020-11-01,Domingo,,,,0.0,2,"Moto/Ciclomotor,Bicicleta",Montevideo Y Av. Corrientes,2,0,2,0,0,0,0,"-32.94999, -60.67475",S/D,,ROSARIO,Rosario,S/D,S/D,II,S/D,S/D,S/D,S/D,S/D,S/D,S/D,S/D,S/D,S/D,Ciclista,Atropello,S/D,S/D,S/D,S/D,"-32.94999, -60.67475","['Montevideo', 'Corrientes']",2,,-32.94999,-60.67475,55.0,538.0,Municipio Rosario,Municipio,Rosario,820210,Servicio de Catastro e Información Territorial,IGN