anio_acci,nro_acci,fecha,desc_dia,fecha_aprox,hora_aprox,desc_ruta,km,cant_participantes,desc_participante,calle_avenida_km,total,heridos_leves,heridos_graves,heridos_gravisimos,ilesos,fallecidos,sin_datos,posicion_XY,desc_tipo_via,desc_ruta_ori,desc_loc,desc_dpto,desc_tipo_calzada,desc_tipo_banquina,desc_unidad_regional,desc_lugar_calzada,desc_zona,desc_prioridad,desc_estado_semaforo,desc_lugar_via,desc_estado_via,desc_estado_visibilidad,desc_luminosidad,desc_estado_clima,desc_tipo_colision,desc_tipo_atropello,desc_tipo_hecho,desc_pres_calzada,desc_senializacion,desc_separacion_via,desc_restriccion,forma_geocod,calle_lista,numero_calles,calles_osm,lat,lon,index_right,gid,fna,gna,nam,in1,fdc,sag
2020,5305,2020-07-28,Martes,,06:00:00,,0.0,1,Automóvil,Av. Eudoro Carrasco Y J.B.Cordiviola,1,0,0,0,0,1,0,"-32.91228, -60.67362",Calle,,ROSARIO,Rosario,Asfalto,No existe,II,Dentro,Urbana,Ninguna,No existe,Curva,Bueno,S/D,Nocturna,S/D,Contra objeto fijo,S/D,Colisión,S/D,Faltante,Cordón divisorio,Sin restricción,"-32.91228, -60.67362","['Avenida Eudoro Carrasco', 'Cordiviola']",2,,-32.91228,-60.67362,55.0,538.0,Municipio Rosario,Municipio,Rosario,820210,Servicio de Catastro e Información Territorial,IGN
2020,5326,2020-12-15,Martes,,15:00:00,,0.0,2,"Moto/Ciclomotor,Automóvil",Av. Sorrento Y Av. Provincias Unidas,2,1,0,0,1,0,0,"-32.9084, -60.71412",Avenida,,ROSARIO,Rosario,Asfalto,No existe,II,Dentro,Urbana,Semáforo,Funciona,Rotonda,Bueno,Buena,Diurna,Buen Tiempo,Otro,S/D,Colisión,Ninguna,Faltante,Ninguna,Sin restricción,"-32.9084, -60.71412","['Sorrento', 'Avenida Provincias Unidas']",2,,-32.9084,-60.71412,55.0,538.0,Municipio Rosario,Municipio,Rosario,820210,Servicio de Catastro e Información Territorial,IGN
2020,5330,2020-12-01,Martes,,15:30:00,,0.0,2,"Bicicleta,Moto/Ciclomotor",Av. Genova Y Garzon,2,0,1,0,0,0,1,"-32.91582, -60.70635",Avenida,,ROSARIO,Rosario,Asfalto,No existe,II,Dentro,Urbana,Ninguna,No existe,Intersección,Bueno,Buena,Diurna,Buen Tiempo,S/D,Ciclista,Atropello,Ninguna,Faltante,Ninguna,Sin restricción,"-32.91582, -60.70635","['Genova', 'Garzón']",2,,-32.91582,-60.70635,55.0,538.0,Municipio Rosario,Municipio,Rosario,820210,Servicio de Catastro e Información Territorial,IGN
2020,5331,2020-10-29,Jueves,,13:30:00,,0.0,2,"Bicicleta,Automóvil",Callao Y Biedma,2,1,0,0,1,0,0,"    -32.97744, -60.66891",Calle,,ROSARIO,Rosario,Asfalto,No existe,II,Dentro,Urbana,S/D,No existe,Intersección,Bueno,Reducida polvo,Diurna,Buen Tiempo,S/D,Ciclista,Atropello,Ninguna,Faltante,Ninguna,Sin restricción,"    -32.97744, -60.66891","['Callao', 'Coronel Biedma']",2,,-32.97744,-60.66891,55.0,538.0,Municipio Rosario,Municipio,Rosario,820210,Servicio de Catastro e Información Territorial,IGN
2020,5335,2020-10-16,Viernes,,,,0.0,2,"Moto/Ciclomotor,Automóvil",Av. Uriburu 927,2,2,0,0,0,0,0,"-32.99069, -60.64567",Avenida,,ROSARIO,Rosario,S/D,S/D,II,S/D,Urbana,S/D,S/D,Recta,S/D,S/D,S/D,S/D,S/D,S/D,Colisión,S/D,S/D,S/D,S/D,"-32.99069, -60.64567",['Uriburu 927'],1,,-32.99069,-60.64567,55.0,538.0,Municipio Rosario,Municipio,Rosario,820210,Servicio de Catastro e Información Territorial,IGN
2020,5337,2020-12-12,Sabado,,11:40:00,,0.0,2,"Bicicleta,Automóvil",Donado Y Pje. Conte De Alio,2,1,0,0,1,0,0,"-32.92917, -60.72743",Calle,,ROSARIO,Rosario,Asfalto,No existe,II,Dentro,Urbana,Ninguna,No existe,Intersección,Bueno,Buena,Diurna,Buen Tiempo,S/D,Ciclista,Atropello,Ninguna,Faltante,Ninguna,Sin restricción,"-32.92917, -60.72743","['Donado', 'Conte de Alio']",2,,-32.92917,-60.72743,55.0,538.0,Municipio Rosario,Municipio,Rosario,820210,Servicio de Catastro e Información Territorial,IGN
2020,5339,2020-12-15,Martes,,09:00:00,,0.0,2,"Automóvil,Moto/Ciclomotor",Av. Genova Y Sanchez de Loria,3,2,0,0,1,0,0,"-32.91656, -60.73278",Calle,,ROSARIO,Rosario,Asfalto,No existe,II,Dentro,Urbana,Ninguna,No existe,Intersección,Bueno,Buena,Diurna,Buen Tiempo,Otro,S/D,Colisión,Ninguna,Faltante,Ninguna,Sin restricción,"-32.91656, -60.73278","['Genova', 'Sánchez de Loria']",2,,-32.91656,-60.73278,55.0,538.0,Municipio Rosario,Municipio,Rosario,820210,Servicio de Catastro e Información Territorial,IGN
2020,5349,2020-10-16,Viernes,,16:25:00,,0.0,2,"Automóvil,Automóvil",Carriego Y Cochabamba,2,1,0,0,1,0,0,"-32.94938, -60.69174",Calle,,ROSARIO,Rosario,S/D,S/D,II,S/D,Urbana,S/D,S/D,Intersección,S/D,S/D,Diurna,S/D,S/D,S/D,Colisión,S/D,S/D,S/D,S/D,"-32.94938, -60.69174","['Carriego', 'Cochabamba']",2,,-32.94938,-60.69174,55.0,538.0,Municipio Rosario,Municipio,Rosario,820210,Servicio de Catastro e Información Territorial,IGN
2020,5350,2020-12-09,Miercoles,,12:20:00,,0.0,2,"Moto/Ciclomotor,Automóvil",Av. Azcuenaga Y Bv. Wilde,2,1,0,0,1,0,0,"-32.92661, -60.739",Calle,,ROSARIO,Rosario,Asfalto,No existe,II,Dentro,Urbana,Ninguna,No existe,Intersección,Bueno,Buena,Nocturna,Buen Tiempo,Otro,S/D,Colisión,Ninguna,Faltante,Ninguna,Sin restricción,"-32.92661, -60.739","['Azcuénaga', 'Bulevar Wilde']",2,,-32.92661,-60.739,55.0,538.0,Municipio Rosario,Municipio,Rosario,820210,Servicio de Catastro e Información Territorial,IGN
2020,5357,2020-10-16,Viernes,,16:00:00,,0.0,2,"Moto/Ciclomotor,Automóvil", ,2,0,1,0,1,0,0,"-32.95871, -60.69303",S/D,,ROSARIO,Rosario,S/D,S/D,II,S/D,S/D,S/D,S/D,S/D,S/D,S/D,Diurna,S/D,S/D,S/D,Colisión,S/D,S/D,S/D,S/D,"-32.95871, -60.69303",[''],0,,-32.95871,-60.69303,55.0,538.0,Municipio Rosario,Municipio,Rosario,820210,Servicio de Catastro e Información Territorial,IGN
2020,5362,2020-12-16,Miercoles,,12:15:00,,0.0,2,"Moto/Ciclomotor,Automóvil",Albert Sabin Y J.J.Paso,3,1,0,0,2,0,0,"-32.91952, -60.68866",Avenida,,ROSARIO,Rosario,Asfalto,S/D,II,Dentro,Urbana,Semáforo,Funciona,Intersección,Bueno,Buena,Diurna,Buen Tiempo,De alcance,S/D,Colisión,Ninguna,"Horizontal,Vertical",Cordón divisorio,Sin restricción,"-32.91952, -60.68866","['Avenida Travesía Albert Sabin', 'Paso']",2,,-32.91952,-60.68866,55.0,538.0,Municipio Rosario,Municipio,Rosario,820210,Servicio de Catastro e Información Territorial,IGN
2020,5368,2020-11-08,Domingo,,,,0.0,2,"Automóvil,Automóvil",Av. Wheelwright Y Entre Rios,2,1,0,0,1,0,0,"-32.93516, -60.64407",S/D,,ROSARIO,Rosario,S/D,S/D,II,S/D,S/D,S/D,S/D,S/D,S/D,S/D,S/D,S/D,S/D,S/D,S/D,S/D,S/D,S/D,S/D,"-32.93516, -60.64407","['Avenida Guillermo Wheelwright', 'Entre Ríos']",2,,-32.93516,-60.64407,55.0,538.0,Municipio Rosario,Municipio,Rosario,820210,Servicio de Catastro e Información Territorial,IGN
2020,5376,2020-10-18,Domingo,,00:10:00,,0.0,2,"Moto/Ciclomotor,Vehículo Oficial", ,3,2,0,0,1,0,0,"-32.95883, -60.693",Calle,,ROSARIO,Rosario,S/D,S/D,II,S/D,Urbana,S/D,S/D,Intersección,S/D,S/D,Nocturna,S/D,S/D,S/D,Colisión,S/D,S/D,S/D,S/D,"-32.95883, -60.693",[''],0,,-32.95883,-60.693,55.0,538.0,Municipio Rosario,Municipio,Rosario,820210,Servicio de Catastro e Información Territorial,IGN
2020,5384,2020-12-09,Miercoles,,,,0.0,2,"Automóvil,Peatón",Italia Y Urquiza,2,1,0,0,1,0,0,"-32.94123, -60.64699",Calle,,ROSARIO,Rosario,S/D,S/D,II,S/D,Urbana,S/D,S/D,Intersección,S/D,S/D,S/D,S/D,S/D,Peatón,Atropello,S/D,S/D,S/D,S/D,"-32.94123, -60.64699","['Italia', 'Urquiza']",2,,-32.94123,-60.64699,55.0,538.0,Municipio Rosario,Municipio,Rosario,820210,Servicio de Catastro e Información Territorial,IGN
2020,5407,2020-12-10,Jueves,,,,0.0,2,"Automóvil,Moto/Ciclomotor",Viamonte Y Cafferata,4,2,0,0,2,0,0,"-32.95943, -60.67572",Calle,,ROSARIO,Rosario,Asfalto,S/D,II,S/D,Urbana,S/D,S/D,Intersección,S/D,S/D,S/D,S/D,S/D,S/D,Colisión,S/D,S/D,S/D,S/D,"-32.95943, -60.67572","['Viamonte', 'Cafferata']",2,,-32.95943,-60.67572,55.0,538.0,Municipio Rosario,Municipio,Rosario,820210,Servicio de Catastro e Información Territorial,IGN
2020,5431,2020-12-11,Viernes,,,,0.0,2,"Moto/Ciclomotor,Moto/Ciclomotor",Cerrito Y Colombia,3,2,1,0,0,0,0,"-32.95344, -60.71558",Calle,,ROSARIO,Rosario,Asfalto,S/D,II,S/D,Urbana,S/D,S/D,Intersección,S/D,S/D,S/D,S/D,S/D,S/D,Colisión,S/D,S/D,S/D,S/D,"-32.95344, -60.71558","['Cerrito', 'Colombia']",2,,-32.95344,-60.71558,55.0,538.0,Municipio Rosario,Municipio,Rosario,820210,Servicio de Catastro e Información Territorial,IGN
2020,5437,2020-10-23,Viernes,,15:00:00,,0.0,2,"Moto/Ciclomotor,Automóvil", ,2,1,0,0,1,0,0,"-32.95883, -60.693",Calle,,ROSARIO,Rosario,S/D,S/D,II,S/D,Rural,S/D,S/D,Recta,S/D,S/D,Diurna,S/D,S/D,S/D,Colisión,S/D,S/D,S/D,S/D,"-32.95883, -60.693",[''],0,,-32.95883,-60.693,55.0,538.0,Municipio Rosario,Municipio,Rosario,820210,Servicio de Catastro e Información Territorial,IGN
2020,5460,2020-12-13,Domingo,,,,0.0,2,"Bicicleta,Automóvil",Martin Fierro Y Bv. Rondeau,2,1,0,0,1,0,0,"-32.87804, -60.69745",Calle,,ROSARIO,Rosario,Asfalto,S/D,II,S/D,Urbana,S/D,S/D,Intersección,S/D,S/D,S/D,S/D,S/D,Ciclista,Atropello,S/D,S/D,S/D,S/D,"-32.87804, -60.69745","['Martin Fierro', 'Rondeau']",2,,-32.87804,-60.69745,55.0,538.0,Municipio Rosario,Municipio,Rosario,820210,Servicio de Catastro e Información Territorial,IGN
2020,5473,2020-12-13,Domingo,,,,0.0,2,"Automóvil,Moto/Ciclomotor",Bv. Segui Y Campbell,2,1,0,0,1,0,0,"-32.97086, -60.70677",Calle,,ROSARIO,Rosario,Asfalto,S/D,II,S/D,Urbana,S/D,S/D,Intersección,S/D,S/D,S/D,S/D,S/D,S/D,Colisión,S/D,S/D,S/D,S/D,"-32.97086, -60.70677","['Bulevar Juan Francisco Seguí', 'Campbell']",2,,-32.97086,-60.70677,55.0,538.0,Municipio Rosario,Municipio,Rosario,820210,Servicio de Catastro e Información Territorial,IGN
2020,5488,2020-10-23,Viernes,,,,0.0,2,"Moto/Ciclomotor,Moto/Ciclomotor", ,2,1,0,0,0,0,1,"-32.95883, -60.693",S/D,,ROSARIO,Rosario,S/D,S/D,II,S/D,S/D,S/D,S/D,S/D,S/D,S/D,S/D,S/D,S/D,S/D,Colisión,S/D,S/D,S/D,S/D,"-32.95883, -60.693",[''],0,,-32.95883,-60.693,55.0,538.0,Municipio Rosario,Municipio,Rosario,820210,Servicio de Catastro e Información Territorial,IGN
2020,5513,2020-12-14,Lunes,,,,0.0,1,Vehículo Oficial,Bv. Segui Y Av. Ovidio Lagos,1,1,0,0,0,0,0,"-32.97505, -60.66933",Avenida,,ROSARIO,Rosario,Asfalto,S/D,II,S/D,Urbana,S/D,S/D,Intersección,S/D,S/D,S/D,S/D,S/D,S/D,Cañda ocupante,S/D,S/D,S/D,S/D,"-32.97505, -60.66933","['Bulevar Juan Francisco Seguí', 'Avenida Ovidio Lagos']",2,,-32.97505,-60.66933,55.0,538.0,Municipio Rosario,Municipio,Rosario,820210,Servicio de Catastro e Información Territorial,IGN
2020,5552,2020-12-16,Miercoles,,,,0.0,2,"Bicicleta,Automóvil",3 De Febrero 1900,2,1,0,0,1,0,0,"-32.9508, -60.65079",Calle,,ROSARIO,Rosario,Asfalto,S/D,II,S/D,Urbana,S/D,S/D,Recta,S/D,S/D,S/D,S/D,S/D,Ciclista,Atropello,S/D,S/D,S/D,S/D,"-32.9508, -60.65079",['3 De Febrero 1900'],1,,-32.9508,-60.65079,55.0,538.0,Municipio Rosario,Municipio,Rosario,820210,Servicio de Catastro e Información Territorial,IGN
2020,5580,2020-12-05,Sabado,,13:10:00,,0.0,2,"Moto/Ciclomotor,Moto/Ciclomotor",Donado Y Pje. publico,2,1,0,0,1,0,0,"-32.93661, -60.72719",Calle,,ROSARIO,Rosario,Asfalto,No existe,II,Dentro,Urbana,S/D,No existe,Intersección,Deteriorada,Buena,Diurna,Buen Tiempo,S/D,S/D,Colisión,S/D,Faltante,S/D,Sin restricción,"-32.93661, -60.72719","['Donado', 'Publico']",2,,-32.93661,-60.72719,55.0,538.0,Municipio Rosario,Municipio,Rosario,820210,Servicio de Catastro e Información Territorial,IGN
2020,5589,2020-12-08,Martes,,11:40:00,,0.0,2,"Automóvil,Automóvil",J.J.Paso ,2,1,0,0,1,0,0,"-32.92023, -60.71282",S/D,,ROSARIO,Rosario,Asfalto,No existe,II,S/D,S/D,Semáforo,Funciona,S/D,Otro,Buena,Nocturna,Buen Tiempo,Múltiple,S/D,Colisión,Ninguna,"Horizontal,Vertical",Ninguna,Sin restricción,"-32.92023, -60.71282",['Juan José Paso'],1,,-32.92023,-60.71282,55.0,538.0,Municipio Rosario,Municipio,Rosario,820210,Servicio de Catastro e Información Territorial,IGN
2020,5592,2020-12-06,Domingo,,15:00:00,,0.0,2,"Automóvil,Moto/Ciclomotor",Navarro Y Rodo,3,0,1,0,2,0,0,"-32.93189, -60.7261",Calle,,ROSARIO,Rosario,Asfalto,No existe,II,Dentro,Urbana,S/D,S/D,Intersección,Bueno,Buena,Diurna,Buen Tiempo,Lateral,S/D,Colisión,Ninguna,Faltante,Ninguna,Sin restricción,"-32.93189, -60.7261","['Navarro', 'Rodó']",2,,-32.93189,-60.7261,55.0,538.0,Municipio Rosario,Municipio,Rosario,820210,Servicio de Catastro e Información Territorial,IGN
2020,5601,2020-12-03,Jueves,,15:30:00,,0.0,2,"Bicicleta,Moto/Ciclomotor",J.B.Justo Y Av. Provincias Unidas,2,2,0,0,0,0,0,"-32.91499, -60.71403",S/D,,ROSARIO,Rosario,S/D,S/D,II,S/D,S/D,S/D,S/D,Intersección,S/D,S/D,S/D,S/D,S/D,Ciclista,Atropello,S/D,Faltante,S/D,S/D,"-32.91499, -60.71403","['Justo', 'Avenida Provincias Unidas']",2,,-32.91499,-60.71403,55.0,538.0,Municipio Rosario,Municipio,Rosario,820210,Servicio de Catastro e Información Territorial,IGN
2020,5607,2020-12-02,Miercoles,,23:08:00,,0.0,3,"Bicicleta,Automóvil,Bicicleta",Av. Provincias Unidas Y Amenabar,3,1,0,0,2,0,0,"-32.96398, -60.71153",Avenida,,ROSARIO,Rosario,Asfalto,Pavimento,II,S/D,Urbana,Ninguna,No existe,Otro,Bueno,Buena,Diurna,Buen Tiempo,S/D,Ciclista,Atropello,Ninguna,Faltante,Ninguna,Sin restricción,"-32.96398, -60.71153","['Avenida Provincias Unidas', 'Amenabar']",2,,-32.96398,-60.71153,55.0,538.0,Municipio Rosario,Municipio,Rosario,820210,Servicio de Catastro e Información Territorial,IGN
2020,5611,2020-12-07,Lunes,,15:02:00,,0.0,2,"Moto/Ciclomotor,Moto/Ciclomotor",Bv. 27 De Febrero Y Lima,2,2,0,0,0,0,0,"-32.95961, -60.68855",Calle,,ROSARIO,Rosario,Asfalto,Pavimento,II,S/D,Urbana,Ninguna,No existe,Otro,Bueno,Buena,Diurna,Buen Tiempo,Otro,S/D,Colisión,Ninguna,Faltante,Ninguna,Sin restricción,"-32.95961, -60.68855","['27 de Febrero', 'Lima']",2,,-32.95961,-60.68855,55.0,538.0,Municipio Rosario,Municipio,Rosario,820210,Servicio de Catastro e Información Territorial,IGN
2020,5626,2020-10-25,Domingo,,,,0.0,2,"Moto/Ciclomotor,Automóvil",24 De Setiembre Y Esmeralda,2,1,0,0,1,0,0,"    -32.98323, -60.62991",Calle,,ROSARIO,Rosario,Asfalto,S/D,II,Dentro,Urbana,S/D,S/D,Intersección,S/D,S/D,S/D,S/D,S/D,S/D,Colisión,S/D,S/D,S/D,S/D,"    -32.98323, -60.62991","['24 de Septiembre', 'Esmeralda']",2,,-32.98323,-60.62991,55.0,538.0,Municipio Rosario,Municipio,Rosario,820210,Servicio de Catastro e Información Territorial,IGN
2020,5638,2020-12-04,Viernes,,18:25:00,,0.0,2,"Moto/Ciclomotor,Automóvil",Av. Pte.Peron Y Cno Limite de Municipio,4,1,1,0,2,0,0,"-32.96414, -60.70358",Calle,,ROSARIO,Rosario,Asfalto,S/D,II,S/D,Urbana,Ninguna,No existe,Otro,Bueno,Buena,Atardecer,Buen Tiempo,Otro,S/D,Colisión,Ninguna,Faltante,Cordón divisorio,Sin restricción,"-32.96414, -60.70358","['Avenida Presidente Perón', 'Camino Límite del Municipio']",2,,-32.96414,-60.70358,55.0,538.0,Municipio Rosario,Municipio,Rosario,820210,Servicio de Catastro e Información Territorial,IGN
2020,5643,2020-12-03,Jueves,,10:00:00,,0.0,2,"Automóvil,Moto/Ciclomotor",Vera Mujica Y Cerrito,2,1,0,0,0,0,1,"-32.95674, -60.67085",Calle,,ROSARIO,Rosario,Asfalto,Pavimento,II,S/D,Urbana,Ninguna,No existe,Otro,Bueno,Buena,Diurna,Buen Tiempo,Lateral,S/D,Colisión,Ninguna,Faltante,Ninguna,Sin restricción,"-32.95674, -60.67085","['Vera Mujíca', 'Cerrito']",2,,-32.95674,-60.67085,55.0,538.0,Municipio Rosario,Municipio,Rosario,820210,Servicio de Catastro e Información Territorial,IGN
2020,5646,2020-12-08,Martes,,16:20:00,,0.0,2,"Moto/Ciclomotor,Automóvil",Bv. 27 De Febrero Y Matienzo,2,0,1,0,1,0,0,"-32.9587, -60.69396",Avenida,,ROSARIO,Rosario,Asfalto,Pavimento,II,S/D,Urbana,Ninguna,No existe,Otro,Bueno,Buena,Diurna,Buen Tiempo,Otro,S/D,Colisión,Ninguna,Faltante,Ninguna,Sin restricción,"-32.9587, -60.69396","['27 de Febrero', 'Matienzo']",2,,-32.9587,-60.69396,55.0,538.0,Municipio Rosario,Municipio,Rosario,820210,Servicio de Catastro e Información Territorial,IGN
2020,5648,2020-12-08,Martes,,19:50:00,,0.0,2,"Automóvil,Automóvil",FAVARIO ,4,3,0,0,0,0,1,"-32.97394, -60.72936",Calle,,ROSARIO,Rosario,Asfalto,Pavimento,II,S/D,Urbana,Ninguna,No existe,Otro,Bueno,Buena,Nocturna,Buen Tiempo,Otro,S/D,Colisión,Ninguna,Faltante,Ninguna,Sin restricción,"-32.97394, -60.72936",['Favario'],1,,-32.97394,-60.72936,55.0,538.0,Municipio Rosario,Municipio,Rosario,820210,Servicio de Catastro e Información Territorial,IGN
2020,5655,2020-12-06,Domingo,,22:00:00,,0.0,2,"Automóvil,Bicicleta",Cafferata Y Pte.Quintana,2,1,0,0,1,0,0,"-32.97665, -60.68007",Calle,,ROSARIO,Rosario,Asfalto,No existe,II,Dentro,Urbana,Ninguna,No existe,Recta,Bueno,Buena,Con luz artificial,Buen Tiempo,Lateral,Ciclista,Atropello,Ninguna,Faltante,Ninguna,Sin restricción,"-32.97665, -60.68007","['Cafferata', 'Quintana']",2,,-32.97665,-60.68007,55.0,538.0,Municipio Rosario,Municipio,Rosario,820210,Servicio de Catastro e Información Territorial,IGN
2020,5659,2020-12-07,Lunes,,21:40:00,,0.0,2,"Pickup/Utilitario,Automóvil",Av. Ovidio Lagos Y Av. Battle y Ordo�ez,5,4,0,0,1,0,0,"-33.00977, -60.6774",Calle,,ROSARIO,Rosario,Asfalto,No existe,II,Dentro,Urbana,Ninguna,Funciona,Recta,Bueno,Buena,Nocturna,Buen Tiempo,Otro,S/D,Colisión,Ninguna,Horizontal,Línea divisoria pintada,Sin restricción,"-33.00977, -60.6774","['Avenida Ovidio Lagos', 'Avenida Battle y Ordoñez']",2,,-33.00977,-60.6774,55.0,538.0,Municipio Rosario,Municipio,Rosario,820210,Servicio de Catastro e Información Territorial,IGN
2020,5665,2020-12-05,Sabado,,20:20:00,,0.0,2,"Pickup/Utilitario,Moto/Ciclomotor",Av. Ovidio Lagos 3950,2,0,1,0,1,0,0,"-32.97901, -60.67064",Avenida,,ROSARIO,Rosario,Asfalto,No existe,II,Dentro,Urbana,Ninguna,S/D,Recta,Bueno,Buena,Atardecer,Buen Tiempo,Lateral,S/D,Colisión,Ninguna,Faltante,Cordón divisorio,Sin restricción,"-32.97901, -60.67064",['Ovidio Lagos 3950'],1,,-32.97901,-60.67064,55.0,538.0,Municipio Rosario,Municipio,Rosario,820210,Servicio de Catastro e Información Territorial,IGN
2020,5667,2020-10-22,Jueves,,,,0.0,1,Automóvil,San Juan Y Carriego,1,0,1,0,0,0,0,"-32.9411, -60.6896",Calle,,ROSARIO,Rosario,S/D,S/D,II,S/D,Urbana,S/D,S/D,Intersección,S/D,S/D,S/D,S/D,S/D,S/D,Despiste,S/D,S/D,S/D,S/D,"-32.9411, -60.6896","['San Juan', 'Carriego']",2,,-32.9411,-60.6896,55.0,538.0,Municipio Rosario,Municipio,Rosario,820210,Servicio de Catastro e Información Territorial,IGN
2020,5668,2020-10-22,Jueves,,01:20:00,,0.0,2,"Vehículo Oficial,Automóvil",Av. Corrientes Y San Juan,2,0,2,0,0,0,0,"-32.94941, -60.64329",Calle,,ROSARIO,Rosario,S/D,S/D,II,S/D,Urbana,S/D,S/D,Intersección,S/D,S/D,Nocturna,S/D,S/D,S/D,Colisión,S/D,S/D,S/D,S/D,"-32.94941, -60.64329","['Corrientes', 'San Juan']",2,,-32.94941,-60.64329,55.0,538.0,Municipio Rosario,Municipio,Rosario,820210,Servicio de Catastro e Información Territorial,IGN
2020,5671,2020-12-01,Martes,,11:10:00,,0.0,2,"Moto/Ciclomotor,Automóvil",Saavedra Y Crespo,2,1,0,0,1,0,0,"-32.97257, -60.67622",Calle,,ROSARIO,Rosario,Asfalto,No existe,II,Dentro,Urbana,Ninguna,No existe,Intersección,Bueno,Buena,Diurna,Buen Tiempo,Lateral,S/D,Colisión,Ninguna,Faltante,Ninguna,Sin restricción,"-32.97257, -60.67622","['Saavedra', 'Crespo']",2,,-32.97257,-60.67622,55.0,538.0,Municipio Rosario,Municipio,Rosario,820210,Servicio de Catastro e Información Territorial,IGN
2020,5674,2020-12-03,Jueves,,12:50:00,,0.0,2,"Pickup/Utilitario,Moto/Ciclomotor",Av. Battle y Ordo�ez Y Av. Ovidio Lagos,3,1,0,0,2,0,0,"-33.00977, -60.6774",Avenida,,ROSARIO,Rosario,Asfalto,No existe,II,Dentro,Urbana,Ninguna,No existe,Recta,Bueno,Buena,Diurna,Buen Tiempo,Lateral,S/D,Colisión,Ninguna,Faltante,Ninguna,Sin restricción,"-33.00977, -60.6774","['Avenida Battle y Ordoñez', 'Avenida Ovidio Lagos']",2,,-33.00977,-60.6774,55.0,538.0,Municipio Rosario,Municipio,Rosario,820210,Servicio de Catastro e Información Territorial,IGN
2020,5677,2020-12-03,Jueves,,17:00:00,,0.0,2,"Automóvil,Moto/Ciclomotor",Av. Francia Y Pte.Quintana,2,1,0,0,1,0,0,"-32.97767, -60.67461",Avenida,,ROSARIO,Rosario,Asfalto,No existe,II,Dentro,Urbana,Ninguna,No existe,Recta,Bueno,Buena,Diurna,Buen Tiempo,Lateral,S/D,Colisión,Ninguna,Horizontal,Cordón divisorio,Sin restricción,"-32.97767, -60.67461","['Avenida Francia', 'Quintana']",2,,-32.97767,-60.67461,55.0,538.0,Municipio Rosario,Municipio,Rosario,820210,Servicio de Catastro e Información Territorial,IGN
2020,5683,2020-12-05,Sabado,,18:30:00,,0.0,2,"Moto/Ciclomotor,Moto/Ciclomotor",Castellanos Y Bv. Segui,3,1,0,0,2,0,0,"-32.97253, -60.6833",Calle,,ROSARIO,Rosario,Asfalto,No existe,II,Dentro,Urbana,Ninguna,No existe,Intersección,Bueno,Buena,Atardecer,Buen Tiempo,Lateral,S/D,Colisión,Ninguna,Faltante,Ninguna,Sin restricción,"-32.97253, -60.6833","['Aaron Castellanos', 'Bulevar Juan Francisco Seguí']",2,,-32.97253,-60.6833,55.0,538.0,Municipio Rosario,Municipio,Rosario,820210,Servicio de Catastro e Información Territorial,IGN
2020,5687,2020-12-05,Sabado,,23:35:00,,0.0,2,"Automóvil,Moto/Ciclomotor",Pueyrredon Y Av. Ntra.Sra.del Rosario,2,1,0,0,1,0,0,"-33.00072, -60.66921",Calle,,ROSARIO,Rosario,Asfalto,No existe,II,Dentro,Urbana,Ninguna,No existe,Recta,Bueno,Buena,Nocturna,Buen Tiempo,Lateral,S/D,Colisión,Ninguna,Faltante,Ninguna,Sin restricción,"-33.00072, -60.66921","['Pueyrredón', 'Nuestra Señora del Rosario']",2,,-33.00072,-60.66921,55.0,538.0,Municipio Rosario,Municipio,Rosario,820210,Servicio de Catastro e Información Territorial,IGN
2020,5691,2020-12-07,Lunes,,19:10:00,,0.0,2,"Moto/Ciclomotor,Automóvil",Av. Corrientes Y Pte.Quintana,3,0,1,0,2,0,0,"-32.98178, -60.6514",Calle,,ROSARIO,Rosario,Asfalto,Pavimento,II,Dentro,Urbana,Ninguna,No existe,Intersección,Bueno,Buena,Atardecer,Buen Tiempo,Lateral,S/D,Colisión,Ninguna,Faltante,Ninguna,Sin restricción,"-32.98178, -60.6514","['Corrientes', 'Quintana']",2,,-32.98178,-60.6514,55.0,538.0,Municipio Rosario,Municipio,Rosario,820210,Servicio de Catastro e Información Territorial,IGN
2020,5694,2020-12-08,Martes,,10:00:00,,0.0,2,"Automóvil,Automóvil",Bv. Segui Y Sarmiento,4,2,0,0,2,0,0,"-32.97921, -60.64639",Calle,,ROSARIO,Rosario,Asfalto,No existe,II,Dentro,Urbana,Ninguna,No existe,Intersección,Bueno,Buena,Diurna,Buen Tiempo,Lateral,S/D,Colisión,Ninguna,Faltante,Ninguna,Sin restricción,"-32.97921, -60.64639","['Bulevar Juan Francisco Seguí', 'Sarmiento']",2,,-32.97921,-60.64639,55.0,538.0,Municipio Rosario,Municipio,Rosario,820210,Servicio de Catastro e Información Territorial,IGN
2020,5697,2020-12-08,Martes,,10:00:00,,0.0,2,"Automóvil,Automóvil",Av. Uriburu Y España,2,1,0,0,1,0,0,"-32.99117, -60.65808",Calle,,ROSARIO,Rosario,Asfalto,No existe,II,Dentro,Urbana,Ninguna,S/D,Intersección,Bueno,Buena,Diurna,Buen Tiempo,De alcance,S/D,Colisión,Ninguna,Faltante,Ninguna,Sin restricción,"-32.99117, -60.65808","['Uriburu', 'España']",2,,-32.99117,-60.65808,55.0,538.0,Municipio Rosario,Municipio,Rosario,820210,Servicio de Catastro e Información Territorial,IGN
2020,5700,2020-12-07,Lunes,,17:25:00,,0.0,2,"Moto/Ciclomotor,Automóvil",Anchorena Y Cepeda,2,1,0,0,1,0,0,"-32.99708, -60.62504",Calle,,ROSARIO,Rosario,Asfalto,No existe,II,Dentro,Urbana,Ninguna,No existe,Intersección,Bueno,Buena,Diurna,Buen Tiempo,Lateral,S/D,Colisión,Ninguna,Faltante,Ninguna,Sin restricción,"-32.99708, -60.62504","['Anchorena', 'Cepeda']",2,,-32.99708,-60.62504,55.0,538.0,Municipio Rosario,Municipio,Rosario,820210,Servicio de Catastro e Información Territorial,IGN