anio_acci,nro_acci,fecha,desc_dia,fecha_aprox,hora_aprox,desc_ruta,km,cant_participantes,desc_participante,calle_avenida_km,total,heridos_leves,heridos_graves,heridos_gravisimos,ilesos,fallecidos,sin_datos,posicion_XY,desc_tipo_via,desc_ruta_ori,desc_loc,desc_dpto,desc_tipo_calzada,desc_tipo_banquina,desc_unidad_regional,desc_lugar_calzada,desc_zona,desc_prioridad,desc_estado_semaforo,desc_lugar_via,desc_estado_via,desc_estado_visibilidad,desc_luminosidad,desc_estado_clima,desc_tipo_colision,desc_tipo_atropello,desc_tipo_hecho,desc_pres_calzada,desc_senializacion,desc_separacion_via,desc_restriccion,forma_geocod,calle_lista,numero_calles,calles_osm,lat,lon,index_right,gid,fna,gna,nam,in1,fdc,sag
2020,5703,2020-12-05,Sabado,,07:45:00,,0.0,2,"Moto/Ciclomotor,Automóvil",Dorrego Y Estado de Israel,2,1,0,0,1,0,0,"-32.99225, -60.6609",Calle,,ROSARIO,Rosario,Asfalto,No existe,II,Dentro,Urbana,Ninguna,No existe,Intersección,Bueno,Buena,Diurna,Buen Tiempo,Lateral,S/D,Colisión,Ninguna,Faltante,Ninguna,Sin restricción,"-32.99225, -60.6609","['Dorrego', 'Estado de Israel']",2,,-32.99225,-60.6609,55.0,538.0,Municipio Rosario,Municipio,Rosario,820210,Servicio de Catastro e Información Territorial,IGN
2020,5707,2020-12-03,Jueves,,,,0.0,2,"Peatón,Otros",España 4200,2,1,0,0,1,0,0,"-32.98448, -60.65648",Calle,,ROSARIO,Rosario,Asfalto,No existe,II,Dentro,Urbana,Ninguna,No existe,Intersección,Bueno,Buena,Diurna,Buen Tiempo,S/D,Peatón,Atropello,S/D,Faltante,Ninguna,Sin restricción,"-32.98448, -60.65648",['España 4200'],1,,-32.98448,-60.65648,55.0,538.0,Municipio Rosario,Municipio,Rosario,820210,Servicio de Catastro e Información Territorial,IGN
2020,5722,2020-12-01,Martes,,14:40:00,,0.0,2,"Automóvil,Bicicleta",Republica de Irak Y Cruz Chica,2,1,0,0,1,0,0,"-32.88691, -60.70569",Calle,,ROSARIO,Rosario,Asfalto,Pavimento,II,S/D,Urbana,Ninguna,S/D,Recta,Bueno,Buena,Diurna,Buen Tiempo,S/D,Ciclista,Atropello,Ninguna,Vertical,Ninguna,Sin restricción,"-32.88691, -60.70569","['República de Irak', 'Cruz Chica']",2,,-32.88691,-60.70569,55.0,538.0,Municipio Rosario,Municipio,Rosario,820210,Servicio de Catastro e Información Territorial,IGN
2020,5727,2020-12-02,Miercoles,,16:00:00,,0.0,2,"Moto/Ciclomotor,Automóvil",Buenos Aires Y Amenabar,3,2,0,0,1,0,0,"-32.97325, -60.63912",Calle,,ROSARIO,Rosario,Asfalto,No existe,II,S/D,Urbana,Ninguna,No existe,Recta,Bueno,Reducida,Diurna,Lluvia,De alcance,S/D,Colisión,Agua,S/D,Ninguna,Sin restricción,"-32.97325, -60.63912","['Buenos Aires', 'Amenabar']",2,,-32.97325,-60.63912,55.0,538.0,Municipio Rosario,Municipio,Rosario,820210,Servicio de Catastro e Información Territorial,IGN
2020,5734,2020-12-08,Martes,,12:00:00,,0.0,2,"Automóvil,Moto/Ciclomotor",Cullen Y Ugarte,4,0,1,0,3,0,0,"-32.87807, -60.73073",S/D,,ROSARIO,Rosario,Asfalto,Pavimento,II,S/D,Urbana,S/D,No existe,Intersección,Bueno,Buena,Diurna,S/D,S/D,S/D,Colisión,S/D,S/D,Ninguna,S/D,"-32.87807, -60.73073",['Cullen y Ugarte'],1,,-32.87807,-60.73073,55.0,538.0,Municipio Rosario,Municipio,Rosario,820210,Servicio de Catastro e Información Territorial,IGN
2020,5738,2020-12-01,Martes,,21:50:00,,0.0,2,"Moto/Ciclomotor,Bicicleta",Salvat Y Villa del Parque,4,4,0,0,0,0,0,"-32.88367, -60.72827",Calle,,ROSARIO,Rosario,S/D,S/D,II,Fuera,Urbana,S/D,No existe,Intersección,Bueno,S/D,Nocturna,S/D,S/D,Ciclista,Atropello,S/D,S/D,S/D,S/D,"-32.88367, -60.72827","['Salvat', 'Villa del Parque']",2,,-32.88367,-60.72827,55.0,538.0,Municipio Rosario,Municipio,Rosario,820210,Servicio de Catastro e Información Territorial,IGN
2020,5739,2020-12-03,Jueves,,,,0.0,2,"Moto/Ciclomotor,Automóvil",Polledo Y Salvat,2,0,1,0,1,0,0,"-32.88322, -60.72075",S/D,,ROSARIO,Rosario,Asfalto,S/D,II,S/D,S/D,S/D,No existe,Intersección,Bueno,Buena,Diurna,S/D,S/D,S/D,S/D,S/D,S/D,S/D,S/D,"-32.88322, -60.72075","['Polledo', 'Salvat']",2,,-32.88322,-60.72075,55.0,538.0,Municipio Rosario,Municipio,Rosario,820210,Servicio de Catastro e Información Territorial,IGN
2020,5741,2020-12-01,Martes,,17:00:00,,0.0,2,"Bicicleta,Automóvil",Lavalle Y Mendoza,2,1,0,0,1,0,0,"-32.94449, -60.67908",S/D,,ROSARIO,Rosario,Asfalto,No existe,II,S/D,S/D,Semáforo,Funciona,Intersección,Bueno,Buena,Diurna,Buen Tiempo,De alcance,Ciclista,Atropello,Ninguna,Faltante,Ninguna,Sin restricción,"-32.94449, -60.67908","['Lavalle', 'Mendoza']",2,,-32.94449,-60.67908,55.0,538.0,Municipio Rosario,Municipio,Rosario,820210,Servicio de Catastro e Información Territorial,IGN
2020,5743,2020-12-04,Viernes,,10:30:00,,0.0,2,"Bicicleta,Automóvil",Rodriguez Y Montevideo,2,1,0,0,1,0,0,"-32.95248, -60.66117",S/D,,ROSARIO,Rosario,Asfalto,No existe,II,S/D,Urbana,Ninguna,No existe,Intersección,Bueno,Buena,Diurna,Buen Tiempo,De alcance,Ciclista,Atropello,Ninguna,Faltante,Ninguna,Sin restricción,"-32.95248, -60.66117","['Rodríguez', 'Montevideo']",2,,-32.95248,-60.66117,55.0,538.0,Municipio Rosario,Municipio,Rosario,820210,Servicio de Catastro e Información Territorial,IGN
2020,5747,2020-12-03,Jueves,,12:20:00,,0.0,2,"Moto/Ciclomotor,Taxi/Remis",Cerrito Y Buenos Aires,2,1,0,0,1,0,0,"-32.96287, -60.63662",Calle,,ROSARIO,Rosario,Asfalto,No existe,II,Dentro,Urbana,Semáforo,Funciona,Recta,Bueno,Buena,Diurna,Buen Tiempo,Lateral,S/D,Colisión,Ninguna,Vertical,Ninguna,Sin restricción,"-32.96287, -60.63662","['Cerrito', 'Buenos Aires']",2,,-32.96287,-60.63662,55.0,538.0,Municipio Rosario,Municipio,Rosario,820210,Servicio de Catastro e Información Territorial,IGN
2020,5748,2020-12-04,Viernes,,12:00:00,,0.0,2,"Moto/Ciclomotor,Automóvil",Italia Y Rueda,2,1,0,0,1,0,0,"-32.96937, -60.65393",Calle,,ROSARIO,Rosario,Asfalto,No existe,II,Dentro,Urbana,Ninguna,No existe,Intersección,Bueno,Buena,Diurna,Buen Tiempo,Lateral,S/D,Colisión,Ninguna,Faltante,Ninguna,Sin restricción,"-32.96937, -60.65393","['Italia', 'Rueda']",2,,-32.96937,-60.65393,55.0,538.0,Municipio Rosario,Municipio,Rosario,820210,Servicio de Catastro e Información Territorial,IGN
2020,5749,2020-12-06,Domingo,,13:10:00,,0.0,2,"Automóvil,Pickup/Utilitario",Av. Corrientes Y Av. Pellegrini,2,1,0,0,1,0,0,"-32.95684, -60.64505",Avenida,,ROSARIO,Rosario,Asfalto,No existe,II,Dentro,Urbana,Semáforo,Funciona,Recta,Bueno,Buena,Diurna,Buen Tiempo,De alcance,S/D,Colisión,Ninguna,Vertical,Ninguna,Sin restricción,"-32.95684, -60.64505","['Corrientes', 'Pellegrini']",2,,-32.95684,-60.64505,55.0,538.0,Municipio Rosario,Municipio,Rosario,820210,Servicio de Catastro e Información Territorial,IGN
2020,5750,2020-12-04,Viernes,,15:00:00,,0.0,2,"Moto/Ciclomotor,Automóvil",Colon Y E.Zeballos,2,2,0,0,0,0,0,"-32.95739, -60.62775",Calle,,ROSARIO,Rosario,Asfalto,S/D,II,S/D,Urbana,Señal Pare,S/D,Recta,Bueno,S/D,Diurna,S/D,S/D,S/D,Colisión,S/D,S/D,S/D,S/D,"-32.95739, -60.62775","['Colon', 'Zeballos']",2,,-32.95739,-60.62775,55.0,538.0,Municipio Rosario,Municipio,Rosario,820210,Servicio de Catastro e Información Territorial,IGN
2020,5753,2020-12-07,Lunes,,20:45:00,,0.0,2,"Peatón,Automóvil",Italia Y Urquiza,2,1,0,0,1,0,0,"-32.94124, -60.64696",S/D,,ROSARIO,Rosario,Asfalto,S/D,II,S/D,S/D,S/D,S/D,Recta,S/D,S/D,Nocturna,S/D,S/D,Peatón,Atropello,S/D,S/D,S/D,S/D,"-32.94124, -60.64696","['Italia', 'Urquiza']",2,,-32.94124,-60.64696,55.0,538.0,Municipio Rosario,Municipio,Rosario,820210,Servicio de Catastro e Información Territorial,IGN
2020,5754,2020-08-01,Sabado,,18:55:00,,0.0,2,"Automóvil,Moto/Ciclomotor",Patricios Y San Martin,2,1,0,0,1,0,0,"-33.010984101839,-60.651155927428",Calle,,ROSARIO,Rosario,Asfalto,No existe,II,Dentro,Urbana,Semáforo,Funciona,Intersección,Bueno,Buena,Atardecer,Buen Tiempo,S/D,S/D,Colisión,Ninguna,"Horizontal,Vertical",Línea divisoria pintada,Sin restricción,"-33.010984101839,-60.651155927428","['Patricios', 'San Martin']",2,,-33.010984101839,-60.651155927428,55.0,538.0,Municipio Rosario,Municipio,Rosario,820210,Servicio de Catastro e Información Territorial,IGN
2020,5755,2020-12-07,Lunes,,18:00:00,,0.0,2,"Automóvil,Automóvil",Nansen Y Bv. Rondeau,2,1,0,0,1,0,0,"-32.90939, -60.68766",S/D,,ROSARIO,Rosario,Asfalto,S/D,II,S/D,Urbana,Ninguna,S/D,Recta,Bueno,S/D,S/D,Otro,De alcance,S/D,S/D,Ninguna,Horizontal,Ninguna,Sin restricción,"-32.90939, -60.68766","['Nansen', 'Rondeau']",2,,-32.90939,-60.68766,55.0,538.0,Municipio Rosario,Municipio,Rosario,820210,Servicio de Catastro e Información Territorial,IGN
2020,5756,2020-08-31,Lunes,,13:20:00,,0.0,2,"Automóvil,Peatón",3 De Febrero Y Mitre,2,1,0,0,1,0,0,"-32.952517831526,-60.641136876805",Calle,,ROSARIO,Rosario,Asfalto,No existe,II,Dentro,Urbana,Semáforo,Funciona,Intersección,S/D,S/D,Diurna,S/D,S/D,Peatón,Atropello,S/D,"Horizontal,Vertical",Ninguna,S/D,"-32.952517831526,-60.641136876805","['3 de Febrero', 'Mitre']",2,,-32.952517831526,-60.641136876805,55.0,538.0,Municipio Rosario,Municipio,Rosario,820210,Servicio de Catastro e Información Territorial,IGN
2020,5757,2020-12-05,Sabado,,11:50:00,,0.0,2,"Vehículo Oficial,Automóvil",Bv. Oroño Y San Lorenzo,2,1,0,0,1,0,0,"-32.94136, -60.65283",Calle,,ROSARIO,Rosario,Asfalto,S/D,II,S/D,Urbana,S/D,S/D,Recta,Bueno,S/D,Diurna,S/D,S/D,S/D,Colisión,S/D,S/D,S/D,S/D,"-32.94136, -60.65283","['Bulevar Nicasio Oroño', 'San Lorenzo']",2,,-32.94136,-60.65283,55.0,538.0,Municipio Rosario,Municipio,Rosario,820210,Servicio de Catastro e Información Territorial,IGN
2020,5758,2020-08-01,Sabado,,20:00:00,,0.0,2,"Automóvil,Moto/Ciclomotor",Bv. Oroño Y H. Brandoni,3,2,0,0,1,0,0,"-33.00645012515,-60.664657382132",Avenida,,ROSARIO,Rosario,Asfalto,No existe,II,Dentro,Urbana,Semáforo,Funciona,Intersección,Bueno,Buena,Diurna,Buen Tiempo,S/D,S/D,Colisión,Ninguna,"Horizontal,Vertical","Cordón divisorio,Vegetación,Línea divisoria pintada",Sin restricción,"-33.00645012515,-60.664657382132","['Bulevar Nicasio Oroño', 'Brandoni']",2,,-33.00645012515,-60.664657382132,55.0,538.0,Municipio Rosario,Municipio,Rosario,820210,Servicio de Catastro e Información Territorial,IGN
2020,5761,2020-12-01,Martes,,08:20:00,,0.0,2,"Moto/Ciclomotor,Taxi/Remis",Pte.Roca Y San Lorenzo,2,1,0,0,1,0,0,"-32.9429, -60.64453",Calle,,ROSARIO,Rosario,Asfalto,S/D,II,S/D,Urbana,S/D,S/D,Recta,Bueno,S/D,Diurna,S/D,S/D,S/D,Colisión,S/D,S/D,S/D,S/D,"-32.9429, -60.64453","['Roca', 'San Lorenzo']",2,,-32.9429,-60.64453,55.0,538.0,Municipio Rosario,Municipio,Rosario,820210,Servicio de Catastro e Información Territorial,IGN
2020,5763,2020-08-31,Lunes,,,,0.0,2,"Moto/Ciclomotor,Automóvil",Av. Uriburu Y Callao,3,1,0,0,2,0,0,"-32.991395473099,-60.672443307726",Avenida,,ROSARIO,Rosario,Asfalto,No existe,II,Dentro,Urbana,Ninguna,No existe,Intersección,S/D,S/D,S/D,S/D,S/D,S/D,Colisión,S/D,Faltante,Cordón divisorio,S/D,"-32.991395473099,-60.672443307726","['Uriburu', 'Callao']",2,,-32.991395473099,-60.672443307726,55.0,538.0,Municipio Rosario,Municipio,Rosario,820210,Servicio de Catastro e Información Territorial,IGN
2020,5764,2020-12-01,Martes,,15:10:00,,0.0,2,"Automóvil,Moto/Ciclomotor",Castellanos Y 9 De Julio,2,1,0,0,1,0,0,"-32.9473, -60.67694",Calle,,ROSARIO,Rosario,Asfalto,S/D,II,S/D,Urbana,S/D,S/D,Recta,Bueno,S/D,Diurna,S/D,S/D,S/D,Colisión,S/D,S/D,S/D,S/D,"-32.9473, -60.67694","['Aaron Castellanos', '9 de Julio']",2,,-32.9473,-60.67694,55.0,538.0,Municipio Rosario,Municipio,Rosario,820210,Servicio de Catastro e Información Territorial,IGN
2020,5769,2020-12-08,Martes,,07:30:00,,0.0,2,"Moto/Ciclomotor,Pickup/Utilitario",Bv. 27 De Febrero Y Entre Rios,2,0,1,0,1,0,0,"-32.9671, -60.64628",Calle,,ROSARIO,Rosario,Asfalto,S/D,II,S/D,Urbana,S/D,S/D,Recta,S/D,S/D,Diurna,S/D,S/D,S/D,Colisión,S/D,S/D,S/D,S/D,"-32.9671, -60.64628","['27 de Febrero', 'Entre Ríos']",2,,-32.9671,-60.64628,55.0,538.0,Municipio Rosario,Municipio,Rosario,820210,Servicio de Catastro e Información Territorial,IGN
2020,5778,2020-10-31,Sabado,,15:40:00,,0.0,1,Otros,Junin Y Matienzo,2,1,0,0,1,0,0,"    -32.92715, -60.69521",Calle,,ROSARIO,Rosario,Asfalto,S/D,II,Dentro,Urbana,S/D,S/D,Intersección,S/D,S/D,Diurna,S/D,S/D,S/D,Colisión,S/D,S/D,S/D,S/D,"    -32.92715, -60.69521","['Junín', 'Matienzo']",2,,-32.92715,-60.69521,55.0,538.0,Municipio Rosario,Municipio,Rosario,820210,Servicio de Catastro e Información Territorial,IGN
2020,5806,2020-08-04,Martes,,12:30:00,,0.0,2,"Pickup/Utilitario,Moto/Ciclomotor",Av. Francia Y Catamarca,2,1,0,0,1,0,0,"-32.935721530129,-60.663939867522",Avenida,,ROSARIO,Rosario,Asfalto,No existe,II,Dentro,Urbana,Semáforo,Funciona,Intersección,Bueno,Buena,Diurna,Buen Tiempo,S/D,S/D,Colisión,Ninguna,"Horizontal,Vertical","Cordón divisorio,Vegetación",Sin restricción,"-32.935721530129,-60.663939867522","['Avenida Francia', 'Catamarca']",2,,-32.935721530129,-60.663939867522,55.0,538.0,Municipio Rosario,Municipio,Rosario,820210,Servicio de Catastro e Información Territorial,IGN
2020,5813,2020-08-23,Domingo,,19:55:00,,0.0,2,"Transporte de Pasajeros Urbano (> 8 asientos),Moto/Ciclomotor",Ricchieri Y Av. Pte.Peron,2,0,0,0,1,1,0,"-32.95556,-60.66621",Avenida,,ROSARIO,Rosario,Asfalto,No existe,II,S/D,Urbana,Ninguna,No existe,Recta,Bueno,S/D,Nocturna,S/D,Lateral,S/D,Colisión,S/D,Horizontal,"Ninguna,S/D",Sin restricción,"-32.95556,-60.66621","['Ricchieri', 'Avenida Presidente Perón']",2,,-32.95556,-60.66621,55.0,538.0,Municipio Rosario,Municipio,Rosario,820210,Servicio de Catastro e Información Territorial,IGN
2020,5815,2020-08-29,Sabado,,08:30:00,,0.0,2,"Peatón,Automóvil",Balcarce 4100,2,1,0,0,1,0,0,"-32.982341811933,-60.661602519947",Calle,,ROSARIO,Rosario,Asfalto,No existe,II,Dentro,Urbana,Ninguna,S/D,Intersección,S/D,S/D,Diurna,S/D,S/D,Peatón,Atropello,S/D,Faltante,Ninguna,S/D,"-32.982341811933,-60.661602519947",['Balcarce 4100'],1,,-32.982341811933,-60.661602519947,55.0,538.0,Municipio Rosario,Municipio,Rosario,820210,Servicio de Catastro e Información Territorial,IGN
2020,5847,2020-08-06,Jueves,,,,0.0,2,"Peatón,Taxi/Remis",Balcarce Y San Juan,2,0,1,0,1,0,0,"-32.946564350152,-60.65259510323",Calle,,ROSARIO,Rosario,Asfalto,No existe,II,Dentro,Urbana,Paso Peatonal,No existe,Intersección,Bueno,Buena,Diurna,Buen Tiempo,S/D,Peatón,Atropello,Ninguna,Horizontal,Ninguna,Sin restricción,"-32.946564350152,-60.65259510323","['Balcarce', 'San Juan']",2,,-32.946564350152,-60.65259510323,55.0,538.0,Municipio Rosario,Municipio,Rosario,820210,Servicio de Catastro e Información Territorial,IGN
2020,5849,2020-09-06,Domingo,,17:50:00,,0.0,2,"Peatón,Tren",Lamadrid Y Flamarion,2,0,0,0,1,1,0,"-32.99731, -60.65823",Calle,,ROSARIO,Rosario,"Asfalto,Tierra",No existe,II,Dentro,Urbana,Ninguna,No existe,Paso a Nivel FFCC,Bueno,Buena,Diurna,Buen Tiempo,S/D,Peatón,Atropello,Ninguna,Faltante,Ninguna,Sin restricción,"-32.99731, -60.65823","['Lamadrid', 'Camilo Flammarion']",2,,-32.99731,-60.65823,55.0,538.0,Municipio Rosario,Municipio,Rosario,820210,Servicio de Catastro e Información Territorial,IGN
2020,5851,2020-09-11,Viernes,,02:50:00,,0.0,2,"Moto/Ciclomotor,Automóvil",Av. Mongsfeld ,2,0,0,0,1,1,0,"-32.93078, -60.67107",Calle,,ROSARIO,Rosario,Asfalto,No existe,II,Dentro,Urbana,Ninguna,No existe,Recta,Bueno,S/D,Nocturna,S/D,Lateral,S/D,Colisión,Ninguna,Faltante,Ninguna,Sin restricción,"-32.93078, -60.67107",['Mongsfeld'],1,,-32.93078,-60.67107,55.0,538.0,Municipio Rosario,Municipio,Rosario,820210,Servicio de Catastro e Información Territorial,IGN
2020,5853,2020-08-15,Sabado,,14:20:00,,0.0,2,"Pickup/Utilitario,Moto/Ciclomotor",Av. Arijon Y Italia,3,1,0,0,2,0,0,"-33.003272531007,-60.659112554622",Avenida,,ROSARIO,Rosario,Asfalto,No existe,II,Dentro,Urbana,Ninguna,No existe,Intersección,Bueno,Buena,Diurna,Buen Tiempo,Lateral,S/D,Colisión,Ninguna,"Horizontal,Vertical",Ninguna,Sin restricción,"-33.003272531007,-60.659112554622","['Avenida Manuel Arijón', 'Italia']",2,,-33.003272531007,-60.659112554622,55.0,538.0,Municipio Rosario,Municipio,Rosario,820210,Servicio de Catastro e Información Territorial,IGN
2020,5910,2020-12-01,Martes,,15:15:00,,0.0,2,"Automóvil,Automóvil",Av. Pellegrini Y Italia,2,1,0,0,1,0,0,"-32.95567, -60.65063",Calle,,ROSARIO,Rosario,Asfalto,No existe,II,Dentro,Urbana,Ninguna,No existe,Recta,Bueno,Buena,Diurna,Buen Tiempo,S/D,S/D,Colisión,Ninguna,Faltante,Ninguna,Sin restricción,"-32.95567, -60.65063","['Pellegrini', 'Italia']",2,,-32.95567,-60.65063,55.0,538.0,Municipio Rosario,Municipio,Rosario,820210,Servicio de Catastro e Información Territorial,IGN
2020,5914,2020-08-24,Lunes,,11:40:00,,0.0,3,"Pickup/Utilitario,Peatón,Peatón",Av. Pellegrini Y Camilo Aldao,3,1,1,0,1,0,0,"-32.948054909744,-60.695670689517",Avenida,,ROSARIO,Rosario,Asfalto,No existe,II,Dentro,Urbana,Semáforo,Funciona,Intersección,Bueno,Buena,Diurna,Buen Tiempo,S/D,Peatón,Atropello,Ninguna,"Horizontal,Vertical","Cordón divisorio,Línea divisoria pintada",Sin restricción,"-32.948054909744,-60.695670689517","['Pellegrini', 'Camilo Aldao']",2,,-32.948054909744,-60.695670689517,55.0,538.0,Municipio Rosario,Municipio,Rosario,820210,Servicio de Catastro e Información Territorial,IGN
2020,5936,2020-08-21,Viernes,,00:10:00,,0.0,2,"Moto/Ciclomotor,Vehículo Oficial",Bv. Avellaneda Y 24 De Setiembre,2,1,0,0,1,0,0,"-32.972921, -60.687598",Avenida,,ROSARIO,Rosario,Asfalto,No existe,II,Dentro,Urbana,Ninguna,No existe,Intersección,Bueno,Buena,Nocturna,Buen Tiempo,Lateral,S/D,Colisión,Ninguna,Faltante,Ninguna,Sin restricción,"-32.972921, -60.687598","['Avellaneda', '24 de Septiembre']",2,,-32.972921,-60.687598,55.0,538.0,Municipio Rosario,Municipio,Rosario,820210,Servicio de Catastro e Información Territorial,IGN
2020,5969,2020-08-02,Domingo,,,,0.0,3,"Automóvil,Automóvil,Camión",Bv. Rondeau 1400,5,3,0,0,2,0,0,"-32.899867151766,-60.690570717243",Avenida,,ROSARIO,Rosario,Asfalto,No existe,II,Dentro,Urbana,Ninguna,No existe,Intersección,Bueno,Buena,Diurna,Buen Tiempo,S/D,S/D,Colisión,Ninguna,Horizontal,"Cordón divisorio,Vegetación,Línea divisoria pintada",Sin restricción,"-32.899867151766,-60.690570717243",['Rondeau 1400'],1,,-32.899867151766,-60.690570717243,55.0,538.0,Municipio Rosario,Municipio,Rosario,820210,Servicio de Catastro e Información Territorial,IGN
2020,6014,2020-12-05,Sabado,,18:15:00,,0.0,2,"Peatón,Automóvil", ,2,0,1,0,1,0,0,"-32.88955, -60.70981",S/D,,ROSARIO,Rosario,S/D,S/D,II,S/D,S/D,S/D,S/D,S/D,S/D,S/D,S/D,S/D,S/D,Peatón,Atropello,S/D,S/D,S/D,S/D,"-32.88955, -60.70981",[''],0,,-32.88955,-60.70981,55.0,538.0,Municipio Rosario,Municipio,Rosario,820210,Servicio de Catastro e Información Territorial,IGN
2020,6022,2020-12-07,Lunes,,12:50:00,,0.0,2,"Automóvil,Moto/Ciclomotor",San Luis Y Callao,2,1,0,0,1,0,0,"-32.94514, -60.66079",S/D,,ROSARIO,Rosario,S/D,S/D,II,S/D,S/D,S/D,S/D,S/D,S/D,S/D,S/D,S/D,S/D,S/D,S/D,S/D,S/D,S/D,S/D,"-32.94514, -60.66079","['San Luis', 'Callao']",2,,-32.94514,-60.66079,55.0,538.0,Municipio Rosario,Municipio,Rosario,820210,Servicio de Catastro e Información Territorial,IGN
2020,6031,2020-11-16,Lunes,,18:25:00,,0.0,2,"Automóvil,Moto/Ciclomotor",P.Harris Y Av. de los Trabajadores,4,1,0,0,3,0,0,"-32.91072, -60.68035",Calle,,ROSARIO,Rosario,Asfalto,S/D,II,S/D,Urbana,S/D,S/D,Intersección,Bueno,Buena,Diurna,Buen Tiempo,Frontal,S/D,Colisión,S/D,Faltante,S/D,S/D,"-32.91072, -60.68035","['Harris', 'De Los Trabajadores']",2,,-32.91072,-60.68035,55.0,538.0,Municipio Rosario,Municipio,Rosario,820210,Servicio de Catastro e Información Territorial,IGN
2020,6032,2020-11-16,Lunes,,13:10:00,,0.0,2,"Vehículo Oficial,Automóvil",San Lorenzo Y Balcarce,2,1,0,0,1,0,0,"-32.94171, -60.65138",Calle,,ROSARIO,Rosario,Asfalto,S/D,II,S/D,Urbana,S/D,S/D,Intersección,S/D,S/D,Diurna,S/D,S/D,S/D,Colisión,S/D,S/D,S/D,S/D,"-32.94171, -60.65138","['San Lorenzo', 'Balcarce']",2,,-32.94171,-60.65138,55.0,538.0,Municipio Rosario,Municipio,Rosario,820210,Servicio de Catastro e Información Territorial,IGN
2020,6033,2020-11-16,Lunes,,22:30:00,,0.0,2,"Moto/Ciclomotor,Automóvil",Cordoba Y Suipacha,3,2,0,0,1,0,0,"-32.94176, -60.66416",Calle,,ROSARIO,Rosario,Asfalto,S/D,II,S/D,Urbana,S/D,S/D,Intersección,Bueno,S/D,Nocturna,S/D,S/D,S/D,Colisión,S/D,S/D,S/D,S/D,"-32.94176, -60.66416","['Córdoba', 'Suipacha']",2,,-32.94176,-60.66416,55.0,538.0,Municipio Rosario,Municipio,Rosario,820210,Servicio de Catastro e Información Territorial,IGN
2020,6049,2020-11-16,Lunes,,15:45:00,,0.0,2,"Automóvil,Moto/Ciclomotor",Brasil Y Velez Sarsfield,2,0,1,0,1,0,0,"-32.92627, -60.72018",Calle,,ROSARIO,Rosario,Asfalto,No existe,II,Dentro,Urbana,Ninguna,No existe,Intersección,S/D,Buena,Diurna,Buen Tiempo,De alcance,S/D,Colisión,Ninguna,Faltante,Ninguna,Sin restricción,"-32.92627, -60.72018","['Brasil', 'Vélez Sarsfield']",2,,-32.92627,-60.72018,55.0,538.0,Municipio Rosario,Municipio,Rosario,820210,Servicio de Catastro e Información Territorial,IGN
2020,6052,2020-11-16,Lunes,,18:15:00,,0.0,2,"Moto/Ciclomotor,Automóvil",Av. Jorge Newbery Y Sanchez de Loria,2,2,0,0,0,0,0,"-32.90857, -60.73301",Avenida,,ROSARIO,Rosario,Asfalto,No existe,II,Dentro,Urbana,Ninguna,No existe,Intersección,Bueno,S/D,Atardecer,Buen Tiempo,S/D,S/D,Colisión,Ninguna,S/D,Ninguna,Sin restricción,"-32.90857, -60.73301","['Jorge Newbery', 'Sánchez de Loria']",2,,-32.90857,-60.73301,55.0,538.0,Municipio Rosario,Municipio,Rosario,820210,Servicio de Catastro e Información Territorial,IGN
2020,6054,2020-11-16,Lunes,,11:55:00,,0.0,2,"Automóvil,Moto/Ciclomotor",Dean Funes Y Montes Carballo,3,2,0,0,1,0,0,"-32.96813, -60.73208",Calle,,ROSARIO,Rosario,Asfalto,Pavimento,II,S/D,Urbana,Ninguna,No existe,Intersección,Bueno,Buena,"Nocturna,Con luz artificial",Buen Tiempo,S/D,S/D,Colisión,Ninguna,Faltante,Ninguna,Sin restricción,"-32.96813, -60.73208","['Deán Gregorio Funes', 'Avenida Doctor Luis Cándido Carballo']",2,,-32.96813,-60.73208,55.0,538.0,Municipio Rosario,Municipio,Rosario,820210,Servicio de Catastro e Información Territorial,IGN
2020,6056,2020-11-16,Lunes,,02:15:00,,0.0,2,"Peatón,Automóvil",Bv. 27 De Febrero Y P.L.Funes,2,0,1,0,0,0,1,"-32.95899, -60.70045",Avenida,,ROSARIO,Rosario,Asfalto,Pavimento,II,S/D,Urbana,Ninguna,No existe,Intersección,Otro,Reducida,"Nocturna,Con luz artificial",Buen Tiempo,S/D,Peatón,Atropello,Ninguna,Faltante,Ninguna,Sin restricción,"-32.95899, -60.70045","['27 de Febrero', 'Funes']",2,,-32.95899,-60.70045,55.0,538.0,Municipio Rosario,Municipio,Rosario,820210,Servicio de Catastro e Información Territorial,IGN
2020,6057,2020-11-16,Lunes,,19:00:00,,0.0,2,"Moto/Ciclomotor,Automóvil",Av. Francia Y Av. Ntra.Sra.del Rosario,3,2,0,0,1,0,0,"-33.00097, -60.67784",Calle,,ROSARIO,Rosario,Asfalto,No existe,II,Dentro,Urbana,Ninguna,No existe,Intersección,Bueno,Buena,Atardecer,Buen Tiempo,Lateral,S/D,Colisión,Ninguna,Faltante,Ninguna,Sin restricción,"-33.00097, -60.67784","['Avenida Francia', 'Nuestra Señora del Rosario']",2,,-33.00097,-60.67784,55.0,538.0,Municipio Rosario,Municipio,Rosario,820210,Servicio de Catastro e Información Territorial,IGN