anio_acci,nro_acci,fecha,desc_dia,fecha_aprox,hora_aprox,desc_ruta,km,cant_participantes,desc_participante,calle_avenida_km,total,heridos_leves,heridos_graves,heridos_gravisimos,ilesos,fallecidos,sin_datos,posicion_XY,desc_tipo_via,desc_ruta_ori,desc_loc,desc_dpto,desc_tipo_calzada,desc_tipo_banquina,desc_unidad_regional,desc_lugar_calzada,desc_zona,desc_prioridad,desc_estado_semaforo,desc_lugar_via,desc_estado_via,desc_estado_visibilidad,desc_luminosidad,desc_estado_clima,desc_tipo_colision,desc_tipo_atropello,desc_tipo_hecho,desc_pres_calzada,desc_senializacion,desc_separacion_via,desc_restriccion,forma_geocod,calle_lista,numero_calles,calles_osm,lat,lon,index_right,gid,fna,gna,nam,in1,fdc,sag
2020,6060,2020-11-16,Lunes,,17:00:00,,0.0,2,"Moto/Ciclomotor,Automóvil",Biedma Y Colon,2,1,0,0,1,0,0,"-32.98365, -60.63429",Calle,,ROSARIO,Rosario,Asfalto,No existe,II,Dentro,Urbana,Ninguna,No existe,Intersección,Bueno,Buena,Diurna,Buen Tiempo,Lateral,S/D,Colisión,Ninguna,Faltante,Ninguna,Sin restricción,"-32.98365, -60.63429","['Coronel Biedma', 'Colon']",2,,-32.98365,-60.63429,55.0,538.0,Municipio Rosario,Municipio,Rosario,820210,Servicio de Catastro e Información Territorial,IGN
2020,6078,2020-12-06,Domingo,,09:00:00,,0.0,1,Automóvil,Av. Circunvalacion Y Mendoza,1,1,0,0,0,0,0,"-32.94669, -60.72205",Avenida,,ROSARIO,Rosario,S/D,S/D,II,S/D,S/D,S/D,S/D,S/D,S/D,S/D,S/D,S/D,S/D,S/D,S/D,S/D,S/D,S/D,S/D,"-32.94669, -60.72205","['Circunvalacion', 'Mendoza']",2,,-32.94669,-60.72205,55.0,538.0,Municipio Rosario,Municipio,Rosario,820210,Servicio de Catastro e Información Territorial,IGN
2020,6083,2020-12-06,Domingo,,,,0.0,2,"Moto/Ciclomotor,Moto/Ciclomotor",Bv. 27 De Febrero Y Lima,4,2,0,0,2,0,0,"-32.95961, -60.68855",S/D,,ROSARIO,Rosario,Asfalto,No existe,II,S/D,S/D,Ninguna,No existe,Intersección,S/D,S/D,S/D,S/D,S/D,S/D,Colisión,S/D,Faltante,"Cordón divisorio,S/D",S/D,"-32.95961, -60.68855","['27 de Febrero', 'Lima']",2,,-32.95961,-60.68855,55.0,538.0,Municipio Rosario,Municipio,Rosario,820210,Servicio de Catastro e Información Territorial,IGN
2020,6088,2020-11-17,Martes,,01:25:00,,0.0,2,"Automóvil,Moto/Ciclomotor",Bv. Bouchard Y B.Alvarez,4,3,0,0,1,0,0,"-32.89029, -60.73084",Avenida,,ROSARIO,Rosario,Asfalto,No existe,II,Fuera,Urbana,Ninguna,S/D,Intersección,Bueno,S/D,Nocturna,Buen Tiempo,S/D,S/D,Colisión,S/D,S/D,S/D,Sin restricción,"-32.89029, -60.73084","['Bouchard', 'Álvarez']",2,,-32.89029,-60.73084,55.0,538.0,Municipio Rosario,Municipio,Rosario,820210,Servicio de Catastro e Información Territorial,IGN
2020,6089,2020-11-17,Martes,,18:40:00,,0.0,2,"Moto/Ciclomotor,Automóvil",Av. Provincias Unidas 1300,3,1,0,0,2,0,0,"-32.94362, -60.71252",Avenida,,ROSARIO,Rosario,Asfalto,S/D,II,S/D,Urbana,S/D,S/D,Recta,Bueno,S/D,Atardecer,S/D,S/D,S/D,Colisión,S/D,S/D,S/D,S/D,"-32.94362, -60.71252",['Provincias Unidas 1300'],1,,-32.94362,-60.71252,55.0,538.0,Municipio Rosario,Municipio,Rosario,820210,Servicio de Catastro e Información Territorial,IGN
2020,6091,2020-11-17,Martes,,16:45:00,,0.0,2,"Moto/Ciclomotor,Automóvil",Dorrego Y Viamonte,2,1,0,0,1,0,0,"-32.96333, -60.65398",Calle,,ROSARIO,Rosario,Asfalto,No existe,II,Dentro,Urbana,Ninguna,No existe,Intersección,Bueno,Buena,Diurna,Buen Tiempo,Lateral,S/D,Colisión,Ninguna,Faltante,Ninguna,Sin restricción,"-32.96333, -60.65398","['Dorrego', 'Viamonte']",2,,-32.96333,-60.65398,55.0,538.0,Municipio Rosario,Municipio,Rosario,820210,Servicio de Catastro e Información Territorial,IGN
2020,6096,2020-11-17,Martes,,14:30:00,,0.0,2,"Peatón,Automóvil",San Martin 2200,2,1,0,0,1,0,0,"-32.96316, -60.64092",Avenida,,ROSARIO,Rosario,Asfalto,No existe,II,Dentro,Urbana,Ninguna,No existe,Recta,Bueno,Buena,Diurna,Buen Tiempo,S/D,Peatón,Atropello,Ninguna,S/D,Ninguna,Sin restricción,"-32.96316, -60.64092",['San Martin 2200'],1,,-32.96316,-60.64092,55.0,538.0,Municipio Rosario,Municipio,Rosario,820210,Servicio de Catastro e Información Territorial,IGN
2020,6110,2020-11-17,Martes,,18:15:00,,0.0,2,"Automóvil,Moto/Ciclomotor",Pascual Rosas Y San Lorenzo,3,2,0,0,1,0,0,"-32.93559, -60.68535",Calle,,ROSARIO,Rosario,Asfalto,No existe,II,Dentro,Urbana,Ninguna,No existe,Intersección,Bueno,Buena,Diurna,Buen Tiempo,S/D,S/D,Colisión,Ninguna,Faltante,Ninguna,Sin restricción,"-32.93559, -60.68535","['Pascual Rosas', 'San Lorenzo']",2,,-32.93559,-60.68535,55.0,538.0,Municipio Rosario,Municipio,Rosario,820210,Servicio de Catastro e Información Territorial,IGN
2020,6112,2020-11-17,Martes,,14:05:00,,0.0,2,"Moto/Ciclomotor,Automóvil",Constitucion Y Biedma,3,1,0,0,2,0,0,"-32.97501, -60.6825",Calle,,ROSARIO,Rosario,Asfalto,No existe,II,Dentro,Urbana,Ninguna,No existe,Intersección,Bueno,Buena,Diurna,Buen Tiempo,Lateral,S/D,Colisión,Ninguna,Faltante,Ninguna,Sin restricción,"-32.97501, -60.6825","['Constitución', 'Coronel Biedma']",2,,-32.97501,-60.6825,55.0,538.0,Municipio Rosario,Municipio,Rosario,820210,Servicio de Catastro e Información Territorial,IGN
2020,6113,2020-11-17,Martes,,23:00:00,,0.0,2,"Moto/Ciclomotor,Automóvil",Fragata Sarmiento Y Iriondo,2,1,0,0,1,0,0,"-32.9872, -60.68135",Calle,,ROSARIO,Rosario,Asfalto,No existe,II,Dentro,Urbana,Ninguna,No existe,Intersección,Bueno,Buena,Nocturna,Buen Tiempo,Lateral,S/D,Colisión,Ninguna,Faltante,Ninguna,Sin restricción,"-32.9872, -60.68135","['Fragata Sarmiento', 'Iriondo']",2,,-32.9872,-60.68135,55.0,538.0,Municipio Rosario,Municipio,Rosario,820210,Servicio de Catastro e Información Territorial,IGN
2020,6114,2020-11-17,Martes,,13:15:00,,0.0,2,"Automóvil,Automóvil",Callao Y Juan Canals,4,1,0,0,3,0,0,"-32.98601, -60.67104",Calle,,ROSARIO,Rosario,Asfalto,No existe,II,Dentro,Urbana,Ninguna,No existe,Intersección,Bueno,Buena,Diurna,Buen Tiempo,Lateral,S/D,Colisión,Ninguna,Faltante,Ninguna,Sin restricción,"-32.98601, -60.67104","['Callao', 'Juan Canals']",2,,-32.98601,-60.67104,55.0,538.0,Municipio Rosario,Municipio,Rosario,820210,Servicio de Catastro e Información Territorial,IGN
2020,6115,2020-11-17,Martes,,15:40:00,,0.0,2,"Moto/Ciclomotor,Automóvil",Bv. Segui Y Av. Ovidio Lagos,4,0,2,0,2,0,0,"-32.97504, -60.66933",Calle,,ROSARIO,Rosario,Asfalto,No existe,II,Dentro,Urbana,Ninguna,No existe,Intersección,Bueno,Buena,Diurna,Buen Tiempo,Lateral,S/D,Colisión,Ninguna,Faltante,Ninguna,Sin restricción,"-32.97504, -60.66933","['Bulevar Juan Francisco Seguí', 'Avenida Ovidio Lagos']",2,,-32.97504,-60.66933,55.0,538.0,Municipio Rosario,Municipio,Rosario,820210,Servicio de Catastro e Información Territorial,IGN
2020,6129,2020-11-18,Miercoles,,21:10:00,,0.0,2,"Moto/Ciclomotor,Automóvil",Bv. 27 De Febrero Y Dorrego,2,0,1,0,1,0,0,"-32.96558, -60.6546",Calle,,ROSARIO,Rosario,Asfalto,S/D,II,S/D,Urbana,S/D,Funciona,Intersección,S/D,S/D,Nocturna,S/D,S/D,S/D,Colisión,S/D,Faltante,S/D,S/D,"-32.96558, -60.6546","['27 de Febrero', 'Dorrego']",2,,-32.96558,-60.6546,55.0,538.0,Municipio Rosario,Municipio,Rosario,820210,Servicio de Catastro e Información Territorial,IGN
2020,6130,2020-11-18,Miercoles,,19:30:00,,0.0,2,"Pickup/Utilitario,Automóvil",Urquiza Y Rodriguez,2,1,0,0,1,0,0,"-32.93929, -60.65785",Calle,,ROSARIO,Rosario,Asfalto,No existe,II,Dentro,Urbana,Señal Pare,No existe,Intersección,Bueno,Buena,Atardecer,Buen Tiempo,De alcance,S/D,Colisión,Ninguna,Vertical,Ninguna,Sin restricción,"-32.93929, -60.65785","['Urquiza', 'Rodríguez']",2,,-32.93929,-60.65785,55.0,538.0,Municipio Rosario,Municipio,Rosario,820210,Servicio de Catastro e Información Territorial,IGN
2020,6131,2020-11-18,Miercoles,,12:10:00,,0.0,2,"Pickup/Utilitario,Automóvil",Bv. 27 De Febrero Y Suipacha,2,1,0,0,1,0,0,"-32.96291, -60.66949",Avenida,,ROSARIO,Rosario,Asfalto,S/D,II,Dentro,Urbana,Semáforo,Funciona,Intersección,Bueno,Buena,Diurna,Buen Tiempo,De alcance,S/D,Colisión,Ninguna,Vertical,Cordón divisorio,Sin restricción,"-32.96291, -60.66949","['27 de Febrero', 'Suipacha']",2,,-32.96291,-60.66949,55.0,538.0,Municipio Rosario,Municipio,Rosario,820210,Servicio de Catastro e Información Territorial,IGN
2020,6132,2020-11-18,Miercoles,,15:00:00,,0.0,2,"Automóvil,Automóvil",Av. Pellegrini Y Pueyrredon,2,1,0,0,1,0,0,"-32.95391, -60.66012",Avenida,,ROSARIO,Rosario,Asfalto,No existe,II,Dentro,Urbana,Semáforo,Funciona,Intersección,Bueno,Buena,Diurna,Buen Tiempo,De alcance,S/D,Colisión,Ninguna,Vertical,Cordón divisorio,Sin restricción,"-32.95391, -60.66012","['Pellegrini', 'Pueyrredón']",2,,-32.95391,-60.66012,55.0,538.0,Municipio Rosario,Municipio,Rosario,820210,Servicio de Catastro e Información Territorial,IGN
2020,6154,2020-11-18,Miercoles,,20:30:00,,0.0,2,"Automóvil,Automóvil",La Paz Y Av. Provincias Unidas,5,2,3,0,0,0,0,"-32.95571, -60.71191",Calle,,ROSARIO,Rosario,Asfalto,Pavimento,II,S/D,Urbana,Ninguna,No existe,Intersección,Bueno,Buena,"Nocturna,Con luz artificial",Buen Tiempo,Otro,S/D,Colisión,Ninguna,Faltante,Ninguna,Sin restricción,"-32.95571, -60.71191","['La Paz', 'Avenida Provincias Unidas']",2,,-32.95571,-60.71191,55.0,538.0,Municipio Rosario,Municipio,Rosario,820210,Servicio de Catastro e Información Territorial,IGN
2020,6157,2020-11-18,Miercoles,,18:00:00,,0.0,2,"Moto/Ciclomotor,Automóvil",Ayacucho Y Reg.11 de Infanteria,2,1,0,0,1,0,0,"-32.99842, -60.63644",Calle,,ROSARIO,Rosario,Asfalto,No existe,II,Dentro,Urbana,Ninguna,No existe,Intersección,Bueno,S/D,S/D,Buen Tiempo,Lateral,S/D,Colisión,S/D,S/D,Ninguna,Sin restricción,"-32.99842, -60.63644","['Ayacucho', 'Regimiento 11']",2,,-32.99842,-60.63644,55.0,538.0,Municipio Rosario,Municipio,Rosario,820210,Servicio de Catastro e Información Territorial,IGN
2020,6160,2020-11-18,Miercoles,,21:50:00,,0.0,2,"Moto/Ciclomotor,Automóvil",Ayacucho Y Centenario,2,1,0,0,1,0,0,"-33.00387, -60.63598",Calle,,ROSARIO,Rosario,Asfalto,No existe,II,Dentro,Urbana,Ninguna,No existe,Intersección,Bueno,Buena,"Nocturna,Con luz artificial",Buen Tiempo,Lateral,S/D,Colisión,Ninguna,Faltante,Ninguna,Sin restricción,"-33.00387, -60.63598","['Ayacucho', 'Centenario']",2,,-33.00387,-60.63598,55.0,538.0,Municipio Rosario,Municipio,Rosario,820210,Servicio de Catastro e Información Territorial,IGN
2020,6165,2020-11-18,Miercoles,,11:05:00,,0.0,2,"Automóvil,Automóvil",Av. Uriburu Y San Martin,3,1,0,0,2,0,0,"-32.99061, -60.64659",Avenida,,ROSARIO,Rosario,Asfalto,No existe,II,Dentro,Urbana,Semáforo,Funciona,Intersección,Bueno,Buena,Diurna,Buen Tiempo,Lateral,S/D,Colisión,Ninguna,Faltante,Cordón divisorio,Sin restricción,"-32.99061, -60.64659","['Uriburu', 'San Martin']",2,,-32.99061,-60.64659,55.0,538.0,Municipio Rosario,Municipio,Rosario,820210,Servicio de Catastro e Información Territorial,IGN
2020,6166,2020-08-26,Miercoles,,,,0.0,2,"Bicicleta,Automóvil",Buenos Aires Y Mendoza,2,1,0,0,1,0,0,"-32.952473569195,-60.633997204012",Calle,,ROSARIO,Rosario,Asfalto,No existe,II,Dentro,Urbana,Ninguna,No existe,Intersección,S/D,S/D,Diurna,S/D,S/D,Ciclista,Atropello,S/D,Faltante,Ninguna,S/D,"-32.952473569195,-60.633997204012","['Buenos Aires', 'Mendoza']",2,,-32.952473569195,-60.633997204012,55.0,538.0,Municipio Rosario,Municipio,Rosario,820210,Servicio de Catastro e Información Territorial,IGN
2020,6169,2020-11-19,Jueves,,02:10:00,,0.0,1,Automóvil,Av. Belgrano 900,3,0,2,0,1,0,0,"-32.94347, -60.63412",Avenida,,ROSARIO,Rosario,Asfalto,S/D,II,S/D,Urbana,S/D,Intermitente,Recta,Bueno,Reducida,Nocturna,S/D,S/D,S/D,S/D,S/D,S/D,S/D,S/D,"-32.94347, -60.63412",['Belgrano 900'],1,,-32.94347,-60.63412,55.0,538.0,Municipio Rosario,Municipio,Rosario,820210,Servicio de Catastro e Información Territorial,IGN
2020,6180,2020-11-19,Jueves,,17:50:00,,0.0,2,"Bicicleta,Automóvil",Av. Luis Carballo Y Pje. J.M.Estrada Bis,3,1,0,0,2,0,0,"-32.92198, -60.6769",Avenida,,ROSARIO,Rosario,Asfalto,S/D,II,S/D,Urbana,S/D,S/D,Intersección,Bueno,S/D,Diurna,Buen Tiempo,S/D,Ciclista,Atropello,S/D,S/D,S/D,Sin restricción,"-32.92198, -60.6769","['Avenida Doctor Luis Cándido Carballo', 'Estrada']",2,,-32.92198,-60.6769,55.0,538.0,Municipio Rosario,Municipio,Rosario,820210,Servicio de Catastro e Información Territorial,IGN
2020,6183,2020-11-19,Jueves,,07:50:00,,0.0,1,Moto/Ciclomotor,Av. Alberti Y Almafuerte,2,0,1,0,1,0,0,"-32.91732, -60.68395",Avenida,,ROSARIO,Rosario,Asfalto,S/D,II,S/D,Urbana,S/D,S/D,Intersección,Bueno,Buena,Diurna,S/D,S/D,S/D,Cañda ocupante,S/D,Vertical,Cordón divisorio,S/D,"-32.91732, -60.68395","['Alberdi', 'Almafuerte']",2,,-32.91732,-60.68395,55.0,538.0,Municipio Rosario,Municipio,Rosario,820210,Servicio de Catastro e Información Territorial,IGN
2020,6186,2020-08-07,Viernes,,,,0.0,1,Automóvil,Italia Y Salta,1,1,0,0,0,0,0,"-32.937700559532,-60.646124930545",Calle,,ROSARIO,Rosario,Asfalto,No existe,II,Dentro,Urbana,Paso Peatonal,No existe,Intersección,Bueno,Buena,Diurna,Buen Tiempo,Contra objeto fijo,S/D,Colisión,Ninguna,Horizontal,Línea divisoria pintada,Sin restricción,"-32.937700559532,-60.646124930545","['Italia', 'Salta']",2,,-32.937700559532,-60.646124930545,55.0,538.0,Municipio Rosario,Municipio,Rosario,820210,Servicio de Catastro e Información Territorial,IGN
2020,6194,2020-08-14,Viernes,,,,0.0,2,"Pickup/Utilitario,Taxi/Remis",Crespo Y Tucuman,5,3,0,0,2,0,0,"-32.93640600333,-60.667067856649",Calle,,ROSARIO,Rosario,Asfalto,No existe,II,Dentro,Urbana,Ninguna,No existe,Intersección,Bueno,S/D,Diurna,Buen Tiempo,Lateral,S/D,"Colisión,Vuelco",S/D,Faltante,Ninguna,Sin restricción,"-32.93640600333,-60.667067856649","['Crespo', 'Tucumán']",2,,-32.93640600333,-60.667067856649,55.0,538.0,Municipio Rosario,Municipio,Rosario,820210,Servicio de Catastro e Información Territorial,IGN
2020,6195,2020-11-19,Jueves,,06:45:00,,0.0,2,"Automóvil,Moto/Ciclomotor",Bv. Avellaneda Y San Juan,2,1,0,0,1,0,0,"-32.94282, -60.68013",Avenida,,ROSARIO,Rosario,Asfalto,S/D,II,S/D,Urbana,S/D,Funciona,Intersección,S/D,S/D,Nocturna,S/D,S/D,S/D,Colisión,S/D,S/D,S/D,S/D,"-32.94282, -60.68013","['Avellaneda', 'San Juan']",2,,-32.94282,-60.68013,55.0,538.0,Municipio Rosario,Municipio,Rosario,820210,Servicio de Catastro e Información Territorial,IGN
2020,6197,2020-11-19,Jueves,,08:10:00,,0.0,2,"Moto/Ciclomotor,Automóvil",La Paz Y Ayacucho,2,1,0,0,1,0,0,"-32.96618, -60.63134",Calle,,ROSARIO,Rosario,Asfalto,No existe,II,Dentro,Urbana,Ninguna,No existe,Intersección,Bueno,Buena,Diurna,Buen Tiempo,Lateral,S/D,Colisión,Ninguna,Faltante,Ninguna,Sin restricción,"-32.96618, -60.63134","['La Paz', 'Ayacucho']",2,,-32.96618,-60.63134,55.0,538.0,Municipio Rosario,Municipio,Rosario,820210,Servicio de Catastro e Información Territorial,IGN
2020,6219,2020-11-19,Jueves,,19:00:00,,0.0,2,"Moto/Ciclomotor,Automóvil",Jose Ingenieros Y J.Colombres Bis,2,0,1,0,0,0,1,"-32.9176, -60.73035",Calle,,ROSARIO,Rosario,Asfalto,No existe,II,S/D,Urbana,Ninguna,No existe,Intersección,Bueno,Buena,Diurna,Buen Tiempo,Otro,S/D,Colisión,Ninguna,Faltante,Ninguna,Sin restricción,"-32.9176, -60.73035","['José Ingenieros', 'José Colombres']",2,,-32.9176,-60.73035,55.0,538.0,Municipio Rosario,Municipio,Rosario,820210,Servicio de Catastro e Información Territorial,IGN
2020,6222,2020-11-19,Jueves,,15:30:00,,0.0,2,"Bicicleta,Automóvil",J.B.Justo Y Cullen,2,1,0,0,1,0,0,"-32.91485, -60.70995",Calle,,ROSARIO,Rosario,Asfalto,No existe,II,Dentro,Urbana,Ninguna,No existe,Intersección,Bueno,Buena,Diurna,Buen Tiempo,S/D,Ciclista,Atropello,S/D,Faltante,Ninguna,Sin restricción,"-32.91485, -60.70995","['Justo', 'Cullen']",2,,-32.91485,-60.70995,55.0,538.0,Municipio Rosario,Municipio,Rosario,820210,Servicio de Catastro e Información Territorial,IGN
2020,6226,2020-11-19,Jueves,,07:20:00,,0.0,2,"Moto/Ciclomotor,Camión c / Acoplado",Av. Eva Peron 7200,2,1,0,0,1,0,0,"-32.93192, -60.71885",Avenida,,ROSARIO,Rosario,Asfalto,Pavimento,II,S/D,Urbana,Semáforo,Funciona,Recta,Bueno,Buena,"Diurna,Con luz artificial",Buen Tiempo,S/D,S/D,Colisión,Ninguna,"Horizontal,Vertical",Ninguna,Sin restricción,"-32.93192, -60.71885",['Eva Peron 7200'],1,,-32.93192,-60.71885,55.0,538.0,Municipio Rosario,Municipio,Rosario,820210,Servicio de Catastro e Información Territorial,IGN
2020,6228,2020-11-19,Jueves,,18:00:00,,0.0,2,"Moto/Ciclomotor,Peatón",Pje. Zola Y Sanguinetti,3,1,0,0,2,0,0,"-32.97184, -60.69541",Calle,,ROSARIO,Rosario,Asfalto,Pavimento,II,S/D,Urbana,Ninguna,No existe,Intersección,Bueno,Buena,Diurna,Buen Tiempo,S/D,Peatón,Atropello,Ninguna,Faltante,Ninguna,Sin restricción,"-32.97184, -60.69541","['Zola', 'Sanguinetti']",2,,-32.97184,-60.69541,55.0,538.0,Municipio Rosario,Municipio,Rosario,820210,Servicio de Catastro e Información Territorial,IGN
2020,6232,2020-11-19,Jueves,,17:30:00,,0.0,2,"Bicicleta,Automóvil",Paraguay Y Olegario V.Andrade,2,1,0,0,1,0,0,"-32.99606, -60.65501",Calle,,ROSARIO,Rosario,Asfalto,No existe,II,S/D,Urbana,Ninguna,No existe,Intersección,Bueno,Buena,Diurna,Buen Tiempo,S/D,Ciclista,Atropello,Ninguna,Faltante,Ninguna,Sin restricción,"-32.99606, -60.65501","['Paraguay', 'Olegario V Andrade']",2,,-32.99606,-60.65501,55.0,538.0,Municipio Rosario,Municipio,Rosario,820210,Servicio de Catastro e Información Territorial,IGN
2020,6234,2020-11-19,Jueves,,13:05:00,,0.0,2,"Bicicleta,Automóvil",L.N.Alem Y Virasoro,2,1,0,0,1,0,0,"-32.97166, -60.63426",Calle,,ROSARIO,Rosario,Asfalto,No existe,II,S/D,Urbana,Ninguna,No existe,Intersección,Bueno,Buena,Diurna,Buen Tiempo,S/D,Ciclista,Atropello,Ninguna,Faltante,Ninguna,Sin restricción,"-32.97166, -60.63426","['Alem', 'Virasoro']",2,,-32.97166,-60.63426,55.0,538.0,Municipio Rosario,Municipio,Rosario,820210,Servicio de Catastro e Información Territorial,IGN
2020,6256,2020-11-20,Viernes,,18:30:00,,0.0,2,"Moto/Ciclomotor,Automóvil",Buenos Aires Y San Luis,3,1,0,0,2,0,0,"-32.94999, -60.63343",Calle,,ROSARIO,Rosario,Asfalto,S/D,II,S/D,Urbana,Señal Pare,S/D,Intersección,Bueno,S/D,Diurna,S/D,S/D,S/D,Colisión,S/D,S/D,S/D,S/D,"-32.94999, -60.63343","['Buenos Aires', 'San Luis']",2,,-32.94999,-60.63343,55.0,538.0,Municipio Rosario,Municipio,Rosario,820210,Servicio de Catastro e Información Territorial,IGN
2020,6258,2020-11-20,Viernes,,14:30:00,,0.0,2,"Bicicleta,Automóvil",3 De Febrero Y Paraguay,2,1,0,0,1,0,0,"-32.95176, -60.6453",Calle,,ROSARIO,Rosario,Asfalto,S/D,II,S/D,Urbana,Señal Pare,S/D,Intersección,Bueno,S/D,Diurna,S/D,S/D,Ciclista,Atropello,S/D,S/D,S/D,S/D,"-32.95176, -60.6453","['3 de Febrero', 'Paraguay']",2,,-32.95176,-60.6453,55.0,538.0,Municipio Rosario,Municipio,Rosario,820210,Servicio de Catastro e Información Territorial,IGN
2020,6272,2020-11-30,Lunes,,,,0.0,2,"Moto/Ciclomotor,Bicicleta",Abanderado Grandoli Y Biedma,2,1,0,0,1,0,0,"    -32.98473, -60.62819",Calle,,ROSARIO,Rosario,Asfalto,No existe,II,Dentro,Urbana,Ninguna,S/D,Recta,Bueno,S/D,S/D,Buen Tiempo,S/D,S/D,Colisión,Ninguna,Faltante,S/D,S/D,"    -32.98473, -60.62819","['Avenida Abanderado Grandoli', 'Coronel Biedma']",2,,-32.98473,-60.62819,55.0,538.0,Municipio Rosario,Municipio,Rosario,820210,Servicio de Catastro e Información Territorial,IGN
2020,6273,2020-11-30,Lunes,,,,0.0,2,"Bicicleta,Moto/Ciclomotor",Garay Y Beruti,2,1,0,0,1,0,0,"    -32.97773, -60.62713",Calle,,ROSARIO,Rosario,Asfalto,No existe,II,S/D,Urbana,Ninguna,S/D,Recta,Bueno,Buena,Nocturna,Otro,S/D,Ciclista,Atropello,Ninguna,Faltante,Ninguna,Sin restricción,"    -32.97773, -60.62713","['Garay', 'Luis Beruti']",2,,-32.97773,-60.62713,55.0,538.0,Municipio Rosario,Municipio,Rosario,820210,Servicio de Catastro e Información Territorial,IGN
2020,6277,2020-11-27,Viernes,,18:30:00,,0.0,2,"Moto/Ciclomotor,Otros",Bv. Avellaneda Y Av. Luis Carballo,2,1,0,0,1,0,0,"    -32.9689, -60.68666",Avenida,,ROSARIO,Rosario,Asfalto,S/D,II,Dentro,Urbana,S/D,S/D,Intersección,Bueno,Buena,Diurna,Buen Tiempo,Lateral,S/D,Colisión,S/D,S/D,S/D,S/D,"    -32.9689, -60.68666","['Avellaneda', 'Avenida Doctor Luis Cándido Carballo']",2,,-32.9689,-60.68666,55.0,538.0,Municipio Rosario,Municipio,Rosario,820210,Servicio de Catastro e Información Territorial,IGN
2020,6278,2020-11-20,Viernes,,07:30:00,,0.0,2,"Peatón,Pickup/Utilitario",Bv. Wilde 800,2,1,0,0,1,0,0,"-32.91953, -60.73928",Calle,,ROSARIO,Rosario,Asfalto,No existe,II,Dentro,Urbana,S/D,S/D,Recta,Bueno,Buena,Diurna,Buen Tiempo,S/D,Peatón,Atropello,Ninguna,S/D,S/D,Sin restricción,"-32.91953, -60.73928",['Wilde 800'],1,,-32.91953,-60.73928,55.0,538.0,Municipio Rosario,Municipio,Rosario,820210,Servicio de Catastro e Información Territorial,IGN
2020,6279,2020-11-26,Jueves,,18:55:00,,0.0,2,"Moto/Ciclomotor,Automóvil",Grandoli ,2,1,0,0,1,0,0,"    -32.9883, -60.6283",Calle,,ROSARIO,Rosario,Asfalto,No existe,II,Dentro,Urbana,Ninguna,No existe,Intersección,Bueno,Buena,Diurna,Buen Tiempo,S/D,S/D,Colisión,Ninguna,S/D,Ninguna,Sin restricción,"    -32.9883, -60.6283",['Grandoli'],1,,-32.9883,-60.6283,55.0,538.0,Municipio Rosario,Municipio,Rosario,820210,Servicio de Catastro e Información Territorial,IGN
2020,6281,2020-11-24,Martes,,20:50:00,,0.0,2,"Automóvil,Moto/Ciclomotor",Matheu Y Poblet,2,1,0,0,1,0,0,"    -32.889, -60.72236",Calle,,ROSARIO,Rosario,Asfalto,No existe,II,Fuera,Urbana,Ninguna,S/D,Intersección,Bueno,S/D,Nocturna,Buen Tiempo,S/D,S/D,Colisión,S/D,S/D,Ninguna,Sin restricción,"    -32.889, -60.72236","['Matheu', 'Poblet']",2,,-32.889,-60.72236,55.0,538.0,Municipio Rosario,Municipio,Rosario,820210,Servicio de Catastro e Información Territorial,IGN
2020,6283,2020-11-20,Viernes,,20:15:00,,0.0,1,Moto/Ciclomotor,J.B.Justo Y Nicaragua,2,0,2,0,0,0,0,"-32.91516, -60.72139",Calle,,ROSARIO,Rosario,Asfalto,No existe,II,S/D,Urbana,S/D,No existe,Intersección,Bueno,Buena,Nocturna,S/D,S/D,S/D,Despiste,S/D,Faltante,Ninguna,S/D,"-32.91516, -60.72139","['Justo', 'Nicaragua']",2,,-32.91516,-60.72139,55.0,538.0,Municipio Rosario,Municipio,Rosario,820210,Servicio de Catastro e Información Territorial,IGN
2020,6284,2020-11-28,Sabado,,12:35:00,,0.0,2,"Automóvil,Moto/Ciclomotor",Baigorria Y Warnes,3,2,0,0,1,0,0,"    -32.89187, -60.69475",Calle,,ROSARIO,Rosario,Asfalto,Pavimento,II,Dentro,Urbana,Señal Pare,No existe,Intersección,Bueno,Buena,Diurna,Buen Tiempo,Lateral,S/D,Colisión,Ninguna,Faltante,Ninguna,Sin restricción,"    -32.89187, -60.69475","['Baigorria', 'Warnes']",2,,-32.89187,-60.69475,55.0,538.0,Municipio Rosario,Municipio,Rosario,820210,Servicio de Catastro e Información Territorial,IGN
2020,6285,2020-11-20,Viernes,,09:00:00,,0.0,2,"Automóvil,Moto/Ciclomotor",Av. Provincias Unidas Bis Y La Republica,2,1,0,0,1,0,0,"-32.91864, -60.71367",Avenida,,ROSARIO,Rosario,Asfalto,No existe,II,S/D,Urbana,Ninguna,No existe,Intersección,Bueno,Buena,Diurna,Buen Tiempo,S/D,S/D,Colisión,Ninguna,Faltante,Ninguna,Sin restricción,"-32.91864, -60.71367","['Avenida Provincias Unidas', 'La República']",2,,-32.91864,-60.71367,55.0,538.0,Municipio Rosario,Municipio,Rosario,820210,Servicio de Catastro e Información Territorial,IGN