anio_acci,nro_acci,fecha,desc_dia,fecha_aprox,hora_aprox,desc_ruta,km,cant_participantes,desc_participante,calle_avenida_km,total,heridos_leves,heridos_graves,heridos_gravisimos,ilesos,fallecidos,sin_datos,posicion_XY,desc_tipo_via,desc_ruta_ori,desc_loc,desc_dpto,desc_tipo_calzada,desc_tipo_banquina,desc_unidad_regional,desc_lugar_calzada,desc_zona,desc_prioridad,desc_estado_semaforo,desc_lugar_via,desc_estado_via,desc_estado_visibilidad,desc_luminosidad,desc_estado_clima,desc_tipo_colision,desc_tipo_atropello,desc_tipo_hecho,desc_pres_calzada,desc_senializacion,desc_separacion_via,desc_restriccion,forma_geocod,calle_lista,numero_calles,calles_osm,lat,lon,index_right,gid,fna,gna,nam,in1,fdc,sag
2020,6286,2020-11-20,Viernes,,08:00:00,,0.0,2,"Bicicleta,Automóvil",Coulin Y Pueyrredon,2,1,0,0,1,0,0,"-32.98828, -60.66881",Calle,,ROSARIO,Rosario,Asfalto,No existe,II,Dentro,Urbana,Ninguna,No existe,Intersección,Bueno,Buena,Diurna,Buen Tiempo,Lateral,Ciclista,Atropello,Ninguna,Faltante,Ninguna,Sin restricción,"-32.98828, -60.66881","['Coulin', 'Pueyrredón']",2,,-32.98828,-60.66881,55.0,538.0,Municipio Rosario,Municipio,Rosario,820210,Servicio de Catastro e Información Territorial,IGN
2020,6287,2020-11-20,Viernes,,04:50:00,,0.0,2,"Moto/Ciclomotor,Automóvil",Bv. Avellaneda Y Gaboto,2,1,0,0,0,0,1,"-32.96601, -60.68588",Calle,,ROSARIO,Rosario,Asfalto,No existe,II,Dentro,Urbana,Ninguna,No existe,Intersección,Bueno,Buena,"Nocturna,Con luz artificial",Buen Tiempo,Lateral,S/D,Colisión,Ninguna,Faltante,Cordón divisorio,Sin restricción,"-32.96601, -60.68588","['Avellaneda', 'Gaboto']",2,,-32.96601,-60.68588,55.0,538.0,Municipio Rosario,Municipio,Rosario,820210,Servicio de Catastro e Información Territorial,IGN
2020,6288,2020-11-20,Viernes,,22:15:00,,0.0,2,"Bicicleta,Camión",Bv. 27 De Febrero Y Av. Provincias Unidas,3,0,1,0,1,0,1,"-32.95932, -60.71176",Calle,,ROSARIO,Rosario,Asfalto,No existe,II,Dentro,Urbana,Ninguna,No existe,Intersección,Bueno,Buena,Nocturna,Buen Tiempo,S/D,Ciclista,Atropello,Ninguna,Faltante,Ninguna,Sin restricción,"-32.95932, -60.71176","['27 de Febrero', 'Avenida Provincias Unidas']",2,,-32.95932,-60.71176,55.0,538.0,Municipio Rosario,Municipio,Rosario,820210,Servicio de Catastro e Información Territorial,IGN
2020,6289,2020-11-23,Lunes,,19:55:00,,0.0,2,"Moto/Ciclomotor,Otros",Darragueira Y Superi,3,2,0,0,1,0,0,"    -32.89481, -60.69496",Calle,,ROSARIO,Rosario,Asfalto,Natural,II,Dentro,Urbana,S/D,No existe,Recta,Bueno,S/D,Atardecer,Buen Tiempo,Frontal,S/D,Colisión,S/D,S/D,S/D,Sin restricción,"    -32.89481, -60.69496","['José Darragueira', 'Superi']",2,,-32.89481,-60.69496,55.0,538.0,Municipio Rosario,Municipio,Rosario,820210,Servicio de Catastro e Información Territorial,IGN
2020,6290,2020-11-20,Viernes,,18:25:00,,0.0,2,"Peatón,Moto/Ciclomotor",Av. Battle y Ordo�ez Y Sadi Carnot,2,2,0,0,0,0,0,"-33.00891, -60.64846",Calle,,ROSARIO,Rosario,Asfalto,No existe,II,Dentro,Urbana,Ninguna,S/D,Intersección,Bueno,Buena,Diurna,Buen Tiempo,S/D,Peatón,Atropello,Ninguna,Faltante,Ninguna,Sin restricción,"-33.00891, -60.64846","['Avenida Battle y Ordoñez', 'Sadi Carnot']",2,,-33.00891,-60.64846,55.0,538.0,Municipio Rosario,Municipio,Rosario,820210,Servicio de Catastro e Información Territorial,IGN
2020,6291,2020-11-25,Miercoles,,13:30:00,,0.0,2,"Moto/Ciclomotor,Automóvil",España ,2,1,0,0,1,0,0,"    -32.97752, -60.6547",Calle,,ROSARIO,Rosario,Asfalto,S/D,II,S/D,Urbana,S/D,S/D,Recta,S/D,S/D,Diurna,S/D,S/D,S/D,Colisión,S/D,S/D,Ninguna,S/D,"    -32.97752, -60.6547",['España'],1,,-32.97752,-60.6547,55.0,538.0,Municipio Rosario,Municipio,Rosario,820210,Servicio de Catastro e Información Territorial,IGN
2020,6293,2020-11-27,Viernes,,10:00:00,,0.0,2,"Transporte de Pasajeros Urbano (> 8 asientos),Peatón",Entre Rios Y San Luis,2,1,0,0,1,0,0,"    -32.94856, -60.64165",Calle,,ROSARIO,Rosario,Asfalto,S/D,II,S/D,Urbana,S/D,S/D,Recta,S/D,Buena,Diurna,S/D,S/D,S/D,Colisión,S/D,S/D,S/D,S/D,"    -32.94856, -60.64165","['Entre Ríos', 'San Luis']",2,,-32.94856,-60.64165,55.0,538.0,Municipio Rosario,Municipio,Rosario,820210,Servicio de Catastro e Información Territorial,IGN
2020,6299,2020-11-25,Miercoles,,13:00:00,,0.0,2,"Moto/Ciclomotor,Automóvil",Sarmiento Y Mendoza,2,1,0,0,1,0,0,"    -32.95148, -60.63946",Calle,,ROSARIO,Rosario,Asfalto,No existe,II,Dentro,Urbana,S/D,S/D,Recta,S/D,Buena,Diurna,S/D,S/D,S/D,Colisión,S/D,S/D,S/D,Sin restricción,"    -32.95148, -60.63946","['Sarmiento', 'Mendoza']",2,,-32.95148,-60.63946,55.0,538.0,Municipio Rosario,Municipio,Rosario,820210,Servicio de Catastro e Información Territorial,IGN
2020,6301,2020-11-21,Sabado,,23:40:00,,0.0,2,"Automóvil,Moto/Ciclomotor",Ricchieri Y San Juan,2,0,1,0,1,0,0,"-32.94574, -60.66375",Calle,,ROSARIO,Rosario,Asfalto,S/D,II,S/D,Urbana,S/D,S/D,Intersección,Bueno,S/D,Nocturna,S/D,S/D,S/D,Colisión,S/D,S/D,S/D,S/D,"-32.94574, -60.66375","['Ricchieri', 'San Juan']",2,,-32.94574,-60.66375,55.0,538.0,Municipio Rosario,Municipio,Rosario,820210,Servicio de Catastro e Información Territorial,IGN
2020,6302,2020-11-25,Miercoles,,17:30:00,,0.0,2,"Moto/Ciclomotor,Automóvil",Montevideo Y Servando Bayo,3,2,0,0,1,0,0,"    -32.94783, -60.68704",Calle,,ROSARIO,Rosario,Asfalto,No existe,II,Dentro,Urbana,Ninguna,No existe,Intersección,Bueno,Buena,Diurna,Buen Tiempo,S/D,S/D,Colisión,Ninguna,Faltante,Ninguna,Sin restricción,"    -32.94783, -60.68704","['Montevideo', 'Servando Bayo']",2,,-32.94783,-60.68704,55.0,538.0,Municipio Rosario,Municipio,Rosario,820210,Servicio de Catastro e Información Territorial,IGN
2020,6305,2020-09-27,Domingo,,15:00:00,,0.0,1,Otros,F.More Y Godoy Cruz,1,1,0,0,0,0,0,"-32.957515268799,-60.693075523445",Calle,,ROSARIO,Rosario,Asfalto,No existe,II,Dentro,Urbana,Ninguna,No existe,Intersección,Deteriorada,Buena,Diurna,Buen Tiempo,S/D,S/D,Colisión,Ninguna,Faltante,Ninguna,Sin restricción,"-32.957515268799,-60.693075523445","['Felipe Moré', 'Avenida Presidente Perón']",2,,-32.957515268799,-60.693075523445,55.0,538.0,Municipio Rosario,Municipio,Rosario,820210,Servicio de Catastro e Información Territorial,IGN
2020,6306,2020-09-27,Domingo,,18:45:00,,0.0,2,"Moto/Ciclomotor,Automóvil",Ituzaingo Y Rio De Janeiro,2,1,0,0,1,0,0,"-32.953133652785,-60.684081303571",Calle,,ROSARIO,Rosario,Asfalto,No existe,II,Dentro,Urbana,Ninguna,No existe,Intersección,Bueno,Buena,Diurna,Buen Tiempo,Lateral,S/D,Colisión,Ninguna,Faltante,Ninguna,Sin restricción,"-32.953133652785,-60.684081303571","['Ituzaingó', 'Río de Janeiro']",2,,-32.953133652785,-60.684081303571,55.0,538.0,Municipio Rosario,Municipio,Rosario,820210,Servicio de Catastro e Información Territorial,IGN
2020,6307,2020-09-28,Lunes,,16:30:00,,0.0,2,"Moto/Ciclomotor,Pickup/Utilitario",Av. Pte.Peron Y Lima,2,1,0,0,1,0,0,"-32.958174246412,-60.688206981828",Avenida,,ROSARIO,Rosario,Asfalto,No existe,II,Dentro,Urbana,Paso Peatonal,No existe,Intersección,Bueno,Buena,Diurna,Buen Tiempo,S/D,S/D,Colisión,Ninguna,Horizontal,Cordón divisorio,Sin restricción,"-32.958174246412,-60.688206981828","['Avenida Presidente Perón', 'Lima']",2,,-32.958174246412,-60.688206981828,55.0,538.0,Municipio Rosario,Municipio,Rosario,820210,Servicio de Catastro e Información Territorial,IGN
2020,6312,2020-02-15,Sabado,,,,0.0,2,"Otros,Peatón", ,2,0,0,0,0,1,1,"-32.95243530892894, -60.66822616376",S/D,,ROSARIO,Rosario,S/D,S/D,II,S/D,S/D,S/D,S/D,S/D,S/D,S/D,S/D,S/D,S/D,Peatón,Atropello,S/D,S/D,S/D,S/D,"-32.95243530892894, -60.66822616376",[''],0,,-32.95243530892894,-60.66822616376,55.0,538.0,Municipio Rosario,Municipio,Rosario,820210,Servicio de Catastro e Información Territorial,IGN
2020,6318,2020-09-26,Sabado,,11:20:00,,0.0,2,"Automóvil,Moto/Ciclomotor",Bv. Segui Y Camilo Aldao,3,1,1,0,1,0,0,"-32.970468244672,-60.694799458315",Avenida,,ROSARIO,Rosario,Asfalto,No existe,II,Dentro,Urbana,Ninguna,No existe,Intersección,Bueno,Buena,Diurna,Buen Tiempo,S/D,S/D,Colisión,Ninguna,Faltante,Cordón divisorio,Sin restricción,"-32.970468244672,-60.694799458315","['Bulevar Juan Francisco Seguí', 'Camilo Aldao']",2,,-32.970468244672,-60.694799458315,55.0,538.0,Municipio Rosario,Municipio,Rosario,820210,Servicio de Catastro e Información Territorial,IGN
2020,6320,2020-09-23,Miercoles,,08:00:00,,0.0,2,"Moto/Ciclomotor,Automóvil",Cerrito Y Larrea,4,2,0,0,2,0,0,"-32.952906373376,-60.696769270641",Calle,,ROSARIO,Rosario,Asfalto,No existe,II,Dentro,Urbana,Ninguna,No existe,Intersección,Bueno,Buena,Diurna,Buen Tiempo,S/D,S/D,Colisión,Ninguna,Faltante,Ninguna,Sin restricción,"-32.952906373376,-60.696769270641","['Cerrito', 'Larrea']",2,,-32.952906373376,-60.696769270641,55.0,538.0,Municipio Rosario,Municipio,Rosario,820210,Servicio de Catastro e Información Territorial,IGN
2020,6322,2020-09-29,Martes,,01:50:00,,0.0,2,"Peatón,Automóvil",Ricardo Rojas 2178,2,1,0,0,1,0,0,"-32.955054445672,-60.724937301438",Calle,,ROSARIO,Rosario,Asfalto,No existe,II,Dentro,Urbana,Ninguna,No existe,Recta,Bueno,Buena,Nocturna,Buen Tiempo,S/D,Peatón,Atropello,Ninguna,Faltante,Ninguna,Sin restricción,"-32.955054445672,-60.724937301438",['Ricardo Rojas 2178'],1,,-32.955054445672,-60.724937301438,55.0,538.0,Municipio Rosario,Municipio,Rosario,820210,Servicio de Catastro e Información Territorial,IGN
2020,6324,2020-09-25,Viernes,,16:40:00,,0.0,2,"Automóvil,Moto/Ciclomotor",Camilo Aldao Y Ocampo,2,1,0,0,1,0,0,"-32.957575570383,-60.695301858963",Calle,,ROSARIO,Rosario,Asfalto,No existe,II,Dentro,Urbana,Señal Pare,No existe,Intersección,Bueno,Buena,Diurna,Buen Tiempo,S/D,S/D,Colisión,Ninguna,Vertical,Ninguna,Sin restricción,"-32.957575570383,-60.695301858963","['Camilo Aldao', 'Ocampo']",2,,-32.957575570383,-60.695301858963,55.0,538.0,Municipio Rosario,Municipio,Rosario,820210,Servicio de Catastro e Información Territorial,IGN
2020,6327,2020-09-16,Miercoles,,12:45:00,,0.0,2,"Automóvil,Moto/Ciclomotor",Cochabamba Y Servando Bayo,3,0,2,0,1,0,0,"-32.950106719729,-60.687592317031",Calle,,ROSARIO,Rosario,Asfalto,No existe,II,Dentro,Urbana,Ninguna,No existe,Intersección,Bueno,Buena,Diurna,Buen Tiempo,S/D,S/D,Colisión,Ninguna,Faltante,Ninguna,Sin restricción,"-32.950106719729,-60.687592317031","['Cochabamba', 'Servando Bayo']",2,,-32.950106719729,-60.687592317031,55.0,538.0,Municipio Rosario,Municipio,Rosario,820210,Servicio de Catastro e Información Territorial,IGN
2020,6332,2020-09-14,Lunes,,14:30:00,,0.0,2,"Pickup/Utilitario,Bicicleta",Av. Carlos Colombres Y P.Rivarola,2,1,0,0,1,0,0,"-32.966174228332,-60.724752212708",Avenida,,ROSARIO,Rosario,Asfalto,No existe,II,Dentro,Urbana,Señal Pare,No existe,Intersección,Bueno,Buena,Diurna,Buen Tiempo,S/D,Ciclista,Atropello,Ninguna,Vertical,Ninguna,Sin restricción,"-32.966174228332,-60.724752212708","['José Colombres', 'Rivarola']",2,,-32.966174228332,-60.724752212708,55.0,538.0,Municipio Rosario,Municipio,Rosario,820210,Servicio de Catastro e Información Territorial,IGN
2020,6337,2020-09-11,Viernes,,08:40:00,,0.0,2,"Moto/Ciclomotor,Peatón",Bv. 27 De Febrero Y Bv. Avellaneda,3,1,0,0,2,0,0,"-32.960321199993,-60.684593378268",Avenida,,ROSARIO,Rosario,Asfalto,No existe,II,Dentro,Urbana,Semáforo,Funciona,Intersección,Bueno,Buena,Diurna,Buen Tiempo,S/D,Peatón,Atropello,Ninguna,Vertical,Cordón divisorio,Sin restricción,"-32.960321199993,-60.684593378268","['27 de Febrero', 'Avellaneda']",2,,-32.960321199993,-60.684593378268,55.0,538.0,Municipio Rosario,Municipio,Rosario,820210,Servicio de Catastro e Información Territorial,IGN
2020,6341,2020-09-09,Miercoles,,08:20:00,,0.0,2,"Automóvil,Automóvil",Bv. Segui Y Camilo Aldao,5,4,1,0,0,0,0,"-32.970468244672,-60.694799458315",Avenida,,ROSARIO,Rosario,Asfalto,No existe,II,Dentro,Urbana,Ninguna,No existe,Intersección,Bueno,Buena,Diurna,Buen Tiempo,S/D,S/D,Colisión,Ninguna,Faltante,Cordón divisorio,Sin restricción,"-32.970468244672,-60.694799458315","['Bulevar Juan Francisco Seguí', 'Camilo Aldao']",2,,-32.970468244672,-60.694799458315,55.0,538.0,Municipio Rosario,Municipio,Rosario,820210,Servicio de Catastro e Información Territorial,IGN
2020,6346,2020-09-07,Lunes,,,,0.0,2,"Moto/Ciclomotor,Pickup/Utilitario",Av. De Las Palmeras 8600,2,1,0,0,1,0,0,"-32.974036173291,-60.734476503777",Avenida,,ROSARIO,Rosario,Asfalto,No existe,II,Dentro,Urbana,Ninguna,No existe,Intersección,Bueno,Buena,Diurna,Buen Tiempo,S/D,S/D,Colisión,Ninguna,Faltante,Ninguna,Sin restricción,"-32.974036173291,-60.734476503777",['De Las Palmeras 8600'],1,,-32.974036173291,-60.734476503777,55.0,538.0,Municipio Rosario,Municipio,Rosario,820210,Servicio de Catastro e Información Territorial,IGN
2020,6349,2020-09-07,Lunes,,21:45:00,,0.0,2,"Automóvil,Automóvil",Bv. Avellaneda Y Riobamba,2,1,1,0,0,0,0,"-32.955645359165,-60.68341318688",Avenida,,ROSARIO,Rosario,Asfalto,No existe,II,Dentro,Urbana,Paso Peatonal,No existe,Intersección,Bueno,Buena,"Nocturna,Con luz artificial",Buen Tiempo,S/D,S/D,Colisión,Ninguna,Horizontal,"Cordón divisorio,Línea divisoria pintada",Sin restricción,"-32.955645359165,-60.68341318688","['Avellaneda', 'Riobamba']",2,,-32.955645359165,-60.68341318688,55.0,538.0,Municipio Rosario,Municipio,Rosario,820210,Servicio de Catastro e Información Territorial,IGN
2020,6354,2020-09-06,Domingo,,21:30:00,,0.0,2,"Automóvil,Automóvil",Bv. Segui Y Pje. Espinillo,4,2,0,0,2,0,0,"-32.970741891888,-60.699114398066",Avenida,,ROSARIO,Rosario,Asfalto,Pavimento,II,Dentro,Urbana,Ninguna,No existe,Intersección,Bueno,Buena,"Nocturna,Con luz artificial",Buen Tiempo,S/D,S/D,Colisión,Ninguna,Faltante,Cordón divisorio,Sin restricción,"-32.970741891888,-60.699114398066","['Bulevar Juan Francisco Seguí', 'Espinillo']",2,,-32.970741891888,-60.699114398066,55.0,538.0,Municipio Rosario,Municipio,Rosario,820210,Servicio de Catastro e Información Territorial,IGN
2020,6356,2020-09-23,Miercoles,,07:50:00,,0.0,2,"Moto/Ciclomotor,Pickup/Utilitario",AV NTRA SRA DEL ROSARIO Y JUAN PABLO II,3,2,0,0,1,0,0,"-33.00142765045168,-60.688047409057",Avenida,,ROSARIO,Rosario,Asfalto,No existe,II,Dentro,Urbana,Ninguna,No existe,Intersección,Bueno,Buena,Diurna,Buen Tiempo,De alcance,S/D,Colisión,Ninguna,Faltante,Ninguna,Sin restricción,"-33.00142765045168,-60.688047409057","['Nuestra Señora del Rosario', 'Juan Pablo II']",2,,-33.00142765045168,-60.688047409057,55.0,538.0,Municipio Rosario,Municipio,Rosario,820210,Servicio de Catastro e Información Territorial,IGN
2020,6358,2020-09-05,Sabado,,11:30:00,,0.0,2,"Moto/Ciclomotor,Pickup/Utilitario",Barra Y Bv. Segui,2,1,0,0,1,0,0,"-32.970909061453,-60.705607329624",Avenida,,ROSARIO,Rosario,Asfalto,No existe,II,Dentro,Urbana,Ninguna,No existe,Intersección,Bueno,Buena,Diurna,Buen Tiempo,S/D,S/D,Colisión,Ninguna,Faltante,Cordón divisorio,Sin restricción,"-32.970909061453,-60.705607329624","['Barra', 'Bulevar Juan Francisco Seguí']",2,,-32.970909061453,-60.705607329624,55.0,538.0,Municipio Rosario,Municipio,Rosario,820210,Servicio de Catastro e Información Territorial,IGN
2020,6361,2020-09-04,Viernes,,08:35:00,,0.0,2,"Automóvil,Moto/Ciclomotor",F.More 4200,2,1,0,0,1,0,0,"-32.978426085356,-60.691952666062",Avenida,,ROSARIO,Rosario,Asfalto,No existe,II,Dentro,Urbana,Ninguna,No existe,Intersección,Bueno,Buena,Diurna,Buen Tiempo,S/D,S/D,Colisión,Ninguna,Faltante,Ninguna,Sin restricción,"-32.978426085356,-60.691952666062",['F More 4200'],1,,-32.978426085356,-60.691952666062,55.0,538.0,Municipio Rosario,Municipio,Rosario,820210,Servicio de Catastro e Información Territorial,IGN
2020,6363,2020-09-04,Viernes,,09:10:00,,0.0,2,"Moto/Ciclomotor,Moto/Ciclomotor",Av. Provincias Unidas Y Ocampo,2,1,0,0,0,0,1,"-32.958019732925,-60.71194859106",Avenida,,ROSARIO,Rosario,Asfalto,No existe,II,Dentro,Urbana,Ninguna,Funciona,Intersección,Bueno,Buena,Diurna,Buen Tiempo,S/D,S/D,Colisión,Ninguna,Vertical,Ninguna,Sin restricción,"-32.958019732925,-60.71194859106","['Avenida Provincias Unidas', 'Ocampo']",2,,-32.958019732925,-60.71194859106,55.0,538.0,Municipio Rosario,Municipio,Rosario,820210,Servicio de Catastro e Información Territorial,IGN
2020,6364,2020-11-21,Sabado,,00:00:00,,0.0,2,"Bicicleta,Automóvil",Fragata Sarmiento Y Cafferata,3,1,0,0,2,0,0,"-32.98697, -60.68269",Calle,,ROSARIO,Rosario,Asfalto,No existe,II,Dentro,Urbana,S/D,No existe,Intersección,Bueno,Buena,"Nocturna,Con luz artificial",Buen Tiempo,S/D,Ciclista,Atropello,Ninguna,Faltante,Ninguna,Sin restricción,"-32.98697, -60.68269","['Fragata Sarmiento', 'Cafferata']",2,,-32.98697,-60.68269,55.0,538.0,Municipio Rosario,Municipio,Rosario,820210,Servicio de Catastro e Información Territorial,IGN
2020,6366,2020-09-04,Viernes,,17:00:00,,0.0,2,"Automóvil,Automóvil",Garzon Y Viamonte,3,1,0,0,2,0,0,"-32.956695449979,-60.705005056151",Calle,,ROSARIO,Rosario,Asfalto,Pavimento,II,Dentro,Urbana,Ninguna,No existe,Intersección,Bueno,Buena,Diurna,Buen Tiempo,S/D,S/D,Colisión,Ninguna,Faltante,Ninguna,Sin restricción,"-32.956695449979,-60.705005056151","['Garzón', 'Viamonte']",2,,-32.956695449979,-60.705005056151,55.0,538.0,Municipio Rosario,Municipio,Rosario,820210,Servicio de Catastro e Información Territorial,IGN
2020,6368,2020-11-27,Viernes,,08:10:00,,0.0,2,"Moto/Ciclomotor,Bicicleta",Montevideo Y Av. Corrientes,2,1,1,0,0,0,0,"    -32.95542, -60.64476",Avenida,,ROSARIO,Rosario,Asfalto,S/D,II,Dentro,Urbana,S/D,S/D,Recta,S/D,S/D,Diurna,S/D,S/D,Ciclista,Atropello,S/D,S/D,S/D,S/D,"    -32.95542, -60.64476","['Montevideo', 'Corrientes']",2,,-32.95542,-60.64476,55.0,538.0,Municipio Rosario,Municipio,Rosario,820210,Servicio de Catastro e Información Territorial,IGN
2020,6369,2020-11-21,Sabado,,05:30:00,,0.0,2,"Taxi/Remis,Automóvil",Av. Ovidio Lagos Y Bv. Segui,3,1,0,0,2,0,0,"-32.97501, -60.66947",Avenida,,ROSARIO,Rosario,Asfalto,No existe,II,Dentro,Urbana,Semáforo,Funciona,Intersección,Bueno,Buena,Amanecer,S/D,Lateral,S/D,Colisión,Ninguna,Faltante,Cordón divisorio,Sin restricción,"-32.97501, -60.66947","['Avenida Ovidio Lagos', 'Bulevar Juan Francisco Seguí']",2,,-32.97501,-60.66947,55.0,538.0,Municipio Rosario,Municipio,Rosario,820210,Servicio de Catastro e Información Territorial,IGN
2020,6371,2020-09-04,Viernes,,07:10:00,,0.0,2,"Vehículo Oficial,Automóvil",Av. Pte.Peron Y Vera Mujica,2,1,0,0,0,0,1,"-32.956015266431,-60.670593346928",Calle,,ROSARIO,Rosario,Asfalto,No existe,II,Dentro,Urbana,Semáforo,Funciona,Intersección,Bueno,Buena,Diurna,Buen Tiempo,S/D,S/D,Colisión,Ninguna,"Horizontal,Vertical","Cordón divisorio,Línea divisoria pintada",Sin restricción,"-32.956015266431,-60.670593346928","['Avenida Presidente Perón', 'Vera Mujíca']",2,,-32.956015266431,-60.670593346928,55.0,538.0,Municipio Rosario,Municipio,Rosario,820210,Servicio de Catastro e Información Territorial,IGN
2020,6374,2020-09-26,Sabado,,02:30:00,,0.0,2,"Vehículo Oficial,Pickup/Utilitario",AV NRA SRA DEL ROSARIO Y JUAN PABLO II,3,2,0,0,1,0,0,"-33.0012506246567,-60.6876504421234",Avenida,,ROSARIO,Rosario,Asfalto,No existe,II,Dentro,Urbana,Ninguna,No existe,Intersección,Bueno,Reducida,"Nocturna,Con luz artificial",Buen Tiempo,S/D,S/D,Colisión,Ninguna,Faltante,Ninguna,Sin restricción,"-33.0012506246567,-60.6876504421234","['Nuestra Señora del Rosario', 'Juan Pablo II']",2,,-33.0012506246567,-60.6876504421234,55.0,538.0,Municipio Rosario,Municipio,Rosario,820210,Servicio de Catastro e Información Territorial,IGN
2020,6375,2020-09-07,Lunes,,18:00:00,,0.0,2,"Bicicleta,Automóvil",Camilo Aldao Y Junin,2,1,0,0,1,0,0,"-32.927128404226,-60.69646396466",Calle,,ROSARIO,Rosario,Asfalto,No existe,II,Dentro,Urbana,Semáforo,Funciona,Intersección,Bueno,Buena,Diurna,Buen Tiempo,S/D,Ciclista,Atropello,Ninguna,"Horizontal,Vertical",Ninguna,Sin restricción,"-32.927128404226,-60.69646396466","['Camilo Aldao', 'Junín']",2,,-32.927128404226,-60.69646396466,55.0,538.0,Municipio Rosario,Municipio,Rosario,820210,Servicio de Catastro e Información Territorial,IGN
2020,6377,2020-11-21,Sabado,,18:30:00,,0.0,2,"Moto/Ciclomotor,Automóvil",San Martin Y Leon,2,1,0,0,1,0,0,"-33.01815, -60.65267",Calle,,ROSARIO,Rosario,Asfalto,No existe,II,S/D,Urbana,S/D,No existe,Intersección,Bueno,Buena,Diurna,Buen Tiempo,Lateral,S/D,Colisión,Ninguna,Faltante,Ninguna,Sin restricción,"-33.01815, -60.65267","['San Martin', 'León']",2,,-33.01815,-60.65267,55.0,538.0,Municipio Rosario,Municipio,Rosario,820210,Servicio de Catastro e Información Territorial,IGN
2020,6379,2020-09-01,Martes,,11:20:00,,0.0,2,"Moto/Ciclomotor,Automóvil",Ecuador Y J.J.Paso,3,1,0,0,2,0,0,"-32.920416152408,-60.715842650512",Calle,,ROSARIO,Rosario,Asfalto,No existe,II,Dentro,Urbana,Ninguna,No existe,Intersección,Bueno,Buena,Diurna,Buen Tiempo,Lateral,S/D,Colisión,Ninguna,Faltante,Cordón divisorio,Sin restricción,"-32.920416152408,-60.715842650512","['Ecuador', 'Paso']",2,,-32.920416152408,-60.715842650512,55.0,538.0,Municipio Rosario,Municipio,Rosario,820210,Servicio de Catastro e Información Territorial,IGN
2020,6381,2020-09-02,Miercoles,,12:00:00,,0.0,2,"Automóvil,Automóvil",Av. Jorge Newbery Y Bv. Wilde,2,2,0,0,0,0,0,"-32.908633758673,-60.739868916521",Avenida,,ROSARIO,Rosario,Asfalto,No existe,II,Dentro,Urbana,Señal Pare,No existe,Intersección,Resbaladiza,Buena,Diurna,Lluvia,Lateral,S/D,Colisión,Agua,Vertical,Ninguna,Sin restricción,"-32.908633758673,-60.739868916521","['Jorge Newbery', 'Bulevar Wilde']",2,,-32.908633758673,-60.739868916521,55.0,538.0,Municipio Rosario,Municipio,Rosario,820210,Servicio de Catastro e Información Territorial,IGN
2020,6382,2020-11-21,Sabado,,13:25:00,,0.0,2,"Moto/Ciclomotor,Automóvil",Av. Arijon Y Entre Rios,2,1,0,0,1,0,0,"-33.00313, -60.65178",Avenida,,ROSARIO,Rosario,Asfalto,No existe,II,Dentro,Urbana,Semáforo,Funciona,Intersección,Bueno,Buena,Diurna,Buen Tiempo,Lateral,S/D,Colisión,Ninguna,Vertical,Ninguna,Sin restricción,"-33.00313, -60.65178","['Avenida Manuel Arijón', 'Entre Ríos']",2,,-33.00313,-60.65178,55.0,538.0,Municipio Rosario,Municipio,Rosario,820210,Servicio de Catastro e Información Territorial,IGN
2020,6386,2020-09-08,Martes,,16:40:00,,0.0,2,"Moto/Ciclomotor,Automóvil",Tte.Agneta Y Urquiza,2,0,1,0,1,0,0,"-32.933072080751,-60.700106096909",Calle,,ROSARIO,Rosario,Asfalto,No existe,II,Dentro,Urbana,Ninguna,No existe,Intersección,Bueno,Buena,Diurna,Buen Tiempo,De alcance,S/D,Colisión,Ninguna,Faltante,Ninguna,Sin restricción,"-32.933072080751,-60.700106096909","['Teniente Agneta', 'Urquiza']",2,,-32.933072080751,-60.700106096909,55.0,538.0,Municipio Rosario,Municipio,Rosario,820210,Servicio de Catastro e Información Territorial,IGN