anio_acci,nro_acci,fecha,desc_dia,fecha_aprox,hora_aprox,desc_ruta,km,cant_participantes,desc_participante,calle_avenida_km,total,heridos_leves,heridos_graves,heridos_gravisimos,ilesos,fallecidos,sin_datos,posicion_XY,desc_tipo_via,desc_ruta_ori,desc_loc,desc_dpto,desc_tipo_calzada,desc_tipo_banquina,desc_unidad_regional,desc_lugar_calzada,desc_zona,desc_prioridad,desc_estado_semaforo,desc_lugar_via,desc_estado_via,desc_estado_visibilidad,desc_luminosidad,desc_estado_clima,desc_tipo_colision,desc_tipo_atropello,desc_tipo_hecho,desc_pres_calzada,desc_senializacion,desc_separacion_via,desc_restriccion,forma_geocod,calle_lista,numero_calles,calles_osm,lat,lon,index_right,gid,fna,gna,nam,in1,fdc,sag
2020,6390,2020-09-14,Lunes,,09:15:00,,0.0,3,"Automóvil,Pickup/Utilitario,Moto/Ciclomotor",J.J.Paso Y Solis,4,1,1,0,2,0,0,"-32.919947861216,-60.704202420897",Calle,,ROSARIO,Rosario,Asfalto,No existe,II,Dentro,Urbana,Paso Peatonal,No existe,Intersección,Bueno,Buena,Diurna,Buen Tiempo,Múltiple,S/D,Colisión,Ninguna,"Horizontal,Vertical",Ninguna,Sin restricción,"-32.919947861216,-60.704202420897","['Paso', 'Solis']",2,,-32.919947861216,-60.704202420897,55.0,538.0,Municipio Rosario,Municipio,Rosario,820210,Servicio de Catastro e Información Territorial,IGN
2020,6392,2020-09-19,Sabado,,20:45:00,,0.0,2,"Moto/Ciclomotor,Peatón",Cullen Bis 1360,2,0,1,0,1,0,0,"-32.912337600514,-60.710054171915",Calle,,ROSARIO,Rosario,Asfalto,No existe,II,Dentro,Urbana,Ninguna,No existe,Intersección,Bueno,Buena,Nocturna,Buen Tiempo,S/D,Peatón,Atropello,Ninguna,Faltante,Ninguna,Sin restricción,"-32.912337600514,-60.710054171915",['Cullen Bis 1360'],1,,-32.912337600514,-60.710054171915,55.0,538.0,Municipio Rosario,Municipio,Rosario,820210,Servicio de Catastro e Información Territorial,IGN
2020,6395,2020-09-18,Viernes,,12:25:00,,0.0,2,"Automóvil,Moto/Ciclomotor",Barra Y J.J.Paso,2,1,0,0,1,0,0,"-32.92005284104,-60.707948695343",Calle,,ROSARIO,Rosario,Asfalto,No existe,II,Dentro,Urbana,Paso Peatonal,No existe,Intersección,Bueno,Buena,Diurna,Buen Tiempo,Lateral,S/D,Colisión,Ninguna,Horizontal,Línea divisoria pintada,Sin restricción,"-32.92005284104,-60.707948695343","['Barra', 'Paso']",2,,-32.92005284104,-60.707948695343,55.0,538.0,Municipio Rosario,Municipio,Rosario,820210,Servicio de Catastro e Información Territorial,IGN
2020,6397,2020-09-09,Miercoles,,16:55:00,,0.0,2,"Automóvil,Moto/Ciclomotor",Cullen Y Gorriti,3,1,1,0,1,0,0,"-32.924283034528,-60.70976704277",Calle,,ROSARIO,Rosario,Asfalto,No existe,II,Dentro,Urbana,Ninguna,No existe,Intersección,Bueno,Buena,Diurna,Buen Tiempo,Lateral,S/D,Colisión,Ninguna,Faltante,Ninguna,Sin restricción,"-32.924283034528,-60.70976704277","['Cullen', 'Gorriti']",2,,-32.924283034528,-60.70976704277,55.0,538.0,Municipio Rosario,Municipio,Rosario,820210,Servicio de Catastro e Información Territorial,IGN
2020,6400,2020-09-14,Lunes,,16:00:00,,0.0,2,"Moto/Ciclomotor,Moto/Ciclomotor",Av. Pellegrini Y Roullon,2,1,0,0,1,0,0,"-32.948224653304,-60.70193237729",Avenida,,ROSARIO,Rosario,Asfalto,No existe,II,Dentro,Urbana,Semáforo,Funciona,Intersección,Bueno,Buena,Diurna,Buen Tiempo,Lateral,S/D,Colisión,Ninguna,"Horizontal,Vertical","Cordón divisorio,Línea divisoria pintada",Sin restricción,"-32.948224653304,-60.70193237729","['Pellegrini', 'Alfredo Rouillón']",2,,-32.948224653304,-60.70193237729,55.0,538.0,Municipio Rosario,Municipio,Rosario,820210,Servicio de Catastro e Información Territorial,IGN
2020,6404,2020-11-25,Miercoles,,11:45:00,,0.0,2,"Bicicleta,Automóvil",J.J.Paso Y Venezuela,2,1,0,0,1,0,0,"    -32.92058, -60.7254",Calle,,ROSARIO,Rosario,Asfalto,No existe,II,Dentro,Urbana,S/D,No existe,Intersección,S/D,Buena,Diurna,Buen Tiempo,S/D,Ciclista,Atropello,Ninguna,Vertical,Ninguna,Sin restricción,"    -32.92058, -60.7254","['Paso', 'Venezuela']",2,,-32.92058,-60.7254,55.0,538.0,Municipio Rosario,Municipio,Rosario,820210,Servicio de Catastro e Información Territorial,IGN
2020,6408,2020-11-26,Jueves,,07:30:00,,0.0,2,"Automóvil,Automóvil",Sarratea Bis ,3,3,0,0,0,0,0,"    -32.92021, -60.74142",Calle,,ROSARIO,Rosario,Asfalto,No existe,II,Dentro,Urbana,Otra Señal,No existe,Intersección,Bueno,Buena,Diurna,Buen Tiempo,Otro,S/D,Colisión,Ninguna,Faltante,Ninguna,Sin restricción,"    -32.92021, -60.74142",['Sarratea Bis'],1,,-32.92021,-60.74142,55.0,538.0,Municipio Rosario,Municipio,Rosario,820210,Servicio de Catastro e Información Territorial,IGN
2020,6410,2020-11-29,Domingo,,05:00:00,,0.0,2,"Moto/Ciclomotor,Otros",Velez Sarsfield Y Guatemala,2,0,1,0,0,0,1,"    -32.92619, -60.71791",Calle,,ROSARIO,Rosario,Asfalto,No existe,II,Dentro,Urbana,Ninguna,No existe,Intersección,Deteriorada,Buena,Nocturna,Buen Tiempo,S/D,S/D,Colisión,Ninguna,Faltante,Ninguna,Sin restricción,"    -32.92619, -60.71791","['Vélez Sarsfield', 'Guatemala']",2,,-32.92619,-60.71791,55.0,538.0,Municipio Rosario,Municipio,Rosario,820210,Servicio de Catastro e Información Territorial,IGN
2020,6412,2020-11-22,Domingo,,12:15:00,,0.0,2,"Automóvil,Automóvil",Italia Y Av. Wheelwright,2,1,0,0,1,0,0,"-32.93435, -60.64528",Calle,,ROSARIO,Rosario,Asfalto,S/D,II,S/D,Urbana,S/D,S/D,Intersección,Bueno,S/D,Diurna,S/D,S/D,S/D,Colisión,S/D,S/D,S/D,S/D,"-32.93435, -60.64528","['Italia', 'Avenida Guillermo Wheelwright']",2,,-32.93435,-60.64528,55.0,538.0,Municipio Rosario,Municipio,Rosario,820210,Servicio de Catastro e Información Territorial,IGN
2020,6420,2020-11-27,Viernes,,08:10:00,,0.0,2,"Automóvil,Moto/Ciclomotor",Bv. 27 De Febrero Y Tte.Agneta,3,0,1,0,2,0,0,"    -32.95897, -60.6991",Calle,,ROSARIO,Rosario,Asfalto,Pavimento,II,Dentro,Urbana,Ninguna,Funciona,Otro,Bueno,Buena,"Diurna,Con luz artificial",Buen Tiempo,Frontal,S/D,Colisión,Ninguna,Faltante,Ninguna,Sin restricción,"    -32.95897, -60.6991","['27 de Febrero', 'Teniente Agneta']",2,,-32.95897,-60.6991,55.0,538.0,Municipio Rosario,Municipio,Rosario,820210,Servicio de Catastro e Información Territorial,IGN
2020,6423,2020-11-24,Martes,,18:30:00,,0.0,2,"Bicicleta,Automóvil",Av. Uriburu Y Pje. Humboldt,4,3,0,0,1,0,0,"    -32.99065, -60.648",Calle,,ROSARIO,Rosario,Asfalto,No existe,II,Dentro,Urbana,S/D,No existe,Intersección,Bueno,Buena,Diurna,Buen Tiempo,S/D,Ciclista,Atropello,Ninguna,Faltante,Ninguna,Sin restricción,"    -32.99065, -60.648","['Uriburu', 'Humboldt']",2,,-32.99065,-60.648,55.0,538.0,Municipio Rosario,Municipio,Rosario,820210,Servicio de Catastro e Información Territorial,IGN
2020,6424,2020-11-22,Domingo,,21:15:00,,0.0,2,"Automóvil,Moto/Ciclomotor",Av. Uriburu Y Buenos Aires,2,1,0,0,1,0,0,"-32.99063, -60.64358",Calle,,ROSARIO,Rosario,Asfalto,No existe,II,Dentro,Urbana,Ninguna,No existe,Intersección,Bueno,Buena,Nocturna,Buen Tiempo,Lateral,S/D,Colisión,Ninguna,Faltante,Ninguna,Sin restricción,"-32.99063, -60.64358","['Uriburu', 'Buenos Aires']",2,,-32.99063,-60.64358,55.0,538.0,Municipio Rosario,Municipio,Rosario,820210,Servicio de Catastro e Información Territorial,IGN
2020,6425,2020-11-23,Lunes,,16:10:00,,0.0,2,"Bicicleta,Otros",Ayacucho Y Lamadrid,2,0,1,0,1,0,0,"    -32.99673, -60.63661",Calle,,ROSARIO,Rosario,Asfalto,No existe,II,Dentro,Urbana,Ninguna,No existe,Intersección,Bueno,Buena,Diurna,Buen Tiempo,S/D,Ciclista,Atropello,Ninguna,Faltante,Ninguna,Sin restricción,"    -32.99673, -60.63661","['Ayacucho', 'Lamadrid']",2,,-32.99673,-60.63661,55.0,538.0,Municipio Rosario,Municipio,Rosario,820210,Servicio de Catastro e Información Territorial,IGN
2020,6426,2020-11-22,Domingo,,19:40:00,,0.0,2,"Automóvil,Moto/Ciclomotor",Bv. Segui Y Ayacucho,2,1,0,0,1,0,0,"-32.98111, -60.6355",Avenida,,ROSARIO,Rosario,Asfalto,No existe,II,Dentro,Urbana,Ninguna,No existe,Intersección,Bueno,Buena,"Atardecer,Con luz artificial",Buen Tiempo,Lateral,S/D,Colisión,Ninguna,Faltante,Cordón divisorio,Sin restricción,"-32.98111, -60.6355","['Bulevar Juan Francisco Seguí', 'Ayacucho']",2,,-32.98111,-60.6355,55.0,538.0,Municipio Rosario,Municipio,Rosario,820210,Servicio de Catastro e Información Territorial,IGN
2020,6428,2020-11-27,Viernes,,02:00:00,,0.0,2,"Moto/Ciclomotor,Otros",Ayacucho Y Lamadrid,3,1,1,0,0,0,1,"    -32.99673, -60.63661",Calle,,ROSARIO,Rosario,Asfalto,No existe,II,Dentro,Urbana,Ninguna,No existe,Intersección,Bueno,Buena,Nocturna,Buen Tiempo,S/D,S/D,Colisión,Ninguna,S/D,Ninguna,Sin restricción,"    -32.99673, -60.63661","['Ayacucho', 'Lamadrid']",2,,-32.99673,-60.63661,55.0,538.0,Municipio Rosario,Municipio,Rosario,820210,Servicio de Catastro e Información Territorial,IGN
2020,6429,2020-11-29,Domingo,,07:50:00,,0.0,2,"Moto/Ciclomotor,Automóvil",Av. Corrientes Y Olegario V.Andrade,4,0,1,0,3,0,0,"    -32.99603, -60.65353",Avenida,,ROSARIO,Rosario,Asfalto,No existe,II,Dentro,Urbana,Ninguna,No existe,Intersección,Bueno,Buena,Diurna,Buen Tiempo,Lateral,S/D,Colisión,Ninguna,Faltante,Ninguna,Sin restricción,"    -32.99603, -60.65353","['Corrientes', 'Olegario V Andrade']",2,,-32.99603,-60.65353,55.0,538.0,Municipio Rosario,Municipio,Rosario,820210,Servicio de Catastro e Información Territorial,IGN
2020,6430,2020-11-25,Miercoles,,15:40:00,,0.0,2,"Automóvil,Automóvil",Laprida Y Bv. Segui,2,2,0,0,0,0,0,"    -32.97985, -60.64246",Avenida,,ROSARIO,Rosario,Asfalto,No existe,II,S/D,Urbana,Ninguna,No existe,Recta,Bueno,Buena,Diurna,Buen Tiempo,Otro,S/D,Colisión,Ninguna,S/D,Ninguna,Sin restricción,"    -32.97985, -60.64246","['Laprida', 'Bulevar Juan Francisco Seguí']",2,,-32.97985,-60.64246,55.0,538.0,Municipio Rosario,Municipio,Rosario,820210,Servicio de Catastro e Información Territorial,IGN
2020,6433,2020-11-30,Lunes,,,,0.0,1,Moto/Ciclomotor,Av. Pte.Peron Y Av. Circunvalacion,1,1,0,0,0,0,0,"    -32.97025, -60.7162",Avenida,,ROSARIO,Rosario,Asfalto,S/D,II,Dentro,Urbana,S/D,S/D,Intersección,S/D,Buena,S/D,S/D,Contra objeto fijo,S/D,Colisión,S/D,S/D,S/D,S/D,"    -32.97025, -60.7162","['Avenida Presidente Perón', 'Circunvalacion']",2,,-32.97025,-60.7162,55.0,538.0,Municipio Rosario,Municipio,Rosario,820210,Servicio de Catastro e Información Territorial,IGN
2020,6434,2020-09-28,Lunes,,23:00:00,,0.0,3,"Automóvil,Bicicleta,Bicicleta",Micheletti Y Tarragona,3,2,0,0,1,0,0,"-32.927830222625,-60.734536127086",Calle,,ROSARIO,Rosario,S/D,No existe,II,Dentro,Urbana,Ninguna,No existe,S/D,Bueno,Buena,Diurna,Buen Tiempo,S/D,Ciclista,Atropello,Ninguna,Faltante,Ninguna,Sin restricción,"-32.927830222625,-60.734536127086","['Micheletti', 'Tarragona']",2,,-32.927830222625,-60.734536127086,55.0,538.0,Municipio Rosario,Municipio,Rosario,820210,Servicio de Catastro e Información Territorial,IGN
2020,6436,2020-09-15,Martes,,07:45:00,,0.0,2,"Taxi/Remis,Automóvil",Av. Eva Peron Y Juez Zuviria,3,2,0,0,1,0,0,"-32.930131285029,-60.728553750147",Avenida,,ROSARIO,Rosario,Asfalto,No existe,II,Dentro,Urbana,Semáforo,Funciona,Intersección,Bueno,Buena,Diurna,Buen Tiempo,De alcance,S/D,Colisión,Ninguna,Faltante,"Cordón divisorio,Línea divisoria pintada",Sin restricción,"-32.930131285029,-60.728553750147","['Avenida Eva Perón', 'Zuviria']",2,,-32.930131285029,-60.728553750147,55.0,538.0,Municipio Rosario,Municipio,Rosario,820210,Servicio de Catastro e Información Territorial,IGN
2020,6437,2020-11-23,Lunes,,,,0.0,1,Moto/Ciclomotor,Valparaiso 1913,1,1,0,0,0,0,0,"    -32.95174, -60.68547",Calle,,ROSARIO,Rosario,S/D,S/D,II,S/D,S/D,S/D,S/D,Intersección,S/D,Buena,S/D,S/D,S/D,S/D,Cañda ocupante,S/D,S/D,S/D,S/D,"    -32.95174, -60.68547",['Valparaiso 1913'],1,,-32.95174,-60.68547,55.0,538.0,Municipio Rosario,Municipio,Rosario,820210,Servicio de Catastro e Información Territorial,IGN
2020,6440,2020-09-08,Martes,,16:30:00,,0.0,2,"Bicicleta,Moto/Ciclomotor",Alvarez Condarco Y La Republica,2,2,0,0,0,0,0,"-32.919708632632,-60.755949866287",Calle,,ROSARIO,Rosario,Asfalto,No existe,II,Dentro,Urbana,Señal Pare,No existe,Intersección,Bueno,Buena,Diurna,Buen Tiempo,S/D,Ciclista,Atropello,Ninguna,Vertical,Ninguna,Sin restricción,"-32.919708632632,-60.755949866287","['Álvarez Condarco', 'La República']",2,,-32.919708632632,-60.755949866287,55.0,538.0,Municipio Rosario,Municipio,Rosario,820210,Servicio de Catastro e Información Territorial,IGN
2020,6441,2020-09-06,Domingo,,19:45:00,,0.0,2,"Moto/Ciclomotor,Taxi/Remis",Av. Provincias Unidas Y Casilda,2,1,0,0,1,0,0,"-32.929476485916,-60.71319061899",Avenida,,ROSARIO,Rosario,Asfalto,No existe,II,Dentro,Urbana,Paso Peatonal,No existe,Intersección,Bueno,Buena,Nocturna,Buen Tiempo,S/D,S/D,Colisión,Ninguna,Horizontal,Cordón divisorio,Sin restricción,"-32.929476485916,-60.71319061899","['Avenida Provincias Unidas', 'Casilda']",2,,-32.929476485916,-60.71319061899,55.0,538.0,Municipio Rosario,Municipio,Rosario,820210,Servicio de Catastro e Información Territorial,IGN
2020,6442,2020-11-25,Miercoles,,,,0.0,2,"Automóvil,Automóvil",Camilo Aldao Y Ocampo,2,1,0,0,1,0,0,"    -32.95758, -60.6953",Calle,,ROSARIO,Rosario,Asfalto,No existe,II,Dentro,Urbana,S/D,No existe,Intersección,S/D,S/D,Diurna,S/D,Lateral,S/D,Colisión,S/D,S/D,S/D,S/D,"    -32.95758, -60.6953","['Camilo Aldao', 'Ocampo']",2,,-32.95758,-60.6953,55.0,538.0,Municipio Rosario,Municipio,Rosario,820210,Servicio de Catastro e Información Territorial,IGN
2020,6443,2020-09-19,Sabado,,13:20:00,,0.0,2,"Bicicleta,Moto/Ciclomotor",Albarracin Y Bv. Wilde,2,1,0,0,1,0,0,"-32.93001452784,-60.738811951693",Avenida,,ROSARIO,Rosario,Asfalto,No existe,II,Dentro,Urbana,Paso Peatonal,No existe,Intersección,Bueno,Buena,Diurna,Buen Tiempo,Otro,Ciclista,Atropello,Ninguna,Horizontal,"Cordón divisorio,Línea divisoria pintada",Sin restricción,"-32.93001452784,-60.738811951693","['Albarracín', 'Bulevar Wilde']",2,,-32.93001452784,-60.738811951693,55.0,538.0,Municipio Rosario,Municipio,Rosario,820210,Servicio de Catastro e Información Territorial,IGN
2020,6444,2020-09-24,Jueves,,17:35:00,,0.0,2,"Automóvil,Pickup/Utilitario",Bielsa Y Ecuador,5,1,1,0,3,0,0,"-32.92384142323,-60.715708368045",Calle,,ROSARIO,Rosario,Asfalto,No existe,II,Dentro,Urbana,Ninguna,No existe,Intersección,Bueno,Buena,Diurna,Buen Tiempo,S/D,S/D,Colisión,Ninguna,Faltante,Ninguna,Sin restricción,"-32.92384142323,-60.715708368045","['Bielsa', 'Ecuador']",2,,-32.92384142323,-60.715708368045,55.0,538.0,Municipio Rosario,Municipio,Rosario,820210,Servicio de Catastro e Información Territorial,IGN
2020,6445,2020-09-19,Sabado,,18:00:00,,0.0,2,"Peatón,Moto/Ciclomotor",J.J.Paso Y Magallanes,2,1,0,0,1,0,0,"-32.919978479981,-60.705360451851",Calle,,ROSARIO,Rosario,Asfalto,No existe,II,Dentro,Urbana,Ninguna,No existe,Intersección,Bueno,Buena,Diurna,Buen Tiempo,S/D,Peatón,Atropello,Ninguna,Faltante,Ninguna,Sin restricción,"-32.919978479981,-60.705360451851","['Paso', 'Magallanes']",2,,-32.919978479981,-60.705360451851,55.0,538.0,Municipio Rosario,Municipio,Rosario,820210,Servicio de Catastro e Información Territorial,IGN
2020,6448,2020-09-12,Sabado,,17:00:00,,0.0,2,"Moto/Ciclomotor,Automóvil",Bolivia ,2,1,0,0,1,0,0,"-32.912861225472,-60.715812515754",S/D,,ROSARIO,Rosario,Asfalto,No existe,II,S/D,S/D,Ninguna,No existe,Intersección,Bueno,Buena,Diurna,Buen Tiempo,De alcance,S/D,Colisión,Ninguna,Faltante,Ninguna,Sin restricción,"-32.912861225472,-60.715812515754",['Bolivia'],1,,-32.912861225472,-60.715812515754,55.0,538.0,Municipio Rosario,Municipio,Rosario,820210,Servicio de Catastro e Información Territorial,IGN
2020,6450,2020-09-26,Sabado,,20:00:00,,0.0,2,"Bicicleta,Automóvil",Furlong Y Mendoza,2,1,0,0,1,0,0,"-32.940257698256,-60.735219057128",Calle,,ROSARIO,Rosario,Asfalto,No existe,II,Dentro,Urbana,Paso Peatonal,No existe,Intersección,Bueno,Buena,Atardecer,Buen Tiempo,S/D,Ciclista,Atropello,Ninguna,Horizontal,Cordón divisorio,Sin restricción,"-32.940257698256,-60.735219057128","['Furlong', 'Mendoza']",2,,-32.940257698256,-60.735219057128,55.0,538.0,Municipio Rosario,Municipio,Rosario,820210,Servicio de Catastro e Información Territorial,IGN
2020,6453,2020-09-09,Miercoles,,11:50:00,,0.0,2,"Moto/Ciclomotor,Automóvil",Donado 830,3,1,0,0,2,0,0,"-32.937730819145,-60.727088437806",Calle,,ROSARIO,Rosario,Asfalto,No existe,II,Dentro,Urbana,Ninguna,No existe,Recta,Bueno,Buena,Diurna,Buen Tiempo,S/D,S/D,Colisión,Ninguna,Faltante,Ninguna,Sin restricción,"-32.937730819145,-60.727088437806",['Donado 830'],1,,-32.937730819145,-60.727088437806,55.0,538.0,Municipio Rosario,Municipio,Rosario,820210,Servicio de Catastro e Información Territorial,IGN
2020,6460,2020-09-06,Domingo,,12:35:00,,0.0,2,"Peatón,Automóvil",Chaparro 1390,2,1,0,0,1,0,0,"-32.944016609294,-60.730776889651",Calle,,ROSARIO,Rosario,Asfalto,No existe,II,Dentro,Urbana,Ninguna,No existe,Intersección,Bueno,Buena,Diurna,Buen Tiempo,S/D,Peatón,Atropello,Ninguna,Faltante,Ninguna,Sin restricción,"-32.944016609294,-60.730776889651",['Chaparro 1390'],1,,-32.944016609294,-60.730776889651,55.0,538.0,Municipio Rosario,Municipio,Rosario,820210,Servicio de Catastro e Información Territorial,IGN
2020,6468,2020-09-16,Miercoles,,15:35:00,,0.0,2,"Moto/Ciclomotor,Automóvil",San Nicolas Y Urquiza,2,1,0,0,1,0,0,"-32.936837751586,-60.671438929649",Calle,,ROSARIO,Rosario,Asfalto,No existe,II,Dentro,Urbana,Señal Pare,No existe,Intersección,Bueno,S/D,Diurna,Buen Tiempo,Lateral,S/D,Colisión,S/D,Vertical,Ninguna,S/D,"-32.936837751586,-60.671438929649","['San Nicolás', 'Urquiza']",2,,-32.936837751586,-60.671438929649,55.0,538.0,Municipio Rosario,Municipio,Rosario,820210,Servicio de Catastro e Información Territorial,IGN
2020,6504,2020-11-28,Sabado,,20:00:00,,0.0,2,"Peatón,Tren",Av. Genova ,2,0,0,1,1,0,0,"    -32.91545, -60.69369",S/D,,ROSARIO,Rosario,S/D,S/D,II,S/D,S/D,S/D,S/D,Paso a Nivel FFCC,S/D,S/D,Nocturna,S/D,S/D,Peatón,Atropello,S/D,S/D,S/D,S/D,"    -32.91545, -60.69369",['Genova'],1,,-32.91545,-60.69369,55.0,538.0,Municipio Rosario,Municipio,Rosario,820210,Servicio de Catastro e Información Territorial,IGN
2020,6511,2020-09-01,Martes,,16:15:00,,0.0,2,"Moto/Ciclomotor,Automóvil",Callao Y Milan,2,1,0,0,1,0,0,"-32.986614958411,-60.671227428347",Calle,,ROSARIO,Rosario,Asfalto,No existe,II,Dentro,Urbana,Otra Señal,No existe,Intersección,Bueno,Buena,Diurna,Buen Tiempo,Lateral,S/D,Colisión,Ninguna,Vertical,Ninguna,Sin restricción,"-32.986614958411,-60.671227428347","['Callao', 'Milán']",2,,-32.986614958411,-60.671227428347,55.0,538.0,Municipio Rosario,Municipio,Rosario,820210,Servicio de Catastro e Información Territorial,IGN
2020,6512,2020-08-03,Lunes,,20:20:00,,0.0,2,"Bicicleta,Automóvil",Av. Ovidio Lagos 5900,2,0,1,0,1,0,0,"-33.006479, -60.676760",Avenida,,ROSARIO,Rosario,Asfalto,No existe,II,Dentro,Urbana,Semáforo,No existe,Recta,Bueno,Buena,Nocturna,Buen Tiempo,S/D,Ciclista,Atropello,Ninguna,Vertical,Ninguna,Sin restricción,"-33.006479, -60.676760",['Ovidio Lagos 5900'],1,,-33.006479,-60.67676,55.0,538.0,Municipio Rosario,Municipio,Rosario,820210,Servicio de Catastro e Información Territorial,IGN
2020,6513,2020-09-01,Martes,,07:50:00,,0.0,2,"Moto/Ciclomotor,Automóvil",Estrella Federal Y Flor De Nacar,2,1,0,0,1,0,0,"-33.02045255899429,-60.660447478294",Calle,,ROSARIO,Rosario,Asfalto,No existe,II,Dentro,Urbana,Ninguna,No existe,Intersección,Bueno,Buena,Diurna,Buen Tiempo,Lateral,S/D,Colisión,Ninguna,Faltante,Ninguna,Sin restricción,"-33.02045255899429,-60.660447478294","['Estrella Federal', 'Flor de Nacar']",2,,-33.02045255899429,-60.660447478294,55.0,538.0,Municipio Rosario,Municipio,Rosario,820210,Servicio de Catastro e Información Territorial,IGN
2020,6514,2020-09-03,Jueves,,12:25:00,,0.0,2,"Peatón,Pickup/Utilitario",Av. Corrientes Y Riobamba,2,1,0,0,0,0,1,"-32.962264957557,-60.646524531942",Calle,,ROSARIO,Rosario,Asfalto,No existe,II,Dentro,Urbana,Ninguna,No existe,Intersección,Bueno,Buena,Diurna,Buen Tiempo,S/D,Peatón,Atropello,Ninguna,Faltante,S/D,Desvío Provisorio,"-32.962264957557,-60.646524531942","['Corrientes', 'Riobamba']",2,,-32.962264957557,-60.646524531942,55.0,538.0,Municipio Rosario,Municipio,Rosario,820210,Servicio de Catastro e Información Territorial,IGN
2020,6515,2020-09-02,Miercoles,,17:05:00,,0.0,2,"Bicicleta,Automóvil",Bv. Avellaneda Y Cnel.Winter,2,1,0,0,1,0,0,"-32.984996722533,-60.688800925971",Avenida,,ROSARIO,Rosario,Asfalto,No existe,II,Dentro,Urbana,Ninguna,No existe,Intersección,Bueno,Buena,Diurna,Buen Tiempo,S/D,Ciclista,Atropello,Ninguna,Faltante,Cordón divisorio,Sin restricción,"-32.984996722533,-60.688800925971","['Avellaneda', 'Coronel Winter']",2,,-32.984996722533,-60.688800925971,55.0,538.0,Municipio Rosario,Municipio,Rosario,820210,Servicio de Catastro e Información Territorial,IGN
2020,6516,2020-09-02,Miercoles,,10:50:00,,0.0,2,"Automóvil,Automóvil",Cazadores Y Cereseto,3,1,0,0,2,0,0,"-33.004773783802,-60.673788124406",Calle,,ROSARIO,Rosario,Asfalto,No existe,II,Dentro,Urbana,Ninguna,No existe,Intersección,Bueno,Buena,Diurna,Buen Tiempo,Lateral,S/D,Colisión,Ninguna,Faltante,Ninguna,Sin restricción,"-33.004773783802,-60.673788124406","['Cazadores', 'Cereseto']",2,,-33.004773783802,-60.673788124406,55.0,538.0,Municipio Rosario,Municipio,Rosario,820210,Servicio de Catastro e Información Territorial,IGN
2020,6517,2020-09-03,Jueves,,06:00:00,,0.0,2,"Pickup/Utilitario,Automóvil",Av. Arijon Y Bv. Oro�o,2,1,0,0,1,0,0,"-33.003533657294,-60.66479024171",Avenida,,ROSARIO,Rosario,Asfalto,No existe,II,Dentro,Urbana,Semáforo,Funciona,Intersección,Bueno,Buena,Diurna,Buen Tiempo,Lateral,S/D,Colisión,Ninguna,"Horizontal,Vertical",Ninguna,Sin restricción,"-33.003533657294,-60.66479024171","['Avenida Manuel Arijón', 'Bulevar Nicasio Oroño']",2,,-33.003533657294,-60.66479024171,55.0,538.0,Municipio Rosario,Municipio,Rosario,820210,Servicio de Catastro e Información Territorial,IGN
2020,6518,2020-09-23,Miercoles,,11:00:00,,0.0,2,"Moto/Ciclomotor,Automóvil",San Nicolas Y Tucuman,3,2,0,0,1,0,0,"-32.935672948209,-60.671143890302",Calle,,ROSARIO,Rosario,Asfalto,No existe,II,Dentro,Urbana,Ninguna,No existe,Intersección,Bueno,Buena,Diurna,Buen Tiempo,Lateral,S/D,Colisión,Ninguna,Faltante,Ninguna,Sin restricción,"-32.935672948209,-60.671143890302","['San Nicolás', 'Tucumán']",2,,-32.935672948209,-60.671143890302,55.0,538.0,Municipio Rosario,Municipio,Rosario,820210,Servicio de Catastro e Información Territorial,IGN
2020,6520,2020-09-04,Viernes,,17:35:00,,0.0,2,"Peatón,Automóvil",24 De Setiembre Y Castellanos,4,0,1,0,3,0,0,"-32.973591685295126,-60.68355202674",Calle,,ROSARIO,Rosario,Asfalto,No existe,II,Dentro,Urbana,Ninguna,No existe,Intersección,Bueno,Buena,Diurna,Buen Tiempo,S/D,Peatón,Atropello,Ninguna,Faltante,Ninguna,Sin restricción,"-32.973591685295126,-60.68355202674","['24 de Septiembre', 'Aaron Castellanos']",2,,-32.973591685295126,-60.68355202674,55.0,538.0,Municipio Rosario,Municipio,Rosario,820210,Servicio de Catastro e Información Territorial,IGN
2020,6522,2020-09-06,Domingo,,11:10:00,,0.0,2,"Moto/Ciclomotor,Automóvil",Av. Battle y Ordo�ez Y Entre Rios,3,2,0,0,1,0,0,"-33.008873462677,-60.65158411860466",Avenida,,ROSARIO,Rosario,Asfalto,No existe,II,Dentro,Urbana,Ninguna,No existe,Intersección,Bueno,Buena,Diurna,Buen Tiempo,Lateral,S/D,Colisión,Ninguna,Faltante,Cordón divisorio,Sin restricción,"-33.008873462677,-60.65158411860466","['Avenida Battle y Ordoñez', 'Entre Ríos']",2,,-33.008873462677,-60.65158411860466,55.0,538.0,Municipio Rosario,Municipio,Rosario,820210,Servicio de Catastro e Información Territorial,IGN