anio_acci,nro_acci,fecha,desc_dia,fecha_aprox,hora_aprox,desc_ruta,km,cant_participantes,desc_participante,calle_avenida_km,total,heridos_leves,heridos_graves,heridos_gravisimos,ilesos,fallecidos,sin_datos,posicion_XY,desc_tipo_via,desc_ruta_ori,desc_loc,desc_dpto,desc_tipo_calzada,desc_tipo_banquina,desc_unidad_regional,desc_lugar_calzada,desc_zona,desc_prioridad,desc_estado_semaforo,desc_lugar_via,desc_estado_via,desc_estado_visibilidad,desc_luminosidad,desc_estado_clima,desc_tipo_colision,desc_tipo_atropello,desc_tipo_hecho,desc_pres_calzada,desc_senializacion,desc_separacion_via,desc_restriccion,forma_geocod,calle_lista,numero_calles,calles_osm,lat,lon,index_right,gid,fna,gna,nam,in1,fdc,sag
2020,6523,2020-09-20,Domingo,,16:10:00,,0.0,2,"Moto/Ciclomotor,Automóvil",E.Zeballos Y Ricchieri,3,1,0,0,2,0,0,"-32.95058369636532,-60.664926767349",Calle,,ROSARIO,Rosario,Asfalto,No existe,II,Dentro,Urbana,Ninguna,No existe,Recta,Bueno,Buena,Diurna,Buen Tiempo,De alcance,S/D,Colisión,Ninguna,Faltante,Ninguna,Sin restricción,"-32.95058369636532,-60.664926767349","['Zeballos', 'Ricchieri']",2,,-32.95058369636532,-60.664926767349,55.0,538.0,Municipio Rosario,Municipio,Rosario,820210,Servicio de Catastro e Información Territorial,IGN
2020,6524,2020-11-30,Lunes,,,,0.0,2,"Automóvil,Moto/Ciclomotor",L.N.Alem Y Cochabamba,3,2,0,0,1,0,0,"    -32.96023, -60.63138",Calle,,ROSARIO,Rosario,Asfalto,S/D,II,Dentro,Urbana,S/D,S/D,Intersección,S/D,S/D,S/D,S/D,Lateral,S/D,Colisión,S/D,S/D,S/D,S/D,"    -32.96023, -60.63138","['Alem', 'Cochabamba']",2,,-32.96023,-60.63138,55.0,538.0,Municipio Rosario,Municipio,Rosario,820210,Servicio de Catastro e Información Territorial,IGN
2020,6527,2020-09-08,Martes,,09:30:00,,0.0,2,"Moto/Ciclomotor,Automóvil",Alsina Y Bv. Segui,4,1,2,0,1,0,0,"-32.972297335989,-60.684661369737",Avenida,,ROSARIO,Rosario,Asfalto,No existe,II,Dentro,Urbana,Ninguna,No existe,Intersección,Bueno,Buena,Diurna,Buen Tiempo,Lateral,S/D,Colisión,Ninguna,Faltante,Línea divisoria pintada,Sin restricción,"-32.972297335989,-60.684661369737","['Alsina', 'Bulevar Juan Francisco Seguí']",2,,-32.972297335989,-60.684661369737,55.0,538.0,Municipio Rosario,Municipio,Rosario,820210,Servicio de Catastro e Información Territorial,IGN
2020,6530,2020-09-08,Martes,,21:30:00,,0.0,2,"Pickup/Utilitario,Moto/Ciclomotor",Catamarca Y Santiago,2,0,1,0,1,0,0,"-32.93740918721,-60.65453637376",Calle,,ROSARIO,Rosario,Asfalto,No existe,II,Dentro,Urbana,Señal Pare,No existe,Recta,Bueno,Buena,"Nocturna,Con luz artificial",Buen Tiempo,Lateral,S/D,Colisión,Ninguna,"Horizontal,Vertical",Ninguna,Sin restricción,"-32.93740918721,-60.65453637376","['Catamarca', 'Santiago']",2,,-32.93740918721,-60.65453637376,55.0,538.0,Municipio Rosario,Municipio,Rosario,820210,Servicio de Catastro e Información Territorial,IGN
2020,6532,2020-09-13,Domingo,,19:00:00,,0.0,2,"Moto/Ciclomotor,Vehículo Oficial",Biarritz Y Camino Viejo Soldini,2,1,0,0,1,0,0,"-33.026008, -60.684770",Calle,,ROSARIO,Rosario,Asfalto,No existe,II,Dentro,Urbana,Ninguna,No existe,Intersección,Deteriorada,Buena,Atardecer,Buen Tiempo,Otro,S/D,Colisión,Ninguna,Faltante,Ninguna,Sin restricción,"-33.026008, -60.684770","['Biarritz', 'Camino viejo a Soldini']",2,,-33.026008,-60.68477,55.0,538.0,Municipio Rosario,Municipio,Rosario,820210,Servicio de Catastro e Información Territorial,IGN
2020,6534,2020-09-17,Jueves,,19:30:00,,0.0,2,"Bicicleta,Moto/Ciclomotor",Av. Pellegrini Y Mitre,2,2,0,0,0,0,0,"-32.956960588458,-60.642259104805",Avenida,,ROSARIO,Rosario,Asfalto,No existe,II,Dentro,Urbana,Semáforo,Funciona,Recta,Bueno,Buena,Atardecer,Buen Tiempo,S/D,Ciclista,Atropello,Ninguna,"Horizontal,Vertical",Cordón divisorio,Sin restricción,"-32.956960588458,-60.642259104805","['Pellegrini', 'Mitre']",2,,-32.956960588458,-60.642259104805,55.0,538.0,Municipio Rosario,Municipio,Rosario,820210,Servicio de Catastro e Información Territorial,IGN
2020,6535,2020-09-13,Domingo,,14:35:00,,0.0,3,"Peatón,Moto/Ciclomotor,Moto/Ciclomotor",Lavalle Y Pte.Quintana,3,2,0,0,1,0,0,"-32.975413879599,-60.686866161535",Calle,,ROSARIO,Rosario,Asfalto,Pavimento,II,Dentro,Urbana,Ninguna,No existe,Intersección,Bueno,Buena,Diurna,Buen Tiempo,Lateral,Peatón,"Colisión,Atropello",Ninguna,Faltante,Ninguna,Sin restricción,"-32.975413879599,-60.686866161535","['Lavalle', 'Quintana']",2,,-32.975413879599,-60.686866161535,55.0,538.0,Municipio Rosario,Municipio,Rosario,820210,Servicio de Catastro e Información Territorial,IGN
2020,6538,2020-09-14,Lunes,,13:30:00,,0.0,2,"Bicicleta,Pickup/Utilitario",España Y Madre Cabrini,2,1,0,0,1,0,0,"-33.005254908321,-60.657538643903",Calle,,ROSARIO,Rosario,Asfalto,No existe,II,Dentro,Urbana,Ninguna,No existe,Intersección,Bueno,Buena,Diurna,Buen Tiempo,S/D,Ciclista,Atropello,Ninguna,Faltante,Ninguna,Sin restricción,"-33.005254908321,-60.657538643903","['España', 'Madre Cabrini']",2,,-33.005254908321,-60.657538643903,55.0,538.0,Municipio Rosario,Municipio,Rosario,820210,Servicio de Catastro e Información Territorial,IGN
2020,6540,2020-09-07,Lunes,,08:40:00,,0.0,2,"Moto/Ciclomotor,Pickup/Utilitario", ,2,1,0,0,0,0,1,"-32.94889926910397,-60.687317848205",Calle,,ROSARIO,Rosario,Asfalto,No existe,II,Dentro,Urbana,Ninguna,No existe,Intersección,Bueno,Buena,Diurna,Buen Tiempo,Lateral,S/D,Colisión,Ninguna,Horizontal,Ninguna,Sin restricción,"-32.94889926910397,-60.687317848205",[''],0,,-32.94889926910397,-60.687317848205,55.0,538.0,Municipio Rosario,Municipio,Rosario,820210,Servicio de Catastro e Información Territorial,IGN
2020,6544,2020-09-14,Lunes,,19:00:00,,0.0,2,"Moto/Ciclomotor,Automóvil",Amenabar Y Crespo,3,2,0,0,1,0,0,"-32.966800620547,-60.674745169531",Calle,,ROSARIO,Rosario,Asfalto,No existe,II,Dentro,Urbana,Ninguna,No existe,Intersección,Bueno,Buena,Atardecer,Buen Tiempo,Lateral,S/D,Colisión,Ninguna,Faltante,Ninguna,Sin restricción,"-32.966800620547,-60.674745169531","['Amenabar', 'Crespo']",2,,-32.966800620547,-60.674745169531,55.0,538.0,Municipio Rosario,Municipio,Rosario,820210,Servicio de Catastro e Información Territorial,IGN
2020,6546,2020-09-04,Viernes,,17:30:00,,0.0,2,"Bicicleta,Automóvil",Av. Dante Alighieri Y Bv. Oro�o,2,1,0,0,1,0,0,"-32.961675335841,-60.657704235146",Avenida,,ROSARIO,Rosario,Asfalto,No existe,II,Dentro,Urbana,Ninguna,No existe,Intersección,Bueno,Buena,Diurna,Buen Tiempo,S/D,Ciclista,Atropello,Ninguna,Horizontal,Línea divisoria pintada,Sin restricción,"-32.961675335841,-60.657704235146","['Dante Alighieri', 'Bulevar Nicasio Oroño']",2,,-32.961675335841,-60.657704235146,55.0,538.0,Municipio Rosario,Municipio,Rosario,820210,Servicio de Catastro e Información Territorial,IGN
2020,6548,2020-09-14,Lunes,,09:35:00,,0.0,2,"Moto/Ciclomotor,Automóvil",Bv. Avellaneda 4700,2,1,0,0,1,0,0,"-32.993604835566,-60.688892328514",Avenida,,ROSARIO,Rosario,Asfalto,No existe,II,Dentro,Urbana,Ninguna,No existe,Recta,Bueno,Buena,Diurna,Buen Tiempo,Lateral,S/D,Colisión,Ninguna,Faltante,Barrera de hormigón,Sin restricción,"-32.993604835566,-60.688892328514",['Avellaneda 4700'],1,,-32.993604835566,-60.688892328514,55.0,538.0,Municipio Rosario,Municipio,Rosario,820210,Servicio de Catastro e Información Territorial,IGN
2020,6549,2020-09-07,Lunes,,13:35:00,,0.0,2,"Automóvil,Camión Chasis",Amenabar Y Italia,2,1,0,0,1,0,0,"-32.970450621039,-60.654358090275",Calle,,ROSARIO,Rosario,Asfalto,No existe,II,Dentro,Urbana,Señal Pare,No existe,Intersección,Bueno,Buena,Diurna,Buen Tiempo,Lateral,S/D,Colisión,Ninguna,Vertical,Ninguna,S/D,"-32.970450621039,-60.654358090275","['Amenabar', 'Italia']",2,,-32.970450621039,-60.654358090275,55.0,538.0,Municipio Rosario,Municipio,Rosario,820210,Servicio de Catastro e Información Territorial,IGN
2020,6551,2020-09-15,Martes,,06:40:00,,0.0,2,"Moto/Ciclomotor,Automóvil",Av. Ntra.Sra.del Rosario Y Av. Ovidio Lagos,3,1,1,0,1,0,0,"-33.00087511539459,-60.675382018089",Avenida,,ROSARIO,Rosario,Asfalto,No existe,II,Dentro,Urbana,Ninguna,Funciona,Intersección,Bueno,Buena,Diurna,Buen Tiempo,Lateral,S/D,Colisión,Ninguna,Vertical,Cordón divisorio,Sin restricción,"-33.00087511539459,-60.675382018089","['Nuestra Señora del Rosario', 'Avenida Ovidio Lagos']",2,,-33.00087511539459,-60.675382018089,55.0,538.0,Municipio Rosario,Municipio,Rosario,820210,Servicio de Catastro e Información Territorial,IGN
2020,6553,2020-09-08,Martes,,11:45:00,,0.0,2,"Bicicleta,Automóvil",Amenabar Y Paraguay,2,1,0,0,1,0,0,"-32.971190589792,-60.650218757783",Calle,,ROSARIO,Rosario,Asfalto,No existe,II,Dentro,Urbana,Ninguna,No existe,Intersección,Bueno,Buena,Diurna,Buen Tiempo,S/D,Ciclista,Atropello,Ninguna,Faltante,Ninguna,Sin restricción,"-32.971190589792,-60.650218757783","['Amenabar', 'Paraguay']",2,,-32.971190589792,-60.650218757783,55.0,538.0,Municipio Rosario,Municipio,Rosario,820210,Servicio de Catastro e Información Territorial,IGN
2020,6554,2020-09-18,Viernes,,15:20:00,,0.0,2,"Bicicleta,Automóvil",Av. J.Coronado Y Bv. Oro�o,2,1,0,0,1,0,0,"-32.962329702068,-60.657869198107",Avenida,,ROSARIO,Rosario,Asfalto,No existe,II,Dentro,Urbana,Señal Pare,No existe,Intersección,Bueno,Buena,Diurna,Buen Tiempo,S/D,Ciclista,Atropello,Ninguna,"Horizontal,Vertical",Ninguna,S/D,"-32.962329702068,-60.657869198107","['Coronado', 'Bulevar Nicasio Oroño']",2,,-32.962329702068,-60.657869198107,55.0,538.0,Municipio Rosario,Municipio,Rosario,820210,Servicio de Catastro e Información Territorial,IGN
2020,6555,2020-09-18,Viernes,,06:45:00,,0.0,2,"Automóvil,Automóvil",Av. Uriburu Y Bv. Avellaneda,2,1,0,0,1,0,0,"-32.991895079612746,-60.68880379199",Avenida,,ROSARIO,Rosario,Asfalto,No existe,II,Dentro,Urbana,Semáforo,Funciona,Intersección,Bueno,Buena,Diurna,Buen Tiempo,De alcance,S/D,Colisión,S/D,Vertical,Barrera de hormigón,Sin restricción,"-32.991895079612746,-60.68880379199","['Uriburu', 'Avellaneda']",2,,-32.991895079612746,-60.68880379199,55.0,538.0,Municipio Rosario,Municipio,Rosario,820210,Servicio de Catastro e Información Territorial,IGN
2020,6557,2020-09-02,Miercoles,,08:00:00,,0.0,2,"Taxi/Remis,Camión Chasis",Av. Corrientes Y Viamonte,4,2,0,0,2,0,0,"-32.964552149398,-60.647107971038",Calle,,ROSARIO,Rosario,Asfalto,No existe,II,Dentro,Urbana,Señal Pare,No existe,Intersección,Bueno,Buena,Diurna,Lluvia,Lateral,S/D,Colisión,Ninguna,Vertical,Ninguna,Sin restricción,"-32.964552149398,-60.647107971038","['Corrientes', 'Viamonte']",2,,-32.964552149398,-60.647107971038,55.0,538.0,Municipio Rosario,Municipio,Rosario,820210,Servicio de Catastro e Información Territorial,IGN
2020,6561,2020-09-07,Lunes,,06:30:00,,0.0,2,"Taxi/Remis,Automóvil",Pascual Rosas Y Santa Fe,2,1,0,0,1,0,0,"-32.93650746345522,-60.685563683509",Calle,,ROSARIO,Rosario,Asfalto,No existe,II,Dentro,Urbana,Semáforo,Funciona,Intersección,Bueno,Buena,Diurna,Buen Tiempo,Lateral,S/D,"Colisión,Vuelco",Ninguna,"Horizontal,Vertical",Ninguna,Sin restricción,"-32.93650746345522,-60.685563683509","['Pascual Rosas', 'Santa Fe']",2,,-32.93650746345522,-60.685563683509,55.0,538.0,Municipio Rosario,Municipio,Rosario,820210,Servicio de Catastro e Información Territorial,IGN
2020,6563,2020-09-19,Sabado,,11:55:00,,0.0,1,Automóvil,Av. Battle y Ordo�ez Y Pueyrredon,1,1,0,0,0,0,0,"-33.009455502033234,-60.66885754466",Avenida,,ROSARIO,Rosario,Asfalto,No existe,II,Dentro,Urbana,Ninguna,No existe,Intersección,Bueno,Buena,Diurna,Buen Tiempo,S/D,S/D,Vuelco,Ninguna,Faltante,Ninguna,Sin restricción,"-33.009455502033234,-60.66885754466","['Avenida Battle y Ordoñez', 'Pueyrredón']",2,,-33.009455502033234,-60.66885754466,55.0,538.0,Municipio Rosario,Municipio,Rosario,820210,Servicio de Catastro e Información Territorial,IGN
2020,6565,2020-09-21,Lunes,,09:10:00,,0.0,2,"Moto/Ciclomotor,Bicicleta",Av. Uriburu Y Bv. Oro�o,2,1,0,0,1,0,0,"-32.99125134944917,-60.665200352668",Avenida,,ROSARIO,Rosario,Asfalto,No existe,II,Dentro,Urbana,Semáforo,Funciona,Rotonda,Bueno,Buena,Diurna,Buen Tiempo,S/D,Ciclista,Atropello,Ninguna,"Horizontal,Vertical",Cordón divisorio,Sin restricción,"-32.99125134944917,-60.665200352668","['Uriburu', 'Bulevar Nicasio Oroño']",2,,-32.99125134944917,-60.665200352668,55.0,538.0,Municipio Rosario,Municipio,Rosario,820210,Servicio de Catastro e Información Territorial,IGN
2020,6567,2020-09-23,Miercoles,,12:30:00,,0.0,2,"Moto/Ciclomotor,Pickup/Utilitario",Santiago 1250,3,1,0,0,2,0,0,"-32.948979463605,-60.657456498032",Calle,,ROSARIO,Rosario,Asfalto,No existe,II,Dentro,Urbana,Ninguna,No existe,Recta,Bueno,Buena,Diurna,Buen Tiempo,De alcance,S/D,Colisión,Ninguna,Faltante,Ninguna,Sin restricción,"-32.948979463605,-60.657456498032",['Santiago 1250'],1,,-32.948979463605,-60.657456498032,55.0,538.0,Municipio Rosario,Municipio,Rosario,820210,Servicio de Catastro e Información Territorial,IGN
2020,6570,2020-09-23,Miercoles,,16:00:00,,0.0,2,"Moto/Ciclomotor,Pickup/Utilitario",Av. Francia Y Av. Uriburu,3,1,0,0,2,0,0,"-32.99160003662106,-60.678176879882",Avenida,,ROSARIO,Rosario,Asfalto,No existe,II,Dentro,Urbana,Semáforo,Funciona,Intersección,Bueno,Buena,Diurna,Buen Tiempo,Lateral,S/D,Colisión,Ninguna,"Horizontal,Vertical",Cordón divisorio,Sin restricción,"-32.99160003662106,-60.678176879882","['Avenida Francia', 'Uriburu']",2,,-32.99160003662106,-60.678176879882,55.0,538.0,Municipio Rosario,Municipio,Rosario,820210,Servicio de Catastro e Información Territorial,IGN
2020,6571,2020-09-30,Miercoles,,02:00:00,,0.0,2,"Moto/Ciclomotor,Transporte de Pasajeros Urbano (> 8 asientos)",Entre Rios Y Santa Fe,2,1,0,0,1,0,0,"-32.944558283451,-60.640617994454",Calle,,ROSARIO,Rosario,Asfalto,No existe,II,Dentro,Urbana,Semáforo,Intermitente,Intersección,Bueno,Buena,"Nocturna,Con luz artificial",Buen Tiempo,Lateral,S/D,Colisión,Ninguna,"Horizontal,Vertical",Ninguna,Sin restricción,"-32.944558283451,-60.640617994454","['Entre Ríos', 'Santa Fe']",2,,-32.944558283451,-60.640617994454,55.0,538.0,Municipio Rosario,Municipio,Rosario,820210,Servicio de Catastro e Información Territorial,IGN
2020,6572,2020-09-23,Miercoles,,17:55:00,,0.0,2,"Moto/Ciclomotor,Automóvil",Cafferata Y Pte.Quintana,2,1,0,0,1,0,0,"-32.976632534275,-60.680065731969",Calle,,ROSARIO,Rosario,Asfalto,No existe,II,Dentro,Urbana,Ninguna,No existe,Intersección,Bueno,Buena,Diurna,Buen Tiempo,Lateral,S/D,Colisión,Ninguna,Faltante,Ninguna,Sin restricción,"-32.976632534275,-60.680065731969","['Cafferata', 'Quintana']",2,,-32.976632534275,-60.680065731969,55.0,538.0,Municipio Rosario,Municipio,Rosario,820210,Servicio de Catastro e Información Territorial,IGN
2020,6574,2020-09-24,Jueves,,22:40:00,,0.0,2,"Moto/Ciclomotor,Automóvil",Catamarca Y Constitucion,2,0,1,0,1,0,0,"-32.934244346398,-60.672202652986",Calle,,ROSARIO,Rosario,Asfalto,No existe,II,Dentro,Urbana,Señal Pare,No existe,Recta,Bueno,Buena,"Nocturna,Con luz artificial",Buen Tiempo,De alcance,S/D,Colisión,Ninguna,Vertical,Ninguna,Sin restricción,"-32.934244346398,-60.672202652986","['Catamarca', 'Constitución']",2,,-32.934244346398,-60.672202652986,55.0,538.0,Municipio Rosario,Municipio,Rosario,820210,Servicio de Catastro e Información Territorial,IGN
2020,6575,2020-09-17,Jueves,,11:20:00,,0.0,2,"Moto/Ciclomotor,Camión Chasis",Montevideo Y Vera Mujica,2,1,0,0,1,0,0,"-32.95100073685,-60.669324241088",Calle,,ROSARIO,Rosario,Asfalto,No existe,II,Dentro,Urbana,Ninguna,No existe,Recta,Bueno,Buena,Diurna,Buen Tiempo,Lateral,S/D,Colisión,Ninguna,Faltante,Ninguna,Sin restricción,"-32.95100073685,-60.669324241088","['Montevideo', 'Vera Mujíca']",2,,-32.95100073685,-60.669324241088,55.0,538.0,Municipio Rosario,Municipio,Rosario,820210,Servicio de Catastro e Información Territorial,IGN
2020,6576,2020-09-04,Viernes,,16:20:00,,0.0,2,"Bicicleta,Automóvil",Buenos Aires Y La Paz,2,1,0,0,1,0,0,"-32.965139173001,-60.63715485983",Calle,,ROSARIO,Rosario,Asfalto,No existe,II,Dentro,Urbana,Ninguna,No existe,Intersección,Bueno,Buena,Diurna,Buen Tiempo,S/D,Ciclista,Atropello,Ninguna,Faltante,Ninguna,Sin restricción,"-32.965139173001,-60.63715485983","['Buenos Aires', 'La Paz']",2,,-32.965139173001,-60.63715485983,55.0,538.0,Municipio Rosario,Municipio,Rosario,820210,Servicio de Catastro e Información Territorial,IGN
2020,6577,2020-09-25,Viernes,,07:00:00,,0.0,2,"Moto/Ciclomotor,Automóvil",Pte.Quintana Y Suipacha,2,1,0,0,1,0,0,"-32.977851011503,-60.673263185018",Calle,,ROSARIO,Rosario,Asfalto,No existe,II,Dentro,Urbana,Ninguna,No existe,Intersección,Bueno,Buena,Diurna,Buen Tiempo,Lateral,S/D,Colisión,Ninguna,Faltante,Ninguna,Sin restricción,"-32.977851011503,-60.673263185018","['Quintana', 'Suipacha']",2,,-32.977851011503,-60.673263185018,55.0,538.0,Municipio Rosario,Municipio,Rosario,820210,Servicio de Catastro e Información Territorial,IGN
2020,6579,2020-09-18,Viernes,,16:45:00,,0.0,2,"Bicicleta,Moto/Ciclomotor",Av. Ing.Acevedo Y Av. Ovidio Lagos,3,1,0,0,2,0,0,"-32.984045594930656,-60.67171342670",Avenida,,ROSARIO,Rosario,Asfalto,No existe,II,Dentro,Urbana,Semáforo,Funciona,Intersección,Bueno,Buena,Diurna,Buen Tiempo,S/D,Ciclista,Atropello,Ninguna,Vertical,Cordón divisorio,Sin restricción,"-32.984045594930656,-60.67171342670","['Acevedo', 'Avenida Ovidio Lagos']",2,,-32.984045594930656,-60.6717134267,55.0,538.0,Municipio Rosario,Municipio,Rosario,820210,Servicio de Catastro e Información Territorial,IGN
2020,6580,2020-09-26,Sabado,,04:05:00,,0.0,2,"Moto/Ciclomotor,Automóvil",Bv. Segui Y San Nicolas,2,1,0,0,1,0,0,"-32.972858261047,-60.680552611412",Avenida,,ROSARIO,Rosario,Asfalto,No existe,II,Dentro,Urbana,Semáforo,Funciona,Intersección,Bueno,Buena,Diurna,S/D,De alcance,S/D,Colisión,Ninguna,Vertical,Cordón divisorio,Sin restricción,"-32.972858261047,-60.680552611412","['Bulevar Juan Francisco Seguí', 'San Nicolás']",2,,-32.972858261047,-60.680552611412,55.0,538.0,Municipio Rosario,Municipio,Rosario,820210,Servicio de Catastro e Información Territorial,IGN
2020,6581,2020-09-07,Lunes,,15:30:00,,0.0,2,"Automóvil,Automóvil",Av. Ovidio Lagos Y Guemes,2,1,0,0,1,0,0,"-32.931767225891,-60.658790127982",Calle,,ROSARIO,Rosario,Asfalto,No existe,II,Dentro,Urbana,Ninguna,No existe,Recta,Bueno,Buena,Diurna,Buen Tiempo,Otro,S/D,Colisión,Ninguna,Horizontal,Ninguna,Sin restricción,"-32.931767225891,-60.658790127982","['Avenida Ovidio Lagos', 'Güemes']",2,,-32.931767225891,-60.658790127982,55.0,538.0,Municipio Rosario,Municipio,Rosario,820210,Servicio de Catastro e Información Territorial,IGN
2020,6582,2020-09-03,Jueves,,11:00:00,,0.0,2,"Bicicleta,Pickup/Utilitario",San Martin 1630,2,1,0,0,1,0,0,"-32.956723947892,-60.639195164217",Avenida,,ROSARIO,Rosario,Asfalto,No existe,II,Dentro,Urbana,Ninguna,No existe,Recta,Bueno,Buena,Diurna,Buen Tiempo,S/D,Ciclista,Atropello,Ninguna,Faltante,Ninguna,Sin restricción,"-32.956723947892,-60.639195164217",['San Martin 1630'],1,,-32.956723947892,-60.639195164217,55.0,538.0,Municipio Rosario,Municipio,Rosario,820210,Servicio de Catastro e Información Territorial,IGN
2020,6584,2020-09-26,Sabado,,13:10:00,,0.0,2,"Peatón,Automóvil",Av. Francia Y Pje. Arias,2,1,0,0,1,0,0,"-32.979258347518,-60.674927307394",Avenida,,ROSARIO,Rosario,Asfalto,No existe,II,Dentro,Urbana,Señal Pare,No existe,Intersección,Bueno,Buena,Diurna,Buen Tiempo,S/D,Peatón,Atropello,Ninguna,Vertical,Cordón divisorio,Sin restricción,"-32.979258347518,-60.674927307394","['Avenida Francia', 'Arias']",2,,-32.979258347518,-60.674927307394,55.0,538.0,Municipio Rosario,Municipio,Rosario,820210,Servicio de Catastro e Información Territorial,IGN
2020,6586,2020-09-07,Lunes,,10:20:00,,0.0,3,"Automóvil,Automóvil,Automóvil",Montevideo Y Rodriguez,3,1,0,0,2,0,0,"-32.95246196844,-60.661178976953",Calle,,ROSARIO,Rosario,Asfalto,No existe,II,Dentro,Urbana,Paso Peatonal,No existe,Recta,Bueno,Buena,Diurna,Buen Tiempo,De alcance,S/D,Colisión,Ninguna,Horizontal,Ninguna,Sin restricción,"-32.95246196844,-60.661178976953","['Montevideo', 'Rodríguez']",2,,-32.95246196844,-60.661178976953,55.0,538.0,Municipio Rosario,Municipio,Rosario,820210,Servicio de Catastro e Información Territorial,IGN
2020,6593,2020-09-14,Lunes,,18:30:00,,0.0,2,"Moto/Ciclomotor,Automóvil",Av. Francia Y Av. Luis Carballo,2,1,0,0,1,0,0,"-32.925040801586,-60.661491126118",Avenida,,ROSARIO,Rosario,Asfalto,No existe,II,Dentro,Urbana,Semáforo,Funciona,Recta,Bueno,Buena,Diurna,Buen Tiempo,De alcance,S/D,Colisión,Ninguna,"Horizontal,Vertical",Cordón divisorio,Sin restricción,"-32.925040801586,-60.661491126118","['Avenida Francia', 'Avenida Doctor Luis Cándido Carballo']",2,,-32.925040801586,-60.661491126118,55.0,538.0,Municipio Rosario,Municipio,Rosario,820210,Servicio de Catastro e Información Territorial,IGN
2020,6598,2020-09-09,Miercoles,,17:05:00,,0.0,2,"Bicicleta,Automóvil",Av. Belgrano Y Buenos Aires,3,0,1,0,2,0,0,"-32.945535760591,-60.632212413664",Avenida,,ROSARIO,Rosario,Asfalto,No existe,II,Dentro,Urbana,Semáforo,Funciona,Intersección,Bueno,Buena,Diurna,Buen Tiempo,S/D,Ciclista,Atropello,Ninguna,"Horizontal,Vertical",Ninguna,Sin restricción,"-32.945535760591,-60.632212413664","['Belgrano', 'Buenos Aires']",2,,-32.945535760591,-60.632212413664,55.0,538.0,Municipio Rosario,Municipio,Rosario,820210,Servicio de Catastro e Información Territorial,IGN
2020,6605,2020-09-05,Sabado,,20:00:00,,0.0,2,"Automóvil,Moto/Ciclomotor",Alsina Y Montevideo,3,1,0,0,2,0,0,"-32.949289395452,-60.678848469718",Calle,,ROSARIO,Rosario,Asfalto,No existe,II,Dentro,Urbana,Ninguna,No existe,Intersección,Bueno,Buena,"Nocturna,Con luz artificial",Buen Tiempo,Lateral,S/D,Colisión,Ninguna,Faltante,Ninguna,Sin restricción,"-32.949289395452,-60.678848469718","['Alsina', 'Montevideo']",2,,-32.949289395452,-60.678848469718,55.0,538.0,Municipio Rosario,Municipio,Rosario,820210,Servicio de Catastro e Información Territorial,IGN
2020,6610,2020-09-14,Lunes,,12:50:00,,0.0,2,"Automóvil,Moto/Ciclomotor",Pascual Rosas Y Rioja,2,1,0,0,1,0,0,"-32.939007282257045,-60.68618059158",Calle,,ROSARIO,Rosario,Asfalto,No existe,II,Dentro,Urbana,Ninguna,No existe,Intersección,Bueno,Buena,Diurna,Buen Tiempo,Lateral,S/D,Colisión,Ninguna,Faltante,Ninguna,Sin restricción,"-32.939007282257045,-60.68618059158","['Pascual Rosas', 'Rioja']",2,,-32.939007282257045,-60.68618059158,55.0,538.0,Municipio Rosario,Municipio,Rosario,820210,Servicio de Catastro e Información Territorial,IGN