anio_acci,nro_acci,fecha,desc_dia,fecha_aprox,hora_aprox,desc_ruta,km,cant_participantes,desc_participante,calle_avenida_km,total,heridos_leves,heridos_graves,heridos_gravisimos,ilesos,fallecidos,sin_datos,posicion_XY,desc_tipo_via,desc_ruta_ori,desc_loc,desc_dpto,desc_tipo_calzada,desc_tipo_banquina,desc_unidad_regional,desc_lugar_calzada,desc_zona,desc_prioridad,desc_estado_semaforo,desc_lugar_via,desc_estado_via,desc_estado_visibilidad,desc_luminosidad,desc_estado_clima,desc_tipo_colision,desc_tipo_atropello,desc_tipo_hecho,desc_pres_calzada,desc_senializacion,desc_separacion_via,desc_restriccion,forma_geocod,calle_lista,numero_calles,calles_osm,lat,lon,index_right,gid,fna,gna,nam,in1,fdc,sag
2020,6612,2020-09-07,Lunes,,13:20:00,,0.0,2,"Taxi/Remis,Moto/Ciclomotor",Av. Pellegrini Y Castellanos,2,0,1,0,1,0,0,"-32.950597889504,-60.67775097215",Avenida,,ROSARIO,Rosario,Asfalto,No existe,II,Dentro,Urbana,Ninguna,Funciona,Intersección,Bueno,Buena,Diurna,Buen Tiempo,Lateral,S/D,Colisión,Ninguna,"Horizontal,Vertical",Cordón divisorio,Sin restricción,"-32.950597889504,-60.67775097215","['Pellegrini', 'Aaron Castellanos']",2,,-32.950597889504,-60.67775097215,55.0,538.0,Municipio Rosario,Municipio,Rosario,820210,Servicio de Catastro e Información Territorial,IGN
2020,6617,2020-09-07,Lunes,,11:20:00,,0.0,2,"Taxi/Remis,Automóvil",Av. F.Solano Lopez Y Bv. Oro�o,3,2,0,0,1,0,0,"-32.95817971229554,-60.656802356243",Avenida,,ROSARIO,Rosario,Asfalto,No existe,II,Dentro,Urbana,Paso Peatonal,No existe,Rotonda,Bueno,Buena,Diurna,Buen Tiempo,Lateral,S/D,Colisión,Ninguna,Horizontal,Ninguna,Sin restricción,"-32.95817971229554,-60.656802356243","['Solano Lopez', 'Bulevar Nicasio Oroño']",2,,-32.95817971229554,-60.656802356243,55.0,538.0,Municipio Rosario,Municipio,Rosario,820210,Servicio de Catastro e Información Territorial,IGN
2020,6621,2020-09-16,Miercoles,,12:20:00,,0.0,2,"Bicicleta,Automóvil",Bv. Oroño Y Urquiza,2,1,0,0,1,0,0,"-32.940256908817,-60.652311383458",Avenida,,ROSARIO,Rosario,Asfalto,No existe,II,Dentro,Urbana,Paso Peatonal,No existe,Recta,Bueno,Buena,Diurna,Buen Tiempo,S/D,Ciclista,Atropello,Ninguna,Horizontal,"Cordón divisorio,Vegetación",Sin restricción,"-32.940256908817,-60.652311383458","['Bulevar Nicasio Oroño', 'Urquiza']",2,,-32.940256908817,-60.652311383458,55.0,538.0,Municipio Rosario,Municipio,Rosario,820210,Servicio de Catastro e Información Territorial,IGN
2020,6622,2020-09-16,Miercoles,,21:15:00,,0.0,2,"Moto/Ciclomotor,Automóvil",Amenabar Y Santiago,2,1,0,0,1,0,0,"-32.968994408123,-60.662506330963",Calle,,ROSARIO,Rosario,Asfalto,No existe,II,Dentro,Urbana,Ninguna,No existe,Intersección,Bueno,Buena,"Nocturna,Con luz artificial",Buen Tiempo,Lateral,S/D,Colisión,Ninguna,Faltante,Ninguna,Sin restricción,"-32.968994408123,-60.662506330963","['Amenabar', 'Santiago']",2,,-32.968994408123,-60.662506330963,55.0,538.0,Municipio Rosario,Municipio,Rosario,820210,Servicio de Catastro e Información Territorial,IGN
2020,6624,2020-09-16,Miercoles,,17:05:00,,0.0,2,"Moto/Ciclomotor,Automóvil",Cordoba Y Rodriguez,3,1,0,0,2,0,0,"-32.94273820751,-60.658718879668",Calle,,ROSARIO,Rosario,Asfalto,No existe,II,Dentro,Urbana,Semáforo,Funciona,Intersección,Bueno,Buena,Diurna,Buen Tiempo,Lateral,S/D,Colisión,Ninguna,"Horizontal,Vertical",Ninguna,Sin restricción,"-32.94273820751,-60.658718879668","['Córdoba', 'Rodríguez']",2,,-32.94273820751,-60.658718879668,55.0,538.0,Municipio Rosario,Municipio,Rosario,820210,Servicio de Catastro e Información Territorial,IGN
2020,6627,2020-09-12,Sabado,,18:30:00,,0.0,2,"Automóvil,Bicicleta",J.M.de Rosas Y 3 De Febrero,2,1,0,0,1,0,0,"-32.953941822051966,-60.63285827636",Calle,,ROSARIO,Rosario,Asfalto,No existe,II,Dentro,Urbana,Paso Peatonal,No existe,Intersección,Bueno,Buena,Diurna,Buen Tiempo,S/D,Ciclista,Atropello,Ninguna,Horizontal,Ninguna,Sin restricción,"-32.953941822051966,-60.63285827636","['De Rosas', '3 de Febrero']",2,,-32.953941822051966,-60.63285827636,55.0,538.0,Municipio Rosario,Municipio,Rosario,820210,Servicio de Catastro e Información Territorial,IGN
2020,6629,2020-09-04,Viernes,,17:35:00,,0.0,2,"Automóvil,Moto/Ciclomotor",Iriondo Y San Juan,2,1,0,0,1,0,0,"-32.944523565496,-60.670537271639",Calle,,ROSARIO,Rosario,Asfalto,No existe,II,Dentro,Urbana,Ninguna,No existe,Intersección,Bueno,Buena,Diurna,Buen Tiempo,Lateral,S/D,Colisión,Ninguna,Horizontal,Ninguna,Sin restricción,"-32.944523565496,-60.670537271639","['Iriondo', 'San Juan']",2,,-32.944523565496,-60.670537271639,55.0,538.0,Municipio Rosario,Municipio,Rosario,820210,Servicio de Catastro e Información Territorial,IGN
2020,6630,2020-09-01,Martes,,17:15:00,,0.0,2,"Moto/Ciclomotor,Pickup/Utilitario",Diaz Velez Y Velez Sarsfield,2,1,0,0,1,0,0,"-32.92513489723202,-60.684710741043",Calle,,ROSARIO,Rosario,Asfalto,No existe,II,Dentro,Urbana,Ninguna,No existe,Intersección,Bueno,Buena,Diurna,Buen Tiempo,Lateral,S/D,Colisión,Ninguna,Faltante,Ninguna,Sin restricción,"-32.92513489723202,-60.684710741043","['Díaz Vélez', 'Vélez Sarsfield']",2,,-32.92513489723202,-60.684710741043,55.0,538.0,Municipio Rosario,Municipio,Rosario,820210,Servicio de Catastro e Información Territorial,IGN
2020,6631,2020-09-08,Martes,,07:30:00,,0.0,2,"Automóvil,Bicicleta",Av. Alberdi Bis Y J.J.Paso,2,1,0,0,1,0,0,"-32.919321, -60.682466",Avenida,,ROSARIO,Rosario,Asfalto,No existe,II,Dentro,Urbana,Semáforo,Funciona,Intersección,Bueno,Buena,Diurna,Buen Tiempo,S/D,Ciclista,Atropello,Ninguna,"Horizontal,Vertical",Cordón divisorio,Sin restricción,"-32.919321, -60.682466","['Alberdi', 'Paso']",2,,-32.919321,-60.682466,55.0,538.0,Municipio Rosario,Municipio,Rosario,820210,Servicio de Catastro e Información Territorial,IGN
2020,6632,2020-09-08,Martes,,14:30:00,,0.0,2,"Otros,Moto/Ciclomotor",Albert Sabin Y French,2,1,0,0,0,0,1,"-32.921051165895,-60.687646019274",Avenida,,ROSARIO,Rosario,Asfalto,No existe,II,Dentro,Urbana,Ninguna,No existe,Intersección,Bueno,Buena,Diurna,Buen Tiempo,S/D,S/D,Colisión,Ninguna,"Horizontal,Vertical",Ninguna,Sin restricción,"-32.921051165895,-60.687646019274","['Avenida Travesía Albert Sabin', 'French']",2,,-32.921051165895,-60.687646019274,55.0,538.0,Municipio Rosario,Municipio,Rosario,820210,Servicio de Catastro e Información Territorial,IGN
2020,6633,2020-09-09,Miercoles,,21:30:00,,0.0,2,"Automóvil,Peatón",M.Perdriel 2146,2,1,0,0,0,0,1,"-32.894924302993,-60.711085800888",Calle,,ROSARIO,Rosario,Asfalto,No existe,II,Dentro,Urbana,Ninguna,No existe,Recta,Bueno,Buena,"Nocturna,Con luz artificial",Buen Tiempo,S/D,Peatón,Atropello,Ninguna,Faltante,Ninguna,Sin restricción,"-32.894924302993,-60.711085800888",['M Perdriel 2146'],1,,-32.894924302993,-60.711085800888,55.0,538.0,Municipio Rosario,Municipio,Rosario,820210,Servicio de Catastro e Información Territorial,IGN
2020,6634,2020-09-23,Miercoles,,15:30:00,,0.0,2,"Automóvil,Moto/Ciclomotor",Grandoli Y Polledo,2,1,0,0,1,0,0,"-32.886786564874,-60.720496062921",Avenida,,ROSARIO,Rosario,Asfalto,No existe,II,Dentro,Urbana,Ninguna,No existe,Recta,Bueno,Buena,Diurna,Buen Tiempo,De alcance,S/D,Colisión,Ninguna,Faltante,Ninguna,Sin restricción,"-32.886786564874,-60.720496062921","['Avenida Abanderado Grandoli', 'Polledo']",2,,-32.886786564874,-60.720496062921,55.0,538.0,Municipio Rosario,Municipio,Rosario,820210,Servicio de Catastro e Información Territorial,IGN
2020,6638,2020-09-23,Miercoles,,15:58:00,,0.0,2,"Moto/Ciclomotor,Pickup/Utilitario",Av. Corrientes Y Uruguay,2,0,1,0,1,0,0,"-32.97602592673,-60.649989538804",Calle,,ROSARIO,Rosario,Asfalto,No existe,II,Dentro,Urbana,Ninguna,No existe,Intersección,Bueno,Buena,Diurna,Buen Tiempo,Lateral,S/D,Colisión,Ninguna,Faltante,Ninguna,Sin restricción,"-32.97602592673,-60.649989538804","['Corrientes', 'Uruguay']",2,,-32.97602592673,-60.649989538804,55.0,538.0,Municipio Rosario,Municipio,Rosario,820210,Servicio de Catastro e Información Territorial,IGN
2020,6640,2020-09-26,Sabado,,10:30:00,,0.0,2,"Automóvil,Pickup/Utilitario",Av. Corrientes Y Olegario V.Andrade,4,1,0,0,3,0,0,"-32.995992472933,-60.653525895541",Calle,,ROSARIO,Rosario,Asfalto,No existe,II,Dentro,Urbana,Ninguna,No existe,Intersección,Bueno,Buena,Diurna,Buen Tiempo,"Contra objeto fijo,Lateral",S/D,Colisión,Ninguna,Faltante,Ninguna,Sin restricción,"-32.995992472933,-60.653525895541","['Corrientes', 'Olegario V Andrade']",2,,-32.995992472933,-60.653525895541,55.0,538.0,Municipio Rosario,Municipio,Rosario,820210,Servicio de Catastro e Información Territorial,IGN
2020,6643,2020-09-22,Martes,,23:15:00,,0.0,2,"Bicicleta,Moto/Ciclomotor",Bv. Segui Y España,2,1,0,0,1,0,0,"-32.977469304047,-60.654700718744",Avenida,,ROSARIO,Rosario,Asfalto,No existe,II,Dentro,Urbana,Ninguna,Funciona,Intersección,Bueno,Buena,"Nocturna,Con luz artificial",Buen Tiempo,S/D,Ciclista,Atropello,Ninguna,"Horizontal,Vertical","Cordón divisorio,Línea divisoria pintada",Sin restricción,"-32.977469304047,-60.654700718744","['Bulevar Juan Francisco Seguí', 'España']",2,,-32.977469304047,-60.654700718744,55.0,538.0,Municipio Rosario,Municipio,Rosario,820210,Servicio de Catastro e Información Territorial,IGN
2020,6646,2020-09-03,Jueves,,16:50:00,,0.0,2,"Pickup/Utilitario,Moto/Ciclomotor",Av. Uriburu Y Necochea,2,1,0,0,1,0,0,"-32.990204104547,-60.634546392669",Avenida,,ROSARIO,Rosario,Asfalto,No existe,II,Dentro,Urbana,Ninguna,No existe,Intersección,Bueno,Buena,Diurna,Buen Tiempo,Lateral,S/D,Colisión,Ninguna,Faltante,Ninguna,Sin restricción,"-32.990204104547,-60.634546392669","['Uriburu', 'Necochea']",2,,-32.990204104547,-60.634546392669,55.0,538.0,Municipio Rosario,Municipio,Rosario,820210,Servicio de Catastro e Información Territorial,IGN
2020,6649,2020-09-21,Lunes,,11:15:00,,0.0,2,"Automóvil,Automóvil",Ameghino Y L.N.Alem,2,1,0,0,1,0,0,"-32.988863716933,-60.638540767707",Calle,,ROSARIO,Rosario,Asfalto,No existe,II,Dentro,Urbana,Ninguna,No existe,Intersección,Bueno,Buena,Diurna,Buen Tiempo,Lateral,S/D,Colisión,Ninguna,Faltante,Ninguna,Sin restricción,"-32.988863716933,-60.638540767707","['Ameghino', 'Alem']",2,,-32.988863716933,-60.638540767707,55.0,538.0,Municipio Rosario,Municipio,Rosario,820210,Servicio de Catastro e Información Territorial,IGN
2020,6652,2020-09-18,Viernes,,15:30:00,,0.0,2,"Camión Chasis,Moto/Ciclomotor",Mitre Y Pte.Roca,2,1,0,0,1,0,0,"-32.982264553201,-60.648624061132",Calle,,ROSARIO,Rosario,Asfalto,No existe,II,Dentro,Urbana,Ninguna,No existe,Intersección,Bueno,Buena,Diurna,Buen Tiempo,Lateral,S/D,Colisión,Ninguna,Faltante,Ninguna,Sin restricción,"-32.982264553201,-60.648624061132","['Mitre', 'Roca']",2,,-32.982264553201,-60.648624061132,55.0,538.0,Municipio Rosario,Municipio,Rosario,820210,Servicio de Catastro e Información Territorial,IGN
2020,6653,2020-09-19,Sabado,,20:20:00,,0.0,2,"Moto/Ciclomotor,Automóvil",Av. Arijon Y Av. Corrientes,3,2,0,0,1,0,0,"-33.003096515258,-60.653248692829",Calle,,ROSARIO,Rosario,Asfalto,No existe,II,Dentro,Urbana,Señal Pare,No existe,Intersección,Bueno,Buena,"Nocturna,Con luz artificial",Buen Tiempo,Lateral,S/D,Colisión,Ninguna,"Horizontal,Vertical",Línea divisoria pintada,Sin restricción,"-33.003096515258,-60.653248692829","['Avenida Manuel Arijón', 'Corrientes']",2,,-33.003096515258,-60.653248692829,55.0,538.0,Municipio Rosario,Municipio,Rosario,820210,Servicio de Catastro e Información Territorial,IGN
2020,6658,2020-09-19,Sabado,,18:00:00,,0.0,3,"Automóvil,Automóvil,Automóvil",Bv. Segui Y Italia,4,1,0,0,3,0,0,"-32.97728776931765,-60.656102299690",Avenida,,ROSARIO,Rosario,Asfalto,No existe,II,Dentro,Urbana,Ninguna,No existe,Intersección,Bueno,Buena,Diurna,Buen Tiempo,"De alcance,Múltiple",S/D,Colisión,Ninguna,Horizontal,Ninguna,Sin restricción,"-32.97728776931765,-60.656102299690","['Bulevar Juan Francisco Seguí', 'Italia']",2,,-32.97728776931765,-60.65610229969,55.0,538.0,Municipio Rosario,Municipio,Rosario,820210,Servicio de Catastro e Información Territorial,IGN
2020,6662,2020-09-19,Sabado,,13:37:00,,0.0,2,"Moto/Ciclomotor,Automóvil",Cepeda Y Reg.11 de Infanteria,2,1,0,0,1,0,0,"-32.998066989037,-60.625001627389",Calle,,ROSARIO,Rosario,Asfalto,No existe,II,Dentro,Urbana,Ninguna,No existe,Intersección,Bueno,Buena,Diurna,Buen Tiempo,Lateral,S/D,Colisión,Ninguna,Faltante,Ninguna,Sin restricción,"-32.998066989037,-60.625001627389","['Cepeda', 'Regimiento 11']",2,,-32.998066989037,-60.625001627389,55.0,538.0,Municipio Rosario,Municipio,Rosario,820210,Servicio de Catastro e Información Territorial,IGN
2020,6667,2020-09-13,Domingo,,15:20:00,,0.0,2,"Moto/Ciclomotor,Pickup/Utilitario",Chacabuco Y Dean Funes,2,1,0,0,1,0,0,"-32.978374028406,-60.630144400089",Calle,,ROSARIO,Rosario,Asfalto,No existe,II,Dentro,Urbana,Ninguna,No existe,Intersección,Bueno,Buena,Diurna,Buen Tiempo,Lateral,S/D,Colisión,Ninguna,Faltante,Ninguna,Sin restricción,"-32.978374028406,-60.630144400089","['Chacabuco', 'Deán Gregorio Funes']",2,,-32.978374028406,-60.630144400089,55.0,538.0,Municipio Rosario,Municipio,Rosario,820210,Servicio de Catastro e Información Territorial,IGN
2020,6671,2020-09-17,Jueves,,13:50:00,,0.0,2,"Automóvil,Automóvil",Buenos Aires Y Pje. Holmberg,3,1,0,0,2,0,0,"-32.994433, -60.644542",Calle,,ROSARIO,Rosario,Asfalto,No existe,II,Dentro,Urbana,Ninguna,No existe,Intersección,Bueno,Buena,Diurna,Buen Tiempo,Lateral,S/D,Colisión,Ninguna,Faltante,Ninguna,Sin restricción,"-32.994433, -60.644542","['Buenos Aires', 'Holmberg']",2,,-32.994433,-60.644542,55.0,538.0,Municipio Rosario,Municipio,Rosario,820210,Servicio de Catastro e Información Territorial,IGN
2020,6675,2020-09-10,Jueves,,20:15:00,,0.0,2,"Moto/Ciclomotor,Pickup/Utilitario",Cepeda Y Lamadrid,2,1,0,0,1,0,0,"-32.996359992544,-60.625070162872",Calle,,ROSARIO,Rosario,Asfalto,No existe,II,Dentro,Urbana,Ninguna,No existe,Intersección,Bueno,Buena,Nocturna,Buen Tiempo,Lateral,S/D,Colisión,Ninguna,Faltante,Ninguna,Sin restricción,"-32.996359992544,-60.625070162872","['Cepeda', 'Lamadrid']",2,,-32.996359992544,-60.625070162872,55.0,538.0,Municipio Rosario,Municipio,Rosario,820210,Servicio de Catastro e Información Territorial,IGN
2020,6677,2020-09-08,Martes,,08:45:00,,0.0,2,"Automóvil,Bicicleta",Italia Y Saavedra,2,1,0,0,1,0,0,"-32.976183147372,-60.655807071628",Calle,,ROSARIO,Rosario,Asfalto,No existe,II,Dentro,Urbana,Ninguna,No existe,Intersección,Bueno,Buena,Diurna,Buen Tiempo,S/D,Ciclista,Atropello,Ninguna,Faltante,Ninguna,Sin restricción,"-32.976183147372,-60.655807071628","['Italia', 'Saavedra']",2,,-32.976183147372,-60.655807071628,55.0,538.0,Municipio Rosario,Municipio,Rosario,820210,Servicio de Catastro e Información Territorial,IGN
2020,6680,2020-09-15,Martes,,15:40:00,,0.0,2,"Bicicleta,Moto/Ciclomotor",Alzugaray Y R.de Pineda,2,1,0,0,1,0,0,"-33.012966029246,-60.648192389364",Calle,,ROSARIO,Rosario,Asfalto,No existe,II,Dentro,Urbana,Ninguna,No existe,Intersección,Bueno,Buena,Diurna,Buen Tiempo,S/D,Ciclista,Atropello,Ninguna,Faltante,Ninguna,Sin restricción,"-33.012966029246,-60.648192389364","['Alzugaray', 'De Pineda']",2,,-33.012966029246,-60.648192389364,55.0,538.0,Municipio Rosario,Municipio,Rosario,820210,Servicio de Catastro e Información Territorial,IGN
2020,6681,2020-09-10,Jueves,,18:40:00,,0.0,2,"Moto/Ciclomotor,Automóvil",Galvez Y San Martin,2,1,0,0,1,0,0,"-32.969002651095,-60.642355543986",Avenida,,ROSARIO,Rosario,Asfalto,No existe,II,Dentro,Urbana,Semáforo,Funciona,Intersección,Bueno,Buena,Diurna,Buen Tiempo,Lateral,S/D,Colisión,Ninguna,"Horizontal,Vertical",Ninguna,Sin restricción,"-32.969002651095,-60.642355543986","['Galvez', 'San Martin']",2,,-32.969002651095,-60.642355543986,55.0,538.0,Municipio Rosario,Municipio,Rosario,820210,Servicio de Catastro e Información Territorial,IGN
2020,6682,2020-09-10,Jueves,,15:30:00,,0.0,2,"Moto/Ciclomotor,Taxi/Remis",Reg.11 de Infanteria Y San Martin,2,1,0,0,1,0,0,"-32.998782624044,-60.648531964436",Avenida,,ROSARIO,Rosario,Asfalto,No existe,II,Dentro,Urbana,Semáforo,Funciona,Intersección,Bueno,Buena,Diurna,Buen Tiempo,Lateral,S/D,Colisión,Ninguna,"Horizontal,Vertical",Ninguna,Sin restricción,"-32.998782624044,-60.648531964436","['Regimiento 11', 'San Martin']",2,,-32.998782624044,-60.648531964436,55.0,538.0,Municipio Rosario,Municipio,Rosario,820210,Servicio de Catastro e Información Territorial,IGN
2020,6683,2020-09-04,Viernes,,09:10:00,,0.0,2,"Bicicleta,Automóvil",España Y Mr.Ross,2,1,0,0,1,0,0,"-32.986772, -60.657022",Calle,,ROSARIO,Rosario,Asfalto,No existe,II,Dentro,Urbana,Ninguna,No existe,Intersección,Bueno,Buena,Diurna,Buen Tiempo,S/D,Ciclista,Atropello,Ninguna,Faltante,Ninguna,Sin restricción,"-32.986772, -60.657022","['España', 'Rodrigo M. Ross']",2,,-32.986772,-60.657022,55.0,538.0,Municipio Rosario,Municipio,Rosario,820210,Servicio de Catastro e Información Territorial,IGN
2020,6684,2020-09-08,Martes,,16:55:00,,0.0,2,"Moto/Ciclomotor,Automóvil",Buenos Aires Y Bv. Segui,6,2,1,0,3,0,0,"-32.98006653785708,-60.640915632247",Avenida,,ROSARIO,Rosario,Asfalto,No existe,II,Dentro,Urbana,Ninguna,No existe,Intersección,Bueno,Buena,Diurna,Buen Tiempo,Lateral,S/D,Colisión,Ninguna,Faltante,"Cordón divisorio,Vegetación",Sin restricción,"-32.98006653785708,-60.640915632247","['Buenos Aires', 'Bulevar Juan Francisco Seguí']",2,,-32.98006653785708,-60.640915632247,55.0,538.0,Municipio Rosario,Municipio,Rosario,820210,Servicio de Catastro e Información Territorial,IGN
2020,6687,2020-09-01,Martes,,10:30:00,,0.0,2,"Pickup/Utilitario,Moto/Ciclomotor",Dorrego Y 24 De Setiembre,4,2,0,0,2,0,0,"-32.97829627990719,-60.657727718353",Calle,,ROSARIO,Rosario,Asfalto,No existe,II,Dentro,Urbana,Señal Pare,No existe,Intersección,Bueno,Buena,Diurna,Buen Tiempo,Lateral,S/D,Colisión,Ninguna,Vertical,Ninguna,Sin restricción,"-32.97829627990719,-60.657727718353","['Dorrego', '24 de Septiembre']",2,,-32.97829627990719,-60.657727718353,55.0,538.0,Municipio Rosario,Municipio,Rosario,820210,Servicio de Catastro e Información Territorial,IGN
2020,6692,2020-09-08,Martes,,14:25:00,,0.0,2,"Moto/Ciclomotor,Automóvil",Av. Uriburu Y Paraguay,3,2,0,0,1,0,0,"-32.990858429232,-60.655165360792",Avenida,,ROSARIO,Rosario,Asfalto,No existe,II,Dentro,Urbana,Ninguna,No existe,Intersección,Bueno,Buena,Diurna,Buen Tiempo,Lateral,S/D,Colisión,Ninguna,Faltante,"Cordón divisorio,Vegetación",Sin restricción,"-32.990858429232,-60.655165360792","['Uriburu', 'Paraguay']",2,,-32.990858429232,-60.655165360792,55.0,538.0,Municipio Rosario,Municipio,Rosario,820210,Servicio de Catastro e Información Territorial,IGN
2020,6694,2020-09-11,Viernes,,09:00:00,,0.0,2,"Bicicleta,Automóvil",Bv. Oroño Y Pte.Quintana,2,1,0,0,1,0,0,"-32.979776759567,-60.662508428662",Avenida,,ROSARIO,Rosario,Asfalto,No existe,II,Dentro,Urbana,Semáforo,Funciona,Intersección,Bueno,Buena,Diurna,Buen Tiempo,S/D,Ciclista,Atropello,Ninguna,"Horizontal,Vertical","Cordón divisorio,Vegetación",Sin restricción,"-32.979776759567,-60.662508428662","['Bulevar Nicasio Oroño', 'Quintana']",2,,-32.979776759567,-60.662508428662,55.0,538.0,Municipio Rosario,Municipio,Rosario,820210,Servicio de Catastro e Información Territorial,IGN
2020,6696,2020-09-09,Miercoles,,18:35:00,,0.0,2,"Bicicleta,Automóvil",Entre Rios Y Garay,2,1,0,0,1,0,0,"-32.973980078356,-60.64802681995",Calle,,ROSARIO,Rosario,Asfalto,No existe,II,Dentro,Urbana,Ninguna,No existe,Intersección,Bueno,Buena,Atardecer,Buen Tiempo,S/D,Ciclista,Atropello,Ninguna,Horizontal,Ninguna,Sin restricción,"-32.973980078356,-60.64802681995","['Entre Ríos', 'Garay']",2,,-32.973980078356,-60.64802681995,55.0,538.0,Municipio Rosario,Municipio,Rosario,820210,Servicio de Catastro e Información Territorial,IGN
2020,6698,2020-09-04,Viernes,,11:30:00,,0.0,2,"Moto/Ciclomotor,Pickup/Utilitario",Ayacucho 5900,2,1,0,0,1,0,0,"-33.00489024525,-60.636036748886",Calle,,ROSARIO,Rosario,Asfalto,No existe,II,Dentro,Urbana,Ninguna,No existe,Intersección,Bueno,Buena,Diurna,Buen Tiempo,Lateral,S/D,Colisión,Ninguna,Faltante,Ninguna,Sin restricción,"-33.00489024525,-60.636036748886",['Ayacucho 5900'],1,,-33.00489024525,-60.636036748886,55.0,538.0,Municipio Rosario,Municipio,Rosario,820210,Servicio de Catastro e Información Territorial,IGN
2020,6701,2020-09-03,Jueves,,15:35:00,,0.0,2,"Automóvil,Taxi/Remis",Cabildo Y San Martin,3,1,0,0,2,0,0,"-33.007376257163,-60.650390180409",Avenida,,ROSARIO,Rosario,Asfalto,No existe,II,Dentro,Urbana,Ninguna,No existe,Recta,Bueno,Buena,Diurna,Buen Tiempo,De alcance,S/D,Colisión,Ninguna,Horizontal,Ninguna,Sin restricción,"-33.007376257163,-60.650390180409","['Cabildo', 'San Martin']",2,,-33.007376257163,-60.650390180409,55.0,538.0,Municipio Rosario,Municipio,Rosario,820210,Servicio de Catastro e Información Territorial,IGN
2020,6707,2020-09-17,Jueves,,18:45:00,,0.0,2,"Automóvil,Moto/Ciclomotor",Av. Battle y Ordo�ez Y Leiva,2,0,1,0,1,0,0,"-33.008629, -60.637642",Calle,,ROSARIO,Rosario,Asfalto,No existe,II,Dentro,Urbana,Ninguna,No existe,Intersección,Bueno,Buena,"Atardecer,Con luz artificial",Buen Tiempo,Lateral,S/D,Colisión,Ninguna,Vertical,Ninguna,Sin restricción,"-33.008629, -60.637642","['Avenida Battle y Ordoñez', 'Leiva']",2,,-33.008629,-60.637642,55.0,538.0,Municipio Rosario,Municipio,Rosario,820210,Servicio de Catastro e Información Territorial,IGN
2020,6710,2020-09-02,Miercoles,,22:30:00,,0.0,2,"Bicicleta,Automóvil",Biedma Y Chacabuco,2,1,0,0,1,0,0,"-32.984136, -60.631582",Calle,,ROSARIO,Rosario,Asfalto,No existe,II,Dentro,Urbana,Ninguna,No existe,Intersección,Bueno,Buena,"Nocturna,Con luz artificial",Buen Tiempo,S/D,Ciclista,Atropello,Ninguna,Faltante,Ninguna,Sin restricción,"-32.984136, -60.631582","['Coronel Biedma', 'Chacabuco']",2,,-32.984136,-60.631582,55.0,538.0,Municipio Rosario,Municipio,Rosario,820210,Servicio de Catastro e Información Territorial,IGN
2020,6712,2020-09-11,Viernes,,16:00:00,,0.0,2,"Moto/Ciclomotor,Automóvil",Amenabar Y L.N.Alem,3,2,0,0,1,0,0,"-32.973949538563,-60.63478419984",Calle,,ROSARIO,Rosario,Asfalto,No existe,II,Dentro,Urbana,Paso Peatonal,No existe,Intersección,Bueno,Buena,Diurna,Buen Tiempo,Lateral,S/D,Colisión,Ninguna,Horizontal,Ninguna,Sin restricción,"-32.973949538563,-60.63478419984","['Amenabar', 'Alem']",2,,-32.973949538563,-60.63478419984,55.0,538.0,Municipio Rosario,Municipio,Rosario,820210,Servicio de Catastro e Información Territorial,IGN
2020,6717,2020-09-24,Jueves,,16:20:00,,0.0,2,"Automóvil,Moto/Ciclomotor",Albert Sabin Y J.J.Paso,2,1,0,0,1,0,0,"-32.919534444808924,-60.68909883499",Avenida,,ROSARIO,Rosario,Asfalto,No existe,II,Dentro,Urbana,Semáforo,Funciona,Recta,Bueno,Buena,Diurna,Buen Tiempo,Frontal,S/D,Colisión,Ninguna,"Horizontal,Vertical",Cordón divisorio,Sin restricción,"-32.919534444808924,-60.68909883499","['Avenida Travesía Albert Sabin', 'Paso']",2,,-32.919534444808924,-60.68909883499,55.0,538.0,Municipio Rosario,Municipio,Rosario,820210,Servicio de Catastro e Información Territorial,IGN