anio_acci,nro_acci,fecha,desc_dia,fecha_aprox,hora_aprox,desc_ruta,km,cant_participantes,desc_participante,calle_avenida_km,total,heridos_leves,heridos_graves,heridos_gravisimos,ilesos,fallecidos,sin_datos,posicion_XY,desc_tipo_via,desc_ruta_ori,desc_loc,desc_dpto,desc_tipo_calzada,desc_tipo_banquina,desc_unidad_regional,desc_lugar_calzada,desc_zona,desc_prioridad,desc_estado_semaforo,desc_lugar_via,desc_estado_via,desc_estado_visibilidad,desc_luminosidad,desc_estado_clima,desc_tipo_colision,desc_tipo_atropello,desc_tipo_hecho,desc_pres_calzada,desc_senializacion,desc_separacion_via,desc_restriccion,forma_geocod,calle_lista,numero_calles,calles_osm,lat,lon,index_right,gid,fna,gna,nam,in1,fdc,sag
2020,6722,2020-09-15,Martes,,22:30:00,,0.0,2,"Moto/Ciclomotor,Moto/Ciclomotor",BV BOUCHARD Y PASAJE 1353,3,2,1,0,0,0,0,"-32.890513, -60.736112",Avenida,,ROSARIO,Rosario,Asfalto,No existe,II,Dentro,Urbana,Ninguna,No existe,Intersección,Bueno,Buena,Diurna,Buen Tiempo,Lateral,S/D,Colisión,Ninguna,Faltante,Ninguna,Sin restricción,"-32.890513, -60.736112","['Bouchard', 'Calle 1353']",2,,-32.890513,-60.736112,55.0,538.0,Municipio Rosario,Municipio,Rosario,820210,Servicio de Catastro e Información Territorial,IGN
2020,6725,2020-09-24,Jueves,,16:05:00,,0.0,2,"Moto/Ciclomotor,Automóvil",Ayacucho Y Reg.11 de Infanteria,3,1,1,0,1,0,0,"-32.998413033264,-60.636532123609",Calle,,ROSARIO,Rosario,Asfalto,No existe,II,Dentro,Urbana,Paso Peatonal,No existe,Intersección,Bueno,Buena,Diurna,Buen Tiempo,Lateral,S/D,Colisión,Ninguna,Horizontal,Ninguna,Sin restricción,"-32.998413033264,-60.636532123609","['Ayacucho', 'Regimiento 11']",2,,-32.998413033264,-60.636532123609,55.0,538.0,Municipio Rosario,Municipio,Rosario,820210,Servicio de Catastro e Información Territorial,IGN
2020,6728,2020-09-30,Miercoles,,14:00:00,,0.0,2,"Moto/Ciclomotor,Automóvil",Pasco Y Pte.Roca,2,1,0,0,1,0,0,"-32.95832511538,-60.648428897269",Calle,,ROSARIO,Rosario,Asfalto,No existe,II,Dentro,Urbana,Señal Pare,No existe,Intersección,Bueno,Buena,Diurna,Buen Tiempo,Lateral,S/D,Colisión,Ninguna,Vertical,Ninguna,Sin restricción,"-32.95832511538,-60.648428897269","['Pasco', 'Roca']",2,,-32.95832511538,-60.648428897269,55.0,538.0,Municipio Rosario,Municipio,Rosario,820210,Servicio de Catastro e Información Territorial,IGN
2020,6736,2020-09-21,Lunes,,23:00:00,,0.0,2,"Automóvil,Moto/Ciclomotor",Bv. Rondeau Y Vucetich,2,1,0,0,0,0,1,"-32.885715172315,-60.694896983303",Avenida,,ROSARIO,Rosario,Asfalto,S/D,II,Dentro,Urbana,Ninguna,S/D,Intersección,Bueno,S/D,Diurna,Buen Tiempo,Lateral,S/D,Colisión,Ninguna,Faltante,Ninguna,Sin restricción,"-32.885715172315,-60.694896983303","['Rondeau', 'Vucetich']",2,,-32.885715172315,-60.694896983303,55.0,538.0,Municipio Rosario,Municipio,Rosario,820210,Servicio de Catastro e Información Territorial,IGN
2020,6759,2020-09-05,Sabado,,09:10:00,,0.0,2,"Automóvil,Bicicleta",Baigorria Y Valentin Gomez,2,1,0,0,1,0,0,"-32.892569, -60.697965",Calle,,ROSARIO,Rosario,Asfalto,No existe,II,Dentro,Urbana,Señal Pare,No existe,Intersección,Bueno,Buena,Diurna,S/D,S/D,S/D,Atropello,Ninguna,Vertical,Ninguna,Sin restricción,"-32.892569, -60.697965","['Baigorria', 'Valentín Gómez']",2,,-32.892569,-60.697965,55.0,538.0,Municipio Rosario,Municipio,Rosario,820210,Servicio de Catastro e Información Territorial,IGN
2020,6762,2020-09-14,Lunes,,19:00:00,,0.0,2,"Automóvil,Moto/Ciclomotor",Baigorria Y Casiano Casas,2,1,0,0,1,0,0,"-32.893905268895,-60.716308961853",Calle,,ROSARIO,Rosario,Asfalto,No existe,II,Dentro,Urbana,Semáforo,Funciona,Intersección,Bueno,Buena,Atardecer,Buen Tiempo,Lateral,S/D,Colisión,Ninguna,"Horizontal,Vertical",Ninguna,Sin restricción,"-32.893905268895,-60.716308961853","['Baigorria', 'Avenida Casiano Casas']",2,,-32.893905268895,-60.716308961853,55.0,538.0,Municipio Rosario,Municipio,Rosario,820210,Servicio de Catastro e Información Territorial,IGN
2020,6765,2020-09-07,Lunes,,16:00:00,,0.0,2,"Moto/Ciclomotor,Automóvil",Albert Sabin Y Av. Genova,2,1,0,0,1,0,0,"-32.915336923422,-60.690909003441",Avenida,,ROSARIO,Rosario,Asfalto,No existe,II,Dentro,Urbana,Semáforo,Funciona,Intersección,Bueno,Buena,Diurna,Buen Tiempo,Lateral,S/D,Colisión,Ninguna,"Horizontal,Vertical","Cordón divisorio,Vegetación",Sin restricción,"-32.915336923422,-60.690909003441","['Avenida Travesía Albert Sabin', 'Genova']",2,,-32.915336923422,-60.690909003441,55.0,538.0,Municipio Rosario,Municipio,Rosario,820210,Servicio de Catastro e Información Territorial,IGN
2020,6767,2020-09-18,Viernes,,06:45:00,,0.0,2,"Automóvil,Moto/Ciclomotor",Av. Sorrento Y Pacheco,2,1,0,0,1,0,0,"-32.907244993606,-60.693360533576",Avenida,,ROSARIO,Rosario,Asfalto,No existe,II,Dentro,Urbana,Ninguna,Funciona,Intersección,Bueno,Buena,Diurna,Buen Tiempo,Lateral,S/D,Colisión,Ninguna,"Horizontal,Vertical",Cordón divisorio,Sin restricción,"-32.907244993606,-60.693360533576","['Sorrento', 'Ángel Pacheco']",2,,-32.907244993606,-60.693360533576,55.0,538.0,Municipio Rosario,Municipio,Rosario,820210,Servicio de Catastro e Información Territorial,IGN
2020,6768,2020-09-11,Viernes,,12:56:00,,0.0,2,"Automóvil,Moto/Ciclomotor",Av. Genova Y Victor Mercante,2,0,1,0,1,0,0,"-32.915146790614,-60.684149841136",Avenida,,ROSARIO,Rosario,Asfalto,No existe,II,Dentro,Urbana,Otra Señal,No existe,Intersección,Bueno,Buena,Diurna,Buen Tiempo,Lateral,S/D,Colisión,Ninguna,Vertical,Ninguna,Sin restricción,"-32.915146790614,-60.684149841136","['Genova', 'Víctor Mercante']",2,,-32.915146790614,-60.684149841136,55.0,538.0,Municipio Rosario,Municipio,Rosario,820210,Servicio de Catastro e Información Territorial,IGN
2020,6771,2020-09-21,Lunes,,18:20:00,,0.0,2,"Moto/Ciclomotor,Moto/Ciclomotor",Baigorria Y Pizurno,3,3,0,0,0,0,0,"-32.893792, -60.711768",Calle,,ROSARIO,Rosario,Asfalto,No existe,II,Dentro,Urbana,Ninguna,No existe,Recta,Bueno,Buena,Diurna,Buen Tiempo,De alcance,S/D,Colisión,Ninguna,Faltante,Ninguna,Sin restricción,"-32.893792, -60.711768","['Baigorria', 'Pablo Pizzurno']",2,,-32.893792,-60.711768,55.0,538.0,Municipio Rosario,Municipio,Rosario,820210,Servicio de Catastro e Información Territorial,IGN
2020,6802,2020-09-30,Miercoles,,,,0.0,1,Bicicleta,Mendoza Y Pje. T.Guido,1,1,0,0,0,0,0,"-32.940847618399,-60.699156653666",Calle,,ROSARIO,Rosario,Asfalto,No existe,II,Dentro,Urbana,Señal Pare,No existe,Intersección,S/D,S/D,S/D,S/D,S/D,S/D,Cañda ocupante,S/D,"Horizontal,Vertical",Cordón divisorio,S/D,"-32.940847618399,-60.699156653666","['Mendoza', 'Guido']",2,,-32.940847618399,-60.699156653666,55.0,538.0,Municipio Rosario,Municipio,Rosario,820210,Servicio de Catastro e Información Territorial,IGN
2020,6820,2020-06-08,Lunes,,08:35:00,,0.0,2,"Automóvil,Moto/Ciclomotor",Montevideo 4400,2,1,0,0,1,0,0,"-32.94806079454,-60.685651564469",Calle,,ROSARIO,Rosario,Asfalto,No existe,II,Dentro,Urbana,Ninguna,No existe,Intersección,Bueno,Buena,Diurna,Buen Tiempo,S/D,S/D,Colisión,Ninguna,Faltante,Ninguna,Sin restricción,"-32.94806079454,-60.685651564469",['Montevideo 4400'],1,,-32.94806079454,-60.685651564469,55.0,538.0,Municipio Rosario,Municipio,Rosario,820210,Servicio de Catastro e Información Territorial,IGN
2020,6822,2020-09-29,Martes,,15:15:00,,0.0,2,"Automóvil,Bicicleta",Av. de los Trabajadores Y Av. Frondizi A,2,1,0,0,1,0,0,"-32.911876119312,-60.675824729036",Avenida,,ROSARIO,Rosario,Asfalto,No existe,II,Dentro,Urbana,Semáforo,Funciona,Intersección,S/D,S/D,Diurna,S/D,S/D,Ciclista,Atropello,S/D,Vertical,Cordón divisorio,S/D,"-32.911876119312,-60.675824729036","['De Los Trabajadores', 'Frondizi']",2,,-32.911876119312,-60.675824729036,55.0,538.0,Municipio Rosario,Municipio,Rosario,820210,Servicio de Catastro e Información Territorial,IGN
2020,6823,2020-09-14,Lunes,,04:20:00,,0.0,2,"Automóvil,Vehículo Oficial",AV SORRENTO  Y JUAN PABLO II,3,3,0,0,0,0,0,"-32.908231, -60.722700",Avenida,,ROSARIO,Rosario,Asfalto,No existe,II,Dentro,Urbana,Semáforo,Funciona,Intersección,Bueno,Buena,"Nocturna,Con luz artificial",S/D,Lateral,S/D,"Colisión,Vuelco",Ninguna,"Horizontal,Vertical",Cordón divisorio,Sin restricción,"-32.908231, -60.722700","['Sorrento', 'Juan Pablo II']",2,,-32.908231,-60.7227,55.0,538.0,Municipio Rosario,Municipio,Rosario,820210,Servicio de Catastro e Información Territorial,IGN
2020,6830,2020-09-18,Viernes,,,,0.0,2,"Bicicleta,Camión c / Acoplado",Alsina Y Av. Pte.Peron,2,1,0,0,0,0,1,"-32.957206835181,-60.680856249925",Avenida,,ROSARIO,Rosario,Asfalto,No existe,II,Dentro,Urbana,Semáforo,Funciona,Recta,Bueno,S/D,S/D,S/D,S/D,Ciclista,Atropello,Ninguna,"Horizontal,Vertical",Cordón divisorio,Sin restricción,"-32.957206835181,-60.680856249925","['Alsina', 'Avenida Presidente Perón']",2,,-32.957206835181,-60.680856249925,55.0,538.0,Municipio Rosario,Municipio,Rosario,820210,Servicio de Catastro e Información Territorial,IGN
2020,6850,2020-09-19,Sabado,,02:55:00,,0.0,1,Moto/Ciclomotor,J.B.Justo Y Ottone Bis,1,1,0,0,0,0,0,"-32.91456636004,-60.701047328128",Calle,,ROSARIO,Rosario,Asfalto,No existe,II,Dentro,Urbana,Ninguna,No existe,Recta,Bueno,S/D,"Nocturna,Con luz artificial",S/D,S/D,S/D,Cañda ocupante,Ninguna,Faltante,Ninguna,Sin restricción,"-32.91456636004,-60.701047328128","['Justo', 'Ottone']",2,,-32.91456636004,-60.701047328128,55.0,538.0,Municipio Rosario,Municipio,Rosario,820210,Servicio de Catastro e Información Territorial,IGN
2020,6851,2020-09-19,Sabado,,,,0.0,2,"Peatón,Automóvil",Bv. Oroño 4500,2,0,1,0,0,0,1,"-32.986666811322,-60.664245678076",Avenida,,ROSARIO,Rosario,Asfalto,No existe,II,Dentro,Urbana,Semáforo,Funciona,Recta,Bueno,S/D,S/D,S/D,S/D,Peatón,Atropello,Ninguna,"Horizontal,Vertical","Cordón divisorio,Vegetación",Sin restricción,"-32.986666811322,-60.664245678076",['Nicasio Oroñoño 4500'],1,,-32.986666811322,-60.664245678076,55.0,538.0,Municipio Rosario,Municipio,Rosario,820210,Servicio de Catastro e Información Territorial,IGN
2020,6852,2020-09-27,Domingo,,06:15:00,,0.0,2,"Vehículo Oficial,Automóvil",Garibaldi Y Italia,2,1,0,0,1,0,0,"-32.984214384882,-60.657827775478",Calle,,ROSARIO,Rosario,Asfalto,No existe,II,Dentro,Urbana,Ninguna,No existe,Intersección,S/D,S/D,Nocturna,S/D,S/D,S/D,Colisión,S/D,Faltante,Ninguna,S/D,"-32.984214384882,-60.657827775478","['José Garibaldi', 'Italia']",2,,-32.984214384882,-60.657827775478,55.0,538.0,Municipio Rosario,Municipio,Rosario,820210,Servicio de Catastro e Información Territorial,IGN
2020,6856,2020-05-16,Sabado,,12:00:00,,0.0,2,"Bicicleta,Moto/Ciclomotor",Amenabar Y F.More,2,0,1,0,0,0,1,"-32.96348, -60.69286",Calle,,ROSARIO,Rosario,Asfalto,S/D,II,S/D,Urbana,S/D,S/D,Intersección,S/D,S/D,S/D,S/D,S/D,Ciclista,Atropello,S/D,S/D,S/D,S/D,"-32.96348, -60.69286","['Amenabar', 'Felipe Moré']",2,,-32.96348,-60.69286,55.0,538.0,Municipio Rosario,Municipio,Rosario,820210,Servicio de Catastro e Información Territorial,IGN
2020,6857,2020-10-09,Viernes,,00:15:00,,0.0,2,"Moto/Ciclomotor,Automóvil",Bv. 27 De Febrero ,2,1,0,0,0,0,1,"-32.96241, -60.67278",Calle,,ROSARIO,Rosario,S/D,S/D,II,S/D,Urbana,S/D,S/D,S/D,S/D,S/D,S/D,S/D,S/D,S/D,Colisión,S/D,S/D,S/D,S/D,"-32.96241, -60.67278",['27 de Febrero'],1,,-32.96241,-60.67278,55.0,538.0,Municipio Rosario,Municipio,Rosario,820210,Servicio de Catastro e Información Territorial,IGN
2020,6858,2020-11-16,Lunes,,14:30:00,,0.0,2,"Moto/Ciclomotor,Automóvil",Bv. Avellaneda Bis 579,2,0,1,0,1,0,0,"-32.92104, -60.67463",Avenida,,ROSARIO,Rosario,S/D,S/D,II,S/D,Urbana,S/D,S/D,Intersección,S/D,S/D,Diurna,S/D,De alcance,S/D,Colisión,S/D,S/D,S/D,S/D,"-32.92104, -60.67463",['Avellaneda Bis 579'],1,,-32.92104,-60.67463,55.0,538.0,Municipio Rosario,Municipio,Rosario,820210,Servicio de Catastro e Información Territorial,IGN
2020,6874,2020-09-24,Jueves,,,,0.0,2,"Moto/Ciclomotor,Moto/Ciclomotor",Av. Ovidio Lagos Y Galvez,2,2,0,0,0,0,0,"-32.964604866569,-60.666963095499",Avenida,,ROSARIO,Rosario,Asfalto,No existe,II,Dentro,Urbana,Semáforo,Funciona,Intersección,Bueno,Buena,S/D,Buen Tiempo,Contra objeto fijo,S/D,Colisión,Ninguna,"Horizontal,Vertical","Cordón divisorio,Línea divisoria pintada",Sin restricción,"-32.964604866569,-60.666963095499","['Avenida Ovidio Lagos', 'Galvez']",2,,-32.964604866569,-60.666963095499,55.0,538.0,Municipio Rosario,Municipio,Rosario,820210,Servicio de Catastro e Información Territorial,IGN
2020,6875,2020-09-24,Jueves,,23:00:00,,0.0,2,"Pickup/Utilitario,Moto/Ciclomotor",G.Carrasco Y Martin Fierro,3,2,0,0,1,0,0,"-32.876059613517,-60.688254343803",Calle,,ROSARIO,Rosario,Asfalto,No existe,II,Dentro,Urbana,Semáforo,Funciona,Intersección,Bueno,Buena,"Nocturna,Con luz artificial",Buen Tiempo,S/D,S/D,Colisión,Ninguna,"Horizontal,Vertical","Cordón divisorio,Vegetación,Línea divisoria pintada",Sin restricción,"-32.876059613517,-60.688254343803","['Carrasco', 'Martin Fierro']",2,,-32.876059613517,-60.688254343803,55.0,538.0,Municipio Rosario,Municipio,Rosario,820210,Servicio de Catastro e Información Territorial,IGN
2020,6878,2020-09-23,Miercoles,,21:15:00,,0.0,2,"Automóvil,Moto/Ciclomotor",Av. Pte.Peron Y Pascual Rosas,2,1,0,0,1,0,0,"-32.958396795739,-60.691110316298",Avenida,,ROSARIO,Rosario,Asfalto,No existe,II,Dentro,Urbana,Semáforo,Funciona,Intersección,Bueno,Buena,Diurna,Buen Tiempo,S/D,S/D,Colisión,Ninguna,"Horizontal,Vertical","Cordón divisorio,Línea divisoria pintada",Sin restricción,"-32.958396795739,-60.691110316298","['Avenida Presidente Perón', 'Pascual Rosas']",2,,-32.958396795739,-60.691110316298,55.0,538.0,Municipio Rosario,Municipio,Rosario,820210,Servicio de Catastro e Información Territorial,IGN
2020,6972,2020-09-19,Sabado,,09:00:00,,0.0,1,Automóvil,Bv. Segui Y Santiago,1,0,1,0,0,0,0,"-32.975961253732,-60.664251203143",Avenida,,ROSARIO,Rosario,Asfalto,No existe,II,Dentro,Urbana,Paso Peatonal,No existe,Intersección,Bueno,Buena,Diurna,Buen Tiempo,Contra objeto fijo,S/D,Colisión,Ninguna,Horizontal,"Cordón divisorio,Línea divisoria pintada",Sin restricción,"-32.975961253732,-60.664251203143","['Bulevar Juan Francisco Seguí', 'Santiago']",2,,-32.975961253732,-60.664251203143,55.0,538.0,Municipio Rosario,Municipio,Rosario,820210,Servicio de Catastro e Información Territorial,IGN
2020,7016,2020-09-06,Domingo,,21:30:00,,0.0,1,Moto/Ciclomotor,Suipacha 1400,1,1,0,0,0,0,0,"-32.949180621066,-60.66603930094",Calle,,ROSARIO,Rosario,Asfalto,No existe,II,Dentro,Urbana,Ninguna,No existe,Intersección,Bueno,Buena,Diurna,Buen Tiempo,S/D,S/D,Despiste,Ninguna,Faltante,Ninguna,Sin restricción,"-32.949180621066,-60.66603930094",['Suipacha 1400'],1,,-32.949180621066,-60.66603930094,55.0,538.0,Municipio Rosario,Municipio,Rosario,820210,Servicio de Catastro e Información Territorial,IGN
2020,7017,2020-09-07,Lunes,,16:30:00,,0.0,1,Moto/Ciclomotor,Bv. Avellaneda Y Uruguay,1,1,0,0,0,0,0,"-32.969448360022,-60.686684675092",Avenida,,ROSARIO,Rosario,Asfalto,No existe,II,Dentro,Urbana,Semáforo,Funciona,Intersección,Bueno,Buena,Diurna,Buen Tiempo,S/D,S/D,Despiste,Ninguna,"Horizontal,Vertical","Cordón divisorio,Línea divisoria pintada",Sin restricción,"-32.969448360022,-60.686684675092","['Avellaneda', 'Uruguay']",2,,-32.969448360022,-60.686684675092,55.0,538.0,Municipio Rosario,Municipio,Rosario,820210,Servicio de Catastro e Información Territorial,IGN
2020,7019,2020-09-08,Martes,,00:05:00,,0.0,2,"Automóvil,Moto/Ciclomotor",Av. Francia Y Saavedra,2,1,0,0,1,0,0,"-32.972998062468,-60.673592304742",Calle,,ROSARIO,Rosario,Asfalto,No existe,II,Dentro,Urbana,Paso Peatonal,No existe,Intersección,Bueno,Buena,Diurna,Buen Tiempo,S/D,S/D,Colisión,Ninguna,Horizontal,"Cordón divisorio,Vegetación,Línea divisoria pintada",Sin restricción,"-32.972998062468,-60.673592304742","['Avenida Francia', 'Saavedra']",2,,-32.972998062468,-60.673592304742,55.0,538.0,Municipio Rosario,Municipio,Rosario,820210,Servicio de Catastro e Información Territorial,IGN
2020,7020,2020-09-09,Miercoles,,17:50:00,,0.0,1,Automóvil,Bv. 27 De Febrero ,1,1,0,0,0,0,0,"-32.958746514193,-60.693637918716",Avenida,,ROSARIO,Rosario,S/D,S/D,II,Dentro,Urbana,S/D,S/D,S/D,S/D,S/D,Diurna,S/D,S/D,S/D,Otro,S/D,S/D,S/D,S/D,"-32.958746514193,-60.693637918716",['27 de Febrero'],1,,-32.958746514193,-60.693637918716,55.0,538.0,Municipio Rosario,Municipio,Rosario,820210,Servicio de Catastro e Información Territorial,IGN
2020,7022,2020-09-11,Viernes,,12:00:00,,0.0,2,"Automóvil,Bicicleta",Rueda Y San Martin,2,1,0,0,0,0,1,"-32.971292714135,-60.642927605346",Calle,,ROSARIO,Rosario,Asfalto,No existe,II,Dentro,Urbana,Semáforo,Funciona,Intersección,Bueno,Buena,Diurna,Buen Tiempo,S/D,S/D,Colisión,Ninguna,"Horizontal,Vertical",Línea divisoria pintada,Sin restricción,"-32.971292714135,-60.642927605346","['Rueda', 'San Martin']",2,,-32.971292714135,-60.642927605346,55.0,538.0,Municipio Rosario,Municipio,Rosario,820210,Servicio de Catastro e Información Territorial,IGN
2020,7023,2020-09-11,Viernes,,22:00:00,,0.0,1,Moto/Ciclomotor,Laprida Y Mendoza,1,1,0,0,0,0,0,"-32.952224080563,-60.635328172835",Calle,,ROSARIO,Rosario,Asfalto,No existe,II,Dentro,Urbana,Ninguna,No existe,Intersección,Bueno,Buena,Diurna,Buen Tiempo,S/D,S/D,Despiste,Ninguna,Faltante,Ninguna,Sin restricción,"-32.952224080563,-60.635328172835","['Laprida', 'Mendoza']",2,,-32.952224080563,-60.635328172835,55.0,538.0,Municipio Rosario,Municipio,Rosario,820210,Servicio de Catastro e Información Territorial,IGN
2020,7024,2020-09-12,Sabado,,13:30:00,,0.0,1,Moto/Ciclomotor,Bv. 27 De Febrero ,1,1,0,0,0,0,0,"-32.958746514193,-60.693637918716",Avenida,,ROSARIO,Rosario,S/D,S/D,II,Dentro,Urbana,S/D,S/D,Intersección,S/D,S/D,Diurna,S/D,S/D,S/D,Despiste,S/D,S/D,S/D,S/D,"-32.958746514193,-60.693637918716",['27 de Febrero'],1,,-32.958746514193,-60.693637918716,55.0,538.0,Municipio Rosario,Municipio,Rosario,820210,Servicio de Catastro e Información Territorial,IGN
2020,7025,2020-09-12,Sabado,,18:50:00,,0.0,2,"Automóvil,Automóvil",Junin Y Matienzo,3,1,0,0,0,0,2,"-32.927095399177,-60.695185331556",Calle,,ROSARIO,Rosario,Asfalto,No existe,II,Dentro,Urbana,Ninguna,No existe,Intersección,Bueno,Buena,Diurna,Buen Tiempo,S/D,S/D,Colisión,Ninguna,Faltante,Ninguna,Sin restricción,"-32.927095399177,-60.695185331556","['Junín', 'Matienzo']",2,,-32.927095399177,-60.695185331556,55.0,538.0,Municipio Rosario,Municipio,Rosario,820210,Servicio de Catastro e Información Territorial,IGN
2020,7026,2020-09-12,Sabado,,19:30:00,,0.0,1,Moto/Ciclomotor, ,1,1,0,0,0,0,0,"-32.95817760227484,-60.666264034822",S/D,,ROSARIO,Rosario,S/D,S/D,II,S/D,S/D,S/D,S/D,S/D,S/D,S/D,Nocturna,S/D,S/D,S/D,Despiste,S/D,S/D,S/D,S/D,"-32.95817760227484,-60.666264034822",[''],0,,-32.95817760227484,-60.666264034822,55.0,538.0,Municipio Rosario,Municipio,Rosario,820210,Servicio de Catastro e Información Territorial,IGN
2020,7027,2020-09-12,Sabado,,20:45:00,,0.0,1,Moto/Ciclomotor,Curupay Bis Y Roullon,1,1,0,0,0,0,0,"-32.968894924671,-60.701144583618",Avenida,,ROSARIO,Rosario,Asfalto,No existe,II,Dentro,Urbana,Paso Peatonal,No existe,Intersección,Bueno,Buena,Diurna,Buen Tiempo,S/D,S/D,Despiste,Ninguna,Horizontal,Línea divisoria pintada,Sin restricción,"-32.968894924671,-60.701144583618","['Curupay', 'Alfredo Rouillón']",2,,-32.968894924671,-60.701144583618,55.0,538.0,Municipio Rosario,Municipio,Rosario,820210,Servicio de Catastro e Información Territorial,IGN
2020,7028,2020-09-12,Sabado,,18:00:00,,0.0,1,Moto/Ciclomotor,Bv. 27 De Febrero Y Bv. Oro�o,1,1,0,0,0,0,0,"-32.964828473776,-60.658500919693",Avenida,,ROSARIO,Rosario,Asfalto,No existe,II,Dentro,Urbana,Semáforo,Funciona,Intersección,Bueno,Buena,Diurna,Buen Tiempo,S/D,S/D,Despiste,Ninguna,"Horizontal,Vertical","Cordón divisorio,Vegetación,Línea divisoria pintada",Sin restricción,"-32.964828473776,-60.658500919693","['27 de Febrero', 'Bulevar Nicasio Oroño']",2,,-32.964828473776,-60.658500919693,55.0,538.0,Municipio Rosario,Municipio,Rosario,820210,Servicio de Catastro e Información Territorial,IGN
2020,7029,2020-09-10,Jueves,,22:00:00,,0.0,1,Automóvil,Av. Pellegrini Y San Nicolas,2,1,0,0,0,0,1,"-32.951085897863,-60.675030634797",Avenida,,ROSARIO,Rosario,Asfalto,No existe,II,Dentro,Urbana,Semáforo,Funciona,Intersección,Bueno,Buena,Diurna,Buen Tiempo,S/D,S/D,Otro,Ninguna,"Horizontal,Vertical","Cordón divisorio,Vegetación,Línea divisoria pintada",Sin restricción,"-32.951085897863,-60.675030634797","['Pellegrini', 'San Nicolás']",2,,-32.951085897863,-60.675030634797,55.0,538.0,Municipio Rosario,Municipio,Rosario,820210,Servicio de Catastro e Información Territorial,IGN
2020,7030,2020-09-13,Domingo,,00:05:00,,0.0,1,Moto/Ciclomotor,Bv. 27 De Febrero ,1,1,0,0,0,0,0,"-32.958746514193,-60.693637918716",Avenida,,ROSARIO,Rosario,S/D,S/D,II,Dentro,Urbana,S/D,S/D,Intersección,S/D,S/D,Nocturna,S/D,S/D,S/D,Despiste,S/D,S/D,S/D,S/D,"-32.958746514193,-60.693637918716",['27 de Febrero'],1,,-32.958746514193,-60.693637918716,55.0,538.0,Municipio Rosario,Municipio,Rosario,820210,Servicio de Catastro e Información Territorial,IGN
2020,7031,2020-09-13,Domingo,,19:00:00,,0.0,2,"Moto/Ciclomotor,Automóvil",Av. Provincias Unidas Y Av. Sorrento,2,1,0,0,0,0,1,"-32.907949730894,-60.713804056287",Avenida,,ROSARIO,Rosario,Asfalto,No existe,II,Dentro,Urbana,Ninguna,No existe,Rotonda,Bueno,Buena,Diurna,Buen Tiempo,S/D,S/D,Colisión,Ninguna,Horizontal,"Guardarrail,Línea divisoria pintada",Sin restricción,"-32.907949730894,-60.713804056287","['Avenida Provincias Unidas', 'Sorrento']",2,,-32.907949730894,-60.713804056287,55.0,538.0,Municipio Rosario,Municipio,Rosario,820210,Servicio de Catastro e Información Territorial,IGN
2020,7032,2020-09-13,Domingo,,23:00:00,,0.0,2,"Automóvil,Bicicleta",Chubut Y Donado,2,1,0,0,0,0,1,"-32.945969817663,-60.726765721729",Calle,,ROSARIO,Rosario,Asfalto,No existe,II,Dentro,Urbana,Ninguna,No existe,Intersección,Bueno,Buena,Nocturna,Buen Tiempo,S/D,Ciclista,Atropello,Ninguna,Faltante,Ninguna,Sin restricción,"-32.945969817663,-60.726765721729","['Chubut', 'Donado']",2,,-32.945969817663,-60.726765721729,55.0,538.0,Municipio Rosario,Municipio,Rosario,820210,Servicio de Catastro e Información Territorial,IGN
2020,7033,2020-09-14,Lunes,,22:00:00,,0.0,1,Moto/Ciclomotor,Chubut Y Donado,1,1,0,0,0,0,0,"-32.945969817663,-60.726765721729",Calle,,ROSARIO,Rosario,Asfalto,No existe,II,Dentro,Urbana,Ninguna,No existe,Intersección,Bueno,Buena,Nocturna,Buen Tiempo,S/D,S/D,Despiste,Ninguna,Faltante,Ninguna,Sin restricción,"-32.945969817663,-60.726765721729","['Chubut', 'Donado']",2,,-32.945969817663,-60.726765721729,55.0,538.0,Municipio Rosario,Municipio,Rosario,820210,Servicio de Catastro e Información Territorial,IGN
2020,7034,2020-09-14,Lunes,,00:10:00,,0.0,2,"Otros,Bicicleta",Cordoba Y Ricchieri,2,1,0,0,0,0,1,"-32.941998149630145, -60.6628003260",Calle,,ROSARIO,Rosario,Asfalto,No existe,II,Dentro,Urbana,Semáforo,Funciona,Intersección,Bueno,Buena,Diurna,Buen Tiempo,S/D,Ciclista,Atropello,Ninguna,"Horizontal,Vertical",Línea divisoria pintada,Sin restricción,"-32.941998149630145, -60.6628003260","['Córdoba', 'Ricchieri']",2,,-32.941998149630145,-60.662800326,55.0,538.0,Municipio Rosario,Municipio,Rosario,820210,Servicio de Catastro e Información Territorial,IGN