anio_acci,nro_acci,fecha,desc_dia,fecha_aprox,hora_aprox,desc_ruta,km,cant_participantes,desc_participante,calle_avenida_km,total,heridos_leves,heridos_graves,heridos_gravisimos,ilesos,fallecidos,sin_datos,posicion_XY,desc_tipo_via,desc_ruta_ori,desc_loc,desc_dpto,desc_tipo_calzada,desc_tipo_banquina,desc_unidad_regional,desc_lugar_calzada,desc_zona,desc_prioridad,desc_estado_semaforo,desc_lugar_via,desc_estado_via,desc_estado_visibilidad,desc_luminosidad,desc_estado_clima,desc_tipo_colision,desc_tipo_atropello,desc_tipo_hecho,desc_pres_calzada,desc_senializacion,desc_separacion_via,desc_restriccion,forma_geocod,calle_lista,numero_calles,calles_osm,lat,lon,index_right,gid,fna,gna,nam,in1,fdc,sag
2020,7035,2020-09-13,Domingo,,22:00:00,,0.0,1,Moto/Ciclomotor,J.Colombres Y Chubut,1,1,0,0,0,0,0,"-32.94602988512,-60.729115080014",Calle,,ROSARIO,Rosario,Asfalto,No existe,II,Dentro,Urbana,Ninguna,No existe,Intersección,Bueno,Buena,Nocturna,Buen Tiempo,S/D,S/D,Despiste,Ninguna,Faltante,Ninguna,Sin restricción,"-32.94602988512,-60.729115080014","['José Colombres', 'Chubut']",2,,-32.94602988512,-60.729115080014,55.0,538.0,Municipio Rosario,Municipio,Rosario,820210,Servicio de Catastro e Información Territorial,IGN
2020,7036,2020-09-14,Lunes,,09:00:00,,0.0,2,"Otros,Bicicleta",Ocampo Y Vera Mujica,2,1,0,0,0,0,1,"-32.961315021159,-60.671937168843",Calle,,ROSARIO,Rosario,Asfalto,No existe,II,Dentro,Urbana,Ninguna,No existe,Intersección,Bueno,Buena,Diurna,Buen Tiempo,S/D,Ciclista,Atropello,Ninguna,Faltante,Ninguna,Sin restricción,"-32.961315021159,-60.671937168843","['Ocampo', 'Vera Mujíca']",2,,-32.961315021159,-60.671937168843,55.0,538.0,Municipio Rosario,Municipio,Rosario,820210,Servicio de Catastro e Información Territorial,IGN
2020,7037,2020-09-14,Lunes,,18:50:00,,0.0,1,Automóvil,9 De Julio Y Mariano Moreno,2,1,0,0,0,0,1,"-32.95160877417,-60.652440632505",Calle,,ROSARIO,Rosario,Asfalto,No existe,II,Dentro,Urbana,Señal Pare,No existe,Intersección,Bueno,Buena,Diurna,Buen Tiempo,S/D,S/D,Colisión,Ninguna,"Horizontal,Vertical",Ninguna,Sin restricción,"-32.95160877417,-60.652440632505","['9 de Julio', 'Mariano Moreno']",2,,-32.95160877417,-60.652440632505,55.0,538.0,Municipio Rosario,Municipio,Rosario,820210,Servicio de Catastro e Información Territorial,IGN
2020,7038,2020-09-14,Lunes,,22:30:00,,0.0,1,Moto/Ciclomotor,Av. Genova Y Ottone Bis,1,0,1,0,0,0,0,"-32.915657507739,-60.701006755562",Avenida,,ROSARIO,Rosario,Asfalto,No existe,II,Dentro,Urbana,Ninguna,No existe,Intersección,Bueno,Buena,Nocturna,Buen Tiempo,S/D,S/D,Otro,Ninguna,Vertical,Ninguna,Sin restricción,"-32.915657507739,-60.701006755562","['Genova', 'Ottone']",2,,-32.915657507739,-60.701006755562,55.0,538.0,Municipio Rosario,Municipio,Rosario,820210,Servicio de Catastro e Información Territorial,IGN
2020,7039,2020-09-30,Miercoles,,14:55:00,,0.0,1,Moto/Ciclomotor,Buenos Aires Y Riobamba,1,1,0,0,0,0,0,"-32.963992378381,-60.636866929497",Calle,,ROSARIO,Rosario,Asfalto,No existe,II,Dentro,Urbana,Ninguna,No existe,Intersección,Bueno,S/D,Diurna,S/D,S/D,S/D,Otro,Ninguna,Faltante,Ninguna,Sin restricción,"-32.963992378381,-60.636866929497","['Buenos Aires', 'Riobamba']",2,,-32.963992378381,-60.636866929497,55.0,538.0,Municipio Rosario,Municipio,Rosario,820210,Servicio de Catastro e Información Territorial,IGN
2020,7040,2020-09-30,Miercoles,,13:53:00,,0.0,1,Automóvil,Fraga Y Pje. Volta,1,0,1,0,0,0,0,"-32.958562623609,-60.709507271698",Calle,,ROSARIO,Rosario,Asfalto,No existe,II,Dentro,Urbana,Ninguna,No existe,Intersección,Bueno,S/D,Diurna,S/D,S/D,S/D,Otro,Ninguna,Faltante,Ninguna,S/D,"-32.958562623609,-60.709507271698","['Fraga', 'Volta']",2,,-32.958562623609,-60.709507271698,55.0,538.0,Municipio Rosario,Municipio,Rosario,820210,Servicio de Catastro e Información Territorial,IGN
2020,7041,2020-09-30,Miercoles,,08:00:00,,0.0,1,Bicicleta,Bv. Avellaneda Y Bv. 27 De Febrero,1,1,0,0,0,0,0,"-32.960358973096,-60.684380616245",Avenida,,ROSARIO,Rosario,Asfalto,No existe,II,Dentro,Urbana,Semáforo,Funciona,Intersección,Bueno,S/D,Diurna,Buen Tiempo,S/D,S/D,Colisión,Ninguna,"Horizontal,Vertical",Cordón divisorio,Sin restricción,"-32.960358973096,-60.684380616245","['Avellaneda', '27 de Febrero']",2,,-32.960358973096,-60.684380616245,55.0,538.0,Municipio Rosario,Municipio,Rosario,820210,Servicio de Catastro e Información Territorial,IGN
2020,7042,2020-09-29,Martes,,22:14:00,,0.0,2,"Moto/Ciclomotor,Automóvil",Alsina Y Cerrito,2,0,1,0,0,0,1,"-32.95501316121,-60.680299448088",Calle,,ROSARIO,Rosario,Asfalto,No existe,II,Dentro,Urbana,Ninguna,No existe,Intersección,Bueno,S/D,"Nocturna,Con luz artificial",S/D,Lateral,S/D,Colisión,Ninguna,Faltante,Ninguna,Sin restricción,"-32.95501316121,-60.680299448088","['Alsina', 'Cerrito']",2,,-32.95501316121,-60.680299448088,55.0,538.0,Municipio Rosario,Municipio,Rosario,820210,Servicio de Catastro e Información Territorial,IGN
2020,7043,2020-09-29,Martes,,22:00:00,,0.0,1,Moto/Ciclomotor,AV JUAN PERON Y JUAN PABLO II,1,1,0,0,0,0,0,"-32.97005116939546,-60.716224014759",Avenida,,ROSARIO,Rosario,Asfalto,No existe,II,Dentro,Urbana,Semáforo,Funciona,Intersección,Bueno,S/D,"Nocturna,Con luz artificial",S/D,S/D,S/D,Otro,Ninguna,"Horizontal,Vertical",Cordón divisorio,Sin restricción,"-32.97005116939546,-60.716224014759","['Avenida Presidente Perón', 'Juan Pablo II']",2,,-32.97005116939546,-60.716224014759,55.0,538.0,Municipio Rosario,Municipio,Rosario,820210,Servicio de Catastro e Información Territorial,IGN
2020,7044,2020-09-29,Martes,,07:40:00,,0.0,2,"Bicicleta,Otros", ,2,1,0,0,0,0,1,"-32.95817760227484,-60.666264034822",S/D,,ROSARIO,Rosario,S/D,S/D,II,S/D,S/D,S/D,S/D,S/D,S/D,S/D,Diurna,S/D,S/D,Ciclista,Atropello,S/D,S/D,S/D,S/D,"-32.95817760227484,-60.666264034822",[''],0,,-32.95817760227484,-60.666264034822,55.0,538.0,Municipio Rosario,Municipio,Rosario,820210,Servicio de Catastro e Información Territorial,IGN
2020,7045,2020-09-29,Martes,,03:00:00,,0.0,2,"Peatón,Otros", ,2,1,0,0,0,0,1,"-32.95817760227484,-60.666264034822",S/D,,ROSARIO,Rosario,S/D,S/D,II,S/D,S/D,S/D,S/D,S/D,S/D,S/D,Nocturna,S/D,S/D,Peatón,Atropello,S/D,S/D,S/D,S/D,"-32.95817760227484,-60.666264034822",[''],0,,-32.95817760227484,-60.666264034822,55.0,538.0,Municipio Rosario,Municipio,Rosario,820210,Servicio de Catastro e Información Territorial,IGN
2020,7047,2020-09-28,Lunes,,18:00:00,,0.0,2,"Bicicleta,Otros",Av. Avellaneda B Y Cordoba,2,1,0,0,0,0,1,"-32.93909101176,-60.679028985658",Avenida,,ROSARIO,Rosario,Asfalto,No existe,II,Dentro,Urbana,Semáforo,Funciona,Intersección,Bueno,S/D,Diurna,Buen Tiempo,S/D,Ciclista,Atropello,Ninguna,"Horizontal,Vertical",S/D,Sin restricción,"-32.93909101176,-60.679028985658","['Avellaneda', 'Córdoba']",2,,-32.93909101176,-60.679028985658,55.0,538.0,Municipio Rosario,Municipio,Rosario,820210,Servicio de Catastro e Información Territorial,IGN
2020,7048,2020-09-28,Lunes,,15:30:00,,0.0,2,"Peatón,Otros",Bv. Oroño Y Dr.Rivas,2,1,0,0,0,0,1,"-32.98088192939755,-60.662711262702",Avenida,,ROSARIO,Rosario,Asfalto,No existe,II,Dentro,Urbana,Señal Pare,No existe,Intersección,Bueno,Buena,Diurna,S/D,S/D,Peatón,Atropello,Ninguna,"Horizontal,Vertical",Ninguna,Sin restricción,"-32.98088192939755,-60.662711262702","['Bulevar Nicasio Oroño', 'Doctor Francisco Riva']",2,,-32.98088192939755,-60.662711262702,55.0,538.0,Municipio Rosario,Municipio,Rosario,820210,Servicio de Catastro e Información Territorial,IGN
2020,7049,2020-09-28,Lunes,,15:30:00,,0.0,2,"Bicicleta,Otros",CARDIVIOLA ,2,0,1,0,0,0,1,"-32.912216, -60.675445",Calle,,ROSARIO,Rosario,Asfalto,No existe,II,Dentro,Urbana,Semáforo,Funciona,Recta,Bueno,S/D,Diurna,S/D,S/D,Ciclista,Atropello,Ninguna,"Horizontal,Vertical",Ninguna,Sin restricción,"-32.912216, -60.675445",['Cardiviola'],1,,-32.912216,-60.675445,55.0,538.0,Municipio Rosario,Municipio,Rosario,820210,Servicio de Catastro e Información Territorial,IGN
2020,7050,2020-09-28,Lunes,,11:00:00,,0.0,2,"Bicicleta,Otros", ,2,1,0,0,0,0,1,"-32.95817760227484,-60.666264034822",S/D,,ROSARIO,Rosario,S/D,S/D,II,S/D,S/D,S/D,S/D,S/D,S/D,S/D,Diurna,S/D,S/D,Ciclista,Atropello,S/D,S/D,S/D,S/D,"-32.95817760227484,-60.666264034822",[''],0,,-32.95817760227484,-60.666264034822,55.0,538.0,Municipio Rosario,Municipio,Rosario,820210,Servicio de Catastro e Información Territorial,IGN
2020,7051,2020-09-28,Lunes,,07:30:00,,0.0,2,"Bicicleta,Otros",Av. Provincias Unidas ,2,1,0,0,0,0,1,"-32.93518781661984,-60.712884664535",Avenida,,ROSARIO,Rosario,Asfalto,S/D,II,Dentro,Urbana,S/D,S/D,Intersección,S/D,S/D,Diurna,S/D,S/D,Ciclista,Atropello,S/D,S/D,Cordón divisorio,Sin restricción,"-32.93518781661984,-60.712884664535",['Avenida Provincias Unidas'],1,,-32.93518781661984,-60.712884664535,55.0,538.0,Municipio Rosario,Municipio,Rosario,820210,Servicio de Catastro e Información Territorial,IGN
2020,7052,2020-09-27,Domingo,,22:00:00,,0.0,1,Moto/Ciclomotor, ,1,1,0,0,0,0,0,"-32.95817760227484,-60.666264034822",S/D,,ROSARIO,Rosario,S/D,S/D,II,S/D,S/D,S/D,S/D,S/D,S/D,S/D,Nocturna,S/D,S/D,S/D,Otro,S/D,S/D,S/D,S/D,"-32.95817760227484,-60.666264034822",[''],0,,-32.95817760227484,-60.666264034822,55.0,538.0,Municipio Rosario,Municipio,Rosario,820210,Servicio de Catastro e Información Territorial,IGN
2020,7054,2020-09-27,Domingo,,18:27:00,,0.0,2,"Peatón,Camión",Uriarte Y Vieytes,2,1,0,0,1,0,0,"-32.888433719393,-60.747216434025",Calle,,ROSARIO,Rosario,S/D,S/D,II,Dentro,Urbana,Ninguna,S/D,Intersección,S/D,S/D,Diurna,S/D,S/D,Peatón,Atropello,S/D,S/D,Ninguna,Sin restricción,"-32.888433719393,-60.747216434025","['Uriarte', 'Vieytes']",2,,-32.888433719393,-60.747216434025,55.0,538.0,Municipio Rosario,Municipio,Rosario,820210,Servicio de Catastro e Información Territorial,IGN
2020,7064,2020-08-25,Martes,,20:00:00,,0.0,2,"Otros,Bicicleta",Albert Sabin Y Av. Luis Carballo,2,1,0,0,0,0,1,"-32.922178325106,-60.685595786532",Avenida,,ROSARIO,Rosario,Asfalto,No existe,II,Dentro,Urbana,Semáforo,Funciona,Rotonda,Bueno,Buena,"Nocturna,Con luz artificial",Buen Tiempo,S/D,Ciclista,Atropello,Ninguna,"Horizontal,Vertical","Cordón divisorio,Vegetación,Línea divisoria pintada",Sin restricción,"-32.922178325106,-60.685595786532","['Avenida Travesía Albert Sabin', 'Avenida Doctor Luis Cándido Carballo']",2,,-32.922178325106,-60.685595786532,55.0,538.0,Municipio Rosario,Municipio,Rosario,820210,Servicio de Catastro e Información Territorial,IGN
2020,7066,2020-08-26,Miercoles,,00:05:00,,0.0,1,Moto/Ciclomotor,Alberdi Y Casilda,1,1,0,0,0,0,0,"-32.928072382194,-60.675480731192",Calle,,ROSARIO,Rosario,Asfalto,No existe,II,Dentro,Urbana,Paso Peatonal,No existe,Intersección,Bueno,Buena,"Nocturna,Con luz artificial",Buen Tiempo,S/D,S/D,Despiste,Ninguna,Horizontal,"Cordón divisorio,Vegetación,Línea divisoria pintada",Sin restricción,"-32.928072382194,-60.675480731192","['Alberdi', 'Casilda']",2,,-32.928072382194,-60.675480731192,55.0,538.0,Municipio Rosario,Municipio,Rosario,820210,Servicio de Catastro e Información Territorial,IGN
2020,7069,2020-08-26,Miercoles,,16:15:00,,0.0,2,"Otros,Bicicleta",Beruti Y Cerrito,2,0,1,0,0,0,1,"-32.965091483303,-60.623972045316",Calle,,ROSARIO,Rosario,Asfalto,No existe,II,Dentro,Urbana,Ninguna,No existe,Intersección,Bueno,Buena,Diurna,Buen Tiempo,S/D,Ciclista,Atropello,Ninguna,Faltante,Ninguna,Sin restricción,"-32.965091483303,-60.623972045316","['Luis Beruti', 'Cerrito']",2,,-32.965091483303,-60.623972045316,55.0,538.0,Municipio Rosario,Municipio,Rosario,820210,Servicio de Catastro e Información Territorial,IGN
2020,7070,2020-08-27,Jueves,,22:00:00,,0.0,2,"Automóvil,Peatón",Av. Francia Y Pte.Quintana,2,1,0,0,1,0,0,"-32.977586056072,-60.674742461757",Avenida,,ROSARIO,Rosario,Asfalto,No existe,II,Dentro,Urbana,Señal Pare,No existe,Intersección,Bueno,Buena,Diurna,Buen Tiempo,S/D,Peatón,Atropello,Ninguna,"Horizontal,Vertical","Cordón divisorio,Vegetación,Línea divisoria pintada",Sin restricción,"-32.977586056072,-60.674742461757","['Avenida Francia', 'Quintana']",2,,-32.977586056072,-60.674742461757,55.0,538.0,Municipio Rosario,Municipio,Rosario,820210,Servicio de Catastro e Información Territorial,IGN
2020,7071,2020-08-28,Viernes,,00:05:00,,0.0,1,Automóvil,España 5000,2,1,0,0,0,0,1,"-32.99478498057,-60.657937437678",Calle,,ROSARIO,Rosario,Asfalto,No existe,II,Dentro,Urbana,Ninguna,No existe,Intersección,Bueno,Buena,Diurna,Buen Tiempo,S/D,S/D,Otro,Ninguna,Faltante,Ninguna,Sin restricción,"-32.99478498057,-60.657937437678",['España 5000'],1,,-32.99478498057,-60.657937437678,55.0,538.0,Municipio Rosario,Municipio,Rosario,820210,Servicio de Catastro e Información Territorial,IGN
2020,7072,2020-08-28,Viernes,,00:30:00,,0.0,2,"Otros,Bicicleta",Bv. Wilde Y Mendoza,2,1,0,0,0,0,1,"-32.940208769725,-60.738394250595",Avenida,,ROSARIO,Rosario,Asfalto,No existe,II,Dentro,Urbana,Semáforo,Funciona,Rotonda,Bueno,Buena,Diurna,Buen Tiempo,S/D,Ciclista,Atropello,Ninguna,"Horizontal,Vertical","Cordón divisorio,Línea divisoria pintada",Sin restricción,"-32.940208769725,-60.738394250595","['Bulevar Wilde', 'Mendoza']",2,,-32.940208769725,-60.738394250595,55.0,538.0,Municipio Rosario,Municipio,Rosario,820210,Servicio de Catastro e Información Territorial,IGN
2020,7073,2020-08-28,Viernes,,18:00:00,,0.0,2,"Moto/Ciclomotor,Automóvil",Cafferata Y Marcos Paz,3,2,0,0,0,0,1,"-32.944975375711,-60.67206655283",Calle,,ROSARIO,Rosario,Asfalto,No existe,II,Dentro,Urbana,Paso Peatonal,No existe,Intersección,Bueno,Buena,Diurna,Buen Tiempo,S/D,S/D,Colisión,Ninguna,Horizontal,Ninguna,Sin restricción,"-32.944975375711,-60.67206655283","['Cafferata', 'Marcos Paz']",2,,-32.944975375711,-60.67206655283,55.0,538.0,Municipio Rosario,Municipio,Rosario,820210,Servicio de Catastro e Información Territorial,IGN
2020,7074,2020-08-28,Viernes,,19:00:00,,0.0,1,Moto/Ciclomotor,Av. Ovidio Lagos 2800,1,1,0,0,0,0,0,"-32.965751550894,-60.667241254014",Avenida,,ROSARIO,Rosario,Asfalto,No existe,II,Dentro,Urbana,Paso Peatonal,No existe,Intersección,Bueno,Buena,Diurna,Buen Tiempo,S/D,S/D,Despiste,Ninguna,Horizontal,"Cordón divisorio,Línea divisoria pintada",Sin restricción,"-32.965751550894,-60.667241254014",['Ovidio Lagos 2800'],1,,-32.965751550894,-60.667241254014,55.0,538.0,Municipio Rosario,Municipio,Rosario,820210,Servicio de Catastro e Información Territorial,IGN
2020,7075,2020-08-28,Viernes,,19:00:00,,0.0,1,Moto/Ciclomotor,Av. Ovidio Lagos 3500,1,1,0,0,0,0,0,"-32.973786707502,-60.669204146095",Avenida,,ROSARIO,Rosario,Asfalto,No existe,II,Dentro,Urbana,Paso Peatonal,No existe,Intersección,Bueno,Buena,Diurna,Buen Tiempo,S/D,S/D,Despiste,Ninguna,"Horizontal,Vertical","Cordón divisorio,Línea divisoria pintada",Sin restricción,"-32.973786707502,-60.669204146095",['Ovidio Lagos 3500'],1,,-32.973786707502,-60.669204146095,55.0,538.0,Municipio Rosario,Municipio,Rosario,820210,Servicio de Catastro e Información Territorial,IGN
2020,7079,2020-09-30,Miercoles,,14:00:00,,0.0,1,Moto/Ciclomotor,Bv. 27 De Febrero Y Valparaiso,1,1,0,0,0,0,0,"-32.959698077244,-60.687169365054",Avenida,,ROSARIO,Rosario,Asfalto,No existe,II,Dentro,Urbana,Ninguna,No existe,Intersección,Bueno,Buena,Diurna,Buen Tiempo,S/D,S/D,"Colisión,Otro",Ninguna,Faltante,Cordón divisorio,Sin restricción,"-32.959698077244,-60.687169365054","['27 de Febrero', 'Valparaíso']",2,,-32.959698077244,-60.687169365054,55.0,538.0,Municipio Rosario,Municipio,Rosario,820210,Servicio de Catastro e Información Territorial,IGN
2020,7081,2020-08-30,Domingo,,18:30:00,,0.0,1,Moto/Ciclomotor, ,1,1,0,0,0,0,0,"-32.95236, -60.66991",S/D,,ROSARIO,Rosario,S/D,S/D,II,S/D,Urbana,S/D,S/D,S/D,S/D,S/D,Diurna,S/D,S/D,S/D,Otro,S/D,S/D,S/D,S/D,"-32.95236, -60.66991",[''],0,,-32.95236,-60.66991,55.0,538.0,Municipio Rosario,Municipio,Rosario,820210,Servicio de Catastro e Información Territorial,IGN
2020,7083,2020-09-27,Domingo,,16:00:00,,0.0,2,"Peatón,Otros",Bv. Segui Y Suipacha,2,1,0,0,0,0,1,"-32.974324412172,-60.672384825041",Avenida,,ROSARIO,Rosario,Asfalto,No existe,II,Dentro,Urbana,Señal Pare,No existe,Intersección,Bueno,S/D,Diurna,S/D,S/D,Peatón,Atropello,Ninguna,Vertical,Cordón divisorio,Sin restricción,"-32.974324412172,-60.672384825041","['Bulevar Juan Francisco Seguí', 'Suipacha']",2,,-32.974324412172,-60.672384825041,55.0,538.0,Municipio Rosario,Municipio,Rosario,820210,Servicio de Catastro e Información Territorial,IGN
2020,7084,2020-09-27,Domingo,,11:00:00,,0.0,2,"Peatón,Otros",Av. Pellegrini ,2,1,0,0,0,0,1,"-32.953555583953815,-60.66187977790",Avenida,,ROSARIO,Rosario,Asfalto,S/D,II,Dentro,Urbana,S/D,S/D,Recta,Bueno,S/D,Diurna,S/D,S/D,Peatón,Atropello,S/D,S/D,S/D,Sin restricción,"-32.953555583953815,-60.66187977790",['Pellegrini'],1,,-32.953555583953815,-60.6618797779,55.0,538.0,Municipio Rosario,Municipio,Rosario,820210,Servicio de Catastro e Información Territorial,IGN
2020,7085,2020-09-26,Sabado,,22:55:00,,0.0,1,Moto/Ciclomotor, ,1,1,0,0,0,0,0,"-32.95817760227484,-60.666264034822",S/D,,ROSARIO,Rosario,S/D,S/D,II,S/D,S/D,S/D,S/D,S/D,S/D,S/D,Nocturna,S/D,S/D,S/D,Otro,S/D,S/D,S/D,S/D,"-32.95817760227484,-60.666264034822",[''],0,,-32.95817760227484,-60.666264034822,55.0,538.0,Municipio Rosario,Municipio,Rosario,820210,Servicio de Catastro e Información Territorial,IGN
2020,7086,2020-09-26,Sabado,,19:10:00,,0.0,1,Moto/Ciclomotor, ,1,0,1,0,0,0,0,"-32.95817760227484,-60.666264034822",S/D,,ROSARIO,Rosario,S/D,S/D,II,S/D,S/D,S/D,S/D,S/D,S/D,S/D,Atardecer,S/D,S/D,S/D,Otro,S/D,S/D,S/D,S/D,"-32.95817760227484,-60.666264034822",[''],0,,-32.95817760227484,-60.666264034822,55.0,538.0,Municipio Rosario,Municipio,Rosario,820210,Servicio de Catastro e Información Territorial,IGN
2020,7087,2020-09-27,Domingo,,18:35:00,,0.0,2,"Bicicleta,Otros",Pje. Perito Moreno Y 3 De Febrero,2,1,0,0,0,0,1,"-32.943336191982,-60.694095062912",Calle,,ROSARIO,Rosario,Asfalto,No existe,II,Dentro,Urbana,Ninguna,No existe,Intersección,Bueno,Buena,Diurna,S/D,S/D,Ciclista,Atropello,Ninguna,Faltante,Ninguna,Sin restricción,"-32.943336191982,-60.694095062912","['Perito Moreno', '3 de Febrero']",2,,-32.943336191982,-60.694095062912,55.0,538.0,Municipio Rosario,Municipio,Rosario,820210,Servicio de Catastro e Información Territorial,IGN
2020,7089,2020-09-26,Sabado,,09:30:00,,0.0,1,Moto/Ciclomotor,Santa Fe Y Vera Mujica,1,1,0,0,0,0,0,"-32.939928208882,-60.666535056457",Calle,,ROSARIO,Rosario,Asfalto,No existe,II,Dentro,Urbana,Ninguna,Funciona,Intersección,Bueno,S/D,Diurna,S/D,S/D,S/D,Otro,Ninguna,"Horizontal,Vertical",Ninguna,Sin restricción,"-32.939928208882,-60.666535056457","['Santa Fe', 'Vera Mujíca']",2,,-32.939928208882,-60.666535056457,55.0,538.0,Municipio Rosario,Municipio,Rosario,820210,Servicio de Catastro e Información Territorial,IGN
2020,7090,2020-09-24,Jueves,,23:30:00,,0.0,2,"Bicicleta,Otros",Camilo Aldao ,2,1,0,0,0,0,1,"-32.97606950943,-60.69458658318",S/D,,ROSARIO,Rosario,S/D,S/D,II,S/D,S/D,S/D,S/D,S/D,S/D,S/D,Nocturna,S/D,S/D,S/D,Colisión,S/D,S/D,S/D,S/D,"-32.97606950943,-60.69458658318",['Camilo Aldao'],1,,-32.97606950943,-60.69458658318,55.0,538.0,Municipio Rosario,Municipio,Rosario,820210,Servicio de Catastro e Información Territorial,IGN
2020,7091,2020-09-24,Jueves,,19:40:00,,0.0,1,Moto/Ciclomotor,Av. Genova Y Chaco Bis,1,0,1,0,0,0,0,"-32.915494522613,-60.696451623215",Avenida,,ROSARIO,Rosario,Asfalto,No existe,II,Dentro,Urbana,Señal Pare,No existe,Intersección,Bueno,S/D,Atardecer,S/D,S/D,S/D,Otro,Ninguna,Vertical,Ninguna,Sin restricción,"-32.915494522613,-60.696451623215","['Genova', 'Chaco']",2,,-32.915494522613,-60.696451623215,55.0,538.0,Municipio Rosario,Municipio,Rosario,820210,Servicio de Catastro e Información Territorial,IGN
2020,7092,2020-09-23,Miercoles,,00:14:00,,0.0,2,"Bicicleta,Otros",Bv. Avellaneda Y Bv. Segui,2,1,0,0,0,0,1,"-32.97165667827,-60.687244626218",Avenida,,ROSARIO,Rosario,Asfalto,No existe,II,Dentro,Urbana,Semáforo,Funciona,Intersección,Bueno,S/D,"Amanecer,Con luz artificial",S/D,S/D,Ciclista,Atropello,Ninguna,"Horizontal,Vertical",Cordón divisorio,Sin restricción,"-32.97165667827,-60.687244626218","['Avellaneda', 'Bulevar Juan Francisco Seguí']",2,,-32.97165667827,-60.687244626218,55.0,538.0,Municipio Rosario,Municipio,Rosario,820210,Servicio de Catastro e Información Territorial,IGN
2020,7093,2020-09-22,Martes,,20:30:00,,0.0,1,Moto/Ciclomotor,Alsina ,1,1,0,0,0,0,0,"-32.948430529372,-60.678631126103",Calle,,ROSARIO,Rosario,S/D,S/D,II,Dentro,Urbana,S/D,S/D,S/D,S/D,S/D,Nocturna,S/D,S/D,S/D,Otro,S/D,S/D,S/D,S/D,"-32.948430529372,-60.678631126103",['Alsina'],1,,-32.948430529372,-60.678631126103,55.0,538.0,Municipio Rosario,Municipio,Rosario,820210,Servicio de Catastro e Información Territorial,IGN
2020,7094,2020-09-22,Martes,,20:15:00,,0.0,2,"Automóvil,Moto/Ciclomotor",Cafferata Y Rueda,2,1,1,0,0,0,0,"-32.965167376816,-60.677174658174",Calle,,ROSARIO,Rosario,Asfalto,No existe,II,Dentro,Urbana,S/D,No existe,Intersección,Bueno,S/D,"Nocturna,Con luz artificial",S/D,S/D,S/D,Colisión,Ninguna,Faltante,Ninguna,S/D,"-32.965167376816,-60.677174658174","['Cafferata', 'Rueda']",2,,-32.965167376816,-60.677174658174,55.0,538.0,Municipio Rosario,Municipio,Rosario,820210,Servicio de Catastro e Información Territorial,IGN
2020,7095,2020-09-22,Martes,,16:00:00,,0.0,1,Automóvil,Uruguay Y Vera Mujica,1,1,0,0,0,0,0,"-32.971628129666,-60.674553390426",Calle,,ROSARIO,Rosario,Asfalto,No existe,II,Dentro,Urbana,Ninguna,No existe,Intersección,Bueno,S/D,Diurna,Buen Tiempo,S/D,S/D,Otro,Ninguna,Faltante,Ninguna,Sin restricción,"-32.971628129666,-60.674553390426","['Uruguay', 'Vera Mujíca']",2,,-32.971628129666,-60.674553390426,55.0,538.0,Municipio Rosario,Municipio,Rosario,820210,Servicio de Catastro e Información Territorial,IGN
2020,7096,2020-09-22,Martes,,01:50:00,,0.0,2,"Bicicleta,Automóvil",Garibaldi Y Pte.Roca,2,1,0,0,0,0,1,"-32.984706825096,-60.655074769048",Calle,,ROSARIO,Rosario,Asfalto,No existe,II,Dentro,Urbana,Ninguna,No existe,Intersección,Bueno,S/D,"Nocturna,Con luz artificial",Buen Tiempo,Lateral,Ciclista,Atropello,Ninguna,Faltante,Ninguna,Sin restricción,"-32.984706825096,-60.655074769048","['José Garibaldi', 'Roca']",2,,-32.984706825096,-60.655074769048,55.0,538.0,Municipio Rosario,Municipio,Rosario,820210,Servicio de Catastro e Información Territorial,IGN
2020,7097,2020-09-21,Lunes,,01:30:00,,0.0,1,Moto/Ciclomotor,Anchorena ,1,1,0,0,0,0,0,"-32.99707174301144,-60.628663301467",Calle,,ROSARIO,Rosario,S/D,S/D,II,S/D,S/D,S/D,S/D,S/D,S/D,S/D,"Nocturna,Con luz artificial",S/D,S/D,S/D,Otro,S/D,S/D,Ninguna,S/D,"-32.99707174301144,-60.628663301467",['Anchorena'],1,,-32.99707174301144,-60.628663301467,55.0,538.0,Municipio Rosario,Municipio,Rosario,820210,Servicio de Catastro e Información Territorial,IGN