anio_acci,nro_acci,fecha,desc_dia,fecha_aprox,hora_aprox,desc_ruta,km,cant_participantes,desc_participante,calle_avenida_km,total,heridos_leves,heridos_graves,heridos_gravisimos,ilesos,fallecidos,sin_datos,posicion_XY,desc_tipo_via,desc_ruta_ori,desc_loc,desc_dpto,desc_tipo_calzada,desc_tipo_banquina,desc_unidad_regional,desc_lugar_calzada,desc_zona,desc_prioridad,desc_estado_semaforo,desc_lugar_via,desc_estado_via,desc_estado_visibilidad,desc_luminosidad,desc_estado_clima,desc_tipo_colision,desc_tipo_atropello,desc_tipo_hecho,desc_pres_calzada,desc_senializacion,desc_separacion_via,desc_restriccion,forma_geocod,calle_lista,numero_calles,calles_osm,lat,lon,index_right,gid,fna,gna,nam,in1,fdc,sag
2020,7098,2020-09-19,Sabado,,20:00:00,,0.0,2,"Bicicleta,Otros",Rioja Y Rodriguez,2,1,0,0,0,0,1,"-32.943891426074,-60.659010594477",Calle,,ROSARIO,Rosario,Asfalto,No existe,II,Dentro,Urbana,Señal Pare,No existe,Intersección,Bueno,S/D,"Nocturna,Con luz artificial",S/D,S/D,Ciclista,Atropello,Ninguna,Vertical,Ninguna,Sin restricción,"-32.943891426074,-60.659010594477","['Rioja', 'Rodríguez']",2,,-32.943891426074,-60.659010594477,55.0,538.0,Municipio Rosario,Municipio,Rosario,820210,Servicio de Catastro e Información Territorial,IGN
2020,7099,2020-08-25,Martes,,16:00:00,,0.0,1,Automóvil,España 6400,2,2,0,0,0,0,0,"-33.012152916352,-60.65698807401",Calle,,ROSARIO,Rosario,Asfalto,No existe,II,Dentro,Urbana,Ninguna,No existe,Intersección,Bueno,Buena,Diurna,Buen Tiempo,S/D,S/D,Otro,Ninguna,Faltante,Ninguna,Sin restricción,"-33.012152916352,-60.65698807401",['España 6400'],1,,-33.012152916352,-60.65698807401,55.0,538.0,Municipio Rosario,Municipio,Rosario,820210,Servicio de Catastro e Información Territorial,IGN
2020,7100,2020-08-25,Martes,,13:00:00,,0.0,1,Moto/Ciclomotor,Bv. Segui Y Cafferata,1,1,0,0,0,0,0,"-32.973103367852,-60.679187630231",Avenida,,ROSARIO,Rosario,Asfalto,No existe,II,Dentro,Urbana,Semáforo,Funciona,Intersección,Bueno,Buena,Diurna,Buen Tiempo,S/D,S/D,Otro,Ninguna,Vertical,Cordón divisorio,Sin restricción,"-32.973103367852,-60.679187630231","['Bulevar Juan Francisco Seguí', 'Cafferata']",2,,-32.973103367852,-60.679187630231,55.0,538.0,Municipio Rosario,Municipio,Rosario,820210,Servicio de Catastro e Información Territorial,IGN
2020,7101,2020-08-25,Martes,,14:00:00,,0.0,1,Moto/Ciclomotor,Bv. Segui Y Cafferata,1,0,1,0,0,0,0,"-32.973103367852,-60.679187630231",Avenida,,ROSARIO,Rosario,Asfalto,No existe,II,Dentro,Urbana,Semáforo,Funciona,Intersección,Bueno,Buena,Diurna,Buen Tiempo,S/D,S/D,Otro,Ninguna,Vertical,Cordón divisorio,Sin restricción,"-32.973103367852,-60.679187630231","['Bulevar Juan Francisco Seguí', 'Cafferata']",2,,-32.973103367852,-60.679187630231,55.0,538.0,Municipio Rosario,Municipio,Rosario,820210,Servicio de Catastro e Información Territorial,IGN
2020,7102,2020-08-24,Lunes,,19:30:00,,0.0,1,Moto/Ciclomotor,Cochabamba 700,1,1,0,0,0,0,0,"-32.959405806161,-60.635718284102",Calle,,ROSARIO,Rosario,Asfalto,No existe,II,Dentro,Urbana,Señal Pare,No existe,Intersección,Bueno,Buena,Atardecer,Buen Tiempo,S/D,S/D,Otro,Ninguna,"Horizontal,Vertical",Línea divisoria pintada,Sin restricción,"-32.959405806161,-60.635718284102",['Cochabamba 700'],1,,-32.959405806161,-60.635718284102,55.0,538.0,Municipio Rosario,Municipio,Rosario,820210,Servicio de Catastro e Información Territorial,IGN
2020,7104,2020-08-24,Lunes,,13:00:00,,0.0,2,"Automóvil,Automóvil",Av. Pellegrini Y Vera Mujica,2,2,0,0,0,0,0,"-32.95221633665,-60.6696301748",Calle,,ROSARIO,Rosario,Asfalto,No existe,II,Dentro,Urbana,Semáforo,Funciona,Intersección,Bueno,Buena,Diurna,Buen Tiempo,S/D,S/D,Colisión,Ninguna,"Horizontal,Vertical","Cordón divisorio,Línea divisoria pintada",Sin restricción,"-32.95221633665,-60.6696301748","['Pellegrini', 'Vera Mujíca']",2,,-32.95221633665,-60.6696301748,55.0,538.0,Municipio Rosario,Municipio,Rosario,820210,Servicio de Catastro e Información Territorial,IGN
2020,7108,2020-08-23,Domingo,,17:30:00,,0.0,2,"Moto/Ciclomotor,Moto/Ciclomotor",Alzugaray Y Laprida,2,2,0,0,0,0,0,"-33.012931237244,-60.64655604011",Calle,,ROSARIO,Rosario,Asfalto,No existe,II,Dentro,Urbana,Ninguna,No existe,Intersección,Bueno,Buena,Diurna,Buen Tiempo,S/D,S/D,Colisión,Ninguna,Faltante,Ninguna,Sin restricción,"-33.012931237244,-60.64655604011","['Alzugaray', 'Laprida']",2,,-33.012931237244,-60.64655604011,55.0,538.0,Municipio Rosario,Municipio,Rosario,820210,Servicio de Catastro e Información Territorial,IGN
2020,7109,2020-08-23,Domingo,,14:00:00,,0.0,1,Moto/Ciclomotor,Av. Eva Peron Y Parana,1,1,0,0,0,0,0,"-32.936883591133,-60.691357600945",Avenida,,ROSARIO,Rosario,Asfalto,No existe,II,Dentro,Urbana,Paso Peatonal,No existe,Intersección,Bueno,Buena,Diurna,Buen Tiempo,S/D,S/D,Otro,Ninguna,Horizontal,Ninguna,Sin restricción,"-32.936883591133,-60.691357600945","['Avenida Eva Perón', 'Paraná']",2,,-32.936883591133,-60.691357600945,55.0,538.0,Municipio Rosario,Municipio,Rosario,820210,Servicio de Catastro e Información Territorial,IGN
2020,7110,2020-08-22,Sabado,,21:00:00,,0.0,2,"Moto/Ciclomotor,Moto/Ciclomotor",Roullon 4200,2,1,0,0,0,0,1,"-32.978584,-60.700879",Calle,,ROSARIO,Rosario,Asfalto,No existe,II,Dentro,Urbana,Ninguna,No existe,Intersección,Bueno,Buena,Nocturna,Buen Tiempo,S/D,S/D,Colisión,Ninguna,Faltante,Ninguna,Sin restricción,"-32.978584,-60.700879",['Alfredo Rouillón 4200'],1,,-32.978584,-60.700879,55.0,538.0,Municipio Rosario,Municipio,Rosario,820210,Servicio de Catastro e Información Territorial,IGN
2020,7112,2020-08-23,Domingo,,00:05:00,,0.0,1,Moto/Ciclomotor,Av. Illia 1500,1,0,1,0,0,0,0,"-32.935949563980124,-60.64188390970",Avenida,,ROSARIO,Rosario,Asfalto,No existe,II,Dentro,Urbana,Ninguna,No existe,Recta,Bueno,Buena,Diurna,Buen Tiempo,S/D,S/D,Despiste,Ninguna,Horizontal,"Cordón divisorio,Vegetación,Línea divisoria pintada",Sin restricción,"-32.935949563980124,-60.64188390970",['Illia 1500'],1,,-32.935949563980124,-60.6418839097,55.0,538.0,Municipio Rosario,Municipio,Rosario,820210,Servicio de Catastro e Información Territorial,IGN
2020,7114,2020-08-22,Sabado,,20:30:00,,0.0,1,Moto/Ciclomotor,Alberdi Y French,1,0,1,0,0,0,0,"-32.920874962518,-60.680996006792",Avenida,,ROSARIO,Rosario,Asfalto,No existe,II,Dentro,Urbana,Semáforo,Funciona,Intersección,Bueno,Buena,"Nocturna,Con luz artificial",Buen Tiempo,S/D,S/D,Otro,Ninguna,"Horizontal,Vertical","Cordón divisorio,Vegetación,Línea divisoria pintada",Sin restricción,"-32.920874962518,-60.680996006792","['Alberdi', 'French']",2,,-32.920874962518,-60.680996006792,55.0,538.0,Municipio Rosario,Municipio,Rosario,820210,Servicio de Catastro e Información Territorial,IGN
2020,7115,2020-08-22,Sabado,,20:30:00,,0.0,2,"Otros,Bicicleta",Av. Luis Carballo Y Mar del Plata,2,1,0,0,0,0,1,"-32.922238505919,-60.682111244481",Avenida,,ROSARIO,Rosario,Asfalto,No existe,II,Dentro,Urbana,Paso Peatonal,No existe,Intersección,Bueno,Buena,"Nocturna,Con luz artificial",Buen Tiempo,S/D,Ciclista,Atropello,Ninguna,Horizontal,"Cordón divisorio,Vegetación,Línea divisoria pintada",Sin restricción,"-32.922238505919,-60.682111244481","['Avenida Doctor Luis Cándido Carballo', 'Mar del Plata']",2,,-32.922238505919,-60.682111244481,55.0,538.0,Municipio Rosario,Municipio,Rosario,820210,Servicio de Catastro e Información Territorial,IGN
2020,7116,2020-08-22,Sabado,,02:00:00,,0.0,1,Moto/Ciclomotor,Colombia Y J.J.Paso,1,0,1,0,0,0,0,"-32.920447144019,-60.716979739782",Calle,,ROSARIO,Rosario,Asfalto,No existe,II,Dentro,Urbana,Ninguna,No existe,Intersección,Bueno,Buena,Nocturna,Buen Tiempo,S/D,S/D,Otro,Ninguna,Faltante,Ninguna,Sin restricción,"-32.920447144019,-60.716979739782","['Colombia', 'Paso']",2,,-32.920447144019,-60.716979739782,55.0,538.0,Municipio Rosario,Municipio,Rosario,820210,Servicio de Catastro e Información Territorial,IGN
2020,7117,2020-08-22,Sabado,,18:50:00,,0.0,1,Moto/Ciclomotor,Bv. Segui ,1,1,0,0,0,0,0,"-32.971181615662,-60.690184317642",Avenida,,ROSARIO,Rosario,Asfalto,No existe,II,Dentro,Urbana,S/D,S/D,S/D,Bueno,Buena,Diurna,Buen Tiempo,S/D,S/D,Otro,Ninguna,S/D,Cordón divisorio,Sin restricción,"-32.971181615662,-60.690184317642",['Bulevar Juan Francisco Seguí'],1,,-32.971181615662,-60.690184317642,55.0,538.0,Municipio Rosario,Municipio,Rosario,820210,Servicio de Catastro e Información Territorial,IGN
2020,7118,2020-12-29,Martes,,14:00:00,,0.0,1,Automóvil,Alvear Y 9 De Julio,3,2,0,0,0,0,1,"-32.950888273386,-60.656516831514",Calle,,ROSARIO,Rosario,Asfalto,No existe,II,Dentro,Urbana,Paso Peatonal,No existe,Intersección,Bueno,S/D,Diurna,S/D,S/D,S/D,Otro,Ninguna,Horizontal,Ninguna,Sin restricción,"-32.950888273386,-60.656516831514","['Alvear', '9 de Julio']",2,,-32.950888273386,-60.656516831514,55.0,538.0,Municipio Rosario,Municipio,Rosario,820210,Servicio de Catastro e Información Territorial,IGN
2020,7119,2020-09-21,Lunes,,17:30:00,,0.0,1,Automóvil,San Luis Y Rodriguez,2,1,0,0,0,0,1,"-32.945353861043,-60.659380537193",Calle,,ROSARIO,Rosario,Asfalto,No existe,II,Dentro,Urbana,Ninguna,No existe,Intersección,Bueno,S/D,Diurna,S/D,S/D,S/D,Otro,Ninguna,Faltante,Ninguna,Sin restricción,"-32.945353861043,-60.659380537193","['San Luis', 'Rodríguez']",2,,-32.945353861043,-60.659380537193,55.0,538.0,Municipio Rosario,Municipio,Rosario,820210,Servicio de Catastro e Información Territorial,IGN
2020,7120,2020-09-21,Lunes,,11:00:00,,0.0,1,Moto/Ciclomotor,Junin ,1,0,1,0,0,0,0,"-32.92696753861,-60.690591779018",Calle,,ROSARIO,Rosario,S/D,S/D,II,Dentro,Urbana,S/D,S/D,Recta,S/D,S/D,Diurna,S/D,S/D,S/D,Otro,S/D,S/D,S/D,S/D,"-32.92696753861,-60.690591779018",['Junín'],1,,-32.92696753861,-60.690591779018,55.0,538.0,Municipio Rosario,Municipio,Rosario,820210,Servicio de Catastro e Información Territorial,IGN
2020,7121,2020-09-21,Lunes,,05:00:00,,0.0,1,Automóvil,Av. Arijon Y Bv. Oro�o,2,2,0,0,0,0,0,"-33.003443019282,-60.664794377157",Avenida,,ROSARIO,Rosario,Asfalto,No existe,II,Dentro,Urbana,Semáforo,Funciona,Intersección,Bueno,S/D,"Nocturna,Con luz artificial",S/D,S/D,S/D,Otro,Ninguna,"Horizontal,Vertical",Cordón divisorio,Sin restricción,"-33.003443019282,-60.664794377157","['Avenida Manuel Arijón', 'Bulevar Nicasio Oroño']",2,,-33.003443019282,-60.664794377157,55.0,538.0,Municipio Rosario,Municipio,Rosario,820210,Servicio de Catastro e Información Territorial,IGN
2020,7122,2020-09-21,Lunes,,22:00:00,,0.0,1,Moto/Ciclomotor,Av. Ovidio Lagos ,1,0,1,0,0,0,0,"-33.001770973205524,-60.67569851875",Calle,,ROSARIO,Rosario,S/D,S/D,II,Dentro,Urbana,S/D,S/D,Recta,S/D,S/D,Nocturna,S/D,S/D,S/D,Otro,S/D,S/D,S/D,S/D,"-33.001770973205524,-60.67569851875",['Avenida Ovidio Lagos'],1,,-33.001770973205524,-60.67569851875,55.0,538.0,Municipio Rosario,Municipio,Rosario,820210,Servicio de Catastro e Información Territorial,IGN
2020,7123,2020-09-20,Domingo,,18:00:00,,0.0,1,Otros,Bv. Oroño Y Lamadrid,1,0,1,0,0,0,0,"-32.997601733865,-60.665001804409",Avenida,,ROSARIO,Rosario,Asfalto,No existe,II,Dentro,Urbana,Semáforo,Funciona,Intersección,Bueno,S/D,Diurna,S/D,S/D,S/D,Otro,S/D,"Horizontal,Vertical",Cordón divisorio,Sin restricción,"-32.997601733865,-60.665001804409","['Bulevar Nicasio Oroño', 'Lamadrid']",2,,-32.997601733865,-60.665001804409,55.0,538.0,Municipio Rosario,Municipio,Rosario,820210,Servicio de Catastro e Información Territorial,IGN
2020,7124,2020-09-20,Domingo,,21:00:00,,0.0,3,"Peatón,Automóvil,Moto/Ciclomotor",Galvez Y Rodriguez,3,0,1,0,0,0,2,"-32.96506880794,-60.664367231982",Calle,,ROSARIO,Rosario,Asfalto,No existe,II,Dentro,Urbana,Señal Pare,No existe,Intersección,Bueno,Buena,"Nocturna,Con luz artificial",S/D,S/D,Peatón,Atropello,Ninguna,Vertical,Ninguna,Sin restricción,"-32.96506880794,-60.664367231982","['Galvez', 'Rodríguez']",2,,-32.96506880794,-60.664367231982,55.0,538.0,Municipio Rosario,Municipio,Rosario,820210,Servicio de Catastro e Información Territorial,IGN
2020,7125,2020-09-20,Domingo,,15:00:00,,0.0,2,"Bicicleta,Otros",Montevideo Y Suipacha,2,1,0,0,0,0,1,"-32.951486409958,-60.666618583925",Calle,,ROSARIO,Rosario,Asfalto,No existe,II,Dentro,Urbana,Señal Pare,No existe,Intersección,Bueno,S/D,Diurna,S/D,S/D,Ciclista,Atropello,Ninguna,Vertical,Ninguna,Sin restricción,"-32.951486409958,-60.666618583925","['Montevideo', 'Suipacha']",2,,-32.951486409958,-60.666618583925,55.0,538.0,Municipio Rosario,Municipio,Rosario,820210,Servicio de Catastro e Información Territorial,IGN
2020,7126,2020-09-20,Domingo,,01:00:00,,0.0,1,Moto/Ciclomotor,Ongamira ,2,1,0,0,0,0,1,"-32.882992440762,-60.707029547033",Calle,,ROSARIO,Rosario,S/D,S/D,II,Dentro,Urbana,S/D,S/D,Recta,S/D,S/D,Nocturna,S/D,S/D,S/D,Otro,S/D,S/D,S/D,S/D,"-32.882992440762,-60.707029547033",['Ongamira'],1,,-32.882992440762,-60.707029547033,55.0,538.0,Municipio Rosario,Municipio,Rosario,820210,Servicio de Catastro e Información Territorial,IGN
2020,7127,2020-09-20,Domingo,,14:35:00,,0.0,1,Otros,J.J.Paso Y Solis,1,1,0,0,0,0,0,"-32.919947861216,-60.704202420897",Calle,,ROSARIO,Rosario,Asfalto,No existe,II,Dentro,Urbana,Semáforo,Funciona,Intersección,Bueno,S/D,Diurna,S/D,S/D,S/D,S/D,Ninguna,"Horizontal,Vertical",Ninguna,Sin restricción,"-32.919947861216,-60.704202420897","['Paso', 'Solis']",2,,-32.919947861216,-60.704202420897,55.0,538.0,Municipio Rosario,Municipio,Rosario,820210,Servicio de Catastro e Información Territorial,IGN
2020,7128,2020-09-20,Domingo,,07:00:00,,0.0,1,Moto/Ciclomotor,España Y La Paz,1,1,0,0,0,0,0,"-32.962663611589,-60.650980292862",Calle,,ROSARIO,Rosario,Asfalto,No existe,II,Dentro,Urbana,Ninguna,No existe,Intersección,Bueno,S/D,Amanecer,S/D,S/D,S/D,Otro,Ninguna,Faltante,Ninguna,Sin restricción,"-32.962663611589,-60.650980292862","['España', 'La Paz']",2,,-32.962663611589,-60.650980292862,55.0,538.0,Municipio Rosario,Municipio,Rosario,820210,Servicio de Catastro e Información Territorial,IGN
2020,7129,2020-09-19,Sabado,,17:00:00,,0.0,1,Moto/Ciclomotor, ,1,1,0,0,0,0,0,"-32.95817760227484,-60.666264034822",S/D,,ROSARIO,Rosario,S/D,S/D,II,S/D,S/D,S/D,S/D,S/D,S/D,S/D,Diurna,S/D,S/D,S/D,Otro,S/D,S/D,S/D,S/D,"-32.95817760227484,-60.666264034822",[''],0,,-32.95817760227484,-60.666264034822,55.0,538.0,Municipio Rosario,Municipio,Rosario,820210,Servicio de Catastro e Información Territorial,IGN
2020,7131,2020-09-19,Sabado,,14:30:00,,0.0,2,"Moto/Ciclomotor,Automóvil",Arteaga Y Rafael Arrieta,2,1,0,0,0,0,1,"-33.0093048965,-60.643465129652",Calle,,ROSARIO,Rosario,Asfalto,No existe,II,Dentro,Urbana,Ninguna,No existe,Intersección,Bueno,S/D,Diurna,S/D,Lateral,S/D,Colisión,Ninguna,Faltante,Ninguna,Sin restricción,"-33.0093048965,-60.643465129652","['Arteaga', 'Rafael Arrieta']",2,,-33.0093048965,-60.643465129652,55.0,538.0,Municipio Rosario,Municipio,Rosario,820210,Servicio de Catastro e Información Territorial,IGN
2020,7133,2020-09-19,Sabado,,11:40:00,,0.0,1,Moto/Ciclomotor, ,1,1,0,0,0,0,0,"-32.95817760227484,-60.666264034822",S/D,,ROSARIO,Rosario,S/D,S/D,II,S/D,S/D,S/D,S/D,S/D,S/D,S/D,Diurna,S/D,S/D,S/D,Otro,S/D,S/D,S/D,S/D,"-32.95817760227484,-60.666264034822",[''],0,,-32.95817760227484,-60.666264034822,55.0,538.0,Municipio Rosario,Municipio,Rosario,820210,Servicio de Catastro e Información Territorial,IGN
2020,7135,2020-09-18,Viernes,,21:50:00,,0.0,1,Moto/Ciclomotor,MONTE DE HAEDO ,1,0,1,0,0,0,0,"-32.95817760227484,-60.666264034822",S/D,,ROSARIO,Rosario,S/D,S/D,II,S/D,S/D,S/D,S/D,S/D,S/D,S/D,Nocturna,S/D,S/D,S/D,Otro,S/D,S/D,S/D,S/D,"-32.95817760227484,-60.666264034822",['Monte De Haedo'],1,,-32.95817760227484,-60.666264034822,55.0,538.0,Municipio Rosario,Municipio,Rosario,820210,Servicio de Catastro e Información Territorial,IGN
2020,7139,2020-12-17,Jueves,,09:30:00,,0.0,2,"Automóvil,Automóvil",Estado de Israel Y Pje. Florencia,2,2,0,0,0,0,0,"-32.99214, -60.6588",Calle,,ROSARIO,Rosario,Asfalto,No existe,II,Dentro,Urbana,Ninguna,No existe,Intersección,Bueno,Buena,Diurna,Buen Tiempo,Lateral,S/D,Colisión,Ninguna,Faltante,Ninguna,Sin restricción,"-32.99214, -60.6588","['Estado de Israel', 'Florencia']",2,,-32.99214,-60.6588,55.0,538.0,Municipio Rosario,Municipio,Rosario,820210,Servicio de Catastro e Información Territorial,IGN
2020,7142,2020-12-17,Jueves,,12:15:00,,0.0,2,"Moto/Ciclomotor,Moto/Ciclomotor",Albert Sabin Y Junin,2,1,0,0,1,0,0,"-32.92668, -60.67994",Avenida,,ROSARIO,Rosario,Asfalto,S/D,II,S/D,Urbana,Ninguna,S/D,Intersección,Bueno,S/D,Diurna,Buen Tiempo,Lateral,S/D,Colisión,S/D,S/D,Cordón divisorio,S/D,"-32.92668, -60.67994","['Avenida Travesía Albert Sabin', 'Junín']",2,,-32.92668,-60.67994,55.0,538.0,Municipio Rosario,Municipio,Rosario,820210,Servicio de Catastro e Información Territorial,IGN
2020,7144,2020-12-17,Jueves,,17:45:00,,0.0,2,"Moto/Ciclomotor,Automóvil",Velez Sarsfield Y Stephenson Bis,2,1,0,0,1,0,0,"-32.92499, -60.67914",Calle,,ROSARIO,Rosario,Asfalto,S/D,II,S/D,Urbana,S/D,S/D,Intersección,Bueno,Buena,Diurna,Buen Tiempo,Lateral,S/D,Colisión,S/D,S/D,Cordón divisorio,S/D,"-32.92499, -60.67914","['Vélez Sarsfield', 'Stephenson']",2,,-32.92499,-60.67914,55.0,538.0,Municipio Rosario,Municipio,Rosario,820210,Servicio de Catastro e Información Territorial,IGN
2020,7145,2020-09-16,Miercoles,,12:00:00,,0.0,2,"Bicicleta,Automóvil",Mitre 1200,2,1,0,0,0,0,1,"-32.951252156343,-60.640823270042",Calle,,ROSARIO,Rosario,Asfalto,No existe,II,Dentro,Urbana,Ninguna,No existe,Intersección,Bueno,S/D,Diurna,S/D,S/D,Ciclista,Atropello,Ninguna,Faltante,Ninguna,Sin restricción,"-32.951252156343,-60.640823270042",['Mitre 1200'],1,,-32.951252156343,-60.640823270042,55.0,538.0,Municipio Rosario,Municipio,Rosario,820210,Servicio de Catastro e Información Territorial,IGN
2020,7146,2020-12-17,Jueves,,18:30:00,,0.0,2,"Bicicleta,Pickup/Utilitario",Av. E.Lopez Y Av. Francia Bis,2,1,0,0,1,0,0,"-32.92519, -60.66122",Avenida,,ROSARIO,Rosario,Asfalto,S/D,II,S/D,Urbana,Ninguna,S/D,Rotonda,Bueno,Buena,Atardecer,Buen Tiempo,S/D,Ciclista,Atropello,S/D,Vertical,Cordón divisorio,S/D,"-32.92519, -60.66122","['Lopez', 'Avenida Francia']",2,,-32.92519,-60.66122,55.0,538.0,Municipio Rosario,Municipio,Rosario,820210,Servicio de Catastro e Información Territorial,IGN
2020,7147,2020-09-16,Miercoles,,14:00:00,,0.0,1,Moto/Ciclomotor,Av. Pellegrini Y Paraguay,1,1,0,0,0,0,0,"-32.956213047155,-60.646449660331",Avenida,,ROSARIO,Rosario,Asfalto,No existe,II,Dentro,Urbana,Semáforo,Funciona,Intersección,Bueno,S/D,Diurna,S/D,S/D,S/D,Otro,Ninguna,"Horizontal,Vertical",Cordón divisorio,Sin restricción,"-32.956213047155,-60.646449660331","['Pellegrini', 'Paraguay']",2,,-32.956213047155,-60.646449660331,55.0,538.0,Municipio Rosario,Municipio,Rosario,820210,Servicio de Catastro e Información Territorial,IGN
2020,7148,2020-09-16,Miercoles,,10:30:00,,0.0,2,"Bicicleta,Otros",Montevideo 1700,2,1,0,0,0,0,1,"-32.954643239499,-60.648957389788",Calle,,ROSARIO,Rosario,Asfalto,No existe,II,Dentro,Urbana,Marca Vial,No existe,Recta,Bueno,S/D,Diurna,Buen Tiempo,S/D,Ciclista,Atropello,Ninguna,Horizontal,Ninguna,Sin restricción,"-32.954643239499,-60.648957389788",['Montevideo 1700'],1,,-32.954643239499,-60.648957389788,55.0,538.0,Municipio Rosario,Municipio,Rosario,820210,Servicio de Catastro e Información Territorial,IGN
2020,7149,2020-09-16,Miercoles,,18:50:00,,0.0,1,Moto/Ciclomotor,Mariano Moreno ,1,1,0,0,0,0,0,"-32.964761575213,-60.655749304647",Calle,,ROSARIO,Rosario,Asfalto,S/D,II,Dentro,Urbana,S/D,S/D,Recta,S/D,S/D,Diurna,S/D,S/D,S/D,Otro,S/D,S/D,S/D,S/D,"-32.964761575213,-60.655749304647",['Mariano Moreno'],1,,-32.964761575213,-60.655749304647,55.0,538.0,Municipio Rosario,Municipio,Rosario,820210,Servicio de Catastro e Información Territorial,IGN
2020,7150,2020-12-17,Jueves,,15:00:00,,0.0,2,"Bicicleta,Automóvil",Morcillo 2400,2,1,0,0,1,0,0,"-32.954984279536,-60.659318123721",Avenida,,ROSARIO,Rosario,Asfalto,No existe,II,Dentro,Urbana,Ninguna,No existe,Recta,Bueno,Buena,Diurna,Buen Tiempo,S/D,Ciclista,Atropello,Ninguna,Faltante,Ninguna,Sin restricción,"-32.954984279536,-60.659318123721",['Morcillo 2400'],1,,-32.954984279536,-60.659318123721,55.0,538.0,Municipio Rosario,Municipio,Rosario,820210,Servicio de Catastro e Información Territorial,IGN
2020,7151,2020-12-17,Jueves,,14:00:00,,0.0,2,"Moto/Ciclomotor,Taxi/Remis",Av. Francia 2800,2,1,0,0,1,0,0,"-32.96499, -60.67151",Avenida,,ROSARIO,Rosario,Asfalto,S/D,II,Dentro,Urbana,Ninguna,S/D,Recta,Bueno,Buena,Diurna,Buen Tiempo,Lateral,S/D,Colisión,Ninguna,S/D,Ninguna,Sin restricción,"-32.96499, -60.67151",['Francia 2800'],1,,-32.96499,-60.67151,55.0,538.0,Municipio Rosario,Municipio,Rosario,820210,Servicio de Catastro e Información Territorial,IGN
2020,7152,2020-09-15,Martes,,20:00:00,,0.0,1,Moto/Ciclomotor,Campbell ,1,1,0,0,0,0,0,"-32.975780, -60.706364",Calle,,ROSARIO,Rosario,Asfalto,S/D,II,Dentro,Urbana,S/D,S/D,Recta,S/D,S/D,Nocturna,S/D,S/D,S/D,Otro,S/D,S/D,S/D,S/D,"-32.975780, -60.706364",['Campbell'],1,,-32.97578,-60.706364,55.0,538.0,Municipio Rosario,Municipio,Rosario,820210,Servicio de Catastro e Información Territorial,IGN
2020,7154,2020-09-15,Martes,,18:00:00,,0.0,2,"Bicicleta,Otros",Blomberg ,2,1,0,0,0,0,1,"-32.88820624351497,-60.719150304794",Calle,,ROSARIO,Rosario,Asfalto,S/D,II,Dentro,Urbana,Ninguna,S/D,Intersección,S/D,S/D,Diurna,S/D,S/D,Ciclista,Atropello,S/D,S/D,Ninguna,S/D,"-32.88820624351497,-60.719150304794",['Blomberg'],1,,-32.88820624351497,-60.719150304794,55.0,538.0,Municipio Rosario,Municipio,Rosario,820210,Servicio de Catastro e Información Territorial,IGN
2020,7156,2020-09-14,Lunes,,22:00:00,,0.0,1,Moto/Ciclomotor,Camilo Aldao ,1,0,1,0,0,0,0,"-32.956784, -60.695323",Calle,,ROSARIO,Rosario,S/D,S/D,II,Dentro,Urbana,S/D,S/D,S/D,S/D,S/D,Nocturna,S/D,S/D,S/D,Otro,S/D,S/D,S/D,S/D,"-32.956784, -60.695323",['Camilo Aldao'],1,,-32.956784,-60.695323,55.0,538.0,Municipio Rosario,Municipio,Rosario,820210,Servicio de Catastro e Información Territorial,IGN
2020,7159,2020-08-02,Domingo,,20:00:00,,0.0,2,"Bicicleta,Otros",Av. Wheelwright Y Italia,2,0,1,0,0,0,1,"-32.93435633182527,-60.645309090614",Avenida,,ROSARIO,Rosario,Asfalto,No existe,II,Dentro,Urbana,Semáforo,Funciona,Intersección,Bueno,S/D,"Nocturna,Con luz artificial",S/D,S/D,Ciclista,Atropello,Ninguna,"Horizontal,Vertical",Cordón divisorio,Sin restricción,"-32.93435633182527,-60.645309090614","['Avenida Guillermo Wheelwright', 'Italia']",2,,-32.93435633182527,-60.645309090614,55.0,538.0,Municipio Rosario,Municipio,Rosario,820210,Servicio de Catastro e Información Territorial,IGN