anio_acci,nro_acci,fecha,desc_dia,fecha_aprox,hora_aprox,desc_ruta,km,cant_participantes,desc_participante,calle_avenida_km,total,heridos_leves,heridos_graves,heridos_gravisimos,ilesos,fallecidos,sin_datos,posicion_XY,desc_tipo_via,desc_ruta_ori,desc_loc,desc_dpto,desc_tipo_calzada,desc_tipo_banquina,desc_unidad_regional,desc_lugar_calzada,desc_zona,desc_prioridad,desc_estado_semaforo,desc_lugar_via,desc_estado_via,desc_estado_visibilidad,desc_luminosidad,desc_estado_clima,desc_tipo_colision,desc_tipo_atropello,desc_tipo_hecho,desc_pres_calzada,desc_senializacion,desc_separacion_via,desc_restriccion,forma_geocod,calle_lista,numero_calles,calles_osm,lat,lon,index_right,gid,fna,gna,nam,in1,fdc,sag
2020,7160,2020-08-22,Sabado,,06:30:00,,0.0,1,Moto/Ciclomotor,Ugarte ,1,0,1,0,0,0,0,"-32.936854002558,-60.755317174269",Calle,,ROSARIO,Rosario,Asfalto,No existe,II,Dentro,Urbana,S/D,S/D,Intersección,Bueno,Buena,Amanecer,Buen Tiempo,S/D,S/D,Otro,Ninguna,S/D,S/D,S/D,"-32.936854002558,-60.755317174269",['Ugarte'],1,,-32.936854002558,-60.755317174269,55.0,538.0,Municipio Rosario,Municipio,Rosario,820210,Servicio de Catastro e Información Territorial,IGN
2020,7161,2020-08-22,Sabado,,12:45:00,,0.0,1,Automóvil,Av. Francia Y Av. Uriburu,1,1,0,0,0,0,0,"-32.991563121583,-60.678271694355",Avenida,,ROSARIO,Rosario,Asfalto,No existe,II,Dentro,Urbana,Semáforo,Funciona,Intersección,Bueno,Buena,Diurna,Buen Tiempo,S/D,S/D,Otro,Ninguna,"Horizontal,Vertical","Cordón divisorio,Vegetación",Sin restricción,"-32.991563121583,-60.678271694355","['Avenida Francia', 'Uriburu']",2,,-32.991563121583,-60.678271694355,55.0,538.0,Municipio Rosario,Municipio,Rosario,820210,Servicio de Catastro e Información Territorial,IGN
2020,7162,2020-08-21,Viernes,,18:30:00,,0.0,1,Moto/Ciclomotor,DERQUI Y JUAN PABLO II,1,1,0,0,0,0,0,"-32.938263838183,-60.721909338128",Calle,,ROSARIO,Rosario,Asfalto,No existe,II,Dentro,Urbana,Señal Pare,No existe,Intersección,Bueno,Buena,Diurna,Buen Tiempo,S/D,S/D,Otro,Ninguna,Vertical,Ninguna,Sin restricción,"-32.938263838183,-60.721909338128","['Derqui', 'Juan Pablo II']",2,,-32.938263838183,-60.721909338128,55.0,538.0,Municipio Rosario,Municipio,Rosario,820210,Servicio de Catastro e Información Territorial,IGN
2020,7163,2020-08-21,Viernes,,19:30:00,,0.0,2,"Peatón,Otros",Bv. Segui Y Camilo Aldao,2,1,0,0,0,0,1,"-32.970468244672,-60.694799458315",Avenida,,ROSARIO,Rosario,Asfalto,No existe,II,Dentro,Urbana,Ninguna,No existe,Intersección,Bueno,Buena,Atardecer,Buen Tiempo,S/D,Peatón,Atropello,Ninguna,Faltante,Ninguna,Sin restricción,"-32.970468244672,-60.694799458315","['Bulevar Juan Francisco Seguí', 'Camilo Aldao']",2,,-32.970468244672,-60.694799458315,55.0,538.0,Municipio Rosario,Municipio,Rosario,820210,Servicio de Catastro e Información Territorial,IGN
2020,7164,2020-08-21,Viernes,,18:30:00,,0.0,1,Moto/Ciclomotor,Rio De Janeiro ,1,1,0,0,0,0,0,"-32.966091461465,-60.687379836115",Calle,,ROSARIO,Rosario,Asfalto,No existe,II,Dentro,Urbana,S/D,S/D,Recta,S/D,Buena,Diurna,Buen Tiempo,S/D,S/D,Otro,Ninguna,S/D,"Ninguna,S/D",Sin restricción,"-32.966091461465,-60.687379836115",['Río de Janeiro'],1,,-32.966091461465,-60.687379836115,55.0,538.0,Municipio Rosario,Municipio,Rosario,820210,Servicio de Catastro e Información Territorial,IGN
2020,7165,2020-08-21,Viernes,,18:30:00,,0.0,1,Moto/Ciclomotor,Alsina Y Garay,1,1,0,0,0,0,0,"-32.967625879118,-60.683489380721",Calle,,ROSARIO,Rosario,Asfalto,No existe,II,Dentro,Urbana,Ninguna,No existe,Intersección,Deteriorada,Buena,Diurna,Buen Tiempo,S/D,S/D,Otro,Ninguna,Faltante,Ninguna,Sin restricción,"-32.967625879118,-60.683489380721","['Alsina', 'Garay']",2,,-32.967625879118,-60.683489380721,55.0,538.0,Municipio Rosario,Municipio,Rosario,820210,Servicio de Catastro e Información Territorial,IGN
2020,7166,2020-08-21,Viernes,,12:00:00,,0.0,1,Moto/Ciclomotor,Bv. Oroño ,1,1,0,0,0,0,0,"-32.966595723321,-60.6592015842",Avenida,,ROSARIO,Rosario,Asfalto,No existe,II,Dentro,Urbana,S/D,S/D,Intersección,Bueno,Buena,Diurna,Buen Tiempo,S/D,S/D,Otro,Ninguna,S/D,"Cordón divisorio,Vegetación",Sin restricción,"-32.966595723321,-60.6592015842",['Nicasio Oroñoño'],1,,-32.966595723321,-60.6592015842,55.0,538.0,Municipio Rosario,Municipio,Rosario,820210,Servicio de Catastro e Información Territorial,IGN
2020,7167,2020-08-20,Jueves,,,,0.0,1,Moto/Ciclomotor,Rivarola 7300,2,2,0,0,0,0,0,"-32.965974608509,-60.719142077724",Calle,,ROSARIO,Rosario,Asfalto,No existe,II,Dentro,Urbana,Semáforo,Funciona,Intersección,Bueno,Buena,S/D,Buen Tiempo,S/D,S/D,Otro,Ninguna,Vertical,Ninguna,Sin restricción,"-32.965974608509,-60.719142077724",['Rivarola 7300'],1,,-32.965974608509,-60.719142077724,55.0,538.0,Municipio Rosario,Municipio,Rosario,820210,Servicio de Catastro e Información Territorial,IGN
2020,7169,2020-08-21,Viernes,,00:05:00,,0.0,2,"Bicicleta,Automóvil",Pte.Quintana Y Rodriguez,2,1,0,0,0,0,1,"-32.978823479484,-60.667833145464",Calle,,ROSARIO,Rosario,Asfalto,No existe,II,Dentro,Urbana,Ninguna,No existe,Intersección,Bueno,Buena,Diurna,Buen Tiempo,S/D,S/D,Colisión,Ninguna,Faltante,Ninguna,Sin restricción,"-32.978823479484,-60.667833145464","['Quintana', 'Rodríguez']",2,,-32.978823479484,-60.667833145464,55.0,538.0,Municipio Rosario,Municipio,Rosario,820210,Servicio de Catastro e Información Territorial,IGN
2020,7170,2020-08-20,Jueves,,15:30:00,,0.0,1,Moto/Ciclomotor,Barra ,1,1,0,0,0,0,0,"-32.97117690143,-60.705598655634",Calle,,ROSARIO,Rosario,Asfalto,No existe,II,Dentro,Urbana,S/D,S/D,Intersección,Bueno,Buena,Diurna,Buen Tiempo,S/D,S/D,Otro,Ninguna,S/D,S/D,Sin restricción,"-32.97117690143,-60.705598655634",['Barra'],1,,-32.97117690143,-60.705598655634,55.0,538.0,Municipio Rosario,Municipio,Rosario,820210,Servicio de Catastro e Información Territorial,IGN
2020,7171,2020-08-20,Jueves,,09:00:00,,0.0,2,"Moto/Ciclomotor,Moto/Ciclomotor",Camilo Aldao ,2,2,0,0,0,0,0,"-32.97606950943,-60.69458658318",Calle,,ROSARIO,Rosario,Asfalto,No existe,II,Dentro,Urbana,S/D,S/D,Intersección,Bueno,Buena,Diurna,Buen Tiempo,S/D,S/D,Colisión,Ninguna,S/D,S/D,Sin restricción,"-32.97606950943,-60.69458658318",['Camilo Aldao'],1,,-32.97606950943,-60.69458658318,55.0,538.0,Municipio Rosario,Municipio,Rosario,820210,Servicio de Catastro e Información Territorial,IGN
2020,7172,2020-08-18,Martes,,06:45:00,,0.0,2,"Otros,Bicicleta",Bv. 27 De Febrero Y Constitucion,2,1,0,0,0,0,1,"-32.961159469405,-60.67900992246",Avenida,,ROSARIO,Rosario,Asfalto,No existe,II,Dentro,Urbana,Semáforo,Funciona,Intersección,Bueno,Buena,Diurna,Buen Tiempo,S/D,Ciclista,Atropello,Ninguna,Vertical,Cordón divisorio,Sin restricción,"-32.961159469405,-60.67900992246","['27 de Febrero', 'Constitución']",2,,-32.961159469405,-60.67900992246,55.0,538.0,Municipio Rosario,Municipio,Rosario,820210,Servicio de Catastro e Información Territorial,IGN
2020,7173,2020-08-18,Martes,,18:20:00,,0.0,2,"Automóvil,Bicicleta",Av. Corrientes Y Dean Funes,2,1,0,0,0,0,1,"-32.974878710355,-60.649702364765",Avenida,,ROSARIO,Rosario,Asfalto,No existe,II,Dentro,Urbana,Ninguna,No existe,Intersección,Bueno,Buena,Atardecer,Buen Tiempo,S/D,S/D,Colisión,Ninguna,Faltante,Ninguna,Sin restricción,"-32.974878710355,-60.649702364765","['Corrientes', 'Deán Gregorio Funes']",2,,-32.974878710355,-60.649702364765,55.0,538.0,Municipio Rosario,Municipio,Rosario,820210,Servicio de Catastro e Información Territorial,IGN
2020,7174,2020-08-17,Lunes,,21:15:00,,0.0,1,Moto/Ciclomotor,Aurora Y Crespo,1,1,0,0,0,0,0,"-32.999562063446,-60.680701592071",Calle,,ROSARIO,Rosario,Asfalto,No existe,II,Dentro,Urbana,Ninguna,No existe,Intersección,Bueno,Buena,Diurna,Buen Tiempo,S/D,S/D,Otro,Ninguna,Faltante,Ninguna,Sin restricción,"-32.999562063446,-60.680701592071","['Aurora', 'Crespo']",2,,-32.999562063446,-60.680701592071,55.0,538.0,Municipio Rosario,Municipio,Rosario,820210,Servicio de Catastro e Información Territorial,IGN
2020,7175,2020-08-17,Lunes,,00:05:00,,0.0,2,"Otros,Bicicleta",Alsina Y Virasoro,2,1,0,0,0,0,1,"-32.96304001783,-60.682325878417",Calle,,ROSARIO,Rosario,Asfalto,No existe,II,Dentro,Urbana,Ninguna,No existe,Intersección,Bueno,Buena,Diurna,Buen Tiempo,S/D,S/D,Colisión,Ninguna,Faltante,Ninguna,Sin restricción,"-32.96304001783,-60.682325878417","['Alsina', 'Virasoro']",2,,-32.96304001783,-60.682325878417,55.0,538.0,Municipio Rosario,Municipio,Rosario,820210,Servicio de Catastro e Información Territorial,IGN
2020,7176,2020-08-17,Lunes,,22:00:00,,0.0,2,"Otros,Peatón",Av. Eva Peron Y Garzon,2,1,0,0,0,0,1,"-32.934202166397,-60.70596549482",Avenida,,ROSARIO,Rosario,Asfalto,No existe,II,Dentro,Urbana,Semáforo,Funciona,Intersección,Bueno,Buena,Diurna,Buen Tiempo,S/D,Peatón,Atropello,Ninguna,"Horizontal,Vertical","Cordón divisorio,Línea divisoria pintada",Sin restricción,"-32.934202166397,-60.70596549482","['Avenida Eva Perón', 'Garzón']",2,,-32.934202166397,-60.70596549482,55.0,538.0,Municipio Rosario,Municipio,Rosario,820210,Servicio de Catastro e Información Territorial,IGN
2020,7177,2020-08-17,Lunes,,16:30:00,,0.0,1,Moto/Ciclomotor,Av. Battle y Ordo�ez Y Bv. Avellaneda,1,1,0,0,0,0,0,"-33.010086349922,-60.689433158117",Avenida,,ROSARIO,Rosario,Asfalto,No existe,II,Dentro,Urbana,Otra Señal,No existe,Intersección,Bueno,Buena,Diurna,Buen Tiempo,S/D,S/D,Otro,Ninguna,Vertical,Ninguna,Sin restricción,"-33.010086349922,-60.689433158117","['Avenida Battle y Ordoñez', 'Avellaneda']",2,,-33.010086349922,-60.689433158117,55.0,538.0,Municipio Rosario,Municipio,Rosario,820210,Servicio de Catastro e Información Territorial,IGN
2020,7179,2020-08-17,Lunes,,17:00:00,,0.0,2,"Automóvil,Moto/Ciclomotor",Bv. Avellaneda Y Dr.Rivas,2,1,0,0,0,0,1,"-32.976338435113,-60.688405503508",Avenida,,ROSARIO,Rosario,Asfalto,No existe,II,Dentro,Urbana,Ninguna,No existe,Intersección,Bueno,Buena,Diurna,Buen Tiempo,S/D,S/D,Colisión,Ninguna,Faltante,Cordón divisorio,Sin restricción,"-32.976338435113,-60.688405503508","['Avellaneda', 'Doctor Francisco Riva']",2,,-32.976338435113,-60.688405503508,55.0,538.0,Municipio Rosario,Municipio,Rosario,820210,Servicio de Catastro e Información Territorial,IGN
2020,7180,2020-08-16,Domingo,,20:00:00,,0.0,2,"Otros,Bicicleta",Biedma ,2,0,1,0,0,0,1,"-32.973919724351,-60.688638867693",Calle,,ROSARIO,Rosario,Asfalto,No existe,II,Dentro,Urbana,S/D,S/D,Recta,Bueno,Buena,Nocturna,Buen Tiempo,S/D,Ciclista,Atropello,Ninguna,S/D,S/D,Sin restricción,"-32.973919724351,-60.688638867693",['Biedma'],1,,-32.973919724351,-60.688638867693,55.0,538.0,Municipio Rosario,Municipio,Rosario,820210,Servicio de Catastro e Información Territorial,IGN
2020,7181,2020-08-11,Martes,,19:00:00,,0.0,1,Moto/Ciclomotor,Av. Castro Barros ,1,1,0,0,0,0,0,"-33.001887771878,-60.629457132692",Avenida,,ROSARIO,Rosario,Asfalto,No existe,II,Dentro,Urbana,S/D,S/D,Intersección,Bueno,Buena,Atardecer,Buen Tiempo,S/D,S/D,Otro,Ninguna,S/D,S/D,Sin restricción,"-33.001887771878,-60.629457132692",['Castro Barros'],1,,-33.001887771878,-60.629457132692,55.0,538.0,Municipio Rosario,Municipio,Rosario,820210,Servicio de Catastro e Información Territorial,IGN
2020,7182,2020-08-15,Sabado,,19:30:00,,0.0,1,Moto/Ciclomotor,Dr.Rivas Y San Martin,1,1,0,0,0,0,0,"-32.984076443072,-60.64519298032",Calle,,ROSARIO,Rosario,Asfalto,No existe,II,Dentro,Urbana,Semáforo,Funciona,Intersección,Bueno,Buena,Atardecer,Buen Tiempo,S/D,S/D,Otro,Ninguna,"Horizontal,Vertical","Cordón divisorio,Vegetación,Línea divisoria pintada",Sin restricción,"-32.984076443072,-60.64519298032","['Doctor Francisco Riva', 'San Martin']",2,,-32.984076443072,-60.64519298032,55.0,538.0,Municipio Rosario,Municipio,Rosario,820210,Servicio de Catastro e Información Territorial,IGN
2020,7183,2020-08-16,Domingo,,00:05:00,,0.0,1,Moto/Ciclomotor,Ituzaingo Y Liniers,1,1,0,0,0,0,0,"-32.951807168661,-60.698092848154",Calle,,ROSARIO,Rosario,Asfalto,No existe,II,Dentro,Urbana,Ninguna,No existe,Intersección,Bueno,Buena,Diurna,Buen Tiempo,S/D,S/D,Otro,Ninguna,Faltante,Ninguna,Sin restricción,"-32.951807168661,-60.698092848154","['Ituzaingó', 'Liniers']",2,,-32.951807168661,-60.698092848154,55.0,538.0,Municipio Rosario,Municipio,Rosario,820210,Servicio de Catastro e Información Territorial,IGN
2020,7184,2020-08-15,Sabado,,18:00:00,,0.0,1,Moto/Ciclomotor,Camilo Aldao 1800,2,2,0,0,0,0,0,"-32.949331201905,-60.695622724347",Calle,,ROSARIO,Rosario,Asfalto,No existe,II,Dentro,Urbana,Ninguna,No existe,Intersección,Bueno,Buena,Diurna,Buen Tiempo,S/D,S/D,Otro,Ninguna,Faltante,Ninguna,Sin restricción,"-32.949331201905,-60.695622724347",['Camilo Aldao 1800'],1,,-32.949331201905,-60.695622724347,55.0,538.0,Municipio Rosario,Municipio,Rosario,820210,Servicio de Catastro e Información Territorial,IGN
2020,7185,2020-08-15,Sabado,,14:30:00,,0.0,1,Moto/Ciclomotor,Pasco Y San Martin,1,1,0,0,0,0,0,"-32.959830875752,-60.639986235476",Calle,,ROSARIO,Rosario,Asfalto,No existe,II,Dentro,Urbana,Señal Pare,No existe,Intersección,Bueno,Buena,Diurna,Buen Tiempo,S/D,S/D,Otro,Ninguna,"Horizontal,Vertical",Ninguna,Sin restricción,"-32.959830875752,-60.639986235476","['Pasco', 'San Martin']",2,,-32.959830875752,-60.639986235476,55.0,538.0,Municipio Rosario,Municipio,Rosario,820210,Servicio de Catastro e Información Territorial,IGN
2020,7186,2020-08-15,Sabado,,17:00:00,,0.0,2,"Moto/Ciclomotor,Moto/Ciclomotor",Matienzo Y Mendoza,2,2,0,0,0,0,0,"-32.941667307822,-60.694631439793",Calle,,ROSARIO,Rosario,Asfalto,No existe,II,Dentro,Urbana,Semáforo,Funciona,Intersección,Bueno,Buena,Diurna,Buen Tiempo,S/D,S/D,Colisión,Ninguna,"Horizontal,Vertical",Línea divisoria pintada,Sin restricción,"-32.941667307822,-60.694631439793","['Matienzo', 'Mendoza']",2,,-32.941667307822,-60.694631439793,55.0,538.0,Municipio Rosario,Municipio,Rosario,820210,Servicio de Catastro e Información Territorial,IGN
2020,7187,2020-08-15,Sabado,,15:20:00,,0.0,1,Automóvil,Ayala Gauna Y Donado,1,1,0,0,0,0,0,"-32.912327817297,-60.728220808467",Calle,,ROSARIO,Rosario,Asfalto,No existe,II,Dentro,Urbana,Ninguna,No existe,Intersección,Bueno,Buena,Diurna,Buen Tiempo,S/D,S/D,Otro,Ninguna,Faltante,Cordón divisorio,Sin restricción,"-32.912327817297,-60.728220808467","['Ayala Gauna', 'Donado']",2,,-32.912327817297,-60.728220808467,55.0,538.0,Municipio Rosario,Municipio,Rosario,820210,Servicio de Catastro e Información Territorial,IGN
2020,7188,2020-08-15,Sabado,,00:05:00,,0.0,1,Moto/Ciclomotor,Pte.Quintana Y Pte.Roca,1,1,0,0,0,0,0,"-32.981264962205,-60.654209878768",Calle,,ROSARIO,Rosario,Asfalto,No existe,II,Dentro,Urbana,Ninguna,No existe,Intersección,Bueno,Buena,Diurna,Buen Tiempo,S/D,S/D,Otro,Ninguna,Faltante,Ninguna,Sin restricción,"-32.981264962205,-60.654209878768","['Quintana', 'Roca']",2,,-32.981264962205,-60.654209878768,55.0,538.0,Municipio Rosario,Municipio,Rosario,820210,Servicio de Catastro e Información Territorial,IGN
2020,7190,2020-08-14,Viernes,,18:00:00,,0.0,2,"Bicicleta,Otros", ,2,1,0,0,0,0,1,"-32.95817760227484,-60.666264034822",S/D,,ROSARIO,Rosario,S/D,S/D,II,Dentro,Urbana,S/D,S/D,S/D,S/D,Buena,Diurna,Buen Tiempo,S/D,Ciclista,Atropello,Ninguna,S/D,S/D,Sin restricción,"-32.95817760227484,-60.666264034822",[''],0,,-32.95817760227484,-60.666264034822,55.0,538.0,Municipio Rosario,Municipio,Rosario,820210,Servicio de Catastro e Información Territorial,IGN
2020,7191,2020-08-14,Viernes,,20:00:00,,0.0,1,Automóvil,Cullen Y San Lorenzo,1,1,0,0,0,0,0,"-32.934428445457,-60.709395244773",Calle,,ROSARIO,Rosario,Asfalto,No existe,II,Dentro,Urbana,Ninguna,No existe,Intersección,Bueno,Buena,Nocturna,Buen Tiempo,Contra objeto fijo,S/D,Colisión,Ninguna,Faltante,Ninguna,Sin restricción,"-32.934428445457,-60.709395244773","['Cullen', 'San Lorenzo']",2,,-32.934428445457,-60.709395244773,55.0,538.0,Municipio Rosario,Municipio,Rosario,820210,Servicio de Catastro e Información Territorial,IGN
2020,7192,2020-08-13,Jueves,,23:15:00,,0.0,1,Automóvil,Cafferata Y Ituzaingo,1,1,0,0,0,0,0,"-32.954844945883,-60.674556661704",Calle,,ROSARIO,Rosario,Asfalto,No existe,II,Dentro,Urbana,Ninguna,No existe,Intersección,Bueno,Buena,Diurna,Buen Tiempo,Contra objeto fijo,S/D,Colisión,Ninguna,Faltante,Ninguna,Sin restricción,"-32.954844945883,-60.674556661704","['Cafferata', 'Ituzaingó']",2,,-32.954844945883,-60.674556661704,55.0,538.0,Municipio Rosario,Municipio,Rosario,820210,Servicio de Catastro e Información Territorial,IGN
2020,7194,2020-08-13,Jueves,,20:30:00,,0.0,2,"Moto/Ciclomotor,Moto/Ciclomotor",J. B. JUSTO Y JUAN PABLO II,2,2,0,0,0,0,0,"-32.915174611041,-60.723160290229",Calle,,ROSARIO,Rosario,Asfalto,No existe,II,Dentro,Urbana,Semáforo,Funciona,Intersección,Bueno,Buena,Nocturna,Buen Tiempo,S/D,S/D,Colisión,Ninguna,Vertical,Ninguna,Sin restricción,"-32.915174611041,-60.723160290229","['Justo', 'Juan Pablo II']",2,,-32.915174611041,-60.723160290229,55.0,538.0,Municipio Rosario,Municipio,Rosario,820210,Servicio de Catastro e Información Territorial,IGN
2020,7195,2020-08-12,Miercoles,,20:00:00,,0.0,2,"Moto/Ciclomotor,Moto/Ciclomotor",Callao Y Coulin,2,1,0,0,0,0,1,"-32.987757323864,-60.671517986941",Calle,,ROSARIO,Rosario,Asfalto,No existe,II,Dentro,Urbana,Ninguna,No existe,Intersección,Bueno,Buena,Diurna,Buen Tiempo,S/D,S/D,Colisión,Ninguna,Faltante,Ninguna,Sin restricción,"-32.987757323864,-60.671517986941","['Callao', 'Coulin']",2,,-32.987757323864,-60.671517986941,55.0,538.0,Municipio Rosario,Municipio,Rosario,820210,Servicio de Catastro e Información Territorial,IGN
2020,7196,2020-08-12,Miercoles,,18:00:00,,0.0,1,Moto/Ciclomotor, ,1,1,0,0,0,0,0,"-32.95817760227484,-60.666264034822",S/D,,ROSARIO,Rosario,S/D,S/D,II,S/D,S/D,S/D,S/D,S/D,S/D,Buena,Atardecer,Buen Tiempo,S/D,S/D,Otro,Ninguna,S/D,S/D,S/D,"-32.95817760227484,-60.666264034822",[''],0,,-32.95817760227484,-60.666264034822,55.0,538.0,Municipio Rosario,Municipio,Rosario,820210,Servicio de Catastro e Información Territorial,IGN
2020,7197,2020-08-12,Miercoles,,13:00:00,,0.0,2,"Otros,Bicicleta",Cerrito Y Italia,2,1,0,0,0,0,1,"-32.960127866368,-60.651760434492",Calle,,ROSARIO,Rosario,Asfalto,No existe,II,Dentro,Urbana,Ninguna,No existe,Intersección,Bueno,Buena,Diurna,Buen Tiempo,S/D,Ciclista,Atropello,Ninguna,Faltante,Ninguna,Sin restricción,"-32.960127866368,-60.651760434492","['Cerrito', 'Italia']",2,,-32.960127866368,-60.651760434492,55.0,538.0,Municipio Rosario,Municipio,Rosario,820210,Servicio de Catastro e Información Territorial,IGN
2020,7198,2020-08-02,Domingo,,01:16:00,,0.0,1,Moto/Ciclomotor,Dr.Maradona Y Roullon,1,1,0,0,0,0,0,"-32.979594030864,-60.700726660612",Calle,,ROSARIO,Rosario,Asfalto,No existe,II,Dentro,Urbana,Ninguna,No existe,Intersección,Bueno,S/D,"Nocturna,Con luz artificial",S/D,S/D,S/D,Otro,Ninguna,Faltante,Cordón divisorio,Sin restricción,"-32.979594030864,-60.700726660612","['Doctor Maradona', 'Alfredo Rouillón']",2,,-32.979594030864,-60.700726660612,55.0,538.0,Municipio Rosario,Municipio,Rosario,820210,Servicio de Catastro e Información Territorial,IGN
2020,7199,2020-08-02,Domingo,,16:30:00,,0.0,1,Pickup/Utilitario, ,2,1,0,0,0,0,1,"-32.95817760227484,-60.666264034822",S/D,,ROSARIO,Rosario,S/D,S/D,II,S/D,S/D,S/D,S/D,S/D,S/D,S/D,Diurna,S/D,S/D,S/D,Colisión,S/D,S/D,S/D,S/D,"-32.95817760227484,-60.666264034822",[''],0,,-32.95817760227484,-60.666264034822,55.0,538.0,Municipio Rosario,Municipio,Rosario,820210,Servicio de Catastro e Información Territorial,IGN
2020,7200,2020-08-03,Lunes,,14:33:00,,0.0,1,Moto/Ciclomotor, ,1,1,0,0,0,0,0,"-32.95817760227484,-60.666264034822",S/D,,ROSARIO,Rosario,S/D,S/D,II,S/D,S/D,S/D,S/D,S/D,S/D,S/D,Diurna,S/D,S/D,S/D,Otro,S/D,S/D,S/D,S/D,"-32.95817760227484,-60.666264034822",[''],0,,-32.95817760227484,-60.666264034822,55.0,538.0,Municipio Rosario,Municipio,Rosario,820210,Servicio de Catastro e Información Territorial,IGN
2020,7202,2020-08-03,Lunes,,21:50:00,,0.0,1,Moto/Ciclomotor,Bv. Segui Y Fraga,1,1,0,0,0,0,0,"-32.970847940647,-60.709187132732",Avenida,,ROSARIO,Rosario,Asfalto,No existe,II,Dentro,Urbana,Ninguna,No existe,Intersección,Bueno,S/D,"Nocturna,Con luz artificial",S/D,S/D,S/D,Otro,Ninguna,Faltante,Cordón divisorio,Sin restricción,"-32.970847940647,-60.709187132732","['Bulevar Juan Francisco Seguí', 'Fraga']",2,,-32.970847940647,-60.709187132732,55.0,538.0,Municipio Rosario,Municipio,Rosario,820210,Servicio de Catastro e Información Territorial,IGN
2020,7203,2020-08-04,Martes,,06:00:00,,0.0,2,"Peatón,Otros",Castellanos ,2,1,0,0,0,0,1,"-32.948675745703,-60.677266675",S/D,,ROSARIO,Rosario,Asfalto,S/D,II,S/D,S/D,S/D,S/D,S/D,Bueno,S/D,Amanecer,S/D,S/D,Peatón,Atropello,S/D,S/D,S/D,S/D,"-32.948675745703,-60.677266675",['Aaron Castellanos'],1,,-32.948675745703,-60.677266675,55.0,538.0,Municipio Rosario,Municipio,Rosario,820210,Servicio de Catastro e Información Territorial,IGN
2020,7204,2020-08-04,Martes,,09:30:00,,0.0,1,Automóvil,San Luis Y Valparaiso,1,1,0,0,0,0,0,"-32.941194020183,-60.682491993186",Calle,,ROSARIO,Rosario,Asfalto,No existe,II,Dentro,Urbana,Ninguna,No existe,Intersección,Bueno,S/D,Diurna,S/D,S/D,S/D,Otro,Ninguna,Faltante,Ninguna,Sin restricción,"-32.941194020183,-60.682491993186","['San Luis', 'Valparaíso']",2,,-32.941194020183,-60.682491993186,55.0,538.0,Municipio Rosario,Municipio,Rosario,820210,Servicio de Catastro e Información Territorial,IGN
2020,7206,2020-08-04,Martes,,13:50:00,,0.0,1,Moto/Ciclomotor,Av. Pellegrini Y Crespo,1,1,0,0,0,0,0,"-32.951818121869,-60.670948896831",Avenida,,ROSARIO,Rosario,Asfalto,No existe,II,Dentro,Urbana,Semáforo,Funciona,Intersección,Bueno,S/D,Diurna,S/D,S/D,S/D,Otro,Ninguna,"Horizontal,Vertical",Cordón divisorio,Sin restricción,"-32.951818121869,-60.670948896831","['Pellegrini', 'Crespo']",2,,-32.951818121869,-60.670948896831,55.0,538.0,Municipio Rosario,Municipio,Rosario,820210,Servicio de Catastro e Información Territorial,IGN
2020,7207,2020-08-04,Martes,,21:00:00,,0.0,1,Moto/Ciclomotor,J.J.Paso ,1,1,0,0,0,0,0,"-32.91947613835,-60.687491173228",Calle,,ROSARIO,Rosario,Asfalto,S/D,II,S/D,Urbana,S/D,S/D,S/D,S/D,S/D,"Nocturna,Con luz artificial",S/D,S/D,S/D,Otro,S/D,S/D,S/D,S/D,"-32.91947613835,-60.687491173228",['Juan José Paso'],1,,-32.91947613835,-60.687491173228,55.0,538.0,Municipio Rosario,Municipio,Rosario,820210,Servicio de Catastro e Información Territorial,IGN
2020,7208,2020-08-04,Martes,,,,0.0,1,Moto/Ciclomotor,Av. Uriburu 2600,1,1,0,0,0,0,0,"-32.991365439737,-60.671506686204",Avenida,,ROSARIO,Rosario,Asfalto,No existe,II,Dentro,Urbana,Paso Peatonal,No existe,Recta,Bueno,S/D,"Nocturna,Con luz artificial",S/D,S/D,S/D,Otro,Ninguna,Horizontal,Cordón divisorio,Sin restricción,"-32.991365439737,-60.671506686204",['Uriburu 2600'],1,,-32.991365439737,-60.671506686204,55.0,538.0,Municipio Rosario,Municipio,Rosario,820210,Servicio de Catastro e Información Territorial,IGN