anio_acci,nro_acci,fecha,desc_dia,fecha_aprox,hora_aprox,desc_ruta,km,cant_participantes,desc_participante,calle_avenida_km,total,heridos_leves,heridos_graves,heridos_gravisimos,ilesos,fallecidos,sin_datos,posicion_XY,desc_tipo_via,desc_ruta_ori,desc_loc,desc_dpto,desc_tipo_calzada,desc_tipo_banquina,desc_unidad_regional,desc_lugar_calzada,desc_zona,desc_prioridad,desc_estado_semaforo,desc_lugar_via,desc_estado_via,desc_estado_visibilidad,desc_luminosidad,desc_estado_clima,desc_tipo_colision,desc_tipo_atropello,desc_tipo_hecho,desc_pres_calzada,desc_senializacion,desc_separacion_via,desc_restriccion,forma_geocod,calle_lista,numero_calles,calles_osm,lat,lon,index_right,gid,fna,gna,nam,in1,fdc,sag
2020,7209,2020-08-05,Miercoles,,14:35:00,,0.0,1,Moto/Ciclomotor,Garzon Y Gorriti,1,1,0,0,0,0,0,"-32.924156908021,-60.706326398845",Calle,,ROSARIO,Rosario,Asfalto,No existe,II,Dentro,Urbana,Ninguna,No existe,Intersección,Bueno,S/D,Diurna,S/D,S/D,S/D,Otro,Ninguna,Faltante,Ninguna,Sin restricción,"-32.924156908021,-60.706326398845","['Garzón', 'Gorriti']",2,,-32.924156908021,-60.706326398845,55.0,538.0,Municipio Rosario,Municipio,Rosario,820210,Servicio de Catastro e Información Territorial,IGN
2020,7210,2020-08-05,Miercoles,,14:00:00,,0.0,1,Moto/Ciclomotor,Av. Provincias Unidas ,1,1,0,0,0,0,0,"-32.9463672637939,-60.7122731208800",Avenida,,ROSARIO,Rosario,Asfalto,No existe,II,Dentro,Urbana,S/D,S/D,Recta,S/D,S/D,Diurna,S/D,S/D,S/D,Otro,S/D,S/D,Cordón divisorio,S/D,"-32.9463672637939,-60.7122731208800",['Avenida Provincias Unidas'],1,,-32.9463672637939,-60.71227312088,55.0,538.0,Municipio Rosario,Municipio,Rosario,820210,Servicio de Catastro e Información Territorial,IGN
2020,7213,2020-08-06,Jueves,,14:00:00,,0.0,1,Moto/Ciclomotor,Av. Del Valle ,1,0,1,0,0,0,0,"-32.930972, -60.657494",Avenida,,ROSARIO,Rosario,Asfalto,No existe,II,Dentro,Urbana,S/D,S/D,Recta,S/D,S/D,Diurna,S/D,S/D,S/D,Otro,S/D,S/D,S/D,Sin restricción,"-32.930972, -60.657494",['Del Valle'],1,,-32.930972,-60.657494,55.0,538.0,Municipio Rosario,Municipio,Rosario,820210,Servicio de Catastro e Información Territorial,IGN
2020,7215,2020-08-06,Jueves,,16:30:00,,0.0,1,Moto/Ciclomotor,Tarragona ,1,1,0,0,0,0,0,"-32.937689, -60.734186",Calle,,ROSARIO,Rosario,Asfalto,S/D,II,Dentro,Urbana,S/D,S/D,Recta,S/D,S/D,Diurna,S/D,S/D,S/D,Otro,S/D,S/D,S/D,S/D,"-32.937689, -60.734186",['Tarragona'],1,,-32.937689,-60.734186,55.0,538.0,Municipio Rosario,Municipio,Rosario,820210,Servicio de Catastro e Información Territorial,IGN
2020,7216,2020-08-06,Jueves,,18:00:00,,0.0,1,Moto/Ciclomotor,Dr.Maradona Y Liniers,1,1,0,0,0,0,0,"-32.979502937182,-60.697042066752",Calle,,ROSARIO,Rosario,Asfalto,No existe,II,Dentro,Urbana,Ninguna,No existe,Intersección,S/D,S/D,Atardecer,S/D,S/D,S/D,Colisión,S/D,Faltante,Ninguna,S/D,"-32.979502937182,-60.697042066752","['Doctor Maradona', 'Liniers']",2,,-32.979502937182,-60.697042066752,55.0,538.0,Municipio Rosario,Municipio,Rosario,820210,Servicio de Catastro e Información Territorial,IGN
2020,7217,2020-08-06,Jueves,,20:15:00,,0.0,1,Moto/Ciclomotor,Alvear Y Mendoza,1,1,0,0,0,0,0,"-32.948603434645,-60.655939359475",Calle,,ROSARIO,Rosario,Asfalto,No existe,II,Dentro,Urbana,Semáforo,Funciona,Intersección,S/D,S/D,Nocturna,S/D,S/D,S/D,Otro,S/D,"Horizontal,Vertical",Ninguna,S/D,"-32.948603434645,-60.655939359475","['Alvear', 'Mendoza']",2,,-32.948603434645,-60.655939359475,55.0,538.0,Municipio Rosario,Municipio,Rosario,820210,Servicio de Catastro e Información Territorial,IGN
2020,7218,2020-08-07,Viernes,,19:30:00,,0.0,1,Moto/Ciclomotor,Av. Francia Y Av. Pellegrini,1,1,0,0,0,0,0,"-32.952439492342,-60.668385091878",Avenida,,ROSARIO,Rosario,Asfalto,No existe,II,Dentro,Urbana,Semáforo,Funciona,Intersección,S/D,S/D,Nocturna,S/D,S/D,S/D,Otro,S/D,"Horizontal,Vertical",Cordón divisorio,S/D,"-32.952439492342,-60.668385091878","['Avenida Francia', 'Pellegrini']",2,,-32.952439492342,-60.668385091878,55.0,538.0,Municipio Rosario,Municipio,Rosario,820210,Servicio de Catastro e Información Territorial,IGN
2020,7219,2020-08-07,Viernes,,23:50:00,,0.0,1,Moto/Ciclomotor,Casilda Y Larrea,1,1,0,0,0,0,0,"-32.928709637618,-60.6976939166",Calle,,ROSARIO,Rosario,Asfalto,No existe,II,Dentro,Urbana,Otra Señal,No existe,Intersección,S/D,S/D,Nocturna,S/D,S/D,S/D,Otro,S/D,Vertical,Ninguna,S/D,"-32.928709637618,-60.6976939166","['Casilda', 'Larrea']",2,,-32.928709637618,-60.6976939166,55.0,538.0,Municipio Rosario,Municipio,Rosario,820210,Servicio de Catastro e Información Territorial,IGN
2020,7221,2020-08-08,Sabado,,09:19:00,,0.0,1,Moto/Ciclomotor,Bv. Segui Y Paraguay,1,1,0,0,0,0,0,"-32.977966234357,-60.651920550083",Avenida,,ROSARIO,Rosario,Asfalto,No existe,II,Dentro,Urbana,Señal Pare,No existe,Intersección,S/D,S/D,Diurna,S/D,S/D,S/D,Otro,S/D,"Horizontal,Vertical",Cordón divisorio,S/D,"-32.977966234357,-60.651920550083","['Bulevar Juan Francisco Seguí', 'Paraguay']",2,,-32.977966234357,-60.651920550083,55.0,538.0,Municipio Rosario,Municipio,Rosario,820210,Servicio de Catastro e Información Territorial,IGN
2020,7223,2020-08-08,Sabado,,08:30:00,,0.0,1,Automóvil,Av. Pellegrini Y Cafferata,1,1,0,0,0,0,0,"-32.951330852611,-60.673665649436",Avenida,,ROSARIO,Rosario,Asfalto,No existe,II,Dentro,Urbana,Semáforo,Funciona,Intersección,S/D,S/D,Diurna,S/D,S/D,S/D,Otro,S/D,"Horizontal,Vertical",Cordón divisorio,S/D,"-32.951330852611,-60.673665649436","['Pellegrini', 'Cafferata']",2,,-32.951330852611,-60.673665649436,55.0,538.0,Municipio Rosario,Municipio,Rosario,820210,Servicio de Catastro e Información Territorial,IGN
2020,7224,2020-08-08,Sabado,,00:00:00,,0.0,1,Moto/Ciclomotor, ,1,1,0,0,0,0,0,"-32.94541239738466,-60.673611760139",S/D,,ROSARIO,Rosario,S/D,S/D,II,S/D,S/D,S/D,S/D,S/D,S/D,S/D,Nocturna,S/D,S/D,S/D,Otro,S/D,S/D,S/D,S/D,"-32.94541239738466,-60.673611760139",[''],0,,-32.94541239738466,-60.673611760139,55.0,538.0,Municipio Rosario,Municipio,Rosario,820210,Servicio de Catastro e Información Territorial,IGN
2020,7225,2020-08-08,Sabado,,20:00:00,,0.0,1,Automóvil,3 De Febrero Y Cafferata,1,1,0,0,0,0,0,"-32.94690483846,-60.672552108146",Calle,,ROSARIO,Rosario,Asfalto,No existe,II,Dentro,Urbana,Semáforo,Funciona,Intersección,S/D,S/D,Nocturna,S/D,S/D,S/D,Otro,S/D,"Horizontal,Vertical",Ninguna,S/D,"-32.94690483846,-60.672552108146","['3 de Febrero', 'Cafferata']",2,,-32.94690483846,-60.672552108146,55.0,538.0,Municipio Rosario,Municipio,Rosario,820210,Servicio de Catastro e Información Territorial,IGN
2020,7230,2020-08-09,Domingo,,,,0.0,2,"Bicicleta,Otros", ,2,1,0,0,0,0,1,"-32.97233641147615,-60.650555491447",S/D,,ROSARIO,Rosario,S/D,S/D,II,S/D,S/D,S/D,S/D,S/D,S/D,S/D,S/D,S/D,S/D,Ciclista,Atropello,S/D,S/D,S/D,S/D,"-32.97233641147615,-60.650555491447",[''],0,,-32.97233641147615,-60.650555491447,55.0,538.0,Municipio Rosario,Municipio,Rosario,820210,Servicio de Catastro e Información Territorial,IGN
2020,7231,2020-08-09,Domingo,,09:00:00,,0.0,1,Moto/Ciclomotor, ,1,1,0,0,0,0,0,"-32.941775321960414,-60.68553686141",S/D,,ROSARIO,Rosario,S/D,S/D,II,S/D,S/D,S/D,S/D,S/D,S/D,S/D,Diurna,S/D,S/D,S/D,Otro,S/D,S/D,S/D,S/D,"-32.941775321960414,-60.68553686141",[''],0,,-32.941775321960414,-60.68553686141,55.0,538.0,Municipio Rosario,Municipio,Rosario,820210,Servicio de Catastro e Información Territorial,IGN
2020,7234,2020-08-09,Domingo,,03:00:00,,0.0,1,Moto/Ciclomotor,Jose Ingenieros Y Tarragona Bis,1,0,1,0,0,0,0,"-32.91773,-60.735104",Calle,,ROSARIO,Rosario,Asfalto,No existe,II,Dentro,Urbana,Ninguna,No existe,Intersección,S/D,S/D,Nocturna,S/D,S/D,S/D,Colisión,S/D,Faltante,Ninguna,S/D,"-32.91773,-60.735104","['José Ingenieros', 'Tarragona']",2,,-32.91773,-60.735104,55.0,538.0,Municipio Rosario,Municipio,Rosario,820210,Servicio de Catastro e Información Territorial,IGN
2020,7236,2020-08-09,Domingo,,16:25:00,,0.0,1,Moto/Ciclomotor, ,1,1,0,0,0,0,0,"-32.94642627239229,-60.688084959983",S/D,,ROSARIO,Rosario,S/D,S/D,II,S/D,S/D,S/D,S/D,S/D,S/D,S/D,Diurna,S/D,S/D,S/D,Otro,S/D,S/D,S/D,S/D,"-32.94642627239229,-60.688084959983",[''],0,,-32.94642627239229,-60.688084959983,55.0,538.0,Municipio Rosario,Municipio,Rosario,820210,Servicio de Catastro e Información Territorial,IGN
2020,7239,2020-08-09,Domingo,,00:00:00,,0.0,2,"Peatón,Otros",Av. Francia ,2,1,0,0,0,0,1,"-32.948913, -60.667467",Avenida,,ROSARIO,Rosario,Asfalto,S/D,II,Dentro,Urbana,S/D,S/D,Intersección,S/D,S/D,Nocturna,S/D,S/D,Peatón,Atropello,S/D,S/D,S/D,S/D,"-32.948913, -60.667467",['Francia'],1,,-32.948913,-60.667467,55.0,538.0,Municipio Rosario,Municipio,Rosario,820210,Servicio de Catastro e Información Territorial,IGN
2020,7243,2020-08-09,Domingo,,15:00:00,,0.0,2,"Bicicleta,Otros",Av. Dante Alighieri Y Bv. Oro�o,2,0,1,0,0,0,1,"-32.961865, -60.657949",Avenida,,ROSARIO,Rosario,Asfalto,No existe,II,Dentro,Urbana,Paso Peatonal,No existe,Intersección,S/D,S/D,Diurna,S/D,S/D,Ciclista,Atropello,S/D,Horizontal,Ninguna,S/D,"-32.961865, -60.657949","['Dante Alighieri', 'Bulevar Nicasio Oroño']",2,,-32.961865,-60.657949,55.0,538.0,Municipio Rosario,Municipio,Rosario,820210,Servicio de Catastro e Información Territorial,IGN
2020,7246,2020-08-10,Lunes,,20:00:00,,0.0,1,Moto/Ciclomotor, ,1,0,1,0,0,0,0,"-32.95410811901095,-60.678632855415",Calle,,ROSARIO,Rosario,S/D,S/D,II,Dentro,Urbana,S/D,S/D,S/D,S/D,S/D,Nocturna,S/D,S/D,S/D,Otro,S/D,S/D,S/D,S/D,"-32.95410811901095,-60.678632855415",[''],0,,-32.95410811901095,-60.678632855415,55.0,538.0,Municipio Rosario,Municipio,Rosario,820210,Servicio de Catastro e Información Territorial,IGN
2020,7248,2020-08-10,Lunes,,11:00:00,,0.0,1,Moto/Ciclomotor,Bv. Avellaneda ,1,1,0,0,0,0,0,"-32.955599427223206,-60.68342998623",Avenida,,ROSARIO,Rosario,S/D,No existe,II,Dentro,Urbana,S/D,No existe,Intersección,S/D,S/D,Diurna,S/D,S/D,S/D,Otro,S/D,S/D,S/D,S/D,"-32.955599427223206,-60.68342998623",['Avellaneda'],1,,-32.955599427223206,-60.68342998623,55.0,538.0,Municipio Rosario,Municipio,Rosario,820210,Servicio de Catastro e Información Territorial,IGN
2020,7250,2020-08-10,Lunes,,15:30:00,,0.0,1,Moto/Ciclomotor,Bv. Segui Y Roullon,1,1,0,0,0,0,0,"-32.97069489955904,-60.701066851615",Avenida,,ROSARIO,Rosario,Asfalto,No existe,II,Dentro,Urbana,Semáforo,Funciona,Intersección,S/D,S/D,Diurna,S/D,S/D,S/D,Otro,S/D,Vertical,Cordón divisorio,S/D,"-32.97069489955904,-60.701066851615","['Bulevar Juan Francisco Seguí', 'Alfredo Rouillón']",2,,-32.97069489955904,-60.701066851615,55.0,538.0,Municipio Rosario,Municipio,Rosario,820210,Servicio de Catastro e Información Territorial,IGN
2020,7251,2020-08-10,Lunes,,16:00:00,,0.0,1,Moto/Ciclomotor, ,1,1,0,0,0,0,0,"-32.958523035049396,-60.67405700683",S/D,,ROSARIO,Rosario,S/D,S/D,II,S/D,S/D,S/D,S/D,S/D,S/D,S/D,Diurna,S/D,S/D,S/D,Otro,S/D,S/D,S/D,S/D,"-32.958523035049396,-60.67405700683",[''],0,,-32.9585230350494,-60.67405700683,55.0,538.0,Municipio Rosario,Municipio,Rosario,820210,Servicio de Catastro e Información Territorial,IGN
2020,7253,2020-08-10,Lunes,,19:00:00,,0.0,2,"Bicicleta,Otros",Riobamba ,2,1,0,0,0,0,1,"-32.957322, -60.674164",Calle,,ROSARIO,Rosario,Asfalto,No existe,II,Dentro,Urbana,S/D,S/D,Intersección,S/D,S/D,Nocturna,S/D,S/D,Ciclista,Atropello,S/D,S/D,Ninguna,S/D,"-32.957322, -60.674164",['Riobamba'],1,,-32.957322,-60.674164,55.0,538.0,Municipio Rosario,Municipio,Rosario,820210,Servicio de Catastro e Información Territorial,IGN
2020,7254,2020-08-10,Lunes,,19:00:00,,0.0,2,"Bicicleta,Otros",Av. Dante Alighieri Y Av. Gob.Caesar,2,1,0,0,0,0,1,"-32.961952, -60.662303",Avenida,,ROSARIO,Rosario,Asfalto,No existe,II,Dentro,Urbana,S/D,No existe,Intersección,S/D,S/D,Nocturna,S/D,S/D,Ciclista,Atropello,S/D,Faltante,Ninguna,S/D,"-32.961952, -60.662303","['Dante Alighieri', 'Avenida Gobernador Caesar']",2,,-32.961952,-60.662303,55.0,538.0,Municipio Rosario,Municipio,Rosario,820210,Servicio de Catastro e Información Territorial,IGN
2020,7257,2020-08-10,Lunes,,19:15:00,,0.0,2,"Bicicleta,Otros",Cafferata Y Rioja,2,1,0,0,0,0,1,"-32.941696057086,-60.671241357194",Calle,,ROSARIO,Rosario,Asfalto,No existe,II,Dentro,Urbana,Semáforo,Funciona,Intersección,S/D,S/D,Nocturna,S/D,S/D,Ciclista,Atropello,S/D,"Horizontal,Vertical",S/D,S/D,"-32.941696057086,-60.671241357194","['Cafferata', 'Rioja']",2,,-32.941696057086,-60.671241357194,55.0,538.0,Municipio Rosario,Municipio,Rosario,820210,Servicio de Catastro e Información Territorial,IGN
2020,7259,2020-08-11,Martes,,00:00:00,,0.0,1,Moto/Ciclomotor,Melian Y Pje. 509,1,0,1,0,0,0,0,"-33.012907, -60.659212",Calle,,ROSARIO,Rosario,Asfalto,No existe,II,Dentro,Urbana,Ninguna,No existe,Intersección,S/D,S/D,Nocturna,S/D,S/D,S/D,Otro,S/D,Faltante,Ninguna,S/D,"-33.012907, -60.659212","['José Melian', 'Pasaje 509']",2,,-33.012907,-60.659212,55.0,538.0,Municipio Rosario,Municipio,Rosario,820210,Servicio de Catastro e Información Territorial,IGN
2020,7263,2020-08-11,Martes,,12:00:00,,0.0,1,Moto/Ciclomotor,Bv. 27 De Febrero Y P.L.Funes,1,0,1,0,0,0,0,"-32.958873, -60.700471",Avenida,,ROSARIO,Rosario,Asfalto,No existe,II,Dentro,Urbana,Ninguna,No existe,Intersección,S/D,S/D,Diurna,S/D,S/D,S/D,Otro,S/D,Horizontal,Cordón divisorio,S/D,"-32.958873, -60.700471","['27 de Febrero', 'Funes']",2,,-32.958873,-60.700471,55.0,538.0,Municipio Rosario,Municipio,Rosario,820210,Servicio de Catastro e Información Territorial,IGN
2020,7268,2020-11-22,Domingo,,,,0.0,2,"Automóvil,Pickup/Utilitario",Bv. Oroño Y Cordoba,3,3,0,0,0,0,0,"-32.94367, -60.65341",Avenida,,ROSARIO,Rosario,S/D,S/D,II,S/D,Urbana,S/D,S/D,Intersección,S/D,S/D,Diurna,S/D,S/D,S/D,Colisión,S/D,S/D,S/D,S/D,"-32.94367, -60.65341","['Bulevar Nicasio Oroño', 'Córdoba']",2,,-32.94367,-60.65341,55.0,538.0,Municipio Rosario,Municipio,Rosario,820210,Servicio de Catastro e Información Territorial,IGN
2020,7270,2020-08-11,Martes,,19:14:00,,0.0,2,"Bicicleta,Otros", ,2,1,0,0,0,0,1,"-32.952917218208334,-60.67836999893",S/D,,ROSARIO,Rosario,S/D,S/D,II,S/D,S/D,S/D,S/D,S/D,S/D,S/D,Nocturna,S/D,S/D,Ciclista,Atropello,S/D,S/D,S/D,S/D,"-32.952917218208334,-60.67836999893",[''],0,,-32.952917218208334,-60.67836999893,55.0,538.0,Municipio Rosario,Municipio,Rosario,820210,Servicio de Catastro e Información Territorial,IGN
2020,7271,2020-08-10,Lunes,,21:00:00,,0.0,2,"Bicicleta,Automóvil",Dorrego Y San Juan,2,1,0,0,0,0,1,"-32.948170414009,-60.650168883488",Calle,,ROSARIO,Rosario,Asfalto,No existe,II,Dentro,Urbana,Paso Peatonal,No existe,Intersección,S/D,S/D,Nocturna,S/D,S/D,Ciclista,Atropello,S/D,Horizontal,Ninguna,S/D,"-32.948170414009,-60.650168883488","['Dorrego', 'San Juan']",2,,-32.948170414009,-60.650168883488,55.0,538.0,Municipio Rosario,Municipio,Rosario,820210,Servicio de Catastro e Información Territorial,IGN
2020,7288,2020-12-23,Miercoles,,12:00:00,,0.0,2,"Bicicleta,Automóvil",Alvear Y San Luis,2,0,1,0,1,0,0,"    -32.94609, -60.6553",Calle,,ROSARIO,Rosario,Hormigón,S/D,II,S/D,S/D,S/D,S/D,Recta,S/D,S/D,Diurna,Buen Tiempo,S/D,S/D,Colisión,S/D,S/D,S/D,S/D,"    -32.94609, -60.6553","['Alvear', 'San Luis']",2,,-32.94609,-60.6553,55.0,538.0,Municipio Rosario,Municipio,Rosario,820210,Servicio de Catastro e Información Territorial,IGN
2020,7289,2020-12-29,Martes,,,,0.0,2,"Moto/Ciclomotor,Automóvil",Dorrego Y Montevideo,2,1,0,0,1,0,0,"    -32.95418, -60.65166",Calle,,ROSARIO,Rosario,Asfalto,S/D,II,S/D,Urbana,S/D,S/D,Recta,Bueno,S/D,Diurna,S/D,S/D,S/D,Colisión,S/D,S/D,S/D,S/D,"    -32.95418, -60.65166","['Dorrego', 'Montevideo']",2,,-32.95418,-60.65166,55.0,538.0,Municipio Rosario,Municipio,Rosario,820210,Servicio de Catastro e Información Territorial,IGN
2020,7290,2020-12-25,Viernes,,15:00:00,,0.0,2,"Moto/Ciclomotor,Automóvil",Maipu Y Mendoza,2,1,0,0,1,0,0,"-32.95889, -60.69279",Calle,,ROSARIO,Rosario,S/D,S/D,II,S/D,Urbana,Ninguna,S/D,Recta,S/D,S/D,Diurna,S/D,S/D,S/D,Colisión,S/D,S/D,Ninguna,S/D,"-32.95889, -60.69279","['Maipú', 'Mendoza']",2,,-32.95889,-60.69279,55.0,538.0,Municipio Rosario,Municipio,Rosario,820210,Servicio de Catastro e Información Territorial,IGN
2020,7321,2020-12-11,Viernes,,16:00:00,,0.0,2,"Moto/Ciclomotor,Automóvil",Cordoba 1900,2,0,1,0,1,0,0,"-32.94444, -60.64927",Calle,,ROSARIO,Rosario,S/D,S/D,II,S/D,Urbana,S/D,S/D,Recta,S/D,S/D,Diurna,S/D,S/D,S/D,Colisión,S/D,S/D,S/D,S/D,"-32.94444, -60.64927",['Cordoba 1900'],1,,-32.94444,-60.64927,55.0,538.0,Municipio Rosario,Municipio,Rosario,820210,Servicio de Catastro e Información Territorial,IGN
2020,7322,2020-06-28,Domingo,,,,0.0,2,"Bicicleta,Pickup/Utilitario",Bv. Oroño Y Urquiza,2,1,0,0,1,0,0,"-32.94028, -60.65234",Avenida,,ROSARIO,Rosario,Asfalto,S/D,II,S/D,Urbana,S/D,S/D,Intersección,S/D,S/D,Diurna,S/D,S/D,S/D,Colisión,S/D,S/D,S/D,S/D,"-32.94028, -60.65234","['Bulevar Nicasio Oroño', 'Urquiza']",2,,-32.94028,-60.65234,55.0,538.0,Municipio Rosario,Municipio,Rosario,820210,Servicio de Catastro e Información Territorial,IGN
2020,7323,2020-01-22,Miercoles,,19:15:00,,0.0,2,"Moto/Ciclomotor,Pickup/Utilitario",Matienzo Y Marcos Paz,3,0,2,0,1,0,0,"-32.9386, -60.69476",Calle,,ROSARIO,Rosario,Asfalto,No existe,II,Dentro,Urbana,Ninguna,No existe,Intersección,Bueno,Buena,Atardecer,Buen Tiempo,Lateral,S/D,Colisión,Ninguna,S/D,Ninguna,S/D,"-32.9386, -60.69476","['Matienzo', 'Marcos Paz']",2,,-32.9386,-60.69476,55.0,538.0,Municipio Rosario,Municipio,Rosario,820210,Servicio de Catastro e Información Territorial,IGN
2020,7324,2020-12-22,Martes,,12:40:00,,0.0,2,"Automóvil,Moto/Ciclomotor",Friuli Y Tucuman,3,2,0,0,1,0,0,"-32.93318, -60.73552",Calle,,ROSARIO,Rosario,Asfalto,No existe,II,Dentro,Urbana,Ninguna,No existe,Intersección,Bueno,Buena,Diurna,Buen Tiempo,S/D,S/D,Colisión,Ninguna,Faltante,Ninguna,Sin restricción,"-32.93318, -60.73552","['Friuli', 'Tucumán']",2,,-32.93318,-60.73552,55.0,538.0,Municipio Rosario,Municipio,Rosario,820210,Servicio de Catastro e Información Territorial,IGN
2020,7339,2020-12-22,Martes,,12:00:00,,0.0,2,"Moto/Ciclomotor,Moto/Ciclomotor",Melincue Y Cabildo,2,0,1,0,1,0,0,"-33.00733, -60.64767",Calle,,ROSARIO,Rosario,Asfalto,No existe,II,Dentro,Urbana,Ninguna,No existe,Intersección,Bueno,Buena,Diurna,Buen Tiempo,Lateral,S/D,Colisión,Ninguna,Faltante,Ninguna,Sin restricción,"-33.00733, -60.64767","['Melincué', 'Cabildo']",2,,-33.00733,-60.64767,55.0,538.0,Municipio Rosario,Municipio,Rosario,820210,Servicio de Catastro e Información Territorial,IGN
2020,7341,2020-12-23,Miercoles,,18:10:00,,0.0,2,"Peatón,Moto/Ciclomotor",Bv. Oroño Y Olegario V.Andrade,2,2,0,0,0,0,0,"-32.99637, -60.66508",Calle,,ROSARIO,Rosario,Asfalto,No existe,II,Dentro,Urbana,Ninguna,No existe,Intersección,Bueno,Buena,Atardecer,Buen Tiempo,S/D,Peatón,Atropello,Ninguna,Faltante,Ninguna,Sin restricción,"-32.99637, -60.66508","['Bulevar Nicasio Oroño', 'Olegario V Andrade']",2,,-32.99637,-60.66508,55.0,538.0,Municipio Rosario,Municipio,Rosario,820210,Servicio de Catastro e Información Territorial,IGN
2020,7348,2020-12-23,Miercoles,,13:05:00,,0.0,2,"Bicicleta,Pickup/Utilitario",San Juan Y Parana,2,0,1,0,1,0,0,"-32.94062, -60.69235",Calle,,ROSARIO,Rosario,Asfalto,S/D,II,S/D,Urbana,S/D,S/D,Intersección,S/D,S/D,Diurna,S/D,S/D,Ciclista,Atropello,S/D,S/D,S/D,S/D,"-32.94062, -60.69235","['San Juan', 'Paraná']",2,,-32.94062,-60.69235,55.0,538.0,Municipio Rosario,Municipio,Rosario,820210,Servicio de Catastro e Información Territorial,IGN
2020,7349,2020-12-23,Miercoles,,12:10:00,,0.0,2,"Moto/Ciclomotor,Pickup/Utilitario",Av. Ntra.Sra.del Rosario Y Av. Circunvalacion,2,1,0,0,1,0,0,"-33.00132, -60.6878",Calle,,ROSARIO,Rosario,Asfalto,No existe,II,Dentro,Urbana,Ninguna,No existe,Intersección,Bueno,Buena,Diurna,Buen Tiempo,Lateral,S/D,Colisión,Ninguna,Faltante,Ninguna,Sin restricción,"-33.00132, -60.6878","['Nuestra Señora del Rosario', 'Circunvalacion']",2,,-33.00132,-60.6878,55.0,538.0,Municipio Rosario,Municipio,Rosario,820210,Servicio de Catastro e Información Territorial,IGN
2020,7353,2020-12-24,Jueves,,14:40:00,,0.0,2,"Moto/Ciclomotor,Automóvil",Av. Ntra.Sra.del Rosario 3920,4,3,0,0,1,0,0,"-32.95883, -60.693",S/D,,ROSARIO,Rosario,S/D,S/D,II,S/D,Urbana,S/D,S/D,Recta,S/D,S/D,Diurna,S/D,S/D,S/D,Colisión,S/D,S/D,S/D,S/D,"-32.95883, -60.693",['Ntra Sra Del Rosario 3920'],1,,-32.95883,-60.693,55.0,538.0,Municipio Rosario,Municipio,Rosario,820210,Servicio de Catastro e Información Territorial,IGN
2020,7360,2020-12-20,Domingo,,15:40:00,,0.0,2,"Moto/Ciclomotor,Pickup/Utilitario",Av. Ovidio Lagos 6500,2,1,0,0,1,0,0,"    -33.0129, -60.67815",Calle,,ROSARIO,Rosario,S/D,S/D,II,S/D,S/D,S/D,S/D,S/D,S/D,S/D,S/D,S/D,S/D,S/D,Colisión,S/D,S/D,S/D,S/D,"    -33.0129, -60.67815",['Ovidio Lagos 6500'],1,,-33.0129,-60.67815,55.0,538.0,Municipio Rosario,Municipio,Rosario,820210,Servicio de Catastro e Información Territorial,IGN
2020,7367,2020-08-20,Jueves,,01:00:00,,0.0,1,Moto/Ciclomotor,Godoy Cruz Y Roullon,1,0,1,0,0,0,0,"-32.962788518054,-60.701377217196",Calle,,ROSARIO,Rosario,Asfalto,No existe,II,Dentro,Urbana,Semáforo,Funciona,Intersección,Bueno,Buena,"Nocturna,Con luz artificial",Buen Tiempo,S/D,S/D,Cañda ocupante,Ninguna,"Horizontal,Vertical","Cordón divisorio,Línea divisoria pintada",Sin restricción,"-32.962788518054,-60.701377217196","['Avenida Presidente Perón', 'Alfredo Rouillón']",2,,-32.962788518054,-60.701377217196,55.0,538.0,Municipio Rosario,Municipio,Rosario,820210,Servicio de Catastro e Información Territorial,IGN
2020,7368,2020-07-31,Viernes,,20:00:00,,0.0,1,Moto/Ciclomotor,Cerrito Y Lima,1,1,0,0,0,0,0,"-32.953791168306,-60.687099480898",Calle,,ROSARIO,Rosario,Asfalto,No existe,II,Dentro,Urbana,Ninguna,No existe,Recta,Bueno,S/D,Nocturna,S/D,S/D,S/D,Otro,S/D,Faltante,Ninguna,Sin restricción,"-32.953791168306,-60.687099480898","['Cerrito', 'Lima']",2,,-32.953791168306,-60.687099480898,55.0,538.0,Municipio Rosario,Municipio,Rosario,820210,Servicio de Catastro e Información Territorial,IGN
2020,7369,2020-08-19,Miercoles,,22:00:00,,0.0,1,Moto/Ciclomotor,Velez Sarsfield ,1,0,1,0,0,0,0,"-32.925978554062,-60.711433185453",Calle,,ROSARIO,Rosario,S/D,S/D,II,Dentro,Urbana,S/D,S/D,S/D,S/D,S/D,Nocturna,S/D,S/D,S/D,Cañda ocupante,S/D,S/D,S/D,S/D,"-32.925978554062,-60.711433185453",['Vélez Sarsfield'],1,,-32.925978554062,-60.711433185453,55.0,538.0,Municipio Rosario,Municipio,Rosario,820210,Servicio de Catastro e Información Territorial,IGN
2020,7371,2020-09-27,Domingo,,13:17:00,,0.0,1,Moto/Ciclomotor,Dr.Rivas ,1,1,0,0,0,0,0,"-32.982130, -60.656103",Calle,,ROSARIO,Rosario,S/D,No existe,II,Dentro,Urbana,S/D,S/D,S/D,S/D,S/D,Diurna,S/D,S/D,S/D,Otro,S/D,S/D,S/D,S/D,"-32.982130, -60.656103",['Doctor Francisco Riva'],1,,-32.98213,-60.656103,55.0,538.0,Municipio Rosario,Municipio,Rosario,820210,Servicio de Catastro e Información Territorial,IGN
2020,7380,2020-12-23,Miercoles,,12:20:00,,0.0,2,"Bicicleta,Automóvil",Av. Corrientes Y Dean Funes,2,1,0,0,1,0,0,"-32.97488, -60.64972",Calle,,ROSARIO,Rosario,Asfalto,No existe,II,Dentro,Urbana,Ninguna,No existe,Intersección,Bueno,Buena,Diurna,Buen Tiempo,S/D,Ciclista,Atropello,S/D,Faltante,Ninguna,S/D,"-32.97488, -60.64972","['Corrientes', 'Deán Gregorio Funes']",2,,-32.97488,-60.64972,55.0,538.0,Municipio Rosario,Municipio,Rosario,820210,Servicio de Catastro e Información Territorial,IGN