anio_acci,nro_acci,fecha,desc_dia,fecha_aprox,hora_aprox,desc_ruta,km,cant_participantes,desc_participante,calle_avenida_km,total,heridos_leves,heridos_graves,heridos_gravisimos,ilesos,fallecidos,sin_datos,posicion_XY,desc_tipo_via,desc_ruta_ori,desc_loc,desc_dpto,desc_tipo_calzada,desc_tipo_banquina,desc_unidad_regional,desc_lugar_calzada,desc_zona,desc_prioridad,desc_estado_semaforo,desc_lugar_via,desc_estado_via,desc_estado_visibilidad,desc_luminosidad,desc_estado_clima,desc_tipo_colision,desc_tipo_atropello,desc_tipo_hecho,desc_pres_calzada,desc_senializacion,desc_separacion_via,desc_restriccion,forma_geocod,calle_lista,numero_calles,calles_osm,lat,lon,index_right,gid,fna,gna,nam,in1,fdc,sag
2020,7381,2020-12-23,Miercoles,,19:40:00,,0.0,2,"Moto/Ciclomotor,Automóvil",Mariano Moreno Y Hilarion de la Quintana,3,2,0,0,1,0,0,"-33.00144, -60.66202",Calle,,ROSARIO,Rosario,Asfalto,No existe,II,Dentro,Urbana,Ninguna,No existe,Intersección,Bueno,Buena,Atardecer,Buen Tiempo,Lateral,S/D,Colisión,S/D,Faltante,Ninguna,Sin restricción,"-33.00144, -60.66202","['Mariano Moreno', 'Hilarión de la Quintana']",2,,-33.00144,-60.66202,55.0,538.0,Municipio Rosario,Municipio,Rosario,820210,Servicio de Catastro e Información Territorial,IGN
2020,7391,2020-12-18,Viernes,,14:00:00,,0.0,2,"Moto/Ciclomotor,Automóvil",J.J.Paso Y Ecuador,2,1,0,0,1,0,0,"-32.92042, -60.71586",Avenida,,ROSARIO,Rosario,Asfalto,No existe,II,Dentro,Urbana,Ninguna,No existe,Intersección,Bueno,Buena,Diurna,Buen Tiempo,S/D,S/D,Colisión,Ninguna,Faltante,Ninguna,Sin restricción,"-32.92042, -60.71586","['Paso', 'Ecuador']",2,,-32.92042,-60.71586,55.0,538.0,Municipio Rosario,Municipio,Rosario,820210,Servicio de Catastro e Información Territorial,IGN
2020,7392,2020-12-18,Viernes,,05:00:00,,0.0,2,"Moto/Ciclomotor,Otros",Av. Genova Y Ottone Bis,3,2,0,0,1,0,0,"-32.91569, -60.70103",Avenida,,ROSARIO,Rosario,Asfalto,No existe,II,Dentro,Urbana,S/D,S/D,Intersección,Bueno,Buena,Nocturna,Buen Tiempo,S/D,S/D,Colisión,Ninguna,Faltante,Ninguna,Sin restricción,"-32.91569, -60.70103","['Genova', 'Ottone']",2,,-32.91569,-60.70103,55.0,538.0,Municipio Rosario,Municipio,Rosario,820210,Servicio de Catastro e Información Territorial,IGN
2020,7393,2020-12-18,Viernes,,22:45:00,,0.0,2,"Moto/Ciclomotor,Automóvil",Nicolas Laguna Y Calle 1331,2,1,0,0,1,0,0,"-32.8862, -60.72417",Calle,,ROSARIO,Rosario,S/D,S/D,II,S/D,Urbana,S/D,S/D,Intersección,S/D,S/D,Nocturna,S/D,S/D,S/D,Colisión,S/D,S/D,S/D,S/D,"-32.8862, -60.72417","['Laguna', 'Camino 1331']",2,,-32.8862,-60.72417,55.0,538.0,Municipio Rosario,Municipio,Rosario,820210,Servicio de Catastro e Información Territorial,IGN
2020,7394,2020-12-18,Viernes,,14:10:00,,0.0,2,"Moto/Ciclomotor,Peatón",Albert Sabin Y Almafuerte,2,0,1,0,1,0,0,"-32.9174, -60.69066",Calle,,ROSARIO,Rosario,Asfalto,S/D,II,S/D,Urbana,S/D,S/D,Intersección,Bueno,S/D,Diurna,Buen Tiempo,S/D,Peatón,Atropello,Ninguna,"Horizontal,Vertical",Cordón divisorio,Sin restricción,"-32.9174, -60.69066","['Avenida Travesía Albert Sabin', 'Almafuerte']",2,,-32.9174,-60.69066,55.0,538.0,Municipio Rosario,Municipio,Rosario,820210,Servicio de Catastro e Información Territorial,IGN
2020,7395,2020-12-18,Viernes,,17:45:00,,0.0,2,"Automóvil,Moto/Ciclomotor",Casiano Casas Y Miller,2,1,1,0,0,0,0,"-32.90136, -60.70633",Calle,,ROSARIO,Rosario,Asfalto,S/D,II,S/D,Urbana,S/D,S/D,Intersección,Bueno,S/D,Diurna,Buen Tiempo,Frontal,S/D,Colisión,Ninguna,Faltante,S/D,S/D,"-32.90136, -60.70633","['Avenida Casiano Casas', 'Miller']",2,,-32.90136,-60.70633,55.0,538.0,Municipio Rosario,Municipio,Rosario,820210,Servicio de Catastro e Información Territorial,IGN
2020,7396,2020-12-18,Viernes,,17:25:00,,0.0,2,"Moto/Ciclomotor,Automóvil",Esmeralda Y Pasco,3,3,0,0,0,0,0,"-32.96257, -60.62474",Calle,,ROSARIO,Rosario,Asfalto,No existe,II,Dentro,Urbana,Ninguna,No existe,Intersección,Bueno,Buena,Diurna,Buen Tiempo,Lateral,S/D,Colisión,Ninguna,Faltante,Ninguna,Sin restricción,"-32.96257, -60.62474","['Esmeralda', 'Pasco']",2,,-32.96257,-60.62474,55.0,538.0,Municipio Rosario,Municipio,Rosario,820210,Servicio de Catastro e Información Territorial,IGN
2020,7397,2020-12-18,Viernes,,11:00:00,,0.0,2,"Automóvil,Moto/Ciclomotor",9 De Julio Y Av. Corrientes,2,1,0,0,1,0,0,"-32.95308, -60.64421",Avenida,,ROSARIO,Rosario,S/D,S/D,II,S/D,Urbana,S/D,S/D,Intersección,S/D,S/D,Diurna,S/D,S/D,S/D,Colisión,S/D,S/D,S/D,S/D,"-32.95308, -60.64421","['9 de Julio', 'Corrientes']",2,,-32.95308,-60.64421,55.0,538.0,Municipio Rosario,Municipio,Rosario,820210,Servicio de Catastro e Información Territorial,IGN
2020,7398,2020-12-18,Viernes,,20:00:00,,0.0,2,"Automóvil,Peatón",Maipu Y Cerrito,2,1,0,0,1,0,0,"-32.96238, -60.63936",Calle,,ROSARIO,Rosario,S/D,S/D,II,S/D,Urbana,S/D,S/D,Intersección,S/D,S/D,Nocturna,S/D,S/D,Peatón,Atropello,S/D,S/D,S/D,S/D,"-32.96238, -60.63936","['Maipú', 'Cerrito']",2,,-32.96238,-60.63936,55.0,538.0,Municipio Rosario,Municipio,Rosario,820210,Servicio de Catastro e Información Territorial,IGN
2020,7416,2020-12-19,Sabado,,20:00:00,,0.0,2,"Moto/Ciclomotor,Automóvil",Bv. Avellaneda Y Garay,2,1,0,0,1,0,0,"-32.96713, -60.6863",Calle,,ROSARIO,Rosario,Asfalto,No existe,II,Dentro,Urbana,Ninguna,No existe,Intersección,Bueno,Buena,Nocturna,Buen Tiempo,Lateral,S/D,Colisión,Ninguna,Faltante,Cordón divisorio,Sin restricción,"-32.96713, -60.6863","['Avellaneda', 'Garay']",2,,-32.96713,-60.6863,55.0,538.0,Municipio Rosario,Municipio,Rosario,820210,Servicio de Catastro e Información Territorial,IGN
2020,7417,2020-12-19,Sabado,,09:45:00,,0.0,5,"Moto/Ciclomotor,Automóvil,Taxi/Remis,Automóvil,Transporte de Pasajeros Urbano (> 8 asientos)",España Y Av. Battle y Ordo�ez,5,1,0,0,4,0,0,"-33.00916, -60.6573",Avenida,,ROSARIO,Rosario,Asfalto,No existe,II,Dentro,Urbana,Ninguna,Funciona,Intersección,Bueno,Buena,Diurna,Buen Tiempo,Lateral,S/D,Colisión,Ninguna,Faltante,Ninguna,Sin restricción,"-33.00916, -60.6573","['España', 'Avenida Battle y Ordoñez']",2,,-33.00916,-60.6573,55.0,538.0,Municipio Rosario,Municipio,Rosario,820210,Servicio de Catastro e Información Territorial,IGN
2020,7418,2020-12-19,Sabado,,08:50:00,,0.0,2,"Moto/Ciclomotor,Bicicleta",Av. Ovidio Lagos Y Pte.Quintana,2,2,0,0,0,0,0,"-32.97842, -60.67028",Calle,,ROSARIO,Rosario,Asfalto,No existe,II,Dentro,Urbana,Ninguna,No existe,Intersección,Bueno,Buena,Diurna,Buen Tiempo,S/D,Ciclista,Atropello,Agua,Faltante,Cordón divisorio,Sin restricción,"-32.97842, -60.67028","['Avenida Ovidio Lagos', 'Quintana']",2,,-32.97842,-60.67028,55.0,538.0,Municipio Rosario,Municipio,Rosario,820210,Servicio de Catastro e Información Territorial,IGN
2020,7419,2020-12-19,Sabado,,14:20:00,,0.0,2,"Moto/Ciclomotor,Automóvil",Italia Y Ameghino,2,0,1,0,1,0,0,"-32.98536, -60.65809",Calle,,ROSARIO,Rosario,Asfalto,No existe,II,Dentro,Urbana,Ninguna,No existe,Intersección,Bueno,Buena,Diurna,Buen Tiempo,Lateral,S/D,Colisión,S/D,Faltante,Ninguna,Sin restricción,"-32.98536, -60.65809","['Italia', 'Ameghino']",2,,-32.98536,-60.65809,55.0,538.0,Municipio Rosario,Municipio,Rosario,820210,Servicio de Catastro e Información Territorial,IGN
2020,7421,2020-12-19,Sabado,,19:00:00,,0.0,2,"Automóvil,Moto/Ciclomotor",Lamadrid Y Buenos Aires,3,2,0,0,1,0,0,"-32.997, -60.64515",Calle,,ROSARIO,Rosario,Asfalto,No existe,II,Dentro,Urbana,Ninguna,No existe,Intersección,Bueno,Buena,Atardecer,Buen Tiempo,S/D,S/D,Colisión,Ninguna,Faltante,Ninguna,Sin restricción,"-32.997, -60.64515","['Lamadrid', 'Buenos Aires']",2,,-32.997,-60.64515,55.0,538.0,Municipio Rosario,Municipio,Rosario,820210,Servicio de Catastro e Información Territorial,IGN
2020,7422,2020-12-19,Sabado,,21:00:00,,0.0,2,"Bicicleta,Pickup/Utilitario",San Martin Y Garay,2,1,0,0,1,0,0,"-32.97477, -60.64371",Calle,,ROSARIO,Rosario,Asfalto,No existe,II,Dentro,Urbana,Ninguna,No existe,Intersección,Bueno,Buena,Nocturna,Buen Tiempo,S/D,Ciclista,Atropello,Ninguna,Faltante,Ninguna,Sin restricción,"-32.97477, -60.64371","['San Martin', 'Garay']",2,,-32.97477,-60.64371,55.0,538.0,Municipio Rosario,Municipio,Rosario,820210,Servicio de Catastro e Información Territorial,IGN
2020,7435,2020-12-20,Domingo,,18:15:00,,0.0,2,"Automóvil,Automóvil",Mitre Y Uruguay,2,1,0,0,1,0,0,"-32.97653, -60.64719",Calle,,ROSARIO,Rosario,Asfalto,No existe,II,Dentro,Urbana,Ninguna,No existe,Intersección,Bueno,Buena,Diurna,Buen Tiempo,Lateral,S/D,Colisión,Ninguna,Faltante,Ninguna,Sin restricción,"-32.97653, -60.64719","['Mitre', 'Uruguay']",2,,-32.97653,-60.64719,55.0,538.0,Municipio Rosario,Municipio,Rosario,820210,Servicio de Catastro e Información Territorial,IGN
2020,7441,2020-12-20,Domingo,,20:35:00,,0.0,2,"Automóvil,Moto/Ciclomotor",Baigorria Y Av. J.Suarez,2,1,0,0,1,0,0,"-32.8943, -60.72112",Avenida,,ROSARIO,Rosario,Asfalto,S/D,II,S/D,Urbana,S/D,S/D,Intersección,S/D,Buena,Nocturna,Buen Tiempo,S/D,S/D,Colisión,S/D,S/D,S/D,S/D,"-32.8943, -60.72112","['Baigorria', 'Suarez']",2,,-32.8943,-60.72112,55.0,538.0,Municipio Rosario,Municipio,Rosario,820210,Servicio de Catastro e Información Territorial,IGN
2020,7442,2020-12-20,Domingo,,17:20:00,,0.0,2,"Moto/Ciclomotor,Automóvil",Salta Y Callao,3,2,0,0,1,0,0,"-32.93555, -60.65829",Calle,,ROSARIO,Rosario,Asfalto,No existe,II,S/D,Urbana,Semáforo,Funciona,Intersección,Bueno,Buena,Diurna,Buen Tiempo,De alcance,S/D,Colisión,Ninguna,Faltante,Ninguna,Sin restricción,"-32.93555, -60.65829","['Salta', 'Callao']",2,,-32.93555,-60.65829,55.0,538.0,Municipio Rosario,Municipio,Rosario,820210,Servicio de Catastro e Información Territorial,IGN
2020,7451,2020-12-21,Lunes,,18:00:00,,0.0,3,"Taxi/Remis,Automóvil,Automóvil",Av. Eva Peron Y Sanchez de Loria Bis,4,2,0,0,2,0,0,"-32.92952, -60.73212",Avenida,,ROSARIO,Rosario,Asfalto,No existe,II,Dentro,Urbana,Semáforo,Funciona,Intersección,Bueno,Buena,Diurna,Buen Tiempo,Múltiple,S/D,Colisión,Ninguna,S/D,Cordón divisorio,Sin restricción,"-32.92952, -60.73212","['Avenida Eva Perón', 'Sánchez de Loria']",2,,-32.92952,-60.73212,55.0,538.0,Municipio Rosario,Municipio,Rosario,820210,Servicio de Catastro e Información Territorial,IGN
2020,7452,2020-12-21,Lunes,,16:30:00,,0.0,2,"Moto/Ciclomotor,Pickup/Utilitario",Bv. Avellaneda Y Gaboto,2,1,0,0,1,0,0,"-32.96599, -60.68598",Calle,,ROSARIO,Rosario,Asfalto,No existe,II,Dentro,Urbana,Ninguna,No existe,Intersección,Bueno,Buena,Diurna,Buen Tiempo,Lateral,S/D,Colisión,Ninguna,Faltante,Ninguna,Sin restricción,"-32.96599, -60.68598","['Avellaneda', 'Gaboto']",2,,-32.96599,-60.68598,55.0,538.0,Municipio Rosario,Municipio,Rosario,820210,Servicio de Catastro e Información Territorial,IGN
2020,7470,2020-12-21,Lunes,,08:15:00,,0.0,2,"Bicicleta,Automóvil",España 200,2,1,0,0,1,0,0,"-32.93783, -60.64473",Calle,,ROSARIO,Rosario,Asfalto,S/D,II,S/D,Urbana,S/D,S/D,Intersección,S/D,S/D,Diurna,S/D,S/D,Ciclista,Atropello,S/D,S/D,S/D,Sin restricción,"-32.93783, -60.64473",['España 200'],1,,-32.93783,-60.64473,55.0,538.0,Municipio Rosario,Municipio,Rosario,820210,Servicio de Catastro e Información Territorial,IGN
2020,7471,2020-12-24,Jueves,,15:45:00,,0.0,2,"Moto/Ciclomotor,Automóvil",Dorrego Y Amenabar,2,1,0,0,1,0,0,"-32.97017, -60.6557",Calle,,ROSARIO,Rosario,Asfalto,S/D,II,Dentro,Urbana,Ninguna,No existe,Intersección,Bueno,Buena,Diurna,Buen Tiempo,Lateral,S/D,Colisión,Ninguna,Faltante,Ninguna,Sin restricción,"-32.97017, -60.6557","['Dorrego', 'Amenabar']",2,,-32.97017,-60.6557,55.0,538.0,Municipio Rosario,Municipio,Rosario,820210,Servicio de Catastro e Información Territorial,IGN
2020,7472,2020-12-21,Lunes,,16:30:00,,0.0,2,"Automóvil,Automóvil",Av. Ovidio Lagos Y Sanchez de Bustamante,3,1,0,0,2,0,0,"-33.00284, -60.67587",Calle,,ROSARIO,Rosario,Asfalto,No existe,II,Dentro,Urbana,S/D,No existe,Intersección,Bueno,Buena,Diurna,Buen Tiempo,Lateral,S/D,Colisión,Ninguna,Faltante,Ninguna,Sin restricción,"-33.00284, -60.67587","['Avenida Ovidio Lagos', 'Sánchez de Bustamante']",2,,-33.00284,-60.67587,55.0,538.0,Municipio Rosario,Municipio,Rosario,820210,Servicio de Catastro e Información Territorial,IGN
2020,7475,2020-12-17,Jueves,,,,0.0,2,"Moto/Ciclomotor,Automóvil",Av. Sorrento Y Casiano Casas,2,1,0,0,1,0,0,"-32.90729, -60.69578",Avenida,,ROSARIO,Rosario,S/D,S/D,II,S/D,Urbana,S/D,S/D,Intersección,S/D,S/D,S/D,S/D,S/D,S/D,Colisión,S/D,S/D,S/D,S/D,"-32.90729, -60.69578","['Sorrento', 'Avenida Casiano Casas']",2,,-32.90729,-60.69578,55.0,538.0,Municipio Rosario,Municipio,Rosario,820210,Servicio de Catastro e Información Territorial,IGN
2020,7478,2020-12-18,Viernes,,14:10:00,,0.0,2,"Moto/Ciclomotor,Pickup/Utilitario",Magallanes Y Av. Pellegrini,2,1,0,0,1,0,0,"-32.94833, -60.70414",Calle,,ROSARIO,Rosario,S/D,S/D,II,S/D,Urbana,S/D,S/D,Intersección,S/D,S/D,Diurna,S/D,S/D,S/D,Colisión,S/D,S/D,S/D,S/D,"-32.94833, -60.70414","['Magallanes', 'Pellegrini']",2,,-32.94833,-60.70414,55.0,538.0,Municipio Rosario,Municipio,Rosario,820210,Servicio de Catastro e Información Territorial,IGN
2020,7481,2020-12-19,Sabado,,10:00:00,,0.0,2,"Peatón,Automóvil",Oribe Bis 559,2,1,0,0,1,0,0,"-33.00173, -60.62127",Calle,,ROSARIO,Rosario,S/D,S/D,II,S/D,Urbana,S/D,S/D,Recta,S/D,S/D,Diurna,S/D,S/D,Peatón,Atropello,S/D,S/D,S/D,S/D,"-33.00173, -60.62127",['Oribe Bis 559'],1,,-33.00173,-60.62127,55.0,538.0,Municipio Rosario,Municipio,Rosario,820210,Servicio de Catastro e Información Territorial,IGN
2020,7483,2020-12-19,Sabado,,09:40:00,,0.0,2,"Moto/Ciclomotor,Automóvil",J.J.Paso Y Olavarria Bis,3,1,0,0,2,0,0,"-32.91998, -60.70441",Calle,,ROSARIO,Rosario,S/D,S/D,II,S/D,Urbana,S/D,S/D,Intersección,S/D,S/D,Diurna,S/D,S/D,S/D,Colisión,S/D,S/D,S/D,S/D,"-32.91998, -60.70441","['Paso', 'Olavarría']",2,,-32.91998,-60.70441,55.0,538.0,Municipio Rosario,Municipio,Rosario,820210,Servicio de Catastro e Información Territorial,IGN
2020,7484,2020-12-19,Sabado,,20:35:00,,0.0,2,"Peatón,Moto/Ciclomotor",Uruguay 8025,2,1,0,0,1,0,0,"-32.96909, -60.73088",Calle,,ROSARIO,Rosario,S/D,S/D,II,S/D,Urbana,S/D,S/D,Recta,S/D,S/D,Nocturna,S/D,S/D,Peatón,Atropello,S/D,S/D,S/D,S/D,"-32.96909, -60.73088",['Uruguay 8025'],1,,-32.96909,-60.73088,55.0,538.0,Municipio Rosario,Municipio,Rosario,820210,Servicio de Catastro e Información Territorial,IGN
2020,7492,2020-12-20,Domingo,,22:00:00,,0.0,2,"Moto/Ciclomotor,Taxi/Remis",Dorrego Y Montevideo,2,1,0,0,1,0,0,"-32.95415, -60.65166",Calle,,ROSARIO,Rosario,S/D,S/D,II,S/D,Urbana,S/D,S/D,Intersección,S/D,S/D,Nocturna,S/D,S/D,S/D,Colisión,S/D,S/D,S/D,S/D,"-32.95415, -60.65166","['Dorrego', 'Montevideo']",2,,-32.95415,-60.65166,55.0,538.0,Municipio Rosario,Municipio,Rosario,820210,Servicio de Catastro e Información Territorial,IGN
2020,7493,2020-12-23,Miercoles,,23:30:00,,0.0,2,"Peatón,Moto/Ciclomotor",Pje. Ancaste 3464,2,1,0,0,1,0,0,"-32.97004, -60.68769",Calle,,ROSARIO,Rosario,S/D,S/D,II,S/D,Urbana,S/D,S/D,Recta,S/D,S/D,Nocturna,S/D,S/D,Peatón,Atropello,S/D,S/D,S/D,S/D,"-32.97004, -60.68769",['Pasaje Ancaste 3464'],1,,-32.97004,-60.68769,55.0,538.0,Municipio Rosario,Municipio,Rosario,820210,Servicio de Catastro e Información Territorial,IGN
2020,7496,2020-03-07,Sabado,,21:00:00,,0.0,1,Moto/Ciclomotor, ,1,0,0,0,0,1,0,"-32.951813801097295, -60.6582026986",S/D,,ROSARIO,Rosario,S/D,S/D,II,S/D,S/D,S/D,S/D,S/D,S/D,S/D,Nocturna,S/D,S/D,S/D,S/D,S/D,S/D,S/D,S/D,"-32.951813801097295, -60.6582026986",[''],0,,-32.951813801097295,-60.6582026986,55.0,538.0,Municipio Rosario,Municipio,Rosario,820210,Servicio de Catastro e Información Territorial,IGN
2020,7500,2020-12-21,Lunes,,04:20:00,,0.0,2,"Moto/Ciclomotor,Automóvil",Av. Arijon Y Balcarce,3,2,0,0,1,0,0,"-33.00348, -60.66334",Avenida,,ROSARIO,Rosario,S/D,S/D,II,S/D,Urbana,S/D,S/D,Intersección,S/D,S/D,Nocturna,S/D,S/D,S/D,Colisión,S/D,S/D,S/D,S/D,"-33.00348, -60.66334","['Avenida Manuel Arijón', 'Balcarce']",2,,-33.00348,-60.66334,55.0,538.0,Municipio Rosario,Municipio,Rosario,820210,Servicio de Catastro e Información Territorial,IGN
2020,7501,2020-12-21,Lunes,,00:30:00,,0.0,3,"Moto/Ciclomotor,Automóvil,Bicicleta",Av. Pte.Peron Y Servando Bayo,6,5,0,0,1,0,0,"-32.95832, -60.68967",Avenida,,ROSARIO,Rosario,S/D,S/D,II,S/D,Urbana,S/D,S/D,Intersección,S/D,S/D,Nocturna,S/D,Múltiple,Ciclista,"Colisión,Atropello",S/D,S/D,S/D,S/D,"-32.95832, -60.68967","['Avenida Presidente Perón', 'Servando Bayo']",2,,-32.95832,-60.68967,55.0,538.0,Municipio Rosario,Municipio,Rosario,820210,Servicio de Catastro e Información Territorial,IGN
2020,7552,2020-12-28,Lunes,,,,0.0,2,"Moto/Ciclomotor,Automóvil",San Martin ,2,0,1,0,0,0,1,"-32.95883, -60.693",Calle,,ROSARIO,Rosario,Asfalto,S/D,II,Dentro,Urbana,S/D,S/D,Intersección,S/D,S/D,S/D,S/D,S/D,S/D,Colisión,S/D,S/D,S/D,S/D,"-32.95883, -60.693",['San Martin'],1,,-32.95883,-60.693,55.0,538.0,Municipio Rosario,Municipio,Rosario,820210,Servicio de Catastro e Información Territorial,IGN
2020,7557,2020-10-08,Jueves,,02:40:00,,0.0,1,Automóvil,Av. Pte.Peron Y Av. Provincias Unidas,3,1,1,0,0,1,0,"-32.96974, -60.71502",Avenida,,ROSARIO,Rosario,Asfalto,Pavimento,II,S/D,Urbana,Otra Señal,Funciona,Otro,Bueno,S/D,Nocturna,Buen Tiempo,Contra objeto fijo,S/D,Colisión,S/D,S/D,Ninguna,Sin restricción,"-32.96974, -60.71502","['Avenida Presidente Perón', 'Avenida Provincias Unidas']",2,,-32.96974,-60.71502,55.0,538.0,Municipio Rosario,Municipio,Rosario,820210,Servicio de Catastro e Información Territorial,IGN
2020,7563,2020-10-25,Domingo,,05:20:00,,0.0,1,Automóvil,Mendoza Y Mejico,2,1,0,0,0,1,0,"-32.94034,-60.71842",Avenida,,ROSARIO,Rosario,Asfalto,No existe,II,Dentro,Urbana,Paso Peatonal,No existe,Intersección,Resbaladiza,Reducida,Nocturna,Lluvia,Contra objeto fijo,S/D,Colisión,Agua,S/D,Cordón divisorio,Sin restricción,"-32.94034,-60.71842","['Mendoza', 'Mejico']",2,,-32.94034,-60.71842,55.0,538.0,Municipio Rosario,Municipio,Rosario,820210,Servicio de Catastro e Información Territorial,IGN
2020,7576,2020-06-04,Jueves,,23:00:00,,0.0,1,Moto/Ciclomotor,Bv. Avellaneda Y Garibaldi,1,1,0,0,0,0,0,"-32.978692, -60.688850",Avenida,,ROSARIO,Rosario,Asfalto,No existe,II,Dentro,Urbana,Ninguna,No existe,Recta,S/D,S/D,Nocturna,S/D,S/D,S/D,Colisión,S/D,Faltante,Cordón divisorio,S/D,"-32.978692, -60.688850","['Avellaneda', 'José Garibaldi']",2,,-32.978692,-60.68885,55.0,538.0,Municipio Rosario,Municipio,Rosario,820210,Servicio de Catastro e Información Territorial,IGN
2020,7578,2020-06-05,Viernes,,15:30:00,,0.0,1,Moto/Ciclomotor,Garibaldi Y Sarmiento,1,1,0,0,0,0,0,"-32.985953872148,-60.648100279082",Calle,,ROSARIO,Rosario,Asfalto,No existe,II,Dentro,Urbana,Ninguna,No existe,Intersección,S/D,S/D,Diurna,S/D,S/D,S/D,Colisión,S/D,Faltante,Ninguna,S/D,"-32.985953872148,-60.648100279082","['José Garibaldi', 'Sarmiento']",2,,-32.985953872148,-60.648100279082,55.0,538.0,Municipio Rosario,Municipio,Rosario,820210,Servicio de Catastro e Información Territorial,IGN
2020,7579,2020-06-05,Viernes,,18:00:00,,0.0,1,Moto/Ciclomotor,Av. Francia Y Av. Pellegrini,1,1,0,0,0,0,0,"-32.952439492342,-60.668385091878",Avenida,,ROSARIO,Rosario,Asfalto,No existe,II,Dentro,Urbana,Semáforo,Funciona,Intersección,S/D,S/D,Diurna,S/D,S/D,S/D,Colisión,S/D,"Horizontal,Vertical",Cordón divisorio,S/D,"-32.952439492342,-60.668385091878","['Avenida Francia', 'Pellegrini']",2,,-32.952439492342,-60.668385091878,55.0,538.0,Municipio Rosario,Municipio,Rosario,820210,Servicio de Catastro e Información Territorial,IGN
2020,7580,2020-06-06,Sabado,,00:00:00,,0.0,2,"Bicicleta,Otros",Alvear Y E.Zeballos,2,1,0,0,0,0,1,"-32.952047440156,-60.656809766822",Calle,,ROSARIO,Rosario,Asfalto,No existe,II,Dentro,Urbana,Paso Peatonal,No existe,Intersección,S/D,S/D,Nocturna,S/D,S/D,Ciclista,Atropello,S/D,Horizontal,Ninguna,S/D,"-32.952047440156,-60.656809766822","['Alvear', 'Zeballos']",2,,-32.952047440156,-60.656809766822,55.0,538.0,Municipio Rosario,Municipio,Rosario,820210,Servicio de Catastro e Información Territorial,IGN
2020,7581,2020-06-07,Domingo,,04:45:00,,0.0,1,Moto/Ciclomotor,Av. Pte.Peron Y Vera Mujica,1,1,0,0,0,0,0,"-32.956015266431,-60.670593346928",Avenida,,ROSARIO,Rosario,Asfalto,No existe,II,Dentro,Urbana,Semáforo,Funciona,Intersección,S/D,S/D,Nocturna,S/D,S/D,S/D,Colisión,S/D,"Horizontal,Vertical",Cordón divisorio,S/D,"-32.956015266431,-60.670593346928","['Avenida Presidente Perón', 'Vera Mujíca']",2,,-32.956015266431,-60.670593346928,55.0,538.0,Municipio Rosario,Municipio,Rosario,820210,Servicio de Catastro e Información Territorial,IGN
2020,7582,2020-08-01,Sabado,,09:29:00,,0.0,1,Moto/Ciclomotor,A.Maza Y Gurruchaga,1,1,0,0,0,0,0,"-32.904306484787,-60.685624987925",Calle,,ROSARIO,Rosario,Asfalto,No existe,II,Dentro,Urbana,Ninguna,No existe,Intersección,Bueno,Buena,Diurna,Buen Tiempo,S/D,S/D,Colisión,Ninguna,Faltante,Ninguna,Sin restricción,"-32.904306484787,-60.685624987925","['Maza', 'Gurruchaga']",2,,-32.904306484787,-60.685624987925,55.0,538.0,Municipio Rosario,Municipio,Rosario,820210,Servicio de Catastro e Información Territorial,IGN
2020,7583,2020-06-07,Domingo,,00:00:00,,0.0,1,Moto/Ciclomotor,Mejico ,1,1,0,0,0,0,0,"-32.91180700063706,-60.719466805458",Calle,,ROSARIO,Rosario,S/D,S/D,II,Dentro,Urbana,S/D,S/D,S/D,S/D,S/D,Nocturna,S/D,S/D,S/D,Colisión,S/D,S/D,S/D,S/D,"-32.91180700063706,-60.719466805458",['Mejico'],1,,-32.91180700063706,-60.719466805458,55.0,538.0,Municipio Rosario,Municipio,Rosario,820210,Servicio de Catastro e Información Territorial,IGN
2020,7584,2020-08-01,Sabado,,07:30:00,,0.0,1,Moto/Ciclomotor,9 De Julio Y Lavalle,1,1,0,0,0,0,0,"-32.946739419559,-60.679627166393",Calle,,ROSARIO,Rosario,Asfalto,No existe,II,Dentro,Urbana,Ninguna,No existe,Intersección,Bueno,Buena,Diurna,Buen Tiempo,S/D,S/D,Colisión,Ninguna,Faltante,Ninguna,Sin restricción,"-32.946739419559,-60.679627166393","['9 de Julio', 'Lavalle']",2,,-32.946739419559,-60.679627166393,55.0,538.0,Municipio Rosario,Municipio,Rosario,820210,Servicio de Catastro e Información Territorial,IGN
2020,7585,2020-08-01,Sabado,,10:00:00,,0.0,2,"Otros,Bicicleta",Junin Y Larrea,2,0,1,0,0,0,1,"-32.927159162457,-60.697755089918",Calle,,ROSARIO,Rosario,Asfalto,No existe,II,Dentro,Urbana,Ninguna,No existe,Intersección,Bueno,Buena,Diurna,Buen Tiempo,S/D,Ciclista,Atropello,Ninguna,Faltante,Ninguna,Sin restricción,"-32.927159162457,-60.697755089918","['Junín', 'Larrea']",2,,-32.927159162457,-60.697755089918,55.0,538.0,Municipio Rosario,Municipio,Rosario,820210,Servicio de Catastro e Información Territorial,IGN