anio_acci,nro_acci,fecha,desc_dia,fecha_aprox,hora_aprox,desc_ruta,km,cant_participantes,desc_participante,calle_avenida_km,total,heridos_leves,heridos_graves,heridos_gravisimos,ilesos,fallecidos,sin_datos,posicion_XY,desc_tipo_via,desc_ruta_ori,desc_loc,desc_dpto,desc_tipo_calzada,desc_tipo_banquina,desc_unidad_regional,desc_lugar_calzada,desc_zona,desc_prioridad,desc_estado_semaforo,desc_lugar_via,desc_estado_via,desc_estado_visibilidad,desc_luminosidad,desc_estado_clima,desc_tipo_colision,desc_tipo_atropello,desc_tipo_hecho,desc_pres_calzada,desc_senializacion,desc_separacion_via,desc_restriccion,forma_geocod,calle_lista,numero_calles,calles_osm,lat,lon,index_right,gid,fna,gna,nam,in1,fdc,sag
2020,7586,2020-08-02,Domingo,,00:05:00,,0.0,1,Moto/Ciclomotor,Bv. Avellaneda Y Garay,1,1,0,0,0,0,0,"-32.967100063303,-60.686295773492",Avenida,,ROSARIO,Rosario,Asfalto,No existe,II,Dentro,Urbana,Paso Peatonal,No existe,Intersección,Bueno,Buena,Diurna,Buen Tiempo,S/D,S/D,Colisión,Ninguna,"Horizontal,Vertical","Cordón divisorio,Vegetación",Sin restricción,"-32.967100063303,-60.686295773492","['Avellaneda', 'Garay']",2,,-32.967100063303,-60.686295773492,55.0,538.0,Municipio Rosario,Municipio,Rosario,820210,Servicio de Catastro e Información Territorial,IGN
2020,7587,2020-06-07,Domingo,,00:00:00,,0.0,2,"Peatón,Otros",Mariano Moreno ,2,1,0,0,1,0,0,"-32.948416471481345,-60.65167665481",Calle,,ROSARIO,Rosario,S/D,S/D,II,Dentro,Urbana,S/D,S/D,S/D,S/D,S/D,Nocturna,S/D,S/D,Peatón,Atropello,S/D,S/D,S/D,S/D,"-32.948416471481345,-60.65167665481",['Mariano Moreno'],1,,-32.948416471481345,-60.65167665481,55.0,538.0,Municipio Rosario,Municipio,Rosario,820210,Servicio de Catastro e Información Territorial,IGN
2020,7588,2020-08-22,Sabado,,07:00:00,,0.0,1,Moto/Ciclomotor,Amenabar Y Rodriguez,1,1,0,0,0,0,0,"-32.968505675948,-60.665226960818",Calle,,ROSARIO,Rosario,Asfalto,No existe,II,Dentro,Urbana,Ninguna,No existe,Intersección,Bueno,Buena,Diurna,Buen Tiempo,S/D,S/D,Colisión,Ninguna,Faltante,Ninguna,Sin restricción,"-32.968505675948,-60.665226960818","['Amenabar', 'Rodríguez']",2,,-32.968505675948,-60.665226960818,55.0,538.0,Municipio Rosario,Municipio,Rosario,820210,Servicio de Catastro e Información Territorial,IGN
2020,7589,2020-06-02,Martes,,09:11:00,,0.0,1,Moto/Ciclomotor,Bv. Segui Y Rio De Janeiro,1,1,0,0,0,0,0,"-32.971562807372,-60.688752040249",Avenida,,ROSARIO,Rosario,Asfalto,No existe,II,Dentro,Urbana,Ninguna,No existe,Intersección,S/D,S/D,Diurna,S/D,S/D,S/D,Colisión,S/D,Faltante,Cordón divisorio,S/D,"-32.971562807372,-60.688752040249","['Bulevar Juan Francisco Seguí', 'Río de Janeiro']",2,,-32.971562807372,-60.688752040249,55.0,538.0,Municipio Rosario,Municipio,Rosario,820210,Servicio de Catastro e Información Territorial,IGN
2020,7590,2020-06-08,Lunes,,13:21:00,,0.0,2,"Bicicleta,Otros",Bv. Avellaneda Y Garay,2,1,0,0,0,0,1,"-32.967135501409,-60.686098273632",Avenida,,ROSARIO,Rosario,Asfalto,No existe,II,Dentro,Urbana,Ninguna,No existe,Intersección,S/D,S/D,Diurna,S/D,S/D,Ciclista,Atropello,S/D,Faltante,Cordón divisorio,S/D,"-32.967135501409,-60.686098273632","['Avellaneda', 'Garay']",2,,-32.967135501409,-60.686098273632,55.0,538.0,Municipio Rosario,Municipio,Rosario,820210,Servicio de Catastro e Información Territorial,IGN
2020,7591,2020-06-09,Martes,,19:30:00,,0.0,2,"Bicicleta,Otros",Ituzaingo Y Larrea,2,1,0,0,0,0,1,"-32.951771847515,-60.696812664629",Calle,,ROSARIO,Rosario,Asfalto,No existe,II,Dentro,Urbana,Ninguna,No existe,Intersección,S/D,S/D,Diurna,S/D,S/D,Ciclista,Atropello,S/D,Faltante,Ninguna,S/D,"-32.951771847515,-60.696812664629","['Ituzaingó', 'Larrea']",2,,-32.951771847515,-60.696812664629,55.0,538.0,Municipio Rosario,Municipio,Rosario,820210,Servicio de Catastro e Información Territorial,IGN
2020,7592,2020-06-09,Martes,,19:00:00,,0.0,2,"Bicicleta,Otros",Bv. Segui Y Roullon,2,1,0,0,0,0,1,"-32.970791924002,-60.701062445561",Avenida,,ROSARIO,Rosario,Asfalto,No existe,II,Dentro,Urbana,Semáforo,Funciona,Intersección,S/D,S/D,Nocturna,S/D,S/D,Ciclista,Atropello,S/D,Vertical,Cordón divisorio,S/D,"-32.970791924002,-60.701062445561","['Bulevar Juan Francisco Seguí', 'Alfredo Rouillón']",2,,-32.970791924002,-60.701062445561,55.0,538.0,Municipio Rosario,Municipio,Rosario,820210,Servicio de Catastro e Información Territorial,IGN
2020,7593,2020-09-02,Miercoles,,16:10:00,,0.0,2,"Automóvil,Moto/Ciclomotor",Cafferata Y Pasco,2,1,0,0,0,0,1,"-32.953703296731,-60.674267147499",Calle,,ROSARIO,Rosario,Asfalto,No existe,II,Dentro,Urbana,Ninguna,No existe,Intersección,Deteriorada,Buena,Diurna,Buen Tiempo,S/D,S/D,Colisión,Ninguna,Faltante,Ninguna,Sin restricción,"-32.953703296731,-60.674267147499","['Cafferata', 'Pasco']",2,,-32.953703296731,-60.674267147499,55.0,538.0,Municipio Rosario,Municipio,Rosario,820210,Servicio de Catastro e Información Territorial,IGN
2020,7594,2020-06-09,Martes,,19:00:00,,0.0,1,Moto/Ciclomotor,BV 27 DE FEBRERO Y JUAN PABLO II,1,0,1,0,0,0,0,"-32.959628, -60.720293",Avenida,,ROSARIO,Rosario,Asfalto,No existe,II,Dentro,Urbana,Semáforo,Funciona,Intersección,S/D,S/D,Nocturna,S/D,S/D,S/D,Colisión,S/D,Vertical,Cordón divisorio,S/D,"-32.959628, -60.720293","['27 de Febrero', 'Juan Pablo II']",2,,-32.959628,-60.720293,55.0,538.0,Municipio Rosario,Municipio,Rosario,820210,Servicio de Catastro e Información Territorial,IGN
2020,7595,2020-09-03,Jueves,,08:00:00,,0.0,1,Moto/Ciclomotor,ABORIGENES ARGENTINOS Y JUAN PABLO SEGUNDO,1,1,0,0,0,0,0,"-32.98143850594737, -60.70938138464",Calle,,ROSARIO,Rosario,Asfalto,No existe,II,Dentro,Urbana,Ninguna,No existe,Distribuidor,Bueno,Buena,Diurna,Buen Tiempo,S/D,S/D,Colisión,Ninguna,Faltante,Cordón divisorio,Sin restricción,"-32.98143850594737, -60.70938138464","['Aborígenes Argentinos', 'Juan Pablo II']",2,,-32.98143850594737,-60.70938138464,55.0,538.0,Municipio Rosario,Municipio,Rosario,820210,Servicio de Catastro e Información Territorial,IGN
2020,7596,2020-06-09,Martes,,18:00:00,,0.0,2,"Bicicleta,Otros", ,2,0,1,0,0,0,1,"-32.945970296859706,-60.68368077278",S/D,,ROSARIO,Rosario,S/D,S/D,II,Dentro,Urbana,S/D,S/D,S/D,S/D,S/D,Diurna,S/D,S/D,Ciclista,Atropello,S/D,S/D,Ninguna,S/D,"-32.945970296859706,-60.68368077278",[''],0,,-32.945970296859706,-60.68368077278,55.0,538.0,Municipio Rosario,Municipio,Rosario,820210,Servicio de Catastro e Información Territorial,IGN
2020,7597,2020-08-26,Miercoles,,18:00:00,,0.0,2,"Moto/Ciclomotor,Automóvil",Dr.Rivas ,2,0,1,0,0,0,1,"-32.97550822815,-60.697862076748",Calle,,ROSARIO,Rosario,S/D,S/D,II,Dentro,Urbana,S/D,S/D,Recta,S/D,S/D,Diurna,S/D,S/D,S/D,Colisión,S/D,S/D,S/D,S/D,"-32.97550822815,-60.697862076748",['Doctor Francisco Riva'],1,,-32.97550822815,-60.697862076748,55.0,538.0,Municipio Rosario,Municipio,Rosario,820210,Servicio de Catastro e Información Territorial,IGN
2020,7598,2020-09-03,Jueves,,21:00:00,,0.0,2,"Otros,Bicicleta",Bv. 27 De Febrero ,2,1,0,0,0,0,1,"-32.958746514193,-60.693637918716",Calle,,ROSARIO,Rosario,S/D,S/D,II,Dentro,Urbana,S/D,S/D,S/D,S/D,S/D,Nocturna,S/D,S/D,Ciclista,Atropello,S/D,S/D,S/D,S/D,"-32.958746514193,-60.693637918716",['27 de Febrero'],1,,-32.958746514193,-60.693637918716,55.0,538.0,Municipio Rosario,Municipio,Rosario,820210,Servicio de Catastro e Información Territorial,IGN
2020,7601,2020-06-10,Miercoles,,09:00:00,,0.0,2,"Bicicleta,Otros",San Juan De Luz Y Montecarlo,2,1,0,0,0,0,1,"-33.027622850915,-60.689205208534",Calle,,ROSARIO,Rosario,Asfalto,No existe,II,Dentro,Urbana,Ninguna,No existe,Intersección,S/D,S/D,Diurna,S/D,S/D,Ciclista,Atropello,S/D,Faltante,Ninguna,S/D,"-33.027622850915,-60.689205208534","['San Juan de Luz', 'Montecarlo']",2,,-33.027622850915,-60.689205208534,55.0,538.0,Municipio Rosario,Municipio,Rosario,820210,Servicio de Catastro e Información Territorial,IGN
2020,7602,2020-09-04,Viernes,,00:05:00,,0.0,1,Moto/Ciclomotor, ,1,1,0,0,0,0,0,"-32.95817760227484,-60.666264034822",S/D,,ROSARIO,Rosario,S/D,S/D,II,S/D,S/D,S/D,S/D,S/D,S/D,S/D,Nocturna,S/D,S/D,S/D,Colisión,S/D,S/D,S/D,S/D,"-32.95817760227484,-60.666264034822",[''],0,,-32.95817760227484,-60.666264034822,55.0,538.0,Municipio Rosario,Municipio,Rosario,820210,Servicio de Catastro e Información Territorial,IGN
2020,7603,2020-09-04,Viernes,,16:00:00,,0.0,2,"Otros,Bicicleta", ,2,1,0,0,0,0,1,"-32.95817760227484,-60.666264034822",S/D,,ROSARIO,Rosario,S/D,S/D,II,S/D,S/D,S/D,S/D,S/D,S/D,S/D,Diurna,S/D,S/D,S/D,Atropello,S/D,S/D,S/D,S/D,"-32.95817760227484,-60.666264034822",[''],0,,-32.95817760227484,-60.666264034822,55.0,538.0,Municipio Rosario,Municipio,Rosario,820210,Servicio de Catastro e Información Territorial,IGN
2020,7604,2020-06-10,Miercoles,,18:00:00,,0.0,2,"Bicicleta,Otros",Paraguay Y 9 De Julio,2,1,0,0,0,0,1,"-32.956355050349,-60.646486094644",Calle,,ROSARIO,Rosario,Asfalto,No existe,II,Dentro,Urbana,Semáforo,Funciona,Intersección,S/D,S/D,Diurna,S/D,S/D,Ciclista,Atropello,S/D,"Horizontal,Vertical",Cordón divisorio,S/D,"-32.956355050349,-60.646486094644","['Paraguay', '9 de Julio']",2,,-32.956355050349,-60.646486094644,55.0,538.0,Municipio Rosario,Municipio,Rosario,820210,Servicio de Catastro e Información Territorial,IGN
2020,7606,2020-09-05,Sabado,,16:00:00,,0.0,1,Moto/Ciclomotor, ,1,1,0,0,0,0,0,"-32.95817760227484,-60.666264034822",S/D,,ROSARIO,Rosario,S/D,S/D,II,S/D,S/D,S/D,S/D,S/D,S/D,S/D,Diurna,S/D,S/D,S/D,Colisión,S/D,S/D,S/D,S/D,"-32.95817760227484,-60.666264034822",[''],0,,-32.95817760227484,-60.666264034822,55.0,538.0,Municipio Rosario,Municipio,Rosario,820210,Servicio de Catastro e Información Territorial,IGN
2020,7607,2020-06-09,Martes,,19:15:00,,0.0,1,Automóvil,Bv. Avellaneda Y Gorriti,1,1,0,0,0,0,0,"-32.923336767949,-60.675246322885",Avenida,,ROSARIO,Rosario,Asfalto,No existe,II,Dentro,Urbana,Semáforo,No existe,Intersección,S/D,S/D,Nocturna,S/D,S/D,S/D,Colisión,S/D,"Horizontal,Vertical",Cordón divisorio,S/D,"-32.923336767949,-60.675246322885","['Avellaneda', 'Gorriti']",2,,-32.923336767949,-60.675246322885,55.0,538.0,Municipio Rosario,Municipio,Rosario,820210,Servicio de Catastro e Información Territorial,IGN
2020,7608,2020-08-31,Lunes,,12:33:00,,0.0,2,"Bicicleta,Otros",Biedma Y Larrea,2,1,0,0,0,0,1,"-32.974513, -60.695969",Calle,,ROSARIO,Rosario,Asfalto,No existe,II,Dentro,Urbana,Ninguna,No existe,Intersección,Bueno,S/D,Diurna,S/D,S/D,Ciclista,Atropello,Ninguna,Faltante,Ninguna,Sin restricción,"-32.974513, -60.695969","['Coronel Biedma', 'Larrea']",2,,-32.974513,-60.695969,55.0,538.0,Municipio Rosario,Municipio,Rosario,820210,Servicio de Catastro e Información Territorial,IGN
2020,7611,2020-06-10,Miercoles,,23:00:00,,0.0,1,Moto/Ciclomotor,Ecuador Y San Lorenzo,1,1,0,0,0,0,0,"-32.934587070883,-60.715275254221",Calle,,ROSARIO,Rosario,Asfalto,No existe,II,Dentro,Urbana,Ninguna,S/D,Intersección,S/D,S/D,Nocturna,S/D,S/D,S/D,Colisión,S/D,Faltante,Ninguna,S/D,"-32.934587070883,-60.715275254221","['Ecuador', 'San Lorenzo']",2,,-32.934587070883,-60.715275254221,55.0,538.0,Municipio Rosario,Municipio,Rosario,820210,Servicio de Catastro e Información Territorial,IGN
2020,7612,2020-09-27,Domingo,,00:05:00,,0.0,2,"Otros,Peatón",Av. Pellegrini ,2,1,0,0,0,0,1,"-32.94834136962887,-60.705256462097",Avenida,,ROSARIO,Rosario,S/D,S/D,II,Dentro,Urbana,S/D,S/D,S/D,S/D,S/D,Nocturna,S/D,S/D,Peatón,Atropello,S/D,S/D,S/D,S/D,"-32.94834136962887,-60.705256462097",['Pellegrini'],1,,-32.94834136962887,-60.705256462097,55.0,538.0,Municipio Rosario,Municipio,Rosario,820210,Servicio de Catastro e Información Territorial,IGN
2020,7613,2020-06-12,Viernes,,06:00:00,,0.0,1,Moto/Ciclomotor,Garay Y Larrea,1,1,0,0,0,0,0,"-32.965869634365,-60.696271608155",Calle,,ROSARIO,Rosario,Asfalto,No existe,II,Dentro,Urbana,Ninguna,No existe,Intersección,S/D,S/D,Diurna,S/D,S/D,S/D,Colisión,S/D,Faltante,Ninguna,S/D,"-32.965869634365,-60.696271608155","['Garay', 'Larrea']",2,,-32.965869634365,-60.696271608155,55.0,538.0,Municipio Rosario,Municipio,Rosario,820210,Servicio de Catastro e Información Territorial,IGN
2020,7614,2020-08-31,Lunes,,11:40:00,,0.0,1,Moto/Ciclomotor,Garzon 6500,1,1,0,0,0,0,0,"-32.975760, -60.704251",Calle,,ROSARIO,Rosario,Asfalto,No existe,II,Dentro,Urbana,Ninguna,No existe,Intersección,Bueno,S/D,Diurna,S/D,S/D,S/D,Colisión,S/D,Faltante,Ninguna,Sin restricción,"-32.975760, -60.704251",['Garzon 6500'],1,,-32.97576,-60.704251,55.0,538.0,Municipio Rosario,Municipio,Rosario,820210,Servicio de Catastro e Información Territorial,IGN
2020,7615,2020-08-31,Lunes,,18:20:00,,0.0,1,Moto/Ciclomotor,Crespo Y Uruguay,1,1,0,0,0,0,0,"-32.971385309248,-60.675905115728",Calle,,ROSARIO,Rosario,Asfalto,No existe,II,Dentro,Urbana,Ninguna,No existe,Intersección,Bueno,Buena,Diurna,S/D,S/D,S/D,Colisión,Ninguna,Faltante,Ninguna,Sin restricción,"-32.971385309248,-60.675905115728","['Crespo', 'Uruguay']",2,,-32.971385309248,-60.675905115728,55.0,538.0,Municipio Rosario,Municipio,Rosario,820210,Servicio de Catastro e Información Territorial,IGN
2020,7616,2020-09-06,Domingo,,00:05:00,,0.0,1,Moto/Ciclomotor,Pje. Patagones 4100,2,1,1,0,0,0,0,"-32.976971, -60.689833",Calle,,ROSARIO,Rosario,S/D,S/D,II,Dentro,Urbana,Ninguna,S/D,Intersección,S/D,S/D,Nocturna,S/D,S/D,S/D,Cañda ocupante,S/D,S/D,Ninguna,Sin restricción,"-32.976971, -60.689833",['Pasaje Patagones 4100'],1,,-32.976971,-60.689833,55.0,538.0,Municipio Rosario,Municipio,Rosario,820210,Servicio de Catastro e Información Territorial,IGN
2020,7617,2020-09-06,Domingo,,18:00:00,,0.0,1,Moto/Ciclomotor,Bv. Avellaneda ,1,1,0,0,0,0,0,"-33.018282352918,-60.689209046793",Avenida,,ROSARIO,Rosario,S/D,S/D,II,Dentro,Urbana,S/D,S/D,S/D,S/D,S/D,Diurna,S/D,S/D,S/D,Colisión,S/D,S/D,S/D,S/D,"-33.018282352918,-60.689209046793",['Avellaneda'],1,,-33.018282352918,-60.689209046793,55.0,538.0,Municipio Rosario,Municipio,Rosario,820210,Servicio de Catastro e Información Territorial,IGN
2020,7619,2020-06-12,Viernes,,07:00:00,,0.0,1,Moto/Ciclomotor,Bv. 27 De Febrero Y Valparaiso,1,1,0,0,0,0,0,"-32.959698077244,-60.687169365054",Avenida,,ROSARIO,Rosario,Asfalto,No existe,II,Dentro,Urbana,Ninguna,No existe,Intersección,S/D,S/D,Diurna,S/D,S/D,S/D,Colisión,S/D,Faltante,Cordón divisorio,S/D,"-32.959698077244,-60.687169365054","['27 de Febrero', 'Valparaíso']",2,,-32.959698077244,-60.687169365054,55.0,538.0,Municipio Rosario,Municipio,Rosario,820210,Servicio de Catastro e Información Territorial,IGN
2020,7620,2020-06-12,Viernes,,17:30:00,,0.0,1,Moto/Ciclomotor,Av. M. Cisnero Y Matienzo,1,1,0,0,0,0,0,"-32.978447, -60.693277",Calle,,ROSARIO,Rosario,Asfalto,No existe,II,Dentro,Urbana,Ninguna,No existe,Intersección,S/D,S/D,Diurna,S/D,S/D,S/D,Colisión,S/D,Faltante,Ninguna,S/D,"-32.978447, -60.693277","['Cisnero', 'Matienzo']",2,,-32.978447,-60.693277,55.0,538.0,Municipio Rosario,Municipio,Rosario,820210,Servicio de Catastro e Información Territorial,IGN
2020,7621,2020-06-13,Sabado,,16:20:00,,0.0,1,Moto/Ciclomotor,Bv. Avellaneda ,1,1,0,0,0,0,0,"-32.945385575294495,-60.68081617355",Avenida,,ROSARIO,Rosario,S/D,S/D,II,Dentro,Urbana,S/D,S/D,S/D,S/D,S/D,Diurna,S/D,S/D,S/D,Colisión,S/D,S/D,S/D,S/D,"-32.945385575294495,-60.68081617355",['Avellaneda'],1,,-32.945385575294495,-60.68081617355,55.0,538.0,Municipio Rosario,Municipio,Rosario,820210,Servicio de Catastro e Información Territorial,IGN
2020,7623,2020-06-14,Domingo,,14:30:00,,0.0,1,Moto/Ciclomotor, ,1,0,1,0,0,0,0,"-32.918599, -60.712233",Calle,,ROSARIO,Rosario,S/D,S/D,II,Dentro,Urbana,S/D,S/D,S/D,S/D,S/D,Diurna,S/D,S/D,S/D,Colisión,S/D,S/D,S/D,S/D,"-32.918599, -60.712233",[''],0,,-32.918599,-60.712233,55.0,538.0,Municipio Rosario,Municipio,Rosario,820210,Servicio de Catastro e Información Territorial,IGN
2020,7624,2020-06-20,Sabado,,06:00:00,,0.0,1,Moto/Ciclomotor,Av. Provincias Unidas ,1,1,0,0,0,0,0,"-32.9410886764526,-60.7125306129454",Avenida,,ROSARIO,Rosario,Asfalto,No existe,II,Dentro,Urbana,S/D,No existe,Recta,S/D,S/D,Amanecer,S/D,S/D,S/D,Colisión,S/D,S/D,Cordón divisorio,Sin restricción,"-32.9410886764526,-60.7125306129454",['Avenida Provincias Unidas'],1,,-32.9410886764526,-60.7125306129454,55.0,538.0,Municipio Rosario,Municipio,Rosario,820210,Servicio de Catastro e Información Territorial,IGN
2020,7625,2020-06-15,Lunes,,12:15:00,,0.0,1,Automóvil,9 De Julio Y Callao,1,1,0,0,0,0,0,"-32.949913661063,-60.66195233897",Calle,,ROSARIO,Rosario,Asfalto,No existe,II,Dentro,Urbana,Semáforo,Funciona,Intersección,S/D,S/D,Diurna,S/D,S/D,S/D,Colisión,S/D,"Horizontal,Vertical",Ninguna,S/D,"-32.949913661063,-60.66195233897","['9 de Julio', 'Callao']",2,,-32.949913661063,-60.66195233897,55.0,538.0,Municipio Rosario,Municipio,Rosario,820210,Servicio de Catastro e Información Territorial,IGN
2020,7626,2020-06-24,Miercoles,,07:40:00,,0.0,1,Moto/Ciclomotor,Av. Francia Y Bv. 27 De Febrero,1,1,0,0,0,0,0,"-32.962794501847,-60.670771834849",Avenida,,ROSARIO,Rosario,Asfalto,No existe,II,Dentro,Urbana,Semáforo,Funciona,Intersección,Bueno,Buena,Diurna,Buen Tiempo,S/D,S/D,Colisión,Ninguna,"Horizontal,Vertical","Cordón divisorio,Vegetación,Línea divisoria pintada",Sin restricción,"-32.962794501847,-60.670771834849","['Avenida Francia', '27 de Febrero']",2,,-32.962794501847,-60.670771834849,55.0,538.0,Municipio Rosario,Municipio,Rosario,820210,Servicio de Catastro e Información Territorial,IGN
2020,7627,2020-06-15,Lunes,,12:00:00,,0.0,2,"Bicicleta,Otros",Tucuman ,2,1,0,0,0,0,1,"-32.936164140701315,-60.66845655441",Calle,,ROSARIO,Rosario,S/D,S/D,II,Dentro,Urbana,S/D,S/D,S/D,S/D,S/D,Diurna,S/D,S/D,Ciclista,Atropello,S/D,S/D,S/D,S/D,"-32.936164140701315,-60.66845655441",['Tucumán'],1,,-32.936164140701315,-60.66845655441,55.0,538.0,Municipio Rosario,Municipio,Rosario,820210,Servicio de Catastro e Información Territorial,IGN
2020,7628,2020-06-19,Viernes,,22:00:00,,0.0,1,Moto/Ciclomotor,Dean Funes Y Necochea,1,1,0,0,0,0,0,"-32.978129051274,-60.631518162141",Calle,,ROSARIO,Rosario,Asfalto,No existe,II,Dentro,Urbana,Paso Peatonal,No existe,Intersección,Bueno,S/D,"Nocturna,Con luz artificial",S/D,S/D,S/D,Colisión,Ninguna,Horizontal,Ninguna,Sin restricción,"-32.978129051274,-60.631518162141","['Deán Gregorio Funes', 'Necochea']",2,,-32.978129051274,-60.631518162141,55.0,538.0,Municipio Rosario,Municipio,Rosario,820210,Servicio de Catastro e Información Territorial,IGN
2020,7629,2020-06-14,Domingo,,22:00:00,,0.0,1,Moto/Ciclomotor,Bv. Avellaneda Y Pte.Quintana,1,1,0,0,0,0,0,"-32.975189972941,-60.688115683409",Avenida,,ROSARIO,Rosario,S/D,No existe,II,Dentro,Urbana,Ninguna,No existe,Intersección,S/D,S/D,Nocturna,S/D,S/D,S/D,Colisión,S/D,Faltante,Cordón divisorio,S/D,"-32.975189972941,-60.688115683409","['Avellaneda', 'Quintana']",2,,-32.975189972941,-60.688115683409,55.0,538.0,Municipio Rosario,Municipio,Rosario,820210,Servicio de Catastro e Información Territorial,IGN
2020,7630,2020-06-14,Domingo,,00:00:00,,0.0,1,Moto/Ciclomotor,Bv. Avellaneda Y Bv. Segui,1,1,0,0,0,0,0,"-32.97165667827,-60.687244626218",Avenida,,ROSARIO,Rosario,Asfalto,No existe,II,Dentro,Urbana,Semáforo,Funciona,Intersección,S/D,S/D,Nocturna,S/D,S/D,S/D,Colisión,S/D,"Horizontal,Vertical",S/D,S/D,"-32.97165667827,-60.687244626218","['Avellaneda', 'Bulevar Juan Francisco Seguí']",2,,-32.97165667827,-60.687244626218,55.0,538.0,Municipio Rosario,Municipio,Rosario,820210,Servicio de Catastro e Información Territorial,IGN
2020,7632,2020-06-25,Jueves,,00:05:00,,0.0,1,Moto/Ciclomotor,Av. Francia Y Bv. Segui,1,1,0,0,0,0,0,"-32.974060784816,-60.673853893732",Avenida,,ROSARIO,Rosario,Asfalto,No existe,II,Dentro,Urbana,Semáforo,Funciona,Intersección,Bueno,Buena,Diurna,Buen Tiempo,S/D,S/D,Colisión,Ninguna,"Horizontal,Vertical","Cordón divisorio,Vegetación,Línea divisoria pintada",Sin restricción,"-32.974060784816,-60.673853893732","['Avenida Francia', 'Bulevar Juan Francisco Seguí']",2,,-32.974060784816,-60.673853893732,55.0,538.0,Municipio Rosario,Municipio,Rosario,820210,Servicio de Catastro e Información Territorial,IGN
2020,7633,2020-06-25,Jueves,,15:00:00,,0.0,1,Moto/Ciclomotor, ,1,1,0,0,0,0,0,"-32.95817760227484,-60.666264034822",S/D,,ROSARIO,Rosario,S/D,S/D,II,S/D,S/D,S/D,S/D,S/D,S/D,S/D,Diurna,S/D,S/D,S/D,Colisión,S/D,S/D,S/D,Sin restricción,"-32.95817760227484,-60.666264034822",[''],0,,-32.95817760227484,-60.666264034822,55.0,538.0,Municipio Rosario,Municipio,Rosario,820210,Servicio de Catastro e Información Territorial,IGN
2020,7634,2020-06-19,Viernes,,01:00:00,,0.0,2,"Moto/Ciclomotor,Moto/Ciclomotor",ABORIGENES ARGENTINOS Y PATAGONES,2,2,0,0,0,0,0,"-32.980834, -60.689867",Calle,,ROSARIO,Rosario,Asfalto,No existe,II,Dentro,Urbana,Ninguna,No existe,Intersección,Bueno,S/D,Nocturna,S/D,Lateral,S/D,Colisión,Ninguna,Faltante,Ninguna,Sin restricción,"-32.980834, -60.689867","['Aborígenes Argentinos', 'Patagones']",2,,-32.980834,-60.689867,55.0,538.0,Municipio Rosario,Municipio,Rosario,820210,Servicio de Catastro e Información Territorial,IGN
2020,7635,2020-06-25,Jueves,,17:30:00,,0.0,1,Moto/Ciclomotor, ,1,1,0,0,0,0,0,"-32.95817760227484,-60.666264034822",S/D,,ROSARIO,Rosario,S/D,S/D,II,S/D,S/D,S/D,S/D,S/D,S/D,S/D,Diurna,S/D,S/D,S/D,Colisión,S/D,S/D,S/D,S/D,"-32.95817760227484,-60.666264034822",[''],0,,-32.95817760227484,-60.666264034822,55.0,538.0,Municipio Rosario,Municipio,Rosario,820210,Servicio de Catastro e Información Territorial,IGN
2020,7636,2020-06-16,Martes,,16:15:00,,0.0,1,Moto/Ciclomotor,Santiago 4100,1,1,0,0,0,0,0,"-32.982013417724,-60.665794893359",Calle,,ROSARIO,Rosario,Asfalto,No existe,II,Dentro,Urbana,Ninguna,No existe,Intersección,S/D,S/D,Diurna,S/D,S/D,S/D,Colisión,S/D,Faltante,Ninguna,S/D,"-32.982013417724,-60.665794893359",['Santiago 4100'],1,,-32.982013417724,-60.665794893359,55.0,538.0,Municipio Rosario,Municipio,Rosario,820210,Servicio de Catastro e Información Territorial,IGN
2020,7637,2020-06-25,Jueves,,19:00:00,,0.0,2,"Moto/Ciclomotor,Moto/Ciclomotor",Av. Battle y Ordo�ez Y Paraguay,2,2,0,0,0,0,0,"-33.009010105948,-60.654450705106",Avenida,,ROSARIO,Rosario,Asfalto,No existe,II,Dentro,Urbana,Señal Pare,No existe,Intersección,Bueno,Buena,Diurna,Buen Tiempo,S/D,S/D,Colisión,Ninguna,"Horizontal,Vertical",Cordón divisorio,Sin restricción,"-33.009010105948,-60.654450705106","['Avenida Battle y Ordoñez', 'Paraguay']",2,,-33.009010105948,-60.654450705106,55.0,538.0,Municipio Rosario,Municipio,Rosario,820210,Servicio de Catastro e Información Territorial,IGN
2020,7638,2020-06-16,Martes,,17:00:00,,0.0,2,"Moto/Ciclomotor,Moto/Ciclomotor",Barra Y Uruguay,2,2,0,0,0,0,0,"-32.96845266851,-60.705706422233",Calle,,ROSARIO,Rosario,"Asfalto,Tierra",No existe,II,Dentro,Urbana,Ninguna,No existe,Intersección,S/D,S/D,Diurna,S/D,S/D,S/D,Colisión,S/D,Faltante,Ninguna,Sin restricción,"-32.96845266851,-60.705706422233","['Barra', 'Uruguay']",2,,-32.96845266851,-60.705706422233,55.0,538.0,Municipio Rosario,Municipio,Rosario,820210,Servicio de Catastro e Información Territorial,IGN