anio_acci,nro_acci,fecha,desc_dia,fecha_aprox,hora_aprox,desc_ruta,km,cant_participantes,desc_participante,calle_avenida_km,total,heridos_leves,heridos_graves,heridos_gravisimos,ilesos,fallecidos,sin_datos,posicion_XY,desc_tipo_via,desc_ruta_ori,desc_loc,desc_dpto,desc_tipo_calzada,desc_tipo_banquina,desc_unidad_regional,desc_lugar_calzada,desc_zona,desc_prioridad,desc_estado_semaforo,desc_lugar_via,desc_estado_via,desc_estado_visibilidad,desc_luminosidad,desc_estado_clima,desc_tipo_colision,desc_tipo_atropello,desc_tipo_hecho,desc_pres_calzada,desc_senializacion,desc_separacion_via,desc_restriccion,forma_geocod,calle_lista,numero_calles,calles_osm,lat,lon,index_right,gid,fna,gna,nam,in1,fdc,sag
2020,7639,2020-06-26,Viernes,,00:05:00,,0.0,2,"Otros,Bicicleta",F.More Y Dr.Maradona,2,1,0,0,0,0,1,"-32.979332859265,-60.691923473516",Calle,,ROSARIO,Rosario,Asfalto,No existe,II,Dentro,Urbana,Ninguna,No existe,Intersección,Bueno,Buena,Nocturna,Buen Tiempo,S/D,Ciclista,Atropello,Ninguna,Faltante,Ninguna,Sin restricción,"-32.979332859265,-60.691923473516","['Felipe Moré', 'Doctor Maradona']",2,,-32.979332859265,-60.691923473516,55.0,538.0,Municipio Rosario,Municipio,Rosario,820210,Servicio de Catastro e Información Territorial,IGN
2020,7640,2020-06-16,Martes,,18:00:00,,0.0,1,Moto/Ciclomotor,Av. Corrientes Y Santa Fe,1,1,0,0,0,0,0,"-32.94430721619,-60.642014472731",Avenida,,ROSARIO,Rosario,Asfalto,No existe,II,Dentro,Urbana,Semáforo,Funciona,Intersección,S/D,S/D,Diurna,S/D,S/D,S/D,Colisión,S/D,"Horizontal,Vertical",Ninguna,S/D,"-32.94430721619,-60.642014472731","['Corrientes', 'Santa Fe']",2,,-32.94430721619,-60.642014472731,55.0,538.0,Municipio Rosario,Municipio,Rosario,820210,Servicio de Catastro e Información Territorial,IGN
2020,7641,2020-06-19,Viernes,,00:01:00,,0.0,1,Automóvil,Av. Provincias Unidas ,2,1,0,0,0,0,1,"-32.96925187110897,-60.711371898651",Avenida,,ROSARIO,Rosario,Asfalto,No existe,II,Dentro,Urbana,Ninguna,S/D,S/D,Bueno,S/D,Diurna,S/D,S/D,S/D,Colisión,S/D,S/D,Cordón divisorio,Sin restricción,"-32.96925187110897,-60.711371898651",['Avenida Provincias Unidas'],1,,-32.96925187110897,-60.711371898651,55.0,538.0,Municipio Rosario,Municipio,Rosario,820210,Servicio de Catastro e Información Territorial,IGN
2020,7642,2020-06-16,Martes,,22:00:00,,0.0,2,"Moto/Ciclomotor,Moto/Ciclomotor",Gaboto Y Matienzo,2,2,0,0,0,0,0,"-32.964636211808,-60.693752555197",Calle,,ROSARIO,Rosario,Asfalto,No existe,II,Dentro,Urbana,Ninguna,No existe,Intersección,S/D,S/D,Nocturna,S/D,S/D,S/D,Colisión,S/D,Faltante,Ninguna,Sin restricción,"-32.964636211808,-60.693752555197","['Gaboto', 'Matienzo']",2,,-32.964636211808,-60.693752555197,55.0,538.0,Municipio Rosario,Municipio,Rosario,820210,Servicio de Catastro e Información Territorial,IGN
2020,7643,2020-06-26,Viernes,,18:00:00,,0.0,1,Moto/Ciclomotor,Garay ,1,1,0,0,0,0,0,"-32.966560978863,-60.68927311493",Calle,,ROSARIO,Rosario,S/D,S/D,II,Dentro,Urbana,S/D,S/D,S/D,S/D,S/D,Diurna,S/D,S/D,S/D,Colisión,S/D,S/D,S/D,S/D,"-32.966560978863,-60.68927311493",['Garay'],1,,-32.966560978863,-60.68927311493,55.0,538.0,Municipio Rosario,Municipio,Rosario,820210,Servicio de Catastro e Información Territorial,IGN
2020,7644,2020-06-17,Miercoles,,07:30:00,,0.0,1,Moto/Ciclomotor,Mitre 1500,2,2,0,0,0,0,0,"-32.954745634004,-60.641702781909",Calle,,ROSARIO,Rosario,Asfalto,No existe,II,Dentro,Urbana,Señal Pare,No existe,Intersección,Bueno,S/D,Diurna,S/D,S/D,S/D,Colisión,Ninguna,"Horizontal,Vertical",Ninguna,Sin restricción,"-32.954745634004,-60.641702781909",['Mitre 1500'],1,,-32.954745634004,-60.641702781909,55.0,538.0,Municipio Rosario,Municipio,Rosario,820210,Servicio de Catastro e Información Territorial,IGN
2020,7645,2020-06-17,Miercoles,,00:00:00,,0.0,1,Moto/Ciclomotor, ,1,1,0,0,0,0,0,"-32.94711828231808,-60.683981180190",S/D,,ROSARIO,Rosario,S/D,S/D,II,S/D,S/D,S/D,S/D,S/D,S/D,S/D,Nocturna,S/D,S/D,S/D,Colisión,S/D,S/D,S/D,S/D,"-32.94711828231808,-60.683981180190",[''],0,,-32.94711828231808,-60.68398118019,55.0,538.0,Municipio Rosario,Municipio,Rosario,820210,Servicio de Catastro e Información Territorial,IGN
2020,7646,2020-06-27,Sabado,,00:05:00,,0.0,1,Moto/Ciclomotor,Camino de los Granaderos Y Palestina,1,1,0,0,0,0,0,"-32.885977867192,-60.709995509497",Calle,,ROSARIO,Rosario,Asfalto,No existe,II,Dentro,Urbana,Semáforo,Funciona,Intersección,Bueno,Buena,Diurna,Buen Tiempo,S/D,S/D,Colisión,Ninguna,"Horizontal,Vertical","Cordón divisorio,Línea divisoria pintada",Sin restricción,"-32.885977867192,-60.709995509497","['Camino de los Granaderos', 'Palestina']",2,,-32.885977867192,-60.709995509497,55.0,538.0,Municipio Rosario,Municipio,Rosario,820210,Servicio de Catastro e Información Territorial,IGN
2020,7647,2020-06-27,Sabado,,14:00:00,,0.0,1,Moto/Ciclomotor,Campbell Y Gaboto,1,1,0,0,0,0,0,"-32.96498667662,-60.706972222386",Calle,,ROSARIO,Rosario,Asfalto,No existe,II,Dentro,Urbana,Ninguna,No existe,Intersección,Bueno,Buena,Diurna,Buen Tiempo,S/D,S/D,Colisión,Ninguna,Faltante,Ninguna,Sin restricción,"-32.96498667662,-60.706972222386","['Campbell', 'Gaboto']",2,,-32.96498667662,-60.706972222386,55.0,538.0,Municipio Rosario,Municipio,Rosario,820210,Servicio de Catastro e Información Territorial,IGN
2020,7648,2020-06-27,Sabado,,18:00:00,,0.0,1,Moto/Ciclomotor,Av. Irigoyen Y Zelaya,1,1,0,0,0,0,0,"-32.884546028679,-60.698158833353",Avenida,,ROSARIO,Rosario,Asfalto,No existe,II,Dentro,Urbana,Ninguna,No existe,Intersección,Bueno,Buena,Diurna,Buen Tiempo,S/D,S/D,Colisión,Ninguna,Faltante,Ninguna,Sin restricción,"-32.884546028679,-60.698158833353","['Avenida Hipólito Irigoyen', 'Zelaya']",2,,-32.884546028679,-60.698158833353,55.0,538.0,Municipio Rosario,Municipio,Rosario,820210,Servicio de Catastro e Información Territorial,IGN
2020,7650,2020-06-17,Miercoles,,17:30:00,,0.0,1,Moto/Ciclomotor,Ameghino ,1,1,0,0,0,0,0,"-32.987252, -60.647743",Calle,,ROSARIO,Rosario,Asfalto,No existe,II,Dentro,Urbana,S/D,No existe,Intersección,S/D,S/D,Diurna,S/D,S/D,S/D,Colisión,S/D,S/D,S/D,S/D,"-32.987252, -60.647743",['Ameghino'],1,,-32.987252,-60.647743,55.0,538.0,Municipio Rosario,Municipio,Rosario,820210,Servicio de Catastro e Información Territorial,IGN
2020,7651,2020-06-28,Domingo,,11:00:00,,0.0,1,Automóvil,Bv. 27 De Febrero ,1,1,0,0,0,0,0,"-32.958746514193,-60.693637918716",Avenida,,ROSARIO,Rosario,S/D,S/D,II,Dentro,Urbana,S/D,S/D,S/D,S/D,S/D,Diurna,S/D,S/D,S/D,Colisión,S/D,S/D,S/D,S/D,"-32.958746514193,-60.693637918716",['27 de Febrero'],1,,-32.958746514193,-60.693637918716,55.0,538.0,Municipio Rosario,Municipio,Rosario,820210,Servicio de Catastro e Información Territorial,IGN
2020,7652,2020-06-16,Martes,,18:00:00,,0.0,2,"Bicicleta,Otros",J.B.Justo ,2,1,0,0,0,0,1,"-32.915070, -60.718506",Calle,,ROSARIO,Rosario,Asfalto,S/D,II,Dentro,Urbana,Ninguna,S/D,Intersección,S/D,S/D,Diurna,S/D,S/D,S/D,Atropello,S/D,S/D,S/D,S/D,"-32.915070, -60.718506",['J B Justo'],1,,-32.91507,-60.718506,55.0,538.0,Municipio Rosario,Municipio,Rosario,820210,Servicio de Catastro e Información Territorial,IGN
2020,7653,2020-06-18,Jueves,,11:10:00,,0.0,2,"Bicicleta,Otros",Av. Eva Peron Y Ecuador,2,1,0,0,0,0,1,"-32.932503962048,-60.715387113449",Avenida,,ROSARIO,Rosario,Asfalto,No existe,II,Dentro,Urbana,Semáforo,Funciona,Intersección,Bueno,Buena,Diurna,Buen Tiempo,S/D,Ciclista,Atropello,Ninguna,"Horizontal,Vertical",Cordón divisorio,Sin restricción,"-32.932503962048,-60.715387113449","['Avenida Eva Perón', 'Ecuador']",2,,-32.932503962048,-60.715387113449,55.0,538.0,Municipio Rosario,Municipio,Rosario,820210,Servicio de Catastro e Información Territorial,IGN
2020,7655,2020-06-29,Lunes,,18:00:00,,0.0,1,Moto/Ciclomotor,Bv. Avellaneda Y Riobamba,2,2,0,0,0,0,0,"-32.955645359165,-60.68341318688",Avenida,,ROSARIO,Rosario,Asfalto,No existe,II,Dentro,Urbana,Paso Peatonal,No existe,Intersección,Bueno,Buena,Diurna,Buen Tiempo,S/D,S/D,Colisión,Ninguna,"Horizontal,Vertical","Cordón divisorio,Línea divisoria pintada",Sin restricción,"-32.955645359165,-60.68341318688","['Avellaneda', 'Riobamba']",2,,-32.955645359165,-60.68341318688,55.0,538.0,Municipio Rosario,Municipio,Rosario,820210,Servicio de Catastro e Información Territorial,IGN
2020,7656,2020-06-29,Lunes,,00:05:00,,0.0,1,Moto/Ciclomotor,Ayacucho ,1,1,0,0,0,0,0,"-32.989734884446,-60.636821821974",Calle,,ROSARIO,Rosario,S/D,S/D,II,Dentro,Urbana,S/D,S/D,S/D,S/D,S/D,Nocturna,S/D,S/D,S/D,Colisión,S/D,S/D,S/D,S/D,"-32.989734884446,-60.636821821974",['Ayacucho'],1,,-32.989734884446,-60.636821821974,55.0,538.0,Municipio Rosario,Municipio,Rosario,820210,Servicio de Catastro e Información Territorial,IGN
2020,7657,2020-06-29,Lunes,,10:50:00,,0.0,1,Moto/Ciclomotor,3 De Febrero Y Gutenberg,1,1,0,0,0,0,0,"-32.943967067085,-60.688884254043",Calle,,ROSARIO,Rosario,Asfalto,No existe,II,Dentro,Urbana,Ninguna,No existe,Intersección,Bueno,Buena,Diurna,Buen Tiempo,S/D,S/D,Colisión,Ninguna,Faltante,Ninguna,Sin restricción,"-32.943967067085,-60.688884254043","['3 de Febrero', 'Gutenberg']",2,,-32.943967067085,-60.688884254043,55.0,538.0,Municipio Rosario,Municipio,Rosario,820210,Servicio de Catastro e Información Territorial,IGN
2020,7658,2020-06-17,Miercoles,,18:00:00,,0.0,1,Moto/Ciclomotor,Av. Casiano Casas 1875,1,0,1,0,0,0,0,"-32.901712038839,-60.708183085331",Avenida,,ROSARIO,Rosario,Asfalto,No existe,II,Dentro,Urbana,Ninguna,No existe,Recta,Bueno,S/D,Diurna,S/D,S/D,S/D,Colisión,Ninguna,Faltante,Ninguna,Sin restricción,"-32.901712038839,-60.708183085331",['Casiano Casas 1875'],1,,-32.901712038839,-60.708183085331,55.0,538.0,Municipio Rosario,Municipio,Rosario,820210,Servicio de Catastro e Información Territorial,IGN
2020,7659,2020-06-16,Martes,,16:00:00,,0.0,2,"Bicicleta,Otros",3 De Febrero ,2,1,0,0,0,0,1,"-32.949384, -60.658972",Calle,,ROSARIO,Rosario,S/D,S/D,II,Dentro,Urbana,S/D,S/D,S/D,S/D,S/D,Diurna,S/D,S/D,Ciclista,Atropello,S/D,S/D,S/D,S/D,"-32.949384, -60.658972",['3 de Febrero'],1,,-32.949384,-60.658972,55.0,538.0,Municipio Rosario,Municipio,Rosario,820210,Servicio de Catastro e Información Territorial,IGN
2020,7660,2020-06-30,Martes,,07:00:00,,0.0,1,Moto/Ciclomotor,Guatemala Y Mendoza,1,1,0,0,0,0,0,"-32.940420301875,-60.717264065018",Calle,,ROSARIO,Rosario,Asfalto,No existe,II,Dentro,Urbana,Semáforo,No existe,Intersección,Bueno,Buena,Diurna,Buen Tiempo,S/D,S/D,Colisión,Ninguna,"Horizontal,Vertical","Cordón divisorio,Línea divisoria pintada",Sin restricción,"-32.940420301875,-60.717264065018","['Guatemala', 'Mendoza']",2,,-32.940420301875,-60.717264065018,55.0,538.0,Municipio Rosario,Municipio,Rosario,820210,Servicio de Catastro e Información Territorial,IGN
2020,7661,2020-06-23,Martes,,22:00:00,,0.0,1,Moto/Ciclomotor,Bv. Bouchard 3400,1,1,0,0,0,0,0,"-32.890364242959,-60.73216005038",Avenida,,ROSARIO,Rosario,S/D,S/D,II,Dentro,Urbana,Ninguna,S/D,Recta,S/D,S/D,Nocturna,S/D,S/D,S/D,Colisión,S/D,S/D,Ninguna,Sin restricción,"-32.890364242959,-60.73216005038",['Bouchard 3400'],1,,-32.890364242959,-60.73216005038,55.0,538.0,Municipio Rosario,Municipio,Rosario,820210,Servicio de Catastro e Información Territorial,IGN
2020,7663,2020-06-20,Sabado,,15:00:00,,0.0,1,Moto/Ciclomotor,Lavalle Y Uruguay,1,1,0,0,0,0,0,"-32.969673718208,-60.685430855661",Calle,,ROSARIO,Rosario,Asfalto,No existe,II,Dentro,Urbana,Ninguna,No existe,Intersección,S/D,S/D,Diurna,S/D,S/D,S/D,Colisión,S/D,Faltante,Ninguna,S/D,"-32.969673718208,-60.685430855661","['Lavalle', 'Uruguay']",2,,-32.969673718208,-60.685430855661,55.0,538.0,Municipio Rosario,Municipio,Rosario,820210,Servicio de Catastro e Información Territorial,IGN
2020,7664,2020-06-22,Lunes,,00:00:00,,0.0,1,Moto/Ciclomotor,VENECIA ,1,0,1,0,0,0,0,"-32.975672, -60.686229",Calle,,ROSARIO,Rosario,Asfalto,No existe,II,Dentro,Urbana,Ninguna,No existe,Recta,S/D,S/D,Nocturna,S/D,S/D,S/D,Colisión,S/D,Faltante,Ninguna,S/D,"-32.975672, -60.686229",['Venecia'],1,,-32.975672,-60.686229,55.0,538.0,Municipio Rosario,Municipio,Rosario,820210,Servicio de Catastro e Información Territorial,IGN
2020,7665,2020-06-23,Martes,,07:30:00,,0.0,2,"Bicicleta,Otros", ,2,1,0,0,0,0,1,"-32.94774055480957,-60.697145462036",S/D,,ROSARIO,Rosario,S/D,S/D,II,S/D,S/D,S/D,S/D,S/D,S/D,S/D,Diurna,S/D,S/D,Ciclista,Atropello,S/D,S/D,S/D,S/D,"-32.94774055480957,-60.697145462036",[''],0,,-32.94774055480957,-60.697145462036,55.0,538.0,Municipio Rosario,Municipio,Rosario,820210,Servicio de Catastro e Información Territorial,IGN
2020,7666,2020-06-30,Martes,,23:30:00,,0.0,1,Automóvil,Av. Pte.Peron Y Bv. Segui,1,1,0,0,0,0,0,"-32.970192910163,-60.715805985308",Avenida,,ROSARIO,Rosario,Asfalto,No existe,II,Dentro,Urbana,Semáforo,Funciona,Intersección,Bueno,S/D,"Nocturna,Con luz artificial",S/D,S/D,S/D,Colisión,Ninguna,"Horizontal,Vertical",Cordón divisorio,Sin restricción,"-32.970192910163,-60.715805985308","['Avenida Presidente Perón', 'Bulevar Juan Francisco Seguí']",2,,-32.970192910163,-60.715805985308,55.0,538.0,Municipio Rosario,Municipio,Rosario,820210,Servicio de Catastro e Información Territorial,IGN
2020,7668,2020-09-04,Viernes,,23:30:00,,0.0,1,Moto/Ciclomotor, ,1,1,0,0,0,0,0,"-32.95817760227484,-60.666264034822",S/D,,ROSARIO,Rosario,S/D,S/D,II,S/D,S/D,S/D,S/D,S/D,S/D,S/D,Nocturna,S/D,S/D,S/D,Otro,S/D,S/D,S/D,S/D,"-32.95817760227484,-60.666264034822",[''],0,,-32.95817760227484,-60.666264034822,55.0,538.0,Municipio Rosario,Municipio,Rosario,820210,Servicio de Catastro e Información Territorial,IGN
2020,7669,2020-08-14,Viernes,,21:10:00,,0.0,1,Moto/Ciclomotor,Bv. Avellaneda Y Dean Funes,1,1,0,0,0,0,0,"-32.968299359267,-60.686393399728",Avenida,,ROSARIO,Rosario,Asfalto,No existe,II,Dentro,Urbana,Ninguna,No existe,Intersección,Bueno,Buena,Diurna,Buen Tiempo,S/D,S/D,Otro,Ninguna,Faltante,Cordón divisorio,Sin restricción,"-32.968299359267,-60.686393399728","['Avellaneda', 'Deán Gregorio Funes']",2,,-32.968299359267,-60.686393399728,55.0,538.0,Municipio Rosario,Municipio,Rosario,820210,Servicio de Catastro e Información Territorial,IGN
2020,7670,2020-09-05,Sabado,,00:00:00,,0.0,1,Moto/Ciclomotor,Av. Ntra.Sra.del Rosario ,1,1,0,0,0,0,0,"-32.999855, -60.648305",Avenida,,ROSARIO,Rosario,S/D,S/D,II,S/D,Urbana,S/D,S/D,S/D,S/D,S/D,Nocturna,S/D,S/D,S/D,Otro,S/D,S/D,S/D,S/D,"-32.999855, -60.648305",['Nuestra Señora del Rosario'],1,,-32.999855,-60.648305,55.0,538.0,Municipio Rosario,Municipio,Rosario,820210,Servicio de Catastro e Información Territorial,IGN
2020,7671,2020-08-24,Lunes,,12:30:00,,0.0,1,Automóvil, ,1,1,0,0,0,0,0,"-32.95817760227484,-60.666264034822",S/D,,ROSARIO,Rosario,S/D,S/D,II,S/D,S/D,S/D,S/D,S/D,S/D,S/D,Diurna,S/D,S/D,S/D,Otro,S/D,S/D,S/D,S/D,"-32.95817760227484,-60.666264034822",[''],0,,-32.95817760227484,-60.666264034822,55.0,538.0,Municipio Rosario,Municipio,Rosario,820210,Servicio de Catastro e Información Territorial,IGN
2020,7672,2020-09-18,Viernes,,12:00:00,,0.0,1,Moto/Ciclomotor,HERMANA PAULA MARQUEZ ,1,1,0,0,0,0,0,"-32.964324, -60.729813",Calle,,ROSARIO,Rosario,S/D,S/D,II,Dentro,Urbana,S/D,S/D,S/D,S/D,S/D,Diurna,S/D,S/D,S/D,Otro,S/D,S/D,S/D,S/D,"-32.964324, -60.729813",['Hermana Paula Marquez'],1,,-32.964324,-60.729813,55.0,538.0,Municipio Rosario,Municipio,Rosario,820210,Servicio de Catastro e Información Territorial,IGN
2020,7673,2020-09-18,Viernes,,14:00:00,,0.0,1,Moto/Ciclomotor,Av. Circunvalacion ,1,1,0,0,0,0,0,"-32.9357296228409,-60.7226371765137",Avenida,,ROSARIO,Rosario,Asfalto,S/D,II,Dentro,Urbana,S/D,S/D,S/D,S/D,S/D,Diurna,S/D,S/D,S/D,Otro,S/D,S/D,S/D,S/D,"-32.9357296228409,-60.7226371765137",['Circunvalacion'],1,,-32.9357296228409,-60.7226371765137,55.0,538.0,Municipio Rosario,Municipio,Rosario,820210,Servicio de Catastro e Información Territorial,IGN
2020,7674,2020-08-29,Sabado,,00:51:00,,0.0,1,Moto/Ciclomotor,Av. Ovidio Lagos Y Uruguay,1,1,0,0,0,0,0,"-32.97263662757,-60.66892141688",Avenida,,ROSARIO,Rosario,Asfalto,No existe,II,Dentro,Urbana,Paso Peatonal,No existe,Intersección,Bueno,S/D,Nocturna,S/D,S/D,S/D,Otro,Ninguna,"Horizontal,Vertical","Cordón divisorio,Línea divisoria pintada",Sin restricción,"-32.97263662757,-60.66892141688","['Avenida Ovidio Lagos', 'Uruguay']",2,,-32.97263662757,-60.66892141688,55.0,538.0,Municipio Rosario,Municipio,Rosario,820210,Servicio de Catastro e Información Territorial,IGN
2020,7675,2020-08-28,Viernes,,02:50:00,,0.0,1,Moto/Ciclomotor,Av. Ovidio Lagos Y Uruguay,1,1,0,0,0,0,0,"-32.97263662757,-60.66892141688",Avenida,,ROSARIO,Rosario,Asfalto,No existe,II,Dentro,Urbana,Paso Peatonal,No existe,Intersección,Bueno,Buena,Diurna,Buen Tiempo,S/D,S/D,Otro,Ninguna,"Horizontal,Vertical","Cordón divisorio,Línea divisoria pintada",Sin restricción,"-32.97263662757,-60.66892141688","['Avenida Ovidio Lagos', 'Uruguay']",2,,-32.97263662757,-60.66892141688,55.0,538.0,Municipio Rosario,Municipio,Rosario,820210,Servicio de Catastro e Información Territorial,IGN
2020,7676,2020-11-08,Domingo,,20:10:00,,0.0,2,"Peatón,Moto/Ciclomotor",Mendoza Y Av. Provincias Unidas,2,0,0,0,1,1,0,"-32.9402,-60.71225",Avenida,,ROSARIO,Rosario,Asfalto,No existe,II,Dentro,Urbana,Semáforo,Funciona,Intersección,Bueno,Buena,Nocturna,Buen Tiempo,S/D,Peatón,Atropello,Ninguna,Vertical,Cordón divisorio,Sin restricción,"-32.9402,-60.71225","['Mendoza', 'Avenida Provincias Unidas']",2,,-32.9402,-60.71225,55.0,538.0,Municipio Rosario,Municipio,Rosario,820210,Servicio de Catastro e Información Territorial,IGN
2020,7679,2020-11-11,Miercoles,,00:00:00,,0.0,1,Moto/Ciclomotor,San Martin Y Ayolas,1,0,0,0,0,1,0,"-32.97702,-60.6443",Calle,,ROSARIO,Rosario,Asfalto,No existe,II,Dentro,Urbana,Ninguna,No existe,Otro,Bueno,Buena,Nocturna,Buen Tiempo,Contra objeto fijo,S/D,Colisión,S/D,Faltante,Ninguna,Sin restricción,"-32.97702,-60.6443","['San Martin', 'Ayolas']",2,,-32.97702,-60.6443,55.0,538.0,Municipio Rosario,Municipio,Rosario,820210,Servicio de Catastro e Información Territorial,IGN
2020,7680,2020-11-11,Miercoles,,01:25:00,,0.0,2,"Moto/Ciclomotor,Automóvil",L.N.Alem Y Garay,3,1,0,0,1,1,0,"-32.97623, -60.63541",Calle,,ROSARIO,Rosario,Asfalto,No existe,II,Dentro,Urbana,Ninguna,No existe,Intersección,Bueno,Buena,Nocturna,Buen Tiempo,Lateral,S/D,Colisión,Ninguna,Vertical,Ninguna,Sin restricción,"-32.97623, -60.63541","['Alem', 'Garay']",2,,-32.97623,-60.63541,55.0,538.0,Municipio Rosario,Municipio,Rosario,820210,Servicio de Catastro e Información Territorial,IGN
2020,7686,2020-11-29,Domingo,,19:25:00,,0.0,2,"Moto/Ciclomotor,Automóvil",Av. Castro Barros Y Sanchez de Bustamante,3,1,0,0,1,1,0,"-33.0013808570931, -60.629523260359",Calle,,ROSARIO,Rosario,Asfalto,No existe,II,Dentro,Urbana,Ninguna,No existe,Intersección,Bueno,Buena,Nocturna,Buen Tiempo,S/D,S/D,Colisión,Ninguna,Faltante,Ninguna,Sin restricción,"-33.0013808570931, -60.629523260359","['Castro Barros', 'Sánchez de Bustamante']",2,,-33.0013808570931,-60.629523260359,55.0,538.0,Municipio Rosario,Municipio,Rosario,820210,Servicio de Catastro e Información Territorial,IGN
2020,7689,2020-11-08,Domingo,,21:35:00,,0.0,2,"Moto/Ciclomotor,Automóvil",Gaboto Y Peru,2,0,0,0,0,1,1,"    -32.96511, -60.71042",Calle,,ROSARIO,Rosario,Asfalto,No existe,II,S/D,Urbana,Ninguna,No existe,Intersección,Bueno,S/D,Nocturna,S/D,S/D,S/D,Colisión,Ninguna,Faltante,"Ninguna,S/D",Sin restricción,"    -32.96511, -60.71042","['Gaboto', 'Peru']",2,,-32.96511,-60.71042,55.0,538.0,Municipio Rosario,Municipio,Rosario,820210,Servicio de Catastro e Información Territorial,IGN
2020,7698,2020-12-06,Domingo,,17:30:00,,0.0,2,"Bicicleta,Moto/Ciclomotor",J.M.de Rosas Y Mendoza,2,1,0,0,0,1,0,"-32.94049, -60.72331",Calle,,ROSARIO,Rosario,Asfalto,No existe,II,Dentro,Urbana,S/D,Funciona,Intersección,Bueno,Buena,Diurna,Buen Tiempo,S/D,Ciclista,Atropello,Ninguna,S/D,S/D,Sin restricción,"-32.94049, -60.72331","['De Rosas', 'Mendoza']",2,,-32.94049,-60.72331,55.0,538.0,Municipio Rosario,Municipio,Rosario,820210,Servicio de Catastro e Información Territorial,IGN
2020,7807,2020-11-27,Viernes,,22:00:00,,0.0,2,"Moto/Ciclomotor,Automóvil",Bolivia B 1167,2,0,0,0,1,1,0,"    -32.9421, -60.71373",Calle,,ROSARIO,Rosario,Asfalto,No existe,II,Dentro,Urbana,Ninguna,No existe,Recta,Bueno,S/D,Nocturna,S/D,S/D,S/D,Colisión,Ninguna,Faltante,Ninguna,Sin restricción,"    -32.9421, -60.71373",['Bolivia B 1167'],1,,-32.9421,-60.71373,55.0,538.0,Municipio Rosario,Municipio,Rosario,820210,Servicio de Catastro e Información Territorial,IGN
2020,7808,2020-12-03,Jueves,,15:00:00,,0.0,2,"Automóvil,Moto/Ciclomotor",Magallanes Y Galvez,2,0,0,0,1,1,0,"-32.96027, -60.70373",Calle,,ROSARIO,Rosario,Asfalto,No existe,II,Dentro,Urbana,Ninguna,No existe,Intersección,Bueno,S/D,Diurna,S/D,S/D,S/D,Colisión,Ninguna,Faltante,"Ninguna,S/D",Sin restricción,"-32.96027, -60.70373","['Magallanes', 'Galvez']",2,,-32.96027,-60.70373,55.0,538.0,Municipio Rosario,Municipio,Rosario,820210,Servicio de Catastro e Información Territorial,IGN
2020,7812,2020-12-10,Jueves,,14:50:00,,0.0,1,Moto/Ciclomotor,Bv. Rondeau Y Poeta Fontanarrosa,1,0,0,0,0,1,0,"-32.87688, -60.69768",Calle,,ROSARIO,Rosario,Asfalto,No existe,II,S/D,Urbana,Ninguna,No existe,Recta,Bueno,S/D,Diurna,S/D,Contra objeto fijo,S/D,Colisión,Ninguna,Horizontal,"Cordón divisorio,S/D",Sin restricción,"-32.87688, -60.69768","['Rondeau', 'Pasaje Poeta Fontanarrosa']",2,,-32.87688,-60.69768,55.0,538.0,Municipio Rosario,Municipio,Rosario,820210,Servicio de Catastro e Información Territorial,IGN
2020,7821,2020-12-20,Domingo,,23:10:00,,0.0,1,Moto/Ciclomotor,Av. Uriburu Y Av. Circunvalacion,1,0,0,0,0,1,0,"-32.99215, -60.70058",Avenida,,ROSARIO,Rosario,Asfalto,No existe,II,S/D,Urbana,S/D,S/D,Recta,Bueno,S/D,Nocturna,S/D,S/D,S/D,Cañda ocupante,Ninguna,Faltante,"Guardarrail,S/D",S/D,"-32.99215, -60.70058","['Uriburu', 'Circunvalacion']",2,,-32.99215,-60.70058,55.0,538.0,Municipio Rosario,Municipio,Rosario,820210,Servicio de Catastro e Información Territorial,IGN
2020,7835,2020-05-25,Lunes,,05:00:00,,0.0,2,"Moto/Ciclomotor,Peatón",Rioja 4243,2,2,0,0,0,0,0,"-32.94003, -60.68147",S/D,,ROSARIO,Rosario,S/D,S/D,II,S/D,S/D,S/D,S/D,S/D,S/D,S/D,S/D,S/D,S/D,Peatón,Atropello,S/D,S/D,S/D,S/D,"-32.94003, -60.68147",['Rioja 4243'],1,,-32.94003,-60.68147,55.0,538.0,Municipio Rosario,Municipio,Rosario,820210,Servicio de Catastro e Información Territorial,IGN
2020,7836,2020-05-25,Lunes,,13:10:00,,0.0,1,Moto/Ciclomotor,San Luis Y Callao,1,1,0,0,0,0,0,"-32.94518, -60.66079",S/D,,ROSARIO,Rosario,S/D,S/D,II,S/D,S/D,S/D,S/D,S/D,S/D,S/D,S/D,S/D,S/D,S/D,Otro,S/D,S/D,S/D,S/D,"-32.94518, -60.66079","['San Luis', 'Callao']",2,,-32.94518,-60.66079,55.0,538.0,Municipio Rosario,Municipio,Rosario,820210,Servicio de Catastro e Información Territorial,IGN
2020,7837,2020-05-26,Martes,,16:00:00,,0.0,1,Peatón,Cullen ,1,1,0,0,0,0,0,"-32.93904, -60.70916",S/D,,ROSARIO,Rosario,S/D,S/D,II,S/D,S/D,S/D,S/D,S/D,S/D,S/D,S/D,S/D,S/D,S/D,"Atropello,Otro",S/D,S/D,S/D,S/D,"-32.93904, -60.70916",['Cullen'],1,,-32.93904,-60.70916,55.0,538.0,Municipio Rosario,Municipio,Rosario,820210,Servicio de Catastro e Información Territorial,IGN