anio_acci,nro_acci,fecha,desc_dia,fecha_aprox,hora_aprox,desc_ruta,km,cant_participantes,desc_participante,calle_avenida_km,total,heridos_leves,heridos_graves,heridos_gravisimos,ilesos,fallecidos,sin_datos,posicion_XY,desc_tipo_via,desc_ruta_ori,desc_loc,desc_dpto,desc_tipo_calzada,desc_tipo_banquina,desc_unidad_regional,desc_lugar_calzada,desc_zona,desc_prioridad,desc_estado_semaforo,desc_lugar_via,desc_estado_via,desc_estado_visibilidad,desc_luminosidad,desc_estado_clima,desc_tipo_colision,desc_tipo_atropello,desc_tipo_hecho,desc_pres_calzada,desc_senializacion,desc_separacion_via,desc_restriccion,forma_geocod,calle_lista,numero_calles,calles_osm,lat,lon,index_right,gid,fna,gna,nam,in1,fdc,sag
2020,7838,2020-05-27,Miercoles,,17:30:00,,0.0,1,Moto/Ciclomotor,Ottone Bis Y Pje. Pelayo,1,1,0,0,0,0,0,"-32.91935, -60.70086",S/D,,ROSARIO,Rosario,S/D,S/D,II,S/D,S/D,S/D,S/D,S/D,S/D,S/D,S/D,S/D,S/D,S/D,Otro,S/D,S/D,S/D,S/D,"-32.91935, -60.70086","['Ottone', 'Pelayo']",2,,-32.91935,-60.70086,55.0,538.0,Municipio Rosario,Municipio,Rosario,820210,Servicio de Catastro e Información Territorial,IGN
2020,7839,2020-05-27,Miercoles,,00:00:00,,0.0,1,Moto/Ciclomotor,Roullon ,1,1,0,0,0,0,0,"-32.95309, -60.7017",S/D,,ROSARIO,Rosario,S/D,S/D,II,S/D,S/D,S/D,S/D,S/D,S/D,S/D,S/D,S/D,S/D,S/D,Otro,S/D,S/D,S/D,S/D,"-32.95309, -60.7017",['Alfredo Rouillón'],1,,-32.95309,-60.7017,55.0,538.0,Municipio Rosario,Municipio,Rosario,820210,Servicio de Catastro e Información Territorial,IGN
2020,7840,2020-05-27,Miercoles,,15:29:00,,0.0,1,Moto/Ciclomotor,Cullen Y Ugarte,2,2,0,0,0,0,0,"-32.87808, -60.73069",S/D,,ROSARIO,Rosario,S/D,S/D,II,S/D,S/D,S/D,S/D,S/D,S/D,S/D,S/D,S/D,S/D,S/D,Otro,S/D,S/D,S/D,S/D,"-32.87808, -60.73069",['Cullen y Ugarte'],1,,-32.87808,-60.73069,55.0,538.0,Municipio Rosario,Municipio,Rosario,820210,Servicio de Catastro e Información Territorial,IGN
2020,7841,2020-05-27,Miercoles,,01:59:00,,0.0,1,Bicicleta,Irurtia 8000,1,1,0,0,0,0,0,"-32.9671, -60.72749",S/D,,ROSARIO,Rosario,S/D,S/D,II,S/D,S/D,S/D,S/D,S/D,S/D,S/D,S/D,S/D,S/D,Ciclista,"Atropello,Otro",S/D,S/D,S/D,S/D,"-32.9671, -60.72749",['Irurtia 8000'],1,,-32.9671,-60.72749,55.0,538.0,Municipio Rosario,Municipio,Rosario,820210,Servicio de Catastro e Información Territorial,IGN
2020,7842,2020-05-27,Miercoles,,19:00:00,,0.0,1,Moto/Ciclomotor,Bv. 27 De Febrero 4800,1,1,0,0,0,0,0,"-32.95862, -60.69163",S/D,,ROSARIO,Rosario,S/D,S/D,II,S/D,S/D,S/D,S/D,S/D,S/D,S/D,S/D,S/D,S/D,S/D,Otro,S/D,S/D,S/D,S/D,"-32.95862, -60.69163",['27 De Febrero 4800'],1,,-32.95862,-60.69163,55.0,538.0,Municipio Rosario,Municipio,Rosario,820210,Servicio de Catastro e Información Territorial,IGN
2020,7844,2020-05-28,Jueves,,08:50:00,,0.0,1,Moto/Ciclomotor,Av. Pellegrini Y Crespo,1,1,0,0,0,0,0,"-32.95198, -60.67097",S/D,,ROSARIO,Rosario,S/D,S/D,II,S/D,S/D,S/D,S/D,S/D,S/D,S/D,S/D,S/D,S/D,S/D,Otro,S/D,S/D,S/D,S/D,"-32.95198, -60.67097","['Pellegrini', 'Crespo']",2,,-32.95198,-60.67097,55.0,538.0,Municipio Rosario,Municipio,Rosario,820210,Servicio de Catastro e Información Territorial,IGN
2020,7845,2020-05-28,Jueves,,13:59:00,,0.0,1,Automóvil, ,1,1,0,0,0,0,0,"-32.9588, -60.69398",S/D,,ROSARIO,Rosario,S/D,S/D,II,S/D,S/D,S/D,S/D,S/D,S/D,S/D,S/D,S/D,S/D,S/D,Otro,S/D,S/D,S/D,S/D,"-32.9588, -60.69398",[''],0,,-32.9588,-60.69398,55.0,538.0,Municipio Rosario,Municipio,Rosario,820210,Servicio de Catastro e Información Territorial,IGN
2020,7846,2020-05-28,Jueves,,09:00:00,,0.0,1,Moto/Ciclomotor,Av. Circunvalacion Y Bv. Segui,1,1,0,0,0,0,0,"-32.97121, -60.7161",Avenida,,ROSARIO,Rosario,S/D,S/D,II,S/D,S/D,S/D,S/D,S/D,S/D,S/D,S/D,S/D,S/D,S/D,Otro,S/D,S/D,S/D,S/D,"-32.97121, -60.7161","['Circunvalacion', 'Bulevar Juan Francisco Seguí']",2,,-32.97121,-60.7161,55.0,538.0,Municipio Rosario,Municipio,Rosario,820210,Servicio de Catastro e Información Territorial,IGN
2020,7847,2020-05-28,Jueves,,16:30:00,,0.0,1,Moto/Ciclomotor, ,1,1,0,0,0,0,0,"-32.95249, -60.69389",S/D,,ROSARIO,Rosario,S/D,S/D,II,S/D,S/D,S/D,S/D,S/D,S/D,S/D,S/D,S/D,S/D,S/D,Otro,S/D,S/D,S/D,S/D,"-32.95249, -60.69389",[''],0,,-32.95249,-60.69389,55.0,538.0,Municipio Rosario,Municipio,Rosario,820210,Servicio de Catastro e Información Territorial,IGN
2020,7848,2020-05-28,Jueves,,12:29:00,,0.0,1,Bicicleta,Bv. Segui Y Mitre,1,1,0,0,0,0,0,"-32.97869, -60.64765",S/D,,ROSARIO,Rosario,S/D,S/D,II,S/D,S/D,S/D,S/D,S/D,S/D,S/D,S/D,S/D,S/D,Ciclista,"Atropello,Otro",S/D,S/D,S/D,S/D,"-32.97869, -60.64765","['Bulevar Juan Francisco Seguí', 'Mitre']",2,,-32.97869,-60.64765,55.0,538.0,Municipio Rosario,Municipio,Rosario,820210,Servicio de Catastro e Información Territorial,IGN
2020,7849,2020-05-28,Jueves,,11:30:00,,0.0,1,Moto/Ciclomotor,La Paz Y Crespo,1,1,0,0,0,0,0,"-32.95882, -60.67274",S/D,,ROSARIO,Rosario,S/D,S/D,II,S/D,S/D,S/D,S/D,S/D,S/D,S/D,S/D,S/D,S/D,S/D,Otro,S/D,S/D,S/D,S/D,"-32.95882, -60.67274","['La Paz', 'Crespo']",2,,-32.95882,-60.67274,55.0,538.0,Municipio Rosario,Municipio,Rosario,820210,Servicio de Catastro e Información Territorial,IGN
2020,7850,2020-05-28,Jueves,,13:59:00,,0.0,1,Bicicleta,Santa Fe 3600,1,1,0,0,0,0,0,"-32.93892, -60.67181",S/D,,ROSARIO,Rosario,S/D,S/D,II,S/D,S/D,S/D,S/D,S/D,S/D,S/D,S/D,S/D,S/D,Ciclista,"Atropello,Otro",S/D,S/D,S/D,S/D,"-32.93892, -60.67181",['Santa Fe 3600'],1,,-32.93892,-60.67181,55.0,538.0,Municipio Rosario,Municipio,Rosario,820210,Servicio de Catastro e Información Territorial,IGN
2020,7851,2020-05-28,Jueves,,15:45:00,,0.0,1,Peatón,Av. Circunvalacion Y Av. Pellegrini,1,1,0,0,0,0,0,"-32.94871, -60.72114",S/D,,ROSARIO,Rosario,S/D,S/D,II,S/D,S/D,S/D,S/D,S/D,S/D,S/D,S/D,S/D,S/D,Peatón,"Atropello,Otro",S/D,S/D,S/D,S/D,"-32.94871, -60.72114","['Circunvalacion', 'Pellegrini']",2,,-32.94871,-60.72114,55.0,538.0,Municipio Rosario,Municipio,Rosario,820210,Servicio de Catastro e Información Territorial,IGN
2020,7852,2020-12-29,Martes,,17:00:00,,0.0,1,Moto/Ciclomotor,Bv. Avellaneda Y Bv. Segui,1,1,0,0,0,0,0,"-32.97168, -60.68744",S/D,,ROSARIO,Rosario,S/D,S/D,II,S/D,S/D,S/D,S/D,S/D,S/D,S/D,S/D,S/D,S/D,S/D,Otro,S/D,S/D,S/D,S/D,"-32.97168, -60.68744","['Avellaneda', 'Bulevar Juan Francisco Seguí']",2,,-32.97168,-60.68744,55.0,538.0,Municipio Rosario,Municipio,Rosario,820210,Servicio de Catastro e Información Territorial,IGN
2020,7855,2020-07-02,Jueves,,21:40:00,,0.0,1,Moto/Ciclomotor,Bv. Rondeau 400,1,1,0,0,0,0,0,"-32.95883, -60.693",Avenida,,ROSARIO,Rosario,Asfalto,No existe,II,Dentro,Urbana,S/D,S/D,Recta,S/D,S/D,Nocturna,S/D,S/D,S/D,Cañda ocupante,S/D,S/D,S/D,S/D,"-32.95883, -60.693",['Rondeau 400'],1,,-32.95883,-60.693,55.0,538.0,Municipio Rosario,Municipio,Rosario,820210,Servicio de Catastro e Información Territorial,IGN
2020,7857,2020-07-06,Lunes,,17:40:00,,0.0,2,"Moto/Ciclomotor,Moto/Ciclomotor",San Martin Y Rodriguez Pe�a,2,2,0,0,0,0,0,"-32.95883, -60.693",Calle,,ROSARIO,Rosario,Asfalto,S/D,II,Dentro,Urbana,S/D,S/D,Intersección,S/D,S/D,Diurna,S/D,Lateral,S/D,Colisión,S/D,S/D,S/D,S/D,"-32.95883, -60.693","['San Martin', 'Rodríguez Peña']",2,,-32.95883,-60.693,55.0,538.0,Municipio Rosario,Municipio,Rosario,820210,Servicio de Catastro e Información Territorial,IGN
2020,7858,2020-07-06,Lunes,,19:00:00,,0.0,1,Moto/Ciclomotor,San Luis Y Bv. Oro�o,1,1,0,0,0,0,0,"-32.95883, -60.693",Avenida,,ROSARIO,Rosario,Asfalto,S/D,II,Dentro,Urbana,S/D,S/D,Intersección,S/D,S/D,Atardecer,S/D,S/D,S/D,S/D,S/D,S/D,S/D,S/D,"-32.95883, -60.693","['San Luis', 'Bulevar Nicasio Oroño']",2,,-32.95883,-60.693,55.0,538.0,Municipio Rosario,Municipio,Rosario,820210,Servicio de Catastro e Información Territorial,IGN
2020,7860,2020-05-29,Viernes,,00:00:00,,0.0,1,Bicicleta,Mitre ,1,0,1,0,0,0,0,"-32.9714, -60.64587",S/D,,ROSARIO,Rosario,S/D,S/D,II,S/D,S/D,S/D,S/D,S/D,S/D,S/D,S/D,S/D,S/D,Ciclista,"Atropello,Otro",S/D,S/D,S/D,S/D,"-32.9714, -60.64587",['Mitre'],1,,-32.9714,-60.64587,55.0,538.0,Municipio Rosario,Municipio,Rosario,820210,Servicio de Catastro e Información Territorial,IGN
2020,7861,2020-05-30,Sabado,,17:30:00,,0.0,1,Moto/Ciclomotor,Larrea Y Gorriti,1,1,0,0,0,0,0,"-32.92398, -60.69785",S/D,,ROSARIO,Rosario,S/D,S/D,II,S/D,S/D,S/D,S/D,S/D,S/D,S/D,S/D,S/D,S/D,S/D,Otro,S/D,S/D,S/D,S/D,"-32.92398, -60.69785","['Larrea', 'Gorriti']",2,,-32.92398,-60.69785,55.0,538.0,Municipio Rosario,Municipio,Rosario,820210,Servicio de Catastro e Información Territorial,IGN
2020,7863,2020-07-07,Martes,,19:00:00,,0.0,1,Moto/Ciclomotor,Dr.Maradona ,1,1,0,0,0,0,0,"    -32.97995, -60.71054",Calle,,ROSARIO,Rosario,Asfalto,S/D,II,Dentro,Urbana,S/D,No existe,Intersección,S/D,S/D,Atardecer,S/D,S/D,S/D,S/D,S/D,S/D,S/D,S/D,"    -32.97995, -60.71054",['Doctor Maradona'],1,,-32.97995,-60.71054,55.0,538.0,Municipio Rosario,Municipio,Rosario,820210,Servicio de Catastro e Información Territorial,IGN
2020,7864,2020-05-30,Sabado,,04:20:00,,0.0,1,Automóvil, ,1,0,1,0,0,0,0,"-32.9588, -60.69398",S/D,,ROSARIO,Rosario,S/D,S/D,II,S/D,S/D,S/D,S/D,S/D,S/D,S/D,S/D,S/D,S/D,S/D,Otro,S/D,S/D,S/D,S/D,"-32.9588, -60.69398",[''],0,,-32.9588,-60.69398,55.0,538.0,Municipio Rosario,Municipio,Rosario,820210,Servicio de Catastro e Información Territorial,IGN
2020,7866,2020-12-28,Lunes,,08:05:00,,0.0,1,Moto/Ciclomotor,9 De Julio Y Santiago,1,1,0,0,0,0,0,"-32.95883, -60.693",Calle,,ROSARIO,Rosario,Asfalto,S/D,II,Dentro,Urbana,S/D,S/D,Intersección,S/D,S/D,Diurna,S/D,S/D,S/D,S/D,S/D,S/D,S/D,S/D,"-32.95883, -60.693","['9 de Julio', 'Santiago']",2,,-32.95883,-60.693,55.0,538.0,Municipio Rosario,Municipio,Rosario,820210,Servicio de Catastro e Información Territorial,IGN
2020,7867,2020-05-31,Domingo,,08:00:00,,0.0,1,Moto/Ciclomotor,Bv. Segui Y Constitucion,1,1,0,0,0,0,0,"-32.97277, -60.68199",S/D,,ROSARIO,Rosario,S/D,S/D,II,S/D,S/D,S/D,S/D,S/D,S/D,S/D,S/D,S/D,S/D,S/D,Otro,S/D,S/D,S/D,S/D,"-32.97277, -60.68199","['Bulevar Juan Francisco Seguí', 'Constitución']",2,,-32.97277,-60.68199,55.0,538.0,Municipio Rosario,Municipio,Rosario,820210,Servicio de Catastro e Información Territorial,IGN
2020,7868,2020-05-30,Sabado,,00:00:00,,0.0,1,Moto/Ciclomotor,Salva B 2700,1,1,0,0,0,0,0,"-32.8834, -60.7251",S/D,,ROSARIO,Rosario,S/D,S/D,II,S/D,S/D,S/D,S/D,S/D,S/D,S/D,S/D,S/D,S/D,S/D,Otro,S/D,S/D,S/D,S/D,"-32.8834, -60.7251",['Salva B 2700'],1,,-32.8834,-60.7251,55.0,538.0,Municipio Rosario,Municipio,Rosario,820210,Servicio de Catastro e Información Territorial,IGN
2020,7869,2020-12-25,Viernes,,14:00:00,,0.0,1,Automóvil,Bv. Oroño Y Cochabamba,1,1,0,0,0,0,0,"-32.95559, -60.65639",S/D,,ROSARIO,Rosario,S/D,S/D,II,S/D,S/D,S/D,S/D,S/D,S/D,S/D,S/D,S/D,S/D,S/D,Otro,S/D,S/D,S/D,S/D,"-32.95559, -60.65639","['Bulevar Nicasio Oroño', 'Cochabamba']",2,,-32.95559,-60.65639,55.0,538.0,Municipio Rosario,Municipio,Rosario,820210,Servicio de Catastro e Información Territorial,IGN
2020,7870,2020-07-08,Miercoles,,,,0.0,1,Moto/Ciclomotor,Ayacucho ,1,1,0,0,0,0,0,"-32.95883, -60.693",Calle,,ROSARIO,Rosario,Asfalto,S/D,II,Dentro,Urbana,S/D,S/D,Intersección,S/D,S/D,Atardecer,S/D,S/D,S/D,S/D,S/D,S/D,S/D,S/D,"-32.95883, -60.693",['Ayacucho'],1,,-32.95883,-60.693,55.0,538.0,Municipio Rosario,Municipio,Rosario,820210,Servicio de Catastro e Información Territorial,IGN
2020,7871,2020-05-30,Sabado,,13:00:00,,0.0,1,Moto/Ciclomotor,Bv. Avellaneda 6800,1,1,0,0,0,0,0,"-33.01013, -60.68944",S/D,,ROSARIO,Rosario,S/D,S/D,II,S/D,S/D,S/D,S/D,S/D,S/D,S/D,S/D,S/D,S/D,S/D,Otro,S/D,S/D,S/D,S/D,"-33.01013, -60.68944",['Avellaneda 6800'],1,,-33.01013,-60.68944,55.0,538.0,Municipio Rosario,Municipio,Rosario,820210,Servicio de Catastro e Información Territorial,IGN
2020,7872,2020-05-30,Sabado,,18:00:00,,0.0,1,Automóvil,Av. Circunvalacion ,1,0,1,0,0,0,0,"-32.94666, -60.722",Avenida,,ROSARIO,Rosario,S/D,S/D,II,S/D,S/D,S/D,S/D,S/D,S/D,S/D,S/D,S/D,S/D,S/D,Otro,S/D,S/D,S/D,S/D,"-32.94666, -60.722",['Circunvalacion'],1,,-32.94666,-60.722,55.0,538.0,Municipio Rosario,Municipio,Rosario,820210,Servicio de Catastro e Información Territorial,IGN
2020,7873,2020-05-30,Sabado,,17:00:00,,0.0,1,Peatón,CENTRAL ARGENTINO 600,1,1,0,0,0,0,0,"-32.92933, -60.67153",S/D,,ROSARIO,Rosario,S/D,S/D,II,S/D,S/D,S/D,S/D,S/D,S/D,S/D,S/D,S/D,S/D,Peatón,"Atropello,Otro",S/D,S/D,S/D,S/D,"-32.92933, -60.67153",['Central Argentino 600'],1,,-32.92933,-60.67153,55.0,538.0,Municipio Rosario,Municipio,Rosario,820210,Servicio de Catastro e Información Territorial,IGN
2020,7874,2020-11-01,Domingo,,09:29:00,,0.0,1,Moto/Ciclomotor,24 De Setiembre ,1,0,1,0,0,0,0,"-32.97803, -60.65909",S/D,,ROSARIO,Rosario,S/D,S/D,II,S/D,S/D,S/D,S/D,S/D,S/D,S/D,S/D,S/D,S/D,S/D,Otro,S/D,S/D,S/D,S/D,"-32.97803, -60.65909",['24 de Septiembre'],1,,-32.97803,-60.65909,55.0,538.0,Municipio Rosario,Municipio,Rosario,820210,Servicio de Catastro e Información Territorial,IGN
2020,7875,2020-11-01,Domingo,,16:00:00,,0.0,1,Bicicleta,Av. Pte.Peron Y Garzon,1,1,0,0,0,0,0,"-32.96466, -60.70467",S/D,,ROSARIO,Rosario,S/D,S/D,II,S/D,S/D,S/D,S/D,S/D,S/D,S/D,S/D,S/D,S/D,Ciclista,"Atropello,Otro",S/D,S/D,S/D,S/D,"-32.96466, -60.70467","['Avenida Presidente Perón', 'Garzón']",2,,-32.96466,-60.70467,55.0,538.0,Municipio Rosario,Municipio,Rosario,820210,Servicio de Catastro e Información Territorial,IGN
2020,7877,2020-11-01,Domingo,,00:00:00,,0.0,1,Moto/Ciclomotor,Bv. Avellaneda 4400,1,0,1,0,0,0,0,"-32.98096, -60.68861",S/D,,ROSARIO,Rosario,S/D,S/D,II,S/D,S/D,S/D,S/D,S/D,S/D,S/D,S/D,S/D,S/D,S/D,Otro,S/D,S/D,S/D,S/D,"-32.98096, -60.68861",['Avellaneda 4400'],1,,-32.98096,-60.68861,55.0,538.0,Municipio Rosario,Municipio,Rosario,820210,Servicio de Catastro e Información Territorial,IGN
2020,7878,2020-07-08,Miercoles,,09:40:00,,0.0,1,Moto/Ciclomotor,Union Y Superi,1,1,0,0,0,0,0,"-32.95883, -60.693",Calle,,ROSARIO,Rosario,Asfalto,S/D,II,Dentro,Urbana,S/D,S/D,Intersección,S/D,S/D,Diurna,S/D,S/D,S/D,Colisión,S/D,S/D,S/D,S/D,"-32.95883, -60.693","['Unión', 'Superi']",2,,-32.95883,-60.693,55.0,538.0,Municipio Rosario,Municipio,Rosario,820210,Servicio de Catastro e Información Territorial,IGN
2020,7879,2020-11-01,Domingo,,12:00:00,,0.0,1,Moto/Ciclomotor,R.de Pineda Y Av. Circunvalacion,1,0,1,0,0,0,0,"-33.01613, -60.64599",S/D,,ROSARIO,Rosario,S/D,S/D,II,S/D,S/D,S/D,S/D,S/D,S/D,S/D,S/D,S/D,S/D,S/D,Otro,S/D,S/D,S/D,S/D,"-33.01613, -60.64599","['De Pineda', 'Circunvalacion']",2,,-33.01613,-60.64599,55.0,538.0,Municipio Rosario,Municipio,Rosario,820210,Servicio de Catastro e Información Territorial,IGN
2020,7880,2020-07-08,Miercoles,,,,0.0,1,Moto/Ciclomotor, ,1,1,0,0,0,0,0,"-32.95883, -60.693",S/D,,ROSARIO,Rosario,S/D,S/D,II,S/D,S/D,S/D,S/D,S/D,S/D,S/D,Diurna,S/D,S/D,S/D,S/D,S/D,S/D,S/D,S/D,"-32.95883, -60.693",[''],0,,-32.95883,-60.693,55.0,538.0,Municipio Rosario,Municipio,Rosario,820210,Servicio de Catastro e Información Territorial,IGN
2020,7881,2020-07-09,Jueves,,11:20:00,,0.0,1,Moto/Ciclomotor,Bv. Avellaneda Y San Lorenzo,1,1,0,0,0,0,0,"-32.95883, -60.693",Avenida,,ROSARIO,Rosario,Asfalto,S/D,II,Dentro,Urbana,S/D,S/D,Intersección,S/D,S/D,Diurna,S/D,S/D,S/D,S/D,S/D,S/D,S/D,S/D,"-32.95883, -60.693","['Avellaneda', 'San Lorenzo']",2,,-32.95883,-60.693,55.0,538.0,Municipio Rosario,Municipio,Rosario,820210,Servicio de Catastro e Información Territorial,IGN
2020,7882,2020-11-02,Lunes,,00:00:00,,0.0,1,Moto/Ciclomotor,Viamonte 21,1,1,0,0,0,0,0,"-32.96821, -60.62722",S/D,,ROSARIO,Rosario,S/D,S/D,II,S/D,S/D,S/D,S/D,S/D,S/D,S/D,S/D,S/D,S/D,S/D,Otro,S/D,S/D,S/D,S/D,"-32.96821, -60.62722",['Viamonte 21'],1,,-32.96821,-60.62722,55.0,538.0,Municipio Rosario,Municipio,Rosario,820210,Servicio de Catastro e Información Territorial,IGN
2020,7883,2020-11-02,Lunes,,23:35:00,,0.0,1,Otros,Alsina Y Dr.Rivas,1,1,0,0,0,0,0,"-32.97686, -60.68582",S/D,,ROSARIO,Rosario,S/D,S/D,II,S/D,S/D,S/D,S/D,S/D,S/D,S/D,S/D,S/D,Otro,S/D,Otro,S/D,S/D,S/D,S/D,"-32.97686, -60.68582","['Alsina', 'Doctor Francisco Riva']",2,,-32.97686,-60.68582,55.0,538.0,Municipio Rosario,Municipio,Rosario,820210,Servicio de Catastro e Información Territorial,IGN
2020,7885,2020-07-10,Viernes,,12:20:00,,0.0,1,Automóvil,Tarragona ,2,2,0,0,0,0,0,"-32.95883, -60.693",Avenida,,ROSARIO,Rosario,Asfalto,S/D,II,Dentro,Urbana,S/D,S/D,Intersección,S/D,S/D,Diurna,S/D,S/D,S/D,S/D,S/D,S/D,S/D,S/D,"-32.95883, -60.693",['Tarragona'],1,,-32.95883,-60.693,55.0,538.0,Municipio Rosario,Municipio,Rosario,820210,Servicio de Catastro e Información Territorial,IGN
2020,7886,2020-11-03,Martes,,17:30:00,,0.0,1,Bicicleta,Montevideo Y Fraga,1,1,0,0,0,0,0,"-32.94744, -60.70996",S/D,,ROSARIO,Rosario,S/D,S/D,II,S/D,S/D,S/D,S/D,S/D,S/D,S/D,S/D,S/D,S/D,Ciclista,"Atropello,Otro",S/D,S/D,S/D,S/D,"-32.94744, -60.70996","['Montevideo', 'Fraga']",2,,-32.94744,-60.70996,55.0,538.0,Municipio Rosario,Municipio,Rosario,820210,Servicio de Catastro e Información Territorial,IGN
2020,7887,2020-11-03,Martes,,13:00:00,,0.0,1,Moto/Ciclomotor,Cafferata Y Rioja,1,1,0,0,0,0,0,"-32.94171, -60.6712",S/D,,ROSARIO,Rosario,S/D,S/D,II,S/D,S/D,S/D,S/D,S/D,S/D,S/D,S/D,S/D,S/D,S/D,Otro,S/D,S/D,S/D,S/D,"-32.94171, -60.6712","['Cafferata', 'Rioja']",2,,-32.94171,-60.6712,55.0,538.0,Municipio Rosario,Municipio,Rosario,820210,Servicio de Catastro e Información Territorial,IGN
2020,7888,2020-11-03,Martes,,19:59:00,,0.0,2,"Moto/Ciclomotor,Moto/Ciclomotor",Francia F Y Dr.Rivas,2,2,0,0,0,0,0,"-32.97878, -60.67501",S/D,,ROSARIO,Rosario,S/D,S/D,II,S/D,S/D,S/D,S/D,S/D,S/D,S/D,S/D,S/D,S/D,S/D,Otro,S/D,S/D,S/D,S/D,"-32.97878, -60.67501","['Avenida Francia', 'Doctor Francisco Riva']",2,,-32.97878,-60.67501,55.0,538.0,Municipio Rosario,Municipio,Rosario,820210,Servicio de Catastro e Información Territorial,IGN
2020,7889,2020-11-04,Miercoles,,10:59:00,,0.0,1,Bicicleta,Francia F Y Comodoro Rivadavia,1,1,0,0,0,0,0,"-32.9891, -60.6776",S/D,,ROSARIO,Rosario,S/D,S/D,II,S/D,S/D,S/D,S/D,S/D,S/D,S/D,S/D,S/D,S/D,Ciclista,"Atropello,Otro",S/D,S/D,S/D,S/D,"-32.9891, -60.6776","['Avenida Francia', 'Comodoro Rivadavia']",2,,-32.9891,-60.6776,55.0,538.0,Municipio Rosario,Municipio,Rosario,820210,Servicio de Catastro e Información Territorial,IGN
2020,7890,2020-07-07,Martes,,15:40:00,,0.0,1,Moto/Ciclomotor,Amenabar Y España,1,1,0,0,0,0,0,"-32.95883, -60.693",Calle,,ROSARIO,Rosario,Asfalto,S/D,II,Dentro,Urbana,S/D,S/D,Intersección,S/D,S/D,Diurna,S/D,S/D,S/D,S/D,S/D,S/D,S/D,S/D,"-32.95883, -60.693","['Amenabar', 'España']",2,,-32.95883,-60.693,55.0,538.0,Municipio Rosario,Municipio,Rosario,820210,Servicio de Catastro e Información Territorial,IGN
2020,7891,2020-07-10,Viernes,,16:00:00,,0.0,1,Moto/Ciclomotor,Av. Pellegrini ,1,1,0,0,0,0,0,"-32.95883, -60.693",Calle,,ROSARIO,Rosario,Asfalto,S/D,II,Dentro,Urbana,S/D,S/D,Intersección,S/D,S/D,Diurna,S/D,S/D,S/D,S/D,S/D,S/D,S/D,S/D,"-32.95883, -60.693",['Pellegrini'],1,,-32.95883,-60.693,55.0,538.0,Municipio Rosario,Municipio,Rosario,820210,Servicio de Catastro e Información Territorial,IGN
2020,7892,2020-07-10,Viernes,,19:30:00,,0.0,1,Moto/Ciclomotor,Coulin 2000,1,1,0,0,0,0,0,"-32.95883, -60.693",Calle,,ROSARIO,Rosario,Asfalto,S/D,II,Dentro,Urbana,S/D,S/D,Intersección,S/D,S/D,Atardecer,S/D,S/D,S/D,S/D,S/D,S/D,S/D,S/D,"-32.95883, -60.693",['Coulin 2000'],1,,-32.95883,-60.693,55.0,538.0,Municipio Rosario,Municipio,Rosario,820210,Servicio de Catastro e Información Territorial,IGN
2020,7893,2020-07-10,Viernes,,21:00:00,,0.0,1,Bicicleta,Bv. 27 De Febrero ,1,1,0,0,0,0,0,"-32.95883, -60.693",Avenida,,ROSARIO,Rosario,S/D,S/D,II,Dentro,Urbana,S/D,S/D,Intersección,S/D,S/D,Nocturna,S/D,S/D,S/D,S/D,S/D,S/D,S/D,S/D,"-32.95883, -60.693",['27 de Febrero'],1,,-32.95883,-60.693,55.0,538.0,Municipio Rosario,Municipio,Rosario,820210,Servicio de Catastro e Información Territorial,IGN
2020,7894,2020-07-10,Viernes,,22:00:00,,0.0,1,Bicicleta,Matienzo ,1,1,0,0,0,0,0,"-32.95883, -60.693",Calle,,ROSARIO,Rosario,Asfalto,S/D,II,Dentro,Urbana,S/D,S/D,Intersección,S/D,S/D,Nocturna,S/D,S/D,Ciclista,"Cañda ocupante,Atropello",S/D,S/D,S/D,S/D,"-32.95883, -60.693",['Matienzo'],1,,-32.95883,-60.693,55.0,538.0,Municipio Rosario,Municipio,Rosario,820210,Servicio de Catastro e Información Territorial,IGN
2020,7895,2020-07-11,Sabado,,06:45:00,,0.0,1,Moto/Ciclomotor,Ayacucho ,1,1,0,0,0,0,0,"-32.95883, -60.693",Calle,,ROSARIO,Rosario,Asfalto,S/D,II,Dentro,Urbana,S/D,S/D,Intersección,S/D,S/D,Amanecer,S/D,S/D,S/D,S/D,S/D,S/D,S/D,S/D,"-32.95883, -60.693",['Ayacucho'],1,,-32.95883,-60.693,55.0,538.0,Municipio Rosario,Municipio,Rosario,820210,Servicio de Catastro e Información Territorial,IGN
2020,7896,2020-07-11,Sabado,,11:35:00,,0.0,1,Moto/Ciclomotor,Acevedo Bis ,1,1,0,0,0,0,0,"-32.95883, -60.693",Calle,,ROSARIO,Rosario,Asfalto,S/D,II,Dentro,Urbana,S/D,S/D,Paso a Nivel FFCC,S/D,S/D,Diurna,S/D,S/D,S/D,S/D,S/D,S/D,S/D,S/D,"-32.95883, -60.693",['Acevedo Bis'],1,,-32.95883,-60.693,55.0,538.0,Municipio Rosario,Municipio,Rosario,820210,Servicio de Catastro e Información Territorial,IGN
2020,7897,2020-07-11,Sabado,,00:30:00,,0.0,1,Moto/Ciclomotor,Mendoza ,1,1,0,0,0,0,0,"    -32.94423, -60.68037",Calle,,ROSARIO,Rosario,S/D,S/D,II,Dentro,Urbana,S/D,S/D,Intersección,S/D,S/D,Nocturna,S/D,S/D,S/D,S/D,S/D,S/D,S/D,S/D,"    -32.94423, -60.68037",['Mendoza'],1,,-32.94423,-60.68037,55.0,538.0,Municipio Rosario,Municipio,Rosario,820210,Servicio de Catastro e Información Territorial,IGN
2020,7899,2020-11-04,Miercoles,,16:00:00,,0.0,1,Otros,Magallanes Y Pasco,1,1,0,0,0,0,0,"-32.950720841372,-60.704072030987",Calle,,ROSARIO,Rosario,Asfalto,No existe,II,Dentro,Urbana,Ninguna,No existe,Intersección,Deteriorada,Buena,Diurna,Buen Tiempo,S/D,S/D,S/D,Ninguna,Faltante,"Ninguna,S/D",Sin restricción,"-32.950720841372,-60.704072030987","['Magallanes', 'Pasco']",2,,-32.950720841372,-60.704072030987,55.0,538.0,Municipio Rosario,Municipio,Rosario,820210,Servicio de Catastro e Información Territorial,IGN
2020,7900,2020-11-04,Miercoles,,,,0.0,1,Otros, ,1,1,0,0,0,0,0,"-32.95846, -60.69045",S/D,,ROSARIO,Rosario,S/D,S/D,II,S/D,S/D,S/D,S/D,S/D,S/D,S/D,S/D,S/D,S/D,S/D,Otro,S/D,S/D,S/D,S/D,"-32.95846, -60.69045",[''],0,,-32.95846,-60.69045,55.0,538.0,Municipio Rosario,Municipio,Rosario,820210,Servicio de Catastro e Información Territorial,IGN
2020,7901,2020-11-04,Miercoles,,17:40:00,,0.0,1,Moto/Ciclomotor,Camilo Aldao Y Humberto I,1,1,0,0,0,0,0,"-32.930059844343,-60.696357243243",Calle,,ROSARIO,Rosario,Asfalto,No existe,II,Dentro,Urbana,Ninguna,No existe,Intersección,Deteriorada,Buena,Diurna,Buen Tiempo,S/D,S/D,Colisión,Ninguna,Faltante,"Ninguna,S/D",Sin restricción,"-32.930059844343,-60.696357243243","['Camilo Aldao', 'Humberto']",2,,-32.930059844343,-60.696357243243,55.0,538.0,Municipio Rosario,Municipio,Rosario,820210,Servicio de Catastro e Información Territorial,IGN