anio_acci,nro_acci,fecha,desc_dia,fecha_aprox,hora_aprox,desc_ruta,km,cant_participantes,desc_participante,calle_avenida_km,total,heridos_leves,heridos_graves,heridos_gravisimos,ilesos,fallecidos,sin_datos,posicion_XY,desc_tipo_via,desc_ruta_ori,desc_loc,desc_dpto,desc_tipo_calzada,desc_tipo_banquina,desc_unidad_regional,desc_lugar_calzada,desc_zona,desc_prioridad,desc_estado_semaforo,desc_lugar_via,desc_estado_via,desc_estado_visibilidad,desc_luminosidad,desc_estado_clima,desc_tipo_colision,desc_tipo_atropello,desc_tipo_hecho,desc_pres_calzada,desc_senializacion,desc_separacion_via,desc_restriccion,forma_geocod,calle_lista,numero_calles,calles_osm,lat,lon,index_right,gid,fna,gna,nam,in1,fdc,sag
2020,7902,2020-11-01,Domingo,,05:40:00,,0.0,1,Bicicleta,Av. Ntra.Sra.del Rosario Y Crespo,1,1,0,0,0,0,0,"-33.001026348997,-60.680634617291",Avenida,,ROSARIO,Rosario,Asfalto,No existe,II,Dentro,Urbana,Ninguna,No existe,Intersección,S/D,S/D,Nocturna,S/D,S/D,S/D,Cañda ocupante,S/D,Faltante,"Ninguna,S/D",S/D,"-33.001026348997,-60.680634617291","['Nuestra Señora del Rosario', 'Crespo']",2,,-33.001026348997,-60.680634617291,55.0,538.0,Municipio Rosario,Municipio,Rosario,820210,Servicio de Catastro e Información Territorial,IGN
2020,7903,2020-11-04,Miercoles,,00:05:00,,0.0,1,Moto/Ciclomotor,Pje. Marquez de Moya Y Rivarola,1,1,0,0,0,0,0,"-32.966339928704,-60.729680843864",Avenida,,ROSARIO,Rosario,Asfalto,No existe,II,Dentro,Urbana,Paso Peatonal,No existe,Intersección,Bueno,Buena,Nocturna,Buen Tiempo,S/D,S/D,Colisión,Ninguna,Horizontal,"Cordón divisorio,Línea divisoria pintada,S/D",Sin restricción,"-32.966339928704,-60.729680843864","['Moya', 'Rivarola']",2,,-32.966339928704,-60.729680843864,55.0,538.0,Municipio Rosario,Municipio,Rosario,820210,Servicio de Catastro e Información Territorial,IGN
2020,7904,2020-11-04,Miercoles,,,,0.0,1,Otros,Av. Francia Y Av. Ntra.Sra.del Rosario,1,1,0,0,0,0,0,"-33.000945694692,-60.677892461983",Avenida,,ROSARIO,Rosario,Asfalto,No existe,II,Dentro,Urbana,Ninguna,No existe,Intersección,Bueno,Buena,Diurna,Buen Tiempo,S/D,S/D,Colisión,Ninguna,Faltante,"Cordón divisorio,Vegetación,S/D",Sin restricción,"-33.000945694692,-60.677892461983","['Avenida Francia', 'Nuestra Señora del Rosario']",2,,-33.000945694692,-60.677892461983,55.0,538.0,Municipio Rosario,Municipio,Rosario,820210,Servicio de Catastro e Información Territorial,IGN
2020,7905,2020-11-04,Miercoles,,08:00:00,,0.0,1,Otros,Av. Ntra.Sra.del Rosario ,1,1,0,0,0,0,0,"-32.95846, -60.69045",Avenida,,ROSARIO,Rosario,Asfalto,No existe,II,Dentro,Urbana,S/D,S/D,S/D,Bueno,S/D,Diurna,S/D,S/D,S/D,Otro,S/D,S/D,S/D,S/D,"-32.95846, -60.69045",['Nuestra Señora del Rosario'],1,,-32.95846,-60.69045,55.0,538.0,Municipio Rosario,Municipio,Rosario,820210,Servicio de Catastro e Información Territorial,IGN
2020,7906,2020-11-04,Miercoles,,00:10:00,,0.0,1,Bicicleta,Bv. 27 De Febrero Y Bv. Oro�o,1,1,0,0,0,0,0,"-32.964828473776,-60.658500919693",Avenida,,ROSARIO,Rosario,Asfalto,No existe,II,Dentro,Urbana,Semáforo,Funciona,Intersección,Bueno,Buena,Diurna,Buen Tiempo,S/D,S/D,Cañda ocupante,Ninguna,"Horizontal,Vertical","Cordón divisorio,Vegetación,Línea divisoria pintada,S/D",Sin restricción,"-32.964828473776,-60.658500919693","['27 de Febrero', 'Bulevar Nicasio Oroño']",2,,-32.964828473776,-60.658500919693,55.0,538.0,Municipio Rosario,Municipio,Rosario,820210,Servicio de Catastro e Información Territorial,IGN
2020,7908,2020-11-04,Miercoles,,16:00:00,,0.0,1,Otros,Av. Provincias Unidas Y J.B.Justo,1,1,0,0,0,0,0,"-32.914921567841,-60.713912070463",Avenida,,ROSARIO,Rosario,Asfalto,No existe,II,Dentro,Urbana,Semáforo,No existe,Intersección,Bueno,Buena,Diurna,Buen Tiempo,S/D,S/D,Colisión,Ninguna,"Horizontal,Vertical","Cordón divisorio,Línea divisoria pintada,S/D",Sin restricción,"-32.914921567841,-60.713912070463","['Avenida Provincias Unidas', 'Justo']",2,,-32.914921567841,-60.713912070463,55.0,538.0,Municipio Rosario,Municipio,Rosario,820210,Servicio de Catastro e Información Territorial,IGN
2020,7909,2020-10-30,Viernes,,22:00:00,,0.0,1,Otros,Crespo Y Virasoro,1,1,0,0,0,0,0,"-32.964507234614,-60.674165021127",Calle,,ROSARIO,Rosario,Asfalto,No existe,II,Dentro,Urbana,Ninguna,No existe,Intersección,S/D,S/D,Nocturna,S/D,S/D,S/D,Otro,S/D,Faltante,"Ninguna,S/D",S/D,"-32.964507234614,-60.674165021127","['Crespo', 'Virasoro']",2,,-32.964507234614,-60.674165021127,55.0,538.0,Municipio Rosario,Municipio,Rosario,820210,Servicio de Catastro e Información Territorial,IGN
2020,7910,2020-11-04,Miercoles,,,,0.0,1,Otros, ,1,1,0,0,0,0,0,"-32.95846, -60.69045",S/D,,ROSARIO,Rosario,S/D,S/D,II,S/D,S/D,S/D,S/D,S/D,S/D,S/D,S/D,S/D,S/D,S/D,Otro,S/D,S/D,S/D,S/D,"-32.95846, -60.69045",[''],0,,-32.95846,-60.69045,55.0,538.0,Municipio Rosario,Municipio,Rosario,820210,Servicio de Catastro e Información Territorial,IGN
2020,7912,2020-10-29,Jueves,,00:00:00,,0.0,1,Otros,Bv. Avellaneda Y Mendoza,1,1,0,0,0,0,0,"-32.944223291523,-60.680315504898",Calle,,ROSARIO,Rosario,Asfalto,No existe,II,Dentro,Urbana,Semáforo,Funciona,Intersección,S/D,S/D,Nocturna,S/D,S/D,S/D,Otro,S/D,"Horizontal,Vertical","Cordón divisorio,S/D",S/D,"-32.944223291523,-60.680315504898","['Avellaneda', 'Mendoza']",2,,-32.944223291523,-60.680315504898,55.0,538.0,Municipio Rosario,Municipio,Rosario,820210,Servicio de Catastro e Información Territorial,IGN
2020,7913,2020-11-04,Miercoles,,,,0.0,1,Otros, ,1,1,0,0,0,0,0,"-32.95846, -60.69045",S/D,,ROSARIO,Rosario,S/D,S/D,II,S/D,S/D,S/D,S/D,S/D,S/D,S/D,S/D,S/D,S/D,S/D,Otro,S/D,S/D,S/D,S/D,"-32.95846, -60.69045",[''],0,,-32.95846,-60.69045,55.0,538.0,Municipio Rosario,Municipio,Rosario,820210,Servicio de Catastro e Información Territorial,IGN
2020,7914,2020-07-11,Sabado,,14:10:00,,0.0,1,Moto/Ciclomotor,J.B.Justo Y Fournier,1,1,0,0,0,0,0,"-32.95883, -60.693",Calle,,ROSARIO,Rosario,Asfalto,S/D,II,Dentro,Urbana,S/D,S/D,Intersección,S/D,S/D,Diurna,S/D,S/D,S/D,S/D,S/D,S/D,Ninguna,S/D,"-32.95883, -60.693","['Justo', 'Fournier']",2,,-32.95883,-60.693,55.0,538.0,Municipio Rosario,Municipio,Rosario,820210,Servicio de Catastro e Información Territorial,IGN
2020,7915,2020-11-04,Miercoles,,,,0.0,1,Otros, ,1,1,0,0,0,0,0,"-32.95846, -60.69045",S/D,,ROSARIO,Rosario,S/D,S/D,II,S/D,S/D,S/D,S/D,S/D,S/D,S/D,S/D,S/D,S/D,S/D,Otro,S/D,S/D,S/D,S/D,"-32.95846, -60.69045",[''],0,,-32.95846,-60.69045,55.0,538.0,Municipio Rosario,Municipio,Rosario,820210,Servicio de Catastro e Información Territorial,IGN
2020,7916,2020-07-11,Sabado,,07:50:00,,0.0,1,Moto/Ciclomotor,Rodriguez ,1,1,0,0,0,0,0,"-32.95883, -60.693",Calle,,ROSARIO,Rosario,Asfalto,S/D,II,Dentro,Urbana,S/D,S/D,Intersección,S/D,S/D,Diurna,S/D,S/D,S/D,S/D,S/D,S/D,S/D,S/D,"-32.95883, -60.693",['Rodríguez'],1,,-32.95883,-60.693,55.0,538.0,Municipio Rosario,Municipio,Rosario,820210,Servicio de Catastro e Información Territorial,IGN
2020,7917,2020-07-12,Domingo,,16:45:00,,0.0,1,Moto/Ciclomotor, ,1,1,0,0,0,0,0,"-32.95883, -60.693",Camino Rural,,ROSARIO,Rosario,S/D,S/D,II,Dentro,Rural,S/D,S/D,S/D,S/D,S/D,Diurna,S/D,S/D,S/D,S/D,S/D,S/D,S/D,S/D,"-32.95883, -60.693",[''],0,,-32.95883,-60.693,55.0,538.0,Municipio Rosario,Municipio,Rosario,820210,Servicio de Catastro e Información Territorial,IGN
2020,7918,2020-07-12,Domingo,,18:15:00,,0.0,1,Moto/Ciclomotor,Av. Battle y Ordo�ez ,1,1,0,0,0,0,0,"-32.95883, -60.693",Avenida,,ROSARIO,Rosario,S/D,S/D,II,Dentro,Urbana,S/D,S/D,S/D,S/D,S/D,Atardecer,S/D,S/D,S/D,S/D,S/D,S/D,S/D,S/D,"-32.95883, -60.693",['Avenida Battle y Ordoñez'],1,,-32.95883,-60.693,55.0,538.0,Municipio Rosario,Municipio,Rosario,820210,Servicio de Catastro e Información Territorial,IGN
2020,7919,2020-07-13,Lunes,,05:00:00,,0.0,1,Moto/Ciclomotor,Peru Y Biedma,1,1,0,0,0,0,0,"-32.95883, -60.693",Calle,,ROSARIO,Rosario,Asfalto,S/D,II,Dentro,Urbana,S/D,S/D,Intersección,S/D,S/D,Amanecer,S/D,S/D,S/D,S/D,S/D,S/D,S/D,S/D,"-32.95883, -60.693","['Peru', 'Coronel Biedma']",2,,-32.95883,-60.693,55.0,538.0,Municipio Rosario,Municipio,Rosario,820210,Servicio de Catastro e Información Territorial,IGN
2020,7920,2020-07-14,Martes,,11:35:00,,0.0,1,Automóvil,Cordoba Y Larrea,1,1,0,0,0,0,0,"-32.95883, -60.693",Calle,,ROSARIO,Rosario,Asfalto,S/D,II,Dentro,Urbana,S/D,S/D,Intersección,S/D,S/D,Diurna,S/D,S/D,S/D,S/D,S/D,S/D,S/D,S/D,"-32.95883, -60.693","['Córdoba', 'Larrea']",2,,-32.95883,-60.693,55.0,538.0,Municipio Rosario,Municipio,Rosario,820210,Servicio de Catastro e Información Territorial,IGN
2020,7922,2020-07-14,Martes,,19:10:00,,0.0,1,Moto/Ciclomotor,Saavedra Y Lavalle,2,2,0,0,0,0,0,"-32.95883, -60.693",Calle,,ROSARIO,Rosario,S/D,S/D,II,Dentro,Urbana,S/D,S/D,Intersección,S/D,S/D,Atardecer,S/D,S/D,S/D,S/D,S/D,S/D,S/D,S/D,"-32.95883, -60.693","['Saavedra', 'Lavalle']",2,,-32.95883,-60.693,55.0,538.0,Municipio Rosario,Municipio,Rosario,820210,Servicio de Catastro e Información Territorial,IGN
2020,7923,2020-11-05,Jueves,,05:44:00,,0.0,1,Peatón,Pje. Bogado Y Bolivar,1,1,0,0,0,0,0,"-32.94415, -60.71365",S/D,,ROSARIO,Rosario,S/D,S/D,II,S/D,S/D,S/D,S/D,S/D,S/D,S/D,S/D,S/D,S/D,Peatón,"Atropello,Otro",S/D,S/D,S/D,S/D,"-32.94415, -60.71365","['Bogado', 'Bolivar']",2,,-32.94415,-60.71365,55.0,538.0,Municipio Rosario,Municipio,Rosario,820210,Servicio de Catastro e Información Territorial,IGN
2020,7925,2020-12-29,Martes,,09:00:00,,0.0,1,Moto/Ciclomotor,Mariano Moreno Y 9 De Julio,1,1,0,0,0,0,0,"-32.95165, -60.65239",S/D,,ROSARIO,Rosario,S/D,S/D,II,S/D,S/D,S/D,S/D,S/D,S/D,S/D,S/D,S/D,S/D,S/D,Otro,S/D,S/D,S/D,S/D,"-32.95165, -60.65239","['Mariano Moreno', '9 de Julio']",2,,-32.95165,-60.65239,55.0,538.0,Municipio Rosario,Municipio,Rosario,820210,Servicio de Catastro e Información Territorial,IGN
2020,7926,2020-11-05,Jueves,,11:30:00,,0.0,1,Moto/Ciclomotor, ,1,1,0,0,0,0,0,"-32.9588, -60.69398",S/D,,ROSARIO,Rosario,S/D,S/D,II,S/D,S/D,S/D,S/D,S/D,S/D,S/D,S/D,S/D,S/D,S/D,Otro,S/D,S/D,S/D,S/D,"-32.9588, -60.69398",[''],0,,-32.9588,-60.69398,55.0,538.0,Municipio Rosario,Municipio,Rosario,820210,Servicio de Catastro e Información Territorial,IGN
2020,7927,2020-07-14,Martes,,19:25:00,,0.0,1,Moto/Ciclomotor,Av. Pellegrini Y Constitucion,1,1,0,0,0,0,0,"-32.95883, -60.693",Avenida,,ROSARIO,Rosario,Asfalto,S/D,II,Dentro,Urbana,S/D,S/D,Intersección,S/D,S/D,Atardecer,S/D,S/D,S/D,S/D,S/D,S/D,S/D,S/D,"-32.95883, -60.693","['Pellegrini', 'Constitución']",2,,-32.95883,-60.693,55.0,538.0,Municipio Rosario,Municipio,Rosario,820210,Servicio de Catastro e Información Territorial,IGN
2020,7928,2020-07-14,Martes,,20:00:00,,0.0,1,Moto/Ciclomotor, ,1,1,0,0,0,0,0,"-32.95883, -60.693",S/D,,ROSARIO,Rosario,Asfalto,S/D,II,S/D,S/D,S/D,S/D,Intersección,S/D,S/D,Atardecer,S/D,S/D,S/D,S/D,S/D,S/D,S/D,S/D,"-32.95883, -60.693",[''],0,,-32.95883,-60.693,55.0,538.0,Municipio Rosario,Municipio,Rosario,820210,Servicio de Catastro e Información Territorial,IGN
2020,7929,2020-11-06,Viernes,,03:15:00,,0.0,1,Moto/Ciclomotor,Av. Uriburu Y Av. Circunvalacion,1,1,0,0,0,0,0,"-32.9924, -60.70275",S/D,,ROSARIO,Rosario,S/D,S/D,II,S/D,S/D,S/D,S/D,S/D,S/D,S/D,S/D,S/D,S/D,S/D,Otro,S/D,S/D,S/D,S/D,"-32.9924, -60.70275","['Uriburu', 'Circunvalacion']",2,,-32.9924,-60.70275,55.0,538.0,Municipio Rosario,Municipio,Rosario,820210,Servicio de Catastro e Información Territorial,IGN
2020,7930,2020-07-14,Martes,,02:00:00,,0.0,1,Bicicleta,Jose Ingenieros ,1,1,0,0,0,0,0,"-32.95883, -60.693",Calle,,ROSARIO,Rosario,Asfalto,S/D,II,Dentro,Urbana,S/D,S/D,Intersección,S/D,S/D,Nocturna,S/D,S/D,S/D,S/D,S/D,S/D,S/D,S/D,"-32.95883, -60.693",['José Ingenieros'],1,,-32.95883,-60.693,55.0,538.0,Municipio Rosario,Municipio,Rosario,820210,Servicio de Catastro e Información Territorial,IGN
2020,7931,2020-05-06,Miercoles,,,,0.0,1,Otros, ,1,1,0,0,0,0,0,"-32.95846, -60.69045",S/D,,ROSARIO,Rosario,S/D,S/D,II,S/D,S/D,S/D,S/D,S/D,S/D,S/D,S/D,S/D,S/D,S/D,Otro,S/D,S/D,S/D,S/D,"-32.95846, -60.69045",[''],0,,-32.95846,-60.69045,55.0,538.0,Municipio Rosario,Municipio,Rosario,820210,Servicio de Catastro e Información Territorial,IGN
2020,7932,2020-05-06,Miercoles,,22:30:00,,0.0,1,Moto/Ciclomotor,24 De Setiembre ,1,1,0,0,0,0,0,"-32.97803, -60.65909",S/D,,ROSARIO,Rosario,S/D,S/D,II,S/D,S/D,S/D,S/D,S/D,S/D,S/D,S/D,S/D,S/D,S/D,Otro,S/D,S/D,S/D,S/D,"-32.97803, -60.65909",['24 de Septiembre'],1,,-32.97803,-60.65909,55.0,538.0,Municipio Rosario,Municipio,Rosario,820210,Servicio de Catastro e Información Territorial,IGN
2020,7933,2020-07-16,Jueves,,15:15:00,,0.0,2,"Peatón,Otros",Bv. Avellaneda Y Cerrito,2,1,0,0,1,0,0,"-32.95883, -60.693",Calle,,ROSARIO,Rosario,Asfalto,S/D,II,Dentro,Urbana,S/D,S/D,Intersección,S/D,S/D,Diurna,S/D,S/D,Peatón,Atropello,S/D,S/D,S/D,S/D,"-32.95883, -60.693","['Avellaneda', 'Cerrito']",2,,-32.95883,-60.693,55.0,538.0,Municipio Rosario,Municipio,Rosario,820210,Servicio de Catastro e Información Territorial,IGN
2020,7934,2020-07-16,Jueves,,,,0.0,1,Moto/Ciclomotor,Mejico Y White,1,1,0,0,0,0,0,"-32.95883, -60.693",Calle,,ROSARIO,Rosario,Asfalto,S/D,II,Dentro,Urbana,S/D,S/D,Intersección,S/D,S/D,Diurna,S/D,S/D,S/D,S/D,S/D,S/D,S/D,S/D,"-32.95883, -60.693","['Mejico', 'White']",2,,-32.95883,-60.693,55.0,538.0,Municipio Rosario,Municipio,Rosario,820210,Servicio de Catastro e Información Territorial,IGN
2020,7935,2020-07-16,Jueves,,18:00:00,,0.0,1,Moto/Ciclomotor,Mendoza Y Lima,1,1,0,0,0,0,0,"-32.95883, -60.693",Calle,,ROSARIO,Rosario,Asfalto,S/D,II,Dentro,Urbana,S/D,S/D,Intersección,S/D,S/D,Atardecer,S/D,S/D,S/D,S/D,S/D,S/D,S/D,S/D,"-32.95883, -60.693","['Mendoza', 'Lima']",2,,-32.95883,-60.693,55.0,538.0,Municipio Rosario,Municipio,Rosario,820210,Servicio de Catastro e Información Territorial,IGN
2020,7936,2020-07-17,Viernes,,15:00:00,,0.0,1,Moto/Ciclomotor,Av. Circunvalacion Y Bv. Avellaneda,1,1,0,0,0,0,0,"-32.95883, -60.693",Avenida,,ROSARIO,Rosario,Asfalto,S/D,II,Dentro,Urbana,S/D,S/D,Intersección,S/D,S/D,Diurna,S/D,S/D,S/D,S/D,S/D,S/D,S/D,S/D,"-32.95883, -60.693","['Circunvalacion', 'Avellaneda']",2,,-32.95883,-60.693,55.0,538.0,Municipio Rosario,Municipio,Rosario,820210,Servicio de Catastro e Información Territorial,IGN
2020,7937,2020-11-06,Viernes,,13:59:00,,0.0,1,Moto/Ciclomotor,Sanchez de Bustamante Y Francia F,1,1,0,0,0,0,0,"-33.0029, -60.67778",S/D,,ROSARIO,Rosario,S/D,S/D,II,S/D,S/D,S/D,S/D,S/D,S/D,S/D,S/D,S/D,S/D,S/D,Otro,S/D,S/D,S/D,S/D,"-33.0029, -60.67778","['Sánchez de Bustamante', 'Avenida Francia']",2,,-33.0029,-60.67778,55.0,538.0,Municipio Rosario,Municipio,Rosario,820210,Servicio de Catastro e Información Territorial,IGN
2020,7938,2020-11-06,Viernes,,15:29:00,,0.0,1,Moto/Ciclomotor,Rodriguez Y 3 De Febrero,1,1,0,0,0,0,0,"-32.94913, -60.66027",S/D,,ROSARIO,Rosario,S/D,S/D,II,S/D,S/D,S/D,S/D,S/D,S/D,S/D,S/D,S/D,S/D,S/D,Otro,S/D,S/D,S/D,S/D,"-32.94913, -60.66027","['Rodríguez', '3 de Febrero']",2,,-32.94913,-60.66027,55.0,538.0,Municipio Rosario,Municipio,Rosario,820210,Servicio de Catastro e Información Territorial,IGN
2020,7939,2020-07-17,Viernes,,14:00:00,,0.0,1,Moto/Ciclomotor,Amenabar Y Constitucion,1,1,0,0,0,0,0,"-32.95883, -60.693",Calle,,ROSARIO,Rosario,Asfalto,S/D,II,Dentro,Urbana,S/D,S/D,Intersección,S/D,S/D,Diurna,S/D,S/D,S/D,S/D,S/D,S/D,S/D,S/D,"-32.95883, -60.693","['Amenabar', 'Constitución']",2,,-32.95883,-60.693,55.0,538.0,Municipio Rosario,Municipio,Rosario,820210,Servicio de Catastro e Información Territorial,IGN
2020,7940,2020-11-06,Viernes,,13:59:00,,0.0,1,Moto/Ciclomotor,Flor De Nacar ,1,1,0,0,0,0,0,"-33.02018, -60.66042",S/D,,ROSARIO,Rosario,S/D,S/D,II,S/D,S/D,S/D,S/D,S/D,S/D,S/D,S/D,S/D,S/D,S/D,Otro,S/D,S/D,S/D,S/D,"-33.02018, -60.66042",['Flor de Nacar'],1,,-33.02018,-60.66042,55.0,538.0,Municipio Rosario,Municipio,Rosario,820210,Servicio de Catastro e Información Territorial,IGN
2020,7941,2020-11-06,Viernes,,18:00:00,,0.0,1,Moto/Ciclomotor,Av. Provincias Unidas Y Mendoza,1,1,0,0,0,0,0,"-32.95281, -60.71216",S/D,,ROSARIO,Rosario,S/D,S/D,II,S/D,S/D,S/D,S/D,S/D,S/D,S/D,S/D,S/D,S/D,S/D,Otro,S/D,S/D,S/D,S/D,"-32.95281, -60.71216","['Avenida Provincias Unidas', 'Mendoza']",2,,-32.95281,-60.71216,55.0,538.0,Municipio Rosario,Municipio,Rosario,820210,Servicio de Catastro e Información Territorial,IGN
2020,7942,2020-12-24,Jueves,,01:59:00,,0.0,1,Moto/Ciclomotor, ,1,1,0,0,0,0,0,"-32.95527, -60.6932",S/D,,ROSARIO,Rosario,S/D,S/D,II,S/D,S/D,S/D,S/D,S/D,S/D,S/D,S/D,S/D,S/D,S/D,Otro,S/D,S/D,S/D,S/D,"-32.95527, -60.6932",[''],0,,-32.95527,-60.6932,55.0,538.0,Municipio Rosario,Municipio,Rosario,820210,Servicio de Catastro e Información Territorial,IGN
2020,7943,2020-11-07,Sabado,,00:00:00,,0.0,1,Bicicleta, ,1,1,0,0,0,0,0,"-32.95527, -60.6932",S/D,,ROSARIO,Rosario,S/D,S/D,II,S/D,S/D,S/D,S/D,S/D,S/D,S/D,S/D,S/D,S/D,Ciclista,"Atropello,Otro",S/D,S/D,S/D,S/D,"-32.95527, -60.6932",[''],0,,-32.95527,-60.6932,55.0,538.0,Municipio Rosario,Municipio,Rosario,820210,Servicio de Catastro e Información Territorial,IGN
2020,7945,2020-07-17,Viernes,,10:10:00,,0.0,1,Moto/Ciclomotor,Entre Rios Y Pasco,1,1,0,0,0,0,0,"-32.95883, -60.693",Calle,,ROSARIO,Rosario,Asfalto,S/D,II,Dentro,Urbana,S/D,S/D,Intersección,S/D,S/D,Diurna,S/D,S/D,S/D,S/D,S/D,S/D,S/D,S/D,"-32.95883, -60.693","['Entre Ríos', 'Pasco']",2,,-32.95883,-60.693,55.0,538.0,Municipio Rosario,Municipio,Rosario,820210,Servicio de Catastro e Información Territorial,IGN
2020,7946,2020-07-17,Viernes,,18:15:00,,0.0,1,Moto/Ciclomotor,Cerrito Y Alsina,1,1,0,0,0,0,0,"-32.95883, -60.693",Calle,,ROSARIO,Rosario,Asfalto,S/D,II,Dentro,Urbana,S/D,S/D,Intersección,S/D,S/D,Diurna,S/D,S/D,S/D,S/D,S/D,S/D,S/D,S/D,"-32.95883, -60.693","['Cerrito', 'Alsina']",2,,-32.95883,-60.693,55.0,538.0,Municipio Rosario,Municipio,Rosario,820210,Servicio de Catastro e Información Territorial,IGN
2020,7947,2020-11-08,Domingo,,19:00:00,,0.0,1,Automóvil, ,1,1,0,0,0,0,0,"-32.95643, -60.69418",S/D,,ROSARIO,Rosario,S/D,S/D,II,S/D,S/D,S/D,S/D,S/D,S/D,S/D,S/D,S/D,S/D,S/D,Otro,S/D,S/D,S/D,S/D,"-32.95643, -60.69418",[''],0,,-32.95643,-60.69418,55.0,538.0,Municipio Rosario,Municipio,Rosario,820210,Servicio de Catastro e Información Territorial,IGN
2020,7948,2020-11-08,Domingo,,01:59:00,,0.0,1,Moto/Ciclomotor,Florida ,1,1,0,0,0,0,0,"-32.92969, -60.68318",S/D,,ROSARIO,Rosario,S/D,S/D,II,S/D,S/D,S/D,S/D,S/D,S/D,S/D,S/D,S/D,S/D,S/D,Otro,S/D,S/D,S/D,S/D,"-32.92969, -60.68318",['Florida'],1,,-32.92969,-60.68318,55.0,538.0,Municipio Rosario,Municipio,Rosario,820210,Servicio de Catastro e Información Territorial,IGN
2020,7949,2020-11-08,Domingo,,00:00:00,,0.0,1,Moto/Ciclomotor,Av. Circunvalacion Y Av. Eva Peron,1,1,0,0,0,0,0,"-32.94673, -60.72199",S/D,,ROSARIO,Rosario,S/D,S/D,II,S/D,S/D,S/D,S/D,S/D,S/D,S/D,S/D,S/D,S/D,S/D,Otro,S/D,S/D,S/D,S/D,"-32.94673, -60.72199","['Circunvalacion', 'Avenida Eva Perón']",2,,-32.94673,-60.72199,55.0,538.0,Municipio Rosario,Municipio,Rosario,820210,Servicio de Catastro e Información Territorial,IGN
2020,7950,2020-07-17,Viernes,,20:20:00,,0.0,1,Moto/Ciclomotor,Av. Provincias Unidas Y Amenabar,1,1,0,0,0,0,0,"-32.95883, -60.693",Calle,,ROSARIO,Rosario,S/D,S/D,II,Dentro,Urbana,S/D,S/D,Intersección,S/D,S/D,Atardecer,S/D,S/D,S/D,S/D,S/D,S/D,S/D,S/D,"-32.95883, -60.693","['Avenida Provincias Unidas', 'Amenabar']",2,,-32.95883,-60.693,55.0,538.0,Municipio Rosario,Municipio,Rosario,820210,Servicio de Catastro e Información Territorial,IGN
2020,7952,2020-11-09,Lunes,,15:00:00,,0.0,1,Moto/Ciclomotor,Av. Provincias Unidas Y Bv. 27 De Febrero,1,1,0,0,0,0,0,"-32.95937, -60.71192",S/D,,ROSARIO,Rosario,S/D,S/D,II,S/D,S/D,S/D,S/D,S/D,S/D,S/D,S/D,S/D,S/D,S/D,Otro,S/D,S/D,S/D,S/D,"-32.95937, -60.71192","['Avenida Provincias Unidas', '27 de Febrero']",2,,-32.95937,-60.71192,55.0,538.0,Municipio Rosario,Municipio,Rosario,820210,Servicio de Catastro e Información Territorial,IGN
2020,7953,2020-11-09,Lunes,,07:59:00,,0.0,1,Moto/Ciclomotor,Crespo Y Centeno,1,1,0,0,0,0,0,"-32.97947, -60.67796",S/D,,ROSARIO,Rosario,S/D,S/D,II,S/D,S/D,S/D,S/D,S/D,S/D,S/D,S/D,S/D,S/D,S/D,Otro,S/D,S/D,S/D,S/D,"-32.97947, -60.67796","['Crespo', 'Centeno']",2,,-32.97947,-60.67796,55.0,538.0,Municipio Rosario,Municipio,Rosario,820210,Servicio de Catastro e Información Territorial,IGN
2020,7954,2020-11-09,Lunes,,15:29:00,,0.0,1,Bicicleta,Casilda Y Matienzo,1,1,0,0,0,0,0,"-32.92862, -60.69517",S/D,,ROSARIO,Rosario,S/D,S/D,II,S/D,S/D,S/D,S/D,S/D,S/D,S/D,S/D,S/D,S/D,Ciclista,"Atropello,Otro",S/D,S/D,S/D,S/D,"-32.92862, -60.69517","['Casilda', 'Matienzo']",2,,-32.92862,-60.69517,55.0,538.0,Municipio Rosario,Municipio,Rosario,820210,Servicio de Catastro e Información Territorial,IGN
2020,7955,2020-11-09,Lunes,,,,0.0,1,Otros, ,1,1,0,0,0,0,0,"-32.95846, -60.69045",S/D,,ROSARIO,Rosario,S/D,S/D,II,S/D,S/D,S/D,S/D,S/D,S/D,S/D,S/D,S/D,S/D,S/D,Otro,S/D,S/D,S/D,S/D,"-32.95846, -60.69045",[''],0,,-32.95846,-60.69045,55.0,538.0,Municipio Rosario,Municipio,Rosario,820210,Servicio de Catastro e Información Territorial,IGN
2020,7956,2020-11-09,Lunes,,16:59:00,,0.0,1,Bicicleta,Olegario V.Andrade Y Entre Rios,1,1,0,0,0,0,0,"-32.996, -60.65208",S/D,,ROSARIO,Rosario,S/D,S/D,II,S/D,S/D,S/D,S/D,S/D,S/D,S/D,S/D,S/D,S/D,Ciclista,"Atropello,Otro",S/D,S/D,S/D,S/D,"-32.996, -60.65208","['Olegario V Andrade', 'Entre Ríos']",2,,-32.996,-60.65208,55.0,538.0,Municipio Rosario,Municipio,Rosario,820210,Servicio de Catastro e Información Territorial,IGN
2020,7957,2020-11-09,Lunes,,18:29:00,,0.0,1,Moto/Ciclomotor,Av. Pellegrini Y Francia F,1,1,0,0,0,0,0,"-32.9525, -60.6682",S/D,,ROSARIO,Rosario,S/D,S/D,II,S/D,S/D,S/D,S/D,S/D,S/D,S/D,S/D,S/D,S/D,S/D,Otro,S/D,S/D,S/D,S/D,"-32.9525, -60.6682","['Pellegrini', 'Avenida Francia']",2,,-32.9525,-60.6682,55.0,538.0,Municipio Rosario,Municipio,Rosario,820210,Servicio de Catastro e Información Territorial,IGN
2020,7958,2020-11-09,Lunes,,19:59:00,,0.0,1,Automóvil,Cordoba 1800,1,1,0,0,0,0,0,"-32.94468, -60.64797",S/D,,ROSARIO,Rosario,S/D,S/D,II,S/D,S/D,S/D,S/D,S/D,S/D,S/D,S/D,S/D,S/D,S/D,Otro,S/D,S/D,S/D,S/D,"-32.94468, -60.64797",['Cordoba 1800'],1,,-32.94468,-60.64797,55.0,538.0,Municipio Rosario,Municipio,Rosario,820210,Servicio de Catastro e Información Territorial,IGN
2020,7959,2020-07-18,Sabado,,20:00:00,,0.0,1,Moto/Ciclomotor,Garibaldi Y Matienzo,1,1,0,0,0,0,0,"-32.95883, -60.693",Calle,,ROSARIO,Rosario,Asfalto,S/D,II,Dentro,Urbana,S/D,S/D,Intersección,S/D,S/D,Nocturna,S/D,S/D,S/D,S/D,S/D,S/D,S/D,S/D,"-32.95883, -60.693","['José Garibaldi', 'Matienzo']",2,,-32.95883,-60.693,55.0,538.0,Municipio Rosario,Municipio,Rosario,820210,Servicio de Catastro e Información Territorial,IGN
2020,7960,2020-11-10,Martes,,14:30:00,,0.0,1,Automóvil,Av. Circunvalacion ,1,1,0,0,0,0,0,"-32.94672, -60.72203",S/D,,ROSARIO,Rosario,S/D,S/D,II,S/D,S/D,S/D,S/D,S/D,S/D,S/D,S/D,S/D,S/D,S/D,Otro,S/D,S/D,S/D,S/D,"-32.94672, -60.72203",['Circunvalacion'],1,,-32.94672,-60.72203,55.0,538.0,Municipio Rosario,Municipio,Rosario,820210,Servicio de Catastro e Información Territorial,IGN