anio_acci,nro_acci,fecha,desc_dia,fecha_aprox,hora_aprox,desc_ruta,km,cant_participantes,desc_participante,calle_avenida_km,total,heridos_leves,heridos_graves,heridos_gravisimos,ilesos,fallecidos,sin_datos,posicion_XY,desc_tipo_via,desc_ruta_ori,desc_loc,desc_dpto,desc_tipo_calzada,desc_tipo_banquina,desc_unidad_regional,desc_lugar_calzada,desc_zona,desc_prioridad,desc_estado_semaforo,desc_lugar_via,desc_estado_via,desc_estado_visibilidad,desc_luminosidad,desc_estado_clima,desc_tipo_colision,desc_tipo_atropello,desc_tipo_hecho,desc_pres_calzada,desc_senializacion,desc_separacion_via,desc_restriccion,forma_geocod,calle_lista,numero_calles,calles_osm,lat,lon,index_right,gid,fna,gna,nam,in1,fdc,sag
2020,7961,2020-11-10,Martes,,14:30:00,,0.0,1,Moto/Ciclomotor,Jose Ingenieros ,1,1,0,0,0,0,0,"-32.91722, -60.71681",S/D,,ROSARIO,Rosario,S/D,S/D,II,S/D,S/D,S/D,S/D,S/D,S/D,S/D,S/D,S/D,S/D,S/D,Otro,S/D,S/D,S/D,S/D,"-32.91722, -60.71681",['José Ingenieros'],1,,-32.91722,-60.71681,55.0,538.0,Municipio Rosario,Municipio,Rosario,820210,Servicio de Catastro e Información Territorial,IGN
2020,7963,2020-11-11,Miercoles,,10:00:00,,0.0,1,Bicicleta,Tucuman Y Garzon,1,1,0,0,0,0,0,"-32.93241, -60.70608",S/D,,ROSARIO,Rosario,S/D,S/D,II,S/D,S/D,S/D,S/D,S/D,S/D,S/D,S/D,S/D,S/D,Ciclista,"Atropello,Otro",S/D,S/D,S/D,S/D,"-32.93241, -60.70608","['Tucumán', 'Garzón']",2,,-32.93241,-60.70608,55.0,538.0,Municipio Rosario,Municipio,Rosario,820210,Servicio de Catastro e Información Territorial,IGN
2020,7964,2020-11-11,Miercoles,,18:29:00,,0.0,1,Moto/Ciclomotor,ALSINA Y PASAJE 1221,1,1,0,0,0,0,0,"-32.97857, -60.68623",S/D,,ROSARIO,Rosario,S/D,S/D,II,S/D,S/D,S/D,S/D,S/D,S/D,S/D,S/D,S/D,S/D,S/D,Otro,S/D,S/D,S/D,S/D,"-32.97857, -60.68623","['Alsina', 'Pasaje 1221']",2,,-32.97857,-60.68623,55.0,538.0,Municipio Rosario,Municipio,Rosario,820210,Servicio de Catastro e Información Territorial,IGN
2020,7965,2020-11-12,Jueves,,18:00:00,,0.0,1,Bicicleta,J.J.Paso Y Mejico,1,1,0,0,0,0,0,"-32.92031, -60.71925",S/D,,ROSARIO,Rosario,S/D,S/D,II,S/D,S/D,S/D,S/D,S/D,S/D,S/D,S/D,S/D,S/D,Ciclista,"Atropello,Otro",S/D,S/D,S/D,S/D,"-32.92031, -60.71925","['Paso', 'Mejico']",2,,-32.92031,-60.71925,55.0,538.0,Municipio Rosario,Municipio,Rosario,820210,Servicio de Catastro e Información Territorial,IGN
2020,7966,2020-11-12,Jueves,,14:44:00,,0.0,1,Bicicleta,Laprida Y 3 De Febrero,1,1,0,0,0,0,0,"-32.95351, -60.63573",S/D,,ROSARIO,Rosario,S/D,S/D,II,S/D,S/D,S/D,S/D,S/D,S/D,S/D,S/D,S/D,S/D,Ciclista,"Atropello,Otro",S/D,S/D,S/D,S/D,"-32.95351, -60.63573","['Laprida', '3 de Febrero']",2,,-32.95351,-60.63573,55.0,538.0,Municipio Rosario,Municipio,Rosario,820210,Servicio de Catastro e Información Territorial,IGN
2020,7967,2020-11-13,Viernes,,01:30:00,,0.0,1,Moto/Ciclomotor,Baigorria Y Bv. Rondeau,1,1,0,0,0,0,0,"-32.89148, -60.69309",S/D,,ROSARIO,Rosario,S/D,S/D,II,S/D,S/D,S/D,S/D,S/D,S/D,S/D,S/D,S/D,S/D,S/D,Otro,S/D,S/D,S/D,S/D,"-32.89148, -60.69309","['Baigorria', 'Rondeau']",2,,-32.89148,-60.69309,55.0,538.0,Municipio Rosario,Municipio,Rosario,820210,Servicio de Catastro e Información Territorial,IGN
2020,7968,2020-11-13,Viernes,,01:30:00,,0.0,1,Moto/Ciclomotor,Pasco Y Av. Provincias Unidas,1,1,0,0,0,0,0,"-32.95098, -60.71212",S/D,,ROSARIO,Rosario,S/D,S/D,II,S/D,S/D,S/D,S/D,S/D,S/D,S/D,S/D,S/D,S/D,S/D,Otro,S/D,S/D,S/D,S/D,"-32.95098, -60.71212","['Pasco', 'Avenida Provincias Unidas']",2,,-32.95098,-60.71212,55.0,538.0,Municipio Rosario,Municipio,Rosario,820210,Servicio de Catastro e Información Territorial,IGN
2020,7970,2020-11-13,Viernes,,19:59:00,,0.0,1,Moto/Ciclomotor,Bv. Oroño Y Lamadrid,1,1,0,0,0,0,0,"-32.99787, -60.66496",S/D,,ROSARIO,Rosario,S/D,S/D,II,S/D,S/D,S/D,S/D,S/D,S/D,S/D,S/D,S/D,S/D,S/D,Otro,S/D,S/D,S/D,S/D,"-32.99787, -60.66496","['Bulevar Nicasio Oroño', 'Lamadrid']",2,,-32.99787,-60.66496,55.0,538.0,Municipio Rosario,Municipio,Rosario,820210,Servicio de Catastro e Información Territorial,IGN
2020,7971,2020-11-13,Viernes,,20:30:00,,0.0,1,Moto/Ciclomotor,Bv. Segui Y Av. Pte.Peron,1,1,0,0,0,0,0,"-32.97155, -60.71865",S/D,,ROSARIO,Rosario,S/D,S/D,II,S/D,S/D,S/D,S/D,S/D,S/D,S/D,S/D,S/D,S/D,S/D,Otro,S/D,S/D,S/D,S/D,"-32.97155, -60.71865","['Bulevar Juan Francisco Seguí', 'Avenida Presidente Perón']",2,,-32.97155,-60.71865,55.0,538.0,Municipio Rosario,Municipio,Rosario,820210,Servicio de Catastro e Información Territorial,IGN
2020,7972,2020-07-18,Sabado,,00:00:00,,0.0,1,Moto/Ciclomotor,Garibaldi Y Av. Ovidio Lagos,1,1,0,0,0,0,0,"-32.95883, -60.693",Calle,,ROSARIO,Rosario,Asfalto,S/D,II,Dentro,Urbana,S/D,S/D,Intersección,S/D,S/D,Nocturna,S/D,S/D,S/D,S/D,S/D,S/D,S/D,S/D,"-32.95883, -60.693","['José Garibaldi', 'Avenida Ovidio Lagos']",2,,-32.95883,-60.693,55.0,538.0,Municipio Rosario,Municipio,Rosario,820210,Servicio de Catastro e Información Territorial,IGN
2020,7973,2020-07-18,Sabado,,09:40:00,,0.0,1,Moto/Ciclomotor,Urquiza Y San Nicolas,1,1,0,0,0,0,0,"-32.95883, -60.693",Calle,,ROSARIO,Rosario,Asfalto,S/D,II,Dentro,Urbana,S/D,S/D,Intersección,S/D,S/D,Nocturna,S/D,S/D,S/D,S/D,S/D,S/D,S/D,S/D,"-32.95883, -60.693","['Urquiza', 'San Nicolás']",2,,-32.95883,-60.693,55.0,538.0,Municipio Rosario,Municipio,Rosario,820210,Servicio de Catastro e Información Territorial,IGN
2020,7974,2020-07-18,Sabado,,18:00:00,,0.0,1,Bicicleta,Bv. 27 De Febrero ,1,1,0,0,0,0,0,"-32.95883, -60.693",Avenida,,ROSARIO,Rosario,Asfalto,S/D,II,Dentro,Urbana,S/D,S/D,Intersección,S/D,S/D,Nocturna,S/D,S/D,S/D,S/D,S/D,S/D,S/D,S/D,"-32.95883, -60.693",['27 de Febrero'],1,,-32.95883,-60.693,55.0,538.0,Municipio Rosario,Municipio,Rosario,820210,Servicio de Catastro e Información Territorial,IGN
2020,7975,2020-07-19,Domingo,,18:00:00,,0.0,1,Otros,Guatemala Y La Paz,1,1,0,0,0,0,0,"-32.95883, -60.693",Calle,,ROSARIO,Rosario,S/D,S/D,II,Dentro,Urbana,S/D,S/D,Intersección,S/D,S/D,Atardecer,S/D,S/D,S/D,S/D,S/D,S/D,S/D,S/D,"-32.95883, -60.693","['Guatemala', 'La Paz']",2,,-32.95883,-60.693,55.0,538.0,Municipio Rosario,Municipio,Rosario,820210,Servicio de Catastro e Información Territorial,IGN
2020,7976,2020-11-14,Sabado,,01:50:00,,0.0,1,Moto/Ciclomotor,Rivarola Y Campodonico,1,1,0,0,0,0,0,"-32.96636, -60.72723",S/D,,ROSARIO,Rosario,S/D,S/D,II,S/D,S/D,S/D,S/D,S/D,S/D,S/D,S/D,S/D,S/D,S/D,Otro,S/D,S/D,S/D,S/D,"-32.96636, -60.72723","['Rivarola', 'Campodonico']",2,,-32.96636,-60.72723,55.0,538.0,Municipio Rosario,Municipio,Rosario,820210,Servicio de Catastro e Información Territorial,IGN
2020,7977,2020-11-14,Sabado,,01:25:00,,0.0,1,Moto/Ciclomotor,J.J.Paso Y Av. Provincias Unidas,1,1,0,0,0,0,0,"-32.92065, -60.71331",S/D,,ROSARIO,Rosario,S/D,S/D,II,S/D,S/D,S/D,S/D,S/D,S/D,S/D,S/D,S/D,S/D,S/D,Otro,S/D,S/D,S/D,S/D,"-32.92065, -60.71331","['Paso', 'Avenida Provincias Unidas']",2,,-32.92065,-60.71331,55.0,538.0,Municipio Rosario,Municipio,Rosario,820210,Servicio de Catastro e Información Territorial,IGN
2020,7978,2020-11-14,Sabado,,03:09:00,,0.0,1,Moto/Ciclomotor,Ayacucho Y Pte.Quintana,1,0,1,0,0,0,0,"-32.98454, -60.63595",S/D,,ROSARIO,Rosario,S/D,S/D,II,S/D,S/D,S/D,S/D,S/D,S/D,S/D,S/D,S/D,S/D,S/D,Otro,S/D,S/D,S/D,S/D,"-32.98454, -60.63595","['Ayacucho', 'Quintana']",2,,-32.98454,-60.63595,55.0,538.0,Municipio Rosario,Municipio,Rosario,820210,Servicio de Catastro e Información Territorial,IGN
2020,7979,2020-11-14,Sabado,,05:19:00,,0.0,1,Moto/Ciclomotor,Crespo Y Biedma,1,0,1,0,0,0,0,"-32.976, -60.67709",S/D,,ROSARIO,Rosario,S/D,S/D,II,S/D,S/D,S/D,S/D,S/D,S/D,S/D,S/D,S/D,S/D,S/D,Otro,S/D,S/D,S/D,S/D,"-32.976, -60.67709","['Crespo', 'Coronel Biedma']",2,,-32.976,-60.67709,55.0,538.0,Municipio Rosario,Municipio,Rosario,820210,Servicio de Catastro e Información Territorial,IGN
2020,7981,2020-11-14,Sabado,,16:45:00,,0.0,1,Bicicleta,Av. Ovidio Lagos 7500,1,1,0,0,0,0,0,"-33.02583, -60.68122",S/D,,ROSARIO,Rosario,S/D,S/D,II,S/D,S/D,S/D,S/D,S/D,S/D,S/D,S/D,S/D,S/D,Ciclista,"Atropello,Otro",S/D,S/D,S/D,S/D,"-33.02583, -60.68122",['Ovidio Lagos 7500'],1,,-33.02583,-60.68122,55.0,538.0,Municipio Rosario,Municipio,Rosario,820210,Servicio de Catastro e Información Territorial,IGN
2020,7983,2020-11-15,Domingo,,19:59:00,,0.0,1,Moto/Ciclomotor,Solis Y Junin,1,1,0,0,0,0,0,"-32.9274, -60.70389",S/D,,ROSARIO,Rosario,S/D,S/D,II,S/D,S/D,S/D,S/D,S/D,S/D,S/D,S/D,S/D,S/D,S/D,Otro,S/D,S/D,S/D,S/D,"-32.9274, -60.70389","['Solis', 'Junín']",2,,-32.9274,-60.70389,55.0,538.0,Municipio Rosario,Municipio,Rosario,820210,Servicio de Catastro e Información Territorial,IGN
2020,7984,2020-11-15,Domingo,,00:00:00,,0.0,1,Moto/Ciclomotor, ,1,0,1,0,0,0,0,"-32.9588, -60.69398",S/D,,ROSARIO,Rosario,S/D,S/D,II,S/D,S/D,S/D,S/D,S/D,S/D,S/D,S/D,S/D,S/D,S/D,Otro,S/D,S/D,S/D,S/D,"-32.9588, -60.69398",[''],0,,-32.9588,-60.69398,55.0,538.0,Municipio Rosario,Municipio,Rosario,820210,Servicio de Catastro e Información Territorial,IGN
2020,7985,2020-11-15,Domingo,,00:00:00,,0.0,1,Moto/Ciclomotor, ,1,1,0,0,0,0,0,"-32.9588, -60.69398",S/D,,ROSARIO,Rosario,S/D,S/D,II,S/D,S/D,S/D,S/D,S/D,S/D,S/D,S/D,S/D,S/D,S/D,Otro,S/D,S/D,S/D,S/D,"-32.9588, -60.69398",[''],0,,-32.9588,-60.69398,55.0,538.0,Municipio Rosario,Municipio,Rosario,820210,Servicio de Catastro e Información Territorial,IGN
2020,7986,2020-11-15,Domingo,,,,0.0,1,Moto/Ciclomotor,San Luis 1200,1,0,1,0,0,0,0,"-32.9488, -60.64006",S/D,,ROSARIO,Rosario,S/D,S/D,II,S/D,S/D,S/D,S/D,S/D,S/D,S/D,S/D,S/D,S/D,S/D,Otro,S/D,S/D,S/D,S/D,"-32.9488, -60.64006",['San Luis 1200'],1,,-32.9488,-60.64006,55.0,538.0,Municipio Rosario,Municipio,Rosario,820210,Servicio de Catastro e Información Territorial,IGN
2020,7987,2020-11-15,Domingo,,00:00:00,,0.0,1,Moto/Ciclomotor, ,1,1,0,0,0,0,0,"-32.96229, -60.69148",S/D,,ROSARIO,Rosario,S/D,S/D,II,S/D,S/D,S/D,S/D,S/D,S/D,S/D,S/D,S/D,S/D,S/D,Otro,S/D,S/D,S/D,S/D,"-32.96229, -60.69148",[''],0,,-32.96229,-60.69148,55.0,538.0,Municipio Rosario,Municipio,Rosario,820210,Servicio de Catastro e Información Territorial,IGN
2020,7988,2020-07-18,Sabado,,19:00:00,,0.0,1,Moto/Ciclomotor,Fraga Y La Republica,1,1,0,0,0,0,0,"-32.95883, -60.693",Calle,,ROSARIO,Rosario,Asfalto,S/D,II,Dentro,Urbana,S/D,S/D,Intersección,S/D,S/D,Atardecer,S/D,S/D,S/D,S/D,S/D,S/D,S/D,S/D,"-32.95883, -60.693","['Fraga', 'La República']",2,,-32.95883,-60.693,55.0,538.0,Municipio Rosario,Municipio,Rosario,820210,Servicio de Catastro e Información Territorial,IGN
2020,7990,2020-07-18,Sabado,,01:10:00,,0.0,1,Moto/Ciclomotor,Rivarola 8000,1,1,0,0,0,0,0,"-32.95883, -60.693",Calle,,ROSARIO,Rosario,Asfalto,S/D,II,Dentro,Urbana,S/D,S/D,Recta,S/D,S/D,Nocturna,S/D,S/D,S/D,S/D,S/D,S/D,S/D,S/D,"-32.95883, -60.693",['Rivarola 8000'],1,,-32.95883,-60.693,55.0,538.0,Municipio Rosario,Municipio,Rosario,820210,Servicio de Catastro e Información Territorial,IGN
2020,7991,2020-11-16,Lunes,,13:45:00,,0.0,1,Bicicleta,Vera Mujica Y Centeno,1,1,0,0,0,0,0,"-32.97971, -60.67653",S/D,,ROSARIO,Rosario,S/D,S/D,II,S/D,S/D,S/D,S/D,S/D,S/D,S/D,S/D,S/D,S/D,Ciclista,Atropello,S/D,S/D,S/D,S/D,"-32.97971, -60.67653","['Vera Mujíca', 'Centeno']",2,,-32.97971,-60.67653,55.0,538.0,Municipio Rosario,Municipio,Rosario,820210,Servicio de Catastro e Información Territorial,IGN
2020,7992,2020-11-16,Lunes,,18:45:00,,0.0,1,Automóvil,Av. Corrientes Y Garibaldi,1,1,0,0,0,0,0,"-32.98528, -60.65227",S/D,,ROSARIO,Rosario,S/D,S/D,II,S/D,S/D,S/D,S/D,S/D,S/D,S/D,S/D,S/D,S/D,S/D,Otro,S/D,S/D,S/D,S/D,"-32.98528, -60.65227","['Corrientes', 'José Garibaldi']",2,,-32.98528,-60.65227,55.0,538.0,Municipio Rosario,Municipio,Rosario,820210,Servicio de Catastro e Información Territorial,IGN
2020,7993,2020-11-16,Lunes,,19:59:00,,0.0,1,Moto/Ciclomotor,Bv. Segui Y Av. Circunvalacion,1,1,0,0,0,0,0,"-32.97323, -60.67925",S/D,,ROSARIO,Rosario,S/D,S/D,II,S/D,S/D,S/D,S/D,S/D,S/D,S/D,S/D,S/D,S/D,S/D,Otro,S/D,S/D,S/D,S/D,"-32.97323, -60.67925","['Bulevar Juan Francisco Seguí', 'Circunvalacion']",2,,-32.97323,-60.67925,55.0,538.0,Municipio Rosario,Municipio,Rosario,820210,Servicio de Catastro e Información Territorial,IGN
2020,7994,2020-07-19,Domingo,,19:30:00,,0.0,1,Bicicleta,Gral. J.M.Paz ,1,1,0,0,0,0,0,"-32.95883, -60.693",Calle,,ROSARIO,Rosario,Asfalto,S/D,II,Dentro,Urbana,S/D,S/D,Intersección,S/D,S/D,Atardecer,S/D,S/D,S/D,S/D,S/D,S/D,S/D,S/D,"-32.95883, -60.693",['General J M Paz'],1,,-32.95883,-60.693,55.0,538.0,Municipio Rosario,Municipio,Rosario,820210,Servicio de Catastro e Información Territorial,IGN
2020,7995,2020-11-17,Martes,,09:29:00,,0.0,1,Automóvil,Pascual Rosas Y Mendoza,2,2,0,0,0,0,0,"-32.94302, -60.6872",S/D,,ROSARIO,Rosario,S/D,S/D,II,S/D,S/D,S/D,S/D,S/D,S/D,S/D,S/D,S/D,S/D,S/D,Otro,S/D,S/D,S/D,S/D,"-32.94302, -60.6872","['Pascual Rosas', 'Mendoza']",2,,-32.94302,-60.6872,55.0,538.0,Municipio Rosario,Municipio,Rosario,820210,Servicio de Catastro e Información Territorial,IGN
2020,7996,2020-11-17,Martes,,19:00:00,,0.0,1,Peatón,Matienzo Y Garibaldi,1,1,0,0,0,0,0,"-32.95959, -60.69379",S/D,,ROSARIO,Rosario,S/D,S/D,II,S/D,S/D,S/D,S/D,S/D,S/D,S/D,S/D,S/D,S/D,Peatón,"Atropello,Otro",S/D,S/D,S/D,S/D,"-32.95959, -60.69379","['Matienzo', 'José Garibaldi']",2,,-32.95959,-60.69379,55.0,538.0,Municipio Rosario,Municipio,Rosario,820210,Servicio de Catastro e Información Territorial,IGN
2020,7997,2020-11-17,Martes,,01:00:00,,0.0,1,Bicicleta, ,1,1,0,0,0,0,0,"-32.95846, -60.69045",S/D,,ROSARIO,Rosario,S/D,S/D,II,S/D,S/D,S/D,S/D,S/D,S/D,S/D,S/D,S/D,S/D,Ciclista,"Atropello,Otro",S/D,S/D,S/D,S/D,"-32.95846, -60.69045",[''],0,,-32.95846,-60.69045,55.0,538.0,Municipio Rosario,Municipio,Rosario,820210,Servicio de Catastro e Información Territorial,IGN
2020,7998,2020-11-17,Martes,,14:30:00,,0.0,1,Moto/Ciclomotor,Av. Luis Carballo Y Velez Sarsfield,1,1,0,0,0,0,0,"-32.92459, -60.66275",S/D,,ROSARIO,Rosario,S/D,S/D,II,S/D,S/D,S/D,S/D,S/D,S/D,S/D,S/D,S/D,S/D,S/D,Otro,S/D,S/D,S/D,S/D,"-32.92459, -60.66275","['Avenida Doctor Luis Cándido Carballo', 'Vélez Sarsfield']",2,,-32.92459,-60.66275,55.0,538.0,Municipio Rosario,Municipio,Rosario,820210,Servicio de Catastro e Información Territorial,IGN
2020,7999,2020-11-17,Martes,,22:00:00,,0.0,1,Moto/Ciclomotor,Av. Genova Y Donado,1,1,0,0,0,0,0,"-32.91643, -60.72812",S/D,,ROSARIO,Rosario,S/D,S/D,II,S/D,S/D,S/D,S/D,S/D,S/D,S/D,S/D,S/D,S/D,S/D,Otro,S/D,S/D,S/D,S/D,"-32.91643, -60.72812","['Genova', 'Donado']",2,,-32.91643,-60.72812,55.0,538.0,Municipio Rosario,Municipio,Rosario,820210,Servicio de Catastro e Información Territorial,IGN
2020,8000,2020-11-18,Miercoles,,00:00:00,,0.0,1,Moto/Ciclomotor,Av. Circunvalacion ,1,1,0,0,0,0,0,"-32.94678, -60.722",S/D,,ROSARIO,Rosario,S/D,S/D,II,S/D,S/D,S/D,S/D,S/D,S/D,S/D,S/D,S/D,S/D,S/D,Otro,S/D,S/D,S/D,S/D,"-32.94678, -60.722",['Circunvalacion'],1,,-32.94678,-60.722,55.0,538.0,Municipio Rosario,Municipio,Rosario,820210,Servicio de Catastro e Información Territorial,IGN
2020,8003,2020-07-20,Lunes,,11:00:00,,0.0,1,Moto/Ciclomotor,Av. Provincias Unidas Y Derqui,1,1,0,0,0,0,0,"-32.95883, -60.693",Avenida,,ROSARIO,Rosario,Asfalto,S/D,II,Dentro,Urbana,S/D,S/D,Intersección,S/D,S/D,Diurna,S/D,S/D,S/D,S/D,S/D,S/D,S/D,S/D,"-32.95883, -60.693","['Avenida Provincias Unidas', 'Derqui']",2,,-32.95883,-60.693,55.0,538.0,Municipio Rosario,Municipio,Rosario,820210,Servicio de Catastro e Información Territorial,IGN
2020,8004,2020-07-20,Lunes,,18:00:00,,0.0,2,"Otros,Peatón", ,2,1,0,0,0,0,1,"-32.95883, -60.693",S/D,,ROSARIO,Rosario,Asfalto,S/D,II,S/D,S/D,S/D,S/D,Intersección,S/D,S/D,Diurna,S/D,S/D,Peatón,Atropello,S/D,S/D,S/D,S/D,"-32.95883, -60.693",[''],0,,-32.95883,-60.693,55.0,538.0,Municipio Rosario,Municipio,Rosario,820210,Servicio de Catastro e Información Territorial,IGN
2020,8005,2020-07-21,Martes,,14:30:00,,0.0,2,"Otros,Peatón",Av. Ovidio Lagos Y Bv. 27 De Febrero,2,1,0,0,0,0,1,"-32.95883, -60.693",Calle,,ROSARIO,Rosario,Asfalto,S/D,II,S/D,S/D,S/D,S/D,Intersección,S/D,S/D,Diurna,S/D,S/D,Peatón,Atropello,S/D,S/D,S/D,S/D,"-32.95883, -60.693","['Avenida Ovidio Lagos', '27 de Febrero']",2,,-32.95883,-60.693,55.0,538.0,Municipio Rosario,Municipio,Rosario,820210,Servicio de Catastro e Información Territorial,IGN
2020,8006,2020-11-18,Miercoles,,16:59:00,,0.0,1,Moto/Ciclomotor,Av. Battle y Ordo�ez ,1,1,0,0,0,0,0,"-33.00975, -60.67633",S/D,,ROSARIO,Rosario,S/D,S/D,II,S/D,S/D,S/D,S/D,S/D,S/D,S/D,S/D,S/D,S/D,S/D,Otro,S/D,S/D,S/D,S/D,"-33.00975, -60.67633",['Avenida Battle y Ordoñez'],1,,-33.00975,-60.67633,55.0,538.0,Municipio Rosario,Municipio,Rosario,820210,Servicio de Catastro e Información Territorial,IGN
2020,8007,2020-11-18,Miercoles,,17:44:00,,0.0,1,Moto/Ciclomotor,San Juan Y Lavalle,1,1,0,0,0,0,0,"-32.9431, -60.67875",S/D,,ROSARIO,Rosario,S/D,S/D,II,S/D,S/D,S/D,S/D,S/D,S/D,S/D,S/D,S/D,S/D,S/D,Otro,S/D,S/D,S/D,S/D,"-32.9431, -60.67875","['San Juan', 'Lavalle']",2,,-32.9431,-60.67875,55.0,538.0,Municipio Rosario,Municipio,Rosario,820210,Servicio de Catastro e Información Territorial,IGN
2020,8011,2020-11-18,Miercoles,,,,0.0,1,Moto/Ciclomotor,Av. Pte.Peron Y Camilo Aldao,1,1,0,0,0,0,0,"-32.959700314319,-60.695222240964",Calle,,ROSARIO,Rosario,Asfalto,No existe,II,Dentro,Urbana,Paso Peatonal,No existe,Intersección,Bueno,Buena,Diurna,Buen Tiempo,S/D,S/D,Otro,Ninguna,Horizontal,"Cordón divisorio,Línea divisoria pintada,S/D",S/D,"-32.959700314319,-60.695222240964","['Avenida Presidente Perón', 'Camilo Aldao']",2,,-32.959700314319,-60.695222240964,55.0,538.0,Municipio Rosario,Municipio,Rosario,820210,Servicio de Catastro e Información Territorial,IGN
2020,8012,2020-11-11,Miercoles,,21:00:00,,0.0,1,Moto/Ciclomotor,F.M.Esquiu Y Solis,1,1,0,0,0,0,0,"-32.922874457059,-60.704092713255",Calle,,ROSARIO,Rosario,Asfalto,No existe,II,Dentro,Urbana,Ninguna,No existe,Intersección,S/D,S/D,Nocturna,S/D,S/D,S/D,Otro,S/D,Faltante,"Ninguna,S/D",S/D,"-32.922874457059,-60.704092713255","['Esquiú', 'Solis']",2,,-32.922874457059,-60.704092713255,55.0,538.0,Municipio Rosario,Municipio,Rosario,820210,Servicio de Catastro e Información Territorial,IGN
2020,8013,2020-11-18,Miercoles,,,,0.0,1,Moto/Ciclomotor,Bv. 27 De Febrero Y Bv. Avellaneda,1,1,0,0,0,0,0,"-32.960321199993,-60.684593378268",Avenida,,ROSARIO,Rosario,Asfalto,No existe,II,Dentro,Urbana,Semáforo,Funciona,Intersección,Bueno,Buena,Diurna,Buen Tiempo,S/D,S/D,Otro,Ninguna,Vertical,"Cordón divisorio,S/D",Sin restricción,"-32.960321199993,-60.684593378268","['27 de Febrero', 'Avellaneda']",2,,-32.960321199993,-60.684593378268,55.0,538.0,Municipio Rosario,Municipio,Rosario,820210,Servicio de Catastro e Información Territorial,IGN
2020,8014,2020-11-18,Miercoles,,03:00:00,,0.0,1,Moto/Ciclomotor,Bv. 27 De Febrero Y Bv. Avellaneda,1,1,0,0,0,0,0,"-32.960358973096,-60.684380616245",Avenida,,ROSARIO,Rosario,Asfalto,No existe,II,Dentro,Urbana,Semáforo,Funciona,Intersección,Bueno,Buena,Nocturna,Buen Tiempo,S/D,S/D,Colisión,Ninguna,Vertical,"Cordón divisorio,S/D",Sin restricción,"-32.960358973096,-60.684380616245","['27 de Febrero', 'Avellaneda']",2,,-32.960358973096,-60.684380616245,55.0,538.0,Municipio Rosario,Municipio,Rosario,820210,Servicio de Catastro e Información Territorial,IGN
2020,8015,2020-11-18,Miercoles,,,,0.0,1,Otros, ,1,1,0,0,0,0,0,"-32.9588, -60.69398",S/D,,ROSARIO,Rosario,S/D,S/D,II,S/D,S/D,S/D,S/D,S/D,S/D,S/D,S/D,S/D,S/D,S/D,Otro,S/D,S/D,S/D,S/D,"-32.9588, -60.69398",[''],0,,-32.9588,-60.69398,55.0,538.0,Municipio Rosario,Municipio,Rosario,820210,Servicio de Catastro e Información Territorial,IGN
2020,8016,2020-11-15,Domingo,,06:00:00,,0.0,1,Moto/Ciclomotor,Gorriti Y Guatemala,1,1,0,0,0,0,0,"-32.924482296179,-60.717976726025",Calle,,ROSARIO,Rosario,Asfalto,No existe,II,Dentro,Urbana,Ninguna,No existe,Intersección,Bueno,Buena,Amanecer,Buen Tiempo,S/D,S/D,"Colisión,Otro",Ninguna,Faltante,"Ninguna,S/D",Sin restricción,"-32.924482296179,-60.717976726025","['Gorriti', 'Guatemala']",2,,-32.924482296179,-60.717976726025,55.0,538.0,Municipio Rosario,Municipio,Rosario,820210,Servicio de Catastro e Información Territorial,IGN
2020,8017,2020-11-15,Domingo,,00:00:00,,0.0,1,Moto/Ciclomotor,Ocampo Y Roullon,1,1,0,0,0,0,0,"-32.957744093964,-60.701558326099",Calle,,ROSARIO,Rosario,Asfalto,No existe,II,Dentro,Urbana,Ninguna,No existe,Intersección,S/D,S/D,Nocturna,S/D,S/D,S/D,Otro,S/D,Faltante,"Ninguna,S/D",S/D,"-32.957744093964,-60.701558326099","['Ocampo', 'Alfredo Rouillón']",2,,-32.957744093964,-60.701558326099,55.0,538.0,Municipio Rosario,Municipio,Rosario,820210,Servicio de Catastro e Información Territorial,IGN
2020,8018,2020-11-14,Sabado,,06:00:00,,0.0,1,Moto/Ciclomotor,Cafferata Y Pte.Quintana,1,1,0,0,0,0,0,"-32.976632534275,-60.680065731969",Calle,,ROSARIO,Rosario,Asfalto,No existe,II,Dentro,Urbana,Ninguna,No existe,Intersección,S/D,S/D,Nocturna,S/D,S/D,S/D,Otro,S/D,Faltante,"Ninguna,S/D",S/D,"-32.976632534275,-60.680065731969","['Cafferata', 'Quintana']",2,,-32.976632534275,-60.680065731969,55.0,538.0,Municipio Rosario,Municipio,Rosario,820210,Servicio de Catastro e Información Territorial,IGN
2020,8019,2020-11-15,Domingo,,12:00:00,,0.0,1,Moto/Ciclomotor,Lima Y Rueda,1,1,0,0,0,0,0,"-32.962966509548,-60.689423875427",Calle,,ROSARIO,Rosario,Asfalto,No existe,II,Dentro,Urbana,Ninguna,No existe,Intersección,S/D,S/D,Diurna,S/D,S/D,S/D,Otro,S/D,Faltante,"Ninguna,S/D",S/D,"-32.962966509548,-60.689423875427","['Lima', 'Rueda']",2,,-32.962966509548,-60.689423875427,55.0,538.0,Municipio Rosario,Municipio,Rosario,820210,Servicio de Catastro e Información Territorial,IGN
2020,8020,2020-11-18,Miercoles,,20:45:00,,0.0,1,Otros,Callao Y Jujuy,1,1,0,0,0,0,0,"-32.934329771543,-60.658015859918",Calle,,ROSARIO,Rosario,Asfalto,No existe,II,Dentro,Urbana,Paso Peatonal,No existe,Intersección,Bueno,Buena,Nocturna,Buen Tiempo,S/D,S/D,Colisión,Ninguna,Horizontal,"Línea divisoria pintada,S/D",Sin restricción,"-32.934329771543,-60.658015859918","['Callao', 'Jujuy']",2,,-32.934329771543,-60.658015859918,55.0,538.0,Municipio Rosario,Municipio,Rosario,820210,Servicio de Catastro e Información Territorial,IGN
2020,8021,2020-11-18,Miercoles,,,,0.0,1,Otros, ,1,1,0,0,0,0,0,"-32.9588, -60.69398",S/D,,ROSARIO,Rosario,S/D,S/D,II,S/D,S/D,S/D,S/D,S/D,S/D,S/D,S/D,S/D,S/D,S/D,S/D,S/D,S/D,S/D,S/D,"-32.9588, -60.69398",[''],0,,-32.9588,-60.69398,55.0,538.0,Municipio Rosario,Municipio,Rosario,820210,Servicio de Catastro e Información Territorial,IGN
2020,8022,2020-11-14,Sabado,,09:30:00,,0.0,1,Moto/Ciclomotor,A.Maza Y Maciel,1,1,0,0,0,0,0,"-32.902990255945,-60.685917116794",Calle,,ROSARIO,Rosario,Asfalto,No existe,II,Dentro,Urbana,Otra Señal,No existe,Rotonda,S/D,S/D,Diurna,S/D,S/D,S/D,Otro,S/D,Vertical,"Ninguna,S/D",S/D,"-32.902990255945,-60.685917116794","['Maza', 'Maciel']",2,,-32.902990255945,-60.685917116794,55.0,538.0,Municipio Rosario,Municipio,Rosario,820210,Servicio de Catastro e Información Territorial,IGN