anio_acci,nro_acci,fecha,desc_dia,fecha_aprox,hora_aprox,desc_ruta,km,cant_participantes,desc_participante,calle_avenida_km,total,heridos_leves,heridos_graves,heridos_gravisimos,ilesos,fallecidos,sin_datos,posicion_XY,desc_tipo_via,desc_ruta_ori,desc_loc,desc_dpto,desc_tipo_calzada,desc_tipo_banquina,desc_unidad_regional,desc_lugar_calzada,desc_zona,desc_prioridad,desc_estado_semaforo,desc_lugar_via,desc_estado_via,desc_estado_visibilidad,desc_luminosidad,desc_estado_clima,desc_tipo_colision,desc_tipo_atropello,desc_tipo_hecho,desc_pres_calzada,desc_senializacion,desc_separacion_via,desc_restriccion,forma_geocod,calle_lista,numero_calles,calles_osm,lat,lon,index_right,gid,fna,gna,nam,in1,fdc,sag
2020,8023,2020-11-13,Viernes,,22:00:00,,0.0,1,Moto/Ciclomotor,9 De Julio Y Vera Mujica,1,1,0,0,0,0,0,"-32.94869505707,-60.668743822791",Calle,,ROSARIO,Rosario,Asfalto,No existe,II,Dentro,Urbana,Señal Pare,No existe,Intersección,Bueno,S/D,Nocturna,S/D,S/D,S/D,Otro,S/D,Vertical,"Ninguna,S/D",S/D,"-32.94869505707,-60.668743822791","['9 de Julio', 'Vera Mujíca']",2,,-32.94869505707,-60.668743822791,55.0,538.0,Municipio Rosario,Municipio,Rosario,820210,Servicio de Catastro e Información Territorial,IGN
2020,8024,2020-11-13,Viernes,,,,0.0,1,Otros, ,1,1,0,0,0,0,0,"-32.9588, -60.69398",Avenida,,ROSARIO,Rosario,S/D,S/D,II,S/D,S/D,S/D,S/D,S/D,S/D,S/D,S/D,S/D,S/D,S/D,Otro,S/D,S/D,S/D,S/D,"-32.9588, -60.69398",[''],0,,-32.9588,-60.69398,55.0,538.0,Municipio Rosario,Municipio,Rosario,820210,Servicio de Catastro e Información Territorial,IGN
2020,8025,2020-11-18,Miercoles,,12:30:00,,0.0,2,"Moto/Ciclomotor,Moto/Ciclomotor",Garay Y Matienzo,2,2,0,0,0,0,0,"-32.965801520375,-60.693702086134",Calle,,ROSARIO,Rosario,Asfalto,No existe,II,Dentro,Urbana,Ninguna,No existe,Intersección,Bueno,Buena,Diurna,Buen Tiempo,S/D,S/D,Colisión,Ninguna,Faltante,"Ninguna,S/D",Sin restricción,"-32.965801520375,-60.693702086134","['Garay', 'Matienzo']",2,,-32.965801520375,-60.693702086134,55.0,538.0,Municipio Rosario,Municipio,Rosario,820210,Servicio de Catastro e Información Territorial,IGN
2020,8026,2020-11-16,Lunes,,16:30:00,,0.0,1,Moto/Ciclomotor,Av. Pellegrini Y Cullen,1,1,0,0,0,0,0,"-32.948410510835,-60.708795109082",Avenida,,ROSARIO,Rosario,Asfalto,No existe,II,Dentro,Urbana,Semáforo,Funciona,Intersección,Bueno,Buena,Diurna,Buen Tiempo,S/D,S/D,Colisión,Ninguna,"Horizontal,Vertical","Cordón divisorio,Línea divisoria pintada,S/D",Sin restricción,"-32.948410510835,-60.708795109082","['Pellegrini', 'Cullen']",2,,-32.948410510835,-60.708795109082,55.0,538.0,Municipio Rosario,Municipio,Rosario,820210,Servicio de Catastro e Información Territorial,IGN
2020,8028,2020-11-12,Jueves,,00:05:00,,0.0,1,Bicicleta,Balcarce Y Uruguay,1,1,0,0,0,0,0,"-32.974311970665,-60.659585061082",Calle,,ROSARIO,Rosario,Asfalto,No existe,II,Dentro,Urbana,Ninguna,No existe,Intersección,Bueno,S/D,Nocturna,S/D,S/D,S/D,Otro,S/D,Faltante,"Ninguna,S/D",S/D,"-32.974311970665,-60.659585061082","['Balcarce', 'Uruguay']",2,,-32.974311970665,-60.659585061082,55.0,538.0,Municipio Rosario,Municipio,Rosario,820210,Servicio de Catastro e Información Territorial,IGN
2020,8030,2020-11-13,Viernes,,11:30:00,,0.0,1,Moto/Ciclomotor,P.L.Funes Y Urquiza,1,1,0,0,0,0,0,"-32.933106069639,-60.701489501241",Calle,,ROSARIO,Rosario,Asfalto,No existe,II,Dentro,Urbana,Ninguna,No existe,Intersección,Bueno,S/D,Diurna,S/D,S/D,S/D,Otro,S/D,Faltante,"Ninguna,S/D",S/D,"-32.933106069639,-60.701489501241","['Funes', 'Urquiza']",2,,-32.933106069639,-60.701489501241,55.0,538.0,Municipio Rosario,Municipio,Rosario,820210,Servicio de Catastro e Información Territorial,IGN
2020,8031,2020-11-16,Lunes,,07:00:00,,0.0,1,Automóvil,Av. Francia Y San Juan,1,1,0,0,0,0,0,"-32.945237110795,-60.666565693148",Avenida,,ROSARIO,Rosario,Asfalto,No existe,II,Dentro,Urbana,Semáforo,Funciona,Intersección,Bueno,Buena,Diurna,Buen Tiempo,S/D,S/D,Colisión,Ninguna,"Horizontal,Vertical","Cordón divisorio,Vegetación,Línea divisoria pintada,S/D",Sin restricción,"-32.945237110795,-60.666565693148","['Avenida Francia', 'San Juan']",2,,-32.945237110795,-60.666565693148,55.0,538.0,Municipio Rosario,Municipio,Rosario,820210,Servicio de Catastro e Información Territorial,IGN
2020,8032,2020-11-18,Miercoles,,11:00:00,,0.0,1,Moto/Ciclomotor,Av. Luis Carballo Y Ing.Thedy Bis,1,1,0,0,0,0,0,"-32.923435350486,-60.665473238876",Avenida,,ROSARIO,Rosario,Asfalto,No existe,II,Dentro,Urbana,Semáforo,Funciona,Intersección,Bueno,Buena,Diurna,Buen Tiempo,S/D,S/D,Colisión,Ninguna,"Horizontal,Vertical","Cordón divisorio,Vegetación,S/D",Sin restricción,"-32.923435350486,-60.665473238876","['Avenida Doctor Luis Cándido Carballo', 'Thedy']",2,,-32.923435350486,-60.665473238876,55.0,538.0,Municipio Rosario,Municipio,Rosario,820210,Servicio de Catastro e Información Territorial,IGN
2020,8034,2020-11-18,Miercoles,,,,0.0,1,Automóvil, ,1,1,0,0,0,0,0,"-32.95643, -60.69418",S/D,,ROSARIO,Rosario,S/D,S/D,II,S/D,S/D,S/D,S/D,S/D,S/D,S/D,S/D,S/D,S/D,S/D,Otro,S/D,S/D,S/D,S/D,"-32.95643, -60.69418",[''],0,,-32.95643,-60.69418,55.0,538.0,Municipio Rosario,Municipio,Rosario,820210,Servicio de Catastro e Información Territorial,IGN
2020,8035,2020-11-18,Miercoles,,,,0.0,1,Otros, ,1,1,0,0,0,0,0,"-32.95643, -60.69418",S/D,,ROSARIO,Rosario,S/D,S/D,II,S/D,S/D,S/D,S/D,S/D,S/D,S/D,S/D,S/D,S/D,S/D,Otro,S/D,S/D,S/D,S/D,"-32.95643, -60.69418",[''],0,,-32.95643,-60.69418,55.0,538.0,Municipio Rosario,Municipio,Rosario,820210,Servicio de Catastro e Información Territorial,IGN
2020,8036,2020-11-18,Miercoles,,08:30:00,,0.0,1,Bicicleta,Av. Provincias Unidas Y Bv. 27 De Febrero,1,1,0,0,0,0,0,"-32.95936256647111,-60.711733996868",Avenida,,ROSARIO,Rosario,Asfalto,No existe,II,Dentro,Urbana,Semáforo,Funciona,Intersección,S/D,S/D,Diurna,S/D,S/D,S/D,Cañda ocupante,S/D,"Horizontal,Vertical","Cordón divisorio,S/D",S/D,"-32.95936256647111,-60.711733996868","['Avenida Provincias Unidas', '27 de Febrero']",2,,-32.95936256647111,-60.711733996868,55.0,538.0,Municipio Rosario,Municipio,Rosario,820210,Servicio de Catastro e Información Territorial,IGN
2020,8037,2020-11-18,Miercoles,,08:00:00,,0.0,1,Automóvil,Av. Pellegrini Y Constitucion,1,1,0,0,0,0,0,"-32.95081436634064,-60.676403939723",Avenida,,ROSARIO,Rosario,Asfalto,No existe,II,Dentro,Urbana,Semáforo,Funciona,Intersección,S/D,S/D,Nocturna,S/D,S/D,S/D,Otro,S/D,"Horizontal,Vertical","Cordón divisorio,S/D",S/D,"-32.95081436634064,-60.676403939723","['Pellegrini', 'Constitución']",2,,-32.95081436634064,-60.676403939723,55.0,538.0,Municipio Rosario,Municipio,Rosario,820210,Servicio de Catastro e Información Territorial,IGN
2020,8039,2020-11-19,Jueves,,18:29:00,,0.0,1,Bicicleta,Av. Ovidio Lagos Y Av. Uriburu,1,0,1,0,0,0,0,"-32.99161, -60.67327",S/D,,ROSARIO,Rosario,S/D,S/D,II,S/D,S/D,S/D,S/D,S/D,S/D,S/D,S/D,S/D,S/D,Ciclista,"Atropello,Otro",S/D,S/D,S/D,S/D,"-32.99161, -60.67327","['Avenida Ovidio Lagos', 'Uriburu']",2,,-32.99161,-60.67327,55.0,538.0,Municipio Rosario,Municipio,Rosario,820210,Servicio de Catastro e Información Territorial,IGN
2020,8040,2020-07-23,Jueves,,16:00:00,,0.0,1,Moto/Ciclomotor,Bv. 27 De Febrero Y Iriondo,1,1,0,0,0,0,0,"-32.95883, -60.693",Calle,,ROSARIO,Rosario,Asfalto,S/D,II,Dentro,Urbana,S/D,S/D,Intersección,S/D,S/D,Diurna,S/D,S/D,S/D,S/D,S/D,S/D,S/D,S/D,"-32.95883, -60.693","['27 de Febrero', 'Iriondo']",2,,-32.95883,-60.693,55.0,538.0,Municipio Rosario,Municipio,Rosario,820210,Servicio de Catastro e Información Territorial,IGN
2020,8041,2020-07-23,Jueves,,16:45:00,,0.0,1,Moto/Ciclomotor,Laprida ,1,1,0,0,0,0,0,"-32.95883, -60.693",Calle,,ROSARIO,Rosario,Asfalto,S/D,II,Dentro,Urbana,S/D,S/D,Intersección,S/D,S/D,Nocturna,S/D,S/D,S/D,S/D,S/D,S/D,S/D,S/D,"-32.95883, -60.693",['Laprida'],1,,-32.95883,-60.693,55.0,538.0,Municipio Rosario,Municipio,Rosario,820210,Servicio de Catastro e Información Territorial,IGN
2020,8042,2020-07-23,Jueves,,21:30:00,,0.0,2,"Bicicleta,Otros",Matienzo Y Junin,2,1,0,0,0,0,1,"    -32.92715, -60.69521",Calle,,ROSARIO,Rosario,S/D,S/D,II,Dentro,Urbana,S/D,S/D,Intersección,S/D,S/D,Nocturna,S/D,S/D,Ciclista,Atropello,S/D,S/D,S/D,S/D,"    -32.92715, -60.69521","['Matienzo', 'Junín']",2,,-32.92715,-60.69521,55.0,538.0,Municipio Rosario,Municipio,Rosario,820210,Servicio de Catastro e Información Territorial,IGN
2020,8043,2020-11-20,Viernes,,12:29:00,,0.0,1,Moto/Ciclomotor,Medrano Y Castagnino,1,1,0,0,0,0,0,"-32.89922, -60.70039",S/D,,ROSARIO,Rosario,S/D,S/D,II,S/D,S/D,S/D,S/D,S/D,S/D,S/D,S/D,S/D,S/D,S/D,Otro,S/D,S/D,S/D,S/D,"-32.89922, -60.70039","['Medrano', 'Castagnino']",2,,-32.89922,-60.70039,55.0,538.0,Municipio Rosario,Municipio,Rosario,820210,Servicio de Catastro e Información Territorial,IGN
2020,8044,2020-11-20,Viernes,,19:00:00,,0.0,1,Moto/Ciclomotor,L.Braile Y Darragueira,1,1,0,0,0,0,0,"-32.88289, -60.69712",S/D,,ROSARIO,Rosario,S/D,S/D,II,S/D,S/D,S/D,S/D,S/D,S/D,S/D,S/D,S/D,S/D,S/D,Otro,S/D,S/D,S/D,S/D,"-32.88289, -60.69712","['Braile', 'José Darragueira']",2,,-32.88289,-60.69712,55.0,538.0,Municipio Rosario,Municipio,Rosario,820210,Servicio de Catastro e Información Territorial,IGN
2020,8045,2020-11-20,Viernes,,21:20:00,,0.0,1,Bicicleta,Rep.Dominicana Y Pje. De Pinedo,1,0,1,0,0,0,0,"-32.9224, -60.69064",S/D,,ROSARIO,Rosario,S/D,S/D,II,S/D,S/D,S/D,S/D,S/D,S/D,S/D,S/D,S/D,S/D,Ciclista,"Atropello,Otro",S/D,S/D,S/D,S/D,"-32.9224, -60.69064","['República Dominicana', 'Pasaje De Pinedo']",2,,-32.9224,-60.69064,55.0,538.0,Municipio Rosario,Municipio,Rosario,820210,Servicio de Catastro e Información Territorial,IGN
2020,8046,2020-07-23,Jueves,,21:15:00,,0.0,1,Moto/Ciclomotor,Castellanos Y Centeno,1,1,0,0,0,0,0,"-32.95883, -60.693",Calle,,ROSARIO,Rosario,Asfalto,S/D,II,Dentro,Urbana,S/D,S/D,Intersección,S/D,S/D,S/D,S/D,S/D,S/D,S/D,S/D,S/D,S/D,S/D,"-32.95883, -60.693","['Aaron Castellanos', 'Centeno']",2,,-32.95883,-60.693,55.0,538.0,Municipio Rosario,Municipio,Rosario,820210,Servicio de Catastro e Información Territorial,IGN
2020,8048,2020-07-24,Viernes,,16:00:00,,0.0,1,Automóvil,Bv. Avellaneda ,1,1,0,0,0,0,0,"-32.95883, -60.693",Avenida,,ROSARIO,Rosario,Asfalto,S/D,II,Dentro,Urbana,S/D,Intermitente,Intersección,S/D,S/D,Diurna,S/D,S/D,S/D,S/D,S/D,S/D,S/D,S/D,"-32.95883, -60.693",['Avellaneda'],1,,-32.95883,-60.693,55.0,538.0,Municipio Rosario,Municipio,Rosario,820210,Servicio de Catastro e Información Territorial,IGN
2020,8049,2020-07-24,Viernes,,09:05:00,,0.0,2,"Otros,Peatón",Bv. Avellaneda Y Bv. 27 De Febrero,2,1,0,0,0,0,1,"-32.95883, -60.693",Avenida,,ROSARIO,Rosario,Asfalto,S/D,II,Dentro,Urbana,S/D,S/D,Intersección,Bueno,S/D,Diurna,S/D,S/D,Peatón,Atropello,S/D,S/D,S/D,S/D,"-32.95883, -60.693","['Avellaneda', '27 de Febrero']",2,,-32.95883,-60.693,55.0,538.0,Municipio Rosario,Municipio,Rosario,820210,Servicio de Catastro e Información Territorial,IGN
2020,8050,2020-11-20,Viernes,,19:14:00,,0.0,1,Moto/Ciclomotor,Mejico Y J.B.Justo,1,1,0,0,0,0,0,"-32.91511, -60.71947",S/D,,ROSARIO,Rosario,S/D,S/D,II,S/D,S/D,S/D,S/D,S/D,S/D,S/D,S/D,S/D,S/D,S/D,Otro,S/D,S/D,S/D,S/D,"-32.91511, -60.71947","['Mejico', 'Justo']",2,,-32.91511,-60.71947,55.0,538.0,Municipio Rosario,Municipio,Rosario,820210,Servicio de Catastro e Información Territorial,IGN
2020,8052,2020-11-21,Sabado,,01:30:00,,0.0,1,Moto/Ciclomotor,Mendoza 9900,1,1,0,0,0,0,0,"-32.94427, -60.68043",S/D,,ROSARIO,Rosario,S/D,S/D,II,S/D,S/D,S/D,S/D,S/D,S/D,S/D,S/D,S/D,S/D,S/D,Otro,S/D,S/D,S/D,S/D,"-32.94427, -60.68043",['Mendoza 9900'],1,,-32.94427,-60.68043,55.0,538.0,Municipio Rosario,Municipio,Rosario,820210,Servicio de Catastro e Información Territorial,IGN
2020,8053,2020-07-24,Viernes,,10:30:00,,0.0,1,Moto/Ciclomotor,Pte.Roca Y Ocampo,1,1,0,0,0,0,0,"-32.95883, -60.693",Calle,,ROSARIO,Rosario,Asfalto,S/D,II,Dentro,Urbana,S/D,S/D,Intersección,S/D,S/D,Diurna,S/D,S/D,S/D,S/D,S/D,S/D,S/D,S/D,"-32.95883, -60.693","['Roca', 'Ocampo']",2,,-32.95883,-60.693,55.0,538.0,Municipio Rosario,Municipio,Rosario,820210,Servicio de Catastro e Información Territorial,IGN
2020,8055,2020-11-21,Sabado,,07:59:00,,0.0,1,Moto/Ciclomotor, ,1,0,1,0,0,0,0,"-32.95846, -60.69045",S/D,,ROSARIO,Rosario,S/D,S/D,II,S/D,S/D,S/D,S/D,S/D,S/D,S/D,S/D,S/D,S/D,S/D,Otro,S/D,S/D,S/D,S/D,"-32.95846, -60.69045",[''],0,,-32.95846,-60.69045,55.0,538.0,Municipio Rosario,Municipio,Rosario,820210,Servicio de Catastro e Información Territorial,IGN
2020,8056,2020-07-24,Viernes,,17:30:00,,0.0,1,Tracción animal / Carro, ,1,1,0,0,0,0,0,"-32.95883, -60.693",S/D,,ROSARIO,Rosario,S/D,S/D,II,S/D,S/D,S/D,S/D,S/D,S/D,S/D,Diurna,S/D,S/D,S/D,S/D,S/D,S/D,S/D,S/D,"-32.95883, -60.693",[''],0,,-32.95883,-60.693,55.0,538.0,Municipio Rosario,Municipio,Rosario,820210,Servicio de Catastro e Información Territorial,IGN
2020,8057,2020-07-24,Viernes,,21:45:00,,0.0,1,Automóvil, ,1,1,0,0,0,0,0,"-32.95883, -60.693",S/D,,ROSARIO,Rosario,S/D,S/D,II,S/D,S/D,S/D,S/D,S/D,S/D,S/D,Diurna,S/D,S/D,S/D,S/D,S/D,S/D,S/D,S/D,"-32.95883, -60.693",[''],0,,-32.95883,-60.693,55.0,538.0,Municipio Rosario,Municipio,Rosario,820210,Servicio de Catastro e Información Territorial,IGN
2020,8058,2020-11-22,Domingo,,08:19:00,,0.0,1,Moto/Ciclomotor,Av. Jorge Newbery Y Donado,1,1,0,0,0,0,0,"-32.90845, -60.72848",S/D,,ROSARIO,Rosario,S/D,S/D,II,S/D,S/D,S/D,S/D,S/D,S/D,S/D,S/D,S/D,S/D,S/D,Otro,S/D,S/D,S/D,S/D,"-32.90845, -60.72848","['Jorge Newbery', 'Donado']",2,,-32.90845,-60.72848,55.0,538.0,Municipio Rosario,Municipio,Rosario,820210,Servicio de Catastro e Información Territorial,IGN
2020,8059,2020-07-24,Viernes,,22:10:00,,0.0,2,"Peatón,Otros",Roullon Y Bv. Segui,2,1,0,0,0,0,1,"-32.95883, -60.693",Calle,,ROSARIO,Rosario,Asfalto,S/D,II,Dentro,Urbana,S/D,S/D,Intersección,S/D,S/D,Diurna,S/D,S/D,Peatón,Atropello,S/D,S/D,S/D,S/D,"-32.95883, -60.693","['Alfredo Rouillón', 'Bulevar Juan Francisco Seguí']",2,,-32.95883,-60.693,55.0,538.0,Municipio Rosario,Municipio,Rosario,820210,Servicio de Catastro e Información Territorial,IGN
2020,8062,2020-07-25,Sabado,,10:00:00,,0.0,1,Automóvil,Viamonte Y Av. Corrientes,1,1,0,0,0,0,0,"    -32.96458, -60.64707",Calle,,ROSARIO,Rosario,Asfalto,S/D,II,Dentro,Urbana,S/D,S/D,Intersección,S/D,S/D,Diurna,S/D,S/D,S/D,S/D,S/D,S/D,S/D,S/D,"    -32.96458, -60.64707","['Viamonte', 'Corrientes']",2,,-32.96458,-60.64707,55.0,538.0,Municipio Rosario,Municipio,Rosario,820210,Servicio de Catastro e Información Territorial,IGN
2020,8064,2020-06-01,Lunes,,18:30:00,,0.0,1,Moto/Ciclomotor,Dr.Rivas Y Pje. Espinillo,1,1,0,0,0,0,0,"-32.975610, -60.698935",Calle,,ROSARIO,Rosario,Asfalto,No existe,II,Dentro,Urbana,Ninguna,No existe,Intersección,S/D,S/D,Diurna,S/D,S/D,S/D,Otro,S/D,Faltante,Ninguna,S/D,"-32.975610, -60.698935","['Doctor Francisco Riva', 'Espinillo']",2,,-32.97561,-60.698935,55.0,538.0,Municipio Rosario,Municipio,Rosario,820210,Servicio de Catastro e Información Territorial,IGN
2020,8065,2020-06-02,Martes,,21:00:00,,0.0,1,Bicicleta,Av. Arijon 2400,1,1,0,0,0,0,0,"-33.003540717846,-60.667657111801",Avenida,,ROSARIO,Rosario,Asfalto,No existe,II,Dentro,Urbana,Paso Peatonal,No existe,Recta,S/D,S/D,Nocturna,S/D,S/D,S/D,Cañda ocupante,S/D,Horizontal,Línea divisoria pintada,S/D,"-33.003540717846,-60.667657111801",['Arijon 2400'],1,,-33.003540717846,-60.667657111801,55.0,538.0,Municipio Rosario,Municipio,Rosario,820210,Servicio de Catastro e Información Territorial,IGN
2020,8066,2020-06-04,Jueves,,15:00:00,,0.0,1,Bicicleta,Av. Pellegrini Y Cafferata,1,1,0,0,0,0,0,"-32.951485546471,-60.673704787978",Avenida,,ROSARIO,Rosario,Asfalto,No existe,II,Dentro,Urbana,Semáforo,Funciona,Intersección,S/D,S/D,Diurna,S/D,S/D,S/D,Cañda ocupante,S/D,"Horizontal,Vertical","Cordón divisorio,Línea divisoria pintada",S/D,"-32.951485546471,-60.673704787978","['Pellegrini', 'Cafferata']",2,,-32.951485546471,-60.673704787978,55.0,538.0,Municipio Rosario,Municipio,Rosario,820210,Servicio de Catastro e Información Territorial,IGN
2020,8067,2020-06-09,Martes,,15:00:00,,0.0,1,Moto/Ciclomotor,Av. Alberdi Bis 4100,1,1,0,0,0,0,0,"-32.915165, -60.685678",Avenida,,ROSARIO,Rosario,Asfalto,No existe,II,Dentro,Urbana,Semáforo,Funciona,Recta,S/D,S/D,Diurna,S/D,S/D,S/D,Otro,S/D,"Horizontal,Vertical","Cordón divisorio,Línea divisoria pintada",S/D,"-32.915165, -60.685678",['Alberdi Bis 4100'],1,,-32.915165,-60.685678,55.0,538.0,Municipio Rosario,Municipio,Rosario,820210,Servicio de Catastro e Información Territorial,IGN
2020,8069,2020-06-11,Jueves,,23:00:00,,0.0,1,Moto/Ciclomotor,Galvez Y Tte.Agneta,1,1,0,0,0,0,0,"-32.96005725860596,-60.699073970317",Calle,,ROSARIO,Rosario,Asfalto,No existe,II,Dentro,Urbana,Ninguna,No existe,Intersección,S/D,S/D,Nocturna,S/D,S/D,S/D,Otro,S/D,Faltante,Ninguna,S/D,"-32.96005725860596,-60.699073970317","['Galvez', 'Teniente Agneta']",2,,-32.96005725860596,-60.699073970317,55.0,538.0,Municipio Rosario,Municipio,Rosario,820210,Servicio de Catastro e Información Territorial,IGN
2020,8070,2020-11-23,Lunes,,08:30:00,,0.0,1,Moto/Ciclomotor,Vera Mujica Y Lamadrid,1,0,1,0,0,0,0,"-32.99809, -60.67934",S/D,,ROSARIO,Rosario,S/D,S/D,II,S/D,S/D,S/D,S/D,S/D,S/D,S/D,S/D,S/D,S/D,S/D,Otro,S/D,S/D,S/D,S/D,"-32.99809, -60.67934","['Vera Mujíca', 'Lamadrid']",2,,-32.99809,-60.67934,55.0,538.0,Municipio Rosario,Municipio,Rosario,820210,Servicio de Catastro e Información Territorial,IGN
2020,8071,2020-06-13,Sabado,,17:00:00,,0.0,1,Bicicleta,Mendoza ,1,1,0,0,0,0,0,"-32.940943421301,-60.698632430079",Calle,,ROSARIO,Rosario,Asfalto,S/D,II,Dentro,Urbana,S/D,S/D,S/D,S/D,S/D,Diurna,S/D,S/D,S/D,Cañda ocupante,S/D,S/D,S/D,S/D,"-32.940943421301,-60.698632430079",['Mendoza'],1,,-32.940943421301,-60.698632430079,55.0,538.0,Municipio Rosario,Municipio,Rosario,820210,Servicio de Catastro e Información Territorial,IGN
2020,8072,2020-11-23,Lunes,,07:59:00,,0.0,1,Moto/Ciclomotor,Grandoli Y J.M.Gutierrez,1,0,1,0,0,0,0,"-32.99341, -60.62875",S/D,,ROSARIO,Rosario,S/D,S/D,II,S/D,S/D,S/D,S/D,S/D,S/D,S/D,S/D,S/D,S/D,S/D,Otro,S/D,S/D,S/D,S/D,"-32.99341, -60.62875","['Avenida Abanderado Grandoli', 'Gutierrez']",2,,-32.99341,-60.62875,55.0,538.0,Municipio Rosario,Municipio,Rosario,820210,Servicio de Catastro e Información Territorial,IGN
2020,8073,2020-06-24,Miercoles,,00:00:00,,0.0,1,Bicicleta,Italia Y San Lorenzo,1,1,0,0,0,0,0,"-32.942397594451926,-60.64729392528",Calle,,ROSARIO,Rosario,Asfalto,No existe,II,Dentro,Urbana,Semáforo,Funciona,Intersección,S/D,S/D,Nocturna,S/D,S/D,S/D,Cañda ocupante,S/D,"Horizontal,Vertical",Ninguna,S/D,"-32.942397594451926,-60.64729392528","['Italia', 'San Lorenzo']",2,,-32.942397594451926,-60.64729392528,55.0,538.0,Municipio Rosario,Municipio,Rosario,820210,Servicio de Catastro e Información Territorial,IGN
2020,8074,2020-11-23,Lunes,,09:00:00,,0.0,1,Moto/Ciclomotor, ,1,0,1,0,0,0,0,"-32.95896, -60.69656",S/D,,ROSARIO,Rosario,S/D,S/D,II,S/D,S/D,S/D,S/D,S/D,S/D,S/D,S/D,S/D,S/D,S/D,Otro,S/D,S/D,S/D,S/D,"-32.95896, -60.69656",[''],0,,-32.95896,-60.69656,55.0,538.0,Municipio Rosario,Municipio,Rosario,820210,Servicio de Catastro e Información Territorial,IGN
2020,8075,2020-09-19,Sabado,,16:15:00,,0.0,1,Moto/Ciclomotor,Barra Y Zuviria,1,1,0,0,0,0,0,"-32.936769420723,-60.706976772873",Calle,,ROSARIO,Rosario,Asfalto,No existe,II,Dentro,Urbana,Ninguna,No existe,Intersección,S/D,S/D,Diurna,S/D,S/D,S/D,Otro,S/D,Faltante,Ninguna,S/D,"-32.936769420723,-60.706976772873","['Barra', 'Zuviría']",2,,-32.936769420723,-60.706976772873,55.0,538.0,Municipio Rosario,Municipio,Rosario,820210,Servicio de Catastro e Información Territorial,IGN
2020,8077,2020-11-24,Martes,,13:00:00,,0.0,2,"Moto/Ciclomotor,Moto/Ciclomotor",Bv. Segui Y J.M.de Rosas,2,2,0,0,0,0,0,"-32.98043, -60.6395",S/D,,ROSARIO,Rosario,S/D,S/D,II,S/D,S/D,S/D,S/D,S/D,S/D,S/D,S/D,S/D,S/D,S/D,Otro,S/D,S/D,S/D,S/D,"-32.98043, -60.6395","['Bulevar Juan Francisco Seguí', 'De Rosas']",2,,-32.98043,-60.6395,55.0,538.0,Municipio Rosario,Municipio,Rosario,820210,Servicio de Catastro e Información Territorial,IGN
2020,8078,2020-11-24,Martes,,17:30:00,,0.0,1,Bicicleta,BV. SEGUI Y JUAN PABLO II,1,1,0,0,0,0,0,"-32.97301, -60.68042",S/D,,ROSARIO,Rosario,S/D,S/D,II,S/D,S/D,S/D,S/D,S/D,S/D,S/D,S/D,S/D,S/D,Ciclista,"Atropello,Otro",S/D,S/D,S/D,S/D,"-32.97301, -60.68042","['Bulevar Juan Francisco Seguí', 'Juan Pablo II']",2,,-32.97301,-60.68042,55.0,538.0,Municipio Rosario,Municipio,Rosario,820210,Servicio de Catastro e Información Territorial,IGN
2020,8079,2020-11-24,Martes,,19:30:00,,0.0,1,Otros,Av. Circunvalacion Y Av. Uriburu,1,1,0,0,0,0,0,"-32.99236, -60.70276",S/D,,ROSARIO,Rosario,S/D,S/D,II,S/D,S/D,S/D,S/D,S/D,S/D,S/D,S/D,S/D,S/D,S/D,Otro,S/D,S/D,S/D,S/D,"-32.99236, -60.70276","['Circunvalacion', 'Uriburu']",2,,-32.99236,-60.70276,55.0,538.0,Municipio Rosario,Municipio,Rosario,820210,Servicio de Catastro e Información Territorial,IGN
2020,8080,2020-07-25,Sabado,,16:30:00,,0.0,2,"Peatón,Otros",Vera Mujica Y Cordoba,2,1,0,0,0,0,1,"-32.95883, -60.693",Calle,,ROSARIO,Rosario,Asfalto,S/D,II,Dentro,Urbana,S/D,S/D,Intersección,S/D,S/D,Diurna,S/D,S/D,Peatón,Atropello,S/D,S/D,S/D,S/D,"-32.95883, -60.693","['Vera Mujíca', 'Córdoba']",2,,-32.95883,-60.693,55.0,538.0,Municipio Rosario,Municipio,Rosario,820210,Servicio de Catastro e Información Territorial,IGN
2020,8082,2020-11-24,Martes,,15:00:00,,0.0,1,Peatón,Bv. Oroño Y Av. Lugones,1,1,0,0,0,0,0,"-32.95835, -60.65702",S/D,,ROSARIO,Rosario,S/D,S/D,II,S/D,S/D,S/D,S/D,S/D,S/D,S/D,S/D,S/D,S/D,Peatón,"Atropello,Otro",S/D,S/D,S/D,S/D,"-32.95835, -60.65702","['Bulevar Nicasio Oroño', 'Lugones']",2,,-32.95835,-60.65702,55.0,538.0,Municipio Rosario,Municipio,Rosario,820210,Servicio de Catastro e Información Territorial,IGN
2020,8083,2020-11-24,Martes,,21:29:00,,0.0,1,Moto/Ciclomotor, ,1,1,0,0,0,0,0,"-32.95886, -60.69395",S/D,,ROSARIO,Rosario,S/D,S/D,II,S/D,S/D,S/D,S/D,S/D,S/D,S/D,S/D,S/D,S/D,S/D,Otro,S/D,S/D,S/D,S/D,"-32.95886, -60.69395",[''],0,,-32.95886,-60.69395,55.0,538.0,Municipio Rosario,Municipio,Rosario,820210,Servicio de Catastro e Información Territorial,IGN
2020,8085,2020-11-25,Miercoles,,00:00:00,,0.0,1,Moto/Ciclomotor,San Martin Y Garay,1,1,0,0,0,0,0,"-32.97477, -60.6437",S/D,,ROSARIO,Rosario,S/D,S/D,II,S/D,S/D,S/D,S/D,S/D,S/D,S/D,S/D,S/D,S/D,S/D,Otro,S/D,S/D,S/D,S/D,"-32.97477, -60.6437","['San Martin', 'Garay']",2,,-32.97477,-60.6437,55.0,538.0,Municipio Rosario,Municipio,Rosario,820210,Servicio de Catastro e Información Territorial,IGN
2020,8086,2020-11-25,Miercoles,,07:59:00,,0.0,1,Moto/Ciclomotor,Pte.Roca Y Riobamba,1,1,0,0,0,0,0,"-32.96183, -60.6493",S/D,,ROSARIO,Rosario,S/D,S/D,II,S/D,S/D,S/D,S/D,S/D,S/D,S/D,S/D,S/D,S/D,S/D,Otro,S/D,S/D,S/D,S/D,"-32.96183, -60.6493","['Roca', 'Riobamba']",2,,-32.96183,-60.6493,55.0,538.0,Municipio Rosario,Municipio,Rosario,820210,Servicio de Catastro e Información Territorial,IGN