anio_acci,nro_acci,fecha,desc_dia,fecha_aprox,hora_aprox,desc_ruta,km,cant_participantes,desc_participante,calle_avenida_km,total,heridos_leves,heridos_graves,heridos_gravisimos,ilesos,fallecidos,sin_datos,posicion_XY,desc_tipo_via,desc_ruta_ori,desc_loc,desc_dpto,desc_tipo_calzada,desc_tipo_banquina,desc_unidad_regional,desc_lugar_calzada,desc_zona,desc_prioridad,desc_estado_semaforo,desc_lugar_via,desc_estado_via,desc_estado_visibilidad,desc_luminosidad,desc_estado_clima,desc_tipo_colision,desc_tipo_atropello,desc_tipo_hecho,desc_pres_calzada,desc_senializacion,desc_separacion_via,desc_restriccion,forma_geocod,calle_lista,numero_calles,calles_osm,lat,lon,index_right,gid,fna,gna,nam,in1,fdc,sag
2020,8087,2020-11-25,Miercoles,,10:00:00,,0.0,1,Moto/Ciclomotor, ,1,1,0,0,0,0,0,"-32.95652, -60.69011",S/D,,ROSARIO,Rosario,S/D,S/D,II,S/D,S/D,S/D,S/D,S/D,S/D,S/D,S/D,S/D,S/D,S/D,Otro,S/D,S/D,S/D,S/D,"-32.95652, -60.69011",[''],0,,-32.95652,-60.69011,55.0,538.0,Municipio Rosario,Municipio,Rosario,820210,Servicio de Catastro e Información Territorial,IGN
2020,8088,2020-11-25,Miercoles,,14:44:00,,0.0,1,Bicicleta,Garzon Y Velez Sarsfield,1,0,1,0,0,0,0,"-32.9259, -60.70627",S/D,,ROSARIO,Rosario,S/D,S/D,II,S/D,S/D,S/D,S/D,S/D,S/D,S/D,S/D,S/D,S/D,Ciclista,"Atropello,Otro",S/D,S/D,S/D,S/D,"-32.9259, -60.70627","['Garzón', 'Vélez Sarsfield']",2,,-32.9259,-60.70627,55.0,538.0,Municipio Rosario,Municipio,Rosario,820210,Servicio de Catastro e Información Territorial,IGN
2020,8089,2020-11-25,Miercoles,,22:00:00,,0.0,1,Automóvil, ,1,0,1,0,0,0,0,"-32.95643, -60.69418",S/D,,ROSARIO,Rosario,S/D,S/D,II,S/D,S/D,S/D,S/D,S/D,S/D,S/D,S/D,S/D,S/D,S/D,Otro,S/D,S/D,S/D,S/D,"-32.95643, -60.69418",[''],0,,-32.95643,-60.69418,55.0,538.0,Municipio Rosario,Municipio,Rosario,820210,Servicio de Catastro e Información Territorial,IGN
2020,8090,2020-11-27,Viernes,,18:00:00,,0.0,1,Moto/Ciclomotor,Matienzo Y Junin,1,0,1,0,0,0,0,"-32.92717, -60.69522",S/D,,ROSARIO,Rosario,S/D,S/D,II,S/D,S/D,S/D,S/D,S/D,S/D,S/D,S/D,S/D,S/D,S/D,Otro,S/D,S/D,S/D,S/D,"-32.92717, -60.69522","['Matienzo', 'Junín']",2,,-32.92717,-60.69522,55.0,538.0,Municipio Rosario,Municipio,Rosario,820210,Servicio de Catastro e Información Territorial,IGN
2020,8091,2020-11-27,Viernes,,,,0.0,1,Moto/Ciclomotor,Salvat Y Villa del Parque,1,1,0,0,0,0,0,"-32.88364, -60.72822",S/D,,ROSARIO,Rosario,S/D,S/D,II,S/D,S/D,S/D,S/D,S/D,S/D,S/D,S/D,S/D,S/D,S/D,Otro,S/D,S/D,S/D,S/D,"-32.88364, -60.72822","['Salvat', 'Villa del Parque']",2,,-32.88364,-60.72822,55.0,538.0,Municipio Rosario,Municipio,Rosario,820210,Servicio de Catastro e Información Territorial,IGN
2020,8093,2020-11-28,Sabado,,00:00:00,,0.0,1,Moto/Ciclomotor,Saavedra Y Cafferata,1,0,1,0,0,0,0,"-32.97209, -60.67892",S/D,,ROSARIO,Rosario,S/D,S/D,II,S/D,S/D,S/D,S/D,S/D,S/D,S/D,S/D,S/D,S/D,S/D,Otro,S/D,S/D,S/D,S/D,"-32.97209, -60.67892","['Saavedra', 'Cafferata']",2,,-32.97209,-60.67892,55.0,538.0,Municipio Rosario,Municipio,Rosario,820210,Servicio de Catastro e Información Territorial,IGN
2020,8094,2020-11-28,Sabado,,06:00:00,,0.0,1,Moto/Ciclomotor,Tucuman Y Entre Rios,1,0,1,0,0,0,0,"-32.94134, -60.63978",S/D,,ROSARIO,Rosario,S/D,S/D,II,S/D,S/D,S/D,S/D,S/D,S/D,S/D,S/D,S/D,S/D,S/D,Otro,S/D,S/D,S/D,S/D,"-32.94134, -60.63978","['Tucumán', 'Entre Ríos']",2,,-32.94134,-60.63978,55.0,538.0,Municipio Rosario,Municipio,Rosario,820210,Servicio de Catastro e Información Territorial,IGN
2020,8095,2020-11-28,Sabado,,19:00:00,,0.0,1,Moto/Ciclomotor,Cochabamba Y Mariano Moreno,1,1,0,0,0,0,0,"-32.95623, -60.65358",S/D,,ROSARIO,Rosario,S/D,S/D,II,S/D,S/D,S/D,S/D,S/D,S/D,S/D,S/D,S/D,S/D,S/D,Otro,S/D,S/D,S/D,S/D,"-32.95623, -60.65358","['Cochabamba', 'Mariano Moreno']",2,,-32.95623,-60.65358,55.0,538.0,Municipio Rosario,Municipio,Rosario,820210,Servicio de Catastro e Información Territorial,IGN
2020,8096,2020-11-28,Sabado,,19:00:00,,0.0,1,Bicicleta,Valparaiso Y Av. Eva Peron,1,1,0,0,0,0,0,"-32.93864, -60.68183",S/D,,ROSARIO,Rosario,S/D,S/D,II,S/D,S/D,S/D,S/D,S/D,S/D,S/D,S/D,S/D,S/D,Ciclista,"Atropello,Otro",S/D,S/D,S/D,S/D,"-32.93864, -60.68183","['Valparaíso', 'Avenida Eva Perón']",2,,-32.93864,-60.68183,55.0,538.0,Municipio Rosario,Municipio,Rosario,820210,Servicio de Catastro e Información Territorial,IGN
2020,8098,2020-07-25,Sabado,,23:00:00,,0.0,1,Automóvil, ,1,1,0,0,0,0,0,"-32.95883, -60.693",S/D,,ROSARIO,Rosario,S/D,S/D,II,S/D,S/D,S/D,S/D,S/D,S/D,S/D,Nocturna,S/D,S/D,S/D,S/D,S/D,S/D,S/D,S/D,"-32.95883, -60.693",[''],0,,-32.95883,-60.693,55.0,538.0,Municipio Rosario,Municipio,Rosario,820210,Servicio de Catastro e Información Territorial,IGN
2020,8099,2020-11-30,Lunes,,07:00:00,,0.0,1,Moto/Ciclomotor,Bv. Wilde ,1,1,0,0,0,0,0,"-32.92818, -60.73903",S/D,,ROSARIO,Rosario,S/D,S/D,II,S/D,S/D,S/D,S/D,S/D,S/D,S/D,S/D,S/D,S/D,S/D,Otro,S/D,S/D,S/D,S/D,"-32.92818, -60.73903",['Wilde'],1,,-32.92818,-60.73903,55.0,538.0,Municipio Rosario,Municipio,Rosario,820210,Servicio de Catastro e Información Territorial,IGN
2020,8100,2020-07-26,Domingo,,11:20:00,,0.0,1,Automóvil,Av. Pellegrini ,1,1,0,0,0,0,0,"-32.95883, -60.693",Calle,,ROSARIO,Rosario,Asfalto,S/D,II,Dentro,Urbana,S/D,S/D,Intersección,S/D,S/D,Diurna,S/D,S/D,S/D,S/D,S/D,S/D,S/D,S/D,"-32.95883, -60.693",['Pellegrini'],1,,-32.95883,-60.693,55.0,538.0,Municipio Rosario,Municipio,Rosario,820210,Servicio de Catastro e Información Territorial,IGN
2020,8101,2020-11-30,Lunes,,09:00:00,,0.0,1,Moto/Ciclomotor,Miller 1800,1,0,1,0,0,0,0,"-32.9001, -60.70671",S/D,,ROSARIO,Rosario,S/D,S/D,II,S/D,S/D,S/D,S/D,S/D,S/D,S/D,S/D,S/D,S/D,S/D,Otro,S/D,S/D,S/D,S/D,"-32.9001, -60.70671",['Miller 1800'],1,,-32.9001,-60.70671,55.0,538.0,Municipio Rosario,Municipio,Rosario,820210,Servicio de Catastro e Información Territorial,IGN
2020,8102,2020-11-30,Lunes,,12:29:00,,0.0,1,Moto/Ciclomotor,Virasoro Y Alsina,1,1,0,0,0,0,0,"-32.96309, -60.68232",S/D,,ROSARIO,Rosario,S/D,S/D,II,S/D,S/D,S/D,S/D,S/D,S/D,S/D,S/D,S/D,S/D,S/D,Otro,S/D,S/D,S/D,S/D,"-32.96309, -60.68232","['Virasoro', 'Alsina']",2,,-32.96309,-60.68232,55.0,538.0,Municipio Rosario,Municipio,Rosario,820210,Servicio de Catastro e Información Territorial,IGN
2020,8103,2020-11-30,Lunes,,19:59:00,,0.0,1,Moto/Ciclomotor,F.More Y Urquiza,1,1,0,0,0,0,0,"-32.93294, -60.69376",S/D,,ROSARIO,Rosario,S/D,S/D,II,S/D,S/D,S/D,S/D,S/D,S/D,S/D,S/D,S/D,S/D,S/D,Otro,S/D,S/D,S/D,S/D,"-32.93294, -60.69376","['Felipe Moré', 'Urquiza']",2,,-32.93294,-60.69376,55.0,538.0,Municipio Rosario,Municipio,Rosario,820210,Servicio de Catastro e Información Territorial,IGN
2020,8104,2020-07-26,Domingo,,20:50:00,,0.0,1,Moto/Ciclomotor, ,1,1,0,0,0,0,0,"-32.95883, -60.693",Calle,,ROSARIO,Rosario,S/D,S/D,II,Dentro,Urbana,S/D,S/D,S/D,S/D,S/D,Nocturna,S/D,S/D,S/D,Colisión,S/D,S/D,S/D,S/D,"-32.95883, -60.693",[''],0,,-32.95883,-60.693,55.0,538.0,Municipio Rosario,Municipio,Rosario,820210,Servicio de Catastro e Información Territorial,IGN
2020,8105,2020-07-26,Domingo,,17:20:00,,0.0,1,Otros,Cordoba Y Alvear,1,1,0,0,0,0,0,"-32.95883, -60.693",Calle,,ROSARIO,Rosario,S/D,S/D,II,Dentro,Urbana,S/D,S/D,Intersección,S/D,S/D,Diurna,S/D,S/D,S/D,S/D,S/D,S/D,S/D,S/D,"-32.95883, -60.693","['Córdoba', 'Alvear']",2,,-32.95883,-60.693,55.0,538.0,Municipio Rosario,Municipio,Rosario,820210,Servicio de Catastro e Información Territorial,IGN
2020,8106,2020-07-27,Lunes,,15:40:00,,0.0,1,Bicicleta,Galvez Y Matienzo,1,1,0,0,0,0,0,"-32.95883, -60.693",Calle,,ROSARIO,Rosario,Asfalto,S/D,II,Dentro,Urbana,S/D,S/D,S/D,S/D,S/D,Diurna,S/D,S/D,Ciclista,Atropello,S/D,S/D,S/D,S/D,"-32.95883, -60.693","['Galvez', 'Matienzo']",2,,-32.95883,-60.693,55.0,538.0,Municipio Rosario,Municipio,Rosario,820210,Servicio de Catastro e Información Territorial,IGN
2020,8107,2020-07-27,Lunes,,16:00:00,,0.0,1,Moto/Ciclomotor,9 De Julio 3100,1,1,0,0,0,0,0,"-32.95883, -60.693",Calle,,ROSARIO,Rosario,Asfalto,S/D,II,Dentro,Urbana,S/D,No existe,Intersección,S/D,S/D,Diurna,S/D,S/D,S/D,S/D,S/D,S/D,S/D,S/D,"-32.95883, -60.693",['9 De Julio 3100'],1,,-32.95883,-60.693,55.0,538.0,Municipio Rosario,Municipio,Rosario,820210,Servicio de Catastro e Información Territorial,IGN
2020,8108,2020-07-30,Jueves,,21:00:00,,0.0,1,Bicicleta,Castagnino Y Pavlov,1,1,0,0,0,0,0,"-32.95883, -60.693",Calle,,ROSARIO,Rosario,Asfalto,S/D,II,Dentro,Urbana,S/D,S/D,Intersección,S/D,S/D,Nocturna,S/D,S/D,S/D,S/D,S/D,S/D,S/D,S/D,"-32.95883, -60.693","['Castagnino', 'Pavlov']",2,,-32.95883,-60.693,55.0,538.0,Municipio Rosario,Municipio,Rosario,820210,Servicio de Catastro e Información Territorial,IGN
2020,8109,2020-07-30,Jueves,,12:00:00,,0.0,1,Moto/Ciclomotor,Av. Pellegrini ,1,1,0,0,0,0,0,"-32.95883, -60.693",Calle,,ROSARIO,Rosario,Asfalto,S/D,II,Dentro,Urbana,S/D,S/D,Intersección,S/D,S/D,Diurna,S/D,S/D,S/D,S/D,S/D,S/D,S/D,S/D,"-32.95883, -60.693",['Pellegrini'],1,,-32.95883,-60.693,55.0,538.0,Municipio Rosario,Municipio,Rosario,820210,Servicio de Catastro e Información Territorial,IGN
2020,8110,2020-07-30,Jueves,,20:20:00,,0.0,1,Bicicleta,Av. Pellegrini ,1,1,0,0,0,0,0,"-32.95883, -60.693",Calle,,ROSARIO,Rosario,Asfalto,S/D,II,Dentro,Urbana,S/D,S/D,Intersección,S/D,S/D,Diurna,S/D,S/D,S/D,S/D,S/D,S/D,S/D,S/D,"-32.95883, -60.693",['Pellegrini'],1,,-32.95883,-60.693,55.0,538.0,Municipio Rosario,Municipio,Rosario,820210,Servicio de Catastro e Información Territorial,IGN
2020,8111,2020-07-30,Jueves,,21:40:00,,0.0,1,Automóvil, ,1,1,0,0,0,0,0,"-32.95883, -60.693",S/D,,ROSARIO,Rosario,S/D,No existe,II,S/D,S/D,S/D,No existe,Puente,S/D,S/D,Nocturna,S/D,S/D,S/D,S/D,S/D,S/D,S/D,S/D,"-32.95883, -60.693",[''],0,,-32.95883,-60.693,55.0,538.0,Municipio Rosario,Municipio,Rosario,820210,Servicio de Catastro e Información Territorial,IGN
2020,8119,2020-10-01,Jueves,,00:00:00,,0.0,1,Bicicleta,Bv. Avellaneda Y Garay,1,1,0,0,0,0,0,"-32.95883, -60.693",Calle,,ROSARIO,Rosario,Asfalto,S/D,II,Dentro,Urbana,S/D,S/D,Intersección,S/D,S/D,Nocturna,S/D,S/D,S/D,S/D,S/D,S/D,S/D,S/D,"-32.95883, -60.693","['Avellaneda', 'Garay']",2,,-32.95883,-60.693,55.0,538.0,Municipio Rosario,Municipio,Rosario,820210,Servicio de Catastro e Información Territorial,IGN
2020,8120,2020-10-02,Viernes,,11:35:00,,0.0,2,"Otros,Peatón",Francia F Y Fraga,2,1,0,0,0,0,1,"-32.95883, -60.693",Calle,,ROSARIO,Rosario,Asfalto,S/D,II,Dentro,Urbana,S/D,S/D,Intersección,S/D,S/D,Diurna,S/D,S/D,Peatón,Atropello,S/D,S/D,S/D,S/D,"-32.95883, -60.693","['Avenida Francia', 'Fraga']",2,,-32.95883,-60.693,55.0,538.0,Municipio Rosario,Municipio,Rosario,820210,Servicio de Catastro e Información Territorial,IGN
2020,8121,2020-10-02,Viernes,,14:10:00,,0.0,1,Moto/Ciclomotor,Pte.Roca Y Dr.Rivas,1,1,0,0,0,0,0,"-32.95883, -60.693",Calle,,ROSARIO,Rosario,Asfalto,S/D,II,Dentro,Urbana,S/D,S/D,Intersección,S/D,S/D,Diurna,S/D,S/D,S/D,S/D,S/D,S/D,S/D,S/D,"-32.95883, -60.693","['Roca', 'Doctor Francisco Riva']",2,,-32.95883,-60.693,55.0,538.0,Municipio Rosario,Municipio,Rosario,820210,Servicio de Catastro e Información Territorial,IGN
2020,8122,2020-10-02,Viernes,,18:30:00,,0.0,1,Moto/Ciclomotor,Blas Parera Y Calvo,1,1,0,0,0,0,0,"-32.95883, -60.693",Calle,,ROSARIO,Rosario,Asfalto,S/D,II,Dentro,Urbana,S/D,S/D,Intersección,S/D,S/D,Diurna,S/D,S/D,S/D,S/D,S/D,S/D,S/D,S/D,"-32.95883, -60.693","['Blas Parera', 'Calvo']",2,,-32.95883,-60.693,55.0,538.0,Municipio Rosario,Municipio,Rosario,820210,Servicio de Catastro e Información Territorial,IGN
2020,8123,2020-10-02,Viernes,,,,0.0,1,Moto/Ciclomotor, ,1,1,0,0,0,0,0,"-32.95883, -60.693",S/D,,ROSARIO,Rosario,S/D,S/D,II,Dentro,Urbana,S/D,S/D,S/D,S/D,S/D,Diurna,S/D,S/D,S/D,S/D,S/D,S/D,S/D,S/D,"-32.95883, -60.693",[''],0,,-32.95883,-60.693,55.0,538.0,Municipio Rosario,Municipio,Rosario,820210,Servicio de Catastro e Información Territorial,IGN
2020,8124,2020-10-03,Sabado,,15:15:00,,0.0,1,Moto/Ciclomotor, ,1,1,0,0,0,0,0,"-32.95883, -60.693",Calle,,ROSARIO,Rosario,Asfalto,S/D,II,S/D,S/D,S/D,S/D,Intersección,S/D,S/D,Diurna,S/D,S/D,S/D,S/D,S/D,S/D,S/D,S/D,"-32.95883, -60.693",[''],0,,-32.95883,-60.693,55.0,538.0,Municipio Rosario,Municipio,Rosario,820210,Servicio de Catastro e Información Territorial,IGN
2020,8125,2020-10-03,Sabado,,,,0.0,1,Moto/Ciclomotor,Gaboto Y Campbell,1,1,0,0,0,0,0,"-32.95883, -60.693",Calle,,ROSARIO,Rosario,Asfalto,S/D,II,S/D,S/D,S/D,S/D,Intersección,S/D,S/D,Diurna,S/D,S/D,S/D,S/D,S/D,S/D,S/D,S/D,"-32.95883, -60.693","['Gaboto', 'Campbell']",2,,-32.95883,-60.693,55.0,538.0,Municipio Rosario,Municipio,Rosario,820210,Servicio de Catastro e Información Territorial,IGN
2020,8126,2020-10-04,Domingo,,16:00:00,,0.0,1,Moto/Ciclomotor, ,1,1,0,0,0,0,0,"-32.95883, -60.693",S/D,,ROSARIO,Rosario,S/D,S/D,II,S/D,S/D,S/D,No existe,S/D,S/D,S/D,Diurna,S/D,S/D,S/D,S/D,S/D,S/D,S/D,S/D,"-32.95883, -60.693",[''],0,,-32.95883,-60.693,55.0,538.0,Municipio Rosario,Municipio,Rosario,820210,Servicio de Catastro e Información Territorial,IGN
2020,8127,2020-10-04,Domingo,,14:45:00,,0.0,1,Moto/Ciclomotor,Bv. Avellaneda 2000,1,1,0,0,0,0,0,"-32.95883, -60.693",Avenida,,ROSARIO,Rosario,S/D,S/D,II,Dentro,Urbana,S/D,S/D,Intersección,S/D,S/D,Diurna,S/D,S/D,S/D,S/D,S/D,S/D,Ninguna,S/D,"-32.95883, -60.693",['Avellaneda 2000'],1,,-32.95883,-60.693,55.0,538.0,Municipio Rosario,Municipio,Rosario,820210,Servicio de Catastro e Información Territorial,IGN
2020,8128,2020-10-05,Lunes,,,,0.0,1,Moto/Ciclomotor,Ayolas Y Bv. Oro�o,1,1,0,0,0,0,0,"    -32.97518, -60.66137",Avenida,,ROSARIO,Rosario,Asfalto,S/D,II,Dentro,Urbana,S/D,S/D,Intersección,S/D,S/D,Diurna,S/D,S/D,S/D,S/D,S/D,S/D,S/D,S/D,"    -32.97518, -60.66137","['Ayolas', 'Bulevar Nicasio Oroño']",2,,-32.97518,-60.66137,55.0,538.0,Municipio Rosario,Municipio,Rosario,820210,Servicio de Catastro e Información Territorial,IGN
2020,8129,2020-10-05,Lunes,,00:30:00,,0.0,1,Moto/Ciclomotor, ,1,1,0,0,0,0,0,"-32.95883, -60.693",S/D,,ROSARIO,Rosario,S/D,S/D,II,Dentro,Urbana,S/D,S/D,Intersección,S/D,S/D,Nocturna,S/D,S/D,S/D,S/D,S/D,S/D,S/D,S/D,"-32.95883, -60.693",[''],0,,-32.95883,-60.693,55.0,538.0,Municipio Rosario,Municipio,Rosario,820210,Servicio de Catastro e Información Territorial,IGN
2020,8131,2020-10-07,Miercoles,,23:10:00,,0.0,1,Moto/Ciclomotor,E.Zeballos ,1,1,0,0,0,0,0,"-32.95883, -60.693",Calle,,ROSARIO,Rosario,Asfalto,S/D,II,Dentro,Urbana,S/D,S/D,Intersección,S/D,S/D,Nocturna,S/D,S/D,S/D,S/D,S/D,S/D,S/D,S/D,"-32.95883, -60.693",['E Zeballos'],1,,-32.95883,-60.693,55.0,538.0,Municipio Rosario,Municipio,Rosario,820210,Servicio de Catastro e Información Territorial,IGN
2020,8132,2020-10-07,Miercoles,,10:00:00,,0.0,1,Moto/Ciclomotor,Rioja 1618,1,1,0,0,0,0,0,"    -32.94627, -60.64573",Calle,,ROSARIO,Rosario,Asfalto,S/D,II,Dentro,Urbana,S/D,S/D,Recta,S/D,S/D,Nocturna,S/D,S/D,S/D,S/D,S/D,S/D,S/D,S/D,"    -32.94627, -60.64573",['Rioja 1618'],1,,-32.94627,-60.64573,55.0,538.0,Municipio Rosario,Municipio,Rosario,820210,Servicio de Catastro e Información Territorial,IGN
2020,8133,2020-10-08,Jueves,,10:30:00,,0.0,1,Moto/Ciclomotor,3 De Febrero Y Bv. Avellaneda,1,1,0,0,0,0,0,"-32.95883, -60.693",Avenida,,ROSARIO,Rosario,Asfalto,S/D,II,Dentro,Urbana,S/D,S/D,Intersección,S/D,S/D,Nocturna,S/D,S/D,S/D,S/D,S/D,S/D,S/D,S/D,"-32.95883, -60.693","['3 de Febrero', 'Avellaneda']",2,,-32.95883,-60.693,55.0,538.0,Municipio Rosario,Municipio,Rosario,820210,Servicio de Catastro e Información Territorial,IGN
2020,8134,2020-10-08,Jueves,,15:00:00,,0.0,1,Moto/Ciclomotor,Cafferata ,1,1,0,0,0,0,0,"-32.95883, -60.693",Calle,,ROSARIO,Rosario,Asfalto,S/D,II,Dentro,Urbana,S/D,S/D,Intersección,S/D,S/D,Diurna,S/D,S/D,S/D,S/D,S/D,S/D,S/D,S/D,"-32.95883, -60.693",['Cafferata'],1,,-32.95883,-60.693,55.0,538.0,Municipio Rosario,Municipio,Rosario,820210,Servicio de Catastro e Información Territorial,IGN
2020,8135,2020-10-11,Domingo,,06:10:00,,0.0,1,Moto/Ciclomotor, ,2,2,0,0,0,0,0,"-32.95883, -60.693",Calle,,ROSARIO,Rosario,Asfalto,S/D,II,Dentro,Urbana,S/D,S/D,Intersección,S/D,S/D,Amanecer,S/D,S/D,S/D,S/D,S/D,S/D,S/D,S/D,"-32.95883, -60.693",[''],0,,-32.95883,-60.693,55.0,538.0,Municipio Rosario,Municipio,Rosario,820210,Servicio de Catastro e Información Territorial,IGN
2020,8136,2020-10-12,Lunes,,20:00:00,,0.0,1,Moto/Ciclomotor,Av. Circunvalacion Y Av. Ovidio Lagos,1,1,0,0,0,0,0,"-32.95883, -60.693",Avenida,,ROSARIO,Rosario,Asfalto,S/D,II,Dentro,Urbana,S/D,S/D,Intersección,Bueno,S/D,Diurna,S/D,S/D,S/D,S/D,S/D,S/D,S/D,S/D,"-32.95883, -60.693","['Circunvalacion', 'Avenida Ovidio Lagos']",2,,-32.95883,-60.693,55.0,538.0,Municipio Rosario,Municipio,Rosario,820210,Servicio de Catastro e Información Territorial,IGN
2020,8138,2020-10-18,Domingo,,10:10:00,,0.0,1,Moto/Ciclomotor,Pje. 1001 Y Cerrito,1,1,0,0,0,0,0,"-32.95883, -60.693",Calle,,ROSARIO,Rosario,Asfalto,S/D,II,Dentro,Urbana,S/D,S/D,Intersección,S/D,S/D,Diurna,S/D,S/D,S/D,S/D,S/D,S/D,S/D,S/D,"-32.95883, -60.693","['Simon Wiesenthal', 'Cerrito']",2,,-32.95883,-60.693,55.0,538.0,Municipio Rosario,Municipio,Rosario,820210,Servicio de Catastro e Información Territorial,IGN
2020,8139,2020-10-18,Domingo,,11:15:00,,0.0,1,Moto/Ciclomotor,Callao Y Pte.Quintana,1,1,0,0,0,0,0,"-32.95883, -60.693",Calle,,ROSARIO,Rosario,Asfalto,S/D,II,Dentro,Urbana,S/D,S/D,Intersección,S/D,S/D,Diurna,S/D,S/D,S/D,S/D,S/D,S/D,S/D,S/D,"-32.95883, -60.693","['Callao', 'Quintana']",2,,-32.95883,-60.693,55.0,538.0,Municipio Rosario,Municipio,Rosario,820210,Servicio de Catastro e Información Territorial,IGN
2020,8140,2020-10-19,Lunes,,08:30:00,,0.0,2,"Moto/Ciclomotor,Peatón",Av. Circunvalacion ,2,0,1,0,0,0,1,"-32.95883, -60.693",Avenida,,ROSARIO,Rosario,Asfalto,S/D,II,Dentro,Urbana,S/D,No existe,Intersección,S/D,S/D,Diurna,S/D,S/D,S/D,S/D,S/D,S/D,S/D,S/D,"-32.95883, -60.693",['Circunvalacion'],1,,-32.95883,-60.693,55.0,538.0,Municipio Rosario,Municipio,Rosario,820210,Servicio de Catastro e Información Territorial,IGN
2020,8141,2020-10-20,Martes,,09:30:00,,0.0,1,Moto/Ciclomotor,Bv. Avellaneda ,1,1,0,0,0,0,0,"-32.95883, -60.693",Avenida,,ROSARIO,Rosario,S/D,S/D,II,Dentro,Urbana,S/D,S/D,S/D,S/D,S/D,Diurna,S/D,S/D,S/D,S/D,S/D,S/D,S/D,S/D,"-32.95883, -60.693",['Avellaneda'],1,,-32.95883,-60.693,55.0,538.0,Municipio Rosario,Municipio,Rosario,820210,Servicio de Catastro e Información Territorial,IGN
2020,8142,2020-10-21,Miercoles,,20:30:00,,0.0,1,Moto/Ciclomotor,Av. Provincias Unidas Y Cochabamba,1,1,0,0,0,0,0,"-32.95883, -60.693",Calle,,ROSARIO,Rosario,S/D,No existe,II,Dentro,Urbana,S/D,S/D,Intersección,S/D,S/D,Diurna,S/D,S/D,S/D,S/D,Agua,S/D,S/D,S/D,"-32.95883, -60.693","['Avenida Provincias Unidas', 'Cochabamba']",2,,-32.95883,-60.693,55.0,538.0,Municipio Rosario,Municipio,Rosario,820210,Servicio de Catastro e Información Territorial,IGN
2020,8143,2020-10-22,Jueves,,01:10:00,,0.0,1,Automóvil,Santa Fe 500,1,0,1,0,0,0,0,"-32.95883, -60.693",Calle,,ROSARIO,Rosario,Asfalto,Ripio,II,Dentro,Urbana,S/D,S/D,Recta,S/D,S/D,Nocturna,S/D,S/D,S/D,Vuelco,S/D,S/D,S/D,S/D,"-32.95883, -60.693",['Santa Fe 500'],1,,-32.95883,-60.693,55.0,538.0,Municipio Rosario,Municipio,Rosario,820210,Servicio de Catastro e Información Territorial,IGN
2020,8144,2020-10-22,Jueves,,16:30:00,,0.0,1,Moto/Ciclomotor,Crespo Y Amenabar,1,1,0,0,0,0,0,"-32.95883, -60.693",Calle,,ROSARIO,Rosario,Asfalto,S/D,II,Dentro,Urbana,S/D,S/D,Intersección,S/D,S/D,Diurna,S/D,S/D,S/D,S/D,S/D,S/D,S/D,S/D,"-32.95883, -60.693","['Crespo', 'Amenabar']",2,,-32.95883,-60.693,55.0,538.0,Municipio Rosario,Municipio,Rosario,820210,Servicio de Catastro e Información Territorial,IGN
2020,8145,2020-10-24,Sabado,,22:25:00,,0.0,1,Bicicleta,Av. Alberti Y Jose Ingenieros,1,1,0,0,0,0,0,"    -32.91636, -60.6848",Calle,,ROSARIO,Rosario,S/D,S/D,II,Dentro,Urbana,S/D,S/D,S/D,S/D,S/D,Diurna,S/D,S/D,S/D,S/D,S/D,S/D,S/D,S/D,"    -32.91636, -60.6848","['Alberdi', 'José Ingenieros']",2,,-32.91636,-60.6848,55.0,538.0,Municipio Rosario,Municipio,Rosario,820210,Servicio de Catastro e Información Territorial,IGN
2020,8146,2020-10-24,Sabado,,02:00:00,,0.0,1,Moto/Ciclomotor,Camilo Aldao B Y Bv. Segui,1,1,0,0,0,0,0,"-32.95883, -60.693",Avenida,,ROSARIO,Rosario,Asfalto,S/D,II,Dentro,Urbana,S/D,S/D,Intersección,S/D,S/D,Nocturna,S/D,S/D,S/D,S/D,S/D,S/D,S/D,S/D,"-32.95883, -60.693","['Camilo Aldao', 'Bulevar Juan Francisco Seguí']",2,,-32.95883,-60.693,55.0,538.0,Municipio Rosario,Municipio,Rosario,820210,Servicio de Catastro e Información Territorial,IGN
2020,8147,2020-10-25,Domingo,,,,0.0,1,Moto/Ciclomotor,Av. Ovidio Lagos Y Av. Pellegrini,1,1,0,0,0,0,0,"-32.95883, -60.693",Calle,,ROSARIO,Rosario,Asfalto,S/D,II,Dentro,Urbana,S/D,S/D,Intersección,S/D,S/D,Diurna,S/D,S/D,S/D,S/D,S/D,S/D,S/D,S/D,"-32.95883, -60.693","['Avenida Ovidio Lagos', 'Pellegrini']",2,,-32.95883,-60.693,55.0,538.0,Municipio Rosario,Municipio,Rosario,820210,Servicio de Catastro e Información Territorial,IGN
2020,8149,2020-10-28,Miercoles,,18:30:00,,0.0,1,Moto/Ciclomotor,Bv. Avellaneda ,1,1,0,0,0,0,0,"-32.95883, -60.693",Avenida,,ROSARIO,Rosario,Asfalto,S/D,II,Dentro,Urbana,S/D,S/D,Intersección,S/D,S/D,Atardecer,S/D,S/D,S/D,S/D,S/D,S/D,S/D,S/D,"-32.95883, -60.693",['Avellaneda'],1,,-32.95883,-60.693,55.0,538.0,Municipio Rosario,Municipio,Rosario,820210,Servicio de Catastro e Información Territorial,IGN
2020,8150,2020-10-31,Sabado,,01:43:00,,0.0,1,Moto/Ciclomotor,Mendoza ,1,1,0,0,0,0,0,"    -32.94045, -60.72179",Calle,,ROSARIO,Rosario,Asfalto,S/D,II,Dentro,Urbana,S/D,S/D,Intersección,S/D,S/D,Diurna,S/D,S/D,S/D,S/D,S/D,S/D,S/D,S/D,"    -32.94045, -60.72179",['Mendoza'],1,,-32.94045,-60.72179,55.0,538.0,Municipio Rosario,Municipio,Rosario,820210,Servicio de Catastro e Información Territorial,IGN
2020,8154,2020-11-29,Domingo,,00:05:00,,0.0,1,Moto/Ciclomotor,Olavarria Bis Y Olive,1,1,0,0,0,0,0,"-32.91356, -60.70469",Calle,,ROSARIO,Rosario,Asfalto,No existe,II,Dentro,Urbana,S/D,S/D,Intersección,Bueno,Buena,Nocturna,S/D,S/D,S/D,Colisión,S/D,S/D,S/D,S/D,"-32.91356, -60.70469","['Olavarría', 'Olive']",2,,-32.91356,-60.70469,55.0,538.0,Municipio Rosario,Municipio,Rosario,820210,Servicio de Catastro e Información Territorial,IGN
2020,8155,2020-12-02,Miercoles,,16:00:00,,0.0,1,Moto/Ciclomotor,Av. Corrientes Y Viamonte,1,1,0,0,0,0,0,"-32.964552149398,-60.647107971038",Avenida,,ROSARIO,Rosario,Asfalto,No existe,II,Dentro,Urbana,Ninguna,No existe,Intersección,Bueno,Buena,Diurna,Buen Tiempo,S/D,S/D,Otro,Ninguna,Horizontal,"Línea divisoria pintada,S/D",Sin restricción,"-32.964552149398,-60.647107971038","['Corrientes', 'Viamonte']",2,,-32.964552149398,-60.647107971038,55.0,538.0,Municipio Rosario,Municipio,Rosario,820210,Servicio de Catastro e Información Territorial,IGN
2020,8156,2020-11-28,Sabado,,00:05:00,,0.0,1,Moto/Ciclomotor,Bv. 27 De Febrero Y Vera Mujica,1,1,0,0,0,0,0,"-32.96253113938,-60.672245640321",Avenida,,ROSARIO,Rosario,Hormigón,No existe,II,Dentro,Urbana,S/D,S/D,Otro,Bueno,Buena,Nocturna,Buen Tiempo,S/D,S/D,Colisión,S/D,S/D,"Cordón divisorio,S/D",Sin restricción,"-32.96253113938,-60.672245640321","['27 de Febrero', 'Vera Mujíca']",2,,-32.96253113938,-60.672245640321,55.0,538.0,Municipio Rosario,Municipio,Rosario,820210,Servicio de Catastro e Información Territorial,IGN