anio_acci,nro_acci,fecha,desc_dia,fecha_aprox,hora_aprox,desc_ruta,km,cant_participantes,desc_participante,calle_avenida_km,total,heridos_leves,heridos_graves,heridos_gravisimos,ilesos,fallecidos,sin_datos,posicion_XY,desc_tipo_via,desc_ruta_ori,desc_loc,desc_dpto,desc_tipo_calzada,desc_tipo_banquina,desc_unidad_regional,desc_lugar_calzada,desc_zona,desc_prioridad,desc_estado_semaforo,desc_lugar_via,desc_estado_via,desc_estado_visibilidad,desc_luminosidad,desc_estado_clima,desc_tipo_colision,desc_tipo_atropello,desc_tipo_hecho,desc_pres_calzada,desc_senializacion,desc_separacion_via,desc_restriccion,forma_geocod,calle_lista,numero_calles,calles_osm,lat,lon,index_right,gid,fna,gna,nam,in1,fdc,sag
2020,8496,2020-04-25,Sabado,,14:30:00,,0.0,1,Bicicleta, ,1,1,0,0,0,0,0,"-32.95817760227484,-60.666264034822",S/D,,ROSARIO,Rosario,S/D,S/D,II,S/D,S/D,S/D,S/D,S/D,S/D,S/D,Diurna,S/D,S/D,S/D,Cañda ocupante,S/D,S/D,S/D,S/D,"-32.95817760227484,-60.666264034822",[''],0,,-32.95817760227484,-60.666264034822,55.0,538.0,Municipio Rosario,Municipio,Rosario,820210,Servicio de Catastro e Información Territorial,IGN
2020,8497,2020-04-25,Sabado,,15:00:00,,0.0,1,Moto/Ciclomotor, ,1,1,0,0,0,0,0,"-32.95817760227484,-60.666264034822",S/D,,ROSARIO,Rosario,S/D,S/D,II,S/D,S/D,S/D,S/D,S/D,S/D,S/D,Diurna,S/D,S/D,S/D,Otro,S/D,S/D,S/D,S/D,"-32.95817760227484,-60.666264034822",[''],0,,-32.95817760227484,-60.666264034822,55.0,538.0,Municipio Rosario,Municipio,Rosario,820210,Servicio de Catastro e Información Territorial,IGN
2020,8498,2020-01-15,Miercoles,,19:45:00,,0.0,1,Moto/Ciclomotor, ,1,1,0,0,0,0,0,"-32.95817760227484,-60.666264034822",S/D,,ROSARIO,Rosario,S/D,S/D,II,S/D,S/D,S/D,S/D,S/D,S/D,S/D,Nocturna,S/D,S/D,S/D,Otro,S/D,S/D,S/D,S/D,"-32.95817760227484,-60.666264034822",[''],0,,-32.95817760227484,-60.666264034822,55.0,538.0,Municipio Rosario,Municipio,Rosario,820210,Servicio de Catastro e Información Territorial,IGN
2020,8499,2020-04-25,Sabado,,20:00:00,,0.0,1,Moto/Ciclomotor, ,1,1,0,0,0,0,0,"-32.95817760227484,-60.666264034822",S/D,,ROSARIO,Rosario,S/D,S/D,II,S/D,S/D,S/D,S/D,S/D,S/D,S/D,Nocturna,S/D,S/D,S/D,Otro,S/D,S/D,S/D,S/D,"-32.95817760227484,-60.666264034822",[''],0,,-32.95817760227484,-60.666264034822,55.0,538.0,Municipio Rosario,Municipio,Rosario,820210,Servicio de Catastro e Información Territorial,IGN
2020,8500,2020-04-26,Domingo,,14:00:00,,0.0,1,Bicicleta, ,1,1,0,0,0,0,0,"-32.95817760227484,-60.666264034822",S/D,,ROSARIO,Rosario,S/D,S/D,II,S/D,S/D,S/D,S/D,S/D,S/D,S/D,Diurna,S/D,S/D,S/D,Cañda ocupante,S/D,S/D,S/D,S/D,"-32.95817760227484,-60.666264034822",[''],0,,-32.95817760227484,-60.666264034822,55.0,538.0,Municipio Rosario,Municipio,Rosario,820210,Servicio de Catastro e Información Territorial,IGN
2020,8501,2020-04-29,Miercoles,,10:00:00,,0.0,1,Moto/Ciclomotor, ,1,1,0,0,0,0,0,"-32.95817760227484,-60.666264034822",S/D,,ROSARIO,Rosario,S/D,S/D,II,S/D,S/D,S/D,S/D,S/D,S/D,S/D,Diurna,S/D,S/D,S/D,Otro,S/D,S/D,S/D,S/D,"-32.95817760227484,-60.666264034822",[''],0,,-32.95817760227484,-60.666264034822,55.0,538.0,Municipio Rosario,Municipio,Rosario,820210,Servicio de Catastro e Información Territorial,IGN
2020,8502,2020-04-29,Miercoles,,19:00:00,,0.0,1,Bicicleta, ,1,1,0,0,0,0,0,"-32.95817760227484,-60.666264034822",S/D,,ROSARIO,Rosario,S/D,S/D,II,S/D,S/D,S/D,S/D,S/D,S/D,S/D,Nocturna,S/D,S/D,S/D,Cañda ocupante,S/D,S/D,S/D,S/D,"-32.95817760227484,-60.666264034822",[''],0,,-32.95817760227484,-60.666264034822,55.0,538.0,Municipio Rosario,Municipio,Rosario,820210,Servicio de Catastro e Información Territorial,IGN
2020,8503,2020-04-30,Jueves,,14:00:00,,0.0,1,Moto/Ciclomotor, ,1,1,0,0,0,0,0,"-32.95817760227484,-60.666264034822",S/D,,ROSARIO,Rosario,S/D,S/D,II,S/D,S/D,S/D,S/D,S/D,S/D,S/D,Diurna,S/D,S/D,S/D,Otro,S/D,S/D,S/D,S/D,"-32.95817760227484,-60.666264034822",[''],0,,-32.95817760227484,-60.666264034822,55.0,538.0,Municipio Rosario,Municipio,Rosario,820210,Servicio de Catastro e Información Territorial,IGN
2020,8504,2020-04-30,Jueves,,17:00:00,,0.0,1,Moto/Ciclomotor, ,1,1,0,0,0,0,0,"-32.95817760227484,-60.666264034822",S/D,,ROSARIO,Rosario,S/D,S/D,II,S/D,S/D,S/D,S/D,S/D,S/D,S/D,Diurna,S/D,S/D,S/D,Otro,S/D,S/D,S/D,S/D,"-32.95817760227484,-60.666264034822",[''],0,,-32.95817760227484,-60.666264034822,55.0,538.0,Municipio Rosario,Municipio,Rosario,820210,Servicio de Catastro e Información Territorial,IGN
2020,8505,2020-01-17,Viernes,,02:45:00,,0.0,1,Moto/Ciclomotor, ,1,1,0,0,0,0,0,"-32.95817760227484,-60.666264034822",S/D,,ROSARIO,Rosario,S/D,S/D,II,S/D,S/D,S/D,S/D,S/D,S/D,S/D,Nocturna,S/D,S/D,S/D,Otro,S/D,S/D,S/D,S/D,"-32.95817760227484,-60.666264034822",[''],0,,-32.95817760227484,-60.666264034822,55.0,538.0,Municipio Rosario,Municipio,Rosario,820210,Servicio de Catastro e Información Territorial,IGN
2020,8506,2020-01-17,Viernes,,03:30:00,,0.0,1,Moto/Ciclomotor, ,1,1,0,0,0,0,0,"-32.95817760227484,-60.666264034822",S/D,,ROSARIO,Rosario,S/D,S/D,II,S/D,S/D,S/D,S/D,S/D,S/D,S/D,Nocturna,S/D,S/D,S/D,Otro,S/D,S/D,S/D,S/D,"-32.95817760227484,-60.666264034822",[''],0,,-32.95817760227484,-60.666264034822,55.0,538.0,Municipio Rosario,Municipio,Rosario,820210,Servicio de Catastro e Información Territorial,IGN
2020,8507,2020-01-17,Viernes,,12:30:00,,0.0,1,Moto/Ciclomotor, ,1,1,0,0,0,0,0,"-32.95817760227484,-60.666264034822",S/D,,ROSARIO,Rosario,S/D,S/D,II,S/D,S/D,S/D,S/D,S/D,S/D,S/D,Diurna,S/D,S/D,S/D,Otro,S/D,S/D,S/D,S/D,"-32.95817760227484,-60.666264034822",[''],0,,-32.95817760227484,-60.666264034822,55.0,538.0,Municipio Rosario,Municipio,Rosario,820210,Servicio de Catastro e Información Territorial,IGN
2020,8508,2020-05-01,Viernes,,06:00:00,,0.0,1,Bicicleta, ,1,1,0,0,0,0,0,"-32.95817760227484,-60.666264034822",S/D,,ROSARIO,Rosario,S/D,S/D,II,S/D,S/D,S/D,S/D,S/D,S/D,S/D,Nocturna,S/D,S/D,S/D,Cañda ocupante,S/D,S/D,S/D,S/D,"-32.95817760227484,-60.666264034822",[''],0,,-32.95817760227484,-60.666264034822,55.0,538.0,Municipio Rosario,Municipio,Rosario,820210,Servicio de Catastro e Información Territorial,IGN
2020,8509,2020-01-17,Viernes,,16:30:00,,0.0,1,Moto/Ciclomotor, ,1,1,0,0,0,0,0,"-32.95817760227484,-60.666264034822",S/D,,ROSARIO,Rosario,S/D,S/D,II,S/D,S/D,S/D,S/D,S/D,S/D,S/D,Diurna,S/D,S/D,S/D,Otro,S/D,S/D,S/D,S/D,"-32.95817760227484,-60.666264034822",[''],0,,-32.95817760227484,-60.666264034822,55.0,538.0,Municipio Rosario,Municipio,Rosario,820210,Servicio de Catastro e Información Territorial,IGN
2020,8510,2020-05-01,Viernes,,13:30:00,,0.0,1,Moto/Ciclomotor, ,1,1,0,0,0,0,0,"-32.95817760227484,-60.666264034822",S/D,,ROSARIO,Rosario,S/D,S/D,II,S/D,S/D,S/D,S/D,S/D,S/D,S/D,Diurna,S/D,S/D,S/D,Otro,S/D,S/D,S/D,S/D,"-32.95817760227484,-60.666264034822",[''],0,,-32.95817760227484,-60.666264034822,55.0,538.0,Municipio Rosario,Municipio,Rosario,820210,Servicio de Catastro e Información Territorial,IGN
2020,8511,2020-05-02,Sabado,,11:30:00,,0.0,1,Moto/Ciclomotor, ,1,1,0,0,0,0,0,"-32.95817760227484,-60.666264034822",S/D,,ROSARIO,Rosario,S/D,S/D,II,S/D,S/D,S/D,S/D,S/D,S/D,S/D,Diurna,S/D,S/D,S/D,Otro,S/D,S/D,S/D,S/D,"-32.95817760227484,-60.666264034822",[''],0,,-32.95817760227484,-60.666264034822,55.0,538.0,Municipio Rosario,Municipio,Rosario,820210,Servicio de Catastro e Información Territorial,IGN
2020,8512,2020-01-17,Viernes,,18:00:00,,0.0,2,"Moto/Ciclomotor,Bicicleta", ,2,2,0,0,0,0,0,"-32.95817760227484,-60.666264034822",S/D,,ROSARIO,Rosario,S/D,S/D,II,S/D,S/D,S/D,S/D,S/D,S/D,S/D,Diurna,S/D,S/D,Ciclista,Atropello,S/D,S/D,S/D,S/D,"-32.95817760227484,-60.666264034822",[''],0,,-32.95817760227484,-60.666264034822,55.0,538.0,Municipio Rosario,Municipio,Rosario,820210,Servicio de Catastro e Información Territorial,IGN
2020,8513,2020-05-02,Sabado,,16:00:00,,0.0,1,Moto/Ciclomotor, ,1,1,0,0,0,0,0,"-32.95817760227484,-60.666264034822",S/D,,ROSARIO,Rosario,S/D,S/D,II,S/D,S/D,S/D,S/D,S/D,S/D,S/D,Diurna,S/D,S/D,S/D,Otro,S/D,S/D,S/D,S/D,"-32.95817760227484,-60.666264034822",[''],0,,-32.95817760227484,-60.666264034822,55.0,538.0,Municipio Rosario,Municipio,Rosario,820210,Servicio de Catastro e Información Territorial,IGN
2020,8514,2020-05-02,Sabado,,21:30:00,,0.0,1,Moto/Ciclomotor, ,1,1,0,0,0,0,0,"-32.95817760227484,-60.666264034822",S/D,,ROSARIO,Rosario,S/D,S/D,II,S/D,S/D,S/D,S/D,S/D,S/D,S/D,Nocturna,S/D,S/D,S/D,Otro,S/D,S/D,S/D,S/D,"-32.95817760227484,-60.666264034822",[''],0,,-32.95817760227484,-60.666264034822,55.0,538.0,Municipio Rosario,Municipio,Rosario,820210,Servicio de Catastro e Información Territorial,IGN
2020,8515,2020-05-02,Sabado,,21:30:00,,0.0,1,Moto/Ciclomotor, ,1,1,0,0,0,0,0,"-32.95817760227484,-60.666264034822",S/D,,ROSARIO,Rosario,S/D,S/D,II,S/D,S/D,S/D,S/D,S/D,S/D,S/D,Nocturna,S/D,S/D,S/D,Otro,S/D,S/D,S/D,S/D,"-32.95817760227484,-60.666264034822",[''],0,,-32.95817760227484,-60.666264034822,55.0,538.0,Municipio Rosario,Municipio,Rosario,820210,Servicio de Catastro e Información Territorial,IGN
2020,8516,2020-05-03,Domingo,,11:30:00,,0.0,2,"Otros,Peatón", ,2,1,0,0,0,0,1,"-32.95817760227484,-60.666264034822",S/D,,ROSARIO,Rosario,S/D,S/D,II,S/D,S/D,S/D,S/D,S/D,S/D,S/D,Diurna,S/D,S/D,Peatón,Atropello,S/D,S/D,S/D,S/D,"-32.95817760227484,-60.666264034822",[''],0,,-32.95817760227484,-60.666264034822,55.0,538.0,Municipio Rosario,Municipio,Rosario,820210,Servicio de Catastro e Información Territorial,IGN
2020,8517,2020-01-17,Viernes,,19:30:00,,0.0,2,"Peatón,Otros", ,2,1,0,0,1,0,0,"-32.95817760227484,-60.666264034822",S/D,,ROSARIO,Rosario,S/D,S/D,II,S/D,S/D,S/D,S/D,S/D,S/D,S/D,Nocturna,S/D,S/D,Peatón,Atropello,S/D,S/D,S/D,S/D,"-32.95817760227484,-60.666264034822",[''],0,,-32.95817760227484,-60.666264034822,55.0,538.0,Municipio Rosario,Municipio,Rosario,820210,Servicio de Catastro e Información Territorial,IGN
2020,8518,2020-05-04,Lunes,,11:00:00,,0.0,1,Moto/Ciclomotor, ,1,1,0,0,0,0,0,"-32.95817760227484,-60.666264034822",S/D,,ROSARIO,Rosario,S/D,S/D,II,S/D,S/D,S/D,S/D,S/D,S/D,S/D,Diurna,S/D,S/D,S/D,Otro,S/D,S/D,S/D,S/D,"-32.95817760227484,-60.666264034822",[''],0,,-32.95817760227484,-60.666264034822,55.0,538.0,Municipio Rosario,Municipio,Rosario,820210,Servicio de Catastro e Información Territorial,IGN
2020,8519,2020-01-17,Viernes,,22:00:00,,0.0,2,"Peatón,Otros", ,2,1,0,0,1,0,0,"-32.95817760227484,-60.666264034822",S/D,,ROSARIO,Rosario,S/D,S/D,II,S/D,S/D,S/D,S/D,S/D,S/D,S/D,Nocturna,S/D,S/D,Peatón,Atropello,S/D,S/D,S/D,S/D,"-32.95817760227484,-60.666264034822",[''],0,,-32.95817760227484,-60.666264034822,55.0,538.0,Municipio Rosario,Municipio,Rosario,820210,Servicio de Catastro e Información Territorial,IGN
2020,8520,2020-05-04,Lunes,,11:00:00,,0.0,1,Bicicleta, ,1,1,0,0,0,0,0,"-32.95817760227484,-60.666264034822",S/D,,ROSARIO,Rosario,S/D,S/D,II,S/D,S/D,S/D,S/D,S/D,S/D,S/D,Diurna,S/D,S/D,S/D,Cañda ocupante,S/D,S/D,S/D,S/D,"-32.95817760227484,-60.666264034822",[''],0,,-32.95817760227484,-60.666264034822,55.0,538.0,Municipio Rosario,Municipio,Rosario,820210,Servicio de Catastro e Información Territorial,IGN
2020,8521,2020-05-04,Lunes,,21:00:00,,0.0,1,Bicicleta, ,1,1,0,0,0,0,0,"-32.95817760227484,-60.666264034822",S/D,,ROSARIO,Rosario,S/D,S/D,II,S/D,S/D,S/D,S/D,S/D,S/D,S/D,Nocturna,S/D,S/D,S/D,Cañda ocupante,S/D,S/D,S/D,S/D,"-32.95817760227484,-60.666264034822",[''],0,,-32.95817760227484,-60.666264034822,55.0,538.0,Municipio Rosario,Municipio,Rosario,820210,Servicio de Catastro e Información Territorial,IGN
2020,8522,2020-05-04,Lunes,,21:00:00,,0.0,1,Moto/Ciclomotor, ,1,1,0,0,0,0,0,"-32.95817760227484,-60.666264034822",S/D,,ROSARIO,Rosario,S/D,S/D,II,S/D,S/D,S/D,S/D,S/D,S/D,S/D,Nocturna,S/D,S/D,S/D,Otro,S/D,S/D,S/D,S/D,"-32.95817760227484,-60.666264034822",[''],0,,-32.95817760227484,-60.666264034822,55.0,538.0,Municipio Rosario,Municipio,Rosario,820210,Servicio de Catastro e Información Territorial,IGN
2020,8523,2020-10-18,Domingo,,02:45:00,,0.0,1,Automóvil, ,2,1,0,0,0,0,1,"-32.95817760227484,-60.666264034822",S/D,,ROSARIO,Rosario,S/D,S/D,II,S/D,S/D,S/D,S/D,S/D,S/D,S/D,Nocturna,S/D,S/D,S/D,Otro,S/D,S/D,S/D,S/D,"-32.95817760227484,-60.666264034822",[''],0,,-32.95817760227484,-60.666264034822,55.0,538.0,Municipio Rosario,Municipio,Rosario,820210,Servicio de Catastro e Información Territorial,IGN
2020,8524,2020-01-18,Sabado,,13:00:00,,0.0,1,Bicicleta, ,1,1,0,0,0,0,0,"-32.95817760227484,-60.666264034822",S/D,,ROSARIO,Rosario,S/D,S/D,II,S/D,S/D,S/D,S/D,S/D,S/D,S/D,Nocturna,S/D,S/D,S/D,Cañda ocupante,S/D,S/D,S/D,S/D,"-32.95817760227484,-60.666264034822",[''],0,,-32.95817760227484,-60.666264034822,55.0,538.0,Municipio Rosario,Municipio,Rosario,820210,Servicio de Catastro e Información Territorial,IGN
2020,8525,2020-01-18,Sabado,,14:00:00,,0.0,1,Moto/Ciclomotor, ,1,1,0,0,0,0,0,"-32.95817760227484,-60.666264034822",S/D,,ROSARIO,Rosario,S/D,S/D,II,S/D,S/D,S/D,S/D,S/D,S/D,S/D,Diurna,S/D,S/D,S/D,Otro,S/D,S/D,S/D,S/D,"-32.95817760227484,-60.666264034822",[''],0,,-32.95817760227484,-60.666264034822,55.0,538.0,Municipio Rosario,Municipio,Rosario,820210,Servicio de Catastro e Información Territorial,IGN
2020,8526,2020-01-18,Sabado,,15:00:00,,0.0,1,Bicicleta, ,1,1,0,0,0,0,0,"-32.95817760227484,-60.666264034822",S/D,,ROSARIO,Rosario,S/D,S/D,II,S/D,S/D,S/D,S/D,S/D,S/D,S/D,Diurna,S/D,Contra objeto fijo,S/D,Colisión,S/D,S/D,S/D,S/D,"-32.95817760227484,-60.666264034822",[''],0,,-32.95817760227484,-60.666264034822,55.0,538.0,Municipio Rosario,Municipio,Rosario,820210,Servicio de Catastro e Información Territorial,IGN
2020,8527,2020-01-18,Sabado,,19:00:00,,0.0,1,Moto/Ciclomotor, ,1,1,0,0,0,0,0,"-32.95817760227484,-60.666264034822",S/D,,ROSARIO,Rosario,S/D,S/D,II,S/D,S/D,S/D,S/D,S/D,S/D,S/D,Diurna,S/D,S/D,S/D,Otro,S/D,S/D,S/D,S/D,"-32.95817760227484,-60.666264034822",[''],0,,-32.95817760227484,-60.666264034822,55.0,538.0,Municipio Rosario,Municipio,Rosario,820210,Servicio de Catastro e Información Territorial,IGN
2020,8528,2020-01-18,Sabado,,20:30:00,,0.0,1,Bicicleta, ,1,1,0,0,0,0,0,"-32.95817760227484,-60.666264034822",S/D,,ROSARIO,Rosario,S/D,S/D,II,S/D,S/D,S/D,S/D,S/D,S/D,S/D,Nocturna,S/D,Contra objeto fijo,S/D,Colisión,S/D,S/D,S/D,S/D,"-32.95817760227484,-60.666264034822",[''],0,,-32.95817760227484,-60.666264034822,55.0,538.0,Municipio Rosario,Municipio,Rosario,820210,Servicio de Catastro e Información Territorial,IGN
2020,8529,2020-01-19,Domingo,,06:00:00,,0.0,1,Moto/Ciclomotor, ,1,1,0,0,0,0,0,"-32.95817760227484,-60.666264034822",S/D,,ROSARIO,Rosario,S/D,S/D,II,S/D,S/D,S/D,S/D,S/D,S/D,S/D,Nocturna,S/D,S/D,S/D,Otro,S/D,S/D,S/D,S/D,"-32.95817760227484,-60.666264034822",[''],0,,-32.95817760227484,-60.666264034822,55.0,538.0,Municipio Rosario,Municipio,Rosario,820210,Servicio de Catastro e Información Territorial,IGN
2020,8530,2020-01-19,Domingo,,15:00:00,,0.0,1,Moto/Ciclomotor, ,1,1,0,0,0,0,0,"-32.95817760227484,-60.666264034822",S/D,,ROSARIO,Rosario,S/D,S/D,II,S/D,S/D,S/D,S/D,S/D,S/D,S/D,Diurna,S/D,S/D,S/D,Otro,S/D,S/D,S/D,S/D,"-32.95817760227484,-60.666264034822",[''],0,,-32.95817760227484,-60.666264034822,55.0,538.0,Municipio Rosario,Municipio,Rosario,820210,Servicio de Catastro e Información Territorial,IGN
2020,8531,2020-05-06,Miercoles,,21:00:00,,0.0,1,Bicicleta, ,1,1,0,0,0,0,0,"-32.95817760227484,-60.666264034822",S/D,,ROSARIO,Rosario,S/D,S/D,II,S/D,S/D,S/D,S/D,S/D,S/D,S/D,Nocturna,S/D,S/D,S/D,Cañda ocupante,S/D,S/D,S/D,S/D,"-32.95817760227484,-60.666264034822",[''],0,,-32.95817760227484,-60.666264034822,55.0,538.0,Municipio Rosario,Municipio,Rosario,820210,Servicio de Catastro e Información Territorial,IGN
2020,8532,2020-01-19,Domingo,,16:30:00,,0.0,2,"Peatón,Otros", ,2,1,0,0,1,0,0,"-32.95817760227484,-60.666264034822",S/D,,ROSARIO,Rosario,S/D,S/D,II,S/D,S/D,S/D,S/D,S/D,S/D,S/D,Diurna,S/D,S/D,Peatón,Atropello,S/D,S/D,S/D,S/D,"-32.95817760227484,-60.666264034822",[''],0,,-32.95817760227484,-60.666264034822,55.0,538.0,Municipio Rosario,Municipio,Rosario,820210,Servicio de Catastro e Información Territorial,IGN
2020,8533,2020-05-07,Jueves,,00:05:00,,0.0,1,Automóvil, ,1,1,0,0,0,0,0,"-32.95817760227484,-60.666264034822",S/D,,ROSARIO,Rosario,S/D,S/D,II,S/D,S/D,S/D,S/D,S/D,S/D,S/D,Nocturna,S/D,S/D,S/D,Otro,S/D,S/D,S/D,S/D,"-32.95817760227484,-60.666264034822",[''],0,,-32.95817760227484,-60.666264034822,55.0,538.0,Municipio Rosario,Municipio,Rosario,820210,Servicio de Catastro e Información Territorial,IGN
2020,8534,2020-02-02,Domingo,,00:15:00,,0.0,1,Moto/Ciclomotor, ,1,1,0,0,0,0,0,"-32.95817760227484,-60.666264034822",S/D,,ROSARIO,Rosario,S/D,S/D,II,S/D,S/D,S/D,S/D,S/D,S/D,S/D,Nocturna,S/D,S/D,S/D,Otro,S/D,S/D,S/D,S/D,"-32.95817760227484,-60.666264034822",[''],0,,-32.95817760227484,-60.666264034822,55.0,538.0,Municipio Rosario,Municipio,Rosario,820210,Servicio de Catastro e Información Territorial,IGN
2020,8535,2020-05-07,Jueves,,14:00:00,,0.0,1,Moto/Ciclomotor, ,1,1,0,0,0,0,0,"-32.95817760227484,-60.666264034822",S/D,,ROSARIO,Rosario,S/D,S/D,II,S/D,S/D,S/D,S/D,S/D,S/D,S/D,Diurna,S/D,S/D,S/D,Otro,S/D,S/D,S/D,S/D,"-32.95817760227484,-60.666264034822",[''],0,,-32.95817760227484,-60.666264034822,55.0,538.0,Municipio Rosario,Municipio,Rosario,820210,Servicio de Catastro e Información Territorial,IGN
2020,8536,2020-05-07,Jueves,,15:00:00,,0.0,2,"Peatón,Otros", ,2,1,0,0,0,0,1,"-32.95817760227484,-60.666264034822",S/D,,ROSARIO,Rosario,S/D,S/D,II,S/D,S/D,S/D,S/D,S/D,S/D,S/D,Diurna,S/D,S/D,S/D,Otro,S/D,S/D,S/D,S/D,"-32.95817760227484,-60.666264034822",[''],0,,-32.95817760227484,-60.666264034822,55.0,538.0,Municipio Rosario,Municipio,Rosario,820210,Servicio de Catastro e Información Territorial,IGN
2020,8537,2020-01-19,Domingo,,20:00:00,,0.0,1,Automóvil, ,1,1,0,0,0,0,0,"-32.95817760227484,-60.666264034822",S/D,,ROSARIO,Rosario,S/D,S/D,II,S/D,S/D,S/D,S/D,S/D,S/D,S/D,Nocturna,S/D,S/D,S/D,Otro,S/D,S/D,S/D,S/D,"-32.95817760227484,-60.666264034822",[''],0,,-32.95817760227484,-60.666264034822,55.0,538.0,Municipio Rosario,Municipio,Rosario,820210,Servicio de Catastro e Información Territorial,IGN
2020,8538,2020-05-07,Jueves,,20:30:00,,0.0,1,Moto/Ciclomotor, ,1,1,0,0,0,0,0,"-32.95817760227484,-60.666264034822",S/D,,ROSARIO,Rosario,S/D,S/D,II,S/D,S/D,S/D,S/D,S/D,S/D,S/D,Nocturna,S/D,S/D,S/D,Otro,S/D,S/D,S/D,S/D,"-32.95817760227484,-60.666264034822",[''],0,,-32.95817760227484,-60.666264034822,55.0,538.0,Municipio Rosario,Municipio,Rosario,820210,Servicio de Catastro e Información Territorial,IGN
2020,8539,2020-02-02,Domingo,,01:50:00,,0.0,2,"Peatón,Otros", ,2,1,0,0,0,0,1,"-32.95817760227484,-60.666264034822",S/D,,ROSARIO,Rosario,S/D,S/D,II,S/D,S/D,S/D,S/D,S/D,S/D,S/D,Nocturna,S/D,S/D,Peatón,Atropello,S/D,S/D,S/D,Sin restricción,"-32.95817760227484,-60.666264034822",[''],0,,-32.95817760227484,-60.666264034822,55.0,538.0,Municipio Rosario,Municipio,Rosario,820210,Servicio de Catastro e Información Territorial,IGN
2020,8540,2020-05-09,Sabado,,03:30:00,,0.0,1,Moto/Ciclomotor, ,1,1,0,0,0,0,0,"-32.95817760227484,-60.666264034822",S/D,,ROSARIO,Rosario,S/D,S/D,II,S/D,S/D,S/D,S/D,S/D,S/D,S/D,Nocturna,S/D,S/D,S/D,Otro,S/D,S/D,S/D,S/D,"-32.95817760227484,-60.666264034822",[''],0,,-32.95817760227484,-60.666264034822,55.0,538.0,Municipio Rosario,Municipio,Rosario,820210,Servicio de Catastro e Información Territorial,IGN
2020,8541,2020-05-09,Sabado,,07:00:00,,0.0,1,Moto/Ciclomotor, ,1,1,0,0,0,0,0,"-32.95817760227484,-60.666264034822",S/D,,ROSARIO,Rosario,S/D,S/D,II,S/D,S/D,S/D,S/D,S/D,S/D,S/D,Diurna,S/D,S/D,S/D,Otro,S/D,S/D,S/D,S/D,"-32.95817760227484,-60.666264034822",[''],0,,-32.95817760227484,-60.666264034822,55.0,538.0,Municipio Rosario,Municipio,Rosario,820210,Servicio de Catastro e Información Territorial,IGN
2020,8542,2020-05-09,Sabado,,11:00:00,,0.0,1,Moto/Ciclomotor, ,1,1,0,0,0,0,0,"-32.95817760227484,-60.666264034822",S/D,,ROSARIO,Rosario,S/D,S/D,II,S/D,S/D,S/D,S/D,S/D,S/D,S/D,Diurna,S/D,S/D,S/D,Otro,S/D,S/D,S/D,S/D,"-32.95817760227484,-60.666264034822",[''],0,,-32.95817760227484,-60.666264034822,55.0,538.0,Municipio Rosario,Municipio,Rosario,820210,Servicio de Catastro e Información Territorial,IGN
2020,8543,2020-01-19,Domingo,,21:30:00,,0.0,1,Moto/Ciclomotor, ,1,1,0,0,0,0,0,"-32.95817760227484,-60.666264034822",S/D,,ROSARIO,Rosario,S/D,S/D,II,S/D,S/D,S/D,S/D,S/D,S/D,S/D,Nocturna,S/D,S/D,S/D,Otro,S/D,S/D,S/D,S/D,"-32.95817760227484,-60.666264034822",[''],0,,-32.95817760227484,-60.666264034822,55.0,538.0,Municipio Rosario,Municipio,Rosario,820210,Servicio de Catastro e Información Territorial,IGN
2020,8544,2020-05-09,Sabado,,12:00:00,,0.0,1,Moto/Ciclomotor, ,1,1,0,0,0,0,0,"-32.95817760227484,-60.666264034822",S/D,,ROSARIO,Rosario,S/D,S/D,II,S/D,S/D,S/D,S/D,S/D,S/D,S/D,Diurna,S/D,S/D,S/D,Otro,S/D,S/D,S/D,S/D,"-32.95817760227484,-60.666264034822",[''],0,,-32.95817760227484,-60.666264034822,55.0,538.0,Municipio Rosario,Municipio,Rosario,820210,Servicio de Catastro e Información Territorial,IGN
2020,8545,2020-05-09,Sabado,,17:00:00,,0.0,1,Moto/Ciclomotor, ,1,1,0,0,0,0,0,"-32.95817760227484,-60.666264034822",S/D,,ROSARIO,Rosario,S/D,S/D,II,S/D,S/D,S/D,S/D,S/D,S/D,S/D,Diurna,S/D,S/D,S/D,Otro,S/D,S/D,S/D,S/D,"-32.95817760227484,-60.666264034822",[''],0,,-32.95817760227484,-60.666264034822,55.0,538.0,Municipio Rosario,Municipio,Rosario,820210,Servicio de Catastro e Información Territorial,IGN
2020,8546,2020-05-09,Sabado,,17:00:00,,0.0,1,Moto/Ciclomotor, ,1,1,0,0,0,0,0,"-32.95817760227484,-60.666264034822",S/D,,ROSARIO,Rosario,S/D,S/D,II,S/D,S/D,S/D,S/D,S/D,S/D,S/D,Diurna,S/D,S/D,S/D,Otro,S/D,S/D,S/D,S/D,"-32.95817760227484,-60.666264034822",[''],0,,-32.95817760227484,-60.666264034822,55.0,538.0,Municipio Rosario,Municipio,Rosario,820210,Servicio de Catastro e Información Territorial,IGN
2020,8547,2020-05-09,Sabado,,20:00:00,,0.0,1,Moto/Ciclomotor, ,1,1,0,0,0,0,0,"-32.95817760227484,-60.666264034822",S/D,,ROSARIO,Rosario,S/D,S/D,II,S/D,S/D,S/D,S/D,S/D,S/D,S/D,Nocturna,S/D,S/D,S/D,Otro,S/D,S/D,S/D,S/D,"-32.95817760227484,-60.666264034822",[''],0,,-32.95817760227484,-60.666264034822,55.0,538.0,Municipio Rosario,Municipio,Rosario,820210,Servicio de Catastro e Información Territorial,IGN
2020,8548,2020-01-19,Domingo,,22:00:00,,0.0,1,Moto/Ciclomotor, ,1,1,0,0,0,0,0,"-32.95817760227484,-60.666264034822",S/D,,ROSARIO,Rosario,S/D,S/D,II,S/D,S/D,S/D,S/D,S/D,S/D,S/D,Nocturna,S/D,S/D,S/D,Otro,S/D,S/D,S/D,S/D,"-32.95817760227484,-60.666264034822",[''],0,,-32.95817760227484,-60.666264034822,55.0,538.0,Municipio Rosario,Municipio,Rosario,820210,Servicio de Catastro e Información Territorial,IGN
2020,8549,2020-02-02,Domingo,,03:20:00,,0.0,1,Moto/Ciclomotor, ,1,1,0,0,0,0,0,"-32.95817760227484,-60.666264034822",S/D,,ROSARIO,Rosario,S/D,S/D,II,S/D,S/D,S/D,S/D,S/D,S/D,S/D,Nocturna,S/D,S/D,S/D,Otro,S/D,S/D,S/D,S/D,"-32.95817760227484,-60.666264034822",[''],0,,-32.95817760227484,-60.666264034822,55.0,538.0,Municipio Rosario,Municipio,Rosario,820210,Servicio de Catastro e Información Territorial,IGN