anio_acci,nro_acci,fecha,desc_dia,fecha_aprox,hora_aprox,desc_ruta,km,cant_participantes,desc_participante,calle_avenida_km,total,heridos_leves,heridos_graves,heridos_gravisimos,ilesos,fallecidos,sin_datos,posicion_XY,desc_tipo_via,desc_ruta_ori,desc_loc,desc_dpto,desc_tipo_calzada,desc_tipo_banquina,desc_unidad_regional,desc_lugar_calzada,desc_zona,desc_prioridad,desc_estado_semaforo,desc_lugar_via,desc_estado_via,desc_estado_visibilidad,desc_luminosidad,desc_estado_clima,desc_tipo_colision,desc_tipo_atropello,desc_tipo_hecho,desc_pres_calzada,desc_senializacion,desc_separacion_via,desc_restriccion,forma_geocod,calle_lista,numero_calles,calles_osm,lat,lon,index_right,gid,fna,gna,nam,in1,fdc,sag
2020,8871,2020-12-24,Jueves,,07:30:00,,0.0,1,Moto/Ciclomotor,Bv. Avellaneda Y Gaboto,1,1,0,0,0,0,0,"-32.965976888698,-60.686013588818",Avenida,,ROSARIO,Rosario,Asfalto,No existe,II,Dentro,Urbana,Paso Peatonal,No existe,Intersección,S/D,S/D,Diurna,S/D,S/D,S/D,Otro,S/D,Horizontal,Cordón divisorio,S/D,"-32.965976888698,-60.686013588818","['Avellaneda', 'Gaboto']",2,,-32.965976888698,-60.686013588818,55.0,538.0,Municipio Rosario,Municipio,Rosario,820210,Servicio de Catastro e Información Territorial,IGN
2020,8873,2020-12-22,Martes,,18:00:00,,0.0,1,Moto/Ciclomotor, ,1,1,0,0,0,0,0,"-32.95817760227484,-60.666264034822",S/D,,ROSARIO,Rosario,S/D,S/D,II,S/D,S/D,S/D,S/D,S/D,S/D,S/D,Diurna,S/D,S/D,S/D,Otro,S/D,S/D,S/D,S/D,"-32.95817760227484,-60.666264034822",[''],0,,-32.95817760227484,-60.666264034822,55.0,538.0,Municipio Rosario,Municipio,Rosario,820210,Servicio de Catastro e Información Territorial,IGN
2020,8874,2020-12-21,Lunes,,01:45:00,,0.0,1,Moto/Ciclomotor, ,1,1,0,0,0,0,0,"-32.95817760227484,-60.666264034822",S/D,,ROSARIO,Rosario,S/D,S/D,II,S/D,S/D,S/D,S/D,S/D,S/D,S/D,Nocturna,S/D,S/D,S/D,Otro,S/D,S/D,S/D,S/D,"-32.95817760227484,-60.666264034822",[''],0,,-32.95817760227484,-60.666264034822,55.0,538.0,Municipio Rosario,Municipio,Rosario,820210,Servicio de Catastro e Información Territorial,IGN
2020,8875,2020-10-12,Lunes,,00:05:00,,0.0,1,Moto/Ciclomotor,Av. Eudoro Carrasco 2100,1,1,0,0,0,0,0,"-32.891811382577,-60.685898615605",Calle,,ROSARIO,Rosario,Asfalto,No existe,II,Dentro,Urbana,Paso Peatonal,No existe,Recta,Bueno,S/D,Nocturna,S/D,S/D,S/D,Otro,S/D,Horizontal,"Cordón divisorio,Vegetación,Línea divisoria pintada,S/D",Sin restricción,"-32.891811382577,-60.685898615605",['Eudnicasio Oroño Carrasco 2100'],1,,-32.891811382577,-60.685898615605,55.0,538.0,Municipio Rosario,Municipio,Rosario,820210,Servicio de Catastro e Información Territorial,IGN
2020,8876,2020-10-13,Martes,,21:00:00,,0.0,1,Moto/Ciclomotor, ,1,1,0,0,0,0,0,"-32.95817760227484,-60.666264034822",S/D,,ROSARIO,Rosario,S/D,S/D,II,S/D,S/D,S/D,S/D,S/D,S/D,S/D,Nocturna,S/D,S/D,S/D,Otro,S/D,S/D,S/D,S/D,"-32.95817760227484,-60.666264034822",[''],0,,-32.95817760227484,-60.666264034822,55.0,538.0,Municipio Rosario,Municipio,Rosario,820210,Servicio de Catastro e Información Territorial,IGN
2020,8877,2020-10-19,Lunes,,19:00:00,,0.0,1,Moto/Ciclomotor,Santa Fe ,1,0,1,0,0,0,0,"-32.937702293708,-60.678934327932",Calle,,ROSARIO,Rosario,S/D,S/D,II,Dentro,Urbana,S/D,S/D,S/D,S/D,S/D,Nocturna,S/D,S/D,S/D,Otro,S/D,S/D,S/D,S/D,"-32.937702293708,-60.678934327932",['Santa Fe'],1,,-32.937702293708,-60.678934327932,55.0,538.0,Municipio Rosario,Municipio,Rosario,820210,Servicio de Catastro e Información Territorial,IGN
2020,8878,2020-10-21,Miercoles,,19:45:00,,0.0,1,Bicicleta,Mariano Moreno Y San Lorenzo,1,1,0,0,0,0,0,"-32.941913264553,-60.650009524616",Calle,,ROSARIO,Rosario,Asfalto,No existe,II,Dentro,Urbana,Señal Pare,No existe,Intersección,Bueno,S/D,Nocturna,Buen Tiempo,S/D,S/D,Cañda ocupante,Ninguna,"Horizontal,Vertical",Ninguna,Sin restricción,"-32.941913264553,-60.650009524616","['Mariano Moreno', 'San Lorenzo']",2,,-32.941913264553,-60.650009524616,55.0,538.0,Municipio Rosario,Municipio,Rosario,820210,Servicio de Catastro e Información Territorial,IGN
2020,8879,2020-12-21,Lunes,,06:30:00,,0.0,1,Moto/Ciclomotor,Matienzo ,1,1,0,0,0,0,0,"-32.971938246263,-60.693495310934",Calle,,ROSARIO,Rosario,S/D,S/D,II,Dentro,Urbana,S/D,S/D,Intersección,S/D,S/D,Diurna,S/D,S/D,S/D,Otro,S/D,S/D,S/D,S/D,"-32.971938246263,-60.693495310934",['Matienzo'],1,,-32.971938246263,-60.693495310934,55.0,538.0,Municipio Rosario,Municipio,Rosario,820210,Servicio de Catastro e Información Territorial,IGN
2020,8880,2020-10-22,Jueves,,17:15:00,,0.0,2,"Automóvil,Bicicleta",Av. Uriburu Y L.N.Alem,2,1,0,0,0,0,1,"-32.990493802526,-60.63894955",Avenida,,ROSARIO,Rosario,Asfalto,No existe,II,Dentro,Urbana,Paso Peatonal,No existe,Intersección,Bueno,S/D,Diurna,S/D,S/D,Ciclista,Atropello,S/D,Horizontal,"Cordón divisorio,Línea divisoria pintada",Sin restricción,"-32.990493802526,-60.63894955","['Uriburu', 'Alem']",2,,-32.990493802526,-60.63894955,55.0,538.0,Municipio Rosario,Municipio,Rosario,820210,Servicio de Catastro e Información Territorial,IGN
2020,8881,2020-10-28,Miercoles,,17:30:00,,0.0,1,Otros,Montevideo Y Valparaiso,1,1,0,0,0,0,0,"-32.948304491534,-60.684290389195",Calle,,ROSARIO,Rosario,Asfalto,No existe,II,Dentro,Urbana,Ninguna,No existe,Intersección,Bueno,S/D,Diurna,S/D,S/D,S/D,S/D,S/D,Faltante,Ninguna,S/D,"-32.948304491534,-60.684290389195","['Montevideo', 'Valparaíso']",2,,-32.948304491534,-60.684290389195,55.0,538.0,Municipio Rosario,Municipio,Rosario,820210,Servicio de Catastro e Información Territorial,IGN
2020,8882,2020-12-21,Lunes,,16:00:00,,0.0,1,Moto/Ciclomotor,Pte.Roca Y Rioja,1,1,0,0,0,0,0,"-32.946322435411,-60.645408597389",Calle,,ROSARIO,Rosario,Asfalto,No existe,II,Dentro,Urbana,Paso Peatonal,No existe,Intersección,S/D,S/D,Diurna,S/D,S/D,S/D,Otro,S/D,Horizontal,Ninguna,S/D,"-32.946322435411,-60.645408597389","['Roca', 'Rioja']",2,,-32.946322435411,-60.645408597389,55.0,538.0,Municipio Rosario,Municipio,Rosario,820210,Servicio de Catastro e Información Territorial,IGN
2020,8883,2020-10-29,Jueves,,20:00:00,,0.0,1,Moto/Ciclomotor, ,1,1,0,0,0,0,0,"-32.95817760227484,-60.666264034822",S/D,,ROSARIO,Rosario,S/D,S/D,II,S/D,S/D,S/D,S/D,S/D,S/D,S/D,Nocturna,S/D,S/D,S/D,Otro,S/D,S/D,S/D,S/D,"-32.95817760227484,-60.666264034822",[''],0,,-32.95817760227484,-60.666264034822,55.0,538.0,Municipio Rosario,Municipio,Rosario,820210,Servicio de Catastro e Información Territorial,IGN
2020,8885,2020-11-01,Domingo,,04:00:00,,0.0,1,Moto/Ciclomotor, ,1,1,0,0,0,0,0,"-32.95817760227484,-60.666264034822",S/D,,ROSARIO,Rosario,S/D,S/D,II,S/D,S/D,S/D,S/D,S/D,S/D,S/D,Nocturna,S/D,S/D,S/D,Otro,S/D,S/D,S/D,S/D,"-32.95817760227484,-60.666264034822",[''],0,,-32.95817760227484,-60.666264034822,55.0,538.0,Municipio Rosario,Municipio,Rosario,820210,Servicio de Catastro e Información Territorial,IGN
2020,8886,2020-11-02,Lunes,,19:30:00,,0.0,1,Bicicleta,Bv. Segui Y Camilo Aldao,1,1,0,0,0,0,0,"-32.970468244672,-60.694799458315",Avenida,,ROSARIO,Rosario,Asfalto,No existe,II,Dentro,Urbana,Ninguna,No existe,Intersección,Bueno,S/D,Nocturna,S/D,S/D,S/D,Cañda ocupante,S/D,Faltante,Cordón divisorio,Sin restricción,"-32.970468244672,-60.694799458315","['Bulevar Juan Francisco Seguí', 'Camilo Aldao']",2,,-32.970468244672,-60.694799458315,55.0,538.0,Municipio Rosario,Municipio,Rosario,820210,Servicio de Catastro e Información Territorial,IGN
2020,8887,2020-11-02,Lunes,,,,0.0,1,Otros, ,1,1,0,0,0,0,0,"-32.95817760227484,-60.666264034822",S/D,,ROSARIO,Rosario,S/D,S/D,II,S/D,S/D,S/D,S/D,S/D,S/D,S/D,S/D,S/D,S/D,S/D,S/D,S/D,S/D,S/D,S/D,"-32.95817760227484,-60.666264034822",[''],0,,-32.95817760227484,-60.666264034822,55.0,538.0,Municipio Rosario,Municipio,Rosario,820210,Servicio de Catastro e Información Territorial,IGN
2020,8888,2020-11-03,Martes,,18:00:00,,0.0,1,Moto/Ciclomotor, ,1,1,0,0,0,0,0,"-32.95817760227484,-60.666264034822",S/D,,ROSARIO,Rosario,S/D,S/D,II,S/D,S/D,S/D,S/D,S/D,S/D,S/D,Diurna,S/D,S/D,S/D,Otro,S/D,S/D,S/D,S/D,"-32.95817760227484,-60.666264034822",[''],0,,-32.95817760227484,-60.666264034822,55.0,538.0,Municipio Rosario,Municipio,Rosario,820210,Servicio de Catastro e Información Territorial,IGN
2020,8889,2020-12-01,Martes,,21:15:00,,0.0,1,Moto/Ciclomotor,Barra ,1,1,0,0,0,0,0,"-32.97117690143,-60.705598655634",Calle,,ROSARIO,Rosario,S/D,S/D,II,Dentro,Urbana,S/D,S/D,Intersección,S/D,S/D,Nocturna,S/D,S/D,S/D,Otro,S/D,S/D,S/D,S/D,"-32.97117690143,-60.705598655634",['Barra'],1,,-32.97117690143,-60.705598655634,55.0,538.0,Municipio Rosario,Municipio,Rosario,820210,Servicio de Catastro e Información Territorial,IGN
2020,8890,2020-12-02,Miercoles,,14:30:00,,0.0,1,Moto/Ciclomotor, ,1,1,0,0,0,0,0,"-32.95817760227484,-60.666264034822",S/D,,ROSARIO,Rosario,S/D,S/D,II,S/D,S/D,S/D,S/D,S/D,S/D,S/D,Diurna,S/D,S/D,S/D,Otro,S/D,S/D,S/D,S/D,"-32.95817760227484,-60.666264034822",[''],0,,-32.95817760227484,-60.666264034822,55.0,538.0,Municipio Rosario,Municipio,Rosario,820210,Servicio de Catastro e Información Territorial,IGN
2020,8891,2020-11-06,Viernes,,11:00:00,,0.0,1,Transporte de Pasajeros, ,2,1,0,0,0,0,1,"-32.95817760227484,-60.666264034822",S/D,,ROSARIO,Rosario,S/D,S/D,II,S/D,S/D,S/D,S/D,S/D,S/D,S/D,Diurna,S/D,S/D,S/D,Otro,S/D,S/D,S/D,S/D,"-32.95817760227484,-60.666264034822",[''],0,,-32.95817760227484,-60.666264034822,55.0,538.0,Municipio Rosario,Municipio,Rosario,820210,Servicio de Catastro e Información Territorial,IGN
2020,8892,2020-11-06,Viernes,,17:00:00,,0.0,1,Moto/Ciclomotor, ,1,1,0,0,0,0,0,"-32.95817760227484,-60.666264034822",S/D,,ROSARIO,Rosario,S/D,S/D,II,S/D,S/D,S/D,S/D,S/D,S/D,S/D,Diurna,S/D,S/D,S/D,Otro,S/D,S/D,S/D,S/D,"-32.95817760227484,-60.666264034822",[''],0,,-32.95817760227484,-60.666264034822,55.0,538.0,Municipio Rosario,Municipio,Rosario,820210,Servicio de Catastro e Información Territorial,IGN
2020,8893,2020-11-07,Sabado,,05:00:00,,0.0,1,Moto/Ciclomotor, ,1,1,0,0,0,0,0,"-32.95817760227484,-60.666264034822",S/D,,ROSARIO,Rosario,S/D,S/D,II,S/D,S/D,S/D,S/D,S/D,S/D,S/D,Nocturna,S/D,S/D,S/D,Otro,S/D,S/D,S/D,S/D,"-32.95817760227484,-60.666264034822",[''],0,,-32.95817760227484,-60.666264034822,55.0,538.0,Municipio Rosario,Municipio,Rosario,820210,Servicio de Catastro e Información Territorial,IGN
2020,8894,2020-11-07,Sabado,,09:00:00,,0.0,1,Bicicleta, ,1,1,0,0,0,0,0,"-32.95817760227484,-60.666264034822",S/D,,ROSARIO,Rosario,S/D,S/D,II,S/D,S/D,S/D,S/D,S/D,S/D,S/D,Diurna,S/D,S/D,S/D,Cañda ocupante,S/D,S/D,S/D,S/D,"-32.95817760227484,-60.666264034822",[''],0,,-32.95817760227484,-60.666264034822,55.0,538.0,Municipio Rosario,Municipio,Rosario,820210,Servicio de Catastro e Información Territorial,IGN
2020,8895,2020-12-03,Jueves,,14:10:00,,0.0,2,"Moto/Ciclomotor,Automóvil",Bv. Avellaneda Y Cochabamba,2,1,0,0,0,0,1,"-32.951065854535,-60.682256001566",Avenida,,ROSARIO,Rosario,S/D,No existe,II,Dentro,Urbana,Paso Peatonal,No existe,Intersección,S/D,S/D,Diurna,S/D,S/D,S/D,Colisión,S/D,Horizontal,Cordón divisorio,S/D,"-32.951065854535,-60.682256001566","['Avellaneda', 'Cochabamba']",2,,-32.951065854535,-60.682256001566,55.0,538.0,Municipio Rosario,Municipio,Rosario,820210,Servicio de Catastro e Información Territorial,IGN
2020,8896,2020-12-02,Miercoles,,10:00:00,,0.0,1,Bicicleta,Biedma Y Lavalle,1,1,0,0,0,0,0,"-32.97427072586,-60.686577689299",Calle,,ROSARIO,Rosario,Asfalto,No existe,II,Dentro,Urbana,Ninguna,No existe,Intersección,S/D,S/D,Diurna,S/D,Contra objeto fijo,S/D,Colisión,S/D,Faltante,Ninguna,S/D,"-32.97427072586,-60.686577689299","['Coronel Biedma', 'Lavalle']",2,,-32.97427072586,-60.686577689299,55.0,538.0,Municipio Rosario,Municipio,Rosario,820210,Servicio de Catastro e Información Territorial,IGN
2020,8897,2020-11-08,Domingo,,00:05:00,,0.0,1,Moto/Ciclomotor,Pje. Estudiante Aguilar 7950,1,1,0,0,0,0,0,"-32.956621895871,-60.730245557105",Calle,,ROSARIO,Rosario,Asfalto,No existe,II,Dentro,Urbana,Ninguna,No existe,Recta,Bueno,S/D,Nocturna,S/D,S/D,S/D,Otro,S/D,Faltante,Ninguna,Sin restricción,"-32.956621895871,-60.730245557105",['Pasaje Estudiante Aguilar 7950'],1,,-32.956621895871,-60.730245557105,55.0,538.0,Municipio Rosario,Municipio,Rosario,820210,Servicio de Catastro e Información Territorial,IGN
2020,8899,2020-12-04,Viernes,,00:00:00,,0.0,2,"Peatón,Automóvil", ,2,1,0,0,0,0,1,"-32.95817760227484,-60.666264034822",S/D,,ROSARIO,Rosario,S/D,S/D,II,S/D,S/D,S/D,S/D,S/D,S/D,S/D,Nocturna,S/D,S/D,Peatón,Atropello,S/D,S/D,S/D,S/D,"-32.95817760227484,-60.666264034822",[''],0,,-32.95817760227484,-60.666264034822,55.0,538.0,Municipio Rosario,Municipio,Rosario,820210,Servicio de Catastro e Información Territorial,IGN
2020,8900,2020-12-04,Viernes,,00:00:00,,0.0,1,Moto/Ciclomotor,Biedma Y E.Deliot,1,1,0,0,0,0,0,"-32.972937226295485,-60.69472610950",Calle,,ROSARIO,Rosario,Asfalto,No existe,II,Dentro,Urbana,Ninguna,No existe,Intersección,S/D,S/D,Nocturna,S/D,S/D,S/D,Otro,S/D,Faltante,Ninguna,S/D,"-32.972937226295485,-60.69472610950","['Coronel Biedma', 'V. Deliot']",2,,-32.972937226295485,-60.6947261095,55.0,538.0,Municipio Rosario,Municipio,Rosario,820210,Servicio de Catastro e Información Territorial,IGN
2020,8901,2020-11-08,Domingo,,13:00:00,,0.0,1,Moto/Ciclomotor, ,1,1,0,0,0,0,0,"-32.95817760227484,-60.666264034822",S/D,,ROSARIO,Rosario,S/D,S/D,II,S/D,S/D,S/D,S/D,S/D,S/D,S/D,Diurna,S/D,S/D,S/D,Otro,S/D,S/D,S/D,S/D,"-32.95817760227484,-60.666264034822",[''],0,,-32.95817760227484,-60.666264034822,55.0,538.0,Municipio Rosario,Municipio,Rosario,820210,Servicio de Catastro e Información Territorial,IGN
2020,8902,2020-11-10,Martes,,18:00:00,,0.0,1,Moto/Ciclomotor, ,1,1,0,0,0,0,0,"-32.95817760227484,-60.666264034822",S/D,,ROSARIO,Rosario,S/D,S/D,II,S/D,S/D,S/D,S/D,S/D,S/D,S/D,Diurna,S/D,S/D,S/D,Otro,S/D,S/D,S/D,S/D,"-32.95817760227484,-60.666264034822",[''],0,,-32.95817760227484,-60.666264034822,55.0,538.0,Municipio Rosario,Municipio,Rosario,820210,Servicio de Catastro e Información Territorial,IGN
2020,8903,2020-12-04,Viernes,,17:00:00,,0.0,1,Bicicleta,Bv. Segui Y Mariano Moreno,1,1,0,0,0,0,0,"-32.976742456094,-60.658768621938",Avenida,,ROSARIO,Rosario,Asfalto,No existe,II,Dentro,Urbana,Ninguna,No existe,Intersección,S/D,S/D,Diurna,S/D,Atropello animal,S/D,Colisión,S/D,S/D,Cordón divisorio,S/D,"-32.976742456094,-60.658768621938","['Bulevar Juan Francisco Seguí', 'Mariano Moreno']",2,,-32.976742456094,-60.658768621938,55.0,538.0,Municipio Rosario,Municipio,Rosario,820210,Servicio de Catastro e Información Territorial,IGN
2020,8904,2020-11-12,Jueves,,00:05:00,,0.0,1,Moto/Ciclomotor, ,1,1,0,0,0,0,0,"-32.95817760227484,-60.666264034822",S/D,,ROSARIO,Rosario,S/D,S/D,II,S/D,S/D,S/D,S/D,S/D,S/D,S/D,Nocturna,S/D,S/D,S/D,Otro,S/D,S/D,S/D,S/D,"-32.95817760227484,-60.666264034822",[''],0,,-32.95817760227484,-60.666264034822,55.0,538.0,Municipio Rosario,Municipio,Rosario,820210,Servicio de Catastro e Información Territorial,IGN
2020,8905,2020-12-04,Viernes,,00:18:00,,0.0,1,Moto/Ciclomotor,Av. Pellegrini Y Colombia,1,1,0,0,0,0,0,"-32.9485559463501,-60.7157787680625",Avenida,,ROSARIO,Rosario,Asfalto,No existe,II,Dentro,Urbana,Ninguna,No existe,Intersección,S/D,S/D,Nocturna,S/D,S/D,S/D,Otro,S/D,Faltante,Cordón divisorio,S/D,"-32.9485559463501,-60.7157787680625","['Pellegrini', 'Colombia']",2,,-32.9485559463501,-60.7157787680625,55.0,538.0,Municipio Rosario,Municipio,Rosario,820210,Servicio de Catastro e Información Territorial,IGN
2020,8906,2020-12-06,Domingo,,14:00:00,,0.0,1,Moto/Ciclomotor,Biedma Y Edmundo Rivero,1,1,0,0,0,0,0,"-32.974696755409255,-60.70086836814",Calle,,ROSARIO,Rosario,Asfalto,No existe,II,Dentro,Urbana,Ninguna,No existe,Intersección,S/D,S/D,Diurna,S/D,S/D,S/D,Otro,S/D,Faltante,Cordón divisorio,S/D,"-32.974696755409255,-60.70086836814","['Coronel Biedma', 'Edmundo Rivero']",2,,-32.974696755409255,-60.70086836814,55.0,538.0,Municipio Rosario,Municipio,Rosario,820210,Servicio de Catastro e Información Territorial,IGN
2020,8907,2020-11-22,Domingo,,00:05:00,,0.0,1,Moto/Ciclomotor,Av. Uriburu Y Grandoli,1,1,0,0,0,0,0,"-32.990006389483,-60.628410024844",Avenida,,ROSARIO,Rosario,Asfalto,No existe,II,Dentro,Urbana,Semáforo,Funciona,Intersección,Bueno,S/D,"Nocturna,Con luz artificial",Buen Tiempo,S/D,S/D,Otro,S/D,"Horizontal,Vertical","Cordón divisorio,Línea divisoria pintada",Sin restricción,"-32.990006389483,-60.628410024844","['Uriburu', 'Avenida Abanderado Grandoli']",2,,-32.990006389483,-60.628410024844,55.0,538.0,Municipio Rosario,Municipio,Rosario,820210,Servicio de Catastro e Información Territorial,IGN
2020,8908,2020-11-22,Domingo,,20:00:00,,0.0,1,Otros, ,1,1,0,0,0,0,0,"-32.95817760227484,-60.666264034822",S/D,,ROSARIO,Rosario,S/D,S/D,II,S/D,S/D,S/D,S/D,S/D,S/D,S/D,Nocturna,S/D,S/D,S/D,Otro,S/D,S/D,S/D,S/D,"-32.95817760227484,-60.666264034822",[''],0,,-32.95817760227484,-60.666264034822,55.0,538.0,Municipio Rosario,Municipio,Rosario,820210,Servicio de Catastro e Información Territorial,IGN
2020,8909,2020-11-23,Lunes,,20:00:00,,0.0,1,Moto/Ciclomotor, ,1,1,0,0,0,0,0,"-32.95817760227484,-60.666264034822",S/D,,ROSARIO,Rosario,S/D,S/D,II,S/D,S/D,S/D,S/D,S/D,S/D,S/D,Nocturna,S/D,S/D,S/D,Otro,S/D,S/D,S/D,S/D,"-32.95817760227484,-60.666264034822",[''],0,,-32.95817760227484,-60.666264034822,55.0,538.0,Municipio Rosario,Municipio,Rosario,820210,Servicio de Catastro e Información Territorial,IGN
2020,8910,2020-11-25,Miercoles,,14:00:00,,0.0,1,Moto/Ciclomotor,Bv. Avellaneda Y Av. Luis Carballo,1,1,0,0,0,0,0,"-32.921926129617,-60.674709727097",Avenida,,ROSARIO,Rosario,Asfalto,No existe,II,Dentro,Urbana,Semáforo,Funciona,Intersección,Bueno,S/D,Diurna,Buen Tiempo,S/D,S/D,Otro,S/D,"Horizontal,Vertical","Cordón divisorio,Línea divisoria pintada",Sin restricción,"-32.921926129617,-60.674709727097","['Avellaneda', 'Avenida Doctor Luis Cándido Carballo']",2,,-32.921926129617,-60.674709727097,55.0,538.0,Municipio Rosario,Municipio,Rosario,820210,Servicio de Catastro e Información Territorial,IGN
2020,8911,2020-11-25,Miercoles,,18:45:00,,0.0,1,Bicicleta,Gutenberg Y Ituzaingo,1,1,0,0,0,0,0,"-32.951909877353,-60.690889466438",Calle,,ROSARIO,Rosario,Asfalto,No existe,II,Dentro,Urbana,Ninguna,No existe,Intersección,Deteriorada,S/D,Diurna,Otro,S/D,S/D,Cañda ocupante,S/D,Faltante,Ninguna,S/D,"-32.951909877353,-60.690889466438","['Gutenberg', 'Ituzaingó']",2,,-32.951909877353,-60.690889466438,55.0,538.0,Municipio Rosario,Municipio,Rosario,820210,Servicio de Catastro e Información Territorial,IGN
2020,8912,2020-12-06,Domingo,,18:45:00,,0.0,1,Moto/Ciclomotor, ,1,1,0,0,0,0,0,"-32.95817760227484,-60.666264034822",S/D,,ROSARIO,Rosario,S/D,S/D,II,S/D,S/D,S/D,S/D,S/D,S/D,S/D,Diurna,S/D,S/D,S/D,Otro,S/D,S/D,S/D,S/D,"-32.95817760227484,-60.666264034822",[''],0,,-32.95817760227484,-60.666264034822,55.0,538.0,Municipio Rosario,Municipio,Rosario,820210,Servicio de Catastro e Información Territorial,IGN
2020,8913,2020-11-26,Jueves,,00:05:00,,0.0,1,Moto/Ciclomotor,Rodriguez Y Salta,1,1,0,0,0,0,0,"-32.935764092999,-60.65696140002",Calle,,ROSARIO,Rosario,Asfalto,No existe,II,Dentro,Urbana,Semáforo,Funciona,Intersección,Bueno,Buena,"Nocturna,Con luz artificial",S/D,S/D,S/D,Otro,S/D,Vertical,Línea divisoria pintada,S/D,"-32.935764092999,-60.65696140002","['Rodríguez', 'Salta']",2,,-32.935764092999,-60.65696140002,55.0,538.0,Municipio Rosario,Municipio,Rosario,820210,Servicio de Catastro e Información Territorial,IGN
2020,8914,2020-11-21,Sabado,,12:00:00,,0.0,1,Bicicleta,3 De Febrero Y Balcarce,1,1,0,0,0,0,0,"-32.95030590924,-60.653538238178",Calle,,ROSARIO,Rosario,Asfalto,No existe,II,Dentro,Urbana,Paso Peatonal,No existe,Intersección,Bueno,S/D,Diurna,S/D,S/D,S/D,Cañda ocupante,S/D,Horizontal,Línea divisoria pintada,S/D,"-32.95030590924,-60.653538238178","['3 de Febrero', 'Balcarce']",2,,-32.95030590924,-60.653538238178,55.0,538.0,Municipio Rosario,Municipio,Rosario,820210,Servicio de Catastro e Información Territorial,IGN
2020,8915,2020-12-04,Viernes,,19:00:00,,0.0,1,Bicicleta,Hilarion de la Quintana Y Rodriguez,1,1,0,0,0,0,0,"-33.001685142517104,-60.67028045654",Calle,,ROSARIO,Rosario,Asfalto,No existe,II,Dentro,Urbana,Ninguna,No existe,Intersección,S/D,S/D,Diurna,S/D,Contra objeto fijo,S/D,Colisión,S/D,Faltante,Ninguna,S/D,"-33.001685142517104,-60.67028045654","['Hilarión de la Quintana', 'Rodríguez']",2,,-33.001685142517104,-60.67028045654,55.0,538.0,Municipio Rosario,Municipio,Rosario,820210,Servicio de Catastro e Información Territorial,IGN
2020,8916,2020-11-22,Domingo,,16:00:00,,0.0,1,Moto/Ciclomotor,Rodriguez Y Tucuman,1,1,0,0,0,0,0,"-32.938110533322,-60.657552630816",Calle,,ROSARIO,Rosario,Asfalto,No existe,II,Dentro,Urbana,Ninguna,No existe,Intersección,Bueno,S/D,Diurna,Buen Tiempo,S/D,S/D,Otro,S/D,Faltante,Ninguna,S/D,"-32.938110533322,-60.657552630816","['Rodríguez', 'Tucumán']",2,,-32.938110533322,-60.657552630816,55.0,538.0,Municipio Rosario,Municipio,Rosario,820210,Servicio de Catastro e Información Territorial,IGN
2020,8917,2020-12-06,Domingo,,22:45:00,,0.0,1,Moto/Ciclomotor, ,1,1,0,0,0,0,0,"-32.95817760227484,-60.666264034822",S/D,,ROSARIO,Rosario,S/D,S/D,II,S/D,S/D,S/D,S/D,S/D,S/D,S/D,Nocturna,S/D,S/D,S/D,Otro,S/D,S/D,S/D,S/D,"-32.95817760227484,-60.666264034822",[''],0,,-32.95817760227484,-60.666264034822,55.0,538.0,Municipio Rosario,Municipio,Rosario,820210,Servicio de Catastro e Información Territorial,IGN
2020,8918,2020-11-26,Jueves,,00:05:00,,0.0,1,Pickup/Utilitario,Av. Francia ,1,1,0,0,0,0,0,"-32.991649715264,-60.678049438364",Calle,,ROSARIO,Rosario,S/D,S/D,II,Dentro,Urbana,S/D,S/D,S/D,S/D,S/D,Nocturna,S/D,S/D,S/D,Otro,S/D,S/D,Cordón divisorio,S/D,"-32.991649715264,-60.678049438364",['Francia'],1,,-32.991649715264,-60.678049438364,55.0,538.0,Municipio Rosario,Municipio,Rosario,820210,Servicio de Catastro e Información Territorial,IGN
2020,8919,2020-11-26,Jueves,,13:50:00,,0.0,1,Moto/Ciclomotor,Bv. Avellaneda Y Garibaldi,1,1,0,0,0,0,0,"-32.991649715264,-60.678049438364",Avenida,,ROSARIO,Rosario,Asfalto,No existe,II,Dentro,Urbana,Semáforo,Funciona,Intersección,Bueno,Buena,Diurna,Buen Tiempo,S/D,S/D,Otro,Ninguna,"Horizontal,Vertical","Cordón divisorio,Línea divisoria pintada",S/D,"-32.991649715264,-60.678049438364","['Avellaneda', 'José Garibaldi']",2,,-32.991649715264,-60.678049438364,55.0,538.0,Municipio Rosario,Municipio,Rosario,820210,Servicio de Catastro e Información Territorial,IGN
2020,8920,2020-12-07,Lunes,,10:00:00,,0.0,1,Otros, ,2,1,0,0,0,0,1,"-32.95817760227484,-60.666264034822",S/D,,ROSARIO,Rosario,S/D,S/D,II,S/D,S/D,S/D,S/D,S/D,S/D,S/D,Diurna,S/D,S/D,S/D,Otro,S/D,S/D,S/D,S/D,"-32.95817760227484,-60.666264034822",[''],0,,-32.95817760227484,-60.666264034822,55.0,538.0,Municipio Rosario,Municipio,Rosario,820210,Servicio de Catastro e Información Territorial,IGN