anio_acci,nro_acci,fecha,desc_dia,fecha_aprox,hora_aprox,desc_ruta,km,cant_participantes,desc_participante,calle_avenida_km,total,heridos_leves,heridos_graves,heridos_gravisimos,ilesos,fallecidos,sin_datos,posicion_XY,desc_tipo_via,desc_ruta_ori,desc_loc,desc_dpto,desc_tipo_calzada,desc_tipo_banquina,desc_unidad_regional,desc_lugar_calzada,desc_zona,desc_prioridad,desc_estado_semaforo,desc_lugar_via,desc_estado_via,desc_estado_visibilidad,desc_luminosidad,desc_estado_clima,desc_tipo_colision,desc_tipo_atropello,desc_tipo_hecho,desc_pres_calzada,desc_senializacion,desc_separacion_via,desc_restriccion,forma_geocod,calle_lista,numero_calles,calles_osm,lat,lon,index_right,gid,fna,gna,nam,in1,fdc,sag
2020,8921,2020-11-25,Miercoles,,18:00:00,,0.0,1,Bicicleta,Brown Y Bv. Oro�o,1,1,0,0,0,0,0,"-32.934413948125,-60.650843520278",Avenida,,ROSARIO,Rosario,Asfalto,No existe,II,Dentro,Urbana,Semáforo,Funciona,Intersección,Bueno,Buena,Diurna,S/D,S/D,S/D,Cañda ocupante,S/D,"Horizontal,Vertical","Cordón divisorio,Vegetación",S/D,"-32.934413948125,-60.650843520278","['Brown', 'Bulevar Nicasio Oroño']",2,,-32.934413948125,-60.650843520278,55.0,538.0,Municipio Rosario,Municipio,Rosario,820210,Servicio de Catastro e Información Territorial,IGN
2020,8922,2020-11-26,Jueves,,08:00:00,,0.0,1,Automóvil,Bv. Avellaneda Y Bv. Segui,1,1,0,0,0,0,0,"-32.97165667827,-60.687244626218",Avenida,,ROSARIO,Rosario,Asfalto,No existe,II,Dentro,Urbana,Semáforo,Funciona,Intersección,Bueno,S/D,Diurna,S/D,S/D,S/D,Otro,S/D,"Horizontal,Vertical","Cordón divisorio,Línea divisoria pintada",S/D,"-32.97165667827,-60.687244626218","['Avellaneda', 'Bulevar Juan Francisco Seguí']",2,,-32.97165667827,-60.687244626218,55.0,538.0,Municipio Rosario,Municipio,Rosario,820210,Servicio de Catastro e Información Territorial,IGN
2020,8923,2020-12-07,Lunes,,20:45:00,,0.0,1,Moto/Ciclomotor, ,1,1,0,0,0,0,0,"-32.95817760227484,-60.666264034822",S/D,,ROSARIO,Rosario,S/D,S/D,II,S/D,S/D,S/D,S/D,S/D,S/D,S/D,Nocturna,S/D,S/D,S/D,Otro,S/D,S/D,S/D,S/D,"-32.95817760227484,-60.666264034822",[''],0,,-32.95817760227484,-60.666264034822,55.0,538.0,Municipio Rosario,Municipio,Rosario,820210,Servicio de Catastro e Información Territorial,IGN
2020,8924,2020-11-26,Jueves,,16:30:00,,0.0,1,Moto/Ciclomotor,Bv. Avellaneda Y Garibaldi,1,1,0,0,0,0,0,"-32.97877907752992,-60.688444375991",Avenida,,ROSARIO,Rosario,Asfalto,No existe,II,Dentro,Urbana,Ninguna,No existe,Intersección,Bueno,S/D,Diurna,Buen Tiempo,S/D,S/D,Otro,S/D,Faltante,Cordón divisorio,Sin restricción,"-32.97877907752992,-60.688444375991","['Avellaneda', 'José Garibaldi']",2,,-32.97877907752992,-60.688444375991,55.0,538.0,Municipio Rosario,Municipio,Rosario,820210,Servicio de Catastro e Información Territorial,IGN
2020,8925,2020-12-08,Martes,,07:20:00,,0.0,1,Automóvil, ,1,1,0,0,0,0,0,"-32.95817760227484,-60.666264034822",S/D,,ROSARIO,Rosario,S/D,S/D,II,S/D,S/D,S/D,S/D,S/D,S/D,S/D,Diurna,S/D,S/D,S/D,Otro,S/D,S/D,S/D,S/D,"-32.95817760227484,-60.666264034822",[''],0,,-32.95817760227484,-60.666264034822,55.0,538.0,Municipio Rosario,Municipio,Rosario,820210,Servicio de Catastro e Información Territorial,IGN
2020,8926,2020-11-27,Viernes,,07:00:00,,0.0,1,Moto/Ciclomotor,Alsina Y Ocampo,1,1,0,0,0,0,0,"-32.959601660581,-60.68146350195",Calle,,ROSARIO,Rosario,Asfalto,No existe,II,Dentro,Urbana,Ninguna,No existe,Intersección,Bueno,S/D,Diurna,S/D,S/D,S/D,Otro,S/D,Faltante,Ninguna,S/D,"-32.959601660581,-60.68146350195","['Alsina', 'Ocampo']",2,,-32.959601660581,-60.68146350195,55.0,538.0,Municipio Rosario,Municipio,Rosario,820210,Servicio de Catastro e Información Territorial,IGN
2020,8927,2020-11-28,Sabado,,00:05:00,,0.0,1,Moto/Ciclomotor,Amenabar Y Roullon,1,1,0,0,0,0,0,"-32.96368463289899, -60.70129688479",Calle,,ROSARIO,Rosario,Asfalto,No existe,II,Dentro,Urbana,Paso Peatonal,No existe,Intersección,Bueno,S/D,"Nocturna,Con luz artificial",Otro,S/D,S/D,Otro,Ninguna,Horizontal,"Cordón divisorio,Línea divisoria pintada",Sin restricción,"-32.96368463289899, -60.70129688479","['Amenabar', 'Alfredo Rouillón']",2,,-32.96368463289899,-60.70129688479,55.0,538.0,Municipio Rosario,Municipio,Rosario,820210,Servicio de Catastro e Información Territorial,IGN
2020,8928,2020-12-08,Martes,,19:50:00,,0.0,1,Bicicleta,Roullon 4700,1,1,0,0,0,0,0,"-32.986809, -60.700452",Calle,,ROSARIO,Rosario,S/D,No existe,II,Dentro,Urbana,Ninguna,S/D,Intersección,S/D,S/D,Nocturna,S/D,Contra objeto fijo,S/D,Colisión,S/D,S/D,S/D,S/D,"-32.986809, -60.700452",['Alfredo Rouillón 4700'],1,,-32.986809,-60.700452,55.0,538.0,Municipio Rosario,Municipio,Rosario,820210,Servicio de Catastro e Información Territorial,IGN
2020,8929,2020-12-08,Martes,,22:00:00,,0.0,1,Bicicleta, ,1,1,0,0,0,0,0,"-32.95817760227484,-60.666264034822",S/D,,ROSARIO,Rosario,S/D,S/D,II,S/D,S/D,S/D,S/D,S/D,S/D,S/D,Nocturna,S/D,Contra objeto fijo,S/D,Colisión,S/D,S/D,S/D,S/D,"-32.95817760227484,-60.666264034822",[''],0,,-32.95817760227484,-60.666264034822,55.0,538.0,Municipio Rosario,Municipio,Rosario,820210,Servicio de Catastro e Información Territorial,IGN
2020,8930,2020-12-09,Miercoles,,09:15:00,,0.0,1,Moto/Ciclomotor,Av. Belgrano Y Buenos Aires,1,0,1,0,0,0,0,"-32.945535760591,-60.632212413664",Calle,,ROSARIO,Rosario,Asfalto,No existe,II,Dentro,Urbana,Semáforo,Funciona,Intersección,S/D,S/D,Diurna,S/D,S/D,S/D,Otro,S/D,"Horizontal,Vertical",Cordón divisorio,S/D,"-32.945535760591,-60.632212413664","['Belgrano', 'Buenos Aires']",2,,-32.945535760591,-60.632212413664,55.0,538.0,Municipio Rosario,Municipio,Rosario,820210,Servicio de Catastro e Información Territorial,IGN
2020,8931,2020-12-09,Miercoles,,00:00:00,,0.0,1,Moto/Ciclomotor,Grandoli 3800,1,1,0,0,0,0,0,"-32.984710622207,-60.62822636043",Calle,,ROSARIO,Rosario,Asfalto,No existe,II,Dentro,Urbana,Ninguna,No existe,Intersección,S/D,S/D,Nocturna,S/D,S/D,S/D,Otro,S/D,Faltante,Cordón divisorio,S/D,"-32.984710622207,-60.62822636043",['Grandoli 3800'],1,,-32.984710622207,-60.62822636043,55.0,538.0,Municipio Rosario,Municipio,Rosario,820210,Servicio de Catastro e Información Territorial,IGN
2020,8933,2020-12-09,Miercoles,,10:00:00,,0.0,1,Moto/Ciclomotor, ,1,1,0,0,0,0,0,"-32.95817760227484,-60.666264034822",S/D,,ROSARIO,Rosario,S/D,S/D,II,S/D,S/D,S/D,S/D,S/D,S/D,S/D,Diurna,S/D,S/D,S/D,Otro,S/D,S/D,S/D,S/D,"-32.95817760227484,-60.666264034822",[''],0,,-32.95817760227484,-60.666264034822,55.0,538.0,Municipio Rosario,Municipio,Rosario,820210,Servicio de Catastro e Información Territorial,IGN
2020,8934,2020-12-10,Jueves,,17:00:00,,0.0,1,Moto/Ciclomotor, ,1,1,0,0,0,0,0,"-32.95817760227484,-60.666264034822",S/D,,ROSARIO,Rosario,S/D,S/D,II,S/D,S/D,S/D,S/D,S/D,S/D,S/D,Diurna,S/D,S/D,S/D,Otro,S/D,S/D,S/D,S/D,"-32.95817760227484,-60.666264034822",[''],0,,-32.95817760227484,-60.666264034822,55.0,538.0,Municipio Rosario,Municipio,Rosario,820210,Servicio de Catastro e Información Territorial,IGN
2020,8935,2020-12-12,Sabado,,02:00:00,,0.0,1,Moto/Ciclomotor, ,1,1,0,0,0,0,0,"-32.95817760227484,-60.666264034822",S/D,,ROSARIO,Rosario,S/D,S/D,II,S/D,S/D,S/D,S/D,S/D,S/D,S/D,Nocturna,S/D,S/D,S/D,Otro,S/D,S/D,S/D,S/D,"-32.95817760227484,-60.666264034822",[''],0,,-32.95817760227484,-60.666264034822,55.0,538.0,Municipio Rosario,Municipio,Rosario,820210,Servicio de Catastro e Información Territorial,IGN
2020,8936,2020-11-28,Sabado,,08:00:00,,0.0,1,Moto/Ciclomotor,Bv. Rondeau Y Washington,1,0,1,0,0,0,0,"-32.901242349186,-60.690558196472",Avenida,,ROSARIO,Rosario,Asfalto,No existe,II,Dentro,Urbana,Semáforo,Funciona,Intersección,Bueno,S/D,Diurna,Buen Tiempo,S/D,S/D,Otro,S/D,"Horizontal,Vertical","Cordón divisorio,Vegetación,Línea divisoria pintada",S/D,"-32.901242349186,-60.690558196472","['Rondeau', 'Washington']",2,,-32.901242349186,-60.690558196472,55.0,538.0,Municipio Rosario,Municipio,Rosario,820210,Servicio de Catastro e Información Territorial,IGN
2020,8939,2020-11-29,Domingo,,00:05:00,,0.0,1,Moto/Ciclomotor,Albert Sabin Y Av. Luis Carballo,1,1,0,0,0,0,0,"-32.922178325106,-60.685595786532",Avenida,,ROSARIO,Rosario,Asfalto,No existe,I,Dentro,Urbana,Semáforo,Funciona,Rotonda,Bueno,S/D,"Nocturna,Con luz artificial",Buen Tiempo,S/D,S/D,Otro,S/D,"Horizontal,Vertical","Cordón divisorio,Vegetación,Línea divisoria pintada",S/D,"-32.922178325106,-60.685595786532","['Avenida Travesía Albert Sabin', 'Avenida Doctor Luis Cándido Carballo']",2,,-32.922178325106,-60.685595786532,55.0,538.0,Municipio Rosario,Municipio,Rosario,820210,Servicio de Catastro e Información Territorial,IGN
2020,8940,2020-11-29,Domingo,,04:00:00,,0.0,1,Moto/Ciclomotor, ,1,1,0,0,0,0,0,"-32.95817760227484,-60.666264034822",S/D,,ROSARIO,Rosario,S/D,S/D,II,S/D,S/D,S/D,S/D,S/D,S/D,S/D,Nocturna,S/D,S/D,S/D,Otro,S/D,S/D,S/D,S/D,"-32.95817760227484,-60.666264034822",[''],0,,-32.95817760227484,-60.666264034822,55.0,538.0,Municipio Rosario,Municipio,Rosario,820210,Servicio de Catastro e Información Territorial,IGN
2020,8941,2020-11-28,Sabado,,21:15:00,,0.0,1,Moto/Ciclomotor,Lavalle 2752,1,1,0,0,0,0,0,"-32.96231408865,-60.683574557407",Calle,,ROSARIO,Rosario,Asfalto,No existe,II,Dentro,Urbana,Ninguna,No existe,Recta,Deteriorada,S/D,Nocturna,Buen Tiempo,S/D,S/D,Otro,S/D,Faltante,Ninguna,S/D,"-32.96231408865,-60.683574557407",['Lavalle 2752'],1,,-32.96231408865,-60.683574557407,55.0,538.0,Municipio Rosario,Municipio,Rosario,820210,Servicio de Catastro e Información Territorial,IGN
2020,8942,2020-11-29,Domingo,,00:05:00,,0.0,1,Moto/Ciclomotor,Barra Y Virasoro,1,1,0,0,0,0,0,"-32.961452352701,-60.705971420082",Calle,,ROSARIO,Rosario,Asfalto,No existe,II,Dentro,Urbana,Ninguna,No existe,Intersección,Bueno,S/D,Nocturna,S/D,S/D,S/D,Otro,S/D,Faltante,Ninguna,S/D,"-32.961452352701,-60.705971420082","['Barra', 'Virasoro']",2,,-32.961452352701,-60.705971420082,55.0,538.0,Municipio Rosario,Municipio,Rosario,820210,Servicio de Catastro e Información Territorial,IGN
2020,8943,2020-12-12,Sabado,,00:00:00,,0.0,1,Moto/Ciclomotor,Victor Mercante ,1,1,0,0,0,0,0,"-32.911068, -60.684322",Calle,,ROSARIO,Rosario,Asfalto,No existe,II,Dentro,Urbana,S/D,S/D,Intersección,S/D,S/D,Nocturna,S/D,S/D,S/D,Otro,S/D,S/D,Ninguna,S/D,"-32.911068, -60.684322",['Víctor Mercante'],1,,-32.911068,-60.684322,55.0,538.0,Municipio Rosario,Municipio,Rosario,820210,Servicio de Catastro e Información Territorial,IGN
2020,8944,2020-12-12,Sabado,,06:00:00,,0.0,1,Moto/Ciclomotor, ,1,1,0,0,0,0,0,"-32.95817760227484,-60.666264034822",S/D,,ROSARIO,Rosario,S/D,S/D,II,S/D,S/D,S/D,S/D,S/D,S/D,S/D,Nocturna,S/D,S/D,S/D,Otro,S/D,S/D,S/D,S/D,"-32.95817760227484,-60.666264034822",[''],0,,-32.95817760227484,-60.666264034822,55.0,538.0,Municipio Rosario,Municipio,Rosario,820210,Servicio de Catastro e Información Territorial,IGN
2020,8945,2020-12-12,Sabado,,15:00:00,,0.0,1,Bicicleta,Camilo Aldao Y Saavedra,1,1,0,0,0,0,0,"-32.969338092525,-60.69485147331",Calle,,ROSARIO,Rosario,Asfalto,No existe,II,Dentro,Urbana,Otra Señal,No existe,Intersección,S/D,S/D,Diurna,S/D,Contra objeto fijo,S/D,Colisión,S/D,Vertical,Ninguna,S/D,"-32.969338092525,-60.69485147331","['Camilo Aldao', 'Saavedra']",2,,-32.969338092525,-60.69485147331,55.0,538.0,Municipio Rosario,Municipio,Rosario,820210,Servicio de Catastro e Información Territorial,IGN
2020,8946,2020-12-12,Sabado,,00:45:00,,0.0,1,Moto/Ciclomotor,AV DE LA COSTA ESTANISLAO LOPEZ Y BV ORO�O,1,1,0,0,0,0,0,"-32.930700480937965,-60.64996540546",Avenida,,ROSARIO,Rosario,Asfalto,No existe,II,Dentro,Urbana,Semáforo,Funciona,Intersección,S/D,S/D,Nocturna,S/D,S/D,S/D,Otro,S/D,"Horizontal,Vertical",Cordón divisorio,S/D,"-32.930700480937965,-60.64996540546","['Avenida de la Costa Estanislao López', 'Bulevar Nicasio Oroño']",2,,-32.930700480937965,-60.64996540546,55.0,538.0,Municipio Rosario,Municipio,Rosario,820210,Servicio de Catastro e Información Territorial,IGN
2020,8947,2020-12-13,Domingo,,04:00:00,,0.0,1,Moto/Ciclomotor, ,1,1,0,0,0,0,0,"-32.95817760227484,-60.666264034822",S/D,,ROSARIO,Rosario,S/D,S/D,II,S/D,S/D,S/D,S/D,S/D,S/D,S/D,Nocturna,S/D,S/D,S/D,Otro,S/D,S/D,S/D,S/D,"-32.95817760227484,-60.666264034822",[''],0,,-32.95817760227484,-60.666264034822,55.0,538.0,Municipio Rosario,Municipio,Rosario,820210,Servicio de Catastro e Información Territorial,IGN
2020,8948,2020-12-15,Martes,,00:30:00,,0.0,1,Moto/Ciclomotor, ,1,1,0,0,0,0,0,"-32.95817760227484,-60.666264034822",S/D,,ROSARIO,Rosario,S/D,S/D,II,S/D,S/D,S/D,S/D,S/D,S/D,S/D,Nocturna,S/D,S/D,S/D,Otro,S/D,S/D,S/D,S/D,"-32.95817760227484,-60.666264034822",[''],0,,-32.95817760227484,-60.666264034822,55.0,538.0,Municipio Rosario,Municipio,Rosario,820210,Servicio de Catastro e Información Territorial,IGN
2020,8949,2020-12-15,Martes,,07:40:00,,0.0,1,Automóvil,Cafferata ,2,1,0,0,0,0,1,"-33.00001287014,-60.683543290462",Calle,,ROSARIO,Rosario,Asfalto,No existe,II,Dentro,Urbana,S/D,S/D,S/D,S/D,S/D,Diurna,S/D,S/D,S/D,Otro,S/D,S/D,Ninguna,S/D,"-33.00001287014,-60.683543290462",['Cafferata'],1,,-33.00001287014,-60.683543290462,55.0,538.0,Municipio Rosario,Municipio,Rosario,820210,Servicio de Catastro e Información Territorial,IGN
2020,8950,2020-12-15,Martes,,21:00:00,,0.0,1,Bicicleta, ,1,1,0,0,0,0,0,"-33.00001287014,-60.683543290462",S/D,,ROSARIO,Rosario,S/D,S/D,II,S/D,S/D,S/D,S/D,S/D,S/D,S/D,Nocturna,S/D,S/D,S/D,Cañda ocupante,S/D,S/D,S/D,S/D,"-33.00001287014,-60.683543290462",[''],0,,-33.00001287014,-60.683543290462,55.0,538.0,Municipio Rosario,Municipio,Rosario,820210,Servicio de Catastro e Información Territorial,IGN
2020,8951,2020-12-15,Martes,,19:00:00,,0.0,1,Moto/Ciclomotor,Peru 4022,1,1,0,0,0,0,0,"-32.967352, -60.710329",Calle,,ROSARIO,Rosario,Asfalto,No existe,II,Dentro,Urbana,Paso Peatonal,No existe,Intersección,S/D,S/D,Diurna,S/D,S/D,S/D,Otro,S/D,Horizontal,Cordón divisorio,S/D,"-32.967352, -60.710329",['Peru 4022'],1,,-32.967352,-60.710329,55.0,538.0,Municipio Rosario,Municipio,Rosario,820210,Servicio de Catastro e Información Territorial,IGN
2020,8952,2020-12-15,Martes,,15:45:00,,0.0,1,Bicicleta,Cerrito Y San Martin,1,1,0,0,0,0,0,"-32.962132738889,-60.640563498623",Calle,,ROSARIO,Rosario,Asfalto,No existe,II,Dentro,Urbana,Señal Pare,No existe,Intersección,S/D,S/D,Diurna,S/D,S/D,S/D,Cañda ocupante,S/D,Vertical,Ninguna,S/D,"-32.962132738889,-60.640563498623","['Cerrito', 'San Martin']",2,,-32.962132738889,-60.640563498623,55.0,538.0,Municipio Rosario,Municipio,Rosario,820210,Servicio de Catastro e Información Territorial,IGN
2020,8953,2020-12-16,Miercoles,,13:30:00,,0.0,1,Moto/Ciclomotor,3 De Febrero Y Mariano Moreno,1,1,0,0,0,0,0,"-32.950549174901,-60.652175543379",Calle,,ROSARIO,Rosario,Asfalto,No existe,II,Dentro,Urbana,S/D,S/D,Intersección,S/D,S/D,Diurna,S/D,S/D,S/D,Otro,S/D,S/D,Ninguna,S/D,"-32.950549174901,-60.652175543379","['3 de Febrero', 'Mariano Moreno']",2,,-32.950549174901,-60.652175543379,55.0,538.0,Municipio Rosario,Municipio,Rosario,820210,Servicio de Catastro e Información Territorial,IGN
2020,8954,2020-12-16,Miercoles,,22:15:00,,0.0,2,"Peatón,Otros", ,2,1,0,0,0,0,1,"-32.962132738889,-60.640563498623",S/D,,ROSARIO,Rosario,S/D,S/D,II,S/D,S/D,S/D,S/D,S/D,S/D,S/D,Nocturna,S/D,S/D,Peatón,Atropello,S/D,S/D,S/D,S/D,"-32.962132738889,-60.640563498623",[''],0,,-32.962132738889,-60.640563498623,55.0,538.0,Municipio Rosario,Municipio,Rosario,820210,Servicio de Catastro e Información Territorial,IGN
2020,8956,2020-12-17,Jueves,,19:30:00,,0.0,1,Bicicleta,Mendoza 6000,1,1,0,0,0,0,0,"-32.939934725519,-60.704511994804",Calle,,ROSARIO,Rosario,Asfalto,No existe,II,Dentro,Urbana,Semáforo,Funciona,Intersección,S/D,S/D,Nocturna,S/D,S/D,S/D,Cañda ocupante,S/D,"Horizontal,Vertical",Cordón divisorio,S/D,"-32.939934725519,-60.704511994804",['Mendoza 6000'],1,,-32.939934725519,-60.704511994804,55.0,538.0,Municipio Rosario,Municipio,Rosario,820210,Servicio de Catastro e Información Territorial,IGN
2020,8957,2020-12-18,Viernes,,18:00:00,,0.0,1,Moto/Ciclomotor, ,1,1,0,0,0,0,0,"-32.95817760227484,-60.666264034822",S/D,,ROSARIO,Rosario,S/D,S/D,II,S/D,S/D,Ninguna,S/D,S/D,S/D,S/D,Diurna,S/D,S/D,S/D,Otro,S/D,S/D,S/D,S/D,"-32.95817760227484,-60.666264034822",[''],0,,-32.95817760227484,-60.666264034822,55.0,538.0,Municipio Rosario,Municipio,Rosario,820210,Servicio de Catastro e Información Territorial,IGN
2020,8958,2020-12-18,Viernes,,18:00:00,,0.0,1,Moto/Ciclomotor,Bv. Segui Y F.More,1,1,0,0,0,0,0,"-32.970573182066,-60.692578153752",Avenida,,ROSARIO,Rosario,Asfalto,No existe,II,Dentro,Urbana,Semáforo,Funciona,Intersección,S/D,S/D,Diurna,S/D,S/D,S/D,Otro,S/D,"Horizontal,Vertical",Cordón divisorio,S/D,"-32.970573182066,-60.692578153752","['Bulevar Juan Francisco Seguí', 'Felipe Moré']",2,,-32.970573182066,-60.692578153752,55.0,538.0,Municipio Rosario,Municipio,Rosario,820210,Servicio de Catastro e Información Territorial,IGN
2020,8959,2020-12-19,Sabado,,12:00:00,,0.0,1,Automóvil,Cordoba ,1,1,0,0,0,0,0,"-32.940420177872,-60.671632920989",Calle,,ROSARIO,Rosario,Asfalto,S/D,II,Dentro,Urbana,S/D,S/D,S/D,S/D,S/D,Diurna,S/D,S/D,S/D,Otro,S/D,S/D,S/D,S/D,"-32.940420177872,-60.671632920989",['Córdoba'],1,,-32.940420177872,-60.671632920989,55.0,538.0,Municipio Rosario,Municipio,Rosario,820210,Servicio de Catastro e Información Territorial,IGN
2020,8960,2020-02-17,Lunes,,18:00:00,,0.0,1,Automóvil, ,1,1,0,0,0,0,0,"-32.95817760227484,-60.666264034822",S/D,,ROSARIO,Rosario,S/D,S/D,I,S/D,S/D,S/D,S/D,S/D,S/D,S/D,Diurna,S/D,S/D,S/D,Otro,S/D,S/D,S/D,S/D,"-32.95817760227484,-60.666264034822",[''],0,,-32.95817760227484,-60.666264034822,55.0,538.0,Municipio Rosario,Municipio,Rosario,820210,Servicio de Catastro e Información Territorial,IGN
2020,8961,2020-12-19,Sabado,,00:00:00,,0.0,1,Moto/Ciclomotor,Av. Pte.Peron Y Barra,1,1,0,0,0,0,0,"-32.965024970369,-60.705829019209",Calle,,ROSARIO,Rosario,Asfalto,No existe,II,Dentro,Urbana,Paso Peatonal,No existe,Intersección,S/D,S/D,Nocturna,S/D,S/D,S/D,Otro,S/D,Horizontal,Cordón divisorio,S/D,"-32.965024970369,-60.705829019209","['Avenida Presidente Perón', 'Barra']",2,,-32.965024970369,-60.705829019209,55.0,538.0,Municipio Rosario,Municipio,Rosario,820210,Servicio de Catastro e Información Territorial,IGN
2020,8962,2020-02-17,Lunes,,18:00:00,,0.0,1,Bicicleta, ,1,1,0,0,0,0,0,"-32.95817760227484,-60.666264034822",S/D,,ROSARIO,Rosario,S/D,S/D,II,S/D,S/D,S/D,S/D,S/D,S/D,S/D,Diurna,S/D,S/D,S/D,Cañda ocupante,S/D,S/D,S/D,S/D,"-32.95817760227484,-60.666264034822",[''],0,,-32.95817760227484,-60.666264034822,55.0,538.0,Municipio Rosario,Municipio,Rosario,820210,Servicio de Catastro e Información Territorial,IGN
2020,8963,2020-02-17,Lunes,,20:00:00,,0.0,1,Moto/Ciclomotor, ,1,1,0,0,0,0,0,"-32.95817760227484,-60.666264034822",S/D,,ROSARIO,Rosario,S/D,S/D,II,S/D,S/D,S/D,S/D,S/D,S/D,S/D,Nocturna,S/D,S/D,S/D,Otro,S/D,S/D,S/D,S/D,"-32.95817760227484,-60.666264034822",[''],0,,-32.95817760227484,-60.666264034822,55.0,538.0,Municipio Rosario,Municipio,Rosario,820210,Servicio de Catastro e Información Territorial,IGN
2020,8964,2020-02-18,Martes,,06:00:00,,0.0,1,Automóvil, ,1,1,0,0,0,0,0,"-32.95817760227484,-60.666264034822",S/D,,ROSARIO,Rosario,S/D,S/D,II,S/D,S/D,S/D,S/D,S/D,S/D,S/D,Nocturna,S/D,S/D,S/D,Otro,S/D,S/D,S/D,S/D,"-32.95817760227484,-60.666264034822",[''],0,,-32.95817760227484,-60.666264034822,55.0,538.0,Municipio Rosario,Municipio,Rosario,820210,Servicio de Catastro e Información Territorial,IGN
2020,8965,2020-02-18,Martes,,14:00:00,,0.0,1,Bicicleta, ,1,1,0,0,0,0,0,"-32.95817760227484,-60.666264034822",S/D,,ROSARIO,Rosario,S/D,S/D,II,S/D,S/D,S/D,S/D,S/D,S/D,S/D,Diurna,S/D,S/D,S/D,Cañda ocupante,S/D,S/D,S/D,S/D,"-32.95817760227484,-60.666264034822",[''],0,,-32.95817760227484,-60.666264034822,55.0,538.0,Municipio Rosario,Municipio,Rosario,820210,Servicio de Catastro e Información Territorial,IGN
2020,8966,2020-12-19,Sabado,,10:00:00,,0.0,1,Bicicleta,Mariano Moreno Y Pte.Quintana,1,1,0,0,0,0,0,"-32.980290384336,-60.659656146953",Calle,,ROSARIO,Rosario,Asfalto,No existe,II,Dentro,Urbana,Ninguna,No existe,Intersección,S/D,S/D,Diurna,S/D,S/D,S/D,Atropello,S/D,Faltante,Ninguna,S/D,"-32.980290384336,-60.659656146953","['Mariano Moreno', 'Quintana']",2,,-32.980290384336,-60.659656146953,55.0,538.0,Municipio Rosario,Municipio,Rosario,820210,Servicio de Catastro e Información Territorial,IGN
2020,8967,2020-02-18,Martes,,17:00:00,,0.0,1,Bicicleta, ,1,1,0,0,0,0,0,"-32.95817760227484,-60.666264034822",S/D,,ROSARIO,Rosario,S/D,S/D,II,S/D,S/D,S/D,S/D,S/D,S/D,S/D,Diurna,S/D,S/D,S/D,Otro,S/D,S/D,S/D,S/D,"-32.95817760227484,-60.666264034822",[''],0,,-32.95817760227484,-60.666264034822,55.0,538.0,Municipio Rosario,Municipio,Rosario,820210,Servicio de Catastro e Información Territorial,IGN
2020,8968,2020-12-20,Domingo,,16:30:00,,0.0,2,"Peatón,Otros", ,2,1,0,0,0,0,1,"-32.95817760227484,-60.666264034822",S/D,,ROSARIO,Rosario,S/D,S/D,II,S/D,S/D,S/D,S/D,S/D,S/D,S/D,Diurna,S/D,S/D,Peatón,Atropello,S/D,S/D,S/D,S/D,"-32.95817760227484,-60.666264034822",[''],0,,-32.95817760227484,-60.666264034822,55.0,538.0,Municipio Rosario,Municipio,Rosario,820210,Servicio de Catastro e Información Territorial,IGN
2020,8969,2020-12-20,Domingo,,00:00:00,,0.0,1,Moto/Ciclomotor,Av. De Las Palmeras Y Rivarola,1,1,0,0,0,0,0,"-32.966564, -60.733066",Avenida,,ROSARIO,Rosario,Asfalto,No existe,II,Dentro,Urbana,Ninguna,No existe,Intersección,S/D,S/D,Nocturna,S/D,S/D,S/D,Otro,S/D,Faltante,Ninguna,S/D,"-32.966564, -60.733066","['Las Palmas', 'Rivarola']",2,,-32.966564,-60.733066,55.0,538.0,Municipio Rosario,Municipio,Rosario,820210,Servicio de Catastro e Información Territorial,IGN
2020,8970,2020-01-01,Miercoles,,07:45:00,,0.0,1,Moto/Ciclomotor, ,1,1,0,0,0,0,0,"-32.95817760227484,-60.666264034822",S/D,,ROSARIO,Rosario,S/D,S/D,II,S/D,S/D,S/D,S/D,S/D,S/D,S/D,Diurna,S/D,S/D,S/D,Otro,S/D,S/D,S/D,S/D,"-32.95817760227484,-60.666264034822",[''],0,,-32.95817760227484,-60.666264034822,55.0,538.0,Municipio Rosario,Municipio,Rosario,820210,Servicio de Catastro e Información Territorial,IGN
2020,8971,2020-01-04,Sabado,,04:00:00,,0.0,1,Moto/Ciclomotor, ,1,1,0,0,0,0,0,"-32.95817760227484,-60.666264034822",S/D,,ROSARIO,Rosario,S/D,S/D,II,S/D,S/D,S/D,S/D,S/D,S/D,S/D,Nocturna,S/D,S/D,S/D,Otro,S/D,S/D,S/D,S/D,"-32.95817760227484,-60.666264034822",[''],0,,-32.95817760227484,-60.666264034822,55.0,538.0,Municipio Rosario,Municipio,Rosario,820210,Servicio de Catastro e Información Territorial,IGN
2020,8972,2020-01-07,Martes,,21:30:00,,0.0,1,Bicicleta, ,1,1,0,0,0,0,0,"-32.95817760227484,-60.666264034822",S/D,,ROSARIO,Rosario,S/D,S/D,II,S/D,S/D,S/D,S/D,S/D,S/D,S/D,Nocturna,S/D,S/D,S/D,Cañda ocupante,S/D,S/D,S/D,S/D,"-32.95817760227484,-60.666264034822",[''],0,,-32.95817760227484,-60.666264034822,55.0,538.0,Municipio Rosario,Municipio,Rosario,820210,Servicio de Catastro e Información Territorial,IGN