anio_acci,nro_acci,fecha,desc_dia,fecha_aprox,hora_aprox,desc_ruta,km,cant_participantes,desc_participante,calle_avenida_km,total,heridos_leves,heridos_graves,heridos_gravisimos,ilesos,fallecidos,sin_datos,posicion_XY,desc_tipo_via,desc_ruta_ori,desc_loc,desc_dpto,desc_tipo_calzada,desc_tipo_banquina,desc_unidad_regional,desc_lugar_calzada,desc_zona,desc_prioridad,desc_estado_semaforo,desc_lugar_via,desc_estado_via,desc_estado_visibilidad,desc_luminosidad,desc_estado_clima,desc_tipo_colision,desc_tipo_atropello,desc_tipo_hecho,desc_pres_calzada,desc_senializacion,desc_separacion_via,desc_restriccion,forma_geocod,calle_lista,numero_calles,calles_osm,lat,lon,index_right,gid,fna,gna,nam,in1,fdc,sag
2020,9028,2020-01-15,Miercoles,,19:40:00,,0.0,2,"Automóvil,Moto/Ciclomotor",Bv. Avellaneda Y Gaboto,2,0,0,0,1,1,0,"-32.965971377348964, -60.6859731090",Calle,,ROSARIO,Rosario,Asfalto,No existe,II,Dentro,Urbana,Ninguna,No existe,Intersección,Bueno,S/D,Nocturna,S/D,S/D,S/D,Colisión,Ninguna,Faltante,Ninguna,Sin restricción,"-32.965971377348964, -60.6859731090","['Avellaneda', 'Gaboto']",2,,-32.965971377348964,-60.685973109,55.0,538.0,Municipio Rosario,Municipio,Rosario,820210,Servicio de Catastro e Información Territorial,IGN
2020,9034,2020-11-11,Miercoles,,,,0.0,1,Otros,Ayolas Y Ayacucho,1,0,0,0,0,1,0,"-32.978710625552154, -60.6351299015",Calle,,ROSARIO,Rosario,Asfalto,No existe,II,S/D,Urbana,Ninguna,No existe,Recta,Bueno,S/D,S/D,S/D,S/D,S/D,S/D,Ninguna,Faltante,Ninguna,Sin restricción,"-32.978710625552154, -60.6351299015","['Ayolas', 'Ayacucho']",2,,-32.978710625552154,-60.6351299015,55.0,538.0,Municipio Rosario,Municipio,Rosario,820210,Servicio de Catastro e Información Territorial,IGN
2020,9035,2020-11-10,Martes,,,,0.0,1,Otros, ,1,0,0,0,0,1,0,"    -32.96786, -60.64194",S/D,,ROSARIO,Rosario,S/D,S/D,II,S/D,S/D,S/D,S/D,S/D,S/D,S/D,S/D,S/D,S/D,S/D,S/D,S/D,S/D,S/D,S/D,"    -32.96786, -60.64194",[''],0,,-32.96786,-60.64194,55.0,538.0,Municipio Rosario,Municipio,Rosario,820210,Servicio de Catastro e Información Territorial,IGN
2012,103,2012-01-11,Miercoles,0.0,11:00:00,,0.0,2,"Automóvil,Camión",URIBURU Y N...,2,0,1,0,1,0,0,,Calle,,ROSARIO,Rosario,Asfalto,Pavimento,II,S/D,S/D,S/D,No existe,Intersección,Bueno,S/D,Diurna,Lluvia,"Frontal,Lateral",S/D,Colisión,"Agua,Otro",S/D,Cordón divisorio,S/D,error,"['Uriburu', '']",2,error,,,,,,,,,,
2012,107,2012-01-12,Jueves,0.0,18:00:00,,0.0,2,"Moto/Ciclomotor,Tren",GARIBALDI Y C...,2,1,0,0,1,0,0,,Calle,,ROSARIO,Rosario,Asfalto,S/D,II,S/D,S/D,S/D,S/D,Intersección,Bueno,Buena,Diurna,Buen Tiempo,Lateral,S/D,Colisión,S/D,S/D,S/D,S/D,error,"['José Garibaldi', '']",2,error,,,,,,,,,,
2012,116,2012-01-05,Jueves,0.0,11:50:00,,0.0,2,"Moto/Ciclomotor,Automóvil",BV. SEGUI Y RICHIERI,2,0,1,0,1,0,0,,Avenida,,ROSARIO,Rosario,Asfalto,No existe,II,S/D,Urbana,Señal Pare,No existe,Intersección,Bueno,Buena,Diurna,Buen Tiempo,Lateral,S/D,Colisión,S/D,Vertical,S/D,S/D,error,"['Bulevar Juan Francisco Seguí', 'Ricchieri']",2,error,,,,,,,,,,
2012,120,2012-01-04,Miercoles,0.0,14:00:00,,0.0,2,"Moto/Ciclomotor,Automóvil",FRAGATA Y SARMIENTO,3,2,0,0,1,0,0,,Calle,,ROSARIO,Rosario,Asfalto,No existe,II,S/D,S/D,Ninguna,No existe,Recta,Bueno,Buena,Diurna,Buen Tiempo,Lateral,S/D,Colisión,S/D,Faltante,Ninguna,S/D,error,"['Fragata', 'Sarmiento']",2,error,,,,,,,,,,
2012,128,2012-01-18,Miercoles,0.0,07:30:00,,0.0,2,"Automóvil,Otros",AV GODOY Y VIEDMA,2,2,0,0,0,0,0,,S/D,,ROSARIO,Rosario,Asfalto,S/D,II,Dentro,Urbana,S/D,S/D,Curva,"Con baches,Deteriorada",Buena,Diurna,Buen Tiempo,Lateral,S/D,Colisión,S/D,S/D,S/D,S/D,error,"['Avenida Presidente Perón', 'Coronel Biedma']",2,error,,,,,,,,,,
2012,136,2012-01-11,Miercoles,0.0,16:40:00,,0.0,1,Moto/Ciclomotor,ov. lagos y bv. oroño,1,1,0,0,0,0,0,,Avenida,,ROSARIO,Rosario,Asfalto,No existe,II,S/D,Urbana,Marca Vial,No existe,Distribuidor,S/D,Buena,Diurna,Buen Tiempo,Lateral,S/D,Colisión,S/D,S/D,Guardarrail,Sin restricción,error,"['Avenida Ovidio Lagos', 'Bulevar Nicasio Oroño']",2,error,,,,,,,,,,
2012,138,2012-01-26,Jueves,0.0,00:00:00,,0.0,1,Moto/Ciclomotor,SEGUI Y GARAY,1,1,0,0,0,0,0,,Calle,,ROSARIO,Rosario,Asfalto,No existe,II,Dentro,Urbana,Ninguna,No existe,Intersección,Deteriorada,Buena,Diurna,S/D,Lateral,S/D,Colisión,Otro,Faltante,Ninguna,Sin restricción,error,"['Bulevar Juan Francisco Seguí', 'Garay']",2,error,,,,,,,,,,
2012,140,2012-01-13,Viernes,0.0,00:00:00,,0.0,1,Moto/Ciclomotor,SEGUI Y VIEDMA,1,1,0,0,0,0,0,,Calle,,ROSARIO,Rosario,Asfalto,No existe,II,S/D,Urbana,Ninguna,No existe,Intersección,Deteriorada,Buena,Atardecer,S/D,Lateral,S/D,Colisión,Otro,Faltante,Ninguna,Sin restricción,error,"['Bulevar Juan Francisco Seguí', 'Coronel Biedma']",2,error,,,,,,,,,,
2012,149,2012-01-10,Martes,0.0,00:00:00,,0.0,1,Automóvil,F. MORE Y QUINTANA,1,1,0,0,0,0,0,,Calle,,ROSARIO,Rosario,Asfalto,No existe,II,S/D,Urbana,Ninguna,No existe,Intersección,Deteriorada,Buena,Amanecer,S/D,Lateral,S/D,Colisión,Otro,Faltante,Ninguna,Sin restricción,error,"['Felipe Moré', 'Quintana']",2,error,,,,,,,,,,
2012,154,2012-01-14,Sabado,0.0,05:30:00,,0.0,1,Automóvil,OV. LAGOS Y M. CABRINI,1,1,0,0,0,0,0,,Avenida,,ROSARIO,Rosario,Asfalto,No existe,II,S/D,S/D,Marca Vial,Funciona,Cruce,Bueno,Buena,Nocturna,Buen Tiempo,Frontal,S/D,Colisión,S/D,Horizontal,Línea divisoria pintada,Sin restricción,error,"['Avenida Ovidio Lagos', 'Martini']",2,error,,,,,,,,,,
2012,156,2012-01-29,Domingo,0.0,19:45:00,,0.0,1,Moto/Ciclomotor,H. QUINTANA - FRANCIA 5400,1,1,0,0,0,0,0,,Calle,,ROSARIO,Rosario,Asfalto,S/D,II,S/D,Urbana,Otra Señal,S/D,Cruce,Bueno,S/D,S/D,Buen Tiempo,Lateral,S/D,Colisión,Otro,Vertical,Ninguna,Sin restricción,no funciono,['H Quintana - Francia 5400'],1,H Quintana - Francia 5400,,,,,,,,,,
2012,205,2012-01-11,Miercoles,0.0,16:30:00,,0.0,2,"Moto/Ciclomotor,Automóvil",VELEZ SARFIELD Y BOLIVIA,2,1,0,0,1,0,0,,Calle,,ROSARIO,Rosario,Asfalto,No existe,II,Dentro,Urbana,Ninguna,No existe,Recta,Bueno,Buena,Atardecer,Buen Tiempo,Frontal,S/D,Colisión,S/D,Horizontal,Barrera de hormigón,Sin restricción,error,"['Vélez Sarfield', 'Bolivia']",2,error,,,,,,,,,,
2012,209,2012-01-16,Lunes,0.0,20:20:00,,0.0,2,"Automóvil,Bicicleta",AV. CORDOBA Y MUNIAGURRIA,2,1,0,0,1,0,0,,Avenida,,ROSARIO,Rosario,Asfalto,No existe,II,Dentro,Urbana,Ninguna,No existe,Recta,Bueno,Buena,Nocturna,Buen Tiempo,S/D,S/D,Atropello,S/D,Horizontal,Barrera de hormigón,Sin restricción,error,"['Córdoba', 'Muniagurría']",2,error,,,,,,,,,,
2012,211,2012-01-17,Martes,0.0,19:10:00,,0.0,2,"Automóvil,Automóvil",AV. CORDOBA Y ACEVEDO,3,1,0,0,2,0,0,,Avenida,,ROSARIO,Rosario,Asfalto,No existe,II,Dentro,Urbana,Ninguna,Funciona,Recta,Bueno,Buena,Nocturna,Buen Tiempo,Frontal,S/D,Colisión,S/D,Horizontal,Barrera de hormigón,Sin restricción,error,"['Córdoba', 'Acevedo']",2,error,,,,,,,,,,
2012,215,2012-01-23,Lunes,0.0,23:00:00,,0.0,2,"Moto/Ciclomotor,Automóvil",JOSE INGENIEROS Y OLMOS,2,1,0,0,1,0,0,,Calle,,ROSARIO,Rosario,Asfalto,No existe,II,Dentro,Urbana,Ninguna,No existe,Recta,Bueno,Buena,Nocturna,Buen Tiempo,Frontal,S/D,Colisión,S/D,Horizontal,Barrera de hormigón,Sin restricción,error,"['José Ingenieros', 'Los Olmos']",2,error,,,,,,,,,,
2012,218,2012-01-20,Viernes,0.0,01:00:00,,30.0,1,Moto/Ciclomotor,,2,2,0,0,0,0,0,,Ruta,,ROSARIO,Rosario,Asfalto,Natural,II,S/D,Rural,Ninguna,No existe,Recta,Bueno,Buena,Nocturna,Buen Tiempo,Otro,S/D,Colisión,S/D,Faltante,Ninguna,S/D,,[],0,,,,,,,,,,,
2012,306,2012-01-25,Miercoles,0.0,10:00:00,,0.0,1,Moto/Ciclomotor,1 DE MAYO Y PASTEUR,2,2,0,0,0,0,0,,Calle,,ROSARIO,Rosario,Asfalto,No existe,II,Dentro,Urbana,Ninguna,No existe,Recta,Bueno,Buena,Diurna,Buen Tiempo,S/D,S/D,Caída ocupante,S/D,Faltante,Ninguna,S/D,error,"['Primero de Mayo', 'Pasteur']",2,error,,,,,,,,,,
2012,318,2012-01-18,Miercoles,0.0,19:30:00,,0.0,1,Bicicleta,AYOLAS Y MITRE,1,1,0,0,0,0,0,,Calle,,ROSARIO,Rosario,Asfalto,No existe,II,Dentro,Urbana,Ninguna,S/D,Intersección,S/D,S/D,S/D,S/D,S/D,S/D,Atropello,S/D,S/D,Ninguna,Sin restricción,error,"['Ayolas', 'Mitre']",2,error,,,,,,,,,,
2012,354,2012-01-05,Jueves,0.0,13:20:00,,0.0,1,Moto/Ciclomotor,BALCARCE Y MR. ROSS,1,1,0,0,0,0,0,,Calle,,ROSARIO,Rosario,Asfalto,No existe,II,Dentro,Urbana,Ninguna,S/D,Intersección,S/D,S/D,Diurna,S/D,Lateral,S/D,Colisión,S/D,S/D,Ninguna,Sin restricción,error,"['Balcarce', 'Rodrigo M. Ross']",2,error,,,,,,,,,,
2012,366,2012-01-04,Miercoles,0.0,23:30:00,,0.0,1,Peatón,BALCARCE Y BV. OROÑO,1,1,0,0,0,0,0,,Avenida,,ROSARIO,Rosario,Asfalto,No existe,II,Dentro,Urbana,Ninguna,S/D,Recta,Bueno,Buena,Nocturna,Buen Tiempo,S/D,S/D,Atropello,S/D,S/D,Ninguna,S/D,error,"['Balcarce', 'Bulevar Nicasio Oroño']",2,error,,,,,,,,,,
2012,394,2012-01-17,Martes,0.0,13:00:00,,0.0,1,Moto/Ciclomotor,AV. SAN MARTIN Y AV. B Y ORDOÑEZ,5,4,0,0,1,0,0,,Calle,,ROSARIO,Rosario,S/D,S/D,II,Dentro,Urbana,S/D,S/D,Recta,S/D,S/D,Diurna,Buen Tiempo,Otro,S/D,Colisión,S/D,S/D,S/D,S/D,error,"['San Martin', 'Avenida Battle y Ordoñez']",2,error,,,,,,,,,,
2012,402,2012-01-19,Jueves,0.0,19:00:00,,0.0,1,Moto/Ciclomotor,AV ARIJON Y VIAS FERREAS,2,2,0,0,0,0,0,,Avenida,,ROSARIO,Rosario,S/D,S/D,II,Fuera,Urbana,S/D,S/D,Recta,S/D,S/D,Atardecer,S/D,S/D,S/D,Colisión,S/D,S/D,S/D,S/D,sec calles no encontradas,"['Avenida Manuel Arijón', 'Vias Ferreas']",2,error,,,,,,,,,,
2012,403,2012-01-22,Domingo,0.0,20:11:00,,0.0,1,Peatón,ROMERO PINEDO Y CHAVEZ,2,1,0,0,1,0,0,,Calle,,ROSARIO,Rosario,S/D,S/D,II,Fuera,Urbana,S/D,S/D,S/D,S/D,S/D,Diurna,Buen Tiempo,Otro,S/D,Atropello,S/D,S/D,S/D,S/D,error,"['Avenida Romero de Pineda', 'Chávez']",2,error,,,,,,,,,,
2012,463,2012-01-02,Lunes,0.0,19:00:00,,0.0,1,Automóvil,pasco entre pte. roca y españa,1,1,0,0,0,0,0,,Calle,,ROSARIO,Rosario,Asfalto,S/D,II,Dentro,Urbana,S/D,S/D,Recta,Bueno,Buena,Diurna,Buen Tiempo,Frontal,S/D,S/D,S/D,S/D,S/D,S/D,,"['Pasco', 'Roca', 'España']",3,,,,,,,,,,,
2012,464,2012-01-09,Lunes,0.0,21:30:00,,0.0,1,Moto/Ciclomotor,S. THOMPSON Y GRANDOLI,1,1,0,0,0,0,0,,Calle,,ROSARIO,Rosario,Asfalto,No existe,II,Dentro,Urbana,Ninguna,No existe,Intersección,Bueno,Buena,Nocturna,Buen Tiempo,Lateral,S/D,Colisión,S/D,S/D,Ninguna,Sin restricción,error,"['Thompson', 'Avenida Abanderado Grandoli']",2,error,,,,,,,,,,
2012,473,2012-01-06,Viernes,0.0,15:30:00,,0.0,2,"Automóvil,Automóvil",CORIA Y HERRERA,1,1,0,0,0,0,0,,Calle,,ROSARIO,Rosario,Hormigón,S/D,II,Dentro,Urbana,S/D,S/D,Intersección,Bueno,S/D,S/D,Buen Tiempo,Lateral,S/D,Colisión,S/D,Vertical,S/D,S/D,ppal calles no encontradas,"['Coria', 'Herrera']",2,error,,,,,,,,,,
2012,475,2012-01-04,Miercoles,0.0,20:10:00,,0.0,2,"Moto/Ciclomotor,Automóvil",I. PEYRANO Y H. MANZI,2,1,0,0,1,0,0,,Calle,,ROSARIO,Rosario,Asfalto,S/D,II,Dentro,Urbana,S/D,No existe,Intersección,Deteriorada,S/D,Con luz artificial,Buen Tiempo,Frontal,S/D,Colisión,S/D,S/D,S/D,S/D,error,"['Peyrano', 'Manzi']",2,error,,,,,,,,,,
2012,509,2012-01-15,Domingo,0.0,12:35:00,,0.0,1,Moto/Ciclomotor,TUNEL CELEDONIO ESCALADA,2,1,0,0,1,0,0,,Avenida,,ROSARIO,Rosario,Asfalto,No existe,II,Dentro,Urbana,S/D,S/D,Curva,Bueno,Buena,Diurna,Buen Tiempo,S/D,S/D,Colisión,S/D,S/D,S/D,S/D,no funciono,['Tunel Celedonio Escalada'],1,Tunel Celedonio Escalada,,,,,,,,,,
2012,524,2012-01-25,Miercoles,0.0,22:20:00,,0.0,1,Moto/Ciclomotor,CELEDONIO ESCALADA Y RICHIERI,2,2,0,0,0,0,0,,Avenida,,ROSARIO,Rosario,Asfalto,No existe,II,Dentro,Urbana,S/D,S/D,Curva,Bueno,S/D,Nocturna,Buen Tiempo,Contra objeto fijo,S/D,Colisión,S/D,S/D,Barrera de hormigón,S/D,error,"['Tunel Escalada', 'Ricchieri']",2,error,,,,,,,,,,
2012,528,2012-01-10,Martes,0.0,14:00:00,,0.0,2,"Moto/Ciclomotor,Automóvil",V. SARFIELD Y AV. DE LA COSTA,2,1,0,0,1,0,0,,Avenida,,ROSARIO,Rosario,Asfalto,Pavimento,II,Dentro,Urbana,Semáforo,No existe,Recta,Bueno,Buena,Diurna,Buen Tiempo,Lateral,S/D,Colisión,S/D,Vertical,Ninguna,Sin restricción,error,"['Vélez Sarfield', 'De La Costa']",2,error,,,,,,,,,,
2012,532,2012-01-16,Lunes,0.0,18:00:00,,0.0,2,"Bicicleta,Moto/Ciclomotor",cordoba y fraga,2,1,0,0,1,0,0,,Avenida,,ROSARIO,Rosario,Asfalto,No existe,II,Dentro,Urbana,Semáforo,Funciona,Intersección,Bueno,Buena,Diurna,Buen Tiempo,Frontal,S/D,Atropello,S/D,S/D,Cordón divisorio,Sin restricción,error,"['Córdoba', 'Fraga']",2,error,,,,,,,,,,
2012,536,2012-01-13,Viernes,0.0,09:55:00,,0.0,2,"Automóvil,Automóvil",fraga y mendez,3,3,0,0,0,0,0,,Calle,,ROSARIO,Rosario,Asfalto,No existe,II,Dentro,Urbana,Semáforo,Funciona,Intersección,Bueno,Buena,Diurna,Buen Tiempo,Frontal,S/D,Colisión,S/D,S/D,Cordón divisorio,Sin restricción,error,"['Fraga', 'Mendez']",2,error,,,,,,,,,,
2012,537,2012-01-19,Jueves,0.0,21:00:00,,0.0,2,"Automóvil,Automóvil",VELEZ SARFIELD Y FLORIDA,2,1,0,0,1,0,0,,Calle,,ROSARIO,Rosario,Asfalto,Pavimento,II,S/D,S/D,Ninguna,No existe,Recta,Bueno,Buena,Diurna,Buen Tiempo,Lateral,S/D,Colisión,Agua,Horizontal,Barrera de hormigón,Sin restricción,error,"['Vélez Sarfield', 'Florida']",2,error,,,,,,,,,,
2012,540,2012-01-09,Lunes,0.0,22:15:00,,0.0,2,"Moto/Ciclomotor,Automóvil",,2,1,0,0,1,0,0,,Avenida,,ROSARIO,Rosario,Asfalto,No existe,II,Dentro,Urbana,Semáforo,Funciona,Intersección,Bueno,Buena,Con luz artificial,Buen Tiempo,Lateral,S/D,Colisión,S/D,S/D,Línea divisoria pintada,Sin restricción,,[],0,,,,,,,,,,,
2012,547,2012-01-19,Jueves,0.0,16:30:00,,0.0,2,"Moto/Ciclomotor,Automóvil",EE. UU. Y JUAN JOSE PADO,2,1,0,0,1,0,0,,Avenida,,ROSARIO,Rosario,Asfalto,No existe,II,Dentro,Urbana,Semáforo,Funciona,Intersección,Bueno,Buena,Diurna,S/D,Lateral,S/D,Colisión,S/D,Faltante,Ninguna,Sin restricción,ppal calles no encontradas,"['Avenida 25 De Mayo', 'Juan José Paso']",2,error,,,,,,,,,,
2012,553,2012-01-11,Miercoles,0.0,16:20:00,,0.0,2,"Moto/Ciclomotor,Automóvil",RUBEN Y PARROQUEIRA,2,1,0,0,1,0,0,,Calle,,ROSARIO,Rosario,Asfalto,S/D,II,S/D,Urbana,S/D,S/D,Recta,Otro,S/D,S/D,S/D,S/D,S/D,Otro,Otro,S/D,S/D,S/D,sec calles no encontradas,"['Ruben', 'Parroqueira']",2,error,,,,,,,,,,
2012,556,2012-01-14,Sabado,0.0,00:00:00,,0.0,2,"Moto/Ciclomotor,Pickup/Utilitario",AV. CARRASCO Y PUCCIO,2,1,0,0,1,0,0,,Avenida,,ROSARIO,Rosario,Asfalto,S/D,II,S/D,S/D,S/D,S/D,Intersección,Otro,S/D,S/D,Otro,Otro,S/D,Otro,Otro,S/D,S/D,S/D,error,"['Carrasco', 'Puccio']",2,error,,,,,,,,,,
2012,571,2012-01-24,Martes,0.0,21:40:00,,0.0,2,"Moto/Ciclomotor,Camión",J.J.Paso entre Garzón y Magallanes,3,1,0,0,1,1,0,,Avenida,,ROSARIO,Rosario,Asfalto,No existe,II,Dentro,Urbana,Ninguna,No existe,Intersección,Bueno,Buena,"Nocturna,Con luz artificial",Buen Tiempo,Lateral,S/D,Colisión,S/D,Faltante,Ninguna,Sin restricción,,"['Paso', 'Garzón', 'Magallanes']",3,,,,,,,,,,,
2012,578,2012-01-21,Sabado,0.0,19:00:00,,0.0,2,"Moto/Ciclomotor,Moto/Ciclomotor",Juan B. Justo y mexico,3,3,0,0,0,0,0,,Calle,,ROSARIO,Rosario,Asfalto,No existe,II,Dentro,Urbana,Ninguna,No existe,Intersección,Bueno,Buena,Diurna,S/D,Lateral,S/D,Colisión,S/D,Faltante,Ninguna,Sin restricción,error,"['Juan B. Justo', 'Mejico']",2,error,,,,,,,,,,
2012,583,2012-01-19,Jueves,0.0,21:00:00,,0.0,1,Moto/Ciclomotor,,2,1,0,0,0,0,1,,S/D,,ROSARIO,Rosario,Asfalto,No existe,II,Dentro,Urbana,Ninguna,No funciona,Intersección,Bueno,Reducida p/ objetos,Nocturna,S/D,Lateral,S/D,Colisión,S/D,Faltante,S/D,S/D,,[],0,,,,,,,,,,,
2012,590,2012-01-25,Miercoles,0.0,20:00:00,,0.0,2,"Bicicleta,Automóvil",,2,0,0,0,0,0,2,,Calle,,ROSARIO,Rosario,S/D,S/D,II,S/D,S/D,S/D,S/D,S/D,S/D,S/D,S/D,S/D,S/D,S/D,Atropello,S/D,S/D,S/D,S/D,,[],0,,,,,,,,,,,
2012,593,2012-01-29,Domingo,0.0,20:00:00,,0.0,2,"Bicicleta,Automóvil",,2,0,0,0,0,0,2,,S/D,,ROSARIO,Rosario,S/D,S/D,II,S/D,Urbana,S/D,S/D,S/D,S/D,S/D,S/D,S/D,S/D,S/D,Atropello,S/D,S/D,S/D,S/D,,[],0,,,,,,,,,,,
2012,597,2012-01-06,Viernes,0.0,16:00:00,,0.0,2,"Taxi/Remis,Pickup/Utilitario",pje. baren de mava,2,1,0,0,0,0,1,,Calle,,ROSARIO,Rosario,Asfalto,No existe,II,Dentro,Urbana,Ninguna,No existe,Recta,Bueno,Buena,Diurna,Buen Tiempo,Frontal,S/D,Colisión,S/D,Faltante,Ninguna,Sin restricción,no funciono,['Pasaje Baren De Mava'],1,Pasaje Baren De Mava,,,,,,,,,,
2012,604,2012-01-13,Viernes,0.0,09:45:00,,0.0,1,Transporte de Pasajeros Urbano (> 8 asientos),,2,1,0,0,0,0,1,,S/D,,ROSARIO,Rosario,Asfalto,S/D,II,Dentro,Urbana,S/D,S/D,Recta,Bueno,S/D,S/D,S/D,Otro,S/D,Otro,S/D,S/D,S/D,S/D,,[],0,,,,,,,,,,,
2012,626,2012-01-13,Viernes,0.0,13:30:00,,0.0,2,"Otros,Automóvil",WASHINGTON Y CHICLAMA,2,2,0,0,0,0,0,,Calle,,ROSARIO,Rosario,S/D,No existe,II,S/D,S/D,S/D,No existe,Intersección,Otro,S/D,S/D,Otro,Otro,S/D,Otro,Otro,S/D,Ninguna,Sin restricción,error,"['Washington', 'Chiclana']",2,error,,,,,,,,,,
2012,636,2012-01-18,Miercoles,0.0,14:45:00,,0.0,2,"Automóvil,Pickup/Utilitario",ARTURO ILIA,2,1,0,0,1,0,0,,Calle,,ROSARIO,Rosario,Asfalto,No existe,II,Dentro,Urbana,Policía de tránsito,No existe,Recta,Bueno,Buena,Diurna,Buen Tiempo,S/D,S/D,Colisión,S/D,S/D,Cordón divisorio,Sin restricción,no funciono,['Arturo Ilia'],1,Arturo Ilia,,,,,,,,,,
2012,643,2012-01-05,Jueves,0.0,08:40:00,,0.0,2,"Automóvil,Pickup/Utilitario",WEELWRIGTH Y BV. OROÑO,2,1,0,0,1,0,0,,Avenida,,ROSARIO,Rosario,Asfalto,No existe,II,Dentro,Urbana,Semáforo,Funciona,Intersección,Bueno,Buena,Diurna,Buen Tiempo,De alcance,S/D,Colisión,S/D,Vertical,Ninguna,Sin restricción,error,"['Avenida Guillermo Wheelwright', 'Bulevar Nicasio Oroño']",2,error,,,,,,,,,,
2012,665,2012-01-11,Miercoles,0.0,12:00:00,,0.0,2,"Automóvil,Camión",AVELLANEDA Y SAN JOSE,2,1,0,0,1,0,0,,Calle,,ROSARIO,Rosario,Asfalto,Pavimento,II,Dentro,Urbana,Semáforo,Funciona,Intersección,S/D,Buena,Diurna,S/D,Lateral,S/D,Colisión,S/D,S/D,Cordón divisorio,Sin restricción,error,"['Avellaneda', 'San Jose']",2,error,,,,,,,,,,
2012,676,2012-01-28,Sabado,0.0,10:45:00,,0.0,2,"Automóvil,Automóvil",,2,0,0,0,0,0,2,,Calle,,ROSARIO,Rosario,S/D,Pavimento,II,Dentro,Urbana,Semáforo,S/D,Intersección,S/D,Buena,Diurna,S/D,Lateral,S/D,Colisión,S/D,S/D,Cordón divisorio,Sin restricción,,[],0,,,,,,,,,,,
2012,722,2012-01-04,Miercoles,0.0,00:00:00,,0.0,2,"Bicicleta,Automóvil",SAN LUIS Y PJE. DRAGO,2,1,0,0,1,0,0,,Calle,,ROSARIO,Rosario,Asfalto,S/D,II,Dentro,Urbana,S/D,S/D,Recta,Bueno,S/D,S/D,S/D,S/D,S/D,Atropello,S/D,S/D,S/D,S/D,error,"['San Luis', 'Drago']",2,error,,,,,,,,,,
2012,1364,2012-02-08,Miercoles,0.0,22:00:00,,0.0,1,Automóvil,,1,1,0,0,0,0,0,,S/D,,ROSARIO,Rosario,Asfalto,Pavimento,II,S/D,S/D,Ninguna,No existe,Recta,Bueno,Reducida p/ objetos,Nocturna,Buen Tiempo,Contra objeto fijo,S/D,Colisión,S/D,S/D,Guardarrail,Desvío Provisorio,,[],0,,,,,,,,,,,
2012,1369,2012-02-28,Martes,0.0,12:40:00,,0.0,1,Moto/Ciclomotor,PTE. 1746,1,1,0,0,0,0,0,,Calle,,ROSARIO,Rosario,Tierra,No existe,II,Dentro,Urbana,Ninguna,No existe,Recta,Deteriorada,Buena,Diurna,Buen Tiempo,S/D,S/D,Colisión,S/D,Faltante,S/D,Sin restricción,no funciono,['Presidente 1746'],1,Presidente 1746,,,,,,,,,,
2012,1373,2012-02-25,Sabado,0.0,23:00:00,,0.0,1,Bicicleta,,1,1,0,0,0,0,0,,S/D,,ROSARIO,Rosario,S/D,S/D,II,S/D,S/D,S/D,S/D,S/D,S/D,S/D,Nocturna,S/D,S/D,S/D,S/D,S/D,S/D,S/D,S/D,,[],0,,,,,,,,,,,
2012,1415,2012-02-26,Domingo,0.0,01:00:00,,0.0,1,Moto/Ciclomotor,,1,0,0,0,0,0,1,,Avenida,,ROSARIO,Rosario,S/D,S/D,II,S/D,Urbana,S/D,S/D,S/D,S/D,S/D,S/D,S/D,S/D,S/D,S/D,S/D,S/D,S/D,S/D,,[],0,,,,,,,,,,,
2012,1418,2012-02-16,Jueves,0.0,13:25:00,,0.0,1,Moto/Ciclomotor,CIRCUNVALACION Y BV. OROÑO,1,1,0,0,0,0,0,,Avenida,,ROSARIO,Rosario,Asfalto,Pavimento,II,Dentro,Urbana,Otra Señal,Funciona,Curva,Bueno,Buena,Diurna,Viento Fuerte,De alcance,S/D,Colisión,Otro,Vertical,Guardarrail,Sin restricción,error,"['Circunvalacion', 'Bulevar Nicasio Oroño']",2,error,,,,,,,,,,
2012,1420,2012-02-02,Jueves,0.0,10:00:00,,0.0,2,"Moto/Ciclomotor,Automóvil",RIVAROLA Y BOLIVIA,2,2,0,0,0,0,0,,Calle,,ROSARIO,Rosario,Asfalto,S/D,II,S/D,Urbana,S/D,S/D,Recta,Deteriorada,S/D,Diurna,Buen Tiempo,Frontal,S/D,Colisión,S/D,S/D,S/D,S/D,error,"['Rivarola', 'Bolivia']",2,error,,,,,,,,,,
2012,1423,2012-02-08,Miercoles,0.0,21:00:00,,0.0,2,"Bicicleta,Automóvil",BV. SEGUI Y PJE. 1715,2,2,0,0,0,0,0,,Calle,,ROSARIO,Rosario,Hormigón,S/D,II,S/D,Urbana,S/D,No existe,Recta,Deteriorada,Buena,Nocturna,Buen Tiempo,Otro,S/D,Atropello,S/D,S/D,S/D,S/D,error,"['Bulevar Juan Francisco Seguí', 'Plácido Grela']",2,error,,,,,,,,,,
2012,1424,2012-02-10,Viernes,0.0,16:30:00,,0.0,2,"Automóvil,Pickup/Utilitario",BV. SEGUI Y PJE. 1710,2,2,0,0,0,0,0,,Calle,,ROSARIO,Rosario,Asfalto,S/D,II,S/D,Urbana,S/D,No existe,Intersección,Deteriorada,Buena,Diurna,Buen Tiempo,Lateral,S/D,Colisión,S/D,S/D,S/D,S/D,error,"['Bulevar Juan Francisco Seguí', 'Calle 1710']",2,error,,,,,,,,,,
2012,1437,2012-02-19,Domingo,0.0,00:00:00,,0.0,1,Moto/Ciclomotor,F. MORE 2400,1,1,0,0,0,0,0,,Calle,,ROSARIO,Rosario,Asfalto,No existe,II,S/D,Urbana,Ninguna,No existe,Intersección,Deteriorada,Buena,Atardecer,S/D,Lateral,S/D,Colisión,Otro,Faltante,Ninguna,Sin restricción,no funciono,['F More 2400'],1,F More 2400,,,,,,,,,,
2012,1452,2012-02-10,Viernes,0.0,00:00:00,,0.0,1,Moto/Ciclomotor,,1,1,0,0,0,0,0,,Calle,,ROSARIO,Rosario,Asfalto,No existe,II,S/D,Urbana,Ninguna,No existe,Intersección,Deteriorada,Buena,Nocturna,S/D,Lateral,S/D,Colisión,Otro,Faltante,Ninguna,Sin restricción,,[],0,,,,,,,,,,,
2012,1456,2012-02-12,Domingo,0.0,00:00:00,,0.0,1,Moto/Ciclomotor,CERRILLO Y QUINTANA,1,1,0,0,0,0,0,,Calle,,ROSARIO,Rosario,Asfalto,No existe,II,S/D,Urbana,Ninguna,No existe,Intersección,Deteriorada,Buena,Nocturna,S/D,Lateral,S/D,Colisión,S/D,S/D,Ninguna,Sin restricción,error,"['Cerrito', 'Quintana']",2,error,,,,,,,,,,
2012,1460,2012-02-10,Viernes,0.0,00:00:00,,0.0,1,Moto/Ciclomotor,ROUILLON Y LEZCANO,1,1,0,0,0,0,0,,Calle,,ROSARIO,Rosario,Asfalto,No existe,II,S/D,Urbana,Ninguna,No existe,Intersección,Deteriorada,Buena,Nocturna,S/D,Lateral,S/D,Colisión,Otro,Faltante,Ninguna,Sin restricción,sec calles no encontradas,"['Alfredo Rouillón', 'Lezcano']",2,error,,,,,,,,,,
2012,1470,2012-02-01,Miercoles,0.0,00:00:00,,0.0,1,Moto/Ciclomotor,GARIBALDI Y F. MORE,1,1,0,0,0,0,0,,Calle,,ROSARIO,Rosario,Asfalto,No existe,II,Dentro,Urbana,Ninguna,No existe,Intersección,Deteriorada,Buena,Diurna,S/D,Lateral,S/D,Colisión,Otro,Faltante,Ninguna,Sin restricción,error,"['José Garibaldi', 'Felipe Moré']",2,error,,,,,,,,,,
2012,1534,2012-02-13,Lunes,0.0,21:30:00,,0.0,2,"Moto/Ciclomotor,Automóvil",GARIBALDI Y PJE. LAPRADE,2,1,0,0,1,0,0,,Calle,,ROSARIO,Rosario,Asfalto,No existe,II,Dentro,Urbana,Ninguna,No existe,Intersección,Bueno,Buena,Diurna,Buen Tiempo,Lateral,S/D,Colisión,S/D,Vertical,Ninguna,Sin restricción,error,"['José Garibaldi', 'Laprade']",2,error,,,,,,,,,,
2012,1553,2012-02-26,Domingo,0.0,00:30:00,,0.0,2,"Moto/Ciclomotor,Taxi/Remis",OV. LAGOS Y ...,3,1,1,0,1,0,0,,Avenida,,ROSARIO,Rosario,Asfalto,No existe,II,Dentro,Urbana,Ninguna,No existe,Intersección,Bueno,Buena,Nocturna,Buen Tiempo,Lateral,S/D,Colisión,S/D,Faltante,Cordón divisorio,Sin restricción,error,"['Avenida Ovidio Lagos', '']",2,error,,,,,,,,,,