anio_acci,nro_acci,fecha,desc_dia,fecha_aprox,hora_aprox,desc_ruta,km,cant_participantes,desc_participante,calle_avenida_km,total,heridos_leves,heridos_graves,heridos_gravisimos,ilesos,fallecidos,sin_datos,posicion_XY,desc_tipo_via,desc_ruta_ori,desc_loc,desc_dpto,desc_tipo_calzada,desc_tipo_banquina,desc_unidad_regional,desc_lugar_calzada,desc_zona,desc_prioridad,desc_estado_semaforo,desc_lugar_via,desc_estado_via,desc_estado_visibilidad,desc_luminosidad,desc_estado_clima,desc_tipo_colision,desc_tipo_atropello,desc_tipo_hecho,desc_pres_calzada,desc_senializacion,desc_separacion_via,desc_restriccion,forma_geocod,calle_lista,numero_calles,calles_osm,lat,lon,index_right,gid,fna,gna,nam,in1,fdc,sag
2012,1574,2012-02-14,Martes,0.0,10:00:00,,0.0,2,"Peatón,Tren",Vélez Sarfield y vías del ffcc,2,0,0,0,1,1,0,,Calle,,ROSARIO,Rosario,Asfalto,Natural,II,Dentro,Urbana,Semáforo,Funciona,Paso a Nivel FFCC,Bueno,Buena,"Nocturna,Con luz artificial",Buen Tiempo,S/D,S/D,Atropello,S/D,S/D,Barrera de alto impacto,Sin restricción,sec calles no encontradas,"['Vélez Sarfield', 'Vías Del Ffcc']",2,error,,,,,,,,,,
2012,1631,2012-02-21,Martes,0.0,22:20:00,,0.0,2,"Peatón,Automóvil",LAPRIDA Y 1&#186; DE MAYO,2,0,1,0,1,0,0,,Calle,,ROSARIO,Rosario,Asfalto,Pavimento,II,S/D,S/D,Ninguna,No existe,Recta,Bueno,S/D,Nocturna,Buen Tiempo,Otro,S/D,Atropello,S/D,Faltante,Cordón divisorio,Sin restricción,error,"['Laprida', 'Primero de Mayo']",2,error,,,,,,,,,,
2012,1695,2012-02-14,Martes,0.0,10:50:00,,0.0,1,Automóvil,,1,1,0,0,0,0,0,,Calle,,ROSARIO,Rosario,Asfalto,No existe,II,Dentro,Urbana,Ninguna,No existe,Recta,Bueno,Buena,Diurna,Buen Tiempo,Otro,S/D,Colisión,S/D,Faltante,Cordón divisorio,Sin restricción,,[],0,,,,,,,,,,,
2012,1760,2012-02-09,Jueves,0.0,22:40:00,,0.0,1,Automóvil,27 DE FEBRERO Y RICHIERI,1,1,0,0,0,0,0,,Avenida,,ROSARIO,Rosario,Asfalto,S/D,II,Dentro,Urbana,Semáforo,S/D,Recta,Bueno,Buena,"Nocturna,Con luz artificial",Buen Tiempo,Lateral,S/D,Colisión,S/D,Vertical,S/D,S/D,error,"['27 de Febrero', 'Ricchieri']",2,error,,,,,,,,,,
2012,1783,2012-02-16,Jueves,0.0,13:50:00,,0.0,1,Moto/Ciclomotor,,1,1,0,0,0,0,0,,Calle,,ROSARIO,Rosario,Asfalto,No existe,II,Dentro,Urbana,Ninguna,Funciona,Intersección,Bueno,Buena,Diurna,Buen Tiempo,Frontal,S/D,Colisión,S/D,S/D,Ninguna,Sin restricción,,[],0,,,,,,,,,,,
2012,1792,2012-02-06,Lunes,0.0,21:45:00,,0.0,1,Peatón,URIBURU Y COLON,1,1,0,0,0,0,0,,Calle,,ROSARIO,Rosario,Asfalto,No existe,II,Dentro,Urbana,Ninguna,No existe,Intersección,Bueno,S/D,Nocturna,Buen Tiempo,Otro,S/D,Atropello,S/D,S/D,Ninguna,Sin restricción,error,"['Uriburu', 'Colon']",2,error,,,,,,,,,,
2012,1805,2012-03-03,Sabado,0.0,22:40:00,,0.0,1,Moto/Ciclomotor,PJE. JUNCAL 4700,1,1,0,0,0,0,0,,Calle,,ROSARIO,Rosario,Asfalto,No existe,II,Dentro,Urbana,Ninguna,S/D,Intersección,S/D,S/D,Nocturna,S/D,Lateral,S/D,Colisión,S/D,S/D,Ninguna,Sin restricción,no funciono,['Pasaje Juncal 4700'],1,Pasaje Juncal 4700,,,,,,,,,,
2012,1871,2012-02-08,Miercoles,0.0,16:30:00,,0.0,2,"Moto/Ciclomotor,Automóvil",BLAMBERG 2600,4,3,0,0,1,0,0,,Calle,,ROSARIO,Rosario,Asfalto,No existe,II,Dentro,Urbana,Ninguna,No existe,Recta,S/D,Buena,Atardecer,Buen Tiempo,Frontal,S/D,Colisión,S/D,Faltante,Ninguna,S/D,no funciono,['Blamberg 2600'],1,Blamberg 2600,,,,,,,,,,
2012,1872,2012-02-26,Domingo,0.0,00:35:00,,0.0,1,Automóvil,GRANDOLI Y LAGUNA,3,3,0,0,0,0,0,,Calle,,ROSARIO,Rosario,Asfalto,No existe,II,Dentro,Urbana,Señal Pare,No existe,Intersección,Bueno,Buena,Nocturna,Buen Tiempo,"Frontal,Lateral",S/D,Colisión,S/D,Vertical,Ninguna,Sin restricción,error,"['Avenida Abanderado Grandoli', 'Laguna']",2,error,,,,,,,,,,
2012,1924,2012-01-12,Jueves,0.0,05:30:00,,0.0,2,"Moto/Ciclomotor,Camión",AV. CIRCUNVALACION Y BERMUDEZ,2,1,0,0,0,0,1,,Avenida,,ROSARIO,Rosario,Asfalto,S/D,II,Dentro,Urbana,Ninguna,No existe,Recta,S/D,S/D,"Amanecer,Con luz artificial",S/D,Otro,S/D,Otro,S/D,S/D,Guardarrail,Sin restricción,error,"['Circunvalacion', 'Bermudez']",2,error,,,,,,,,,,
2012,1932,2012-02-21,Martes,0.0,15:10:00,,0.0,5,"Peatón,Peatón,Peatón,Pickup/Utilitario,Tren",VIAS FERREAS ENTRE FRIAS Y ALZUGARAY,5,3,0,0,0,0,2,,S/D,,ROSARIO,Rosario,S/D,S/D,II,S/D,Urbana,S/D,No existe,Otro,S/D,S/D,Diurna,S/D,S/D,S/D,S/D,S/D,S/D,S/D,S/D,,"['Vias Ferreas', 'Frias', 'Alzugaray']",3,,,,,,,,,,,
2012,1935,2012-02-07,Martes,0.0,19:50:00,,0.0,1,Transporte de Pasajeros Urbano (> 8 asientos),BS. AS. Y MARCO POLO,3,3,0,0,0,0,0,,Calle,,ROSARIO,Rosario,Asfalto,S/D,II,Dentro,Urbana,S/D,S/D,Intersección,S/D,S/D,Atardecer,S/D,S/D,S/D,Colisión,S/D,S/D,S/D,Sin restricción,error,"['Buenos Aires', 'Marco Polo']",2,error,,,,,,,,,,
2012,1940,2012-02-08,Miercoles,0.0,03:40:00,,0.0,1,Moto/Ciclomotor,PREVISION Y HOGAR SAN MARTIN,1,1,0,0,0,0,0,,Calle,,ROSARIO,Rosario,S/D,S/D,II,Dentro,Urbana,Ninguna,S/D,Intersección,S/D,S/D,"Nocturna,Con luz artificial",Lluvia,Otro,S/D,Otro,Agua,S/D,S/D,Sin restricción,error,"['5 de Agosto', 'San Martin']",2,error,,,,,,,,,,
2012,1992,2012-02-29,Miercoles,0.0,12:30:00,,0.0,2,"Automóvil,Taxi/Remis",CALLE,3,1,0,0,2,0,0,,Calle,,ROSARIO,Rosario,Asfalto,S/D,II,Dentro,Urbana,Policía de tránsito,S/D,Recta,Bueno,S/D,S/D,Buen Tiempo,Frontal,S/D,Colisión,S/D,S/D,S/D,S/D,no funciono,['Calle'],1,Calle,,,,,,,,,,
2012,1993,2012-02-27,Lunes,0.0,13:30:00,,0.0,2,"Automóvil,Moto/Ciclomotor",EN LA CALLE,3,2,0,0,1,0,0,,Calle,,ROSARIO,Rosario,Asfalto,S/D,II,Dentro,Urbana,Policía de tránsito,S/D,Recta,Bueno,S/D,S/D,Buen Tiempo,Frontal,S/D,Colisión,S/D,S/D,S/D,S/D,no funciono,['En La Calle'],1,En La Calle,,,,,,,,,,
2012,1998,2012-02-27,Lunes,0.0,07:30:00,,0.0,2,"Moto/Ciclomotor,Automóvil",INTERSECCIÓN DE DOS CALLES,2,1,0,0,1,0,0,,Calle,,ROSARIO,Rosario,Asfalto,S/D,II,Dentro,Urbana,Policía de tránsito,S/D,Intersección,Bueno,S/D,S/D,Buen Tiempo,Lateral,S/D,Colisión,S/D,S/D,S/D,S/D,no funciono,['Intersección De Dos Calles'],1,Intersección De Dos Calles,,,,,,,,,,
2012,2004,2012-02-24,Viernes,0.0,02:00:00,,0.0,2,"Automóvil,Automóvil",INTERSECCIÓN ROSARIO,4,3,0,0,0,0,1,,Calle,,ROSARIO,Rosario,Asfalto,S/D,II,Dentro,Urbana,S/D,S/D,Intersección,Bueno,S/D,S/D,Buen Tiempo,Frontal,S/D,Colisión,S/D,S/D,S/D,S/D,no funciono,['Intersección Rosario'],1,Intersección Rosario,,,,,,,,,,
2012,2007,2012-02-15,Miercoles,0.0,18:15:00,,0.0,2,"Vehículo Oficial,Taxi/Remis",INTERSECCIÓN ,2,1,0,0,1,0,0,,Calle,,ROSARIO,Rosario,Asfalto,S/D,II,Dentro,Urbana,Policía de tránsito,S/D,Intersección,Bueno,S/D,S/D,Buen Tiempo,Frontal,S/D,Colisión,S/D,S/D,S/D,S/D,no funciono,['Intersección'],1,Intersección,,,,,,,,,,
2012,2017,2012-02-23,Jueves,0.0,12:30:00,,0.0,1,Taxi/Remis,INTERSECCIÓN,3,2,0,0,1,0,0,,Calle,,ROSARIO,Rosario,Asfalto,S/D,II,Dentro,Urbana,Policía de tránsito,S/D,Intersección,Bueno,S/D,S/D,S/D,Frontal,S/D,Colisión,S/D,S/D,S/D,S/D,no funciono,['Intersección'],1,Intersección,,,,,,,,,,
2012,2018,2012-02-24,Viernes,0.0,23:55:00,,0.0,1,Automóvil,LARREA Y VELEZ SARFIELD,2,1,0,0,0,0,1,,Calle,,ROSARIO,Rosario,Asfalto,No existe,II,S/D,Urbana,Ninguna,No existe,Intersección,Bueno,Buena,Nocturna,Buen Tiempo,S/D,S/D,Colisión,S/D,S/D,S/D,S/D,error,"['Larrea', 'Vélez Sarfield']",2,error,,,,,,,,,,
2012,2064,2012-02-23,Jueves,0.0,13:10:00,,0.0,3,"Automóvil,Automóvil,Automóvil",,4,1,0,0,3,0,0,,Calle,,ROSARIO,Rosario,Asfalto,S/D,II,Dentro,Urbana,Policía de tránsito,S/D,Recta,Bueno,S/D,S/D,Buen Tiempo,Múltiple,S/D,Colisión,S/D,S/D,S/D,S/D,,[],0,,,,,,,,,,,
2012,2065,2012-02-16,Jueves,0.0,01:50:00,,0.0,2,"Automóvil,Automóvil",,2,2,0,0,0,0,0,,S/D,,ROSARIO,Rosario,Asfalto,S/D,II,S/D,S/D,Policía de tránsito,S/D,Intersección,Bueno,S/D,S/D,Buen Tiempo,Frontal,S/D,Colisión,S/D,S/D,S/D,S/D,,[],0,,,,,,,,,,,
2012,2068,2012-02-02,Jueves,0.0,02:30:00,,0.0,2,"Moto/Ciclomotor,Bicicleta",AV. MENDOZA Y AV. PCIAS UNIDAS,2,0,2,0,0,0,0,,Avenida,,ROSARIO,Rosario,Asfalto,Pavimento,II,Dentro,Urbana,Semáforo,Funciona,Intersección,Bueno,Buena,Diurna,S/D,Otro,S/D,Atropello,S/D,Vertical,Cordón divisorio,Sin restricción,error,"['Mendoza', 'Avenida Provincias Unidas']",2,error,,,,,,,,,,
2012,2072,2012-02-16,Jueves,0.0,17:30:00,,0.0,2,"Moto/Ciclomotor,Automóvil",J. J. PASO Y EE.UU.,2,1,0,0,1,0,0,,Calle,,ROSARIO,Rosario,Asfalto,No existe,II,Dentro,Urbana,Semáforo,Funciona,Intersección,Bueno,Buena,Diurna,S/D,Lateral,S/D,Colisión,S/D,Faltante,S/D,Sin restricción,sec calles no encontradas,"['Paso', 'Avenida 25 De Mayo']",2,error,,,,,,,,,,
2012,2082,2012-02-02,Jueves,0.0,00:00:00,,0.0,2,"Moto/Ciclomotor,Automóvil",JUAN B. JUSTO Y COLECTORA CIRCUNVALACION,2,1,0,0,1,0,0,,Calle,,ROSARIO,Rosario,Asfalto,No existe,II,Dentro,Urbana,Señal Pare,No existe,Intersección,Bueno,Buena,Diurna,Buen Tiempo,Lateral,S/D,Colisión,S/D,S/D,Ninguna,Sin restricción,error,"['Juan B. Justo', 'Colectora de Circunvalación']",2,error,,,,,,,,,,
2012,2085,2012-02-21,Martes,0.0,10:00:00,,0.0,2,"Automóvil,Camión",SAAVEDRA Y J.J. PASO,2,1,0,0,1,0,0,,Avenida,,ROSARIO,Rosario,Hormigón,S/D,II,S/D,Urbana,S/D,S/D,S/D,S/D,S/D,S/D,S/D,S/D,S/D,S/D,S/D,S/D,S/D,S/D,error,"['Saavedra', 'Paso']",2,error,,,,,,,,,,
2012,2090,2012-02-01,Miercoles,0.0,19:00:00,,0.0,1,Moto/Ciclomotor,TUNEL CELEDONIO ESCALADA,3,2,0,0,0,0,1,,Calle,,ROSARIO,Rosario,Asfalto,S/D,II,Dentro,Urbana,S/D,S/D,Curva,Bueno,S/D,Diurna,S/D,S/D,S/D,S/D,S/D,S/D,S/D,S/D,no funciono,['Tunel Celedonio Escalada'],1,Tunel Celedonio Escalada,,,,,,,,,,
2012,2095,2012-02-07,Martes,0.0,12:30:00,,0.0,2,"Peatón,Transporte de Pasajeros Urbano (> 8 asientos)",,2,1,0,0,1,0,0,,S/D,,ROSARIO,Rosario,Asfalto,S/D,II,Dentro,Urbana,Policía de tránsito,S/D,Cruce,Bueno,S/D,S/D,Buen Tiempo,S/D,S/D,Atropello,S/D,S/D,S/D,S/D,,[],0,,,,,,,,,,,
2012,2096,2012-02-06,Lunes,0.0,00:00:00,,0.0,2,"Moto/Ciclomotor,Automóvil",,2,1,0,0,1,0,0,,Calle,,ROSARIO,Rosario,Asfalto,S/D,II,Dentro,Urbana,Policía de tránsito,S/D,Intersección,Bueno,Buena,S/D,Buen Tiempo,Frontal,S/D,Colisión,S/D,S/D,S/D,S/D,,[],0,,,,,,,,,,,
2012,2097,2012-02-04,Sabado,0.0,13:40:00,,0.0,2,"Taxi/Remis,Automóvil",CALLE,4,2,0,0,2,0,0,,Calle,,ROSARIO,Rosario,Asfalto,S/D,II,Dentro,Urbana,Policía de tránsito,S/D,Recta,Bueno,S/D,S/D,Buen Tiempo,Frontal,S/D,Colisión,S/D,S/D,S/D,S/D,no funciono,['Calle'],1,Calle,,,,,,,,,,
2012,2099,2012-02-04,Sabado,0.0,11:20:00,,0.0,2,"Bicicleta,Automóvil",,2,1,0,0,1,0,0,,Calle,,ROSARIO,Rosario,Asfalto,S/D,II,Dentro,Urbana,Policía de tránsito,S/D,S/D,Bueno,S/D,S/D,S/D,S/D,S/D,S/D,S/D,S/D,S/D,S/D,,[],0,,,,,,,,,,,
2012,2142,2012-02-06,Lunes,0.0,10:00:00,,0.0,1,Moto/Ciclomotor,,3,2,0,0,1,0,0,,Calle,,ROSARIO,Rosario,Asfalto,Pavimento,II,Dentro,Urbana,S/D,S/D,Intersección,Bueno,S/D,Diurna,S/D,Lateral,S/D,Colisión,S/D,S/D,Cordón divisorio,S/D,,[],0,,,,,,,,,,,
2012,2150,2012-02-08,Miercoles,0.0,19:00:00,,0.0,2,"Moto/Ciclomotor,Automóvil",SAVIN Y ALBERDI,2,1,0,0,1,0,0,,Calle,,ROSARIO,Rosario,Asfalto,No existe,II,Dentro,Urbana,Semáforo,Funciona,Intersección,Bueno,Buena,Diurna,Buen Tiempo,Lateral,S/D,Colisión,S/D,Vertical,Cordón divisorio,Sin restricción,ppal calles no encontradas,"['Savin', 'Alberdi']",2,error,,,,,,,,,,
2012,2158,2012-02-27,Lunes,0.0,18:00:00,,0.0,2,"Automóvil,Pickup/Utilitario",LAMAS Y ECHEVERRIA,2,1,0,0,1,0,0,,Calle,,ROSARIO,Rosario,Asfalto,Pavimento,II,Dentro,Urbana,Señal Pare,No existe,Intersección,Bueno,Buena,Diurna,Buen Tiempo,Lateral,S/D,Colisión,S/D,Horizontal,Barrera de hormigón,S/D,error,"['Lamas', 'Echeverría']",2,error,,,,,,,,,,
2012,2193,2012-02-17,Viernes,0.0,16:55:00,,0.0,2,"Automóvil,Automóvil",CORDIVIOLA E IBARLUCEA,2,2,0,0,0,0,0,,Calle,,ROSARIO,Rosario,Asfalto,Pavimento,II,Dentro,Urbana,Ninguna,No existe,Intersección,Bueno,Buena,Diurna,Buen Tiempo,"Frontal,Lateral",S/D,Colisión,Otro,Faltante,Ninguna,Sin restricción,error,"['Cordiviola', 'Ibarlucea']",2,error,,,,,,,,,,
2012,2196,2012-02-17,Viernes,0.0,10:00:00,,0.0,2,"Moto/Ciclomotor,Automóvil",FERREYRA E IBARLUCEA,2,1,0,0,1,0,0,,Calle,,ROSARIO,Rosario,Asfalto,Pavimento,II,Dentro,Urbana,Señal Ceda el Paso,No existe,Intersección,Bueno,Buena,Diurna,Buen Tiempo,"Frontal,Lateral",S/D,Colisión,S/D,Vertical,Ninguna,Sin restricción,error,"['Ferreyra', 'Ibarlucea']",2,error,,,,,,,,,,
2012,2223,2012-02-11,Sabado,0.0,00:00:00,,0.0,2,"Automóvil,Automóvil",AGRELO Y VILA,2,1,0,0,0,0,1,,Calle,,ROSARIO,Rosario,Asfalto,No existe,II,S/D,S/D,S/D,No existe,Otro,Bueno,S/D,S/D,Otro,Lateral,S/D,Colisión,Otro,S/D,Ninguna,S/D,error,"['Agrela', 'Vila']",2,error,,,,,,,,,,
2012,2224,2012-02-12,Domingo,0.0,00:00:00,,0.0,2,"Peatón,Pickup/Utilitario",AV. PUCCIO Y AV. CARRASCO,2,1,0,0,0,0,1,,Avenida,,ROSARIO,Rosario,S/D,No existe,II,S/D,S/D,S/D,Funciona,Intersección,Otro,S/D,S/D,Otro,Otro,S/D,Atropello,S/D,S/D,S/D,S/D,error,"['Puccio', 'Carrasco']",2,error,,,,,,,,,,
2012,2247,2012-02-24,Viernes,0.0,09:00:00,,0.0,2,"Moto/Ciclomotor,Automóvil",CORREA Y BIELSA,2,0,0,0,0,0,2,,Calle,,ROSARIO,Rosario,Asfalto,S/D,II,S/D,S/D,Ninguna,S/D,Intersección,Bueno,S/D,S/D,Buen Tiempo,S/D,S/D,Colisión,S/D,S/D,Ninguna,S/D,error,"['Correa', 'Bielsa']",2,error,,,,,,,,,,
2012,2256,2012-02-25,Sabado,0.0,00:00:00,,0.0,2,"Moto/Ciclomotor,Moto/Ciclomotor",SOLIS Y LAS VIAS,2,1,0,0,0,0,1,,Calle,,ROSARIO,Rosario,Asfalto,No existe,II,S/D,Urbana,S/D,No existe,Paso a Nivel FFCC,Bueno,S/D,Nocturna,S/D,S/D,S/D,Colisión,S/D,S/D,S/D,S/D,sec calles no encontradas,"['Solis', 'Las Vias']",2,error,,,,,,,,,,
2012,2272,2012-02-03,Viernes,0.0,14:00:00,,0.0,2,"Taxi/Remis,Automóvil",,2,1,0,0,1,0,0,,Calle,,ROSARIO,Rosario,Asfalto,S/D,II,Dentro,Urbana,Semáforo,S/D,Intersección,S/D,S/D,S/D,Buen Tiempo,Lateral,S/D,Colisión,S/D,S/D,Cordón divisorio,Sin restricción,,[],0,,,,,,,,,,,
2012,2295,2012-02-27,Lunes,0.0,13:00:00,,0.0,2,"Bicicleta,Automóvil",PJE. IBERA 3800,2,1,0,0,1,0,0,,Calle,,ROSARIO,Rosario,Asfalto,S/D,II,S/D,S/D,S/D,No existe,Recta,Bueno,Buena,Diurna,Buen Tiempo,Otro,S/D,Atropello,S/D,S/D,S/D,S/D,no funciono,['Pasaje Ibera 3800'],1,Pasaje Ibera 3800,,,,,,,,,,
2012,2345,2012-02-02,Jueves,0.0,00:00:00,,0.0,2,"Bicicleta,Automóvil",SANTA FE Y CORDOBA,2,1,0,0,1,0,0,,Calle,,ROSARIO,Rosario,Asfalto,S/D,II,Dentro,Urbana,S/D,S/D,Recta,Bueno,Buena,S/D,S/D,Contra objeto fijo,S/D,Colisión,S/D,S/D,S/D,S/D,error,"['Santa Fe', 'Córdoba']",2,error,,,,,,,,,,
2012,2369,2012-02-20,Lunes,0.0,19:25:00,,0.0,2,"Moto/Ciclomotor,Automóvil",BV. OROÑO 900,2,1,0,0,1,0,0,,Calle,,ROSARIO,Rosario,Asfalto,Pavimento,II,Dentro,Urbana,Ninguna,Funciona,Recta,Bueno,Buena,"Atardecer,Con luz artificial",Buen Tiempo,Lateral,S/D,Colisión,Otro,Horizontal,Línea divisoria pintada,S/D,no funciono,['Nicasio Oroñoño 900'],1,Nicasio Oroñoño 900,,,,,,,,,,
2012,2375,2012-02-18,Sabado,0.0,14:45:00,,0.0,2,"Moto/Ciclomotor,Automóvil",DORREGO E ITALIA,2,1,0,0,1,0,0,,Calle,,ROSARIO,Rosario,Asfalto,S/D,II,Dentro,Urbana,S/D,S/D,Intersección,Bueno,Buena,Diurna,S/D,S/D,S/D,Colisión,S/D,S/D,S/D,S/D,error,"['Dorrego', 'Italia']",2,error,,,,,,,,,,
2012,2389,2012-02-24,Viernes,0.0,17:30:00,,0.0,2,"Moto/Ciclomotor,Automóvil",MITRE Y SARMIENTO,2,1,0,0,0,0,1,,Calle,,ROSARIO,Rosario,Asfalto,S/D,II,Dentro,Urbana,S/D,S/D,Recta,Bueno,S/D,Diurna,S/D,Otro,S/D,Colisión,S/D,S/D,Ninguna,S/D,error,"['Mitre', 'Sarmiento']",2,error,,,,,,,,,,
2012,2397,2012-02-09,Jueves,0.0,10:30:00,,0.0,1,Moto/Ciclomotor,SAN JUAN Y LA RIOJA,1,1,0,0,0,0,0,,Calle,,ROSARIO,Rosario,Asfalto,No existe,I,Dentro,Urbana,Ninguna,No existe,Intersección,Bueno,Buena,Diurna,Buen Tiempo,Lateral,S/D,Colisión,S/D,Horizontal,Ninguna,Sin restricción,error,"['San Juan', 'La Rioja']",2,error,,,,,,,,,,
2012,2399,2012-02-02,Jueves,0.0,20:50:00,,0.0,1,Automóvil,ITURRASPE Y AV. J. D. PERON,1,1,0,0,0,0,0,,Avenida,,ROSARIO,Rosario,Asfalto,No existe,I,S/D,Urbana,S/D,No existe,Intersección,Bueno,Buena,Nocturna,Buen Tiempo,Lateral,S/D,Colisión,S/D,S/D,Cordón divisorio,Sin restricción,error,"['Iturraspe', 'Avenida Presidente Perón']",2,error,,,,,,,,,,
2012,2409,2012-02-16,Jueves,0.0,17:00:00,,0.0,2,"Moto/Ciclomotor,Taxi/Remis",AV. BLAS PARERA Y LAVAISSE,3,2,0,0,0,0,1,,Avenida,,ROSARIO,Rosario,Asfalto,No existe,I,S/D,Urbana,S/D,No existe,Intersección,Bueno,Buena,Diurna,Buen Tiempo,Lateral,S/D,Colisión,S/D,S/D,Cordón divisorio,Sin restricción,error,"['Blas Parera', 'Lavoisier']",2,error,,,,,,,,,,
2012,2559,2012-03-04,Domingo,0.0,11:45:00,,0.0,2,"Moto/Ciclomotor,Pickup/Utilitario",3 DE FEBRERO Y ALVEAR,2,1,0,0,1,0,0,,Calle,,ROSARIO,Rosario,Asfalto,No existe,II,Dentro,Urbana,S/D,No existe,Recta,Bueno,Buena,Diurna,S/D,S/D,S/D,Colisión,S/D,S/D,S/D,S/D,error,"['3 de Febrero', 'Alvear']",2,error,,,,,,,,,,
2012,2566,2012-03-05,Lunes,0.0,14:30:00,,0.0,2,"Bicicleta,Automóvil",BV OROÑO 800,2,1,0,0,1,0,0,,Calle,,ROSARIO,Rosario,Asfalto,S/D,II,Dentro,Urbana,S/D,S/D,Recta,Bueno,S/D,Diurna,S/D,S/D,S/D,Atropello,S/D,S/D,S/D,S/D,no funciono,['Nicasio Oroñoño 800'],1,Nicasio Oroñoño 800,,,,,,,,,,
2012,2568,2012-03-03,Sabado,0.0,06:30:00,,0.0,2,"Bicicleta,Automóvil",Bv. 27 de Febrero entre Liniers y Camilo Aldao,2,0,0,0,1,1,0,,Avenida,,ROSARIO,Rosario,Asfalto,No existe,II,Dentro,Urbana,Ninguna,No existe,Recta,Deteriorada,S/D,Diurna,S/D,S/D,S/D,Atropello,Otro,Faltante,Ninguna,Sin restricción,,"['27 de Febrero', 'Liniers', 'Camilo Aldao']",3,,,,,,,,,,,
2012,2587,2012-03-09,Viernes,0.0,00:00:00,,0.0,2,"Moto/Ciclomotor,Automóvil",CORDOBA Y CARRIEGO,2,1,0,0,1,0,0,,Calle,,ROSARIO,Rosario,Asfalto,S/D,II,Dentro,Urbana,Semáforo,S/D,Intersección,Bueno,S/D,S/D,Buen Tiempo,S/D,S/D,Colisión,S/D,S/D,Cordón divisorio,S/D,error,"['Córdoba', 'Carriego']",2,error,,,,,,,,,,
2012,2594,2012-03-09,Viernes,0.0,14:30:00,,0.0,2,"Moto/Ciclomotor,Automóvil",BV OROÑO 900,2,1,0,0,1,0,0,,Calle,,ROSARIO,Rosario,Asfalto,S/D,II,Dentro,Urbana,S/D,S/D,Recta,Bueno,S/D,Diurna,S/D,Lateral,S/D,Colisión,S/D,S/D,S/D,S/D,no funciono,['Nicasio Oroñoño 900'],1,Nicasio Oroñoño 900,,,,,,,,,,
2012,2613,2012-03-16,Viernes,0.0,17:30:00,,0.0,2,"Moto/Ciclomotor,Automóvil",RODRIGUEZ SAN LUIS,2,1,0,0,1,0,0,,Calle,,ROSARIO,Rosario,Asfalto,S/D,II,Dentro,Urbana,S/D,S/D,Intersección,Bueno,Buena,Atardecer,Buen Tiempo,S/D,S/D,Colisión,S/D,S/D,S/D,S/D,no funciono,['Rodriguez San Luis'],1,Rodriguez San Luis,,,,,,,,,,
2012,2615,2012-03-01,Jueves,0.0,00:00:00,,0.0,2,"Automóvil,Automóvil",CORDOBA Y PASCUAL ROSAS,2,1,0,0,1,0,0,,Calle,,ROSARIO,Rosario,Asfalto,S/D,II,Dentro,Urbana,Semáforo,Funciona,Intersección,Bueno,Buena,S/D,Buen Tiempo,De alcance,S/D,Colisión,S/D,S/D,S/D,S/D,error,"['Córdoba', 'Pascual Rosas']",2,error,,,,,,,,,,
2012,2620,2012-03-15,Jueves,0.0,14:20:00,,0.0,1,Moto/Ciclomotor,ZEBALLOS Y RIOJA,2,1,0,0,1,0,0,,Calle,,ROSARIO,Rosario,Asfalto,S/D,II,Dentro,Urbana,S/D,S/D,Intersección,Bueno,Buena,Diurna,Buen Tiempo,Lateral,S/D,Colisión,S/D,S/D,S/D,S/D,error,"['Zeballos', 'Rioja']",2,error,,,,,,,,,,
2012,2626,2012-03-29,Jueves,0.0,00:00:00,,0.0,2,"Moto/Ciclomotor,Peatón",calle ituzaingo 1800 gral. paz al 1800,2,1,0,0,1,0,0,,Calle,,ROSARIO,Rosario,Asfalto,Natural,II,Dentro,Urbana,S/D,No existe,Recta,Bueno,Buena,Diurna,Buen Tiempo,Otro,S/D,Otro,S/D,Faltante,Ninguna,Sin restricción,no funciono,['Calle Ituzaingo 1800 General Paz 1800'],1,Calle Ituzaingo 1800 General Paz 1800,,,,,,,,,,
2012,2636,2012-03-27,Martes,0.0,00:00:00,,0.0,2,"Pickup/Utilitario,Automóvil",,2,1,0,0,1,0,0,,Calle,,ROSARIO,Rosario,Asfalto,S/D,II,Dentro,Urbana,S/D,S/D,Intersección,Bueno,Buena,Diurna,Buen Tiempo,S/D,S/D,Colisión,S/D,S/D,S/D,S/D,,[],0,,,,,,,,,,,
2012,2658,2012-03-25,Domingo,0.0,20:00:00,,0.0,2,"Moto/Ciclomotor,Automóvil",,3,2,0,0,1,0,0,,S/D,,ROSARIO,Rosario,Asfalto,S/D,II,S/D,S/D,S/D,S/D,Recta,Bueno,Buena,Con luz artificial,Buen Tiempo,Lateral,S/D,Colisión,S/D,S/D,S/D,S/D,,[],0,,,,,,,,,,,
2012,2659,2012-03-26,Lunes,0.0,12:00:00,,0.0,3,"Automóvil,Automóvil,Automóvil",OROÑO Y BALCARCE,3,1,0,0,2,0,0,,Avenida,,ROSARIO,Rosario,Asfalto,S/D,II,Dentro,Urbana,S/D,S/D,Recta,Bueno,Buena,Diurna,Buen Tiempo,Múltiple,S/D,Colisión,S/D,S/D,S/D,S/D,error,"['Bulevar Nicasio Oroño', 'Balcarce']",2,error,,,,,,,,,,
2012,2671,2012-02-28,Martes,0.0,08:00:00,,0.0,2,"Moto/Ciclomotor,Taxi/Remis",PREDIO LA SIBERIA,2,1,0,0,1,0,0,,Calle,,ROSARIO,Rosario,Asfalto,Natural,II,Dentro,Urbana,Ninguna,No existe,Recta,Bueno,Buena,Diurna,Buen Tiempo,Lateral,S/D,Colisión,S/D,Faltante,Cordón divisorio,Sin restricción,no funciono,['Predio La Siberia'],1,Predio La Siberia,,,,,,,,,,
2012,2682,2012-03-05,Lunes,0.0,19:15:00,,0.0,2,"Automóvil,Transporte de Pasajeros Urbano (> 8 asientos)",AV.,2,1,0,0,1,0,0,,Avenida,,ROSARIO,Rosario,Asfalto,No existe,II,S/D,S/D,S/D,Funciona,Intersección,Bueno,Buena,Atardecer,Lluvia,De alcance,S/D,Colisión,S/D,Faltante,Cordón divisorio,Sin restricción,,[''],0,,,,,,,,,,,
2012,2684,2012-03-01,Jueves,0.0,07:30:00,,0.0,2,"Moto/Ciclomotor,Automóvil",AV. 27 DE FEBRERO Y PTE. PERON,2,1,0,0,1,0,0,,Calle,,ROSARIO,Rosario,Asfalto,Pavimento,II,Fuera,Urbana,S/D,Funciona,Intersección,Bueno,Buena,Diurna,Buen Tiempo,Lateral,S/D,Colisión,S/D,S/D,S/D,S/D,error,"['27 de Febrero', 'Avenida Presidente Perón']",2,error,,,,,,,,,,
2012,2726,2012-03-18,Domingo,0.0,23:00:00,,0.0,2,"Moto/Ciclomotor,Automóvil",LIMA Y VALPARAISO,4,1,0,0,3,0,0,,Calle,,ROSARIO,Rosario,Asfalto,S/D,II,S/D,Urbana,S/D,S/D,Intersección,Bueno,Buena,Diurna,Buen Tiempo,"Frontal,Otro",S/D,Colisión,S/D,S/D,S/D,Sin restricción,error,"['Lima', 'Valparaíso']",2,error,,,,,,,,,,
2012,2767,2012-03-15,Jueves,0.0,15:45:00,,0.0,2,"Moto/Ciclomotor,Pickup/Utilitario",FILIPINI ,2,1,0,0,1,0,0,,Calle,,ROSARIO,Rosario,Asfalto,Ripio,II,Dentro,Urbana,Ninguna,No existe,Recta,Bueno,Buena,Diurna,Buen Tiempo,Lateral,S/D,Colisión,S/D,Faltante,Ninguna,S/D,no funciono,['Filipini'],1,Filipini,,,,,,,,,,
2012,2768,2012-03-05,Lunes,0.0,12:30:00,,0.0,2,"Automóvil,Automóvil",bv. 27 de febrero y richieri,2,1,0,0,1,0,0,,Avenida,,ROSARIO,Rosario,Asfalto,S/D,II,Dentro,Urbana,S/D,S/D,Recta,Bueno,Buena,Diurna,Buen Tiempo,Lateral,S/D,Colisión,S/D,S/D,S/D,Sin restricción,error,"['27 de Febrero', 'Ricchieri']",2,error,,,,,,,,,,
2012,2779,2012-03-30,Viernes,0.0,07:30:00,,0.0,2,"Vehículo Oficial,Camión",COLECTORA YCANDELOS GRANADEROS,3,1,0,0,2,0,0,,Calle,,ROSARIO,Rosario,Asfalto,S/D,II,Dentro,Urbana,Semáforo,Funciona,Cruce,Bueno,Buena,Diurna,Buen Tiempo,Lateral,S/D,Colisión,S/D,S/D,S/D,S/D,no funciono,['Colectora Ycandelos Granaderos'],1,Colectora Ycandelos Granaderos,,,,,,,,,,
2012,2848,2012-03-12,Lunes,0.0,16:00:00,,0.0,2,"Moto/Ciclomotor,Automóvil",TIERRA DEL FUEGO Y SAN JUAN,3,2,0,0,1,0,0,,Calle,,ROSARIO,Rosario,Asfalto,No existe,II,Dentro,Urbana,S/D,No existe,Intersección,Bueno,Buena,Diurna,Buen Tiempo,S/D,S/D,Colisión,S/D,S/D,S/D,Sin restricción,error,"['Tierra del Fuego', 'San Juan']",2,error,,,,,,,,,,
2012,2868,2012-03-17,Sabado,0.0,14:00:00,,0.0,3,"Peatón,Peatón,Taxi/Remis",AV. ROSARIO Y LITUANIA,3,2,0,0,1,0,0,,S/D,,ROSARIO,Rosario,Asfalto,No existe,II,Dentro,Urbana,Ninguna,No existe,Intersección,Bueno,Buena,Diurna,Buen Tiempo,S/D,S/D,Atropello,Otro,S/D,S/D,Sin restricción,error,"['Rosario', 'Lituania']",2,error,,,,,,,,,,