anio_acci,nro_acci,fecha,desc_dia,fecha_aprox,hora_aprox,desc_ruta,km,cant_participantes,desc_participante,calle_avenida_km,total,heridos_leves,heridos_graves,heridos_gravisimos,ilesos,fallecidos,sin_datos,posicion_XY,desc_tipo_via,desc_ruta_ori,desc_loc,desc_dpto,desc_tipo_calzada,desc_tipo_banquina,desc_unidad_regional,desc_lugar_calzada,desc_zona,desc_prioridad,desc_estado_semaforo,desc_lugar_via,desc_estado_via,desc_estado_visibilidad,desc_luminosidad,desc_estado_clima,desc_tipo_colision,desc_tipo_atropello,desc_tipo_hecho,desc_pres_calzada,desc_senializacion,desc_separacion_via,desc_restriccion,forma_geocod,calle_lista,numero_calles,calles_osm,lat,lon,index_right,gid,fna,gna,nam,in1,fdc,sag
2012,2890,2012-03-20,Martes,0.0,12:30:00,,0.0,1,Automóvil,arturo illia y españa,2,1,0,0,1,0,0,,Calle,,ROSARIO,Rosario,Asfalto,No existe,II,Dentro,Urbana,S/D,No existe,Intersección,Bueno,Buena,Diurna,Buen Tiempo,De alcance,S/D,Colisión,S/D,Faltante,S/D,Sin restricción,error,"['Avenida Arturo Illia', 'España']",2,error,,,,,,,,,,
2012,2908,2012-03-21,Miercoles,0.0,00:15:00,,0.0,2,"Automóvil,Automóvil",av. del huerto y pte. roca,2,0,0,0,0,0,2,,Avenida,,ROSARIO,Rosario,Asfalto,No existe,II,Dentro,Urbana,S/D,No existe,Intersección,Bueno,Buena,"Nocturna,Con luz artificial",Buen Tiempo,De alcance,S/D,Colisión,S/D,Vertical,S/D,Sin restricción,error,"['Del Huerto', 'Roca']",2,error,,,,,,,,,,
2012,2918,2012-03-05,Lunes,0.0,18:15:00,,0.0,2,"Peatón,Otros",PTE.QUINTANA 2600,2,1,0,0,0,0,1,,Calle,,ROSARIO,Rosario,Asfalto,No existe,II,Dentro,Urbana,S/D,S/D,Recta,S/D,S/D,Atardecer,Buen Tiempo,S/D,S/D,Atropello,S/D,S/D,Ninguna,Sin restricción,no funciono,['Presidentequintana 2600'],1,Presidentequintana 2600,,,,,,,,,,
2012,2924,2012-03-01,Jueves,0.0,11:45:00,,0.0,2,"Moto/Ciclomotor,Automóvil",,3,2,0,0,1,0,0,,Calle,,ROSARIO,Rosario,Asfalto,No existe,II,Dentro,Urbana,Marca Vial,S/D,Intersección,Bueno,Buena,S/D,Buen Tiempo,Lateral,S/D,Colisión,S/D,Vertical,Ninguna,Sin restricción,,[],0,,,,,,,,,,,
2012,2925,2012-03-13,Martes,0.0,01:00:00,,0.0,2,"Moto/Ciclomotor,Otros",ITALIA Y DR. RIVAROLA,2,1,0,0,1,0,0,,Calle,,ROSARIO,Rosario,Asfalto,No existe,II,Dentro,Urbana,Ninguna,S/D,Intersección,S/D,S/D,S/D,S/D,Lateral,S/D,Colisión,S/D,S/D,Ninguna,Sin restricción,error,"['Italia', 'Rivarola']",2,error,,,,,,,,,,
2012,2927,2012-03-01,Jueves,0.0,06:30:00,,0.0,2,"Moto/Ciclomotor,Automóvil",,2,1,0,0,1,0,0,,S/D,,ROSARIO,Rosario,Asfalto,No existe,II,S/D,S/D,Marca Vial,No existe,Intersección,Bueno,Buena,Diurna,Buen Tiempo,Lateral,S/D,Colisión,S/D,Vertical,Ninguna,Sin restricción,,[],0,,,,,,,,,,,
2012,2936,2012-03-01,Jueves,0.0,14:15:00,,0.0,2,"Moto/Ciclomotor,Pickup/Utilitario",,3,2,0,0,1,0,0,,Calle,,ROSARIO,Rosario,Asfalto,No existe,II,Dentro,Urbana,Ninguna,No existe,Intersección,Bueno,Buena,Diurna,Buen Tiempo,Lateral,S/D,Colisión,S/D,Vertical,Ninguna,Sin restricción,,[],0,,,,,,,,,,,
2012,2937,2012-03-02,Viernes,0.0,15:45:00,,0.0,2,"Moto/Ciclomotor,Taxi/Remis",,2,1,0,0,1,0,0,,Calle,,ROSARIO,Rosario,Asfalto,No existe,II,Dentro,Urbana,Marca Vial,No existe,Recta,Bueno,Buena,Diurna,Buen Tiempo,Lateral,S/D,Colisión,S/D,Vertical,Ninguna,Sin restricción,,[],0,,,,,,,,,,,
2012,2939,2012-03-02,Viernes,0.0,17:15:00,,0.0,2,"Moto/Ciclomotor,Automóvil",,2,1,0,0,1,0,0,,Calle,,ROSARIO,Rosario,Asfalto,No existe,II,Dentro,Urbana,Semáforo,Funciona,Intersección,Bueno,Buena,Diurna,Buen Tiempo,Lateral,S/D,Colisión,S/D,Vertical,Ninguna,Sin restricción,,[],0,,,,,,,,,,,
2012,2940,2012-03-02,Viernes,0.0,11:45:00,,0.0,2,"Moto/Ciclomotor,Automóvil",,3,2,0,0,1,0,0,,Calle,,ROSARIO,Rosario,Asfalto,No existe,II,Dentro,Urbana,Marca Vial,No existe,Intersección,Bueno,Buena,Diurna,Buen Tiempo,Lateral,S/D,Colisión,S/D,Vertical,Ninguna,Sin restricción,,[],0,,,,,,,,,,,
2012,2942,2012-03-02,Viernes,0.0,10:15:00,,0.0,2,"Moto/Ciclomotor,Automóvil",,2,1,0,0,1,0,0,,Calle,,ROSARIO,Rosario,Asfalto,No existe,II,Dentro,Urbana,Marca Vial,No existe,Intersección,Bueno,Buena,Diurna,Buen Tiempo,Lateral,S/D,Colisión,S/D,Vertical,Ninguna,Sin restricción,,[],0,,,,,,,,,,,
2012,2943,2012-03-05,Lunes,0.0,00:10:00,,0.0,2,"Moto/Ciclomotor,Automóvil",bv. oroño y bv. ordoñez,2,1,0,0,1,0,0,,Avenida,,ROSARIO,Rosario,Asfalto,No existe,II,Dentro,Urbana,S/D,Funciona,Intersección,Bueno,Buena,Nocturna,Buen Tiempo,Lateral,S/D,Colisión,S/D,Vertical,S/D,Sin restricción,error,"['Bulevar Nicasio Oroño', 'Avenida Battle y Ordoñez']",2,error,,,,,,,,,,
2012,2944,2012-03-05,Lunes,0.0,09:00:00,,0.0,2,"Moto/Ciclomotor,Automóvil",,2,1,0,0,1,0,0,,Calle,,ROSARIO,Rosario,Asfalto,No existe,II,Dentro,Urbana,Marca Vial,No existe,Intersección,Bueno,Buena,Diurna,Buen Tiempo,Lateral,S/D,Colisión,S/D,S/D,Ninguna,Sin restricción,,[],0,,,,,,,,,,,
2012,2946,2012-03-06,Martes,0.0,18:55:00,,0.0,2,"Moto/Ciclomotor,Automóvil",,3,2,0,0,1,0,0,,Calle,,ROSARIO,Rosario,Asfalto,No existe,II,Dentro,Urbana,Marca Vial,No existe,Intersección,Bueno,Buena,Diurna,Buen Tiempo,Lateral,S/D,Colisión,S/D,Vertical,Vegetación,Sin restricción,,[],0,,,,,,,,,,,
2012,2952,2012-03-07,Miercoles,0.0,17:20:00,,0.0,2,"Automóvil,Pickup/Utilitario",,2,1,0,0,1,0,0,,Calle,,ROSARIO,Rosario,Asfalto,No existe,II,Dentro,Urbana,Marca Vial,No existe,Intersección,Bueno,Buena,Diurna,Buen Tiempo,Lateral,S/D,Colisión,S/D,Vertical,Ninguna,Sin restricción,,[],0,,,,,,,,,,,
2012,2953,2012-03-08,Jueves,0.0,08:00:00,,0.0,2,"Moto/Ciclomotor,Automóvil",,2,1,0,0,1,0,0,,S/D,,ROSARIO,Rosario,Asfalto,No existe,II,S/D,S/D,Marca Vial,No existe,Intersección,Bueno,Buena,Diurna,Buen Tiempo,Lateral,S/D,Colisión,S/D,Vertical,Ninguna,Sin restricción,,[],0,,,,,,,,,,,
2012,2956,2012-03-10,Sabado,0.0,16:30:00,,0.0,2,"Bicicleta,Moto/Ciclomotor",,3,2,0,0,1,0,0,,S/D,,ROSARIO,Rosario,Asfalto,No existe,II,S/D,S/D,Marca Vial,No existe,Intersección,Bueno,Buena,Diurna,Buen Tiempo,S/D,S/D,Atropello,S/D,Vertical,Ninguna,Sin restricción,,[],0,,,,,,,,,,,
2012,2957,2012-03-12,Lunes,0.0,08:00:00,,0.0,2,"Peatón,Automóvil",,2,1,0,0,1,0,0,,Calle,,ROSARIO,Rosario,Asfalto,No existe,II,Dentro,Urbana,Marca Vial,No existe,Intersección,Bueno,Buena,Diurna,Buen Tiempo,S/D,S/D,Atropello,S/D,Vertical,Ninguna,Sin restricción,,[],0,,,,,,,,,,,
2012,2958,2012-03-13,Martes,0.0,13:50:00,,0.0,2,"Moto/Ciclomotor,Automóvil",,3,2,0,0,1,0,0,,Calle,,ROSARIO,Rosario,Asfalto,No existe,II,Dentro,Urbana,Marca Vial,No existe,Intersección,Bueno,Buena,Diurna,Buen Tiempo,Lateral,S/D,Colisión,S/D,Vertical,Ninguna,Sin restricción,,[],0,,,,,,,,,,,
2012,2959,2012-03-08,Jueves,0.0,09:30:00,,0.0,2,"Peatón,Automóvil",bv. oroño y bv ordoñez,2,1,0,0,1,0,0,,Avenida,,ROSARIO,Rosario,Asfalto,No existe,II,Dentro,Urbana,S/D,Funciona,Recta,Bueno,Buena,Diurna,Buen Tiempo,Lateral,S/D,Atropello,S/D,Vertical,S/D,Sin restricción,error,"['Bulevar Nicasio Oroño', 'Avenida Battle y Ordoñez']",2,error,,,,,,,,,,
2012,2964,2012-03-19,Lunes,0.0,11:30:00,,0.0,2,"Moto/Ciclomotor,Otros",ANCHORENA Y REGIMIENTO 11,2,1,0,0,1,0,0,,Calle,,ROSARIO,Rosario,Asfalto,No existe,II,Dentro,Urbana,S/D,S/D,Intersección,S/D,S/D,Diurna,S/D,Lateral,S/D,Colisión,S/D,S/D,Ninguna,Sin restricción,error,"['Anchorena', 'Regimiento 11']",2,error,,,,,,,,,,
2012,2973,2012-03-23,Viernes,0.0,07:00:00,,0.0,2,"Moto/Ciclomotor,Otros",AYOLAS Y ESPAÑA,2,1,0,0,1,0,0,,Calle,,ROSARIO,Rosario,Asfalto,No existe,II,Dentro,Urbana,Ninguna,S/D,Intersección,S/D,S/D,Amanecer,S/D,Lateral,S/D,Colisión,S/D,S/D,Ninguna,Sin restricción,error,"['Ayolas', 'España']",2,error,,,,,,,,,,
2012,3002,2012-03-22,Jueves,0.0,22:30:00,,0.0,2,"Moto/Ciclomotor,Automóvil",,2,1,0,0,1,0,0,,Calle,,ROSARIO,Rosario,Asfalto,No existe,II,Dentro,Urbana,Marca Vial,No existe,Recta,Bueno,Buena,Diurna,Buen Tiempo,Lateral,S/D,Colisión,S/D,Vertical,Ninguna,Sin restricción,,[],0,,,,,,,,,,,
2012,3004,2012-03-22,Jueves,0.0,23:50:00,,0.0,1,Moto/Ciclomotor,,2,2,0,0,0,0,0,,Calle,,ROSARIO,Rosario,Asfalto,No existe,II,Dentro,Urbana,Marca Vial,No existe,Intersección,Bueno,Buena,Nocturna,Buen Tiempo,Frontal,S/D,Colisión,S/D,Vertical,Ninguna,Sin restricción,,[],0,,,,,,,,,,,
2012,3005,2012-03-14,Miercoles,0.0,15:00:00,,0.0,1,Bicicleta,bv. ordoñez y bv. oroño,2,1,0,0,1,0,0,,Avenida,,ROSARIO,Rosario,Asfalto,No existe,II,Dentro,Urbana,S/D,Funciona,Intersección,Bueno,Buena,Diurna,Buen Tiempo,Lateral,S/D,Colisión,S/D,Vertical,S/D,Sin restricción,error,"['Avenida Battle y Ordoñez', 'Bulevar Nicasio Oroño']",2,error,,,,,,,,,,
2012,3008,2012-03-27,Martes,0.0,14:15:00,,0.0,2,"Moto/Ciclomotor,Pickup/Utilitario",ESPAÑA Y ...,2,1,0,0,1,0,0,,Calle,,ROSARIO,Rosario,Asfalto,Natural,II,Dentro,Urbana,S/D,S/D,Intersección,Bueno,Buena,Diurna,Buen Tiempo,Lateral,S/D,Colisión,S/D,Vertical,S/D,Sin restricción,error,"['España', '']",2,error,,,,,,,,,,
2012,3010,2012-03-23,Viernes,0.0,22:00:00,,0.0,2,"Bicicleta,Automóvil",,2,1,0,0,1,0,0,,Calle,,ROSARIO,Rosario,Asfalto,No existe,II,Dentro,Urbana,Marca Vial,No existe,Intersección,Bueno,Buena,Diurna,Buen Tiempo,S/D,S/D,Atropello,S/D,Vertical,Ninguna,Sin restricción,,[],0,,,,,,,,,,,
2012,3012,2012-03-25,Domingo,0.0,17:00:00,,0.0,2,"Peatón,Automóvil",ALZUGARAY Y BOQUERON,2,1,0,0,1,0,0,,Calle,,ROSARIO,Rosario,S/D,S/D,II,Dentro,Urbana,Ninguna,No existe,Otro,S/D,S/D,Amanecer,S/D,Otro,S/D,Atropello,S/D,S/D,"Ninguna,S/D",Sin restricción,error,"['Alzugaray', 'Boquerón']",2,error,,,,,,,,,,
2012,3013,2012-03-23,Viernes,0.0,19:00:00,,0.0,2,"Moto/Ciclomotor,Automóvil",,2,1,0,0,1,0,0,,Calle,,ROSARIO,Rosario,Asfalto,No existe,II,Dentro,Urbana,Marca Vial,No existe,Intersección,Bueno,Buena,Diurna,Buen Tiempo,Lateral,S/D,Colisión,S/D,Vertical,Ninguna,Sin restricción,,[],0,,,,,,,,,,,
2012,3021,2012-03-23,Viernes,0.0,00:15:00,,0.0,2,"Moto/Ciclomotor,Automóvil",,3,1,0,0,2,0,0,,Calle,,ROSARIO,Rosario,Asfalto,No existe,II,Dentro,Urbana,Semáforo,Funciona,Intersección,Bueno,Buena,"Nocturna,Con luz artificial",Buen Tiempo,Frontal,S/D,Colisión,Otro,Horizontal,Ninguna,Sin restricción,,[],0,,,,,,,,,,,
2012,3024,2012-03-19,Lunes,0.0,13:45:00,,0.0,2,"Moto/Ciclomotor,Pickup/Utilitario",bv. oroño y bv. ordoñez,2,1,0,0,1,0,0,,Avenida,,ROSARIO,Rosario,Asfalto,No existe,II,Dentro,Urbana,S/D,Funciona,Intersección,Bueno,Buena,Diurna,Buen Tiempo,Lateral,S/D,Colisión,S/D,Vertical,S/D,Sin restricción,error,"['Bulevar Nicasio Oroño', 'Avenida Battle y Ordoñez']",2,error,,,,,,,,,,
2012,3025,2012-03-24,Sabado,0.0,10:00:00,,0.0,2,"Moto/Ciclomotor,Automóvil",,2,1,0,0,1,0,0,,Calle,,ROSARIO,Rosario,Asfalto,No existe,II,Dentro,Urbana,Señal Pare,No existe,Intersección,Bueno,Buena,Diurna,Buen Tiempo,Lateral,S/D,Colisión,Otro,Vertical,Ninguna,Sin restricción,,[],0,,,,,,,,,,,
2012,3026,2012-03-17,Sabado,0.0,17:45:00,,0.0,2,"Automóvil,Automóvil",BATLE Y ORDOÑEZ Y SAN MARTIN,2,1,0,0,1,0,0,,Calle,,ROSARIO,Rosario,Asfalto,No existe,II,Dentro,Urbana,Semáforo,Funciona,Recta,S/D,S/D,Atardecer,S/D,Otro,S/D,Colisión,S/D,S/D,Cordón divisorio,Sin restricción,error,"['Avenida Battle y Ordoñez', 'San Martin']",2,error,,,,,,,,,,
2012,3028,2012-03-24,Sabado,0.0,22:30:00,,0.0,2,"Moto/Ciclomotor,Automóvil",,3,1,0,0,2,0,0,,S/D,,ROSARIO,Rosario,Asfalto,No existe,II,S/D,S/D,Semáforo,No existe,Intersección,Bueno,Buena,"Nocturna,Con luz artificial",Buen Tiempo,Lateral,S/D,Colisión,Otro,Vertical,Barrera de hormigón,Sin restricción,,[],0,,,,,,,,,,,
2012,3029,2012-03-27,Martes,0.0,22:30:00,,0.0,2,"Moto/Ciclomotor,Automóvil",BATLE Y ORDOÑEZ Y SAN MARTIN,3,2,0,0,1,0,0,,Calle,,ROSARIO,Rosario,Asfalto,No existe,II,Dentro,Urbana,Semáforo,Funciona,Intersección,Bueno,S/D,Nocturna,S/D,S/D,S/D,Colisión,S/D,S/D,S/D,S/D,error,"['Avenida Battle y Ordoñez', 'San Martin']",2,error,,,,,,,,,,
2012,3034,2012-03-26,Lunes,0.0,16:30:00,,0.0,2,"Moto/Ciclomotor,Automóvil",,3,1,0,0,2,0,0,,Calle,,ROSARIO,Rosario,Asfalto,No existe,II,Dentro,Urbana,Marca Vial,No existe,Intersección,Bueno,Buena,Diurna,Buen Tiempo,Lateral,S/D,Colisión,S/D,Vertical,Ninguna,Sin restricción,,[],0,,,,,,,,,,,
2012,3037,2012-03-26,Lunes,0.0,18:00:00,,0.0,2,"Moto/Ciclomotor,Automóvil",,3,2,0,0,1,0,0,,Calle,,ROSARIO,Rosario,Asfalto,No existe,II,Dentro,Urbana,Marca Vial,No existe,Intersección,Bueno,Buena,Diurna,Buen Tiempo,Lateral,S/D,Colisión,S/D,Vertical,Ninguna,Sin restricción,,[],0,,,,,,,,,,,
2012,3041,2012-03-23,Viernes,0.0,07:05:00,,0.0,2,"Moto/Ciclomotor,Automóvil",bv. oroño y bv. ordoñez,3,2,0,0,1,0,0,,Avenida,,ROSARIO,Rosario,Asfalto,No existe,II,Dentro,Urbana,S/D,Funciona,Intersección,Bueno,Buena,Diurna,Buen Tiempo,Lateral,S/D,Colisión,S/D,Vertical,S/D,Sin restricción,error,"['Bulevar Nicasio Oroño', 'Avenida Battle y Ordoñez']",2,error,,,,,,,,,,
2012,3043,2012-03-28,Miercoles,0.0,18:00:00,,0.0,2,"Moto/Ciclomotor,Taxi/Remis",bv. oroño y bv. ordoñez,2,1,0,0,1,0,0,,Avenida,,ROSARIO,Rosario,Asfalto,No existe,II,Dentro,Urbana,S/D,Funciona,Intersección,Bueno,Buena,Diurna,Buen Tiempo,Lateral,S/D,Colisión,S/D,Vertical,S/D,Sin restricción,error,"['Bulevar Nicasio Oroño', 'Avenida Battle y Ordoñez']",2,error,,,,,,,,,,
2012,3049,2012-03-08,Jueves,0.0,,,0.0,2,"Moto/Ciclomotor,Automóvil",velez sarfield y larrea,2,1,0,0,1,0,0,,Calle,,ROSARIO,Rosario,S/D,S/D,II,Dentro,Urbana,S/D,S/D,S/D,S/D,S/D,S/D,S/D,S/D,S/D,S/D,S/D,S/D,S/D,S/D,error,"['Vélez Sarfield', 'Larrea']",2,error,,,,,,,,,,
2012,3052,2012-03-03,Sabado,0.0,16:00:00,,0.0,2,"Bicicleta,Moto/Ciclomotor",MAISTEGNI Y MAZZA,2,1,0,0,1,0,0,,Calle,,ROSARIO,Rosario,Asfalto,S/D,II,S/D,Urbana,Ninguna,No existe,Curva,Bueno,Buena,Diurna,Buen Tiempo,Lateral,S/D,Colisión,S/D,S/D,S/D,S/D,ppal calles no encontradas,"['Maistegni', 'Juan Agustín Maza']",2,error,,,,,,,,,,
2012,3054,2012-03-08,Jueves,0.0,02:05:00,,0.0,1,Moto/Ciclomotor,PTE. ESCALADA Y RICHIERI,2,1,0,0,1,0,0,,Calle,,ROSARIO,Rosario,Asfalto,No existe,II,S/D,Urbana,Ninguna,No existe,Curva,Deteriorada,Reducida p/ objetos,Nocturna,Buen Tiempo,Otro,S/D,Vuelco,Otro,Horizontal,Ninguna,Sin restricción,error,"['Escalada', 'Ricchieri']",2,error,,,,,,,,,,
2012,3073,2012-03-09,Viernes,0.0,21:35:00,,0.0,2,"Automóvil,Moto/Ciclomotor",junin y p max,3,2,0,0,1,0,0,,Calle,,ROSARIO,Rosario,S/D,S/D,II,Dentro,Urbana,S/D,S/D,S/D,S/D,S/D,S/D,S/D,S/D,S/D,Colisión,S/D,S/D,S/D,S/D,error,"['Junín', 'Max']",2,error,,,,,,,,,,
2012,3084,2012-03-29,Jueves,0.0,15:40:00,,0.0,2,"Moto/Ciclomotor,Automóvil",,2,1,0,0,1,0,0,,S/D,,ROSARIO,Rosario,Asfalto,No existe,II,S/D,S/D,S/D,No existe,Recta,Bueno,Buena,Diurna,Buen Tiempo,Lateral,S/D,Colisión,S/D,S/D,S/D,Sin restricción,,[],0,,,,,,,,,,,
2012,3085,2012-03-30,Viernes,0.0,23:00:00,,0.0,2,"Moto/Ciclomotor,Automóvil",,2,1,0,0,1,0,0,,S/D,,ROSARIO,Rosario,Asfalto,No existe,II,S/D,S/D,S/D,No existe,Cruce,Bueno,S/D,Nocturna,Buen Tiempo,Lateral,S/D,Colisión,S/D,S/D,S/D,Sin restricción,,[],0,,,,,,,,,,,
2012,3087,2012-03-30,Viernes,0.0,12:15:00,,0.0,2,"Peatón,Automóvil",,2,1,0,0,1,0,0,,Calle,,ROSARIO,Rosario,Asfalto,No existe,II,Dentro,Urbana,S/D,No existe,Cruce,Bueno,Buena,Diurna,Buen Tiempo,Frontal,S/D,Atropello,S/D,S/D,S/D,Sin restricción,,[],0,,,,,,,,,,,
2012,3088,2012-03-20,Martes,0.0,11:30:00,,0.0,2,"Moto/Ciclomotor,Automóvil",CORDOBA Y PERU,2,1,0,0,1,0,0,,Calle,,ROSARIO,Rosario,Asfalto,No existe,II,S/D,Urbana,Ninguna,No existe,Intersección,Bueno,Buena,Diurna,Buen Tiempo,Lateral,S/D,Colisión,S/D,S/D,Cordón divisorio,Sin restricción,error,"['Córdoba', 'Peru']",2,error,,,,,,,,,,
2012,3089,2012-03-21,Miercoles,0.0,12:00:00,,0.0,2,"Automóvil,Automóvil",MENDOZA Y PROVINCIAS UNIDAS,2,1,0,0,1,0,0,,S/D,,ROSARIO,Rosario,Asfalto,No existe,II,Dentro,Urbana,Semáforo,Funciona,Intersección,Bueno,Buena,Diurna,Buen Tiempo,Lateral,S/D,Colisión,S/D,S/D,Cordón divisorio,Sin restricción,error,"['Mendoza', 'Avenida Provincias Unidas']",2,error,,,,,,,,,,
2012,3090,2012-03-30,Viernes,0.0,23:00:00,,0.0,2,"Moto/Ciclomotor,Automóvil",,2,1,0,0,1,0,0,,S/D,,ROSARIO,Rosario,Asfalto,No existe,II,Dentro,Urbana,S/D,No existe,Cruce,Bueno,Buena,Nocturna,Buen Tiempo,Lateral,S/D,Colisión,S/D,S/D,Ninguna,Sin restricción,,[],0,,,,,,,,,,,
2012,3092,2012-03-31,Sabado,0.0,13:40:00,,0.0,2,"Moto/Ciclomotor,Automóvil",,3,2,0,0,1,0,0,,S/D,,ROSARIO,Rosario,Asfalto,S/D,II,S/D,S/D,S/D,S/D,Cruce,Bueno,S/D,S/D,Buen Tiempo,S/D,S/D,Colisión,S/D,Faltante,S/D,S/D,,[],0,,,,,,,,,,,
2012,3096,2012-03-01,Jueves,1.0,21:10:00,,0.0,2,"Moto/Ciclomotor,Peatón",,2,1,0,0,1,0,0,,Calle,,ROSARIO,Rosario,Asfalto,No existe,II,Dentro,Urbana,S/D,Funciona,Intersección,Bueno,S/D,Con luz artificial,Buen Tiempo,Lateral,S/D,Colisión,S/D,S/D,S/D,Sin restricción,,[],0,,,,,,,,,,,
2012,3113,2012-03-09,Viernes,0.0,06:30:00,,0.0,1,Moto/Ciclomotor,AV. DE LA COSTA Y FRANCIA,1,1,0,0,0,0,0,,Avenida,,ROSARIO,Rosario,Asfalto,No existe,II,Dentro,Urbana,Semáforo,Funciona,Rotonda,Bueno,Buena,Diurna,Buen Tiempo,Otro,S/D,Caída ocupante,S/D,Vertical,Cordón divisorio,Sin restricción,error,"['De La Costa', 'Avenida Francia']",2,error,,,,,,,,,,
2012,3125,2012-03-17,Sabado,0.0,19:45:00,,0.0,1,Moto/Ciclomotor,CIRCUITO PARA PRACTICA DE MANEJO (LA ZAPATILLA),2,1,0,0,0,0,1,,Calle,,ROSARIO,Rosario,Asfalto,Natural,II,Dentro,Urbana,Señal Pare,No existe,Recta,Bueno,Buena,"Atardecer,Con luz artificial",Buen Tiempo,Otro,S/D,Caída ocupante,Otro,"Horizontal,Vertical",Ninguna,Sin restricción,no funciono,['Circuito Para Practica De Manejo (la Zapatilla)'],1,Circuito Para Practica De Manejo (la Zapatilla),,,,,,,,,,
2012,3129,2012-03-03,Sabado,0.0,20:00:00,,0.0,2,"Peatón,Automóvil",NANSEN Y V. MERCANTE,2,1,0,0,1,0,0,,Calle,,ROSARIO,Rosario,Asfalto,S/D,II,S/D,Urbana,Semáforo,Funciona,S/D,Bueno,Buena,Nocturna,Buen Tiempo,Otro,S/D,Atropello,S/D,S/D,S/D,S/D,error,"['Nansen', 'Cervantes']",2,error,,,,,,,,,,
2012,3131,2012-03-02,Viernes,0.0,21:20:00,,0.0,1,Moto/Ciclomotor,almafuerte y av. segui,2,2,0,0,0,0,0,,Avenida,,ROSARIO,Rosario,Asfalto,S/D,II,Dentro,Urbana,S/D,S/D,Intersección,Bueno,S/D,S/D,Buen Tiempo,Frontal,S/D,Colisión,S/D,Horizontal,Barrera de hormigón,Sin restricción,error,"['Almafuerte', 'Bulevar Juan Francisco Seguí']",2,error,,,,,,,,,,
2012,3141,2012-03-03,Sabado,0.0,,,0.0,1,Tracción animal / Carro,bv. segui y las vias,1,1,0,0,0,0,0,,Avenida,,ROSARIO,Rosario,Asfalto,No existe,II,Dentro,Urbana,S/D,No existe,Intersección,S/D,Buena,Diurna,Buen Tiempo,Lateral,S/D,Colisión,Otro,Faltante,S/D,Sin restricción,sec calles no encontradas,"['Bulevar Juan Francisco Seguí', 'Las Vias']",2,error,,,,,,,,,,
2012,3143,2012-03-08,Jueves,0.0,10:40:00,,0.0,2,"Moto/Ciclomotor,Transporte de Pasajeros Urbano (> 8 asientos)",JUAN JOSE PASO Y AV. PROVINCIAS UNIDAS,4,1,0,0,3,0,0,,Avenida,,ROSARIO,Rosario,Asfalto,No existe,II,Dentro,Urbana,Ninguna,No existe,Rotonda,Bueno,Buena,Diurna,S/D,Lateral,S/D,Colisión,S/D,Faltante,S/D,Sin restricción,error,"['Juan José Paso', 'Avenida Provincias Unidas']",2,error,,,,,,,,,,
2012,3146,2012-03-09,Viernes,0.0,19:00:00,,0.0,2,"Moto/Ciclomotor,Otros",JUAN B. BUSTOS Y GARZON,2,2,0,0,0,0,0,,Calle,,ROSARIO,Rosario,Asfalto,No existe,II,Dentro,Urbana,Ninguna,No existe,Intersección,Bueno,Buena,Atardecer,S/D,Lateral,S/D,Colisión,S/D,Faltante,Ninguna,Sin restricción,error,"['Juan B. Justo', 'Garzón']",2,error,,,,,,,,,,
2012,3153,2012-03-18,Domingo,0.0,17:40:00,,0.0,2,"Moto/Ciclomotor,Pickup/Utilitario",GENOVA Y PERU,2,1,0,0,1,0,0,,Calle,,ROSARIO,Rosario,Asfalto,S/D,II,Dentro,Urbana,S/D,S/D,Intersección,Bueno,Buena,Diurna,S/D,Lateral,S/D,Colisión,S/D,Faltante,S/D,Sin restricción,error,"['Genova', 'Peru']",2,error,,,,,,,,,,
2012,3158,2012-03-09,Viernes,0.0,,,0.0,1,Moto/Ciclomotor,sola y viedma,1,1,0,0,0,0,0,,Calle,,ROSARIO,Rosario,Asfalto,No existe,II,Dentro,Urbana,S/D,No existe,Intersección,Deteriorada,Buena,Amanecer,Buen Tiempo,Frontal,S/D,Colisión,Otro,Faltante,Ninguna,Sin restricción,error,"['Soldati', 'Coronel Biedma']",2,error,,,,,,,,,,
2012,3166,2012-03-10,Sabado,0.0,07:00:00,,0.0,2,"Automóvil,Otros",COLOMBES Y PUCCIO,2,2,0,0,0,0,0,,Avenida,,ROSARIO,Rosario,S/D,S/D,II,S/D,S/D,S/D,S/D,Rotonda,S/D,S/D,S/D,S/D,S/D,S/D,S/D,S/D,S/D,S/D,S/D,error,"['Avenida Doctor Carlos Colombres', 'Puccio']",2,error,,,,,,,,,,
2012,3174,2012-03-16,Viernes,0.0,19:15:00,,0.0,2,"Moto/Ciclomotor,Automóvil",,2,1,0,0,1,0,0,,Avenida,,ROSARIO,Rosario,Asfalto,S/D,II,S/D,S/D,Semáforo,Funciona,Recta,Bueno,Buena,Atardecer,Buen Tiempo,Lateral,S/D,Colisión,S/D,Horizontal,S/D,S/D,,[],0,,,,,,,,,,,
2012,3180,2012-03-03,Sabado,0.0,10:00:00,,0.0,1,Moto/Ciclomotor,pje. 1724 y pje. 1731,1,1,0,0,0,0,0,,Calle,,ROSARIO,Rosario,Asfalto,S/D,II,Dentro,Urbana,S/D,No existe,Intersección,Deteriorada,Buena,Diurna,Buen Tiempo,Lateral,S/D,Colisión,S/D,S/D,S/D,Sin restricción,error,"['Hermana Paula Márquez', 'Calle 1731']",2,error,,,,,,,,,,
2012,3183,2012-03-08,Jueves,0.0,12:30:00,,0.0,2,"Moto/Ciclomotor,Otros",,2,2,0,0,0,0,0,,Calle,,ROSARIO,Rosario,S/D,S/D,II,Dentro,Urbana,S/D,S/D,S/D,S/D,S/D,S/D,S/D,S/D,S/D,S/D,S/D,S/D,S/D,S/D,,[],0,,,,,,,,,,,
2012,3209,2012-03-12,Lunes,0.0,20:30:00,,0.0,2,"Moto/Ciclomotor,Otros",,2,1,1,0,0,0,0,,Avenida,,ROSARIO,Rosario,S/D,S/D,II,Dentro,Urbana,S/D,S/D,S/D,S/D,S/D,S/D,S/D,S/D,S/D,S/D,S/D,S/D,S/D,S/D,,[],0,,,,,,,,,,,
2012,3238,2012-03-20,Martes,0.0,10:00:00,,0.0,2,"Automóvil,Moto/Ciclomotor",BERTOLS 7500,2,2,0,0,0,0,0,,Calle,,ROSARIO,Rosario,Asfalto,S/D,II,Dentro,Urbana,S/D,No existe,Intersección,Deteriorada,Buena,Nocturna,Buen Tiempo,S/D,S/D,S/D,S/D,S/D,S/D,S/D,no funciono,['Bertols 7500'],1,Bertols 7500,,,,,,,,,,
2012,3255,2012-03-23,Viernes,0.0,09:00:00,,0.0,2,"Moto/Ciclomotor,Moto/Ciclomotor",RIOBAMBA  COLOMBRES,2,0,0,0,0,0,2,,Calle,,ROSARIO,Rosario,Asfalto,S/D,II,S/D,Urbana,S/D,No existe,Intersección,Deteriorada,Buena,Diurna,Buen Tiempo,Lateral,S/D,Colisión,S/D,S/D,S/D,S/D,no funciono,['Riobamba Colombres'],1,Riobamba Colombres,,,,,,,,,,
2012,3261,2012-03-08,Jueves,0.0,09:30:00,,0.0,2,"Bicicleta,Pickup/Utilitario",,2,1,0,0,1,0,0,,Calle,,ROSARIO,Rosario,Asfalto,S/D,II,Dentro,S/D,Ninguna,No existe,Recta,Bueno,Buena,Diurna,Buen Tiempo,Otro,S/D,Atropello,S/D,Faltante,S/D,S/D,,[],0,,,,,,,,,,,
2012,3288,2012-03-13,Martes,0.0,11:30:00,,0.0,2,"Moto/Ciclomotor,Automóvil",OV. LAGOS Y LAS VIAS,2,1,0,0,1,0,0,,Avenida,,ROSARIO,Rosario,Asfalto,No existe,II,Dentro,Urbana,Ninguna,No existe,Paso a Nivel FFCC,"Con baches,Ahuellamiento",Buena,Diurna,Buen Tiempo,Lateral,S/D,Colisión,Otro,"Horizontal,Vertical",Cordón divisorio,Sin restricción,sec calles no encontradas,"['Avenida Ovidio Lagos', 'Las Vias']",2,error,,,,,,,,,,
2012,3294,2012-03-15,Jueves,0.0,07:10:00,,0.0,2,"Moto/Ciclomotor,Tren",CRESPO Y LAS VIAS,2,1,0,0,1,0,0,,Autovía,,ROSARIO,Rosario,S/D,No existe,II,S/D,Urbana,S/D,S/D,Paso a Nivel FFCC,S/D,Buena,Diurna,Buen Tiempo,Lateral,S/D,Colisión,S/D,S/D,Ninguna,Sin restricción,sec calles no encontradas,"['Crespo', 'Las Vias']",2,error,,,,,,,,,,
2012,3345,2012-03-18,Domingo,0.0,18:30:00,,0.0,2,"Moto/Ciclomotor,Automóvil",BV. AVELLANEDA Y GARIBALDI,3,2,0,0,1,0,0,,Avenida,,ROSARIO,Rosario,Asfalto,No existe,II,Dentro,Urbana,Semáforo,Funciona,Intersección,Bueno,Buena,Diurna,Buen Tiempo,De alcance,S/D,Colisión,S/D,Vertical,Cordón divisorio,Sin restricción,error,"['Avellaneda', 'José Garibaldi']",2,error,,,,,,,,,,