anio_acci,nro_acci,fecha,desc_dia,fecha_aprox,hora_aprox,desc_ruta,km,cant_participantes,desc_participante,calle_avenida_km,total,heridos_leves,heridos_graves,heridos_gravisimos,ilesos,fallecidos,sin_datos,posicion_XY,desc_tipo_via,desc_ruta_ori,desc_loc,desc_dpto,desc_tipo_calzada,desc_tipo_banquina,desc_unidad_regional,desc_lugar_calzada,desc_zona,desc_prioridad,desc_estado_semaforo,desc_lugar_via,desc_estado_via,desc_estado_visibilidad,desc_luminosidad,desc_estado_clima,desc_tipo_colision,desc_tipo_atropello,desc_tipo_hecho,desc_pres_calzada,desc_senializacion,desc_separacion_via,desc_restriccion,forma_geocod,calle_lista,numero_calles,calles_osm,lat,lon,index_right,gid,fna,gna,nam,in1,fdc,sag
2012,3356,2012-03-01,Jueves,0.0,,,0.0,2,"Moto/Ciclomotor,Otros",PCIAS. UNIDAS Y VELEZ SARFIELD,2,1,0,0,1,0,0,,Avenida,,ROSARIO,Rosario,Asfalto,S/D,II,Dentro,Urbana,S/D,S/D,Recta,Bueno,S/D,S/D,Buen Tiempo,Lateral,S/D,Colisión,S/D,Horizontal,Barrera de hormigón,Sin restricción,error,"['Avenida Provincias Unidas', 'Vélez Sarfield']",2,error,,,,,,,,,,
2012,3357,2012-03-02,Viernes,0.0,15:00:00,,0.0,2,"Moto/Ciclomotor,Otros",PCIAS. UNIDAS Y VELEZ SARFIELD,2,1,0,0,1,0,0,,Avenida,,ROSARIO,Rosario,Asfalto,S/D,II,S/D,Urbana,S/D,S/D,Recta,Bueno,S/D,S/D,Buen Tiempo,Lateral,S/D,Colisión,S/D,Horizontal,Barrera de hormigón,Sin restricción,error,"['Avenida Provincias Unidas', 'Vélez Sarfield']",2,error,,,,,,,,,,
2012,3362,2012-03-09,Viernes,0.0,11:30:00,,0.0,2,"Otros,Otros",BV. ARGENTINA Y TARRAGONA,2,1,0,0,1,0,0,,Calle,,ROSARIO,Rosario,Asfalto,No existe,II,Dentro,Urbana,S/D,No existe,Recta,Bueno,Buena,Amanecer,Buen Tiempo,Lateral,S/D,Colisión,S/D,Horizontal,Cordón divisorio,Sin restricción,error,"['Argentina', 'Tarragona']",2,error,,,,,,,,,,
2012,3509,2012-01-08,Domingo,0.0,09:30:00,,0.0,1,Automóvil,Av. Eva Perón BN RNA008,2,0,1,0,0,1,0,,Avenida,,ROSARIO,Rosario,Asfalto,Pavimento,II,Fuera,Urbana,Semáforo,Funciona,Recta,Bueno,Buena,Diurna,Buen Tiempo,Contra objeto fijo,S/D,Colisión,S/D,Horizontal,Guardarrail,Sin restricción,no funciono,['Eva Perón Bn Rna008'],1,Eva Perón Bn Rna008,,,,,,,,,,
2012,4963,2012-04-24,Martes,0.0,19:10:00,,0.0,2,"Moto/Ciclomotor,Pickup/Utilitario",,3,0,0,0,0,0,3,,Calle,,ROSARIO,Rosario,S/D,S/D,II,S/D,S/D,S/D,S/D,Intersección,S/D,S/D,S/D,S/D,S/D,S/D,Colisión,S/D,S/D,S/D,S/D,,[],0,,,,,,,,,,,
2012,4965,2012-04-24,Martes,0.0,,,0.0,1,Moto/Ciclomotor,,1,0,0,0,0,0,1,,S/D,,ROSARIO,Rosario,S/D,S/D,II,S/D,S/D,S/D,S/D,Intersección,S/D,S/D,S/D,S/D,S/D,S/D,Colisión,S/D,S/D,S/D,S/D,,[],0,,,,,,,,,,,
2012,4967,2012-04-24,Martes,0.0,18:30:00,,0.0,2,"Moto/Ciclomotor,Automóvil",,3,0,0,0,0,0,3,,Calle,,ROSARIO,Rosario,S/D,S/D,II,S/D,S/D,S/D,S/D,Intersección,S/D,S/D,S/D,S/D,S/D,S/D,Colisión,S/D,S/D,S/D,S/D,,[],0,,,,,,,,,,,
2012,4969,2012-04-24,Martes,0.0,12:45:00,,0.0,2,"Moto/Ciclomotor,Automóvil",,2,1,0,0,0,0,1,,Calle,,ROSARIO,Rosario,S/D,S/D,II,S/D,S/D,S/D,S/D,Intersección,S/D,S/D,S/D,S/D,S/D,S/D,Colisión,S/D,S/D,S/D,S/D,,[],0,,,,,,,,,,,
2012,4970,2012-04-01,Domingo,1.0,,,0.0,2,"Moto/Ciclomotor,Automóvil",,2,0,0,0,0,0,2,,S/D,,ROSARIO,Rosario,S/D,S/D,II,S/D,S/D,S/D,S/D,Intersección,S/D,S/D,S/D,S/D,S/D,S/D,Colisión,S/D,S/D,S/D,S/D,,[],0,,,,,,,,,,,
2012,4985,2012-04-16,Lunes,0.0,03:30:00,,0.0,2,"Moto/Ciclomotor,Automóvil",MENDOZA Y VIAS FERREAS,3,2,0,0,1,0,0,,Calle,,ROSARIO,Rosario,Asfalto,Pavimento,II,Dentro,Urbana,Otra Señal,Intermitente,Recta,Bueno,Buena,Nocturna,S/D,Otro,S/D,Colisión,S/D,Faltante,Cordón divisorio,Sin restricción,sec calles no encontradas,"['Mendoza', 'Vias Ferreas']",2,error,,,,,,,,,,
2012,5039,2012-04-09,Lunes,0.0,12:30:00,,0.0,3,"Bicicleta,Bicicleta,Automóvil",JUAN B. JUSTO Y OTTONE,3,2,0,0,0,0,1,,Calle,,ROSARIO,Rosario,Asfalto,No existe,II,Dentro,Urbana,Ninguna,No existe,Intersección,Bueno,S/D,Diurna,S/D,Lateral,S/D,Colisión,S/D,Faltante,Ninguna,Sin restricción,error,"['Juan B. Justo', 'Ottone']",2,error,,,,,,,,,,
2012,5049,2012-04-15,Domingo,0.0,22:10:00,,0.0,2,"Automóvil,Pickup/Utilitario",JUAN B. JUSTO Y AV. PROVINCIAS UNIDAS,5,3,0,0,2,0,0,,Avenida,,ROSARIO,Rosario,Asfalto,No existe,II,Dentro,Urbana,Ninguna,No existe,Intersección,Bueno,Buena,Con luz artificial,S/D,Lateral,S/D,Colisión,S/D,Faltante,Ninguna,Sin restricción,error,"['Juan B. Justo', 'Avenida Provincias Unidas']",2,error,,,,,,,,,,
2012,5059,2012-04-22,Domingo,0.0,15:15:00,,0.0,2,"Moto/Ciclomotor,Taxi/Remis",GENOVA Y VIAS,2,0,1,0,1,0,0,,Calle,,ROSARIO,Rosario,Asfalto,No existe,II,S/D,Urbana,Ninguna,No existe,Recta,Bueno,Buena,Diurna,Lluvia,Lateral,S/D,Colisión,Agua,Faltante,Ninguna,Sin restricción,sec calles no encontradas,"['Genova', 'Vias']",2,error,,,,,,,,,,
2012,5100,2012-04-05,Jueves,0.0,13:35:00,,0.0,2,"Automóvil,Automóvil",,3,1,0,0,2,0,0,,S/D,,ROSARIO,Rosario,Asfalto,No existe,II,S/D,S/D,Ninguna,Funciona,Recta,Bueno,Buena,Diurna,Buen Tiempo,Frontal,S/D,Colisión,Otro,Horizontal,Ninguna,Sin restricción,,[],0,,,,,,,,,,,
2012,5118,2012-04-25,Miercoles,0.0,18:30:00,,0.0,2,"Moto/Ciclomotor,Automóvil",AVELLANEDA 500 (VIADUCTO),2,1,0,0,0,0,1,,Calle,,ROSARIO,Rosario,Asfalto,No existe,II,S/D,Urbana,Ninguna,No existe,Recta,Bueno,Buena,Atardecer,Buen Tiempo,Frontal,S/D,Colisión,Otro,Horizontal,Ninguna,Sin restricción,no funciono,['Avellaneda 500 (viaducto)'],1,Avellaneda 500 (viaducto),,,,,,,,,,
2012,5122,2012-04-01,Domingo,0.0,08:00:00,,0.0,2,"Automóvil,Otros",cordoba y wilde,2,0,0,0,0,0,2,,Calle,,ROSARIO,Rosario,Asfalto,No existe,II,Dentro,Urbana,S/D,No existe,Curva,Bueno,Buena,Diurna,Buen Tiempo,Frontal,S/D,Colisión,S/D,Vertical,S/D,Sin restricción,error,"['Córdoba', 'Bulevar Wilde']",2,error,,,,,,,,,,
2012,5126,2012-04-03,Martes,0.0,16:45:00,,0.0,2,"Peatón,Automóvil",CASINO CASAS 2000,2,0,1,0,1,0,0,,Calle,,ROSARIO,Rosario,Asfalto,S/D,II,Dentro,Urbana,Ninguna,S/D,Recta,Bueno,S/D,S/D,Buen Tiempo,S/D,S/D,Atropello,Otro,S/D,Ninguna,Sin restricción,no funciono,['Casino Casas 2000'],1,Casino Casas 2000,,,,,,,,,,
2012,5135,2012-04-24,Martes,0.0,10:40:00,,0.0,2,"Moto/Ciclomotor,Automóvil",LARRECHEA Y GHIRALDO,2,1,0,0,1,0,0,,Calle,,ROSARIO,Rosario,Asfalto,S/D,II,S/D,Urbana,Ninguna,S/D,Recta,Bueno,S/D,S/D,Buen Tiempo,Lateral,S/D,Colisión,Otro,Faltante,Ninguna,Sin restricción,error,"['Larrechea', 'Ghiraldo']",2,error,,,,,,,,,,
2012,5144,2012-04-15,Domingo,0.0,20:00:00,,0.0,2,"Moto/Ciclomotor,Moto/Ciclomotor",COLECTORA POR DEBAJO DEL PUENTE ROSARIO-VICTORIA,3,1,0,0,2,0,0,,Calle,,ROSARIO,Rosario,Asfalto,S/D,I,Dentro,Urbana,Señal Ceda el Paso,S/D,Curva,Bueno,S/D,S/D,Buen Tiempo,Frontal,S/D,Colisión,S/D,Horizontal,Ninguna,S/D,no funciono,['Colectora Por Debajo Del Puente Rosario-victoria'],1,Colectora Por Debajo Del Puente Rosario-victoria,,,,,,,,,,
2012,5146,2012-04-09,Lunes,0.0,,,0.0,1,Moto/Ciclomotor,GRANDOLI Y GAZCON,3,2,0,0,0,0,1,,Calle,,ROSARIO,Rosario,Asfalto,S/D,II,Dentro,Urbana,S/D,S/D,Intersección,Bueno,S/D,S/D,S/D,S/D,S/D,S/D,S/D,S/D,Ninguna,S/D,error,"['Avenida Abanderado Grandoli', 'Gascón']",2,error,,,,,,,,,,
2012,5149,2012-04-20,Viernes,0.0,21:10:00,,0.0,2,"Automóvil,Moto/Ciclomotor",GRANDOLI  Y PUBLET,2,2,0,0,0,0,0,,S/D,,ROSARIO,Rosario,S/D,S/D,II,S/D,S/D,S/D,S/D,Intersección,S/D,S/D,S/D,S/D,S/D,S/D,S/D,S/D,S/D,S/D,S/D,error,"['Avenida Abanderado Grandoli', 'Poblet']",2,error,,,,,,,,,,
2012,5157,2012-04-11,Miercoles,0.0,10:40:00,,0.0,2,"Automóvil,Automóvil",av. cordoba y rodo,2,1,0,0,1,0,0,,Avenida,,ROSARIO,Rosario,Asfalto,No existe,II,Dentro,Urbana,S/D,No existe,Recta,Bueno,Buena,Diurna,Buen Tiempo,Otro,S/D,Colisión,S/D,Vertical,S/D,Sin restricción,error,"['Córdoba', 'Rodó']",2,error,,,,,,,,,,
2012,5172,2012-04-18,Miercoles,0.0,17:00:00,,0.0,2,"Automóvil,Moto/Ciclomotor",av. provincias unidas y velez sarfield,2,1,0,0,1,0,0,,Avenida,,ROSARIO,Rosario,Asfalto,No existe,II,Dentro,Urbana,S/D,No existe,Recta,Bueno,Buena,Diurna,Buen Tiempo,Frontal,S/D,Colisión,S/D,Horizontal,S/D,Sin restricción,error,"['Avenida Provincias Unidas', 'Vélez Sarfield']",2,error,,,,,,,,,,
2012,5184,2012-04-19,Jueves,0.0,23:00:00,,0.0,1,,cordoba y wilde,2,1,0,0,1,0,0,,Avenida,,ROSARIO,Rosario,Asfalto,S/D,II,Dentro,Urbana,S/D,S/D,S/D,Bueno,S/D,Nocturna,S/D,S/D,S/D,Colisión,S/D,S/D,S/D,Sin restricción,error,"['Córdoba', 'Bulevar Wilde']",2,error,,,,,,,,,,
2012,5185,2012-04-19,Jueves,0.0,23:00:00,,0.0,2,"Moto/Ciclomotor,Automóvil",cordoba y wilde,2,1,0,0,1,0,0,,Avenida,,ROSARIO,Rosario,Asfalto,S/D,II,Dentro,Urbana,S/D,S/D,S/D,S/D,S/D,S/D,S/D,S/D,S/D,Colisión,S/D,S/D,S/D,Sin restricción,error,"['Córdoba', 'Bulevar Wilde']",2,error,,,,,,,,,,
2012,5190,2012-04-06,Viernes,0.0,14:00:00,,0.0,2,"Peatón,Automóvil",CIRCUITO PARQUE ALEM,3,1,0,0,2,0,0,,Calle,,ROSARIO,Rosario,Asfalto,No existe,II,Dentro,Urbana,Ninguna,No existe,Rotonda,Bueno,Buena,Diurna,Buen Tiempo,Otro,S/D,"Atropello,Despiste",S/D,Vertical,"Vegetación,Línea divisoria pintada",S/D,no funciono,['Circuito Parque Alem'],1,Circuito Parque Alem,,,,,,,,,,
2012,5203,2012-04-21,Sabado,0.0,01:30:00,,0.0,2,"Moto/Ciclomotor,Automóvil",AV. FRONDIZI ALTURA PILETAS PARQUE ALEM,3,2,0,0,1,0,0,,S/D,,ROSARIO,Rosario,Asfalto,Pavimento,II,S/D,S/D,Marca Vial,No existe,Recta,Bueno,Buena,"Nocturna,Con luz artificial",Buen Tiempo,Otro,S/D,Colisión,Otro,Horizontal,Barrera de hormigón,Sin restricción,no funciono,['Frondizi Altura Piletas Parque Alem'],1,Frondizi Altura Piletas Parque Alem,,,,,,,,,,
2012,5216,2012-04-02,Lunes,0.0,13:25:00,,0.0,2,"Pickup/Utilitario,Automóvil",AMEGHINO Y PJE. LAPRADE,1,1,0,0,0,0,0,,Calle,,ROSARIO,Rosario,Asfalto,S/D,II,S/D,S/D,S/D,S/D,Intersección,Bueno,S/D,S/D,Buen Tiempo,Lateral,S/D,Colisión,S/D,S/D,S/D,S/D,error,"['Ameghino', 'Laprade']",2,error,,,,,,,,,,
2012,5232,2012-04-04,Miercoles,0.0,16:45:00,,0.0,2,"Automóvil,Automóvil",GRANADERO BAIGORRIA Y A. THOMAS,4,1,0,0,2,0,1,,Calle,,ROSARIO,Rosario,Asfalto,S/D,II,S/D,S/D,S/D,No existe,Intersección,S/D,S/D,S/D,S/D,Lateral,S/D,Colisión,S/D,Faltante,S/D,S/D,error,"['Baigorria', 'A Thomas']",2,error,,,,,,,,,,
2012,5235,2012-04-04,Miercoles,0.0,13:00:00,,0.0,2,"Ambulancia,Pickup/Utilitario",BV. RONDEAU Y P. MUSTO,3,2,0,0,1,0,0,,Avenida,,ROSARIO,Rosario,Asfalto,S/D,II,S/D,S/D,S/D,S/D,Rotonda,Bueno,S/D,Diurna,S/D,"Lateral,Otro",S/D,Colisión,S/D,S/D,S/D,S/D,error,"['Rondeau', 'Musto']",2,error,,,,,,,,,,
2012,5236,2012-04-03,Martes,0.0,13:00:00,,0.0,2,"Peatón,Pickup/Utilitario",BV. RONDEAU WASHINGTON,2,1,0,0,1,0,0,,Avenida,,ROSARIO,Rosario,Asfalto,S/D,II,S/D,S/D,S/D,Funciona,Intersección,Bueno,S/D,Diurna,S/D,Otro,S/D,Atropello,S/D,S/D,S/D,S/D,no funciono,['Rondeau Washington'],1,Rondeau Washington,,,,,,,,,,
2012,5240,2012-04-01,Domingo,0.0,07:00:00,,0.0,2,"Automóvil,Moto/Ciclomotor",CAFERATTA Y CARIBALDIA,3,2,0,0,1,0,0,,Calle,,ROSARIO,Rosario,Asfalto,No existe,II,Dentro,Urbana,Ninguna,No existe,Intersección,Bueno,Buena,Diurna,Buen Tiempo,Frontal,S/D,Colisión,S/D,Faltante,Ninguna,Sin restricción,error,"['Cafferata', 'Carbia']",2,error,,,,,,,,,,
2012,5246,2012-04-28,Sabado,0.0,05:20:00,,0.0,1,Moto/Ciclomotor,RONDEAU Y COLECTORA,1,0,1,0,0,0,0,,Avenida,,ROSARIO,Rosario,Hormigón,No existe,II,Dentro,Urbana,Semáforo,Funciona,Intersección,Bueno,Buena,Con luz artificial,Buen Tiempo,Otro,S/D,Despiste,S/D,S/D,Cordón divisorio,Sin restricción,error,"['Rondeau', 'Colectora']",2,error,,,,,,,,,,
2012,5251,2012-03-30,Viernes,0.0,16:00:00,,0.0,2,"Pickup/Utilitario,Moto/Ciclomotor",SAN NICOLAS Y CONSTITUCION,2,1,0,0,1,0,0,,Calle,,ROSARIO,Rosario,Asfalto,No existe,II,Dentro,Urbana,Ninguna,No existe,Recta,Bueno,Buena,Atardecer,Buen Tiempo,Lateral,S/D,Colisión,S/D,Faltante,Ninguna,S/D,error,"['San Nicolás', 'Constitución']",2,error,,,,,,,,,,
2012,5294,2012-04-19,Jueves,0.0,07:00:00,,0.0,2,"Automóvil,Vehículo Oficial",UIBURU 3200,5,5,0,0,0,0,0,,S/D,,ROSARIO,Rosario,Asfalto,No existe,II,S/D,S/D,S/D,No existe,Recta,Bueno,Buena,Amanecer,Lluvia,S/D,S/D,S/D,S/D,Faltante,Cordón divisorio,Sin restricción,no funciono,['Uiburu 3200'],1,Uiburu 3200,,,,,,,,,,
2012,5304,2012-04-14,Sabado,0.0,,,0.0,2,"Moto/Ciclomotor,Transporte de Pasajeros Larga Distancia (> 8 asientos)",CARRILEGO 450,2,1,0,0,1,0,0,,Calle,,ROSARIO,Rosario,Asfalto,No existe,II,S/D,S/D,Ninguna,No existe,Recta,Deteriorada,S/D,S/D,Buen Tiempo,Lateral,S/D,Colisión,"Agua,Otro",Faltante,Ninguna,S/D,no funciono,['Carrilego 450'],1,Carrilego 450,,,,,,,,,,
2012,5313,2012-04-04,Miercoles,0.0,06:40:00,,0.0,1,Automóvil,CAMINO CARGIL Y VIAS FERREAS,1,1,0,0,0,0,0,,Calle,,ROSARIO,Rosario,Asfalto,No existe,II,Dentro,Urbana,Marca Vial,No existe,Paso a Nivel FFCC,Bueno,Buena,Con luz artificial,Buen Tiempo,S/D,S/D,Despiste,S/D,Vertical,Ninguna,S/D,ambas calles no encontradas,"['Camino Cargil', 'Vias Ferreas']",2,error,,,,,,,,,,
2012,5330,2012-04-26,Jueves,0.0,06:40:00,,0.0,1,Moto/Ciclomotor,RP N&#186; 21 ,2,2,0,0,0,0,0,,Ruta,,ROSARIO,Rosario,Asfalto,Ripio,II,S/D,S/D,Ninguna,S/D,Recta,Bueno,Buena,Diurna,Buen Tiempo,Otro,S/D,Caída ocupante,Otro,Faltante,Ninguna,Sin restricción,no funciono,['Rp N&#186; 21'],1,Rp N&#186; 21,,,,,,,,,,
2012,5331,2012-04-27,Viernes,0.0,07:30:00,,0.0,2,"Moto/Ciclomotor,Automóvil",RP N&#186; 21 Y SGTO. CABRAL,2,1,0,0,1,0,0,,Calle,,ROSARIO,Rosario,Asfalto,No existe,II,S/D,Urbana,Ninguna,No existe,Recta,Bueno,Buena,Diurna,Buen Tiempo,Frontal,S/D,Colisión,Otro,Faltante,Ninguna,Sin restricción,ppal calles no encontradas,"['Rp &#186; 21', 'Sargento Cabral']",2,error,,,,,,,,,,
2012,5339,2012-04-26,Jueves,0.0,17:00:00,,0.0,1,Moto/Ciclomotor,ROTNODA JORGE NEWBERY,2,2,0,0,0,0,0,,Calle,,ROSARIO,Rosario,Asfalto,S/D,II,S/D,Urbana,Ninguna,S/D,Curva,S/D,S/D,S/D,Buen Tiempo,Otro,S/D,Caída ocupante,S/D,S/D,Ninguna,Sin restricción,no funciono,['Rotnoda Jorge Newbery'],1,Rotnoda Jorge Newbery,,,,,,,,,,
2012,5341,2012-04-14,Sabado,0.0,08:00:00,,0.0,2,"Moto/Ciclomotor,Otros",,1,1,0,0,0,0,0,,Calle,,ROSARIO,Rosario,Asfalto,No existe,II,S/D,Urbana,Ninguna,No existe,Intersección,Deteriorada,Buena,S/D,Otro,Lateral,S/D,Colisión,Otro,Faltante,Ninguna,Sin restricción,,[],0,,,,,,,,,,,
2012,5347,2012-04-04,Miercoles,0.0,20:30:00,,0.0,2,"Moto/Ciclomotor,Automóvil",GUEREÑO Y SAN MARTIN,2,1,0,0,1,0,0,,Calle,,ROSARIO,Rosario,Asfalto,No existe,II,S/D,Urbana,Semáforo,Intermitente,Recta,Deteriorada,Buena,Nocturna,Buen Tiempo,Lateral,S/D,Colisión,Otro,Horizontal,Ninguna,Sin restricción,ppal calles no encontradas,"['Guereño', 'San Martin']",2,error,,,,,,,,,,
2012,5365,2012-04-22,Domingo,0.0,21:30:00,,0.0,1,,maipu y san juan ,2,1,0,0,1,0,0,,Calle,,ROSARIO,Rosario,Asfalto,S/D,II,Dentro,Urbana,S/D,Funciona,Intersección,Bueno,Buena,Nocturna,Buen Tiempo,Lateral,S/D,Colisión,S/D,S/D,S/D,Sin restricción,error,"['Maipú', 'San Juan']",2,error,,,,,,,,,,
2012,5366,2012-04-22,Domingo,0.0,21:30:00,,0.0,2,"Moto/Ciclomotor,Automóvil",maipu y san juan ,2,1,0,0,1,0,0,,Calle,,ROSARIO,Rosario,Asfalto,S/D,II,Dentro,Urbana,S/D,Funciona,Intersección,Bueno,Buena,Nocturna,Buen Tiempo,Lateral,S/D,Colisión,S/D,S/D,S/D,Sin restricción,error,"['Maipú', 'San Juan']",2,error,,,,,,,,,,
2012,5367,2012-04-26,Jueves,0.0,09:30:00,,0.0,2,"Moto/Ciclomotor,Automóvil",SAN MARTIN Y PIAZZI,2,1,0,0,1,0,0,,Calle,,ROSARIO,Rosario,Asfalto,No existe,II,S/D,Urbana,Ninguna,No existe,Recta,Bueno,Buena,Diurna,Buen Tiempo,Lateral,S/D,Colisión,S/D,Horizontal,Ninguna,Sin restricción,sec calles no encontradas,"['San Martin', 'Piazzi']",2,error,,,,,,,,,,
2012,5371,2012-04-18,Miercoles,0.0,20:15:00,,0.0,2,"Moto/Ciclomotor,Otros",BUSEGUI Y PERU,2,1,0,0,1,0,0,,Calle,,ROSARIO,Rosario,Asfalto,No existe,II,S/D,Urbana,Ninguna,No existe,Intersección,Deteriorada,Buena,S/D,Otro,Lateral,S/D,Colisión,Otro,Faltante,Ninguna,Sin restricción,error,"['Bulevar Juan Francisco Seguí', 'Peru']",2,error,,,,,,,,,,
2012,5373,2012-04-03,Martes,0.0,22:30:00,,0.0,1,Moto/Ciclomotor,,2,2,0,0,0,0,0,,S/D,,ROSARIO,Rosario,S/D,S/D,II,S/D,Urbana,S/D,S/D,S/D,S/D,S/D,S/D,S/D,S/D,S/D,S/D,S/D,S/D,S/D,S/D,,[],0,,,,,,,,,,,
2012,5374,2012-04-01,Domingo,0.0,17:15:00,,0.0,1,Moto/Ciclomotor,TARRAGONA Y AV. CENTRAL,1,1,0,0,0,0,0,,S/D,,ROSARIO,Rosario,S/D,S/D,II,S/D,Urbana,S/D,S/D,S/D,S/D,S/D,S/D,S/D,S/D,S/D,S/D,S/D,S/D,S/D,S/D,error,"['Tarragona', 'Central']",2,error,,,,,,,,,,
2012,5376,2012-04-03,Martes,0.0,10:00:00,,0.0,2,"Automóvil,Moto/Ciclomotor",RIVADAVIA Y ROSAS,2,1,0,0,1,0,0,,S/D,,ROSARIO,Rosario,Asfalto,S/D,II,S/D,S/D,S/D,No existe,Intersección,Deteriorada,Buena,Diurna,Buen Tiempo,S/D,S/D,Colisión,S/D,S/D,S/D,S/D,error,"['Rivadavia', 'Rosas']",2,error,,,,,,,,,,
2012,5389,2012-04-15,Domingo,0.0,,,0.0,1,Moto/Ciclomotor,PELLEGRINI Y MENDOZA ,1,0,0,0,0,0,1,,Calle,,ROSARIO,Rosario,Asfalto,No existe,II,Dentro,Urbana,Ninguna,No existe,Recta,Bueno,Buena,S/D,Buen Tiempo,Otro,S/D,Colisión,S/D,Horizontal,Ninguna,S/D,error,"['Pellegrini', 'Mendoza']",2,error,,,,,,,,,,
2012,5390,2012-04-16,Lunes,0.0,10:00:00,,0.0,2,"Moto/Ciclomotor,Camión",RIVADAVIA Y LAS PALMAS,2,1,0,0,1,0,0,,Calle,,ROSARIO,Rosario,Asfalto,No existe,II,S/D,Urbana,S/D,No existe,Intersección,Deteriorada,Buena,Diurna,Buen Tiempo,Lateral,S/D,Colisión,S/D,S/D,S/D,S/D,error,"['Rivadavia', 'Las Palmas']",2,error,,,,,,,,,,
2012,5399,2012-04-23,Lunes,0.0,15:40:00,,0.0,1,Automóvil,MENDOZA Y EE.UU.,1,1,0,0,0,0,0,,Calle,,ROSARIO,Rosario,Asfalto,No existe,II,Dentro,Urbana,Ninguna,No existe,Recta,Bueno,Buena,Diurna,Buen Tiempo,Otro,S/D,Colisión,Otro,Horizontal,Ninguna,Sin restricción,sec calles no encontradas,"['Mendoza', 'Avenida 25 De Mayo']",2,error,,,,,,,,,,
2012,5428,2012-04-17,Martes,0.0,15:30:00,,0.0,3,"Automóvil,Pickup/Utilitario,Automóvil",LIMA Y VALPARAISO,3,1,0,0,2,0,0,,Calle,,ROSARIO,Rosario,Asfalto,S/D,II,Dentro,Urbana,S/D,S/D,Intersección,Bueno,S/D,S/D,Buen Tiempo,S/D,S/D,Colisión,S/D,S/D,Cordón divisorio,S/D,error,"['Lima', 'Valparaíso']",2,error,,,,,,,,,,
2012,5452,2012-04-25,Miercoles,0.0,10:30:00,,0.0,2,"Moto/Ciclomotor,Automóvil",españa y pte. roca,2,1,0,0,1,0,0,,Calle,,ROSARIO,Rosario,Asfalto,S/D,II,Dentro,Urbana,S/D,S/D,Intersección,Bueno,Buena,Diurna,Buen Tiempo,S/D,S/D,Colisión,S/D,S/D,S/D,Sin restricción,error,"['España', 'Roca']",2,error,,,,,,,,,,
2012,5471,2012-04-24,Martes,0.0,,,0.0,1,,,2,1,0,0,1,0,0,,S/D,,ROSARIO,Rosario,S/D,S/D,II,S/D,S/D,S/D,S/D,Recta,Bueno,Buena,Diurna,Buen Tiempo,S/D,S/D,Colisión,S/D,S/D,S/D,Sin restricción,,[],0,,,,,,,,,,,
2012,5472,2012-04-24,Martes,0.0,17:20:00,,0.0,2,"Moto/Ciclomotor,Automóvil",,2,1,0,0,1,0,0,,Calle,,ROSARIO,Rosario,Asfalto,S/D,II,Dentro,Urbana,S/D,S/D,Intersección,Bueno,S/D,Diurna,Buen Tiempo,S/D,S/D,Colisión,S/D,S/D,Cordón divisorio,S/D,,[],0,,,,,,,,,,,
2012,5475,2012-04-26,Jueves,0.0,09:50:00,,0.0,2,"Automóvil,Vehículo Oficial",CORDOBA Y GUTEMBERG,5,1,0,0,4,0,0,,Calle,,ROSARIO,Rosario,Asfalto,S/D,II,Dentro,Urbana,S/D,S/D,Intersección,S/D,S/D,Diurna,Buen Tiempo,S/D,S/D,Colisión,S/D,S/D,Cordón divisorio,S/D,error,"['Córdoba', 'Gutenberg']",2,error,,,,,,,,,,
2012,5484,2012-04-03,Martes,0.0,22:20:00,,0.0,2,"Moto/Ciclomotor,Automóvil",URQUIZA Y SARMIENTO,2,1,0,0,1,0,0,,Calle,,ROSARIO,Rosario,Asfalto,No existe,II,Dentro,Urbana,Ninguna,No existe,Intersección,Bueno,Buena,Nocturna,Buen Tiempo,Lateral,S/D,Colisión,S/D,Faltante,Ninguna,Sin restricción,error,"['Urquiza', 'Sarmiento']",2,error,,,,,,,,,,
2012,5485,2012-04-24,Martes,0.0,,,0.0,2,"Peatón,Moto/Ciclomotor",,2,1,0,0,1,0,0,,S/D,,ROSARIO,Rosario,Asfalto,No existe,II,S/D,S/D,S/D,S/D,Recta,Bueno,Buena,Diurna,Buen Tiempo,S/D,S/D,Atropello,S/D,S/D,S/D,S/D,,[],0,,,,,,,,,,,
2012,5489,2012-04-27,Viernes,0.0,16:30:00,,0.0,2,"Automóvil,Moto/Ciclomotor",SAN AMRTIN Y 9 DEJULIO,2,1,0,0,1,0,0,,Calle,,ROSARIO,Rosario,Asfalto,No existe,II,S/D,Urbana,S/D,S/D,Intersección,Bueno,Buena,Diurna,Buen Tiempo,S/D,S/D,Colisión,S/D,S/D,S/D,Sin restricción,ppal calles no encontradas,"['San Amrtin', '9 de Julio']",2,error,,,,,,,,,,
2012,5490,2012-04-05,Jueves,0.0,,,0.0,2,"Automóvil,Automóvil",AV. BELGRANO Y TUCUMAN,2,1,0,0,1,0,0,,Calle,,ROSARIO,Rosario,Ripio,No existe,II,Dentro,Urbana,Semáforo,Funciona,Intersección,Bueno,Buena,Diurna,Buen Tiempo,De alcance,S/D,Colisión,S/D,Vertical,Cordón divisorio,S/D,error,"['Belgrano', 'Tucumán']",2,error,,,,,,,,,,
2012,5495,2012-04-04,Miercoles,0.0,08:20:00,,0.0,2,"Automóvil,Moto/Ciclomotor",LIMA Y CORDOBA,2,1,0,0,1,0,0,,Calle,,ROSARIO,Rosario,Asfalto,S/D,II,Dentro,Urbana,S/D,S/D,Intersección,Bueno,Buena,Diurna,Buen Tiempo,S/D,S/D,Colisión,S/D,S/D,Cordón divisorio,S/D,error,"['Lima', 'Córdoba']",2,error,,,,,,,,,,
2012,5496,2012-04-07,Sabado,0.0,08:55:00,,0.0,2,"Moto/Ciclomotor,Pickup/Utilitario",GÜEMES Y ...,2,1,0,0,1,0,0,,Calle,,ROSARIO,Rosario,Asfalto,S/D,II,Dentro,Urbana,S/D,S/D,Recta,S/D,S/D,S/D,Buen Tiempo,Lateral,S/D,Colisión,S/D,S/D,Barrera de hormigón,Sin restricción,error,"['Güemes', '']",2,error,,,,,,,,,,
2012,5504,2012-04-02,Lunes,0.0,17:00:00,,0.0,2,"Automóvil,Bicicleta",,3,1,0,0,1,0,1,,S/D,,ROSARIO,Rosario,Asfalto,S/D,II,Dentro,Urbana,S/D,S/D,S/D,Bueno,Buena,Diurna,Buen Tiempo,Frontal,S/D,Colisión,Otro,S/D,S/D,Sin restricción,,[],0,,,,,,,,,,,
2012,5505,2012-04-08,Domingo,0.0,20:00:00,,0.0,2,"Moto/Ciclomotor,Automóvil",,3,2,0,0,1,0,0,,Calle,,ROSARIO,Rosario,Asfalto,No existe,II,Dentro,Urbana,Semáforo,Funciona,Intersección,Bueno,Buena,Nocturna,Buen Tiempo,Lateral,S/D,Colisión,S/D,Vertical,Vegetación,Sin restricción,,[],0,,,,,,,,,,,
2012,5512,2012-04-09,Lunes,0.0,16:15:00,,0.0,2,"Moto/Ciclomotor,Automóvil",SAN LORENZO Y SARMIENTO,2,1,0,0,1,0,0,,Calle,,ROSARIO,Rosario,Asfalto,No existe,II,S/D,Urbana,Ninguna,No existe,Recta,Bueno,Buena,Diurna,Buen Tiempo,Lateral,S/D,Colisión,S/D,S/D,Ninguna,Sin restricción,error,"['San Lorenzo', 'Sarmiento']",2,error,,,,,,,,,,
2012,5524,2012-04-10,Martes,0.0,08:10:00,,0.0,2,"Moto/Ciclomotor,Automóvil",av. francia entre pte. peron y bv. pellegrini ,2,1,0,0,1,0,0,,Avenida,,ROSARIO,Rosario,Asfalto,S/D,II,Dentro,Urbana,S/D,S/D,Cruce,Bueno,Buena,Diurna,Buen Tiempo,S/D,S/D,Colisión,Otro,S/D,S/D,Sin restricción,,"['Avenida Francia', 'Avenida Presidente Perón', 'Pellegrini']",3,,,,,,,,,,,
2012,5528,2012-04-14,Sabado,0.0,01:45:00,,0.0,2,"Peatón,Automóvil",SAN MARTIN AV. DEL HUERTO,2,1,0,0,1,0,0,,Avenida,,ROSARIO,Rosario,Ripio,No existe,II,Dentro,Urbana,Semáforo,Funciona,Recta,Bueno,Buena,Nocturna,Buen Tiempo,Otro,S/D,Atropello,S/D,Vertical,Ninguna,S/D,no funciono,['San Martin Del Huerto'],1,San Martin Del Huerto,,,,,,,,,,
2012,5530,2012-04-20,Viernes,0.0,14:10:00,,0.0,2,"Automóvil,Automóvil",URQUIZA Y SARMIENTO,3,1,0,0,2,0,0,,Calle,,ROSARIO,Rosario,Asfalto,No existe,II,Dentro,Urbana,Ninguna,No existe,Recta,Bueno,Buena,Diurna,Buen Tiempo,De alcance,S/D,Colisión,S/D,Faltante,Ninguna,Sin restricción,error,"['Urquiza', 'Sarmiento']",2,error,,,,,,,,,,