anio_acci,nro_acci,fecha,desc_dia,fecha_aprox,hora_aprox,desc_ruta,km,cant_participantes,desc_participante,calle_avenida_km,total,heridos_leves,heridos_graves,heridos_gravisimos,ilesos,fallecidos,sin_datos,posicion_XY,desc_tipo_via,desc_ruta_ori,desc_loc,desc_dpto,desc_tipo_calzada,desc_tipo_banquina,desc_unidad_regional,desc_lugar_calzada,desc_zona,desc_prioridad,desc_estado_semaforo,desc_lugar_via,desc_estado_via,desc_estado_visibilidad,desc_luminosidad,desc_estado_clima,desc_tipo_colision,desc_tipo_atropello,desc_tipo_hecho,desc_pres_calzada,desc_senializacion,desc_separacion_via,desc_restriccion,forma_geocod,calle_lista,numero_calles,calles_osm,lat,lon,index_right,gid,fna,gna,nam,in1,fdc,sag
2012,5537,2012-04-12,Jueves,0.0,16:30:00,,0.0,2,"Bicicleta,Automóvil",cafferatta y j. lavalle ,2,1,0,0,1,0,0,,Calle,,ROSARIO,Rosario,Asfalto,S/D,II,Dentro,Urbana,S/D,S/D,Intersección,Bueno,Buena,Diurna,Buen Tiempo,Frontal,S/D,Atropello,S/D,S/D,S/D,Sin restricción,error,"['Cafferata', 'Lavalle']",2,error,,,,,,,,,,
2012,5552,2012-04-12,Jueves,0.0,08:00:00,,0.0,1,Bicicleta,pte. peron y 27 de febrero ,2,1,0,0,1,0,0,,Avenida,,ROSARIO,Rosario,Asfalto,S/D,II,Dentro,Urbana,S/D,S/D,Recta,Bueno,Buena,Diurna,Buen Tiempo,Frontal,S/D,Atropello,Otro,S/D,S/D,Sin restricción,error,"['Avenida Presidente Perón', '27 de Febrero']",2,error,,,,,,,,,,
2012,5553,2012-04-27,Viernes,0.0,17:50:00,,0.0,2,"Moto/Ciclomotor,Automóvil",LAVALLE ENTRE PTE.PERON Y VIAMONTE,3,1,0,0,2,0,0,,Avenida,,ROSARIO,Rosario,Asfalto,S/D,II,Dentro,Urbana,S/D,No existe,Intersección,Bueno,Buena,Diurna,Buen Tiempo,Frontal,S/D,Colisión,Otro,S/D,S/D,S/D,,"['Lavalle', 'Avenida Presidente Perón', 'Viamonte']",3,,,,,,,,,,,
2012,5566,2012-04-13,Viernes,0.0,15:45:00,,0.0,2,"Moto/Ciclomotor,Otros",1 DE MAYO Y J.M. ROSAS,2,1,0,0,1,0,0,,Calle,,ROSARIO,Rosario,Asfalto,S/D,II,S/D,Urbana,Ninguna,S/D,Recta,Bueno,S/D,S/D,Otro,Otro,S/D,Otro,Otro,Faltante,Ninguna,Sin restricción,error,"['Primero de Mayo', 'Rosas']",2,error,,,,,,,,,,
2012,5577,2012-04-14,Sabado,0.0,16:15:00,,0.0,2,"Moto/Ciclomotor,Otros",MITRE Y ENTRE RIOS,3,2,0,0,1,0,0,,Calle,,ROSARIO,Rosario,Asfalto,S/D,II,S/D,S/D,Ninguna,S/D,Recta,Bueno,S/D,S/D,Buen Tiempo,Lateral,S/D,Colisión,Otro,Faltante,Ninguna,Sin restricción,error,"['Mitre', 'Entre Ríos']",2,error,,,,,,,,,,
2012,5579,2012-04-17,Martes,0.0,,,0.0,2,"Moto/Ciclomotor,Automóvil",,3,2,0,0,1,0,0,,Calle,,ROSARIO,Rosario,Asfalto,No existe,II,S/D,S/D,Ninguna,S/D,Recta,Bueno,S/D,S/D,Buen Tiempo,Lateral,S/D,Colisión,S/D,Faltante,Cordón divisorio,Sin restricción,,[],0,,,,,,,,,,,
2012,5580,2012-04-16,Lunes,0.0,21:00:00,,0.0,2,"Moto/Ciclomotor,Automóvil",av. godot y oeste e iriondo,2,1,0,0,1,0,0,,Avenida,,ROSARIO,Rosario,Asfalto,S/D,II,Dentro,Urbana,S/D,S/D,Intersección,Bueno,Buena,Nocturna,Buen Tiempo,Frontal,S/D,Colisión,Otro,S/D,S/D,S/D,,"['Avenida Presidente Perón', 'Oeste', 'Iriondo']",3,,,,,,,,,,,
2012,5582,2012-04-18,Miercoles,0.0,10:40:00,,0.0,2,"Moto/Ciclomotor,Automóvil",,2,1,0,0,1,0,0,,Calle,,ROSARIO,Rosario,Asfalto,No existe,II,Dentro,Urbana,S/D,No existe,Cruce,Bueno,S/D,S/D,Buen Tiempo,Lateral,S/D,Colisión,S/D,S/D,Ninguna,Sin restricción,,[],0,,,,,,,,,,,
2012,5586,2012-04-21,Sabado,0.0,13:45:00,,0.0,2,"Bicicleta,Moto/Ciclomotor",,2,2,0,0,0,0,0,,Calle,,ROSARIO,Rosario,Asfalto,No existe,II,Dentro,Urbana,S/D,No existe,Cruce,Bueno,S/D,S/D,Buen Tiempo,S/D,S/D,Atropello,S/D,S/D,Cordón divisorio,S/D,,[],0,,,,,,,,,,,
2012,5588,2012-04-22,Domingo,0.0,12:30:00,,0.0,2,"Bicicleta,Automóvil",,3,2,0,0,1,0,0,,Calle,,ROSARIO,Rosario,Asfalto,No existe,II,Dentro,Urbana,S/D,S/D,Cruce,Bueno,Buena,S/D,S/D,S/D,S/D,Atropello,S/D,S/D,Cordón divisorio,S/D,,[],0,,,,,,,,,,,
2012,5590,2012-04-23,Lunes,0.0,18:15:00,,0.0,2,"Moto/Ciclomotor,Automóvil",,3,2,0,0,1,0,0,,Calle,,ROSARIO,Rosario,Asfalto,No existe,II,Dentro,Urbana,Ninguna,No existe,Intersección,Bueno,Buena,Atardecer,Buen Tiempo,Lateral,S/D,Colisión,S/D,Faltante,Cordón divisorio,Sin restricción,,[],0,,,,,,,,,,,
2012,5638,2012-04-22,Domingo,0.0,08:10:00,,0.0,2,"Moto/Ciclomotor,Automóvil",AV. SAN AMRTIN Y CENTENARIO,2,1,0,0,1,0,0,,Avenida,,ROSARIO,Rosario,S/D,S/D,II,Dentro,Urbana,S/D,S/D,Recta,S/D,S/D,Diurna,S/D,S/D,S/D,Colisión,S/D,S/D,S/D,S/D,ppal calles no encontradas,"['San Amrtin', 'Centenario']",2,error,,,,,,,,,,
2012,5642,2012-04-01,Domingo,0.0,12:45:00,,0.0,2,"Moto/Ciclomotor,Automóvil",ombu y muller,2,1,0,0,1,0,0,,Calle,,ROSARIO,Rosario,Asfalto,No existe,II,Dentro,Urbana,S/D,No existe,Recta,Bueno,Buena,Diurna,Buen Tiempo,Lateral,S/D,Colisión,S/D,Faltante,S/D,Sin restricción,sec calles no encontradas,"['Ombú', 'Muller']",2,error,,,,,,,,,,
2012,5651,2012-04-26,Jueves,0.0,09:45:00,,0.0,2,"Automóvil,Moto/Ciclomotor",AV.CIRCUNVALACION Y OROÑO,2,1,0,0,1,0,0,,Avenida,,ROSARIO,Rosario,Asfalto,S/D,II,Dentro,Urbana,S/D,No existe,Recta,Bueno,Buena,Diurna,Buen Tiempo,De alcance,S/D,Colisión,S/D,Vertical,Guardarrail,Obra en Construcción,error,"['Circunvalacion', 'Bulevar Nicasio Oroño']",2,error,,,,,,,,,,
2012,5652,2012-04-04,Miercoles,0.0,10:00:00,,0.0,2,"Moto/Ciclomotor,Automóvil",bv. oroño y bv. ordoñez,3,2,0,0,1,0,0,,Calle,,ROSARIO,Rosario,Asfalto,No existe,II,Dentro,Urbana,S/D,Funciona,Intersección,Bueno,Buena,Diurna,Buen Tiempo,Lateral,S/D,Colisión,S/D,Vertical,S/D,Sin restricción,error,"['Bulevar Nicasio Oroño', 'Avenida Battle y Ordoñez']",2,error,,,,,,,,,,
2012,5653,2012-04-19,Jueves,0.0,,,0.0,2,"Moto/Ciclomotor,Automóvil",AV. 27 DE FEBRERO Y OCAMPO,2,1,0,0,1,0,0,,Calle,,ROSARIO,Rosario,Asfalto,S/D,II,Dentro,Urbana,S/D,S/D,Recta,Bueno,Buena,S/D,Buen Tiempo,Frontal,S/D,Colisión,S/D,S/D,S/D,S/D,error,"['27 de Febrero', 'Ocampo']",2,error,,,,,,,,,,
2012,5659,2012-04-20,Viernes,0.0,21:20:00,,0.0,2,"Moto/Ciclomotor,Moto/Ciclomotor",BV. OROÑO Y AV. PONCE,3,1,0,0,2,0,0,,Avenida,,ROSARIO,Rosario,Asfalto,S/D,II,Dentro,Urbana,S/D,S/D,S/D,Bueno,S/D,Nocturna,Buen Tiempo,S/D,S/D,Colisión,S/D,S/D,S/D,S/D,error,"['Bulevar Nicasio Oroño', 'Ponce']",2,error,,,,,,,,,,
2012,5669,2012-04-20,Viernes,0.0,19:10:00,,0.0,2,"Moto/Ciclomotor,Automóvil",CENTENO Y GARIBALDI,2,1,0,0,1,0,0,,Calle,,ROSARIO,Rosario,Asfalto,No existe,II,Dentro,Urbana,S/D,S/D,Intersección,S/D,S/D,Atardecer,S/D,Lateral,S/D,Colisión,S/D,S/D,Ninguna,S/D,error,"['Centeno', 'José Garibaldi']",2,error,,,,,,,,,,
2012,5698,2012-04-18,Miercoles,0.0,21:00:00,,0.0,2,"Moto/Ciclomotor,Automóvil",bv. oroño y bv. ordoñez,2,1,0,0,1,0,0,,Avenida,,ROSARIO,Rosario,Asfalto,No existe,II,Dentro,Urbana,S/D,Funciona,Intersección,Bueno,Buena,Nocturna,Buen Tiempo,Lateral,S/D,Colisión,S/D,Vertical,S/D,Sin restricción,error,"['Bulevar Nicasio Oroño', 'Avenida Battle y Ordoñez']",2,error,,,,,,,,,,
2012,5700,2012-04-22,Domingo,0.0,13:45:00,,0.0,2,"Automóvil,Automóvil",arijon y dominguez,2,1,0,0,1,0,0,,Calle,,ROSARIO,Rosario,Asfalto,No existe,II,Dentro,Urbana,S/D,No existe,Intersección,Bueno,Buena,Diurna,Buen Tiempo,Lateral,S/D,Colisión,S/D,Faltante,S/D,Sin restricción,error,"['Avenida Manuel Arijón', 'Dominguez']",2,error,,,,,,,,,,
2012,5706,2012-06-17,Domingo,0.0,06:40:00,,0.0,1,Automóvil,Acceso Sur y Ayolas,1,0,0,0,0,1,0,,Calle,,ROSARIO,Rosario,Asfalto,Pavimento,II,Dentro,Urbana,Marca Vial,No existe,Curva,Resbaladiza,Buena,"Amanecer,Con luz artificial",Lluvia,Contra objeto fijo,S/D,Colisión,Agua,Vertical,S/D,S/D,error,"['Belgrano', 'Ayolas']",2,error,,,,,,,,,,
2012,5727,2012-04-10,Martes,0.0,16:30:00,,0.0,2,"Moto/Ciclomotor,Automóvil",LAPRIDA Y BS. AS.,2,1,0,0,1,0,0,,S/D,,ROSARIO,Rosario,Asfalto,No existe,II,S/D,S/D,Marca Vial,No existe,Intersección,Bueno,Buena,Diurna,Buen Tiempo,Lateral,S/D,Colisión,S/D,Vertical,Ninguna,Sin restricción,error,"['Laprida', 'Buenos Aires']",2,error,,,,,,,,,,
2012,5742,2012-04-20,Viernes,0.0,19:30:00,,0.0,2,"Moto/Ciclomotor,Pickup/Utilitario",GARIBALDI Y COLON,2,1,0,0,1,0,0,,Calle,,ROSARIO,Rosario,Asfalto,No existe,II,Dentro,Urbana,Semáforo,Funciona,Intersección,Bueno,Buena,Nocturna,Buen Tiempo,Lateral,S/D,Colisión,S/D,Horizontal,Ninguna,Sin restricción,error,"['José Garibaldi', 'Colon']",2,error,,,,,,,,,,
2012,5752,2012-04-11,Miercoles,0.0,06:30:00,,0.0,2,"Moto/Ciclomotor,Automóvil",AV. SAN AMRTIN Y SAAVEDRA,2,1,0,0,1,0,0,,Avenida,,ROSARIO,Rosario,Asfalto,No existe,II,Dentro,Urbana,S/D,S/D,Intersección,S/D,S/D,Amanecer,S/D,Lateral,S/D,Colisión,S/D,S/D,Ninguna,Sin restricción,ppal calles no encontradas,"['San Amrtin', 'Saavedra']",2,error,,,,,,,,,,
2012,5783,2012-04-08,Domingo,0.0,21:30:00,,0.0,2,"Moto/Ciclomotor,Automóvil",9 de julio y micheli ,2,1,0,0,0,0,1,,Calle,,ROSARIO,Rosario,Asfalto,S/D,II,Dentro,Urbana,S/D,S/D,Intersección,Bueno,Buena,Nocturna,Buen Tiempo,Lateral,S/D,Colisión,S/D,S/D,S/D,Sin restricción,sec calles no encontradas,"['9 de Julio', 'Micheli']",2,error,,,,,,,,,,
2012,5787,2012-06-30,Sabado,0.0,16:30:00,,0.0,2,"Moto/Ciclomotor,Tren",....... y vías del ffcc,2,0,0,0,1,1,0,,Calle,,ROSARIO,Rosario,S/D,S/D,II,Dentro,Urbana,S/D,S/D,Paso a Nivel FFCC,S/D,Buena,Diurna,Buen Tiempo,Lateral,S/D,Colisión,S/D,Horizontal,S/D,S/D,,"['', 'Vías Del Ffcc']",0,,,,,,,,,,,
2012,6213,2012-05-12,Sabado,0.0,18:00:00,,0.0,2,"Bicicleta,Automóvil",Av. Alberdi entre Iguazú y Carrasco,3,2,0,0,1,0,0,,Avenida,,ROSARIO,Rosario,Asfalto,S/D,II,Dentro,Urbana,S/D,S/D,Recta,Bueno,Buena,Diurna,Buen Tiempo,S/D,S/D,Atropello,S/D,Faltante,Cordón divisorio,Sin restricción,,"['Alberdi', 'Iguazú', 'Carrasco']",3,,,,,,,,,,,
2012,6422,2012-03-22,Jueves,0.0,12:30:00,,0.0,2,"Automóvil,Pickup/Utilitario",,2,1,0,0,1,0,0,,Avenida,,ROSARIO,Rosario,Asfalto,No existe,II,Dentro,Urbana,S/D,S/D,Intersección,Bueno,Buena,Diurna,Buen Tiempo,Frontal,S/D,Colisión,S/D,S/D,Cordón divisorio,S/D,,[],0,,,,,,,,,,,
2012,6599,2012-05-03,Jueves,0.0,14:00:00,,0.0,2,"Moto/Ciclomotor,Automóvil",GHANDI Y GUATEMALA,2,1,0,0,1,0,0,,Calle,,ROSARIO,Rosario,Asfalto,No existe,II,Dentro,Urbana,S/D,No existe,Recta,Bueno,Buena,Atardecer,S/D,Frontal,S/D,Colisión,S/D,Vertical,Barrera de hormigón,Sin restricción,ppal calles no encontradas,"['Ghandi', 'Guatemala']",2,error,,,,,,,,,,
2012,6604,2012-05-05,Sabado,0.0,19:20:00,,0.0,2,"Transporte de Pasajeros Urbano (> 8 asientos),Peatón",PCIAS. UNIDAS Y CORDOBA,2,1,0,0,1,0,0,,Avenida,,ROSARIO,Rosario,Asfalto,Pavimento,II,Dentro,Urbana,Semáforo,Funciona,Recta,Bueno,Buena,Nocturna,Buen Tiempo,S/D,S/D,Atropello,S/D,Horizontal,Barrera de hormigón,Sin restricción,error,"['Avenida Provincias Unidas', 'Córdoba']",2,error,,,,,,,,,,
2012,6607,2012-05-21,Lunes,0.0,18:00:00,,0.0,2,"Pickup/Utilitario,Moto/Ciclomotor",VELEZ SARFIELD Y PCIAS. UNIDAS,2,1,0,0,1,0,0,,Avenida,,ROSARIO,Rosario,Asfalto,S/D,II,Dentro,Urbana,Ninguna,S/D,Recta,Bueno,S/D,S/D,Buen Tiempo,Frontal,S/D,Colisión,S/D,Horizontal,Barrera de hormigón,Sin restricción,error,"['Vélez Sarfield', 'Avenida Provincias Unidas']",2,error,,,,,,,,,,
2012,6608,2012-05-25,Viernes,0.0,00:15:00,,0.0,2,"Moto/Ciclomotor,Automóvil",VELEZ SARFIELD Y PCIAS. UNIDAS,2,1,0,0,1,0,0,,Avenida,,ROSARIO,Rosario,Asfalto,No existe,II,Dentro,Urbana,Ninguna,No existe,Recta,Bueno,Buena,Nocturna,Buen Tiempo,Frontal,S/D,Colisión,S/D,Horizontal,Barrera de hormigón,Sin restricción,error,"['Vélez Sarfield', 'Avenida Provincias Unidas']",2,error,,,,,,,,,,
2012,6615,2012-05-21,Lunes,0.0,13:00:00,,0.0,2,"Automóvil,Automóvil",CORDOBA Y BRASIL,2,1,0,0,1,0,0,,Avenida,,ROSARIO,Rosario,Asfalto,No existe,II,Dentro,Urbana,Semáforo,Funciona,Recta,Bueno,Buena,Con luz artificial,Buen Tiempo,Frontal,S/D,Colisión,S/D,Vertical,Barrera de hormigón,Sin restricción,error,"['Córdoba', 'Brasil']",2,error,,,,,,,,,,
2012,6660,2012-05-24,Jueves,0.0,09:15:00,,0.0,2,"Automóvil,Moto/Ciclomotor",,3,2,0,0,1,0,0,,Avenida,,ROSARIO,Rosario,Asfalto,No existe,II,Dentro,Urbana,Ninguna,No existe,Intersección,Bueno,Buena,Diurna,Buen Tiempo,Lateral,S/D,Colisión,S/D,Faltante,Vegetación,Sin restricción,,[],0,,,,,,,,,,,
2012,6694,2012-05-19,Sabado,0.0,10:30:00,,0.0,2,"Automóvil,Automóvil",27 DE FEBRERO Y F. MORE,2,2,0,0,0,0,0,,S/D,,ROSARIO,Rosario,Asfalto,No existe,II,S/D,Urbana,Semáforo,Funciona,Intersección,Deteriorada,Buena,Diurna,Otro,Lateral,S/D,Colisión,S/D,Horizontal,Ninguna,Sin restricción,error,"['27 de Febrero', 'Felipe Moré']",2,error,,,,,,,,,,
2012,6715,2012-05-24,Jueves,0.0,10:00:00,,0.0,2,"Moto/Ciclomotor,Automóvil",ROVILLON Y GARIBALDI,2,2,0,0,0,0,0,,S/D,,ROSARIO,Rosario,Asfalto,No existe,II,S/D,Urbana,Ninguna,No existe,Intersección,Deteriorada,Buena,S/D,S/D,Lateral,S/D,Colisión,Otro,Faltante,Ninguna,Sin restricción,error,"['Alfredo Rouillón', 'José Garibaldi']",2,error,,,,,,,,,,
2012,6724,2012-05-08,Martes,0.0,17:00:00,,0.0,2,"Pickup/Utilitario,Moto/Ciclomotor",CIRCUNVALACION Y CENTENO,2,1,0,0,1,0,0,,Calle,,ROSARIO,Rosario,Hormigón,S/D,II,Dentro,Urbana,S/D,No existe,Intersección,Bueno,Buena,Diurna,Buen Tiempo,Lateral,S/D,Colisión,S/D,S/D,S/D,S/D,error,"['Circunvalacion', 'Centeno']",2,error,,,,,,,,,,
2012,6747,2012-05-20,Domingo,0.0,12:00:00,,0.0,2,"Transporte de Pasajeros Urbano (> 8 asientos),Moto/Ciclomotor",AMENABAR Y BOLIVIA,2,1,0,0,1,0,0,,Calle,,ROSARIO,Rosario,Hormigón,No existe,II,S/D,Urbana,S/D,No existe,Intersección,Deteriorada,Buena,Diurna,Buen Tiempo,Lateral,S/D,Colisión,S/D,S/D,S/D,S/D,error,"['Amenabar', 'Bolivia']",2,error,,,,,,,,,,
2012,6760,2012-05-14,Lunes,0.0,16:00:00,,0.0,2,"Moto/Ciclomotor,Automóvil",J. B. JUSTO Y OLMOS,3,1,1,0,1,0,0,,Calle,,ROSARIO,Rosario,S/D,S/D,II,Dentro,Urbana,S/D,S/D,S/D,S/D,S/D,S/D,S/D,S/D,S/D,Colisión,S/D,S/D,Ninguna,S/D,error,"['Justo', 'Los Olmos']",2,error,,,,,,,,,,
2012,6769,2012-05-19,Sabado,0.0,19:40:00,,0.0,2,"Moto/Ciclomotor,Automóvil",G. DEL SOLAR Y J. B. JUTO,3,2,0,0,1,0,0,,Calle,,ROSARIO,Rosario,Asfalto,S/D,II,S/D,S/D,S/D,S/D,S/D,S/D,S/D,S/D,S/D,S/D,S/D,Colisión,S/D,S/D,S/D,S/D,error,"['Del Solar', 'Juan B. Justo']",2,error,,,,,,,,,,
2012,6782,2012-05-11,Viernes,0.0,17:00:00,,0.0,2,"Bicicleta,Moto/Ciclomotor",NEUQUEN Y FORET 7500,2,1,0,0,1,0,0,,S/D,,ROSARIO,Rosario,Asfalto,No existe,II,S/D,S/D,Ninguna,No existe,Recta,Bueno,Buena,Diurna,Buen Tiempo,S/D,S/D,Atropello,Otro,Horizontal,Ninguna,S/D,error,"['Neuquen', 'Carlos Forest']",2,error,,,,,,,,,,
2012,6785,2012-05-24,Jueves,0.0,13:00:00,,0.0,2,"Moto/Ciclomotor,Automóvil",colectora circunvalacion sur/norte,3,1,0,0,2,0,0,,Calle,,ROSARIO,Rosario,S/D,Pavimento,II,Dentro,Urbana,S/D,S/D,Recta,Bueno,Buena,Diurna,Buen Tiempo,S/D,S/D,S/D,S/D,S/D,S/D,Sin restricción,no funciono,['Colectora Circunvalacion Sur/norte'],1,Colectora Circunvalacion Sur/norte,,,,,,,,,,
2012,6872,2012-05-11,Viernes,0.0,14:30:00,,0.0,2,"Moto/Ciclomotor,Moto/Ciclomotor",juan b. justo y m. cabal ,2,1,0,0,1,0,0,,Calle,,ROSARIO,Rosario,Asfalto,No existe,II,Dentro,Urbana,S/D,No existe,Intersección,Bueno,Buena,Diurna,Buen Tiempo,Lateral,S/D,Colisión,S/D,Faltante,S/D,Sin restricción,error,"['Juan B. Justo', 'Cabal']",2,error,,,,,,,,,,
2012,6878,2012-05-05,Sabado,1.0,19:20:00,,0.0,2,"Automóvil,Moto/Ciclomotor",,2,1,0,0,1,0,0,,S/D,,ROSARIO,Rosario,S/D,No existe,II,Dentro,Urbana,S/D,No existe,S/D,S/D,Buena,Atardecer,Buen Tiempo,Frontal,S/D,Colisión,S/D,S/D,S/D,Sin restricción,,[],0,,,,,,,,,,,
2012,6884,2012-05-08,Martes,0.0,15:00:00,,0.0,2,"Moto/Ciclomotor,Otros",av. eva peron y wilde,3,2,0,0,0,0,1,,Avenida,,ROSARIO,Rosario,Asfalto,No existe,II,Dentro,Urbana,S/D,No existe,Curva,Bueno,Buena,Diurna,Buen Tiempo,Frontal,S/D,Colisión,S/D,Horizontal,S/D,Sin restricción,error,"['Avenida Eva Perón', 'Bulevar Wilde']",2,error,,,,,,,,,,
2012,6889,2012-05-22,Martes,0.0,06:00:00,,0.0,2,"Bicicleta,Moto/Ciclomotor",av. eva peron y wilde ,2,1,0,0,0,0,1,,Avenida,,ROSARIO,Rosario,Asfalto,No existe,II,Dentro,Urbana,S/D,No existe,Rotonda,Bueno,Buena,Amanecer,Buen Tiempo,Frontal,S/D,Colisión,S/D,Horizontal,S/D,Sin restricción,error,"['Avenida Eva Perón', 'Bulevar Wilde']",2,error,,,,,,,,,,
2012,6890,2012-05-25,Viernes,0.0,03:15:00,,0.0,1,Automóvil,eva peron y olmos,2,1,0,0,1,0,0,,Calle,,ROSARIO,Rosario,Asfalto,No existe,II,Dentro,Urbana,S/D,No existe,Recta,Bueno,Buena,Nocturna,Buen Tiempo,S/D,S/D,Vuelco,S/D,Vertical,S/D,Sin restricción,error,"['Avenida Eva Perón', 'Los Olmos']",2,error,,,,,,,,,,
2012,6923,2012-05-01,Martes,0.0,02:50:00,,0.0,2,"Moto/Ciclomotor,Otros",pascual rosas y s. bayo,2,1,0,0,0,0,1,,Calle,,ROSARIO,Rosario,Asfalto,S/D,II,Dentro,Urbana,S/D,S/D,Intersección,Bueno,Buena,Nocturna,Buen Tiempo,Frontal,S/D,Colisión,S/D,S/D,S/D,Sin restricción,error,"['Pascual Rosas', 'Servando Bayo']",2,error,,,,,,,,,,
2012,6963,2012-05-15,Martes,0.0,13:30:00,,0.0,2,"Automóvil,Automóvil",zaballos 2659,2,1,0,0,1,0,0,,Calle,,ROSARIO,Rosario,Asfalto,S/D,II,Dentro,Urbana,S/D,S/D,Recta,Bueno,S/D,S/D,Buen Tiempo,S/D,S/D,Colisión,S/D,S/D,S/D,Sin restricción,no funciono,['Zaballos 2659'],1,Zaballos 2659,,,,,,,,,,
2012,6982,2012-05-02,Miercoles,0.0,05:40:00,,0.0,2,"Moto/Ciclomotor,Automóvil",AYOLAS Y 27 DE FEBRERO,2,1,0,0,1,0,0,,Calle,,ROSARIO,Rosario,Asfalto,Pavimento,II,Dentro,Urbana,Ninguna,No existe,Intersección,Bueno,Buena,"Amanecer,Con luz artificial",Buen Tiempo,Lateral,S/D,Colisión,S/D,Faltante,Barrera de hormigón,S/D,error,"['Ayolas', '27 de Febrero']",2,error,,,,,,,,,,
2012,7009,2012-05-21,Lunes,0.0,,,0.0,2,"Bicicleta,Pickup/Utilitario",,2,1,0,0,1,0,0,,S/D,,ROSARIO,Rosario,Asfalto,No existe,II,Dentro,Urbana,S/D,Funciona,Intersección,Bueno,Buena,Diurna,Buen Tiempo,Lateral,S/D,Colisión,S/D,Horizontal,S/D,Sin restricción,,[],0,,,,,,,,,,,
2012,7014,2012-05-17,Jueves,0.0,22:55:00,,0.0,1,Moto/Ciclomotor,TUNEL CELEDONIO ESCOLADO,2,2,0,0,0,0,0,,S/D,,ROSARIO,Rosario,Hormigón,No existe,II,S/D,Urbana,Ninguna,S/D,Otro,Bueno,S/D,Nocturna,Buen Tiempo,S/D,S/D,Caída ocupante,S/D,S/D,S/D,S/D,no funciono,['Tunel Celedonio Escolado'],1,Tunel Celedonio Escolado,,,,,,,,,,
2012,7060,2012-05-05,Sabado,0.0,16:30:00,,0.0,2,"Moto/Ciclomotor,Moto/Ciclomotor",GUTIERREZ Y DOMINGUEZ,2,1,1,0,0,0,0,,Calle,,ROSARIO,Rosario,Asfalto,No existe,II,Dentro,Urbana,Ninguna,No existe,Intersección,Deteriorada,Buena,Diurna,Buen Tiempo,Lateral,S/D,Colisión,S/D,Faltante,Ninguna,Sin restricción,error,"['Gutierrez', 'Dominguez']",2,error,,,,,,,,,,
2012,7061,2012-05-22,Martes,0.0,07:00:00,,0.0,2,"Automóvil,Bicicleta",AV. FRANCIA 100 BIS Y AV. TRES VIAS,3,2,0,0,1,0,0,,Calle,,ROSARIO,Rosario,Asfalto,No existe,II,Dentro,Urbana,Semáforo,Funciona,Rotonda,Bueno,Buena,Diurna,Buen Tiempo,Lateral,S/D,Colisión,S/D,Vertical,Cordón divisorio,Sin restricción,error,"['Avenida Francia', 'Avenida Doctor Luis Cándido Carballo']",2,error,,,,,,,,,,
2012,7064,2012-05-06,Domingo,0.0,18:00:00,,0.0,2,"Moto/Ciclomotor,Automóvil",P. GIACONNE Y MORENO,2,1,0,0,1,0,0,,Calle,,ROSARIO,Rosario,Asfalto,No existe,II,Dentro,Urbana,Ninguna,No existe,Intersección,Bueno,Buena,Atardecer,Buen Tiempo,Lateral,S/D,Colisión,S/D,Faltante,Ninguna,Sin restricción,ppal calles no encontradas,"['Giaconne', 'Moreno']",2,error,,,,,,,,,,
2012,7073,2012-05-09,Miercoles,0.0,15:40:00,,0.0,2,"Moto/Ciclomotor,Automóvil",B. ORDOÑEZ Y BV. OROÑO,2,1,0,0,1,0,0,,Avenida,,ROSARIO,Rosario,Asfalto,No existe,II,Dentro,Urbana,Semáforo,No existe,Intersección,Bueno,Buena,Diurna,Buen Tiempo,Lateral,S/D,Colisión,S/D,Vertical,Cordón divisorio,Sin restricción,error,"['Avenida Battle y Ordoñez', 'Bulevar Nicasio Oroño']",2,error,,,,,,,,,,
2012,7080,2012-05-16,Miercoles,0.0,21:10:00,,0.0,1,Taxi/Remis,BV. OROÑO Y MORENO,2,1,0,0,1,0,0,,Calle,,ROSARIO,Rosario,Asfalto,No existe,II,Dentro,Urbana,Ninguna,No existe,Recta,Bueno,Buena,Nocturna,Buen Tiempo,Otro,S/D,Atropello,S/D,Faltante,Ninguna,Sin restricción,error,"['Bulevar Nicasio Oroño', 'Moreno']",2,error,,,,,,,,,,
2012,7081,2012-05-16,Miercoles,0.0,14:00:00,,0.0,2,"Moto/Ciclomotor,Camión",B. ORDOÑEZ Y BV. OROÑO,2,1,0,0,1,0,0,,Avenida,,ROSARIO,Rosario,Asfalto,No existe,II,Dentro,Urbana,Semáforo,Funciona,Rotonda,Bueno,Buena,Diurna,Buen Tiempo,Lateral,S/D,Colisión,S/D,Vertical,Cordón divisorio,Sin restricción,error,"['Avenida Battle y Ordoñez', 'Bulevar Nicasio Oroño']",2,error,,,,,,,,,,
2012,7087,2012-05-06,Domingo,0.0,18:30:00,,0.0,2,"Moto/Ciclomotor,Automóvil",AV. FRONDIZI Y PARQUE ALEM,2,1,0,0,1,0,0,,Calle,,ROSARIO,Rosario,Asfalto,S/D,II,Dentro,Urbana,S/D,S/D,Recta,Bueno,S/D,S/D,Buen Tiempo,S/D,S/D,Colisión,S/D,Vertical,Cordón divisorio,S/D,sec calles no encontradas,"['Frondizi', 'Parque Alem']",2,error,,,,,,,,,,
2012,7108,2012-05-06,Domingo,0.0,13:30:00,,0.0,2,"Moto/Ciclomotor,Automóvil",,2,1,0,0,1,0,0,,Avenida,,ROSARIO,Rosario,Asfalto,S/D,II,S/D,Urbana,S/D,S/D,Rotonda,Bueno,S/D,S/D,S/D,S/D,S/D,S/D,S/D,Vertical,S/D,S/D,,[],0,,,,,,,,,,,
2012,7111,2012-05-08,Martes,0.0,18:00:00,,0.0,2,"Automóvil,Bicicleta",,3,2,0,0,1,0,0,,Calle,,ROSARIO,Rosario,Asfalto,S/D,II,Dentro,Urbana,Ninguna,No existe,Intersección,Bueno,Buena,Atardecer,Buen Tiempo,S/D,S/D,Atropello,S/D,Faltante,Ninguna,Sin restricción,,[],0,,,,,,,,,,,
2012,7121,2012-05-10,Jueves,0.0,22:15:00,,0.0,3,"Tracción animal / Carro,Moto/Ciclomotor,Automóvil",AV. SAN MARTIN Y ARROYO SALADILLO,4,2,0,0,2,0,0,,Avenida,,ROSARIO,Rosario,S/D,S/D,II,S/D,Urbana,S/D,S/D,Recta,S/D,S/D,Nocturna,S/D,S/D,S/D,Colisión,S/D,S/D,S/D,S/D,error,"['San Martin', 'Saladillo']",2,error,,,,,,,,,,
2012,7130,2012-05-22,Martes,0.0,14:14:00,,0.0,2,"Automóvil,Moto/Ciclomotor",BLAS PARERA Y CHARNES,2,1,0,0,1,0,0,,Calle,,ROSARIO,Rosario,Asfalto,S/D,II,S/D,S/D,S/D,S/D,Intersección,Deteriorada,S/D,S/D,S/D,S/D,S/D,S/D,S/D,S/D,S/D,S/D,sec calles no encontradas,"['Blas Parera', 'Charnes']",2,error,,,,,,,,,,
2012,7144,2012-05-05,Sabado,0.0,09:50:00,,0.0,2,"Moto/Ciclomotor,Automóvil",PERU Y VELEZ SARFIELD,2,1,0,0,1,0,0,,Calle,,ROSARIO,Rosario,Asfalto,No existe,II,Dentro,Urbana,Ninguna,S/D,Recta,S/D,Buena,Diurna,S/D,S/D,S/D,Colisión,S/D,Vertical,Ninguna,S/D,error,"['Peru', 'Vélez Sarfield']",2,error,,,,,,,,,,
2012,7157,2012-05-28,Lunes,0.0,19:00:00,,0.0,1,,bv. oroño,3,2,0,0,1,0,0,,Avenida,,ROSARIO,Rosario,Asfalto,S/D,II,Dentro,Urbana,S/D,S/D,Recta,Bueno,Buena,Con luz artificial,Buen Tiempo,Lateral,S/D,Colisión,S/D,S/D,S/D,Sin restricción,no funciono,['Nicasio Oroñoño'],1,Nicasio Oroñoño,,,,,,,,,,
2012,7158,2012-05-28,Lunes,0.0,19:00:00,,0.0,2,"Moto/Ciclomotor,Automóvil",bv. oroño,3,2,0,0,1,0,0,,Avenida,,ROSARIO,Rosario,Asfalto,S/D,II,Dentro,Urbana,S/D,S/D,Recta,Bueno,Buena,Con luz artificial,Buen Tiempo,Lateral,S/D,Colisión,S/D,S/D,S/D,Sin restricción,no funciono,['Nicasio Oroñoño'],1,Nicasio Oroñoño,,,,,,,,,,
2012,7171,2012-05-20,Domingo,0.0,20:00:00,,0.0,2,"Moto/Ciclomotor,Peatón",pcias. y mendoza,3,2,0,0,0,0,1,,Calle,,ROSARIO,Rosario,Asfalto,No existe,II,Dentro,Urbana,S/D,Funciona,Otro,Bueno,Buena,Diurna,Buen Tiempo,Otro,S/D,Colisión,S/D,Vertical,S/D,Sin restricción,error,"['Avenida Provincias Unidas', 'Mendoza']",2,error,,,,,,,,,,
2012,7203,2012-05-09,Miercoles,0.0,17:15:00,,0.0,3,"Moto/Ciclomotor,Automóvil,Automóvil",V. SARFIELD Y MORE,3,0,1,0,2,0,0,,Calle,,ROSARIO,Rosario,Asfalto,No existe,II,Dentro,Urbana,Ninguna,No existe,Intersección,Bueno,Buena,Diurna,S/D,Múltiple,S/D,Colisión,S/D,Faltante,Ninguna,Sin restricción,error,"['Vélez Sarfield', 'Felipe Moré']",2,error,,,,,,,,,,