anio_acci,nro_acci,fecha,desc_dia,fecha_aprox,hora_aprox,desc_ruta,km,cant_participantes,desc_participante,calle_avenida_km,total,heridos_leves,heridos_graves,heridos_gravisimos,ilesos,fallecidos,sin_datos,posicion_XY,desc_tipo_via,desc_ruta_ori,desc_loc,desc_dpto,desc_tipo_calzada,desc_tipo_banquina,desc_unidad_regional,desc_lugar_calzada,desc_zona,desc_prioridad,desc_estado_semaforo,desc_lugar_via,desc_estado_via,desc_estado_visibilidad,desc_luminosidad,desc_estado_clima,desc_tipo_colision,desc_tipo_atropello,desc_tipo_hecho,desc_pres_calzada,desc_senializacion,desc_separacion_via,desc_restriccion,forma_geocod,calle_lista,numero_calles,calles_osm,lat,lon,index_right,gid,fna,gna,nam,in1,fdc,sag
2012,7207,2012-05-13,Domingo,0.0,23:30:00,,0.0,2,"Moto/Ciclomotor,Automóvil",URUGUAY Y SARMIENTO,3,2,0,0,1,0,0,,Calle,,ROSARIO,Rosario,Asfalto,No existe,II,Dentro,Urbana,S/D,S/D,Intersección,S/D,S/D,Nocturna,S/D,Lateral,S/D,Colisión,S/D,S/D,Ninguna,Sin restricción,error,"['Uruguay', 'Sarmiento']",2,error,,,,,,,,,,
2012,7210,2012-05-17,Jueves,0.0,23:00:00,,0.0,2,"Automóvil,Automóvil",V. SARFIELD Y P. L. FUNES,4,1,0,0,3,0,0,,Calle,,ROSARIO,Rosario,Asfalto,No existe,II,Dentro,Urbana,Ninguna,No existe,Intersección,Bueno,S/D,Nocturna,S/D,Frontal,S/D,Colisión,S/D,Faltante,Ninguna,S/D,error,"['Vélez Sarfield', 'Funes']",2,error,,,,,,,,,,
2012,7217,2012-05-23,Miercoles,0.0,13:30:00,,0.0,2,"Moto/Ciclomotor,Automóvil",VELEZ SARFIELD Y P. LINCES FURLES,2,1,0,0,1,0,0,,Calle,,ROSARIO,Rosario,Asfalto,Pavimento,II,S/D,Urbana,Ninguna,No existe,Intersección,Bueno,Buena,Atardecer,Buen Tiempo,Frontal,S/D,Colisión,S/D,Faltante,Ninguna,S/D,error,"['Vélez Sarfield', 'Pedro Lino Funes']",2,error,,,,,,,,,,
2012,7244,2012-05-30,Miercoles,0.0,,,0.0,2,"Moto/Ciclomotor,Automóvil",LIMA Y CORDOBA,2,1,0,0,1,0,0,,Calle,,ROSARIO,Rosario,Asfalto,S/D,I,Dentro,Urbana,S/D,S/D,Intersección,S/D,S/D,S/D,S/D,S/D,S/D,Colisión,S/D,S/D,Cordón divisorio,S/D,error,"['Lima', 'Córdoba']",2,error,,,,,,,,,,
2012,7305,2012-05-18,Viernes,0.0,11:00:00,,0.0,2,"Moto/Ciclomotor,Automóvil",,3,2,0,0,1,0,0,,Calle,,ROSARIO,Rosario,Asfalto,No existe,II,Dentro,Urbana,S/D,S/D,Intersección,S/D,S/D,Diurna,S/D,Lateral,S/D,Colisión,S/D,S/D,Ninguna,Sin restricción,,[],0,,,,,,,,,,,
2012,7308,2012-05-18,Viernes,0.0,00:40:00,,0.0,2,"Moto/Ciclomotor,Moto/Ciclomotor",J. CORONADO E INTENDENTE MACILLA,2,1,0,0,1,0,0,,Calle,,ROSARIO,Rosario,Asfalto,No existe,II,Dentro,Urbana,S/D,S/D,Intersección,S/D,S/D,Nocturna,S/D,Lateral,S/D,Colisión,S/D,S/D,Ninguna,Sin restricción,sec calles no encontradas,"['Coronado', 'Intendente Macilla']",2,error,,,,,,,,,,
2012,7315,2012-05-20,Domingo,0.0,13:40:00,,0.0,2,"Automóvil,Automóvil",SARMIENTO Y URUGUAY,4,1,0,0,3,0,0,,Calle,,ROSARIO,Rosario,Asfalto,No existe,II,Dentro,Urbana,Ninguna,S/D,Intersección,S/D,Buena,Diurna,Buen Tiempo,Lateral,S/D,Colisión,S/D,S/D,Ninguna,Sin restricción,error,"['Sarmiento', 'Uruguay']",2,error,,,,,,,,,,
2012,7318,2012-05-03,Jueves,0.0,20:10:00,,0.0,2,"Taxi/Remis,Automóvil",PARAGUAY Y LA RIOJA,2,1,0,0,1,0,0,,Calle,,ROSARIO,Rosario,Asfalto,No existe,II,S/D,Urbana,Semáforo,Funciona,Intersección,Bueno,Buena,Nocturna,Buen Tiempo,S/D,S/D,Colisión,S/D,Horizontal,S/D,Sin restricción,error,"['Paraguay', 'La Rioja']",2,error,,,,,,,,,,
2012,7350,2012-05-11,Viernes,0.0,21:30:00,,0.0,2,"Bicicleta,Automóvil",ITALIA ENTRE 3 DEFEBRERO Y MENDOZA,2,1,0,0,1,0,0,,Calle,,ROSARIO,Rosario,Asfalto,S/D,II,S/D,Urbana,S/D,S/D,Intersección,Bueno,Buena,Nocturna,Buen Tiempo,S/D,S/D,Atropello,S/D,S/D,S/D,S/D,,"['Italia', '3 de Febrero', 'Mendoza']",3,,,,,,,,,,,
2012,7355,2012-05-30,Miercoles,0.0,15:30:00,,0.0,2,"Moto/Ciclomotor,Automóvil",av. provincias unidas y wilde,3,2,0,0,1,0,0,,Avenida,,ROSARIO,Rosario,Asfalto,Pavimento,II,Dentro,Urbana,S/D,No existe,Recta,Bueno,Buena,Diurna,Buen Tiempo,S/D,S/D,Colisión,S/D,Vertical,S/D,Sin restricción,error,"['Avenida Provincias Unidas', 'Bulevar Wilde']",2,error,,,,,,,,,,
2012,7356,2012-05-11,Viernes,0.0,13:40:00,,0.0,2,"Taxi/Remis,Automóvil",3 DE FEBRERO Y ALVEAR,3,2,0,0,1,0,0,,Calle,,ROSARIO,Rosario,Asfalto,No existe,II,S/D,Urbana,S/D,S/D,Intersección,Bueno,Buena,Diurna,Buen Tiempo,S/D,S/D,Colisión,S/D,Horizontal,S/D,S/D,error,"['3 de Febrero', 'Alvear']",2,error,,,,,,,,,,
2012,7362,2012-05-14,Lunes,0.0,11:30:00,,0.0,2,"Peatón,Taxi/Remis",DORREGOY SAN LUIS,2,1,0,0,1,0,0,,Calle,,ROSARIO,Rosario,Asfalto,No existe,II,Dentro,Urbana,S/D,No existe,Intersección,Bueno,Buena,Diurna,Buen Tiempo,S/D,S/D,Colisión,S/D,S/D,S/D,S/D,no funciono,['Dorregoy San Luis'],1,Dorregoy San Luis,,,,,,,,,,
2012,7368,2012-05-17,Jueves,0.0,15:30:00,,0.0,2,"Automóvil,Automóvil",PARAGUAY Y LA RIOJA,2,1,0,0,1,0,0,,Calle,,ROSARIO,Rosario,Asfalto,S/D,II,Dentro,Urbana,S/D,S/D,Intersección,Bueno,Buena,Diurna,S/D,S/D,S/D,Colisión,S/D,S/D,S/D,S/D,error,"['Paraguay', 'La Rioja']",2,error,,,,,,,,,,
2012,7370,2012-05-10,Jueves,0.0,16:00:00,,0.0,2,"Bicicleta,Pickup/Utilitario",juan b. justo  y mexico,2,1,0,0,1,0,0,,Calle,,ROSARIO,Rosario,Asfalto,No existe,II,Dentro,Urbana,S/D,No existe,Intersección,Bueno,Buena,Diurna,Buen Tiempo,Lateral,S/D,Atropello,S/D,Faltante,S/D,Sin restricción,error,"['Juan B. Justo', 'Mejico']",2,error,,,,,,,,,,
2012,7386,2012-05-28,Lunes,0.0,17:30:00,,0.0,2,"Moto/Ciclomotor,Moto/Ciclomotor",BV. OROÑO Y PJE. DE LA BOCA,3,1,0,0,1,0,1,,Calle,,ROSARIO,Rosario,Asfalto,No existe,II,Dentro,Urbana,S/D,S/D,Intersección,S/D,S/D,Atardecer,S/D,Lateral,S/D,Colisión,S/D,S/D,Ninguna,Sin restricción,sec calles no encontradas,"['Bulevar Nicasio Oroño', 'De La Boca']",2,error,,,,,,,,,,
2012,7394,2012-05-12,Sabado,0.0,12:45:00,,0.0,2,"Camión,Moto/Ciclomotor",juan jose paso y pje. cafayate,3,2,0,0,1,0,0,,Calle,,ROSARIO,Rosario,Asfalto,No existe,II,Dentro,Urbana,S/D,No existe,Recta,Bueno,Buena,Diurna,Buen Tiempo,Lateral,S/D,Colisión,S/D,Faltante,S/D,Sin restricción,error,"['Juan José Paso', 'Cafayate']",2,error,,,,,,,,,,
2012,7421,2012-05-28,Lunes,0.0,07:50:00,,0.0,2,"Moto/Ciclomotor,Automóvil",Av. Belgrano entre Buenos Aires y Laprida,2,1,0,0,1,0,0,,Avenida,,ROSARIO,Rosario,Asfalto,No existe,II,Dentro,Urbana,Ninguna,No existe,Recta,Bueno,Buena,Diurna,Buen Tiempo,Lateral,S/D,Colisión,S/D,Faltante,Cordón divisorio,Sin restricción,,"['Belgrano', 'Buenos Aires', 'Laprida']",3,,,,,,,,,,,
2012,8301,2012-06-28,Jueves,0.0,13:00:00,,0.0,2,"Automóvil,Automóvil", ,2,1,0,0,1,0,0,,Calle,,ROSARIO,Rosario,Asfalto,No existe,II,S/D,S/D,Ninguna,No existe,Intersección,Bueno,Buena,Diurna,Buen Tiempo,Lateral,S/D,Colisión,S/D,S/D,S/D,Sin restricción,,[''],0,,,,,,,,,,,
2012,8311,2012-06-02,Sabado,0.0,14:00:00,,0.0,2,"Moto/Ciclomotor,Automóvil",Tarragona Bis 400,3,1,0,0,2,0,0,,Calle,,ROSARIO,Rosario,Asfalto,No existe,II,Dentro,Urbana,Ninguna,No existe,Recta,Bueno,Buena,Atardecer,Buen Tiempo,Frontal,S/D,Colisión,S/D,Vertical,Barrera de hormigón,Sin restricción,no funciono,['Tarragona Bis 400'],1,Tarragona Bis 400,,,,,,,,,,
2012,8315,2012-06-09,Sabado,0.0,21:25:00,,0.0,2,"Automóvil,Automóvil",AV EVA PERON  Y WILDE,2,1,0,0,1,0,0,,Avenida,,ROSARIO,Rosario,Asfalto,No existe,II,Dentro,Urbana,Ninguna,No existe,Curva,Bueno,Buena,Nocturna,Buen Tiempo,Frontal,S/D,Colisión,S/D,Horizontal,Barrera de hormigón,Sin restricción,error,"['Avenida Eva Perón', 'Bulevar Wilde']",2,error,,,,,,,,,,
2012,8317,2012-06-13,Miercoles,0.0,20:45:00,,0.0,2,"Peatón,Taxi/Remis",Cordoba Y Tarragona,2,1,0,0,1,0,0,,Calle,,ROSARIO,Rosario,Asfalto,No existe,II,Dentro,Urbana,Ninguna,No existe,Recta,Bueno,Buena,Diurna,Buen Tiempo,S/D,S/D,Atropello,S/D,Vertical,Barrera de hormigón,Sin restricción,error,"['Córdoba', 'Tarragona']",2,error,,,,,,,,,,
2012,8319,2012-06-19,Martes,0.0,12:40:00,,0.0,1,Moto/Ciclomotor,WILDE Y CORDOBA,1,1,0,0,0,0,0,,Calle,,ROSARIO,Rosario,Asfalto,No existe,II,Dentro,Urbana,Ninguna,No existe,Curva,Bueno,Buena,Con luz artificial,Buen Tiempo,Contra objeto fijo,S/D,Colisión,S/D,Horizontal,Barrera de hormigón,Sin restricción,error,"['Bulevar Wilde', 'Córdoba']",2,error,,,,,,,,,,
2012,8342,2012-06-30,Sabado,0.0,22:10:00,,0.0,2,"Automóvil,Moto/Ciclomotor",Fragata Sarmiento Y Fragata Sarmiento,2,0,1,0,1,0,0,,Calle,,ROSARIO,Rosario,Asfalto,No existe,II,Dentro,Urbana,Ninguna,No existe,Intersección,Bueno,Buena,Nocturna,Buen Tiempo,Frontal,S/D,Colisión,S/D,Faltante,Vegetación,Sin restricción,error,"['Fragata Sarmiento', 'Fragata Sarmiento']",2,error,,,,,,,,,,
2012,8352,2012-06-27,Miercoles,0.0,06:00:00,,0.0,2,"Moto/Ciclomotor,Automóvil",AVELLANEDA Y GARIBALDI,3,2,0,0,1,0,0,,Avenida,,ROSARIO,Rosario,Asfalto,No existe,II,Dentro,Urbana,Semáforo,Funciona,Intersección,Bueno,Buena,Diurna,Buen Tiempo,Frontal,S/D,Colisión,S/D,Vertical,Cordón divisorio,Sin restricción,error,"['Avellaneda', 'José Garibaldi']",2,error,,,,,,,,,,
2012,8400,2012-06-04,Lunes,0.0,17:30:00,,0.0,2,"Moto/Ciclomotor,Automóvil",Ricchieri Y Brown,3,1,0,0,2,0,0,,Calle,,ROSARIO,Rosario,Asfalto,No existe,II,S/D,Urbana,Semáforo,Funciona,Recta,Bueno,Buena,Diurna,Buen Tiempo,S/D,S/D,Colisión,S/D,Horizontal,Ninguna,Sin restricción,error,"['Ricchieri', 'Brown']",2,error,,,,,,,,,,
2012,8405,2012-06-19,Martes,0.0,17:50:00,,0.0,2,"Moto/Ciclomotor,Taxi/Remis",Larrea Y Biedma,2,1,0,0,1,0,0,,S/D,,ROSARIO,Rosario,Asfalto,No existe,II,S/D,Urbana,Semáforo,Funciona,Intersección,Deteriorada,Buena,S/D,Otro,Lateral,S/D,Colisión,Otro,Vertical,Ninguna,Sin restricción,error,"['Larrea', 'Coronel Biedma']",2,error,,,,,,,,,,
2012,8406,2012-06-07,Jueves,0.0,23:25:00,,0.0,2,"Moto/Ciclomotor,Automóvil",Jujuy Y Ricchieri,2,1,0,0,1,0,0,,S/D,,ROSARIO,Rosario,Asfalto,No existe,II,S/D,S/D,Ninguna,No existe,Recta,Bueno,Buena,Nocturna,Buen Tiempo,Otro,S/D,Colisión,S/D,Horizontal,Ninguna,Sin restricción,error,"['Jujuy', 'Ricchieri']",2,error,,,,,,,,,,
2012,8420,2012-06-10,Domingo,0.0,07:00:00,,0.0,2,"Automóvil,Automóvil",TUNEL CELEDONIO ESCALADA ,3,3,0,0,0,0,0,,S/D,,ROSARIO,Rosario,Asfalto,No existe,II,S/D,S/D,Ninguna,No existe,Curva,Bueno,Buena,Diurna,Buen Tiempo,Frontal,S/D,Colisión,S/D,Horizontal,Ninguna,Sin restricción,no funciono,['Tunel Celedonio Escalada'],1,Tunel Celedonio Escalada,,,,,,,,,,
2012,8421,2012-06-26,Martes,0.0,10:30:00,,0.0,2,"Moto/Ciclomotor,Automóvil",Pte.Quintana Y Pje. 1870,2,1,0,0,1,0,0,,S/D,,ROSARIO,Rosario,Asfalto,No existe,II,S/D,Urbana,Ninguna,No existe,Intersección,Deteriorada,Buena,S/D,Otro,Lateral,S/D,Colisión,Otro,Faltante,Ninguna,Sin restricción,error,"['Quintana', 'Pasaje 1870']",2,error,,,,,,,,,,
2012,8430,2012-06-01,Viernes,0.0,10:00:00,,0.0,2,"Moto/Ciclomotor,Peatón",RIVAROLA Y COLOMBRES,2,1,0,0,1,0,0,,Calle,,ROSARIO,Rosario,Asfalto,No existe,II,S/D,S/D,Ninguna,No existe,Intersección,Deteriorada,Buena,Diurna,Buen Tiempo,S/D,S/D,Atropello,S/D,S/D,S/D,S/D,error,"['Rivarola', 'José Colombres']",2,error,,,,,,,,,,
2012,8436,2012-06-12,Martes,0.0,13:00:00,,0.0,2,"Automóvil,Moto/Ciclomotor",J.M.de Rosas Y Rivarola,2,2,0,0,0,0,0,,Calle,,ROSARIO,Rosario,Asfalto,No existe,II,S/D,Urbana,S/D,No existe,Intersección,Deteriorada,Buena,Diurna,Buen Tiempo,Lateral,S/D,Colisión,S/D,S/D,S/D,S/D,error,"['De Rosas', 'Rivarola']",2,error,,,,,,,,,,
2012,8438,2012-06-29,Viernes,0.0,08:10:00,,0.0,2,"Moto/Ciclomotor,Taxi/Remis",Ricchieri Y Av. Del Valle,3,2,0,0,0,0,1,,Avenida,,ROSARIO,Rosario,Asfalto,No existe,II,S/D,Urbana,Ninguna,No existe,Recta,Bueno,Buena,Diurna,Buen Tiempo,Frontal,S/D,Colisión,S/D,Horizontal,Ninguna,Sin restricción,error,"['Ricchieri', 'Del Valle']",2,error,,,,,,,,,,
2012,8458,2012-06-16,Sabado,0.0,10:00:00,,0.0,2,"Automóvil,Moto/Ciclomotor",COLOMBRES Y JAURECHE,2,1,0,0,1,0,0,,Calle,,ROSARIO,Rosario,Asfalto,No existe,II,S/D,Urbana,Ninguna,No existe,Intersección,Deteriorada,Buena,Diurna,Buen Tiempo,Lateral,S/D,Colisión,S/D,S/D,S/D,S/D,error,"['José Colombres', 'Arturo Jauretche']",2,error,,,,,,,,,,
2012,8471,2012-06-26,Martes,0.0,19:45:00,,0.0,2,"Peatón,Moto/Ciclomotor",Av. Circunvalacion A Y Av. Central,2,1,0,0,1,0,0,,Avenida,,ROSARIO,Rosario,Asfalto,S/D,II,S/D,Urbana,Ninguna,S/D,Cruce,Bueno,Buena,Atardecer,S/D,S/D,S/D,Atropello,S/D,S/D,S/D,S/D,error,"['Circunvalacion', 'Central']",2,error,,,,,,,,,,
2012,8477,2012-06-17,Domingo,0.0,18:00:00,,0.0,1,Automóvil,AV CIRCUNVALACIÓN  Y PUENTE PEATONAL,2,1,0,0,1,0,0,,Avenida,,ROSARIO,Rosario,Asfalto,Pavimento,II,S/D,Urbana,Ninguna,No existe,Recta,Bueno,Buena,Diurna,Buen Tiempo,S/D,S/D,Vuelco,Otro,Vertical,Línea divisoria pintada,Sin restricción,error,"['Circunvalación', 'Pasaje Peatonal']",2,error,,,,,,,,,,
2012,8490,2012-06-08,Viernes,0.0,20:00:00,,0.0,2,"Moto/Ciclomotor,Moto/Ciclomotor",AV. SAVIN 500,3,3,0,0,0,0,0,,Avenida,,ROSARIO,Rosario,Asfalto,S/D,II,Dentro,Urbana,Ninguna,No existe,Recta,Bueno,Buena,Nocturna,Buen Tiempo,"Frontal,Lateral",S/D,Colisión,S/D,Faltante,Ninguna,Sin restricción,no funciono,['Savin 500'],1,Savin 500,,,,,,,,,,
2012,8495,2012-05-21,Lunes,0.0,21:00:00,,0.0,2,"Pickup/Utilitario,Automóvil",Av. Pellegrini Bis 100 ,2,1,0,0,1,0,0,,Calle,,ROSARIO,Rosario,Asfalto,S/D,II,Dentro,Urbana,S/D,S/D,Recta,Bueno,S/D,Con luz artificial,S/D,Otro,S/D,Colisión,S/D,S/D,Cordón divisorio,S/D,no funciono,['Pellegrini Bis 100'],1,Pellegrini Bis 100,,,,,,,,,,
2012,8505,2012-06-10,Domingo,0.0,02:05:00,,0.0,2,"Automóvil,Automóvil",Bv. Rondeau Y Av. Circunvalacion A,4,4,0,0,0,0,0,,Avenida,,ROSARIO,Rosario,Asfalto,S/D,II,S/D,Urbana,S/D,S/D,Cruce,Bueno,S/D,S/D,Buen Tiempo,Otro,S/D,Colisión,S/D,Horizontal,S/D,S/D,error,"['Rondeau', 'Circunvalacion']",2,error,,,,,,,,,,
2012,8518,2012-06-04,Lunes,0.0,09:15:00,,0.0,2,"Peatón,Automóvil",Mitre Y Entre Rios,2,1,0,0,1,0,0,,S/D,,ROSARIO,Rosario,Asfalto,S/D,II,S/D,Urbana,S/D,Funciona,Intersección,Bueno,Buena,Diurna,S/D,S/D,S/D,Atropello,S/D,S/D,S/D,S/D,error,"['Mitre', 'Entre Ríos']",2,error,,,,,,,,,,
2012,8552,2012-06-15,Viernes,0.0,20:30:00,,0.0,2,"Bicicleta,Moto/Ciclomotor", ,3,2,0,0,1,0,0,,S/D,,ROSARIO,Rosario,S/D,S/D,II,S/D,S/D,S/D,S/D,Recta,S/D,S/D,S/D,S/D,S/D,S/D,Atropello,S/D,S/D,S/D,S/D,,[''],0,,,,,,,,,,,
2012,8555,2012-06-14,Jueves,0.0,12:00:00,,0.0,2,"Peatón,Pickup/Utilitario",Tte.Agneta 1100,2,1,0,0,1,0,0,,Calle,,ROSARIO,Rosario,Asfalto,No existe,II,Dentro,Urbana,Ninguna,No existe,Recta,Bueno,Buena,Diurna,S/D,S/D,S/D,Atropello,S/D,Horizontal,Ninguna,S/D,no funciono,['Tenienteagneta 1100'],1,Tenienteagneta 1100,,,,,,,,,,
2012,8584,2012-06-10,Domingo,0.0,18:20:00,,0.0,1,Moto/Ciclomotor,Circunvalación Av. 25 de Mayo 1810,2,1,0,0,1,0,0,,Avenida,,ROSARIO,Rosario,Asfalto,No existe,II,Dentro,Urbana,Ninguna,Funciona,Recta,Bueno,Buena,Diurna,Buen Tiempo,Otro,S/D,Otro,Otro,Faltante,Ninguna,Sin restricción,no funciono,['Circunvalación 25 De Mayo 1810'],1,Circunvalación 25 De Mayo 1810,,,,,,,,,,
2012,8591,2012-06-17,Domingo,0.0,,,0.0,2,"Peatón,Moto/Ciclomotor",Pte.Roca 1238,2,1,0,0,1,0,0,,S/D,,ROSARIO,Rosario,Asfalto,S/D,II,S/D,Urbana,S/D,S/D,S/D,Bueno,Buena,Diurna,Buen Tiempo,S/D,S/D,Atropello,S/D,S/D,S/D,S/D,no funciono,['Presidenteroca 1238'],1,Presidenteroca 1238,,,,,,,,,,
2012,8628,2012-06-02,Sabado,0.0,,,0.0,2,"Moto/Ciclomotor,Automóvil",Cordoba Y Pascual Rosas,2,1,0,0,1,0,0,,Calle,,ROSARIO,Rosario,Asfalto,S/D,II,Dentro,Urbana,S/D,S/D,Intersección,S/D,S/D,S/D,S/D,S/D,S/D,Colisión,S/D,S/D,Cordón divisorio,S/D,error,"['Córdoba', 'Pascual Rosas']",2,error,,,,,,,,,,
2012,8657,2012-06-17,Domingo,0.0,21:30:00,,0.0,2,"Automóvil,Automóvil",Av. Illia Y Mariano Moreno,3,2,0,0,1,0,0,,Calle,,ROSARIO,Rosario,Asfalto,Pavimento,II,Dentro,Urbana,Semáforo,Funciona,Intersección,Bueno,Buena,Nocturna,S/D,Frontal,S/D,Colisión,S/D,Vertical,Ninguna,S/D,error,"['Illia', 'Mariano Moreno']",2,error,,,,,,,,,,
2012,8686,2012-06-09,Sabado,0.0,16:30:00,,0.0,2,"Moto/Ciclomotor,Automóvil",Baigorria Y Bv. Bouchard,2,1,0,0,1,0,0,,Avenida,,ROSARIO,Rosario,Asfalto,No existe,II,Dentro,Urbana,Ninguna,No existe,Curva,Bueno,Buena,Diurna,Buen Tiempo,Frontal,S/D,Colisión,Otro,Faltante,Ninguna,Sin restricción,error,"['Baigorria', 'Bouchard']",2,error,,,,,,,,,,
2012,8707,2012-06-22,Viernes,0.0,21:15:00,,0.0,2,"Moto/Ciclomotor,Pickup/Utilitario",COLECTORA CARRIL SUR-NORTE  ,3,2,0,0,1,0,0,,Calle,,ROSARIO,Rosario,Asfalto,Natural,II,Dentro,Urbana,Otra Señal,No existe,Curva,Bueno,Buena,Con luz artificial,Buen Tiempo,Frontal,S/D,Colisión,Material Suelto,Vertical,S/D,S/D,no funciono,['Colectora Carril Sur-norte'],1,Colectora Carril Sur-norte,,,,,,,,,,
2012,8784,2012-06-04,Lunes,0.0,19:05:00,,0.0,1,Moto/Ciclomotor,Servando Bayo Y Iriondo,2,2,0,0,0,0,0,,Calle,,ROSARIO,Rosario,Asfalto,S/D,II,Dentro,Urbana,Ninguna,No existe,Intersección,Bueno,Buena,Atardecer,Buen Tiempo,S/D,S/D,"Caída ocupante,Despiste",S/D,Faltante,Ninguna,Sin restricción,error,"['Servando Bayo', 'Iriondo']",2,error,,,,,,,,,,
2012,9044,2012-07-15,Domingo,0.0,06:15:00,,0.0,2,"Automóvil,Taxi/Remis",Av. Belgrano Y Tucuman,3,0,2,0,1,0,0,,Avenida,,ROSARIO,Rosario,Asfalto,No existe,II,Dentro,Urbana,S/D,S/D,Intersección,Bueno,Buena,Amanecer,Buen Tiempo,Lateral,S/D,Colisión,S/D,S/D,S/D,Sin restricción,error,"['Belgrano', 'Tucumán']",2,error,,,,,,,,,,
2012,9131,2012-07-04,Miercoles,0.0,,,0.0,2,"Moto/Ciclomotor,Moto/Ciclomotor",Cordoba Y Alvear,2,1,0,0,0,0,1,,Calle,,ROSARIO,Rosario,Asfalto,S/D,II,Dentro,Urbana,S/D,S/D,Intersección,Bueno,S/D,S/D,Buen Tiempo,Otro,S/D,Colisión,S/D,S/D,S/D,S/D,error,"['Córdoba', 'Alvear']",2,error,,,,,,,,,,
2012,9248,2012-09-25,Martes,0.0,12:35:00,,0.0,2,"Moto/Ciclomotor,Pickup/Utilitario",Colectora 25 de Mayoo 1900b,3,1,0,0,1,1,0,,Calle,,ROSARIO,Rosario,Hormigón,Natural,II,Dentro,Urbana,S/D,S/D,Recta,Bueno,Buena,Diurna,S/D,S/D,S/D,Colisión,S/D,S/D,S/D,S/D,no funciono,['Colectora 25 De Mayoo 1900b'],1,Colectora 25 De Mayoo 1900b,,,,,,,,,,
2012,9282,2012-07-25,Miercoles,0.0,22:00:00,,0.0,2,"Automóvil,Bicicleta",Av. Provincias Unidas Y Mendoza,3,1,0,0,2,0,0,,Avenida,,ROSARIO,Rosario,Asfalto,No existe,II,Dentro,Urbana,S/D,Funciona,Intersección,Bueno,Buena,Nocturna,Buen Tiempo,Otro,S/D,Atropello,S/D,Faltante,S/D,S/D,error,"['Avenida Provincias Unidas', 'Mendoza']",2,error,,,,,,,,,,
2012,9295,2012-07-16,Lunes,0.0,18:00:00,,0.0,2,"Bicicleta,Automóvil",Olavarria Bis Y Oliva,2,1,0,0,1,0,0,,Calle,,ROSARIO,Rosario,Asfalto,No existe,II,Dentro,Urbana,S/D,No existe,Intersección,Bueno,Buena,Diurna,Buen Tiempo,Lateral,S/D,Colisión,S/D,Faltante,S/D,Sin restricción,error,"['Olavarría', 'Olivé']",2,error,,,,,,,,,,
2012,9332,2012-07-30,Lunes,0.0,10:00:00,,0.0,2,"Automóvil,Automóvil",Italia Y Dorrego,2,1,0,0,1,0,0,,Calle,,ROSARIO,Rosario,Asfalto,S/D,II,Dentro,Urbana,S/D,S/D,Recta,Bueno,Buena,Diurna,Buen Tiempo,Otro,S/D,Colisión,S/D,S/D,S/D,Sin restricción,error,"['Italia', 'Dorrego']",2,error,,,,,,,,,,
2012,9336,2012-07-16,Lunes,0.0,11:00:00,,0.0,2,"Automóvil,Otros",Necochea Y Molina,3,1,0,0,1,0,1,,Calle,,ROSARIO,Rosario,Asfalto,S/D,II,Dentro,Urbana,S/D,S/D,Intersección,Bueno,Buena,Diurna,Buen Tiempo,Lateral,S/D,Colisión,S/D,S/D,S/D,Sin restricción,error,"['Necochea', 'Molina']",2,error,,,,,,,,,,
2012,9337,2012-07-12,Jueves,0.0,16:20:00,,0.0,2,"Moto/Ciclomotor,Automóvil",Iturraspe Y Necochea,2,1,0,0,1,0,0,,Calle,,ROSARIO,Rosario,Asfalto,S/D,II,Dentro,Urbana,S/D,S/D,Intersección,Bueno,Buena,Diurna,Buen Tiempo,Lateral,S/D,Colisión,S/D,S/D,S/D,Sin restricción,error,"['Iturraspe', 'Necochea']",2,error,,,,,,,,,,
2012,9341,2012-07-20,Viernes,0.0,19:30:00,,0.0,2,"Peatón,Otros",puente colgante ,2,1,0,0,0,0,1,,S/D,,ROSARIO,Rosario,Asfalto,S/D,I,Dentro,Urbana,S/D,S/D,Recta,Bueno,Buena,Nocturna,Buen Tiempo,S/D,S/D,Atropello,S/D,S/D,S/D,Sin restricción,no funciono,['Puente Colgante'],1,Puente Colgante,,,,,,,,,,
2012,9438,2012-10-07,Domingo,0.0,02:50:00,,0.0,1,Automóvil,Estados Unidos Y Colectora,5,1,2,0,0,1,1,,Calle,,ROSARIO,Rosario,Asfalto,Natural,II,Fuera,Urbana,Ninguna,No existe,Distribuidor,Bueno,Reducida,Nocturna,Lluvia,Contra objeto fijo,S/D,Colisión,Agua,S/D,Guardarrail,Sin restricción,ppal calles no encontradas,"['Avenida 25 De Mayo', 'Colectora']",2,error,,,,,,,,,,
2012,9613,2012-07-01,Domingo,0.0,14:10:00,,0.0,2,"Automóvil,Automóvil",Ricchieri Bis Y Av. Del Valle,3,2,0,0,1,0,0,,Calle,,ROSARIO,Rosario,Arena,No existe,II,S/D,Urbana,Ninguna,No existe,Recta,Bueno,Buena,Diurna,Otro,Frontal,S/D,Colisión,Otro,Horizontal,Ninguna,Sin restricción,error,"['Ricchieri', 'Del Valle']",2,error,,,,,,,,,,
2012,9638,2012-07-01,Domingo,0.0,15:00:00,,0.0,2,"Moto/Ciclomotor,Automóvil",VELEZ SARFIELD Y AV. SABIN,3,2,0,0,1,0,0,,Calle,,ROSARIO,Rosario,Asfalto,Pavimento,II,Dentro,Rural,Semáforo,Funciona,Intersección,Bueno,Buena,Diurna,Buen Tiempo,Lateral,S/D,Colisión,S/D,Horizontal,Cordón divisorio,S/D,error,"['Vélez Sarfield', 'Avenida Travesía Albert Sabin']",2,error,,,,,,,,,,
2012,9640,2012-07-05,Jueves,0.0,,,0.0,2,"Automóvil,Automóvil", ,5,5,0,0,0,0,0,,Calle,,ROSARIO,Rosario,Asfalto,S/D,II,Dentro,Urbana,S/D,S/D,Intersección,S/D,S/D,S/D,S/D,S/D,S/D,Colisión,S/D,S/D,Cordón divisorio,S/D,,[''],0,,,,,,,,,,,
2012,9648,2012-07-06,Viernes,0.0,,,0.0,2,"Moto/Ciclomotor,Automóvil", ,2,1,0,0,0,0,1,,S/D,,ROSARIO,Rosario,Asfalto,S/D,II,S/D,S/D,S/D,S/D,Intersección,S/D,S/D,S/D,S/D,S/D,S/D,Colisión,S/D,S/D,Cordón divisorio,S/D,,[''],0,,,,,,,,,,,
2012,9651,2012-07-03,Martes,0.0,17:30:00,,0.0,2,"Moto/Ciclomotor,Automóvil",libano Y siria,2,0,1,0,1,0,0,,Calle,,ROSARIO,Rosario,Asfalto,No existe,II,Dentro,Urbana,Ninguna,No existe,Intersección,Bueno,Buena,Diurna,Buen Tiempo,Lateral,S/D,Colisión,S/D,Faltante,Ninguna,Sin restricción,error,"['Libano', 'Siripo']",2,error,,,,,,,,,,
2012,9654,2012-07-09,Lunes,0.0,,,0.0,2,"Moto/Ciclomotor,Automóvil",Cordoba Y Valparaiso,4,2,0,0,2,0,0,,Calle,,ROSARIO,Rosario,Asfalto,S/D,II,Dentro,Urbana,S/D,S/D,Intersección,S/D,S/D,S/D,S/D,S/D,S/D,Colisión,S/D,S/D,Cordón divisorio,S/D,error,"['Córdoba', 'Valparaíso']",2,error,,,,,,,,,,
2012,9659,2012-07-09,Lunes,0.0,15:40:00,,0.0,2,"Automóvil,Moto/Ciclomotor",TRAVESIA Y SORRENTO,3,1,0,0,2,0,0,,Avenida,,ROSARIO,Rosario,Asfalto,No existe,II,S/D,S/D,Semáforo,Funciona,Intersección,Bueno,Buena,Diurna,Buen Tiempo,Frontal,S/D,Colisión,S/D,Faltante,Ninguna,Sin restricción,error,"['Avenida Travesía Albert Sabin', 'Sorrento']",2,error,,,,,,,,,,
2012,9669,2012-07-11,Miercoles,0.0,12:10:00,,0.0,2,"Automóvil,Moto/Ciclomotor",DARRAGUEIRA Y BRAILE,2,1,0,0,1,0,0,,Calle,,ROSARIO,Rosario,Asfalto,No existe,II,S/D,Urbana,Ninguna,No existe,Intersección,Bueno,Buena,Diurna,Buen Tiempo,Lateral,S/D,Colisión,Otro,Faltante,Ninguna,Sin restricción,error,"['José Darragueira', 'Braile']",2,error,,,,,,,,,,
2012,9670,2012-07-11,Miercoles,0.0,,,0.0,2,"Moto/Ciclomotor,Automóvil",Pueyrredon A Y Muñiz Bis,2,1,0,0,1,0,0,,Calle,,ROSARIO,Rosario,Asfalto,S/D,II,Dentro,Urbana,S/D,S/D,Intersección,S/D,S/D,S/D,S/D,S/D,S/D,Colisión,S/D,S/D,Cordón divisorio,S/D,error,"['Pueyrredón', 'Muñiz']",2,error,,,,,,,,,,