anio_acci,nro_acci,fecha,desc_dia,fecha_aprox,hora_aprox,desc_ruta,km,cant_participantes,desc_participante,calle_avenida_km,total,heridos_leves,heridos_graves,heridos_gravisimos,ilesos,fallecidos,sin_datos,posicion_XY,desc_tipo_via,desc_ruta_ori,desc_loc,desc_dpto,desc_tipo_calzada,desc_tipo_banquina,desc_unidad_regional,desc_lugar_calzada,desc_zona,desc_prioridad,desc_estado_semaforo,desc_lugar_via,desc_estado_via,desc_estado_visibilidad,desc_luminosidad,desc_estado_clima,desc_tipo_colision,desc_tipo_atropello,desc_tipo_hecho,desc_pres_calzada,desc_senializacion,desc_separacion_via,desc_restriccion,forma_geocod,calle_lista,numero_calles,calles_osm,lat,lon,index_right,gid,fna,gna,nam,in1,fdc,sag
2011,9678,2011-12-18,Domingo,0.0,,,0.0,2,"Automóvil,Pickup/Utilitario",Cordoba Y Parana,5,4,0,0,1,0,0,,Calle,,ROSARIO,Rosario,Asfalto,S/D,II,Dentro,Urbana,S/D,S/D,Intersección,S/D,S/D,S/D,S/D,S/D,S/D,Colisión,S/D,S/D,Cordón divisorio,S/D,error,"['Córdoba', 'Paraná']",2,error,,,,,,,,,,
2012,9763,2012-07-14,Sabado,0.0,05:40:00,,0.0,2,"Moto/Ciclomotor,Automóvil",CARRASCO Y VILA,2,1,0,0,0,0,1,,Calle,,ROSARIO,Rosario,Asfalto,S/D,II,S/D,Urbana,S/D,S/D,Recta,Bueno,Buena,S/D,S/D,De alcance,S/D,Colisión,S/D,S/D,S/D,S/D,error,"['Carrasco', 'Vila']",2,error,,,,,,,,,,
2012,9769,2012-07-16,Lunes,0.0,17:50:00,,0.0,2,"Automóvil,Moto/Ciclomotor",Maestro Massa Y Ricardo Nuñez,3,2,0,0,1,0,0,,Calle,,ROSARIO,Rosario,Hormigón,No existe,II,S/D,Urbana,Ninguna,No existe,Intersección,Bueno,Buena,Diurna,Buen Tiempo,Lateral,S/D,Colisión,Otro,Vertical,Ninguna,Sin restricción,error,"['Maestro Massa', 'Ricardo Nuñez']",2,error,,,,,,,,,,
2012,9772,2012-07-20,Viernes,0.0,17:10:00,,0.0,2,"Moto/Ciclomotor,Automóvil",Av. Pellegrini Y Sanchez de Bustamante C,2,1,0,0,1,0,0,,Avenida,,ROSARIO,Rosario,Asfalto,No existe,II,Dentro,Urbana,S/D,S/D,Intersección,S/D,S/D,Diurna,S/D,S/D,S/D,S/D,S/D,S/D,Cordón divisorio,S/D,error,"['Pellegrini', 'Sánchez de Bustamante']",2,error,,,,,,,,,,
2012,9773,2012-07-16,Lunes,0.0,,,0.0,2,"Camión,Pickup/Utilitario",Bv. Rondeau Y Av. Circunvalacion,3,2,0,0,1,0,0,,S/D,,ROSARIO,Rosario,Asfalto,No existe,II,S/D,Urbana,Semáforo,Funciona,Intersección,Bueno,Buena,Diurna,Buen Tiempo,Lateral,S/D,Colisión,Otro,Vertical,Ninguna,Sin restricción,error,"['Rondeau', 'Circunvalacion']",2,error,,,,,,,,,,
2012,9774,2012-07-19,Jueves,0.0,,,0.0,3,"Automóvil,Pickup/Utilitario,Automóvil", ,3,1,0,0,2,0,0,,Calle,,ROSARIO,Rosario,Asfalto,S/D,II,Dentro,Urbana,S/D,S/D,Intersección,S/D,S/D,S/D,S/D,S/D,S/D,S/D,S/D,S/D,Cordón divisorio,S/D,,[''],0,,,,,,,,,,,
2012,9778,2012-07-22,Domingo,0.0,17:30:00,,0.0,3,"Pickup/Utilitario,Moto/Ciclomotor,Moto/Ciclomotor",BV. RONDEAU Y COLECTORA,7,6,0,0,1,0,0,,Avenida,,ROSARIO,Rosario,Hormigón,No existe,II,S/D,Urbana,Semáforo,Funciona,Intersección,Bueno,Buena,Diurna,Buen Tiempo,Lateral,S/D,Colisión,Otro,Vertical,Cordón divisorio,Sin restricción,error,"['Rondeau', 'Colectora']",2,error,,,,,,,,,,
2012,9799,2012-07-07,Sabado,0.0,11:30:00,,0.0,2,"Bicicleta,Automóvil",Magallanes Y Cordoba,2,1,0,0,1,0,0,,Calle,,ROSARIO,Rosario,Asfalto,No existe,II,S/D,Urbana,Semáforo,Funciona,Intersección,Bueno,Buena,Diurna,S/D,Contra objeto fijo,S/D,Atropello,S/D,Horizontal,Cordón divisorio,Sin restricción,error,"['Magallanes', 'Córdoba']",2,error,,,,,,,,,,
2012,9816,2012-07-04,Miercoles,0.0,12:00:00,,0.0,2,"Bicicleta,Automóvil", ,3,2,0,0,1,0,0,,S/D,,ROSARIO,Rosario,Asfalto,No existe,II,S/D,S/D,Ninguna,No existe,Recta,Bueno,Buena,Diurna,Buen Tiempo,De alcance,S/D,"Colisión,Atropello",S/D,Horizontal,Ninguna,Sin restricción,,[''],0,,,,,,,,,,,
2012,9822,2012-07-19,Jueves,0.0,21:00:00,,0.0,2,"Moto/Ciclomotor,Automóvil",Tupac Amaru Y Arevalo,2,1,0,0,1,0,0,,Calle,,ROSARIO,Rosario,Asfalto,S/D,II,S/D,Urbana,S/D,S/D,Recta,Bueno,S/D,Nocturna,S/D,S/D,S/D,Colisión,S/D,S/D,S/D,S/D,error,"['Tupac Amaru', 'Arévalo']",2,error,,,,,,,,,,
2012,9890,2012-07-25,Miercoles,0.0,07:20:00,,0.0,2,"Moto/Ciclomotor,Transporte de Pasajeros Urbano (> 8 asientos)", ,3,2,0,0,1,0,0,,S/D,,ROSARIO,Rosario,S/D,S/D,II,S/D,S/D,S/D,S/D,S/D,S/D,S/D,S/D,S/D,S/D,S/D,S/D,S/D,S/D,S/D,S/D,,[''],0,,,,,,,,,,,
2012,9932,2012-07-13,Viernes,0.0,22:50:00,,0.0,2,"Automóvil,Automóvil",Bv. Oroño Y Av. Battle y Ordoñez,3,1,0,0,2,0,0,,Avenida,,ROSARIO,Rosario,Asfalto,No existe,II,Dentro,Urbana,Semáforo,Funciona,Intersección,Bueno,Buena,Nocturna,Buen Tiempo,Lateral,S/D,Colisión,S/D,Vertical,Cordón divisorio,Sin restricción,error,"['Bulevar Nicasio Oroño', 'Avenida Battle y Ordoñez']",2,error,,,,,,,,,,
2012,9940,2012-07-30,Lunes,0.0,18:30:00,,0.0,2,"Bicicleta,Automóvil",CENTENO Y COLECTORA,2,1,0,0,1,0,0,,Calle,,ROSARIO,Rosario,Asfalto,No existe,II,Dentro,Urbana,Marca Vial,No existe,Intersección,Bueno,Buena,"Atardecer,Con luz artificial",Buen Tiempo,Lateral,S/D,Atropello,Otro,S/D,Ninguna,Sin restricción,error,"['Centeno', 'Colectora']",2,error,,,,,,,,,,
2012,9982,2012-07-04,Miercoles,0.0,07:35:00,,0.0,2,"Tracción animal / Carro,Moto/Ciclomotor",SAN MARTIN Y ARROYO SALADILLO,2,1,0,0,0,0,1,,Avenida,,ROSARIO,Rosario,S/D,S/D,II,Dentro,Urbana,S/D,S/D,S/D,S/D,S/D,S/D,S/D,S/D,S/D,S/D,S/D,S/D,S/D,S/D,error,"['San Martin', 'Saladillo']",2,error,,,,,,,,,,
2012,9984,2012-07-07,Sabado,0.0,14:50:00,,0.0,2,"Otros,Pickup/Utilitario",Pago de los Arroyos Y Platon,2,1,0,0,1,0,0,,S/D,,ROSARIO,Rosario,S/D,S/D,II,Dentro,Urbana,S/D,S/D,Recta,S/D,S/D,Diurna,S/D,S/D,S/D,Colisión,S/D,S/D,S/D,S/D,error,"['Pago de los Arroyos', 'Platón']",2,error,,,,,,,,,,
2012,10003,2012-07-05,Jueves,0.0,13:15:00,,0.0,2,"Automóvil,Automóvil",Pje. Coffin Y Ricchieri,2,1,0,0,1,0,0,,Calle,,ROSARIO,Rosario,Asfalto,S/D,II,Dentro,Urbana,S/D,S/D,Intersección,Bueno,Buena,Diurna,Buen Tiempo,S/D,S/D,Colisión,S/D,S/D,S/D,S/D,error,"['Coffin', 'Ricchieri']",2,error,,,,,,,,,,
2012,10075,2012-06-29,Viernes,0.0,16:40:00,,0.0,2,"Automóvil,Moto/Ciclomotor",Mitre Y Juarez Celman,3,2,0,0,1,0,0,,Calle,,ROSARIO,Rosario,Asfalto,No existe,II,Dentro,Urbana,Ninguna,No existe,Recta,Bueno,Buena,"Diurna,Con luz artificial",Buen Tiempo,Lateral,S/D,Colisión,S/D,Faltante,Ninguna,Sin restricción,error,"['Mitre', 'Juárez Celman']",2,error,,,,,,,,,,
2012,10076,2012-07-15,Domingo,0.0,,,0.0,2,"Taxi/Remis,Automóvil",Viraro Y Pte.Roca,3,1,0,0,1,0,1,,Calle,,ROSARIO,Rosario,Asfalto,S/D,II,Dentro,Urbana,S/D,S/D,Recta,Bueno,Buena,S/D,S/D,Lateral,S/D,S/D,S/D,S/D,S/D,S/D,error,"['Viraro', 'Roca']",2,error,,,,,,,,,,
2012,10090,2012-07-23,Lunes,0.0,13:45:00,,0.0,2,"Moto/Ciclomotor,Taxi/Remis", ,2,1,0,0,1,0,0,,Calle,,ROSARIO,Rosario,Asfalto,S/D,II,Dentro,Urbana,S/D,S/D,Recta,Bueno,Buena,Diurna,S/D,Lateral,S/D,Colisión,S/D,S/D,S/D,S/D,,[''],0,,,,,,,,,,,
2012,10221,2012-07-19,Jueves,0.0,,,0.0,2,"Moto/Ciclomotor,Automóvil",Chaco Bis Y Checoslovaquia,2,1,0,0,1,0,0,,Calle,,ROSARIO,Rosario,Asfalto,No existe,II,Dentro,Urbana,Policía de tránsito,No existe,Intersección,Bueno,Buena,S/D,Otro,Lateral,S/D,Colisión,S/D,S/D,Ninguna,Sin restricción,error,"['Chaco', 'Checoslovaquia']",2,error,,,,,,,,,,
2012,10228,2012-07-24,Martes,0.0,17:00:00,,0.0,2,"Peatón,Moto/Ciclomotor",ORSETTI Y SANTA FE,2,2,0,0,0,0,0,,Calle,,ROSARIO,Rosario,Asfalto,Pavimento,II,Dentro,Urbana,Ninguna,Intermitente,Recta,Bueno,Buena,Diurna,Buen Tiempo,Frontal,S/D,Atropello,S/D,Horizontal,Ninguna,Sin restricción,error,"['Ambrosetti', 'Santa Fe']",2,error,,,,,,,,,,
2012,10281,2012-07-28,Sabado,0.0,19:00:00,,0.0,2,"Moto/Ciclomotor,Moto/Ciclomotor", ,3,2,0,0,1,0,0,,Calle,,ROSARIO,Rosario,Tierra,No existe,II,Dentro,S/D,Ninguna,No existe,Intersección,Bueno,Buena,Diurna,Buen Tiempo,Frontal,S/D,Colisión,S/D,Faltante,Ninguna,S/D,,[''],0,,,,,,,,,,,
2012,10283,2012-07-28,Sabado,0.0,19:40:00,,0.0,2,"Peatón,Moto/Ciclomotor",CHARCAS Y EVA PERON,2,0,1,0,1,0,0,,Calle,,ROSARIO,Rosario,Asfalto,No existe,II,Dentro,Urbana,Ninguna,No existe,Intersección,Bueno,Buena,Nocturna,Buen Tiempo,Frontal,S/D,Colisión,S/D,Horizontal,Cordón divisorio,S/D,error,"['Charcas', 'Avenida Eva Perón']",2,error,,,,,,,,,,
2012,10284,2012-07-29,Domingo,0.0,20:00:00,,0.0,2,"Moto/Ciclomotor,Automóvil",SILVESTRE BEGNIS Y BUENOS AIRES,3,1,1,0,1,0,0,,Calle,,ROSARIO,Rosario,Asfalto,S/D,II,Dentro,Urbana,S/D,S/D,Intersección,Bueno,Buena,Con luz artificial,Buen Tiempo,Lateral,S/D,Colisión,S/D,S/D,S/D,Sin restricción,ppal calles no encontradas,"['Silvestre Begnis', 'Buenos Aires']",2,error,,,,,,,,,,
2012,10286,2012-07-08,Domingo,0.0,19:00:00,,0.0,1,, ,3,1,0,0,2,0,0,,Calle,,ROSARIO,Rosario,Asfalto,No existe,II,Dentro,Urbana,Ninguna,No existe,Intersección,Bueno,Buena,Diurna,Otro,Lateral,S/D,Colisión,Otro,Faltante,Ninguna,Sin restricción,,[''],0,,,,,,,,,,,
2012,10289,2012-07-29,Domingo,0.0,16:30:00,,0.0,2,"Automóvil,Automóvil",SAN MARTIN Y ORSETTI,3,2,0,0,1,0,0,,Avenida,,ROSARIO,Rosario,Asfalto,S/D,II,Dentro,Urbana,Semáforo,S/D,Recta,Bueno,S/D,S/D,Buen Tiempo,Otro,S/D,Colisión,S/D,Vertical,Ninguna,Sin restricción,error,"['San Martin', 'Ambrosetti']",2,error,,,,,,,,,,
2012,10317,2012-07-31,Martes,1.0,17:25:00,,0.0,2,"Moto/Ciclomotor,Automóvil",Micheletti Y Pje. Cuzco,3,2,0,0,1,0,0,,Calle,,ROSARIO,Rosario,Asfalto,Natural,II,Dentro,Urbana,Ninguna,No existe,Intersección,Con baches,Buena,Diurna,Buen Tiempo,Frontal,S/D,Colisión,S/D,S/D,Ninguna,Sin restricción,error,"['Micheletti', 'Cuzco']",2,error,,,,,,,,,,
2012,10475,2012-07-22,Domingo,0.0,19:30:00,,0.0,2,"Moto/Ciclomotor,Automóvil",San Martin Y Pje. 505,2,1,0,0,1,0,0,,Calle,,ROSARIO,Rosario,S/D,S/D,II,Dentro,Urbana,S/D,S/D,Recta,S/D,S/D,Nocturna,S/D,S/D,S/D,Colisión,S/D,S/D,S/D,S/D,error,"['San Martin', 'Calle 505']",2,error,,,,,,,,,,
2012,10496,2012-07-07,Sabado,0.0,20:15:00,,0.0,2,"Automóvil,Moto/Ciclomotor",BORDABEHRE Y PJE. DECRETADO,3,1,0,0,2,0,0,,Calle,,ROSARIO,Rosario,Asfalto,No existe,II,S/D,Urbana,S/D,No existe,Intersección,Bueno,S/D,Atardecer,S/D,Lateral,S/D,Colisión,S/D,Faltante,Ninguna,Sin restricción,error,"['Bordabhere', 'Decretada']",2,error,,,,,,,,,,
2012,10500,2012-07-13,Viernes,0.0,15:00:00,,0.0,2,"Moto/Ciclomotor,Moto/Ciclomotor", ,2,0,1,0,0,0,1,,Calle,,ROSARIO,Rosario,Asfalto,No existe,II,Dentro,Urbana,Ninguna,No existe,Recta,Bueno,S/D,Diurna,Buen Tiempo,S/D,S/D,Colisión,S/D,Horizontal,Ninguna,S/D,,[''],0,,,,,,,,,,,
2012,10529,2012-07-24,Martes,0.0,14:30:00,,0.0,2,"Automóvil,Automóvil",Bv. 27 De Febrero Y Av. Pte.Peron,2,1,0,0,1,0,0,,Avenida,,ROSARIO,Rosario,Asfalto,No existe,II,Dentro,Urbana,Otra Señal,Funciona,Intersección,Bueno,Buena,Diurna,Buen Tiempo,De alcance,S/D,Colisión,S/D,Horizontal,S/D,Sin restricción,error,"['27 de Febrero', 'Avenida Presidente Perón']",2,error,,,,,,,,,,
2012,10622,2012-07-03,Martes,0.0,09:00:00,,0.0,2,"Automóvil,Camión",Ayolas Y Bv. Oroño,2,1,0,0,1,0,0,,Calle,,ROSARIO,Rosario,Asfalto,No existe,II,Dentro,Urbana,S/D,S/D,Intersección,S/D,S/D,S/D,S/D,Frontal,S/D,Colisión,S/D,S/D,Ninguna,S/D,error,"['Ayolas', 'Bulevar Nicasio Oroño']",2,error,,,,,,,,,,
2012,10715,2012-07-12,Jueves,0.0,,,0.0,2,"Moto/Ciclomotor,Automóvil",Pte.Roca 4300,2,1,0,0,1,0,0,,Calle,,ROSARIO,Rosario,Asfalto,Pavimento,II,Dentro,Urbana,Ninguna,No existe,Recta,Bueno,Buena,Atardecer,S/D,Lateral,S/D,Colisión,S/D,S/D,Ninguna,S/D,no funciono,['Presidenteroca 4300'],1,Presidenteroca 4300,,,,,,,,,,
2012,10730,2012-07-15,Domingo,0.0,19:50:00,,0.0,2,"Automóvil,Moto/Ciclomotor",Uruguay Y Sarmiento,2,1,0,0,1,0,0,,Calle,,ROSARIO,Rosario,Asfalto,No existe,II,Dentro,Urbana,S/D,S/D,Intersección,Otro,S/D,S/D,S/D,Lateral,S/D,Colisión,S/D,S/D,Ninguna,Sin restricción,error,"['Uruguay', 'Sarmiento']",2,error,,,,,,,,,,
2012,10795,2012-08-12,Domingo,0.0,13:20:00,,0.0,2,"Automóvil,Moto/Ciclomotor",Cereseto Y Bv. Avellaneda,3,1,0,0,1,0,1,,Avenida,,ROSARIO,Rosario,Asfalto,S/D,II,Dentro,Urbana,S/D,S/D,Intersección,Bueno,Buena,Diurna,Buen Tiempo,S/D,S/D,Colisión,S/D,S/D,S/D,Sin restricción,error,"['Cereseto', 'Avellaneda']",2,error,,,,,,,,,,
2012,10834,2012-08-04,Sabado,0.0,21:40:00,,0.0,2,"Automóvil,Moto/Ciclomotor", ,2,1,0,0,1,0,0,,Calle,,ROSARIO,Rosario,Asfalto,No existe,II,Dentro,Urbana,S/D,No existe,Intersección,Bueno,Buena,Diurna,Buen Tiempo,S/D,S/D,Colisión,S/D,Faltante,S/D,Sin restricción,,[''],0,,,,,,,,,,,
2012,10836,2012-08-05,Domingo,0.0,02:00:00,,0.0,2,"Automóvil,Automóvil",Entre Rios Y Pisco,2,2,0,0,0,0,0,,Calle,,ROSARIO,Rosario,Asfalto,S/D,II,Dentro,Urbana,S/D,S/D,Intersección,Bueno,Buena,Nocturna,Buen Tiempo,Lateral,S/D,Colisión,S/D,Faltante,S/D,Sin restricción,error,"['Entre Ríos', 'Pisco']",2,error,,,,,,,,,,
2012,10843,2012-08-07,Martes,0.0,22:30:00,,0.0,2,"Bicicleta,Automóvil",Pisco Y España,2,1,0,0,1,0,0,,Calle,,ROSARIO,Rosario,Asfalto,No existe,II,Dentro,Urbana,S/D,No existe,Intersección,Bueno,Buena,Nocturna,Buen Tiempo,S/D,S/D,Atropello,S/D,S/D,S/D,Sin restricción,error,"['Pisco', 'España']",2,error,,,,,,,,,,
2012,10845,2012-07-22,Domingo,0.0,19:30:00,,0.0,2,"Automóvil,Bicicleta",Uruguay Y Sarmiento,2,1,0,0,1,0,0,,Calle,,ROSARIO,Rosario,Asfalto,No existe,II,Dentro,Urbana,Ninguna,S/D,Intersección,S/D,S/D,S/D,S/D,S/D,S/D,Atropello,S/D,S/D,Ninguna,Sin restricción,error,"['Uruguay', 'Sarmiento']",2,error,,,,,,,,,,
2012,10857,2012-08-08,Miercoles,0.0,14:00:00,,0.0,2,"Moto/Ciclomotor,Automóvil",Pte.Roca Y Pisco,3,2,0,0,1,0,0,,Calle,,ROSARIO,Rosario,Asfalto,S/D,II,Dentro,Urbana,S/D,No existe,Intersección,Bueno,Buena,Diurna,Buen Tiempo,Lateral,S/D,Colisión,S/D,Faltante,S/D,Sin restricción,error,"['Roca', 'Pisco']",2,error,,,,,,,,,,
2012,10865,2012-08-12,Domingo,0.0,13:50:00,,0.0,2,"Bicicleta,Automóvil",Virasoro Y F.Frias,2,1,0,0,1,0,0,,Calle,,ROSARIO,Rosario,Asfalto,S/D,II,Dentro,Urbana,S/D,No existe,Intersección,Bueno,Buena,Diurna,Buen Tiempo,Lateral,S/D,Colisión,S/D,S/D,S/D,Sin restricción,error,"['Virasoro', 'Frias']",2,error,,,,,,,,,,
2012,10880,2012-08-21,Martes,0.0,13:30:00,,0.0,2,"Moto/Ciclomotor,Automóvil",Pisco Y Dorrego,3,2,0,0,1,0,0,,Calle,,ROSARIO,Rosario,Asfalto,S/D,II,Dentro,Urbana,S/D,No existe,Intersección,Bueno,Buena,Atardecer,Buen Tiempo,De alcance,S/D,Colisión,S/D,S/D,S/D,Sin restricción,error,"['Pisco', 'Dorrego']",2,error,,,,,,,,,,
2012,10885,2012-08-25,Sabado,0.0,04:00:00,,0.0,2,"Taxi/Remis,Moto/Ciclomotor",Sarmiento Y Iturraspe,2,1,0,0,1,0,0,,Calle,,ROSARIO,Rosario,Asfalto,No existe,II,Dentro,Urbana,S/D,No existe,Intersección,Bueno,Buena,Nocturna,Buen Tiempo,Lateral,S/D,Colisión,S/D,Faltante,S/D,Sin restricción,error,"['Sarmiento', 'Iturraspe']",2,error,,,,,,,,,,
2012,10892,2012-08-15,Miercoles,0.0,20:55:00,,0.0,1,,Mariano Moreno Y Pje. Saravia,3,2,0,0,1,0,0,,Calle,,ROSARIO,Rosario,Asfalto,No existe,II,Dentro,Urbana,S/D,No existe,Intersección,Bueno,Buena,"Nocturna,Con luz artificial",Buen Tiempo,S/D,S/D,Colisión,S/D,Faltante,S/D,Sin restricción,error,"['Mariano Moreno', 'Saravia']",2,error,,,,,,,,,,
2012,10893,2012-08-15,Miercoles,0.0,20:55:00,,0.0,2,"Moto/Ciclomotor,Taxi/Remis",Mariano Moreno Y Pje. Saravia,3,2,0,0,1,0,0,,Calle,,ROSARIO,Rosario,Asfalto,No existe,II,Dentro,Urbana,S/D,No existe,Intersección,Bueno,Buena,"Nocturna,Con luz artificial",Buen Tiempo,S/D,S/D,Colisión,S/D,Faltante,S/D,Sin restricción,error,"['Mariano Moreno', 'Saravia']",2,error,,,,,,,,,,
2012,10897,2012-08-17,Viernes,0.0,15:00:00,,0.0,2,"Moto/Ciclomotor,Automóvil",Flamarion Y Bv. Rondeau,2,1,0,0,1,0,0,,Avenida,,ROSARIO,Rosario,Asfalto,No existe,II,Dentro,Urbana,S/D,No existe,Intersección,Bueno,Buena,Diurna,Buen Tiempo,Lateral,S/D,Colisión,S/D,Faltante,S/D,Sin restricción,error,"['Camilo Flammarion', 'Rondeau']",2,error,,,,,,,,,,
2012,10933,2012-08-13,Lunes,0.0,12:50:00,,0.0,2,"Automóvil,Automóvil",Vuelta De Obligado Y Lamadrid,3,1,0,0,2,0,0,,Calle,,ROSARIO,Rosario,Asfalto,No existe,II,Dentro,Urbana,S/D,No existe,Intersección,Bueno,Buena,Diurna,Buen Tiempo,Lateral,S/D,Colisión,S/D,Faltante,S/D,Sin restricción,error,"['Vuelta de Obligado', 'Lamadrid']",2,error,,,,,,,,,,
2012,10944,2012-08-06,Lunes,0.0,17:35:00,,0.0,2,"Moto/Ciclomotor,Automóvil",Av. Battle y Ordoñez Y Bv. Oroño,2,1,0,0,1,0,0,,Avenida,,ROSARIO,Rosario,Asfalto,No existe,II,Dentro,Urbana,S/D,Funciona,Intersección,Bueno,Buena,Diurna,Buen Tiempo,Lateral,S/D,Colisión,S/D,Vertical,S/D,Sin restricción,error,"['Avenida Battle y Ordoñez', 'Bulevar Nicasio Oroño']",2,error,,,,,,,,,,
2012,11006,2012-08-11,Sabado,0.0,22:35:00,,0.0,2,"Moto/Ciclomotor,Automóvil",San Martin Y Av. Battle y Ordoñez,3,2,0,0,1,0,0,,Avenida,,ROSARIO,Rosario,Asfalto,No existe,II,Dentro,Urbana,S/D,Funciona,Intersección,Bueno,Buena,Nocturna,Buen Tiempo,Otro,S/D,Colisión,S/D,Faltante,S/D,Sin restricción,error,"['San Martin', 'Avenida Battle y Ordoñez']",2,error,,,,,,,,,,
2012,11021,2012-08-25,Sabado,0.0,04:30:00,,0.0,2,"Moto/Ciclomotor,Automóvil",san martin  Y arroyo saladillo,3,0,1,0,1,0,1,,Calle,,ROSARIO,Rosario,Asfalto,No existe,II,Dentro,Urbana,S/D,No existe,Intersección,Bueno,Buena,Diurna,Buen Tiempo,Otro,S/D,Colisión,S/D,Faltante,S/D,Sin restricción,error,"['San Martin', 'Saladillo']",2,error,,,,,,,,,,
2012,11026,2012-08-25,Sabado,0.0,18:40:00,,0.0,1,Moto/Ciclomotor,intendente marcellino  Y pueyrredon ,1,1,0,0,0,0,0,,Calle,,ROSARIO,Rosario,Asfalto,No existe,II,Dentro,Urbana,S/D,No existe,Intersección,Bueno,Buena,Atardecer,Buen Tiempo,Contra objeto fijo,S/D,Colisión,S/D,Faltante,S/D,S/D,ppal calles no encontradas,"['Intendente Marcellino', 'Pueyrredón']",2,error,,,,,,,,,,
2012,11188,2012-08-23,Jueves,0.0,,,0.0,2,"Moto/Ciclomotor,Automóvil", ,2,1,0,0,1,0,0,,S/D,,ROSARIO,Rosario,Asfalto,S/D,II,S/D,S/D,Ninguna,No existe,S/D,Bueno,S/D,S/D,S/D,Lateral,S/D,Colisión,S/D,S/D,Barrera de hormigón,Sin restricción,,[''],0,,,,,,,,,,,
2012,11190,2012-08-11,Sabado,0.0,08:30:00,,0.0,1,Automóvil,bv. 27 de febrero  Y acceso ,2,2,0,0,0,0,0,,Avenida,,ROSARIO,Rosario,Asfalto,No existe,II,Dentro,Urbana,S/D,No existe,Intersección,Bueno,Buena,Diurna,Buen Tiempo,"Contra objeto fijo,Lateral",S/D,Colisión,S/D,Faltante,S/D,Sin restricción,error,"['27 de Febrero', 'Belgrano']",2,error,,,,,,,,,,
2012,11238,2012-08-11,Sabado,0.0,10:40:00,,0.0,2,"Moto/Ciclomotor,Automóvil",Mariano Moreno Y Ayolas,2,1,0,0,1,0,0,,Calle,,ROSARIO,Rosario,Asfalto,Pavimento,II,Dentro,Urbana,Ninguna,No existe,Intersección,Bueno,Buena,Diurna,S/D,Lateral,S/D,Colisión,S/D,S/D,Cordón divisorio,Sin restricción,error,"['Mariano Moreno', 'Ayolas']",2,error,,,,,,,,,,
2012,11243,2012-07-30,Lunes,0.0,16:30:00,,0.0,2,"Automóvil,Automóvil",Bv. Oroño Y Blanqui,2,1,0,0,1,0,0,,Avenida,,ROSARIO,Rosario,Asfalto,Pavimento,II,Dentro,Urbana,Ninguna,No existe,Intersección,Bueno,Buena,Diurna,S/D,De alcance,S/D,Colisión,S/D,S/D,Cordón divisorio,Sin restricción,error,"['Bulevar Nicasio Oroño', 'Blanqui']",2,error,,,,,,,,,,
2012,11247,2012-07-30,Lunes,0.0,21:50:00,,0.0,2,"Camión,Automóvil",Uruguay Y Sarmiento,2,2,0,0,0,0,0,,Calle,,ROSARIO,Rosario,Asfalto,No existe,II,Dentro,Urbana,Ninguna,S/D,Intersección,S/D,S/D,Nocturna,S/D,Lateral,S/D,Colisión,S/D,S/D,S/D,Sin restricción,error,"['Uruguay', 'Sarmiento']",2,error,,,,,,,,,,
2012,11282,2012-08-11,Sabado,0.0,18:30:00,,0.0,2,"Moto/Ciclomotor,Automóvil",Sarmiento Y Uruguay,2,1,0,0,1,0,0,,Calle,,ROSARIO,Rosario,Asfalto,Pavimento,II,Dentro,Urbana,Ninguna,No existe,Intersección,Bueno,Buena,Atardecer,Otro,Lateral,S/D,Colisión,S/D,S/D,Cordón divisorio,Sin restricción,error,"['Sarmiento', 'Uruguay']",2,error,,,,,,,,,,
2012,11297,2012-07-05,Jueves,0.0,15:10:00,,0.0,2,"Automóvil,Moto/Ciclomotor",NN Y NN,2,1,0,0,1,0,0,,Calle,,ROSARIO,Rosario,Asfalto,No existe,II,Dentro,Urbana,Ninguna,No existe,Recta,Bueno,Buena,Atardecer,Buen Tiempo,Frontal,S/D,Colisión,S/D,Vertical,Ninguna,Sin restricción,error,"['Nn', 'Nn']",2,error,,,,,,,,,,
2012,11305,2012-07-07,Sabado,0.0,08:30:00,,0.0,1,Moto/Ciclomotor,AV. PCIAS UNIDAS  300BI,1,1,0,0,0,0,0,,Avenida,,ROSARIO,Rosario,Asfalto,No existe,II,Dentro,Urbana,Ninguna,No existe,Recta,Bueno,Buena,Amanecer,Buen Tiempo,Contra objeto fijo,S/D,Colisión,S/D,Horizontal,Barrera de hormigón,Sin restricción,no funciono,['Provincias Unidas 300bi'],1,Provincias Unidas 300bi,,,,,,,,,,
2012,11313,2012-07-14,Sabado,1.0,14:30:00,,0.0,2,"Automóvil,Automóvil",Av. Argentina Y Acevedo Bis,2,1,0,0,1,0,0,,Avenida,,ROSARIO,Rosario,Asfalto,No existe,II,Dentro,Urbana,Ninguna,No existe,Recta,Bueno,Buena,Atardecer,Buen Tiempo,Frontal,S/D,Colisión,S/D,Horizontal,Ninguna,Sin restricción,error,"['Argentina', 'Acevedo']",2,error,,,,,,,,,,
2012,11316,2012-07-14,Sabado,0.0,11:00:00,,0.0,2,"Automóvil,Moto/Ciclomotor",AV. EVA PERON  Y WILDE,2,0,1,0,1,0,0,,Calle,,ROSARIO,Rosario,Asfalto,No existe,II,Dentro,Urbana,Ninguna,No existe,Curva,Bueno,Buena,Amanecer,S/D,Frontal,S/D,Colisión,S/D,Horizontal,S/D,Sin restricción,error,"['Avenida Eva Perón', 'Bulevar Wilde']",2,error,,,,,,,,,,
2012,11329,2012-08-22,Miercoles,0.0,21:40:00,,0.0,2,"Moto/Ciclomotor,Moto/Ciclomotor",Oliva Y De Angelis Bis,2,2,0,0,0,0,0,,Calle,,ROSARIO,Rosario,Tierra,Natural,II,Dentro,Urbana,Ninguna,No existe,Curva,Bueno,Buena,Nocturna,Buen Tiempo,Lateral,S/D,Colisión,S/D,Faltante,Ninguna,Sin restricción,error,"['Olivé', 'De Ángelis']",2,error,,,,,,,,,,
2012,11336,2012-08-16,Jueves,0.0,21:00:00,,0.0,2,"Moto/Ciclomotor,Peatón",Biedma Y Pte.Quintana,3,1,0,0,1,0,1,,Calle,,ROSARIO,Rosario,Asfalto,Natural,II,Dentro,Urbana,S/D,No existe,Intersección,Bueno,Buena,Nocturna,Buen Tiempo,De alcance,S/D,Colisión,S/D,S/D,S/D,Sin restricción,error,"['Coronel Biedma', 'Quintana']",2,error,,,,,,,,,,
2012,11357,2012-08-27,Lunes,0.0,15:30:00,,0.0,1,Peatón,Olive Y Pje. Turin D,1,0,1,0,0,0,0,,Calle,,ROSARIO,Rosario,Asfalto,S/D,II,Dentro,Urbana,S/D,S/D,Recta,S/D,S/D,S/D,S/D,S/D,S/D,Atropello,S/D,S/D,S/D,S/D,error,"['Olive', 'Turín']",2,error,,,,,,,,,,
2012,11358,2012-08-31,Viernes,0.0,18:00:00,,0.0,2,"Automóvil,Moto/Ciclomotor",Sarmiento Y Casiano Casas,2,1,0,0,1,0,0,,Calle,,ROSARIO,Rosario,Asfalto,S/D,II,Dentro,Urbana,S/D,S/D,Curva,Bueno,S/D,S/D,S/D,S/D,S/D,Colisión,S/D,S/D,S/D,S/D,error,"['Sarmiento', 'Avenida Casiano Casas']",2,error,,,,,,,,,,
2012,11363,2012-07-09,Lunes,0.0,20:00:00,,0.0,2,"Automóvil,Moto/Ciclomotor",Av. Ovidio Lagos Y Andalgala,3,1,0,0,2,0,0,,Avenida,,ROSARIO,Rosario,Asfalto,Pavimento,II,Dentro,Urbana,Marca Vial,S/D,Recta,Bueno,S/D,S/D,Buen Tiempo,Lateral,S/D,Colisión,S/D,Horizontal,Cordón divisorio,S/D,error,"['Avenida Ovidio Lagos', 'Andalgala']",2,error,,,,,,,,,,
2012,11366,2012-07-31,Martes,0.0,07:30:00,,0.0,2,"Moto/Ciclomotor,Automóvil",Sarmiento Y Uruguay,3,2,0,0,1,0,0,,Calle,,ROSARIO,Rosario,Asfalto,Pavimento,II,Dentro,Urbana,Ninguna,No existe,Intersección,Bueno,Buena,Amanecer,S/D,Lateral,S/D,Colisión,S/D,S/D,Cordón divisorio,Sin restricción,error,"['Sarmiento', 'Uruguay']",2,error,,,,,,,,,,