anio_acci,nro_acci,fecha,desc_dia,fecha_aprox,hora_aprox,desc_ruta,km,cant_participantes,desc_participante,calle_avenida_km,total,heridos_leves,heridos_graves,heridos_gravisimos,ilesos,fallecidos,sin_datos,posicion_XY,desc_tipo_via,desc_ruta_ori,desc_loc,desc_dpto,desc_tipo_calzada,desc_tipo_banquina,desc_unidad_regional,desc_lugar_calzada,desc_zona,desc_prioridad,desc_estado_semaforo,desc_lugar_via,desc_estado_via,desc_estado_visibilidad,desc_luminosidad,desc_estado_clima,desc_tipo_colision,desc_tipo_atropello,desc_tipo_hecho,desc_pres_calzada,desc_senializacion,desc_separacion_via,desc_restriccion,forma_geocod,calle_lista,numero_calles,calles_osm,lat,lon,index_right,gid,fna,gna,nam,in1,fdc,sag
2012,11367,2012-08-25,Sabado,0.0,15:25:00,,0.0,2,"Automóvil,Moto/Ciclomotor",Av. Eudoro Carrasco 1500,2,1,0,0,1,0,0,,S/D,,ROSARIO,Rosario,Asfalto,S/D,II,S/D,Urbana,S/D,S/D,Recta,Bueno,S/D,Diurna,S/D,S/D,S/D,S/D,S/D,S/D,S/D,S/D,no funciono,['Eudnicasio Oroño Carrasco 1500'],1,Eudnicasio Oroño Carrasco 1500,,,,,,,,,,
2012,11368,2012-07-19,Jueves,0.0,,,0.0,2,"Automóvil,Automóvil", ,2,1,0,0,1,0,0,,S/D,,ROSARIO,Rosario,S/D,S/D,II,S/D,S/D,S/D,S/D,Intersección,S/D,S/D,S/D,S/D,S/D,S/D,S/D,S/D,S/D,S/D,S/D,,[''],0,,,,,,,,,,,
2012,11370,2012-08-28,Martes,0.0,16:00:00,,0.0,1,, ,4,0,2,0,2,0,0,,S/D,,ROSARIO,Rosario,Asfalto,S/D,II,S/D,Urbana,S/D,No existe,Intersección,S/D,S/D,Diurna,S/D,S/D,S/D,S/D,S/D,S/D,S/D,S/D,,[''],0,,,,,,,,,,,
2012,11371,2012-08-28,Martes,0.0,16:00:00,,0.0,2,"Automóvil,Moto/Ciclomotor", ,4,0,2,0,2,0,0,,S/D,,ROSARIO,Rosario,Asfalto,S/D,II,S/D,Urbana,S/D,No existe,Intersección,S/D,S/D,Diurna,S/D,S/D,S/D,S/D,S/D,S/D,S/D,S/D,,[''],0,,,,,,,,,,,
2012,11382,2012-08-16,Jueves,0.0,15:00:00,,0.0,2,"Automóvil,Peatón",Agrelo Y Gallo,2,1,0,0,1,0,0,,Calle,,ROSARIO,Rosario,Hormigón,No existe,II,Dentro,Urbana,Ninguna,No existe,Recta,Bueno,Buena,Diurna,Buen Tiempo,S/D,S/D,Atropello,Otro,Faltante,Ninguna,Sin restricción,error,"['Agrela', 'Gallo']",2,error,,,,,,,,,,
2012,11386,2012-07-18,Miercoles,0.0,12:45:00,,0.0,2,"Automóvil,Automóvil", ,4,3,0,0,1,0,0,,Calle,,ROSARIO,Rosario,Asfalto,No existe,II,Dentro,Urbana,Señal Pare,No existe,Intersección,Bueno,Buena,Diurna,Buen Tiempo,Lateral,S/D,Colisión,S/D,Vertical,Cordón divisorio,Sin restricción,,[''],0,,,,,,,,,,,
2012,11388,2012-08-07,Martes,0.0,08:30:00,,0.0,2,"Camión,Moto/Ciclomotor",Bv. Avellaneda Y Garibaldi,2,1,0,0,1,0,0,,Avenida,,ROSARIO,Rosario,Asfalto,No existe,II,S/D,S/D,Semáforo,Funciona,Intersección,Bueno,Buena,Diurna,Buen Tiempo,Frontal,S/D,Colisión,S/D,Vertical,Ninguna,Sin restricción,error,"['Avellaneda', 'José Garibaldi']",2,error,,,,,,,,,,
2012,11395,2012-08-16,Jueves,0.0,15:00:00,,0.0,2,"Automóvil,Automóvil",Freyre Y Agrelo,2,1,0,0,1,0,0,,Calle,,ROSARIO,Rosario,Asfalto,S/D,II,S/D,Urbana,S/D,No existe,Intersección,S/D,S/D,Diurna,S/D,S/D,S/D,Colisión,S/D,S/D,S/D,S/D,error,"['Freyre', 'Agrela']",2,error,,,,,,,,,,
2012,11410,2012-08-21,Martes,0.0,13:05:00,,0.0,2,"Automóvil,Automóvil",Darragueira Y Godoy Cruz,3,1,0,0,2,0,0,,S/D,,ROSARIO,Rosario,Asfalto,No existe,II,Dentro,Urbana,Ninguna,No existe,Intersección,Bueno,Buena,Diurna,Buen Tiempo,Lateral,S/D,Colisión,Otro,Faltante,Ninguna,Sin restricción,error,"['José Darragueira', 'Avenida Presidente Perón']",2,error,,,,,,,,,,
2012,11412,2012-07-25,Miercoles,0.0,14:00:00,,0.0,2,"Moto/Ciclomotor,Automóvil",Centeno Y Alice,2,1,0,0,1,0,0,,Calle,,ROSARIO,Rosario,Asfalto,No existe,II,Dentro,Urbana,Ninguna,No existe,Intersección,Bueno,Buena,"Diurna,Con luz artificial",Buen Tiempo,Lateral,S/D,Colisión,S/D,Faltante,Ninguna,Sin restricción,error,"['Centeno', 'Alice']",2,error,,,,,,,,,,
2012,11418,2012-08-28,Martes,0.0,13:05:00,,0.0,2,"Moto/Ciclomotor,Automóvil",UGARTECHE Y 100 BIS,2,1,0,0,1,0,0,,Calle,,ROSARIO,Rosario,Asfalto,No existe,II,Dentro,Urbana,Ninguna,No existe,Recta,Bueno,Buena,Atardecer,Buen Tiempo,Frontal,S/D,Colisión,S/D,Horizontal,Ninguna,Sin restricción,sec calles no encontradas,"['Ugarteche', '100']",2,error,,,,,,,,,,
2012,11422,2012-08-08,Miercoles,0.0,16:30:00,,0.0,2,"Automóvil,Pickup/Utilitario",Grandoli Y Garzon,3,2,0,0,1,0,0,,Calle,,ROSARIO,Rosario,Asfalto,No existe,II,Dentro,Urbana,S/D,No existe,Intersección,Bueno,Buena,Diurna,Buen Tiempo,S/D,S/D,Colisión,S/D,S/D,S/D,Sin restricción,error,"['Avenida Abanderado Grandoli', 'Garzón']",2,error,,,,,,,,,,
2012,11423,2012-08-17,Viernes,0.0,20:40:00,,0.0,2,"Moto/Ciclomotor,Automóvil",Alberdi Y Pje. Tunel,2,1,0,0,1,0,0,,Calle,,ROSARIO,Rosario,Asfalto,S/D,II,Dentro,Urbana,S/D,S/D,Intersección,Bueno,S/D,S/D,S/D,S/D,S/D,Colisión,S/D,S/D,S/D,S/D,error,"['Alberdi', 'Pasaje Túnel']",2,error,,,,,,,,,,
2012,11426,2012-07-27,Viernes,0.0,16:00:00,,0.0,2,"Pickup/Utilitario,Moto/Ciclomotor",puntano  Y cafferata,3,2,0,0,1,0,0,,Calle,,ROSARIO,Rosario,Asfalto,No existe,II,Dentro,Urbana,Ninguna,No existe,Intersección,Bueno,Buena,Diurna,Buen Tiempo,Lateral,S/D,Colisión,S/D,Faltante,Ninguna,Sin restricción,ppal calles no encontradas,"['Puntano', 'Cafferata']",2,error,,,,,,,,,,
2012,11459,2012-08-16,Jueves,0.0,06:55:00,,0.0,2,"Automóvil,Moto/Ciclomotor",Godoy Cruz Y Zuviria,2,1,0,0,1,0,0,,Calle,,ROSARIO,Rosario,Asfalto,Natural,II,Dentro,Urbana,S/D,Funciona,Intersección,Bueno,Reducida,Amanecer,Buen Tiempo,S/D,S/D,S/D,S/D,Horizontal,Cordón divisorio,S/D,error,"['Avenida Presidente Perón', 'Zuviría']",2,error,,,,,,,,,,
2012,11460,2012-08-26,Domingo,0.0,08:00:00,,0.0,2,"Automóvil,Peatón",Callao Bis 150,2,1,0,0,1,0,0,,Calle,,ROSARIO,Rosario,Asfalto,No existe,II,S/D,Urbana,Semáforo,Funciona,Recta,Bueno,Buena,Diurna,Buen Tiempo,S/D,S/D,Atropello,Otro,Horizontal,Ninguna,Sin restricción,no funciono,['Callao Bis 150'],1,Callao Bis 150,,,,,,,,,,
2012,11472,2012-08-18,Sabado,0.0,08:30:00,,0.0,2,"Automóvil,Automóvil",Uriarte Y San Nicolas,3,1,0,0,2,0,0,,Calle,,ROSARIO,Rosario,S/D,No existe,II,S/D,Urbana,Ninguna,No existe,S/D,Bueno,Buena,Diurna,Buen Tiempo,Otro,S/D,Colisión,Otro,Faltante,Ninguna,S/D,error,"['Uriarte', 'San Nicolás']",2,error,,,,,,,,,,
2012,11481,2012-08-02,Jueves,0.0,05:40:00,,0.0,1,Automóvil,Av. Circunvalacion Y Av. Pellegrini,3,2,1,0,0,0,0,,Avenida,,ROSARIO,Rosario,Asfalto,Pavimento,II,Dentro,Urbana,Otra Señal,No existe,Recta,Resbaladiza,Reducida p/ objetos,Nocturna,Lluvia,S/D,S/D,Vuelco,Agua,Horizontal,Guardarrail,Obra en Construcción,error,"['Circunvalacion', 'Pellegrini']",2,error,,,,,,,,,,
2012,11484,2012-08-02,Jueves,0.0,13:30:00,,0.0,1,Moto/Ciclomotor,Forest Y White,1,1,0,0,0,0,0,,Calle,,ROSARIO,Rosario,Asfalto,Natural,II,Dentro,Urbana,Ninguna,No existe,Pendiente,Resbaladiza,Buena,Diurna,Lluvia,S/D,S/D,Caída ocupante,Agua,Faltante,Guardarrail,Obra en Construcción,error,"['Carlos Forest', 'White']",2,error,,,,,,,,,,
2012,11513,2012-07-23,Lunes,0.0,18:00:00,,0.0,2,"Automóvil,Moto/Ciclomotor",Av. Ovidio Lagos Y Acuña,3,2,0,0,0,0,1,,Avenida,,ROSARIO,Rosario,Asfalto,No existe,II,Dentro,Urbana,Ninguna,No existe,Recta,Bueno,Buena,Diurna,Buen Tiempo,Lateral,S/D,Colisión,S/D,Faltante,Ninguna,Sin restricción,error,"['Avenida Ovidio Lagos', 'Acuña']",2,error,,,,,,,,,,
2012,11521,2012-07-06,Viernes,0.0,13:20:00,,0.0,2,"Moto/Ciclomotor,Automóvil",F.More Y Garibaldi,3,2,0,0,1,0,0,,Calle,,ROSARIO,Rosario,Asfalto,No existe,II,Dentro,Urbana,Ninguna,No existe,Intersección,Deteriorada,Buena,S/D,S/D,Lateral,S/D,Colisión,Otro,Faltante,Ninguna,Sin restricción,error,"['Felipe Moré', 'José Garibaldi']",2,error,,,,,,,,,,
2012,11564,2012-07-16,Lunes,0.0,23:00:00,,0.0,2,"Moto/Ciclomotor,Automóvil",Magallanes Y Garzon,2,1,0,0,1,0,0,,Calle,,ROSARIO,Rosario,Asfalto,No existe,II,Dentro,Urbana,Ninguna,No existe,Intersección,Deteriorada,Buena,Nocturna,S/D,Lateral,S/D,Colisión,Otro,Faltante,Ninguna,Sin restricción,error,"['Magallanes', 'Garzón']",2,error,,,,,,,,,,
2012,11572,2012-01-17,Martes,0.0,,,0.0,2,"Moto/Ciclomotor,Camión",Av. Pte.Peron Y Gallini,2,0,0,0,1,1,0,,Calle,,ROSARIO,Rosario,Hormigón,S/D,II,Dentro,Urbana,Semáforo,Intermitente,Intersección,Con baches,Buena,Diurna,Buen Tiempo,De alcance,S/D,Colisión,S/D,S/D,S/D,Sin restricción,error,"['Avenida Presidente Perón', 'Gallini']",2,error,,,,,,,,,,
2012,11627,2012-07-20,Viernes,0.0,14:20:00,,0.0,2,"Pickup/Utilitario,Moto/Ciclomotor",COLECTORA 25 DE MAYO  Y AV. PUJATO ,2,1,0,0,1,0,0,,Avenida,,ROSARIO,Rosario,Asfalto,S/D,II,Dentro,Urbana,S/D,S/D,Intersección,S/D,Buena,Diurna,Buen Tiempo,S/D,S/D,Colisión,S/D,S/D,Ninguna,S/D,ppal calles no encontradas,"['Avenida 25 de Mayo', 'Pujato']",2,error,,,,,,,,,,
2012,11630,2012-07-24,Martes,0.0,19:50:00,,0.0,2,"Transporte de Pasajeros Urbano (> 8 asientos),Moto/Ciclomotor",TERRANOVA  Y SAUNA ,2,1,0,0,1,0,0,,Calle,,ROSARIO,Rosario,Asfalto,S/D,II,S/D,S/D,S/D,S/D,Intersección,S/D,Buena,Atardecer,S/D,S/D,S/D,Colisión,S/D,S/D,S/D,S/D,ambas calles no encontradas,"['Terranova', 'Sauna']",2,error,,,,,,,,,,
2012,11634,2012-07-16,Lunes,0.0,22:50:00,,0.0,2,"Automóvil,Moto/Ciclomotor",SAN LORENZO  Y GONZALES DEL SOLAR ,2,0,1,0,1,0,0,,Calle,,ROSARIO,Rosario,Asfalto,No existe,II,Dentro,Urbana,Ninguna,No existe,Recta,Bueno,Buena,Nocturna,Buen Tiempo,Lateral,S/D,Colisión,S/D,Faltante,Ninguna,Sin restricción,error,"['San Lorenzo', 'González del Solar']",2,error,,,,,,,,,,
2012,11635,2012-07-18,Miercoles,0.0,13:00:00,,0.0,2,"Moto/Ciclomotor,Automóvil",Roullon Y Pje. A bis,3,2,0,0,1,0,0,,Calle,,ROSARIO,Rosario,Asfalto,No existe,II,Dentro,Urbana,Ninguna,No existe,Intersección,Deteriorada,Buena,Diurna,S/D,Lateral,S/D,Colisión,Otro,S/D,Ninguna,S/D,error,"['Alfredo Rouillón', 'Pasaje A']",2,error,,,,,,,,,,
2012,11640,2012-07-16,Lunes,0.0,17:00:00,,0.0,2,"Peatón,Automóvil",POYETIBUL  Y LOCHET ,2,0,0,1,0,0,1,,Calle,,ROSARIO,Rosario,Asfalto,No existe,II,Dentro,Urbana,Ninguna,No existe,Recta,Bueno,Buena,Diurna,Buen Tiempo,S/D,S/D,Atropello,S/D,Faltante,Ninguna,S/D,ambas calles no encontradas,"['Poyetibul', 'Lochet']",2,error,,,,,,,,,,
2012,11642,2012-07-18,Miercoles,0.0,09:00:00,,0.0,2,"Moto/Ciclomotor,Pickup/Utilitario",Biedma Y F.More,2,1,0,0,1,0,0,,Calle,,ROSARIO,Rosario,Asfalto,No existe,II,Dentro,Urbana,Ninguna,No existe,Intersección,Deteriorada,Buena,S/D,S/D,Lateral,S/D,Colisión,S/D,Faltante,Ninguna,Sin restricción,error,"['Coronel Biedma', 'Felipe Moré']",2,error,,,,,,,,,,
2012,11657,2012-02-28,Martes,0.0,,,0.0,2,"Moto/Ciclomotor,Camión",Av. 1815 Y Av. Provincias Unidas,2,0,0,0,1,1,0,,Avenida,,ROSARIO,Rosario,Hormigón,Natural,II,Dentro,Urbana,Marca Vial,No existe,Intersección,Bueno,Buena,Diurna,Buen Tiempo,Lateral,S/D,Colisión,S/D,S/D,S/D,S/D,error,"['Avenida Mario Cisneros', 'Avenida Provincias Unidas']",2,error,,,,,,,,,,
2012,11659,2012-03-08,Jueves,0.0,18:00:00,,0.0,2,"Peatón,Automóvil",Bv. Oroño Y Av. Battle y Ordoñez,2,0,0,0,1,1,0,,Avenida,,ROSARIO,Rosario,Asfalto,No existe,II,Dentro,Urbana,Semáforo,Funciona,Rotonda,Bueno,Buena,Diurna,Buen Tiempo,S/D,S/D,Atropello,S/D,S/D,Cordón divisorio,S/D,error,"['Bulevar Nicasio Oroño', 'Avenida Battle y Ordoñez']",2,error,,,,,,,,,,
2012,11667,2012-06-28,Jueves,0.0,18:00:00,,0.0,2,"Automóvil,Automóvil", ,3,1,0,0,2,0,0,,Calle,,ROSARIO,Rosario,Asfalto,No existe,II,Dentro,Urbana,Ninguna,S/D,Intersección,S/D,S/D,Diurna,S/D,Lateral,S/D,Colisión,S/D,S/D,Ninguna,Sin restricción,,[''],0,,,,,,,,,,,
2012,11781,2012-06-17,Domingo,0.0,20:15:00,,0.0,2,"Automóvil,Moto/Ciclomotor", ,2,1,0,0,1,0,0,,Calle,,ROSARIO,Rosario,Asfalto,S/D,II,Dentro,Urbana,S/D,No existe,Recta,Bueno,S/D,Nocturna,Buen Tiempo,Frontal,S/D,Colisión,S/D,S/D,S/D,S/D,,[''],0,,,,,,,,,,,
2012,11787,2012-06-19,Martes,0.0,01:00:00,,0.0,2,"Automóvil,Automóvil",Montevideo Y Khantuta,3,2,0,0,1,0,0,,Calle,,ROSARIO,Rosario,Asfalto,Pavimento,II,Dentro,Urbana,S/D,S/D,Recta,Bueno,Buena,Nocturna,Buen Tiempo,S/D,S/D,Colisión,S/D,S/D,S/D,S/D,error,"['Montevideo', 'Khantuta']",2,error,,,,,,,,,,
2012,11823,2012-05-10,Jueves,0.0,05:05:00,,0.0,2,"Moto/Ciclomotor,Automóvil",Av. Francia Y Av. Caseros Bis,2,0,0,0,1,1,0,,Avenida,,ROSARIO,Rosario,Asfalto,No existe,II,Dentro,Urbana,S/D,Funciona,Intersección,Bueno,S/D,Nocturna,S/D,Lateral,S/D,Colisión,S/D,S/D,S/D,S/D,error,"['Avenida Francia', 'Caseros']",2,error,,,,,,,,,,
2012,11858,2012-06-21,Jueves,0.0,23:00:00,,0.0,2,"Peatón,Moto/Ciclomotor",MORCILLO Y CLUB NOB,3,1,0,0,0,0,2,,Calle,,ROSARIO,Rosario,Asfalto,S/D,II,Dentro,Urbana,S/D,S/D,Recta,S/D,Buena,"Nocturna,Con luz artificial",Buen Tiempo,Lateral,S/D,Atropello,S/D,S/D,S/D,S/D,sec calles no encontradas,"['Gordillo', 'Club Nob']",2,error,,,,,,,,,,
2012,11894,2012-07-05,Jueves,0.0,11:50:00,,0.0,2,"Moto/Ciclomotor,Automóvil",San Luis Y Fornells,4,3,0,0,1,0,0,,Calle,,ROSARIO,Rosario,Asfalto,No existe,II,Dentro,Urbana,Ninguna,No existe,Recta,Bueno,Buena,Diurna,Buen Tiempo,Lateral,S/D,Colisión,Otro,Vertical,Ninguna,Sin restricción,error,"['San Luis', 'Fornells']",2,error,,,,,,,,,,
2012,11913,2012-07-17,Martes,0.0,21:50:00,,0.0,2,"Automóvil,Moto/Ciclomotor",San Martin Y Balcarce,3,2,0,0,1,0,0,,Avenida,,ROSARIO,Rosario,Asfalto,No existe,II,Dentro,Urbana,Semáforo,Funciona,Recta,Bueno,Buena,Nocturna,Buen Tiempo,Lateral,S/D,Colisión,Otro,Vertical,Ninguna,Sin restricción,error,"['San Martin', 'Balcarce']",2,error,,,,,,,,,,
2012,12072,2012-08-03,Viernes,0.0,02:00:00,,0.0,1,Moto/Ciclomotor,Av. E.Lopez Y Velez Sarsfield,2,2,0,0,0,0,0,,Avenida,,ROSARIO,Rosario,Asfalto,Pavimento,II,Dentro,Urbana,Señal Pare,No existe,Intersección,Bueno,Buena,Nocturna,Buen Tiempo,S/D,S/D,Caída ocupante,S/D,Horizontal,Cordón divisorio,Sin restricción,error,"['Lopez', 'Vélez Sarsfield']",2,error,,,,,,,,,,
2012,12073,2012-08-03,Viernes,0.0,12:20:00,,0.0,2,"Moto/Ciclomotor,Automóvil",Guemes Y Ricchieri,2,1,0,0,1,0,0,,Calle,,ROSARIO,Rosario,Asfalto,S/D,II,Dentro,Urbana,Semáforo,Funciona,Recta,Bueno,Buena,Diurna,Buen Tiempo,Frontal,S/D,Colisión,Otro,Horizontal,Ninguna,Sin restricción,error,"['Güemes', 'Ricchieri']",2,error,,,,,,,,,,
2012,12089,2012-08-12,Domingo,0.0,11:30:00,,0.0,2,"Taxi/Remis,Bicicleta",Av. Frondizi A Y Copacabana,2,1,0,0,1,0,0,,Avenida,,ROSARIO,Rosario,Asfalto,S/D,II,Dentro,Urbana,Ninguna,S/D,Recta,Bueno,S/D,Diurna,Buen Tiempo,Frontal,S/D,Atropello,S/D,Vertical,Cordón divisorio,Sin restricción,error,"['Frondizi', 'Copacabana']",2,error,,,,,,,,,,
2012,12094,2012-08-18,Sabado,0.0,,,0.0,2,"Automóvil,Moto/Ciclomotor",Jose Ingenieros Y Ghione,3,0,1,0,2,0,0,,Avenida,,ROSARIO,Rosario,Asfalto,S/D,II,Dentro,Urbana,Ninguna,S/D,Recta,Bueno,S/D,S/D,Buen Tiempo,Frontal,S/D,Aplastamiento,S/D,Horizontal,Ninguna,Sin restricción,error,"['José Ingenieros', 'Ghione']",2,error,,,,,,,,,,
2012,12111,2012-08-02,Jueves,0.0,,,0.0,1,Moto/Ciclomotor,Costanera Y Marull,1,1,0,0,0,0,0,,Calle,,ROSARIO,Rosario,Asfalto,S/D,II,Dentro,Urbana,S/D,No funciona,Recta,Bueno,Buena,Diurna,Buen Tiempo,S/D,S/D,Caída ocupante,S/D,Faltante,Cordón divisorio,Sin restricción,error,"['Costanera', 'Marull']",2,error,,,,,,,,,,
2012,12145,2012-08-10,Viernes,0.0,08:00:00,,0.0,2,"Moto/Ciclomotor,Automóvil",Av. Provincias Unidas Y Mendoza,2,1,0,0,1,0,0,,Avenida,,ROSARIO,Rosario,Asfalto,No existe,II,Dentro,Urbana,Semáforo,Funciona,Rotonda,Bueno,Buena,Amanecer,S/D,De alcance,S/D,Colisión,S/D,Vertical,S/D,Sin restricción,error,"['Avenida Provincias Unidas', 'Mendoza']",2,error,,,,,,,,,,
2012,12148,2012-08-03,Viernes,0.0,12:30:00,,0.0,2,"Moto/Ciclomotor,Automóvil",Bv. Oroño 1300,2,1,0,0,1,0,0,,Avenida,,ROSARIO,Rosario,Asfalto,S/D,II,Dentro,Urbana,S/D,S/D,Recta,Bueno,Buena,Diurna,Buen Tiempo,Otro,S/D,Colisión,S/D,S/D,S/D,S/D,no funciono,['Nicasio Oroñoño 1300'],1,Nicasio Oroñoño 1300,,,,,,,,,,
2012,12180,2012-08-19,Domingo,0.0,23:50:00,,0.0,2,"Taxi/Remis,Automóvil",Cordoba Y Carriego,5,4,0,0,1,0,0,,Calle,,ROSARIO,Rosario,Asfalto,S/D,II,Dentro,Urbana,S/D,S/D,Intersección,S/D,S/D,Nocturna,S/D,S/D,S/D,S/D,S/D,S/D,Cordón divisorio,S/D,error,"['Córdoba', 'Carriego']",2,error,,,,,,,,,,
2012,12183,2012-08-15,Miercoles,0.0,14:00:00,,0.0,2,"Moto/Ciclomotor,Automóvil", ,3,1,0,0,2,0,0,,Calle,,ROSARIO,Rosario,Asfalto,S/D,II,Dentro,Urbana,S/D,S/D,Intersección,Bueno,Buena,Diurna,S/D,Otro,S/D,Colisión,S/D,S/D,S/D,S/D,,[''],0,,,,,,,,,,,
2012,12292,2012-08-02,Jueves,0.0,20:30:00,,0.0,2,"Automóvil,Moto/Ciclomotor",Junin Y Santa Fe,3,2,0,0,1,0,0,,Calle,,ROSARIO,Rosario,Asfalto,No existe,II,Dentro,Urbana,Ninguna,No existe,Intersección,Bueno,S/D,Nocturna,S/D,Lateral,S/D,Colisión,S/D,Faltante,Ninguna,Sin restricción,error,"['Junín', 'Santa Fe']",2,error,,,,,,,,,,
2012,12329,2012-08-13,Lunes,0.0,17:15:00,,0.0,2,"Moto/Ciclomotor,Automóvil",Bv. Oroño 140,2,1,0,0,1,0,0,,Avenida,,ROSARIO,Rosario,Asfalto,No existe,II,S/D,Urbana,Ninguna,No existe,Recta,Bueno,Buena,Diurna,Buen Tiempo,Lateral,S/D,Colisión,S/D,Faltante,Ninguna,Sin restricción,no funciono,['Nicasio Oroñoño 140'],1,Nicasio Oroñoño 140,,,,,,,,,,
2012,12367,2012-08-05,Domingo,0.0,01:30:00,,0.0,2,"Moto/Ciclomotor,Automóvil",INTENDENTE ANDREW Y JULIO A ROCA,2,1,0,0,1,0,0,,Calle,,ROSARIO,Rosario,Asfalto,No existe,II,Dentro,Urbana,Ninguna,No existe,Recta,Deteriorada,Buena,Nocturna,Buen Tiempo,Lateral,S/D,Colisión,Otro,Vertical,Ninguna,Sin restricción,error,"['Intendente Andreu', 'Julio Sosa']",2,error,,,,,,,,,,
2012,12437,2012-09-07,Viernes,0.0,05:00:00,,0.0,1,Moto/Ciclomotor,Bv. Oroño 4556,2,2,0,0,0,0,0,,Avenida,,ROSARIO,Rosario,Asfalto,S/D,II,Dentro,Urbana,Ninguna,S/D,Recta,S/D,S/D,Amanecer,S/D,Contra objeto fijo,S/D,Colisión,S/D,S/D,Ninguna,Sin restricción,no funciono,['Nicasio Oroñoño 4556'],1,Nicasio Oroñoño 4556,,,,,,,,,,
2012,12463,2012-09-07,Viernes,0.0,18:00:00,,0.0,2,"Bicicleta,Automóvil",Reg.11 de Infanteria Y Cortada Publica,2,1,0,0,1,0,0,,Calle,,ROSARIO,Rosario,Asfalto,No existe,II,Dentro,Urbana,Ninguna,No existe,Intersección,S/D,S/D,Diurna,S/D,Lateral,S/D,Atropello,S/D,S/D,Ninguna,Sin restricción,error,"['Regimiento 11', 'Publica']",2,error,,,,,,,,,,
2012,12464,2012-09-07,Viernes,0.0,17:55:00,,0.0,2,"Automóvil,Moto/Ciclomotor",Bv. Oroño Y Ayolas,2,1,0,0,1,0,0,,Avenida,,ROSARIO,Rosario,Asfalto,No existe,II,S/D,Urbana,Ninguna,No existe,Intersección,S/D,S/D,Diurna,S/D,Lateral,S/D,Colisión,S/D,S/D,Ninguna,Sin restricción,error,"['Bulevar Nicasio Oroño', 'Ayolas']",2,error,,,,,,,,,,
2012,12497,2012-08-04,Sabado,0.0,06:20:00,,0.0,2,"Automóvil,Automóvil",Av. Wheelwright Y Bv. Oroño,3,1,0,0,2,0,0,,Avenida,,ROSARIO,Rosario,Asfalto,Pavimento,II,Dentro,Urbana,Semáforo,Funciona,Intersección,Bueno,Buena,Amanecer,Buen Tiempo,Lateral,S/D,Colisión,S/D,Vertical,Ninguna,Sin restricción,error,"['Avenida Guillermo Wheelwright', 'Bulevar Nicasio Oroño']",2,error,,,,,,,,,,
2012,12510,2012-09-02,Domingo,0.0,17:00:00,,0.0,2,"Moto/Ciclomotor,Automóvil",Av. Ponce Y Bv. Oroño,2,1,0,0,1,0,0,,Avenida,,ROSARIO,Rosario,Asfalto,No existe,II,Dentro,Urbana,Ninguna,No existe,Curva,Bueno,Reducida polvo,Atardecer,Buen Tiempo,Lateral,S/D,Colisión,S/D,Faltante,Ninguna,Sin restricción,error,"['Ponce', 'Bulevar Nicasio Oroño']",2,error,,,,,,,,,,
2012,12512,2012-09-08,Sabado,0.0,15:30:00,,0.0,2,"Moto/Ciclomotor,Moto/Ciclomotor",AYACUCHO Y PUENTE MOLINO BLANCO,2,1,0,0,1,0,0,,Calle,,ROSARIO,Rosario,Asfalto,S/D,II,Dentro,Urbana,Ninguna,S/D,Recta,Bueno,S/D,Diurna,S/D,Lateral,S/D,Colisión,S/D,Faltante,Barrera de hormigón,Sin restricción,sec calles no encontradas,"['Ayacucho', 'Puente Molino Blanco']",2,error,,,,,,,,,,
2012,12519,2012-09-10,Lunes,0.0,18:00:00,,0.0,2,"Moto/Ciclomotor,Automóvil",Checoslovaquia Y Chaco Bis,2,1,0,0,1,0,0,,Calle,,ROSARIO,Rosario,Asfalto,Pavimento,II,Dentro,Urbana,Ninguna,No existe,Recta,S/D,Buena,Diurna,S/D,Lateral,S/D,Colisión,S/D,Faltante,Barrera de hormigón,Sin restricción,error,"['Checoslovaquia', 'Chaco']",2,error,,,,,,,,,,
2012,12535,2012-09-29,Sabado,0.0,18:10:00,,0.0,2,"Automóvil,Pickup/Utilitario",27 DE FEBRERO Y SAN MOSTRINI,3,1,0,0,2,0,0,,Avenida,,ROSARIO,Rosario,Asfalto,No existe,II,Dentro,Urbana,Ninguna,Funciona,Intersección,Bueno,Buena,Diurna,Buen Tiempo,De alcance,S/D,Colisión,S/D,Horizontal,Línea divisoria pintada,Sin restricción,sec calles no encontradas,"['27 de Febrero', 'San Mostrini']",2,error,,,,,,,,,,
2012,12569,2012-09-17,Lunes,0.0,14:00:00,,0.0,2,"Pickup/Utilitario,Moto/Ciclomotor",AV. REAL 8300,2,1,0,0,1,0,0,,Calle,,ROSARIO,Rosario,Asfalto,Pavimento,II,Dentro,Urbana,S/D,S/D,Intersección,Bueno,Buena,Diurna,S/D,S/D,S/D,S/D,S/D,S/D,S/D,S/D,no funciono,['Real 8300'],1,Real 8300,,,,,,,,,,
2012,12571,2012-09-20,Jueves,0.0,23:00:00,,0.0,2,"Camión,Automóvil",Ameghino Y Liniers,3,2,0,0,1,0,0,,Calle,,ROSARIO,Rosario,Asfalto,S/D,II,Dentro,Urbana,S/D,No existe,Recta,S/D,S/D,Nocturna,Buen Tiempo,S/D,S/D,S/D,S/D,S/D,S/D,S/D,error,"['Ameghino', 'Liniers']",2,error,,,,,,,,,,
2012,12581,2012-09-22,Sabado,0.0,23:50:00,,0.0,2,"Moto/Ciclomotor,Camión",Liniers Y Crespo,2,1,0,0,1,0,0,,Calle,,ROSARIO,Rosario,Ripio,S/D,II,Dentro,Urbana,S/D,S/D,Recta,Bueno,S/D,Nocturna,S/D,S/D,S/D,S/D,S/D,S/D,S/D,S/D,error,"['Liniers', 'Crespo']",2,error,,,,,,,,,,
2012,12583,2012-09-18,Martes,0.0,10:30:00,,0.0,2,"Automóvil,Pickup/Utilitario",Av. Ovidio Lagos Y Ensenada,4,3,0,0,1,0,0,,Avenida,,ROSARIO,Rosario,Asfalto,No existe,II,Dentro,Urbana,Ninguna,No existe,Intersección,Bueno,Buena,Diurna,Buen Tiempo,Frontal,S/D,Colisión,S/D,Faltante,Cordón divisorio,Sin restricción,error,"['Avenida Ovidio Lagos', 'Ensenada']",2,error,,,,,,,,,,
2012,12586,2012-09-18,Martes,0.0,16:00:00,,0.0,2,"Moto/Ciclomotor,Automóvil",Bv. Avellaneda Y Somoza,2,1,0,0,1,0,0,,Avenida,,ROSARIO,Rosario,Asfalto,S/D,II,Dentro,Urbana,Ninguna,S/D,Intersección,Bueno,Buena,Atardecer,Buen Tiempo,Lateral,S/D,Colisión,S/D,S/D,Cordón divisorio,Sin restricción,error,"['Avellaneda', 'Somoza']",2,error,,,,,,,,,,
2012,12602,2012-09-22,Sabado,0.0,22:00:00,,0.0,2,"Automóvil,Moto/Ciclomotor", ,2,1,0,0,1,0,0,,Avenida,,ROSARIO,Rosario,Asfalto,No existe,II,Dentro,Urbana,Ninguna,Funciona,Intersección,Bueno,Buena,Nocturna,Buen Tiempo,Frontal,S/D,Colisión,S/D,Faltante,Cordón divisorio,Sin restricción,,[''],0,,,,,,,,,,,
2012,12657,2012-08-05,Domingo,0.0,16:00:00,,0.0,2,"Moto/Ciclomotor,Automóvil",Cordoba Y Pascual Rosas,2,1,0,0,1,0,0,,Calle,,ROSARIO,Rosario,Asfalto,S/D,II,Dentro,Urbana,S/D,S/D,Intersección,S/D,S/D,S/D,S/D,S/D,S/D,Colisión,S/D,S/D,Cordón divisorio,S/D,error,"['Córdoba', 'Pascual Rosas']",2,error,,,,,,,,,,
2012,12689,2012-08-23,Jueves,0.0,15:45:00,,0.0,2,"Automóvil,Automóvil",Av. Pte.Peron Y Latzina,3,2,0,0,1,0,0,,Avenida,,ROSARIO,Rosario,Asfalto,Pavimento,II,Dentro,Urbana,Semáforo,Funciona,Recta,Bueno,Buena,Diurna,Buen Tiempo,De alcance,S/D,Colisión,S/D,Vertical,Cordón divisorio,Sin restricción,error,"['Avenida Presidente Perón', 'Latzina']",2,error,,,,,,,,,,
2012,12789,2012-09-16,Domingo,0.0,20:30:00,,0.0,2,"Moto/Ciclomotor,Moto/Ciclomotor",Roullon Y Garibaldi,4,4,0,0,0,0,0,,Calle,,ROSARIO,Rosario,Asfalto,No existe,II,Dentro,Urbana,Ninguna,No existe,Intersección,Deteriorada,S/D,Atardecer,Otro,Lateral,S/D,Colisión,Otro,Faltante,Ninguna,Sin restricción,error,"['Alfredo Rouillón', 'José Garibaldi']",2,error,,,,,,,,,,