anio_acci,nro_acci,fecha,desc_dia,fecha_aprox,hora_aprox,desc_ruta,km,cant_participantes,desc_participante,calle_avenida_km,total,heridos_leves,heridos_graves,heridos_gravisimos,ilesos,fallecidos,sin_datos,posicion_XY,desc_tipo_via,desc_ruta_ori,desc_loc,desc_dpto,desc_tipo_calzada,desc_tipo_banquina,desc_unidad_regional,desc_lugar_calzada,desc_zona,desc_prioridad,desc_estado_semaforo,desc_lugar_via,desc_estado_via,desc_estado_visibilidad,desc_luminosidad,desc_estado_clima,desc_tipo_colision,desc_tipo_atropello,desc_tipo_hecho,desc_pres_calzada,desc_senializacion,desc_separacion_via,desc_restriccion,forma_geocod,calle_lista,numero_calles,calles_osm,lat,lon,index_right,gid,fna,gna,nam,in1,fdc,sag
2012,12791,2012-09-14,Viernes,0.0,22:45:00,,0.0,2,"Automóvil,Moto/Ciclomotor",AV. PTE. PERON Y COLECTORA 25 DE MAYO,2,1,0,0,1,0,0,,Calle,,ROSARIO,Rosario,Asfalto,Natural,II,Dentro,Urbana,S/D,Funciona,Intersección,Bueno,Buena,"Nocturna,Con luz artificial",Buen Tiempo,Lateral,S/D,Colisión,S/D,Faltante,S/D,Obra en Construcción,sec calles no encontradas,"['Avenida Presidente Perón', 'Avenida 25 de Mayo']",2,error,,,,,,,,,,
2012,12792,2012-09-18,Martes,0.0,15:30:00,,0.0,2,"Moto/Ciclomotor,Automóvil",SOLIS Y LEGARZA,2,1,0,0,1,0,0,,S/D,,ROSARIO,Rosario,Asfalto,No existe,II,S/D,S/D,Ninguna,No existe,Intersección,Deteriorada,Reducida,Diurna,Otro,Lateral,S/D,Colisión,Otro,Faltante,Ninguna,Sin restricción,sec calles no encontradas,"['Solis', 'Pje. Lejarza']",2,error,,,,,,,,,,
2012,12798,2012-09-28,Viernes,0.0,07:30:00,,0.0,2,"Pickup/Utilitario,Moto/Ciclomotor",RIVAROLA Y COLOMBRES,2,1,0,0,1,0,0,,Calle,,ROSARIO,Rosario,Asfalto,Natural,II,Dentro,Urbana,Ninguna,No existe,Intersección,Bueno,Buena,Diurna,Buen Tiempo,Lateral,S/D,Colisión,S/D,S/D,Ninguna,Sin restricción,error,"['Rivarola', 'José Colombres']",2,error,,,,,,,,,,
2012,12799,2012-09-26,Miercoles,0.0,23:10:00,,0.0,2,"Moto/Ciclomotor,Moto/Ciclomotor",RIVAROLA Y COLOMBRES,3,2,0,0,1,0,0,,Calle,,ROSARIO,Rosario,Asfalto,Natural,II,Dentro,Urbana,Ninguna,No existe,Intersección,Bueno,Buena,Con luz artificial,Buen Tiempo,Lateral,S/D,Colisión,S/D,Faltante,Ninguna,Sin restricción,error,"['Rivarola', 'José Colombres']",2,error,,,,,,,,,,
2012,12809,2012-09-08,Sabado,0.0,14:20:00,,0.0,2,"Automóvil,Moto/Ciclomotor",Godoy Cruz Y Calle 1816,2,1,0,0,1,0,0,,Calle,,ROSARIO,Rosario,Asfalto,Natural,II,Dentro,Urbana,Semáforo,Funciona,Intersección,Bueno,Buena,Diurna,Buen Tiempo,Otro,S/D,Colisión,S/D,S/D,S/D,Sin restricción,sec calles no encontradas,"['Avenida Presidente Perón', '1816']",2,error,,,,,,,,,,
2012,12822,2012-09-10,Lunes,0.0,20:30:00,,0.0,2,"Moto/Ciclomotor,Automóvil",Santa Fe Y Bv. Rondeau,2,1,0,0,0,0,1,,Calle,,ROSARIO,Rosario,Asfalto,S/D,II,Dentro,Urbana,Semáforo,Funciona,Intersección,Bueno,Buena,Nocturna,Buen Tiempo,Otro,S/D,Colisión,S/D,Vertical,Ninguna,Sin restricción,error,"['Santa Fe', 'Rondeau']",2,error,,,,,,,,,,
2012,12923,2012-09-02,Domingo,0.0,12:45:00,,0.0,1,Moto/Ciclomotor,San Martin Y Av. Battle y Ordoñez,1,1,0,0,0,0,0,,Avenida,,ROSARIO,Rosario,Asfalto,No existe,II,Dentro,Urbana,Ninguna,Funciona,Rotonda,Bueno,Buena,Diurna,S/D,S/D,S/D,Caída ocupante,Otro,Faltante,Cordón divisorio,Sin restricción,error,"['San Martin', 'Avenida Battle y Ordoñez']",2,error,,,,,,,,,,
2012,12926,2012-09-11,Martes,0.0,20:00:00,,0.0,2,"Automóvil,Pickup/Utilitario",San Martin Y Av. Battle y Ordoñez,2,1,0,0,1,0,0,,Avenida,,ROSARIO,Rosario,Asfalto,No existe,II,Dentro,Urbana,Ninguna,Funciona,Intersección,Bueno,Buena,Nocturna,S/D,Otro,S/D,Colisión,Otro,S/D,Cordón divisorio,Sin restricción,error,"['San Martin', 'Avenida Battle y Ordoñez']",2,error,,,,,,,,,,
2012,12929,2012-09-03,Lunes,0.0,07:20:00,,0.0,1,Automóvil,Av. Circunvalacion Y Ayacucho,1,1,0,0,0,0,0,,S/D,,ROSARIO,Rosario,Asfalto,Natural,II,S/D,Urbana,Ninguna,No existe,Recta,Bueno,Buena,Diurna,Buen Tiempo,Otro,S/D,Colisión,Otro,Faltante,Guardarrail,Sin restricción,error,"['Circunvalacion', 'Ayacucho']",2,error,,,,,,,,,,
2012,12939,2012-09-27,Jueves,0.0,17:30:00,,0.0,2,"Automóvil,Automóvil",Ricchieri Y Jujuy,2,1,0,0,1,0,0,,Calle,,ROSARIO,Rosario,Asfalto,No existe,II,Dentro,Urbana,Ninguna,No existe,Otro,Bueno,Buena,Diurna,Buen Tiempo,Otro,S/D,Colisión,Otro,Horizontal,Ninguna,Sin restricción,error,"['Ricchieri', 'Jujuy']",2,error,,,,,,,,,,
2012,12958,2012-09-25,Martes,0.0,08:30:00,,0.0,2,"Automóvil,Automóvil",Bv. 27 De Febrero Y Ricchieri,2,1,0,0,1,0,0,,Avenida,,ROSARIO,Rosario,S/D,S/D,II,Dentro,Urbana,S/D,S/D,S/D,S/D,S/D,S/D,S/D,S/D,S/D,S/D,S/D,S/D,S/D,S/D,error,"['27 de Febrero', 'Ricchieri']",2,error,,,,,,,,,,
2012,12977,2012-09-13,Jueves,0.0,20:00:00,,0.0,2,"Automóvil,Moto/Ciclomotor",Echeverria Bis 200,2,1,0,0,1,0,0,,Calle,,ROSARIO,Rosario,Asfalto,No existe,II,Dentro,Urbana,Señal Pare,No existe,Intersección,Bueno,Buena,Nocturna,Buen Tiempo,Lateral,S/D,Colisión,S/D,Vertical,Ninguna,Sin restricción,no funciono,['Echeverria Bis 200'],1,Echeverria Bis 200,,,,,,,,,,
2012,13028,2012-09-21,Viernes,0.0,16:10:00,,0.0,2,"Moto/Ciclomotor,Automóvil",Sarmiento Y Olegario V.Andrade,2,1,0,0,0,0,1,,Calle,,ROSARIO,Rosario,Asfalto,No existe,II,Dentro,Urbana,Ninguna,No existe,Intersección,Bueno,S/D,Diurna,S/D,Lateral,S/D,Colisión,S/D,S/D,Ninguna,Sin restricción,error,"['Sarmiento', 'Olegario V Andrade']",2,error,,,,,,,,,,
2012,13030,2012-09-04,Martes,0.0,19:15:00,,0.0,2,"Peatón,Automóvil",Av. Pte.Peron ,2,1,0,0,1,0,0,,Calle,,ROSARIO,Rosario,Asfalto,No existe,II,Dentro,Urbana,Ninguna,Funciona,Recta,Bueno,Buena,Atardecer,Buen Tiempo,S/D,S/D,Atropello,S/D,Faltante,Ninguna,Sin restricción,no funciono,['Presidenteperon'],1,Presidenteperon,,,,,,,,,,
2012,13037,2012-09-04,Martes,0.0,13:15:00,,0.0,2,"Peatón,Automóvil",Av. Pte.Peron Y Parana,2,1,0,0,0,0,1,,Calle,,ROSARIO,Rosario,Asfalto,No existe,II,Dentro,Urbana,Ninguna,No existe,Recta,Bueno,Buena,Diurna,Buen Tiempo,Frontal,S/D,Atropello,S/D,Faltante,Ninguna,Sin restricción,error,"['Avenida Presidente Perón', 'Paraná']",2,error,,,,,,,,,,
2012,13054,2012-09-05,Miercoles,0.0,14:30:00,,0.0,2,"Automóvil,Automóvil",PEDRIEL Y AV. COLOMBRES,2,1,0,0,1,0,0,,Avenida,,ROSARIO,Rosario,Asfalto,No existe,II,Dentro,Urbana,Ninguna,No existe,Recta,Bueno,Buena,Diurna,Lluvia,De alcance,S/D,Colisión,Agua,Vertical,Ninguna,Sin restricción,error,"['Perdriel', 'José Colombres']",2,error,,,,,,,,,,
2012,13063,2012-09-21,Viernes,0.0,10:50:00,,0.0,2,"Moto/Ciclomotor,Pickup/Utilitario",Piazzola Y Mazzini,3,2,0,0,1,0,0,,Calle,,ROSARIO,Rosario,Asfalto,No existe,II,Dentro,Urbana,Ninguna,No existe,Intersección,Bueno,Buena,Diurna,Buen Tiempo,Lateral,S/D,Colisión,S/D,Faltante,Ninguna,Sin restricción,ppal calles no encontradas,"['Piazzola', 'Mazzini']",2,error,,,,,,,,,,
2012,13069,2012-09-20,Jueves,0.0,21:00:00,,0.0,2,"Automóvil,Automóvil",aV. cIRCUNVALACIÓN Y NOGUES,3,2,0,0,1,0,0,,Avenida,,ROSARIO,Rosario,Asfalto,No existe,II,Dentro,Urbana,Ninguna,No existe,Otro,Bueno,Buena,Nocturna,Buen Tiempo,Otro,S/D,Colisión,S/D,Faltante,Ninguna,Sin restricción,error,"['Circunvalación', 'Nogués']",2,error,,,,,,,,,,
2012,13072,2012-09-13,Jueves,0.0,19:45:00,,0.0,2,"Automóvil,Automóvil",AV. SORRENTO  Y TRAVESIA ,3,1,0,0,2,0,0,,Avenida,,ROSARIO,Rosario,Asfalto,Pavimento,II,Dentro,Urbana,Semáforo,Funciona,Recta,Bueno,Buena,Atardecer,Buen Tiempo,De alcance,S/D,Colisión,Otro,S/D,Ninguna,Sin restricción,error,"['Sorrento', 'Avenida Travesía Albert Sabin']",2,error,,,,,,,,,,
2012,13108,2012-09-03,Lunes,0.0,15:00:00,,0.0,2,"Automóvil,Moto/Ciclomotor",CAFAYATE  Y J.J PASO ,2,1,0,0,1,0,0,,Calle,,ROSARIO,Rosario,Asfalto,No existe,II,Dentro,Urbana,Ninguna,No existe,Intersección,Bueno,Buena,Diurna,Buen Tiempo,Frontal,S/D,Colisión,S/D,Faltante,Ninguna,Sin restricción,error,"['Cafayate', 'Paso']",2,error,,,,,,,,,,
2012,13111,2012-09-04,Martes,0.0,21:00:00,,0.0,2,"Moto/Ciclomotor,Peatón",Campbell Y Olive,2,1,0,0,1,0,0,,Calle,,ROSARIO,Rosario,Asfalto,No existe,II,Dentro,Urbana,Ninguna,No existe,Intersección,Bueno,Buena,Nocturna,Buen Tiempo,Otro,S/D,Atropello,S/D,Faltante,Ninguna,Sin restricción,error,"['Campbell', 'Olive']",2,error,,,,,,,,,,
2012,13121,2012-09-13,Jueves,0.0,17:00:00,,0.0,2,"Moto/Ciclomotor,Moto/Ciclomotor",COLECTORA EEUU Y JB JUSTO,3,1,0,0,2,0,0,,Calle,,ROSARIO,Rosario,Asfalto,S/D,II,Dentro,Urbana,Señal Pare,No existe,Intersección,Bueno,Buena,Diurna,Buen Tiempo,Lateral,S/D,Colisión,S/D,S/D,Ninguna,Sin restricción,ppal calles no encontradas,"['Avenida 25 de Mayo', 'Juan B. Justo']",2,error,,,,,,,,,,
2012,13125,2012-09-17,Lunes,0.0,18:00:00,,0.0,2,"Peatón,Automóvil",JJ PASO Y AV. PROVINCIAS UNIDAS,2,1,0,0,0,0,1,,Avenida,,ROSARIO,Rosario,Asfalto,No existe,II,Dentro,Urbana,Ninguna,No existe,Rotonda,Bueno,Buena,Atardecer,Buen Tiempo,Frontal,S/D,Atropello,S/D,Faltante,S/D,Sin restricción,error,"['Juan José Paso', 'Avenida Provincias Unidas']",2,error,,,,,,,,,,
2012,13136,2012-09-23,Domingo,0.0,17:10:00,,0.0,2,"Automóvil,Moto/Ciclomotor", ,2,1,0,0,1,0,0,,Calle,,ROSARIO,Rosario,Asfalto,No existe,II,Dentro,Urbana,Ninguna,No existe,Intersección,S/D,S/D,Atardecer,S/D,Lateral,S/D,Colisión,S/D,S/D,Ninguna,Sin restricción,,[''],0,,,,,,,,,,,
2012,13186,2012-08-10,Viernes,0.0,17:50:00,,0.0,3,"Automóvil,Automóvil,Automóvil",GENOVA  Y ALMAFUERTE ,4,2,0,0,2,0,0,,Calle,,ROSARIO,Rosario,Asfalto,S/D,II,Dentro,Urbana,Semáforo,S/D,Recta,Bueno,S/D,Diurna,Buen Tiempo,Múltiple,S/D,Colisión,S/D,Vertical,Barrera de hormigón,Sin restricción,error,"['Genova', 'Almafuerte']",2,error,,,,,,,,,,
2012,13233,2012-09-02,Domingo,0.0,17:30:00,,0.0,2,"Moto/Ciclomotor,Moto/Ciclomotor",ROULLON Y CUANASTE,2,1,1,0,0,0,0,,Calle,,ROSARIO,Rosario,Hormigón,No existe,II,Dentro,Urbana,Ninguna,No existe,Intersección,Bueno,Buena,Diurna,S/D,S/D,S/D,Colisión,S/D,Horizontal,Ninguna,Sin restricción,sec calles no encontradas,"['Alfredo Rouillón', 'Cuanaste']",2,error,,,,,,,,,,
2012,13273,2012-09-11,Martes,0.0,,,0.0,2,"Automóvil,Automóvil",Guatemala Y Pje. Bunge,3,1,0,0,2,0,0,,S/D,,ROSARIO,Rosario,Asfalto,No existe,II,S/D,S/D,Ninguna,No existe,Intersección,Bueno,Buena,S/D,Buen Tiempo,S/D,S/D,Colisión,S/D,Horizontal,Ninguna,Sin restricción,sec calles no encontradas,"['Guatemala', 'Bunge']",2,error,,,,,,,,,,
2012,13280,2012-09-24,Lunes,0.0,15:35:00,,0.0,2,"Moto/Ciclomotor,Moto/Ciclomotor",Mr.Ross Y Balcarce,2,2,0,0,0,0,0,,Calle,,ROSARIO,Rosario,Asfalto,No existe,II,Dentro,Urbana,Ninguna,No existe,Intersección,S/D,S/D,Diurna,S/D,Lateral,S/D,Colisión,S/D,S/D,Ninguna,Sin restricción,error,"['Rodrigo M. Ross', 'Balcarce']",2,error,,,,,,,,,,
2012,13285,2012-09-15,Sabado,0.0,18:30:00,,0.0,2,"Automóvil,Moto/Ciclomotor",Bardas Y Pje. Asuncion,2,1,0,0,1,0,0,,Calle,,ROSARIO,Rosario,Asfalto,No existe,II,Dentro,Urbana,Ninguna,No existe,Intersección,Bueno,Buena,Diurna,Otro,S/D,S/D,Colisión,S/D,Horizontal,Ninguna,Sin restricción,error,"['Bardas', 'Asunción']",2,error,,,,,,,,,,
2012,13313,2012-09-13,Jueves,0.0,15:50:00,,0.0,2,"Automóvil,Automóvil",Cordoba Y Garzon,2,1,0,0,1,0,0,,Calle,,ROSARIO,Rosario,Asfalto,No existe,II,Dentro,Urbana,Semáforo,Funciona,Intersección,Bueno,Buena,Diurna,Buen Tiempo,S/D,S/D,Colisión,S/D,Vertical,Barrera de hormigón,Sin restricción,error,"['Córdoba', 'Garzón']",2,error,,,,,,,,,,
2012,13330,2012-09-03,Lunes,0.0,19:15:00,,0.0,2,"Automóvil,Pickup/Utilitario",ACCESO SUR Y BV 27 DE FEBRERO,3,1,0,0,2,0,0,,Avenida,,ROSARIO,Rosario,Asfalto,Pavimento,II,S/D,Urbana,Otra Señal,No existe,Recta,Bueno,Buena,"Nocturna,Con luz artificial",Buen Tiempo,De alcance,S/D,Colisión,Material Suelto,Horizontal,Guardarrail,S/D,error,"['Belgrano', '27 de Febrero']",2,error,,,,,,,,,,
2012,13335,2012-09-19,Miercoles,0.0,18:45:00,,0.0,2,"Automóvil,Moto/Ciclomotor",Velez Sarsfield Y P.L.Funes,2,1,0,0,1,0,0,,Calle,,ROSARIO,Rosario,Asfalto,No existe,II,Dentro,Urbana,Ninguna,No existe,Intersección,Bueno,Reducida,Atardecer,S/D,Lateral,S/D,Colisión,S/D,Faltante,Ninguna,S/D,error,"['Vélez Sarsfield', 'Funes']",2,error,,,,,,,,,,
2012,13344,2012-09-19,Miercoles,0.0,14:15:00,,0.0,2,"Automóvil,Automóvil",CAMILO ALDAO Y VELEZ SARFIELD,2,1,1,0,0,0,0,,Calle,,ROSARIO,Rosario,Asfalto,No existe,II,Dentro,Urbana,S/D,No existe,Intersección,Bueno,Buena,Diurna,S/D,S/D,S/D,S/D,S/D,Faltante,S/D,S/D,error,"['Camilo Aldao', 'Vélez Sarfield']",2,error,,,,,,,,,,
2012,13350,2012-09-23,Domingo,0.0,14:50:00,,0.0,2,"Moto/Ciclomotor,Automóvil",VELEZ SARFIELD  Y CAMILO ALDAO ,2,1,0,0,1,0,0,,Calle,,ROSARIO,Rosario,Asfalto,No existe,II,Dentro,Urbana,Ninguna,No existe,Intersección,Bueno,Buena,Diurna,S/D,Lateral,S/D,Colisión,S/D,Faltante,Ninguna,Sin restricción,error,"['Vélez Sarfield', 'Camilo Aldao']",2,error,,,,,,,,,,
2012,13365,2012-09-04,Martes,0.0,13:50:00,,0.0,2,"Moto/Ciclomotor,Pickup/Utilitario",Av. Eva Peron Y Bv. Wilde,2,1,0,0,1,0,0,,Avenida,,ROSARIO,Rosario,Asfalto,No existe,II,Dentro,Urbana,Ninguna,No existe,Curva,Bueno,Buena,Atardecer,Buen Tiempo,Frontal,S/D,Colisión,S/D,Horizontal,Barrera de hormigón,Sin restricción,error,"['Avenida Eva Perón', 'Bulevar Wilde']",2,error,,,,,,,,,,
2012,13381,2012-09-22,Sabado,0.0,13:40:00,,0.0,2,"Moto/Ciclomotor,Moto/Ciclomotor",COLECTORA Y PTE QUINTANA,3,0,1,0,2,0,0,,Avenida,,ROSARIO,Rosario,Hormigón,Natural,II,Dentro,Urbana,S/D,No existe,Intersección,Bueno,Buena,Diurna,Buen Tiempo,Lateral,S/D,Colisión,S/D,Faltante,Ninguna,Obra en Construcción,error,"['Colectora', 'Quintana']",2,error,,,,,,,,,,
2012,13389,2012-09-08,Sabado,0.0,22:00:00,,0.0,2,"Automóvil,Moto/Ciclomotor",GENOVA  Y OLMOS ,2,2,0,0,0,0,0,,Calle,,ROSARIO,Rosario,Asfalto,No existe,II,Dentro,Urbana,Ninguna,No existe,Recta,Bueno,Buena,Nocturna,Buen Tiempo,Frontal,S/D,Colisión,S/D,Vertical,Barrera de hormigón,Sin restricción,error,"['Genova', 'Los Olmos']",2,error,,,,,,,,,,
2012,13408,2012-09-08,Sabado,0.0,19:15:00,,0.0,2,"Moto/Ciclomotor,Automóvil",Anchoris Y Pje s/n,2,1,0,0,1,0,0,,Calle,,ROSARIO,Rosario,Asfalto,No existe,II,Dentro,Urbana,Ninguna,No existe,Recta,Bueno,Buena,Diurna,Buen Tiempo,Lateral,S/D,Colisión,Otro,Faltante,Ninguna,Sin restricción,sec calles no encontradas,"['Anchoris', '/']",2,error,,,,,,,,,,
2012,13421,2012-09-24,Lunes,0.0,02:10:00,,0.0,2,"Peatón,Pickup/Utilitario",GUATEMALA Y VIAS FERREAS,2,1,0,0,1,0,0,,Calle,,ROSARIO,Rosario,S/D,No existe,II,Dentro,Urbana,Marca Vial,No existe,Paso a Nivel FFCC,S/D,Buena,Nocturna,Buen Tiempo,S/D,S/D,Atropello,S/D,S/D,S/D,Sin restricción,sec calles no encontradas,"['Guatemala', 'Vias Ferreas']",2,error,,,,,,,,,,
2012,13448,2012-09-18,Martes,0.0,20:00:00,,0.0,2,"Moto/Ciclomotor,Automóvil",Tarragona Y Ayacucho,2,1,0,0,1,0,0,,Calle,,ROSARIO,Rosario,Asfalto,No existe,II,Dentro,Urbana,Ninguna,No existe,Recta,Bueno,Buena,Nocturna,Buen Tiempo,Frontal,S/D,Colisión,S/D,Horizontal,Barrera de hormigón,Sin restricción,error,"['Tarragona', 'Ayacucho']",2,error,,,,,,,,,,
2012,13476,2012-09-16,Domingo,0.0,20:20:00,,0.0,2,"Automóvil,Moto/Ciclomotor",Nicolas Laguna Y Grandoli,3,2,0,0,1,0,0,,Calle,,ROSARIO,Rosario,Asfalto,S/D,II,Dentro,Urbana,S/D,S/D,Intersección,S/D,S/D,Nocturna,S/D,S/D,S/D,Colisión,S/D,S/D,S/D,S/D,error,"['Laguna', 'Avenida Abanderado Grandoli']",2,error,,,,,,,,,,
2012,13479,2012-09-08,Sabado,0.0,21:10:00,,0.0,2,"Moto/Ciclomotor,Automóvil",Roullon Y Centeno,2,1,0,0,1,0,0,,Calle,,ROSARIO,Rosario,Asfalto,No existe,II,Dentro,Urbana,Ninguna,No existe,Intersección,Deteriorada,Reducida,Nocturna,Otro,Otro,S/D,Colisión,Otro,Faltante,Ninguna,Sin restricción,error,"['Alfredo Rouillón', 'Centeno']",2,error,,,,,,,,,,
2012,13493,2012-09-23,Domingo,0.0,03:40:00,,0.0,2,"Automóvil,Moto/Ciclomotor",Santa Fe Y Antequera,3,2,0,0,1,0,0,,Calle,,ROSARIO,Rosario,Asfalto,No existe,II,Dentro,Urbana,S/D,No existe,Recta,Bueno,Buena,Nocturna,Buen Tiempo,De alcance,S/D,Colisión,S/D,S/D,Ninguna,Sin restricción,error,"['Santa Fe', 'Antequera']",2,error,,,,,,,,,,
2012,13503,2012-09-01,Sabado,0.0,13:45:00,,0.0,2,"Moto/Ciclomotor,Automóvil",PJ. NEWERY Y COLECTORA,4,1,0,0,3,0,0,,Calle,,ROSARIO,Rosario,Asfalto,Natural,II,Dentro,Urbana,S/D,S/D,Recta,Bueno,Buena,Diurna,S/D,S/D,S/D,Colisión,S/D,S/D,S/D,S/D,error,"['Pasaje Newbery', 'Colectora']",2,error,,,,,,,,,,
2012,13506,2012-09-10,Lunes,0.0,17:10:00,,0.0,2,"Peatón,Moto/Ciclomotor",Ayala Gauna Y Colombia,2,1,0,0,1,0,0,,Calle,,ROSARIO,Rosario,Asfalto,S/D,II,Dentro,Urbana,S/D,S/D,Recta,S/D,S/D,Atardecer,S/D,Otro,S/D,Colisión,S/D,S/D,S/D,S/D,error,"['Ayala Gauna', 'Colombia']",2,error,,,,,,,,,,
2012,13508,2012-09-17,Lunes,0.0,13:30:00,,0.0,2,"Peatón,Pickup/Utilitario",Ayala Gauna Y Colombia,2,1,0,0,1,0,0,,Calle,,ROSARIO,Rosario,Asfalto,S/D,II,Dentro,Urbana,S/D,S/D,Intersección,Bueno,S/D,Diurna,S/D,S/D,S/D,Atropello,S/D,S/D,S/D,S/D,error,"['Ayala Gauna', 'Colombia']",2,error,,,,,,,,,,
2012,13586,2012-09-21,Viernes,0.0,18:30:00,,0.0,2,"Peatón,Automóvil",Pte.Roca 920,2,1,0,0,1,0,0,,Calle,,ROSARIO,Rosario,Asfalto,S/D,II,Dentro,Urbana,S/D,S/D,Recta,S/D,S/D,Diurna,S/D,Otro,S/D,Atropello,S/D,S/D,S/D,S/D,no funciono,['Presidenteroca 920'],1,Presidenteroca 920,,,,,,,,,,
2012,13589,2012-09-25,Martes,0.0,13:15:00,,0.0,2,"Automóvil,Automóvil",E.Zeballos Y 9 De Julio,2,1,0,0,1,0,0,,Calle,,ROSARIO,Rosario,Asfalto,S/D,II,Dentro,Urbana,S/D,S/D,Intersección,Bueno,S/D,Diurna,S/D,S/D,S/D,Colisión,S/D,S/D,S/D,S/D,error,"['Zeballos', '9 de Julio']",2,error,,,,,,,,,,
2012,13628,2012-09-26,Miercoles,0.0,09:20:00,,0.0,2,"Peatón,Automóvil",Cordoba Y Alvear,2,1,0,0,1,0,0,,S/D,,ROSARIO,Rosario,Asfalto,S/D,II,S/D,Urbana,S/D,S/D,Intersección,S/D,S/D,Diurna,S/D,Otro,S/D,Atropello,S/D,S/D,S/D,S/D,error,"['Córdoba', 'Alvear']",2,error,,,,,,,,,,
2012,13656,2012-09-01,Sabado,0.0,19:10:00,,0.0,2,"Automóvil,Automóvil",Av. Wheelwright Y Alvear,2,1,0,0,0,0,1,,Calle,,ROSARIO,Rosario,Asfalto,S/D,II,Dentro,Urbana,S/D,S/D,Intersección,S/D,S/D,S/D,S/D,De alcance,S/D,Colisión,S/D,S/D,S/D,S/D,error,"['Avenida Guillermo Wheelwright', 'Alvear']",2,error,,,,,,,,,,
2012,13720,2012-09-13,Jueves,0.0,12:30:00,,0.0,2,"Automóvil,Moto/Ciclomotor",Balcarce Y San Lorenzo,2,1,0,0,1,0,0,,Calle,,ROSARIO,Rosario,Asfalto,Pavimento,II,Dentro,Urbana,Señal Pare,No existe,Intersección,Bueno,Buena,Diurna,Buen Tiempo,Frontal,S/D,Colisión,S/D,Vertical,Ninguna,Sin restricción,error,"['Balcarce', 'San Lorenzo']",2,error,,,,,,,,,,
2012,13737,2012-09-24,Lunes,0.0,10:45:00,,0.0,2,"Automóvil,Automóvil",Cordoba Y Valle Hermoso,2,1,0,0,1,0,0,,Calle,,ROSARIO,Rosario,Asfalto,S/D,II,Dentro,Urbana,S/D,S/D,Intersección,S/D,S/D,Diurna,S/D,S/D,S/D,Colisión,S/D,S/D,Cordón divisorio,S/D,error,"['Córdoba', 'Valle Hermoso']",2,error,,,,,,,,,,
2012,13790,2012-09-14,Viernes,0.0,09:30:00,,0.0,2,"Pickup/Utilitario,Moto/Ciclomotor",Av. Pellegrini Y Pje. Dabat,2,1,0,0,1,0,0,,Avenida,,ROSARIO,Rosario,Asfalto,S/D,II,Dentro,Urbana,S/D,S/D,Intersección,S/D,S/D,Diurna,S/D,S/D,S/D,Colisión,S/D,S/D,S/D,S/D,error,"['Pellegrini', 'Dabat']",2,error,,,,,,,,,,
2012,13799,2012-09-29,Sabado,0.0,,,0.0,2,"Bicicleta,Automóvil",Bv. Oroño 500,2,1,0,0,1,0,0,,Avenida,,ROSARIO,Rosario,Asfalto,S/D,II,Dentro,Urbana,S/D,S/D,Intersección,S/D,S/D,S/D,S/D,S/D,S/D,Atropello,S/D,S/D,Cordón divisorio,S/D,no funciono,['Nicasio Oroñoño 500'],1,Nicasio Oroñoño 500,,,,,,,,,,
2012,13811,2012-09-09,Domingo,0.0,09:00:00,,0.0,2,"Peatón,Automóvil",Cordoba Y Parana,2,1,0,0,0,0,1,,Calle,,ROSARIO,Rosario,Asfalto,S/D,II,Dentro,Urbana,S/D,S/D,Intersección,S/D,S/D,Diurna,S/D,S/D,S/D,Atropello,S/D,S/D,S/D,S/D,error,"['Córdoba', 'Paraná']",2,error,,,,,,,,,,
2012,13828,2012-09-25,Martes,0.0,18:30:00,,0.0,2,"Automóvil,Automóvil", ,3,1,0,0,2,0,0,,Calle,,ROSARIO,Rosario,Asfalto,Pavimento,II,Dentro,Urbana,Ninguna,No existe,Intersección,Bueno,Buena,Atardecer,Buen Tiempo,S/D,S/D,Colisión,S/D,Faltante,Ninguna,Sin restricción,,[''],0,,,,,,,,,,,
2012,13943,2012-10-05,Viernes,0.0,08:35:00,,0.0,2,"Moto/Ciclomotor,Automóvil",Castellanos Y San Nicolas,3,2,0,0,1,0,0,,Calle,,ROSARIO,Rosario,Asfalto,S/D,II,Dentro,Urbana,Señal Pare,No existe,Intersección,Bueno,Buena,Diurna,S/D,Frontal,S/D,Colisión,S/D,S/D,S/D,S/D,error,"['Aaron Castellanos', 'San Nicolás']",2,error,,,,,,,,,,
2012,13957,2012-10-08,Lunes,0.0,18:00:00,,0.0,2,"Automóvil,Moto/Ciclomotor",VICTOR MERCANTE Y SALVADOR ALLENDE,3,2,0,0,1,0,0,,Avenida,,ROSARIO,Rosario,Asfalto,No existe,II,Dentro,Urbana,Semáforo,No existe,Recta,Bueno,Buena,Atardecer,Lluvia,Lateral,S/D,Colisión,Otro,Faltante,Ninguna,Sin restricción,error,"['Víctor Mercante', 'Salvador Allende']",2,error,,,,,,,,,,
2012,13987,2012-10-05,Viernes,0.0,19:35:00,,0.0,2,"Automóvil,Automóvil",Av. Eva Peron Y Avalos,2,1,0,0,1,0,0,,Avenida,,ROSARIO,Rosario,Asfalto,No existe,II,Dentro,Urbana,Semáforo,Funciona,Recta,Bueno,Buena,Diurna,Buen Tiempo,S/D,S/D,Colisión,S/D,Vertical,Barrera de hormigón,Sin restricción,error,"['Avenida Eva Perón', 'Ávalos']",2,error,,,,,,,,,,
2012,13993,2012-10-10,Miercoles,0.0,18:00:00,,0.0,2,"Moto/Ciclomotor,Automóvil",Roullon Y Victor Mercante,2,1,0,0,1,0,0,,Calle,,ROSARIO,Rosario,Asfalto,No existe,II,Dentro,Urbana,Ninguna,No existe,Intersección,Bueno,Buena,Diurna,Buen Tiempo,S/D,S/D,Colisión,S/D,Horizontal,Ninguna,Sin restricción,error,"['Alfredo Rouillón', 'Víctor Mercante']",2,error,,,,,,,,,,
2012,13997,2012-10-11,Jueves,0.0,08:40:00,,0.0,2,"Automóvil,Moto/Ciclomotor",Barra Y Victor Mercante,2,1,0,0,1,0,0,,Calle,,ROSARIO,Rosario,Asfalto,No existe,II,Dentro,Urbana,Ninguna,No existe,Intersección,Bueno,Buena,Diurna,Buen Tiempo,S/D,S/D,Colisión,S/D,Horizontal,Ninguna,Sin restricción,error,"['Barra', 'Víctor Mercante']",2,error,,,,,,,,,,
2012,14128,2012-10-16,Martes,0.0,11:00:00,,0.0,2,"Moto/Ciclomotor,Pickup/Utilitario",Luis Vila Y Cullen,3,2,0,0,1,0,0,,Calle,,ROSARIO,Rosario,Asfalto,No existe,II,Dentro,Urbana,Ninguna,No existe,Recta,Bueno,Buena,Diurna,Buen Tiempo,S/D,S/D,Colisión,S/D,Horizontal,Ninguna,Sin restricción,error,"['Doctor Vila', 'Cullen']",2,error,,,,,,,,,,
2012,14133,2012-10-14,Domingo,0.0,06:50:00,,0.0,2,"Automóvil,Automóvil",Av. Del Valle Y Ricchieri,2,1,0,0,0,0,1,,Avenida,,ROSARIO,Rosario,Asfalto,Pavimento,II,Dentro,Urbana,S/D,No existe,Curva,Bueno,Buena,"Amanecer,Con luz artificial",Buen Tiempo,S/D,S/D,Vuelco,S/D,Faltante,S/D,S/D,error,"['Del Valle', 'Ricchieri']",2,error,,,,,,,,,,
2012,14135,2012-10-24,Miercoles,0.0,19:30:00,,0.0,2,"Automóvil,Automóvil", ,3,2,0,0,1,0,0,,Calle,,ROSARIO,Rosario,Asfalto,No existe,II,Dentro,Urbana,Semáforo,Funciona,Intersección,Bueno,Buena,Diurna,Buen Tiempo,De alcance,S/D,Colisión,S/D,Vertical,Barrera de hormigón,Sin restricción,,[''],0,,,,,,,,,,,
2012,14140,2012-10-17,Miercoles,0.0,06:40:00,,0.0,2,"Moto/Ciclomotor,Automóvil",CELESTINO ESCALADA ,2,1,0,0,1,0,0,,Calle,,ROSARIO,Rosario,Asfalto,No existe,II,Dentro,Urbana,Ninguna,No existe,Curva,Bueno,Buena,Amanecer,Buen Tiempo,Otro,S/D,Colisión,Otro,Faltante,Ninguna,Sin restricción,no funciono,['Celestino Escalada'],1,Celestino Escalada,,,,,,,,,,