anio_acci,nro_acci,fecha,desc_dia,fecha_aprox,hora_aprox,desc_ruta,km,cant_participantes,desc_participante,calle_avenida_km,total,heridos_leves,heridos_graves,heridos_gravisimos,ilesos,fallecidos,sin_datos,posicion_XY,desc_tipo_via,desc_ruta_ori,desc_loc,desc_dpto,desc_tipo_calzada,desc_tipo_banquina,desc_unidad_regional,desc_lugar_calzada,desc_zona,desc_prioridad,desc_estado_semaforo,desc_lugar_via,desc_estado_via,desc_estado_visibilidad,desc_luminosidad,desc_estado_clima,desc_tipo_colision,desc_tipo_atropello,desc_tipo_hecho,desc_pres_calzada,desc_senializacion,desc_separacion_via,desc_restriccion,forma_geocod,calle_lista,numero_calles,calles_osm,lat,lon,index_right,gid,fna,gna,nam,in1,fdc,sag
2012,14183,2012-10-05,Viernes,0.0,18:00:00,,0.0,2,"Moto/Ciclomotor,Transporte de Pasajeros Urbano (> 8 asientos)",ABORIGENES Y PJE. 1380,2,1,0,0,1,0,0,,Calle,,ROSARIO,Rosario,Asfalto,No existe,II,Dentro,Urbana,Ninguna,No existe,Intersección,Deteriorada,S/D,S/D,Otro,Lateral,S/D,Colisión,Otro,Faltante,Ninguna,Sin restricción,sec calles no encontradas,"['Aborigenes', '1380']",2,error,,,,,,,,,,
2012,14184,2012-10-28,Domingo,0.0,19:00:00,,0.0,2,"Automóvil,Automóvil",Av. Del Valle Y Ricchieri,2,1,0,0,1,0,0,,Avenida,,ROSARIO,Rosario,Asfalto,S/D,II,Dentro,Urbana,S/D,No existe,Recta,S/D,Buena,Diurna,Buen Tiempo,De alcance,S/D,Colisión,S/D,Horizontal,S/D,S/D,error,"['Del Valle', 'Ricchieri']",2,error,,,,,,,,,,
2012,14255,2012-10-22,Lunes,0.0,19:10:00,,0.0,2,"Bicicleta,Automóvil",Av. Del Valle Y Rodriguez,2,1,0,0,1,0,0,,Avenida,,ROSARIO,Rosario,Asfalto,S/D,II,Dentro,Urbana,Señal Ceda el Paso,No existe,Recta,Bueno,S/D,S/D,Buen Tiempo,Lateral,S/D,Atropello,S/D,Horizontal,S/D,S/D,error,"['Del Valle', 'Rodríguez']",2,error,,,,,,,,,,
2012,14256,2012-10-02,Martes,0.0,23:00:00,,0.0,2,"Peatón,Automóvil",Rivarola Y J.Colombres,2,1,0,0,1,0,0,,Calle,,ROSARIO,Rosario,Asfalto,No existe,II,Dentro,Urbana,Ninguna,No existe,Intersección,Bueno,Buena,"Nocturna,Con luz artificial",Buen Tiempo,Otro,S/D,Atropello,S/D,Faltante,Ninguna,Sin restricción,error,"['Rivarola', 'José Colombres']",2,error,,,,,,,,,,
2012,14267,2012-10-01,Lunes,0.0,05:50:00,,0.0,2,"Bicicleta,Transporte de Pasajeros Urbano (> 8 asientos)",Av. De Las Palmeras Y Uruguay,2,1,0,0,0,0,1,,Calle,,ROSARIO,Rosario,Asfalto,No existe,II,Dentro,Urbana,Ninguna,No existe,Intersección,Bueno,Buena,Amanecer,Buen Tiempo,Lateral,S/D,Atropello,S/D,Faltante,Ninguna,Sin restricción,error,"['Las Palmas', 'Uruguay']",2,error,,,,,,,,,,
2012,14278,2012-10-22,Lunes,0.0,22:20:00,,0.0,2,"Automóvil,Automóvil",aV. cIRCUNVALACIÓN Y PUENTE CENTENO,2,1,0,0,0,0,1,,Avenida,,ROSARIO,Rosario,Asfalto,Natural,II,Dentro,Urbana,Marca Vial,No existe,Recta,Bueno,S/D,S/D,Lluvia,Otro,S/D,Colisión,S/D,S/D,Barrera de hormigón,Obra en Construcción,sec calles no encontradas,"['Circunvalación', 'Puente Centeno']",2,error,,,,,,,,,,
2012,14285,2012-10-25,Jueves,0.0,15:30:00,,0.0,2,"Moto/Ciclomotor,Automóvil",Av. De Las Palmeras Y Calle 1715,2,1,0,0,1,0,0,,Calle,,ROSARIO,Rosario,Asfalto,No existe,II,Dentro,Urbana,Ninguna,No existe,Intersección,Bueno,Buena,Diurna,Buen Tiempo,Lateral,S/D,Colisión,S/D,Faltante,Ninguna,Sin restricción,error,"['Las Palmas', 'Plácido Grela']",2,error,,,,,,,,,,
2012,14289,2012-10-25,Jueves,0.0,06:45:00,,0.0,2,"Automóvil,Transporte de Pasajeros Urbano (> 8 asientos)",COLECTORA 25 DE MAYO Y RIVAROLA,2,1,0,0,1,0,0,,Calle,,ROSARIO,Rosario,Asfalto,Natural,II,Dentro,Urbana,Ninguna,No existe,Intersección,Bueno,Buena,Amanecer,Buen Tiempo,Lateral,S/D,Colisión,S/D,S/D,Ninguna,Sin restricción,ppal calles no encontradas,"['Avenida 25 de Mayo', 'Rivarola']",2,error,,,,,,,,,,
2012,14328,2012-10-28,Domingo,0.0,04:00:00,,0.0,2,"Automóvil,Moto/Ciclomotor",Rivarola Y Av. Ovidio Lagos,3,2,0,0,1,0,0,,Calle,,ROSARIO,Rosario,Asfalto,Natural,II,Dentro,Urbana,Ninguna,No existe,Intersección,Bueno,Reducida,Nocturna,Lluvia,Lateral,S/D,Colisión,Agua,S/D,Ninguna,Sin restricción,error,"['Rivarola', 'Avenida Ovidio Lagos']",2,error,,,,,,,,,,
2012,14424,2012-10-06,Sabado,0.0,22:30:00,,0.0,2,"Automóvil,Moto/Ciclomotor",Rivarola Y J.Colombres,3,2,0,0,1,0,0,,Calle,,ROSARIO,Rosario,Asfalto,No existe,II,Dentro,Urbana,Ninguna,No existe,Intersección,Deteriorada,Reducida,"Nocturna,Con luz artificial",Lluvia,Lateral,S/D,Colisión,S/D,S/D,Ninguna,Sin restricción,error,"['Rivarola', 'José Colombres']",2,error,,,,,,,,,,
2012,14442,2012-10-02,Martes,0.0,23:10:00,,0.0,1,,G.Carrasco Y Escauriza,2,1,0,0,1,0,0,,Calle,,ROSARIO,Rosario,Asfalto,No existe,II,Dentro,Urbana,Marca Vial,No existe,Recta,"Bueno,Otro",Buena,Nocturna,Buen Tiempo,De alcance,S/D,Colisión,Otro,Faltante,Línea divisoria pintada,Sin restricción,error,"['Carrasco', 'Escauriza']",2,error,,,,,,,,,,
2012,14489,2012-10-03,Miercoles,0.0,19:00:00,,0.0,2,"Moto/Ciclomotor,Automóvil",Donado Y Brandsen,2,1,0,0,1,0,0,,Calle,,ROSARIO,Rosario,Asfalto,No existe,II,Dentro,Urbana,S/D,No existe,Recta,Bueno,Buena,Nocturna,Buen Tiempo,Frontal,S/D,Colisión,S/D,Horizontal,Barrera de hormigón,Sin restricción,error,"['Donado', 'Brandsen']",2,error,,,,,,,,,,
2012,14498,2012-10-17,Miercoles,0.0,16:55:00,,0.0,2,"Automóvil,Moto/Ciclomotor",Junin Y Planas Casas,2,1,0,0,1,0,0,,Calle,,ROSARIO,Rosario,Asfalto,No existe,II,Dentro,Urbana,Ninguna,No existe,Intersección,Bueno,Buena,Diurna,S/D,Frontal,S/D,Colisión,S/D,Faltante,Ninguna,Sin restricción,error,"['Junín', 'Planas Casas']",2,error,,,,,,,,,,
2012,14547,2012-11-14,Miercoles,0.0,21:00:00,,0.0,3,"Moto/Ciclomotor,Moto/Ciclomotor,Automóvil",PJ 1453 Y PJE B ,3,2,0,0,1,0,0,,Calle,,ROSARIO,Rosario,Asfalto,S/D,II,Dentro,Urbana,S/D,S/D,Intersección,S/D,S/D,Nocturna,S/D,S/D,S/D,Colisión,S/D,S/D,S/D,S/D,ppal calles no encontradas,"['Pj 1453', 'Pasaje B']",2,error,,,,,,,,,,
2012,14555,2012-11-01,Jueves,0.0,17:30:00,,0.0,2,"Automóvil,Automóvil",Villa del Parque Y Grandoli,3,1,0,0,2,0,0,,Calle,,ROSARIO,Rosario,Asfalto,No existe,II,S/D,Urbana,Ninguna,No existe,Intersección,Bueno,Buena,Diurna,Buen Tiempo,S/D,S/D,Colisión,S/D,S/D,Ninguna,S/D,error,"['Villa del Parque', 'Avenida Abanderado Grandoli']",2,error,,,,,,,,,,
2012,14636,2012-09-23,Domingo,0.0,22:30:00,,0.0,2,"Moto/Ciclomotor,Pickup/Utilitario",Grandoli Y Nicolas Laguna,3,2,0,0,1,0,0,,Calle,,ROSARIO,Rosario,Asfalto,S/D,II,S/D,Urbana,S/D,S/D,Intersección,Bueno,S/D,S/D,S/D,S/D,S/D,S/D,S/D,S/D,S/D,S/D,error,"['Avenida Abanderado Grandoli', 'Laguna']",2,error,,,,,,,,,,
2012,14641,2012-10-25,Jueves,0.0,15:30:00,,0.0,2,"Moto/Ciclomotor,Pickup/Utilitario",Grandoli Y Villa del Parque,2,1,0,0,1,0,0,,Calle,,ROSARIO,Rosario,Asfalto,S/D,II,S/D,Urbana,S/D,S/D,Intersección,Bueno,S/D,S/D,S/D,S/D,S/D,S/D,S/D,S/D,S/D,S/D,error,"['Avenida Abanderado Grandoli', 'Villa del Parque']",2,error,,,,,,,,,,
2012,14699,2012-10-10,Miercoles,0.0,16:53:00,,0.0,2,"Moto/Ciclomotor,Automóvil",Donado Y Mendez,2,1,0,0,1,0,0,,Calle,,ROSARIO,Rosario,Asfalto,No existe,II,Dentro,Urbana,Ninguna,Funciona,Intersección,Bueno,Buena,Diurna,Buen Tiempo,Lateral,S/D,Colisión,S/D,Horizontal,Barrera de hormigón,Sin restricción,error,"['Donado', 'Mendez']",2,error,,,,,,,,,,
2012,14704,2012-10-10,Miercoles,0.0,17:30:00,,0.0,2,"Moto/Ciclomotor,Pickup/Utilitario",MENDOZA Y ESTADOS UNIDOS ,2,1,0,0,1,0,0,,Calle,,ROSARIO,Rosario,Asfalto,Pavimento,II,Dentro,Urbana,Ninguna,Funciona,Recta,Bueno,Buena,Diurna,Buen Tiempo,Lateral,S/D,Colisión,Agua,Horizontal,Ninguna,Sin restricción,sec calles no encontradas,"['Mendoza', 'Avenida 25 De Mayo']",2,error,,,,,,,,,,
2012,14766,2012-10-25,Jueves,0.0,19:35:00,,0.0,2,"Automóvil,Moto/Ciclomotor",Esquel Y Garzon,2,1,0,0,1,0,0,,Calle,,ROSARIO,Rosario,Asfalto,No existe,II,Dentro,Urbana,Ninguna,No existe,Intersección,Bueno,Buena,Atardecer,S/D,Lateral,S/D,Colisión,S/D,Faltante,Ninguna,Sin restricción,error,"['Esquel', 'Garzón']",2,error,,,,,,,,,,
2012,14818,2012-10-02,Martes,0.0,07:25:00,,0.0,2,"Automóvil,Automóvil",Av. Pellegrini Bis 100,2,1,0,0,1,0,0,,Avenida,,ROSARIO,Rosario,Asfalto,S/D,II,Dentro,Urbana,S/D,No existe,Recta,Bueno,S/D,Diurna,S/D,S/D,S/D,Colisión,S/D,S/D,Cordón divisorio,Sin restricción,no funciono,['Pellegrini Bis 100'],1,Pellegrini Bis 100,,,,,,,,,,
2012,14846,2012-10-13,Sabado,0.0,19:00:00,,0.0,2,"Peatón,Automóvil",Pje. Maraton ,2,1,0,0,0,0,1,,Calle,,ROSARIO,Rosario,Asfalto,No existe,II,Dentro,Urbana,Ninguna,No existe,Intersección,S/D,S/D,Atardecer,S/D,S/D,S/D,Atropello,S/D,S/D,Ninguna,Sin restricción,no funciono,['Pasaje Maraton'],1,Pasaje Maraton,,,,,,,,,,
2012,14985,2012-10-11,Jueves,0.0,18:40:00,,0.0,2,"Automóvil,Transporte de Pasajeros Urbano (> 8 asientos)",Servando Bayo Y Cordoba,2,1,0,0,1,0,0,,Calle,,ROSARIO,Rosario,Asfalto,S/D,II,Dentro,Urbana,S/D,S/D,Intersección,S/D,S/D,S/D,S/D,S/D,S/D,Colisión,S/D,S/D,Cordón divisorio,S/D,error,"['Servando Bayo', 'Córdoba']",2,error,,,,,,,,,,
2012,14987,2012-10-12,Viernes,0.0,09:00:00,,0.0,2,"Automóvil,Moto/Ciclomotor",Callao Y Rodriguez,2,1,0,0,1,0,0,,Calle,,ROSARIO,Rosario,Asfalto,S/D,II,Dentro,Urbana,S/D,S/D,Intersección,S/D,S/D,Diurna,S/D,S/D,S/D,Colisión,S/D,S/D,Cordón divisorio,S/D,error,"['Callao', 'Rodríguez']",2,error,,,,,,,,,,
2012,15007,2012-10-16,Martes,0.0,,,0.0,2,"Automóvil,Automóvil",Cordoba Y Iriondo,3,1,0,0,2,0,0,,Calle,,ROSARIO,Rosario,Asfalto,S/D,II,Dentro,Urbana,S/D,S/D,Intersección,S/D,S/D,S/D,S/D,S/D,S/D,Colisión,S/D,S/D,Cordón divisorio,S/D,error,"['Córdoba', 'Iriondo']",2,error,,,,,,,,,,
2012,15024,2012-10-19,Viernes,0.0,17:45:00,,0.0,1,,3 De Febrero Y Pje. S.Dumont,2,1,0,0,1,0,0,,Calle,,ROSARIO,Rosario,Asfalto,S/D,II,Dentro,Urbana,S/D,S/D,Intersección,S/D,S/D,Diurna,S/D,S/D,S/D,Colisión,S/D,S/D,S/D,S/D,error,"['3 de Febrero', 'Drumond']",2,error,,,,,,,,,,
2012,15025,2012-10-19,Viernes,0.0,17:45:00,,0.0,2,"Automóvil,Moto/Ciclomotor",3 De Febrero Y Pje. S.Dumont,2,1,0,0,1,0,0,,Calle,,ROSARIO,Rosario,Asfalto,S/D,II,Dentro,Urbana,S/D,S/D,Intersección,S/D,S/D,Diurna,S/D,S/D,S/D,Colisión,S/D,S/D,S/D,S/D,error,"['3 de Febrero', 'Drumond']",2,error,,,,,,,,,,
2012,15050,2012-10-24,Miercoles,0.0,21:30:00,,0.0,2,"Moto/Ciclomotor,Automóvil",Av. Pellegrini Y Parana,3,2,0,0,1,0,0,,Calle,,ROSARIO,Rosario,Asfalto,S/D,II,Dentro,Urbana,S/D,S/D,Intersección,S/D,S/D,Nocturna,S/D,S/D,S/D,Colisión,S/D,S/D,Cordón divisorio,S/D,error,"['Pellegrini', 'Paraná']",2,error,,,,,,,,,,
2012,15104,2012-10-10,Miercoles,0.0,13:30:00,,0.0,1,,Av. Ntra.Sra.del Rosario Y Lituania,2,1,0,0,1,0,0,,Calle,,ROSARIO,Rosario,Asfalto,No existe,II,S/D,Urbana,Ninguna,No existe,Recta,Bueno,Buena,Diurna,Buen Tiempo,Lateral,S/D,Colisión,S/D,Faltante,Ninguna,Sin restricción,error,"['Nuestra Señora del Rosario', 'Lituania']",2,error,,,,,,,,,,
2012,15106,2012-10-10,Miercoles,0.0,13:30:00,,0.0,2,"Tracción animal / Carro,Transporte de Pasajeros Urbano (> 8 asientos)",Av. Ntra.Sra.del Rosario Y Lituania,2,1,0,0,1,0,0,,Calle,,ROSARIO,Rosario,Asfalto,No existe,II,S/D,Urbana,Ninguna,No existe,Recta,Bueno,Buena,Diurna,Buen Tiempo,Lateral,S/D,Colisión,S/D,Faltante,Ninguna,Sin restricción,error,"['Nuestra Señora del Rosario', 'Lituania']",2,error,,,,,,,,,,
2012,15115,2012-10-12,Viernes,0.0,14:30:00,,0.0,2,"Moto/Ciclomotor,Transporte de Pasajeros Urbano (> 8 asientos)",Av. Ntra.Sra.del Rosario Y Lituania,2,1,0,0,1,0,0,,Calle,,ROSARIO,Rosario,Asfalto,S/D,II,Dentro,Urbana,Ninguna,S/D,Recta,Bueno,S/D,S/D,Buen Tiempo,Lateral,S/D,Colisión,S/D,Faltante,Ninguna,Sin restricción,error,"['Nuestra Señora del Rosario', 'Lituania']",2,error,,,,,,,,,,
2012,15119,2012-10-11,Jueves,0.0,14:40:00,,0.0,2,"Automóvil,Moto/Ciclomotor", ,3,1,0,0,2,0,0,,Calle,,ROSARIO,Rosario,Asfalto,S/D,II,Dentro,Urbana,S/D,S/D,Intersección,Bueno,Buena,Diurna,S/D,Lateral,S/D,Colisión,S/D,S/D,Cordón divisorio,S/D,,[''],0,,,,,,,,,,,
2012,15126,2012-10-13,Sabado,0.0,09:00:00,,0.0,2,"Automóvil,Camión",Bv. Oroño Y Av. Battle y Ordoñez,2,1,0,0,1,0,0,,Avenida,,ROSARIO,Rosario,Asfalto,No existe,II,Dentro,Urbana,Semáforo,Funciona,Rotonda,Bueno,Buena,Diurna,Buen Tiempo,Lateral,S/D,Colisión,S/D,S/D,Cordón divisorio,Sin restricción,error,"['Bulevar Nicasio Oroño', 'Avenida Battle y Ordoñez']",2,error,,,,,,,,,,
2012,15142,2012-10-02,Martes,0.0,12:35:00,,0.0,2,"Peatón,Transporte de Pasajeros Urbano (> 8 asientos)",San Martin Y Olegario V.Andrade,2,1,0,0,1,0,0,,Calle,,ROSARIO,Rosario,Asfalto,No existe,II,Dentro,Urbana,Semáforo,Funciona,Intersección,S/D,Buena,Diurna,S/D,S/D,S/D,Atropello,S/D,S/D,Ninguna,Sin restricción,error,"['San Martin', 'Olegario V Andrade']",2,error,,,,,,,,,,
2012,15149,2012-10-05,Viernes,0.0,17:30:00,,0.0,2,"Automóvil,Moto/Ciclomotor",Sarmiento Y Uruguay,2,1,0,0,1,0,0,,Calle,,ROSARIO,Rosario,Asfalto,No existe,II,Dentro,Urbana,Ninguna,No existe,Intersección,S/D,S/D,Diurna,S/D,Lateral,S/D,Colisión,S/D,S/D,Ninguna,Sin restricción,error,"['Sarmiento', 'Uruguay']",2,error,,,,,,,,,,
2012,15232,2012-10-25,Jueves,0.0,21:15:00,,0.0,2,"Moto/Ciclomotor,Automóvil",Pje. Bacle Y 24 De Setiembre,3,2,0,0,1,0,0,,Calle,,ROSARIO,Rosario,Asfalto,No existe,II,Dentro,Urbana,Marca Vial,No existe,Intersección,Bueno,Buena,Nocturna,Buen Tiempo,Lateral,S/D,Colisión,S/D,S/D,Ninguna,Sin restricción,error,"['Bacle', '24 de Septiembre']",2,error,,,,,,,,,,
2012,15234,2012-10-13,Sabado,0.0,08:25:00,,0.0,2,"Automóvil,Automóvil", ,2,1,0,0,1,0,0,,Avenida,,ROSARIO,Rosario,Asfalto,No existe,II,Dentro,Urbana,Ninguna,No existe,Cruce,Bueno,Buena,Diurna,Buen Tiempo,Lateral,S/D,Colisión,S/D,Faltante,Línea divisoria pintada,Sin restricción,,[''],0,,,,,,,,,,,
2012,15258,2012-10-26,Viernes,0.0,15:15:00,,0.0,2,"Moto/Ciclomotor,Automóvil",San Martin Y Olegario V.Andrade,3,2,0,0,1,0,0,,Calle,,ROSARIO,Rosario,Asfalto,No existe,II,Dentro,Urbana,Marca Vial,No existe,Intersección,Bueno,Buena,Diurna,Buen Tiempo,Lateral,S/D,Colisión,S/D,Vertical,Línea divisoria pintada,Sin restricción,error,"['San Martin', 'Olegario V Andrade']",2,error,,,,,,,,,,
2012,15307,2012-10-10,Miercoles,0.0,18:35:00,,0.0,2,"Automóvil,Automóvil",Alzugaray Y Benzuley,4,2,0,0,2,0,0,,Calle,,ROSARIO,Rosario,Asfalto,No existe,II,Dentro,Urbana,Ninguna,No existe,Intersección,Bueno,Buena,Atardecer,S/D,Lateral,S/D,Colisión,S/D,S/D,S/D,S/D,error,"['Alzugaray', 'Bensuley']",2,error,,,,,,,,,,
2012,15318,2012-10-21,Domingo,0.0,13:00:00,,0.0,2,"Bicicleta,Automóvil",Biedma Y Ricchieri,2,1,0,0,1,0,0,,Calle,,ROSARIO,Rosario,Asfalto,No existe,II,Dentro,Urbana,Ninguna,No existe,Intersección,Bueno,Buena,Diurna,Buen Tiempo,Lateral,S/D,Atropello,S/D,Faltante,Ninguna,Sin restricción,error,"['Coronel Biedma', 'Ricchieri']",2,error,,,,,,,,,,
2012,15325,2012-10-11,Jueves,0.0,,,0.0,2,"Peatón,Automóvil",Balcarce Y Mariano Moreno,2,1,0,0,1,0,0,,Calle,,ROSARIO,Rosario,Asfalto,S/D,II,Dentro,Urbana,S/D,S/D,Intersección,Bueno,S/D,S/D,S/D,S/D,S/D,Atropello,S/D,S/D,S/D,S/D,error,"['Balcarce', 'Mariano Moreno']",2,error,,,,,,,,,,
2012,15352,2012-10-14,Domingo,0.0,,,0.0,2,"Moto/Ciclomotor,Automóvil", ,3,1,0,0,2,0,0,,S/D,,ROSARIO,Rosario,Asfalto,S/D,II,S/D,Urbana,S/D,S/D,Intersección,S/D,S/D,S/D,S/D,S/D,S/D,Colisión,S/D,S/D,S/D,S/D,,[''],0,,,,,,,,,,,
2012,15370,2012-10-18,Jueves,0.0,15:45:00,,0.0,2,"Moto/Ciclomotor,Automóvil",Patricios Y Saavedra,2,1,0,0,1,0,0,,Calle,,ROSARIO,Rosario,Asfalto,No existe,II,Dentro,Urbana,Ninguna,No existe,Intersección,Deteriorada,Buena,Diurna,S/D,Otro,S/D,Colisión,S/D,S/D,Ninguna,Sin restricción,error,"['Patricios', 'Saavedra']",2,error,,,,,,,,,,
2012,15373,2012-10-19,Viernes,0.0,21:35:00,,0.0,2,"Bicicleta,Automóvil",San Martin Y Friuli,2,1,0,0,1,0,0,,Calle,,ROSARIO,Rosario,Asfalto,No existe,II,Dentro,Urbana,Ninguna,No existe,Intersección,Bueno,Reducida,Nocturna,S/D,Frontal,S/D,Atropello,Otro,Faltante,Cordón divisorio,Sin restricción,error,"['San Martin', 'Friuli']",2,error,,,,,,,,,,
2012,15377,2012-10-20,Sabado,0.0,16:55:00,,0.0,2,"Moto/Ciclomotor,Automóvil",Brandsen Y España,3,2,0,0,1,0,0,,Calle,,ROSARIO,Rosario,Asfalto,No existe,II,Dentro,Urbana,Ninguna,No existe,Intersección,Bueno,Buena,Diurna,S/D,Otro,S/D,Colisión,Otro,Faltante,Ninguna,Sin restricción,error,"['Brandsen', 'España']",2,error,,,,,,,,,,
2012,15480,2012-11-25,Domingo,0.0,20:50:00,,0.0,2,"Moto/Ciclomotor,Moto/Ciclomotor",SIN CALLE Y SIN CALLE,2,1,0,0,1,0,0,,S/D,,ROSARIO,Rosario,Asfalto,S/D,II,S/D,Urbana,S/D,S/D,Intersección,S/D,S/D,Nocturna,S/D,Otro,S/D,Colisión,S/D,S/D,S/D,S/D,error,"['Sin', 'Sin']",2,error,,,,,,,,,,
2012,15528,2012-11-02,Viernes,0.0,21:20:00,,0.0,2,"Moto/Ciclomotor,Automóvil",Av. Belgrano Y Pje. 1114,3,2,0,0,1,0,0,,Avenida,,ROSARIO,Rosario,S/D,S/D,II,Dentro,Urbana,S/D,S/D,Intersección,Bueno,Buena,Nocturna,S/D,Lateral,S/D,Colisión,S/D,S/D,S/D,S/D,sec calles no encontradas,"['Belgrano', '1114']",2,error,,,,,,,,,,
2012,15607,2012-11-16,Viernes,0.0,11:00:00,,0.0,2,"Camión,Moto/Ciclomotor",Av. Del Huerto Y Pje. Gral.Savio,2,1,0,0,1,0,0,,Avenida,,ROSARIO,Rosario,Asfalto,No existe,II,Dentro,Urbana,Semáforo,Funciona,Intersección,Bueno,Buena,Diurna,Buen Tiempo,Lateral,S/D,Colisión,S/D,Vertical,Ninguna,Sin restricción,error,"['Del Huerto', 'Savio']",2,error,,,,,,,,,,
2012,15621,2012-11-17,Sabado,0.0,09:00:00,,0.0,2,"Automóvil,Camión",COLECTORA 25 DE MAYO Y AV. OVIDIOS LAGOS,2,1,0,0,1,0,0,,Avenida,,ROSARIO,Rosario,Asfalto,Pavimento,II,Dentro,Urbana,S/D,Funciona,Intersección,Bueno,Buena,Diurna,Buen Tiempo,Lateral,S/D,Colisión,S/D,S/D,S/D,S/D,ppal calles no encontradas,"['Avenida 25 de Mayo', 'Avenida Ovidio Lagos']",2,error,,,,,,,,,,
2012,15658,2012-12-24,Lunes,0.0,07:00:00,,0.0,2,"Moto/Ciclomotor,Automóvil",Av. Circunvalacion Y Centeno,2,0,0,0,1,1,0,,Avenida,,ROSARIO,Rosario,Hormigón,Natural,II,Dentro,Urbana,Ninguna,No existe,Recta,Bueno,Buena,Diurna,Buen Tiempo,De alcance,S/D,Colisión,S/D,S/D,Ninguna,S/D,error,"['Circunvalacion', 'Centeno']",2,error,,,,,,,,,,
2012,15692,2012-11-08,Jueves,0.0,11:35:00,,0.0,2,"Peatón,Tren",AV. ARIJON Y VIAS FERREAS,3,0,0,0,2,1,0,,Avenida,,ROSARIO,Rosario,Asfalto,No existe,II,S/D,Urbana,Otra Señal,No existe,Paso a Nivel FFCC,Bueno,Buena,Diurna,Buen Tiempo,S/D,S/D,Atropello,Otro,Horizontal,Cordón divisorio,Sin restricción,sec calles no encontradas,"['Avenida Manuel Arijón', 'Vias Ferreas']",2,error,,,,,,,,,,
2012,15705,2012-11-29,Jueves,0.0,06:40:00,,0.0,2,"Automóvil,Moto/Ciclomotor",Cordoba Y Gutenberg,2,1,0,0,1,0,0,,Calle,,ROSARIO,Rosario,Asfalto,S/D,II,Dentro,Urbana,S/D,S/D,Intersección,S/D,S/D,S/D,S/D,S/D,S/D,Colisión,S/D,S/D,Cordón divisorio,S/D,error,"['Córdoba', 'Gutenberg']",2,error,,,,,,,,,,
2012,15749,2012-11-14,Miercoles,0.0,12:30:00,,0.0,2,"Automóvil,Automóvil",San Martin Y Av. Battle y Ordoñez,3,1,0,0,2,0,0,,Calle,,ROSARIO,Rosario,Asfalto,No existe,II,Dentro,Urbana,Semáforo,Funciona,Recta,Bueno,Buena,Diurna,Buen Tiempo,Otro,S/D,Colisión,Otro,S/D,Cordón divisorio,Sin restricción,error,"['San Martin', 'Avenida Battle y Ordoñez']",2,error,,,,,,,,,,
2012,15814,2012-11-27,Martes,0.0,20:00:00,,0.0,2,"Peatón,Tren",PJE. DE PINEDO Y VIAS FERREAS,2,1,0,0,1,0,0,,Avenida,,ROSARIO,Rosario,S/D,S/D,II,Dentro,Urbana,Ninguna,S/D,Paso a Nivel FFCC,S/D,Reducida,Nocturna,Buen Tiempo,S/D,S/D,Atropello,S/D,Faltante,S/D,Sin restricción,sec calles no encontradas,"['Pasaje De Pinedo', 'Vias Ferreas']",2,error,,,,,,,,,,
2012,15846,2012-11-05,Lunes,0.0,18:40:00,,0.0,2,"Transporte de Pasajeros Urbano (> 8 asientos),Automóvil",Santa Fe Y Discepolo,3,1,0,0,2,0,0,,Calle,,ROSARIO,Rosario,Asfalto,No existe,II,Dentro,Urbana,Ninguna,No existe,Intersección,Bueno,Buena,Diurna,S/D,Lateral,S/D,Colisión,S/D,Faltante,Ninguna,Sin restricción,error,"['Santa Fe', 'Discepolo']",2,error,,,,,,,,,,
2012,15947,2012-11-04,Domingo,0.0,12:40:00,,0.0,2,"Moto/Ciclomotor,Automóvil",ESTADOS UNIDOS Y TUPAC AMARU,2,1,0,0,1,0,0,,Calle,,ROSARIO,Rosario,Asfalto,No existe,II,Dentro,Urbana,Ninguna,No existe,Recta,Bueno,Buena,Atardecer,Buen Tiempo,Frontal,S/D,Colisión,S/D,Faltante,Barrera de hormigón,Sin restricción,ppal calles no encontradas,"['Avenida 25 De Mayo', 'Tupac Amaru']",2,error,,,,,,,,,,
2012,15970,2012-11-15,Jueves,0.0,20:00:00,,0.0,2,"Automóvil,Moto/Ciclomotor",Av. Eva Peron Y Bv. Wilde,2,1,0,0,1,0,0,,Avenida,,ROSARIO,Rosario,Asfalto,No existe,II,Dentro,Urbana,Ninguna,No existe,Curva,Bueno,Buena,Nocturna,Buen Tiempo,Frontal,S/D,Colisión,S/D,Horizontal,Ninguna,Sin restricción,error,"['Avenida Eva Perón', 'Bulevar Wilde']",2,error,,,,,,,,,,
2012,16030,2012-11-04,Domingo,0.0,09:35:00,,0.0,2,"Moto/Ciclomotor,Automóvil",Sarmiento Y Av. Irigoyen,4,1,0,0,2,0,1,,Avenida,,ROSARIO,Rosario,Asfalto,Pavimento,II,Dentro,Urbana,S/D,No existe,Intersección,Bueno,Buena,Diurna,Buen Tiempo,De alcance,S/D,Colisión,S/D,S/D,Ninguna,Sin restricción,error,"['Sarmiento', 'Avenida Hipólito Irigoyen']",2,error,,,,,,,,,,
2012,16126,2012-11-14,Miercoles,0.0,13:00:00,,0.0,2,"Moto/Ciclomotor,Automóvil",AV. SABIN  Y JUAN B. JUSTO ,2,1,0,0,1,0,0,,Avenida,,ROSARIO,Rosario,Asfalto,S/D,II,Dentro,S/D,Semáforo,Funciona,Recta,Bueno,Buena,Diurna,Buen Tiempo,Lateral,S/D,Colisión,S/D,Vertical,Vegetación,Sin restricción,error,"['Avenida Travesía Albert Sabin', 'Juan B. Justo']",2,error,,,,,,,,,,
2012,16130,2012-11-12,Lunes,0.0,18:10:00,,0.0,2,"Moto/Ciclomotor,Pickup/Utilitario",AV. GENOVA  Y LAS VIAS ,2,1,0,0,1,0,0,,Avenida,,ROSARIO,Rosario,Asfalto,No existe,II,Dentro,Urbana,Ninguna,No existe,Recta,Deteriorada,Buena,Diurna,Buen Tiempo,Frontal,S/D,Colisión,S/D,S/D,Ninguna,Sin restricción,sec calles no encontradas,"['Genova', 'Las Vias']",2,error,,,,,,,,,,
2012,16142,2012-11-10,Sabado,0.0,10:00:00,,0.0,2,"Automóvil,Moto/Ciclomotor",Av. Provincias Unidas Y J.J.Paso,2,1,0,0,1,0,0,,Avenida,,ROSARIO,Rosario,Asfalto,S/D,II,Dentro,Urbana,Ninguna,No existe,Rotonda,Bueno,Buena,Diurna,Buen Tiempo,Otro,S/D,Otro,S/D,Faltante,Ninguna,Sin restricción,error,"['Avenida Provincias Unidas', 'Paso']",2,error,,,,,,,,,,
2012,16165,2012-10-27,Sabado,0.0,13:30:00,,0.0,2,"Moto/Ciclomotor,Pickup/Utilitario",Av. Provincias Unidas Y J.J.Paso,2,1,0,0,1,0,0,,Avenida,,ROSARIO,Rosario,Asfalto,No existe,II,Dentro,Urbana,Semáforo,Funciona,Rotonda,Bueno,Buena,Diurna,Buen Tiempo,Frontal,S/D,Colisión,S/D,Vertical,Ninguna,Sin restricción,error,"['Avenida Provincias Unidas', 'Paso']",2,error,,,,,,,,,,
2012,16167,2012-10-17,Miercoles,0.0,18:00:00,,0.0,2,"Peatón,Moto/Ciclomotor",J.J.Paso Y Av. Provincias Unidas,2,1,0,0,1,0,0,,Avenida,,ROSARIO,Rosario,Asfalto,No existe,II,Dentro,Urbana,Semáforo,Funciona,Rotonda,Bueno,Buena,Diurna,Buen Tiempo,Lateral,S/D,Atropello,S/D,Vertical,Ninguna,Sin restricción,error,"['Paso', 'Avenida Provincias Unidas']",2,error,,,,,,,,,,
2012,16184,2012-11-10,Sabado,0.0,19:20:00,,0.0,2,"Taxi/Remis,Cuatriciclo",Viamonte Y Esquivel,2,1,0,0,1,0,0,,Calle,,ROSARIO,Rosario,Asfalto,S/D,II,Dentro,Urbana,Ninguna,S/D,Intersección,S/D,S/D,Atardecer,Otro,S/D,S/D,Colisión,S/D,S/D,Ninguna,S/D,error,"['Viamonte', 'Esquivel']",2,error,,,,,,,,,,