anio_acci,nro_acci,fecha,desc_dia,fecha_aprox,hora_aprox,desc_ruta,km,cant_participantes,desc_participante,calle_avenida_km,total,heridos_leves,heridos_graves,heridos_gravisimos,ilesos,fallecidos,sin_datos,posicion_XY,desc_tipo_via,desc_ruta_ori,desc_loc,desc_dpto,desc_tipo_calzada,desc_tipo_banquina,desc_unidad_regional,desc_lugar_calzada,desc_zona,desc_prioridad,desc_estado_semaforo,desc_lugar_via,desc_estado_via,desc_estado_visibilidad,desc_luminosidad,desc_estado_clima,desc_tipo_colision,desc_tipo_atropello,desc_tipo_hecho,desc_pres_calzada,desc_senializacion,desc_separacion_via,desc_restriccion,forma_geocod,calle_lista,numero_calles,calles_osm,lat,lon,index_right,gid,fna,gna,nam,in1,fdc,sag
2012,16185,2012-11-20,Martes,0.0,,,0.0,2,"Moto/Ciclomotor,Automóvil",J.Colombres Y Pje. Cachi Bis,3,2,0,0,1,0,0,,S/D,,ROSARIO,Rosario,S/D,S/D,II,S/D,S/D,S/D,S/D,S/D,S/D,S/D,S/D,S/D,S/D,S/D,Colisión,S/D,S/D,S/D,S/D,error,"['José Colombres', 'Cachi']",2,error,,,,,,,,,,
2012,16208,2012-11-08,Jueves,0.0,15:30:00,,0.0,2,"Automóvil,Moto/Ciclomotor",Sarmiento Y Pacheco,2,1,0,0,1,0,0,,Calle,,ROSARIO,Rosario,Asfalto,S/D,II,Dentro,Urbana,Ninguna,S/D,Intersección,Bueno,S/D,Diurna,Otro,S/D,S/D,Colisión,S/D,S/D,Ninguna,S/D,error,"['Sarmiento', 'Ángel Pacheco']",2,error,,,,,,,,,,
2012,16255,2012-11-05,Lunes,0.0,13:30:00,,0.0,2,"Automóvil,Moto/Ciclomotor",Anchorena Y Av. Irigoyen,3,2,0,0,1,0,0,,Calle,,ROSARIO,Rosario,Asfalto,S/D,II,Dentro,Urbana,S/D,No existe,Intersección,S/D,S/D,Diurna,S/D,S/D,S/D,Colisión,S/D,S/D,S/D,S/D,error,"['Anchorena', 'Avenida Hipólito Irigoyen']",2,error,,,,,,,,,,
2012,16259,2012-11-06,Martes,0.0,11:50:00,,0.0,2,"Pickup/Utilitario,Bicicleta",3 De Febrero Y 20 de Junio,2,1,0,0,1,0,0,,Calle,,ROSARIO,Rosario,Asfalto,S/D,II,Dentro,Urbana,S/D,S/D,Intersección,S/D,S/D,Diurna,S/D,S/D,S/D,Atropello,S/D,S/D,Cordón divisorio,S/D,error,"['3 de Febrero', '20 de Junio']",2,error,,,,,,,,,,
2012,16261,2012-11-09,Viernes,0.0,18:20:00,,0.0,2,"Automóvil,Moto/Ciclomotor",Anchoris Y Godoy Cruz,2,1,0,0,1,0,0,,Calle,,ROSARIO,Rosario,Asfalto,No existe,II,Dentro,Urbana,Ninguna,No existe,Intersección,Bueno,Buena,Diurna,Buen Tiempo,Lateral,S/D,Colisión,Otro,Faltante,Ninguna,Sin restricción,error,"['Anchoris', 'Avenida Presidente Perón']",2,error,,,,,,,,,,
2012,16265,2012-11-04,Domingo,0.0,20:30:00,,0.0,3,"Automóvil,Automóvil,Taxi/Remis",Victor Mercante Y Arteaga A,3,1,0,0,2,0,0,,Calle,,ROSARIO,Rosario,Asfalto,S/D,II,Dentro,Urbana,Ninguna,No existe,Recta,Bueno,S/D,S/D,Buen Tiempo,Otro,S/D,Colisión,S/D,S/D,Ninguna,Sin restricción,error,"['Víctor Mercante', 'Arteaga']",2,error,,,,,,,,,,
2012,16276,2012-11-02,Viernes,0.0,18:35:00,,0.0,2,"Automóvil,Moto/Ciclomotor", ,2,1,0,0,0,0,1,,S/D,,ROSARIO,Rosario,S/D,S/D,II,S/D,S/D,S/D,S/D,S/D,S/D,S/D,S/D,S/D,S/D,S/D,S/D,S/D,S/D,S/D,S/D,,[''],0,,,,,,,,,,,
2012,16286,2012-11-16,Viernes,0.0,23:00:00,,0.0,1,,Casiano Casas Y Pje. Boedo,2,1,0,0,1,0,0,,Calle,,ROSARIO,Rosario,Asfalto,No existe,II,Dentro,Urbana,Ninguna,Funciona,Intersección,Bueno,Buena,Diurna,Lluvia,Múltiple,S/D,Colisión,Otro,Vertical,Ninguna,Sin restricción,error,"['Avenida Casiano Casas', 'Boedo']",2,error,,,,,,,,,,
2012,16291,2012-11-16,Viernes,0.0,23:00:00,,0.0,3,"Automóvil,Automóvil,Pickup/Utilitario",Casiano Casas Y Pje. Boedo,4,1,0,0,3,0,0,,Calle,,ROSARIO,Rosario,Asfalto,No existe,II,Dentro,Urbana,Ninguna,Funciona,Intersección,Bueno,Buena,Diurna,Lluvia,Múltiple,S/D,Colisión,Otro,Vertical,Ninguna,Sin restricción,error,"['Avenida Casiano Casas', 'Boedo']",2,error,,,,,,,,,,
2012,16335,2012-11-21,Miercoles,0.0,00:30:00,,0.0,1,Peatón,Bv. Argentino Y Magallanes,2,1,0,0,0,0,1,,Avenida,,ROSARIO,Rosario,Asfalto,S/D,II,Dentro,Urbana,Ninguna,S/D,Recta,Deteriorada,S/D,S/D,Otro,Otro,S/D,Atropello,Otro,S/D,Ninguna,Sin restricción,error,"['Argentino', 'Magallanes']",2,error,,,,,,,,,,
2012,16337,2012-11-23,Viernes,0.0,17:15:00,,0.0,2,"Moto/Ciclomotor,Automóvil",Roullon Y Centeno,3,2,0,0,1,0,0,,Calle,,ROSARIO,Rosario,Asfalto,No existe,II,Dentro,Urbana,Ninguna,No existe,Intersección,Deteriorada,S/D,Atardecer,Otro,Lateral,S/D,Colisión,Otro,Faltante,Ninguna,Sin restricción,error,"['Alfredo Rouillón', 'Centeno']",2,error,,,,,,,,,,
2012,16363,2012-11-03,Sabado,0.0,22:05:00,,0.0,2,"Peatón,Automóvil",Ing.Thedy Bis 200,2,1,0,0,1,0,0,,Calle,,ROSARIO,Rosario,Asfalto,S/D,II,Dentro,Urbana,S/D,Funciona,Cruce,Bueno,S/D,S/D,S/D,S/D,S/D,S/D,S/D,S/D,S/D,S/D,no funciono,['Ing Thedy Bis 200'],1,Ing Thedy Bis 200,,,,,,,,,,
2012,16370,2012-11-30,Viernes,0.0,14:30:00,,0.0,2,"Moto/Ciclomotor,Automóvil",Charcas Y Suipacha,2,1,0,0,0,0,1,,Calle,,ROSARIO,Rosario,Asfalto,Natural,II,Dentro,Urbana,Ninguna,No existe,Recta,Bueno,Buena,Diurna,S/D,Frontal,S/D,"Colisión,Atropello",S/D,S/D,Ninguna,S/D,error,"['Charcas', 'Suipacha']",2,error,,,,,,,,,,
2012,16375,2012-11-06,Martes,0.0,11:50:00,,0.0,2,"Automóvil,Automóvil",Echeverria Bis 400,2,1,0,0,1,0,0,,Calle,,ROSARIO,Rosario,Asfalto,S/D,II,Dentro,Urbana,S/D,S/D,Cruce,S/D,S/D,Diurna,S/D,Otro,S/D,Colisión,S/D,S/D,S/D,S/D,no funciono,['Echeverria Bis 400'],1,Echeverria Bis 400,,,,,,,,,,
2012,16391,2012-11-24,Sabado,0.0,11:45:00,,0.0,2,"Moto/Ciclomotor,Automóvil",Pedro Tuella Bis Y Cochabamba,3,2,0,0,1,0,0,,Calle,,ROSARIO,Rosario,Asfalto,No existe,II,Dentro,Urbana,Ninguna,No existe,Intersección,Bueno,Buena,Diurna,Buen Tiempo,Otro,S/D,Colisión,S/D,Horizontal,Ninguna,Sin restricción,error,"['Tuella', 'Cochabamba']",2,error,,,,,,,,,,
2012,16395,2012-11-13,Martes,0.0,19:00:00,,0.0,2,"Automóvil,Automóvil",Ing.Thedy Bis 100,2,1,0,0,1,0,0,,Calle,,ROSARIO,Rosario,Asfalto,S/D,II,Dentro,Urbana,S/D,S/D,Otro,S/D,S/D,Atardecer,S/D,Otro,S/D,Colisión,S/D,S/D,S/D,S/D,no funciono,['Ing Thedy Bis 100'],1,Ing Thedy Bis 100,,,,,,,,,,
2012,16397,2012-09-10,Lunes,0.0,16:30:00,,0.0,2,"Moto/Ciclomotor,Automóvil",BENDI 100,2,1,0,0,1,0,0,,Calle,,ROSARIO,Rosario,Asfalto,S/D,II,Dentro,Urbana,S/D,S/D,Intersección,S/D,S/D,S/D,S/D,Lateral,S/D,Colisión,S/D,S/D,S/D,S/D,no funciono,['Bendi 100'],1,Bendi 100,,,,,,,,,,
2012,16398,2012-11-09,Viernes,0.0,16:00:00,,0.0,2,"Moto/Ciclomotor,Automóvil",COLOMBRES Y PJE 1709,2,1,0,0,1,0,0,,Calle,,ROSARIO,Rosario,Asfalto,No existe,II,S/D,Urbana,Ninguna,No existe,Intersección,Con baches,Buena,Diurna,Buen Tiempo,S/D,S/D,Colisión,S/D,S/D,S/D,S/D,error,"['José Colombres', 'Calle 1709']",2,error,,,,,,,,,,
2012,16401,2012-11-14,Miercoles,0.0,18:00:00,,0.0,2,"Moto/Ciclomotor,Automóvil",J.M DE ROSAS Y 1711,2,1,0,0,1,0,0,,Calle,,ROSARIO,Rosario,Asfalto,Pavimento,II,S/D,Urbana,Ninguna,No existe,Recta,Bueno,S/D,Diurna,Buen Tiempo,Otro,S/D,Colisión,S/D,S/D,Ninguna,Sin restricción,error,"['De Rosas', 'Carlos Uriarte']",2,error,,,,,,,,,,
2012,16404,2012-11-15,Jueves,0.0,08:30:00,,0.0,2,"Pickup/Utilitario,Automóvil",Cordoba Y Liniers,3,2,0,0,1,0,0,,Calle,,ROSARIO,Rosario,Asfalto,No existe,II,Dentro,Urbana,Semáforo,Funciona,Recta,Bueno,Buena,Diurna,Buen Tiempo,Otro,S/D,Colisión,S/D,Horizontal,Barrera de hormigón,Sin restricción,error,"['Córdoba', 'Liniers']",2,error,,,,,,,,,,
2012,16418,2012-10-26,Viernes,0.0,17:00:00,,0.0,2,"Moto/Ciclomotor,Automóvil",Viamonte Y Bolivar,3,2,0,0,1,0,0,,Calle,,ROSARIO,Rosario,Asfalto,No existe,II,Dentro,Urbana,Ninguna,No existe,Intersección,Bueno,Buena,Diurna,Buen Tiempo,Otro,S/D,Colisión,S/D,Horizontal,Ninguna,Sin restricción,error,"['Viamonte', 'Bolivar']",2,error,,,,,,,,,,
2012,16423,2012-10-17,Miercoles,0.0,14:20:00,,0.0,2,"Automóvil,Moto/Ciclomotor",J.B.Justo Y Viamonte,3,2,0,0,1,0,0,,Calle,,ROSARIO,Rosario,Asfalto,Pavimento,II,Dentro,Urbana,S/D,No existe,Intersección,Bueno,Buena,Diurna,Buen Tiempo,Frontal,S/D,Colisión,S/D,S/D,Ninguna,Sin restricción,error,"['Justo', 'Viamonte']",2,error,,,,,,,,,,
2012,16444,2012-11-08,Jueves,0.0,23:45:00,,0.0,2,"Bicicleta,Pickup/Utilitario",ACCESO SUR Y AYOLAS,2,0,0,1,1,0,0,,Calle,,ROSARIO,Rosario,Asfalto,Pavimento,II,Dentro,Urbana,Ninguna,No existe,Intersección,Bueno,Reducida,"Nocturna,Con luz artificial",Buen Tiempo,Lateral,S/D,Atropello,S/D,Vertical,Línea divisoria pintada,Sin restricción,error,"['Belgrano', 'Ayolas']",2,error,,,,,,,,,,
2012,16507,2012-09-15,Sabado,0.0,20:30:00,,0.0,2,"Moto/Ciclomotor,Automóvil",Av. Puccio Y Agrelo,2,1,0,0,1,0,0,,Calle,,ROSARIO,Rosario,Asfalto,No existe,II,Dentro,Urbana,S/D,Funciona,Recta,Bueno,Buena,Con luz artificial,S/D,S/D,S/D,S/D,S/D,S/D,S/D,S/D,error,"['Puccio', 'Agrela']",2,error,,,,,,,,,,
2012,16550,2012-11-18,Domingo,0.0,14:00:00,,0.0,2,"Automóvil,Pickup/Utilitario",Pje. Ferran 480,2,1,0,0,1,0,0,,Calle,,ROSARIO,Rosario,Asfalto,No existe,II,Dentro,Urbana,Ninguna,No existe,Recta,Bueno,Buena,Diurna,Buen Tiempo,S/D,S/D,Colisión,S/D,S/D,Ninguna,Sin restricción,no funciono,['Pasaje Ferran 480'],1,Pasaje Ferran 480,,,,,,,,,,
2012,16565,2012-11-22,Jueves,0.0,01:00:00,,0.0,2,"Moto/Ciclomotor,Automóvil",Callao Y Jujuy,2,1,0,0,1,0,0,,Calle,,ROSARIO,Rosario,Asfalto,S/D,II,Dentro,Urbana,S/D,Funciona,Intersección,Bueno,S/D,S/D,S/D,S/D,S/D,Colisión,S/D,Vertical,S/D,S/D,error,"['Callao', 'Jujuy']",2,error,,,,,,,,,,
2012,16566,2012-11-23,Viernes,0.0,00:15:00,,0.0,2,"Moto/Ciclomotor,Taxi/Remis",Callao Y Jujuy,2,2,0,0,0,0,0,,Calle,,ROSARIO,Rosario,Asfalto,S/D,II,Dentro,Urbana,S/D,Funciona,Intersección,Bueno,Buena,Nocturna,Buen Tiempo,Frontal,S/D,Colisión,S/D,S/D,S/D,S/D,error,"['Callao', 'Jujuy']",2,error,,,,,,,,,,
2012,16584,2012-11-24,Sabado,0.0,20:00:00,,0.0,2,"Automóvil,Moto/Ciclomotor",Av. Alberdi Bis Y Grondona,2,1,0,0,1,0,0,,Avenida,,ROSARIO,Rosario,Asfalto,S/D,II,Dentro,Urbana,Semáforo,S/D,Intersección,Bueno,S/D,S/D,Buen Tiempo,S/D,S/D,Colisión,S/D,Horizontal,Barrera de hormigón,Sin restricción,error,"['Alberdi', 'Grondona']",2,error,,,,,,,,,,
2012,16603,2012-11-18,Domingo,0.0,14:25:00,,0.0,2,"Moto/Ciclomotor,Automóvil",Bv. Rondeau Y Pintor Musto,3,2,0,0,1,0,0,,Avenida,,ROSARIO,Rosario,Asfalto,No existe,II,Dentro,Urbana,Ninguna,No existe,Recta,Bueno,Buena,Diurna,Buen Tiempo,Otro,S/D,Colisión,Otro,Horizontal,Cordón divisorio,Sin restricción,error,"['Rondeau', 'Pintor Musto']",2,error,,,,,,,,,,
2012,16613,2012-11-14,Miercoles,0.0,22:15:00,,0.0,2,"Automóvil,Automóvil",Av. Sorrento Y Agrelo,4,1,0,0,2,0,1,,Avenida,,ROSARIO,Rosario,Hormigón,No existe,II,Dentro,Urbana,Ninguna,No existe,Recta,Bueno,Buena,Nocturna,Buen Tiempo,Contra objeto fijo,S/D,Colisión,Otro,Faltante,Ninguna,Sin restricción,error,"['Sorrento', 'Agrela']",2,error,,,,,,,,,,
2012,16619,2012-11-24,Sabado,0.0,19:30:00,,0.0,2,"Pickup/Utilitario,Bicicleta",Av. Provincias Unidas Y J.J.Paso,2,1,0,0,1,0,0,,Calle,,ROSARIO,Rosario,Asfalto,Pavimento,II,Dentro,Urbana,Ninguna,No existe,Intersección,Bueno,Buena,Diurna,Buen Tiempo,S/D,S/D,Atropello,S/D,Faltante,S/D,Sin restricción,error,"['Avenida Provincias Unidas', 'Paso']",2,error,,,,,,,,,,
2012,16632,2012-11-04,Domingo,0.0,13:05:00,,0.0,2,"Transporte de Pasajeros Urbano (> 8 asientos),Moto/Ciclomotor",Olegario V.Andrade Y Sarmiento,3,2,0,0,1,0,0,,Calle,,ROSARIO,Rosario,Asfalto,No existe,II,Dentro,Urbana,Ninguna,No existe,Intersección,S/D,S/D,Diurna,Otro,Lateral,S/D,Colisión,S/D,S/D,Ninguna,Sin restricción,error,"['Olegario V Andrade', 'Sarmiento']",2,error,,,,,,,,,,
2012,16636,2012-11-09,Viernes,0.0,18:25:00,,0.0,2,"Automóvil,Peatón",San Martin Y Olegario V.Andrade,2,1,0,0,1,0,0,,Calle,,ROSARIO,Rosario,Asfalto,No existe,II,Dentro,Urbana,Semáforo,Funciona,Recta,S/D,S/D,Atardecer,S/D,S/D,S/D,Atropello,S/D,S/D,Ninguna,Sin restricción,error,"['San Martin', 'Olegario V Andrade']",2,error,,,,,,,,,,
2012,16640,2012-11-03,Sabado,0.0,19:00:00,,0.0,2,"Moto/Ciclomotor,Automóvil",Roullon Y Biedma,4,2,0,0,2,0,0,,Calle,,ROSARIO,Rosario,Asfalto,No existe,II,Dentro,Urbana,Ninguna,No existe,S/D,S/D,S/D,S/D,Otro,Lateral,S/D,Colisión,Otro,Faltante,Ninguna,Sin restricción,error,"['Alfredo Rouillón', 'Coronel Biedma']",2,error,,,,,,,,,,
2012,16642,2012-11-19,Lunes,0.0,12:00:00,,0.0,2,"Peatón,Automóvil",Biedma Y Pje. Delia,2,1,0,0,1,0,0,,Calle,,ROSARIO,Rosario,Asfalto,No existe,II,Dentro,Urbana,Ninguna,No existe,Intersección,Deteriorada,S/D,S/D,Otro,Lateral,S/D,Atropello,Otro,S/D,Ninguna,Sin restricción,error,"['Coronel Biedma', 'Dalia']",2,error,,,,,,,,,,
2012,16646,2012-11-21,Miercoles,0.0,01:20:00,,0.0,2,"Automóvil,Moto/Ciclomotor",Roullon Y Biedma,2,1,0,0,1,0,0,,Calle,,ROSARIO,Rosario,Asfalto,No existe,II,Dentro,Urbana,Ninguna,No existe,Intersección,S/D,S/D,S/D,Otro,Lateral,S/D,Colisión,Otro,Faltante,Ninguna,Sin restricción,error,"['Alfredo Rouillón', 'Coronel Biedma']",2,error,,,,,,,,,,
2012,16648,2012-11-17,Sabado,0.0,01:45:00,,0.0,2,"Automóvil,Moto/Ciclomotor",Paraguay Y Ayolas,3,1,0,0,2,0,0,,Calle,,ROSARIO,Rosario,Asfalto,No existe,II,Dentro,Urbana,Señal Pare,No existe,Intersección,S/D,S/D,Nocturna,S/D,Lateral,S/D,Colisión,S/D,S/D,Ninguna,Sin restricción,error,"['Paraguay', 'Ayolas']",2,error,,,,,,,,,,
2012,16659,2012-11-20,Martes,0.0,11:15:00,,0.0,2,"Automóvil,Automóvil",Sarmiento Y Uruguay,2,1,0,0,1,0,0,,Calle,,ROSARIO,Rosario,Asfalto,No existe,II,Dentro,Urbana,Ninguna,No existe,Intersección,Bueno,Buena,Diurna,S/D,Lateral,S/D,Colisión,S/D,S/D,Ninguna,Sin restricción,error,"['Sarmiento', 'Uruguay']",2,error,,,,,,,,,,
2012,16661,2012-11-20,Martes,0.0,18:00:00,,0.0,2,"Moto/Ciclomotor,Automóvil",San Martin Y Ricardo Gutierrez,2,1,0,0,1,0,0,,Calle,,ROSARIO,Rosario,Asfalto,No existe,II,Dentro,Urbana,Ninguna,No existe,Intersección,Bueno,Buena,Atardecer,S/D,Lateral,S/D,Colisión,S/D,S/D,Ninguna,Sin restricción,error,"['San Martin', 'Ricardo Gutierrez']",2,error,,,,,,,,,,
2012,16679,2012-11-06,Martes,0.0,13:15:00,,0.0,2,"Automóvil,Bicicleta",Saavedra Y Dr.Rivas,2,1,0,0,1,0,0,,Calle,,ROSARIO,Rosario,Asfalto,No existe,II,Dentro,Urbana,Ninguna,No existe,Intersección,S/D,S/D,Diurna,S/D,Otro,S/D,Atropello,S/D,S/D,Ninguna,Sin restricción,error,"['Saavedra', 'Doctor Francisco Riva']",2,error,,,,,,,,,,
2012,16730,2012-11-20,Martes,0.0,22:00:00,,0.0,2,"Peatón,Transporte de Pasajeros Urbano (> 8 asientos)",EE.UU 1800,2,1,0,0,1,0,0,,Calle,,ROSARIO,Rosario,Asfalto,Pavimento,II,Dentro,Urbana,Ninguna,No existe,Recta,Bueno,Buena,Nocturna,Buen Tiempo,Otro,S/D,Atropello,S/D,Faltante,S/D,Sin restricción,no funciono,['Ee Uu 1800'],1,Ee Uu 1800,,,,,,,,,,
2012,16743,2012-11-18,Domingo,0.0,18:00:00,,0.0,2,"Automóvil,Automóvil",Bv. 27 De Febrero Y Av. Pellegrini,2,1,0,0,1,0,0,,Avenida,,ROSARIO,Rosario,Asfalto,No existe,II,Dentro,Urbana,Ninguna,Funciona,Intersección,Bueno,Buena,Diurna,Buen Tiempo,Lateral,S/D,Colisión,S/D,Horizontal,Ninguna,Sin restricción,error,"['27 de Febrero', 'Pellegrini']",2,error,,,,,,,,,,
2012,16746,2012-11-29,Jueves,0.0,16:25:00,,0.0,5,"Camión,Pickup/Utilitario,Automóvil,Automóvil,Automóvil",Cordoba Y Santa Fe,5,1,0,0,4,0,0,,Calle,,ROSARIO,Rosario,Asfalto,S/D,II,Dentro,Urbana,S/D,S/D,Intersección,S/D,S/D,S/D,S/D,S/D,S/D,Colisión,S/D,S/D,Cordón divisorio,S/D,error,"['Córdoba', 'Santa Fe']",2,error,,,,,,,,,,
2012,16763,2012-11-26,Lunes,0.0,22:30:00,,0.0,2,"Moto/Ciclomotor,Automóvil",Biedma Y Pte.Quintana,2,1,0,0,0,0,1,,Calle,,ROSARIO,Rosario,Asfalto,No existe,II,Dentro,Urbana,Ninguna,No existe,Intersección,S/D,S/D,Nocturna,S/D,Lateral,S/D,Colisión,S/D,S/D,Ninguna,Sin restricción,error,"['Coronel Biedma', 'Quintana']",2,error,,,,,,,,,,
2012,16770,2012-11-27,Martes,0.0,17:45:00,,0.0,2,"Moto/Ciclomotor,Taxi/Remis",Blanqui Y Balcarce,2,1,0,0,1,0,0,,Calle,,ROSARIO,Rosario,Asfalto,No existe,II,Dentro,Urbana,Ninguna,No existe,Intersección,S/D,S/D,Atardecer,S/D,Lateral,S/D,Colisión,S/D,S/D,Ninguna,Sin restricción,error,"['Blanqui', 'Balcarce']",2,error,,,,,,,,,,
2012,16849,2012-11-02,Viernes,0.0,,,0.0,2,"Moto/Ciclomotor,Automóvil",J.J.Paso Y Buenos Aires,2,1,0,0,1,0,0,,Calle,,ROSARIO,Rosario,Asfalto,No existe,II,Dentro,Urbana,Ninguna,No existe,Intersección,Bueno,Buena,Nocturna,Buen Tiempo,Lateral,S/D,Colisión,S/D,Faltante,Cordón divisorio,Sin restricción,error,"['Paso', 'Buenos Aires']",2,error,,,,,,,,,,
2012,16874,2012-12-30,Domingo,0.0,,,0.0,1,Moto/Ciclomotor,Julio Sosa Y Bahia Blanca Bis,1,1,0,0,0,0,0,,Calle,,ROSARIO,Rosario,S/D,S/D,II,Dentro,Urbana,S/D,S/D,S/D,S/D,S/D,S/D,S/D,S/D,S/D,S/D,S/D,S/D,S/D,S/D,error,"['Julio Sosa', 'Bahía Blanca']",2,error,,,,,,,,,,
2012,16876,2012-12-27,Jueves,0.0,14:15:00,,0.0,2,"Moto/Ciclomotor,Automóvil",Av. Francia Y Av. Caseros Bis,3,2,0,0,0,0,1,,Calle,,ROSARIO,Rosario,Asfalto,Pavimento,II,Dentro,Urbana,S/D,Funciona,S/D,Bueno,S/D,S/D,S/D,S/D,S/D,S/D,S/D,S/D,S/D,S/D,error,"['Avenida Francia', 'Caseros']",2,error,,,,,,,,,,
2012,16878,2012-12-24,Lunes,0.0,10:50:00,,0.0,2,"Moto/Ciclomotor,Automóvil",AV. TRAVESIA  100,2,2,0,0,0,0,0,,Calle,,ROSARIO,Rosario,S/D,S/D,II,Dentro,Urbana,S/D,S/D,S/D,S/D,S/D,Diurna,S/D,Otro,S/D,Colisión,S/D,S/D,S/D,S/D,no funciono,['Travesia 100'],1,Travesia 100,,,,,,,,,,
2012,16879,2012-12-12,Miercoles,0.0,14:30:00,,0.0,2,"Moto/Ciclomotor,Automóvil",Roullon Y Pje. Ghandi,2,1,0,0,1,0,0,,Calle,,ROSARIO,Rosario,Asfalto,No existe,II,Dentro,Urbana,Ninguna,No existe,Intersección,Bueno,Buena,Diurna,S/D,Lateral,S/D,Colisión,S/D,S/D,Ninguna,Sin restricción,sec calles no encontradas,"['Alfredo Rouillón', 'Ghandi']",2,error,,,,,,,,,,
2012,16880,2012-12-19,Miercoles,0.0,08:30:00,,0.0,2,"Moto/Ciclomotor,Moto/Ciclomotor",Peru Y Esquel,2,1,0,0,0,0,1,,Calle,,ROSARIO,Rosario,Asfalto,No existe,II,Dentro,Urbana,Ninguna,No existe,Intersección,Bueno,Buena,Diurna,S/D,Lateral,S/D,Colisión,S/D,Faltante,Ninguna,Sin restricción,error,"['Peru', 'Esquel']",2,error,,,,,,,,,,
2012,16889,2012-12-27,Jueves,0.0,,,0.0,2,"Moto/Ciclomotor,Automóvil",savio Y french,2,1,0,0,1,0,0,,Calle,,ROSARIO,Rosario,Asfalto,S/D,II,Dentro,Urbana,Semáforo,S/D,Recta,Bueno,S/D,S/D,Buen Tiempo,Frontal,S/D,Colisión,S/D,Horizontal,Cordón divisorio,Sin restricción,error,"['Savio', 'French']",2,error,,,,,,,,,,
2012,16901,2012-12-11,Martes,0.0,00:00:00,,0.0,2,"Camión,Automóvil",Av. Corrientes Y Tupac Amaru,2,1,0,0,1,0,0,,Avenida,,ROSARIO,Rosario,Asfalto,No existe,II,Dentro,Urbana,Ninguna,No existe,Recta,S/D,Buena,Nocturna,Buen Tiempo,Frontal,S/D,Colisión,S/D,Horizontal,Barrera de hormigón,Sin restricción,error,"['Corrientes', 'Tupac Amaru']",2,error,,,,,,,,,,
2012,16905,2012-12-17,Lunes,0.0,17:45:00,,0.0,2,"Automóvil,Moto/Ciclomotor",Agrelo Y Arteaga,2,1,0,0,1,0,0,,Calle,,ROSARIO,Rosario,Asfalto,No existe,II,Dentro,Urbana,Ninguna,No existe,Recta,Bueno,Buena,Atardecer,Buen Tiempo,De alcance,S/D,Colisión,Otro,Faltante,Ninguna,Sin restricción,error,"['Agrela', 'Arteaga']",2,error,,,,,,,,,,
2012,16910,2012-12-25,Martes,0.0,08:15:00,,0.0,1,Moto/Ciclomotor,Av. Puccio Y G.Carrasco,2,1,0,0,1,0,0,,Avenida,,ROSARIO,Rosario,Asfalto,No existe,II,Dentro,Urbana,Semáforo,Funciona,Recta,Bueno,Buena,"Nocturna,Con luz artificial",Buen Tiempo,Otro,S/D,Caída ocupante,Otro,Horizontal,Cordón divisorio,Sin restricción,error,"['Puccio', 'Carrasco']",2,error,,,,,,,,,,
2012,16911,2012-12-29,Sabado,0.0,03:10:00,,0.0,2,"Automóvil,Peatón",Castagnino Y J.Colombres,3,1,0,0,2,0,0,,Calle,,ROSARIO,Rosario,Asfalto,No existe,II,Dentro,Urbana,Semáforo,Funciona,S/D,Bueno,Buena,Nocturna,Buen Tiempo,De alcance,S/D,Atropello,Otro,Horizontal,Cordón divisorio,Sin restricción,error,"['Castagnino', 'José Colombres']",2,error,,,,,,,,,,
2012,16952,2012-12-25,Martes,0.0,01:30:00,,0.0,2,"Automóvil,Moto/Ciclomotor",Av. Genova Y Valentin Gomez,2,1,0,0,0,0,1,,Calle,,ROSARIO,Rosario,Asfalto,Pavimento,II,Dentro,Urbana,Ninguna,No existe,Intersección,Bueno,Reducida,Nocturna,Buen Tiempo,Frontal,S/D,Colisión,Otro,Faltante,Ninguna,Sin restricción,error,"['Genova', 'Valentín Gómez']",2,error,,,,,,,,,,
2012,17000,2012-12-31,Lunes,0.0,13:35:00,,0.0,2,"Moto/Ciclomotor,Automóvil",Mendoza Y Ferrocarril Mitre,2,1,0,0,1,0,0,,Calle,,ROSARIO,Rosario,Asfalto,No existe,II,Dentro,Urbana,Otra Señal,S/D,Paso a Nivel FFCC,Bueno,Buena,Diurna,Buen Tiempo,S/D,S/D,Colisión,Otro,Horizontal,Barrera de hormigón,Sin restricción,sec calles no encontradas,"['Mendoza', 'Ferrocarril Mitre']",2,error,,,,,,,,,,
2012,17008,2012-12-16,Domingo,0.0,04:30:00,,0.0,2,"Taxi/Remis,Moto/Ciclomotor",Mendoza Y Av. Provincias Unidas,3,2,0,0,1,0,0,,Avenida,,ROSARIO,Rosario,Asfalto,No existe,II,Dentro,Urbana,Semáforo,S/D,Intersección,Bueno,Buena,Nocturna,Buen Tiempo,Otro,S/D,Colisión,Otro,Vertical,Barrera de hormigón,Sin restricción,error,"['Mendoza', 'Avenida Provincias Unidas']",2,error,,,,,,,,,,
2012,17045,2012-12-19,Miercoles,0.0,12:30:00,,0.0,2,"Automóvil,Automóvil",Bv. Oroño XX,2,1,0,0,1,0,0,,Avenida,,ROSARIO,Rosario,Asfalto,S/D,II,Dentro,Urbana,S/D,S/D,Recta,S/D,S/D,S/D,S/D,Otro,S/D,Colisión,S/D,S/D,S/D,S/D,no funciono,['Nicasio Oroñoño Xx'],1,Nicasio Oroñoño Xx,,,,,,,,,,
2012,17104,2012-12-16,Domingo,0.0,16:00:00,,0.0,2,"Automóvil,Moto/Ciclomotor",Av. De Las Palmeras Y Godoy Cruz,2,2,0,0,0,0,0,,Avenida,,ROSARIO,Rosario,Asfalto,Natural,II,Dentro,Urbana,Semáforo,Funciona,Intersección,Bueno,Buena,Diurna,Lluvia,De alcance,S/D,Colisión,Agua,S/D,S/D,Sin restricción,error,"['Las Palmas', 'Avenida Presidente Perón']",2,error,,,,,,,,,,
2012,17129,2012-12-17,Lunes,0.0,18:25:00,,0.0,2,"Pickup/Utilitario,Moto/Ciclomotor",Luzurriaga Y Larrea,3,1,1,0,1,0,0,,Calle,,ROSARIO,Rosario,Asfalto,No existe,II,Dentro,Urbana,Ninguna,No existe,Intersección,Deteriorada,Reducida,Diurna,Otro,Lateral,S/D,Colisión,Otro,Faltante,Ninguna,Sin restricción,error,"['Luzurriaga', 'Larrea']",2,error,,,,,,,,,,
2012,17133,2012-12-10,Lunes,0.0,23:40:00,,0.0,2,"Moto/Ciclomotor,Automóvil",Pte.Quintana Y Camilo Aldao,3,2,0,0,1,0,0,,Calle,,ROSARIO,Rosario,Asfalto,No existe,II,Dentro,Urbana,Ninguna,No existe,Intersección,Deteriorada,Reducida,"Nocturna,Con luz artificial",Otro,Lateral,S/D,Colisión,Otro,Faltante,Ninguna,Sin restricción,error,"['Quintana', 'Camilo Aldao']",2,error,,,,,,,,,,
2012,17172,2012-12-01,Sabado,0.0,13:30:00,,0.0,2,"Automóvil,Moto/Ciclomotor",Pte.Quintana 5600,2,1,0,0,1,0,0,,Calle,,ROSARIO,Rosario,Asfalto,No existe,II,Dentro,Urbana,Ninguna,No existe,Cruce,Bueno,Buena,Diurna,Buen Tiempo,Lateral,S/D,Colisión,S/D,Faltante,Línea divisoria pintada,Sin restricción,no funciono,['Presidentequintana 5600'],1,Presidentequintana 5600,,,,,,,,,,
2012,17175,2012-12-02,Domingo,0.0,,,0.0,1,Moto/Ciclomotor,SAN MARTIN Y ARROYO SALADILLO,2,1,0,0,1,0,0,,Avenida,,ROSARIO,Rosario,Asfalto,No existe,II,Dentro,Urbana,Ninguna,No existe,Recta,Deteriorada,Reducida,Nocturna,S/D,Contra objeto fijo,S/D,Colisión,Otro,Faltante,Cordón divisorio,Sin restricción,error,"['San Martin', 'Saladillo']",2,error,,,,,,,,,,
2012,17177,2012-12-01,Sabado,0.0,22:30:00,,0.0,2,"Bicicleta,Automóvil",Campbell Y Roullon,2,1,0,0,0,0,1,,Calle,,ROSARIO,Rosario,Asfalto,No existe,II,Dentro,Urbana,Ninguna,No existe,Intersección,Deteriorada,Reducida,"Nocturna,Con luz artificial",Otro,Lateral,S/D,Colisión,Otro,Faltante,Ninguna,Sin restricción,error,"['Campbell', 'Alfredo Rouillón']",2,error,,,,,,,,,,