anio_acci,nro_acci,fecha,desc_dia,fecha_aprox,hora_aprox,desc_ruta,km,cant_participantes,desc_participante,calle_avenida_km,total,heridos_leves,heridos_graves,heridos_gravisimos,ilesos,fallecidos,sin_datos,posicion_XY,desc_tipo_via,desc_ruta_ori,desc_loc,desc_dpto,desc_tipo_calzada,desc_tipo_banquina,desc_unidad_regional,desc_lugar_calzada,desc_zona,desc_prioridad,desc_estado_semaforo,desc_lugar_via,desc_estado_via,desc_estado_visibilidad,desc_luminosidad,desc_estado_clima,desc_tipo_colision,desc_tipo_atropello,desc_tipo_hecho,desc_pres_calzada,desc_senializacion,desc_separacion_via,desc_restriccion,forma_geocod,calle_lista,numero_calles,calles_osm,lat,lon,index_right,gid,fna,gna,nam,in1,fdc,sag
2012,17193,2012-12-12,Miercoles,0.0,13:15:00,,0.0,2,"Moto/Ciclomotor,Automóvil",Pje. Conscripto Bernardi Y Patricias Argentinas,2,1,0,0,1,0,0,,Calle,,ROSARIO,Rosario,Asfalto,No existe,II,Dentro,Urbana,Ninguna,No existe,Intersección,Bueno,Buena,Diurna,S/D,Lateral,S/D,Colisión,Otro,Faltante,Línea divisoria pintada,Sin restricción,error,"['Conscripto Bernardi', 'Patricias Argentinas']",2,error,,,,,,,,,,
2012,17198,2012-12-15,Sabado,0.0,18:20:00,,0.0,2,"Moto/Ciclomotor,Automóvil",San Martin Y Levene,3,1,0,0,2,0,0,,Calle,,ROSARIO,Rosario,Ripio,No existe,II,Dentro,Urbana,Ninguna,No existe,Intersección,Bueno,Buena,Atardecer,S/D,Otro,S/D,Colisión,S/D,Faltante,Cordón divisorio,Sin restricción,error,"['San Martin', 'Levene']",2,error,,,,,,,,,,
2012,17245,2012-12-22,Sabado,0.0,12:50:00,,0.0,1,Moto/Ciclomotor,Av. Circunvalacion Y Av. Pellegrini,1,1,0,0,0,0,0,,Avenida,,ROSARIO,Rosario,Hormigón,No existe,II,Dentro,Urbana,S/D,No existe,Recta,Bueno,Buena,Diurna,Buen Tiempo,S/D,S/D,Caída ocupante,Otro,S/D,Barrera de hormigón,Sin restricción,error,"['Circunvalacion', 'Pellegrini']",2,error,,,,,,,,,,
2012,17249,2012-11-29,Jueves,0.0,16:20:00,,0.0,2,"Moto/Ciclomotor,Peatón",Pje. publico 7600,2,1,0,0,0,0,1,,Calle,,ROSARIO,Rosario,Asfalto,No existe,II,Dentro,Urbana,Ninguna,No existe,Otro,Deteriorada,Buena,Diurna,Buen Tiempo,Otro,S/D,Atropello,Material Suelto,Faltante,Ninguna,Sin restricción,no funciono,['Pasaje Publico 7600'],1,Pasaje Publico 7600,,,,,,,,,,
2012,17283,2012-12-10,Lunes,0.0,15:30:00,,0.0,2,"Peatón,Automóvil",Av. Ntra.Sra.del Rosario Y Crotone,2,1,0,0,1,0,0,,Avenida,,ROSARIO,Rosario,Asfalto,No existe,II,Dentro,Urbana,Ninguna,No existe,Intersección,Bueno,Buena,Diurna,Buen Tiempo,Lateral,S/D,Atropello,S/D,Faltante,Ninguna,Sin restricción,error,"['Nuestra Señora del Rosario', 'Crotone']",2,error,,,,,,,,,,
2012,17293,2012-12-24,Lunes,0.0,02:15:00,,0.0,1,Automóvil,COLECTORA 27 DE FEBRERO Y ACCESO SUR,1,1,0,0,0,0,0,,Avenida,,ROSARIO,Rosario,Asfalto,Natural,II,Dentro,Urbana,Ninguna,No existe,Recta,Deteriorada,Buena,Con luz artificial,Buen Tiempo,Contra objeto fijo,S/D,Despiste,S/D,Faltante,Cordón divisorio,Sin restricción,error,"['27 De Febrero', 'Belgrano']",2,error,,,,,,,,,,
2012,17300,2012-12-12,Miercoles,0.0,,,0.0,2,"Peatón,Otros",Av. Genova Y Tte.Agneta B,2,1,0,0,0,0,1,,Avenida,,ROSARIO,Rosario,S/D,S/D,II,Dentro,Urbana,S/D,S/D,Intersección,S/D,S/D,S/D,Buen Tiempo,S/D,S/D,Atropello,S/D,S/D,S/D,S/D,error,"['Genova', 'Teniente Agneta']",2,error,,,,,,,,,,
2012,17343,2012-12-08,Sabado,0.0,10:00:00,,0.0,2,"Moto/Ciclomotor,Automóvil",Esteban de Luca Y Buenos Aires,2,1,0,0,1,0,0,,Calle,,ROSARIO,Rosario,Asfalto,No existe,II,Dentro,Urbana,Ninguna,No existe,Recta,Bueno,Buena,Diurna,Buen Tiempo,Lateral,S/D,Colisión,S/D,Faltante,Ninguna,Sin restricción,error,"['Esteban de Luca', 'Buenos Aires']",2,error,,,,,,,,,,
2012,17355,2012-12-06,Jueves,0.0,17:25:00,,0.0,2,"Moto/Ciclomotor,Pickup/Utilitario",Av. Arijon Y Fonseca,2,1,0,0,1,0,0,,Calle,,ROSARIO,Rosario,Asfalto,No existe,II,Dentro,Urbana,Ninguna,No existe,Intersección,S/D,Buena,Diurna,Buen Tiempo,Lateral,S/D,Colisión,S/D,S/D,Cordón divisorio,Sin restricción,error,"['Avenida Manuel Arijón', 'Fonseca']",2,error,,,,,,,,,,
2012,17380,2012-12-01,Sabado,0.0,12:45:00,,0.0,2,"Automóvil,Automóvil",Ricchieri Y Cerrito,3,2,0,0,1,0,0,,Calle,,ROSARIO,Rosario,Asfalto,Pavimento,II,Dentro,Urbana,Ninguna,No existe,Intersección,Bueno,Buena,Diurna,Buen Tiempo,De alcance,S/D,Colisión,S/D,S/D,Ninguna,Sin restricción,error,"['Ricchieri', 'Cerrito']",2,error,,,,,,,,,,
2012,17384,2012-12-10,Lunes,0.0,11:20:00,,0.0,2,"Moto/Ciclomotor,Automóvil",viamonte entre Y BS AS Y LAPRIDA,2,1,0,0,1,0,0,,Calle,,ROSARIO,Rosario,Asfalto,S/D,II,S/D,Urbana,Ninguna,S/D,Recta,Bueno,S/D,Diurna,Buen Tiempo,Lateral,S/D,Colisión,S/D,Faltante,Ninguna,S/D,,"['Viamonte', 'Buenos Aires', 'Laprida']",3,,,,,,,,,,,
2012,17430,2012-12-17,Lunes,0.0,10:00:00,,0.0,2,"Automóvil,Automóvil",Uruguay Y Sarmiento,3,2,0,0,1,0,0,,Calle,,ROSARIO,Rosario,Asfalto,No existe,II,Dentro,Urbana,Ninguna,No existe,Intersección,S/D,S/D,Diurna,S/D,Lateral,S/D,Colisión,S/D,S/D,Ninguna,Sin restricción,error,"['Uruguay', 'Sarmiento']",2,error,,,,,,,,,,
2012,17455,2012-12-05,Miercoles,0.0,21:30:00,,0.0,1,Automóvil,Av. Ponce Y Bv. Oroño,3,2,0,0,1,0,0,,Avenida,,ROSARIO,Rosario,Asfalto,S/D,II,Dentro,Urbana,Ninguna,No existe,Intersección,Bueno,Buena,Nocturna,Buen Tiempo,Lateral,S/D,Colisión,S/D,Faltante,Ninguna,Sin restricción,error,"['Ponce', 'Bulevar Nicasio Oroño']",2,error,,,,,,,,,,
2012,17488,2012-12-11,Martes,0.0,13:10:00,,0.0,2,"Moto/Ciclomotor,Automóvil",Av. Dr.Lassaga Y Av. Ing.Acevedo,2,1,0,0,0,0,1,,Avenida,,ROSARIO,Rosario,Asfalto,S/D,II,Dentro,Urbana,S/D,S/D,Intersección,S/D,S/D,S/D,S/D,S/D,S/D,Colisión,S/D,S/D,S/D,S/D,error,"['Lassaga', 'Acevedo']",2,error,,,,,,,,,,
2012,17503,2012-12-06,Jueves,0.0,16:30:00,,0.0,1,Peatón,Pte.Roca B 4500,1,1,0,0,0,0,0,,Calle,,ROSARIO,Rosario,Asfalto,No existe,II,Dentro,Urbana,Ninguna,No existe,Recta,Bueno,Buena,Atardecer,S/D,Lateral,S/D,Colisión,S/D,Faltante,Ninguna,Sin restricción,no funciono,['Presidenteroca B 4500'],1,Presidenteroca B 4500,,,,,,,,,,
2012,17504,2012-12-06,Jueves,0.0,18:00:00,,0.0,2,"Bicicleta,Automóvil",San Martin Y Olegario V.Andrade,2,1,0,0,1,0,0,,Avenida,,ROSARIO,Rosario,Asfalto,No existe,II,Dentro,Urbana,Semáforo,Funciona,Intersección,S/D,S/D,Atardecer,S/D,Lateral,S/D,Colisión,S/D,S/D,Ninguna,Sin restricción,error,"['San Martin', 'Olegario V Andrade']",2,error,,,,,,,,,,
2012,17512,2012-12-06,Jueves,0.0,14:35:00,,0.0,2,"Transporte de Pasajeros Urbano (> 8 asientos),Camión",Buenos Aires Y Patricias Argentinas,3,1,0,0,2,0,0,,Calle,,ROSARIO,Rosario,Asfalto,No existe,II,Dentro,Urbana,Marca Vial,No existe,Recta,Bueno,Buena,Diurna,Buen Tiempo,Frontal,S/D,Colisión,S/D,Faltante,Línea divisoria pintada,Sin restricción,error,"['Buenos Aires', 'Patricias Argentinas']",2,error,,,,,,,,,,
2012,17545,2012-12-11,Martes,0.0,16:45:00,,0.0,2,"Automóvil,Bicicleta",AV CARRASCO ENTRE Y SORRENTO Y MARULL,2,0,1,0,1,0,0,,Avenida,,ROSARIO,Rosario,Asfalto,No existe,II,Dentro,Urbana,Ninguna,No existe,Curva,Bueno,Buena,Diurna,Buen Tiempo,Otro,S/D,Atropello,Otro,Faltante,Cordón divisorio,Sin restricción,,"['Carrasco', 'Sorrento', 'Marull']",3,,,,,,,,,,,
2012,17573,2012-12-28,Viernes,0.0,09:15:00,,0.0,2,"Automóvil,Moto/Ciclomotor",Bv. Oroño 2200,2,1,0,0,1,0,0,,Avenida,,ROSARIO,Rosario,Asfalto,S/D,II,Dentro,Urbana,S/D,S/D,Recta,Bueno,S/D,Diurna,S/D,S/D,S/D,Colisión,S/D,S/D,Barrera de hormigón,S/D,no funciono,['Nicasio Oroñoño 2200'],1,Nicasio Oroñoño 2200,,,,,,,,,,
2012,17575,2012-12-28,Viernes,0.0,11:15:00,,0.0,2,"Automóvil,Automóvil",Virasoro 1300,5,1,0,0,4,0,0,,Calle,,ROSARIO,Rosario,S/D,S/D,II,Dentro,Urbana,S/D,S/D,S/D,S/D,S/D,Diurna,S/D,S/D,S/D,Colisión,S/D,S/D,S/D,S/D,no funciono,['Virasnicasio Oroño 1300'],1,Virasnicasio Oroño 1300,,,,,,,,,,
2012,17591,2012-12-15,Sabado,0.0,18:30:00,,0.0,2,"Bicicleta,Automóvil",Laprida Y Maipu,2,1,0,0,1,0,0,,Calle,,ROSARIO,Rosario,Asfalto,No existe,II,Dentro,Urbana,Marca Vial,No existe,Intersección,Bueno,Buena,Atardecer,Buen Tiempo,Lateral,S/D,Atropello,Otro,Vertical,Línea divisoria pintada,Sin restricción,error,"['Laprida', 'Maipú']",2,error,,,,,,,,,,
2012,17605,2012-12-22,Sabado,0.0,21:30:00,,0.0,2,"Moto/Ciclomotor,Automóvil",AYOLAS Y ACCESO SUR ,2,1,0,0,1,0,0,,Calle,,ROSARIO,Rosario,Asfalto,Pavimento,II,Dentro,Urbana,Marca Vial,No existe,Intersección,Bueno,Buena,"Nocturna,Con luz artificial",Buen Tiempo,Frontal,S/D,Colisión,Otro,Vertical,Línea divisoria pintada,Sin restricción,error,"['Ayolas', 'Belgrano']",2,error,,,,,,,,,,
2012,17612,2012-12-06,Jueves,0.0,00:35:00,,0.0,2,"Moto/Ciclomotor,Pickup/Utilitario",Av. Alberdi Bis 260,3,1,0,0,1,0,1,,Avenida,,ROSARIO,Rosario,S/D,S/D,II,Dentro,Urbana,S/D,S/D,Recta,S/D,S/D,Nocturna,S/D,S/D,S/D,Colisión,S/D,S/D,S/D,S/D,no funciono,['Alberdi Bis 260'],1,Alberdi Bis 260,,,,,,,,,,
2012,17614,2012-12-07,Viernes,0.0,05:50:00,,0.0,2,"Bicicleta,Automóvil",Av. Alberdi Bis 200,2,1,0,0,1,0,0,,Avenida,,ROSARIO,Rosario,S/D,S/D,II,Dentro,Urbana,S/D,S/D,S/D,S/D,S/D,Nocturna,S/D,S/D,S/D,Atropello,S/D,S/D,S/D,S/D,no funciono,['Alberdi Bis 200'],1,Alberdi Bis 200,,,,,,,,,,
2012,17617,2012-12-08,Sabado,0.0,13:55:00,,0.0,2,"Bicicleta,Moto/Ciclomotor",Av. Alberdi Bis 100,2,1,0,0,1,0,0,,Avenida,,ROSARIO,Rosario,S/D,S/D,II,Dentro,Urbana,S/D,S/D,S/D,S/D,S/D,Diurna,S/D,S/D,S/D,Atropello,S/D,S/D,S/D,S/D,no funciono,['Alberdi Bis 100'],1,Alberdi Bis 100,,,,,,,,,,
2012,17619,2012-12-15,Sabado,0.0,13:00:00,,0.0,2,"Pickup/Utilitario,Moto/Ciclomotor",Agrelo Y Gurruchaga,4,2,0,0,2,0,0,,Calle,,ROSARIO,Rosario,Asfalto,No existe,II,Dentro,Urbana,Ninguna,No existe,Recta,Bueno,Buena,Diurna,Buen Tiempo,S/D,S/D,Colisión,S/D,Faltante,Ninguna,Sin restricción,error,"['Agrela', 'Gurruchaga']",2,error,,,,,,,,,,
2012,17634,2012-08-05,Domingo,0.0,,,0.0,1,Otros, ,1,0,0,0,0,1,0,,S/D,,ROSARIO,Rosario,S/D,S/D,II,S/D,S/D,S/D,S/D,S/D,S/D,S/D,S/D,S/D,S/D,S/D,S/D,S/D,S/D,S/D,S/D,,[''],0,,,,,,,,,,,
2012,17636,2012-08-13,Lunes,0.0,,,0.0,1,Otros, ,1,0,0,0,0,1,0,,S/D,,ROSARIO,Rosario,S/D,S/D,II,S/D,Urbana,S/D,S/D,S/D,S/D,S/D,S/D,S/D,S/D,S/D,S/D,S/D,S/D,S/D,S/D,,[''],0,,,,,,,,,,,
2012,17637,2012-08-29,Miercoles,0.0,,,0.0,1,Otros, ,1,0,0,0,0,1,0,,S/D,,ROSARIO,Rosario,S/D,S/D,II,S/D,S/D,S/D,S/D,S/D,S/D,S/D,S/D,S/D,S/D,S/D,Otro,S/D,S/D,S/D,S/D,,[''],0,,,,,,,,,,,
2012,17640,2012-09-20,Jueves,0.0,,,0.0,1,Otros, ,1,0,0,0,0,1,0,,S/D,,ROSARIO,Rosario,S/D,S/D,II,S/D,S/D,S/D,S/D,S/D,S/D,S/D,S/D,S/D,S/D,S/D,S/D,S/D,S/D,S/D,S/D,,[''],0,,,,,,,,,,,
2012,17645,2012-11-07,Miercoles,0.0,,,0.0,1,Otros, ,1,0,0,0,0,1,0,,S/D,,ROSARIO,Rosario,S/D,S/D,II,S/D,S/D,S/D,S/D,S/D,S/D,S/D,S/D,S/D,S/D,S/D,Otro,S/D,S/D,S/D,S/D,,[''],0,,,,,,,,,,,
2012,17651,2012-12-10,Lunes,0.0,,,0.0,1,Otros, ,1,0,0,0,0,1,0,,S/D,,ROSARIO,Rosario,S/D,S/D,II,S/D,S/D,S/D,S/D,S/D,S/D,S/D,S/D,S/D,S/D,S/D,Otro,S/D,S/D,S/D,S/D,,[''],0,,,,,,,,,,,
2012,17664,2012-12-08,Sabado,0.0,16:00:00,,0.0,2,"Moto/Ciclomotor,Automóvil",Bv Oroño y Colectora ,2,1,0,0,1,0,0,,Avenida,,ROSARIO,Rosario,Asfalto,No existe,II,Dentro,Urbana,Semáforo,Funciona,Distribuidor,Bueno,Buena,Diurna,Buen Tiempo,Lateral,S/D,Colisión,S/D,"Horizontal,Vertical",Cordón divisorio,S/D,error,"['Bulevar Nicasio Oroño', 'Colectora']",2,error,,,,,,,,,,
2012,17669,2012-12-14,Viernes,0.0,08:30:00,,0.0,2,"Bicicleta,Transporte de Pasajeros Larga Distancia (Piso  y  1/2)",Av. Pte.Peron Y Guatemala,2,0,1,0,1,0,0,,Avenida,,ROSARIO,Rosario,Asfalto,No existe,II,Dentro,Urbana,Ninguna,S/D,Intersección,Bueno,Buena,Diurna,S/D,S/D,S/D,Atropello,S/D,"Horizontal,Vertical",Cordón divisorio,S/D,error,"['Avenida Presidente Perón', 'Guatemala']",2,error,,,,,,,,,,
2013,323,2013-01-29,Martes,0.0,21:15:00,,0.0,2,"Peatón,Moto/Ciclomotor",Ricardo Gutierrez Y Pje. Hipocrates,2,0,0,0,0,2,0,,Calle,,ROSARIO,Rosario,Asfalto,No existe,I,Dentro,Urbana,Ninguna,No existe,Intersección,Bueno,S/D,Nocturna,Buen Tiempo,S/D,S/D,Atropello,S/D,Faltante,Línea divisoria pintada,Sin restricción,error,"['Ricardo Gutierrez', 'Hipócrates']",2,error,,,,,,,,,,
2013,373,2013-01-08,Martes,0.0,17:15:00,,0.0,2,"Moto/Ciclomotor,Automóvil",Solis Y San Juan,2,1,0,0,1,0,0,,Calle,,ROSARIO,Rosario,Asfalto,No existe,II,Dentro,Urbana,Semáforo,Funciona,Cruce,Bueno,Buena,Diurna,S/D,Lateral,S/D,Colisión,S/D,Horizontal,Cordón divisorio,S/D,error,"['Solis', 'San Juan']",2,error,,,,,,,,,,
2013,408,2013-01-10,Jueves,0.0,19:00:00,,0.0,1,,Olmos Bis Y J.B.Justo,2,1,0,0,1,0,0,,Calle,,ROSARIO,Rosario,Asfalto,S/D,II,Dentro,Urbana,S/D,S/D,Recta,S/D,Buena,S/D,Buen Tiempo,S/D,S/D,Atropello,S/D,S/D,S/D,S/D,error,"['Los Olmos', 'Justo']",2,error,,,,,,,,,,
2013,409,2013-01-10,Jueves,0.0,19:00:00,,0.0,2,"Bicicleta,Moto/Ciclomotor",Olmos Bis Y J.B.Justo,2,1,0,0,1,0,0,,Calle,,ROSARIO,Rosario,Asfalto,S/D,II,Dentro,Urbana,S/D,S/D,Recta,S/D,Buena,S/D,Buen Tiempo,S/D,S/D,Atropello,S/D,S/D,S/D,S/D,error,"['Los Olmos', 'Justo']",2,error,,,,,,,,,,
2013,440,2013-01-03,Jueves,0.0,19:30:00,,0.0,2,"Camión,Automóvil",Mendoza Y Av. Pellegrini,3,1,0,0,2,0,0,,Calle,,ROSARIO,Rosario,Asfalto,Natural,II,Dentro,Urbana,Ninguna,No existe,Recta,Bueno,Buena,Atardecer,Buen Tiempo,Otro,S/D,Colisión,S/D,S/D,Ninguna,Sin restricción,error,"['Mendoza', 'Pellegrini']",2,error,,,,,,,,,,
2013,498,2013-01-03,Jueves,0.0,16:00:00,,0.0,2,"Automóvil,Moto/Ciclomotor",RIVAROLA Y ESTADOS UNIDOS,2,2,0,0,0,0,0,,Calle,,ROSARIO,Rosario,Asfalto,Natural,II,Dentro,Urbana,Ninguna,No existe,S/D,Con baches,Buena,Diurna,Buen Tiempo,Lateral,S/D,Colisión,S/D,S/D,S/D,S/D,sec calles no encontradas,"['Rivarola', 'Avenida 25 De Mayo']",2,error,,,,,,,,,,
2013,502,2013-01-04,Viernes,0.0,21:00:00,,0.0,2,"Bicicleta,Moto/Ciclomotor",Av. De Las Palmeras Y Tacuari,2,2,0,0,0,0,0,,Calle,,ROSARIO,Rosario,Asfalto,Natural,II,Dentro,Urbana,S/D,No existe,Intersección,Con baches,S/D,Nocturna,Lluvia,S/D,S/D,Atropello,Agua,S/D,S/D,S/D,error,"['Las Palmas', 'Tacuarí']",2,error,,,,,,,,,,
2013,537,2013-01-02,Miercoles,0.0,10:00:00,,0.0,2,"Moto/Ciclomotor,Moto/Ciclomotor",BV. SEGUI Y ESTADOS UNIDOS,2,2,0,0,0,0,0,,Calle,,ROSARIO,Rosario,Asfalto,No existe,II,Dentro,Urbana,S/D,No existe,Intersección,Con baches,Buena,Diurna,Buen Tiempo,S/D,S/D,Colisión,S/D,S/D,S/D,S/D,sec calles no encontradas,"['Bulevar Juan Francisco Seguí', 'Avenida 25 De Mayo']",2,error,,,,,,,,,,
2013,542,2013-01-28,Lunes,0.0,19:00:00,,0.0,2,"Moto/Ciclomotor,Moto/Ciclomotor",Rivarola Y 8 de Noviembre,2,2,0,0,0,0,0,,Calle,,ROSARIO,Rosario,Asfalto,No existe,II,Dentro,Urbana,Ninguna,No existe,Intersección,Con baches,Buena,Diurna,Buen Tiempo,Lateral,S/D,Colisión,S/D,S/D,S/D,S/D,error,"['Rivarola', 'Ocho de Noviembre']",2,error,,,,,,,,,,
2013,561,2013-01-03,Jueves,0.0,14:30:00,,0.0,2,"Moto/Ciclomotor,Automóvil",Camino de los Granaderos Y Ludueña,3,2,0,0,1,0,0,,Calle,,ROSARIO,Rosario,Asfalto,No existe,II,Dentro,Urbana,Ninguna,No existe,Intersección,Bueno,Buena,Diurna,Buen Tiempo,Lateral,S/D,Colisión,Otro,Faltante,Ninguna,Sin restricción,error,"['Camino de los Granaderos', 'Ludueña']",2,error,,,,,,,,,,
2013,571,2013-01-02,Miercoles,0.0,19:10:00,,0.0,3,"Automóvil,Automóvil,Pickup/Utilitario",CIRCUNVALACION ENTRE Y PALLIERE Y BAIGORRIA,7,2,0,0,5,0,0,,Avenida,,ROSARIO,Rosario,Asfalto,Natural,II,Dentro,Urbana,Marca Vial,No existe,Recta,Bueno,Buena,Atardecer,Buen Tiempo,Múltiple,S/D,Colisión,S/D,S/D,Guardarrail,S/D,,"['Circunvalacion', 'Palliere', 'Baigorria']",3,,,,,,,,,,,
2013,579,2013-01-03,Jueves,0.0,13:00:00,,0.0,2,"Automóvil,Automóvil",CORONEL FONTANA Y RAUL ALFONSIN,2,1,0,0,1,0,0,,Calle,,ROSARIO,Rosario,Asfalto,Pavimento,II,Dentro,Urbana,Semáforo,Funciona,Intersección,Bueno,Buena,Diurna,Buen Tiempo,Frontal,S/D,Colisión,S/D,Vertical,Cordón divisorio,Desvío Provisorio,error,"['Coronel Fontana', 'Raúl Alfonsín']",2,error,,,,,,,,,,
2013,611,2013-01-09,Miercoles,0.0,15:00:00,,0.0,2,"Moto/Ciclomotor,Automóvil",ANCHORIS Y PJE 2,2,1,0,0,1,0,0,,Calle,,ROSARIO,Rosario,Asfalto,No existe,II,Dentro,Urbana,Ninguna,No existe,Intersección,Bueno,Buena,Diurna,Buen Tiempo,Lateral,S/D,Colisión,Otro,Faltante,Ninguna,Sin restricción,error,"['Anchoris', 'Pasaje 2']",2,error,,,,,,,,,,
2013,614,2013-01-23,Miercoles,0.0,,,0.0,1,Camión,Carriego Y Campbell,2,0,1,0,1,0,0,,Calle,,ROSARIO,Rosario,Asfalto,No existe,II,Dentro,Urbana,Ninguna,No existe,Intersección,Bueno,Buena,S/D,Buen Tiempo,Otro,S/D,Colisión,S/D,Horizontal,Ninguna,Sin restricción,error,"['Carriego', 'Campbell']",2,error,,,,,,,,,,
2013,619,2013-01-16,Miercoles,0.0,18:30:00,,0.0,2,"Automóvil,Moto/Ciclomotor",Baigorria Y Bv. Bouchard,2,1,0,0,1,0,0,,Calle,,ROSARIO,Rosario,Asfalto,No existe,II,Dentro,Urbana,Ninguna,No existe,Intersección,Bueno,Buena,Diurna,Buen Tiempo,Lateral,S/D,Colisión,Otro,Faltante,Ninguna,Sin restricción,error,"['Baigorria', 'Bouchard']",2,error,,,,,,,,,,
2013,631,2013-01-22,Martes,0.0,13:00:00,,0.0,1,,Mendoza Y F.Frias,2,1,0,0,1,0,0,,Calle,,ROSARIO,Rosario,Asfalto,No existe,II,Dentro,Urbana,Semáforo,Funciona,Recta,Bueno,Buena,Diurna,Buen Tiempo,Otro,S/D,Colisión,S/D,Vertical,Barrera de hormigón,Sin restricción,error,"['Mendoza', 'Frias']",2,error,,,,,,,,,,
2013,632,2013-01-22,Martes,0.0,13:00:00,,0.0,2,"Moto/Ciclomotor,Peatón",Mendoza Y F.Frias,2,1,0,0,1,0,0,,Calle,,ROSARIO,Rosario,Asfalto,No existe,II,Dentro,Urbana,Semáforo,Funciona,Recta,Bueno,Buena,Diurna,Buen Tiempo,Otro,S/D,Atropello,S/D,Vertical,Barrera de hormigón,Sin restricción,error,"['Mendoza', 'Frias']",2,error,,,,,,,,,,
2013,643,2013-01-16,Miercoles,0.0,17:30:00,,0.0,2,"Moto/Ciclomotor,Automóvil",Virasoro Y Ravignani,2,1,0,0,1,0,0,,Calle,,ROSARIO,Rosario,Asfalto,No existe,II,Dentro,Urbana,Ninguna,No existe,Intersección,Deteriorada,Buena,Con luz artificial,Otro,Lateral,S/D,Colisión,Otro,Faltante,Ninguna,Sin restricción,error,"['Virasoro', 'Ravignani']",2,error,,,,,,,,,,
2013,686,2013-01-09,Miercoles,0.0,10:30:00,,0.0,2,"Moto/Ciclomotor,Pickup/Utilitario",Pje. Caccia Y Av. Arijon,2,1,0,0,1,0,0,,Avenida,,ROSARIO,Rosario,Asfalto,No existe,II,Dentro,Urbana,Ninguna,No existe,Recta,Bueno,Buena,Diurna,Buen Tiempo,Lateral,S/D,Colisión,S/D,Faltante,Línea divisoria pintada,Sin restricción,error,"['Caccia', 'Avenida Manuel Arijón']",2,error,,,,,,,,,,
2013,689,2013-01-14,Lunes,0.0,16:45:00,,0.0,1,Peatón,Av. Francia Y Ameghino,1,0,0,0,0,0,1,,Avenida,,ROSARIO,Rosario,Tierra,S/D,II,Dentro,Urbana,Ninguna,S/D,Intersección,Deteriorada,Buena,Atardecer,Buen Tiempo,Lateral,S/D,Atropello,S/D,S/D,Ninguna,Sin restricción,error,"['Avenida Francia', 'Ameghino']",2,error,,,,,,,,,,
2013,700,2013-01-23,Miercoles,0.0,08:30:00,,0.0,2,"Automóvil,Camión",Av. Battle y Ordoñez Y Bv. Oroño,2,1,0,0,1,0,0,,Avenida,,ROSARIO,Rosario,Asfalto,No existe,II,Dentro,Urbana,Semáforo,Funciona,Cruce,Bueno,Buena,Diurna,Buen Tiempo,Lateral,S/D,Colisión,S/D,Vertical,Cordón divisorio,Sin restricción,error,"['Avenida Battle y Ordoñez', 'Bulevar Nicasio Oroño']",2,error,,,,,,,,,,
2013,710,2013-01-24,Jueves,0.0,05:45:00,,0.0,1,Bicicleta,Av. Francia Y Olegario V.Andrade,1,1,0,0,0,0,0,,Avenida,,ROSARIO,Rosario,Asfalto,S/D,II,Dentro,Urbana,Ninguna,S/D,Intersección,Bueno,Buena,Amanecer,Buen Tiempo,S/D,S/D,Atropello,S/D,S/D,Ninguna,Sin restricción,error,"['Avenida Francia', 'Olegario V Andrade']",2,error,,,,,,,,,,
2013,747,2013-01-03,Jueves,0.0,15:15:00,,0.0,2,"Peatón,Automóvil",Pte.Roca 800,2,1,0,0,1,0,0,,Calle,,ROSARIO,Rosario,Asfalto,S/D,II,Dentro,Urbana,S/D,S/D,Recta,S/D,S/D,Diurna,S/D,Otro,S/D,Atropello,S/D,S/D,S/D,S/D,no funciono,['Presidenteroca 800'],1,Presidenteroca 800,,,,,,,,,,
2013,786,2013-01-22,Martes,0.0,15:45:00,,0.0,2,"Moto/Ciclomotor,Automóvil",Av. Corrientes Y Paraguay,3,1,0,0,2,0,0,,Avenida,,ROSARIO,Rosario,Asfalto,S/D,II,Dentro,Urbana,S/D,S/D,Intersección,S/D,S/D,Diurna,S/D,S/D,S/D,Colisión,S/D,S/D,S/D,S/D,error,"['Corrientes', 'Paraguay']",2,error,,,,,,,,,,
2013,833,2013-01-21,Lunes,0.0,00:45:00,,0.0,2,"Automóvil,Moto/Ciclomotor",Av. Pte.Peron 4500,2,1,0,0,1,0,0,,Avenida,,ROSARIO,Rosario,S/D,S/D,II,Dentro,Urbana,Marca Vial,No existe,Paso a Nivel FFCC,Bueno,Buena,Nocturna,Buen Tiempo,Otro,S/D,Colisión,S/D,S/D,S/D,Sin restricción,no funciono,['Presidenteperon 4500'],1,Presidenteperon 4500,,,,,,,,,,
2013,851,2013-01-19,Sabado,0.0,23:45:00,,0.0,2,"Moto/Ciclomotor,Taxi/Remis",XX Y XX,2,1,0,0,1,0,0,,Calle,,ROSARIO,Rosario,Asfalto,No existe,II,Dentro,Urbana,Señal Pare,No existe,Intersección,Bueno,Buena,Nocturna,Buen Tiempo,Lateral,S/D,Colisión,S/D,Vertical,Ninguna,Sin restricción,error,"['Xx', 'Xx']",2,error,,,,,,,,,,
2013,889,2013-07-08,Lunes,0.0,18:00:00,,0.0,2,"Bicicleta,Automóvil",Larrea Y Pte.Quintana,2,1,0,0,0,0,1,,Calle,,ROSARIO,Rosario,Asfalto,No existe,II,Dentro,Urbana,S/D,S/D,Intersección,Otro,S/D,S/D,S/D,Lateral,S/D,Atropello,Otro,S/D,Ninguna,Sin restricción,error,"['Larrea', 'Quintana']",2,error,,,,,,,,,,
2013,906,2013-07-16,Martes,0.0,,,0.0,2,"Moto/Ciclomotor,Moto/Ciclomotor",Callao xxxx,2,1,0,0,1,0,0,,Calle,,ROSARIO,Rosario,S/D,S/D,II,Dentro,Urbana,S/D,S/D,S/D,S/D,S/D,S/D,S/D,S/D,S/D,S/D,S/D,S/D,S/D,S/D,no funciono,['Callao Xxxx'],1,Callao Xxxx,,,,,,,,,,
2013,956,2013-01-02,Miercoles,0.0,14:45:00,,0.0,3,"Taxi/Remis,Automóvil,Automóvil", ,5,4,0,0,1,0,0,,Calle,,ROSARIO,Rosario,Asfalto,S/D,II,S/D,Urbana,S/D,S/D,Intersección,S/D,S/D,Diurna,S/D,Múltiple,S/D,Colisión,S/D,S/D,S/D,S/D,,[''],0,,,,,,,,,,,
2013,1061,2013-07-16,Martes,0.0,18:10:00,,0.0,2,"Automóvil,Moto/Ciclomotor",AV. PROVINCIAS UNIDAS Y P. BURNES,2,1,0,0,1,0,0,,Avenida,,ROSARIO,Rosario,Asfalto,No existe,II,Dentro,Urbana,Marca Vial,No existe,Intersección,Bueno,Buena,Atardecer,Buen Tiempo,Lateral,S/D,Colisión,S/D,Vertical,Cordón divisorio,Sin restricción,sec calles no encontradas,"['Avenida Provincias Unidas', 'Burnes']",2,error,,,,,,,,,,
2013,1068,2013-07-15,Lunes,0.0,13:00:00,,0.0,2,"Automóvil,Moto/Ciclomotor",Cordoba Y Lima,3,1,0,0,2,0,0,,Calle,,ROSARIO,Rosario,Asfalto,S/D,II,Dentro,Urbana,S/D,S/D,Intersección,S/D,S/D,S/D,S/D,S/D,S/D,Colisión,S/D,S/D,Cordón divisorio,S/D,error,"['Córdoba', 'Lima']",2,error,,,,,,,,,,
2013,1105,2013-01-28,Lunes,0.0,12:10:00,,0.0,2,"Bicicleta,Automóvil",Bv. 27 De Febrero Y Garay,2,1,0,0,1,0,0,,Avenida,,ROSARIO,Rosario,Asfalto,S/D,II,Dentro,Urbana,S/D,S/D,Intersección,S/D,S/D,Diurna,S/D,S/D,S/D,Atropello,S/D,S/D,S/D,S/D,error,"['27 de Febrero', 'Garay']",2,error,,,,,,,,,,
2013,1124,2013-01-10,Jueves,0.0,04:10:00,,0.0,2,"Moto/Ciclomotor,Automóvil",Caicobe Y Lozzia,3,1,0,0,2,0,0,,Calle,,ROSARIO,Rosario,Asfalto,No existe,II,Dentro,Urbana,Ninguna,S/D,Intersección,Bueno,S/D,S/D,Buen Tiempo,Lateral,S/D,Colisión,S/D,S/D,Ninguna,Sin restricción,error,"['Caicobé', 'Lozzia']",2,error,,,,,,,,,,
2013,1148,2013-01-21,Lunes,0.0,15:30:00,,0.0,2,"Peatón,Automóvil",Pje. Ortiz ,2,1,0,0,1,0,0,,Calle,,ROSARIO,Rosario,Asfalto,No existe,II,Dentro,Urbana,Ninguna,No existe,Recta,Bueno,Buena,Diurna,Buen Tiempo,De alcance,S/D,Atropello,S/D,Horizontal,Ninguna,Sin restricción,no funciono,['Pasaje Ortiz'],1,Pasaje Ortiz,,,,,,,,,,