anio_acci,nro_acci,fecha,desc_dia,fecha_aprox,hora_aprox,desc_ruta,km,cant_participantes,desc_participante,calle_avenida_km,total,heridos_leves,heridos_graves,heridos_gravisimos,ilesos,fallecidos,sin_datos,posicion_XY,desc_tipo_via,desc_ruta_ori,desc_loc,desc_dpto,desc_tipo_calzada,desc_tipo_banquina,desc_unidad_regional,desc_lugar_calzada,desc_zona,desc_prioridad,desc_estado_semaforo,desc_lugar_via,desc_estado_via,desc_estado_visibilidad,desc_luminosidad,desc_estado_clima,desc_tipo_colision,desc_tipo_atropello,desc_tipo_hecho,desc_pres_calzada,desc_senializacion,desc_separacion_via,desc_restriccion,forma_geocod,calle_lista,numero_calles,calles_osm,lat,lon,index_right,gid,fna,gna,nam,in1,fdc,sag
2013,1162,2013-01-27,Domingo,0.0,14:30:00,,0.0,2,"Bicicleta,Moto/Ciclomotor",Av. Uriburu Y Mariano Moreno,3,3,0,0,0,0,0,,Avenida,,ROSARIO,Rosario,Asfalto,No existe,II,Dentro,Urbana,Ninguna,No existe,Intersección,S/D,S/D,Diurna,S/D,Lateral,S/D,Atropello,S/D,S/D,Ninguna,Sin restricción,error,"['Uriburu', 'Mariano Moreno']",2,error,,,,,,,,,,
2013,1166,2013-07-04,Jueves,0.0,,,0.0,2,"Automóvil,Automóvil",xx Y xx,3,1,0,0,2,0,0,,Calle,,ROSARIO,Rosario,Asfalto,S/D,II,Dentro,Urbana,S/D,S/D,Intersección,S/D,S/D,S/D,S/D,S/D,S/D,Colisión,S/D,S/D,Cordón divisorio,S/D,error,"['Xx', 'Xx']",2,error,,,,,,,,,,
2013,1424,2013-02-02,Sabado,0.0,13:15:00,,0.0,2,"Automóvil,Bicicleta",Echeverria Bis 150,2,1,0,0,0,0,1,,Calle,,ROSARIO,Rosario,S/D,S/D,II,Dentro,Urbana,S/D,S/D,S/D,S/D,S/D,Diurna,S/D,S/D,S/D,Atropello,S/D,S/D,S/D,S/D,no funciono,['Echeverria Bis 150'],1,Echeverria Bis 150,,,,,,,,,,
2013,1430,2013-02-09,Sabado,0.0,21:30:00,,0.0,2,"Moto/Ciclomotor,Pickup/Utilitario",MITRE Y ASURMENDI,3,0,2,0,1,0,0,,Calle,,ROSARIO,Rosario,Asfalto,No existe,II,Dentro,Urbana,Ninguna,No existe,Intersección,Bueno,Buena,"Nocturna,Con luz artificial",Buen Tiempo,Lateral,S/D,Colisión,S/D,Faltante,Ninguna,Sin restricción,sec calles no encontradas,"['Mitre', 'Asurmendi']",2,error,,,,,,,,,,
2013,1441,2013-02-09,Sabado,0.0,13:00:00,,0.0,2,"Automóvil,Moto/Ciclomotor",Av. Eudoro Carrasco 1000,2,1,0,0,1,0,0,,Avenida,,ROSARIO,Rosario,Asfalto,S/D,II,S/D,Urbana,Semáforo,Funciona,S/D,Bueno,Buena,S/D,Buen Tiempo,Otro,S/D,Colisión,S/D,Vertical,S/D,S/D,no funciono,['Eudnicasio Oroño Carrasco 1000'],1,Eudnicasio Oroño Carrasco 1000,,,,,,,,,,
2013,1513,2013-01-08,Martes,0.0,22:00:00,,0.0,2,"Bicicleta,Automóvil",Entre Rios Y Pje. Quintanilla,2,1,0,0,1,0,0,,Calle,,ROSARIO,Rosario,Asfalto,S/D,II,Dentro,Urbana,S/D,No existe,Intersección,S/D,S/D,Nocturna,S/D,Lateral,S/D,Atropello,S/D,S/D,S/D,Sin restricción,error,"['Entre Ríos', 'Quintanilla']",2,error,,,,,,,,,,
2013,1514,2013-02-01,Viernes,0.0,01:10:00,,0.0,2,"Moto/Ciclomotor,Automóvil",Guemes Y Ricchieri,2,2,0,0,0,0,0,,Calle,,ROSARIO,Rosario,Asfalto,S/D,II,Dentro,Urbana,S/D,S/D,Recta,Bueno,S/D,Nocturna,Buen Tiempo,Lateral,S/D,Colisión,S/D,Faltante,S/D,S/D,error,"['Güemes', 'Ricchieri']",2,error,,,,,,,,,,
2013,1520,2013-02-04,Lunes,0.0,16:00:00,,0.0,2,"Moto/Ciclomotor,Automóvil",Av. Del Valle Y Ricchieri,2,1,0,0,0,0,1,,Avenida,,ROSARIO,Rosario,Asfalto,S/D,II,Dentro,Urbana,S/D,No existe,Recta,Bueno,Buena,Diurna,Buen Tiempo,Lateral,S/D,Colisión,S/D,S/D,S/D,S/D,error,"['Del Valle', 'Ricchieri']",2,error,,,,,,,,,,
2013,1521,2013-01-09,Miercoles,0.0,18:30:00,,0.0,2,"Moto/Ciclomotor,Automóvil",Milan Y Pje. de Riego,2,1,0,0,1,0,0,,Calle,,ROSARIO,Rosario,Asfalto,No existe,II,Dentro,Urbana,S/D,No existe,Intersección,Bueno,S/D,Atardecer,S/D,Lateral,S/D,Colisión,S/D,S/D,S/D,Sin restricción,error,"['Milán', 'De Riego']",2,error,,,,,,,,,,
2013,1528,2013-02-08,Viernes,0.0,08:30:00,,0.0,2,"Moto/Ciclomotor,Automóvil",Ricchieri Y Av. Del Valle,3,1,0,0,2,0,0,,Avenida,,ROSARIO,Rosario,Asfalto,S/D,II,Dentro,Urbana,S/D,Funciona,Recta,Bueno,Buena,Diurna,Buen Tiempo,Lateral,S/D,Colisión,S/D,Vertical,S/D,S/D,error,"['Ricchieri', 'Del Valle']",2,error,,,,,,,,,,
2013,1532,2013-01-10,Jueves,0.0,19:35:00,,0.0,2,"Pickup/Utilitario,Bicicleta",Pje. Quito Y Mitre,2,1,0,0,1,0,0,,Calle,,ROSARIO,Rosario,Asfalto,No existe,II,Dentro,Urbana,Ninguna,No existe,Intersección,S/D,S/D,Con luz artificial,S/D,Lateral,S/D,Colisión,S/D,S/D,Ninguna,Sin restricción,error,"['Quito', 'Mitre']",2,error,,,,,,,,,,
2013,1606,2013-01-30,Miercoles,0.0,18:00:00,,0.0,2,"Automóvil,Automóvil",TUNEL ESCALADA Y RICHIERI,2,1,0,0,1,0,0,,Calle,,ROSARIO,Rosario,Asfalto,S/D,II,Dentro,Urbana,Ninguna,S/D,Recta,Bueno,Buena,S/D,Buen Tiempo,Otro,S/D,Otro,Otro,Faltante,Ninguna,S/D,error,"['Tunel Escalada', 'Ricchieri']",2,error,,,,,,,,,,
2013,1613,2013-01-07,Lunes,0.0,11:40:00,,0.0,2,"Peatón,Transporte de Pasajeros Urbano (> 8 asientos)",Av. Alberdi Bis 100,2,1,0,0,0,0,1,,Avenida,,ROSARIO,Rosario,S/D,S/D,II,Dentro,Urbana,S/D,S/D,Recta,S/D,S/D,Diurna,S/D,S/D,S/D,Atropello,S/D,S/D,S/D,S/D,no funciono,['Alberdi Bis 100'],1,Alberdi Bis 100,,,,,,,,,,
2013,1617,2013-01-07,Lunes,0.0,12:00:00,,0.0,2,"Moto/Ciclomotor,Pickup/Utilitario",Av. Caseros Bis 98,2,1,0,0,1,0,0,,Avenida,,ROSARIO,Rosario,S/D,S/D,II,Dentro,Urbana,S/D,S/D,Recta,S/D,S/D,Diurna,S/D,Otro,S/D,Colisión,S/D,S/D,S/D,S/D,no funciono,['Caseros Bis 98'],1,Caseros Bis 98,,,,,,,,,,
2013,1619,2013-01-07,Lunes,0.0,18:00:00,,0.0,2,"Moto/Ciclomotor,Pickup/Utilitario",Av. Alberdi Bis 300,2,1,0,0,1,0,0,,Avenida,,ROSARIO,Rosario,Asfalto,S/D,II,Dentro,Urbana,S/D,S/D,S/D,S/D,S/D,Diurna,S/D,Otro,S/D,Colisión,S/D,S/D,S/D,S/D,no funciono,['Alberdi Bis 300'],1,Alberdi Bis 300,,,,,,,,,,
2013,1632,2013-01-23,Miercoles,0.0,23:00:00,,0.0,2,"Bicicleta,Moto/Ciclomotor",LIDICE Y GUALBERTO VENECIA,2,1,0,0,1,0,0,,Calle,,ROSARIO,Rosario,Asfalto,S/D,II,Dentro,Urbana,S/D,S/D,S/D,Bueno,Buena,S/D,S/D,S/D,S/D,Atropello,S/D,S/D,S/D,S/D,error,"['Lidice', 'Gualberto Venesia']",2,error,,,,,,,,,,
2013,1635,2013-01-25,Viernes,0.0,13:00:00,,0.0,2,"Automóvil,Moto/Ciclomotor",CANDIDO CARBALLO Y PJE FRANCHINI,3,2,0,0,1,0,0,,Calle,,ROSARIO,Rosario,Asfalto,S/D,II,Dentro,Urbana,S/D,Funciona,Intersección,Bueno,S/D,S/D,Buen Tiempo,S/D,S/D,Colisión,S/D,S/D,S/D,Sin restricción,error,"['Avenida Doctor Luis Cándido Carballo', 'Pasaje Franchini']",2,error,,,,,,,,,,
2013,1640,2013-01-04,Viernes,0.0,16:30:00,,0.0,2,"Moto/Ciclomotor,Automóvil",French Y Pje. Gral.Savio,2,1,0,0,0,0,1,,Calle,,ROSARIO,Rosario,Asfalto,S/D,II,Dentro,Urbana,S/D,S/D,Recta,Bueno,S/D,S/D,Buen Tiempo,S/D,S/D,Colisión,S/D,Horizontal,Cordón divisorio,S/D,error,"['French', 'Savio']",2,error,,,,,,,,,,
2013,1750,2013-01-13,Domingo,0.0,08:20:00,,0.0,2,"Automóvil,Automóvil",Velez Sarsfield Y Beruti,4,0,0,0,0,0,4,,Calle,,ROSARIO,Rosario,S/D,S/D,II,Dentro,Urbana,S/D,S/D,S/D,S/D,S/D,S/D,S/D,S/D,S/D,S/D,S/D,S/D,S/D,S/D,error,"['Vélez Sarsfield', 'Luis Beruti']",2,error,,,,,,,,,,
2013,1768,2013-02-15,Viernes,0.0,18:00:00,,0.0,2,"Automóvil,Peatón",Pje. Arenales 21,2,1,0,0,0,0,1,,Calle,,ROSARIO,Rosario,S/D,S/D,II,Dentro,Urbana,S/D,S/D,S/D,S/D,S/D,Diurna,S/D,Otro,S/D,Atropello,S/D,S/D,S/D,S/D,no funciono,['Pasaje Arenales 21'],1,Pasaje Arenales 21,,,,,,,,,,
2013,1778,2013-02-22,Viernes,0.0,18:00:00,,0.0,2,"Peatón,Moto/Ciclomotor",Av. Francia Y Av. E.Lopez,2,1,0,0,0,0,1,,Avenida,,ROSARIO,Rosario,Asfalto,S/D,II,Dentro,Urbana,S/D,S/D,Intersección,S/D,S/D,S/D,S/D,S/D,S/D,Atropello,S/D,S/D,S/D,S/D,error,"['Avenida Francia', 'Lopez']",2,error,,,,,,,,,,
2013,1812,2013-02-09,Sabado,0.0,18:30:00,,0.0,2,"Moto/Ciclomotor,Automóvil",J.B. JUSTO Y ESTADOS UNIDOS,3,2,0,0,1,0,0,,Calle,,ROSARIO,Rosario,Asfalto,No existe,II,Dentro,Urbana,Semáforo,Funciona,Intersección,Bueno,Buena,"Diurna,Con luz artificial",Buen Tiempo,Frontal,S/D,Colisión,S/D,Horizontal,Línea divisoria pintada,Sin restricción,sec calles no encontradas,"['Justo', 'Avenida 25 De Mayo']",2,error,,,,,,,,,,
2013,1822,2013-01-26,Sabado,0.0,16:00:00,,0.0,2,"Automóvil,Moto/Ciclomotor",Washington Y Matheu,2,1,0,0,1,0,0,,Calle,,ROSARIO,Rosario,Asfalto,S/D,II,Dentro,Urbana,S/D,No existe,Intersección,Bueno,S/D,Diurna,Buen Tiempo,Lateral,S/D,Colisión,S/D,S/D,S/D,S/D,error,"['Washington', 'Matheu']",2,error,,,,,,,,,,
2013,1823,2013-02-02,Sabado,0.0,01:30:00,,0.0,2,"Pickup/Utilitario,Moto/Ciclomotor",Bv. Oroño Y Bv. Avellaneda,2,0,1,0,1,0,0,,Calle,,ROSARIO,Rosario,Asfalto,S/D,II,Dentro,Urbana,S/D,S/D,Intersección,Otro,S/D,S/D,S/D,S/D,S/D,Colisión,S/D,S/D,S/D,S/D,error,"['Bulevar Nicasio Oroño', 'Avellaneda']",2,error,,,,,,,,,,
2013,1826,2013-01-26,Sabado,0.0,19:40:00,,0.0,2,"Automóvil,Automóvil",Agrelo Y Artigas,2,2,0,0,0,0,0,,Calle,,ROSARIO,Rosario,Asfalto,No existe,II,Dentro,Urbana,S/D,S/D,Intersección,Bueno,S/D,S/D,Buen Tiempo,Lateral,S/D,Colisión,S/D,S/D,S/D,S/D,error,"['Agrela', 'Artigas']",2,error,,,,,,,,,,
2013,1845,2013-02-07,Jueves,0.0,19:45:00,,0.0,2,"Moto/Ciclomotor,Automóvil",Av. Kennedy Y Gianneo,3,1,0,0,1,0,1,,Avenida,,ROSARIO,Rosario,Hormigón,No existe,II,Dentro,Urbana,Ninguna,No existe,Recta,Con baches,Buena,"Atardecer,Con luz artificial",Buen Tiempo,Lateral,S/D,Colisión,S/D,Faltante,Barrera de hormigón,Sin restricción,error,"['Kennedy', 'Gianneo (Sur)']",2,error,,,,,,,,,,
2013,1940,2013-02-07,Jueves,0.0,14:50:00,,0.0,2,"Automóvil,Moto/Ciclomotor",EE UU Y PASO A NIVEL,2,1,0,0,1,0,0,,Calle,,ROSARIO,Rosario,Asfalto,No existe,II,Dentro,Urbana,Ninguna,No existe,Recta,S/D,Buena,Atardecer,Buen Tiempo,De alcance,S/D,Colisión,S/D,Horizontal,Ninguna,Sin restricción,ambas calles no encontradas,"['Avenida 25 De Mayo', 'Paso Nivel']",2,error,,,,,,,,,,
2013,1948,2013-02-18,Lunes,0.0,21:30:00,,0.0,2,"Automóvil,Automóvil",Bv. Wilde Y Cordoba,2,1,0,0,1,0,0,,Avenida,,ROSARIO,Rosario,Asfalto,No existe,II,Dentro,Urbana,Ninguna,No existe,Curva,Bueno,Buena,Nocturna,Buen Tiempo,Frontal,S/D,Colisión,S/D,Horizontal,Barrera de hormigón,Sin restricción,error,"['Bulevar Wilde', 'Córdoba']",2,error,,,,,,,,,,
2013,1962,2013-02-01,Viernes,0.0,14:15:00,,0.0,2,"Camión,Automóvil", ,2,1,0,0,1,0,0,,Calle,,ROSARIO,Rosario,Asfalto,Natural,II,Dentro,Urbana,Ninguna,No existe,Recta,Bueno,Buena,Diurna,Buen Tiempo,Frontal,S/D,Colisión,S/D,Faltante,Barrera de hormigón,Sin restricción,,[''],0,,,,,,,,,,,
2013,1966,2013-02-27,Miercoles,0.0,17:30:00,,0.0,2,"Automóvil,Moto/Ciclomotor",Velez Sarsfield Y Av de los inmigrantes,2,1,0,0,1,0,0,,Calle,,ROSARIO,Rosario,Asfalto,No existe,II,Dentro,Urbana,Ninguna,No existe,Recta,Bueno,Buena,Atardecer,Buen Tiempo,Frontal,S/D,Colisión,S/D,Horizontal,Barrera de hormigón,Sin restricción,error,"['Vélez Sarsfield', 'Los Inmigrantes']",2,error,,,,,,,,,,
2013,1973,2013-02-07,Jueves,0.0,16:26:00,,0.0,2,"Bicicleta,Automóvil",danti aligheri ,2,1,0,0,1,0,0,,S/D,,ROSARIO,Rosario,Asfalto,S/D,II,S/D,S/D,S/D,S/D,Intersección,S/D,S/D,Atardecer,Otro,S/D,S/D,Atropello,S/D,S/D,S/D,S/D,no funciono,['Danti Aligheri'],1,Danti Aligheri,,,,,,,,,,
2013,1979,2013-02-05,Martes,0.0,10:45:00,,0.0,2,"Moto/Ciclomotor,Pickup/Utilitario",Av. Uriburu Y Pje. De Pinedo,2,1,0,0,1,0,0,,Calle,,ROSARIO,Rosario,Hormigón,S/D,II,Dentro,Urbana,S/D,S/D,Intersección,Bueno,Buena,Diurna,Buen Tiempo,S/D,S/D,Colisión,S/D,S/D,Cordón divisorio,S/D,error,"['Uriburu', 'Pasaje De Pinedo']",2,error,,,,,,,,,,
2013,1999,2013-02-15,Viernes,0.0,15:30:00,,0.0,2,"Moto/Ciclomotor,Automóvil",Ricchieri Y Pte.Quintana,4,2,0,0,2,0,0,,Calle,,ROSARIO,Rosario,Asfalto,Natural,II,Dentro,Urbana,Ninguna,No existe,Recta,Bueno,Buena,Diurna,Buen Tiempo,"De alcance,Lateral",S/D,Colisión,S/D,Faltante,Ninguna,Sin restricción,error,"['Ricchieri', 'Quintana']",2,error,,,,,,,,,,
2013,2004,2013-02-20,Miercoles,0.0,00:30:00,,0.0,1,Moto/Ciclomotor,Av. C.Casado Y Garay,2,2,0,0,0,0,0,,Avenida,,ROSARIO,Rosario,Asfalto,No existe,II,S/D,Urbana,Ninguna,No existe,Plaza,Deteriorada,Buena,Nocturna,S/D,Otro,S/D,Colisión,S/D,S/D,Ninguna,Sin restricción,error,"['Casado', 'Garay']",2,error,,,,,,,,,,
2013,2023,2013-02-02,Sabado,0.0,,,0.0,2,"Moto/Ciclomotor,Automóvil", ,3,2,0,0,0,0,1,,S/D,,ROSARIO,Rosario,Asfalto,S/D,II,S/D,S/D,S/D,S/D,Intersección,Bueno,S/D,S/D,S/D,S/D,S/D,S/D,S/D,S/D,Cordón divisorio,S/D,,[''],0,,,,,,,,,,,
2013,2026,2013-02-04,Lunes,0.0,06:00:00,,0.0,1,Automóvil,Av. Circunvalacion Y Bv. Oroño,2,2,0,0,0,0,0,,Avenida,,ROSARIO,Rosario,Asfalto,S/D,II,Dentro,Urbana,S/D,S/D,S/D,Bueno,Buena,Amanecer,Buen Tiempo,Contra objeto fijo,S/D,Despiste,S/D,Horizontal,Guardarrail,Sin restricción,error,"['Circunvalacion', 'Bulevar Nicasio Oroño']",2,error,,,,,,,,,,
2013,2027,2013-02-04,Lunes,0.0,06:00:00,,0.0,1,Automóvil,Av. Circunvalacion Y Bv. Oroño,2,2,0,0,0,0,0,,Avenida,,ROSARIO,Rosario,Asfalto,S/D,II,Dentro,Urbana,S/D,S/D,S/D,Bueno,Buena,Amanecer,Buen Tiempo,Contra objeto fijo,S/D,Despiste,S/D,Horizontal,Guardarrail,Sin restricción,error,"['Circunvalacion', 'Bulevar Nicasio Oroño']",2,error,,,,,,,,,,
2013,2067,2013-02-06,Miercoles,0.0,14:30:00,,0.0,1,Moto/Ciclomotor,BERMUDEZ Y GUILLERMO TELL,1,1,0,0,0,0,0,,Calle,,ROSARIO,Rosario,Asfalto,No existe,II,S/D,Urbana,Ninguna,No existe,Intersección,Deteriorada,Buena,Diurna,Otro,Otro,S/D,Colisión,S/D,Faltante,Ninguna,Sin restricción,error,"['Bermudez', 'Calle 529']",2,error,,,,,,,,,,
2013,2073,2013-02-21,Jueves,0.0,22:30:00,,0.0,2,"Automóvil,Tren",AV. URIBURU  Y LAS VIAS,2,1,0,0,1,0,0,,Calle,,ROSARIO,Rosario,S/D,S/D,II,Dentro,Urbana,Otra Señal,No existe,Paso a Nivel FFCC,Deteriorada,Reducida,Nocturna,Buen Tiempo,Lateral,S/D,Colisión,S/D,S/D,S/D,S/D,sec calles no encontradas,"['Uriburu', 'Las Vias']",2,error,,,,,,,,,,
2013,2077,2013-02-14,Jueves,0.0,05:30:00,,0.0,1,Moto/Ciclomotor,San Martin Y Prevision y Hogar,1,1,0,0,0,0,0,,Calle,,ROSARIO,Rosario,Asfalto,No existe,II,S/D,Urbana,Semáforo,Intermitente,Intersección,Deteriorada,Reducida,Con luz artificial,Otro,Frontal,S/D,Colisión,S/D,Horizontal,Ninguna,Sin restricción,error,"['San Martin', '5 de Agosto']",2,error,,,,,,,,,,
2013,2082,2013-02-19,Martes,0.0,10:30:00,,0.0,2,"Automóvil,Automóvil",San Martin Y Olegario V.Andrade,3,2,0,0,1,0,0,,Calle,,ROSARIO,Rosario,Hormigón,S/D,II,Dentro,Urbana,Semáforo,Funciona,Intersección,Bueno,Buena,Diurna,Lluvia,De alcance,S/D,Colisión,Agua,Horizontal,S/D,S/D,error,"['San Martin', 'Olegario V Andrade']",2,error,,,,,,,,,,
2013,2109,2013-02-22,Viernes,0.0,02:00:00,,0.0,2,"Peatón,Tren",CRUCE FERROVIARIO Y ARIJON,3,0,1,0,2,0,0,,Autovía,,ROSARIO,Rosario,S/D,Natural,II,S/D,Urbana,Otra Señal,No existe,Paso a Nivel FFCC,Otro,Reducida,Nocturna,Buen Tiempo,Otro,S/D,Atropello,S/D,Faltante,Ninguna,Sin restricción,ppal calles no encontradas,"['Cruce Ferroviario', 'Avenida Manuel Arijón']",2,error,,,,,,,,,,
2013,2122,2013-07-10,Miercoles,1.0,18:00:00,,0.0,2,"Automóvil,Moto/Ciclomotor",Rivarola Y Lamadrid,2,1,0,0,1,0,0,,Calle,,ROSARIO,Rosario,Asfalto,No existe,II,Dentro,Urbana,Otra Señal,S/D,Intersección,Bueno,Buena,Diurna,Buen Tiempo,Lateral,S/D,Colisión,S/D,S/D,S/D,Sin restricción,error,"['Rivarola', 'Lamadrid']",2,error,,,,,,,,,,
2013,2126,2013-07-16,Martes,0.0,11:00:00,,0.0,2,"Moto/Ciclomotor,Bicicleta",Rivarola Y Forest,2,2,0,0,0,0,0,,Calle,,ROSARIO,Rosario,Asfalto,No existe,II,Dentro,Urbana,Ninguna,No existe,Intersección,Con baches,Buena,Diurna,Buen Tiempo,Lateral,S/D,Colisión,S/D,S/D,S/D,Sin restricción,error,"['Rivarola', 'Carlos Forest']",2,error,,,,,,,,,,
2013,2136,2013-02-21,Jueves,0.0,12:35:00,,0.0,2,"Moto/Ciclomotor,Automóvil",Olegario V.Andrade Y Laprida,2,1,0,0,1,0,0,,Calle,,ROSARIO,Rosario,Asfalto,No existe,II,Dentro,Urbana,Ninguna,No existe,Intersección,Bueno,Buena,Diurna,Buen Tiempo,Lateral,S/D,Colisión,S/D,S/D,Ninguna,Sin restricción,error,"['Olegario V Andrade', 'Laprida']",2,error,,,,,,,,,,
2013,2144,2013-02-06,Miercoles,0.0,21:40:00,,0.0,2,"Peatón,Moto/Ciclomotor",male roxlo 4600,2,1,0,0,1,0,0,,Calle,,ROSARIO,Rosario,Asfalto,Pavimento,II,Dentro,Urbana,Ninguna,No existe,Recta,Bueno,Reducida,Nocturna,Buen Tiempo,S/D,S/D,Atropello,S/D,Faltante,Barrera de hormigón,Sin restricción,no funciono,['Male Roxlo 4600'],1,Male Roxlo 4600,,,,,,,,,,
2013,2145,2013-02-24,Domingo,0.0,23:00:00,,0.0,2,"Moto/Ciclomotor,Pickup/Utilitario",Uruguay Y Sarmiento,3,2,0,0,1,0,0,,Calle,,ROSARIO,Rosario,Hormigón,S/D,II,Dentro,Urbana,S/D,No existe,Intersección,Bueno,Buena,Nocturna,Buen Tiempo,Lateral,S/D,Colisión,S/D,S/D,S/D,S/D,error,"['Uruguay', 'Sarmiento']",2,error,,,,,,,,,,
2013,2149,2013-07-03,Miercoles,0.0,06:00:00,,0.0,2,"Moto/Ciclomotor,Taxi/Remis",santa  Y FRIULI,2,1,0,0,1,0,0,,Calle,,ROSARIO,Rosario,Asfalto,No existe,II,Dentro,Urbana,S/D,No existe,Cruce,Bueno,Buena,Atardecer,S/D,S/D,S/D,Colisión,Otro,Faltante,S/D,S/D,error,"['Salta', 'Friuli']",2,error,,,,,,,,,,
2013,2244,2013-02-14,Jueves,0.0,12:15:00,,0.0,2,"Automóvil,Automóvil",Bv. Oroño 165 B,2,1,0,0,1,0,0,,Avenida,,ROSARIO,Rosario,Asfalto,No existe,II,Dentro,Urbana,Ninguna,No existe,Recta,Bueno,Buena,Diurna,Buen Tiempo,De alcance,S/D,Colisión,S/D,Faltante,Cordón divisorio,Sin restricción,no funciono,['Nicasio Oroñoño 165 B'],1,Nicasio Oroñoño 165 B,,,,,,,,,,
2013,2247,2013-02-14,Jueves,0.0,16:30:00,,0.0,2,"Automóvil,Bicicleta",Pte.Roca Y Colon,2,1,0,0,1,0,0,,Calle,,ROSARIO,Rosario,Hormigón,S/D,II,Dentro,Urbana,S/D,S/D,Intersección,Bueno,Buena,Diurna,Buen Tiempo,Lateral,S/D,Colisión,S/D,S/D,S/D,S/D,error,"['Roca', 'Colon']",2,error,,,,,,,,,,
2013,2258,2013-02-17,Domingo,0.0,21:30:00,,0.0,2,"Bicicleta,Automóvil",AV E LOPEZ Y SILOS DAVIS,2,1,0,0,1,0,0,,Avenida,,ROSARIO,Rosario,Asfalto,No existe,II,Dentro,Urbana,Ninguna,No existe,Recta,Bueno,Buena,"Nocturna,Con luz artificial",Buen Tiempo,Lateral,S/D,Atropello,S/D,Faltante,Ninguna,Sin restricción,sec calles no encontradas,"['Lopez', 'Silos Davis']",2,error,,,,,,,,,,
2013,2292,2013-02-02,Sabado,0.0,14:30:00,,0.0,2,"Moto/Ciclomotor,Automóvil",Necochea Y Villa del Parque,2,1,0,0,1,0,0,,Calle,,ROSARIO,Rosario,Asfalto,No existe,II,Dentro,Urbana,Marca Vial,No existe,Intersección,Bueno,Buena,Diurna,Buen Tiempo,S/D,S/D,Colisión,S/D,S/D,S/D,S/D,error,"['Necochea', 'Villa del Parque']",2,error,,,,,,,,,,
2013,2379,2013-02-15,Viernes,0.0,14:00:00,,0.0,2,"Bicicleta,Automóvil",Bv. 27 De Febrero Y Mendoza,2,1,0,0,1,0,0,,Calle,,ROSARIO,Rosario,Asfalto,S/D,II,Dentro,Urbana,Semáforo,Funciona,Intersección,Bueno,Buena,Diurna,Buen Tiempo,Lateral,S/D,Atropello,S/D,Vertical,Cordón divisorio,Sin restricción,error,"['27 de Febrero', 'Mendoza']",2,error,,,,,,,,,,
2013,2415,2013-03-01,Viernes,0.0,17:40:00,,0.0,2,"Automóvil,Tracción animal / Carro",Mr.Ross Y Rodriguez,4,2,0,0,2,0,0,,Calle,,ROSARIO,Rosario,Asfalto,No existe,II,Dentro,Urbana,Ninguna,No existe,Intersección,Bueno,Buena,Atardecer,S/D,S/D,S/D,Atropello,S/D,Faltante,Ninguna,Sin restricción,error,"['Rodrigo M. Ross', 'Rodríguez']",2,error,,,,,,,,,,
2013,2450,2013-02-01,Viernes,0.0,11:45:00,,0.0,2,"Bicicleta,Taxi/Remis",Paraguay Y Pte.Roca,2,1,0,0,1,0,0,,Calle,,ROSARIO,Rosario,Asfalto,S/D,II,Dentro,Urbana,S/D,S/D,Intersección,S/D,S/D,S/D,S/D,Otro,S/D,Atropello,S/D,S/D,S/D,S/D,error,"['Paraguay', 'Roca']",2,error,,,,,,,,,,
2013,2455,2013-03-03,Domingo,0.0,16:30:00,,0.0,2,"Automóvil,Pickup/Utilitario",San Martin Y Olegario V.Andrade,2,2,0,0,0,0,0,,Calle,,ROSARIO,Rosario,Asfalto,No existe,II,Dentro,Urbana,Ninguna,No existe,Intersección,Bueno,Buena,Atardecer,S/D,Lateral,S/D,Colisión,S/D,Horizontal,Ninguna,Sin restricción,error,"['San Martin', 'Olegario V Andrade']",2,error,,,,,,,,,,
2013,2463,2013-03-02,Sabado,0.0,09:00:00,,0.0,3,"Automóvil,Automóvil,Automóvil",Av. Francia Y Av. Caseros Bis,3,1,0,0,2,0,0,,Avenida,,ROSARIO,Rosario,Asfalto,S/D,II,Dentro,Urbana,S/D,S/D,Cruce,S/D,S/D,S/D,S/D,Múltiple,S/D,Colisión,S/D,S/D,S/D,S/D,error,"['Avenida Francia', 'Caseros']",2,error,,,,,,,,,,
2013,2482,2013-03-12,Martes,0.0,19:00:00,,0.0,2,"Moto/Ciclomotor,Tren",Vias ffcc ALL y A&#186;Saladillo ,2,0,0,0,1,1,0,,Calle,,ROSARIO,Rosario,S/D,S/D,II,Dentro,Rural,Ninguna,S/D,Paso a Nivel FFCC,S/D,Buena,Atardecer,Buen Tiempo,S/D,S/D,Colisión,S/D,S/D,S/D,S/D,ambas calles no encontradas,"['Vias Ffcc All', '&#186;saladillo']",2,error,,,,,,,,,,
2013,2511,2013-03-07,Jueves,0.0,20:15:00,,0.0,2,"Automóvil,Pickup/Utilitario",Chacabuco Y Av. Francia,2,1,0,0,1,0,0,,Avenida,,ROSARIO,Rosario,Asfalto,S/D,II,Dentro,Urbana,S/D,Funciona,Recta,S/D,S/D,S/D,S/D,Contra objeto fijo,S/D,Colisión,S/D,S/D,S/D,S/D,error,"['Chacabuco', 'Avenida Francia']",2,error,,,,,,,,,,
2013,2512,2013-03-15,Viernes,0.0,10:00:00,,0.0,2,"Automóvil,Pickup/Utilitario",Av. Provincias Unidas Y J.J.Paso,4,1,0,0,3,0,0,,Avenida,,ROSARIO,Rosario,Asfalto,No existe,II,Dentro,Urbana,Ninguna,No existe,Rotonda,Bueno,Buena,Diurna,Buen Tiempo,Otro,S/D,Colisión,S/D,Faltante,Ninguna,Sin restricción,error,"['Avenida Provincias Unidas', 'Paso']",2,error,,,,,,,,,,
2013,2527,2013-03-11,Lunes,0.0,17:30:00,,0.0,2,"Moto/Ciclomotor,Automóvil", ,2,1,0,0,1,0,0,,Calle,,ROSARIO,Rosario,Asfalto,No existe,II,Dentro,Urbana,Ninguna,No existe,Intersección,Bueno,Buena,Diurna,Buen Tiempo,Lateral,S/D,Colisión,S/D,Faltante,Ninguna,Sin restricción,,[''],0,,,,,,,,,,,
2013,2531,2013-03-14,Jueves,0.0,23:30:00,,0.0,2,"Moto/Ciclomotor,Moto/Ciclomotor",Av. Genova Y Sgto Cabral,4,3,0,0,1,0,0,,Calle,,ROSARIO,Rosario,Asfalto,No existe,II,S/D,Urbana,Ninguna,No existe,Intersección,Bueno,Buena,Nocturna,Buen Tiempo,Lateral,S/D,Colisión,S/D,Faltante,Ninguna,Sin restricción,error,"['Genova', 'Sargento Cabral']",2,error,,,,,,,,,,
2013,2569,2013-03-10,Domingo,0.0,17:20:00,,0.0,2,"Automóvil,Automóvil",Bv. 27 De Febrero Y Ricchieri,5,2,0,0,3,0,0,,Avenida,,ROSARIO,Rosario,Asfalto,S/D,II,Dentro,Urbana,S/D,Funciona,Recta,Bueno,Buena,Diurna,Buen Tiempo,De alcance,S/D,Colisión,S/D,Vertical,S/D,S/D,error,"['27 de Febrero', 'Ricchieri']",2,error,,,,,,,,,,
2013,2650,2013-03-16,Sabado,0.0,23:00:00,,0.0,2,"Automóvil,Moto/Ciclomotor",Av. Pellegrini Y Cerrito,2,1,0,0,1,0,0,,Avenida,,ROSARIO,Rosario,Asfalto,No existe,II,Dentro,Urbana,Semáforo,Funciona,Intersección,Bueno,Buena,"Nocturna,Con luz artificial",Buen Tiempo,Lateral,S/D,Colisión,S/D,Vertical,Cordón divisorio,Sin restricción,error,"['Pellegrini', 'Cerrito']",2,error,,,,,,,,,,
2013,2700,2013-03-05,Martes,0.0,08:30:00,,0.0,2,"Moto/Ciclomotor,Pickup/Utilitario",Pte.Roca 2700,2,1,0,0,1,0,0,,Calle,,ROSARIO,Rosario,Asfalto,S/D,II,Dentro,Urbana,S/D,S/D,Recta,Bueno,Buena,Diurna,S/D,S/D,S/D,Colisión,S/D,S/D,S/D,S/D,no funciono,['Presidenteroca 2700'],1,Presidenteroca 2700,,,,,,,,,,
2013,2716,2013-03-09,Sabado,0.0,08:00:00,,0.0,2,"Moto/Ciclomotor,Automóvil",Ayacucho Y Perlita,2,1,0,0,1,0,0,,S/D,,ROSARIO,Rosario,Asfalto,No existe,II,S/D,S/D,Ninguna,No existe,Recta,Bueno,S/D,Diurna,Buen Tiempo,Lateral,S/D,Colisión,S/D,S/D,Ninguna,Sin restricción,sec calles no encontradas,"['Ayacucho', 'Perlita']",2,error,,,,,,,,,,