anio_acci,nro_acci,fecha,desc_dia,fecha_aprox,hora_aprox,desc_ruta,km,cant_participantes,desc_participante,calle_avenida_km,total,heridos_leves,heridos_graves,heridos_gravisimos,ilesos,fallecidos,sin_datos,posicion_XY,desc_tipo_via,desc_ruta_ori,desc_loc,desc_dpto,desc_tipo_calzada,desc_tipo_banquina,desc_unidad_regional,desc_lugar_calzada,desc_zona,desc_prioridad,desc_estado_semaforo,desc_lugar_via,desc_estado_via,desc_estado_visibilidad,desc_luminosidad,desc_estado_clima,desc_tipo_colision,desc_tipo_atropello,desc_tipo_hecho,desc_pres_calzada,desc_senializacion,desc_separacion_via,desc_restriccion,forma_geocod,calle_lista,numero_calles,calles_osm,lat,lon,index_right,gid,fna,gna,nam,in1,fdc,sag
2013,2746,2013-03-14,Jueves,0.0,09:00:00,,0.0,2,"Automóvil,Moto/Ciclomotor",Juan B.De La Salle Y French,3,1,0,0,2,0,0,,Calle,,ROSARIO,Rosario,Hormigón,S/D,II,Dentro,Urbana,S/D,Funciona,Recta,Bueno,Buena,S/D,S/D,Frontal,S/D,Colisión,S/D,S/D,Barrera de hormigón,Sin restricción,error,"['De La Salle', 'French']",2,error,,,,,,,,,,
2013,2890,2013-03-15,Viernes,0.0,10:00:00,,0.0,2,"Moto/Ciclomotor,Automóvil",Galvez Y Virasoro,3,2,0,0,1,0,0,,Calle,,ROSARIO,Rosario,Asfalto,S/D,II,Dentro,Urbana,S/D,S/D,Paso a Nivel FFCC,S/D,Buena,Diurna,Buen Tiempo,De alcance,S/D,Colisión,S/D,S/D,S/D,S/D,error,"['Galvez', 'Virasoro']",2,error,,,,,,,,,,
2013,3014,2013-03-05,Martes,0.0,09:00:00,,0.0,2,"Automóvil,Taxi/Remis",Agrelo Y Gurruchaga,3,1,0,0,2,0,0,,Calle,,ROSARIO,Rosario,Hormigón,No existe,II,Dentro,Urbana,Ninguna,No existe,Intersección,Bueno,Buena,Diurna,Buen Tiempo,Lateral,S/D,Colisión,Otro,Faltante,Ninguna,Sin restricción,error,"['Agrela', 'Gurruchaga']",2,error,,,,,,,,,,
2013,3022,2013-03-19,Martes,0.0,06:40:00,,0.0,2,"Automóvil,Automóvil",Cordoba Y Carriego,2,1,0,0,1,0,0,,Calle,,ROSARIO,Rosario,Asfalto,S/D,II,Dentro,Urbana,S/D,S/D,Intersección,S/D,S/D,S/D,S/D,S/D,S/D,Colisión,S/D,S/D,Cordón divisorio,S/D,error,"['Córdoba', 'Carriego']",2,error,,,,,,,,,,
2013,3095,2013-03-04,Lunes,0.0,,,0.0,2,"Automóvil,Automóvil",Bv. Avellaneda Y Canal Ibarlucea,2,1,0,0,0,0,1,,Avenida,,ROSARIO,Rosario,Asfalto,S/D,II,S/D,Urbana,Semáforo,S/D,Intersección,Bueno,S/D,S/D,Buen Tiempo,Frontal,S/D,Colisión,S/D,"Horizontal,Vertical",Cordón divisorio,Sin restricción,error,"['Avellaneda', 'Ibarlucea']",2,error,,,,,,,,,,
2013,3108,2013-03-31,Domingo,0.0,09:00:00,,0.0,2,"Moto/Ciclomotor,Automóvil",Godoy Cruz Y Gallini,2,1,0,0,1,0,0,,Calle,,ROSARIO,Rosario,Asfalto,Natural,II,Dentro,Urbana,S/D,No existe,Intersección,Con baches,Buena,Diurna,Buen Tiempo,Lateral,S/D,Colisión,S/D,S/D,S/D,S/D,error,"['Avenida Presidente Perón', 'Gallini']",2,error,,,,,,,,,,
2013,3111,2013-03-30,Sabado,0.0,18:00:00,,0.0,1,,Rivarola Y Nicaragua,2,2,0,0,0,0,0,,Calle,,ROSARIO,Rosario,Asfalto,Ripio,II,Dentro,Urbana,S/D,No existe,Intersección,Resbaladiza,Buena,Diurna,S/D,Lateral,S/D,Colisión,S/D,S/D,S/D,Sin restricción,error,"['Rivarola', 'Nicaragua']",2,error,,,,,,,,,,
2013,3112,2013-03-30,Sabado,0.0,18:00:00,,0.0,1,,Rivarola Y Nicaragua,2,2,0,0,0,0,0,,Calle,,ROSARIO,Rosario,Asfalto,Ripio,II,Dentro,Urbana,S/D,No existe,Intersección,Resbaladiza,Buena,Diurna,S/D,Lateral,S/D,Colisión,S/D,S/D,S/D,Sin restricción,error,"['Rivarola', 'Nicaragua']",2,error,,,,,,,,,,
2013,3113,2013-03-30,Sabado,0.0,18:00:00,,0.0,2,"Moto/Ciclomotor,Automóvil",Rivarola Y Nicaragua,2,2,0,0,0,0,0,,Calle,,ROSARIO,Rosario,Asfalto,Ripio,II,Dentro,Urbana,S/D,No existe,Intersección,Resbaladiza,Buena,Diurna,S/D,Lateral,S/D,Colisión,S/D,S/D,S/D,Sin restricción,error,"['Rivarola', 'Nicaragua']",2,error,,,,,,,,,,
2013,3116,2013-03-26,Martes,0.0,16:00:00,,0.0,2,"Bicicleta,Automóvil",Rivarola Y Larrea,2,1,0,0,1,0,0,,S/D,,ROSARIO,Rosario,Asfalto,S/D,II,S/D,S/D,S/D,S/D,Distribuidor,Deteriorada,S/D,S/D,S/D,Lateral,S/D,Atropello,S/D,S/D,S/D,S/D,error,"['Rivarola', 'Larrea']",2,error,,,,,,,,,,
2013,3120,2013-03-27,Miercoles,0.0,,,0.0,2,"Moto/Ciclomotor,Taxi/Remis",Cordoba Y Av. Genova,2,1,0,0,1,0,0,,Avenida,,ROSARIO,Rosario,Asfalto,S/D,II,Dentro,Urbana,S/D,S/D,Intersección,S/D,S/D,S/D,S/D,S/D,S/D,Colisión,S/D,S/D,Cordón divisorio,Sin restricción,error,"['Córdoba', 'Genova']",2,error,,,,,,,,,,
2013,3150,2013-07-05,Viernes,0.0,13:30:00,,0.0,2,"Moto/Ciclomotor,Automóvil",Bv. Wilde Y Av. Eva Peron,2,1,0,0,1,0,0,,Avenida,,ROSARIO,Rosario,Asfalto,Pavimento,II,Dentro,Urbana,Ninguna,No existe,Rotonda,Bueno,Buena,Diurna,Buen Tiempo,De alcance,S/D,Colisión,Otro,Vertical,Cordón divisorio,Sin restricción,error,"['Bulevar Wilde', 'Avenida Eva Perón']",2,error,,,,,,,,,,
2013,3152,2013-07-07,Domingo,0.0,03:30:00,,0.0,2,"Peatón,Automóvil",CALLE INTERNA Y CALLE INTERNA,2,1,0,0,1,0,0,,Calle,,ROSARIO,Rosario,Asfalto,No existe,II,S/D,S/D,Ninguna,No existe,Recta,Bueno,Buena,Nocturna,Buen Tiempo,De alcance,S/D,"Colisión,Atropello",Otro,Faltante,Línea divisoria pintada,Sin restricción,ambas calles no encontradas,"['Interna', 'Interna']",2,error,,,,,,,,,,
2013,3170,2013-03-11,Lunes,0.0,14:05:00,,0.0,2,"Automóvil,Moto/Ciclomotor",Av. Del Valle Y Pueyrredon,2,1,0,0,1,0,0,,Calle,,ROSARIO,Rosario,Asfalto,No existe,II,S/D,Urbana,Semáforo,Funciona,Otro,Bueno,Buena,Diurna,Buen Tiempo,Otro,S/D,Colisión,Otro,Vertical,Ninguna,Sin restricción,error,"['Del Valle', 'Pueyrredón']",2,error,,,,,,,,,,
2013,3177,2013-03-14,Jueves,0.0,19:45:00,,0.0,2,"Peatón,Automóvil",Pje. Ruiz Bis ,2,1,0,0,0,0,1,,S/D,,ROSARIO,Rosario,Asfalto,S/D,II,Fuera,Urbana,Otra Señal,No existe,Recta,Bueno,Buena,Atardecer,Buen Tiempo,Lateral,S/D,Atropello,S/D,Faltante,S/D,Sin restricción,no funciono,['Pasaje Ruiz Bis'],1,Pasaje Ruiz Bis,,,,,,,,,,
2013,3235,2013-03-14,Jueves,0.0,20:20:00,,0.0,2,"Moto/Ciclomotor,Automóvil",Av. Battle y Ordoñez Y Cereseto,2,0,0,0,1,0,1,,S/D,,ROSARIO,Rosario,Asfalto,S/D,II,S/D,Urbana,S/D,S/D,S/D,S/D,S/D,S/D,S/D,S/D,S/D,S/D,S/D,S/D,S/D,S/D,error,"['Avenida Battle y Ordoñez', 'Cereseto']",2,error,,,,,,,,,,
2013,3307,2013-03-22,Viernes,0.0,17:30:00,,0.0,2,"Automóvil,Automóvil",Av. Circunvalacion Bis 1900,2,1,0,0,1,0,0,,Avenida,,ROSARIO,Rosario,S/D,S/D,II,Dentro,Urbana,S/D,S/D,S/D,S/D,S/D,S/D,S/D,Lateral,S/D,Colisión,S/D,S/D,S/D,S/D,no funciono,['Circunvalacion Bis 1900'],1,Circunvalacion Bis 1900,,,,,,,,,,
2013,3339,2013-03-30,Sabado,0.0,15:40:00,,0.0,2,"Pickup/Utilitario,Moto/Ciclomotor",Bv. Oroño Y Av. Wheelwright,2,1,0,0,1,0,0,,Avenida,,ROSARIO,Rosario,Asfalto,No existe,II,Dentro,Urbana,Ninguna,Funciona,Intersección,Bueno,Buena,"Diurna,Con luz artificial",Buen Tiempo,Lateral,S/D,Colisión,S/D,Vertical,Ninguna,Sin restricción,error,"['Bulevar Nicasio Oroño', 'Avenida Guillermo Wheelwright']",2,error,,,,,,,,,,
2013,3409,2013-03-20,Miercoles,0.0,09:00:00,,0.0,2,"Moto/Ciclomotor,Automóvil",Rivarola Y Ferrarotti,2,1,0,0,1,0,0,,Calle,,ROSARIO,Rosario,Asfalto,No existe,II,Dentro,Urbana,Ninguna,No existe,Intersección,Con baches,Buena,Diurna,Buen Tiempo,Lateral,S/D,Colisión,S/D,S/D,S/D,S/D,error,"['Rivarola', 'Ferrari']",2,error,,,,,,,,,,
2013,3412,2013-03-19,Martes,0.0,17:00:00,,0.0,2,"Bicicleta,Moto/Ciclomotor",Rivarola Y F.Frias,2,2,0,0,0,0,0,,Calle,,ROSARIO,Rosario,Asfalto,Natural,II,Dentro,Urbana,S/D,No existe,Intersección,Con baches,Buena,Diurna,Buen Tiempo,Lateral,S/D,Atropello,S/D,S/D,S/D,S/D,error,"['Rivarola', 'Frias']",2,error,,,,,,,,,,
2013,3429,2013-03-08,Viernes,0.0,20:00:00,,0.0,2,"Moto/Ciclomotor,Pickup/Utilitario",Godoy Cruz Y Av. De Las Palmeras,2,1,0,0,1,0,0,,Avenida,,ROSARIO,Rosario,Asfalto,Natural,II,Dentro,Urbana,Semáforo,Funciona,Intersección,Deteriorada,Buena,Nocturna,Buen Tiempo,Lateral,S/D,Colisión,S/D,S/D,S/D,S/D,error,"['Avenida Presidente Perón', 'Las Palmas']",2,error,,,,,,,,,,
2013,3437,2013-03-06,Miercoles,0.0,12:00:00,,0.0,2,"Moto/Ciclomotor,Automóvil",Jacobacci Y Lambare,2,2,0,0,0,0,0,,Calle,,ROSARIO,Rosario,Asfalto,S/D,II,Dentro,Urbana,Ninguna,No existe,Intersección,Con baches,Buena,Diurna,Lluvia,Lateral,S/D,Colisión,S/D,S/D,S/D,S/D,error,"['Jacobacci', 'Lambaré']",2,error,,,,,,,,,,
2013,3451,2013-03-05,Martes,0.0,11:00:00,,0.0,2,"Automóvil,Bicicleta",Cullen Y Campbell,2,2,0,0,0,0,0,,Calle,,ROSARIO,Rosario,Asfalto,No existe,II,Dentro,Urbana,S/D,No existe,Intersección,Deteriorada,Buena,Diurna,S/D,Frontal,S/D,Colisión,S/D,S/D,S/D,S/D,error,"['Cullen', 'Campbell']",2,error,,,,,,,,,,
2013,3476,2013-03-04,Lunes,0.0,21:50:00,,0.0,1,Transporte de Pasajeros Urbano (> 8 asientos),Biedma Y Rawson Bis,2,1,0,0,1,0,0,,Calle,,ROSARIO,Rosario,S/D,No existe,II,Dentro,Urbana,S/D,No existe,Intersección,Deteriorada,Reducida,Nocturna,S/D,S/D,S/D,Otro,S/D,S/D,S/D,S/D,error,"['Coronel Biedma', 'Rawson']",2,error,,,,,,,,,,
2013,3582,2013-03-09,Sabado,0.0,11:25:00,,0.0,2,"Peatón,Transporte de Pasajeros Urbano (> 8 asientos)",Roullon Y Albarracin,2,1,0,0,1,0,0,,Calle,,ROSARIO,Rosario,S/D,No existe,II,Dentro,Urbana,S/D,No existe,Intersección,Deteriorada,Buena,Diurna,Otro,Lateral,S/D,Atropello,S/D,Faltante,Ninguna,Sin restricción,error,"['Alfredo Rouillón', 'Albarracín']",2,error,,,,,,,,,,
2013,3584,2013-03-02,Sabado,0.0,19:25:00,,0.0,2,"Moto/Ciclomotor,Automóvil",Espora Y Bv. Segui,3,2,0,0,1,0,0,,Calle,,ROSARIO,Rosario,S/D,No existe,II,Dentro,Urbana,S/D,No existe,Intersección,Deteriorada,Reducida,Atardecer,Otro,Lateral,S/D,Colisión,S/D,Faltante,Ninguna,Sin restricción,error,"['Espora', 'Bulevar Juan Francisco Seguí']",2,error,,,,,,,,,,
2013,3649,2013-03-12,Martes,0.0,20:35:00,,0.0,1,Moto/Ciclomotor,Av. Circunvalacion Y Av. Alberti,3,2,0,0,1,0,0,,Avenida,,ROSARIO,Rosario,S/D,S/D,II,Dentro,Urbana,S/D,S/D,S/D,S/D,S/D,S/D,S/D,S/D,S/D,Colisión,S/D,S/D,S/D,S/D,error,"['Circunvalacion', 'Alberdi']",2,error,,,,,,,,,,
2013,3694,2013-03-03,Domingo,0.0,20:00:00,,0.0,2,"Pickup/Utilitario,Moto/Ciclomotor",Pasco Y Pedro Tuella Bis,2,1,0,0,1,0,0,,Calle,,ROSARIO,Rosario,Asfalto,No existe,II,Dentro,Urbana,Marca Vial,No existe,Intersección,Bueno,Buena,"Nocturna,Con luz artificial",Buen Tiempo,Lateral,S/D,Colisión,S/D,Horizontal,Cordón divisorio,Sin restricción,error,"['Pasco', 'Tuella']",2,error,,,,,,,,,,
2013,3783,2013-03-08,Viernes,0.0,11:00:00,,0.0,2,"Automóvil,Moto/Ciclomotor",Bv. Oroño Y Av. Alberdi Bis,2,2,0,0,0,0,0,,S/D,,ROSARIO,Rosario,Asfalto,Natural,II,S/D,S/D,Ninguna,No existe,Intersección,Deteriorada,Buena,Diurna,Buen Tiempo,Lateral,S/D,Colisión,Otro,Faltante,Ninguna,Sin restricción,error,"['Bulevar Nicasio Oroño', 'Alberdi']",2,error,,,,,,,,,,
2013,3907,2013-03-25,Lunes,0.0,14:50:00,,0.0,2,"Bicicleta,Automóvil",Gualeguay Y Cochabamba,2,1,0,0,0,0,1,,Calle,,ROSARIO,Rosario,Asfalto,No existe,II,Dentro,Urbana,Marca Vial,No existe,Intersección,Bueno,Buena,Diurna,Buen Tiempo,Lateral,S/D,Atropello,Otro,Horizontal,Cordón divisorio,Sin restricción,error,"['Pasaje Gualeguay', 'Cochabamba']",2,error,,,,,,,,,,
2013,3938,2013-03-06,Miercoles,0.0,19:30:00,,0.0,2,"Pickup/Utilitario,Peatón",Pje. L.de la Torre 100,2,1,0,0,1,0,0,,Calle,,ROSARIO,Rosario,Asfalto,No existe,II,Dentro,Urbana,Ninguna,No existe,Recta,Bueno,Buena,"Atardecer,Con luz artificial",Buen Tiempo,Otro,S/D,Atropello,S/D,Vertical,Ninguna,Sin restricción,no funciono,['Pasaje L De La Torre 100'],1,Pasaje L De La Torre 100,,,,,,,,,,
2013,3960,2013-01-27,Domingo,0.0,,,0.0,1,Otros, ,1,0,0,0,0,1,0,,S/D,,ROSARIO,Rosario,S/D,S/D,II,S/D,S/D,S/D,S/D,S/D,S/D,S/D,S/D,S/D,S/D,S/D,S/D,S/D,S/D,S/D,S/D,,[''],0,,,,,,,,,,,
2013,3961,2013-02-06,Miercoles,0.0,,,0.0,1,Otros, ,1,0,0,0,0,1,0,,S/D,,ROSARIO,Rosario,S/D,S/D,II,S/D,Urbana,S/D,S/D,S/D,S/D,S/D,S/D,S/D,S/D,S/D,S/D,S/D,S/D,S/D,S/D,,[''],0,,,,,,,,,,,
2013,4004,2013-04-18,Jueves,0.0,06:50:00,,0.0,1,Automóvil,San Martin Y Av. Battle y Ordoñez,2,1,0,0,0,0,1,,Avenida,,ROSARIO,Rosario,Asfalto,No existe,II,Dentro,Urbana,Semáforo,Intermitente,Rotonda,Bueno,Buena,Con luz artificial,Buen Tiempo,De alcance,S/D,Colisión,S/D,S/D,Cordón divisorio,Sin restricción,error,"['San Martin', 'Avenida Battle y Ordoñez']",2,error,,,,,,,,,,
2013,4008,2013-04-11,Jueves,0.0,03:00:00,,0.0,1,Automóvil,Av. Eva Peron Y Bv. Wilde,4,3,1,0,0,0,0,,Avenida,,ROSARIO,Rosario,Asfalto,Pavimento,II,Dentro,Urbana,S/D,No existe,Rotonda,Bueno,Buena,Con luz artificial,Lluvia,S/D,S/D,Vuelco,S/D,S/D,S/D,Sin restricción,error,"['Avenida Eva Perón', 'Bulevar Wilde']",2,error,,,,,,,,,,
2013,4038,2013-02-07,Jueves,0.0,,,0.0,1,Otros, ,1,0,0,0,0,1,0,,S/D,,ROSARIO,Rosario,S/D,S/D,II,S/D,Urbana,S/D,S/D,S/D,S/D,S/D,S/D,S/D,S/D,S/D,S/D,S/D,S/D,S/D,S/D,,[''],0,,,,,,,,,,,
2013,4040,2013-02-06,Miercoles,0.0,,,0.0,2,"Moto/Ciclomotor,Pickup/Utilitario", ,2,0,0,0,1,1,0,,S/D,,ROSARIO,Rosario,S/D,S/D,II,S/D,S/D,S/D,S/D,S/D,S/D,S/D,S/D,S/D,S/D,S/D,Colisión,S/D,S/D,S/D,S/D,,[''],0,,,,,,,,,,,
2013,4041,2013-02-09,Sabado,0.0,,,0.0,1,Moto/Ciclomotor, ,1,0,0,0,0,1,0,,S/D,,ROSARIO,Rosario,S/D,S/D,II,S/D,S/D,S/D,S/D,S/D,S/D,S/D,S/D,S/D,S/D,S/D,S/D,S/D,S/D,S/D,S/D,,[''],0,,,,,,,,,,,
2013,4146,2013-04-15,Lunes,0.0,03:30:00,,0.0,1,Automóvil,Mariano Moreno Y Fader,2,2,0,0,0,0,0,,Calle,,ROSARIO,Rosario,Asfalto,No existe,II,Dentro,Urbana,Ninguna,No existe,Intersección,Bueno,Buena,"Nocturna,Con luz artificial",Buen Tiempo,Contra objeto fijo,S/D,Colisión,S/D,S/D,Ninguna,Sin restricción,error,"['Mariano Moreno', 'Fader']",2,error,,,,,,,,,,
2013,4185,2013-04-21,Domingo,0.0,21:50:00,,0.0,2,"Pickup/Utilitario,Camión", ,2,1,0,0,1,0,0,,S/D,,ROSARIO,Rosario,Asfalto,No existe,II,S/D,S/D,Semáforo,Funciona,Intersección,Bueno,Buena,Nocturna,Buen Tiempo,Frontal,S/D,Colisión,S/D,S/D,S/D,S/D,,[''],0,,,,,,,,,,,
2013,4331,2013-04-05,Viernes,0.0,11:10:00,,0.0,2,"Moto/Ciclomotor,Automóvil",p. burnes  Y roullon ,2,1,0,0,1,0,0,,Calle,,ROSARIO,Rosario,Asfalto,No existe,II,Dentro,Urbana,Marca Vial,No existe,Intersección,Bueno,Buena,Diurna,Buen Tiempo,Lateral,S/D,Colisión,S/D,Horizontal,Cordón divisorio,Sin restricción,ppal calles no encontradas,"['Burnes', 'Alfredo Rouillón']",2,error,,,,,,,,,,
2013,4338,2013-04-06,Sabado,0.0,17:00:00,,0.0,2,"Peatón,Moto/Ciclomotor",Pje. Minetti Y Junin,2,1,0,0,1,0,0,,Calle,,ROSARIO,Rosario,Asfalto,No existe,II,Dentro,Urbana,Ninguna,No existe,Recta,Bueno,Buena,Diurna,S/D,S/D,S/D,Atropello,S/D,Faltante,Ninguna,Sin restricción,error,"['Minetti', 'Junín']",2,error,,,,,,,,,,
2013,4348,2013-04-08,Lunes,0.0,07:40:00,,0.0,2,"Moto/Ciclomotor,Automóvil",Cordoba Y Av. Provincias Unidas,2,1,0,0,1,0,0,,Avenida,,ROSARIO,Rosario,Asfalto,No existe,II,Dentro,Urbana,Semáforo,Funciona,Intersección,Bueno,Buena,Diurna,Buen Tiempo,Lateral,S/D,Colisión,S/D,Vertical,Cordón divisorio,Sin restricción,error,"['Córdoba', 'Avenida Provincias Unidas']",2,error,,,,,,,,,,
2013,4419,2013-02-16,Sabado,0.0,,,0.0,1,Otros, ,1,0,0,0,0,1,0,,S/D,,ROSARIO,Rosario,S/D,S/D,II,S/D,Urbana,S/D,S/D,S/D,S/D,S/D,S/D,S/D,S/D,S/D,S/D,S/D,S/D,S/D,S/D,,[''],0,,,,,,,,,,,
2013,4421,2013-02-17,Domingo,0.0,,,0.0,1,Otros, ,1,0,0,0,0,1,0,,S/D,,ROSARIO,Rosario,S/D,S/D,II,S/D,Urbana,S/D,S/D,S/D,S/D,S/D,S/D,S/D,S/D,S/D,S/D,S/D,S/D,S/D,S/D,,[''],0,,,,,,,,,,,
2013,4425,2013-02-23,Sabado,0.0,,,0.0,1,Otros, ,1,0,0,0,0,1,0,,S/D,,ROSARIO,Rosario,S/D,S/D,II,S/D,Urbana,S/D,S/D,S/D,S/D,S/D,S/D,S/D,S/D,S/D,S/D,S/D,S/D,S/D,S/D,,[''],0,,,,,,,,,,,
2013,4477,2013-04-10,Miercoles,0.0,06:00:00,,0.0,2,"Automóvil,Automóvil", ,4,2,0,0,2,0,0,,Calle,,ROSARIO,Rosario,Asfalto,S/D,II,Dentro,Urbana,S/D,S/D,Intersección,S/D,S/D,S/D,S/D,S/D,S/D,Colisión,S/D,S/D,Cordón divisorio,S/D,,[''],0,,,,,,,,,,,
2013,4481,2013-04-12,Viernes,0.0,12:00:00,,0.0,2,"Transporte de Pasajeros Urbano (> 8 asientos),Peatón",Av. Provincias Unidas Y Cordoba,2,1,0,0,1,0,0,,Calle,,ROSARIO,Rosario,Asfalto,No existe,II,Dentro,Urbana,Semáforo,Funciona,Intersección,Bueno,Buena,Diurna,Buen Tiempo,Otro,S/D,Atropello,S/D,Vertical,Cordón divisorio,Sin restricción,error,"['Avenida Provincias Unidas', 'Córdoba']",2,error,,,,,,,,,,
2013,4554,2013-04-20,Sabado,0.0,10:30:00,,0.0,2,"Moto/Ciclomotor,Automóvil",Av. Sorrento Y Valentin Gomez,3,2,0,0,1,0,0,,Avenida,,ROSARIO,Rosario,Asfalto,No existe,II,Dentro,Urbana,Ninguna,No existe,Intersección,Bueno,Buena,Diurna,Buen Tiempo,Lateral,S/D,Colisión,Otro,Vertical,Ninguna,Sin restricción,error,"['Sorrento', 'Valentín Gómez']",2,error,,,,,,,,,,
2013,4565,2013-04-26,Viernes,0.0,20:00:00,,0.0,2,"Automóvil,Automóvil",Av. Provincias Unidas Y J.J.Paso,2,2,0,0,0,0,0,,Avenida,,ROSARIO,Rosario,Asfalto,S/D,II,Dentro,Urbana,S/D,No existe,Recta,S/D,S/D,S/D,S/D,S/D,S/D,Colisión,S/D,S/D,S/D,S/D,error,"['Avenida Provincias Unidas', 'Paso']",2,error,,,,,,,,,,
2013,4628,2013-04-03,Miercoles,0.0,,,0.0,2,"Automóvil,Moto/Ciclomotor",Av. Caseros Bis 100,2,1,0,0,1,0,0,,Avenida,,ROSARIO,Rosario,S/D,S/D,II,Dentro,Urbana,S/D,S/D,S/D,S/D,S/D,S/D,S/D,S/D,S/D,Colisión,S/D,S/D,S/D,S/D,no funciono,['Caseros Bis 100'],1,Caseros Bis 100,,,,,,,,,,
2013,4630,2013-04-03,Miercoles,0.0,06:20:00,,0.0,2,"Automóvil,Automóvil",Echeverria Bis 400,2,2,0,0,0,0,0,,Calle,,ROSARIO,Rosario,S/D,S/D,II,Dentro,Urbana,S/D,S/D,S/D,S/D,S/D,S/D,S/D,S/D,S/D,Colisión,S/D,S/D,S/D,S/D,no funciono,['Echeverria Bis 400'],1,Echeverria Bis 400,,,,,,,,,,
2013,4633,2013-04-03,Miercoles,0.0,12:00:00,,0.0,2,"Automóvil,Moto/Ciclomotor",Irurtia Y Pje. 1734,2,1,0,0,1,0,0,,Calle,,ROSARIO,Rosario,Asfalto,Natural,II,Dentro,Urbana,S/D,No existe,Intersección,Con baches,Buena,Diurna,Buen Tiempo,Lateral,S/D,Colisión,S/D,S/D,S/D,S/D,sec calles no encontradas,"['Irurtia', '1734']",2,error,,,,,,,,,,
2013,4635,2013-04-06,Sabado,0.0,21:00:00,,0.0,2,"Automóvil,Bicicleta",Av. Circunvalacion Y Av. Gob.Caesar,2,1,0,0,1,0,0,,Calle,,ROSARIO,Rosario,Asfalto,Pavimento,II,Dentro,Urbana,Semáforo,S/D,Intersección,Resbaladiza,Buena,Nocturna,Buen Tiempo,Lateral,S/D,Colisión,S/D,S/D,S/D,S/D,error,"['Circunvalacion', 'Avenida Gobernador Caesar']",2,error,,,,,,,,,,
2013,4637,2013-04-13,Sabado,0.0,10:00:00,,0.0,2,"Automóvil,Automóvil",Rueda Y Colombia,2,1,0,0,1,0,0,,Calle,,ROSARIO,Rosario,Asfalto,S/D,II,Dentro,Urbana,Ninguna,No existe,Intersección,Con baches,Buena,Diurna,Buen Tiempo,S/D,S/D,Colisión,S/D,S/D,S/D,S/D,error,"['Rueda', 'Colombia']",2,error,,,,,,,,,,
2013,4638,2013-04-10,Miercoles,0.0,15:05:00,,0.0,2,"Moto/Ciclomotor,Taxi/Remis",Lopez Buchardo Y Rivadavia,2,1,0,0,1,0,0,,Calle,,ROSARIO,Rosario,Asfalto,No existe,II,Dentro,Urbana,Ninguna,No existe,Intersección,Bueno,Buena,Atardecer,S/D,Lateral,S/D,Colisión,S/D,Faltante,Cordón divisorio,Sin restricción,error,"['López Buchardo', 'Rivadavia']",2,error,,,,,,,,,,
2013,4649,2013-04-18,Jueves,0.0,07:00:00,,0.0,2,"Automóvil,Moto/Ciclomotor",Av. Provincias Unidas Y Av. Gob.Caesar,2,1,0,0,1,0,0,,Calle,,ROSARIO,Rosario,Asfalto,Pavimento,II,Dentro,Urbana,Semáforo,Funciona,S/D,Resbaladiza,Buena,Diurna,Buen Tiempo,Lateral,S/D,Colisión,S/D,S/D,S/D,S/D,error,"['Avenida Provincias Unidas', 'Avenida Gobernador Caesar']",2,error,,,,,,,,,,
2013,4652,2013-04-22,Lunes,0.0,10:30:00,,0.0,2,"Automóvil,Moto/Ciclomotor",Rivarola Y Ecuador,2,1,0,0,1,0,0,,Calle,,ROSARIO,Rosario,Asfalto,No existe,II,Dentro,Urbana,S/D,No existe,Intersección,Deteriorada,Buena,Diurna,Buen Tiempo,S/D,S/D,Colisión,S/D,S/D,S/D,S/D,error,"['Rivarola', 'Ecuador']",2,error,,,,,,,,,,
2013,4653,2013-04-20,Sabado,0.0,14:35:00,,0.0,2,"Moto/Ciclomotor,Automóvil",Av. Argentina Y Bv. Oroño,2,1,0,0,1,0,0,,Avenida,,ROSARIO,Rosario,Asfalto,No existe,II,Dentro,Urbana,Señal Pare,No existe,Intersección,Bueno,Buena,Diurna,Buen Tiempo,Otro,S/D,Colisión,S/D,Vertical,Ninguna,Sin restricción,error,"['Argentina', 'Bulevar Nicasio Oroño']",2,error,,,,,,,,,,
2013,4654,2013-04-24,Miercoles,0.0,13:30:00,,0.0,2,"Moto/Ciclomotor,Moto/Ciclomotor",Rivarola Y Lamadrid,2,2,0,0,0,0,0,,Calle,,ROSARIO,Rosario,Asfalto,Natural,II,Dentro,Urbana,Ninguna,No existe,Intersección,Con baches,Buena,Diurna,Buen Tiempo,Lateral,S/D,Colisión,S/D,S/D,S/D,S/D,error,"['Rivarola', 'Lamadrid']",2,error,,,,,,,,,,
2013,4657,2013-04-24,Miercoles,0.0,,,0.0,2,"Automóvil,Moto/Ciclomotor",Godoy Cruz Y El Mangrullo,2,1,0,0,1,0,0,,Calle,,ROSARIO,Rosario,Asfalto,Natural,II,Dentro,Urbana,Ninguna,No existe,Intersección,Con baches,Buena,Diurna,Buen Tiempo,Lateral,S/D,Colisión,S/D,S/D,S/D,S/D,error,"['Avenida Presidente Perón', 'El Mangrullo']",2,error,,,,,,,,,,
2013,4747,2013-04-21,Domingo,0.0,19:00:00,,0.0,1,Automóvil,Av. Central Y Echesortu,2,1,0,0,1,0,0,,Calle,,ROSARIO,Rosario,Asfalto,No existe,II,Dentro,Urbana,S/D,S/D,Intersección,Resbaladiza,Buena,Diurna,Buen Tiempo,Otro,S/D,Colisión,Fluidos,S/D,S/D,S/D,error,"['Central', 'Echesortu']",2,error,,,,,,,,,,
2013,4749,2013-03-28,Jueves,0.0,17:10:00,,0.0,2,"Bicicleta,Taxi/Remis",Sucre Y Junin,2,1,0,0,1,0,0,,Calle,,ROSARIO,Rosario,S/D,S/D,II,Dentro,Urbana,S/D,S/D,Intersección,S/D,S/D,Diurna,Buen Tiempo,De alcance,S/D,Colisión,S/D,S/D,S/D,Sin restricción,error,"['Sucre', 'Junín']",2,error,,,,,,,,,,
2013,4753,2013-04-04,Jueves,0.0,15:00:00,,0.0,2,"Moto/Ciclomotor,Automóvil",xx Y xx,2,1,0,0,1,0,0,,Calle,,ROSARIO,Rosario,Asfalto,No existe,II,Dentro,Urbana,S/D,No existe,Intersección,Bueno,Buena,Diurna,S/D,S/D,S/D,Colisión,S/D,Faltante,S/D,S/D,error,"['Xx', 'Xx']",2,error,,,,,,,,,,
2013,4779,2013-03-21,Jueves,0.0,19:20:00,,0.0,2,"Moto/Ciclomotor,Automóvil",Almafuerte Y Concordia,3,2,0,0,1,0,0,,Calle,,ROSARIO,Rosario,Asfalto,No existe,II,Dentro,Urbana,Ninguna,No existe,Intersección,Bueno,Buena,Diurna,Buen Tiempo,S/D,S/D,Colisión,S/D,Faltante,Ninguna,Sin restricción,error,"['Almafuerte', 'Concordia']",2,error,,,,,,,,,,
2013,4784,2013-04-24,Miercoles,0.0,22:40:00,,0.0,2,"Peatón,Automóvil",Pueyrredon Y Santiago,2,1,0,0,1,0,0,,Calle,,ROSARIO,Rosario,Asfalto,Pavimento,II,S/D,Urbana,S/D,S/D,Recta,Bueno,Buena,Nocturna,Buen Tiempo,S/D,S/D,Atropello,S/D,S/D,S/D,S/D,error,"['Pueyrredón', 'Santiago']",2,error,,,,,,,,,,
2013,4792,2013-04-14,Domingo,0.0,04:00:00,,0.0,1,Automóvil,Av. Belgrano Y Catamarca,2,1,0,0,1,0,0,,Calle,,ROSARIO,Rosario,Asfalto,No existe,II,Dentro,Urbana,Semáforo,Funciona,Intersección,Bueno,Buena,Nocturna,Buen Tiempo,Otro,S/D,Despiste,S/D,Vertical,Ninguna,Sin restricción,error,"['Belgrano', 'Catamarca']",2,error,,,,,,,,,,
2013,4803,2013-04-11,Jueves,0.0,,,0.0,2,"Moto/Ciclomotor,Automóvil",Agrelo Y Chiclana,3,2,0,0,1,0,0,,Calle,,ROSARIO,Rosario,Asfalto,No existe,II,Dentro,Urbana,S/D,No existe,Intersección,Bueno,Buena,S/D,Buen Tiempo,Lateral,S/D,Colisión,S/D,S/D,S/D,Sin restricción,error,"['Agrela', 'Chiclana']",2,error,,,,,,,,,,
2013,4890,2013-03-15,Viernes,0.0,,,0.0,1,Otros, ,1,0,0,0,0,1,0,,S/D,,ROSARIO,Rosario,S/D,S/D,II,S/D,S/D,S/D,S/D,S/D,S/D,S/D,S/D,S/D,S/D,S/D,S/D,S/D,S/D,S/D,S/D,,[''],0,,,,,,,,,,,
2013,4894,2013-03-20,Miercoles,0.0,,,0.0,1,Otros, ,1,0,0,0,0,1,0,,S/D,,ROSARIO,Rosario,S/D,S/D,II,S/D,Urbana,S/D,S/D,S/D,S/D,S/D,S/D,S/D,S/D,S/D,S/D,S/D,S/D,S/D,S/D,,[''],0,,,,,,,,,,,
2013,4899,2013-03-28,Jueves,0.0,,,0.0,1,Otros, ,1,0,0,0,0,1,0,,S/D,,ROSARIO,Rosario,S/D,S/D,II,S/D,Urbana,S/D,S/D,S/D,S/D,S/D,S/D,S/D,S/D,S/D,S/D,S/D,S/D,S/D,S/D,,[''],0,,,,,,,,,,,