anio_acci,nro_acci,fecha,desc_dia,fecha_aprox,hora_aprox,desc_ruta,km,cant_participantes,desc_participante,calle_avenida_km,total,heridos_leves,heridos_graves,heridos_gravisimos,ilesos,fallecidos,sin_datos,posicion_XY,desc_tipo_via,desc_ruta_ori,desc_loc,desc_dpto,desc_tipo_calzada,desc_tipo_banquina,desc_unidad_regional,desc_lugar_calzada,desc_zona,desc_prioridad,desc_estado_semaforo,desc_lugar_via,desc_estado_via,desc_estado_visibilidad,desc_luminosidad,desc_estado_clima,desc_tipo_colision,desc_tipo_atropello,desc_tipo_hecho,desc_pres_calzada,desc_senializacion,desc_separacion_via,desc_restriccion,forma_geocod,calle_lista,numero_calles,calles_osm,lat,lon,index_right,gid,fna,gna,nam,in1,fdc,sag
2013,4908,2013-04-23,Martes,0.0,16:30:00,,0.0,2,"Automóvil,Transporte de Pasajeros Urbano (> 8 asientos)", ,2,1,0,0,1,0,0,,Calle,,ROSARIO,Rosario,Asfalto,S/D,II,Dentro,Urbana,S/D,S/D,Intersección,S/D,S/D,S/D,S/D,S/D,S/D,Colisión,S/D,S/D,Cordón divisorio,S/D,,[''],0,,,,,,,,,,,
2013,4912,2013-04-22,Lunes,0.0,,,0.0,2,"Automóvil,Moto/Ciclomotor",Castellanos Y Londres,2,1,0,0,1,0,0,,Calle,,ROSARIO,Rosario,Asfalto,No existe,II,Dentro,Urbana,Semáforo,Funciona,Intersección,Bueno,S/D,S/D,Buen Tiempo,Lateral,S/D,Colisión,S/D,S/D,S/D,Sin restricción,error,"['Aaron Castellanos', 'Londres']",2,error,,,,,,,,,,
2013,4931,2013-04-17,Miercoles,0.0,,,0.0,2,"Automóvil,Peatón",Av. Pte.Peron Y Ugarte,2,1,0,0,1,0,0,,Avenida,,ROSARIO,Rosario,Asfalto,S/D,II,Dentro,Urbana,Semáforo,Funciona,Intersección,Bueno,S/D,S/D,Buen Tiempo,S/D,S/D,Atropello,Agua,S/D,S/D,Sin restricción,error,"['Avenida Presidente Perón', 'Ugarte']",2,error,,,,,,,,,,
2013,4964,2013-04-11,Jueves,0.0,15:00:00,,0.0,2,"Moto/Ciclomotor,Automóvil",Pacheco Y Gregoria Matorras,2,1,0,0,1,0,0,,Avenida,,ROSARIO,Rosario,Hormigón,No existe,II,Dentro,Urbana,Ninguna,No existe,Intersección,Bueno,Buena,Diurna,Buen Tiempo,Lateral,S/D,Colisión,S/D,Faltante,Barrera de hormigón,Sin restricción,error,"['Ángel Pacheco', 'Gregoria Matorras']",2,error,,,,,,,,,,
2013,4970,2013-04-11,Jueves,0.0,15:00:00,,0.0,1,,Tres Sargentos Y Matheu,2,1,0,0,1,0,0,,Calle,,ROSARIO,Rosario,Hormigón,No existe,II,Dentro,Urbana,S/D,No existe,Intersección,Bueno,Buena,Diurna,Buen Tiempo,Lateral,S/D,Colisión,S/D,S/D,Barrera de hormigón,Sin restricción,error,"['Tres Sargentos', 'Matheu']",2,error,,,,,,,,,,
2013,5020,2013-04-07,Domingo,0.0,,,0.0,2,"Automóvil,Moto/Ciclomotor",Alsina Y Rio De Janeiro,2,1,0,0,1,0,0,,Calle,,ROSARIO,Rosario,Asfalto,S/D,II,Dentro,Urbana,Ninguna,No existe,Intersección,Bueno,Buena,S/D,Buen Tiempo,S/D,S/D,Colisión,Otro,S/D,Ninguna,Sin restricción,error,"['Alsina', 'Río de Janeiro']",2,error,,,,,,,,,,
2013,5038,2013-04-20,Sabado,0.0,20:45:00,,0.0,2,"Automóvil,Automóvil",Pascual Rosas Y Cordoba,3,1,0,0,2,0,0,,Calle,,ROSARIO,Rosario,Asfalto,S/D,II,Dentro,Urbana,S/D,S/D,Intersección,S/D,S/D,S/D,S/D,S/D,S/D,Colisión,S/D,S/D,S/D,S/D,error,"['Pascual Rosas', 'Córdoba']",2,error,,,,,,,,,,
2013,5040,2013-04-05,Viernes,0.0,09:35:00,,0.0,2,"Automóvil,Automóvil",Mazzini Y Gurruchaga,2,1,0,0,1,0,0,,Calle,,ROSARIO,Rosario,Asfalto,No existe,II,Dentro,Urbana,S/D,No existe,Intersección,Bueno,Buena,Diurna,Buen Tiempo,Lateral,S/D,Colisión,S/D,S/D,S/D,Sin restricción,error,"['Mazzini', 'Gurruchaga']",2,error,,,,,,,,,,
2013,5047,2013-03-27,Miercoles,0.0,21:30:00,,0.0,2,"Camión,Moto/Ciclomotor",BV. RONDEAU  Y CIRCUNVALACION ,3,2,0,0,1,0,0,,Calle,,ROSARIO,Rosario,Asfalto,No existe,II,Dentro,Urbana,Semáforo,Funciona,Intersección,Bueno,Buena,Nocturna,Buen Tiempo,Lateral,S/D,Colisión,S/D,Horizontal,Barrera de hormigón,Sin restricción,error,"['Rondeau', 'Circunvalacion']",2,error,,,,,,,,,,
2013,5132,2013-04-15,Lunes,0.0,02:30:00,,0.0,2,"Taxi/Remis,Bicicleta",F.Flynn Bis 2000,2,1,0,0,1,0,0,,Calle,,ROSARIO,Rosario,Asfalto,Natural,II,Dentro,Urbana,Ninguna,No existe,Recta,Bueno,Buena,Nocturna,Buen Tiempo,S/D,S/D,Atropello,S/D,Faltante,Ninguna,Sin restricción,no funciono,['F Flynn Bis 2000'],1,F Flynn Bis 2000,,,,,,,,,,
2013,5298,2013-04-06,Sabado,0.0,17:00:00,,0.0,2,"Taxi/Remis,Ambulancia",Sarmiento Y Mitre,2,1,0,0,0,0,1,,Calle,,ROSARIO,Rosario,S/D,S/D,II,Dentro,Urbana,S/D,S/D,Intersección,Bueno,S/D,S/D,S/D,Otro,S/D,Colisión,S/D,Horizontal,S/D,S/D,error,"['Sarmiento', 'Mitre']",2,error,,,,,,,,,,
2013,5336,2013-05-11,Sabado,0.0,06:10:00,,0.0,1,Moto/Ciclomotor,Av eva Perón Y estados unidos,2,1,0,0,0,1,0,,Avenida,,ROSARIO,Rosario,Asfalto,S/D,II,Fuera,Urbana,Ninguna,S/D,Intersección,Bueno,Buena,Diurna,Buen Tiempo,S/D,S/D,"Caída ocupante,Despiste",S/D,S/D,Cordón divisorio,Sin restricción,sec calles no encontradas,"['Eva Perón', 'Avenida 25 De Mayo']",2,error,,,,,,,,,,
2013,5475,2013-05-27,Lunes,0.0,11:00:00,,0.0,1,Moto/Ciclomotor,Av. Ovidio Lagos Y La Vincha,1,0,0,0,0,1,0,,Calle,,ROSARIO,Rosario,Tierra,Natural,II,Dentro,Urbana,Ninguna,No existe,Recta,Deteriorada,Buena,Diurna,Buen Tiempo,S/D,S/D,Caída ocupante,S/D,S/D,Ninguna,Sin restricción,error,"['Avenida Ovidio Lagos', 'La Vincha']",2,error,,,,,,,,,,
2013,5629,2013-04-16,Martes,0.0,,,0.0,4,"Automóvil,Automóvil,Automóvil,Automóvil", ,5,2,0,0,3,0,0,,S/D,,ROSARIO,Rosario,Asfalto,No existe,II,Dentro,Urbana,Ninguna,S/D,Intersección,S/D,Buena,"Nocturna,Con luz artificial",S/D,Múltiple,S/D,Colisión,S/D,S/D,Ninguna,S/D,,[''],0,,,,,,,,,,,
2013,5761,2013-04-09,Martes,0.0,22:00:00,,0.0,2,"Automóvil,Automóvil",Sarmiento Y Uruguay,3,1,0,0,2,0,0,,Calle,,ROSARIO,Rosario,Asfalto,No existe,II,Dentro,Urbana,Ninguna,No existe,Intersección,Bueno,Reducida polvo,"Nocturna,Con luz artificial",Buen Tiempo,Lateral,S/D,Colisión,S/D,Horizontal,Ninguna,Sin restricción,error,"['Sarmiento', 'Uruguay']",2,error,,,,,,,,,,
2013,5764,2013-04-10,Miercoles,0.0,19:00:00,,0.0,2,"Moto/Ciclomotor,Taxi/Remis",San Martin Y Pje. Hutchinson,2,1,0,0,1,0,0,,Avenida,,ROSARIO,Rosario,Asfalto,No existe,II,Dentro,Urbana,Ninguna,No existe,Recta,Bueno,Buena,"Atardecer,Con luz artificial",S/D,Lateral,S/D,Colisión,S/D,"Horizontal,Vertical",S/D,Sin restricción,error,"['San Martin', 'Hutchinson']",2,error,,,,,,,,,,
2013,5859,2013-05-03,Viernes,0.0,13:00:00,,0.0,2,"Automóvil,Moto/Ciclomotor",Paunero Y Calle 1331,2,1,0,0,1,0,0,,S/D,,ROSARIO,Rosario,Asfalto,Ripio,II,S/D,S/D,S/D,S/D,Intersección,S/D,S/D,Diurna,S/D,S/D,S/D,S/D,S/D,S/D,S/D,S/D,error,"['Paunero', 'Camino 1331']",2,error,,,,,,,,,,
2013,5904,2013-05-27,Lunes,0.0,14:00:00,,0.0,2,"Automóvil,Automóvil",Godoy Cruz Y Ricchieri,2,1,0,0,1,0,0,,Avenida,,ROSARIO,Rosario,Asfalto,S/D,II,Dentro,Urbana,S/D,S/D,Cruce,Bueno,Buena,Diurna,Buen Tiempo,De alcance,S/D,Colisión,S/D,S/D,S/D,S/D,error,"['Avenida Presidente Perón', 'Ricchieri']",2,error,,,,,,,,,,
2013,5914,2013-05-27,Lunes,0.0,15:30:00,,0.0,2,"Automóvil,Automóvil",Dorrego Y Mariano Moreno,2,1,0,0,1,0,0,,Calle,,ROSARIO,Rosario,Asfalto,S/D,II,Dentro,Urbana,S/D,S/D,Recta,Bueno,Buena,Diurna,Buen Tiempo,De alcance,S/D,Colisión,S/D,S/D,S/D,S/D,error,"['Dorrego', 'Mariano Moreno']",2,error,,,,,,,,,,
2013,5926,2013-05-28,Martes,0.0,15:00:00,,0.0,2,"Moto/Ciclomotor,Automóvil",San Martin Y Olegario V.Andrade,3,2,0,0,1,0,0,,Avenida,,ROSARIO,Rosario,Asfalto,No existe,II,Dentro,Urbana,Ninguna,No existe,Intersección,Bueno,Buena,Atardecer,S/D,Lateral,S/D,Colisión,S/D,Faltante,Ninguna,Sin restricción,error,"['San Martin', 'Olegario V Andrade']",2,error,,,,,,,,,,
2013,5975,2013-04-05,Viernes,0.0,15:30:00,,0.0,1,, ,2,1,0,0,1,0,0,,Calle,,ROSARIO,Rosario,Asfalto,S/D,II,Dentro,Urbana,S/D,S/D,Cruce,Bueno,Buena,Diurna,Buen Tiempo,De alcance,S/D,Colisión,S/D,S/D,S/D,Sin restricción,,[''],0,,,,,,,,,,,
2013,5984,2013-04-06,Sabado,0.0,13:00:00,,0.0,2,"Moto/Ciclomotor,Automóvil",Pte.Roca Y Paraguay,2,1,0,0,1,0,0,,Calle,,ROSARIO,Rosario,Asfalto,S/D,II,Dentro,Urbana,S/D,S/D,Recta,Bueno,Buena,Diurna,Buen Tiempo,De alcance,S/D,Colisión,S/D,S/D,S/D,S/D,error,"['Roca', 'Paraguay']",2,error,,,,,,,,,,
2013,6041,2013-04-20,Sabado,0.0,07:00:00,,0.0,2,"Moto/Ciclomotor,Automóvil",Bv. Oroño Y Mariano Moreno,2,1,0,0,1,0,0,,Calle,,ROSARIO,Rosario,Asfalto,S/D,II,Dentro,Urbana,S/D,S/D,Recta,Bueno,Buena,Diurna,Buen Tiempo,Frontal,S/D,Colisión,S/D,S/D,S/D,S/D,error,"['Bulevar Nicasio Oroño', 'Mariano Moreno']",2,error,,,,,,,,,,
2013,6047,2013-04-21,Domingo,0.0,18:44:00,,0.0,2,"Automóvil,Moto/Ciclomotor",Bv. Oroño 2000,3,1,0,0,2,0,0,,Avenida,,ROSARIO,Rosario,Asfalto,S/D,II,Dentro,Urbana,S/D,S/D,Recta,Bueno,Buena,Diurna,Buen Tiempo,De alcance,S/D,Colisión,S/D,S/D,S/D,S/D,no funciono,['Nicasio Oroñoño 2000'],1,Nicasio Oroñoño 2000,,,,,,,,,,
2013,6054,2013-04-15,Lunes,0.0,17:00:00,,0.0,2,"Moto/Ciclomotor,Automóvil",Mitre Y Sarmiento,2,1,0,0,1,0,0,,Calle,,ROSARIO,Rosario,Asfalto,S/D,II,Dentro,Urbana,S/D,S/D,Intersección,Bueno,Buena,Diurna,Buen Tiempo,Lateral,S/D,Colisión,S/D,S/D,S/D,S/D,error,"['Mitre', 'Sarmiento']",2,error,,,,,,,,,,
2013,6081,2013-05-17,Viernes,0.0,17:30:00,,0.0,2,"Pickup/Utilitario,Moto/Ciclomotor",Uruguay Y Sarmiento,2,1,0,0,1,0,0,,Calle,,ROSARIO,Rosario,Asfalto,No existe,II,Dentro,Urbana,Ninguna,No existe,Intersección,Bueno,Buena,Atardecer,S/D,Lateral,S/D,Colisión,S/D,Faltante,Ninguna,Sin restricción,error,"['Uruguay', 'Sarmiento']",2,error,,,,,,,,,,
2013,6090,2013-05-17,Viernes,0.0,19:00:00,,0.0,2,"Moto/Ciclomotor,Pickup/Utilitario",Sarmiento Y Uruguay,2,1,0,0,1,0,0,,Calle,,ROSARIO,Rosario,Asfalto,No existe,II,Dentro,Urbana,Ninguna,No existe,Intersección,Bueno,Buena,Atardecer,S/D,Lateral,S/D,Colisión,S/D,Faltante,Ninguna,Sin restricción,error,"['Sarmiento', 'Uruguay']",2,error,,,,,,,,,,
2013,6136,2013-05-04,Sabado,0.0,09:50:00,,0.0,2,"Moto/Ciclomotor,Automóvil",Rioja Y Cordoba,3,2,0,0,1,0,0,,Calle,,ROSARIO,Rosario,Asfalto,S/D,II,S/D,Urbana,S/D,S/D,Intersección,S/D,S/D,Diurna,S/D,Otro,S/D,Colisión,S/D,S/D,S/D,S/D,error,"['Rioja', 'Córdoba']",2,error,,,,,,,,,,
2013,6153,2013-07-30,Martes,0.0,13:30:00,,0.0,2,"Moto/Ciclomotor,Automóvil",Bv. Oroño Y Av. Battle y Ordoñez,3,2,0,0,1,0,0,,Avenida,,ROSARIO,Rosario,Asfalto,Pavimento,II,Dentro,Urbana,S/D,S/D,Intersección,S/D,S/D,Diurna,S/D,Otro,S/D,Colisión,S/D,S/D,S/D,S/D,error,"['Bulevar Nicasio Oroño', 'Avenida Battle y Ordoñez']",2,error,,,,,,,,,,
2013,6171,2013-05-12,Domingo,0.0,09:00:00,,0.0,2,"Automóvil,Moto/Ciclomotor",Av. Circunvalacion Y Centeno,2,0,1,0,1,0,0,,Avenida,,ROSARIO,Rosario,Asfalto,Pavimento,II,S/D,Urbana,Marca Vial,No existe,Intersección,Bueno,Buena,Diurna,Buen Tiempo,De alcance,S/D,Colisión,S/D,S/D,S/D,Sin restricción,error,"['Circunvalacion', 'Centeno']",2,error,,,,,,,,,,
2013,6175,2013-05-01,Miercoles,1.0,09:30:00,,0.0,2,"Automóvil,Moto/Ciclomotor",Av. Pte.Peron Y Biedma,2,2,0,0,0,0,0,,Calle,,ROSARIO,Rosario,Asfalto,No existe,II,S/D,Urbana,Ninguna,No existe,Intersección,Con baches,Buena,Diurna,Buen Tiempo,Lateral,S/D,Colisión,S/D,S/D,S/D,Sin restricción,error,"['Avenida Presidente Perón', 'Coronel Biedma']",2,error,,,,,,,,,,
2013,6180,2013-05-03,Viernes,0.0,10:00:00,,0.0,2,"Automóvil,Bicicleta",Av. Pte.Peron 8300,2,2,0,0,0,0,0,,Calle,,ROSARIO,Rosario,Hormigón,Pavimento,II,S/D,Urbana,Semáforo,Funciona,Intersección,Con baches,Buena,Diurna,Buen Tiempo,S/D,S/D,Atropello,S/D,S/D,S/D,S/D,no funciono,['Presidenteperon 8300'],1,Presidenteperon 8300,,,,,,,,,,
2013,6183,2013-05-14,Martes,0.0,16:00:00,,0.0,2,"Moto/Ciclomotor,Moto/Ciclomotor",Av. Circunvalacion Y Centeno,2,1,0,0,1,0,0,,Calle,,ROSARIO,Rosario,Asfalto,Pavimento,II,S/D,Urbana,Marca Vial,No existe,Intersección,Bueno,Buena,Diurna,Buen Tiempo,De alcance,S/D,Colisión,S/D,S/D,S/D,Sin restricción,error,"['Circunvalacion', 'Centeno']",2,error,,,,,,,,,,
2013,6194,2013-05-15,Miercoles,0.0,19:00:00,,0.0,2,"Moto/Ciclomotor,Bicicleta",Av. De Las Palmeras Y Dean Funes,2,2,0,0,0,0,0,,Avenida,,ROSARIO,Rosario,Asfalto,No existe,II,S/D,Urbana,Ninguna,No existe,Intersección,Con baches,Buena,Atardecer,Buen Tiempo,S/D,S/D,Atropello,S/D,S/D,S/D,Sin restricción,error,"['Las Palmas', 'Deán Gregorio Funes']",2,error,,,,,,,,,,
2013,6204,2013-05-01,Miercoles,1.0,16:30:00,,0.0,2,"Moto/Ciclomotor,Moto/Ciclomotor",Irurtia Y Av. Ovidio Lagos,2,2,0,0,0,0,0,,Calle,,ROSARIO,Rosario,Asfalto,No existe,II,S/D,Urbana,Ninguna,No existe,Intersección,Con baches,Buena,Diurna,Buen Tiempo,Lateral,S/D,Colisión,S/D,S/D,S/D,Sin restricción,error,"['Irurtia', 'Avenida Ovidio Lagos']",2,error,,,,,,,,,,
2013,6211,2013-05-09,Jueves,0.0,00:20:00,,0.0,2,"Moto/Ciclomotor,Automóvil",Biedma Y Roullon,3,2,0,0,1,0,0,,Calle,,ROSARIO,Rosario,Asfalto,No existe,II,Dentro,Urbana,Ninguna,No existe,Intersección,Otro,Buena,S/D,Otro,Lateral,S/D,Colisión,Otro,Faltante,S/D,Sin restricción,error,"['Coronel Biedma', 'Alfredo Rouillón']",2,error,,,,,,,,,,
2013,6213,2013-05-01,Miercoles,0.0,21:00:00,,0.0,2,"Pickup/Utilitario,Moto/Ciclomotor",Lavalle Y Alsina,3,2,0,0,1,0,0,,Calle,,ROSARIO,Rosario,Asfalto,Pavimento,II,Dentro,Urbana,Otra Señal,No existe,Otro,Bueno,Buena,Nocturna,Otro,Otro,S/D,Otro,Otro,S/D,Ninguna,Sin restricción,error,"['Lavalle', 'Alsina']",2,error,,,,,,,,,,
2013,6215,2013-05-27,Lunes,0.0,18:00:00,,0.0,2,"Automóvil,Moto/Ciclomotor",Molina Y Godoy Cruz,3,2,0,0,1,0,0,,Calle,,ROSARIO,Rosario,Asfalto,No existe,II,Dentro,Urbana,Ninguna,No existe,Intersección,Bueno,Buena,Diurna,Buen Tiempo,Lateral,S/D,Colisión,Otro,Faltante,Ninguna,Sin restricción,error,"['Molina', 'Avenida Presidente Perón']",2,error,,,,,,,,,,
2013,6221,2013-05-28,Martes,0.0,07:30:00,,0.0,2,"Pickup/Utilitario,Moto/Ciclomotor",Av. de las palmeras Y el jilguero,2,1,0,0,1,0,0,,Calle,,ROSARIO,Rosario,Asfalto,No existe,II,S/D,Urbana,Otra Señal,No existe,Intersección,"Bueno,Con baches",Buena,Diurna,Buen Tiempo,Lateral,S/D,Colisión,S/D,S/D,S/D,Sin restricción,error,"['Las Palmas', 'El Jilguero']",2,error,,,,,,,,,,
2013,6243,2013-05-03,Viernes,0.0,17:50:00,,0.0,2,"Moto/Ciclomotor,Moto/Ciclomotor",Roullon Y Garibaldi,2,1,0,0,1,0,0,,Calle,,ROSARIO,Rosario,Asfalto,No existe,II,Dentro,Urbana,S/D,S/D,Intersección,Otro,S/D,S/D,S/D,Lateral,S/D,Colisión,Otro,S/D,Ninguna,Sin restricción,error,"['Alfredo Rouillón', 'José Garibaldi']",2,error,,,,,,,,,,
2013,6275,2013-04-10,Miercoles,0.0,17:30:00,,0.0,2,"Automóvil,Moto/Ciclomotor",Ricardo Gutierrez Y Ricchieri,2,1,0,0,1,0,0,,Calle,,ROSARIO,Rosario,Asfalto,S/D,II,Dentro,Urbana,S/D,S/D,Intersección,S/D,S/D,S/D,S/D,S/D,S/D,Colisión,S/D,S/D,Ninguna,S/D,error,"['Ricardo Gutierrez', 'Ricchieri']",2,error,,,,,,,,,,
2013,6286,2013-04-08,Lunes,0.0,05:00:00,,0.0,2,"Moto/Ciclomotor,Automóvil",Av. Eva Peron Y Av. Ovidio Lagos,2,1,0,0,1,0,0,,Avenida,,ROSARIO,Rosario,Asfalto,S/D,II,Dentro,Urbana,S/D,S/D,Intersección,S/D,S/D,S/D,S/D,S/D,S/D,Colisión,S/D,S/D,Cordón divisorio,S/D,error,"['Avenida Eva Perón', 'Avenida Ovidio Lagos']",2,error,,,,,,,,,,
2013,6287,2013-04-25,Jueves,0.0,18:25:00,,0.0,2,"Bicicleta,Moto/Ciclomotor",PASEO RIVEREÑO ,2,1,0,0,1,0,0,,Avenida,,ROSARIO,Rosario,Hormigón,No existe,II,Dentro,Urbana,Semáforo,No existe,Recta,Bueno,Buena,Atardecer,Buen Tiempo,S/D,S/D,Atropello,Otro,Horizontal,Barrera de hormigón,Sin restricción,no funciono,['Paseo Rivereño'],1,Paseo Rivereño,,,,,,,,,,
2013,6292,2013-03-23,Sabado,0.0,03:45:00,,0.0,1,Moto/Ciclomotor,Av. Eudoro Carrasco 3500,2,2,0,0,0,0,0,,Avenida,,ROSARIO,Rosario,Hormigón,No existe,II,Dentro,Urbana,Ninguna,No existe,Recta,Bueno,Reducida,Nocturna,Buen Tiempo,Otro,S/D,Colisión,Otro,Faltante,Guardarrail,Sin restricción,no funciono,['Eudnicasio Oroño Carrasco 3500'],1,Eudnicasio Oroño Carrasco 3500,,,,,,,,,,
2013,6296,2013-05-21,Martes,0.0,06:50:00,,0.0,2,"Tren,Automóvil",ESTADOS UNIDOS  Y LAS VIAS,3,0,0,0,2,1,0,,S/D,,ROSARIO,Rosario,S/D,S/D,II,S/D,S/D,Señal Pare,S/D,Paso a Nivel FFCC,Bueno,Buena,Amanecer,Buen Tiempo,Lateral,S/D,Colisión,S/D,S/D,S/D,S/D,ambas calles no encontradas,"['Avenida 25 De Mayo', 'Las Vias']",2,error,,,,,,,,,,
2013,6374,2013-05-21,Martes,0.0,08:00:00,,0.0,2,"Moto/Ciclomotor,Automóvil",Cordoba Y Alvear,3,1,0,0,2,0,0,,Calle,,ROSARIO,Rosario,Asfalto,S/D,II,Dentro,Urbana,Semáforo,Funciona,Recta,Bueno,Buena,Diurna,Buen Tiempo,Frontal,S/D,Colisión,S/D,Vertical,Cordón divisorio,Sin restricción,error,"['Córdoba', 'Alvear']",2,error,,,,,,,,,,
2013,6379,2013-05-17,Viernes,0.0,14:00:00,,0.0,2,"Moto/Ciclomotor,Automóvil",Dorrego Y 1 de Mayo,2,1,0,0,1,0,0,,Calle,,ROSARIO,Rosario,Asfalto,S/D,II,Dentro,Urbana,Ninguna,No existe,Intersección,Bueno,Buena,Diurna,Buen Tiempo,Lateral,S/D,Colisión,S/D,Faltante,Cordón divisorio,Sin restricción,error,"['Dorrego', 'Primero de Mayo']",2,error,,,,,,,,,,
2013,6385,2013-05-21,Martes,0.0,,,0.0,2,"Bicicleta,Moto/Ciclomotor",Av. Frondizi A Y L.N.Alem,3,2,0,0,1,0,0,,Avenida,,ROSARIO,Rosario,Asfalto,S/D,II,S/D,Urbana,Semáforo,S/D,Intersección,Bueno,S/D,S/D,Buen Tiempo,S/D,S/D,Atropello,S/D,S/D,Cordón divisorio,S/D,error,"['Frondizi', 'Alem']",2,error,,,,,,,,,,
2013,6386,2013-05-11,Sabado,0.0,00:00:00,,0.0,2,"Automóvil,Moto/Ciclomotor",Av. Belgrano Y Urquiza,2,1,0,0,1,0,0,,Avenida,,ROSARIO,Rosario,Asfalto,No existe,II,Dentro,Urbana,Semáforo,Funciona,Intersección,Bueno,Buena,"Nocturna,Con luz artificial",Buen Tiempo,Lateral,S/D,Colisión,S/D,Vertical,S/D,Sin restricción,error,"['Belgrano', 'Urquiza']",2,error,,,,,,,,,,
2013,6419,2013-05-22,Miercoles,0.0,08:15:00,,0.0,2,"Automóvil,Moto/Ciclomotor",Maestro Massa Y Marull,3,1,0,0,2,0,0,,Calle,,ROSARIO,Rosario,Asfalto,S/D,II,S/D,Urbana,S/D,S/D,Intersección,S/D,S/D,Diurna,S/D,Otro,S/D,Colisión,S/D,S/D,S/D,S/D,error,"['Maestro Massa', 'Marull']",2,error,,,,,,,,,,
2013,6431,2013-05-10,Viernes,0.0,11:00:00,,0.0,2,"Automóvil,Moto/Ciclomotor",J.B.Cordiviola Y Gurruchaga,2,1,0,0,1,0,0,,Calle,,ROSARIO,Rosario,Asfalto,No existe,II,Dentro,Urbana,Semáforo,Funciona,Intersección,S/D,S/D,Diurna,S/D,S/D,S/D,Colisión,S/D,Vertical,S/D,Sin restricción,error,"['Cordiviola', 'Gurruchaga']",2,error,,,,,,,,,,
2013,6441,2013-05-31,Viernes,0.0,11:20:00,,0.0,2,"Bicicleta,Automóvil",J.J.Paso Y Av. Provincias Unidas,2,1,0,0,1,0,0,,Avenida,,ROSARIO,Rosario,Asfalto,No existe,II,Dentro,Urbana,Semáforo,S/D,Rotonda,Bueno,S/D,Diurna,Buen Tiempo,S/D,S/D,Atropello,S/D,Vertical,Ninguna,Sin restricción,error,"['Paso', 'Avenida Provincias Unidas']",2,error,,,,,,,,,,
2013,6494,2013-05-26,Domingo,0.0,18:30:00,,0.0,2,"Automóvil,Moto/Ciclomotor",J.J.Paso Y Av. Provincias Unidas,3,2,0,0,1,0,0,,Avenida,,ROSARIO,Rosario,Asfalto,No existe,II,S/D,Urbana,Ninguna,No existe,Recta,Bueno,Buena,"Nocturna,Con luz artificial",Buen Tiempo,Lateral,S/D,Colisión,S/D,S/D,Línea divisoria pintada,Sin restricción,error,"['Paso', 'Avenida Provincias Unidas']",2,error,,,,,,,,,,
2013,6495,2013-05-05,Domingo,0.0,12:20:00,,0.0,2,"Vehículo Oficial,Automóvil",Av. Sorrento Y Albert Sabin,4,1,0,0,3,0,0,,Calle,,ROSARIO,Rosario,Asfalto,No existe,II,Dentro,Urbana,S/D,Funciona,Intersección,S/D,S/D,Diurna,S/D,De alcance,S/D,Colisión,S/D,Vertical,S/D,S/D,error,"['Sorrento', 'Avenida Travesía Albert Sabin']",2,error,,,,,,,,,,
2013,6510,2013-05-05,Domingo,0.0,16:20:00,,0.0,2,"Automóvil,Moto/Ciclomotor",BUCHANAN Y BV. RONDEAU,3,2,0,0,1,0,0,,Avenida,,ROSARIO,Rosario,Asfalto,No existe,II,Dentro,Urbana,Semáforo,Funciona,Intersección,Bueno,S/D,Diurna,S/D,S/D,S/D,Colisión,S/D,"Horizontal,Vertical",S/D,S/D,error,"['Buchanan', 'Rondeau']",2,error,,,,,,,,,,
2013,6517,2013-05-20,Lunes,0.0,14:00:00,,0.0,2,"Automóvil,Automóvil",Av. Provincias Unidas Y J.J.Paso,2,1,0,0,1,0,0,,Avenida,,ROSARIO,Rosario,Asfalto,S/D,II,S/D,Urbana,S/D,No existe,Rotonda,Bueno,Buena,Diurna,Buen Tiempo,S/D,S/D,Colisión,S/D,S/D,S/D,S/D,error,"['Avenida Provincias Unidas', 'Paso']",2,error,,,,,,,,,,
2013,6521,2013-05-08,Miercoles,0.0,10:30:00,,0.0,2,"Pickup/Utilitario,Bicicleta",Av. Eudoro Carrasco 4600,2,1,0,0,1,0,0,,Avenida,,ROSARIO,Rosario,Asfalto,Natural,II,Dentro,Urbana,S/D,S/D,Rotonda,Bueno,S/D,Diurna,S/D,S/D,S/D,Atropello,S/D,S/D,S/D,S/D,no funciono,['Eudnicasio Oroño Carrasco 4600'],1,Eudnicasio Oroño Carrasco 4600,,,,,,,,,,
2013,6524,2013-05-20,Lunes,0.0,12:40:00,,0.0,2,"Moto/Ciclomotor,Automóvil",Ricchieri Y Brown,2,1,0,0,1,0,0,,Calle,,ROSARIO,Rosario,Asfalto,S/D,II,Dentro,Urbana,Otra Señal,S/D,Intersección,Bueno,Buena,Diurna,Buen Tiempo,Lateral,S/D,Colisión,S/D,S/D,S/D,S/D,error,"['Ricchieri', 'Brown']",2,error,,,,,,,,,,
2013,6780,2013-04-17,Miercoles,0.0,19:45:00,,0.0,2,"Peatón,Automóvil", ,2,1,0,0,1,0,0,,Calle,,ROSARIO,Rosario,Asfalto,No existe,II,Dentro,Urbana,Ninguna,No existe,Intersección,Bueno,Buena,Diurna,Buen Tiempo,S/D,S/D,Atropello,S/D,Faltante,Cordón divisorio,Sin restricción,,[''],0,,,,,,,,,,,
2013,6793,2013-03-17,Domingo,0.0,,,0.0,2,"Bicicleta,Automóvil", ,2,1,0,0,1,0,0,,Avenida,,ROSARIO,Rosario,Asfalto,Pavimento,II,S/D,Urbana,Otra Señal,No existe,Intersección,Bueno,Buena,S/D,Buen Tiempo,S/D,S/D,Atropello,S/D,S/D,S/D,Sin restricción,,[''],0,,,,,,,,,,,
2013,6799,2013-04-19,Viernes,0.0,16:10:00,,0.0,2,"Bicicleta,Automóvil", ,2,1,0,0,1,0,0,,Calle,,ROSARIO,Rosario,Asfalto,No existe,II,Dentro,Urbana,Señal Ceda el Paso,No existe,Intersección,Bueno,Buena,Diurna,Buen Tiempo,S/D,S/D,Atropello,S/D,Horizontal,Cordón divisorio,Sin restricción,,[''],0,,,,,,,,,,,
2013,6947,2013-06-04,Martes,0.0,10:15:00,,0.0,2,"Moto/Ciclomotor,Automóvil",J.J.Paso Y Medrano,2,1,0,0,1,0,0,,Calle,,ROSARIO,Rosario,Asfalto,No existe,II,Dentro,Urbana,Ninguna,No existe,Intersección,Bueno,Buena,Diurna,Buen Tiempo,Atropello animal,S/D,Colisión,Agua,Faltante,Cordón divisorio,Sin restricción,error,"['Paso', 'Medrano']",2,error,,,,,,,,,,
2013,6970,2013-06-28,Viernes,0.0,19:00:00,,0.0,2,"Automóvil,Moto/Ciclomotor",Av. Provincias Unidas Y J.J.Paso,2,1,0,0,1,0,0,,Avenida,,ROSARIO,Rosario,Asfalto,No existe,II,S/D,Urbana,Ninguna,No existe,Rotonda,Bueno,Buena,Atardecer,Otro,Lateral,S/D,Colisión,Otro,Faltante,Ninguna,Sin restricción,error,"['Avenida Provincias Unidas', 'Paso']",2,error,,,,,,,,,,
2013,6973,2013-06-06,Jueves,0.0,18:15:00,,0.0,2,"Peatón,Taxi/Remis",Pje. Franklin 2600,2,1,0,0,1,0,0,,Calle,,ROSARIO,Rosario,Asfalto,No existe,II,Dentro,Urbana,Ninguna,No existe,Recta,Bueno,Buena,Diurna,Buen Tiempo,S/D,S/D,Atropello,S/D,Faltante,Barrera de hormigón,Sin restricción,no funciono,['Pasaje Franklin 2600'],1,Pasaje Franklin 2600,,,,,,,,,,
2013,6978,2013-06-04,Martes,0.0,21:00:00,,0.0,2,"Taxi/Remis,Automóvil",Rivadavia Y Ricchieri,2,1,0,0,1,0,0,,Avenida,,ROSARIO,Rosario,Asfalto,Pavimento,II,Dentro,Urbana,Semáforo,Funciona,Curva,Bueno,Buena,Nocturna,Buen Tiempo,S/D,S/D,Colisión,S/D,Horizontal,S/D,Sin restricción,error,"['Rivadavia', 'Ricchieri']",2,error,,,,,,,,,,
2013,6990,2013-06-13,Jueves,0.0,05:50:00,,0.0,2,"Automóvil,Moto/Ciclomotor",Av. Del Valle Y Ricchieri,2,1,0,0,1,0,0,,Avenida,,ROSARIO,Rosario,Asfalto,No existe,II,Dentro,Urbana,S/D,S/D,Intersección,Bueno,Buena,Amanecer,Buen Tiempo,Lateral,S/D,Colisión,S/D,S/D,S/D,S/D,error,"['Del Valle', 'Ricchieri']",2,error,,,,,,,,,,