anio_acci,nro_acci,fecha,desc_dia,fecha_aprox,hora_aprox,desc_ruta,km,cant_participantes,desc_participante,calle_avenida_km,total,heridos_leves,heridos_graves,heridos_gravisimos,ilesos,fallecidos,sin_datos,posicion_XY,desc_tipo_via,desc_ruta_ori,desc_loc,desc_dpto,desc_tipo_calzada,desc_tipo_banquina,desc_unidad_regional,desc_lugar_calzada,desc_zona,desc_prioridad,desc_estado_semaforo,desc_lugar_via,desc_estado_via,desc_estado_visibilidad,desc_luminosidad,desc_estado_clima,desc_tipo_colision,desc_tipo_atropello,desc_tipo_hecho,desc_pres_calzada,desc_senializacion,desc_separacion_via,desc_restriccion,forma_geocod,calle_lista,numero_calles,calles_osm,lat,lon,index_right,gid,fna,gna,nam,in1,fdc,sag
2013,6994,2013-06-19,Miercoles,0.0,19:40:00,,0.0,2,"Pickup/Utilitario,Moto/Ciclomotor",Av. Sorrento Y Machain,2,1,0,0,1,0,0,,Avenida,,ROSARIO,Rosario,Asfalto,No existe,II,Dentro,Urbana,Ninguna,No existe,Recta,S/D,Buena,Nocturna,S/D,Frontal,S/D,Colisión,S/D,Vertical,Barrera de hormigón,Sin restricción,error,"['Sorrento', 'Machain']",2,error,,,,,,,,,,
2013,7000,2013-06-21,Viernes,0.0,19:15:00,,0.0,2,"Automóvil,Peatón",Av. Francia Y Av. Caseros Bis,2,1,0,0,1,0,0,,Avenida,,ROSARIO,Rosario,Asfalto,No existe,II,Dentro,Urbana,S/D,S/D,Intersección,Bueno,Buena,Diurna,Buen Tiempo,S/D,S/D,Atropello,S/D,S/D,S/D,S/D,error,"['Avenida Francia', 'Caseros']",2,error,,,,,,,,,,
2013,7008,2013-06-12,Miercoles,0.0,,,0.0,2,"Moto/Ciclomotor,Moto/Ciclomotor",Av. Ovidio Lagos Y Pje. Gonzalez Sabathie,3,3,0,0,0,0,0,,Calle,,ROSARIO,Rosario,Asfalto,No existe,II,S/D,Urbana,Ninguna,No existe,Intersección,Bueno,Reducida,Atardecer,Buen Tiempo,Frontal,S/D,Colisión,S/D,S/D,Ninguna,Sin restricción,error,"['Avenida Ovidio Lagos', 'Gonzales Sabathié']",2,error,,,,,,,,,,
2013,7016,2013-06-02,Domingo,0.0,11:40:00,,0.0,1,Moto/Ciclomotor,Chaparro Y Av. Pellegrini,2,2,0,0,0,0,0,,Avenida,,ROSARIO,Rosario,Asfalto,No existe,II,S/D,Urbana,S/D,No existe,Intersección,Bueno,Buena,Diurna,S/D,S/D,S/D,Despiste,Otro,S/D,S/D,S/D,error,"['Chaparro', 'Pellegrini']",2,error,,,,,,,,,,
2013,7037,2013-06-23,Domingo,0.0,13:30:00,,0.0,2,"Moto/Ciclomotor,Otros",MAGALLANES Y ABORIGENES ARGENTINOS,3,1,0,0,2,0,0,,S/D,,ROSARIO,Rosario,Asfalto,No existe,II,Dentro,Urbana,Ninguna,No existe,Intersección,Otro,Reducida,S/D,Otro,Lateral,S/D,Colisión,Otro,Faltante,Ninguna,Sin restricción,error,"['Magallanes', 'Aborígenes Argentinos']",2,error,,,,,,,,,,
2013,7041,2013-06-05,Miercoles,0.0,17:30:00,,0.0,2,"Moto/Ciclomotor,Bicicleta",Gurruchaga Y Maciel,2,1,0,0,1,0,0,,Calle,,ROSARIO,Rosario,Asfalto,No existe,II,Dentro,Urbana,Ninguna,No existe,Recta,Bueno,Buena,Atardecer,Buen Tiempo,S/D,S/D,Atropello,S/D,Horizontal,Barrera de hormigón,Sin restricción,error,"['Gurruchaga', 'Maciel']",2,error,,,,,,,,,,
2013,7059,2013-06-11,Martes,0.0,16:00:00,,0.0,2,"Moto/Ciclomotor,Automóvil",Dean Funes Y Monte Flores,2,2,0,0,0,0,0,,Calle,,ROSARIO,Rosario,Asfalto,No existe,II,S/D,Urbana,Ninguna,No existe,Intersección,Con baches,Buena,Diurna,Buen Tiempo,Lateral,S/D,Colisión,S/D,S/D,S/D,Sin restricción,error,"['Deán Gregorio Funes', 'Monte Flores']",2,error,,,,,,,,,,
2013,7067,2013-06-29,Sabado,0.0,20:20:00,,0.0,2,"Moto/Ciclomotor,Moto/Ciclomotor", ,2,1,0,0,1,0,0,,Calle,,ROSARIO,Rosario,Asfalto,No existe,II,Dentro,Urbana,Marca Vial,No existe,Intersección,Bueno,Buena,"Nocturna,Con luz artificial",Buen Tiempo,Lateral,S/D,Colisión,S/D,Horizontal,Cordón divisorio,Sin restricción,,[''],0,,,,,,,,,,,
2013,7072,2013-06-28,Viernes,0.0,,,0.0,2,"Moto/Ciclomotor,Automóvil",Rivarola Y Av. Ovidio Lagos,2,1,0,0,1,0,0,,Calle,,ROSARIO,Rosario,Hormigón,No existe,II,Dentro,Urbana,Ninguna,No existe,S/D,Con baches,Buena,Diurna,Buen Tiempo,Lateral,S/D,Colisión,S/D,S/D,S/D,Sin restricción,error,"['Rivarola', 'Avenida Ovidio Lagos']",2,error,,,,,,,,,,
2013,7111,2013-06-19,Miercoles,0.0,13:00:00,,0.0,2,"Bicicleta,Automóvil",Dorrego Y Italia,2,1,0,0,1,0,0,,Calle,,ROSARIO,Rosario,Asfalto,S/D,II,Dentro,Urbana,S/D,S/D,Cruce,Bueno,Buena,Diurna,Buen Tiempo,S/D,S/D,Atropello,S/D,S/D,S/D,S/D,error,"['Dorrego', 'Italia']",2,error,,,,,,,,,,
2013,7134,2013-06-19,Miercoles,0.0,08:00:00,,0.0,2,"Moto/Ciclomotor,Automóvil",Pte.Roca 2700,3,2,0,0,1,0,0,,Calle,,ROSARIO,Rosario,Asfalto,S/D,II,Dentro,Urbana,S/D,S/D,Recta,Bueno,Buena,Diurna,Buen Tiempo,De alcance,S/D,Colisión,S/D,S/D,S/D,S/D,no funciono,['Presidenteroca 2700'],1,Presidenteroca 2700,,,,,,,,,,
2013,7136,2013-06-19,Miercoles,0.0,11:40:00,,0.0,2,"Moto/Ciclomotor,Automóvil",Entre Rios Y Av. Corrientes,2,1,0,0,1,0,0,,Calle,,ROSARIO,Rosario,Asfalto,S/D,II,Dentro,Urbana,S/D,S/D,Intersección,Bueno,Buena,Diurna,Buen Tiempo,De alcance,S/D,Colisión,S/D,S/D,S/D,S/D,error,"['Entre Ríos', 'Corrientes']",2,error,,,,,,,,,,
2013,7142,2013-05-26,Domingo,0.0,15:15:00,,0.0,2,"Automóvil,Moto/Ciclomotor",Dorrego Y Pje. Coolidge,2,1,0,0,1,0,0,,Calle,,ROSARIO,Rosario,Asfalto,No existe,II,Dentro,Urbana,Ninguna,No existe,Intersección,Bueno,Buena,Diurna,S/D,Lateral,S/D,Colisión,S/D,Faltante,Ninguna,Sin restricción,error,"['Dorrego', 'Coolidge']",2,error,,,,,,,,,,
2013,7155,2013-06-12,Miercoles,0.0,21:14:00,,0.0,2,"Moto/Ciclomotor,Moto/Ciclomotor",Cordoba Y Barra,2,2,0,0,0,0,0,,S/D,,ROSARIO,Rosario,Asfalto,No existe,II,S/D,Urbana,Semáforo,Funciona,Intersección,Bueno,Buena,Nocturna,Buen Tiempo,Lateral,S/D,Colisión,S/D,Horizontal,Cordón divisorio,Sin restricción,error,"['Córdoba', 'Barra']",2,error,,,,,,,,,,
2013,7171,2013-06-19,Miercoles,0.0,09:45:00,,0.0,2,"Moto/Ciclomotor,Automóvil",Olegario V.Andrade Y Sarmiento,2,1,0,0,1,0,0,,Calle,,ROSARIO,Rosario,Asfalto,No existe,II,Dentro,Urbana,Ninguna,No existe,Intersección,Bueno,Buena,Diurna,S/D,Lateral,S/D,Colisión,S/D,Faltante,Ninguna,Sin restricción,error,"['Olegario V Andrade', 'Sarmiento']",2,error,,,,,,,,,,
2013,7203,2013-06-24,Lunes,0.0,16:00:00,,0.0,2,"Automóvil,Automóvil",Ayolas Y Sarmiento,2,1,0,0,1,0,0,,Calle,,ROSARIO,Rosario,Asfalto,No existe,II,Dentro,Urbana,Ninguna,No existe,Intersección,Bueno,Buena,Diurna,S/D,Lateral,S/D,Colisión,S/D,Faltante,Ninguna,Sin restricción,error,"['Ayolas', 'Sarmiento']",2,error,,,,,,,,,,
2013,7226,2013-06-27,Jueves,0.0,18:30:00,,0.0,2,"Bicicleta,Automóvil",San Martin Y Av. Battle y Ordoñez,2,1,0,0,1,0,0,,Calle,,ROSARIO,Rosario,Asfalto,No existe,II,Dentro,Urbana,Semáforo,Funciona,Intersección,Bueno,Buena,Atardecer,Buen Tiempo,S/D,S/D,Atropello,S/D,Horizontal,Cordón divisorio,Sin restricción,error,"['San Martin', 'Avenida Battle y Ordoñez']",2,error,,,,,,,,,,
2013,7229,2013-06-12,Miercoles,0.0,14:00:00,,0.0,1,Moto/Ciclomotor,Av. Circunvalacion Y Bv. Oroño,2,2,0,0,0,0,0,,Avenida,,ROSARIO,Rosario,S/D,S/D,II,Dentro,Urbana,S/D,S/D,S/D,S/D,S/D,S/D,S/D,Otro,S/D,Otro,S/D,S/D,S/D,S/D,error,"['Circunvalacion', 'Bulevar Nicasio Oroño']",2,error,,,,,,,,,,
2013,7236,2013-06-01,Sabado,1.0,,,0.0,2,"Automóvil,Automóvil", ,3,3,0,0,0,0,0,,Calle,,ROSARIO,Rosario,Asfalto,No existe,II,Dentro,Urbana,Ninguna,No existe,Intersección,Bueno,Buena,Diurna,Buen Tiempo,Lateral,S/D,Colisión,S/D,Faltante,Ninguna,Sin restricción,,[''],0,,,,,,,,,,,
2013,7239,2013-06-15,Sabado,0.0,18:50:00,,0.0,2,"Automóvil,Peatón",Av. Eva Peron Y Cafferata,2,1,0,0,1,0,0,,Avenida,,ROSARIO,Rosario,Asfalto,S/D,II,Dentro,Urbana,S/D,S/D,Intersección,S/D,S/D,Atardecer,S/D,S/D,S/D,Atropello,S/D,S/D,Cordón divisorio,S/D,error,"['Avenida Eva Perón', 'Cafferata']",2,error,,,,,,,,,,
2013,7247,2013-06-08,Sabado,0.0,14:30:00,,0.0,2,"Moto/Ciclomotor,Automóvil",Prevision y Hogar Y Pago de los Arroyos,3,2,0,0,1,0,0,,Calle,,ROSARIO,Rosario,Asfalto,No existe,II,Dentro,Urbana,Ninguna,No existe,Intersección,Resbaladiza,Buena,Diurna,Buen Tiempo,Otro,S/D,Colisión,S/D,Faltante,Ninguna,Sin restricción,error,"['5 de Agosto', 'Pago de los Arroyos']",2,error,,,,,,,,,,
2013,7267,2013-06-09,Domingo,0.0,10:15:00,,0.0,2,"Taxi/Remis,Taxi/Remis",Mendoza Y Pje El Trebol,2,1,0,0,1,0,0,,S/D,,ROSARIO,Rosario,S/D,S/D,II,S/D,Urbana,S/D,S/D,Intersección,S/D,S/D,Diurna,S/D,S/D,S/D,Colisión,S/D,S/D,Cordón divisorio,S/D,sec calles no encontradas,"['Mendoza', 'El Trebol']",2,error,,,,,,,,,,
2013,7295,2013-05-11,Sabado,0.0,,,0.0,2,"Automóvil,Moto/Ciclomotor",San Martin Y Av. Battle y Ordoñez,2,1,0,0,0,0,1,,Calle,,ROSARIO,Rosario,Asfalto,No existe,II,Dentro,Urbana,Semáforo,Funciona,Rotonda,Bueno,S/D,S/D,Buen Tiempo,S/D,S/D,Colisión,S/D,Vertical,Cordón divisorio,Sin restricción,error,"['San Martin', 'Avenida Battle y Ordoñez']",2,error,,,,,,,,,,
2013,7308,2013-05-17,Viernes,0.0,,,0.0,2,"Moto/Ciclomotor,Pickup/Utilitario",Bv. Oroño 5735,3,1,0,0,2,0,0,,S/D,,ROSARIO,Rosario,S/D,S/D,II,S/D,S/D,S/D,S/D,S/D,S/D,S/D,S/D,S/D,S/D,S/D,S/D,S/D,S/D,S/D,S/D,no funciono,['Nicasio Oroñoño 5735'],1,Nicasio Oroñoño 5735,,,,,,,,,,
2013,7327,2013-05-18,Sabado,0.0,16:45:00,,0.0,2,"Moto/Ciclomotor,Automóvil",Bv. Oroño ,3,1,0,0,2,0,0,,Avenida,,ROSARIO,Rosario,Asfalto,S/D,II,S/D,Urbana,S/D,S/D,Cruce,Bueno,Buena,Diurna,S/D,S/D,S/D,Colisión,S/D,S/D,S/D,S/D,no funciono,['Nicasio Oroñoño'],1,Nicasio Oroñoño,,,,,,,,,,
2013,7334,2013-05-12,Domingo,0.0,10:00:00,,0.0,2,"Automóvil,Automóvil",Viraro Y Mitre,2,1,0,0,1,0,0,,Calle,,ROSARIO,Rosario,Asfalto,No existe,II,Dentro,Urbana,S/D,S/D,Intersección,Bueno,Buena,Diurna,Buen Tiempo,De alcance,S/D,Colisión,S/D,S/D,S/D,S/D,error,"['Viraro', 'Mitre']",2,error,,,,,,,,,,
2013,7337,2013-05-05,Domingo,0.0,,,0.0,2,"Moto/Ciclomotor,Automóvil",Galvez Y Virasoro,3,2,0,0,1,0,0,,Calle,,ROSARIO,Rosario,Asfalto,S/D,II,Dentro,Urbana,S/D,S/D,Recta,Bueno,Buena,Diurna,Buen Tiempo,De alcance,S/D,Colisión,S/D,S/D,S/D,S/D,error,"['Galvez', 'Virasoro']",2,error,,,,,,,,,,
2013,7354,2013-05-15,Miercoles,0.0,20:35:00,,0.0,1,Pickup/Utilitario, ,1,1,0,0,0,0,0,,Calle,,ROSARIO,Rosario,S/D,No existe,II,S/D,Urbana,Ninguna,No existe,Intersección,Bueno,Buena,"Nocturna,Con luz artificial",Otro,Contra objeto fijo,S/D,Colisión,S/D,S/D,Ninguna,Sin restricción,,[''],0,,,,,,,,,,,
2013,7355,2013-05-10,Viernes,0.0,10:25:00,,0.0,2,"Pickup/Utilitario,Transporte de Pasajeros Urbano (> 8 asientos)",Bv. Oroño 4500,2,1,0,0,1,0,0,,Avenida,,ROSARIO,Rosario,Asfalto,No existe,II,Dentro,Urbana,Ninguna,Funciona,Recta,Bueno,Buena,Diurna,S/D,De alcance,S/D,Colisión,S/D,"Horizontal,Vertical",Ninguna,Sin restricción,no funciono,['Nicasio Oroñoño 4500'],1,Nicasio Oroñoño 4500,,,,,,,,,,
2013,7361,2013-05-10,Viernes,0.0,09:20:00,,0.0,2,"Bicicleta,Automóvil",Av. Pellegrini Y Cochabamba,2,1,0,0,1,0,0,,Avenida,,ROSARIO,Rosario,Asfalto,S/D,II,Dentro,Urbana,S/D,S/D,Recta,Bueno,Buena,Diurna,Buen Tiempo,S/D,S/D,Atropello,S/D,S/D,S/D,S/D,error,"['Pellegrini', 'Cochabamba']",2,error,,,,,,,,,,
2013,7373,2013-04-29,Lunes,0.0,02:30:00,,0.0,1,Automóvil,Bv. Segui Y Ricchieri,1,1,0,0,0,0,0,,Avenida,,ROSARIO,Rosario,Asfalto,S/D,II,S/D,S/D,S/D,No existe,Intersección,Bueno,Buena,Nocturna,Buen Tiempo,Frontal,S/D,Colisión,S/D,Faltante,Cordón divisorio,S/D,error,"['Bulevar Juan Francisco Seguí', 'Ricchieri']",2,error,,,,,,,,,,
2013,7385,2013-05-15,Miercoles,0.0,09:50:00,,0.0,2,"Automóvil,Moto/Ciclomotor",Viraro Y Entre Rios,3,2,0,0,1,0,0,,Calle,,ROSARIO,Rosario,Asfalto,S/D,II,Dentro,Urbana,S/D,S/D,Intersección,Bueno,Buena,Diurna,Buen Tiempo,De alcance,S/D,Colisión,S/D,S/D,S/D,S/D,error,"['Viraro', 'Entre Ríos']",2,error,,,,,,,,,,
2013,7387,2013-06-05,Miercoles,0.0,,,0.0,2,"Moto/Ciclomotor,Automóvil", ,2,1,0,0,1,0,0,,Calle,,ROSARIO,Rosario,Asfalto,S/D,II,Dentro,Urbana,S/D,S/D,Intersección,S/D,S/D,S/D,S/D,S/D,S/D,Colisión,S/D,S/D,S/D,S/D,,[''],0,,,,,,,,,,,
2013,7403,2013-05-28,Martes,0.0,,,0.0,2,"Automóvil,Moto/Ciclomotor",Cordoba Y Parana,2,0,1,0,1,0,0,,Calle,,ROSARIO,Rosario,Asfalto,S/D,II,Dentro,Urbana,S/D,S/D,Intersección,S/D,S/D,S/D,S/D,S/D,S/D,Colisión,S/D,S/D,Cordón divisorio,S/D,error,"['Córdoba', 'Paraná']",2,error,,,,,,,,,,
2013,7418,2013-05-07,Martes,0.0,18:30:00,,0.0,2,"Moto/Ciclomotor,Automóvil",Av. Ovidio Lagos Y Av. J.Coronado,2,1,0,0,1,0,0,,Avenida,,ROSARIO,Rosario,Asfalto,S/D,II,Dentro,Urbana,S/D,S/D,Recta,Bueno,Buena,Diurna,Buen Tiempo,De alcance,S/D,Colisión,S/D,S/D,S/D,S/D,error,"['Avenida Ovidio Lagos', 'Coronado']",2,error,,,,,,,,,,
2013,7438,2013-05-21,Martes,0.0,,,0.0,2,"Moto/Ciclomotor,Automóvil",Av. Eva Peron Y Suipacha,2,1,0,0,1,0,0,,S/D,,ROSARIO,Rosario,Asfalto,S/D,II,S/D,Urbana,S/D,S/D,Intersección,S/D,S/D,S/D,S/D,S/D,S/D,Colisión,S/D,S/D,Cordón divisorio,S/D,error,"['Avenida Eva Perón', 'Suipacha']",2,error,,,,,,,,,,
2013,7460,2013-05-18,Sabado,0.0,18:00:00,,0.0,2,"Peatón,Automóvil",Bv. Oroño Y Av. Battle y Ordoñez,2,1,0,0,1,0,0,,Calle,,ROSARIO,Rosario,Asfalto,S/D,II,Dentro,Urbana,S/D,S/D,S/D,Bueno,S/D,Atardecer,S/D,S/D,S/D,Atropello,S/D,S/D,S/D,S/D,error,"['Bulevar Nicasio Oroño', 'Avenida Battle y Ordoñez']",2,error,,,,,,,,,,
2013,7490,2013-06-15,Sabado,0.0,,,0.0,3,"Moto/Ciclomotor,Automóvil,Automóvil",AV.COLECTORA 25 DE MAYO 1900B,3,1,0,0,2,0,0,,S/D,,ROSARIO,Rosario,S/D,S/D,II,S/D,Urbana,S/D,S/D,S/D,S/D,S/D,S/D,S/D,S/D,S/D,Colisión,S/D,S/D,S/D,S/D,no funciono,['Colectora 25 De Mayo 1900b'],1,Colectora 25 De Mayo 1900b,,,,,,,,,,
2013,7518,2013-06-12,Miercoles,0.0,10:10:00,,0.0,2,"Moto/Ciclomotor,Taxi/Remis",Formosa Y Pje. Humboldt,2,1,0,0,1,0,0,,Calle,,ROSARIO,Rosario,Asfalto,No existe,II,Dentro,Urbana,Ninguna,No existe,Intersección,Bueno,S/D,Diurna,S/D,Lateral,S/D,Colisión,S/D,Faltante,Ninguna,Sin restricción,error,"['Formosa', 'Humboldt']",2,error,,,,,,,,,,
2013,7524,2013-06-04,Martes,0.0,19:30:00,,0.0,2,"Automóvil,Camión",Bv. Oroño 4400,2,1,0,0,1,0,0,,Avenida,,ROSARIO,Rosario,Asfalto,No existe,II,Dentro,Urbana,Ninguna,S/D,Intersección,Deteriorada,Buena,Atardecer,S/D,Lateral,S/D,Colisión,S/D,Faltante,Ninguna,Sin restricción,no funciono,['Nicasio Oroñoño 4400'],1,Nicasio Oroñoño 4400,,,,,,,,,,
2013,7529,2013-06-02,Domingo,0.0,20:35:00,,0.0,2,"Automóvil,Bicicleta",Pje. Independencia Y Buenos Aires,2,1,0,0,1,0,0,,Calle,,ROSARIO,Rosario,Asfalto,Pavimento,II,Dentro,Urbana,Ninguna,S/D,Recta,S/D,S/D,Nocturna,S/D,S/D,S/D,Atropello,S/D,S/D,Ninguna,Sin restricción,error,"['Independencia', 'Buenos Aires']",2,error,,,,,,,,,,
2013,7583,2013-06-10,Lunes,0.0,,,0.0,2,"Automóvil,Moto/Ciclomotor",Bv. Oroño 1800,2,1,0,0,1,0,0,,Avenida,,ROSARIO,Rosario,Asfalto,S/D,II,Dentro,S/D,S/D,S/D,Cruce,Bueno,Buena,S/D,Buen Tiempo,De alcance,S/D,Colisión,S/D,S/D,S/D,S/D,no funciono,['Nicasio Oroñoño 1800'],1,Nicasio Oroñoño 1800,,,,,,,,,,
2013,7600,2013-06-03,Lunes,0.0,12:00:00,,0.0,2,"Automóvil,Automóvil",Bv. Oroño 500,3,2,0,0,1,0,0,,Avenida,,ROSARIO,Rosario,Asfalto,No existe,II,Dentro,Urbana,Ninguna,No existe,Recta,Bueno,Buena,Diurna,Buen Tiempo,De alcance,S/D,Colisión,S/D,Faltante,Cordón divisorio,Sin restricción,no funciono,['Nicasio Oroñoño 500'],1,Nicasio Oroñoño 500,,,,,,,,,,
2013,7622,2013-06-07,Viernes,0.0,05:15:00,,0.0,2,"Automóvil,Taxi/Remis",Pte.Roca 500,2,1,0,0,1,0,0,,Calle,,ROSARIO,Rosario,Asfalto,No existe,II,Dentro,Urbana,Ninguna,No existe,Recta,Bueno,Buena,"Amanecer,Con luz artificial",Buen Tiempo,Lateral,S/D,Colisión,S/D,Faltante,Ninguna,Sin restricción,no funciono,['Presidenteroca 500'],1,Presidenteroca 500,,,,,,,,,,
2013,7645,2013-07-25,Jueves,0.0,08:00:00,,0.0,2,"Automóvil,Pickup/Utilitario", ,2,1,0,0,1,0,0,,S/D,,ROSARIO,Rosario,Asfalto,Natural,II,S/D,S/D,S/D,No existe,Recta,Bueno,Buena,Diurna,Otro,Lateral,S/D,Colisión,Otro,S/D,Ninguna,S/D,,[''],0,,,,,,,,,,,
2013,7655,2013-07-23,Martes,0.0,20:00:00,,0.0,2,"Automóvil,Automóvil",San Martin Y Prevision y Hogar,3,1,0,0,2,0,0,,Calle,,ROSARIO,Rosario,Asfalto,Natural,II,Dentro,Urbana,Ninguna,No existe,Intersección,Bueno,Buena,"Nocturna,Con luz artificial",Buen Tiempo,Otro,S/D,Colisión,S/D,Faltante,Ninguna,Sin restricción,error,"['San Martin', '5 de Agosto']",2,error,,,,,,,,,,
2013,7670,2013-07-09,Martes,0.0,00:00:00,,0.0,2,"Automóvil,Peatón", ,2,1,0,0,1,0,0,,S/D,,ROSARIO,Rosario,Asfalto,S/D,II,S/D,S/D,S/D,S/D,S/D,Bueno,S/D,Nocturna,S/D,S/D,S/D,S/D,S/D,S/D,S/D,S/D,,[''],0,,,,,,,,,,,
2013,7699,2013-07-01,Lunes,0.0,21:30:00,,0.0,2,"Moto/Ciclomotor,Pickup/Utilitario",Fragata Sarmiento Y Iriondo,3,1,0,0,1,0,1,,Calle,,ROSARIO,Rosario,Ripio,S/D,II,Dentro,Urbana,Ninguna,S/D,Intersección,Deteriorada,Buena,Nocturna,Buen Tiempo,Lateral,S/D,Colisión,S/D,S/D,Ninguna,Sin restricción,error,"['Fragata Sarmiento', 'Iriondo']",2,error,,,,,,,,,,
2013,7702,2013-07-26,Viernes,0.0,17:30:00,,0.0,2,"Moto/Ciclomotor,Pickup/Utilitario",Bv. Avellaneda Y Garibaldi,2,1,0,0,1,0,0,,Calle,,ROSARIO,Rosario,Tierra,No existe,II,Dentro,Urbana,Ninguna,No existe,Intersección,Deteriorada,Buena,Atardecer,Buen Tiempo,S/D,S/D,Colisión,S/D,Faltante,Ninguna,Sin restricción,error,"['Avellaneda', 'José Garibaldi']",2,error,,,,,,,,,,
2013,7747,2013-07-17,Miercoles,0.0,10:00:00,,0.0,2,"Otros,Automóvil",Gorriti Y Bielsa,2,1,0,0,1,0,0,,Calle,,ROSARIO,Rosario,S/D,No existe,II,Dentro,Urbana,Ninguna,S/D,Intersección,S/D,S/D,S/D,S/D,Lateral,S/D,Colisión,S/D,S/D,Ninguna,Sin restricción,error,"['Gorriti', 'Bielsa']",2,error,,,,,,,,,,
2013,7748,2013-07-21,Domingo,0.0,10:00:00,,0.0,2,"Moto/Ciclomotor,Automóvil",Av. De Las Palmeras Y Calle 1715,2,1,0,0,1,0,0,,Calle,,ROSARIO,Rosario,Hormigón,No existe,II,S/D,Urbana,Ninguna,No existe,Intersección,Resbaladiza,Buena,Diurna,Buen Tiempo,Lateral,S/D,Colisión,S/D,S/D,S/D,Sin restricción,error,"['Las Palmas', 'Plácido Grela']",2,error,,,,,,,,,,
2013,7749,2013-07-19,Viernes,0.0,21:00:00,,0.0,2,"Camión,Moto/Ciclomotor",Calle 1709 Y J.M.de Rosas,2,1,0,0,1,0,0,,Calle,,ROSARIO,Rosario,Asfalto,No existe,II,S/D,Urbana,Otra Señal,No existe,Intersección,Con baches,Buena,Nocturna,Buen Tiempo,Lateral,S/D,Colisión,S/D,S/D,S/D,Sin restricción,error,"['Calle 1709', 'De Rosas']",2,error,,,,,,,,,,
2013,7769,2013-07-18,Jueves,0.0,21:00:00,,0.0,2,"Automóvil,Moto/Ciclomotor",Pje. Ghandi Y Mejico,2,1,0,0,1,0,0,,Calle,,ROSARIO,Rosario,Asfalto,Pavimento,II,Dentro,Urbana,Ninguna,No existe,Intersección,Con baches,Buena,Nocturna,Buen Tiempo,Lateral,S/D,Colisión,Otro,Faltante,Ninguna,Sin restricción,ppal calles no encontradas,"['Ghandi', 'Mejico']",2,error,,,,,,,,,,
2013,7799,2013-07-27,Sabado,0.0,09:00:00,,0.0,2,"Automóvil,Moto/Ciclomotor",Brandsen Y Donado,2,1,0,0,1,0,0,,Calle,,ROSARIO,Rosario,Asfalto,Pavimento,II,Dentro,Urbana,Ninguna,No existe,Intersección,Bueno,Buena,Diurna,Buen Tiempo,De alcance,S/D,Colisión,S/D,Vertical,Ninguna,Sin restricción,error,"['Brandsen', 'Donado']",2,error,,,,,,,,,,
2013,7806,2013-07-29,Lunes,0.0,08:00:00,,0.0,2,"Automóvil,Moto/Ciclomotor",Rivarola Y Ferrarotti,2,1,0,0,1,0,0,,Calle,,ROSARIO,Rosario,Asfalto,No existe,II,Dentro,Urbana,Ninguna,No existe,Intersección,Con baches,Buena,Diurna,Buen Tiempo,Lateral,S/D,Colisión,S/D,S/D,S/D,Sin restricción,error,"['Rivarola', 'Ferrari']",2,error,,,,,,,,,,
2013,7828,2013-07-31,Miercoles,0.0,14:50:00,,0.0,2,"Moto/Ciclomotor,Automóvil",Pje. Santa Cruz Y Sarmiento,2,0,1,0,1,0,0,,Calle,,ROSARIO,Rosario,Asfalto,No existe,II,Dentro,Urbana,Ninguna,No existe,Intersección,Bueno,Buena,Diurna,Buen Tiempo,Lateral,S/D,Colisión,Otro,S/D,Cordón divisorio,Sin restricción,error,"['Santa Cruz', 'Sarmiento']",2,error,,,,,,,,,,
2013,7886,2013-07-29,Lunes,0.0,12:10:00,,0.0,2,"Bicicleta,Automóvil",Av. Circunvalacion Y Lavalle,2,1,0,0,1,0,0,,Avenida,,ROSARIO,Rosario,Asfalto,No existe,II,Dentro,Urbana,Ninguna,No existe,Recta,Bueno,Buena,Diurna,Buen Tiempo,S/D,S/D,Atropello,S/D,S/D,Ninguna,Sin restricción,error,"['Circunvalacion', 'Lavalle']",2,error,,,,,,,,,,
2013,8332,2013-07-04,Jueves,0.0,11:15:00,,0.0,2,"Bicicleta,Automóvil",Pte.Roca 1300,2,1,0,0,1,0,0,,Calle,,ROSARIO,Rosario,Asfalto,S/D,II,S/D,Urbana,Ninguna,No existe,Recta,Bueno,Buena,Diurna,Buen Tiempo,S/D,S/D,Atropello,S/D,Faltante,Cordón divisorio,Sin restricción,no funciono,['Presidenteroca 1300'],1,Presidenteroca 1300,,,,,,,,,,
2013,8335,2013-07-04,Jueves,0.0,22:20:00,,0.0,1,Automóvil,Mendoza Y Nochetto,1,1,0,0,0,0,0,,Avenida,,ROSARIO,Rosario,Asfalto,No existe,II,Fuera,Urbana,S/D,No existe,S/D,Otro,Buena,Nocturna,S/D,S/D,S/D,Despiste,Otro,Horizontal,S/D,S/D,error,"['Mendoza', 'Juan Nochetto']",2,error,,,,,,,,,,
2013,8342,2013-07-11,Jueves,0.0,15:30:00,,0.0,2,"Automóvil,Pickup/Utilitario", ,2,1,0,0,1,0,0,,Calle,,ROSARIO,Rosario,Asfalto,No existe,II,Dentro,Urbana,Ninguna,No existe,Recta,Bueno,Buena,Diurna,Buen Tiempo,De alcance,S/D,Colisión,S/D,Faltante,Ninguna,Sin restricción,,[''],0,,,,,,,,,,,
2013,8366,2013-07-16,Martes,0.0,17:00:00,,0.0,2,"Vehículo Oficial,Pickup/Utilitario",Bv. Oroño 1300,2,1,0,0,1,0,0,,Avenida,,ROSARIO,Rosario,Asfalto,S/D,II,Dentro,Urbana,Ninguna,No existe,Recta,Bueno,Buena,Diurna,Buen Tiempo,Frontal,S/D,Colisión,S/D,Faltante,Cordón divisorio,Sin restricción,no funciono,['Nicasio Oroñoño 1300'],1,Nicasio Oroñoño 1300,,,,,,,,,,
2013,8388,2013-07-19,Viernes,0.0,13:10:00,,0.0,2,"Taxi/Remis,Automóvil",Pte.Roca 1400,2,1,0,0,1,0,0,,Calle,,ROSARIO,Rosario,Asfalto,S/D,II,Dentro,Urbana,Ninguna,No existe,Recta,Bueno,Buena,Diurna,Buen Tiempo,Frontal,S/D,Colisión,S/D,Faltante,Cordón divisorio,Sin restricción,no funciono,['Presidenteroca 1400'],1,Presidenteroca 1400,,,,,,,,,,
2013,8394,2013-06-18,Martes,0.0,13:20:00,,0.0,2,"Pickup/Utilitario,Moto/Ciclomotor",Cordoba Y Tarragona,3,2,0,0,1,0,0,,S/D,,ROSARIO,Rosario,Asfalto,No existe,II,S/D,Urbana,Semáforo,Funciona,Recta,Bueno,Buena,Diurna,Buen Tiempo,S/D,S/D,S/D,S/D,Vertical,S/D,Sin restricción,error,"['Córdoba', 'Tarragona']",2,error,,,,,,,,,,
2013,8412,2013-06-23,Domingo,0.0,10:00:00,,0.0,2,"Automóvil,Otros",Av. Eva Peron Y Bv. Wilde,2,1,0,0,1,0,0,,Calle,,ROSARIO,Rosario,S/D,S/D,II,Dentro,Urbana,Semáforo,S/D,Recta,S/D,Buena,Diurna,Buen Tiempo,S/D,S/D,S/D,S/D,S/D,S/D,Sin restricción,error,"['Avenida Eva Perón', 'Bulevar Wilde']",2,error,,,,,,,,,,
2013,8423,2013-07-14,Domingo,0.0,05:15:00,,0.0,2,"Automóvil,Automóvil",Sarmiento Y Uruguay,5,4,0,0,1,0,0,,Calle,,ROSARIO,Rosario,Asfalto,No existe,II,Dentro,Urbana,Ninguna,No existe,Intersección,Bueno,Buena,Amanecer,S/D,Lateral,S/D,Colisión,S/D,Faltante,Ninguna,Sin restricción,error,"['Sarmiento', 'Uruguay']",2,error,,,,,,,,,,
2013,8458,2013-07-25,Jueves,0.0,,,0.0,2,"Automóvil,Automóvil",Pasco Y Ituzaingo,2,1,0,0,1,0,0,,Calle,,ROSARIO,Rosario,Asfalto,S/D,II,Dentro,Urbana,S/D,S/D,Recta,Bueno,Buena,S/D,Buen Tiempo,S/D,S/D,Colisión,S/D,S/D,S/D,S/D,error,"['Pasco', 'Ituzaingó']",2,error,,,,,,,,,,
2013,8475,2013-07-26,Viernes,0.0,11:20:00,,0.0,2,"Bicicleta,Automóvil", ,2,1,0,0,1,0,0,,Calle,,ROSARIO,Rosario,Asfalto,S/D,II,Dentro,Urbana,S/D,S/D,Recta,Bueno,Buena,Diurna,Buen Tiempo,S/D,S/D,Atropello,S/D,S/D,S/D,S/D,,[''],0,,,,,,,,,,,
2013,8481,2013-07-19,Viernes,0.0,08:00:00,,0.0,2,"Camión,Automóvil", ,2,1,0,0,1,0,0,,Calle,,ROSARIO,Rosario,Asfalto,No existe,II,Dentro,Urbana,Ninguna,No existe,Intersección,Bueno,Buena,Diurna,Buen Tiempo,Lateral,S/D,Colisión,S/D,Faltante,Ninguna,Sin restricción,,[''],0,,,,,,,,,,,