anio_acci,nro_acci,fecha,desc_dia,fecha_aprox,hora_aprox,desc_ruta,km,cant_participantes,desc_participante,calle_avenida_km,total,heridos_leves,heridos_graves,heridos_gravisimos,ilesos,fallecidos,sin_datos,posicion_XY,desc_tipo_via,desc_ruta_ori,desc_loc,desc_dpto,desc_tipo_calzada,desc_tipo_banquina,desc_unidad_regional,desc_lugar_calzada,desc_zona,desc_prioridad,desc_estado_semaforo,desc_lugar_via,desc_estado_via,desc_estado_visibilidad,desc_luminosidad,desc_estado_clima,desc_tipo_colision,desc_tipo_atropello,desc_tipo_hecho,desc_pres_calzada,desc_senializacion,desc_separacion_via,desc_restriccion,forma_geocod,calle_lista,numero_calles,calles_osm,lat,lon,index_right,gid,fna,gna,nam,in1,fdc,sag
2013,8520,2013-07-11,Jueves,0.0,12:20:00,,0.0,2,"Moto/Ciclomotor,Automóvil",Bv. 27 De Febrero Y Av. Tte Gral Sanchez,2,1,0,0,1,0,0,,Avenida,,ROSARIO,Rosario,S/D,S/D,II,S/D,Urbana,S/D,S/D,S/D,S/D,S/D,Diurna,S/D,S/D,S/D,S/D,S/D,S/D,S/D,S/D,error,"['27 de Febrero', 'Teniente General Sánchez']",2,error,,,,,,,,,,
2013,8559,2013-07-30,Martes,0.0,23:30:00,,0.0,2,"Moto/Ciclomotor,Automóvil",Uruguay Y Sarmiento,2,1,0,0,1,0,0,,Calle,,ROSARIO,Rosario,Asfalto,No existe,II,S/D,Urbana,Ninguna,No existe,Intersección,Bueno,Buena,Nocturna,Buen Tiempo,Lateral,S/D,Colisión,S/D,Faltante,Ninguna,Sin restricción,error,"['Uruguay', 'Sarmiento']",2,error,,,,,,,,,,
2013,8591,2013-07-05,Viernes,0.0,11:30:00,,0.0,2,"Bicicleta,Automóvil", ,2,1,0,0,1,0,0,,Avenida,,ROSARIO,Rosario,Asfalto,S/D,II,Dentro,Urbana,S/D,S/D,Recta,Bueno,Buena,Diurna,Buen Tiempo,S/D,S/D,Atropello,S/D,S/D,S/D,S/D,,[''],0,,,,,,,,,,,
2013,9098,2013-08-08,Jueves,0.0,13:00:00,,0.0,2,"Moto/Ciclomotor,Automóvil",Rueda Y Virasoro,2,1,0,0,1,0,0,,Calle,,ROSARIO,Rosario,Asfalto,No existe,II,Dentro,Urbana,Marca Vial,No existe,Intersección,Bueno,Buena,Diurna,Buen Tiempo,Lateral,S/D,Colisión,Otro,Vertical,Línea divisoria pintada,Sin restricción,error,"['Rueda', 'Virasoro']",2,error,,,,,,,,,,
2013,9127,2013-08-19,Lunes,0.0,14:00:00,,0.0,2,"Moto/Ciclomotor,Automóvil",Olegario V.Andrade Y Laprida,2,1,0,0,1,0,0,,Calle,,ROSARIO,Rosario,Asfalto,No existe,II,Dentro,Urbana,Ninguna,No existe,Intersección,Bueno,Buena,Diurna,Buen Tiempo,Lateral,S/D,Colisión,S/D,Faltante,Cordón divisorio,Sin restricción,error,"['Olegario V Andrade', 'Laprida']",2,error,,,,,,,,,,
2013,9139,2013-08-01,Jueves,0.0,10:30:00,,0.0,1,Automóvil,ACCESO SUR Y CENTRO (RECTO) ,1,1,0,0,0,0,0,,S/D,,ROSARIO,Rosario,Asfalto,Pavimento,II,Dentro,Urbana,Marca Vial,No existe,Recta,Bueno,Buena,Diurna,Buen Tiempo,Contra objeto fijo,S/D,Colisión,S/D,S/D,Barrera de hormigón,Sin restricción,sec calles no encontradas,"['Belgrano', 'Centro (recto)']",2,error,,,,,,,,,,
2013,9169,2013-08-17,Sabado,0.0,16:30:00,,0.0,2,"Moto/Ciclomotor,Automóvil",L.N.Alem Y 1 de Mayo,3,2,0,0,1,0,0,,Calle,,ROSARIO,Rosario,Asfalto,No existe,II,Dentro,Urbana,Marca Vial,No existe,Intersección,Bueno,Buena,Atardecer,Buen Tiempo,Lateral,S/D,Colisión,S/D,Vertical,Línea divisoria pintada,Sin restricción,error,"['Alem', 'Primero de Mayo']",2,error,,,,,,,,,,
2013,9189,2013-08-09,Viernes,0.0,18:00:00,,0.0,2,"Automóvil,Automóvil",Bv. Oroño Y Av. Ponce,2,1,0,0,1,0,0,,Avenida,,ROSARIO,Rosario,Asfalto,S/D,II,Dentro,Urbana,S/D,S/D,Intersección,Bueno,Buena,Atardecer,Buen Tiempo,De alcance,S/D,Colisión,S/D,S/D,S/D,S/D,error,"['Bulevar Nicasio Oroño', 'Ponce']",2,error,,,,,,,,,,
2013,9194,2013-08-23,Viernes,0.0,16:00:00,,0.0,2,"Pickup/Utilitario,Camión",Bv. Oroño 4400,2,1,0,0,1,0,0,,Avenida,,ROSARIO,Rosario,Asfalto,No existe,II,Dentro,Urbana,Ninguna,Funciona,Recta,Bueno,Buena,Diurna,Buen Tiempo,De alcance,S/D,Colisión,S/D,Faltante,Cordón divisorio,Sin restricción,no funciono,['Nicasio Oroñoño 4400'],1,Nicasio Oroñoño 4400,,,,,,,,,,
2013,9221,2013-08-13,Martes,0.0,18:15:00,,0.0,2,"Moto/Ciclomotor,Pickup/Utilitario",Garibaldi Y Esteban de Luca,2,1,0,0,1,0,0,,S/D,,ROSARIO,Rosario,Asfalto,Pavimento,II,Dentro,Urbana,Ninguna,No existe,Intersección,Bueno,Buena,Atardecer,Buen Tiempo,Lateral,S/D,Colisión,S/D,Vertical,Barrera de hormigón,Sin restricción,error,"['José Garibaldi', 'Esteban de Luca']",2,error,,,,,,,,,,
2013,9225,2013-08-06,Martes,0.0,18:00:00,,0.0,2,"Moto/Ciclomotor,Automóvil",Grandoli Y Ameghino,2,1,0,0,1,0,0,,Calle,,ROSARIO,Rosario,Asfalto,No existe,II,Dentro,Urbana,Ninguna,No existe,Intersección,Bueno,Buena,Atardecer,Buen Tiempo,Lateral,S/D,Colisión,S/D,Faltante,Barrera de hormigón,Sin restricción,error,"['Avenida Abanderado Grandoli', 'Ameghino']",2,error,,,,,,,,,,
2013,9243,2013-08-22,Jueves,0.0,18:00:00,,0.0,2,"Automóvil,Camión",San Martin Y Av. Battle y Ordoñez,4,3,0,0,1,0,0,,Avenida,,ROSARIO,Rosario,Asfalto,No existe,II,Dentro,Urbana,Semáforo,Funciona,Rotonda,Bueno,S/D,Diurna,Buen Tiempo,Lateral,S/D,Colisión,S/D,Vertical,Cordón divisorio,Sin restricción,error,"['San Martin', 'Avenida Battle y Ordoñez']",2,error,,,,,,,,,,
2013,9277,2013-08-16,Viernes,0.0,10:30:00,,0.0,2,"Bicicleta,Automóvil",Pje. Raffo 5100,2,1,0,0,1,0,0,,Calle,,ROSARIO,Rosario,Asfalto,No existe,II,S/D,Urbana,Ninguna,No existe,Intersección,Bueno,Buena,Diurna,Buen Tiempo,S/D,S/D,Atropello,S/D,Faltante,Ninguna,Sin restricción,no funciono,['Pasaje Raffo 5100'],1,Pasaje Raffo 5100,,,,,,,,,,
2013,9290,2013-08-28,Miercoles,0.0,23:35:00,,0.0,2,"Moto/Ciclomotor,Automóvil",Mitre Y Ayolas,3,1,0,0,2,0,0,,Calle,,ROSARIO,Rosario,Asfalto,No existe,II,Dentro,Urbana,Marca Vial,No existe,Intersección,Bueno,Buena,Nocturna,Buen Tiempo,Lateral,S/D,Colisión,Otro,Vertical,Línea divisoria pintada,Sin restricción,error,"['Mitre', 'Ayolas']",2,error,,,,,,,,,,
2013,9304,2013-08-06,Martes,0.0,09:15:00,,0.0,2,"Automóvil,Automóvil",Av. Francia Y Av. E.Lopez,2,1,0,0,1,0,0,,Avenida,,ROSARIO,Rosario,Hormigón,No existe,II,Dentro,Urbana,Semáforo,S/D,Recta,Bueno,Buena,Diurna,Buen Tiempo,Contra objeto fijo,S/D,Colisión,S/D,S/D,Cordón divisorio,Sin restricción,error,"['Avenida Francia', 'Lopez']",2,error,,,,,,,,,,
2013,9306,2013-08-20,Martes,0.0,20:00:00,,0.0,2,"Moto/Ciclomotor,Automóvil", ,2,1,0,0,1,0,0,,Calle,,ROSARIO,Rosario,Asfalto,S/D,II,S/D,Urbana,Ninguna,S/D,Recta,S/D,S/D,Nocturna,S/D,Frontal,S/D,Colisión,S/D,Vertical,Ninguna,Sin restricción,,[''],0,,,,,,,,,,,
2013,9308,2013-08-06,Martes,0.0,11:45:00,,0.0,2,"Automóvil,Automóvil",Bv. Oroño Y Ricardo Gutierrez,4,2,0,0,2,0,0,,Calle,,ROSARIO,Rosario,Asfalto,S/D,II,S/D,Urbana,S/D,S/D,Intersección,Bueno,S/D,Diurna,S/D,S/D,S/D,Colisión,S/D,S/D,S/D,S/D,error,"['Bulevar Nicasio Oroño', 'Ricardo Gutierrez']",2,error,,,,,,,,,,
2013,9311,2013-08-14,Miercoles,0.0,14:00:00,,0.0,2,"Moto/Ciclomotor,Automóvil", ,2,1,0,0,1,0,0,,Calle,,ROSARIO,Rosario,Asfalto,No existe,II,Dentro,Urbana,Ninguna,S/D,Recta,S/D,S/D,Nocturna,S/D,Frontal,S/D,Colisión,S/D,S/D,Ninguna,Sin restricción,,[''],0,,,,,,,,,,,
2013,9314,2013-08-11,Domingo,0.0,06:25:00,,0.0,2,"Moto/Ciclomotor,Automóvil",S/D Y S/D,2,1,0,0,1,0,0,,Calle,,ROSARIO,Rosario,Asfalto,No existe,II,Dentro,Urbana,Ninguna,S/D,Recta,S/D,S/D,Nocturna,S/D,Frontal,S/D,Colisión,S/D,S/D,Ninguna,Sin restricción,ambas calles no encontradas,"['/', '/']",2,error,,,,,,,,,,
2013,9343,2013-08-08,Jueves,0.0,16:00:00,,0.0,2,"Moto/Ciclomotor,Automóvil",Bv. Oroño Y Av. Battle y Ordoñez,3,2,0,0,1,0,0,,Calle,,ROSARIO,Rosario,Asfalto,S/D,II,Dentro,Urbana,S/D,S/D,Intersección,S/D,S/D,Atardecer,S/D,S/D,S/D,S/D,S/D,S/D,S/D,S/D,error,"['Bulevar Nicasio Oroño', 'Avenida Battle y Ordoñez']",2,error,,,,,,,,,,
2013,9360,2013-08-03,Sabado,0.0,13:20:00,,0.0,2,"Moto/Ciclomotor,Automóvil",24 De Setiembre 3400,2,1,0,0,1,0,0,,Calle,,ROSARIO,Rosario,Asfalto,No existe,II,Dentro,Urbana,Ninguna,No existe,Intersección,Deteriorada,Buena,Diurna,Buen Tiempo,Lateral,S/D,Colisión,S/D,Faltante,Ninguna,Sin restricción,no funciono,['24 De Setiembre 3400'],1,24 De Setiembre 3400,,,,,,,,,,
2013,9366,2013-08-01,Jueves,0.0,14:00:00,,0.0,2,"Automóvil,Automóvil",Bv. Wilde Y Lamadrid,3,1,0,0,2,0,0,,Calle,,ROSARIO,Rosario,Asfalto,Natural,II,Dentro,Urbana,S/D,Funciona,Recta,Bueno,Buena,Diurna,Buen Tiempo,Frontal,S/D,Colisión,Otro,Faltante,S/D,Sin restricción,error,"['Bulevar Wilde', 'Lamadrid']",2,error,,,,,,,,,,
2013,9388,2013-08-20,Martes,0.0,16:45:00,,0.0,2,"Bicicleta,Automóvil",Pte.Roca 1100,2,1,0,0,1,0,0,,Calle,,ROSARIO,Rosario,Asfalto,S/D,II,Dentro,Urbana,Ninguna,No existe,Recta,Bueno,Buena,Diurna,Buen Tiempo,S/D,S/D,Atropello,S/D,Faltante,Cordón divisorio,Sin restricción,no funciono,['Presidenteroca 1100'],1,Presidenteroca 1100,,,,,,,,,,
2013,9431,2013-08-06,Martes,0.0,10:30:00,,0.0,2,"Bicicleta,Automóvil",Pte.Roca 1000,2,1,0,0,1,0,0,,S/D,,ROSARIO,Rosario,Asfalto,S/D,II,Dentro,Urbana,Ninguna,No existe,Recta,Bueno,Buena,Diurna,Buen Tiempo,S/D,S/D,Atropello,S/D,Faltante,Cordón divisorio,Sin restricción,no funciono,['Presidenteroca 1000'],1,Presidenteroca 1000,,,,,,,,,,
2013,9473,2013-08-05,Lunes,0.0,19:30:00,,0.0,3,"Automóvil,Automóvil,Automóvil",Av. Pellegrini Y Av. Circunvalacion,3,3,0,0,0,0,0,,Avenida,,ROSARIO,Rosario,Asfalto,No existe,II,S/D,Urbana,Ninguna,No existe,Recta,Bueno,Buena,Nocturna,Buen Tiempo,Múltiple,S/D,Colisión,Otro,Faltante,S/D,Sin restricción,error,"['Pellegrini', 'Circunvalacion']",2,error,,,,,,,,,,
2013,9506,2013-08-03,Sabado,0.0,21:40:00,,0.0,2,"Moto/Ciclomotor,Automóvil",Bv. Oroño 1100,2,1,0,0,1,0,0,,Avenida,,ROSARIO,Rosario,Asfalto,S/D,II,Dentro,Urbana,S/D,No existe,Recta,Bueno,Buena,"Nocturna,Con luz artificial",Buen Tiempo,Lateral,S/D,Colisión,S/D,Faltante,Cordón divisorio,Sin restricción,no funciono,['Nicasio Oroñoño 1100'],1,Nicasio Oroñoño 1100,,,,,,,,,,
2013,9555,2013-08-17,Sabado,0.0,19:30:00,,0.0,2,"Moto/Ciclomotor,Automóvil",Pje. Aguirre Y Av. Ntra.Sra.del Rosario,2,1,0,0,1,0,0,,Avenida,,ROSARIO,Rosario,Asfalto,No existe,II,Dentro,Urbana,Ninguna,Funciona,Recta,Bueno,Buena,"Nocturna,Con luz artificial",Buen Tiempo,Lateral,S/D,Colisión,S/D,S/D,Cordón divisorio,S/D,error,"['Aguirre', 'Nuestra Señora del Rosario']",2,error,,,,,,,,,,
2013,9570,2013-08-28,Miercoles,0.0,12:00:00,,0.0,4,"Automóvil,Automóvil,Automóvil,Automóvil", ,4,1,0,0,3,0,0,,S/D,,ROSARIO,Rosario,Asfalto,S/D,II,Dentro,Urbana,S/D,S/D,Intersección,S/D,S/D,Diurna,S/D,S/D,S/D,Colisión,S/D,S/D,Cordón divisorio,S/D,,[''],0,,,,,,,,,,,
2013,9573,2013-08-09,Viernes,0.0,11:45:00,,0.0,2,"Automóvil,Moto/Ciclomotor",Pasco Y Av. Pellegrini,2,1,0,0,1,0,0,,Avenida,,ROSARIO,Rosario,Asfalto,No existe,II,Dentro,Urbana,Semáforo,Funciona,Intersección,Bueno,Buena,Diurna,Buen Tiempo,Lateral,S/D,Colisión,S/D,Horizontal,S/D,Sin restricción,error,"['Pasco', 'Pellegrini']",2,error,,,,,,,,,,
2013,9600,2013-08-27,Martes,0.0,10:30:00,,0.0,2,"Moto/Ciclomotor,Automóvil",Bv. Wilde Y Av. Eva Peron,2,1,0,0,1,0,0,,Calle,,ROSARIO,Rosario,Asfalto,Pavimento,II,Dentro,Urbana,Ninguna,No existe,Intersección,Bueno,Buena,Diurna,Buen Tiempo,Lateral,S/D,Colisión,S/D,Faltante,Cordón divisorio,Sin restricción,error,"['Bulevar Wilde', 'Avenida Eva Perón']",2,error,,,,,,,,,,
2013,9661,2013-08-16,Viernes,0.0,18:00:00,,0.0,2,"Camión,Automóvil",Av. Pte.Peron 8100,2,2,0,0,0,0,0,,Calle,,ROSARIO,Rosario,Asfalto,Pavimento,II,S/D,Urbana,Semáforo,Funciona,Recta,Con baches,Buena,Diurna,Buen Tiempo,Lateral,S/D,Colisión,S/D,S/D,S/D,Sin restricción,no funciono,['Presidenteperon 8100'],1,Presidenteperon 8100,,,,,,,,,,
2013,9668,2013-09-02,Lunes,0.0,11:50:00,,0.0,2,"Pickup/Utilitario,Moto/Ciclomotor",Cordoba Y Pje. 12 De Octubre,2,1,0,0,1,0,0,,Calle,,ROSARIO,Rosario,Asfalto,S/D,II,Dentro,Urbana,S/D,S/D,Intersección,S/D,S/D,S/D,S/D,S/D,S/D,Despiste,S/D,S/D,Cordón divisorio,S/D,error,"['Córdoba', '12 de Octubre']",2,error,,,,,,,,,,
2013,9673,2013-08-22,Jueves,0.0,00:30:00,,0.0,2,"Automóvil,Moto/Ciclomotor",Bv. Wilde Y Av. Eva Peron,2,1,0,0,1,0,0,,Avenida,,ROSARIO,Rosario,Asfalto,Pavimento,II,Dentro,Urbana,Ninguna,No existe,Intersección,Bueno,Buena,Nocturna,Buen Tiempo,De alcance,S/D,Colisión,S/D,Vertical,Cordón divisorio,Sin restricción,error,"['Bulevar Wilde', 'Avenida Eva Perón']",2,error,,,,,,,,,,
2013,9695,2013-08-10,Sabado,0.0,07:30:00,,0.0,2,"Transporte de Pasajeros (H/ 8 asientos),Moto/Ciclomotor",Dean Funes Y Rivarola,2,1,0,0,1,0,0,,Calle,,ROSARIO,Rosario,Asfalto,No existe,II,S/D,Urbana,Otra Señal,No existe,Intersección,Con baches,Buena,Diurna,Buen Tiempo,Lateral,S/D,Colisión,S/D,S/D,S/D,Sin restricción,error,"['Deán Gregorio Funes', 'Rivarola']",2,error,,,,,,,,,,
2013,9696,2013-09-09,Lunes,0.0,,,0.0,2,"Peatón,Automóvil",Pje. Moss 1000,2,1,0,0,1,0,0,,Calle,,ROSARIO,Rosario,Asfalto,S/D,II,S/D,Urbana,S/D,S/D,Intersección,S/D,S/D,S/D,S/D,S/D,S/D,Atropello,S/D,S/D,S/D,S/D,no funciono,['Pasaje Moss 1000'],1,Pasaje Moss 1000,,,,,,,,,,
2013,9711,2013-09-21,Sabado,0.0,,,0.0,2,"Pickup/Utilitario,Moto/Ciclomotor",Cordoba Y Gutenberg,3,1,1,0,1,0,0,,Calle,,ROSARIO,Rosario,Asfalto,S/D,II,Dentro,Urbana,S/D,S/D,Intersección,S/D,S/D,S/D,S/D,S/D,S/D,Colisión,S/D,S/D,S/D,S/D,error,"['Córdoba', 'Gutenberg']",2,error,,,,,,,,,,
2013,9743,2013-08-04,Domingo,0.0,16:00:00,,0.0,2,"Camión,Moto/Ciclomotor",Av. De Las Palmeras Y Av. Uriburu,2,1,0,0,1,0,0,,Calle,,ROSARIO,Rosario,Hormigón,No existe,II,S/D,Urbana,Ninguna,No existe,Intersección,Con baches,Buena,Diurna,Buen Tiempo,Lateral,S/D,Colisión,S/D,S/D,S/D,Sin restricción,error,"['Las Palmas', 'Uriburu']",2,error,,,,,,,,,,
2013,9786,2013-09-27,Viernes,0.0,15:50:00,,0.0,2,"Peatón,Automóvil",Bv. Oroño 1500,2,1,0,0,1,0,0,,Calle,,ROSARIO,Rosario,Asfalto,S/D,II,Dentro,Urbana,Ninguna,S/D,Recta,Bueno,Buena,Diurna,Buen Tiempo,S/D,S/D,Atropello,S/D,Faltante,Cordón divisorio,Sin restricción,no funciono,['Nicasio Oroñoño 1500'],1,Nicasio Oroñoño 1500,,,,,,,,,,
2013,9804,2013-09-22,Domingo,0.0,20:00:00,,0.0,2,"Automóvil,Moto/Ciclomotor",Cordoba Y Parana,3,2,0,0,1,0,0,,Avenida,,ROSARIO,Rosario,Asfalto,S/D,II,Dentro,Urbana,S/D,S/D,Intersección,S/D,S/D,Atardecer,S/D,S/D,S/D,Colisión,S/D,S/D,Cordón divisorio,S/D,error,"['Córdoba', 'Paraná']",2,error,,,,,,,,,,
2013,9809,2013-09-12,Jueves,0.0,16:00:00,,0.0,2,"Taxi/Remis,Bicicleta", ,2,1,0,0,1,0,0,,Calle,,ROSARIO,Rosario,Asfalto,S/D,II,S/D,S/D,S/D,S/D,Intersección,Bueno,Buena,Diurna,Buen Tiempo,S/D,S/D,Atropello,S/D,S/D,S/D,S/D,,[''],0,,,,,,,,,,,
2013,9815,2013-09-14,Sabado,0.0,05:30:00,,0.0,2,"Moto/Ciclomotor,Pickup/Utilitario", ,2,1,0,0,1,0,0,,Calle,,ROSARIO,Rosario,Asfalto,S/D,II,S/D,S/D,S/D,S/D,Intersección,Bueno,Buena,Nocturna,Buen Tiempo,De alcance,S/D,Colisión,S/D,S/D,S/D,S/D,,[''],0,,,,,,,,,,,
2013,9837,2013-09-02,Lunes,0.0,15:40:00,,0.0,2,"Moto/Ciclomotor,Automóvil",Virasoro 1200,3,1,0,0,2,0,0,,Calle,,ROSARIO,Rosario,Asfalto,S/D,II,Dentro,Urbana,S/D,S/D,Recta,Bueno,Buena,Diurna,Buen Tiempo,Lateral,S/D,Colisión,S/D,S/D,S/D,S/D,no funciono,['Virasnicasio Oroño 1200'],1,Virasnicasio Oroño 1200,,,,,,,,,,
2013,9844,2013-09-13,Viernes,0.0,21:20:00,,0.0,2,"Pickup/Utilitario,Moto/Ciclomotor",Ayolas Y Av. Corrientes,2,1,0,0,1,0,0,,Calle,,ROSARIO,Rosario,Asfalto,No existe,II,Dentro,Urbana,Ninguna,No existe,Intersección,Bueno,Buena,Nocturna,Buen Tiempo,Lateral,S/D,Colisión,S/D,Faltante,Ninguna,Sin restricción,error,"['Ayolas', 'Corrientes']",2,error,,,,,,,,,,
2013,9860,2013-09-04,Miercoles,0.0,14:45:00,,0.0,2,"Taxi/Remis,Automóvil",Av. Genova Y Godoy Cruz,3,1,0,0,2,0,0,,Calle,,ROSARIO,Rosario,Asfalto,S/D,II,S/D,S/D,S/D,S/D,Intersección,Bueno,Buena,Diurna,Buen Tiempo,De alcance,S/D,Colisión,S/D,S/D,S/D,S/D,error,"['Genova', 'Avenida Presidente Perón']",2,error,,,,,,,,,,
2013,9871,2013-09-06,Viernes,0.0,18:00:00,,0.0,2,"Bicicleta,Automóvil",Entre Rios Y Av. Corrientes,3,1,0,0,2,0,0,,Calle,,ROSARIO,Rosario,Asfalto,No existe,II,S/D,Urbana,S/D,S/D,Intersección,Bueno,Buena,Diurna,Buen Tiempo,S/D,S/D,Atropello,S/D,S/D,S/D,S/D,error,"['Entre Ríos', 'Corrientes']",2,error,,,,,,,,,,
2013,9873,2013-09-09,Lunes,0.0,08:30:00,,0.0,2,"Automóvil,Moto/Ciclomotor", ,2,1,0,0,1,0,0,,Calle,,ROSARIO,Rosario,Asfalto,S/D,II,Dentro,Urbana,S/D,S/D,Intersección,Bueno,S/D,S/D,Buen Tiempo,De alcance,S/D,Colisión,S/D,S/D,S/D,S/D,,[''],0,,,,,,,,,,,
2013,9879,2013-09-01,Domingo,1.0,20:10:00,,0.0,2,"Automóvil,Automóvil",Sarmiento Y Olegario V.Andrade,3,2,0,0,1,0,0,,S/D,,ROSARIO,Rosario,Asfalto,No existe,II,S/D,S/D,S/D,No existe,Intersección,Bueno,Buena,Nocturna,Buen Tiempo,Lateral,S/D,Colisión,S/D,Faltante,Ninguna,Sin restricción,error,"['Sarmiento', 'Olegario V Andrade']",2,error,,,,,,,,,,
2013,9894,2013-09-05,Jueves,0.0,08:50:00,,0.0,2,"Automóvil,Moto/Ciclomotor",Bv. Segui Y Coulin,3,3,0,0,0,0,0,,Avenida,,ROSARIO,Rosario,Asfalto,No existe,II,S/D,Urbana,Ninguna,No existe,Recta,Bueno,Buena,Diurna,Buen Tiempo,S/D,S/D,Colisión,S/D,Faltante,Ninguna,Sin restricción,error,"['Bulevar Juan Francisco Seguí', 'Coulin']",2,error,,,,,,,,,,
2013,9930,2013-09-05,Jueves,1.0,14:00:00,,0.0,2,"Moto/Ciclomotor,Automóvil",Casilda Y Laprida,2,1,0,0,1,0,0,,Calle,,ROSARIO,Rosario,Asfalto,No existe,II,Dentro,Urbana,Marca Vial,No existe,Recta,Bueno,Buena,Diurna,Buen Tiempo,Lateral,S/D,Colisión,Otro,Horizontal,S/D,Sin restricción,error,"['Casilda', 'Laprida']",2,error,,,,,,,,,,
2013,9951,2013-09-06,Viernes,0.0,20:30:00,,0.0,2,"Moto/Ciclomotor,Automóvil",Av. Francia Y F.Flynn Bis,2,1,0,0,1,0,0,,Calle,,ROSARIO,Rosario,Asfalto,No existe,II,Dentro,Urbana,Ninguna,No existe,Intersección,Bueno,Buena,Nocturna,Buen Tiempo,Lateral,S/D,Colisión,S/D,Faltante,Ninguna,Sin restricción,error,"['Avenida Francia', 'Flynn']",2,error,,,,,,,,,,
2013,9958,2013-09-11,Miercoles,0.0,16:45:00,,0.0,2,"Bicicleta,Automóvil",Lavalle Y Av. Arijon,2,1,0,0,1,0,0,,Avenida,,ROSARIO,Rosario,Asfalto,S/D,II,S/D,Urbana,S/D,S/D,Intersección,Bueno,Buena,Diurna,S/D,S/D,S/D,Atropello,S/D,S/D,S/D,S/D,error,"['Lavalle', 'Avenida Manuel Arijón']",2,error,,,,,,,,,,
2013,9979,2013-09-15,Domingo,0.0,10:30:00,,0.0,2,"Pickup/Utilitario,Automóvil",Garibaldi Y Bv. Avellaneda,2,2,0,0,0,0,0,,Avenida,,ROSARIO,Rosario,Asfalto,No existe,II,Dentro,Urbana,Ninguna,No existe,Intersección,Bueno,Buena,Diurna,Buen Tiempo,S/D,S/D,Colisión,S/D,Faltante,Barrera de hormigón,Sin restricción,error,"['José Garibaldi', 'Avellaneda']",2,error,,,,,,,,,,
2013,9999,2013-09-23,Lunes,0.0,13:45:00,,0.0,2,"Moto/Ciclomotor,Taxi/Remis",Av. Ovidio Lagos Y Pje. publico,2,1,0,0,1,0,0,,Avenida,,ROSARIO,Rosario,Asfalto,No existe,II,Dentro,Urbana,Ninguna,No existe,Intersección,Deteriorada,Buena,Diurna,Buen Tiempo,S/D,S/D,Colisión,S/D,Faltante,Barrera de hormigón,Sin restricción,sec calles no encontradas,"['Avenida Ovidio Lagos', 'Publico']",2,error,,,,,,,,,,
2013,10015,2013-09-24,Martes,0.0,03:30:00,,0.0,2,"Moto/Ciclomotor,Automóvil",Buenos Aires Y Rafael Arrieta,2,1,0,0,1,0,0,,Calle,,ROSARIO,Rosario,Asfalto,No existe,II,Dentro,Urbana,Marca Vial,No existe,Intersección,Bueno,Buena,"Nocturna,Con luz artificial",Buen Tiempo,Lateral,S/D,Colisión,S/D,Horizontal,Ninguna,Sin restricción,error,"['Buenos Aires', 'Rafael Arrieta']",2,error,,,,,,,,,,
2013,10068,2013-09-11,Miercoles,0.0,09:00:00,,0.0,2,"Moto/Ciclomotor,Automóvil",Bv. Oroño Y Av. Battle y Ordoñez,2,1,0,0,1,0,0,,Avenida,,ROSARIO,Rosario,Asfalto,S/D,II,Dentro,Urbana,S/D,S/D,S/D,Bueno,S/D,Diurna,S/D,S/D,S/D,Colisión,S/D,S/D,S/D,S/D,error,"['Bulevar Nicasio Oroño', 'Avenida Battle y Ordoñez']",2,error,,,,,,,,,,
2013,10447,2013-09-21,Sabado,0.0,,,0.0,2,"Automóvil,Moto/Ciclomotor",P.L.Funes Y Velez Sarsfield,3,2,0,0,1,0,0,,Calle,,ROSARIO,Rosario,S/D,S/D,II,Dentro,Urbana,S/D,S/D,S/D,S/D,S/D,S/D,S/D,S/D,S/D,S/D,S/D,S/D,S/D,S/D,error,"['Funes', 'Vélez Sarsfield']",2,error,,,,,,,,,,
2013,10461,2013-09-25,Miercoles,0.0,17:40:00,,0.0,2,"Moto/Ciclomotor,Automóvil",Olmos Bis 900,2,1,0,0,1,0,0,,Calle,,ROSARIO,Rosario,Asfalto,Pavimento,II,Dentro,Urbana,Ninguna,No existe,Recta,Bueno,Buena,Diurna,Buen Tiempo,Lateral,S/D,Colisión,S/D,Faltante,Ninguna,Sin restricción,no funciono,['Olmos Bis 900'],1,Olmos Bis 900,,,,,,,,,,
2013,10475,2013-09-24,Martes,0.0,15:00:00,,0.0,3,"Camión,Camión,Vehículo Oficial",Av. Circunvalacion Y Av. Pellegrini,4,2,0,0,2,0,0,,Avenida,,ROSARIO,Rosario,Asfalto,Natural,II,Dentro,Urbana,Ninguna,No existe,Intersección,Bueno,Buena,Diurna,Buen Tiempo,Múltiple,S/D,Colisión,Otro,Faltante,S/D,Sin restricción,error,"['Circunvalacion', 'Pellegrini']",2,error,,,,,,,,,,
2013,10503,2013-09-29,Domingo,0.0,08:00:00,,0.0,1,Automóvil,Bv. Wilde Y Av. Eva Peron,4,4,0,0,0,0,0,,Avenida,,ROSARIO,Rosario,Asfalto,Pavimento,II,S/D,Urbana,Ninguna,No existe,Rotonda,Bueno,Buena,Diurna,Buen Tiempo,Contra objeto fijo,S/D,Colisión,S/D,Faltante,Ninguna,Sin restricción,error,"['Bulevar Wilde', 'Avenida Eva Perón']",2,error,,,,,,,,,,
2013,10551,2013-09-08,Domingo,0.0,16:20:00,,0.0,2,"Pickup/Utilitario,Moto/Ciclomotor",Warnes Y Sarmiento,2,2,0,0,0,0,0,,Calle,,ROSARIO,Rosario,Asfalto,Pavimento,II,Dentro,Urbana,Ninguna,S/D,Recta,Bueno,S/D,Diurna,S/D,Frontal,S/D,Colisión,S/D,S/D,Ninguna,Sin restricción,error,"['Warnes', 'Sarmiento']",2,error,,,,,,,,,,
2013,10554,2013-09-20,Viernes,0.0,09:30:00,,0.0,2,"Moto/Ciclomotor,Pickup/Utilitario",BV AVELLANEDA Y VIADUCTO,2,1,0,0,1,0,0,,Calle,,ROSARIO,Rosario,Asfalto,No existe,II,Dentro,Urbana,Ninguna,S/D,Recta,Bueno,Buena,Diurna,Buen Tiempo,S/D,S/D,"Caída ocupante,Colisión",S/D,S/D,Ninguna,Sin restricción,error,"['Avellaneda', 'Viaducto']",2,error,,,,,,,,,,
2013,10576,2013-09-06,Viernes,0.0,16:00:00,,0.0,2,"Automóvil,Automóvil",Callao Y Rodriguez,3,2,0,0,1,0,0,,Calle,,ROSARIO,Rosario,Asfalto,Pavimento,II,Dentro,Urbana,S/D,S/D,Recta,Bueno,Buena,Diurna,Buen Tiempo,Lateral,S/D,Colisión,S/D,S/D,Ninguna,Sin restricción,error,"['Callao', 'Rodríguez']",2,error,,,,,,,,,,
2013,10728,2013-10-01,Martes,0.0,18:00:00,,0.0,2,"Moto/Ciclomotor,Automóvil",Av. Genova Y Olmos Bis,2,1,0,0,1,0,0,,Calle,,ROSARIO,Rosario,Asfalto,No existe,II,Dentro,Urbana,Otra Señal,No existe,Recta,Bueno,Buena,Diurna,Buen Tiempo,De alcance,S/D,Colisión,S/D,Horizontal,S/D,Sin restricción,error,"['Genova', 'Los Olmos']",2,error,,,,,,,,,,
2013,10784,2013-10-01,Martes,0.0,21:35:00,,0.0,2,"Automóvil,Moto/Ciclomotor",Av. Genova Y Olmos Bis,2,1,0,0,1,0,0,,Calle,,ROSARIO,Rosario,Asfalto,No existe,II,Dentro,Rural,S/D,No existe,Recta,Bueno,Buena,Nocturna,Buen Tiempo,Frontal,S/D,Colisión,S/D,S/D,Ninguna,Sin restricción,error,"['Genova', 'Los Olmos']",2,error,,,,,,,,,,
2013,10787,2013-10-09,Miercoles,0.0,11:20:00,,0.0,2,"Automóvil,Moto/Ciclomotor",Canal Ibarlucea Y Saavedra,2,1,0,0,1,0,0,,Calle,,ROSARIO,Rosario,Asfalto,S/D,II,S/D,Urbana,Ninguna,No existe,Intersección,Bueno,Buena,Diurna,Buen Tiempo,De alcance,S/D,Colisión,S/D,S/D,Cordón divisorio,Sin restricción,error,"['Ibarlucea', 'Saavedra']",2,error,,,,,,,,,,
2013,10795,2013-10-08,Martes,0.0,13:00:00,,0.0,2,"Automóvil,Taxi/Remis",Pte.Roca 500,2,1,0,0,1,0,0,,Calle,,ROSARIO,Rosario,Asfalto,No existe,II,Dentro,Urbana,Ninguna,S/D,Recta,Bueno,Buena,Diurna,Buen Tiempo,Lateral,S/D,Colisión,S/D,Faltante,Ninguna,Sin restricción,no funciono,['Presidenteroca 500'],1,Presidenteroca 500,,,,,,,,,,