anio_acci,nro_acci,fecha,desc_dia,fecha_aprox,hora_aprox,desc_ruta,km,cant_participantes,desc_participante,calle_avenida_km,total,heridos_leves,heridos_graves,heridos_gravisimos,ilesos,fallecidos,sin_datos,posicion_XY,desc_tipo_via,desc_ruta_ori,desc_loc,desc_dpto,desc_tipo_calzada,desc_tipo_banquina,desc_unidad_regional,desc_lugar_calzada,desc_zona,desc_prioridad,desc_estado_semaforo,desc_lugar_via,desc_estado_via,desc_estado_visibilidad,desc_luminosidad,desc_estado_clima,desc_tipo_colision,desc_tipo_atropello,desc_tipo_hecho,desc_pres_calzada,desc_senializacion,desc_separacion_via,desc_restriccion,forma_geocod,calle_lista,numero_calles,calles_osm,lat,lon,index_right,gid,fna,gna,nam,in1,fdc,sag
2013,10797,2013-10-26,Sabado,0.0,21:00:00,,0.0,2,"Moto/Ciclomotor,Automóvil",Gonzalez del Solar Bis 1300,3,1,0,0,2,0,0,,Calle,,ROSARIO,Rosario,Asfalto,S/D,II,Dentro,Urbana,S/D,S/D,Recta,S/D,S/D,Nocturna,S/D,S/D,S/D,Colisión,S/D,S/D,S/D,S/D,no funciono,['Gonzalez Del Solar Bis 1300'],1,Gonzalez Del Solar Bis 1300,,,,,,,,,,
2013,10808,2013-10-17,Jueves,0.0,08:00:00,,0.0,2,"Pickup/Utilitario,Camión",Av. Circunvalacion Y Av. Pellegrini,2,1,0,0,1,0,0,,Avenida,,ROSARIO,Rosario,S/D,S/D,II,S/D,S/D,S/D,S/D,S/D,S/D,S/D,S/D,S/D,S/D,S/D,S/D,S/D,S/D,S/D,S/D,error,"['Circunvalacion', 'Pellegrini']",2,error,,,,,,,,,,
2013,10813,2013-10-15,Martes,0.0,16:30:00,,0.0,2,"Moto/Ciclomotor,Pickup/Utilitario",Av. Circunvalacion Bis 1400 ,2,1,0,0,1,0,0,,Avenida,,ROSARIO,Rosario,Asfalto,Ripio,II,Dentro,S/D,S/D,No existe,Recta,Bueno,S/D,Diurna,S/D,S/D,S/D,Colisión,S/D,S/D,S/D,S/D,no funciono,['Circunvalacion Bis 1400'],1,Circunvalacion Bis 1400,,,,,,,,,,
2013,10823,2013-10-21,Lunes,0.0,16:50:00,,0.0,2,"Pickup/Utilitario,Moto/Ciclomotor",Av. Circunvalacion Y Av. Pellegrini,3,2,0,0,1,0,0,,Avenida,,ROSARIO,Rosario,S/D,Natural,II,Fuera,Urbana,S/D,No existe,Recta,Otro,Buena,Diurna,Buen Tiempo,Lateral,S/D,Colisión,S/D,Faltante,S/D,Sin restricción,error,"['Circunvalacion', 'Pellegrini']",2,error,,,,,,,,,,
2013,10828,2013-10-09,Miercoles,0.0,13:00:00,,0.0,2,"Automóvil,Moto/Ciclomotor",Santa Maria De Oro Bis Y Filiberto,3,2,0,0,1,0,0,,Calle,,ROSARIO,Rosario,Asfalto,No existe,II,Dentro,Urbana,Ninguna,No existe,Recta,Con baches,Buena,Diurna,Buen Tiempo,Otro,S/D,Colisión,S/D,S/D,Ninguna,S/D,error,"['Santa María de Oro', 'Filiberto']",2,error,,,,,,,,,,
2013,10831,2013-10-05,Sabado,0.0,23:10:00,,0.0,2,"Automóvil,Automóvil",Av. Wheelwright Y Alvear,3,2,0,0,1,0,0,,Calle,,ROSARIO,Rosario,Asfalto,No existe,II,Dentro,Urbana,Ninguna,No existe,Intersección,Bueno,Buena,"Nocturna,Con luz artificial",Buen Tiempo,De alcance,S/D,Colisión,S/D,Faltante,Ninguna,Sin restricción,error,"['Avenida Guillermo Wheelwright', 'Alvear']",2,error,,,,,,,,,,
2013,10868,2013-10-24,Jueves,0.0,13:00:00,,0.0,2,"Moto/Ciclomotor,Automóvil",Fornells Y Pje. 12 De Octubre,2,2,0,0,0,0,0,,Calle,,ROSARIO,Rosario,Asfalto,No existe,II,Dentro,Urbana,Ninguna,No existe,Recta,Deteriorada,Buena,Diurna,Buen Tiempo,Lateral,S/D,Colisión,Otro,Faltante,Ninguna,Sin restricción,error,"['Fornells', '12 de Octubre']",2,error,,,,,,,,,,
2013,10926,2013-10-27,Domingo,0.0,09:30:00,,0.0,2,"Bicicleta,Pickup/Utilitario",Pte.Roca 900,2,1,0,0,1,0,0,,Calle,,ROSARIO,Rosario,Asfalto,S/D,II,Dentro,Urbana,Ninguna,No existe,Recta,Bueno,Buena,Diurna,Buen Tiempo,S/D,S/D,Atropello,S/D,Faltante,Cordón divisorio,Sin restricción,no funciono,['Presidenteroca 900'],1,Presidenteroca 900,,,,,,,,,,
2013,10967,2013-10-26,Sabado,0.0,15:00:00,,0.0,2,"Automóvil,Automóvil",Urquiza Y Sarmiento,2,2,0,0,0,0,0,,Calle,,ROSARIO,Rosario,Asfalto,No existe,II,Dentro,Urbana,Ninguna,No existe,Intersección,Bueno,Buena,Diurna,Buen Tiempo,Frontal,S/D,Colisión,S/D,Faltante,Ninguna,Sin restricción,error,"['Urquiza', 'Sarmiento']",2,error,,,,,,,,,,
2013,10996,2013-10-06,Domingo,0.0,11:30:00,,0.0,2,"Automóvil,Moto/Ciclomotor",Mendoza Y Av. Provincias Unidas,3,2,0,0,1,0,0,,Avenida,,ROSARIO,Rosario,Asfalto,No existe,II,Dentro,Urbana,Semáforo,Funciona,Intersección,Bueno,Buena,Diurna,Buen Tiempo,Lateral,S/D,Colisión,S/D,Horizontal,Cordón divisorio,Sin restricción,error,"['Mendoza', 'Avenida Provincias Unidas']",2,error,,,,,,,,,,
2013,11008,2013-10-21,Lunes,0.0,23:00:00,,0.0,2,"Moto/Ciclomotor,Otros",Biedma Y Camilo Aldao,2,1,0,0,1,0,0,,Calle,,ROSARIO,Rosario,Asfalto,No existe,II,Dentro,Urbana,Ninguna,No existe,Intersección,Otro,Reducida,Nocturna,Otro,Lateral,S/D,Colisión,Otro,Faltante,Ninguna,Sin restricción,error,"['Coronel Biedma', 'Camilo Aldao']",2,error,,,,,,,,,,
2013,11013,2013-10-26,Sabado,0.0,16:00:00,,0.0,2,"Pickup/Utilitario,Tracción animal / Carro",Av. Pte.Peron 7400,2,0,1,0,1,0,0,,Calle,,ROSARIO,Rosario,Asfalto,Natural,II,S/D,Urbana,Marca Vial,No existe,Intersección,Con baches,Buena,Diurna,Buen Tiempo,Lateral,S/D,Colisión,S/D,S/D,S/D,Sin restricción,no funciono,['Presidenteperon 7400'],1,Presidenteperon 7400,,,,,,,,,,
2013,11017,2013-10-23,Miercoles,0.0,10:30:00,,0.0,2,"Camión,Moto/Ciclomotor",Av. Pte.Peron 8300,3,2,1,0,0,0,0,,Calle,,ROSARIO,Rosario,Asfalto,Pavimento,II,S/D,Urbana,Marca Vial,No existe,Recta,Resbaladiza,Buena,Diurna,Buen Tiempo,Lateral,S/D,Colisión,S/D,S/D,S/D,Sin restricción,no funciono,['Presidenteperon 8300'],1,Presidenteperon 8300,,,,,,,,,,
2013,11019,2013-10-02,Miercoles,0.0,09:00:00,,0.0,2,"Moto/Ciclomotor,Automóvil",Bv. Oroño 1600,2,1,0,0,1,0,0,,Avenida,,ROSARIO,Rosario,Asfalto,No existe,II,Dentro,Urbana,Ninguna,No existe,Recta,Bueno,Buena,Diurna,Buen Tiempo,Frontal,S/D,Colisión,S/D,Faltante,Cordón divisorio,Sin restricción,no funciono,['Nicasio Oroñoño 1600'],1,Nicasio Oroñoño 1600,,,,,,,,,,
2013,11074,2013-10-24,Jueves,0.0,09:45:00,,0.0,2,"Bicicleta,Automóvil",Pte.Roca 1200,2,1,0,0,1,0,0,,Calle,,ROSARIO,Rosario,Asfalto,S/D,II,Dentro,Urbana,Ninguna,No existe,Recta,Bueno,Buena,Diurna,Buen Tiempo,Lateral,S/D,Atropello,S/D,Faltante,Cordón divisorio,Sin restricción,no funciono,['Presidenteroca 1200'],1,Presidenteroca 1200,,,,,,,,,,
2013,11095,2013-10-09,Miercoles,0.0,17:00:00,,0.0,2,"Pickup/Utilitario,Moto/Ciclomotor",Rivarola Y J.Colombres,2,2,0,0,0,0,0,,Calle,,ROSARIO,Rosario,Asfalto,Natural,II,Dentro,Urbana,Ninguna,No existe,Intersección,Con baches,Buena,Diurna,Buen Tiempo,Lateral,S/D,Colisión,S/D,S/D,S/D,Sin restricción,error,"['Rivarola', 'José Colombres']",2,error,,,,,,,,,,
2013,11159,2013-10-29,Martes,0.0,13:45:00,,0.0,1,Moto/Ciclomotor,Av. Belgrano Y Bv. 27 De Febrero,1,1,0,0,0,0,0,,Avenida,,ROSARIO,Rosario,Asfalto,No existe,II,Dentro,Urbana,Ninguna,No existe,Intersección,Otro,Buena,Diurna,Buen Tiempo,S/D,S/D,Caída ocupante,S/D,S/D,Ninguna,Obra en Construcción,error,"['Belgrano', '27 de Febrero']",2,error,,,,,,,,,,
2013,11164,2013-10-02,Miercoles,0.0,06:45:00,,0.0,2,"Automóvil,Automóvil",MATIESEVICH Y BOGGRIES,4,4,0,0,0,0,0,,Calle,,ROSARIO,Rosario,Asfalto,No existe,II,Dentro,Urbana,Ninguna,No existe,Intersección,Deteriorada,Buena,Amanecer,Buen Tiempo,De alcance,S/D,Colisión,S/D,Faltante,Ninguna,Sin restricción,ambas calles no encontradas,"['Matiesevich', 'Boggries']",2,error,,,,,,,,,,
2013,11169,2013-10-02,Miercoles,0.0,20:40:00,,0.0,2,"Moto/Ciclomotor,Automóvil", ,2,1,0,0,1,0,0,,Calle,,ROSARIO,Rosario,Asfalto,S/D,II,Dentro,Urbana,S/D,S/D,S/D,S/D,Buena,Nocturna,S/D,Otro,S/D,S/D,S/D,S/D,S/D,S/D,,[''],0,,,,,,,,,,,
2013,11182,2013-10-11,Viernes,0.0,17:30:00,,0.0,2,"Moto/Ciclomotor,Camión",Cazadores Y Pje. Tehuelche,3,2,0,0,1,0,0,,Calle,,ROSARIO,Rosario,Asfalto,S/D,II,Dentro,Urbana,S/D,S/D,Intersección,Bueno,Buena,Atardecer,S/D,S/D,S/D,Colisión,S/D,S/D,S/D,S/D,error,"['Cazadores', 'Tehuelches']",2,error,,,,,,,,,,
2013,11260,2013-10-07,Lunes,0.0,,,0.0,1,Automóvil, ,2,2,0,0,0,0,0,,S/D,,ROSARIO,Rosario,S/D,S/D,II,S/D,S/D,S/D,S/D,Recta,S/D,S/D,S/D,S/D,S/D,S/D,S/D,S/D,S/D,S/D,S/D,,[''],0,,,,,,,,,,,
2013,11288,2013-10-29,Martes,0.0,14:00:00,,0.0,2,"Peatón,Automóvil",Barra Bis 900,2,1,0,0,1,0,0,,Calle,,ROSARIO,Rosario,Asfalto,No existe,II,Dentro,Urbana,S/D,No existe,Recta,Bueno,Buena,S/D,Buen Tiempo,Frontal,S/D,Atropello,S/D,S/D,S/D,S/D,no funciono,['Barra Bis 900'],1,Barra Bis 900,,,,,,,,,,
2013,11326,2013-10-09,Miercoles,0.0,14:05:00,,0.0,2,"Moto/Ciclomotor,Automóvil",Av. Ovidio Lagos Y Lavalle,3,2,0,0,1,0,0,,Avenida,,ROSARIO,Rosario,Asfalto,Pavimento,II,Dentro,Urbana,Semáforo,Funciona,Recta,Bueno,Buena,Diurna,Lluvia,Frontal,S/D,Colisión,S/D,Vertical,Ninguna,S/D,error,"['Avenida Ovidio Lagos', 'Lavalle']",2,error,,,,,,,,,,
2013,11365,2013-10-22,Martes,0.0,16:15:00,,0.0,2,"Moto/Ciclomotor,Automóvil",Av. Del Valle Y Ricchieri,2,1,0,0,1,0,0,,Calle,,ROSARIO,Rosario,Asfalto,No existe,II,Dentro,Urbana,Semáforo,Funciona,Recta,Bueno,Buena,Diurna,Buen Tiempo,Otro,S/D,Colisión,Otro,Horizontal,Ninguna,Sin restricción,error,"['Del Valle', 'Ricchieri']",2,error,,,,,,,,,,
2013,11382,2013-10-17,Jueves,0.0,02:30:00,,0.0,2,"Moto/Ciclomotor,Automóvil",Gurruchaga Y Costanera,3,2,0,0,1,0,0,,Calle,,ROSARIO,Rosario,Asfalto,Pavimento,II,Dentro,Urbana,Semáforo,Funciona,Recta,Bueno,Buena,Nocturna,Buen Tiempo,Otro,S/D,Colisión,Otro,Horizontal,Cordón divisorio,Sin restricción,error,"['Gurruchaga', 'Costanera']",2,error,,,,,,,,,,
2013,11386,2013-10-22,Martes,0.0,15:00:00,,0.0,2,"Peatón,Moto/Ciclomotor",GUILLERMO TELL 400,2,1,0,0,1,0,0,,Calle,,ROSARIO,Rosario,Asfalto,No existe,II,Dentro,Urbana,Marca Vial,No existe,Recta,Bueno,Buena,Diurna,Buen Tiempo,S/D,S/D,Atropello,S/D,Horizontal,Cordón divisorio,Sin restricción,no funciono,['Guillermo Tell 400'],1,Guillermo Tell 400,,,,,,,,,,
2013,11388,2013-10-08,Martes,0.0,09:30:00,,0.0,2,"Automóvil,Moto/Ciclomotor",J.Colombres Y Gurruchaga,3,2,0,0,1,0,0,,Avenida,,ROSARIO,Rosario,S/D,S/D,II,S/D,Urbana,S/D,S/D,S/D,S/D,S/D,S/D,S/D,S/D,S/D,S/D,S/D,S/D,S/D,S/D,error,"['José Colombres', 'Gurruchaga']",2,error,,,,,,,,,,
2013,11402,2013-10-27,Domingo,0.0,02:30:00,,0.0,2,"Moto/Ciclomotor,Automóvil",Av. Sorrento Y Av. Sorrento,3,2,0,0,1,0,0,,Avenida,,ROSARIO,Rosario,Asfalto,No existe,II,Dentro,Urbana,Semáforo,Funciona,Intersección,Bueno,Buena,Nocturna,Buen Tiempo,S/D,S/D,S/D,Otro,Horizontal,Cordón divisorio,Sin restricción,error,"['Sorrento', 'Sorrento']",2,error,,,,,,,,,,
2013,11496,2013-10-23,Miercoles,0.0,08:00:00,,0.0,2,"Automóvil,Pickup/Utilitario",Agrelo Y Gurruchaga,2,1,0,0,1,0,0,,Calle,,ROSARIO,Rosario,Asfalto,No existe,II,Dentro,Urbana,Ninguna,No existe,Intersección,Bueno,Buena,Diurna,Buen Tiempo,Frontal,S/D,Colisión,Otro,Horizontal,Ninguna,Sin restricción,error,"['Agrela', 'Gurruchaga']",2,error,,,,,,,,,,
2013,11509,2013-10-03,Jueves,0.0,22:30:00,,0.0,2,"Pickup/Utilitario,Tracción animal / Carro", ,2,1,0,0,1,0,0,,Calle,,ROSARIO,Rosario,Asfalto,No existe,II,Dentro,Urbana,Ninguna,No existe,Intersección,Bueno,Buena,Nocturna,Buen Tiempo,De alcance,S/D,Colisión,S/D,Faltante,Ninguna,Sin restricción,,[''],0,,,,,,,,,,,
2013,11516,2013-10-04,Viernes,0.0,18:30:00,,0.0,1,Moto/Ciclomotor,Mr.Ross Y Bv. Oroño,1,1,0,0,0,0,0,,Avenida,,ROSARIO,Rosario,Asfalto,No existe,II,Dentro,Urbana,Ninguna,No existe,Recta,Bueno,Buena,Diurna,Buen Tiempo,Contra objeto fijo,S/D,Colisión,S/D,S/D,Ninguna,Sin restricción,error,"['Rodrigo M. Ross', 'Bulevar Nicasio Oroño']",2,error,,,,,,,,,,
2013,11518,2013-10-26,Sabado,0.0,00:10:00,,0.0,2,"Automóvil,Peatón",Av. Ovidio Lagos Y Lavalle,3,2,0,0,1,0,0,,Avenida,,ROSARIO,Rosario,S/D,S/D,II,Dentro,Urbana,S/D,S/D,Intersección,S/D,S/D,Nocturna,S/D,S/D,S/D,Atropello,S/D,S/D,Cordón divisorio,S/D,error,"['Avenida Ovidio Lagos', 'Lavalle']",2,error,,,,,,,,,,
2013,11530,2013-10-12,Sabado,0.0,11:25:00,,0.0,2,"Pickup/Utilitario,Moto/Ciclomotor", ,3,1,0,0,2,0,0,,Avenida,,ROSARIO,Rosario,S/D,S/D,II,Dentro,Urbana,S/D,S/D,S/D,S/D,S/D,S/D,S/D,S/D,S/D,S/D,S/D,S/D,S/D,S/D,,[''],0,,,,,,,,,,,
2013,11555,2013-10-10,Jueves,0.0,03:30:00,,0.0,1,Moto/Ciclomotor,Bv. Oroño 4500,1,1,0,0,0,0,0,,Calle,,ROSARIO,Rosario,Asfalto,No existe,II,Dentro,Urbana,Ninguna,No existe,Recta,Bueno,Buena,Nocturna,Buen Tiempo,Contra objeto fijo,S/D,Colisión,S/D,Faltante,Ninguna,Sin restricción,no funciono,['Nicasio Oroñoño 4500'],1,Nicasio Oroñoño 4500,,,,,,,,,,
2013,11566,2013-10-10,Jueves,0.0,08:10:00,,0.0,2,"Automóvil,Moto/Ciclomotor",San Martin Y Olegario V.Andrade,3,2,0,0,1,0,0,,Avenida,,ROSARIO,Rosario,Asfalto,No existe,II,Dentro,Urbana,Ninguna,No existe,Intersección,Bueno,Buena,Diurna,Buen Tiempo,Lateral,S/D,Colisión,S/D,Faltante,Ninguna,Sin restricción,error,"['San Martin', 'Olegario V Andrade']",2,error,,,,,,,,,,
2013,11568,2013-10-08,Martes,0.0,,,0.0,2,"Otros,Moto/Ciclomotor",Salvat Y Reg.11 de Infanteria,2,1,0,0,0,0,1,,Calle,,ROSARIO,Rosario,Asfalto,No existe,II,Dentro,Urbana,Ninguna,No existe,Intersección,Bueno,Buena,Nocturna,S/D,Lateral,S/D,Colisión,S/D,S/D,Ninguna,Sin restricción,error,"['Salvat', 'Regimiento 11']",2,error,,,,,,,,,,
2013,11578,2013-10-04,Viernes,0.0,20:00:00,,0.0,2,"Automóvil,Otros",HIPOLITO IRIGOYEN Y VIAS FERREAS DEL FERROCARRIL MITRE,2,1,0,0,1,0,0,,Calle,,ROSARIO,Rosario,Asfalto,No existe,II,Dentro,Urbana,Ninguna,S/D,Paso a Nivel FFCC,Bueno,Buena,Nocturna,Buen Tiempo,De alcance,S/D,Colisión,Otro,Horizontal,Ninguna,Sin restricción,sec calles no encontradas,"['Avenida Hipólito Irigoyen', 'Vias Ferreas Del Ferrocarril Mitre']",2,error,,,,,,,,,,
2013,11602,2013-10-11,Viernes,0.0,18:20:00,,0.0,7,"Automóvil,Automóvil,Automóvil,Automóvil,Automóvil,Automóvil,Automóvil",Sarmiento Y Uruguay,10,3,0,0,3,0,4,,Calle,,ROSARIO,Rosario,Asfalto,No existe,II,Dentro,Urbana,Ninguna,No existe,Intersección,Bueno,Buena,Diurna,Buen Tiempo,Múltiple,S/D,Colisión,S/D,Faltante,Ninguna,Sin restricción,error,"['Sarmiento', 'Uruguay']",2,error,,,,,,,,,,
2013,11603,2013-10-31,Jueves,0.0,14:45:00,,0.0,2,"Pickup/Utilitario,Camión",Bv. Oroño 4100,2,1,0,0,1,0,0,,Avenida,,ROSARIO,Rosario,Asfalto,No existe,II,S/D,Urbana,Ninguna,No existe,Recta,Bueno,Buena,Diurna,Buen Tiempo,De alcance,S/D,"Aplastamiento,Colisión",S/D,Faltante,Ninguna,Sin restricción,no funciono,['Nicasio Oroñoño 4100'],1,Nicasio Oroñoño 4100,,,,,,,,,,
2013,11656,2013-09-23,Lunes,0.0,17:30:00,,0.0,2,"Bicicleta,Otros",Av. Sorrento altura travesia ,3,0,0,0,0,0,3,,Avenida,,ROSARIO,Rosario,Asfalto,S/D,II,Dentro,Urbana,Ninguna,S/D,Recta,S/D,S/D,Diurna,S/D,S/D,S/D,Atropello,S/D,S/D,Ninguna,Sin restricción,no funciono,['Sorrento Altura Travesia'],1,Sorrento Altura Travesia,,,,,,,,,,
2013,11933,2013-11-29,Viernes,0.0,19:40:00,,0.0,2,"Automóvil,Bicicleta",BV OROÑO Y MORCILLO,2,1,0,0,1,0,0,,Avenida,,ROSARIO,Rosario,S/D,S/D,II,Dentro,Urbana,S/D,No existe,Intersección,S/D,Buena,Atardecer,S/D,S/D,S/D,Atropello,S/D,Vertical,Guardarrail,S/D,error,"['Bulevar Nicasio Oroño', 'Gordillo']",2,error,,,,,,,,,,
2013,11941,2013-11-18,Lunes,0.0,,,0.0,2,"Automóvil,Automóvil",Pte.Roca 2200,2,1,0,0,1,0,0,,Calle,,ROSARIO,Rosario,Asfalto,S/D,II,Dentro,Urbana,S/D,S/D,Recta,Bueno,Buena,S/D,Buen Tiempo,Lateral,S/D,Colisión,S/D,S/D,S/D,S/D,no funciono,['Presidenteroca 2200'],1,Presidenteroca 2200,,,,,,,,,,
2013,11948,2013-11-25,Lunes,0.0,18:15:00,,0.0,2,"Automóvil,Moto/Ciclomotor",M.Champagnat Y Bv. Oroño,2,1,0,0,1,0,0,,Calle,,ROSARIO,Rosario,Asfalto,S/D,II,Dentro,Urbana,S/D,S/D,Intersección,Bueno,S/D,Diurna,Buen Tiempo,Lateral,S/D,Colisión,S/D,S/D,S/D,S/D,error,"['Champagnat', 'Bulevar Nicasio Oroño']",2,error,,,,,,,,,,
2013,11970,2013-11-21,Jueves,0.0,10:30:00,,0.0,2,"Moto/Ciclomotor,Automóvil", ,2,1,0,0,1,0,0,,Calle,,ROSARIO,Rosario,Asfalto,No existe,II,Dentro,Urbana,Marca Vial,No existe,Intersección,Bueno,Buena,Diurna,Buen Tiempo,Lateral,S/D,Colisión,Ninguna,Vertical,Línea divisoria pintada,Sin restricción,,[''],0,,,,,,,,,,,
2013,12052,2013-11-26,Martes,0.0,,,0.0,2,"Bicicleta,Taxi/Remis",Montevideo Y Junin,2,1,0,0,1,0,0,,Calle,,ROSARIO,Rosario,S/D,S/D,II,S/D,Urbana,S/D,S/D,S/D,S/D,S/D,S/D,S/D,S/D,S/D,Atropello,S/D,S/D,S/D,S/D,error,"['Montevideo', 'Junín']",2,error,,,,,,,,,,
2013,12103,2013-11-21,Jueves,0.0,15:45:00,,0.0,1,Automóvil,Bv. Oroño 00,2,0,1,0,1,0,0,,Avenida,,ROSARIO,Rosario,Asfalto,No existe,II,Dentro,Urbana,Ninguna,No existe,Recta,Bueno,Buena,Diurna,Buen Tiempo,Otro,S/D,Caída ocupante,S/D,Faltante,Cordón divisorio,Sin restricción,no funciono,['Nicasio Oroñoño 00'],1,Nicasio Oroñoño 00,,,,,,,,,,
2013,12160,2013-05-13,Lunes,0.0,,,0.0,1,Otros, ,1,0,0,0,0,1,0,,S/D,,ROSARIO,Rosario,S/D,S/D,II,S/D,Urbana,S/D,S/D,S/D,S/D,S/D,S/D,S/D,S/D,S/D,S/D,S/D,S/D,S/D,S/D,,[''],0,,,,,,,,,,,
2013,12179,2013-11-19,Martes,0.0,12:10:00,,0.0,2,"Taxi/Remis,Peatón",Rodriguez Y Pueyrredon,2,1,0,0,1,0,0,,Calle,,ROSARIO,Rosario,Asfalto,S/D,II,S/D,Urbana,Otra Señal,S/D,S/D,Bueno,S/D,Diurna,Buen Tiempo,S/D,S/D,Atropello,S/D,S/D,S/D,S/D,error,"['Rodríguez', 'Pueyrredón']",2,error,,,,,,,,,,
2013,12195,2013-11-09,Sabado,0.0,17:40:00,,0.0,1,Moto/Ciclomotor, ,3,3,0,0,0,0,0,,Calle,,ROSARIO,Rosario,Asfalto,No existe,II,S/D,Urbana,Ninguna,No existe,Curva,Bueno,Buena,Diurna,Buen Tiempo,Otro,S/D,Vuelco,Otro,Faltante,Ninguna,Sin restricción,,[''],0,,,,,,,,,,,
2013,12208,2013-11-04,Lunes,0.0,21:45:00,,0.0,2,"Automóvil,Automóvil",Servando Bayo Y Cordoba,2,2,0,0,0,0,0,,Calle,,ROSARIO,Rosario,Asfalto,S/D,II,Dentro,Urbana,S/D,S/D,Intersección,S/D,S/D,S/D,S/D,S/D,S/D,Colisión,S/D,S/D,Cordón divisorio,S/D,error,"['Servando Bayo', 'Córdoba']",2,error,,,,,,,,,,
2013,12218,2013-11-20,Miercoles,0.0,,,0.0,2,"Automóvil,Pickup/Utilitario",Av. Alberdi Bis 1100,3,2,0,0,1,0,0,,Avenida,,ROSARIO,Rosario,Hormigón,S/D,II,S/D,Urbana,Semáforo,Funciona,Recta,Bueno,S/D,S/D,Buen Tiempo,S/D,S/D,Colisión,S/D,"Horizontal,Vertical",Cordón divisorio,Sin restricción,no funciono,['Alberdi Bis 1100'],1,Alberdi Bis 1100,,,,,,,,,,
2013,12226,2013-11-16,Sabado,0.0,13:20:00,,0.0,2,"Moto/Ciclomotor,Automóvil",Av. Frondizi A Y Pje. Monroe,2,1,0,0,1,0,0,,Calle,,ROSARIO,Rosario,Asfalto,S/D,II,Dentro,Urbana,Semáforo,S/D,Recta,Bueno,S/D,Diurna,Buen Tiempo,S/D,S/D,Colisión,S/D,"Horizontal,Vertical",Cordón divisorio,S/D,error,"['Frondizi', 'Monroe']",2,error,,,,,,,,,,
2013,12233,2013-11-22,Viernes,0.0,14:30:00,,0.0,2,"Automóvil,Peatón",Maipu Y San Juan,2,1,0,0,1,0,0,,Calle,,ROSARIO,Rosario,Asfalto,S/D,II,Dentro,Urbana,Semáforo,Funciona,Intersección,Bueno,Buena,Diurna,S/D,Otro,S/D,Atropello,S/D,S/D,Cordón divisorio,S/D,error,"['Maipú', 'San Juan']",2,error,,,,,,,,,,
2013,12235,2013-07-01,Lunes,0.0,21:30:00,,0.0,2,"Moto/Ciclomotor,Automóvil",Av. Eudoro Carrasco Y Roullon,2,1,0,0,1,0,0,,Calle,,ROSARIO,Rosario,Asfalto,No existe,II,Dentro,Urbana,Ninguna,No existe,Intersección,Bueno,Buena,Nocturna,Buen Tiempo,Otro,S/D,Colisión,S/D,Faltante,Ninguna,Sin restricción,error,"['Avenida Eudoro Carrasco', 'Alfredo Rouillón']",2,error,,,,,,,,,,
2013,12279,2013-10-19,Sabado,0.0,,,0.0,2,"Taxi/Remis,Peatón",Bv. Oroño 4500,2,0,1,0,1,0,0,,Calle,,ROSARIO,Rosario,Asfalto,No existe,II,S/D,Urbana,Ninguna,No existe,Cruce,Bueno,Buena,S/D,Buen Tiempo,De alcance,S/D,Atropello,S/D,Faltante,Ninguna,Sin restricción,no funciono,['Nicasio Oroñoño 4500'],1,Nicasio Oroñoño 4500,,,,,,,,,,
2013,12286,2013-07-04,Jueves,0.0,16:20:00,,0.0,2,"Bicicleta,Taxi/Remis",Reconquista Y Ottone Bis,2,1,0,0,1,0,0,,Calle,,ROSARIO,Rosario,Asfalto,No existe,II,Dentro,Urbana,Ninguna,No existe,Intersección,Bueno,Buena,Diurna,Buen Tiempo,Lateral,S/D,Atropello,S/D,Faltante,Ninguna,Sin restricción,error,"['Reconquista', 'Ottone']",2,error,,,,,,,,,,
2013,12335,2013-11-12,Martes,0.0,18:40:00,,0.0,2,"Moto/Ciclomotor,Automóvil",J.M.de Rosas Y Martinez Estrada,2,1,0,0,1,0,0,,S/D,,ROSARIO,Rosario,Asfalto,S/D,II,S/D,Urbana,S/D,S/D,Intersección,S/D,S/D,S/D,S/D,S/D,S/D,S/D,S/D,S/D,S/D,S/D,error,"['De Rosas', 'Martinez Estrada']",2,error,,,,,,,,,,
2013,12347,2013-11-05,Martes,0.0,13:40:00,,0.0,2,"Automóvil,Moto/Ciclomotor",URQUIZA Y ALBERTO GABETTA,3,1,0,0,2,0,0,,Calle,,ROSARIO,Rosario,Asfalto,No existe,II,S/D,Urbana,Ninguna,No existe,Recta,Bueno,Buena,Diurna,Buen Tiempo,Frontal,S/D,Colisión,Otro,Faltante,S/D,Sin restricción,error,"['Urquiza', 'A Gabetta']",2,error,,,,,,,,,,
2013,12351,2013-07-10,Miercoles,0.0,20:30:00,,0.0,2,"Moto/Ciclomotor,Otros",Av. Provincias Unidas Y J.J.Paso,2,1,0,0,1,0,0,,Avenida,,ROSARIO,Rosario,Asfalto,No existe,II,Dentro,Urbana,Ninguna,No existe,Rotonda,Bueno,Buena,Atardecer,Otro,Frontal,S/D,Colisión,S/D,Faltante,Ninguna,Sin restricción,error,"['Avenida Provincias Unidas', 'Paso']",2,error,,,,,,,,,,
2013,12354,2013-11-09,Sabado,0.0,19:10:00,,0.0,2,"Automóvil,Automóvil",Av. Circunvalacion Y Av. Pellegrini,4,3,0,0,1,0,0,,Avenida,,ROSARIO,Rosario,Asfalto,Pavimento,II,S/D,S/D,Ninguna,No existe,Recta,Bueno,Buena,Atardecer,Buen Tiempo,Frontal,S/D,Colisión,Otro,Faltante,S/D,Sin restricción,error,"['Circunvalacion', 'Pellegrini']",2,error,,,,,,,,,,
2013,12360,2013-10-30,Miercoles,0.0,16:30:00,,0.0,2,"Automóvil,Automóvil", ,2,1,0,0,1,0,0,,Calle,,ROSARIO,Rosario,Asfalto,No existe,II,Dentro,Urbana,Ninguna,No existe,Recta,Bueno,Buena,Diurna,Buen Tiempo,S/D,S/D,Colisión,S/D,Faltante,Ninguna,Sin restricción,,[''],0,,,,,,,,,,,
2013,12409,2013-05-29,Miercoles,0.0,,,0.0,1,Otros, ,1,0,0,0,0,1,0,,S/D,,ROSARIO,Rosario,S/D,S/D,I,S/D,S/D,S/D,S/D,S/D,S/D,S/D,S/D,S/D,S/D,S/D,S/D,S/D,S/D,S/D,S/D,,[''],0,,,,,,,,,,,
2013,12433,2013-06-01,Sabado,0.0,,,0.0,1,Otros, ,1,0,0,0,0,1,0,,S/D,,ROSARIO,Rosario,S/D,S/D,II,S/D,S/D,S/D,S/D,S/D,S/D,S/D,S/D,S/D,S/D,S/D,S/D,S/D,S/D,S/D,S/D,,[''],0,,,,,,,,,,,
2013,12463,2013-11-05,Martes,0.0,08:05:00,,0.0,2,"Automóvil,Moto/Ciclomotor",San Martin Y Pje. E.Diaz,2,1,0,0,1,0,0,,S/D,,ROSARIO,Rosario,Asfalto,No existe,II,S/D,S/D,Ninguna,No existe,Intersección,Bueno,Buena,Diurna,Buen Tiempo,Lateral,S/D,Colisión,S/D,Faltante,Ninguna,Sin restricción,error,"['San Martin', 'Diaz']",2,error,,,,,,,,,,
2013,12472,2013-11-13,Miercoles,0.0,15:20:00,,0.0,2,"Moto/Ciclomotor,Automóvil",San Martin Y Olegario V.Andrade,2,1,0,0,1,0,0,,Avenida,,ROSARIO,Rosario,Asfalto,No existe,II,S/D,Urbana,Ninguna,No existe,Intersección,Bueno,Buena,Diurna,Buen Tiempo,Lateral,S/D,Colisión,S/D,Faltante,Ninguna,Sin restricción,error,"['San Martin', 'Olegario V Andrade']",2,error,,,,,,,,,,
2013,12508,2013-11-19,Martes,0.0,19:30:00,,0.0,2,"Peatón,Automóvil",Cnl Fontana ,2,1,0,0,1,0,0,,Avenida,,ROSARIO,Rosario,Asfalto,Pavimento,II,S/D,S/D,Ninguna,No existe,Recta,Bueno,Buena,Atardecer,Buen Tiempo,Frontal,S/D,Atropello,Ninguna,Faltante,Barrera de hormigón,Sin restricción,no funciono,['Cnl Fontana'],1,Cnl Fontana,,,,,,,,,,
2013,12552,2013-11-01,Viernes,0.0,01:15:00,,0.0,2,"Moto/Ciclomotor,Automóvil",Av. Battle y Ordoñez Y San Martin,2,1,0,0,1,0,0,,Avenida,,ROSARIO,Rosario,Asfalto,No existe,II,Dentro,Urbana,Semáforo,Funciona,Rotonda,Bueno,Buena,"Nocturna,Con luz artificial",Buen Tiempo,Lateral,S/D,Colisión,Ninguna,Vertical,Cordón divisorio,Sin restricción,error,"['Avenida Battle y Ordoñez', 'San Martin']",2,error,,,,,,,,,,