anio_acci,nro_acci,fecha,desc_dia,fecha_aprox,hora_aprox,desc_ruta,km,cant_participantes,desc_participante,calle_avenida_km,total,heridos_leves,heridos_graves,heridos_gravisimos,ilesos,fallecidos,sin_datos,posicion_XY,desc_tipo_via,desc_ruta_ori,desc_loc,desc_dpto,desc_tipo_calzada,desc_tipo_banquina,desc_unidad_regional,desc_lugar_calzada,desc_zona,desc_prioridad,desc_estado_semaforo,desc_lugar_via,desc_estado_via,desc_estado_visibilidad,desc_luminosidad,desc_estado_clima,desc_tipo_colision,desc_tipo_atropello,desc_tipo_hecho,desc_pres_calzada,desc_senializacion,desc_separacion_via,desc_restriccion,forma_geocod,calle_lista,numero_calles,calles_osm,lat,lon,index_right,gid,fna,gna,nam,in1,fdc,sag
2013,12601,2013-11-07,Jueves,0.0,15:15:00,,0.0,2,"Camión,Automóvil",Uruguay Y Sarmiento,3,2,0,0,1,0,0,,Calle,,ROSARIO,Rosario,Asfalto,No existe,II,Dentro,Urbana,Ninguna,No existe,Intersección,S/D,Buena,Diurna,Buen Tiempo,Lateral,S/D,Colisión,S/D,Faltante,Ninguna,Sin restricción,error,"['Uruguay', 'Sarmiento']",2,error,,,,,,,,,,
2013,12605,2013-11-06,Miercoles,1.0,09:50:00,,0.0,2,"Camión,Automóvil",Bv. Oroño 3526,3,2,0,0,1,0,0,,Avenida,,ROSARIO,Rosario,Asfalto,No existe,II,Dentro,Urbana,Ninguna,No existe,Intersección,Bueno,Buena,Diurna,Buen Tiempo,Frontal,S/D,Colisión,S/D,Faltante,S/D,Sin restricción,no funciono,['Nicasio Oroñoño 3526'],1,Nicasio Oroñoño 3526,,,,,,,,,,
2013,12613,2013-11-07,Jueves,0.0,20:15:00,,0.0,2,"Automóvil,Automóvil",Bv. Oroño Y Ricardo Gutierrez,2,1,0,0,1,0,0,,Calle,,ROSARIO,Rosario,Asfalto,S/D,II,S/D,Urbana,S/D,Funciona,S/D,S/D,S/D,Atardecer,S/D,S/D,S/D,Colisión,S/D,S/D,S/D,S/D,error,"['Bulevar Nicasio Oroño', 'Ricardo Gutierrez']",2,error,,,,,,,,,,
2013,12621,2013-11-15,Viernes,0.0,17:10:00,,0.0,2,"Moto/Ciclomotor,Vehículo Oficial",Riobamba Y Cerrito,3,1,0,0,2,0,0,,S/D,,ROSARIO,Rosario,Asfalto,No existe,II,S/D,S/D,Ninguna,No existe,S/D,Otro,Buena,Atardecer,Buen Tiempo,Lateral,S/D,Colisión,Otro,Faltante,S/D,Sin restricción,error,"['Riobamba', 'Cerrito']",2,error,,,,,,,,,,
2013,12628,2013-11-12,Martes,0.0,,,0.0,2,"Automóvil,Peatón",C.Larralde Y Pje. 1737,2,2,0,0,0,0,0,,Calle,,ROSARIO,Rosario,"Asfalto,Hormigón",Natural,II,S/D,Urbana,Ninguna,No existe,Intersección,Con baches,Buena,Diurna,Buen Tiempo,S/D,S/D,Atropello,S/D,S/D,S/D,Sin restricción,error,"['Larralde', 'Lia Bauman']",2,error,,,,,,,,,,
2013,12632,2013-11-20,Miercoles,0.0,13:30:00,,0.0,2,"Moto/Ciclomotor,Tracción animal / Carro",Bv. Avellaneda Y White,2,1,0,0,1,0,0,,Calle,,ROSARIO,Rosario,Tierra,No existe,II,S/D,Urbana,Ninguna,No existe,Intersección,Deteriorada,Buena,Diurna,Buen Tiempo,Otro,S/D,Colisión,Ninguna,Faltante,Cordón divisorio,Sin restricción,error,"['Avellaneda', 'White']",2,error,,,,,,,,,,
2013,12635,2013-11-16,Sabado,0.0,18:15:00,,0.0,2,"Automóvil,Peatón",Rivarola Y J.Colombres,2,1,0,0,1,0,0,,Calle,,ROSARIO,Rosario,Asfalto,Pavimento,II,S/D,Urbana,Ninguna,No existe,S/D,Con baches,Buena,Diurna,Lluvia,S/D,S/D,Atropello,S/D,S/D,S/D,Sin restricción,error,"['Rivarola', 'José Colombres']",2,error,,,,,,,,,,
2013,12645,2013-11-19,Martes,0.0,22:00:00,,0.0,2,"Automóvil,Moto/Ciclomotor",PJE. 1715 Y LAS PALMERAS,2,2,0,0,0,0,0,,Calle,,ROSARIO,Rosario,"Asfalto,Hormigón",Natural,II,S/D,Urbana,Ninguna,No existe,Intersección,Con baches,Reducida,Nocturna,Buen Tiempo,Lateral,S/D,Colisión,S/D,S/D,S/D,Sin restricción,error,"['Plácido Grela', 'Las Palmeras']",2,error,,,,,,,,,,
2013,12648,2013-11-20,Miercoles,0.0,18:00:00,,0.0,2,"Camión,Moto/Ciclomotor",Pje. Einstein 7100,2,1,0,0,1,0,0,,Calle,,ROSARIO,Rosario,Asfalto,No existe,II,Dentro,S/D,Ninguna,No existe,Recta,Bueno,Buena,Atardecer,S/D,Frontal,S/D,Colisión,S/D,Horizontal,Barrera de hormigón,Sin restricción,no funciono,['Pasaje Einstein 7100'],1,Pasaje Einstein 7100,,,,,,,,,,
2013,12666,2013-11-20,Miercoles,0.0,,,0.0,2,"Transporte de Pasajeros Urbano (> 8 asientos),Moto/Ciclomotor",Av. De Las Palmeras Y Bv. Segui,2,2,0,0,0,0,0,,Calle,,ROSARIO,Rosario,Asfalto,Natural,II,S/D,Urbana,Ninguna,No existe,Intersección,Con baches,Buena,Diurna,Buen Tiempo,Lateral,S/D,Colisión,S/D,S/D,S/D,Sin restricción,error,"['Las Palmas', 'Bulevar Juan Francisco Seguí']",2,error,,,,,,,,,,
2013,12673,2013-11-01,Viernes,0.0,10:00:00,,0.0,2,"Automóvil,Moto/Ciclomotor",27 DE FEBRERO Y EEUU,2,2,0,0,0,0,0,,Calle,,ROSARIO,Rosario,"Asfalto,Hormigón",Natural,II,S/D,Urbana,Semáforo,Funciona,Intersección,Con baches,Buena,Diurna,Buen Tiempo,Lateral,S/D,Colisión,S/D,S/D,S/D,Sin restricción,sec calles no encontradas,"['27 de Febrero', 'Avenida 25 De Mayo']",2,error,,,,,,,,,,
2013,12679,2013-11-19,Martes,0.0,15:30:00,,0.0,2,"Automóvil,Automóvil",Bv. Segui Y Pje. Sole,2,1,0,0,1,0,0,,S/D,,ROSARIO,Rosario,Asfalto,No existe,II,Dentro,Urbana,Ninguna,No existe,Intersección,Otro,Buena,Diurna,Otro,Lateral,S/D,Colisión,Otro,Faltante,Ninguna,Sin restricción,sec calles no encontradas,"['Bulevar Juan Francisco Seguí', 'Sole']",2,error,,,,,,,,,,
2013,12680,2013-11-29,Viernes,0.0,19:00:00,,0.0,2,"Bicicleta,Automóvil",San Martin Y Formosa,2,1,0,0,1,0,0,,S/D,,ROSARIO,Rosario,Asfalto,S/D,II,S/D,S/D,S/D,S/D,Recta,Bueno,Buena,S/D,S/D,S/D,S/D,Atropello,S/D,S/D,S/D,S/D,error,"['San Martin', 'Formosa']",2,error,,,,,,,,,,
2013,12691,2013-11-25,Lunes,0.0,07:00:00,,0.0,2,"Moto/Ciclomotor,Otros",Bv. Wilde Y Cordoba,3,1,0,0,2,0,0,,Avenida,,ROSARIO,Rosario,Asfalto,No existe,II,Dentro,Urbana,Ninguna,No existe,Cruce,Bueno,Buena,Atardecer,Buen Tiempo,Frontal,S/D,Colisión,S/D,Horizontal,Barrera de hormigón,Sin restricción,error,"['Bulevar Wilde', 'Córdoba']",2,error,,,,,,,,,,
2013,12694,2013-11-17,Domingo,0.0,04:50:00,,0.0,2,"Automóvil,Moto/Ciclomotor",MENDOZA POR VIAS ,2,1,0,0,1,0,0,,Calle,,ROSARIO,Rosario,Asfalto,No existe,II,Dentro,Urbana,Semáforo,Funciona,Recta,Bueno,Buena,Amanecer,Buen Tiempo,Lateral,S/D,Colisión,S/D,Horizontal,Cordón divisorio,Sin restricción,no funciono,['Mendoza Por Vias'],1,Mendoza Por Vias,,,,,,,,,,
2013,12708,2013-11-19,Martes,0.0,20:40:00,,0.0,2,"Peatón,Automóvil",Cordoba Y Barra,2,1,0,0,1,0,0,,Calle,,ROSARIO,Rosario,Asfalto,No existe,II,Dentro,Urbana,Semáforo,Funciona,Recta,Bueno,Reducida,Nocturna,Buen Tiempo,S/D,S/D,Atropello,Ninguna,"Horizontal,Vertical",Cordón divisorio,Sin restricción,error,"['Córdoba', 'Barra']",2,error,,,,,,,,,,
2013,12712,2013-11-04,Lunes,1.0,16:10:00,,0.0,1,Moto/Ciclomotor, ,2,2,0,0,0,0,0,,Calle,,ROSARIO,Rosario,Asfalto,Natural,II,Dentro,Urbana,S/D,No existe,Recta,Deteriorada,Buena,Atardecer,Buen Tiempo,S/D,S/D,Despiste,S/D,S/D,Línea divisoria pintada,Sin restricción,,[''],0,,,,,,,,,,,
2013,13049,2013-12-11,Miercoles,0.0,16:00:00,,0.0,2,"Moto/Ciclomotor,Moto/Ciclomotor",Viraro Y Beruti,3,3,0,0,0,0,0,,Calle,,ROSARIO,Rosario,Asfalto,No existe,II,Dentro,Urbana,Marca Vial,No existe,Intersección,Con baches,Buena,Atardecer,Buen Tiempo,Lateral,S/D,Colisión,Ninguna,Vertical,Línea divisoria pintada,Sin restricción,error,"['Viraro', 'Luis Beruti']",2,error,,,,,,,,,,
2013,13151,2013-12-24,Martes,0.0,15:30:00,,0.0,2,"Automóvil,Moto/Ciclomotor",Uruguay Y Sarmiento,4,2,0,0,2,0,0,,Calle,,ROSARIO,Rosario,Asfalto,No existe,II,S/D,Urbana,Ninguna,No existe,Intersección,Bueno,Buena,Diurna,Buen Tiempo,Lateral,S/D,Colisión,Ninguna,S/D,Ninguna,Sin restricción,error,"['Uruguay', 'Sarmiento']",2,error,,,,,,,,,,
2013,13176,2013-12-31,Martes,0.0,23:00:00,,0.0,2,"Moto/Ciclomotor,Ambulancia",Pte.Quintana ,2,1,0,0,1,0,0,,Calle,,ROSARIO,Rosario,Asfalto,No existe,II,Dentro,Urbana,Ninguna,No existe,Intersección,Bueno,Buena,Nocturna,Buen Tiempo,Lateral,S/D,Colisión,Ninguna,Faltante,Ninguna,Sin restricción,no funciono,['Presidentequintana'],1,Presidentequintana,,,,,,,,,,
2013,13181,2013-12-30,Lunes,0.0,18:30:00,,0.0,2,"Moto/Ciclomotor,Taxi/Remis",Ayolas Y España,2,1,0,0,1,0,0,,Calle,,ROSARIO,Rosario,Asfalto,No existe,II,Dentro,Urbana,Ninguna,No existe,Intersección,Bueno,Buena,Diurna,Buen Tiempo,Lateral,S/D,Colisión,Ninguna,Faltante,Ninguna,Sin restricción,error,"['Ayolas', 'España']",2,error,,,,,,,,,,
2013,13474,2013-12-21,Sabado,0.0,22:40:00,,0.0,2,"Moto/Ciclomotor,Automóvil",Olavarria Bis 966,2,1,0,0,1,0,0,,Calle,,ROSARIO,Rosario,Asfalto,No existe,II,Dentro,Urbana,Ninguna,No existe,Recta,Bueno,Buena,"Nocturna,Con luz artificial",Buen Tiempo,Frontal,S/D,Colisión,S/D,S/D,S/D,Sin restricción,no funciono,['Olavarria Bis 966'],1,Olavarria Bis 966,,,,,,,,,,
2013,13475,2013-12-04,Miercoles,0.0,,,0.0,2,"Moto/Ciclomotor,Automóvil",Int. Lamas 1300,2,0,1,0,1,0,0,,Avenida,,ROSARIO,Rosario,Asfalto,S/D,II,Dentro,Urbana,S/D,S/D,Recta,S/D,S/D,S/D,Otro,Lateral,S/D,Colisión,S/D,S/D,S/D,Sin restricción,no funciono,['Int Lamas 1300'],1,Int Lamas 1300,,,,,,,,,,
2013,13476,2013-12-24,Martes,0.0,04:25:00,,0.0,1,Moto/Ciclomotor,Bv. Rondeau Y COLECTORA NORTE,2,1,1,0,0,0,0,,Calle,,ROSARIO,Rosario,Asfalto,S/D,II,Dentro,Urbana,S/D,Funciona,Recta,Deteriorada,Reducida p/ objetos,Nocturna,S/D,Contra objeto fijo,S/D,Colisión,S/D,S/D,Cordón divisorio,S/D,sec calles no encontradas,"['Rondeau', 'Colectora Norte']",2,error,,,,,,,,,,
2013,13488,2013-12-17,Martes,0.0,15:00:00,,0.0,2,"Camión,Moto/Ciclomotor",Av. E.Lopez 2800,2,1,0,0,1,0,0,,Calle,,ROSARIO,Rosario,S/D,S/D,II,S/D,Urbana,S/D,S/D,S/D,S/D,S/D,Diurna,S/D,S/D,S/D,Colisión,S/D,S/D,S/D,S/D,no funciono,['E Lopez 2800'],1,E Lopez 2800,,,,,,,,,,
2013,13522,2013-12-16,Lunes,0.0,,,0.0,2,"Automóvil,Moto/Ciclomotor",Bv. Oroño 2800,2,1,0,0,1,0,0,,Calle,,ROSARIO,Rosario,Asfalto,S/D,II,Dentro,Urbana,S/D,S/D,Recta,S/D,S/D,S/D,S/D,S/D,S/D,Colisión,S/D,S/D,S/D,S/D,no funciono,['Nicasio Oroñoño 2800'],1,Nicasio Oroñoño 2800,,,,,,,,,,
2013,13523,2013-12-16,Lunes,0.0,10:25:00,,0.0,2,"Automóvil,Automóvil",Italia Y Pte.Roca,3,2,0,0,1,0,0,,Calle,,ROSARIO,Rosario,Asfalto,No existe,II,Dentro,Urbana,Ninguna,No existe,Intersección,Bueno,Buena,Diurna,Buen Tiempo,Lateral,S/D,Colisión,Otro,Faltante,Ninguna,Sin restricción,error,"['Italia', 'Roca']",2,error,,,,,,,,,,
2013,13527,2013-12-19,Jueves,0.0,18:30:00,,0.0,1,Moto/Ciclomotor,Av. Alberdi Bis 100,2,1,0,0,0,0,1,,Avenida,,ROSARIO,Rosario,S/D,S/D,II,S/D,Urbana,S/D,S/D,S/D,S/D,S/D,Diurna,S/D,S/D,S/D,S/D,S/D,S/D,S/D,S/D,no funciono,['Alberdi Bis 100'],1,Alberdi Bis 100,,,,,,,,,,
2013,13545,2013-12-04,Miercoles,0.0,18:30:00,,0.0,2,"Automóvil,Moto/Ciclomotor",Ricchieri Y Ocampo,2,1,0,0,1,0,0,,Calle,,ROSARIO,Rosario,Asfalto,S/D,II,S/D,Urbana,S/D,S/D,Intersección,S/D,S/D,Diurna,S/D,Frontal,S/D,Colisión,S/D,S/D,S/D,S/D,error,"['Ricchieri', 'Ocampo']",2,error,,,,,,,,,,
2013,13559,2013-12-17,Martes,0.0,12:40:00,,0.0,2,"Taxi/Remis,Automóvil",Mariano Moreno Y Av. Uriburu,6,5,0,0,1,0,0,,Avenida,,ROSARIO,Rosario,Asfalto,No existe,II,Dentro,Urbana,Ninguna,No existe,Intersección,Bueno,Buena,Diurna,Buen Tiempo,Lateral,S/D,Colisión,Ninguna,Faltante,Ninguna,Sin restricción,error,"['Mariano Moreno', 'Uriburu']",2,error,,,,,,,,,,
2013,13562,2013-12-22,Domingo,0.0,20:30:00,,0.0,2,"Moto/Ciclomotor,Automóvil",Suipacha Y Brown,3,3,0,0,0,0,0,,Calle,,ROSARIO,Rosario,Asfalto,Pavimento,II,Dentro,Urbana,Semáforo,Funciona,Recta,Bueno,Buena,Diurna,Buen Tiempo,Lateral,S/D,Colisión,S/D,Horizontal,Ninguna,Sin restricción,error,"['Suipacha', 'Brown']",2,error,,,,,,,,,,
2013,13565,2013-12-23,Lunes,0.0,02:00:00,,0.0,2,"Moto/Ciclomotor,Pickup/Utilitario",Ayacucho Y Artigas,2,1,0,0,1,0,0,,Avenida,,ROSARIO,Rosario,Asfalto,No existe,II,Dentro,Urbana,Semáforo,Intermitente,Intersección,S/D,Buena,Nocturna,S/D,Lateral,S/D,Colisión,S/D,S/D,Línea divisoria pintada,Sin restricción,error,"['Ayacucho', 'Artigas']",2,error,,,,,,,,,,
2013,13585,2013-12-03,Martes,0.0,10:40:00,,0.0,2,"Moto/Ciclomotor,Automóvil",Av. Alberdi Bis 200,2,1,0,0,1,0,0,,Avenida,,ROSARIO,Rosario,S/D,S/D,II,S/D,Urbana,S/D,S/D,S/D,S/D,S/D,Diurna,S/D,S/D,S/D,Colisión,S/D,S/D,S/D,S/D,no funciono,['Alberdi Bis 200'],1,Alberdi Bis 200,,,,,,,,,,
2013,13596,2013-12-27,Viernes,0.0,18:30:00,,0.0,2,"Moto/Ciclomotor,Automóvil",Bv. Oroño 2900,2,1,0,0,1,0,0,,Avenida,,ROSARIO,Rosario,Asfalto,S/D,II,S/D,Urbana,S/D,S/D,Recta,S/D,S/D,Diurna,S/D,S/D,S/D,Colisión,S/D,Vertical,S/D,S/D,no funciono,['Nicasio Oroñoño 2900'],1,Nicasio Oroñoño 2900,,,,,,,,,,
2013,13623,2013-12-26,Jueves,0.0,18:30:00,,0.0,2,"Moto/Ciclomotor,Automóvil",Bv. Oroño 200,3,2,0,0,1,0,0,,Avenida,,ROSARIO,Rosario,Asfalto,No existe,II,Dentro,Urbana,Semáforo,No existe,Recta,Bueno,Buena,Diurna,Buen Tiempo,Lateral,S/D,Colisión,S/D,Faltante,Ninguna,Sin restricción,no funciono,['Nicasio Oroñoño 200'],1,Nicasio Oroñoño 200,,,,,,,,,,
2013,13630,2013-12-17,Martes,0.0,02:20:00,,0.0,2,"Automóvil,Moto/Ciclomotor",G.Carrasco Y Av. Puccio,2,1,0,0,1,0,0,,Avenida,,ROSARIO,Rosario,Asfalto,S/D,II,Dentro,Urbana,S/D,S/D,Intersección,S/D,S/D,Nocturna,S/D,Frontal,S/D,Colisión,S/D,S/D,S/D,Sin restricción,error,"['Carrasco', 'Puccio']",2,error,,,,,,,,,,
2013,13648,2013-12-20,Viernes,0.0,08:30:00,,0.0,2,"Moto/Ciclomotor,Automóvil",Av. Wheelwright Y Alvear,2,1,0,0,1,0,0,,Calle,,ROSARIO,Rosario,Asfalto,No existe,II,Dentro,Urbana,Ninguna,No existe,Intersección,Bueno,Buena,Diurna,Buen Tiempo,Lateral,S/D,Colisión,S/D,Faltante,Ninguna,Sin restricción,error,"['Avenida Guillermo Wheelwright', 'Alvear']",2,error,,,,,,,,,,
2013,13659,2013-12-13,Viernes,0.0,19:30:00,,0.0,2,"Automóvil,Automóvil",Bv. Oroño 100,2,1,0,0,1,0,0,,Avenida,,ROSARIO,Rosario,S/D,No existe,II,Dentro,Urbana,S/D,S/D,Recta,S/D,S/D,Atardecer,S/D,S/D,S/D,Colisión,S/D,S/D,S/D,S/D,no funciono,['Nicasio Oroñoño 100'],1,Nicasio Oroñoño 100,,,,,,,,,,
2013,13715,2013-12-24,Martes,0.0,13:00:00,,0.0,2,"Automóvil,Moto/Ciclomotor",Donado Y Av. Argentina,2,1,0,0,1,0,0,,Calle,,ROSARIO,Rosario,Asfalto,No existe,II,Dentro,Urbana,Ninguna,No existe,Intersección,Bueno,Buena,Diurna,Buen Tiempo,Lateral,S/D,Colisión,S/D,Horizontal,Ninguna,Sin restricción,error,"['Donado', 'Argentina']",2,error,,,,,,,,,,
2013,13726,2013-12-26,Jueves,0.0,,,0.0,2,"Automóvil,Moto/Ciclomotor",Av. Argentina Y Sanchez de Loria,2,1,0,0,1,0,0,,Avenida,,ROSARIO,Rosario,Asfalto,No existe,II,Dentro,Urbana,Ninguna,No existe,Intersección,S/D,Buena,Nocturna,Buen Tiempo,Lateral,S/D,Colisión,S/D,Horizontal,Ninguna,Sin restricción,error,"['Argentina', 'Sánchez de Loria']",2,error,,,,,,,,,,
2013,13729,2013-12-21,Sabado,0.0,15:30:00,,0.0,2,"Taxi/Remis,Moto/Ciclomotor",Av. Ovidio Lagos B Y Cereseto,2,1,0,0,1,0,0,,S/D,,ROSARIO,Rosario,S/D,S/D,II,S/D,S/D,S/D,S/D,S/D,S/D,S/D,Diurna,S/D,S/D,S/D,Colisión,S/D,S/D,S/D,S/D,error,"['Avenida Ovidio Lagos', 'Cereseto']",2,error,,,,,,,,,,
2013,13737,2013-12-01,Domingo,0.0,15:15:00,,0.0,2,"Moto/Ciclomotor,Automóvil",Av. Arijon D Y Garibaldi,3,2,0,0,1,0,0,,Avenida,,ROSARIO,Rosario,Asfalto,No existe,II,Dentro,Urbana,Ninguna,No existe,Intersección,Bueno,Buena,Atardecer,Buen Tiempo,Lateral,S/D,Colisión,Ninguna,Faltante,Cordón divisorio,Sin restricción,error,"['Avenida Manuel Arijón', 'José Garibaldi']",2,error,,,,,,,,,,
2013,13739,2013-12-13,Viernes,0.0,10:30:00,,0.0,2,"Moto/Ciclomotor,Automóvil",Bv. Oroño 900,2,1,0,0,1,0,0,,Calle,,ROSARIO,Rosario,Asfalto,S/D,II,Dentro,Urbana,Ninguna,No existe,Recta,Bueno,Buena,Diurna,Buen Tiempo,Frontal,S/D,Colisión,S/D,Faltante,Cordón divisorio,Sin restricción,no funciono,['Nicasio Oroñoño 900'],1,Nicasio Oroñoño 900,,,,,,,,,,
2013,13742,2013-12-18,Miercoles,0.0,10:20:00,,0.0,2,"Automóvil,Moto/Ciclomotor", ,2,1,0,0,1,0,0,,Calle,,ROSARIO,Rosario,Asfalto,No existe,II,Dentro,Rural,S/D,No existe,Intersección,Bueno,Buena,Diurna,S/D,Lateral,S/D,Colisión,S/D,Horizontal,S/D,S/D,,[''],0,,,,,,,,,,,
2013,13756,2013-12-12,Jueves,0.0,00:55:00,,0.0,2,"Moto/Ciclomotor,Automóvil",San Martin Y España,3,1,1,0,1,0,0,,Calle,,ROSARIO,Rosario,Asfalto,No existe,II,Dentro,Urbana,S/D,No existe,Intersección,Bueno,Buena,"Nocturna,Con luz artificial",Buen Tiempo,De alcance,S/D,Colisión,Otro,Horizontal,Cordón divisorio,Sin restricción,error,"['San Martin', 'España']",2,error,,,,,,,,,,
2013,13774,2013-12-04,Miercoles,0.0,16:00:00,,0.0,2,"Moto/Ciclomotor,Transporte de Pasajeros (H/ 8 asientos)",Bertole Y J.Colombres,2,1,0,0,1,0,0,,Calle,,ROSARIO,Rosario,"Asfalto,Hormigón",No existe,II,S/D,Urbana,Ninguna,S/D,Intersección,Con baches,Buena,Diurna,Buen Tiempo,Lateral,S/D,Colisión,S/D,S/D,S/D,Sin restricción,error,"['Bertole', 'José Colombres']",2,error,,,,,,,,,,
2013,13808,2013-12-03,Martes,0.0,13:00:00,,0.0,2,"Bicicleta,Automóvil",Bv. Segui Y Av. De Las Palmeras,2,1,0,0,1,0,0,,Calle,,ROSARIO,Rosario,"Asfalto,Hormigón",No existe,II,S/D,Urbana,Ninguna,No existe,Intersección,Con baches,Buena,Diurna,Buen Tiempo,S/D,S/D,Atropello,S/D,S/D,S/D,Sin restricción,error,"['Bulevar Juan Francisco Seguí', 'Las Palmas']",2,error,,,,,,,,,,
2013,13832,2013-12-24,Martes,0.0,01:00:00,,0.0,2,"Peatón,Moto/Ciclomotor",Av. Circunvalacion Y Prevision y Hogar,3,3,0,0,0,0,0,,Avenida,,ROSARIO,Rosario,Asfalto,No existe,II,Dentro,Urbana,Ninguna,No existe,Intersección,Bueno,Buena,Nocturna,Buen Tiempo,S/D,S/D,Atropello,Otro,Horizontal,Línea divisoria pintada,Sin restricción,error,"['Circunvalacion', '5 de Agosto']",2,error,,,,,,,,,,
2013,13840,2013-12-16,Lunes,0.0,22:00:00,,0.0,2,"Moto/Ciclomotor,Automóvil",Av. De Las Palmeras Y Irurtia,2,2,0,0,0,0,0,,Calle,,ROSARIO,Rosario,"Asfalto,Hormigón",No existe,II,S/D,Urbana,Ninguna,No existe,Intersección,Deteriorada,Buena,Nocturna,Buen Tiempo,Lateral,S/D,Colisión,S/D,S/D,S/D,Sin restricción,error,"['Las Palmas', 'Irurtia']",2,error,,,,,,,,,,
2013,13851,2013-12-12,Jueves,0.0,15:00:00,,0.0,2,"Automóvil,Moto/Ciclomotor",Av. Pellegrini Y Berna,2,1,0,0,1,0,0,,Avenida,,ROSARIO,Rosario,Asfalto,No existe,II,Dentro,Urbana,Semáforo,Funciona,Intersección,Bueno,Buena,Diurna,Buen Tiempo,Lateral,S/D,Colisión,Otro,Vertical,Ninguna,Sin restricción,error,"['Pellegrini', 'Berna']",2,error,,,,,,,,,,
2013,13856,2013-12-30,Lunes,0.0,23:40:00,,0.0,2,"Moto/Ciclomotor,Automóvil",Cordoba Y Solis,3,1,0,0,2,0,0,,Calle,,ROSARIO,Rosario,Asfalto,No existe,II,Dentro,Urbana,Semáforo,Funciona,Intersección,Bueno,Buena,"Nocturna,Con luz artificial",Buen Tiempo,Lateral,S/D,Colisión,Otro,Vertical,Ninguna,Sin restricción,error,"['Córdoba', 'Solis']",2,error,,,,,,,,,,
2013,13861,2013-12-18,Miercoles,0.0,12:00:00,,0.0,2,"Moto/Ciclomotor,Camión",Av. Circunvalacion Y Centeno,2,1,0,0,0,0,1,,Calle,,ROSARIO,Rosario,"Asfalto,Hormigón",Pavimento,II,Dentro,Urbana,Marca Vial,No existe,Intersección,Resbaladiza,Buena,Diurna,Buen Tiempo,De alcance,S/D,Colisión,S/D,S/D,S/D,Sin restricción,error,"['Circunvalacion', 'Centeno']",2,error,,,,,,,,,,
2013,14001,2013-12-21,Sabado,0.0,20:00:00,,0.0,2,"Moto/Ciclomotor,Automóvil",Tarragona Bis 1600,3,2,0,0,1,0,0,,Calle,,ROSARIO,Rosario,S/D,S/D,II,S/D,Urbana,S/D,S/D,S/D,S/D,S/D,Nocturna,S/D,S/D,S/D,Colisión,S/D,S/D,S/D,S/D,no funciono,['Tarragona Bis 1600'],1,Tarragona Bis 1600,,,,,,,,,,
2013,14039,2013-12-03,Martes,0.0,,,0.0,2,"Moto/Ciclomotor,Automóvil",Av. Central 1791,3,1,1,0,1,0,0,,Calle,,ROSARIO,Rosario,Asfalto,S/D,II,S/D,Urbana,S/D,S/D,Recta,S/D,S/D,S/D,S/D,S/D,S/D,Colisión,S/D,S/D,S/D,S/D,no funciono,['Central 1791'],1,Central 1791,,,,,,,,,,
2013,14117,2013-06-18,Martes,0.0,,,0.0,2,"Automóvil,Automóvil", ,3,0,0,0,0,0,3,,S/D,,ROSARIO,Rosario,S/D,S/D,II,S/D,S/D,S/D,S/D,S/D,S/D,S/D,S/D,S/D,S/D,S/D,S/D,S/D,S/D,S/D,S/D,,[''],0,,,,,,,,,,,
2013,14130,2013-12-02,Lunes,0.0,,,0.0,2,"Moto/Ciclomotor,Automóvil",Camino Viejo Soldini Y Calle 2144,2,2,0,0,0,0,0,,S/D,,ROSARIO,Rosario,Asfalto,Natural,II,S/D,S/D,Otra Señal,S/D,Recta,Bueno,Buena,S/D,Buen Tiempo,Lateral,S/D,Colisión,S/D,S/D,Línea divisoria pintada,Sin restricción,error,"['Camino viejo a Soldini', 'Calle 2144']",2,error,,,,,,,,,,
2013,14155,2013-12-28,Sabado,0.0,08:15:00,,0.0,2,"Automóvil,Camión",Cordoba Y Magallanes,2,1,0,0,1,0,0,,Calle,,ROSARIO,Rosario,Asfalto,No existe,II,Dentro,Urbana,Semáforo,Funciona,Intersección,Bueno,Buena,Atardecer,Buen Tiempo,Lateral,S/D,Colisión,Ninguna,Vertical,Ninguna,Sin restricción,error,"['Córdoba', 'Magallanes']",2,error,,,,,,,,,,
2013,15203,2013-08-11,Domingo,0.0,05:40:00,,0.0,2,"Moto/Ciclomotor,Automóvil",Brasil Y Sarratea Bis,3,0,1,0,1,1,0,,S/D,,ROSARIO,Rosario,Asfalto,S/D,II,S/D,S/D,Ninguna,No existe,Recta,Bueno,Buena,Amanecer,Buen Tiempo,Lateral,S/D,Colisión,S/D,Faltante,Ninguna,Sin restricción,error,"['Brasil', 'Sarratea']",2,error,,,,,,,,,,
2013,15331,2013-10-06,Domingo,0.0,05:10:00,,0.0,1,Automóvil,Av. Francia Y Ayacucho,1,1,0,0,0,0,0,,Calle,,ROSARIO,Rosario,S/D,S/D,II,Dentro,Urbana,S/D,S/D,S/D,S/D,S/D,Amanecer,S/D,Contra objeto fijo,S/D,Colisión,S/D,S/D,S/D,S/D,error,"['Avenida Francia', 'Ayacucho']",2,error,,,,,,,,,,
2013,15430,2013-11-17,Domingo,0.0,11:30:00,,0.0,1,Moto/Ciclomotor,Av. Wheelwright Y Entre Rios,2,0,0,0,0,2,0,,Avenida,,ROSARIO,Rosario,S/D,S/D,II,Dentro,Urbana,S/D,S/D,Intersección,S/D,S/D,Diurna,S/D,Contra objeto fijo,S/D,Colisión,S/D,S/D,S/D,S/D,error,"['Avenida Guillermo Wheelwright', 'Entre Ríos']",2,error,,,,,,,,,,
2013,15452,2013-11-19,Martes,0.0,18:30:00,,0.0,2,"Peatón,Tren",FRENCH Y VIAS DEL FERROCARRIL,2,0,0,0,1,1,0,,Calle,,ROSARIO,Rosario,S/D,S/D,II,Dentro,Urbana,S/D,S/D,Paso a Nivel FFCC,S/D,S/D,S/D,S/D,S/D,S/D,Atropello,S/D,S/D,S/D,S/D,sec calles no encontradas,"['French', 'Vias Del Ferrocarril']",2,error,,,,,,,,,,
2013,15580,2013-11-27,Miercoles,0.0,00:15:00,,0.0,1,Automóvil,Centeno Y Av. Circunvalacion,2,2,0,0,0,0,0,,Avenida,,ROSARIO,Rosario,S/D,S/D,II,Dentro,Urbana,S/D,S/D,S/D,S/D,S/D,Diurna,S/D,Contra objeto fijo,S/D,Colisión,S/D,S/D,S/D,S/D,error,"['Centeno', 'Circunvalacion']",2,error,,,,,,,,,,
2013,15597,2013-11-01,Viernes,0.0,08:00:00,,0.0,1,Tracción animal / Carro,Punta Lara Y Agrelo,2,0,1,0,1,0,0,,Calle,,ROSARIO,Rosario,S/D,S/D,II,S/D,Urbana,S/D,S/D,Intersección,S/D,S/D,Diurna,S/D,Contra objeto fijo,S/D,Colisión,S/D,S/D,S/D,S/D,error,"['Punta Lara', 'Agrela']",2,error,,,,,,,,,,
2013,15599,2013-11-11,Lunes,0.0,10:00:00,,0.0,3,"Pickup/Utilitario,Automóvil,Pickup/Utilitario",AV CIRCUNVALACION ALTURA PUENTE CENTENO ,10,3,0,0,7,0,0,,Avenida,,ROSARIO,Rosario,S/D,S/D,II,Dentro,Urbana,S/D,S/D,Recta,S/D,S/D,Diurna,S/D,Múltiple,S/D,Colisión,S/D,S/D,S/D,S/D,no funciono,['Circunvalacion Altura Puente Centeno'],1,Circunvalacion Altura Puente Centeno,,,,,,,,,,
2013,15600,2013-11-11,Lunes,0.0,10:00:00,,0.0,2,"Transporte de Pasajeros,Automóvil",AV CIRCUNVALACION ALTURA PUENTE CENTENO ,3,1,0,0,2,0,0,,Avenida,,ROSARIO,Rosario,S/D,S/D,II,Dentro,Urbana,S/D,S/D,Recta,S/D,S/D,Diurna,S/D,S/D,S/D,Colisión,S/D,S/D,S/D,Accidente Previo,no funciono,['Circunvalacion Altura Puente Centeno'],1,Circunvalacion Altura Puente Centeno,,,,,,,,,,
2013,15799,2013-07-31,Miercoles,0.0,,,0.0,2,"Otros,Otros", ,2,0,0,0,0,1,1,,S/D,,ROSARIO,Rosario,S/D,S/D,II,Dentro,Urbana,S/D,S/D,S/D,S/D,S/D,S/D,S/D,S/D,S/D,Colisión,S/D,S/D,S/D,S/D,,[''],0,,,,,,,,,,,
2013,15801,2013-08-10,Sabado,0.0,,,0.0,1,Peatón, ,1,0,0,0,0,1,0,,Calle,,ROSARIO,Rosario,S/D,S/D,II,Dentro,Urbana,S/D,S/D,S/D,S/D,S/D,S/D,S/D,S/D,S/D,S/D,S/D,S/D,S/D,S/D,,[''],0,,,,,,,,,,,