anio_acci,nro_acci,fecha,desc_dia,fecha_aprox,hora_aprox,desc_ruta,km,cant_participantes,desc_participante,calle_avenida_km,total,heridos_leves,heridos_graves,heridos_gravisimos,ilesos,fallecidos,sin_datos,posicion_XY,desc_tipo_via,desc_ruta_ori,desc_loc,desc_dpto,desc_tipo_calzada,desc_tipo_banquina,desc_unidad_regional,desc_lugar_calzada,desc_zona,desc_prioridad,desc_estado_semaforo,desc_lugar_via,desc_estado_via,desc_estado_visibilidad,desc_luminosidad,desc_estado_clima,desc_tipo_colision,desc_tipo_atropello,desc_tipo_hecho,desc_pres_calzada,desc_senializacion,desc_separacion_via,desc_restriccion,forma_geocod,calle_lista,numero_calles,calles_osm,lat,lon,index_right,gid,fna,gna,nam,in1,fdc,sag
2013,15802,2013-08-11,Domingo,0.0,,,0.0,1,Peatón, ,1,0,0,0,0,1,0,,Calle,,ROSARIO,Rosario,S/D,S/D,II,Dentro,Urbana,S/D,S/D,S/D,S/D,S/D,S/D,S/D,S/D,S/D,Atropello,S/D,S/D,S/D,S/D,,[''],0,,,,,,,,,,,
2013,15805,2013-08-19,Lunes,0.0,,,0.0,1,Moto/Ciclomotor, ,1,0,0,0,0,1,0,,S/D,,ROSARIO,Rosario,S/D,S/D,II,S/D,Urbana,S/D,S/D,S/D,S/D,S/D,S/D,S/D,S/D,S/D,S/D,S/D,S/D,S/D,S/D,,[''],0,,,,,,,,,,,
2013,15875,2013-09-21,Sabado,0.0,,,0.0,1,Otros, ,1,0,0,0,0,1,0,,S/D,,ROSARIO,Rosario,S/D,S/D,II,Dentro,Urbana,S/D,S/D,S/D,S/D,S/D,S/D,S/D,S/D,S/D,S/D,S/D,S/D,S/D,S/D,,[''],0,,,,,,,,,,,
2013,15878,2013-10-06,Domingo,0.0,,,0.0,1,Otros, ,1,0,0,0,0,1,0,,S/D,,ROSARIO,Rosario,S/D,S/D,II,S/D,S/D,S/D,S/D,S/D,S/D,S/D,S/D,S/D,S/D,S/D,S/D,S/D,S/D,S/D,S/D,,[''],0,,,,,,,,,,,
2013,15879,2013-10-09,Miercoles,0.0,,,0.0,1,Otros, ,1,0,0,0,0,1,0,,S/D,,ROSARIO,Rosario,S/D,S/D,II,Dentro,Urbana,S/D,S/D,S/D,S/D,S/D,S/D,S/D,S/D,S/D,S/D,S/D,S/D,S/D,S/D,,[''],0,,,,,,,,,,,
2013,15880,2013-10-13,Domingo,0.0,,,0.0,1,Tracción animal / Carro, ,1,0,0,0,0,1,0,,S/D,,ROSARIO,Rosario,S/D,S/D,II,S/D,Urbana,S/D,S/D,S/D,S/D,S/D,S/D,S/D,S/D,S/D,S/D,S/D,S/D,S/D,S/D,,[''],0,,,,,,,,,,,
2013,15881,2013-10-18,Viernes,0.0,,,0.0,1,Otros, ,1,0,0,0,0,1,0,,S/D,,ROSARIO,Rosario,S/D,S/D,II,S/D,Urbana,S/D,S/D,S/D,S/D,S/D,S/D,S/D,S/D,S/D,S/D,S/D,S/D,S/D,S/D,,[''],0,,,,,,,,,,,
2013,15887,2013-11-11,Lunes,0.0,,,0.0,1,Otros, ,1,0,0,0,0,1,0,,S/D,,ROSARIO,Rosario,S/D,S/D,II,S/D,Urbana,S/D,S/D,S/D,S/D,S/D,S/D,S/D,S/D,S/D,S/D,S/D,S/D,S/D,S/D,,[''],0,,,,,,,,,,,
2013,15888,2013-11-15,Viernes,0.0,,,0.0,1,Otros, ,1,0,0,0,0,1,0,,S/D,,ROSARIO,Rosario,S/D,S/D,II,S/D,Urbana,S/D,S/D,S/D,S/D,S/D,S/D,S/D,S/D,S/D,S/D,S/D,S/D,S/D,S/D,,[''],0,,,,,,,,,,,
2013,15890,2013-11-23,Sabado,0.0,,,0.0,1,Otros, ,1,0,0,0,0,1,0,,S/D,,ROSARIO,Rosario,S/D,S/D,II,S/D,Urbana,S/D,S/D,S/D,S/D,S/D,S/D,S/D,S/D,S/D,S/D,S/D,S/D,S/D,S/D,,[''],0,,,,,,,,,,,
2013,15893,2013-12-08,Domingo,0.0,,,0.0,1,Moto/Ciclomotor, ,1,0,0,0,0,1,0,,S/D,,ROSARIO,Rosario,S/D,S/D,II,S/D,Urbana,S/D,S/D,S/D,S/D,S/D,S/D,S/D,S/D,S/D,S/D,S/D,S/D,S/D,S/D,,[''],0,,,,,,,,,,,
2013,15897,2013-12-16,Lunes,0.0,,,0.0,1,Otros, ,1,0,0,0,0,1,0,,S/D,,ROSARIO,Rosario,S/D,S/D,II,S/D,Urbana,S/D,S/D,S/D,S/D,S/D,S/D,S/D,S/D,S/D,S/D,S/D,S/D,S/D,S/D,,[''],0,,,,,,,,,,,
2013,15900,2013-11-21,Jueves,0.0,,,0.0,1,Otros, ,1,0,0,0,0,1,0,,S/D,,ROSARIO,Rosario,S/D,S/D,II,S/D,Urbana,S/D,S/D,S/D,S/D,S/D,S/D,S/D,S/D,S/D,S/D,S/D,S/D,S/D,S/D,,[''],0,,,,,,,,,,,
2013,15901,2013-12-24,Martes,0.0,,,0.0,1,Otros, ,1,0,0,0,0,1,0,,S/D,,ROSARIO,Rosario,S/D,S/D,II,S/D,Urbana,S/D,S/D,S/D,S/D,S/D,S/D,S/D,S/D,S/D,S/D,S/D,S/D,S/D,S/D,,[''],0,,,,,,,,,,,
2013,15911,2013-10-09,Miercoles,0.0,,,0.0,1,Moto/Ciclomotor, ,1,0,0,0,0,1,0,,S/D,,ROSARIO,Rosario,S/D,S/D,II,S/D,Urbana,S/D,S/D,S/D,S/D,S/D,S/D,S/D,S/D,S/D,S/D,S/D,S/D,S/D,S/D,,[''],0,,,,,,,,,,,
2013,15912,2013-01-20,Domingo,0.0,06:30:00,,0.0,2,"Moto/Ciclomotor,Otros", ,2,0,0,0,0,1,1,,S/D,,ROSARIO,Rosario,S/D,S/D,I,Dentro,Urbana,S/D,S/D,S/D,S/D,S/D,Diurna,S/D,S/D,S/D,Colisión,S/D,S/D,S/D,S/D,,[''],0,,,,,,,,,,,
2013,15913,2013-04-18,Jueves,0.0,02:00:00,,0.0,2,"Moto/Ciclomotor,Pickup/Utilitario", ,2,0,0,0,0,1,1,,S/D,,ROSARIO,Rosario,S/D,S/D,II,Dentro,Urbana,S/D,S/D,S/D,S/D,S/D,S/D,S/D,S/D,S/D,Colisión,S/D,S/D,S/D,S/D,,[''],0,,,,,,,,,,,
2013,15915,2013-08-09,Viernes,0.0,21:00:00,,0.0,2,"Moto/Ciclomotor,Automóvil", ,2,0,0,0,0,1,1,,S/D,,ROSARIO,Rosario,S/D,S/D,II,Dentro,Urbana,S/D,S/D,S/D,S/D,S/D,Nocturna,S/D,S/D,S/D,Colisión,S/D,S/D,S/D,S/D,,[''],0,,,,,,,,,,,
2013,15916,2013-10-15,Martes,0.0,11:20:00,,0.0,2,"Moto/Ciclomotor,Bicicleta", ,2,0,0,0,0,1,1,,S/D,,ROSARIO,Rosario,S/D,S/D,II,Dentro,Urbana,S/D,S/D,S/D,S/D,S/D,Diurna,S/D,S/D,S/D,Atropello,S/D,S/D,S/D,S/D,,[''],0,,,,,,,,,,,
2013,15920,2013-12-31,Martes,0.0,,,0.0,1,Otros, ,1,0,0,0,0,1,0,,S/D,,ROSARIO,Rosario,S/D,S/D,II,Dentro,Urbana,S/D,S/D,S/D,S/D,S/D,S/D,S/D,S/D,S/D,S/D,S/D,S/D,S/D,S/D,,[''],0,,,,,,,,,,,
2013,15921,2013-12-31,Martes,0.0,,,0.0,1,Otros, ,1,0,0,0,0,1,0,,S/D,,ROSARIO,Rosario,S/D,S/D,II,S/D,S/D,S/D,S/D,S/D,S/D,S/D,S/D,S/D,S/D,S/D,S/D,S/D,S/D,S/D,S/D,,[''],0,,,,,,,,,,,
2014,481,2014-01-17,Viernes,0.0,23:40:00,,0.0,2,"Automóvil,Moto/Ciclomotor",AV. MONGSFELD Y AV. FRANCIA,2,0,1,0,1,0,0,,Avenida,,ROSARIO,Rosario,Asfalto,No existe,II,S/D,S/D,S/D,S/D,Intersección,Bueno,Reducida,Diurna,S/D,S/D,S/D,S/D,S/D,S/D,S/D,S/D,error,"['Mongsfeld', 'Avenida Francia']",2,error,,,,,,,,,,
2014,484,2014-01-20,Lunes,0.0,19:00:00,,0.0,2,"Automóvil,Moto/Ciclomotor",Av. Circunvalacion Y Av. Eudoro Carrasco,4,2,0,0,2,0,0,,Avenida,,ROSARIO,Rosario,Asfalto,No existe,II,Dentro,Urbana,Ninguna,No existe,Rotonda,Bueno,Buena,Diurna,Buen Tiempo,De alcance,S/D,Colisión,Otro,Horizontal,Cordón divisorio,Sin restricción,error,"['Circunvalacion', 'Avenida Eudoro Carrasco']",2,error,,,,,,,,,,
2014,487,2014-01-20,Lunes,0.0,15:30:00,,0.0,2,"Moto/Ciclomotor,Automóvil",Agrelo Y Luis Vila,3,2,0,0,1,0,0,,Calle,,ROSARIO,Rosario,Asfalto,No existe,II,Dentro,Urbana,Ninguna,No existe,Recta,Bueno,Buena,Diurna,Buen Tiempo,S/D,S/D,Colisión,Ninguna,Faltante,Ninguna,Sin restricción,error,"['Agrela', 'Doctor Vila']",2,error,,,,,,,,,,
2014,490,2014-01-22,Miercoles,0.0,18:30:00,,0.0,2,"Automóvil,Automóvil",Av. Carlos Colombres Y Ricardo Nuñez,2,1,0,0,1,0,0,,S/D,,ROSARIO,Rosario,Asfalto,No existe,II,Dentro,Urbana,Semáforo,Funciona,Recta,Bueno,Buena,Diurna,Buen Tiempo,S/D,S/D,Colisión,Ninguna,Horizontal,Cordón divisorio,Sin restricción,error,"['José Colombres', 'Ricardo Nuñez']",2,error,,,,,,,,,,
2014,491,2014-01-19,Domingo,0.0,02:00:00,,0.0,2,"Automóvil,Automóvil",Cordoba Y Rio De Janeiro,3,0,0,0,0,0,3,,Calle,,ROSARIO,Rosario,Asfalto,S/D,II,S/D,Urbana,S/D,S/D,Intersección,S/D,S/D,S/D,S/D,S/D,S/D,S/D,S/D,S/D,S/D,S/D,error,"['Córdoba', 'Río de Janeiro']",2,error,,,,,,,,,,
2014,492,2014-01-20,Lunes,0.0,12:00:00,,0.0,2,"Pickup/Utilitario,Moto/Ciclomotor",Zelaya Y Dr.Rivas,3,2,0,0,1,0,0,,Calle,,ROSARIO,Rosario,Asfalto,No existe,II,Dentro,Urbana,Marca Vial,No existe,Recta,Bueno,Buena,Diurna,Buen Tiempo,De alcance,S/D,Colisión,S/D,Horizontal,S/D,Sin restricción,error,"['Zelaya', 'Doctor Francisco Riva']",2,error,,,,,,,,,,
2014,531,2014-01-21,Martes,0.0,10:30:00,,0.0,3,"Automóvil,Camión,Camión",Av. Circunvalacion Bis 1800,3,0,1,0,2,0,0,,Avenida,,ROSARIO,Rosario,Asfalto,Pavimento,II,Dentro,Urbana,Ninguna,No existe,Recta,Bueno,Buena,Diurna,Buen Tiempo,Múltiple,S/D,Aplastamiento,S/D,Horizontal,Guardarrail,Reparación de Vía,no funciono,['Circunvalacion Bis 1800'],1,Circunvalacion Bis 1800,,,,,,,,,,
2014,533,2014-01-21,Martes,0.0,05:00:00,,0.0,1,Pickup/Utilitario,Av. Circunvalacion Bis 1800,1,0,1,0,0,0,0,,Avenida,,ROSARIO,Rosario,Asfalto,Pavimento,II,Dentro,Urbana,Ninguna,No existe,Puente,Otro,Buena,Nocturna,Buen Tiempo,Contra objeto fijo,S/D,Colisión,Otro,Horizontal,Guardarrail,"Obra en Construcción,Reparación de Vía",no funciono,['Circunvalacion Bis 1800'],1,Circunvalacion Bis 1800,,,,,,,,,,
2014,566,2014-01-03,Viernes,0.0,12:00:00,,0.0,2,"Automóvil,Moto/Ciclomotor",Av. Circunvalacion Y Av. Pellegrini,2,1,0,0,1,0,0,,Calle,,ROSARIO,Rosario,Asfalto,No existe,II,Dentro,Urbana,S/D,No existe,Otro,Bueno,Buena,Diurna,Buen Tiempo,Lateral,S/D,Colisión,S/D,S/D,Cordón divisorio,Sin restricción,error,"['Circunvalacion', 'Pellegrini']",2,error,,,,,,,,,,
2014,615,2014-01-13,Lunes,0.0,01:50:00,,0.0,2,"Moto/Ciclomotor,Automóvil",Av. Illia Y España,2,1,0,0,1,0,0,,Avenida,,ROSARIO,Rosario,Asfalto,No existe,II,Dentro,Urbana,Ninguna,No existe,Intersección,Bueno,Buena,"Nocturna,Con luz artificial",Buen Tiempo,Lateral,S/D,Colisión,S/D,Faltante,Ninguna,Sin restricción,error,"['Illia', 'España']",2,error,,,,,,,,,,
2014,627,2014-01-10,Viernes,0.0,08:50:00,,0.0,2,"Automóvil,Pickup/Utilitario",Paraguay Y Av. Corrientes,2,1,0,0,1,0,0,,Calle,,ROSARIO,Rosario,Asfalto,No existe,II,Dentro,Urbana,Semáforo,Funciona,Intersección,Bueno,Buena,Diurna,Buen Tiempo,De alcance,S/D,Colisión,S/D,Vertical,Ninguna,Sin restricción,error,"['Paraguay', 'Corrientes']",2,error,,,,,,,,,,
2014,633,2014-01-21,Martes,0.0,08:00:00,,0.0,2,"Moto/Ciclomotor,Automóvil",San Martin Y Av. Kennedy,2,1,0,0,1,0,0,,Avenida,,ROSARIO,Rosario,Asfalto,No existe,II,Dentro,Urbana,Ninguna,No existe,Recta,Bueno,Buena,Diurna,Buen Tiempo,Lateral,S/D,Colisión,Otro,Faltante,Ninguna,Sin restricción,error,"['San Martin', 'Kennedy']",2,error,,,,,,,,,,
2014,637,2014-01-26,Domingo,0.0,19:50:00,,0.0,2,"Moto/Ciclomotor,Automóvil",Piazzola Y San Luis,3,2,0,0,1,0,0,,S/D,,ROSARIO,Rosario,Asfalto,No existe,II,S/D,S/D,Ninguna,No existe,Recta,Con baches,Buena,Nocturna,Buen Tiempo,Lateral,S/D,Colisión,Agua,Faltante,Ninguna,Sin restricción,ppal calles no encontradas,"['Piazzola', 'San Luis']",2,error,,,,,,,,,,
2014,658,2014-01-09,Jueves,0.0,18:20:00,,0.0,1,Moto/Ciclomotor,Mont Cenis Y Paraguay,2,2,0,0,0,0,0,,Calle,,ROSARIO,Rosario,Asfalto,S/D,II,S/D,Urbana,Ninguna,No existe,Recta,Bueno,Buena,Atardecer,Buen Tiempo,Contra objeto fijo,S/D,Colisión,Fluidos,S/D,Cordón divisorio,Sin restricción,error,"['Mont Cenis', 'Paraguay']",2,error,,,,,,,,,,
2014,664,2014-01-31,Viernes,0.0,21:55:00,,0.0,3,"Automóvil,Moto/Ciclomotor,Automóvil",J.J.Paso Y Av. Provincias Unidas,4,2,0,0,2,0,0,,Calle,,ROSARIO,Rosario,Asfalto,No existe,II,Dentro,Urbana,Ninguna,No existe,Recta,Bueno,Buena,Nocturna,Buen Tiempo,Frontal,S/D,Colisión,S/D,S/D,Barrera de hormigón,Sin restricción,error,"['Paso', 'Avenida Provincias Unidas']",2,error,,,,,,,,,,
2014,678,2014-01-04,Sabado,0.0,08:00:00,,0.0,2,"Moto/Ciclomotor,Automóvil",Sanchez de Bustamante Y Alvarez Thomas,3,2,0,0,1,0,0,,Calle,,ROSARIO,Rosario,Asfalto,No existe,II,S/D,Urbana,Otra Señal,No existe,Recta,Bueno,Buena,Diurna,Buen Tiempo,Frontal,S/D,Colisión,S/D,Faltante,Ninguna,S/D,error,"['Sánchez de Bustamante', 'Alvarez Thomas']",2,error,,,,,,,,,,
2014,682,2014-01-16,Jueves,0.0,07:45:00,,0.0,2,"Automóvil,Moto/Ciclomotor", ,2,1,0,0,1,0,0,,Avenida,,ROSARIO,Rosario,Asfalto,No existe,II,Dentro,Urbana,Ninguna,No existe,Intersección,Bueno,Buena,"Diurna,Con luz artificial",Buen Tiempo,Lateral,S/D,Colisión,S/D,Faltante,Ninguna,Sin restricción,,[''],0,,,,,,,,,,,
2014,695,2014-01-23,Jueves,0.0,09:00:00,,0.0,2,"Automóvil,Moto/Ciclomotor",Brown Y Pje. Ramirez,2,1,0,0,1,0,0,,Calle,,ROSARIO,Rosario,Asfalto,S/D,II,S/D,Urbana,S/D,S/D,Recta,S/D,Buena,Atardecer,S/D,S/D,S/D,S/D,S/D,S/D,S/D,S/D,error,"['Brown', 'Ramírez']",2,error,,,,,,,,,,
2014,697,2014-01-10,Viernes,0.0,16:00:00,,0.0,2,"Moto/Ciclomotor,Automóvil",Bv. Oroño 6000,3,1,0,0,2,0,0,,Avenida,,ROSARIO,Rosario,Asfalto,S/D,II,Dentro,Urbana,S/D,S/D,S/D,Bueno,S/D,Diurna,Buen Tiempo,S/D,S/D,S/D,S/D,S/D,S/D,Accidente Previo,no funciono,['Nicasio Oroñoño 6000'],1,Nicasio Oroñoño 6000,,,,,,,,,,
2014,702,2014-01-14,Martes,0.0,07:40:00,,0.0,2,"Taxi/Remis,Moto/Ciclomotor", ,3,2,0,0,1,0,0,,Calle,,ROSARIO,Rosario,S/D,S/D,II,Dentro,Urbana,S/D,S/D,S/D,S/D,S/D,S/D,S/D,S/D,S/D,S/D,S/D,S/D,S/D,S/D,,[''],0,,,,,,,,,,,
2014,712,2014-01-20,Lunes,0.0,13:00:00,,0.0,2,"Moto/Ciclomotor,Peatón", ,2,1,0,0,1,0,0,,Calle,,ROSARIO,Rosario,S/D,Pavimento,II,Dentro,Urbana,S/D,S/D,Intersección,S/D,S/D,Diurna,S/D,S/D,S/D,Atropello,S/D,S/D,S/D,S/D,,[''],0,,,,,,,,,,,
2014,724,2014-01-04,Sabado,0.0,14:55:00,,0.0,2,"Moto/Ciclomotor,Automóvil", ,3,2,0,0,0,0,1,,Calle,,ROSARIO,Rosario,Asfalto,No existe,II,Dentro,Urbana,Marca Vial,No existe,Intersección,Bueno,Buena,Diurna,Buen Tiempo,Lateral,S/D,Colisión,Otro,Horizontal,Cordón divisorio,Sin restricción,,[''],0,,,,,,,,,,,
2014,742,2014-01-26,Domingo,0.0,21:00:00,,0.0,2,"Moto/Ciclomotor,Moto/Ciclomotor",Calle 1707 Y Pje. 1740,2,2,0,0,0,0,0,,Calle,,ROSARIO,Rosario,Asfalto,No existe,II,Dentro,Urbana,Ninguna,No existe,S/D,Bueno,Buena,Nocturna,Buen Tiempo,Lateral,S/D,Colisión,Agua,Faltante,S/D,Sin restricción,sec calles no encontradas,"['Martín Fierro', '1740']",2,error,,,,,,,,,,
2014,749,2014-01-16,Jueves,0.0,11:00:00,,0.0,2,"Moto/Ciclomotor,Peatón",24 De Setiembre Y Biedma,2,1,0,0,1,0,0,,Calle,,ROSARIO,Rosario,Asfalto,No existe,II,Dentro,Urbana,Ninguna,No existe,Recta,Bueno,Buena,Diurna,Buen Tiempo,S/D,S/D,Atropello,S/D,Horizontal,Ninguna,Sin restricción,error,"['24 de Septiembre', 'Coronel Biedma']",2,error,,,,,,,,,,
2014,750,2014-01-02,Jueves,0.0,18:00:00,,0.0,2,"Automóvil,Automóvil",TUNEL CELEDONIO ESCALADA ,2,1,0,0,1,0,0,,Calle,,ROSARIO,Rosario,Asfalto,No existe,II,S/D,Urbana,Ninguna,No existe,Curva,Otro,Buena,Diurna,Buen Tiempo,Otro,S/D,Colisión,Ninguna,Horizontal,Ninguna,Sin restricción,no funciono,['Tunel Celedonio Escalada'],1,Tunel Celedonio Escalada,,,,,,,,,,
2014,751,2014-01-28,Martes,0.0,12:30:00,,0.0,2,"Peatón,Automóvil",San Martin Y Olegario V.Andrade,2,1,0,0,1,0,0,,Calle,,ROSARIO,Rosario,Asfalto,S/D,II,Dentro,Urbana,S/D,S/D,Recta,Bueno,Buena,Diurna,Buen Tiempo,S/D,S/D,Atropello,S/D,S/D,S/D,S/D,error,"['San Martin', 'Olegario V Andrade']",2,error,,,,,,,,,,
2014,769,2014-01-02,Jueves,0.0,,,0.0,2,"Moto/Ciclomotor,Otros",Abanderado Grandoli Y Ocampo,3,1,0,1,1,0,0,,Calle,,ROSARIO,Rosario,Asfalto,S/D,II,Dentro,Urbana,S/D,S/D,Intersección,Bueno,S/D,S/D,Buen Tiempo,Lateral,S/D,S/D,Ninguna,Faltante,Ninguna,Sin restricción,error,"['Avenida Abanderado Grandoli', 'Ocampo']",2,error,,,,,,,,,,
2014,806,2014-01-20,Lunes,0.0,16:30:00,,0.0,2,"Moto/Ciclomotor,Otros",La Republica Y Dr.Maradona,2,1,0,0,1,0,0,,Calle,,ROSARIO,Rosario,Asfalto,No existe,II,Dentro,Urbana,Ninguna,No existe,Recta,Otro,S/D,Diurna,S/D,Frontal,S/D,Colisión,S/D,"Horizontal,Vertical",Barrera de hormigón,Sin restricción,error,"['La República', 'Doctor Maradona']",2,error,,,,,,,,,,
2014,813,2014-01-24,Viernes,0.0,12:40:00,,0.0,2,"Automóvil,Bicicleta",Pte.Roca Y Paraguay,2,1,0,0,1,0,0,,Calle,,ROSARIO,Rosario,S/D,S/D,II,Dentro,Urbana,S/D,S/D,S/D,S/D,S/D,S/D,S/D,S/D,S/D,Atropello,S/D,S/D,S/D,S/D,error,"['Roca', 'Paraguay']",2,error,,,,,,,,,,
2014,849,2014-01-07,Martes,0.0,12:45:00,,0.0,2,"Automóvil,Moto/Ciclomotor",Pje. Quintanilla Y Mitre,3,2,0,0,1,0,0,,Calle,,ROSARIO,Rosario,Asfalto,No existe,II,Dentro,Urbana,Ninguna,No existe,Intersección,Bueno,Buena,Diurna,Buen Tiempo,Lateral,S/D,Colisión,Ninguna,Faltante,Ninguna,Sin restricción,error,"['Quintanilla', 'Mitre']",2,error,,,,,,,,,,
2014,869,2014-01-06,Lunes,0.0,07:45:00,,0.0,2,"Automóvil,Moto/Ciclomotor",8 de Noviembre Y Albert Sabin,2,0,1,0,1,0,0,,Avenida,,ROSARIO,Rosario,Asfalto,No existe,II,S/D,S/D,Semáforo,Funciona,Recta,Bueno,Buena,Diurna,Buen Tiempo,Otro,S/D,Colisión,Otro,"Horizontal,Vertical",Cordón divisorio,Sin restricción,error,"['Ocho de Noviembre', 'Avenida Travesía Albert Sabin']",2,error,,,,,,,,,,
2014,870,2014-01-05,Domingo,0.0,18:00:00,,0.0,2,"Moto/Ciclomotor,Automóvil",Av. Belgrano Y L.N.Alem,2,1,0,0,1,0,0,,Calle,,ROSARIO,Rosario,S/D,No existe,II,Dentro,Urbana,Ninguna,No existe,Intersección,Otro,Buena,Atardecer,Otro,Lateral,S/D,Colisión,Otro,Faltante,Cordón divisorio,Sin restricción,error,"['Belgrano', 'Alem']",2,error,,,,,,,,,,
2014,893,2014-01-15,Miercoles,0.0,12:00:00,,0.0,2,"Moto/Ciclomotor,Pickup/Utilitario",GUILLERMO TELL 300,2,1,0,0,1,0,0,,Calle,,ROSARIO,Rosario,Asfalto,No existe,II,Dentro,Urbana,Ninguna,No existe,Recta,Bueno,Buena,Diurna,Buen Tiempo,De alcance,S/D,Colisión,S/D,S/D,Ninguna,Sin restricción,no funciono,['Guillermo Tell 300'],1,Guillermo Tell 300,,,,,,,,,,
2014,897,2014-01-06,Lunes,0.0,11:20:00,,0.0,2,"Moto/Ciclomotor,Automóvil",Rueda Y Ricchieri,3,2,0,0,1,0,0,,Calle,,ROSARIO,Rosario,Asfalto,S/D,II,S/D,Urbana,S/D,S/D,Intersección,S/D,S/D,Diurna,S/D,S/D,S/D,Colisión,S/D,S/D,S/D,S/D,error,"['Rueda', 'Ricchieri']",2,error,,,,,,,,,,
2014,910,2014-01-13,Lunes,0.0,21:30:00,,0.0,2,"Automóvil,Moto/Ciclomotor",Ricchieri Y Viamonte,3,1,0,0,2,0,0,,Calle,,ROSARIO,Rosario,S/D,S/D,II,S/D,Urbana,S/D,S/D,Intersección,S/D,S/D,Nocturna,S/D,S/D,S/D,Colisión,S/D,S/D,S/D,S/D,error,"['Ricchieri', 'Viamonte']",2,error,,,,,,,,,,
2014,972,2014-02-17,Lunes,0.0,17:10:00,,0.0,2,"Automóvil,Moto/Ciclomotor",Av. De Las Palmeras Y Lugones,2,1,0,0,1,0,0,,Calle,,ROSARIO,Rosario,Asfalto,No existe,II,Dentro,Urbana,S/D,No existe,Intersección,S/D,S/D,Diurna,S/D,S/D,S/D,S/D,S/D,S/D,S/D,S/D,error,"['Las Palmas', 'Lugones']",2,error,,,,,,,,,,
2014,976,2014-02-18,Martes,0.0,05:40:00,,0.0,2,"Moto/Ciclomotor,Automóvil",Garibaldi Y Pje. Espinillo,2,1,0,0,1,0,0,,Calle,,ROSARIO,Rosario,S/D,No existe,II,Dentro,Urbana,Ninguna,No existe,Intersección,Otro,Reducida,Amanecer,Otro,Lateral,S/D,Colisión,S/D,Faltante,Ninguna,Sin restricción,error,"['José Garibaldi', 'Espinillo']",2,error,,,,,,,,,,
2014,999,2014-02-14,Viernes,0.0,22:00:00,,0.0,2,"Moto/Ciclomotor,Automóvil",J.J.Paso Y Gambartes,2,1,0,0,1,0,0,,S/D,,ROSARIO,Rosario,Asfalto,No existe,II,Dentro,Urbana,Ninguna,S/D,Recta,Bueno,Buena,"Nocturna,Con luz artificial",Buen Tiempo,S/D,S/D,Colisión,S/D,S/D,Ninguna,Sin restricción,error,"['Paso', 'Gambartes']",2,error,,,,,,,,,,
2014,1000,2014-02-24,Lunes,0.0,17:00:00,,0.0,2,"Moto/Ciclomotor,Automóvil",Ayacucho Y Pje. 505,2,1,0,0,1,0,0,,Avenida,,ROSARIO,Rosario,Asfalto,No existe,II,Dentro,Urbana,Ninguna,No existe,Intersección,Otro,S/D,Diurna,S/D,Lateral,S/D,Colisión,Agua,S/D,Línea divisoria pintada,Sin restricción,error,"['Ayacucho', 'Calle 505']",2,error,,,,,,,,,,
2014,1021,2014-02-08,Sabado,0.0,,,0.0,2,"Automóvil,Automóvil", ,3,0,0,0,0,0,3,,S/D,,ROSARIO,Rosario,S/D,S/D,II,S/D,S/D,S/D,S/D,S/D,S/D,S/D,Nocturna,S/D,S/D,S/D,Colisión,S/D,S/D,S/D,S/D,,[''],0,,,,,,,,,,,
2014,1027,2014-02-09,Domingo,0.0,07:45:00,,0.0,2,"Automóvil,Taxi/Remis",Av. Eva Peron Y Bv. Wilde,3,2,0,0,1,0,0,,Calle,,ROSARIO,Rosario,Asfalto,No existe,II,Dentro,Urbana,Ninguna,No existe,Curva,S/D,Buena,Amanecer,S/D,Frontal,S/D,Colisión,S/D,Vertical,S/D,Sin restricción,error,"['Avenida Eva Perón', 'Bulevar Wilde']",2,error,,,,,,,,,,
2014,1032,2014-02-18,Martes,0.0,,,0.0,2,"Automóvil,Bicicleta",CESAR Y DANTE ALIGHIERI,2,1,0,0,1,0,0,,Calle,,ROSARIO,Rosario,S/D,S/D,II,S/D,Urbana,S/D,S/D,Rotonda,S/D,S/D,S/D,S/D,S/D,S/D,Atropello,S/D,S/D,S/D,S/D,error,"['Avenida Gobernador Caesar', 'Dante Alighieri']",2,error,,,,,,,,,,
2014,1051,2014-02-01,Sabado,0.0,11:30:00,,0.0,2,"Taxi/Remis,Pickup/Utilitario",Av. Pte.Peron Y Ecuador,2,1,0,0,1,0,0,,Avenida,,ROSARIO,Rosario,Asfalto,No existe,II,Dentro,Urbana,Ninguna,No existe,Intersección,Bueno,Buena,Diurna,Lluvia,Lateral,S/D,Colisión,Agua,Horizontal,Ninguna,Sin restricción,error,"['Avenida Presidente Perón', 'Ecuador']",2,error,,,,,,,,,,
2014,1053,2014-02-19,Miercoles,0.0,05:10:00,,0.0,2,"Automóvil,Taxi/Remis",Av. Provincias Unidas Y J.J.Paso,2,1,0,0,0,0,1,,S/D,,ROSARIO,Rosario,Asfalto,No existe,II,S/D,S/D,Ninguna,No existe,Recta,Bueno,Buena,Amanecer,Buen Tiempo,Frontal,S/D,Colisión,S/D,S/D,Ninguna,Sin restricción,error,"['Avenida Provincias Unidas', 'Paso']",2,error,,,,,,,,,,
2014,1054,2014-02-20,Jueves,0.0,13:40:00,,0.0,2,"Automóvil,Bicicleta",Ricchieri Y Ituzaingo,2,1,0,0,1,0,0,,Calle,,ROSARIO,Rosario,S/D,S/D,II,S/D,Urbana,S/D,S/D,Intersección,S/D,S/D,Diurna,S/D,S/D,S/D,Atropello,S/D,S/D,S/D,S/D,error,"['Ricchieri', 'Ituzaingó']",2,error,,,,,,,,,,
2014,1055,2014-02-04,Martes,0.0,09:30:00,,0.0,2,"Automóvil,Moto/Ciclomotor",Mendoza Y Nicolas Julian,3,2,0,0,1,0,0,,Avenida,,ROSARIO,Rosario,Asfalto,No existe,II,S/D,Urbana,Semáforo,Funciona,Intersección,Bueno,Buena,Diurna,Lluvia,Lateral,S/D,Colisión,Agua,Vertical,Ninguna,Sin restricción,error,"['Mendoza', 'Julián Nicolás']",2,error,,,,,,,,,,
2014,1061,2014-02-01,Sabado,0.0,23:20:00,,0.0,2,"Moto/Ciclomotor,Peatón",Tte.Agneta Bis 200,2,1,0,0,1,0,0,,Calle,,ROSARIO,Rosario,Asfalto,No existe,II,S/D,Urbana,Ninguna,No existe,Recta,S/D,S/D,Nocturna,S/D,S/D,S/D,Atropello,S/D,Faltante,Ninguna,Sin restricción,no funciono,['Tenienteagneta Bis 200'],1,Tenienteagneta Bis 200,,,,,,,,,,
2014,1084,2014-02-27,Jueves,0.0,14:10:00,,0.0,2,"Automóvil,Automóvil",Cordoba Y Garzon,2,1,0,0,1,0,0,,Avenida,,ROSARIO,Rosario,Asfalto,No existe,II,Dentro,Urbana,Semáforo,Funciona,Intersección,Bueno,Buena,Nocturna,Buen Tiempo,Lateral,S/D,Colisión,Ninguna,Vertical,Ninguna,Sin restricción,error,"['Córdoba', 'Garzón']",2,error,,,,,,,,,,
2014,1086,2014-02-21,Viernes,0.0,22:00:00,,0.0,2,"Moto/Ciclomotor,Automóvil",Rivarola Y J.M.de Rosas,2,1,0,0,1,0,0,,Calle,,ROSARIO,Rosario,Hormigón,No existe,II,S/D,Urbana,Ninguna,No existe,Intersección,Con baches,Buena,Nocturna,Buen Tiempo,Lateral,S/D,Colisión,S/D,S/D,S/D,Sin restricción,error,"['Rivarola', 'De Rosas']",2,error,,,,,,,,,,
2014,1096,2014-02-13,Jueves,0.0,11:00:00,,0.0,2,"Peatón,Automóvil", ,2,1,0,0,1,0,0,,S/D,,ROSARIO,Rosario,Asfalto,No existe,II,Dentro,Urbana,Ninguna,No existe,Intersección,Bueno,Buena,Diurna,Buen Tiempo,S/D,S/D,Atropello,Otro,S/D,Ninguna,S/D,,[''],0,,,,,,,,,,,
2014,1098,2014-02-17,Lunes,0.0,12:30:00,,0.0,2,"Moto/Ciclomotor,Pickup/Utilitario",Olmos Bis Y Av. Genova,2,1,0,0,0,0,1,,Avenida,,ROSARIO,Rosario,Hormigón,S/D,II,Dentro,Urbana,Ninguna,No existe,Intersección,Bueno,Buena,Atardecer,S/D,Lateral,S/D,Colisión,S/D,Horizontal,Barrera de hormigón,Sin restricción,error,"['Los Olmos', 'Genova']",2,error,,,,,,,,,,
2014,1103,2014-02-19,Miercoles,0.0,15:30:00,,0.0,2,"Moto/Ciclomotor,Automóvil",Cordoba Y Ecuador,2,0,0,0,1,0,1,,Calle,,ROSARIO,Rosario,Asfalto,No existe,II,Dentro,Urbana,Ninguna,Funciona,Intersección,S/D,Buena,Diurna,Buen Tiempo,Lateral,S/D,Colisión,S/D,Horizontal,Ninguna,Sin restricción,error,"['Córdoba', 'Ecuador']",2,error,,,,,,,,,,
2014,1108,2014-02-22,Sabado,0.0,18:20:00,,0.0,2,"Automóvil,Automóvil",Larrea Y Esquivel,2,1,0,0,1,0,0,,Calle,,ROSARIO,Rosario,S/D,No existe,II,Dentro,Urbana,Ninguna,No existe,Intersección,S/D,Buena,Diurna,S/D,Lateral,S/D,Colisión,S/D,Faltante,Ninguna,Sin restricción,error,"['Larrea', 'Esquivel']",2,error,,,,,,,,,,
2014,1110,2014-04-20,Domingo,0.0,17:50:00,,0.0,2,"Automóvil,Moto/Ciclomotor", ,2,1,0,0,1,0,0,,Calle,,ROSARIO,Rosario,S/D,No existe,II,Dentro,Urbana,Ninguna,No existe,Intersección,S/D,Buena,Diurna,S/D,Lateral,S/D,Colisión,S/D,Faltante,Ninguna,Sin restricción,,[''],0,,,,,,,,,,,