anio_acci,nro_acci,fecha,desc_dia,fecha_aprox,hora_aprox,desc_ruta,km,cant_participantes,desc_participante,calle_avenida_km,total,heridos_leves,heridos_graves,heridos_gravisimos,ilesos,fallecidos,sin_datos,posicion_XY,desc_tipo_via,desc_ruta_ori,desc_loc,desc_dpto,desc_tipo_calzada,desc_tipo_banquina,desc_unidad_regional,desc_lugar_calzada,desc_zona,desc_prioridad,desc_estado_semaforo,desc_lugar_via,desc_estado_via,desc_estado_visibilidad,desc_luminosidad,desc_estado_clima,desc_tipo_colision,desc_tipo_atropello,desc_tipo_hecho,desc_pres_calzada,desc_senializacion,desc_separacion_via,desc_restriccion,forma_geocod,calle_lista,numero_calles,calles_osm,lat,lon,index_right,gid,fna,gna,nam,in1,fdc,sag
2014,1112,2014-02-07,Viernes,0.0,06:25:00,,0.0,2,"Peatón,Tren",San Martin Y Av. Battle y Ordoñez,2,0,0,1,1,0,0,,Calle,,ROSARIO,Rosario,S/D,No existe,II,Dentro,Urbana,Semáforo,Funciona,Intersección,Bueno,Buena,Diurna,Buen Tiempo,S/D,S/D,Atropello,Ninguna,Vertical,Ninguna,Sin restricción,error,"['San Martin', 'Avenida Battle y Ordoñez']",2,error,,,,,,,,,,
2014,1118,2014-02-14,Viernes,0.0,20:20:00,,0.0,2,"Moto/Ciclomotor,Automóvil",San Martin Y Av. Battle y Ordoñez,2,1,0,0,1,0,0,,Avenida,,ROSARIO,Rosario,Asfalto,No existe,II,Dentro,Urbana,Semáforo,Funciona,Intersección,Bueno,Buena,"Nocturna,Con luz artificial",Buen Tiempo,Lateral,S/D,Colisión,Ninguna,Vertical,Cordón divisorio,Sin restricción,error,"['San Martin', 'Avenida Battle y Ordoñez']",2,error,,,,,,,,,,
2014,1120,2014-02-16,Domingo,0.0,12:30:00,,0.0,2,"Moto/Ciclomotor,Automóvil", ,2,1,0,0,1,0,0,,Avenida,,ROSARIO,Rosario,Asfalto,No existe,II,Dentro,Urbana,Semáforo,No existe,Intersección,S/D,Buena,Diurna,Buen Tiempo,Lateral,S/D,Colisión,Ninguna,Vertical,Cordón divisorio,Sin restricción,,[''],0,,,,,,,,,,,
2014,1126,2014-02-27,Jueves,0.0,22:30:00,,0.0,2,"Automóvil,Peatón",Av. Battle y Ordoñez Y Bv. Oroño,2,1,0,0,1,0,0,,Avenida,,ROSARIO,Rosario,Asfalto,Pavimento,II,Dentro,Urbana,S/D,S/D,Intersección,Bueno,S/D,Nocturna,S/D,S/D,S/D,Atropello,S/D,S/D,S/D,S/D,error,"['Avenida Battle y Ordoñez', 'Bulevar Nicasio Oroño']",2,error,,,,,,,,,,
2014,1138,2014-02-06,Jueves,0.0,14:00:00,,0.0,2,"Bicicleta,Automóvil",Pte.Roca 1100,2,1,0,0,1,0,0,,Calle,,ROSARIO,Rosario,Asfalto,S/D,II,Dentro,Urbana,Ninguna,No existe,Recta,Bueno,Buena,Diurna,Buen Tiempo,S/D,S/D,Atropello,S/D,Faltante,Cordón divisorio,Sin restricción,no funciono,['Presidenteroca 1100'],1,Presidenteroca 1100,,,,,,,,,,
2014,1156,2014-02-18,Martes,0.0,16:00:00,,0.0,2,"Automóvil,Automóvil",Monte Flores Y Av. Alberdi Bis,4,2,0,0,2,0,0,,Calle,,ROSARIO,Rosario,Asfalto,S/D,II,Dentro,Urbana,S/D,S/D,Intersección,Bueno,S/D,Diurna,S/D,S/D,S/D,S/D,S/D,S/D,S/D,S/D,error,"['Monte Flores', 'Alberdi']",2,error,,,,,,,,,,
2014,1180,2014-02-07,Viernes,0.0,14:30:00,,0.0,2,"Peatón,Otros",Av de los inmigrantes Y Av. Pellegrini,2,1,0,0,0,0,1,,Calle,,ROSARIO,Rosario,S/D,S/D,II,S/D,Urbana,S/D,S/D,Intersección,S/D,S/D,Diurna,S/D,S/D,S/D,Atropello,S/D,S/D,Cordón divisorio,S/D,error,"['Los Inmigrantes', 'Pellegrini']",2,error,,,,,,,,,,
2014,1189,2014-02-08,Sabado,0.0,17:30:00,,0.0,2,"Moto/Ciclomotor,Pickup/Utilitario",Av. E.Lopez Y Av. Plaza Argentina,2,1,0,0,1,0,0,,Calle,,ROSARIO,Rosario,S/D,S/D,II,Dentro,Urbana,S/D,S/D,S/D,S/D,S/D,Diurna,S/D,S/D,S/D,S/D,S/D,S/D,S/D,S/D,error,"['Lopez', 'Plaza Argentina']",2,error,,,,,,,,,,
2014,1194,2014-02-11,Martes,0.0,11:50:00,,0.0,2,"Moto/Ciclomotor,Peatón",Santiago Y Pje. Edison,3,0,1,0,2,0,0,,Calle,,ROSARIO,Rosario,Asfalto,Pavimento,II,Dentro,Urbana,S/D,S/D,Recta,S/D,S/D,Diurna,S/D,S/D,S/D,Atropello,S/D,S/D,S/D,S/D,error,"['Santiago', 'Edison']",2,error,,,,,,,,,,
2014,1228,2014-02-01,Sabado,0.0,09:35:00,,0.0,2,"Automóvil,Moto/Ciclomotor",Cordoba Y Gutenberg,2,1,0,0,1,0,0,,Calle,,ROSARIO,Rosario,Asfalto,S/D,II,S/D,Urbana,S/D,S/D,Intersección,S/D,S/D,Diurna,S/D,S/D,S/D,Colisión,S/D,S/D,S/D,S/D,error,"['Córdoba', 'Gutenberg']",2,error,,,,,,,,,,
2014,1639,2014-03-02,Domingo,0.0,08:30:00,,0.0,2,"Moto/Ciclomotor,Automóvil",Cordoba Y Av. Provincias Unidas,3,2,0,0,1,0,0,,Calle,,ROSARIO,Rosario,Asfalto,No existe,II,Dentro,Urbana,Marca Vial,No existe,Intersección,Bueno,Buena,Diurna,Buen Tiempo,Lateral,S/D,Colisión,Ninguna,Vertical,S/D,Sin restricción,error,"['Córdoba', 'Avenida Provincias Unidas']",2,error,,,,,,,,,,
2014,1643,2014-03-12,Miercoles,0.0,22:00:00,,0.0,2,"Moto/Ciclomotor,Automóvil",Laprida Y Buenos Aires,3,2,0,0,1,0,0,,Calle,,ROSARIO,Rosario,Asfalto,No existe,II,Dentro,Urbana,Marca Vial,No existe,Intersección,Bueno,Buena,"Nocturna,Con luz artificial",Buen Tiempo,Lateral,S/D,Colisión,Ninguna,Horizontal,Línea divisoria pintada,Sin restricción,error,"['Laprida', 'Buenos Aires']",2,error,,,,,,,,,,
2014,1644,2014-03-20,Jueves,0.0,19:30:00,,0.0,2,"Automóvil,Automóvil",Ayacucho Y Pje. Guillermo Penn Bis,2,1,0,0,1,0,0,,Calle,,ROSARIO,Rosario,Asfalto,No existe,II,Dentro,Urbana,Marca Vial,No existe,Intersección,Bueno,Buena,"Nocturna,Con luz artificial",Buen Tiempo,Lateral,S/D,Colisión,Ninguna,Vertical,Línea divisoria pintada,Sin restricción,error,"['Ayacucho', 'Guillermo Penn']",2,error,,,,,,,,,,
2014,1658,2014-03-12,Miercoles,0.0,22:00:00,,0.0,2,"Moto/Ciclomotor,Automóvil",Laprida Y Buenos Aires,3,2,0,0,1,0,0,,Calle,,ROSARIO,Rosario,Asfalto,No existe,II,Dentro,Urbana,Marca Vial,No existe,Intersección,Bueno,Buena,"Nocturna,Con luz artificial",Buen Tiempo,Lateral,S/D,Colisión,Ninguna,Vertical,Línea divisoria pintada,Sin restricción,error,"['Laprida', 'Buenos Aires']",2,error,,,,,,,,,,
2014,1667,2014-03-21,Viernes,0.0,23:00:00,,0.0,2,"Peatón,Automóvil", ,2,1,0,0,1,0,0,,S/D,,ROSARIO,Rosario,Asfalto,S/D,II,S/D,S/D,Marca Vial,S/D,Intersección,Bueno,Buena,"Nocturna,Con luz artificial",Buen Tiempo,S/D,S/D,Atropello,Ninguna,Vertical,Línea divisoria pintada,Sin restricción,,[''],0,,,,,,,,,,,
2014,1679,2014-03-10,Lunes,0.0,13:20:00,,0.0,2,"Automóvil,Moto/Ciclomotor",Mitre Y Olegario V.Andrade,2,0,1,0,1,0,0,,Calle,,ROSARIO,Rosario,Asfalto,No existe,II,Dentro,Urbana,Ninguna,No existe,Intersección,Bueno,Buena,Diurna,Buen Tiempo,Lateral,S/D,Colisión,Ninguna,Faltante,Ninguna,Sin restricción,error,"['Mitre', 'Olegario V Andrade']",2,error,,,,,,,,,,
2014,1719,2014-03-24,Lunes,0.0,19:00:00,,0.0,2,"Bicicleta,Transporte de Pasajeros Larga Distancia (> 8 asientos)",Bv. Oroño 2800,2,0,0,1,1,0,0,,Avenida,,ROSARIO,Rosario,S/D,S/D,II,Dentro,Urbana,S/D,S/D,S/D,S/D,S/D,Atardecer,S/D,S/D,S/D,Atropello,S/D,S/D,S/D,S/D,no funciono,['Nicasio Oroñoño 2800'],1,Nicasio Oroñoño 2800,,,,,,,,,,
2014,1761,2014-03-06,Jueves,0.0,12:00:00,,0.0,2,"Automóvil,Automóvil",Sipe Sipe Y Callao,3,1,0,0,2,0,0,,Calle,,ROSARIO,Rosario,Asfalto,No existe,II,S/D,Urbana,S/D,Funciona,Recta,Bueno,Buena,Diurna,Buen Tiempo,S/D,S/D,Colisión,S/D,Horizontal,Ninguna,Sin restricción,error,"['Sipe Sipe', 'Callao']",2,error,,,,,,,,,,
2014,1788,2014-03-04,Martes,0.0,,,0.0,2,"Moto/Ciclomotor,Taxi/Remis",Av. Francia Y Av. Caseros Bis,2,1,0,0,1,0,0,,Avenida,,ROSARIO,Rosario,Asfalto,Pavimento,II,Dentro,Urbana,Semáforo,Funciona,Intersección,Bueno,Buena,S/D,Buen Tiempo,Lateral,S/D,Colisión,Ninguna,Vertical,Cordón divisorio,Sin restricción,error,"['Avenida Francia', 'Caseros']",2,error,,,,,,,,,,
2014,1849,2014-03-01,Sabado,0.0,23:00:00,,0.0,2,"Moto/Ciclomotor,Automóvil",Virasoro Y Mont Cenis,2,1,0,0,1,0,0,,Calle,,ROSARIO,Rosario,Asfalto,S/D,II,Dentro,Urbana,S/D,S/D,Recta,S/D,S/D,Nocturna,S/D,Frontal,S/D,Colisión,S/D,S/D,S/D,S/D,error,"['Virasoro', 'Mont Cenis']",2,error,,,,,,,,,,
2014,1856,2014-03-05,Miercoles,0.0,01:15:00,,0.0,2,"Automóvil,Moto/Ciclomotor",Av. Eudoro Carrasco 3400,3,1,0,0,2,0,0,,Calle,,ROSARIO,Rosario,Asfalto,S/D,II,Dentro,Urbana,S/D,S/D,Recta,Bueno,S/D,"Nocturna,Con luz artificial",S/D,S/D,S/D,S/D,S/D,S/D,Cordón divisorio,S/D,no funciono,['Eudnicasio Oroño Carrasco 3400'],1,Eudnicasio Oroño Carrasco 3400,,,,,,,,,,
2014,1860,2014-03-09,Domingo,0.0,08:45:00,,0.0,2,"Automóvil,Moto/Ciclomotor",Agrelo Y Martin Fierro,3,1,0,0,2,0,0,,Calle,,ROSARIO,Rosario,Asfalto,S/D,II,Dentro,Urbana,S/D,No existe,Recta,Bueno,S/D,Diurna,S/D,S/D,S/D,S/D,S/D,S/D,S/D,S/D,error,"['Agrela', 'Martin Fierro']",2,error,,,,,,,,,,
2014,1941,2014-03-15,Sabado,0.0,14:30:00,,0.0,2,"Moto/Ciclomotor,Automóvil", ,2,1,0,0,1,0,0,,S/D,,ROSARIO,Rosario,Asfalto,S/D,II,S/D,Urbana,S/D,S/D,Intersección,S/D,S/D,Diurna,S/D,S/D,S/D,Colisión,S/D,S/D,S/D,S/D,,[''],0,,,,,,,,,,,
2014,2135,2014-03-01,Sabado,0.0,21:30:00,,0.0,2,"Moto/Ciclomotor,Automóvil",San Nicolas Y San Martin,2,1,0,0,1,0,0,,Calle,,ROSARIO,Rosario,Asfalto,Pavimento,II,Dentro,Urbana,Ninguna,No existe,Intersección,S/D,Buena,Nocturna,Buen Tiempo,Lateral,S/D,Colisión,S/D,S/D,Ninguna,Sin restricción,error,"['San Nicolás', 'San Martin']",2,error,,,,,,,,,,
2014,2163,2014-03-26,Miercoles,0.0,20:30:00,,0.0,2,"Moto/Ciclomotor,Automóvil",Donado Y Brandsen,2,0,0,0,0,0,2,,Calle,,ROSARIO,Rosario,Asfalto,No existe,II,Dentro,Urbana,Ninguna,No existe,Recta,Bueno,Buena,Nocturna,S/D,Frontal,S/D,Colisión,S/D,Horizontal,Ninguna,Sin restricción,error,"['Donado', 'Brandsen']",2,error,,,,,,,,,,
2014,2169,2014-03-23,Domingo,0.0,,,0.0,2,"Moto/Ciclomotor,Automóvil",Av. Eva Peron Y Bv. Wilde,2,1,0,0,1,0,0,,Calle,,ROSARIO,Rosario,Asfalto,Pavimento,II,Dentro,Urbana,Ninguna,No existe,Curva,S/D,S/D,Nocturna,S/D,Frontal,S/D,Colisión,S/D,Horizontal,Ninguna,Sin restricción,error,"['Avenida Eva Perón', 'Bulevar Wilde']",2,error,,,,,,,,,,
2014,2224,2014-03-15,Sabado,0.0,15:30:00,,0.0,2,"Bicicleta,Automóvil",Bv. Oroño 1000,2,1,0,0,1,0,0,,Avenida,,ROSARIO,Rosario,Asfalto,S/D,II,Dentro,Urbana,Ninguna,S/D,Recta,Bueno,Buena,Diurna,Buen Tiempo,S/D,S/D,Atropello,S/D,Faltante,S/D,Sin restricción,no funciono,['Nicasio Oroñoño 1000'],1,Nicasio Oroñoño 1000,,,,,,,,,,
2014,2227,2014-03-23,Domingo,0.0,06:00:00,,0.0,2,"Peatón,Automóvil",Pte.Roca 700,2,1,0,0,1,0,0,,Calle,,ROSARIO,Rosario,Asfalto,No existe,II,Dentro,Urbana,Ninguna,No existe,Recta,Bueno,Buena,Diurna,Buen Tiempo,S/D,S/D,Atropello,S/D,Faltante,S/D,Sin restricción,no funciono,['Presidenteroca 700'],1,Presidenteroca 700,,,,,,,,,,
2014,2270,2014-03-21,Viernes,0.0,18:00:00,,0.0,2,"Moto/Ciclomotor,Automóvil",Larrea Y Rivarola,2,2,0,0,0,0,0,,Calle,,ROSARIO,Rosario,"Asfalto,Hormigón",No existe,II,S/D,Urbana,Ninguna,No existe,Intersección,Con baches,Buena,Diurna,Buen Tiempo,Lateral,S/D,Colisión,S/D,S/D,S/D,Sin restricción,error,"['Larrea', 'Rivarola']",2,error,,,,,,,,,,
2014,2277,2014-03-28,Viernes,0.0,09:30:00,,0.0,2,"Bicicleta,Automóvil",Bv. Segui Y Av. De Las Palmeras,2,1,0,0,0,0,1,,S/D,,ROSARIO,Rosario,"Asfalto,Hormigón",No existe,II,S/D,Urbana,Ninguna,No existe,Intersección,Resbaladiza,Buena,Diurna,Buen Tiempo,S/D,S/D,Atropello,S/D,S/D,S/D,Sin restricción,error,"['Bulevar Juan Francisco Seguí', 'Las Palmas']",2,error,,,,,,,,,,
2014,2279,2014-03-16,Domingo,0.0,07:00:00,,0.0,2,"Automóvil,Moto/Ciclomotor", ,3,1,0,0,2,0,0,,Calle,,ROSARIO,Rosario,Asfalto,No existe,II,Dentro,Urbana,Ninguna,No existe,Intersección,Bueno,Buena,Amanecer,Buen Tiempo,Lateral,S/D,Colisión,Ninguna,Horizontal,Ninguna,Sin restricción,,[''],0,,,,,,,,,,,
2014,2282,2014-03-10,Lunes,0.0,12:00:00,,0.0,2,"Moto/Ciclomotor,Pickup/Utilitario",Cullen Y Fraga,2,2,0,0,0,0,0,,Calle,,ROSARIO,Rosario,Hormigón,No existe,II,S/D,Urbana,Ninguna,No existe,Intersección,Con baches,Buena,Diurna,Buen Tiempo,Lateral,S/D,Colisión,S/D,S/D,S/D,Sin restricción,error,"['Cullen', 'Fraga']",2,error,,,,,,,,,,
2014,2286,2014-03-05,Miercoles,0.0,16:55:00,,0.0,2,"Moto/Ciclomotor,Automóvil",Cordoba Y Colombia,2,1,0,0,1,0,0,,Calle,,ROSARIO,Rosario,Asfalto,No existe,II,S/D,Urbana,Ninguna,No existe,Intersección,Bueno,Buena,Diurna,Buen Tiempo,Lateral,S/D,Colisión,Ninguna,Horizontal,Ninguna,Sin restricción,error,"['Córdoba', 'Colombia']",2,error,,,,,,,,,,
2014,2288,2014-03-27,Jueves,0.0,18:45:00,,0.0,2,"Automóvil,Automóvil",Av. Eudoro Carrasco Y Solis,2,1,0,0,1,0,0,,Calle,,ROSARIO,Rosario,S/D,S/D,II,Dentro,Urbana,Ninguna,S/D,Recta,S/D,S/D,Diurna,Buen Tiempo,De alcance,S/D,Colisión,S/D,S/D,S/D,Sin restricción,error,"['Avenida Eudoro Carrasco', 'Solis']",2,error,,,,,,,,,,
2014,2290,2014-03-15,Sabado,0.0,07:30:00,,0.0,2,"Moto/Ciclomotor,Automóvil",Av. De Las Palmeras Y Av. Pte.Peron,2,2,0,0,0,0,0,,Avenida,,ROSARIO,Rosario,"Asfalto,Hormigón",Pavimento,II,S/D,Urbana,Ninguna,No existe,Intersección,Bueno,Buena,Diurna,Buen Tiempo,Lateral,S/D,Colisión,S/D,S/D,S/D,Sin restricción,error,"['Las Palmas', 'Avenida Presidente Perón']",2,error,,,,,,,,,,
2014,2293,2014-03-18,Martes,0.0,14:30:00,,0.0,2,"Moto/Ciclomotor,Automóvil",Av. Pte.Peron 8100,2,2,0,0,0,0,0,,Avenida,,ROSARIO,Rosario,"Asfalto,Hormigón",Pavimento,II,S/D,Urbana,Semáforo,Funciona,Recta,Con baches,Buena,Diurna,Buen Tiempo,De alcance,S/D,Colisión,S/D,Vertical,S/D,Sin restricción,no funciono,['Presidenteperon 8100'],1,Presidenteperon 8100,,,,,,,,,,
2014,2323,2014-03-07,Viernes,0.0,17:00:00,,0.0,2,"Automóvil,Automóvil",Av. Pte.Peron Y Av. De Las Palmeras,2,1,0,0,0,0,1,,Avenida,,ROSARIO,Rosario,"Asfalto,Hormigón",No existe,II,S/D,Urbana,Ninguna,No existe,Intersección,Con baches,Buena,Diurna,Buen Tiempo,Lateral,S/D,Colisión,S/D,S/D,S/D,Sin restricción,error,"['Avenida Presidente Perón', 'Las Palmas']",2,error,,,,,,,,,,
2014,2336,2014-03-21,Viernes,0.0,22:55:00,,0.0,2,"Automóvil,Moto/Ciclomotor",Lavalle Y Buenos Aires,2,1,0,0,1,0,0,,Calle,,ROSARIO,Rosario,Asfalto,No existe,II,S/D,Urbana,Ninguna,No existe,Intersección,Bueno,Buena,"Nocturna,Con luz artificial",Buen Tiempo,S/D,S/D,Colisión,Ninguna,Faltante,Ninguna,Sin restricción,error,"['Lavalle', 'Buenos Aires']",2,error,,,,,,,,,,
2014,2435,2014-03-04,Martes,0.0,09:15:00,,0.0,4,"Automóvil,Automóvil,Automóvil,Automóvil",Av. Circunvalacion Y Av. Pellegrini,4,1,0,0,0,0,3,,Calle,,ROSARIO,Rosario,S/D,S/D,II,Dentro,Urbana,S/D,S/D,S/D,S/D,S/D,S/D,S/D,Múltiple,S/D,Colisión,S/D,S/D,S/D,S/D,error,"['Circunvalacion', 'Pellegrini']",2,error,,,,,,,,,,
2014,2462,2014-03-20,Jueves,0.0,13:15:00,,0.0,2,"Moto/Ciclomotor,Automóvil", ,4,3,0,0,1,0,0,,Avenida,,ROSARIO,Rosario,Asfalto,S/D,II,Dentro,Urbana,Ninguna,No existe,Recta,Bueno,Buena,Diurna,Otro,Otro,S/D,Colisión,Ninguna,Horizontal,Cordón divisorio,Sin restricción,,[''],0,,,,,,,,,,,
2014,2471,2014-04-01,Martes,0.0,23:30:00,,0.0,3,"Automóvil,Moto/Ciclomotor,Moto/Ciclomotor",Valparaiso Y Cordoba,3,2,0,0,1,0,0,,Calle,,ROSARIO,Rosario,Asfalto,S/D,II,Dentro,Urbana,S/D,S/D,Intersección,S/D,S/D,Nocturna,S/D,S/D,S/D,Colisión,S/D,S/D,S/D,S/D,error,"['Valparaíso', 'Córdoba']",2,error,,,,,,,,,,
2014,2488,2014-03-13,Jueves,0.0,10:00:00,,0.0,2,"Bicicleta,Automóvil",Av. Pte.Peron Y 3 De Febrero,2,1,0,0,1,0,0,,Calle,,ROSARIO,Rosario,Asfalto,No existe,II,S/D,Urbana,Ninguna,No existe,Recta,Bueno,Buena,Diurna,Buen Tiempo,S/D,S/D,Atropello,S/D,Faltante,Ninguna,Sin restricción,error,"['Avenida Presidente Perón', '3 de Febrero']",2,error,,,,,,,,,,
2014,2490,2014-04-07,Lunes,0.0,14:50:00,,0.0,2,"Moto/Ciclomotor,Otros",Cordoba Y Servando Bayo,2,0,0,1,1,0,0,,Calle,,ROSARIO,Rosario,Asfalto,No existe,II,Dentro,Urbana,Ninguna,No existe,Recta,Bueno,Buena,Diurna,Buen Tiempo,Otro,S/D,Colisión,Agua,Vertical,Barrera de alto impacto,Obra en Construcción,error,"['Córdoba', 'Servando Bayo']",2,error,,,,,,,,,,
2014,2518,2014-03-21,Viernes,0.0,00:00:00,,0.0,2,"Automóvil,Transporte de Pasajeros Larga Distancia (> 8 asientos)",Bv. Oroño Y Av. Battle y Ordoñez,3,2,0,0,1,0,0,,Avenida,,ROSARIO,Rosario,Asfalto,S/D,II,Dentro,Urbana,Ninguna,Funciona,Recta,Bueno,Buena,Nocturna,Otro,Otro,S/D,Colisión,Ninguna,Vertical,Cordón divisorio,Sin restricción,error,"['Bulevar Nicasio Oroño', 'Avenida Battle y Ordoñez']",2,error,,,,,,,,,,
2014,2535,2014-04-04,Viernes,0.0,20:00:00,,0.0,2,"Moto/Ciclomotor,Bicicleta",Polledo Y Grandoli,2,2,0,0,0,0,0,,Calle,,ROSARIO,Rosario,Asfalto,Pavimento,II,S/D,Urbana,Señal Pare,No existe,Intersección,Bueno,Buena,Nocturna,Buen Tiempo,S/D,S/D,Atropello,Ninguna,Faltante,Ninguna,Accidente Previo,error,"['Polledo', 'Avenida Abanderado Grandoli']",2,error,,,,,,,,,,
2014,2551,2014-04-20,Domingo,0.0,04:50:00,,0.0,2,"Moto/Ciclomotor,Automóvil",Av. Pte.Peron Y Laprida,3,2,0,0,1,0,0,,Avenida,,ROSARIO,Rosario,Asfalto,No existe,II,Dentro,Urbana,Ninguna,No existe,Recta,Bueno,Buena,Nocturna,Buen Tiempo,Lateral,S/D,Colisión,Otro,Faltante,Ninguna,Sin restricción,error,"['Avenida Presidente Perón', 'Laprida']",2,error,,,,,,,,,,
2014,2562,2014-04-19,Sabado,0.0,22:30:00,,0.0,2,"Moto/Ciclomotor,Automóvil",Pje. 12 De Octubre Y Fornells,3,2,0,0,1,0,0,,Calle,,ROSARIO,Rosario,Asfalto,No existe,II,Dentro,Urbana,Ninguna,No existe,Recta,Con baches,Reducida,Nocturna,Otro,Lateral,S/D,Colisión,Otro,Faltante,Ninguna,Sin restricción,error,"['12 de Octubre', 'Fornells']",2,error,,,,,,,,,,
2014,2567,2014-04-20,Domingo,0.0,18:00:00,,0.0,2,"Moto/Ciclomotor,Automóvil",Calle 1731 Y Calle 1707,2,2,0,0,0,0,0,,Calle,,ROSARIO,Rosario,Asfalto,No existe,II,S/D,Urbana,Ninguna,No existe,Intersección,Bueno,Buena,Atardecer,Buen Tiempo,Lateral,S/D,Colisión,S/D,Faltante,S/D,Sin restricción,error,"['Calle 1731', 'Martín Fierro']",2,error,,,,,,,,,,
2014,2568,2014-04-15,Martes,0.0,11:50:00,,0.0,2,"Moto/Ciclomotor,Automóvil",Bv. Oroño Y Ricardo Gutierrez,2,1,0,0,1,0,0,,Avenida,,ROSARIO,Rosario,Asfalto,No existe,II,Dentro,Urbana,Ninguna,No existe,Intersección,Bueno,Buena,Diurna,Buen Tiempo,Lateral,S/D,Colisión,S/D,Faltante,Cordón divisorio,Sin restricción,error,"['Bulevar Nicasio Oroño', 'Ricardo Gutierrez']",2,error,,,,,,,,,,
2014,2569,2014-04-22,Martes,0.0,17:00:00,,0.0,2,"Bicicleta,Moto/Ciclomotor",J.Colombres Y Calle 1735,2,2,0,0,0,0,0,,Calle,,ROSARIO,Rosario,Asfalto,No existe,II,S/D,Urbana,Ninguna,No existe,Intersección,Con baches,Buena,Diurna,Buen Tiempo,S/D,S/D,Atropello,S/D,Faltante,S/D,Sin restricción,error,"['José Colombres', 'Calle 1735']",2,error,,,,,,,,,,
2014,2572,2014-04-13,Domingo,0.0,22:30:00,,0.0,2,"Moto/Ciclomotor,Automóvil",Bv. Oroño 6100,2,1,0,0,1,0,0,,Avenida,,ROSARIO,Rosario,Asfalto,No existe,II,Dentro,Urbana,Semáforo,Funciona,Curva,Bueno,Buena,Con luz artificial,Buen Tiempo,Lateral,S/D,Colisión,S/D,Vertical,Cordón divisorio,Sin restricción,no funciono,['Nicasio Oroñoño 6100'],1,Nicasio Oroñoño 6100,,,,,,,,,,
2014,2588,2014-03-27,Jueves,0.0,14:25:00,,0.0,2,"Moto/Ciclomotor,Automóvil",Av. Circunvalacion Y Av. Bermudez,3,2,0,0,1,0,0,,Avenida,,ROSARIO,Rosario,Asfalto,S/D,II,Dentro,Urbana,Ninguna,No existe,Recta,Bueno,Buena,Diurna,Otro,Otro,S/D,Colisión,Ninguna,Horizontal,Barrera de hormigón,Sin restricción,error,"['Circunvalacion', 'Bermudez']",2,error,,,,,,,,,,
2014,2597,2014-03-29,Sabado,0.0,09:15:00,,0.0,2,"Peatón,Automóvil",J.E.BIANCO 5900,2,1,0,0,1,0,0,,Calle,,ROSARIO,Rosario,Asfalto,S/D,II,Dentro,Urbana,Ninguna,No existe,Recta,Bueno,Buena,Diurna,Otro,S/D,S/D,Atropello,Ninguna,Horizontal,Cordón divisorio,Sin restricción,no funciono,['J E Bianco 5900'],1,J E Bianco 5900,,,,,,,,,,
2014,2604,2014-03-09,Domingo,0.0,11:00:00,,0.0,2,"Bicicleta,Automóvil",Mariano Moreno Y Balcarce,3,2,0,0,1,0,0,,Calle,,ROSARIO,Rosario,Asfalto,No existe,II,Dentro,Urbana,Ninguna,No existe,Intersección,Bueno,Buena,Diurna,Buen Tiempo,S/D,S/D,Atropello,S/D,Faltante,Ninguna,Sin restricción,error,"['Mariano Moreno', 'Balcarce']",2,error,,,,,,,,,,
2014,2607,2014-04-21,Lunes,0.0,09:45:00,,0.0,2,"Bicicleta,Moto/Ciclomotor",Gral.Mosconi 3350,2,2,0,0,0,0,0,,Calle,,ROSARIO,Rosario,Asfalto,No existe,II,Dentro,Urbana,Ninguna,No existe,Recta,Bueno,Buena,Diurna,Buen Tiempo,S/D,S/D,Atropello,Ninguna,Faltante,Vegetación,Sin restricción,no funciono,['Generalmosconi 3350'],1,Generalmosconi 3350,,,,,,,,,,
2014,2710,2014-04-19,Sabado,0.0,17:45:00,,0.0,2,"Automóvil,Moto/Ciclomotor", ,2,1,0,0,1,0,0,,Calle,,ROSARIO,Rosario,Asfalto,No existe,II,Dentro,Urbana,Semáforo,Funciona,Recta,Bueno,Buena,Diurna,Buen Tiempo,Frontal,S/D,Colisión,Ninguna,Vertical,Ninguna,Sin restricción,,[''],0,,,,,,,,,,,
2014,2729,2014-04-07,Lunes,0.0,,,0.0,2,"Automóvil,Automóvil", ,2,1,0,0,1,0,0,,Calle,,ROSARIO,Rosario,Asfalto,No existe,II,Dentro,Urbana,Ninguna,No existe,Recta,Bueno,Buena,Diurna,Buen Tiempo,Frontal,S/D,Colisión,Ninguna,Faltante,Ninguna,Sin restricción,,[''],0,,,,,,,,,,,
2014,2740,2014-03-13,Jueves,0.0,,,0.0,2,"Moto/Ciclomotor,Automóvil",J.Colombres Y Gurruchaga,3,1,0,0,2,0,0,,Calle,,ROSARIO,Rosario,Asfalto,No existe,II,Dentro,Urbana,Semáforo,Funciona,Recta,Bueno,Buena,Diurna,Buen Tiempo,Frontal,S/D,Colisión,Ninguna,Vertical,Cordón divisorio,Sin restricción,error,"['José Colombres', 'Gurruchaga']",2,error,,,,,,,,,,
2014,2741,2014-04-09,Miercoles,0.0,14:30:00,,0.0,2,"Transporte de Pasajeros Urbano (> 8 asientos),Moto/Ciclomotor", ,2,1,0,0,1,0,0,,Calle,,ROSARIO,Rosario,Asfalto,No existe,II,Dentro,Urbana,Ninguna,No existe,Recta,Bueno,Buena,Diurna,Buen Tiempo,S/D,S/D,Colisión,Ninguna,Faltante,Ninguna,Sin restricción,,[''],0,,,,,,,,,,,
2014,2768,2014-04-04,Viernes,0.0,12:55:00,,0.0,2,"Automóvil,Automóvil",Uruguay Y Sarmiento,2,1,0,0,1,0,0,,Calle,,ROSARIO,Rosario,Asfalto,No existe,II,Dentro,Urbana,Ninguna,No existe,Intersección,Bueno,Buena,Diurna,Buen Tiempo,Lateral,S/D,Colisión,Ninguna,Faltante,Ninguna,Sin restricción,error,"['Uruguay', 'Sarmiento']",2,error,,,,,,,,,,
2014,2772,2014-04-12,Sabado,0.0,09:00:00,,0.0,2,"Automóvil,Automóvil",Av. Circunvalacion Y Av. Pellegrini,2,1,0,0,1,0,0,,Avenida,,ROSARIO,Rosario,Asfalto,No existe,II,Dentro,Urbana,Ninguna,No existe,S/D,Bueno,Buena,Diurna,Buen Tiempo,Lateral,S/D,Colisión,S/D,Faltante,S/D,Sin restricción,error,"['Circunvalacion', 'Pellegrini']",2,error,,,,,,,,,,
2014,2783,2014-04-01,Martes,0.0,21:50:00,,0.0,2,"Bicicleta,Automóvil",Velez Sarsfield Y Brandsen,2,1,0,0,0,0,1,,Calle,,ROSARIO,Rosario,Asfalto,S/D,II,Dentro,Urbana,S/D,S/D,Intersección,S/D,S/D,Nocturna,S/D,S/D,S/D,Atropello,S/D,S/D,S/D,S/D,error,"['Vélez Sarsfield', 'Brandsen']",2,error,,,,,,,,,,
2014,2800,2014-04-26,Sabado,0.0,20:15:00,,0.0,3,"Pickup/Utilitario,Automóvil,Automóvil",Av. Francia Y Av. Caseros Bis,3,1,0,0,0,0,2,,Calle,,ROSARIO,Rosario,Asfalto,S/D,II,Dentro,Urbana,S/D,S/D,Intersección,S/D,S/D,Nocturna,S/D,Múltiple,S/D,Colisión,S/D,S/D,S/D,S/D,error,"['Avenida Francia', 'Caseros']",2,error,,,,,,,,,,
2014,2822,2014-04-24,Jueves,0.0,19:15:00,,0.0,2,"Moto/Ciclomotor,Automóvil", ,2,1,0,0,1,0,0,,Calle,,ROSARIO,Rosario,Asfalto,S/D,II,Dentro,Urbana,S/D,S/D,Recta,S/D,S/D,Atardecer,S/D,Otro,S/D,Colisión,S/D,S/D,S/D,S/D,,[''],0,,,,,,,,,,,
2014,2832,2014-04-19,Sabado,0.0,14:50:00,,0.0,2,"Moto/Ciclomotor,Automóvil",Echeverria Bis ,2,1,0,0,0,0,1,,Calle,,ROSARIO,Rosario,Asfalto,S/D,II,Dentro,Urbana,S/D,S/D,Intersección,S/D,S/D,Diurna,S/D,S/D,S/D,Colisión,S/D,S/D,S/D,S/D,no funciono,['Echeverria Bis'],1,Echeverria Bis,,,,,,,,,,