anio_acci,nro_acci,fecha,desc_dia,fecha_aprox,hora_aprox,desc_ruta,km,cant_participantes,desc_participante,calle_avenida_km,total,heridos_leves,heridos_graves,heridos_gravisimos,ilesos,fallecidos,sin_datos,posicion_XY,desc_tipo_via,desc_ruta_ori,desc_loc,desc_dpto,desc_tipo_calzada,desc_tipo_banquina,desc_unidad_regional,desc_lugar_calzada,desc_zona,desc_prioridad,desc_estado_semaforo,desc_lugar_via,desc_estado_via,desc_estado_visibilidad,desc_luminosidad,desc_estado_clima,desc_tipo_colision,desc_tipo_atropello,desc_tipo_hecho,desc_pres_calzada,desc_senializacion,desc_separacion_via,desc_restriccion,forma_geocod,calle_lista,numero_calles,calles_osm,lat,lon,index_right,gid,fna,gna,nam,in1,fdc,sag
2014,2834,2014-04-04,Viernes,0.0,09:40:00,,0.0,2,"Bicicleta,Automóvil",Ugarteche Y Lozzia A,2,1,0,0,1,0,0,,Calle,,ROSARIO,Rosario,Asfalto,S/D,II,Dentro,Urbana,Ninguna,S/D,Recta,Bueno,Buena,Diurna,Otro,S/D,S/D,Atropello,S/D,Horizontal,Ninguna,Sin restricción,error,"['Ugarteche', 'Lozzia']",2,error,,,,,,,,,,
2014,2841,2014-04-18,Viernes,0.0,,,0.0,2,"Peatón,Otros", ,2,1,0,0,0,0,1,,S/D,,ROSARIO,Rosario,Asfalto,No existe,II,S/D,Urbana,Ninguna,No existe,Intersección,Bueno,Buena,Diurna,Buen Tiempo,S/D,S/D,Atropello,Otro,Faltante,Ninguna,Sin restricción,,[''],0,,,,,,,,,,,
2014,2854,2014-04-01,Martes,0.0,20:15:00,,0.0,1,Moto/Ciclomotor,Guatemala Y Pje. Ghandi,1,1,0,0,0,0,0,,Calle,,ROSARIO,Rosario,Asfalto,No existe,II,Dentro,Urbana,Ninguna,S/D,Recta,Bueno,Buena,Nocturna,Otro,S/D,S/D,Caída ocupante,Ninguna,Horizontal,Ninguna,Sin restricción,sec calles no encontradas,"['Guatemala', 'Ghandi']",2,error,,,,,,,,,,
2014,2868,2014-04-02,Miercoles,0.0,09:45:00,,0.0,2,"Automóvil,Moto/Ciclomotor",Donado Y Brandsen,2,2,0,0,0,0,0,,Calle,,ROSARIO,Rosario,Asfalto,Pavimento,II,Dentro,Urbana,Ninguna,S/D,Recta,Bueno,Buena,Diurna,Otro,Otro,S/D,Colisión,Ninguna,S/D,Ninguna,Sin restricción,error,"['Donado', 'Brandsen']",2,error,,,,,,,,,,
2014,2917,2014-04-18,Viernes,0.0,12:30:00,,0.0,2,"Automóvil,Moto/Ciclomotor",Av. Del Valle 2900,3,1,0,0,1,0,1,,Avenida,,ROSARIO,Rosario,Asfalto,No existe,II,Dentro,Urbana,Semáforo,Funciona,Recta,Bueno,Buena,Diurna,Buen Tiempo,Lateral,S/D,Colisión,Otro,Vertical,Ninguna,Sin restricción,no funciono,['Del Valle 2900'],1,Del Valle 2900,,,,,,,,,,
2014,3008,2014-04-22,Martes,0.0,12:20:00,,0.0,2,"Automóvil,Automóvil", ,4,4,0,0,0,0,0,,Avenida,,ROSARIO,Rosario,Asfalto,No existe,II,Dentro,Urbana,Ninguna,No existe,Intersección,Bueno,Buena,Diurna,Buen Tiempo,Lateral,S/D,Colisión,Ninguna,Faltante,Ninguna,Sin restricción,,[''],0,,,,,,,,,,,
2014,3077,2014-04-26,Sabado,0.0,10:30:00,,0.0,2,"Bicicleta,Automóvil",Gorriti Y J.B.Justo,2,1,0,0,1,0,0,,Calle,,ROSARIO,Rosario,Asfalto,Pavimento,II,Dentro,Urbana,Ninguna,No existe,Intersección,Bueno,Buena,Diurna,Buen Tiempo,S/D,S/D,Atropello,S/D,S/D,S/D,Sin restricción,error,"['Gorriti', 'Justo']",2,error,,,,,,,,,,
2014,3134,2014-04-15,Martes,0.0,10:35:00,,0.0,2,"Moto/Ciclomotor,Automóvil",Pje. Einstein 2200,2,1,0,0,1,0,0,,Calle,,ROSARIO,Rosario,Asfalto,No existe,II,S/D,Urbana,Ninguna,No existe,Recta,S/D,S/D,Diurna,S/D,Lateral,S/D,Colisión,S/D,S/D,Ninguna,Sin restricción,no funciono,['Pasaje Einstein 2200'],1,Pasaje Einstein 2200,,,,,,,,,,
2014,3326,2014-04-25,Viernes,0.0,,,0.0,2,"Moto/Ciclomotor,Automóvil",Venezuela Bis 1300,2,1,0,0,1,0,0,,S/D,,ROSARIO,Rosario,S/D,S/D,II,S/D,Urbana,S/D,S/D,Recta,S/D,S/D,S/D,S/D,S/D,S/D,S/D,S/D,S/D,S/D,S/D,no funciono,['Venezuela Bis 1300'],1,Venezuela Bis 1300,,,,,,,,,,
2014,3426,2014-05-18,Domingo,0.0,09:00:00,,0.0,2,"Taxi/Remis,Moto/Ciclomotor",Uruguay Y Sarmiento,3,1,0,0,2,0,0,,Calle,,ROSARIO,Rosario,Asfalto,S/D,II,Dentro,Urbana,Ninguna,No existe,Intersección,Bueno,Buena,Diurna,Buen Tiempo,De alcance,S/D,Colisión,S/D,S/D,S/D,Sin restricción,error,"['Uruguay', 'Sarmiento']",2,error,,,,,,,,,,
2014,3439,2014-05-07,Miercoles,0.0,13:20:00,,0.0,2,"Automóvil,Automóvil",Cordoba Y Santa Fe,2,1,0,0,1,0,0,,Calle,,ROSARIO,Rosario,Asfalto,No existe,II,Dentro,Urbana,Semáforo,Intermitente,Recta,Bueno,Buena,Diurna,S/D,S/D,S/D,Colisión,Ninguna,Horizontal,S/D,Sin restricción,error,"['Córdoba', 'Santa Fe']",2,error,,,,,,,,,,
2014,3441,2014-05-28,Miercoles,0.0,19:00:00,,0.0,2,"Bicicleta,Automóvil",Ayolas Y Dean Funes,2,1,0,0,1,0,0,,Calle,,ROSARIO,Rosario,Asfalto,No existe,II,Dentro,Urbana,Marca Vial,Funciona,Intersección,Bueno,Buena,"Nocturna,Con luz artificial",Buen Tiempo,S/D,S/D,Atropello,Ninguna,Vertical,Línea divisoria pintada,Sin restricción,error,"['Ayolas', 'Deán Gregorio Funes']",2,error,,,,,,,,,,
2014,3454,2014-05-23,Viernes,0.0,23:15:00,,0.0,2,"Automóvil,Pickup/Utilitario",Av. Tte Gral Sanchez Y Ayolas,2,1,0,1,0,0,0,,Calle,,ROSARIO,Rosario,Asfalto,No existe,II,Dentro,Urbana,Marca Vial,No existe,Intersección,Bueno,Buena,"Nocturna,Con luz artificial",Buen Tiempo,Lateral,S/D,Colisión,Ninguna,Vertical,Línea divisoria pintada,Sin restricción,error,"['Teniente General Sánchez', 'Ayolas']",2,error,,,,,,,,,,
2014,3456,2014-05-07,Miercoles,0.0,10:40:00,,0.0,2,"Peatón,Transporte de Pasajeros Urbano (> 8 asientos)",San Martin Y Pje. Undubarrena,2,1,0,0,0,0,1,,Calle,,ROSARIO,Rosario,Asfalto,Pavimento,II,Dentro,Urbana,S/D,S/D,Intersección,Bueno,Buena,Diurna,Buen Tiempo,S/D,S/D,Atropello,S/D,S/D,S/D,S/D,error,"['San Martin', 'Undubarrena']",2,error,,,,,,,,,,
2014,3496,2014-05-11,Domingo,0.0,14:00:00,,0.0,1,Moto/Ciclomotor,J.J.Paso Y Olmos Bis,2,1,0,0,1,0,0,,Calle,,ROSARIO,Rosario,S/D,Pavimento,II,Dentro,Urbana,Ninguna,No existe,Intersección,S/D,Buena,Diurna,Lluvia,S/D,S/D,Caída ocupante,Agua,Faltante,Ninguna,Sin restricción,error,"['Paso', 'Los Olmos']",2,error,,,,,,,,,,
2014,3507,2014-05-07,Miercoles,0.0,14:45:00,,0.0,1,Moto/Ciclomotor, ,2,0,0,0,0,0,2,,S/D,,ROSARIO,Rosario,S/D,S/D,II,S/D,S/D,S/D,S/D,S/D,S/D,S/D,S/D,S/D,S/D,S/D,S/D,S/D,S/D,S/D,S/D,,[''],0,,,,,,,,,,,
2014,3555,2014-05-02,Viernes,0.0,17:30:00,,0.0,2,"Moto/Ciclomotor,Pickup/Utilitario",Bv. Oroño Y Av. Battle y Ordoñez,3,1,0,0,2,0,0,,Calle,,ROSARIO,Rosario,Asfalto,No existe,II,S/D,Urbana,Ninguna,No existe,Recta,Bueno,Buena,Diurna,Buen Tiempo,Lateral,S/D,Colisión,S/D,Faltante,Ninguna,Sin restricción,error,"['Bulevar Nicasio Oroño', 'Avenida Battle y Ordoñez']",2,error,,,,,,,,,,
2014,3582,2014-05-11,Domingo,0.0,17:00:00,,0.0,2,"Automóvil,Automóvil",Bv. Oroño Y Ricardo Gutierrez,3,1,0,0,2,0,0,,Avenida,,ROSARIO,Rosario,Asfalto,No existe,II,Dentro,Urbana,Semáforo,Funciona,Intersección,Bueno,Buena,Diurna,Buen Tiempo,Lateral,S/D,Colisión,S/D,Vertical,Cordón divisorio,Sin restricción,error,"['Bulevar Nicasio Oroño', 'Ricardo Gutierrez']",2,error,,,,,,,,,,
2014,3595,2014-05-05,Lunes,0.0,12:30:00,,0.0,2,"Bicicleta,Automóvil",Pte.Roca 1200,2,1,0,0,1,0,0,,Calle,,ROSARIO,Rosario,Asfalto,S/D,II,Dentro,Urbana,Ninguna,No existe,Recta,Bueno,Buena,Diurna,Buen Tiempo,S/D,S/D,Atropello,S/D,Faltante,Cordón divisorio,Sin restricción,no funciono,['Presidenteroca 1200'],1,Presidenteroca 1200,,,,,,,,,,
2014,3609,2014-05-15,Jueves,0.0,15:00:00,,0.0,2,"Peatón,Moto/Ciclomotor",Bv. Oroño Y Av. Ponce,2,1,0,0,1,0,0,,Avenida,,ROSARIO,Rosario,Asfalto,S/D,II,Dentro,Urbana,S/D,S/D,Intersección,S/D,S/D,Diurna,S/D,S/D,S/D,Atropello,S/D,S/D,S/D,S/D,error,"['Bulevar Nicasio Oroño', 'Ponce']",2,error,,,,,,,,,,
2014,3620,2014-05-29,Jueves,0.0,,,0.0,2,"Peatón,Moto/Ciclomotor",M.Perdriel Y Carriego,2,1,0,0,0,0,1,,Calle,,ROSARIO,Rosario,Asfalto,No existe,II,Dentro,Urbana,S/D,S/D,Intersección,Bueno,S/D,S/D,S/D,S/D,S/D,Atropello,Ninguna,S/D,S/D,S/D,error,"['Perdriel', 'Carriego']",2,error,,,,,,,,,,
2014,3639,2014-05-02,Viernes,0.0,20:05:00,,0.0,2,"Moto/Ciclomotor,Automóvil",Humberto I Y Av. Kennedy,3,1,0,0,1,0,1,,Calle,,ROSARIO,Rosario,Asfalto,S/D,II,Dentro,Urbana,S/D,S/D,Intersección,S/D,S/D,Nocturna,S/D,Lateral,S/D,Colisión,S/D,S/D,S/D,S/D,error,"['Humberto', 'Kennedy']",2,error,,,,,,,,,,
2014,3643,2014-05-13,Martes,0.0,13:05:00,,0.0,2,"Peatón,Moto/Ciclomotor",Av. Alberdi Bis 338,2,1,0,0,1,0,0,,Avenida,,ROSARIO,Rosario,S/D,S/D,II,Dentro,Urbana,S/D,S/D,S/D,S/D,S/D,Diurna,S/D,S/D,S/D,Atropello,S/D,S/D,S/D,S/D,no funciono,['Alberdi Bis 338'],1,Alberdi Bis 338,,,,,,,,,,
2014,3673,2014-05-08,Jueves,0.0,17:30:00,,0.0,2,"Bicicleta,Transporte de Pasajeros Urbano (> 8 asientos)",Casiano Casas Y Calle 1507,2,1,0,0,1,0,0,,Calle,,ROSARIO,Rosario,Asfalto,No existe,II,Dentro,Urbana,Ninguna,Funciona,Intersección,Bueno,Buena,Diurna,Buen Tiempo,S/D,S/D,Atropello,Ninguna,Vertical,Ninguna,Sin restricción,error,"['Avenida Casiano Casas', 'Pasaje 1517']",2,error,,,,,,,,,,
2014,3689,2014-05-10,Sabado,0.0,,,0.0,2,"Moto/Ciclomotor,Automóvil",Av. E.Lopez Y Av. Francia,2,1,0,0,1,0,0,,Avenida,,ROSARIO,Rosario,Asfalto,S/D,II,Dentro,Urbana,S/D,S/D,Recta,S/D,S/D,Nocturna,S/D,S/D,S/D,Colisión,S/D,S/D,S/D,S/D,error,"['Lopez', 'Avenida Francia']",2,error,,,,,,,,,,
2014,3851,2014-05-13,Martes,0.0,09:40:00,,0.0,2,"Bicicleta,Automóvil",Av. Alberdi Bis ,2,1,0,0,0,0,1,,Avenida,,ROSARIO,Rosario,Asfalto,S/D,II,Dentro,Urbana,S/D,S/D,Intersección,S/D,S/D,Diurna,S/D,S/D,S/D,Atropello,S/D,S/D,S/D,S/D,no funciono,['Alberdi Bis'],1,Alberdi Bis,,,,,,,,,,
2014,3874,2014-05-20,Martes,0.0,12:50:00,,0.0,2,"Moto/Ciclomotor,Transporte de Pasajeros Urbano (> 8 asientos)",Buenos Aires Y Rafael Arrieta,3,1,1,0,1,0,0,,Calle,,ROSARIO,Rosario,Asfalto,No existe,II,Dentro,Urbana,Marca Vial,No existe,Intersección,Bueno,Buena,Diurna,Buen Tiempo,Lateral,S/D,Colisión,Ninguna,Horizontal,Cordón divisorio,Sin restricción,error,"['Buenos Aires', 'Rafael Arrieta']",2,error,,,,,,,,,,
2014,4235,2014-06-09,Lunes,0.0,13:30:00,,0.0,2,"Moto/Ciclomotor,Automóvil",Pje. Alemania Y Pje. Polonia,2,1,0,0,1,0,0,,Calle,,ROSARIO,Rosario,Asfalto,S/D,II,Dentro,Urbana,S/D,S/D,Intersección,S/D,S/D,Diurna,S/D,S/D,S/D,Colisión,S/D,S/D,S/D,S/D,error,"['Alemania', 'Polonia']",2,error,,,,,,,,,,
2014,4262,2014-06-10,Martes,0.0,17:30:00,,0.0,2,"Pickup/Utilitario,Moto/Ciclomotor",COLECTORA Y SARMIENTO,2,1,0,0,1,0,0,,Calle,,ROSARIO,Rosario,Asfalto,S/D,II,Dentro,Urbana,S/D,No existe,Curva,Bueno,S/D,Diurna,S/D,S/D,S/D,S/D,S/D,S/D,S/D,S/D,error,"['Colectora', 'Sarmiento']",2,error,,,,,,,,,,
2014,4265,2014-06-09,Lunes,0.0,19:00:00,,0.0,2,"Automóvil,Automóvil",TRAVESIA Y JB JUSTO,3,1,0,0,2,0,0,,Calle,,ROSARIO,Rosario,Asfalto,No existe,II,Dentro,Urbana,Ninguna,No existe,Intersección,Bueno,Buena,Diurna,Buen Tiempo,Otro,S/D,Colisión,S/D,Faltante,Ninguna,Sin restricción,error,"['Avenida Travesía Albert Sabin', 'Juan B. Justo']",2,error,,,,,,,,,,
2014,4275,2014-06-10,Martes,0.0,20:00:00,,0.0,1,Pickup/Utilitario,Av. Pte.Peron 8000,1,1,0,0,0,0,0,,Avenida,,ROSARIO,Rosario,"Asfalto,Hormigón",Pavimento,II,S/D,Urbana,Semáforo,Funciona,Recta,Resbaladiza,Buena,Diurna,Buen Tiempo,Contra objeto fijo,S/D,Colisión,S/D,Vertical,S/D,Sin restricción,no funciono,['Presidenteperon 8000'],1,Presidenteperon 8000,,,,,,,,,,
2014,4280,2014-06-09,Lunes,0.0,13:00:00,,0.0,2,"Moto/Ciclomotor,Tracción animal / Carro", ,2,1,0,0,0,0,1,,Calle,,ROSARIO,Rosario,Asfalto,No existe,II,Dentro,Urbana,Ninguna,No existe,Intersección,Bueno,Buena,Diurna,Buen Tiempo,Lateral,S/D,Colisión,S/D,Faltante,Ninguna,Sin restricción,,[''],0,,,,,,,,,,,
2014,4283,2014-06-05,Jueves,0.0,16:45:00,,0.0,2,"Moto/Ciclomotor,Automóvil",Pintor Musto Y G.Carrasco,2,1,0,0,1,0,0,,Calle,,ROSARIO,Rosario,Asfalto,No existe,II,Dentro,Urbana,Ninguna,No existe,Intersección,Bueno,Buena,Diurna,Buen Tiempo,Lateral,S/D,Colisión,S/D,Faltante,Ninguna,Sin restricción,error,"['Pintor Musto', 'Carrasco']",2,error,,,,,,,,,,
2014,4286,2014-06-28,Sabado,0.0,18:00:00,,0.0,2,"Moto/Ciclomotor,Automóvil",Rivarola Y Pje. 1734,2,2,0,0,0,0,0,,Calle,,ROSARIO,Rosario,"Asfalto,Hormigón",No existe,II,S/D,Urbana,Ninguna,No existe,Intersección,Con baches,Buena,Diurna,Buen Tiempo,S/D,S/D,Colisión,S/D,S/D,S/D,Sin restricción,sec calles no encontradas,"['Rivarola', '1734']",2,error,,,,,,,,,,
2014,4289,2014-06-02,Lunes,0.0,11:30:00,,0.0,2,"Automóvil,Pickup/Utilitario",BV RONDEU  Y 25 DE MAYO,2,1,0,0,1,0,0,,Avenida,,ROSARIO,Rosario,Asfalto,No existe,II,Dentro,Urbana,Semáforo,Funciona,Intersección,Bueno,Buena,Diurna,Buen Tiempo,Lateral,S/D,Colisión,S/D,Vertical,Vegetación,Sin restricción,error,"['Rondeau', '25 de Mayo']",2,error,,,,,,,,,,
2014,4312,2014-06-25,Miercoles,0.0,14:30:00,,0.0,2,"Moto/Ciclomotor,Pickup/Utilitario",San Martin Y Prevision y Hogar,2,1,0,0,1,0,0,,Avenida,,ROSARIO,Rosario,Asfalto,No existe,II,Dentro,Urbana,Marca Vial,No existe,Intersección,Bueno,Buena,Diurna,Buen Tiempo,Lateral,S/D,Colisión,Ninguna,Horizontal,Cordón divisorio,Sin restricción,error,"['San Martin', '5 de Agosto']",2,error,,,,,,,,,,
2014,4320,2014-06-22,Domingo,0.0,15:30:00,,0.0,2,"Automóvil,Automóvil",Marco Polo Y Buenos Aires,3,1,0,0,2,0,0,,Calle,,ROSARIO,Rosario,Asfalto,No existe,II,Dentro,Urbana,Marca Vial,No existe,Intersección,Bueno,Buena,Diurna,Buen Tiempo,Lateral,S/D,Colisión,Ninguna,Horizontal,Cordón divisorio,Sin restricción,error,"['Marco Polo', 'Buenos Aires']",2,error,,,,,,,,,,
2014,4493,2014-06-02,Lunes,0.0,20:20:00,,0.0,2,"Peatón,Moto/Ciclomotor",Colombia Bis 398,2,2,0,0,0,0,0,,Calle,,ROSARIO,Rosario,Asfalto,No existe,II,Dentro,Urbana,Ninguna,No existe,Intersección,Bueno,Buena,Nocturna,Buen Tiempo,S/D,S/D,Atropello,Ninguna,Faltante,Ninguna,Sin restricción,no funciono,['Colombia Bis 398'],1,Colombia Bis 398,,,,,,,,,,
2014,4500,2014-06-05,Jueves,0.0,13:30:00,,0.0,2,"Moto/Ciclomotor,Automóvil",Bv. Wilde Y Av. Eva Peron,3,2,0,0,1,0,0,,Avenida,,ROSARIO,Rosario,Asfalto,Pavimento,II,Dentro,Urbana,Semáforo,Funciona,Intersección,Bueno,Buena,Diurna,Buen Tiempo,Frontal,S/D,Colisión,Ninguna,S/D,Ninguna,Sin restricción,error,"['Bulevar Wilde', 'Avenida Eva Perón']",2,error,,,,,,,,,,
2014,4606,2014-06-04,Miercoles,0.0,21:30:00,,0.0,2,"Moto/Ciclomotor,Automóvil",Solis Y Pje. Uno,2,1,0,0,1,0,0,,Calle,,ROSARIO,Rosario,Asfalto,No existe,II,Dentro,Urbana,Ninguna,No existe,Intersección,Bueno,Buena,Nocturna,S/D,Frontal,S/D,Colisión,S/D,Faltante,Ninguna,Sin restricción,error,"['Solis', 'Calle 1']",2,error,,,,,,,,,,
2014,4655,2014-06-18,Miercoles,0.0,09:20:00,,0.0,2,"Moto/Ciclomotor,Automóvil",Pte.Roca 1000,2,1,0,0,1,0,0,,Calle,,ROSARIO,Rosario,Asfalto,S/D,II,Dentro,Urbana,Ninguna,No existe,Recta,Bueno,Buena,Diurna,Buen Tiempo,Frontal,S/D,Colisión,S/D,Faltante,Cordón divisorio,Sin restricción,no funciono,['Presidenteroca 1000'],1,Presidenteroca 1000,,,,,,,,,,
2014,4674,2014-06-11,Miercoles,0.0,06:30:00,,0.0,2,"Moto/Ciclomotor,Moto/Ciclomotor",Av. Pellegrini Y Cochabamba,2,1,0,0,1,0,0,,Calle,,ROSARIO,Rosario,Asfalto,No existe,II,Dentro,Urbana,Ninguna,No existe,Intersección,Bueno,Buena,Diurna,Buen Tiempo,Frontal,S/D,Colisión,Ninguna,Faltante,S/D,Sin restricción,error,"['Pellegrini', 'Cochabamba']",2,error,,,,,,,,,,
2014,4714,2014-07-29,Martes,0.0,13:30:00,,0.0,2,"Moto/Ciclomotor,Automóvil",Av. Circunvalacion Y Bv. Rondeau,2,1,0,0,1,0,0,,Avenida,,ROSARIO,Rosario,Asfalto,Pavimento,II,Dentro,Urbana,Semáforo,Funciona,Intersección,Bueno,Buena,Diurna,Buen Tiempo,Lateral,S/D,Colisión,Otro,Vertical,Cordón divisorio,Sin restricción,error,"['Circunvalacion', 'Rondeau']",2,error,,,,,,,,,,
2014,4728,2014-06-21,Sabado,0.0,12:30:00,,0.0,2,"Automóvil,Automóvil",Av. Pellegrini Y Av. Circunvalacion,2,1,0,0,1,0,0,,Avenida,,ROSARIO,Rosario,Asfalto,Natural,II,S/D,Urbana,Ninguna,No existe,S/D,Bueno,Buena,Diurna,Buen Tiempo,Frontal,S/D,Colisión,Ninguna,Faltante,S/D,S/D,error,"['Pellegrini', 'Circunvalacion']",2,error,,,,,,,,,,
2014,4734,2014-06-18,Miercoles,0.0,19:00:00,,0.0,2,"Moto/Ciclomotor,Automóvil",Av. Ntra.Sra.del Rosario Y Lituania,2,1,0,0,1,0,0,,Calle,,ROSARIO,Rosario,Asfalto,No existe,II,Dentro,Urbana,Ninguna,No existe,Intersección,Bueno,Buena,Diurna,Buen Tiempo,Lateral,S/D,Colisión,S/D,S/D,Ninguna,Sin restricción,error,"['Nuestra Señora del Rosario', 'Lituania']",2,error,,,,,,,,,,
2014,4855,2014-06-24,Martes,0.0,19:04:00,,0.0,2,"Bicicleta,Automóvil",Olegario V.Andrade Y Mitre,2,1,0,0,1,0,0,,Calle,,ROSARIO,Rosario,Asfalto,S/D,II,Dentro,Urbana,Ninguna,No existe,Intersección,Bueno,Buena,Atardecer,Buen Tiempo,De alcance,S/D,Atropello,S/D,S/D,S/D,Sin restricción,error,"['Olegario V Andrade', 'Mitre']",2,error,,,,,,,,,,
2014,4868,2014-07-18,Viernes,0.0,13:50:00,,0.0,2,"Automóvil,Moto/Ciclomotor", ,2,1,0,0,0,0,1,,Avenida,,ROSARIO,Rosario,S/D,S/D,II,Dentro,Urbana,S/D,S/D,Intersección,S/D,S/D,Diurna,S/D,Lateral,S/D,Colisión,S/D,S/D,S/D,S/D,,[''],0,,,,,,,,,,,
2014,5024,2014-08-01,Viernes,0.0,18:30:00,,0.0,2,"Moto/Ciclomotor,Automóvil", ,2,1,0,0,1,0,0,,Calle,,ROSARIO,Rosario,Asfalto,No existe,I,S/D,Urbana,Ninguna,No existe,Otro,Bueno,Buena,Atardecer,Buen Tiempo,Lateral,S/D,Colisión,Ninguna,Faltante,Ninguna,Sin restricción,,[''],0,,,,,,,,,,,
2014,5041,2014-08-06,Miercoles,0.0,12:10:00,,0.0,2,"Moto/Ciclomotor,Taxi/Remis",Sarmiento Y Bv. Rondeau,3,2,0,0,1,0,0,,Avenida,,ROSARIO,Rosario,Asfalto,No existe,II,S/D,Urbana,Semáforo,Funciona,Intersección,Bueno,Buena,Diurna,Buen Tiempo,Lateral,S/D,Colisión,Ninguna,Faltante,Ninguna,Sin restricción,error,"['Sarmiento', 'Rondeau']",2,error,,,,,,,,,,
2014,5072,2014-08-07,Jueves,0.0,06:20:00,,0.0,2,"Automóvil,Automóvil",G.Carrasco Y Escauriza,2,1,0,0,1,0,0,,Calle,,ROSARIO,Rosario,Asfalto,No existe,II,S/D,Urbana,Ninguna,No existe,Intersección,Bueno,Buena,Amanecer,Buen Tiempo,De alcance,S/D,Colisión,Ninguna,Faltante,Cordón divisorio,Sin restricción,error,"['Carrasco', 'Escauriza']",2,error,,,,,,,,,,
2014,5165,2014-07-02,Miercoles,0.0,10:00:00,,0.0,2,"Automóvil,Moto/Ciclomotor",Av. De Las Palmeras Y Dean Funes,2,2,0,0,0,0,0,,Avenida,,ROSARIO,Rosario,Asfalto,No existe,II,S/D,Urbana,Ninguna,No existe,Intersección,Con baches,Buena,Diurna,Buen Tiempo,Lateral,S/D,Colisión,S/D,S/D,S/D,Sin restricción,error,"['Las Palmas', 'Deán Gregorio Funes']",2,error,,,,,,,,,,
2014,5170,2014-07-02,Miercoles,0.0,01:25:00,,0.0,2,"Moto/Ciclomotor,Automóvil",San Martin Y Av. Battle y Ordoñez,2,1,0,0,1,0,0,,Avenida,,ROSARIO,Rosario,Asfalto,No existe,II,Dentro,Urbana,Semáforo,Funciona,Rotonda,Bueno,Buena,"Nocturna,Con luz artificial",Buen Tiempo,Lateral,S/D,Colisión,Ninguna,Vertical,Cordón divisorio,Sin restricción,error,"['San Martin', 'Avenida Battle y Ordoñez']",2,error,,,,,,,,,,
2014,5206,2014-07-05,Sabado,0.0,09:00:00,,0.0,2,"Moto/Ciclomotor,Pickup/Utilitario", ,2,1,0,0,1,0,0,,Avenida,,ROSARIO,Rosario,Asfalto,No existe,II,Dentro,Urbana,Semáforo,Funciona,Intersección,Bueno,Buena,Diurna,Buen Tiempo,Lateral,S/D,Colisión,S/D,S/D,Línea divisoria pintada,Sin restricción,,[''],0,,,,,,,,,,,
2014,5246,2014-07-18,Viernes,0.0,,,0.0,2,"Automóvil,Moto/Ciclomotor",9 De Julio Y Av. Jorge Newbery,2,1,0,0,1,0,0,,Calle,,ROSARIO,Rosario,Asfalto,No existe,II,S/D,Urbana,S/D,No existe,Intersección,Bueno,S/D,S/D,S/D,S/D,S/D,S/D,Ninguna,Horizontal,S/D,S/D,error,"['9 de Julio', 'Jorge Newbery']",2,error,,,,,,,,,,
2014,5276,2014-07-01,Martes,0.0,09:00:00,,0.0,2,"Camión,Moto/Ciclomotor",Av. Pellegrini Y Av. Circunvalacion,2,1,0,0,0,0,1,,Avenida,,ROSARIO,Rosario,Asfalto,No existe,II,Dentro,Urbana,Ninguna,No existe,Intersección,Bueno,Buena,Diurna,Buen Tiempo,Lateral,S/D,Colisión,Ninguna,Faltante,S/D,Sin restricción,error,"['Pellegrini', 'Circunvalacion']",2,error,,,,,,,,,,
2014,5292,2014-07-16,Miercoles,0.0,12:50:00,,0.0,2,"Automóvil,Moto/Ciclomotor",Warnes Y Sarmiento,2,1,0,0,1,0,0,,Calle,,ROSARIO,Rosario,Asfalto,S/D,II,S/D,Urbana,Ninguna,No existe,Intersección,Bueno,Buena,Diurna,Buen Tiempo,De alcance,S/D,Colisión,S/D,S/D,Ninguna,Sin restricción,error,"['Warnes', 'Sarmiento']",2,error,,,,,,,,,,
2014,5296,2014-07-04,Viernes,0.0,13:45:00,,0.0,2,"Peatón,Automóvil",Grandoli Y Olegario V.Andrade,2,1,0,0,1,0,0,,Calle,,ROSARIO,Rosario,Asfalto,No existe,II,S/D,S/D,Ninguna,No existe,Intersección,Bueno,Buena,Diurna,Buen Tiempo,S/D,S/D,Atropello,S/D,S/D,Cordón divisorio,Sin restricción,error,"['Avenida Abanderado Grandoli', 'Olegario V Andrade']",2,error,,,,,,,,,,
2014,5302,2014-07-18,Viernes,0.0,18:00:00,,0.0,2,"Pickup/Utilitario,Tren",CERRITO Y VIAS FFCC,2,1,0,0,0,0,1,,Calle,,ROSARIO,Rosario,S/D,No existe,II,Dentro,Urbana,Ninguna,No existe,Paso a Nivel FFCC,S/D,Buena,Atardecer,Buen Tiempo,Lateral,S/D,Colisión,Ninguna,Faltante,Ninguna,Sin restricción,sec calles no encontradas,"['Cerrito', 'Vias Ffcc']",2,error,,,,,,,,,,
2014,5382,2014-07-07,Lunes,0.0,17:15:00,,0.0,2,"Automóvil,Automóvil",Bv. Oroño 6100,2,1,0,0,1,0,0,,Avenida,,ROSARIO,Rosario,S/D,No existe,II,Dentro,Urbana,S/D,No existe,Intersección,Bueno,Buena,Diurna,Buen Tiempo,Lateral,S/D,Colisión,S/D,S/D,S/D,Sin restricción,no funciono,['Nicasio Oroñoño 6100'],1,Nicasio Oroñoño 6100,,,,,,,,,,
2014,5489,2014-07-07,Lunes,0.0,03:00:00,,0.0,2,"Bicicleta,Automóvil",Alvear Y Salta,2,1,0,0,1,0,0,,Calle,,ROSARIO,Rosario,Asfalto,S/D,II,Dentro,Urbana,Semáforo,Funciona,Intersección,Bueno,Buena,Nocturna,Buen Tiempo,S/D,S/D,Atropello,S/D,Vertical,Ninguna,Sin restricción,error,"['Alvear', 'Salta']",2,error,,,,,,,,,,
2014,5493,2014-08-10,Domingo,0.0,17:30:00,,0.0,2,"Peatón,Moto/Ciclomotor", ,3,1,1,0,0,0,1,,Avenida,,ROSARIO,Rosario,Asfalto,No existe,II,Fuera,Urbana,Ninguna,No existe,Rotonda,Bueno,Buena,Diurna,Buen Tiempo,Otro,S/D,Atropello,Otro,Faltante,Vegetación,Sin restricción,,[''],0,,,,,,,,,,,
2014,5516,2014-06-22,Domingo,0.0,,,0.0,2,"Automóvil,Moto/Ciclomotor",Galvez Y Ricchieri,3,2,0,0,1,0,0,,Calle,,ROSARIO,Rosario,Asfalto,S/D,II,S/D,Urbana,S/D,S/D,Recta,Bueno,Buena,Diurna,Buen Tiempo,Frontal,S/D,Colisión,S/D,S/D,S/D,S/D,error,"['Galvez', 'Ricchieri']",2,error,,,,,,,,,,
2014,5653,2014-01-05,Domingo,0.0,05:30:00,,0.0,2,"Automóvil,Moto/Ciclomotor",Larrea Y Biedma,2,0,1,0,1,0,0,,Calle,,ROSARIO,Rosario,S/D,S/D,II,Dentro,Urbana,S/D,S/D,S/D,S/D,S/D,Nocturna,S/D,S/D,S/D,Colisión,S/D,S/D,S/D,S/D,error,"['Larrea', 'Coronel Biedma']",2,error,,,,,,,,,,
2014,6142,2014-08-30,Sabado,0.0,07:00:00,,0.0,2,"Moto/Ciclomotor,Automóvil", Y De Angelis Bis,3,1,0,0,2,0,0,,Calle,,ROSARIO,Rosario,Asfalto,S/D,II,Dentro,Urbana,S/D,S/D,Cruce,Bueno,S/D,Diurna,Buen Tiempo,S/D,S/D,S/D,S/D,S/D,S/D,S/D,no funciono,['De Angelis Bis'],1,De Angelis Bis,,,,,,,,,,
2014,6149,2014-08-10,Domingo,0.0,00:30:00,,0.0,2,"Moto/Ciclomotor,Moto/Ciclomotor", ,4,2,0,0,0,0,2,,Calle,,ROSARIO,Rosario,Asfalto,Pavimento,II,Dentro,Urbana,Ninguna,No existe,Intersección,Bueno,Buena,Nocturna,Buen Tiempo,Otro,S/D,Colisión,"Agua,Otro",Faltante,Ninguna,Sin restricción,,[''],0,,,,,,,,,,,
2014,6159,2014-08-21,Jueves,0.0,16:10:00,,0.0,2,"Automóvil,Peatón",Dr.D.Peña 680,2,1,0,0,1,0,0,,Calle,,ROSARIO,Rosario,Asfalto,No existe,II,Dentro,Urbana,Ninguna,No existe,Recta,Bueno,Buena,Diurna,Buen Tiempo,S/D,S/D,Atropello,S/D,Faltante,Ninguna,Sin restricción,no funciono,['Dr D Peña 680'],1,Dr D Peña 680,,,,,,,,,,