anio_acci,nro_acci,fecha,desc_dia,fecha_aprox,hora_aprox,desc_ruta,km,cant_participantes,desc_participante,calle_avenida_km,total,heridos_leves,heridos_graves,heridos_gravisimos,ilesos,fallecidos,sin_datos,posicion_XY,desc_tipo_via,desc_ruta_ori,desc_loc,desc_dpto,desc_tipo_calzada,desc_tipo_banquina,desc_unidad_regional,desc_lugar_calzada,desc_zona,desc_prioridad,desc_estado_semaforo,desc_lugar_via,desc_estado_via,desc_estado_visibilidad,desc_luminosidad,desc_estado_clima,desc_tipo_colision,desc_tipo_atropello,desc_tipo_hecho,desc_pres_calzada,desc_senializacion,desc_separacion_via,desc_restriccion,forma_geocod,calle_lista,numero_calles,calles_osm,lat,lon,index_right,gid,fna,gna,nam,in1,fdc,sag
2014,6161,2014-08-08,Viernes,0.0,18:00:00,,0.0,2,"Moto/Ciclomotor,Automóvil",Arevalo Y J.J.Paso,3,1,0,0,2,0,0,,Calle,,ROSARIO,Rosario,Asfalto,Pavimento,II,Dentro,Urbana,Ninguna,No existe,Intersección,Bueno,Buena,Atardecer,Buen Tiempo,Otro,S/D,Colisión,S/D,S/D,Ninguna,Sin restricción,error,"['Arévalo', 'Paso']",2,error,,,,,,,,,,
2014,6167,2014-08-22,Viernes,0.0,15:30:00,,0.0,2,"Peatón,Automóvil",Av. Eudoro Carrasco Y Escauriza,2,1,0,0,1,0,0,,Calle,,ROSARIO,Rosario,Asfalto,No existe,II,Dentro,Urbana,Ninguna,No existe,Recta,Bueno,Buena,Diurna,Buen Tiempo,S/D,S/D,Atropello,Ninguna,Faltante,Ninguna,Sin restricción,error,"['Avenida Eudoro Carrasco', 'Escauriza']",2,error,,,,,,,,,,
2014,6182,2014-08-06,Miercoles,0.0,07:00:00,,0.0,2,"Camión,Moto/Ciclomotor",Cordoba Y Lima,2,1,0,0,1,0,0,,Calle,,ROSARIO,Rosario,Asfalto,No existe,II,S/D,Urbana,Ninguna,No existe,Intersección,Bueno,Buena,Diurna,Buen Tiempo,Lateral,S/D,Colisión,Ninguna,S/D,S/D,Sin restricción,error,"['Córdoba', 'Lima']",2,error,,,,,,,,,,
2014,6253,2014-08-15,Viernes,0.0,13:30:00,,0.0,2,"Taxi/Remis,Bicicleta",Balcarce Y Av. Wheelwright,2,1,0,0,1,0,0,,Calle,,ROSARIO,Rosario,Asfalto,No existe,II,Dentro,Urbana,Ninguna,No existe,Intersección,Bueno,Buena,Diurna,Buen Tiempo,S/D,S/D,Atropello,S/D,S/D,Ninguna,Sin restricción,error,"['Balcarce', 'Avenida Guillermo Wheelwright']",2,error,,,,,,,,,,
2014,6259,2014-08-16,Sabado,0.0,18:30:00,,0.0,2,"Moto/Ciclomotor,Automóvil",ESTADOS UNIDOS  Y JUNIN,3,1,0,0,2,0,0,,Calle,,ROSARIO,Rosario,Asfalto,S/D,II,Dentro,Urbana,S/D,S/D,Intersección,Bueno,Buena,Atardecer,Buen Tiempo,S/D,S/D,Colisión,Ninguna,Faltante,S/D,S/D,ppal calles no encontradas,"['Avenida 25 De Mayo', 'Junín']",2,error,,,,,,,,,,
2014,6280,2014-08-19,Martes,0.0,14:20:00,,0.0,2,"Moto/Ciclomotor,Automóvil",Olmos Bis Y Av. Eva Peron,2,1,0,0,1,0,0,,Calle,,ROSARIO,Rosario,Asfalto,S/D,II,S/D,Urbana,S/D,S/D,Recta,Bueno,Buena,Diurna,Buen Tiempo,S/D,S/D,S/D,S/D,S/D,S/D,S/D,error,"['Los Olmos', 'Avenida Eva Perón']",2,error,,,,,,,,,,
2014,6286,2014-08-23,Sabado,0.0,13:30:00,,0.0,2,"Automóvil,Automóvil",Bv. Oroño ,2,1,0,0,1,0,0,,Avenida,,ROSARIO,Rosario,Asfalto,No existe,II,Dentro,Urbana,Semáforo,Funciona,Recta,Bueno,Buena,Diurna,Buen Tiempo,Múltiple,S/D,Colisión,S/D,Vertical,Ninguna,Sin restricción,no funciono,['Nicasio Oroñoño'],1,Nicasio Oroñoño,,,,,,,,,,
2014,6291,2014-08-19,Martes,0.0,12:45:00,,0.0,2,"Moto/Ciclomotor,Pickup/Utilitario",Sanchez de Loria Y Freyre,2,1,0,0,1,0,0,,Calle,,ROSARIO,Rosario,S/D,S/D,II,Dentro,Urbana,S/D,S/D,S/D,S/D,S/D,Diurna,S/D,S/D,S/D,Colisión,S/D,S/D,S/D,S/D,error,"['Sánchez de Loria', 'Freyre']",2,error,,,,,,,,,,
2014,6824,2014-08-23,Sabado,0.0,18:45:00,,0.0,2,"Moto/Ciclomotor,Automóvil",San Martin Y Olegario V.Andrade,2,1,0,0,1,0,0,,Avenida,,ROSARIO,Rosario,Asfalto,S/D,II,Dentro,Urbana,Semáforo,Funciona,Intersección,Bueno,Buena,Atardecer,Buen Tiempo,De alcance,S/D,Colisión,Ninguna,Vertical,S/D,Sin restricción,error,"['San Martin', 'Olegario V Andrade']",2,error,,,,,,,,,,
2014,6845,2014-08-17,Domingo,0.0,11:30:00,,0.0,2,"Moto/Ciclomotor,Pickup/Utilitario",Bv. Oroño 4400,2,1,0,0,0,0,1,,Avenida,,ROSARIO,Rosario,Asfalto,S/D,II,Dentro,Urbana,Semáforo,Funciona,Intersección,Bueno,Buena,Diurna,Buen Tiempo,Otro,S/D,Colisión,Ninguna,Vertical,S/D,Sin restricción,no funciono,['Nicasio Oroñoño 4400'],1,Nicasio Oroñoño 4400,,,,,,,,,,
2014,6883,2014-08-27,Miercoles,0.0,05:50:00,,0.0,2,"Pickup/Utilitario,Automóvil",Bv. 27 De Febrero Y Av. Pte.Peron,2,1,0,0,1,0,0,,Avenida,,ROSARIO,Rosario,S/D,S/D,II,Dentro,Urbana,S/D,S/D,Intersección,S/D,S/D,Nocturna,S/D,S/D,S/D,Colisión,S/D,S/D,S/D,S/D,error,"['27 de Febrero', 'Avenida Presidente Perón']",2,error,,,,,,,,,,
2014,6895,2014-08-09,Sabado,0.0,19:30:00,,0.0,2,"Pickup/Utilitario,Moto/Ciclomotor",Rodriguez Y C.Larralde,2,0,0,1,1,0,0,,Calle,,ROSARIO,Rosario,Asfalto,S/D,II,Dentro,Urbana,S/D,S/D,Intersección,Bueno,Buena,Atardecer,Buen Tiempo,De alcance,S/D,Colisión,Ninguna,S/D,S/D,S/D,error,"['Rodríguez', 'Larralde']",2,error,,,,,,,,,,
2014,6916,2014-08-23,Sabado,0.0,08:00:00,,0.0,2,"Moto/Ciclomotor,Automóvil",L.N.Alem Y Ayacucho,2,1,0,0,1,0,0,,Calle,,ROSARIO,Rosario,Asfalto,No existe,II,S/D,Urbana,Ninguna,No existe,Recta,Bueno,Buena,Diurna,Buen Tiempo,Lateral,S/D,Colisión,Ninguna,Faltante,Ninguna,Sin restricción,error,"['Alem', 'Ayacucho']",2,error,,,,,,,,,,
2014,6917,2014-08-13,Miercoles,0.0,08:40:00,,0.0,2,"Automóvil,Bicicleta",San Martin Y Olegario V.Andrade,2,1,0,0,1,0,0,,Avenida,,ROSARIO,Rosario,Asfalto,S/D,II,Dentro,Urbana,S/D,Funciona,Intersección,Bueno,Buena,Diurna,Buen Tiempo,S/D,S/D,Atropello,Ninguna,Vertical,S/D,Sin restricción,error,"['San Martin', 'Olegario V Andrade']",2,error,,,,,,,,,,
2014,6929,2014-09-17,Miercoles,0.0,12:00:00,,0.0,2,"Automóvil,Moto/Ciclomotor",Av. Francia Y Av. Caseros Bis,2,1,0,0,1,0,0,,Avenida,,ROSARIO,Rosario,Asfalto,S/D,II,S/D,Urbana,S/D,S/D,Intersección,Bueno,Buena,Diurna,Buen Tiempo,Lateral,S/D,Colisión,Ninguna,S/D,S/D,S/D,error,"['Avenida Francia', 'Caseros']",2,error,,,,,,,,,,
2014,6947,2014-08-07,Jueves,0.0,19:30:00,,0.0,2,"Automóvil,Moto/Ciclomotor",San Martin Y Olegario V.Andrade,2,0,0,1,1,0,0,,Avenida,,ROSARIO,Rosario,Asfalto,S/D,II,Dentro,Urbana,Semáforo,Funciona,Intersección,Bueno,Buena,Atardecer,Buen Tiempo,De alcance,S/D,Colisión,Ninguna,Horizontal,S/D,Sin restricción,error,"['San Martin', 'Olegario V Andrade']",2,error,,,,,,,,,,
2014,6974,2014-09-16,Martes,0.0,16:40:00,,0.0,1,Automóvil,Av. Sorrento Y Ludueña,2,1,0,0,1,0,0,,Avenida,,ROSARIO,Rosario,Asfalto,Pavimento,II,Dentro,Urbana,Ninguna,No existe,S/D,Deteriorada,Buena,Atardecer,Buen Tiempo,Atropello animal,S/D,Colisión,Otro,Faltante,Ninguna,Sin restricción,error,"['Sorrento', 'Ludueña']",2,error,,,,,,,,,,
2014,6979,2014-09-18,Jueves,0.0,08:00:00,,0.0,2,"Bicicleta,Automóvil", ,2,1,0,0,1,0,0,,Avenida,,ROSARIO,Rosario,S/D,S/D,II,Dentro,Urbana,S/D,S/D,Curva,S/D,S/D,Diurna,Buen Tiempo,S/D,S/D,Atropello,S/D,S/D,S/D,S/D,,[''],0,,,,,,,,,,,
2014,6985,2014-09-29,Lunes,0.0,13:30:00,,0.0,2,"Automóvil,Automóvil",J.B.Cordiviola 919,2,1,0,0,1,0,0,,Calle,,ROSARIO,Rosario,Asfalto,S/D,II,S/D,Urbana,Ninguna,S/D,Otro,Bueno,S/D,Diurna,Buen Tiempo,Otro,S/D,Colisión,S/D,Horizontal,Línea divisoria pintada,Sin restricción,no funciono,['J B Cordiviola 919'],1,J B Cordiviola 919,,,,,,,,,,
2014,7034,2014-09-20,Sabado,0.0,10:00:00,,0.0,2,"Pickup/Utilitario,Moto/Ciclomotor",Av. Alberdi Bis 200,2,1,0,0,1,0,0,,Avenida,,ROSARIO,Rosario,S/D,S/D,II,Dentro,Urbana,S/D,S/D,S/D,S/D,S/D,Diurna,S/D,S/D,S/D,S/D,S/D,S/D,S/D,S/D,no funciono,['Alberdi Bis 200'],1,Alberdi Bis 200,,,,,,,,,,
2014,7035,2014-09-02,Martes,0.0,09:15:00,,0.0,2,"Camión,Automóvil",JUAN JOSE PASO Y ESTADOS UNIDOS,2,0,1,0,1,0,0,,Calle,,ROSARIO,Rosario,Asfalto,S/D,II,Dentro,Urbana,Ninguna,Funciona,Intersección,Bueno,Buena,Diurna,Buen Tiempo,Lateral,S/D,Colisión,S/D,Vertical,Ninguna,Sin restricción,sec calles no encontradas,"['Juan José Paso', 'Avenida 25 De Mayo']",2,error,,,,,,,,,,
2014,7046,2014-09-08,Lunes,0.0,16:45:00,,0.0,2,"Otros,Otros",JUAN B JUSTO Y COLECTORA,3,2,0,0,0,0,1,,Calle,,ROSARIO,Rosario,Asfalto,S/D,II,S/D,Urbana,S/D,Funciona,Intersección,Bueno,Buena,Diurna,Buen Tiempo,S/D,S/D,Colisión,S/D,S/D,S/D,S/D,error,"['Juan B. Justo', 'Colectora']",2,error,,,,,,,,,,
2014,7106,2014-09-18,Jueves,0.0,20:05:00,,0.0,2,"Peatón,Automóvil",Urquiza Y Sarmiento,2,1,0,0,1,0,0,,Calle,,ROSARIO,Rosario,Asfalto,No existe,II,Dentro,Urbana,Ninguna,No existe,Intersección,Bueno,Buena,Nocturna,Buen Tiempo,S/D,S/D,Atropello,S/D,Faltante,Ninguna,Sin restricción,error,"['Urquiza', 'Sarmiento']",2,error,,,,,,,,,,
2014,7140,2014-06-05,Jueves,0.0,18:05:00,,0.0,2,"Automóvil,Moto/Ciclomotor",Bv. 27 De Febrero Y Av. Belgrano,3,1,0,0,2,0,0,,Avenida,,ROSARIO,Rosario,Asfalto,No existe,II,Dentro,Urbana,S/D,S/D,Intersección,S/D,S/D,Atardecer,S/D,S/D,S/D,Colisión,S/D,S/D,Ninguna,S/D,error,"['27 de Febrero', 'Belgrano']",2,error,,,,,,,,,,
2014,7177,2014-09-11,Jueves,0.0,,,0.0,2,"Automóvil,Transporte de Pasajeros Larga Distancia (> 8 asientos)",Nicolas Laguna 2900,2,1,0,0,1,0,0,,S/D,,ROSARIO,Rosario,Asfalto,S/D,II,S/D,Urbana,S/D,S/D,Recta,S/D,S/D,Diurna,S/D,S/D,S/D,S/D,S/D,S/D,S/D,S/D,no funciono,['Nicolas Laguna 2900'],1,Nicolas Laguna 2900,,,,,,,,,,
2014,7186,2014-09-10,Miercoles,0.0,09:40:00,,0.0,2,"Moto/Ciclomotor,Automóvil",Nicolas Laguna Y Grandoli,3,2,0,0,1,0,0,,S/D,,ROSARIO,Rosario,S/D,S/D,II,S/D,Urbana,S/D,S/D,Intersección,S/D,S/D,Diurna,S/D,S/D,S/D,S/D,S/D,S/D,S/D,S/D,error,"['Laguna', 'Avenida Abanderado Grandoli']",2,error,,,,,,,,,,
2014,7191,2014-08-30,Sabado,0.0,12:10:00,,0.0,2,"Automóvil,Moto/Ciclomotor", ,2,1,0,0,1,0,0,,S/D,,ROSARIO,Rosario,Asfalto,S/D,II,Dentro,Urbana,S/D,S/D,Recta,S/D,S/D,Diurna,Buen Tiempo,S/D,S/D,S/D,S/D,S/D,S/D,S/D,,[''],0,,,,,,,,,,,
2014,7203,2014-09-29,Lunes,0.0,14:40:00,,0.0,2,"Automóvil,Automóvil",Carcano Bis Y Ugarte,3,2,0,0,1,0,0,,Calle,,ROSARIO,Rosario,Asfalto,S/D,II,S/D,Urbana,S/D,S/D,Intersección,Bueno,S/D,S/D,S/D,S/D,S/D,Colisión,S/D,S/D,S/D,S/D,error,"['Carcano', 'Ugarte']",2,error,,,,,,,,,,
2014,7205,2014-08-05,Martes,0.0,12:00:00,,0.0,2,"Automóvil,Automóvil",Av. Pte.Peron 8200,2,1,0,0,1,0,0,,Avenida,,ROSARIO,Rosario,Hormigón,Pavimento,II,S/D,Urbana,Semáforo,Funciona,Recta,Bueno,Buena,Diurna,Buen Tiempo,De alcance,S/D,Colisión,S/D,S/D,S/D,Sin restricción,no funciono,['Presidenteperon 8200'],1,Presidenteperon 8200,,,,,,,,,,
2014,7248,2014-08-14,Jueves,0.0,22:00:00,,0.0,2,"Automóvil,Moto/Ciclomotor",Bertole Y J.Colombres,2,2,0,0,0,0,0,,Calle,,ROSARIO,Rosario,Asfalto,No existe,II,S/D,Urbana,S/D,No existe,Intersección,Con baches,Buena,Nocturna,Buen Tiempo,Lateral,S/D,Colisión,S/D,S/D,S/D,Sin restricción,error,"['Bertole', 'José Colombres']",2,error,,,,,,,,,,
2014,7254,2014-08-27,Miercoles,0.0,07:00:00,,0.0,2,"Automóvil,Bicicleta",COLOMBRES  Y PJE 1711,2,1,0,0,1,0,0,,Calle,,ROSARIO,Rosario,Asfalto,No existe,II,S/D,Urbana,Ninguna,No existe,Intersección,Con baches,Buena,Diurna,Buen Tiempo,S/D,S/D,Atropello,S/D,S/D,S/D,S/D,error,"['José Colombres', 'Carlos Uriarte']",2,error,,,,,,,,,,
2014,7257,2014-09-04,Jueves,0.0,11:59:00,,0.0,2,"Moto/Ciclomotor,Automóvil",Gomez Cornet Y Ravignani,2,1,0,0,1,0,0,,Calle,,ROSARIO,Rosario,Asfalto,Natural,II,Dentro,Urbana,Ninguna,No existe,S/D,Resbaladiza,Reducida,Diurna,Buen Tiempo,Lateral,S/D,Colisión,Agua,Faltante,S/D,Sin restricción,error,"['Ramón Gómez Cornet', 'Ravignani']",2,error,,,,,,,,,,
2014,7347,2014-02-14,Viernes,0.0,20:20:00,,0.0,3,"Moto/Ciclomotor,Peatón,Peatón",Pje. Sicilia 900,3,0,1,0,1,0,1,,Calle,,ROSARIO,Rosario,S/D,No existe,II,S/D,Urbana,S/D,S/D,S/D,S/D,S/D,Nocturna,S/D,S/D,S/D,Atropello,S/D,S/D,S/D,S/D,no funciono,['Pasaje Sicilia 900'],1,Pasaje Sicilia 900,,,,,,,,,,
2014,7362,2014-02-28,Viernes,0.0,09:30:00,,0.0,2,"Moto/Ciclomotor,Automóvil",MENDOZA Y ESTADOS UNIDOS,3,2,0,0,1,0,0,,Avenida,,ROSARIO,Rosario,S/D,S/D,II,S/D,Urbana,S/D,S/D,Intersección,S/D,S/D,Diurna,S/D,S/D,S/D,Colisión,S/D,S/D,S/D,S/D,sec calles no encontradas,"['Mendoza', 'Avenida 25 De Mayo']",2,error,,,,,,,,,,
2014,7369,2014-03-05,Miercoles,0.0,08:00:00,,0.0,3,"Moto/Ciclomotor,Peatón,Peatón",CERRITO Y PJE 1707,4,3,0,0,1,0,0,,Calle,,ROSARIO,Rosario,S/D,S/D,II,Dentro,Urbana,S/D,S/D,Intersección,S/D,S/D,Diurna,S/D,S/D,S/D,Atropello,S/D,S/D,S/D,S/D,error,"['Cerrito', 'Martín Fierro']",2,error,,,,,,,,,,
2014,7851,2014-08-22,Viernes,0.0,16:00:00,,0.0,2,"Peatón,Moto/Ciclomotor",Bv. 27 De Febrero Y Av. Pte.Peron,2,1,0,0,1,0,0,,Avenida,,ROSARIO,Rosario,Asfalto,S/D,II,Dentro,Urbana,S/D,S/D,S/D,S/D,S/D,Diurna,S/D,S/D,S/D,Atropello,S/D,S/D,S/D,S/D,error,"['27 de Febrero', 'Avenida Presidente Perón']",2,error,,,,,,,,,,
2014,7858,2014-08-09,Sabado,0.0,05:40:00,,0.0,2,"Vehículo Oficial,Pickup/Utilitario",G.Carrasco Y Martinez Estrada,3,2,0,0,1,0,0,,Calle,,ROSARIO,Rosario,S/D,S/D,II,S/D,Urbana,S/D,S/D,Intersección,S/D,S/D,Nocturna,S/D,S/D,S/D,Colisión,S/D,S/D,S/D,S/D,error,"['Carrasco', 'Martinez Estrada']",2,error,,,,,,,,,,
2014,7862,2014-08-11,Lunes,0.0,14:00:00,,0.0,4,"Peatón,Peatón,Peatón,Moto/Ciclomotor",colectora puente Rosario Victoria ,4,1,1,0,2,0,0,,Calle,,ROSARIO,Rosario,S/D,S/D,II,S/D,Urbana,S/D,S/D,S/D,S/D,S/D,Diurna,S/D,S/D,S/D,Atropello,S/D,S/D,S/D,S/D,no funciono,['Colectora Puente Rosario Victoria'],1,Colectora Puente Rosario Victoria,,,,,,,,,,
2014,8131,2014-08-01,Viernes,1.0,,,0.0,1,Moto/Ciclomotor, ,1,0,1,0,0,0,0,,S/D,,ROSARIO,Rosario,S/D,S/D,II,S/D,S/D,S/D,S/D,S/D,S/D,S/D,S/D,S/D,S/D,S/D,S/D,S/D,S/D,S/D,S/D,,[''],0,,,,,,,,,,,
2014,8418,2014-09-21,Domingo,0.0,05:00:00,,0.0,2,"Automóvil,Taxi/Remis",Pte.Roca Y Paraguay,4,2,0,0,2,0,0,,Calle,,ROSARIO,Rosario,Asfalto,S/D,II,Dentro,Urbana,S/D,S/D,Intersección,Bueno,S/D,"Nocturna,Con luz artificial",Buen Tiempo,Lateral,S/D,Colisión,S/D,S/D,S/D,S/D,error,"['Roca', 'Paraguay']",2,error,,,,,,,,,,
2014,8422,2014-09-18,Jueves,0.0,18:00:00,,0.0,2,"Automóvil,Automóvil",Bv. 27 De Febrero Y Parana,2,1,0,0,1,0,0,,Avenida,,ROSARIO,Rosario,Asfalto,S/D,II,Dentro,Urbana,S/D,S/D,Recta,Bueno,Buena,Atardecer,Buen Tiempo,De alcance,S/D,Colisión,S/D,S/D,S/D,S/D,error,"['27 de Febrero', 'Paraná']",2,error,,,,,,,,,,
2014,8473,2014-09-15,Lunes,0.0,08:20:00,,0.0,2,"Automóvil,Automóvil", ,2,1,0,0,1,0,0,,Avenida,,ROSARIO,Rosario,Asfalto,S/D,II,Dentro,Urbana,S/D,Funciona,Recta,Bueno,Buena,Diurna,Buen Tiempo,De alcance,S/D,Colisión,S/D,Vertical,S/D,S/D,,[''],0,,,,,,,,,,,
2014,8474,2014-10-08,Miercoles,0.0,20:15:00,,0.0,2,"Peatón,Moto/Ciclomotor",Olavarria Bis 700,2,1,0,0,1,0,0,,Calle,,ROSARIO,Rosario,Asfalto,Pavimento,II,Dentro,Urbana,Ninguna,No existe,Recta,Otro,Buena,Nocturna,Otro,S/D,S/D,Atropello,Otro,Faltante,Ninguna,Sin restricción,no funciono,['Olavarria Bis 700'],1,Olavarria Bis 700,,,,,,,,,,
2014,8512,2014-10-16,Jueves,0.0,17:30:00,,0.0,2,"Moto/Ciclomotor,Automóvil",Av. Sorrento Y Albert Sabin,2,1,0,0,1,0,0,,Avenida,,ROSARIO,Rosario,Asfalto,Natural,II,Dentro,Urbana,Ninguna,No existe,Recta,Bueno,Buena,Diurna,Buen Tiempo,Lateral,S/D,Colisión,S/D,Faltante,Línea divisoria pintada,Sin restricción,error,"['Sorrento', 'Avenida Travesía Albert Sabin']",2,error,,,,,,,,,,
2014,8553,2014-10-14,Martes,0.0,19:30:00,,0.0,2,"Peatón,Automóvil",Av. Del Valle ,2,1,0,0,1,0,0,,Calle,,ROSARIO,Rosario,S/D,No existe,II,Dentro,Urbana,Ninguna,No existe,Cruce,Bueno,Buena,Atardecer,Buen Tiempo,S/D,S/D,Atropello,Otro,Faltante,Ninguna,Sin restricción,no funciono,['Del Valle'],1,Del Valle,,,,,,,,,,
2014,8592,2014-10-15,Miercoles,0.0,11:00:00,,0.0,2,"Automóvil,Moto/Ciclomotor",Sarmiento Y Ayolas,2,1,0,0,1,0,0,,Calle,,ROSARIO,Rosario,Asfalto,No existe,II,S/D,Urbana,Ninguna,No existe,Intersección,Bueno,Buena,Diurna,Buen Tiempo,De alcance,S/D,Colisión,Ninguna,Horizontal,Ninguna,Sin restricción,error,"['Sarmiento', 'Ayolas']",2,error,,,,,,,,,,
2014,8598,2014-10-02,Jueves,0.0,12:00:00,,0.0,2,"Automóvil,Bicicleta",Av. Pte.Peron 7400,2,1,0,0,1,0,0,,Avenida,,ROSARIO,Rosario,"Asfalto,Hormigón",Pavimento,II,S/D,Urbana,Marca Vial,No existe,Intersección,Resbaladiza,Buena,Diurna,Buen Tiempo,S/D,S/D,Atropello,S/D,S/D,S/D,Sin restricción,no funciono,['Presidenteperon 7400'],1,Presidenteperon 7400,,,,,,,,,,
2014,8604,2014-10-03,Viernes,0.0,22:00:00,,0.0,2,"Moto/Ciclomotor,Taxi/Remis",San Juan Y Magallanes,3,2,0,0,1,0,0,,Calle,,ROSARIO,Rosario,Asfalto,No existe,II,Dentro,Urbana,Ninguna,No existe,Intersección,Bueno,Buena,"Nocturna,Con luz artificial",Buen Tiempo,Lateral,S/D,Colisión,S/D,Horizontal,Ninguna,Sin restricción,error,"['San Juan', 'Magallanes']",2,error,,,,,,,,,,
2014,8618,2014-10-29,Miercoles,0.0,11:00:00,,0.0,2,"Automóvil,Moto/Ciclomotor",J.Colombres Y Calle 1711,2,2,0,0,0,0,0,,S/D,,ROSARIO,Rosario,Asfalto,No existe,II,S/D,Urbana,Ninguna,No existe,Intersección,Con baches,Buena,Diurna,Buen Tiempo,Lateral,S/D,Colisión,S/D,S/D,S/D,Sin restricción,error,"['José Colombres', 'Carlos Uriarte']",2,error,,,,,,,,,,
2014,8621,2014-09-30,Martes,0.0,11:00:00,,0.0,2,"Peatón,Automóvil",Reg.11 de Infanteria Y Av. Ntra.Sra.del Rosario,2,1,0,0,1,0,0,,Avenida,,ROSARIO,Rosario,Asfalto,No existe,II,S/D,Urbana,Semáforo,Funciona,Recta,Bueno,Buena,Diurna,Buen Tiempo,S/D,S/D,Atropello,Ninguna,Horizontal,S/D,Sin restricción,error,"['Regimiento 11', 'Nuestra Señora del Rosario']",2,error,,,,,,,,,,
2014,8627,2014-10-06,Lunes,0.0,16:00:00,,0.0,2,"Peatón,Taxi/Remis",Av. J.Lovalvo Y Av. D.Infante,2,1,0,0,1,0,0,,Avenida,,ROSARIO,Rosario,Asfalto,S/D,II,S/D,Urbana,S/D,No existe,Recta,Bueno,Buena,Diurna,Buen Tiempo,S/D,S/D,Atropello,S/D,Vertical,S/D,S/D,error,"['Lovalvo', 'Infante']",2,error,,,,,,,,,,
2014,8655,2014-10-12,Domingo,0.0,08:30:00,,0.0,2,"Automóvil,Moto/Ciclomotor",Bv. Segui Y Av. De Las Palmeras,2,2,0,0,0,0,0,,S/D,,ROSARIO,Rosario,"Asfalto,Hormigón",No existe,II,S/D,Urbana,Marca Vial,No existe,Intersección,Con baches,Buena,Diurna,Buen Tiempo,Lateral,S/D,Colisión,S/D,S/D,S/D,Sin restricción,error,"['Bulevar Juan Francisco Seguí', 'Las Palmas']",2,error,,,,,,,,,,
2014,8690,2014-09-10,Miercoles,0.0,10:30:00,,0.0,2,"Automóvil,Moto/Ciclomotor",Bv. Oroño 4400,2,1,0,0,1,0,0,,Avenida,,ROSARIO,Rosario,Asfalto,No existe,II,S/D,Urbana,Semáforo,Funciona,Recta,Bueno,Buena,Diurna,Buen Tiempo,De alcance,S/D,Colisión,Ninguna,Horizontal,S/D,Sin restricción,no funciono,['Nicasio Oroñoño 4400'],1,Nicasio Oroñoño 4400,,,,,,,,,,
2014,8697,2014-10-20,Lunes,0.0,17:20:00,,0.0,2,"Automóvil,Automóvil", ,2,1,0,0,1,0,0,,Calle,,ROSARIO,Rosario,Asfalto,No existe,II,Dentro,Urbana,Ninguna,No existe,Intersección,Bueno,Buena,Atardecer,Buen Tiempo,Lateral,S/D,Colisión,S/D,Faltante,Ninguna,Sin restricción,,[''],0,,,,,,,,,,,
2014,8699,2014-09-12,Viernes,0.0,07:55:00,,0.0,2,"Moto/Ciclomotor,Automóvil",Bv. Segui Y Pte.Quintana,2,1,0,0,1,0,0,,Avenida,,ROSARIO,Rosario,Asfalto,No existe,II,S/D,Urbana,Ninguna,No existe,Recta,Bueno,Buena,Diurna,Buen Tiempo,De alcance,S/D,Colisión,Ninguna,Faltante,S/D,Sin restricción,error,"['Bulevar Juan Francisco Seguí', 'Quintana']",2,error,,,,,,,,,,
2014,8725,2014-09-02,Martes,0.0,14:00:00,,0.0,2,"Automóvil,Automóvil",Saavedra Y Pje. Gral.Savio,2,1,0,0,1,0,0,,Calle,,ROSARIO,Rosario,Asfalto,No existe,II,Dentro,Urbana,Ninguna,No existe,Intersección,Bueno,Buena,Diurna,Buen Tiempo,De alcance,S/D,Colisión,Ninguna,Faltante,S/D,Sin restricción,error,"['Saavedra', 'Savio']",2,error,,,,,,,,,,
2014,8770,2014-10-10,Viernes,0.0,08:00:00,,0.0,2,"Pickup/Utilitario,Pickup/Utilitario",Bv. 27 De Febrero Y Rioja,2,1,0,0,1,0,0,,Avenida,,ROSARIO,Rosario,Asfalto,S/D,II,Dentro,Urbana,S/D,S/D,S/D,S/D,S/D,Diurna,S/D,S/D,S/D,Colisión,S/D,S/D,S/D,S/D,error,"['27 de Febrero', 'Rioja']",2,error,,,,,,,,,,
2014,8818,2014-10-09,Jueves,0.0,17:00:00,,0.0,2,"Bicicleta,Moto/Ciclomotor",Mendoza Y Av. Provincias Unidas,2,1,0,0,1,0,0,,Calle,,ROSARIO,Rosario,Asfalto,No existe,II,Dentro,Urbana,Semáforo,Funciona,Intersección,Bueno,Buena,Diurna,Lluvia,Lateral,S/D,Atropello,S/D,Vertical,Ninguna,Sin restricción,error,"['Mendoza', 'Avenida Provincias Unidas']",2,error,,,,,,,,,,
2014,8923,2014-10-14,Martes,0.0,14:40:00,,0.0,2,"Automóvil,Automóvil",J.J.Paso Y Chumbicha,5,4,0,0,1,0,0,,Calle,,ROSARIO,Rosario,Asfalto,S/D,II,Dentro,Urbana,S/D,No existe,Intersección,Bueno,S/D,Diurna,S/D,Lateral,S/D,Colisión,S/D,S/D,S/D,S/D,error,"['Paso', 'Chumbicha']",2,error,,,,,,,,,,
2014,8948,2014-09-12,Viernes,0.0,08:00:00,,0.0,2,"Moto/Ciclomotor,Taxi/Remis",Olegario V.Andrade Y Callao,2,1,0,0,1,0,0,,Calle,,ROSARIO,Rosario,Asfalto,No existe,II,Dentro,Urbana,Ninguna,No existe,Intersección,Bueno,Buena,Diurna,Buen Tiempo,Lateral,S/D,Colisión,S/D,Faltante,Cordón divisorio,Sin restricción,error,"['Olegario V Andrade', 'Callao']",2,error,,,,,,,,,,
2014,8965,2014-10-24,Viernes,0.0,15:20:00,,0.0,2,"Automóvil,Ambulancia",Brasil Y Mitre,4,3,0,0,1,0,0,,Calle,,ROSARIO,Rosario,Asfalto,Natural,II,Dentro,Urbana,Ninguna,No existe,S/D,Bueno,Buena,Diurna,Buen Tiempo,Lateral,S/D,Colisión,Ninguna,Faltante,S/D,Sin restricción,error,"['Brasil', 'Mitre']",2,error,,,,,,,,,,
2014,8971,2014-09-05,Viernes,0.0,14:10:00,,0.0,2,"Moto/Ciclomotor,Automóvil",Santiago Y Olegario V.Andrade,2,1,0,0,1,0,0,,Calle,,ROSARIO,Rosario,Asfalto,No existe,II,Dentro,Urbana,Ninguna,No existe,Intersección,Bueno,Buena,Diurna,Buen Tiempo,Lateral,S/D,Colisión,S/D,S/D,S/D,Sin restricción,error,"['Santiago', 'Olegario V Andrade']",2,error,,,,,,,,,,
2014,9142,2014-10-01,Miercoles,0.0,13:00:00,,0.0,2,"Automóvil,Automóvil",Nicolas Laguna Y Grandoli,2,1,0,0,1,0,0,,Calle,,ROSARIO,Rosario,Asfalto,Natural,II,Fuera,Urbana,Ninguna,No existe,Intersección,Con baches,Buena,Diurna,Buen Tiempo,Lateral,S/D,Colisión,S/D,Faltante,Ninguna,Sin restricción,error,"['Laguna', 'Avenida Abanderado Grandoli']",2,error,,,,,,,,,,
2014,9285,2014-12-11,Jueves,0.0,09:00:00,,0.0,2,"Taxi/Remis,Moto/Ciclomotor",La Paz Y Ricchieri,2,1,0,0,1,0,0,,Calle,,ROSARIO,Rosario,Asfalto,S/D,II,Dentro,Urbana,Señal Pare,No existe,Recta,Bueno,Buena,Diurna,Buen Tiempo,De alcance,S/D,Colisión,S/D,Vertical,S/D,Sin restricción,error,"['La Paz', 'Ricchieri']",2,error,,,,,,,,,,
2014,9317,2014-12-09,Martes,0.0,15:30:00,,0.0,2,"Automóvil,Moto/Ciclomotor",Hilarion de la Quintana Y Necochea,3,1,1,0,1,0,0,,Calle,,ROSARIO,Rosario,Asfalto,No existe,II,Dentro,Urbana,Ninguna,No existe,Cruce,Bueno,Buena,Diurna,Buen Tiempo,Lateral,S/D,Colisión,Otro,Faltante,Ninguna,Sin restricción,error,"['Hilarión de la Quintana', 'Necochea']",2,error,,,,,,,,,,
2014,9352,2014-12-27,Sabado,0.0,,,0.0,2,"Automóvil,Moto/Ciclomotor",Pje. Boedo 2100,2,1,0,0,1,0,0,,Calle,,ROSARIO,Rosario,Asfalto,No existe,II,S/D,Urbana,Ninguna,S/D,Intersección,Bueno,Buena,Nocturna,Buen Tiempo,Frontal,S/D,Colisión,Otro,S/D,Ninguna,Sin restricción,no funciono,['Pasaje Boedo 2100'],1,Pasaje Boedo 2100,,,,,,,,,,
2014,9353,2014-12-12,Viernes,0.0,17:50:00,,0.0,2,"Peatón,Moto/Ciclomotor",Olmos Bis Y J.B.Justo,2,0,0,0,1,0,1,,Calle,,ROSARIO,Rosario,S/D,S/D,II,S/D,Urbana,S/D,S/D,Recta,S/D,S/D,Diurna,S/D,S/D,S/D,Atropello,S/D,S/D,S/D,S/D,error,"['Los Olmos', 'Justo']",2,error,,,,,,,,,,
2014,9366,2014-12-01,Lunes,0.0,10:00:00,,0.0,2,"Vehículo Oficial,Pickup/Utilitario",Av. De Las Palmeras Y Av. Uriburu,2,2,0,0,0,0,0,,Avenida,,ROSARIO,Rosario,"Asfalto,Hormigón",Pavimento,II,S/D,Urbana,Ninguna,No existe,Intersección,S/D,Buena,Diurna,Buen Tiempo,Lateral,S/D,Colisión,S/D,S/D,S/D,Sin restricción,error,"['Las Palmas', 'Uriburu']",2,error,,,,,,,,,,