anio_acci,nro_acci,fecha,desc_dia,fecha_aprox,hora_aprox,desc_ruta,km,cant_participantes,desc_participante,calle_avenida_km,total,heridos_leves,heridos_graves,heridos_gravisimos,ilesos,fallecidos,sin_datos,posicion_XY,desc_tipo_via,desc_ruta_ori,desc_loc,desc_dpto,desc_tipo_calzada,desc_tipo_banquina,desc_unidad_regional,desc_lugar_calzada,desc_zona,desc_prioridad,desc_estado_semaforo,desc_lugar_via,desc_estado_via,desc_estado_visibilidad,desc_luminosidad,desc_estado_clima,desc_tipo_colision,desc_tipo_atropello,desc_tipo_hecho,desc_pres_calzada,desc_senializacion,desc_separacion_via,desc_restriccion,forma_geocod,calle_lista,numero_calles,calles_osm,lat,lon,index_right,gid,fna,gna,nam,in1,fdc,sag
2014,9372,2014-12-02,Martes,0.0,11:00:00,,0.0,2,"Moto/Ciclomotor,Moto/Ciclomotor",Rivarola Y Pje. 1726,2,1,0,0,1,0,0,,Calle,,ROSARIO,Rosario,Asfalto,Pavimento,II,S/D,Urbana,Ninguna,No existe,Intersección,Con baches,Buena,Diurna,Buen Tiempo,Lateral,S/D,Colisión,S/D,S/D,S/D,Sin restricción,error,"['Rivarola', 'Pasaje 1726']",2,error,,,,,,,,,,
2014,9389,2014-12-27,Sabado,0.0,17:00:00,,0.0,2,"Moto/Ciclomotor,Peatón",AV PTE PERON Y ESTADOS UNIDOS,2,1,0,0,1,0,0,,Avenida,,ROSARIO,Rosario,Asfalto,Pavimento,II,S/D,Urbana,Semáforo,Funciona,Intersección,Con baches,Buena,Diurna,Lluvia,S/D,S/D,Atropello,S/D,S/D,S/D,Sin restricción,sec calles no encontradas,"['Avenida Presidente Perón', 'Avenida 25 De Mayo']",2,error,,,,,,,,,,
2014,9399,2014-12-13,Sabado,0.0,12:25:00,,0.0,2,"Moto/Ciclomotor,Automóvil",San Martin Y Suiza,3,2,0,0,1,0,0,,S/D,,ROSARIO,Rosario,Asfalto,S/D,XVII,S/D,Urbana,S/D,S/D,Recta,Bueno,S/D,Diurna,S/D,S/D,S/D,S/D,S/D,S/D,S/D,S/D,error,"['San Martin', 'Suiza']",2,error,,,,,,,,,,
2014,10299,2014-10-01,Miercoles,0.0,08:30:00,,0.0,2,"Moto/Ciclomotor,Camión",Rafael Arrieta Y Buenos Aires,2,1,0,0,1,0,0,,Calle,,ROSARIO,Rosario,Asfalto,No existe,II,Dentro,Urbana,Ninguna,No existe,Intersección,Bueno,Buena,Diurna,Otro,S/D,S/D,Colisión,Ninguna,Horizontal,Cordón divisorio,Sin restricción,error,"['Rafael Arrieta', 'Buenos Aires']",2,error,,,,,,,,,,
2014,10311,2014-10-11,Sabado,0.0,11:00:00,,0.0,2,"Moto/Ciclomotor,Automóvil",San Martin Y Pje. Dalia,2,1,0,0,0,0,1,,Calle,,ROSARIO,Rosario,Asfalto,No existe,II,Dentro,Urbana,Ninguna,No existe,Intersección,Bueno,Buena,Diurna,Otro,S/D,S/D,Colisión,Ninguna,Horizontal,Cordón divisorio,Sin restricción,error,"['San Martin', 'Dalia']",2,error,,,,,,,,,,
2014,10312,2014-11-13,Jueves,0.0,10:30:00,,0.0,2,"Moto/Ciclomotor,Camión",24 De Setiembre 3600,2,1,0,0,1,0,0,,Calle,,ROSARIO,Rosario,Asfalto,No existe,II,Dentro,Urbana,Ninguna,No existe,Intersección,Bueno,Buena,Diurna,Buen Tiempo,Frontal,S/D,Colisión,Ninguna,Vertical,Ninguna,Sin restricción,no funciono,['24 De Setiembre 3600'],1,24 De Setiembre 3600,,,,,,,,,,
2014,10321,2014-11-05,Miercoles,0.0,12:00:00,,0.0,2,"Moto/Ciclomotor,Automóvil",Av. Pte.Peron 7100,2,1,0,0,1,0,0,,Calle,,ROSARIO,Rosario,Asfalto,No existe,II,Dentro,Urbana,S/D,No existe,Intersección,Bueno,Buena,Diurna,Buen Tiempo,Lateral,S/D,Colisión,S/D,Faltante,S/D,S/D,no funciono,['Presidenteperon 7100'],1,Presidenteperon 7100,,,,,,,,,,
2014,10326,2014-11-05,Miercoles,0.0,08:30:00,,0.0,2,"Pickup/Utilitario,Moto/Ciclomotor",Av. Pte.Peron 7700,2,1,0,0,1,0,0,,Avenida,,ROSARIO,Rosario,Asfalto,Pavimento,II,Dentro,Urbana,S/D,S/D,Recta,S/D,Buena,Diurna,Buen Tiempo,S/D,S/D,Colisión,S/D,S/D,S/D,Sin restricción,no funciono,['Presidenteperon 7700'],1,Presidenteperon 7700,,,,,,,,,,
2014,10331,2014-11-17,Lunes,0.0,19:00:00,,0.0,2,"Automóvil,Moto/Ciclomotor",Av. Pte.Peron 6900,2,1,0,0,1,0,0,,Calle,,ROSARIO,Rosario,Asfalto,No existe,II,S/D,Urbana,Marca Vial,No existe,Recta,Bueno,S/D,Diurna,Buen Tiempo,De alcance,S/D,Colisión,S/D,S/D,S/D,Sin restricción,no funciono,['Presidenteperon 6900'],1,Presidenteperon 6900,,,,,,,,,,
2014,10333,2014-10-01,Miercoles,0.0,17:00:00,,0.0,1,Automóvil,Flamarion 5800,2,1,0,0,1,0,0,,Calle,,ROSARIO,Rosario,Asfalto,No existe,II,Dentro,Urbana,Ninguna,No existe,Curva,Deteriorada,Buena,Diurna,Buen Tiempo,Contra objeto fijo,S/D,Vuelco,Ninguna,Horizontal,Ninguna,Sin restricción,no funciono,['Flamarion 5800'],1,Flamarion 5800,,,,,,,,,,
2014,10340,2014-11-12,Miercoles,0.0,20:30:00,,0.0,2,"Automóvil,Moto/Ciclomotor",Av. De Las Palmeras Y Bv. Segui,2,2,0,0,0,0,0,,Calle,,ROSARIO,Rosario,Asfalto,No existe,II,Dentro,Urbana,S/D,No existe,Intersección,Bueno,Buena,Nocturna,Buen Tiempo,Lateral,S/D,Colisión,S/D,S/D,S/D,S/D,error,"['Las Palmas', 'Bulevar Juan Francisco Seguí']",2,error,,,,,,,,,,
2014,10361,2014-11-17,Lunes,0.0,14:50:00,,0.0,2,"Automóvil,Moto/Ciclomotor",Bv. Oroño 1359,2,1,0,0,1,0,0,,Avenida,,ROSARIO,Rosario,Asfalto,S/D,II,Dentro,Urbana,Ninguna,No existe,Recta,Bueno,Buena,Diurna,Buen Tiempo,Lateral,S/D,Colisión,S/D,Faltante,Cordón divisorio,Sin restricción,no funciono,['Nicasio Oroñoño 1359'],1,Nicasio Oroñoño 1359,,,,,,,,,,
2014,10376,2014-11-27,Jueves,0.0,12:00:00,,0.0,2,"Taxi/Remis,Moto/Ciclomotor",Av. Pte.Peron 8100,2,1,0,0,1,0,0,,Avenida,,ROSARIO,Rosario,Asfalto,S/D,II,Dentro,Urbana,S/D,No existe,Recta,Bueno,Buena,Diurna,Buen Tiempo,Lateral,S/D,Colisión,S/D,S/D,S/D,S/D,no funciono,['Presidenteperon 8100'],1,Presidenteperon 8100,,,,,,,,,,
2014,10377,2014-11-17,Lunes,0.0,13:00:00,,0.0,2,"Peatón,Moto/Ciclomotor",Pje. Medici 5800,2,1,0,0,1,0,0,,S/D,,ROSARIO,Rosario,Tierra,Natural,II,S/D,Urbana,Ninguna,No existe,Recta,Bueno,Buena,Diurna,Buen Tiempo,S/D,S/D,Atropello,S/D,Faltante,Ninguna,Sin restricción,no funciono,['Pasaje Medici 5800'],1,Pasaje Medici 5800,,,,,,,,,,
2014,10383,2014-11-29,Sabado,0.0,10:00:00,,0.0,2,"Moto/Ciclomotor,Automóvil",Rivarola Y Ferrarotti,2,1,0,0,1,0,0,,Calle,,ROSARIO,Rosario,Asfalto,No existe,II,Dentro,Urbana,Ninguna,No existe,Intersección,Bueno,S/D,Diurna,Buen Tiempo,Lateral,S/D,Colisión,S/D,S/D,S/D,S/D,error,"['Rivarola', 'Ferrari']",2,error,,,,,,,,,,
2014,10440,2014-10-18,Sabado,0.0,14:00:00,,0.0,2,"Moto/Ciclomotor,Automóvil",Av. Battle y Ordoñez Y Bv. Oroño,2,1,0,0,1,0,0,,Avenida,,ROSARIO,Rosario,Asfalto,S/D,II,Dentro,Urbana,Semáforo,Funciona,Intersección,Bueno,Buena,Diurna,Buen Tiempo,Lateral,S/D,Colisión,S/D,Vertical,Cordón divisorio,Sin restricción,error,"['Avenida Battle y Ordoñez', 'Bulevar Nicasio Oroño']",2,error,,,,,,,,,,
2014,10469,2014-11-10,Lunes,0.0,10:30:00,,0.0,2,"Automóvil,Moto/Ciclomotor",Av. Wheelwright Y Entre Rios,3,2,0,0,1,0,0,,Avenida,,ROSARIO,Rosario,Asfalto,No existe,II,Dentro,Urbana,Ninguna,No existe,Intersección,Bueno,Buena,Diurna,Buen Tiempo,De alcance,S/D,Colisión,Ninguna,Faltante,Ninguna,Sin restricción,error,"['Avenida Guillermo Wheelwright', 'Entre Ríos']",2,error,,,,,,,,,,
2014,10520,2014-12-22,Lunes,0.0,18:30:00,,0.0,2,"Automóvil,Moto/Ciclomotor",Av. Eudoro Carrasco Y Bv. Avellaneda,2,1,0,0,1,0,0,,Avenida,,ROSARIO,Rosario,Asfalto,S/D,II,Dentro,Urbana,S/D,No existe,Intersección,Bueno,Buena,Diurna,Buen Tiempo,Lateral,S/D,Colisión,S/D,Faltante,Cordón divisorio,S/D,error,"['Avenida Eudoro Carrasco', 'Avellaneda']",2,error,,,,,,,,,,
2014,10534,2014-11-20,Jueves,0.0,13:45:00,,0.0,2,"Moto/Ciclomotor,Moto/Ciclomotor",Bv. Oroño 4100,2,2,0,0,0,0,0,,Avenida,,ROSARIO,Rosario,Asfalto,S/D,II,Dentro,Urbana,Ninguna,No existe,Intersección,Bueno,Buena,Diurna,Buen Tiempo,De alcance,S/D,Colisión,Ninguna,Faltante,S/D,Sin restricción,no funciono,['Nicasio Oroñoño 4100'],1,Nicasio Oroñoño 4100,,,,,,,,,,
2014,10537,2014-12-03,Miercoles,0.0,09:25:00,,0.0,2,"Automóvil,Moto/Ciclomotor",Av. Alberdi Bis 500,2,1,0,0,1,0,0,,Avenida,,ROSARIO,Rosario,Asfalto,S/D,II,Dentro,Urbana,S/D,S/D,Recta,Bueno,S/D,Diurna,Buen Tiempo,Lateral,S/D,Colisión,S/D,Vertical,Cordón divisorio,S/D,no funciono,['Alberdi Bis 500'],1,Alberdi Bis 500,,,,,,,,,,
2014,10544,2014-11-18,Martes,0.0,13:15:00,,0.0,2,"Taxi/Remis,Moto/Ciclomotor",Bv. Oroño Y Ayolas,4,2,0,0,2,0,0,,Avenida,,ROSARIO,Rosario,Asfalto,No existe,II,Dentro,Urbana,Semáforo,Funciona,Intersección,Bueno,Buena,Diurna,Buen Tiempo,De alcance,S/D,Colisión,Ninguna,Horizontal,Ninguna,S/D,error,"['Bulevar Nicasio Oroño', 'Ayolas']",2,error,,,,,,,,,,
2014,10548,2014-11-21,Viernes,0.0,20:30:00,,0.0,2,"Moto/Ciclomotor,Pickup/Utilitario",Martinez Estrada Y Jujuy,3,2,0,0,1,0,0,,Calle,,ROSARIO,Rosario,Asfalto,No existe,II,Dentro,Urbana,Ninguna,No existe,Recta,Con baches,Buena,Nocturna,Buen Tiempo,Lateral,S/D,Colisión,Otro,Faltante,Ninguna,Obra en Construcción,error,"['Martinez Estrada', 'Jujuy']",2,error,,,,,,,,,,
2014,10549,2014-11-02,Domingo,0.0,05:45:00,,0.0,2,"Automóvil,Moto/Ciclomotor",Bv. Oroño Y Ayolas,3,3,0,0,0,0,0,,Calle,,ROSARIO,Rosario,Asfalto,No existe,II,Dentro,Urbana,Ninguna,Funciona,Intersección,Bueno,Buena,Diurna,Buen Tiempo,Otro,S/D,Colisión,Ninguna,Faltante,Ninguna,Sin restricción,error,"['Bulevar Nicasio Oroño', 'Ayolas']",2,error,,,,,,,,,,
2014,10575,2014-11-13,Jueves,0.0,23:00:00,,0.0,2,"Moto/Ciclomotor,Automóvil",Av. Luis Carballo Y Pje. Franchini Bis,2,1,0,0,1,0,0,,Avenida,,ROSARIO,Rosario,S/D,S/D,II,S/D,Urbana,S/D,S/D,Intersección,S/D,S/D,Nocturna,S/D,S/D,S/D,S/D,S/D,S/D,S/D,S/D,error,"['Avenida Doctor Luis Cándido Carballo', 'Pasaje Franchini']",2,error,,,,,,,,,,
2014,10576,2014-11-09,Domingo,0.0,,,0.0,2,"Moto/Ciclomotor,Pickup/Utilitario",Pje. Cachi Bis Y Calle 1481,2,2,0,0,0,0,0,,S/D,,ROSARIO,Rosario,S/D,S/D,II,S/D,Urbana,S/D,S/D,S/D,S/D,S/D,S/D,S/D,S/D,S/D,S/D,S/D,S/D,S/D,S/D,error,"['Cachi', 'Seren']",2,error,,,,,,,,,,
2014,10614,2014-12-27,Sabado,0.0,23:40:00,,0.0,2,"Moto/Ciclomotor,Automóvil",Gurruchaga Y Maestro Massa,3,2,0,0,1,0,0,,Calle,,ROSARIO,Rosario,Asfalto,No existe,II,Dentro,Urbana,Ninguna,No existe,Recta,Bueno,Buena,Nocturna,Buen Tiempo,Lateral,S/D,Colisión,S/D,Faltante,Ninguna,Sin restricción,error,"['Gurruchaga', 'Maestro Massa']",2,error,,,,,,,,,,
2014,10643,2014-12-11,Jueves,0.0,,,0.0,2,"Automóvil,Automóvil",Pje. Monroe Y E.Zeballos,2,1,0,0,1,0,0,,Calle,,ROSARIO,Rosario,Asfalto,S/D,II,Dentro,Urbana,S/D,S/D,Intersección,S/D,S/D,S/D,S/D,S/D,S/D,Colisión,S/D,S/D,S/D,S/D,error,"['Monroe', 'Zeballos']",2,error,,,,,,,,,,
2014,10658,2014-11-10,Lunes,0.0,12:55:00,,0.0,2,"Automóvil,Camión",Tucuman Y Av. Belgrano,2,1,0,0,1,0,0,,Calle,,ROSARIO,Rosario,Asfalto,No existe,II,Dentro,Urbana,Ninguna,No existe,Intersección,Bueno,Buena,S/D,Buen Tiempo,De alcance,S/D,Colisión,S/D,Faltante,Ninguna,Sin restricción,error,"['Tucumán', 'Belgrano']",2,error,,,,,,,,,,
2014,10698,2014-12-16,Martes,0.0,20:45:00,,0.0,2,"Moto/Ciclomotor,Automóvil",Rio De Janeiro Y Cordoba,2,1,0,0,1,0,0,,S/D,,ROSARIO,Rosario,Asfalto,No existe,II,S/D,S/D,Ninguna,S/D,S/D,Bueno,Buena,Nocturna,Buen Tiempo,Lateral,S/D,Colisión,Ninguna,Faltante,S/D,Sin restricción,error,"['Río de Janeiro', 'Córdoba']",2,error,,,,,,,,,,
2014,10705,2014-11-15,Sabado,0.0,18:30:00,,0.0,2,"Automóvil,Automóvil",Bv. Oroño 2800,2,1,0,0,1,0,0,,Avenida,,ROSARIO,Rosario,Asfalto,Natural,II,Dentro,Urbana,Semáforo,Funciona,Recta,Bueno,Buena,Atardecer,Buen Tiempo,De alcance,S/D,Colisión,S/D,Vertical,Barrera de hormigón,S/D,no funciono,['Nicasio Oroñoño 2800'],1,Nicasio Oroñoño 2800,,,,,,,,,,
2014,10708,2014-11-17,Lunes,0.0,16:55:00,,0.0,2,"Automóvil,Automóvil", ,4,1,0,0,3,0,0,,Calle,,ROSARIO,Rosario,Asfalto,Pavimento,II,S/D,Urbana,Otra Señal,No existe,Recta,Bueno,Buena,Diurna,Buen Tiempo,De alcance,S/D,Colisión,S/D,Vertical,S/D,S/D,,[''],0,,,,,,,,,,,
2014,10728,2014-11-23,Domingo,0.0,20:20:00,,0.0,2,"Automóvil,Moto/Ciclomotor", ,2,1,0,0,1,0,0,,Avenida,,ROSARIO,Rosario,Asfalto,S/D,II,Dentro,Urbana,S/D,No existe,S/D,Bueno,Buena,Atardecer,Buen Tiempo,De alcance,S/D,Colisión,S/D,S/D,S/D,S/D,,[''],0,,,,,,,,,,,
2014,10767,2014-11-03,Lunes,0.0,04:45:00,,0.0,2,"Moto/Ciclomotor,Automóvil",Garibaldi Y Pte.Quintana,2,1,0,0,1,0,0,,Calle,,ROSARIO,Rosario,Asfalto,No existe,II,Dentro,Urbana,Marca Vial,No existe,Intersección,Bueno,Buena,"Nocturna,Con luz artificial",Buen Tiempo,Lateral,S/D,Colisión,Ninguna,Vertical,Línea divisoria pintada,Sin restricción,error,"['José Garibaldi', 'Quintana']",2,error,,,,,,,,,,
2014,10771,2014-10-12,Domingo,0.0,14:25:00,,0.0,2,"Automóvil,Automóvil",San Martin Y Prevision y Hogar,7,4,0,0,3,0,0,,Calle,,ROSARIO,Rosario,Asfalto,No existe,II,Dentro,Urbana,Ninguna,Funciona,Intersección,Bueno,Buena,Diurna,Otro,S/D,S/D,Colisión,Ninguna,Faltante,Cordón divisorio,Sin restricción,error,"['San Martin', '5 de Agosto']",2,error,,,,,,,,,,
2014,10785,2014-12-02,Martes,0.0,14:50:00,,0.0,2,"Camión,Moto/Ciclomotor",J.J.Paso Y Pje. Cafayate Bis,2,1,0,0,1,0,0,,Calle,,ROSARIO,Rosario,Asfalto,S/D,II,S/D,Urbana,S/D,S/D,Intersección,Bueno,S/D,S/D,S/D,S/D,S/D,Colisión,S/D,S/D,S/D,S/D,error,"['Paso', 'Cafayate']",2,error,,,,,,,,,,
2014,10816,2014-11-11,Martes,0.0,22:50:00,,0.0,2,"Automóvil,Moto/Ciclomotor",Av. Pellegrini Y Alvarez Jonte Bis,2,1,0,0,1,0,0,,Avenida,,ROSARIO,Rosario,Asfalto,No existe,II,Dentro,Urbana,Semáforo,Funciona,Recta,Bueno,Buena,"Nocturna,Con luz artificial",Buen Tiempo,Lateral,S/D,Colisión,S/D,Vertical,S/D,S/D,error,"['Pellegrini', 'Álvarez Jonte']",2,error,,,,,,,,,,
2014,10830,2014-11-08,Sabado,0.0,03:20:00,,0.0,2,"Automóvil,Automóvil",Av. Belgrano Y Tucuman,4,4,0,0,0,0,0,,Calle,,ROSARIO,Rosario,Asfalto,No existe,II,Dentro,Urbana,Ninguna,No existe,Intersección,Bueno,Buena,Nocturna,Buen Tiempo,Lateral,S/D,Colisión,S/D,Faltante,Ninguna,Sin restricción,error,"['Belgrano', 'Tucumán']",2,error,,,,,,,,,,
2014,10833,2014-12-15,Lunes,0.0,18:00:00,,0.0,2,"Automóvil,Automóvil",Av. Caseros Bis Y Av. Francia,2,1,0,0,1,0,0,,Avenida,,ROSARIO,Rosario,Asfalto,S/D,II,Dentro,Urbana,S/D,S/D,Intersección,S/D,S/D,Diurna,S/D,Lateral,S/D,Colisión,S/D,S/D,S/D,S/D,error,"['Caseros', 'Avenida Francia']",2,error,,,,,,,,,,
2015,328,2015-01-23,Viernes,0.0,01:45:00,,0.0,2,"Moto/Ciclomotor,Automóvil",Caballito Criollo Y Rawson Bis,3,2,0,0,1,0,0,,Avenida,,ROSARIO,Rosario,Asfalto,No existe,II,S/D,Urbana,Ninguna,No existe,Intersección,Bueno,Buena,Nocturna,Buen Tiempo,Otro,S/D,Colisión,Ninguna,S/D,S/D,Sin restricción,error,"['Caballito Criollo', 'Rawson']",2,error,,,,,,,,,,
2015,334,2015-01-16,Viernes,0.0,08:35:00,,0.0,2,"Peatón,Moto/Ciclomotor",Bv. Oroño Y Av. Ponce,2,2,0,0,0,0,0,,Avenida,,ROSARIO,Rosario,Asfalto,S/D,II,Dentro,Urbana,S/D,S/D,Intersección,Bueno,Buena,Diurna,Buen Tiempo,S/D,S/D,Atropello,S/D,S/D,S/D,S/D,error,"['Bulevar Nicasio Oroño', 'Ponce']",2,error,,,,,,,,,,
2015,336,2015-01-19,Lunes,0.0,22:20:00,,0.0,2,"Taxi/Remis,Taxi/Remis", ,2,1,0,0,0,0,1,,Calle,,ROSARIO,Rosario,S/D,S/D,II,Dentro,Urbana,S/D,S/D,S/D,S/D,S/D,Nocturna,S/D,S/D,S/D,Colisión,S/D,S/D,S/D,S/D,,[''],0,,,,,,,,,,,
2015,337,2015-01-08,Jueves,0.0,12:00:00,,0.0,2,"Taxi/Remis,Automóvil",Bv. Oroño 4500,3,1,0,0,2,0,0,,Calle,,ROSARIO,Rosario,Asfalto,S/D,II,Dentro,Urbana,Otra Señal,No existe,Intersección,Bueno,Buena,Diurna,Buen Tiempo,De alcance,S/D,Colisión,S/D,Faltante,S/D,Sin restricción,no funciono,['Nicasio Oroñoño 4500'],1,Nicasio Oroñoño 4500,,,,,,,,,,
2015,344,2015-01-11,Domingo,0.0,,,0.0,2,"Automóvil,Automóvil",J.J.Paso Y Av. Provincias Unidas,3,1,0,0,2,0,0,,Avenida,,ROSARIO,Rosario,Asfalto,No existe,II,S/D,Urbana,Ninguna,No existe,Curva,Bueno,Buena,Nocturna,Lluvia,S/D,S/D,Colisión,Otro,Vertical,Ninguna,Sin restricción,error,"['Paso', 'Avenida Provincias Unidas']",2,error,,,,,,,,,,
2015,359,2015-01-09,Viernes,0.0,21:30:00,,0.0,1,Moto/Ciclomotor,Sgto Cabral Y San Martin,1,1,0,0,0,0,0,,Calle,,ROSARIO,Rosario,Hormigón,S/D,II,S/D,Urbana,Ninguna,S/D,Recta,Bueno,S/D,Nocturna,Buen Tiempo,S/D,S/D,Caída ocupante,S/D,Faltante,Ninguna,Sin restricción,error,"['Sargento Cabral', 'San Martin']",2,error,,,,,,,,,,
2015,365,2015-01-19,Lunes,0.0,12:30:00,,0.0,2,"Automóvil,Camión",Juarez Celman Y San Nicolas,2,1,0,0,1,0,0,,Calle,,ROSARIO,Rosario,Hormigón,S/D,II,S/D,Urbana,Ninguna,S/D,Intersección,Bueno,S/D,Diurna,Buen Tiempo,S/D,S/D,Colisión,S/D,Faltante,Ninguna,Sin restricción,error,"['Juárez Celman', 'San Nicolás']",2,error,,,,,,,,,,
2015,369,2015-01-31,Sabado,1.0,,,0.0,1,Taxi/Remis, ,2,1,0,0,0,0,1,,S/D,,ROSARIO,Rosario,S/D,S/D,II,S/D,S/D,S/D,S/D,S/D,S/D,S/D,S/D,S/D,S/D,S/D,S/D,S/D,S/D,S/D,S/D,,[''],0,,,,,,,,,,,
2015,377,2015-01-17,Sabado,0.0,12:00:00,,0.0,2,"Automóvil,Automóvil",Av. Pte.Peron ,3,2,0,0,1,0,0,,Calle,,ROSARIO,Rosario,Asfalto,S/D,II,Dentro,Urbana,S/D,S/D,Recta,Bueno,S/D,Diurna,Buen Tiempo,S/D,S/D,S/D,S/D,S/D,S/D,S/D,no funciono,['Presidenteperon'],1,Presidenteperon,,,,,,,,,,
2015,380,2015-01-26,Lunes,0.0,19:00:00,,0.0,2,"Moto/Ciclomotor,Moto/Ciclomotor",Matheu Y Robles,2,1,0,0,1,0,0,,Calle,,ROSARIO,Rosario,Asfalto,No existe,II,Fuera,Urbana,Ninguna,No funciona,Cruce,Bueno,Buena,Atardecer,Buen Tiempo,Lateral,S/D,Colisión,Ninguna,Horizontal,Ninguna,Sin restricción,error,"['Matheu', 'Robles']",2,error,,,,,,,,,,
2015,386,2015-01-14,Miercoles,0.0,17:00:00,,0.0,2,"Taxi/Remis,Moto/Ciclomotor",Dr.Maradona Y La Republica,2,2,0,0,0,0,0,,Calle,,ROSARIO,Rosario,Asfalto,Pavimento,II,Dentro,Urbana,Ninguna,S/D,Recta,Bueno,Buena,Diurna,Buen Tiempo,Frontal,S/D,Colisión,S/D,Horizontal,Ninguna,S/D,error,"['Doctor Maradona', 'La República']",2,error,,,,,,,,,,
2015,397,2015-01-01,Jueves,0.0,22:30:00,,0.0,2,"Moto/Ciclomotor,Automóvil",Virasoro Y Bv. Rondeau,2,1,0,0,1,0,0,,Calle,,ROSARIO,Rosario,Asfalto,Pavimento,II,S/D,Urbana,S/D,Funciona,Recta,Bueno,Buena,"Nocturna,Con luz artificial",Buen Tiempo,De alcance,S/D,Colisión,Otro,Horizontal,Cordón divisorio,Sin restricción,error,"['Virasoro', 'Rondeau']",2,error,,,,,,,,,,
2015,400,2015-01-18,Domingo,0.0,18:00:00,,0.0,2,"Moto/Ciclomotor,Peatón",Fontana Y Grandoli,2,1,0,0,1,0,0,,Calle,,ROSARIO,Rosario,Asfalto,No existe,II,S/D,Urbana,Semáforo,Funciona,Rotonda,Bueno,Buena,Diurna,Lluvia,S/D,S/D,Atropello,Otro,Vertical,Ninguna,Sin restricción,error,"['Luis Fontana', 'Avenida Abanderado Grandoli']",2,error,,,,,,,,,,
2015,422,2015-01-20,Martes,0.0,15:30:00,,0.0,2,"Automóvil,Moto/Ciclomotor",J.Colombres Y Gurruchaga,2,1,0,0,1,0,0,,Avenida,,ROSARIO,Rosario,Asfalto,No existe,II,S/D,Urbana,Semáforo,Funciona,Recta,Bueno,Buena,Diurna,Buen Tiempo,De alcance,S/D,Colisión,Ninguna,Horizontal,Cordón divisorio,Sin restricción,error,"['José Colombres', 'Gurruchaga']",2,error,,,,,,,,,,
2015,425,2015-01-11,Domingo,0.0,16:40:00,,0.0,2,"Moto/Ciclomotor,Automóvil",MONYFELDS ,3,1,0,0,0,0,2,,Calle,,ROSARIO,Rosario,Asfalto,S/D,II,S/D,Urbana,S/D,S/D,Recta,S/D,S/D,S/D,S/D,S/D,S/D,Colisión,S/D,S/D,S/D,S/D,no funciono,['Monyfelds'],1,Monyfelds,,,,,,,,,,
2015,435,2015-01-05,Lunes,0.0,23:15:00,,0.0,2,"Automóvil,Moto/Ciclomotor", ,2,1,0,0,1,0,0,,Calle,,ROSARIO,Rosario,S/D,S/D,II,Dentro,Urbana,S/D,S/D,S/D,S/D,S/D,Nocturna,S/D,S/D,S/D,Colisión,S/D,S/D,S/D,S/D,,[''],0,,,,,,,,,,,
2015,447,2015-01-21,Miercoles,0.0,19:50:00,,0.0,2,"Moto/Ciclomotor,Automóvil",J.Chapo Bis ,2,1,0,0,1,0,0,,Calle,,ROSARIO,Rosario,Asfalto,Pavimento,II,S/D,Urbana,Ninguna,No existe,Intersección,Bueno,Buena,Diurna,Buen Tiempo,Lateral,S/D,Colisión,S/D,Faltante,Ninguna,Sin restricción,no funciono,['J Chapo Bis'],1,J Chapo Bis,,,,,,,,,,
2015,463,2015-01-19,Lunes,0.0,13:25:00,,0.0,2,"Moto/Ciclomotor,Automóvil",Mar del Plata Y Pje. Oria,2,1,0,0,1,0,0,,S/D,,ROSARIO,Rosario,Asfalto,No existe,II,S/D,Urbana,Ninguna,No existe,Intersección,Bueno,Buena,Diurna,Buen Tiempo,S/D,S/D,Colisión,Ninguna,Faltante,Ninguna,Sin restricción,error,"['Mar del Plata', 'Oria']",2,error,,,,,,,,,,
2015,467,2015-01-28,Miercoles,0.0,07:30:00,,0.0,2,"Automóvil,Automóvil",Bv. Oroño ,2,1,0,0,1,0,0,,Calle,,ROSARIO,Rosario,Asfalto,S/D,II,Dentro,Urbana,Otra Señal,No existe,Recta,Bueno,Buena,Diurna,Buen Tiempo,De alcance,S/D,Colisión,S/D,Faltante,S/D,Sin restricción,no funciono,['Nicasio Oroñoño'],1,Nicasio Oroñoño,,,,,,,,,,
2015,476,2015-02-28,Sabado,0.0,13:45:00,,0.0,2,"Moto/Ciclomotor,Cuatriciclo",Diaz Velez Y Iguazu,2,1,0,0,1,0,0,,Calle,,ROSARIO,Rosario,Asfalto,S/D,II,S/D,Urbana,S/D,S/D,Recta,S/D,S/D,Diurna,S/D,S/D,S/D,Colisión,S/D,S/D,S/D,S/D,error,"['Díaz Vélez', 'Iguazu']",2,error,,,,,,,,,,
2015,488,2015-02-22,Domingo,0.0,19:30:00,,0.0,2,"Automóvil,Automóvil",Escauriza Y G.Carrasco,2,1,0,0,1,0,0,,Calle,,ROSARIO,Rosario,Asfalto,No existe,II,Dentro,Urbana,Otra Señal,No existe,Rotonda,Bueno,Buena,Atardecer,Buen Tiempo,De alcance,S/D,Colisión,Otro,Horizontal,Ninguna,Sin restricción,error,"['Escauriza', 'Carrasco']",2,error,,,,,,,,,,
2015,498,2015-01-23,Viernes,0.0,18:30:00,,0.0,2,"Automóvil,Moto/Ciclomotor",San Nicolas Y Ricchieri,3,1,0,0,2,0,0,,S/D,,ROSARIO,Rosario,S/D,S/D,II,Dentro,Urbana,S/D,S/D,S/D,S/D,S/D,Atardecer,S/D,S/D,S/D,S/D,S/D,S/D,S/D,S/D,error,"['San Nicolás', 'Ricchieri']",2,error,,,,,,,,,,
2015,506,2015-02-23,Lunes,0.0,07:45:00,,0.0,2,"Bicicleta,Moto/Ciclomotor",Velez Sarsfield Y Rivadavia,2,1,0,0,1,0,0,,Calle,,ROSARIO,Rosario,Asfalto,No existe,II,Dentro,Urbana,Ninguna,No existe,Recta,Bueno,Buena,Diurna,Buen Tiempo,S/D,S/D,Atropello,Otro,Faltante,Ninguna,Sin restricción,error,"['Vélez Sarsfield', 'Rivadavia']",2,error,,,,,,,,,,
2015,514,2015-02-21,Sabado,0.0,21:50:00,,0.0,2,"Moto/Ciclomotor,Automóvil",Av. Pte.Peron Y Biedma,2,1,0,0,1,0,0,,Calle,,ROSARIO,Rosario,Asfalto,Pavimento,II,Dentro,Urbana,Semáforo,Funciona,Intersección,Bueno,Buena,Nocturna,Buen Tiempo,Lateral,S/D,Colisión,S/D,Vertical,Cordón divisorio,Sin restricción,error,"['Avenida Presidente Perón', 'Coronel Biedma']",2,error,,,,,,,,,,
2015,519,2015-02-22,Domingo,0.0,08:10:00,,0.0,2,"Moto/Ciclomotor,Moto/Ciclomotor",Bertole Y J.Colombres,3,3,0,0,0,0,0,,Calle,,ROSARIO,Rosario,Asfalto,No existe,II,Dentro,Urbana,Ninguna,No existe,Intersección,Deteriorada,Buena,Diurna,Buen Tiempo,Lateral,S/D,Colisión,S/D,Faltante,Ninguna,Sin restricción,error,"['Bertole', 'José Colombres']",2,error,,,,,,,,,,
2015,531,2015-02-08,Domingo,0.0,17:00:00,,0.0,2,"Automóvil,Automóvil",Gregoria Matorras Y Albert Sabin,2,1,0,0,1,0,0,,Calle,,ROSARIO,Rosario,Asfalto,S/D,II,Dentro,Urbana,S/D,S/D,Recta,Bueno,Buena,Diurna,Buen Tiempo,Frontal,S/D,Colisión,S/D,S/D,S/D,S/D,error,"['Gregoria Matorras', 'Avenida Travesía Albert Sabin']",2,error,,,,,,,,,,
2015,570,2015-02-22,Domingo,0.0,12:15:00,,0.0,2,"Moto/Ciclomotor,Otros",Dr.Rivas Y Liniers,2,1,0,0,0,0,1,,Calle,,ROSARIO,Rosario,Asfalto,No existe,II,Dentro,Urbana,Ninguna,No existe,Intersección,Bueno,Buena,Diurna,Buen Tiempo,Lateral,S/D,Colisión,S/D,Faltante,Ninguna,Sin restricción,error,"['Doctor Francisco Riva', 'Liniers']",2,error,,,,,,,,,,
2015,571,2015-01-31,Sabado,0.0,11:00:00,,0.0,2,"Moto/Ciclomotor,Automóvil",Tte.Agneta 3100,2,1,0,0,1,0,0,,Calle,,ROSARIO,Rosario,Asfalto,No existe,II,Dentro,Urbana,S/D,No existe,Recta,Bueno,Buena,Diurna,Buen Tiempo,De alcance,S/D,Colisión,S/D,Vertical,Línea divisoria pintada,Sin restricción,no funciono,['Tenienteagneta 3100'],1,Tenienteagneta 3100,,,,,,,,,,