anio_acci,nro_acci,fecha,desc_dia,fecha_aprox,hora_aprox,desc_ruta,km,cant_participantes,desc_participante,calle_avenida_km,total,heridos_leves,heridos_graves,heridos_gravisimos,ilesos,fallecidos,sin_datos,posicion_XY,desc_tipo_via,desc_ruta_ori,desc_loc,desc_dpto,desc_tipo_calzada,desc_tipo_banquina,desc_unidad_regional,desc_lugar_calzada,desc_zona,desc_prioridad,desc_estado_semaforo,desc_lugar_via,desc_estado_via,desc_estado_visibilidad,desc_luminosidad,desc_estado_clima,desc_tipo_colision,desc_tipo_atropello,desc_tipo_hecho,desc_pres_calzada,desc_senializacion,desc_separacion_via,desc_restriccion,forma_geocod,calle_lista,numero_calles,calles_osm,lat,lon,index_right,gid,fna,gna,nam,in1,fdc,sag
2015,1312,2015-03-20,Viernes,0.0,17:20:00,,0.0,2,"Automóvil,Automóvil",Av. Del Valle 2700,2,1,0,0,1,0,0,,Calle,,ROSARIO,Rosario,Asfalto,No existe,II,S/D,Urbana,Semáforo,Funciona,Recta,S/D,Buena,Diurna,Buen Tiempo,S/D,S/D,Colisión,S/D,Vertical,Ninguna,Sin restricción,no funciono,['Del Valle 2700'],1,Del Valle 2700,,,,,,,,,,
2015,1333,2015-03-25,Miercoles,0.0,14:00:00,,0.0,2,"Automóvil,Peatón",Albert Sabin Y 8 de Noviembre,2,1,0,0,1,0,0,,Avenida,,ROSARIO,Rosario,Asfalto,S/D,II,Dentro,Urbana,S/D,S/D,Intersección,S/D,S/D,Diurna,S/D,S/D,S/D,Atropello,S/D,S/D,S/D,S/D,error,"['Avenida Travesía Albert Sabin', 'Ocho de Noviembre']",2,error,,,,,,,,,,
2015,1344,2015-03-01,Domingo,0.0,05:50:00,,0.0,2,"Peatón,Automóvil",Av. Circunvalacion Bis 1800,2,0,1,0,0,0,1,,Avenida,,ROSARIO,Rosario,Asfalto,Pavimento,II,Dentro,Urbana,Ninguna,No existe,Recta,Bueno,Buena,Amanecer,Buen Tiempo,S/D,S/D,Atropello,Ninguna,Horizontal,Guardarrail,Obra en Construcción,no funciono,['Circunvalacion Bis 1800'],1,Circunvalacion Bis 1800,,,,,,,,,,
2015,1359,2015-03-30,Lunes,0.0,18:30:00,,0.0,1,Otros,Esquivel Y Av. Provincias Unidas,1,1,0,0,0,0,0,,Calle,,ROSARIO,Rosario,Asfalto,Pavimento,II,Dentro,Urbana,S/D,S/D,Intersección,Bueno,Buena,Atardecer,S/D,S/D,S/D,S/D,S/D,S/D,S/D,S/D,error,"['Esquivel', 'Avenida Provincias Unidas']",2,error,,,,,,,,,,
2015,1380,2015-03-18,Miercoles,0.0,10:30:00,,0.0,2,"Moto/Ciclomotor,Automóvil",Av. Eva Peron Y Bv. Wilde,2,1,0,0,1,0,0,,Avenida,,ROSARIO,Rosario,Asfalto,No existe,II,S/D,Urbana,Otra Señal,No existe,Recta,Bueno,Buena,Diurna,S/D,S/D,S/D,Colisión,S/D,S/D,S/D,Sin restricción,error,"['Avenida Eva Perón', 'Bulevar Wilde']",2,error,,,,,,,,,,
2015,1866,2015-04-28,Martes,0.0,,,0.0,2,"Automóvil,Automóvil",Bv. Oroño 5800,3,2,0,0,1,0,0,,Avenida,,ROSARIO,Rosario,Asfalto,Pavimento,II,Dentro,Urbana,Ninguna,S/D,Recta,Bueno,Reducida,Con luz artificial,Buen Tiempo,Lateral,S/D,Colisión,S/D,S/D,S/D,Sin restricción,no funciono,['Nicasio Oroñoño 5800'],1,Nicasio Oroñoño 5800,,,,,,,,,,
2015,1869,2015-04-06,Lunes,0.0,18:50:00,,0.0,2,"Bicicleta,Automóvil",L.Braile Y Varela,2,1,0,0,1,0,0,,Calle,,ROSARIO,Rosario,Asfalto,No existe,II,Dentro,Urbana,Ninguna,No existe,Intersección,Bueno,Buena,Diurna,Buen Tiempo,S/D,S/D,Atropello,Otro,Faltante,Ninguna,Sin restricción,error,"['Braile', 'Varela']",2,error,,,,,,,,,,
2015,1871,2015-04-01,Miercoles,0.0,00:40:00,,0.0,2,"Moto/Ciclomotor,Automóvil",Av. Ntra.Sra.del Rosario Y Lituania,3,2,0,0,1,0,0,,Avenida,,ROSARIO,Rosario,Asfalto,No existe,II,S/D,Urbana,Ninguna,No existe,Intersección,Bueno,Buena,"Nocturna,Con luz artificial",S/D,S/D,S/D,Colisión,S/D,Horizontal,Cordón divisorio,Sin restricción,error,"['Nuestra Señora del Rosario', 'Lituania']",2,error,,,,,,,,,,
2015,1875,2015-04-01,Miercoles,0.0,18:40:00,,0.0,2,"Automóvil,Moto/Ciclomotor",Av. Provincias Unidas Y J.J.Paso,2,1,0,0,1,0,0,,Avenida,,ROSARIO,Rosario,Asfalto,No existe,II,Dentro,Urbana,Ninguna,No existe,Curva,Bueno,Buena,Atardecer,Buen Tiempo,S/D,S/D,Colisión,S/D,S/D,Ninguna,Sin restricción,error,"['Avenida Provincias Unidas', 'Paso']",2,error,,,,,,,,,,
2015,1881,2015-04-27,Lunes,0.0,05:50:00,,0.0,2,"Bicicleta,Automóvil",Bv. Oroño Y Av. Battle y Ordoñez,2,1,0,0,1,0,0,,Avenida,,ROSARIO,Rosario,Asfalto,Pavimento,II,Dentro,Urbana,Ninguna,Intermitente,Intersección,Bueno,Reducida,Nocturna,Buen Tiempo,S/D,S/D,Atropello,S/D,S/D,S/D,Sin restricción,error,"['Bulevar Nicasio Oroño', 'Avenida Battle y Ordoñez']",2,error,,,,,,,,,,
2015,1883,2015-04-01,Miercoles,0.0,17:00:00,,0.0,2,"Moto/Ciclomotor,Automóvil",Pje. Chiola ,2,1,0,0,1,0,0,,Calle,,ROSARIO,Rosario,Asfalto,No existe,II,Dentro,Urbana,Ninguna,No existe,Intersección,Con baches,S/D,Diurna,S/D,S/D,S/D,Colisión,S/D,S/D,Ninguna,Sin restricción,no funciono,['Pasaje Chiola'],1,Pasaje Chiola,,,,,,,,,,
2015,1892,2015-04-01,Miercoles,0.0,,,0.0,1,Otros, ,1,0,0,0,0,0,1,,S/D,,ROSARIO,Rosario,S/D,S/D,II,S/D,S/D,S/D,S/D,S/D,S/D,S/D,S/D,S/D,S/D,S/D,S/D,S/D,S/D,S/D,S/D,,[''],0,,,,,,,,,,,
2015,1903,2015-04-21,Martes,0.0,19:10:00,,0.0,2,"Moto/Ciclomotor,Bicicleta", ,2,0,0,0,0,0,2,,S/D,,ROSARIO,Rosario,S/D,S/D,II,S/D,S/D,S/D,S/D,S/D,S/D,S/D,S/D,S/D,S/D,S/D,Atropello,S/D,S/D,S/D,S/D,,[''],0,,,,,,,,,,,
2015,1917,2015-04-08,Miercoles,0.0,15:30:00,,0.0,2,"Automóvil,Moto/Ciclomotor",Av. Provincias Unidas Bis 800,3,2,0,0,0,0,1,,Avenida,,ROSARIO,Rosario,Asfalto,No existe,II,S/D,S/D,Ninguna,No existe,Recta,Bueno,S/D,S/D,Buen Tiempo,S/D,S/D,Colisión,S/D,S/D,Ninguna,Sin restricción,no funciono,['Provincias Unidas Bis 800'],1,Provincias Unidas Bis 800,,,,,,,,,,
2015,1922,2015-04-08,Miercoles,0.0,16:00:00,,0.0,2,"Automóvil,Camión", ,5,2,0,0,3,0,0,,S/D,,ROSARIO,Rosario,S/D,S/D,II,Dentro,Urbana,S/D,S/D,S/D,S/D,S/D,Diurna,S/D,S/D,S/D,Colisión,S/D,S/D,S/D,S/D,,[''],0,,,,,,,,,,,
2015,1925,2015-04-15,Miercoles,0.0,19:00:00,,0.0,6,"Automóvil,Taxi/Remis,Automóvil,Automóvil,Automóvil,Automóvil",Cordoba Y Parana,7,2,0,0,5,0,0,,Calle,,ROSARIO,Rosario,S/D,S/D,II,Dentro,Urbana,S/D,S/D,S/D,S/D,S/D,Nocturna,S/D,Múltiple,S/D,Colisión,S/D,S/D,S/D,S/D,error,"['Córdoba', 'Paraná']",2,error,,,,,,,,,,
2015,1939,2015-04-13,Lunes,0.0,23:00:00,,0.0,2,"Automóvil,Moto/Ciclomotor", ,2,0,1,0,1,0,0,,Calle,,ROSARIO,Rosario,S/D,S/D,II,Dentro,Urbana,S/D,S/D,S/D,S/D,S/D,S/D,S/D,S/D,S/D,S/D,S/D,S/D,S/D,S/D,,[''],0,,,,,,,,,,,
2015,1941,2015-04-24,Viernes,0.0,12:45:00,,0.0,2,"Moto/Ciclomotor,Automóvil",Bv. Oroño Y Av. Battle y Ordoñez,3,2,0,0,1,0,0,,Avenida,,ROSARIO,Rosario,Asfalto,Pavimento,II,Dentro,Urbana,Ninguna,Funciona,Rotonda,Bueno,Buena,Diurna,Buen Tiempo,Lateral,S/D,Colisión,S/D,S/D,Ninguna,Sin restricción,error,"['Bulevar Nicasio Oroño', 'Avenida Battle y Ordoñez']",2,error,,,,,,,,,,
2015,1952,2015-04-17,Viernes,0.0,17:00:00,,0.0,2,"Bicicleta,Automóvil",Av. Provincias Unidas Bis 300 ,3,2,0,0,1,0,0,,Avenida,,ROSARIO,Rosario,Asfalto,S/D,II,S/D,Urbana,S/D,S/D,S/D,Bueno,Buena,Diurna,Buen Tiempo,S/D,S/D,Atropello,S/D,S/D,S/D,S/D,no funciono,['Provincias Unidas Bis 300'],1,Provincias Unidas Bis 300,,,,,,,,,,
2015,1957,2015-04-16,Jueves,0.0,13:15:00,,0.0,2,"Automóvil,Moto/Ciclomotor",Sarratea Bis 730,2,1,0,0,1,0,0,,Calle,,ROSARIO,Rosario,S/D,S/D,II,S/D,Urbana,S/D,S/D,Otro,S/D,S/D,Diurna,Buen Tiempo,Otro,S/D,Colisión,S/D,S/D,S/D,S/D,no funciono,['Sarratea Bis 730'],1,Sarratea Bis 730,,,,,,,,,,
2015,1962,2015-04-19,Domingo,0.0,15:40:00,,0.0,2,"Pickup/Utilitario,Peatón",Bv. Oroño 900,2,0,1,0,1,0,0,,Calle,,ROSARIO,Rosario,Asfalto,S/D,II,Dentro,Urbana,Ninguna,No existe,Recta,Bueno,Buena,Diurna,Buen Tiempo,S/D,S/D,Atropello,S/D,S/D,Cordón divisorio,Sin restricción,no funciono,['Nicasio Oroñoño 900'],1,Nicasio Oroñoño 900,,,,,,,,,,
2015,1976,2015-04-25,Sabado,0.0,20:22:00,,0.0,2,"Moto/Ciclomotor,Automóvil",Albert Sabin Y Lavalle,2,1,0,0,0,0,1,,Calle,,ROSARIO,Rosario,S/D,S/D,II,S/D,Urbana,S/D,S/D,Intersección,S/D,S/D,Nocturna,S/D,S/D,S/D,Colisión,S/D,S/D,S/D,S/D,error,"['Avenida Travesía Albert Sabin', 'Lavalle']",2,error,,,,,,,,,,
2015,1977,2015-04-27,Lunes,0.0,,,0.0,2,"Vehículo Oficial,Automóvil",Av. Puccio Y Agrelo,3,2,0,0,1,0,0,,Avenida,,ROSARIO,Rosario,Asfalto,No existe,II,Dentro,Urbana,Semáforo,Funciona,Intersección,Bueno,Buena,Diurna,Buen Tiempo,De alcance,S/D,Colisión,Otro,"Horizontal,Vertical",Ninguna,Sin restricción,error,"['Puccio', 'Agrela']",2,error,,,,,,,,,,
2015,1984,2015-04-05,Domingo,0.0,17:40:00,,0.0,2,"Moto/Ciclomotor,Automóvil",Bv. Rondeau Y Pintor Musto,2,1,0,0,1,0,0,,Avenida,,ROSARIO,Rosario,Asfalto,No existe,II,Dentro,Urbana,Ninguna,No existe,Intersección,Bueno,S/D,Diurna,Buen Tiempo,Frontal,S/D,Colisión,Otro,Faltante,Ninguna,Sin restricción,error,"['Rondeau', 'Pintor Musto']",2,error,,,,,,,,,,
2015,1990,2015-04-24,Viernes,0.0,16:47:00,,0.0,2,"Automóvil,Moto/Ciclomotor",Pje. Riachuelo Y Colon,2,2,0,0,0,0,0,,Calle,,ROSARIO,Rosario,Asfalto,No existe,II,Dentro,Urbana,Ninguna,No existe,Intersección,Bueno,Buena,Diurna,Buen Tiempo,Lateral,S/D,Colisión,Ninguna,Faltante,S/D,Sin restricción,error,"['Riachuelo', 'Colon']",2,error,,,,,,,,,,
2015,1991,2015-04-21,Martes,0.0,07:45:00,,0.0,2,"Moto/Ciclomotor,Automóvil",Uruguay Y Maipu,2,1,0,0,1,0,0,,Calle,,ROSARIO,Rosario,Asfalto,No existe,II,Dentro,Urbana,Ninguna,No existe,Intersección,Bueno,Buena,Diurna,Buen Tiempo,Lateral,S/D,Colisión,Ninguna,S/D,Ninguna,Sin restricción,error,"['Uruguay', 'Maipú']",2,error,,,,,,,,,,
2015,1992,2015-04-23,Jueves,0.0,17:30:00,,0.0,2,"Transporte de Pasajeros Urbano (> 8 asientos),Bicicleta",Gianneo Y Av. Kennedy,2,1,0,0,1,0,0,,Calle,,ROSARIO,Rosario,Asfalto,No existe,II,S/D,Urbana,Ninguna,No existe,Cruce,Bueno,Buena,Diurna,Buen Tiempo,Lateral,S/D,Atropello,Ninguna,Faltante,Ninguna,Sin restricción,error,"['Gianneo (Sur)', 'Kennedy']",2,error,,,,,,,,,,
2015,2022,2015-04-14,Martes,0.0,18:40:00,,0.0,2,"Automóvil,Taxi/Remis",Balcarce Y Ayolas,3,1,0,0,2,0,0,,Calle,,ROSARIO,Rosario,Asfalto,No existe,II,Dentro,Urbana,Ninguna,No existe,Intersección,Bueno,Buena,Diurna,Buen Tiempo,De alcance,S/D,Colisión,Ninguna,Faltante,Ninguna,Sin restricción,error,"['Balcarce', 'Ayolas']",2,error,,,,,,,,,,
2015,2025,2015-03-23,Lunes,0.0,08:30:00,,0.0,2,"Automóvil,Pickup/Utilitario",Ayolas Y Av. Francia,5,4,0,0,1,0,0,,Calle,,ROSARIO,Rosario,Asfalto,No existe,II,Dentro,Urbana,Ninguna,No existe,Recta,Bueno,Buena,Diurna,Buen Tiempo,De alcance,S/D,Colisión,Ninguna,Faltante,Ninguna,Sin restricción,error,"['Ayolas', 'Avenida Francia']",2,error,,,,,,,,,,
2015,2056,2015-04-15,Miercoles,0.0,07:15:00,,0.0,2,"Moto/Ciclomotor,Taxi/Remis",Amenabar Y Pje. Sanchez de Triana,2,1,0,0,1,0,0,,Calle,,ROSARIO,Rosario,Asfalto,No existe,II,Dentro,Urbana,Ninguna,No existe,Intersección,Bueno,Buena,Diurna,Buen Tiempo,De alcance,S/D,Colisión,S/D,Faltante,Ninguna,Sin restricción,error,"['Amenabar', 'Sánchez de Triana']",2,error,,,,,,,,,,
2015,2112,2015-03-27,Viernes,0.0,10:20:00,,0.0,2,"Peatón,Automóvil",Sarmiento Y Pje. E.Diaz,3,2,0,0,1,0,0,,Calle,,ROSARIO,Rosario,Asfalto,No existe,II,Dentro,Urbana,Ninguna,No existe,Intersección,Bueno,Buena,Diurna,Buen Tiempo,S/D,S/D,Atropello,Ninguna,Faltante,Ninguna,Sin restricción,error,"['Sarmiento', 'Diaz']",2,error,,,,,,,,,,
2015,2117,2015-03-22,Domingo,0.0,02:30:00,,0.0,2,"Automóvil,Moto/Ciclomotor",Centeno Bis 200,2,1,0,0,1,0,0,,Calle,,ROSARIO,Rosario,Asfalto,No existe,II,Dentro,Urbana,Ninguna,No existe,Recta,Bueno,Buena,Nocturna,Buen Tiempo,Lateral,S/D,Colisión,Ninguna,S/D,Ninguna,Sin restricción,no funciono,['Centeno Bis 200'],1,Centeno Bis 200,,,,,,,,,,
2015,2136,2015-03-20,Viernes,0.0,20:00:00,,0.0,2,"Peatón,Automóvil",Pje. Ipe 6400,2,0,1,0,1,0,0,,Calle,,ROSARIO,Rosario,Asfalto,No existe,II,Dentro,Urbana,S/D,No existe,Recta,Bueno,Reducida,Nocturna,S/D,S/D,S/D,Atropello,S/D,Horizontal,Ninguna,Sin restricción,no funciono,['Pasaje Ipe 6400'],1,Pasaje Ipe 6400,,,,,,,,,,
2015,2145,2015-03-14,Sabado,0.0,06:55:00,,0.0,1,Moto/Ciclomotor, ,2,1,0,0,1,0,0,,Calle,,ROSARIO,Rosario,Asfalto,Pavimento,II,Dentro,Urbana,Semáforo,S/D,Recta,Bueno,Buena,Amanecer,Buen Tiempo,Lateral,S/D,Colisión,S/D,Vertical,S/D,S/D,,[''],0,,,,,,,,,,,
2015,2153,2015-03-06,Viernes,0.0,09:20:00,,0.0,2,"Bicicleta,Taxi/Remis", ,4,1,0,0,3,0,0,,Calle,,ROSARIO,Rosario,Asfalto,No existe,II,Dentro,Urbana,Ninguna,No existe,Intersección,Bueno,Buena,Diurna,Buen Tiempo,S/D,S/D,Atropello,Ninguna,Faltante,Ninguna,Sin restricción,,[''],0,,,,,,,,,,,
2015,2162,2015-03-10,Martes,0.0,16:00:00,,0.0,1,Moto/Ciclomotor,Bv. Segui Y Pje. Casablanca,1,1,0,0,0,0,0,,Calle,,ROSARIO,Rosario,Asfalto,No existe,II,Dentro,Urbana,Ninguna,No existe,Recta,Bueno,Buena,Diurna,Buen Tiempo,S/D,S/D,Caída ocupante,Ninguna,Faltante,Ninguna,Sin restricción,error,"['Bulevar Juan Francisco Seguí', 'Casablanca']",2,error,,,,,,,,,,
2015,2359,2015-04-19,Domingo,0.0,02:00:00,,0.0,1,,Grandoli Y Poblet,4,2,0,0,2,0,0,,Calle,,ROSARIO,Rosario,Asfalto,S/D,II,Dentro,Urbana,S/D,No existe,Recta,S/D,Reducida,Nocturna,Buen Tiempo,S/D,S/D,Colisión,S/D,Faltante,S/D,Sin restricción,error,"['Avenida Abanderado Grandoli', 'Poblet']",2,error,,,,,,,,,,
2015,2367,2015-03-13,Viernes,0.0,08:30:00,,0.0,2,"Pickup/Utilitario,Moto/Ciclomotor",Av. Belgrano Y Tucuman,2,1,0,0,1,0,0,,Avenida,,ROSARIO,Rosario,Asfalto,No existe,II,Dentro,Urbana,Ninguna,No existe,Intersección,Bueno,Buena,Diurna,Buen Tiempo,Lateral,S/D,Colisión,S/D,Faltante,Ninguna,Sin restricción,error,"['Belgrano', 'Tucumán']",2,error,,,,,,,,,,
2015,2385,2015-04-07,Martes,0.0,18:25:00,,0.0,2,"Moto/Ciclomotor,Pickup/Utilitario",Av. Uriburu Y Mariano Moreno,2,1,0,0,1,0,0,,Calle,,ROSARIO,Rosario,Asfalto,No existe,II,Dentro,Urbana,Ninguna,No existe,Intersección,Bueno,Buena,Atardecer,Buen Tiempo,De alcance,S/D,Colisión,Ninguna,Faltante,Ninguna,Sin restricción,error,"['Uriburu', 'Mariano Moreno']",2,error,,,,,,,,,,
2015,2408,2015-04-22,Miercoles,0.0,16:30:00,,0.0,2,"Automóvil,Moto/Ciclomotor",TUNEL CELEDONIO ESCALADA ,2,1,0,0,1,0,0,,Calle,,ROSARIO,Rosario,S/D,No existe,II,S/D,Urbana,Ninguna,No existe,Recta,S/D,Buena,Diurna,Buen Tiempo,S/D,S/D,Colisión,S/D,Faltante,Ninguna,Sin restricción,no funciono,['Tunel Celedonio Escalada'],1,Tunel Celedonio Escalada,,,,,,,,,,
2015,2748,2015-05-27,Miercoles,0.0,16:30:00,,0.0,2,"Moto/Ciclomotor,Automóvil",Los Angeles Y Pje. Pelayo,2,1,0,0,1,0,0,,Calle,,ROSARIO,Rosario,Asfalto,No existe,II,Dentro,Urbana,Ninguna,No existe,Recta,Bueno,Buena,Diurna,Buen Tiempo,De alcance,S/D,Colisión,S/D,Faltante,Ninguna,Sin restricción,error,"['Los Ángeles', 'Pelayo']",2,error,,,,,,,,,,
2015,2753,2015-05-11,Lunes,0.0,22:40:00,,0.0,2,"Automóvil,Moto/Ciclomotor",J.J.Paso Y Vieytes,2,1,0,0,1,0,0,,Calle,,ROSARIO,Rosario,Asfalto,No existe,II,Dentro,Urbana,Ninguna,No existe,Recta,Bueno,Buena,Nocturna,Buen Tiempo,De alcance,S/D,Colisión,S/D,Faltante,Ninguna,Sin restricción,error,"['Paso', 'Vieytes']",2,error,,,,,,,,,,
2015,2764,2015-05-24,Domingo,0.0,08:10:00,,0.0,2,"Pickup/Utilitario,Bicicleta",Av. Circunvalacion Y Bv. Rondeau,2,1,0,0,1,0,0,,Avenida,,ROSARIO,Rosario,Asfalto,No existe,II,Dentro,Urbana,Ninguna,No existe,Cruce,Bueno,Buena,Diurna,Buen Tiempo,S/D,S/D,Atropello,Otro,Vertical,Ninguna,Sin restricción,error,"['Circunvalacion', 'Rondeau']",2,error,,,,,,,,,,
2015,2776,2015-05-06,Miercoles,0.0,17:45:00,,0.0,2,"Moto/Ciclomotor,Automóvil",Av. Battle y Ordoñez Y Pje El Trebol,2,1,0,0,1,0,0,,Avenida,,ROSARIO,Rosario,Asfalto,No existe,II,Dentro,Urbana,Ninguna,No existe,Recta,Bueno,Buena,Diurna,Otro,Otro,S/D,Colisión,Ninguna,Horizontal,Línea divisoria pintada,Sin restricción,sec calles no encontradas,"['Avenida Battle y Ordoñez', 'El Trebol']",2,error,,,,,,,,,,
2015,2785,2015-05-12,Martes,0.0,07:45:00,,0.0,3,"Peatón,Peatón,Automóvil",Bv. Oroño Y Ricardo Gutierrez,3,2,0,0,1,0,0,,Calle,,ROSARIO,Rosario,Asfalto,Pavimento,II,Dentro,Urbana,S/D,S/D,Intersección,Bueno,S/D,Amanecer,S/D,S/D,S/D,Atropello,S/D,S/D,S/D,S/D,error,"['Bulevar Nicasio Oroño', 'Ricardo Gutierrez']",2,error,,,,,,,,,,
2015,2829,2015-05-02,Sabado,0.0,11:20:00,,0.0,2,"Bicicleta,Automóvil",Av. Circunvalacion Y Santiago,2,1,0,0,1,0,0,,Calle,,ROSARIO,Rosario,Asfalto,No existe,II,Dentro,Urbana,Ninguna,No existe,Recta,Bueno,Buena,Nocturna,Buen Tiempo,De alcance,S/D,Atropello,S/D,Faltante,Ninguna,Sin restricción,error,"['Circunvalacion', 'Santiago']",2,error,,,,,,,,,,
2015,2843,2015-05-16,Sabado,0.0,05:30:00,,0.0,2,"Moto/Ciclomotor,Moto/Ciclomotor",Garibaldi Y Pje. Patagones,2,0,0,0,0,0,2,,Calle,,ROSARIO,Rosario,Asfalto,No existe,II,Dentro,Urbana,Ninguna,No existe,Intersección,Bueno,Buena,Diurna,Otro,Lateral,S/D,Colisión,Ninguna,Faltante,Ninguna,Sin restricción,error,"['José Garibaldi', 'Patagones']",2,error,,,,,,,,,,
2015,2850,2015-05-12,Martes,0.0,08:00:00,,0.0,2,"Moto/Ciclomotor,Camión",Edmundo Rivero Y Roullon,2,1,0,0,1,0,0,,Calle,,ROSARIO,Rosario,Asfalto,No existe,II,Dentro,Urbana,Ninguna,No existe,Intersección,Otro,S/D,Amanecer,Otro,Lateral,S/D,Colisión,Ninguna,Faltante,Ninguna,Sin restricción,error,"['Edmundo Rivero', 'Alfredo Rouillón']",2,error,,,,,,,,,,
2015,2851,2015-05-08,Viernes,0.0,14:45:00,,0.0,2,"Tracción animal / Carro,Automóvil",Av de los inmigrantes Y Av. Circunvalacion,2,1,0,0,1,0,0,,Avenida,,ROSARIO,Rosario,Asfalto,Pavimento,II,S/D,S/D,Ninguna,No existe,Intersección,Bueno,Buena,Diurna,Buen Tiempo,S/D,S/D,Atropello,S/D,Faltante,Cordón divisorio,Sin restricción,error,"['Los Inmigrantes', 'Circunvalacion']",2,error,,,,,,,,,,
2015,2859,2015-05-23,Sabado,0.0,05:40:00,,0.0,2,"Pickup/Utilitario,Moto/Ciclomotor", ,2,0,0,0,0,0,2,,Calle,,ROSARIO,Rosario,S/D,S/D,II,Dentro,Urbana,S/D,S/D,S/D,S/D,S/D,Nocturna,S/D,S/D,S/D,S/D,S/D,S/D,S/D,S/D,,[''],0,,,,,,,,,,,
2015,2860,2015-05-25,Lunes,0.0,23:20:00,,0.0,2,"Automóvil,Automóvil",Bv. Oroño Y Av. Battle y Ordoñez,4,1,0,0,3,0,0,,Calle,,ROSARIO,Rosario,Asfalto,No existe,II,Dentro,Urbana,Ninguna,No existe,Otro,Bueno,Buena,Atardecer,Buen Tiempo,Lateral,S/D,Colisión,S/D,S/D,Ninguna,Sin restricción,error,"['Bulevar Nicasio Oroño', 'Avenida Battle y Ordoñez']",2,error,,,,,,,,,,
2015,2865,2015-05-04,Lunes,0.0,06:30:00,,0.0,2,"Automóvil,Automóvil",Callao Y Jujuy,2,1,0,0,1,0,0,,Calle,,ROSARIO,Rosario,Asfalto,No existe,II,S/D,Urbana,Semáforo,S/D,Recta,Bueno,Buena,Diurna,Buen Tiempo,Otro,S/D,Colisión,Otro,Vertical,Ninguna,Sin restricción,error,"['Callao', 'Jujuy']",2,error,,,,,,,,,,
2015,2886,2015-04-20,Lunes,0.0,09:00:00,,0.0,2,"Moto/Ciclomotor,Automóvil", ,3,2,0,0,1,0,0,,Calle,,ROSARIO,Rosario,Asfalto,No existe,II,Dentro,Urbana,Ninguna,No existe,Intersección,Bueno,Buena,Diurna,Buen Tiempo,Lateral,S/D,Colisión,Ninguna,Faltante,Vegetación,Sin restricción,,[''],0,,,,,,,,,,,
2015,2890,2015-05-16,Sabado,0.0,15:00:00,,0.0,2,"Peatón,Automóvil",Cordoba Y Barra,2,1,0,0,1,0,0,,Calle,,ROSARIO,Rosario,Asfalto,No existe,II,Dentro,Urbana,Semáforo,Funciona,Intersección,Bueno,Buena,Diurna,Buen Tiempo,S/D,S/D,Atropello,Ninguna,Horizontal,Cordón divisorio,Sin restricción,error,"['Córdoba', 'Barra']",2,error,,,,,,,,,,
2015,2895,2015-05-19,Martes,0.0,09:30:00,,0.0,2,"Automóvil,Camión",Av. Circunvalacion Y Bv. Oroño,3,2,0,0,1,0,0,,Avenida,,ROSARIO,Rosario,Asfalto,Pavimento,II,Dentro,Urbana,Ninguna,No existe,Recta,Bueno,Buena,Diurna,Buen Tiempo,De alcance,S/D,Colisión,S/D,Faltante,Ninguna,Sin restricción,error,"['Circunvalacion', 'Bulevar Nicasio Oroño']",2,error,,,,,,,,,,
2015,2896,2015-05-23,Sabado,0.0,16:00:00,,0.0,2,"Moto/Ciclomotor,Automóvil",Bv. Avellaneda Y Av. Ntra.Sra.del Rosario,4,3,0,0,1,0,0,,Avenida,,ROSARIO,Rosario,Asfalto,Pavimento,II,Dentro,Urbana,Semáforo,Funciona,Intersección,Bueno,Buena,Diurna,Buen Tiempo,De alcance,S/D,Colisión,S/D,Vertical,Ninguna,S/D,error,"['Avellaneda', 'Nuestra Señora del Rosario']",2,error,,,,,,,,,,
2015,2897,2015-05-29,Viernes,0.0,17:00:00,,0.0,2,"Automóvil,Taxi/Remis",Bv. Avellaneda Y Av. Ntra.Sra.del Rosario,2,1,0,0,1,0,0,,Avenida,,ROSARIO,Rosario,Asfalto,Pavimento,II,Dentro,Urbana,Semáforo,Funciona,Intersección,Bueno,Buena,Diurna,Buen Tiempo,Lateral,S/D,Colisión,S/D,Vertical,Ninguna,S/D,error,"['Avellaneda', 'Nuestra Señora del Rosario']",2,error,,,,,,,,,,
2015,2904,2015-05-27,Miercoles,0.0,16:30:00,,0.0,2,"Automóvil,Moto/Ciclomotor",Av. Uriburu Y Mariano Moreno,3,1,0,0,2,0,0,,Calle,,ROSARIO,Rosario,Asfalto,No existe,II,Dentro,Urbana,Ninguna,No existe,Intersección,Bueno,Buena,Diurna,Buen Tiempo,De alcance,S/D,Colisión,S/D,Faltante,Ninguna,Sin restricción,error,"['Uriburu', 'Mariano Moreno']",2,error,,,,,,,,,,
2015,2911,2015-05-11,Lunes,0.0,13:45:00,,0.0,2,"Bicicleta,Otros",Bv. Oroño Y Av. Ponce,2,1,0,0,1,0,0,,Avenida,,ROSARIO,Rosario,Asfalto,S/D,II,Dentro,Urbana,S/D,S/D,Intersección,Bueno,Buena,Diurna,Buen Tiempo,S/D,S/D,Atropello,S/D,S/D,S/D,S/D,error,"['Bulevar Nicasio Oroño', 'Ponce']",2,error,,,,,,,,,,
2015,2913,2015-05-09,Sabado,0.0,18:00:00,,0.0,2,"Moto/Ciclomotor,Pickup/Utilitario",G.Carrasco Y Av. Dante Alighieri,3,1,0,0,2,0,0,,S/D,,ROSARIO,Rosario,Asfalto,S/D,II,S/D,S/D,S/D,S/D,Intersección,Bueno,Buena,Atardecer,Buen Tiempo,Lateral,S/D,Colisión,S/D,S/D,S/D,S/D,error,"['Carrasco', 'Dante Alighieri']",2,error,,,,,,,,,,
2015,2914,2015-05-11,Lunes,0.0,20:30:00,,0.0,2,"Bicicleta,Automóvil",Tte.Agneta 1600,2,1,0,0,1,0,0,,Calle,,ROSARIO,Rosario,Asfalto,No existe,II,Dentro,Urbana,Marca Vial,No existe,Recta,Bueno,Buena,Nocturna,Buen Tiempo,S/D,S/D,Atropello,Ninguna,Faltante,S/D,Sin restricción,no funciono,['Tenienteagneta 1600'],1,Tenienteagneta 1600,,,,,,,,,,
2015,2977,2015-05-04,Lunes,0.0,13:20:00,,0.0,2,"Automóvil,Moto/Ciclomotor",Sarratea Bis 1100,3,2,0,0,1,0,0,,Calle,,ROSARIO,Rosario,Asfalto,Pavimento,II,Dentro,Urbana,S/D,S/D,Recta,Bueno,Buena,Diurna,Buen Tiempo,De alcance,S/D,Colisión,S/D,S/D,S/D,S/D,no funciono,['Sarratea Bis 1100'],1,Sarratea Bis 1100,,,,,,,,,,
2015,2983,2015-05-06,Miercoles,0.0,19:15:00,,0.0,2,"Moto/Ciclomotor,Automóvil",Donado Y Pje. del Campo A,2,1,0,0,1,0,0,,Calle,,ROSARIO,Rosario,Asfalto,Pavimento,II,Dentro,Urbana,S/D,S/D,Intersección,Bueno,Reducida,Atardecer,Buen Tiempo,Lateral,S/D,Colisión,S/D,S/D,S/D,S/D,error,"['Donado', 'Del Campo']",2,error,,,,,,,,,,
2015,2984,2015-05-07,Jueves,0.0,17:50:00,,0.0,1,Moto/Ciclomotor,Junin Y Estado de Israel,1,1,0,0,0,0,0,,Calle,,ROSARIO,Rosario,Asfalto,Pavimento,II,Dentro,Urbana,Ninguna,No existe,Intersección,S/D,Buena,Atardecer,Buen Tiempo,S/D,S/D,Caída ocupante,S/D,S/D,Vegetación,Sin restricción,error,"['Junín', 'Estado de Israel']",2,error,,,,,,,,,,
2015,2986,2015-05-08,Viernes,0.0,17:10:00,,0.0,2,"Moto/Ciclomotor,Automóvil",Pje. Ghandi Y Tte.Agneta,3,2,0,0,1,0,0,,Calle,,ROSARIO,Rosario,S/D,No existe,II,Dentro,Urbana,Ninguna,No existe,Intersección,S/D,S/D,Diurna,S/D,S/D,S/D,Colisión,S/D,Faltante,Ninguna,Sin restricción,ppal calles no encontradas,"['Ghandi', 'Teniente Agneta']",2,error,,,,,,,,,,
2015,2995,2015-05-22,Viernes,0.0,19:30:00,,0.0,2,"Automóvil,Moto/Ciclomotor",J.J.Paso Y 10 De Diciembre,2,1,0,0,1,0,0,,Calle,,ROSARIO,Rosario,Asfalto,Pavimento,II,Dentro,Urbana,Semáforo,Funciona,Intersección,Bueno,Buena,Atardecer,Buen Tiempo,Lateral,S/D,Colisión,S/D,S/D,S/D,Sin restricción,error,"['Paso', '10 de Diciembre']",2,error,,,,,,,,,,