anio_acci,nro_acci,fecha,desc_dia,fecha_aprox,hora_aprox,desc_ruta,km,cant_participantes,desc_participante,calle_avenida_km,total,heridos_leves,heridos_graves,heridos_gravisimos,ilesos,fallecidos,sin_datos,posicion_XY,desc_tipo_via,desc_ruta_ori,desc_loc,desc_dpto,desc_tipo_calzada,desc_tipo_banquina,desc_unidad_regional,desc_lugar_calzada,desc_zona,desc_prioridad,desc_estado_semaforo,desc_lugar_via,desc_estado_via,desc_estado_visibilidad,desc_luminosidad,desc_estado_clima,desc_tipo_colision,desc_tipo_atropello,desc_tipo_hecho,desc_pres_calzada,desc_senializacion,desc_separacion_via,desc_restriccion,forma_geocod,calle_lista,numero_calles,calles_osm,lat,lon,index_right,gid,fna,gna,nam,in1,fdc,sag
2015,3148,2015-05-26,Martes,0.0,09:00:00,,0.0,2,"Automóvil,Bicicleta",Bv. Oroño Y Av. Ponce,2,0,1,0,1,0,0,,Avenida,,ROSARIO,Rosario,Asfalto,S/D,II,Dentro,Urbana,S/D,S/D,Intersección,Bueno,Buena,Diurna,Buen Tiempo,S/D,S/D,Atropello,S/D,S/D,S/D,S/D,error,"['Bulevar Nicasio Oroño', 'Ponce']",2,error,,,,,,,,,,
2015,3186,2015-05-20,Miercoles,0.0,17:20:00,,0.0,2,"Moto/Ciclomotor,Otros",Av. Pellegrini Y Av. Circunvalacion,2,1,0,0,0,0,1,,Avenida,,ROSARIO,Rosario,Asfalto,No existe,II,Fuera,Urbana,Ninguna,No existe,Curva,Bueno,Buena,Atardecer,Buen Tiempo,Lateral,S/D,Colisión,Ninguna,Faltante,S/D,Sin restricción,error,"['Pellegrini', 'Circunvalacion']",2,error,,,,,,,,,,
2015,3286,2015-05-12,Martes,0.0,,,0.0,2,"Moto/Ciclomotor,Automóvil",Molina Y Godoy Cruz,3,2,0,0,1,0,0,,Calle,,ROSARIO,Rosario,Asfalto,No existe,II,Fuera,Urbana,S/D,No existe,Intersección,Bueno,Buena,Diurna,Buen Tiempo,Lateral,S/D,Colisión,Ninguna,Faltante,Ninguna,Sin restricción,error,"['Molina', 'Avenida Presidente Perón']",2,error,,,,,,,,,,
2015,4545,2015-06-12,Viernes,0.0,,,0.0,2,"Moto/Ciclomotor,Taxi/Remis",Av. Corrientes Y Ayolas,2,1,0,0,1,0,0,,S/D,,ROSARIO,Rosario,S/D,S/D,II,S/D,S/D,S/D,S/D,Intersección,S/D,S/D,S/D,S/D,S/D,S/D,Colisión,S/D,S/D,S/D,S/D,error,"['Corrientes', 'Ayolas']",2,error,,,,,,,,,,
2015,4557,2015-06-06,Sabado,0.0,12:05:00,,0.0,2,"Bicicleta,Automóvil",Av. Corrientes Y Olegario V.Andrade,2,1,0,0,1,0,0,,Calle,,ROSARIO,Rosario,S/D,S/D,II,Dentro,Urbana,S/D,S/D,Intersección,S/D,S/D,Diurna,S/D,S/D,S/D,Atropello,S/D,S/D,S/D,S/D,error,"['Corrientes', 'Olegario V Andrade']",2,error,,,,,,,,,,
2015,4561,2015-06-23,Martes,0.0,16:05:00,,0.0,2,"Automóvil,Moto/Ciclomotor",Bv. Oroño 2500,2,1,0,0,1,0,0,,Avenida,,ROSARIO,Rosario,Asfalto,S/D,II,Dentro,Urbana,Semáforo,Funciona,Recta,Bueno,Buena,Diurna,Buen Tiempo,De alcance,S/D,Colisión,S/D,Vertical,Cordón divisorio,S/D,no funciono,['Nicasio Oroñoño 2500'],1,Nicasio Oroñoño 2500,,,,,,,,,,
2015,4573,2015-06-06,Sabado,0.0,22:40:00,,0.0,2,"Moto/Ciclomotor,Automóvil",Pavon Y H. Quiroga,2,1,0,0,1,0,0,,Calle,,ROSARIO,Rosario,Asfalto,No existe,II,S/D,Urbana,Ninguna,No existe,Intersección,Bueno,Buena,Nocturna,Buen Tiempo,Lateral,S/D,Colisión,S/D,S/D,Ninguna,Sin restricción,error,"['Pavón', 'Quiroga']",2,error,,,,,,,,,,
2015,4582,2015-06-30,Martes,0.0,10:30:00,,0.0,2,"Moto/Ciclomotor,Automóvil",Callao Y Mr.Ross,2,1,0,0,1,0,0,,Calle,,ROSARIO,Rosario,S/D,S/D,II,Dentro,Urbana,S/D,S/D,Intersección,S/D,S/D,Diurna,S/D,S/D,S/D,Colisión,S/D,S/D,S/D,S/D,error,"['Callao', 'Rodrigo M. Ross']",2,error,,,,,,,,,,
2015,4591,2015-06-30,Martes,0.0,19:15:00,,0.0,3,"Automóvil,Automóvil,Transporte de Pasajeros Urbano (> 8 asientos)",Juan Canals Y Mr.Ross,21,8,0,0,13,0,0,,Calle,,ROSARIO,Rosario,Asfalto,S/D,II,Dentro,Urbana,S/D,S/D,Intersección,Bueno,S/D,Diurna,S/D,Múltiple,S/D,Colisión,S/D,S/D,S/D,S/D,error,"['Juan Canals', 'Rodrigo M. Ross']",2,error,,,,,,,,,,
2015,4604,2015-06-19,Viernes,0.0,07:05:00,,0.0,2,"Bicicleta,Pickup/Utilitario",F.More Y Pje. Patagones,2,1,0,0,0,0,1,,Calle,,ROSARIO,Rosario,Asfalto,No existe,II,S/D,Urbana,Ninguna,No existe,Intersección,Bueno,Buena,Amanecer,Otro,S/D,S/D,Atropello,Ninguna,Faltante,Ninguna,Sin restricción,error,"['Felipe Moré', 'Patagones']",2,error,,,,,,,,,,
2015,4625,2015-05-29,Viernes,0.0,09:00:00,,0.0,2,"Bicicleta,Automóvil",Bv. Oroño 200,2,1,0,0,1,0,0,,Avenida,,ROSARIO,Rosario,Asfalto,No existe,II,Dentro,Urbana,Ninguna,No existe,Recta,Bueno,Buena,Diurna,Buen Tiempo,S/D,S/D,Atropello,S/D,Faltante,Cordón divisorio,Sin restricción,no funciono,['Nicasio Oroñoño 200'],1,Nicasio Oroñoño 200,,,,,,,,,,
2015,4631,2015-05-31,Domingo,0.0,20:30:00,,0.0,2,"Automóvil,Bicicleta",San Lorenzo Y Av. Sorrento,2,1,0,0,1,0,0,,Calle,,ROSARIO,Rosario,Asfalto,No existe,II,Dentro,Urbana,Señal Pare,No existe,Intersección,Bueno,Buena,"Nocturna,Con luz artificial",Buen Tiempo,S/D,S/D,Atropello,S/D,Vertical,Ninguna,Sin restricción,error,"['San Lorenzo', 'Sorrento']",2,error,,,,,,,,,,
2015,4635,2015-06-13,Sabado,0.0,20:10:00,,0.0,2,"Moto/Ciclomotor,Automóvil",Bv. Oroño Y Av. Battle y Ordoñez,3,2,0,0,1,0,0,,Calle,,ROSARIO,Rosario,Asfalto,Pavimento,II,Dentro,Urbana,Ninguna,S/D,Intersección,Bueno,Buena,Diurna,Buen Tiempo,Lateral,S/D,Colisión,S/D,S/D,Ninguna,Sin restricción,error,"['Bulevar Nicasio Oroño', 'Avenida Battle y Ordoñez']",2,error,,,,,,,,,,
2015,4643,2015-06-15,Lunes,0.0,15:00:00,,0.0,2,"Moto/Ciclomotor,Automóvil",Rep.Dominicana Y Formosa,2,1,0,0,1,0,0,,Calle,,ROSARIO,Rosario,Asfalto,Pavimento,II,Dentro,Urbana,Ninguna,No existe,Intersección,Bueno,Buena,Diurna,Buen Tiempo,S/D,S/D,Otro,Otro,Faltante,Ninguna,Sin restricción,error,"['República Dominicana', 'Formosa']",2,error,,,,,,,,,,
2015,4651,2015-06-07,Domingo,0.0,02:00:00,,0.0,2,"Moto/Ciclomotor,Peatón",Pje. J.Castelli ,2,1,0,0,1,0,0,,S/D,,ROSARIO,Rosario,Asfalto,No existe,II,S/D,S/D,Ninguna,No existe,Recta,Bueno,Buena,Nocturna,Buen Tiempo,S/D,S/D,Atropello,Otro,Faltante,Ninguna,Sin restricción,no funciono,['Pasaje J Castelli'],1,Pasaje J Castelli,,,,,,,,,,
2015,4662,2015-06-09,Martes,0.0,14:30:00,,0.0,2,"Moto/Ciclomotor,Automóvil",Av. Provincias Unidas Y Sarmiento,2,1,0,0,1,0,0,,S/D,,ROSARIO,Rosario,Asfalto,Natural,II,S/D,Urbana,Ninguna,No existe,Recta,Otro,Buena,Diurna,Buen Tiempo,De alcance,S/D,Colisión,Otro,Vertical,Ninguna,Sin restricción,error,"['Avenida Provincias Unidas', 'Sarmiento']",2,error,,,,,,,,,,
2015,4680,2015-06-12,Viernes,0.0,14:40:00,,0.0,2,"Automóvil,Moto/Ciclomotor",Jujuy Y Callao,2,1,0,0,1,0,0,,Calle,,ROSARIO,Rosario,Asfalto,No existe,II,S/D,Urbana,Semáforo,Funciona,Recta,Bueno,Buena,Diurna,Buen Tiempo,Otro,S/D,Colisión,Otro,Horizontal,Ninguna,Sin restricción,error,"['Jujuy', 'Callao']",2,error,,,,,,,,,,
2015,4685,2015-06-21,Domingo,0.0,20:00:00,,0.0,2,"Automóvil,Automóvil",Av. Sorrento Y Cafferata,4,1,0,0,3,0,0,,S/D,,ROSARIO,Rosario,Asfalto,Pavimento,II,S/D,Urbana,Semáforo,No funciona,Curva,Bueno,Buena,Nocturna,Buen Tiempo,De alcance,S/D,Colisión,Otro,Vertical,Ninguna,Sin restricción,error,"['Sorrento', 'Cafferata']",2,error,,,,,,,,,,
2015,4688,2015-06-22,Lunes,0.0,10:30:00,,0.0,2,"Automóvil,Automóvil",Av. Wheelwright Y Pueyrredon,2,1,0,0,1,0,0,,Calle,,ROSARIO,Rosario,Asfalto,No existe,II,S/D,Urbana,Semáforo,Funciona,Recta,Bueno,Buena,Diurna,Buen Tiempo,Otro,S/D,Colisión,Otro,Vertical,Ninguna,Sin restricción,error,"['Avenida Guillermo Wheelwright', 'Pueyrredón']",2,error,,,,,,,,,,
2015,4690,2015-06-17,Miercoles,0.0,13:10:00,,0.0,2,"Moto/Ciclomotor,Automóvil",Av. Francia Y Av. Caseros Bis,2,1,0,0,1,0,0,,Avenida,,ROSARIO,Rosario,Asfalto,S/D,II,S/D,Urbana,S/D,S/D,Intersección,Bueno,S/D,Diurna,S/D,S/D,S/D,Colisión,S/D,S/D,S/D,S/D,error,"['Avenida Francia', 'Caseros']",2,error,,,,,,,,,,
2015,4714,2015-06-27,Sabado,0.0,,,0.0,2,"Automóvil,Automóvil",Vera Mujica Y J.J.Paso,2,1,0,0,1,0,0,,Calle,,ROSARIO,Rosario,Asfalto,Pavimento,II,S/D,Urbana,Otra Señal,No funciona,Intersección,Bueno,Buena,Diurna,Buen Tiempo,Lateral,S/D,Colisión,S/D,S/D,S/D,Sin restricción,error,"['Vera Mujíca', 'Paso']",2,error,,,,,,,,,,
2015,4715,2015-06-18,Jueves,0.0,12:00:00,,0.0,2,"Bicicleta,Camión",Pje. Reclus Y ,2,1,0,0,1,0,0,,Calle,,ROSARIO,Rosario,Asfalto,No existe,II,Dentro,Urbana,Ninguna,No existe,Intersección,Bueno,Buena,Diurna,Buen Tiempo,S/D,S/D,Atropello,S/D,Faltante,Ninguna,Sin restricción,no funciono,['Pasaje Reclus'],1,Pasaje Reclus,,,,,,,,,,
2015,4720,2015-06-17,Miercoles,0.0,,,0.0,2,"Moto/Ciclomotor,Automóvil",J.L.Pagano Y Ottone Bis,2,1,0,0,1,0,0,,Calle,,ROSARIO,Rosario,Asfalto,No existe,II,S/D,Urbana,Ninguna,No existe,Recta,Bueno,Buena,Diurna,Buen Tiempo,De alcance,S/D,Colisión,Otro,Faltante,Ninguna,Sin restricción,error,"['Pagano', 'Ottone']",2,error,,,,,,,,,,
2015,4725,2015-06-12,Viernes,0.0,08:25:00,,0.0,2,"Automóvil,Automóvil",Agrelo Y Washington,2,1,0,0,1,0,0,,Calle,,ROSARIO,Rosario,Asfalto,No existe,II,S/D,Urbana,Ninguna,No existe,Intersección,Bueno,Buena,Diurna,Buen Tiempo,Frontal,S/D,Colisión,S/D,Faltante,Ninguna,Sin restricción,error,"['Agrela', 'Washington']",2,error,,,,,,,,,,
2015,4731,2015-06-06,Sabado,0.0,15:30:00,,0.0,2,"Taxi/Remis,Moto/Ciclomotor",Garzon Y Esquel,2,1,0,0,1,0,0,,S/D,,ROSARIO,Rosario,S/D,No existe,II,S/D,S/D,S/D,No existe,Intersección,S/D,S/D,Diurna,S/D,Lateral,S/D,Colisión,S/D,Faltante,S/D,Sin restricción,error,"['Garzón', 'Esquel']",2,error,,,,,,,,,,
2015,4778,2015-06-20,Sabado,0.0,,,0.0,2,"Otros,Otros",Cordoba Y Solis,2,0,0,0,0,0,2,,S/D,,ROSARIO,Rosario,S/D,S/D,II,S/D,S/D,S/D,S/D,S/D,S/D,S/D,S/D,S/D,S/D,S/D,S/D,S/D,S/D,S/D,S/D,error,"['Córdoba', 'Solis']",2,error,,,,,,,,,,
2015,4995,2015-07-28,Martes,0.0,12:40:00,,0.0,1,Moto/Ciclomotor,Ayolas Y Paraguay,2,1,0,0,1,0,0,,Calle,,ROSARIO,Rosario,S/D,S/D,II,Dentro,Urbana,S/D,S/D,Intersección,S/D,S/D,Diurna,S/D,S/D,S/D,S/D,S/D,S/D,S/D,S/D,error,"['Ayolas', 'Paraguay']",2,error,,,,,,,,,,
2015,5064,2015-07-04,Sabado,0.0,15:30:00,,0.0,2,"Automóvil,Automóvil",Uruguay Y Sarmiento,3,2,0,0,1,0,0,,Calle,,ROSARIO,Rosario,S/D,S/D,II,S/D,Urbana,S/D,S/D,Intersección,S/D,S/D,Diurna,S/D,S/D,S/D,Colisión,S/D,S/D,S/D,S/D,error,"['Uruguay', 'Sarmiento']",2,error,,,,,,,,,,
2015,5074,2015-07-13,Lunes,0.0,19:30:00,,0.0,2,"Moto/Ciclomotor,Automóvil",Bv. Rondeau Y Av. Circunvalacion,2,1,0,0,1,0,0,,Avenida,,ROSARIO,Rosario,Asfalto,No existe,II,Dentro,Urbana,Ninguna,No existe,Pendiente,Bueno,Buena,Nocturna,Buen Tiempo,Lateral,S/D,Colisión,Ninguna,Faltante,Ninguna,Sin restricción,error,"['Rondeau', 'Circunvalacion']",2,error,,,,,,,,,,
2015,5082,2015-07-14,Martes,0.0,09:50:00,,0.0,2,"Moto/Ciclomotor,Automóvil", ,2,1,0,0,1,0,0,,Calle,,ROSARIO,Rosario,S/D,S/D,II,Dentro,Urbana,S/D,S/D,Recta,S/D,S/D,Diurna,S/D,S/D,S/D,S/D,S/D,S/D,S/D,S/D,,[''],0,,,,,,,,,,,
2015,5088,2015-07-19,Domingo,0.0,19:20:00,,0.0,2,"Automóvil,Moto/Ciclomotor",Agrelo Y Ricardo Nuñez,2,1,0,0,1,0,0,,Calle,,ROSARIO,Rosario,Asfalto,No existe,II,Dentro,Urbana,Ninguna,No existe,Intersección,Bueno,Buena,Nocturna,Buen Tiempo,Frontal,S/D,Colisión,Ninguna,Faltante,Ninguna,Sin restricción,error,"['Agrela', 'Ricardo Nuñez']",2,error,,,,,,,,,,
2015,5110,2015-07-01,Miercoles,0.0,19:40:00,,0.0,2,"Automóvil,Moto/Ciclomotor",J.J.Paso Y Av. Provincias Unidas,2,1,0,0,1,0,0,,Avenida,,ROSARIO,Rosario,Asfalto,Natural,II,S/D,Urbana,Señal Ceda el Paso,No existe,Recta,Bueno,Buena,Atardecer,Buen Tiempo,De alcance,S/D,Colisión,S/D,Faltante,Línea divisoria pintada,Sin restricción,error,"['Paso', 'Avenida Provincias Unidas']",2,error,,,,,,,,,,
2015,5129,2015-07-11,Sabado,0.0,10:15:00,,0.0,2,"Moto/Ciclomotor,Moto/Ciclomotor",J.B.Justo Y Gambartes,2,2,0,0,0,0,0,,Calle,,ROSARIO,Rosario,Asfalto,No existe,II,S/D,Urbana,Ninguna,No existe,Recta,Bueno,Buena,Diurna,Buen Tiempo,De alcance,S/D,Colisión,Otro,Faltante,Ninguna,Sin restricción,error,"['Justo', 'Gambartes']",2,error,,,,,,,,,,
2015,5130,2015-07-13,Lunes,0.0,15:10:00,,0.0,2,"Moto/Ciclomotor,Peatón",Garzon Y Guayaquil,2,2,0,0,0,0,0,,Calle,,ROSARIO,Rosario,Asfalto,No existe,II,S/D,Urbana,Ninguna,No existe,Recta,Otro,Buena,Diurna,Buen Tiempo,S/D,S/D,Atropello,Otro,Faltante,Ninguna,Sin restricción,error,"['Garzón', 'Guayaquil']",2,error,,,,,,,,,,
2015,5138,2015-07-28,Martes,0.0,17:00:00,,0.0,2,"Moto/Ciclomotor,Automóvil",Av. Alberdi Bis 260,2,1,0,0,1,0,0,,Calle,,ROSARIO,Rosario,Asfalto,S/D,II,S/D,Urbana,S/D,S/D,Recta,S/D,S/D,Diurna,S/D,S/D,S/D,Colisión,S/D,S/D,S/D,S/D,no funciono,['Alberdi Bis 260'],1,Alberdi Bis 260,,,,,,,,,,
2015,5150,2015-07-03,Viernes,0.0,07:30:00,,0.0,2,"Automóvil,Pickup/Utilitario", ,2,1,0,0,1,0,0,,Calle,,ROSARIO,Rosario,Asfalto,S/D,II,Dentro,Urbana,S/D,S/D,Intersección,S/D,S/D,Diurna,S/D,S/D,S/D,Colisión,S/D,S/D,S/D,S/D,,[''],0,,,,,,,,,,,
2015,5176,2015-07-10,Viernes,0.0,23:00:00,,0.0,2,"Automóvil,Moto/Ciclomotor",Olavarria Bis 850,2,1,0,0,1,0,0,,Calle,,ROSARIO,Rosario,Asfalto,S/D,II,Dentro,Urbana,S/D,S/D,Recta,Bueno,S/D,Nocturna,Buen Tiempo,Contra objeto fijo,S/D,Colisión,S/D,Faltante,S/D,S/D,no funciono,['Olavarria Bis 850'],1,Olavarria Bis 850,,,,,,,,,,
2015,5197,2015-07-02,Jueves,0.0,21:45:00,,0.0,2,"Automóvil,Moto/Ciclomotor",Ricardo Gutierrez Y Paraguay,2,1,0,0,1,0,0,,Calle,,ROSARIO,Rosario,Asfalto,S/D,II,S/D,Urbana,S/D,S/D,Intersección,S/D,Buena,"Nocturna,Con luz artificial",S/D,S/D,S/D,S/D,S/D,S/D,S/D,S/D,error,"['Ricardo Gutierrez', 'Paraguay']",2,error,,,,,,,,,,
2015,5242,2015-06-18,Jueves,0.0,22:35:00,,0.0,2,"Moto/Ciclomotor,Automóvil",Nicolas Laguna Y Grandoli,3,2,0,0,1,0,0,,Calle,,ROSARIO,Rosario,Asfalto,Natural,II,Dentro,Urbana,Señal Pare,No existe,Intersección,Bueno,Buena,"Nocturna,Con luz artificial",Buen Tiempo,Frontal,S/D,Colisión,Ninguna,Horizontal,Ninguna,Sin restricción,error,"['Laguna', 'Avenida Abanderado Grandoli']",2,error,,,,,,,,,,
2015,5249,2015-07-03,Viernes,0.0,10:30:00,,0.0,2,"Moto/Ciclomotor,Automóvil",Bv. Oroño 1800,2,1,0,0,1,0,0,,Avenida,,ROSARIO,Rosario,Asfalto,S/D,II,Dentro,Urbana,S/D,No existe,Recta,Bueno,Buena,Diurna,Buen Tiempo,Múltiple,S/D,Colisión,Ninguna,S/D,S/D,S/D,no funciono,['Nicasio Oroñoño 1800'],1,Nicasio Oroñoño 1800,,,,,,,,,,
2015,5345,2015-07-28,Martes,0.0,,,0.0,2,"Pickup/Utilitario,Automóvil",Av. Belgrano Y Cerrito,2,2,0,0,0,0,0,,Avenida,,ROSARIO,Rosario,Hormigón,No existe,II,Dentro,Urbana,Ninguna,No existe,Otro,Bueno,Buena,Nocturna,Buen Tiempo,Lateral,S/D,Colisión,Ninguna,Horizontal,S/D,Sin restricción,error,"['Belgrano', 'Cerrito']",2,error,,,,,,,,,,
2015,5396,2015-07-01,Miercoles,0.0,13:30:00,,0.0,2,"Moto/Ciclomotor,Pickup/Utilitario",Av. Uriburu Y Ricchieri,2,1,0,0,1,0,0,,Calle,,ROSARIO,Rosario,Asfalto,No existe,II,Dentro,Urbana,Ninguna,No existe,Intersección,Bueno,Buena,Diurna,Buen Tiempo,Lateral,S/D,Colisión,S/D,Faltante,Cordón divisorio,Sin restricción,error,"['Uriburu', 'Ricchieri']",2,error,,,,,,,,,,
2015,5409,2015-07-20,Lunes,0.0,20:30:00,,0.0,2,"Peatón,Transporte de Pasajeros Urbano (> 8 asientos)",Rafael Arrieta Y Av. Bermudez,2,1,0,0,1,0,0,,Avenida,,ROSARIO,Rosario,Asfalto,No existe,II,Dentro,Urbana,Ninguna,No existe,Recta,Bueno,S/D,Nocturna,Buen Tiempo,S/D,S/D,Caída ocupante,Ninguna,Horizontal,Ninguna,Sin restricción,error,"['Rafael Arrieta', 'Bermudez']",2,error,,,,,,,,,,
2015,5417,2015-01-31,Sabado,0.0,,,0.0,2,"Moto/Ciclomotor,Automóvil",Monteagudo Bis Y Biarritz,2,1,0,0,1,0,0,,Calle,,ROSARIO,Rosario,Asfalto,S/D,II,S/D,Urbana,S/D,S/D,S/D,S/D,S/D,S/D,S/D,S/D,S/D,Colisión,S/D,S/D,S/D,S/D,error,"['Monteagudo', 'Biarritz']",2,error,,,,,,,,,,
2015,5431,2015-07-10,Viernes,0.0,06:45:00,,0.0,2,"Automóvil,Moto/Ciclomotor",Ombu Y Av. Ovidio Lagos,2,1,0,0,1,0,0,,Calle,,ROSARIO,Rosario,Asfalto,Natural,II,S/D,Urbana,Ninguna,No existe,Recta,Bueno,Buena,Nocturna,Buen Tiempo,De alcance,S/D,Colisión,S/D,Faltante,Ninguna,Sin restricción,error,"['Ombú', 'Avenida Ovidio Lagos']",2,error,,,,,,,,,,
2015,5446,2015-07-27,Lunes,0.0,17:25:00,,0.0,2,"Transporte de Pasajeros Urbano (> 8 asientos),Bicicleta",Av. Ovidio Lagos Y Ombu,2,1,0,0,1,0,0,,Calle,,ROSARIO,Rosario,Asfalto,Natural,II,S/D,S/D,Ninguna,No existe,Recta,Bueno,Buena,Diurna,Buen Tiempo,S/D,S/D,Atropello,S/D,Faltante,Ninguna,Sin restricción,error,"['Avenida Ovidio Lagos', 'Ombú']",2,error,,,,,,,,,,
2015,5459,2015-08-16,Domingo,0.0,12:30:00,,0.0,2,"Moto/Ciclomotor,Pickup/Utilitario",Bv. Oroño Y Av. Circunvalacion,3,1,0,0,2,0,0,,Avenida,,ROSARIO,Rosario,Asfalto,Pavimento,II,Dentro,Urbana,Ninguna,No existe,Intersección,Bueno,Buena,Diurna,Buen Tiempo,De alcance,S/D,Colisión,S/D,Faltante,Ninguna,Sin restricción,error,"['Bulevar Nicasio Oroño', 'Circunvalacion']",2,error,,,,,,,,,,
2015,5461,2015-08-24,Lunes,0.0,04:55:00,,0.0,2,"Moto/Ciclomotor,Automóvil",Av. Circunvalacion Y Av. Bermudez,2,2,0,0,0,0,0,,Calle,,ROSARIO,Rosario,Asfalto,Pavimento,II,Dentro,Urbana,Ninguna,No existe,Recta,Bueno,Reducida,Amanecer,S/D,S/D,S/D,Colisión,S/D,Faltante,Guardarrail,Sin restricción,error,"['Circunvalacion', 'Bermudez']",2,error,,,,,,,,,,
2015,5481,2015-09-19,Sabado,0.0,08:45:00,,0.0,2,"Moto/Ciclomotor,Automóvil", ,2,1,0,0,1,0,0,,Avenida,,ROSARIO,Rosario,Asfalto,Pavimento,II,Dentro,Urbana,Semáforo,Funciona,Intersección,Bueno,Buena,Diurna,Buen Tiempo,De alcance,S/D,Colisión,S/D,Vertical,Ninguna,Sin restricción,,[''],0,,,,,,,,,,,
2015,5892,2015-02-09,Lunes,0.0,04:35:00,,0.0,2,"Moto/Ciclomotor,Automóvil",Biedma Y Larrea,2,0,0,0,0,0,2,,Calle,,ROSARIO,Rosario,S/D,S/D,II,Dentro,Urbana,S/D,S/D,Intersección,S/D,S/D,Nocturna,S/D,Lateral,S/D,Colisión,S/D,S/D,S/D,S/D,error,"['Coronel Biedma', 'Larrea']",2,error,,,,,,,,,,
2015,6219,2015-08-13,Jueves,0.0,00:20:00,,0.0,2,"Taxi/Remis,Vehículo Oficial",Av. Pellegrini Y Av. Pellegrini,2,1,0,0,1,0,0,,Calle,,ROSARIO,Rosario,Asfalto,No existe,II,Dentro,Urbana,Ninguna,No existe,Intersección,Bueno,Buena,Diurna,Buen Tiempo,Lateral,S/D,Colisión,Otro,S/D,Ninguna,Sin restricción,error,"['Pellegrini', 'Pellegrini']",2,error,,,,,,,,,,
2015,6252,2015-08-22,Sabado,0.0,18:30:00,,0.0,2,"Automóvil,Moto/Ciclomotor",Brown Y Suipacha,2,1,0,0,1,0,0,,Calle,,ROSARIO,Rosario,Asfalto,No existe,II,S/D,Urbana,Semáforo,Funciona,Recta,S/D,Buena,Diurna,Buen Tiempo,Otro,S/D,Colisión,Otro,Horizontal,Ninguna,Sin restricción,error,"['Brown', 'Suipacha']",2,error,,,,,,,,,,
2015,6277,2015-07-27,Lunes,0.0,12:30:00,,0.0,2,"Automóvil,Moto/Ciclomotor",Junin Y Mitre,2,1,0,0,1,0,0,,Calle,,ROSARIO,Rosario,Asfalto,No existe,II,Dentro,Urbana,Ninguna,No existe,S/D,Bueno,Buena,Diurna,Buen Tiempo,Lateral,S/D,Colisión,Ninguna,Faltante,S/D,Sin restricción,error,"['Junín', 'Mitre']",2,error,,,,,,,,,,
2015,6278,2015-08-26,Miercoles,0.0,19:30:00,,0.0,2,"Moto/Ciclomotor,Automóvil",Tte.Agneta ,2,1,0,0,1,0,0,,Calle,,ROSARIO,Rosario,Asfalto,Pavimento,II,Dentro,Urbana,S/D,S/D,Intersección,Bueno,Buena,Nocturna,Buen Tiempo,Lateral,S/D,Colisión,S/D,Vertical,S/D,S/D,no funciono,['Tenienteagneta'],1,Tenienteagneta,,,,,,,,,,
2015,6289,2015-08-13,Jueves,0.0,19:00:00,,0.0,2,"Automóvil,Moto/Ciclomotor",Santa Fe Y Colon,2,1,0,0,1,0,0,,Calle,,ROSARIO,Rosario,Ripio,No existe,II,S/D,Urbana,Ninguna,No existe,Intersección,Bueno,Buena,"Nocturna,Con luz artificial",Buen Tiempo,Lateral,S/D,Colisión,Otro,Faltante,Ninguna,Sin restricción,error,"['Santa Fe', 'Colon']",2,error,,,,,,,,,,
2015,6334,2015-08-01,Sabado,0.0,18:30:00,,0.0,2,"Moto/Ciclomotor,Moto/Ciclomotor",Av. Provincias Unidas Y J.J.Paso,4,2,0,0,1,0,1,,Avenida,,ROSARIO,Rosario,Asfalto,No existe,II,S/D,Urbana,Ninguna,No existe,Recta,Bueno,Buena,Atardecer,Buen Tiempo,S/D,S/D,Colisión,Otro,S/D,Ninguna,Sin restricción,error,"['Avenida Provincias Unidas', 'Paso']",2,error,,,,,,,,,,
2015,6344,2015-08-21,Viernes,0.0,13:30:00,,0.0,2,"Moto/Ciclomotor,Otros",Av. Genova Y Matienzo,3,1,0,0,0,0,2,,Calle,,ROSARIO,Rosario,Asfalto,Pavimento,II,S/D,Urbana,Ninguna,No existe,Intersección,Bueno,Buena,Diurna,Buen Tiempo,Lateral,S/D,Colisión,Ninguna,Horizontal,Ninguna,Sin restricción,error,"['Genova', 'Matienzo']",2,error,,,,,,,,,,
2015,6378,2015-08-24,Lunes,0.0,17:25:00,,0.0,2,"Moto/Ciclomotor,Taxi/Remis",Venezuela Y Munne,2,1,0,0,1,0,0,,Calle,,ROSARIO,Rosario,Asfalto,S/D,II,Dentro,Urbana,S/D,S/D,Intersección,S/D,Buena,Diurna,Buen Tiempo,Lateral,S/D,Colisión,S/D,S/D,S/D,S/D,error,"['Venezuela', 'Munné']",2,error,,,,,,,,,,
2015,6405,2015-07-20,Lunes,0.0,07:00:00,,0.0,2,"Moto/Ciclomotor,Automóvil", ,2,1,0,0,1,0,0,,S/D,,ROSARIO,Rosario,Asfalto,S/D,II,Dentro,Urbana,S/D,S/D,S/D,S/D,S/D,S/D,S/D,S/D,S/D,Colisión,S/D,S/D,S/D,S/D,,[''],0,,,,,,,,,,,
2015,6413,2015-08-16,Domingo,0.0,18:30:00,,0.0,2,"Peatón,Moto/Ciclomotor",Pje. Central Cordoba ,2,1,0,0,0,0,1,,Calle,,ROSARIO,Rosario,Asfalto,S/D,II,S/D,Urbana,S/D,S/D,S/D,S/D,S/D,Diurna,S/D,S/D,S/D,Atropello,S/D,S/D,S/D,S/D,no funciono,['Pasaje Central Cordoba'],1,Pasaje Central Cordoba,,,,,,,,,,
2015,6421,2015-08-25,Martes,0.0,19:35:00,,0.0,1,Moto/Ciclomotor,Av. Provincias Unidas Y 24 De Setiembre,2,1,0,0,1,0,0,,Avenida,,ROSARIO,Rosario,Asfalto,No existe,II,Dentro,Urbana,S/D,No existe,Intersección,Bueno,Buena,Diurna,Buen Tiempo,S/D,S/D,Caída ocupante,S/D,S/D,S/D,S/D,error,"['Avenida Provincias Unidas', '24 de Septiembre']",2,error,,,,,,,,,,
2015,6422,2015-08-23,Domingo,0.0,17:00:00,,0.0,2,"Automóvil,Moto/Ciclomotor",Gaboto Y Garay,3,1,0,0,2,0,0,,Calle,,ROSARIO,Rosario,Asfalto,No existe,II,Dentro,Urbana,S/D,No existe,Intersección,Bueno,Buena,Diurna,Buen Tiempo,Lateral,S/D,Colisión,S/D,Faltante,S/D,Sin restricción,error,"['Gaboto', 'Garay']",2,error,,,,,,,,,,
2015,6458,2015-08-16,Domingo,0.0,15:50:00,,0.0,2,"Moto/Ciclomotor,Automóvil",Rivarola Y Ferrarotti,2,1,0,0,1,0,0,,Calle,,ROSARIO,Rosario,Asfalto,No existe,II,Dentro,Urbana,S/D,No existe,Intersección,Bueno,Buena,Diurna,Buen Tiempo,Lateral,S/D,Colisión,S/D,S/D,S/D,Sin restricción,error,"['Rivarola', 'Ferrari']",2,error,,,,,,,,,,
2015,6467,2015-08-22,Sabado,0.0,19:30:00,,0.0,2,"Moto/Ciclomotor,Automóvil",Roullon Y Biedma,2,1,0,0,1,0,0,,Calle,,ROSARIO,Rosario,Asfalto,S/D,II,Dentro,Urbana,Ninguna,No existe,Intersección,Con baches,Buena,Diurna,Buen Tiempo,Lateral,S/D,Colisión,Ninguna,S/D,Barrera de hormigón,Sin restricción,error,"['Alfredo Rouillón', 'Coronel Biedma']",2,error,,,,,,,,,,
2015,7125,2015-06-10,Miercoles,0.0,11:30:00,,0.0,2,"Moto/Ciclomotor,Moto/Ciclomotor", ,3,2,0,0,1,0,0,,Calle,,ROSARIO,Rosario,Asfalto,S/D,II,Dentro,Urbana,S/D,S/D,S/D,S/D,S/D,Diurna,S/D,S/D,S/D,Colisión,S/D,S/D,S/D,S/D,,[''],0,,,,,,,,,,,
2015,7148,2015-04-02,Jueves,0.0,19:45:00,,0.0,2,"Automóvil,Peatón",Pje. Urdinarrain 8417,2,1,0,0,1,0,0,,Calle,,ROSARIO,Rosario,S/D,S/D,II,Dentro,Urbana,S/D,S/D,S/D,S/D,S/D,Nocturna,S/D,S/D,S/D,Atropello,S/D,S/D,S/D,S/D,no funciono,['Pasaje Urdinarrain 8417'],1,Pasaje Urdinarrain 8417,,,,,,,,,,
2015,7149,2015-04-05,Domingo,0.0,08:00:00,,0.0,2,"Taxi/Remis,Automóvil",Martinez Estrada Y San Martin,3,1,1,1,0,0,0,,Calle,,ROSARIO,Rosario,S/D,S/D,II,Dentro,Urbana,S/D,S/D,S/D,S/D,S/D,Diurna,S/D,S/D,S/D,Colisión,S/D,S/D,S/D,S/D,error,"['Martinez Estrada', 'San Martin']",2,error,,,,,,,,,,