anio_acci,nro_acci,fecha,desc_dia,fecha_aprox,hora_aprox,desc_ruta,km,cant_participantes,desc_participante,calle_avenida_km,total,heridos_leves,heridos_graves,heridos_gravisimos,ilesos,fallecidos,sin_datos,posicion_XY,desc_tipo_via,desc_ruta_ori,desc_loc,desc_dpto,desc_tipo_calzada,desc_tipo_banquina,desc_unidad_regional,desc_lugar_calzada,desc_zona,desc_prioridad,desc_estado_semaforo,desc_lugar_via,desc_estado_via,desc_estado_visibilidad,desc_luminosidad,desc_estado_clima,desc_tipo_colision,desc_tipo_atropello,desc_tipo_hecho,desc_pres_calzada,desc_senializacion,desc_separacion_via,desc_restriccion,forma_geocod,calle_lista,numero_calles,calles_osm,lat,lon,index_right,gid,fna,gna,nam,in1,fdc,sag
2015,7204,2015-06-11,Jueves,0.0,17:45:00,,0.0,2,"Automóvil,Pickup/Utilitario",Bv. Oroño 1300,2,1,0,0,1,0,0,,Avenida,,ROSARIO,Rosario,Asfalto,S/D,II,Dentro,Urbana,Ninguna,S/D,Recta,Bueno,Buena,"Atardecer,Con luz artificial",Buen Tiempo,Lateral,S/D,Colisión,S/D,Faltante,Cordón divisorio,Sin restricción,no funciono,['Nicasio Oroñoño 1300'],1,Nicasio Oroñoño 1300,,,,,,,,,,
2015,7260,2015-06-15,Lunes,0.0,08:50:00,,0.0,2,"Taxi/Remis,Moto/Ciclomotor",San Lorenzo Y Sarmiento,2,1,0,0,1,0,0,,Avenida,,ROSARIO,Rosario,Asfalto,No existe,II,Dentro,Urbana,Ninguna,No existe,Intersección,Bueno,S/D,Diurna,Buen Tiempo,Frontal,S/D,Colisión,S/D,Faltante,S/D,Sin restricción,error,"['San Lorenzo', 'Sarmiento']",2,error,,,,,,,,,,
2015,7273,2015-07-08,Miercoles,0.0,,,0.0,2,"Automóvil,Automóvil",Bv. Wilde Y Av. Eva Peron,2,1,0,0,1,0,0,,Calle,,ROSARIO,Rosario,Asfalto,No existe,II,Dentro,Urbana,Ninguna,No existe,Rotonda,Bueno,Buena,Diurna,Buen Tiempo,Lateral,S/D,Colisión,S/D,Faltante,Ninguna,Sin restricción,error,"['Bulevar Wilde', 'Avenida Eva Perón']",2,error,,,,,,,,,,
2015,7274,2015-07-15,Miercoles,0.0,,,0.0,2,"Automóvil,Moto/Ciclomotor",Cordoba Y Donado,2,1,0,0,1,0,0,,Calle,,ROSARIO,Rosario,Asfalto,S/D,II,Dentro,Urbana,Ninguna,No existe,Intersección,Bueno,Buena,Diurna,Buen Tiempo,S/D,S/D,Colisión,S/D,S/D,Cordón divisorio,Sin restricción,error,"['Córdoba', 'Donado']",2,error,,,,,,,,,,
2015,7275,2015-07-24,Viernes,0.0,21:15:00,,0.0,1,, ,2,1,0,0,1,0,0,,Avenida,,ROSARIO,Rosario,Asfalto,Pavimento,II,S/D,Urbana,Semáforo,Funciona,Intersección,Bueno,Buena,Nocturna,Buen Tiempo,Frontal,S/D,Colisión,S/D,Vertical,Ninguna,Sin restricción,,[''],0,,,,,,,,,,,
2015,7279,2015-07-11,Sabado,0.0,11:00:00,,0.0,2,"Moto/Ciclomotor,Moto/Ciclomotor",Roullon Y Esquivel,2,1,0,0,1,0,0,,Calle,,ROSARIO,Rosario,Asfalto,No existe,II,Dentro,Urbana,Ninguna,No existe,Intersección,Bueno,S/D,Diurna,S/D,Lateral,S/D,Colisión,S/D,Faltante,Ninguna,Sin restricción,error,"['Alfredo Rouillón', 'Esquivel']",2,error,,,,,,,,,,
2015,7285,2015-07-15,Miercoles,0.0,,,0.0,2,"Automóvil,Moto/Ciclomotor",Mejico Y Cabildo,2,1,0,0,1,0,0,,Calle,,ROSARIO,Rosario,Asfalto,No existe,II,Dentro,Urbana,Ninguna,No existe,Intersección,Bueno,Buena,Diurna,Buen Tiempo,Lateral,S/D,Colisión,Ninguna,Faltante,Ninguna,Sin restricción,error,"['Mejico', 'Cabildo']",2,error,,,,,,,,,,
2015,7298,2015-07-24,Viernes,0.0,13:55:00,,0.0,2,"Bicicleta,Automóvil",Pte.Roca 300,2,1,0,0,0,0,1,,Calle,,ROSARIO,Rosario,Asfalto,S/D,II,S/D,Urbana,S/D,S/D,Recta,Bueno,Buena,Diurna,Buen Tiempo,S/D,S/D,Atropello,S/D,S/D,S/D,S/D,no funciono,['Presidenteroca 300'],1,Presidenteroca 300,,,,,,,,,,
2015,7301,2015-07-22,Miercoles,0.0,08:25:00,,0.0,2,"Peatón,Moto/Ciclomotor",Av. Wheelwright Y Av. Corrientes,2,2,0,0,0,0,0,,Avenida,,ROSARIO,Rosario,Asfalto,S/D,II,Dentro,Urbana,S/D,S/D,Intersección,Bueno,Buena,Con luz artificial,Buen Tiempo,S/D,S/D,Atropello,S/D,S/D,Ninguna,Sin restricción,error,"['Avenida Guillermo Wheelwright', 'Corrientes']",2,error,,,,,,,,,,
2015,7345,2015-08-21,Viernes,0.0,14:15:00,,0.0,2,"Pickup/Utilitario,Taxi/Remis",Rioja Y 9 De Julio,3,1,0,0,2,0,0,,Calle,,ROSARIO,Rosario,Asfalto,S/D,II,Dentro,Urbana,Ninguna,No existe,Recta,Bueno,Buena,Diurna,Buen Tiempo,Lateral,S/D,Colisión,S/D,Faltante,Cordón divisorio,Sin restricción,error,"['Rioja', '9 de Julio']",2,error,,,,,,,,,,
2015,7366,2015-08-07,Viernes,0.0,14:55:00,,0.0,2,"Moto/Ciclomotor,Peatón",Cordoba Y Alvear,2,1,0,0,1,0,0,,Calle,,ROSARIO,Rosario,Asfalto,S/D,II,Dentro,Urbana,Ninguna,No existe,Intersección,Bueno,Buena,Diurna,Buen Tiempo,S/D,S/D,Atropello,S/D,Faltante,Cordón divisorio,Sin restricción,error,"['Córdoba', 'Alvear']",2,error,,,,,,,,,,
2015,7399,2015-08-10,Lunes,0.0,18:00:00,,0.0,4,"Taxi/Remis,Automóvil,Automóvil,Automóvil",Paraguay Y Pje. Del Campo,11,3,0,0,8,0,0,,Calle,,ROSARIO,Rosario,S/D,S/D,II,S/D,Urbana,S/D,S/D,S/D,S/D,S/D,S/D,S/D,S/D,S/D,S/D,S/D,S/D,S/D,S/D,error,"['Paraguay', 'Del Campo']",2,error,,,,,,,,,,
2015,7404,2015-08-19,Miercoles,0.0,13:50:00,,0.0,2,"Vehículo Oficial,Moto/Ciclomotor",Colon Y Centeno,4,2,0,0,2,0,0,,Calle,,ROSARIO,Rosario,S/D,S/D,II,Dentro,Urbana,S/D,S/D,Intersección,S/D,Buena,Diurna,Buen Tiempo,Lateral,S/D,Colisión,S/D,S/D,S/D,S/D,error,"['Colon', 'Centeno']",2,error,,,,,,,,,,
2015,7439,2015-08-14,Viernes,0.0,12:50:00,,0.0,2,"Moto/Ciclomotor,Automóvil",Uruguay Y Sarmiento,2,1,0,0,1,0,0,,Calle,,ROSARIO,Rosario,S/D,S/D,II,Dentro,Urbana,S/D,No existe,Intersección,Bueno,Buena,Diurna,Buen Tiempo,Lateral,S/D,Colisión,S/D,S/D,S/D,S/D,error,"['Uruguay', 'Sarmiento']",2,error,,,,,,,,,,
2015,7461,2015-09-16,Miercoles,0.0,20:45:00,,0.0,2,"Moto/Ciclomotor,Automóvil",Bv. Oroño Y Av. Circunvalacion,2,1,0,0,1,0,0,,Avenida,,ROSARIO,Rosario,Asfalto,Pavimento,II,Dentro,Urbana,S/D,No existe,Intersección,Bueno,Buena,Nocturna,Buen Tiempo,Lateral,S/D,Colisión,S/D,S/D,Ninguna,Sin restricción,error,"['Bulevar Nicasio Oroño', 'Circunvalacion']",2,error,,,,,,,,,,
2015,7526,2015-09-08,Martes,0.0,11:30:00,,0.0,2,"Bicicleta,Automóvil",Pje. Raffo 5200,2,1,0,0,1,0,0,,Calle,,ROSARIO,Rosario,S/D,S/D,II,S/D,Urbana,S/D,S/D,S/D,S/D,S/D,Diurna,S/D,S/D,S/D,Atropello,S/D,S/D,S/D,S/D,no funciono,['Pasaje Raffo 5200'],1,Pasaje Raffo 5200,,,,,,,,,,
2015,7573,2015-09-08,Martes,0.0,21:10:00,,0.0,2,"Moto/Ciclomotor,Automóvil",Ayacucho Y Caballito Criollo,3,1,0,0,2,0,0,,Calle,,ROSARIO,Rosario,Asfalto,No existe,II,Dentro,Urbana,Ninguna,No existe,Intersección,S/D,S/D,Nocturna,Buen Tiempo,Lateral,S/D,Colisión,S/D,S/D,Ninguna,Sin restricción,error,"['Ayacucho', 'Caballito Criollo']",2,error,,,,,,,,,,
2015,7596,2015-09-10,Jueves,0.0,21:10:00,,0.0,2,"Automóvil,Moto/Ciclomotor",Bv. Oroño 900,2,1,0,0,1,0,0,,Calle,,ROSARIO,Rosario,Asfalto,S/D,II,Dentro,Urbana,Semáforo,Funciona,Recta,Bueno,Buena,Nocturna,Buen Tiempo,Frontal,S/D,Colisión,S/D,Faltante,Cordón divisorio,Sin restricción,no funciono,['Nicasio Oroñoño 900'],1,Nicasio Oroñoño 900,,,,,,,,,,
2015,7622,2015-09-29,Martes,0.0,13:00:00,,0.0,2,"Automóvil,Peatón",Urquiza Y Sarmiento,2,1,0,0,1,0,0,,Calle,,ROSARIO,Rosario,Asfalto,No existe,II,Dentro,Urbana,Ninguna,S/D,Intersección,Bueno,Buena,Diurna,Buen Tiempo,Otro,S/D,Atropello,Otro,Faltante,Ninguna,Sin restricción,error,"['Urquiza', 'Sarmiento']",2,error,,,,,,,,,,
2015,7626,2015-09-21,Lunes,0.0,22:20:00,,0.0,2,"Moto/Ciclomotor,Automóvil",Av. Wheelwright Y Entre Rios,2,1,0,0,1,0,0,,Avenida,,ROSARIO,Rosario,Asfalto,No existe,II,Dentro,Urbana,Ninguna,S/D,Intersección,Bueno,Buena,Nocturna,Buen Tiempo,S/D,S/D,Colisión,Otro,Faltante,Ninguna,Sin restricción,error,"['Avenida Guillermo Wheelwright', 'Entre Ríos']",2,error,,,,,,,,,,
2015,7634,2015-09-27,Domingo,0.0,09:50:00,,0.0,2,"Moto/Ciclomotor,Moto/Ciclomotor",Av. Wheelwright Y Entre Rios,3,2,0,0,1,0,0,,Calle,,ROSARIO,Rosario,Asfalto,No existe,II,Dentro,Urbana,Ninguna,S/D,Intersección,Bueno,Buena,Diurna,Buen Tiempo,Frontal,S/D,Colisión,Otro,Faltante,Ninguna,Sin restricción,error,"['Avenida Guillermo Wheelwright', 'Entre Ríos']",2,error,,,,,,,,,,
2015,7636,2015-09-20,Domingo,0.0,,,0.0,2,"Automóvil,Transporte de Pasajeros Urbano (> 8 asientos)", ,2,1,0,0,1,0,0,,S/D,,ROSARIO,Rosario,S/D,S/D,II,S/D,S/D,S/D,S/D,S/D,S/D,S/D,S/D,S/D,S/D,S/D,Colisión,S/D,S/D,S/D,S/D,,[''],0,,,,,,,,,,,
2015,7645,2015-09-04,Viernes,0.0,11:00:00,,0.0,2,"Moto/Ciclomotor,Pickup/Utilitario",San Martin Y Lima,2,1,0,0,1,0,0,,Calle,,ROSARIO,Rosario,S/D,S/D,II,S/D,Urbana,S/D,S/D,S/D,S/D,S/D,Diurna,S/D,S/D,S/D,Colisión,S/D,S/D,S/D,S/D,error,"['San Martin', 'Lima']",2,error,,,,,,,,,,
2015,7655,2015-09-28,Lunes,0.0,12:30:00,,0.0,2,"Automóvil,Pickup/Utilitario",Piedrabuena Y Monte Flores,2,1,0,0,1,0,0,,Calle,,ROSARIO,Rosario,Ripio,No existe,II,Dentro,Urbana,S/D,No existe,Intersección,S/D,Buena,Diurna,Buen Tiempo,Lateral,S/D,Colisión,S/D,Faltante,S/D,S/D,error,"['Piedra Buena', 'Monte Flores']",2,error,,,,,,,,,,
2015,7656,2015-09-06,Domingo,0.0,19:00:00,,0.0,2,"Bicicleta,Moto/Ciclomotor",Acevedo Bis Y Garay,2,0,0,0,0,0,2,,Calle,,ROSARIO,Rosario,Asfalto,Pavimento,II,Dentro,Urbana,Ninguna,No existe,Recta,Bueno,Reducida,Diurna,Otro,S/D,S/D,Atropello,S/D,S/D,Ninguna,Sin restricción,error,"['Acevedo', 'Garay']",2,error,,,,,,,,,,
2015,7688,2015-09-01,Martes,0.0,22:00:00,,0.0,1,,Av. Francia Y J.Colombres,2,0,0,0,0,0,2,,Calle,,ROSARIO,Rosario,Asfalto,Pavimento,II,S/D,Urbana,Ninguna,No existe,Recta,Bueno,Reducida,Nocturna,Otro,Otro,S/D,Colisión,Ninguna,S/D,Ninguna,S/D,error,"['Avenida Francia', 'José Colombres']",2,error,,,,,,,,,,
2015,7690,2015-09-01,Martes,0.0,22:00:00,,0.0,2,"Moto/Ciclomotor,Automóvil",Av. Francia Y J.Colombres,2,0,0,0,0,0,2,,Calle,,ROSARIO,Rosario,Asfalto,Pavimento,II,S/D,Urbana,Ninguna,No existe,Recta,Bueno,Reducida,Nocturna,Otro,Otro,S/D,Colisión,Ninguna,S/D,Ninguna,S/D,error,"['Avenida Francia', 'José Colombres']",2,error,,,,,,,,,,
2015,7694,2015-09-02,Miercoles,0.0,08:25:00,,0.0,2,"Moto/Ciclomotor,Automóvil",San Lorenzo Y Gorriti,2,1,0,0,1,0,0,,Calle,,ROSARIO,Rosario,S/D,No existe,II,S/D,Urbana,Ninguna,No existe,Intersección,S/D,S/D,Diurna,S/D,Lateral,S/D,Colisión,S/D,Faltante,Ninguna,Sin restricción,error,"['San Lorenzo', 'Gorriti']",2,error,,,,,,,,,,
2015,7716,2015-09-07,Lunes,0.0,12:20:00,,0.0,2,"Automóvil,Moto/Ciclomotor", ,2,1,0,0,1,0,0,,Calle,,ROSARIO,Rosario,Asfalto,S/D,II,S/D,Urbana,S/D,S/D,S/D,S/D,S/D,S/D,S/D,S/D,S/D,Colisión,S/D,S/D,S/D,S/D,,[''],0,,,,,,,,,,,
2015,7718,2015-09-07,Lunes,0.0,03:40:00,,0.0,2,"Camión,Taxi/Remis",Cordoba Y Parana,3,2,0,0,1,0,0,,Calle,,ROSARIO,Rosario,Asfalto,S/D,II,S/D,Urbana,S/D,S/D,S/D,S/D,S/D,S/D,S/D,S/D,S/D,Colisión,S/D,S/D,S/D,S/D,error,"['Córdoba', 'Paraná']",2,error,,,,,,,,,,
2015,7736,2015-09-05,Sabado,0.0,11:30:00,,0.0,2,"Moto/Ciclomotor,Peatón",Int. Lamas Y Pueyrredon,2,1,0,0,1,0,0,,Calle,,ROSARIO,Rosario,Asfalto,S/D,II,Dentro,Urbana,S/D,S/D,Recta,Bueno,Buena,Diurna,Buen Tiempo,S/D,S/D,Atropello,S/D,S/D,S/D,S/D,ppal calles no encontradas,"['Int Lamas', 'Pueyrredón']",2,error,,,,,,,,,,
2015,7738,2015-09-08,Martes,0.0,08:00:00,,0.0,2,"Moto/Ciclomotor,Transporte Escolar",Garibaldi Y F.More,2,1,0,0,1,0,0,,Calle,,ROSARIO,Rosario,Asfalto,No existe,II,Dentro,Urbana,Ninguna,No existe,Curva,Bueno,Buena,Diurna,Otro,Lateral,S/D,Colisión,Otro,Faltante,Ninguna,Sin restricción,error,"['José Garibaldi', 'Felipe Moré']",2,error,,,,,,,,,,
2015,7744,2015-09-06,Domingo,0.0,11:00:00,,0.0,2,"Moto/Ciclomotor,Moto/Ciclomotor",Cordoba Y Av. Provincias Unidas,2,2,0,0,0,0,0,,S/D,,ROSARIO,Rosario,Asfalto,No existe,II,S/D,Urbana,Ninguna,No existe,Intersección,Bueno,Buena,Diurna,Buen Tiempo,Frontal,S/D,Colisión,Otro,Faltante,Ninguna,Sin restricción,error,"['Córdoba', 'Avenida Provincias Unidas']",2,error,,,,,,,,,,
2015,7746,2015-09-06,Domingo,0.0,16:20:00,,0.0,2,"Moto/Ciclomotor,Peatón", ,2,1,0,0,0,0,1,,Calle,,ROSARIO,Rosario,Asfalto,No existe,II,Dentro,Urbana,Ninguna,No existe,Intersección,Bueno,Buena,Nocturna,Buen Tiempo,S/D,S/D,Atropello,Otro,Faltante,Ninguna,Sin restricción,,[''],0,,,,,,,,,,,
2015,7752,2015-09-27,Domingo,0.0,17:30:00,,0.0,2,"Automóvil,Moto/Ciclomotor",Av. Pte.Peron Y Fournier,3,2,0,0,1,0,0,,S/D,,ROSARIO,Rosario,Asfalto,No existe,II,S/D,S/D,Ninguna,No existe,Rotonda,Con baches,Buena,Diurna,Buen Tiempo,Otro,S/D,Colisión,Otro,Faltante,Ninguna,Sin restricción,error,"['Avenida Presidente Perón', 'Fournier']",2,error,,,,,,,,,,
2015,7754,2015-09-22,Martes,0.0,17:00:00,,0.0,2,"Moto/Ciclomotor,Automóvil",Pje. Deffilipis Novoa Bis Y Av. Circunvalacion,2,1,0,0,1,0,0,,Calle,,ROSARIO,Rosario,Asfalto,Natural,II,S/D,Urbana,Ninguna,No existe,Rotonda,Bueno,Buena,Diurna,Buen Tiempo,Otro,S/D,S/D,Otro,Faltante,Ninguna,Sin restricción,error,"['Deffilipis Novoa', 'Circunvalacion']",2,error,,,,,,,,,,
2015,7781,2015-09-03,Jueves,0.0,09:45:00,,0.0,2,"Moto/Ciclomotor,Pickup/Utilitario",G.Carrasco Y Escauriza,2,1,0,0,1,0,0,,Calle,,ROSARIO,Rosario,Asfalto,No existe,II,Dentro,Urbana,Ninguna,No existe,Intersección,Bueno,Buena,Diurna,Buen Tiempo,Frontal,S/D,Colisión,Ninguna,Faltante,Ninguna,Sin restricción,error,"['Carrasco', 'Escauriza']",2,error,,,,,,,,,,
2015,7785,2015-09-09,Miercoles,0.0,09:30:00,,0.0,2,"Automóvil,Taxi/Remis",Av. Pellegrini Y Av. Arijon,2,2,0,0,0,0,0,,Calle,,ROSARIO,Rosario,Asfalto,Pavimento,II,Dentro,Urbana,Ninguna,No existe,Intersección,Bueno,Buena,Diurna,Buen Tiempo,Lateral,S/D,Colisión,S/D,Vertical,Ninguna,Sin restricción,error,"['Pellegrini', 'Avenida Manuel Arijón']",2,error,,,,,,,,,,
2015,7786,2015-09-27,Domingo,0.0,19:30:00,,0.0,2,"Moto/Ciclomotor,Moto/Ciclomotor",Cullen Y Barra,3,3,0,0,0,0,0,,Calle,,ROSARIO,Rosario,S/D,S/D,II,Dentro,Urbana,Ninguna,S/D,Intersección,S/D,Buena,Atardecer,Buen Tiempo,Lateral,S/D,Colisión,S/D,S/D,Línea divisoria pintada,S/D,error,"['Cullen', 'Barra']",2,error,,,,,,,,,,
2015,7798,2015-09-05,Sabado,0.0,20:15:00,,0.0,2,"Automóvil,Moto/Ciclomotor",Av. Provincias Unidas Y J.J.Paso,3,1,0,0,2,0,0,,Calle,,ROSARIO,Rosario,S/D,S/D,II,Dentro,Urbana,S/D,S/D,S/D,S/D,S/D,Diurna,S/D,S/D,S/D,Colisión,S/D,S/D,S/D,S/D,error,"['Avenida Provincias Unidas', 'Paso']",2,error,,,,,,,,,,
2015,7799,2015-09-05,Sabado,0.0,20:30:00,,0.0,2,"Pickup/Utilitario,Automóvil",Av. Provincias Unidas Y Av. Circunvalacion,4,2,0,0,2,0,0,,Calle,,ROSARIO,Rosario,Asfalto,Natural,II,Dentro,Urbana,Semáforo,Funciona,Recta,Bueno,Buena,"Nocturna,Con luz artificial",S/D,S/D,S/D,Colisión,S/D,S/D,Línea divisoria pintada,Sin restricción,error,"['Avenida Provincias Unidas', 'Circunvalacion']",2,error,,,,,,,,,,
2015,7803,2015-09-12,Sabado,0.0,19:00:00,,0.0,2,"Automóvil,Moto/Ciclomotor",Schweitzer Y J.B.Justo,2,1,0,0,1,0,0,,Calle,,ROSARIO,Rosario,Asfalto,No existe,II,Dentro,Urbana,S/D,No existe,Recta,Bueno,Buena,Diurna,Buen Tiempo,Lateral,S/D,Colisión,S/D,S/D,Ninguna,S/D,error,"['Albert Schweitzer', 'Justo']",2,error,,,,,,,,,,
2015,7857,2015-09-01,Martes,0.0,19:35:00,,0.0,2,"Moto/Ciclomotor,Peatón",Av. Provincias Unidas Y 24 De Setiembre,2,1,0,0,1,0,0,,Avenida,,ROSARIO,Rosario,Asfalto,No existe,II,S/D,Urbana,Ninguna,No existe,Recta,Bueno,Buena,Nocturna,Buen Tiempo,Otro,S/D,Atropello,S/D,Faltante,Ninguna,Sin restricción,error,"['Avenida Provincias Unidas', '24 de Septiembre']",2,error,,,,,,,,,,
2015,7859,2015-09-07,Lunes,0.0,15:50:00,,0.0,2,"Transporte de Pasajeros Urbano (> 8 asientos),Moto/Ciclomotor",Rivarola Y J.Colombres,3,1,0,0,2,0,0,,Avenida,,ROSARIO,Rosario,Asfalto,Pavimento,II,S/D,Urbana,Ninguna,No existe,Recta,Bueno,Buena,Diurna,Buen Tiempo,Otro,S/D,Colisión,S/D,Faltante,Barrera de hormigón,Sin restricción,error,"['Rivarola', 'José Colombres']",2,error,,,,,,,,,,
2015,7869,2015-10-05,Lunes,0.0,00:00:00,,0.0,2,"Moto/Ciclomotor,Automóvil",Bv. Oroño Y Viamonte,3,2,0,0,1,0,0,,Avenida,,ROSARIO,Rosario,Asfalto,S/D,II,Dentro,Urbana,S/D,S/D,Intersección,Bueno,Buena,"Nocturna,Con luz artificial",Buen Tiempo,Lateral,S/D,Colisión,S/D,S/D,S/D,S/D,error,"['Bulevar Nicasio Oroño', 'Viamonte']",2,error,,,,,,,,,,
2015,7908,2015-09-26,Sabado,0.0,,,0.0,2,"Taxi/Remis,Peatón",Av. Pellegrini Y Pje. Malvinas,2,2,0,0,0,0,0,,Calle,,ROSARIO,Rosario,Asfalto,S/D,II,Dentro,Urbana,Ninguna,S/D,Intersección,Bueno,S/D,S/D,Buen Tiempo,S/D,S/D,Colisión,Otro,S/D,S/D,Sin restricción,error,"['Pellegrini', 'Malvinas']",2,error,,,,,,,,,,
2015,7911,2015-09-30,Miercoles,0.0,18:30:00,,0.0,2,"Peatón,Moto/Ciclomotor",Solis Y Cordoba,2,2,0,0,0,0,0,,Calle,,ROSARIO,Rosario,Asfalto,No existe,II,Dentro,Urbana,Ninguna,No existe,Intersección,Bueno,Buena,Atardecer,Buen Tiempo,S/D,S/D,Atropello,Otro,Horizontal,Ninguna,Sin restricción,error,"['Solis', 'Córdoba']",2,error,,,,,,,,,,
2015,7919,2015-10-03,Sabado,0.0,08:20:00,,0.0,2,"Moto/Ciclomotor,Automóvil",Av. Ntra.Sra.del Rosario Y Lituania,2,1,0,0,1,0,0,,Avenida,,ROSARIO,Rosario,Asfalto,No existe,II,Dentro,Urbana,Ninguna,No existe,Intersección,Bueno,Buena,Diurna,Buen Tiempo,Lateral,S/D,Colisión,S/D,S/D,Ninguna,Sin restricción,error,"['Nuestra Señora del Rosario', 'Lituania']",2,error,,,,,,,,,,
2015,7949,2015-10-24,Sabado,0.0,10:50:00,,0.0,1,Automóvil,Av. Pte.Peron Y Ricchieri,2,2,0,0,0,0,0,,Avenida,,ROSARIO,Rosario,Asfalto,S/D,II,Dentro,Urbana,S/D,S/D,Recta,Bueno,Buena,Diurna,Lluvia,Contra objeto fijo,S/D,Colisión,Agua,S/D,Cordón divisorio,S/D,error,"['Avenida Presidente Perón', 'Ricchieri']",2,error,,,,,,,,,,
2015,7955,2015-10-23,Viernes,0.0,11:30:00,,0.0,1,Automóvil,Virasoro 2100,2,1,0,0,1,0,0,,Calle,,ROSARIO,Rosario,Asfalto,No existe,II,Dentro,Urbana,Ninguna,No existe,Recta,Bueno,Buena,Diurna,Buen Tiempo,Contra objeto fijo,S/D,Colisión,Ninguna,Faltante,Ninguna,Sin restricción,no funciono,['Virasnicasio Oroño 2100'],1,Virasnicasio Oroño 2100,,,,,,,,,,
2015,7972,2015-10-17,Sabado,0.0,07:15:00,,0.0,1,Automóvil,Dorrego Y Mariano Moreno,1,1,0,0,0,0,0,,Calle,,ROSARIO,Rosario,Asfalto,Pavimento,II,Dentro,Urbana,Ninguna,No existe,Intersección,Bueno,Buena,Diurna,Buen Tiempo,Frontal,S/D,Colisión,S/D,S/D,Ninguna,Sin restricción,error,"['Dorrego', 'Mariano Moreno']",2,error,,,,,,,,,,
2015,8027,2015-10-20,Martes,0.0,06:00:00,,0.0,2,"Vehículo Oficial,Automóvil",Guatemala Y Mejico,2,1,0,0,1,0,0,,Calle,,ROSARIO,Rosario,Asfalto,S/D,II,Dentro,Urbana,S/D,S/D,Intersección,Bueno,Buena,Amanecer,Buen Tiempo,Lateral,S/D,Colisión,S/D,S/D,S/D,Sin restricción,error,"['Guatemala', 'Mejico']",2,error,,,,,,,,,,
2015,8034,2015-10-08,Jueves,0.0,13:30:00,,0.0,2,"Moto/Ciclomotor,Automóvil",Av. Jorge Newbery Y Mitre,2,1,0,0,1,0,0,,Calle,,ROSARIO,Rosario,S/D,S/D,II,S/D,Urbana,S/D,S/D,S/D,S/D,S/D,Diurna,S/D,S/D,S/D,Colisión,S/D,S/D,S/D,S/D,error,"['Jorge Newbery', 'Mitre']",2,error,,,,,,,,,,
2015,8104,2015-10-29,Jueves,0.0,20:30:00,,0.0,2,"Moto/Ciclomotor,Taxi/Remis",Ayolas Y Sarmiento,3,2,0,0,1,0,0,,Calle,,ROSARIO,Rosario,Asfalto,No existe,II,Dentro,Urbana,Ninguna,No existe,Intersección,Bueno,Buena,Diurna,Buen Tiempo,S/D,S/D,Colisión,S/D,S/D,Ninguna,Sin restricción,error,"['Ayolas', 'Sarmiento']",2,error,,,,,,,,,,
2015,8121,2015-10-19,Lunes,0.0,22:25:00,,0.0,2,"Automóvil,Moto/Ciclomotor",Mr.Ross Y Pueyrredon,2,1,0,0,1,0,0,,Calle,,ROSARIO,Rosario,S/D,No existe,II,Dentro,Urbana,Ninguna,No existe,Cruce,Bueno,Buena,Nocturna,Buen Tiempo,S/D,S/D,Colisión,Ninguna,S/D,Ninguna,Sin restricción,error,"['Rodrigo M. Ross', 'Pueyrredón']",2,error,,,,,,,,,,
2015,8143,2015-10-27,Martes,0.0,18:00:00,,0.0,2,"Automóvil,Automóvil",Ayolas Y Mariano Moreno,4,1,0,0,3,0,0,,Calle,,ROSARIO,Rosario,Asfalto,No existe,II,S/D,Urbana,Ninguna,No existe,Intersección,Bueno,Buena,Diurna,Buen Tiempo,S/D,S/D,Colisión,Ninguna,S/D,Ninguna,Sin restricción,error,"['Ayolas', 'Mariano Moreno']",2,error,,,,,,,,,,
2015,8184,2015-10-17,Sabado,0.0,09:30:00,,0.0,2,"Bicicleta,Pickup/Utilitario",Pte.Roca 1474,2,1,0,0,1,0,0,,Calle,,ROSARIO,Rosario,Asfalto,S/D,II,Dentro,Urbana,Ninguna,S/D,Recta,Bueno,Buena,Diurna,S/D,Lateral,S/D,Atropello,S/D,S/D,Cordón divisorio,Sin restricción,no funciono,['Presidenteroca 1474'],1,Presidenteroca 1474,,,,,,,,,,
2015,8197,2015-10-07,Miercoles,0.0,16:05:00,,0.0,2,"Moto/Ciclomotor,Automóvil",Mariano Moreno Y Brown,2,1,0,0,1,0,0,,Calle,,ROSARIO,Rosario,Asfalto,Pavimento,II,Dentro,Urbana,S/D,No existe,Intersección,Bueno,Buena,Nocturna,Buen Tiempo,Lateral,S/D,Colisión,S/D,S/D,Ninguna,Sin restricción,error,"['Mariano Moreno', 'Brown']",2,error,,,,,,,,,,
2015,8224,2015-10-24,Sabado,0.0,14:10:00,,0.0,1,Moto/Ciclomotor,San Lorenzo Y Sarmiento,2,1,0,0,1,0,0,,Calle,,ROSARIO,Rosario,Asfalto,No existe,II,Dentro,Urbana,Ninguna,S/D,Intersección,Bueno,Buena,Diurna,Buen Tiempo,Otro,S/D,Caída ocupante,Otro,S/D,Ninguna,Sin restricción,error,"['San Lorenzo', 'Sarmiento']",2,error,,,,,,,,,,
2015,8255,2015-10-15,Jueves,0.0,07:30:00,,0.0,2,"Automóvil,Pickup/Utilitario",Av. Luis Carballo Y R.de Escalada,2,1,0,0,1,0,0,,Calle,,ROSARIO,Rosario,Asfalto,S/D,II,Dentro,Urbana,S/D,S/D,Otro,S/D,S/D,Diurna,S/D,S/D,S/D,Colisión,S/D,S/D,S/D,S/D,error,"['Avenida Doctor Luis Cándido Carballo', 'Remedios de Escalada']",2,error,,,,,,,,,,
2015,8278,2015-10-26,Lunes,0.0,18:10:00,,0.0,2,"Automóvil,Automóvil",Ricchieri Y Av. Del Valle,3,2,0,0,1,0,0,,Calle,,ROSARIO,Rosario,Asfalto,No existe,II,Dentro,Urbana,Ninguna,No existe,Recta,Bueno,Buena,Diurna,Buen Tiempo,S/D,S/D,Colisión,S/D,Faltante,Ninguna,Sin restricción,error,"['Ricchieri', 'Del Valle']",2,error,,,,,,,,,,
2015,8306,2015-10-24,Sabado,0.0,14:30:00,,0.0,2,"Moto/Ciclomotor,Automóvil",Buenos Aires Y Patricias Argentinas,2,1,0,0,1,0,0,,Calle,,ROSARIO,Rosario,Asfalto,No existe,II,Dentro,Urbana,Ninguna,No existe,Recta,Deteriorada,Buena,Diurna,S/D,De alcance,S/D,Colisión,Ninguna,Horizontal,S/D,Sin restricción,error,"['Buenos Aires', 'Patricias Argentinas']",2,error,,,,,,,,,,
2015,8308,2015-10-27,Martes,0.0,,,0.0,2,"Moto/Ciclomotor,Automóvil",Av. Provincias Unidas Y Mendoza,2,1,0,0,1,0,0,,Calle,,ROSARIO,Rosario,Asfalto,No existe,II,Dentro,Urbana,Ninguna,S/D,Intersección,Bueno,Buena,Diurna,Buen Tiempo,S/D,S/D,Colisión,S/D,S/D,Ninguna,S/D,error,"['Avenida Provincias Unidas', 'Mendoza']",2,error,,,,,,,,,,
2015,8319,2015-10-29,Jueves,0.0,,,0.0,2,"Peatón,Automóvil",Cordoba Y Guatemala,2,1,0,0,1,0,0,,Calle,,ROSARIO,Rosario,Asfalto,No existe,II,Dentro,Urbana,Ninguna,No existe,Intersección,Bueno,S/D,S/D,Buen Tiempo,S/D,S/D,Atropello,Otro,Faltante,Ninguna,Sin restricción,error,"['Córdoba', 'Guatemala']",2,error,,,,,,,,,,
2015,8376,2015-10-10,Sabado,0.0,10:30:00,,0.0,2,"Automóvil,Automóvil", ,2,0,0,0,0,0,2,,Calle,,ROSARIO,Rosario,Asfalto,S/D,II,Dentro,Urbana,S/D,S/D,Intersección,S/D,S/D,S/D,S/D,S/D,S/D,Colisión,S/D,S/D,S/D,S/D,,[''],0,,,,,,,,,,,
2015,8390,2015-10-11,Domingo,0.0,06:10:00,,0.0,2,"Peatón,Automóvil",Av de los inmigrantes Y Navarro,2,1,0,0,1,0,0,,Calle,,ROSARIO,Rosario,Asfalto,S/D,II,Dentro,Urbana,S/D,S/D,Intersección,Bueno,Buena,Diurna,S/D,Otro,S/D,Atropello,S/D,S/D,S/D,S/D,error,"['Los Inmigrantes', 'Navarro']",2,error,,,,,,,,,,
2015,8438,2015-07-16,Jueves,0.0,,,0.0,2,"Automóvil,Moto/Ciclomotor",Agrelo Y A.Piaggio,2,1,0,0,1,0,0,,S/D,,ROSARIO,Rosario,S/D,S/D,II,S/D,S/D,S/D,S/D,S/D,S/D,S/D,S/D,S/D,S/D,S/D,Colisión,S/D,S/D,S/D,S/D,error,"['Agrela', 'Piaggio']",2,error,,,,,,,,,,