anio_acci,nro_acci,fecha,desc_dia,fecha_aprox,hora_aprox,desc_ruta,km,cant_participantes,desc_participante,calle_avenida_km,total,heridos_leves,heridos_graves,heridos_gravisimos,ilesos,fallecidos,sin_datos,posicion_XY,desc_tipo_via,desc_ruta_ori,desc_loc,desc_dpto,desc_tipo_calzada,desc_tipo_banquina,desc_unidad_regional,desc_lugar_calzada,desc_zona,desc_prioridad,desc_estado_semaforo,desc_lugar_via,desc_estado_via,desc_estado_visibilidad,desc_luminosidad,desc_estado_clima,desc_tipo_colision,desc_tipo_atropello,desc_tipo_hecho,desc_pres_calzada,desc_senializacion,desc_separacion_via,desc_restriccion,forma_geocod,calle_lista,numero_calles,calles_osm,lat,lon,index_right,gid,fna,gna,nam,in1,fdc,sag
2015,8619,2015-07-17,Viernes,0.0,,,0.0,1,Automóvil,Av. Illia Y Santiago,2,2,0,0,0,0,0,,S/D,,ROSARIO,Rosario,S/D,S/D,II,S/D,S/D,S/D,S/D,S/D,S/D,S/D,Nocturna,S/D,Contra objeto fijo,S/D,Colisión,S/D,S/D,S/D,S/D,error,"['Illia', 'Santiago']",2,error,,,,,,,,,,
2015,8709,2015-07-26,Domingo,0.0,15:50:00,,0.0,1,Automóvil,Bv. Oroño Y Av. Circunvalacion,1,1,0,0,0,0,0,,S/D,,ROSARIO,Rosario,S/D,S/D,II,S/D,S/D,S/D,S/D,S/D,S/D,S/D,Diurna,S/D,S/D,S/D,Vuelco,S/D,S/D,S/D,S/D,error,"['Bulevar Nicasio Oroño', 'Circunvalacion']",2,error,,,,,,,,,,
2015,8946,2015-11-25,Miercoles,0.0,21:00:00,,0.0,2,"Moto/Ciclomotor,Automóvil", ,2,1,0,0,1,0,0,,Calle,,ROSARIO,Rosario,Asfalto,S/D,II,Dentro,S/D,S/D,S/D,Recta,S/D,Buena,Nocturna,Buen Tiempo,Otro,S/D,Colisión,S/D,S/D,Ninguna,S/D,,[''],0,,,,,,,,,,,
2015,9034,2015-11-03,Martes,0.0,21:55:00,,0.0,2,"Moto/Ciclomotor,Automóvil",Bv. Oroño Y Av. Battle y Ordoñez,3,1,0,0,2,0,0,,Avenida,,ROSARIO,Rosario,Asfalto,Pavimento,II,Dentro,Urbana,Ninguna,Funciona,Intersección,Bueno,Buena,Nocturna,Buen Tiempo,Contra objeto fijo,S/D,Colisión,S/D,S/D,Ninguna,Sin restricción,error,"['Bulevar Nicasio Oroño', 'Avenida Battle y Ordoñez']",2,error,,,,,,,,,,
2015,9045,2015-11-17,Martes,0.0,23:10:00,,0.0,2,"Moto/Ciclomotor,Automóvil", ,2,1,0,0,1,0,0,,Calle,,ROSARIO,Rosario,Asfalto,Pavimento,II,Dentro,Urbana,Ninguna,No existe,Recta,Bueno,Buena,Nocturna,Buen Tiempo,De alcance,S/D,Colisión,S/D,S/D,Ninguna,Sin restricción,,[''],0,,,,,,,,,,,
2015,9164,2015-11-07,Sabado,0.0,20:45:00,,0.0,2,"Automóvil,Automóvil",Cordoba Y Sucre,2,1,0,0,1,0,0,,Calle,,ROSARIO,Rosario,Asfalto,S/D,II,Dentro,Urbana,S/D,S/D,Intersección,S/D,Buena,Nocturna,Buen Tiempo,Lateral,S/D,Colisión,S/D,S/D,S/D,S/D,error,"['Córdoba', 'Sucre']",2,error,,,,,,,,,,
2015,9170,2015-11-26,Jueves,0.0,12:30:00,,0.0,2,"Automóvil,Peatón",Bv. Rondeau Y Lopez Buchardo,2,1,0,0,1,0,0,,Calle,,ROSARIO,Rosario,Asfalto,No existe,II,Dentro,Urbana,Semáforo,Funciona,Intersección,Bueno,Buena,Diurna,Buen Tiempo,S/D,S/D,Atropello,Ninguna,Vertical,Ninguna,Sin restricción,error,"['Rondeau', 'López Buchardo']",2,error,,,,,,,,,,
2015,9194,2015-11-19,Jueves,0.0,,,0.0,2,"Taxi/Remis,Automóvil",Cordoba Y Rioja,2,1,0,0,1,0,0,,Calle,,ROSARIO,Rosario,S/D,S/D,II,Dentro,Urbana,S/D,S/D,S/D,S/D,S/D,S/D,S/D,S/D,S/D,Colisión,S/D,S/D,S/D,S/D,error,"['Córdoba', 'Rioja']",2,error,,,,,,,,,,
2015,9200,2015-11-22,Domingo,0.0,05:00:00,,0.0,2,"Peatón,Moto/Ciclomotor",G.Carrasco Y Av. Puccio,4,1,0,0,3,0,0,,Calle,,ROSARIO,Rosario,Asfalto,No existe,II,Dentro,Urbana,Semáforo,Funciona,Rotonda,Bueno,Buena,Amanecer,Buen Tiempo,S/D,S/D,Atropello,Ninguna,Faltante,Ninguna,Sin restricción,error,"['Carrasco', 'Puccio']",2,error,,,,,,,,,,
2015,9205,2015-11-17,Martes,0.0,16:15:00,,0.0,2,"Automóvil,Automóvil",Gurruchaga Y J.Colombres,3,1,0,0,2,0,0,,Calle,,ROSARIO,Rosario,Asfalto,No existe,II,Dentro,Urbana,Semáforo,Funciona,Intersección,Bueno,Buena,Diurna,Buen Tiempo,Frontal,S/D,Colisión,Ninguna,Vertical,Ninguna,Sin restricción,error,"['Gurruchaga', 'José Colombres']",2,error,,,,,,,,,,
2015,9208,2015-11-27,Viernes,0.0,07:00:00,,0.0,2,"Automóvil,Taxi/Remis",Av. Francia Y Av. Caseros Bis,2,1,0,0,0,0,1,,Calle,,ROSARIO,Rosario,Asfalto,S/D,II,Dentro,Urbana,S/D,S/D,S/D,S/D,S/D,Diurna,S/D,S/D,S/D,S/D,S/D,S/D,S/D,S/D,error,"['Avenida Francia', 'Caseros']",2,error,,,,,,,,,,
2015,9211,2015-11-12,Jueves,0.0,07:40:00,,0.0,2,"Moto/Ciclomotor,Moto/Ciclomotor",Av. Caseros Bis Y Av. Francia,2,1,0,0,1,0,0,,Calle,,ROSARIO,Rosario,Asfalto,S/D,II,Dentro,Urbana,S/D,S/D,Intersección,S/D,S/D,Diurna,S/D,S/D,S/D,Colisión,S/D,S/D,S/D,S/D,error,"['Caseros', 'Avenida Francia']",2,error,,,,,,,,,,
2015,9226,2015-11-13,Viernes,0.0,06:30:00,,0.0,2,"Automóvil,Automóvil",Av. Luis Carballo Y Martinez Estrada,2,1,0,0,1,0,0,,Avenida,,ROSARIO,Rosario,Asfalto,S/D,II,Dentro,Urbana,S/D,S/D,Intersección,S/D,Buena,Amanecer,Buen Tiempo,Lateral,S/D,Colisión,S/D,S/D,S/D,S/D,error,"['Avenida Doctor Luis Cándido Carballo', 'Martinez Estrada']",2,error,,,,,,,,,,
2015,9265,2015-11-16,Lunes,0.0,11:00:00,,0.0,2,"Automóvil,Automóvil",Montevideo Y Pje. Quito,2,1,0,0,1,0,0,,Calle,,ROSARIO,Rosario,Asfalto,S/D,II,Dentro,Urbana,Ninguna,S/D,Recta,S/D,S/D,Diurna,S/D,S/D,S/D,Colisión,S/D,S/D,S/D,S/D,error,"['Montevideo', 'Quito']",2,error,,,,,,,,,,
2015,9269,2015-09-30,Miercoles,0.0,19:55:00,,0.0,2,"Peatón,Moto/Ciclomotor",Av. Pte.Peron Y J.M.de Rosas,2,1,0,0,0,0,1,,Calle,,ROSARIO,Rosario,S/D,S/D,II,Dentro,Urbana,S/D,S/D,S/D,S/D,S/D,Nocturna,S/D,S/D,S/D,Atropello,S/D,S/D,S/D,S/D,error,"['Avenida Presidente Perón', 'De Rosas']",2,error,,,,,,,,,,
2015,9288,2015-11-17,Martes,0.0,,,0.0,2,"Pickup/Utilitario,Moto/Ciclomotor",Bv. Oroño 3300,2,1,0,0,1,0,0,,Avenida,,ROSARIO,Rosario,Asfalto,No existe,II,S/D,Urbana,Ninguna,S/D,Recta,Bueno,Buena,"Nocturna,Con luz artificial",Buen Tiempo,Otro,S/D,Colisión,Ninguna,S/D,Ninguna,Sin restricción,no funciono,['Nicasio Oroñoño 3300'],1,Nicasio Oroñoño 3300,,,,,,,,,,
2015,9305,2015-11-17,Martes,0.0,,,0.0,2,"Automóvil,Moto/Ciclomotor", ,2,1,0,0,1,0,0,,Calle,,ROSARIO,Rosario,S/D,S/D,II,Dentro,Urbana,S/D,S/D,S/D,S/D,S/D,S/D,S/D,S/D,S/D,S/D,S/D,S/D,S/D,S/D,,[''],0,,,,,,,,,,,
2015,9306,2015-11-17,Martes,0.0,08:30:00,,0.0,2,"Moto/Ciclomotor,Automóvil",Bv. Oroño 3300,2,1,0,0,1,0,0,,Avenida,,ROSARIO,Rosario,Asfalto,No existe,II,Dentro,Urbana,Semáforo,Funciona,Recta,Bueno,Buena,Diurna,Buen Tiempo,De alcance,S/D,Colisión,Ninguna,S/D,S/D,S/D,no funciono,['Nicasio Oroñoño 3300'],1,Nicasio Oroñoño 3300,,,,,,,,,,
2015,9320,2015-11-22,Domingo,0.0,21:20:00,,0.0,2,"Taxi/Remis,Moto/Ciclomotor",Sarmiento Y Uruguay,3,0,2,0,1,0,0,,Calle,,ROSARIO,Rosario,Asfalto,No existe,II,Dentro,Urbana,Ninguna,No existe,Intersección,Bueno,Buena,Diurna,Buen Tiempo,Lateral,S/D,Colisión,Ninguna,S/D,Ninguna,Sin restricción,error,"['Sarmiento', 'Uruguay']",2,error,,,,,,,,,,
2015,9327,2015-11-03,Martes,0.0,08:30:00,,0.0,2,"Moto/Ciclomotor,Automóvil",Pueyrredon Y Pje. 1822,2,1,0,0,1,0,0,,Calle,,ROSARIO,Rosario,Asfalto,No existe,II,Dentro,Urbana,Ninguna,No existe,Intersección,Bueno,Buena,Diurna,Buen Tiempo,Lateral,S/D,Colisión,Ninguna,S/D,Ninguna,Sin restricción,sec calles no encontradas,"['Pueyrredón', '1822']",2,error,,,,,,,,,,
2015,9332,2015-11-08,Domingo,0.0,15:30:00,,0.0,2,"Automóvil,Moto/Ciclomotor",Sarmiento Y Uruguay,2,1,0,0,1,0,0,,Calle,,ROSARIO,Rosario,Asfalto,No existe,II,Dentro,Urbana,Ninguna,No existe,Intersección,Bueno,Buena,Diurna,Buen Tiempo,Lateral,S/D,Colisión,Ninguna,Faltante,Ninguna,S/D,error,"['Sarmiento', 'Uruguay']",2,error,,,,,,,,,,
2015,9334,2015-11-05,Jueves,0.0,18:10:00,,0.0,2,"Moto/Ciclomotor,Automóvil", ,3,1,0,0,2,0,0,,Calle,,ROSARIO,Rosario,Asfalto,No existe,II,S/D,Urbana,S/D,No existe,Intersección,S/D,Buena,Atardecer,S/D,S/D,S/D,S/D,S/D,S/D,Ninguna,S/D,,[''],0,,,,,,,,,,,
2015,9338,2015-11-15,Domingo,0.0,16:10:00,,0.0,2,"Moto/Ciclomotor,Moto/Ciclomotor",La Ceramica Y Salva,3,0,1,0,2,0,0,,Calle,,ROSARIO,Rosario,Asfalto,No existe,II,S/D,Urbana,Ninguna,No existe,Intersección,S/D,S/D,Diurna,Otro,Lateral,S/D,Colisión,S/D,S/D,S/D,Sin restricción,error,"['La Cerámica', 'Salva']",2,error,,,,,,,,,,
2015,9387,2015-12-12,Sabado,0.0,20:30:00,,0.0,2,"Automóvil,Automóvil",Uruguay Y Sarmiento,4,1,0,0,3,0,0,,Calle,,ROSARIO,Rosario,Asfalto,No existe,II,Dentro,Urbana,Ninguna,No existe,Intersección,Bueno,Buena,Atardecer,Buen Tiempo,De alcance,S/D,Colisión,Ninguna,Faltante,Ninguna,Sin restricción,error,"['Uruguay', 'Sarmiento']",2,error,,,,,,,,,,
2015,9397,2015-12-21,Lunes,0.0,,,0.0,2,"Pickup/Utilitario,Automóvil", ,3,1,0,0,2,0,0,,Calle,,ROSARIO,Rosario,Asfalto,S/D,II,S/D,Urbana,S/D,No existe,Intersección,Bueno,Buena,Diurna,Buen Tiempo,Lateral,S/D,Colisión,S/D,S/D,S/D,S/D,,[''],0,,,,,,,,,,,
2015,9440,2015-12-03,Jueves,0.0,17:15:00,,0.0,2,"Bicicleta,Automóvil",Av. Battle y Ordoñez Y San Martin,2,1,0,0,1,0,0,,Avenida,,ROSARIO,Rosario,Asfalto,No existe,II,Dentro,Urbana,Semáforo,Funciona,Intersección,Bueno,Buena,Diurna,Buen Tiempo,S/D,S/D,Atropello,S/D,Vertical,Cordón divisorio,Sin restricción,error,"['Avenida Battle y Ordoñez', 'San Martin']",2,error,,,,,,,,,,
2015,9471,2015-12-20,Domingo,0.0,18:50:00,,0.0,2,"Moto/Ciclomotor,Moto/Ciclomotor",Av. Battle y Ordoñez Y San Martin,2,1,0,0,1,0,0,,Avenida,,ROSARIO,Rosario,Asfalto,No existe,II,Dentro,Urbana,Ninguna,Funciona,Intersección,Bueno,Buena,Diurna,Otro,Otro,S/D,Colisión,Ninguna,Vertical,Línea divisoria pintada,Sin restricción,error,"['Avenida Battle y Ordoñez', 'San Martin']",2,error,,,,,,,,,,
2015,9475,2015-12-28,Lunes,0.0,09:00:00,,0.0,3,"Camión,Camión,Camión",Av. Circunvalacion Y Av. Bermudez,3,2,0,0,1,0,0,,Avenida,,ROSARIO,Rosario,Asfalto,Pavimento,II,S/D,Urbana,Ninguna,No funciona,Recta,Bueno,Buena,Diurna,Otro,"Múltiple,Otro",S/D,Colisión,Ninguna,Faltante,Guardarrail,Sin restricción,error,"['Circunvalacion', 'Bermudez']",2,error,,,,,,,,,,
2015,9529,2015-12-02,Miercoles,0.0,11:35:00,,0.0,2,"Moto/Ciclomotor,Automóvil",Montevideo Y Colombia,2,1,0,0,1,0,0,,Calle,,ROSARIO,Rosario,Asfalto,No existe,II,Dentro,Urbana,S/D,S/D,Intersección,Bueno,Buena,Diurna,Buen Tiempo,Lateral,S/D,Colisión,S/D,S/D,S/D,Sin restricción,error,"['Montevideo', 'Colombia']",2,error,,,,,,,,,,
2015,9539,2015-12-25,Viernes,0.0,11:40:00,,0.0,2,"Peatón,Automóvil",Gazcon Y Marcos Paz,2,1,0,0,1,0,0,,Calle,,ROSARIO,Rosario,Asfalto,S/D,II,Dentro,Urbana,S/D,No existe,Intersección,Bueno,Buena,Diurna,Buen Tiempo,S/D,S/D,Atropello,S/D,S/D,S/D,S/D,error,"['Gascón', 'Marcos Paz']",2,error,,,,,,,,,,
2015,9554,2015-12-18,Viernes,0.0,,,0.0,2,"Taxi/Remis,Moto/Ciclomotor", ,4,3,0,0,1,0,0,,Calle,,ROSARIO,Rosario,Asfalto,S/D,II,S/D,Urbana,S/D,S/D,S/D,Bueno,Buena,Diurna,S/D,S/D,S/D,S/D,Otro,Vertical,S/D,S/D,,[''],0,,,,,,,,,,,
2015,9559,2015-12-16,Miercoles,0.0,,,0.0,2,"Automóvil,Automóvil",Roullon Y Biedma,2,1,0,0,1,0,0,,Calle,,ROSARIO,Rosario,S/D,S/D,II,S/D,S/D,S/D,S/D,S/D,S/D,S/D,S/D,S/D,S/D,S/D,S/D,S/D,S/D,S/D,S/D,error,"['Alfredo Rouillón', 'Coronel Biedma']",2,error,,,,,,,,,,
2015,9562,2015-12-02,Miercoles,0.0,11:00:00,,0.0,2,"Automóvil,Moto/Ciclomotor",Garay Y Bv. 27 De Febrero,2,1,0,0,1,0,0,,Calle,,ROSARIO,Rosario,S/D,S/D,II,S/D,Urbana,S/D,S/D,Recta,Bueno,S/D,Diurna,S/D,S/D,S/D,S/D,S/D,S/D,S/D,S/D,error,"['Garay', '27 de Febrero']",2,error,,,,,,,,,,
2015,9726,2015-12-26,Sabado,0.0,10:15:00,,0.0,2,"Automóvil,Automóvil",Uruguay Y Sarmiento,2,1,0,0,1,0,0,,Calle,,ROSARIO,Rosario,Asfalto,No existe,II,Dentro,Urbana,Ninguna,No existe,Intersección,Bueno,Buena,Diurna,Buen Tiempo,Lateral,S/D,Colisión,Ninguna,Faltante,Ninguna,Sin restricción,error,"['Uruguay', 'Sarmiento']",2,error,,,,,,,,,,
2015,9751,2015-12-10,Jueves,0.0,11:55:00,,0.0,2,"Ambulancia,Bicicleta",Av. Provincias Unidas Y J.J.Paso,2,1,0,0,1,0,0,,Calle,,ROSARIO,Rosario,S/D,S/D,II,S/D,Urbana,S/D,S/D,S/D,S/D,S/D,Diurna,S/D,S/D,S/D,Atropello,S/D,S/D,S/D,S/D,error,"['Avenida Provincias Unidas', 'Paso']",2,error,,,,,,,,,,
2015,9764,2015-12-08,Martes,0.0,18:25:00,,0.0,2,"Automóvil,Moto/Ciclomotor",Lavalle Y Bordabehere,2,1,0,0,1,0,0,,Calle,,ROSARIO,Rosario,S/D,No existe,II,S/D,Urbana,Ninguna,No existe,Recta,Bueno,Buena,Diurna,Lluvia,Otro,S/D,Colisión,Ninguna,Faltante,Ninguna,Sin restricción,error,"['Lavalle', 'Bordabhere']",2,error,,,,,,,,,,
2015,9765,2015-12-15,Martes,0.0,12:20:00,,0.0,2,"Automóvil,Transporte de Pasajeros Urbano (> 8 asientos)",Urquiza Y Sunchales,2,1,0,0,1,0,0,,Calle,,ROSARIO,Rosario,Asfalto,No existe,II,S/D,Urbana,Ninguna,No existe,Recta,S/D,Buena,Diurna,Buen Tiempo,Otro,S/D,Colisión,Ninguna,Faltante,Ninguna,Sin restricción,error,"['Urquiza', 'Sunchales']",2,error,,,,,,,,,,
2015,9769,2015-12-04,Viernes,0.0,13:10:00,,0.0,2,"Automóvil,Moto/Ciclomotor",Bv. Avellaneda Y Olegario V.Andrade,3,1,0,0,2,0,0,,S/D,,ROSARIO,Rosario,Asfalto,S/D,II,S/D,Urbana,S/D,S/D,Intersección,Bueno,S/D,Diurna,S/D,Lateral,S/D,Colisión,S/D,Vertical,S/D,S/D,error,"['Avellaneda', 'Olegario V Andrade']",2,error,,,,,,,,,,
2015,9779,2015-12-07,Lunes,0.0,22:30:00,,0.0,1,Automóvil,Costanera Y Escauriza,2,0,0,0,1,0,1,,Avenida,,ROSARIO,Rosario,S/D,S/D,II,S/D,S/D,S/D,S/D,Recta,Bueno,Buena,Nocturna,Buen Tiempo,S/D,S/D,Despiste,S/D,S/D,S/D,S/D,error,"['Costanera', 'Escauriza']",2,error,,,,,,,,,,
2015,9789,2015-12-17,Jueves,0.0,18:00:00,,0.0,2,"Automóvil,Moto/Ciclomotor",Bv. Rondeau Y Lopez Buchardo,2,1,0,0,1,0,0,,Calle,,ROSARIO,Rosario,S/D,S/D,II,S/D,Urbana,S/D,S/D,Intersección,Bueno,S/D,Diurna,S/D,S/D,S/D,S/D,S/D,S/D,S/D,S/D,error,"['Rondeau', 'López Buchardo']",2,error,,,,,,,,,,
2015,9793,2015-12-19,Sabado,0.0,20:50:00,,0.0,2,"Pickup/Utilitario,Bicicleta",Av. Uriburu Y Mariano Moreno,2,1,0,0,1,0,0,,Avenida,,ROSARIO,Rosario,Asfalto,No existe,II,Dentro,Urbana,Ninguna,No existe,Paso a Nivel FFCC,Bueno,Buena,Nocturna,Buen Tiempo,S/D,S/D,Atropello,Ninguna,Faltante,Ninguna,Sin restricción,error,"['Uriburu', 'Mariano Moreno']",2,error,,,,,,,,,,
2015,9798,2015-12-15,Martes,0.0,11:40:00,,0.0,1,Automóvil,Av. De Las Palmeras Y Av. Uriburu,2,1,0,0,1,0,0,,Avenida,,ROSARIO,Rosario,Asfalto,Natural,II,Dentro,Urbana,Ninguna,No existe,Recta,Bueno,Buena,S/D,Buen Tiempo,Contra objeto fijo,S/D,Colisión,Ninguna,Faltante,Vegetación,Sin restricción,error,"['Las Palmas', 'Uriburu']",2,error,,,,,,,,,,
2015,9826,2015-09-23,Miercoles,0.0,,,0.0,1,Camión,Bv. Oroño Y Av. Circunvalacion,1,1,0,0,0,0,0,,Avenida,,ROSARIO,Rosario,Hormigón,Natural,II,Dentro,Urbana,Policía de tránsito,No existe,Puente,S/D,Buena,Diurna,Buen Tiempo,Contra objeto fijo,S/D,Colisión,S/D,"Horizontal,Vertical",Guardarrail,S/D,error,"['Bulevar Nicasio Oroño', 'Circunvalacion']",2,error,,,,,,,,,,
2015,9835,2015-12-19,Sabado,0.0,15:40:00,,0.0,2,"Moto/Ciclomotor,Automóvil",Cordoba Y Sucre,2,1,0,0,1,0,0,,Calle,,ROSARIO,Rosario,Asfalto,S/D,II,Dentro,Urbana,S/D,S/D,Intersección,S/D,Buena,Diurna,Buen Tiempo,Lateral,S/D,Colisión,S/D,S/D,S/D,S/D,error,"['Córdoba', 'Sucre']",2,error,,,,,,,,,,
2015,9858,2015-12-17,Jueves,0.0,,,0.0,2,"Moto/Ciclomotor,Automóvil", ,2,1,0,0,1,0,0,,Calle,,ROSARIO,Rosario,S/D,S/D,II,Dentro,Urbana,S/D,S/D,Intersección,S/D,S/D,S/D,Buen Tiempo,Lateral,S/D,Colisión,S/D,S/D,S/D,S/D,,[''],0,,,,,,,,,,,
2015,9983,2015-12-17,Jueves,0.0,,,0.0,1,Moto/Ciclomotor,Av. Ovidio Lagos Y Calle 2106,1,1,0,0,0,0,0,,Avenida,,ROSARIO,Rosario,Hormigón,Pavimento,II,Dentro,Urbana,Ninguna,No existe,Intersección,Bueno,Buena,Diurna,Buen Tiempo,S/D,S/D,Vuelco,S/D,Faltante,Ninguna,S/D,error,"['Avenida Ovidio Lagos', 'Calle 2106']",2,error,,,,,,,,,,
2015,9984,2015-12-21,Lunes,0.0,,,0.0,2,"Automóvil,Camión", ,2,1,0,0,1,0,0,,Avenida,,ROSARIO,Rosario,Asfalto,Pavimento,II,Dentro,Urbana,Ninguna,No existe,Recta,Bueno,Buena,Diurna,Buen Tiempo,De alcance,S/D,Colisión,S/D,Faltante,Ninguna,S/D,,[''],0,,,,,,,,,,,
2015,9986,2015-12-13,Domingo,0.0,12:30:00,,0.0,2,"Moto/Ciclomotor,Pickup/Utilitario", ,2,1,0,0,1,0,0,,Calle,,ROSARIO,Rosario,Asfalto,Pavimento,II,Dentro,Urbana,Ninguna,No existe,Recta,Bueno,Buena,Diurna,Buen Tiempo,De alcance,S/D,Colisión,S/D,Faltante,Ninguna,Sin restricción,,[''],0,,,,,,,,,,,
2015,10131,2015-10-10,Sabado,0.0,09:30:00,,0.0,2,"Moto/Ciclomotor,Automóvil",BV. RONDEAU Y COLECTORA ,2,1,0,0,1,0,0,,Calle,,ROSARIO,Rosario,Hormigón,Natural,II,Dentro,Urbana,S/D,S/D,Rotonda,S/D,S/D,Diurna,S/D,S/D,S/D,Colisión,S/D,"Horizontal,Vertical",S/D,S/D,error,"['Rondeau', 'Colectora']",2,error,,,,,,,,,,
2016,54,2016-01-26,Martes,0.0,7:55:00,,0.0,2,"Peatón,Automóvil",Pte.Roca 900,3,1,0,0,2,0,0,,Calle,,ROSARIO,Rosario,Asfalto,S/D,II,Dentro,Urbana,S/D,No existe,Recta,Bueno,Buena,Diurna,Buen Tiempo,S/D,S/D,Atropello,S/D,Faltante,S/D,S/D,no funciono,['Presidenteroca 900'],1,Presidenteroca 900,,,,,,,,,,
2016,71,2016-01-11,Lunes,0.0,9:15:00,,0.0,2,"Automóvil,Bicicleta",Rio De Janeiro Y Cordoba,2,1,0,0,1,0,0,,Calle,,ROSARIO,Rosario,Asfalto,S/D,II,Dentro,Urbana,S/D,S/D,Intersección,S/D,Buena,Diurna,Buen Tiempo,S/D,S/D,Atropello,S/D,S/D,S/D,S/D,error,"['Río de Janeiro', 'Córdoba']",2,error,,,,,,,,,,
2016,115,2016-01-13,Miercoles,0.0,12:25:00,,0.0,2,"Transporte de Pasajeros Urbano (> 8 asientos),Camión",Garay Y Centeno,2,2,0,0,0,0,0,,Calle,,ROSARIO,Rosario,Asfalto,No existe,II,Dentro,Urbana,Ninguna,No existe,Intersección,Bueno,Buena,Diurna,Buen Tiempo,Lateral,S/D,Colisión,Ninguna,Faltante,Ninguna,Sin restricción,error,"['Garay', 'Centeno']",2,error,,,,,,,,,,
2016,135,2016-01-08,Viernes,0.0,23:50:00,,0.0,2,"Moto/Ciclomotor,Automóvil",Ricardo Gutierrez Y Pueyrredon,3,2,0,0,1,0,0,,Calle,,ROSARIO,Rosario,Asfalto,Pavimento,II,Dentro,Urbana,Ninguna,No existe,Intersección,Bueno,Buena,Nocturna,Buen Tiempo,Lateral,S/D,Colisión,S/D,S/D,Ninguna,Sin restricción,error,"['Ricardo Gutierrez', 'Pueyrredón']",2,error,,,,,,,,,,
2016,149,2016-01-29,Viernes,0.0,19:30:00,,0.0,2,"Pickup/Utilitario,Automóvil",Ayolas Y España,2,1,0,0,1,0,0,,Calle,,ROSARIO,Rosario,Asfalto,No existe,II,Dentro,Urbana,Ninguna,No existe,Intersección,Bueno,Buena,Atardecer,Buen Tiempo,De alcance,S/D,Colisión,Ninguna,Faltante,Ninguna,Sin restricción,error,"['Ayolas', 'España']",2,error,,,,,,,,,,
2016,160,2016-01-26,Martes,0.0,12:50:00,,0.0,2,"Automóvil,Moto/Ciclomotor",Bv. Oroño 4200,3,2,0,0,1,0,0,,Calle,,ROSARIO,Rosario,Asfalto,No existe,II,Dentro,Urbana,Ninguna,No existe,Intersección,Bueno,Buena,Diurna,Buen Tiempo,De alcance,S/D,Colisión,S/D,Faltante,Ninguna,Sin restricción,no funciono,['Nicasio Oroñoño 4200'],1,Nicasio Oroñoño 4200,,,,,,,,,,
2016,183,2016-01-22,Viernes,0.0,19:15:00,,0.0,2,"Moto/Ciclomotor,Automóvil",Olegario V.Andrade Y Av. Castro Barros,2,1,0,0,1,0,0,,Calle,,ROSARIO,Rosario,Asfalto,Pavimento,II,Dentro,Urbana,Ninguna,No existe,Intersección,Bueno,S/D,Atardecer,Buen Tiempo,Lateral,S/D,Colisión,Ninguna,Faltante,Ninguna,Sin restricción,error,"['Olegario V Andrade', 'Castro Barros']",2,error,,,,,,,,,,
2016,228,2016-01-08,Viernes,0.0,19:45:00,,0.0,2,"Automóvil,Otros",Av. Provincias Unidas Y J.J.Paso,3,1,0,0,2,0,0,,Calle,,ROSARIO,Rosario,Asfalto,S/D,II,Dentro,Urbana,S/D,S/D,S/D,Bueno,S/D,Diurna,S/D,S/D,S/D,Colisión,S/D,S/D,S/D,S/D,error,"['Avenida Provincias Unidas', 'Paso']",2,error,,,,,,,,,,
2016,231,2016-01-19,Martes,0.0,7:00:00,,0.0,2,"Moto/Ciclomotor,Pickup/Utilitario",Dr.Casal Y Miller,2,1,0,0,1,0,0,,Avenida,,ROSARIO,Rosario,Asfalto,No existe,II,Dentro,Urbana,S/D,S/D,Recta,Bueno,Buena,Amanecer,Buen Tiempo,De alcance,S/D,Colisión,Ninguna,S/D,Cordón divisorio,Sin restricción,error,"['Mauricio Casal', 'Miller']",2,error,,,,,,,,,,
2016,232,2016-01-17,Domingo,0.0,21:30:00,,0.0,2,"Moto/Ciclomotor,Otros",Av. Sorrento Y Traful,2,1,0,0,0,0,1,,Calle,,ROSARIO,Rosario,Asfalto,No existe,II,Dentro,Urbana,Semáforo,Funciona,Curva,S/D,Buena,Nocturna,Otro,De alcance,S/D,Colisión,S/D,Horizontal,Línea divisoria pintada,Sin restricción,error,"['Sorrento', 'Traful']",2,error,,,,,,,,,,
2016,339,2016-01-02,Sabado,0.0,10:10:00,,0.0,2,"Moto/Ciclomotor,Taxi/Remis",Bordabehere Y Sunchales,2,1,0,0,1,0,0,,Calle,,ROSARIO,Rosario,Asfalto,No existe,II,S/D,Urbana,Ninguna,No existe,Recta,Bueno,S/D,Diurna,Buen Tiempo,Contra objeto fijo,S/D,Colisión,S/D,Faltante,Ninguna,Sin restricción,error,"['Bordabhere', 'Sunchales']",2,error,,,,,,,,,,
2016,579,2016-01-21,Jueves,0.0,22:00:00,,0.0,3,"Moto/Ciclomotor,Peatón,Peatón",Junin Y La Republica,4,2,0,0,2,0,0,,Calle,,ROSARIO,Rosario,S/D,No existe,II,Dentro,Urbana,S/D,No existe,Intersección,S/D,Buena,Nocturna,S/D,S/D,S/D,Atropello,S/D,Faltante,S/D,S/D,error,"['Junín', 'La República']",2,error,,,,,,,,,,
2016,580,2016-01-04,Lunes,0.0,17:50:00,,0.0,2,"Moto/Ciclomotor,Automóvil",Baigorria Y Bv. Bouchard,2,1,0,0,1,0,0,,Avenida,,ROSARIO,Rosario,Asfalto,No existe,II,Dentro,Urbana,S/D,No existe,Intersección,Bueno,Buena,Diurna,Buen Tiempo,Lateral,S/D,Colisión,S/D,Vertical,S/D,S/D,error,"['Baigorria', 'Bouchard']",2,error,,,,,,,,,,
2016,672,2016-01-22,Viernes,0.0,,,0.0,2,"Moto/Ciclomotor,Automóvil",Mendoza Y Concolorcorvo,2,1,0,0,1,0,0,,Calle,,ROSARIO,Rosario,Asfalto,S/D,II,S/D,Urbana,S/D,No existe,Recta,Bueno,Buena,Diurna,S/D,S/D,S/D,Colisión,Ninguna,Faltante,S/D,S/D,error,"['Mendoza', 'Concolorcorvo']",2,error,,,,,,,,,,
2016,713,2016-01-16,Sabado,0.0,15:00:00,,0.0,2,"Automóvil,Bicicleta", ,2,1,0,0,1,0,0,,Calle,,ROSARIO,Rosario,Asfalto,S/D,II,Dentro,Urbana,S/D,S/D,Recta,Bueno,Buena,Diurna,Buen Tiempo,S/D,S/D,Atropello,S/D,S/D,S/D,S/D,,[''],0,,,,,,,,,,,
2016,714,2016-01-03,Domingo,0.0,20:00:00,,0.0,2,"Moto/Ciclomotor,Automóvil", ,4,0,0,0,0,0,4,,Calle,,ROSARIO,Rosario,S/D,S/D,II,Dentro,Urbana,S/D,S/D,S/D,S/D,S/D,Nocturna,S/D,S/D,S/D,Colisión,S/D,S/D,S/D,S/D,,[''],0,,,,,,,,,,,
2016,755,2016-02-09,Martes,0.0,6:30:00,,0.0,2,"Moto/Ciclomotor,Automóvil",Callao Y Jujuy,2,1,0,0,1,0,0,,Calle,,ROSARIO,Rosario,Hormigón,No existe,II,Dentro,Urbana,Semáforo,Funciona,Recta,S/D,Buena,Amanecer,Buen Tiempo,S/D,S/D,Colisión,S/D,Vertical,Ninguna,Sin restricción,error,"['Callao', 'Jujuy']",2,error,,,,,,,,,,
2016,870,2016-03-10,Jueves,0.0,18:10:00,,0.0,2,"Moto/Ciclomotor,Automóvil",Bv. Oroño ,2,1,0,0,1,0,0,,Avenida,,ROSARIO,Rosario,Asfalto,S/D,II,Dentro,Urbana,S/D,S/D,Rotonda,Bueno,Buena,Atardecer,Buen Tiempo,Lateral,S/D,Colisión,S/D,Vertical,S/D,S/D,no funciono,['Nicasio Oroñoño'],1,Nicasio Oroñoño,,,,,,,,,,
2016,873,2016-02-01,Lunes,0.0,20:20:00,,0.0,2,"Moto/Ciclomotor,Automóvil",España Y J.M.de Rosas,3,2,0,0,1,0,0,,Calle,,ROSARIO,Rosario,Asfalto,No existe,II,Dentro,Urbana,Ninguna,No existe,Intersección,Bueno,Buena,Nocturna,Otro,Otro,S/D,Colisión,Ninguna,Horizontal,Ninguna,Sin restricción,error,"['España', 'De Rosas']",2,error,,,,,,,,,,
2016,911,2016-02-22,Lunes,0.0,21:00:00,,0.0,2,"Moto/Ciclomotor,Automóvil",Pje. De Pinedo Y Siracusa,2,1,0,0,1,0,0,,Calle,,ROSARIO,Rosario,Asfalto,No existe,II,Dentro,Urbana,Ninguna,No existe,Recta,Deteriorada,Reducida,Nocturna,Buen Tiempo,S/D,S/D,Colisión,S/D,Faltante,Ninguna,Sin restricción,error,"['Pasaje De Pinedo', 'Siracusa']",2,error,,,,,,,,,,
2016,914,2016-02-27,Sabado,0.0,10:40:00,,0.0,2,"Automóvil,Pickup/Utilitario",Av. Circunvalacion Y Pje. De Pinedo,4,2,0,0,2,0,0,,Calle,,ROSARIO,Rosario,Asfalto,No existe,II,Dentro,Urbana,Ninguna,No existe,Recta,Bueno,Buena,Diurna,Buen Tiempo,S/D,S/D,Colisión,S/D,Faltante,Guardarrail,Sin restricción,error,"['Circunvalacion', 'Pasaje De Pinedo']",2,error,,,,,,,,,,