anio_acci,nro_acci,fecha,desc_dia,fecha_aprox,hora_aprox,desc_ruta,km,cant_participantes,desc_participante,calle_avenida_km,total,heridos_leves,heridos_graves,heridos_gravisimos,ilesos,fallecidos,sin_datos,posicion_XY,desc_tipo_via,desc_ruta_ori,desc_loc,desc_dpto,desc_tipo_calzada,desc_tipo_banquina,desc_unidad_regional,desc_lugar_calzada,desc_zona,desc_prioridad,desc_estado_semaforo,desc_lugar_via,desc_estado_via,desc_estado_visibilidad,desc_luminosidad,desc_estado_clima,desc_tipo_colision,desc_tipo_atropello,desc_tipo_hecho,desc_pres_calzada,desc_senializacion,desc_separacion_via,desc_restriccion,forma_geocod,calle_lista,numero_calles,calles_osm,lat,lon,index_right,gid,fna,gna,nam,in1,fdc,sag
2016,929,2016-02-20,Sabado,0.0,20:10:00,,0.0,2,"Moto/Ciclomotor,Automóvil",Bv. Oroño 2400,2,0,1,0,1,0,0,,Avenida,,ROSARIO,Rosario,Asfalto,S/D,II,Dentro,Urbana,S/D,S/D,Recta,Bueno,Buena,"Nocturna,Con luz artificial",Buen Tiempo,Lateral,S/D,Colisión,S/D,S/D,Cordón divisorio,S/D,no funciono,['Nicasio Oroñoño 2400'],1,Nicasio Oroñoño 2400,,,,,,,,,,
2016,950,2016-02-12,Viernes,0.0,18:00:00,,0.0,2,"Moto/Ciclomotor,Pickup/Utilitario",Av. Avellaneda B Y Garibaldi,2,1,0,0,1,0,0,,Calle,,ROSARIO,Rosario,Asfalto,Pavimento,II,Dentro,Urbana,Semáforo,Funciona,Intersección,Bueno,Buena,Diurna,Buen Tiempo,De alcance,S/D,Colisión,S/D,Vertical,Cordón divisorio,Sin restricción,error,"['Avellaneda', 'José Garibaldi']",2,error,,,,,,,,,,
2016,953,2016-02-13,Sabado,0.0,13:20:00,,0.0,2,"Automóvil,Automóvil", ,2,1,0,0,1,0,0,,Calle,,ROSARIO,Rosario,Asfalto,No existe,II,Dentro,Urbana,Ninguna,No existe,Intersección,Bueno,Buena,Diurna,Buen Tiempo,Lateral,S/D,Colisión,S/D,S/D,S/D,Sin restricción,,[''],0,,,,,,,,,,,
2016,954,2016-02-14,Domingo,0.0,13:00:00,,0.0,2,"Bicicleta,Moto/Ciclomotor", ,3,1,0,0,2,0,0,,Calle,,ROSARIO,Rosario,Asfalto,No existe,II,Dentro,Urbana,S/D,No existe,Intersección,Bueno,Buena,Diurna,Buen Tiempo,S/D,S/D,Atropello,S/D,S/D,S/D,S/D,,[''],0,,,,,,,,,,,
2016,957,2016-02-26,Viernes,0.0,7:30:00,,0.0,2,"Moto/Ciclomotor,Pickup/Utilitario",Camino Piamonte Y Mar Chiquita,3,2,0,0,1,0,0,,Calle,,ROSARIO,Rosario,Asfalto,Pavimento,II,Dentro,Urbana,Semáforo,Funciona,Recta,Bueno,Buena,Diurna,Buen Tiempo,De alcance,S/D,Colisión,S/D,Vertical,Cordón divisorio,Sin restricción,ppal calles no encontradas,"['Camino Piamonte', 'Mar Chiquita']",2,error,,,,,,,,,,
2016,968,2016-02-15,Lunes,0.0,14:16:00,,0.0,2,"Automóvil,Automóvil",Av. Ntra.Sra.del Rosario Y Lituania,2,1,0,0,1,0,0,,Avenida,,ROSARIO,Rosario,Asfalto,No existe,II,Dentro,Urbana,S/D,No existe,Intersección,Bueno,Buena,Diurna,Buen Tiempo,Lateral,S/D,Colisión,S/D,S/D,S/D,S/D,error,"['Nuestra Señora del Rosario', 'Lituania']",2,error,,,,,,,,,,
2016,984,2016-02-02,Martes,0.0,20:10:00,,0.0,2,"Moto/Ciclomotor,Moto/Ciclomotor",Av. Central 9300,2,2,0,0,0,0,0,,Avenida,,ROSARIO,Rosario,Asfalto,Natural,II,Dentro,Urbana,Ninguna,No existe,Recta,Bueno,Buena,Diurna,Buen Tiempo,Lateral,S/D,Colisión,Ninguna,S/D,Ninguna,Sin restricción,no funciono,['Central 9300'],1,Central 9300,,,,,,,,,,
2016,1002,2016-02-28,Domingo,0.0,1:50:00,,0.0,1,Automóvil, ,3,2,0,0,1,0,0,,S/D,,ROSARIO,Rosario,S/D,Pavimento,II,S/D,S/D,Semáforo,Funciona,S/D,S/D,Buena,Nocturna,Buen Tiempo,S/D,S/D,Colisión,S/D,Vertical,Línea divisoria pintada,Sin restricción,,[''],0,,,,,,,,,,,
2016,1003,2016-02-29,Lunes,0.0,5:45:00,,0.0,2,"Moto/Ciclomotor,Otros",J.J.Paso Y Av. Provincias Unidas,2,1,0,0,0,0,1,,Avenida,,ROSARIO,Rosario,Asfalto,S/D,II,Dentro,Urbana,S/D,No existe,Recta,Bueno,Buena,Nocturna,Buen Tiempo,S/D,S/D,Colisión,S/D,S/D,S/D,Sin restricción,error,"['Paso', 'Avenida Provincias Unidas']",2,error,,,,,,,,,,
2016,1025,2016-02-04,Jueves,0.0,19:00:00,,0.0,2,"Moto/Ciclomotor,Moto/Ciclomotor",Velez Sarsfield Y Junin,3,3,0,0,0,0,0,,Calle,,ROSARIO,Rosario,S/D,No existe,II,Dentro,Urbana,Ninguna,No existe,Intersección,S/D,Buena,Atardecer,Buen Tiempo,Lateral,S/D,Colisión,S/D,Faltante,Ninguna,Sin restricción,error,"['Vélez Sarsfield', 'Junín']",2,error,,,,,,,,,,
2016,1029,2016-02-05,Viernes,0.0,8:30:00,,0.0,2,"Moto/Ciclomotor,Automóvil",Ayala Gauna Y Pje. Mazzaglia,2,0,1,0,1,0,0,,Calle,,ROSARIO,Rosario,S/D,No existe,II,Dentro,Urbana,S/D,S/D,Intersección,S/D,Buena,Diurna,Buen Tiempo,Lateral,S/D,Colisión,S/D,S/D,S/D,S/D,error,"['Ayala Gauna', 'Mazzaglia']",2,error,,,,,,,,,,
2016,1031,2016-02-18,Jueves,0.0,20:00:00,,0.0,2,"Moto/Ciclomotor,Automóvil",Donado Y Pje. 1447,2,1,0,0,1,0,0,,Calle,,ROSARIO,Rosario,S/D,S/D,II,Dentro,Urbana,S/D,S/D,Intersección,S/D,Buena,Diurna,Buen Tiempo,Lateral,S/D,Colisión,S/D,S/D,S/D,S/D,sec calles no encontradas,"['Donado', '1447']",2,error,,,,,,,,,,
2016,1047,2016-02-01,Lunes,0.0,18:30:00,,0.0,2,"Camión,Moto/Ciclomotor",Av. Eudoro Carrasco Y Solis,3,1,1,0,1,0,0,,Avenida,,ROSARIO,Rosario,Asfalto,Pavimento,II,Dentro,Urbana,S/D,No existe,Intersección,Bueno,Buena,Diurna,Buen Tiempo,Lateral,S/D,Colisión,Otro,S/D,S/D,S/D,error,"['Avenida Eudoro Carrasco', 'Solis']",2,error,,,,,,,,,,
2016,1064,2016-02-14,Domingo,0.0,15:50:00,,0.0,2,"Automóvil,Moto/Ciclomotor",Av. Luis Carballo Y Martinez Estrada,3,2,0,0,1,0,0,,Avenida,,ROSARIO,Rosario,Asfalto,No existe,II,Dentro,Urbana,S/D,S/D,Intersección,Bueno,Buena,Diurna,Buen Tiempo,Lateral,S/D,Colisión,Ninguna,S/D,S/D,S/D,error,"['Avenida Doctor Luis Cándido Carballo', 'Martinez Estrada']",2,error,,,,,,,,,,
2016,1080,2016-02-05,Viernes,0.0,14:15:00,,0.0,2,"Automóvil,Moto/Ciclomotor",Av. Caseros Bis Y Francia F,2,1,0,0,1,0,0,,Calle,,ROSARIO,Rosario,Asfalto,No existe,II,Dentro,Urbana,S/D,S/D,Intersección,Bueno,Buena,Diurna,Buen Tiempo,Lateral,S/D,Colisión,Ninguna,S/D,S/D,S/D,error,"['Caseros', 'Avenida Francia']",2,error,,,,,,,,,,
2016,1082,2016-02-09,Martes,0.0,15:00:00,,0.0,2,"Moto/Ciclomotor,Taxi/Remis",Tte.Agneta ,2,1,0,0,1,0,0,,Calle,,ROSARIO,Rosario,Hormigón,No existe,II,Dentro,Urbana,S/D,No existe,Intersección,Bueno,Buena,Diurna,Buen Tiempo,Lateral,S/D,Colisión,S/D,Faltante,Ninguna,Sin restricción,no funciono,['Tenienteagneta'],1,Tenienteagneta,,,,,,,,,,
2016,1205,2016-03-02,Miercoles,0.0,9:20:00,,0.0,2,"Moto/Ciclomotor,Moto/Ciclomotor",Bv. Oroño 5200,2,1,0,0,1,0,0,,Avenida,,ROSARIO,Rosario,Asfalto,No existe,II,Dentro,Rural,Ninguna,No existe,Recta,Bueno,Buena,Diurna,Buen Tiempo,Lateral,S/D,Colisión,S/D,S/D,Ninguna,Sin restricción,no funciono,['Nicasio Oroñoño 5200'],1,Nicasio Oroñoño 5200,,,,,,,,,,
2016,1224,2016-03-05,Sabado,0.0,13:00:00,,0.0,2,"Peatón,Pickup/Utilitario",Bv. Oroño Y Av. Battle y Ordoñez,2,1,0,0,1,0,0,,Avenida,,ROSARIO,Rosario,Asfalto,Pavimento,II,Dentro,Urbana,Ninguna,S/D,Intersección,Bueno,Buena,Diurna,Buen Tiempo,S/D,S/D,Atropello,S/D,S/D,Ninguna,Sin restricción,error,"['Bulevar Nicasio Oroño', 'Avenida Battle y Ordoñez']",2,error,,,,,,,,,,
2016,1229,2016-03-15,Martes,0.0,11:55:00,,0.0,2,"Automóvil,Automóvil",Av. Battle y Ordoñez Y Bv. Oroño,3,2,0,0,1,0,0,,Avenida,,ROSARIO,Rosario,Asfalto,Pavimento,II,Dentro,Urbana,Ninguna,Funciona,Intersección,Otro,Buena,Diurna,Buen Tiempo,Lateral,S/D,Colisión,S/D,S/D,Ninguna,Sin restricción,error,"['Avenida Battle y Ordoñez', 'Bulevar Nicasio Oroño']",2,error,,,,,,,,,,
2016,1230,2016-03-15,Martes,0.0,9:00:00,,0.0,2,"Bicicleta,Automóvil",Pje. J.De La Cosa Y Callao,3,1,0,0,2,0,0,,Calle,,ROSARIO,Rosario,Asfalto,Pavimento,II,Dentro,Urbana,Ninguna,No existe,Intersección,Bueno,Buena,Diurna,Buen Tiempo,S/D,S/D,Atropello,S/D,S/D,Ninguna,Sin restricción,error,"['De La Cosa', 'Callao']",2,error,,,,,,,,,,
2016,1233,2016-03-17,Jueves,0.0,17:45:00,,0.0,2,"Moto/Ciclomotor,Automóvil",Lamadrid Y Vuelta De Obligado,2,1,0,0,1,0,0,,Calle,,ROSARIO,Rosario,Asfalto,Pavimento,II,Dentro,Urbana,Ninguna,No existe,Intersección,Bueno,Buena,Diurna,Buen Tiempo,Lateral,S/D,Colisión,S/D,S/D,Ninguna,Sin restricción,error,"['Lamadrid', 'Vuelta de Obligado']",2,error,,,,,,,,,,
2016,1263,2016-03-14,Lunes,0.0,13:00:00,,0.0,2,"Moto/Ciclomotor,Automóvil",Buenos Aires Y Esteban de Luca,3,2,0,0,1,0,0,,S/D,,ROSARIO,Rosario,Asfalto,No existe,II,Dentro,Urbana,Ninguna,No existe,Intersección,Bueno,Buena,Diurna,S/D,Lateral,S/D,Colisión,S/D,S/D,Ninguna,Sin restricción,error,"['Buenos Aires', 'Esteban de Luca']",2,error,,,,,,,,,,
2016,1267,2016-02-15,Lunes,0.0,,,0.0,1,Moto/Ciclomotor,J.J.Paso Y Saavedra,2,2,0,0,0,0,0,,Calle,,ROSARIO,Rosario,Asfalto,Pavimento,II,Dentro,Urbana,Semáforo,Funciona,Intersección,Con baches,Buena,Diurna,Buen Tiempo,S/D,S/D,Despiste,S/D,Vertical,Ninguna,S/D,error,"['Paso', 'Saavedra']",2,error,,,,,,,,,,
2016,1277,2016-03-01,Martes,0.0,,,0.0,2,"Moto/Ciclomotor,Automóvil",Ricchieri Y Ocampo,2,1,0,0,1,0,0,,Calle,,ROSARIO,Rosario,Asfalto,S/D,II,Dentro,Urbana,S/D,S/D,Intersección,Bueno,Buena,Diurna,S/D,Lateral,S/D,Colisión,S/D,S/D,S/D,S/D,error,"['Ricchieri', 'Ocampo']",2,error,,,,,,,,,,
2016,1307,2016-03-17,Jueves,0.0,10:00:00,,0.0,2,"Automóvil,Automóvil", ,2,1,0,0,1,0,0,,Calle,,ROSARIO,Rosario,Asfalto,No existe,II,Dentro,Urbana,S/D,No existe,Recta,Bueno,Buena,Diurna,Buen Tiempo,De alcance,S/D,Colisión,S/D,Faltante,Cordón divisorio,Sin restricción,,[''],0,,,,,,,,,,,
2016,1335,2016-03-06,Domingo,0.0,14:00:00,,0.0,2,"Moto/Ciclomotor,Pickup/Utilitario",Bolivia Y Bahia Blanca Bis,2,1,0,0,1,0,0,,Calle,,ROSARIO,Rosario,Asfalto,S/D,II,Dentro,Urbana,S/D,S/D,Intersección,S/D,S/D,Diurna,S/D,S/D,S/D,Colisión,S/D,S/D,S/D,S/D,error,"['Bolivia', 'Bahía Blanca']",2,error,,,,,,,,,,
2016,1339,2016-03-16,Miercoles,0.0,11:45:00,,0.0,2,"Peatón,Automóvil",Benzuley 168,2,0,1,0,0,0,1,,Calle,,ROSARIO,Rosario,S/D,S/D,II,Dentro,Urbana,S/D,S/D,Recta,S/D,S/D,Diurna,S/D,S/D,S/D,Atropello,S/D,S/D,S/D,S/D,no funciono,['Benzuley 168'],1,Benzuley 168,,,,,,,,,,
2016,1351,2016-03-30,Miercoles,0.0,10:20:00,,0.0,2,"Moto/Ciclomotor,Automóvil",Jujuy Y Ricchieri,2,0,1,0,1,0,0,,Calle,,ROSARIO,Rosario,Asfalto,No existe,II,S/D,Urbana,Ninguna,No existe,Recta,Otro,Buena,Diurna,Buen Tiempo,Otro,S/D,Colisión,Ninguna,Faltante,Ninguna,Sin restricción,error,"['Jujuy', 'Ricchieri']",2,error,,,,,,,,,,
2016,1374,2016-03-01,Martes,0.0,21:03:00,,0.0,2,"Moto/Ciclomotor,Moto/Ciclomotor",Av. Illia Y Mariano Moreno,3,2,0,0,1,0,0,,Avenida,,ROSARIO,Rosario,Asfalto,Pavimento,II,Dentro,Urbana,Ninguna,No funciona,Intersección,Bueno,Buena,Nocturna,Buen Tiempo,Lateral,S/D,Caída ocupante,Otro,Vertical,Ninguna,Sin restricción,error,"['Illia', 'Mariano Moreno']",2,error,,,,,,,,,,
2016,1375,2016-03-11,Viernes,0.0,5:30:00,,0.0,2,"Moto/Ciclomotor,Camión",Av. Circunvalacion Y Bv. Oroño,2,1,0,0,1,0,0,,Avenida,,ROSARIO,Rosario,Asfalto,Pavimento,II,Dentro,Urbana,Ninguna,No existe,Intersección,Bueno,Buena,Diurna,Buen Tiempo,De alcance,S/D,Colisión,S/D,Faltante,Ninguna,Sin restricción,error,"['Circunvalacion', 'Bulevar Nicasio Oroño']",2,error,,,,,,,,,,
2016,1411,2016-02-12,Viernes,0.0,8:30:00,,0.0,2,"Moto/Ciclomotor,Automóvil", ,3,1,0,0,2,0,0,,Calle,,ROSARIO,Rosario,Asfalto,No existe,II,Dentro,Urbana,Ninguna,No existe,Intersección,Bueno,Buena,Diurna,S/D,S/D,S/D,Colisión,S/D,Horizontal,Línea divisoria pintada,Sin restricción,,[''],0,,,,,,,,,,,
2016,1526,2016-03-23,Miercoles,0.0,17:00:00,,0.0,2,"Automóvil,Automóvil",Callao Y Saavedra,2,1,0,0,1,0,0,,Calle,,ROSARIO,Rosario,Asfalto,No existe,II,Dentro,Urbana,S/D,No existe,Intersección,Bueno,Buena,Diurna,Buen Tiempo,Lateral,S/D,Colisión,S/D,Faltante,S/D,Sin restricción,error,"['Callao', 'Saavedra']",2,error,,,,,,,,,,
2016,1544,2016-03-23,Miercoles,0.0,17:30:00,,0.0,2,"Moto/Ciclomotor,Automóvil",Ayolas Y Bv. 27 De Febrero,3,2,0,0,1,0,0,,Calle,,ROSARIO,Rosario,Asfalto,Pavimento,II,Dentro,Urbana,Ninguna,S/D,Intersección,Bueno,Buena,Diurna,Buen Tiempo,De alcance,S/D,Colisión,S/D,Faltante,Guardarrail,Sin restricción,error,"['Ayolas', '27 de Febrero']",2,error,,,,,,,,,,
2016,1546,2016-03-14,Lunes,0.0,19:00:00,,0.0,2,"Peatón,Automóvil",Virasoro 300,2,1,0,0,1,0,0,,Calle,,ROSARIO,Rosario,S/D,No existe,II,Dentro,Urbana,Ninguna,No existe,Recta,Bueno,Buena,Diurna,Buen Tiempo,S/D,S/D,Atropello,S/D,Faltante,Ninguna,Sin restricción,no funciono,['Virasnicasio Oroño 300'],1,Virasnicasio Oroño 300,,,,,,,,,,
2016,1565,2016-04-01,Viernes,0.0,21:15:00,,0.0,2,"Moto/Ciclomotor,Automóvil",Av. Ntra.Sra.del Rosario Bis 200,2,1,0,0,1,0,0,,S/D,,ROSARIO,Rosario,Asfalto,No existe,II,Dentro,Urbana,Ninguna,No existe,Recta,Bueno,S/D,Nocturna,S/D,De alcance,S/D,Colisión,S/D,S/D,Ninguna,Sin restricción,no funciono,['Ntra Sra Del Rosario Bis 200'],1,Ntra Sra Del Rosario Bis 200,,,,,,,,,,
2016,1579,2016-04-06,Miercoles,0.0,13:30:00,,0.0,2,"Moto/Ciclomotor,Automóvil",J.Colombres Bis 1295,2,0,0,0,0,0,2,,Calle,,ROSARIO,Rosario,S/D,S/D,II,S/D,Urbana,S/D,S/D,S/D,S/D,S/D,Diurna,S/D,S/D,S/D,S/D,S/D,S/D,S/D,S/D,no funciono,['J Colombres Bis 1295'],1,J Colombres Bis 1295,,,,,,,,,,
2016,1593,2016-04-07,Jueves,0.0,15:30:00,,0.0,3,"Automóvil,Automóvil,Automóvil",Bv. Oroño 2700,4,1,0,0,3,0,0,,Calle,,ROSARIO,Rosario,Asfalto,S/D,II,Dentro,Urbana,Semáforo,Funciona,Recta,Bueno,Buena,Diurna,Buen Tiempo,Múltiple,S/D,Colisión,S/D,Vertical,Cordón divisorio,Sin restricción,no funciono,['Nicasio Oroñoño 2700'],1,Nicasio Oroñoño 2700,,,,,,,,,,
2016,1637,2016-04-21,Jueves,0.0,19:45:00,,0.0,2,"Peatón,Moto/Ciclomotor",Av. Battle y Ordoñez Y San Martin,2,1,0,0,1,0,0,,Avenida,,ROSARIO,Rosario,S/D,No existe,II,Dentro,Urbana,Ninguna,Funciona,Intersección,S/D,Buena,Nocturna,S/D,S/D,S/D,Atropello,S/D,Vertical,Cordón divisorio,Sin restricción,error,"['Avenida Battle y Ordoñez', 'San Martin']",2,error,,,,,,,,,,
2016,1639,2016-04-28,Jueves,0.0,8:00:00,,0.0,2,"Moto/Ciclomotor,Automóvil",Av. Circunvalacion Y Garay,3,2,0,0,1,0,0,,Avenida,,ROSARIO,Rosario,Asfalto,Pavimento,II,Dentro,Urbana,Ninguna,No existe,Intersección,Bueno,Buena,Diurna,Buen Tiempo,De alcance,S/D,Atropello,Ninguna,Faltante,Guardarrail,Sin restricción,error,"['Circunvalacion', 'Garay']",2,error,,,,,,,,,,
2016,1649,2016-04-22,Viernes,0.0,,,0.0,2,"Automóvil,Moto/Ciclomotor",Av. Provincias Unidas Y Pje. Arenales,2,1,0,0,1,0,0,,Calle,,ROSARIO,Rosario,Asfalto,No existe,II,Dentro,Urbana,Ninguna,No existe,Intersección,Bueno,Buena,Diurna,Buen Tiempo,Lateral,S/D,Colisión,Ninguna,Faltante,Cordón divisorio,S/D,error,"['Avenida Provincias Unidas', 'Arenales']",2,error,,,,,,,,,,
2016,1668,2016-04-27,Miercoles,0.0,14:00:00,,0.0,2,"Peatón,Automóvil",Pje. Ricardone Y Pje. Arata,2,1,0,0,1,0,0,,Calle,,ROSARIO,Rosario,Asfalto,Pavimento,II,Dentro,Urbana,S/D,No existe,Intersección,Bueno,Buena,Diurna,Buen Tiempo,S/D,S/D,Atropello,S/D,Faltante,Cordón divisorio,Sin restricción,error,"['Ricardone', 'Arata']",2,error,,,,,,,,,,
2016,1679,2016-04-07,Jueves,0.0,13:00:00,,0.0,2,"Peatón,Automóvil",Cordoba Y Alvear,2,1,0,0,1,0,0,,Calle,,ROSARIO,Rosario,Asfalto,No existe,II,Dentro,Urbana,Semáforo,Funciona,Intersección,Bueno,Buena,Diurna,Buen Tiempo,S/D,S/D,Atropello,S/D,Vertical,Cordón divisorio,Sin restricción,error,"['Córdoba', 'Alvear']",2,error,,,,,,,,,,
2016,1692,2016-04-29,Viernes,0.0,19:00:00,,0.0,2,"Moto/Ciclomotor,Automóvil",Biedma Y Roullon,2,1,0,0,1,0,0,,Avenida,,ROSARIO,Rosario,S/D,No existe,II,Dentro,Urbana,Ninguna,No existe,Intersección,Otro,Buena,Atardecer,Otro,Lateral,S/D,Colisión,Otro,Faltante,Barrera de hormigón,Sin restricción,error,"['Coronel Biedma', 'Alfredo Rouillón']",2,error,,,,,,,,,,
2016,2222,2016-04-20,Miercoles,0.0,11:30:00,,0.0,2,"Moto/Ciclomotor,Automóvil",ESTADOS UNIDOS Y RIVAROLA,2,1,0,0,1,0,0,,Calle,,ROSARIO,Rosario,Asfalto,Natural,II,Dentro,Urbana,Ninguna,No existe,Intersección,Deteriorada,Buena,Diurna,Lluvia,Lateral,S/D,Colisión,Agua,Faltante,Ninguna,Sin restricción,ppal calles no encontradas,"['Avenida 25 De Mayo', 'Rivarola']",2,error,,,,,,,,,,
2016,2224,2016-04-27,Miercoles,0.0,22:30:00,,0.0,2,"Automóvil,Automóvil",Av. Pte.Peron ,2,1,0,0,1,0,0,,Avenida,,ROSARIO,Rosario,Asfalto,Natural,II,S/D,S/D,Semáforo,Funciona,Intersección,Bueno,Buena,Con luz artificial,Buen Tiempo,S/D,S/D,Colisión,S/D,S/D,Ninguna,Sin restricción,no funciono,['Presidenteperon'],1,Presidenteperon,,,,,,,,,,
2016,2225,2016-04-28,Jueves,0.0,19:00:00,,0.0,2,"Moto/Ciclomotor,Automóvil", ,3,2,0,0,1,0,0,,Calle,,ROSARIO,Rosario,Asfalto,S/D,II,S/D,Urbana,S/D,S/D,Intersección,S/D,S/D,Atardecer,S/D,S/D,S/D,S/D,S/D,S/D,S/D,S/D,,[''],0,,,,,,,,,,,
2016,2344,2016-02-28,Domingo,0.0,18:30:00,,0.0,2,"Camión,Moto/Ciclomotor",Peru Y Centeno,4,0,0,0,1,0,3,,Calle,,ROSARIO,Rosario,Asfalto,S/D,II,Dentro,Urbana,S/D,S/D,Intersección,S/D,S/D,Diurna,S/D,S/D,S/D,Colisión,S/D,S/D,S/D,S/D,error,"['Peru', 'Centeno']",2,error,,,,,,,,,,
2016,2566,2016-05-17,Martes,0.0,23:00:00,,0.0,2,"Moto/Ciclomotor,Automóvil",Cordoba Y Rio De Janeiro,2,1,0,0,1,0,0,,Calle,,ROSARIO,Rosario,Asfalto,S/D,II,Dentro,Urbana,S/D,S/D,Intersección,S/D,S/D,Nocturna,S/D,S/D,S/D,Colisión,S/D,S/D,S/D,S/D,error,"['Córdoba', 'Río de Janeiro']",2,error,,,,,,,,,,
2016,2571,2016-05-20,Viernes,0.0,20:20:00,,0.0,2,"Moto/Ciclomotor,Automóvil", ,3,2,0,0,1,0,0,,Calle,,ROSARIO,Rosario,S/D,S/D,II,S/D,Urbana,S/D,S/D,S/D,S/D,S/D,Nocturna,S/D,S/D,S/D,S/D,S/D,S/D,S/D,S/D,,[''],0,,,,,,,,,,,
2016,2703,2016-04-19,Martes,0.0,22:30:00,,0.0,2,"Automóvil,Automóvil",Camilo Aldao Y Ing.Thedy Bis,3,3,0,0,0,0,0,,Calle,,ROSARIO,Rosario,Asfalto,S/D,II,Dentro,Urbana,S/D,S/D,Intersección,S/D,S/D,Nocturna,S/D,S/D,S/D,Colisión,S/D,S/D,S/D,S/D,error,"['Camilo Aldao', 'Thedy']",2,error,,,,,,,,,,
2016,2708,2016-04-10,Domingo,0.0,22:00:00,,0.0,2,"Moto/Ciclomotor,Automóvil",Ricchieri Y Jujuy,2,1,0,0,1,0,0,,Calle,,ROSARIO,Rosario,S/D,No existe,II,Dentro,Urbana,Ninguna,No existe,Recta,S/D,Buena,Nocturna,Buen Tiempo,S/D,S/D,Colisión,S/D,Faltante,Ninguna,Sin restricción,error,"['Ricchieri', 'Jujuy']",2,error,,,,,,,,,,
2016,2713,2016-04-22,Viernes,0.0,15:45:00,,0.0,2,"Automóvil,Pickup/Utilitario",Pje. Mazzaglia Y Gurruchaga,4,1,0,0,3,0,0,,Calle,,ROSARIO,Rosario,Asfalto,No existe,II,Dentro,Urbana,Ninguna,No existe,Intersección,Bueno,Buena,Diurna,Buen Tiempo,Frontal,S/D,Colisión,S/D,Faltante,Ninguna,Sin restricción,error,"['Mazzaglia', 'Gurruchaga']",2,error,,,,,,,,,,
2016,2765,2016-05-18,Miercoles,0.0,14:00:00,,0.0,2,"Automóvil,Automóvil",Derqui Y Cabildo,2,2,0,0,0,0,0,,S/D,,ROSARIO,Rosario,Asfalto,No existe,II,S/D,S/D,Ninguna,No existe,S/D,Bueno,Buena,Diurna,Buen Tiempo,Lateral,S/D,Colisión,Ninguna,Faltante,S/D,Sin restricción,error,"['Derqui', 'Cabildo']",2,error,,,,,,,,,,
2016,2767,2016-05-20,Viernes,0.0,,,0.0,2,"Automóvil,Moto/Ciclomotor",Rosa Silvestre Y Acevedo Bis,3,2,0,0,1,0,0,,Calle,,ROSARIO,Rosario,Asfalto,No existe,II,Dentro,Urbana,Ninguna,No existe,Intersección,Bueno,Buena,Diurna,Buen Tiempo,Lateral,S/D,Colisión,S/D,Faltante,Ninguna,Sin restricción,error,"['Rosa Silvestre', 'Acevedo']",2,error,,,,,,,,,,
2016,2787,2016-05-09,Lunes,0.0,12:13:00,,0.0,2,"Automóvil,Automóvil",Av. Pte.Peron Y Av. E.Lopez,2,1,0,0,1,0,0,,S/D,,ROSARIO,Rosario,Asfalto,No existe,II,S/D,S/D,Ninguna,No existe,Recta,Deteriorada,Buena,Diurna,Buen Tiempo,De alcance,S/D,Colisión,S/D,Faltante,Ninguna,Sin restricción,error,"['Avenida Presidente Perón', 'Lopez']",2,error,,,,,,,,,,
2016,2800,2016-05-16,Lunes,0.0,,,0.0,2,"Moto/Ciclomotor,Automóvil",Av. Eva Peron Y Pte.Roca,2,1,0,0,1,0,0,,Calle,,ROSARIO,Rosario,Asfalto,No existe,II,Dentro,Urbana,Ninguna,No existe,Intersección,Deteriorada,Buena,Diurna,Buen Tiempo,Lateral,S/D,Colisión,Ninguna,Faltante,Cordón divisorio,Sin restricción,error,"['Avenida Eva Perón', 'Roca']",2,error,,,,,,,,,,
2016,2805,2016-05-19,Jueves,0.0,,,0.0,2,"Automóvil,Bicicleta", ,2,1,0,0,1,0,0,,Calle,,ROSARIO,Rosario,Asfalto,No existe,II,Dentro,Urbana,Ninguna,No existe,Intersección,Bueno,Buena,Diurna,Buen Tiempo,S/D,Ciclista,Atropello,Ninguna,Faltante,Cordón divisorio,Sin restricción,,[''],0,,,,,,,,,,,
2016,2822,2016-05-21,Sabado,0.0,,,0.0,2,"Moto/Ciclomotor,Camión", ,2,1,0,0,0,0,1,,S/D,,ROSARIO,Rosario,S/D,S/D,II,S/D,Urbana,S/D,S/D,Intersección,S/D,S/D,S/D,S/D,S/D,S/D,S/D,S/D,S/D,S/D,S/D,,[''],0,,,,,,,,,,,
2016,2839,2016-05-14,Sabado,0.0,,,0.0,2,"Automóvil,Otros",Godoy Cruz Y Lamadrid,2,1,0,0,0,0,1,,Calle,,ROSARIO,Rosario,S/D,S/D,II,Dentro,Urbana,S/D,S/D,Intersección,S/D,S/D,S/D,S/D,S/D,S/D,Colisión,S/D,S/D,S/D,S/D,error,"['Avenida Presidente Perón', 'Lamadrid']",2,error,,,,,,,,,,
2016,3274,2016-06-24,Viernes,0.0,10:55:00,,0.0,2,"Peatón,Automóvil", ,2,1,0,0,1,0,0,,Calle,,ROSARIO,Rosario,Asfalto,S/D,II,S/D,Urbana,S/D,S/D,Curva,Bueno,S/D,Diurna,S/D,S/D,Peatón,Atropello,S/D,S/D,S/D,S/D,,[''],0,,,,,,,,,,,
2016,3278,2016-06-21,Martes,0.0,12:10:00,,0.0,2,"Automóvil,Pickup/Utilitario", ,2,1,0,0,1,0,0,,S/D,,ROSARIO,Rosario,Asfalto,S/D,II,S/D,Urbana,S/D,S/D,Puente,Bueno,S/D,Diurna,S/D,S/D,S/D,Colisión,S/D,S/D,S/D,S/D,,[''],0,,,,,,,,,,,
2016,3284,2016-06-15,Miercoles,0.0,8:40:00,,0.0,2,"Moto/Ciclomotor,Pickup/Utilitario",Av. Francia Y Av. Caseros Bis,2,1,0,0,0,0,1,,Calle,,ROSARIO,Rosario,Asfalto,S/D,II,Dentro,Urbana,S/D,S/D,Intersección,S/D,S/D,Diurna,S/D,S/D,S/D,Colisión,S/D,S/D,S/D,S/D,error,"['Avenida Francia', 'Caseros']",2,error,,,,,,,,,,
2016,3288,2016-06-17,Viernes,0.0,12:30:00,,0.0,2,"Bicicleta,Transporte de Pasajeros Urbano (> 8 asientos)", ,2,1,0,0,0,0,1,,Calle,,ROSARIO,Rosario,Asfalto,S/D,II,S/D,S/D,S/D,S/D,Intersección,S/D,S/D,Diurna,S/D,S/D,Ciclista,Atropello,S/D,S/D,S/D,S/D,,[''],0,,,,,,,,,,,
2016,3292,2016-06-01,Miercoles,1.0,,,0.0,2,"Moto/Ciclomotor,Automóvil", ,2,1,0,0,1,0,0,,Avenida,,ROSARIO,Rosario,Asfalto,S/D,II,S/D,Urbana,S/D,S/D,Intersección,S/D,S/D,S/D,S/D,S/D,S/D,Colisión,S/D,S/D,S/D,S/D,,[''],0,,,,,,,,,,,
2016,3511,2016-06-07,Martes,0.0,3:00:00,,0.0,2,"Automóvil,Camión",Av. Uriburu Y Centeno,3,2,0,0,1,0,0,,Avenida,,ROSARIO,Rosario,Asfalto,S/D,II,S/D,Urbana,Ninguna,S/D,Recta,Bueno,Buena,Con luz artificial,Buen Tiempo,Otro,S/D,Colisión,S/D,S/D,Línea divisoria pintada,Sin restricción,error,"['Uriburu', 'Centeno']",2,error,,,,,,,,,,
2016,3514,2016-06-17,Viernes,0.0,18:30:00,,0.0,2,"Automóvil,Camión",Av. Uriburu Y Av. De Las Palmeras,3,2,0,0,1,0,0,,S/D,,ROSARIO,Rosario,Asfalto,S/D,II,S/D,Urbana,S/D,S/D,Intersección,S/D,S/D,S/D,S/D,S/D,S/D,S/D,S/D,S/D,S/D,S/D,error,"['Uriburu', 'Las Palmas']",2,error,,,,,,,,,,
2016,3539,2016-06-20,Lunes,0.0,21:20:00,,0.0,2,"Automóvil,Automóvil",Av. Pte.Peron 7500,8,2,0,0,6,0,0,,Calle,,ROSARIO,Rosario,Hormigón,No existe,II,Dentro,Urbana,Ninguna,Funciona,Intersección,Bueno,Buena,"Nocturna,Con luz artificial",Buen Tiempo,De alcance,S/D,Colisión,S/D,Faltante,Ninguna,Sin restricción,no funciono,['Presidenteperon 7500'],1,Presidenteperon 7500,,,,,,,,,,
2016,3568,2016-06-16,Jueves,0.0,9:00:00,,0.0,2,"Automóvil,Peatón",Pte.Quintana Y Garzon,2,1,0,0,1,0,0,,Calle,,ROSARIO,Rosario,Asfalto,No existe,II,Dentro,Urbana,Ninguna,No existe,Intersección,Bueno,Buena,Amanecer,S/D,S/D,Peatón,Atropello,S/D,Faltante,S/D,Sin restricción,error,"['Quintana', 'Garzón']",2,error,,,,,,,,,,