anio_acci,nro_acci,fecha,desc_dia,fecha_aprox,hora_aprox,desc_ruta,km,cant_participantes,desc_participante,calle_avenida_km,total,heridos_leves,heridos_graves,heridos_gravisimos,ilesos,fallecidos,sin_datos,posicion_XY,desc_tipo_via,desc_ruta_ori,desc_loc,desc_dpto,desc_tipo_calzada,desc_tipo_banquina,desc_unidad_regional,desc_lugar_calzada,desc_zona,desc_prioridad,desc_estado_semaforo,desc_lugar_via,desc_estado_via,desc_estado_visibilidad,desc_luminosidad,desc_estado_clima,desc_tipo_colision,desc_tipo_atropello,desc_tipo_hecho,desc_pres_calzada,desc_senializacion,desc_separacion_via,desc_restriccion,forma_geocod,calle_lista,numero_calles,calles_osm,lat,lon,index_right,gid,fna,gna,nam,in1,fdc,sag
2016,3972,2016-07-15,Viernes,0.0,18:30:00,,0.0,2,"Peatón,Moto/Ciclomotor", ,3,2,0,0,0,0,1,,Calle,,ROSARIO,Rosario,Asfalto,S/D,II,Dentro,Urbana,S/D,S/D,Recta,S/D,S/D,Atardecer,S/D,S/D,Peatón,Atropello,S/D,S/D,S/D,S/D,,[''],0,,,,,,,,,,,
2016,3979,2016-07-13,Miercoles,0.0,16:00:00,,0.0,2,"Moto/Ciclomotor,Automóvil",Pje. Arenales 300,2,0,1,0,1,0,0,,Calle,,ROSARIO,Rosario,Asfalto,S/D,II,Dentro,Urbana,S/D,S/D,Recta,S/D,S/D,Diurna,S/D,S/D,S/D,Colisión,S/D,S/D,S/D,S/D,no funciono,['Pasaje Arenales 300'],1,Pasaje Arenales 300,,,,,,,,,,
2016,4648,2016-05-12,Jueves,0.0,7:45:00,,0.0,2,"Moto/Ciclomotor,Automóvil",Mariano Cabal Bis Y Republica de Argelia,4,2,1,0,1,0,0,,Calle,,ROSARIO,Rosario,Hormigón,Pavimento,II,S/D,Urbana,Ninguna,No existe,Recta,Bueno,Buena,Diurna,Buen Tiempo,S/D,S/D,Colisión,S/D,Vertical,Ninguna,Sin restricción,error,"['Mariano Cabal', 'Argelia']",2,error,,,,,,,,,,
2016,4650,2016-05-16,Lunes,0.0,13:50:00,,0.0,2,"Moto/Ciclomotor,Pickup/Utilitario",Av. Circunvalacion Y Bv. Oroño,2,1,0,0,1,0,0,,Avenida,,ROSARIO,Rosario,Asfalto,Pavimento,II,Dentro,Urbana,S/D,S/D,Intersección,Bueno,Buena,Diurna,Buen Tiempo,Lateral,S/D,Colisión,S/D,S/D,Ninguna,Sin restricción,error,"['Circunvalacion', 'Bulevar Nicasio Oroño']",2,error,,,,,,,,,,
2016,4676,2016-05-15,Domingo,0.0,21:10:00,,0.0,2,"Moto/Ciclomotor,Automóvil",Bv. Segui Y Pje. Morales,2,1,0,0,1,0,0,,Calle,,ROSARIO,Rosario,Asfalto,No existe,II,Dentro,Urbana,Ninguna,No existe,Intersección,Bueno,Buena,"Nocturna,Con luz artificial",Buen Tiempo,De alcance,S/D,Colisión,Ninguna,Faltante,Ninguna,Sin restricción,error,"['Bulevar Juan Francisco Seguí', 'Morales']",2,error,,,,,,,,,,
2016,4691,2016-05-04,Miercoles,0.0,17:00:00,,0.0,2,"Bicicleta,Automóvil",Grandoli Y Chacabuco,2,0,1,0,1,0,0,,Calle,,ROSARIO,Rosario,Asfalto,No existe,II,Dentro,Urbana,Ninguna,No existe,Recta,Bueno,Buena,Diurna,Buen Tiempo,S/D,Ciclista,Atropello,Ninguna,Faltante,Ninguna,Sin restricción,error,"['Avenida Abanderado Grandoli', 'Chacabuco']",2,error,,,,,,,,,,
2016,4695,2016-05-18,Miercoles,0.0,9:50:00,,0.0,2,"Moto/Ciclomotor,Camión",Av. E.Lopez Y Av. Francia,2,0,1,0,1,0,0,,Calle,,ROSARIO,Rosario,Asfalto,S/D,II,Dentro,Urbana,S/D,S/D,Intersección,S/D,S/D,S/D,S/D,S/D,S/D,S/D,S/D,S/D,S/D,S/D,error,"['Lopez', 'Avenida Francia']",2,error,,,,,,,,,,
2016,4700,2016-06-17,Viernes,0.0,13:50:00,,0.0,2,"Moto/Ciclomotor,Automóvil",Av. Provincias Unidas Y Jose Hernandez,2,1,0,0,1,0,0,,Avenida,,ROSARIO,Rosario,Asfalto,No existe,II,Dentro,Urbana,S/D,Funciona,Intersección,Bueno,Buena,Diurna,Buen Tiempo,S/D,S/D,Colisión,S/D,Horizontal,Cordón divisorio,S/D,error,"['Avenida Provincias Unidas', 'José Hernández']",2,error,,,,,,,,,,
2016,4709,2016-05-17,Martes,0.0,17:30:00,,0.0,2,"Moto/Ciclomotor,Automóvil",Suipacha Y Brown,2,1,0,0,1,0,0,,Calle,,ROSARIO,Rosario,Asfalto,No existe,II,Dentro,Urbana,Ninguna,No existe,Recta,Bueno,Buena,Diurna,Buen Tiempo,S/D,S/D,Colisión,S/D,Faltante,Ninguna,Sin restricción,error,"['Suipacha', 'Brown']",2,error,,,,,,,,,,
2016,4712,2016-05-01,Domingo,0.0,,,0.0,2,"Moto/Ciclomotor,Automóvil", ,2,1,0,0,1,0,0,,S/D,,ROSARIO,Rosario,S/D,S/D,II,S/D,S/D,S/D,S/D,S/D,S/D,S/D,S/D,S/D,S/D,S/D,S/D,S/D,S/D,S/D,S/D,,[''],0,,,,,,,,,,,
2016,4738,2016-06-25,Sabado,0.0,20:50:00,,0.0,1,Automóvil,Av. Circunvalacion Bis 1600,2,1,0,0,1,0,0,,Avenida,,ROSARIO,Rosario,Asfalto,Pavimento,II,Dentro,Urbana,Semáforo,Funciona,Recta,Bueno,Buena,Nocturna,Buen Tiempo,S/D,S/D,Despiste,S/D,Horizontal,Línea divisoria pintada,Sin restricción,no funciono,['Circunvalacion Bis 1600'],1,Circunvalacion Bis 1600,,,,,,,,,,
2016,4808,2016-06-04,Sabado,0.0,17:30:00,,0.0,2,"Bicicleta,Automóvil",Av. Ovidio Lagos Y Fernandez Diaz,2,1,0,0,1,0,0,,Calle,,ROSARIO,Rosario,Asfalto,Pavimento,II,Dentro,Urbana,Semáforo,Funciona,Intersección,Bueno,Buena,Diurna,Buen Tiempo,Lateral,Ciclista,Atropello,S/D,Vertical,Cordón divisorio,Sin restricción,error,"['Avenida Ovidio Lagos', 'Fernández Díaz']",2,error,,,,,,,,,,
2016,4812,2016-07-11,Lunes,0.0,,,0.0,2,"Moto/Ciclomotor,Moto/Ciclomotor",Garzon Bis 1400,2,1,0,0,1,0,0,,Calle,,ROSARIO,Rosario,Asfalto,S/D,II,S/D,S/D,S/D,S/D,Recta,Bueno,Buena,S/D,Buen Tiempo,S/D,S/D,S/D,S/D,S/D,S/D,S/D,no funciono,['Garzon Bis 1400'],1,Garzon Bis 1400,,,,,,,,,,
2016,4821,2016-06-14,Martes,0.0,7:00:00,,0.0,2,"Moto/Ciclomotor,Taxi/Remis",Av. Ovidio Lagos Y Fernandez Diaz,2,1,0,0,1,0,0,,Calle,,ROSARIO,Rosario,Asfalto,Natural,II,Dentro,Urbana,Ninguna,No existe,Intersección,Bueno,Buena,Diurna,Buen Tiempo,Lateral,S/D,Colisión,S/D,Faltante,Cordón divisorio,Sin restricción,error,"['Avenida Ovidio Lagos', 'Fernández Díaz']",2,error,,,,,,,,,,
2016,4837,2016-07-05,Martes,0.0,14:00:00,,0.0,2,"Moto/Ciclomotor,Automóvil",Av. Provincias Unidas Y J.J.Paso,2,1,0,0,1,0,0,,Calle,,ROSARIO,Rosario,Asfalto,S/D,II,S/D,S/D,S/D,S/D,Rotonda,Bueno,Buena,Diurna,Buen Tiempo,S/D,S/D,Colisión,S/D,S/D,S/D,S/D,error,"['Avenida Provincias Unidas', 'Paso']",2,error,,,,,,,,,,
2016,4887,2016-07-26,Martes,0.0,,,0.0,2,"Moto/Ciclomotor,Automóvil",Montevideo Y E.Zeballos,2,1,0,0,1,0,0,,Calle,,ROSARIO,Rosario,Asfalto,S/D,II,Dentro,Urbana,S/D,S/D,Intersección,S/D,S/D,S/D,S/D,S/D,S/D,Colisión,S/D,S/D,S/D,S/D,error,"['Montevideo', 'Zeballos']",2,error,,,,,,,,,,
2016,4917,2016-07-07,Jueves,0.0,8:00:00,,0.0,2,"Bicicleta,Automóvil",San Lorenzo Y Sarmiento,2,1,0,0,1,0,0,,Calle,,ROSARIO,Rosario,Asfalto,Pavimento,II,Dentro,Urbana,Ninguna,Funciona,Intersección,Bueno,Buena,Diurna,Buen Tiempo,S/D,Ciclista,Atropello,Ninguna,Vertical,Ninguna,Sin restricción,error,"['San Lorenzo', 'Sarmiento']",2,error,,,,,,,,,,
2016,4936,2016-07-24,Domingo,0.0,17:30:00,,0.0,2,"Moto/Ciclomotor,Automóvil",Balcarce Y Guemes,2,1,0,0,1,0,0,,Calle,,ROSARIO,Rosario,Asfalto,No existe,II,Dentro,Urbana,Ninguna,No existe,Recta,Bueno,Buena,Diurna,Buen Tiempo,De alcance,S/D,Colisión,Ninguna,Faltante,Ninguna,Sin restricción,error,"['Balcarce', 'Güemes']",2,error,,,,,,,,,,
2016,5032,2016-08-06,Sabado,0.0,16:30:00,,0.0,2,"Peatón,Moto/Ciclomotor", ,2,2,0,0,0,0,0,,Calle,,ROSARIO,Rosario,Asfalto,S/D,II,Dentro,Urbana,S/D,S/D,Intersección,S/D,S/D,Diurna,Buen Tiempo,S/D,Peatón,Atropello,S/D,S/D,S/D,S/D,,[''],0,,,,,,,,,,,
2016,5033,2016-08-09,Martes,0.0,22:00:00,,0.0,2,"Moto/Ciclomotor,Automóvil", ,2,1,0,0,0,0,1,,Calle,,ROSARIO,Rosario,Asfalto,S/D,II,Dentro,Urbana,S/D,S/D,Recta,S/D,S/D,Nocturna,S/D,S/D,S/D,Colisión,S/D,S/D,S/D,S/D,,[''],0,,,,,,,,,,,
2016,5034,2016-08-22,Lunes,0.0,16:30:00,,0.0,2,"Automóvil,Automóvil", ,2,1,0,0,1,0,0,,Calle,,ROSARIO,Rosario,Asfalto,S/D,II,Dentro,Urbana,S/D,S/D,Recta,S/D,S/D,Diurna,S/D,S/D,S/D,Colisión,S/D,S/D,S/D,S/D,,[''],0,,,,,,,,,,,
2016,5041,2016-08-04,Jueves,0.0,,,0.0,2,"Automóvil,Bicicleta",Huerta Grande Y Galvez,2,1,0,0,1,0,0,,Calle,,ROSARIO,Rosario,Asfalto,S/D,II,S/D,Urbana,S/D,S/D,Recta,Bueno,S/D,Diurna,S/D,S/D,Ciclista,Atropello,S/D,S/D,S/D,S/D,error,"['Huerta Grande', 'Galvez']",2,error,,,,,,,,,,
2016,5158,2016-06-06,Lunes,0.0,13:00:00,,0.0,2,"Automóvil,Moto/Ciclomotor",24 De Setiembre Y Ricchieri,3,2,0,0,1,0,0,,Calle,,ROSARIO,Rosario,Asfalto,No existe,II,Dentro,Urbana,Ninguna,No existe,Intersección,Bueno,Buena,Diurna,Buen Tiempo,Contra objeto fijo,S/D,Colisión,Ninguna,Faltante,Cordón divisorio,Sin restricción,error,"['24 de Septiembre', 'Ricchieri']",2,error,,,,,,,,,,
2016,5165,2016-07-21,Jueves,0.0,22:00:00,,0.0,2,"Moto/Ciclomotor,Automóvil",Bv. Oroño 5600,3,2,0,0,1,0,0,,Avenida,,ROSARIO,Rosario,Asfalto,No existe,II,S/D,Urbana,S/D,S/D,Intersección,S/D,Buena,Nocturna,S/D,Lateral,S/D,Colisión,S/D,S/D,S/D,S/D,no funciono,['Nicasio Oroñoño 5600'],1,Nicasio Oroñoño 5600,,,,,,,,,,
2016,5168,2016-07-23,Sabado,0.0,15:30:00,,0.0,2,"Automóvil,Moto/Ciclomotor",Bv. Oroño 6000,2,1,0,0,1,0,0,,S/D,,ROSARIO,Rosario,Asfalto,S/D,II,Dentro,Urbana,S/D,S/D,Otro,Bueno,Buena,Diurna,S/D,S/D,S/D,Colisión,S/D,S/D,S/D,S/D,no funciono,['Nicasio Oroñoño 6000'],1,Nicasio Oroñoño 6000,,,,,,,,,,
2016,5491,2016-07-07,Jueves,0.0,19:20:00,,0.0,2,"Moto/Ciclomotor,Camión Chasis",Av. Pte.Peron 7800,2,0,1,0,1,0,0,,Calle,,ROSARIO,Rosario,Asfalto,Natural,II,Dentro,Urbana,Ninguna,No existe,Recta,Bueno,Buena,Diurna,Buen Tiempo,De alcance,S/D,Colisión,S/D,S/D,Cordón divisorio,Sin restricción,no funciono,['Presidenteperon 7800'],1,Presidenteperon 7800,,,,,,,,,,
2016,5494,2016-07-04,Lunes,0.0,23:30:00,,0.0,2,"Automóvil,Automóvil",Av. Pte.Peron 7600,3,1,0,0,2,0,0,,Calle,,ROSARIO,Rosario,Asfalto,Natural,II,Dentro,Urbana,Semáforo,Funciona,Intersección,Bueno,Buena,Nocturna,Buen Tiempo,De alcance,S/D,Colisión,S/D,S/D,Cordón divisorio,Sin restricción,no funciono,['Presidenteperon 7600'],1,Presidenteperon 7600,,,,,,,,,,
2016,5528,2016-07-13,Miercoles,0.0,,,0.0,2,"Pickup/Utilitario,Otros",Bv. Wilde Y Cordoba,2,1,0,0,1,0,0,,Calle,,ROSARIO,Rosario,Asfalto,No existe,II,Dentro,Urbana,Ninguna,No existe,Rotonda,Bueno,Buena,Diurna,Buen Tiempo,Frontal,S/D,Colisión,Ninguna,Faltante,S/D,Sin restricción,error,"['Bulevar Wilde', 'Córdoba']",2,error,,,,,,,,,,
2016,5539,2016-07-25,Lunes,0.0,,,0.0,2,"Automóvil,Moto/Ciclomotor",Babbini Y Velez Sarsfield,2,1,0,0,1,0,0,,Calle,,ROSARIO,Rosario,Asfalto,No existe,II,Dentro,Urbana,Ninguna,No existe,Intersección,Bueno,Buena,Diurna,Buen Tiempo,Lateral,S/D,Colisión,S/D,Faltante,Ninguna,Sin restricción,error,"['Babbini', 'Vélez Sarsfield']",2,error,,,,,,,,,,
2016,5541,2016-12-01,Jueves,0.0,6:00:00,,0.0,2,"Automóvil,Moto/Ciclomotor",Av. Ovidio Lagos Y 26 de Agosto,3,1,0,0,2,0,0,,Calle,,ROSARIO,Rosario,Asfalto,Pavimento,II,Dentro,Urbana,Ninguna,No existe,Recta,Bueno,Buena,Diurna,Buen Tiempo,De alcance,S/D,Colisión,S/D,Faltante,Cordón divisorio,Sin restricción,error,"['Avenida Ovidio Lagos', '26 de Agosto']",2,error,,,,,,,,,,
2016,5622,2016-08-29,Lunes,0.0,21:00:00,,0.0,2,"Moto/Ciclomotor,Taxi/Remis", ,2,1,0,0,1,0,0,,Calle,,ROSARIO,Rosario,Asfalto,Natural,II,Dentro,Urbana,Ninguna,No existe,Intersección,Bueno,Buena,Nocturna,Buen Tiempo,Lateral,S/D,Colisión,S/D,Faltante,Ninguna,Sin restricción,,[''],0,,,,,,,,,,,
2016,5628,2016-08-15,Lunes,0.0,5:40:00,,0.0,2,"Moto/Ciclomotor,Automóvil",Av. Battle y Ordoñez Y Bv. Oroño,2,1,0,0,1,0,0,,Calle,,ROSARIO,Rosario,Asfalto,No existe,II,Dentro,Urbana,Semáforo,Funciona,Intersección,Bueno,Buena,"Nocturna,Con luz artificial",Buen Tiempo,Lateral,S/D,Colisión,S/D,Vertical,Cordón divisorio,Sin restricción,error,"['Avenida Battle y Ordoñez', 'Bulevar Nicasio Oroño']",2,error,,,,,,,,,,
2016,5800,2016-08-16,Martes,0.0,,,0.0,2,"Moto/Ciclomotor,Automóvil", ,2,1,0,0,1,0,0,,Calle,,ROSARIO,Rosario,Asfalto,S/D,II,Dentro,Urbana,S/D,S/D,Intersección,S/D,S/D,S/D,S/D,S/D,S/D,Colisión,S/D,S/D,S/D,S/D,,[''],0,,,,,,,,,,,
2016,5809,2016-08-12,Viernes,0.0,9:25:00,,0.0,2,"Automóvil,Automóvil",Av. Belgrano Y Tucuman,2,1,0,0,0,0,1,,Avenida,,ROSARIO,Rosario,Asfalto,Pavimento,II,Dentro,Urbana,Ninguna,Funciona,Intersección,Bueno,Buena,Diurna,Buen Tiempo,De alcance,S/D,Colisión,Ninguna,Vertical,Ninguna,Sin restricción,error,"['Belgrano', 'Tucumán']",2,error,,,,,,,,,,
2016,5813,2016-08-31,Miercoles,0.0,8:00:00,,0.0,2,"Moto/Ciclomotor,Automóvil",Av. Belgrano Y Tucuman,2,1,0,0,0,0,1,,Avenida,,ROSARIO,Rosario,Asfalto,Pavimento,II,S/D,Urbana,Ninguna,Funciona,Intersección,Bueno,S/D,Diurna,Buen Tiempo,De alcance,S/D,Atropello,S/D,Vertical,Ninguna,Sin restricción,error,"['Belgrano', 'Tucumán']",2,error,,,,,,,,,,
2016,5821,2016-08-18,Jueves,0.0,,,0.0,2,"Moto/Ciclomotor,Automóvil",Gorriti Y Cochabamba,2,0,0,0,0,0,2,,Calle,,ROSARIO,Rosario,Asfalto,No existe,II,Dentro,Urbana,Ninguna,No existe,Recta,Bueno,Buena,S/D,S/D,S/D,S/D,Colisión,S/D,Faltante,Ninguna,Sin restricción,error,"['Gorriti', 'Cochabamba']",2,error,,,,,,,,,,
2016,5838,2016-08-11,Jueves,0.0,12:30:00,,0.0,2,"Taxi/Remis,Automóvil",Bv. Oroño 1300,2,1,0,0,1,0,0,,Calle,,ROSARIO,Rosario,Asfalto,Pavimento,II,Dentro,Urbana,Ninguna,No existe,Recta,Bueno,Buena,Diurna,Buen Tiempo,Lateral,S/D,Colisión,Ninguna,S/D,Cordón divisorio,Sin restricción,no funciono,['Nicasio Oroñoño 1300'],1,Nicasio Oroñoño 1300,,,,,,,,,,
2016,5861,2016-08-21,Domingo,0.0,12:20:00,,0.0,2,"Automóvil,Moto/Ciclomotor",Sarmiento Y Ricardo Gutierrez,2,1,0,0,1,0,0,,Calle,,ROSARIO,Rosario,Asfalto,No existe,II,Dentro,Urbana,Ninguna,No existe,Intersección,Bueno,Buena,Diurna,Buen Tiempo,De alcance,S/D,Colisión,Ninguna,Faltante,Ninguna,Sin restricción,error,"['Sarmiento', 'Ricardo Gutierrez']",2,error,,,,,,,,,,
2016,5862,2016-08-30,Martes,0.0,14:00:00,,0.0,2,"Moto/Ciclomotor,Moto/Ciclomotor",INDEPENDENCIA  Y TOMAS DE LA TORRE,2,2,0,0,0,0,0,,Calle,,ROSARIO,Rosario,Hormigón,No existe,II,Dentro,Urbana,Ninguna,Intermitente,Intersección,Bueno,Buena,Diurna,Buen Tiempo,S/D,S/D,Colisión,Ninguna,Horizontal,Cordón divisorio,Sin restricción,error,"['Independencia', 'Tomás de la Torre']",2,error,,,,,,,,,,
2016,5870,2016-08-23,Martes,0.0,20:10:00,,0.0,2,"Moto/Ciclomotor,Moto/Ciclomotor",Av. Eudoro Carrasco Y Larrea,3,2,0,0,1,0,0,,Calle,,ROSARIO,Rosario,Asfalto,No existe,II,Dentro,Urbana,Ninguna,No existe,Recta,Bueno,Buena,Nocturna,Buen Tiempo,De alcance,S/D,Colisión,S/D,Faltante,Ninguna,S/D,error,"['Avenida Eudoro Carrasco', 'Larrea']",2,error,,,,,,,,,,
2016,5876,2016-08-18,Jueves,0.0,22:50:00,,0.0,2,"Automóvil,Moto/Ciclomotor",24 De Setiembre 1100,3,1,0,0,2,0,0,,Calle,,ROSARIO,Rosario,Asfalto,No existe,II,Dentro,Urbana,Ninguna,No existe,Recta,Bueno,Buena,Diurna,Buen Tiempo,Contra objeto fijo,S/D,Colisión,Ninguna,Faltante,Ninguna,Sin restricción,no funciono,['24 De Setiembre 1100'],1,24 De Setiembre 1100,,,,,,,,,,
2016,5908,2016-08-15,Lunes,0.0,15:15:00,,0.0,2,"Pickup/Utilitario,Bicicleta",Sarmiento Y Marcos Paz,2,1,0,0,1,0,0,,Calle,,ROSARIO,Rosario,Tierra,Natural,II,Dentro,Urbana,Ninguna,No existe,Intersección,Con baches,Buena,Diurna,Buen Tiempo,Frontal,Ciclista,Atropello,S/D,Faltante,Ninguna,Sin restricción,error,"['Sarmiento', 'Marcos Paz']",2,error,,,,,,,,,,
2016,5934,2016-08-28,Domingo,0.0,8:25:00,,0.0,1,Automóvil,Av. Circunvalacion Y Centeno,2,2,0,0,0,0,0,,Calle,,ROSARIO,Rosario,Asfalto,Pavimento,II,Dentro,Urbana,Ninguna,No existe,Recta,Bueno,Buena,Diurna,Buen Tiempo,S/D,S/D,Vuelco,S/D,Faltante,S/D,Sin restricción,error,"['Circunvalacion', 'Centeno']",2,error,,,,,,,,,,
2016,5937,2016-08-09,Martes,0.0,23:10:00,,0.0,2,"Automóvil,Moto/Ciclomotor",Bv. 27 De Febrero Y Bello,2,1,0,0,1,0,0,,Calle,,ROSARIO,Rosario,S/D,No existe,II,Dentro,Urbana,Ninguna,No existe,Intersección,S/D,Reducida,Nocturna,S/D,Lateral,S/D,Colisión,S/D,Faltante,Ninguna,Sin restricción,error,"['27 de Febrero', 'Bello']",2,error,,,,,,,,,,
2016,5952,2016-08-24,Miercoles,0.0,20:30:00,,0.0,2,"Bicicleta,Automóvil",Cordoba Y Pje. Cuba,2,1,0,0,1,0,0,,Calle,,ROSARIO,Rosario,Asfalto,S/D,II,Dentro,Urbana,S/D,S/D,Intersección,Bueno,Buena,Nocturna,S/D,Lateral,Ciclista,Atropello,S/D,S/D,S/D,Sin restricción,error,"['Córdoba', 'Cuba']",2,error,,,,,,,,,,
2016,5965,2016-08-17,Miercoles,0.0,,,0.0,2,"Automóvil,Otros",Av. Pte.Peron Y Bv. 27 De Febrero,2,0,0,0,0,0,2,,Calle,,ROSARIO,Rosario,S/D,S/D,II,Dentro,Urbana,Semáforo,Funciona,Intersección,S/D,S/D,S/D,S/D,S/D,S/D,Colisión,S/D,S/D,S/D,S/D,error,"['Avenida Presidente Perón', '27 de Febrero']",2,error,,,,,,,,,,
2016,5977,2016-08-04,Jueves,0.0,0:30:00,,0.0,2,"Moto/Ciclomotor,Moto/Ciclomotor",Nicolas Laguna Y Grandoli,2,2,0,0,0,0,0,,Calle,,ROSARIO,Rosario,Asfalto,No existe,II,Dentro,Urbana,Ninguna,No existe,Intersección,Deteriorada,Reducida,Nocturna,Buen Tiempo,Frontal,S/D,Colisión,S/D,Faltante,Ninguna,Sin restricción,error,"['Laguna', 'Avenida Abanderado Grandoli']",2,error,,,,,,,,,,
2016,5987,2016-09-05,Lunes,0.0,17:00:00,,0.0,2,"Automóvil,Automóvil",Oribe Bis Y Lavalle,2,1,0,0,1,0,0,,Calle,,ROSARIO,Rosario,Asfalto,No existe,II,Dentro,Urbana,Ninguna,No existe,Intersección,Bueno,Buena,Diurna,Buen Tiempo,S/D,S/D,Colisión,S/D,Faltante,Ninguna,Sin restricción,error,"['Oribe', 'Lavalle']",2,error,,,,,,,,,,
2016,6149,2016-05-30,Lunes,0.0,,,0.0,2,"Camión c / Acoplado,Camión c / Acoplado",Av. Uriburu Y Av. De Las Palmeras,2,2,0,0,0,0,0,,Calle,,ROSARIO,Rosario,S/D,S/D,II,Dentro,Urbana,S/D,S/D,S/D,S/D,S/D,S/D,S/D,Frontal,S/D,Colisión,S/D,S/D,S/D,S/D,error,"['Uriburu', 'Las Palmas']",2,error,,,,,,,,,,
2016,6157,2016-09-21,Miercoles,0.0,7:30:00,,0.0,2,"Moto/Ciclomotor,Otros",Av. Pellegrini Y Av. Circunvalacion,2,0,0,0,0,0,2,,Calle,,ROSARIO,Rosario,Asfalto,S/D,II,Dentro,Urbana,S/D,No existe,S/D,Bueno,Buena,Diurna,S/D,S/D,S/D,Colisión,Agua,Faltante,S/D,Sin restricción,error,"['Pellegrini', 'Circunvalacion']",2,error,,,,,,,,,,
2016,6174,2016-09-23,Viernes,0.0,17:00:00,,0.0,2,"Peatón,Automóvil",Pje. Pedro Depaoli 3500,2,1,0,0,1,0,0,,Calle,,ROSARIO,Rosario,Tierra,No existe,II,Dentro,Urbana,Ninguna,S/D,Recta,Deteriorada,Buena,Diurna,Buen Tiempo,S/D,S/D,Atropello,Ninguna,Faltante,Ninguna,Sin restricción,no funciono,['Pasaje Pedro Depaoli 3500'],1,Pasaje Pedro Depaoli 3500,,,,,,,,,,
2016,6182,2016-09-14,Miercoles,0.0,18:00:00,,0.0,2,"Moto/Ciclomotor,Automóvil",Leiva Y 20 de Junio,3,2,0,0,1,0,0,,Calle,,ROSARIO,Rosario,Asfalto,No existe,II,Dentro,Urbana,S/D,No existe,Intersección,Bueno,Buena,Atardecer,S/D,Lateral,S/D,Colisión,S/D,S/D,Ninguna,Sin restricción,error,"['Leiva', '20 de Junio']",2,error,,,,,,,,,,
2016,6205,2016-09-21,Miercoles,0.0,0:18:00,,0.0,2,"Moto/Ciclomotor,Automóvil", ,3,2,0,0,1,0,0,,Calle,,ROSARIO,Rosario,Asfalto,No existe,II,Dentro,Urbana,Ninguna,No existe,Intersección,Bueno,Buena,Nocturna,Buen Tiempo,De alcance,S/D,Colisión,Ninguna,Faltante,Ninguna,Sin restricción,,[''],0,,,,,,,,,,,
2016,6213,2016-09-25,Domingo,0.0,9:10:00,,0.0,2,"Automóvil,Automóvil",Av. Belgrano Y Cochabamba,2,2,0,0,0,0,0,,Calle,,ROSARIO,Rosario,Asfalto,No existe,II,Dentro,Urbana,Ninguna,No existe,Recta,Bueno,Buena,Diurna,Buen Tiempo,De alcance,S/D,Colisión,S/D,S/D,S/D,Sin restricción,error,"['Belgrano', 'Cochabamba']",2,error,,,,,,,,,,
2016,6218,2016-09-14,Miercoles,0.0,9:00:00,,0.0,2,"Moto/Ciclomotor,Automóvil",Pje. Wagner Y Superi,2,1,0,0,1,0,0,,Calle,,ROSARIO,Rosario,Asfalto,No existe,II,Dentro,Urbana,Señal Pare,No existe,Recta,Bueno,Buena,Diurna,Buen Tiempo,De alcance,S/D,Colisión,S/D,Horizontal,Ninguna,Sin restricción,error,"['Wagner', 'Superi']",2,error,,,,,,,,,,
2016,6219,2016-09-13,Martes,0.0,9:45:00,,0.0,2,"Automóvil,Automóvil",Agrelo Y Herrera,2,1,0,0,1,0,0,,Calle,,ROSARIO,Rosario,Asfalto,No existe,II,Dentro,Urbana,Ninguna,No existe,Recta,Bueno,Buena,Diurna,Buen Tiempo,De alcance,S/D,Colisión,S/D,Horizontal,Ninguna,Sin restricción,error,"['Agrela', 'Herrera']",2,error,,,,,,,,,,
2016,6223,2016-09-10,Sabado,0.0,14:30:00,,0.0,2,"Automóvil,Peatón",La Paz Y Luis Vila,2,1,0,0,1,0,0,,Calle,,ROSARIO,Rosario,Asfalto,No existe,II,Dentro,Urbana,Ninguna,No existe,Intersección,Bueno,Buena,Diurna,Buen Tiempo,S/D,Peatón,Atropello,S/D,Horizontal,Ninguna,Sin restricción,error,"['La Paz', 'Doctor Vila']",2,error,,,,,,,,,,
2016,6258,2016-09-03,Sabado,0.0,,,0.0,2,"Moto/Ciclomotor,Automóvil",Bv. Oroño 4000,2,1,0,0,1,0,0,,Calle,,ROSARIO,Rosario,Asfalto,No existe,II,Dentro,Urbana,Ninguna,No existe,Intersección,Bueno,Buena,Diurna,Buen Tiempo,De alcance,S/D,Colisión,S/D,Faltante,Ninguna,Sin restricción,no funciono,['Nicasio Oroñoño 4000'],1,Nicasio Oroñoño 4000,,,,,,,,,,
2016,6264,2016-09-28,Miercoles,0.0,12:00:00,,0.0,2,"Automóvil,Pickup/Utilitario",Cordoba Y Gutenberg,2,1,0,0,1,0,0,,Calle,,ROSARIO,Rosario,Asfalto,Pavimento,II,Dentro,Urbana,S/D,S/D,Intersección,S/D,S/D,Diurna,S/D,S/D,S/D,Colisión,S/D,S/D,Cordón divisorio,S/D,error,"['Córdoba', 'Gutenberg']",2,error,,,,,,,,,,
2016,6274,2016-09-23,Viernes,0.0,21:45:00,,0.0,2,"Taxi/Remis,Moto/Ciclomotor",Santiago Y San Juan De Luz,3,1,0,0,2,0,0,,Calle,,ROSARIO,Rosario,Asfalto,Pavimento,II,Dentro,Urbana,S/D,S/D,Intersección,S/D,S/D,Nocturna,S/D,S/D,S/D,Colisión,S/D,S/D,Cordón divisorio,S/D,error,"['Santiago', 'San Juan de Luz']",2,error,,,,,,,,,,
2016,6278,2016-09-22,Jueves,0.0,,,0.0,2,"Automóvil,Moto/Ciclomotor", ,2,1,0,0,1,0,0,,Calle,,ROSARIO,Rosario,Asfalto,Pavimento,II,Dentro,Urbana,S/D,S/D,Intersección,S/D,S/D,Diurna,S/D,S/D,S/D,Colisión,S/D,S/D,S/D,S/D,,[''],0,,,,,,,,,,,
2016,6282,2016-09-15,Jueves,0.0,9:25:00,,0.0,2,"Camión Chasis,Automóvil",Santiago Y San Juan De Luz,2,1,0,0,1,0,0,,Calle,,ROSARIO,Rosario,Asfalto,Pavimento,II,Dentro,Urbana,S/D,S/D,Intersección,Bueno,Buena,Diurna,S/D,S/D,S/D,Colisión,S/D,S/D,S/D,S/D,error,"['Santiago', 'San Juan de Luz']",2,error,,,,,,,,,,
2016,6311,2016-09-12,Lunes,0.0,9:00:00,,0.0,2,"Bicicleta,Otros",Cordoba Y Rioja,2,1,0,0,1,0,0,,Calle,,ROSARIO,Rosario,Asfalto,Pavimento,II,Dentro,Urbana,S/D,S/D,Intersección,Bueno,S/D,Diurna,S/D,S/D,Ciclista,Atropello,S/D,S/D,S/D,S/D,error,"['Córdoba', 'Rioja']",2,error,,,,,,,,,,
2016,6752,2016-09-26,Lunes,0.0,23:00:00,,0.0,1,Moto/Ciclomotor,Av. Pte.Peron 8200,1,1,0,0,0,0,0,,Avenida,,ROSARIO,Rosario,Asfalto,No existe,II,S/D,Urbana,Ninguna,No existe,Recta,Bueno,Buena,Con luz artificial,Buen Tiempo,S/D,S/D,Caída ocupante,Ninguna,Horizontal,Cordón divisorio,Sin restricción,no funciono,['Presidenteperon 8200'],1,Presidenteperon 8200,,,,,,,,,,
2016,6758,2016-09-22,Jueves,0.0,13:00:00,,0.0,2,"Automóvil,Moto/Ciclomotor",Av. Pte.Peron 7400,2,1,0,0,1,0,0,,Avenida,,ROSARIO,Rosario,Asfalto,No existe,II,S/D,Urbana,Ninguna,No existe,Intersección,Bueno,Buena,Diurna,Buen Tiempo,Lateral,S/D,Colisión,Ninguna,S/D,Cordón divisorio,Sin restricción,no funciono,['Presidenteperon 7400'],1,Presidenteperon 7400,,,,,,,,,,
2016,6759,2016-09-21,Miercoles,0.0,17:25:00,,0.0,2,"Pickup/Utilitario,Moto/Ciclomotor", ,2,1,0,0,1,0,0,,Calle,,ROSARIO,Rosario,Asfalto,No existe,II,Dentro,Urbana,Ninguna,No existe,Recta,Bueno,Buena,Diurna,Buen Tiempo,S/D,S/D,Colisión,Ninguna,Faltante,Ninguna,Sin restricción,,[''],0,,,,,,,,,,,
2016,6768,2016-09-20,Martes,0.0,7:30:00,,0.0,2,"Moto/Ciclomotor,Automóvil",Av. Alberdi Bis Y ,2,1,0,0,1,0,0,,Calle,,ROSARIO,Rosario,Asfalto,No existe,II,Dentro,Urbana,Ninguna,No existe,Paso a Nivel FFCC,Bueno,Buena,Diurna,Buen Tiempo,De alcance,S/D,Colisión,Ninguna,Vertical,Ninguna,Sin restricción,no funciono,['Alberdi Bis'],1,Alberdi Bis,,,,,,,,,,