anio_acci,nro_acci,fecha,desc_dia,fecha_aprox,hora_aprox,desc_ruta,km,cant_participantes,desc_participante,calle_avenida_km,total,heridos_leves,heridos_graves,heridos_gravisimos,ilesos,fallecidos,sin_datos,posicion_XY,desc_tipo_via,desc_ruta_ori,desc_loc,desc_dpto,desc_tipo_calzada,desc_tipo_banquina,desc_unidad_regional,desc_lugar_calzada,desc_zona,desc_prioridad,desc_estado_semaforo,desc_lugar_via,desc_estado_via,desc_estado_visibilidad,desc_luminosidad,desc_estado_clima,desc_tipo_colision,desc_tipo_atropello,desc_tipo_hecho,desc_pres_calzada,desc_senializacion,desc_separacion_via,desc_restriccion,forma_geocod,calle_lista,numero_calles,calles_osm,lat,lon,index_right,gid,fna,gna,nam,in1,fdc,sag
2016,6800,2016-09-19,Lunes,0.0,20:30:00,,0.0,2,"Automóvil,Moto/Ciclomotor",Bv. Rondeau Y Bv. Avellaneda,2,0,1,0,1,0,0,,Avenida,,ROSARIO,Rosario,Asfalto,Pavimento,II,Dentro,Urbana,Ninguna,No existe,Recta,Bueno,Buena,"Nocturna,Con luz artificial",Buen Tiempo,De alcance,S/D,Colisión,S/D,S/D,Vegetación,Sin restricción,error,"['Rondeau', 'Avellaneda']",2,error,,,,,,,,,,
2016,6831,2016-09-06,Martes,0.0,8:05:00,,0.0,2,"Moto/Ciclomotor,Automóvil",Av. Pte.Peron 8100,2,1,0,0,1,0,0,,Avenida,,ROSARIO,Rosario,Asfalto,No existe,II,Dentro,Urbana,Ninguna,No funciona,Recta,Bueno,Buena,Diurna,Buen Tiempo,Lateral,S/D,Colisión,S/D,Vertical,Cordón divisorio,Sin restricción,no funciono,['Presidenteperon 8100'],1,Presidenteperon 8100,,,,,,,,,,
2016,6881,2016-09-04,Domingo,0.0,16:00:00,,0.0,2,"Moto/Ciclomotor,Automóvil",Roullon Y Pje. Valdes,2,1,0,0,1,0,0,,Calle,,ROSARIO,Rosario,Asfalto,No existe,II,Dentro,Urbana,Ninguna,No existe,Intersección,Bueno,Buena,Diurna,Buen Tiempo,Lateral,S/D,Colisión,S/D,Faltante,Ninguna,Sin restricción,error,"['Alfredo Rouillón', 'Valdés']",2,error,,,,,,,,,,
2016,6883,2016-09-17,Sabado,0.0,8:00:00,,0.0,2,"Bicicleta,Camión",Garibaldi Y F.More,2,1,0,0,1,0,0,,Calle,,ROSARIO,Rosario,S/D,No existe,II,Dentro,Urbana,S/D,No existe,Intersección,Bueno,Buena,Diurna,Buen Tiempo,S/D,Ciclista,Atropello,Ninguna,Faltante,S/D,Sin restricción,error,"['José Garibaldi', 'Felipe Moré']",2,error,,,,,,,,,,
2016,7038,2016-10-31,Lunes,0.0,13:20:00,,0.0,2,"Transporte de Pasajeros (H/ 8 asientos),Moto/Ciclomotor",Av. De Las Palmeras Y Rivarola,3,2,0,0,1,0,0,,Calle,,ROSARIO,Rosario,Hormigón,No existe,II,Dentro,Urbana,Ninguna,No existe,Recta,Bueno,Buena,Diurna,Buen Tiempo,De alcance,S/D,Colisión,S/D,Faltante,Ninguna,Sin restricción,error,"['Las Palmas', 'Rivarola']",2,error,,,,,,,,,,
2016,7042,2016-10-24,Lunes,0.0,18:30:00,,0.0,2,"Automóvil,Moto/Ciclomotor",Rivarola Y Ferrarotti,3,1,0,0,2,0,0,,Calle,,ROSARIO,Rosario,Asfalto,No existe,II,Dentro,Urbana,Ninguna,No existe,Intersección,Con baches,Buena,Diurna,Buen Tiempo,Lateral,S/D,Colisión,S/D,S/D,Ninguna,Sin restricción,error,"['Rivarola', 'Ferrari']",2,error,,,,,,,,,,
2016,7055,2016-10-06,Jueves,0.0,9:40:00,,0.0,2,"Camión c / Acoplado,Moto/Ciclomotor",Av. Pte.Peron ,2,1,0,0,1,0,0,,Calle,,ROSARIO,Rosario,Asfalto,No existe,II,Dentro,Urbana,Ninguna,No existe,Intersección,Bueno,Buena,Diurna,Buen Tiempo,Lateral,S/D,Colisión,Ninguna,Faltante,Cordón divisorio,Sin restricción,no funciono,['Presidenteperon'],1,Presidenteperon,,,,,,,,,,
2016,7098,2016-10-18,Martes,0.0,17:10:00,,0.0,2,"Moto/Ciclomotor,Automóvil",Francia F Y Av. Eva Peron,2,2,0,0,0,0,0,,Calle,,ROSARIO,Rosario,Asfalto,S/D,II,Dentro,Urbana,S/D,S/D,Recta,Bueno,S/D,Diurna,S/D,S/D,S/D,Colisión,S/D,S/D,S/D,S/D,error,"['Avenida Francia', 'Avenida Eva Perón']",2,error,,,,,,,,,,
2016,7134,2016-10-13,Jueves,0.0,14:40:00,,0.0,4,"Automóvil,Camión,Camión,Automóvil",Av. Circunvalacion Y Bv. Oroño,5,1,0,0,4,0,0,,Calle,,ROSARIO,Rosario,Asfalto,S/D,II,Dentro,Urbana,Semáforo,S/D,Intersección,Bueno,Buena,Diurna,Buen Tiempo,"De alcance,Múltiple",S/D,Colisión,S/D,Vertical,Cordón divisorio,Sin restricción,error,"['Circunvalacion', 'Bulevar Nicasio Oroño']",2,error,,,,,,,,,,
2016,7136,2016-10-23,Domingo,0.0,4:00:00,,0.0,2,"Automóvil,Automóvil", ,2,1,0,0,1,0,0,,Calle,,ROSARIO,Rosario,Asfalto,Pavimento,II,Dentro,Urbana,Ninguna,No existe,Recta,Bueno,Buena,Nocturna,Buen Tiempo,Lateral,S/D,Colisión,S/D,Faltante,Cordón divisorio,Sin restricción,,[''],0,,,,,,,,,,,
2016,7138,2016-10-10,Lunes,0.0,15:45:00,,0.0,2,"Automóvil,Moto/Ciclomotor", ,3,2,0,0,1,0,0,,Calle,,ROSARIO,Rosario,Asfalto,Pavimento,II,S/D,Urbana,Ninguna,No existe,Intersección,Resbaladiza,Buena,Diurna,Lluvia,Lateral,S/D,Colisión,Agua,Faltante,Ninguna,Sin restricción,,[''],0,,,,,,,,,,,
2016,7145,2016-10-11,Martes,0.0,9:00:00,,0.0,2,"Automóvil,Automóvil", ,2,1,0,0,1,0,0,,Calle,,ROSARIO,Rosario,Asfalto,No existe,II,Dentro,Urbana,Ninguna,No existe,Intersección,Bueno,Buena,Diurna,Buen Tiempo,Lateral,S/D,Colisión,Ninguna,Faltante,Ninguna,Sin restricción,,[''],0,,,,,,,,,,,
2016,7150,2016-10-11,Martes,0.0,10:50:00,,0.0,2,"Automóvil,Moto/Ciclomotor",Santa Fe Y Anchorena,2,1,0,0,1,0,0,,Calle,,ROSARIO,Rosario,Asfalto,No existe,II,Dentro,Urbana,Semáforo,Funciona,Intersección,Bueno,Buena,Diurna,Buen Tiempo,De alcance,S/D,Colisión,Ninguna,Horizontal,Ninguna,Sin restricción,error,"['Santa Fe', 'Anchorena']",2,error,,,,,,,,,,
2016,7154,2016-10-11,Martes,0.0,13:30:00,,0.0,2,"Moto/Ciclomotor,Taxi/Remis",Sarmiento Y Uruguay,3,2,0,0,1,0,0,,Calle,,ROSARIO,Rosario,Asfalto,No existe,II,Dentro,Urbana,Ninguna,No existe,Intersección,Bueno,Buena,Diurna,Buen Tiempo,Lateral,S/D,Colisión,Ninguna,Faltante,Ninguna,Sin restricción,error,"['Sarmiento', 'Uruguay']",2,error,,,,,,,,,,
2016,7163,2016-10-08,Sabado,0.0,19:30:00,,0.0,2,"Moto/Ciclomotor,Automóvil",Mitre Y Ayolas,2,1,0,0,1,0,0,,Calle,,ROSARIO,Rosario,Asfalto,No existe,II,Dentro,Urbana,Ninguna,No existe,Intersección,Bueno,Buena,Atardecer,Buen Tiempo,Lateral,S/D,Colisión,Ninguna,Faltante,Ninguna,Sin restricción,error,"['Mitre', 'Ayolas']",2,error,,,,,,,,,,
2016,7664,2016-10-11,Martes,0.0,11:00:00,,0.0,2,"Bicicleta,Automóvil",Bv. Oroño 1000,3,1,0,0,2,0,0,,Calle,,ROSARIO,Rosario,Asfalto,Pavimento,II,Dentro,Urbana,Ninguna,No existe,Recta,Bueno,Buena,Diurna,Buen Tiempo,S/D,Ciclista,Atropello,S/D,Horizontal,Cordón divisorio,Sin restricción,no funciono,['Nicasio Oroñoño 1000'],1,Nicasio Oroñoño 1000,,,,,,,,,,
2016,7687,2016-10-19,Miercoles,0.0,17:15:00,,0.0,2,"Automóvil,Taxi/Remis",Artigas Y Agrelo,5,4,0,0,1,0,0,,Calle,,ROSARIO,Rosario,Asfalto,No existe,II,Dentro,Urbana,Ninguna,No existe,Intersección,Bueno,Buena,Diurna,Buen Tiempo,Lateral,S/D,Colisión,S/D,Horizontal,Ninguna,Sin restricción,error,"['Artigas', 'Agrela']",2,error,,,,,,,,,,
2016,7691,2016-10-31,Lunes,0.0,8:10:00,,0.0,2,"Automóvil,Automóvil",Agrelo Y Pedro Tuella Bis,2,2,0,0,0,0,0,,Calle,,ROSARIO,Rosario,Asfalto,No existe,II,Dentro,Urbana,Ninguna,No existe,Intersección,Bueno,Buena,Diurna,Buen Tiempo,Lateral,S/D,Colisión,S/D,S/D,Ninguna,Sin restricción,error,"['Agrela', 'Tuella']",2,error,,,,,,,,,,
2016,7783,2016-10-11,Martes,0.0,17:30:00,,0.0,3,"Automóvil,Automóvil,Automóvil",J.J.Paso Y Av. Provincias Unidas,3,1,0,0,2,0,0,,Calle,,ROSARIO,Rosario,Asfalto,No existe,II,Dentro,Urbana,Ninguna,No existe,Intersección,Bueno,Buena,Diurna,Buen Tiempo,Múltiple,S/D,Colisión,S/D,Horizontal,Ninguna,Sin restricción,error,"['Paso', 'Avenida Provincias Unidas']",2,error,,,,,,,,,,
2016,7969,2016-11-30,Miercoles,0.0,13:34:00,,0.0,2,"Peatón,Automóvil",Bv. Oroño 1200,2,1,0,0,1,0,0,,Calle,,ROSARIO,Rosario,Asfalto,Pavimento,II,Dentro,Urbana,Semáforo,Funciona,Cruce,Bueno,Buena,Diurna,Buen Tiempo,S/D,Peatón,Atropello,S/D,Vertical,Cordón divisorio,Sin restricción,no funciono,['Nicasio Oroñoño 1200'],1,Nicasio Oroñoño 1200,,,,,,,,,,
2016,7974,2016-11-05,Sabado,0.0,9:00:00,,0.0,2,"Automóvil,Peatón",Av. Belgrano Y Urquiza,2,1,0,0,1,0,0,,Avenida,,ROSARIO,Rosario,Asfalto,Pavimento,II,Dentro,Urbana,Ninguna,No funciona,Intersección,Bueno,Buena,Diurna,Buen Tiempo,S/D,Peatón,Atropello,Ninguna,Faltante,Ninguna,Sin restricción,error,"['Belgrano', 'Urquiza']",2,error,,,,,,,,,,
2016,7979,2016-11-22,Martes,0.0,14:40:00,,0.0,2,"Automóvil,Peatón",Sarmiento Y San Lorenzo,2,1,0,0,1,0,0,,Calle,,ROSARIO,Rosario,Asfalto,Pavimento,II,Dentro,Urbana,Ninguna,Funciona,Intersección,Bueno,Buena,Diurna,Buen Tiempo,S/D,Peatón,Atropello,Ninguna,Vertical,S/D,Sin restricción,error,"['Sarmiento', 'San Lorenzo']",2,error,,,,,,,,,,
2016,8021,2016-11-10,Jueves,0.0,12:00:00,,0.0,2,"Bicicleta,Automóvil",Bv. Oroño 700,2,1,0,0,1,0,0,,Calle,,ROSARIO,Rosario,Asfalto,Pavimento,II,Dentro,Urbana,Semáforo,Funciona,S/D,Bueno,Buena,Diurna,Buen Tiempo,Lateral,S/D,Colisión,Ninguna,Vertical,Cordón divisorio,Sin restricción,no funciono,['Nicasio Oroñoño 700'],1,Nicasio Oroñoño 700,,,,,,,,,,
2016,8026,2016-11-04,Viernes,0.0,8:00:00,,0.0,2,"Moto/Ciclomotor,Camión",San Martin Y Av. Battle y Ordoñez,2,1,0,0,1,0,0,,Calle,,ROSARIO,Rosario,Asfalto,No existe,II,Dentro,Urbana,Semáforo,Funciona,Rotonda,Bueno,Buena,Diurna,Buen Tiempo,S/D,S/D,Colisión,S/D,Faltante,Línea divisoria pintada,Sin restricción,error,"['San Martin', 'Avenida Battle y Ordoñez']",2,error,,,,,,,,,,
2016,8029,2016-11-02,Miercoles,0.0,20:30:00,,0.0,2,"Peatón,Automóvil",Bv. Oroño Y Av. Battle y Ordoñez,2,1,0,0,1,0,0,,S/D,,ROSARIO,Rosario,S/D,No existe,II,S/D,S/D,S/D,S/D,Recta,Bueno,S/D,Nocturna,S/D,S/D,Peatón,Atropello,S/D,S/D,S/D,S/D,error,"['Bulevar Nicasio Oroño', 'Avenida Battle y Ordoñez']",2,error,,,,,,,,,,
2016,8107,2016-11-04,Viernes,0.0,10:50:00,,0.0,2,"Moto/Ciclomotor,Automóvil",Av. Alberdi Bis Y ,3,2,0,0,1,0,0,,Avenida,,ROSARIO,Rosario,Asfalto,No existe,II,Dentro,Urbana,S/D,No existe,Intersección,Bueno,Buena,Diurna,Buen Tiempo,Lateral,S/D,Colisión,S/D,S/D,Barrera de hormigón,Sin restricción,no funciono,['Alberdi Bis'],1,Alberdi Bis,,,,,,,,,,
2016,8138,2016-11-01,Martes,0.0,,,0.0,2,"Automóvil,Bicicleta",Av. Pte.Peron 4400,2,1,0,0,1,0,0,,Avenida,,ROSARIO,Rosario,Asfalto,S/D,II,Dentro,Urbana,S/D,S/D,Recta,Bueno,Buena,S/D,Buen Tiempo,S/D,Ciclista,Atropello,Ninguna,S/D,S/D,S/D,no funciono,['Presidenteperon 4400'],1,Presidenteperon 4400,,,,,,,,,,
2016,8198,2016-11-11,Viernes,0.0,19:30:00,,0.0,2,"Moto/Ciclomotor,Automóvil",Galvez Y Ricchieri,2,1,0,0,1,0,0,,Calle,,ROSARIO,Rosario,Asfalto,No existe,II,Dentro,Urbana,Ninguna,No existe,Intersección,Bueno,S/D,Atardecer,Buen Tiempo,Lateral,S/D,Colisión,S/D,S/D,Ninguna,S/D,error,"['Galvez', 'Ricchieri']",2,error,,,,,,,,,,
2016,8228,2016-11-16,Miercoles,0.0,16:20:00,,0.0,2,"Bicicleta,Automóvil",L.N.Alem Y 1 de Mayo,2,1,0,0,1,0,0,,Calle,,ROSARIO,Rosario,Asfalto,No existe,II,Dentro,Urbana,Ninguna,No existe,Intersección,Bueno,Buena,Diurna,Buen Tiempo,S/D,Ciclista,Atropello,Ninguna,Faltante,Ninguna,Sin restricción,error,"['Alem', 'Primero de Mayo']",2,error,,,,,,,,,,
2016,8239,2016-11-25,Viernes,0.0,10:00:00,,0.0,2,"Automóvil,Moto/Ciclomotor",Av. Uriburu Y Pje. Barcelona,2,1,0,0,1,0,0,,Calle,,ROSARIO,Rosario,Asfalto,No existe,II,Dentro,Urbana,Ninguna,No existe,Intersección,Bueno,Buena,Diurna,Buen Tiempo,Lateral,S/D,Colisión,Ninguna,Faltante,Ninguna,Sin restricción,error,"['Uriburu', 'Barcelona']",2,error,,,,,,,,,,
2016,8268,2016-11-15,Martes,0.0,20:30:00,,0.0,2,"Moto/Ciclomotor,Automóvil",Av. Circunvalacion Y Av. Pellegrini,3,2,0,0,1,0,0,,Calle,,ROSARIO,Rosario,Asfalto,Pavimento,II,Dentro,Urbana,S/D,S/D,S/D,Bueno,Buena,Diurna,Buen Tiempo,Lateral,S/D,Colisión,S/D,S/D,S/D,Sin restricción,error,"['Circunvalacion', 'Pellegrini']",2,error,,,,,,,,,,
2016,8273,2016-11-04,Viernes,0.0,21:30:00,,0.0,2,"Moto/Ciclomotor,Automóvil",Av. Alberdi Bis Y J.M.de Rosas,2,1,0,0,1,0,0,,Calle,,ROSARIO,Rosario,S/D,S/D,II,Dentro,Urbana,S/D,S/D,Intersección,S/D,S/D,S/D,S/D,S/D,S/D,Colisión,S/D,S/D,S/D,S/D,error,"['Alberdi', 'De Rosas']",2,error,,,,,,,,,,
2016,8286,2016-11-21,Lunes,0.0,17:45:00,,0.0,2,"Bicicleta,Automóvil",Ayacucho Y Ricardo Gutierrez,2,1,0,0,1,0,0,,Calle,,ROSARIO,Rosario,Asfalto,No existe,II,Dentro,Urbana,Ninguna,No existe,Intersección,Bueno,Buena,Diurna,Otro,S/D,S/D,Atropello,S/D,S/D,Línea divisoria pintada,Sin restricción,error,"['Ayacucho', 'Ricardo Gutierrez']",2,error,,,,,,,,,,
2016,8288,2016-11-24,Jueves,0.0,18:30:00,,0.0,2,"Moto/Ciclomotor,Automóvil",Av. Arijon Y Levi,2,1,0,0,1,0,0,,Calle,,ROSARIO,Rosario,Asfalto,No existe,II,S/D,Rural,Semáforo,Funciona,Recta,Bueno,Buena,Diurna,Buen Tiempo,De alcance,S/D,Colisión,S/D,S/D,Ninguna,Sin restricción,error,"['Avenida Manuel Arijón', 'Levi']",2,error,,,,,,,,,,
2016,8290,2016-11-27,Domingo,0.0,15:00:00,,0.0,2,"Moto/Ciclomotor,Automóvil", ,4,2,1,0,1,0,0,,Calle,,ROSARIO,Rosario,Asfalto,No existe,II,Dentro,Urbana,Ninguna,No existe,Intersección,Bueno,Buena,Diurna,Buen Tiempo,Lateral,S/D,Colisión,S/D,Faltante,Línea divisoria pintada,Sin restricción,,[''],0,,,,,,,,,,,
2016,8291,2016-11-25,Viernes,0.0,17:00:00,,0.0,2,"Moto/Ciclomotor,Automóvil",Av. Pte.Peron ,3,3,0,0,0,0,0,,Calle,,ROSARIO,Rosario,Asfalto,Pavimento,II,Dentro,Urbana,Semáforo,Funciona,Recta,Bueno,Buena,Atardecer,Buen Tiempo,Lateral,S/D,Colisión,S/D,S/D,Ninguna,Sin restricción,no funciono,['Presidenteperon'],1,Presidenteperon,,,,,,,,,,
2016,8295,2016-11-29,Martes,0.0,8:15:00,,0.0,2,"Automóvil,Moto/Ciclomotor",Baigorria Y Rivadavia,3,1,0,0,2,0,0,,Calle,,ROSARIO,Rosario,Asfalto,S/D,II,Dentro,Urbana,Ninguna,S/D,Recta,Bueno,S/D,S/D,Buen Tiempo,De alcance,S/D,Colisión,S/D,Faltante,Barrera de hormigón,S/D,error,"['Baigorria', 'Rivadavia']",2,error,,,,,,,,,,
2016,8313,2016-11-19,Sabado,0.0,13:50:00,,0.0,2,"Automóvil,Automóvil",Av. Circunvalacion Y Centeno,2,1,0,0,0,0,1,,Avenida,,ROSARIO,Rosario,S/D,S/D,II,S/D,Urbana,S/D,S/D,S/D,S/D,S/D,S/D,S/D,Lateral,S/D,Colisión,S/D,S/D,S/D,S/D,error,"['Circunvalacion', 'Centeno']",2,error,,,,,,,,,,
2016,8986,2016-12-14,Miercoles,0.0,1:40:00,,0.0,2,"Transporte de Pasajeros Larga Distancia (> 8 asientos),Camión Chasis", ,2,1,0,0,1,0,0,,Calle,,ROSARIO,Rosario,Asfalto,No existe,II,Dentro,Urbana,Ninguna,No existe,Intersección,Otro,Reducida,Nocturna,Buen Tiempo,Frontal,S/D,Colisión,Otro,Faltante,Ninguna,Sin restricción,,[''],0,,,,,,,,,,,
2016,8989,2016-12-12,Lunes,0.0,11:30:00,,0.0,2,"Automóvil,Transporte de Pasajeros Urbano (> 8 asientos)",Rivarola Y J.Colombres,2,1,0,0,0,0,1,,Calle,,ROSARIO,Rosario,S/D,S/D,II,S/D,S/D,Ninguna,S/D,Intersección,S/D,Buena,Diurna,Buen Tiempo,Lateral,S/D,Colisión,S/D,S/D,S/D,Sin restricción,error,"['Rivarola', 'José Colombres']",2,error,,,,,,,,,,
2016,9000,2016-12-14,Miercoles,0.0,17:15:00,,0.0,1,Moto/Ciclomotor,Rivarola Y Av. Carlos Colombres,1,1,0,0,0,0,0,,Avenida,,ROSARIO,Rosario,Asfalto,No existe,II,S/D,Urbana,S/D,No existe,Recta,Bueno,S/D,Diurna,S/D,S/D,S/D,Vuelco,S/D,S/D,S/D,Sin restricción,error,"['Rivarola', 'José Colombres']",2,error,,,,,,,,,,
2016,9015,2016-12-11,Domingo,0.0,1:05:00,,0.0,2,"Bicicleta,Moto/Ciclomotor",Mendoza Y Av. Provincias Unidas,2,1,0,0,1,0,0,,Calle,,ROSARIO,Rosario,Asfalto,S/D,II,S/D,Urbana,S/D,S/D,Intersección,S/D,S/D,Nocturna,S/D,S/D,Ciclista,Atropello,S/D,S/D,S/D,S/D,error,"['Mendoza', 'Avenida Provincias Unidas']",2,error,,,,,,,,,,
2016,9025,2016-12-01,Jueves,0.0,14:05:00,,0.0,2,"Moto/Ciclomotor,Automóvil",Av. Ovidio Lagos Y 26 de Agosto,2,1,0,0,1,0,0,,Avenida,,ROSARIO,Rosario,Asfalto,No existe,II,Dentro,Urbana,Ninguna,No existe,Intersección,Bueno,Buena,Diurna,Buen Tiempo,Lateral,S/D,Colisión,Ninguna,Horizontal,Ninguna,Sin restricción,error,"['Avenida Ovidio Lagos', '26 de Agosto']",2,error,,,,,,,,,,
2016,9032,2016-12-26,Lunes,0.0,23:20:00,,0.0,2,"Moto/Ciclomotor,Automóvil",Av. Corrientes Y Madre Cabrini,3,1,0,0,2,0,0,,Calle,,ROSARIO,Rosario,Asfalto,No existe,II,Dentro,Urbana,Ninguna,No existe,Intersección,Bueno,Buena,Nocturna,Buen Tiempo,Lateral,S/D,Colisión,Ninguna,S/D,Ninguna,S/D,error,"['Corrientes', 'Madre Cabrini']",2,error,,,,,,,,,,
2016,9050,2016-12-08,Jueves,0.0,21:40:00,,0.0,2,"Otros,Automóvil",Av. Francia Y Av. Eva Peron,3,2,0,0,1,0,0,,Avenida,,ROSARIO,Rosario,Asfalto,No existe,II,Dentro,Urbana,Semáforo,Funciona,Recta,Bueno,Buena,Nocturna,Buen Tiempo,De alcance,S/D,Colisión,Ninguna,Vertical,Cordón divisorio,Sin restricción,error,"['Avenida Francia', 'Avenida Eva Perón']",2,error,,,,,,,,,,
2016,9062,2016-12-12,Lunes,0.0,18:35:00,,0.0,2,"Moto/Ciclomotor,Automóvil",24 De Setiembre 1400,2,1,0,0,1,0,0,,Calle,,ROSARIO,Rosario,Asfalto,No existe,II,Dentro,Urbana,Ninguna,No existe,Intersección,Bueno,Buena,Diurna,Buen Tiempo,Lateral,S/D,Colisión,Ninguna,Faltante,Ninguna,Sin restricción,no funciono,['24 De Setiembre 1400'],1,24 De Setiembre 1400,,,,,,,,,,
2016,9365,2016-12-27,Martes,0.0,20:00:00,,0.0,2,"Automóvil,Peatón",Av. Eva Peron Y Cafferata,2,1,0,0,1,0,0,,Avenida,,ROSARIO,Rosario,Asfalto,Pavimento,II,Dentro,Urbana,Semáforo,Funciona,Recta,Bueno,Buena,Nocturna,Buen Tiempo,S/D,Peatón,Atropello,Otro,Horizontal,Cordón divisorio,Sin restricción,error,"['Avenida Eva Perón', 'Cafferata']",2,error,,,,,,,,,,
2016,9366,2016-12-29,Jueves,0.0,19:00:00,,0.0,2,"Pickup/Utilitario,Automóvil",Bv. Wilde Y Av. Eva Peron,2,1,0,0,1,0,0,,Avenida,,ROSARIO,Rosario,S/D,S/D,II,Dentro,Urbana,S/D,S/D,S/D,S/D,S/D,Diurna,S/D,S/D,S/D,S/D,S/D,S/D,S/D,S/D,error,"['Bulevar Wilde', 'Avenida Eva Perón']",2,error,,,,,,,,,,
2016,9367,2016-12-17,Sabado,0.0,,,0.0,2,"Automóvil,Automóvil",Cordoba Y Sanchez de Loria,2,1,0,0,1,0,0,,S/D,,ROSARIO,Rosario,Asfalto,No existe,II,S/D,S/D,Semáforo,Funciona,Intersección,S/D,Buena,Diurna,Buen Tiempo,Frontal,S/D,Colisión,S/D,S/D,Cordón divisorio,Sin restricción,error,"['Córdoba', 'Sánchez de Loria']",2,error,,,,,,,,,,
2016,9368,2016-12-15,Jueves,0.0,,,0.0,2,"Automóvil,Moto/Ciclomotor", ,2,1,0,0,1,0,0,,Calle,,ROSARIO,Rosario,Asfalto,No existe,II,Dentro,Urbana,Ninguna,No existe,Intersección,Bueno,Buena,Diurna,Buen Tiempo,Lateral,S/D,Colisión,Ninguna,Faltante,Ninguna,Sin restricción,,[''],0,,,,,,,,,,,
2016,9388,2016-12-01,Jueves,0.0,18:00:00,,0.0,2,"Automóvil,Automóvil",Av. Alberdi Bis ,2,1,0,0,1,0,0,,Avenida,,ROSARIO,Rosario,Asfalto,S/D,II,Dentro,Urbana,Semáforo,S/D,Recta,S/D,Buena,Atardecer,Buen Tiempo,Lateral,S/D,Colisión,S/D,Horizontal,Barrera de hormigón,Sin restricción,no funciono,['Alberdi Bis'],1,Alberdi Bis,,,,,,,,,,
2016,9389,2016-12-03,Sabado,0.0,23:45:00,,0.0,2,"Automóvil,Moto/Ciclomotor", ,3,2,0,0,1,0,0,,Calle,,ROSARIO,Rosario,S/D,S/D,II,Dentro,Urbana,S/D,S/D,Intersección,S/D,Buena,Nocturna,Buen Tiempo,Lateral,S/D,Colisión,S/D,S/D,S/D,S/D,,[''],0,,,,,,,,,,,
2016,9390,2016-12-11,Domingo,0.0,10:00:00,,0.0,2,"Moto/Ciclomotor,Automóvil",Echeverria Bis ,2,1,0,0,1,0,0,,Calle,,ROSARIO,Rosario,Asfalto,S/D,II,Dentro,Urbana,S/D,S/D,Intersección,S/D,Buena,Diurna,Buen Tiempo,Lateral,S/D,Colisión,S/D,S/D,S/D,S/D,no funciono,['Echeverria Bis'],1,Echeverria Bis,,,,,,,,,,
2016,9433,2016-12-01,Jueves,0.0,11:00:00,,0.0,2,"Moto/Ciclomotor,Pickup/Utilitario",Luis Vila 1500,2,1,0,0,1,0,0,,Calle,,ROSARIO,Rosario,Asfalto,No existe,II,S/D,Urbana,Ninguna,No existe,Recta,Bueno,Buena,Diurna,Buen Tiempo,De alcance,S/D,Colisión,Ninguna,Horizontal,Ninguna,Sin restricción,no funciono,['Luis Vila 1500'],1,Luis Vila 1500,,,,,,,,,,
2016,9439,2016-12-12,Lunes,0.0,9:15:00,,0.0,1,Moto/Ciclomotor,Albert Sabin Y Av. Sorrento,2,1,0,0,1,0,0,,Avenida,,ROSARIO,Rosario,Asfalto,No existe,II,Dentro,Urbana,Ninguna,No existe,Recta,Bueno,Buena,Diurna,Buen Tiempo,Lateral,S/D,Colisión,Ninguna,Horizontal,Línea divisoria pintada,Sin restricción,error,"['Avenida Travesía Albert Sabin', 'Sorrento']",2,error,,,,,,,,,,
2016,9442,2016-12-07,Miercoles,0.0,18:00:00,,0.0,2,"Pickup/Utilitario,Moto/Ciclomotor",Pavon Y Sanchez de Thompson,2,1,0,0,1,0,0,,Calle,,ROSARIO,Rosario,Asfalto,Pavimento,II,Dentro,Urbana,Ninguna,No existe,Intersección,Bueno,Buena,Diurna,Buen Tiempo,Lateral,S/D,Colisión,Ninguna,S/D,Ninguna,S/D,error,"['Pavón', 'Sánchez de Thomson']",2,error,,,,,,,,,,
2016,9447,2016-12-03,Sabado,0.0,3:00:00,,0.0,2,"Automóvil,Moto/Ciclomotor",Av. Castro Barros Y Sanchez de Thompson,2,1,0,0,1,0,0,,Avenida,,ROSARIO,Rosario,Asfalto,Pavimento,II,Dentro,Urbana,Ninguna,No existe,Intersección,Bueno,Buena,"Nocturna,Con luz artificial",Buen Tiempo,Lateral,S/D,Colisión,Ninguna,Faltante,Ninguna,Sin restricción,error,"['Castro Barros', 'Sánchez de Thomson']",2,error,,,,,,,,,,
2016,9551,2016-12-22,Jueves,0.0,13:10:00,,0.0,2,"Automóvil,Moto/Ciclomotor",J.J.Paso Y Av. Provincias Unidas,4,2,1,0,1,0,0,,Calle,,ROSARIO,Rosario,Asfalto,No existe,II,Dentro,Urbana,Ninguna,No existe,Intersección,Bueno,Buena,Diurna,Buen Tiempo,Lateral,S/D,Colisión,S/D,Faltante,Cordón divisorio,Sin restricción,error,"['Paso', 'Avenida Provincias Unidas']",2,error,,,,,,,,,,
2016,9589,2016-07-02,Sabado,0.0,,,0.0,3,"Vehículo Oficial,Automóvil,Peatón",Chacabuco Y Necochea,3,1,0,0,2,0,0,,Calle,,ROSARIO,Rosario,S/D,S/D,II,Dentro,Urbana,S/D,S/D,S/D,S/D,S/D,Diurna,S/D,Múltiple,Peatón,Atropello,S/D,S/D,S/D,S/D,error,"['Chacabuco', 'Necochea']",2,error,,,,,,,,,,
2016,9653,2016-12-03,Sabado,0.0,15:10:00,,0.0,2,"Pickup/Utilitario,Moto/Ciclomotor", ,2,1,0,0,1,0,0,,Calle,,ROSARIO,Rosario,Asfalto,No existe,II,Dentro,Urbana,Otra Señal,No existe,Paso a Nivel FFCC,Bueno,Buena,Diurna,Buen Tiempo,Frontal,S/D,Colisión,Ninguna,Horizontal,Ninguna,Sin restricción,,[''],0,,,,,,,,,,,
2016,9663,2016-08-01,Lunes,0.0,,,0.0,3,"Pickup/Utilitario,Camión,Camión",Av. Pellegrini Y Av. Circunvalacion,3,1,0,0,2,0,0,,Calle,,ROSARIO,Rosario,S/D,S/D,II,Dentro,Urbana,S/D,S/D,S/D,S/D,S/D,S/D,S/D,Múltiple,S/D,Colisión,S/D,S/D,S/D,S/D,error,"['Pellegrini', 'Circunvalacion']",2,error,,,,,,,,,,
2016,9684,2016-08-24,Miercoles,0.0,,,0.0,2,"Automóvil,Automóvil", ,4,3,0,0,1,0,0,,S/D,,ROSARIO,Rosario,S/D,S/D,II,S/D,S/D,S/D,S/D,S/D,S/D,S/D,S/D,S/D,S/D,S/D,Colisión,S/D,S/D,S/D,S/D,,[''],0,,,,,,,,,,,
2016,9981,2016-12-02,Viernes,0.0,,,0.0,2,"Moto/Ciclomotor,Automóvil", ,2,0,1,0,1,0,0,,S/D,,ROSARIO,Rosario,S/D,S/D,II,S/D,S/D,S/D,S/D,S/D,S/D,S/D,S/D,S/D,S/D,S/D,Colisión,S/D,S/D,S/D,S/D,,[''],0,,,,,,,,,,,
2017,180,2017-01-21,Sabado,0.0,22:00:00,,0.0,2,"Automóvil,Moto/Ciclomotor",Cabildo Y Virasoro,2,1,0,0,1,0,0,,Calle,,ROSARIO,Rosario,Asfalto,S/D,II,Dentro,Urbana,S/D,No existe,Recta,Bueno,Buena,Nocturna,Buen Tiempo,Lateral,S/D,Colisión,S/D,S/D,S/D,S/D,error,"['Cabildo', 'Virasoro']",2,error,,,,,,,,,,
2017,197,2017-01-24,Martes,0.0,9:30:00,,0.0,2,"Bicicleta,Otros",Av. Pte.Peron 4200,2,1,0,0,1,0,0,,Calle,,ROSARIO,Rosario,Asfalto,S/D,II,Dentro,Urbana,Ninguna,No existe,Recta,Bueno,Buena,Diurna,Buen Tiempo,S/D,Ciclista,Atropello,S/D,S/D,S/D,Sin restricción,no funciono,['Presidenteperon 4200'],1,Presidenteperon 4200,,,,,,,,,,
2017,358,2017-01-06,Viernes,0.0,23:00:00,,0.0,2,"Moto/Ciclomotor,Automóvil",Callao Y Jujuy,2,1,0,0,1,0,0,,Calle,,ROSARIO,Rosario,Asfalto,No existe,II,S/D,Urbana,Ninguna,No existe,Recta,Bueno,Buena,Nocturna,Buen Tiempo,Otro,S/D,Colisión,Ninguna,Faltante,Ninguna,Sin restricción,error,"['Callao', 'Jujuy']",2,error,,,,,,,,,,