anio_acci,nro_acci,fecha,desc_dia,fecha_aprox,hora_aprox,desc_ruta,km,cant_participantes,desc_participante,calle_avenida_km,total,heridos_leves,heridos_graves,heridos_gravisimos,ilesos,fallecidos,sin_datos,posicion_XY,desc_tipo_via,desc_ruta_ori,desc_loc,desc_dpto,desc_tipo_calzada,desc_tipo_banquina,desc_unidad_regional,desc_lugar_calzada,desc_zona,desc_prioridad,desc_estado_semaforo,desc_lugar_via,desc_estado_via,desc_estado_visibilidad,desc_luminosidad,desc_estado_clima,desc_tipo_colision,desc_tipo_atropello,desc_tipo_hecho,desc_pres_calzada,desc_senializacion,desc_separacion_via,desc_restriccion,forma_geocod,calle_lista,numero_calles,calles_osm,lat,lon,index_right,gid,fna,gna,nam,in1,fdc,sag
2017,379,2017-01-13,Viernes,0.0,10:25:00,,0.0,2,"Camión,Moto/Ciclomotor",Callao Y Saavedra,2,1,0,0,1,0,0,,Calle,,ROSARIO,Rosario,S/D,S/D,II,Dentro,Urbana,S/D,S/D,Intersección,S/D,Buena,Diurna,Buen Tiempo,Lateral,S/D,Colisión,S/D,S/D,S/D,S/D,error,"['Callao', 'Saavedra']",2,error,,,,,,,,,,
2017,395,2017-01-27,Viernes,0.0,19:10:00,,0.0,2,"Bicicleta,Automóvil", ,2,1,0,0,1,0,0,,Calle,,ROSARIO,Rosario,S/D,No existe,II,S/D,Urbana,Ninguna,No existe,Recta,S/D,Buena,Diurna,S/D,S/D,Ciclista,Atropello,S/D,Faltante,Cordón divisorio,Sin restricción,,[''],0,,,,,,,,,,,
2017,398,2017-01-23,Lunes,0.0,16:42:00,,0.0,2,"Moto/Ciclomotor,Automóvil", ,2,1,0,0,1,0,0,,S/D,,ROSARIO,Rosario,S/D,No existe,II,S/D,S/D,Ninguna,No existe,Recta,S/D,Buena,Diurna,S/D,Lateral,S/D,Colisión,S/D,Faltante,Ninguna,Sin restricción,,[''],0,,,,,,,,,,,
2017,824,2017-02-17,Viernes,0.0,,,0.0,2,"Bicicleta,Automóvil",Pje. Dorado Y Pje. Chazarreta,2,1,0,0,1,0,0,,Calle,,ROSARIO,Rosario,Asfalto,Pavimento,II,Dentro,Urbana,Otra Señal,No existe,Recta,Bueno,S/D,S/D,Otro,Lateral,Ciclista,Atropello,Otro,Faltante,Ninguna,Sin restricción,error,"['Dorado', 'Chazarreta']",2,error,,,,,,,,,,
2017,849,2017-02-16,Jueves,0.0,3:00:00,,0.0,2,"Moto/Ciclomotor,Automóvil",Av. Caseros Bis Y Av. Francia,2,1,0,0,1,0,0,,Avenida,,ROSARIO,Rosario,Asfalto,No existe,II,S/D,Urbana,Semáforo,S/D,Intersección,Bueno,S/D,Nocturna,S/D,Lateral,S/D,Colisión,S/D,"Horizontal,Vertical",S/D,S/D,error,"['Caseros', 'Avenida Francia']",2,error,,,,,,,,,,
2017,851,2017-02-17,Viernes,0.0,10:30:00,,0.0,2,"Moto/Ciclomotor,Automóvil",AV. MONGSFELD Y AV. FRANCIA,3,2,0,0,1,0,0,,Avenida,,ROSARIO,Rosario,Asfalto,No existe,II,Dentro,Urbana,S/D,S/D,Intersección,Bueno,S/D,Diurna,S/D,S/D,S/D,Colisión,Ninguna,"Horizontal,Vertical",Cordón divisorio,Sin restricción,error,"['Mongsfeld', 'Avenida Francia']",2,error,,,,,,,,,,
2017,854,2017-02-24,Viernes,0.0,,,0.0,2,"Automóvil,Automóvil",Av. Eva Peron Y Bv. Wilde,2,2,0,0,0,0,0,,Avenida,,ROSARIO,Rosario,Asfalto,Pavimento,II,Dentro,Urbana,Señal Pare,Funciona,Intersección,S/D,S/D,S/D,S/D,De alcance,S/D,Colisión,S/D,S/D,Cordón divisorio,Sin restricción,error,"['Avenida Eva Perón', 'Bulevar Wilde']",2,error,,,,,,,,,,
2017,857,2017-02-20,Lunes,0.0,17:00:00,,0.0,2,"Moto/Ciclomotor,Automóvil", ,3,2,0,0,1,0,0,,S/D,,ROSARIO,Rosario,Asfalto,No existe,II,S/D,S/D,Ninguna,No existe,Curva,Bueno,Buena,Diurna,Buen Tiempo,Otro,S/D,Colisión,Otro,Faltante,Guardarrail,Sin restricción,,[''],0,,,,,,,,,,,
2017,861,2017-02-19,Domingo,0.0,17:30:00,,0.0,2,"Automóvil,Moto/Ciclomotor",Av. Eudoro Carrasco 4000,3,2,0,0,1,0,0,,Calle,,ROSARIO,Rosario,Asfalto,S/D,II,Dentro,Urbana,Ninguna,S/D,Recta,Bueno,Buena,Diurna,Otro,S/D,S/D,Colisión,Ninguna,S/D,Ninguna,S/D,no funciono,['Eudnicasio Oroño Carrasco 4000'],1,Eudnicasio Oroño Carrasco 4000,,,,,,,,,,
2017,866,2017-02-05,Domingo,0.0,20:10:00,,0.0,2,"Automóvil,Moto/Ciclomotor",Sarmiento Y Av. Provincias Unidas,2,1,0,0,1,0,0,,Avenida,,ROSARIO,Rosario,Asfalto,Natural,II,Dentro,Urbana,Señal Ceda el Paso,No existe,Rotonda,Bueno,Buena,Nocturna,S/D,S/D,S/D,Colisión,S/D,Vertical,S/D,S/D,error,"['Sarmiento', 'Avenida Provincias Unidas']",2,error,,,,,,,,,,
2017,874,2017-02-24,Viernes,0.0,8:00:00,,0.0,2,"Automóvil,Moto/Ciclomotor",Albert Sabin Y Lavalle,3,2,0,0,1,0,0,,Calle,,ROSARIO,Rosario,S/D,No existe,II,Dentro,Urbana,Ninguna,No existe,Intersección,S/D,Buena,Diurna,Buen Tiempo,Lateral,S/D,Colisión,S/D,"Horizontal,Vertical",Ninguna,S/D,error,"['Avenida Travesía Albert Sabin', 'Lavalle']",2,error,,,,,,,,,,
2017,901,2017-02-06,Lunes,0.0,18:30:00,,0.0,2,"Automóvil,Camión Chasis",Pje. Riachuelo 1479,2,1,0,0,1,0,0,,Calle,,ROSARIO,Rosario,Asfalto,No existe,II,Dentro,Urbana,Ninguna,No existe,Recta,Bueno,Buena,Atardecer,Buen Tiempo,De alcance,S/D,Colisión,Ninguna,Faltante,Ninguna,S/D,no funciono,['Pasaje Riachuelo 1479'],1,Pasaje Riachuelo 1479,,,,,,,,,,
2017,913,2017-02-03,Viernes,0.0,11:10:00,,0.0,2,"Moto/Ciclomotor,Automóvil",Bv. Oroño 5400,2,1,0,0,1,0,0,,Avenida,,ROSARIO,Rosario,Asfalto,No existe,II,Dentro,Urbana,Semáforo,Funciona,Intersección,Bueno,Buena,Diurna,Buen Tiempo,Lateral,S/D,Colisión,Ninguna,Vertical,Cordón divisorio,Sin restricción,no funciono,['Nicasio Oroñoño 5400'],1,Nicasio Oroñoño 5400,,,,,,,,,,
2017,915,2017-02-07,Martes,0.0,9:15:00,,0.0,2,"Moto/Ciclomotor,Moto/Ciclomotor",Av. Provincias Unidas Y Sarmiento,2,1,0,0,1,0,0,,Avenida,,ROSARIO,Rosario,Asfalto,S/D,II,Dentro,Urbana,Señal Pare,S/D,Intersección,Bueno,Buena,Diurna,Buen Tiempo,Otro,S/D,Colisión,Otro,Vertical,Guardarrail,Sin restricción,error,"['Avenida Provincias Unidas', 'Sarmiento']",2,error,,,,,,,,,,
2017,916,2017-02-20,Lunes,0.0,,,0.0,2,"Moto/Ciclomotor,Automóvil", ,2,1,0,0,1,0,0,,S/D,,ROSARIO,Rosario,Asfalto,No existe,II,S/D,S/D,Ninguna,No existe,Recta,Bueno,Buena,Diurna,Buen Tiempo,S/D,S/D,Colisión,Otro,Faltante,Cordón divisorio,Sin restricción,,[''],0,,,,,,,,,,,
2017,920,2017-02-20,Lunes,0.0,19:45:00,,0.0,2,"Automóvil,Camión", ,2,1,0,0,1,0,0,,S/D,,ROSARIO,Rosario,Asfalto,No existe,II,Dentro,Urbana,Semáforo,Funciona,Recta,Bueno,Buena,Diurna,Buen Tiempo,De alcance,S/D,Colisión,Ninguna,Vertical,Cordón divisorio,Sin restricción,,[''],0,,,,,,,,,,,
2017,921,2017-02-20,Lunes,0.0,17:15:00,,0.0,2,"Automóvil,Automóvil",Bv. Oroño 6000,2,1,0,0,1,0,0,,Calle,,ROSARIO,Rosario,Asfalto,No existe,II,Dentro,Urbana,Semáforo,Funciona,Intersección,Bueno,Buena,Diurna,Buen Tiempo,De alcance,S/D,Colisión,Ninguna,Vertical,Cordón divisorio,Sin restricción,no funciono,['Nicasio Oroñoño 6000'],1,Nicasio Oroñoño 6000,,,,,,,,,,
2017,933,2017-02-15,Miercoles,0.0,12:40:00,,0.0,2,"Moto/Ciclomotor,Pickup/Utilitario",Pte.Roca 1600,2,1,0,0,1,0,0,,Calle,,ROSARIO,Rosario,Asfalto,Pavimento,II,Dentro,Urbana,Ninguna,S/D,Intersección,Bueno,Buena,Diurna,Buen Tiempo,S/D,S/D,Colisión,Ninguna,Horizontal,Cordón divisorio,Sin restricción,no funciono,['Presidenteroca 1600'],1,Presidenteroca 1600,,,,,,,,,,
2017,941,2017-02-17,Viernes,0.0,8:00:00,,0.0,2,"Automóvil,Taxi/Remis",Av. Belgrano Y Urquiza,2,1,0,0,1,0,0,,Avenida,,ROSARIO,Rosario,Asfalto,No existe,II,Dentro,Urbana,Ninguna,No existe,Intersección,Bueno,Buena,Diurna,Buen Tiempo,De alcance,S/D,Colisión,Ninguna,Faltante,Ninguna,Sin restricción,error,"['Belgrano', 'Urquiza']",2,error,,,,,,,,,,
2017,943,2017-02-06,Lunes,0.0,17:00:00,,0.0,2,"Automóvil,Moto/Ciclomotor",Av. E.Lopez 2300,2,1,0,0,1,0,0,,Avenida,,ROSARIO,Rosario,Asfalto,No existe,II,Dentro,Urbana,Señal Pare,S/D,Recta,Bueno,Buena,Diurna,Buen Tiempo,De alcance,S/D,Colisión,Ninguna,Vertical,Ninguna,Sin restricción,no funciono,['E Lopez 2300'],1,E Lopez 2300,,,,,,,,,,
2017,991,2017-02-23,Jueves,0.0,11:00:00,,0.0,3,"Automóvil,Automóvil,Automóvil",Santiago Y Olegario V.Andrade,3,1,0,0,2,0,0,,Calle,,ROSARIO,Rosario,Asfalto,No existe,II,Dentro,Urbana,Ninguna,No existe,Intersección,Bueno,Buena,Diurna,Buen Tiempo,Múltiple,S/D,Colisión,Ninguna,Faltante,Ninguna,Sin restricción,error,"['Santiago', 'Olegario V Andrade']",2,error,,,,,,,,,,
2017,993,2017-02-04,Sabado,0.0,12:50:00,,0.0,2,"Automóvil,Automóvil",Pje. Nicolorich Y Balcarce,4,1,0,0,3,0,0,,Calle,,ROSARIO,Rosario,Asfalto,No existe,II,Dentro,Urbana,Ninguna,No existe,Intersección,Resbaladiza,Buena,Diurna,Lluvia,Lateral,S/D,Colisión,Agua,Faltante,Ninguna,Sin restricción,error,"['Nicolorich', 'Balcarce']",2,error,,,,,,,,,,
2017,1085,2017-02-24,Viernes,0.0,10:40:00,,0.0,2,"Automóvil,Automóvil",Ricardo Gutierrez Y Mitre,3,2,0,0,1,0,0,,Calle,,ROSARIO,Rosario,Asfalto,No existe,II,Dentro,Urbana,Ninguna,No existe,Intersección,Bueno,Buena,Diurna,Buen Tiempo,Lateral,S/D,Colisión,Ninguna,Faltante,Ninguna,Sin restricción,error,"['Ricardo Gutierrez', 'Mitre']",2,error,,,,,,,,,,
2017,1117,2017-03-02,Jueves,0.0,10:00:00,,0.0,2,"Peatón,Transporte de Pasajeros Urbano (> 8 asientos)",San Martin Y Av. Battle y Ordoñez,2,1,0,0,1,0,0,,Avenida,,ROSARIO,Rosario,Asfalto,No existe,II,Dentro,Urbana,Semáforo,Funciona,Intersección,Bueno,S/D,Diurna,Buen Tiempo,S/D,Peatón,Atropello,Ninguna,Vertical,Ninguna,S/D,error,"['San Martin', 'Avenida Battle y Ordoñez']",2,error,,,,,,,,,,
2017,1127,2017-02-23,Jueves,0.0,19:00:00,,0.0,2,"Moto/Ciclomotor,Automóvil",Liniers Y Garzon,2,1,0,0,1,0,0,,Calle,,ROSARIO,Rosario,Asfalto,No existe,II,Dentro,Urbana,Ninguna,No existe,Intersección,Bueno,Buena,Atardecer,S/D,Lateral,S/D,Colisión,Ninguna,Faltante,Ninguna,Sin restricción,error,"['Liniers', 'Garzón']",2,error,,,,,,,,,,
2017,1144,2017-02-12,Domingo,0.0,11:50:00,,0.0,2,"Automóvil,Moto/Ciclomotor",Cochabamba Y Ituzaingo,2,1,0,0,1,0,0,,S/D,,ROSARIO,Rosario,Hormigón,No existe,II,Dentro,Urbana,Ninguna,S/D,Intersección,Bueno,Buena,Diurna,Buen Tiempo,S/D,S/D,Colisión,Ninguna,S/D,Ninguna,S/D,error,"['Cochabamba', 'Ituzaingó']",2,error,,,,,,,,,,
2017,1159,2017-03-26,Domingo,0.0,,,0.0,1,Moto/Ciclomotor,Donado Y Brandsen,1,1,0,0,0,0,0,,Calle,,ROSARIO,Rosario,Asfalto,Pavimento,II,Dentro,Urbana,S/D,No existe,Recta,Bueno,S/D,S/D,S/D,Contra objeto fijo,S/D,Colisión,Otro,Horizontal,Línea divisoria pintada,Sin restricción,error,"['Donado', 'Brandsen']",2,error,,,,,,,,,,
2017,1171,2017-03-03,Viernes,0.0,1:00:00,,0.0,2,"Taxi/Remis,Automóvil",Guemes Y Ricchieri,2,1,0,0,1,0,0,,Calle,,ROSARIO,Rosario,Asfalto,No existe,II,S/D,Urbana,Ninguna,No existe,Recta,Bueno,S/D,Nocturna,Buen Tiempo,Múltiple,S/D,Colisión,Ninguna,S/D,Ninguna,Sin restricción,error,"['Güemes', 'Ricchieri']",2,error,,,,,,,,,,
2017,1189,2017-03-17,Viernes,0.0,9:20:00,,0.0,2,"Automóvil,Moto/Ciclomotor", ,2,1,1,0,0,0,0,,Calle,,ROSARIO,Rosario,Asfalto,S/D,II,S/D,Urbana,Ninguna,S/D,S/D,Otro,S/D,Diurna,S/D,S/D,S/D,Colisión,S/D,S/D,S/D,S/D,,[''],0,,,,,,,,,,,
2017,1220,2017-03-28,Martes,0.0,9:20:00,,0.0,2,"Moto/Ciclomotor,Automóvil",Ricardo Gutierrez Y Risso,2,1,0,0,1,0,0,,Calle,,ROSARIO,Rosario,Asfalto,No existe,II,Dentro,Urbana,Ninguna,No existe,Intersección,Bueno,Buena,Diurna,Buen Tiempo,Lateral,S/D,Colisión,Ninguna,S/D,Ninguna,Sin restricción,error,"['Ricardo Gutierrez', 'Risso']",2,error,,,,,,,,,,
2017,1246,2017-03-14,Martes,0.0,7:45:00,,0.0,2,"Automóvil,Moto/Ciclomotor",Bv. Oroño 1800,2,1,0,0,1,0,0,,Avenida,,ROSARIO,Rosario,Asfalto,S/D,II,Dentro,Urbana,Señal Ceda el Paso,No existe,Intersección,Bueno,Buena,Diurna,Buen Tiempo,Lateral,S/D,Colisión,Ninguna,Vertical,Cordón divisorio,S/D,no funciono,['Nicasio Oroñoño 1800'],1,Nicasio Oroñoño 1800,,,,,,,,,,
2017,1275,2017-03-13,Lunes,0.0,18:00:00,,0.0,2,"Automóvil,Moto/Ciclomotor", ,2,1,0,0,0,0,1,,S/D,,ROSARIO,Rosario,S/D,S/D,II,S/D,S/D,S/D,S/D,S/D,S/D,S/D,Diurna,S/D,S/D,S/D,Colisión,S/D,S/D,S/D,S/D,,[''],0,,,,,,,,,,,
2017,1332,2017-03-01,Miercoles,1.0,,,0.0,2,"Moto/Ciclomotor,Pickup/Utilitario", ,2,1,0,0,0,0,1,,Calle,,ROSARIO,Rosario,S/D,S/D,II,Dentro,Urbana,S/D,S/D,S/D,S/D,S/D,S/D,S/D,S/D,S/D,Colisión,S/D,S/D,S/D,S/D,,[''],0,,,,,,,,,,,
2017,1340,2017-03-16,Jueves,0.0,16:20:00,,0.0,2,"Bicicleta,Automóvil",Salta Y Alvear,2,1,0,0,1,0,0,,Calle,,ROSARIO,Rosario,Asfalto,No existe,II,Dentro,Urbana,Otra Señal,Funciona,Intersección,Bueno,Buena,Diurna,Buen Tiempo,S/D,Ciclista,Atropello,Ninguna,Vertical,Línea divisoria pintada,Sin restricción,error,"['Salta', 'Alvear']",2,error,,,,,,,,,,
2017,1351,2017-03-03,Viernes,0.0,12:30:00,,0.0,2,"Automóvil,Automóvil",Jujuy Y Ricchieri,3,1,0,0,2,0,0,,Calle,,ROSARIO,Rosario,Asfalto,No existe,II,S/D,Urbana,Ninguna,S/D,Recta,Bueno,Buena,Diurna,Buen Tiempo,Múltiple,S/D,Colisión,Ninguna,S/D,Ninguna,Sin restricción,error,"['Jujuy', 'Ricchieri']",2,error,,,,,,,,,,
2017,1372,2017-03-01,Miercoles,0.0,13:40:00,,0.0,2,"Automóvil,Automóvil",Av. Wheelwright Y Av. Corrientes,3,1,0,0,2,0,0,,Avenida,,ROSARIO,Rosario,Hormigón,Pavimento,II,Dentro,Urbana,Semáforo,Funciona,Intersección,Bueno,Buena,Diurna,Buen Tiempo,Frontal,S/D,Colisión,Ninguna,Vertical,Ninguna,Sin restricción,error,"['Avenida Guillermo Wheelwright', 'Corrientes']",2,error,,,,,,,,,,
2017,1430,2017-03-26,Domingo,0.0,7:45:00,,0.0,2,"Automóvil,Automóvil",Ing.Thedy Bis ,7,7,0,0,0,0,0,,Calle,,ROSARIO,Rosario,Asfalto,S/D,II,Dentro,Urbana,S/D,S/D,S/D,S/D,S/D,Diurna,S/D,S/D,S/D,Colisión,S/D,S/D,S/D,S/D,no funciono,['Ing Thedy Bis'],1,Ing Thedy Bis,,,,,,,,,,
2017,1544,2017-03-02,Jueves,0.0,14:00:00,,0.0,2,"Moto/Ciclomotor,Automóvil",J.J.Paso Y Victor Mercante,3,2,0,0,1,0,0,,Calle,,ROSARIO,Rosario,Asfalto,S/D,II,Dentro,Urbana,Ninguna,S/D,Intersección,Bueno,Buena,Diurna,Buen Tiempo,Lateral,S/D,Colisión,Ninguna,S/D,Ninguna,S/D,error,"['Paso', 'Víctor Mercante']",2,error,,,,,,,,,,
2017,1548,2017-03-23,Jueves,0.0,0:55:00,,0.0,2,"Automóvil,Moto/Ciclomotor",Bv. Rondeau Y Pintor Musto,3,2,0,0,1,0,0,,Avenida,,ROSARIO,Rosario,Asfalto,S/D,II,Dentro,Urbana,Ninguna,S/D,Intersección,Bueno,Buena,Nocturna,Buen Tiempo,Lateral,S/D,Colisión,Ninguna,S/D,Ninguna,Sin restricción,error,"['Rondeau', 'Pintor Musto']",2,error,,,,,,,,,,
2017,1849,2017-04-07,Viernes,0.0,11:20:00,,0.0,2,"Pickup/Utilitario,Moto/Ciclomotor", ,2,1,0,0,1,0,0,,Calle,,ROSARIO,Rosario,Asfalto,No existe,II,Dentro,Urbana,Ninguna,S/D,Intersección,Bueno,Buena,Diurna,Buen Tiempo,Lateral,S/D,Colisión,Ninguna,Faltante,Barrera de hormigón,Sin restricción,,[''],0,,,,,,,,,,,
2017,1860,2017-04-28,Viernes,0.0,9:50:00,,0.0,2,"Moto/Ciclomotor,Automóvil",San Lorenzo Y Saavedra,2,1,0,0,1,0,0,,Calle,,ROSARIO,Rosario,S/D,No existe,II,Dentro,Urbana,Ninguna,No existe,Recta,Bueno,Buena,Diurna,Buen Tiempo,S/D,S/D,Colisión,Ninguna,Faltante,Ninguna,Sin restricción,error,"['San Lorenzo', 'Saavedra']",2,error,,,,,,,,,,
2017,1865,2017-04-27,Jueves,0.0,21:00:00,,0.0,1,Moto/Ciclomotor,Pte.Roca 1600,2,1,0,0,1,0,0,,Calle,,ROSARIO,Rosario,Asfalto,Pavimento,II,Dentro,Urbana,Ninguna,No existe,Recta,Bueno,Buena,Nocturna,Buen Tiempo,Contra objeto fijo,S/D,Colisión,Ninguna,Horizontal,Ninguna,S/D,no funciono,['Presidenteroca 1600'],1,Presidenteroca 1600,,,,,,,,,,
2017,1867,2017-04-28,Viernes,0.0,15:00:00,,0.0,2,"Automóvil,Moto/Ciclomotor",Bv. Oroño 1200,2,1,0,0,1,0,0,,Avenida,,ROSARIO,Rosario,Asfalto,Pavimento,II,Dentro,Urbana,Ninguna,No existe,Recta,Bueno,Buena,Diurna,Buen Tiempo,Lateral,S/D,Colisión,Ninguna,Horizontal,Cordón divisorio,Sin restricción,no funciono,['Nicasio Oroñoño 1200'],1,Nicasio Oroñoño 1200,,,,,,,,,,
2017,1870,2017-04-05,Miercoles,0.0,21:30:00,,0.0,2,"Automóvil,Bicicleta", ,2,0,1,0,1,0,0,,Calle,,ROSARIO,Rosario,Asfalto,Pavimento,II,Dentro,Urbana,Semáforo,Funciona,Intersección,Bueno,Buena,Atardecer,Buen Tiempo,S/D,Ciclista,Atropello,Ninguna,Vertical,Guardarrail,Sin restricción,,[''],0,,,,,,,,,,,
2017,1880,2017-04-27,Jueves,0.0,11:30:00,,0.0,2,"Pickup/Utilitario,Moto/Ciclomotor",Pte.Roca ,2,0,1,0,1,0,0,,Calle,,ROSARIO,Rosario,Asfalto,No existe,II,Dentro,Urbana,Ninguna,Funciona,Intersección,Bueno,Buena,Diurna,Buen Tiempo,De alcance,S/D,Colisión,Ninguna,Vertical,Ninguna,Sin restricción,no funciono,['Presidenteroca'],1,Presidenteroca,,,,,,,,,,
2017,1902,2017-04-11,Martes,0.0,4:30:00,,0.0,1,Automóvil,Echeverria Bis Y Pje. Franklin,1,0,0,0,0,0,1,,Calle,,ROSARIO,Rosario,S/D,S/D,II,Dentro,Urbana,S/D,S/D,S/D,S/D,Buena,Nocturna,S/D,S/D,S/D,Incendio,S/D,S/D,S/D,S/D,error,"['Echeverría', 'Franklin']",2,error,,,,,,,,,,
2017,1906,2017-04-30,Domingo,0.0,8:15:00,,0.0,2,"Automóvil,Automóvil",R.de Escalada Y Av. Francia,2,1,0,0,1,0,0,,Calle,,ROSARIO,Rosario,Asfalto,S/D,II,Dentro,Urbana,Semáforo,Funciona,Intersección,Bueno,Buena,Diurna,Buen Tiempo,S/D,S/D,Colisión,Ninguna,Vertical,S/D,Sin restricción,error,"['Remedios de Escalada', 'Avenida Francia']",2,error,,,,,,,,,,
2017,1927,2017-04-29,Sabado,0.0,0:40:00,,0.0,2,"Moto/Ciclomotor,Automóvil",Dr.Rivas Y Ricchieri,2,1,0,0,1,0,0,,Calle,,ROSARIO,Rosario,Asfalto,No existe,II,Dentro,Urbana,Ninguna,No existe,Intersección,Bueno,Buena,"Nocturna,Con luz artificial",Buen Tiempo,Lateral,S/D,Colisión,Ninguna,S/D,Ninguna,Sin restricción,error,"['Doctor Francisco Riva', 'Ricchieri']",2,error,,,,,,,,,,
2017,1949,2017-03-01,Miercoles,1.0,,,0.0,2,"Automóvil,Moto/Ciclomotor", ,2,0,0,0,0,0,2,,Calle,,ROSARIO,Rosario,S/D,S/D,II,Dentro,Urbana,S/D,S/D,S/D,S/D,S/D,S/D,S/D,S/D,S/D,Colisión,S/D,S/D,S/D,S/D,,[''],0,,,,,,,,,,,
2017,1950,2017-03-01,Miercoles,1.0,,,0.0,2,"Automóvil,Moto/Ciclomotor", ,2,0,0,0,0,0,2,,Calle,,ROSARIO,Rosario,S/D,S/D,II,Dentro,Urbana,S/D,S/D,S/D,S/D,S/D,S/D,S/D,S/D,S/D,Colisión,S/D,S/D,S/D,S/D,,[''],0,,,,,,,,,,,
2017,1951,2017-03-01,Miercoles,1.0,,,0.0,2,"Otros,Transporte de Pasajeros Urbano (> 8 asientos)", ,2,0,0,0,0,0,2,,Calle,,ROSARIO,Rosario,S/D,S/D,II,Dentro,Urbana,S/D,S/D,S/D,S/D,S/D,S/D,S/D,S/D,S/D,Colisión,S/D,S/D,S/D,S/D,,[''],0,,,,,,,,,,,
2017,1952,2017-03-01,Miercoles,0.0,,,0.0,2,"Automóvil,Moto/Ciclomotor", ,2,0,0,0,0,0,2,,Calle,,ROSARIO,Rosario,S/D,S/D,II,Dentro,Urbana,S/D,S/D,S/D,S/D,S/D,S/D,S/D,S/D,S/D,Colisión,S/D,S/D,S/D,S/D,,[''],0,,,,,,,,,,,
2017,1953,2017-03-01,Miercoles,1.0,,,0.0,2,"Automóvil,Moto/Ciclomotor", ,2,0,0,0,0,0,2,,Calle,,ROSARIO,Rosario,S/D,S/D,II,Dentro,Urbana,S/D,S/D,S/D,S/D,Reducida,S/D,S/D,S/D,S/D,Colisión,S/D,S/D,S/D,S/D,,[''],0,,,,,,,,,,,
2017,1954,2017-03-01,Miercoles,1.0,,,0.0,2,"Automóvil,Moto/Ciclomotor", ,2,0,0,0,0,0,2,,Calle,,ROSARIO,Rosario,S/D,S/D,II,Dentro,Urbana,S/D,S/D,S/D,S/D,S/D,S/D,S/D,S/D,S/D,S/D,S/D,S/D,S/D,S/D,,[''],0,,,,,,,,,,,
2017,1955,2017-03-01,Miercoles,1.0,,,0.0,2,"Automóvil,Moto/Ciclomotor", ,2,0,0,0,0,0,2,,Calle,,ROSARIO,Rosario,S/D,S/D,II,Dentro,Urbana,S/D,S/D,S/D,S/D,S/D,S/D,S/D,S/D,S/D,S/D,S/D,S/D,S/D,S/D,,[''],0,,,,,,,,,,,
2017,1956,2017-03-01,Miercoles,1.0,,,0.0,2,"Automóvil,Moto/Ciclomotor", ,2,0,0,0,0,0,2,,Calle,,ROSARIO,Rosario,S/D,S/D,II,Dentro,Urbana,S/D,S/D,S/D,S/D,Reducida,S/D,S/D,S/D,S/D,S/D,S/D,S/D,S/D,S/D,,[''],0,,,,,,,,,,,
2017,1957,2017-03-01,Miercoles,1.0,,,0.0,2,"Automóvil,Moto/Ciclomotor", ,2,0,0,0,0,0,2,,Calle,,ROSARIO,Rosario,S/D,S/D,II,Dentro,Urbana,S/D,S/D,S/D,S/D,S/D,S/D,S/D,S/D,S/D,S/D,S/D,S/D,S/D,S/D,,[''],0,,,,,,,,,,,
2017,1959,2017-03-01,Miercoles,1.0,,,0.0,2,"Vehículo Oficial,Moto/Ciclomotor", ,2,1,0,0,0,0,1,,Calle,,ROSARIO,Rosario,S/D,S/D,II,Dentro,Urbana,S/D,S/D,S/D,S/D,S/D,S/D,S/D,S/D,S/D,S/D,S/D,S/D,S/D,S/D,,[''],0,,,,,,,,,,,
2017,1961,2017-03-01,Miercoles,1.0,,,0.0,2,"Automóvil,Moto/Ciclomotor", ,2,0,0,0,0,0,2,,Calle,,ROSARIO,Rosario,S/D,S/D,II,Dentro,Urbana,S/D,S/D,S/D,S/D,S/D,S/D,S/D,S/D,S/D,S/D,S/D,S/D,S/D,S/D,,[''],0,,,,,,,,,,,
2017,1982,2017-03-09,Jueves,0.0,13:30:00,,0.0,2,"Peatón,Automóvil",Av. Puccio Y Agrelo,3,2,0,0,1,0,0,,Calle,,ROSARIO,Rosario,Asfalto,No existe,II,Dentro,Urbana,Ninguna,No existe,Intersección,Bueno,Buena,Diurna,Buen Tiempo,S/D,Peatón,Atropello,Ninguna,Horizontal,Ninguna,Sin restricción,error,"['Puccio', 'Agrela']",2,error,,,,,,,,,,
2017,1983,2017-03-23,Jueves,0.0,15:30:00,,0.0,2,"Automóvil,Moto/Ciclomotor",Av. Puccio Y Av. Carlos Colombres,4,1,1,0,2,0,0,,Avenida,,ROSARIO,Rosario,Asfalto,No existe,II,Dentro,Urbana,Semáforo,Funciona,Recta,Bueno,Buena,Diurna,Buen Tiempo,De alcance,S/D,Colisión,Ninguna,Horizontal,Cordón divisorio,Sin restricción,error,"['Puccio', 'José Colombres']",2,error,,,,,,,,,,
2017,1994,2017-04-11,Martes,0.0,15:30:00,,0.0,2,"Automóvil,Peatón",SD ,2,1,0,0,1,0,0,,Calle,,ROSARIO,Rosario,Asfalto,Natural,II,Dentro,Urbana,Ninguna,No existe,Curva,Bueno,Buena,Diurna,Buen Tiempo,S/D,Peatón,Atropello,Ninguna,S/D,Ninguna,Sin restricción,no funciono,['Sd'],1,Sd,,,,,,,,,,
2017,2085,2017-04-25,Martes,0.0,10:50:00,,0.0,2,"Automóvil,Pickup/Utilitario",Montevideo Y Matheu,3,1,0,0,2,0,0,,Calle,,ROSARIO,Rosario,Asfalto,S/D,II,Dentro,Urbana,Ninguna,S/D,Intersección,S/D,S/D,Diurna,Buen Tiempo,Lateral,S/D,Colisión,S/D,S/D,S/D,S/D,error,"['Montevideo', 'Matheu']",2,error,,,,,,,,,,
2017,2104,2017-03-04,Sabado,0.0,17:00:00,,0.0,2,"Moto/Ciclomotor,Automóvil",Mendoza Y Ricardo Rojas,3,0,0,0,0,0,3,,Calle,,ROSARIO,Rosario,S/D,S/D,II,Dentro,Urbana,S/D,S/D,S/D,S/D,S/D,S/D,S/D,S/D,S/D,S/D,S/D,S/D,Ninguna,S/D,error,"['Mendoza', 'Ricardo Rojas']",2,error,,,,,,,,,,
2017,2190,2017-05-01,Lunes,1.0,,,0.0,2,"Tracción animal / Carro,Otros", ,2,1,0,0,0,0,1,,Calle,,ROSARIO,Rosario,S/D,S/D,II,Dentro,Urbana,S/D,S/D,S/D,S/D,S/D,S/D,S/D,S/D,S/D,Colisión,S/D,S/D,S/D,S/D,,[''],0,,,,,,,,,,,
2017,2191,2017-05-01,Lunes,1.0,,,0.0,2,"Moto/Ciclomotor,Otros", ,2,1,0,0,0,0,1,,Calle,,ROSARIO,Rosario,S/D,S/D,II,Dentro,Urbana,S/D,S/D,S/D,S/D,S/D,S/D,S/D,S/D,S/D,Colisión,S/D,S/D,S/D,S/D,,[''],0,,,,,,,,,,,
2017,2192,2017-05-01,Lunes,1.0,,,0.0,2,"Otros,Automóvil", ,2,1,0,0,0,0,1,,Calle,,ROSARIO,Rosario,S/D,S/D,II,Dentro,Urbana,S/D,S/D,S/D,S/D,S/D,S/D,S/D,S/D,S/D,Colisión,S/D,S/D,S/D,S/D,,[''],0,,,,,,,,,,,
2017,2193,2017-04-01,Sabado,1.0,,,0.0,1,Moto/Ciclomotor, ,1,1,0,0,0,0,0,,Calle,,ROSARIO,Rosario,S/D,S/D,II,Dentro,Urbana,S/D,S/D,S/D,S/D,S/D,S/D,S/D,S/D,S/D,Caída ocupante,S/D,S/D,S/D,S/D,,[''],0,,,,,,,,,,,
2017,2195,2017-04-01,Sabado,1.0,,,0.0,2,"Automóvil,Moto/Ciclomotor", ,2,1,0,0,0,0,1,,Calle,,ROSARIO,Rosario,S/D,S/D,II,Dentro,Urbana,S/D,S/D,S/D,S/D,S/D,S/D,S/D,S/D,S/D,Colisión,S/D,S/D,S/D,S/D,,[''],0,,,,,,,,,,,
2017,2196,2017-04-01,Sabado,1.0,,,0.0,2,"Automóvil,Moto/Ciclomotor", ,2,1,0,0,0,0,1,,Calle,,ROSARIO,Rosario,S/D,S/D,II,Dentro,Urbana,S/D,S/D,S/D,S/D,S/D,S/D,S/D,S/D,S/D,Colisión,S/D,S/D,S/D,S/D,,[''],0,,,,,,,,,,,
2017,2197,2017-04-01,Sabado,1.0,,,0.0,2,"Transporte de Pasajeros Urbano (> 8 asientos),Bicicleta", ,2,1,0,0,0,0,1,,Calle,,ROSARIO,Rosario,S/D,S/D,II,Dentro,Urbana,S/D,S/D,S/D,S/D,S/D,S/D,S/D,S/D,Ciclista,Atropello,S/D,S/D,S/D,S/D,,[''],0,,,,,,,,,,,
2017,2198,2017-04-01,Sabado,1.0,,,0.0,2,"Automóvil,Bicicleta", ,2,0,0,0,0,0,2,,Calle,,ROSARIO,Rosario,S/D,S/D,II,Dentro,Urbana,S/D,S/D,S/D,S/D,S/D,S/D,S/D,S/D,Ciclista,Atropello,S/D,S/D,S/D,S/D,,[''],0,,,,,,,,,,,
2017,2199,2017-04-01,Sabado,1.0,,,0.0,1,Moto/Ciclomotor, ,1,1,0,0,0,0,0,,Calle,,ROSARIO,Rosario,S/D,S/D,II,Dentro,Urbana,S/D,S/D,S/D,S/D,S/D,S/D,S/D,S/D,S/D,Caída ocupante,S/D,S/D,S/D,S/D,,[''],0,,,,,,,,,,,
2017,2267,2017-04-01,Sabado,1.0,,,0.0,1,Moto/Ciclomotor, ,1,1,0,0,0,0,0,,Calle,,ROSARIO,Rosario,S/D,S/D,II,Dentro,Urbana,S/D,S/D,S/D,S/D,S/D,S/D,S/D,S/D,S/D,Caída ocupante,S/D,S/D,S/D,S/D,,[''],0,,,,,,,,,,,