anio_acci,nro_acci,fecha,desc_dia,fecha_aprox,hora_aprox,desc_ruta,km,cant_participantes,desc_participante,calle_avenida_km,total,heridos_leves,heridos_graves,heridos_gravisimos,ilesos,fallecidos,sin_datos,posicion_XY,desc_tipo_via,desc_ruta_ori,desc_loc,desc_dpto,desc_tipo_calzada,desc_tipo_banquina,desc_unidad_regional,desc_lugar_calzada,desc_zona,desc_prioridad,desc_estado_semaforo,desc_lugar_via,desc_estado_via,desc_estado_visibilidad,desc_luminosidad,desc_estado_clima,desc_tipo_colision,desc_tipo_atropello,desc_tipo_hecho,desc_pres_calzada,desc_senializacion,desc_separacion_via,desc_restriccion,forma_geocod,calle_lista,numero_calles,calles_osm,lat,lon,index_right,gid,fna,gna,nam,in1,fdc,sag
2017,2268,2017-04-01,Sabado,1.0,,,0.0,1,Moto/Ciclomotor, ,1,1,0,0,0,0,0,,Calle,,ROSARIO,Rosario,S/D,S/D,II,Dentro,Urbana,S/D,S/D,S/D,S/D,S/D,S/D,S/D,S/D,S/D,Caída ocupante,S/D,S/D,S/D,S/D,,[''],0,,,,,,,,,,,
2017,2271,2017-04-10,Lunes,0.0,7:55:00,,0.0,2,"Automóvil,Automóvil",Av. Del Huerto Y Pte.Roca,3,1,0,0,2,0,0,,Calle,,ROSARIO,Rosario,Asfalto,No existe,II,Dentro,Urbana,Ninguna,Funciona,Intersección,Bueno,Buena,Diurna,Buen Tiempo,De alcance,S/D,Colisión,Ninguna,Vertical,Ninguna,Sin restricción,error,"['Del Huerto', 'Roca']",2,error,,,,,,,,,,
2017,2308,2017-05-09,Martes,0.0,13:40:00,,0.0,2,"Automóvil,Automóvil",Av. Pte.Peron Y O'Higgins,2,1,0,0,1,0,0,,Avenida,,ROSARIO,Rosario,Asfalto,No existe,II,Dentro,Urbana,Semáforo,Funciona,Recta,Bueno,Buena,Diurna,Buen Tiempo,De alcance,S/D,Colisión,Ninguna,Vertical,Cordón divisorio,Sin restricción,error,"['Avenida Presidente Perón', ""O'Higgins""]",2,error,,,,,,,,,,
2017,2311,2017-05-17,Miercoles,0.0,17:10:00,,0.0,2,"Moto/Ciclomotor,Automóvil",Bv. Oroño 1800,3,1,0,0,2,0,0,,Avenida,,ROSARIO,Rosario,Asfalto,No existe,II,Dentro,Urbana,Señal Ceda el Paso,No existe,Intersección,Bueno,Buena,Diurna,Buen Tiempo,Lateral,S/D,Colisión,Ninguna,Vertical,Cordón divisorio,Sin restricción,no funciono,['Nicasio Oroñoño 1800'],1,Nicasio Oroñoño 1800,,,,,,,,,,
2017,2375,2017-05-04,Jueves,0.0,,,0.0,2,"Automóvil,Peatón",J.J.Paso Y Av. Provincias Unidas,2,1,0,0,1,0,0,,S/D,,ROSARIO,Rosario,Asfalto,No existe,II,S/D,S/D,Ninguna,No existe,Rotonda,Bueno,S/D,Atardecer,Buen Tiempo,S/D,Peatón,Atropello,Ninguna,Faltante,S/D,Sin restricción,error,"['Paso', 'Avenida Provincias Unidas']",2,error,,,,,,,,,,
2017,2381,2017-05-27,Sabado,0.0,20:30:00,,0.0,2,"Moto/Ciclomotor,Moto/Ciclomotor",Roullon Y Hilarion de la Quintana,2,1,0,0,1,0,0,,Calle,,ROSARIO,Rosario,Asfalto,No existe,II,Dentro,Urbana,Ninguna,No existe,Intersección,Con baches,Buena,Atardecer,Buen Tiempo,Lateral,S/D,Colisión,Ninguna,Faltante,Ninguna,Sin restricción,error,"['Alfredo Rouillón', 'Hilarión de la Quintana']",2,error,,,,,,,,,,
2017,2391,2017-05-01,Lunes,1.0,,,0.0,2,"Pickup/Utilitario,Automóvil", ,3,1,0,0,2,0,0,,S/D,,ROSARIO,Rosario,S/D,S/D,II,S/D,S/D,S/D,S/D,S/D,S/D,S/D,S/D,S/D,S/D,S/D,Colisión,S/D,S/D,S/D,S/D,,[''],0,,,,,,,,,,,
2017,2392,2017-05-01,Lunes,1.0,,,0.0,2,"Moto/Ciclomotor,Automóvil", ,2,1,0,0,1,0,0,,S/D,,ROSARIO,Rosario,S/D,S/D,II,S/D,S/D,S/D,S/D,S/D,S/D,S/D,S/D,S/D,S/D,S/D,Colisión,S/D,S/D,S/D,S/D,,[''],0,,,,,,,,,,,
2017,2394,2017-05-01,Lunes,1.0,,,0.0,2,"Automóvil,Moto/Ciclomotor", ,3,1,0,0,1,0,1,,S/D,,ROSARIO,Rosario,S/D,S/D,II,S/D,S/D,S/D,S/D,S/D,S/D,S/D,S/D,S/D,S/D,S/D,Colisión,S/D,S/D,S/D,S/D,,[''],0,,,,,,,,,,,
2017,2396,2017-05-01,Lunes,1.0,,,0.0,2,"Moto/Ciclomotor,Automóvil", ,3,1,0,0,2,0,0,,S/D,,ROSARIO,Rosario,S/D,S/D,II,S/D,S/D,S/D,S/D,S/D,S/D,S/D,S/D,S/D,S/D,S/D,Colisión,S/D,S/D,S/D,S/D,,[''],0,,,,,,,,,,,
2017,2397,2017-05-01,Lunes,1.0,,,0.0,2,"Moto/Ciclomotor,Automóvil", ,2,1,0,0,1,0,0,,S/D,,ROSARIO,Rosario,S/D,S/D,II,S/D,S/D,S/D,S/D,S/D,S/D,S/D,S/D,S/D,S/D,S/D,Colisión,S/D,S/D,S/D,S/D,,[''],0,,,,,,,,,,,
2017,2501,2017-05-05,Viernes,0.0,7:30:00,,0.0,2,"Moto/Ciclomotor,Automóvil", ,2,1,0,0,1,0,0,,Calle,,ROSARIO,Rosario,Asfalto,No existe,II,Dentro,Urbana,Ninguna,No existe,Intersección,Otro,Buena,Diurna,Buen Tiempo,Lateral,S/D,Colisión,Ninguna,S/D,Ninguna,S/D,,[''],0,,,,,,,,,,,
2017,2511,2017-05-19,Viernes,0.0,5:50:00,,0.0,2,"Moto/Ciclomotor,Automóvil",J.J.Paso Y Av. Provincias Unidas,3,2,0,0,1,0,0,,Avenida,,ROSARIO,Rosario,Asfalto,No existe,II,Dentro,Urbana,Ninguna,No existe,Rotonda,Bueno,Buena,Nocturna,Buen Tiempo,Lateral,S/D,Colisión,Ninguna,S/D,Cordón divisorio,Sin restricción,error,"['Paso', 'Avenida Provincias Unidas']",2,error,,,,,,,,,,
2017,2527,2017-05-06,Sabado,0.0,1:40:00,,0.0,2,"Taxi/Remis,Cuatriciclo",Bv. Oroño Y Monte Flores,2,1,0,0,1,0,0,,Calle,,ROSARIO,Rosario,Asfalto,No existe,II,Dentro,Urbana,Semáforo,Funciona,Intersección,Bueno,Buena,Nocturna,Buen Tiempo,S/D,S/D,Colisión,Ninguna,Vertical,Cordón divisorio,S/D,error,"['Bulevar Nicasio Oroño', 'Monte Flores']",2,error,,,,,,,,,,
2017,2533,2017-05-09,Martes,0.0,8:30:00,,0.0,2,"Peatón,Moto/Ciclomotor",Pje. Ricardone 1300,2,1,0,0,1,0,0,,Calle,,ROSARIO,Rosario,Asfalto,Pavimento,II,Dentro,Urbana,Ninguna,No existe,Recta,Bueno,Buena,Diurna,Buen Tiempo,S/D,Peatón,Atropello,Ninguna,S/D,Cordón divisorio,Sin restricción,no funciono,['Pasaje Ricardone 1300'],1,Pasaje Ricardone 1300,,,,,,,,,,
2017,2534,2017-05-02,Martes,0.0,22:30:00,,0.0,2,"Automóvil,Taxi/Remis",San Juan De Luz Y Mariano Moreno,2,1,0,0,1,0,0,,Calle,,ROSARIO,Rosario,Asfalto,Pavimento,II,Dentro,Urbana,Ninguna,S/D,Recta,Bueno,Buena,Nocturna,Buen Tiempo,De alcance,S/D,Colisión,Ninguna,S/D,Ninguna,Sin restricción,error,"['San Juan de Luz', 'Mariano Moreno']",2,error,,,,,,,,,,
2017,2547,2017-05-01,Lunes,1.0,,,0.0,2,"Bicicleta,Moto/Ciclomotor", ,2,1,0,0,1,0,0,,S/D,,ROSARIO,Rosario,S/D,S/D,II,S/D,S/D,S/D,S/D,S/D,S/D,S/D,S/D,S/D,S/D,Ciclista,Atropello,S/D,S/D,S/D,S/D,,[''],0,,,,,,,,,,,
2017,2548,2017-05-01,Lunes,1.0,,,0.0,2,"Moto/Ciclomotor,Pickup/Utilitario", ,2,1,0,0,1,0,0,,S/D,,ROSARIO,Rosario,S/D,S/D,II,S/D,S/D,S/D,S/D,S/D,S/D,S/D,S/D,S/D,S/D,S/D,Colisión,S/D,S/D,S/D,S/D,,[''],0,,,,,,,,,,,
2017,2561,2017-05-02,Martes,0.0,14:40:00,,0.0,2,"Automóvil,Moto/Ciclomotor",Bv. Segui Y Ricchieri,3,0,2,0,1,0,0,,Avenida,,ROSARIO,Rosario,Asfalto,No existe,II,Dentro,Urbana,Ninguna,No existe,Intersección,Bueno,Buena,Diurna,Buen Tiempo,Lateral,S/D,Colisión,Ninguna,S/D,Vegetación,Sin restricción,error,"['Bulevar Juan Francisco Seguí', 'Ricchieri']",2,error,,,,,,,,,,
2017,2562,2017-05-02,Martes,0.0,14:10:00,,0.0,2,"Automóvil,Bicicleta",Av. Lugones Y Biedma,2,1,0,0,1,0,0,,Avenida,,ROSARIO,Rosario,Asfalto,No existe,II,Dentro,Urbana,Semáforo,Funciona,Intersección,Bueno,Buena,Diurna,Buen Tiempo,S/D,Ciclista,Atropello,Ninguna,S/D,Vegetación,Sin restricción,error,"['Lugones', 'Coronel Biedma']",2,error,,,,,,,,,,
2017,2563,2017-05-02,Martes,0.0,19:50:00,,0.0,2,"Moto/Ciclomotor,Automóvil",Av. Uriburu Y Bv. Bouchard,3,1,0,0,2,0,0,,Avenida,,ROSARIO,Rosario,Asfalto,No existe,II,Dentro,Rural,Ninguna,No existe,Intersección,Bueno,Buena,Diurna,Buen Tiempo,Lateral,S/D,Colisión,Ninguna,Faltante,Vegetación,Sin restricción,error,"['Uriburu', 'Bouchard']",2,error,,,,,,,,,,
2017,2564,2017-05-24,Miercoles,0.0,15:15:00,,0.0,2,"Bicicleta,Automóvil",Av. Arijon Y Casella,2,1,0,0,1,0,0,,Avenida,,ROSARIO,Rosario,Asfalto,No existe,II,Dentro,Urbana,Ninguna,No existe,Intersección,Bueno,Buena,Diurna,Buen Tiempo,S/D,Ciclista,Atropello,Ninguna,Vertical,Línea divisoria pintada,Sin restricción,error,"['Avenida Manuel Arijón', 'Casella']",2,error,,,,,,,,,,
2017,2878,2017-06-01,Jueves,1.0,,,0.0,2,"Moto/Ciclomotor,Automóvil", ,4,3,0,0,0,0,1,,S/D,,ROSARIO,Rosario,S/D,S/D,II,S/D,S/D,S/D,S/D,S/D,S/D,S/D,S/D,S/D,S/D,S/D,Colisión,S/D,S/D,S/D,S/D,,[''],0,,,,,,,,,,,
2017,2879,2017-06-01,Jueves,1.0,,,0.0,2,"Moto/Ciclomotor,Pickup/Utilitario", ,3,1,0,0,0,0,2,,S/D,,ROSARIO,Rosario,S/D,S/D,II,S/D,S/D,S/D,S/D,S/D,S/D,S/D,S/D,S/D,S/D,S/D,Colisión,S/D,S/D,S/D,S/D,,[''],0,,,,,,,,,,,
2017,2880,2017-06-01,Jueves,1.0,,,0.0,2,"Moto/Ciclomotor,Moto/Ciclomotor", ,4,3,0,0,1,0,0,,S/D,,ROSARIO,Rosario,S/D,S/D,II,S/D,S/D,S/D,S/D,S/D,S/D,S/D,S/D,S/D,S/D,S/D,Colisión,S/D,S/D,S/D,S/D,,[''],0,,,,,,,,,,,
2017,2882,2017-06-01,Jueves,1.0,,,0.0,2,"Automóvil,Moto/Ciclomotor", ,3,1,0,0,0,0,2,,Calle,,ROSARIO,Rosario,S/D,S/D,II,Dentro,Urbana,S/D,S/D,S/D,S/D,S/D,S/D,S/D,S/D,S/D,Colisión,S/D,S/D,S/D,S/D,,[''],0,,,,,,,,,,,
2017,2928,2017-06-02,Viernes,0.0,18:00:00,,0.0,5,"Automóvil,Automóvil,Automóvil,Automóvil,Automóvil",TUNEL ESCOLADO ,6,1,0,0,5,0,0,,Calle,,ROSARIO,Rosario,Asfalto,No existe,II,Dentro,Urbana,Semáforo,Funciona,Recta,Otro,Buena,Diurna,Buen Tiempo,Múltiple,S/D,Colisión,Ninguna,Faltante,Ninguna,S/D,no funciono,['Tunel Escolado'],1,Tunel Escolado,,,,,,,,,,
2017,2940,2017-06-19,Lunes,0.0,17:30:00,,0.0,2,"Moto/Ciclomotor,Automóvil",Roullon Y Centeno,2,1,0,0,1,0,0,,Calle,,ROSARIO,Rosario,Asfalto,No existe,II,Dentro,Urbana,Ninguna,No existe,Intersección,Bueno,Buena,Atardecer,S/D,Lateral,S/D,Colisión,Ninguna,Faltante,Ninguna,Sin restricción,error,"['Alfredo Rouillón', 'Centeno']",2,error,,,,,,,,,,
2017,2941,2017-06-01,Jueves,1.0,,,0.0,1,Moto/Ciclomotor, ,1,1,0,0,0,0,0,,S/D,,ROSARIO,Rosario,S/D,S/D,II,S/D,S/D,S/D,S/D,S/D,S/D,S/D,S/D,S/D,S/D,S/D,Caída ocupante,S/D,S/D,S/D,S/D,,[''],0,,,,,,,,,,,
2017,2942,2017-06-01,Jueves,1.0,,,0.0,2,"Automóvil,Moto/Ciclomotor", ,2,1,0,0,0,0,1,,S/D,,ROSARIO,Rosario,S/D,S/D,II,S/D,S/D,S/D,S/D,S/D,S/D,S/D,S/D,S/D,S/D,S/D,Colisión,S/D,S/D,S/D,S/D,,[''],0,,,,,,,,,,,
2017,2943,2017-06-08,Jueves,0.0,18:20:00,,0.0,1,Moto/Ciclomotor,Av. Pte.Peron 4200,2,2,0,0,0,0,0,,Calle,,ROSARIO,Rosario,Asfalto,S/D,II,Dentro,Urbana,S/D,S/D,Recta,Bueno,S/D,Diurna,S/D,S/D,S/D,Caída ocupante,S/D,S/D,S/D,S/D,no funciono,['Presidenteperon 4200'],1,Presidenteperon 4200,,,,,,,,,,
2017,2948,2017-06-28,Miercoles,0.0,9:30:00,,0.0,1,Automóvil,Av. Pte.Peron Y Leiva,1,1,0,0,0,0,0,,Calle,,ROSARIO,Rosario,Asfalto,S/D,II,Dentro,Urbana,S/D,S/D,Recta,S/D,S/D,Diurna,S/D,S/D,S/D,Vuelco,S/D,S/D,S/D,S/D,error,"['Avenida Presidente Perón', 'Leiva']",2,error,,,,,,,,,,
2017,3016,2017-06-12,Lunes,0.0,18:30:00,,0.0,2,"Moto/Ciclomotor,Automóvil",Av. Pte.Peron 2800,2,1,0,0,1,0,0,,Calle,,ROSARIO,Rosario,Asfalto,No existe,II,Dentro,Urbana,Ninguna,No existe,Recta,Bueno,Buena,"Nocturna,Con luz artificial",Buen Tiempo,De alcance,S/D,Colisión,Ninguna,Faltante,Cordón divisorio,Sin restricción,no funciono,['Presidenteperon 2800'],1,Presidenteperon 2800,,,,,,,,,,
2017,3017,2017-06-13,Martes,0.0,14:15:00,,0.0,2,"Moto/Ciclomotor,Automóvil",Bv. Oroño Y Av. F.Solano Lopez,2,1,0,0,1,0,0,,Calle,,ROSARIO,Rosario,Asfalto,No existe,II,Dentro,Urbana,Ninguna,No existe,Rotonda,Bueno,Buena,Diurna,Buen Tiempo,Lateral,S/D,Colisión,Ninguna,Faltante,S/D,Sin restricción,error,"['Bulevar Nicasio Oroño', 'Solano Lopez']",2,error,,,,,,,,,,
2017,3076,2017-06-29,Jueves,0.0,18:20:00,,0.0,2,"Automóvil,Moto/Ciclomotor",Av. Belgrano Y 3 De Febrero,2,2,0,0,0,0,0,,Calle,,ROSARIO,Rosario,Asfalto,Pavimento,II,Dentro,Urbana,Ninguna,S/D,Recta,Bueno,Buena,Diurna,Buen Tiempo,Lateral,S/D,Colisión,Ninguna,Horizontal,"Cordón divisorio,Línea divisoria pintada",Sin restricción,error,"['Belgrano', '3 de Febrero']",2,error,,,,,,,,,,
2017,3077,2017-06-29,Jueves,0.0,18:40:00,,0.0,2,"Automóvil,Taxi/Remis",San Juan Y Maipu,3,2,0,0,1,0,0,,Calle,,ROSARIO,Rosario,Asfalto,Pavimento,II,Dentro,Urbana,Semáforo,Funciona,Intersección,Bueno,Buena,Diurna,Buen Tiempo,Lateral,S/D,Colisión,Ninguna,Vertical,Cordón divisorio,S/D,error,"['San Juan', 'Maipú']",2,error,,,,,,,,,,
2017,3143,2017-05-14,Domingo,0.0,5:30:00,,0.0,4,"Automóvil,Automóvil,Bicicleta,Moto/Ciclomotor",Baigorria Y Bordabehere,4,1,1,0,0,0,2,,Calle,,ROSARIO,Rosario,Asfalto,No existe,II,Dentro,Urbana,S/D,No existe,Recta,S/D,Buena,Nocturna,S/D,S/D,S/D,S/D,Ninguna,S/D,S/D,S/D,error,"['Baigorria', 'Bordabhere']",2,error,,,,,,,,,,
2017,3155,2017-04-15,Sabado,0.0,14:30:00,,0.0,2,"Moto/Ciclomotor,Moto/Ciclomotor",J.B.Justo Y Olmos Bis,2,2,0,0,0,0,0,,Calle,,ROSARIO,Rosario,S/D,S/D,II,Dentro,Urbana,S/D,S/D,Intersección,S/D,S/D,Diurna,S/D,S/D,S/D,Colisión,S/D,S/D,S/D,S/D,error,"['Justo', 'Los Olmos']",2,error,,,,,,,,,,
2017,3183,2017-05-01,Lunes,0.0,12:30:00,,0.0,2,"Pickup/Utilitario,Moto/Ciclomotor", ,3,1,0,0,2,0,0,,Calle,,ROSARIO,Rosario,S/D,No existe,II,Dentro,Urbana,Ninguna,No existe,Intersección,Deteriorada,Buena,Diurna,S/D,Otro,S/D,Colisión,S/D,Faltante,Línea divisoria pintada,S/D,,[''],0,,,,,,,,,,,
2017,3211,2017-05-15,Lunes,0.0,,,0.0,2,"Moto/Ciclomotor,Automóvil",Cordoba Y Alvarez Condarco,2,1,0,0,1,0,0,,Calle,,ROSARIO,Rosario,Asfalto,Pavimento,II,Dentro,Urbana,Semáforo,Funciona,Recta,Bueno,S/D,S/D,S/D,Lateral,S/D,Colisión,Ninguna,Vertical,Cordón divisorio,Sin restricción,error,"['Córdoba', 'Álvarez Condarco']",2,error,,,,,,,,,,
2017,3246,2017-02-09,Jueves,0.0,21:30:00,,0.0,2,"Moto/Ciclomotor,Peatón",Pje. Cerrillos Y Liniers,2,1,0,0,1,0,0,,Calle,,ROSARIO,Rosario,S/D,S/D,II,Dentro,Urbana,S/D,S/D,Intersección,S/D,S/D,Nocturna,S/D,S/D,Peatón,Atropello,S/D,S/D,S/D,S/D,error,"['Pasaje Cemillos', 'Liniers']",2,error,,,,,,,,,,
2017,3252,2017-06-08,Jueves,0.0,22:30:00,,0.0,2,"Automóvil,Peatón",San Juan De Luz Y Sarmiento,2,1,0,0,1,0,0,,Calle,,ROSARIO,Rosario,Asfalto,Pavimento,II,Dentro,Urbana,Semáforo,Funciona,Intersección,Bueno,Buena,Nocturna,Buen Tiempo,S/D,Peatón,Atropello,Ninguna,Vertical,Cordón divisorio,Sin restricción,error,"['San Juan de Luz', 'Sarmiento']",2,error,,,,,,,,,,
2017,3312,2017-06-06,Martes,0.0,11:15:00,,0.0,2,"Moto/Ciclomotor,Bicicleta",Escauriza Y G.Carrasco,2,2,0,0,0,0,0,,Calle,,ROSARIO,Rosario,Asfalto,No existe,II,S/D,Urbana,Otra Señal,No existe,Intersección,Bueno,Buena,Diurna,Buen Tiempo,S/D,Ciclista,Atropello,Ninguna,Vertical,S/D,Sin restricción,error,"['Escauriza', 'Carrasco']",2,error,,,,,,,,,,
2017,3316,2017-06-16,Viernes,0.0,20:50:00,,0.0,2,"Automóvil,Moto/Ciclomotor",Bv. Rondeau Y Av. Circunvalacion,2,1,0,0,1,0,0,,Calle,,ROSARIO,Rosario,Asfalto,No existe,II,Dentro,Urbana,Semáforo,Funciona,Intersección,Bueno,Buena,Nocturna,Buen Tiempo,Frontal,S/D,Colisión,Ninguna,Vertical,S/D,Sin restricción,error,"['Rondeau', 'Circunvalacion']",2,error,,,,,,,,,,
2017,3317,2017-06-22,Jueves,0.0,19:50:00,,0.0,2,"Automóvil,Moto/Ciclomotor",Bv. Rondeau Y Av. Circunvalacion,3,1,1,0,1,0,0,,Calle,,ROSARIO,Rosario,Asfalto,No existe,II,Dentro,Urbana,Semáforo,Funciona,Intersección,Bueno,Buena,Nocturna,Buen Tiempo,S/D,S/D,Colisión,Ninguna,Vertical,Cordón divisorio,Sin restricción,error,"['Rondeau', 'Circunvalacion']",2,error,,,,,,,,,,
2017,3382,2017-02-04,Sabado,0.0,,,0.0,3,"Peatón,Peatón,Moto/Ciclomotor", ,3,2,0,0,1,0,0,,Calle,,ROSARIO,Rosario,S/D,S/D,II,Dentro,Urbana,S/D,S/D,S/D,S/D,S/D,S/D,S/D,S/D,Peatón,Atropello,S/D,S/D,S/D,S/D,,[''],0,,,,,,,,,,,
2017,3429,2017-06-11,Domingo,0.0,21:30:00,,0.0,2,"Moto/Ciclomotor,Automóvil",Av. Ovidio Lagos Y Ombu,2,1,0,0,1,0,0,,Calle,,ROSARIO,Rosario,Asfalto,No existe,II,Dentro,Urbana,Ninguna,No existe,Intersección,Bueno,Buena,Nocturna,Buen Tiempo,Lateral,S/D,Colisión,Ninguna,Vertical,Cordón divisorio,Sin restricción,error,"['Avenida Ovidio Lagos', 'Ombú']",2,error,,,,,,,,,,
2017,3481,2017-06-17,Sabado,0.0,11:55:00,,0.0,2,"Moto/Ciclomotor,Automóvil",Av. Avellaneda B Y Damas Mendocinas,2,1,0,0,1,0,0,,Calle,,ROSARIO,Rosario,Asfalto,No existe,II,Dentro,Urbana,Ninguna,No existe,Recta,Bueno,Buena,Diurna,Buen Tiempo,De alcance,S/D,Colisión,Ninguna,Faltante,Cordón divisorio,Sin restricción,error,"['Avellaneda', 'Damas Mendocinas']",2,error,,,,,,,,,,
2017,3518,2017-06-24,Sabado,0.0,8:30:00,,0.0,2,"Moto/Ciclomotor,Automóvil",Pje. publico 7500,3,2,0,0,1,0,0,,Calle,,ROSARIO,Rosario,Asfalto,No existe,II,Dentro,Urbana,S/D,No existe,Recta,S/D,S/D,"Diurna,Con luz artificial",S/D,Lateral,S/D,Colisión,S/D,S/D,Ninguna,Sin restricción,no funciono,['Pasaje Publico 7500'],1,Pasaje Publico 7500,,,,,,,,,,
2017,3558,2017-06-15,Jueves,0.0,9:30:00,,0.0,2,"Peatón,Automóvil",Sarmiento Y Urquiza,2,1,0,0,1,0,0,,Calle,,ROSARIO,Rosario,Asfalto,No existe,II,Dentro,Urbana,Ninguna,No existe,Intersección,Bueno,Buena,Diurna,Buen Tiempo,S/D,Peatón,Atropello,Ninguna,Vertical,Ninguna,Sin restricción,error,"['Sarmiento', 'Urquiza']",2,error,,,,,,,,,,
2017,3561,2017-06-23,Viernes,0.0,16:00:00,,0.0,2,"Peatón,Automóvil",Mariano Moreno Y Brown,2,1,0,0,1,0,0,,Calle,,ROSARIO,Rosario,Asfalto,No existe,II,Dentro,Urbana,Ninguna,S/D,Recta,Bueno,Buena,Diurna,Buen Tiempo,S/D,Peatón,Atropello,Ninguna,Vertical,Ninguna,Sin restricción,error,"['Mariano Moreno', 'Brown']",2,error,,,,,,,,,,
2017,3793,2017-04-01,Sabado,0.0,,,0.0,3,"Automóvil,Pickup/Utilitario,Automóvil", ,5,4,0,0,1,0,0,,Calle,,ROSARIO,Rosario,S/D,S/D,II,Dentro,Urbana,S/D,S/D,S/D,S/D,S/D,S/D,S/D,Múltiple,S/D,Colisión,S/D,S/D,S/D,S/D,,[''],0,,,,,,,,,,,
2017,3982,2017-04-25,Martes,0.0,,,0.0,2,"Bicicleta,Automóvil", ,2,1,0,0,1,0,0,,Calle,,ROSARIO,Rosario,S/D,S/D,II,Dentro,Urbana,Ninguna,S/D,S/D,S/D,S/D,S/D,Buen Tiempo,S/D,Ciclista,Atropello,S/D,S/D,Ninguna,S/D,,[''],0,,,,,,,,,,,
2017,4236,2017-07-11,Martes,0.0,17:00:00,,0.0,2,"Moto/Ciclomotor,Moto/Ciclomotor",Garibaldi Y Pje. Espinillo,2,2,0,0,0,0,0,,Calle,,ROSARIO,Rosario,Asfalto,No existe,II,Dentro,Urbana,Ninguna,No existe,Intersección,Otro,Buena,Atardecer,Otro,Otro,S/D,Colisión,Ninguna,Faltante,Ninguna,Sin restricción,error,"['José Garibaldi', 'Espinillo']",2,error,,,,,,,,,,
2017,4237,2017-07-11,Martes,0.0,9:00:00,,0.0,2,"Automóvil,Moto/Ciclomotor",Liniers Y Pje. Vergara,2,1,0,0,1,0,0,,Calle,,ROSARIO,Rosario,Asfalto,No existe,II,Dentro,Urbana,Ninguna,No existe,Intersección,Bueno,Buena,Diurna,Otro,Lateral,S/D,Colisión,Ninguna,Faltante,Ninguna,Sin restricción,error,"['Liniers', 'Vergara']",2,error,,,,,,,,,,
2017,4270,2017-07-30,Domingo,0.0,16:42:00,,0.0,2,"Moto/Ciclomotor,Automóvil",Av. Battle y Ordoñez Y Bv. Oroño,3,2,0,0,1,0,0,,Calle,,ROSARIO,Rosario,Asfalto,No existe,II,Dentro,Urbana,Semáforo,Funciona,Intersección,Bueno,Buena,Diurna,Buen Tiempo,Lateral,S/D,Colisión,Ninguna,Vertical,Cordón divisorio,Sin restricción,error,"['Avenida Battle y Ordoñez', 'Bulevar Nicasio Oroño']",2,error,,,,,,,,,,
2017,4738,2017-07-02,Domingo,0.0,18:00:00,,0.0,2,"Automóvil,Moto/Ciclomotor",España Y J.M.de Rosas,3,2,0,0,1,0,0,,Calle,,ROSARIO,Rosario,Asfalto,S/D,II,Dentro,Urbana,S/D,S/D,Intersección,Bueno,S/D,Diurna,Buen Tiempo,Frontal,S/D,Colisión,S/D,S/D,S/D,Sin restricción,error,"['España', 'De Rosas']",2,error,,,,,,,,,,
2017,4740,2017-07-29,Sabado,0.0,10:00:00,,0.0,2,"Automóvil,Moto/Ciclomotor",Av. Ovidio Lagos Y Olegario V.Andrade,2,1,0,0,1,0,0,,Calle,,ROSARIO,Rosario,Asfalto,No existe,II,Dentro,Urbana,Ninguna,No existe,Recta,Bueno,Buena,Diurna,Buen Tiempo,Frontal,S/D,Colisión,Ninguna,S/D,Barrera de hormigón,Sin restricción,error,"['Avenida Ovidio Lagos', 'Olegario V Andrade']",2,error,,,,,,,,,,
2017,4773,2017-07-18,Martes,0.0,12:00:00,,0.0,2,"Automóvil,Moto/Ciclomotor",Galvez Y Av. De La Libertad,2,1,0,0,1,0,0,,Avenida,,ROSARIO,Rosario,Asfalto,Pavimento,II,Dentro,Urbana,Ninguna,No existe,Intersección,"Bueno,Con baches",Buena,Diurna,Buen Tiempo,Lateral,S/D,Colisión,Ninguna,Faltante,Ninguna,Sin restricción,error,"['Galvez', 'De La Libertad']",2,error,,,,,,,,,,
2017,4872,2017-05-09,Martes,0.0,,,0.0,1,Moto/Ciclomotor, ,1,1,0,0,0,0,0,,S/D,,ROSARIO,Rosario,S/D,S/D,II,S/D,S/D,S/D,S/D,Puente,S/D,S/D,S/D,S/D,S/D,S/D,Caída ocupante,S/D,S/D,S/D,S/D,,[''],0,,,,,,,,,,,
2017,4939,2017-05-21,Domingo,0.0,,,0.0,2,"Automóvil,Automóvil", ,2,1,0,0,1,0,0,,S/D,,ROSARIO,Rosario,S/D,S/D,II,S/D,S/D,S/D,S/D,S/D,S/D,S/D,S/D,S/D,S/D,S/D,Colisión,S/D,S/D,S/D,S/D,,[''],0,,,,,,,,,,,
2017,4943,2017-05-21,Domingo,0.0,,,0.0,2,"Automóvil,Moto/Ciclomotor", ,2,1,0,0,1,0,0,,S/D,,ROSARIO,Rosario,S/D,S/D,II,S/D,S/D,S/D,S/D,S/D,S/D,S/D,S/D,S/D,S/D,S/D,Colisión,S/D,S/D,S/D,S/D,,[''],0,,,,,,,,,,,
2017,4949,2017-05-21,Domingo,0.0,,,0.0,1,Moto/Ciclomotor,Av. Carlos Colombres Y Luis Vila,2,2,0,0,0,0,0,,Calle,,ROSARIO,Rosario,S/D,S/D,II,S/D,S/D,S/D,S/D,S/D,S/D,S/D,S/D,S/D,S/D,S/D,Caída ocupante,S/D,S/D,S/D,S/D,error,"['José Colombres', 'Doctor Vila']",2,error,,,,,,,,,,
2017,4965,2017-05-25,Jueves,0.0,14:00:00,,0.0,2,"Automóvil,Bicicleta", ,2,1,0,0,1,0,0,,S/D,,ROSARIO,Rosario,S/D,S/D,II,S/D,S/D,S/D,S/D,S/D,S/D,S/D,Diurna,S/D,S/D,Ciclista,Atropello,S/D,S/D,S/D,S/D,,[''],0,,,,,,,,,,,
2017,4974,2017-05-28,Domingo,0.0,,,0.0,2,"Automóvil,Peatón",J.J.Paso Y Av. Provincias Unidas,2,1,0,0,1,0,0,,Avenida,,ROSARIO,Rosario,S/D,S/D,II,S/D,S/D,S/D,S/D,S/D,S/D,S/D,S/D,S/D,S/D,Peatón,Atropello,S/D,S/D,S/D,S/D,error,"['Paso', 'Avenida Provincias Unidas']",2,error,,,,,,,,,,
2017,4976,2017-05-29,Lunes,0.0,13:40:00,,0.0,2,"Moto/Ciclomotor,Peatón", ,2,1,0,0,1,0,0,,S/D,,ROSARIO,Rosario,S/D,S/D,II,S/D,S/D,S/D,S/D,S/D,S/D,S/D,S/D,S/D,S/D,Peatón,Atropello,S/D,S/D,S/D,S/D,,[''],0,,,,,,,,,,,
2017,5057,2017-07-08,Sabado,0.0,22:20:00,,0.0,2,"Moto/Ciclomotor,Automóvil",3 De Febrero Y Alvear,3,2,0,0,1,0,0,,Calle,,ROSARIO,Rosario,Asfalto,Pavimento,II,Dentro,Urbana,Paso Peatonal,No existe,Recta,Bueno,Buena,Nocturna,Buen Tiempo,Lateral,S/D,Colisión,Ninguna,Horizontal,Ninguna,Sin restricción,error,"['3 de Febrero', 'Alvear']",2,error,,,,,,,,,,
2017,5095,2017-07-02,Domingo,0.0,4:00:00,,0.0,2,"Automóvil,Automóvil",Cordoba Y Iriondo,3,1,0,0,2,0,0,,Calle,,ROSARIO,Rosario,Asfalto,No existe,II,Dentro,Urbana,Ninguna,No existe,Intersección,Bueno,Buena,Nocturna,Buen Tiempo,Lateral,S/D,Colisión,Ninguna,Faltante,Ninguna,Sin restricción,error,"['Córdoba', 'Iriondo']",2,error,,,,,,,,,,
2017,5135,2017-07-03,Lunes,0.0,17:20:00,,0.0,2,"Bicicleta,Transporte de Pasajeros Urbano (> 8 asientos)",San Juan De Luz Y Mitre,2,1,0,0,1,0,0,,Calle,,ROSARIO,Rosario,Asfalto,Pavimento,II,Dentro,Urbana,Ninguna,No existe,Recta,Bueno,Buena,Diurna,Buen Tiempo,S/D,Ciclista,Atropello,Ninguna,Vertical,Ninguna,Sin restricción,error,"['San Juan de Luz', 'Mitre']",2,error,,,,,,,,,,
2017,5175,2017-06-05,Lunes,0.0,21:50:00,,0.0,2,"Automóvil,Automóvil",Echeverria Bis Y San Lorenzo,2,1,0,0,1,0,0,,Calle,,ROSARIO,Rosario,S/D,S/D,II,Dentro,Urbana,S/D,S/D,Intersección,S/D,S/D,Nocturna,S/D,S/D,S/D,Colisión,S/D,S/D,S/D,S/D,error,"['Echeverría', 'San Lorenzo']",2,error,,,,,,,,,,
2017,5186,2017-07-17,Lunes,0.0,7:00:00,,0.0,2,"Peatón,Moto/Ciclomotor",Alvear Y Cordoba,2,1,0,0,1,0,0,,Calle,,ROSARIO,Rosario,Asfalto,Pavimento,II,Dentro,Urbana,Semáforo,Funciona,Recta,Bueno,Buena,Diurna,Buen Tiempo,S/D,Peatón,Atropello,Ninguna,Horizontal,Línea divisoria pintada,Sin restricción,error,"['Alvear', 'Córdoba']",2,error,,,,,,,,,,
2017,5197,2017-07-27,Jueves,0.0,0:05:00,,0.0,2,"Automóvil,Moto/Ciclomotor",Biedma Bis 100,2,1,0,0,1,0,0,,Calle,,ROSARIO,Rosario,Asfalto,No existe,II,S/D,Urbana,Ninguna,No existe,Recta,Con baches,Reducida p/ objetos,Nocturna,Buen Tiempo,De alcance,S/D,Colisión,Ninguna,Faltante,Ninguna,Sin restricción,no funciono,['Biedma Bis 100'],1,Biedma Bis 100,,,,,,,,,,