anio_acci,nro_acci,fecha,desc_dia,fecha_aprox,hora_aprox,desc_ruta,km,cant_participantes,desc_participante,calle_avenida_km,total,heridos_leves,heridos_graves,heridos_gravisimos,ilesos,fallecidos,sin_datos,posicion_XY,desc_tipo_via,desc_ruta_ori,desc_loc,desc_dpto,desc_tipo_calzada,desc_tipo_banquina,desc_unidad_regional,desc_lugar_calzada,desc_zona,desc_prioridad,desc_estado_semaforo,desc_lugar_via,desc_estado_via,desc_estado_visibilidad,desc_luminosidad,desc_estado_clima,desc_tipo_colision,desc_tipo_atropello,desc_tipo_hecho,desc_pres_calzada,desc_senializacion,desc_separacion_via,desc_restriccion,forma_geocod,calle_lista,numero_calles,calles_osm,lat,lon,index_right,gid,fna,gna,nam,in1,fdc,sag
2017,5204,2017-07-03,Lunes,0.0,11:00:00,,0.0,2,"Moto/Ciclomotor,Automóvil",Av. De Las Palmeras Y Av. Lugones,2,1,0,0,1,0,0,,Avenida,,ROSARIO,Rosario,Asfalto,No existe,II,Dentro,Urbana,Ninguna,No existe,S/D,Bueno,Buena,Diurna,Buen Tiempo,Lateral,S/D,Colisión,Ninguna,Faltante,Ninguna,Sin restricción,error,"['Las Palmas', 'Lugones']",2,error,,,,,,,,,,
2017,5221,2017-07-07,Viernes,0.0,11:45:00,,0.0,2,"Automóvil,Moto/Ciclomotor",Ayala Gauna Y Maipu,2,1,0,0,1,0,0,,Calle,,ROSARIO,Rosario,Asfalto,Pavimento,II,S/D,Urbana,Ninguna,No existe,Recta,Bueno,Buena,Diurna,Lluvia,De alcance,S/D,Colisión,Ninguna,Horizontal,Ninguna,Sin restricción,error,"['Ayala Gauna', 'Maipú']",2,error,,,,,,,,,,
2017,5262,2017-07-10,Lunes,0.0,12:20:00,,0.0,2,"Automóvil,Moto/Ciclomotor",Mariano Moreno Y Paraguay,2,1,0,0,1,0,0,,Calle,,ROSARIO,Rosario,Asfalto,No existe,II,Dentro,Urbana,Ninguna,No existe,Intersección,Bueno,Buena,Diurna,Buen Tiempo,Lateral,S/D,Colisión,Ninguna,Faltante,Ninguna,Sin restricción,error,"['Mariano Moreno', 'Paraguay']",2,error,,,,,,,,,,
2017,5408,2017-06-08,Jueves,0.0,2:30:00,,0.0,2,"Automóvil,Automóvil", ,4,2,0,0,2,0,0,,S/D,,ROSARIO,Rosario,S/D,S/D,II,S/D,S/D,S/D,S/D,S/D,S/D,S/D,S/D,S/D,S/D,S/D,Colisión,S/D,S/D,S/D,S/D,,[''],0,,,,,,,,,,,
2017,5639,2017-08-19,Sabado,0.0,20:00:00,,0.0,2,"Moto/Ciclomotor,Automóvil",Av. San Jose De Calasanz Y Av. Provincias Unidas,3,2,0,0,0,0,1,,Calle,,ROSARIO,Rosario,Asfalto,Pavimento,II,Dentro,Urbana,S/D,No existe,Puente,Deteriorada,Reducida,Nocturna,S/D,Frontal,S/D,Colisión,Ninguna,S/D,S/D,S/D,error,"['Avenida San José de Calasanz', 'Avenida Provincias Unidas']",2,error,,,,,,,,,,
2017,5649,2017-08-05,Sabado,0.0,6:15:00,,0.0,2,"Automóvil,Peatón",Av. Provincias Unidas Y J.J.Paso,2,1,0,0,1,0,0,,Avenida,,ROSARIO,Rosario,Asfalto,No existe,II,Dentro,Urbana,Paso Peatonal,No existe,Rotonda,Bueno,Buena,Nocturna,Buen Tiempo,S/D,Peatón,Atropello,Ninguna,Horizontal,Cordón divisorio,Sin restricción,error,"['Avenida Provincias Unidas', 'Paso']",2,error,,,,,,,,,,
2017,5666,2017-08-01,Martes,0.0,14:40:00,,0.0,2,"Moto/Ciclomotor,Automóvil",Herrera Y Godoy Cruz,2,1,0,0,1,0,0,,Calle,,ROSARIO,Rosario,Asfalto,No existe,II,Dentro,Urbana,Ninguna,No existe,Intersección,Bueno,Buena,Diurna,Otro,Lateral,S/D,Colisión,Ninguna,Faltante,Ninguna,Sin restricción,error,"['Herrera', 'Avenida Presidente Perón']",2,error,,,,,,,,,,
2017,5679,2017-08-10,Jueves,0.0,,,0.0,2,"Moto/Ciclomotor,Automóvil",Mendoza Y Camilo Aldao,2,1,0,0,1,0,0,,Calle,,ROSARIO,Rosario,Asfalto,No existe,II,Dentro,Urbana,Ninguna,Funciona,Recta,Bueno,S/D,S/D,S/D,De alcance,S/D,Colisión,S/D,Vertical,Ninguna,Sin restricción,error,"['Mendoza', 'Camilo Aldao']",2,error,,,,,,,,,,
2017,5688,2017-08-17,Jueves,0.0,,,0.0,2,"Automóvil,Automóvil",Ambrosetti Y J.J.Paso,2,1,0,0,1,0,0,,Avenida,,ROSARIO,Rosario,Asfalto,Pavimento,II,S/D,Urbana,Semáforo,Funciona,Recta,Bueno,Buena,S/D,Otro,Lateral,S/D,Colisión,Otro,"Horizontal,Vertical",Ninguna,Sin restricción,error,"['Ambrosetti', 'Paso']",2,error,,,,,,,,,,
2017,5704,2017-08-02,Miercoles,0.0,6:40:00,,0.0,2,"Moto/Ciclomotor,Automóvil",Melincue Y Rueda Bis,2,1,0,0,0,0,1,,Calle,,ROSARIO,Rosario,Asfalto,No existe,II,Dentro,Urbana,Ninguna,No existe,Recta,Bueno,Reducida,Amanecer,Otro,Lateral,S/D,Colisión,Ninguna,Horizontal,Ninguna,Sin restricción,error,"['Melincué', 'Rueda']",2,error,,,,,,,,,,
2017,5705,2017-08-13,Domingo,0.0,14:00:00,,0.0,2,"Bicicleta,Automóvil",San Martin Y Av. Battle y Ordoñez,2,1,0,0,1,0,0,,Avenida,,ROSARIO,Rosario,Hormigón,No existe,II,S/D,Urbana,Semáforo,Funciona,Rotonda,Bueno,Buena,Diurna,Buen Tiempo,S/D,Ciclista,Atropello,Ninguna,Vertical,Cordón divisorio,Sin restricción,error,"['San Martin', 'Avenida Battle y Ordoñez']",2,error,,,,,,,,,,
2017,5706,2017-08-02,Miercoles,0.0,21:35:00,,0.0,2,"Automóvil,Moto/Ciclomotor",Av. Battle y Ordoñez Y San Martin,2,1,0,0,1,0,0,,Avenida,,ROSARIO,Rosario,Asfalto,No existe,II,Dentro,Urbana,Ninguna,Funciona,Intersección,Bueno,Buena,Nocturna,Buen Tiempo,De alcance,S/D,Colisión,Ninguna,Vertical,Ninguna,Sin restricción,error,"['Avenida Battle y Ordoñez', 'San Martin']",2,error,,,,,,,,,,
2017,5855,2017-09-18,Lunes,0.0,20:13:00,,0.0,2,"Pickup/Utilitario,Moto/Ciclomotor",Pte.Roca 1450,2,1,0,0,1,0,0,,Calle,,ROSARIO,Rosario,Asfalto,No existe,II,S/D,Urbana,S/D,S/D,Recta,S/D,S/D,"Nocturna,Con luz artificial",S/D,S/D,S/D,Colisión,S/D,S/D,S/D,S/D,no funciono,['Presidenteroca 1450'],1,Presidenteroca 1450,,,,,,,,,,
2017,6052,2017-09-07,Jueves,0.0,10:50:00,,0.0,2,"Pickup/Utilitario,Peatón",Pte.Roca 652,2,1,0,0,1,0,0,,Calle,,ROSARIO,Rosario,Asfalto,No existe,II,S/D,Urbana,Paso Peatonal,No existe,Recta,S/D,S/D,Diurna,S/D,S/D,Peatón,Atropello,S/D,S/D,Ninguna,S/D,no funciono,['Presidenteroca 652'],1,Presidenteroca 652,,,,,,,,,,
2017,6067,2017-09-17,Domingo,0.0,22:50:00,,0.0,2,"Automóvil,Moto/Ciclomotor",Cordoba Y Alvear,3,1,0,0,2,0,0,,Calle,,ROSARIO,Rosario,Asfalto,No existe,II,S/D,Urbana,Semáforo,Funciona,Intersección,S/D,S/D,"Diurna,Con luz artificial",S/D,S/D,S/D,Colisión,S/D,"Horizontal,Vertical",Línea divisoria pintada,S/D,error,"['Córdoba', 'Alvear']",2,error,,,,,,,,,,
2017,6298,2017-09-08,Viernes,0.0,21:00:00,,0.0,2,"Peatón,Taxi/Remis",Pje. Pirayu Bis 1250,2,1,0,0,1,0,0,,Calle,,ROSARIO,Rosario,Tierra,No existe,II,Dentro,Urbana,Ninguna,No existe,Recta,Otro,Buena,Nocturna,Buen Tiempo,S/D,Peatón,Atropello,Ninguna,Faltante,Ninguna,Sin restricción,no funciono,['Pasaje Pirayu Bis 1250'],1,Pasaje Pirayu Bis 1250,,,,,,,,,,
2017,6312,2017-06-23,Viernes,0.0,,,0.0,2,"Automóvil,Moto/Ciclomotor",Sarmiento Y Olegario V.Andrade,2,1,0,0,1,0,0,,Calle,,ROSARIO,Rosario,S/D,S/D,II,Dentro,Urbana,S/D,S/D,Intersección,S/D,S/D,S/D,S/D,S/D,S/D,Colisión,S/D,S/D,S/D,S/D,error,"['Sarmiento', 'Olegario V Andrade']",2,error,,,,,,,,,,
2017,6334,2017-09-29,Viernes,0.0,19:55:00,,0.0,2,"Pickup/Utilitario,Moto/Ciclomotor",J.J.Paso Y Pje. Cafayate Bis,2,1,0,0,1,0,0,,Avenida,,ROSARIO,Rosario,Asfalto,No existe,II,Dentro,Urbana,Ninguna,No existe,Intersección,Bueno,Buena,Nocturna,Buen Tiempo,Lateral,S/D,Colisión,Ninguna,Faltante,Ninguna,Sin restricción,error,"['Paso', 'Cafayate']",2,error,,,,,,,,,,
2017,6397,2017-09-13,Miercoles,0.0,6:55:00,,0.0,2,"Moto/Ciclomotor,Moto/Ciclomotor",Mariano Cabal Bis Y Av. San Jose De Calasanz,3,1,0,0,2,0,0,,Calle,,ROSARIO,Rosario,Asfalto,No existe,II,Dentro,Urbana,Ninguna,No existe,Intersección,Bueno,Buena,Amanecer,Buen Tiempo,S/D,S/D,Colisión,Ninguna,Faltante,Ninguna,Sin restricción,error,"['Mariano Cabal', 'Avenida San José de Calasanz']",2,error,,,,,,,,,,
2017,6622,2017-09-23,Sabado,0.0,19:30:00,,0.0,2,"Moto/Ciclomotor,Automóvil",Bv. Oroño Y Av. Circunvalacion,2,1,0,0,1,0,0,,Calle,,ROSARIO,Rosario,Asfalto,No existe,II,Dentro,Urbana,Ninguna,No existe,Intersección,Bueno,Buena,Atardecer,Buen Tiempo,Lateral,S/D,Colisión,Ninguna,Faltante,Ninguna,Sin restricción,error,"['Bulevar Nicasio Oroño', 'Circunvalacion']",2,error,,,,,,,,,,
2017,6643,2017-09-09,Sabado,0.0,23:45:00,,0.0,1,Moto/Ciclomotor,España Y Pje. Peatonal,2,1,0,0,1,0,0,,Calle,,ROSARIO,Rosario,Asfalto,No existe,II,Fuera,Urbana,Ninguna,No existe,Recta,Con baches,Reducida,"Nocturna,Con luz artificial",Lluvia,Contra objeto fijo,S/D,Colisión,Fluidos,Faltante,Ninguna,Sin restricción,error,"['España', 'Peatonal']",2,error,,,,,,,,,,
2017,6646,2017-09-11,Lunes,0.0,11:00:00,,0.0,2,"Peatón,Automóvil",Virasoro 1100,2,1,0,0,1,0,0,,Calle,,ROSARIO,Rosario,Asfalto,No existe,II,Dentro,Urbana,S/D,S/D,Recta,Bueno,Buena,Diurna,Buen Tiempo,S/D,Peatón,Atropello,Ninguna,S/D,Ninguna,Sin restricción,no funciono,['Virasnicasio Oroño 1100'],1,Virasnicasio Oroño 1100,,,,,,,,,,
2017,6652,2017-09-22,Viernes,0.0,16:30:00,,0.0,2,"Camión Chasis,Moto/Ciclomotor",Av. Circunvalacion Y Bv. Oroño,2,1,0,0,1,0,0,,Avenida,,ROSARIO,Rosario,Asfalto,Pavimento,II,S/D,Urbana,Marca Vial,No existe,Recta,Bueno,Buena,Diurna,Buen Tiempo,De alcance,S/D,Colisión,Ninguna,"Horizontal,Vertical",Guardarrail,Sin restricción,error,"['Circunvalacion', 'Bulevar Nicasio Oroño']",2,error,,,,,,,,,,
2017,6667,2017-09-20,Miercoles,0.0,16:30:00,,0.0,2,"Bicicleta,Pickup/Utilitario",Av. Ovidio Lagos Y J.M.de Rosas,2,1,0,0,1,0,0,,Avenida,,ROSARIO,Rosario,Asfalto,No existe,II,Dentro,Urbana,Semáforo,Funciona,Curva,Deteriorada,Buena,Diurna,Buen Tiempo,S/D,Ciclista,Atropello,Ninguna,Vertical,Guardarrail,Sin restricción,error,"['Avenida Ovidio Lagos', 'De Rosas']",2,error,,,,,,,,,,
2017,6671,2017-09-24,Domingo,0.0,10:00:00,,0.0,2,"Bicicleta,Automóvil",Bv. Segui Y Pje. Spiro Bis,2,1,0,0,1,0,0,,S/D,,ROSARIO,Rosario,Asfalto,No existe,II,S/D,Urbana,Ninguna,No existe,Recta,Otro,Buena,Diurna,Buen Tiempo,S/D,Ciclista,Atropello,S/D,Faltante,Ninguna,Sin restricción,error,"['Bulevar Juan Francisco Seguí', 'Spiro']",2,error,,,,,,,,,,
2017,6674,2017-09-18,Lunes,0.0,11:00:00,,0.0,2,"Moto/Ciclomotor,Moto/Ciclomotor",Bv. Avellaneda Y Constitucion,2,2,0,0,0,0,0,,Avenida,,ROSARIO,Rosario,Asfalto,No existe,II,S/D,Urbana,Ninguna,No existe,Recta,Bueno,Buena,Diurna,Buen Tiempo,Lateral,S/D,Colisión,Ninguna,Horizontal,Cordón divisorio,Sin restricción,error,"['Avellaneda', 'Constitución']",2,error,,,,,,,,,,
2017,6677,2017-09-18,Lunes,0.0,8:45:00,,0.0,2,"Camión c / Acoplado,Moto/Ciclomotor",Av. Ovidio Lagos Y Mr.Ross,2,1,0,0,1,0,0,,Avenida,,ROSARIO,Rosario,Asfalto,No existe,II,Dentro,Urbana,Semáforo,Funciona,Intersección,Bueno,Buena,Diurna,Buen Tiempo,S/D,S/D,Colisión,Ninguna,Horizontal,Cordón divisorio,Sin restricción,error,"['Avenida Ovidio Lagos', 'Rodrigo M. Ross']",2,error,,,,,,,,,,
2017,6693,2017-09-07,Jueves,0.0,20:30:00,,0.0,2,"Bicicleta,Moto/Ciclomotor",Saavedra Y Constitucion,2,1,1,0,0,0,0,,Calle,,ROSARIO,Rosario,Asfalto,No existe,II,S/D,Urbana,Ninguna,No existe,Intersección,Bueno,Buena,Nocturna,Buen Tiempo,S/D,Ciclista,Atropello,Ninguna,Faltante,Ninguna,Sin restricción,error,"['Saavedra', 'Constitución']",2,error,,,,,,,,,,
2017,6770,2017-12-05,Martes,0.0,19:00:00,,0.0,3,"Automóvil,Automóvil,Automóvil",COALUEZ Y AV AVELLANEDA,6,1,0,0,2,0,3,,S/D,,ROSARIO,Rosario,Asfalto,No existe,II,Dentro,Urbana,Semáforo,Funciona,Recta,Bueno,Buena,Atardecer,Buen Tiempo,Múltiple,S/D,Colisión,Ninguna,Vertical,Cordón divisorio,Sin restricción,ppal calles no encontradas,"['Coaluez', 'Avellaneda']",2,error,,,,,,,,,,
2017,6858,2017-09-02,Sabado,0.0,10:15:00,,0.0,2,"Automóvil,Moto/Ciclomotor",Av. Provincias Unidas Y Ferrocarril Mitre,2,1,0,0,1,0,0,,Avenida,,ROSARIO,Rosario,Asfalto,No existe,II,Dentro,Urbana,Ninguna,No existe,Paso a Nivel FFCC,S/D,S/D,Diurna,S/D,De alcance,S/D,Colisión,S/D,S/D,Ninguna,Sin restricción,sec calles no encontradas,"['Avenida Provincias Unidas', 'Ferrocarril Mitre']",2,error,,,,,,,,,,
2017,6986,2017-09-21,Jueves,0.0,22:40:00,,0.0,2,"Moto/Ciclomotor,Automóvil",Av. Circunvalacion Y Av. Pellegrini,3,2,0,0,0,0,1,,Avenida,,ROSARIO,Rosario,Asfalto,No existe,II,Dentro,Urbana,S/D,No existe,Recta,Bueno,S/D,"Nocturna,Con luz artificial",S/D,Lateral,S/D,Colisión,S/D,S/D,Barrera de hormigón,S/D,error,"['Circunvalacion', 'Pellegrini']",2,error,,,,,,,,,,
2017,7053,2017-12-01,Viernes,0.0,9:00:00,,0.0,2,"Moto/Ciclomotor,Pickup/Utilitario",Mariano Moreno Y H. Quiroga,2,1,0,0,0,0,1,,Calle,,ROSARIO,Rosario,Asfalto,No existe,II,S/D,Urbana,Ninguna,No existe,Intersección,Bueno,Buena,Diurna,Buen Tiempo,Lateral,S/D,Colisión,Ninguna,Faltante,Ninguna,Sin restricción,error,"['Mariano Moreno', 'Quiroga']",2,error,,,,,,,,,,
2017,7157,2017-09-09,Sabado,0.0,11:50:00,,0.0,2,"Taxi/Remis,Automóvil", ,2,1,0,0,1,0,0,,Avenida,,ROSARIO,Rosario,Asfalto,No existe,II,Dentro,Urbana,Semáforo,Funciona,Intersección,Bueno,Buena,Diurna,Buen Tiempo,Lateral,S/D,Colisión,Ninguna,Vertical,Línea divisoria pintada,Sin restricción,,[''],0,,,,,,,,,,,
2017,7163,2017-09-12,Martes,0.0,20:00:00,,0.0,2,"Moto/Ciclomotor,Automóvil",Palliere Y J.M.de Rosas,2,1,0,0,1,0,0,,Avenida,,ROSARIO,Rosario,Asfalto,No existe,II,Dentro,Urbana,Semáforo,Funciona,Intersección,Bueno,Buena,Nocturna,Buen Tiempo,Lateral,S/D,Colisión,Ninguna,Vertical,Línea divisoria pintada,Sin restricción,error,"['Palliere', 'De Rosas']",2,error,,,,,,,,,,
2017,7228,2017-12-23,Sabado,0.0,16:00:00,,0.0,2,"Moto/Ciclomotor,Pickup/Utilitario",Fontana Y Sanchez Granel,2,1,0,0,1,0,0,,Calle,,ROSARIO,Rosario,Asfalto,S/D,II,S/D,Urbana,S/D,S/D,Recta,Bueno,Buena,Diurna,Otro,Frontal,S/D,Colisión,S/D,S/D,S/D,S/D,error,"['Luis Fontana', 'Granel']",2,error,,,,,,,,,,
2017,7234,2017-12-15,Viernes,0.0,17:15:00,,0.0,2,"Automóvil,Moto/Ciclomotor",Gianneo Y Av. Kennedy,2,1,0,0,1,0,0,,S/D,,ROSARIO,Rosario,Asfalto,No existe,II,S/D,Urbana,Ninguna,No existe,Intersección,Bueno,Buena,Diurna,Buen Tiempo,Lateral,S/D,Colisión,Ninguna,Faltante,Cordón divisorio,Sin restricción,error,"['Gianneo (Sur)', 'Kennedy']",2,error,,,,,,,,,,
2017,7245,2017-12-07,Jueves,0.0,19:00:00,,0.0,2,"Moto/Ciclomotor,Taxi/Remis",IRALA Y CALLE 1399,4,1,0,0,3,0,0,,Calle,,ROSARIO,Rosario,Asfalto,S/D,II,S/D,Urbana,S/D,S/D,Recta,Bueno,Buena,Diurna,Buen Tiempo,Frontal,S/D,S/D,S/D,S/D,S/D,S/D,error,"['Irala', '1399']",2,error,,,,,,,,,,
2017,7359,2017-12-16,Sabado,0.0,22:40:00,,0.0,2,"Moto/Ciclomotor,Automóvil",Batten Cottages 4251,3,0,1,0,2,0,0,,S/D,,ROSARIO,Rosario,Asfalto,S/D,II,S/D,Urbana,S/D,S/D,Recta,Bueno,Buena,Nocturna,Buen Tiempo,Frontal,S/D,Colisión,S/D,S/D,S/D,S/D,no funciono,['Batten Cottages 4251'],1,Batten Cottages 4251,,,,,,,,,,
2017,7392,2017-12-14,Jueves,0.0,13:45:00,,0.0,2,"Peatón,Pickup/Utilitario",Ayolas Bis 200,2,1,0,0,1,0,0,,Calle,,ROSARIO,Rosario,Asfalto,No existe,II,S/D,Urbana,Ninguna,No existe,Recta,Bueno,Buena,Diurna,Buen Tiempo,S/D,Peatón,Atropello,Ninguna,Faltante,Ninguna,Sin restricción,no funciono,['Ayolas Bis 200'],1,Ayolas Bis 200,,,,,,,,,,
2017,7524,2017-11-02,Jueves,0.0,12:35:00,,0.0,3,"Automóvil,Automóvil,Automóvil",Av. Provincias Unidas Y Colectora Juan Pablo II,5,2,1,0,2,0,0,,Avenida,,ROSARIO,Rosario,Asfalto,No existe,II,S/D,Urbana,Semáforo,Funciona,Curva,Bueno,Buena,Diurna,Buen Tiempo,"Contra objeto fijo,Múltiple",S/D,Atropello,Ninguna,Vertical,Guardarrail,Sin restricción,error,"['Avenida Provincias Unidas', 'Colectora Juan Pablo II']",2,error,,,,,,,,,,
2017,7532,2017-12-05,Martes,0.0,23:33:00,,0.0,1,Automóvil,AV MOUGFELD Y FRANCIA,5,4,0,0,1,0,0,,Avenida,,ROSARIO,Rosario,Asfalto,No existe,II,Dentro,Urbana,Ninguna,No existe,Curva,Bueno,Buena,Nocturna,Buen Tiempo,Contra objeto fijo,S/D,Colisión,Ninguna,Faltante,Ninguna,Sin restricción,error,"['Avenida Arquitecto Mongsfeld', 'Avenida Francia']",2,error,,,,,,,,,,
2017,7537,2017-12-08,Viernes,0.0,21:15:00,,0.0,2,"Pickup/Utilitario,Bicicleta",Florida Y Cabildo,3,2,0,0,1,0,0,,Calle,,ROSARIO,Rosario,Asfalto,No existe,II,Dentro,Urbana,Ninguna,No existe,Recta,Bueno,Buena,Nocturna,Buen Tiempo,Contra objeto fijo,Ciclista,Atropello,Ninguna,Faltante,Ninguna,Sin restricción,error,"['Florida', 'Cabildo']",2,error,,,,,,,,,,
2017,7538,2017-12-20,Miercoles,0.0,12:35:00,,0.0,2,"Automóvil,Automóvil",Av. Provincias Unidas Y Colectora Circunvalacion ,2,1,0,0,1,0,0,,Calle,,ROSARIO,Rosario,Asfalto,No existe,II,Dentro,Urbana,Señal Ceda el Paso,No existe,Distribuidor,Bueno,Buena,Diurna,Buen Tiempo,Frontal,S/D,Atropello,Ninguna,Vertical,Barrera de hormigón,Sin restricción,error,"['Avenida Provincias Unidas', 'Colectora de Circunvalación']",2,error,,,,,,,,,,
2017,7557,2017-12-01,Viernes,1.0,,,0.0,2,"Automóvil,Otros",Bv. Rondeau Y Bv. Bouchard,5,5,0,0,0,0,0,,Calle,,ROSARIO,Rosario,Asfalto,Pavimento,II,S/D,Urbana,S/D,S/D,Intersección,S/D,S/D,S/D,S/D,S/D,S/D,S/D,S/D,S/D,S/D,S/D,error,"['Rondeau', 'Bouchard']",2,error,,,,,,,,,,
2017,7563,2017-10-05,Jueves,0.0,9:35:00,,0.0,2,"Peatón,Taxi/Remis",Cordoba Y Alvear,2,1,0,0,1,0,0,,S/D,,ROSARIO,Rosario,Asfalto,No existe,II,S/D,Urbana,Semáforo,Funciona,Intersección,S/D,S/D,Diurna,S/D,S/D,Peatón,Atropello,S/D,S/D,Ninguna,S/D,error,"['Córdoba', 'Alvear']",2,error,,,,,,,,,,
2017,7724,2017-10-30,Lunes,0.0,16:45:00,,0.0,2,"Automóvil,Moto/Ciclomotor",Francia F Y Echeverria Bis,2,0,1,0,1,0,0,,Avenida,,ROSARIO,Rosario,Asfalto,No existe,II,Fuera,Urbana,Ninguna,No existe,Curva,Bueno,Buena,Diurna,Buen Tiempo,Otro,S/D,Colisión,Ninguna,Faltante,Ninguna,Sin restricción,error,"['Avenida Francia', 'Echeverría']",2,error,,,,,,,,,,
2017,7730,2017-10-21,Sabado,0.0,10:40:00,,0.0,2,"Moto/Ciclomotor,Bicicleta",Magallanes Y Chubut,2,1,0,0,1,0,0,,Calle,,ROSARIO,Rosario,Asfalto,No existe,II,Dentro,Urbana,Ninguna,No existe,Intersección,Bueno,Buena,Diurna,Otro,S/D,Ciclista,Atropello,Ninguna,Faltante,Ninguna,Sin restricción,error,"['Magallanes', 'Chubut']",2,error,,,,,,,,,,
2017,7755,2017-10-05,Jueves,0.0,17:00:00,,0.0,2,"Moto/Ciclomotor,Camión Chasis",Roullon Y Av. Argentina,5,4,0,0,1,0,0,,Calle,,ROSARIO,Rosario,Asfalto,No existe,II,Dentro,Urbana,Ninguna,No existe,Intersección,Bueno,Buena,Atardecer,Buen Tiempo,Lateral,S/D,Colisión,Ninguna,Faltante,Ninguna,Sin restricción,error,"['Alfredo Rouillón', 'Argentina']",2,error,,,,,,,,,,
2017,7784,2017-10-26,Jueves,0.0,,,0.0,3,"Transporte de Pasajeros Urbano (> 8 asientos),Moto/Ciclomotor,Moto/Ciclomotor",RAUL ALFONSIN Y FONTANA,5,2,2,0,1,0,0,,Calle,,ROSARIO,Rosario,Asfalto,S/D,II,S/D,Urbana,S/D,S/D,S/D,Bueno,Buena,Nocturna,Buen Tiempo,Múltiple,S/D,Colisión,S/D,S/D,S/D,S/D,error,"['Raúl Alfonsín', 'Luis Fontana']",2,error,,,,,,,,,,
2017,7791,2017-10-26,Jueves,0.0,,,0.0,2,"Automóvil,Moto/Ciclomotor",RAUL ALFONSIN Y FONTANA,2,0,1,0,1,0,0,,Calle,,ROSARIO,Rosario,Asfalto,No existe,II,S/D,Urbana,S/D,S/D,S/D,Bueno,Buena,Nocturna,Buen Tiempo,Frontal,S/D,Colisión,S/D,S/D,S/D,S/D,error,"['Raúl Alfonsín', 'Luis Fontana']",2,error,,,,,,,,,,
2017,7811,2017-10-27,Viernes,0.0,12:15:00,,0.0,2,"Moto/Ciclomotor,Moto/Ciclomotor",CAMINO DE LOS LADRILLEROS 3800,3,2,0,0,1,0,0,,Calle,,ROSARIO,Rosario,Asfalto,No existe,II,Dentro,Urbana,Ninguna,No existe,Recta,Bueno,Buena,Diurna,Buen Tiempo,S/D,S/D,Colisión,Ninguna,Faltante,Ninguna,Sin restricción,no funciono,['Camino De Los Ladrilleros 3800'],1,Camino De Los Ladrilleros 3800,,,,,,,,,,
2017,7909,2017-10-22,Domingo,0.0,23:00:00,,0.0,2,"Automóvil,Moto/Ciclomotor",Martinez Estrada Y Pje. 1404 Bis,2,1,0,0,1,0,0,,Calle,,ROSARIO,Rosario,Asfalto,No existe,II,S/D,Urbana,Ninguna,No existe,Intersección,Deteriorada,S/D,Nocturna,S/D,De alcance,S/D,Colisión,S/D,S/D,Ninguna,S/D,sec calles no encontradas,"['Martinez Estrada', '1404']",2,error,,,,,,,,,,
2017,7934,2017-10-31,Martes,0.0,,,0.0,2,"Automóvil,Moto/Ciclomotor",J.J.Paso Y Av. Brassey,2,1,0,0,1,0,0,,Calle,,ROSARIO,Rosario,Asfalto,No existe,II,S/D,Urbana,Semáforo,Funciona,Recta,Bueno,Buena,S/D,Otro,Lateral,S/D,Colisión,Otro,Vertical,Ninguna,Sin restricción,error,"['Paso', 'Brassey']",2,error,,,,,,,,,,
2017,7937,2017-10-25,Miercoles,0.0,8:30:00,,0.0,2,"Automóvil,Moto/Ciclomotor",Rawson Bis Y Acevedo Bis,2,1,0,0,1,0,0,,Avenida,,ROSARIO,Rosario,Asfalto,No existe,II,S/D,Urbana,Ninguna,S/D,Recta,S/D,Reducida polvo,Diurna,Otro,Lateral,S/D,Colisión,Otro,Vertical,Ninguna,Sin restricción,error,"['Rawson', 'Acevedo']",2,error,,,,,,,,,,
2017,8062,2017-10-18,Miercoles,0.0,19:30:00,,0.0,2,"Pickup/Utilitario,Moto/Ciclomotor", ,2,1,0,0,1,0,0,,Calle,,ROSARIO,Rosario,Asfalto,No existe,II,Dentro,Urbana,Ninguna,No existe,Intersección,Bueno,Buena,Atardecer,Buen Tiempo,Lateral,S/D,Colisión,Ninguna,Faltante,Ninguna,Sin restricción,,[''],0,,,,,,,,,,,
2017,8179,2017-10-08,Domingo,0.0,17:00:00,,0.0,3,"Bicicleta,Bicicleta,Pickup/Utilitario",Mariano Cabal Bis Y Av. San Jose De Calasanz,3,2,0,0,1,0,0,,Calle,,ROSARIO,Rosario,Tierra,No existe,II,S/D,Urbana,Ninguna,No existe,Recta,S/D,Buena,Diurna,Buen Tiempo,S/D,Ciclista,Atropello,Ninguna,Faltante,Ninguna,Sin restricción,error,"['Mariano Cabal', 'Avenida San José de Calasanz']",2,error,,,,,,,,,,
2017,8190,2017-10-15,Domingo,0.0,17:30:00,,0.0,2,"Moto/Ciclomotor,Automóvil",Av. Pellegrini Y Cochabamba,2,1,0,0,1,0,0,,Calle,,ROSARIO,Rosario,Asfalto,No existe,II,S/D,Urbana,Semáforo,Funciona,Recta,Bueno,S/D,Diurna,S/D,S/D,S/D,Colisión,Ninguna,"Horizontal,Vertical","Cordón divisorio,Vegetación,Línea divisoria pintada",S/D,error,"['Pellegrini', 'Cochabamba']",2,error,,,,,,,,,,
2017,8237,2017-10-23,Lunes,0.0,13:50:00,,0.0,2,"Bicicleta,Pickup/Utilitario",Pje. Puccini 282,2,1,0,0,1,0,0,,Calle,,ROSARIO,Rosario,Asfalto,No existe,II,Dentro,Urbana,Ninguna,No existe,Recta,Bueno,Buena,Diurna,Buen Tiempo,S/D,Ciclista,Atropello,Ninguna,Faltante,Ninguna,Sin restricción,no funciono,['Pasaje Puccini 282'],1,Pasaje Puccini 282,,,,,,,,,,
2017,8239,2017-10-18,Miercoles,0.0,13:00:00,,0.0,2,"Automóvil,Moto/Ciclomotor",Pje. Ricardone 1342,2,1,0,0,1,0,0,,Calle,,ROSARIO,Rosario,Asfalto,No existe,II,Dentro,Urbana,S/D,No existe,Recta,S/D,S/D,Diurna,S/D,S/D,S/D,Colisión,S/D,Faltante,Ninguna,S/D,no funciono,['Pasaje Ricardone 1342'],1,Pasaje Ricardone 1342,,,,,,,,,,
2017,8309,2017-10-01,Domingo,1.0,,,0.0,2,"Bicicleta,Moto/Ciclomotor",Pje. Azopardo ,2,1,0,0,1,0,0,,Calle,,ROSARIO,Rosario,Hormigón,Pavimento,I,Dentro,Urbana,Ninguna,No existe,Recta,Bueno,Buena,Nocturna,Buen Tiempo,S/D,Ciclista,Atropello,Ninguna,Faltante,Cordón divisorio,Sin restricción,no funciono,['Pasaje Azopardo'],1,Pasaje Azopardo,,,,,,,,,,
2017,8380,2017-10-13,Viernes,0.0,15:45:00,,0.0,2,"Automóvil,Moto/Ciclomotor",Av. Alberdi Bis 200,2,1,0,0,1,0,0,,Avenida,,ROSARIO,Rosario,Asfalto,No existe,II,Dentro,Urbana,Ninguna,Funciona,Recta,Bueno,Buena,Diurna,Buen Tiempo,Otro,S/D,Colisión,Ninguna,"Horizontal,Vertical","Cordón divisorio,Línea divisoria pintada",Sin restricción,no funciono,['Alberdi Bis 200'],1,Alberdi Bis 200,,,,,,,,,,
2017,8706,2017-11-02,Jueves,0.0,21:45:00,,0.0,2,"Peatón,Pickup/Utilitario",Pje. Patria 1900,2,1,0,0,0,0,1,,Calle,,ROSARIO,Rosario,Asfalto,No existe,II,Dentro,Urbana,Ninguna,No existe,Recta,Bueno,Buena,"Nocturna,Con luz artificial",Buen Tiempo,S/D,Peatón,Atropello,Ninguna,Faltante,Ninguna,Sin restricción,no funciono,['Pasaje Patria 1900'],1,Pasaje Patria 1900,,,,,,,,,,
2017,8713,2017-11-01,Miercoles,0.0,12:05:00,,0.0,2,"Pickup/Utilitario,Moto/Ciclomotor",Saavedra Y Constitucion,4,1,0,0,3,0,0,,Calle,,ROSARIO,Rosario,Asfalto,No existe,II,Dentro,Urbana,Ninguna,No existe,Intersección,Bueno,Buena,Diurna,Buen Tiempo,Lateral,S/D,Colisión,Ninguna,Faltante,Ninguna,Sin restricción,error,"['Saavedra', 'Constitución']",2,error,,,,,,,,,,