anio_acci,nro_acci,fecha,desc_dia,fecha_aprox,hora_aprox,desc_ruta,km,cant_participantes,desc_participante,calle_avenida_km,total,heridos_leves,heridos_graves,heridos_gravisimos,ilesos,fallecidos,sin_datos,posicion_XY,desc_tipo_via,desc_ruta_ori,desc_loc,desc_dpto,desc_tipo_calzada,desc_tipo_banquina,desc_unidad_regional,desc_lugar_calzada,desc_zona,desc_prioridad,desc_estado_semaforo,desc_lugar_via,desc_estado_via,desc_estado_visibilidad,desc_luminosidad,desc_estado_clima,desc_tipo_colision,desc_tipo_atropello,desc_tipo_hecho,desc_pres_calzada,desc_senializacion,desc_separacion_via,desc_restriccion,forma_geocod,calle_lista,numero_calles,calles_osm,lat,lon,index_right,gid,fna,gna,nam,in1,fdc,sag
2017,8871,2017-07-17,Lunes,0.0,,,0.0,2,"Taxi/Remis,Moto/Ciclomotor",Av. Corrientes Y Olegario V.Andrade,3,2,0,0,1,0,0,,Calle,,ROSARIO,Rosario,Asfalto,No existe,II,Dentro,Urbana,Ninguna,No existe,Intersección,Bueno,S/D,S/D,S/D,S/D,S/D,Colisión,Ninguna,Faltante,Ninguna,Sin restricción,error,"['Corrientes', 'Olegario V Andrade']",2,error,,,,,,,,,,
2017,8953,2017-11-27,Lunes,0.0,6:50:00,,0.0,2,"Moto/Ciclomotor,Pickup/Utilitario",JUAN B JUSTO Y GARCÍA DEL COSSIO,2,1,0,0,1,0,0,,Calle,,ROSARIO,Rosario,S/D,S/D,II,Dentro,Urbana,S/D,S/D,S/D,S/D,S/D,S/D,S/D,Lateral,S/D,Colisión,S/D,S/D,S/D,S/D,error,"['Juan B. Justo', 'García del Cossio']",2,error,,,,,,,,,,
2017,8966,2017-11-30,Jueves,0.0,20:00:00,,0.0,2,"Moto/Ciclomotor,Transporte de Pasajeros Urbano (> 8 asientos)",Tarragona Bis 1200,2,1,0,0,1,0,0,,Calle,,ROSARIO,Rosario,Asfalto,Ripio,II,Dentro,Urbana,Ninguna,No existe,Recta,Bueno,Reducida,Atardecer,Buen Tiempo,De alcance,S/D,Colisión,Ninguna,Faltante,Ninguna,Sin restricción,no funciono,['Tarragona Bis 1200'],1,Tarragona Bis 1200,,,,,,,,,,
2017,8989,2017-11-04,Sabado,0.0,22:15:00,,0.0,2,"Moto/Ciclomotor,Automóvil",Schweitzer Y Olmos Bis,4,2,0,0,1,0,1,,Calle,,ROSARIO,Rosario,Asfalto,No existe,II,S/D,Urbana,Ninguna,No existe,Intersección,"Con baches,Deteriorada",S/D,Nocturna,S/D,S/D,S/D,Colisión,S/D,Faltante,Ninguna,S/D,error,"['Albert Schweitzer', 'Los Olmos']",2,error,,,,,,,,,,
2017,9012,2017-11-09,Jueves,0.0,,,0.0,3,"Automóvil,Automóvil,Moto/Ciclomotor",Nicolas Laguna Y Grandoli,3,1,0,0,2,0,0,,Calle,,ROSARIO,Rosario,Asfalto,No existe,II,S/D,Urbana,S/D,S/D,Intersección,Bueno,Buena,Diurna,Buen Tiempo,Múltiple,S/D,Colisión,S/D,S/D,S/D,S/D,error,"['Laguna', 'Avenida Abanderado Grandoli']",2,error,,,,,,,,,,
2017,9025,2017-11-01,Miercoles,0.0,5:35:00,,0.0,2,"Taxi/Remis,Automóvil",Alvear Y 3 De Febrero,2,1,0,0,1,0,0,,Calle,,ROSARIO,Rosario,Asfalto,No existe,II,S/D,Urbana,S/D,S/D,Intersección,S/D,S/D,"Nocturna,Con luz artificial",S/D,S/D,S/D,Colisión,S/D,Horizontal,S/D,S/D,error,"['Alvear', '3 de Febrero']",2,error,,,,,,,,,,
2017,9038,2017-11-18,Sabado,0.0,14:15:00,,0.0,1,Automóvil,Av. Circunvalacion Y Av. Pellegrini,3,0,2,0,1,0,0,,Avenida,,ROSARIO,Rosario,Asfalto,Pavimento,II,Dentro,Urbana,S/D,S/D,Otro,Bueno,S/D,Diurna,S/D,S/D,S/D,Otro,S/D,S/D,Barrera de alto impacto,S/D,error,"['Circunvalacion', 'Pellegrini']",2,error,,,,,,,,,,
2017,9051,2017-11-15,Miercoles,0.0,12:40:00,,0.0,2,"Moto/Ciclomotor,Automóvil",Medrano Y Cayetano Silva,2,1,0,0,1,0,0,,Calle,,ROSARIO,Rosario,Asfalto,No existe,II,Dentro,Urbana,Ninguna,No existe,Intersección,Bueno,Buena,Diurna,Buen Tiempo,Lateral,S/D,Colisión,Ninguna,Faltante,Ninguna,Sin restricción,error,"['Medrano', 'Cayetano Silva']",2,error,,,,,,,,,,
2017,9067,2017-11-23,Jueves,0.0,22:00:00,,0.0,2,"Moto/Ciclomotor,Automóvil",Pte.Roca 1262,2,1,0,0,1,0,0,,Calle,,ROSARIO,Rosario,Asfalto,No existe,II,S/D,Urbana,S/D,S/D,Recta,S/D,S/D,"Nocturna,Con luz artificial",S/D,S/D,S/D,Colisión,S/D,S/D,S/D,S/D,no funciono,['Presidenteroca 1262'],1,Presidenteroca 1262,,,,,,,,,,
2017,9068,2017-11-25,Sabado,0.0,8:40:00,,0.0,2,"Moto/Ciclomotor,Automóvil",Bv. Oroño ,2,0,1,0,1,0,0,,Avenida,,ROSARIO,Rosario,Asfalto,No existe,II,S/D,Urbana,S/D,S/D,Recta,S/D,S/D,Diurna,S/D,S/D,S/D,Colisión,S/D,S/D,S/D,S/D,no funciono,['Nicasio Oroñoño'],1,Nicasio Oroñoño,,,,,,,,,,
2017,9072,2017-11-27,Lunes,0.0,17:15:00,,0.0,2,"Moto/Ciclomotor,Taxi/Remis",Salta Y Alvear,2,1,0,0,1,0,0,,Calle,,ROSARIO,Rosario,Asfalto,No existe,II,S/D,Urbana,S/D,S/D,Intersección,S/D,S/D,Diurna,S/D,S/D,S/D,Colisión,S/D,"Horizontal,Vertical",S/D,S/D,error,"['Salta', 'Alvear']",2,error,,,,,,,,,,
2017,9088,2017-11-16,Jueves,0.0,15:50:00,,0.0,2,"Moto/Ciclomotor,Vehículo Oficial",Olegario V.Andrade Y Pje. Del Campo,3,2,0,0,0,0,1,,Calle,,ROSARIO,Rosario,Asfalto,No existe,II,Dentro,Urbana,Ninguna,No existe,Recta,Bueno,Buena,Diurna,Buen Tiempo,Lateral,S/D,Colisión,Ninguna,Horizontal,Ninguna,Sin restricción,error,"['Olegario V Andrade', 'Del Campo']",2,error,,,,,,,,,,
2017,9091,2017-11-17,Viernes,0.0,17:05:00,,0.0,2,"Automóvil,Automóvil",Gurruchaga Y Av. Carlos Colombres,6,2,0,0,4,0,0,,Avenida,,ROSARIO,Rosario,Asfalto,No existe,II,Dentro,Urbana,Semáforo,Funciona,Intersección,S/D,Buena,Diurna,Buen Tiempo,Lateral,S/D,Colisión,S/D,"Horizontal,Vertical",Cordón divisorio,Sin restricción,error,"['Gurruchaga', 'José Colombres']",2,error,,,,,,,,,,
2017,9099,2017-11-03,Viernes,0.0,23:00:00,,0.0,2,"Otros,Otros",Av. Sorrento Y Machain,3,1,0,0,2,0,0,,Calle,,ROSARIO,Rosario,Asfalto,Pavimento,II,Dentro,Urbana,Ninguna,No existe,Intersección,S/D,Buena,Nocturna,Buen Tiempo,Lateral,S/D,Colisión,S/D,S/D,Ninguna,Sin restricción,error,"['Sorrento', 'Machain']",2,error,,,,,,,,,,
2017,9100,2017-11-03,Viernes,0.0,23:00:00,,0.0,2,"Automóvil,Moto/Ciclomotor",Av. Sorrento Y Machain,3,1,0,0,2,0,0,,Calle,,ROSARIO,Rosario,Asfalto,Pavimento,II,Dentro,Urbana,Ninguna,No existe,Intersección,S/D,Buena,Nocturna,Buen Tiempo,Lateral,S/D,Colisión,S/D,S/D,Ninguna,Sin restricción,error,"['Sorrento', 'Machain']",2,error,,,,,,,,,,
2017,9108,2017-11-09,Jueves,0.0,7:45:00,,0.0,2,"Automóvil,Taxi/Remis",8 DE NOVIEMBRE  Y TRAVESÍA,2,1,0,0,1,0,0,,Calle,,ROSARIO,Rosario,Asfalto,Pavimento,II,Dentro,Urbana,Ninguna,No existe,Intersección,S/D,Buena,Diurna,S/D,Otro,S/D,Colisión,S/D,S/D,Ninguna,Sin restricción,error,"['Ocho de Noviembre', 'Travesía']",2,error,,,,,,,,,,
2017,9146,2017-11-05,Domingo,0.0,21:40:00,,0.0,2,"Automóvil,Moto/Ciclomotor",Bv. Rondeau Y Mariano Moreno,4,2,0,0,2,0,0,,Avenida,,ROSARIO,Rosario,Asfalto,No existe,II,Dentro,Urbana,Ninguna,No existe,Recta,Bueno,S/D,Nocturna,Buen Tiempo,Otro,S/D,Colisión,Ninguna,Faltante,Ninguna,Sin restricción,error,"['Rondeau', 'Mariano Moreno']",2,error,,,,,,,,,,
2017,9149,2017-11-03,Viernes,0.0,7:45:00,,0.0,2,"Bicicleta,Automóvil",Pje. Ruiz Bis Y Av. Provincias Unidas,2,1,0,0,1,0,0,,Calle,,ROSARIO,Rosario,Hormigón,No existe,II,Dentro,Urbana,Ninguna,No existe,Recta,Bueno,Buena,Diurna,Buen Tiempo,S/D,Ciclista,Atropello,Ninguna,Faltante,Ninguna,Sin restricción,error,"['Ruiz', 'Avenida Provincias Unidas']",2,error,,,,,,,,,,
2017,9153,2017-11-03,Viernes,0.0,17:45:00,,0.0,2,"Automóvil,Transporte de Pasajeros Urbano (> 8 asientos)",Olegario V.Andrade Y Sarmiento,4,1,0,0,2,0,1,,Calle,,ROSARIO,Rosario,Asfalto,No existe,II,Dentro,Urbana,Ninguna,No existe,Intersección,Bueno,Buena,Diurna,Buen Tiempo,De alcance,S/D,Colisión,Ninguna,Faltante,Ninguna,Sin restricción,error,"['Olegario V Andrade', 'Sarmiento']",2,error,,,,,,,,,,
2017,9157,2017-11-08,Miercoles,0.0,21:30:00,,0.0,2,"Automóvil,Moto/Ciclomotor",Grandoli Y Cepeda,2,1,0,0,1,0,0,,Calle,,ROSARIO,Rosario,Asfalto,No existe,II,S/D,Urbana,Ninguna,No existe,Intersección,Bueno,Buena,"Nocturna,Con luz artificial",Buen Tiempo,Lateral,S/D,Colisión,Ninguna,Faltante,Ninguna,Sin restricción,error,"['Avenida Abanderado Grandoli', 'Cepeda']",2,error,,,,,,,,,,
2017,9161,2017-11-27,Lunes,0.0,9:30:00,,0.0,2,"Bicicleta,Automóvil",Agrelo Y Vieytes,2,1,0,0,1,0,0,,Calle,,ROSARIO,Rosario,Asfalto,No existe,II,Dentro,Urbana,Ninguna,No existe,Intersección,Otro,Buena,Diurna,Buen Tiempo,S/D,Ciclista,Atropello,Ninguna,S/D,S/D,S/D,error,"['Agrela', 'Vieytes']",2,error,,,,,,,,,,
2017,9187,2017-11-22,Miercoles,0.0,11:00:00,,0.0,2,"Automóvil,Automóvil",Laprida Y Melincue,3,1,0,0,2,0,0,,Calle,,ROSARIO,Rosario,S/D,No existe,II,Dentro,Urbana,Ninguna,No existe,Intersección,Bueno,Buena,"Nocturna,Con luz artificial",Buen Tiempo,Lateral,S/D,Colisión,Ninguna,Faltante,Ninguna,Sin restricción,error,"['Laprida', 'Melincué']",2,error,,,,,,,,,,
2017,9223,2017-11-27,Lunes,0.0,10:30:00,,0.0,2,"Moto/Ciclomotor,Pickup/Utilitario",J.J.Paso Y Av. Provincias Unidas,2,1,0,0,1,0,0,,Avenida,,ROSARIO,Rosario,Asfalto,No existe,II,Dentro,Urbana,Señal Ceda el Paso,No existe,Rotonda,Bueno,Buena,Diurna,Buen Tiempo,De alcance,S/D,Colisión,Ninguna,Vertical,Guardarrail,Sin restricción,error,"['Paso', 'Avenida Provincias Unidas']",2,error,,,,,,,,,,
2017,9248,2017-11-16,Jueves,0.0,10:00:00,,0.0,2,"Moto/Ciclomotor,Taxi/Remis",Pte.Roca A 2350,2,1,0,0,1,0,0,,Calle,,ROSARIO,Rosario,Asfalto,No existe,II,Dentro,Urbana,Ninguna,No existe,Recta,Bueno,Buena,Diurna,Buen Tiempo,Lateral,S/D,Colisión,Ninguna,Faltante,Ninguna,Sin restricción,no funciono,['Presidenteroca A 2350'],1,Presidenteroca A 2350,,,,,,,,,,
2017,9323,2017-07-21,Viernes,0.0,,,0.0,1,Automóvil,Magallanes Y Lamadrid,1,1,0,0,0,0,0,,Calle,,ROSARIO,Rosario,S/D,S/D,I,Dentro,Urbana,S/D,S/D,Recta,S/D,S/D,Diurna,S/D,S/D,S/D,Vuelco,S/D,S/D,S/D,S/D,error,"['Magallanes', 'Lamadrid']",2,error,,,,,,,,,,
2017,9329,2017-11-20,Lunes,0.0,7:30:00,,0.0,2,"Automóvil,Taxi/Remis",Av. E.Lopez Y Av. Francia,5,3,1,0,1,0,0,,Avenida,,ROSARIO,Rosario,Asfalto,No existe,II,Dentro,Urbana,Semáforo,Funciona,Recta,Bueno,Buena,Diurna,Buen Tiempo,De alcance,S/D,Colisión,Ninguna,"Horizontal,Vertical",Ninguna,Sin restricción,error,"['Lopez', 'Avenida Francia']",2,error,,,,,,,,,,
2017,9490,2017-08-17,Jueves,0.0,15:00:00,,0.0,2,"Automóvil,Pickup/Utilitario",Pje. Lincoln Y Ayolas,2,1,0,0,1,0,0,,Calle,,ROSARIO,Rosario,Hormigón,Natural,II,S/D,Urbana,Ninguna,No existe,Recta,Bueno,Buena,Diurna,Buen Tiempo,De alcance,S/D,Colisión,Ninguna,Faltante,Guardarrail,Sin restricción,error,"['Lincoln', 'Ayolas']",2,error,,,,,,,,,,
2017,9506,2017-08-19,Sabado,0.0,12:30:00,,0.0,2,"Automóvil,Automóvil",Pte.Roca 900,2,1,0,0,1,0,0,,Calle,,ROSARIO,Rosario,Asfalto,No existe,II,Dentro,Urbana,Semáforo,Funciona,Recta,Bueno,Buena,Diurna,Buen Tiempo,Lateral,S/D,Colisión,Ninguna,Vertical,Ninguna,Sin restricción,no funciono,['Presidenteroca 900'],1,Presidenteroca 900,,,,,,,,,,
2017,9514,2017-08-12,Sabado,0.0,14:10:00,,0.0,2,"Automóvil,Moto/Ciclomotor",Centeno Y Garibaldi,3,2,0,0,1,0,0,,Calle,,ROSARIO,Rosario,Asfalto,No existe,II,Dentro,Urbana,Ninguna,No existe,Intersección,Con baches,Buena,Diurna,Buen Tiempo,Lateral,S/D,Colisión,Ninguna,Faltante,Ninguna,Sin restricción,error,"['Centeno', 'José Garibaldi']",2,error,,,,,,,,,,
2017,9519,2017-08-23,Miercoles,0.0,16:10:00,,0.0,2,"Taxi/Remis,Moto/Ciclomotor",Sarmiento Y Urquiza,2,1,0,0,1,0,0,,Calle,,ROSARIO,Rosario,Asfalto,No existe,II,Dentro,Urbana,Semáforo,Funciona,Recta,Bueno,Buena,Diurna,Buen Tiempo,S/D,S/D,Colisión,Ninguna,"Horizontal,Vertical",Ninguna,Sin restricción,error,"['Sarmiento', 'Urquiza']",2,error,,,,,,,,,,
2017,9524,2017-08-05,Sabado,0.0,13:20:00,,0.0,2,"Peatón,Automóvil", ,2,1,0,0,1,0,0,,Calle,,ROSARIO,Rosario,Asfalto,No existe,II,Dentro,Urbana,Marca Vial,No existe,Intersección,Bueno,Buena,Diurna,Buen Tiempo,S/D,Peatón,Atropello,Ninguna,Horizontal,Línea divisoria pintada,Sin restricción,,[''],0,,,,,,,,,,,
2017,9525,2017-08-17,Jueves,0.0,16:35:00,,0.0,2,"Moto/Ciclomotor,Automóvil",Salta Y Catamarca,2,1,0,0,1,0,0,,Calle,,ROSARIO,Rosario,Asfalto,No existe,II,Dentro,Urbana,Semáforo,Funciona,Recta,Bueno,Buena,Diurna,Buen Tiempo,Lateral,S/D,Colisión,Ninguna,Vertical,Ninguna,Sin restricción,error,"['Salta', 'Catamarca']",2,error,,,,,,,,,,
2017,9653,2017-08-09,Miercoles,0.0,13:30:00,,0.0,2,"Moto/Ciclomotor,Automóvil",Pueyrredon Y Mr.Ross,2,1,0,0,1,0,0,,Calle,,ROSARIO,Rosario,Asfalto,No existe,II,S/D,Urbana,Ninguna,No existe,Intersección,Bueno,Buena,Diurna,Buen Tiempo,Lateral,S/D,Colisión,Ninguna,Faltante,Ninguna,Sin restricción,error,"['Pueyrredón', 'Rodrigo M. Ross']",2,error,,,,,,,,,,
2017,9654,2017-08-08,Martes,0.0,17:00:00,,0.0,2,"Bicicleta,Moto/Ciclomotor",Olegario V.Andrade Y Pje. Gral.Savio,2,0,1,0,1,0,0,,Calle,,ROSARIO,Rosario,Asfalto,No existe,II,S/D,Urbana,Ninguna,No existe,Intersección,Bueno,Buena,Diurna,Buen Tiempo,S/D,Ciclista,Atropello,Ninguna,Horizontal,Ninguna,Sin restricción,error,"['Olegario V Andrade', 'Savio']",2,error,,,,,,,,,,
2017,9987,2017-09-01,Viernes,0.0,,,0.0,2,"Automóvil,Moto/Ciclomotor", ,2,1,0,0,1,0,0,,S/D,,ROSARIO,Rosario,S/D,S/D,II,S/D,S/D,S/D,S/D,S/D,S/D,S/D,S/D,S/D,S/D,S/D,Colisión,S/D,S/D,S/D,S/D,,[''],0,,,,,,,,,,,
2017,10001,2017-09-07,Jueves,0.0,,,0.0,3,"Automóvil,Automóvil,Pickup/Utilitario", ,3,1,0,0,2,0,0,,S/D,,ROSARIO,Rosario,S/D,S/D,II,S/D,S/D,S/D,S/D,S/D,S/D,S/D,S/D,S/D,Múltiple,S/D,Colisión,S/D,S/D,S/D,S/D,,[''],0,,,,,,,,,,,
2017,10057,2017-09-21,Jueves,0.0,17:25:00,,0.0,2,"Moto/Ciclomotor,Automóvil", ,2,1,0,0,1,0,0,,S/D,,ROSARIO,Rosario,S/D,S/D,II,S/D,S/D,S/D,S/D,S/D,S/D,S/D,Diurna,S/D,S/D,S/D,Colisión,S/D,S/D,S/D,S/D,,[''],0,,,,,,,,,,,
2017,10068,2017-09-28,Jueves,0.0,,,0.0,2,"Automóvil,Moto/Ciclomotor", ,2,1,0,0,1,0,0,,S/D,,ROSARIO,Rosario,S/D,S/D,II,S/D,S/D,S/D,S/D,S/D,S/D,S/D,S/D,S/D,S/D,S/D,Colisión,S/D,S/D,S/D,S/D,,[''],0,,,,,,,,,,,
2017,10114,2017-12-05,Martes,0.0,,,0.0,1,Pickup/Utilitario, ,1,1,0,0,0,0,0,,S/D,,ROSARIO,Rosario,S/D,S/D,II,S/D,S/D,S/D,S/D,S/D,S/D,S/D,S/D,S/D,Contra objeto fijo,S/D,Colisión,S/D,S/D,S/D,S/D,,[''],0,,,,,,,,,,,
2017,10166,2017-12-12,Martes,0.0,,,0.0,2,"Automóvil,Automóvil", ,3,2,0,0,1,0,0,,S/D,,ROSARIO,Rosario,S/D,S/D,II,S/D,S/D,S/D,S/D,S/D,S/D,S/D,S/D,S/D,S/D,S/D,Colisión,S/D,S/D,S/D,S/D,,[''],0,,,,,,,,,,,
2017,10174,2017-12-14,Jueves,0.0,7:20:00,,0.0,2,"Automóvil,Moto/Ciclomotor", ,3,1,1,0,1,0,0,,S/D,,ROSARIO,Rosario,S/D,S/D,II,S/D,S/D,S/D,S/D,S/D,S/D,S/D,S/D,S/D,S/D,S/D,S/D,S/D,S/D,S/D,S/D,,[''],0,,,,,,,,,,,
2017,10243,2017-09-13,Miercoles,0.0,7:00:00,,0.0,1,Pickup/Utilitario,Av. Pellegrini Y Av. Circunvalacion,1,1,0,0,0,0,0,,Calle,,ROSARIO,Rosario,Asfalto,No existe,II,Dentro,Urbana,S/D,No existe,Curva,Bueno,S/D,Diurna,S/D,S/D,S/D,Vuelco,Ninguna,Horizontal,Ninguna,Sin restricción,error,"['Pellegrini', 'Circunvalacion']",2,error,,,,,,,,,,
2017,10283,2017-06-01,Jueves,1.0,,,0.0,1,Otros, ,1,0,0,0,0,1,0,,S/D,,ROSARIO,Rosario,S/D,S/D,II,S/D,S/D,S/D,S/D,S/D,S/D,S/D,S/D,S/D,S/D,S/D,S/D,S/D,S/D,S/D,S/D,,[''],0,,,,,,,,,,,
2017,10336,2017-12-18,Lunes,0.0,15:00:00,,0.0,2,"Automóvil,Automóvil", ,3,1,0,0,2,0,0,,S/D,,ROSARIO,Rosario,S/D,S/D,II,S/D,S/D,S/D,S/D,S/D,S/D,S/D,S/D,S/D,S/D,S/D,Colisión,S/D,S/D,S/D,S/D,,[''],0,,,,,,,,,,,
2017,10341,2017-10-13,Viernes,0.0,,,0.0,1,Moto/Ciclomotor, ,1,1,0,0,0,0,0,,Calle,,ROSARIO,Rosario,S/D,S/D,II,Dentro,Urbana,S/D,S/D,S/D,S/D,S/D,S/D,S/D,S/D,S/D,Caída ocupante,S/D,S/D,S/D,S/D,,[''],0,,,,,,,,,,,
2017,10378,2017-10-10,Martes,0.0,16:20:00,,0.0,2,"Automóvil,Moto/Ciclomotor",Agrelo Y Washington,2,1,0,0,1,0,0,,Calle,,ROSARIO,Rosario,Hormigón,No existe,II,Dentro,Urbana,Ninguna,No existe,Intersección,Bueno,S/D,Diurna,S/D,S/D,S/D,Colisión,S/D,Faltante,Ninguna,S/D,error,"['Agrela', 'Washington']",2,error,,,,,,,,,,
2017,10460,2017-10-23,Lunes,0.0,,,0.0,2,"Automóvil,Moto/Ciclomotor", ,2,1,0,0,1,0,0,,Calle,,ROSARIO,Rosario,S/D,S/D,II,Dentro,Urbana,S/D,S/D,S/D,S/D,S/D,S/D,S/D,S/D,S/D,Colisión,S/D,S/D,S/D,S/D,,[''],0,,,,,,,,,,,
2017,10469,2017-10-23,Lunes,0.0,,,0.0,2,"Automóvil,Moto/Ciclomotor", ,3,2,0,0,1,0,0,,Calle,,ROSARIO,Rosario,S/D,S/D,II,Dentro,Urbana,S/D,S/D,S/D,S/D,S/D,S/D,S/D,S/D,S/D,Colisión,S/D,S/D,S/D,S/D,,[''],0,,,,,,,,,,,
2017,10471,2017-10-26,Jueves,0.0,,,0.0,2,"Automóvil,Moto/Ciclomotor",Bv. 27 De Febrero Y Ricchieri,3,2,0,0,1,0,0,,Calle,,ROSARIO,Rosario,Asfalto,No existe,II,S/D,Urbana,Semáforo,S/D,Intersección,S/D,S/D,S/D,S/D,S/D,S/D,Colisión,S/D,"Horizontal,Vertical",Cordón divisorio,S/D,error,"['27 de Febrero', 'Ricchieri']",2,error,,,,,,,,,,
2017,10480,2017-10-26,Jueves,0.0,,,0.0,2,"Moto/Ciclomotor,Automóvil", ,2,1,0,0,1,0,0,,Calle,,ROSARIO,Rosario,S/D,No existe,II,S/D,Urbana,S/D,S/D,S/D,S/D,S/D,S/D,S/D,S/D,S/D,Colisión,S/D,S/D,S/D,S/D,,[''],0,,,,,,,,,,,
2017,10483,2017-11-04,Sabado,0.0,16:30:00,,0.0,2,"Moto/Ciclomotor,Automóvil", ,3,2,0,0,1,0,0,,S/D,,ROSARIO,Rosario,S/D,S/D,II,S/D,Urbana,S/D,S/D,S/D,S/D,S/D,S/D,S/D,S/D,S/D,Colisión,S/D,S/D,S/D,S/D,,[''],0,,,,,,,,,,,
2017,10491,2017-10-23,Lunes,0.0,,,0.0,3,"Taxi/Remis,Automóvil,Automóvil",Bv. Oroño 4500,4,1,0,0,3,0,0,,Avenida,,ROSARIO,Rosario,Asfalto,No existe,II,Dentro,Urbana,Semáforo,Funciona,Intersección,Bueno,Buena,Diurna,Buen Tiempo,Lateral,S/D,Colisión,S/D,Vertical,Cordón divisorio,Sin restricción,no funciono,['Nicasio Oroñoño 4500'],1,Nicasio Oroñoño 4500,,,,,,,,,,
2017,10536,2017-11-12,Domingo,0.0,19:20:00,,0.0,2,"Moto/Ciclomotor,Tracción animal / Carro",Garibaldi Y F.More,3,1,0,0,2,0,0,,Calle,,ROSARIO,Rosario,Asfalto,No existe,II,Dentro,Urbana,S/D,S/D,Intersección,S/D,S/D,Atardecer,S/D,Contra objeto fijo,S/D,Colisión,S/D,S/D,S/D,Sin restricción,error,"['José Garibaldi', 'Felipe Moré']",2,error,,,,,,,,,,
2017,10551,2017-11-15,Miercoles,0.0,,,0.0,1,Moto/Ciclomotor, ,1,1,0,0,0,0,0,,Calle,,ROSARIO,Rosario,Asfalto,No existe,II,Dentro,Urbana,S/D,S/D,Recta,S/D,S/D,S/D,S/D,S/D,S/D,Caída ocupante,S/D,S/D,Cordón divisorio,S/D,,[''],0,,,,,,,,,,,
2017,10597,2017-11-16,Jueves,0.0,,,0.0,2,"Moto/Ciclomotor,Automóvil", ,2,1,0,0,1,0,0,,Calle,,ROSARIO,Rosario,S/D,No existe,II,Dentro,Urbana,S/D,S/D,S/D,S/D,S/D,S/D,S/D,S/D,S/D,Colisión,S/D,S/D,Ninguna,S/D,,[''],0,,,,,,,,,,,
2017,10679,2017-11-29,Miercoles,0.0,,,0.0,1,Vehículo Oficial,Galicia Y Guemes,1,1,0,0,0,0,0,,S/D,,ROSARIO,Rosario,S/D,S/D,II,S/D,S/D,S/D,S/D,S/D,S/D,S/D,S/D,S/D,Contra objeto fijo,S/D,S/D,S/D,S/D,S/D,S/D,error,"['Galicia', 'Güemes']",2,error,,,,,,,,,,
2017,10872,2017-02-11,Sabado,0.0,,,0.0,2,"Moto/Ciclomotor,Otros", ,2,0,0,1,0,0,1,,S/D,,ROSARIO,Rosario,S/D,S/D,II,S/D,S/D,S/D,S/D,S/D,S/D,S/D,S/D,S/D,S/D,S/D,Colisión,S/D,S/D,S/D,S/D,,[''],0,,,,,,,,,,,
2017,10880,2017-03-24,Viernes,0.0,1:40:00,,0.0,2,"Moto/Ciclomotor,Otros", ,2,0,0,1,0,0,1,,S/D,,ROSARIO,Rosario,S/D,S/D,II,S/D,S/D,S/D,S/D,S/D,S/D,S/D,S/D,S/D,S/D,S/D,Colisión,S/D,S/D,S/D,S/D,,[''],0,,,,,,,,,,,
2017,10887,2017-06-21,Miercoles,0.0,21:00:00,,0.0,2,"Peatón,Otros",Pje. Amazonas ,2,0,0,1,0,0,1,,Calle,,ROSARIO,Rosario,S/D,S/D,II,S/D,Urbana,S/D,S/D,S/D,S/D,S/D,S/D,S/D,S/D,Peatón,Atropello,S/D,S/D,S/D,S/D,no funciono,['Pasaje Amazonas'],1,Pasaje Amazonas,,,,,,,,,,
2017,10934,2017-08-24,Jueves,0.0,19:00:00,,0.0,2,"Moto/Ciclomotor,Otros", ,2,0,0,1,0,0,1,,S/D,,ROSARIO,Rosario,S/D,S/D,II,S/D,S/D,S/D,S/D,S/D,S/D,S/D,S/D,S/D,S/D,S/D,Colisión,S/D,S/D,S/D,S/D,,[''],0,,,,,,,,,,,
2017,10935,2017-09-16,Sabado,0.0,18:00:00,,0.0,2,"Moto/Ciclomotor,Otros", ,2,0,0,1,0,0,1,,S/D,,ROSARIO,Rosario,S/D,S/D,II,S/D,S/D,S/D,S/D,S/D,S/D,S/D,S/D,S/D,S/D,S/D,Colisión,S/D,S/D,S/D,S/D,,[''],0,,,,,,,,,,,
2017,10937,2017-10-01,Domingo,0.0,4:00:00,,0.0,2,"Moto/Ciclomotor,Otros", ,2,0,0,1,0,0,1,,S/D,,ROSARIO,Rosario,S/D,S/D,II,S/D,S/D,S/D,S/D,S/D,S/D,S/D,S/D,S/D,S/D,S/D,Colisión,S/D,S/D,S/D,S/D,,[''],0,,,,,,,,,,,
2017,10946,2017-11-05,Domingo,0.0,15:00:00,,0.0,1,Automóvil, ,2,0,0,1,0,0,1,,S/D,,ROSARIO,Rosario,S/D,S/D,II,S/D,S/D,S/D,S/D,S/D,S/D,S/D,S/D,S/D,S/D,S/D,Vuelco,S/D,S/D,S/D,S/D,,[''],0,,,,,,,,,,,
2017,10949,2017-11-10,Viernes,0.0,,,0.0,2,"Automóvil,Otros", ,3,0,0,1,0,0,2,,S/D,,ROSARIO,Rosario,S/D,S/D,II,S/D,S/D,S/D,S/D,S/D,S/D,S/D,S/D,S/D,S/D,S/D,Colisión,S/D,S/D,S/D,S/D,,[''],0,,,,,,,,,,,
2017,10950,2017-12-21,Jueves,0.0,20:30:00,,0.0,2,"Automóvil,Otros", ,3,0,0,1,0,0,2,,S/D,,ROSARIO,Rosario,S/D,S/D,II,S/D,S/D,S/D,S/D,S/D,S/D,S/D,S/D,S/D,S/D,S/D,Colisión,S/D,S/D,S/D,S/D,,[''],0,,,,,,,,,,,
2017,10951,2017-12-31,Domingo,0.0,12:00:00,,0.0,2,"Automóvil,Otros", ,2,0,0,1,0,0,1,,S/D,,ROSARIO,Rosario,S/D,S/D,II,S/D,S/D,S/D,S/D,S/D,S/D,S/D,S/D,S/D,S/D,S/D,Colisión,S/D,S/D,S/D,S/D,,[''],0,,,,,,,,,,,
2017,10963,2017-04-30,Domingo,0.0,,,0.0,2,"Moto/Ciclomotor,Otros", ,2,0,1,0,0,0,1,,S/D,,ROSARIO,Rosario,S/D,S/D,II,S/D,S/D,S/D,S/D,S/D,S/D,S/D,S/D,S/D,S/D,S/D,Colisión,S/D,S/D,S/D,S/D,,[''],0,,,,,,,,,,,
2017,10975,2017-09-18,Lunes,0.0,21:00:00,,0.0,2,"Moto/Ciclomotor,Otros", ,2,0,0,1,0,0,1,,S/D,,ROSARIO,Rosario,S/D,S/D,II,S/D,S/D,S/D,S/D,S/D,S/D,S/D,S/D,S/D,S/D,S/D,Colisión,S/D,S/D,S/D,S/D,,[''],0,,,,,,,,,,,
2017,10999,2017-10-22,Domingo,0.0,12:30:00,,0.0,1,Otros, ,2,0,0,1,0,0,1,,Calle,,ROSARIO,Rosario,S/D,S/D,II,S/D,Urbana,S/D,S/D,S/D,S/D,S/D,S/D,S/D,S/D,S/D,S/D,S/D,S/D,S/D,S/D,,[''],0,,,,,,,,,,,
2017,11000,2017-03-09,Jueves,0.0,3:20:00,,0.0,2,"Moto/Ciclomotor,Otros", ,2,0,0,1,0,0,1,,S/D,,ROSARIO,Rosario,S/D,S/D,II,S/D,S/D,S/D,S/D,S/D,S/D,S/D,S/D,S/D,S/D,S/D,Colisión,S/D,S/D,S/D,S/D,,[''],0,,,,,,,,,,,
2017,11002,2017-04-09,Domingo,0.0,5:00:00,,0.0,2,"Moto/Ciclomotor,Otros",Pasco Y Av. Ovidio Lagos,2,0,0,1,0,0,1,,Calle,,ROSARIO,Rosario,S/D,S/D,II,S/D,Urbana,S/D,S/D,S/D,S/D,S/D,S/D,S/D,S/D,S/D,Colisión,S/D,S/D,S/D,S/D,error,"['Pasco', 'Avenida Ovidio Lagos']",2,error,,,,,,,,,,
2017,11030,2017-06-16,Viernes,0.0,18:15:00,,0.0,2,"Moto/Ciclomotor,Otros", ,2,0,1,0,0,0,1,,S/D,,ROSARIO,Rosario,S/D,S/D,II,S/D,S/D,S/D,S/D,S/D,S/D,S/D,S/D,S/D,S/D,S/D,Colisión,S/D,S/D,S/D,S/D,,[''],0,,,,,,,,,,,
2017,11041,2017-07-09,Domingo,0.0,7:00:00,,0.0,2,"Automóvil,Otros", ,2,0,1,0,0,0,1,,S/D,,ROSARIO,Rosario,S/D,S/D,II,S/D,S/D,S/D,S/D,S/D,S/D,S/D,S/D,S/D,S/D,S/D,Colisión,S/D,S/D,S/D,S/D,,[''],0,,,,,,,,,,,
2017,11042,2017-07-10,Lunes,0.0,1:20:00,,0.0,2,"Moto/Ciclomotor,Otros",Gral.Mosconi Y G.Carrasco,2,0,1,0,0,0,1,,Calle,,ROSARIO,Rosario,S/D,S/D,II,S/D,Urbana,S/D,S/D,S/D,S/D,S/D,S/D,S/D,S/D,S/D,Colisión,S/D,S/D,S/D,S/D,error,"['Mosconi', 'Carrasco']",2,error,,,,,,,,,,
2017,11057,2017-11-01,Miercoles,0.0,8:00:00,,0.0,2,"Moto/Ciclomotor,Otros", ,2,0,1,0,0,0,1,,S/D,,ROSARIO,Rosario,S/D,S/D,II,S/D,S/D,S/D,S/D,S/D,S/D,S/D,S/D,S/D,S/D,S/D,Colisión,S/D,S/D,S/D,S/D,,[''],0,,,,,,,,,,,
2017,11066,2017-12-12,Martes,0.0,3:00:00,,0.0,2,"Moto/Ciclomotor,Otros", ,2,0,0,1,0,0,1,,S/D,,ROSARIO,Rosario,S/D,S/D,II,S/D,S/D,S/D,S/D,S/D,S/D,S/D,S/D,S/D,S/D,S/D,Colisión,S/D,S/D,S/D,S/D,,[''],0,,,,,,,,,,,
2017,11073,2017-09-18,Lunes,0.0,19:00:00,,0.0,2,"Peatón,Otros", ,2,0,0,1,0,0,1,,S/D,,ROSARIO,Rosario,S/D,S/D,II,S/D,S/D,S/D,S/D,S/D,S/D,S/D,S/D,S/D,S/D,Peatón,Atropello,S/D,S/D,S/D,S/D,,[''],0,,,,,,,,,,,
2017,11082,2017-03-05,Domingo,0.0,19:30:00,,0.0,2,"Automóvil,Otros", ,2,0,1,0,0,0,1,,S/D,,ROSARIO,Rosario,S/D,S/D,II,S/D,S/D,S/D,S/D,S/D,S/D,S/D,S/D,S/D,S/D,S/D,Colisión,S/D,S/D,S/D,S/D,,[''],0,,,,,,,,,,,